[
	{
		"op": "addeach",
		"path": "/behaviors/1/properties/textures/0/values/-",
		"file": "toolsmith:itemtypes/handles/handle.json",
		"value": [
			"floralzonesmediterraneanregion:block/wood/debarked/populusalba",
			"floralzonesmediterraneanregion:block/wood/debarked/taxusbaccata"
		]
	},
	{
		"op": "addeach",
		"path": "/behaviors/1/properties/textures/0/values/-",
		"file": "toolsmith:itemtypes/handles/carpentedhandle.json",
		"value": [
			"floralzonesmediterraneanregion:block/wood/debarked/populusalba",
			"floralzonesmediterraneanregion:block/wood/debarked/taxusbaccata"
		]
	}
]