{
	"enabled": true,
	"code": "claybucket",
	"classByType": {
		"*-raw": "Block",
		"*": "BlockBucket",
	},
	"entityClassByType": {
		"*-fired": "Bucket"
	},
	"behaviorsByType": {
		"*-raw": [ 
			{ "name": "GroundStorable", "properties": { "layout": "SingleCenter" } },
			{ "name": "Unplaceable" },
			{ "name": "RightClickPickup" } 
		],
		"*": [
			{ "name": "Lockable" },
			{ "name": "UnstableFalling" }, 
			{ "name": "RightClickPickup" }, 
			{ "name": "MilkingContainer" }
		]
	},
	"variantgroups": [
		{ "code": "color", "states": [ "blurple", "green", "lavender", "malachite", "paleblue", "palegreen", "palered", "peach", "pink", "purple", "sunflower", "white" ] },
		{ "code": "state", "states": [ "fired", "raw" ] }
	],
	"skipVariants": [
		"*-blurple-raw",
		"*-green-raw",
		"*-pink-raw",
		"*-purple-raw"
	],
	"shape": { "base": "compatibility/block/bricklayers/empty" },
	"texturesByType": {
		"*-raw": {
			"bot": { "base": "bricklayers:block/clay/raw/{color}" },
			"bottom": { "base": "bricklayers:block/clay/raw/{color}" },
			"inner": { "base": "bricklayers:block/clay/raw/{color}" },
			"top": { "base": "bricklayers:block/clay/raw/{color}" }
		},
		"*": {
			"bot": { "base": "bricklayers:block/clay/burnt/{color}" },
			"bottom": { "base": "bricklayers:block/clay/burnt/{color}" },
			"inner": { "base": "bricklayers:block/clay/burnt/{color}" },
			"top": { "base": "bricklayers:block/clay/burnt/{color}" }
		}
	},
	"attributes": {		
		"//breakOnTriggerChanceByType": {
			"*-fired": 1
		},
		"//handbookByType": {
			"*-fired": {
				"extraSections": [
					{ "title": "bradycrudebuilding:handbooktitle-bucket-howto", "text": "bradycrudebuilding:handbooktext-bucket-desc" }
					]
			}
		},
		"liquidContainerPropsByType": {
			"*-fired": {
				"capacityLitres": 10,
				"transferSizeLitres": 1,
				"emptyShapeLoc": "shapes/compatibility/block/bricklayers/empty",
				"opaqueContentShapeLoc": "game:shapes/block/wood/bucket/contents",
				"liquidContentShapeLoc": "game:shapes/block/wood/bucket/liquidcontents",
				"liquidMaxYTranslate": 0.4375
			}
		},
		"reinforcable": true
	},
	"attributesByType": {
		"claybucket-fire-raw": {
			"beehivekiln": {
				"0": { "type": "block", "code": "bradycrudebuilding:claybucket-fire-fired" },
				"1": { "type": "block", "code": "bradycrudebuilding:claybucket-fire-fired" },
				"2": { "type": "block", "code": "bradycrudebuilding:claybucket-fire-fired" },
				"3": { "type": "block", "code": "bradycrudebuilding:claybucket-yellow-fired" }
			}
		},
		"claybucket-red-raw": {
			"beehivekiln": {
				"0": { "type": "block", "code": "bradycrudebuilding:claybucket-pink-fired" },
				"1": { "type": "block", "code": "bradycrudebuilding:claybucket-orange-fired" },
				"2": { "type": "block", "code": "bradycrudebuilding:claybucket-red-fired" },
				"3": { "type": "block", "code": "bradycrudebuilding:claybucket-brown-fired" }
			}
		},
		"claybucket-malachite-raw":{
			"beehivekiln":{
				"0": { "type": "block", "code": "bradycrudebuilding:claybucket-green-fired" },
				"1": { "type": "block", "code": "bradycrudebuilding:claybucket-malachite-fired" },
				"2": { "type": "block", "code": "bradycrudebuilding:claybucket-blurple-fired" },
				"3": { "type": "block", "code": "bradycrudebuilding:claybucket-purple-fired" }
			}
		}
	},
	"combustiblePropsByType": {
		"@.*-(lavender|paleblue|palegreen|palered|peach|sunflower|white)-raw": {
			"meltingPoint": 1350,
			"meltingDuration": 45,
			"smeltedRatio": 1,
			"smeltingType": "fire",
			"smeltedStack": { "type": "block", "code": "bradycrudebuilding:claybucket-{color}-fired" },
			"requiresContainer": false
		},
		"*-raw": {
			"meltingPoint": 950,
			"meltingDuration": 30,
			"smeltedRatio": 1,
			"smeltingType": "fire",
			"smeltedStackByType": {
				"*-fire-*":	{ "type": "block", "code": "bradycrudebuilding:claybucket-fire-fired" },
				"*-red-*": { "type": "block", "code": "bradycrudebuilding:claybucket-red-fired" },
				"*-malachite-*":{ "type": "block", "code": "bradycrudebuilding:claybucket-green-fired" }
			},
			"requiresContainer": false
		}
	},
	"//heldRightReadyAnimation": "helditemreadybucket",
	"heldTpIdleAnimation": "holdbothhandslarge",
	"heldRightReadyAnimation": "heldblockready",
	"heldTpUseAnimation": "twohandplaceblock",
	"creativeinventory": { "bradysthings": [ "*" ] },
	"sideSolidOpaqueAo": { "all": false	},
	"blockmaterial": "Ceramic",
	"replaceable": 900,
	"resistance": 1.5,
	"maxStackSize": 4,
	"liquidSelectable": 1,
	"lightAbsorption": 0,
	"sounds": {
		"walk": "game:walk/stone",
		"break": "game:block/ceramicplace",
		"hit": "game:block/ceramichit",
		"place": "game:block/ceramicplace"
	},
	"collisionSelectionBoxes": [
		{ "x1": 0.2185, "y1": 0, "z1": 0.2185, "x2": 0.7815, "y2": 0.5625, "z2": 0.7815 }
	],
	"materialDensity": 400,
	"tpHandTransform": {
		"translation": { "x": -1.17, "y": -1.12, "z": -0.66 },
		"rotation": { "x": -83, "y": 25, "z": -104 },
		"scale": 0.48
	},
	"guiTransform": {
		"origin": { "x": 0.5, "y": 0.3, "z": 0.5 },
		"scale": 1.75
	},
	"groundTransform": {
		"origin": { "x": 0.5, "y": 0, "z": 0.5 },
		"scale": 3.88
	}
}