{
  "code": "heal",
  "classByType": {
    "*-wax": "ItemPoultice"
  },
  "variantgroups": [
    { "code": "type", "states": ["wax"] }
  ],
  "shape": { "base": "pemmican:item/bandage" },
  "attributes": {
    "onDisplayTransform": {
      "origin": { "x": 0.5, "y": 0, "z": 0.5 },
      "scale": 0.75
    },
    "displaycaseable": true,
    "shelvable": true,
    "healthByType": {
      "*-wax": 8
    }
  },
  "maxstacksize": 32,
  "creativeinventory": { "general": ["*"], "items": ["*"], "Long-term food": ["*"] },
  "materialDensity": 600,
  "guiTransform": {
    "translation": { "x": 1, "y": 0, "z": 0 },
    "rotation": { "x": 120, "y": 41, "z": 7 },
    "origin": { "x": 0.5, "y": 0.11, "z": 0.5 },
    "scale": 2.55
  },
  "groundTransform": {
    "translation": { "x": 0, "y": 0, "z": 0 },
    "rotation": { "x": 180, "y": 33, "z": -180 },
    "origin": { "x": 0.5, "y": 0, "z": 0.5 },
    "scale": 3.0
  },
  "tpHandTransform": {
    "translation": { "x": 0, "y": 0, "z": 0 },
    "rotation": { "x": 79, "y": 47, "z": -2 },
    "origin": { "x": 0.16, "y": 0.05, "z": 0.08 },
    "scale": 0.44
  }
}
