{
  "code": "healingherb",
  "class": "ItemPoultice",
  "variantgroups": [{ "code": "material", "states": ["flower"] }],
  "attributes": { "health": 0.5, "displaycaseable": true, "shelvable": true, },
  "maxstacksize": 32,
  "shapeByType": {
    "*-flower": { "base": "pemmican:item/healingherb" }
  },
  "creativeinventory": {
    "general": ["*"],
    "items": ["*"],
    "Long-term food": ["*"]
  },
  "materialDensity": 600,
  "guiTransform": {
    "translation": { "x": 3, "y": 0, "z": 0 },
    "rotation": { "x": 120, "y": 41, "z": 7 },
    "origin": { "x": 0.5, "y": 0.11, "z": 0.5 },
    "scale": 2.15
  },
  "groundTransform": {
    "translation": { "x": 0, "y": 0, "z": 0 },
    "rotation": { "x": 180, "y": 33, "z": -180 },
    "origin": { "x": 0.5, "y": 0, "z": 0.5 },
    "scale": 2.5
  },
  "tpHandTransform": {
    "translation": { "x": 0, "y": 0, "z": 0.15 },
    "rotation": { "x": 57, "y": 53, "z": -39 },
    "origin": { "x": 0.16, "y": 0.05, "z": 0.08 },
    "scale": 0.44
  }
}