{
	"editor": {
		"collapsedPaths": "",
		"allAngles": true,
		"entityTextureMode": true
	},
	"textureWidth": 16,
	"textureHeight": 16,
	"textureSizes": {
		"snail_norm": [16,16],
		"snail-helix-shell": [16,16]
	},
	"textures": {

	},
	"elements": [
		{
			"name": "Origin",
			"from": [ 7.0, 0.0, 7.25 ],
			"to": [ 8.0, 1.0, 8.75 ],
			"uv": [ 0.0, 0.0 ],
			"rotationOrigin": [ 7.0, 0.0, 8.0 ],
			"faces": {
			},
			"children": [
				{
					"name": "Bod",
					"from": [ -1.5, -0.05, 0.25 ],
					"to": [ 1.25, 0.7, 1.25 ],
					"uv": [ 0.0, 5.5 ],
					"rotationOrigin": [ -0.9986, -0.0523, 0.0 ],
					"faces": {
						"north": { "texture": "#snail-helix-shell", "uv": [ 0.0, 6.5, 2.75, 7.25 ] },
						"east": { "texture": "#snail-helix-shell", "uv": [ 2.75, 6.5, 3.75, 7.25 ] },
						"south": { "texture": "#snail-helix-shell", "uv": [ 3.75, 6.5, 6.5, 7.25 ] },
						"west": { "texture": "#snail-helix-shell", "uv": [ 6.5, 6.5, 7.5, 7.25 ] },
						"up": { "texture": "#snail-helix-shell", "uv": [ 0.0, 5.5, 2.75, 6.5 ] },
						"down": { "texture": "#snail-helix-shell", "uv": [ 2.75, 5.5, 5.5, 6.5 ] }
					},
					"children": [
						{
							"name": "Eye_4",
							"from": [ 0.4986, 0.65, 0.75 ],
							"to": [ 0.7486, 1.65, 0.75 ],
							"uv": [ 8.5, 4.5 ],
							"rotationOrigin": [ 0.4986, 0.65, 0.75 ],
							"rotationX": 12.0,
							"rotationZ": 11.0,
							"faces": {
								"south": { "texture": "#snail-helix-shell", "uv": [ 8.5, 4.5, 8.75, 5.5 ] }
							}
						},
						{
							"name": "Eye_5",
							"from": [ 0.5, 0.65, 0.25 ],
							"to": [ 0.75, 1.65, 0.25 ],
							"uv": [ 8.0, 4.5 ],
							"rotationOrigin": [ 0.5, 0.75, 0.25 ],
							"rotationX": -12.0,
							"rotationZ": 11.0,
							"faces": {
								"south": { "texture": "#snail-helix-shell", "uv": [ 8.0, 4.5, 8.25, 5.5 ] }
							}
						},
						{
							"name": "tail2",
							"from": [ 2.7, 0.0, 0.15 ],
							"to": [ 3.8, 0.5, 0.9 ],
							"uv": [ 5.0, 5.75 ],
							"rotationOrigin": [ 2.2, 0.0, 0.2 ],
							"rotationZ": -3.0,
							"faces": {
								"north": { "texture": "#snail-helix-shell", "uv": [ 5.0, 6.5, 6.0, 7.0 ] },
								"east": { "texture": "#snail-helix-shell", "uv": [ 6.0, 6.5, 6.75, 7.0 ] },
								"south": { "texture": "#snail-helix-shell", "uv": [ 6.75, 6.5, 7.75, 7.0 ] },
								"west": { "texture": "#snail-helix-shell", "uv": [ 7.75, 6.5, 8.5, 7.0 ] },
								"up": { "texture": "#snail-helix-shell", "uv": [ 5.0, 5.75, 6.0, 6.5 ], "rotation": 180 },
								"down": { "texture": "#snail-helix-shell", "uv": [ 6.0, 5.75, 7.0, 6.5 ] }
							}
						}
					]
				},
				{
					"name": "SHell",
					"from": [ 0.0, 0.2, -0.05 ],
					"to": [ 2.0, 2.2, 1.45 ],
					"uv": [ 0.0, 2.0 ],
					"rotationOrigin": [ 0.0, 1.0, 0.7 ],
					"rotationX": -8.0,
					"rotationY": -6.0,
					"rotationZ": 3.0,
					"faces": {
						"north": { "texture": "#snail-helix-shell", "uv": [ 0.0, 3.5, 2.0, 5.5 ] },
						"east": { "texture": "#snail-helix-shell", "uv": [ 2.0, 3.5, 3.5, 5.5 ] },
						"south": { "texture": "#snail-helix-shell", "uv": [ 3.5, 3.5, 5.5, 5.5 ] },
						"west": { "texture": "#snail-helix-shell", "uv": [ 5.5, 3.5, 7.0, 5.5 ] },
						"up": { "texture": "#snail-helix-shell", "uv": [ 0.0, 2.0, 2.0, 3.5 ] },
						"down": { "texture": "#snail-helix-shell", "uv": [ 2.0, 2.0, 4.0, 3.5 ] }
					},
					"children": [
						{
							"name": "Edge1",
							"from": [ 0.5, 0.5, -0.2 ],
							"to": [ 1.5, 1.5, 0.0 ],
							"unwrapRotation": 1,
							"autoUnwrap": false,
							"uv": [ 0.6, 3.7 ],
							"rotationOrigin": [ 0.5, 1.3, 0.6 ],
							"rotationX": 0.0,
							"rotationY": 0.0,
							"rotationZ": 0.0,
							"faces": {
								"north": { "texture": "#snail-helix-shell", "uv": [ 0.5, 4.0, 1.5, 5.0 ] },
								"east": { "texture": "#snail-helix-shell", "uv": [ 3.75, 4.0, 4.0, 5.0 ], "windMode": [-1,-1,-1,-1] },
								"west": { "texture": "#snail-helix-shell", "uv": [ 3.0, 4.0, 3.25, 5.0 ], "windMode": [-1,-1,-1,-1] },
								"up": { "texture": "#snail-helix-shell", "uv": [ 0.5, 3.75, 1.5, 4.0 ] },
								"down": { "texture": "#snail-helix-shell", "uv": [ 1.75, 3.75, 2.75, 4.0 ] }
							}
						},
						{
							"name": "Edge2",
							"from": [ 0.5, 0.5, 1.5 ],
							"to": [ 1.5, 1.5, 1.7 ],
							"unwrapRotation": 1,
							"uv": [ 2.7, 3.7 ],
							"rotationOrigin": [ 0.5, 1.3, 2.3 ],
							"rotationX": 0.0,
							"rotationY": 0.0,
							"rotationZ": 0.0,
							"faces": {
								"east": { "texture": "#snail-helix-shell", "uv": [ 3.75, 4.0, 4.0, 5.0 ] },
								"south": { "texture": "#snail-helix-shell", "uv": [ 4.0, 4.0, 5.0, 5.0 ] },
								"west": { "texture": "#snail-helix-shell", "uv": [ 5.0, 4.0, 5.25, 5.0 ] },
								"up": { "texture": "#snail-helix-shell", "uv": [ 2.75, 3.75, 3.75, 4.0 ] },
								"down": { "texture": "#snail-helix-shell", "uv": [ 3.75, 3.75, 4.75, 4.0 ] }
							}
						}
					]
				}
			],
			"attachmentpoints": [
				{
					"code": "Center",
					"posX": "0.0","posY": "0.0","posZ": "0.0",
					"rotationX": "0.0","rotationY": "0.0","rotationZ": "0.0"
				}
			]
		}
	],
	"animations": [
		{
			"name": "Walk",
			"code": "walk",
			"quantityframes": 60,
			"onActivityStopped": "Rewind",
			"onAnimationEnd": "Repeat",
			"keyframes": [
				{
					"frame": 0,
					"elements": {
						"SHell": { "offsetX": 0.0, "offsetY": 0.0, "offsetZ": -0.1, "rotationX": 0.0, "rotationY": 11.0, "rotationZ": 3.0 },
						"Bod": { "rotationX": 0.0, "rotationY": 3.0, "rotationZ": 0.0 },
						"Eye_5": { "rotationX": 0.0, "rotationY": 0.0, "rotationZ": 11.0 },
						"Eye_4": { "rotationX": 0.0, "rotationY": 0.0, "rotationZ": 6.0 },
						"Origin": { "offsetX": 0.1, "offsetY": 0.0, "offsetZ": 0.0 }
					}
				},
				{
					"frame": 30,
					"elements": {
						"SHell": { "offsetX": 0.0, "offsetY": 0.0, "offsetZ": 0.1, "rotationX": 0.0, "rotationY": 3.0, "rotationZ": 0.0 },
						"Bod": { "rotationX": 0.0, "rotationY": -3.0, "rotationZ": 0.0 },
						"Eye_4": { "offsetX": 0.0, "offsetY": 0.0, "offsetZ": 0.0, "rotationX": 0.0, "rotationY": 0.0, "rotationZ": -11.0 },
						"Eye_5": { "offsetX": 0.0, "offsetY": 0.0, "offsetZ": 0.0, "rotationX": 0.0, "rotationY": 0.0, "rotationZ": -6.0 },
						"Origin": { "offsetX": 0.0, "offsetY": 0.0, "offsetZ": 0.0 }
					}
				}
			]
		},

		{
			"name": "Idle",
			"code": "idle",
			"quantityframes": 30,
			"onActivityStopped": "Rewind",
			"onAnimationEnd": "Repeat",
			"keyframes": [
				{
					"frame": 0,
					"elements": {
						"SHell": { "rotationX": 0.0, "rotationY": 0.0, "rotationZ": 0.0 },
						"Bod": { "offsetX": 0.0, "offsetY": 0.1, "offsetZ": 0.0, "rotationX": 0.0, "rotationY": 0.0, "rotationZ": -3.0 },
						"Eye_4": { "offsetX": 0.0, "offsetY": 0.0, "offsetZ": 0.0 },
						"Eye_5": { "offsetX": 0.0, "offsetY": -0.2, "offsetZ": 0.0 }
					}
				},
				{
					"frame": 16,
					"elements": {
						"Origin": { "rotationX": 0.0, "rotationY": 0.0, "rotationZ": -1.0 },
						"Eye_4": { "offsetX": 0.0, "offsetY": -0.2, "offsetZ": 0.0 },
						"Eye_5": { "offsetX": 0.0, "offsetY": 0.0, "offsetZ": 0.0 },
						"Bod": { "offsetX": 0.0, "offsetY": 0.0, "offsetZ": 0.0 }
					}
				},
				{
					"frame": 20,
					"elements": {
						"SHell": { "rotationX": 0.0, "rotationY": 0.0, "rotationZ": -3.0 },
						"Bod": { "rotationX": 0.0, "rotationY": 0.0, "rotationZ": 3.0 }
					}
				}
			]
		},

		{
			"name": "Sleep",
			"code": "sleep",
			"quantityframes": 60,
			"onActivityStopped": "EaseOut",
			"onAnimationEnd": "Repeat",
			"keyframes": [
				{
					"frame": 0,
					"elements": {
						"Bod": { "offsetX": 0.5, "offsetY": 0.0, "offsetZ": 0.0 },
						"Eye_5": { "offsetX": 0.0, "offsetY": -1.0, "offsetZ": 0.0 },
						"Eye_4": { "offsetX": 0.0, "offsetY": -1.0, "offsetZ": 0.0 },
						"tail2": { "offsetX": -1.0, "offsetY": 0.0, "offsetZ": 0.0 },
						"SHell": { "offsetX": 0.0, "offsetY": -0.3, "offsetZ": 0.0, "rotationX": 0.0, "rotationY": 3.0, "rotationZ": 0.0 }
					}
				}
			]
		},

		{
			"name": "Death",
			"code": "death",
			"quantityframes": 30,
			"onActivityStopped": "PlayTillEnd",
			"onAnimationEnd": "Hold",
			"keyframes": [
				{
					"frame": 0,
					"elements": {
						"SHell": { "offsetX": 0.0, "offsetY": 0.0, "offsetZ": 0.0, "rotationX": 0.0, "rotationY": 0.0, "rotationZ": 0.0 },
						"Bod": { "offsetX": 0.0, "offsetY": 0.0, "offsetZ": 0.0, "rotationX": 0.0, "rotationY": 0.0, "rotationZ": 0.0 },
						"Eye_5": { "offsetX": 0.0, "offsetY": 0.0, "offsetZ": 0.0, "rotationX": 0.0, "rotationY": 0.0, "rotationZ": 0.0 },
						"Eye_4": { "offsetX": 0.0, "offsetY": 0.0, "offsetZ": 0.0, "rotationX": 0.0, "rotationY": 0.0, "rotationZ": 0.0 }
					}
				},
				{
					"frame": 10,
					"elements": {
						"SHell": { "rotationX": -90.0, "rotationY": 0.0, "rotationZ": 0.0 },
						"Bod": { "offsetX": 0.0, "offsetY": 0.0, "offsetZ": -0.3, "rotationX": 0.0, "rotationY": -14.0, "rotationZ": 0.0 },
						"Eye_4": { "offsetX": 0.0, "offsetY": -1.0, "offsetZ": 0.0 },
						"Eye_5": { "offsetX": 0.0, "offsetY": -1.0, "offsetZ": 0.0 }
					}
				},
				{
					"frame": 29,
					"elements": {
						"SHell": { "offsetX": 0.0, "offsetY": 0.0, "offsetZ": 0.0, "rotationX": -90.0, "rotationY": 0.0, "rotationZ": 0.0 },
						"Bod": { "offsetX": 0.0, "offsetY": 0.0, "offsetZ": -0.3, "rotationX": 0.0, "rotationY": -14.0, "rotationZ": 0.0 },
						"Eye_4": { "offsetX": 0.0, "offsetY": -1.0, "offsetZ": 0.0 },
						"Eye_5": { "offsetX": 0.0, "offsetY": -1.0, "offsetZ": 0.0 }
					}
				}
			]
		},

		{
			"name": "Hurt",
			"code": "hurt",
			"quantityframes": 30,
			"onActivityStopped": "PlayTillEnd",
			"onAnimationEnd": "Stop",
			"keyframes": [
				{
					"frame": 0,
					"elements": {
						"Origin": { "offsetX": 0.2, "offsetY": 0.0, "offsetZ": 0.0, "rotationX": 0.0, "rotationY": 0.0, "rotationZ": 0.0 },
						"Bod": { "offsetX": 0.0, "offsetY": 0.0, "offsetZ": 0.0, "rotationX": 0.0, "rotationY": 0.0, "rotationZ": 0.0 },
						"Eye_4": { "offsetX": 0.0, "offsetY": 0.0, "offsetZ": 0.0 },
						"Eye_5": { "offsetX": 0.0, "offsetY": 0.0, "offsetZ": 0.0 }
					}
				},
				{
					"frame": 8,
					"elements": {
						"Origin": { "offsetX": 0.1, "offsetY": 0.0, "offsetZ": 0.0 },
						"SHell": { "offsetX": 0.0, "offsetY": 0.0, "offsetZ": 0.0, "rotationX": 0.0, "rotationY": 0.0, "rotationZ": -3.0 },
						"Bod": { "offsetX": 0.45, "offsetY": 0.0, "offsetZ": 0.0 },
						"Eye_5": { "offsetX": 0.0, "offsetY": -1.0, "offsetZ": 0.0 },
						"Eye_4": { "offsetX": 0.0, "offsetY": -1.0, "offsetZ": 0.0 }
					}
				},
				{
					"frame": 26,
					"elements": {
						"Eye_5": { "offsetX": 0.0, "offsetY": -1.0, "offsetZ": 0.0 },
						"Eye_4": { "offsetX": 0.0, "offsetY": -1.0, "offsetZ": 0.0 }
					}
				}
			]
		}
	]
}