{
	"editor": {
		"collapsedPaths": "Root/rope,Root/origin/BottomBeam-REF/BottomMid,Root/origin/TopBeam-REF,Root/haybundle,Root/origin/BottomBeam-REF",
		"allAngles": false,
		"entityTextureMode": false
	},
	"textureWidth": 16,
	"textureHeight": 16,
	"textureSizes": {
		"top": [16,16],
		"bottom": [16,16],
		"rope": [16,16],
		"bundle": [16,48]
	},
	"textures": {
		"bundle": "game:block/hay/normal-top",
		"bottom": "game:block/legacy/door/rough-bottom",
		"top": "game:block/legacy/door/rough-top"
	},
	"elements": [
		{
			"name": "origin",
			"from": [ 8.0, 0.0, 15.0 ],
			"to": [ 8.0, 0.0, 15.0 ],
			"rotationOrigin": [ 1.0, 0.0, 15.0 ],
			"faces": {
			},
			"children": [
				{
					"name": "BottomBeam-REF",
					"from": [ -7.0, 0.1, -1.0 ],
					"to": [ 7.0, 2.1, 1.0 ],
					"rotationOrigin": [ 0.0, 0.1, 0.0 ],
					"faces": {
					},
					"children": [
						{
							"name": "BottomBeamLeft",
							"from": [ -1.0, -0.1, 0.0 ],
							"to": [ 1.0, 16.0, 2.0 ],
							"rotationOrigin": [ 0.0, -0.1, 1.0 ],
							"rotationY": -45.0,
							"faces": {
								"north": { "texture": "#bottom", "uv": [ 0.0, 0.0, 2.0, 16.0 ] },
								"east": { "texture": "#bottom", "uv": [ 0.0, 0.0, 2.0, 16.0 ] },
								"south": { "texture": "#bottom", "uv": [ 0.0, 0.0, 2.0, 16.0 ] },
								"west": { "texture": "#bottom", "uv": [ 0.0, 0.0, 2.0, 16.0 ] },
								"up": { "texture": "#bottom", "uv": [ 0.0, 14.0, 2.0, 16.0 ] },
								"down": { "texture": "#bottom", "uv": [ 0.0, 14.0, 2.0, 16.0 ] }
							}
						},
						{
							"name": "BottomBeamRight",
							"from": [ 13.0, -0.1, 0.0 ],
							"to": [ 15.0, 16.0, 2.0 ],
							"rotationOrigin": [ 14.0, -0.1, 1.0 ],
							"rotationY": -45.0,
							"faces": {
								"north": { "texture": "#bottom", "uv": [ 14.0, 0.0, 16.0, 16.0 ] },
								"east": { "texture": "#bottom", "uv": [ 14.0, 0.0, 16.0, 16.0 ] },
								"south": { "texture": "#bottom", "uv": [ 14.0, 0.0, 16.0, 16.0 ] },
								"west": { "texture": "#bottom", "uv": [ 14.0, 0.0, 16.0, 16.0 ] },
								"up": { "texture": "#bottom", "uv": [ 14.0, 14.0, 16.0, 16.0 ] },
								"down": { "texture": "#bottom", "uv": [ 14.0, 14.0, 16.0, 16.0 ] }
							}
						},
						{
							"name": "BottomBeamMid",
							"from": [ 6.0, -0.1, 0.0 ],
							"to": [ 8.0, 16.0, 2.0 ],
							"rotationOrigin": [ 7.0, -0.1, 1.0 ],
							"rotationY": -45.0,
							"faces": {
								"north": { "texture": "#bottom", "uv": [ 14.0, 0.0, 16.0, 16.0 ] },
								"east": { "texture": "#bottom", "uv": [ 0.0, 0.0, 2.0, 16.0 ] },
								"south": { "texture": "#bottom", "uv": [ 14.0, 0.0, 16.0, 16.0 ] },
								"west": { "texture": "#bottom", "uv": [ 0.0, 0.0, 2.0, 16.0 ] },
								"up": { "texture": "#bottom", "uv": [ 7.0, 14.0, 9.0, 16.0 ] },
								"down": { "texture": "#bottom", "uv": [ 7.0, 14.0, 9.0, 16.0 ] }
							}
						},
						{
							"name": "BottomBeamTop",
							"from": [ 0.0, 14.9, 0.0 ],
							"to": [ 14.0, 15.9, 2.0 ],
							"rotationOrigin": [ 7.0, 14.9, 1.0 ],
							"faces": {
								"north": { "texture": "#bottom", "uv": [ 1.0, 0.0, 15.0, 1.0 ] },
								"south": { "texture": "#bottom", "uv": [ 1.0, 0.0, 15.0, 1.0 ] },
								"up": { "texture": "#bottom", "uv": [ 1.0, 14.0, 15.0, 16.0 ] },
								"down": { "texture": "#bottom", "uv": [ 1.0, 14.0, 15.0, 16.0 ] }
							}
						},
						{
							"name": "BottomMid",
							"from": [ 1.0, 2.0, 0.5 ],
							"to": [ 13.0, 15.0, 1.5 ],
							"rotationOrigin": [ 7.0, 2.0, 1.0 ],
							"faces": {
							},
							"children": [
								{
									"name": "L1",
									"from": [ -0.5, 1.4, 0.0 ],
									"to": [ 5.5, 2.4, 1.0 ],
									"rotationOrigin": [ -0.5, 1.9, 0.5 ],
									"rotationX": -15.0,
									"rotationZ": 4.0,
									"faces": {
										"north": { "texture": "#top", "uv": [ 8.0, 12.0, 14.0, 13.0 ] },
										"south": { "texture": "#top", "uv": [ 2.0, 12.0, 8.0, 13.0 ] },
										"up": { "texture": "#top", "uv": [ 2.0, 12.0, 8.0, 13.0 ] },
										"down": { "texture": "#top", "uv": [ 2.0, 13.0, 8.0, 14.0 ] }
									}
								},
								{
									"name": "L4",
									"from": [ -0.5, 5.5, 0.0 ],
									"to": [ 5.5, 6.5, 1.0 ],
									"rotationOrigin": [ -0.5, 6.0, 0.5 ],
									"rotationX": 44.0,
									"rotationZ": 3.0,
									"faces": {
										"north": { "texture": "#top", "uv": [ 8.0, 9.0, 14.0, 10.0 ] },
										"south": { "texture": "#top", "uv": [ 2.0, 3.5, 8.0, 4.5 ] },
										"up": { "texture": "#top", "uv": [ 2.0, 2.0, 8.0, 3.0 ] },
										"down": { "texture": "#top", "uv": [ 2.0, 5.0, 8.0, 6.0 ] }
									}
								},
								{
									"name": "R2",
									"from": [ 6.5, 2.8, 0.0 ],
									"to": [ 12.5, 3.8, 1.0 ],
									"rotationOrigin": [ 12.6, 3.3, 0.5 ],
									"rotationX": -30.0,
									"rotationY": 1.0,
									"rotationZ": 5.0,
									"faces": {
										"north": { "texture": "#top", "uv": [ 1.5, 12.0, 7.5, 13.0 ] },
										"south": { "texture": "#top", "uv": [ 8.0, 12.0, 14.0, 13.0 ] },
										"up": { "texture": "#top", "uv": [ 8.5, 12.0, 14.5, 13.0 ] },
										"down": { "texture": "#top", "uv": [ 8.0, 13.0, 14.0, 14.0 ] }
									}
								},
								{
									"name": "R4",
									"from": [ 6.5, 5.8, 0.0 ],
									"to": [ 12.5, 6.8, 1.0 ],
									"rotationOrigin": [ 12.5, 6.3, 0.5 ],
									"rotationX": -14.0,
									"rotationZ": -4.0,
									"faces": {
										"north": { "texture": "#top", "uv": [ 2.0, 11.0, 8.0, 12.0 ] },
										"south": { "texture": "#top", "uv": [ 8.0, 11.0, 14.0, 12.0 ] },
										"up": { "texture": "#top", "uv": [ 8.0, 12.0, 14.0, 13.0 ] },
										"down": { "texture": "#top", "uv": [ 8.0, 13.0, 14.0, 14.0 ] }
									}
								},
								{
									"name": "R3",
									"from": [ 6.5, 4.3, 0.0 ],
									"to": [ 12.5, 5.3, 1.0 ],
									"rotationOrigin": [ 12.5, 4.8, 0.5 ],
									"rotationX": -45.0,
									"rotationZ": 2.0,
									"faces": {
										"north": { "texture": "#top", "uv": [ 2.0, 11.0, 8.0, 12.0 ] },
										"south": { "texture": "#top", "uv": [ 8.0, 11.0, 14.0, 12.0 ] },
										"up": { "texture": "#top", "uv": [ 8.0, 12.0, 14.0, 13.0 ] },
										"down": { "texture": "#top", "uv": [ 8.0, 13.0, 14.0, 14.0 ] }
									}
								},
								{
									"name": "R6",
									"from": [ 6.5, 8.5, 0.0 ],
									"to": [ 12.5, 9.5, 1.0 ],
									"rotationOrigin": [ 12.5, 9.0, 0.5 ],
									"rotationX": -40.0,
									"rotationY": -4.0,
									"rotationZ": 4.0,
									"faces": {
										"north": { "texture": "#top", "uv": [ 2.0, 11.0, 8.0, 12.0 ] },
										"south": { "texture": "#top", "uv": [ 8.0, 11.0, 14.0, 12.0 ] },
										"up": { "texture": "#top", "uv": [ 8.0, 12.0, 14.0, 13.0 ] },
										"down": { "texture": "#top", "uv": [ 8.0, 13.0, 14.0, 14.0 ] }
									}
								},
								{
									"name": "R7",
									"from": [ 6.5, 10.0, 0.0 ],
									"to": [ 12.5, 11.0, 1.0 ],
									"rotationOrigin": [ 12.5, 10.5, 0.5 ],
									"rotationX": -25.0,
									"rotationZ": 2.0,
									"faces": {
										"north": { "texture": "#top", "uv": [ 2.0, 11.0, 8.0, 12.0 ] },
										"south": { "texture": "#top", "uv": [ 8.0, 11.0, 14.0, 12.0 ] },
										"up": { "texture": "#top", "uv": [ 8.0, 12.0, 14.0, 13.0 ] },
										"down": { "texture": "#top", "uv": [ 8.0, 13.0, 14.0, 14.0 ] }
									}
								},
								{
									"name": "R8",
									"from": [ 6.5, 11.5, 0.0 ],
									"to": [ 12.5, 12.5, 1.0 ],
									"rotationOrigin": [ 12.5, 12.0, 0.5 ],
									"rotationX": -16.0,
									"rotationZ": -4.0,
									"faces": {
										"north": { "texture": "#top", "uv": [ 2.0, 11.0, 8.0, 12.0 ] },
										"south": { "texture": "#top", "uv": [ 8.0, 11.0, 14.0, 12.0 ] },
										"up": { "texture": "#top", "uv": [ 8.0, 12.0, 14.0, 13.0 ] },
										"down": { "texture": "#top", "uv": [ 8.0, 13.0, 14.0, 14.0 ] }
									}
								},
								{
									"name": "L2",
									"from": [ -0.5, 3.0, 0.0 ],
									"to": [ 5.5, 4.0, 1.0 ],
									"rotationOrigin": [ -0.5, 3.5, 0.5 ],
									"rotationX": -41.0,
									"rotationY": 3.0,
									"faces": {
										"north": { "texture": "#top", "uv": [ 8.0, 12.0, 14.0, 13.0 ] },
										"south": { "texture": "#top", "uv": [ 2.0, 12.0, 8.0, 13.0 ] },
										"up": { "texture": "#top", "uv": [ 2.0, 12.0, 8.0, 13.0 ] },
										"down": { "texture": "#top", "uv": [ 2.0, 13.0, 8.0, 14.0 ] }
									}
								},
								{
									"name": "L5",
									"from": [ -0.5, 7.1, 0.0 ],
									"to": [ 5.5, 8.1, 1.0 ],
									"rotationOrigin": [ -0.5, 7.6, 0.5 ],
									"rotationX": 30.0,
									"rotationY": 2.0,
									"rotationZ": 3.0,
									"faces": {
										"north": { "texture": "#top", "uv": [ 8.0, 9.0, 14.0, 10.0 ] },
										"south": { "texture": "#top", "uv": [ 2.0, 3.5, 8.0, 4.5 ] },
										"up": { "texture": "#top", "uv": [ 2.0, 2.0, 8.0, 3.0 ] },
										"down": { "texture": "#top", "uv": [ 2.0, 6.0, 8.0, 7.0 ] }
									}
								},
								{
									"name": "L6",
									"from": [ -0.5, 8.6, 0.0 ],
									"to": [ 5.5, 9.6, 1.0 ],
									"rotationOrigin": [ -0.5, 9.1, 0.5 ],
									"rotationX": 22.5,
									"rotationY": -4.0,
									"rotationZ": -8.0,
									"faces": {
										"north": { "texture": "#top", "uv": [ 8.0, 9.0, 14.0, 10.0 ] },
										"south": { "texture": "#top", "uv": [ 2.0, 7.5, 8.0, 8.5 ] },
										"up": { "texture": "#top", "uv": [ 2.0, 4.0, 8.0, 5.0 ] },
										"down": { "texture": "#top", "uv": [ 2.0, 8.0, 8.0, 9.0 ] }
									}
								},
								{
									"name": "L7",
									"from": [ -0.5, 10.0, 0.0 ],
									"to": [ 5.5, 11.0, 1.0 ],
									"rotationOrigin": [ -0.5, 10.5, 0.5 ],
									"rotationX": 20.0,
									"rotationZ": 1.0,
									"faces": {
										"north": { "texture": "#top", "uv": [ 8.0, 9.0, 14.0, 10.0 ] },
										"south": { "texture": "#top", "uv": [ 2.0, 4.5, 8.0, 5.5 ] },
										"up": { "texture": "#top", "uv": [ 2.0, 2.0, 8.0, 3.0 ] },
										"down": { "texture": "#top", "uv": [ 2.0, 4.0, 8.0, 5.0 ] }
									}
								},
								{
									"name": "L8",
									"from": [ -0.5, 11.6, 0.0 ],
									"to": [ 5.5, 12.6, 1.0 ],
									"rotationOrigin": [ -0.5, 12.1, 0.5 ],
									"rotationX": 45.0,
									"faces": {
										"north": { "texture": "#top", "uv": [ 8.0, 9.0, 14.0, 10.0 ] },
										"south": { "texture": "#top", "uv": [ 2.0, 6.5, 8.0, 7.5 ] },
										"up": { "texture": "#top", "uv": [ 2.0, 8.0, 8.0, 9.0 ] },
										"down": { "texture": "#top", "uv": [ 2.0, 6.0, 8.0, 7.0 ] }
									}
								}
							]
						},
						{
							"name": "BottomBeam",
							"from": [ 0.0, 0.8, 0.0 ],
							"to": [ 14.0, 2.8, 2.0 ],
							"rotationOrigin": [ 7.0, 1.8, 1.0 ],
							"rotationX": 45.0,
							"faces": {
								"north": { "texture": "#top", "uv": [ 1.0, 0.0, 15.0, 2.0 ] },
								"east": { "texture": "#top", "uv": [ 14.0, 0.0, 16.0, 2.0 ] },
								"south": { "texture": "#top", "uv": [ 1.0, 0.0, 15.0, 2.0 ] },
								"west": { "texture": "#top", "uv": [ 0.0, 0.0, 2.0, 2.0 ] },
								"up": { "texture": "#top", "uv": [ 1.0, 0.0, 15.0, 2.0 ] },
								"down": { "texture": "#top", "uv": [ 1.0, 0.0, 15.0, 2.0 ] }
							}
						}
					]
				},
				{
					"name": "TopBeam-REF",
					"from": [ -8.0, 29.9, -1.0 ],
					"to": [ 8.0, 31.9, 1.0 ],
					"rotationOrigin": [ 0.0, 30.9, 0.0 ],
					"faces": {
					},
					"children": [
						{
							"name": "TopBeamLeft",
							"from": [ 0.0, -13.8, 0.0 ],
							"to": [ 2.0, 2.2, 2.0 ],
							"rotationOrigin": [ 1.0, -13.8, 1.0 ],
							"rotationY": -45.0,
							"faces": {
								"north": { "texture": "#top", "uv": [ 0.0, 0.0, 2.0, 16.0 ] },
								"east": { "texture": "#top", "uv": [ 0.0, 0.0, 2.0, 16.0 ] },
								"south": { "texture": "#top", "uv": [ 0.0, 0.0, 2.0, 16.0 ] },
								"west": { "texture": "#top", "uv": [ 0.0, 0.0, 2.0, 16.0 ] },
								"up": { "texture": "#top", "uv": [ 0.0, 0.0, 2.0, 2.0 ] },
								"down": { "texture": "#top", "uv": [ 0.0, 0.0, 2.0, 2.0 ] }
							}
						},
						{
							"name": "TopBeamRight",
							"from": [ 14.0, -13.8, 0.0 ],
							"to": [ 16.0, 2.2, 2.0 ],
							"rotationOrigin": [ 15.0, -13.8, 1.0 ],
							"rotationY": -45.0,
							"faces": {
								"north": { "texture": "#top", "uv": [ 14.0, 0.0, 16.0, 16.0 ] },
								"east": { "texture": "#top", "uv": [ 14.0, 0.0, 16.0, 16.0 ] },
								"south": { "texture": "#top", "uv": [ 14.0, 0.0, 16.0, 16.0 ] },
								"west": { "texture": "#top", "uv": [ 14.0, 0.0, 16.0, 16.0 ] },
								"up": { "texture": "#top", "uv": [ 14.0, 0.0, 16.0, 2.0 ] },
								"down": { "texture": "#top", "uv": [ 14.0, 0.0, 16.0, 2.0 ] }
							}
						},
						{
							"name": "TopBeamMid",
							"from": [ 7.0, -13.8, 0.0 ],
							"to": [ 9.0, 2.2, 2.0 ],
							"rotationOrigin": [ 8.0, -13.8, 1.0 ],
							"rotationY": -45.0,
							"faces": {
								"north": { "texture": "#top", "uv": [ 14.0, 0.0, 16.0, 16.0 ] },
								"east": { "texture": "#top", "uv": [ 14.0, 0.0, 16.0, 16.0 ] },
								"south": { "texture": "#top", "uv": [ 14.0, 0.0, 16.0, 16.0 ] },
								"west": { "texture": "#top", "uv": [ 14.0, 0.0, 16.0, 16.0 ] },
								"up": { "texture": "#top", "uv": [ 7.0, 0.0, 9.0, 2.0 ] },
								"down": { "texture": "#top", "uv": [ 7.0, 0.0, 9.0, 2.0 ] }
							}
						},
						{
							"name": "TopBeamBottom",
							"from": [ 1.0, -13.9, 0.0 ],
							"to": [ 15.0, -12.9, 2.0 ],
							"rotationOrigin": [ 8.0, -13.9, 1.0 ],
							"faces": {
								"north": { "texture": "#top", "uv": [ 1.0, 15.0, 15.0, 16.0 ] },
								"south": { "texture": "#top", "uv": [ 1.0, 15.0, 15.0, 16.0 ] },
								"up": { "texture": "#top", "uv": [ 1.0, 0.0, 15.0, 2.0 ] },
								"down": { "texture": "#top", "uv": [ 1.0, 0.0, 15.0, 2.0 ] }
							}
						},
						{
							"name": "TopMid",
							"from": [ 1.9, -12.9, 0.5 ],
							"to": [ 14.1, 0.1, 1.5 ],
							"rotationOrigin": [ 7.9, -12.9, 1.0 ],
							"faces": {
							},
							"children": [
								{
									"name": "L9",
									"from": [ -0.3, 0.4, 0.0 ],
									"to": [ 5.4, 1.4, 1.0 ],
									"rotationOrigin": [ -0.3, 0.8, 0.5 ],
									"rotationX": 45.0,
									"rotationY": 3.0,
									"rotationZ": -2.0,
									"faces": {
										"north": { "texture": "#top", "uv": [ 8.5, 13.0, 14.0, 14.0 ] },
										"south": { "texture": "#top", "uv": [ 1.5, 12.0, 7.0, 13.0 ] },
										"up": { "texture": "#top", "uv": [ 1.5, 12.0, 7.0, 13.0 ] },
										"down": { "texture": "#top", "uv": [ 2.0, 12.0, 7.5, 13.0 ] }
									}
								},
								{
									"name": "L15",
									"from": [ -0.4, 9.6, 0.0 ],
									"to": [ 6.0, 10.6, 1.0 ],
									"rotationOrigin": [ -0.4, 10.1, 0.5 ],
									"rotationX": -45.0,
									"rotationZ": 5.0,
									"faces": {
										"north": { "texture": "#top", "uv": [ 8.0, 13.0, 14.0, 14.0 ] },
										"south": { "texture": "#top", "uv": [ 2.0, 12.0, 8.0, 13.0 ] },
										"up": { "texture": "#top", "uv": [ 2.0, 12.0, 8.0, 13.0 ] },
										"down": { "texture": "#top", "uv": [ 2.5, 12.0, 8.5, 13.0 ] }
									}
								},
								{
									"name": "R9",
									"from": [ 6.6, 0.3, 0.0 ],
									"to": [ 12.7, 1.3, 1.0 ],
									"rotationOrigin": [ 12.6, 0.7, 0.5 ],
									"rotationX": -40.0,
									"rotationZ": -6.0,
									"faces": {
										"north": { "texture": "#top", "uv": [ 2.0, 13.0, 8.0, 14.0 ] },
										"south": { "texture": "#top", "uv": [ 8.0, 12.0, 14.0, 13.0 ] },
										"up": { "texture": "#top", "uv": [ 2.0, 12.0, 8.0, 13.0 ] },
										"down": { "texture": "#top", "uv": [ 2.5, 12.0, 8.5, 13.0 ] }
									}
								},
								{
									"name": "R11",
									"from": [ 6.6, 2.8, 0.0 ],
									"to": [ 12.7, 3.8, 1.0 ],
									"rotationOrigin": [ 12.6, 3.2, 0.5 ],
									"rotationX": -24.0,
									"rotationY": 1.0,
									"faces": {
										"north": { "texture": "#top", "uv": [ 2.0, 13.0, 8.0, 14.0 ] },
										"south": { "texture": "#top", "uv": [ 8.0, 12.0, 14.0, 13.0 ] },
										"up": { "texture": "#top", "uv": [ 2.0, 12.0, 8.0, 13.0 ] },
										"down": { "texture": "#top", "uv": [ 2.5, 12.0, 8.5, 13.0 ] }
									}
								},
								{
									"name": "R12",
									"from": [ 6.6, 4.4, 0.0 ],
									"to": [ 12.7, 5.4, 1.0 ],
									"rotationOrigin": [ 12.6, 4.8, 0.5 ],
									"rotationX": -45.0,
									"faces": {
										"north": { "texture": "#top", "uv": [ 2.0, 12.0, 8.0, 13.0 ] },
										"south": { "texture": "#top", "uv": [ 8.0, 10.0, 14.0, 11.0 ] },
										"up": { "texture": "#top", "uv": [ 2.0, 10.0, 8.0, 11.0 ] },
										"down": { "texture": "#top", "uv": [ 2.5, 10.0, 8.5, 11.0 ] }
									}
								},
								{
									"name": "R13",
									"from": [ 6.6, 5.9, 0.0 ],
									"to": [ 12.7, 6.9, 1.0 ],
									"rotationOrigin": [ 12.6, 6.3, 0.5 ],
									"rotationX": -34.0,
									"rotationY": 3.0,
									"faces": {
										"north": { "texture": "#top", "uv": [ 2.0, 12.0, 8.0, 13.0 ] },
										"south": { "texture": "#top", "uv": [ 8.0, 10.0, 14.0, 11.0 ] },
										"up": { "texture": "#top", "uv": [ 2.0, 10.0, 8.0, 11.0 ] },
										"down": { "texture": "#top", "uv": [ 2.5, 10.0, 8.5, 11.0 ] }
									}
								},
								{
									"name": "R14",
									"from": [ 6.6, 7.3, 0.0 ],
									"to": [ 12.7, 8.3, 1.0 ],
									"rotationOrigin": [ 12.6, 7.7, 0.5 ],
									"rotationX": -42.0,
									"rotationZ": 3.0,
									"faces": {
										"north": { "texture": "#top", "uv": [ 2.0, 12.0, 8.0, 13.0 ] },
										"south": { "texture": "#top", "uv": [ 8.0, 10.0, 14.0, 11.0 ] },
										"up": { "texture": "#top", "uv": [ 2.0, 10.0, 8.0, 11.0 ] },
										"down": { "texture": "#top", "uv": [ 2.5, 10.0, 8.5, 11.0 ] }
									}
								},
								{
									"name": "R15",
									"from": [ 6.6, 8.8, 0.0 ],
									"to": [ 12.7, 9.8, 1.0 ],
									"rotationOrigin": [ 12.6, 9.2, 0.5 ],
									"rotationX": -33.0,
									"rotationY": 4.0,
									"rotationZ": -1.0,
									"faces": {
										"north": { "texture": "#top", "uv": [ 2.0, 12.0, 8.0, 13.0 ] },
										"south": { "texture": "#top", "uv": [ 8.0, 10.0, 14.0, 11.0 ] },
										"up": { "texture": "#top", "uv": [ 2.0, 10.0, 8.0, 11.0 ] },
										"down": { "texture": "#top", "uv": [ 2.5, 10.0, 8.5, 11.0 ] }
									}
								},
								{
									"name": "R16",
									"from": [ 6.6, 10.3, 0.0 ],
									"to": [ 12.7, 11.3, 1.0 ],
									"rotationOrigin": [ 12.6, 10.7, 0.5 ],
									"rotationX": -41.0,
									"rotationY": -2.0,
									"rotationZ": -4.0,
									"faces": {
										"north": { "texture": "#top", "uv": [ 2.0, 12.0, 8.0, 13.0 ] },
										"south": { "texture": "#top", "uv": [ 8.0, 10.0, 14.0, 11.0 ] },
										"up": { "texture": "#top", "uv": [ 2.0, 10.0, 8.0, 11.0 ] },
										"down": { "texture": "#top", "uv": [ 2.5, 10.0, 8.5, 11.0 ] }
									}
								},
								{
									"name": "L10",
									"from": [ -0.3, 2.0, 0.0 ],
									"to": [ 5.4, 3.0, 1.0 ],
									"rotationOrigin": [ -0.3, 2.4, 0.5 ],
									"rotationX": 35.0,
									"rotationZ": -2.0,
									"faces": {
										"north": { "texture": "#top", "uv": [ 8.5, 13.0, 14.0, 14.0 ] },
										"south": { "texture": "#top", "uv": [ 1.5, 12.0, 7.0, 13.0 ] },
										"up": { "texture": "#top", "uv": [ 1.5, 12.0, 7.0, 13.0 ] }
									}
								},
								{
									"name": "L11",
									"from": [ -0.3, 3.5, 0.0 ],
									"to": [ 5.4, 4.5, 1.0 ],
									"rotationOrigin": [ -0.3, 3.9, 0.5 ],
									"rotationX": 45.0,
									"rotationY": -3.0,
									"faces": {
										"north": { "texture": "#top", "uv": [ 8.5, 13.0, 14.0, 14.0 ] },
										"south": { "texture": "#top", "uv": [ 1.5, 12.0, 7.0, 13.0 ] },
										"up": { "texture": "#top", "uv": [ 1.5, 12.0, 7.0, 13.0 ] }
									}
								},
								{
									"name": "L13",
									"from": [ -0.3, 6.4, 0.0 ],
									"to": [ 5.4, 7.4, 1.0 ],
									"rotationOrigin": [ -0.3, 6.8, 0.5 ],
									"rotationX": -41.0,
									"rotationY": 6.0,
									"rotationZ": -8.0,
									"faces": {
										"north": { "texture": "#top", "uv": [ 8.5, 13.0, 14.0, 14.0 ] },
										"south": { "texture": "#top", "uv": [ 1.5, 12.0, 7.0, 13.0 ] },
										"up": { "texture": "#top", "uv": [ 1.5, 12.0, 7.0, 13.0 ] },
										"down": { "texture": "#top", "uv": [ 2.0, 12.0, 7.5, 13.0 ] }
									}
								},
								{
									"name": "L14",
									"from": [ -0.3, 7.9, 0.0 ],
									"to": [ 5.4, 8.9, 1.0 ],
									"rotationOrigin": [ -0.3, 8.3, 0.5 ],
									"rotationX": -20.0,
									"faces": {
										"north": { "texture": "#top", "uv": [ 8.5, 13.0, 14.0, 14.0 ] },
										"south": { "texture": "#top", "uv": [ 1.5, 12.0, 7.0, 13.0 ] },
										"up": { "texture": "#top", "uv": [ 1.5, 12.0, 7.0, 13.0 ] }
									}
								}
							]
						},
						{
							"name": "TopBeam",
							"from": [ 1.0, -1.0, 0.0 ],
							"to": [ 15.0, 1.0, 2.0 ],
							"rotationOrigin": [ 8.0, 0.0, 1.0 ],
							"rotationX": -45.0,
							"faces": {
								"north": { "texture": "#top", "uv": [ 1.0, 0.0, 15.0, 2.0 ] },
								"east": { "texture": "#top", "uv": [ 14.0, 0.0, 16.0, 2.0 ] },
								"south": { "texture": "#top", "uv": [ 1.0, 0.0, 15.0, 2.0 ] },
								"west": { "texture": "#top", "uv": [ 0.0, 0.0, 2.0, 2.0 ] },
								"up": { "texture": "#top", "uv": [ 1.0, 0.0, 15.0, 2.0 ] },
								"down": { "texture": "#top", "uv": [ 1.0, 0.0, 15.0, 2.0 ] }
							}
						}
					]
				},
				{
					"name": "straw",
					"stepParentName": "origin",
					"from": [ -6.0, 0.05, -0.15 ],
					"to": [ 6.0, 32.05, 0.15 ],
					"rotationOrigin": [ -14.0, 0.0, -2.2 ],
					"faces": {
						"north": { "texture": "#bundle", "uv": [ 0.0, 0.0, 16.0, 48.0 ], "autoUv": false },
						"east": { "texture": "#bundle", "uv": [ 0.0, 0.0, 1.0, 32.0 ], "autoUv": false, "windMode": [-1,-1,-1,-1], "windData": [0,1,1,0] },
						"south": { "texture": "#bundle", "uv": [ 0.0, 0.0, 16.0, 48.0 ], "autoUv": false, "windMode": [-1,-1,-1,-1], "windData": [0,0,1,1] },
						"west": { "texture": "#bundle", "uv": [ 0.0, 0.0, 1.0, 32.0 ], "autoUv": false, "windMode": [-1,-1,-1,-1], "windData": [0,0,1,1] },
						"up": { "texture": "#bundle", "uv": [ 0.0, 0.0, 16.0, 1.0 ], "autoUv": false },
						"down": { "texture": "#bundle", "uv": [ 0.0, 47.0, 16.0, 48.0 ], "autoUv": false, "windMode": [-1,-1,-1,-1] }
					},
					"children": [
						{
							"name": "detail",
							"from": [ -0.9, 5.8, -0.45 ],
							"to": [ 3.1, 6.05, -0.2 ],
							"rotationOrigin": [ 3.1, 6.3, 0.05 ],
							"rotationX": -67.5,
							"rotationZ": -15.0,
							"faces": {
								"north": { "texture": "#bundle", "uv": [ 3.0, 1.5, 4.5, 4.5 ], "rotation": 90 },
								"south": { "texture": "#bundle", "uv": [ 0.0, 1.5, 1.5, 4.5 ], "rotation": 270 },
								"up": { "texture": "#bundle", "uv": [ 2.0, 1.5, 3.5, 4.5 ], "rotation": 270 },
								"down": { "texture": "#bundle", "uv": [ 2.0, 1.5, 3.5, 4.5 ], "rotation": 90 }
							},
							"children": [
								{
									"name": "detail2",
									"from": [ 0.2, 6.6, 15.2 ],
									"to": [ 4.2, 6.85, 15.45 ],
									"rotationOrigin": [ 4.2, 7.0, 15.7 ],
									"rotationY": 2.0,
									"rotationZ": 30.0,
									"faces": {
										"north": { "texture": "#bundle", "uv": [ 3.0, 1.5, 4.5, 4.5 ], "rotation": 90 },
										"south": { "texture": "#bundle", "uv": [ 0.0, 1.5, 1.5, 4.5 ], "rotation": 270 },
										"up": { "texture": "#bundle", "uv": [ 2.0, 1.5, 3.5, 4.5 ], "rotation": 270 },
										"down": { "texture": "#bundle", "uv": [ 2.0, 1.5, 3.5, 4.5 ], "rotation": 90 }
									}
								}
							]
						}
					]
				}
			]
		}
	],
	"animations": [
		{
			"name": "opened",
			"code": "opened",
			"quantityframes": 2,
			"onActivityStopped": "Rewind",
			"onAnimationEnd": "Repeat",
			"keyframes": [
				{
					"frame": 0,
					"elements": {
						"origin": { "rotationX": 0.0, "rotationY": 90.0, "rotationZ": 0.0 },
						"straw": { "offsetX": 0.0, "offsetY": 0.0, "offsetZ": 0.0, "rotationX": 0.0, "rotationY": 0.0, "rotationZ": 0.0 }
					}
				}
			]
		}
	]
}