{
  "textureWidth":16,
  "textureHeight":16,
  "textures":{
    "wood":"game:block/wood/debarked/oak"
  },
  "textureSizes":{
    "wood":[
      32,
      32
    ]
  },
  "elements":[
    {
      "name":"origin",
      "from":[
        11.35850477218628,
        0.493141233921051,
        8.155803859233856
      ],
      "to":[
        11.35850477218628,
        0.493141233921051,
        8.155803859233856
      ],
      "rotationOrigin":[
        8.0,
        0.0,
        8.0
      ],
      "group":"Fine",
      "faces":{
        "north":{
          "texture":"#0",
          "uv":[
            0,
            0,
            4,
            4
          ],
          "autoUv":false
        },
        "east":{
          "texture":"#0",
          "uv":[
            0,
            0,
            4,
            4
          ],
          "autoUv":false
        },
        "south":{
          "texture":"#0",
          "uv":[
            0,
            0,
            4,
            4
          ],
          "autoUv":false
        },
        "west":{
          "texture":"#0",
          "uv":[
            0,
            0,
            4,
            4
          ],
          "autoUv":false
        },
        "up":{
          "texture":"#wood",
          "uv":[
            0.0,
            0.0,
            1.0,
            1.0
          ],
          "autoUv":false,
          "rotation":180
        },
        "down":{
          "texture":"#0",
          "uv":[
            0,
            0,
            4,
            4
          ],
          "autoUv":false
        }
      },
      "children":[
        {
          "name":"handle_fine 01",
          "from":[
            -9.22336483001709,
            -0.608503520488739,
            -0.7606735229492188
          ],
          "to":[
            4.102046966552734,
            1.0414965748786926,
            0.33932650089263916
          ],
          "rotationOrigin":[
            -2.5606589317321777,
            0.2164965271949768,
            -0.2106735110282898
          ],
          "group":"Fine",
          "faces":{
            "north":{
              "texture":"#wood",
              "uv":[
                12.0,
                26.0,
                20.0,
                32.0
              ],
              "autoUv":false,
              "rotation":270
            },
            "east":{
              "texture":"#wood",
              "uv":[
                1.0,
                1.0,
                3.0,
                4.0
              ],
              "autoUv":false
            },
            "south":{
              "texture":"#wood",
              "uv":[
                12.0,
                8.0,
                20.0,
                14.0570068359375
              ],
              "autoUv":false,
              "rotation":270
            },
            "west":{
              "texture":"#wood",
              "uv":[
                12.0,
                0.0,
                20.0,
                8.0
              ],
              "autoUv":false,
              "rotation":270
            },
            "up":{
              "texture":"#wood",
              "uv":[
                0.0,
                10.0,
                24.0,
                12.0
              ],
              "autoUv":false
            },
            "down":{
              "texture":"#wood",
              "uv":[
                32.0,
                18.0,
                8.0,
                16.0
              ],
              "autoUv":false,
              "rotation":180
            }
          },
          "children":[]
        },
        {
          "name":"handle_fine 02",
          "from":[
            -13.623364210128784,
            -0.608503520488739,
            -0.7606735229492188
          ],
          "to":[
            -9.223364114761353,
            1.0414965748786926,
            0.33932650089263916
          ],
          "rotationOrigin":[
            -11.423364162445068,
            0.2164965271949768,
            -0.2106735110282898
          ],
          "group":"Fine",
          "faces":{
            "north":{
              "texture":"#wood",
              "uv":[
                12.0,
                24.0,
                20.0,
                32.0
              ],
              "autoUv":false,
              "rotation":270
            },
            "east":{
              "texture":"#wood",
              "uv":[
                12.0,
                16.0,
                20.0,
                24.0
              ],
              "autoUv":false,
              "rotation":270
            },
            "south":{
              "texture":"#wood",
              "uv":[
                12.0,
                8.0,
                20.0,
                16.0
              ],
              "autoUv":false,
              "rotation":270
            },
            "west":{
              "texture":"#wood",
              "uv":[
                28.0,
                20.0,
                30.0,
                23.0
              ],
              "autoUv":false
            },
            "up":{
              "texture":"#wood",
              "uv":[
                2.0,
                18.0,
                10.0,
                20.0
              ],
              "autoUv":false
            },
            "down":{
              "texture":"#wood",
              "uv":[
                30.0,
                20.0,
                22.0,
                18.0
              ],
              "autoUv":false,
              "rotation":180
            }
          },
          "children":[]
        },
        {
          "name":"handle_fine 03",
          "from":[
            -9.223363399505615,
            -0.33350348472595215,
            -1.035673514008522
          ],
          "to":[
            4.198130130767822,
            0.7664965391159058,
            -0.7606735080480576
          ],
          "rotationOrigin":[
            -2.5126166343688965,
            0.2164965271949768,
            -0.8981735110282898
          ],
          "group":"Fine",
          "faces":{
            "north":{
              "texture":"#wood",
              "uv":[
                8.0,
                13.0,
                32.0,
                15.0
              ],
              "autoUv":false
            },
            "east":{
              "texture":"#wood",
              "uv":[
                1.0,
                1.0,
                2.0,
                3.0
              ],
              "autoUv":false
            },
            "south":{
              "texture":"#wood",
              "uv":[
                12.0,
                8.0,
                20.0,
                14.100679397583008
              ],
              "autoUv":false,
              "rotation":270
            },
            "west":{
              "texture":"#wood",
              "uv":[
                12.0,
                0.0,
                20.0,
                8.0
              ],
              "autoUv":false,
              "rotation":270
            },
            "up":{
              "texture":"#wood",
              "uv":[
                20.0,
                8.0,
                28.0,
                14.100679397583008
              ],
              "autoUv":false,
              "rotation":270
            },
            "down":{
              "texture":"#wood",
              "uv":[
                12.0,
                14.100679397583008,
                4.0,
                8.0
              ],
              "autoUv":false,
              "rotation":270
            }
          },
          "children":[]
        },
        {
          "name":"handle_fine 04",
          "from":[
            -13.623364210128784,
            -0.33350348472595215,
            -1.035673514008522
          ],
          "to":[
            -9.223364114761353,
            0.7664965391159058,
            -0.7606735080480576
          ],
          "rotationOrigin":[
            -11.423364162445068,
            0.2164965271949768,
            -0.8981735110282898
          ],
          "group":"Fine",
          "faces":{
            "north":{
              "texture":"#wood",
              "uv":[
                2.0,
                21.0,
                10.0,
                23.0
              ],
              "autoUv":false
            },
            "east":{
              "texture":"#wood",
              "uv":[
                12.0,
                16.0,
                20.0,
                24.0
              ],
              "autoUv":false,
              "rotation":270
            },
            "south":{
              "texture":"#wood",
              "uv":[
                12.0,
                8.0,
                20.0,
                16.0
              ],
              "autoUv":false,
              "rotation":270
            },
            "west":{
              "texture":"#wood",
              "uv":[
                28.0,
                20.0,
                29.0,
                22.0
              ],
              "autoUv":false
            },
            "up":{
              "texture":"#wood",
              "uv":[
                20.0,
                8.0,
                28.0,
                16.0
              ],
              "autoUv":false,
              "rotation":270
            },
            "down":{
              "texture":"#wood",
              "uv":[
                12.0,
                16.0,
                4.0,
                8.0
              ],
              "autoUv":false,
              "rotation":270
            }
          },
          "children":[]
        },
        {
          "name":"handle_fine 05",
          "from":[
            -9.223363399505615,
            -0.33350348472595215,
            0.33932648599147797
          ],
          "to":[
            4.198130130767822,
            0.7664965391159058,
            0.6143264919519424
          ],
          "rotationOrigin":[
            -2.5126166343688965,
            0.2164965271949768,
            0.4768264889717102
          ],
          "group":"Fine",
          "faces":{
            "north":{
              "texture":"#wood",
              "uv":[
                12.0,
                26.0,
                20.0,
                32.0
              ],
              "autoUv":false,
              "rotation":270
            },
            "east":{
              "texture":"#wood",
              "uv":[
                1.0,
                1.0,
                2.0,
                3.0
              ],
              "autoUv":false
            },
            "south":{
              "texture":"#wood",
              "uv":[
                0.0,
                19.0,
                25.0,
                21.0
              ],
              "autoUv":false
            },
            "west":{
              "texture":"#wood",
              "uv":[
                12.0,
                0.0,
                20.0,
                8.0
              ],
              "autoUv":false,
              "rotation":270
            },
            "up":{
              "texture":"#wood",
              "uv":[
                20.0,
                8.0,
                28.0,
                14.100679397583008
              ],
              "autoUv":false,
              "rotation":270
            },
            "down":{
              "texture":"#wood",
              "uv":[
                12.0,
                14.100679397583008,
                4.0,
                8.0
              ],
              "autoUv":false,
              "rotation":270
            }
          },
          "children":[]
        },
        {
          "name":"handle_fine 06",
          "from":[
            -13.623364210128784,
            -0.33350348472595215,
            0.33932648599147797
          ],
          "to":[
            -9.223364114761353,
            0.7664965391159058,
            0.6143264919519424
          ],
          "rotationOrigin":[
            -11.423364162445068,
            0.2164965271949768,
            0.4768264889717102
          ],
          "group":"Fine",
          "faces":{
            "north":{
              "texture":"#wood",
              "uv":[
                12.0,
                24.0,
                20.0,
                32.0
              ],
              "autoUv":false,
              "rotation":270
            },
            "east":{
              "texture":"#wood",
              "uv":[
                12.0,
                16.0,
                20.0,
                24.0
              ],
              "autoUv":false,
              "rotation":270
            },
            "south":{
              "texture":"#wood",
              "uv":[
                22.0,
                21.0,
                30.0,
                23.0
              ],
              "autoUv":false
            },
            "west":{
              "texture":"#wood",
              "uv":[
                28.0,
                20.0,
                29.0,
                22.0
              ],
              "autoUv":false
            },
            "up":{
              "texture":"#wood",
              "uv":[
                20.0,
                8.0,
                28.0,
                16.0
              ],
              "autoUv":false,
              "rotation":270
            },
            "down":{
              "texture":"#wood",
              "uv":[
                12.0,
                16.0,
                4.0,
                8.0
              ],
              "autoUv":false,
              "rotation":270
            }
          },
          "children":[]
        },
        {
          "name":"handle_fine 07",
          "from":[
            -9.223363399505615,
            0.6120820492506027,
            -0.9378837049007416
          ],
          "to":[
            4.198130130767822,
            1.0025819092988968,
            -0.6628837883472443
          ],
          "rotationOrigin":[
            -2.5126166343688965,
            0.8073319792747498,
            -0.8003837466239929
          ],
          "rotationX":45.00000125223908,
          "group":"Fine",
          "faces":{
            "north":{
              "texture":"#wood",
              "uv":[
                8.0,
                12.0,
                32.0,
                13.0
              ],
              "autoUv":false
            },
            "east":{
              "texture":"#wood",
              "uv":[
                1.0,
                1.0,
                2.0,
                2.0
              ],
              "autoUv":false
            },
            "south":{
              "texture":"#wood",
              "uv":[
                12.0,
                8.0,
                20.0,
                14.100679397583008
              ],
              "autoUv":false,
              "rotation":270
            },
            "west":{
              "texture":"#wood",
              "uv":[
                12.0,
                0.0,
                20.0,
                8.0
              ],
              "autoUv":false,
              "rotation":270
            },
            "up":{
              "texture":"#wood",
              "uv":[
                20.0,
                8.0,
                28.0,
                14.100679397583008
              ],
              "autoUv":false,
              "rotation":270
            },
            "down":{
              "texture":"#wood",
              "uv":[
                12.0,
                14.100679397583008,
                4.0,
                8.0
              ],
              "autoUv":false,
              "rotation":270
            }
          },
          "children":[]
        },
        {
          "name":"handle_fine 08",
          "from":[
            -9.223363399505615,
            0.6120820492506027,
            0.24153676629066467
          ],
          "to":[
            4.198130130767822,
            1.0025819092988968,
            0.516536682844162
          ],
          "rotationOrigin":[
            -2.5126166343688965,
            0.8073319792747498,
            0.37903672456741333
          ],
          "rotationX":-45.00000125223908,
          "group":"Fine",
          "faces":{
            "north":{
              "texture":"#wood",
              "uv":[
                12.0,
                26.0,
                20.0,
                32.0
              ],
              "autoUv":false,
              "rotation":270
            },
            "east":{
              "texture":"#wood",
              "uv":[
                1.0,
                1.0,
                2.0,
                2.0
              ],
              "autoUv":false
            },
            "south":{
              "texture":"#wood",
              "uv":[
                0.0,
                21.0,
                24.4027156829834,
                22.0
              ],
              "autoUv":false
            },
            "west":{
              "texture":"#wood",
              "uv":[
                12.0,
                0.0,
                20.0,
                8.0
              ],
              "autoUv":false,
              "rotation":270
            },
            "up":{
              "texture":"#wood",
              "uv":[
                20.0,
                8.0,
                28.0,
                14.100679397583008
              ],
              "autoUv":false,
              "rotation":270
            },
            "down":{
              "texture":"#wood",
              "uv":[
                12.0,
                14.100679397583008,
                4.0,
                8.0
              ],
              "autoUv":false,
              "rotation":270
            }
          },
          "children":[]
        },
        {
          "name":"handle_fine 09",
          "from":[
            -9.223363399505615,
            -0.5684636384248734,
            -0.939009040594101
          ],
          "to":[
            4.198130130767822,
            -0.17796377837657928,
            -0.6640091240406036
          ],
          "rotationOrigin":[
            -2.5126166343688965,
            -0.3732137084007263,
            -0.8015090823173523
          ],
          "rotationX":-45.00000125223908,
          "group":"Fine",
          "faces":{
            "north":{
              "texture":"#wood",
              "uv":[
                8.0,
                15.0,
                32.0,
                16.0
              ],
              "autoUv":false
            },
            "east":{
              "texture":"#wood",
              "uv":[
                3.0,
                1.0,
                4.0,
                2.0
              ],
              "autoUv":false
            },
            "south":{
              "texture":"#wood",
              "uv":[
                12.0,
                8.0,
                20.0,
                14.100679397583008
              ],
              "autoUv":false,
              "rotation":270
            },
            "west":{
              "texture":"#wood",
              "uv":[
                12.0,
                0.0,
                20.0,
                8.0
              ],
              "autoUv":false,
              "rotation":270
            },
            "up":{
              "texture":"#wood",
              "uv":[
                20.0,
                8.0,
                28.0,
                14.100679397583008
              ],
              "autoUv":false,
              "rotation":270
            },
            "down":{
              "texture":"#wood",
              "uv":[
                12.0,
                14.100679397583008,
                4.0,
                8.0
              ],
              "autoUv":false,
              "rotation":270
            }
          },
          "children":[]
        },
        {
          "name":"handle_fine 10",
          "from":[
            -9.223363399505615,
            -0.5684636384248734,
            0.24266114830970764
          ],
          "to":[
            4.198130130767822,
            -0.17796377837657928,
            0.517661064863205
          ],
          "rotationOrigin":[
            -2.5126166343688965,
            -0.3732137084007263,
            0.3801611065864563
          ],
          "rotationX":45.00000125223908,
          "group":"Fine",
          "faces":{
            "north":{
              "texture":"#wood",
              "uv":[
                12.0,
                26.0,
                20.0,
                32.0
              ],
              "autoUv":false,
              "rotation":270
            },
            "east":{
              "texture":"#wood",
              "uv":[
                3.0,
                1.0,
                4.0,
                2.0
              ],
              "autoUv":false
            },
            "south":{
              "texture":"#wood",
              "uv":[
                0.0,
                18.0,
                24.4027156829834,
                19.0
              ],
              "autoUv":false
            },
            "west":{
              "texture":"#wood",
              "uv":[
                12.0,
                0.0,
                20.0,
                8.0
              ],
              "autoUv":false,
              "rotation":270
            },
            "up":{
              "texture":"#wood",
              "uv":[
                20.0,
                8.0,
                28.0,
                14.100679397583008
              ],
              "autoUv":false,
              "rotation":270
            },
            "down":{
              "texture":"#wood",
              "uv":[
                12.0,
                14.100679397583008,
                4.0,
                8.0
              ],
              "autoUv":false,
              "rotation":270
            }
          },
          "children":[]
        },
        {
          "name":"handle_fine 11",
          "from":[
            -13.622844934463501,
            -0.5684636384248734,
            -0.939009040594101
          ],
          "to":[
            -9.22336459159851,
            -0.17796377837657928,
            -0.6640091240406036
          ],
          "rotationOrigin":[
            -11.423104763031006,
            -0.3732137084007263,
            -0.8015090823173523
          ],
          "rotationX":-45.00000125223908,
          "group":"Fine",
          "faces":{
            "north":{
              "texture":"#wood",
              "uv":[
                2.0,
                23.0,
                9.999054908752441,
                24.0
              ],
              "autoUv":false
            },
            "east":{
              "texture":"#wood",
              "uv":[
                12.0,
                16.0,
                20.0,
                24.0
              ],
              "autoUv":false,
              "rotation":270
            },
            "south":{
              "texture":"#wood",
              "uv":[
                12.0,
                8.000944137573242,
                20.0,
                16.0
              ],
              "autoUv":false,
              "rotation":270
            },
            "west":{
              "texture":"#wood",
              "uv":[
                26.0,
                22.0,
                27.0,
                23.0
              ],
              "autoUv":false
            },
            "up":{
              "texture":"#wood",
              "uv":[
                20.0,
                8.000944137573242,
                28.0,
                16.0
              ],
              "autoUv":false,
              "rotation":270
            },
            "down":{
              "texture":"#wood",
              "uv":[
                12.0,
                16.0,
                4.0,
                8.000944137573242
              ],
              "autoUv":false,
              "rotation":270
            }
          },
          "children":[]
        },
        {
          "name":"handle_fine 12",
          "from":[
            -13.622844934463501,
            0.6120820492506027,
            -0.9378837049007416
          ],
          "to":[
            -9.22336459159851,
            1.0025819092988968,
            -0.6628837883472443
          ],
          "rotationOrigin":[
            -11.423104763031006,
            0.8073319792747498,
            -0.8003837466239929
          ],
          "rotationX":45.00000125223908,
          "group":"Fine",
          "faces":{
            "north":{
              "texture":"#wood",
              "uv":[
                2.0,
                20.0,
                9.999054908752441,
                21.0
              ],
              "autoUv":false
            },
            "east":{
              "texture":"#wood",
              "uv":[
                12.0,
                16.0,
                20.0,
                24.0
              ],
              "autoUv":false,
              "rotation":270
            },
            "south":{
              "texture":"#wood",
              "uv":[
                12.0,
                8.000944137573242,
                20.0,
                16.0
              ],
              "autoUv":false,
              "rotation":270
            },
            "west":{
              "texture":"#wood",
              "uv":[
                28.0,
                20.0,
                29.0,
                21.0
              ],
              "autoUv":false
            },
            "up":{
              "texture":"#wood",
              "uv":[
                20.0,
                8.000944137573242,
                28.0,
                16.0
              ],
              "autoUv":false,
              "rotation":270
            },
            "down":{
              "texture":"#wood",
              "uv":[
                12.0,
                16.0,
                4.0,
                8.000944137573242
              ],
              "autoUv":false,
              "rotation":270
            }
          },
          "children":[]
        },
        {
          "name":"handle_fine 13",
          "from":[
            -13.622844934463501,
            0.6120820492506027,
            0.24153676629066467
          ],
          "to":[
            -9.22336459159851,
            1.0025819092988968,
            0.516536682844162
          ],
          "rotationOrigin":[
            -11.423104763031006,
            0.8073319792747498,
            0.37903672456741333
          ],
          "rotationX":-45.00000125223908,
          "group":"Fine",
          "faces":{
            "north":{
              "texture":"#wood",
              "uv":[
                12.0,
                24.0,
                20.0,
                31.99905490875244
              ],
              "autoUv":false,
              "rotation":270
            },
            "east":{
              "texture":"#wood",
              "uv":[
                12.0,
                16.0,
                20.0,
                24.0
              ],
              "autoUv":false,
              "rotation":270
            },
            "south":{
              "texture":"#wood",
              "uv":[
                22.000944137573242,
                24.0,
                30.0,
                25.0
              ],
              "autoUv":false
            },
            "west":{
              "texture":"#wood",
              "uv":[
                28.0,
                20.0,
                29.0,
                21.0
              ],
              "autoUv":false
            },
            "up":{
              "texture":"#wood",
              "uv":[
                20.0,
                8.000944137573242,
                28.0,
                16.0
              ],
              "autoUv":false,
              "rotation":270
            },
            "down":{
              "texture":"#wood",
              "uv":[
                12.0,
                16.0,
                4.0,
                8.000944137573242
              ],
              "autoUv":false,
              "rotation":270
            }
          },
          "children":[]
        },
        {
          "name":"handle_fine 14",
          "from":[
            -13.622844934463501,
            -0.5684636384248734,
            0.24266114830970764
          ],
          "to":[
            -9.22336459159851,
            -0.17796377837657928,
            0.517661064863205
          ],
          "rotationOrigin":[
            -11.423104763031006,
            -0.3732137084007263,
            0.3801611065864563
          ],
          "rotationX":45.00000125223908,
          "group":"Fine",
          "faces":{
            "north":{
              "texture":"#wood",
              "uv":[
                12.0,
                24.0,
                20.0,
                31.99905490875244
              ],
              "autoUv":false,
              "rotation":270
            },
            "east":{
              "texture":"#wood",
              "uv":[
                12.0,
                16.0,
                20.0,
                24.0
              ],
              "autoUv":false,
              "rotation":270
            },
            "south":{
              "texture":"#wood",
              "uv":[
                22.000944137573242,
                20.0,
                30.0,
                21.0
              ],
              "autoUv":false
            },
            "west":{
              "texture":"#wood",
              "uv":[
                26.0,
                22.0,
                27.0,
                23.0
              ],
              "autoUv":false
            },
            "up":{
              "texture":"#wood",
              "uv":[
                20.0,
                8.000944137573242,
                28.0,
                16.0
              ],
              "autoUv":false,
              "rotation":270
            },
            "down":{
              "texture":"#wood",
              "uv":[
                12.0,
                16.0,
                4.0,
                8.000944137573242
              ],
              "autoUv":false,
              "rotation":270
            }
          },
          "children":[]
        },
        {
          "name":"handle_fine 15",
          "from":[
            2.5046589374542236,
            -0.33054226636886597,
            0.46732868254184723
          ],
          "to":[
            4.165786504745483,
            0.7648569941520691,
            0.741178497672081
          ],
          "rotationOrigin":[
            3.3352227210998535,
            0.21715736389160156,
            0.6042535901069641
          ],
          "rotationY":-15.000003832507613,
          "group":"Fine",
          "faces":{
            "north":{
              "texture":"#wood",
              "uv":[
                17.371362686157227,
                20.707759857177734,
                19.068283081054688,
                21.351086616516113
              ],
              "autoUv":false,
              "rotation":270
            },
            "east":{
              "texture":"#wood",
              "uv":[
                17.371362686157227,
                19.01084041595459,
                19.068283081054688,
                20.707759857177734
              ],
              "autoUv":false,
              "rotation":270
            },
            "south":{
              "texture":"#wood",
              "uv":[
                25.0,
                19.0,
                28.0,
                21.0
              ],
              "autoUv":false
            },
            "west":{
              "texture":"#wood",
              "uv":[
                21.18057632446289,
                19.51757526397705,
                21.710683822631836,
                20.577792167663574
              ],
              "autoUv":false
            },
            "up":{
              "texture":"#wood",
              "uv":[
                19.534652709960938,
                18.081799507141113,
                21.034025192260742,
                18.65023422241211
              ],
              "autoUv":false,
              "rotation":270
            },
            "down":{
              "texture":"#wood",
              "uv":[
                16.904993057250977,
                18.65023422241211,
                15.405620574951172,
                18.081799507141113
              ],
              "autoUv":false,
              "rotation":270
            }
          },
          "children":[]
        },
        {
          "name":"handle_fine 16",
          "from":[
            2.529864549636841,
            0.6110881865024567,
            0.37326495349407196
          ],
          "to":[
            4.190992116928101,
            0.9999549090862274,
            0.647114709019661
          ],
          "rotationOrigin":[
            3.3604283332824707,
            0.805521547794342,
            0.5101898312568665
          ],
          "rotationX":-45.992974153775535,
          "rotationY":-10.545294691670058,
          "rotationZ":-10.728582818047352,
          "group":"Fine",
          "faces":{
            "north":{
              "texture":"#wood",
              "uv":[
                17.746551513671875,
                20.283246994018555,
                18.822277069091797,
                20.691070556640625
              ],
              "autoUv":false,
              "rotation":270
            },
            "east":{
              "texture":"#wood",
              "uv":[
                17.746551513671875,
                19.207521438598633,
                18.822277069091797,
                20.283246994018555
              ],
              "autoUv":false,
              "rotation":270
            },
            "south":{
              "texture":"#wood",
              "uv":[
                20.0,
                20.0,
                23.0,
                21.0
              ],
              "autoUv":false
            },
            "west":{
              "texture":"#wood",
              "uv":[
                20.430580139160156,
                19.51782989501953,
                20.90582847595215,
                19.993077278137207
              ],
              "autoUv":false
            },
            "up":{
              "texture":"#wood",
              "uv":[
                19.012401580810547,
                18.305699348449707,
                20.60767936706543,
                18.910491943359375
              ],
              "autoUv":false,
              "rotation":270
            },
            "down":{
              "texture":"#wood",
              "uv":[
                17.556427001953125,
                18.910491943359375,
                15.961151123046875,
                18.305699348449707
              ],
              "autoUv":false,
              "rotation":270
            }
          },
          "children":[]
        },
        {
          "name":"handle_fine 17",
          "from":[
            2.5295746326446533,
            -0.5645198076963425,
            0.37434737384319305
          ],
          "to":[
            4.190702199935913,
            -0.17565308511257172,
            0.648197129368782
          ],
          "rotationOrigin":[
            3.360138416290283,
            -0.3700864464044571,
            0.5112722516059875
          ],
          "rotationX":45.992974153775535,
          "rotationY":-10.545294691670058,
          "rotationZ":10.728582818047352,
          "group":"Fine",
          "faces":{
            "north":{
              "texture":"#wood",
              "uv":[
                17.746551513671875,
                19.936857223510742,
                18.822277069091797,
                20.344679832458496
              ],
              "autoUv":false,
              "rotation":270
            },
            "east":{
              "texture":"#wood",
              "uv":[
                17.746551513671875,
                18.861130714416504,
                18.822277069091797,
                19.936857223510742
              ],
              "autoUv":false,
              "rotation":270
            },
            "south":{
              "texture":"#wood",
              "uv":[
                19.0,
                19.0,
                22.0,
                20.0
              ],
              "autoUv":false
            },
            "west":{
              "texture":"#wood",
              "uv":[
                20.049175262451172,
                19.55284595489502,
                20.52442169189453,
                20.02809429168701
              ],
              "autoUv":false
            },
            "up":{
              "texture":"#wood",
              "uv":[
                19.012401580810547,
                17.959309577941895,
                20.60767936706543,
                18.564102172851562
              ],
              "autoUv":false,
              "rotation":270
            },
            "down":{
              "texture":"#wood",
              "uv":[
                17.556427001953125,
                18.564102172851562,
                15.961151123046875,
                17.959309577941895
              ],
              "autoUv":false,
              "rotation":270
            }
          },
          "children":[]
        },
        {
          "name":"handle_fine 18",
          "from":[
            2.535374879837036,
            -0.6043919920921326,
            0.14766769111156464
          ],
          "to":[
            4.196502447128296,
            1.0398274064064026,
            0.4640987664461136
          ],
          "rotationOrigin":[
            3.365938663482666,
            0.217717707157135,
            0.3058832287788391
          ],
          "rotationY":-15.000003832507613,
          "group":"Fine",
          "faces":{
            "north":{
              "texture":"#wood",
              "uv":[
                8.507590293884277,
                23.261213302612305,
                12.918352127075195,
                23.65669345855713
              ],
              "autoUv":false,
              "rotation":270
            },
            "east":{
              "texture":"#wood",
              "uv":[
                8.507593154907227,
                22.21804428100586,
                12.918352127075195,
                23.261213302612305
              ],
              "autoUv":false,
              "rotation":270
            },
            "south":{
              "texture":"#wood",
              "uv":[
                14.347600936889648,
                22.40937614440918,
                16.30294418334961,
                25.135340690612793
              ],
              "autoUv":false
            },
            "west":{
              "texture":"#wood",
              "uv":[
                15.050760269165039,
                22.08213710784912,
                15.577523231506348,
                24.009684562683105
              ],
              "autoUv":false
            },
            "up":{
              "texture":"#wood",
              "uv":[
                14.0,
                19.0,
                15.0,
                22.0
              ],
              "autoUv":false,
              "rotation":270
            },
            "down":{
              "texture":"#wood",
              "uv":[
                11.0,
                22.0,
                10.0,
                19.0
              ],
              "autoUv":false,
              "rotation":270
            }
          },
          "children":[]
        },
        {
          "name":"handle_fine 19",
          "from":[
            4.102046966552734,
            -0.608503520488739,
            -1.0967015624046326
          ],
          "to":[
            5.772999882698059,
            1.0414965748786926,
            0.675354540348053
          ],
          "rotationOrigin":[
            4.937523365020752,
            0.2164965271949768,
            -0.2106735110282898
          ],
          "group":"Fine",
          "faces":{
            "north":{
              "texture":"#wood",
              "uv":[
                13.697826385498047,
                24.96338415145874,
                18.600894927978516,
                26.82538366317749
              ],
              "autoUv":false,
              "rotation":270
            },
            "east":{
              "texture":"#wood",
              "uv":[
                13.00232982635498,
                15.0,
                17.997665405273438,
                20.0
              ],
              "autoUv":false
            },
            "south":{
              "texture":"#wood",
              "uv":[
                13.697826385498047,
                13.174617767333984,
                18.600894927978516,
                15.036617279052734
              ],
              "autoUv":false,
              "rotation":270
            },
            "west":{
              "texture":"#wood",
              "uv":[
                21.84813117980957,
                19.342333793640137,
                25.072742462158203,
                22.344836235046387
              ],
              "autoUv":false
            },
            "up":{
              "texture":"#wood",
              "uv":[
                21.000001907348633,
                10.0,
                24.0,
                13.0
              ],
              "autoUv":false
            },
            "down":{
              "texture":"#wood",
              "uv":[
                11.000000953674316,
                18.5,
                8.0,
                15.5
              ],
              "autoUv":false,
              "rotation":180
            }
          },
          "children":[]
        },
        {
          "name":"handle_fine 20",
          "from":[
            4.102046966552734,
            -0.33350348472595215,
            0.6764789670705795
          ],
          "to":[
            5.772999882698059,
            0.7664965391159058,
            0.951478973031044
          ],
          "rotationOrigin":[
            4.937523365020752,
            0.2164965271949768,
            0.8139789700508118
          ],
          "group":"Fine",
          "faces":{
            "north":{
              "texture":"#wood",
              "uv":[
                14.858874320983887,
                23.21192741394043,
                18.860349655151367,
                24.73153591156006
              ],
              "autoUv":false,
              "rotation":270
            },
            "east":{
              "texture":"#wood",
              "uv":[
                12.0,
                16.0,
                12.997671127319336,
                19.0
              ],
              "autoUv":false
            },
            "south":{
              "texture":"#wood",
              "uv":[
                28.0,
                19.0,
                31.0,
                21.0
              ],
              "autoUv":false
            },
            "west":{
              "texture":"#wood",
              "uv":[
                20.81163215637207,
                19.998589515686035,
                21.519001007080078,
                21.4133243560791
              ],
              "autoUv":false
            },
            "up":{
              "texture":"#wood",
              "uv":[
                18.61489486694336,
                16.37136745452881,
                20.615631103515625,
                17.13117218017578
              ],
              "autoUv":false,
              "rotation":270
            },
            "down":{
              "texture":"#wood",
              "uv":[
                15.104329109191895,
                17.13117218017578,
                13.103591918945312,
                16.37136745452881
              ],
              "autoUv":false,
              "rotation":270
            }
          },
          "children":[]
        },
        {
          "name":"handle_fine 21",
          "from":[
            4.10204553604126,
            0.6120820492506027,
            0.5786892473697662
          ],
          "to":[
            5.771479249000549,
            1.0025819092988968,
            0.8536891639232635
          ],
          "rotationOrigin":[
            4.93676233291626,
            0.8073319792747498,
            0.7161892056465149
          ],
          "rotationX":-45.00000125223908,
          "group":"Fine",
          "faces":{
            "north":{
              "texture":"#wood",
              "uv":[
                15.403072357177734,
                22.17045307159424,
                17.786771774291992,
                23.074868202209473
              ],
              "autoUv":false,
              "rotation":270
            },
            "east":{
              "texture":"#wood",
              "uv":[
                17.0,
                19.0,
                18.0,
                20.0
              ],
              "autoUv":false,
              "rotation":270
            },
            "south":{
              "texture":"#wood",
              "uv":[
                17.0,
                21.0,
                20.0,
                22.0
              ],
              "autoUv":false
            },
            "west":{
              "texture":"#wood",
              "uv":[
                19.286495208740234,
                19.937294006347656,
                19.882421493530273,
                20.53321933746338
              ],
              "autoUv":false
            },
            "up":{
              "texture":"#wood",
              "uv":[
                17.508047103881836,
                17.22920513153076,
                19.508403778076172,
                17.988173484802246
              ],
              "autoUv":false,
              "rotation":270
            },
            "down":{
              "texture":"#wood",
              "uv":[
                15.68179702758789,
                17.988173484802246,
                13.681440353393555,
                17.22920513153076
              ],
              "autoUv":false,
              "rotation":270
            }
          },
          "children":[]
        },
        {
          "name":"handle_fine 22",
          "from":[
            4.10204553604126,
            -0.5684636384248734,
            0.5798145830631256
          ],
          "to":[
            5.771479249000549,
            -0.17796377837657928,
            0.8548144996166229
          ],
          "rotationOrigin":[
            4.93676233291626,
            -0.3732137084007263,
            0.7173145413398743
          ],
          "rotationX":45.00000125223908,
          "group":"Fine",
          "faces":{
            "north":{
              "texture":"#wood",
              "uv":[
                15.068220138549805,
                22.17045307159424,
                17.451919555664062,
                23.074868202209473
              ],
              "autoUv":false,
              "rotation":270
            },
            "east":{
              "texture":"#wood",
              "uv":[
                16.008981704711914,
                19.0,
                17.0,
                20.0
              ],
              "autoUv":false,
              "rotation":270
            },
            "south":{
              "texture":"#wood",
              "uv":[
                16.0,
                20.0,
                19.0,
                21.0
              ],
              "autoUv":false
            },
            "west":{
              "texture":"#wood",
              "uv":[
                18.473316192626953,
                20.41561985015869,
                19.069242477416992,
                21.011545181274414
              ],
              "autoUv":false
            },
            "up":{
              "texture":"#wood",
              "uv":[
                17.173194885253906,
                17.22920513153076,
                19.17354965209961,
                17.988173484802246
              ],
              "autoUv":false,
              "rotation":270
            },
            "down":{
              "texture":"#wood",
              "uv":[
                15.346943855285645,
                17.988173484802246,
                13.346588134765625,
                17.22920513153076
              ],
              "autoUv":false,
              "rotation":270
            }
          },
          "children":[]
        },
        {
          "name":"handle_fine 23",
          "from":[
            2.5046589374542236,
            -0.33054226636886597,
            -1.1625255197286606
          ],
          "to":[
            4.165786504745483,
            0.7648569941520691,
            -0.8886757045984268
          ],
          "rotationOrigin":[
            3.3352227210998535,
            0.21715736389160156,
            -1.0256006121635437
          ],
          "rotationY":15.000003832507613,
          "group":"Fine",
          "faces":{
            "north":{
              "texture":"#wood",
              "uv":[
                5.0,
                13.0,
                8.0,
                15.0
              ],
              "autoUv":false
            },
            "east":{
              "texture":"#wood",
              "uv":[
                19.068283081054688,
                19.01084041595459,
                17.371362686157227,
                20.707759857177734
              ],
              "autoUv":false,
              "rotation":90
            },
            "south":{
              "texture":"#wood",
              "uv":[
                19.068283081054688,
                20.707759857177734,
                17.371362686157227,
                21.351086616516113
              ],
              "autoUv":false,
              "rotation":90
            },
            "west":{
              "texture":"#wood",
              "uv":[
                21.710683822631836,
                19.51757526397705,
                21.18057632446289,
                20.577792167663574
              ],
              "autoUv":false
            },
            "up":{
              "texture":"#wood",
              "uv":[
                21.034025192260742,
                18.081799507141113,
                19.534652709960938,
                18.65023422241211
              ],
              "autoUv":false,
              "rotation":270
            },
            "down":{
              "texture":"#wood",
              "uv":[
                15.405620574951172,
                18.65023422241211,
                16.904993057250977,
                18.081799507141113
              ],
              "autoUv":false,
              "rotation":270
            }
          },
          "children":[]
        },
        {
          "name":"handle_fine 24",
          "from":[
            2.5298643708229065,
            0.611088216304779,
            -1.0684622079133987
          ],
          "to":[
            4.190992295742035,
            0.999954879283905,
            -0.7946124523878098
          ],
          "rotationOrigin":[
            3.3604283332824707,
            0.805521547794342,
            -0.9315373301506042
          ],
          "rotationX":45.99299122924846,
          "rotationY":10.545297252990999,
          "rotationZ":-10.728576841631828,
          "group":"Fine",
          "faces":{
            "north":{
              "texture":"#wood",
              "uv":[
                23.0,
                20.0,
                20.0,
                21.0
              ],
              "autoUv":false
            },
            "east":{
              "texture":"#wood",
              "uv":[
                18.822277069091797,
                19.207521438598633,
                17.746551513671875,
                20.283246994018555
              ],
              "autoUv":false,
              "rotation":90
            },
            "south":{
              "texture":"#wood",
              "uv":[
                18.822277069091797,
                20.283246994018555,
                17.746551513671875,
                20.691070556640625
              ],
              "autoUv":false,
              "rotation":90
            },
            "west":{
              "texture":"#wood",
              "uv":[
                20.90582847595215,
                19.51782989501953,
                20.430580139160156,
                19.993077278137207
              ],
              "autoUv":false
            },
            "up":{
              "texture":"#wood",
              "uv":[
                20.60767936706543,
                18.305699348449707,
                19.012401580810547,
                18.910491943359375
              ],
              "autoUv":false,
              "rotation":270
            },
            "down":{
              "texture":"#wood",
              "uv":[
                15.961151123046875,
                18.910491943359375,
                17.556427001953125,
                18.305699348449707
              ],
              "autoUv":false,
              "rotation":270
            }
          },
          "children":[]
        },
        {
          "name":"handle_fine 25",
          "from":[
            2.529574453830719,
            -0.5645197629928589,
            -1.0695436745882034
          ],
          "to":[
            4.190702378749847,
            -0.1756531000137329,
            -0.7956939190626144
          ],
          "rotationOrigin":[
            3.360138416290283,
            -0.3700864315032959,
            -0.9326187968254089
          ],
          "rotationX":-45.99299122924846,
          "rotationY":10.545297252990999,
          "rotationZ":10.728576841631828,
          "group":"Fine",
          "faces":{
            "north":{
              "texture":"#wood",
              "uv":[
                22.0,
                19.0,
                19.0,
                20.0
              ],
              "autoUv":false
            },
            "east":{
              "texture":"#wood",
              "uv":[
                18.822277069091797,
                18.861130714416504,
                17.746551513671875,
                19.936857223510742
              ],
              "autoUv":false,
              "rotation":90
            },
            "south":{
              "texture":"#wood",
              "uv":[
                18.822277069091797,
                19.936857223510742,
                17.746551513671875,
                20.344679832458496
              ],
              "autoUv":false,
              "rotation":90
            },
            "west":{
              "texture":"#wood",
              "uv":[
                20.52442169189453,
                19.55284595489502,
                20.049175262451172,
                20.02809429168701
              ],
              "autoUv":false
            },
            "up":{
              "texture":"#wood",
              "uv":[
                20.60767936706543,
                17.959309577941895,
                19.012401580810547,
                18.564102172851562
              ],
              "autoUv":false,
              "rotation":270
            },
            "down":{
              "texture":"#wood",
              "uv":[
                15.961151123046875,
                18.564102172851562,
                17.556427001953125,
                17.959309577941895
              ],
              "autoUv":false,
              "rotation":270
            }
          },
          "children":[]
        },
        {
          "name":"handle_fine 26",
          "from":[
            2.535374879837036,
            -0.6043919920921326,
            -0.8854458183050156
          ],
          "to":[
            4.196502447128296,
            1.0398274064064026,
            -0.5690146833658218
          ],
          "rotationOrigin":[
            3.365938663482666,
            0.217717707157135,
            -0.7272302508354187
          ],
          "rotationY":15.000003832507613,
          "group":"Fine",
          "faces":{
            "north":{
              "texture":"#wood",
              "uv":[
                16.30294418334961,
                22.409378051757812,
                14.347600936889648,
                25.135342597961426
              ],
              "autoUv":false
            },
            "east":{
              "texture":"#wood",
              "uv":[
                12.918352127075195,
                22.218046188354492,
                8.507593154907227,
                23.26121425628662
              ],
              "autoUv":false,
              "rotation":90
            },
            "south":{
              "texture":"#wood",
              "uv":[
                12.918352127075195,
                23.26121425628662,
                8.507590293884277,
                23.65669536590576
              ],
              "autoUv":false,
              "rotation":90
            },
            "west":{
              "texture":"#wood",
              "uv":[
                15.577524185180664,
                22.082138061523438,
                15.050760269165039,
                24.009685516357422
              ],
              "autoUv":false
            },
            "up":{
              "texture":"#wood",
              "uv":[
                15.0,
                19.0,
                14.0,
                22.0
              ],
              "autoUv":false,
              "rotation":270
            },
            "down":{
              "texture":"#wood",
              "uv":[
                10.0,
                22.0,
                11.0,
                19.0
              ],
              "autoUv":false,
              "rotation":270
            }
          },
          "children":[]
        },
        {
          "name":"handle_fine 27",
          "from":[
            4.102046966552734,
            -0.33350348472595215,
            -1.3728259950876236
          ],
          "to":[
            5.772999882698059,
            0.7664965391159058,
            -1.0978259891271591
          ],
          "rotationOrigin":[
            4.937523365020752,
            0.2164965271949768,
            -1.2353259921073914
          ],
          "group":"Fine",
          "faces":{
            "north":{
              "texture":"#wood",
              "uv":[
                5.0,
                13.0,
                2.0,
                15.0
              ],
              "autoUv":false
            },
            "east":{
              "texture":"#wood",
              "uv":[
                18.00233268737793,
                16.0,
                19.0,
                19.0
              ],
              "autoUv":false
            },
            "south":{
              "texture":"#wood",
              "uv":[
                18.860349655151367,
                23.21192741394043,
                14.858874320983887,
                24.73153591156006
              ],
              "autoUv":false,
              "rotation":90
            },
            "west":{
              "texture":"#wood",
              "uv":[
                21.519001007080078,
                19.998589515686035,
                20.81163215637207,
                21.4133243560791
              ],
              "autoUv":false
            },
            "up":{
              "texture":"#wood",
              "uv":[
                20.615631103515625,
                16.37136745452881,
                18.61489486694336,
                17.13117218017578
              ],
              "autoUv":false,
              "rotation":270
            },
            "down":{
              "texture":"#wood",
              "uv":[
                13.103591918945312,
                17.13117218017578,
                15.104329109191895,
                16.37136745452881
              ],
              "autoUv":false,
              "rotation":270
            }
          },
          "children":[]
        },
        {
          "name":"handle_fine 28",
          "from":[
            4.10204553604126,
            0.6120820492506027,
            -1.2750361859798431
          ],
          "to":[
            5.771479249000549,
            1.0025819092988968,
            -1.0000362694263458
          ],
          "rotationOrigin":[
            4.93676233291626,
            0.8073319792747498,
            -1.1375362277030945
          ],
          "rotationX":45.00000125223908,
          "group":"Fine",
          "faces":{
            "north":{
              "texture":"#wood",
              "uv":[
                20.0,
                21.0,
                17.0,
                22.0
              ],
              "autoUv":false
            },
            "east":{
              "texture":"#wood",
              "uv":[
                18.0,
                19.0,
                17.0,
                20.0
              ],
              "autoUv":false,
              "rotation":90
            },
            "south":{
              "texture":"#wood",
              "uv":[
                17.786771774291992,
                22.17045307159424,
                15.403072357177734,
                23.074868202209473
              ],
              "autoUv":false,
              "rotation":90
            },
            "west":{
              "texture":"#wood",
              "uv":[
                19.882421493530273,
                19.937294006347656,
                19.286495208740234,
                20.53321933746338
              ],
              "autoUv":false
            },
            "up":{
              "texture":"#wood",
              "uv":[
                19.508403778076172,
                17.22920513153076,
                17.508047103881836,
                17.988173484802246
              ],
              "autoUv":false,
              "rotation":270
            },
            "down":{
              "texture":"#wood",
              "uv":[
                13.681440353393555,
                17.988173484802246,
                15.68179702758789,
                17.22920513153076
              ],
              "autoUv":false,
              "rotation":270
            }
          },
          "children":[]
        },
        {
          "name":"handle_fine 29",
          "from":[
            4.10204553604126,
            -0.5684636384248734,
            -1.2761610448360443
          ],
          "to":[
            5.771479249000549,
            -0.17796377837657928,
            -1.001161128282547
          ],
          "rotationOrigin":[
            4.93676233291626,
            -0.3732137084007263,
            -1.1386610865592957
          ],
          "rotationX":-45.00000125223908,
          "group":"Fine",
          "faces":{
            "north":{
              "texture":"#wood",
              "uv":[
                19.0,
                20.0,
                16.0,
                21.0
              ],
              "autoUv":false
            },
            "east":{
              "texture":"#wood",
              "uv":[
                17.0,
                19.0,
                16.008981704711914,
                20.0
              ],
              "autoUv":false,
              "rotation":90
            },
            "south":{
              "texture":"#wood",
              "uv":[
                17.451919555664062,
                22.17045307159424,
                15.068220138549805,
                23.074868202209473
              ],
              "autoUv":false,
              "rotation":90
            },
            "west":{
              "texture":"#wood",
              "uv":[
                19.069242477416992,
                20.41561985015869,
                18.473316192626953,
                21.011545181274414
              ],
              "autoUv":false
            },
            "up":{
              "texture":"#wood",
              "uv":[
                19.17354965209961,
                17.22920513153076,
                17.173194885253906,
                17.988173484802246
              ],
              "autoUv":false,
              "rotation":270
            },
            "down":{
              "texture":"#wood",
              "uv":[
                13.346588134765625,
                17.988173484802246,
                15.346943855285645,
                17.22920513153076
              ],
              "autoUv":false,
              "rotation":270
            }
          },
          "children":[]
        }
      ]
    }
  ],
  "groups":[]
}