{
	"code": "platemold",
	"classByType": {
		"platemold-*": "ExpandedMolds.ExpandedMoldBlock"
	},
	"behaviorsbytype": {
		"*": [
			{ "name": "Lockable" },
			{ "name": "UnstableFalling" }
		]
	},
	"entityBehaviorsByType": {
		"platemold-*": [ { "name": "TemperatureSensitive" } ]
	},
	"variantgroups": [
		{
			"code": "type",
			"states": [ "burned" ]
		},
		{
			"code": "frame",
			"states": [ "tinbronze", "bismuthbronze", "blackbronze", "iron" ]
		},
		{
			"code": "materialtype",
			"states": [ "twoplate", "fourplate" ]
		}
	],
	"skipVariants": [
		"platemold-burned-tinbronze-fourplate",
		"platemold-burned-bismuthbronze-fourplate",
		"platemold-burned-blackbronze-fourplate",
		"platemold-burned-iron-twoplate"
	],
	"shapeByType": {
		"*-twoplate": {
			"base": "block/clay/mold/platemoldtwoplate",
			"rotateY": 0
		},
		"*-fourplate": {
			"base": "block/clay/mold/platemoldfourplate",
			"rotateY": 0
		}
	},
	"attributes": {
		"shatteredShape": { "base": "expandedmolds:block/clay/mold/shattered-frame" },
		"extramolddrops": [
			{
				"type": "item",
				"code": "game:metalbit-{frame}",
				"quantity": {
					"avg": 14,
					"var": 2
				}
			}
		],
		"shatteredselectionboxes": [
			{
				"x1": 0.0625,
				"y1": 0,
				"z1": 0.0625,
				"x2": 0.9375,
				"y2": 0.125,
				"z2": 0.9375
			}
		],
		"shatteredcollisionboxes": [
			{
				"x1": 0.0625,
				"y1": 0,
				"z1": 0.0625,
				"x2": 0.9375,
				"y2": 0.125,
				"z2": 0.9375
			}
		],
		"fillHeight": 5
	},
	"attributesByType": {
		"platemold-burned-*-twoplate": {
			"requiredUnits": 400,
			"fillHeight": 9,
			"fillQuadsByLevel": [
				{
					"x1": 2.5,
					"z1": 6.5,
					"x2": 13.5,
					"z2": 9.5
				},
				{
					"x1": 2.5,
					"z1": 6.5,
					"x2": 13.5,
					"z2": 9.5
				},
				{
					"x1": 2.5,
					"z1": 6.5,
					"x2": 13.5,
					"z2": 9.5
				},
				{
					"x1": 2.5,
					"z1": 6.5,
					"x2": 13.5,
					"z2": 9.5
				}
			],
			"drop": {
				"type": "item",
				"code": "game:metalplate-{metal}",
				"quantity": 2
			}
		},
		"platemold-burned-*-fourplate": {
			"requiredUnits": 800,
			"fillHeight": 9,
			"fillQuadsByLevel": [
				{
					"x1": 2.5,
					"z1": 2.5,
					"x2": 13.5,
					"z2": 13.5
				},
				{
					"x1": 2.5,
					"z1": 2.5,
					"x2": 13.5,
					"z2": 13.5
				},
				{
					"x1": 2.5,
					"z1": 2.5,
					"x2": 13.5,
					"z2": 13.5
				},
				{
					"x1": 2.5,
					"z1": 2.5,
					"x2": 13.5,
					"z2": 13.5
				}
			],
			"drop": {
				"type": "item",
				"code": "game:metalplate-{metal}",
				"quantity": 4
			}
		}
	},
	"entityClassByType": {
		"platemold-*": "ToolMold"
	},
	"blockmaterial": "Ceramic",
	"creativeinventory": {
		"general": [ "*" ],
		"construction": [ "*" ]
	},
	"replaceable": 700,
	"resistance": 2,
	"maxStackSize": 4,
	"lightAbsorption": 0,
	"textures": {
		"Core": { "base": "game:block/clay/oven/base2" },
		"Frame": { "base": "game:block/metal/ingot/{frame}" }
	},
	"sounds": {
		"place": "game:block/anvil",
		"walk": "game:walk/stone",
		"break": "game:block/ceramicplace",
		"hit": "game:block/ceramichit"
	},
	"collisionboxesByType": {
		"*-burned-*-twoplate": [
			{
				"x1": 0.0625, "y1": 0, "z1": 0.0625, "x2": 0.9375, "y2": 0.625, "z2": 0.9375
			}
		],
		"*-burned-*-fourplate": [
			{
				"x1": 0.0625, "y1": 0, "z1": 0.0625, "x2": 0.9375, "y2": 0.625, "z2": 0.9375
			}
		]
	},
	"selectionboxesByType": {
		"*-burned-*-twoplate": [
			{
				"x1": 0.0625, "y1": 0, "z1": 0.0625, "x2": 0.9375, "y2": 0.625, "z2": 0.9375
			}
		],
		"*-burned-*-fourplate": [
			{
				"x1": 0.0625, "y1": 0, "z1": 0.0625, "x2": 0.9375, "y2": 0.625, "z2": 0.9375
			}
		]

	},

	"sideopaque": {
		"all": false
	},
	"sidesolid": {
		"all": false
	},
	"heldTpIdleAnimationByType": {
		"*": "holdbothhands"
	},
	"heldTpUseAnimationByType": {
		"*": "twohandplaceblock"
	},
	"guiTransform": {
		"translation": {
			"x": 0,
			"y": 11,
			"z": 0
		},
		"origin": {
			"x": 0.5,
			"y": 0.0625,
			"z": 0.5
		},
		"scale": 1.33
	},
	"fpHandTransform": {
		"translation": {
			"x": 0.2,
			"y": 0.3,
			"z": 0
		}
	},
	"tpHandTransform": {
		"translation": {
			"x": -1.1,
			"y": -1.4,
			"z": -1.2
		},
		"rotation": {
			"x": -137,
			"y": -17,
			"z": -80
		},
		"scale": 0.5
	},
	"groundTransform": {
		"translation": {
			"x": 0,
			"y": 0,
			"z": 0
		},
		"rotation": {
			"x": 0,
			"y": -45,
			"z": 0
		},
		"origin": {
			"x": 0.5,
			"y": 0,
			"z": 0.5
		},
		"scale": 4.7
	}
}
		
	
