{
	"editor": {
		"allAngles": false,
		"entityTextureMode": true
	},
	"textureWidth": 16,
	"textureHeight": 16,
	"textureSizes": {
	},
	"textures": {
	},
	"elements": [
		{
			"name": "origin",
			"from": [ 8.0, 0.0, 8.0 ], 
			"to": [ 8.0, 0.0, 8.0 ], 
			"uv": [ 0.0, 0.0 ],
			"rotationOrigin": [ 8.0, 0.0, 8.0 ],
			"faces": {
				"north": { "texture": "#material", "uv": [ 0.0, 0.0, 0.5, 0.5 ], "enabled": false },
				"east": { "texture": "#material", "uv": [ 0.0, 0.0, 0.5, 0.5 ], "enabled": false },
				"south": { "texture": "#material", "uv": [ 0.0, 0.0, 0.5, 0.5 ], "enabled": false },
				"west": { "texture": "#material", "uv": [ 0.0, 0.0, 0.5, 0.5 ], "enabled": false },
				"up": { "texture": "#material", "uv": [ 0.0, 0.0, 0.5, 0.5 ], "enabled": false },
				"down": { "texture": "#material", "uv": [ 0.0, 0.0, 0.5, 0.5 ], "enabled": false }
			},
			"children": [
				{
					"name": "Cube1",
					"from": [ -4.0, 0.0, 0.0 ], 
					"to": [ 2.0, 0.4, 6.0 ], 
					"autoUnwrap": false,
					"uv": [ 0.0, 0.0 ],
					"rotationOrigin": [ -1.0, 0.0, 3.0 ],
					"faces": {
						"north": { "texture": "#material", "uv": [ 9.3333, 11.3333, 15.3333, 12.0 ], "enabled": false },
						"east": { "texture": "#material", "uv": [ 1.33, 12.0, 7.33, 12.67 ], "autoUv": false },
						"south": { "texture": "#material", "uv": [ 6.0, 9.3333, 12.0, 10.0 ] },
						"west": { "texture": "#material", "uv": [ 4.6667, 11.3333, 10.6667, 12.0 ] },
						"up": { "texture": "#material", "uv": [ 5.3333, 6.0, 11.3333, 12.0 ] },
						"down": { "texture": "#material", "uv": [ 2.0, 2.6667, 8.0, 8.6667 ], "enabled": false }
					}
				},
				{
					"name": "Cube3",
					"from": [ -4.0, 0.0, -5.0 ], 
					"to": [ 2.0, 0.4, 0.0 ], 
					"autoUnwrap": false,
					"uv": [ 1.0, 4.0 ],
					"rotationOrigin": [ -1.0, 0.0, -2.0 ],
					"faces": {
						"north": { "texture": "#material", "uv": [ 5.3333, 2.0, 11.3333, 2.6667 ] },
						"east": { "texture": "#material", "uv": [ 10.0, 10.0, 14.67, 10.67 ], "autoUv": false },
						"south": { "texture": "#material", "uv": [ 2.6667, 8.0, 8.6667, 8.6667 ], "enabled": false },
						"west": { "texture": "#material", "uv": [ 5.3333, 12.6667, 10.0, 13.3333 ] },
						"up": { "texture": "#material", "uv": [ 0.0, 2.0, 6.0, 6.6667 ] },
						"down": { "texture": "#material", "uv": [ 9.3333, 3.3333, 15.3333, 8.0 ], "enabled": false }
					}
				},
				{
					"name": "Cube4",
					"from": [ -7.0, 0.0, -1.0 ], 
					"to": [ -4.0, 0.3, 2.0 ], 
					"autoUnwrap": false,
					"uv": [ 0.0, 0.0 ],
					"rotationOrigin": [ -4.0, 0.0, 2.0 ],
					"faces": {
						"north": { "texture": "#material", "uv": [ 8.6667, 0.0, 11.3333, 0.6667 ] },
						"east": { "texture": "#material", "uv": [ 3.3333, 12.6667, 6.0, 13.0 ], "enabled": false, "autoUv": false },
						"south": { "texture": "#material", "uv": [ 1.3333, 5.3333, 4.0, 6.0 ] },
						"west": { "texture": "#material", "uv": [ 5.3333, 14.6667, 8.0, 15.3333 ] },
						"up": { "texture": "#material", "uv": [ 12.0, 1.3333, 14.6667, 4.0 ] },
						"down": { "texture": "#material", "uv": [ 12.6667, 3.3333, 15.3333, 6.0 ], "enabled": false }
					}
				},
				{
					"name": "Cube5",
					"from": [ 2.0, 0.0, 0.0 ], 
					"to": [ 5.0, 0.4, 3.0 ], 
					"autoUnwrap": false,
					"uv": [ 0.0, 0.0 ],
					"rotationOrigin": [ 5.0, 0.0, 3.0 ],
					"faces": {
						"north": { "texture": "#material", "uv": [ 6.0, 14.0, 8.67, 14.67 ], "autoUv": false },
						"east": { "texture": "#material", "uv": [ 0.0, 1.3333, 2.6667, 2.0 ] },
						"south": { "texture": "#material", "uv": [ 3.3333, 1.3333, 6.0, 2.0 ] },
						"west": { "texture": "#material", "uv": [ 9.3333, 8.6667, 12.0, 9.0 ], "enabled": false, "autoUv": false },
						"up": { "texture": "#material", "uv": [ 5.3333, 12.0, 8.0, 14.6667 ] },
						"down": { "texture": "#material", "uv": [ 6.6667, 8.0, 9.3333, 10.6667 ], "enabled": false }
					}
				},
				{
					"name": "Cube6",
					"from": [ -8.0, 0.0, -5.0 ], 
					"to": [ -6.0, 0.3, -3.0 ], 
					"autoUnwrap": false,
					"uv": [ 0.0, 0.0 ],
					"rotationOrigin": [ -7.0, 0.0, -4.0 ],
					"faces": {
						"north": { "texture": "#material", "uv": [ 0.5, 2.0, 2.5, 2.5 ] },
						"east": { "texture": "#material", "uv": [ 5.0, 14.0, 7.0, 14.5 ] },
						"south": { "texture": "#material", "uv": [ 13.5, 14.0, 15.5, 14.5 ] },
						"west": { "texture": "#material", "uv": [ 10.0, 2.5, 12.0, 3.0 ] },
						"up": { "texture": "#material", "uv": [ 10.5, 9.5, 12.5, 11.5 ] },
						"down": { "texture": "#material", "uv": [ 6.5, 13.0, 8.5, 15.0 ], "enabled": false }
					}
				},
				{
					"name": "Cube7",
					"from": [ 4.0, 0.0, 5.0 ], 
					"to": [ 6.0, 0.3, 7.0 ], 
					"autoUnwrap": false,
					"uv": [ 0.0, 0.0 ],
					"rotationOrigin": [ 5.0, 0.0, 6.0 ],
					"faces": {
						"north": { "texture": "#material", "uv": [ 3.0, 9.5, 5.0, 10.0 ] },
						"east": { "texture": "#material", "uv": [ 2.5, 10.5, 4.5, 11.0 ] },
						"south": { "texture": "#material", "uv": [ 0.0, 14.0, 2.0, 14.5 ] },
						"west": { "texture": "#material", "uv": [ 8.0, 10.5, 10.0, 11.0 ] },
						"up": { "texture": "#material", "uv": [ 10.5, 0.5, 12.5, 2.5 ] },
						"down": { "texture": "#material", "uv": [ 0.0, 0.0, 2.0, 2.0 ], "enabled": false }
					}
				},
				{
					"name": "Cube8",
					"from": [ -7.0, 0.0, 3.0 ], 
					"to": [ -5.0, 0.3, 5.0 ], 
					"uv": [ 0.0, 0.5 ],
					"rotationOrigin": [ -6.0, 0.0, 4.0 ],
					"faces": {
						"north": { "texture": "#material", "uv": [ 0.0, 2.5, 2.0, 3.0 ] },
						"east": { "texture": "#material", "uv": [ 2.0, 2.5, 4.0, 3.0 ] },
						"south": { "texture": "#material", "uv": [ 4.0, 2.5, 6.0, 3.0 ] },
						"west": { "texture": "#material", "uv": [ 6.0, 2.5, 8.0, 3.0 ] },
						"up": { "texture": "#material", "uv": [ 0.0, 0.5, 2.0, 2.5 ] },
						"down": { "texture": "#material", "uv": [ 0.0, 0.0, 2.0, 2.0 ], "enabled": false }
					}
				},
				{
					"name": "Cube9",
					"from": [ 6.0, 0.0, -7.0 ], 
					"to": [ 8.0, 0.3, -5.0 ], 
					"uv": [ 2.0, 7.5 ],
					"rotationOrigin": [ 7.0, 0.0, -6.0 ],
					"faces": {
						"north": { "texture": "#material", "uv": [ 2.0, 9.5, 4.0, 10.0 ] },
						"east": { "texture": "#material", "uv": [ 4.0, 9.5, 6.0, 10.0 ] },
						"south": { "texture": "#material", "uv": [ 6.0, 9.5, 8.0, 10.0 ] },
						"west": { "texture": "#material", "uv": [ 8.0, 9.5, 10.0, 10.0 ] },
						"up": { "texture": "#material", "uv": [ 2.0, 7.5, 4.0, 9.5 ] },
						"down": { "texture": "#material", "uv": [ 0.0, 0.0, 2.0, 2.0 ], "enabled": false }
					}
				},
				{
					"name": "Cube10",
					"from": [ -1.0, 0.0, -8.0 ], 
					"to": [ 2.0, 0.3, -5.0 ], 
					"autoUnwrap": false,
					"uv": [ 0.0, 0.0 ],
					"rotationOrigin": [ 0.0, 0.0, -7.0 ],
					"faces": {
						"north": { "texture": "#material", "uv": [ 2.6667, 10.6667, 5.3333, 11.3333 ] },
						"east": { "texture": "#material", "uv": [ 11.3333, 3.3333, 14.0, 4.0 ] },
						"south": { "texture": "#material", "uv": [ 0.6667, 0.0, 3.5, 0.5 ], "enabled": false, "autoUv": false },
						"west": { "texture": "#material", "uv": [ 11.3333, 4.0, 14.0, 4.6667 ] },
						"up": { "texture": "#material", "uv": [ 8.6667, 2.0, 11.3333, 4.6667 ] },
						"down": { "texture": "#material", "uv": [ 1.3333, 5.3333, 4.0, 8.0 ], "enabled": false }
					}
				},
				{
					"name": "Cube11",
					"from": [ -3.0, 0.0, 6.0 ], 
					"to": [ 0.0, 0.3, 8.0 ], 
					"autoUnwrap": false,
					"uv": [ 0.0, 0.0 ],
					"rotationOrigin": [ -2.0, 0.0, 7.0 ],
					"faces": {
						"north": { "texture": "#material", "uv": [ 2.5, 0.5, 5.5, 1.0 ], "enabled": false },
						"east": { "texture": "#material", "uv": [ 13.5, 2.5, 15.5, 3.0 ] },
						"south": { "texture": "#material", "uv": [ 12.0, 4.5, 15.0, 5.0 ] },
						"west": { "texture": "#material", "uv": [ 9.0, 11.0, 11.0, 11.5 ] },
						"up": { "texture": "#material", "uv": [ 8.0, 5.0, 11.0, 7.0 ] },
						"down": { "texture": "#material", "uv": [ 0.0, 8.5, 3.0, 10.5 ], "enabled": false }
					}
				},
				{
					"name": "Cube12",
					"from": [ 2.0, 0.0, -4.0 ], 
					"to": [ 6.0, 0.3, 0.0 ], 
					"autoUnwrap": false,
					"uv": [ 0.0, 0.0 ],
					"rotationOrigin": [ 5.0, 0.0, -1.0 ],
					"faces": {
						"north": { "texture": "#material", "uv": [ 4.6667, 13.3333, 8.6667, 14.0 ] },
						"east": { "texture": "#material", "uv": [ 11.3333, 0.0, 15.3333, 0.6667 ] },
						"south": { "texture": "#material", "uv": [ 7.3333, 1.3333, 11.3333, 2.0 ] },
						"west": { "texture": "#material", "uv": [ 0.0, 8.6667, 4.0, 9.0 ], "enabled": false, "autoUv": false },
						"up": { "texture": "#material", "uv": [ 5.3333, 9.3333, 9.3333, 13.3333 ] },
						"down": { "texture": "#material", "uv": [ 3.3333, 6.6667, 7.3333, 10.6667 ], "enabled": false }
					}
				},
				{
					"name": "Cube13",
					"from": [ 3.0, 0.0, 4.0 ], 
					"to": [ 4.0, 0.3, 5.0 ], 
					"uv": [ 8.5, 9.5 ],
					"rotationOrigin": [ 4.0, 0.0, 5.0 ],
					"faces": {
						"north": { "texture": "#material", "uv": [ 8.5, 10.5, 9.5, 11.0 ] },
						"east": { "texture": "#material", "uv": [ 9.5, 10.5, 10.5, 11.0 ] },
						"south": { "texture": "#material", "uv": [ 10.5, 10.5, 11.5, 11.0 ] },
						"west": { "texture": "#material", "uv": [ 11.5, 10.5, 12.5, 11.0 ] },
						"up": { "texture": "#material", "uv": [ 8.5, 9.5, 9.5, 10.5 ] },
						"down": { "texture": "#material", "uv": [ 0.0, 0.0, 1.0, 1.0 ], "enabled": false }
					}
				},
				{
					"name": "Cube14",
					"from": [ -6.0, 0.0, 6.0 ], 
					"to": [ -5.0, 0.3, 7.0 ], 
					"uv": [ 0.0, 7.5 ],
					"rotationOrigin": [ -5.0, 0.0, 7.0 ],
					"faces": {
						"north": { "texture": "#material", "uv": [ 0.0, 8.5, 1.0, 9.0 ] },
						"east": { "texture": "#material", "uv": [ 1.0, 8.5, 2.0, 9.0 ] },
						"south": { "texture": "#material", "uv": [ 2.0, 8.5, 3.0, 9.0 ] },
						"west": { "texture": "#material", "uv": [ 3.0, 8.5, 4.0, 9.0 ] },
						"up": { "texture": "#material", "uv": [ 0.0, 7.5, 1.0, 8.5 ] },
						"down": { "texture": "#material", "uv": [ 0.0, 0.0, 1.0, 1.0 ], "enabled": false }
					}
				},
				{
					"name": "Cube15",
					"from": [ -5.0, 0.0, -7.0 ], 
					"to": [ -4.0, 0.3, -6.0 ], 
					"uv": [ 3.0, 9.0 ],
					"rotationOrigin": [ -4.0, 0.0, -6.0 ],
					"faces": {
						"north": { "texture": "#material", "uv": [ 3.0, 10.0, 4.0, 10.5 ] },
						"east": { "texture": "#material", "uv": [ 4.0, 10.0, 5.0, 10.5 ] },
						"south": { "texture": "#material", "uv": [ 5.0, 10.0, 6.0, 10.5 ] },
						"west": { "texture": "#material", "uv": [ 6.0, 10.0, 7.0, 10.5 ] },
						"up": { "texture": "#material", "uv": [ 3.0, 9.0, 4.0, 10.0 ] },
						"down": { "texture": "#material", "uv": [ 0.0, 0.0, 1.0, 1.0 ], "enabled": false }
					}
				},
				{
					"name": "Cube16",
					"from": [ 3.0, 0.0, -6.0 ], 
					"to": [ 4.0, 0.4, -5.0 ], 
					"uv": [ 10.5, 4.0 ],
					"rotationOrigin": [ 4.0, 0.0, -5.0 ],
					"faces": {
						"north": { "texture": "#material", "uv": [ 10.5, 5.0, 11.5, 5.5 ] },
						"east": { "texture": "#material", "uv": [ 11.5, 5.0, 12.5, 5.5 ] },
						"south": { "texture": "#material", "uv": [ 12.5, 5.0, 13.5, 5.5 ] },
						"west": { "texture": "#material", "uv": [ 13.5, 5.0, 14.5, 5.5 ] },
						"up": { "texture": "#material", "uv": [ 10.5, 4.0, 11.5, 5.0 ] },
						"down": { "texture": "#material", "uv": [ 0.0, 0.0, 1.0, 1.0 ], "enabled": false }
					}
				},
				{
					"name": "Cube17",
					"from": [ 7.0, 0.0, 1.0 ], 
					"to": [ 8.0, 0.4, 2.0 ], 
					"uv": [ 1.5, 9.0 ],
					"rotationOrigin": [ 8.0, 0.0, 2.0 ],
					"faces": {
						"north": { "texture": "#material", "uv": [ 1.5, 10.0, 2.5, 10.5 ] },
						"east": { "texture": "#material", "uv": [ 2.5, 10.0, 3.5, 10.5 ] },
						"south": { "texture": "#material", "uv": [ 3.5, 10.0, 4.5, 10.5 ] },
						"west": { "texture": "#material", "uv": [ 4.5, 10.0, 5.5, 10.5 ] },
						"up": { "texture": "#material", "uv": [ 1.5, 9.0, 2.5, 10.0 ] },
						"down": { "texture": "#material", "uv": [ 0.0, 0.0, 1.0, 1.0 ], "enabled": false }
					}
				}
			]
		}
	]}