{
	"editor": {
		"collapsedPaths": "Root/Body/abdomen,Root/Body/Left Shoulder,Root/Body/Right Shoulder",
		"allAngles": true,
		"entityTextureMode": true
	},
	"textureWidth": 28,
	"textureHeight": 48,
	"textureSizes": {
		"skin": [28,48]
	},
	"textures": {
	},
	"elements": [
		{
			"name": "Neck",
			"from": [ 14.7, 10.0, 7.1 ],
			"to": [ 17.6, 12.6, 9.1 ],
			"unwrapMode": 2,
			"uv": [ 1.5, 7.0 ],
			"rotationOrigin": [ 17.1, 10.0, 8.0 ],
			"rotationX": 12.0,
			"rotationZ": 70.0,
			"faces": {
				"north": { "texture": "#skin", "uv": [ 6.0, 9.5, 8.5, 12.0 ], "windMode": [-1,-1,-1,-1], "windData": [0,0,1,0] },
				"east": { "texture": "#skin", "uv": [ 4.0, 9.5, 6.0, 12.0 ], "windMode": [-1,-1,-1,-1], "windData": [1,0,0,1] },
				"south": { "texture": "#skin", "uv": [ 1.5, 9.5, 4.0, 12.0 ] },
				"west": { "texture": "#skin", "uv": [ 8.5, 9.5, 10.5, 12.0 ] },
				"up": { "texture": "#skin", "uv": [ 4.0, 7.0, 6.0, 9.5 ], "rotation": 270 }
			},
			"children": [
				{
					"name": "Neck2",
					"from": [ 0.5, 0.6, 0.1 ],
					"to": [ 2.5, 4.1, 1.9 ],
					"unwrapMode": 2,
					"autoUnwrap": false,
					"uv": [ 2.5, 0.38 ],
					"rotationOrigin": [ 2.7, 2.1, 0.9 ],
					"rotationX": 25.0,
					"rotationY": 18.0,
					"rotationZ": -45.0,
					"faces": {
						"north": { "texture": "#skin", "uv": [ 6.0, 2.5, 8.0, 6.0 ] },
						"east": { "texture": "#skin", "uv": [ 4.5, 2.5, 6.0, 6.0 ] },
						"south": { "texture": "#skin", "uv": [ 2.5, 2.5, 4.5, 6.0 ] },
						"west": { "texture": "#skin", "uv": [ 8.0, 2.5, 9.5, 6.0 ] },
						"up": { "texture": "#skin", "uv": [ 4.5, 0.5, 6.0, 2.5 ], "rotation": 270 },
						"down": { "texture": "#skin", "uv": [ 4.5, 0.5, 6.0, 2.5 ], "rotation": 90, "windMode": [-1,-1,-1,-1] }
					},
					"children": [
						{
							"name": "Head",
							"from": [ -0.5, 1.7, -0.4 ],
							"to": [ 1.6, 4.0, 1.8 ],
							"unwrapMode": 4,
							"uv": [ 1.5, 37.0 ],
							"rotationOrigin": [ 1.8, 3.2, 0.9 ],
							"rotationX": 8.0,
							"rotationY": 8.0,
							"rotationZ": -35.0,
							"faces": {
								"north": { "texture": "#skin", "uv": [ 1.5, 39.0, 3.5, 41.0 ] },
								"east": { "texture": "#skin", "uv": [ 7.5, 39.0, 9.5, 41.0 ] },
								"south": { "texture": "#skin", "uv": [ 5.5, 39.0, 7.5, 41.0 ] },
								"west": { "texture": "#skin", "uv": [ 3.5, 39.0, 5.5, 41.0 ] },
								"up": { "texture": "#skin", "uv": [ 3.5, 37.0, 5.5, 39.0 ], "rotation": 90 },
								"down": { "texture": "#skin", "uv": [ 3.5, 41.0, 5.5, 43.0 ], "rotation": 90 }
							},
							"children": [
								{
									"name": "MouthUp",
									"from": [ -1.3, 0.3, 0.5 ],
									"to": [ 0.2, 0.9, 1.7 ],
									"unwrapMode": 5,
									"unwrapRotation": 1,
									"uv": [ 10.5, 42.5 ],
									"rotationOrigin": [ 0.3, 1.0, 1.1 ],
									"rotationZ": 45.0,
									"faces": {
										"north": { "texture": "#skin", "uv": [ 10.5, 42.5, 11.0, 44.0 ], "rotation": 270 },
										"south": { "texture": "#skin", "uv": [ 12.0, 42.5, 12.5, 44.0 ], "rotation": 90 },
										"west": { "texture": "#skin", "uv": [ 11.0, 44.0, 12.0, 44.5 ] },
										"up": { "texture": "#skin", "uv": [ 11.0, 42.5, 12.0, 44.0 ], "rotation": 90 },
										"down": { "texture": "#skin", "uv": [ 12.5, 42.5, 13.5, 44.0 ], "rotation": 270 }
									},
									"children": [
										{
											"name": "Snout",
											"from": [ -0.1, 0.2, 0.15 ],
											"to": [ 0.5, 0.7, 1.05 ],
											"unwrapMode": 4,
											"uv": [ 12.5, 13.5 ],
											"rotationOrigin": [ -0.1, 0.8, 0.6 ],
											"faces": {
												"north": { "texture": "#skin", "uv": [ 12.5, 14.0, 13.0, 14.5 ], "windMode": [-1,-1,-1,-1], "windData": [1,1,1,1] },
												"east": { "texture": "#skin", "uv": [ 14.0, 14.0, 14.5, 14.5 ], "windMode": [-1,-1,-1,-1], "windData": [1,1,1,1] },
												"south": { "texture": "#skin", "uv": [ 13.5, 14.0, 14.0, 14.5 ], "windMode": [-1,-1,-1,-1], "windData": [1,1,1,1] },
												"west": { "texture": "#skin", "uv": [ 13.0, 14.0, 13.5, 14.5 ], "windMode": [-1,-1,-1,-1], "windData": [1,1,1,1] },
												"up": { "texture": "#skin", "uv": [ 13.0, 13.5, 13.5, 14.0 ], "rotation": 90, "windMode": [-1,-1,-1,-1], "windData": [1,1,1,1] },
												"down": { "texture": "#skin", "uv": [ 13.0, 14.5, 13.5, 15.0 ], "rotation": 90, "windMode": [-1,-1,-1,-1], "windData": [1,1,1,1] }
											}
										},
										{
											"name": "Nose",
											"from": [ 0.3, 0.2, 0.1 ],
											"to": [ 2.4, 0.6, 1.1 ],
											"unwrapMode": 5,
											"unwrapRotation": 1,
											"uv": [ 10.5, 39.5 ],
											"rotationOrigin": [ 0.3, 0.2, 0.4 ],
											"rotationZ": 16.0,
											"faces": {
												"north": { "texture": "#skin", "uv": [ 10.5, 39.5, 11.0, 41.5 ], "rotation": 270 },
												"south": { "texture": "#skin", "uv": [ 12.0, 39.5, 12.5, 41.5 ], "rotation": 90 },
												"up": { "texture": "#skin", "uv": [ 11.0, 39.5, 12.0, 41.5 ], "rotation": 90 }
											}
										}
									]
								},
								{
									"name": "R Ear",
									"from": [ 1.5, 1.5, -0.7 ],
									"to": [ 1.8, 2.5, 0.3 ],
									"unwrapMode": 4,
									"unwrapRotation": 1,
									"autoUnwrap": false,
									"uv": [ 9.5, 36.5 ],
									"rotationOrigin": [ 1.6, 1.9, 0.3 ],
									"rotationX": 65.0,
									"rotationZ": 22.0,
									"faces": {
										"north": { "texture": "#skin", "uv": [ 10.0, 36.0, 11.0, 36.5 ], "rotation": 90, "windMode": [-1,-1,-1,-1] },
										"east": { "texture": "#skin", "uv": [ 11.5, 36.5, 12.5, 37.5 ], "rotation": 270, "windMode": [-1,-1,-1,-1] },
										"west": { "texture": "#skin", "uv": [ 10.0, 36.5, 11.0, 37.5 ], "rotation": 90, "windMode": [-1,-1,-1,-1] },
										"up": { "texture": "#skin", "uv": [ 9.5, 36.5, 10.0, 37.5 ], "rotation": 180, "windMode": [-1,-1,-1,-1] },
										"down": { "texture": "#skin", "uv": [ 11.0, 36.5, 11.5, 37.5 ], "rotation": 180, "windMode": [-1,-1,-1,-1] }
									},
									"children": [
										{
											"name": "R Ear2",
											"from": [ 0.0, 0.4, -1.5 ],
											"to": [ 0.3, 1.0, 0.0 ],
											"unwrapMode": 4,
											"unwrapRotation": 1,
											"autoUnwrap": false,
											"uv": [ 12.0, 34.0 ],
											"rotationOrigin": [ 0.1, 1.0, 0.0 ],
											"rotationX": -16.0,
											"rotationZ": 1.0,
											"faces": {
												"north": { "texture": "#skin", "uv": [ 10.0, 35.0, 10.5, 35.5 ], "rotation": 90, "windMode": [-1,-1,-1,-1] },
												"east": { "texture": "#skin", "uv": [ 11.0, 36.0, 11.5, 37.5 ], "rotation": 270, "windMode": [-1,-1,-1,-1] },
												"west": { "texture": "#skin", "uv": [ 10.0, 35.5, 10.5, 37.0 ], "rotation": 90, "windMode": [-1,-1,-1,-1] },
												"up": { "texture": "#skin", "uv": [ 9.5, 35.5, 10.0, 37.0 ], "rotation": 180, "windMode": [-1,-1,-1,-1] },
												"down": { "texture": "#skin", "uv": [ 10.5, 35.5, 11.0, 37.0 ], "rotation": 180, "windMode": [-1,-1,-1,-1] }
											}
										},
										{
											"name": "R Ear3",
											"from": [ 0.0, -0.2, -0.5 ],
											"to": [ 0.3, 0.8, 0.5 ],
											"unwrapMode": 4,
											"unwrapRotation": 1,
											"autoUnwrap": false,
											"uv": [ 9.5, 36.5 ],
											"rotationOrigin": [ 0.1, 0.2, 0.5 ],
											"rotationX": -16.0,
											"rotationZ": -2.0,
											"faces": {
												"north": { "texture": "#skin", "uv": [ 10.0, 36.0, 11.0, 36.5 ], "rotation": 90, "windMode": [-1,-1,-1,-1] },
												"east": { "texture": "#skin", "uv": [ 11.5, 36.5, 12.5, 37.5 ], "rotation": 270, "windMode": [-1,-1,-1,-1] },
												"west": { "texture": "#skin", "uv": [ 10.0, 36.5, 11.0, 37.5 ], "rotation": 90, "windMode": [-1,-1,-1,-1] },
												"up": { "texture": "#skin", "uv": [ 9.5, 36.5, 10.0, 37.5 ], "rotation": 180, "windMode": [-1,-1,-1,-1] },
												"down": { "texture": "#skin", "uv": [ 11.0, 36.5, 11.5, 37.5 ], "rotation": 180, "windMode": [-1,-1,-1,-1] }
											},
											"children": [
												{
													"name": "R Ear4",
													"from": [ 0.0, 0.0, -1.0 ],
													"to": [ 0.3, 0.6, 0.0 ],
													"unwrapMode": 4,
													"unwrapRotation": 1,
													"autoUnwrap": false,
													"uv": [ 13.0, 32.0 ],
													"rotationOrigin": [ 0.1, 0.0, 0.0 ],
													"rotationX": 43.0,
													"rotationZ": -2.0,
													"faces": {
														"north": { "texture": "#skin", "uv": [ 10.5, 35.0, 11.0, 35.5 ], "rotation": 90, "windMode": [-1,-1,-1,-1] },
														"east": { "texture": "#skin", "uv": [ 11.5, 35.5, 12.0, 36.5 ], "rotation": 270, "windMode": [-1,-1,-1,-1] },
														"west": { "texture": "#skin", "uv": [ 10.5, 35.5, 11.0, 36.5 ], "rotation": 90, "windMode": [-1,-1,-1,-1] },
														"up": { "texture": "#skin", "uv": [ 10.0, 35.5, 10.5, 36.5 ], "rotation": 180, "windMode": [-1,-1,-1,-1] },
														"down": { "texture": "#skin", "uv": [ 11.0, 35.5, 11.5, 36.5 ], "rotation": 180, "windMode": [-1,-1,-1,-1] }
													}
												}
											]
										}
									]
								},
								{
									"name": "L Ear",
									"from": [ 1.5, 1.5, 1.8 ],
									"to": [ 1.8, 2.5, 2.8 ],
									"unwrapMode": 4,
									"unwrapRotation": 1,
									"uv": [ 6.0, 36.0 ],
									"rotationOrigin": [ 1.6, 1.9, 1.8 ],
									"rotationX": -65.0,
									"rotationZ": 22.0,
									"faces": {
										"east": { "texture": "#skin", "uv": [ 8.0, 36.5, 9.0, 37.5 ], "rotation": 270, "windMode": [-1,-1,-1,-1] },
										"south": { "texture": "#skin", "uv": [ 6.5, 36.0, 7.5, 36.5 ], "rotation": 90, "windMode": [-1,-1,-1,-1] },
										"west": { "texture": "#skin", "uv": [ 6.5, 36.5, 7.5, 37.5 ], "rotation": 90, "windMode": [-1,-1,-1,-1] },
										"up": { "texture": "#skin", "uv": [ 6.0, 36.5, 6.5, 37.5 ], "rotation": 180, "windMode": [-1,-1,-1,-1] },
										"down": { "texture": "#skin", "uv": [ 7.5, 36.5, 8.0, 37.5 ], "rotation": 180, "windMode": [-1,-1,-1,-1] }
									},
									"children": [
										{
											"name": "L Ear2",
											"from": [ 0.0, 0.4, 1.0 ],
											"to": [ 0.3, 1.0, 2.5 ],
											"unwrapMode": 4,
											"unwrapRotation": 1,
											"uv": [ 6.0, 35.0 ],
											"rotationOrigin": [ 0.1, 1.0, 1.0 ],
											"rotationX": 16.0,
											"rotationZ": -1.0,
											"faces": {
												"east": { "texture": "#skin", "uv": [ 7.5, 35.5, 8.0, 37.0 ], "rotation": 270, "windMode": [-1,-1,-1,-1] },
												"south": { "texture": "#skin", "uv": [ 6.5, 35.0, 7.0, 35.5 ], "rotation": 90, "windMode": [-1,-1,-1,-1] },
												"west": { "texture": "#skin", "uv": [ 6.5, 35.5, 7.0, 37.0 ], "rotation": 90, "windMode": [-1,-1,-1,-1] },
												"up": { "texture": "#skin", "uv": [ 6.0, 35.5, 6.5, 37.0 ], "rotation": 180, "windMode": [-1,-1,-1,-1] },
												"down": { "texture": "#skin", "uv": [ 7.0, 35.5, 7.5, 37.0 ], "rotation": 180, "windMode": [-1,-1,-1,-1] }
											}
										},
										{
											"name": "L Ear3",
											"from": [ 0.0, -0.2, 0.5 ],
											"to": [ 0.3, 0.8, 1.5 ],
											"unwrapMode": 4,
											"unwrapRotation": 1,
											"uv": [ 6.0, 36.0 ],
											"rotationOrigin": [ 0.1, 0.2, 0.5 ],
											"rotationX": 16.0,
											"rotationZ": -2.0,
											"faces": {
												"east": { "texture": "#skin", "uv": [ 8.0, 36.5, 9.0, 37.5 ], "rotation": 270, "windMode": [-1,-1,-1,-1] },
												"south": { "texture": "#skin", "uv": [ 6.5, 36.0, 7.5, 36.5 ], "rotation": 90, "windMode": [-1,-1,-1,-1] },
												"west": { "texture": "#skin", "uv": [ 6.5, 36.5, 7.5, 37.5 ], "rotation": 90, "windMode": [-1,-1,-1,-1] },
												"up": { "texture": "#skin", "uv": [ 6.0, 36.5, 6.5, 37.5 ], "rotation": 180, "windMode": [-1,-1,-1,-1] },
												"down": { "texture": "#skin", "uv": [ 7.5, 36.5, 8.0, 37.5 ], "rotation": 180, "windMode": [-1,-1,-1,-1] }
											},
											"children": [
												{
													"name": "L Ear4",
													"from": [ 0.0, 0.0, 1.0 ],
													"to": [ 0.3, 0.6, 2.0 ],
													"unwrapMode": 4,
													"unwrapRotation": 1,
													"uv": [ 6.5, 35.0 ],
													"rotationOrigin": [ 0.1, 0.0, 1.0 ],
													"rotationX": -43.0,
													"rotationZ": -2.0,
													"faces": {
														"east": { "texture": "#skin", "uv": [ 8.0, 35.5, 8.5, 36.5 ], "rotation": 270, "windMode": [-1,-1,-1,-1] },
														"south": { "texture": "#skin", "uv": [ 7.0, 35.0, 7.5, 35.5 ], "rotation": 90, "windMode": [-1,-1,-1,-1] },
														"west": { "texture": "#skin", "uv": [ 7.0, 35.5, 7.5, 36.5 ], "rotation": 90, "windMode": [-1,-1,-1,-1] },
														"up": { "texture": "#skin", "uv": [ 6.5, 35.5, 7.0, 36.5 ], "rotation": 180, "windMode": [-1,-1,-1,-1] },
														"down": { "texture": "#skin", "uv": [ 7.5, 35.5, 8.0, 36.5 ], "rotation": 180, "windMode": [-1,-1,-1,-1] }
													}
												}
											]
										}
									]
								},
								{
									"name": "Jaw",
									"from": [ 0.0, 0.0, 0.6 ],
									"to": [ 1.0, 1.0, 1.6 ],
									"unwrapMode": 5,
									"unwrapRotation": 1,
									"uv": [ 6.0, 42.5 ],
									"rotationOrigin": [ 1.0, 0.6, 1.1 ],
									"rotationZ": 23.0,
									"faces": {
										"north": { "texture": "#skin", "uv": [ 6.0, 42.5, 7.0, 43.5 ], "rotation": 270 },
										"south": { "texture": "#skin", "uv": [ 8.0, 42.5, 9.0, 43.5 ], "rotation": 90 },
										"west": { "texture": "#skin", "uv": [ 7.0, 43.5, 8.0, 44.5 ] },
										"up": { "texture": "#skin", "uv": [ 7.0, 42.5, 8.0, 43.5 ], "rotation": 90 },
										"down": { "texture": "#skin", "uv": [ 9.0, 42.5, 10.0, 43.5 ], "rotation": 270 }
									},
									"children": [
										{
											"name": "Jaw2",
											"from": [ -0.8, 0.0, 0.01 ],
											"to": [ 0.0, 0.5, 1.01 ],
											"unwrapMode": 5,
											"unwrapRotation": 1,
											"uv": [ 6.5, 43.5 ],
											"rotationOrigin": [ 0.0, 0.5, 0.5 ],
											"rotationX": 1.0,
											"rotationZ": 19.0,
											"faces": {
												"north": { "texture": "#skin", "uv": [ 6.5, 43.5, 7.0, 44.0 ], "rotation": 270 },
												"south": { "texture": "#skin", "uv": [ 8.0, 43.5, 8.5, 44.0 ], "rotation": 90 },
												"west": { "texture": "#skin", "uv": [ 7.0, 44.0, 8.0, 44.5 ] },
												"up": { "texture": "#skin", "uv": [ 7.0, 43.5, 8.0, 44.0 ], "rotation": 90 },
												"down": { "texture": "#skin", "uv": [ 8.5, 43.5, 9.5, 44.0 ], "rotation": 270 }
											}
										}
									]
								},
								{
									"name": "L Eye",
									"from": [ 0.29, 0.8, 1.81 ],
									"to": [ 0.89, 1.1, 2.21 ],
									"unwrapMode": 5,
									"uv": [ 14.0, 17.0 ],
									"rotationOrigin": [ 0.2, 0.8, 1.8 ],
									"rotationZ": 20.0,
									"faces": {
										"east": { "texture": "#skin", "uv": [ 14.5, 17.0, 15.0, 17.5 ], "rotation": 90 },
										"south": { "texture": "#skin", "uv": [ 14.5, 17.5, 15.0, 18.0 ] },
										"west": { "texture": "#skin", "uv": [ 14.0, 17.0, 14.5, 17.5 ], "rotation": 270 },
										"down": { "texture": "#skin", "uv": [ 15.0, 17.0, 15.5, 17.5 ] }
									},
									"children": [
										{
											"name": "L Eye2",
											"from": [ 0.0, 0.3, 0.0 ],
											"to": [ 0.6, 0.6, 0.4 ],
											"unwrapMode": 5,
											"uv": [ 14.0, 19.0 ],
											"rotationOrigin": [ 0.0, 0.3, -0.01 ],
											"faces": {
												"east": { "texture": "#skin", "uv": [ 15.0, 19.0, 15.5, 19.5 ], "rotation": 90 },
												"south": { "texture": "#skin", "uv": [ 14.5, 19.5, 15.0, 20.0 ] },
												"west": { "texture": "#skin", "uv": [ 14.0, 19.0, 14.5, 19.5 ], "rotation": 270 },
												"up": { "texture": "#skin", "uv": [ 14.5, 19.0, 15.0, 19.5 ] }
											}
										},
										{
											"name": "L Pupil",
											"from": [ 0.1, 0.2, 0.31 ],
											"to": [ 0.4, 0.4, 0.41 ],
											"unwrapMode": 5,
											"uv": [ 15.0, 19.5 ],
											"rotationOrigin": [ 0.1, 0.2, 0.39 ],
											"faces": {
												"east": { "texture": "#skin", "uv": [ 16.0, 20.0, 16.5, 20.5 ], "rotation": 90 },
												"south": { "texture": "#skin", "uv": [ 15.5, 20.5, 16.0, 21.0 ] },
												"west": { "texture": "#skin", "uv": [ 15.0, 20.0, 15.5, 20.5 ], "rotation": 270 },
												"up": { "texture": "#skin", "uv": [ 15.5, 20.0, 16.0, 20.5 ] },
												"down": { "texture": "#skin", "uv": [ 16.5, 20.0, 17.0, 20.5 ] }
											}
										}
									]
								},
								{
									"name": "R Eye",
									"from": [ 0.29, 0.8, -0.01 ],
									"to": [ 0.89, 1.1, 0.39 ],
									"unwrapMode": 5,
									"uv": [ 14.0, 16.5 ],
									"rotationOrigin": [ 0.2, 0.8, 0.0 ],
									"rotationZ": 20.0,
									"faces": {
										"north": { "texture": "#skin", "uv": [ 14.5, 16.5, 15.0, 17.0 ], "rotation": 180 },
										"east": { "texture": "#skin", "uv": [ 14.5, 17.0, 15.0, 17.5 ], "rotation": 90, "windMode": [-1,-1,-1,-1] },
										"west": { "texture": "#skin", "uv": [ 14.0, 17.0, 14.5, 17.5 ], "rotation": 270, "windMode": [-1,-1,-1,-1] },
										"down": { "texture": "#skin", "uv": [ 15.0, 17.0, 15.5, 17.5 ], "windMode": [-1,-1,-1,-1] }
									},
									"children": [
										{
											"name": "R Eye2",
											"from": [ 0.0, 0.3, 0.0 ],
											"to": [ 0.6, 0.6, 0.4 ],
											"unwrapMode": 5,
											"uv": [ 14.0, 18.5 ],
											"rotationOrigin": [ 0.0, 0.3, 0.01 ],
											"faces": {
												"north": { "texture": "#skin", "uv": [ 14.5, 18.5, 15.0, 19.0 ], "rotation": 180 },
												"east": { "texture": "#skin", "uv": [ 15.0, 19.0, 15.5, 19.5 ], "rotation": 90 },
												"west": { "texture": "#skin", "uv": [ 14.0, 19.0, 14.5, 19.5 ], "rotation": 270 },
												"up": { "texture": "#skin", "uv": [ 14.5, 19.0, 15.0, 19.5 ] }
											}
										},
										{
											"name": "R Pupil",
											"from": [ 0.1, 0.2, -0.01 ],
											"to": [ 0.4, 0.4, 0.09 ],
											"unwrapMode": 5,
											"uv": [ 15.0, 19.5 ],
											"rotationOrigin": [ 0.1, 0.2, -0.01 ],
											"faces": {
												"north": { "texture": "#skin", "uv": [ 15.5, 19.5, 16.0, 20.0 ], "rotation": 180 },
												"east": { "texture": "#skin", "uv": [ 16.0, 20.0, 16.5, 20.5 ], "rotation": 90 },
												"west": { "texture": "#skin", "uv": [ 15.0, 20.0, 15.5, 20.5 ], "rotation": 270 },
												"up": { "texture": "#skin", "uv": [ 15.5, 20.0, 16.0, 20.5 ] },
												"down": { "texture": "#skin", "uv": [ 16.5, 20.0, 17.0, 20.5 ], "windMode": [-1,-1,-1,-1] }
											}
										}
									]
								}
							]
						}
					]
				}
			]
		}
	]}