{
	"editor": {
		"collapsedPaths": "",
		"allAngles": true,
		"entityTextureMode": true
	},
	"textureWidth": 40,
	"textureHeight": 48,
	"textureSizes": {
		"skin": [40,48]
	},
	"textures": {
	},
	"elements": [
		{
			"name": "Origin",
			"from": [ 8.0, 0.0, 8.0 ],
			"to": [ 8.0, 0.0, 8.0 ],
			"uv": [ 0.0, 0.0 ],
			"rotationOrigin": [ 8.0, 0.0, 8.0 ],
			"faces": {
			},
			"children": [
				{
					"name": "Rear",
					"from": [ 2.6, 8.0, -2.05 ],
					"to": [ 6.6, 13.0, 2.05 ],
					"unwrapMode": 7,
					"unwrapRotation": 1,
					"autoUnwrap": false,
					"uv": [ 0.5, 25.5 ],
					"rotationOrigin": [ 2.6, 11.3, 0.0 ],
					"rotationZ": -9.0,
					"faces": {
						"north": { "texture": "#skin", "uv": [ 9.5, 32.0, 14.5, 36.0 ], "rotation": 90 },
						"east": { "texture": "#skin", "uv": [ 5.5, 36.0, 9.5, 41.0 ] },
						"south": { "texture": "#skin", "uv": [ 0.5, 32.0, 5.5, 36.0 ], "rotation": 270 },
						"west": { "texture": "#skin", "uv": [ 16.0, 42.0, 20.0, 47.0 ], "windMode": [-1,-1,-1,-1] },
						"up": { "texture": "#skin", "uv": [ 5.5, 32.0, 9.5, 36.0 ], "rotation": 270 },
						"down": { "texture": "#skin", "uv": [ 14.5, 32.0, 18.5, 36.0 ], "rotation": 90 }
					},
					"children": [
						{
							"name": "L Haunch",
							"from": [ 0.9, -0.4, 3.2 ],
							"to": [ 3.9, 4.1, 4.7 ],
							"unwrapMode": 3,
							"uv": [ 19.0, 23.5 ],
							"rotationOrigin": [ 2.4, 3.0, 3.9 ],
							"rotationX": 3.0,
							"rotationZ": 2.0,
							"faces": {
								"north": { "texture": "#skin", "uv": [ 25.0, 25.0, 28.0, 29.5 ] },
								"east": { "texture": "#skin", "uv": [ 23.5, 25.0, 25.0, 29.5 ] },
								"south": { "texture": "#skin", "uv": [ 20.5, 25.0, 23.5, 29.5 ] },
								"west": { "texture": "#skin", "uv": [ 19.0, 25.0, 20.5, 29.5 ] },
								"up": { "texture": "#skin", "uv": [ 20.5, 23.5, 23.5, 25.0 ], "windMode": [-1,-1,-1,-1], "windData": [0,0,1,1] },
								"down": { "texture": "#skin", "uv": [ 20.5, 29.5, 23.5, 31.0 ], "rotation": 180 }
							},
							"children": [
								{
									"name": "L LegUp",
									"from": [ 0.0, -4.5, 0.15 ],
									"to": [ 1.5, 0.0, 1.35 ],
									"unwrapMode": 3,
									"uv": [ 20.5, 31.5 ],
									"rotationOrigin": [ 0.0, 0.0, 0.75 ],
									"rotationX": 1.0,
									"rotationZ": 60.0,
									"faces": {
										"north": { "texture": "#skin", "uv": [ 24.0, 32.5, 25.5, 37.0 ] },
										"east": { "texture": "#skin", "uv": [ 23.0, 32.5, 24.0, 37.0 ] },
										"south": { "texture": "#skin", "uv": [ 21.5, 32.5, 23.0, 37.0 ] },
										"west": { "texture": "#skin", "uv": [ 20.5, 32.5, 21.5, 37.0 ] },
										"up": { "texture": "#skin", "uv": [ 21.5, 31.5, 23.0, 32.5 ] },
										"down": { "texture": "#skin", "uv": [ 21.5, 37.0, 23.0, 38.0 ], "rotation": 180 }
									},
									"children": [
										{
											"name": "L LegLow",
											"from": [ 0.5, -4.5, 0.15 ],
											"to": [ 1.5, 0.5, 1.05 ],
											"unwrapMode": 3,
											"uv": [ 21.0, 38.5 ],
											"rotationOrigin": [ 1.1, 0.3, 0.6 ],
											"rotationX": -4.0,
											"rotationZ": -57.0,
											"faces": {
												"north": { "texture": "#skin", "uv": [ 23.0, 39.0, 24.0, 44.0 ] },
												"east": { "texture": "#skin", "uv": [ 22.5, 39.0, 23.0, 44.0 ] },
												"south": { "texture": "#skin", "uv": [ 21.5, 39.0, 22.5, 44.0 ] },
												"west": { "texture": "#skin", "uv": [ 21.0, 39.0, 21.5, 44.0 ] },
												"up": { "texture": "#skin", "uv": [ 21.5, 38.5, 22.5, 39.0 ] },
												"down": { "texture": "#skin", "uv": [ 21.5, 44.0, 22.5, 44.5 ], "rotation": 180 }
											},
											"children": [
												{
													"name": "L Hind Pastern",
													"from": [ 0.1, -0.9, 0.1 ],
													"to": [ 0.9, 0.6, 0.8 ],
													"unwrapMode": 3,
													"uv": [ 21.0, 45.0 ],
													"rotationOrigin": [ 0.5, 0.5, 0.45 ],
													"rotationZ": -11.0,
													"faces": {
														"north": { "texture": "#skin", "uv": [ 22.5, 45.5, 23.0, 47.0 ] },
														"east": { "texture": "#skin", "uv": [ 22.0, 45.5, 22.5, 47.0 ] },
														"south": { "texture": "#skin", "uv": [ 21.5, 45.5, 22.0, 47.0 ] },
														"west": { "texture": "#skin", "uv": [ 21.0, 45.5, 21.5, 47.0 ] },
														"up": { "texture": "#skin", "uv": [ 21.5, 45.0, 22.0, 45.5 ] },
														"down": { "texture": "#skin", "uv": [ 21.5, 47.0, 22.0, 47.5 ], "rotation": 180 }
													},
													"children": [
														{
															"name": "L Hind Hoof",
															"from": [ 0.5, 0.6, 0.5 ],
															"to": [ 0.5, 0.6, 0.5 ],
															"uv": [ 0.0, 0.0 ],
															"rotationOrigin": [ 0.5, 0.6, 0.5 ],
															"rotationZ": -12.0,
															"faces": {
															},
															"children": [
																{
																	"name": "L Hind Hoof1",
																	"from": [ -1.3, -0.3, -0.45 ],
																	"to": [ -0.3, 0.2, 0.15 ],
																	"unwrapMode": 5,
																	"uv": [ 36.5, 37.5 ],
																	"rotationOrigin": [ -0.2, 0.1, 0.3 ],
																	"rotationZ": 60.0,
																	"faces": {
																		"north": { "texture": "#skin", "uv": [ 37.0, 37.5, 38.0, 38.0 ], "rotation": 180 },
																		"east": { "texture": "#skin", "uv": [ 38.0, 38.0, 38.5, 38.5 ], "rotation": 90 },
																		"south": { "texture": "#skin", "uv": [ 37.0, 38.5, 38.0, 39.0 ] },
																		"west": { "texture": "#skin", "uv": [ 36.5, 38.0, 37.0, 38.5 ], "rotation": 270 },
																		"up": { "texture": "#skin", "uv": [ 37.0, 38.0, 38.0, 38.5 ] },
																		"down": { "texture": "#skin", "uv": [ 38.5, 38.0, 39.5, 38.5 ] }
																	}
																},
																{
																	"name": "L Hind Hoof2",
																	"from": [ -0.667, -0.7232, -0.45 ],
																	"to": [ 0.233, -0.3232, 0.15 ],
																	"unwrapMode": 4,
																	"uv": [ 37.5, 39.5 ],
																	"rotationOrigin": [ 0.133, -0.3232, 0.15 ],
																	"rotationZ": 27.0,
																	"faces": {
																		"north": { "texture": "#skin", "uv": [ 37.5, 40.0, 38.0, 40.5 ] },
																		"east": { "texture": "#skin", "uv": [ 39.0, 40.0, 39.5, 40.5 ] },
																		"south": { "texture": "#skin", "uv": [ 38.5, 40.0, 39.0, 40.5 ] },
																		"west": { "texture": "#skin", "uv": [ 38.0, 40.0, 38.5, 40.5 ] },
																		"up": { "texture": "#skin", "uv": [ 38.0, 39.5, 38.5, 40.0 ], "rotation": 90 },
																		"down": { "texture": "#skin", "uv": [ 38.0, 40.5, 38.5, 41.0 ], "rotation": 90 }
																	}
																}
															]
														}
													]
												}
											]
										}
									]
								}
							]
						},
						{
							"name": "Tail",
							"from": [ 3.2, 3.5, 1.6 ],
							"to": [ 4.0, 5.0, 2.5 ],
							"unwrapMode": 3,
							"unwrapRotation": 1,
							"uv": [ 11.0, 38.0 ],
							"rotationOrigin": [ 4.0, 5.0, 2.0 ],
							"rotationZ": 28.0,
							"faces": {
								"north": { "texture": "#skin", "uv": [ 13.5, 38.5, 15.0, 39.0 ], "rotation": 270, "windMode": [-1,-1,-1,-1], "windData": [0,1,1,0] },
								"east": { "texture": "#skin", "uv": [ 11.5, 38.0, 13.0, 38.5 ], "rotation": 90, "windMode": [-1,-1,-1,-1], "windData": [0,1,1,0] },
								"south": { "texture": "#skin", "uv": [ 11.5, 38.5, 13.0, 39.0 ], "rotation": 90 },
								"west": { "texture": "#skin", "uv": [ 11.5, 39.0, 13.0, 39.5 ], "rotation": 90, "windMode": [-1,-1,-1,-1], "windData": [0,0,1,1] },
								"up": { "texture": "#skin", "uv": [ 11.0, 38.5, 11.5, 39.0 ], "rotation": 90, "windMode": [-1,-1,-1,-1], "windData": [1,1,1,1] },
								"down": { "texture": "#skin", "uv": [ 13.0, 38.5, 13.5, 39.0 ], "rotation": 270, "windMode": [-1,-1,-1,-1] }
							},
							"children": [
								{
									"name": "Tail2",
									"from": [ 0.0, -0.6, 0.05 ],
									"to": [ 0.8, 0.2, 0.85 ],
									"unwrapMode": 3,
									"unwrapRotation": 1,
									"uv": [ 15.0, 38.0 ],
									"rotationOrigin": [ 0.4, 0.1, 0.45 ],
									"rotationZ": -22.0,
									"faces": {
										"north": { "texture": "#skin", "uv": [ 16.0, 38.5, 16.5, 39.0 ], "rotation": 270 },
										"east": { "texture": "#skin", "uv": [ 15.0, 38.0, 15.5, 38.5 ], "rotation": 90 },
										"south": { "texture": "#skin", "uv": [ 15.0, 38.5, 15.5, 39.0 ], "rotation": 90 },
										"west": { "texture": "#skin", "uv": [ 15.0, 39.0, 15.5, 39.5 ], "rotation": 90 },
										"down": { "texture": "#skin", "uv": [ 15.5, 38.5, 16.0, 39.0 ], "rotation": 270 }
									}
								}
							]
						},
						{
							"name": "R Haunch",
							"from": [ 0.9, -0.4, -0.6 ],
							"to": [ 3.9, 4.1, 0.9 ],
							"unwrapMode": 1,
							"uv": [ 29.5, 23.5 ],
							"rotationOrigin": [ 2.4, 3.0, 0.2 ],
							"rotationX": -3.0,
							"rotationZ": 2.0,
							"faces": {
								"north": { "texture": "#skin", "uv": [ 31.0, 25.0, 34.0, 29.5 ] },
								"east": { "texture": "#skin", "uv": [ 29.5, 25.0, 31.0, 29.5 ] },
								"south": { "texture": "#skin", "uv": [ 35.5, 25.0, 38.5, 29.5 ] },
								"west": { "texture": "#skin", "uv": [ 34.0, 25.0, 35.5, 29.5 ] },
								"up": { "texture": "#skin", "uv": [ 31.0, 23.5, 34.0, 25.0 ], "rotation": 180 },
								"down": { "texture": "#skin", "uv": [ 31.0, 29.5, 34.0, 31.0 ] }
							},
							"children": [
								{
									"name": "R LegUp",
									"from": [ 0.0, -4.5, 0.15 ],
									"to": [ 1.5, 0.0, 1.35 ],
									"unwrapMode": 1,
									"uv": [ 31.0, 31.5 ],
									"rotationOrigin": [ 0.0, 0.0, 0.75 ],
									"rotationX": -1.0,
									"rotationZ": 60.0,
									"faces": {
										"north": { "texture": "#skin", "uv": [ 32.0, 32.5, 33.5, 37.0 ] },
										"east": { "texture": "#skin", "uv": [ 31.0, 32.5, 32.0, 37.0 ] },
										"south": { "texture": "#skin", "uv": [ 34.5, 32.5, 36.0, 37.0 ] },
										"west": { "texture": "#skin", "uv": [ 33.5, 32.5, 34.5, 37.0 ] },
										"up": { "texture": "#skin", "uv": [ 32.0, 31.5, 33.5, 32.5 ], "rotation": 180 },
										"down": { "texture": "#skin", "uv": [ 32.0, 37.0, 33.5, 38.0 ] }
									},
									"children": [
										{
											"name": "R LegLow",
											"from": [ 0.5, -4.5, 0.15 ],
											"to": [ 1.5, 0.5, 1.05 ],
											"unwrapMode": 1,
											"uv": [ 31.5, 38.5 ],
											"rotationOrigin": [ 1.1, 0.3, 0.6 ],
											"rotationX": 4.0,
											"rotationZ": -57.0,
											"faces": {
												"north": { "texture": "#skin", "uv": [ 32.0, 39.0, 33.0, 44.0 ] },
												"east": { "texture": "#skin", "uv": [ 31.5, 39.0, 32.0, 44.0 ] },
												"south": { "texture": "#skin", "uv": [ 33.5, 39.0, 34.5, 44.0 ] },
												"west": { "texture": "#skin", "uv": [ 33.0, 39.0, 33.5, 44.0 ] },
												"up": { "texture": "#skin", "uv": [ 32.0, 38.5, 33.0, 39.0 ], "rotation": 180 },
												"down": { "texture": "#skin", "uv": [ 32.0, 44.0, 33.0, 44.5 ] }
											},
											"children": [
												{
													"name": "R Hind Pastern",
													"from": [ 0.1, -0.9, 0.1 ],
													"to": [ 0.9, 0.6, 0.8 ],
													"unwrapMode": 1,
													"uv": [ 31.5, 44.83 ],
													"rotationOrigin": [ 0.5, 0.5, 0.45 ],
													"rotationZ": -11.0,
													"faces": {
														"north": { "texture": "#skin", "uv": [ 32.0, 45.5, 32.5, 47.0 ] },
														"east": { "texture": "#skin", "uv": [ 31.5, 45.5, 32.0, 47.0 ] },
														"south": { "texture": "#skin", "uv": [ 33.0, 45.5, 33.5, 47.0 ] },
														"west": { "texture": "#skin", "uv": [ 32.5, 45.5, 33.0, 47.0 ] },
														"up": { "texture": "#skin", "uv": [ 32.0, 45.0, 32.5, 45.5 ], "rotation": 180 },
														"down": { "texture": "#skin", "uv": [ 32.0, 47.0, 32.5, 47.5 ] }
													},
													"children": [
														{
															"name": "R Hind Hoof",
															"from": [ 0.5, 0.6, 0.5 ],
															"to": [ 0.5, 0.6, 0.5 ],
															"uv": [ 0.0, 0.0 ],
															"rotationOrigin": [ 0.5, 0.6, 0.5 ],
															"rotationZ": -12.0,
															"faces": {
															},
															"children": [
																{
																	"name": "R Hind Hoof1",
																	"from": [ -1.3, -0.3, -0.45 ],
																	"to": [ -0.3, 0.2, 0.15 ],
																	"unwrapMode": 5,
																	"uv": [ 36.5, 41.5 ],
																	"rotationOrigin": [ -0.2, 0.1, 0.3 ],
																	"rotationZ": 60.0,
																	"faces": {
																		"north": { "texture": "#skin", "uv": [ 37.0, 41.5, 38.0, 42.0 ], "rotation": 180 },
																		"east": { "texture": "#skin", "uv": [ 38.0, 42.0, 38.5, 42.5 ], "rotation": 90 },
																		"south": { "texture": "#skin", "uv": [ 37.0, 42.5, 38.0, 43.0 ] },
																		"west": { "texture": "#skin", "uv": [ 36.5, 42.0, 37.0, 42.5 ], "rotation": 270 },
																		"up": { "texture": "#skin", "uv": [ 37.0, 42.0, 38.0, 42.5 ] },
																		"down": { "texture": "#skin", "uv": [ 38.5, 42.0, 39.5, 42.5 ] }
																	}
																},
																{
																	"name": "R Hind Hoof2",
																	"from": [ -0.667, -0.7232, -0.45 ],
																	"to": [ 0.233, -0.3232, 0.15 ],
																	"unwrapMode": 4,
																	"uv": [ 37.5, 43.5 ],
																	"rotationOrigin": [ 0.133, -0.3232, 0.15 ],
																	"rotationZ": 27.0,
																	"faces": {
																		"north": { "texture": "#skin", "uv": [ 37.5, 44.0, 38.0, 44.5 ] },
																		"east": { "texture": "#skin", "uv": [ 39.0, 44.0, 39.5, 44.5 ] },
																		"south": { "texture": "#skin", "uv": [ 38.5, 44.0, 39.0, 44.5 ] },
																		"west": { "texture": "#skin", "uv": [ 38.0, 44.0, 38.5, 44.5 ] },
																		"up": { "texture": "#skin", "uv": [ 38.0, 43.5, 38.5, 44.0 ], "rotation": 90 },
																		"down": { "texture": "#skin", "uv": [ 38.0, 44.5, 38.5, 45.0 ], "rotation": 90 }
																	}
																}
															]
														}
													]
												}
											]
										}
									]
								}
							]
						},
						{
							"name": "Midsection",
							"from": [ -3.2, -0.1, 0.05 ],
							"to": [ 0.3, 5.0, 4.05 ],
							"unwrapMode": 7,
							"unwrapRotation": 1,
							"autoUnwrap": false,
							"uv": [ 0.5, 20.5 ],
							"rotationOrigin": [ 0.3, 4.1, 2.05 ],
							"rotationZ": 11.0,
							"faces": {
								"north": { "texture": "#skin", "uv": [ 9.5, 27.5, 14.5, 31.0 ], "rotation": 90 },
								"east": { "texture": "#skin", "uv": [ 11.0, 42.0, 15.0, 47.0 ], "windMode": [-1,-1,-1,-1] },
								"south": { "texture": "#skin", "uv": [ 0.5, 27.5, 5.5, 31.0 ], "rotation": 270 },
								"west": { "texture": "#skin", "uv": [ 6.0, 42.0, 10.0, 47.0 ], "windMode": [-1,-1,-1,-1] },
								"up": { "texture": "#skin", "uv": [ 5.5, 27.5, 9.5, 31.0 ], "rotation": 270 },
								"down": { "texture": "#skin", "uv": [ 14.5, 27.5, 18.5, 31.0 ], "rotation": 90 }
							},
							"children": [
								{
									"name": "Chest",
									"from": [ -3.5, 0.1, -0.05 ],
									"to": [ 0.5, 5.1, 4.05 ],
									"unwrapMode": 7,
									"unwrapRotation": 1,
									"autoUnwrap": false,
									"uv": [ 0.5, 15.0 ],
									"rotationOrigin": [ 0.5, 3.5, 2.0 ],
									"rotationZ": -0.5,
									"faces": {
										"north": { "texture": "#skin", "uv": [ 9.5, 22.5, 14.5, 26.5 ], "rotation": 90 },
										"east": { "texture": "#skin", "uv": [ 1.0, 42.0, 5.0, 47.0 ] },
										"south": { "texture": "#skin", "uv": [ 0.5, 22.5, 5.5, 26.5 ], "rotation": 270, "windMode": [-1,-1,-1,-1] },
										"west": { "texture": "#skin", "uv": [ 5.5, 17.5, 9.5, 22.5 ], "rotation": 180 },
										"up": { "texture": "#skin", "uv": [ 5.5, 22.5, 9.5, 26.5 ], "rotation": 270 },
										"down": { "texture": "#skin", "uv": [ 14.5, 22.5, 18.5, 26.5 ], "rotation": 90 }
									},
									"children": [
										{
											"name": "Neck",
											"from": [ -0.8, 3.9, 0.95 ],
											"to": [ 2.7, 6.9, 3.15 ],
											"unwrapMode": 2,
											"uv": [ 3.0, 8.5 ],
											"rotationOrigin": [ 2.2, 4.0, 2.05 ],
											"rotationZ": 60.0,
											"faces": {
												"north": { "texture": "#skin", "uv": [ 8.5, 12.0, 12.0, 15.0 ], "windMode": [-1,-1,-1,-1], "windData": [0,0,1,0] },
												"east": { "texture": "#skin", "uv": [ 6.5, 12.0, 8.5, 15.0 ], "windMode": [-1,-1,-1,-1], "windData": [1,0,0,1] },
												"south": { "texture": "#skin", "uv": [ 3.0, 12.0, 6.5, 15.0 ] },
												"west": { "texture": "#skin", "uv": [ 12.0, 12.0, 14.0, 15.0 ] },
												"up": { "texture": "#skin", "uv": [ 6.5, 8.5, 8.5, 12.0 ], "rotation": 270 }
											},
											"children": [
												{
													"name": "Neck2",
													"from": [ 0.0, 1.8, 0.05 ],
													"to": [ 2.5, 5.8, 2.15 ],
													"unwrapMode": 2,
													"autoUnwrap": false,
													"uv": [ 3.5, 1.0 ],
													"rotationOrigin": [ 1.8, 1.8, 1.1 ],
													"rotationZ": -35.0,
													"faces": {
														"north": { "texture": "#skin", "uv": [ 8.0, 3.5, 10.5, 7.5 ] },
														"east": { "texture": "#skin", "uv": [ 6.0, 3.5, 8.0, 7.5 ], "windMode": [-1,-1,-1,-1], "windData": [0,1,1,0] },
														"south": { "texture": "#skin", "uv": [ 3.5, 3.5, 6.0, 7.5 ], "windMode": [-1,-1,-1,-1], "windData": [0,0,1,1] },
														"west": { "texture": "#skin", "uv": [ 10.5, 3.5, 12.5, 7.5 ], "windMode": [-1,-1,-1,-1], "windData": [0,0,1,1] },
														"up": { "texture": "#skin", "uv": [ 6.0, 1.0, 8.0, 3.5 ], "rotation": 270, "windMode": [-1,-1,-1,-1], "windData": [1,1,1,1] },
														"down": { "texture": "#skin", "uv": [ 6.5, 9.0, 8.5, 11.5 ], "rotation": 90, "windMode": [-1,-1,-1,-1] }
													},
													"children": [
														{
															"name": "Head",
															"from": [ 0.0, 4.0, -0.2 ],
															"to": [ 2.5, 6.0, 2.3 ],
															"unwrapMode": 2,
															"uv": [ 13.5, 3.5 ],
															"rotationOrigin": [ 2.5, 4.0, 1.05 ],
															"rotationZ": 35.0,
															"faces": {
																"north": { "texture": "#skin", "uv": [ 18.5, 6.0, 21.0, 8.0 ] },
																"east": { "texture": "#skin", "uv": [ 16.0, 6.0, 18.5, 8.0 ] },
																"south": { "texture": "#skin", "uv": [ 13.5, 6.0, 16.0, 8.0 ] },
																"west": { "texture": "#skin", "uv": [ 21.0, 6.0, 23.5, 8.0 ] },
																"up": { "texture": "#skin", "uv": [ 16.0, 3.5, 18.5, 6.0 ], "rotation": 270 },
																"down": { "texture": "#skin", "uv": [ 16.0, 8.0, 18.5, 10.5 ], "rotation": 270 }
															},
															"children": [
																{
																	"name": "MouthUp",
																	"from": [ -1.5, 1.1, 0.5 ],
																	"to": [ 0.8, 1.8, 2.0 ],
																	"unwrapMode": 5,
																	"unwrapRotation": 1,
																	"uv": [ 19.5, 13.5 ],
																	"rotationOrigin": [ 0.7, 2.0, 1.2 ],
																	"rotationZ": -49.0,
																	"faces": {
																		"north": { "texture": "#skin", "uv": [ 19.5, 13.5, 20.0, 15.5 ], "rotation": 270 },
																		"south": { "texture": "#skin", "uv": [ 21.5, 13.5, 22.0, 15.5 ], "rotation": 90 },
																		"west": { "texture": "#skin", "uv": [ 20.0, 15.5, 21.5, 16.0 ] },
																		"up": { "texture": "#skin", "uv": [ 20.0, 13.5, 21.5, 15.5 ], "rotation": 90 },
																		"down": { "texture": "#skin", "uv": [ 22.0, 13.5, 23.5, 15.5 ], "rotation": 270 }
																	},
																	"children": [
																		{
																			"name": "Nose",
																			"from": [ 0.1, 0.0, 0.25 ],
																			"to": [ 3.6, 0.8, 1.25 ],
																			"unwrapMode": 5,
																			"unwrapRotation": 1,
																			"uv": [ 15.5, 11.5 ],
																			"rotationOrigin": [ 0.1, 1.0, 0.6 ],
																			"rotationZ": 20.0,
																			"faces": {
																				"north": { "texture": "#skin", "uv": [ 15.5, 11.5, 16.0, 15.0 ], "rotation": 270 },
																				"south": { "texture": "#skin", "uv": [ 17.0, 11.5, 17.5, 15.0 ], "rotation": 90 },
																				"west": { "texture": "#skin", "uv": [ 16.0, 15.0, 17.0, 15.5 ], "windMode": [-1,-1,-1,-1], "windData": [1,1,1,1] },
																				"up": { "texture": "#skin", "uv": [ 16.0, 11.5, 17.0, 15.0 ], "rotation": 90 }
																			},
																			"children": [
																				{
																					"name": "Snout",
																					"from": [ -0.35, 0.1, 0.2 ],
																					"to": [ 0.45, 0.8, 0.8 ],
																					"unwrapMode": 4,
																					"uv": [ 13.0, 9.5 ],
																					"rotationOrigin": [ 0.45, 0.7966, 0.55 ],
																					"rotationZ": -7.0,
																					"faces": {
																						"north": { "texture": "#skin", "uv": [ 13.0, 10.0, 13.5, 10.5 ], "windMode": [-1,-1,-1,-1], "windData": [1,1,1,1] },
																						"east": { "texture": "#skin", "uv": [ 14.5, 10.0, 15.0, 10.5 ], "windMode": [-1,-1,-1,-1], "windData": [1,1,1,1] },
																						"south": { "texture": "#skin", "uv": [ 14.0, 10.0, 14.5, 10.5 ], "windMode": [-1,-1,-1,-1], "windData": [1,1,1,1] },
																						"west": { "texture": "#skin", "uv": [ 13.5, 10.0, 14.0, 10.5 ], "windMode": [-1,-1,-1,-1], "windData": [1,1,1,1] },
																						"up": { "texture": "#skin", "uv": [ 13.5, 9.5, 14.0, 10.0 ], "rotation": 90, "windMode": [-1,-1,-1,-1], "windData": [1,1,1,1] },
																						"down": { "texture": "#skin", "uv": [ 13.5, 10.5, 14.0, 11.0 ], "rotation": 90, "windMode": [-1,-1,-1,-1], "windData": [1,1,1,1] }
																					}
																				}
																			]
																		},
																		{
																			"name": "R Fang",
																			"from": [ 0.6, -0.3, 0.05 ],
																			"to": [ 0.8, 0.2, 0.25 ],
																			"unwrapMode": 2,
																			"uv": [ 26.5, 46.0 ],
																			"rotationOrigin": [ 0.6, 0.2, 0.3 ],
																			"rotationZ": 10.0,
																			"faces": {
																				"north": { "texture": "#skin", "uv": [ 27.5, 46.5, 28.0, 47.0 ] },
																				"east": { "texture": "#skin", "uv": [ 27.0, 46.5, 27.5, 47.0 ] },
																				"south": { "texture": "#skin", "uv": [ 26.5, 46.5, 27.0, 47.0 ] },
																				"west": { "texture": "#skin", "uv": [ 28.0, 46.5, 28.5, 47.0 ] },
																				"down": { "texture": "#skin", "uv": [ 27.0, 47.0, 27.5, 47.5 ], "rotation": 270 }
																			}
																		},
																		{
																			"name": "L Fang",
																			"from": [ 0.6, -0.3, 1.25 ],
																			"to": [ 0.8, 0.2, 1.45 ],
																			"unwrapMode": 2,
																			"uv": [ 26.5, 45.0 ],
																			"rotationOrigin": [ 0.6, 0.2, 1.2 ],
																			"rotationZ": 10.0,
																			"faces": {
																				"north": { "texture": "#skin", "uv": [ 27.5, 45.5, 28.0, 46.0 ] },
																				"east": { "texture": "#skin", "uv": [ 27.0, 45.5, 27.5, 46.0 ] },
																				"south": { "texture": "#skin", "uv": [ 26.5, 45.5, 27.0, 46.0 ] },
																				"west": { "texture": "#skin", "uv": [ 28.0, 45.5, 28.5, 46.0 ] },
																				"down": { "texture": "#skin", "uv": [ 27.0, 46.0, 27.5, 46.5 ], "rotation": 270 }
																			}
																		},
																		{
																			"name": "Jaw",
																			"from": [ 1.3, -0.75, 0.15 ],
																			"to": [ 3.1, 0.35, 1.35 ],
																			"unwrapMode": 5,
																			"unwrapRotation": 1,
																			"autoUnwrap": false,
																			"uv": [ 19.0, 9.0 ],
																			"rotationOrigin": [ 2.8, 0.05, 0.75 ],
																			"rotationZ": -12.0,
																			"faces": {
																				"north": { "texture": "#skin", "uv": [ 22.0, 9.0, 23.0, 10.5 ], "rotation": 270, "windMode": [-1,-1,-1,-1] },
																				"south": { "texture": "#skin", "uv": [ 21.0, 9.0, 22.0, 10.5 ], "rotation": 90 },
																				"west": { "texture": "#skin", "uv": [ 22.0, 13.5, 23.5, 14.5 ], "autoUv": false },
																				"down": { "texture": "#skin", "uv": [ 22.0, 10.0, 23.0, 11.5 ], "rotation": 270 }
																			},
																			"children": [
																				{
																					"name": "Jaw2",
																					"from": [ -1.0, 0.0, -0.05 ],
																					"to": [ 0.0, 0.5, 1.25 ],
																					"unwrapMode": 5,
																					"unwrapRotation": 1,
																					"autoUnwrap": false,
																					"uv": [ 19.5, 11.0 ],
																					"rotationOrigin": [ 0.0, 0.6, 0.6 ],
																					"rotationZ": 7.0,
																					"faces": {
																						"north": { "texture": "#skin", "uv": [ 19.5, 11.0, 20.0, 12.0 ], "rotation": 270 },
																						"south": { "texture": "#skin", "uv": [ 21.0, 11.0, 21.5, 12.0 ], "rotation": 90 },
																						"west": { "texture": "#skin", "uv": [ 20.0, 12.0, 21.0, 12.5 ] },
																						"up": { "texture": "#skin", "uv": [ 22.0, 14.5, 23.5, 15.5 ], "rotation": 90, "autoUv": false },
																						"down": { "texture": "#skin", "uv": [ 21.5, 11.0, 22.5, 12.0 ], "rotation": 270 }
																					}
																				}
																			]
																		},
																		{
																			"name": "Horn attachment",
																			"from": [ 0.67, 0.0, 0.8 ],
																			"to": [ 1.47, 0.8, 1.6 ],
																			"uv": [ 0.0, 0.0 ],
																			"rotationOrigin": [ 0.67, 0.0, 0.8 ],
																			"rotationZ": 49.0,
																			"faces": {
																			},
																			"children": [
																				{
																					"name": "R Fang2",
																					"from": [ -0.2096, -0.7045, -0.75 ],
																					"to": [ -0.0096, -0.2045, -0.55 ],
																					"unwrapMode": 2,
																					"uv": [ 27.5, 47.0 ],
																					"rotationOrigin": [ -0.2096, -0.2045, -0.5 ],
																					"rotationZ": -31.0,
																					"faces": {
																						"north": { "texture": "#skin", "uv": [ 28.5, 47.0, 29.0, 47.5 ] },
																						"east": { "texture": "#skin", "uv": [ 28.0, 47.0, 28.5, 47.5 ] },
																						"south": { "texture": "#skin", "uv": [ 27.5, 47.0, 28.0, 47.5 ] },
																						"west": { "texture": "#skin", "uv": [ 29.0, 47.0, 29.5, 47.5 ] },
																						"down": { "texture": "#skin", "uv": [ 28.0, 47.5, 28.5, 48.0 ], "rotation": 270 }
																					}
																				},
																				{
																					"name": "L Fang2",
																					"from": [ -0.2096, -0.7045, 0.45 ],
																					"to": [ -0.0096, -0.2045, 0.65 ],
																					"unwrapMode": 2,
																					"uv": [ 26.0, 46.0 ],
																					"rotationOrigin": [ -0.2096, -0.2045, 0.4 ],
																					"rotationZ": -31.0,
																					"faces": {
																						"north": { "texture": "#skin", "uv": [ 27.0, 46.0, 27.5, 46.5 ] },
																						"east": { "texture": "#skin", "uv": [ 26.5, 46.0, 27.0, 46.5 ] },
																						"south": { "texture": "#skin", "uv": [ 26.0, 46.0, 26.5, 46.5 ] },
																						"west": { "texture": "#skin", "uv": [ 27.5, 46.0, 28.0, 46.5 ] },
																						"down": { "texture": "#skin", "uv": [ 26.5, 46.5, 27.0, 47.0 ], "rotation": 270 }
																					}
																				}
																			]
																		}
																	]
																},
																{
																	"name": "R Ear",
																	"from": [ 2.0, 1.0, -0.3 ],
																	"to": [ 2.4, 2.5, 0.9 ],
																	"unwrapMode": 4,
																	"uv": [ 19.0, 1.0 ],
																	"rotationOrigin": [ 2.0, 1.0, 0.3 ],
																	"rotationX": -13.0,
																	"rotationY": 29.0,
																	"rotationZ": -70.0,
																	"faces": {
																		"north": { "texture": "#skin", "uv": [ 19.0, 1.5, 19.5, 3.0 ] },
																		"east": { "texture": "#skin", "uv": [ 21.0, 1.5, 22.0, 3.0 ] },
																		"south": { "texture": "#skin", "uv": [ 20.5, 1.5, 21.0, 3.0 ], "windMode": [-1,-1,-1,-1], "windData": [1,1,1,1] },
																		"west": { "texture": "#skin", "uv": [ 19.5, 1.5, 20.5, 3.0 ] },
																		"up": { "texture": "#skin", "uv": [ 19.5, 1.0, 20.5, 1.5 ], "rotation": 90 },
																		"down": { "texture": "#skin", "uv": [ 19.5, 3.0, 20.5, 3.5 ], "rotation": 90, "windMode": [-1,-1,-1,-1], "windData": [1,1,1,1] }
																	},
																	"children": [
																		{
																			"name": "R Ear2",
																			"from": [ 0.0, 1.5, 0.2 ],
																			"to": [ 0.4, 3.0, 1.2 ],
																			"unwrapMode": 4,
																			"uv": [ 19.0, 0.5 ],
																			"rotationOrigin": [ 0.0, 1.5, 1.2 ],
																			"rotationX": -20.0,
																			"rotationY": -2.0,
																			"faces": {
																				"north": { "texture": "#skin", "uv": [ 19.0, 1.0, 19.5, 2.5 ] },
																				"east": { "texture": "#skin", "uv": [ 21.0, 1.0, 22.0, 2.5 ] },
																				"south": { "texture": "#skin", "uv": [ 20.5, 1.0, 21.0, 2.5 ], "windMode": [-1,-1,-1,-1], "windData": [1,1,1,1] },
																				"west": { "texture": "#skin", "uv": [ 19.5, 1.0, 20.5, 2.5 ] },
																				"up": { "texture": "#skin", "uv": [ 19.5, 0.5, 20.5, 1.0 ], "rotation": 90 },
																				"down": { "texture": "#skin", "uv": [ 19.5, 2.5, 20.5, 3.0 ], "rotation": 90, "windMode": [-1,-1,-1,-1], "windData": [1,1,1,1] }
																			}
																		},
																		{
																			"name": "R Ear3",
																			"from": [ 0.0, 0.0, 0.0 ],
																			"to": [ 0.4, 1.0, 1.0 ],
																			"unwrapMode": 4,
																			"uv": [ 19.0, 1.5 ],
																			"rotationOrigin": [ 0.0, 0.0, 0.0 ],
																			"rotationX": -30.0,
																			"rotationY": 2.0,
																			"faces": {
																				"north": { "texture": "#skin", "uv": [ 19.0, 2.0, 19.5, 3.0 ] },
																				"east": { "texture": "#skin", "uv": [ 21.0, 2.0, 22.0, 3.0 ] },
																				"south": { "texture": "#skin", "uv": [ 20.5, 2.0, 21.0, 3.0 ], "windMode": [-1,-1,-1,-1], "windData": [1,1,1,1] },
																				"west": { "texture": "#skin", "uv": [ 19.5, 2.0, 20.5, 3.0 ] },
																				"up": { "texture": "#skin", "uv": [ 19.5, 1.5, 20.5, 2.0 ], "rotation": 90 },
																				"down": { "texture": "#skin", "uv": [ 19.5, 3.0, 20.5, 3.5 ], "rotation": 90, "windMode": [-1,-1,-1,-1], "windData": [1,1,1,1] }
																			},
																			"children": [
																				{
																					"name": "R Ear4",
																					"from": [ 0.0, 1.0, 0.0 ],
																					"to": [ 0.4, 2.7, 1.0 ],
																					"unwrapMode": 4,
																					"uv": [ 19.0, 0.5 ],
																					"rotationOrigin": [ 0.0, 1.0, 0.0 ],
																					"rotationX": 38.0,
																					"rotationY": 1.0,
																					"faces": {
																						"north": { "texture": "#skin", "uv": [ 19.0, 1.0, 19.5, 2.5 ] },
																						"east": { "texture": "#skin", "uv": [ 21.0, 1.0, 22.0, 2.5 ] },
																						"south": { "texture": "#skin", "uv": [ 20.5, 1.0, 21.0, 2.5 ], "windMode": [-1,-1,-1,-1], "windData": [1,1,1,1] },
																						"west": { "texture": "#skin", "uv": [ 19.5, 1.0, 20.5, 2.5 ] },
																						"up": { "texture": "#skin", "uv": [ 19.5, 0.5, 20.5, 1.0 ], "rotation": 90 },
																						"down": { "texture": "#skin", "uv": [ 19.5, 2.5, 20.5, 3.0 ], "rotation": 90, "windMode": [-1,-1,-1,-1], "windData": [1,1,1,1] }
																					}
																				}
																			]
																		}
																	]
																},
																{
																	"name": "L Ear",
																	"from": [ 2.3, 1.0, 1.6 ],
																	"to": [ 2.7, 2.5, 2.8 ],
																	"unwrapMode": 4,
																	"uv": [ 14.0, 1.0 ],
																	"rotationOrigin": [ 2.3, 1.0, 2.1 ],
																	"rotationX": 13.0,
																	"rotationY": -29.0,
																	"rotationZ": -70.0,
																	"faces": {
																		"north": { "texture": "#skin", "uv": [ 14.0, 1.5, 14.5, 3.0 ], "windMode": [-1,-1,-1,-1], "windData": [1,1,1,1] },
																		"east": { "texture": "#skin", "uv": [ 16.0, 1.5, 17.0, 3.0 ] },
																		"south": { "texture": "#skin", "uv": [ 15.5, 1.5, 16.0, 3.0 ], "windMode": [-1,-1,-1,-1], "windData": [1,1,1,1] },
																		"west": { "texture": "#skin", "uv": [ 14.5, 1.5, 15.5, 3.0 ] },
																		"up": { "texture": "#skin", "uv": [ 14.5, 1.0, 15.5, 1.5 ], "rotation": 90 },
																		"down": { "texture": "#skin", "uv": [ 14.5, 3.0, 15.5, 3.5 ], "rotation": 90 }
																	},
																	"children": [
																		{
																			"name": "L Ear2",
																			"from": [ 0.0, 1.5, 0.0 ],
																			"to": [ 0.4, 3.0, 1.0 ],
																			"unwrapMode": 4,
																			"uv": [ 14.0, 0.5 ],
																			"rotationOrigin": [ 0.0, 1.5, 0.0 ],
																			"rotationX": 20.0,
																			"rotationY": 2.0,
																			"faces": {
																				"north": { "texture": "#skin", "uv": [ 14.0, 1.0, 14.5, 2.5 ], "windMode": [-1,-1,-1,-1], "windData": [1,1,1,1] },
																				"east": { "texture": "#skin", "uv": [ 16.0, 1.0, 17.0, 2.5 ] },
																				"south": { "texture": "#skin", "uv": [ 15.5, 1.0, 16.0, 2.5 ], "windMode": [-1,-1,-1,-1], "windData": [1,1,1,1] },
																				"west": { "texture": "#skin", "uv": [ 14.5, 1.0, 15.5, 2.5 ] },
																				"up": { "texture": "#skin", "uv": [ 14.5, 0.5, 15.5, 1.0 ], "rotation": 90 },
																				"down": { "texture": "#skin", "uv": [ 14.5, 2.5, 15.5, 3.0 ], "rotation": 90 }
																			}
																		},
																		{
																			"name": "L Ear3",
																			"from": [ 0.0, 0.0, 0.2 ],
																			"to": [ 0.4, 1.0, 1.2 ],
																			"unwrapMode": 4,
																			"uv": [ 14.0, 1.5 ],
																			"rotationOrigin": [ 0.0, 0.0, 1.2 ],
																			"rotationX": 30.0,
																			"rotationY": -2.0,
																			"faces": {
																				"north": { "texture": "#skin", "uv": [ 14.0, 2.0, 14.5, 3.0 ], "windMode": [-1,-1,-1,-1], "windData": [1,1,1,1] },
																				"east": { "texture": "#skin", "uv": [ 16.0, 2.0, 17.0, 3.0 ] },
																				"south": { "texture": "#skin", "uv": [ 15.5, 2.0, 16.0, 3.0 ], "windMode": [-1,-1,-1,-1], "windData": [1,1,1,1] },
																				"west": { "texture": "#skin", "uv": [ 14.5, 2.0, 15.5, 3.0 ] },
																				"up": { "texture": "#skin", "uv": [ 14.5, 1.5, 15.5, 2.0 ], "rotation": 90 },
																				"down": { "texture": "#skin", "uv": [ 14.5, 3.0, 15.5, 3.5 ], "rotation": 90 }
																			},
																			"children": [
																				{
																					"name": "L Ear4",
																					"from": [ 0.0, 1.0, 0.0 ],
																					"to": [ 0.4, 2.7, 1.0 ],
																					"unwrapMode": 4,
																					"uv": [ 14.0, 0.5 ],
																					"rotationOrigin": [ 0.0, 1.0, 1.0 ],
																					"rotationX": -38.0,
																					"rotationY": -1.0,
																					"faces": {
																						"north": { "texture": "#skin", "uv": [ 14.0, 1.0, 14.5, 2.5 ], "windMode": [-1,-1,-1,-1], "windData": [1,1,1,1] },
																						"east": { "texture": "#skin", "uv": [ 16.0, 1.0, 17.0, 2.5 ] },
																						"south": { "texture": "#skin", "uv": [ 15.5, 1.0, 16.0, 2.5 ], "windMode": [-1,-1,-1,-1], "windData": [1,1,1,1] },
																						"west": { "texture": "#skin", "uv": [ 14.5, 1.0, 15.5, 2.5 ] },
																						"up": { "texture": "#skin", "uv": [ 14.5, 0.5, 15.5, 1.0 ], "rotation": 90 },
																						"down": { "texture": "#skin", "uv": [ 14.5, 2.5, 15.5, 3.0 ], "rotation": 90 }
																					}
																				}
																			]
																		}
																	]
																},
																{
																	"name": "R Eye",
																	"from": [ 1.4, 1.45, -0.01 ],
																	"to": [ 1.6, 1.85, 0.21 ],
																	"unwrapMode": 1,
																	"unwrapRotation": 1,
																	"uv": [ 9.5, 8.0 ],
																	"rotationOrigin": [ 1.4, 1.45, 0.0 ],
																	"rotationZ": 30.0,
																	"faces": {
																		"north": { "texture": "#skin", "uv": [ 10.0, 8.5, 10.5, 9.0 ], "rotation": 90, "windMode": [-1,-1,-1,-1] },
																		"west": { "texture": "#skin", "uv": [ 10.0, 8.0, 10.5, 8.5 ], "rotation": 90, "windMode": [-1,-1,-1,-1] },
																		"up": { "texture": "#skin", "uv": [ 9.5, 8.5, 10.0, 9.0 ], "rotation": 270, "windMode": [-1,-1,-1,-1] },
																		"down": { "texture": "#skin", "uv": [ 10.5, 8.5, 11.0, 9.0 ], "rotation": 90, "windMode": [-1,-1,-1,-1] }
																	},
																	"children": [
																		{
																			"name": "R Eye2",
																			"from": [ 0.2, 0.0, 0.0 ],
																			"to": [ 0.4, 0.4, 0.22 ],
																			"unwrapMode": 1,
																			"unwrapRotation": 1,
																			"uv": [ 9.5, 9.0 ],
																			"rotationOrigin": [ 0.2, 0.0, 0.01 ],
																			"faces": {
																				"north": { "texture": "#skin", "uv": [ 10.0, 9.0, 10.5, 9.5 ], "rotation": 90 },
																				"east": { "texture": "#skin", "uv": [ 10.0, 9.5, 10.5, 10.0 ], "rotation": 90, "windMode": [-1,-1,-1,-1] },
																				"up": { "texture": "#skin", "uv": [ 9.5, 9.0, 10.0, 9.5 ], "rotation": 270, "windMode": [-1,-1,-1,-1] },
																				"down": { "texture": "#skin", "uv": [ 10.5, 9.0, 11.0, 9.5 ], "rotation": 90, "windMode": [-1,-1,-1,-1] }
																			}
																		},
																		{
																			"name": "R Pupil",
																			"from": [ 0.1, 0.05, -0.01 ],
																			"to": [ 0.3, 0.35, 0.21 ],
																			"unwrapMode": 1,
																			"uv": [ 11.0, 9.5 ],
																			"rotationOrigin": [ 0.1, 0.05, -0.01 ],
																			"faces": {
																				"north": { "texture": "#skin", "uv": [ 11.5, 10.0, 12.0, 10.5 ] },
																				"east": { "texture": "#skin", "uv": [ 11.0, 10.0, 11.5, 10.5 ], "windMode": [-1,-1,-1,-1] },
																				"west": { "texture": "#skin", "uv": [ 12.0, 10.0, 12.5, 10.5 ], "windMode": [-1,-1,-1,-1] },
																				"up": { "texture": "#skin", "uv": [ 11.5, 9.5, 12.0, 10.0 ], "rotation": 180, "windMode": [-1,-1,-1,-1] },
																				"down": { "texture": "#skin", "uv": [ 11.5, 10.5, 12.0, 11.0 ], "windMode": [-1,-1,-1,-1] }
																			}
																		}
																	]
																},
																{
																	"name": "L Eye",
																	"from": [ 1.4, 1.45, 2.29 ],
																	"to": [ 1.6, 1.85, 2.51 ],
																	"unwrapMode": 3,
																	"unwrapRotation": 1,
																	"uv": [ 9.5, 9.0 ],
																	"rotationOrigin": [ 1.4, 1.45, 2.3 ],
																	"rotationZ": 30.0,
																	"faces": {
																		"south": { "texture": "#skin", "uv": [ 10.0, 9.0, 10.5, 9.5 ], "rotation": 90 },
																		"west": { "texture": "#skin", "uv": [ 10.0, 9.5, 10.5, 10.0 ], "rotation": 90, "windMode": [-1,-1,-1,-1] },
																		"up": { "texture": "#skin", "uv": [ 9.5, 9.0, 10.0, 9.5 ], "rotation": 90, "windMode": [-1,-1,-1,-1] },
																		"down": { "texture": "#skin", "uv": [ 10.5, 9.0, 11.0, 9.5 ], "rotation": 270, "windMode": [-1,-1,-1,-1] }
																	},
																	"children": [
																		{
																			"name": "L Eye2",
																			"from": [ 0.2, 0.0, 0.0 ],
																			"to": [ 0.4, 0.4, 0.22 ],
																			"unwrapMode": 3,
																			"unwrapRotation": 1,
																			"uv": [ 9.5, 8.0 ],
																			"rotationOrigin": [ 0.2, 0.0, 0.01 ],
																			"faces": {
																				"east": { "texture": "#skin", "uv": [ 10.0, 8.0, 10.5, 8.5 ], "rotation": 90, "windMode": [-1,-1,-1,-1] },
																				"south": { "texture": "#skin", "uv": [ 10.0, 8.5, 10.5, 9.0 ], "rotation": 90 },
																				"up": { "texture": "#skin", "uv": [ 9.5, 8.5, 10.0, 9.0 ], "rotation": 90, "windMode": [-1,-1,-1,-1] },
																				"down": { "texture": "#skin", "uv": [ 10.5, 8.5, 11.0, 9.0 ], "rotation": 270, "windMode": [-1,-1,-1,-1] }
																			}
																		},
																		{
																			"name": "L Pupil",
																			"from": [ 0.1, 0.05, 0.01 ],
																			"to": [ 0.3, 0.35, 0.23 ],
																			"unwrapMode": 3,
																			"uv": [ 11.0, 9.5 ],
																			"rotationOrigin": [ 0.1, 0.05, 0.01 ],
																			"faces": {
																				"east": { "texture": "#skin", "uv": [ 12.0, 10.0, 12.5, 10.5 ], "windMode": [-1,-1,-1,-1] },
																				"south": { "texture": "#skin", "uv": [ 11.5, 10.0, 12.0, 10.5 ] },
																				"west": { "texture": "#skin", "uv": [ 11.0, 10.0, 11.5, 10.5 ], "windMode": [-1,-1,-1,-1] },
																				"up": { "texture": "#skin", "uv": [ 11.5, 9.5, 12.0, 10.0 ], "windMode": [-1,-1,-1,-1] },
																				"down": { "texture": "#skin", "uv": [ 11.5, 10.5, 12.0, 11.0 ], "rotation": 180, "windMode": [-1,-1,-1,-1] }
																			}
																		}
																	]
																}
															]
														}
													]
												}
											]
										},
										{
											"name": "L Shoulder",
											"from": [ -0.3, 0.7, 3.4 ],
											"to": [ 2.0, 4.5, 4.9 ],
											"unwrapMode": 3,
											"uv": [ 25.0, 0.5 ],
											"rotationOrigin": [ 0.8, 3.0, 4.1 ],
											"rotationX": 3.0,
											"rotationZ": -10.0,
											"faces": {
												"north": { "texture": "#skin", "uv": [ 30.0, 2.0, 32.0, 5.5 ] },
												"east": { "texture": "#skin", "uv": [ 28.5, 2.0, 30.0, 5.5 ] },
												"south": { "texture": "#skin", "uv": [ 26.5, 2.0, 28.5, 5.5 ] },
												"west": { "texture": "#skin", "uv": [ 25.0, 2.0, 26.5, 5.5 ] },
												"up": { "texture": "#skin", "uv": [ 26.5, 0.5, 28.5, 2.0 ], "windMode": [-1,-1,-1,-1] },
												"down": { "texture": "#skin", "uv": [ 26.5, 5.5, 28.5, 7.0 ], "rotation": 180 }
											},
											"children": [
												{
													"name": "L ArmUp",
													"from": [ 0.0, 0.0, -0.2 ],
													"to": [ 3.0, 1.5, 1.3 ],
													"unwrapMode": 3,
													"autoUnwrap": false,
													"uv": [ 18.0, 16.5 ],
													"rotationOrigin": [ 0.0, 0.0, 0.5 ],
													"rotationZ": -10.0,
													"faces": {
														"north": { "texture": "#skin", "uv": [ 19.5, 21.0, 22.5, 22.5 ] },
														"east": { "texture": "#skin", "uv": [ 22.5, 18.0, 24.0, 19.5 ] },
														"south": { "texture": "#skin", "uv": [ 19.5, 18.0, 22.5, 19.5 ] },
														"west": { "texture": "#skin", "uv": [ 18.0, 18.0, 19.5, 19.5 ] },
														"up": { "texture": "#skin", "uv": [ 19.5, 16.5, 22.5, 18.0 ], "windMode": [-1,-1,-1,-1] },
														"down": { "texture": "#skin", "uv": [ 19.5, 19.5, 22.5, 21.0 ], "rotation": 180 }
													},
													"children": [
														{
															"name": "L ArmMid",
															"from": [ 1.6024, -3.2, 0.15 ],
															"to": [ 3.1024, 1.3, 1.35 ],
															"unwrapMode": 3,
															"uv": [ 25.5, 7.5 ],
															"rotationOrigin": [ 2.7, 0.9, 0.75 ],
															"rotationZ": 21.0,
															"faces": {
																"north": { "texture": "#skin", "uv": [ 29.0, 8.5, 30.5, 13.0 ] },
																"east": { "texture": "#skin", "uv": [ 28.0, 8.5, 29.0, 13.0 ] },
																"south": { "texture": "#skin", "uv": [ 26.5, 8.5, 28.0, 13.0 ] },
																"west": { "texture": "#skin", "uv": [ 25.5, 8.5, 26.5, 13.0 ] },
																"up": { "texture": "#skin", "uv": [ 26.5, 7.5, 28.0, 8.5 ] },
																"down": { "texture": "#skin", "uv": [ 26.5, 13.0, 28.0, 14.0 ], "rotation": 180 }
															},
															"children": [
																{
																	"name": "L ArmLow",
																	"from": [ 0.2, -3.4, 0.15 ],
																	"to": [ 1.2, 0.6, 1.05 ],
																	"unwrapMode": 1,
																	"uv": [ 26.0, 14.5 ],
																	"rotationOrigin": [ 0.8, 0.4, 0.6 ],
																	"rotationX": -3.0,
																	"rotationZ": -4.0,
																	"faces": {
																		"north": { "texture": "#skin", "uv": [ 26.5, 15.0, 27.5, 19.0 ] },
																		"east": { "texture": "#skin", "uv": [ 26.0, 15.0, 26.5, 19.0 ] },
																		"south": { "texture": "#skin", "uv": [ 28.0, 15.0, 29.0, 19.0 ] },
																		"west": { "texture": "#skin", "uv": [ 27.5, 15.0, 28.0, 19.0 ] },
																		"up": { "texture": "#skin", "uv": [ 26.5, 14.5, 27.5, 15.0 ], "rotation": 180 },
																		"down": { "texture": "#skin", "uv": [ 26.5, 19.0, 27.5, 19.5 ] }
																	},
																	"children": [
																		{
																			"name": "L Front Pastern",
																			"from": [ 0.1, -1.0, 0.1 ],
																			"to": [ 0.9, 0.5, 0.8 ],
																			"unwrapMode": 3,
																			"uv": [ 26.0, 20.0 ],
																			"rotationOrigin": [ 0.6, 0.4, 0.45 ],
																			"rotationX": -1.0,
																			"rotationZ": -10.0,
																			"faces": {
																				"north": { "texture": "#skin", "uv": [ 27.5, 20.5, 28.0, 22.0 ] },
																				"east": { "texture": "#skin", "uv": [ 27.0, 20.5, 27.5, 22.0 ] },
																				"south": { "texture": "#skin", "uv": [ 26.5, 20.5, 27.0, 22.0 ] },
																				"west": { "texture": "#skin", "uv": [ 26.0, 20.5, 26.5, 22.0 ] },
																				"up": { "texture": "#skin", "uv": [ 26.5, 20.0, 27.0, 20.5 ] },
																				"down": { "texture": "#skin", "uv": [ 26.5, 22.0, 27.0, 22.5 ], "rotation": 180 }
																			},
																			"children": [
																				{
																					"name": "L Front Hoof",
																					"from": [ 0.5, 0.6, 0.5 ],
																					"to": [ 0.5, 0.6, 0.5 ],
																					"uv": [ 0.0, 0.0 ],
																					"rotationOrigin": [ 0.5, 0.6, 0.5 ],
																					"rotationZ": -16.0,
																					"faces": {
																					},
																					"children": [
																						{
																							"name": "L Front Hoof1",
																							"from": [ -1.3, -0.3, -0.45 ],
																							"to": [ -0.3, 0.2, 0.15 ],
																							"unwrapMode": 5,
																							"uv": [ 36.5, 30.5 ],
																							"rotationOrigin": [ -0.2, 0.1, 0.3 ],
																							"rotationZ": 60.0,
																							"faces": {
																								"north": { "texture": "#skin", "uv": [ 37.0, 30.5, 38.0, 31.0 ], "rotation": 180 },
																								"east": { "texture": "#skin", "uv": [ 38.0, 31.0, 38.5, 31.5 ], "rotation": 90 },
																								"south": { "texture": "#skin", "uv": [ 37.0, 31.5, 38.0, 32.0 ] },
																								"west": { "texture": "#skin", "uv": [ 36.5, 31.0, 37.0, 31.5 ], "rotation": 270 },
																								"up": { "texture": "#skin", "uv": [ 37.0, 31.0, 38.0, 31.5 ] },
																								"down": { "texture": "#skin", "uv": [ 38.5, 31.0, 39.5, 31.5 ] }
																							}
																						},
																						{
																							"name": "L Front Hoof2",
																							"from": [ -0.667, -0.7232, -0.45 ],
																							"to": [ 0.233, -0.3232, 0.15 ],
																							"unwrapMode": 4,
																							"uv": [ 37.5, 31.5 ],
																							"rotationOrigin": [ 0.133, -0.3232, 0.15 ],
																							"rotationZ": 27.0,
																							"faces": {
																								"north": { "texture": "#skin", "uv": [ 37.5, 32.0, 38.0, 32.5 ] },
																								"east": { "texture": "#skin", "uv": [ 39.0, 32.0, 39.5, 32.5 ] },
																								"south": { "texture": "#skin", "uv": [ 38.5, 32.0, 39.0, 32.5 ] },
																								"west": { "texture": "#skin", "uv": [ 38.0, 32.0, 38.5, 32.5 ] },
																								"up": { "texture": "#skin", "uv": [ 38.0, 31.5, 38.5, 32.0 ], "rotation": 90 },
																								"down": { "texture": "#skin", "uv": [ 38.0, 32.5, 38.5, 33.0 ], "rotation": 90 }
																							}
																						}
																					]
																				}
																			]
																		}
																	]
																}
															]
														}
													]
												}
											]
										},
										{
											"name": "R Shoulder",
											"from": [ -0.3, 0.7, -0.7 ],
											"to": [ 2.0, 4.5, 0.8 ],
											"unwrapMode": 1,
											"uv": [ 32.5, 0.5 ],
											"rotationOrigin": [ 0.8, 3.0, 0.1 ],
											"rotationX": -3.0,
											"rotationZ": -10.0,
											"faces": {
												"north": { "texture": "#skin", "uv": [ 34.0, 2.0, 36.0, 5.5 ] },
												"east": { "texture": "#skin", "uv": [ 32.5, 2.0, 34.0, 5.5 ] },
												"south": { "texture": "#skin", "uv": [ 37.5, 2.0, 39.5, 5.5 ] },
												"west": { "texture": "#skin", "uv": [ 36.0, 2.0, 37.5, 5.5 ] },
												"up": { "texture": "#skin", "uv": [ 34.0, 0.5, 36.0, 2.0 ], "rotation": 180 },
												"down": { "texture": "#skin", "uv": [ 34.0, 5.5, 36.0, 7.0 ] }
											},
											"children": [
												{
													"name": "R ArmUp",
													"from": [ 0.0, 0.0, 0.2 ],
													"to": [ 3.0, 1.5, 1.7 ],
													"unwrapMode": 1,
													"autoUnwrap": false,
													"uv": [ 9.5, 15.5 ],
													"rotationOrigin": [ 0.0, 0.0, 1.0 ],
													"rotationZ": -10.0,
													"faces": {
														"north": { "texture": "#skin", "uv": [ 11.5, 17.0, 14.5, 18.5 ] },
														"east": { "texture": "#skin", "uv": [ 10.0, 17.0, 11.5, 18.5 ] },
														"south": { "texture": "#skin", "uv": [ 11.5, 20.0, 14.5, 21.5 ] },
														"west": { "texture": "#skin", "uv": [ 14.5, 17.0, 16.0, 18.5 ] },
														"up": { "texture": "#skin", "uv": [ 11.5, 15.5, 14.5, 17.0 ], "rotation": 180 },
														"down": { "texture": "#skin", "uv": [ 11.5, 18.5, 14.5, 20.0 ] }
													},
													"children": [
														{
															"name": "R ArmMid",
															"from": [ 1.6, -3.2, 0.15 ],
															"to": [ 3.1, 1.3, 1.35 ],
															"unwrapMode": 1,
															"uv": [ 33.0, 7.5 ],
															"rotationOrigin": [ 2.7, 0.9, 0.75 ],
															"rotationZ": 21.0,
															"faces": {
																"north": { "texture": "#skin", "uv": [ 34.0, 8.5, 35.5, 13.0 ] },
																"east": { "texture": "#skin", "uv": [ 33.0, 8.5, 34.0, 13.0 ] },
																"south": { "texture": "#skin", "uv": [ 36.5, 8.5, 38.0, 13.0 ] },
																"west": { "texture": "#skin", "uv": [ 35.5, 8.5, 36.5, 13.0 ] },
																"up": { "texture": "#skin", "uv": [ 34.0, 7.5, 35.5, 8.5 ], "rotation": 180 },
																"down": { "texture": "#skin", "uv": [ 34.0, 13.0, 35.5, 14.0 ] }
															},
															"children": [
																{
																	"name": "R ArmLow",
																	"from": [ 0.2, -3.4, 0.15 ],
																	"to": [ 1.2, 0.6, 1.05 ],
																	"unwrapMode": 1,
																	"uv": [ 33.5, 14.5 ],
																	"rotationOrigin": [ 0.8, 0.4, 0.6 ],
																	"rotationX": 3.0,
																	"rotationZ": -4.0,
																	"faces": {
																		"north": { "texture": "#skin", "uv": [ 34.0, 15.0, 35.0, 19.0 ] },
																		"east": { "texture": "#skin", "uv": [ 33.5, 15.0, 34.0, 19.0 ] },
																		"south": { "texture": "#skin", "uv": [ 35.5, 15.0, 36.5, 19.0 ] },
																		"west": { "texture": "#skin", "uv": [ 35.0, 15.0, 35.5, 19.0 ] },
																		"up": { "texture": "#skin", "uv": [ 34.0, 14.5, 35.0, 15.0 ], "rotation": 180 },
																		"down": { "texture": "#skin", "uv": [ 34.0, 19.0, 35.0, 19.5 ] }
																	},
																	"children": [
																		{
																			"name": "R Front Pastern",
																			"from": [ 0.1, -1.0, 0.1 ],
																			"to": [ 0.9, 0.5, 0.8 ],
																			"unwrapMode": 1,
																			"uv": [ 33.5, 20.0 ],
																			"rotationOrigin": [ 0.6, 0.4, 0.45 ],
																			"rotationX": -1.0,
																			"rotationZ": -10.0,
																			"faces": {
																				"north": { "texture": "#skin", "uv": [ 34.0, 20.5, 34.5, 22.0 ] },
																				"east": { "texture": "#skin", "uv": [ 33.5, 20.5, 34.0, 22.0 ] },
																				"south": { "texture": "#skin", "uv": [ 35.0, 20.5, 35.5, 22.0 ] },
																				"west": { "texture": "#skin", "uv": [ 34.5, 20.5, 35.0, 22.0 ] },
																				"up": { "texture": "#skin", "uv": [ 34.0, 20.0, 34.5, 20.5 ], "rotation": 180 },
																				"down": { "texture": "#skin", "uv": [ 34.0, 22.0, 34.5, 22.5 ] }
																			},
																			"children": [
																				{
																					"name": "R Front Hoof",
																					"from": [ 0.5, 0.6, 0.5 ],
																					"to": [ 0.5, 0.6, 0.5 ],
																					"uv": [ 0.0, 0.0 ],
																					"rotationOrigin": [ 0.5, 0.6, 0.4 ],
																					"rotationZ": -16.0,
																					"faces": {
																					},
																					"children": [
																						{
																							"name": "R Front Hoof1",
																							"from": [ -1.3, -0.3, -0.45 ],
																							"to": [ -0.3, 0.2, 0.15 ],
																							"unwrapMode": 5,
																							"uv": [ 36.5, 33.5 ],
																							"rotationOrigin": [ -0.2, 0.1, 0.3 ],
																							"rotationZ": 60.0,
																							"faces": {
																								"north": { "texture": "#skin", "uv": [ 37.0, 33.5, 38.0, 34.0 ], "rotation": 180 },
																								"east": { "texture": "#skin", "uv": [ 38.0, 34.0, 38.5, 34.5 ], "rotation": 90 },
																								"south": { "texture": "#skin", "uv": [ 37.0, 34.5, 38.0, 35.0 ] },
																								"west": { "texture": "#skin", "uv": [ 36.5, 34.0, 37.0, 34.5 ], "rotation": 270 },
																								"up": { "texture": "#skin", "uv": [ 37.0, 34.0, 38.0, 34.5 ] },
																								"down": { "texture": "#skin", "uv": [ 38.5, 34.0, 39.5, 34.5 ] }
																							}
																						},
																						{
																							"name": "R Front Hoof2",
																							"from": [ -0.7, -0.7, -0.45 ],
																							"to": [ 0.2, -0.3, 0.15 ],
																							"unwrapMode": 4,
																							"uv": [ 37.5, 35.5 ],
																							"rotationOrigin": [ 0.2, -0.3, 0.2 ],
																							"rotationZ": 27.0,
																							"faces": {
																								"north": { "texture": "#skin", "uv": [ 37.5, 36.0, 38.0, 36.5 ] },
																								"east": { "texture": "#skin", "uv": [ 39.0, 36.0, 39.5, 36.5 ] },
																								"south": { "texture": "#skin", "uv": [ 38.5, 36.0, 39.0, 36.5 ] },
																								"west": { "texture": "#skin", "uv": [ 38.0, 36.0, 38.5, 36.5 ] },
																								"up": { "texture": "#skin", "uv": [ 38.0, 35.5, 38.5, 36.0 ], "rotation": 90 },
																								"down": { "texture": "#skin", "uv": [ 38.0, 36.5, 38.5, 37.0 ], "rotation": 90 }
																							}
																						}
																					]
																				}
																			]
																		}
																	]
																}
															]
														}
													]
												}
											]
										}
									],
									"attachmentpoints": [
										{
											"code": "Center",
											"posX": "5.5","posY": "2.5","posZ": "4.0",
											"rotationX": "0.0","rotationY": "0.0","rotationZ": "0.0"
										}
									]
								}
							]
						}
					]
				}
			]
		}
	]}