[
{
	"enabled": true,
	"op": "addmerge",
	"path": "/attributes/bushCodeByType",
	"value": {
      "*-redgrapes-*": "game:bigberrybush-redgrapes-empty",
      "*-greengrapes-*": "game:bigberrybush-greengrapes-empty"
	},
	"file": "wildcraftfruit:blocktypes/plant/berry/growth.json",
	"side": "server",
    "dependsOn": [{ "modid": "wildcraftfruit" }]
},
{
	"enabled": true,
	"op": "addmerge",
	"path": "/variantgroups/0/states",
	"value": ["redgrapes","greengrapes"],
	"file": "wildcraftfruit:blocktypes/plant/berry/growth.json",
	"side": "server",
    "dependsOn": [{ "modid": "wildcraftfruit" }]
},
{
	"enabled": true,
	"op": "addmerge",
	"path": "/shapeByType",
	"value": {
    "*-redgrapes-alive": { "base": "wildcraftfruit:block/plant/clipping/growth_redgrapes" },
    "*-greengrapes-alive": { "base": "wildcraftfruit:block/plant/clipping/growth_greengrapes" }
	},
	"file": "wildcraftfruit:blocktypes/plant/berry/growth.json",
	"side": "server",
    "dependsOn": [{ "modid": "wildcraftfruit" }]
},
{
	"enabled": true,
	"op": "move",
	"frompath": "/shapeByType/*-alive",
	"path": "/temp",
	"file": "wildcraftfruit:blocktypes/plant/berry/growth.json",
	"side": "server",
    "dependsOn": [{ "modid": "wildcraftfruit" }]
},
{
	"enabled": true,
	"op": "move",
	"frompath": "/temp",
	"path": "/shapeByType/*-alive",
	"file": "wildcraftfruit:blocktypes/plant/berry/growth.json",
	"side": "server",
    "dependsOn": [{ "modid": "wildcraftfruit" }]
},
{
	"enabled": true,
	"op": "move",
	"frompath": "/shapeByType/*-dead",
	"path": "/temp",
	"file": "wildcraftfruit:blocktypes/plant/berry/growth.json",
	"side": "server",
    "dependsOn": [{ "modid": "wildcraftfruit" }]
},
{
	"enabled": true,
	"op": "move",
	"frompath": "/temp",
	"path": "/shapeByType/*-dead",
	"file": "wildcraftfruit:blocktypes/plant/berry/growth.json",
	"side": "server",
    "dependsOn": [{ "modid": "wildcraftfruit" }]
}
]