{
	"editor": {
		"allAngles": true,
		"entityTextureMode": false
	},
	"textureWidth": 16,
	"textureHeight": 16,
	"textureSizes": {
	},
	"textures": {
		"hay-egg": "game:block/wood/henbox/hay-egg",
		"wood": "game:block/wood/planks/generic",
		"singlehay2": "game:block/wood/trough/large/singlehay2"
	},
	"elements": [
		{
			"name": "Cube1",
			"from": [ 4.0, 0.0, 5.5 ],
			"to": [ 12.0, 4.0, 5.5 ],
			"renderPass": 2,
			"rotationOrigin": [ 8.0, 0.0, 5.5 ],
			"rotationX": -22.5,
			"faces": {
				"south": { "texture": "#singlehay2", "uv": [ 5.5, 9.0, 13.5, 13.0 ] }
			}
		},
		{
			"name": "Cube7",
			"from": [ 4.0, -1.0, 10.5 ],
			"to": [ 12.0, 3.0, 10.5 ],
			"renderPass": 2,
			"rotationOrigin": [ 8.0, -1.0, 10.5 ],
			"rotationX": 22.5,
			"faces": {
				"south": { "texture": "#singlehay2", "uv": [ 1.0, 1.0, 9.0, 5.0 ] }
			}
		},
		{
			"name": "Cube8",
			"from": [ 7.0, 0.0, 8.5 ],
			"to": [ 15.0, 4.0, 8.5 ],
			"renderPass": 2,
			"rotationOrigin": [ 11.0, 0.0, 8.5 ],
			"rotationX": 90.0,
			"rotationY": 67.5,
			"rotationZ": -90.0,
			"faces": {
				"south": { "texture": "#singlehay2", "uv": [ 5.5, 9.0, 13.5, 13.0 ] }
			}
		},
		{
			"name": "Cube9",
			"from": [ 1.0, -1.0, 8.5 ],
			"to": [ 9.0, 3.0, 8.5 ],
			"renderPass": 2,
			"rotationOrigin": [ 5.0, -1.0, 8.5 ],
			"rotationX": -90.0,
			"rotationY": 67.5,
			"rotationZ": 90.0,
			"faces": {
				"south": { "texture": "#singlehay2", "uv": [ 5.5, 1.0, 13.5, 5.0 ] }
			}
		},
		{
			"name": "Cube10",
			"from": [ 3.9, -1.0, 6.1 ],
			"to": [ 7.9, 4.0, 6.1 ],
			"renderPass": 2,
			"rotationOrigin": [ 5.9, -1.0, 6.1 ],
			"rotationX": -22.5,
			"rotationY": 45.0,
			"rotationZ": 22.5,
			"faces": {
				"south": { "texture": "#singlehay2", "uv": [ 4.5, 0.5, 8.5, 5.5 ] }
			}
		},
		{
			"name": "Cube11",
			"from": [ 8.0, 0.0, 6.1 ],
			"to": [ 12.0, 5.0, 6.1 ],
			"renderPass": 2,
			"rotationOrigin": [ 10.0, 0.0, 6.1 ],
			"rotationX": -22.5,
			"rotationY": -45.0,
			"rotationZ": -22.5,
			"faces": {
				"south": { "texture": "#singlehay2", "uv": [ 9.0, 0.5, 13.0, 5.5 ] }
			}
		},
		{
			"name": "Cube12",
			"from": [ 8.0, -1.0, 10.1 ],
			"to": [ 12.0, 4.0, 10.1 ],
			"renderPass": 2,
			"rotationOrigin": [ 10.0, -1.0, 10.1 ],
			"rotationX": 22.5,
			"rotationY": -135.0,
			"rotationZ": 22.5,
			"faces": {
				"south": { "texture": "#singlehay2", "uv": [ 7.0, 0.5, 11.0, 5.5 ] }
			}
		},
		{
			"name": "Cube13",
			"from": [ 3.8, -1.0, 9.0 ],
			"to": [ 7.8, 4.0, 9.0 ],
			"renderPass": 2,
			"rotationOrigin": [ 5.8, -1.0, 9.0 ],
			"rotationX": 39.0,
			"rotationY": -45.0,
			"rotationZ": 22.5,
			"faces": {
				"south": { "texture": "#singlehay2", "uv": [ 3.5, 9.0, 7.5, 14.0 ] }
			}
		},
		{
			"name": "origin",
			"from": [ 8.5, 0.0, 10.0 ],
			"to": [ 8.5, 0.0, 10.0 ],
			"rotationOrigin": [ 8.5, 0.75, 7.5 ],
			"faces": {
			},
			"children": [
				{
					"name": "stick3",
					"from": [ 1.375, -0.25, -5.625 ],
					"to": [ 1.9125, 0.6875, 0.9375 ],
					"rotationOrigin": [ 1.375, -0.25, -5.625 ],
					"rotationX": 3.0,
					"rotationY": 22.5,
					"faces": {
						"north": { "texture": "#wood", "uv": [ 0.0, 0.0, 1.25, 1.25 ], "autoUv": false },
						"east": { "texture": "#wood", "uv": [ 0.0, 0.0, 8.75, 1.25 ], "autoUv": false },
						"south": { "texture": "#wood", "uv": [ 0.0, 0.0, 1.25, 1.25 ], "autoUv": false },
						"west": { "texture": "#wood", "uv": [ 0.0, 0.0, 8.75, 1.25 ], "autoUv": false },
						"up": { "texture": "#wood", "uv": [ 0.0, 0.0, 8.75, 1.25 ], "rotation": 90, "autoUv": false },
						"down": { "texture": "#wood", "uv": [ 0.0, 0.0, 8.75, 1.25 ], "rotation": 90, "autoUv": false }
					},
					"children": [
						{
							"name": "stick4",
							"from": [ 2.4375, 0.1875, 3.1875 ],
							"to": [ 3.375, 1.125, 6.0 ],
							"rotationOrigin": [ 2.4375, 0.1875, 3.1875 ],
							"rotationX": -180.0,
							"rotationY": -45.0,
							"rotationZ": -180.0,
							"faces": {
								"north": { "texture": "#wood", "uv": [ 0.0, 0.0, 1.25, 1.25 ], "autoUv": false },
								"east": { "texture": "#wood", "uv": [ 0.0, 0.0, 3.75, 1.25 ], "autoUv": false },
								"south": { "texture": "#wood", "uv": [ 0.0, 0.0, 1.25, 1.25 ], "autoUv": false },
								"west": { "texture": "#wood", "uv": [ 0.0, 0.0, 3.75, 1.25 ], "autoUv": false },
								"up": { "texture": "#wood", "uv": [ 0.0, 0.0, 3.75, 1.25 ], "rotation": 90, "autoUv": false },
								"down": { "texture": "#wood", "uv": [ 0.0, 0.0, 3.75, 1.25 ], "rotation": 90, "autoUv": false }
							},
							"children": [
								{
									"name": "stick5",
									"from": [ 0.7917, 0.0088, -0.9375 ],
									"to": [ 1.2292, 0.9463, 3.1875 ],
									"rotationOrigin": [ 0.7917, 0.0088, -0.9337 ],
									"rotationX": -67.5,
									"rotationY": 86.1116,
									"rotationZ": 91.9453,
									"faces": {
										"north": { "texture": "#wood", "uv": [ 0.0, 0.0, 1.25, 1.25 ], "autoUv": false },
										"east": { "texture": "#wood", "uv": [ 0.0, 0.0, 7.5, 1.25 ], "autoUv": false },
										"south": { "texture": "#wood", "uv": [ 0.0, 0.0, 1.25, 1.25 ], "autoUv": false },
										"west": { "texture": "#wood", "uv": [ 0.0, 0.0, 7.5, 1.25 ], "autoUv": false },
										"up": { "texture": "#wood", "uv": [ 0.0, 0.0, 7.5, 1.25 ], "rotation": 90, "autoUv": false },
										"down": { "texture": "#wood", "uv": [ 0.0, 0.0, 7.5, 1.25 ], "rotation": 90, "autoUv": false }
									}
								}
							]
						}
					]
				},
				{
					"name": "stick7",
					"from": [ 3.75, 0.0, 1.875 ],
					"to": [ 4.2875, 0.9375, 8.4375 ],
					"rotationOrigin": [ 3.75, 0.0, 1.875 ],
					"rotationX": -45.0,
					"rotationY": -90.0,
					"faces": {
						"north": { "texture": "#wood", "uv": [ 0.0, 0.0, 1.25, 1.25 ], "autoUv": false },
						"east": { "texture": "#wood", "uv": [ 0.0, 0.0, 8.75, 1.25 ], "autoUv": false },
						"south": { "texture": "#wood", "uv": [ 0.0, 0.0, 1.25, 1.25 ], "autoUv": false },
						"west": { "texture": "#wood", "uv": [ 0.0, 0.0, 8.75, 1.25 ], "autoUv": false },
						"up": { "texture": "#wood", "uv": [ 0.0, 0.0, 8.75, 1.25 ], "rotation": 90, "autoUv": false },
						"down": { "texture": "#wood", "uv": [ 0.0, 0.0, 8.75, 1.25 ], "rotation": 90, "autoUv": false }
					},
					"children": [
						{
							"name": "stick8",
							"from": [ 2.4375, 0.1875, 3.1875 ],
							"to": [ 3.375, 1.125, 6.0 ],
							"rotationOrigin": [ 2.4375, 0.1875, 3.1875 ],
							"rotationX": -180.0,
							"rotationY": -45.0,
							"rotationZ": -180.0,
							"faces": {
								"north": { "texture": "#wood", "uv": [ 0.0, 0.0, 1.25, 1.25 ], "autoUv": false },
								"east": { "texture": "#wood", "uv": [ 0.0, 0.0, 3.75, 1.25 ], "autoUv": false },
								"south": { "texture": "#wood", "uv": [ 0.0, 0.0, 1.25, 1.25 ], "autoUv": false },
								"west": { "texture": "#wood", "uv": [ 0.0, 0.0, 3.75, 1.25 ], "autoUv": false },
								"up": { "texture": "#wood", "uv": [ 0.0, 0.0, 3.75, 1.25 ], "rotation": 90, "autoUv": false },
								"down": { "texture": "#wood", "uv": [ 0.0, 0.0, 3.75, 1.25 ], "rotation": 90, "autoUv": false }
							}
						},
						{
							"name": "stick9",
							"from": [ 1.7813, 0.1963, 4.4063 ],
							"to": [ 2.7188, 0.8337, 8.1563 ],
							"rotationOrigin": [ 1.788, 0.1963, 4.4078 ],
							"rotationX": -45.0,
							"rotationY": -67.5,
							"rotationZ": 0.1393,
							"faces": {
								"north": { "texture": "#wood", "uv": [ 0.0, 0.0, 1.25, 1.25 ], "autoUv": false },
								"east": { "texture": "#wood", "uv": [ 0.0, 0.0, 5.0, 1.25 ], "autoUv": false },
								"south": { "texture": "#wood", "uv": [ 0.0, 0.0, 1.25, 1.25 ], "autoUv": false },
								"west": { "texture": "#wood", "uv": [ 0.0, 0.0, 5.0, 1.25 ], "autoUv": false },
								"up": { "texture": "#wood", "uv": [ 0.0, 0.0, 5.0, 1.25 ], "rotation": 90, "autoUv": false },
								"down": { "texture": "#wood", "uv": [ 0.0, 0.0, 5.0, 1.25 ], "rotation": 90, "autoUv": false }
							}
						}
					]
				},
				{
					"name": "stick10",
					"from": [ 3.75, 0.0, 1.875 ],
					"to": [ 4.6875, 0.9375, 5.9375 ],
					"rotationOrigin": [ 3.75, 0.0, 1.875 ],
					"rotationY": -157.5,
					"rotationZ": -45.0,
					"faces": {
						"north": { "texture": "#wood", "uv": [ 0.0, 0.0, 1.25, 1.25 ], "autoUv": false },
						"east": { "texture": "#wood", "uv": [ 0.0, 0.0, 8.75, 1.25 ], "autoUv": false },
						"south": { "texture": "#wood", "uv": [ 0.0, 0.0, 1.25, 1.25 ], "autoUv": false },
						"west": { "texture": "#wood", "uv": [ 0.0, 0.0, 8.75, 1.25 ], "autoUv": false },
						"up": { "texture": "#wood", "uv": [ 0.0, 0.0, 8.75, 1.25 ], "rotation": 90, "autoUv": false },
						"down": { "texture": "#wood", "uv": [ 0.0, 0.0, 8.75, 1.25 ], "rotation": 90, "autoUv": false }
					},
					"children": [
						{
							"name": "stick11",
							"from": [ 1.44, 0.1875, 5.19 ],
							"to": [ 2.0775, 0.825, 8.0025 ],
							"rotationOrigin": [ 1.4375, 0.1875, 5.1875 ],
							"rotationX": -180.0,
							"rotationY": -45.0,
							"rotationZ": -180.0,
							"faces": {
								"north": { "texture": "#wood", "uv": [ 0.0, 0.0, 1.25, 1.25 ], "autoUv": false },
								"east": { "texture": "#wood", "uv": [ 0.0, 0.0, 3.75, 1.25 ], "autoUv": false },
								"south": { "texture": "#wood", "uv": [ 0.0, 0.0, 1.25, 1.25 ], "autoUv": false },
								"west": { "texture": "#wood", "uv": [ 0.0, 0.0, 3.75, 1.25 ], "autoUv": false },
								"up": { "texture": "#wood", "uv": [ 0.0, 0.0, 3.75, 1.25 ], "rotation": 90, "autoUv": false },
								"down": { "texture": "#wood", "uv": [ 0.0, 0.0, 3.75, 1.25 ], "rotation": 90, "autoUv": false }
							}
						},
						{
							"name": "stick12",
							"from": [ -0.0875, -0.9375, 5.725 ],
							"to": [ 0.85, 0.0, 8.225 ],
							"rotationOrigin": [ -0.087, -0.9287, 5.7203 ],
							"rotationX": -45.0,
							"rotationY": -67.5,
							"rotationZ": 0.1393,
							"faces": {
								"north": { "texture": "#wood", "uv": [ 0.0, 0.0, 1.25, 1.25 ], "autoUv": false },
								"east": { "texture": "#wood", "uv": [ 0.0, 0.0, 5.0, 1.25 ], "autoUv": false },
								"south": { "texture": "#wood", "uv": [ 0.0, 0.0, 1.25, 1.25 ], "autoUv": false },
								"west": { "texture": "#wood", "uv": [ 0.0, 0.0, 5.0, 1.25 ], "autoUv": false },
								"up": { "texture": "#wood", "uv": [ 0.0, 0.0, 5.0, 1.25 ], "rotation": 90, "autoUv": false },
								"down": { "texture": "#wood", "uv": [ 0.0, 0.0, 5.0, 1.25 ], "rotation": 90, "autoUv": false }
							}
						}
					]
				},
				{
					"name": "origin2",
					"from": [ 0.75, -0.125, -3.5 ],
					"to": [ 0.75, -0.125, -3.5 ],
					"rotationOrigin": [ 0.75, 0.725, -3.5 ],
					"rotationX": -180.0,
					"rotationY": 22.5,
					"rotationZ": -180.0,
					"faces": {
					},
					"children": [
						{
							"name": "stick6",
							"from": [ 2.125, 0.0, -6.37 ],
							"to": [ 3.1875, 0.5625, -1.6325 ],
							"rotationOrigin": [ 2.125, 0.0, -6.375 ],
							"rotationX": 3.0,
							"rotationY": 22.5,
							"faces": {
								"north": { "texture": "#wood", "uv": [ 0.0, 0.0, 1.25, 1.25 ], "autoUv": false },
								"east": { "texture": "#wood", "uv": [ 0.0, 0.0, 8.75, 1.25 ], "autoUv": false },
								"south": { "texture": "#wood", "uv": [ 0.0, 0.0, 1.25, 1.25 ], "autoUv": false },
								"west": { "texture": "#wood", "uv": [ 0.0, 0.0, 8.75, 1.25 ], "autoUv": false },
								"up": { "texture": "#wood", "uv": [ 0.0, 0.0, 8.75, 1.25 ], "rotation": 90, "autoUv": false },
								"down": { "texture": "#wood", "uv": [ 0.0, 0.0, 8.75, 1.25 ], "rotation": 90, "autoUv": false }
							},
							"children": [
								{
									"name": "stick13",
									"from": [ 2.26, 0.2125, 3.6125 ],
									"to": [ 2.7225, 1.275, 6.8 ],
									"rotationOrigin": [ 2.2625, 0.2125, 3.6125 ],
									"rotationX": -180.0,
									"rotationY": -45.0,
									"rotationZ": -180.0,
									"faces": {
										"north": { "texture": "#wood", "uv": [ 0.0, 0.0, 1.25, 1.25 ], "autoUv": false },
										"east": { "texture": "#wood", "uv": [ 0.0, 0.0, 3.75, 1.25 ], "autoUv": false },
										"south": { "texture": "#wood", "uv": [ 0.0, 0.0, 1.25, 1.25 ], "autoUv": false },
										"west": { "texture": "#wood", "uv": [ 0.0, 0.0, 3.75, 1.25 ], "autoUv": false },
										"up": { "texture": "#wood", "uv": [ 0.0, 0.0, 3.75, 1.25 ], "rotation": 90, "autoUv": false },
										"down": { "texture": "#wood", "uv": [ 0.0, 0.0, 3.75, 1.25 ], "rotation": 90, "autoUv": false }
									},
									"children": [
										{
											"name": "stick14",
											"from": [ 0.8975, 0.01, -0.3125 ],
											"to": [ 1.96, 0.4725, 3.4125 ],
											"rotationOrigin": [ 0.8975, 0.01, -0.3085 ],
											"rotationX": -67.5,
											"rotationY": 86.1116,
											"rotationZ": 91.9453,
											"faces": {
												"north": { "texture": "#wood", "uv": [ 0.0, 0.0, 1.25, 1.25 ], "autoUv": false },
												"east": { "texture": "#wood", "uv": [ 0.0, 0.0, 7.5, 1.25 ], "autoUv": false },
												"south": { "texture": "#wood", "uv": [ 0.0, 0.0, 1.25, 1.25 ], "autoUv": false },
												"west": { "texture": "#wood", "uv": [ 0.0, 0.0, 7.5, 1.25 ], "autoUv": false },
												"up": { "texture": "#wood", "uv": [ 0.0, 0.0, 7.5, 1.25 ], "rotation": 90, "autoUv": false },
												"down": { "texture": "#wood", "uv": [ 0.0, 0.0, 7.5, 1.25 ], "rotation": 90, "autoUv": false }
											}
										}
									]
								}
							]
						},
						{
							"name": "stick15",
							"from": [ 4.15, 0.0, 2.13 ],
							"to": [ 5.2125, 1.0625, 8.2675 ],
							"rotationOrigin": [ 4.15, 0.0, 2.125 ],
							"rotationX": -45.0,
							"rotationY": -90.0,
							"faces": {
								"north": { "texture": "#wood", "uv": [ 0.0, 0.0, 1.25, 1.25 ], "autoUv": false },
								"east": { "texture": "#wood", "uv": [ 0.0, 0.0, 8.75, 1.25 ], "autoUv": false },
								"south": { "texture": "#wood", "uv": [ 0.0, 0.0, 1.25, 1.25 ], "autoUv": false },
								"west": { "texture": "#wood", "uv": [ 0.0, 0.0, 8.75, 1.25 ], "autoUv": false },
								"up": { "texture": "#wood", "uv": [ 0.0, 0.0, 8.75, 1.25 ], "rotation": 90, "autoUv": false },
								"down": { "texture": "#wood", "uv": [ 0.0, 0.0, 8.75, 1.25 ], "rotation": 90, "autoUv": false }
							},
							"children": [
								{
									"name": "stick16",
									"from": [ 1.96, 0.41, 3.6125 ],
									"to": [ 2.9225, 1.2725, 6.8 ],
									"rotationOrigin": [ 1.9625, 0.4125, 3.6125 ],
									"rotationX": -180.0,
									"rotationY": -45.0,
									"rotationZ": -180.0,
									"faces": {
										"north": { "texture": "#wood", "uv": [ 0.0, 0.0, 1.25, 1.25 ], "autoUv": false },
										"east": { "texture": "#wood", "uv": [ 0.0, 0.0, 3.75, 1.25 ], "autoUv": false },
										"south": { "texture": "#wood", "uv": [ 0.0, 0.0, 1.25, 1.25 ], "autoUv": false },
										"west": { "texture": "#wood", "uv": [ 0.0, 0.0, 3.75, 1.25 ], "autoUv": false },
										"up": { "texture": "#wood", "uv": [ 0.0, 0.0, 3.75, 1.25 ], "rotation": 90, "autoUv": false },
										"down": { "texture": "#wood", "uv": [ 0.0, 0.0, 3.75, 1.25 ], "rotation": 90, "autoUv": false }
									}
								}
							]
						},
						{
							"name": "stick18",
							"from": [ 4.25, 0.0, 2.125 ],
							"to": [ 5.3125, 1.0625, 5.8125 ],
							"rotationOrigin": [ 4.25, 0.0, 2.125 ],
							"rotationX": 13.0,
							"rotationY": -180.0,
							"rotationZ": -45.0,
							"faces": {
								"north": { "texture": "#wood", "uv": [ 0.0, 0.0, 1.25, 1.25 ], "autoUv": false },
								"east": { "texture": "#wood", "uv": [ 0.0, 0.0, 8.75, 1.25 ], "autoUv": false },
								"south": { "texture": "#wood", "uv": [ 0.0, 0.0, 1.25, 1.25 ], "autoUv": false },
								"west": { "texture": "#wood", "uv": [ 0.0, 0.0, 8.75, 1.25 ], "autoUv": false },
								"up": { "texture": "#wood", "uv": [ 0.0, 0.0, 8.75, 1.25 ], "rotation": 90, "autoUv": false },
								"down": { "texture": "#wood", "uv": [ 0.0, 0.0, 8.75, 1.25 ], "rotation": 90, "autoUv": false }
							}
						}
					]
				},
				{
					"name": "Cube2",
					"from": [ -3.75, -0.25, -5.0 ],
					"to": [ -3.3, 0.375, 2.05 ],
					"rotationOrigin": [ -3.75, -0.25, -5.0 ],
					"rotationY": 45.0,
					"faces": {
						"north": { "texture": "#wood", "uv": [ 0.0, 0.0, 0.5, 0.5 ] },
						"east": { "texture": "#wood", "uv": [ 0.0, 0.0, 7.0, 0.5 ] },
						"south": { "texture": "#wood", "uv": [ 0.0, 0.0, 0.5, 0.5 ] },
						"west": { "texture": "#wood", "uv": [ 0.0, 0.0, 7.0, 0.5 ] },
						"up": { "texture": "#wood", "uv": [ 0.0, 0.0, 0.5, 7.0 ] },
						"down": { "texture": "#wood", "uv": [ 0.0, 0.0, 0.5, 7.0 ] }
					},
					"children": [
						{
							"name": "Cube3",
							"from": [ 2.6516, 0.0, 2.6516 ],
							"to": [ 3.1016, 0.625, 8.9016 ],
							"rotationOrigin": [ 2.6516, 0.0, 2.6516 ],
							"rotationX": -6.0,
							"rotationY": -58.0,
							"rotationZ": -11.0,
							"faces": {
								"north": { "texture": "#wood", "uv": [ 0.0, 0.0, 0.5, 0.5 ] },
								"east": { "texture": "#wood", "uv": [ 0.0, 0.0, 6.0, 0.5 ] },
								"south": { "texture": "#wood", "uv": [ 0.0, 0.0, 0.5, 0.5 ] },
								"west": { "texture": "#wood", "uv": [ 0.0, 0.0, 6.0, 0.5 ] },
								"up": { "texture": "#wood", "uv": [ 0.0, 0.0, 0.5, 6.0 ] },
								"down": { "texture": "#wood", "uv": [ 0.0, 0.0, 0.5, 6.0 ] }
							}
						},
						{
							"name": "Cube4",
							"from": [ -3.35, -0.1, 2.85 ],
							"to": [ -2.7, 0.525, 9.1 ],
							"rotationOrigin": [ -3.3484, -0.1, 2.8516 ],
							"rotationY": 50.0,
							"rotationZ": -10.8905,
							"faces": {
								"north": { "texture": "#wood", "uv": [ 0.0, 0.0, 0.5, 0.5 ] },
								"east": { "texture": "#wood", "uv": [ 0.0, 0.0, 6.0, 0.5 ] },
								"south": { "texture": "#wood", "uv": [ 0.0, 0.0, 0.5, 0.5 ] },
								"west": { "texture": "#wood", "uv": [ 0.0, 0.0, 6.0, 0.5 ] },
								"up": { "texture": "#wood", "uv": [ 0.0, 0.0, 0.5, 6.0 ] },
								"down": { "texture": "#wood", "uv": [ 0.0, 0.0, 0.5, 6.0 ] }
							}
						},
						{
							"name": "Cube5",
							"from": [ -3.35, 0.0, 4.65 ],
							"to": [ -2.1, 0.625, 10.9 ],
							"rotationOrigin": [ -3.3484, 0.0, 4.6516 ],
							"rotationY": 102.0,
							"rotationZ": -8.0,
							"faces": {
								"north": { "texture": "#wood", "uv": [ 0.0, 0.0, 1.0, 0.5 ] },
								"east": { "texture": "#wood", "uv": [ 0.0, 0.0, 6.0, 0.5 ] },
								"south": { "texture": "#wood", "uv": [ 0.0, 0.0, 1.0, 0.5 ] },
								"west": { "texture": "#wood", "uv": [ 0.0, 0.0, 6.0, 0.5 ] },
								"up": { "texture": "#wood", "uv": [ 0.0, 0.0, 1.0, 6.0 ] },
								"down": { "texture": "#wood", "uv": [ 0.0, 0.0, 1.0, 6.0 ] }
							}
						}
					]
				}
			],
			"attachmentpoints": [
				{
					"code": "Center",
					"posX": "0.0","posY": "0.0","posZ": "0.0",
					"rotationX": "0.0","rotationY": "0.0","rotationZ": "0.0"
				}
			]
		},
		{
			"name": "Cube6",
			"from": [ 5.0, 0.0, 4.8 ],
			"to": [ 11.5, 0.6, 11.3 ],
			"rotationOrigin": [ 5.0, 0.0, 4.8 ],
			"faces": {
				"north": { "texture": "#hay-egg", "uv": [ 1.0, 8.5, 7.5, 9.0 ] },
				"east": { "texture": "#hay-egg", "uv": [ 0.0, 5.5, 6.5, 6.0 ] },
				"south": { "texture": "#hay-egg", "uv": [ 0.5, 5.0, 7.0, 5.5 ] },
				"west": { "texture": "#hay-egg", "uv": [ 2.5, 2.5, 9.0, 3.0 ] },
				"up": { "texture": "#hay-egg", "uv": [ 2.5, 4.0, 9.0, 10.5 ] },
				"down": { "texture": "#hay-egg", "uv": [ 1.0, 5.0, 7.5, 11.5 ] }
			}
		}
	]}