{
	"editor": {
		"allAngles": true,
		"entityTextureMode": false
	},
	"textureWidth": 16,
	"textureHeight": 16,
	"textureSizes": {
	},
	"textures": {
		"hay-egg": "game:block/wood/henbox/hay-egg",
		"wood": "game:block/wood/planks/generic",
		"singlehay2": "game:item/tool/material/feather"
	},
	"elements": [
		{
			"name": "Cube1",
			"from": [ 4.0, 0.0, 5.5 ],
			"to": [ 12.0, 4.0, 5.5 ],
			"renderPass": 2,
			"rotationOrigin": [ 8.0, 0.0, 5.5 ],
			"rotationX": -22.5,
			"faces": {
				"south": { "texture": "#singlehay2", "uv": [ 5.5, 9.0, 13.5, 13.0 ] }
			}
		},
		{
			"name": "Cube7",
			"from": [ 4.0, -1.0, 10.5 ],
			"to": [ 12.0, 3.0, 10.5 ],
			"renderPass": 2,
			"rotationOrigin": [ 8.0, -1.0, 10.5 ],
			"rotationX": 22.5,
			"faces": {
				"south": { "texture": "#singlehay2", "uv": [ 6.0, 1.0, 14.0, 5.0 ] }
			}
		},
		{
			"name": "Cube8",
			"from": [ 7.0, 0.0, 8.5 ],
			"to": [ 15.0, 4.0, 8.5 ],
			"renderPass": 2,
			"rotationOrigin": [ 11.0, 0.0, 8.5 ],
			"rotationX": 90.0,
			"rotationY": 67.5,
			"rotationZ": -90.0,
			"faces": {
				"south": { "texture": "#singlehay2", "uv": [ 5.5, 9.0, 13.5, 13.0 ] }
			}
		},
		{
			"name": "Cube9",
			"from": [ 0.9, -1.0, 8.5 ],
			"to": [ 8.9, 3.0, 8.5 ],
			"renderPass": 2,
			"rotationOrigin": [ 4.9, -1.0, 8.5 ],
			"rotationX": -90.0,
			"rotationY": 67.5,
			"rotationZ": 90.0,
			"faces": {
				"south": { "texture": "#singlehay2", "uv": [ 5.5, 1.0, 13.5, 5.0 ] }
			}
		},
		{
			"name": "Cube10",
			"from": [ 3.9, -1.0, 6.1 ],
			"to": [ 7.9, 4.0, 6.1 ],
			"renderPass": 2,
			"rotationOrigin": [ 5.9, -1.0, 6.1 ],
			"rotationX": -22.5,
			"rotationY": 45.0,
			"rotationZ": 22.5,
			"faces": {
				"south": { "texture": "#singlehay2", "uv": [ 4.5, 0.5, 8.5, 5.5 ] }
			}
		},
		{
			"name": "Cube11",
			"from": [ 8.0, 0.0, 6.1 ],
			"to": [ 12.0, 5.0, 6.1 ],
			"renderPass": 2,
			"rotationOrigin": [ 10.0, 0.0, 6.1 ],
			"rotationX": -22.5,
			"rotationY": -45.0,
			"rotationZ": -22.5,
			"faces": {
				"south": { "texture": "#singlehay2", "uv": [ 9.0, 0.5, 13.0, 5.5 ] }
			}
		},
		{
			"name": "Cube12",
			"from": [ 8.0, -1.0, 10.1 ],
			"to": [ 12.0, 4.0, 10.1 ],
			"renderPass": 2,
			"rotationOrigin": [ 10.0, -1.0, 10.1 ],
			"rotationX": 22.5,
			"rotationY": -135.0,
			"rotationZ": 22.5,
			"faces": {
				"south": { "texture": "#singlehay2", "uv": [ 7.0, 0.5, 11.0, 5.5 ] }
			}
		},
		{
			"name": "Cube13",
			"from": [ 3.8, -0.8, 9.0 ],
			"to": [ 7.8, 4.2, 9.1 ],
			"renderPass": 2,
			"rotationOrigin": [ 5.8, -0.8, 9.0 ],
			"rotationX": 39.0,
			"rotationY": -53.0,
			"rotationZ": 22.5,
			"faces": {
				"south": { "texture": "#singlehay2", "uv": [ 2.0, 0.5, 6.0, 5.5 ] }
			}
		},
		{
			"name": "origin",
			"from": [ 8.5, 0.0, 10.0 ],
			"to": [ 8.5, 0.0, 10.0 ],
			"rotationOrigin": [ 8.5, 0.75, 7.5 ],
			"faces": {
			},
			"children": [
				{
					"name": "stick3",
					"from": [ 1.375, -0.25, -5.625 ],
					"to": [ 1.9125, 0.6875, 0.9375 ],
					"rotationOrigin": [ 1.375, -0.25, -5.625 ],
					"rotationX": 3.0,
					"rotationY": 22.5,
					"faces": {
						"north": { "texture": "#wood", "uv": [ 0.0, 0.0, 1.25, 1.25 ], "autoUv": false },
						"east": { "texture": "#wood", "uv": [ 0.0, 0.0, 8.75, 1.25 ], "autoUv": false },
						"south": { "texture": "#wood", "uv": [ 0.0, 0.0, 1.25, 1.25 ], "autoUv": false },
						"west": { "texture": "#wood", "uv": [ 0.0, 0.0, 8.75, 1.25 ], "autoUv": false },
						"up": { "texture": "#wood", "uv": [ 0.0, 0.0, 8.75, 1.25 ], "rotation": 90, "autoUv": false },
						"down": { "texture": "#wood", "uv": [ 0.0, 0.0, 8.75, 1.25 ], "rotation": 90, "autoUv": false }
					},
					"children": [
						{
							"name": "stick4",
							"from": [ 2.4375, 0.1875, 3.1875 ],
							"to": [ 3.375, 1.125, 6.0 ],
							"rotationOrigin": [ 2.4375, 0.1875, 3.1875 ],
							"rotationX": -180.0,
							"rotationY": -45.0,
							"rotationZ": -180.0,
							"faces": {
								"north": { "texture": "#wood", "uv": [ 0.0, 0.0, 1.25, 1.25 ], "autoUv": false },
								"east": { "texture": "#wood", "uv": [ 0.0, 0.0, 3.75, 1.25 ], "autoUv": false },
								"south": { "texture": "#wood", "uv": [ 0.0, 0.0, 1.25, 1.25 ], "autoUv": false },
								"west": { "texture": "#wood", "uv": [ 0.0, 0.0, 3.75, 1.25 ], "autoUv": false },
								"up": { "texture": "#wood", "uv": [ 0.0, 0.0, 3.75, 1.25 ], "rotation": 90, "autoUv": false },
								"down": { "texture": "#wood", "uv": [ 0.0, 0.0, 3.75, 1.25 ], "rotation": 90, "autoUv": false }
							},
							"children": [
								{
									"name": "stick5",
									"from": [ 0.79, 0.0088, 1.06 ],
									"to": [ 1.2275, 0.9463, 5.185 ],
									"rotationOrigin": [ 0.7917, 0.0088, 1.0663 ],
									"rotationX": -67.5,
									"rotationY": 86.1116,
									"rotationZ": 91.9453,
									"faces": {
										"north": { "texture": "#wood", "uv": [ 0.0, 0.0, 1.25, 1.25 ], "autoUv": false },
										"east": { "texture": "#wood", "uv": [ 0.0, 0.0, 7.5, 1.25 ], "autoUv": false },
										"south": { "texture": "#wood", "uv": [ 0.0, 0.0, 1.25, 1.25 ], "autoUv": false },
										"west": { "texture": "#wood", "uv": [ 0.0, 0.0, 7.5, 1.25 ], "autoUv": false },
										"up": { "texture": "#wood", "uv": [ 0.0, 0.0, 7.5, 1.25 ], "rotation": 90, "autoUv": false },
										"down": { "texture": "#wood", "uv": [ 0.0, 0.0, 7.5, 1.25 ], "rotation": 90, "autoUv": false }
									}
								}
							]
						}
					]
				},
				{
					"name": "stick7",
					"from": [ 0.75, 0.0, 0.875 ],
					"to": [ 1.2875, 0.5375, 3.6375 ],
					"rotationOrigin": [ 0.75, 0.0, 0.875 ],
					"rotationX": -42.0,
					"rotationY": -97.0,
					"rotationZ": 33.0,
					"faces": {
						"north": { "texture": "#wood", "uv": [ 0.0, 0.0, 1.25, 1.25 ], "autoUv": false },
						"east": { "texture": "#wood", "uv": [ 0.0, 0.0, 8.75, 1.25 ], "autoUv": false },
						"south": { "texture": "#wood", "uv": [ 0.0, 0.0, 1.25, 1.25 ], "autoUv": false },
						"west": { "texture": "#wood", "uv": [ 0.0, 0.0, 8.75, 1.25 ], "autoUv": false },
						"up": { "texture": "#wood", "uv": [ 0.0, 0.0, 8.75, 1.25 ], "rotation": 90, "autoUv": false },
						"down": { "texture": "#wood", "uv": [ 0.0, 0.0, 8.75, 1.25 ], "rotation": 90, "autoUv": false }
					}
				},
				{
					"name": "stick10",
					"from": [ 3.75, 0.0, 1.875 ],
					"to": [ 4.6875, 0.9375, 5.9375 ],
					"rotationOrigin": [ 3.75, 0.0, 1.875 ],
					"rotationY": -157.5,
					"rotationZ": -45.0,
					"faces": {
						"north": { "texture": "#wood", "uv": [ 0.0, 0.0, 1.25, 1.25 ], "autoUv": false },
						"east": { "texture": "#wood", "uv": [ 0.0, 0.0, 8.75, 1.25 ], "autoUv": false },
						"south": { "texture": "#wood", "uv": [ 0.0, 0.0, 1.25, 1.25 ], "autoUv": false },
						"west": { "texture": "#wood", "uv": [ 0.0, 0.0, 8.75, 1.25 ], "autoUv": false },
						"up": { "texture": "#wood", "uv": [ 0.0, 0.0, 8.75, 1.25 ], "rotation": 90, "autoUv": false },
						"down": { "texture": "#wood", "uv": [ 0.0, 0.0, 8.75, 1.25 ], "rotation": 90, "autoUv": false }
					},
					"children": [
						{
							"name": "stick11",
							"from": [ 1.44, 0.1875, 5.19 ],
							"to": [ 2.0775, 0.825, 8.0025 ],
							"rotationOrigin": [ 1.4375, 0.1875, 5.1875 ],
							"rotationX": -180.0,
							"rotationY": -45.0,
							"rotationZ": -180.0,
							"faces": {
								"north": { "texture": "#wood", "uv": [ 0.0, 0.0, 1.25, 1.25 ], "autoUv": false },
								"east": { "texture": "#wood", "uv": [ 0.0, 0.0, 3.75, 1.25 ], "autoUv": false },
								"south": { "texture": "#wood", "uv": [ 0.0, 0.0, 1.25, 1.25 ], "autoUv": false },
								"west": { "texture": "#wood", "uv": [ 0.0, 0.0, 3.75, 1.25 ], "autoUv": false },
								"up": { "texture": "#wood", "uv": [ 0.0, 0.0, 3.75, 1.25 ], "rotation": 90, "autoUv": false },
								"down": { "texture": "#wood", "uv": [ 0.0, 0.0, 3.75, 1.25 ], "rotation": 90, "autoUv": false }
							}
						},
						{
							"name": "stick12",
							"from": [ 0.31, -0.54, 5.725 ],
							"to": [ 0.7475, 0.0975, 8.225 ],
							"rotationOrigin": [ 0.313, -0.5287, 5.7203 ],
							"rotationX": -45.0,
							"rotationY": -67.5,
							"rotationZ": 0.1393,
							"faces": {
								"north": { "texture": "#wood", "uv": [ 0.0, 0.0, 1.25, 1.25 ], "autoUv": false },
								"east": { "texture": "#wood", "uv": [ 0.0, 0.0, 5.0, 1.25 ], "autoUv": false },
								"south": { "texture": "#wood", "uv": [ 0.0, 0.0, 1.25, 1.25 ], "autoUv": false },
								"west": { "texture": "#wood", "uv": [ 0.0, 0.0, 5.0, 1.25 ], "autoUv": false },
								"up": { "texture": "#wood", "uv": [ 0.0, 0.0, 5.0, 1.25 ], "rotation": 90, "autoUv": false },
								"down": { "texture": "#wood", "uv": [ 0.0, 0.0, 5.0, 1.25 ], "rotation": 90, "autoUv": false }
							}
						}
					]
				},
				{
					"name": "origin2",
					"from": [ 0.75, -0.125, -3.5 ],
					"to": [ 0.75, -0.125, -3.5 ],
					"rotationOrigin": [ 0.75, 0.725, -3.5 ],
					"rotationX": -180.0,
					"rotationY": 22.5,
					"rotationZ": -180.0,
					"faces": {
					},
					"children": [
						{
							"name": "stick6",
							"from": [ 2.125, 0.0, -6.37 ],
							"to": [ 3.1875, 0.5625, -1.6325 ],
							"rotationOrigin": [ 2.125, 0.0, -6.375 ],
							"rotationX": 3.0,
							"rotationY": 22.5,
							"faces": {
								"north": { "texture": "#wood", "uv": [ 0.0, 0.0, 1.25, 1.25 ], "autoUv": false },
								"east": { "texture": "#wood", "uv": [ 0.0, 0.0, 8.75, 1.25 ], "autoUv": false },
								"south": { "texture": "#wood", "uv": [ 0.0, 0.0, 1.25, 1.25 ], "autoUv": false },
								"west": { "texture": "#wood", "uv": [ 0.0, 0.0, 8.75, 1.25 ], "autoUv": false },
								"up": { "texture": "#wood", "uv": [ 0.0, 0.0, 8.75, 1.25 ], "rotation": 90, "autoUv": false },
								"down": { "texture": "#wood", "uv": [ 0.0, 0.0, 8.75, 1.25 ], "rotation": 90, "autoUv": false }
							},
							"children": [
								{
									"name": "stick13",
									"from": [ 1.56, 0.21, 2.61 ],
									"to": [ 2.0225, 0.7725, 5.7975 ],
									"rotationOrigin": [ 1.5625, 0.2125, 2.6125 ],
									"rotationX": -180.0,
									"rotationY": -58.0,
									"rotationZ": -180.0,
									"faces": {
										"north": { "texture": "#wood", "uv": [ 0.0, 0.0, 1.25, 1.25 ], "autoUv": false },
										"east": { "texture": "#wood", "uv": [ 0.0, 0.0, 3.75, 1.25 ], "autoUv": false },
										"south": { "texture": "#wood", "uv": [ 0.0, 0.0, 1.25, 1.25 ], "autoUv": false },
										"west": { "texture": "#wood", "uv": [ 0.0, 0.0, 3.75, 1.25 ], "autoUv": false },
										"up": { "texture": "#wood", "uv": [ 0.0, 0.0, 3.75, 1.25 ], "rotation": 90, "autoUv": false },
										"down": { "texture": "#wood", "uv": [ 0.0, 0.0, 3.75, 1.25 ], "rotation": 90, "autoUv": false }
									},
									"children": [
										{
											"name": "stick14",
											"from": [ 0.8975, 0.01, -0.3125 ],
											"to": [ 1.96, 0.4725, 3.4125 ],
											"rotationOrigin": [ 0.8975, 0.01, -0.3085 ],
											"rotationX": -67.5,
											"rotationY": 86.1116,
											"rotationZ": 91.9453,
											"faces": {
												"north": { "texture": "#wood", "uv": [ 0.0, 0.0, 1.25, 1.25 ], "autoUv": false },
												"east": { "texture": "#wood", "uv": [ 0.0, 0.0, 7.5, 1.25 ], "autoUv": false },
												"south": { "texture": "#wood", "uv": [ 0.0, 0.0, 1.25, 1.25 ], "autoUv": false },
												"west": { "texture": "#wood", "uv": [ 0.0, 0.0, 7.5, 1.25 ], "autoUv": false },
												"up": { "texture": "#wood", "uv": [ 0.0, 0.0, 7.5, 1.25 ], "rotation": 90, "autoUv": false },
												"down": { "texture": "#wood", "uv": [ 0.0, 0.0, 7.5, 1.25 ], "rotation": 90, "autoUv": false }
											}
										}
									]
								}
							]
						},
						{
							"name": "stick15",
							"from": [ 4.15, 0.0, 2.13 ],
							"to": [ 4.7125, 0.4625, 7.8675 ],
							"rotationOrigin": [ 4.15, 0.0, 2.125 ],
							"rotationX": -45.0,
							"rotationY": -90.0,
							"faces": {
								"north": { "texture": "#wood", "uv": [ 0.0, 0.0, 1.25, 1.25 ], "autoUv": false },
								"east": { "texture": "#wood", "uv": [ 0.0, 0.0, 8.75, 1.25 ], "autoUv": false },
								"south": { "texture": "#wood", "uv": [ 0.0, 0.0, 1.25, 1.25 ], "autoUv": false },
								"west": { "texture": "#wood", "uv": [ 0.0, 0.0, 8.75, 1.25 ], "autoUv": false },
								"up": { "texture": "#wood", "uv": [ 0.0, 0.0, 8.75, 1.25 ], "rotation": 90, "autoUv": false },
								"down": { "texture": "#wood", "uv": [ 0.0, 0.0, 8.75, 1.25 ], "rotation": 90, "autoUv": false }
							},
							"children": [
								{
									"name": "stick16",
									"from": [ 1.96, 0.41, 3.6125 ],
									"to": [ 2.9225, 1.2725, 6.8 ],
									"rotationOrigin": [ 1.9625, 0.4125, 3.6125 ],
									"rotationX": -180.0,
									"rotationY": -45.0,
									"rotationZ": -180.0,
									"faces": {
										"north": { "texture": "#wood", "uv": [ 0.0, 0.0, 1.25, 1.25 ], "autoUv": false },
										"east": { "texture": "#wood", "uv": [ 0.0, 0.0, 3.75, 1.25 ], "autoUv": false },
										"south": { "texture": "#wood", "uv": [ 0.0, 0.0, 1.25, 1.25 ], "autoUv": false },
										"west": { "texture": "#wood", "uv": [ 0.0, 0.0, 3.75, 1.25 ], "autoUv": false },
										"up": { "texture": "#wood", "uv": [ 0.0, 0.0, 3.75, 1.25 ], "rotation": 90, "autoUv": false },
										"down": { "texture": "#wood", "uv": [ 0.0, 0.0, 3.75, 1.25 ], "rotation": 90, "autoUv": false }
									}
								}
							]
						},
						{
							"name": "stick18",
							"from": [ 4.25, 0.0, 2.125 ],
							"to": [ 4.9125, 0.7625, 5.8125 ],
							"rotationOrigin": [ 4.25, 0.0, 2.125 ],
							"rotationX": 13.0,
							"rotationY": -180.0,
							"rotationZ": -45.0,
							"faces": {
								"north": { "texture": "#wood", "uv": [ 0.0, 0.0, 1.25, 1.25 ], "autoUv": false },
								"east": { "texture": "#wood", "uv": [ 0.0, 0.0, 8.75, 1.25 ], "autoUv": false },
								"south": { "texture": "#wood", "uv": [ 0.0, 0.0, 1.25, 1.25 ], "autoUv": false },
								"west": { "texture": "#wood", "uv": [ 0.0, 0.0, 8.75, 1.25 ], "autoUv": false },
								"up": { "texture": "#wood", "uv": [ 0.0, 0.0, 8.75, 1.25 ], "rotation": 90, "autoUv": false },
								"down": { "texture": "#wood", "uv": [ 0.0, 0.0, 8.75, 1.25 ], "rotation": 90, "autoUv": false }
							}
						}
					]
				},
				{
					"name": "stick8",
					"from": [ 0.5625, 1.16, 1.67 ],
					"to": [ 1.1, 1.6975, 4.4825 ],
					"rotationOrigin": [ 0.5625, 1.1562, 1.666 ],
					"rotationX": 100.0,
					"rotationY": -50.0,
					"rotationZ": -180.0,
					"faces": {
						"north": { "texture": "#wood", "uv": [ 0.0, 0.0, 1.25, 1.25 ], "autoUv": false },
						"east": { "texture": "#wood", "uv": [ 0.0, 0.0, 3.75, 1.25 ], "autoUv": false },
						"south": { "texture": "#wood", "uv": [ 0.0, 0.0, 1.25, 1.25 ], "autoUv": false },
						"west": { "texture": "#wood", "uv": [ 0.0, 0.0, 3.75, 1.25 ], "autoUv": false },
						"up": { "texture": "#wood", "uv": [ 0.0, 0.0, 3.75, 1.25 ], "rotation": 90, "autoUv": false },
						"down": { "texture": "#wood", "uv": [ 0.0, 0.0, 3.75, 1.25 ], "rotation": 90, "autoUv": false }
					}
				},
				{
					"name": "stick9",
					"from": [ -0.2658, 0.9081, 2.5077 ],
					"to": [ 0.1717, 1.3455, 5.3577 ],
					"rotationOrigin": [ -0.2578, 0.9081, 2.5055 ],
					"rotationX": 151.3249,
					"rotationY": -15.6999,
					"rotationZ": -132.5949,
					"faces": {
						"north": { "texture": "#wood", "uv": [ 0.0, 0.0, 1.25, 1.25 ], "autoUv": false },
						"east": { "texture": "#wood", "uv": [ 0.0, 0.0, 5.0, 1.25 ], "autoUv": false },
						"south": { "texture": "#wood", "uv": [ 0.0, 0.0, 1.25, 1.25 ], "autoUv": false },
						"west": { "texture": "#wood", "uv": [ 0.0, 0.0, 5.0, 1.25 ], "autoUv": false },
						"up": { "texture": "#wood", "uv": [ 0.0, 0.0, 5.0, 1.25 ], "rotation": 90, "autoUv": false },
						"down": { "texture": "#wood", "uv": [ 0.0, 0.0, 5.0, 1.25 ], "rotation": 90, "autoUv": false }
					}
				}
			],
			"attachmentpoints": [
				{
					"code": "Center",
					"posX": "0.0","posY": "0.0","posZ": "0.0",
					"rotationX": "0.0","rotationY": "0.0","rotationZ": "0.0"
				}
			]
		},
		{
			"name": "haytile",
			"from": [ 5.0, -0.5, 8.0 ],
			"to": [ 9.5, 0.1, 10.3 ],
			"rotationOrigin": [ 5.0, -0.5, 7.8 ],
			"rotationX": -6.0,
			"rotationY": 36.0,
			"faces": {
				"up": { "texture": "#hay-egg", "uv": [ 2.5, 4.0, 7.0, 6.0 ] }
			}
		},
		{
			"name": "haytile2",
			"from": [ 4.0, -0.5, 7.8 ],
			"to": [ 10.0, 0.1, 10.8 ],
			"rotationOrigin": [ 4.0, -0.5, 7.8 ],
			"rotationY": 45.0,
			"faces": {
				"up": { "texture": "#hay-egg", "uv": [ 2.5, 4.0, 8.5, 7.0 ] }
			}
		},
		{
			"name": "haytile3",
			"from": [ 9.5, -0.55, 5.2 ],
			"to": [ 14.5, 0.05, 10.2 ],
			"rotationOrigin": [ 9.5, -0.5, 5.2 ],
			"rotationY": -66.0,
			"faces": {
				"up": { "texture": "#hay-egg", "uv": [ 2.5, 4.0, 7.5, 9.0 ] }
			}
		}
	]}