{
	"editor": {
		"collapsedPaths": "Root/originButterflyPanel/Frame1,Root/originButterflyPanel/GlassFrame1,Root/SaddleBackN,Root,Root/ORIGIN/SaddleFrontWall,Root/origin3,Root/origin,Root/origin2,Root/Origin,Root/originButterflyPanel/Divider1,Root/originButterflyPanel/GlassFrame4,Root/SaddleFrontN",
		"allAngles": true,
		"entityTextureMode": false
	},
	"textureWidth": 16,
	"textureHeight": 16,
	"textureSizes": {},
	"textures": {
		"surface": "game:block/wood/shelf/surface",
		"glass": "game:block/glass/plain",
		"frame": "game:block/glass/frame"
	},
	"elements": [
		{
			"name": "originButterflyPanel",
			"from": [ 0.0, 0.0, 16.0 ],
			"to": [ 0.0, 0.0, 16.0 ],
			"rotationOrigin": [ 0.0, 0.0, 16.0 ],
			"rotationX": -75.0,
			"faces": {
			},
			"children": [
				{
					"name": "Holder",
					"from": [ 4.0, 12.0, 0.0 ],
					"to": [ 12.0, 14.0, 3.8 ],
					"rotationOrigin": [ 4.0, 0.0, 0.0 ],
					"rotationX": -15.0,
					"faces": {
						"north": { "texture": "#surface", "uv": [ 4.0, 8.5, 12.0, 10.5 ] },
						"east": { "texture": "#surface", "uv": [ 0.0, 8.5, 3.5, 10.5 ] },
						"west": { "texture": "#surface", "uv": [ 12.5, 8.5, 16.0, 10.5 ] },
						"up": { "texture": "#surface", "uv": [ 6.5, 12.5, 14.5, 16.0 ] },
						"down": { "texture": "#surface", "uv": [ 1.5, 12.5, 9.5, 16.0 ] }
					}
				},
				{
					"name": "Frame1",
					"from": [ 0.0, 0.0, 0.0 ],
					"to": [ 16.0, 0.5, 1.25 ],
					"faces": {
						"north": { "texture": "#surface", "uv": [ 0.0, 3.0, 16.0, 3.5 ] },
						"east": { "texture": "#surface", "uv": [ 0.5, 3.0, 1.5, 3.5 ] },
						"south": { "texture": "#surface", "uv": [ 0.0, 3.0, 16.0, 3.5 ] },
						"west": { "texture": "#surface", "uv": [ 0.0, 3.0, 1.0, 3.5 ] },
						"up": { "texture": "#surface", "uv": [ 0.0, 15.0, 16.0, 16.0 ] },
						"down": { "texture": "#surface", "uv": [ 0.0, 15.0, 16.0, 16.0 ] }
					},
					"children": [
						{
							"name": "Frame2",
							"from": [ 0.0, 15.5, 0.0 ],
							"to": [ 16.0, 16.0, 1.25 ],
							"rotationOrigin": [ 0.0, 16.0, 0.0 ],
							"faces": {
								"north": { "texture": "#surface", "uv": [ 0.0, 3.0, 16.0, 3.5 ] },
								"east": { "texture": "#surface", "uv": [ 0.5, 3.0, 1.5, 3.5 ] },
								"south": { "texture": "#surface", "uv": [ 0.0, 3.0, 16.0, 3.5 ] },
								"west": { "texture": "#surface", "uv": [ 0.0, 3.0, 1.0, 3.5 ] },
								"up": { "texture": "#surface", "uv": [ 0.0, 15.0, 16.0, 16.0 ] },
								"down": { "texture": "#surface", "uv": [ 0.0, 15.0, 16.0, 16.0 ] }
							}
						},
						{
							"name": "Frame3",
							"from": [ 0.0, 0.5, 0.0 ],
							"to": [ 0.5, 15.5, 1.25 ],
							"rotationOrigin": [ 0.0, 0.5, 0.0 ],
							"faces": {
								"north": { "texture": "#surface", "uv": [ 0.0, 3.0, 15.0, 3.5 ], "rotation": 90 },
								"east": { "texture": "#surface", "uv": [ 0.5, 15.0, 15.5, 16.0 ], "rotation": 90 },
								"south": { "texture": "#surface", "uv": [ 0.5, 3.0, 15.5, 3.5 ], "rotation": 90 },
								"west": { "texture": "#surface", "uv": [ 0.5, 3.0, 15.5, 4.0 ], "rotation": 90 }
							}
						},
						{
							"name": "Frame4",
							"from": [ 15.5, 0.5, 0.0 ],
							"to": [ 16.0, 15.5, 1.25 ],
							"rotationOrigin": [ 15.5, 0.5, 0.0 ],
							"faces": {
								"north": { "texture": "#surface", "uv": [ 0.0, 3.0, 15.0, 3.5 ], "rotation": 90 },
								"east": { "texture": "#surface", "uv": [ 0.5, 15.0, 15.5, 16.0 ], "rotation": 90 },
								"south": { "texture": "#surface", "uv": [ 0.5, 3.0, 15.5, 3.5 ], "rotation": 90 },
								"west": { "texture": "#surface", "uv": [ 0.5, 3.0, 15.5, 4.0 ], "rotation": 90 }
							}
						}
					]
				},
				{
					"name": "BackPlank",
					"from": [ 0.5, 0.5, 0.0 ],
					"to": [ 15.5, 15.5, 0.5 ],
					"rotationOrigin": [ 0.5, 0.5, 0.0 ],
					"faces": {
						"north": { "texture": "#surface", "uv": [ 0.5, 3.5, 15.5, 15.5 ], "autoUv": false },
						"south": { "texture": "#surface", "uv": [ 0.5, 3.5, 15.5, 15.5 ], "autoUv": false }
					}
				},
				{
					"name": "Divider1",
					"from": [ 5.25, 0.5, 0.5 ],
					"to": [ 5.65, 15.5, 1.25 ],
					"rotationOrigin": [ 5.0, 0.5, 0.5 ],
					"faces": {
						"east": { "texture": "#surface", "uv": [ 0.5, 15.5, 15.5, 16.0 ], "rotation": 90 },
						"south": { "texture": "#surface", "uv": [ 0.5, 3.0, 15.5, 3.5 ], "rotation": 90 },
						"west": { "texture": "#surface", "uv": [ 0.0, 15.5, 15.0, 16.0 ], "rotation": 90 }
					},
					"children": [
						{
							"name": "Divider3",
							"from": [ 2.5, -2.5, 0.0 ],
							"to": [ 2.9, 12.5, 0.74 ],
							"rotationOrigin": [ 2.75, 5.0, 0.0 ],
							"rotationZ": 90.0,
							"faces": {
								"east": { "texture": "#surface", "uv": [ 0.5, 15.5, 15.5, 16.0 ], "rotation": 90 },
								"south": { "texture": "#surface", "uv": [ 0.5, 3.0, 15.5, 3.5 ], "rotation": 90 },
								"west": { "texture": "#surface", "uv": [ 0.5, 15.5, 15.5, 16.0 ], "rotation": 90 }
							}
						},
						{
							"name": "Divider4",
							"from": [ 2.25, 2.9, 0.0 ],
							"to": [ 2.65, 17.9, 0.74 ],
							"rotationOrigin": [ 2.75, 10.4, 0.0 ],
							"rotationZ": 90.0,
							"faces": {
								"east": { "texture": "#surface", "uv": [ 0.5, 15.5, 15.5, 16.0 ], "rotation": 90 },
								"south": { "texture": "#surface", "uv": [ 0.5, 3.0, 15.5, 3.5 ], "rotation": 90 },
								"west": { "texture": "#surface", "uv": [ 0.5, 15.5, 15.5, 16.0 ], "rotation": 90 }
							}
						},
						{
							"name": "Divider2",
							"from": [ 5.1, 0.0, 0.0 ],
							"to": [ 5.5, 15.0, 0.75 ],
							"rotationOrigin": [ 4.75, 0.0, 0.0 ],
							"faces": {
								"east": { "texture": "#surface", "uv": [ 0.5, 15.5, 15.5, 16.0 ], "rotation": 90 },
								"south": { "texture": "#surface", "uv": [ 0.5, 3.0, 15.5, 3.5 ], "rotation": 90 },
								"west": { "texture": "#surface", "uv": [ 0.0, 15.5, 15.0, 16.0 ], "rotation": 90 }
							}
						}
					]
				},
				{
					"name": "GlassFrame1",
					"from": [ 0.5, 0.5, 1.1 ],
					"to": [ 5.25, 5.25, 1.2 ],
					"renderPass": 1,
					"rotationOrigin": [ 0.5, 0.5, 1.1 ],
					"faces": {
						"south": { "texture": "#frame", "uv": [ 0.0, 0.0, 16.0, 16.0 ], "autoUv": false }
					},
					"children": [
						{
							"name": "GlassFrame2",
							"from": [ 5.125, 0.0, 0.0 ],
							"to": [ 9.875, 4.75, 0.1 ],
							"renderPass": 1,
							"rotationOrigin": [ 5.1, 0.0, 0.0 ],
							"faces": {
								"south": { "texture": "#frame", "uv": [ 0.0, 0.0, 16.0, 16.0 ], "autoUv": false }
							}
						},
						{
							"name": "GlassFrame3",
							"from": [ 10.25, 0.0, 0.0 ],
							"to": [ 15.0, 4.75, 0.1 ],
							"renderPass": 1,
							"rotationOrigin": [ 10.2, 0.0, 0.0 ],
							"faces": {
								"south": { "texture": "#frame", "uv": [ 0.0, 0.0, 16.0, 16.0 ], "autoUv": false }
							}
						}
					]
				},
				{
					"name": "GlassFrame4",
					"from": [ 0.5, 5.65, 1.1 ],
					"to": [ 5.25, 10.4, 1.2 ],
					"renderPass": 1,
					"rotationOrigin": [ 0.5, 5.6, 1.1 ],
					"faces": {
						"south": { "texture": "#frame", "uv": [ 0.0, 0.0, 16.0, 16.0 ], "autoUv": false }
					},
					"children": [
						{
							"name": "GlassFrame5",
							"from": [ 5.125, 0.0, 0.0 ],
							"to": [ 9.875, 4.75, 0.1 ],
							"renderPass": 1,
							"rotationOrigin": [ 5.1, 0.0, 0.0 ],
							"faces": {
								"south": { "texture": "#frame", "uv": [ 0.0, 0.0, 16.0, 16.0 ], "autoUv": false }
							}
						},
						{
							"name": "GlassFrame6",
							"from": [ 10.25, 0.0, 0.0 ],
							"to": [ 15.0, 4.75, 0.1 ],
							"renderPass": 1,
							"rotationOrigin": [ 10.2, 0.0, 0.0 ],
							"faces": {
								"south": { "texture": "#frame", "uv": [ 0.0, 0.0, 16.0, 16.0 ], "autoUv": false }
							}
						}
					]
				},
				{
					"name": "GlassFrame7",
					"from": [ 0.5, 10.75, 1.1 ],
					"to": [ 5.25, 15.5, 1.2 ],
					"renderPass": 1,
					"rotationOrigin": [ 0.5, 10.8, 1.1 ],
					"faces": {
						"south": { "texture": "#frame", "uv": [ 0.0, 0.0, 16.0, 16.0 ], "autoUv": false }
					},
					"children": [
						{
							"name": "GlassFrame8",
							"from": [ 5.125, 0.0, 0.0 ],
							"to": [ 9.875, 4.75, 0.1 ],
							"renderPass": 1,
							"rotationOrigin": [ 5.1, 0.0, 0.0 ],
							"faces": {
								"south": { "texture": "#frame", "uv": [ 0.0, 0.0, 16.0, 16.0 ], "autoUv": false }
							}
						},
						{
							"name": "GlassFrame9",
							"from": [ 10.25, 0.0, 0.0 ],
							"to": [ 15.0, 4.75, 0.1 ],
							"renderPass": 1,
							"rotationOrigin": [ 10.2, 0.0, 0.0 ],
							"faces": {
								"south": { "texture": "#frame", "uv": [ 0.0, 0.0, 16.0, 16.0 ], "autoUv": false }
							}
						}
					]
				},
				{
					"name": "Glass",
					"from": [ 0.5, 0.5, 1.0 ],
					"to": [ 15.5, 15.5, 1.15 ],
					"renderPass": 3,
					"rotationOrigin": [ 0.5, 0.5, 1.0 ],
					"faces": {
						"south": { "texture": "#glass", "uv": [ 0.0, 0.0, 16.0, 16.0 ], "autoUv": false }
					}
				}
			]
		}
	]}