{
	"editor": {
		"collapsedPaths": "Root/SaddleBackN,Root,Root/ORIGIN/SaddleFrontWall,Root/Origin,Root/SaddleFrontN",
		"allAngles": true,
		"entityTextureMode": false
	},
	"textureWidth": 16,
	"textureHeight": 16,
	"textureSizes": {},
	"textures": {
		"surface": "game:block/wood/shelf/surface"
	},
	"elements": [
		{
			"name": "BottomPlank",
			"from": [ 0.0, 0.0, 0.0 ],
			"to": [ 16.0, 1.0, 16.0 ],
			"faces": {
				"north": { "texture": "#surface", "uv": [ 0.0, 3.0, 16.0, 4.0 ] },
				"east": { "texture": "#surface", "uv": [ 0.0, 3.0, 16.0, 4.0 ] },
				"south": { "texture": "#surface", "uv": [ 0.0, 3.0, 16.0, 4.0 ] },
				"west": { "texture": "#surface", "uv": [ 0.0, 3.0, 16.0, 4.0 ] },
				"up": { "texture": "#surface", "uv": [ 0.0, 3.0, 16.0, 16.0 ], "autoUv": false },
				"down": { "texture": "#surface", "uv": [ 0.0, 3.0, 16.0, 16.0 ], "autoUv": false }
			},
			"children": [
				{
					"name": "MiddlePlank",
					"from": [ 5.0, 1.0, 3.8 ],
					"to": [ 11.0, 2.0, 12.2 ],
					"rotationOrigin": [ 5.0, 1.0, 3.8 ],
					"faces": {
						"north": { "texture": "#surface", "uv": [ 0.5, 3.0, 6.5, 4.0 ] },
						"east": { "texture": "#surface", "uv": [ 7.0, 3.0, 15.0, 4.0 ] },
						"south": { "texture": "#surface", "uv": [ 3.0, 3.0, 9.0, 4.0 ] },
						"west": { "texture": "#surface", "uv": [ 5.0, 3.0, 13.0, 4.0 ] }
					},
					"children": [
						{
							"name": "MiddlePlank2",
							"from": [ -1.405, 0.0, 0.01 ],
							"to": [ 0.0, 1.0, 8.39 ],
							"rotationOrigin": [ 0.0, 0.0, 0.0 ],
							"rotationZ": -45.0,
							"faces": {
								"north": { "texture": "#surface", "uv": [ 15.5, 15.0, 16.0, 16.0 ], "autoUv": false },
								"south": { "texture": "#surface", "uv": [ 0.0, 15.0, 0.5, 16.0 ], "autoUv": false },
								"down": { "texture": "#surface", "uv": [ 4.0, 3.0, 12.0, 4.0 ], "rotation": 90 }
							}
						},
						{
							"name": "MiddlePlank3",
							"from": [ 4.59, 0.0, 8.415 ],
							"to": [ 5.995, 1.0, 16.795 ],
							"rotationOrigin": [ 6.0, 0.0, 8.4 ],
							"rotationY": 180.0,
							"rotationZ": -45.0,
							"faces": {
								"north": { "texture": "#surface", "uv": [ 15.5, 15.0, 16.0, 16.0 ], "autoUv": false },
								"south": { "texture": "#surface", "uv": [ 0.0, 15.0, 0.5, 16.0 ], "autoUv": false },
								"down": { "texture": "#surface", "uv": [ 4.0, 3.0, 12.0, 4.0 ], "rotation": 90 }
							}
						}
					]
				},
				{
					"name": "TopPlank",
					"from": [ 4.0, 2.0, 3.8 ],
					"to": [ 12.0, 4.5, 12.2 ],
					"rotationOrigin": [ 4.0, 2.0, 3.8 ],
					"faces": {
						"north": { "texture": "#surface", "uv": [ 0.5, 3.0, 8.5, 5.5 ] },
						"east": { "texture": "#surface", "uv": [ 7.0, 3.0, 15.0, 5.5 ] },
						"south": { "texture": "#surface", "uv": [ 3.0, 3.0, 11.0, 5.5 ] },
						"west": { "texture": "#surface", "uv": [ 5.0, 3.0, 13.0, 5.5 ] },
						"up": { "texture": "#surface", "uv": [ 4.5, 4.5, 12.5, 12.5 ] },
						"down": { "texture": "#surface", "uv": [ 4.0, 5.5, 12.0, 13.5 ] }
					},
					"children": [
						{
							"name": "TopPlank2",
							"from": [ -0.7, 1.3, 0.01 ],
							"to": [ 0.705, 2.8, 8.39 ],
							"rotationOrigin": [ 0.7, 1.8, 0.0 ],
							"rotationZ": 45.0,
							"faces": {
								"north": { "texture": "#surface", "uv": [ 10.0, 3.1, 11.5, 4.5 ], "autoUv": false },
								"south": { "texture": "#surface", "uv": [ 2.5, 3.1, 4.0, 4.5 ], "autoUv": false },
								"west": { "texture": "#surface", "uv": [ 5.0, 3.0, 13.0, 4.5 ] },
								"up": { "texture": "#surface", "uv": [ 0.0, 4.5, 1.5, 12.5 ], "autoUv": false }
							}
						},
						{
							"name": "TopPlank3",
							"from": [ 5.9, 1.3, 8.415 ],
							"to": [ 7.305, 2.8, 16.795 ],
							"rotationOrigin": [ 7.3, 1.8, 8.4 ],
							"rotationY": 180.0,
							"rotationZ": 45.0,
							"faces": {
								"north": { "texture": "#surface", "uv": [ 10.5, 3.1, 12.0, 4.5 ], "autoUv": false },
								"south": { "texture": "#surface", "uv": [ 6.5, 3.1, 8.0, 4.5 ], "autoUv": false },
								"west": { "texture": "#surface", "uv": [ 5.0, 3.0, 13.0, 4.5 ] },
								"up": { "texture": "#surface", "uv": [ 0.0, 4.5, 1.5, 12.5 ], "autoUv": false }
							}
						}
					]
				}
			]
		}
	]}