{
	"editor": {
		"allAngles": false,
		"entityTextureMode": false
	},
	"textureWidth": 16,
	"textureHeight": 16,
	"textureSizes": {},
	"textures": {
		"surface": "game:block/wood/shelf/surface"
	},
	"elements": [
		{
			"name": "Base",
			"from": [ 0.0, 0.0, 0.0 ],
			"to": [ 16.0, 3.0, 16.0 ],
			"faces": {
				"north": { "texture": "#surface", "uv": [ 0.0, 3.0, 16.0, 6.0 ] },
				"east": { "texture": "#surface", "uv": [ 0.0, 3.0, 16.0, 6.0 ] },
				"south": { "texture": "#surface", "uv": [ 0.0, 3.0, 16.0, 6.0 ] },
				"west": { "texture": "#surface", "uv": [ 0.0, 3.0, 16.0, 6.0 ] },
				"up": { "texture": "#surface", "uv": [ 0.0, 3.0, 16.0, 16.0 ], "autoUv": false },
				"down": { "texture": "#surface", "uv": [ 0.0, 3.0, 16.0, 16.0 ], "autoUv": false }
			},
			"children": [
				{
					"name": "BaseSecond",
					"from": [ 0.0, 3.0, 0.0 ],
					"to": [ 16.0, 7.0, 7.5 ],
					"rotationOrigin": [ 0.0, 3.0, 0.0 ],
					"faces": {
						"north": { "texture": "#surface", "uv": [ 0.0, 4.5, 16.0, 8.5 ] },
						"east": { "texture": "#surface", "uv": [ 0.0, 3.5, 7.5, 7.5 ] },
						"south": { "texture": "#surface", "uv": [ 0.0, 3.5, 16.0, 7.5 ] },
						"west": { "texture": "#surface", "uv": [ 8.5, 3.5, 16.0, 7.5 ] }
					}
				},
				{
					"name": "BaseTop",
					"from": [ 0.0, 7.0, 0.0 ],
					"to": [ 16.0, 7.5, 9.0 ],
					"rotationOrigin": [ 0.0, 7.0, 0.0 ],
					"faces": {
						"north": { "texture": "#surface", "uv": [ 0.0, 4.0, 16.0, 4.5 ] },
						"east": { "texture": "#surface", "uv": [ 0.0, 3.0, 9.0, 3.5 ] },
						"south": { "texture": "#surface", "uv": [ 0.0, 3.0, 16.0, 3.5 ] },
						"west": { "texture": "#surface", "uv": [ 4.5, 3.0, 13.5, 3.5 ] },
						"up": { "texture": "#surface", "uv": [ 0.0, 3.0, 16.0, 12.0 ] },
						"down": { "texture": "#surface", "uv": [ 0.0, 3.0, 16.0, 12.0 ], "windMode": [-1,-1,-1,-1] }
					}
				},
				{
					"name": "BaseNotch",
					"from": [ 0.0, 7.5, 0.0 ],
					"to": [ 16.0, 8.5, 0.5 ],
					"rotationOrigin": [ 0.0, 7.5, 0.0 ],
					"faces": {
						"north": { "texture": "#surface", "uv": [ 0.0, 3.0, 16.0, 4.0 ] },
						"east": { "texture": "#surface", "uv": [ 0.0, 5.5, 0.5, 6.5 ] },
						"south": { "texture": "#surface", "uv": [ 0.0, 3.0, 16.0, 4.0 ] },
						"west": { "texture": "#surface", "uv": [ 0.0, 4.0, 0.5, 5.0 ] },
						"up": { "texture": "#surface", "uv": [ 0.0, 3.0, 16.0, 3.5 ] }
					}
				},
				{
					"name": "Holder1",
					"from": [ 0.5, 3.0, 8.1 ],
					"to": [ 3.5, 3.55, 15.6 ],
					"rotationOrigin": [ 0.5, 3.0, 8.1 ],
					"faces": {
						"north": { "texture": "#surface", "uv": [ 7.5, 3.0, 10.5, 3.5 ] },
						"east": { "texture": "#surface", "uv": [ 3.0, 3.0, 10.5, 3.5 ] },
						"south": { "texture": "#surface", "uv": [ 11.0, 3.0, 14.0, 3.5 ] },
						"west": { "texture": "#surface", "uv": [ 2.5, 3.0, 10.0, 3.5 ] },
						"up": { "texture": "#surface", "uv": [ 6.5, 8.5, 9.5, 16.0 ] }
					},
					"children": [
						{
							"name": "Holder2",
							"from": [ 4.0, 0.0, 0.0 ],
							"to": [ 7.0, 0.55, 7.5 ],
							"rotationOrigin": [ 4.0, 0.0, 0.0 ],
							"faces": {
								"north": { "texture": "#surface", "uv": [ 7.5, 3.0, 10.5, 3.5 ] },
								"east": { "texture": "#surface", "uv": [ 3.0, 3.0, 10.5, 3.5 ] },
								"south": { "texture": "#surface", "uv": [ 11.0, 3.0, 14.0, 3.5 ] },
								"west": { "texture": "#surface", "uv": [ 2.5, 3.0, 10.0, 3.5 ] },
								"up": { "texture": "#surface", "uv": [ 6.5, 8.5, 9.5, 16.0 ] }
							}
						},
						{
							"name": "Holder3",
							"from": [ 8.0, 0.0, 0.0 ],
							"to": [ 11.0, 0.55, 7.5 ],
							"rotationOrigin": [ 8.0, 0.0, 0.0 ],
							"faces": {
								"north": { "texture": "#surface", "uv": [ 7.5, 3.0, 10.5, 3.5 ] },
								"east": { "texture": "#surface", "uv": [ 3.0, 3.0, 10.5, 3.5 ] },
								"south": { "texture": "#surface", "uv": [ 11.0, 3.0, 14.0, 3.5 ] },
								"west": { "texture": "#surface", "uv": [ 2.5, 3.0, 10.0, 3.5 ] },
								"up": { "texture": "#surface", "uv": [ 6.5, 8.5, 9.5, 16.0 ] }
							}
						},
						{
							"name": "Holder4",
							"from": [ 12.0, 0.0, 0.0 ],
							"to": [ 15.0, 0.55, 7.5 ],
							"rotationOrigin": [ 12.0, 0.0, 0.0 ],
							"faces": {
								"north": { "texture": "#surface", "uv": [ 7.5, 3.0, 10.5, 3.5 ] },
								"east": { "texture": "#surface", "uv": [ 3.0, 3.0, 10.5, 3.5 ] },
								"south": { "texture": "#surface", "uv": [ 11.0, 3.0, 14.0, 3.5 ] },
								"west": { "texture": "#surface", "uv": [ 2.5, 3.0, 10.0, 3.5 ] },
								"up": { "texture": "#surface", "uv": [ 6.5, 8.5, 9.5, 16.0 ] }
							}
						}
					]
				},
				{
					"name": "Divider1",
					"from": [ 3.5, 3.0, 8.1 ],
					"to": [ 4.5, 6.0, 15.6 ],
					"rotationOrigin": [ 3.5, 3.0, 8.1 ],
					"faces": {
						"north": { "texture": "#surface", "uv": [ 3.0, 3.0, 4.0, 6.0 ] },
						"east": { "texture": "#surface", "uv": [ 0.0, 4.0, 7.5, 7.0 ] },
						"south": { "texture": "#surface", "uv": [ 5.0, 13.0, 6.0, 16.0 ] },
						"west": { "texture": "#surface", "uv": [ 8.5, 6.0, 16.0, 9.0 ] },
						"up": { "texture": "#surface", "uv": [ 4.0, 8.5, 5.0, 16.0 ] }
					},
					"children": [
						{
							"name": "Divider1-1",
							"from": [ -0.2, 0.5, 0.01 ],
							"to": [ 1.2, 2.9, 7.49 ],
							"rotationOrigin": [ -0.2, 0.5, 0.0 ],
							"faces": {
								"north": { "texture": "#surface", "uv": [ 6.0, 3.0, 7.0, 5.0 ] },
								"east": { "texture": "#surface", "uv": [ 0.0, 6.5, 7.0, 8.5 ] },
								"south": { "texture": "#surface", "uv": [ 3.0, 14.0, 4.0, 16.0 ] },
								"west": { "texture": "#surface", "uv": [ 8.5, 7.5, 15.5, 9.5 ] },
								"up": { "texture": "#surface", "uv": [ 1.5, 9.0, 2.5, 16.0 ] }
							}
						}
					]
				},
				{
					"name": "Divider2",
					"from": [ 7.5, 3.0, 8.1 ],
					"to": [ 8.5, 6.0, 15.6 ],
					"rotationOrigin": [ 7.5, 3.0, 8.1 ],
					"faces": {
						"north": { "texture": "#surface", "uv": [ 3.0, 3.0, 4.0, 6.0 ] },
						"east": { "texture": "#surface", "uv": [ 0.0, 4.0, 7.5, 7.0 ] },
						"south": { "texture": "#surface", "uv": [ 5.0, 13.0, 6.0, 16.0 ] },
						"west": { "texture": "#surface", "uv": [ 8.5, 6.0, 16.0, 9.0 ] },
						"up": { "texture": "#surface", "uv": [ 4.0, 8.5, 5.0, 16.0 ] }
					},
					"children": [
						{
							"name": "Divider1-2",
							"from": [ -0.2, 0.5, 0.01 ],
							"to": [ 1.2, 2.9, 7.49 ],
							"rotationOrigin": [ -0.2, 0.5, 0.0 ],
							"faces": {
								"north": { "texture": "#surface", "uv": [ 6.0, 3.0, 7.0, 5.0 ] },
								"east": { "texture": "#surface", "uv": [ 0.0, 6.5, 7.0, 8.5 ] },
								"south": { "texture": "#surface", "uv": [ 3.0, 14.0, 4.0, 16.0 ] },
								"west": { "texture": "#surface", "uv": [ 8.5, 7.5, 15.5, 9.5 ] },
								"up": { "texture": "#surface", "uv": [ 1.5, 9.0, 2.5, 16.0 ] }
							}
						}
					]
				},
				{
					"name": "Divider3",
					"from": [ 11.5, 3.0, 8.1 ],
					"to": [ 12.5, 6.0, 15.6 ],
					"rotationOrigin": [ 11.5, 3.0, 8.1 ],
					"faces": {
						"north": { "texture": "#surface", "uv": [ 3.0, 3.0, 4.0, 6.0 ] },
						"east": { "texture": "#surface", "uv": [ 0.0, 4.0, 7.5, 7.0 ] },
						"south": { "texture": "#surface", "uv": [ 5.0, 13.0, 6.0, 16.0 ] },
						"west": { "texture": "#surface", "uv": [ 8.5, 6.0, 16.0, 9.0 ] },
						"up": { "texture": "#surface", "uv": [ 4.0, 8.5, 5.0, 16.0 ] }
					},
					"children": [
						{
							"name": "Divider1-3",
							"from": [ -0.2, 0.5, 0.01 ],
							"to": [ 1.2, 2.9, 7.49 ],
							"rotationOrigin": [ -0.2, 0.5, 0.0 ],
							"faces": {
								"north": { "texture": "#surface", "uv": [ 6.0, 3.0, 7.0, 5.0 ] },
								"east": { "texture": "#surface", "uv": [ 0.0, 6.5, 7.0, 8.5 ] },
								"south": { "texture": "#surface", "uv": [ 3.0, 14.0, 4.0, 16.0 ] },
								"west": { "texture": "#surface", "uv": [ 8.5, 7.5, 15.5, 9.5 ] },
								"up": { "texture": "#surface", "uv": [ 1.5, 9.0, 2.5, 16.0 ] }
							}
						}
					]
				},
				{
					"name": "Holder5",
					"from": [ 0.5, 7.5, 0.9 ],
					"to": [ 3.5, 8.05, 8.4 ],
					"rotationOrigin": [ 0.5, 7.5, 0.9 ],
					"faces": {
						"north": { "texture": "#surface", "uv": [ 7.5, 3.0, 10.5, 3.5 ] },
						"east": { "texture": "#surface", "uv": [ 3.0, 3.0, 10.5, 3.5 ] },
						"south": { "texture": "#surface", "uv": [ 11.0, 3.0, 14.0, 3.5 ] },
						"west": { "texture": "#surface", "uv": [ 2.5, 3.0, 10.0, 3.5 ] },
						"up": { "texture": "#surface", "uv": [ 6.5, 8.5, 9.5, 16.0 ] }
					},
					"children": [
						{
							"name": "Holder6",
							"from": [ 4.0, 0.0, 0.0 ],
							"to": [ 7.0, 0.55, 7.5 ],
							"rotationOrigin": [ 4.0, 0.0, 0.0 ],
							"faces": {
								"north": { "texture": "#surface", "uv": [ 7.5, 3.0, 10.5, 3.5 ] },
								"east": { "texture": "#surface", "uv": [ 3.0, 3.0, 10.5, 3.5 ] },
								"south": { "texture": "#surface", "uv": [ 11.0, 3.0, 14.0, 3.5 ] },
								"west": { "texture": "#surface", "uv": [ 2.5, 3.0, 10.0, 3.5 ] },
								"up": { "texture": "#surface", "uv": [ 6.5, 8.5, 9.5, 16.0 ] }
							}
						},
						{
							"name": "Holder7",
							"from": [ 8.0, 0.0, 0.0 ],
							"to": [ 11.0, 0.55, 7.5 ],
							"rotationOrigin": [ 8.0, 0.0, 0.0 ],
							"faces": {
								"north": { "texture": "#surface", "uv": [ 7.5, 3.0, 10.5, 3.5 ] },
								"east": { "texture": "#surface", "uv": [ 3.0, 3.0, 10.5, 3.5 ] },
								"south": { "texture": "#surface", "uv": [ 11.0, 3.0, 14.0, 3.5 ] },
								"west": { "texture": "#surface", "uv": [ 2.5, 3.0, 10.0, 3.5 ] },
								"up": { "texture": "#surface", "uv": [ 6.5, 8.5, 9.5, 16.0 ] }
							}
						},
						{
							"name": "Holder8",
							"from": [ 12.0, 0.0, 0.0 ],
							"to": [ 15.0, 0.55, 7.5 ],
							"rotationOrigin": [ 12.0, 0.0, 0.0 ],
							"faces": {
								"north": { "texture": "#surface", "uv": [ 7.5, 3.0, 10.5, 3.5 ] },
								"east": { "texture": "#surface", "uv": [ 3.0, 3.0, 10.5, 3.5 ] },
								"south": { "texture": "#surface", "uv": [ 11.0, 3.0, 14.0, 3.5 ] },
								"west": { "texture": "#surface", "uv": [ 2.5, 3.0, 10.0, 3.5 ] },
								"up": { "texture": "#surface", "uv": [ 6.5, 8.5, 9.5, 16.0 ] }
							}
						}
					]
				},
				{
					"name": "Divider4",
					"from": [ 3.5, 7.5, 0.9 ],
					"to": [ 4.5, 10.5, 8.4 ],
					"rotationOrigin": [ 3.5, 7.5, 0.9 ],
					"faces": {
						"north": { "texture": "#surface", "uv": [ 3.0, 3.0, 4.0, 6.0 ] },
						"east": { "texture": "#surface", "uv": [ 0.0, 4.0, 7.5, 7.0 ] },
						"south": { "texture": "#surface", "uv": [ 5.0, 13.0, 6.0, 16.0 ] },
						"west": { "texture": "#surface", "uv": [ 8.5, 6.0, 16.0, 9.0 ] },
						"up": { "texture": "#surface", "uv": [ 4.0, 8.5, 5.0, 16.0 ] }
					},
					"children": [
						{
							"name": "Divider1-4",
							"from": [ -0.2, 0.5, 0.01 ],
							"to": [ 1.2, 2.9, 7.49 ],
							"rotationOrigin": [ -0.2, 0.5, 0.0 ],
							"faces": {
								"north": { "texture": "#surface", "uv": [ 6.0, 3.0, 7.0, 5.0 ] },
								"east": { "texture": "#surface", "uv": [ 0.0, 6.5, 7.0, 8.5 ] },
								"south": { "texture": "#surface", "uv": [ 3.0, 14.0, 4.0, 16.0 ] },
								"west": { "texture": "#surface", "uv": [ 8.5, 7.5, 15.5, 9.5 ] },
								"up": { "texture": "#surface", "uv": [ 1.5, 9.0, 2.5, 16.0 ] }
							}
						}
					]
				},
				{
					"name": "Divider5",
					"from": [ 7.5, 7.5, 0.9 ],
					"to": [ 8.5, 10.5, 8.4 ],
					"rotationOrigin": [ 7.5, 7.5, 0.9 ],
					"faces": {
						"north": { "texture": "#surface", "uv": [ 3.0, 3.0, 4.0, 6.0 ] },
						"east": { "texture": "#surface", "uv": [ 0.0, 4.0, 7.5, 7.0 ] },
						"south": { "texture": "#surface", "uv": [ 5.0, 13.0, 6.0, 16.0 ] },
						"west": { "texture": "#surface", "uv": [ 8.5, 6.0, 16.0, 9.0 ] },
						"up": { "texture": "#surface", "uv": [ 4.0, 8.5, 5.0, 16.0 ] }
					},
					"children": [
						{
							"name": "Divider1-5",
							"from": [ -0.2, 0.5, 0.01 ],
							"to": [ 1.2, 2.9, 7.49 ],
							"rotationOrigin": [ -0.2, 0.5, 0.0 ],
							"faces": {
								"north": { "texture": "#surface", "uv": [ 6.0, 3.0, 7.0, 5.0 ] },
								"east": { "texture": "#surface", "uv": [ 0.0, 6.5, 7.0, 8.5 ] },
								"south": { "texture": "#surface", "uv": [ 3.0, 14.0, 4.0, 16.0 ] },
								"west": { "texture": "#surface", "uv": [ 8.5, 7.5, 15.5, 9.5 ] },
								"up": { "texture": "#surface", "uv": [ 1.5, 9.0, 2.5, 16.0 ] }
							}
						}
					]
				},
				{
					"name": "Divider6",
					"from": [ 11.5, 7.5, 0.9 ],
					"to": [ 12.5, 10.5, 8.4 ],
					"rotationOrigin": [ 11.5, 7.5, 0.9 ],
					"faces": {
						"north": { "texture": "#surface", "uv": [ 3.0, 3.0, 4.0, 6.0 ] },
						"east": { "texture": "#surface", "uv": [ 0.0, 4.0, 7.5, 7.0 ] },
						"south": { "texture": "#surface", "uv": [ 5.0, 13.0, 6.0, 16.0 ] },
						"west": { "texture": "#surface", "uv": [ 8.5, 6.0, 16.0, 9.0 ] },
						"up": { "texture": "#surface", "uv": [ 4.0, 8.5, 5.0, 16.0 ] }
					},
					"children": [
						{
							"name": "Divider1-6",
							"from": [ -0.2, 0.5, 0.01 ],
							"to": [ 1.2, 2.9, 7.49 ],
							"rotationOrigin": [ -0.2, 0.5, 0.0 ],
							"faces": {
								"north": { "texture": "#surface", "uv": [ 6.0, 3.0, 7.0, 5.0 ] },
								"east": { "texture": "#surface", "uv": [ 0.0, 6.5, 7.0, 8.5 ] },
								"south": { "texture": "#surface", "uv": [ 3.0, 14.0, 4.0, 16.0 ] },
								"west": { "texture": "#surface", "uv": [ 8.5, 7.5, 15.5, 9.5 ] },
								"up": { "texture": "#surface", "uv": [ 1.5, 9.0, 2.5, 16.0 ] }
							}
						}
					]
				},
				{
					"name": "Divider7",
					"from": [ 0.0, 3.0, 8.1 ],
					"to": [ 0.5, 6.0, 15.6 ],
					"rotationOrigin": [ 0.0, 3.0, 8.1 ],
					"faces": {
						"north": { "texture": "#surface", "uv": [ 3.0, 3.0, 3.5, 6.0 ] },
						"east": { "texture": "#surface", "uv": [ 0.0, 4.0, 7.5, 7.0 ] },
						"south": { "texture": "#surface", "uv": [ 5.0, 13.0, 5.5, 16.0 ] },
						"west": { "texture": "#surface", "uv": [ 8.5, 6.0, 16.0, 9.0 ] },
						"up": { "texture": "#surface", "uv": [ 4.0, 8.5, 4.5, 16.0 ] }
					},
					"children": [
						{
							"name": "Divider1-7",
							"from": [ 0.2, 0.5, 0.01 ],
							"to": [ 0.7, 2.9, 7.49 ],
							"rotationOrigin": [ 0.2, 0.5, 0.0 ],
							"faces": {
								"north": { "texture": "#surface", "uv": [ 6.0, 3.0, 6.5, 5.0 ] },
								"east": { "texture": "#surface", "uv": [ 0.0, 6.5, 7.0, 8.5 ] },
								"south": { "texture": "#surface", "uv": [ 3.0, 14.0, 3.5, 16.0 ] },
								"west": { "texture": "#surface", "uv": [ 8.5, 7.5, 15.5, 9.5 ] },
								"up": { "texture": "#surface", "uv": [ 1.5, 9.0, 2.0, 16.0 ] }
							}
						}
					]
				},
				{
					"name": "Divider8",
					"from": [ 0.0, 7.5, 0.9 ],
					"to": [ 0.5, 10.5, 8.4 ],
					"rotationOrigin": [ 0.0, 7.5, 0.9 ],
					"faces": {
						"north": { "texture": "#surface", "uv": [ 3.0, 3.0, 3.5, 6.0 ] },
						"east": { "texture": "#surface", "uv": [ 0.0, 4.0, 7.5, 7.0 ] },
						"south": { "texture": "#surface", "uv": [ 5.0, 13.0, 5.5, 16.0 ] },
						"west": { "texture": "#surface", "uv": [ 8.5, 6.0, 16.0, 9.0 ] },
						"up": { "texture": "#surface", "uv": [ 4.0, 8.5, 4.5, 16.0 ] }
					},
					"children": [
						{
							"name": "Divider1-8",
							"from": [ 0.2, 0.5, 0.01 ],
							"to": [ 0.7, 2.9, 7.49 ],
							"rotationOrigin": [ 0.2, 0.5, 0.0 ],
							"faces": {
								"north": { "texture": "#surface", "uv": [ 6.0, 3.0, 6.5, 5.0 ] },
								"east": { "texture": "#surface", "uv": [ 0.0, 6.5, 7.0, 8.5 ] },
								"south": { "texture": "#surface", "uv": [ 3.0, 14.0, 3.5, 16.0 ] },
								"west": { "texture": "#surface", "uv": [ 8.5, 7.5, 15.5, 9.5 ] },
								"up": { "texture": "#surface", "uv": [ 1.5, 9.0, 2.0, 16.0 ] }
							}
						}
					]
				},
				{
					"name": "Divider9",
					"from": [ 15.5, 3.0, 8.1 ],
					"to": [ 16.0, 6.0, 15.6 ],
					"rotationOrigin": [ 15.5, 3.0, 8.1 ],
					"faces": {
						"north": { "texture": "#surface", "uv": [ 3.0, 3.0, 3.5, 6.0 ] },
						"east": { "texture": "#surface", "uv": [ 0.0, 4.0, 7.5, 7.0 ] },
						"south": { "texture": "#surface", "uv": [ 5.0, 13.0, 5.5, 16.0 ] },
						"west": { "texture": "#surface", "uv": [ 8.5, 6.0, 16.0, 9.0 ] },
						"up": { "texture": "#surface", "uv": [ 4.0, 8.5, 4.5, 16.0 ] }
					},
					"children": [
						{
							"name": "Divider1-9",
							"from": [ -0.2, 0.5, 0.01 ],
							"to": [ 0.3, 2.9, 7.49 ],
							"rotationOrigin": [ -0.2, 0.5, 0.0 ],
							"faces": {
								"north": { "texture": "#surface", "uv": [ 6.0, 3.0, 6.5, 5.0 ] },
								"east": { "texture": "#surface", "uv": [ 0.0, 6.5, 7.0, 8.5 ] },
								"south": { "texture": "#surface", "uv": [ 3.0, 14.0, 3.5, 16.0 ] },
								"west": { "texture": "#surface", "uv": [ 8.5, 7.5, 15.5, 9.5 ] },
								"up": { "texture": "#surface", "uv": [ 1.5, 9.0, 2.0, 16.0 ] }
							}
						}
					]
				},
				{
					"name": "Divider10",
					"from": [ 15.5, 7.4, 0.9 ],
					"to": [ 16.0, 10.4, 8.4 ],
					"rotationOrigin": [ 15.5, 7.4, 0.9 ],
					"faces": {
						"north": { "texture": "#surface", "uv": [ 3.0, 3.0, 3.5, 6.0 ] },
						"east": { "texture": "#surface", "uv": [ 0.0, 4.0, 7.5, 7.0 ] },
						"south": { "texture": "#surface", "uv": [ 5.0, 13.0, 5.5, 16.0 ] },
						"west": { "texture": "#surface", "uv": [ 8.5, 6.0, 16.0, 9.0 ] },
						"up": { "texture": "#surface", "uv": [ 4.0, 8.5, 4.5, 16.0 ] }
					},
					"children": [
						{
							"name": "Divider1-10",
							"from": [ -0.2, 0.5, 0.01 ],
							"to": [ 0.3, 2.9, 7.49 ],
							"rotationOrigin": [ -0.2, 0.5, 0.0 ],
							"faces": {
								"north": { "texture": "#surface", "uv": [ 6.0, 3.0, 6.5, 5.0 ] },
								"east": { "texture": "#surface", "uv": [ 0.0, 6.5, 7.0, 8.5 ] },
								"south": { "texture": "#surface", "uv": [ 3.0, 14.0, 3.5, 16.0 ] },
								"west": { "texture": "#surface", "uv": [ 8.5, 7.5, 15.5, 9.5 ] },
								"up": { "texture": "#surface", "uv": [ 1.5, 9.0, 2.0, 16.0 ] }
							}
						}
					]
				}
			]
		}
	]}