{
	"editor": {
		"allAngles": true,
		"entityTextureMode": false
	},
	"textureWidth": 16,
	"textureHeight": 16,
	"textureSizes": {
	},
	"textures": {
		"destroyingangel": "mycodiversity:block/plant/mushroom/destroyingangel/destroyingangel"
	},
	"elements": [
		{
			"name": "origin",
			"from": [ 8.0, 0.0, 8.0 ],
			"to": [ 8.0, 0.0, 8.0 ],
			"rotationOrigin": [ 8.0, 0.0, 8.0 ],
			"faces": {
			},
			"children": [
				{
					"name": "stem15",
					"from": [ 2.2, -0.3, 0.2 ],
					"to": [ 3.6, 2.2, 1.6 ],
					"rotationOrigin": [ 2.9, -0.3, 0.9 ],
					"rotationX": 6.0,
					"rotationY": -22.0,
					"rotationZ": -22.0,
					"faces": {
						"north": { "texture": "#destroyingangel", "uv": [ 0.5, 4.0, 1.5, 6.5 ] },
						"east": { "texture": "#destroyingangel", "uv": [ 1.0, 5.5, 2.0, 8.0 ] },
						"south": { "texture": "#destroyingangel", "uv": [ 1.0, 5.0, 2.0, 7.5 ] },
						"west": { "texture": "#destroyingangel", "uv": [ 1.0, 4.0, 2.0, 6.5 ] }
					},
					"children": [
						{
							"name": "foot16",
							"from": [ -0.4, -0.4, -0.4 ],
							"to": [ 1.8, 2.1, 1.8 ],
							"renderPass": 2,
							"rotationOrigin": [ 0.8, -0.4, 0.8 ],
							"faces": {
								"north": { "texture": "#destroyingangel", "uv": [ 4.5, 12.5, 6.5, 15.0 ] },
								"east": { "texture": "#destroyingangel", "uv": [ 6.0, 12.5, 8.0, 15.0 ] },
								"south": { "texture": "#destroyingangel", "uv": [ 3.5, 12.5, 5.5, 15.0 ] },
								"west": { "texture": "#destroyingangel", "uv": [ 5.0, 12.5, 7.0, 15.0 ] },
								"down": { "texture": "#destroyingangel", "uv": [ 0.0, 13.5, 2.0, 15.5 ] }
							}
						},
						{
							"name": "stemup17",
							"from": [ 0.0, 2.0, 0.0 ],
							"to": [ 1.4, 3.5, 1.4 ],
							"rotationOrigin": [ 0.7, 2.0, 0.7 ],
							"rotationX": 4.0,
							"rotationZ": 25.0,
							"faces": {
								"north": { "texture": "#destroyingangel", "uv": [ 2.0, 7.0, 3.0, 8.5 ] },
								"east": { "texture": "#destroyingangel", "uv": [ 1.5, 6.5, 2.5, 8.0 ] },
								"south": { "texture": "#destroyingangel", "uv": [ 1.5, 6.5, 2.5, 8.0 ] },
								"west": { "texture": "#destroyingangel", "uv": [ 0.5, 5.5, 1.5, 7.0 ] }
							},
							"children": [
								{
									"name": "cap18",
									"from": [ -1.0, 1.3, -1.0 ],
									"to": [ 2.5, 2.8, 2.5 ],
									"rotationOrigin": [ 0.8, 1.3, 0.8 ],
									"rotationX": -8.0,
									"rotationY": 14.0,
									"faces": {
										"north": { "texture": "#destroyingangel", "uv": [ 10.5, 9.0, 14.0, 10.5 ] },
										"east": { "texture": "#destroyingangel", "uv": [ 10.5, 9.5, 14.0, 11.0 ] },
										"south": { "texture": "#destroyingangel", "uv": [ 10.0, 9.5, 13.5, 11.0 ] },
										"west": { "texture": "#destroyingangel", "uv": [ 11.0, 9.5, 14.5, 11.0 ] },
										"up": { "texture": "#destroyingangel", "uv": [ 6.0, 4.0, 9.5, 7.5 ] },
										"down": { "texture": "#destroyingangel", "uv": [ 4.0, 8.5, 7.5, 12.0 ] }
									},
									"children": [
										{
											"name": "cap19",
											"from": [ 0.5, 1.5, 0.5 ],
											"to": [ 3.0, 3.0, 3.0 ],
											"rotationOrigin": [ 0.0, 0.5, 0.0 ],
											"faces": {
												"north": { "texture": "#destroyingangel", "uv": [ 10.0, 5.0, 12.5, 6.5 ] },
												"east": { "texture": "#destroyingangel", "uv": [ 13.0, 4.5, 15.5, 6.0 ] },
												"south": { "texture": "#destroyingangel", "uv": [ 12.0, 4.5, 14.5, 6.0 ] },
												"west": { "texture": "#destroyingangel", "uv": [ 11.0, 4.5, 13.5, 6.0 ] },
												"up": { "texture": "#destroyingangel", "uv": [ 11.5, 2.0, 14.0, 4.5 ] }
											}
										}
									]
								}
							]
						}
					]
				},
				{
					"name": "stem20",
					"from": [ 2.4, -0.3, -2.6 ],
					"to": [ 3.4, 2.2, -1.6 ],
					"rotationOrigin": [ 2.9, -0.3, -2.1 ],
					"rotationX": -17.0,
					"rotationY": -6.0,
					"rotationZ": -17.0,
					"faces": {
						"north": { "texture": "#destroyingangel", "uv": [ 0.5, 4.0, 1.5, 6.5 ] },
						"east": { "texture": "#destroyingangel", "uv": [ 1.0, 5.5, 2.0, 8.0 ] },
						"south": { "texture": "#destroyingangel", "uv": [ 1.0, 5.0, 2.0, 7.5 ] },
						"west": { "texture": "#destroyingangel", "uv": [ 1.0, 4.0, 2.0, 6.5 ] }
					},
					"children": [
						{
							"name": "stemup22",
							"from": [ 0.0, 2.1, 0.0 ],
							"to": [ 1.0, 3.6, 1.0 ],
							"rotationOrigin": [ 0.6, 2.1, 0.6 ],
							"rotationX": 11.0,
							"rotationZ": 3.0,
							"faces": {
								"north": { "texture": "#destroyingangel", "uv": [ 2.0, 7.0, 3.0, 8.5 ] },
								"east": { "texture": "#destroyingangel", "uv": [ 1.5, 6.5, 2.5, 8.0 ] },
								"south": { "texture": "#destroyingangel", "uv": [ 1.5, 6.5, 2.5, 8.0 ] },
								"west": { "texture": "#destroyingangel", "uv": [ 0.5, 5.5, 1.5, 7.0 ] }
							},
							"children": [
								{
									"name": "cap23",
									"from": [ -0.4, 1.3, -0.4 ],
									"to": [ 1.6, 3.3, 1.6 ],
									"rotationOrigin": [ 0.6, 1.3, 0.5 ],
									"rotationX": -11.0,
									"rotationY": 6.0,
									"rotationZ": 19.0,
									"faces": {
										"north": { "texture": "#destroyingangel", "uv": [ 11.0, 5.0, 13.0, 7.0 ] },
										"east": { "texture": "#destroyingangel", "uv": [ 11.5, 6.0, 13.5, 8.0 ] },
										"south": { "texture": "#destroyingangel", "uv": [ 13.5, 5.0, 15.5, 7.0 ] },
										"west": { "texture": "#destroyingangel", "uv": [ 12.0, 5.0, 14.0, 7.0 ] },
										"up": { "texture": "#destroyingangel", "uv": [ 4.5, 1.0, 6.5, 3.0 ] },
										"down": { "texture": "#destroyingangel", "uv": [ 4.5, 8.5, 6.5, 10.5 ] }
									},
									"children": [
										{
											"name": "cap24",
											"from": [ 0.5, 2.0, 0.5 ],
											"to": [ 1.5, 2.5, 1.5 ],
											"rotationOrigin": [ 0.0, 1.0, 0.0 ],
											"faces": {
												"north": { "texture": "#destroyingangel", "uv": [ 11.0, 4.5, 12.0, 5.0 ] },
												"east": { "texture": "#destroyingangel", "uv": [ 11.0, 5.0, 12.0, 5.5 ] },
												"south": { "texture": "#destroyingangel", "uv": [ 11.0, 4.5, 12.0, 5.0 ] },
												"west": { "texture": "#destroyingangel", "uv": [ 11.0, 4.0, 12.0, 4.5 ] },
												"up": { "texture": "#destroyingangel", "uv": [ 11.0, 3.5, 12.0, 4.5 ] }
											}
										}
									]
								}
							]
						},
						{
							"name": "veil",
							"from": [ -0.3, 2.4, -0.2 ],
							"to": [ 1.3, 2.8, 1.4 ],
							"rotationOrigin": [ -0.3, 2.4, -0.2 ],
							"faces": {
								"north": { "texture": "#destroyingangel", "uv": [ 0.0, 0.0, 1.5, 0.5 ] },
								"east": { "texture": "#destroyingangel", "uv": [ 0.0, 0.0, 1.5, 0.5 ] },
								"south": { "texture": "#destroyingangel", "uv": [ 0.0, 0.0, 1.5, 0.5 ] },
								"west": { "texture": "#destroyingangel", "uv": [ 0.0, 0.0, 1.5, 0.5 ] },
								"up": { "texture": "#destroyingangel", "uv": [ 0.0, 0.0, 1.5, 1.5 ] },
								"down": { "texture": "#destroyingangel", "uv": [ 0.0, 0.0, 1.5, 1.5 ] }
							}
						}
					]
				},
				{
					"name": "small",
					"from": [ 0.0, -1.0, 2.0 ],
					"to": [ 2.0, 1.0, 4.0 ],
					"rotationOrigin": [ 1.0, -1.0, 3.0 ],
					"rotationX": 25.0,
					"rotationY": 14.0,
					"faces": {
						"north": { "texture": "#destroyingangel", "uv": [ 0.5, 9.5, 2.5, 11.5 ] },
						"east": { "texture": "#destroyingangel", "uv": [ 0.5, 10.0, 2.5, 12.0 ] },
						"south": { "texture": "#destroyingangel", "uv": [ 0.5, 10.0, 2.5, 12.0 ] },
						"west": { "texture": "#destroyingangel", "uv": [ 1.0, 10.0, 3.0, 12.0 ] },
						"up": { "texture": "#destroyingangel", "uv": [ 1.0, 7.5, 3.0, 9.5 ] },
						"down": { "texture": "#destroyingangel", "uv": [ 0.0, 13.5, 2.0, 15.5 ] }
					},
					"children": [
						{
							"name": "Cube1",
							"from": [ 0.4, 2.0, 0.4 ],
							"to": [ 1.6, 3.0, 1.6 ],
							"rotationOrigin": [ 1.0, 2.0, 0.9 ],
							"faces": {
								"north": { "texture": "#destroyingangel", "uv": [ 1.0, 7.0, 2.0, 8.0 ] },
								"east": { "texture": "#destroyingangel", "uv": [ 0.5, 7.5, 1.5, 8.5 ] },
								"south": { "texture": "#destroyingangel", "uv": [ 0.0, 6.5, 1.0, 7.5 ] },
								"west": { "texture": "#destroyingangel", "uv": [ 0.0, 6.5, 1.0, 7.5 ] },
								"up": { "texture": "#destroyingangel", "uv": [ 2.5, 6.5, 3.5, 7.5 ] }
							}
						}
					]
				},
				{
					"name": "small23",
					"from": [ -1.0, -0.5, -4.5 ],
					"to": [ 1.0, 1.5, -2.5 ],
					"rotationOrigin": [ 0.0, -0.5, -3.5 ],
					"rotationX": 5.0,
					"rotationY": -14.0,
					"rotationZ": -6.0,
					"faces": {
						"north": { "texture": "#destroyingangel", "uv": [ 0.5, 9.5, 2.5, 11.5 ] },
						"east": { "texture": "#destroyingangel", "uv": [ 0.5, 10.0, 2.5, 12.0 ] },
						"south": { "texture": "#destroyingangel", "uv": [ 0.5, 10.0, 2.5, 12.0 ] },
						"west": { "texture": "#destroyingangel", "uv": [ 1.0, 10.0, 3.0, 12.0 ] },
						"up": { "texture": "#destroyingangel", "uv": [ 0.5, 7.5, 2.5, 9.5 ] },
						"down": { "texture": "#destroyingangel", "uv": [ 0.0, 13.5, 2.0, 15.5 ] }
					},
					"children": [
						{
							"name": "Cube24",
							"from": [ 0.4, 2.0, 0.4 ],
							"to": [ 1.6, 3.0, 1.6 ],
							"rotationOrigin": [ 1.0, 2.0, 0.9 ],
							"faces": {
								"north": { "texture": "#destroyingangel", "uv": [ 1.0, 7.0, 2.0, 8.0 ] },
								"east": { "texture": "#destroyingangel", "uv": [ 0.5, 7.5, 1.5, 8.5 ] },
								"south": { "texture": "#destroyingangel", "uv": [ 0.0, 6.5, 1.0, 7.5 ] },
								"west": { "texture": "#destroyingangel", "uv": [ 0.0, 6.5, 1.0, 7.5 ] },
								"up": { "texture": "#destroyingangel", "uv": [ 2.5, 6.5, 3.5, 7.5 ] }
							}
						}
					]
				},
				{
					"name": "smallstem",
					"from": [ -5.0, -0.1, -4.0 ],
					"to": [ -4.0, 1.4, -3.0 ],
					"rotationOrigin": [ -4.5, -0.1, -3.5 ],
					"rotationX": 4.0,
					"rotationZ": 6.0,
					"faces": {
						"north": { "texture": "#destroyingangel", "uv": [ 1.0, 2.5, 2.0, 4.0 ] },
						"east": { "texture": "#destroyingangel", "uv": [ 0.5, 5.5, 1.5, 7.0 ] },
						"south": { "texture": "#destroyingangel", "uv": [ 1.0, 4.0, 2.0, 5.5 ] },
						"west": { "texture": "#destroyingangel", "uv": [ 2.0, 4.0, 3.0, 5.5 ] },
						"down": { "texture": "#destroyingangel", "uv": [ 0.0, 3.0, 1.0, 4.0 ] }
					},
					"children": [
						{
							"name": "small24",
							"from": [ -0.5, 1.5, -0.5 ],
							"to": [ 1.5, 3.0, 1.5 ],
							"rotationOrigin": [ 0.5, 1.5, 0.5 ],
							"rotationX": -3.0,
							"rotationY": -8.0,
							"faces": {
								"north": { "texture": "#destroyingangel", "uv": [ 13.0, 9.0, 15.0, 10.5 ] },
								"east": { "texture": "#destroyingangel", "uv": [ 11.5, 9.5, 13.5, 11.0 ] },
								"south": { "texture": "#destroyingangel", "uv": [ 11.5, 9.0, 13.5, 10.5 ] },
								"west": { "texture": "#destroyingangel", "uv": [ 12.0, 9.5, 14.0, 11.0 ] },
								"up": { "texture": "#destroyingangel", "uv": [ 5.5, 1.5, 7.5, 3.5 ] },
								"down": { "texture": "#destroyingangel", "uv": [ 4.5, 9.5, 6.5, 11.5 ] }
							},
							"children": [
								{
									"name": "Cube25",
									"from": [ 0.4, 1.5, 0.4 ],
									"to": [ 1.6, 2.5, 1.6 ],
									"rotationOrigin": [ 1.0, 1.5, 0.9 ],
									"faces": {
										"north": { "texture": "#destroyingangel", "uv": [ 13.0, 4.5, 14.0, 5.5 ] },
										"east": { "texture": "#destroyingangel", "uv": [ 12.0, 4.5, 13.0, 5.5 ] },
										"south": { "texture": "#destroyingangel", "uv": [ 13.0, 4.5, 14.0, 5.5 ] },
										"west": { "texture": "#destroyingangel", "uv": [ 12.0, 4.0, 13.0, 5.0 ] },
										"up": { "texture": "#destroyingangel", "uv": [ 12.0, 2.5, 13.0, 3.5 ] }
									}
								}
							]
						},
						{
							"name": "veil3",
							"from": [ -0.2, 0.8, -0.2 ],
							"to": [ 1.2, 1.1, 1.2 ],
							"rotationOrigin": [ -0.2, 0.8, -0.2 ],
							"faces": {
								"north": { "texture": "#destroyingangel", "uv": [ 0.0, 0.0, 1.0, 0.5 ] },
								"east": { "texture": "#destroyingangel", "uv": [ 0.0, 0.0, 1.0, 0.5 ] },
								"south": { "texture": "#destroyingangel", "uv": [ 0.0, 0.0, 1.0, 0.5 ] },
								"west": { "texture": "#destroyingangel", "uv": [ 0.0, 0.0, 1.0, 0.5 ] },
								"up": { "texture": "#destroyingangel", "uv": [ 0.0, 0.0, 1.0, 1.0 ] },
								"down": { "texture": "#destroyingangel", "uv": [ 0.0, 0.0, 1.0, 1.0 ] }
							}
						}
					]
				},
				{
					"name": "voxel27",
					"from": [ 3.0, -0.1, 3.0 ],
					"to": [ 4.0, 0.9, 4.0 ],
					"rotationOrigin": [ 3.5, -0.1, 3.5 ],
					"rotationX": -14.0,
					"rotationY": -42.0,
					"faces": {
						"north": { "texture": "#destroyingangel", "uv": [ 2.0, 13.5, 3.0, 14.5 ] },
						"east": { "texture": "#destroyingangel", "uv": [ 1.5, 12.0, 2.5, 13.0 ] },
						"south": { "texture": "#destroyingangel", "uv": [ 0.5, 12.5, 1.5, 13.5 ] },
						"west": { "texture": "#destroyingangel", "uv": [ 1.0, 11.5, 2.0, 12.5 ] },
						"up": { "texture": "#destroyingangel", "uv": [ 1.5, 11.0, 2.5, 12.0 ] },
						"down": { "texture": "#destroyingangel", "uv": [ 1.5, 13.0, 2.5, 14.0 ] }
					}
				},
				{
					"name": "voxel26",
					"from": [ -3.0, -0.1, -2.0 ],
					"to": [ -2.0, 0.9, -1.0 ],
					"rotationOrigin": [ -2.5, -0.1, -1.5 ],
					"rotationX": 9.0,
					"rotationY": 22.0,
					"rotationZ": 4.0,
					"faces": {
						"north": { "texture": "#destroyingangel", "uv": [ 2.0, 13.5, 3.0, 14.5 ] },
						"east": { "texture": "#destroyingangel", "uv": [ 1.5, 12.0, 2.5, 13.0 ] },
						"south": { "texture": "#destroyingangel", "uv": [ 0.5, 12.5, 1.5, 13.5 ] },
						"west": { "texture": "#destroyingangel", "uv": [ 1.0, 11.5, 2.0, 12.5 ] },
						"up": { "texture": "#destroyingangel", "uv": [ 1.5, 11.0, 2.5, 12.0 ] },
						"down": { "texture": "#destroyingangel", "uv": [ 1.5, 13.0, 2.5, 14.0 ] }
					}
				},
				{
					"name": "voxel1",
					"from": [ -4.7, 0.0, 3.6 ],
					"to": [ -3.7, 1.0, 4.6 ],
					"rotationOrigin": [ -4.2, 0.0, 4.1 ],
					"rotationY": 22.0,
					"faces": {
						"north": { "texture": "#destroyingangel", "uv": [ 2.0, 13.5, 3.0, 14.5 ] },
						"east": { "texture": "#destroyingangel", "uv": [ 1.5, 12.0, 2.5, 13.0 ] },
						"south": { "texture": "#destroyingangel", "uv": [ 0.5, 12.5, 1.5, 13.5 ] },
						"west": { "texture": "#destroyingangel", "uv": [ 1.0, 11.5, 2.0, 12.5 ] },
						"up": { "texture": "#destroyingangel", "uv": [ 1.5, 11.0, 2.5, 12.0 ] },
						"down": { "texture": "#destroyingangel", "uv": [ 1.5, 13.0, 2.5, 14.0 ] }
					}
				},
				{
					"name": "smallstem22",
					"from": [ -2.0, -0.3, 2.0 ],
					"to": [ -1.0, 1.2, 3.0 ],
					"rotationOrigin": [ -1.5, -0.3, 2.5 ],
					"rotationX": -22.0,
					"rotationY": 42.0,
					"rotationZ": 6.0,
					"faces": {
						"north": { "texture": "#destroyingangel", "uv": [ 1.0, 2.5, 2.0, 4.0 ] },
						"east": { "texture": "#destroyingangel", "uv": [ 0.5, 5.5, 1.5, 7.0 ] },
						"south": { "texture": "#destroyingangel", "uv": [ 1.0, 4.0, 2.0, 5.5 ] },
						"west": { "texture": "#destroyingangel", "uv": [ 2.0, 4.0, 3.0, 5.5 ] },
						"down": { "texture": "#destroyingangel", "uv": [ 0.0, 3.0, 1.0, 4.0 ] }
					},
					"children": [
						{
							"name": "small25",
							"from": [ -0.5, 1.4, -0.5 ],
							"to": [ 1.5, 2.9, 1.5 ],
							"rotationOrigin": [ 0.5, 1.4, 0.5 ],
							"rotationX": 11.0,
							"rotationY": 6.0,
							"rotationZ": 6.0,
							"faces": {
								"north": { "texture": "#destroyingangel", "uv": [ 11.5, 9.5, 13.5, 11.0 ] },
								"east": { "texture": "#destroyingangel", "uv": [ 12.5, 9.5, 14.5, 11.0 ] },
								"south": { "texture": "#destroyingangel", "uv": [ 10.5, 9.0, 12.5, 10.5 ] },
								"west": { "texture": "#destroyingangel", "uv": [ 9.0, 9.0, 11.0, 10.5 ] },
								"up": { "texture": "#destroyingangel", "uv": [ 9.0, 5.0, 11.0, 7.0 ] },
								"down": { "texture": "#destroyingangel", "uv": [ 5.5, 9.0, 7.5, 11.0 ] }
							},
							"children": [
								{
									"name": "Cube26",
									"from": [ 0.4, 1.5, 0.4 ],
									"to": [ 1.6, 2.5, 1.6 ],
									"rotationOrigin": [ 1.0, 1.5, 0.9 ],
									"faces": {
										"north": { "texture": "#destroyingangel", "uv": [ 14.0, 4.5, 15.0, 5.5 ] },
										"east": { "texture": "#destroyingangel", "uv": [ 10.5, 4.5, 11.5, 5.5 ] },
										"south": { "texture": "#destroyingangel", "uv": [ 13.5, 5.0, 14.5, 6.0 ] },
										"west": { "texture": "#destroyingangel", "uv": [ 11.0, 5.0, 12.0, 6.0 ] },
										"up": { "texture": "#destroyingangel", "uv": [ 13.0, 4.5, 14.0, 5.5 ] }
									}
								}
							]
						},
						{
							"name": "veil2",
							"from": [ -0.2, 0.7, -0.2 ],
							"to": [ 1.2, 1.0, 1.2 ],
							"rotationOrigin": [ -0.2, 0.7, -0.2 ],
							"faces": {
								"north": { "texture": "#destroyingangel", "uv": [ 0.0, 0.0, 1.0, 0.5 ] },
								"east": { "texture": "#destroyingangel", "uv": [ 0.0, 0.0, 1.0, 0.5 ] },
								"south": { "texture": "#destroyingangel", "uv": [ 0.0, 0.0, 1.0, 0.5 ] },
								"west": { "texture": "#destroyingangel", "uv": [ 0.0, 0.0, 1.0, 0.5 ] },
								"up": { "texture": "#destroyingangel", "uv": [ 0.0, 0.0, 1.0, 1.0 ] },
								"down": { "texture": "#destroyingangel", "uv": [ 0.0, 0.0, 1.0, 1.0 ] }
							}
						}
					]
				}
			]
		}
	]}