{
  "textureWidth":16,
  "textureHeight":16,
  "textures":{
    "grip":"game:block/leather/plain"
  },
  "textureSizes":{
    "grip":[
      32,
      32
    ]
  },
  "elements":[
    {
      "name":"origin",
      "from":[
        11.0,
        0.5,
        7.699999988079071
      ],
      "to":[
        11.0,
        0.5,
        7.699999988079071
      ],
      "rotationOrigin":[
        8.0,
        0.0,
        8.0
      ],
      "group":"fine_fabric",
      "faces":{
        "north":{
          "texture":"#0",
          "uv":[
            0,
            0,
            4,
            4
          ],
          "autoUv":false
        },
        "east":{
          "texture":"#0",
          "uv":[
            0,
            0,
            4,
            4
          ],
          "autoUv":false
        },
        "south":{
          "texture":"#0",
          "uv":[
            0,
            0,
            4,
            4
          ],
          "autoUv":false
        },
        "west":{
          "texture":"#0",
          "uv":[
            0,
            0,
            4,
            4
          ],
          "autoUv":false
        },
        "up":{
          "texture":"#grip",
          "uv":[
            0.0,
            0.0,
            1.0,
            1.0
          ],
          "autoUv":false,
          "rotation":180
        },
        "down":{
          "texture":"#0",
          "uv":[
            0,
            0,
            4,
            4
          ],
          "autoUv":false
        }
      },
      "children":[
        {
          "name":"fine_fabric 01",
          "from":[
            -2.3340365886688232,
            -0.40327201783657074,
            0.9369834959506989
          ],
          "to":[
            3.9391791820526123,
            -0.06854362785816193,
            1.1727077662944794
          ],
          "rotationOrigin":[
            0.8025712966918945,
            -0.23590782284736633,
            1.0548456311225891
          ],
          "rotationX":45.00000125223908,
          "group":"fine_fabric",
          "faces":{
            "north":{
              "texture":"#grip",
              "uv":[
                12.0,
                26.0,
                20.0,
                32.0
              ],
              "autoUv":false,
              "rotation":270
            },
            "east":{
              "texture":"#grip",
              "uv":[
                17.0,
                18.0,
                16.0,
                19.0
              ],
              "autoUv":false,
              "rotation":90
            },
            "south":{
              "texture":"#grip",
              "uv":[
                22.000337600708008,
                19.000694274902344,
                4.0,
                20.001039505004883
              ],
              "autoUv":false,
              "rotation":180
            },
            "west":{
              "texture":"#grip",
              "uv":[
                16.0,
                18.0,
                17.0,
                19.0
              ],
              "autoUv":false,
              "rotation":270
            },
            "up":{
              "texture":"#grip",
              "uv":[
                20.0,
                8.0,
                28.0,
                14.100679397583008
              ],
              "autoUv":false,
              "rotation":270
            },
            "down":{
              "texture":"#grip",
              "uv":[
                12.0,
                14.100679397583008,
                4.0,
                8.0
              ],
              "autoUv":false,
              "rotation":270
            }
          },
          "children":[]
        },
        {
          "name":"fine_fabric 02",
          "from":[
            -2.3340365886688232,
            -0.40327201783657074,
            -0.07592257857322693
          ],
          "to":[
            3.9391791820526123,
            -0.06854362785816193,
            0.1598016917705536
          ],
          "rotationOrigin":[
            0.8025712966918945,
            -0.23590782284736633,
            0.04193955659866333
          ],
          "rotationX":-45.00000125223908,
          "group":"fine_fabric",
          "faces":{
            "north":{
              "texture":"#grip",
              "uv":[
                22.000337600708008,
                14.998960494995117,
                4.0,
                15.999305725097656
              ],
              "autoUv":false
            },
            "east":{
              "texture":"#grip",
              "uv":[
                13.0,
                18.0,
                12.0,
                19.0
              ],
              "autoUv":false,
              "rotation":270
            },
            "south":{
              "texture":"#grip",
              "uv":[
                12.0,
                8.0,
                20.0,
                14.100679397583008
              ],
              "autoUv":false,
              "rotation":270
            },
            "west":{
              "texture":"#grip",
              "uv":[
                12.0,
                18.0,
                13.0,
                19.0
              ],
              "autoUv":false,
              "rotation":90
            },
            "up":{
              "texture":"#grip",
              "uv":[
                20.0,
                8.0,
                28.0,
                14.100679397583008
              ],
              "autoUv":false,
              "rotation":270
            },
            "down":{
              "texture":"#grip",
              "uv":[
                12.0,
                14.100679397583008,
                4.0,
                8.0
              ],
              "autoUv":false,
              "rotation":270
            }
          },
          "children":[]
        },
        {
          "name":"fine_fabric 03",
          "from":[
            -2.3340365886688232,
            0.6086677759885788,
            0.9360193312168121
          ],
          "to":[
            3.9391791820526123,
            0.9433961659669876,
            1.1717436015605927
          ],
          "rotationOrigin":[
            0.8025712966918945,
            0.7760319709777832,
            1.0538814663887024
          ],
          "rotationX":-45.00000125223908,
          "group":"fine_fabric",
          "faces":{
            "north":{
              "texture":"#grip",
              "uv":[
                12.0,
                26.0,
                20.0,
                32.0
              ],
              "autoUv":false,
              "rotation":270
            },
            "east":{
              "texture":"#grip",
              "uv":[
                17.0,
                14.0,
                16.0,
                15.0
              ],
              "autoUv":false,
              "rotation":270
            },
            "south":{
              "texture":"#grip",
              "uv":[
                4.0,
                18.998616218566895,
                22.000337600708008,
                19.998960494995117
              ],
              "autoUv":false
            },
            "west":{
              "texture":"#grip",
              "uv":[
                16.0,
                14.0,
                17.0,
                15.0
              ],
              "autoUv":false,
              "rotation":90
            },
            "up":{
              "texture":"#grip",
              "uv":[
                20.0,
                8.0,
                28.0,
                14.100679397583008
              ],
              "autoUv":false,
              "rotation":270
            },
            "down":{
              "texture":"#grip",
              "uv":[
                12.0,
                14.100679397583008,
                4.0,
                8.0
              ],
              "autoUv":false,
              "rotation":270
            }
          },
          "children":[]
        },
        {
          "name":"fine_fabric 04",
          "from":[
            -2.3340365886688232,
            0.6086677759885788,
            -0.0749565064907074
          ],
          "to":[
            3.9391791820526123,
            0.9433961659669876,
            0.16076776385307312
          ],
          "rotationOrigin":[
            0.8025712966918945,
            0.7760319709777832,
            0.04290562868118286
          ],
          "rotationX":45.00000125223908,
          "group":"fine_fabric",
          "faces":{
            "north":{
              "texture":"#grip",
              "uv":[
                4.0,
                15.001041412353516,
                22.000337600708008,
                16.001388549804688
              ],
              "autoUv":false,
              "rotation":180
            },
            "east":{
              "texture":"#grip",
              "uv":[
                13.0,
                14.0,
                12.0,
                15.0
              ],
              "autoUv":false,
              "rotation":90
            },
            "south":{
              "texture":"#grip",
              "uv":[
                12.0,
                8.0,
                20.0,
                14.100679397583008
              ],
              "autoUv":false,
              "rotation":270
            },
            "west":{
              "texture":"#grip",
              "uv":[
                12.0,
                14.0,
                13.0,
                15.0
              ],
              "autoUv":false,
              "rotation":270
            },
            "up":{
              "texture":"#grip",
              "uv":[
                20.0,
                8.0,
                28.0,
                14.100679397583008
              ],
              "autoUv":false,
              "rotation":270
            },
            "down":{
              "texture":"#grip",
              "uv":[
                12.0,
                14.100679397583008,
                4.0,
                8.0
              ],
              "autoUv":false,
              "rotation":270
            }
          },
          "children":[]
        },
        {
          "name":"fine_fabric 05",
          "from":[
            -2.3340368270874023,
            -0.20186898112297058,
            1.01984054595232
          ],
          "to":[
            3.9397459030151367,
            0.741028755903244,
            1.2555649802088737
          ],
          "rotationOrigin":[
            0.8028545379638672,
            0.2695798873901367,
            1.137702763080597
          ],
          "group":"fine_fabric",
          "faces":{
            "north":{
              "texture":"#grip",
              "uv":[
                12.0,
                26.0,
                20.0,
                32.0
              ],
              "autoUv":false,
              "rotation":270
            },
            "east":{
              "texture":"#grip",
              "uv":[
                17.0,
                15.0,
                16.0,
                18.0
              ],
              "autoUv":false
            },
            "south":{
              "texture":"#grip",
              "uv":[
                4.0,
                20.0,
                22.0,
                23.0
              ],
              "autoUv":false
            },
            "west":{
              "texture":"#grip",
              "uv":[
                16.0,
                15.0,
                17.0,
                18.0
              ],
              "autoUv":false
            },
            "up":{
              "texture":"#grip",
              "uv":[
                20.0,
                8.0,
                28.0,
                14.100679397583008
              ],
              "autoUv":false,
              "rotation":270
            },
            "down":{
              "texture":"#grip",
              "uv":[
                12.0,
                14.100679397583008,
                4.0,
                8.0
              ],
              "autoUv":false,
              "rotation":270
            }
          },
          "children":[]
        },
        {
          "name":"fine_fabric 06",
          "from":[
            -2.3340368270874023,
            -0.20186898112297058,
            -0.15878217667341232
          ],
          "to":[
            3.9397459030151367,
            0.741028755903244,
            0.07694225758314133
          ],
          "rotationOrigin":[
            0.8028545379638672,
            0.2695798873901367,
            -0.0409199595451355
          ],
          "group":"fine_fabric",
          "faces":{
            "north":{
              "texture":"#grip",
              "uv":[
                4.0,
                12.0,
                22.0,
                15.0
              ],
              "autoUv":false
            },
            "east":{
              "texture":"#grip",
              "uv":[
                13.0,
                15.0,
                12.0,
                18.0
              ],
              "autoUv":false
            },
            "south":{
              "texture":"#grip",
              "uv":[
                12.0,
                8.0,
                20.0,
                14.100679397583008
              ],
              "autoUv":false,
              "rotation":270
            },
            "west":{
              "texture":"#grip",
              "uv":[
                12.0,
                15.0,
                13.0,
                18.0
              ],
              "autoUv":false
            },
            "up":{
              "texture":"#grip",
              "uv":[
                20.0,
                8.0,
                28.0,
                14.100679397583008
              ],
              "autoUv":false,
              "rotation":270
            },
            "down":{
              "texture":"#grip",
              "uv":[
                12.0,
                14.100679397583008,
                4.0,
                8.0
              ],
              "autoUv":false,
              "rotation":270
            }
          },
          "children":[]
        },
        {
          "name":"fine_fabric 07",
          "from":[
            -2.334035873413086,
            -0.43759340047836304,
            0.07694324851036072
          ],
          "to":[
            3.938396453857422,
            0.9767531752586365,
            1.0198409855365753
          ],
          "rotationOrigin":[
            0.802180290222168,
            0.2695798873901367,
            0.548392117023468
          ],
          "group":"fine_fabric",
          "faces":{
            "north":{
              "texture":"#grip",
              "uv":[
                12.0,
                26.0,
                20.0,
                32.0
              ],
              "autoUv":false,
              "rotation":270
            },
            "east":{
              "texture":"#grip",
              "uv":[
                16.0,
                14.0,
                13.0,
                19.0
              ],
              "autoUv":false
            },
            "south":{
              "texture":"#grip",
              "uv":[
                12.0,
                8.0,
                20.0,
                14.0570068359375
              ],
              "autoUv":false,
              "rotation":270
            },
            "west":{
              "texture":"#grip",
              "uv":[
                13.0,
                14.0,
                16.0,
                19.0
              ],
              "autoUv":false
            },
            "up":{
              "texture":"#grip",
              "uv":[
                4.000000953674316,
                15.999305725097656,
                21.998653411865234,
                19.00069236755371
              ],
              "autoUv":false
            },
            "down":{
              "texture":"#grip",
              "uv":[
                4.000000953674316,
                19.00069236755371,
                21.998653411865234,
                15.999305725097656
              ],
              "autoUv":false,
              "rotation":180
            }
          },
          "children":[]
        }
      ]
    }
  ],
  "groups":[]
}