{
	"code": "parchment",
	"variantgroups": [
		{ "code": "size", "states": [ "medium", "large", "huge" ] }
	],
	"behaviors": [
		{ "name": "GroundStorable", "properties": { "layout": "SingleCenter", "collisionBox": { "x1": 0, "y1": 0, "z1": 0, "x2": 1, "y2": 0.1, "z2": 1 } } }
	],
	"attributes": {
		"handbook": {
			"groupBy": [ "parchment-*" ]
		}
	},
	"shapeByType": {
		"parchment-*": { "base": "game:item/resource/hide/{size}2" }
	},
	"texturesByType": {
		"parchment-*": { "furside": { "base": "game:item/resource/hide/scraped" }, "fleshside": { "base": "game:item/resource/hide/scraped" }}
		},
	"creativeinventory": { "bradysthings": [ "*" ], "items": ["*"] , "general": ["*"] },
	"materialDensity": 620,
	"maxstacksizeByType": {
		"*-medium": 32,
		"*-large": 16,
		"*-huge": 8
	},
	"tpHandTransformbyType": {
		"*-medium": {
			"translation": { "x": -1.26, "y": -0.2, "z": -1.24 },
			"rotation": { "x": 0, "y": 90, "z": -77 },
			"origin": { "x": 0.5, "y": 0, "z": 0.5 },
			"scale": 0.4
		},
		"*-large": {
			"translation": { "x": -1.12, "y": -0.2, "z": -1.22 },
			"rotation": { "x": 0, "y": 90, "z": -83 },
			"origin": { "x": 0.5, "y": 0, "z": 0.5 },
			"scale": 0.4
		},
		"*-huge": {
			"translation": { "x": -1.56, "y": -0.6, "z": -1.4 },
			"rotation": { "x": 0, "y": 90, "z": -82 },
			"origin": { "x": 0.5, "y": 0, "z": 0.5 },
			"scale": 0.35
		}
	},
	"guiTransformByType": {
		"*-medium": {
			"rotation": { "x": 90, "y": 0.0, "z": 0.0 },
			"origin": { "x": 0.5, "y": 0.5, "z": 0.5 },
			"scale": 0.8
		},
		"*-large": {
			"rotation": { "x": 90, "y": 0.0, "z": 0.0 },
			"origin": { "x": 0.5, "y": 0.5, "z": 0.5 },
			"scale": 0.8
		},
		"*-huge": {
			"rotation": { "x": 105, "y": 0.0, "z": 0.0 },
			"origin": { "x": 0.5, "y": 0.5, "z": 0.3 },
			"scale": 0.7
		}
	},
	"groundTransformByType": {
		"*-medium": {
			"origin": { "x": 0.5, "y": 0, "z": 0.5 },
			"rotation": { "x": 0, "y": 0, "z": 0 },
			"scale": 4
		},
		"*-large": {
			"origin": { "x": 0.5, "y": 0, "z": 0.5 },
			"rotation": { "x": 0, "y": 0, "z": 0 },
			"scale": 4
		},
		"*-huge": {
			"origin": { "x": 0.5, "y": 0, "z": 0.5 },
			"rotation": { "x": 0, "y": 0, "z": 0 },
			"scale": 4
		}
	},
	"fpHandTransformByType": {
		"*-medium": {
			"scale": 0.85
		},
		"*-large": {
			"scale": 1
		},
		"*-huge": {
			"scale": 1.15
		}
	}
}