{
	"editor": {
		"allAngles": false,
		"entityTextureMode": false
	},
	"textureWidth": 16,
	"textureHeight": 16,
	"textureSizes": {
	},
	"textures": {
		"caramel-cooked": "pemmican:item/food/caramel-cooked"
	},
	"elements": [
		{
			"name": "Cube2",
			"from": [ 6.0, 0.0, 6.0 ],
			"to": [ 9.0, 2.0, 10.0 ],
			"rotationOrigin": [ 6.0, 0.0, 6.0 ],
			"faces": {
				"north": { "texture": "#caramel-cooked", "uv": [ 5.5, 5.5, 8.5, 7.5 ] },
				"east": { "texture": "#caramel-cooked", "uv": [ 5.5, 6.0, 9.5, 8.0 ] },
				"south": { "texture": "#caramel-cooked", "uv": [ 6.5, 6.0, 9.5, 8.0 ] },
				"west": { "texture": "#caramel-cooked", "uv": [ 6.0, 6.5, 10.0, 8.5 ] },
				"up": { "texture": "#caramel-cooked", "uv": [ 6.0, 5.5, 9.0, 9.5 ] },
				"down": { "texture": "#caramel-cooked", "uv": [ 6.5, 5.5, 9.5, 9.5 ] }
			}
		},
		{
			"name": "Cube3",
			"from": [ 8.2, 0.0, 8.0 ],
			"to": [ 10.2, 1.0, 11.0 ],
			"rotationOrigin": [ 9.0, 0.0, 8.0 ],
			"faces": {
				"north": { "texture": "#caramel-cooked", "uv": [ 7.0, 7.0, 9.0, 8.0 ] },
				"east": { "texture": "#caramel-cooked", "uv": [ 6.0, 7.0, 9.0, 8.0 ] },
				"south": { "texture": "#caramel-cooked", "uv": [ 7.0, 6.5, 9.0, 7.5 ] },
				"west": { "texture": "#caramel-cooked", "uv": [ 6.5, 6.5, 9.5, 7.5 ] },
				"up": { "texture": "#caramel-cooked", "uv": [ 7.0, 6.0, 9.0, 9.0 ] },
				"down": { "texture": "#caramel-cooked", "uv": [ 6.5, 6.0, 8.5, 9.0 ] }
			}
		},
		{
			"name": "Cube4",
			"from": [ 5.0, 0.0, 8.0 ],
			"to": [ 7.0, 1.0, 11.0 ],
			"rotationOrigin": [ 5.0, 0.0, 8.0 ],
			"faces": {
				"north": { "texture": "#caramel-cooked", "uv": [ 6.0, 6.0, 8.0, 7.0 ] },
				"east": { "texture": "#caramel-cooked", "uv": [ 6.0, 6.0, 9.0, 7.0 ] },
				"south": { "texture": "#caramel-cooked", "uv": [ 7.0, 7.0, 9.0, 8.0 ] },
				"west": { "texture": "#caramel-cooked", "uv": [ 6.5, 6.5, 9.5, 7.5 ] },
				"up": { "texture": "#caramel-cooked", "uv": [ 7.0, 6.0, 9.0, 9.0 ] },
				"down": { "texture": "#caramel-cooked", "uv": [ 7.0, 6.0, 9.0, 9.0 ] }
			}
		},
		{
			"name": "Cube5",
			"from": [ 7.0, 0.0, 8.3 ],
			"to": [ 9.0, 0.5, 11.3 ],
			"rotationOrigin": [ 7.0, 0.0, 9.0 ],
			"faces": {
				"north": { "texture": "#caramel-cooked", "uv": [ 7.0, 5.5, 9.0, 6.0 ] },
				"east": { "texture": "#caramel-cooked", "uv": [ 6.5, 5.5, 9.5, 6.0 ] },
				"south": { "texture": "#caramel-cooked", "uv": [ 7.5, 6.5, 9.5, 7.0 ] },
				"west": { "texture": "#caramel-cooked", "uv": [ 7.0, 7.0, 10.0, 7.5 ] },
				"up": { "texture": "#caramel-cooked", "uv": [ 7.0, 6.0, 9.0, 9.0 ] },
				"down": { "texture": "#caramel-cooked", "uv": [ 7.0, 6.0, 9.0, 9.0 ] }
			}
		},
		{
			"name": "Cube6",
			"from": [ 6.25, 0.0, 5.0 ],
			"to": [ 8.25, 1.0, 8.0 ],
			"rotationOrigin": [ 6.0, 0.0, 5.0 ],
			"faces": {
				"north": { "texture": "#caramel-cooked", "uv": [ 6.5, 5.5, 8.5, 6.5 ] },
				"east": { "texture": "#caramel-cooked", "uv": [ 5.5, 6.0, 8.5, 7.0 ] },
				"south": { "texture": "#caramel-cooked", "uv": [ 6.5, 5.0, 8.5, 6.0 ] },
				"west": { "texture": "#caramel-cooked", "uv": [ 6.0, 5.5, 9.0, 6.5 ] },
				"up": { "texture": "#caramel-cooked", "uv": [ 6.5, 6.0, 8.5, 9.0 ] },
				"down": { "texture": "#caramel-cooked", "uv": [ 7.0, 5.5, 9.0, 8.5 ] }
			}
		},
		{
			"name": "Cube7",
			"from": [ 6.35, 1.3, 6.5 ],
			"to": [ 8.35, 2.3, 9.5 ],
			"rotationOrigin": [ 6.0, 1.0, 6.0 ],
			"faces": {
				"north": { "texture": "#caramel-cooked", "uv": [ 6.5, 6.5, 8.5, 7.5 ] },
				"east": { "texture": "#caramel-cooked", "uv": [ 6.0, 5.0, 9.0, 6.0 ] },
				"south": { "texture": "#caramel-cooked", "uv": [ 6.0, 6.0, 8.0, 7.0 ] },
				"west": { "texture": "#caramel-cooked", "uv": [ 6.5, 6.0, 9.5, 7.0 ] },
				"up": { "texture": "#caramel-cooked", "uv": [ 6.0, 5.0, 8.0, 8.0 ] },
				"down": { "texture": "#caramel-cooked", "uv": [ 6.0, 6.0, 8.0, 9.0 ] }
			}
		},
		{
			"name": "Cube8",
			"from": [ 8.0, 0.0, 5.5 ],
			"to": [ 10.0, 0.7, 8.5 ],
			"rotationOrigin": [ 8.0, 0.0, 5.0 ],
			"faces": {
				"north": { "texture": "#caramel-cooked", "uv": [ 6.0, 6.0, 8.0, 6.5 ] },
				"east": { "texture": "#caramel-cooked", "uv": [ 5.5, 7.0, 8.5, 7.5 ] },
				"south": { "texture": "#caramel-cooked", "uv": [ 5.5, 6.0, 7.5, 6.5 ] },
				"west": { "texture": "#caramel-cooked", "uv": [ 5.5, 6.5, 8.5, 7.0 ] },
				"up": { "texture": "#caramel-cooked", "uv": [ 6.0, 5.5, 8.0, 8.5 ] },
				"down": { "texture": "#caramel-cooked", "uv": [ 6.5, 5.5, 8.5, 8.5 ] }
			}
		},
		{
			"name": "Cube9",
			"from": [ 5.3, 0.0, 5.5 ],
			"to": [ 7.3, 0.7, 8.5 ],
			"rotationOrigin": [ 5.0, 0.0, 5.0 ],
			"faces": {
				"north": { "texture": "#caramel-cooked", "uv": [ 6.5, 5.5, 8.5, 6.0 ] },
				"east": { "texture": "#caramel-cooked", "uv": [ 7.5, 7.0, 10.5, 7.5 ] },
				"south": { "texture": "#caramel-cooked", "uv": [ 6.5, 6.5, 8.5, 7.0 ] },
				"west": { "texture": "#caramel-cooked", "uv": [ 8.0, 6.5, 11.0, 7.0 ] },
				"up": { "texture": "#caramel-cooked", "uv": [ 6.5, 6.0, 8.5, 9.0 ] },
				"down": { "texture": "#caramel-cooked", "uv": [ 7.0, 6.5, 9.0, 9.5 ] }
			}
		}
	]}