{
	"editor": {
		"allAngles": true,
		"entityTextureMode": false
	},
	"textureWidth": 16,
	"textureHeight": 16,
	"textureSizes": {
	},
	"textures": {
		"blackmushroom": "game:block/plant/mushroom/paddystraw/paddystraw",
		"pores": "game:block/plant/mushroom/pores"
	},
	"elements": [
		{
			"name": "origin",
			"from": [ 8.0, 8.0, 1.0 ],
			"to": [ 8.0, 8.0, 1.0 ],
			"rotationOrigin": [ 8.0, 8.0, 1.0 ],
			"rotationX": 90.0,
			"faces": {
			},
			"children": [
				{
					"name": "large",
					"from": [ -2.0, 5.4, 7.6 ],
					"to": [ 0.0, 7.9, 9.6 ],
					"rotationOrigin": [ -1.0, 5.4, 8.6 ],
					"rotationX": -36.0,
					"rotationY": -22.0,
					"rotationZ": 14.0,
					"faces": {
						"north": { "texture": "#blackmushroom", "uv": [ 9.5, 11.5, 11.5, 14.0 ] },
						"east": { "texture": "#blackmushroom", "uv": [ 12.0, 11.5, 14.0, 14.0 ] },
						"south": { "texture": "#blackmushroom", "uv": [ 10.5, 11.5, 12.5, 14.0 ] },
						"west": { "texture": "#blackmushroom", "uv": [ 10.0, 13.0, 12.0, 15.5 ] },
						"up": { "texture": "#blackmushroom", "uv": [ 11.0, 10.5, 13.0, 12.5 ], "windMode": [-1,-1,-1,-1] },
						"down": { "texture": "#blackmushroom", "uv": [ 11.0, 12.5, 13.0, 14.5 ] }
					},
					"children": [
						{
							"name": "cap1",
							"from": [ -0.7, 2.3, -0.7 ],
							"to": [ 2.8, 4.3, 2.8 ],
							"rotationOrigin": [ 1.0, 2.3, 1.0 ],
							"rotationX": 17.0,
							"rotationY": 6.0,
							"faces": {
								"north": { "texture": "#blackmushroom", "uv": [ 12.5, 5.5, 16.0, 7.5 ] },
								"east": { "texture": "#blackmushroom", "uv": [ 10.0, 4.5, 13.5, 6.5 ] },
								"south": { "texture": "#blackmushroom", "uv": [ 10.5, 5.0, 14.0, 7.0 ] },
								"west": { "texture": "#blackmushroom", "uv": [ 8.0, 5.0, 11.5, 7.0 ] },
								"up": { "texture": "#blackmushroom", "uv": [ 6.0, 3.0, 9.5, 6.5 ] },
								"down": { "texture": "#pores", "uv": [ 2.0, 10.5, 5.5, 14.0 ] }
							},
							"children": [
								{
									"name": "captop",
									"from": [ 0.4, 2.0, 0.4 ],
									"to": [ 3.0, 2.5, 3.0 ],
									"rotationOrigin": [ 0.2, -0.5, 0.2 ],
									"faces": {
										"north": { "texture": "#blackmushroom", "uv": [ 11.5, 4.5, 14.0, 5.0 ] },
										"east": { "texture": "#blackmushroom", "uv": [ 10.5, 5.5, 13.0, 6.0 ] },
										"south": { "texture": "#blackmushroom", "uv": [ 11.0, 6.0, 13.5, 6.5 ] },
										"west": { "texture": "#blackmushroom", "uv": [ 11.0, 5.0, 13.5, 5.5 ] },
										"up": { "texture": "#blackmushroom", "uv": [ 5.0, 4.5, 7.5, 7.0 ] }
									}
								}
							]
						}
					]
				},
				{
					"name": "med",
					"from": [ -1.0, 9.7, 8.0 ],
					"to": [ 0.5, 11.7, 9.5 ],
					"rotationOrigin": [ -0.2, 9.7, 8.7 ],
					"rotationX": -66.0,
					"rotationY": 14.0,
					"rotationZ": 6.0,
					"faces": {
						"north": { "texture": "#blackmushroom", "uv": [ 12.0, 13.0, 13.5, 15.0 ] },
						"east": { "texture": "#blackmushroom", "uv": [ 12.0, 12.5, 13.5, 14.5 ] },
						"south": { "texture": "#blackmushroom", "uv": [ 11.0, 12.5, 12.5, 14.5 ] },
						"west": { "texture": "#blackmushroom", "uv": [ 10.5, 12.5, 12.0, 14.5 ] },
						"up": { "texture": "#blackmushroom", "uv": [ 11.5, 9.5, 13.0, 11.0 ], "windMode": [-1,-1,-1,-1] },
						"down": { "texture": "#blackmushroom", "uv": [ 10.0, 13.0, 11.5, 14.5 ] }
					},
					"children": [
						{
							"name": "cap7",
							"from": [ -0.5, 1.8, -0.5 ],
							"to": [ 2.0, 3.8, 2.0 ],
							"rotationOrigin": [ 0.8, 1.8, 0.8 ],
							"rotationX": 36.0,
							"rotationY": 6.0,
							"rotationZ": -14.0,
							"faces": {
								"north": { "texture": "#blackmushroom", "uv": [ 5.0, 8.0, 7.5, 10.0 ] },
								"east": { "texture": "#blackmushroom", "uv": [ 5.5, 9.5, 8.0, 11.5 ] },
								"south": { "texture": "#blackmushroom", "uv": [ 4.5, 9.0, 7.0, 11.0 ] },
								"west": { "texture": "#blackmushroom", "uv": [ 5.0, 8.5, 7.5, 10.5 ] },
								"up": { "texture": "#blackmushroom", "uv": [ 3.0, 9.5, 5.5, 12.0 ] },
								"down": { "texture": "#pores", "uv": [ 2.5, 10.5, 5.0, 13.0 ] }
							},
							"children": [
								{
									"name": "captop8",
									"from": [ 0.5, 2.0, 0.5 ],
									"to": [ 2.1, 2.5, 2.1 ],
									"rotationOrigin": [ 0.5, 1.9, 0.5 ],
									"faces": {
										"north": { "texture": "#blackmushroom", "uv": [ 5.5, 11.0, 7.0, 11.5 ] },
										"east": { "texture": "#blackmushroom", "uv": [ 4.5, 10.5, 6.0, 11.0 ] },
										"south": { "texture": "#blackmushroom", "uv": [ 3.0, 11.0, 4.5, 11.5 ] },
										"west": { "texture": "#blackmushroom", "uv": [ 2.0, 9.5, 3.5, 10.0 ] },
										"up": { "texture": "#blackmushroom", "uv": [ 6.0, 9.5, 7.5, 11.0 ] }
									}
								}
							]
						}
					]
				},
				{
					"name": "small",
					"from": [ -2.0, 1.9, 8.0 ],
					"to": [ -1.0, 2.9, 9.0 ],
					"rotationOrigin": [ -1.5, 1.9, 8.4 ],
					"rotationX": -72.0,
					"rotationY": 22.0,
					"faces": {
						"north": { "texture": "#blackmushroom", "uv": [ 11.0, 13.0, 12.0, 14.0 ] },
						"east": { "texture": "#blackmushroom", "uv": [ 11.0, 13.0, 12.0, 14.0 ] },
						"south": { "texture": "#blackmushroom", "uv": [ 11.0, 12.0, 12.0, 13.0 ] },
						"west": { "texture": "#blackmushroom", "uv": [ 12.0, 12.0, 13.0, 13.0 ] },
						"up": { "texture": "#blackmushroom", "uv": [ 11.5, 8.5, 12.5, 9.5 ], "windMode": [-1,-1,-1,-1] },
						"down": { "texture": "#blackmushroom", "uv": [ 12.0, 13.0, 13.0, 14.0 ] }
					},
					"children": [
						{
							"name": "cap11",
							"from": [ -0.5, 1.0, -0.5 ],
							"to": [ 1.5, 2.5, 1.5 ],
							"rotationOrigin": [ 0.5, 1.0, 0.5 ],
							"rotationX": 14.0,
							"rotationZ": 4.0,
							"faces": {
								"north": { "texture": "#blackmushroom", "uv": [ 4.5, 10.0, 6.5, 11.5 ] },
								"east": { "texture": "#blackmushroom", "uv": [ 4.5, 8.5, 6.5, 10.0 ] },
								"south": { "texture": "#blackmushroom", "uv": [ 5.5, 9.0, 7.5, 10.5 ] },
								"west": { "texture": "#blackmushroom", "uv": [ 5.5, 6.5, 7.5, 8.0 ] },
								"up": { "texture": "#blackmushroom", "uv": [ 4.0, 9.5, 6.0, 11.5 ] },
								"down": { "texture": "#pores", "uv": [ 4.0, 10.5, 6.0, 12.5 ] }
							}
						}
					]
				},
				{
					"name": "small12",
					"from": [ -5.0, 8.8, 8.0 ],
					"to": [ -4.0, 9.8, 9.0 ],
					"rotationOrigin": [ -4.5, 8.8, 8.4 ],
					"rotationX": -44.0,
					"rotationY": 14.0,
					"faces": {
						"north": { "texture": "#blackmushroom", "uv": [ 10.5, 10.5, 11.5, 11.5 ] },
						"east": { "texture": "#blackmushroom", "uv": [ 12.0, 11.5, 13.0, 12.5 ] },
						"south": { "texture": "#blackmushroom", "uv": [ 10.5, 9.5, 11.5, 10.5 ] },
						"west": { "texture": "#blackmushroom", "uv": [ 10.0, 10.5, 11.0, 11.5 ], "windMode": [-1,-1,-1,-1] },
						"up": { "texture": "#blackmushroom", "uv": [ 13.0, 9.0, 14.0, 10.0 ], "windMode": [-1,-1,-1,-1] },
						"down": { "texture": "#blackmushroom", "uv": [ 8.5, 13.0, 9.5, 14.0 ] }
					},
					"children": [
						{
							"name": "cap13",
							"from": [ -0.3, 0.8, -0.3 ],
							"to": [ 1.3, 2.8, 1.3 ],
							"rotationOrigin": [ 0.5, 0.8, 0.5 ],
							"rotationX": 14.0,
							"rotationZ": 6.0,
							"faces": {
								"north": { "texture": "#blackmushroom", "uv": [ 10.0, 4.0, 11.5, 6.0 ] },
								"east": { "texture": "#blackmushroom", "uv": [ 9.0, 4.5, 10.5, 6.5 ] },
								"south": { "texture": "#blackmushroom", "uv": [ 10.5, 4.5, 12.0, 6.5 ] },
								"west": { "texture": "#blackmushroom", "uv": [ 10.0, 4.0, 11.5, 6.0 ] },
								"up": { "texture": "#blackmushroom", "uv": [ 9.5, 4.0, 11.0, 5.5 ] },
								"down": { "texture": "#pores", "uv": [ 4.0, 9.5, 5.5, 11.0 ] }
							}
						}
					]
				},
				{
					"name": "big",
					"from": [ 3.3, 4.6, 7.9 ],
					"to": [ 4.7, 6.6, 9.3 ],
					"rotationOrigin": [ 4.0, 4.6, 8.6 ],
					"rotationX": -72.0,
					"rotationY": -42.0,
					"rotationZ": -6.0,
					"faces": {
						"north": { "texture": "#blackmushroom", "uv": [ 9.5, 8.5, 10.5, 10.5 ] },
						"east": { "texture": "#blackmushroom", "uv": [ 7.0, 10.0, 8.0, 12.0 ] },
						"south": { "texture": "#blackmushroom", "uv": [ 8.0, 9.0, 9.0, 11.0 ] },
						"west": { "texture": "#blackmushroom", "uv": [ 8.5, 10.0, 9.5, 12.0 ] },
						"up": { "texture": "#blackmushroom", "uv": [ 9.0, 11.0, 10.0, 12.0 ], "windMode": [-1,-1,-1,-1] },
						"down": { "texture": "#blackmushroom", "uv": [ 14.0, 12.5, 15.0, 13.5 ] }
					},
					"children": [
						{
							"name": "stem",
							"from": [ 0.0, 1.7, 0.0 ],
							"to": [ 1.4, 3.2, 1.4 ],
							"rotationOrigin": [ 0.7, 1.7, 0.7 ],
							"rotationX": 11.0,
							"rotationZ": 6.0,
							"faces": {
								"north": { "texture": "#blackmushroom", "uv": [ 10.0, 8.5, 11.0, 10.0 ] },
								"east": { "texture": "#blackmushroom", "uv": [ 9.5, 9.5, 10.5, 11.0 ] },
								"south": { "texture": "#blackmushroom", "uv": [ 10.0, 11.0, 11.0, 12.5 ] },
								"west": { "texture": "#blackmushroom", "uv": [ 9.5, 10.0, 10.5, 11.5 ] }
							},
							"children": [
								{
									"name": "cap",
									"from": [ -1.3, 1.3, -1.3 ],
									"to": [ 2.7, 2.3, 2.7 ],
									"rotationOrigin": [ 0.7, 1.3, 0.7 ],
									"rotationY": 14.0,
									"rotationZ": -28.0,
									"faces": {
										"north": { "texture": "#blackmushroom", "uv": [ 5.5, 5.0, 9.5, 6.0 ] },
										"east": { "texture": "#blackmushroom", "uv": [ 4.5, 4.5, 8.5, 5.5 ] },
										"south": { "texture": "#blackmushroom", "uv": [ 6.5, 5.0, 10.5, 6.0 ] },
										"west": { "texture": "#blackmushroom", "uv": [ 10.5, 4.0, 14.5, 5.0 ] },
										"up": { "texture": "#blackmushroom", "uv": [ 8.5, 2.5, 12.5, 6.5 ] },
										"down": { "texture": "#pores", "uv": [ 3.5, 11.0, 7.5, 15.0 ] }
									}
								}
							]
						}
					]
				},
				{
					"name": "med18",
					"from": [ 1.2, 7.8, 8.0 ],
					"to": [ 2.7, 9.8, 9.5 ],
					"rotationOrigin": [ 2.0, 7.8, 8.7 ],
					"rotationX": -55.0,
					"rotationY": 36.0,
					"faces": {
						"north": { "texture": "#blackmushroom", "uv": [ 11.0, 10.0, 12.5, 12.0 ] },
						"east": { "texture": "#blackmushroom", "uv": [ 13.5, 10.5, 15.0, 12.5 ] },
						"south": { "texture": "#blackmushroom", "uv": [ 9.0, 12.0, 10.5, 14.0 ] },
						"west": { "texture": "#blackmushroom", "uv": [ 9.0, 12.0, 10.5, 14.0 ] },
						"up": { "texture": "#blackmushroom", "uv": [ 10.0, 12.0, 11.5, 13.5 ], "windMode": [-1,-1,-1,-1] },
						"down": { "texture": "#blackmushroom", "uv": [ 14.5, 13.5, 16.0, 15.0 ] }
					},
					"children": [
						{
							"name": "cap19",
							"from": [ -0.5, 1.7, -0.5 ],
							"to": [ 2.0, 3.7, 2.0 ],
							"rotationOrigin": [ 0.8, 1.7, 0.8 ],
							"rotationX": 10.0,
							"rotationZ": -19.0,
							"faces": {
								"north": { "texture": "#blackmushroom", "uv": [ 12.5, 5.5, 15.0, 7.5 ] },
								"east": { "texture": "#blackmushroom", "uv": [ 10.0, 4.5, 12.5, 6.5 ] },
								"south": { "texture": "#blackmushroom", "uv": [ 10.5, 5.0, 13.0, 7.0 ] },
								"west": { "texture": "#blackmushroom", "uv": [ 8.0, 5.0, 10.5, 7.0 ] },
								"up": { "texture": "#blackmushroom", "uv": [ 10.0, 4.0, 12.5, 6.5 ] },
								"down": { "texture": "#pores", "uv": [ 4.0, 9.0, 6.5, 11.5 ] }
							},
							"children": [
								{
									"name": "captop20",
									"from": [ 0.5, 2.0, 0.5 ],
									"to": [ 2.1, 2.5, 2.1 ],
									"rotationOrigin": [ 0.5, 1.9, 0.5 ],
									"faces": {
										"north": { "texture": "#blackmushroom", "uv": [ 11.5, 4.5, 13.0, 5.0 ] },
										"east": { "texture": "#blackmushroom", "uv": [ 10.5, 5.5, 12.0, 6.0 ] },
										"south": { "texture": "#blackmushroom", "uv": [ 11.0, 6.0, 12.5, 6.5 ] },
										"west": { "texture": "#blackmushroom", "uv": [ 11.0, 5.0, 12.5, 5.5 ] },
										"up": { "texture": "#blackmushroom", "uv": [ 10.0, 4.0, 11.5, 5.5 ] }
									}
								}
							]
						}
					]
				},
				{
					"name": "small22",
					"from": [ 3.0, 11.9, 8.0 ],
					"to": [ 4.0, 12.9, 9.0 ],
					"rotationOrigin": [ 3.5, 11.9, 8.4 ],
					"rotationX": -67.0,
					"rotationY": 3.0,
					"faces": {
						"north": { "texture": "#blackmushroom", "uv": [ 11.5, 12.0, 12.5, 13.0 ] },
						"east": { "texture": "#blackmushroom", "uv": [ 10.5, 10.0, 11.5, 11.0 ] },
						"south": { "texture": "#blackmushroom", "uv": [ 11.0, 10.5, 12.0, 11.5 ] },
						"west": { "texture": "#blackmushroom", "uv": [ 11.0, 12.0, 12.0, 13.0 ] },
						"up": { "texture": "#blackmushroom", "uv": [ 10.0, 11.0, 11.0, 12.0 ], "windMode": [-1,-1,-1,-1] },
						"down": { "texture": "#blackmushroom", "uv": [ 9.5, 12.5, 10.5, 13.5 ] }
					},
					"children": [
						{
							"name": "cap23",
							"from": [ -0.5, 0.8, -0.5 ],
							"to": [ 1.5, 2.3, 1.5 ],
							"rotationOrigin": [ 0.5, 0.8, 0.5 ],
							"rotationX": 17.0,
							"rotationZ": 6.0,
							"faces": {
								"north": { "texture": "#blackmushroom", "uv": [ 10.0, 5.0, 12.0, 6.5 ] },
								"east": { "texture": "#blackmushroom", "uv": [ 9.0, 4.0, 11.0, 5.5 ] },
								"south": { "texture": "#blackmushroom", "uv": [ 9.5, 4.5, 11.5, 6.0 ] },
								"west": { "texture": "#blackmushroom", "uv": [ 10.0, 5.0, 12.0, 6.5 ] },
								"up": { "texture": "#blackmushroom", "uv": [ 10.0, 4.5, 12.0, 6.5 ] },
								"down": { "texture": "#pores", "uv": [ 4.0, 11.5, 6.0, 13.5 ] }
							}
						}
					]
				},
				{
					"name": "voxel27",
					"from": [ -3.0, 13.0, 7.0 ],
					"to": [ -2.0, 14.0, 8.0 ],
					"rotationOrigin": [ -2.5, 13.0, 7.5 ],
					"rotationY": -8.0,
					"faces": {
						"north": { "texture": "#blackmushroom", "uv": [ 8.5, 4.5, 9.5, 5.5 ] },
						"east": { "texture": "#blackmushroom", "uv": [ 10.5, 2.5, 11.5, 3.5 ] },
						"south": { "texture": "#blackmushroom", "uv": [ 9.5, 4.5, 10.5, 5.5 ] },
						"west": { "texture": "#blackmushroom", "uv": [ 9.5, 4.0, 10.5, 5.0 ] },
						"up": { "texture": "#blackmushroom", "uv": [ 11.0, 5.0, 12.0, 6.0 ] },
						"down": { "texture": "#pores", "uv": [ 5.5, 11.5, 6.5, 12.5 ] }
					}
				},
				{
					"name": "voxel",
					"from": [ 1.0, 4.0, 7.0 ],
					"to": [ 2.0, 5.0, 8.0 ],
					"rotationOrigin": [ 1.5, 4.0, 7.5 ],
					"rotationY": -28.0,
					"faces": {
						"north": { "texture": "#blackmushroom", "uv": [ 2.0, 5.5, 3.0, 6.5 ] },
						"east": { "texture": "#blackmushroom", "uv": [ 4.5, 2.5, 5.5, 3.5 ] },
						"south": { "texture": "#blackmushroom", "uv": [ 5.5, 4.5, 6.5, 5.5 ] },
						"west": { "texture": "#blackmushroom", "uv": [ 1.0, 3.0, 2.0, 4.0 ] },
						"up": { "texture": "#blackmushroom", "uv": [ 4.5, 4.0, 5.5, 5.0 ] },
						"down": { "texture": "#pores", "uv": [ 3.5, 12.0, 4.5, 13.0 ] }
					}
				},
				{
					"name": "voxel25",
					"from": [ 0.0, 14.0, 7.1 ],
					"to": [ 1.0, 15.0, 8.1 ],
					"rotationOrigin": [ 0.5, 14.0, 7.6 ],
					"rotationY": -8.0,
					"faces": {
						"north": { "texture": "#blackmushroom", "uv": [ 4.0, 13.5, 5.0, 14.5 ] },
						"east": { "texture": "#blackmushroom", "uv": [ 2.0, 14.0, 3.0, 15.0 ] },
						"south": { "texture": "#blackmushroom", "uv": [ 3.5, 14.0, 4.5, 15.0 ] },
						"west": { "texture": "#blackmushroom", "uv": [ 2.0, 14.5, 3.0, 15.5 ] },
						"up": { "texture": "#blackmushroom", "uv": [ 4.5, 11.0, 5.5, 12.0 ] },
						"down": { "texture": "#pores", "uv": [ 5.0, 12.0, 6.0, 13.0 ] }
					}
				},
				{
					"name": "voxel26",
					"from": [ 4.0, 9.0, 7.3 ],
					"to": [ 5.0, 10.0, 8.3 ],
					"rotationOrigin": [ 4.5, 9.0, 7.8 ],
					"rotationX": -10.0,
					"rotationY": 14.0,
					"faces": {
						"north": { "texture": "#blackmushroom", "uv": [ 8.5, 4.5, 9.5, 5.5 ] },
						"east": { "texture": "#blackmushroom", "uv": [ 10.5, 2.5, 11.5, 3.5 ] },
						"south": { "texture": "#blackmushroom", "uv": [ 9.5, 4.5, 10.5, 5.5 ] },
						"west": { "texture": "#blackmushroom", "uv": [ 9.5, 4.0, 10.5, 5.0 ] },
						"up": { "texture": "#blackmushroom", "uv": [ 11.0, 5.0, 12.0, 6.0 ] },
						"down": { "texture": "#pores", "uv": [ 3.0, 11.5, 4.0, 12.5 ] }
					}
				}
			]
		}
	]}