{
  "game:clothes-emblem-falcon": { "origin": { "x": 0.5, "y": 0, "z": 0.5 }, "translation": { "x": -1.38, "y": -0.15, "z": -0.02 }, "rotation": { "x": 0, "y": 0, "z": -90 } },
  "game:clothes-emblem-silver-brooch": { "origin": { "x": 0.5, "y": 0, "z": 0.5 }, "translation": { "x": -1.4, "y": -0.14, "z": 0.05 }, "rotation": { "x": 0, "y": 0, "z": -90 } },
  "game:clothes-emblem-squire-emblem": { "origin": { "x": 0.5, "y": 0, "z": 0.5 }, "translation": { "x": -1.4, "y": -0.14, "z": 0.09 }, "rotation": { "x": 0, "y": 0, "z": -90 } },
  "game:clothes-emblem-prince-emblem": { "origin": { "x": 0.5, "y": 0, "z": 0.5 }, "translation": { "x": -1.4, "y": -0.14, "z": 0.08 }, "rotation": { "x": 0, "y": 0, "z": -90 } },
  "game:clothes-emblem-silver-star": { "origin": { "x": 0.5, "y": 0, "z": 0.5 }, "translation": { "x": -1.38, "y": -0.14, "z": 0.075 }, "rotation": { "x": 0, "y": 0, "z": -90 } },
  "game:clothes-emblem-royal-pin": { "origin": { "x": 0.5, "y": 0, "z": 0.5 }, "translation": { "x": -1.4, "y": -0.14, "z": 0.08 }, "rotation": { "x": 0, "y": 0, "z": -90 } },
  "game:clothes-emblem-blackguard-pin": { "origin": { "x": 0.5, "y": 0, "z": 0.5 }, "translation": { "x": -1.4, "y": -0.14, "z": 0.09 }, "rotation": { "x": 0, "y": 0, "z": -90 } },
  "game:clothes-emblem-fibula": { "origin": { "x": 0.5, "y": 0, "z": 0.5 }, "translation": { "x": -1.425, "y": -0.14, "z": 0.08 }, "rotation": { "x": 0, "y": 0, "z": -90 } },
  "game:clothes-emblem-blue-seal": { "origin": { "x": 0.5, "y": 0, "z": 0.5 }, "translation": { "x": -1.3, "y": -0.14, "z": 0.09 }, "rotation": { "x": 0, "y": 0, "z": -90 } },
  "game:clothes-emblem-messenger-pin": { "origin": { "x": 0.5, "y": 0, "z": 0.5 }, "translation": { "x": -1.4, "y": -0.14, "z": 0.09 }, "rotation": { "x": 0, "y": 0, "z": -90 } },
  "game:clothes-emblem-silver-pin": { "origin": { "x": 0.5, "y": 0, "z": 0.5 }, "translation": { "x": -1.4, "y": -0.14, "z": 0.06 }, "rotation": { "x": 0, "y": 0, "z": -90 } },
  "game:clothes-emblem-lily": { "origin": { "x": 0.5, "y": 0, "z": 0.5 }, "translation": { "x": -1.41, "y": -0.14, "z": -0.11 }, "rotation": { "x": 0, "y": 0, "z": -90 } },
  "game:clothes-butterflypin-*": { "origin": { "x": 0.5, "y": 0, "z": 0.5 }, "translation": { "x": -1.31, "y": -0.14, "z": -0.1 }, "rotation": { "x": 0, "y": 0, "z": -90 } },
  "game:clothes-emblem-brass-ruby-brooch": { "origin": { "x": 0.5, "y": 0, "z": 0.5 }, "translation": { "x": -1.31, "y": -0.135, "z": -0.02 }, "rotation": { "x": 0, "y": 0, "z": -90 } }
}