{
	"editor": {
		"backDropShape": "entity/land/hooved/deer/elk/female",
		"allAngles": true,
		"entityTextureMode": true
	},
	"textureWidth": 80,
	"textureHeight": 116,
	"textureSizes": {
		"skin": [80,116]
	},
	"textures": {
		"skin": "entity/hooved/deer/elk-adult"
	},
	"elements": [
		{
			"name": "Neck2ORIGIN",
			"stepParentName": "Neck2",
			"from": [ 0.0, 0.0, 0.0 ],
			"to": [ 5.0, 7.0, 4.0 ],
			"unwrapMode": 2,
			"uv": [ 11.0, 2.5 ],
			"faces": {
				"north": { "texture": "#skin", "uv": [ 20.0, 7.5, 25.0, 14.5 ] },
				"east": { "texture": "#skin", "uv": [ 16.0, 7.5, 20.0, 14.5 ] },
				"south": { "texture": "#skin", "uv": [ 11.0, 7.5, 16.0, 14.5 ] },
				"west": { "texture": "#skin", "uv": [ 25.0, 7.5, 29.0, 14.5 ] },
				"up": { "texture": "#skin", "uv": [ 16.0, 2.5, 20.0, 7.5 ], "rotation": 270 }
			},
			"children": [
				{
					"name": "Neck2Fringe",
					"from": [ -2.0, 0.0, 1.5 ],
					"to": [ 0.0, 6.0, 2.5 ],
					"unwrapMode": 3,
					"unwrapRotation": 1,
					"uv": [ 29.5, 91.5 ],
					"rotationOrigin": [ -2.0, 0.0, 1.5 ],
					"faces": {
						"north": { "texture": "#skin", "uv": [ 35.5, 91.5, 41.5, 93.5 ], "rotation": 270 },
						"south": { "texture": "#skin", "uv": [ 29.5, 91.5, 35.5, 93.5 ], "rotation": 90 }
					}
				},
				{
					"name": "neck2taperS",
					"from": [ -0.7, 0.0, 1.0 ],
					"to": [ 5.3, 5.5, 4.0 ],
					"unwrapMode": 3,
					"uv": [ 13.0, 20.5 ],
					"rotationOrigin": [ 5.3, 5.5, 4.0 ],
					"rotationX": -13.0,
					"rotationY": 1.0,
					"faces": {
						"north": { "texture": "#skin", "uv": [ 25.0, 23.5, 31.0, 29.0 ] },
						"east": { "texture": "#skin", "uv": [ 22.0, 23.5, 25.0, 29.0 ] },
						"south": { "texture": "#skin", "uv": [ 16.0, 23.5, 22.0, 29.0 ] },
						"west": { "texture": "#skin", "uv": [ 13.0, 23.5, 16.0, 29.0 ] },
						"up": { "texture": "#skin", "uv": [ 16.0, 20.5, 22.0, 23.5 ] },
						"down": { "texture": "#skin", "uv": [ 16.0, 29.0, 22.0, 32.0 ], "rotation": 180 }
					}
				},
				{
					"name": "neck2taperN",
					"from": [ -0.7, 0.0, 0.0 ],
					"to": [ 5.3, 5.5, 3.0 ],
					"unwrapMode": 3,
					"uv": [ 11.0, 20.5 ],
					"rotationOrigin": [ 5.3, 5.5, 0.0 ],
					"rotationX": 13.0,
					"rotationY": -1.0,
					"faces": {
						"north": { "texture": "#skin", "uv": [ 23.0, 23.5, 29.0, 29.0 ] },
						"east": { "texture": "#skin", "uv": [ 20.0, 23.5, 23.0, 29.0 ] },
						"south": { "texture": "#skin", "uv": [ 14.0, 23.5, 20.0, 29.0 ] },
						"west": { "texture": "#skin", "uv": [ 11.0, 23.5, 14.0, 29.0 ] },
						"up": { "texture": "#skin", "uv": [ 14.0, 20.5, 20.0, 23.5 ] },
						"down": { "texture": "#skin", "uv": [ 14.0, 29.0, 20.0, 32.0 ], "rotation": 180 }
					}
				}
			]
		},
		{
			"name": "neck1ORIGIN",
			"stepParentName": "Neck",
			"from": [ 0.0, 0.0, 0.0 ],
			"to": [ 6.5, 8.0, 5.0 ],
			"unwrapMode": 2,
			"uv": [ 9.0, 17.5 ],
			"faces": {
				"north": { "texture": "#skin", "uv": [ 20.5, 24.0, 27.0, 32.0 ], "windMode": [-1,-1,-1,-1], "windData": [0,0,1,0] },
				"east": { "texture": "#skin", "uv": [ 15.5, 24.0, 20.5, 32.0 ], "windMode": [-1,-1,-1,-1], "windData": [1,0,0,1] },
				"south": { "texture": "#skin", "uv": [ 9.0, 24.0, 15.5, 32.0 ] },
				"west": { "texture": "#skin", "uv": [ 27.0, 24.0, 32.0, 32.0 ] },
				"up": { "texture": "#skin", "uv": [ 15.5, 17.5, 20.5, 24.0 ], "rotation": 270 }
			},
			"children": [
				{
					"name": "Neck1Fringe",
					"from": [ -2.0, 0.0, 2.0 ],
					"to": [ 0.0, 8.0, 3.0 ],
					"unwrapMode": 3,
					"unwrapRotation": 1,
					"uv": [ 22.5, 91.5 ],
					"rotationOrigin": [ -2.0, 0.0, 2.0 ],
					"faces": {
						"north": { "texture": "#skin", "uv": [ 30.5, 91.5, 38.5, 93.5 ], "rotation": 270 },
						"south": { "texture": "#skin", "uv": [ 22.5, 91.5, 30.5, 93.5 ], "rotation": 90, "windMode": [-1,-1,-1,-1], "windData": [0,0,1,1] }
					}
				},
				{
					"name": "neck1taperS",
					"from": [ -0.5, 0.0, 1.5 ],
					"to": [ 7.0, 8.0, 5.0 ],
					"unwrapMode": 3,
					"autoUnwrap": false,
					"uv": [ 11.5, 20.5 ],
					"rotationOrigin": [ 7.0, 8.0, 5.0 ],
					"rotationX": -8.0,
					"rotationY": 1.0,
					"faces": {
						"north": { "texture": "#skin", "uv": [ 26.0, 24.0, 33.5, 32.0 ] },
						"east": { "texture": "#skin", "uv": [ 22.5, 24.0, 26.0, 32.0 ] },
						"south": { "texture": "#skin", "uv": [ 15.0, 24.0, 22.5, 32.0 ] },
						"west": { "texture": "#skin", "uv": [ 11.5, 24.0, 15.0, 32.0 ] },
						"up": { "texture": "#skin", "uv": [ 15.0, 20.5, 22.5, 24.0 ] },
						"down": { "texture": "#skin", "uv": [ 6.5, 23.5, 14.0, 27.0 ], "rotation": 180, "windMode": [-1,-1,-1,-1], "windData": [0,1,1,0] }
					}
				},
				{
					"name": "neck1taperN",
					"from": [ -0.5, 0.0, 0.0 ],
					"to": [ 7.0, 8.0, 3.5 ],
					"unwrapMode": 3,
					"autoUnwrap": false,
					"uv": [ 10.5, 20.5 ],
					"rotationOrigin": [ 7.0, 8.0, 0.0 ],
					"rotationX": 8.0,
					"rotationY": -1.0,
					"faces": {
						"north": { "texture": "#skin", "uv": [ 25.0, 24.0, 32.5, 32.0 ] },
						"east": { "texture": "#skin", "uv": [ 21.5, 24.0, 25.0, 32.0 ] },
						"south": { "texture": "#skin", "uv": [ 14.0, 24.0, 21.5, 32.0 ] },
						"west": { "texture": "#skin", "uv": [ 10.5, 24.0, 14.0, 32.0 ] },
						"up": { "texture": "#skin", "uv": [ 14.0, 20.5, 21.5, 24.0 ] },
						"down": { "texture": "#skin", "uv": [ 6.5, 28.0, 14.0, 31.5 ], "rotation": 180, "windMode": [-1,-1,-1,-1], "windData": [0,1,1,0] }
					}
				}
			]
		}
	],
	"animations": [
	]
}