[
  {
    "file": "purposefulstorage:config/transformations/weapons/spearrack.json",
    "op": "replace", "path": "/game:spear-generic-*", "side": "server",
    "value": {
      "origin": { "x": 0.5, "y": 0, "z": 0.5 },
      "translation": { "x": 1.04, "y": 0, "z": 0.125 },
      "scaleXYZ": { "x": 0.785, "y": 0.85, "z": 0.85 }
    },
    "dependsOn": [ { "modid": "armory" } ]
  },
  {
    "file": "purposefulstorage:config/transformations/weapons/spearrack.json",
    "op": "replace", "path": "/game:spear-scrap-scrap", "side": "server",
    "value": {
      "origin": { "x": 0.5, "y": 0, "z": 0.5 },
      "translation": { "x": 1.25, "y": 0, "z": 0.125 },
      "scaleXYZ": { "x": 0.785, "y": 0.85, "z": 0.85 }
    },
    "dependsOn": [ { "modid": "armory" } ]
  },


  {
    "file": "purposefulstorage:config/transformations/weapons/longweapons.json",
    "op": "replace", "path": "/game:spear-generic-*/translation", "side": "server",
    "value": { "x": 2.05, "y": 0.01, "z": 0.04 },
    "dependsOn": [ { "modid": "armory" } ]
  },
  {
    "file": "purposefulstorage:config/transformations/weapons/longweapons.json",
    "op": "replace", "path": "/game:spear-scrap-scrap/translation", "side": "server",
    "value": { "x": 2.05, "y": 0.01, "z": 0.04 },
    "dependsOn": [ { "modid": "armory" } ]
  },
  {
    "file": "purposefulstorage:config/transformations/weapons/longweapons.json",
    "op": "replace", "path": "/game:bow-long/translation", "side": "server",
    "value": { "x": 0.885, "y": 0.009, "z": -0.05 },
    "dependsOn": [ { "modid": "armory" } ]
  },
  {
    "file": "purposefulstorage:config/transformations/weapons/longweapons.json",
    "op": "replace", "path": "/game:bow-recurve", "side": "server",
    "value": {
      "origin": { "x": 0.5, "y": 0, "z": 0.5 }, "translation": { "x": 0.885, "y": 0.035, "z": -0.125 }, "scaleXYZ": { "x": 1.1, "y": 1, "z": 1 }, "rotation": { "x": 20, "y": 0, "z": 0 }
    },
    "dependsOn": [ { "modid": "armory" } ]
  },
  {
    "file": "purposefulstorage:config/transformations/weapons/longweapons.json",
    "op": "remove", "path": "/game:spear-generic-chert", "side": "server",
    "dependsOn": [ { "modid": "armory" } ]
  },
  {
    "file": "purposefulstorage:config/transformations/weapons/longweapons.json",
    "op": "remove", "path": "/game:spear-generic-granite", "side": "server",
    "dependsOn": [ { "modid": "armory" } ]
  },
  {
    "file": "purposefulstorage:config/transformations/weapons/longweapons.json",
    "op": "remove", "path": "/game:spear-generic-andesite", "side": "server",
    "dependsOn": [ { "modid": "armory" } ]
  },
  {
    "file": "purposefulstorage:config/transformations/weapons/longweapons.json",
    "op": "remove", "path": "/game:spear-generic-basalt", "side": "server",
    "dependsOn": [ { "modid": "armory" } ]
  },
  {
    "file": "purposefulstorage:config/transformations/weapons/longweapons.json",
    "op": "remove", "path": "/game:spear-generic-obsidian", "side": "server",
    "dependsOn": [ { "modid": "armory" } ]
  },
  {
    "file": "purposefulstorage:config/transformations/weapons/longweapons.json",
    "op": "remove", "path": "/game:spear-generic-peridotite", "side": "server",
    "dependsOn": [ { "modid": "armory" } ]
  },
  {
    "file": "purposefulstorage:config/transformations/weapons/longweapons.json",
    "op": "remove", "path": "/game:spear-generic-flint", "side": "server",
    "dependsOn": [ { "modid": "armory" } ]
  },


  {
    "file": "armory:itemtypes/weapons/javelin.json",
    "op": "addmerge", "path": "/attributes/psGroup", "side": "server",
    "value": "javelin",
    "dependsOn": [ { "modid": "armory" } ]
  },
  {
    "file": "armory:itemtypes/weapons/pike.json",
    "op": "addmerge", "path": "/attributes/psGroup", "side": "server",
    "value": "pike",
    "dependsOn": [ { "modid": "armory" } ]
  }
]