{
  "textureWidth":16,
  "textureHeight":16,
  "textures":{
    "material":"game:block/metal/ingot/iron"
  },
  "textureSizes":{
    "material":[
      32,
      32
    ]
  },
  "elements":[
    {
      "name":"origin",
      "from":[
        11.0,
        0.6638624668121338,
        7.993711173534393
      ],
      "to":[
        11.0,
        0.6638624668121338,
        7.993711173534393
      ],
      "rotationOrigin":[
        8.0,
        0.0,
        8.0
      ],
      "group":"advanced_head",
      "faces":{
        "north":{
          "texture":"#0",
          "uv":[
            0,
            0,
            4,
            4
          ],
          "autoUv":false
        },
        "east":{
          "texture":"#0",
          "uv":[
            0,
            0,
            4,
            4
          ],
          "autoUv":false
        },
        "south":{
          "texture":"#0",
          "uv":[
            0,
            0,
            4,
            4
          ],
          "autoUv":false
        },
        "west":{
          "texture":"#0",
          "uv":[
            0,
            0,
            4,
            4
          ],
          "autoUv":false
        },
        "up":{
          "texture":"#material",
          "uv":[
            0.0,
            0.0,
            1.0,
            1.0
          ],
          "autoUv":false,
          "rotation":180
        },
        "down":{
          "texture":"#0",
          "uv":[
            0,
            0,
            4,
            4
          ],
          "autoUv":false
        }
      },
      "children":[
        {
          "name":"advanced_head 01",
          "from":[
            1.3291195333003998,
            0.6016896069049835,
            -0.3333379030227661
          ],
          "to":[
            1.9695521891117096,
            1.0577997863292694,
            0.3459174931049347
          ],
          "rotationOrigin":[
            1.6493358612060547,
            0.8297446966171265,
            0.006289780139923096
          ],
          "rotationX":90.00000933466734,
          "rotationY":176.1062917480505,
          "rotationZ":-0.0005075154887253451,
          "group":"advanced_head",
          "faces":{
            "north":{
              "texture":"#material",
              "uv":[
                0.0,
                32.0,
                0.0,
                32.0
              ],
              "autoUv":false
            },
            "east":{
              "texture":"#material",
              "uv":[
                0.0,
                32.0,
                0.0,
                32.0
              ],
              "autoUv":false,
              "rotation":270
            },
            "south":{
              "texture":"#material",
              "uv":[
                15.999998092651367,
                9.999998092651367,
                18.0,
                11.0
              ],
              "autoUv":false,
              "rotation":180
            },
            "west":{
              "texture":"#material",
              "uv":[
                0.0,
                32.0,
                0.0,
                32.0
              ],
              "autoUv":false,
              "rotation":90
            },
            "up":{
              "texture":"#material",
              "uv":[
                20.0,
                9.000001907348633,
                22.0,
                11.000003814697266
              ],
              "autoUv":false,
              "rotation":180
            },
            "down":{
              "texture":"#material",
              "uv":[
                20.0,
                11.000003814697266,
                22.0,
                9.000001907348633
              ],
              "autoUv":false
            }
          },
          "children":[]
        },
        {
          "name":"advanced_head 02",
          "from":[
            1.9485794603824615,
            0.5469662845134735,
            -0.3333378732204437
          ],
          "to":[
            2.5282462537288666,
            1.0022213757038116,
            0.3459174335002899
          ],
          "rotationOrigin":[
            2.238412857055664,
            0.7745938301086426,
            0.006289780139923096
          ],
          "rotationX":90.00000250447816,
          "rotationY":-6.9609574105408765,
          "rotationZ":6.981309587147934e-06,
          "group":"advanced_head",
          "faces":{
            "north":{
              "texture":"#material",
              "uv":[
                18.0,
                9.999998092651367,
                20.0,
                11.0
              ],
              "autoUv":false,
              "rotation":180
            },
            "east":{
              "texture":"#material",
              "uv":[
                0.0,
                32.0,
                0.0,
                32.0
              ],
              "autoUv":false,
              "rotation":90
            },
            "south":{
              "texture":"#material",
              "uv":[
                0.0,
                32.0,
                0.0,
                32.0
              ],
              "autoUv":false
            },
            "west":{
              "texture":"#material",
              "uv":[
                0.0,
                32.0,
                0.0,
                32.0
              ],
              "autoUv":false,
              "rotation":270
            },
            "up":{
              "texture":"#material",
              "uv":[
                22.0,
                9.000001907348633,
                24.0,
                11.000003814697266
              ],
              "autoUv":false
            },
            "down":{
              "texture":"#material",
              "uv":[
                22.0,
                11.000003814697266,
                24.0,
                9.000001907348633
              ],
              "autoUv":false,
              "rotation":180
            }
          },
          "children":[]
        },
        {
          "name":"advanced_head 03",
          "from":[
            -3.920060634613037,
            0.5325530171394348,
            -0.22129333019256592
          ],
          "to":[
            0.889695405960083,
            1.2118083536624908,
            0.2338728904724121
          ],
          "rotationOrigin":[
            -1.5151824951171875,
            0.872180700302124,
            0.006289780139923096
          ],
          "group":"advanced_head",
          "faces":{
            "north":{
              "texture":"#material",
              "uv":[
                18.0,
                9.000001907348633,
                9.999999046325684,
                11.000003814697266
              ],
              "autoUv":false
            },
            "east":{
              "texture":"#material",
              "uv":[
                0.0,
                32.0,
                0.0,
                32.0
              ],
              "autoUv":false
            },
            "south":{
              "texture":"#material",
              "uv":[
                9.999999046325684,
                9.000001907348633,
                18.0,
                11.000003814697266
              ],
              "autoUv":false
            },
            "west":{
              "texture":"#material",
              "uv":[
                0.0,
                32.0,
                0.0,
                32.0
              ],
              "autoUv":false
            },
            "up":{
              "texture":"#material",
              "uv":[
                10.0,
                9.999998092651367,
                14.0,
                11.0
              ],
              "autoUv":false
            },
            "down":{
              "texture":"#material",
              "uv":[
                0.0,
                32.0,
                0.0,
                32.0
              ],
              "autoUv":false
            }
          },
          "children":[]
        },
        {
          "name":"advanced_head 04",
          "from":[
            2.6469914317131042,
            0.3286232650279999,
            -0.3333378732204437
          ],
          "to":[
            3.1022761464118958,
            1.0486827194690704,
            0.3459174335002899
          ],
          "rotationOrigin":[
            2.8746337890625,
            0.6886529922485352,
            0.006289780139923096
          ],
          "rotationX":-90.00000933466734,
          "rotationY":8.280669486497816,
          "rotationZ":-89.99991371201895,
          "group":"advanced_head",
          "faces":{
            "north":{
              "texture":"#material",
              "uv":[
                0.0,
                32.0,
                0.0,
                32.0
              ],
              "autoUv":false,
              "rotation":270
            },
            "east":{
              "texture":"#material",
              "uv":[
                24.0,
                9.000001907348633,
                26.0,
                11.000003814697266
              ],
              "autoUv":false,
              "rotation":270
            },
            "south":{
              "texture":"#material",
              "uv":[
                20.000001907348633,
                9.999998092651367,
                22.0,
                11.0
              ],
              "autoUv":false,
              "rotation":270
            },
            "west":{
              "texture":"#material",
              "uv":[
                26.0,
                9.000001907348633,
                24.0,
                11.000003814697266
              ],
              "autoUv":false,
              "rotation":90
            },
            "up":{
              "texture":"#material",
              "uv":[
                0.0,
                32.0,
                0.0,
                32.0
              ],
              "autoUv":false,
              "rotation":180
            },
            "down":{
              "texture":"#material",
              "uv":[
                0.0,
                32.0,
                0.0,
                32.0
              ],
              "autoUv":false
            }
          },
          "children":[]
        },
        {
          "name":"advanced_head 05",
          "from":[
            -4.16539654135704,
            0.29118841886520386,
            -0.33333784341812134
          ],
          "to":[
            -3.711499363183975,
            1.0832711458206177,
            0.34591740369796753
          ],
          "rotationOrigin":[
            -3.938447952270508,
            0.6872297525405884,
            0.006289780139923096
          ],
          "rotationX":90.00000933466734,
          "rotationY":46.97486507338365,
          "rotationZ":-90.00000933466734,
          "group":"advanced_head",
          "faces":{
            "north":{
              "texture":"#material",
              "uv":[
                9.0,
                9.999998092651367,
                10.0,
                11.0
              ],
              "autoUv":false,
              "rotation":270
            },
            "east":{
              "texture":"#material",
              "uv":[
                9.999999046325684,
                9.000001907348633,
                8.0,
                11.000003814697266
              ],
              "autoUv":false,
              "rotation":90
            },
            "south":{
              "texture":"#material",
              "uv":[
                0.0,
                32.0,
                0.0,
                32.0
              ],
              "autoUv":false,
              "rotation":270
            },
            "west":{
              "texture":"#material",
              "uv":[
                8.0,
                9.000001907348633,
                9.999999046325684,
                11.000003814697266
              ],
              "autoUv":false,
              "rotation":270
            },
            "up":{
              "texture":"#material",
              "uv":[
                0.0,
                32.0,
                0.0,
                32.0
              ],
              "autoUv":false
            },
            "down":{
              "texture":"#material",
              "uv":[
                0.0,
                32.0,
                0.0,
                32.0
              ],
              "autoUv":false,
              "rotation":180
            }
          },
          "children":[]
        },
        {
          "name":"advanced_head 06",
          "from":[
            0.87088443338871,
            0.6230098158121109,
            -0.33333784341812134
          ],
          "to":[
            1.3273424953222275,
            1.1005631536245346,
            0.34591740369796753
          ],
          "rotationOrigin":[
            1.0991134643554688,
            0.8617864847183228,
            0.006289780139923096
          ],
          "rotationX":-90.00000250447816,
          "rotationY":2.5774305802424915,
          "rotationZ":90.00024156109912,
          "group":"advanced_head",
          "faces":{
            "north":{
              "texture":"#material",
              "uv":[
                0.0,
                32.0,
                0.0,
                32.0
              ],
              "autoUv":false,
              "rotation":90
            },
            "east":{
              "texture":"#material",
              "uv":[
                20.0,
                9.000001907348633,
                18.0,
                11.000003814697266
              ],
              "autoUv":false,
              "rotation":270
            },
            "south":{
              "texture":"#material",
              "uv":[
                14.0,
                9.999998092651367,
                16.0,
                11.0
              ],
              "autoUv":false,
              "rotation":90
            },
            "west":{
              "texture":"#material",
              "uv":[
                18.0,
                9.000001907348633,
                20.0,
                11.000003814697266
              ],
              "autoUv":false,
              "rotation":90
            },
            "up":{
              "texture":"#material",
              "uv":[
                0.0,
                32.0,
                0.0,
                32.0
              ],
              "autoUv":false,
              "rotation":180
            },
            "down":{
              "texture":"#material",
              "uv":[
                0.0,
                32.0,
                0.0,
                32.0
              ],
              "autoUv":false
            }
          },
          "children":[]
        },
        {
          "name":"advanced_head 07",
          "from":[
            3.210045099258423,
            0.3244399279356003,
            -0.3333379030227661
          ],
          "to":[
            4.166038244962692,
            0.7794643193483353,
            0.3459174335002899
          ],
          "rotationOrigin":[
            3.6880416870117188,
            0.5519521236419678,
            0.006289780139923096
          ],
          "rotationX":-90.00000933466734,
          "rotationY":10.484119248595194,
          "rotationZ":-1.3164499230082647e-05,
          "group":"advanced_head",
          "faces":{
            "north":{
              "texture":"#material",
              "uv":[
                0.0,
                32.0,
                0.0,
                32.0
              ],
              "autoUv":false,
              "rotation":180
            },
            "east":{
              "texture":"#material",
              "uv":[
                0.0,
                32.0,
                0.0,
                32.0
              ],
              "autoUv":false,
              "rotation":270
            },
            "south":{
              "texture":"#material",
              "uv":[
                22.0,
                9.999998092651367,
                24.0,
                11.0
              ],
              "autoUv":false
            },
            "west":{
              "texture":"#material",
              "uv":[
                0.0,
                32.0,
                0.0,
                32.0
              ],
              "autoUv":false,
              "rotation":90
            },
            "up":{
              "texture":"#material",
              "uv":[
                28.0,
                9.000001907348633,
                26.0,
                11.000003814697266
              ],
              "autoUv":false,
              "rotation":180
            },
            "down":{
              "texture":"#material",
              "uv":[
                28.0,
                11.000003814697266,
                26.0,
                9.000001907348633
              ],
              "autoUv":false
            }
          },
          "children":[]
        },
        {
          "name":"advanced_head 08",
          "from":[
            -4.4430453181266785,
            0.1965479552745819,
            -0.33333784341812134
          ],
          "to":[
            -4.1273606568574905,
            0.651342898607254,
            0.34591740369796753
          ],
          "rotationOrigin":[
            -4.285202980041504,
            0.42394542694091797,
            0.006289780139923096
          ],
          "rotationX":90.00000933466734,
          "rotationY":27.108144844019556,
          "rotationZ":-2.5431641953002417e-06,
          "group":"advanced_head",
          "faces":{
            "north":{
              "texture":"#material",
              "uv":[
                9.0,
                9.999998092651367,
                9.0,
                11.0
              ],
              "autoUv":false,
              "rotation":270
            },
            "east":{
              "texture":"#material",
              "uv":[
                0.0,
                32.0,
                0.0,
                32.0
              ],
              "autoUv":false,
              "rotation":90
            },
            "south":{
              "texture":"#material",
              "uv":[
                0.0,
                32.0,
                0.0,
                32.0
              ],
              "autoUv":false
            },
            "west":{
              "texture":"#material",
              "uv":[
                0.0,
                32.0,
                0.0,
                32.0
              ],
              "autoUv":false,
              "rotation":270
            },
            "up":{
              "texture":"#material",
              "uv":[
                7.0,
                9.000001907348633,
                8.0,
                11.000003814697266
              ],
              "autoUv":false
            },
            "down":{
              "texture":"#material",
              "uv":[
                7.0,
                11.000003814697266,
                8.0,
                9.000001907348633
              ],
              "autoUv":false,
              "rotation":180
            }
          },
          "children":[]
        },
        {
          "name":"advanced_head 09",
          "from":[
            1.3291195333003998,
            -0.40812569856643677,
            -0.3333379030227661
          ],
          "to":[
            1.9695521891117096,
            0.047984421253204346,
            0.3459174633026123
          ],
          "rotationOrigin":[
            1.6493358612060547,
            -0.1800706386566162,
            0.006289780139923096
          ],
          "rotationX":-89.99998884409983,
          "rotationY":-3.89370386939574,
          "rotationZ":7.296877607089007e-06,
          "group":"advanced_head",
          "faces":{
            "north":{
              "texture":"#material",
              "uv":[
                18.0,
                9.999998092651367,
                16.0,
                11.0
              ],
              "autoUv":false
            },
            "east":{
              "texture":"#material",
              "uv":[
                0.0,
                32.0,
                0.0,
                32.0
              ],
              "autoUv":false,
              "rotation":180
            },
            "south":{
              "texture":"#material",
              "uv":[
                0.0,
                32.0,
                0.0,
                32.0
              ],
              "autoUv":false,
              "rotation":270
            },
            "west":{
              "texture":"#material",
              "uv":[
                0.0,
                32.0,
                0.0,
                32.0
              ],
              "autoUv":false
            },
            "up":{
              "texture":"#material",
              "uv":[
                22.0,
                13.000003814697266,
                20.0,
                15.000001907348633
              ],
              "autoUv":false,
              "rotation":180
            },
            "down":{
              "texture":"#material",
              "uv":[
                22.0,
                15.000001907348633,
                20.0,
                13.000003814697266
              ],
              "autoUv":false
            }
          },
          "children":[]
        },
        {
          "name":"advanced_head 10",
          "from":[
            1.9485794603824615,
            -0.3525473177433014,
            -0.3333378732204437
          ],
          "to":[
            2.5282462537288666,
            0.10270777344703674,
            0.3459174335002899
          ],
          "rotationOrigin":[
            2.238412857055664,
            -0.12491977214813232,
            0.006289780139923096
          ],
          "rotationX":-89.99998884409983,
          "rotationY":173.03904503709452,
          "rotationZ":-0.00012839537042412205,
          "group":"advanced_head",
          "faces":{
            "north":{
              "texture":"#material",
              "uv":[
                0.0,
                32.0,
                0.0,
                32.0
              ],
              "autoUv":false,
              "rotation":270
            },
            "east":{
              "texture":"#material",
              "uv":[
                0.0,
                32.0,
                0.0,
                32.0
              ],
              "autoUv":false
            },
            "south":{
              "texture":"#material",
              "uv":[
                20.0,
                9.999998092651367,
                18.0,
                11.0
              ],
              "autoUv":false
            },
            "west":{
              "texture":"#material",
              "uv":[
                0.0,
                32.0,
                0.0,
                32.0
              ],
              "autoUv":false,
              "rotation":180
            },
            "up":{
              "texture":"#material",
              "uv":[
                24.0,
                13.000003814697266,
                22.0,
                15.000001907348633
              ],
              "autoUv":false
            },
            "down":{
              "texture":"#material",
              "uv":[
                24.0,
                15.000001907348633,
                22.0,
                13.000003814697266
              ],
              "autoUv":false,
              "rotation":180
            }
          },
          "children":[]
        },
        {
          "name":"advanced_head 11",
          "from":[
            -3.920060634613037,
            -0.5621342957019806,
            -0.22129333019256592
          ],
          "to":[
            0.889695405960083,
            0.11712110042572021,
            0.2338728904724121
          ],
          "rotationOrigin":[
            -1.5151824951171875,
            -0.22250661253929138,
            0.006289780139923096
          ],
          "group":"advanced_head",
          "faces":{
            "north":{
              "texture":"#material",
              "uv":[
                18.0,
                13.000003814697266,
                9.999999046325684,
                15.000001907348633
              ],
              "autoUv":false
            },
            "east":{
              "texture":"#material",
              "uv":[
                0.0,
                32.0,
                0.0,
                32.0
              ],
              "autoUv":false,
              "rotation":270
            },
            "south":{
              "texture":"#material",
              "uv":[
                9.999999046325684,
                13.000003814697266,
                18.0,
                15.000001907348633
              ],
              "autoUv":false
            },
            "west":{
              "texture":"#material",
              "uv":[
                0.0,
                32.0,
                0.0,
                32.0
              ],
              "autoUv":false,
              "rotation":270
            },
            "up":{
              "texture":"#material",
              "uv":[
                0.0,
                32.0,
                0.0,
                32.0
              ],
              "autoUv":false,
              "rotation":270
            },
            "down":{
              "texture":"#material",
              "uv":[
                10.0,
                11.0,
                14.0,
                9.999998092651367
              ],
              "autoUv":false,
              "rotation":180
            }
          },
          "children":[]
        },
        {
          "name":"advanced_head 12",
          "from":[
            2.6469320356845856,
            -0.3990086615085602,
            -0.33333784341812134
          ],
          "to":[
            3.1023355424404144,
            0.3210507929325104,
            0.34591740369796753
          ],
          "rotationOrigin":[
            2.8746337890625,
            -0.0389789342880249,
            0.006289780139923096
          ],
          "rotationX":-89.999995674289,
          "rotationY":-8.28066607140323,
          "rotationZ":89.99996152334315,
          "group":"advanced_head",
          "faces":{
            "north":{
              "texture":"#material",
              "uv":[
                22.0,
                9.999998092651367,
                20.0,
                11.0
              ],
              "autoUv":false,
              "rotation":270
            },
            "east":{
              "texture":"#material",
              "uv":[
                26.0,
                13.000003814697266,
                24.0,
                15.000001907348633
              ],
              "autoUv":false,
              "rotation":270
            },
            "south":{
              "texture":"#material",
              "uv":[
                0.0,
                32.0,
                0.0,
                32.0
              ],
              "autoUv":false
            },
            "west":{
              "texture":"#material",
              "uv":[
                24.0,
                13.000003814697266,
                26.0,
                15.000001907348633
              ],
              "autoUv":false,
              "rotation":90
            },
            "up":{
              "texture":"#material",
              "uv":[
                0.0,
                32.0,
                0.0,
                32.0
              ],
              "autoUv":false,
              "rotation":90
            },
            "down":{
              "texture":"#material",
              "uv":[
                0.0,
                32.0,
                0.0,
                32.0
              ],
              "autoUv":false,
              "rotation":270
            }
          },
          "children":[]
        },
        {
          "name":"advanced_head 13",
          "from":[
            -4.165275558829308,
            -0.4335970878601074,
            -0.3333378732204437
          ],
          "to":[
            -3.711620345711708,
            0.3584856688976288,
            0.3459174335002899
          ],
          "rotationOrigin":[
            -3.938447952270508,
            -0.037555694580078125,
            0.006289780139923096
          ],
          "rotationX":90.00000933466734,
          "rotationY":-46.97487190357282,
          "rotationZ":90.00000933466734,
          "group":"advanced_head",
          "faces":{
            "north":{
              "texture":"#material",
              "uv":[
                0.0,
                32.0,
                0.0,
                32.0
              ],
              "autoUv":false
            },
            "east":{
              "texture":"#material",
              "uv":[
                8.0,
                13.000003814697266,
                9.999999046325684,
                15.000001907348633
              ],
              "autoUv":false,
              "rotation":90
            },
            "south":{
              "texture":"#material",
              "uv":[
                10.0,
                9.999998092651367,
                9.0,
                11.0
              ],
              "autoUv":false,
              "rotation":270
            },
            "west":{
              "texture":"#material",
              "uv":[
                9.999999046325684,
                13.000003814697266,
                8.0,
                15.000001907348633
              ],
              "autoUv":false,
              "rotation":270
            },
            "up":{
              "texture":"#material",
              "uv":[
                0.0,
                32.0,
                0.0,
                32.0
              ],
              "autoUv":false,
              "rotation":270
            },
            "down":{
              "texture":"#material",
              "uv":[
                0.0,
                32.0,
                0.0,
                32.0
              ],
              "autoUv":false,
              "rotation":90
            }
          },
          "children":[]
        },
        {
          "name":"advanced_head 14",
          "from":[
            0.87088443338871,
            -0.45088911056518555,
            -0.33333784341812134
          ],
          "to":[
            1.3273424953222275,
            0.026664257049560547,
            0.34591740369796753
          ],
          "rotationOrigin":[
            1.0991134643554688,
            -0.2121124267578125,
            0.006289780139923096
          ],
          "rotationX":-90.0000161648565,
          "rotationY":-2.5774237500533212,
          "rotationZ":-90.00037133469334,
          "group":"advanced_head",
          "faces":{
            "north":{
              "texture":"#material",
              "uv":[
                16.0,
                9.999998092651367,
                14.0,
                11.0
              ],
              "autoUv":false,
              "rotation":90
            },
            "east":{
              "texture":"#material",
              "uv":[
                18.0,
                13.000003814697266,
                20.0,
                15.000001907348633
              ],
              "autoUv":false,
              "rotation":270
            },
            "south":{
              "texture":"#material",
              "uv":[
                0.0,
                32.0,
                0.0,
                32.0
              ],
              "autoUv":false,
              "rotation":180
            },
            "west":{
              "texture":"#material",
              "uv":[
                20.0,
                13.000003814697266,
                18.0,
                15.000001907348633
              ],
              "autoUv":false,
              "rotation":90
            },
            "up":{
              "texture":"#material",
              "uv":[
                0.0,
                32.0,
                0.0,
                32.0
              ],
              "autoUv":false,
              "rotation":90
            },
            "down":{
              "texture":"#material",
              "uv":[
                0.0,
                32.0,
                0.0,
                32.0
              ],
              "autoUv":false,
              "rotation":270
            }
          },
          "children":[]
        },
        {
          "name":"advanced_head 15",
          "from":[
            3.2100451290607452,
            -0.1299055814743042,
            -0.3333379626274109
          ],
          "to":[
            4.166038274765015,
            0.3253495693206787,
            0.3459175229072571
          ],
          "rotationOrigin":[
            3.6880416870117188,
            0.09772199392318726,
            0.006289780139923096
          ],
          "rotationX":89.99997518372149,
          "rotationY":-169.5158831990402,
          "rotationZ":-0.00018447747048164993,
          "group":"advanced_head",
          "faces":{
            "north":{
              "texture":"#material",
              "uv":[
                24.0,
                9.999998092651367,
                22.0,
                11.0
              ],
              "autoUv":false,
              "rotation":180
            },
            "east":{
              "texture":"#material",
              "uv":[
                0.0,
                32.0,
                0.0,
                32.0
              ],
              "autoUv":false,
              "rotation":180
            },
            "south":{
              "texture":"#material",
              "uv":[
                0.0,
                32.0,
                0.0,
                32.0
              ],
              "autoUv":false,
              "rotation":90
            },
            "west":{
              "texture":"#material",
              "uv":[
                0.0,
                32.0,
                0.0,
                32.0
              ],
              "autoUv":false
            },
            "up":{
              "texture":"#material",
              "uv":[
                26.0,
                13.000003814697266,
                28.0,
                15.000001907348633
              ],
              "autoUv":false,
              "rotation":180
            },
            "down":{
              "texture":"#material",
              "uv":[
                26.0,
                15.000001907348633,
                28.0,
                13.000003814697266
              ],
              "autoUv":false
            }
          },
          "children":[]
        },
        {
          "name":"advanced_head 16",
          "from":[
            -4.44304533302784,
            -0.0015547871589660645,
            -0.3333379030227661
          ],
          "to":[
            -4.127360627055168,
            0.45301204919815063,
            0.3459174633026123
          ],
          "rotationOrigin":[
            -4.285202980041504,
            0.22572863101959229,
            0.006289780139923096
          ],
          "rotationX":-89.999995674289,
          "rotationY":-152.89185845738947,
          "rotationZ":5.274586287307183e-06,
          "group":"advanced_head",
          "faces":{
            "north":{
              "texture":"#material",
              "uv":[
                0.0,
                32.0,
                0.0,
                32.0
              ],
              "autoUv":false,
              "rotation":270
            },
            "east":{
              "texture":"#material",
              "uv":[
                0.0,
                32.0,
                0.0,
                32.0
              ],
              "autoUv":false
            },
            "south":{
              "texture":"#material",
              "uv":[
                9.0,
                9.999998092651367,
                9.0,
                11.0
              ],
              "autoUv":false
            },
            "west":{
              "texture":"#material",
              "uv":[
                0.0,
                32.0,
                0.0,
                32.0
              ],
              "autoUv":false,
              "rotation":180
            },
            "up":{
              "texture":"#material",
              "uv":[
                8.0,
                13.000003814697266,
                7.0,
                15.000001907348633
              ],
              "autoUv":false
            },
            "down":{
              "texture":"#material",
              "uv":[
                8.0,
                15.000001907348633,
                7.0,
                13.000003814697266
              ],
              "autoUv":false,
              "rotation":180
            }
          },
          "children":[]
        },
        {
          "name":"advanced_head 17",
          "from":[
            -4.0378217697143555,
            -0.14925801753997803,
            -0.2211122214794159
          ],
          "to":[
            4.219857215881348,
            0.7989323139190674,
            0.23369178175926208
          ],
          "rotationOrigin":[
            0.0910177230834961,
            0.3248371481895447,
            0.006289780139923096
          ],
          "group":"advanced_head",
          "faces":{
            "north":{
              "texture":"#material",
              "uv":[
                28.0,
                11.000003814697266,
                9.999999046325684,
                13.000003814697266
              ],
              "autoUv":false
            },
            "east":{
              "texture":"#material",
              "uv":[
                13.951448440551758,
                14.048551559448242,
                18.048551559448242,
                18.14565372467041
              ],
              "autoUv":false,
              "rotation":270
            },
            "south":{
              "texture":"#material",
              "uv":[
                9.999999046325684,
                11.000003814697266,
                28.0,
                13.000003814697266
              ],
              "autoUv":false
            },
            "west":{
              "texture":"#material",
              "uv":[
                13.951448440551758,
                5.854347229003906,
                18.048551559448242,
                9.951448440551758
              ],
              "autoUv":false,
              "rotation":270
            },
            "up":{
              "texture":"#material",
              "uv":[
                18.048551559448242,
                9.951448440551758,
                22.145652770996094,
                14.048551559448242
              ],
              "autoUv":false,
              "rotation":270
            },
            "down":{
              "texture":"#material",
              "uv":[
                13.951448440551758,
                14.048551559448242,
                9.85434627532959,
                9.951448440551758
              ],
              "autoUv":false,
              "rotation":270
            }
          },
          "children":[]
        },
        {
          "name":"advanced_head 18",
          "from":[
            -5.524381875991821,
            -0.0046659111976623535,
            -0.22157807648181915
          ],
          "to":[
            -3.6668107509613037,
            0.6543399691581726,
            0.23415763676166534
          ],
          "rotationOrigin":[
            -4.5955963134765625,
            0.3248370289802551,
            0.006289780139923096
          ],
          "group":"advanced_head",
          "faces":{
            "north":{
              "texture":"#material",
              "uv":[
                9.999999046325684,
                11.000003814697266,
                6.0,
                13.000003814697266
              ],
              "autoUv":false
            },
            "east":{
              "texture":"#material",
              "uv":[
                13.97318172454834,
                17.97318172454834,
                18.026817321777344,
                22.02681827545166
              ],
              "autoUv":false,
              "rotation":270
            },
            "south":{
              "texture":"#material",
              "uv":[
                6.0,
                11.000003814697266,
                9.999999046325684,
                13.000003814697266
              ],
              "autoUv":false
            },
            "west":{
              "texture":"#material",
              "uv":[
                15.0,
                6.0,
                17.0,
                8.0
              ],
              "autoUv":false,
              "rotation":270
            },
            "up":{
              "texture":"#material",
              "uv":[
                8.0,
                9.999998092651367,
                10.0,
                11.0
              ],
              "autoUv":false
            },
            "down":{
              "texture":"#material",
              "uv":[
                8.0,
                11.0,
                10.0,
                9.999998092651367
              ],
              "autoUv":false,
              "rotation":180
            }
          },
          "children":[]
        },
        {
          "name":"advanced_head 19",
          "from":[
            4.058899685740471,
            -0.14925813674926758,
            -0.1546669751405716
          ],
          "to":[
            4.380814507603645,
            0.7989321351051331,
            0.16724653542041779
          ],
          "rotationOrigin":[
            4.219857215881348,
            0.32483696937561035,
            0.006289780139923096
          ],
          "rotationY":45.00000125223908,
          "group":"advanced_head",
          "faces":{
            "north":{
              "texture":"#material",
              "uv":[
                0.0,
                32.0,
                0.0,
                32.0
              ],
              "autoUv":false
            },
            "east":{
              "texture":"#material",
              "uv":[
                29.0,
                11.000003814697266,
                28.0,
                13.000003814697266
              ],
              "autoUv":false
            },
            "south":{
              "texture":"#material",
              "uv":[
                28.0,
                11.000003814697266,
                29.0,
                13.000003814697266
              ],
              "autoUv":false
            },
            "west":{
              "texture":"#material",
              "uv":[
                0.0,
                20.8421049118042,
                0.0,
                20.8421049118042
              ],
              "autoUv":false
            },
            "up":{
              "texture":"#material",
              "uv":[
                24.0,
                9.999998092651367,
                24.0,
                11.0
              ],
              "autoUv":false,
              "rotation":90
            },
            "down":{
              "texture":"#material",
              "uv":[
                24.0,
                11.0,
                24.0,
                9.999998092651367
              ],
              "autoUv":false,
              "rotation":180
            }
          },
          "children":[]
        }
      ]
    }
  ],
  "groups":[]
}