[
  {
    "file": "game:entities/nonliving/boat-raft",
    "side": "Server",
    "op": "add",
    "path": "/client/behaviors/-",
    "value": {
      "code": "carryon:attachablecarryable"
    }
  },
  {
    "file": "game:entities/nonliving/boat-raft",
    "side": "Server",
    "op": "add",
    "path": "/server/behaviors/-",
    "value": {
      "code": "carryon:attachablecarryable"
    }
  },
  {
    "file": "game:entities/nonliving/boat-sailed",
    "side": "Server",
    "op": "add",
    "path": "/client/behaviors/-",
    "value": {
      "code": "carryon:attachablecarryable"
    }
  },
  {
    "file": "game:entities/nonliving/boat-sailed",
    "side": "Server",
    "op": "add",
    "path": "/server/behaviors/-",
    "value": {
      "code": "carryon:attachablecarryable"
    }
  } 

]