[
	{
		"name": "Parchment (Medium)",
		"ingredientPattern": "HK",
		"ingredients": {
			"H": { "type": "item", "code": "game:hide-oiled-medium" },
			"K": { "type": "item", "code": "game:knife-*", "isTool": true, "toolDurabilityCost": 4 }
		},
		"width": 2,
		"height": 1,
		"output": { "type": "item", "code": "parchment-medium" }
	},
	{
		"name": "Parchment (Large)",
		"ingredientPattern": "HK",
		"ingredients": {
			"H": { "type": "item", "code": "game:hide-oiled-large" },
			"K": { "type": "item", "code": "game:knife-*", "isTool": true, "toolDurabilityCost": 6 }
		},
		"width": 2,
		"height": 1,
		"output": { "type": "item", "code": "parchment-large" }
	},
	{
		"name": "Parchment (Huge)",
		"ingredientPattern": "HK",
		"ingredients": {
			"H": { "type": "item", "code": "game:hide-oiled-huge" },
			"K": { "type": "item", "code": "game:knife-*", "isTool": true, "toolDurabilityCost": 10 }
		},
		"width": 2,
		"height": 1,
		"output": { "type": "item", "code": "parchment-huge" }
	}
]




	
	