[
  {
    "file": "game:blocktypes/clay/chimneycourse.json",
    "op": "addmerge",
    "path": "/entityBehaviors",
    "value":
    [{
      "name": "BlockEntityBehaviorRealGasPump",
      "properties": {
        "inputLocation": "below",
        "outputLocations": [
          "above"
        ],
        "outputDistanceFromInput": 1,
        "amountLimit": 64
      }
    }]
  },
  {
    "file": "game:blocktypes/wood/stickslayer.json",
    "op": "addmerge",
    "path": "/entityBehaviors",
    "value":
    [{
      "name": "BlockEntityBehaviorRealGasPump",
      "properties": {
        "inputLocation": "below",
        "outputLocations": [
          "above"
        ],
        "outputDistanceFromInput": 1,
        "amountLimit": 8
      }
    }]
  }
]