{
	"editor": {
		"allAngles": false,
		"entityTextureMode": false
	},
	"textureWidth": 16,
	"textureHeight": 16,
	"textureSizes": {
		"leaves7": [16,16],
		"bark": [16,16]
	},
	"textures": {
		"branches": "block/plant/berrybush/branches/default",
		"leaveslarge": "block/plant/berrybush/large/leaves/redcurrant",
		"leavessmall": "block/plant/berrybush/small/leaves/redcurrant1",
		"bark": "block/plant/crop/cassava/bark"
	},
	"elements": [
		{
			"name": "branchesN",
			"from": [ 2.5, 8.0, 2.5 ],
			"to": [ 13.5, 24.0, 13.5 ],
			"rotationOrigin": [ 8.0, 8.0, 8.0 ],
			"rotationY": 45.0,
			"faces": {
				"north": { "texture": "#branches", "uv": [ 0.0, 0.0, 16.0, 16.0 ], "autoUv": false, "windMode": [0,1,1,0], "windData": [0,1,1,0] },
				"east": { "texture": "#branches", "uv": [ 0.0, 0.0, 16.0, 16.0 ], "autoUv": false, "windMode": [0,1,1,0], "windData": [0,1,1,0] },
				"south": { "texture": "#branches", "uv": [ 0.0, 0.0, 16.0, 16.0 ], "autoUv": false, "windMode": [0,0,1,1], "windData": [0,0,1,1] },
				"west": { "texture": "#branches", "uv": [ 0.0, 0.0, 16.0, 16.0 ], "autoUv": false, "windMode": [0,0,1,1], "windData": [0,0,1,1] }
			}
		},
		{
			"name": "branchesS",
			"from": [ 7.5, 0.0, 7.5 ],
			"to": [ 8.5, 17.0, 8.5 ],
			"rotationOrigin": [ 8.0, 0.0, 8.0 ],
			"faces": {
				"north": { "texture": "#bark", "uv": [ 0.0, 0.0, 1.0, 16.0 ], "autoUv": false, "windMode": [0,1,1,0], "windData": [0,1,1,0] },
				"east": { "texture": "#bark", "uv": [ 1.0, 0.0, 2.0, 16.0 ], "autoUv": false, "windMode": [0,1,1,0], "windData": [0,1,1,0] },
				"south": { "texture": "#bark", "uv": [ 2.0, 0.0, 3.0, 16.0 ], "autoUv": false, "windMode": [0,0,1,1], "windData": [0,0,1,1] },
				"west": { "texture": "#bark", "uv": [ 3.0, 0.0, 4.0, 16.0 ], "autoUv": false, "windMode": [0,0,1,1], "windData": [0,0,1,1] }
			}
		},
		{
			"name": "Leaves",
			"from": [ 0.1, 8.1, 0.1 ],
			"to": [ 15.8, 23.8, 15.8 ],
			"climateColorMap": "climatePlantTint",
			"seasonColorMap": "seasonalFoliage",
			"faces": {
				"north": { "texture": "#leavessmall", "uv": [ 0.0, 0.0, 15.5, 15.5 ], "windMode": [0,1,1,0] },
				"east": { "texture": "#leavessmall", "uv": [ 0.0, 0.0, 15.5, 15.5 ], "windMode": [0,1,1,0] },
				"south": { "texture": "#leavessmall", "uv": [ 0.0, 0.0, 15.5, 15.5 ], "windMode": [0,0,1,1] },
				"west": { "texture": "#leavessmall", "uv": [ 0.0, 0.0, 15.5, 15.5 ], "windMode": [0,0,1,1] },
				"up": { "texture": "#leavessmall", "uv": [ 0.0, 0.0, 16.0, 16.0 ], "autoUv": false, "windMode": [1,1,1,1] }
			},
			"children": [
				{
					"name": "leavesWE",
					"from": [ 0.0, 0.0, 8.0 ],
					"to": [ 16.0, 16.0, 8.0 ],
					"shade": false,
					"climateColorMap": "climatePlantTint",
					"seasonColorMap": "seasonalFoliage",
					"renderPass": 1,
					"faces": {
						"north": { "texture": "#leaveslarge", "uv": [ 0.0, 0.0, 16.0, 16.0 ], "windMode": [1,1,1,1], "windData": [0,1,1,0] }
					}
				},
				{
					"name": "leavesNS",
					"from": [ 0.0, 0.0, -8.0 ],
					"to": [ 16.0, 16.0, -8.0 ],
					"shade": false,
					"climateColorMap": "climatePlantTint",
					"seasonColorMap": "seasonalFoliage",
					"renderPass": 1,
					"rotationOrigin": [ 0.0, 4.0, 0.0 ],
					"rotationY": -90.0,
					"faces": {
						"north": { "texture": "#leaveslarge", "uv": [ 0.0, 0.0, 16.0, 16.0 ], "windMode": [1,1,1,1], "windData": [0,1,1,0] }
					}
				},
				{
					"name": "leavesWS",
					"from": [ 4.0, 0.0, 0.0 ],
					"to": [ 20.0, 16.0, 0.0 ],
					"shade": false,
					"climateColorMap": "climatePlantTint",
					"seasonColorMap": "seasonalFoliage",
					"renderPass": 1,
					"rotationOrigin": [ 0.0, 8.0, 0.0 ],
					"rotationY": -45.0,
					"faces": {
						"north": { "texture": "#leaveslarge", "uv": [ 0.0, 0.0, 16.0, 16.0 ], "windMode": [1,1,1,1], "windData": [0,1,1,0] }
					}
				},
				{
					"name": "leavesES",
					"from": [ -8.0, 0.0, 12.0 ],
					"to": [ 8.0, 16.0, 12.0 ],
					"shade": false,
					"climateColorMap": "climatePlantTint",
					"seasonColorMap": "seasonalFoliage",
					"renderPass": 1,
					"rotationOrigin": [ 0.0, 7.0, 0.0 ],
					"rotationY": 45.0,
					"faces": {
						"north": { "texture": "#leaveslarge", "uv": [ 0.0, 0.0, 16.0, 16.0 ], "windMode": [1,1,1,1], "windData": [0,1,1,0] }
					}
				},
				{
					"name": "leavesBox",
					"from": [ 4.0, -2.0, 4.0 ],
					"to": [ 12.0, 12.0, 12.0 ],
					"shade": false,
					"climateColorMap": "climatePlantTint",
					"seasonColorMap": "seasonalFoliage",
					"renderPass": 1,
					"rotationOrigin": [ 4.0, 4.0, 4.0 ],
					"faces": {
						"north": { "texture": "#leaveslarge", "uv": [ 7.0, 1.0, 15.0, 15.0 ], "windMode": [1,1,1,1], "windData": [0,1,1,0] },
						"east": { "texture": "#leaveslarge", "uv": [ 2.0, 1.5, 10.0, 15.5 ], "windMode": [1,1,1,1], "windData": [0,1,1,0] },
						"south": { "texture": "#leaveslarge", "uv": [ 0.0, 1.5, 8.0, 15.5 ], "windMode": [1,1,1,1], "windData": [0,0,1,1] },
						"west": { "texture": "#leaveslarge", "uv": [ 7.0, 1.0, 15.0, 15.0 ], "windMode": [1,1,1,1], "windData": [0,0,1,1] },
						"up": { "texture": "#leaveslarge", "uv": [ 4.5, 4.5, 12.5, 12.5 ], "windMode": [1,1,1,1], "windData": [1,1,1,1] }
					}
				}
			]
		},
		{
			"name": "Largeleaves",
			"from": [ 0.0, 8.0, 0.0 ],
			"to": [ 16.0, 24.0, 16.0 ],
			"shade": false,
			"climateColorMap": "climatePlantTint",
			"seasonColorMap": "seasonalFoliage",
			"renderPass": 1,
			"rotationOrigin": [ 8.0, 0.0, 8.0 ],
			"rotationY": -45.0,
			"faces": {
			},
			"children": [
				{
					"name": "Cube9",
					"from": [ -8.0, 0.0, 8.0 ],
					"to": [ 24.0, 26.0, 8.0 ],
					"shade": false,
					"climateColorMap": "climatePlantTint",
					"seasonColorMap": "seasonalFoliage",
					"rotationOrigin": [ 8.0, 16.0, 8.0 ],
					"rotationX": 0.57,
					"rotationY": -67.5,
					"rotationZ": -0.32,
					"faces": {
						"south": { "texture": "#leaveslarge", "uv": [ 0.0, 0.0, 16.0, 13.0 ], "autoUv": false, "windMode": [0,0,1,1], "windData": [0,0,1,1] }
					}
				},
				{
					"name": "Cube10",
					"from": [ -7.0, 0.0, 8.0 ],
					"to": [ 23.0, 24.0, 8.0 ],
					"shade": false,
					"climateColorMap": "climatePlantTint",
					"seasonColorMap": "seasonalFoliage",
					"rotationOrigin": [ 9.0, 8.0, 8.0 ],
					"rotationX": 0.21,
					"rotationY": 22.5,
					"rotationZ": -0.63,
					"faces": {
						"south": { "texture": "#leaveslarge", "uv": [ 0.0, 0.0, 16.0, 13.0 ], "autoUv": false, "windMode": [0,0,1,1], "windData": [0,0,1,1] }
					}
				},
				{
					"name": "Cube7",
					"from": [ -8.0, 0.0, 8.0 ],
					"to": [ 24.0, 26.0, 8.0 ],
					"shade": false,
					"climateColorMap": "climatePlantTint",
					"seasonColorMap": "seasonalFoliage",
					"rotationOrigin": [ 8.0, 8.0, 8.0 ],
					"rotationX": 0.507,
					"rotationY": 67.499,
					"rotationZ": -1.018,
					"faces": {
						"south": { "texture": "#leaveslarge", "uv": [ 0.0, 0.0, 16.0, 13.0 ], "autoUv": false, "windMode": [0,0,1,1], "windData": [0,0,1,1] }
					}
				},
				{
					"name": "Cube6",
					"from": [ -8.0, 0.0, 8.0 ],
					"to": [ 24.0, 26.0, 8.0 ],
					"shade": false,
					"climateColorMap": "climatePlantTint",
					"seasonColorMap": "seasonalFoliage",
					"rotationOrigin": [ 8.0, 16.0, 8.0 ],
					"rotationX": 0.236,
					"rotationY": -22.501,
					"rotationZ": -0.756,
					"faces": {
						"south": { "texture": "#leaveslarge", "uv": [ 0.0, 0.0, 16.0, 13.0 ], "autoUv": false, "windMode": [0,0,1,1], "windData": [0,0,1,1] }
					}
				}
			]
		},
		{
			"name": "trunk",
			"from": [ 7.5, 0.0, 7.5 ],
			"to": [ 8.5, 14.0, 8.5 ],
			"rotationOrigin": [ 8.0, 0.0, 8.0 ],
			"rotationY": -45.0,
			"faces": {
				"north": { "texture": "#bark", "uv": [ 0.0, 0.0, 1.0, 14.0 ], "windMode": [0,4,4,0] },
				"east": { "texture": "#bark", "uv": [ 2.5, 0.0, 3.5, 14.0 ], "windMode": [0,4,4,0] },
				"south": { "texture": "#bark", "uv": [ 2.5, 0.0, 3.5, 14.0 ], "windMode": [0,0,4,4] },
				"west": { "texture": "#bark", "uv": [ 3.5, 0.0, 4.5, 14.0 ], "windMode": [0,0,4,4] },
				"up": { "texture": "#bark", "uv": [ 4.5, 1.5, 5.5, 2.5 ], "windMode": [4,4,4,4] },
				"down": { "texture": "#bark", "uv": [ 1.0, 10.0, 2.0, 11.0 ], "windMode": [0,0,0,0] }
			},
			"children": [
				{
					"name": "branch1",
					"from": [ 0.1, 14.0, 0.1 ],
					"to": [ 0.9, 18.0, 0.9 ],
					"rotationOrigin": [ 0.5, 14.0, 0.5 ],
					"rotationZ": -67.5,
					"faces": {
						"north": { "texture": "#bark", "uv": [ 3.5, 0.5, 4.0, 4.5 ], "windMode": [4,4,4,4] },
						"east": { "texture": "#bark", "uv": [ 3.0, 1.0, 3.5, 5.0 ], "windMode": [4,4,4,4] },
						"south": { "texture": "#bark", "uv": [ 3.5, 3.5, 4.0, 7.5 ], "windMode": [4,4,4,4] },
						"west": { "texture": "#bark", "uv": [ 3.5, 2.5, 4.0, 6.5 ], "windMode": [4,4,4,4] },
						"up": { "texture": "#bark", "uv": [ 2.0, 0.0, 2.5, 0.5 ], "windMode": [4,4,4,4] }
					},
					"children": [
						{
							"name": "Cube1",
							"from": [ 0.1, 4.0, 0.1 ],
							"to": [ 0.7, 8.0, 0.7 ],
							"rotationOrigin": [ 0.4, 4.0, 0.4 ],
							"rotationX": -22.5,
							"rotationZ": 45.0,
							"faces": {
								"north": { "texture": "#bark", "uv": [ 9.0, 8.0, 9.5, 12.0 ], "windMode": [4,4,4,4], "windData": [0,1,1,0] },
								"east": { "texture": "#bark", "uv": [ 8.5, 8.0, 9.0, 12.0 ], "windMode": [4,4,4,4], "windData": [0,1,1,0] },
								"south": { "texture": "#bark", "uv": [ 8.5, 9.0, 9.0, 13.0 ], "windMode": [4,4,4,4], "windData": [0,0,1,1] },
								"west": { "texture": "#bark", "uv": [ 9.0, 8.0, 9.5, 12.0 ], "windMode": [4,4,4,4], "windData": [0,0,1,1] },
								"up": { "texture": "#bark", "uv": [ 10.0, 7.0, 10.5, 7.5 ], "windMode": [4,4,4,4], "windData": [1,1,1,1] }
							}
						},
						{
							"name": "Cube13",
							"from": [ 0.1, 4.0, 0.1 ],
							"to": [ 0.7, 7.0, 0.7 ],
							"rotationOrigin": [ 0.4, 4.0, 0.4 ],
							"rotationX": 45.0,
							"rotationZ": 22.5,
							"faces": {
								"north": { "texture": "#bark", "uv": [ 9.0, 8.0, 9.5, 11.0 ], "windMode": [4,4,4,4], "windData": [0,1,1,0] },
								"east": { "texture": "#bark", "uv": [ 8.5, 8.0, 9.0, 11.0 ], "windMode": [4,4,4,4], "windData": [0,1,1,0] },
								"south": { "texture": "#bark", "uv": [ 8.5, 9.0, 9.0, 12.0 ], "windMode": [4,4,4,4], "windData": [0,0,1,1] },
								"west": { "texture": "#bark", "uv": [ 9.0, 8.0, 9.5, 11.0 ], "windMode": [4,4,4,4], "windData": [0,0,1,1] },
								"up": { "texture": "#bark", "uv": [ 10.0, 7.0, 10.5, 7.5 ], "windMode": [4,4,4,4], "windData": [1,1,1,1] }
							}
						}
					]
				},
				{
					"name": "branch2",
					"from": [ -0.5, 12.5, 2.0 ],
					"to": [ 0.3, 16.5, 2.8 ],
					"rotationOrigin": [ 0.5, 14.0, 0.5 ],
					"rotationX": 44.0,
					"rotationZ": 22.5,
					"faces": {
						"north": { "texture": "#bark", "uv": [ 3.5, 0.5, 4.0, 4.5 ], "windMode": [4,4,4,4] },
						"east": { "texture": "#bark", "uv": [ 3.0, 1.0, 3.5, 5.0 ], "windMode": [4,4,4,4] },
						"south": { "texture": "#bark", "uv": [ 3.5, 3.5, 4.0, 7.5 ], "windMode": [4,4,4,4] },
						"west": { "texture": "#bark", "uv": [ 3.5, 2.5, 4.0, 6.5 ], "windMode": [4,4,4,4] },
						"up": { "texture": "#bark", "uv": [ 2.0, 0.0, 2.5, 0.5 ], "windMode": [4,4,4,4] }
					},
					"children": [
						{
							"name": "Cube18",
							"from": [ 0.1, 4.0, 0.1 ],
							"to": [ 0.7, 6.0, 0.7 ],
							"rotationOrigin": [ 0.4, 4.0, 0.4 ],
							"rotationX": 20.0,
							"rotationY": 27.0,
							"rotationZ": -24.0,
							"faces": {
								"north": { "texture": "#bark", "uv": [ 13.0, 11.5, 13.5, 13.5 ], "windMode": [4,4,4,4] },
								"east": { "texture": "#bark", "uv": [ 13.5, 12.5, 14.0, 14.5 ], "windMode": [4,4,4,4] },
								"south": { "texture": "#bark", "uv": [ 11.5, 12.0, 12.0, 14.0 ], "windMode": [4,4,4,4] },
								"west": { "texture": "#bark", "uv": [ 11.0, 10.0, 11.5, 12.0 ], "windMode": [4,4,4,4] },
								"up": { "texture": "#bark", "uv": [ 11.0, 7.5, 11.5, 8.0 ], "windMode": [4,4,4,4] }
							}
						},
						{
							"name": "Cube19",
							"from": [ 0.1, 4.0, 0.1 ],
							"to": [ 0.7, 7.0, 0.7 ],
							"rotationOrigin": [ 0.4, 4.0, 0.4 ],
							"rotationX": -74.5,
							"rotationY": 68.0,
							"rotationZ": 45.0,
							"faces": {
								"north": { "texture": "#bark", "uv": [ 13.0, 11.5, 13.5, 14.5 ], "windMode": [4,4,4,4], "windData": [0,1,1,0] },
								"east": { "texture": "#bark", "uv": [ 13.5, 12.5, 14.0, 15.5 ], "windMode": [4,4,4,4], "windData": [0,1,1,0] },
								"south": { "texture": "#bark", "uv": [ 10.5, 9.5, 11.0, 12.5 ], "windMode": [4,4,4,4], "windData": [0,0,1,1] },
								"west": { "texture": "#bark", "uv": [ 10.5, 9.5, 11.0, 12.5 ], "windMode": [4,4,4,4], "windData": [0,0,1,1] },
								"up": { "texture": "#bark", "uv": [ 11.0, 7.5, 11.5, 8.0 ], "windMode": [4,4,4,4], "windData": [1,1,1,1] }
							}
						}
					]
				},
				{
					"name": "branch3",
					"from": [ 0.1, 15.0, 0.1 ],
					"to": [ 0.9, 19.0, 0.9 ],
					"rotationOrigin": [ 0.5, 15.0, 0.5 ],
					"rotationX": -45.0,
					"rotationZ": 22.5,
					"faces": {
						"north": { "texture": "#bark", "uv": [ 3.5, 0.5, 4.0, 4.5 ], "windMode": [4,4,4,4], "windData": [0,1,1,0] },
						"east": { "texture": "#bark", "uv": [ 3.0, 1.0, 3.5, 5.0 ], "windMode": [4,4,4,4], "windData": [0,1,1,0] },
						"south": { "texture": "#bark", "uv": [ 3.5, 3.5, 4.0, 7.5 ], "windMode": [4,4,4,4], "windData": [0,0,1,1] },
						"west": { "texture": "#bark", "uv": [ 3.5, 2.5, 4.0, 6.5 ], "windMode": [4,4,4,4], "windData": [0,0,1,1] },
						"up": { "texture": "#bark", "uv": [ 2.0, 0.0, 2.5, 0.5 ], "windMode": [4,4,4,4], "windData": [1,1,1,1] }
					},
					"children": [
						{
							"name": "Cube14",
							"from": [ 0.1, 4.0, 0.1 ],
							"to": [ 0.7, 8.0, 0.7 ],
							"rotationOrigin": [ 0.4, 4.0, 0.4 ],
							"rotationX": -45.0,
							"rotationZ": 45.0,
							"faces": {
								"north": { "texture": "#bark", "uv": [ 9.5, 8.0, 10.0, 12.0 ], "windMode": [4,4,4,4], "windData": [1,1,1,1] },
								"east": { "texture": "#bark", "uv": [ 9.5, 8.0, 10.0, 12.0 ], "windMode": [4,4,4,4], "windData": [1,1,1,1] },
								"south": { "texture": "#bark", "uv": [ 9.5, 7.5, 10.0, 11.5 ], "windMode": [4,4,4,4], "windData": [1,1,1,1] },
								"west": { "texture": "#bark", "uv": [ 9.0, 8.0, 9.5, 12.0 ], "windMode": [4,4,4,4], "windData": [1,1,1,1] },
								"up": { "texture": "#bark", "uv": [ 12.0, 6.5, 12.5, 7.0 ], "windMode": [4,4,4,4], "windData": [1,1,1,1] }
							}
						},
						{
							"name": "Cube15",
							"from": [ 0.1, 4.0, 0.1 ],
							"to": [ 0.7, 8.0, 0.7 ],
							"rotationOrigin": [ 0.4, 4.0, 0.4 ],
							"rotationZ": -22.5,
							"faces": {
								"north": { "texture": "#bark", "uv": [ 8.5, 8.0, 9.0, 12.0 ], "windMode": [4,4,4,4], "windData": [1,1,1,1] },
								"east": { "texture": "#bark", "uv": [ 9.0, 7.5, 9.5, 11.5 ], "windMode": [4,4,4,4], "windData": [1,1,1,1] },
								"south": { "texture": "#bark", "uv": [ 10.0, 8.5, 10.5, 12.5 ], "windMode": [4,4,4,4], "windData": [1,1,1,1] },
								"west": { "texture": "#bark", "uv": [ 10.0, 7.5, 10.5, 11.5 ], "windMode": [4,4,4,4], "windData": [1,1,1,1] },
								"up": { "texture": "#bark", "uv": [ 12.0, 6.5, 12.5, 7.0 ], "windMode": [4,4,4,4], "windData": [1,1,1,1] }
							}
						}
					]
				},
				{
					"name": "branch4",
					"from": [ 0.1, 14.0, 0.1 ],
					"to": [ 0.9, 17.0, 0.9 ],
					"rotationOrigin": [ 0.5, 14.0, 0.5 ],
					"rotationX": 22.5,
					"rotationZ": 67.5,
					"faces": {
						"north": { "texture": "#bark", "uv": [ 3.5, 0.5, 4.0, 3.5 ], "windMode": [4,4,4,4] },
						"east": { "texture": "#bark", "uv": [ 3.0, 1.0, 3.5, 4.0 ], "windMode": [4,4,4,4] },
						"south": { "texture": "#bark", "uv": [ 3.5, 3.5, 4.0, 6.5 ], "windMode": [4,4,4,4] },
						"west": { "texture": "#bark", "uv": [ 3.5, 2.5, 4.0, 5.5 ], "windMode": [4,4,4,4] },
						"up": { "texture": "#bark", "uv": [ 2.0, 0.0, 2.5, 0.5 ], "windMode": [4,4,4,4] }
					},
					"children": [
						{
							"name": "Cube16",
							"from": [ 0.1, 3.0, 0.1 ],
							"to": [ 0.7, 6.0, 0.7 ],
							"rotationOrigin": [ 0.4, 3.0, 0.4 ],
							"rotationX": -45.0,
							"rotationZ": 45.0,
							"faces": {
								"north": { "texture": "#bark", "uv": [ 13.5, 13.0, 14.0, 16.0 ], "windMode": [4,4,4,4] },
								"east": { "texture": "#bark", "uv": [ 11.0, 10.5, 11.5, 13.5 ], "windMode": [4,4,4,4] },
								"south": { "texture": "#bark", "uv": [ 10.5, 9.0, 11.0, 12.0 ], "windMode": [4,4,4,4] },
								"west": { "texture": "#bark", "uv": [ 9.0, 9.0, 9.5, 12.0 ], "windMode": [4,4,4,4] },
								"up": { "texture": "#bark", "uv": [ 10.0, 2.0, 10.5, 2.5 ], "windMode": [4,4,4,4] }
							}
						},
						{
							"name": "Cube17",
							"from": [ 0.1, 3.0, 0.1 ],
							"to": [ 0.7, 6.0, 0.7 ],
							"rotationOrigin": [ 0.4, 3.0, 0.4 ],
							"rotationX": 22.5,
							"rotationZ": -45.0,
							"faces": {
								"north": { "texture": "#bark", "uv": [ 13.5, 13.0, 14.0, 16.0 ], "windMode": [4,4,4,4], "windData": [0,1,1,0] },
								"east": { "texture": "#bark", "uv": [ 11.0, 10.5, 11.5, 13.5 ], "windMode": [4,4,4,4], "windData": [0,1,1,0] },
								"south": { "texture": "#bark", "uv": [ 12.0, 12.5, 12.5, 15.5 ], "windMode": [4,4,4,4], "windData": [0,0,1,1] },
								"west": { "texture": "#bark", "uv": [ 9.0, 9.0, 9.5, 12.0 ], "windMode": [4,4,4,4], "windData": [0,0,1,1] },
								"up": { "texture": "#bark", "uv": [ 10.0, 2.0, 10.5, 2.5 ], "windMode": [4,4,4,4], "windData": [1,1,1,1] }
							}
						}
					]
				},
				{
					"name": "root1",
					"from": [ 0.1, 1.0, 0.1 ],
					"to": [ 0.9, 3.5, 0.9 ],
					"rotationOrigin": [ 0.5, 1.0, 0.5 ],
					"rotationZ": 112.5,
					"faces": {
						"north": { "texture": "#bark", "uv": [ 2.0, 9.5, 2.5, 12.0 ], "windMode": [0,0,0,0] },
						"east": { "texture": "#bark", "uv": [ 2.5, 12.5, 3.0, 15.0 ], "windMode": [0,0,0,0] },
						"south": { "texture": "#bark", "uv": [ 3.0, 11.5, 3.5, 14.0 ], "windMode": [0,0,0,0] },
						"west": { "texture": "#bark", "uv": [ 3.5, 10.0, 4.0, 12.5 ], "windMode": [0,0,0,0] },
						"up": { "texture": "#bark", "uv": [ 2.0, 12.5, 2.5, 13.0 ], "windMode": [0,0,0,0] }
					}
				},
				{
					"name": "root2",
					"from": [ 0.1, 1.0, 0.1 ],
					"to": [ 0.9, 3.5, 0.9 ],
					"rotationOrigin": [ 0.5, 1.0, 0.5 ],
					"rotationY": -112.5,
					"rotationZ": 112.5,
					"faces": {
						"north": { "texture": "#bark", "uv": [ 2.0, 9.5, 2.5, 12.0 ], "windMode": [0,0,0,0] },
						"east": { "texture": "#bark", "uv": [ 2.5, 12.5, 3.0, 15.0 ], "windMode": [0,0,0,0] },
						"south": { "texture": "#bark", "uv": [ 3.0, 11.5, 3.5, 14.0 ], "windMode": [0,0,0,0] },
						"west": { "texture": "#bark", "uv": [ 3.5, 10.0, 4.0, 12.5 ], "windMode": [0,0,0,0] },
						"up": { "texture": "#bark", "uv": [ 2.0, 12.5, 2.5, 13.0 ], "windMode": [0,0,0,0] }
					}
				},
				{
					"name": "root3",
					"from": [ 0.1, 1.0, 0.1 ],
					"to": [ 0.9, 3.5, 0.9 ],
					"rotationOrigin": [ 0.5, 1.0, 0.5 ],
					"rotationY": 135.0,
					"rotationZ": 112.5,
					"faces": {
						"north": { "texture": "#bark", "uv": [ 2.0, 9.5, 2.5, 12.0 ], "windMode": [0,0,0,0] },
						"east": { "texture": "#bark", "uv": [ 2.5, 12.5, 3.0, 15.0 ], "windMode": [0,0,0,0] },
						"south": { "texture": "#bark", "uv": [ 3.0, 11.5, 3.5, 14.0 ], "windMode": [0,0,0,0] },
						"west": { "texture": "#bark", "uv": [ 3.5, 10.0, 4.0, 12.5 ], "windMode": [0,0,0,0] },
						"up": { "texture": "#bark", "uv": [ 2.0, 12.5, 2.5, 13.0 ], "windMode": [0,0,0,0] }
					}
				},
				{
					"name": "root4",
					"from": [ 0.1, 1.0, 0.1 ],
					"to": [ 0.9, 3.5, 0.9 ],
					"rotationOrigin": [ 0.5, 1.0, 0.5 ],
					"rotationY": 180.0,
					"rotationZ": 135.0,
					"faces": {
						"north": { "texture": "#bark", "uv": [ 2.0, 9.5, 2.5, 12.0 ], "windMode": [0,0,0,0] },
						"east": { "texture": "#bark", "uv": [ 2.5, 12.5, 3.0, 15.0 ], "windMode": [0,0,0,0] },
						"south": { "texture": "#bark", "uv": [ 3.0, 11.5, 3.5, 14.0 ], "windMode": [0,0,0,0] },
						"west": { "texture": "#bark", "uv": [ 3.5, 10.0, 4.0, 12.5 ], "windMode": [0,0,0,0] },
						"up": { "texture": "#bark", "uv": [ 2.0, 12.5, 2.5, 13.0 ], "windMode": [0,0,0,0] }
					}
				},
				{
					"name": "root5",
					"from": [ 0.1, 1.0, 0.1 ],
					"to": [ 0.9, 3.5, 0.9 ],
					"rotationOrigin": [ 0.5, 1.0, 0.5 ],
					"rotationY": -67.5,
					"rotationZ": 135.0,
					"faces": {
						"north": { "texture": "#bark", "uv": [ 2.0, 9.5, 2.5, 12.0 ], "windMode": [0,0,0,0] },
						"east": { "texture": "#bark", "uv": [ 2.5, 12.5, 3.0, 15.0 ], "windMode": [0,0,0,0] },
						"south": { "texture": "#bark", "uv": [ 3.0, 11.5, 3.5, 14.0 ], "windMode": [0,0,0,0] },
						"west": { "texture": "#bark", "uv": [ 3.5, 10.0, 4.0, 12.5 ], "windMode": [0,0,0,0] },
						"up": { "texture": "#bark", "uv": [ 2.0, 12.5, 2.5, 13.0 ], "windMode": [0,0,0,0] }
					}
				}
			]
		}
	]}