{
  "code": "headmount",
	"maxstacksize": 4,
  "variantgroups": [
    {"code": "tribe","states": [ "alceini", "capreolini", "odocoileini" ]},
    {"code": "type","states": [ "baby","female","male" ]},
    {"code": "species","states": [ "alcesalces","cervalcesscotti","capreoluscapreolus","capreoluspygargus","hydropotesinermis","antiferultra","blastocerusdichotomus","bretzianebrascensis","hippocamelusantisensis","hippocamelusbisulcus","mazamaamericana","mazamabricenii","mazamajucunda","mazamanana","mazamarufa","mazamarufina","mazamatemama","mazamatienhoveni","odocoileushemionus","odocoileuslucasi","odocoileuspandora","odocoileusvirginianus","ozotocerosbezoarticus","passalitesnemorivaga","pudellacarlae","pudellamephistophiles","pudupuda","rangiferarcticus","rangifercaribou","rangiferfennicus","rangifergroenlandicus","rangiferplatyrhynchus","rangifertarandusdomesticus","rangifertarandus","subulochunyi","subulogouazoubira","torontoceroshypnogeos" ]},
    {"code": "size","states": [ "00","01", "02", "03", "04", "05", "06", "07", "08", "09"]}
  ],
	"allowedVariants": [
		"*-alceini-male-alcesalces-*","*-alceini-*-alcesalces-00",
		"*-alceini-*-cervalcesscotti-00","*-alceini-male-cervalcesscotti-01","*-alceini-male-cervalcesscotti-02","*-alceini-male-cervalcesscotti-03","*-alceini-male-cervalcesscotti-04","*-alceini-male-cervalcesscotti-05","*-alceini-male-cervalcesscotti-06","*-alceini-male-cervalcesscotti-07","*-alceini-male-cervalcesscotti-08",
		"*-capreolini-*-capreoluscapreolus-00","*-capreolini-male-capreoluscapreolus-01","*-capreolini-male-capreoluscapreolus-02","*-capreolini-male-capreoluscapreolus-03","*-capreolini-male-capreoluscapreolus-04",
		"*-capreolini-*-capreoluspygargus-00","*-capreolini-male-capreoluspygargus-01","*-capreolini-male-capreoluspygargus-02","*-capreolini-male-capreoluspygargus-03","*-capreolini-male-capreoluspygargus-04",
		"*-capreolini-*-hydropotesinermis-00",
		"*-odocoileini-*-antiferultra-00","*-odocoileini-male-antiferultra-01","*-odocoileini-male-antiferultra-02","*-odocoileini-male-antiferultra-03","*-odocoileini-male-antiferultra-04","*-odocoileini-male-antiferultra-05","*-odocoileini-male-antiferultra-06","*-odocoileini-male-antiferultra-07",
		"*-odocoileini-*-blastocerusdichotomus-00","*-odocoileini-male-blastocerusdichotomus-01","*-odocoileini-male-blastocerusdichotomus-02","*-odocoileini-male-blastocerusdichotomus-03","*-odocoileini-male-blastocerusdichotomus-04","*-odocoileini-male-blastocerusdichotomus-05","*-odocoileini-male-blastocerusdichotomus-06","*-odocoileini-male-blastocerusdichotomus-07",
		"*-odocoileini-*-bretzianebrascensis-00","*-odocoileini-male-bretzianebrascensis-01","*-odocoileini-male-bretzianebrascensis-02","*-odocoileini-male-bretzianebrascensis-03","*-odocoileini-male-bretzianebrascensis-04","*-odocoileini-male-bretzianebrascensis-05","*-odocoileini-male-bretzianebrascensis-06",
		"*-odocoileini-*-hippocamelusantisensis-00","*-odocoileini-male-hippocamelusantisensis-01","*-odocoileini-male-hippocamelusantisensis-02","*-odocoileini-male-hippocamelusantisensis-03","*-odocoileini-male-hippocamelusantisensis-04","*-odocoileini-male-hippocamelusantisensis-05",
		"*-odocoileini-*-hippocamelusbisulcus-00","*-odocoileini-male-hippocamelusbisulcus-01","*-odocoileini-male-hippocamelusbisulcus-02","*-odocoileini-male-hippocamelusbisulcus-03","*-odocoileini-male-hippocamelusbisulcus-04","*-odocoileini-male-hippocamelusbisulcus-05",
		"*-odocoileini-*-mazamaamericana-00","*-odocoileini-male-mazamaamericana-01","*-odocoileini-male-mazamaamericana-02","*-odocoileini-male-mazamaamericana-03","*-odocoileini-male-mazamaamericana-04",
		"*-odocoileini-*-mazamabricenii-00","*-odocoileini-male-mazamabricenii-01","*-odocoileini-male-mazamabricenii-02","*-odocoileini-male-mazamabricenii-03",
		"*-odocoileini-*-mazamajucunda-00","*-odocoileini-male-mazamajucunda-01","*-odocoileini-male-mazamajucunda-02","*-odocoileini-male-mazamajucunda-03","*-odocoileini-male-mazamajucunda-04",
		"*-odocoileini-*-mazamanana-00","*-odocoileini-male-mazamanana-01","*-odocoileini-male-mazamanana-02","*-odocoileini-male-mazamanana-03","*-odocoileini-male-mazamanana-04",
		"*-odocoileini-*-mazamarufa-00","*-odocoileini-male-mazamarufa-01","*-odocoileini-male-mazamarufa-02","*-odocoileini-male-mazamarufa-03","*-odocoileini-male-mazamarufa-04",
		"*-odocoileini-*-mazamarufina-00","*-odocoileini-male-mazamarufina-01","*-odocoileini-male-mazamarufina-02","*-odocoileini-male-mazamarufina-03",
		"*-odocoileini-*-mazamatemama-00","*-odocoileini-male-mazamatemama-01","*-odocoileini-male-mazamatemama-02","*-odocoileini-male-mazamatemama-03","*-odocoileini-male-mazamatemama-04",
		"*-odocoileini-*-mazamatienhoveni-00","*-odocoileini-male-mazamatienhoveni-01","*-odocoileini-male-mazamatienhoveni-02","*-odocoileini-male-mazamatienhoveni-03","*-odocoileini-male-mazamatienhoveni-04",
		"*-odocoileini-*-odocoileushemionus-00","*-odocoileini-male-odocoileushemionus-01","*-odocoileini-male-odocoileushemionus-02","*-odocoileini-male-odocoileushemionus-03","*-odocoileini-male-odocoileushemionus-04","*-odocoileini-male-odocoileushemionus-05","*-odocoileini-male-odocoileushemionus-06",
		"*-odocoileini-*-odocoileuslucasi-00","*-odocoileini-male-odocoileuslucasi-01","*-odocoileini-male-odocoileuslucasi-02","*-odocoileini-male-odocoileuslucasi-03","*-odocoileini-male-odocoileuslucasi-04","*-odocoileini-male-odocoileuslucasi-05","*-odocoileini-male-odocoileuslucasi-06",
		"*-odocoileini-*-odocoileuspandora-00","*-odocoileini-male-odocoileuspandora-01","*-odocoileini-male-odocoileuspandora-02","*-odocoileini-male-odocoileuspandora-03","*-odocoileini-male-odocoileuspandora-04",
		"*-odocoileini-*-odocoileusvirginianus-00","*-odocoileini-male-odocoileusvirginianus-01","*-odocoileini-male-odocoileusvirginianus-02","*-odocoileini-male-odocoileusvirginianus-03","*-odocoileini-male-odocoileusvirginianus-04","*-odocoileini-male-odocoileusvirginianus-05","*-odocoileini-male-odocoileusvirginianus-06",
		"*-odocoileini-*-ozotocerosbezoarticus-00","*-odocoileini-male-ozotocerosbezoarticus-01","*-odocoileini-male-ozotocerosbezoarticus-02","*-odocoileini-male-ozotocerosbezoarticus-03","*-odocoileini-male-ozotocerosbezoarticus-04","*-odocoileini-male-ozotocerosbezoarticus-05","*-odocoileini-male-ozotocerosbezoarticus-06","*-odocoileini-male-ozotocerosbezoarticus-07",
		"*-odocoileini-*-passalitesnemorivaga-00","*-odocoileini-male-passalitesnemorivaga-01","*-odocoileini-male-passalitesnemorivaga-02","*-odocoileini-male-passalitesnemorivaga-03","*-odocoileini-male-passalitesnemorivaga-04",
		"*-odocoileini-*-pudellacarlae-00","*-odocoileini-male-pudellacarlae-01","*-odocoileini-male-pudellacarlae-02","*-odocoileini-male-pudellacarlae-03",
		"*-odocoileini-*-pudellamephistophiles-00","*-odocoileini-male-pudellamephistophiles-01","*-odocoileini-male-pudellamephistophiles-02","*-odocoileini-male-pudellamephistophiles-03",
		"*-odocoileini-*-pudupuda-00","*-odocoileini-male-pudupuda-01","*-odocoileini-male-pudupuda-02","*-odocoileini-male-pudupuda-03","*-odocoileini-male-pudupuda-04",
		"*-odocoileini-female-rangiferarcticus-01","*-odocoileini-female-rangiferarcticus-02","*-odocoileini-female-rangiferarcticus-03","*-odocoileini-female-rangiferarcticus-04","*-odocoileini-female-rangiferarcticus-05",
		"*-odocoileini-*-rangiferarcticus-00","*-odocoileini-male-rangiferarcticus-01","*-odocoileini-male-rangiferarcticus-02","*-odocoileini-male-rangiferarcticus-03","*-odocoileini-male-rangiferarcticus-04","*-odocoileini-male-rangiferarcticus-05","*-odocoileini-male-rangiferarcticus-06","*-odocoileini-male-rangiferarcticus-07","*-odocoileini-male-rangiferarcticus-08",
		"*-odocoileini-female-rangifercaribou-01","*-odocoileini-female-rangifercaribou-02","*-odocoileini-female-rangifercaribou-03","*-odocoileini-female-rangifercaribou-04","*-odocoileini-female-rangifercaribou-05",
		"*-odocoileini-*-rangifercaribou-00","*-odocoileini-male-rangifercaribou-01","*-odocoileini-male-rangifercaribou-02","*-odocoileini-male-rangifercaribou-03","*-odocoileini-male-rangifercaribou-04","*-odocoileini-male-rangifercaribou-05","*-odocoileini-male-rangifercaribou-06","*-odocoileini-male-rangifercaribou-07","*-odocoileini-male-rangifercaribou-08",
		"*-odocoileini-female-rangiferfennicus-01","*-odocoileini-female-rangiferfennicus-02","*-odocoileini-female-rangiferfennicus-03","*-odocoileini-female-rangiferfennicus-04","*-odocoileini-female-rangiferfennicus-05",
		"*-odocoileini-*-rangiferfennicus-00","*-odocoileini-male-rangiferfennicus-01","*-odocoileini-male-rangiferfennicus-02","*-odocoileini-male-rangiferfennicus-03","*-odocoileini-male-rangiferfennicus-04","*-odocoileini-male-rangiferfennicus-05","*-odocoileini-male-rangiferfennicus-06","*-odocoileini-male-rangiferfennicus-07","*-odocoileini-male-rangiferfennicus-08",
		"*-odocoileini-female-rangifergroenlandicus-01","*-odocoileini-female-rangifergroenlandicus-02","*-odocoileini-female-rangifergroenlandicus-03","*-odocoileini-female-rangifergroenlandicus-04","*-odocoileini-female-rangifergroenlandicus-05",
		"*-odocoileini-*-rangifergroenlandicus-00","*-odocoileini-male-rangifergroenlandicus-01","*-odocoileini-male-rangifergroenlandicus-02","*-odocoileini-male-rangifergroenlandicus-03","*-odocoileini-male-rangifergroenlandicus-04","*-odocoileini-male-rangifergroenlandicus-05","*-odocoileini-male-rangifergroenlandicus-06","*-odocoileini-male-rangifergroenlandicus-07","*-odocoileini-male-rangifergroenlandicus-08",
		"*-odocoileini-female-rangiferplatyrhynchus-01","*-odocoileini-female-rangiferplatyrhynchus-02","*-odocoileini-female-rangiferplatyrhynchus-03","*-odocoileini-female-rangiferplatyrhynchus-04",
		"*-odocoileini-*-rangiferplatyrhynchus-00","*-odocoileini-male-rangiferplatyrhynchus-01","*-odocoileini-male-rangiferplatyrhynchus-02","*-odocoileini-male-rangiferplatyrhynchus-03","*-odocoileini-male-rangiferplatyrhynchus-04","*-odocoileini-male-rangiferplatyrhynchus-05","*-odocoileini-male-rangiferplatyrhynchus-06",
		"*-odocoileini-female-rangifertarandusdomesticus-01","*-odocoileini-female-rangifertarandusdomesticus-02","*-odocoileini-female-rangifertarandusdomesticus-03","*-odocoileini-female-rangifertarandusdomesticus-04","*-odocoileini-female-rangifertarandusdomesticus-05",
		"*-odocoileini-*-rangifertarandusdomesticus-00","*-odocoileini-male-rangifertarandusdomesticus-01","*-odocoileini-male-rangifertarandusdomesticus-02","*-odocoileini-male-rangifertarandusdomesticus-03","*-odocoileini-male-rangifertarandusdomesticus-04","*-odocoileini-male-rangifertarandusdomesticus-05","*-odocoileini-male-rangifertarandusdomesticus-06","*-odocoileini-male-rangifertarandusdomesticus-07","*-odocoileini-male-rangifertarandusdomesticus-08",
		"*-odocoileini-female-rangifertarandus-01","*-odocoileini-female-rangifertarandus-02","*-odocoileini-female-rangifertarandus-03","*-odocoileini-female-rangifertarandus-04","*-odocoileini-female-rangifertarandus-05",
		"*-odocoileini-*-rangifertarandus-00","*-odocoileini-male-rangifertarandus-01","*-odocoileini-male-rangifertarandus-02","*-odocoileini-male-rangifertarandus-03","*-odocoileini-male-rangifertarandus-04","*-odocoileini-male-rangifertarandus-05","*-odocoileini-male-rangifertarandus-06","*-odocoileini-male-rangifertarandus-07","*-odocoileini-male-rangifertarandus-08",
		"*-odocoileini-*-subulochunyi-00","*-odocoileini-male-subulochunyi-01","*-odocoileini-male-subulochunyi-02","*-odocoileini-male-subulochunyi-03","*-odocoileini-male-subulochunyi-04",
		"*-odocoileini-*-subulogouazoubira-00","*-odocoileini-male-subulogouazoubira-01","*-odocoileini-male-subulogouazoubira-02","*-odocoileini-male-subulogouazoubira-03","*-odocoileini-male-subulogouazoubira-04",
		"*-odocoileini-*-torontoceroshypnogeos-00","*-odocoileini-male-torontoceroshypnogeos-01","*-odocoileini-male-torontoceroshypnogeos-02","*-odocoileini-male-torontoceroshypnogeos-03","*-odocoileini-male-torontoceroshypnogeos-04","*-odocoileini-male-torontoceroshypnogeos-05","*-odocoileini-male-torontoceroshypnogeos-06"
	],
  "attributes": {
    "handbook": {
      "groupBy": [ "headmount-*" ]
    },
		"antlerMountableByType": {
			"*": true
		},
		"onAntlerMountTransformByType": {
			"*-baby-alcesalces-*": {"translation": { "x": -0.9, "y": 0, "z": 0 },"rotation": { "x": 0, "y": 180, "z": 0 },"origin": { "x": 1, "y": 0.5, "z": 0.5 },"scale": 0.65},"*-female-alcesalces-*": {"translation": { "x": -0.9, "y": 0, "z": 0 },"rotation": { "x": 0, "y": 180, "z": 0 },"origin": { "x": 1, "y": 0.5, "z": 0.5 },"scale": 0.93},"*-male-alcesalces-*": {"translation": { "x": -0.9, "y": 0, "z": 0 },"rotation": { "x": 0, "y": 180, "z": 0 },"origin": { "x": 1, "y": 0.5, "z": 0.5 },"scale": 1.17},
			"*-baby-cervalcesscotti-*": {"translation": { "x": -0.9, "y": 0, "z": 0 },"rotation": { "x": 0, "y": 180, "z": 0 },"origin": { "x": 1, "y": 0.5, "z": 0.5 },"scale": 0.75},"*-female-cervalcesscotti-*": {"translation": { "x": -0.9, "y": 0, "z": 0 },"rotation": { "x": 0, "y": 180, "z": 0 },"origin": { "x": 1, "y": 0.5, "z": 0.5 },"scale": 0.91},"*-male-cervalcesscotti-*": {"translation": { "x": -0.9, "y": 0, "z": 0 },"rotation": { "x": 0, "y": 180, "z": 0 },"origin": { "x": 1, "y": 0.5, "z": 0.5 },"scale": 1.06},
			"*-baby-capreoluscapreolus-*": {"translation": { "x": -0.9, "y": 0, "z": 0 },"rotation": { "x": 0, "y": 180, "z": 0 },"origin": { "x": 1, "y": 0.5, "z": 0.5 },"scale": 0.7},"*-female-capreoluscapreolus-*": {"translation": { "x": -0.9, "y": 0, "z": 0 },"rotation": { "x": 0, "y": 180, "z": 0 },"origin": { "x": 1, "y": 0.5, "z": 0.5 },"scale": 0.75},"*-male-capreoluscapreolus-*": {"translation": { "x": -0.9, "y": 0, "z": 0 },"rotation": { "x": 0, "y": 180, "z": 0 },"origin": { "x": 1, "y": 0.5, "z": 0.5 },"scale": 0.85},
			"*-baby-capreoluspygargus-*": {"translation": { "x": -0.9, "y": 0, "z": 0 },"rotation": { "x": 0, "y": 180, "z": 0 },"origin": { "x": 1, "y": 0.5, "z": 0.5 },"scale": 0.74},"*-female-capreoluspygargus-*": {"translation": { "x": -0.9, "y": 0, "z": 0 },"rotation": { "x": 0, "y": 180, "z": 0 },"origin": { "x": 1, "y": 0.5, "z": 0.5 },"scale": 0.9},"*-male-capreoluspygargus-*": {"translation": { "x": -0.9, "y": 0, "z": 0 },"rotation": { "x": 0, "y": 180, "z": 0 },"origin": { "x": 1, "y": 0.5, "z": 0.5 },"scale": 0.95},
			"*-baby-hydropotesinermis-*": {"translation": { "x": -0.9, "y": 0, "z": 0 },"rotation": { "x": 0, "y": 180, "z": 0 },"origin": { "x": 1, "y": 0.5, "z": 0.5 },"scale": 0.64},"*-female-hydropotesinermis-*": {"translation": { "x": -0.9, "y": 0, "z": 0 },"rotation": { "x": 0, "y": 180, "z": 0 },"origin": { "x": 1, "y": 0.5, "z": 0.5 },"scale": 0.75},"*-male-hydropotesinermis-*": {"translation": { "x": -0.9, "y": 0, "z": 0 },"rotation": { "x": 0, "y": 180, "z": 0 },"origin": { "x": 1, "y": 0.5, "z": 0.5 },"scale": 0.81},
			"*-baby-antiferultra-*": {"translation": { "x": -0.9, "y": 0, "z": 0 },"rotation": { "x": 0, "y": 180, "z": 0 },"origin": { "x": 1, "y": 0.5, "z": 0.5 },"scale": 0.9},"*-female-antiferultra-*": {"translation": { "x": -0.9, "y": 0, "z": 0 },"rotation": { "x": 0, "y": 180, "z": 0 },"origin": { "x": 1, "y": 0.5, "z": 0.5 },"scale": 0.91},"*-male-antiferultra-*": {"translation": { "x": -0.9, "y": 0, "z": 0 },"rotation": { "x": 0, "y": 180, "z": 0 },"origin": { "x": 1, "y": 0.5, "z": 0.5 },"scale": 1.03},
			"*-baby-blastocerusdichotomus-*": {"translation": { "x": -0.9, "y": 0, "z": 0 },"rotation": { "x": 0, "y": 180, "z": 0 },"origin": { "x": 1, "y": 0.5, "z": 0.5 },"scale": 0.9},"*-female-blastocerusdichotomus-*": {"translation": { "x": -0.9, "y": 0, "z": 0 },"rotation": { "x": 0, "y": 180, "z": 0 },"origin": { "x": 1, "y": 0.5, "z": 0.5 },"scale": 0.84},"*-male-blastocerusdichotomus-*": {"translation": { "x": -0.9, "y": 0, "z": 0 },"rotation": { "x": 0, "y": 180, "z": 0 },"origin": { "x": 1, "y": 0.5, "z": 0.5 },"scale": 0.97},
			"*-baby-bretzianebrascensis-*": {"translation": { "x": -0.9, "y": 0, "z": 0 },"rotation": { "x": 0, "y": 180, "z": 0 },"origin": { "x": 1, "y": 0.5, "z": 0.5 },"scale": 0.85},"*-female-bretzianebrascensis-*": {"translation": { "x": -0.9, "y": 0, "z": 0 },"rotation": { "x": 0, "y": 180, "z": 0 },"origin": { "x": 1, "y": 0.5, "z": 0.5 },"scale": 0.75},"*-male-bretzianebrascensis-*": {"translation": { "x": -0.9, "y": 0, "z": 0 },"rotation": { "x": 0, "y": 180, "z": 0 },"origin": { "x": 1, "y": 0.5, "z": 0.5 },"scale": 0.9},
			"*-baby-hippocamelusantisensis-*": {"translation": { "x": -0.9, "y": 0, "z": 0 },"rotation": { "x": 0, "y": 180, "z": 0 },"origin": { "x": 1, "y": 0.5, "z": 0.5 },"scale": 0.64},"*-female-hippocamelusantisensis-*": {"translation": { "x": -0.9, "y": 0, "z": 0 },"rotation": { "x": 0, "y": 180, "z": 0 },"origin": { "x": 1, "y": 0.5, "z": 0.5 },"scale": 0.8},"*-male-hippocamelusantisensis-*": {"translation": { "x": -0.9, "y": 0, "z": 0 },"rotation": { "x": 0, "y": 180, "z": 0 },"origin": { "x": 1, "y": 0.5, "z": 0.5 },"scale": 0.91},
			"*-baby-hippocamelusbisulcus-*": {"translation": { "x": -0.9, "y": 0, "z": 0 },"rotation": { "x": 0, "y": 180, "z": 0 },"origin": { "x": 1, "y": 0.5, "z": 0.5 },"scale": 0.74},"*-female-hippocamelusbisulcus-*": {"translation": { "x": -0.9, "y": 0, "z": 0 },"rotation": { "x": 0, "y": 180, "z": 0 },"origin": { "x": 1, "y": 0.5, "z": 0.5 },"scale": 0.8},"*-male-hippocamelusbisulcus-*": {"translation": { "x": -0.9, "y": 0, "z": 0 },"rotation": { "x": 0, "y": 180, "z": 0 },"origin": { "x": 1, "y": 0.5, "z": 0.5 },"scale": 0.9},
			"*-baby-mazamaamericana-*": {"translation": { "x": -0.9, "y": 0, "z": 0 },"rotation": { "x": 0, "y": 180, "z": 0 },"origin": { "x": 1, "y": 0.5, "z": 0.5 },"scale": 0.7},"*-female-mazamaamericana-*": {"translation": { "x": -0.9, "y": 0, "z": 0 },"rotation": { "x": 0, "y": 180, "z": 0 },"origin": { "x": 1, "y": 0.5, "z": 0.5 },"scale": 0.9},"*-male-mazamaamericana-*": {"translation": { "x": -0.9, "y": 0, "z": 0 },"rotation": { "x": 0, "y": 180, "z": 0 },"origin": { "x": 1, "y": 0.5, "z": 0.5 },"scale": 1.03},
			"*-baby-mazamabricenii-*": {"translation": { "x": -0.9, "y": 0, "z": 0 },"rotation": { "x": 0, "y": 180, "z": 0 },"origin": { "x": 1, "y": 0.5, "z": 0.5 },"scale": 0.5},"*-female-mazamabricenii-*": {"translation": { "x": -0.9, "y": 0, "z": 0 },"rotation": { "x": 0, "y": 180, "z": 0 },"origin": { "x": 1, "y": 0.5, "z": 0.5 },"scale": 0.6},"*-male-mazamabricenii-*": {"translation": { "x": -0.9, "y": 0, "z": 0 },"rotation": { "x": 0, "y": 180, "z": 0 },"origin": { "x": 1, "y": 0.5, "z": 0.5 },"scale": 0.64},
			"*-baby-mazamajucunda-*": {"translation": { "x": -0.9, "y": 0, "z": 0 },"rotation": { "x": 0, "y": 180, "z": 0 },"origin": { "x": 1, "y": 0.5, "z": 0.5 },"scale": 0.45},"*-female-mazamajucunda-*": {"translation": { "x": -0.9, "y": 0, "z": 0 },"rotation": { "x": 0, "y": 180, "z": 0 },"origin": { "x": 1, "y": 0.5, "z": 0.5 },"scale": 0.5},"*-male-mazamajucunda-*": {"translation": { "x": -0.9, "y": 0, "z": 0 },"rotation": { "x": 0, "y": 180, "z": 0 },"origin": { "x": 1, "y": 0.5, "z": 0.5 },"scale": 0.56},
			"*-baby-mazamanana-*": {"translation": { "x": -0.9, "y": 0, "z": 0 },"rotation": { "x": 0, "y": 180, "z": 0 },"origin": { "x": 1, "y": 0.5, "z": 0.5 },"scale": 0.45},"*-female-mazamanana-*": {"translation": { "x": -0.9, "y": 0, "z": 0 },"rotation": { "x": 0, "y": 180, "z": 0 },"origin": { "x": 1, "y": 0.5, "z": 0.5 },"scale": 0.6},"*-male-mazamanana-*": {"translation": { "x": -0.9, "y": 0, "z": 0 },"rotation": { "x": 0, "y": 180, "z": 0 },"origin": { "x": 1, "y": 0.5, "z": 0.5 },"scale": 0.625},
			"*-baby-mazamarufa-*": {"translation": { "x": -0.9, "y": 0, "z": 0 },"rotation": { "x": 0, "y": 180, "z": 0 },"origin": { "x": 1, "y": 0.5, "z": 0.5 },"scale": 0.7},"*-female-mazamarufa-*": {"translation": { "x": -0.9, "y": 0, "z": 0 },"rotation": { "x": 0, "y": 180, "z": 0 },"origin": { "x": 1, "y": 0.5, "z": 0.5 },"scale": 0.875},
			"*-baby-mazamarufina-*": {"translation": { "x": -0.9, "y": 0, "z": 0 },"rotation": { "x": 0, "y": 180, "z": 0 },"origin": { "x": 1, "y": 0.5, "z": 0.5 },"scale": 0.45},"*-female-mazamarufina-*": {"translation": { "x": -0.9, "y": 0, "z": 0 },"rotation": { "x": 0, "y": 180, "z": 0 },"origin": { "x": 1, "y": 0.5, "z": 0.5 },"scale": 0.53},"*-male-mazamarufina-*": {"translation": { "x": -0.9, "y": 0, "z": 0 },"rotation": { "x": 0, "y": 180, "z": 0 },"origin": { "x": 1, "y": 0.5, "z": 0.5 },"scale": 0.58},
			"*-baby-mazamatemama-*": {"translation": { "x": -0.9, "y": 0, "z": 0 },"rotation": { "x": 0, "y": 180, "z": 0 },"origin": { "x": 1, "y": 0.5, "z": 0.5 },"scale": 0.7},"*-female-mazamatemama-*": {"translation": { "x": -0.9, "y": 0, "z": 0 },"rotation": { "x": 0, "y": 180, "z": 0 },"origin": { "x": 1, "y": 0.5, "z": 0.5 },"scale": 0.85},"*-male-mazamatemama-*": {"translation": { "x": -0.9, "y": 0, "z": 0 },"rotation": { "x": 0, "y": 180, "z": 0 },"origin": { "x": 1, "y": 0.5, "z": 0.5 },"scale": 0.875},
			"*-baby-mazamatienhoveni-*": {"translation": { "x": -0.9, "y": 0, "z": 0 },"rotation": { "x": 0, "y": 180, "z": 0 },"origin": { "x": 1, "y": 0.5, "z": 0.5 },"scale": 0.5},"*-female-mazamatienhoveni-*": {"translation": { "x": -0.9, "y": 0, "z": 0 },"rotation": { "x": 0, "y": 180, "z": 0 },"origin": { "x": 1, "y": 0.5, "z": 0.5 },"scale": 0.6},"*-male-mazamatienhoveni-*": {"translation": { "x": -0.9, "y": 0, "z": 0 },"rotation": { "x": 0, "y": 180, "z": 0 },"origin": { "x": 1, "y": 0.5, "z": 0.5 },"scale": 0.625},
			"*-baby-odocoileushemionus-*": {"translation": { "x": -0.9, "y": 0, "z": 0 },"rotation": { "x": 0, "y": 180, "z": 0 },"origin": { "x": 1, "y": 0.5, "z": 0.5 },"scale": 0.85},"*-female-odocoileushemionus-*": {"translation": { "x": -0.9, "y": 0, "z": 0 },"rotation": { "x": 0, "y": 180, "z": 0 },"origin": { "x": 1, "y": 0.5, "z": 0.5 },"scale": 0.75},"*-male-odocoileushemionus-*": {"translation": { "x": -0.9, "y": 0, "z": 0 },"rotation": { "x": 0, "y": 180, "z": 0 },"origin": { "x": 1, "y": 0.5, "z": 0.5 },"scale": 0.9},
			"*-female-odocoileuslucasi-*": {"translation": { "x": -0.9, "y": 0, "z": 0 },"rotation": { "x": 0, "y": 180, "z": 0 },"origin": { "x": 1, "y": 0.5, "z": 0.5 },"scale": 0.92},"*-male-odocoileuslucasi-*": {"translation": { "x": -0.9, "y": 0, "z": 0 },"rotation": { "x": 0, "y": 180, "z": 0 },"origin": { "x": 1, "y": 0.5, "z": 0.5 },"scale": 1.09},
			"*-baby-odocoileuspandora-*": {"translation": { "x": -0.9, "y": 0, "z": 0 },"rotation": { "x": 0, "y": 180, "z": 0 },"origin": { "x": 1, "y": 0.5, "z": 0.5 },"scale": 0.5},"*-female-odocoileuspandora-*": {"translation": { "x": -0.9, "y": 0, "z": 0 },"rotation": { "x": 0, "y": 180, "z": 0 },"origin": { "x": 1, "y": 0.5, "z": 0.5 },"scale": 0.75},"*-male-odocoileuspandora-*": {"translation": { "x": -0.9, "y": 0, "z": 0 },"rotation": { "x": 0, "y": 180, "z": 0 },"origin": { "x": 1, "y": 0.5, "z": 0.5 },"scale": 0.875},
			"*-baby-odocoileusvirginianus-*": {"translation": { "x": -0.9, "y": 0, "z": 0 },"rotation": { "x": 0, "y": 180, "z": 0 },"origin": { "x": 1, "y": 0.5, "z": 0.5 },"scale": 0.9},"*-female-odocoileusvirginianus-*": {"translation": { "x": -0.9, "y": 0, "z": 0 },"rotation": { "x": 0, "y": 180, "z": 0 },"origin": { "x": 1, "y": 0.5, "z": 0.5 },"scale": 0.8},
			"*-baby-ozotocerosbezoarticus-*": {"translation": { "x": -0.9, "y": 0, "z": 0 },"rotation": { "x": 0, "y": 180, "z": 0 },"origin": { "x": 1, "y": 0.5, "z": 0.5 },"scale": 0.75},"*-female-ozotocerosbezoarticus-*": {"translation": { "x": -0.9, "y": 0, "z": 0 },"rotation": { "x": 0, "y": 180, "z": 0 },"origin": { "x": 1, "y": 0.5, "z": 0.5 },"scale": 0.93},
			"*-baby-passalitesnemorivaga-*": {"translation": { "x": -0.9, "y": 0, "z": 0 },"rotation": { "x": 0, "y": 180, "z": 0 },"origin": { "x": 1, "y": 0.5, "z": 0.5 },"scale": 0.5},"*-female-passalitesnemorivaga-*": {"translation": { "x": -0.9, "y": 0, "z": 0 },"rotation": { "x": 0, "y": 180, "z": 0 },"origin": { "x": 1, "y": 0.5, "z": 0.5 },"scale": 0.6},"*-male-passalitesnemorivaga-*": {"translation": { "x": -0.9, "y": 0, "z": 0 },"rotation": { "x": 0, "y": 180, "z": 0 },"origin": { "x": 1, "y": 0.5, "z": 0.5 },"scale": 0.625},
			"*-baby-pudellacarlae-*": {"translation": { "x": -0.9, "y": 0, "z": 0 },"rotation": { "x": 0, "y": 180, "z": 0 },"origin": { "x": 1, "y": 0.5, "z": 0.5 },"scale": 0.34},"*-female-pudellacarlae-*": {"translation": { "x": -0.9, "y": 0, "z": 0 },"rotation": { "x": 0, "y": 180, "z": 0 },"origin": { "x": 1, "y": 0.5, "z": 0.5 },"scale": 0.57},"*-male-pudellacarlae-*": {"translation": { "x": -0.9, "y": 0, "z": 0 },"rotation": { "x": 0, "y": 180, "z": 0 },"origin": { "x": 1, "y": 0.5, "z": 0.5 }, "scale": 0.62},
			"*-baby-pudellamephistophiles-*": {"translation": { "x": -0.9, "y": 0, "z": 0 },"rotation": { "x": 0, "y": 180, "z": 0 },"origin": { "x": 1, "y": 0.5, "z": 0.5 },"scale": 0.31},"*-female-pudellamephistophiles-*": {"translation": { "x": -0.9, "y": 0, "z": 0 },"rotation": { "x": 0, "y": 180, "z": 0 },"origin": { "x": 1, "y": 0.5, "z": 0.5 },"scale": 0.52},"*-male-pudellamephistophiles-*": {"translation": { "x": -0.9, "y": 0, "z": 0 },"rotation": { "x": 0, "y": 180, "z": 0 },"origin": { "x": 1, "y": 0.5, "z": 0.5 }, "scale": 0.57},
			"*-baby-pudupuda-*": {"translation": { "x": -0.9, "y": 0, "z": 0 },"rotation": { "x": 0, "y": 180, "z": 0 },"origin": { "x": 1, "y": 0.5, "z": 0.5 },"scale": 0.37},"*-female-pudupuda-*": {"translation": { "x": -0.9, "y": 0, "z": 0 },"rotation": { "x": 0, "y": 180, "z": 0 },"origin": { "x": 1, "y": 0.5, "z": 0.5 },"scale": 0.65},"*-male-pudupuda-*": {"translation": { "x": -0.9, "y": 0, "z": 0 },"rotation": { "x": 0, "y": 180, "z": 0 },"origin": { "x": 1, "y": 0.5, "z": 0.5 }, "scale": 0.73},
			"*-baby-rangiferarcticus-*": {"translation": { "x": -0.9, "y": 0, "z": 0 },"rotation": { "x": 0, "y": 180, "z": 0 },"origin": { "x": 1, "y": 0.5, "z": 0.5 },"scale": 0.8},"*-female-rangiferarcticus-*": {"translation": { "x": -0.9, "y": 0, "z": 0 },"rotation": { "x": 0, "y": 180, "z": 0 },"origin": { "x": 1, "y": 0.5, "z": 0.5 },"scale": 0.88},"*-male-rangiferarcticus-*": {"translation": { "x": -0.9, "y": 0, "z": 0 },"rotation": { "x": 0, "y": 180, "z": 0 },"origin": { "x": 1, "y": 0.5, "z": 0.5 }, "scale": 1.01},
			"*-baby-rangifercaribou-*": {"translation": { "x": -0.9, "y": 0, "z": 0 },"rotation": { "x": 0, "y": 180, "z": 0 },"origin": { "x": 1, "y": 0.5, "z": 0.5 },"scale": 0.9},"*-female-rangifercaribou-*": {"translation": { "x": -0.9, "y": 0, "z": 0 },"rotation": { "x": 0, "y": 180, "z": 0 },"origin": { "x": 1, "y": 0.5, "z": 0.5 },"scale": 0.92},"*-male-rangifercaribou-*": {"translation": { "x": -0.9, "y": 0, "z": 0 },"rotation": { "x": 0, "y": 180, "z": 0 },"origin": { "x": 1, "y": 0.5, "z": 0.5 }, "scale": 1.04},	
			"*-baby-rangiferfennicus-*": {"translation": { "x": -0.9, "y": 0, "z": 0 },"rotation": { "x": 0, "y": 180, "z": 0 },"origin": { "x": 1, "y": 0.5, "z": 0.5 },"scale": 0.9},"*-female-rangiferfennicus-*": {"translation": { "x": -0.9, "y": 0, "z": 0 },"rotation": { "x": 0, "y": 180, "z": 0 },"origin": { "x": 1, "y": 0.5, "z": 0.5 },"scale": 0.97},"*-male-rangiferfennicus-*": {"translation": { "x": -0.9, "y": 0, "z": 0 },"rotation": { "x": 0, "y": 180, "z": 0 },"origin": { "x": 1, "y": 0.5, "z": 0.5 }, "scale": 1.13},	
			"*-baby-rangifergroenlandicus-*": {"translation": { "x": -0.9, "y": 0, "z": 0 },"rotation": { "x": 0, "y": 180, "z": 0 },"origin": { "x": 1, "y": 0.5, "z": 0.5 },"scale": 0.8},"*-female-rangifergroenlandicus-*": {"translation": { "x": -0.9, "y": 0, "z": 0 },"rotation": { "x": 0, "y": 180, "z": 0 },"origin": { "x": 1, "y": 0.5, "z": 0.5 },"scale": 0.88},"*-male-rangifergroenlandicus-*": {"translation": { "x": -0.9, "y": 0, "z": 0 },"rotation": { "x": 0, "y": 180, "z": 0 },"origin": { "x": 1, "y": 0.5, "z": 0.5 }, "scale": 0.97},
			"*-baby-rangiferplatyrhynchus-*": {"translation": { "x": -0.9, "y": 0, "z": 0 },"rotation": { "x": 0, "y": 180, "z": 0 },"origin": { "x": 1, "y": 0.5, "z": 0.5 },"scale": 0.75},"*-female-rangiferplatyrhynchus-*": {"translation": { "x": -0.9, "y": 0, "z": 0 },"rotation": { "x": 0, "y": 180, "z": 0 },"origin": { "x": 1, "y": 0.5, "z": 0.5 },"scale": 0.8},"*-male-rangiferplatyrhynchus-*": {"translation": { "x": -0.9, "y": 0, "z": 0 },"rotation": { "x": 0, "y": 180, "z": 0 },"origin": { "x": 1, "y": 0.5, "z": 0.5 }, "scale": 0.9},
			"*-baby-rangifertarandusdomesticus-*": {"translation": { "x": -0.9, "y": 0, "z": 0 },"rotation": { "x": 0, "y": 180, "z": 0 },"origin": { "x": 1, "y": 0.5, "z": 0.5 },"scale": 0.8},"*-female-rangifertarandusdomesticus-*": {"translation": { "x": -0.9, "y": 0, "z": 0 },"rotation": { "x": 0, "y": 180, "z": 0 },"origin": { "x": 1, "y": 0.5, "z": 0.5 },"scale": 0.81},"*-male-rangifertarandusdomesticus-*": {"translation": { "x": -0.9, "y": 0, "z": 0 },"rotation": { "x": 0, "y": 180, "z": 0 },"origin": { "x": 1, "y": 0.5, "z": 0.5 }, "scale": 0.97},
			"*-baby-rangifertarandus-*": {"translation": { "x": -0.9, "y": 0, "z": 0 },"rotation": { "x": 0, "y": 180, "z": 0 },"origin": { "x": 1, "y": 0.5, "z": 0.5 },"scale": 0.8},"*-female-rangifertarandus-*": {"translation": { "x": -0.9, "y": 0, "z": 0 },"rotation": { "x": 0, "y": 180, "z": 0 },"origin": { "x": 1, "y": 0.5, "z": 0.5 },"scale": 0.81},"*-male-rangifertarandus-*": {"translation": { "x": -0.9, "y": 0, "z": 0 },"rotation": { "x": 0, "y": 180, "z": 0 },"origin": { "x": 1, "y": 0.5, "z": 0.5 }, "scale": 0.97},
			"*-baby-subulochunyi-*": {"translation": { "x": -0.9, "y": 0, "z": 0 },"rotation": { "x": 0, "y": 180, "z": 0 },"origin": { "x": 1, "y": 0.5, "z": 0.5 },"scale": 0.4},"*-female-subulochunyi-*": {"translation": { "x": -0.9, "y": 0, "z": 0 },"rotation": { "x": 0, "y": 180, "z": 0 },"origin": { "x": 1, "y": 0.5, "z": 0.5 },"scale": 0.43},"*-male-subulochunyi-*": {"translation": { "x": -0.9, "y": 0, "z": 0 },"rotation": { "x": 0, "y": 180, "z": 0 },"origin": { "x": 1, "y": 0.5, "z": 0.5 },"scale": 0.47},
			"*-baby-subulogouazoubira-*": {"translation": { "x": -0.9, "y": 0, "z": 0 },"rotation": { "x": 0, "y": 180, "z": 0 },"origin": { "x": 1, "y": 0.5, "z": 0.5 },"scale": 0.7},"*-female-subulogouazoubira-*": {"translation": { "x": -0.9, "y": 0, "z": 0 },"rotation": { "x": 0, "y": 180, "z": 0 },"origin": { "x": 1, "y": 0.5, "z": 0.5 },"scale": 0.8},"*-male-subulogouazoubira-*": {"translation": { "x": -0.9, "y": 0, "z": 0 },"rotation": { "x": 0, "y": 180, "z": 0 },"origin": { "x": 1, "y": 0.5, "z": 0.5 }, "scale": 0.81},
			"*-female-torontoceroshypnogeos-*": {"translation": { "x": -0.9, "y": 0, "z": 0 },"rotation": { "x": 0, "y": 180, "z": 0 },"origin": { "x": 1, "y": 0.5, "z": 0.5 },"scale": 0.92},"*-male-torontoceroshypnogeos-*": {"translation": { "x": -0.9, "y": 0, "z": 0 },"rotation": { "x": 0, "y": 180, "z": 0 },"origin": { "x": 1, "y": 0.5, "z": 0.5 }, "scale": 1.05},			
			"*": {"translation": { "x": -0.9, "y": 0, "z": 0 },"rotation": { "x": 0, "y": 180, "z": 0 },"origin": { "x": 1, "y": 0.5, "z": 0.5 }
			}			
		}
  },
  "shapebytype": {
    "*-rangifertarandusdomesticus-*": {"base": "item/animal/mammal/hooved/{tribe}/rangifertarandus/headmount-{type}-{size}"},
    "*": {"base": "item/animal/mammal/hooved/{tribe}/{species}/headmount-{type}-{size}"}
  },
  "creativeinventory": {"general": [ "*" ], "decorative": [ "*" ]
  },
  "texturesByType": {
    "*-baby-capreoluscapreolus-*": {"skin": {"base": "entity/animal/mammal/hooved/{tribe}/hydropotesinermis-baby"}},
    "*-baby-capreoluspygargus-*": {"skin": {"base": "entity/animal/mammal/hooved/{tribe}/hydropotesinermis-baby"}},
    "*-hippocamelusbisulcus-*": {"skin": {"base": "entity/animal/mammal/hooved/{tribe}/hippocamelusbisulcus-{type}"}},
    "*-baby-mazamaamericana-*": {"skin": {"base": "entity/animal/mammal/hooved/{tribe}/subulogouazoubira-baby"}},
    "*-baby-mazamabricenii-*": {"skin": {"base": "entity/animal/mammal/hooved/{tribe}/mazamarufina-baby"}},
    "*-baby-mazamajucunda-*": {"skin": {"base": "entity/animal/mammal/hooved/{tribe}/subulogouazoubira-baby"}},
    "*-baby-mazamanana-*": {"skin": {"base": "entity/animal/mammal/hooved/{tribe}/subulogouazoubira-baby"}},
    "*-baby-mazamarufa-*": {"skin": {"base": "entity/animal/mammal/hooved/{tribe}/subulogouazoubira-baby"}},
    "*-baby-mazamatemama-*": {"skin": {"base": "entity/animal/mammal/hooved/{tribe}/subulogouazoubira-baby"}},
    "*-baby-mazamatienhoveni-*": {"skin": {"base": "entity/animal/mammal/hooved/{tribe}/subulogouazoubira-baby"}},
    "*-baby-odocoileushemionus-*": {"skin": {"base": "entity/animal/mammal/hooved/{tribe}/odocoileusvirginianus-baby"}},
    "*-baby-odocoileuslucasi-*": {"skin": {"base": "entity/animal/mammal/hooved/{tribe}/odocoileusvirginianus-baby"}},
    "*-baby-odocoileuspandora-*": {"skin": {"base": "entity/animal/mammal/hooved/{tribe}/odocoileusvirginianus-baby"}},
    "*-baby-passalitesnemorivaga-*": {"skin": {"base": "entity/animal/mammal/hooved/{tribe}/subulogouazoubira-baby"}},
    "*-baby-pudellacarlae-*": {"skin": {"base": "entity/animal/mammal/hooved/{tribe}/pudupuda-baby"}},
    "*-baby-pudellamephistophiles-*": {"skin": {"base": "entity/animal/mammal/hooved/{tribe}/pudupuda-baby"}},
    "*-baby-rangifertarandusdomesticus-*": {"skin": {"base": "entity/animal/mammal/hooved/{tribe}/rangifertarandus-baby"}},
    "*-baby-subulochunyi-*": {"skin": {"base": "entity/animal/mammal/hooved/{tribe}/mazamarufina-baby"}},
    "*-baby-torontoceroshypnogeos-*": {"skin": {"base": "entity/animal/mammal/hooved/{tribe}/odocoileusvirginianus-baby"}},
    "*-baby-*": {"skin": {"base": "entity/animal/mammal/hooved/{tribe}/{species}-baby"}},
    "*": {"skin": {"base": "entity/animal/mammal/hooved/{tribe}/{species}-adult"}}
  },
  "combustibleProps": {
    "burnTemperature": 400,
    "burnDuration": 10
  },
  "sounds": {
    "place": "game:block/cloth",
    "walk": "game:walk/cloth"
  },
  "guiTransformByType": {
		"*-alceini-*": {
     "translation": {"x": 0,"y": 3,"z": 0},
    "rotation": {"x": 0,"y": -60,"z": 180},
    "origin": {"x": 1,"y": 0.5,"z": 0.5},
    "scale": 1.5
      },
    "*-capreolini-*-*": {
     "translation": {"x": 0,"y": 3,"z": 0},
    "rotation": {"x": 0,"y": -60,"z": 180},
    "origin": {"x": 1,"y": 0.6,"z": 0.5},
    "scale": 2.5
      },
    "*-mazama*": {
     "translation": {"x": 0,"y": 3,"z": 0},
    "rotation": {"x": 0,"y": -60,"z": 180},
    "origin": {"x":1,"y": 0.6,"z": 0.5},
    "scale": 4.0
      },
    "*-pudu*": {
     "translation": {"x": 0,"y": 3,"z": 0},
    "rotation": {"x": 0,"y": -60,"z": 180},
    "origin": {"x": 1,"y": 0.6,"z": 0.5},
    "scale": 5.0
      },
    "*": {
     "translation": {"x": 0,"y": 3,"z": 0},
    "rotation": {"x": 0,"y": -60,"z": 180},
    "origin": {"x": 1,"y": 0.6,"z": 0.5},
    "scale": 2.0
      }
  },
  "groundTransform": {
    "translation": {"x": 0.5,"y": 0,"z": 0},
    "rotation": {"x": 0,"y": 135,"z": 0},
    "origin": {"x": 0.5,"y": -0.02,"z": 0.5},
    "scale": 1
  },
  "tpHandTransform": {
    "translation": {"x": -0.55,"y": -0.6,"z": -0.15},
    "rotation": {"x": 0,"y": 0,"z": 0},
    "origin": {"x": 0.5,"y": 0.5,"z": 0.1},
    "scale": 1.0
  },
  "fpHandTransform": {
    "rotation": {"x": 0,"y": 0,"z": 0},
    "origin": {"x": 0.5,"y": -1,"z": 1.5}
  },
  "materialDensity": 200
}