{
  "textureWidth":16,
  "textureHeight":16,
  "textures":{
    "material":"game:item/tool/material/string"
  },
  "textureSizes":{
    "material":[
      32,
      32
    ]
  },
  "elements":[
    {
      "name":"origin",
      "from":[
        11.0,
        0.5,
        7.699999988079071
      ],
      "to":[
        11.0,
        0.5,
        7.699999988079071
      ],
      "rotationOrigin":[
        8.0,
        0.0,
        8.0
      ],
      "group":"stick_string_stonehead",
      "faces":{
        "north":{
          "texture":"#0",
          "uv":[
            0,
            0,
            4,
            4
          ],
          "autoUv":false
        },
        "east":{
          "texture":"#0",
          "uv":[
            0,
            0,
            4,
            4
          ],
          "autoUv":false
        },
        "south":{
          "texture":"#0",
          "uv":[
            0,
            0,
            4,
            4
          ],
          "autoUv":false
        },
        "west":{
          "texture":"#0",
          "uv":[
            0,
            0,
            4,
            4
          ],
          "autoUv":false
        },
        "up":{
          "texture":"#material",
          "uv":[
            0.0,
            0.0,
            1.0,
            1.0
          ],
          "autoUv":false,
          "rotation":180
        },
        "down":{
          "texture":"#0",
          "uv":[
            0,
            0,
            4,
            4
          ],
          "autoUv":false
        }
      },
      "children":[
        {
          "name":"stick_string_stonehead 01",
          "from":[
            -4.604549676179886,
            -0.18223679065704346,
            -0.04464387893676758
          ],
          "to":[
            -4.252343863248825,
            1.2265864610671997,
            0.6283473372459412
          ],
          "rotationOrigin":[
            -4.4284467697143555,
            0.5221748352050781,
            0.29185181856155396
          ],
          "rotationX":-1.415280616432286,
          "rotationY":5.91612202886287,
          "rotationZ":3.959675385928424,
          "group":"stick_string_stonehead",
          "faces":{
            "north":{
              "texture":"#material",
              "uv":[
                20.0,
                5.0,
                24.0,
                6.0
              ],
              "autoUv":false,
              "rotation":90
            },
            "east":{
              "texture":"#material",
              "uv":[
                3.0,
                6.0,
                4.0,
                10.0
              ],
              "autoUv":false
            },
            "south":{
              "texture":"#material",
              "uv":[
                10.0,
                11.0,
                14.0,
                12.0
              ],
              "autoUv":false,
              "rotation":90
            },
            "west":{
              "texture":"#material",
              "uv":[
                6.0,
                11.0,
                8.0,
                15.0
              ],
              "autoUv":false
            },
            "up":{
              "texture":"#material",
              "uv":[
                24.999998092651367,
                4.0,
                27.0,
                5.000001907348633
              ],
              "autoUv":false,
              "rotation":90
            },
            "down":{
              "texture":"#material",
              "uv":[
                23.0,
                5.000001907348633,
                21.0,
                4.0
              ],
              "autoUv":false,
              "rotation":270
            }
          },
          "children":[]
        },
        {
          "name":"stick_string_stonehead 02",
          "from":[
            -2.1815319061279297,
            -0.4080101251602173,
            -0.03916662931442261
          ],
          "to":[
            -1.6815319061279297,
            1.703378438949585,
            0.6407594084739685
          ],
          "rotationOrigin":[
            -1.9315319061279297,
            0.6476842164993286,
            0.3007963299751282
          ],
          "rotationX":0.17594932823795148,
          "rotationY":-2.8226644669669794,
          "rotationZ":-29.449111927318675,
          "group":"stick_string_stonehead",
          "faces":{
            "north":{
              "texture":"#material",
              "uv":[
                13.549833297729492,
                11.0,
                17.77260971069336,
                12.0
              ],
              "autoUv":false,
              "rotation":90
            },
            "east":{
              "texture":"#material",
              "uv":[
                12.380783081054688,
                3.549835205078125,
                13.580652236938477,
                7.772611618041992
              ],
              "autoUv":false
            },
            "south":{
              "texture":"#material",
              "uv":[
                23.549833297729492,
                4.999998092651367,
                27.77260971069336,
                6.0
              ],
              "autoUv":false,
              "rotation":90
            },
            "west":{
              "texture":"#material",
              "uv":[
                7.419347763061523,
                11.54983139038086,
                8.619216918945312,
                15.77260971069336
              ],
              "autoUv":false
            },
            "up":{
              "texture":"#material",
              "uv":[
                11.419347763061523,
                7.0,
                12.619217872619629,
                8.0
              ],
              "autoUv":false,
              "rotation":90
            },
            "down":{
              "texture":"#material",
              "uv":[
                19.619218826293945,
                1.0,
                18.419349670410156,
                0.0
              ],
              "autoUv":false,
              "rotation":270
            }
          },
          "children":[]
        },
        {
          "name":"stick_string_stonehead 03",
          "from":[
            -3.68960839509964,
            -0.5225378274917603,
            -0.04849565029144287
          ],
          "to":[
            -3.172498881816864,
            1.5458987951278687,
            0.6747121810913086
          ],
          "rotationOrigin":[
            -3.431053638458252,
            0.5116804838180542,
            0.31310826539993286
          ],
          "rotationX":2.5189692835890596,
          "rotationY":-3.695552397610854,
          "rotationZ":-8.278140608957617,
          "group":"stick_string_stonehead",
          "faces":{
            "north":{
              "texture":"#material",
              "uv":[
                0.0,
                1.0,
                4.0,
                2.0
              ],
              "autoUv":false,
              "rotation":90
            },
            "east":{
              "texture":"#material",
              "uv":[
                0.37025588750839233,
                0.0,
                1.604278564453125,
                4.0
              ],
              "autoUv":false
            },
            "south":{
              "texture":"#material",
              "uv":[
                4.0,
                1.0,
                8.0,
                2.0
              ],
              "autoUv":false,
              "rotation":90
            },
            "west":{
              "texture":"#material",
              "uv":[
                1.395721435546875,
                8.0,
                2.629744052886963,
                12.0
              ],
              "autoUv":false
            },
            "up":{
              "texture":"#material",
              "uv":[
                11.395721435546875,
                3.0,
                12.629743576049805,
                4.0
              ],
              "autoUv":false,
              "rotation":90
            },
            "down":{
              "texture":"#material",
              "uv":[
                15.629743576049805,
                4.0,
                14.395721435546875,
                3.0
              ],
              "autoUv":false,
              "rotation":270
            }
          },
          "children":[]
        },
        {
          "name":"stick_string_stonehead 04",
          "from":[
            -4.267216309905052,
            -0.4396457076072693,
            -0.030120790004730225
          ],
          "to":[
            -3.807286635041237,
            1.3787606358528137,
            0.661967933177948
          ],
          "rotationOrigin":[
            -4.0372514724731445,
            0.469557523727417,
            0.3159235119819641
          ],
          "rotationX":-5.422585689744539e-07,
          "rotationY":-5.999997178757449,
          "rotationZ":10.000004831734799,
          "group":"stick_string_stonehead",
          "faces":{
            "north":{
              "texture":"#material",
              "uv":[
                16.0,
                11.0,
                20.0,
                12.0
              ],
              "autoUv":false,
              "rotation":90
            },
            "east":{
              "texture":"#material",
              "uv":[
                1.0,
                4.0,
                2.0,
                7.953662872314453
              ],
              "autoUv":false
            },
            "south":{
              "texture":"#material",
              "uv":[
                18.0,
                8.0,
                22.0,
                9.0
              ],
              "autoUv":false,
              "rotation":90
            },
            "west":{
              "texture":"#material",
              "uv":[
                5.0,
                5.0,
                6.0,
                8.953662872314453
              ],
              "autoUv":false
            },
            "up":{
              "texture":"#material",
              "uv":[
                15.000001907348633,
                2.0,
                17.0,
                2.999998092651367
              ],
              "autoUv":false,
              "rotation":90
            },
            "down":{
              "texture":"#material",
              "uv":[
                18.0,
                9.999998092651367,
                17.0,
                9.0
              ],
              "autoUv":false,
              "rotation":270
            }
          },
          "children":[]
        },
        {
          "name":"stick_string_stonehead 05",
          "from":[
            -2.7037337720394135,
            -0.48453640937805176,
            -0.03326347470283508
          ],
          "to":[
            -2.1902081072330475,
            1.6722712516784668,
            0.6946572065353394
          ],
          "rotationOrigin":[
            -2.4469709396362305,
            0.5938674211502075,
            0.33069688081741333
          ],
          "rotationX":-4.7222672438626486e-15,
          "rotationY":9.08878671853155e-16,
          "rotationZ":14.21141068150545,
          "group":"stick_string_stonehead",
          "faces":{
            "north":{
              "texture":"#material",
              "uv":[
                17.0,
                1.0,
                21.0,
                2.0
              ],
              "autoUv":false,
              "rotation":90
            },
            "east":{
              "texture":"#material",
              "uv":[
                0.3867260813713074,
                0.0,
                1.637458324432373,
                4.0
              ],
              "autoUv":false
            },
            "south":{
              "texture":"#material",
              "uv":[
                2.0,
                1.0,
                6.0,
                2.0
              ],
              "autoUv":false,
              "rotation":90
            },
            "west":{
              "texture":"#material",
              "uv":[
                5.362541675567627,
                5.0,
                6.613273620605469,
                9.0
              ],
              "autoUv":false
            },
            "up":{
              "texture":"#material",
              "uv":[
                0.0,
                1.3625411987304688,
                1.0,
                2.6132736206054688
              ],
              "autoUv":false
            },
            "down":{
              "texture":"#material",
              "uv":[
                1.0,
                2.6132736206054688,
                0.0,
                1.3625411987304688
              ],
              "autoUv":false,
              "rotation":180
            }
          },
          "children":[]
        },
        {
          "name":"stick_string_stonehead 06",
          "from":[
            -5.193868905305862,
            -0.08833080530166626,
            -0.3651711940765381
          ],
          "to":[
            -4.7892055362463,
            1.1093500256538391,
            0.95941162109375
          ],
          "rotationOrigin":[
            -5.028591156005859,
            0.5105096101760864,
            0.3015468716621399
          ],
          "rotationX":3.343445517252798e-08,
          "rotationY":-3.9999935657121863,
          "rotationZ":-0.9999996720885159,
          "group":"stick_string_stonehead",
          "faces":{
            "north":{
              "texture":"#material",
              "uv":[
                19.000001907348633,
                0.0,
                23.000001907348633,
                1.0
              ],
              "autoUv":false,
              "rotation":90
            },
            "east":{
              "texture":"#material",
              "uv":[
                4.0,
                3.999998092651367,
                9.0,
                7.999998092651367
              ],
              "autoUv":false
            },
            "south":{
              "texture":"#material",
              "uv":[
                11.0,
                4.0,
                15.000000953674316,
                4.999229431152344
              ],
              "autoUv":false,
              "rotation":90
            },
            "west":{
              "texture":"#material",
              "uv":[
                2.0,
                3.0,
                7.0,
                7.0
              ],
              "autoUv":false
            },
            "up":{
              "texture":"#material",
              "uv":[
                1.7197105884552002,
                0.0,
                7.0,
                1.0000019073486328
              ],
              "autoUv":false,
              "rotation":90
            },
            "down":{
              "texture":"#material",
              "uv":[
                19.999998092651367,
                2.999998092651367,
                14.719709396362305,
                2.0007686614990234
              ],
              "autoUv":false,
              "rotation":270
            }
          },
          "children":[]
        },
        {
          "name":"stick_string_stonehead 07",
          "from":[
            -4.780380666255951,
            0.07895153760910034,
            0.7162161394953728
          ],
          "to":[
            -4.327482759952545,
            1.0593847036361694,
            0.9125714972615242
          ],
          "rotationOrigin":[
            -4.553931713104248,
            0.4605444073677063,
            0.8143938183784485
          ],
          "rotationX":-0.3673434484170207,
          "rotationY":9.468507685054732,
          "rotationZ":-75.25266102974767,
          "group":"stick_string_stonehead",
          "faces":{
            "north":{
              "texture":"#material",
              "uv":[
                18.999998092651367,
                0.0,
                22.27444076538086,
                1.0
              ],
              "autoUv":false,
              "rotation":90
            },
            "east":{
              "texture":"#material",
              "uv":[
                4.0,
                4.0,
                5.0,
                7.274440765380859
              ],
              "autoUv":false
            },
            "south":{
              "texture":"#material",
              "uv":[
                11.0,
                4.000003814697266,
                14.27443790435791,
                5.0
              ],
              "autoUv":false,
              "rotation":90
            },
            "west":{
              "texture":"#material",
              "uv":[
                6.0,
                3.000001907348633,
                7.0,
                6.274440765380859
              ],
              "autoUv":false
            },
            "up":{
              "texture":"#material",
              "uv":[
                6.000000476837158,
                0.0,
                7.000000476837158,
                1.0
              ],
              "autoUv":false,
              "rotation":90
            },
            "down":{
              "texture":"#material",
              "uv":[
                20.0,
                4.0,
                19.0,
                2.0
              ],
              "autoUv":false,
              "rotation":270
            }
          },
          "children":[]
        },
        {
          "name":"stick_string_stonehead 08",
          "from":[
            -5.0035074055194855,
            -0.03488391637802124,
            -0.3234206438064575
          ],
          "to":[
            -4.550609454512596,
            0.8429526388645172,
            -0.1270652711391449
          ],
          "rotationOrigin":[
            -4.670459747314453,
            0.5639563798904419,
            0.210191547870636
          ],
          "rotationX":-1.769175982662507,
          "rotationY":-7.000498229419726,
          "rotationZ":97.18211717147582,
          "group":"stick_string_stonehead",
          "faces":{
            "north":{
              "texture":"#material",
              "uv":[
                13.931788444519043,
                4.0,
                11.0,
                5.0
              ],
              "autoUv":false,
              "rotation":90
            },
            "east":{
              "texture":"#material",
              "uv":[
                7.000000476837158,
                3.000001907348633,
                6.0,
                5.931787490844727
              ],
              "autoUv":false,
              "rotation":180
            },
            "south":{
              "texture":"#material",
              "uv":[
                21.93178939819336,
                0.0,
                18.999996185302734,
                1.0
              ],
              "autoUv":false,
              "rotation":90
            },
            "west":{
              "texture":"#material",
              "uv":[
                5.0,
                4.0,
                4.0,
                6.931787490844727
              ],
              "autoUv":false,
              "rotation":180
            },
            "up":{
              "texture":"#material",
              "uv":[
                20.0,
                2.0,
                19.0,
                3.8894309997558594
              ],
              "autoUv":false,
              "rotation":90
            },
            "down":{
              "texture":"#material",
              "uv":[
                6.000000476837158,
                1.0,
                7.000000476837158,
                0.0
              ],
              "autoUv":false,
              "rotation":270
            }
          },
          "children":[]
        },
        {
          "name":"stick_string_stonehead 09",
          "from":[
            -5.572002470493317,
            -0.09654998779296875,
            -0.30047309398651123
          ],
          "to":[
            -5.143852412700653,
            1.0909355878829956,
            0.8985352516174316
          ],
          "rotationOrigin":[
            -5.309314250946045,
            0.4971928000450134,
            0.2990310788154602
          ],
          "rotationX":1.755213591236689e-08,
          "rotationY":7.000000052497138,
          "rotationZ":-0.9999994586451043,
          "group":"stick_string_stonehead",
          "faces":{
            "north":{
              "texture":"#material",
              "uv":[
                6.0,
                0.0,
                1.999999761581421,
                1.0
              ],
              "autoUv":false,
              "rotation":90
            },
            "east":{
              "texture":"#material",
              "uv":[
                21.0,
                4.0,
                16.0,
                8.0
              ],
              "autoUv":false
            },
            "south":{
              "texture":"#material",
              "uv":[
                13.999999046325684,
                4.0,
                10.0,
                5.000001907348633
              ],
              "autoUv":false,
              "rotation":90
            },
            "west":{
              "texture":"#material",
              "uv":[
                23.0,
                3.0,
                18.0,
                7.0
              ],
              "autoUv":false
            },
            "up":{
              "texture":"#material",
              "uv":[
                23.0,
                0.0,
                18.0,
                1.0
              ],
              "autoUv":false,
              "rotation":90
            },
            "down":{
              "texture":"#material",
              "uv":[
                5.000000476837158,
                3.0,
                10.0,
                2.0
              ],
              "autoUv":false,
              "rotation":270
            }
          },
          "children":[]
        },
        {
          "name":"stick_string_stonehead 10",
          "from":[
            -5.3481347262859344,
            -0.308112770318985,
            0.377568744122982
          ],
          "to":[
            -5.14266899228096,
            0.0020665526390075684,
            0.6103306785225868
          ],
          "rotationOrigin":[
            -5.245401859283447,
            -0.1530231237411499,
            0.4939497113227844
          ],
          "rotationX":-18.99999654444615,
          "rotationY":7.000000479383962,
          "rotationZ":-19.99999941818584,
          "group":"stick_string_stonehead",
          "faces":{
            "north":{
              "texture":"#material",
              "uv":[
                3.999999523162842,
                6.088470458984375,
                4.999999523162842,
                7.0
              ],
              "autoUv":false,
              "rotation":180
            },
            "east":{
              "texture":"#material",
              "uv":[
                3.0,
                7.088470458984375,
                3.999999523162842,
                7.999996185302734
              ],
              "autoUv":false,
              "rotation":180
            },
            "south":{
              "texture":"#material",
              "uv":[
                4.999999523162842,
                6.088470458984375,
                6.0,
                7.0
              ],
              "autoUv":false,
              "rotation":180
            },
            "west":{
              "texture":"#material",
              "uv":[
                3.999999523162842,
                7.088470458984375,
                4.999999523162842,
                7.999996185302734
              ],
              "autoUv":false,
              "rotation":180
            },
            "up":{
              "texture":"#material",
              "uv":[
                7.0,
                6.0,
                8.0,
                7.0
              ],
              "autoUv":false
            },
            "down":{
              "texture":"#material",
              "uv":[
                8.0,
                7.999998092651367,
                7.0,
                7.0
              ],
              "autoUv":false
            }
          },
          "children":[]
        },
        {
          "name":"stick_string_stonehead 11",
          "from":[
            -5.350837931036949,
            -0.46132951974868774,
            -0.13167141377925873
          ],
          "to":[
            -5.145372174680233,
            0.029784202575683594,
            0.10109053552150726
          ],
          "rotationOrigin":[
            -5.248105049133301,
            -0.21577265858650208,
            -0.015290439128875732
          ],
          "rotationX":28.0000121628196,
          "rotationY":-2.771456573448958e-06,
          "rotationZ":-20.000007955922303,
          "group":"stick_string_stonehead",
          "faces":{
            "north":{
              "texture":"#material",
              "uv":[
                6.0,
                6.556758880615234,
                7.0,
                8.000003814697266
              ],
              "autoUv":false,
              "rotation":180
            },
            "east":{
              "texture":"#material",
              "uv":[
                4.999999523162842,
                6.556758880615234,
                6.0,
                8.000003814697266
              ],
              "autoUv":false,
              "rotation":180
            },
            "south":{
              "texture":"#material",
              "uv":[
                6.0,
                5.556758880615234,
                7.0,
                7.0
              ],
              "autoUv":false,
              "rotation":180
            },
            "west":{
              "texture":"#material",
              "uv":[
                3.0,
                5.556758880615234,
                3.999999523162842,
                7.0
              ],
              "autoUv":false,
              "rotation":180
            },
            "up":{
              "texture":"#material",
              "uv":[
                7.0,
                8.000001907348633,
                8.0,
                8.999998092651367
              ],
              "autoUv":false
            },
            "down":{
              "texture":"#material",
              "uv":[
                8.0,
                10.0,
                7.0,
                9.0
              ],
              "autoUv":false
            }
          },
          "children":[]
        }
      ]
    }
  ],
  "groups":[]
}