{
	"code": "smoked",
	"maxstacksize": 64,
	"attributes": {
		"onHookTransformByType": {
			"*-redmeat": {
				"scale": 1,
				"origin": {
					"x": 0,
					"y": 0,
					"z": 0
				},
				"translation": {
					"x": -0.24875,
					"y": 0.03625,
					"z": 0.725
				},
				"rotation": {
					"x": 0,
					"y": 70,
					"z": 90
				}
			},
			"*-primemeat": {
				"scale": 1,
				"origin": {
					"x": 0,
					"y": 0,
					"z": 0
				},
				"translation": {
					"x": -0.24875,
					"y": 0.03625,
					"z": 0.725
				},
				"rotation": {
					"x": 0,
					"y": 70,
					"z": 90
				}
			},
			"*-fish": {
				"scale": 1,
				"origin": {
					"x": 0,
					"y": 0,
					"z": 0
				},
				"translation": {
					"x": -0.32875,
					"y": -0.1525,
					"z": 0.705
				},
				"rotation": {
					"x": 0,
					"y": 70,
					"z": 90
				}
			},
			"*-bushmeat": {
				"scale": 1,
				"origin": {
					"x": 0,
					"y": 0,
					"z": 0
				},
				"translation": {
					"x": -0.32875,
					"y": 0.00225,
					"z": 0.675
				},
				"rotation": {
					"x": 0,
					"y": 70,
					"z": 90
				}
			}
		},
		"nutritionPropsWhenInMealByType": {
			"*-none-primemeat": {
				"satiety": 360,
				"foodcategory": "Protein"
			},
			"*-none-redmeat": {
				"satiety": 300,
				"foodcategory": "Protein"
			},
			"*-cured-redmeat": {
				"satiety": 230,
				"foodcategory": "Protein"
			},
			"*-none-bushmeat": {
				"satiety": 150,
				"foodcategory": "Protein"
			},
			"*-cured-bushmeat": {
				"satiety": 110,
				"foodcategory": "Protein"
			},
			"*-none-fish": {
				"satiety": 190,
				"foodcategory": "Protein"
			},
			"*-cured-fish": {
				"satiety": 150,
				"foodcategory": "Protein"
			}
		},
		"inPiePropertiesByType": {
			"*-redmeat": {
				"texture": "game:block/food/pie/fill-redmeat",
				"partType": "Filling"
			},
			"*-bushmeat": {
				"texture": "game:block/food/pie/fill-bushmeat",
				"partType": "Filling"
			},
			"*-fish": {
				"texture": "game:block/food/pie/fill-fish",
				"partType": "Filling"
			},
			"*-primemeat": {
				"texture": "game:block/food/pie/fill-redmeat",
				"partType": "Filling"
			}
		}
	},
	"variantgroups": [
		{
			"code": "prepared",
			"states": [ "none", "cured", "healing" ]
		},
		{
			"code": "type",
			"states": [ "redmeat", "bushmeat", "fish", "primemeat" ]
		}
	],
	"allowedVariants": [ "*-none-*", "*-cured-redmeat", "*-cured-bushmeat", "*-cured-fish", "*-healing-primemeat" ],
	"shapebytype": {
		"smoked-*-redmeat": { "base": "game:item/food/meat/red" },
		"smoked-*-bushmeat": { "base": "game:item/food/meat/bushmeat" },
		"smoked-*-fish": { "base": "game:item/food/meat/fish" },
		"smoked-*-primemeat": { "base": "items/resources/primemeat" }
	},
	"texturesbytype": {
		"smoked-none-primemeat": {
			"raw": { "base": "item/food/smoked/smokedprimemeat" }
		},
		"smoked-none-*": {
			"meat": { "base": "item/food/smoked/smoked" },
			"raw": { "base": "item/food/smoked/smoked" }
		},
		"smoked-cured-*": {
			"meat": { "base": "item/food/smoked/cured-smoked" },
			"raw": { "base": "item/food/smoked/cured-smoked" }
		},
		"smoked-healing-primemeat": {
			"raw": { "base": "item/food/smoked/healingsmokedprimemeat" }
		}
	},
	"creativeinventory": {
		"general": [ "*" ],
		"items": [ "*" ],
		"butchering": [ "*" ]
	},
	"nutritionPropsByType": {
		"smoked-none-redmeat": {
			"satiety": 220,
			"health": 0,
			"foodcategory": "Protein"
		},
		"smoked-cured-redmeat": {
			"satiety": 160,
			"health": 0,
			"foodcategory": "Protein"
		},
		"smoked-none-bushmeat": {
			"satiety": 100,
			"health": 0,
			"foodcategory": "Protein"
		},
		"smoked-cured-bushmeat": {
			"satiety": 80,
			"health": 0,
			"foodcategory": "Protein"
		},
		"smoked-none-fish": {
			"satiety": 160,
			"health": 0,
			"foodcategory": "Protein"
		},
		"smoked-cured-fish": {
			"satiety": 130,
			"health": 0,
			"foodcategory": "Protein"
		},
		"smoked-none-primemeat": {
			"satiety": 300,
			"health": 1,
			"foodcategory": "Protein"
		},
		"smoked-healing-primemeat": {
			"satiety": 200,
			"health": 6,
			"foodcategory": "Protein"
		}
	},
	"transitionablePropsByType": {
		"*-none-*": [
			{
				"type": "Perish",
				"freshHours": { "avg": 800 },
				"spoilHours": { "avg": 80 },
				"transitionedStack": {
					"type": "item",
					"code": "game:rot"
				},
				"transitionRatio": 1
			}
		],
		"*-cured-*": [
			{
				"type": "Perish",
				"freshHours": { "avg": 9200 },
				"spoilHours": { "avg": 4380 },
				"transitionedStack": {
					"type": "item",
					"code": "game:rot"
				},
				"transitionRatio": 1
			}
		],
		"*-healing-*": [
			{
				"type": "Perish",
				"freshHours": { "avg": 3000 },
				"spoilHours": { "avg": 120 },
				"transitionedStack": {
					"type": "item",
					"code": "game:rot"
				},
				"transitionRatio": 1
			}
		]
	},
	"materialDensity": 600,
	"guiTransformByType": {
		"smoked-*-redmeat": {
			"rotate": false,
			"translation": {
				"x": 9.5,
				"y": 5,
				"z": 0
			},
			"rotation": {
				"x": 171,
				"y": -122,
				"z": 33
			},
			"origin": {
				"x": 0.4,
				"y": 0.08,
				"z": 0.5
			},
			"scale": 4.7199
		},
		"smoked-*-primemeat": {
			"rotate": false,
			"translation": {
				"x": 0.5,
				"y": 0,
				"z": 0
			},
			"rotation": {
				"x": 171,
				"y": -122,
				"z": 33
			},
			"origin": {
				"x": 0.4,
				"y": 0.08,
				"z": 0.5
			},
			"scale": 4.72
		},
		"smoked-*-fish": {
			"rotate": false,
			"translation": {
				"x": 3,
				"y": 0,
				"z": 0
			},
			"rotation": {
				"x": -22.5,
				"y": -44.6875,
				"z": -158
			},
			"origin": {
				"x": 0.55,
				"y": 0.03,
				"z": 0.51
			},
			"scale": 2.81
		},
		"smoked-*-bushmeat": {
			"rotate": false,
			"translation": {
				"x": 0,
				"y": 0,
				"z": 0
			},
			"rotation": {
				"x": 171,
				"y": -122,
				"z": 33
			},
			"origin": {
				"x": 0.5,
				"y": 0.04,
				"z": 0.53
			},
			"scale": 4.7199
		}
	},
	"tpHandTransformByType": {
		"*": {
			"translation": {
				"x": 0,
				"y": 0,
				"z": 0
			},
			"rotation": {
				"x": 5,
				"y": 41,
				"z": -31
			},
			"origin": {
				"x": 0.23,
				"y": 0,
				"z": 0.13
			},
			"scale": 0.75
		}
	},
	"groundTransformByType": {
		"*": {
			"translation": {
				"x": 0,
				"y": 0,
				"z": 0
			},
			"rotation": {
				"x": 180,
				"y": 33,
				"z": -180
			},
			"origin": {
				"x": 0.5,
				"y": 0,
				"z": 0.5
			},
			"scale": 5
		}
	},
	"fpHandTransformByType": {
		"*": {
			"translation": {
				"x": -0.06,
				"y": 0.36,
				"z": 0.23
			},
			"rotation": {
				"x": 40,
				"y": 91,
				"z": 15
			},
			"origin": {
				"x": 0.5,
				"y": 0.1,
				"z": 0.5
			},
			"scale": 2.5
		}
	}
}