[
  {
    "op": "addmerge",
    "path": "/attributes/bookshelveable",
    "value": true,
    "file": "alchemy:blocktypes/flasks/potionflask.json",
    "side": "Server"
  },
  
  {
    "op": "add",
    "path": "/attributes/bookshelveable",
    "value": true,
    "file": "alchemy:blocktypes/clay/fired/claypotionflask.json",
    "side": "Server"
  },
  {
    "op": "add",
    "path": "/attributes/bookshelveable",
    "value": true,
    "file": "alchemy:blocktypes/clay/raw/claypotionflask.json",
    "side": "Server"
  },
  {
    "op": "add",
    "path": "/attributes/bookshelveable",
    "value": true,
    "file": "alchemy:itemtypes/flowercutting.json",
    "side": "Server"
  },
  {
    "op": "add",
    "path": "/attributes/displaycaseable",
    "value": true,
    "file": "alchemy:itemtypes/flowercutting.json",
    "side": "Server"
  },
  {
    "op": "add",
    "path": "/attributes/bookshelveable",
    "value": true,
    "file": "alchemy:itemtypes/herbrackhook.json",
    "side": "Server"
  },
  {
    "op": "add",
    "path": "/attributes/displaycaseable",
    "value": true,
    "file": "alchemy:itemtypes/herbrackhook.json",
    "side": "Server"
  },
  {
    "op": "add",
    "path": "/attributes/bookshelveable",
    "value": true,
    "file": "alchemy:itemtypes/herbracktop.json",
    "side": "Server"
  },
  {
    "op": "add",
    "path": "/attributes/displaycaseable",
    "value": true,
    "file": "alchemy:itemtypes/herbracktop.json",
    "side": "Server"
  },
  {
    "op": "add",
    "path": "/attributes/bookshelveable",
    "value": true,
    "file": "alchemy:itemtypes/ingredient/potionbase.json",
    "side": "Server"
  },
  {
    "op": "add",
    "path": "/attributes/displaycaseable",
    "value": true,
    "file": "alchemy:itemtypes/ingredient/potionbase.json",
    "side": "Server"
  },
  {
    "op": "add",
    "path": "/attributes/bookshelveable",
    "value": true,
    "file": "alchemy:itemtypes/ingredient/utilitypotionbase.json",
    "side": "Server"
  },
  {
    "op": "add",
    "path": "/attributes/displaycaseable",
    "value": true,
    "file": "alchemy:itemtypes/ingredient/utilitypotionbase.json",
    "side": "Server"
  }
]