[
  {
    "op": "addmerge",
    "path": "/attributes/bookshelveable",
    "value": true,
    "file": "bricklayers:blocktypes/clay/vat_small_colored.json",
    "side": "Server"
  },
  {
    "op": "addmerge",
    "path": "/attributes/bookshelveable",
    "value": true,
    "file": "bricklayers:blocktypes/clay/vat_lid.json",
    "side": "Server"
  },
  {
    "op": "addmerge",
    "path": "/attributes/bookshelveable",
    "value": true,
    "file": "bricklayers:blocktypes/clay/vat_liquid_small_colored.json",
    "side": "Server"
  },
  {
    "op": "addmerge",
    "path": "/attributes/bookshelveable",
    "value": true,
    "file": "bricklayers:blocktypes/clay/vat_planter_small_colored.json",
    "side": "Server"
  },
  {
    "op": "addmerge",
    "path": "/attributes/bookshelveable",
    "value": true,
    "file": "bricklayers:blocktypes/clay/storagevesselcolored_ring.json",
    "side": "Server"
  },
  {
    "op": "addmerge",
    "path": "/attributes/bookshelveable",
    "value": true,
    "file": "bricklayers:blocktypes/clay/storagevesselcolored_planter.json",
    "side": "Server"
  },
  {
    "op": "addmerge",
    "path": "/attributes/bookshelveable",
    "value": true,
    "file": "bricklayers:blocktypes/clay/storagevesselcolored_lid.json",
    "side": "Server"
  },
  {
    "op": "addmerge",
    "path": "/attributes/bookshelveable",
    "value": true,
    "file": "bricklayers:blocktypes/clay/storagevesselcolored_base.json",
    "side": "Server"
  },
  {
    "op": "addmerge",
    "path": "/attributes/bookshelveable",
    "value": true,
    "file": "bricklayers:blocktypes/clay/planterglazed.json",
    "side": "Server"
  },
  {
    "op": "addmerge",
    "path": "/attributes/bookshelveable",
    "value": true,
    "file": "bricklayers:blocktypes/clay/plantercolored.json",
    "side": "Server"
  },
  {
    "op": "addmerge",
    "path": "/attributes/bookshelveable",
    "value": true,
    "file": "bricklayers:blocktypes/clay/oillampporcelain.json",
    "side": "Server"
  },
  {
    "op": "addmerge",
    "path": "/attributes/bookshelveable",
    "value": true,
    "file": "bricklayers:blocktypes/clay/oillampglazed.json",
    "side": "Server"
  },
  {
    "op": "addmerge",
    "path": "/attributes/bookshelveable",
    "value": true,
    "file": "bricklayers:blocktypes/clay/flowerpotglazed.json",
    "side": "Server"
  },
  {
    "op": "addmerge",
    "path": "/attributes/bookshelveable",
    "value": true,
    "file": "bricklayers:blocktypes/clay/flowerpotcolored.json",
    "side": "Server"
  },
  {
    "op": "addmerge",
    "path": "/attributes/bookshelveable",
    "value": true,
    "file": "bricklayers:blocktypes/clay/bowlporcelain-meal.json",
    "side": "Server"
  },
  {
    "op": "addmerge",
    "path": "/attributes/bookshelveable",
    "value": true,
    "file": "bricklayers:blocktypes/clay/bowlglazed-meal.json",
    "side": "Server"
  },
  {
    "op": "addmerge",
    "path": "/attributes/bookshelveable",
    "value": true,
    "file": "bricklayers:blocktypes/clay/bowlcolored-meal.json",
    "side": "Server"
  },
  {
    "op": "addmerge",
    "path": "/attributes/bookshelveable",
    "value": true,
    "file": "bricklayers:itemtypes/resource/sherds.json",
    "side": "Server"
  },
  {
    "op": "addmerge",
    "path": "/attributes/bookshelveable",
    "value": true,
    "file": "bricklayers:itemtypes/resource/smallstonebrick.json",
    "side": "Server"
  },
  {
    "op": "addmerge",
    "path": "/attributes/bookshelveable",
    "value": true,
    "file": "bricklayers:itemtypes/tool/polishingset.json",
    "side": "Server"
  }
]