[
  {
    "op": "add",
    "path": "/attributes/bookshelveable",
    "value": true,
    "file": "coinage:itemtypes/tool/trussell.json",
    "side": "Server"
  },
  {
    "op": "add",
    "path": "/attributes/shelveable",
    "value": true,
    "file": "coinage:itemtypes/tool/trussell.json",
    "side": "Server"
  },
  {
    "op": "add",
    "path": "/attributes/displaycaseable",
    "value": true,
    "file": "coinage:itemtypes/tool/trussell.json",
    "side": "Server"
  },
  {
    "op": "add",
    "path": "/attributes/bookshelveable",
    "value": true,
    "file": "coinage:itemtypes/tool/punch.json",
    "side": "Server"
  },
  {
    "op": "add",
    "path": "/attributes/shelveable",
    "value": true,
    "file": "coinage:itemtypes/tool/punch.json",
    "side": "Server"
  },
  {
    "op": "add",
    "path": "/attributes/displaycaseable",
    "value": true,
    "file": "coinage:itemtypes/tool/punch.json",
    "side": "Server"
  },
  {
    "op": "add",
    "path": "/attributes/bookshelveable",
    "value": true,
    "file": "coinage:itemtypes/resource/planchet.json",
    "side": "Server"
  },
  {
    "op": "add",
    "path": "/attributes/shelveable",
    "value": true,
    "file": "coinage:itemtypes/resource/planchet.json",
    "side": "Server"
  },
  {
    "op": "add",
    "path": "/attributes/displaycaseable",
    "value": true,
    "file": "coinage:itemtypes/resource/planchet.json",
    "side": "Server"
  },
  {
    "op": "add",
    "path": "/attributes/bookshelveable",
    "value": true,
    "file": "coinage:itemtypes/resource/coin.json",
    "side": "Server"
  },
  {
    "op": "add",
    "path": "/attributes/shelveable",
    "value": true,
    "file": "coinage:itemtypes/resource/coin.json",
    "side": "Server"
  }

]