[
  {
    "op": "add",
    "path": "/attributes/bookshelveable",
    "value": true,
    "file": "daymarescupmod:blocktypes/cups/claycup.json",
    "side": "Server"
  },
  {
    "op": "add",
    "path": "/attributes/bookshelveable",
    "value": true,
    "file": "daymarescupmod:blocktypes/cups/claymug.json",
    "side": "Server"
  },
  {
    "op": "add",
    "path": "/attributes/bookshelveable",
    "value": true,
    "file": "daymarescupmod:blocktypes/cups/clayshot.json",
    "side": "Server"
  },
  {
    "op": "add",
    "path": "/attributes/bookshelveable",
    "value": true,
    "file": "daymarescupmod:blocktypes/cups/tankard.json",
    "side": "Server"
  },
  {
    "op": "add",
    "path": "/attributes/bookshelveable",
    "value": true,
    "file": "daymarescupmod:blocktypes/cups/wineglass.json",
    "side": "Server"
  }
]