[
  {
    "op": "add",
    "path": "/attributes/bookshelveable",
    "value": true,
    "file": "moonshinejug:blocktypes/clay/fired/moonshinejug.json",
    "side": "Server"
  },
  {
    "op": "add",
    "path": "/attributes/bookshelveable",
    "value": true,
    "file": "moonshinejug:blocktypes/clay/fired/moonshinejugbig.json",
    "side": "Server"
  },
  {
    "op": "add",
    "path": "/attributes/displaycaseshelveable",
    "value": true,
    "file": "moonshinejug:blocktypes/clay/fired/moonshinejug.json",
    "side": "Server"
  },
  {
    "op": "add",
    "path": "/attributes/displaycaseshelveable",
    "value": true,
    "file": "moonshinejug:blocktypes/clay/fired/moonshinejugbig.json",
    "side": "Server"
  },
  {
    "op": "add",
    "path": "/attributes/bookshelveable",
    "value": true,
    "file": "moonshinejug:blocktypes/clay/moonshinejug.json",
    "side": "Server"
  },
  {
    "op": "add",
    "path": "/attributes/bookshelveable",
    "value": true,
    "file": "moonshinejug:blocktypes/clay/moonshinejugbig.json",
    "side": "Server"
  },
  {
    "op": "add",
    "path": "/attributes/displaycaseshelveable",
    "value": true,
    "file": "moonshinejug:blocktypes/clay/moonshinejug.json",
    "side": "Server"
  },
  {
    "op": "add",
    "path": "/attributes/displaycaseshelveable",
    "value": true,
    "file": "moonshinejug:blocktypes/clay/moonshinejugbig.json",
    "side": "Server"
  },
  
]