[
  {
    "op": "add",
    "path": "/attributes/bookshelveable",
    "value": true,
    "file": "firstaidkit:itemtypes/firstaidkit.json",
    "side": "Server"
  },
  {
    "op": "add",
    "path": "/attributes/bookshelveable",
    "value": true,
    "file": "firstaidkit:itemtypes/firstaidkitsmall.json",
    "side": "Server"
  },
  {
    "op": "add",
    "path": "/attributes/bookshelveable",
    "value": true,
    "file": "firstaidkit:itemtypes/suture.json",
    "side": "Server"
  },
  {
    "op": "add",
    "path": "/attributes/bookshelveable",
    "value": true,
    "file": "firstaidkit:itemtypes/splint.json",
    "side": "Server"
  },
  {
    "op": "add",
    "path": "/attributes/bookshelveable",
    "value": true,
    "file": "firstaidkit:itemtypes/poultice-honey-linen-bundle.json",
    "side": "Server"
  },
  {
    "op": "add",
    "path": "/attributes/bookshelveable",
    "value": true,
    "file": "firstaidkit:itemtypes/poultice-honey-reed-bundle.json",
    "side": "Server"
  },
  {
    "op": "add",
    "path": "/attributes/bookshelveable",
    "value": true,
    "file": "firstaidkit:itemtypes/poultice-horsetail-linen-bundle.json",
    "side": "Server"
  },
  {
    "op": "add",
    "path": "/attributes/bookshelveable",
    "value": true,
    "file": "firstaidkit:itemtypes/poultice-horsetail-reed-bundle.json",
    "side": "Server"
  },
  {
    "op": "add",
    "path": "/attributes/bookshelveable",
    "value": true,
    "file": "firstaidkit:itemtypes/potion.json",
    "side": "Server"
  }
]