[
  {
    "op": "add",
    "path": "/attributes/bookshelveable",
    "value": true,
    "file": "liquidcontainers:blocktypes/watercontainer/watercontainer.json",
    "side": "Server"
  },
  {
    "op": "add",
    "path": "/attributes/displaycaseable",
    "value": true,
    "file": "liquidcontainers:blocktypes/watercontainer/watercontainer.json",
    "side": "Server"
  },
  {
    "op": "add",
    "path": "/attributes/bookshelveable",
    "value": true,
    "file": "liquidcontainers:blocktypes/watercontainer/watercontainermetal.json",
    "side": "Server"
  },
  {
    "op": "add",
    "path": "/attributes/displaycaseable",
    "value": true,
    "file": "liquidcontainers:blocktypes/watercontainer/watercontainermetal.json",
    "side": "Server"
  }
]