[
  {
    "op": "add",
    "path": "/attributes/bookshelveable",
    "value": true,
    "file": "paperfletchingmod:itemtypes/paper-fletching.json",
    "side": "Server"
  },
  {
    "op": "add",
    "path": "/attributes/shelveable",
    "value": true,
    "file": "paperfletchingmod:itemtypes/paper-fletching.json",
    "side": "Server"
  },
  {
    "op": "add",
    "path": "/attributes/displaycaseable",
    "value": true,
    "file": "paperfletchingmod:itemtypes/paper-fletching.json",
    "side": "Server"
  }
]