[
  {
    "op": "add",
    "path": "/attributesByType/*-pewter/bookshelveable",
    "value": true,
    "file": "pewter:blocktypes/metal/bowl.json",
    "side": "Server"
  },
  {
    "op": "add",
    "path": "/attributes/bookshelveable",
    "value": true,
    "file": "pewter:blocktypes/metal/bowl-meal.json",
    "side": "Server"
  },
  {
    "op": "add",
    "path": "/attributesByType/crock-pewter-*/bookshelveable",
    "value": true,
    "file": "pewter:blocktypes/metal/crock.json",
    "side": "Server"
  },
  {
    "op": "add",
    "path": "/attributes/bookshelveable",
    "value": true,
    "file": "pewter:blocktypes/metal/jug.json",
    "side": "Server"
  },
  {
    "op": "add",
    "path": "/attributes/bookshelveable",
    "value": true,
    "file": "pewter:blocktypes/metal/crockbase.json",
    "side": "Server"
  },
  {
    "op": "add",
    "path": "/attributes/bookshelveable",
    "value": true,
    "file": "pewter:blocktypes/metal/crocklid.json",
    "side": "Server"
  },
  {
    "op": "addmerge",
    "path": "/attributes/bookshelveable",
    "value": true,
    "file": "pewter:blocktypes/metal/candlelamp.json",
    "side": "Server"
  },
  {
    "op": "addmerge",
    "path": "/attributes/bookshelveable",
    "value": true,
    "file": "pewter:blocktypes/metal/candlelabra.json",
    "side": "Server"
  }
  
]