[
  {
    "op": "add",
    "path": "/attributes/bookshelveable",
    "value": true,
    "file": "pipeleaf:itemtypes/briarburl.json",
    "side": "Server"
  },
  {
    "op": "add",
    "path": "/attributes/bookshelveable",
    "value": true,
    "file": "pipeleaf:itemtypes/claysmokingpipebowl.json",
    "side": "Server"
  },
  {
    "op": "add",
    "path": "/attributes/bookshelveable",
    "value": true,
    "file": "pipeleaf:itemtypes/claysmokingpipestem.json",
    "side": "Server"
  },
  {
    "op": "add",
    "path": "/attributes/bookshelveable",
    "value": true,
    "file": "pipeleaf:blocktypes/pipeleaf.json",
    "side": "Server"
  }
]