[
  {
    "op": "add",
    "path": "/attributes/bookshelveable",
    "value": true,
    "file": "primitivesurvival:itemtypes/metal/buckethandle.json",
    "side": "Server"
  },
  {
    "op": "add",
    "path": "/attributes/bookshelveable",
    "value": true,
    "file": "primitivesurvival:blocktypes/relic/statue/cthulu.json",
    "side": "Server"
  },
  {
    "op": "add",
    "path": "/attributes/bookshelveable",
    "value": true,
    "file": "primitivesurvival:blocktypes/relic/statue/dagon.json",
    "side": "Server"
  },
  {
    "op": "add",
    "path": "/attributes/bookshelveable",
    "value": true,
    "file": "primitivesurvival:blocktypes/relic/statue/hydra.json",
    "side": "Server"
  },
  {
    "op": "add",
    "path": "/attributes/bookshelveable",
    "value": true,
    "file": "primitivesurvival:blocktypes/relic/statue/nephrenka.json",
    "side": "Server"
  },
  {
    "op": "add",
    "path": "/attributes/bookshelveable",
    "value": true,
    "file": "primitivesurvival:blocktypes/relic/temporalbase.json",
    "side": "Server"
  },
  {
    "op": "add",
    "path": "/attributes/bookshelveable",
    "value": true,
    "file": "primitivesurvival:blocktypes/relic/temporalcube.json",
    "side": "Server"
  },
  {
    "op": "add",
    "path": "/attributes/bookshelveable",
    "value": true,
    "file": "primitivesurvival:blocktypes/relic/temporallectern.json",
    "side": "Server"
  }
]