[
  {
    "op": "add",
    "path": "/attributes/bookshelveable",
    "value": true,
    "file": "ruderalis:itemtypes/wearable/bag/canvassack.json",
    "side": "Server"
  },
  {
    "op": "add",
    "path": "/attributes/shelveable",
    "value": true,
    "file": "ruderalis:itemtypes/wearable/bag/canvassack.json",
    "side": "Server"
  },
  {
    "op": "add",
    "path": "/attributes/displaycaseable",
    "value": true,
    "file": "ruderalis:itemtypes/wearable/bag/canvassack.json",
    "side": "Server"
  },
  {
    "op": "add",
    "path": "/attributes/bookshelveable",
    "value": true,
    "file": "ruderalis:blocktypes/canvas/storagesack.json",
    "side": "Server"
  },
  {
    "op": "add",
    "path": "/attributes/bookshelveable",
    "value": true,
    "file": "ruderalis:blocktypes/cloth/hempcanvas.json",
    "side": "Server"
  }
]