[
  {
    "op": "add",
    "path": "/attributes/bookshelveable",
    "value": true,
    "file": "tailorsdelight:itemtypes/resource/buttons.json",
    "side": "Server"
  },
  {
    "op": "add",
    "path": "/attributes/bookshelveable",
    "value": true,
    "file": "tailorsdelight:itemtypes/resource/checkeredcloth.json",
    "side": "Server"
  },
  {
    "op": "add",
    "path": "/attributes/bookshelveable",
    "value": true,
    "file": "tailorsdelight:itemtypes/resource/cloth.json",
    "side": "Server"
  },
  {
    "op": "add",
    "path": "/attributes/bookshelveable",
    "value": true,
    "file": "tailorsdelight:itemtypes/resource/leather.json",
    "side": "Server"
  },
  {
    "op": "add",
    "path": "/attributes/bookshelveable",
    "value": true,
    "file": "tailorsdelight:itemtypes/resource/leatherbundle.json",
    "side": "Server"
  },
  {
    "op": "add",
    "path": "/attributes/bookshelveable",
    "value": true,
    "file": "tailorsdelight:itemtypes/resource/leatherstrips.json",
    "side": "Server"
  },
  {
    "op": "add",
    "path": "/attributes/bookshelveable",
    "value": true,
    "file": "tailorsdelight:itemtypes/resource/twine.json",
    "side": "Server"
  },
  {
    "op": "add",
    "path": "/attributes/bookshelveable",
    "value": true,
    "file": "tailorsdelight:itemtypes/tool/awl.json",
    "side": "Server"
  },
  {
    "op": "add",
    "path": "/attributes/bookshelveable",
    "value": true,
    "file": "tailorsdelight:itemtypes/tool/brush.json",
    "side": "Server"
  },
  {
    "op": "add",
    "path": "/attributes/bookshelveable",
    "value": true,
    "file": "tailorsdelight:itemtypes/tool/needle.json",
    "side": "Server"
  },
  {
    "op": "add",
    "path": "/attributes/bookshelveable",
    "value": true,
    "file": "tailorsdelight:itemtypes/tool/pattern_set.json",
    "side": "Server"
  },
  {
    "op": "add",
    "path": "/attributes/bookshelveable",
    "value": true,
    "file": "tailorsdelight:itemtypes/tool/ruler.json",
    "side": "Server"
  },
  {
    "op": "add",
    "path": "/attributes/bookshelveable",
    "value": true,
    "file": "tailorsdelight:itemtypes/tool/spindle.json",
    "side": "Server"
  },
  {
    "op": "add",
    "path": "/attributes/bookshelveable",
    "value": true,
    "file": "tailorsdelight:itemtypes/toolhead/metalband.json",
    "side": "Server"
  }
]