[
  {
    "op": "add",
    "path": "/attributes/bookshelveable",
    "value": true,
    "file": "tankardsandgoblets:blocktypes/tankard.json",
    "side": "Server"
  },
  {
    "op": "add",
    "path": "/attributes/bookshelveable",
    "value": true,
    "file": "tankardsandgoblets:blocktypes/tankard - metal.json",
    "side": "Server"
  },
  {
    "op": "add",
    "path": "/attributes/bookshelveable",
    "value": true,
    "file": "tankardsandgoblets:blocktypes/tankard - woodtype.json",
    "side": "Server"
  },
  {
    "op": "add",
    "path": "/attributes/bookshelveable",
    "value": true,
    "file": "tankardsandgoblets:blocktypes/goblet.json",
    "side": "Server"
  },
  {
    "op": "add",
    "path": "/attributes/bookshelveable",
    "value": true,
    "file": "tankardsandgoblets:blocktypes/jeweledgoblet.json",
    "side": "Server"
  },
  {
    "op": "add",
    "path": "/attributes/bookshelveable",
    "value": true,
    "file": "tankardsandgoblets:blocktypes/winebottle.json",
    "side": "Server"
  },
  {
    "op": "add",
    "path": "/attributes/bookshelveable",
    "value": true,
    "file": "tankardsandgoblets:blocktypes/demijohn - small.json",
    "side": "Server"
  }
]