{
	"editor": {
		"collapsedPaths": ",Root/support/walkway9,Root/Walkway/ChainSupport/ChainSupport13,Root/base/Support1,Root/Walkway/ChainSupport/ChainSupport2/ChainSupport3,Root/Cube2/walkway,Root/Walkway/ChainSupport/ChainSupport9,Root/support2,Root/Walkway2,Root/Walkway/ChainSupport/ChainSupport5,Root/support1,Root/Walkway3,Root/Cube3,Root/Walkway/ChainSupport/ChainSupport2,Root/Walkway/Chain/ChainSupport,Root/Cube2/support,Root/support/support1/support1.2,Root/base/Support",
		"allAngles": false,
		"entityTextureMode": false
	},
	"textureWidth": 16,
	"textureHeight": 16,
	"textureSizes": {
		"walkway": [32,32],
		"support": [16,16]
	},
	"textures": {
		"walkway": "block/plant/bamboo/stem-brown",
		"support": "block/plant/bamboo/stem-brown"
	},
	"elements": [
		{
			"name": "walkway",
			"from": [ 16.0, -1.3, 14.94 ],
			"to": [ 16.0, -1.3, 14.94 ],
			"rotationOrigin": [ 16.0, -1.3, 14.94 ],
			"rotationX": -134.4,
			"rotationZ": 180.0,
			"faces": {
				"north": { "texture": "#walkway", "uv": [ 0.0, 0.0, 1.0, 1.0 ] },
				"east": { "texture": "#walkway", "uv": [ 0.0, 0.0, 1.0, 1.0 ] },
				"south": { "texture": "#walkway", "uv": [ 0.0, 0.0, 1.0, 1.0 ] },
				"west": { "texture": "#walkway", "uv": [ 0.0, 0.0, 1.0, 1.0 ] },
				"up": { "texture": "#walkway", "uv": [ 0.0, 0.0, 1.0, 1.0 ] },
				"down": { "texture": "#walkway", "uv": [ 0.0, 0.0, 1.0, 1.0 ] }
			},
			"children": [
				{
					"name": "walkway1",
					"from": [ 0.02, 0.0, 0.0 ],
					"to": [ 1.52, 1.5, 11.35 ],
					"faces": {
						"north": { "texture": "#walkway", "uv": [ 16.0, 28.0, 20.0, 32.0 ], "autoUv": false },
						"east": { "texture": "#walkway", "uv": [ 3.0, 0.0, 6.0, 16.0 ], "rotation": 90, "autoUv": false },
						"south": { "texture": "#null", "uv": [ 0.0, 0.0, 1.5, 1.5 ], "enabled": false },
						"west": { "texture": "#walkway", "uv": [ 2.0, 0.0, 5.0, 16.0 ], "rotation": 270, "autoUv": false },
						"up": { "texture": "#walkway", "uv": [ 0.0, 0.0, 3.0, 16.0 ], "autoUv": false },
						"down": { "texture": "#walkway", "uv": [ 5.0, 0.0, 8.0, 16.0 ], "autoUv": false }
					},
					"children": [
						{
							"name": "walkway1.1",
							"from": [ 0.0, 0.0, 11.35 ],
							"to": [ 1.5, 1.5, 22.74 ],
							"faces": {
								"north": { "texture": "#null", "uv": [ 0.0, 0.0, 1.5, 1.5 ], "enabled": false },
								"east": { "texture": "#walkway", "uv": [ 0.0, 8.0, 3.0, 24.0 ], "rotation": 90, "autoUv": false },
								"south": { "texture": "#walkway", "uv": [ 16.0, 28.0, 20.0, 32.0 ], "autoUv": false },
								"west": { "texture": "#walkway", "uv": [ 0.0, 8.0, 3.0, 24.0 ], "rotation": 270, "autoUv": false },
								"up": { "texture": "#walkway", "uv": [ 0.0, 8.0, 3.0, 24.0 ], "autoUv": false },
								"down": { "texture": "#walkway", "uv": [ 0.0, 8.0, 3.0, 24.0 ], "autoUv": false }
							}
						}
					]
				},
				{
					"name": "walkway2",
					"from": [ 2.057, 0.0, 0.0 ],
					"to": [ 3.557, 1.5, 11.35 ],
					"rotationOrigin": [ 2.0, 0.0, 0.0 ],
					"faces": {
						"north": { "texture": "#walkway", "uv": [ 16.0, 28.0, 20.0, 32.0 ], "autoUv": false },
						"east": { "texture": "#walkway", "uv": [ 0.0, 1.0, 3.0, 17.0 ], "rotation": 90, "autoUv": false },
						"south": { "texture": "#null", "uv": [ 0.0, 0.0, 1.5, 1.5 ], "enabled": false },
						"west": { "texture": "#walkway", "uv": [ 0.0, 1.0, 3.0, 17.0 ], "rotation": 270, "autoUv": false },
						"up": { "texture": "#walkway", "uv": [ 0.0, 1.0, 3.0, 17.0 ], "autoUv": false },
						"down": { "texture": "#walkway", "uv": [ 0.0, 1.0, 3.0, 17.0 ], "autoUv": false }
					},
					"children": [
						{
							"name": "walkway2.1",
							"from": [ 0.0, 0.0, 11.35 ],
							"to": [ 1.5, 1.5, 22.74 ],
							"faces": {
								"north": { "texture": "#null", "uv": [ 0.0, 0.0, 1.5, 1.5 ], "enabled": false },
								"east": { "texture": "#walkway", "uv": [ 0.0, 12.0, 16.0, 15.0 ], "autoUv": false },
								"south": { "texture": "#walkway", "uv": [ 16.0, 28.0, 20.0, 32.0 ], "autoUv": false },
								"west": { "texture": "#walkway", "uv": [ 0.0, 12.0, 16.0, 15.0 ], "autoUv": false },
								"up": { "texture": "#walkway", "uv": [ 0.0, 12.0, 16.0, 15.0 ], "rotation": 90, "autoUv": false },
								"down": { "texture": "#walkway", "uv": [ 0.0, 12.0, 16.0, 15.0 ], "rotation": 90, "autoUv": false }
							}
						}
					]
				},
				{
					"name": "walkway3",
					"from": [ 4.12, 0.0, 0.0 ],
					"to": [ 5.62, 1.5, 11.35 ],
					"rotationOrigin": [ 2.0, 0.0, 0.0 ],
					"faces": {
						"north": { "texture": "#walkway", "uv": [ 16.0, 28.0, 20.0, 32.0 ], "autoUv": false },
						"east": { "texture": "#walkway", "uv": [ 0.0, 1.0, 16.0, 4.0 ], "autoUv": false },
						"south": { "texture": "#null", "uv": [ 0.0, 0.0, 1.5, 1.5 ], "enabled": false },
						"west": { "texture": "#walkway", "uv": [ 0.0, 1.0, 16.0, 4.0 ], "autoUv": false },
						"up": { "texture": "#walkway", "uv": [ 0.0, 1.0, 16.0, 4.0 ], "rotation": 90, "autoUv": false },
						"down": { "texture": "#walkway", "uv": [ 0.0, 1.0, 16.0, 4.0 ], "rotation": 90, "autoUv": false }
					},
					"children": [
						{
							"name": "walkway3.1",
							"from": [ 0.0, 0.0, 11.35 ],
							"to": [ 1.5, 1.5, 22.74 ],
							"faces": {
								"north": { "texture": "#null", "uv": [ 0.0, 0.0, 1.5, 1.5 ], "enabled": false },
								"east": { "texture": "#walkway", "uv": [ 0.0, 9.0, 16.0, 12.0 ], "autoUv": false },
								"south": { "texture": "#walkway", "uv": [ 16.0, 28.0, 20.0, 32.0 ], "autoUv": false },
								"west": { "texture": "#walkway", "uv": [ 0.0, 9.0, 16.0, 12.0 ], "autoUv": false },
								"up": { "texture": "#walkway", "uv": [ 0.0, 9.0, 16.0, 12.0 ], "rotation": 270, "autoUv": false },
								"down": { "texture": "#walkway", "uv": [ 0.0, 9.0, 16.0, 12.0 ], "rotation": 90, "autoUv": false }
							}
						}
					]
				},
				{
					"name": "walkway4",
					"from": [ 6.18, 0.0, 0.0 ],
					"to": [ 7.68, 1.5, 11.35 ],
					"rotationOrigin": [ 2.0, 0.0, 0.0 ],
					"faces": {
						"north": { "texture": "#walkway", "uv": [ 16.0, 28.0, 20.0, 32.0 ], "autoUv": false },
						"east": { "texture": "#walkway", "uv": [ 0.0, 8.0, 3.0, 24.0 ], "rotation": 270, "autoUv": false },
						"south": { "texture": "#null", "uv": [ 0.0, 0.0, 1.5, 1.5 ], "enabled": false },
						"west": { "texture": "#walkway", "uv": [ 0.0, 8.0, 3.0, 24.0 ], "rotation": 90, "autoUv": false },
						"up": { "texture": "#walkway", "uv": [ 0.0, 8.0, 3.0, 24.0 ], "rotation": 180, "autoUv": false },
						"down": { "texture": "#walkway", "uv": [ 0.0, 8.0, 3.0, 24.0 ], "rotation": 180, "autoUv": false }
					},
					"children": [
						{
							"name": "walkway4.1",
							"from": [ 0.0, 0.0, 11.35 ],
							"to": [ 1.5, 1.5, 22.74 ],
							"faces": {
								"north": { "texture": "#null", "uv": [ 0.0, 0.0, 1.5, 1.5 ], "enabled": false },
								"east": { "texture": "#walkway", "uv": [ 0.0, 0.0, 3.0, 16.0 ], "rotation": 90, "autoUv": false },
								"south": { "texture": "#walkway", "uv": [ 16.0, 28.0, 20.0, 32.0 ], "autoUv": false },
								"west": { "texture": "#walkway", "uv": [ 0.0, 0.0, 3.0, 16.0 ], "rotation": 270, "autoUv": false },
								"up": { "texture": "#walkway", "uv": [ 0.0, 0.0, 3.0, 16.0 ], "rotation": 180, "autoUv": false },
								"down": { "texture": "#walkway", "uv": [ 0.0, 0.0, 3.0, 16.0 ], "rotation": 180, "autoUv": false }
							}
						}
					]
				},
				{
					"name": "walkway5",
					"from": [ 8.24, 0.0, 0.0 ],
					"to": [ 9.74, 1.5, 11.35 ],
					"rotationOrigin": [ 2.0, 0.0, 0.0 ],
					"faces": {
						"north": { "texture": "#walkway", "uv": [ 16.0, 28.0, 20.0, 32.0 ], "autoUv": false },
						"east": { "texture": "#walkway", "uv": [ 0.0, 5.0, 3.0, 21.0 ], "rotation": 90, "autoUv": false },
						"south": { "texture": "#null", "uv": [ 0.0, 0.0, 1.5, 1.5 ], "enabled": false },
						"west": { "texture": "#walkway", "uv": [ 0.0, 5.0, 3.0, 21.0 ], "rotation": 270, "autoUv": false },
						"up": { "texture": "#walkway", "uv": [ 0.0, 5.0, 3.0, 21.0 ], "autoUv": false },
						"down": { "texture": "#walkway", "uv": [ 0.0, 5.0, 3.0, 21.0 ], "autoUv": false }
					},
					"children": [
						{
							"name": "walkway5.1",
							"from": [ 0.0, 0.0, 11.35 ],
							"to": [ 1.5, 1.5, 22.74 ],
							"faces": {
								"north": { "texture": "#null", "uv": [ 0.0, 0.0, 1.5, 1.5 ], "enabled": false },
								"east": { "texture": "#walkway", "uv": [ 0.0, 12.0, 16.0, 15.0 ], "rotation": 180, "autoUv": false },
								"south": { "texture": "#walkway", "uv": [ 16.0, 28.0, 20.0, 32.0 ], "autoUv": false },
								"west": { "texture": "#walkway", "uv": [ 0.0, 12.0, 16.0, 15.0 ], "autoUv": false },
								"up": { "texture": "#walkway", "uv": [ 0.0, 12.0, 16.0, 15.0 ], "rotation": 90, "autoUv": false },
								"down": { "texture": "#walkway", "uv": [ 0.0, 12.0, 16.0, 15.0 ], "rotation": 90, "autoUv": false }
							}
						}
					]
				},
				{
					"name": "walkway6",
					"from": [ 10.3, 0.0, 0.0 ],
					"to": [ 11.8, 1.5, 11.35 ],
					"rotationOrigin": [ 2.0, 0.0, 0.0 ],
					"faces": {
						"north": { "texture": "#walkway", "uv": [ 16.0, 28.0, 20.0, 32.0 ], "autoUv": false },
						"east": { "texture": "#walkway", "uv": [ 0.0, 12.0, 16.0, 15.0 ], "autoUv": false },
						"south": { "texture": "#null", "uv": [ 0.0, 0.0, 1.5, 1.5 ], "enabled": false },
						"west": { "texture": "#walkway", "uv": [ 0.0, 12.0, 16.0, 15.0 ], "autoUv": false },
						"up": { "texture": "#walkway", "uv": [ 0.0, 12.0, 16.0, 15.0 ], "rotation": 90, "autoUv": false },
						"down": { "texture": "#walkway", "uv": [ 0.0, 12.0, 16.0, 15.0 ], "rotation": 90, "autoUv": false }
					},
					"children": [
						{
							"name": "walkway6.1",
							"from": [ 0.0, 0.0, 11.35 ],
							"to": [ 1.5, 1.5, 22.74 ],
							"faces": {
								"north": { "texture": "#null", "uv": [ 0.0, 0.0, 1.5, 1.5 ], "enabled": false },
								"east": { "texture": "#walkway", "uv": [ 0.0, 6.0, 16.0, 9.0 ], "autoUv": false },
								"south": { "texture": "#walkway", "uv": [ 16.0, 28.0, 20.0, 32.0 ], "autoUv": false },
								"west": { "texture": "#walkway", "uv": [ 0.0, 6.0, 16.0, 9.0 ], "autoUv": false },
								"up": { "texture": "#walkway", "uv": [ 0.0, 6.0, 16.0, 9.0 ], "rotation": 270, "autoUv": false },
								"down": { "texture": "#walkway", "uv": [ 0.0, 6.0, 16.0, 9.0 ], "rotation": 90, "autoUv": false }
							}
						}
					]
				},
				{
					"name": "walkway7",
					"from": [ 12.36, 0.0, 0.0 ],
					"to": [ 13.86, 1.5, 11.35 ],
					"rotationOrigin": [ 2.0, 0.0, 0.0 ],
					"faces": {
						"north": { "texture": "#walkway", "uv": [ 16.0, 28.0, 20.0, 32.0 ], "autoUv": false },
						"east": { "texture": "#walkway", "uv": [ 0.0, 12.0, 16.0, 15.0 ], "autoUv": false },
						"south": { "texture": "#null", "uv": [ 0.0, 0.0, 1.5, 1.5 ], "enabled": false },
						"west": { "texture": "#walkway", "uv": [ 0.0, 12.0, 16.0, 15.0 ], "autoUv": false },
						"up": { "texture": "#walkway", "uv": [ 0.0, 12.0, 16.0, 15.0 ], "rotation": 90, "autoUv": false },
						"down": { "texture": "#walkway", "uv": [ 0.0, 12.0, 16.0, 15.0 ], "rotation": 90, "autoUv": false }
					},
					"children": [
						{
							"name": "walkway7.1",
							"from": [ 0.0, 0.0, 11.35 ],
							"to": [ 1.5, 1.5, 22.74 ],
							"faces": {
								"north": { "texture": "#null", "uv": [ 0.0, 0.0, 1.5, 1.5 ], "enabled": false },
								"east": { "texture": "#walkway", "uv": [ 3.0, 4.0, 6.0, 20.0 ], "rotation": 90, "autoUv": false },
								"south": { "texture": "#walkway", "uv": [ 16.0, 28.0, 20.0, 32.0 ], "autoUv": false },
								"west": { "texture": "#walkway", "uv": [ 3.0, 4.0, 6.0, 20.0 ], "rotation": 270, "autoUv": false },
								"up": { "texture": "#walkway", "uv": [ 3.0, 4.0, 6.0, 20.0 ], "autoUv": false },
								"down": { "texture": "#walkway", "uv": [ 3.0, 4.0, 6.0, 20.0 ], "autoUv": false }
							}
						}
					]
				},
				{
					"name": "walkway8",
					"from": [ 14.48, 0.0, 0.0 ],
					"to": [ 15.98, 1.5, 11.35 ],
					"rotationOrigin": [ 2.0, 0.0, 0.0 ],
					"faces": {
						"north": { "texture": "#walkway", "uv": [ 16.0, 28.0, 20.0, 32.0 ], "rotation": 180, "autoUv": false },
						"east": { "texture": "#walkway", "uv": [ 0.0, 8.0, 16.0, 11.0 ], "rotation": 180, "autoUv": false },
						"south": { "texture": "#null", "uv": [ 0.0, 0.0, 1.5, 1.5 ], "enabled": false },
						"west": { "texture": "#walkway", "uv": [ 0.0, 5.0, 16.0, 8.0 ], "rotation": 180, "autoUv": false },
						"up": { "texture": "#walkway", "uv": [ 0.0, 2.0, 16.0, 5.0 ], "rotation": 270, "autoUv": false },
						"down": { "texture": "#walkway", "uv": [ 0.0, 10.0, 16.0, 13.0 ], "rotation": 90, "autoUv": false }
					},
					"children": [
						{
							"name": "walkway8.1",
							"from": [ 0.0, 0.0, 11.35 ],
							"to": [ 1.5, 1.5, 22.74 ],
							"faces": {
								"north": { "texture": "#null", "uv": [ 0.0, 0.0, 1.5, 1.5 ], "enabled": false },
								"east": { "texture": "#walkway", "uv": [ 0.0, 22.0, 16.0, 25.0 ], "autoUv": false },
								"south": { "texture": "#walkway", "uv": [ 16.0, 28.0, 20.0, 32.0 ], "autoUv": false },
								"west": { "texture": "#walkway", "uv": [ 0.0, 25.0, 16.0, 28.0 ], "rotation": 180, "autoUv": false },
								"up": { "texture": "#walkway", "uv": [ 0.0, 28.0, 16.0, 31.0 ], "rotation": 90, "autoUv": false },
								"down": { "texture": "#walkway", "uv": [ 0.0, 19.0, 16.0, 22.0 ], "rotation": 90, "autoUv": false }
							}
						}
					]
				}
			]
		},
		{
			"name": "support",
			"from": [ 17.0, 12.0, 14.25 ],
			"to": [ 17.0, 12.0, 14.25 ],
			"rotationOrigin": [ 17.0, 12.0, 14.25 ],
			"rotationX": -180.0,
			"rotationZ": -180.0,
			"faces": {
				"north": { "texture": "#walkway", "uv": [ 0.0, 0.0, 1.0, 1.0 ] },
				"east": { "texture": "#walkway", "uv": [ 0.0, 0.0, 1.0, 1.0 ] },
				"south": { "texture": "#walkway", "uv": [ 0.0, 0.0, 1.0, 1.0 ] },
				"west": { "texture": "#walkway", "uv": [ 0.0, 0.0, 1.0, 1.0 ] },
				"up": { "texture": "#walkway", "uv": [ 0.0, 0.0, 1.0, 1.0 ] },
				"down": { "texture": "#walkway", "uv": [ 0.0, 0.0, 1.0, 1.0 ] }
			},
			"children": [
				{
					"name": "support1",
					"from": [ 5.32, -14.65, 2.0 ],
					"to": [ 16.82, -11.65, 5.0 ],
					"rotationOrigin": [ 6.32, -14.65, 2.05 ],
					"rotationX": -45.5,
					"rotationY": -90.0,
					"faces": {
						"north": { "texture": "#support", "uv": [ 0.0, 1.0, 3.0, 12.5 ], "rotation": 270 },
						"east": { "texture": "#null", "uv": [ 0.0, 0.0, 3.0, 3.0 ], "enabled": false },
						"south": { "texture": "#support", "uv": [ 0.0, 1.0, 3.0, 12.5 ], "rotation": 90 },
						"west": { "texture": "#support", "uv": [ 8.0, 11.0, 11.0, 14.0 ] },
						"up": { "texture": "#support", "uv": [ 0.0, 1.0, 3.0, 12.5 ], "rotation": 90 },
						"down": { "texture": "#support", "uv": [ 0.0, 1.0, 3.0, 12.5 ], "rotation": 270 }
					},
					"children": [
						{
							"name": "support1.1",
							"from": [ 11.5, 0.0, 0.0 ],
							"to": [ 22.66, 3.0, 3.0 ],
							"rotationOrigin": [ 13.5, 0.0, 0.0 ],
							"faces": {
								"north": { "texture": "#support", "uv": [ 1.5, 5.0, 4.5, 16.0 ], "rotation": 270 },
								"east": { "texture": "#support", "uv": [ 13.0, 11.0, 16.0, 14.0 ] },
								"south": { "texture": "#support", "uv": [ 1.5, 5.0, 4.5, 16.0 ], "rotation": 90 },
								"west": { "texture": "#null", "uv": [ 0.0, 0.0, 3.0, 3.0 ], "enabled": false },
								"up": { "texture": "#support", "uv": [ 1.5, 5.0, 4.5, 16.0 ], "rotation": 90 },
								"down": { "texture": "#support", "uv": [ 2.0, 5.0, 5.0, 16.0 ], "rotation": 270 }
							}
						},
						{
							"name": "support1.2",
							"from": [ 6.3966, 2.5693, 7.33 ],
							"to": [ 7.3966, 3.5693, 15.33 ],
							"rotationOrigin": [ 6.3966, 2.5693, 6.35 ],
							"rotationX": -180.0,
							"rotationZ": -89.5,
							"faces": {
								"north": { "texture": "#walkway", "uv": [ 16.0, 28.0, 20.0, 32.0 ], "autoUv": false },
								"east": { "texture": "#walkway", "uv": [ 3.0, 0.0, 6.0, 16.0 ], "rotation": 90, "autoUv": false },
								"south": { "texture": "#null", "uv": [ 0.0, 0.0, 1.0, 1.0 ], "enabled": false },
								"west": { "texture": "#walkway", "uv": [ 2.0, 0.0, 5.0, 16.0 ], "rotation": 270, "autoUv": false },
								"up": { "texture": "#walkway", "uv": [ 0.0, 0.0, 3.0, 16.0 ], "autoUv": false },
								"down": { "texture": "#walkway", "uv": [ 5.0, 0.0, 8.0, 16.0 ], "autoUv": false }
							},
							"children": [
								{
									"name": "support1.2.1",
									"from": [ 0.0, 0.0, 8.0 ],
									"to": [ 1.0, 1.0, 16.0 ],
									"faces": {
										"north": { "texture": "#null", "uv": [ 0.0, 0.0, 1.0, 1.0 ], "enabled": false },
										"east": { "texture": "#walkway", "uv": [ 0.0, 8.0, 3.0, 24.0 ], "rotation": 90, "autoUv": false },
										"south": { "texture": "#walkway", "uv": [ 16.0, 28.0, 20.0, 32.0 ], "autoUv": false },
										"west": { "texture": "#walkway", "uv": [ 0.0, 8.0, 3.0, 24.0 ], "rotation": 270, "autoUv": false },
										"up": { "texture": "#walkway", "uv": [ 0.0, 8.0, 3.0, 24.0 ], "autoUv": false },
										"down": { "texture": "#walkway", "uv": [ 0.0, 8.0, 3.0, 24.0 ], "autoUv": false }
									}
								}
							]
						}
					]
				},
				{
					"name": "support2",
					"from": [ 13.58, -14.65, 2.0 ],
					"to": [ 25.08, -11.65, 5.0 ],
					"rotationOrigin": [ 14.58, -14.65, 2.05 ],
					"rotationX": -45.5,
					"rotationY": -90.0,
					"faces": {
						"north": { "texture": "#support", "uv": [ 0.0, 1.0, 3.0, 12.5 ], "rotation": 270 },
						"east": { "texture": "#null", "uv": [ 0.0, 0.0, 3.0, 3.0 ], "enabled": false },
						"south": { "texture": "#support", "uv": [ 0.0, 1.0, 3.0, 12.5 ], "rotation": 90 },
						"west": { "texture": "#support", "uv": [ 13.0, 11.0, 16.0, 14.0 ] },
						"up": { "texture": "#support", "uv": [ 0.0, 1.0, 3.0, 12.5 ], "rotation": 90 },
						"down": { "texture": "#support", "uv": [ 0.0, 1.0, 3.0, 12.5 ], "rotation": 270 }
					},
					"children": [
						{
							"name": "support2.1",
							"from": [ 11.5, 0.0, 0.0 ],
							"to": [ 22.66, 3.0, 3.0 ],
							"rotationOrigin": [ 10.5, 0.0, 0.0 ],
							"faces": {
								"north": { "texture": "#support", "uv": [ 1.5, 5.0, 4.5, 16.0 ], "rotation": 270 },
								"east": { "texture": "#support", "uv": [ 10.5, 11.0, 13.5, 14.0 ] },
								"south": { "texture": "#support", "uv": [ 1.5, 5.0, 4.5, 16.0 ], "rotation": 90 },
								"west": { "texture": "#null", "uv": [ 0.0, 0.0, 3.0, 3.0 ], "enabled": false },
								"up": { "texture": "#support", "uv": [ 1.5, 5.0, 4.5, 16.0 ], "rotation": 90 },
								"down": { "texture": "#support", "uv": [ 2.0, 5.0, 5.0, 16.0 ], "rotation": 270 }
							}
						},
						{
							"name": "support2.2",
							"from": [ 17.0, 2.5693, 15.63 ],
							"to": [ 18.0, 3.5693, 23.63 ],
							"rotationOrigin": [ 16.9966, 2.5693, 14.63 ],
							"rotationX": -180.0,
							"rotationZ": -89.5,
							"faces": {
								"north": { "texture": "#walkway", "uv": [ 16.0, 28.0, 20.0, 32.0 ], "autoUv": false },
								"east": { "texture": "#walkway", "uv": [ 3.0, 0.0, 6.0, 16.0 ], "rotation": 90, "autoUv": false },
								"south": { "texture": "#null", "uv": [ 0.0, 0.0, 1.0, 1.0 ], "enabled": false },
								"west": { "texture": "#walkway", "uv": [ 2.0, 0.0, 5.0, 16.0 ], "rotation": 270, "autoUv": false },
								"up": { "texture": "#walkway", "uv": [ 0.0, 0.0, 3.0, 16.0 ], "autoUv": false },
								"down": { "texture": "#walkway", "uv": [ 5.0, 0.0, 8.0, 16.0 ], "autoUv": false }
							},
							"children": [
								{
									"name": "support2.2.1",
									"from": [ 0.0, 0.0, 8.0 ],
									"to": [ 1.0, 1.0, 16.0 ],
									"faces": {
										"north": { "texture": "#null", "uv": [ 0.0, 0.0, 1.0, 1.0 ], "enabled": false },
										"east": { "texture": "#walkway", "uv": [ 0.0, 8.0, 3.0, 24.0 ], "rotation": 90, "autoUv": false },
										"south": { "texture": "#walkway", "uv": [ 16.0, 28.0, 20.0, 32.0 ], "autoUv": false },
										"west": { "texture": "#walkway", "uv": [ 0.0, 8.0, 3.0, 24.0 ], "rotation": 270, "autoUv": false },
										"up": { "texture": "#walkway", "uv": [ 0.0, 8.0, 3.0, 24.0 ], "autoUv": false },
										"down": { "texture": "#walkway", "uv": [ 0.0, 8.0, 3.0, 24.0 ], "autoUv": false }
									}
								}
							]
						}
					]
				}
			]
		}
	]}