{
  code: "t&g-smalldemijohn", 
  class: "BlockLiquidContainerTopOpened",
  variantgroups: [
  		{ code: "wrapped", states: ["wicker", "null"] },
		{ code: "glass", states: ["red", "blue", "green", "plain", "brown", "smoky"] },
  ],
	
  creativeinventory: 
  {
    general: ["*"], "decorative": ["*"]
	},

  shapebyType: {   
   "t&g-smalldemijohn-wicker-*": {
	base: "shapes/block/smalldemijohnbottleuncorkedwrapped"  },
	"t&g-smalldemijohn-null-*": {
	base: "shapes/block/smalldemijohnbottleuncorked"  },
  },
  
  texturesbyType: {
	  "t&g-smalldemijohn-wicker-*": {
		"cork":  { base: "game:block/wood/omoktabletop/bottom"},
		"glass":  { base: "block/glass/{glass}*"},
		"wrapping": {base: "game:block/cloth/reedrope"},
	  },
	  "t&g-smalldemijohn-null-*":{
		"cork":  { base: "game:block/wood/omoktabletop/bottom"},
		"glass":  { base: "block/glass/{glass}*"},
	  }
    },
  
  
  blockmaterial: "Glass",
  maxStackSize: 1,
  liquidSelectable: 1,
  lightabsorption: 1,
  
  sidesolid: {
		all: false
  },
  sideopaque: {
		all: false
  },

  behaviors: [
	{ name: "GroundStorable", properties: { layout: "Quadrants", collisionBox: { x1: 0, y1: 0, z1: 0, x2: 1, y2: 0.125, z2: 1 
	} } },
	{ name: "Unplaceable", "__comment": "Cannot place." 
	},
	{ name: "RightClickPickup"
	},
	],
  
  	guiTransform: 
	{
		origin: { x: 0.5, y: 0.25, z: 0.5 },
		rotation: { x: -12, y: -100, z: 12 },
		scale: 2.8
	},	
	heldTpIdleAnimation: "holdbothhandslarge", heldRightReadyAnimation: "heldblockready", heldTpUseAnimation: "twohandplaceblock",
	tpHandTransform: {
		translation: { x: -0.57, y: -0.36, z: -0.4 },
		rotation: { x: 90, y: -5, z: -90 },
		scale: 1.25
	},
	fpHandTransform: 
	{
		scale: 1
	},
	groundTransform: {
		translation: { x: 0, y: 0.075, z: 0 },
		rotation: { x: 4, y: 0, z: -90 },
		origin: { x: 0.5, y: 0, z: 0.5 },
		scale: 6
	},


	
attributes: 
	{
		shelvable: false,
		onshelfTransform: {
			translation: { x: 0, y: 0.1, z: 0 },
			scale: 1.2
		},

		displaycaseable: true,
		displaycase: {
			minHeight: 0.8,
		},
		
		"handbook": {
		"groupBy": [ "t&g-smalldemijohn-*" ]
		},
		
		groundStorageTransform: 
		{
			origin: { x: 0.5, y: 0, z: 0.5 },
			scale: 1.4
		},
		
		onDisplayTransform: 
		{
			origin: { x: 0.5, y: 0, z: 0.5 },
			rotation: { x: 0, y: 90, z: 0 },
			scale: 1.7
		},		
		liquidContainerPropsByType: {
			"t&g-smalldemijohn-null-*": {
				capacityLitres: 5,
				transferSizeLitres: 1,
				emptyShapeLoc: "shapes/block/smalldemijohnbottlecorked",
				opaqueContentShapeLoc: "shapes/block/smalldemijohncontents",
				liquidContentShapeLoc: "shapes/block/smalldemijohncontents",
			},
			"t&g-smalldemijohn-wicker-*": {
				capacityLitres: 5,
				transferSizeLitres: 1,
				emptyShapeLoc: "shapes/block/smalldemijohnbottlecorkedwrapped",
				opaqueContentShapeLoc: "shapes/block/smalldemijohncontents",
				liquidContentShapeLoc: "shapes/block/smalldemijohncontents",
			},
		},	
		

	},
	
	sounds: {
		"place": "game:block/loosestone1",
		"hit": "game:tool/breakreinforced",
		"break": "game:block/glass",
		"walk": "game:walk/stone2"
		}	
	
}