{
  code: "tankard-metal", 
  class: "BlockLiquidContainerTopOpened",
  variantgroups: [
		{ code: "metal", states: ["bismuthbronze", "tinbronze", "blackbronze", "brass", "copper", "silver", "iron", "steel", "meteoriciron", "gold", "platinum"] },
	],
  creativeinventory: 
  {
    general: ["*"], "decorative": ["*"]
	},

  shape: {
    base: "shapes/block/metaltankard"
  },
  
	behaviors: [
	{ name: "GroundStorable", properties: { layout: "Quadrants", collisionBox: { x1: 0, y1: 0, z1: 0, x2: 1, y2: 0.125, z2: 1 
	} } },
	{ name: "Unplaceable", "__comment": "The ground storable obsoletes this being a block. Should be an item, but is kept a block for backwards compatibility" 
	},
	{ name: "RightClickPickup"
	},
	{
	  name: "MilkingContainer"
	},
	],
  
  "heldTpIdleAnimation": "holdbothhands",
  blockmaterial: "Metal",
  maxStackSize: 4,
  replaceable: 0,
  resistance: 0.75,
  liquidSelectable: 1,
  
  textures: {
		all: { base: "game:block/metal/ingot/{metal}*" } 
	},
  
  	guiTransform: 
	{
	origin: { x: 0.5, y: 0.25, z: 0.5 },
	rotation: { x: -12, y: -100, z: 12 },
	scale: 2.4
	},	
  	tpHandTransform: 
	{
	translation: { x: -1.05, y: -0.87, z: -0.72 },
	rotation: { x: 90, y: -15, z: -90 },
	scale: 0.7
	},
	fpHandTransform: 
	{
	scale: 0.7
	},

	groundTransform: 
	{
	scale: 3.5
	},
	
		attributes: 
	{
		groundStorageTransform: 
		{
			origin: { x: 0.5, y: 0, z: 0.5 },
			scale: 0.85
		},
		onDisplayTransform: 
		{
			origin: { x: 0.5, y: 0, z: 0.5 },
			rotation: { x: 0, y: 90, z: 0 },
			scale: 0.75
		},		
		
		onTongTransform: {
			translation: { x: -1.4, y: -1.45, z: -1.2 },
			rotation: { x: -163, y: -167, z: 108 },
			scale: 0.62
		},
		
		shelvable: true,
		liquidContainerProps: 
		{
				capacityLitres: 1,
				transferSizeLitres: 0.25,
				emptyShapeLoc: "shapes/block/metaltankard",
				opaqueContentShapeLoc: "shapes/block/metaltankardliquidcontents",
				liquidContentShapeLoc: "shapes/block/metaltankardliquidcontents",
				liquidMaxYTranslate: 0.34
		},	
	},
	sounds: {
		"place": "game:block/plate",
		"hit": "game:tool/breakreinforced",
		"break": "game:block/wood-tool",
		"walk": "game:walk/stone2"

		}	
	
}