{
  code: "tankard-woodtype", 
  class: "BlockLiquidContainerTopOpened",
  variantgroups: [
		{ code: "wood", states: ["oak.", "birch.", "pine.", "acacia.", "aged.", "larch.", "baldcypress.", "ebony.", "kapok.", "maple.", "purpleheart.", "redwood.", "walnut."] },
		{ code: "binding", states: ["leather-plain", "leather-pink", "leather-red", "leather-blue", "leather-green", "leather-purple", "leather-white", "leather-gray", "leather-black", "leather-orange", "leather-yellow", "iron", "copper", "bismuthbronze", "blackbronze", "cupronickel", "gold", "meteoriciron", "silver", "steel", "tinbronze", "bismuth", "brass", "platinum", "nickel", "malachite"]},
		],
		
		
  creativeinventory: 
  {
    general: ["*"], "decorative": ["*"]
	},

  shape: {
    base: "shapes/block/tankard2"
  },
  
	behaviors: [
	{ name: "GroundStorable", properties: { layout: "Quadrants", collisionBox: { x1: 0, y1: 0, z1: 0, x2: 1, y2: 0.125, z2: 1 
	} } },
	{ name: "Unplaceable", "__comment": "The ground storable obsoletes this being a block. Should be an item, but is kept a block for backwards compatibility" 
	},
	{ name: "RightClickPickup"
	},
	{
	  name: "MilkingContainer"
	},
	],
  
  "heldTpIdleAnimation": "holdbothhands",
  blockmaterial: "Wood",
  maxStackSize: 4,
  replaceable: 0,
  resistance: 0.75,
  liquidSelectable: 1,
  materialdensity: 700,
  
  textures: {
		"bark": { base: "game:block/wood/bark/{wood}*" }, 
		"trunk": { base: "game:block/wood/treetrunk/{wood}*" }, 
		"binding": { base: "block/tankard/{binding}*" }
	},
  
	guiTransform: {
		translation: { x: -1, y: -0.5, z: 0 },
		rotation: { x: -34, y: -119, z: -3 },
		origin: { x: 0.5, y: 0.25, z: 0.5 },
		scale: 2.66
	},
	tpHandTransform: {
		translation: { x: -1.05, y: -0.82, z: -0.7 },
		rotation: { x: 95, y: -15, z: -90 },
		scale: 0.75
	},
	fpHandTransform: 
	{
	scale: 0.7
	},

	groundTransform: 
	{
	scale: 3.5
	},
	
		attributes: 
	{
		
		groundStorageTransform: 
		{
			origin: { x: 0.5, y: 0, z: 0.5 },
			scale: 0.85
		},
		onDisplayTransform: 
		{
			origin: { x: 0.5, y: 0, z: 0.5 },
			rotation: { x: 0, y: 90, z: 0 },
			scale: 0.75
		},		
		
		onTongTransform: {
			translation: { x: -1.4, y: -1.45, z: -1.2 },
			rotation: { x: -163, y: -167, z: 108 },
			scale: 0.62
		},

		shelvable: true,
		
		"handbook": {
		"groupBy": [ "tankard-woodtype-{wood}*" ]
		},
		
		liquidContainerProps: 
		{
				capacityLitres: 1,
				transferSizeLitres: 0.25,
				emptyShapeLoc: "shapes/block/tankard2",
				opaqueContentShapeLoc: "shapes/block/tankardliquidcontents",
				liquidContentShapeLoc: "shapes/block/tankardliquidcontents",
				liquidMaxYTranslate: 0.27
		},	
	},
	
	sounds: {
		place: "game:block/planks",
		hit: "game:block/planks",
		break: "game:block/planks",
		walk: "game:walk/wood"
	}	
	
}