[
  {
    "file": "xskills:itemtypes/metalbits/metalbit.json",
    "op": "addMerge",
    "path": "/attributes",
    "value": {
      "isPureMetal": true
    },
    "side": "Server",
    "dependsOn": [
      {
        "modid": "xskills"
      }
    ]
  },
  {
    "file": "xskills:itemtypes/metalbits/metalbit.json",
    "op": "addMerge",
    "path": "/behaviors",
    "value": [
      {
        "name": "smithingplus:WorkableNugget",
        "properties": {
          "ignoreExtraVoxels": true
        }
      }
    ],
    "side": "Server",
    "dependsOn": [
      {
        "modid": "xskills"
      }
    ]
  }
]
