{
	"editor": {
		"collapsedPaths": ",Root/basestick,Root/snow/snow11,Root/snow/snow15,Root/Walkway/ChainSupport/ChainSupport9,Root/snow/snow13,Root/Support,Root/Walkway2,Root/Walkway3,Root/base,Root/Walkway/ChainSupport/ChainSupport13,Root/Walkway/ChainSupport/ChainSupport2/ChainSupport3,Root/basestick/long,Root/snow/snow9,Root/Walkway/ChainSupport/ChainSupport5,Root/snow/snow7,Root/Walkway/ChainSupport/ChainSupport2,Root/snow/snow5,Root/Walkway/Chain/ChainSupport,Root/snow/snow3,Root/basestick2,Root/Support1,Root/Walkway/Chain,Root/snow/cover",
		"allAngles": false,
		"entityTextureMode": false
	},
	"textureWidth": 32,
	"textureHeight": 32,
	"textureSizes": {
		"bark": [16,16],
		"endp": [16,16],
		"walkway": [32,32],
		"metal": [16,16]
	},
	"textures": {
		"snowcover": "block/liquid/snow/normal1",
		"bark": "block/wood/bark/oak-h",
		"walkway": "block/wood/debarked/oak",
		"endp": "block/wood/treetrunk/oak"
	},
	"elements": [
		{
			"name": "base",
			"from": [ 16.0, 1.9, -8.0 ],
			"to": [ 16.0, 1.9, -8.0 ],
			"rotationOrigin": [ 16.0, 1.9, -8.0 ],
			"rotationY": -90.0,
			"rotationZ": -45.0,
			"faces": {
				"north": { "texture": "#walkway", "uv": [ 0.0, 0.0, 0.5, 0.5 ] },
				"east": { "texture": "#walkway", "uv": [ 0.0, 0.0, 0.5, 0.5 ] },
				"south": { "texture": "#walkway", "uv": [ 0.0, 0.0, 0.5, 0.5 ] },
				"west": { "texture": "#walkway", "uv": [ 0.0, 0.0, 0.5, 0.5 ] },
				"up": { "texture": "#walkway", "uv": [ 0.0, 0.0, 0.5, 0.5 ] },
				"down": { "texture": "#walkway", "uv": [ 0.0, 0.0, 0.5, 0.5 ] }
			},
			"children": [
				{
					"name": "walkway2",
					"from": [ -4.24, 14.9, 12.9 ],
					"to": [ 18.81, 16.4, 13.9 ],
					"rotationOrigin": [ 3.8, 14.9, 13.4 ],
					"rotationX": -91.0,
					"rotationY": 1.0,
					"faces": {
						"north": { "texture": "#walkway", "uv": [ 6.0, 11.5, 29.0, 13.0 ] },
						"east": { "texture": "#walkway", "uv": [ 0.0, 0.0, 1.0, 1.5 ] },
						"south": { "texture": "#walkway", "uv": [ 0.0, 12.0, 23.0, 13.5 ] },
						"west": { "texture": "#walkway", "uv": [ 0.0, 0.0, 1.0, 1.5 ] },
						"up": { "texture": "#walkway", "uv": [ 0.0, 0.0, 23.0, 1.0 ] },
						"down": { "texture": "#walkway", "uv": [ 0.0, 0.0, 23.0, 1.0 ] }
					}
				},
				{
					"name": "walkway3",
					"from": [ -4.24, 14.8, 11.2 ],
					"to": [ 18.81, 16.8, 12.2 ],
					"rotationOrigin": [ 8.0, 14.8, 11.7 ],
					"rotationX": -87.0,
					"rotationY": 1.0,
					"faces": {
						"north": { "texture": "#walkway", "uv": [ 6.0, 11.0, 29.0, 13.0 ] },
						"east": { "texture": "#walkway", "uv": [ 0.0, 0.0, 1.0, 2.0 ] },
						"south": { "texture": "#walkway", "uv": [ 0.0, 11.0, 23.0, 13.0 ] },
						"west": { "texture": "#walkway", "uv": [ 0.0, 0.0, 1.0, 2.0 ] },
						"up": { "texture": "#walkway", "uv": [ 0.0, 0.5, 23.0, 1.5 ] },
						"down": { "texture": "#walkway", "uv": [ 0.0, 0.0, 23.0, 1.0 ] }
					}
				},
				{
					"name": "walkway35",
					"from": [ -4.24, 14.7, 8.9 ],
					"to": [ 18.81, 15.7, 9.9 ],
					"rotationOrigin": [ 8.0, 14.7, 9.4 ],
					"rotationX": -89.0,
					"faces": {
						"north": { "texture": "#walkway", "uv": [ 0.0, 11.5, 23.0, 12.5 ] },
						"east": { "texture": "#walkway", "uv": [ 0.0, 0.0, 1.0, 1.0 ] },
						"south": { "texture": "#walkway", "uv": [ 6.0, 12.0, 29.0, 13.0 ] },
						"west": { "texture": "#walkway", "uv": [ 0.0, 0.0, 1.0, 1.0 ] },
						"up": { "texture": "#walkway", "uv": [ 6.0, 0.0, 29.0, 1.0 ] },
						"down": { "texture": "#walkway", "uv": [ 6.0, 0.0, 29.0, 1.0 ] }
					}
				},
				{
					"name": "walkway5",
					"from": [ -4.24, 14.9, 7.4 ],
					"to": [ 18.81, 16.9, 8.4 ],
					"rotationOrigin": [ 8.0, 14.9, 7.9 ],
					"rotationX": -92.0,
					"rotationY": 2.0,
					"rotationZ": 1.0,
					"faces": {
						"north": { "texture": "#walkway", "uv": [ 6.0, 11.0, 29.0, 13.0 ] },
						"east": { "texture": "#walkway", "uv": [ 0.0, 0.0, 1.0, 2.0 ] },
						"south": { "texture": "#walkway", "uv": [ 0.0, 11.0, 23.0, 13.0 ] },
						"west": { "texture": "#walkway", "uv": [ 0.0, 0.0, 1.0, 2.0 ] },
						"up": { "texture": "#walkway", "uv": [ 0.0, 0.5, 23.0, 1.5 ] },
						"down": { "texture": "#walkway", "uv": [ 0.0, 0.0, 23.0, 1.0 ] }
					}
				},
				{
					"name": "walkway6",
					"from": [ -4.24, 14.9, 4.9 ],
					"to": [ 18.56, 16.4, 5.9 ],
					"rotationOrigin": [ 8.0, 14.9, 5.4 ],
					"rotationX": -85.0,
					"faces": {
						"north": { "texture": "#walkway", "uv": [ 6.0, 11.5, 28.0, 13.0 ] },
						"east": { "texture": "#walkway", "uv": [ 0.0, 0.0, 1.0, 1.5 ] },
						"south": { "texture": "#walkway", "uv": [ 0.0, 12.0, 22.0, 13.5 ] },
						"west": { "texture": "#walkway", "uv": [ 0.0, 0.0, 1.0, 1.5 ] },
						"up": { "texture": "#walkway", "uv": [ 0.0, 0.0, 22.0, 1.0 ] },
						"down": { "texture": "#walkway", "uv": [ 0.0, 0.0, 22.0, 1.0 ] }
					}
				},
				{
					"name": "walkway7",
					"from": [ -4.24, 15.0, 2.9 ],
					"to": [ 18.46, 17.0, 3.9 ],
					"rotationOrigin": [ 8.0, 15.0, 3.4 ],
					"rotationX": -89.0,
					"faces": {
						"north": { "texture": "#walkway", "uv": [ 6.0, 11.0, 28.0, 13.0 ] },
						"east": { "texture": "#walkway", "uv": [ 0.0, 0.0, 1.0, 2.0 ] },
						"south": { "texture": "#walkway", "uv": [ 0.0, 11.0, 22.0, 13.0 ] },
						"west": { "texture": "#walkway", "uv": [ 0.0, 0.0, 1.0, 2.0 ] },
						"up": { "texture": "#walkway", "uv": [ 0.0, 0.5, 22.0, 1.5 ] },
						"down": { "texture": "#walkway", "uv": [ 0.0, 0.0, 22.0, 1.0 ] }
					}
				},
				{
					"name": "walkway36",
					"from": [ -4.24, 14.5, 0.1 ],
					"to": [ 18.46, 15.5, 1.1 ],
					"rotationOrigin": [ 8.0, 14.5, 0.6 ],
					"faces": {
						"north": { "texture": "#walkway", "uv": [ 0.0, 11.5, 22.0, 12.5 ] },
						"east": { "texture": "#walkway", "uv": [ 0.0, 0.0, 1.0, 1.0 ] },
						"south": { "texture": "#walkway", "uv": [ 6.0, 12.0, 28.0, 13.0 ] },
						"west": { "texture": "#walkway", "uv": [ 0.0, 0.0, 1.0, 1.0 ] },
						"up": { "texture": "#walkway", "uv": [ 6.0, 0.0, 28.0, 1.0 ] },
						"down": { "texture": "#walkway", "uv": [ 6.0, 0.0, 28.0, 1.0 ] }
					}
				},
				{
					"name": "walkway",
					"from": [ -4.24, 15.0, 15.4 ],
					"to": [ 18.46, 17.0, 16.4 ],
					"rotationOrigin": [ 3.0, 15.0, 15.9 ],
					"rotationX": -90.0,
					"faces": {
						"north": { "texture": "#walkway", "uv": [ 6.0, 11.5, 28.0, 13.5 ] },
						"east": { "texture": "#walkway", "uv": [ 0.0, 0.0, 1.0, 2.0 ] },
						"south": { "texture": "#walkway", "uv": [ 0.0, 12.0, 22.0, 14.0 ] },
						"west": { "texture": "#walkway", "uv": [ 14.0, 0.0, 15.0, 2.0 ] },
						"up": { "texture": "#walkway", "uv": [ 0.0, 1.0, 22.0, 2.0 ] },
						"down": { "texture": "#walkway", "uv": [ 0.0, 0.0, 22.0, 1.0 ] }
					}
				},
				{
					"name": "Support",
					"from": [ 6.85, 11.14, 0.5 ],
					"to": [ 9.85, 14.14, 12.0 ],
					"rotationOrigin": [ 8.1, 12.5865, 12.5 ],
					"rotationX": 45.0,
					"rotationY": 90.0,
					"rotationZ": 45.0,
					"faces": {
						"north": { "texture": "#endp", "uv": [ 0.0, 0.0, 16.0, 16.0 ], "autoUv": false },
						"east": { "texture": "#bark", "uv": [ 0.0, 13.0, 11.5, 16.0 ] },
						"south": { "texture": "#null", "uv": [ 0.0, 0.0, 3.0, 3.0 ], "enabled": false },
						"west": { "texture": "#bark", "uv": [ 0.0, 13.0, 11.5, 16.0 ] },
						"up": { "texture": "#bark", "uv": [ 0.0, 13.0, 11.5, 16.0 ], "rotation": 90 },
						"down": { "texture": "#bark", "uv": [ 0.0, 13.0, 11.5, 16.0 ], "rotation": 90 }
					},
					"children": [
						{
							"name": "Support01",
							"from": [ 0.0, 0.0, 11.5 ],
							"to": [ 3.0, 3.0, 22.66 ],
							"rotationOrigin": [ 1.5, 1.5, 11.5 ],
							"faces": {
								"north": { "texture": "#null", "uv": [ 0.0, 0.0, 3.0, 3.0 ], "enabled": false },
								"east": { "texture": "#bark", "uv": [ 4.5, 13.0, 15.5, 16.0 ] },
								"south": { "texture": "#endp", "uv": [ 0.0, 0.0, 16.0, 16.0 ], "autoUv": false },
								"west": { "texture": "#bark", "uv": [ 0.5, 13.0, 11.5, 16.0 ] },
								"up": { "texture": "#bark", "uv": [ 0.0, 13.0, 11.0, 16.0 ], "rotation": 90 },
								"down": { "texture": "#bark", "uv": [ 4.5, 13.0, 15.5, 16.0 ], "rotation": 90 }
							}
						}
					]
				},
				{
					"name": "Support1",
					"from": [ 6.11, 11.31, -9.0 ],
					"to": [ 9.11, 14.31, 2.1 ],
					"rotationOrigin": [ 8.0638, 11.6319, 3.0 ],
					"rotationX": 45.0,
					"rotationY": 90.0,
					"rotationZ": -45.0,
					"faces": {
						"north": { "texture": "#endp", "uv": [ 0.0, 0.0, 16.0, 16.0 ], "autoUv": false },
						"east": { "texture": "#bark", "uv": [ 0.0, 13.0, 11.0, 16.0 ] },
						"south": { "texture": "#null", "uv": [ 0.0, 0.0, 3.0, 3.0 ], "enabled": false },
						"west": { "texture": "#bark", "uv": [ 0.0, 13.0, 11.0, 16.0 ] },
						"up": { "texture": "#bark", "uv": [ 0.0, 13.0, 11.0, 16.0 ], "rotation": 90 },
						"down": { "texture": "#bark", "uv": [ 0.0, 13.0, 11.0, 16.0 ], "rotation": 90 }
					},
					"children": [
						{
							"name": "Support11",
							"from": [ 0.0, 0.0, 11.1 ],
							"to": [ 3.0, 3.0, 22.7 ],
							"rotationOrigin": [ 1.5, 1.5, 11.1 ],
							"faces": {
								"north": { "texture": "#null", "uv": [ 0.0, 0.0, 3.0, 3.0 ], "enabled": false },
								"east": { "texture": "#bark", "uv": [ 4.5, 12.0, 16.0, 15.0 ] },
								"south": { "texture": "#endp", "uv": [ 0.0, 0.0, 16.0, 16.0 ], "autoUv": false },
								"west": { "texture": "#bark", "uv": [ 3.0, 12.0, 14.5, 15.0 ] },
								"up": { "texture": "#bark", "uv": [ 4.0, 13.0, 15.5, 16.0 ], "rotation": 90 },
								"down": { "texture": "#bark", "uv": [ 4.5, 13.0, 16.0, 16.0 ], "rotation": 90 }
							}
						}
					]
				}
			]
		},
		{
			"name": "basestick",
			"from": [ 9.0, 1.5, 13.0 ],
			"to": [ 9.0, 1.5, 13.0 ],
			"rotationOrigin": [ 8.0, 1.5, 13.0 ],
			"rotationX": -45.0,
			"rotationY": 45.0,
			"faces": {
				"north": { "texture": "#null", "uv": [ 0.0, 0.0, 0.5, 0.5 ], "enabled": false },
				"east": { "texture": "#null", "uv": [ 0.0, 0.0, 0.5, 0.5 ], "enabled": false },
				"south": { "texture": "#null", "uv": [ 0.0, 0.0, 0.5, 0.5 ], "enabled": false },
				"west": { "texture": "#null", "uv": [ 0.0, 0.0, 0.5, 0.5 ], "enabled": false },
				"up": { "texture": "#null", "uv": [ 0.0, 0.0, 0.5, 0.5 ], "enabled": false },
				"down": { "texture": "#null", "uv": [ 0.0, 0.0, 0.5, 0.5 ], "enabled": false }
			},
			"children": [
				{
					"name": "long",
					"from": [ -8.8, 0.0, 0.0 ],
					"to": [ 7.2, 1.5, 1.0 ],
					"rotationOrigin": [ 0.0, 0.0, 0.0 ],
					"rotationY": -45.0,
					"faces": {
						"north": { "texture": "#walkway", "uv": [ 0.0, 3.5, 16.0, 5.0 ] },
						"east": { "texture": "#walkway", "uv": [ 1.5, 3.0, 2.5, 4.5 ] },
						"south": { "texture": "#walkway", "uv": [ 0.0, 13.0, 16.0, 14.5 ] },
						"west": { "texture": "#walkway", "uv": [ 1.0, 3.5, 2.0, 5.0 ] },
						"up": { "texture": "#walkway", "uv": [ 0.0, 12.5, 16.0, 13.5 ] },
						"down": { "texture": "#walkway", "uv": [ 0.0, 2.5, 16.0, 3.5 ] }
					},
					"children": [
						{
							"name": "Cube1",
							"from": [ 0.5, 0.0, 0.5 ],
							"to": [ 14.5, 1.5, 1.0 ],
							"rotationOrigin": [ 0.5, 0.0, 0.5 ],
							"rotationY": -1.0,
							"faces": {
								"north": { "texture": "#null", "uv": [ 0.0, 0.0, 14.0, 1.5 ], "enabled": false },
								"east": { "texture": "#walkway", "uv": [ 4.0, 1.0, 5.0, 2.0 ] },
								"south": { "texture": "#walkway", "uv": [ 0.0, 7.0, 14.0, 8.0 ] },
								"west": { "texture": "#walkway", "uv": [ 5.0, 7.0, 6.0, 8.0 ] },
								"up": { "texture": "#walkway", "uv": [ 1.0, 15.0, 15.0, 16.0 ] },
								"down": { "texture": "#walkway", "uv": [ 0.0, 9.0, 14.0, 10.0 ] }
							}
						},
						{
							"name": "Cube6",
							"from": [ 9.1, -0.1, 1.0 ],
							"to": [ 12.1, 0.9, 1.5 ],
							"rotationOrigin": [ 9.1, -0.1, 1.0 ],
							"rotationY": 157.5,
							"faces": {
								"north": { "texture": "#walkway", "uv": [ 0.0, 0.0, 3.0, 1.0 ] },
								"east": { "texture": "#walkway", "uv": [ 0.0, 0.0, 1.0, 1.0 ] },
								"south": { "texture": "#null", "uv": [ 0.0, 0.0, 3.0, 1.0 ], "enabled": false },
								"west": { "texture": "#null", "uv": [ 0.0, 0.0, 0.5, 1.0 ], "enabled": false },
								"up": { "texture": "#walkway", "uv": [ 9.0, 11.0, 12.0, 12.0 ] },
								"down": { "texture": "#walkway", "uv": [ 0.0, 0.0, 3.0, 1.0 ] }
							},
							"children": [
								{
									"name": "Cube10",
									"from": [ -0.099, 0.0, 0.5002 ],
									"to": [ 3.901, 1.0, 1.0002 ],
									"rotationOrigin": [ -0.099, 0.0, 2.0E-4 ],
									"faces": {
										"north": { "texture": "#walkway", "uv": [ 9.0, 3.0, 13.0, 4.0 ] },
										"east": { "texture": "#walkway", "uv": [ 7.5, 8.5, 8.0, 9.5 ] },
										"south": { "texture": "#walkway", "uv": [ 3.0, 5.0, 7.0, 6.0 ] },
										"west": { "texture": "#null", "uv": [ 0.0, 0.0, 0.5, 1.0 ], "enabled": false },
										"up": { "texture": "#walkway", "uv": [ 9.5, 13.0, 13.5, 13.5 ] },
										"down": { "texture": "#walkway", "uv": [ 8.5, 11.0, 12.5, 11.5 ] }
									}
								}
							]
						}
					]
				}
			]
		},
		{
			"name": "basestick2",
			"from": [ 9.0, 12.5, 1.0 ],
			"to": [ 9.0, 12.5, 1.0 ],
			"rotationOrigin": [ 8.0, 12.5, 1.0 ],
			"rotationX": 45.0,
			"rotationY": 45.0,
			"faces": {
				"north": { "texture": "#null", "uv": [ 0.0, 0.0, 0.5, 0.5 ], "enabled": false },
				"east": { "texture": "#null", "uv": [ 0.0, 0.0, 0.5, 0.5 ], "enabled": false },
				"south": { "texture": "#null", "uv": [ 0.0, 0.0, 0.5, 0.5 ], "enabled": false },
				"west": { "texture": "#null", "uv": [ 0.0, 0.0, 0.5, 0.5 ], "enabled": false },
				"up": { "texture": "#null", "uv": [ 0.0, 0.0, 0.5, 0.5 ], "enabled": false },
				"down": { "texture": "#null", "uv": [ 0.0, 0.0, 0.5, 0.5 ], "enabled": false }
			},
			"children": [
				{
					"name": "long2",
					"from": [ -8.8, 0.0, 0.0 ],
					"to": [ 7.2, 1.0, 1.0 ],
					"rotationOrigin": [ 0.0, 0.0, 0.0 ],
					"rotationY": -45.0,
					"faces": {
						"north": { "texture": "#walkway", "uv": [ 0.0, 4.0, 16.0, 5.0 ] },
						"east": { "texture": "#walkway", "uv": [ 2.0, 3.0, 3.0, 4.0 ] },
						"south": { "texture": "#walkway", "uv": [ 0.0, 13.0, 16.0, 14.0 ] },
						"west": { "texture": "#walkway", "uv": [ 1.0, 4.0, 2.0, 5.0 ] },
						"up": { "texture": "#walkway", "uv": [ 0.0, 13.0, 16.0, 14.0 ] },
						"down": { "texture": "#walkway", "uv": [ 0.0, 3.0, 16.0, 4.0 ] }
					},
					"children": [
						{
							"name": "Cube2",
							"from": [ 0.5, 0.0, 0.5 ],
							"to": [ 14.5, 1.0, 1.0 ],
							"rotationOrigin": [ 0.5, 0.0, 0.5 ],
							"rotationY": -1.0,
							"faces": {
								"north": { "texture": "#null", "uv": [ 0.0, 0.0, 14.0, 1.0 ], "enabled": false },
								"east": { "texture": "#walkway", "uv": [ 4.0, 1.0, 5.0, 2.0 ] },
								"south": { "texture": "#walkway", "uv": [ 0.0, 7.0, 14.0, 8.0 ] },
								"west": { "texture": "#walkway", "uv": [ 5.0, 7.0, 6.0, 8.0 ] },
								"up": { "texture": "#walkway", "uv": [ 1.0, 15.0, 15.0, 16.0 ] },
								"down": { "texture": "#walkway", "uv": [ 0.0, 9.0, 14.0, 10.0 ] }
							}
						}
					]
				}
			]
		},
		{
			"name": "snow",
			"from": [ 0.0, 0.0, 16.0 ],
			"to": [ 1.0, 1.5, 32.0 ],
			"rotationOrigin": [ 0.0, 0.0, 16.0 ],
			"rotationY": 90.0,
			"faces": {
				"north": { "texture": "#snowcover", "uv": [ 0.0, 0.0, 1.0, 1.0 ] },
				"east": { "texture": "#snowcover", "uv": [ 0.0, 0.0, 16.0, 1.0 ] },
				"south": { "texture": "#snowcover", "uv": [ 0.0, 0.0, 1.0, 1.0 ] },
				"west": { "texture": "#snowcover", "uv": [ 0.0, 0.0, 16.0, 1.0 ] },
				"up": { "texture": "#snowcover", "uv": [ 0.0, 0.0, 1.0, 16.0 ], "rotation": 180 },
				"down": { "texture": "#snowcover", "uv": [ 0.0, 0.0, 1.0, 16.0 ], "autoUv": false, "windMode": [-1,-1,-1,-1] }
			},
			"children": [
				{
					"name": "snow2",
					"from": [ 1.0, 0.8, 0.0 ],
					"to": [ 2.0, 2.3, 16.0 ],
					"rotationOrigin": [ 1.0, 0.8, 0.0 ],
					"faces": {
						"north": { "texture": "#snowcover", "uv": [ 0.0, 0.0, 1.0, 1.0 ] },
						"east": { "texture": "#snowcover", "uv": [ 0.0, 0.0, 16.0, 1.0 ] },
						"south": { "texture": "#snowcover", "uv": [ 0.0, 0.0, 1.0, 1.0 ] },
						"west": { "texture": "#snowcover", "uv": [ 0.0, 0.0, 16.0, 1.0 ] },
						"up": { "texture": "#snowcover", "uv": [ 0.0, 0.0, 1.0, 16.0 ], "rotation": 180 },
						"down": { "texture": "#snowcover", "uv": [ 0.0, 0.0, 1.0, 16.0 ], "autoUv": false, "windMode": [-1,-1,-1,-1] }
					}
				},
				{
					"name": "snow3",
					"from": [ 2.0, 1.8, 0.0 ],
					"to": [ 3.0, 3.3, 16.0 ],
					"rotationOrigin": [ 2.0, 1.8, 0.0 ],
					"faces": {
						"north": { "texture": "#snowcover", "uv": [ 0.0, 0.0, 1.0, 1.0 ] },
						"east": { "texture": "#snowcover", "uv": [ 0.0, 0.0, 16.0, 1.0 ] },
						"south": { "texture": "#snowcover", "uv": [ 0.0, 0.0, 1.0, 1.0 ] },
						"west": { "texture": "#snowcover", "uv": [ 0.0, 0.0, 16.0, 1.0 ] },
						"up": { "texture": "#snowcover", "uv": [ 0.0, 0.0, 1.0, 16.0 ], "rotation": 180 },
						"down": { "texture": "#snowcover", "uv": [ 0.0, 0.0, 1.0, 16.0 ], "autoUv": false, "windMode": [-1,-1,-1,-1] }
					},
					"children": [
						{
							"name": "snow4",
							"from": [ 1.0, 0.8, 0.0 ],
							"to": [ 2.0, 2.3, 16.0 ],
							"rotationOrigin": [ 1.0, 0.8, 0.0 ],
							"faces": {
								"north": { "texture": "#snowcover", "uv": [ 0.0, 0.0, 1.0, 1.0 ] },
								"east": { "texture": "#snowcover", "uv": [ 0.0, 0.0, 16.0, 1.0 ] },
								"south": { "texture": "#snowcover", "uv": [ 0.0, 0.0, 1.0, 1.0 ] },
								"west": { "texture": "#snowcover", "uv": [ 0.0, 0.0, 16.0, 1.0 ] },
								"up": { "texture": "#snowcover", "uv": [ 0.0, 0.0, 1.0, 16.0 ], "rotation": 180 },
								"down": { "texture": "#snowcover", "uv": [ 0.0, 0.0, 1.0, 16.0 ], "autoUv": false, "windMode": [-1,-1,-1,-1] }
							}
						}
					]
				},
				{
					"name": "snow5",
					"from": [ 4.0, 3.8, 0.0 ],
					"to": [ 5.0, 5.3, 16.0 ],
					"rotationOrigin": [ 4.0, 3.8, 0.0 ],
					"faces": {
						"north": { "texture": "#snowcover", "uv": [ 0.0, 0.0, 1.0, 1.0 ] },
						"east": { "texture": "#snowcover", "uv": [ 0.0, 0.0, 16.0, 1.0 ] },
						"south": { "texture": "#snowcover", "uv": [ 0.0, 0.0, 1.0, 1.0 ] },
						"west": { "texture": "#snowcover", "uv": [ 0.0, 0.0, 16.0, 1.0 ] },
						"up": { "texture": "#snowcover", "uv": [ 0.0, 0.0, 1.0, 16.0 ], "rotation": 180 },
						"down": { "texture": "#snowcover", "uv": [ 0.0, 0.0, 1.0, 16.0 ], "autoUv": false, "windMode": [-1,-1,-1,-1] }
					},
					"children": [
						{
							"name": "snow6",
							"from": [ 1.0, 0.8, 0.0 ],
							"to": [ 2.0, 2.3, 16.0 ],
							"rotationOrigin": [ 1.0, 0.8, 0.0 ],
							"faces": {
								"north": { "texture": "#snowcover", "uv": [ 0.0, 0.0, 1.0, 1.0 ] },
								"east": { "texture": "#snowcover", "uv": [ 0.0, 0.0, 16.0, 1.0 ] },
								"south": { "texture": "#snowcover", "uv": [ 0.0, 0.0, 1.0, 1.0 ] },
								"west": { "texture": "#snowcover", "uv": [ 0.0, 0.0, 16.0, 1.0 ] },
								"up": { "texture": "#snowcover", "uv": [ 0.0, 0.0, 1.0, 16.0 ], "rotation": 180 },
								"down": { "texture": "#snowcover", "uv": [ 0.0, 0.0, 1.0, 16.0 ], "autoUv": false, "windMode": [-1,-1,-1,-1] }
							}
						}
					]
				},
				{
					"name": "snow7",
					"from": [ 6.0, 5.8, 0.0 ],
					"to": [ 7.0, 7.3, 16.0 ],
					"rotationOrigin": [ 6.0, 5.8, 0.0 ],
					"faces": {
						"north": { "texture": "#snowcover", "uv": [ 0.0, 0.0, 1.0, 1.0 ] },
						"east": { "texture": "#snowcover", "uv": [ 0.0, 0.0, 16.0, 1.0 ] },
						"south": { "texture": "#snowcover", "uv": [ 0.0, 0.0, 1.0, 1.0 ] },
						"west": { "texture": "#snowcover", "uv": [ 0.0, 0.0, 16.0, 1.0 ] },
						"up": { "texture": "#snowcover", "uv": [ 0.0, 0.0, 1.0, 16.0 ], "rotation": 180 },
						"down": { "texture": "#snowcover", "uv": [ 0.0, 0.0, 1.0, 16.0 ], "autoUv": false, "windMode": [-1,-1,-1,-1] }
					},
					"children": [
						{
							"name": "snow8",
							"from": [ 1.0, 0.8, 0.0 ],
							"to": [ 2.0, 2.3, 16.0 ],
							"rotationOrigin": [ 1.0, 0.8, 0.0 ],
							"faces": {
								"north": { "texture": "#snowcover", "uv": [ 0.0, 0.0, 1.0, 1.0 ] },
								"east": { "texture": "#snowcover", "uv": [ 0.0, 0.0, 16.0, 1.0 ] },
								"south": { "texture": "#snowcover", "uv": [ 0.0, 0.0, 1.0, 1.0 ] },
								"west": { "texture": "#snowcover", "uv": [ 0.0, 0.0, 16.0, 1.0 ] },
								"up": { "texture": "#snowcover", "uv": [ 0.0, 0.0, 1.0, 16.0 ], "rotation": 180 },
								"down": { "texture": "#snowcover", "uv": [ 0.0, 0.0, 1.0, 16.0 ], "autoUv": false, "windMode": [-1,-1,-1,-1] }
							}
						}
					]
				},
				{
					"name": "snow9",
					"from": [ 8.0, 7.8, 0.0 ],
					"to": [ 9.0, 9.3, 16.0 ],
					"rotationOrigin": [ 8.0, 7.8, 0.0 ],
					"faces": {
						"north": { "texture": "#snowcover", "uv": [ 0.0, 0.0, 1.0, 1.0 ] },
						"east": { "texture": "#snowcover", "uv": [ 0.0, 0.0, 16.0, 1.0 ] },
						"south": { "texture": "#snowcover", "uv": [ 0.0, 0.0, 1.0, 1.0 ] },
						"west": { "texture": "#snowcover", "uv": [ 0.0, 0.0, 16.0, 1.0 ] },
						"up": { "texture": "#snowcover", "uv": [ 0.0, 0.0, 1.0, 16.0 ], "rotation": 180 },
						"down": { "texture": "#snowcover", "uv": [ 0.0, 0.0, 1.0, 16.0 ], "autoUv": false, "windMode": [-1,-1,-1,-1] }
					},
					"children": [
						{
							"name": "snow10",
							"from": [ 1.0, 0.8, 0.0 ],
							"to": [ 2.0, 2.3, 16.0 ],
							"rotationOrigin": [ 1.0, 0.8, 0.0 ],
							"faces": {
								"north": { "texture": "#snowcover", "uv": [ 0.0, 0.0, 1.0, 1.0 ] },
								"east": { "texture": "#snowcover", "uv": [ 0.0, 0.0, 16.0, 1.0 ] },
								"south": { "texture": "#snowcover", "uv": [ 0.0, 0.0, 1.0, 1.0 ] },
								"west": { "texture": "#snowcover", "uv": [ 0.0, 0.0, 16.0, 1.0 ] },
								"up": { "texture": "#snowcover", "uv": [ 0.0, 0.0, 1.0, 16.0 ], "rotation": 180 },
								"down": { "texture": "#snowcover", "uv": [ 0.0, 0.0, 1.0, 16.0 ], "autoUv": false, "windMode": [-1,-1,-1,-1] }
							}
						}
					]
				},
				{
					"name": "snow11",
					"from": [ 10.0, 9.8, 0.0 ],
					"to": [ 11.0, 11.3, 16.0 ],
					"rotationOrigin": [ 10.0, 9.8, 0.0 ],
					"faces": {
						"north": { "texture": "#snowcover", "uv": [ 0.0, 0.0, 1.0, 1.0 ] },
						"east": { "texture": "#snowcover", "uv": [ 0.0, 0.0, 16.0, 1.0 ] },
						"south": { "texture": "#snowcover", "uv": [ 0.0, 0.0, 1.0, 1.0 ] },
						"west": { "texture": "#snowcover", "uv": [ 0.0, 0.0, 16.0, 1.0 ] },
						"up": { "texture": "#snowcover", "uv": [ 0.0, 0.0, 1.0, 16.0 ], "rotation": 180 },
						"down": { "texture": "#snowcover", "uv": [ 0.0, 0.0, 1.0, 16.0 ], "autoUv": false, "windMode": [-1,-1,-1,-1] }
					},
					"children": [
						{
							"name": "snow12",
							"from": [ 1.0, 0.8, 0.0 ],
							"to": [ 2.0, 2.3, 16.0 ],
							"rotationOrigin": [ 1.0, 0.8, 0.0 ],
							"faces": {
								"north": { "texture": "#snowcover", "uv": [ 0.0, 0.0, 1.0, 1.0 ] },
								"east": { "texture": "#snowcover", "uv": [ 0.0, 0.0, 16.0, 1.0 ] },
								"south": { "texture": "#snowcover", "uv": [ 0.0, 0.0, 1.0, 1.0 ] },
								"west": { "texture": "#snowcover", "uv": [ 0.0, 0.0, 16.0, 1.0 ] },
								"up": { "texture": "#snowcover", "uv": [ 0.0, 0.0, 1.0, 16.0 ], "rotation": 180 },
								"down": { "texture": "#snowcover", "uv": [ 0.0, 0.0, 1.0, 16.0 ], "autoUv": false, "windMode": [-1,-1,-1,-1] }
							}
						}
					]
				},
				{
					"name": "snow13",
					"from": [ 12.0, 11.8, 0.0 ],
					"to": [ 13.0, 13.3, 16.0 ],
					"rotationOrigin": [ 12.0, 11.8, 0.0 ],
					"faces": {
						"north": { "texture": "#snowcover", "uv": [ 0.0, 0.0, 1.0, 1.0 ] },
						"east": { "texture": "#snowcover", "uv": [ 0.0, 0.0, 16.0, 1.0 ] },
						"south": { "texture": "#snowcover", "uv": [ 0.0, 0.0, 1.0, 1.0 ] },
						"west": { "texture": "#snowcover", "uv": [ 0.0, 0.0, 16.0, 1.0 ] },
						"up": { "texture": "#snowcover", "uv": [ 0.0, 0.0, 1.0, 16.0 ], "rotation": 180 },
						"down": { "texture": "#snowcover", "uv": [ 0.0, 0.0, 1.0, 16.0 ], "autoUv": false, "windMode": [-1,-1,-1,-1] }
					},
					"children": [
						{
							"name": "snow14",
							"from": [ 1.0, 0.8, 0.0 ],
							"to": [ 2.0, 2.3, 16.0 ],
							"rotationOrigin": [ 1.0, 0.8, 0.0 ],
							"faces": {
								"north": { "texture": "#snowcover", "uv": [ 0.0, 0.0, 1.0, 1.0 ] },
								"east": { "texture": "#snowcover", "uv": [ 0.0, 0.0, 16.0, 1.0 ] },
								"south": { "texture": "#snowcover", "uv": [ 0.0, 0.0, 1.0, 1.0 ] },
								"west": { "texture": "#snowcover", "uv": [ 0.0, 0.0, 16.0, 1.0 ] },
								"up": { "texture": "#snowcover", "uv": [ 0.0, 0.0, 1.0, 16.0 ], "rotation": 180 },
								"down": { "texture": "#snowcover", "uv": [ 0.0, 0.0, 1.0, 16.0 ], "autoUv": false, "windMode": [-1,-1,-1,-1] }
							}
						}
					]
				},
				{
					"name": "snow15",
					"from": [ 14.0, 13.8, 0.0 ],
					"to": [ 15.0, 15.3, 16.0 ],
					"rotationOrigin": [ 14.0, 13.8, 0.0 ],
					"faces": {
						"north": { "texture": "#snowcover", "uv": [ 0.0, 0.0, 1.0, 1.0 ] },
						"east": { "texture": "#snowcover", "uv": [ 0.0, 0.0, 16.0, 1.0 ] },
						"south": { "texture": "#snowcover", "uv": [ 0.0, 0.0, 1.0, 1.0 ] },
						"west": { "texture": "#snowcover", "uv": [ 0.0, 0.0, 16.0, 1.0 ] },
						"up": { "texture": "#snowcover", "uv": [ 0.0, 0.0, 1.0, 16.0 ], "rotation": 180 },
						"down": { "texture": "#snowcover", "uv": [ 0.0, 0.0, 1.0, 16.0 ], "autoUv": false, "windMode": [-1,-1,-1,-1] }
					},
					"children": [
						{
							"name": "snow16",
							"from": [ 1.0, 0.8, 0.0 ],
							"to": [ 2.0, 2.3, 16.0 ],
							"rotationOrigin": [ 1.0, 0.8, 0.0 ],
							"faces": {
								"north": { "texture": "#snowcover", "uv": [ 0.0, 0.0, 1.0, 1.0 ] },
								"east": { "texture": "#snowcover", "uv": [ 0.0, 0.0, 16.0, 1.0 ] },
								"south": { "texture": "#snowcover", "uv": [ 0.0, 0.0, 1.0, 1.0 ] },
								"west": { "texture": "#snowcover", "uv": [ 0.0, 0.0, 16.0, 1.0 ] },
								"up": { "texture": "#snowcover", "uv": [ 0.0, 0.0, 1.0, 16.0 ], "rotation": 180 },
								"down": { "texture": "#snowcover", "uv": [ 0.0, 0.0, 1.0, 16.0 ], "autoUv": false, "windMode": [-1,-1,-1,-1] }
							}
						}
					]
				},
				{
					"name": "cover",
					"from": [ 0.01, -1.4, 0.0 ],
					"to": [ 15.99, 10.6, 1.1 ],
					"rotationOrigin": [ 0.0, -1.4, 0.0 ],
					"rotationX": -90.0,
					"rotationY": -45.0,
					"rotationZ": -90.0,
					"faces": {
						"north": { "texture": "#snowcover", "uv": [ 0.0, 0.0, 15.0, 12.0 ] },
						"east": { "texture": "#snowcover", "uv": [ 0.0, 0.0, 1.0, 12.0 ] },
						"south": { "texture": "#snowcover", "uv": [ 0.0, 0.0, 15.0, 12.0 ] },
						"west": { "texture": "#snowcover", "uv": [ 0.0, 0.0, 1.0, 12.0 ] },
						"up": { "texture": "#snowcover", "uv": [ 0.0, 0.0, 15.0, 1.0 ] },
						"down": { "texture": "#snowcover", "uv": [ 0.0, 0.0, 15.0, 1.0 ] }
					},
					"children": [
						{
							"name": "Cube3",
							"from": [ 0.0, 12.0, 0.0 ],
							"to": [ 15.98, 23.55, 1.0 ],
							"rotationOrigin": [ -0.01, 11.0, 0.0 ],
							"faces": {
								"north": { "texture": "#snowcover", "uv": [ 0.0, 0.0, 15.0, 11.0 ] },
								"east": { "texture": "#snowcover", "uv": [ 0.0, 0.0, 1.0, 11.0 ] },
								"south": { "texture": "#snowcover", "uv": [ 0.0, 0.0, 15.0, 11.0 ] },
								"west": { "texture": "#snowcover", "uv": [ 0.0, 0.0, 1.0, 11.0 ] },
								"up": { "texture": "#snowcover", "uv": [ 0.0, 0.0, 15.0, 1.0 ] },
								"down": { "texture": "#snowcover", "uv": [ 0.0, 0.0, 15.0, 1.0 ] }
							}
						},
						{
							"name": "Cube4",
							"from": [ 0.01, 0.0808, 0.0707 ],
							"to": [ 15.97, 1.0808, 1.0707 ],
							"rotationOrigin": [ 0.0, 0.0708, 0.0707 ],
							"rotationX": 45.0,
							"faces": {
								"north": { "texture": "#snowcover", "uv": [ 0.0, 0.0, 15.0, 1.0 ] },
								"east": { "texture": "#snowcover", "uv": [ 0.0, 0.0, 1.0, 1.0 ] },
								"south": { "texture": "#snowcover", "uv": [ 0.0, 0.0, 15.0, 1.0 ] },
								"west": { "texture": "#snowcover", "uv": [ 0.0, 0.0, 1.0, 1.0 ] },
								"up": { "texture": "#snowcover", "uv": [ 0.0, 0.0, 15.0, 1.0 ] },
								"down": { "texture": "#snowcover", "uv": [ 0.0, 0.0, 15.0, 1.0 ] }
							}
						},
						{
							"name": "Cube25",
							"from": [ 0.01, 23.4739, -0.0778 ],
							"to": [ 15.97, 24.4639, 0.9222 ],
							"rotationOrigin": [ 0.0, 23.9639, -0.0778 ],
							"rotationX": 45.0,
							"faces": {
								"north": { "texture": "#snowcover", "uv": [ 0.0, 0.0, 15.0, 1.0 ] },
								"east": { "texture": "#snowcover", "uv": [ 0.0, 0.0, 1.0, 1.0 ] },
								"south": { "texture": "#snowcover", "uv": [ 0.0, 0.0, 15.0, 1.0 ] },
								"west": { "texture": "#snowcover", "uv": [ 0.0, 0.0, 1.0, 1.0 ] },
								"up": { "texture": "#snowcover", "uv": [ 0.0, 0.0, 15.0, 1.0 ] },
								"down": { "texture": "#snowcover", "uv": [ 0.0, 0.0, 15.0, 1.0 ] }
							}
						}
					]
				}
			]
		}
	]}