{
	"editor": {
		"collapsedPaths": "Root/origin/origin handle W,Root/origin/origin ring 3,Root/origin/origin ring 2,Root/origin/W/HandleW,Root/origin/E/HandleE,Root/origin/origin handle E,Root/origin/Eb/HandleE,Root/origin/origin string,Root/origin/origin ring 1",
		"allAngles": false,
		"entityTextureMode": false
	},
	"textureWidth": 16,
	"textureHeight": 16,
	"textureSizes": {
	},
	"textures": {
		"top": "block/clay/ceramic",
		"bottom": "block/clay/ceramic",
		"bot": "block/clay/ceramic",
		"inner": "block/clay/ceramic"
	},
	"elements": [
		{
			"name": "origin",
			"from": [ 8.0, 0.0, 8.0 ],
			"to": [ 9.0, 0.0, 8.0 ],
			"rotationOrigin": [ 8.0, 0.0, 8.0 ],
			"faces": {
			},
			"children": [
				{
					"name": "Floor",
					"from": [ -3.5, -0.1, -3.5 ],
					"to": [ 3.5, 1.1, 3.5 ],
					"rotationOrigin": [ 0.0, 0.1, 0.0 ],
					"faces": {
						"up": { "texture": "#bottom", "uv": [ 8.0, 4.0, 15.0, 11.0 ] },
						"down": { "texture": "#bottom", "uv": [ 5.5, 1.0, 12.5, 8.0 ] }
					}
				},
				{
					"name": "N",
					"from": [ -3.0, -0.1, -4.5 ],
					"to": [ -3.0, -0.1, -4.5 ],
					"rotationOrigin": [ -3.0, -0.1, -4.5 ],
					"faces": {
					},
					"children": [
						{
							"name": "topN",
							"from": [ 0.0, 4.96, 0.0 ],
							"to": [ 6.0, 9.1, 1.0 ],
							"rotationOrigin": [ 1.0, 0.0, 1.0 ],
							"faces": {
								"north": { "texture": "#top", "uv": [ 1.0, 6.5, 5.0, 12.5 ], "rotation": 90 },
								"east": { "texture": "#top", "uv": [ 0.0, 4.0, 0.5, 4.5 ], "autoUv": false },
								"south": { "texture": "#inner", "uv": [ 3.0, 7.0, 7.0, 13.0 ], "rotation": 90 },
								"west": { "texture": "#top", "uv": [ 0.0, 4.0, 0.5, 4.5 ], "autoUv": false },
								"up": { "texture": "#top", "uv": [ 1.0, 0.0, 7.0, 1.0 ] }
							}
						},
						{
							"name": "bottomN",
							"from": [ 0.0, 0.0, 0.0 ],
							"to": [ 6.0, 4.96, 1.0 ],
							"rotationOrigin": [ 1.0, 0.0, 1.0 ],
							"faces": {
								"north": { "texture": "#bot", "uv": [ 1.0, 6.5, 5.5, 12.5 ], "rotation": 90 },
								"east": { "texture": "#bot", "uv": [ 0.0, 4.0, 0.5, 4.5 ], "autoUv": false },
								"south": { "texture": "#inner", "uv": [ 3.0, 7.0, 7.5, 13.0 ], "rotation": 90 },
								"west": { "texture": "#bot", "uv": [ 0.0, 4.0, 0.5, 4.5 ], "autoUv": false },
								"down": { "texture": "#bot", "uv": [ 6.0, 0.5, 12.0, 1.5 ] }
							}
						}
					]
				},
				{
					"name": "NE",
					"from": [ 3.0, -0.09, -4.5 ],
					"to": [ 3.0, -0.09, -4.5 ],
					"rotationOrigin": [ 3.0, -0.09, -4.5 ],
					"rotationY": -45.0,
					"faces": {
					},
					"children": [
						{
							"name": "topNE",
							"from": [ 0.0, 4.96, 0.0 ],
							"to": [ 2.12, 9.08, 1.0 ],
							"rotationOrigin": [ 0.0, -0.01, 0.0 ],
							"faces": {
								"north": { "texture": "#top", "uv": [ 0.0, 0.0, 2.0, 4.0 ] },
								"east": { "texture": "#top", "uv": [ 0.5, 0.0, 1.5, 4.0 ] },
								"south": { "texture": "#inner", "uv": [ 6.2, 6.0, 8.2, 15.0 ], "autoUv": false },
								"west": { "texture": "#top", "uv": [ 0.0, 0.0, 1.0, 4.0 ] },
								"up": { "texture": "#top", "uv": [ 7.0, 0.0, 9.0, 1.0 ] }
							}
						},
						{
							"name": "bottomNE",
							"from": [ 0.0, 0.0, 0.0 ],
							"to": [ 2.12, 4.96, 1.0 ],
							"rotationOrigin": [ 0.0, -0.01, 0.0 ],
							"faces": {
								"north": { "texture": "#bot", "uv": [ 0.0, 0.0, 2.0, 4.5 ] },
								"east": { "texture": "#bot", "uv": [ 0.5, 0.0, 1.5, 4.5 ] },
								"south": { "texture": "#inner", "uv": [ 6.2, 6.0, 8.2, 15.0 ], "autoUv": false },
								"west": { "texture": "#bot", "uv": [ 0.0, 0.0, 1.0, 4.5 ] },
								"down": { "texture": "#bot", "uv": [ 0.0, 0.0, 2.0, 1.0 ] }
							}
						}
					]
				},
				{
					"name": "E",
					"from": [ 3.5, -0.1, -3.0 ],
					"to": [ 3.5, -0.1, -3.0 ],
					"rotationOrigin": [ 3.5, -0.1, -3.0 ],
					"faces": {
					},
					"children": [
						{
							"name": "topE",
							"from": [ 0.0, 4.96, 0.0 ],
							"to": [ 1.0, 9.1, 6.0 ],
							"rotationOrigin": [ -6.0, 0.0, 0.0 ],
							"faces": {
								"north": { "texture": "#top", "uv": [ 0.0, 4.0, 0.5, 4.5 ], "autoUv": false },
								"east": { "texture": "#top", "uv": [ 1.5, 9.0, 5.5, 15.0 ], "rotation": 90 },
								"south": { "texture": "#top", "uv": [ 0.0, 4.0, 0.5, 4.5 ], "autoUv": false },
								"west": { "texture": "#inner", "uv": [ 5.0, 7.5, 9.0, 13.5 ], "rotation": 90 },
								"up": { "texture": "#top", "uv": [ 7.0, 2.0, 8.0, 8.0 ], "rotation": 180 }
							}
						},
						{
							"name": "bottomE",
							"from": [ 0.0, 0.0, 0.0 ],
							"to": [ 1.0, 4.96, 6.0 ],
							"rotationOrigin": [ -6.0, 0.0, 0.0 ],
							"faces": {
								"north": { "texture": "#bot", "uv": [ 0.0, 4.0, 0.5, 4.5 ], "autoUv": false },
								"east": { "texture": "#bot", "uv": [ 1.5, 9.0, 6.0, 15.0 ], "rotation": 90 },
								"south": { "texture": "#bot", "uv": [ 0.0, 4.0, 0.5, 4.5 ], "autoUv": false },
								"west": { "texture": "#inner", "uv": [ 5.0, 7.5, 9.5, 13.5 ], "rotation": 90 },
								"down": { "texture": "#bot", "uv": [ 2.0, 6.0, 3.0, 12.0 ] }
							}
						},
						{
							"name": "HandleE",
							"from": [ 1.0, 7.5, 1.5 ],
							"to": [ 2.0, 8.0, 4.5 ],
							"rotationOrigin": [ 1.0, 7.0, 1.5 ],
							"faces": {
								"north": { "texture": "#bottom", "uv": [ 0.0, 0.0, 1.0, 0.5 ] },
								"east": { "texture": "#bottom", "uv": [ 0.0, 0.0, 3.0, 0.5 ] },
								"south": { "texture": "#bottom", "uv": [ 0.0, 0.0, 1.0, 0.5 ] },
								"up": { "texture": "#bottom", "uv": [ 0.0, 0.0, 1.0, 3.0 ] },
								"down": { "texture": "#bottom", "uv": [ 0.0, 0.0, 1.0, 3.0 ] }
							},
							"children": [
								{
									"name": "this",
									"from": [ 0.5, -0.5, 0.5 ],
									"to": [ 1.0, 0.0, 2.5 ],
									"rotationOrigin": [ 1.0, -0.5, 0.5 ],
									"faces": {
										"north": { "texture": "#bottom", "uv": [ 0.0, 0.0, 0.5, 0.5 ] },
										"east": { "texture": "#bottom", "uv": [ 0.0, 0.0, 2.0, 0.5 ] },
										"south": { "texture": "#bottom", "uv": [ 0.0, 0.0, 0.5, 0.5 ] },
										"west": { "texture": "#bottom", "uv": [ 0.0, 0.0, 2.0, 0.5 ] },
										"up": { "texture": "#bottom", "uv": [ 0.0, 0.0, 0.5, 2.0 ] },
										"down": { "texture": "#bottom", "uv": [ 0.0, 0.0, 0.5, 2.0 ] }
									},
									"children": [
										{
											"name": "is",
											"from": [ -0.5, 0.0, -0.5 ],
											"to": [ 0.5, 0.5, 0.0 ],
											"rotationOrigin": [ -1.0, 0.0, -0.5 ],
											"faces": {
												"north": { "texture": "#bottom", "uv": [ 0.0, 0.0, 1.0, 0.5 ] },
												"east": { "texture": "#bottom", "uv": [ 0.0, 0.0, 0.5, 0.5 ] },
												"south": { "texture": "#bottom", "uv": [ 0.0, 0.0, 1.0, 0.5 ] },
												"up": { "texture": "#bottom", "uv": [ 0.0, 0.0, 1.0, 0.5 ] },
												"down": { "texture": "#bottom", "uv": [ 0.0, 0.0, 1.0, 0.5 ] }
											}
										},
										{
											"name": "degenerated",
											"from": [ -0.5, 0.0, 2.0 ],
											"to": [ 0.5, 0.5, 2.5 ],
											"rotationOrigin": [ 0.0, 0.0, 2.0 ],
											"faces": {
												"north": { "texture": "#bottom", "uv": [ 0.0, 0.0, 1.0, 0.5 ] },
												"east": { "texture": "#bottom", "uv": [ 0.0, 0.0, 0.5, 0.5 ] },
												"south": { "texture": "#bottom", "uv": [ 0.0, 0.0, 1.0, 0.5 ] },
												"up": { "texture": "#bottom", "uv": [ 0.0, 0.0, 1.0, 0.5 ] },
												"down": { "texture": "#bottom", "uv": [ 0.0, 0.0, 1.0, 0.5 ] }
											}
										}
									]
								}
							]
						}
					]
				},
				{
					"name": "ES",
					"from": [ 3.793, -0.09, 2.2939 ],
					"to": [ 3.793, -0.09, 2.2939 ],
					"rotationOrigin": [ 3.793, -0.09, 2.2939 ],
					"rotationY": -45.0,
					"faces": {
					},
					"children": [
						{
							"name": "topES",
							"from": [ 0.0, 4.96, 0.0 ],
							"to": [ 1.0, 9.08, 2.12 ],
							"rotationOrigin": [ 0.08, -0.01, 1.06 ],
							"faces": {
								"north": { "texture": "#top", "uv": [ 0.0, 0.0, 1.0, 4.0 ] },
								"east": { "texture": "#top", "uv": [ 0.0, 0.0, 2.0, 4.0 ] },
								"south": { "texture": "#top", "uv": [ 0.0, 0.0, 1.0, 4.0 ] },
								"west": { "texture": "#inner", "uv": [ 13.4, 0.0, 16.0, 9.0 ], "rotation": 180, "autoUv": false },
								"up": { "texture": "#top", "uv": [ 7.0, 8.0, 8.0, 10.0 ] }
							}
						},
						{
							"name": "bottomES",
							"from": [ 0.0, 0.0, 0.0 ],
							"to": [ 1.0, 4.96, 2.12 ],
							"rotationOrigin": [ 0.08, -0.01, 1.06 ],
							"faces": {
								"north": { "texture": "#bot", "uv": [ 0.0, 0.0, 1.0, 4.5 ] },
								"east": { "texture": "#bot", "uv": [ 0.0, 0.0, 2.0, 4.5 ] },
								"south": { "texture": "#bot", "uv": [ 0.0, 0.0, 1.0, 4.5 ] },
								"west": { "texture": "#inner", "uv": [ 13.4, 0.0, 16.0, 9.0 ], "rotation": 180, "autoUv": false },
								"down": { "texture": "#bot", "uv": [ 0.0, 0.0, 1.0, 2.0 ] }
							}
						}
					]
				},
				{
					"name": "S",
					"from": [ -3.0, -0.1, 3.5 ],
					"to": [ -3.0, -0.1, 3.5 ],
					"rotationOrigin": [ -3.0, -0.1, 3.5 ],
					"faces": {
					},
					"children": [
						{
							"name": "topS",
							"from": [ 0.0, 4.96, 0.0 ],
							"to": [ 6.0, 9.1, 1.0 ],
							"rotationOrigin": [ 1.0, 0.0, -6.0 ],
							"faces": {
								"north": { "texture": "#inner", "uv": [ 2.5, 9.5, 6.5, 15.5 ], "rotation": 90 },
								"east": { "texture": "#top", "uv": [ 0.0, 4.0, 0.5, 4.5 ], "autoUv": false },
								"south": { "texture": "#top", "uv": [ 4.5, 2.0, 8.5, 8.0 ], "rotation": 90 },
								"west": { "texture": "#top", "uv": [ 0.0, 4.0, 0.5, 4.5 ], "autoUv": false },
								"up": { "texture": "#top", "uv": [ 1.0, 9.0, 7.0, 10.0 ], "autoUv": false }
							}
						},
						{
							"name": "bottomS",
							"from": [ 0.0, 0.0, 0.0 ],
							"to": [ 6.0, 4.96, 1.0 ],
							"rotationOrigin": [ 1.0, 0.0, -6.0 ],
							"faces": {
								"north": { "texture": "#inner", "uv": [ 2.5, 9.5, 7.0, 15.5 ], "rotation": 90 },
								"east": { "texture": "#bot", "uv": [ 0.0, 4.0, 0.5, 4.5 ], "autoUv": false },
								"south": { "texture": "#bot", "uv": [ 4.5, 2.0, 9.0, 8.0 ], "rotation": 90 },
								"west": { "texture": "#bot", "uv": [ 0.0, 4.0, 0.5, 4.5 ], "autoUv": false },
								"down": { "texture": "#bot", "uv": [ 0.0, 5.0, 6.0, 6.0 ] }
							}
						}
					]
				},
				{
					"name": "SW",
					"from": [ -3.7935, -0.09, 2.2934 ],
					"to": [ -3.7935, -0.09, 2.2934 ],
					"rotationOrigin": [ -3.7935, -0.09, 2.2934 ],
					"rotationY": -45.0,
					"faces": {
					},
					"children": [
						{
							"name": "topSW",
							"from": [ 0.0, 4.94, 0.0 ],
							"to": [ 2.12, 9.06, 1.0 ],
							"rotationOrigin": [ -0.707, -0.01, -0.415 ],
							"faces": {
								"north": { "texture": "#inner", "uv": [ 0.1, 0.0, 2.4, 9.0 ], "rotation": 180, "autoUv": false },
								"east": { "texture": "#top", "uv": [ 0.0, 0.0, 1.0, 4.0 ] },
								"south": { "texture": "#top", "uv": [ 0.0, 0.0, 2.0, 4.0 ] },
								"west": { "texture": "#top", "uv": [ 0.0, 0.0, 1.0, 4.0 ] },
								"up": { "texture": "#top", "uv": [ 0.0, 8.0, 2.0, 9.0 ], "rotation": 180 }
							}
						},
						{
							"name": "bottomSW",
							"from": [ 0.0, 0.0, 0.0 ],
							"to": [ 2.12, 4.96, 1.0 ],
							"rotationOrigin": [ -0.707, -0.01, -0.415 ],
							"faces": {
								"north": { "texture": "#inner", "uv": [ 0.1, 0.0, 2.4, 9.0 ], "rotation": 180, "autoUv": false },
								"east": { "texture": "#bot", "uv": [ 0.0, 0.0, 1.0, 4.5 ] },
								"south": { "texture": "#bot", "uv": [ 0.0, 0.0, 2.0, 4.5 ] },
								"west": { "texture": "#bot", "uv": [ 0.0, 0.0, 1.0, 4.5 ] },
								"down": { "texture": "#bot", "uv": [ 0.0, 0.0, 2.0, 1.0 ] }
							}
						}
					]
				},
				{
					"name": "W",
					"from": [ -4.5, -0.1, -3.0 ],
					"to": [ -4.5, -0.1, -3.0 ],
					"rotationOrigin": [ -4.5, -0.1, -3.0 ],
					"faces": {
					},
					"children": [
						{
							"name": "topW",
							"from": [ 0.0, 4.96, 0.0 ],
							"to": [ 1.0, 9.1, 6.0 ],
							"rotationOrigin": [ 1.0, 0.0, 0.0 ],
							"faces": {
								"north": { "texture": "#top", "uv": [ 0.0, 4.0, 0.5, 4.5 ], "autoUv": false },
								"east": { "texture": "#inner", "uv": [ 0.0, 5.0, 5.0, 9.5 ], "autoUv": false },
								"south": { "texture": "#top", "uv": [ 0.0, 4.0, 0.5, 4.5 ], "autoUv": false },
								"west": { "texture": "#top", "uv": [ 0.0, 3.5, 5.0, 9.5 ], "autoUv": false },
								"up": { "texture": "#top", "uv": [ 0.0, 2.0, 1.0, 8.0 ] }
							}
						},
						{
							"name": "bottomW",
							"from": [ 0.0, 0.0, 0.0 ],
							"to": [ 1.0, 4.96, 6.0 ],
							"rotationOrigin": [ 1.0, 0.0, 0.0 ],
							"faces": {
								"north": { "texture": "#bot", "uv": [ 0.0, 4.0, 0.5, 4.5 ], "autoUv": false },
								"east": { "texture": "#inner", "uv": [ 0.0, 9.5, 5.0, 15.5 ], "autoUv": false },
								"south": { "texture": "#bot", "uv": [ 0.0, 4.0, 0.5, 4.5 ], "autoUv": false },
								"west": { "texture": "#bot", "uv": [ 0.0, 10.0, 5.0, 16.0 ], "autoUv": false },
								"down": { "texture": "#bot", "uv": [ 2.0, 10.0, 3.0, 16.0 ] }
							}
						},
						{
							"name": "HandleW",
							"from": [ -1.0, 7.5, 1.5 ],
							"to": [ 0.0, 8.0, 4.5 ],
							"rotationOrigin": [ -1.0, 7.0, 1.5 ],
							"faces": {
								"north": { "texture": "#bottom", "uv": [ 0.0, 0.0, 1.0, 0.5 ] },
								"south": { "texture": "#bottom", "uv": [ 0.0, 0.0, 1.0, 0.5 ] },
								"west": { "texture": "#bottom", "uv": [ 0.0, 0.0, 3.0, 0.5 ] },
								"up": { "texture": "#bottom", "uv": [ 0.0, 0.0, 1.0, 3.0 ] },
								"down": { "texture": "#bottom", "uv": [ 0.0, 0.0, 1.0, 3.0 ] }
							},
							"children": [
								{
									"name": "and",
									"from": [ 0.0, -0.5, 0.5 ],
									"to": [ 0.5, 0.0, 2.5 ],
									"rotationOrigin": [ 0.0, -0.5, 0.5 ],
									"faces": {
										"north": { "texture": "#bottom", "uv": [ 0.0, 0.0, 0.5, 0.5 ] },
										"east": { "texture": "#bottom", "uv": [ 0.0, 0.0, 2.0, 0.5 ] },
										"south": { "texture": "#bottom", "uv": [ 0.0, 0.0, 0.5, 0.5 ] },
										"west": { "texture": "#bottom", "uv": [ 0.0, 0.0, 2.0, 0.5 ] },
										"up": { "texture": "#bottom", "uv": [ 0.0, 0.0, 0.5, 2.0 ] },
										"down": { "texture": "#bottom", "uv": [ 0.0, 0.0, 0.5, 2.0 ] }
									},
									"children": [
										{
											"name": "possibly",
											"from": [ 0.0, 0.0, -0.5 ],
											"to": [ 1.0, 0.5, 0.0 ],
											"rotationOrigin": [ 0.0, 0.0, -0.5 ],
											"faces": {
												"north": { "texture": "#bottom", "uv": [ 0.0, 0.0, 1.0, 0.5 ] },
												"south": { "texture": "#bottom", "uv": [ 0.0, 0.0, 1.0, 0.5 ] },
												"west": { "texture": "#bottom", "uv": [ 0.0, 0.0, 0.5, 0.5 ] },
												"up": { "texture": "#bottom", "uv": [ 0.0, 0.0, 1.0, 0.5 ] },
												"down": { "texture": "#bottom", "uv": [ 0.0, 0.0, 1.0, 0.5 ] }
											}
										},
										{
											"name": "retarded",
											"from": [ 0.0, 0.0, 2.0 ],
											"to": [ 1.0, 0.5, 2.5 ],
											"rotationOrigin": [ 0.0, 0.0, 2.0 ],
											"faces": {
												"north": { "texture": "#bottom", "uv": [ 0.0, 0.0, 1.0, 0.5 ] },
												"south": { "texture": "#bottom", "uv": [ 0.0, 0.0, 1.0, 0.5 ] },
												"west": { "texture": "#bottom", "uv": [ 0.0, 0.0, 0.5, 0.5 ] },
												"up": { "texture": "#bottom", "uv": [ 0.0, 0.0, 1.0, 0.5 ] },
												"down": { "texture": "#bottom", "uv": [ 0.0, 0.0, 1.0, 0.5 ] }
											}
										}
									]
								}
							]
						}
					]
				},
				{
					"name": "WN",
					"from": [ -2.999, -0.09, -4.499 ],
					"to": [ -2.999, -0.09, -4.499 ],
					"rotationOrigin": [ -2.999, -0.09, -4.499 ],
					"rotationY": -45.0,
					"faces": {
					},
					"children": [
						{
							"name": "topWN",
							"from": [ 0.0, 4.96, 0.0 ],
							"to": [ 1.0, 9.08, 2.12 ],
							"rotationOrigin": [ -0.85, -0.01, 0.0 ],
							"faces": {
								"north": { "texture": "#top", "uv": [ 0.0, 0.0, 1.0, 4.0 ] },
								"east": { "texture": "#inner", "uv": [ 5.1, 3.5, 7.4, 9.5 ], "autoUv": false },
								"south": { "texture": "#top", "uv": [ 0.0, 0.0, 1.0, 4.0 ] },
								"west": { "texture": "#top", "uv": [ 0.0, 0.0, 2.0, 4.0 ] },
								"up": { "texture": "#top", "uv": [ 0.0, 0.0, 1.0, 2.0 ], "autoUv": false }
							}
						},
						{
							"name": "bottomWN",
							"from": [ 0.0, 0.0, 0.0 ],
							"to": [ 1.0, 4.96, 2.12 ],
							"rotationOrigin": [ -0.85, -0.01, 0.0 ],
							"faces": {
								"north": { "texture": "#bot", "uv": [ 0.0, 5.0, 1.0, 9.5 ] },
								"east": { "texture": "#inner", "uv": [ 5.1, 9.5, 7.4, 16.0 ], "autoUv": false },
								"south": { "texture": "#bot", "uv": [ 0.0, 0.0, 1.0, 4.5 ] },
								"west": { "texture": "#bot", "uv": [ 0.0, 0.0, 2.0, 4.5 ] },
								"down": { "texture": "#bot", "uv": [ 0.0, 0.0, 1.0, 2.0 ] }
							}
						}
					]
				}
			]
		}
	]}