{
	"editor": {
		"collapsedPaths": "Root/Origin lid/origin handle,Root/Amphore Origin/Wall3/Wall3.2,Root/Amphore Origin/Wall1,Root/origin lower ring,Root/Amphore Origin/Bottom,Root/Amphore Origin/Wall2,Root/Amphore Origin/Wall3,Root/origin barrel/Origin lid,Root/Amphore Origin/Wall1/Wall1.2,Root/Amphore Origin/Wall1/Wall1.3,Root/origin upper ring,Root/Origin lid,Root/origin barrel,Root/Amphore Origin/Wall4,Root/Origin lid/Cube14,Root/Amphore Origin/Wall4/Wall4.2",
		"allAngles": false,
		"entityTextureMode": false
	},
	"textureWidth": 16,
	"textureHeight": 16,
	"textureSizes": {
	},
	"textures": {
		"clay": "block/clay/ceramic"
	},
	"elements": [
		{
			"name": "Amphore Origin",
			"from": [ 8.0, 0.0, 8.0 ],
			"to": [ 8.0, 0.0, 8.0 ],
			"rotationOrigin": [ 8.0, 0.0, 8.0 ],
			"faces": {
				"north": { "texture": "#clay", "uv": [ 0.0, 0.0, 0.5, 0.5 ] },
				"east": { "texture": "#clay", "uv": [ 0.0, 0.0, 0.5, 0.5 ] },
				"south": { "texture": "#clay", "uv": [ 0.0, 0.0, 0.5, 0.5 ] },
				"west": { "texture": "#clay", "uv": [ 0.0, 0.0, 0.5, 0.5 ] },
				"up": { "texture": "#clay", "uv": [ 0.0, 0.0, 0.5, 0.5 ] },
				"down": { "texture": "#clay", "uv": [ 0.0, 0.0, 0.5, 0.5 ] }
			},
			"children": [
				{
					"name": "Bottom",
					"from": [ -4.0, 0.0, -4.0 ],
					"to": [ 4.0, 1.0, 4.0 ],
					"faces": {
						"north": { "texture": "#clay", "uv": [ 0.0, 0.0, 8.0, 1.0 ] },
						"east": { "texture": "#clay", "uv": [ 0.0, 0.0, 8.0, 1.0 ] },
						"south": { "texture": "#clay", "uv": [ 0.0, 0.0, 8.0, 1.0 ] },
						"west": { "texture": "#clay", "uv": [ 0.0, 0.0, 8.0, 1.0 ] },
						"down": { "texture": "#clay", "uv": [ 0.0, 0.0, 8.0, 8.0 ] }
					},
					"children": [
						{
							"name": "Bottom2",
							"from": [ -2.0, 1.0, -2.0 ],
							"to": [ 10.0, 2.0, 10.0 ],
							"rotationOrigin": [ 2.0, 1.0, 2.0 ],
							"faces": {
								"north": { "texture": "#clay", "uv": [ 0.0, 0.0, 12.0, 1.0 ] },
								"east": { "texture": "#clay", "uv": [ 0.0, 0.0, 12.0, 1.0 ] },
								"south": { "texture": "#clay", "uv": [ 0.0, 0.0, 12.0, 1.0 ] },
								"west": { "texture": "#clay", "uv": [ 0.0, 0.0, 12.0, 1.0 ] },
								"down": { "texture": "#clay", "uv": [ 0.0, 0.0, 12.0, 12.0 ] }
							},
							"children": [
								{
									"name": "Bottom3",
									"from": [ -1.0, 1.0, -1.0 ],
									"to": [ 13.0, 3.0, 13.0 ],
									"rotationOrigin": [ 3.0, 1.0, 7.0 ],
									"faces": {
										"north": { "texture": "#clay", "uv": [ 0.0, 0.0, 14.0, 2.0 ] },
										"east": { "texture": "#clay", "uv": [ 0.0, 0.0, 14.0, 2.0 ] },
										"south": { "texture": "#clay", "uv": [ 0.0, 0.0, 14.0, 2.0 ] },
										"west": { "texture": "#clay", "uv": [ 0.0, 0.0, 14.0, 2.0 ] },
										"up": { "texture": "#clay", "uv": [ 0.0, 0.0, 16.0, 16.0 ], "autoUv": false },
										"down": { "texture": "#clay", "uv": [ 0.0, 0.0, 14.0, 14.0 ] }
									}
								}
							]
						}
					]
				},
				{
					"name": "Wall1",
					"from": [ -7.0, 4.0, -7.0 ],
					"to": [ -6.0, 12.0, 7.0 ],
					"faces": {
						"north": { "texture": "#clay", "uv": [ 0.0, 0.0, 1.0, 8.0 ] },
						"east": { "texture": "#clay", "uv": [ 0.0, 0.0, 14.0, 8.0 ] },
						"south": { "texture": "#clay", "uv": [ 0.0, 0.0, 1.0, 8.0 ] },
						"west": { "texture": "#clay", "uv": [ 0.0, 0.0, 14.0, 8.0 ] },
						"up": { "texture": "#clay", "uv": [ 0.0, 0.0, 1.0, 14.0 ] }
					},
					"children": [
						{
							"name": "Wall1.1",
							"from": [ -1.0, 0.0, 1.0 ],
							"to": [ 0.0, 8.0, 13.0 ],
							"rotationOrigin": [ 7.0, -4.0, 7.0 ],
							"faces": {
								"north": { "texture": "#clay", "uv": [ 0.0, 0.0, 1.0, 8.0 ] },
								"south": { "texture": "#clay", "uv": [ 0.0, 0.0, 1.0, 8.0 ] },
								"west": { "texture": "#clay", "uv": [ 0.0, 0.0, 12.0, 8.0 ] },
								"up": { "texture": "#clay", "uv": [ 0.0, 0.0, 1.0, 12.0 ] },
								"down": { "texture": "#clay", "uv": [ 0.0, 0.0, 1.0, 12.0 ], "windMode": [-1,-1,-1,-1] }
							}
						},
						{
							"name": "Wall1.2",
							"from": [ 1.0, 8.0, 1.0 ],
							"to": [ 2.0, 9.0, 13.0 ],
							"rotationOrigin": [ 8.0, 4.0, 8.0 ],
							"faces": {
								"north": { "texture": "#clay", "uv": [ 0.0, 0.0, 1.0, 1.0 ] },
								"east": { "texture": "#clay", "uv": [ 0.0, 0.0, 12.0, 1.0 ] },
								"south": { "texture": "#clay", "uv": [ 0.0, 0.0, 1.0, 1.0 ] },
								"west": { "texture": "#clay", "uv": [ 0.0, 0.0, 12.0, 1.0 ] },
								"up": { "texture": "#clay", "uv": [ 0.0, 0.0, 1.0, 12.0 ] }
							},
							"children": [
								{
									"name": "Wall1.2.1",
									"from": [ -1.0, 0.0, 1.0 ],
									"to": [ 0.0, 1.0, 11.0 ],
									"rotationOrigin": [ 7.0, -4.0, 7.0 ],
									"faces": {
										"north": { "texture": "#clay", "uv": [ 0.0, 0.0, 1.0, 1.0 ] },
										"south": { "texture": "#clay", "uv": [ 0.0, 0.0, 1.0, 1.0 ] },
										"west": { "texture": "#clay", "uv": [ 0.0, 0.0, 10.0, 1.0 ] },
										"up": { "texture": "#clay", "uv": [ 0.0, 0.0, 1.0, 10.0 ] },
										"down": { "texture": "#clay", "uv": [ 0.0, 0.0, 1.0, 10.0 ], "windMode": [-1,-1,-1,-1] }
									}
								}
							]
						},
						{
							"name": "Wall1.3",
							"from": [ 2.0, 9.0, 2.0 ],
							"to": [ 3.0, 10.0, 12.0 ],
							"rotationOrigin": [ 9.0, 5.0, 9.0 ],
							"faces": {
								"north": { "texture": "#clay", "uv": [ 0.0, 0.0, 1.0, 1.0 ] },
								"east": { "texture": "#clay", "uv": [ 0.0, 0.0, 10.0, 1.0 ] },
								"south": { "texture": "#clay", "uv": [ 0.0, 0.0, 1.0, 1.0 ] },
								"west": { "texture": "#clay", "uv": [ 0.0, 0.0, 10.0, 1.0 ] },
								"up": { "texture": "#clay", "uv": [ 0.0, 0.0, 1.0, 10.0 ] }
							},
							"children": [
								{
									"name": "Wall1.3.1",
									"from": [ -1.0, 0.0, 1.0 ],
									"to": [ 0.0, 1.0, 9.0 ],
									"rotationOrigin": [ 7.0, -4.0, 7.0 ],
									"faces": {
										"north": { "texture": "#clay", "uv": [ 0.0, 0.0, 1.0, 1.0 ] },
										"south": { "texture": "#clay", "uv": [ 0.0, 0.0, 1.0, 1.0 ] },
										"west": { "texture": "#clay", "uv": [ 0.0, 0.0, 8.0, 1.0 ] },
										"up": { "texture": "#clay", "uv": [ 0.0, 0.0, 1.0, 8.0 ] },
										"down": { "texture": "#clay", "uv": [ 0.0, 0.0, 1.0, 8.0 ], "windMode": [-1,-1,-1,-1] }
									}
								}
							]
						}
					]
				},
				{
					"name": "Wall2",
					"from": [ -7.9983, 4.0, -6.0031 ],
					"to": [ -5.9983, 12.0, 5.9969 ],
					"rotationOrigin": [ 0.0, 0.0, 0.0 ],
					"rotationY": -90.0,
					"faces": {
						"north": { "texture": "#clay", "uv": [ 0.0, 0.0, 2.0, 8.0 ] },
						"east": { "texture": "#clay", "uv": [ 0.0, 0.0, 12.0, 8.0 ], "windMode": [-1,-1,-1,-1] },
						"south": { "texture": "#clay", "uv": [ 0.0, 0.0, 2.0, 8.0 ], "windMode": [-1,-1,-1,-1] },
						"west": { "texture": "#clay", "uv": [ 0.0, 0.0, 12.0, 8.0 ] },
						"up": { "texture": "#clay", "uv": [ 0.0, 0.0, 2.0, 12.0 ] },
						"down": { "texture": "#clay", "uv": [ 0.0, 0.0, 2.0, 12.0 ], "windMode": [-1,-1,-1,-1] }
					},
					"children": [
						{
							"name": "Wall2.1",
							"from": [ 1.0, 8.0, 1.0 ],
							"to": [ 3.0, 9.0, 11.0 ],
							"rotationOrigin": [ 7.9983, 4.0, 8.0031 ],
							"faces": {
								"north": { "texture": "#clay", "uv": [ 0.0, 0.0, 2.0, 1.0 ] },
								"east": { "texture": "#clay", "uv": [ 0.0, 0.0, 10.0, 1.0 ] },
								"south": { "texture": "#clay", "uv": [ 0.0, 0.0, 2.0, 1.0 ] },
								"west": { "texture": "#clay", "uv": [ 0.0, 0.0, 10.0, 1.0 ] },
								"up": { "texture": "#clay", "uv": [ 0.0, 0.0, 2.0, 10.0 ] }
							}
						},
						{
							"name": "Wall2.2",
							"from": [ 2.0, 9.0, 2.0 ],
							"to": [ 4.0, 10.0, 10.0 ],
							"rotationOrigin": [ 8.9983, 5.0, 9.0031 ],
							"faces": {
								"north": { "texture": "#clay", "uv": [ 0.0, 0.0, 2.0, 1.0 ] },
								"east": { "texture": "#clay", "uv": [ 0.0, 0.0, 8.0, 1.0 ] },
								"south": { "texture": "#clay", "uv": [ 0.0, 0.0, 2.0, 1.0 ] },
								"west": { "texture": "#clay", "uv": [ 0.0, 0.0, 8.0, 1.0 ] },
								"up": { "texture": "#clay", "uv": [ 0.0, 0.0, 2.0, 8.0 ] }
							}
						}
					]
				},
				{
					"name": "Wall3",
					"from": [ -7.0, 4.0, -7.0 ],
					"to": [ -6.0, 12.0, 7.0 ],
					"rotationOrigin": [ 0.0, 0.0, 0.0 ],
					"rotationY": -180.0,
					"faces": {
						"north": { "texture": "#clay", "uv": [ 0.0, 0.0, 1.0, 8.0 ] },
						"east": { "texture": "#clay", "uv": [ 0.0, 0.0, 14.0, 8.0 ] },
						"south": { "texture": "#clay", "uv": [ 0.0, 0.0, 1.0, 8.0 ] },
						"west": { "texture": "#clay", "uv": [ 0.0, 0.0, 14.0, 8.0 ] },
						"up": { "texture": "#clay", "uv": [ 0.0, 0.0, 1.0, 14.0 ] },
						"down": { "texture": "#clay", "uv": [ 0.0, 0.5, 1.0, 14.5 ], "windMode": [-1,-1,-1,-1] }
					},
					"children": [
						{
							"name": "Wall3.1",
							"from": [ -1.0, 0.0, 1.0 ],
							"to": [ 0.0, 8.0, 13.0 ],
							"rotationOrigin": [ 7.0, -4.0, 7.0 ],
							"faces": {
								"north": { "texture": "#clay", "uv": [ 0.0, 0.0, 1.0, 8.0 ] },
								"south": { "texture": "#clay", "uv": [ 0.0, 0.0, 1.0, 8.0 ] },
								"west": { "texture": "#clay", "uv": [ 0.0, 0.0, 12.0, 8.0 ] },
								"up": { "texture": "#clay", "uv": [ 0.0, 0.0, 1.0, 12.0 ] }
							}
						},
						{
							"name": "Wall3.2",
							"from": [ 1.0, 8.0, 1.0 ],
							"to": [ 2.0, 9.0, 13.0 ],
							"rotationOrigin": [ 8.0, 4.0, 8.0 ],
							"rotationX": -180.0,
							"rotationY": -180.0,
							"rotationZ": -180.0,
							"faces": {
								"north": { "texture": "#clay", "uv": [ 0.0, 0.0, 1.0, 1.0 ] },
								"east": { "texture": "#clay", "uv": [ 0.0, 0.0, 12.0, 1.0 ] },
								"south": { "texture": "#clay", "uv": [ 0.0, 0.0, 1.0, 1.0 ] },
								"west": { "texture": "#clay", "uv": [ 0.0, 0.0, 12.0, 1.0 ] },
								"up": { "texture": "#clay", "uv": [ 0.0, 0.0, 1.0, 12.0 ] }
							},
							"children": [
								{
									"name": "Wall3.2.2",
									"from": [ -1.0, 0.0, 1.0 ],
									"to": [ 0.0, 1.0, 11.0 ],
									"rotationOrigin": [ 7.0, -4.0, 7.0 ],
									"faces": {
										"north": { "texture": "#clay", "uv": [ 0.0, 0.0, 1.0, 1.0 ] },
										"south": { "texture": "#clay", "uv": [ 0.0, 0.0, 1.0, 1.0 ] },
										"west": { "texture": "#clay", "uv": [ 0.0, 0.0, 10.0, 1.0 ] },
										"up": { "texture": "#clay", "uv": [ 0.0, 0.0, 1.0, 10.0 ] },
										"down": { "texture": "#clay", "uv": [ 0.0, 0.0, 1.0, 10.0 ], "windMode": [-1,-1,-1,-1] }
									}
								}
							]
						},
						{
							"name": "Wall3.3",
							"from": [ 2.0017, 9.0, 1.9969 ],
							"to": [ 3.0017, 10.0, 11.9969 ],
							"rotationOrigin": [ 9.0, 5.0, 9.0 ],
							"faces": {
								"north": { "texture": "#clay", "uv": [ 0.0, 0.0, 1.0, 1.0 ] },
								"east": { "texture": "#clay", "uv": [ 0.0, 0.0, 10.0, 1.0 ] },
								"south": { "texture": "#clay", "uv": [ 0.0, 0.0, 1.0, 1.0 ] },
								"west": { "texture": "#clay", "uv": [ 0.0, 0.0, 10.0, 1.0 ] },
								"up": { "texture": "#clay", "uv": [ 0.0, 0.0, 1.0, 10.0 ] }
							},
							"children": [
								{
									"name": "Wall3.2.1",
									"from": [ -1.0, 0.0, 1.0 ],
									"to": [ 0.0, 1.0, 9.0 ],
									"rotationOrigin": [ 7.0, -4.0, 7.0 ],
									"faces": {
										"north": { "texture": "#clay", "uv": [ 0.0, 0.0, 1.0, 1.0 ] },
										"south": { "texture": "#clay", "uv": [ 0.0, 0.0, 1.0, 1.0 ] },
										"west": { "texture": "#clay", "uv": [ 0.0, 0.0, 8.0, 1.0 ] },
										"up": { "texture": "#clay", "uv": [ 0.0, 0.0, 1.0, 8.0 ] },
										"down": { "texture": "#clay", "uv": [ 0.0, 0.0, 1.0, 8.0 ], "windMode": [-1,-1,-1,-1] }
									}
								}
							]
						}
					]
				},
				{
					"name": "Wall4",
					"from": [ -7.9983, 4.0, -6.0031 ],
					"to": [ -5.9983, 12.0, 5.9969 ],
					"rotationOrigin": [ 0.0, 0.0, 0.0 ],
					"rotationY": 90.0,
					"faces": {
						"north": { "texture": "#clay", "uv": [ 0.0, 0.0, 2.0, 8.0 ] },
						"east": { "texture": "#clay", "uv": [ 0.0, 0.0, 12.0, 8.0 ], "windMode": [-1,-1,-1,-1] },
						"south": { "texture": "#clay", "uv": [ 0.0, 0.0, 2.0, 8.0 ], "windMode": [-1,-1,-1,-1] },
						"west": { "texture": "#clay", "uv": [ 0.0, 0.0, 12.0, 8.0 ] },
						"up": { "texture": "#clay", "uv": [ 0.0, 0.0, 2.0, 12.0 ] },
						"down": { "texture": "#clay", "uv": [ 0.0, 0.0, 2.0, 12.0 ], "windMode": [-1,-1,-1,-1] }
					},
					"children": [
						{
							"name": "Wall4.1",
							"from": [ 1.0, 8.0, 1.0 ],
							"to": [ 3.0, 9.0, 11.0 ],
							"rotationOrigin": [ 7.9983, 4.0, 8.0031 ],
							"rotationX": -180.0,
							"rotationY": -180.0,
							"rotationZ": -180.0,
							"faces": {
								"north": { "texture": "#clay", "uv": [ 0.0, 0.0, 2.0, 1.0 ] },
								"east": { "texture": "#clay", "uv": [ 0.0, 0.0, 10.0, 1.0 ] },
								"south": { "texture": "#clay", "uv": [ 0.0, 0.0, 2.0, 1.0 ] },
								"west": { "texture": "#clay", "uv": [ 0.0, 0.0, 10.0, 1.0 ] },
								"up": { "texture": "#clay", "uv": [ 0.0, 0.0, 2.0, 10.0 ] }
							}
						},
						{
							"name": "Wall4.2",
							"from": [ 2.0, 9.0, 2.0 ],
							"to": [ 4.0, 10.0, 10.0 ],
							"rotationOrigin": [ 8.9983, 5.0, 9.0031 ],
							"faces": {
								"north": { "texture": "#clay", "uv": [ 0.0, 0.0, 2.0, 1.0 ] },
								"east": { "texture": "#clay", "uv": [ 0.0, 0.0, 8.0, 1.0 ] },
								"south": { "texture": "#clay", "uv": [ 0.0, 0.0, 2.0, 1.0 ] },
								"west": { "texture": "#clay", "uv": [ 0.0, 0.0, 8.0, 1.0 ] },
								"up": { "texture": "#clay", "uv": [ 0.0, 0.0, 2.0, 8.0 ] }
							}
						}
					]
				}
			]
		}
	]}