{
	"editor": {
		"allAngles": true,
		"entityTextureMode": false
	},
	"textureWidth": 16,
	"textureHeight": 16,
	"textureSizes": {
	},
	"textures": {
		"falseearthstar": "mycodiversity:block/plant/mushroom/falseearthstar/falseearthstar"
	},
	"elements": [
		{
			"name": "origin",
			"from": [ 8.0, 0.0, 8.0 ],
			"to": [ 8.0, 0.0, 8.0 ],
			"rotationOrigin": [ 8.0, 0.0, 8.0 ],
			"faces": {
				"north": { "texture": "#falseearthstar", "uv": [ 0.0, 0.0, 0.5, 0.5 ] },
				"east": { "texture": "#falseearthstar", "uv": [ 0.0, 0.0, 0.5, 0.5 ] },
				"south": { "texture": "#falseearthstar", "uv": [ 0.0, 0.0, 0.5, 0.5 ] },
				"west": { "texture": "#falseearthstar", "uv": [ 0.0, 0.0, 0.5, 0.5 ] },
				"up": { "texture": "#falseearthstar", "uv": [ 0.0, 0.0, 0.5, 0.5 ] },
				"down": { "texture": "#falseearthstar", "uv": [ 0.0, 0.0, 0.5, 0.5 ] }
			},
			"children": [
				{
					"name": "Cube14",
					"from": [ 2.2, 0.0, -3.7 ],
					"to": [ 3.7, 1.5, -2.2 ],
					"rotationOrigin": [ 2.2, 0.0, -3.7 ],
					"rotationX": 11.0,
					"rotationY": 55.0,
					"faces": {
						"north": { "texture": "#falseearthstar", "uv": [ 10.5, 1.0, 12.0, 2.5 ] },
						"east": { "texture": "#falseearthstar", "uv": [ 10.0, 2.5, 11.5, 4.0 ] },
						"south": { "texture": "#falseearthstar", "uv": [ 9.5, 1.5, 11.0, 3.0 ] },
						"west": { "texture": "#falseearthstar", "uv": [ 12.5, 1.5, 14.0, 3.0 ] },
						"up": { "texture": "#falseearthstar", "uv": [ 12.5, 10.0, 14.0, 11.5 ] },
						"down": { "texture": "#falseearthstar", "uv": [ 8.5, 5.0, 10.0, 6.5 ] }
					},
					"children": [
						{
							"name": "Cube15",
							"from": [ -1.2, 0.0, -0.7 ],
							"to": [ -0.2, 0.5, 1.3 ],
							"rotationOrigin": [ -1.2, 0.0, -0.7 ],
							"rotationX": 17.0,
							"rotationY": 42.0,
							"faces": {
								"north": { "texture": "#falseearthstar", "uv": [ 0.0, 0.0, 1.0, 0.5 ] },
								"east": { "texture": "#falseearthstar", "uv": [ 0.0, 0.0, 2.0, 0.5 ] },
								"south": { "texture": "#falseearthstar", "uv": [ 0.0, 0.0, 1.0, 0.5 ] },
								"west": { "texture": "#falseearthstar", "uv": [ 0.0, 0.0, 2.0, 0.5 ] },
								"up": { "texture": "#falseearthstar", "uv": [ 3.5, 10.5, 4.5, 12.5 ] },
								"down": { "texture": "#falseearthstar", "uv": [ 0.0, 0.0, 1.0, 2.0 ] }
							}
						},
						{
							"name": "Cube16",
							"from": [ 1.8, 0.3, -1.3 ],
							"to": [ 2.8, 0.8, 0.7 ],
							"rotationOrigin": [ 1.8, 0.3, -1.3 ],
							"rotationX": 17.0,
							"rotationY": -45.0,
							"faces": {
								"north": { "texture": "#falseearthstar", "uv": [ 0.0, 0.0, 1.0, 0.5 ] },
								"east": { "texture": "#falseearthstar", "uv": [ 0.0, 0.0, 2.0, 0.5 ] },
								"south": { "texture": "#falseearthstar", "uv": [ 0.0, 0.0, 1.0, 0.5 ] },
								"west": { "texture": "#falseearthstar", "uv": [ 0.0, 0.0, 2.0, 0.5 ] },
								"up": { "texture": "#falseearthstar", "uv": [ 5.0, 10.5, 6.0, 12.5 ] },
								"down": { "texture": "#falseearthstar", "uv": [ 0.0, 0.0, 1.0, 2.0 ] }
							}
						},
						{
							"name": "Cube17",
							"from": [ 0.3, 0.2, -1.8 ],
							"to": [ 1.3, 0.7, 0.2 ],
							"rotationOrigin": [ 0.3, 0.2, -1.8 ],
							"rotationX": 8.0,
							"faces": {
								"north": { "texture": "#falseearthstar", "uv": [ 0.0, 0.0, 1.0, 0.5 ] },
								"east": { "texture": "#falseearthstar", "uv": [ 0.0, 0.0, 2.0, 0.5 ] },
								"south": { "texture": "#falseearthstar", "uv": [ 0.0, 0.0, 1.0, 0.5 ] },
								"west": { "texture": "#falseearthstar", "uv": [ 0.0, 0.0, 2.0, 0.5 ] },
								"up": { "texture": "#falseearthstar", "uv": [ 1.0, 8.0, 2.0, 10.0 ] },
								"down": { "texture": "#falseearthstar", "uv": [ 0.0, 0.0, 1.0, 2.0 ] }
							}
						},
						{
							"name": "Cube18",
							"from": [ 0.6, 0.0, 1.3 ],
							"to": [ 1.6, 0.5, 3.3 ],
							"rotationOrigin": [ 0.6, 0.0, 1.3 ],
							"rotationY": 45.0,
							"faces": {
								"north": { "texture": "#falseearthstar", "uv": [ 0.0, 0.0, 1.0, 0.5 ] },
								"east": { "texture": "#falseearthstar", "uv": [ 0.0, 0.0, 2.0, 0.5 ] },
								"south": { "texture": "#falseearthstar", "uv": [ 0.0, 0.0, 1.0, 0.5 ] },
								"west": { "texture": "#falseearthstar", "uv": [ 0.0, 0.0, 2.0, 0.5 ] },
								"up": { "texture": "#falseearthstar", "uv": [ 3.0, 11.0, 4.0, 13.0 ] },
								"down": { "texture": "#falseearthstar", "uv": [ 0.0, 0.0, 1.0, 2.0 ] }
							}
						},
						{
							"name": "Cube19",
							"from": [ 0.4, 0.0, 1.0 ],
							"to": [ 1.4, 0.5, 3.0 ],
							"rotationOrigin": [ 0.4, 0.0, 1.0 ],
							"rotationX": -8.0,
							"faces": {
								"north": { "texture": "#falseearthstar", "uv": [ 0.0, 0.0, 1.0, 0.5 ] },
								"east": { "texture": "#falseearthstar", "uv": [ 0.0, 0.0, 2.0, 0.5 ] },
								"south": { "texture": "#falseearthstar", "uv": [ 0.0, 0.0, 1.0, 0.5 ] },
								"west": { "texture": "#falseearthstar", "uv": [ 0.0, 0.0, 2.0, 0.5 ] },
								"up": { "texture": "#falseearthstar", "uv": [ 0.0, 5.5, 1.0, 7.5 ] },
								"down": { "texture": "#falseearthstar", "uv": [ 0.0, 0.0, 1.0, 2.0 ] }
							}
						},
						{
							"name": "Cube20",
							"from": [ 0.1, 0.0, 0.8 ],
							"to": [ 1.1, 0.5, 2.8 ],
							"rotationOrigin": [ 0.1, 0.0, 0.8 ],
							"rotationX": -11.0,
							"rotationY": -45.0,
							"faces": {
								"north": { "texture": "#falseearthstar", "uv": [ 1.5, 4.0, 2.5, 4.5 ] },
								"east": { "texture": "#falseearthstar", "uv": [ 0.0, 0.0, 2.0, 0.5 ] },
								"south": { "texture": "#falseearthstar", "uv": [ 0.0, 0.0, 1.0, 0.5 ] },
								"west": { "texture": "#falseearthstar", "uv": [ 0.0, 0.0, 2.0, 0.5 ] },
								"up": { "texture": "#falseearthstar", "uv": [ 4.0, 10.5, 5.0, 12.5 ] },
								"down": { "texture": "#falseearthstar", "uv": [ 0.0, 0.0, 1.0, 2.0 ] }
							}
						},
						{
							"name": "Cube21",
							"from": [ 0.4998, 0.0, 0.3002 ],
							"to": [ 1.4998, 0.5, 2.3002 ],
							"rotationOrigin": [ 0.5, 0.0, 0.3 ],
							"rotationY": -89.98,
							"faces": {
								"north": { "texture": "#falseearthstar", "uv": [ 0.0, 0.0, 1.0, 0.5 ] },
								"east": { "texture": "#falseearthstar", "uv": [ 0.0, 0.0, 2.0, 0.5 ] },
								"south": { "texture": "#falseearthstar", "uv": [ 0.0, 0.0, 1.0, 0.5 ] },
								"west": { "texture": "#falseearthstar", "uv": [ 0.0, 0.0, 2.0, 0.5 ] },
								"up": { "texture": "#falseearthstar", "uv": [ 3.5, 10.5, 4.5, 12.5 ] },
								"down": { "texture": "#falseearthstar", "uv": [ 0.0, 0.0, 1.0, 2.0 ] }
							}
						},
						{
							"name": "Cube22",
							"from": [ 2.7, 0.0, 0.0 ],
							"to": [ 3.7, 0.5, 2.0 ],
							"rotationOrigin": [ 2.7, 0.0, 0.0 ],
							"rotationX": -28.0,
							"rotationY": -80.0,
							"rotationZ": -14.0,
							"faces": {
								"north": { "texture": "#falseearthstar", "uv": [ 0.0, 0.0, 1.0, 0.5 ] },
								"east": { "texture": "#falseearthstar", "uv": [ 0.0, 0.0, 2.0, 0.5 ] },
								"south": { "texture": "#falseearthstar", "uv": [ 0.0, 0.0, 1.0, 0.5 ] },
								"west": { "texture": "#falseearthstar", "uv": [ 0.0, 0.0, 2.0, 0.5 ] },
								"up": { "texture": "#falseearthstar", "uv": [ 4.0, 9.5, 5.0, 11.5 ] },
								"down": { "texture": "#falseearthstar", "uv": [ 0.0, 0.0, 1.0, 2.0 ] }
							}
						}
					]
				},
				{
					"name": "Cube2",
					"from": [ -3.0, 0.0, 3.0 ],
					"to": [ -1.8, 1.2, 4.2 ],
					"rotationOrigin": [ -3.0, 0.0, 3.0 ],
					"rotationY": 28.0,
					"faces": {
						"north": { "texture": "#falseearthstar", "uv": [ 11.0, 4.0, 12.0, 5.0 ] },
						"east": { "texture": "#falseearthstar", "uv": [ 10.5, 4.5, 11.5, 5.5 ] },
						"south": { "texture": "#falseearthstar", "uv": [ 10.5, 5.0, 11.5, 6.0 ] },
						"west": { "texture": "#falseearthstar", "uv": [ 12.5, 5.5, 13.5, 6.5 ] },
						"up": { "texture": "#falseearthstar", "uv": [ 9.5, 5.5, 10.5, 6.5 ] },
						"down": { "texture": "#falseearthstar", "uv": [ 9.5, 6.5, 10.5, 7.5 ] }
					},
					"children": [
						{
							"name": "Cube30",
							"from": [ 7.3, 0.0, -7.18 ],
							"to": [ 8.1, 0.8, -6.38 ],
							"rotationOrigin": [ 7.2964, 0.0, -7.1781 ],
							"rotationY": -64.0,
							"faces": {
								"north": { "texture": "#falseearthstar", "uv": [ 11.0, 4.0, 11.5, 4.5 ] },
								"east": { "texture": "#falseearthstar", "uv": [ 10.5, 4.5, 11.0, 5.0 ] },
								"south": { "texture": "#falseearthstar", "uv": [ 10.5, 5.0, 11.0, 5.5 ] },
								"west": { "texture": "#falseearthstar", "uv": [ 12.5, 5.5, 13.0, 6.0 ] },
								"up": { "texture": "#falseearthstar", "uv": [ 9.5, 5.5, 10.0, 6.0 ] },
								"down": { "texture": "#falseearthstar", "uv": [ 9.5, 6.5, 10.0, 7.0 ] }
							}
						},
						{
							"name": "Cube31",
							"from": [ 9.04, 0.0, 0.6327 ],
							"to": [ 10.04, 1.0, 1.6327 ],
							"rotationOrigin": [ 9.042, 0.0, 0.6327 ],
							"rotationY": 50.0,
							"faces": {
								"north": { "texture": "#falseearthstar", "uv": [ 11.0, 4.0, 12.0, 5.0 ] },
								"east": { "texture": "#falseearthstar", "uv": [ 10.5, 4.5, 11.5, 5.5 ] },
								"south": { "texture": "#falseearthstar", "uv": [ 10.5, 5.0, 11.5, 6.0 ] },
								"west": { "texture": "#falseearthstar", "uv": [ 12.5, 5.5, 13.5, 6.5 ] },
								"up": { "texture": "#falseearthstar", "uv": [ 9.5, 5.5, 10.5, 6.5 ] },
								"down": { "texture": "#falseearthstar", "uv": [ 9.5, 6.5, 10.5, 7.5 ] }
							}
						}
					]
				},
				{
					"name": "Cube3",
					"from": [ -3.0, 0.0, -2.0 ],
					"to": [ -1.2, 1.4, -0.2 ],
					"rotationOrigin": [ -3.0, 0.0, -2.0 ],
					"rotationX": -8.0,
					"rotationZ": 6.0,
					"faces": {
						"north": { "texture": "#falseearthstar", "uv": [ 10.0, 4.5, 11.5, 5.5 ] },
						"east": { "texture": "#falseearthstar", "uv": [ 13.0, 3.0, 14.5, 4.0 ] },
						"south": { "texture": "#falseearthstar", "uv": [ 10.0, 3.0, 11.5, 4.0 ] },
						"west": { "texture": "#falseearthstar", "uv": [ 13.5, 4.0, 15.0, 5.0 ] },
						"up": { "texture": "#falseearthstar", "uv": [ 13.0, 10.0, 14.5, 11.5 ] },
						"down": { "texture": "#falseearthstar", "uv": [ 8.0, 6.0, 9.5, 7.5 ] }
					},
					"children": [
						{
							"name": "Cube4",
							"from": [ 0.5, 0.0, 1.3 ],
							"to": [ 1.5, 0.5, 3.8 ],
							"rotationOrigin": [ 1.0, 0.0, 1.3 ],
							"rotationX": 6.0,
							"faces": {
								"north": { "texture": "#falseearthstar", "uv": [ 0.0, 0.0, 1.0, 0.5 ] },
								"east": { "texture": "#falseearthstar", "uv": [ 0.0, 0.0, 2.5, 0.5 ] },
								"south": { "texture": "#falseearthstar", "uv": [ 0.0, 0.0, 1.0, 0.5 ] },
								"west": { "texture": "#falseearthstar", "uv": [ 0.0, 0.0, 2.5, 0.5 ] },
								"up": { "texture": "#falseearthstar", "uv": [ 0.0, 1.5, 1.0, 4.0 ] },
								"down": { "texture": "#falseearthstar", "uv": [ 0.0, 0.0, 1.0, 2.5 ] }
							}
						},
						{
							"name": "Cube5",
							"from": [ 0.5, 0.0, 0.3 ],
							"to": [ 1.5, 0.5, 2.8 ],
							"rotationOrigin": [ 1.0, 0.0, 0.3 ],
							"rotationX": 17.0,
							"rotationY": 180.0,
							"faces": {
								"north": { "texture": "#falseearthstar", "uv": [ 0.0, 0.0, 1.0, 0.5 ] },
								"east": { "texture": "#falseearthstar", "uv": [ 0.0, 3.0, 2.5, 3.5 ] },
								"south": { "texture": "#falseearthstar", "uv": [ 0.0, 0.0, 1.0, 0.5 ] },
								"west": { "texture": "#falseearthstar", "uv": [ 0.0, 5.0, 2.5, 5.5 ] },
								"up": { "texture": "#falseearthstar", "uv": [ 0.0, 3.5, 1.0, 6.0 ] },
								"down": { "texture": "#falseearthstar", "uv": [ 1.0, 2.0, 2.0, 4.5 ] }
							}
						},
						{
							"name": "Cube6",
							"from": [ 1.5, 0.0, 0.3 ],
							"to": [ 4.0, 0.5, 1.3 ],
							"rotationOrigin": [ 1.5, 0.0, 0.8 ],
							"rotationZ": 8.0,
							"faces": {
								"north": { "texture": "#falseearthstar", "uv": [ 0.0, 0.0, 2.5, 0.5 ] },
								"east": { "texture": "#falseearthstar", "uv": [ 0.0, 0.0, 1.0, 0.5 ] },
								"south": { "texture": "#falseearthstar", "uv": [ 0.0, 0.0, 2.5, 0.5 ] },
								"west": { "texture": "#falseearthstar", "uv": [ 0.0, 0.0, 1.0, 0.5 ] },
								"up": { "texture": "#falseearthstar", "uv": [ 1.0, 3.0, 3.5, 4.0 ] },
								"down": { "texture": "#falseearthstar", "uv": [ 0.0, 0.0, 2.5, 1.0 ] }
							}
						},
						{
							"name": "Cube7",
							"from": [ 0.5, 0.0, 0.3 ],
							"to": [ 3.0, 0.5, 1.3 ],
							"rotationOrigin": [ 0.5, 0.0, 0.8 ],
							"rotationY": 180.0,
							"rotationZ": 19.0,
							"faces": {
								"north": { "texture": "#falseearthstar", "uv": [ 0.0, 0.0, 2.5, 0.5 ] },
								"east": { "texture": "#falseearthstar", "uv": [ 0.0, 0.0, 1.0, 0.5 ] },
								"south": { "texture": "#falseearthstar", "uv": [ 0.0, 0.0, 2.5, 0.5 ] },
								"west": { "texture": "#falseearthstar", "uv": [ 0.0, 0.0, 1.0, 0.5 ] },
								"up": { "texture": "#falseearthstar", "uv": [ 0.5, 3.0, 3.0, 4.0 ] },
								"down": { "texture": "#falseearthstar", "uv": [ 0.0, 0.0, 2.5, 1.0 ] }
							}
						},
						{
							"name": "Cube8",
							"from": [ 0.6, 0.0, 0.0 ],
							"to": [ 3.1, 0.5, 1.0 ],
							"rotationOrigin": [ 0.6, 0.0, 0.5 ],
							"rotationX": 14.0,
							"rotationY": 130.0,
							"rotationZ": 6.0,
							"faces": {
								"north": { "texture": "#falseearthstar", "uv": [ 0.0, 0.0, 2.5, 0.5 ] },
								"east": { "texture": "#falseearthstar", "uv": [ 0.0, 0.0, 1.0, 0.5 ] },
								"south": { "texture": "#falseearthstar", "uv": [ 0.0, 0.0, 2.5, 0.5 ] },
								"west": { "texture": "#falseearthstar", "uv": [ 0.0, 0.0, 1.0, 0.5 ] },
								"up": { "texture": "#falseearthstar", "uv": [ 0.5, 3.0, 3.0, 4.0 ] },
								"down": { "texture": "#falseearthstar", "uv": [ 0.0, 2.0, 2.5, 3.0 ] }
							}
						},
						{
							"name": "Cube9",
							"from": [ 1.5, 0.0, 0.6 ],
							"to": [ 4.0, 0.5, 1.6 ],
							"rotationOrigin": [ 1.5, 0.0, 1.1 ],
							"rotationX": 14.0,
							"rotationY": -47.0,
							"rotationZ": 19.0,
							"faces": {
								"north": { "texture": "#falseearthstar", "uv": [ 0.0, 0.0, 2.5, 0.5 ] },
								"east": { "texture": "#falseearthstar", "uv": [ 0.0, 0.0, 1.0, 0.5 ] },
								"south": { "texture": "#falseearthstar", "uv": [ 0.0, 0.0, 2.5, 0.5 ] },
								"west": { "texture": "#falseearthstar", "uv": [ 0.0, 0.0, 1.0, 0.5 ] },
								"up": { "texture": "#falseearthstar", "uv": [ 0.5, 4.5, 3.0, 5.5 ] },
								"down": { "texture": "#falseearthstar", "uv": [ 0.0, 0.0, 2.5, 1.0 ] }
							}
						},
						{
							"name": "Cube10",
							"from": [ 1.5, 0.0, 0.0 ],
							"to": [ 4.0, 0.5, 1.0 ],
							"rotationOrigin": [ 1.5, 0.0, 0.5 ],
							"rotationX": 14.0,
							"rotationY": 44.0,
							"rotationZ": 3.0,
							"faces": {
								"north": { "texture": "#falseearthstar", "uv": [ 0.0, 0.0, 2.5, 0.5 ] },
								"east": { "texture": "#falseearthstar", "uv": [ 0.0, 0.0, 1.0, 0.5 ] },
								"south": { "texture": "#falseearthstar", "uv": [ 0.0, 0.0, 2.5, 0.5 ] },
								"west": { "texture": "#falseearthstar", "uv": [ 0.0, 0.0, 1.0, 0.5 ] },
								"up": { "texture": "#falseearthstar", "uv": [ 0.0, 3.0, 2.5, 4.0 ] },
								"down": { "texture": "#falseearthstar", "uv": [ 0.0, 0.0, 2.5, 1.0 ] }
							}
						},
						{
							"name": "Cube11",
							"from": [ 0.6, 0.0, 0.6 ],
							"to": [ 3.1, 0.5, 1.6 ],
							"rotationOrigin": [ 0.6, 0.0, 1.1 ],
							"rotationX": 14.0,
							"rotationY": -127.0,
							"rotationZ": 19.0,
							"faces": {
								"north": { "texture": "#falseearthstar", "uv": [ 0.0, 0.0, 2.5, 0.5 ] },
								"east": { "texture": "#falseearthstar", "uv": [ 0.0, 0.0, 1.0, 0.5 ] },
								"south": { "texture": "#falseearthstar", "uv": [ 0.0, 0.0, 2.5, 0.5 ] },
								"west": { "texture": "#falseearthstar", "uv": [ 0.0, 0.0, 1.0, 0.5 ] },
								"up": { "texture": "#falseearthstar", "uv": [ 1.0, 6.5, 3.5, 7.5 ] },
								"down": { "texture": "#falseearthstar", "uv": [ 0.0, 0.0, 2.5, 1.0 ] }
							}
						}
					]
				},
				{
					"name": "Cube12",
					"from": [ 0.3, 0.0, 2.2 ],
					"to": [ 1.8, 1.5, 3.7 ],
					"rotationOrigin": [ 0.95, 0.0, 3.0 ],
					"rotationY": 64.0,
					"faces": {
						"north": { "texture": "#falseearthstar", "uv": [ 10.0, 4.5, 11.5, 6.0 ] },
						"east": { "texture": "#falseearthstar", "uv": [ 13.0, 3.0, 14.5, 4.5 ] },
						"south": { "texture": "#falseearthstar", "uv": [ 10.0, 3.0, 11.5, 4.5 ] },
						"west": { "texture": "#falseearthstar", "uv": [ 13.5, 4.0, 15.0, 5.5 ] },
						"up": { "texture": "#falseearthstar", "uv": [ 13.5, 10.0, 15.0, 11.5 ] },
						"down": { "texture": "#falseearthstar", "uv": [ 8.0, 6.0, 9.5, 7.5 ] }
					},
					"children": [
						{
							"name": "Cube28",
							"from": [ 0.6957, -0.0209, -0.0931 ],
							"to": [ 2.6957, 0.4791, 0.9069 ],
							"rotationOrigin": [ 0.6957, -0.0209, 0.4113 ],
							"rotationX": 40.049,
							"rotationY": 69.0,
							"rotationZ": -26.155,
							"faces": {
								"north": { "texture": "#falseearthstar", "uv": [ 0.0, 0.0, 2.0, 0.5 ] },
								"east": { "texture": "#falseearthstar", "uv": [ 0.0, 0.0, 1.0, 0.5 ] },
								"south": { "texture": "#falseearthstar", "uv": [ 0.0, 0.0, 2.0, 0.5 ] },
								"west": { "texture": "#falseearthstar", "uv": [ 0.0, 0.0, 1.0, 0.5 ] },
								"up": { "texture": "#falseearthstar", "uv": [ 0.0, 8.5, 2.0, 9.5 ] },
								"down": { "texture": "#falseearthstar", "uv": [ 0.0, 0.0, 2.0, 1.0 ] }
							}
						},
						{
							"name": "Cube29",
							"from": [ 0.3859, 0.0, 0.3523 ],
							"to": [ 2.3859, 0.5, 1.3523 ],
							"rotationOrigin": [ 0.3859, 0.0, 0.8523 ],
							"rotationX": -110.614,
							"rotationY": -81.051,
							"rotationZ": -103.107,
							"faces": {
								"north": { "texture": "#falseearthstar", "uv": [ 0.0, 0.0, 2.0, 0.5 ] },
								"east": { "texture": "#falseearthstar", "uv": [ 0.0, 0.0, 1.0, 0.5 ] },
								"south": { "texture": "#falseearthstar", "uv": [ 0.0, 0.0, 2.0, 0.5 ] },
								"west": { "texture": "#falseearthstar", "uv": [ 0.0, 0.0, 1.0, 0.5 ] },
								"up": { "texture": "#falseearthstar", "uv": [ 4.0, 10.0, 6.0, 11.0 ] },
								"down": { "texture": "#falseearthstar", "uv": [ 0.0, 0.0, 2.0, 1.0 ] }
							}
						},
						{
							"name": "Cube26",
							"from": [ 0.3608, 0.0, 0.1301 ],
							"to": [ 2.3608, 0.5, 1.1301 ],
							"rotationOrigin": [ 0.3608, 0.0, 0.6301 ],
							"rotationX": -170.609,
							"rotationY": 17.624,
							"rotationZ": -166.053,
							"faces": {
								"north": { "texture": "#falseearthstar", "uv": [ 0.0, 0.0, 2.0, 0.5 ] },
								"east": { "texture": "#falseearthstar", "uv": [ 0.0, 0.0, 1.0, 0.5 ] },
								"south": { "texture": "#falseearthstar", "uv": [ 0.0, 0.0, 2.0, 0.5 ] },
								"west": { "texture": "#falseearthstar", "uv": [ 0.0, 0.0, 1.0, 0.5 ] },
								"up": { "texture": "#falseearthstar", "uv": [ 2.0, 9.0, 4.0, 10.0 ] },
								"down": { "texture": "#falseearthstar", "uv": [ 0.0, 2.0, 2.0, 3.0 ] }
							}
						},
						{
							"name": "Cube23",
							"from": [ 0.0273, -0.0418, 0.5239 ],
							"to": [ 1.0273, 0.4582, 2.6239 ],
							"rotationOrigin": [ 0.5273, -0.0418, 0.5193 ],
							"rotationX": -159.971,
							"rotationY": -31.389,
							"rotationZ": -169.249,
							"faces": {
								"north": { "texture": "#falseearthstar", "uv": [ 0.0, 0.0, 1.0, 0.5 ] },
								"east": { "texture": "#falseearthstar", "uv": [ 0.0, 3.0, 2.0, 3.5 ] },
								"south": { "texture": "#falseearthstar", "uv": [ 0.0, 0.0, 1.0, 0.5 ] },
								"west": { "texture": "#falseearthstar", "uv": [ 0.0, 5.0, 2.0, 5.5 ] },
								"up": { "texture": "#falseearthstar", "uv": [ 1.5, 10.0, 2.5, 12.0 ] },
								"down": { "texture": "#falseearthstar", "uv": [ 1.0, 2.0, 2.0, 4.0 ] }
							}
						},
						{
							"name": "Cube24",
							"from": [ 1.0023, 0.0, -0.1673 ],
							"to": [ 3.0023, 0.5, 0.8327 ],
							"rotationOrigin": [ 1.0023, 0.0, 0.3327 ],
							"rotationY": 8.0,
							"rotationZ": 8.0,
							"faces": {
								"north": { "texture": "#falseearthstar", "uv": [ 0.0, 0.0, 2.0, 0.5 ] },
								"east": { "texture": "#falseearthstar", "uv": [ 0.0, 0.0, 1.0, 0.5 ] },
								"south": { "texture": "#falseearthstar", "uv": [ 0.0, 0.0, 2.0, 0.5 ] },
								"west": { "texture": "#falseearthstar", "uv": [ 0.0, 0.0, 1.0, 0.5 ] },
								"up": { "texture": "#falseearthstar", "uv": [ 1.0, 8.0, 3.0, 9.0 ] },
								"down": { "texture": "#falseearthstar", "uv": [ 0.0, 0.0, 2.0, 1.0 ] }
							}
						},
						{
							"name": "Cube25",
							"from": [ 0.3314, 0.0, 0.2684 ],
							"to": [ 2.3314, 0.5, 1.2684 ],
							"rotationOrigin": [ 0.3314, 0.0, 0.7684 ],
							"rotationX": 180.0,
							"rotationY": -33.0,
							"rotationZ": -161.0,
							"faces": {
								"north": { "texture": "#falseearthstar", "uv": [ 0.0, 0.0, 2.0, 0.5 ] },
								"east": { "texture": "#falseearthstar", "uv": [ 0.0, 0.0, 1.0, 0.5 ] },
								"south": { "texture": "#falseearthstar", "uv": [ 0.0, 0.0, 2.0, 0.5 ] },
								"west": { "texture": "#falseearthstar", "uv": [ 0.0, 0.0, 1.0, 0.5 ] },
								"up": { "texture": "#falseearthstar", "uv": [ 0.5, 7.0, 2.5, 8.0 ] },
								"down": { "texture": "#falseearthstar", "uv": [ 0.0, 0.0, 2.0, 1.0 ] }
							}
						},
						{
							"name": "Cube13",
							"from": [ 0.1919, 0.0, 0.7728 ],
							"to": [ 1.1919, 0.5, 2.7728 ],
							"rotationOrigin": [ 0.6919, 0.0, 0.7728 ],
							"rotationX": 7.143,
							"rotationY": 47.0,
							"rotationZ": -3.883,
							"faces": {
								"north": { "texture": "#falseearthstar", "uv": [ 0.0, 0.0, 1.0, 0.5 ] },
								"east": { "texture": "#falseearthstar", "uv": [ 0.0, 0.0, 2.0, 0.5 ] },
								"south": { "texture": "#falseearthstar", "uv": [ 0.0, 0.0, 1.0, 0.5 ] },
								"west": { "texture": "#falseearthstar", "uv": [ 0.0, 0.0, 2.0, 0.5 ] },
								"up": { "texture": "#falseearthstar", "uv": [ 2.0, 11.0, 3.0, 13.0 ] },
								"down": { "texture": "#falseearthstar", "uv": [ 0.0, 0.0, 1.0, 2.0 ] }
							}
						}
					]
				},
				{
					"name": "Cube32",
					"from": [ 2.3, 0.0, -0.8 ],
					"to": [ 3.5, 1.2, 0.4 ],
					"rotationOrigin": [ 2.95, 0.0, 0.0 ],
					"rotationY": -33.0,
					"rotationZ": -14.0,
					"faces": {
						"north": { "texture": "#falseearthstar", "uv": [ 10.0, 4.5, 11.0, 5.5 ] },
						"east": { "texture": "#falseearthstar", "uv": [ 13.0, 3.0, 14.0, 4.0 ] },
						"south": { "texture": "#falseearthstar", "uv": [ 10.0, 3.0, 11.0, 4.0 ] },
						"west": { "texture": "#falseearthstar", "uv": [ 13.5, 4.0, 14.5, 5.0 ] },
						"up": { "texture": "#falseearthstar", "uv": [ 13.0, 10.5, 14.0, 11.5 ] },
						"down": { "texture": "#falseearthstar", "uv": [ 8.0, 6.0, 9.0, 7.0 ] }
					},
					"children": [
						{
							"name": "Cube33",
							"from": [ 0.7, -0.0209, 0.11 ],
							"to": [ 2.2, 0.4791, 1.11 ],
							"rotationOrigin": [ 0.6957, -0.0209, 0.6113 ],
							"rotationX": 40.049,
							"rotationY": 53.0,
							"rotationZ": -26.155,
							"faces": {
								"north": { "texture": "#falseearthstar", "uv": [ 0.0, 0.0, 1.5, 0.5 ] },
								"east": { "texture": "#falseearthstar", "uv": [ 0.0, 0.0, 1.0, 0.5 ] },
								"south": { "texture": "#falseearthstar", "uv": [ 0.0, 0.0, 1.5, 0.5 ] },
								"west": { "texture": "#falseearthstar", "uv": [ 0.0, 0.0, 1.0, 0.5 ] },
								"up": { "texture": "#falseearthstar", "uv": [ 3.0, 8.0, 4.5, 9.0 ] },
								"down": { "texture": "#falseearthstar", "uv": [ 0.0, 0.0, 1.5, 1.0 ] }
							}
						},
						{
							"name": "Cube34",
							"from": [ 0.3859, 0.0, 0.3523 ],
							"to": [ 1.8859, 0.5, 1.3523 ],
							"rotationOrigin": [ 0.3859, 0.0, 0.8523 ],
							"rotationX": -110.614,
							"rotationY": -81.051,
							"rotationZ": -103.107,
							"faces": {
								"north": { "texture": "#falseearthstar", "uv": [ 0.0, 0.0, 1.5, 0.5 ] },
								"east": { "texture": "#falseearthstar", "uv": [ 0.0, 0.0, 1.0, 0.5 ] },
								"south": { "texture": "#falseearthstar", "uv": [ 0.0, 0.0, 1.5, 0.5 ] },
								"west": { "texture": "#falseearthstar", "uv": [ 0.0, 0.0, 1.0, 0.5 ] },
								"up": { "texture": "#falseearthstar", "uv": [ 2.5, 9.0, 4.0, 10.0 ] },
								"down": { "texture": "#falseearthstar", "uv": [ 0.0, 0.0, 1.5, 1.0 ] }
							}
						},
						{
							"name": "Cube35",
							"from": [ 0.67, 0.0, 0.08 ],
							"to": [ 2.17, 0.5, 1.08 ],
							"rotationOrigin": [ 0.6657, 0.0, 0.5843 ],
							"rotationX": 9.819,
							"rotationY": -14.652,
							"rotationZ": 11.173,
							"faces": {
								"north": { "texture": "#falseearthstar", "uv": [ 0.0, 0.0, 1.5, 0.5 ] },
								"east": { "texture": "#falseearthstar", "uv": [ 0.0, 0.0, 1.0, 0.5 ] },
								"south": { "texture": "#falseearthstar", "uv": [ 0.0, 0.0, 1.5, 0.5 ] },
								"west": { "texture": "#falseearthstar", "uv": [ 0.0, 0.0, 1.0, 0.5 ] },
								"up": { "texture": "#falseearthstar", "uv": [ 0.5, 4.5, 2.0, 5.5 ] },
								"down": { "texture": "#falseearthstar", "uv": [ 0.0, 0.0, 1.5, 1.0 ] }
							}
						},
						{
							"name": "Cube36",
							"from": [ 0.3608, 0.0, 0.1301 ],
							"to": [ 1.8608, 0.5, 1.1301 ],
							"rotationOrigin": [ 0.3608, 0.0, 0.6301 ],
							"rotationX": -170.609,
							"rotationY": -6.0,
							"rotationZ": -166.053,
							"faces": {
								"north": { "texture": "#falseearthstar", "uv": [ 0.0, 0.0, 1.5, 0.5 ] },
								"east": { "texture": "#falseearthstar", "uv": [ 0.0, 0.0, 1.0, 0.5 ] },
								"south": { "texture": "#falseearthstar", "uv": [ 0.0, 0.0, 1.5, 0.5 ] },
								"west": { "texture": "#falseearthstar", "uv": [ 0.0, 0.0, 1.0, 0.5 ] },
								"up": { "texture": "#falseearthstar", "uv": [ 0.5, 3.0, 2.0, 4.0 ] },
								"down": { "texture": "#falseearthstar", "uv": [ 0.0, 2.0, 1.5, 3.0 ] }
							}
						},
						{
							"name": "Cube37",
							"from": [ 0.0273, -0.0418, 0.5239 ],
							"to": [ 1.0273, 0.4582, 2.0239 ],
							"rotationOrigin": [ 0.5273, -0.0418, 0.5193 ],
							"rotationX": -159.971,
							"rotationY": -31.389,
							"rotationZ": -169.249,
							"faces": {
								"north": { "texture": "#falseearthstar", "uv": [ 0.0, 0.0, 1.0, 0.5 ] },
								"east": { "texture": "#falseearthstar", "uv": [ 0.0, 3.0, 1.5, 3.5 ] },
								"south": { "texture": "#falseearthstar", "uv": [ 0.0, 0.0, 1.0, 0.5 ] },
								"west": { "texture": "#falseearthstar", "uv": [ 0.0, 5.0, 1.5, 5.5 ] },
								"up": { "texture": "#falseearthstar", "uv": [ 0.0, 3.5, 1.0, 5.0 ] },
								"down": { "texture": "#falseearthstar", "uv": [ 1.0, 2.0, 2.0, 3.5 ] }
							}
						}
					]
				}
			]
		}
	]}