{
	"editor": {
		"collapsedPaths": "",
		"allAngles": true,
		"entityTextureMode": true
	},
	"textureWidth": 32,
	"textureHeight": 32,
	"textureSizes": {
		"hedgehog_0": [32,32]
	},
	"textures": {
	},
	"elements": [
		{
			"name": "M_motor",
			"from": [ 9.3, 1.4, 8.5 ],
			"to": [ 10.7, 2.8, 9.9 ],
			"autoUnwrap": false,
			"uv": [ 13.0, 15.0 ],
			"rotationOrigin": [ 9.2, 1.4, 7.2 ],
			"rotationY": -90.0,
			"faces": {
			},
			"children": [
				{
					"name": "Body",
					"from": [ -1.4, -0.7, -2.8 ],
					"to": [ 2.8, 2.73, -0.05 ],
					"unwrapMode": 1,
					"unwrapRotation": 1,
					"autoUnwrap": false,
					"uv": [ 3.5, 14.25 ],
					"rotationOrigin": [ 0.7, -1.26, 0.0 ],
					"rotationX": -3.5,
					"faces": {
						"north": { "texture": "#hedgehog_0", "uv": [ 12.0, 14.0, 16.0, 17.0 ] },
						"east": { "texture": "#hedgehog_0", "uv": [ 8.5, 24.5, 11.0, 27.5 ], "rotation": 180 },
						"south": { "texture": "#hedgehog_0", "uv": [ 11.5, 17.0, 14.5, 21.0 ], "rotation": 270 },
						"west": { "texture": "#hedgehog_0", "uv": [ 6.0, 24.5, 8.5, 27.5 ], "rotation": 180 },
						"up": { "texture": "#hedgehog_0", "uv": [ 0.5, 19.0, 4.5, 21.5 ], "rotation": 180 },
						"down": { "texture": "#hedgehog_0", "uv": [ 19.0, 16.5, 21.5, 20.5 ], "rotation": 90 }
					},
					"children": [
						{
							"name": "back_right",
							"from": [ 0.35, -0.7, 0.41 ],
							"to": [ 1.35, 0.3, 1.41 ],
							"uv": [ 12.0, 8.0 ],
							"rotationOrigin": [ 1.4, 0.0, 0.2 ],
							"rotationZ": -6.0,
							"faces": {
								"north": { "texture": "#hedgehog_0", "uv": [ 12.0, 9.0, 13.0, 10.0 ] },
								"east": { "texture": "#hedgehog_0", "uv": [ 13.0, 9.0, 14.0, 10.0 ] },
								"south": { "texture": "#hedgehog_0", "uv": [ 14.0, 9.0, 15.0, 10.0 ] },
								"west": { "texture": "#hedgehog_0", "uv": [ 15.0, 9.0, 16.0, 10.0 ] },
								"up": { "texture": "#hedgehog_0", "uv": [ 12.0, 8.0, 13.0, 9.0 ] },
								"down": { "texture": "#hedgehog_0", "uv": [ 13.0, 8.0, 14.0, 9.0 ] }
							}
						},
						{
							"name": "back_left",
							"from": [ 2.8, -0.7, 0.41 ],
							"to": [ 3.8, 0.3, 1.41 ],
							"uv": [ 12.0, 8.0 ],
							"rotationOrigin": [ 2.8, 0.0, 0.2 ],
							"rotationZ": 6.0,
							"faces": {
								"north": { "texture": "#hedgehog_0", "uv": [ 12.0, 9.0, 13.0, 10.0 ] },
								"east": { "texture": "#hedgehog_0", "uv": [ 13.0, 9.0, 14.0, 10.0 ] },
								"south": { "texture": "#hedgehog_0", "uv": [ 14.0, 9.0, 15.0, 10.0 ] },
								"west": { "texture": "#hedgehog_0", "uv": [ 15.0, 9.0, 16.0, 10.0 ] },
								"up": { "texture": "#hedgehog_0", "uv": [ 12.0, 8.0, 13.0, 9.0 ] },
								"down": { "texture": "#hedgehog_0", "uv": [ 13.0, 8.0, 14.0, 9.0 ] }
							}
						},
						{
							"name": "tail",
							"from": [ 1.75, -0.35, -0.49 ],
							"to": [ 2.45, 0.35, 0.91 ],
							"unwrapRotation": 1,
							"uv": [ 20.0, 14.75 ],
							"rotationOrigin": [ 2.1, 0.0, 1.4 ],
							"rotationX": 8.0,
							"faces": {
								"north": { "texture": "#hedgehog_0", "uv": [ 20.0, 15.5, 20.5, 16.0 ], "rotation": 90 },
								"east": { "texture": "#hedgehog_0", "uv": [ 20.5, 15.5, 21.0, 16.5 ], "rotation": 90 },
								"south": { "texture": "#hedgehog_0", "uv": [ 21.0, 15.5, 21.5, 16.0 ], "rotation": 270 },
								"west": { "texture": "#hedgehog_0", "uv": [ 21.5, 15.5, 22.0, 16.5 ], "rotation": 90 },
								"up": { "texture": "#hedgehog_0", "uv": [ 20.0, 15.0, 21.0, 15.5 ], "rotation": 270 },
								"down": { "texture": "#hedgehog_0", "uv": [ 21.0, 15.0, 22.0, 15.5 ], "rotation": 90 }
							}
						},
						{
							"name": "Midbody",
							"from": [ -0.05, 0.1, 1.9 ],
							"to": [ 4.25, 3.6, 5.6 ],
							"unwrapMode": 1,
							"unwrapRotation": 1,
							"autoUnwrap": false,
							"uv": [ 2.5, 13.5 ],
							"rotationOrigin": [ 2.0, 0.1, 1.9 ],
							"rotationX": 6.0,
							"faces": {
								"north": { "texture": "#hedgehog_0", "uv": [ 6.0, 17.0, 9.5, 21.0 ], "rotation": 90 },
								"east": { "texture": "#hedgehog_0", "uv": [ 6.0, 21.0, 9.5, 24.5 ], "rotation": 90 },
								"south": { "texture": "#hedgehog_0", "uv": [ 13.0, 17.0, 16.5, 21.0 ], "rotation": 270 },
								"west": { "texture": "#hedgehog_0", "uv": [ 6.0, 13.5, 9.5, 17.0 ], "rotation": 90 },
								"up": { "texture": "#hedgehog_0", "uv": [ 0.5, 14.5, 4.5, 18.0 ], "rotation": 180 },
								"down": { "texture": "#hedgehog_0", "uv": [ 18.5, 16.5, 22.0, 20.5 ], "rotation": 90 }
							},
							"children": [
								{
									"name": "Head",
									"from": [ 0.85, 0.32, 2.55 ],
									"to": [ 3.35, 2.82, 4.55 ],
									"autoUnwrap": false,
									"uv": [ 1.0, 3.0 ],
									"rotationOrigin": [ 2.15, -0.1, 3.7 ],
									"rotationX": 8.0,
									"faces": {
										"north": { "texture": "#hedgehog_0", "uv": [ 1.5, 2.0, 4.0, 4.5 ], "windMode": [-1,-1,-1,-1] },
										"east": { "texture": "#hedgehog_0", "uv": [ 1.0, 5.0, 3.0, 7.5 ] },
										"south": { "texture": "#hedgehog_0", "uv": [ 3.0, 5.0, 5.5, 7.5 ], "windMode": [-1,-1,-1,-1] },
										"west": { "texture": "#hedgehog_0", "uv": [ 6.0, 5.0, 8.0, 7.5 ], "windMode": [-1,-1,-1,-1] },
										"up": { "texture": "#hedgehog_0", "uv": [ 1.0, 3.0, 3.5, 5.0 ], "rotation": 180 },
										"down": { "texture": "#hedgehog_0", "uv": [ 13.0, 10.0, 15.5, 12.0 ] }
									},
									"children": [
										{
											"name": "right_ear",
											"from": [ -0.2, 1.73, 1.08 ],
											"to": [ 0.7, 2.73, 1.78 ],
											"unwrapMode": 3,
											"uv": [ 7.5, 2.0 ],
											"rotationOrigin": [ -0.2, 1.6, 0.8 ],
											"rotationZ": 15.0,
											"faces": {
												"north": { "texture": "#hedgehog_0", "uv": [ 9.0, 2.5, 9.5, 3.5 ] },
												"east": { "texture": "#hedgehog_0", "uv": [ 8.5, 2.5, 9.0, 3.5 ] },
												"south": { "texture": "#hedgehog_0", "uv": [ 8.0, 2.5, 8.5, 3.5 ] },
												"west": { "texture": "#hedgehog_0", "uv": [ 7.5, 2.5, 8.0, 3.5 ] },
												"up": { "texture": "#hedgehog_0", "uv": [ 8.0, 2.0, 8.5, 2.5 ] },
												"down": { "texture": "#hedgehog_0", "uv": [ 8.0, 3.5, 8.5, 4.0 ], "rotation": 180 }
											}
										},
										{
											"name": "left_ear",
											"from": [ 1.8, 1.74, 1.08 ],
											"to": [ 2.7, 2.74, 1.78 ],
											"unwrapMode": 3,
											"uv": [ 7.5, 2.0 ],
											"rotationOrigin": [ 2.5, 1.6, 0.8 ],
											"rotationZ": -15.0,
											"faces": {
												"north": { "texture": "#hedgehog_0", "uv": [ 9.0, 2.5, 9.5, 3.5 ] },
												"east": { "texture": "#hedgehog_0", "uv": [ 8.5, 2.5, 9.0, 3.5 ] },
												"south": { "texture": "#hedgehog_0", "uv": [ 8.0, 2.5, 8.5, 3.5 ] },
												"west": { "texture": "#hedgehog_0", "uv": [ 7.5, 2.5, 8.0, 3.5 ] },
												"up": { "texture": "#hedgehog_0", "uv": [ 8.0, 2.0, 8.5, 2.5 ] },
												"down": { "texture": "#hedgehog_0", "uv": [ 8.0, 3.5, 8.5, 4.0 ], "rotation": 180 }
											}
										},
										{
											"name": "Face",
											"from": [ 0.4, 0.3, 1.2 ],
											"to": [ 2.1, 2.0, 2.7 ],
											"uv": [ 11.0, 3.5 ],
											"rotationOrigin": [ 1.3, 0.3, 1.2 ],
											"faces": {
												"north": { "texture": "#hedgehog_0", "uv": [ 11.0, 5.0, 12.5, 6.5 ] },
												"east": { "texture": "#hedgehog_0", "uv": [ 12.5, 5.0, 14.0, 6.5 ] },
												"south": { "texture": "#hedgehog_0", "uv": [ 14.0, 5.0, 15.5, 6.5 ] },
												"west": { "texture": "#hedgehog_0", "uv": [ 15.5, 5.0, 17.0, 6.5 ] },
												"up": { "texture": "#hedgehog_0", "uv": [ 11.0, 3.5, 12.5, 5.0 ] },
												"down": { "texture": "#hedgehog_0", "uv": [ 12.5, 3.5, 14.0, 5.0 ] }
											},
											"children": [
												{
													"name": "Nose",
													"from": [ 0.31, 0.18, 0.4 ],
													"to": [ 1.36, 1.23, 2.5 ],
													"autoUnwrap": false,
													"uv": [ 0.0, 0.0 ],
													"rotationOrigin": [ 0.8, -0.1, 0.4 ],
													"rotationX": -6.0,
													"faces": {
														"north": { "texture": "#hedgehog_0", "uv": [ 0.0, 1.0, 1.0, 2.0 ] },
														"east": { "texture": "#hedgehog_0", "uv": [ 1.0, 1.0, 3.0, 2.0 ] },
														"south": { "texture": "#hedgehog_0", "uv": [ 3.0, 1.0, 4.0, 2.0 ] },
														"west": { "texture": "#hedgehog_0", "uv": [ 4.0, 1.0, 6.0, 2.0 ] },
														"up": { "texture": "#hedgehog_0", "uv": [ 0.0, 0.0, 2.0, 1.0 ], "rotation": 90 },
														"down": { "texture": "#hedgehog_0", "uv": [ 2.0, 0.0, 4.0, 1.0 ], "rotation": 90 }
													},
													"children": [
														{
															"name": "Mouth",
															"from": [ 0.1, -0.3, 0.1 ],
															"to": [ 1.0, 0.1, 1.7 ],
															"uv": [ 12.0, 9.5 ],
															"rotationOrigin": [ 0.1, -0.3, 0.8 ],
															"faces": {
																"north": { "texture": "#hedgehog_0", "uv": [ 12.0, 11.0, 12.5, 11.5 ] },
																"east": { "texture": "#hedgehog_0", "uv": [ 12.5, 11.0, 14.0, 11.5 ] },
																"south": { "texture": "#hedgehog_0", "uv": [ 14.0, 11.0, 14.5, 11.5 ] },
																"west": { "texture": "#hedgehog_0", "uv": [ 14.5, 11.0, 16.0, 11.5 ] },
																"up": { "texture": "#hedgehog_0", "uv": [ 12.0, 9.5, 12.5, 11.0 ] },
																"down": { "texture": "#hedgehog_0", "uv": [ 12.5, 9.5, 13.0, 11.0 ] }
															}
														}
													],
													"attachmentpoints": [
														{
															"code": "Point1",
															"posX": "0.0","posY": "0.0","posZ": "0.0",
															"rotationX": "0.0","rotationY": "0.0","rotationZ": "0.0"
														}
													]
												}
											]
										}
									]
								},
								{
									"name": "front_left",
									"from": [ 2.85, -0.7, 1.9 ],
									"to": [ 3.85, 0.3, 2.9 ],
									"uv": [ 12.0, 8.0 ],
									"rotationOrigin": [ 2.85, 0.0, 1.9 ],
									"rotationZ": 6.0,
									"faces": {
										"north": { "texture": "#hedgehog_0", "uv": [ 12.0, 9.0, 13.0, 10.0 ] },
										"east": { "texture": "#hedgehog_0", "uv": [ 13.0, 9.0, 14.0, 10.0 ] },
										"south": { "texture": "#hedgehog_0", "uv": [ 14.0, 9.0, 15.0, 10.0 ] },
										"west": { "texture": "#hedgehog_0", "uv": [ 15.0, 9.0, 16.0, 10.0 ] },
										"up": { "texture": "#hedgehog_0", "uv": [ 12.0, 8.0, 13.0, 9.0 ] },
										"down": { "texture": "#hedgehog_0", "uv": [ 13.0, 8.0, 14.0, 9.0 ] }
									}
								},
								{
									"name": "front_right",
									"from": [ 0.36, -0.7, 1.9 ],
									"to": [ 1.36, 0.3, 2.9 ],
									"uv": [ 12.0, 8.0 ],
									"rotationOrigin": [ 1.45, 0.0, 1.9 ],
									"rotationZ": -6.0,
									"faces": {
										"north": { "texture": "#hedgehog_0", "uv": [ 12.0, 9.0, 13.0, 10.0 ] },
										"east": { "texture": "#hedgehog_0", "uv": [ 13.0, 9.0, 14.0, 10.0 ] },
										"south": { "texture": "#hedgehog_0", "uv": [ 14.0, 9.0, 15.0, 10.0 ] },
										"west": { "texture": "#hedgehog_0", "uv": [ 15.0, 9.0, 16.0, 10.0 ] },
										"up": { "texture": "#hedgehog_0", "uv": [ 12.0, 8.0, 13.0, 9.0 ] },
										"down": { "texture": "#hedgehog_0", "uv": [ 13.0, 8.0, 14.0, 9.0 ] }
									}
								}
							]
						},
						{
							"name": "Spikehair1",
							"from": [ 0.1, 2.8, 1.3 ],
							"to": [ 4.1, 5.3, 1.3 ],
							"unwrapMode": 1,
							"autoUnwrap": false,
							"uv": [ 21.0, 2.5 ],
							"rotationOrigin": [ 0.1, 2.8, 1.3 ],
							"rotationX": -36.0,
							"faces": {
								"south": { "texture": "#hedgehog_0", "uv": [ 20.5, 6.0, 23.0, 10.0 ], "rotation": 270 }
							},
							"children": [
								{
									"name": "Cube3",
									"from": [ 0.0, -1.4404, 1.302 ],
									"to": [ 4.0, 1.0596, 1.302 ],
									"unwrapMode": 1,
									"autoUnwrap": false,
									"uv": [ 21.0, 2.5 ],
									"rotationOrigin": [ 0.0, -1.4404, 1.302 ],
									"rotationX": 8.0,
									"faces": {
										"south": { "texture": "#hedgehog_0", "uv": [ 20.0, 8.5, 22.5, 12.5 ], "rotation": 270 }
									}
								},
								{
									"name": "Cube4",
									"from": [ 0.0, -2.82, 2.9201 ],
									"to": [ 4.0, -0.32, 2.9201 ],
									"unwrapMode": 1,
									"autoUnwrap": false,
									"uv": [ 21.0, 2.5 ],
									"rotationOrigin": [ 0.0, -2.816, 2.9201 ],
									"rotationX": 14.0,
									"faces": {
										"south": { "texture": "#hedgehog_0", "uv": [ 20.0, 3.0, 22.5, 7.0 ], "rotation": 270 }
									}
								}
							]
						},
						{
							"name": "Spikehair2",
							"from": [ 1.1, 0.8, 1.3 ],
							"to": [ 4.1, 3.3, 1.3 ],
							"unwrapMode": 1,
							"autoUnwrap": false,
							"uv": [ 21.0, 2.5 ],
							"rotationOrigin": [ 1.1, 0.8, 1.3 ],
							"rotationY": -17.0,
							"rotationZ": 89.0,
							"faces": {
								"south": { "texture": "#hedgehog_0", "uv": [ 20.0, 6.0, 22.5, 9.0 ], "rotation": 270 }
							},
							"children": [
								{
									"name": "Cube5",
									"from": [ -1.0, -0.14, 1.3 ],
									"to": [ 2.0, 2.36, 1.3 ],
									"unwrapMode": 1,
									"autoUnwrap": false,
									"uv": [ 21.0, 2.5 ],
									"rotationOrigin": [ -1.0, -0.1404, 1.302 ],
									"rotationX": 8.0,
									"faces": {
										"south": { "texture": "#hedgehog_0", "uv": [ 20.0, 8.5, 22.5, 11.5 ], "rotation": 270 }
									}
								},
								{
									"name": "Cube6",
									"from": [ -0.6, -1.0, 3.42 ],
									"to": [ 2.4, 1.5, 3.42 ],
									"unwrapMode": 1,
									"autoUnwrap": false,
									"uv": [ 21.0, 2.5 ],
									"rotationOrigin": [ -0.6, -0.916, 3.4201 ],
									"rotationX": 11.0,
									"faces": {
										"south": { "texture": "#hedgehog_0", "uv": [ 20.0, 3.0, 22.5, 6.0 ], "rotation": 270 }
									}
								}
							]
						},
						{
							"name": "Spikehair3",
							"from": [ 2.9, 2.8, 1.3 ],
							"to": [ 5.9, 5.3, 1.3 ],
							"unwrapMode": 1,
							"autoUnwrap": false,
							"uv": [ 21.0, 2.5 ],
							"rotationOrigin": [ 2.9, 2.8, 1.3 ],
							"rotationY": 17.0,
							"rotationZ": -90.0,
							"faces": {
								"south": { "texture": "#hedgehog_0", "uv": [ 20.0, 6.0, 22.5, 9.0 ], "rotation": 270 }
							},
							"children": [
								{
									"name": "Cube7",
									"from": [ -0.7, -0.14, 1.3 ],
									"to": [ 2.3, 2.36, 1.3 ],
									"unwrapMode": 1,
									"autoUnwrap": false,
									"uv": [ 21.0, 2.5 ],
									"rotationOrigin": [ -0.7, -0.1404, 1.302 ],
									"rotationX": 8.0,
									"faces": {
										"south": { "texture": "#hedgehog_0", "uv": [ 20.0, 8.5, 22.5, 11.5 ], "rotation": 270 }
									}
								},
								{
									"name": "Cube8",
									"from": [ -0.3, -1.0, 3.42 ],
									"to": [ 2.7, 1.5, 3.42 ],
									"unwrapMode": 1,
									"autoUnwrap": false,
									"uv": [ 21.0, 2.5 ],
									"rotationOrigin": [ -0.3, -0.916, 3.4201 ],
									"rotationX": 11.0,
									"faces": {
										"south": { "texture": "#hedgehog_0", "uv": [ 20.0, 3.0, 22.5, 6.0 ], "rotation": 270 }
									}
								}
							]
						}
					]
				}
			],
			"attachmentpoints": [
				{
					"code": "Center",
					"posX": "0.7","posY": "-1.4","posZ": "0.0",
					"rotationX": "0.0","rotationY": "0.0","rotationZ": "0.0"
				}
			]
		}
	],
	"animations": [
		{
			"name": "Idle",
			"code": "idle",
			"quantityframes": 180,
			"onActivityStopped": "Rewind",
			"onAnimationEnd": "Repeat",
			"keyframes": [
				{
					"frame": 0,
					"elements": {
						"Head": { "offsetX": 0.0, "offsetY": 0.0, "offsetZ": 0.0, "rotationX": 0.0, "rotationY": 0.0, "rotationZ": 0.0 },
						"Nose": { "offsetX": 0.0, "offsetY": 0.0, "offsetZ": 0.0, "rotationX": 0.0, "rotationY": 0.0, "rotationZ": 0.0 },
						"Mouth": { "offsetX": 0.0, "offsetY": 0.0, "offsetZ": 0.0 },
						"right_ear": { "offsetX": 0.0, "offsetY": 0.0, "offsetZ": 0.0, "rotationX": 0.0, "rotationY": 0.0, "rotationZ": 14.0 },
						"left_ear": { "offsetX": 0.0, "offsetY": 0.0, "offsetZ": 0.0, "rotationX": 0.0, "rotationY": 0.0, "rotationZ": 0.0 }
					}
				},
				{
					"frame": 10,
					"elements": {
						"Body": { "rotationX": 0.0, "rotationY": 0.0, "rotationZ": 0.0 },
						"Nose": { "offsetX": 0.0, "offsetY": 0.0, "offsetZ": 0.42, "rotationX": -8.0, "rotationY": 0.0, "rotationZ": 0.0 }
					}
				},
				{
					"frame": 25,
					"elements": {
						"Head": { "offsetX": 0.0, "offsetY": 0.0, "offsetZ": 0.0, "rotationX": -3.0, "rotationY": 0.0, "rotationZ": 0.0 },
						"Mouth": { "offsetX": 0.0, "offsetY": 0.0, "offsetZ": -0.3, "rotationX": 11.0, "rotationY": 0.0, "rotationZ": 0.0 },
						"right_ear": { "offsetX": 0.0, "offsetY": 0.0, "offsetZ": 0.0, "rotationX": 0.0, "rotationY": 0.0, "rotationZ": 0.0 },
						"left_ear": { "offsetX": 0.0, "offsetY": 0.0, "offsetZ": 0.0, "rotationX": 0.0, "rotationY": 0.0, "rotationZ": -14.0 }
					}
				},
				{
					"frame": 40,
					"elements": {
						"Body": { "offsetX": 0.0, "offsetY": -0.21, "offsetZ": 0.0, "rotationX": 3.0, "rotationY": 0.0, "rotationZ": 0.0 }
					}
				}
			]
		},

		{
			"name": "Walk",
			"code": "walk",
			"quantityframes": 24,
			"onActivityStopped": "Rewind",
			"onAnimationEnd": "Repeat",
			"keyframes": [
				{
					"frame": 0,
					"elements": {
						"Body": { "offsetX": 0.0, "offsetY": 0.0, "offsetZ": 0.0, "rotationX": 0.0, "rotationY": 0.0, "rotationZ": 0.0 },
						"Head": { "offsetX": 0.0, "offsetY": 0.0, "offsetZ": 0.0, "rotationX": 0.0, "rotationY": 0.0, "rotationZ": 0.0 },
						"Nose": { "offsetX": 0.0, "offsetY": 0.0, "offsetZ": 0.0 },
						"front_right": { "offsetX": 0.0, "offsetY": 0.0, "offsetZ": 0.0, "rotationX": 0.0, "rotationY": 0.0, "rotationZ": 0.0 },
						"back_right": { "rotationX": 0.0, "rotationY": 0.0, "rotationZ": 0.0 },
						"back_left": { "rotationX": 0.0, "rotationY": 0.0, "rotationZ": 0.0 },
						"front_left": { "rotationX": 0.0, "rotationY": 0.0, "rotationZ": 0.0 },
						"tail": { "rotationX": 0.0, "rotationY": 0.0, "rotationZ": 8.0 },
						"Midbody": { "offsetX": 0.0, "offsetY": 0.0, "offsetZ": 0.0, "rotationX": 0.0, "rotationY": 0.0, "rotationZ": 0.0 }
					}
				},
				{
					"frame": 6,
					"elements": {
						"Body": { "offsetX": 0.0, "offsetY": 0.0, "offsetZ": 0.0, "rotationX": 0.0, "rotationY": -3.0, "rotationZ": -3.0 },
						"Head": { "rotationX": 0.0, "rotationY": 6.0, "rotationZ": 0.0 },
						"front_right": { "rotationX": -10.0, "rotationY": 0.0, "rotationZ": 0.0 },
						"front_left": { "rotationX": 10.0, "rotationY": 0.0, "rotationZ": 0.0 },
						"back_left": { "rotationX": -10.0, "rotationY": 0.0, "rotationZ": 0.0 },
						"back_right": { "rotationX": 10.0, "rotationY": 0.0, "rotationZ": 0.0 },
						"Midbody": { "offsetX": 0.0, "offsetY": 0.0, "offsetZ": 0.1, "rotationX": 0.0, "rotationY": 0.0, "rotationZ": 0.0 }
					}
				},
				{
					"frame": 12,
					"elements": {
						"Body": { "offsetX": 0.0, "offsetY": 0.0, "offsetZ": 0.0, "rotationX": 3.0, "rotationY": 0.0, "rotationZ": 0.0 },
						"Nose": { "offsetX": 0.0, "offsetY": -0.28, "offsetZ": 0.0 },
						"back_right": { "rotationX": 0.0, "rotationY": 0.0, "rotationZ": 0.0 },
						"back_left": { "rotationX": 0.0, "rotationY": 0.0, "rotationZ": 0.0 },
						"front_left": { "rotationX": 0.0, "rotationY": 0.0, "rotationZ": 0.0 },
						"front_right": { "rotationX": 0.0, "rotationY": 0.0, "rotationZ": 0.0 },
						"tail": { "rotationX": 0.0, "rotationY": 0.0, "rotationZ": -8.0 }
					}
				},
				{
					"frame": 16,
					"elements": {
						"Body": { "offsetX": 0.0, "offsetY": 0.0, "offsetZ": 0.0, "rotationX": 0.0, "rotationY": 3.0, "rotationZ": 3.0 },
						"Head": { "offsetX": 0.0, "offsetY": 0.0, "offsetZ": 0.0, "rotationX": 0.0, "rotationY": -6.0, "rotationZ": 0.0 },
						"Nose": { "offsetX": 0.0, "offsetY": 0.0, "offsetZ": 0.0 },
						"back_right": { "rotationX": -10.0, "rotationY": 0.0, "rotationZ": 0.0 },
						"back_left": { "rotationX": 10.0, "rotationY": 0.0, "rotationZ": 0.0 },
						"front_left": { "rotationX": -10.0, "rotationY": 0.0, "rotationZ": 0.0 },
						"front_right": { "rotationX": 10.0, "rotationY": 0.0, "rotationZ": 0.0 }
					}
				},
				{
					"frame": 20,
					"elements": {
						"Body": { "offsetX": 0.0, "offsetY": 0.0, "offsetZ": 0.0, "rotationX": -2.0, "rotationY": 0.0, "rotationZ": 0.0 },
						"Head": { "offsetX": 0.0, "offsetY": 0.0, "offsetZ": 0.0 },
						"Nose": { "offsetX": 0.0, "offsetY": 0.0, "offsetZ": 0.0 },
						"back_right": { "rotationX": -10.0, "rotationY": 0.0, "rotationZ": 0.0 },
						"back_left": { "rotationX": 10.0, "rotationY": 0.0, "rotationZ": 0.0 },
						"front_left": { "rotationX": -10.0, "rotationY": 0.0, "rotationZ": 0.0 },
						"front_right": { "offsetX": 0.0, "offsetY": 0.0, "offsetZ": 0.0, "rotationX": 10.0, "rotationY": 0.0, "rotationZ": 0.0 }
					}
				}
			]
		},

		{
			"name": "Sleep",
			"code": "sleep",
			"quantityframes": 180,
			"onActivityStopped": "EaseOut",
			"onAnimationEnd": "Repeat",
			"keyframes": [
				{
					"frame": 0,
					"elements": {
						"Body": { "offsetX": 0.0, "offsetY": -0.85, "offsetZ": 0.0, "rotationX": -3.0, "rotationY": -11.0, "rotationZ": 0.0 },
						"back_right": { "stretchX": 1.0499999821186066, "stretchY": 1.0499999821186066, "stretchZ": 1.0499999821186066 },
						"back_left": { "stretchX": 1.0499999821186066, "stretchY": 1.0499999821186066, "stretchZ": 1.0499999821186066 },
						"front_left": { "stretchX": 1.0499999821186066, "stretchY": 1.0499999821186066, "stretchZ": 1.0499999821186066 },
						"front_right": { "stretchX": 1.0499999821186066, "stretchY": 1.0499999821186066, "stretchZ": 1.0499999821186066 },
						"Head": { "offsetX": 0.0, "offsetY": 0.1, "offsetZ": -0.2, "rotationX": 3.0, "rotationY": 14.0, "rotationZ": -8.0 },
						"Midbody": { "rotationX": 3.8, "rotationY": 0.0, "rotationZ": 3.0 },
						"tail": { "offsetX": 0.0, "offsetY": 0.3, "offsetZ": 0.0 }
					}
				},
				{
					"frame": 50,
					"elements": {
						"Head": { "rotationX": 3.0, "rotationY": 14.0, "rotationZ": -3.0 }
					}
				}
			]
		},

		{
			"name": "Roll",
			"code": "roll",
			"quantityframes": 90,
			"onActivityStopped": "EaseOut",
			"onAnimationEnd": "Repeat",
			"keyframes": [
				{
					"frame": 8,
					"elements": {
						"Body": { "offsetX": 0.0, "offsetY": -1.22, "offsetZ": 0.0 },
						"back_right": { "offsetX": 0.0, "offsetY": 0.0, "offsetZ": 1.05 },
						"back_left": { "offsetX": 0.0, "offsetY": 0.0, "offsetZ": 1.05, "rotationX": 0.0, "rotationY": 0.0, "rotationZ": 0.0 },
						"tail": { "stretchX": 1.399999976158142, "stretchY": 1.399999976158142, "stretchZ": 1.399999976158142 },
						"M_motor": { "offsetX": 0.0, "offsetY": 0.3, "offsetZ": 0.0, "rotationX": 8.0, "rotationY": 0.0, "rotationZ": 3.0 },
						"Midbody": { "rotationX": 8.0, "rotationY": 0.0, "rotationZ": 0.0 },
						"Head": { "offsetX": 0.0, "offsetY": -2.5, "offsetZ": -0.5, "rotationX": 116.0, "rotationY": 0.0, "rotationZ": 0.0 }
					}
				},
				{
					"frame": 21,
					"elements": {
						"front_left": { "offsetX": 0.0, "offsetY": 0.0, "offsetZ": -2.1 },
						"front_right": { "offsetX": 0.0, "offsetY": 0.0, "offsetZ": -2.1 }
					}
				},
				{
					"frame": 52,
					"elements": {
						"Body": { "offsetX": 0.0, "offsetY": -1.25, "offsetZ": 0.0 },
						"Nose": { "offsetX": 0.0, "offsetY": 0.3, "offsetZ": 0.0, "rotationX": 19.0, "rotationY": 0.0, "rotationZ": 0.0 },
						"front_left": { "offsetX": 0.0, "offsetY": 0.0, "offsetZ": -1.1, "rotationX": -8.105, "rotationY": 0.0, "rotationZ": 0.0 },
						"front_right": { "offsetX": 0.0, "offsetY": 0.0, "offsetZ": -1.1, "rotationX": -10.316, "rotationY": 0.0, "rotationZ": 0.0 }
					}
				},
				{
					"frame": 89,
					"elements": {
						"Body": { "rotationX": 3.0, "rotationY": 11.0, "rotationZ": -6.0 },
						"Nose": { "offsetX": 0.0, "offsetY": 0.0, "offsetZ": 0.0 },
						"back_right": { "offsetX": 0.0, "offsetY": 0.0, "offsetZ": 1.05 },
						"back_left": { "offsetX": 0.0, "offsetY": 0.0, "offsetZ": 1.05, "rotationX": 0.0, "rotationY": 0.0, "rotationZ": 0.0 },
						"front_left": { "offsetX": 0.0, "offsetY": 0.0, "offsetZ": -2.1, "rotationX": -8.105, "rotationY": 0.0, "rotationZ": 0.0 },
						"front_right": { "offsetX": 0.0, "offsetY": 0.0, "offsetZ": -2.1, "rotationX": -10.316, "rotationY": 0.0, "rotationZ": 0.0 }
					}
				}
			]
		},

		{
			"name": "Death",
			"code": "death",
			"quantityframes": 50,
			"onActivityStopped": "PlayTillEnd",
			"onAnimationEnd": "Hold",
			"keyframes": [
				{
					"frame": 0,
					"elements": {
						"Body": { "offsetX": 0.0, "offsetY": 0.0, "offsetZ": 0.0, "rotationX": 0.0, "rotationY": 0.0, "rotationZ": 0.0 },
						"Head": { "rotationX": 0.0, "rotationY": 0.0, "rotationZ": 0.0 },
						"back_right": { "rotationX": 0.0, "rotationY": 0.0, "rotationZ": 0.0 },
						"back_left": { "rotationX": 0.0, "rotationY": 0.0, "rotationZ": 0.0 },
						"front_left": { "rotationX": 0.0, "rotationY": 0.0, "rotationZ": 0.0 },
						"front_right": { "rotationX": 0.0, "rotationY": 0.0, "rotationZ": 0.0 }
					}
				},
				{
					"frame": 10,
					"elements": {
						"Body": { "offsetX": 1.4, "offsetY": 0.0, "offsetZ": 0.0, "rotationX": -14.0, "rotationY": -14.0, "rotationZ": 89.0 },
						"Head": { "offsetX": 0.0, "offsetY": 0.0, "offsetZ": 0.0 }
					}
				},
				{
					"frame": 25,
					"elements": {
						"Body": { "offsetX": 0.7, "offsetY": -2.8, "offsetZ": 0.0, "rotationX": 0.0, "rotationY": -14.0, "rotationZ": 152.0 },
						"back_right": { "rotationX": 0.0, "rotationY": 0.0, "rotationZ": -25.0 },
						"back_left": { "rotationX": 0.0, "rotationY": 0.0, "rotationZ": 22.0 },
						"front_left": { "rotationX": 0.0, "rotationY": 0.0, "rotationZ": 22.0 },
						"front_right": { "rotationX": 0.0, "rotationY": 0.0, "rotationZ": -22.0 }
					}
				},
				{
					"frame": 30,
					"elements": {
						"Body": { "offsetX": 0.7, "offsetY": -2.8, "offsetZ": 0.0, "rotationX": 0.0, "rotationY": -14.0, "rotationZ": 166.0 },
						"Head": { "offsetX": 0.0, "offsetY": 0.0, "offsetZ": 0.0, "rotationX": 0.0, "rotationY": -17.0, "rotationZ": 0.0 },
						"Nose": { "offsetX": 0.0, "offsetY": 0.0, "offsetZ": 0.7, "rotationX": -11.0, "rotationY": 3.0, "rotationZ": -3.0 },
						"back_right": { "rotationX": 0.0, "rotationY": 0.0, "rotationZ": -25.0 },
						"back_left": { "rotationX": 0.0, "rotationY": 0.0, "rotationZ": 22.0 },
						"front_left": { "rotationX": 0.0, "rotationY": 0.0, "rotationZ": 22.0 },
						"front_right": { "rotationX": 0.0, "rotationY": 0.0, "rotationZ": -22.0 }
					}
				},
				{
					"frame": 49,
					"elements": {
						"Body": { "offsetX": 0.7, "offsetY": -2.8, "offsetZ": 0.0, "rotationX": 0.0, "rotationY": -14.0, "rotationZ": 166.0 },
						"Head": { "offsetX": 0.0, "offsetY": 0.0, "offsetZ": 0.0, "rotationX": 0.0, "rotationY": -17.0, "rotationZ": 0.0 },
						"Nose": { "offsetX": 0.0, "offsetY": 0.0, "offsetZ": 0.7, "rotationX": -11.0, "rotationY": 3.0, "rotationZ": -3.0 },
						"back_right": { "rotationX": 0.0, "rotationY": 0.0, "rotationZ": -25.0 },
						"back_left": { "rotationX": 0.0, "rotationY": 0.0, "rotationZ": 22.0 },
						"front_left": { "rotationX": 0.0, "rotationY": 0.0, "rotationZ": 22.0 },
						"front_right": { "rotationX": 0.0, "rotationY": 0.0, "rotationZ": -22.0 }
					}
				}
			]
		},

		{
			"name": "Hurt",
			"code": "hurt",
			"quantityframes": 30,
			"onActivityStopped": "PlayTillEnd",
			"onAnimationEnd": "Stop",
			"keyframes": [
				{
					"frame": 0,
					"elements": {
						"Body": { "offsetX": 0.0, "offsetY": 0.0, "offsetZ": 0.0, "rotationX": 0.0, "rotationY": 0.0, "rotationZ": 0.0 },
						"Head": { "offsetX": 0.0, "offsetY": 0.0, "offsetZ": -0.7, "rotationX": 11.0, "rotationY": 19.0, "rotationZ": -6.0 }
					}
				},
				{
					"frame": 8,
					"elements": {
						"Body": { "offsetX": 0.0, "offsetY": 0.14, "offsetZ": -1.4, "rotationX": 3.0, "rotationY": 0.0, "rotationZ": 0.0 },
						"Head": { "offsetX": 0.0, "offsetY": 0.0, "offsetZ": 0.0, "rotationX": 0.0, "rotationY": 0.0, "rotationZ": -8.0 }
					}
				},
				{
					"frame": 21,
					"elements": {
						"Body": { "rotationX": -3.0, "rotationY": 0.0, "rotationZ": 0.0 },
						"Head": { "offsetX": 0.0, "offsetY": 0.0, "offsetZ": 0.0, "rotationX": 0.0, "rotationY": 3.0, "rotationZ": 0.0 }
					}
				}
			]
		},

		{
			"name": "Attack",
			"code": "Attack",
			"quantityframes": 30,
			"onActivityStopped": "PlayTillEnd",
			"onAnimationEnd": "Stop",
			"keyframes": [
				{
					"frame": 0,
					"elements": {
						"Body": { "offsetX": 0.0, "offsetY": 0.0, "offsetZ": 0.0, "rotationX": 0.0, "rotationY": 0.0, "rotationZ": 0.0 },
						"Head": { "offsetX": 0.0, "offsetY": 0.0, "offsetZ": 0.0, "rotationX": 0.0, "rotationY": 0.0, "rotationZ": 0.0 },
						"Nose": { "rotationX": -11.0, "rotationY": 0.0, "rotationZ": 0.0 },
						"front_right": { "offsetX": 0.0, "offsetY": 0.0, "offsetZ": 0.0, "rotationX": 0.0, "rotationY": 0.0, "rotationZ": 0.0 },
						"front_left": { "offsetX": 0.0, "offsetY": 0.0, "offsetZ": 0.0, "rotationX": 0.0, "rotationY": 0.0, "rotationZ": 0.0 },
						"Midbody": { "rotationX": 0.0, "rotationY": 0.0, "rotationZ": 0.0 },
						"Mouth": { "offsetX": 0.0, "offsetY": 0.0, "offsetZ": 0.0, "rotationX": 0.0, "rotationY": 0.0, "rotationZ": 0.0 }
					}
				},
				{
					"frame": 2,
					"elements": {
						"Body": { "rotationX": 0.0, "rotationY": 0.0, "rotationZ": 0.0 },
						"front_left": { "offsetX": 0.0, "offsetY": 0.0, "offsetZ": 0.0, "rotationX": -22.0, "rotationY": 0.0, "rotationZ": 0.0 },
						"front_right": { "offsetX": 0.0, "offsetY": 0.0, "offsetZ": 0.0, "rotationX": -22.0, "rotationY": 0.0, "rotationZ": 0.0 },
						"Midbody": { "rotationX": 0.0, "rotationY": 0.0, "rotationZ": 0.0 }
					}
				},
				{
					"frame": 4,
					"elements": {
						"Head": { "rotationX": 6.0, "rotationY": 0.0, "rotationZ": 0.0 },
						"Nose": { "rotationX": 0.0, "rotationY": 0.0, "rotationZ": 0.0 }
					}
				},
				{
					"frame": 26,
					"elements": {
						"Body": { "offsetX": 0.0, "offsetY": 0.0, "offsetZ": 0.0, "rotationX": -3.0, "rotationY": 0.0, "rotationZ": 0.0 },
						"Midbody": { "rotationX": -8.0, "rotationY": 0.0, "rotationZ": 0.0 },
						"Mouth": { "offsetX": 0.0, "offsetY": 0.1, "offsetZ": 0.0, "rotationX": 14.0, "rotationY": 0.0, "rotationZ": 0.0 }
					}
				}
			]
		}
	]
}