﻿{
  "maltiezfirearms:firearms-musket-aim-fluffydreg-fluffdreg": {
    "Hold": true,
    "PlayerKeyFrames": [
      {
        "EasingTime": 300,
        "EasingFunction": "Sin",
        "DetachedAnchor": false,
        "SwitchArms": false,
        "PitchFollow": true,
        "PitchDontFollow": false,
        "FOVMultiplier": 0.85,
        "BobbingAmplitude": 0.65,
        "Elements": {
          "ItemAnchor": [0, 1.97, 0.93999994, 15, 20.5, 140.8],
          "LowerArmR": [0, 0, 0, 0, 0, -111],
          "UpperArmR": [0, 0, 0, 0, 23, -34],
          "ItemAnchorL": [0, 0, 0, 0, 0, 0],
          "LowerArmL": [0, 0, 0, 0, 0, -11],
          "UpperArmL": [0, 0, 0, 0, -10, -92]
        }
      }
    ],
    "ItemKeyFrames": [],
    "SoundFrames": [],
    "ParticlesFrames": [],
    "CallbackFrames": [],
    "ItemAnimationStart": -1,
    "ItemAnimationEnd": -1
  }
}