[
	{
		"op": "addmerge",
		"path": "/ingredients/1/validStacks/-",
		"value": { "type": "item", "code": "brazilpiratefoods:potato-raw", "shapeElement": "bowl/vegetable 1/*" },
		"file": "game:recipes/cooking/soup.json",
    	"side": "Server"
	},
	{
		"op": "addmerge",
		"path": "/ingredients/2/validStacks/-",
		"value": { "type": "item", "code": "brazilpiratefoods:potato-raw", "shapeElement": "bowl/vegetable 2/*" },
		"file": "game:recipes/cooking/soup.json",
    	"side": "Server"
	},
	{
		"op": "addmerge",
		"path": "/ingredients/3/validStacks/-",
		"value": { "type": "item", "code": "brazilpiratefoods:potato-raw", "shapeElement": "bowl/vegetable 2/*" },
		"file": "game:recipes/cooking/soup.json",
    	"side": "Server"
	}

]