{
   "code":"blackswan-baby",
   "class":"EntityAgent",
   "tags":[
      "animal",
      "huntable",
      "habitat-land"
   ],
   "hitboxSize":{
      "x":0.5,
      "y":0.7
   },
   "deadHitboxSize":{
      "x":0.4,
      "y":0.4
   },
   "variantgroups":[
      {
         "code":"age",
         "states":[
            "young",
            "old"
         ]
      }
   ],
   "eyeHeight":0.25,
   "swimmingEyeHeight":0.5,
   "weightByType":{
      "*-young":0.22,
      "*":5.75
   },
   "knockbackResistanceByType":{
      "*-young":0.12,
      "*":0.55
   },
   "attributes":{
      creatureDiet: {
			foodCategories: ["Vegetable", "Grain"],
			weightedFoodTags: [
				{ weight: 1.1, code: "grass" },
				{ weight: 0.7, code: "grain" }, 
				{ weight: 0.9, code: "nibbleCrop" },
				{ weight: 1, code: "sweetBerryBush" },
				{ weight: 1, code: "tastyvegetable" },	
			],
			skipFoodTags: ["honeycomb"]
		},
      "trappableByType":{
         "black-swan-baby-young":{
            "small":{
               "trapChance":0.6,
               "trapDestroyChance":0.2
            }
         },
         "black-swan-baby-old":{
            "small":{
               "trapChance":0.0,
               "trapDestroyChance":0.2
            },
            "large":{
               "trapChance":0.5,
               "trapDestroyChance":0
            }
         }
      },
      "handbook":{
         "groupcode":"thecritterpack:creaturegroup-blackswan"
      }
   },
   "client":{
      "renderer":"Shape",
      "shapeByType":{
         "*-old":{
            "base":"entity/land/swan/black-swan-shape-adult"
         },
         "*":{
            "base":"entity/land/swan/swan-baby-shape"
         }
      },
      "textureByType":{
         "*-old":{
            "base":"entity/swan/black-swan-young"
         },
         "*":{
            "base":"entity/swan/swan-other-cygnet"
         }
      },
      "sizeByType":{
         "*-old":0.7,
         "*":0.80
      },
      "sizeGrowthFactorByType":{
         "*-old":0.22,
         "*":0.20
      },
      "behaviors":[
         {
            "code":"controlledphysics",
            "stepHeight":1.1251
         },
         {
            "code":"floatupwhenstuck",
            "onlyWhenDead":true
         },
         {
            "code":"interpolateposition"
         },
         {
            "code":"harvestable"
         },
         {
            "code":"despawn",
            "minPlayerDistance":8,
            "belowLightLevel":8,
            "minSeconds":300
         },
         {
            "code":"pettable",
            "minGeneration":0
         }
      ],
      "animations":[
         {
            "code":"hurt",
            "animation":"hurt",
            "animationSpeed":1,
            "weight":10,
            "blendMode":"AddAverage"
         },
         {
            "code":"eat",
            "animation":"eat",
            "animationSpeed":1,
            "weight":1,
            "blendMode":"Add"
         },
         {
            "code":"swim",
            "animation":"Swim",
            "supressDefaultAnimation":true,
            "weight":2,
            "blendMode":"Average",
            "triggeredBy":{
               "onControls":[
                  "swim"
               ]
            },
            "animationSpeed":0.5
         },
         {
            "code":"walk",
            "animation":"Walk",
            "supressDefaultAnimation":true,
            "blendMode":"Average",
            "animationSpeed":0.74
         },
         {
            "code":"idle",
            "animation":"Idle",
            "blendMode":"AddAverage",
            "easeOutSpeed":4,
            "triggeredBy":{
               "defaultAnim":true
            }
         },
         {
            "code":"die",
            "animation":"death",
            "animationSpeed":1.25,
            "weight":10,
            "blendMode":"Average",
            "triggeredBy":{
               "onControls":[
                  "dead"
               ]
            }
         },
         {
            "code":"sleep",
            "animation":"sleep",
            "easeInSpeed":4,
            "easeOutSpeed":4,
            "blendMode":"Average"
         },
         {
            "code":"sit",
            "animation":"sit",
            "easeInSpeed":4,
            "easeOutSpeed":4,
            "blendMode":"Average",
            "supressDefaultAnimation":true
         }
      ]
   },
   "server":{
      "attributes":{
         "pathfinder":{
            "minTurnAnglePerSec":440,
            "maxTurnAnglePerSec":2880
         }
      },
      "behaviors":[
         {
            "code":"repulseagents"
         },
         {
            "code":"controlledphysics",
            "stepHeight":1.1251
         },
         {
            "code":"despawn",
            "minPlayerDistance":8,
            "belowLightLevel":8,
            "minSeconds":300
         },
         {
            "code":"health",
            "currenthealth":3,
            "maxhealth":6
         },
         {
            "code":"deaddecay",
            "hoursToDecay":12
         },
         {
            "code":"floatupwhenstuck",
            "onlyWhenDead":true
         },
         {
            "code":"harvestable",
            "drops":[
               {
                  "type":"item",
                  "code":"poultry-raw",
                  "quantityByType":{
                     "*-young":{
                        "avg":1.25,
                        "var":1.25
                     },
                     "*":{
                        "avg":2.25,
                        "var":3.75
                     }
                  }
               },
               {
                  "type":"item",
                  "code":"feather",
                  "quantity":{
                     "avg":6,
                     "var":18
                  }
               }
            ]
         },
         {
            "code":"grow",
            "hoursToGrow":192,
            "adultEntityCodesByType":{
               "*-swan-baby-young":[
                  "thecritterpack:black-swan-baby-old"
               ],
               "*-swan-baby-old":[
                  "thecritterpack:black-swan-female-adult",
                  "thecritterpack:black-swan-male-adult"
               ]
            }
         },
         {
            "code":"emotionstates",
            "states":[
               {
                  "code":"alarmherdondamage",
                  "chance":1,
                  "slot":1,
                  "priority":1,
                  "accumType":"max"
               }
            ]
         },
         {
            "code":"taskai",
            "aiCreatureType":"SeaCreature",
            "aitasks":[
               {
                  "code":"fleeentity",
                  "entityCodes":[
                     "player",
                     "wolf-male",
                     "wolf-female",
                     "fox-*",
                     "hedgehog-*",
                     "bear-*",
                     "*-owl-*"
                  ],
                  "priority":1.7,
                  "movespeed":0.018,
                  "animationSpeed":1.6,
                  "seekingRange":9,
                  "animation":"walk",
                  "instafleeOnDamageChance":1
               },
               {
                  "code":"seekfoodandeat",
                  "priority":1.32,
                  "seekingRange":9,
                  "eatSound":"game:creature/animal-eat-small",
                  "eatTime":1.5,
                  "eatAnimation":"Eat",
                  "eatLooseItems":true,
                  "movespeed":0.012,
                  "animation":"Walk",
                  "mincooldownHours":3,
                  "maxcooldownHours":5
               },
               {
                  "code":"idle",
                  "priority":1.1,
                  "minduration":1000,
                  "maxduration":3000,
                  "mincooldown":2000,
                  "maxcooldown":30000,
                  "priorityForCancel":1.28,
                  "animation":"Idle"
               },
               {
                  "code":"wander",
                  "priority":1,
                  "priorityForCancel":1.35,
                  "movespeed":0.007,
                  "animation":"Walk",
                  "stopOnNearbyEntityCodes":[
                     "player"
                  ],
                  "preferredLightLevel":20
               },
               {
                  "code":"idle",
                  "priority":2.95,
                  "minduration":5000000,
                  "maxduration":5000000,
                  "mincooldown":5000,
                  "maxcooldown":15000,
                  "priorityForCancel":2.33,
                  "animation":"Sleep",
                  "whenNotInEmotionState":"aggressiveondamage",
                  "duringDayTimeFrames":[
                     {
                        "fromHour":20,
                        "toHour":24
                     },
                     {
                        "fromHour":0,
                        "toHour":6
                     }
                  ],
                  "stopOnNearbyEntityCodes":[
                     "player",
                     "wolf-male",
                     "wolf-female",
                     "fox-*",
                     "hedgehog-*"
                  ],
                  "stopRange":8,
                  "stopOnHurt":true
               },
               {
                  "code":"idle",
                  "priority":0.9,
                  "minduration":6000,
                  "maxduration":40000,
                  "mincooldown":2000,
                  "maxcooldown":120000,
                  "priorityForCancel":1.28,
                  "animation":"Sit",
                  "stopRange":5,
                  "stopOnNearbyEntityCodes":[
                     "fox-*",
                     "wolf-*",
                     "bear-*"
                  ]
               },
               {
                  "code":"wander",
                  "priority":0.8,
                  "movespeed":0.008,
                  "animation":"walk",
                  "whenSwimming":"true",
                  "animationSpeed":0.72
               },
               {
                  "code":"lookaround",
                  "priority":0.5
               },
               {
                  "code":"stayclosetoentity",
                  "priority":3.6,
                  "entityCode":"black-swan-male-adult",
                  "movespeed":0.017,
                  "maxDistance":2,
                  "searchRange":14,
                  "animation":"walk",
                  "animationSpeed":0.72
               }
            ]
         },
         {
            "code":"pettable",
            "minGeneration":0
         }
      ]
   },
   "sounds":{
      "hurt":"creature/duck/duckling-chirp-*",
      "idle":"creature/duck/duckling-chirp-*"
   },
   "idleSoundRange":12,
   "idleSoundChance":0.75
}