{
    "code": "blackswan-male",
    "class": "EntityAgent",
    "tags": [
        "animal",
        "huntable",
        "adult",
        "habitat-land"
    ],
    "hitboxSize": {
        "x": 1,
        "y": 1
    },
    "variantgroups": [
        {
            "code": "age",
            "states": [
                "adult"
            ]
        }
    ],
    "deadHitboxSize": {
        "x": 0.5,
        "y": 0.25
    },
    "knockbackResistanceByType": {
        "*": 10.0
    },
    "eyeHeight": 0.5,
    "weight": 0.83,
    "attributes": {
        creatureDiet: {
			foodCategories: ["Vegetable", "Grain"],
			weightedFoodTags: [
				{ weight: 1.1, code: "grass" },
				{ weight: 0.7, code: "grain" }, 
				{ weight: 0.9, code: "nibbleCrop" },
				{ weight: 1, code: "sweetBerryBush" },
				{ weight: 1, code: "tastyvegetable" },	
			],
			skipFoodTags: ["honeycomb"]
		},
		trappable: {
			"small": { trapChance: 0.0,	trapDestroyChance: 0.3 },
			"large": { trapChance: 0.0,	trapDestroyChance: 0.0 },
		},		
        "handbook": {
            "groupcode": "thecritterpack:creaturegroup-blackswan"
        }
    },
    "client": {
        "renderer": "Shape",
        "shapeByType": {
            "*": {
                "base": "entity/land/swan/black-swan-shape-adult"
            }
        },
        "textureByType": {
            "*": {
                "base": "entity/swan/black-swan-adult"
            }
        },
        "sizeByType": {
            "*": 1.20
        },
        "behaviors": [
            {
                "code": "repulseagents"
            },
            {
                "code": "controlledphysics",
                "stepHeight": 1.1251
            },
            {
                "code": "floatupwhenstuck",
                "onlyWhenDead": true
            },
            {
                "code": "interpolateposition"
            },
            {
                "code": "harvestable"
            },
            {
                "code": "despawn",
                "minPlayerDistance": 8,
                "belowLightLevel": 8,
                "minSeconds": 300
            },
            {
                "code": "pettable",
                "minGeneration": 1
            }
        ],
        "animations": [
            {
                "code": "hurt",
                "animation": "hurt",
                "animationSpeed": 1,
                "weight": 10,
                "blendMode": "AddAverage"
            },
            {
                "code": "eat",
                "animation": "eat",
                "animationSpeed": 1,
                "weight": 1,
                "blendMode": "Add"
            },
            {
                "code": "swim",
                "animation": "Swim",
                "supressDefaultAnimation": true,
				"weight": 2,
                "blendMode": "Average",				
                "triggeredBy": {
                    "onControls": [
                    "swim",
                    ]
                },
				"animationSpeed": 0.5
				
            },
            {
                "code": "walk",
                "animation": "Walk",
                "supressDefaultAnimation": true,
                "blendMode": "Average",
                "triggeredBy": {
                    "onControls": [
                    "move",
                    ]
                },				
                "animationSpeed": 1.2
            },
            {
                "code": "idle",
                "animation": "Idle",
                "blendMode": "AddAverage",
                "easeOutSpeed": 4,
                "triggeredBy": {
                    "defaultAnim": true
                }
            },
            {
                "code": "die",
                "animation": "death",
                "animationSpeed": 1.25,
                "weight": 10,
                "blendMode": "Average",
                "triggeredBy": {
                    "onControls": [
                        "dead"
                    ]
                }
            },
            {
                "code": "sleep",
                "animation": "sleep",
                "easeInSpeed": 4,
                "easeOutSpeed": 4,
                "blendMode": "Average"
            },
            {
                "code": "sit",
                "animation": "sit",
                "easeInSpeed": 4,
                "easeOutSpeed": 4,
                "blendMode": "Average",
                "supressDefaultAnimation": true
            }
        ]
    },
    "server": {
        "attributes": {
            "pathfinder": {
                "minTurnAnglePerSec": 190,
                "maxTurnAnglePerSec": 280
            }
        },
        "behaviors": [
            {
                "code": "repulseagents"
            },
            {
                "code": "controlledphysics",
                "stepHeight": 1.1251
            },
            {
                "code": "despawn",
                "minPlayerDistance": 8,
                "belowLightLevel": 8,
                "minSeconds": 300
            },
            {
                "code": "health",
                "currenthealth": 10,
                "maxhealth": 15
            },
            {
                "code": "deaddecay",
                "hoursToDecay": 96,
                "decayedBlock": "carcass-medium"
            },
            {
                "code": "floatupwhenstuck",
                "onlyWhenDead": true
            },
            {
                "code": "harvestable",
                "drops": [
                    {
                        "type": "item",
                        "code": "poultry-raw",
                        "quantityByType": {
                            "*": {
                                "avg": 2.25,
                                "var": 3.75
                            }
                        }
                    },
                    {
                        "type": "item",
                        "code": "feather",
                        "quantity": {
                            "avg": 6,
                            "var": 10
                        }
                    }
                ]
            },
            {
                "code": "emotionstates",
                "states": [
                    {
                        "code": "fleeondamage",
                        "duration": 60,
                        "chance": 0.8,
                        "slot": 0,
                        "priority": 5,
                        "accumType": "max",
                        "whenHealthRelBelow": 0.4
                    },
                    {
                        "code": "aggressiveondamage",
                        "durationByType": {
                            "*": 20
                        },
                        "chanceByType": {
                            "*": 0.9
                        },
                        "slot": 0,
                        "priority": 2,
                        "accumType": "noaccum"
                    },
                    {
                        "code": "fleeondamage",
                        "duration": 10,
                        "chance": 1,
                        "slot": 0,
                        "priority": 1,
                        "accumType": "max"
                    },
                    {
                        "code": "alarmherdondamage",
                        "chance": 1,
                        "slot": 1,
                        "priority": 1,
                        "accumType": "max"
                    },
                    {
                        "code": "aggressivearoundentities",
                        "duration": 60,
                        "chance": 1,
                        "slot": 2,
                        "priority": 4,
                        "entityCodes": [
                            "thecritterpack:blackswan-baby-*"
                        ],
                        "maxGeneration": 4
                    }
                ]
            },
            {
                "code": "taskai",
                "aiCreatureType": "SeaCreature",
                "aitasks": [
                    {
                        "code": "fleeentity",
                        "entityCodes": [
                            "bear-*"
                        ],
                        "priority": 1.7,
                        "movespeed": 0.022,
                        "animationSpeed": 1.6,
                        "seekingRange": 9,
                        "animation": "walk",
                        "instafleeOnDamageChance": 0
                    },
                    {
                        "code": "seekentity",
                        "enabledByType": {
                            "*-adult": true,
                            "*": false
                        },
                        "entityCodes": [
                            "player",
                            "fox-*"
                        ],
                        "priority": 2.4,
                        "movespeed": 0.00,
                        "seekingRange": 5,
                        "animation": "idle",
                        "animationSpeed": 1.5,
                        "sound": "creature/swan/swan-hiss",
                        "whenInEmotionState": "aggressivearoundentities"
                    },
                    {
                        "code": "meleeattack",
                        "enabledByType": {
                            "*-adult": true,
                            "*": false
                        },
                        "entityCodes": [
                            "player",
                            "wolf-*",
                            "fox-*"
                        ],
                        "animation": "attack",
                        "priority": 3,
                        "damage": 2.1,
                        "minDist": 2.7,
						"damageType": "PiercingAttack",
                        "slot": 1,
                        "mincooldown": 1500,
                        "maxcooldown": 1500,
                        "attackDurationMs": 800,
                        "damagePlayerAtMs": 500,
                        "whenInEmotionState": "aggressiveondamage|aggressivearoundentities",
                        "sound": "creature/swan/swan-hiss",
						"animationSpeed": 0.8,
                    },
                    {
                        "code": "seekentity",
                        "enabledByType": {
                            "*-adult": true,
                            "*": false
                        },
                        "entityCodes": [
                            "player",
                            "fox-*"
                        ],
                        "priority": 2.5,
                        "movespeed": 0.03,
                        "seekingRange": 3,
                        "animation": "Run",
                        "animationSpeed": 1.5,
                        "sound": "creature/swan/swan-hiss",
                        "whenInEmotionState": "aggressiveondamage|aggressivearoundentities"
                    },
                    {
                        "code": "idle",
                        "priority": 1.27,
                        "minduration": 5000000,
                        "maxduration": 5000000,
                        "mincooldown": 5000,
                        "maxcooldown": 15000,
                        "priorityForCancel": 1.38,
                        "animation": "Sleep",
                        "whenNotInEmotionState": "aggressiveondamage",
                        "duringDayTimeFrames": [
                            {
                                "fromHour": 20,
                                "toHour": 24
                            },
                            {
                                "fromHour": 0,
                                "toHour": 6
                            }
                        ],
                        "stopOnNearbyEntityCodes": [
                            "player",
                            "wolf-male",
                            "wolf-female",
                            "fox-*"
                        ],
                        "stopRange": 8,
                        "stopOnHurt": true
                    },
                    {
                        "code": "getoutofwater",
                        "whenSwimming": "true",
                        "priority": 0.35,
                        "priorityForCancel": 1.35,
                        "movespeed": 0.023,
                        "animation": "Swim",
                        "animationSpeed": 0.5
                    },
                    {
                        "code": "idle",
                        "priority": 0.4,
                        "minduration": 1500,
                        "maxduration": 4500,
                        "mincooldown": 1000,
                        "maxcooldown": 10000,
                        "priorityForCancel": 1.29,
                        "animation": "Eat"
                    },
                    {
                        "code": "idle",
                        "priority": 1.1,
                        "minduration": 1000,
                        "maxduration": 3000,
                        "mincooldown": 2000,
                        "maxcooldown": 30000,
                        "priorityForCancel": 1.29,
                        "animation": "Idle"
                    },
                    {
                        "code": "wander",
                        "priority": 1,
                        "priorityForCancel": 1.35,
                        "movespeed": 0.008,
                        "animation": "Walk",
                        "stopOnNearbyEntityCodes": [
                            "fox-*",
                            "wolf-*",
                            "bear-*"
                        ],
                        "animationSpeed": 0.75
                    },
                    {
                        "code": "idle",
                        "priority": 0.9,
                        "minduration": 6000,
                        "maxduration": 40000,
                        "mincooldown": 2000,
                        "maxcooldown": 12000,
                        "priorityForCancel": 1.29,
                        "animation": "Sit",
                        "stopRange": 9,
                        "stopOnNearbyEntityCodes": [
                            "fox-*",
                            "wolf-*",
                            "bear-*"
                        ]
                    },
                    {
                        "code": "seekfoodandeat",
                        "priority": 1.12,
                        "seekingRange": 4,
                        "eatSound": "game:player/eat",
                        "eatTime": 1.5,
                        "eatAnimation": "Eat",
                        "eatLooseItems": true,
                        "movespeed": 0.012,
                        "animationSpeed": 0.7,
                        "animation": "Walk",
                        "mincooldownHours": 3,
                        "maxcooldownHours": 4
                    },
                    {
                        "code": "lookaround",
                        "priority": 0.5
                    },
                    {
                        "code": "fleeentity",
                        "entityCodes": [
                            "straw-scarecrow-entity"
                        ],
                        "priority": 3.0,
                        "movespeed": 0.010,
                        "animation": "Walk",
                        "animationSpeed": 0.75
                    },
                    {
                        "code": "fleeentity",
                        "entityCodes": [
                            "fresh-scarecrow-entity"
                        ],
                        "priority": 3.0,
                        "movespeed": 0.010,
                        "animation": "Walk",
                        "animationSpeed": 0.75
                    },
                ]
            },
            {
                "code": "entitystatetags"
            }
        ],
        "spawnconditionsByType": {
            "*-male-adult": {
                "worldgen": {
                    "TriesPerChunk": {
                        "avg": 0.020,
                        "var": 0.015
                    },
                    "tryOnlySurface": true,
                    "minLightLevel": 7,
                    "groupSize": {
                        "dist": "INVERSEGAUSSIAN",
                        "avg": 5,
                        "var": 1
                    },
					"maxQuantity":1,
                    "insideBlockCodes": [
					"game:gravel-*", "game:sand-*",
                        "game:tallplant-*",
                        "game:tallplant-coopersreed-water-normal-free",
                        "game:aquatic-watercrowfoot-top",
                        "game:tallplant-coopersreed-land-normal-free",
                        "game:tallplant-tule-land-normal-free",
                        "game:tallplant-brownsedge-land-normal-free",
                        "game:water-still-7",
                    ],
                    "minY": 0.6,
                    "maxY": 1.1,
                "minTemp": 20,
                "maxTemp": 35,
                "minRain": 0.3,
                "minForest": 0,
                "maxForest": 0.55,
                    "companions": [
                        "thecritterpack:blackswan-female-adult",
                        "thecritterpack:blackswan-baby-young",
                        "thecritterpack:blackswan-baby-young",
                        "thecritterpack:blackswan-baby-young",
                        "thecritterpack:blackswan-baby-young",
                        "thecritterpack:blackswan-baby-young"
                    ]
                }
            },
            "runtime": {
                "tryOnlySurface": true,
                "chance": 0.0015,
                "maxQuantity": 2,
                "maxLightLevel": 7,
                "lightLevelType": "onlyBlockLight",
                "groupSize": {
                    "dist": "TRIANGLE",
                    "avg": 1,
                    "var": 0
                },
				"MinDistanceToPlayer": 12,
                "insideBlockCodes": [
                    "game:tallplant-*",
                    "game:tallplant-coopersreed-water-normal-free",
                    "game:aquatic-watercrowfoot-top",
                    "game:tallplant-coopersreed-land-normal-free",
                    "game:tallplant-tule-land-normal-free",
                    "game:tallplant-brownsedge-land-normal-free",
                    "game:water-still-7",
                    "game:sand-*",
					"game:muddygravel",
                ],
                "minTemp": 20,
                "maxTemp": 35,
                "minRain": 0.3,
                "minForest": 0,
                "maxForest": 0.55,
                "companions": [
                    "thecritterpack:blackswan-female-adult"
                ]
            }
        }
    },
    "sounds": {		
		"hurt": "creature/swan/cc0-black-swan-call",
        "idle": "creature/swan/cc0-black-swan-call"
    },
    "idleSoundRange": 9,
    "idleSoundChance": 0.10,
}