{
	"editor": {
		"allAngles": false,
		"entityTextureMode": true
	},
	"textureWidth": 64,
	"textureHeight": 64,
	"textureSizes": {
	},
	"textures": {
		"blackguard": "entity/humanoid/serapharmor/blackguard/blackguard-pristine"
	},
	"elements": [
		{
			"name": "ArmorHead",
			"stepParentName": "Head",
			"from": [ -0.2, -0.2, -0.6 ],
			"to": [ 6.0, 5.6, 5.6 ],
			"autoUnwrap": false,
			"uv": [ 7.0, 0.0 ],
			"rotationOrigin": [ -0.2, -0.2, 2.2 ],
			"faces": {
				"north": { "texture": "#blackguard", "uv": [ 45.5, 5.5, 51.5, 11.0 ] },
				"east": { "texture": "#blackguard", "uv": [ 39.5, 6.0, 45.5, 11.5 ] },
				"south": { "texture": "#blackguard", "uv": [ 51.0, 5.0, 57.0, 10.5 ] },
				"west": { "texture": "#blackguard", "uv": [ 3.5, 49.0, 9.5, 54.5 ] },
				"up": { "texture": "#blackguard", "uv": [ 44.5, 4.5, 50.5, 10.5 ], "rotation": 90 },
				"down": { "texture": "#blackguard", "uv": [ 51.5, 0.5, 57.5, 6.5 ], "rotation": 90 }
			},
			"children": [
				{
					"name": "ArmorNeck",
					"stepParentName": "Neck",
					"from": [ -0.1, 0.8, -0.1 ],
					"to": [ 3.1, 2.4, 3.1 ],
					"autoUnwrap": false,
					"uv": [ 11.5, 3.0 ],
					"rotationOrigin": [ -0.1, 0.8, 1.5 ],
					"faces": {
						"north": { "texture": "#blackguard", "uv": [ 11.0, 0.0, 14.0, 1.5 ] },
						"east": { "texture": "#blackguard", "uv": [ 20.0, 0.0, 23.0, 1.5 ] },
						"south": { "texture": "#blackguard", "uv": [ 17.0, 0.0, 20.0, 1.5 ] },
						"west": { "texture": "#blackguard", "uv": [ 14.0, 0.0, 17.0, 1.5 ] }
					}
				},
				{
					"name": "ArmorVisor",
					"from": [ -2.0, 0.3, 0.5 ],
					"to": [ 3.0, 5.3, 5.7 ],
					"autoUnwrap": false,
					"uv": [ 16.0, -0.5 ],
					"rotationOrigin": [ -0.5, 1.8, 3.0 ],
					"rotationZ": -30.0,
					"faces": {
						"north": { "texture": "#blackguard", "uv": [ 57.5, 6.0, 62.5, 11.0 ] },
						"east": { "texture": "#blackguard", "uv": [ 3.0, 5.0, 8.0, 10.0 ], "windMode": [-1,-1,-1,-1], "windData": [1,1,1,1] },
						"south": { "texture": "#blackguard", "uv": [ 44.0, 6.0, 49.0, 11.0 ] },
						"west": { "texture": "#blackguard", "uv": [ 25.5, 1.0, 30.5, 6.0 ] },
						"down": { "texture": "#blackguard", "uv": [ 52.0, 0.5, 57.0, 5.5 ], "rotation": 90 }
					}
				},
				{
					"name": "ArmorVisor2",
					"from": [ -1.5, -0.4, 0.6 ],
					"to": [ 1.5, 1.6, 5.6 ],
					"autoUnwrap": false,
					"uv": [ 16.0, -0.5 ],
					"rotationOrigin": [ 0.0, 1.1, 3.1 ],
					"rotationZ": -18.0,
					"faces": {
						"north": { "texture": "#blackguard", "uv": [ 52.0, 6.5, 55.0, 8.5 ] },
						"south": { "texture": "#blackguard", "uv": [ 46.0, 1.5, 49.0, 3.5 ] },
						"west": { "texture": "#blackguard", "uv": [ 23.0, 37.0, 28.0, 39.0 ] },
						"down": { "texture": "#blackguard", "uv": [ 52.5, 14.5, 57.5, 17.5 ], "rotation": 90 }
					}
				},
				{
					"name": "Cube2",
					"from": [ -0.2, 5.3, 2.9 ],
					"to": [ -0.2, 5.3, 2.9 ],
					"uv": [ 0.0, 0.0 ],
					"rotationOrigin": [ -0.2, 5.3, 2.9 ],
					"faces": {
						"north": { "texture": "#blackguard", "uv": [ 0.0, 0.5, 0.5, 1.0 ] },
						"east": { "texture": "#blackguard", "uv": [ 0.5, 0.5, 1.0, 1.0 ] },
						"south": { "texture": "#blackguard", "uv": [ 1.0, 0.5, 1.5, 1.0 ] },
						"west": { "texture": "#blackguard", "uv": [ 1.5, 0.5, 2.0, 1.0 ] },
						"up": { "texture": "#blackguard", "uv": [ 0.0, 0.0, 0.5, 0.5 ] },
						"down": { "texture": "#blackguard", "uv": [ 0.5, 0.0, 1.0, 0.5 ] }
					},
					"children": [
						{
							"name": "ArmorHeadCrest1",
							"from": [ 0.0, 0.0, 0.0 ],
							"to": [ 0.6, 1.0, 0.5 ],
							"uv": [ 12.5, 1.5 ],
							"rotationOrigin": [ 0.0, 0.0, 0.3 ],
							"faces": {
								"north": { "texture": "#blackguard", "uv": [ 12.5, 2.0, 13.0, 3.0 ] },
								"east": { "texture": "#blackguard", "uv": [ 13.0, 2.0, 13.5, 3.0 ] },
								"south": { "texture": "#blackguard", "uv": [ 13.5, 2.0, 14.0, 3.0 ], "rotation": 180 },
								"west": { "texture": "#blackguard", "uv": [ 14.0, 2.0, 14.5, 3.0 ] },
								"up": { "texture": "#blackguard", "uv": [ 12.5, 1.5, 13.0, 2.0 ] }
							}
						},
						{
							"name": "ArmorHeadCrest2",
							"from": [ 1.0, 0.0, 0.0 ],
							"to": [ 1.6, 1.0, 0.5 ],
							"uv": [ 12.5, 3.0 ],
							"rotationOrigin": [ 1.0, 0.0, 0.3 ],
							"faces": {
								"north": { "texture": "#blackguard", "uv": [ 12.5, 3.5, 13.0, 4.5 ] },
								"east": { "texture": "#blackguard", "uv": [ 13.0, 3.5, 13.5, 4.5 ] },
								"south": { "texture": "#blackguard", "uv": [ 13.5, 3.5, 14.0, 4.5 ], "rotation": 180 },
								"west": { "texture": "#blackguard", "uv": [ 14.0, 3.5, 14.5, 4.5 ] },
								"up": { "texture": "#blackguard", "uv": [ 12.5, 3.0, 13.0, 3.5 ] }
							}
						},
						{
							"name": "ArmorHeadCrest3",
							"from": [ 2.0, 0.0, 0.0 ],
							"to": [ 2.6, 1.0, 0.5 ],
							"uv": [ 14.5, 1.5 ],
							"rotationOrigin": [ 2.0, 0.0, 0.3 ],
							"faces": {
								"north": { "texture": "#blackguard", "uv": [ 14.5, 2.0, 15.0, 3.0 ] },
								"east": { "texture": "#blackguard", "uv": [ 15.0, 2.0, 15.5, 3.0 ] },
								"south": { "texture": "#blackguard", "uv": [ 15.5, 2.0, 16.0, 3.0 ], "rotation": 180 },
								"west": { "texture": "#blackguard", "uv": [ 16.0, 2.0, 16.5, 3.0 ] },
								"up": { "texture": "#blackguard", "uv": [ 14.5, 1.5, 15.0, 2.0 ] }
							}
						},
						{
							"name": "ArmorHeadCrest4",
							"from": [ 3.0, 0.0, 0.0 ],
							"to": [ 3.6, 1.0, 0.5 ],
							"uv": [ 14.5, 3.0 ],
							"rotationOrigin": [ 3.0, 0.0, 0.3 ],
							"faces": {
								"north": { "texture": "#blackguard", "uv": [ 14.5, 3.5, 15.0, 4.5 ] },
								"east": { "texture": "#blackguard", "uv": [ 15.0, 3.5, 15.5, 4.5 ] },
								"south": { "texture": "#blackguard", "uv": [ 15.5, 3.5, 16.0, 4.5 ], "rotation": 180 },
								"west": { "texture": "#blackguard", "uv": [ 16.0, 3.5, 16.5, 4.5 ] },
								"up": { "texture": "#blackguard", "uv": [ 14.5, 3.0, 15.0, 3.5 ] }
							}
						},
						{
							"name": "ArmorHeadCrest5",
							"from": [ 4.0, 0.0, 0.0 ],
							"to": [ 4.6, 1.0, 0.5 ],
							"uv": [ 16.5, 3.0 ],
							"rotationOrigin": [ 4.0, 0.0, 0.3 ],
							"faces": {
								"north": { "texture": "#blackguard", "uv": [ 16.5, 3.5, 17.0, 4.5 ] },
								"east": { "texture": "#blackguard", "uv": [ 17.0, 3.5, 17.5, 4.5 ] },
								"south": { "texture": "#blackguard", "uv": [ 17.5, 3.5, 18.0, 4.5 ], "rotation": 180 },
								"west": { "texture": "#blackguard", "uv": [ 18.0, 3.5, 18.5, 4.5 ] },
								"up": { "texture": "#blackguard", "uv": [ 16.5, 3.0, 17.0, 3.5 ] }
							}
						},
						{
							"name": "ArmorHeadCrest6",
							"from": [ 5.0, 0.0, 0.0 ],
							"to": [ 5.6, 1.0, 0.5 ],
							"uv": [ 16.5, 1.5 ],
							"rotationOrigin": [ 5.0, 0.0, 0.3 ],
							"faces": {
								"north": { "texture": "#blackguard", "uv": [ 16.5, 2.0, 17.0, 3.0 ] },
								"east": { "texture": "#blackguard", "uv": [ 17.0, 2.0, 17.5, 3.0 ] },
								"south": { "texture": "#blackguard", "uv": [ 17.5, 2.0, 18.0, 3.0 ], "rotation": 180 },
								"west": { "texture": "#blackguard", "uv": [ 18.0, 2.0, 18.5, 3.0 ] },
								"up": { "texture": "#blackguard", "uv": [ 16.5, 1.5, 17.0, 2.0 ] }
							}
						}
					]
				}
			]
		}
	]}