{
	"editor": {
		"backDropShape": "entity/animal/mammal/hooved/odocoileini/odocoileuslucasi/adult",
		"allAngles": true,
		"entityTextureMode": true
	},
	"textureWidth": 64,
	"textureHeight": 76,
	"textureSizes": {
		"skin": [64,76]
	},
	"textures": {
		"skin": "entity/animal/mammal/hooved/odocoileini/odocoileuslucasi-adult"
	},
	"elements": [
		{
			"name": "Horn attachment",
			"stepParentName": "Head",
			"from": [ 0.0, 3.4, 1.8 ],
			"to": [ 1.0, 4.4, 2.8 ],
			"uv": [ 999.0, 999.0 ],
			"rotationOrigin": [ 0.0, 3.4, 1.8 ],
			"rotationZ": -6.0,
			"faces": {
			},
			"children": [
				{
					"name": "R antler base",
					"from": [ 0.5, 0.7, -1.3 ],
					"to": [ 1.6, 2.0, -0.2 ],
					"unwrapMode": 4,
					"uv": [ 43.0, 73.0 ],
					"rotationOrigin": [ 0.5, 0.7, -0.2 ],
					"rotationX": -30.0,
					"rotationZ": -25.0,
					"faces": {
						"north": { "texture": "#skin", "uv": [ 43.0, 74.0, 44.0, 75.0 ] },
						"east": { "texture": "#skin", "uv": [ 46.0, 74.0, 47.0, 75.0 ] },
						"south": { "texture": "#skin", "uv": [ 45.0, 74.0, 46.0, 75.0 ] },
						"west": { "texture": "#skin", "uv": [ 44.0, 74.0, 45.0, 75.0 ], "windMode": [-1,-1,-1,-1], "windData": [0,1,1,1] },
						"up": { "texture": "#skin", "uv": [ 44.0, 73.0, 45.0, 74.0 ], "rotation": 90 },
						"down": { "texture": "#skin", "uv": [ 44.0, 75.0, 45.0, 76.0 ], "rotation": 90 }
					},
					"children": [
						{
							"name": "R antler base 2",
							"from": [ 0.1, 1.2, 0.0 ],
							"to": [ 1.1, 3.2, 1.0 ],
							"unwrapMode": 4,
							"uv": [ 43.0, 70.5 ],
							"rotationOrigin": [ 0.1, 1.2, 1.0 ],
							"rotationX": -11.0,
							"rotationZ": -10.0,
							"faces": {
								"north": { "texture": "#skin", "uv": [ 43.0, 71.5, 44.0, 73.5 ] },
								"east": { "texture": "#skin", "uv": [ 46.0, 71.5, 47.0, 73.5 ] },
								"south": { "texture": "#skin", "uv": [ 45.0, 71.5, 46.0, 73.5 ] },
								"west": { "texture": "#skin", "uv": [ 44.0, 71.5, 45.0, 73.5 ] },
								"up": { "texture": "#skin", "uv": [ 44.0, 70.5, 45.0, 71.5 ], "rotation": 90 },
								"down": { "texture": "#skin", "uv": [ 44.0, 73.5, 45.0, 74.5 ], "rotation": 90 }
							},
							"children": [
								{
									"name": "R antler base 3",
									"from": [ 0.1, 2.0, -0.1 ],
									"to": [ 1.0, 4.5, 0.8 ],
									"unwrapMode": 2,
									"uv": [ 45.0, 68.5 ],
									"rotationOrigin": [ 1.0, 2.0, 0.8 ],
									"rotationX": -30.0,
									"rotationZ": 35.0,
									"faces": {
										"north": { "texture": "#skin", "uv": [ 46.0, 69.0, 46.5, 71.5 ] },
										"east": { "texture": "#skin", "uv": [ 45.5, 69.0, 46.0, 71.5 ] },
										"south": { "texture": "#skin", "uv": [ 45.0, 69.0, 45.5, 71.5 ] },
										"west": { "texture": "#skin", "uv": [ 46.5, 69.0, 47.0, 71.5 ] },
										"up": { "texture": "#skin", "uv": [ 45.5, 68.5, 46.0, 69.0 ], "rotation": 270 },
										"down": { "texture": "#skin", "uv": [ 45.5, 71.5, 46.0, 72.0 ], "rotation": 270 }
									},
									"children": [
										{
											"name": "R antler base 4",
											"from": [ 0.0, 2.6, 0.0 ],
											"to": [ 0.8, 4.6, 0.8 ],
											"unwrapMode": 3,
											"uv": [ 44.0, 66.0 ],
											"rotationOrigin": [ 0.8, 2.6, 0.8 ],
											"rotationX": -15.0,
											"rotationY": -8.0,
											"rotationZ": 30.0,
											"faces": {
												"north": { "texture": "#skin", "uv": [ 45.5, 66.5, 46.0, 68.5 ] },
												"east": { "texture": "#skin", "uv": [ 45.0, 66.5, 45.5, 68.5 ] },
												"south": { "texture": "#skin", "uv": [ 44.5, 66.5, 45.0, 68.5 ] },
												"west": { "texture": "#skin", "uv": [ 44.0, 66.5, 44.5, 68.5 ] },
												"up": { "texture": "#skin", "uv": [ 44.5, 66.0, 45.0, 66.5 ] },
												"down": { "texture": "#skin", "uv": [ 44.5, 68.5, 45.0, 69.0 ], "rotation": 180 }
											},
											"children": [
												{
													"name": "R antler base 5",
													"from": [ 0.1, 1.9, 0.0 ],
													"to": [ 0.8, 3.9, 0.7 ],
													"unwrapMode": 3,
													"uv": [ 44.0, 63.5 ],
													"rotationOrigin": [ 0.8, 1.9, 0.7 ],
													"rotationX": 10.0,
													"rotationZ": 25.0,
													"faces": {
														"north": { "texture": "#skin", "uv": [ 45.5, 64.0, 46.0, 66.0 ] },
														"east": { "texture": "#skin", "uv": [ 45.0, 64.0, 45.5, 66.0 ] },
														"south": { "texture": "#skin", "uv": [ 44.5, 64.0, 45.0, 66.0 ] },
														"west": { "texture": "#skin", "uv": [ 44.0, 64.0, 44.5, 66.0 ] },
														"up": { "texture": "#skin", "uv": [ 44.5, 63.5, 45.0, 64.0 ] },
														"down": { "texture": "#skin", "uv": [ 44.5, 66.0, 45.0, 66.5 ], "rotation": 180 }
													},
													"children": [
														{
															"name": "R antler base 6",
															"from": [ 0.1, 1.8, 0.0 ],
															"to": [ 0.7, 4.3, 0.6 ],
															"unwrapMode": 3,
															"uv": [ 44.0, 61.0 ],
															"rotationOrigin": [ 0.7, 1.8, 0.6 ],
															"rotationX": 20.0,
															"rotationZ": 5.0,
															"faces": {
																"north": { "texture": "#skin", "uv": [ 45.5, 61.5, 46.0, 64.0 ] },
																"east": { "texture": "#skin", "uv": [ 45.0, 61.5, 45.5, 64.0 ] },
																"south": { "texture": "#skin", "uv": [ 44.5, 61.5, 45.0, 64.0 ] },
																"west": { "texture": "#skin", "uv": [ 44.0, 61.5, 44.5, 64.0 ] },
																"up": { "texture": "#skin", "uv": [ 44.5, 61.0, 45.0, 61.5 ] },
																"down": { "texture": "#skin", "uv": [ 44.5, 64.0, 45.0, 64.5 ], "rotation": 180 }
															},
															"children": [
																{
																	"name": "R antler base 7",
																	"from": [ 0.1, 2.2, 0.05 ],
																	"to": [ 0.5, 4.7, 0.45 ],
																	"unwrapMode": 3,
																	"uv": [ 44.0, 56.5 ],
																	"rotationOrigin": [ 0.5, 2.2, 0.5 ],
																	"rotationX": 20.0,
																	"rotationZ": 5.0,
																	"faces": {
																		"north": { "texture": "#skin", "uv": [ 45.5, 57.0, 46.0, 59.5 ] },
																		"east": { "texture": "#skin", "uv": [ 45.0, 57.0, 45.5, 59.5 ] },
																		"south": { "texture": "#skin", "uv": [ 44.5, 57.0, 45.0, 59.5 ] },
																		"west": { "texture": "#skin", "uv": [ 44.0, 57.0, 44.5, 59.5 ] },
																		"up": { "texture": "#skin", "uv": [ 44.5, 56.5, 45.0, 57.0 ] },
																		"down": { "texture": "#skin", "uv": [ 44.5, 59.5, 45.0, 60.0 ], "rotation": 180 }
																	}
																}
															]
														}
													]
												},
												{
													"name": "R antler point 2",
													"from": [ 0.1, -0.1, 0.3 ],
													"to": [ 0.6, 1.9, 0.8 ],
													"unwrapMode": 2,
													"uv": [ 44.0, 49.5 ],
													"rotationOrigin": [ 0.6, 0.0, 0.8 ],
													"rotationX": 90.0,
													"rotationZ": 20.0,
													"faces": {
														"north": { "texture": "#skin", "uv": [ 45.0, 50.0, 45.5, 52.0 ] },
														"east": { "texture": "#skin", "uv": [ 44.5, 50.0, 45.0, 52.0 ] },
														"south": { "texture": "#skin", "uv": [ 44.0, 50.0, 44.5, 52.0 ] },
														"west": { "texture": "#skin", "uv": [ 45.5, 50.0, 46.0, 52.0 ] },
														"up": { "texture": "#skin", "uv": [ 44.5, 49.5, 45.0, 50.0 ], "rotation": 270 }
													},
													"children": [
														{
															"name": "R antler point 2B",
															"from": [ 0.05, 2.0, 0.05 ],
															"to": [ 0.45, 3.5, 0.45 ],
															"unwrapMode": 2,
															"uv": [ 44.0, 48.0 ],
															"rotationOrigin": [ 0.45, 2.0, 0.45 ],
															"rotationX": -15.0,
															"rotationZ": 15.0,
															"faces": {
																"north": { "texture": "#skin", "uv": [ 45.0, 48.5, 45.5, 50.0 ] },
																"east": { "texture": "#skin", "uv": [ 44.5, 48.5, 45.0, 50.0 ] },
																"south": { "texture": "#skin", "uv": [ 44.0, 48.5, 44.5, 50.0 ] },
																"west": { "texture": "#skin", "uv": [ 45.5, 48.5, 46.0, 50.0 ] },
																"up": { "texture": "#skin", "uv": [ 44.5, 48.0, 45.0, 48.5 ], "rotation": 270 }
															}
														}
													]
												},
												{
													"name": "R antler point 3",
													"from": [ 0.1, 2.0, 0.0 ],
													"to": [ 0.8, 4.5, 0.7 ],
													"unwrapMode": 3,
													"uv": [ 44.0, 63.5 ],
													"rotationOrigin": [ 0.8, 2.0, 0.7 ],
													"rotationX": 95.0,
													"rotationY": 15.0,
													"rotationZ": 25.0,
													"faces": {
														"north": { "texture": "#skin", "uv": [ 45.5, 64.0, 46.0, 66.5 ] },
														"east": { "texture": "#skin", "uv": [ 45.0, 64.0, 45.5, 66.5 ] },
														"south": { "texture": "#skin", "uv": [ 44.5, 64.0, 45.0, 66.5 ] },
														"west": { "texture": "#skin", "uv": [ 44.0, 64.0, 44.5, 66.5 ] },
														"up": { "texture": "#skin", "uv": [ 44.5, 63.5, 45.0, 64.0 ] },
														"down": { "texture": "#skin", "uv": [ 44.5, 66.5, 45.0, 67.0 ], "rotation": 180 }
													},
													"children": [
														{
															"name": "R antler point 3B",
															"from": [ 0.1, 2.3, 0.0 ],
															"to": [ 0.7, 4.8, 0.6 ],
															"unwrapMode": 3,
															"uv": [ 44.0, 61.0 ],
															"rotationOrigin": [ 0.7, 2.3, 0.6 ],
															"rotationX": -20.0,
															"rotationZ": 5.0,
															"faces": {
																"north": { "texture": "#skin", "uv": [ 45.5, 61.5, 46.0, 64.0 ] },
																"east": { "texture": "#skin", "uv": [ 45.0, 61.5, 45.5, 64.0 ] },
																"south": { "texture": "#skin", "uv": [ 44.5, 61.5, 45.0, 64.0 ] },
																"west": { "texture": "#skin", "uv": [ 44.0, 61.5, 44.5, 64.0 ] },
																"up": { "texture": "#skin", "uv": [ 44.5, 61.0, 45.0, 61.5 ] },
																"down": { "texture": "#skin", "uv": [ 44.5, 64.0, 45.0, 64.5 ], "rotation": 180 }
															},
															"children": [
																{
																	"name": "R antler point 3C",
																	"from": [ 0.1, 2.2, 0.05 ],
																	"to": [ 0.5, 4.7, 0.45 ],
																	"unwrapMode": 3,
																	"uv": [ 44.0, 56.5 ],
																	"rotationOrigin": [ 0.5, 2.2, 0.5 ],
																	"rotationX": -15.0,
																	"rotationZ": 5.0,
																	"faces": {
																		"north": { "texture": "#skin", "uv": [ 45.5, 57.0, 46.0, 59.5 ] },
																		"east": { "texture": "#skin", "uv": [ 45.0, 57.0, 45.5, 59.5 ] },
																		"south": { "texture": "#skin", "uv": [ 44.5, 57.0, 45.0, 59.5 ] },
																		"west": { "texture": "#skin", "uv": [ 44.0, 57.0, 44.5, 59.5 ] },
																		"up": { "texture": "#skin", "uv": [ 44.5, 56.5, 45.0, 57.0 ] },
																		"down": { "texture": "#skin", "uv": [ 44.5, 59.5, 45.0, 60.0 ], "rotation": 180 }
																	}
																}
															]
														}
													]
												}
											]
										}
									]
								},
								{
									"name": "R antler point 1",
									"from": [ 0.1, 2.0, 0.5 ],
									"to": [ 0.6, 4.5, 1.0 ],
									"unwrapMode": 1,
									"uv": [ 44.0, 45.5 ],
									"rotationOrigin": [ 0.6, 2.0036, 1.0 ],
									"rotationX": 45.0,
									"rotationZ": 25.0,
									"faces": {
										"north": { "texture": "#skin", "uv": [ 44.5, 46.0, 45.0, 48.5 ] },
										"east": { "texture": "#skin", "uv": [ 44.0, 46.0, 44.5, 48.5 ] },
										"south": { "texture": "#skin", "uv": [ 45.5, 46.0, 46.0, 48.5 ] },
										"west": { "texture": "#skin", "uv": [ 45.0, 46.0, 45.5, 48.5 ] },
										"up": { "texture": "#skin", "uv": [ 44.5, 45.5, 45.0, 46.0 ], "rotation": 180 }
									}
								}
							]
						}
					]
				},
				{
					"name": "L antler base",
					"from": [ 0.5, 0.7, 0.1 ],
					"to": [ 1.6, 2.0, 1.2 ],
					"unwrapMode": 4,
					"uv": [ 39.0, 73.0 ],
					"rotationOrigin": [ 0.5, 0.7, 0.1 ],
					"rotationX": 30.0,
					"rotationZ": -25.0,
					"faces": {
						"north": { "texture": "#skin", "uv": [ 39.0, 74.0, 40.0, 75.0 ] },
						"east": { "texture": "#skin", "uv": [ 42.0, 74.0, 43.0, 75.0 ] },
						"south": { "texture": "#skin", "uv": [ 41.0, 74.0, 42.0, 75.0 ] },
						"west": { "texture": "#skin", "uv": [ 40.0, 74.0, 41.0, 75.0 ], "windMode": [-1,-1,-1,-1], "windData": [0,0,1,1] },
						"up": { "texture": "#skin", "uv": [ 40.0, 73.0, 41.0, 74.0 ], "rotation": 90 },
						"down": { "texture": "#skin", "uv": [ 40.0, 75.0, 41.0, 76.0 ], "rotation": 90 }
					},
					"children": [
						{
							"name": "L antler base 2",
							"from": [ 0.1, 1.2, 0.1 ],
							"to": [ 1.1, 3.2, 1.1 ],
							"unwrapMode": 4,
							"uv": [ 39.0, 70.5 ],
							"rotationOrigin": [ 0.1, 1.2, 0.1 ],
							"rotationX": 11.0,
							"rotationZ": -10.0,
							"faces": {
								"north": { "texture": "#skin", "uv": [ 39.0, 71.5, 40.0, 73.5 ] },
								"east": { "texture": "#skin", "uv": [ 42.0, 71.5, 43.0, 73.5 ] },
								"south": { "texture": "#skin", "uv": [ 41.0, 71.5, 42.0, 73.5 ] },
								"west": { "texture": "#skin", "uv": [ 40.0, 71.5, 41.0, 73.5 ] },
								"up": { "texture": "#skin", "uv": [ 40.0, 70.5, 41.0, 71.5 ], "rotation": 90 },
								"down": { "texture": "#skin", "uv": [ 40.0, 73.5, 41.0, 74.5 ], "rotation": 90 }
							},
							"children": [
								{
									"name": "L antler base 3",
									"from": [ 0.1, 2.0, 0.1 ],
									"to": [ 1.0, 4.5, 1.0 ],
									"unwrapMode": 1,
									"uv": [ 39.0, 68.5 ],
									"rotationOrigin": [ 1.0, 2.0, 0.1 ],
									"rotationX": 30.0,
									"rotationZ": 35.0,
									"faces": {
										"north": { "texture": "#skin", "uv": [ 39.5, 69.0, 40.0, 71.5 ] },
										"east": { "texture": "#skin", "uv": [ 39.0, 69.0, 39.5, 71.5 ] },
										"south": { "texture": "#skin", "uv": [ 40.5, 69.0, 41.0, 71.5 ] },
										"west": { "texture": "#skin", "uv": [ 40.0, 69.0, 40.5, 71.5 ] },
										"up": { "texture": "#skin", "uv": [ 39.5, 68.5, 40.0, 69.0 ], "rotation": 180 },
										"down": { "texture": "#skin", "uv": [ 39.5, 71.5, 40.0, 72.0 ] }
									},
									"children": [
										{
											"name": "L antler base 4",
											"from": [ 0.0, 2.6, 0.1 ],
											"to": [ 0.8, 4.6, 0.9 ],
											"unwrapMode": 1,
											"uv": [ 41.0, 66.0 ],
											"rotationOrigin": [ 0.8, 2.6, 0.1 ],
											"rotationX": 15.0,
											"rotationY": 8.0,
											"rotationZ": 30.0,
											"faces": {
												"north": { "texture": "#skin", "uv": [ 41.5, 66.5, 42.0, 68.5 ] },
												"east": { "texture": "#skin", "uv": [ 41.0, 66.5, 41.5, 68.5 ] },
												"south": { "texture": "#skin", "uv": [ 42.5, 66.5, 43.0, 68.5 ] },
												"west": { "texture": "#skin", "uv": [ 42.0, 66.5, 42.5, 68.5 ] },
												"up": { "texture": "#skin", "uv": [ 41.5, 66.0, 42.0, 66.5 ], "rotation": 180 },
												"down": { "texture": "#skin", "uv": [ 41.5, 68.5, 42.0, 69.0 ] }
											},
											"children": [
												{
													"name": "L antler base 5",
													"from": [ 0.1, 1.9, 0.1 ],
													"to": [ 0.8, 3.9, 0.8 ],
													"unwrapMode": 1,
													"uv": [ 41.0, 63.5 ],
													"rotationOrigin": [ 0.8, 1.9, 0.1 ],
													"rotationX": -10.0,
													"rotationZ": 25.0,
													"faces": {
														"north": { "texture": "#skin", "uv": [ 41.5, 64.0, 42.0, 66.0 ] },
														"east": { "texture": "#skin", "uv": [ 41.0, 64.0, 41.5, 66.0 ] },
														"south": { "texture": "#skin", "uv": [ 42.5, 64.0, 43.0, 66.0 ] },
														"west": { "texture": "#skin", "uv": [ 42.0, 64.0, 42.5, 66.0 ] },
														"up": { "texture": "#skin", "uv": [ 41.5, 63.5, 42.0, 64.0 ], "rotation": 180 },
														"down": { "texture": "#skin", "uv": [ 41.5, 66.0, 42.0, 66.5 ] }
													},
													"children": [
														{
															"name": "L antler base 6",
															"from": [ 0.1, 1.8, 0.0 ],
															"to": [ 0.7, 4.3, 0.6 ],
															"unwrapMode": 1,
															"uv": [ 41.0, 61.0 ],
															"rotationOrigin": [ 0.7, 1.8, 0.0 ],
															"rotationX": -20.0,
															"rotationZ": 5.0,
															"faces": {
																"north": { "texture": "#skin", "uv": [ 41.5, 61.5, 42.0, 64.0 ] },
																"east": { "texture": "#skin", "uv": [ 41.0, 61.5, 41.5, 64.0 ] },
																"south": { "texture": "#skin", "uv": [ 42.5, 61.5, 43.0, 64.0 ] },
																"west": { "texture": "#skin", "uv": [ 42.0, 61.5, 42.5, 64.0 ] },
																"up": { "texture": "#skin", "uv": [ 41.5, 61.0, 42.0, 61.5 ], "rotation": 180 },
																"down": { "texture": "#skin", "uv": [ 41.5, 64.0, 42.0, 64.5 ] }
															},
															"children": [
																{
																	"name": "L antler base 7",
																	"from": [ 0.1, 2.3, 0.15 ],
																	"to": [ 0.5, 4.8, 0.55 ],
																	"unwrapMode": 1,
																	"uv": [ 41.0, 56.5 ],
																	"rotationOrigin": [ 0.5, 2.3, 0.1 ],
																	"rotationX": -20.0,
																	"rotationZ": 5.0,
																	"faces": {
																		"north": { "texture": "#skin", "uv": [ 41.5, 57.0, 42.0, 59.5 ] },
																		"east": { "texture": "#skin", "uv": [ 41.0, 57.0, 41.5, 59.5 ] },
																		"south": { "texture": "#skin", "uv": [ 42.5, 57.0, 43.0, 59.5 ] },
																		"west": { "texture": "#skin", "uv": [ 42.0, 57.0, 42.5, 59.5 ] },
																		"up": { "texture": "#skin", "uv": [ 41.5, 56.5, 42.0, 57.0 ], "rotation": 180 },
																		"down": { "texture": "#skin", "uv": [ 41.5, 59.5, 42.0, 60.0 ] }
																	}
																}
															]
														}
													]
												},
												{
													"name": "L antler point 2",
													"from": [ 0.1, -0.2, 0.2 ],
													"to": [ 0.6, 1.8, 0.7 ],
													"unwrapMode": 2,
													"uv": [ 41.0, 49.0 ],
													"rotationOrigin": [ 0.6, -0.2, 0.2 ],
													"rotationX": -90.0,
													"rotationZ": 20.0,
													"faces": {
														"north": { "texture": "#skin", "uv": [ 42.0, 49.5, 42.5, 51.5 ] },
														"east": { "texture": "#skin", "uv": [ 41.5, 49.5, 42.0, 51.5 ] },
														"south": { "texture": "#skin", "uv": [ 41.0, 49.5, 41.5, 51.5 ] },
														"west": { "texture": "#skin", "uv": [ 42.5, 49.5, 43.0, 51.5 ] },
														"up": { "texture": "#skin", "uv": [ 41.5, 49.0, 42.0, 49.5 ], "rotation": 270 },
														"down": { "texture": "#skin", "uv": [ 41.5, 51.5, 42.0, 52.0 ], "rotation": 270 }
													},
													"children": [
														{
															"name": "L antler point 2B",
															"from": [ 0.05, 2.0, 0.05 ],
															"to": [ 0.45, 4.0, 0.45 ],
															"unwrapMode": 2,
															"uv": [ 41.0, 47.0 ],
															"rotationOrigin": [ 0.45, 2.0, 0.05 ],
															"rotationX": 15.0,
															"rotationZ": 15.0,
															"faces": {
																"north": { "texture": "#skin", "uv": [ 42.0, 47.5, 42.5, 49.5 ] },
																"east": { "texture": "#skin", "uv": [ 41.5, 47.5, 42.0, 49.5 ] },
																"south": { "texture": "#skin", "uv": [ 41.0, 47.5, 41.5, 49.5 ] },
																"west": { "texture": "#skin", "uv": [ 42.5, 47.5, 43.0, 49.5 ] },
																"up": { "texture": "#skin", "uv": [ 41.5, 47.0, 42.0, 47.5 ], "rotation": 270 }
															}
														}
													]
												},
												{
													"name": "L antler point 3",
													"from": [ 0.1, 2.0, 0.1 ],
													"to": [ 0.8, 4.5, 0.8 ],
													"unwrapMode": 1,
													"uv": [ 41.0, 63.5 ],
													"rotationOrigin": [ 0.8, 2.0, 0.1 ],
													"rotationX": -95.0,
													"rotationY": -15.0,
													"rotationZ": 25.0,
													"faces": {
														"north": { "texture": "#skin", "uv": [ 41.5, 64.0, 42.0, 66.5 ] },
														"east": { "texture": "#skin", "uv": [ 41.0, 64.0, 41.5, 66.5 ] },
														"south": { "texture": "#skin", "uv": [ 42.5, 64.0, 43.0, 66.5 ] },
														"west": { "texture": "#skin", "uv": [ 42.0, 64.0, 42.5, 66.5 ] },
														"up": { "texture": "#skin", "uv": [ 41.5, 63.5, 42.0, 64.0 ], "rotation": 180 },
														"down": { "texture": "#skin", "uv": [ 41.5, 66.5, 42.0, 67.0 ] }
													},
													"children": [
														{
															"name": "L antler point 3B",
															"from": [ 0.1, 2.3, 0.0 ],
															"to": [ 0.7, 4.8, 0.6 ],
															"unwrapMode": 1,
															"uv": [ 41.0, 61.0 ],
															"rotationOrigin": [ 0.7, 2.3, 0.0 ],
															"rotationX": 20.0,
															"rotationZ": 5.0,
															"faces": {
																"north": { "texture": "#skin", "uv": [ 41.5, 61.5, 42.0, 64.0 ] },
																"east": { "texture": "#skin", "uv": [ 41.0, 61.5, 41.5, 64.0 ] },
																"south": { "texture": "#skin", "uv": [ 42.5, 61.5, 43.0, 64.0 ] },
																"west": { "texture": "#skin", "uv": [ 42.0, 61.5, 42.5, 64.0 ] },
																"up": { "texture": "#skin", "uv": [ 41.5, 61.0, 42.0, 61.5 ], "rotation": 180 },
																"down": { "texture": "#skin", "uv": [ 41.5, 64.0, 42.0, 64.5 ] }
															},
															"children": [
																{
																	"name": "L antler point 3C",
																	"from": [ 0.1, 2.3, 0.15 ],
																	"to": [ 0.5, 4.8, 0.55 ],
																	"unwrapMode": 1,
																	"uv": [ 41.0, 56.5 ],
																	"rotationOrigin": [ 0.5, 2.3, 0.1 ],
																	"rotationX": 15.0,
																	"rotationZ": 5.0,
																	"faces": {
																		"north": { "texture": "#skin", "uv": [ 41.5, 57.0, 42.0, 59.5 ] },
																		"east": { "texture": "#skin", "uv": [ 41.0, 57.0, 41.5, 59.5 ] },
																		"south": { "texture": "#skin", "uv": [ 42.5, 57.0, 43.0, 59.5 ] },
																		"west": { "texture": "#skin", "uv": [ 42.0, 57.0, 42.5, 59.5 ] },
																		"up": { "texture": "#skin", "uv": [ 41.5, 56.5, 42.0, 57.0 ], "rotation": 180 },
																		"down": { "texture": "#skin", "uv": [ 41.5, 59.5, 42.0, 60.0 ] }
																	}
																}
															]
														}
													]
												}
											]
										}
									]
								},
								{
									"name": "L antler point 1",
									"from": [ 0.1, 2.0, 0.0 ],
									"to": [ 0.6, 4.5, 0.5 ],
									"unwrapMode": 3,
									"uv": [ 41.0, 44.5 ],
									"rotationOrigin": [ 0.6, 2.0, 0.0 ],
									"rotationX": -45.0,
									"rotationZ": 25.0,
									"faces": {
										"north": { "texture": "#skin", "uv": [ 42.5, 45.0, 43.0, 47.5 ] },
										"east": { "texture": "#skin", "uv": [ 42.0, 45.0, 42.5, 47.5 ] },
										"south": { "texture": "#skin", "uv": [ 41.5, 45.0, 42.0, 47.5 ] },
										"west": { "texture": "#skin", "uv": [ 41.0, 45.0, 41.5, 47.5 ] },
										"up": { "texture": "#skin", "uv": [ 41.5, 44.5, 42.0, 45.0 ] }
									}
								}
							]
						}
					]
				}
			]
		}
	],
	"animations": [
	]
}