[
	{
		"file": "compatibility/vanvar/recipes/grid/crude-advanced-vv.json",
		"op": "addmerge",
		"path": "/-",
		"value": {
			"name": "Crude door (Advanced)",
			"ingredientPattern": "R_,CD,R_",
			"ingredients": {
				"C": { "type": "item", "code": "primitivesurvival:cordage" },
				"D": { "type": "block", "code": "vanvar:door-crude-*", "name": "wuud" },
				"R": { "type": "item", "code": "primitivesurvival:cordage", "quantity": 2 }
			},
			"width": 2,
			"height": 3,
			"output": { "type": "block", "code": "door-crude-advanced-{wuud}" }
		},
		"dependsOn": [ { "modid": "primitivesurvival" } ],
		"side": "server"
	}
]