{
	"editor": {
		"allAngles": false,
		"entityTextureMode": true
	},
	"textureWidth": 32,
	"textureHeight": 32,
	"textureSizes": {
		"seraph.010": [128,128],
		"seraph": [32,32]
	},
	"textures": {
		"seraph": "entity/humanoid/seraph-naked"
	},
	"elements": [
		{
			"name": "hidehat",
			"stepParentName": "Head",
			"from": [ 0.0, 0.0, 0.0 ],
			"to": [ 5.5, 5.0, 5.0 ],
			"uv": [ 999.0, 999.0 ],
			"faces": {
			},
			"children": [
				{
					"name": "L ears 3.025",
					"from": [ 3.2281, 2.905, 6.1526 ],
					"to": [ 4.6897, 3.4712, 6.5167 ],
					"uv": [ 13.75, 5.75 ],
					"rotationOrigin": [ 3.9588, 3.188, 6.3347 ],
					"rotationX": 43.0204,
					"rotationY": -17.8663,
					"rotationZ": 14.3033,
					"faces": {
						"north": { "texture": "#seraph", "uv": [ 13.75, 6.0, 15.0, 6.5 ] },
						"east": { "texture": "#seraph", "uv": [ 15.0, 6.0, 15.25, 6.5 ] },
						"south": { "texture": "#seraph", "uv": [ 15.25, 6.0, 16.5, 6.5 ] },
						"west": { "texture": "#seraph", "uv": [ 16.5, 6.0, 16.75, 6.5 ] },
						"up": { "texture": "#seraph", "uv": [ 13.75, 5.75, 15.0, 6.0 ] },
						"down": { "texture": "#seraph", "uv": [ 15.0, 5.75, 16.25, 6.0 ] }
					}
				},
				{
					"name": "L ears 3.026",
					"from": [ 1.6371, 2.8169, 5.1592 ],
					"to": [ 2.9354, 3.3831, 5.5376 ],
					"uv": [ 16.25, 5.5 ],
					"rotationOrigin": [ 2.2862, 3.0999, 5.3484 ],
					"rotationX": 37.7136,
					"rotationY": -6.3715,
					"rotationZ": 15.7777,
					"faces": {
						"north": { "texture": "#seraph", "uv": [ 16.25, 5.75, 17.5, 6.25 ] },
						"east": { "texture": "#seraph", "uv": [ 17.5, 5.75, 17.75, 6.25 ] },
						"south": { "texture": "#seraph", "uv": [ 17.75, 5.75, 19.0, 6.25 ] },
						"west": { "texture": "#seraph", "uv": [ 19.0, 5.75, 19.25, 6.25 ] },
						"up": { "texture": "#seraph", "uv": [ 16.25, 5.5, 17.5, 5.75 ] },
						"down": { "texture": "#seraph", "uv": [ 17.5, 5.5, 18.75, 5.75 ] }
					}
				},
				{
					"name": "L ears 3.027",
					"from": [ 2.7074, 2.9127, 5.6245 ],
					"to": [ 3.5667, 3.4789, 6.0029 ],
					"uv": [ 14.5, 5.5 ],
					"rotationOrigin": [ 3.137, 3.1957, 5.8137 ],
					"rotationX": 55.4475,
					"rotationY": -30.4054,
					"rotationZ": 41.7652,
					"faces": {
						"north": { "texture": "#seraph", "uv": [ 14.5, 5.75, 15.25, 6.25 ] },
						"east": { "texture": "#seraph", "uv": [ 15.25, 5.75, 15.5, 6.25 ] },
						"south": { "texture": "#seraph", "uv": [ 15.5, 5.75, 16.25, 6.25 ] },
						"west": { "texture": "#seraph", "uv": [ 16.25, 5.75, 16.5, 6.25 ] },
						"up": { "texture": "#seraph", "uv": [ 14.5, 5.5, 15.25, 5.75 ] },
						"down": { "texture": "#seraph", "uv": [ 15.25, 5.5, 16.0, 5.75 ] }
					}
				},
				{
					"name": "L ears 3.028",
					"from": [ 0.9197, 2.4442, 4.9531 ],
					"to": [ 1.9532, 3.0104, 5.284 ],
					"uv": [ 14.5, 5.75 ],
					"rotationOrigin": [ 1.4364, 2.7272, 5.1186 ],
					"rotationX": 28.4951,
					"rotationY": 13.1775,
					"rotationZ": 42.5629,
					"faces": {
						"north": { "texture": "#seraph", "uv": [ 14.5, 6.0, 15.5, 6.5 ] },
						"east": { "texture": "#seraph", "uv": [ 15.5, 6.0, 15.75, 6.5 ] },
						"south": { "texture": "#seraph", "uv": [ 15.75, 6.0, 16.75, 6.5 ] },
						"west": { "texture": "#seraph", "uv": [ 16.75, 6.0, 17.0, 6.5 ] },
						"up": { "texture": "#seraph", "uv": [ 14.5, 5.75, 15.5, 6.0 ] },
						"down": { "texture": "#seraph", "uv": [ 15.5, 5.75, 16.5, 6.0 ] }
					}
				},
				{
					"name": "L ears 3.029",
					"from": [ 2.1386, 2.487, 5.2769 ],
					"to": [ 3.1721, 2.8365, 5.6553 ],
					"uv": [ 15.0, 6.0 ],
					"rotationOrigin": [ 2.6553, 2.6617, 5.4661 ],
					"rotationX": -58.0251,
					"rotationY": 34.0755,
					"rotationZ": 138.2031,
					"faces": {
						"north": { "texture": "#seraph", "uv": [ 15.0, 6.25, 16.0, 6.5 ] },
						"east": { "texture": "#seraph", "uv": [ 16.0, 6.25, 16.25, 6.5 ] },
						"south": { "texture": "#seraph", "uv": [ 16.25, 6.25, 17.25, 6.5 ] },
						"west": { "texture": "#seraph", "uv": [ 17.25, 6.25, 17.5, 6.5 ] },
						"up": { "texture": "#seraph", "uv": [ 15.0, 6.0, 16.0, 6.25 ] },
						"down": { "texture": "#seraph", "uv": [ 16.0, 6.0, 17.0, 6.25 ] }
					}
				},
				{
					"name": "L ears 3.030",
					"from": [ 2.084, 2.0138, 5.2225 ],
					"to": [ 3.1175, 2.3633, 5.6009 ],
					"uv": [ 14.5, 5.0 ],
					"rotationOrigin": [ 2.6007, 2.1885, 5.4117 ],
					"rotationX": 34.8321,
					"rotationY": 56.3057,
					"rotationZ": 59.0261,
					"faces": {
						"north": { "texture": "#seraph", "uv": [ 14.5, 5.25, 15.5, 5.5 ] },
						"east": { "texture": "#seraph", "uv": [ 15.5, 5.25, 15.75, 5.5 ] },
						"south": { "texture": "#seraph", "uv": [ 15.75, 5.25, 16.75, 5.5 ] },
						"west": { "texture": "#seraph", "uv": [ 16.75, 5.25, 17.0, 5.5 ] },
						"up": { "texture": "#seraph", "uv": [ 14.5, 5.0, 15.5, 5.25 ] },
						"down": { "texture": "#seraph", "uv": [ 15.5, 5.0, 16.5, 5.25 ] }
					}
				},
				{
					"name": "L ears 3.031",
					"from": [ 1.1631, 1.268, 4.7379 ],
					"to": [ 1.9119, 1.6483, 5.1163 ],
					"uv": [ 14.5, 6.25 ],
					"rotationOrigin": [ 1.5375, 1.4581, 4.9271 ],
					"rotationX": 119.3567,
					"rotationY": 114.3688,
					"rotationZ": 17.8367,
					"faces": {
						"north": { "texture": "#seraph", "uv": [ 14.5, 6.5, 15.0, 6.75 ] },
						"east": { "texture": "#seraph", "uv": [ 15.0, 6.5, 15.25, 6.75 ] },
						"south": { "texture": "#seraph", "uv": [ 15.25, 6.5, 15.75, 6.75 ] },
						"west": { "texture": "#seraph", "uv": [ 15.75, 6.5, 16.0, 6.75 ] },
						"up": { "texture": "#seraph", "uv": [ 14.5, 6.25, 15.0, 6.5 ] },
						"down": { "texture": "#seraph", "uv": [ 15.0, 6.25, 15.5, 6.5 ] }
					}
				},
				{
					"name": "L ears 3.032",
					"from": [ 1.4513, 1.0696, 4.9631 ],
					"to": [ 2.7174, 1.4432, 5.3449 ],
					"uv": [ 16.0, 6.0 ],
					"rotationOrigin": [ 2.0843, 1.2563, 5.154 ],
					"rotationX": 176.3297,
					"rotationY": 18.8118,
					"rotationZ": 2.5532,
					"faces": {
						"north": { "texture": "#seraph", "uv": [ 16.0, 6.25, 17.25, 6.5 ] },
						"east": { "texture": "#seraph", "uv": [ 17.25, 6.25, 17.5, 6.5 ] },
						"south": { "texture": "#seraph", "uv": [ 17.5, 6.25, 18.75, 6.5 ] },
						"west": { "texture": "#seraph", "uv": [ 18.75, 6.25, 19.0, 6.5 ] },
						"up": { "texture": "#seraph", "uv": [ 16.0, 6.0, 17.25, 6.25 ] },
						"down": { "texture": "#seraph", "uv": [ 17.25, 6.0, 18.5, 6.25 ] }
					}
				},
				{
					"name": "L ears 3.033",
					"from": [ 2.2354, 1.5854, 5.4482 ],
					"to": [ 3.7986, 1.959, 5.83 ],
					"uv": [ 14.25, 5.25 ],
					"rotationOrigin": [ 3.0169, 1.7721, 5.6391 ],
					"rotationX": -174.3668,
					"rotationY": 30.0666,
					"rotationZ": -50.007,
					"faces": {
						"north": { "texture": "#seraph", "uv": [ 14.25, 5.5, 15.75, 5.75 ] },
						"east": { "texture": "#seraph", "uv": [ 15.75, 5.5, 16.0, 5.75 ] },
						"south": { "texture": "#seraph", "uv": [ 16.0, 5.5, 17.5, 5.75 ] },
						"west": { "texture": "#seraph", "uv": [ 17.5, 5.5, 17.75, 5.75 ] },
						"up": { "texture": "#seraph", "uv": [ 14.25, 5.25, 15.75, 5.5 ] },
						"down": { "texture": "#seraph", "uv": [ 15.75, 5.25, 17.25, 5.5 ] }
					}
				},
				{
					"name": "L ears 3.034",
					"from": [ 3.2468, 2.4734, 6.05 ],
					"to": [ 4.81, 2.847, 6.4318 ],
					"uv": [ 15.75, 6.25 ],
					"rotationOrigin": [ 4.0283, 2.6602, 6.2409 ],
					"rotationX": 177.0901,
					"rotationY": 28.0859,
					"rotationZ": -26.9773,
					"faces": {
						"north": { "texture": "#seraph", "uv": [ 15.75, 6.5, 17.25, 6.75 ] },
						"east": { "texture": "#seraph", "uv": [ 17.25, 6.5, 17.5, 6.75 ] },
						"south": { "texture": "#seraph", "uv": [ 17.5, 6.5, 19.0, 6.75 ] },
						"west": { "texture": "#seraph", "uv": [ 19.0, 6.5, 19.25, 6.75 ] },
						"up": { "texture": "#seraph", "uv": [ 15.75, 6.25, 17.25, 6.5 ] },
						"down": { "texture": "#seraph", "uv": [ 17.25, 6.25, 18.75, 6.5 ] }
					}
				},
				{
					"name": "L ears 3.035",
					"from": [ 1.287, 2.1653, 4.8746 ],
					"to": [ 2.1249, 2.5149, 5.253 ],
					"uv": [ 15.5, 6.5 ],
					"rotationOrigin": [ 1.7059, 2.3401, 5.0638 ],
					"rotationX": -63.3481,
					"rotationY": 25.6813,
					"rotationZ": 161.7943,
					"faces": {
						"north": { "texture": "#seraph", "uv": [ 15.5, 6.75, 16.25, 7.0 ] },
						"east": { "texture": "#seraph", "uv": [ 16.25, 6.75, 16.5, 7.0 ] },
						"south": { "texture": "#seraph", "uv": [ 16.5, 6.75, 17.25, 7.0 ] },
						"west": { "texture": "#seraph", "uv": [ 17.25, 6.75, 17.5, 7.0 ] },
						"up": { "texture": "#seraph", "uv": [ 15.5, 6.5, 16.25, 6.75 ] },
						"down": { "texture": "#seraph", "uv": [ 16.25, 6.5, 17.0, 6.75 ] }
					}
				},
				{
					"name": "L ears 3.036",
					"from": [ 1.3567, 1.2868, 4.9311 ],
					"to": [ 2.6228, 2.8602, 5.0846 ],
					"uv": [ 15.5, 5.5 ],
					"rotationOrigin": [ 1.9897, 2.0732, 5.0079 ],
					"rotationX": 5.2439,
					"rotationY": -19.0241,
					"rotationZ": 15.4996,
					"faces": {
						"north": { "texture": "#seraph", "uv": [ 15.5, 5.75, 16.75, 7.25 ] },
						"east": { "texture": "#seraph", "uv": [ 16.75, 5.75, 17.0, 7.25 ] },
						"south": { "texture": "#seraph", "uv": [ 17.0, 5.75, 18.25, 7.25 ] },
						"west": { "texture": "#seraph", "uv": [ 18.25, 5.75, 18.5, 7.25 ] },
						"up": { "texture": "#seraph", "uv": [ 15.5, 5.5, 16.75, 5.75 ] },
						"down": { "texture": "#seraph", "uv": [ 16.75, 5.5, 18.0, 5.75 ] }
					}
				},
				{
					"name": "L ears 3.037",
					"from": [ 2.2541, 1.7396, 5.3581 ],
					"to": [ 3.5202, 2.9344, 5.4922 ],
					"uv": [ 14.0, 5.0 ],
					"rotationOrigin": [ 2.8871, 2.3368, 5.4252 ],
					"rotationX": 4.0138,
					"rotationY": -31.0406,
					"rotationZ": 33.3276,
					"faces": {
						"north": { "texture": "#seraph", "uv": [ 14.0, 5.25, 15.25, 6.25 ] },
						"east": { "texture": "#seraph", "uv": [ 15.25, 5.25, 15.5, 6.25 ] },
						"south": { "texture": "#seraph", "uv": [ 15.5, 5.25, 16.75, 6.25 ] },
						"west": { "texture": "#seraph", "uv": [ 16.75, 5.25, 17.0, 6.25 ] },
						"up": { "texture": "#seraph", "uv": [ 14.0, 5.0, 15.25, 5.25 ] },
						"down": { "texture": "#seraph", "uv": [ 15.25, 5.0, 16.5, 5.25 ] }
					}
				},
				{
					"name": "L ears 3.038",
					"from": [ 3.0793, 2.4807, 5.9371 ],
					"to": [ 4.3455, 3.1935, 6.0713 ],
					"uv": [ 15.75, 6.5 ],
					"rotationOrigin": [ 3.7123, 2.837, 6.0042 ],
					"rotationX": 5.6306,
					"rotationY": -32.8742,
					"rotationZ": 20.9823,
					"faces": {
						"north": { "texture": "#seraph", "uv": [ 15.75, 6.75, 17.0, 7.25 ] },
						"east": { "texture": "#seraph", "uv": [ 17.0, 6.75, 17.25, 7.25 ] },
						"south": { "texture": "#seraph", "uv": [ 17.25, 6.75, 18.5, 7.25 ] },
						"west": { "texture": "#seraph", "uv": [ 18.5, 6.75, 18.75, 7.25 ] },
						"up": { "texture": "#seraph", "uv": [ 15.75, 6.5, 17.0, 6.75 ] },
						"down": { "texture": "#seraph", "uv": [ 17.0, 6.5, 18.25, 6.75 ] }
					}
				},
				{
					"name": "L ears 3.039",
					"from": [ 3.2281, 2.905, -1.5167 ],
					"to": [ 4.6897, 3.4712, -1.1526 ],
					"uv": [ 15.5, 6.0 ],
					"rotationOrigin": [ 3.9588, 3.188, -1.3347 ],
					"rotationX": -43.0204,
					"rotationY": 17.8663,
					"rotationZ": -165.6967,
					"faces": {
						"north": { "texture": "#seraph", "uv": [ 15.5, 6.25, 16.75, 6.75 ] },
						"east": { "texture": "#seraph", "uv": [ 16.75, 6.25, 17.0, 6.75 ] },
						"south": { "texture": "#seraph", "uv": [ 17.0, 6.25, 18.25, 6.75 ] },
						"west": { "texture": "#seraph", "uv": [ 18.25, 6.25, 18.5, 6.75 ] },
						"up": { "texture": "#seraph", "uv": [ 15.5, 6.0, 16.75, 6.25 ], "rotation": 180 },
						"down": { "texture": "#seraph", "uv": [ 16.75, 6.0, 18.0, 6.25 ], "rotation": 180 }
					}
				},
				{
					"name": "L ears 3.040",
					"from": [ 1.6371, 2.8169, -0.5376 ],
					"to": [ 2.9354, 3.3831, -0.1592 ],
					"uv": [ 15.25, 6.0 ],
					"rotationOrigin": [ 2.2862, 3.0999, -0.3484 ],
					"rotationX": -37.7136,
					"rotationY": 6.3715,
					"rotationZ": -164.2223,
					"faces": {
						"north": { "texture": "#seraph", "uv": [ 15.25, 6.25, 16.5, 6.75 ] },
						"east": { "texture": "#seraph", "uv": [ 16.5, 6.25, 16.75, 6.75 ] },
						"south": { "texture": "#seraph", "uv": [ 16.75, 6.25, 18.0, 6.75 ] },
						"west": { "texture": "#seraph", "uv": [ 18.0, 6.25, 18.25, 6.75 ] },
						"up": { "texture": "#seraph", "uv": [ 15.25, 6.0, 16.5, 6.25 ], "rotation": 180 },
						"down": { "texture": "#seraph", "uv": [ 16.5, 6.0, 17.75, 6.25 ], "rotation": 180 }
					}
				},
				{
					"name": "L ears 3.041",
					"from": [ 2.7074, 2.9127, -1.0029 ],
					"to": [ 3.5667, 3.4789, -0.6245 ],
					"uv": [ 14.25, 6.0 ],
					"rotationOrigin": [ 3.137, 3.1957, -0.8137 ],
					"rotationX": -55.4475,
					"rotationY": 30.4054,
					"rotationZ": -138.2348,
					"faces": {
						"north": { "texture": "#seraph", "uv": [ 14.25, 6.25, 15.0, 6.75 ] },
						"east": { "texture": "#seraph", "uv": [ 15.0, 6.25, 15.25, 6.75 ] },
						"south": { "texture": "#seraph", "uv": [ 15.25, 6.25, 16.0, 6.75 ] },
						"west": { "texture": "#seraph", "uv": [ 16.0, 6.25, 16.25, 6.75 ] },
						"up": { "texture": "#seraph", "uv": [ 14.25, 6.0, 15.0, 6.25 ], "rotation": 180 },
						"down": { "texture": "#seraph", "uv": [ 15.0, 6.0, 15.75, 6.25 ], "rotation": 180 }
					}
				},
				{
					"name": "L ears 3.042",
					"from": [ 0.9197, 2.4442, -0.284 ],
					"to": [ 1.9532, 3.0104, 0.0469 ],
					"uv": [ 16.5, 6.5 ],
					"rotationOrigin": [ 1.4364, 2.7272, -0.1186 ],
					"rotationX": -28.4951,
					"rotationY": -13.1775,
					"rotationZ": -137.4371,
					"faces": {
						"north": { "texture": "#seraph", "uv": [ 16.5, 6.75, 17.5, 7.25 ] },
						"east": { "texture": "#seraph", "uv": [ 17.5, 6.75, 17.75, 7.25 ] },
						"south": { "texture": "#seraph", "uv": [ 17.75, 6.75, 18.75, 7.25 ] },
						"west": { "texture": "#seraph", "uv": [ 18.75, 6.75, 19.0, 7.25 ] },
						"up": { "texture": "#seraph", "uv": [ 16.5, 6.5, 17.5, 7.0 ], "rotation": 180 },
						"down": { "texture": "#seraph", "uv": [ 17.5, 6.5, 18.5, 7.0 ], "rotation": 180 }
					}
				},
				{
					"name": "L ears 3.043",
					"from": [ 2.1386, 2.487, -0.6553 ],
					"to": [ 3.1721, 2.8365, -0.2769 ],
					"uv": [ 15.0, 6.0 ],
					"rotationOrigin": [ 2.6553, 2.6617, -0.4661 ],
					"rotationX": 58.0251,
					"rotationY": -34.0755,
					"rotationZ": -41.797,
					"faces": {
						"north": { "texture": "#seraph", "uv": [ 15.0, 6.25, 16.0, 6.5 ] },
						"east": { "texture": "#seraph", "uv": [ 16.0, 6.25, 16.25, 6.5 ] },
						"south": { "texture": "#seraph", "uv": [ 16.25, 6.25, 17.25, 6.5 ] },
						"west": { "texture": "#seraph", "uv": [ 17.25, 6.25, 17.5, 6.5 ] },
						"up": { "texture": "#seraph", "uv": [ 15.0, 6.0, 16.0, 6.25 ], "rotation": 180 },
						"down": { "texture": "#seraph", "uv": [ 16.0, 6.0, 17.0, 6.25 ], "rotation": 180 }
					}
				},
				{
					"name": "L ears 3.044",
					"from": [ 2.084, 2.0138, -0.6009 ],
					"to": [ 3.1175, 2.3633, -0.2225 ],
					"uv": [ 15.25, 6.5 ],
					"rotationOrigin": [ 2.6007, 2.1885, -0.4117 ],
					"rotationX": -34.8321,
					"rotationY": -56.3057,
					"rotationZ": -120.9739,
					"faces": {
						"north": { "texture": "#seraph", "uv": [ 15.25, 6.75, 16.25, 7.0 ] },
						"east": { "texture": "#seraph", "uv": [ 16.25, 6.75, 16.5, 7.0 ] },
						"south": { "texture": "#seraph", "uv": [ 16.5, 6.75, 17.5, 7.0 ] },
						"west": { "texture": "#seraph", "uv": [ 17.5, 6.75, 17.75, 7.0 ] },
						"up": { "texture": "#seraph", "uv": [ 15.5, 6.5, 16.5, 7.0 ], "rotation": 180 },
						"down": { "texture": "#seraph", "uv": [ 16.5, 6.5, 17.5, 7.0 ], "rotation": 180 }
					}
				},
				{
					"name": "L ears 3.045",
					"from": [ 1.1631, 1.268, -0.1163 ],
					"to": [ 1.9119, 1.6483, 0.2621 ],
					"uv": [ 16.75, 6.25 ],
					"rotationOrigin": [ 1.5375, 1.4581, 0.0729 ],
					"rotationX": 60.6432,
					"rotationY": -65.6312,
					"rotationZ": 17.8367,
					"faces": {
						"north": { "texture": "#seraph", "uv": [ 16.75, 6.5, 17.25, 6.75 ] },
						"east": { "texture": "#seraph", "uv": [ 17.25, 6.5, 17.5, 6.75 ] },
						"south": { "texture": "#seraph", "uv": [ 17.5, 6.5, 18.0, 6.75 ] },
						"west": { "texture": "#seraph", "uv": [ 18.0, 6.5, 18.25, 6.75 ] },
						"up": { "texture": "#seraph", "uv": [ 16.75, 6.25, 17.25, 6.5 ], "rotation": 180 },
						"down": { "texture": "#seraph", "uv": [ 17.25, 6.25, 17.75, 6.5 ], "rotation": 180 }
					}
				},
				{
					"name": "L ears 3.046",
					"from": [ 1.4513, 1.0696, -0.3449 ],
					"to": [ 2.7174, 1.4432, 0.0369 ],
					"uv": [ 14.75, 6.5 ],
					"rotationOrigin": [ 2.0843, 1.2563, -0.154 ],
					"rotationX": 3.6703,
					"rotationY": -161.1882,
					"rotationZ": 2.5532,
					"faces": {
						"north": { "texture": "#seraph", "uv": [ 14.75, 6.75, 16.0, 7.0 ] },
						"east": { "texture": "#seraph", "uv": [ 16.0, 6.75, 16.25, 7.0 ] },
						"south": { "texture": "#seraph", "uv": [ 16.25, 6.75, 17.5, 7.0 ] },
						"west": { "texture": "#seraph", "uv": [ 17.5, 6.75, 17.75, 7.0 ] },
						"up": { "texture": "#seraph", "uv": [ 15.0, 6.5, 16.0, 7.0 ], "rotation": 180 },
						"down": { "texture": "#seraph", "uv": [ 16.0, 6.5, 17.0, 7.0 ], "rotation": 180 }
					}
				},
				{
					"name": "L ears 3.047",
					"from": [ 2.2354, 1.5854, -0.83 ],
					"to": [ 3.7986, 1.959, -0.4482 ],
					"uv": [ 14.25, 6.25 ],
					"rotationOrigin": [ 3.0169, 1.7721, -0.6391 ],
					"rotationX": -5.6332,
					"rotationY": -149.9334,
					"rotationZ": -50.007,
					"faces": {
						"north": { "texture": "#seraph", "uv": [ 14.25, 6.5, 15.75, 6.75 ] },
						"east": { "texture": "#seraph", "uv": [ 15.75, 6.5, 16.0, 6.75 ] },
						"south": { "texture": "#seraph", "uv": [ 16.0, 6.5, 17.5, 6.75 ] },
						"west": { "texture": "#seraph", "uv": [ 17.5, 6.5, 17.75, 6.75 ] },
						"up": { "texture": "#seraph", "uv": [ 14.5, 6.5, 16.0, 7.0 ], "rotation": 180 },
						"down": { "texture": "#seraph", "uv": [ 16.0, 6.5, 17.5, 7.0 ], "rotation": 180 }
					}
				},
				{
					"name": "L ears 3.048",
					"from": [ 3.2468, 2.4734, -1.4318 ],
					"to": [ 4.81, 2.847, -1.05 ],
					"uv": [ 13.5, 6.0 ],
					"rotationOrigin": [ 4.0283, 2.6602, -1.2409 ],
					"rotationX": 2.9099,
					"rotationY": -151.9141,
					"rotationZ": -26.9773,
					"faces": {
						"north": { "texture": "#seraph", "uv": [ 13.5, 6.25, 15.0, 6.5 ] },
						"east": { "texture": "#seraph", "uv": [ 15.0, 6.25, 15.25, 6.5 ] },
						"south": { "texture": "#seraph", "uv": [ 15.25, 6.25, 16.75, 6.5 ] },
						"west": { "texture": "#seraph", "uv": [ 16.75, 6.25, 17.0, 6.5 ] },
						"up": { "texture": "#seraph", "uv": [ 13.5, 6.0, 15.0, 6.25 ], "rotation": 180 },
						"down": { "texture": "#seraph", "uv": [ 15.0, 6.0, 16.5, 6.25 ], "rotation": 180 }
					}
				},
				{
					"name": "L ears 3.049",
					"from": [ 1.287, 2.1653, -0.253 ],
					"to": [ 2.1249, 2.5149, 0.1254 ],
					"uv": [ 16.0, 6.5 ],
					"rotationOrigin": [ 1.7059, 2.3401, -0.0638 ],
					"rotationX": 63.3481,
					"rotationY": -25.6813,
					"rotationZ": -18.2057,
					"faces": {
						"north": { "texture": "#seraph", "uv": [ 16.0, 6.75, 16.75, 7.0 ] },
						"east": { "texture": "#seraph", "uv": [ 16.75, 6.75, 17.0, 7.0 ] },
						"south": { "texture": "#seraph", "uv": [ 17.0, 6.75, 17.75, 7.0 ] },
						"west": { "texture": "#seraph", "uv": [ 17.75, 6.75, 18.0, 7.0 ] },
						"up": { "texture": "#seraph", "uv": [ 16.0, 6.5, 16.5, 7.0 ], "rotation": 180 },
						"down": { "texture": "#seraph", "uv": [ 17.0, 6.5, 17.5, 7.0 ], "rotation": 180 }
					}
				},
				{
					"name": "L ears 3.050",
					"from": [ 1.3567, 1.2868, -0.0846 ],
					"to": [ 2.6228, 2.8602, 0.0689 ],
					"uv": [ 15.5, 5.25 ],
					"rotationOrigin": [ 1.9897, 2.0732, -0.0079 ],
					"rotationX": -5.2439,
					"rotationY": 19.0241,
					"rotationZ": -164.5004,
					"faces": {
						"north": { "texture": "#seraph", "uv": [ 15.5, 5.5, 16.75, 7.0 ] },
						"east": { "texture": "#seraph", "uv": [ 16.75, 5.5, 17.0, 7.0 ] },
						"south": { "texture": "#seraph", "uv": [ 17.0, 5.5, 18.25, 7.0 ] },
						"west": { "texture": "#seraph", "uv": [ 18.25, 5.5, 18.5, 7.0 ] },
						"up": { "texture": "#seraph", "uv": [ 15.5, 5.25, 16.75, 5.5 ], "rotation": 180 },
						"down": { "texture": "#seraph", "uv": [ 16.75, 5.25, 18.0, 5.5 ], "rotation": 180 }
					}
				},
				{
					"name": "L ears 3.051",
					"from": [ 2.2541, 1.7396, -0.4922 ],
					"to": [ 3.5202, 2.9344, -0.3581 ],
					"uv": [ 14.75, 6.25 ],
					"rotationOrigin": [ 2.8871, 2.3368, -0.4252 ],
					"rotationX": -4.0138,
					"rotationY": 31.0406,
					"rotationZ": -146.6725,
					"faces": {
						"north": { "texture": "#seraph", "uv": [ 14.75, 6.5, 16.0, 7.5 ] },
						"east": { "texture": "#seraph", "uv": [ 16.0, 6.5, 16.25, 7.5 ] },
						"south": { "texture": "#seraph", "uv": [ 16.25, 6.5, 17.5, 7.5 ] },
						"west": { "texture": "#seraph", "uv": [ 17.5, 6.5, 17.75, 7.5 ] },
						"up": { "texture": "#seraph", "uv": [ 15.0, 6.5, 16.0, 7.0 ], "rotation": 180 },
						"down": { "texture": "#seraph", "uv": [ 16.0, 6.5, 17.0, 7.0 ], "rotation": 180 }
					}
				},
				{
					"name": "L ears 3.052",
					"from": [ 3.0793, 2.4807, -1.0713 ],
					"to": [ 4.3455, 3.1935, -0.9371 ],
					"uv": [ 15.25, 6.25 ],
					"rotationOrigin": [ 3.7123, 2.837, -1.0042 ],
					"rotationX": -5.6306,
					"rotationY": 32.8742,
					"rotationZ": -159.0177,
					"faces": {
						"north": { "texture": "#seraph", "uv": [ 15.25, 6.5, 16.5, 7.0 ] },
						"east": { "texture": "#seraph", "uv": [ 16.5, 6.5, 16.75, 7.0 ] },
						"south": { "texture": "#seraph", "uv": [ 16.75, 6.5, 18.0, 7.0 ] },
						"west": { "texture": "#seraph", "uv": [ 18.0, 6.5, 18.25, 7.0 ] },
						"up": { "texture": "#seraph", "uv": [ 15.5, 6.5, 16.5, 7.0 ], "rotation": 180 },
						"down": { "texture": "#seraph", "uv": [ 16.5, 6.5, 17.5, 7.0 ], "rotation": 180 }
					}
				}
			],
			"attachmentpoints": [
				{
					"code": "Eyes.015",
					"posX": "1.6063003540039062","posY": "3.4234249591827393","posZ": "2.5",
					"rotationX": "0.0","rotationY": "-90.0","rotationZ": "0.0"
				}
			]
		}
	]}