{
  "textureWidth":16,
  "textureHeight":16,
  "textures":{
    "material":"game:block/metal/ingot/copper"
  },
  "textureSizes":{
    "material":[
      32,
      32
    ]
  },
  "elements":[
    {
      "name":"origin",
      "from":[
        10.79720687866211,
        0.5,
        8.21067351102829
      ],
      "to":[
        10.79720687866211,
        0.5,
        8.21067351102829
      ],
      "rotationOrigin":[
        8.0,
        0.0,
        8.0
      ],
      "group":"bone_metal_metalhead",
      "faces":{
        "north":{
          "texture":"#0",
          "uv":[
            0,
            0,
            4,
            4
          ],
          "autoUv":false
        },
        "east":{
          "texture":"#0",
          "uv":[
            0,
            0,
            4,
            4
          ],
          "autoUv":false
        },
        "south":{
          "texture":"#0",
          "uv":[
            0,
            0,
            4,
            4
          ],
          "autoUv":false
        },
        "west":{
          "texture":"#0",
          "uv":[
            0,
            0,
            4,
            4
          ],
          "autoUv":false
        },
        "up":{
          "texture":"#material",
          "uv":[
            0.0,
            0.0,
            1.0,
            1.0
          ],
          "autoUv":false,
          "rotation":180
        },
        "down":{
          "texture":"#0",
          "uv":[
            0,
            0,
            4,
            4
          ],
          "autoUv":false
        }
      },
      "children":[
        {
          "name":"metal 18.006",
          "from":[
            4.133396938443184,
            -0.7342343926429749,
            -0.44006095826625824
          ],
          "to":[
            4.491906180977821,
            1.2342341542243958,
            -0.08141820132732391
          ],
          "rotationOrigin":[
            4.312651634216309,
            0.24999988079071045,
            -0.26067274808883667
          ],
          "rotationY":-45.00000125223908,
          "group":"bone_metal_metalhead",
          "faces":{
            "north":{
              "texture":"#material",
              "uv":[
                19.0,
                12.0,
                20.0,
                15.0
              ],
              "autoUv":false
            },
            "east":{
              "texture":"#material",
              "uv":[
                16.0,
                11.000001907348633,
                17.0,
                14.000001907348633
              ],
              "autoUv":false
            },
            "south":{
              "texture":"#material",
              "uv":[
                18.0,
                9.0,
                19.0,
                12.0
              ],
              "autoUv":false
            },
            "west":{
              "texture":"#material",
              "uv":[
                17.0,
                11.0,
                16.0,
                14.0
              ],
              "autoUv":false
            },
            "up":{
              "texture":"#material",
              "uv":[
                17.0,
                12.0,
                16.0,
                13.0
              ],
              "autoUv":false,
              "rotation":90
            },
            "down":{
              "texture":"#material",
              "uv":[
                17.0,
                13.0,
                16.0,
                12.0
              ],
              "autoUv":false,
              "rotation":90
            }
          },
          "children":[]
        },
        {
          "name":"metal 18.007",
          "from":[
            -1.7198526198560327,
            -0.6411706805229187,
            -0.440060966683836
          ],
          "to":[
            -1.3613433604543896,
            0.6547181010246277,
            -0.08141819289381225
          ],
          "rotationOrigin":[
            -1.540597915649414,
            0.24999988079071045,
            -0.26067274808883667
          ],
          "rotationY":-45.00000125223908,
          "group":"bone_metal_metalhead",
          "faces":{
            "north":{
              "texture":"#material",
              "uv":[
                19.0,
                12.883197784423828,
                20.0,
                14.858169555664062
              ],
              "autoUv":false
            },
            "east":{
              "texture":"#material",
              "uv":[
                16.0,
                11.883199691772461,
                17.0,
                13.858171463012695
              ],
              "autoUv":false
            },
            "south":{
              "texture":"#material",
              "uv":[
                17.999998092651367,
                9.883199691772461,
                19.0,
                11.858169555664062
              ],
              "autoUv":false
            },
            "west":{
              "texture":"#material",
              "uv":[
                17.0,
                11.883199691772461,
                16.0,
                13.85816764831543
              ],
              "autoUv":false
            },
            "up":{
              "texture":"#material",
              "uv":[
                17.0,
                12.0,
                16.0,
                13.0
              ],
              "autoUv":false,
              "rotation":90
            },
            "down":{
              "texture":"#material",
              "uv":[
                17.0,
                13.0,
                16.0,
                12.0
              ],
              "autoUv":false,
              "rotation":90
            }
          },
          "children":[]
        },
        {
          "name":"metal 19.002",
          "from":[
            -2.9240825176239014,
            -0.5537963211536407,
            -0.815564751625061
          ],
          "to":[
            -0.09414619207382202,
            0.5673434436321259,
            0.2942191958427429
          ],
          "rotationOrigin":[
            -0.7283029556274414,
            -0.00541648268699646,
            -0.26067274808883667
          ],
          "rotationZ":-9.334666828389418e-06,
          "group":"bone_metal_metalhead",
          "faces":{
            "north":{
              "texture":"#material",
              "uv":[
                6.0,
                5.999996185302734,
                8.005674362182617,
                12.0
              ],
              "autoUv":false,
              "rotation":90
            },
            "east":{
              "texture":"#material",
              "uv":[
                6.0,
                4.0,
                7.982973098754883,
                5.999996185302734
              ],
              "autoUv":false,
              "rotation":180
            },
            "south":{
              "texture":"#material",
              "uv":[
                8.005674362182617,
                5.999996185302734,
                10.007566452026367,
                12.0
              ],
              "autoUv":false,
              "rotation":270
            },
            "west":{
              "texture":"#material",
              "uv":[
                8.005674362182617,
                4.0,
                9.984865188598633,
                5.999996185302734
              ],
              "autoUv":false,
              "rotation":180
            },
            "up":{
              "texture":"#material",
              "uv":[
                11.999999046325684,
                6.0,
                14.0,
                12.0
              ],
              "autoUv":false,
              "rotation":90
            },
            "down":{
              "texture":"#material",
              "uv":[
                12.000000953674316,
                12.0,
                10.007566452026367,
                6.0
              ],
              "autoUv":false,
              "rotation":90
            }
          },
          "children":[]
        },
        {
          "name":"unv_metal_metalhead1.002",
          "from":[
            4.009466886520386,
            0.03945854306221008,
            -1.0184841752052307
          ],
          "to":[
            5.484557390213013,
            0.36351463198661804,
            0.5933343768119812
          ],
          "rotationOrigin":[
            4.910867691040039,
            0.20148658752441406,
            -0.18061751127243042
          ],
          "rotationY":-5.19390593687536,
          "group":"bone_metal_metalhead",
          "faces":{
            "north":{
              "texture":"#material",
              "uv":[
                16.0,
                7.999998092651367,
                17.0,
                11.0
              ],
              "autoUv":false,
              "rotation":90
            },
            "east":{
              "texture":"#material",
              "uv":[
                14.000001907348633,
                7.999998092651367,
                15.0,
                11.0
              ],
              "autoUv":false,
              "rotation":90
            },
            "south":{
              "texture":"#material",
              "uv":[
                17.0,
                7.999998092651367,
                18.0,
                11.0
              ],
              "autoUv":false,
              "rotation":90
            },
            "west":{
              "texture":"#material",
              "uv":[
                15.0,
                7.999998092651367,
                16.0,
                11.0
              ],
              "autoUv":false,
              "rotation":90
            },
            "up":{
              "texture":"#material",
              "uv":[
                18.0,
                11.0,
                20.565082550048828,
                14.0
              ],
              "autoUv":false
            },
            "down":{
              "texture":"#material",
              "uv":[
                18.0,
                14.0,
                14.0,
                11.0
              ],
              "autoUv":false
            }
          },
          "children":[]
        }
      ]
    }
  ],
  "groups":[]
}