{
  "textureWidth":16,
  "textureHeight":16,
  "textures":{
    "material":"game:item/tool/material/string"
  },
  "textureSizes":{
    "material":[
      32,
      32
    ]
  },
  "elements":[
    {
      "name":"origin",
      "from":[
        10.79720687866211,
        0.5,
        8.21067351102829
      ],
      "to":[
        10.79720687866211,
        0.5,
        8.21067351102829
      ],
      "rotationOrigin":[
        8.0,
        0.0,
        8.0
      ],
      "group":"bone_string_stonehead",
      "faces":{
        "north":{
          "texture":"#0",
          "uv":[
            0,
            0,
            4,
            4
          ],
          "autoUv":false
        },
        "east":{
          "texture":"#0",
          "uv":[
            0,
            0,
            4,
            4
          ],
          "autoUv":false
        },
        "south":{
          "texture":"#0",
          "uv":[
            0,
            0,
            4,
            4
          ],
          "autoUv":false
        },
        "west":{
          "texture":"#0",
          "uv":[
            0,
            0,
            4,
            4
          ],
          "autoUv":false
        },
        "up":{
          "texture":"#material",
          "uv":[
            0.0,
            0.0,
            1.0,
            1.0
          ],
          "autoUv":false,
          "rotation":180
        },
        "down":{
          "texture":"#0",
          "uv":[
            0,
            0,
            4,
            4
          ],
          "autoUv":false
        }
      },
      "children":[
        {
          "name":"bone_string_stonehead 01",
          "from":[
            -4.535661622881889,
            -0.5880515575408936,
            -0.9411924481391907
          ],
          "to":[
            -4.149092748761177,
            0.8113770484924316,
            0.41287940740585327
          ],
          "rotationOrigin":[
            -4.342377185821533,
            0.11166274547576904,
            -0.2641565203666687
          ],
          "rotationY":-11.287323028005659,
          "group":"bone_string_stonehead",
          "faces":{
            "north":{
              "texture":"#material",
              "uv":[
                19.0,
                2.0,
                22.0,
                3.0
              ],
              "autoUv":false,
              "rotation":90
            },
            "east":{
              "texture":"#material",
              "uv":[
                0.9999998807907104,
                1.0,
                5.001025676727295,
                4.0
              ],
              "autoUv":false
            },
            "south":{
              "texture":"#material",
              "uv":[
                4.0,
                2.0,
                7.0,
                3.0
              ],
              "autoUv":false,
              "rotation":90
            },
            "west":{
              "texture":"#material",
              "uv":[
                6.0,
                6.0,
                10.0,
                9.0
              ],
              "autoUv":false
            },
            "up":{
              "texture":"#material",
              "uv":[
                0.9999998807907104,
                1.0,
                2.0,
                5.0
              ],
              "autoUv":false
            },
            "down":{
              "texture":"#material",
              "uv":[
                2.0,
                5.0,
                0.9999998807907104,
                1.0
              ],
              "autoUv":false,
              "rotation":180
            }
          },
          "children":[]
        },
        {
          "name":"bone_string_stonehead 02",
          "from":[
            -4.112297862768173,
            -0.6184142231941223,
            -0.8812355399131775
          ],
          "to":[
            -3.7524568140506744,
            0.8417397141456604,
            0.3437195420265198
          ],
          "rotationOrigin":[
            -3.932377338409424,
            0.11166274547576904,
            -0.26875799894332886
          ],
          "rotationY":-0.4299999753247212,
          "group":"bone_string_stonehead",
          "faces":{
            "north":{
              "texture":"#material",
              "uv":[
                4.0,
                2.0,
                1.0,
                3.0
              ],
              "autoUv":false,
              "rotation":90
            },
            "east":{
              "texture":"#material",
              "uv":[
                22.0,
                1.0,
                18.001026153564453,
                4.0
              ],
              "autoUv":false
            },
            "south":{
              "texture":"#material",
              "uv":[
                19.0,
                2.0,
                16.0,
                3.0
              ],
              "autoUv":false,
              "rotation":90
            },
            "west":{
              "texture":"#material",
              "uv":[
                17.0,
                6.0,
                13.0,
                9.0
              ],
              "autoUv":false
            },
            "up":{
              "texture":"#material",
              "uv":[
                22.0,
                1.0,
                21.0,
                5.0
              ],
              "autoUv":false
            },
            "down":{
              "texture":"#material",
              "uv":[
                21.0,
                5.0,
                22.0,
                1.0
              ],
              "autoUv":false,
              "rotation":180
            }
          },
          "children":[]
        },
        {
          "name":"bone_string_stonehead 03",
          "from":[
            2.3097574710845947,
            0.0006213635206222534,
            -1.2230651378631592
          ],
          "to":[
            4.183948278427124,
            0.5006212592124939,
            0.5913804173469543
          ],
          "rotationOrigin":[
            3.2468528747558594,
            0.25062131881713867,
            -0.31584233045578003
          ],
          "rotationX":90.97477295187653,
          "rotationY":0.20587138647578565,
          "rotationZ":-83.63214883938358,
          "group":"bone_string_stonehead",
          "faces":{
            "north":{
              "texture":"#material",
              "uv":[
                9.706119537353516,
                0.9999523162841797,
                13.770363807678223,
                1.9999523162841797
              ],
              "autoUv":false
            },
            "east":{
              "texture":"#material",
              "uv":[
                2.9800431728363037,
                1.9998435974121094,
                6.065256595611572,
                3.000049591064453
              ],
              "autoUv":false,
              "rotation":180
            },
            "south":{
              "texture":"#material",
              "uv":[
                5.704349994659424,
                4.999839782714844,
                9.769733428955078,
                5.999841690063477
              ],
              "autoUv":false,
              "rotation":180
            },
            "west":{
              "texture":"#material",
              "uv":[
                1.980776071548462,
                6.000156402587891,
                5.065944194793701,
                6.999950408935547
              ],
              "autoUv":false
            },
            "up":{
              "texture":"#material",
              "uv":[
                3.228240489959717,
                4.980752944946289,
                7.295410633087158,
                8.06523323059082
              ],
              "autoUv":false
            },
            "down":{
              "texture":"#material",
              "uv":[
                9.773616790771484,
                9.06596565246582,
                5.702735900878906,
                5.980060577392578
              ],
              "autoUv":false,
              "rotation":180
            }
          },
          "children":[]
        },
        {
          "name":"bone_string_stonehead 04",
          "from":[
            2.6957717537879944,
            -0.7062263824045658,
            -0.0020803213119506836
          ],
          "to":[
            3.018911749124527,
            -0.4070357419550419,
            0.9342374801635742
          ],
          "rotationOrigin":[
            2.857341766357422,
            -0.5566310472786427,
            0.46607857942581177
          ],
          "rotationX":59.326510866543,
          "rotationY":-0.10947448546037594,
          "rotationZ":-68.46355544759254,
          "group":"bone_string_stonehead",
          "faces":{
            "north":{
              "texture":"#material",
              "uv":[
                12.0,
                2.0,
                13.0,
                3.0
              ],
              "autoUv":false
            },
            "east":{
              "texture":"#material",
              "uv":[
                1.999999761581421,
                2.0,
                4.0,
                3.0
              ],
              "autoUv":false,
              "rotation":180
            },
            "south":{
              "texture":"#material",
              "uv":[
                18.0,
                2.0,
                18.999998092651367,
                3.000001907348633
              ],
              "autoUv":false,
              "rotation":180
            },
            "west":{
              "texture":"#material",
              "uv":[
                6.0,
                2.0,
                7.999999523162842,
                3.0
              ],
              "autoUv":false
            },
            "up":{
              "texture":"#material",
              "uv":[
                0.9999998807907104,
                0.9999980926513672,
                2.000000238418579,
                3.0
              ],
              "autoUv":false
            },
            "down":{
              "texture":"#material",
              "uv":[
                6.999999523162842,
                11.000001907348633,
                6.000000476837158,
                8.999998092651367
              ],
              "autoUv":false,
              "rotation":180
            }
          },
          "children":[]
        },
        {
          "name":"bone_string_stonehead 05",
          "from":[
            1.7699681520462036,
            0.012967854738235474,
            -1.134478747844696
          ],
          "to":[
            3.507432699203491,
            0.5129677802324295,
            0.6298654079437256
          ],
          "rotationOrigin":[
            2.638700485229492,
            0.2629678249359131,
            -0.25230664014816284
          ],
          "rotationX":90.98370683931091,
          "rotationY":0.01625555173735949,
          "rotationZ":-95.8552026610391,
          "group":"bone_string_stonehead",
          "faces":{
            "north":{
              "texture":"#material",
              "uv":[
                10.003497123718262,
                1.0,
                13.770783424377441,
                1.9999961853027344
              ],
              "autoUv":false
            },
            "east":{
              "texture":"#material",
              "uv":[
                2.999999761581421,
                2.000001907348633,
                6.0,
                3.0
              ],
              "autoUv":false,
              "rotation":180
            },
            "south":{
              "texture":"#material",
              "uv":[
                5.999511241912842,
                5.0,
                9.76828384399414,
                5.999996185302734
              ],
              "autoUv":false,
              "rotation":180
            },
            "west":{
              "texture":"#material",
              "uv":[
                2.0,
                5.999998092651367,
                5.000000476837158,
                6.999998092651367
              ],
              "autoUv":false
            },
            "up":{
              "texture":"#material",
              "uv":[
                3.227821111679077,
                5.000001907348633,
                7.0,
                8.000001907348633
              ],
              "autoUv":false
            },
            "down":{
              "texture":"#material",
              "uv":[
                9.772181510925293,
                9.0,
                6.0,
                5.999994277954102
              ],
              "autoUv":false,
              "rotation":180
            }
          },
          "children":[]
        },
        {
          "name":"bone_string_stonehead 06",
          "from":[
            3.262625753879547,
            -0.04209160804748535,
            -0.8211650252342224
          ],
          "to":[
            5.173003196716309,
            0.5680568218231201,
            1.2703643441200256
          ],
          "rotationOrigin":[
            4.2178144454956055,
            0.2629826068878174,
            0.2245996594429016
          ],
          "rotationX":89.71940467299571,
          "rotationY":1.0469240321818556,
          "rotationZ":8.273931504881597,
          "group":"bone_string_stonehead",
          "faces":{
            "north":{
              "texture":"#material",
              "uv":[
                13.804719924926758,
                7.994991302490234,
                10.003386497497559,
                8.997108459472656
              ],
              "autoUv":false,
              "rotation":180
            },
            "east":{
              "texture":"#material",
              "uv":[
                6.000000953674316,
                7.003484725952148,
                3.000000238418579,
                8.002994537353516
              ],
              "autoUv":false
            },
            "south":{
              "texture":"#material",
              "uv":[
                9.8053560256958,
                4.003013610839844,
                5.999740123748779,
                5.000877380371094
              ],
              "autoUv":false
            },
            "west":{
              "texture":"#material",
              "uv":[
                5.000001430511475,
                2.9977798461914062,
                2.0,
                3.998260498046875
              ],
              "autoUv":false,
              "rotation":180
            },
            "up":{
              "texture":"#material",
              "uv":[
                7.002191066741943,
                2.0042057037353516,
                3.190675735473633,
                4.996635437011719
              ],
              "autoUv":false,
              "rotation":180
            },
            "down":{
              "texture":"#material",
              "uv":[
                6.002191066741943,
                4.004209518432617,
                9.804943084716797,
                0.9966392517089844
              ],
              "autoUv":false
            }
          },
          "children":[]
        },
        {
          "name":"bone_string_stonehead 07",
          "from":[
            3.2257847785949707,
            -0.04262205958366394,
            -1.8072933554649353
          ],
          "to":[
            5.1926321387290955,
            0.5675264298915863,
            0.28423601388931274
          ],
          "rotationOrigin":[
            4.2092084884643555,
            0.2624521851539612,
            -0.7615286707878113
          ],
          "rotationX":90.09221005827334,
          "rotationY":1.079944688445988,
          "rotationZ":-11.612790933466876,
          "group":"bone_string_stonehead",
          "faces":{
            "north":{
              "texture":"#material",
              "uv":[
                13.917285919189453,
                7.994991302490234,
                10.003386497497559,
                8.997173309326172
              ],
              "autoUv":false,
              "rotation":180
            },
            "east":{
              "texture":"#material",
              "uv":[
                6.000000953674316,
                7.003484725952148,
                3.000000238418579,
                8.002994537353516
              ],
              "autoUv":false
            },
            "south":{
              "texture":"#material",
              "uv":[
                9.91783332824707,
                4.003013610839844,
                5.999740123748779,
                5.000812530517578
              ],
              "autoUv":false
            },
            "west":{
              "texture":"#material",
              "uv":[
                5.000001430511475,
                2.9977798461914062,
                2.0,
                3.998260498046875
              ],
              "autoUv":false,
              "rotation":180
            },
            "up":{
              "texture":"#material",
              "uv":[
                7.002191066741943,
                2.0042057037353516,
                3.078139066696167,
                4.99641227722168
              ],
              "autoUv":false,
              "rotation":180
            },
            "down":{
              "texture":"#material",
              "uv":[
                6.002191066741943,
                4.004209518432617,
                9.91748046875,
                0.9964160919189453
              ],
              "autoUv":false
            }
          },
          "children":[]
        }
      ]
    }
  ],
  "groups":[]
}