{
	"editor": {
		"allAngles": false,
		"entityTextureMode": false
	},
	"textureWidth": 16,
	"textureHeight": 16,
	"textureSizes": {
	},
	"textures": {
		"CornerOrnament01": "apelanterns:block/metal/cornerornament01",
		"CornerOrnament02": "apelanterns:block/metal/cornerornament02",
		"Pattern01": "apelanterns:block/metal/pattern01-128",
		"candle": "game:block/candle",
		"bituminous": "game:block/coal/bituminous",
		"smoky": "game:block/glass/smoky"
	},
	"elements": [
		{
			"name": "Origin",
			"from": [ 0.0, 1.0, 0.0 ],
			"to": [ 0.0, 1.0, 0.0 ],
			"faces": {
			},
			"children": [
				{
					"name": "Base",
					"from": [ 5.1, 0.0, 5.1 ],
					"to": [ 10.9, 0.3, 10.9 ],
					"rotationOrigin": [ 5.1, 0.0, 5.1 ],
					"faces": {
						"north": { "texture": "#bituminous", "uv": [ 0.0, 0.0, 16.0, 0.5 ], "autoUv": false },
						"east": { "texture": "#bituminous", "uv": [ 15.5, 0.0, 16.0, 16.0 ], "autoUv": false },
						"south": { "texture": "#bituminous", "uv": [ 0.0, 16.0, 16.0, 15.5 ], "autoUv": false },
						"west": { "texture": "#bituminous", "uv": [ 0.0, 0.0, 0.5, 16.0 ], "autoUv": false },
						"up": { "texture": "#bituminous", "uv": [ 0.0, 0.0, 16.0, 16.0 ], "autoUv": false },
						"down": { "texture": "#bituminous", "uv": [ 0.0, 0.0, 16.0, 16.0 ], "autoUv": false }
					},
					"children": [
						{
							"name": "Face10",
							"from": [ 1.5, 0.0, 1.5 ],
							"to": [ 4.5, 2.0, 1.5 ],
							"renderPass": 3,
							"rotationOrigin": [ 1.5, 0.0, 1.5 ],
							"rotationY": 135.0,
							"rotationZ": -28.0,
							"faces": {
								"south": { "texture": "#CornerOrnament02", "uv": [ 0.0, 0.0, 16.0, 16.0 ], "rotation": 270, "autoUv": false }
							}
						},
						{
							"name": "Face11",
							"from": [ 1.5, 0.0, 4.3 ],
							"to": [ 4.5, 2.0, 4.3 ],
							"renderPass": 3,
							"rotationOrigin": [ 1.5, 0.0, 4.3 ],
							"rotationY": -135.0,
							"rotationZ": -28.0,
							"faces": {
								"south": { "texture": "#CornerOrnament02", "uv": [ 0.0, 0.0, 16.0, 16.0 ], "rotation": 270, "autoUv": false }
							}
						},
						{
							"name": "Face12",
							"from": [ 4.3, 0.0, 4.3 ],
							"to": [ 7.3, 2.0, 4.3 ],
							"renderPass": 3,
							"rotationOrigin": [ 4.3, 0.0, 4.3 ],
							"rotationY": -45.0,
							"rotationZ": -28.0,
							"faces": {
								"south": { "texture": "#CornerOrnament02", "uv": [ 0.0, 0.0, 16.0, 16.0 ], "rotation": 270, "autoUv": false }
							}
						},
						{
							"name": "Face13",
							"from": [ 4.3, 0.0, 1.5 ],
							"to": [ 7.3, 2.0, 1.5 ],
							"renderPass": 3,
							"rotationOrigin": [ 4.3, 0.0, 1.5 ],
							"rotationY": 45.0,
							"rotationZ": -28.0,
							"faces": {
								"south": { "texture": "#CornerOrnament02", "uv": [ 0.0, 0.0, 16.0, 16.0 ], "rotation": 270, "autoUv": false }
							}
						}
					]
				},
				{
					"name": "Base2",
					"from": [ 5.3, 0.3, 5.3 ],
					"to": [ 10.7, 0.6, 10.7 ],
					"rotationOrigin": [ 5.3, 0.3, 5.3 ],
					"faces": {
						"north": { "texture": "#bituminous", "uv": [ 1.0, 1.0, 15.0, 1.5 ], "autoUv": false },
						"east": { "texture": "#bituminous", "uv": [ 14.0, 1.0, 14.5, 15.0 ], "autoUv": false },
						"south": { "texture": "#bituminous", "uv": [ 1.0, 14.0, 15.0, 14.5 ], "autoUv": false },
						"west": { "texture": "#bituminous", "uv": [ 2.0, 1.0, 1.5, 15.0 ], "autoUv": false },
						"up": { "texture": "#bituminous", "uv": [ 1.0, 1.0, 15.0, 15.0 ], "autoUv": false }
					}
				},
				{
					"name": "Base3",
					"from": [ 5.6, 0.6, 5.6 ],
					"to": [ 10.4, 0.9, 10.4 ],
					"rotationOrigin": [ 5.6, 0.6, 5.6 ],
					"faces": {
						"north": { "texture": "#bituminous", "uv": [ 3.0, 2.5, 7.5, 3.0 ] },
						"east": { "texture": "#bituminous", "uv": [ 2.5, 2.5, 7.0, 3.0 ] },
						"south": { "texture": "#bituminous", "uv": [ 1.5, 2.0, 6.0, 2.5 ] },
						"west": { "texture": "#bituminous", "uv": [ 1.5, 2.0, 6.0, 2.5 ] },
						"up": { "texture": "#bituminous", "uv": [ 3.0, 3.0, 13.0, 13.0 ], "autoUv": false }
					}
				},
				{
					"name": "Cube2",
					"from": [ 5.6, 0.9, 5.6 ],
					"to": [ 5.9, 5.3, 5.9 ],
					"rotationOrigin": [ 5.6, 0.9, 5.6 ],
					"faces": {
						"north": { "texture": "#bituminous", "uv": [ 2.0, 2.0, 3.5, 11.0 ], "autoUv": false },
						"east": { "texture": "#bituminous", "uv": [ 2.5, 1.0, 4.0, 10.0 ], "autoUv": false },
						"south": { "texture": "#bituminous", "uv": [ 1.5, 2.0, 3.0, 11.0 ], "autoUv": false },
						"west": { "texture": "#bituminous", "uv": [ 1.0, 3.5, 2.5, 12.5 ], "autoUv": false },
						"up": { "texture": "#bituminous", "uv": [ 0.0, 0.0, 0.5, 0.5 ] }
					}
				},
				{
					"name": "Cube3",
					"from": [ 10.1, 0.9, 5.6 ],
					"to": [ 10.4, 5.3, 5.9 ],
					"rotationOrigin": [ 10.1, 0.9, 5.6 ],
					"faces": {
						"north": { "texture": "#bituminous", "uv": [ 1.5, 1.5, 3.0, 10.5 ], "autoUv": false },
						"east": { "texture": "#bituminous", "uv": [ 1.5, 0.5, 3.0, 9.5 ], "autoUv": false },
						"south": { "texture": "#bituminous", "uv": [ 2.5, 1.5, 4.0, 10.5 ], "autoUv": false },
						"west": { "texture": "#bituminous", "uv": [ 4.0, 1.0, 5.5, 10.0 ], "autoUv": false },
						"up": { "texture": "#bituminous", "uv": [ 0.0, 0.0, 0.5, 0.5 ] }
					}
				},
				{
					"name": "Cube4",
					"from": [ 5.6, 0.9, 10.1 ],
					"to": [ 5.9, 5.3, 10.4 ],
					"rotationOrigin": [ 5.6, 0.9, 10.1 ],
					"faces": {
						"north": { "texture": "#bituminous", "uv": [ 2.5, 0.5, 4.0, 9.5 ], "autoUv": false },
						"east": { "texture": "#bituminous", "uv": [ 6.5, 1.0, 8.0, 10.0 ], "autoUv": false },
						"south": { "texture": "#bituminous", "uv": [ 4.0, 2.0, 5.5, 11.0 ], "autoUv": false },
						"west": { "texture": "#bituminous", "uv": [ 6.5, 1.5, 8.0, 10.5 ], "autoUv": false },
						"up": { "texture": "#bituminous", "uv": [ 3.5, 4.0, 4.0, 4.5 ] }
					}
				},
				{
					"name": "Cube5",
					"from": [ 10.1, 0.9, 10.1 ],
					"to": [ 10.4, 5.3, 10.4 ],
					"rotationOrigin": [ 10.1, 0.9, 10.1 ],
					"faces": {
						"north": { "texture": "#bituminous", "uv": [ 14.5, 3.5, 16.0, 12.5 ], "autoUv": false },
						"east": { "texture": "#bituminous", "uv": [ 14.0, 1.0, 15.5, 10.0 ], "autoUv": false },
						"south": { "texture": "#bituminous", "uv": [ 11.5, 4.0, 13.0, 13.0 ], "autoUv": false },
						"west": { "texture": "#bituminous", "uv": [ 13.5, 3.0, 15.0, 12.0 ], "autoUv": false },
						"up": { "texture": "#bituminous", "uv": [ 3.5, 3.5, 4.0, 4.0 ] }
					}
				},
				{
					"name": "Brace1",
					"from": [ 5.9, 5.1, 5.61 ],
					"to": [ 10.1, 5.4, 5.91 ],
					"rotationOrigin": [ 5.9, 5.1, 5.6 ],
					"faces": {
						"north": { "texture": "#bituminous", "uv": [ 3.0, 2.5, 7.0, 3.0 ] },
						"east": { "texture": "#bituminous", "uv": [ 2.5, 2.5, 3.0, 3.0 ] },
						"south": { "texture": "#bituminous", "uv": [ 1.5, 2.0, 5.5, 2.5 ] },
						"west": { "texture": "#bituminous", "uv": [ 1.5, 2.0, 2.0, 2.5 ] },
						"up": { "texture": "#bituminous", "uv": [ 3.0, 3.0, 7.0, 3.5 ] },
						"down": { "texture": "#bituminous", "uv": [ 0.0, 0.0, 4.0, 0.5 ], "windMode": [-1,-1,-1,-1] }
					}
				},
				{
					"name": "Brace2",
					"from": [ 5.9, 5.1, 10.11 ],
					"to": [ 10.1, 5.4, 10.41 ],
					"rotationOrigin": [ 5.9, 5.1, 10.1 ],
					"faces": {
						"north": { "texture": "#bituminous", "uv": [ 3.0, 2.5, 7.0, 3.0 ] },
						"east": { "texture": "#bituminous", "uv": [ 2.5, 2.5, 3.0, 3.0 ] },
						"south": { "texture": "#bituminous", "uv": [ 1.5, 2.0, 5.5, 2.5 ] },
						"west": { "texture": "#bituminous", "uv": [ 1.5, 2.0, 2.0, 2.5 ] },
						"up": { "texture": "#bituminous", "uv": [ 3.0, 3.0, 7.0, 3.5 ] },
						"down": { "texture": "#bituminous", "uv": [ 0.0, 0.0, 4.0, 0.5 ], "windMode": [-1,-1,-1,-1] }
					}
				},
				{
					"name": "Brace3",
					"from": [ 5.61, 5.1, 5.9 ],
					"to": [ 5.91, 5.4, 10.1 ],
					"rotationOrigin": [ 5.6, 5.1, 5.9 ],
					"faces": {
						"north": { "texture": "#bituminous", "uv": [ 3.0, 2.5, 3.5, 3.0 ] },
						"east": { "texture": "#bituminous", "uv": [ 2.5, 2.5, 6.5, 3.0 ] },
						"south": { "texture": "#bituminous", "uv": [ 1.5, 2.0, 2.0, 2.5 ] },
						"west": { "texture": "#bituminous", "uv": [ 1.5, 2.0, 5.5, 2.5 ] },
						"up": { "texture": "#bituminous", "uv": [ 3.0, 3.0, 3.5, 7.0 ] },
						"down": { "texture": "#bituminous", "uv": [ 0.0, 0.0, 0.5, 4.0 ], "windMode": [-1,-1,-1,-1] }
					}
				},
				{
					"name": "Brace4",
					"from": [ 10.11, 5.1, 5.9 ],
					"to": [ 10.41, 5.4, 10.1 ],
					"rotationOrigin": [ 10.1, 5.1, 5.9 ],
					"faces": {
						"north": { "texture": "#bituminous", "uv": [ 3.0, 2.5, 3.5, 3.0 ] },
						"east": { "texture": "#bituminous", "uv": [ 2.5, 2.5, 6.5, 3.0 ] },
						"south": { "texture": "#bituminous", "uv": [ 1.5, 2.0, 2.0, 2.5 ] },
						"west": { "texture": "#bituminous", "uv": [ 1.5, 2.0, 5.5, 2.5 ] },
						"up": { "texture": "#bituminous", "uv": [ 3.0, 3.0, 13.0, 13.0 ], "autoUv": false },
						"down": { "texture": "#bituminous", "uv": [ 0.0, 0.0, 0.5, 4.0 ], "windMode": [-1,-1,-1,-1] }
					}
				},
				{
					"name": "Candle",
					"from": [ 2.5, 0.0, 8.0 ],
					"to": [ 2.5, 0.0, 8.0 ],
					"rotationOrigin": [ 2.5, 0.0, 8.0 ],
					"rotationY": 45.0,
					"faces": {
					},
					"children": [
						{
							"name": "Candle1",
							"from": [ 3.5, 1.0, 3.5 ],
							"to": [ 4.5, 3.6, 4.5 ],
							"shade": false,
							"rotationOrigin": [ 3.5, 1.0, 3.5 ],
							"faces": {
								"north": { "texture": "#candle", "uv": [ 2.0, 0.0, 5.0, 6.0 ], "autoUv": false },
								"east": { "texture": "#candle", "uv": [ 2.0, 0.0, 5.0, 6.0 ], "autoUv": false },
								"south": { "texture": "#candle", "uv": [ 2.0, 0.0, 5.0, 6.0 ], "autoUv": false, "windMode": [-1,-1,-1,-1] },
								"west": { "texture": "#candle", "uv": [ 2.0, 0.0, 5.0, 6.0 ], "autoUv": false },
								"up": { "texture": "#candle", "uv": [ 2.0, 0.0, 5.0, 6.0 ], "autoUv": false }
							}
						},
						{
							"name": "Flame",
							"from": [ 3.875, 3.4, 3.875 ],
							"to": [ 4.125, 3.9, 4.125 ],
							"shade": false,
							"rotationOrigin": [ 3.85, 3.4, 3.85 ],
							"faces": {
								"north": { "texture": "#candle", "uv": [ 0.0, 0.0, 2.0, 2.5 ], "glow": 128, "autoUv": false },
								"east": { "texture": "#candle", "uv": [ 0.0, 0.0, 2.0, 2.5 ], "glow": 128, "autoUv": false },
								"south": { "texture": "#candle", "uv": [ 0.0, 0.0, 2.0, 2.5 ], "glow": 128, "autoUv": false },
								"west": { "texture": "#candle", "uv": [ 0.0, 0.0, 2.0, 2.5 ], "glow": 128, "autoUv": false },
								"up": { "texture": "#candle", "uv": [ 0.0, 0.0, 2.0, 2.5 ], "glow": 128, "autoUv": false }
							}
						},
						{
							"name": "Candle2",
							"from": [ 3.15, 1.0, 3.5 ],
							"to": [ 3.65, 1.5, 4.5 ],
							"shade": false,
							"rotationOrigin": [ 3.15, 1.0, 3.5 ],
							"rotationY": 7.0,
							"rotationZ": -4.0,
							"faces": {
								"north": { "texture": "#candle", "uv": [ 2.0, 0.0, 5.0, 6.0 ], "autoUv": false },
								"east": { "texture": "#candle", "uv": [ 2.0, 0.0, 5.0, 6.0 ], "autoUv": false },
								"south": { "texture": "#candle", "uv": [ 2.0, 0.0, 5.0, 6.0 ], "autoUv": false },
								"west": { "texture": "#candle", "uv": [ 2.0, 0.0, 5.0, 6.0 ], "autoUv": false },
								"up": { "texture": "#candle", "uv": [ 2.0, 0.0, 5.0, 6.0 ], "autoUv": false }
							}
						},
						{
							"name": "Candle3",
							"from": [ 4.3, 0.9, 3.5 ],
							"to": [ 4.8, 1.4, 4.5 ],
							"shade": false,
							"rotationOrigin": [ 4.3, 0.9, 3.5 ],
							"rotationY": 5.0,
							"rotationZ": 6.0,
							"faces": {
								"north": { "texture": "#candle", "uv": [ 2.0, 0.0, 5.0, 6.0 ], "autoUv": false },
								"east": { "texture": "#candle", "uv": [ 2.0, 0.0, 5.0, 6.0 ], "autoUv": false },
								"south": { "texture": "#candle", "uv": [ 2.0, 0.0, 5.0, 6.0 ], "autoUv": false },
								"west": { "texture": "#candle", "uv": [ 2.0, 0.0, 5.0, 6.0 ], "autoUv": false },
								"up": { "texture": "#candle", "uv": [ 2.0, 0.0, 5.0, 6.0 ], "autoUv": false }
							}
						},
						{
							"name": "Candle4",
							"from": [ 3.45, 0.9, 3.1 ],
							"to": [ 4.55, 1.4, 3.7 ],
							"shade": false,
							"rotationOrigin": [ 3.45, 0.9, 3.1 ],
							"rotationY": 5.0,
							"rotationZ": 6.0,
							"faces": {
								"north": { "texture": "#candle", "uv": [ 2.0, 0.0, 5.0, 6.0 ], "autoUv": false },
								"east": { "texture": "#candle", "uv": [ 2.0, 0.0, 5.0, 6.0 ], "autoUv": false },
								"south": { "texture": "#candle", "uv": [ 2.0, 0.0, 5.0, 6.0 ], "autoUv": false },
								"west": { "texture": "#candle", "uv": [ 2.0, 0.0, 5.0, 6.0 ], "autoUv": false },
								"up": { "texture": "#candle", "uv": [ 2.0, 0.0, 5.0, 6.0 ], "autoUv": false }
							}
						},
						{
							"name": "Candle5",
							"from": [ 3.45, 0.9, 4.1 ],
							"to": [ 4.55, 1.4, 4.7 ],
							"shade": false,
							"rotationOrigin": [ 3.45, 0.9, 4.1 ],
							"rotationY": 5.0,
							"rotationZ": 6.0,
							"faces": {
								"north": { "texture": "#candle", "uv": [ 2.0, 0.0, 5.0, 6.0 ], "autoUv": false },
								"east": { "texture": "#candle", "uv": [ 2.0, 0.0, 5.0, 6.0 ], "autoUv": false },
								"south": { "texture": "#candle", "uv": [ 2.0, 0.0, 5.0, 6.0 ], "autoUv": false },
								"west": { "texture": "#candle", "uv": [ 2.0, 0.0, 5.0, 6.0 ], "autoUv": false },
								"up": { "texture": "#candle", "uv": [ 2.0, 0.0, 5.0, 6.0 ], "autoUv": false }
							}
						},
						{
							"name": "Candle6",
							"from": [ 2.9, 1.0, 3.5 ],
							"to": [ 3.25, 1.3, 3.9 ],
							"shade": false,
							"rotationOrigin": [ 2.9, 1.0, 3.5 ],
							"rotationY": 7.0,
							"rotationZ": -4.0,
							"faces": {
								"north": { "texture": "#candle", "uv": [ 2.0, 0.0, 5.0, 6.0 ], "autoUv": false },
								"east": { "texture": "#candle", "uv": [ 2.0, 0.0, 5.0, 6.0 ], "autoUv": false },
								"south": { "texture": "#candle", "uv": [ 2.0, 0.0, 5.0, 6.0 ], "autoUv": false },
								"west": { "texture": "#candle", "uv": [ 2.0, 0.0, 5.0, 6.0 ], "autoUv": false },
								"up": { "texture": "#candle", "uv": [ 2.0, 0.0, 5.0, 6.0 ], "autoUv": false }
							}
						},
						{
							"name": "Candle7",
							"from": [ 3.1, 0.9, 2.9 ],
							"to": [ 3.55, 1.15, 3.35 ],
							"shade": false,
							"rotationOrigin": [ 3.1, 0.9, 2.9 ],
							"rotationX": 5.0,
							"rotationY": 22.5,
							"faces": {
								"north": { "texture": "#candle", "uv": [ 2.0, 0.0, 5.0, 6.0 ], "autoUv": false },
								"east": { "texture": "#candle", "uv": [ 2.0, 0.0, 5.0, 6.0 ], "autoUv": false },
								"south": { "texture": "#candle", "uv": [ 2.0, 0.0, 5.0, 6.0 ], "autoUv": false },
								"west": { "texture": "#candle", "uv": [ 2.0, 0.0, 5.0, 6.0 ], "autoUv": false },
								"up": { "texture": "#candle", "uv": [ 2.0, 0.0, 5.0, 6.0 ], "autoUv": false }
							}
						},
						{
							"name": "Candle8",
							"from": [ 4.6, 0.9, 3.4 ],
							"to": [ 5.05, 1.15, 3.85 ],
							"shade": false,
							"rotationOrigin": [ 4.6, 0.9, 3.4 ],
							"rotationX": 5.0,
							"rotationY": 45.0,
							"faces": {
								"north": { "texture": "#candle", "uv": [ 2.0, 0.0, 5.0, 6.0 ], "autoUv": false },
								"east": { "texture": "#candle", "uv": [ 2.0, 0.0, 5.0, 6.0 ], "autoUv": false },
								"south": { "texture": "#candle", "uv": [ 2.0, 0.0, 5.0, 6.0 ], "autoUv": false },
								"west": { "texture": "#candle", "uv": [ 2.0, 0.0, 5.0, 6.0 ], "autoUv": false },
								"up": { "texture": "#candle", "uv": [ 2.0, 0.0, 5.0, 6.0 ], "autoUv": false }
							}
						},
						{
							"name": "Candle9",
							"from": [ 4.6, 0.9, 3.9 ],
							"to": [ 5.05, 1.15, 4.35 ],
							"shade": false,
							"rotationOrigin": [ 4.6, 0.9, 3.9 ],
							"rotationX": 5.0,
							"rotationY": -22.5,
							"faces": {
								"north": { "texture": "#candle", "uv": [ 2.0, 0.0, 5.0, 6.0 ], "autoUv": false },
								"east": { "texture": "#candle", "uv": [ 2.0, 0.0, 5.0, 6.0 ], "autoUv": false },
								"south": { "texture": "#candle", "uv": [ 2.0, 0.0, 5.0, 6.0 ], "autoUv": false },
								"west": { "texture": "#candle", "uv": [ 2.0, 0.0, 5.0, 6.0 ], "autoUv": false },
								"up": { "texture": "#candle", "uv": [ 2.0, 0.0, 5.0, 6.0 ], "autoUv": false }
							}
						},
						{
							"name": "Candle10",
							"from": [ 4.1, 0.9, 4.4 ],
							"to": [ 4.55, 1.15, 4.85 ],
							"shade": false,
							"rotationOrigin": [ 4.1, 0.9, 4.4 ],
							"rotationX": 5.0,
							"rotationY": -22.5,
							"faces": {
								"north": { "texture": "#candle", "uv": [ 2.0, 0.0, 5.0, 6.0 ], "autoUv": false },
								"east": { "texture": "#candle", "uv": [ 2.0, 0.0, 5.0, 6.0 ], "autoUv": false },
								"south": { "texture": "#candle", "uv": [ 2.0, 0.0, 5.0, 6.0 ], "autoUv": false },
								"west": { "texture": "#candle", "uv": [ 2.0, 0.0, 5.0, 6.0 ], "autoUv": false },
								"up": { "texture": "#candle", "uv": [ 2.0, 0.0, 5.0, 6.0 ], "autoUv": false }
							}
						},
						{
							"name": "Candle11",
							"from": [ 3.6, 0.9, 4.4 ],
							"to": [ 4.05, 1.15, 4.85 ],
							"shade": false,
							"rotationOrigin": [ 3.6, 0.9, 4.4 ],
							"rotationX": 5.0,
							"rotationY": -45.0,
							"faces": {
								"north": { "texture": "#candle", "uv": [ 2.0, 0.0, 5.0, 6.0 ], "autoUv": false },
								"east": { "texture": "#candle", "uv": [ 2.0, 0.0, 5.0, 6.0 ], "autoUv": false },
								"south": { "texture": "#candle", "uv": [ 2.0, 0.0, 5.0, 6.0 ], "autoUv": false },
								"west": { "texture": "#candle", "uv": [ 2.0, 0.0, 5.0, 6.0 ], "autoUv": false },
								"up": { "texture": "#candle", "uv": [ 2.0, 0.0, 5.0, 6.0 ], "autoUv": false }
							}
						},
						{
							"name": "Candle12",
							"from": [ 3.1, 0.9, 4.05 ],
							"to": [ 3.55, 1.15, 4.5 ],
							"shade": false,
							"rotationOrigin": [ 3.1, 0.9, 4.05 ],
							"rotationX": 5.0,
							"rotationY": -67.5,
							"faces": {
								"north": { "texture": "#candle", "uv": [ 2.0, 0.0, 5.0, 6.0 ], "autoUv": false },
								"east": { "texture": "#candle", "uv": [ 2.0, 0.0, 5.0, 6.0 ], "autoUv": false },
								"south": { "texture": "#candle", "uv": [ 2.0, 0.0, 5.0, 6.0 ], "autoUv": false },
								"west": { "texture": "#candle", "uv": [ 2.0, 0.0, 5.0, 6.0 ], "autoUv": false },
								"up": { "texture": "#candle", "uv": [ 2.0, 0.0, 5.0, 6.0 ], "autoUv": false }
							}
						}
					]
				},
				{
					"name": "GlassSouthL",
					"from": [ 5.9, 0.9, 10.15 ],
					"to": [ 10.1, 5.1, 10.25 ],
					"shade": false,
					"renderPass": 3,
					"rotationOrigin": [ 5.9, 0.9, 10.1 ],
					"faces": {
						"north": { "texture": "#smoky", "uv": [ 0.0, 0.0, 4.0, 4.0 ], "rotation": 90, "glow": 255, "windMode": [-1,-1,-1,-1] },
						"south": { "texture": "#smoky", "uv": [ 0.0, 0.0, 4.0, 4.0 ] }
					},
					"children": [
						{
							"name": "GlassDecorSouthL",
							"stepParentName": "GlassSouthL",
							"from": [ 0.0, 0.0, 0.2 ],
							"to": [ 4.2, 4.2, 0.2 ],
							"shade": false,
							"renderPass": 1,
							"rotationOrigin": [ 1.9, 0.9, 10.3 ],
							"faces": {
								"south": { "texture": "#Pattern01", "uv": [ 0.0, 0.0, 16.0, 16.0 ], "autoUv": false }
							}
						}
					]
				},
				{
					"name": "GlassNorthL",
					"from": [ 5.9, 0.9, 5.75 ],
					"to": [ 10.1, 5.1, 5.85 ],
					"shade": false,
					"renderPass": 3,
					"rotationOrigin": [ 5.9, 0.9, 5.7 ],
					"faces": {
						"north": { "texture": "#smoky", "uv": [ 0.0, 0.0, 4.0, 4.0 ], "glow": 255, "windMode": [-1,-1,-1,-1] },
						"south": { "texture": "#smoky", "uv": [ 0.0, 0.0, 4.0, 4.0 ], "windMode": [-1,-1,-1,-1] }
					},
					"children": [
						{
							"name": "GlassDecorNorthL",
							"from": [ 0.0, 0.0, -0.12 ],
							"to": [ 4.2, 4.2, -0.12 ],
							"shade": false,
							"renderPass": 3,
							"rotationOrigin": [ 5.9, 0.9, 5.6 ],
							"faces": {
								"north": { "texture": "#Pattern01", "uv": [ 0.0, 0.0, 16.0, 16.0 ], "autoUv": false }
							}
						}
					]
				},
				{
					"name": "GlassEastL",
					"from": [ 10.2, 0.9, 5.9 ],
					"to": [ 10.3, 5.1, 10.1 ],
					"shade": false,
					"renderPass": 3,
					"rotationOrigin": [ 10.2, 0.9, 5.9 ],
					"faces": {
						"east": { "texture": "#smoky", "uv": [ 0.0, 0.0, 4.0, 4.0 ], "glow": 255, "windMode": [-1,-1,-1,-1] },
						"west": { "texture": "#smoky", "uv": [ 0.0, 0.0, 4.0, 4.0 ], "windMode": [-1,-1,-1,-1] }
					},
					"children": [
						{
							"name": "GlassDecorEastL",
							"from": [ 0.14, 0.0, 0.0 ],
							"to": [ 0.14, 4.2, 4.2 ],
							"renderPass": 3,
							"rotationOrigin": [ 10.4, 0.9, 5.9 ],
							"faces": {
								"east": { "texture": "#Pattern01", "uv": [ 0.0, 0.0, 16.0, 16.0 ], "autoUv": false }
							}
						}
					]
				},
				{
					"name": "GlassWestL",
					"from": [ 5.75, 0.9, 5.9 ],
					"to": [ 5.85, 5.1, 10.1 ],
					"shade": false,
					"renderPass": 3,
					"rotationOrigin": [ 5.7, 0.9, 5.9 ],
					"faces": {
						"east": { "texture": "#smoky", "uv": [ 0.0, 0.0, 4.0, 4.0 ], "glow": 255 },
						"west": { "texture": "#smoky", "uv": [ 0.0, 0.0, 4.0, 4.0 ] }
					},
					"children": [
						{
							"name": "GlassDecorWestL",
							"from": [ -0.12, 0.0, 0.0 ],
							"to": [ -0.12, 4.2, 4.2 ],
							"renderPass": 3,
							"rotationOrigin": [ 5.7, 0.9, 5.9 ],
							"faces": {
								"west": { "texture": "#Pattern01", "uv": [ 0.0, 0.0, 16.0, 16.0 ], "autoUv": false }
							}
						}
					]
				},
				{
					"name": "TopBar",
					"from": [ 5.6, 5.3, 5.6 ],
					"to": [ 10.4, 6.0, 10.4 ],
					"rotationOrigin": [ 5.6, 5.3, 5.6 ],
					"faces": {
						"north": { "texture": "#bituminous", "uv": [ 3.0, 2.5, 7.5, 4.0 ], "autoUv": false },
						"east": { "texture": "#bituminous", "uv": [ 2.5, 2.5, 7.0, 4.0 ], "autoUv": false },
						"south": { "texture": "#bituminous", "uv": [ 1.5, 2.0, 6.0, 3.5 ], "autoUv": false },
						"west": { "texture": "#bituminous", "uv": [ 1.5, 2.0, 6.0, 3.5 ], "autoUv": false },
						"up": { "texture": "#bituminous", "uv": [ 3.0, 3.0, 13.0, 13.0 ], "autoUv": false }
					}
				},
				{
					"name": "Top",
					"from": [ 6.0, 6.3, 6.0 ],
					"to": [ 10.0, 6.6, 10.0 ],
					"rotationOrigin": [ 6.0, 6.3, 6.0 ],
					"faces": {
						"north": { "texture": "#bituminous", "uv": [ 0.0, 0.0, 16.0, 0.5 ], "autoUv": false },
						"east": { "texture": "#bituminous", "uv": [ 15.5, 0.0, 16.0, 16.0 ], "autoUv": false },
						"south": { "texture": "#bituminous", "uv": [ 0.0, 16.0, 16.0, 15.5 ], "autoUv": false },
						"west": { "texture": "#bituminous", "uv": [ 0.0, 0.0, 0.5, 16.0 ], "autoUv": false },
						"up": { "texture": "#bituminous", "uv": [ 0.0, 0.0, 16.0, 16.0 ], "autoUv": false },
						"down": { "texture": "#bituminous", "uv": [ 0.0, 0.0, 16.0, 16.0 ], "autoUv": false }
					},
					"children": [
						{
							"name": "Face2",
							"from": [ -1.2, -1.1, -1.2 ],
							"to": [ 0.5, 1.2, -1.2 ],
							"renderPass": 3,
							"rotationOrigin": [ -1.2, -1.1, -1.2 ],
							"rotationY": -45.0,
							"faces": {
								"south": { "texture": "#CornerOrnament01", "uv": [ 0.0, 0.0, 16.0, 16.0 ], "autoUv": false }
							}
						},
						{
							"name": "Face3",
							"from": [ 5.2, -1.1, -1.2 ],
							"to": [ 6.9, 1.2, -1.2 ],
							"renderPass": 3,
							"rotationOrigin": [ 5.2, -1.1, -1.2 ],
							"rotationY": -135.0,
							"faces": {
								"south": { "texture": "#CornerOrnament01", "uv": [ 0.0, 0.0, 16.0, 16.0 ], "autoUv": false }
							}
						},
						{
							"name": "Face4",
							"from": [ 5.2, -1.1, 5.2 ],
							"to": [ 6.9, 1.2, 5.2 ],
							"renderPass": 3,
							"rotationOrigin": [ 5.2, -1.1, 5.2 ],
							"rotationY": 135.0,
							"faces": {
								"south": { "texture": "#CornerOrnament01", "uv": [ 0.0, 0.0, 16.0, 16.0 ], "autoUv": false }
							}
						},
						{
							"name": "Face5",
							"from": [ -1.2, -1.1, 5.2 ],
							"to": [ 0.5, 1.2, 5.2 ],
							"renderPass": 3,
							"rotationOrigin": [ -1.2, -1.1, 5.2 ],
							"rotationY": 45.0,
							"faces": {
								"south": { "texture": "#CornerOrnament01", "uv": [ 0.0, 0.0, 16.0, 16.0 ], "autoUv": false }
							}
						}
					]
				},
				{
					"name": "TopBase",
					"from": [ 5.4, 6.0, 5.4 ],
					"to": [ 10.6, 6.3, 10.6 ],
					"rotationOrigin": [ 5.4, 6.0, 5.4 ],
					"faces": {
						"north": { "texture": "#bituminous", "uv": [ 1.0, 1.0, 15.0, 1.5 ], "autoUv": false },
						"east": { "texture": "#bituminous", "uv": [ 14.0, 1.0, 14.5, 15.0 ], "autoUv": false },
						"south": { "texture": "#bituminous", "uv": [ 1.0, 14.0, 15.0, 14.5 ], "autoUv": false },
						"west": { "texture": "#bituminous", "uv": [ 2.0, 1.0, 1.5, 15.0 ], "autoUv": false },
						"up": { "texture": "#bituminous", "uv": [ 1.0, 1.0, 15.0, 15.0 ], "autoUv": false },
						"down": { "texture": "#bituminous", "uv": [ 1.0, 1.0, 15.0, 15.0 ], "autoUv": false, "windMode": [-1,-1,-1,-1] }
					}
				},
				{
					"name": "Top2",
					"from": [ 6.2, 6.6, 6.2 ],
					"to": [ 9.8, 6.9, 9.8 ],
					"rotationOrigin": [ 6.2, 6.6, 6.2 ],
					"faces": {
						"north": { "texture": "#bituminous", "uv": [ 0.0, 0.0, 16.0, 0.5 ], "autoUv": false },
						"east": { "texture": "#bituminous", "uv": [ 15.5, 0.0, 16.0, 16.0 ], "autoUv": false },
						"south": { "texture": "#bituminous", "uv": [ 0.0, 16.0, 16.0, 15.5 ], "autoUv": false },
						"west": { "texture": "#bituminous", "uv": [ 0.0, 0.0, 0.5, 16.0 ], "autoUv": false },
						"up": { "texture": "#bituminous", "uv": [ 0.0, 0.0, 16.0, 16.0 ], "autoUv": false },
						"down": { "texture": "#bituminous", "uv": [ 0.0, 0.0, 16.0, 16.0 ], "autoUv": false }
					},
					"children": [
						{
							"name": "Face6",
							"from": [ -0.6, -0.9, -0.7 ],
							"to": [ 1.1, 1.4, -0.7 ],
							"renderPass": 3,
							"rotationOrigin": [ -0.6, -0.9, -0.7 ],
							"rotationY": -45.0,
							"faces": {
								"south": { "texture": "#CornerOrnament01", "uv": [ 0.0, 0.0, 16.0, 16.0 ], "autoUv": false }
							}
						},
						{
							"name": "Face7",
							"from": [ 4.2, -0.9, -0.4 ],
							"to": [ 5.9, 1.4, -0.4 ],
							"renderPass": 3,
							"rotationOrigin": [ 4.2, -0.9, -0.4 ],
							"rotationY": -135.0,
							"faces": {
								"south": { "texture": "#CornerOrnament01", "uv": [ 0.0, 0.0, 16.0, 16.0 ], "autoUv": false }
							}
						},
						{
							"name": "Face8",
							"from": [ 4.2, -0.9, 4.2 ],
							"to": [ 5.9, 1.4, 4.2 ],
							"renderPass": 3,
							"rotationOrigin": [ 4.2, -0.9, 4.2 ],
							"rotationY": 135.0,
							"faces": {
								"south": { "texture": "#CornerOrnament01", "uv": [ 0.0, 0.0, 16.0, 16.0 ], "autoUv": false }
							}
						},
						{
							"name": "Face9",
							"from": [ -0.6, -0.9, 4.2 ],
							"to": [ 1.1, 1.4, 4.2 ],
							"renderPass": 3,
							"rotationOrigin": [ -0.6, -0.9, 4.2 ],
							"rotationY": 45.0,
							"faces": {
								"south": { "texture": "#CornerOrnament01", "uv": [ 0.0, 0.0, 16.0, 16.0 ], "autoUv": false }
							}
						}
					]
				},
				{
					"name": "Base4",
					"from": [ 5.3, -0.4, 5.3 ],
					"to": [ 10.7, 0.0, 10.7 ],
					"rotationOrigin": [ 5.3, -0.4, 5.3 ],
					"faces": {
						"north": { "texture": "#bituminous", "uv": [ 1.0, 1.0, 15.0, 1.5 ], "autoUv": false },
						"east": { "texture": "#bituminous", "uv": [ 14.0, 1.0, 14.5, 15.0 ], "autoUv": false },
						"south": { "texture": "#bituminous", "uv": [ 1.0, 14.0, 15.0, 14.5 ], "autoUv": false },
						"west": { "texture": "#bituminous", "uv": [ 2.0, 1.0, 1.5, 15.0 ], "autoUv": false },
						"up": { "texture": "#bituminous", "uv": [ 1.0, 1.0, 15.0, 15.0 ], "autoUv": false }
					}
				}
			]
		},
		{
			"name": "OriginRing",
			"from": [ 2.0, 0.95, 2.0 ],
			"to": [ 2.0, 0.95, 2.0 ],
			"shade": false,
			"rotationOrigin": [ 2.0, 0.95, 2.0 ],
			"faces": {
			},
			"children": [
				{
					"name": "TopRing",
					"from": [ 0.0, 0.0, 0.0 ],
					"to": [ 0.0, 0.0, 0.0 ],
					"shade": false,
					"faces": {
					},
					"children": [
						{
							"name": "RingMount",
							"from": [ 5.8125, 6.9, 5.8125 ],
							"to": [ 6.1875, 7.275, 6.1875 ],
							"rotationOrigin": [ 5.775, 6.9, 5.775 ],
							"faces": {
								"north": { "texture": "#bituminous", "uv": [ 14.0, 9.0, 15.5, 10.5 ], "autoUv": false },
								"east": { "texture": "#bituminous", "uv": [ 6.0, 12.0, 7.5, 13.5 ], "autoUv": false },
								"south": { "texture": "#bituminous", "uv": [ 5.5, 12.5, 7.0, 14.0 ], "autoUv": false },
								"west": { "texture": "#bituminous", "uv": [ 7.0, 4.0, 8.5, 5.5 ], "autoUv": false },
								"up": { "texture": "#bituminous", "uv": [ 7.0, 0.0, 8.5, 1.5 ], "autoUv": false }
							}
						},
						{
							"name": "RingDL",
							"from": [ 2.925, -1.275, 0.0 ],
							"to": [ 2.925, -1.275, 0.0 ],
							"shade": false,
							"rotationOrigin": [ 5.925, 6.975, 6.0 ],
							"faces": {
							},
							"children": [
								{
									"name": "Cube154",
									"from": [ 2.97, 8.1, 5.8875 ],
									"to": [ 3.12, 8.4, 6.0375 ],
									"rotationOrigin": [ 2.925, 8.25, 5.925 ],
									"rotationZ": 90.0,
									"faces": {
										"north": { "texture": "#bituminous", "uv": [ 5.5, 7.5, 6.0, 8.0 ], "autoUv": false },
										"east": { "texture": "#bituminous", "uv": [ 12.5, 8.5, 13.0, 9.0 ], "autoUv": false },
										"south": { "texture": "#bituminous", "uv": [ 14.0, 12.0, 14.5, 12.5 ], "autoUv": false },
										"west": { "texture": "#bituminous", "uv": [ 12.0, 8.5, 12.5, 9.0 ], "autoUv": false },
										"up": { "texture": "#bituminous", "uv": [ 1.0, 1.0, 1.5, 1.5 ], "autoUv": false },
										"down": { "texture": "#bituminous", "uv": [ 11.5, 3.5, 12.0, 4.0 ], "autoUv": false }
									}
								},
								{
									"name": "Cube155",
									"from": [ 2.745, 8.175, 5.8875 ],
									"to": [ 2.895, 8.475, 6.0375 ],
									"rotationOrigin": [ 2.7, 8.325, 5.925 ],
									"rotationZ": 67.5,
									"faces": {
										"north": { "texture": "#bituminous", "uv": [ 2.5, 10.0, 2.75, 10.25 ], "autoUv": false },
										"east": { "texture": "#bituminous", "uv": [ 10.0, 9.0, 10.25, 9.25 ], "autoUv": false },
										"south": { "texture": "#bituminous", "uv": [ 3.5, 10.5, 3.75, 10.75 ], "autoUv": false },
										"west": { "texture": "#bituminous", "uv": [ 4.5, 15.5, 4.75, 15.75 ], "autoUv": false },
										"up": { "texture": "#bituminous", "uv": [ 5.0, 14.0, 5.25, 14.25 ], "autoUv": false },
										"down": { "texture": "#bituminous", "uv": [ 10.5, 8.5, 10.75, 8.75 ], "autoUv": false }
									}
								},
								{
									"name": "Cube156",
									"from": [ 2.595, 8.25, 5.8875 ],
									"to": [ 2.745, 8.55, 6.0375 ],
									"rotationOrigin": [ 2.55, 8.4, 5.925 ],
									"rotationZ": 60.0,
									"faces": {
										"north": { "texture": "#bituminous", "uv": [ 14.5, 11.0, 14.75, 11.25 ], "autoUv": false },
										"east": { "texture": "#bituminous", "uv": [ 13.5, 7.5, 13.75, 7.75 ], "autoUv": false },
										"south": { "texture": "#bituminous", "uv": [ 10.5, 3.0, 10.75, 3.25 ], "autoUv": false },
										"west": { "texture": "#bituminous", "uv": [ 7.5, 7.5, 7.75, 7.75 ], "autoUv": false },
										"up": { "texture": "#bituminous", "uv": [ 12.0, 9.0, 12.25, 9.25 ], "autoUv": false },
										"down": { "texture": "#bituminous", "uv": [ 8.0, 11.0, 8.25, 11.25 ], "autoUv": false }
									}
								},
								{
									"name": "Cube157",
									"from": [ 2.37, 8.4, 5.8875 ],
									"to": [ 2.52, 8.7, 6.0375 ],
									"rotationOrigin": [ 2.325, 8.55, 5.925 ],
									"rotationZ": 45.0,
									"faces": {
										"north": { "texture": "#bituminous", "uv": [ 11.5, 0.0, 11.75, 0.25 ], "autoUv": false },
										"east": { "texture": "#bituminous", "uv": [ 11.0, 11.5, 11.25, 11.75 ], "autoUv": false },
										"south": { "texture": "#bituminous", "uv": [ 11.5, 3.0, 11.75, 3.25 ], "autoUv": false },
										"west": { "texture": "#bituminous", "uv": [ 9.5, 11.5, 9.75, 11.75 ], "autoUv": false },
										"up": { "texture": "#bituminous", "uv": [ 3.0, 13.5, 3.25, 13.75 ], "autoUv": false },
										"down": { "texture": "#bituminous", "uv": [ 2.5, 9.0, 2.75, 9.25 ], "autoUv": false }
									}
								},
								{
									"name": "Cube158",
									"from": [ 2.22, 8.625, 5.8875 ],
									"to": [ 2.37, 8.925, 6.0375 ],
									"rotationOrigin": [ 2.175, 8.775, 5.925 ],
									"rotationZ": 30.0,
									"faces": {
										"north": { "texture": "#bituminous", "uv": [ 15.0, 11.0, 15.25, 11.25 ], "autoUv": false },
										"east": { "texture": "#bituminous", "uv": [ 3.0, 6.0, 3.25, 6.25 ], "autoUv": false },
										"south": { "texture": "#bituminous", "uv": [ 10.5, 0.0, 10.75, 0.25 ], "autoUv": false },
										"west": { "texture": "#bituminous", "uv": [ 2.5, 11.5, 2.75, 11.75 ], "autoUv": false },
										"up": { "texture": "#bituminous", "uv": [ 13.5, 2.0, 13.75, 2.25 ], "autoUv": false },
										"down": { "texture": "#bituminous", "uv": [ 0.5, 1.5, 0.75, 1.75 ], "autoUv": false }
									}
								},
								{
									"name": "Cube159",
									"from": [ 2.145, 8.85, 5.8875 ],
									"to": [ 2.295, 9.15, 6.0375 ],
									"rotationOrigin": [ 2.1, 9.0, 5.925 ],
									"rotationZ": 8.0,
									"faces": {
										"north": { "texture": "#bituminous", "uv": [ 5.0, 3.5, 5.25, 3.75 ], "autoUv": false },
										"east": { "texture": "#bituminous", "uv": [ 1.5, 15.0, 1.75, 15.25 ], "autoUv": false },
										"south": { "texture": "#bituminous", "uv": [ 2.5, 10.5, 2.75, 10.75 ], "autoUv": false },
										"west": { "texture": "#bituminous", "uv": [ 10.0, 6.5, 10.25, 6.75 ], "autoUv": false },
										"up": { "texture": "#bituminous", "uv": [ 6.5, 10.0, 6.75, 10.25 ], "autoUv": false },
										"down": { "texture": "#bituminous", "uv": [ 13.5, 9.5, 13.75, 9.75 ], "autoUv": false }
									}
								},
								{
									"name": "Cube160",
									"from": [ 2.145, 9.075, 5.8875 ],
									"to": [ 2.295, 9.375, 6.0375 ],
									"rotationOrigin": [ 2.1, 9.225, 5.925 ],
									"faces": {
										"north": { "texture": "#bituminous", "uv": [ 12.5, 8.5, 12.75, 8.75 ], "autoUv": false },
										"east": { "texture": "#bituminous", "uv": [ 12.0, 15.5, 12.25, 15.75 ], "autoUv": false },
										"south": { "texture": "#bituminous", "uv": [ 6.0, 11.0, 6.25, 11.25 ], "autoUv": false },
										"west": { "texture": "#bituminous", "uv": [ 5.5, 0.5, 5.75, 0.75 ], "autoUv": false },
										"up": { "texture": "#bituminous", "uv": [ 7.0, 7.5, 7.25, 7.75 ], "autoUv": false },
										"down": { "texture": "#bituminous", "uv": [ 13.5, 12.5, 13.75, 12.75 ], "autoUv": false }
									}
								}
							]
						},
						{
							"name": "RingUL",
							"from": [ 2.925, 0.525, -0.075 ],
							"to": [ 2.925, 0.525, -0.075 ],
							"shade": false,
							"rotationOrigin": [ 5.925, 8.775, 5.925 ],
							"rotationX": 180.0,
							"faces": {
							},
							"children": [
								{
									"name": "Cube161",
									"from": [ 3.045, 8.1, 5.8875 ],
									"to": [ 3.195, 8.4, 6.0375 ],
									"rotationOrigin": [ 3.0, 8.25, 5.925 ],
									"rotationZ": 90.0,
									"faces": {
										"north": { "texture": "#bituminous", "uv": [ 1.0, 11.5, 1.5, 12.0 ], "autoUv": false },
										"east": { "texture": "#bituminous", "uv": [ 7.0, 6.0, 7.5, 6.5 ], "autoUv": false },
										"south": { "texture": "#bituminous", "uv": [ 8.5, 5.0, 9.0, 5.5 ], "autoUv": false },
										"west": { "texture": "#bituminous", "uv": [ 2.5, 4.0, 3.0, 4.5 ], "autoUv": false },
										"up": { "texture": "#bituminous", "uv": [ 3.0, 9.5, 3.5, 10.0 ], "autoUv": false },
										"down": { "texture": "#bituminous", "uv": [ 11.5, 3.5, 12.0, 4.0 ], "autoUv": false }
									}
								},
								{
									"name": "Cube162",
									"from": [ 2.745, 8.175, 5.8875 ],
									"to": [ 2.895, 8.475, 6.0375 ],
									"rotationOrigin": [ 2.7, 8.325, 5.925 ],
									"rotationZ": 67.5,
									"faces": {
										"north": { "texture": "#bituminous", "uv": [ 5.5, 9.5, 6.0, 10.0 ], "autoUv": false },
										"east": { "texture": "#bituminous", "uv": [ 0.5, 6.0, 1.0, 6.5 ], "autoUv": false },
										"south": { "texture": "#bituminous", "uv": [ 10.5, 1.5, 11.0, 2.0 ], "autoUv": false },
										"west": { "texture": "#bituminous", "uv": [ 8.0, 15.0, 8.5, 15.5 ], "autoUv": false },
										"up": { "texture": "#bituminous", "uv": [ 2.0, 6.5, 2.5, 7.0 ], "autoUv": false },
										"down": { "texture": "#bituminous", "uv": [ 10.0, 1.0, 10.5, 1.5 ], "autoUv": false }
									}
								},
								{
									"name": "Cube163",
									"from": [ 2.595, 8.25, 5.8875 ],
									"to": [ 2.745, 8.55, 6.0375 ],
									"rotationOrigin": [ 2.55, 8.4, 5.925 ],
									"rotationZ": 60.0,
									"faces": {
										"north": { "texture": "#bituminous", "uv": [ 14.5, 4.5, 15.0, 5.0 ], "autoUv": false },
										"east": { "texture": "#bituminous", "uv": [ 3.0, 6.5, 3.5, 7.0 ], "autoUv": false },
										"south": { "texture": "#bituminous", "uv": [ 9.0, 2.0, 9.5, 2.5 ], "autoUv": false },
										"west": { "texture": "#bituminous", "uv": [ 6.0, 11.0, 6.5, 11.5 ], "autoUv": false },
										"up": { "texture": "#bituminous", "uv": [ 0.0, 0.0, 0.5, 0.5 ], "autoUv": false },
										"down": { "texture": "#bituminous", "uv": [ 9.5, 13.0, 10.0, 13.5 ], "autoUv": false }
									}
								},
								{
									"name": "Cube164",
									"from": [ 2.37, 8.4, 5.8875 ],
									"to": [ 2.52, 8.7, 6.0375 ],
									"rotationOrigin": [ 2.325, 8.55, 5.925 ],
									"rotationZ": 45.0,
									"faces": {
										"north": { "texture": "#bituminous", "uv": [ 8.5, 12.0, 9.0, 12.5 ], "autoUv": false },
										"east": { "texture": "#bituminous", "uv": [ 12.0, 9.5, 12.5, 10.0 ], "autoUv": false },
										"south": { "texture": "#bituminous", "uv": [ 14.5, 0.0, 15.0, 0.5 ], "autoUv": false },
										"west": { "texture": "#bituminous", "uv": [ 13.0, 2.5, 13.5, 3.0 ], "autoUv": false },
										"up": { "texture": "#bituminous", "uv": [ 3.0, 8.0, 3.5, 8.5 ], "autoUv": false },
										"down": { "texture": "#bituminous", "uv": [ 7.5, 6.0, 8.0, 6.5 ], "autoUv": false }
									}
								},
								{
									"name": "Cube165",
									"from": [ 2.22, 8.625, 5.8875 ],
									"to": [ 2.37, 8.925, 6.0375 ],
									"rotationOrigin": [ 2.175, 8.775, 5.925 ],
									"rotationZ": 30.0,
									"faces": {
										"north": { "texture": "#bituminous", "uv": [ 12.0, 11.5, 12.5, 12.0 ], "autoUv": false },
										"east": { "texture": "#bituminous", "uv": [ 9.5, 0.0, 10.0, 0.5 ], "autoUv": false },
										"south": { "texture": "#bituminous", "uv": [ 10.0, 14.0, 10.5, 14.5 ], "autoUv": false },
										"west": { "texture": "#bituminous", "uv": [ 12.0, 9.5, 12.5, 10.0 ], "autoUv": false },
										"up": { "texture": "#bituminous", "uv": [ 12.5, 9.5, 13.0, 10.0 ], "autoUv": false },
										"down": { "texture": "#bituminous", "uv": [ 15.0, 15.0, 15.5, 15.5 ], "autoUv": false }
									}
								},
								{
									"name": "Cube166",
									"from": [ 2.145, 8.85, 5.8875 ],
									"to": [ 2.295, 9.15, 6.0375 ],
									"rotationOrigin": [ 2.1, 9.0, 5.925 ],
									"rotationZ": 8.0,
									"faces": {
										"north": { "texture": "#bituminous", "uv": [ 13.5, 2.5, 14.0, 3.0 ], "autoUv": false },
										"east": { "texture": "#bituminous", "uv": [ 9.0, 13.0, 9.5, 13.5 ], "autoUv": false },
										"south": { "texture": "#bituminous", "uv": [ 8.5, 12.0, 9.0, 12.5 ], "autoUv": false },
										"west": { "texture": "#bituminous", "uv": [ 7.5, 7.5, 8.0, 8.0 ], "autoUv": false },
										"up": { "texture": "#bituminous", "uv": [ 5.5, 7.0, 6.0, 7.5 ], "autoUv": false },
										"down": { "texture": "#bituminous", "uv": [ 0.0, 8.5, 0.5, 9.0 ], "autoUv": false }
									}
								},
								{
									"name": "Cube167",
									"from": [ 2.145, 9.075, 5.8875 ],
									"to": [ 2.295, 9.375, 6.0375 ],
									"rotationOrigin": [ 2.1, 9.225, 5.925 ],
									"faces": {
										"north": { "texture": "#bituminous", "uv": [ 4.0, 4.5, 4.5, 5.0 ], "autoUv": false },
										"east": { "texture": "#bituminous", "uv": [ 13.5, 3.5, 14.0, 4.0 ], "autoUv": false },
										"south": { "texture": "#bituminous", "uv": [ 14.0, 13.5, 14.5, 14.0 ], "autoUv": false },
										"west": { "texture": "#bituminous", "uv": [ 2.0, 14.5, 2.5, 15.0 ], "autoUv": false },
										"up": { "texture": "#bituminous", "uv": [ 7.0, 1.0, 7.5, 1.5 ], "autoUv": false },
										"down": { "texture": "#bituminous", "uv": [ 12.0, 12.5, 12.5, 13.0 ], "autoUv": false }
									}
								}
							]
						},
						{
							"name": "RingDR",
							"from": [ 3.075, -1.275, -0.075 ],
							"to": [ 3.075, -1.275, -0.075 ],
							"shade": false,
							"rotationOrigin": [ 6.075, 6.975, 5.925 ],
							"rotationY": 180.0,
							"faces": {
							},
							"children": [
								{
									"name": "Cube168",
									"from": [ 2.97, 8.1, 5.8875 ],
									"to": [ 3.12, 8.4, 6.0375 ],
									"rotationOrigin": [ 2.925, 8.25, 5.925 ],
									"rotationZ": 90.0,
									"faces": {
										"north": { "texture": "#bituminous", "uv": [ 10.5, 7.0, 11.0, 7.5 ], "autoUv": false },
										"east": { "texture": "#bituminous", "uv": [ 6.5, 1.0, 7.0, 1.5 ], "autoUv": false },
										"south": { "texture": "#bituminous", "uv": [ 11.0, 9.0, 11.5, 9.5 ], "autoUv": false },
										"west": { "texture": "#bituminous", "uv": [ 5.0, 0.5, 5.5, 1.0 ], "autoUv": false },
										"up": { "texture": "#bituminous", "uv": [ 13.5, 11.0, 14.0, 11.5 ], "autoUv": false },
										"down": { "texture": "#bituminous", "uv": [ 13.0, 4.0, 13.5, 4.5 ], "autoUv": false }
									}
								},
								{
									"name": "Cube169",
									"from": [ 2.745, 8.175, 5.8875 ],
									"to": [ 2.895, 8.475, 6.0375 ],
									"rotationOrigin": [ 2.7, 8.325, 5.925 ],
									"rotationZ": 67.5,
									"faces": {
										"north": { "texture": "#bituminous", "uv": [ 4.0, 15.0, 4.5, 15.5 ], "autoUv": false },
										"east": { "texture": "#bituminous", "uv": [ 9.5, 5.5, 10.0, 6.0 ], "autoUv": false },
										"south": { "texture": "#bituminous", "uv": [ 2.0, 5.0, 2.5, 5.5 ], "autoUv": false },
										"west": { "texture": "#bituminous", "uv": [ 7.5, 3.5, 8.0, 4.0 ], "autoUv": false },
										"up": { "texture": "#bituminous", "uv": [ 0.5, 7.0, 1.0, 7.5 ], "autoUv": false },
										"down": { "texture": "#bituminous", "uv": [ 3.5, 1.5, 4.0, 2.0 ], "autoUv": false }
									}
								},
								{
									"name": "Cube170",
									"from": [ 2.595, 8.25, 5.8875 ],
									"to": [ 2.745, 8.55, 6.0375 ],
									"rotationOrigin": [ 2.55, 8.4, 5.925 ],
									"rotationZ": 60.0,
									"faces": {
										"north": { "texture": "#bituminous", "uv": [ 11.0, 8.0, 11.5, 8.5 ], "autoUv": false },
										"east": { "texture": "#bituminous", "uv": [ 3.5, 12.0, 4.0, 12.5 ], "autoUv": false },
										"south": { "texture": "#bituminous", "uv": [ 14.0, 0.5, 14.5, 1.0 ], "autoUv": false },
										"west": { "texture": "#bituminous", "uv": [ 9.0, 5.5, 9.5, 6.0 ], "autoUv": false },
										"up": { "texture": "#bituminous", "uv": [ 10.0, 13.5, 10.5, 14.0 ], "autoUv": false },
										"down": { "texture": "#bituminous", "uv": [ 9.0, 15.0, 9.5, 15.5 ], "autoUv": false }
									}
								},
								{
									"name": "Cube171",
									"from": [ 2.37, 8.4, 5.8875 ],
									"to": [ 2.52, 8.7, 6.0375 ],
									"rotationOrigin": [ 2.325, 8.55, 5.925 ],
									"rotationZ": 45.0,
									"faces": {
										"north": { "texture": "#bituminous", "uv": [ 15.0, 15.0, 15.5, 15.5 ], "autoUv": false },
										"east": { "texture": "#bituminous", "uv": [ 2.5, 13.0, 3.0, 13.5 ], "autoUv": false },
										"south": { "texture": "#bituminous", "uv": [ 0.5, 9.0, 1.0, 9.5 ], "autoUv": false },
										"west": { "texture": "#bituminous", "uv": [ 11.5, 0.5, 12.0, 1.0 ], "autoUv": false },
										"up": { "texture": "#bituminous", "uv": [ 10.0, 1.0, 10.5, 1.5 ], "autoUv": false },
										"down": { "texture": "#bituminous", "uv": [ 9.0, 0.5, 9.5, 1.0 ], "autoUv": false }
									}
								},
								{
									"name": "Cube172",
									"from": [ 2.22, 8.625, 5.8875 ],
									"to": [ 2.37, 8.925, 6.0375 ],
									"rotationOrigin": [ 2.175, 8.775, 5.925 ],
									"rotationZ": 30.0,
									"faces": {
										"north": { "texture": "#bituminous", "uv": [ 1.0, 6.0, 1.5, 6.5 ], "autoUv": false },
										"east": { "texture": "#bituminous", "uv": [ 4.5, 13.0, 5.0, 13.5 ], "autoUv": false },
										"south": { "texture": "#bituminous", "uv": [ 13.0, 12.0, 13.5, 12.5 ], "autoUv": false },
										"west": { "texture": "#bituminous", "uv": [ 2.5, 4.5, 3.0, 5.0 ], "autoUv": false },
										"up": { "texture": "#bituminous", "uv": [ 10.0, 11.5, 10.5, 12.0 ], "autoUv": false },
										"down": { "texture": "#bituminous", "uv": [ 13.5, 2.0, 14.0, 2.5 ], "autoUv": false }
									}
								},
								{
									"name": "Cube173",
									"from": [ 2.145, 8.85, 5.8875 ],
									"to": [ 2.295, 9.15, 6.0375 ],
									"rotationOrigin": [ 2.1, 9.0, 5.925 ],
									"rotationZ": 8.0,
									"faces": {
										"north": { "texture": "#bituminous", "uv": [ 14.0, 5.0, 14.5, 5.5 ], "autoUv": false },
										"east": { "texture": "#bituminous", "uv": [ 13.0, 11.5, 13.5, 12.0 ], "autoUv": false },
										"south": { "texture": "#bituminous", "uv": [ 4.0, 5.5, 4.5, 6.0 ], "autoUv": false },
										"west": { "texture": "#bituminous", "uv": [ 13.5, 7.0, 14.0, 7.5 ], "autoUv": false },
										"up": { "texture": "#bituminous", "uv": [ 4.0, 12.5, 4.5, 13.0 ], "autoUv": false },
										"down": { "texture": "#bituminous", "uv": [ 7.5, 11.5, 8.0, 12.0 ], "autoUv": false }
									}
								},
								{
									"name": "Cube174",
									"from": [ 2.145, 9.075, 5.8875 ],
									"to": [ 2.295, 9.375, 6.0375 ],
									"rotationOrigin": [ 2.1, 9.225, 5.925 ],
									"faces": {
										"north": { "texture": "#bituminous", "uv": [ 14.5, 5.0, 15.0, 5.5 ], "autoUv": false },
										"east": { "texture": "#bituminous", "uv": [ 5.5, 15.0, 6.0, 15.5 ], "autoUv": false },
										"south": { "texture": "#bituminous", "uv": [ 4.0, 13.0, 4.5, 13.5 ], "autoUv": false },
										"west": { "texture": "#bituminous", "uv": [ 10.5, 0.5, 11.0, 1.0 ], "autoUv": false },
										"up": { "texture": "#bituminous", "uv": [ 9.5, 9.5, 10.0, 10.0 ], "autoUv": false },
										"down": { "texture": "#bituminous", "uv": [ 11.0, 7.0, 11.5, 7.5 ], "autoUv": false }
									}
								}
							]
						},
						{
							"name": "RingUR",
							"from": [ 3.075, 0.525, 0.0 ],
							"to": [ 3.075, 0.525, 0.0 ],
							"shade": false,
							"rotationOrigin": [ 6.075, 8.775, 6.0 ],
							"rotationX": 180.0,
							"rotationY": 180.0,
							"faces": {
							},
							"children": [
								{
									"name": "Cube175",
									"from": [ 3.045, 8.1, 5.8875 ],
									"to": [ 3.195, 8.4, 6.0375 ],
									"rotationOrigin": [ 3.0, 8.25, 5.925 ],
									"rotationZ": 90.0,
									"faces": {
										"north": { "texture": "#bituminous", "uv": [ 10.0, 4.5, 10.5, 5.0 ], "autoUv": false },
										"east": { "texture": "#bituminous", "uv": [ 11.5, 3.5, 12.0, 4.0 ], "autoUv": false },
										"south": { "texture": "#bituminous", "uv": [ 6.5, 2.0, 7.0, 2.5 ], "autoUv": false },
										"west": { "texture": "#bituminous", "uv": [ 10.0, 12.5, 10.5, 13.0 ], "autoUv": false },
										"up": { "texture": "#bituminous", "uv": [ 1.5, 8.5, 2.0, 9.0 ], "autoUv": false },
										"down": { "texture": "#bituminous", "uv": [ 11.0, 7.5, 11.5, 8.0 ], "autoUv": false }
									}
								},
								{
									"name": "Cube176",
									"from": [ 2.745, 8.175, 5.8875 ],
									"to": [ 2.895, 8.475, 6.0375 ],
									"rotationOrigin": [ 2.7, 8.325, 5.925 ],
									"rotationZ": 67.5,
									"faces": {
										"north": { "texture": "#bituminous", "uv": [ 0.0, 9.0, 0.5, 9.5 ], "autoUv": false },
										"east": { "texture": "#bituminous", "uv": [ 9.5, 13.0, 10.0, 13.5 ], "autoUv": false },
										"south": { "texture": "#bituminous", "uv": [ 12.0, 11.0, 12.5, 11.5 ], "autoUv": false },
										"west": { "texture": "#bituminous", "uv": [ 10.5, 0.5, 11.0, 1.0 ], "autoUv": false },
										"up": { "texture": "#bituminous", "uv": [ 1.5, 5.5, 2.0, 6.0 ], "autoUv": false },
										"down": { "texture": "#bituminous", "uv": [ 14.0, 2.5, 14.5, 3.0 ], "autoUv": false }
									}
								},
								{
									"name": "Cube177",
									"from": [ 2.595, 8.25, 5.8875 ],
									"to": [ 2.745, 8.55, 6.0375 ],
									"rotationOrigin": [ 2.55, 8.4, 5.925 ],
									"rotationZ": 60.0,
									"faces": {
										"north": { "texture": "#bituminous", "uv": [ 5.5, 12.0, 6.0, 12.5 ], "autoUv": false },
										"east": { "texture": "#bituminous", "uv": [ 9.0, 12.5, 9.5, 13.0 ], "autoUv": false },
										"south": { "texture": "#bituminous", "uv": [ 11.0, 5.0, 11.5, 5.5 ], "autoUv": false },
										"west": { "texture": "#bituminous", "uv": [ 6.5, 13.5, 7.0, 14.0 ], "autoUv": false },
										"up": { "texture": "#bituminous", "uv": [ 7.0, 7.0, 7.5, 7.5 ], "autoUv": false },
										"down": { "texture": "#bituminous", "uv": [ 10.0, 5.5, 10.5, 6.0 ], "autoUv": false }
									}
								},
								{
									"name": "Cube178",
									"from": [ 2.37, 8.4, 5.8875 ],
									"to": [ 2.52, 8.7, 6.0375 ],
									"rotationOrigin": [ 2.325, 8.55, 5.925 ],
									"rotationZ": 45.0,
									"faces": {
										"north": { "texture": "#bituminous", "uv": [ 1.5, 11.0, 2.0, 11.5 ], "autoUv": false },
										"east": { "texture": "#bituminous", "uv": [ 11.5, 2.0, 12.0, 2.5 ], "autoUv": false },
										"south": { "texture": "#bituminous", "uv": [ 11.0, 6.0, 11.5, 6.5 ], "autoUv": false },
										"west": { "texture": "#bituminous", "uv": [ 0.5, 0.5, 1.0, 1.0 ], "autoUv": false },
										"up": { "texture": "#bituminous", "uv": [ 0.5, 12.0, 1.0, 12.5 ], "autoUv": false },
										"down": { "texture": "#bituminous", "uv": [ 2.0, 4.5, 2.5, 5.0 ], "autoUv": false }
									}
								},
								{
									"name": "Cube179",
									"from": [ 2.22, 8.625, 5.8875 ],
									"to": [ 2.37, 8.925, 6.0375 ],
									"rotationOrigin": [ 2.175, 8.775, 5.925 ],
									"rotationZ": 30.0,
									"faces": {
										"north": { "texture": "#bituminous", "uv": [ 0.5, 3.5, 1.0, 4.0 ], "autoUv": false },
										"east": { "texture": "#bituminous", "uv": [ 7.5, 8.0, 8.0, 8.5 ], "autoUv": false },
										"south": { "texture": "#bituminous", "uv": [ 11.0, 12.5, 11.5, 13.0 ], "autoUv": false },
										"west": { "texture": "#bituminous", "uv": [ 10.5, 15.0, 11.0, 15.5 ], "autoUv": false },
										"up": { "texture": "#bituminous", "uv": [ 0.5, 0.0, 1.0, 0.5 ], "autoUv": false },
										"down": { "texture": "#bituminous", "uv": [ 6.0, 1.5, 6.5, 2.0 ], "autoUv": false }
									}
								},
								{
									"name": "Cube180",
									"from": [ 2.145, 8.85, 5.8875 ],
									"to": [ 2.295, 9.15, 6.0375 ],
									"rotationOrigin": [ 2.1, 9.0, 5.925 ],
									"rotationZ": 8.0,
									"faces": {
										"north": { "texture": "#bituminous", "uv": [ 5.0, 2.5, 5.5, 3.0 ], "autoUv": false },
										"east": { "texture": "#bituminous", "uv": [ 5.5, 12.5, 6.0, 13.0 ], "autoUv": false },
										"south": { "texture": "#bituminous", "uv": [ 6.5, 13.0, 7.0, 13.5 ], "autoUv": false },
										"west": { "texture": "#bituminous", "uv": [ 5.0, 10.0, 5.5, 10.5 ], "autoUv": false },
										"up": { "texture": "#bituminous", "uv": [ 9.5, 5.0, 10.0, 5.5 ], "autoUv": false },
										"down": { "texture": "#bituminous", "uv": [ 2.5, 5.5, 3.0, 6.0 ], "autoUv": false }
									}
								},
								{
									"name": "Cube181",
									"from": [ 2.145, 9.075, 5.8875 ],
									"to": [ 2.295, 9.375, 6.0375 ],
									"rotationOrigin": [ 2.1, 9.225, 5.925 ],
									"faces": {
										"north": { "texture": "#bituminous", "uv": [ 4.0, 1.5, 4.5, 2.0 ], "autoUv": false },
										"east": { "texture": "#bituminous", "uv": [ 1.5, 4.5, 2.0, 5.0 ], "autoUv": false },
										"south": { "texture": "#bituminous", "uv": [ 0.5, 5.5, 1.0, 6.0 ], "autoUv": false },
										"west": { "texture": "#bituminous", "uv": [ 1.5, 1.5, 2.0, 2.0 ], "autoUv": false },
										"up": { "texture": "#bituminous", "uv": [ 0.0, 1.5, 0.5, 2.0 ], "autoUv": false },
										"down": { "texture": "#bituminous", "uv": [ 8.5, 2.0, 9.0, 2.5 ], "autoUv": false }
									}
								}
							]
						}
					]
				}
			]
		}
	]}