{
	"editor": {
		"allAngles": false,
		"entityTextureMode": false
	},
	"textureWidth": 16,
	"textureHeight": 16,
	"textureSizes": {
	},
	"textures": {
		"Pattern05-bottom": "apelanterns:block/metal/pattern05-bottom",
		"Pattern05-top": "apelanterns:block/metal/pattern05-top",
		"candle": "game:block/candle",
		"bituminous": "game:block/coal/bituminous",
		"smoky": "game:block/glass/smoky"
	},
	"elements": [
		{
			"name": "Origin",
			"from": [ 0.0, 2.0, 5.0 ],
			"to": [ 0.0, 2.0, 5.0 ],
			"rotationOrigin": [ 0.0, 2.0, 5.0 ],
			"faces": {
			},
			"children": [
				{
					"name": "Base",
					"from": [ 5.0, 0.0, 5.0 ],
					"to": [ 11.0, 0.3, 11.0 ],
					"rotationOrigin": [ 5.0, 0.0, 5.0 ],
					"faces": {
						"north": { "texture": "#bituminous", "uv": [ 0.0, 0.0, 16.0, 0.5 ], "autoUv": false },
						"east": { "texture": "#bituminous", "uv": [ 15.5, 0.0, 16.0, 16.0 ], "autoUv": false },
						"south": { "texture": "#bituminous", "uv": [ 0.0, 16.0, 16.0, 15.5 ], "autoUv": false },
						"west": { "texture": "#bituminous", "uv": [ 0.0, 0.0, 0.5, 16.0 ], "autoUv": false },
						"up": { "texture": "#bituminous", "uv": [ 0.0, 0.0, 16.0, 16.0 ], "autoUv": false },
						"down": { "texture": "#bituminous", "uv": [ 0.0, 0.0, 16.0, 16.0 ], "autoUv": false }
					}
				},
				{
					"name": "Base2",
					"from": [ 5.3, 0.3, 5.3 ],
					"to": [ 10.7, 0.6, 10.7 ],
					"rotationOrigin": [ 5.3, 0.3, 5.3 ],
					"faces": {
						"north": { "texture": "#bituminous", "uv": [ 1.0, 1.0, 15.0, 1.5 ], "autoUv": false },
						"east": { "texture": "#bituminous", "uv": [ 14.0, 1.0, 14.5, 15.0 ], "autoUv": false },
						"south": { "texture": "#bituminous", "uv": [ 1.0, 14.0, 15.0, 14.5 ], "autoUv": false },
						"west": { "texture": "#bituminous", "uv": [ 2.0, 1.0, 1.5, 15.0 ], "autoUv": false },
						"up": { "texture": "#bituminous", "uv": [ 1.0, 1.0, 15.0, 15.0 ], "autoUv": false }
					}
				},
				{
					"name": "Base3",
					"from": [ 5.6, 0.6, 5.6 ],
					"to": [ 10.4, 0.9, 10.4 ],
					"rotationOrigin": [ 5.6, 0.6, 5.6 ],
					"faces": {
						"north": { "texture": "#bituminous", "uv": [ 3.0, 2.5, 7.5, 3.0 ] },
						"east": { "texture": "#bituminous", "uv": [ 2.5, 2.5, 7.0, 3.0 ] },
						"south": { "texture": "#bituminous", "uv": [ 1.5, 2.0, 6.0, 2.5 ] },
						"west": { "texture": "#bituminous", "uv": [ 1.5, 2.0, 6.0, 2.5 ] },
						"up": { "texture": "#bituminous", "uv": [ 3.0, 3.0, 13.0, 13.0 ], "autoUv": false }
					}
				},
				{
					"name": "Cube2",
					"from": [ 5.6, 0.9, 5.6 ],
					"to": [ 5.9, 11.9, 5.9 ],
					"rotationOrigin": [ 5.6, 0.9, 5.6 ],
					"faces": {
						"north": { "texture": "#bituminous", "uv": [ 2.0, 2.0, 3.5, 11.0 ], "autoUv": false },
						"east": { "texture": "#bituminous", "uv": [ 2.5, 1.0, 4.0, 10.0 ], "autoUv": false },
						"south": { "texture": "#bituminous", "uv": [ 1.5, 2.0, 3.0, 11.0 ], "autoUv": false },
						"west": { "texture": "#bituminous", "uv": [ 1.0, 3.5, 2.5, 12.5 ], "autoUv": false },
						"up": { "texture": "#bituminous", "uv": [ 0.0, 0.0, 0.5, 0.5 ] }
					}
				},
				{
					"name": "Cube3",
					"from": [ 10.1, 0.9, 5.6 ],
					"to": [ 10.4, 11.9, 5.9 ],
					"rotationOrigin": [ 10.1, 0.9, 5.6 ],
					"faces": {
						"north": { "texture": "#bituminous", "uv": [ 1.5, 1.5, 3.0, 10.5 ], "autoUv": false },
						"east": { "texture": "#bituminous", "uv": [ 1.5, 0.5, 3.0, 9.5 ], "autoUv": false },
						"south": { "texture": "#bituminous", "uv": [ 2.5, 1.5, 4.0, 10.5 ], "autoUv": false },
						"west": { "texture": "#bituminous", "uv": [ 4.0, 1.0, 5.5, 10.0 ], "autoUv": false },
						"up": { "texture": "#bituminous", "uv": [ 0.0, 0.0, 0.5, 0.5 ] }
					}
				},
				{
					"name": "Cube4",
					"from": [ 5.6, 0.9, 10.1 ],
					"to": [ 5.9, 11.9, 10.4 ],
					"rotationOrigin": [ 5.6, 0.9, 10.1 ],
					"faces": {
						"north": { "texture": "#bituminous", "uv": [ 2.5, 0.5, 4.0, 9.5 ], "autoUv": false },
						"east": { "texture": "#bituminous", "uv": [ 6.5, 1.0, 8.0, 10.0 ], "autoUv": false },
						"south": { "texture": "#bituminous", "uv": [ 4.0, 2.0, 5.5, 11.0 ], "autoUv": false },
						"west": { "texture": "#bituminous", "uv": [ 6.5, 1.5, 8.0, 10.5 ], "autoUv": false },
						"up": { "texture": "#bituminous", "uv": [ 3.5, 4.0, 4.0, 4.5 ] }
					}
				},
				{
					"name": "Cube5",
					"from": [ 10.1, 0.9, 10.1 ],
					"to": [ 10.4, 11.9, 10.4 ],
					"rotationOrigin": [ 10.1, 0.9, 10.1 ],
					"faces": {
						"north": { "texture": "#bituminous", "uv": [ 14.5, 3.5, 16.0, 12.5 ], "autoUv": false },
						"east": { "texture": "#bituminous", "uv": [ 14.0, 1.0, 15.5, 10.0 ], "autoUv": false },
						"south": { "texture": "#bituminous", "uv": [ 11.5, 4.0, 13.0, 13.0 ], "autoUv": false },
						"west": { "texture": "#bituminous", "uv": [ 13.5, 3.0, 15.0, 12.0 ], "autoUv": false },
						"up": { "texture": "#bituminous", "uv": [ 3.5, 3.5, 4.0, 4.0 ] }
					}
				},
				{
					"name": "Candle",
					"from": [ 2.5, 0.0, 8.0 ],
					"to": [ 2.5, 0.0, 8.0 ],
					"rotationOrigin": [ 2.5, 0.0, 8.0 ],
					"rotationY": 45.0,
					"faces": {
					},
					"children": [
						{
							"name": "Candle1",
							"from": [ 3.7, 1.0, 3.7 ],
							"to": [ 4.7, 4.6, 4.7 ],
							"shade": false,
							"rotationOrigin": [ 3.7, 1.0, 3.7 ],
							"rotationY": 22.5,
							"faces": {
								"north": { "texture": "#candle", "uv": [ 2.0, 0.0, 5.0, 6.0 ], "autoUv": false },
								"east": { "texture": "#candle", "uv": [ 2.0, 0.0, 5.0, 6.0 ], "autoUv": false },
								"south": { "texture": "#candle", "uv": [ 2.0, 0.0, 5.0, 6.0 ], "autoUv": false, "windMode": [-1,-1,-1,-1] },
								"west": { "texture": "#candle", "uv": [ 2.0, 0.0, 5.0, 6.0 ], "autoUv": false },
								"up": { "texture": "#candle", "uv": [ 2.0, 0.0, 5.0, 6.0 ], "autoUv": false }
							}
						},
						{
							"name": "Flame",
							"from": [ 4.18, 4.4, 3.88 ],
							"to": [ 4.43, 4.9, 4.13 ],
							"shade": false,
							"rotationOrigin": [ 4.15, 4.4, 3.85 ],
							"faces": {
								"north": { "texture": "#candle", "uv": [ 0.0, 0.0, 2.0, 2.5 ], "glow": 128, "autoUv": false },
								"east": { "texture": "#candle", "uv": [ 0.0, 0.0, 2.0, 2.5 ], "glow": 128, "autoUv": false },
								"south": { "texture": "#candle", "uv": [ 0.0, 0.0, 2.0, 2.5 ], "glow": 128, "autoUv": false },
								"west": { "texture": "#candle", "uv": [ 0.0, 0.0, 2.0, 2.5 ], "glow": 128, "autoUv": false },
								"up": { "texture": "#candle", "uv": [ 0.0, 0.0, 2.0, 2.5 ], "glow": 128, "autoUv": false }
							}
						},
						{
							"name": "Candle2",
							"from": [ 3.15, 1.0, 3.5 ],
							"to": [ 3.65, 1.5, 4.5 ],
							"shade": false,
							"rotationOrigin": [ 3.15, 1.0, 3.5 ],
							"rotationY": 7.0,
							"rotationZ": -4.0,
							"faces": {
								"north": { "texture": "#candle", "uv": [ 2.0, 0.0, 5.0, 6.0 ], "autoUv": false },
								"east": { "texture": "#candle", "uv": [ 2.0, 0.0, 5.0, 6.0 ], "autoUv": false },
								"south": { "texture": "#candle", "uv": [ 2.0, 0.0, 5.0, 6.0 ], "autoUv": false },
								"west": { "texture": "#candle", "uv": [ 2.0, 0.0, 5.0, 6.0 ], "autoUv": false },
								"up": { "texture": "#candle", "uv": [ 2.0, 0.0, 5.0, 6.0 ], "autoUv": false }
							}
						},
						{
							"name": "Candle3",
							"from": [ 4.3, 0.9, 3.5 ],
							"to": [ 4.8, 1.4, 4.5 ],
							"shade": false,
							"rotationOrigin": [ 4.3, 0.9, 3.5 ],
							"rotationY": 5.0,
							"rotationZ": 6.0,
							"faces": {
								"north": { "texture": "#candle", "uv": [ 2.0, 0.0, 5.0, 6.0 ], "autoUv": false },
								"east": { "texture": "#candle", "uv": [ 2.0, 0.0, 5.0, 6.0 ], "autoUv": false },
								"south": { "texture": "#candle", "uv": [ 2.0, 0.0, 5.0, 6.0 ], "autoUv": false },
								"west": { "texture": "#candle", "uv": [ 2.0, 0.0, 5.0, 6.0 ], "autoUv": false },
								"up": { "texture": "#candle", "uv": [ 2.0, 0.0, 5.0, 6.0 ], "autoUv": false }
							}
						},
						{
							"name": "Candle4",
							"from": [ 2.45, 0.9, 3.1 ],
							"to": [ 3.55, 1.4, 3.7 ],
							"shade": false,
							"rotationOrigin": [ 2.45, 0.9, 3.1 ],
							"rotationY": 5.0,
							"rotationZ": 6.0,
							"faces": {
								"north": { "texture": "#candle", "uv": [ 2.0, 0.0, 5.0, 6.0 ], "autoUv": false },
								"east": { "texture": "#candle", "uv": [ 2.0, 0.0, 5.0, 6.0 ], "autoUv": false },
								"south": { "texture": "#candle", "uv": [ 2.0, 0.0, 5.0, 6.0 ], "autoUv": false },
								"west": { "texture": "#candle", "uv": [ 2.0, 0.0, 5.0, 6.0 ], "autoUv": false },
								"up": { "texture": "#candle", "uv": [ 2.0, 0.0, 5.0, 6.0 ], "autoUv": false }
							}
						},
						{
							"name": "Candle5",
							"from": [ 3.45, 0.9, 4.1 ],
							"to": [ 4.55, 1.4, 4.7 ],
							"shade": false,
							"rotationOrigin": [ 3.45, 0.9, 4.1 ],
							"rotationY": 5.0,
							"rotationZ": 6.0,
							"faces": {
								"north": { "texture": "#candle", "uv": [ 2.0, 0.0, 5.0, 6.0 ], "autoUv": false },
								"east": { "texture": "#candle", "uv": [ 2.0, 0.0, 5.0, 6.0 ], "autoUv": false },
								"south": { "texture": "#candle", "uv": [ 2.0, 0.0, 5.0, 6.0 ], "autoUv": false },
								"west": { "texture": "#candle", "uv": [ 2.0, 0.0, 5.0, 6.0 ], "autoUv": false },
								"up": { "texture": "#candle", "uv": [ 2.0, 0.0, 5.0, 6.0 ], "autoUv": false }
							}
						},
						{
							"name": "Candle6",
							"from": [ 2.7, 1.0, 3.5 ],
							"to": [ 3.05, 1.3, 3.9 ],
							"shade": false,
							"rotationOrigin": [ 2.7, 1.0, 3.5 ],
							"rotationY": 7.0,
							"rotationZ": -4.0,
							"faces": {
								"north": { "texture": "#candle", "uv": [ 2.0, 0.0, 5.0, 6.0 ], "autoUv": false },
								"east": { "texture": "#candle", "uv": [ 2.0, 0.0, 5.0, 6.0 ], "autoUv": false },
								"south": { "texture": "#candle", "uv": [ 2.0, 0.0, 5.0, 6.0 ], "autoUv": false },
								"west": { "texture": "#candle", "uv": [ 2.0, 0.0, 5.0, 6.0 ], "autoUv": false },
								"up": { "texture": "#candle", "uv": [ 2.0, 0.0, 5.0, 6.0 ], "autoUv": false }
							}
						},
						{
							"name": "Candle7",
							"from": [ 2.9, 0.9, 2.9 ],
							"to": [ 3.35, 1.15, 3.35 ],
							"shade": false,
							"rotationOrigin": [ 2.9, 0.9, 2.9 ],
							"rotationX": 5.0,
							"rotationY": 22.5,
							"faces": {
								"north": { "texture": "#candle", "uv": [ 2.0, 0.0, 5.0, 6.0 ], "autoUv": false },
								"east": { "texture": "#candle", "uv": [ 2.0, 0.0, 5.0, 6.0 ], "autoUv": false },
								"south": { "texture": "#candle", "uv": [ 2.0, 0.0, 5.0, 6.0 ], "autoUv": false },
								"west": { "texture": "#candle", "uv": [ 2.0, 0.0, 5.0, 6.0 ], "autoUv": false },
								"up": { "texture": "#candle", "uv": [ 2.0, 0.0, 5.0, 6.0 ], "autoUv": false }
							}
						},
						{
							"name": "Candle8",
							"from": [ 4.6, 0.9, 3.4 ],
							"to": [ 5.05, 1.15, 3.85 ],
							"shade": false,
							"rotationOrigin": [ 4.6, 0.9, 3.4 ],
							"rotationX": 5.0,
							"rotationY": 45.0,
							"faces": {
								"north": { "texture": "#candle", "uv": [ 2.0, 0.0, 5.0, 6.0 ], "autoUv": false },
								"east": { "texture": "#candle", "uv": [ 2.0, 0.0, 5.0, 6.0 ], "autoUv": false },
								"south": { "texture": "#candle", "uv": [ 2.0, 0.0, 5.0, 6.0 ], "autoUv": false },
								"west": { "texture": "#candle", "uv": [ 2.0, 0.0, 5.0, 6.0 ], "autoUv": false },
								"up": { "texture": "#candle", "uv": [ 2.0, 0.0, 5.0, 6.0 ], "autoUv": false }
							}
						},
						{
							"name": "Candle9",
							"from": [ 4.8, 0.9, 4.0 ],
							"to": [ 5.25, 1.15, 4.45 ],
							"shade": false,
							"rotationOrigin": [ 4.8, 0.9, 4.0 ],
							"rotationX": 5.0,
							"rotationY": -22.5,
							"faces": {
								"north": { "texture": "#candle", "uv": [ 2.0, 0.0, 5.0, 6.0 ], "autoUv": false },
								"east": { "texture": "#candle", "uv": [ 2.0, 0.0, 5.0, 6.0 ], "autoUv": false },
								"south": { "texture": "#candle", "uv": [ 2.0, 0.0, 5.0, 6.0 ], "autoUv": false },
								"west": { "texture": "#candle", "uv": [ 2.0, 0.0, 5.0, 6.0 ], "autoUv": false },
								"up": { "texture": "#candle", "uv": [ 2.0, 0.0, 5.0, 6.0 ], "autoUv": false }
							}
						},
						{
							"name": "Candle10",
							"from": [ 4.1, 0.9, 4.4 ],
							"to": [ 4.55, 1.15, 4.85 ],
							"shade": false,
							"rotationOrigin": [ 4.1, 0.9, 4.4 ],
							"rotationX": 5.0,
							"rotationY": -22.5,
							"faces": {
								"north": { "texture": "#candle", "uv": [ 2.0, 0.0, 5.0, 6.0 ], "autoUv": false },
								"east": { "texture": "#candle", "uv": [ 2.0, 0.0, 5.0, 6.0 ], "autoUv": false },
								"south": { "texture": "#candle", "uv": [ 2.0, 0.0, 5.0, 6.0 ], "autoUv": false },
								"west": { "texture": "#candle", "uv": [ 2.0, 0.0, 5.0, 6.0 ], "autoUv": false },
								"up": { "texture": "#candle", "uv": [ 2.0, 0.0, 5.0, 6.0 ], "autoUv": false }
							}
						},
						{
							"name": "Candle11",
							"from": [ 3.6, 0.9, 4.4 ],
							"to": [ 4.05, 1.15, 4.85 ],
							"shade": false,
							"rotationOrigin": [ 3.6, 0.9, 4.4 ],
							"rotationX": 5.0,
							"rotationY": -45.0,
							"faces": {
								"north": { "texture": "#candle", "uv": [ 2.0, 0.0, 5.0, 6.0 ], "autoUv": false },
								"east": { "texture": "#candle", "uv": [ 2.0, 0.0, 5.0, 6.0 ], "autoUv": false },
								"south": { "texture": "#candle", "uv": [ 2.0, 0.0, 5.0, 6.0 ], "autoUv": false },
								"west": { "texture": "#candle", "uv": [ 2.0, 0.0, 5.0, 6.0 ], "autoUv": false },
								"up": { "texture": "#candle", "uv": [ 2.0, 0.0, 5.0, 6.0 ], "autoUv": false }
							}
						},
						{
							"name": "Candle12",
							"from": [ 3.1, 0.9, 4.05 ],
							"to": [ 3.55, 1.15, 4.5 ],
							"shade": false,
							"rotationOrigin": [ 3.1, 0.9, 4.05 ],
							"rotationX": 5.0,
							"rotationY": -67.5,
							"faces": {
								"north": { "texture": "#candle", "uv": [ 2.0, 0.0, 5.0, 6.0 ], "autoUv": false },
								"east": { "texture": "#candle", "uv": [ 2.0, 0.0, 5.0, 6.0 ], "autoUv": false },
								"south": { "texture": "#candle", "uv": [ 2.0, 0.0, 5.0, 6.0 ], "autoUv": false },
								"west": { "texture": "#candle", "uv": [ 2.0, 0.0, 5.0, 6.0 ], "autoUv": false },
								"up": { "texture": "#candle", "uv": [ 2.0, 0.0, 5.0, 6.0 ], "autoUv": false }
							}
						},
						{
							"name": "Candle13",
							"from": [ 3.2, 0.8, 2.5 ],
							"to": [ 4.2, 2.8, 3.5 ],
							"shade": false,
							"rotationOrigin": [ 3.2, 0.8, 2.5 ],
							"faces": {
								"north": { "texture": "#candle", "uv": [ 2.0, 0.0, 5.0, 6.0 ], "autoUv": false },
								"east": { "texture": "#candle", "uv": [ 2.0, 0.0, 5.0, 6.0 ], "autoUv": false },
								"south": { "texture": "#candle", "uv": [ 2.0, 0.0, 5.0, 6.0 ], "autoUv": false },
								"west": { "texture": "#candle", "uv": [ 2.0, 0.0, 5.0, 6.0 ], "autoUv": false },
								"up": { "texture": "#candle", "uv": [ 2.0, 0.0, 5.0, 6.0 ], "autoUv": false }
							}
						},
						{
							"name": "Flame2",
							"from": [ 3.58, 2.7, 2.88 ],
							"to": [ 3.83, 3.2, 3.13 ],
							"shade": false,
							"rotationOrigin": [ 3.55, 2.7, 2.85 ],
							"faces": {
								"north": { "texture": "#candle", "uv": [ 0.0, 0.0, 2.0, 2.5 ], "glow": 128, "autoUv": false },
								"east": { "texture": "#candle", "uv": [ 0.0, 0.0, 2.0, 2.5 ], "glow": 128, "autoUv": false },
								"south": { "texture": "#candle", "uv": [ 0.0, 0.0, 2.0, 2.5 ], "glow": 128, "autoUv": false },
								"west": { "texture": "#candle", "uv": [ 0.0, 0.0, 2.0, 2.5 ], "glow": 128, "autoUv": false },
								"up": { "texture": "#candle", "uv": [ 0.0, 0.0, 2.0, 2.5 ], "glow": 128, "autoUv": false }
							}
						},
						{
							"name": "Candle14",
							"from": [ 4.8, 0.8, 4.1 ],
							"to": [ 5.25, 1.05, 4.55 ],
							"shade": false,
							"rotationOrigin": [ 4.8, 0.8, 4.1 ],
							"rotationX": 5.0,
							"rotationY": -45.0,
							"faces": {
								"north": { "texture": "#candle", "uv": [ 2.0, 0.0, 5.0, 6.0 ], "autoUv": false },
								"east": { "texture": "#candle", "uv": [ 2.0, 0.0, 5.0, 6.0 ], "autoUv": false },
								"south": { "texture": "#candle", "uv": [ 2.0, 0.0, 5.0, 6.0 ], "autoUv": false },
								"west": { "texture": "#candle", "uv": [ 2.0, 0.0, 5.0, 6.0 ], "autoUv": false },
								"up": { "texture": "#candle", "uv": [ 2.0, 0.0, 5.0, 6.0 ], "autoUv": false }
							}
						},
						{
							"name": "Candle15",
							"from": [ 5.1, 0.8, 3.5 ],
							"to": [ 5.55, 1.05, 4.05 ],
							"shade": false,
							"rotationOrigin": [ 5.1, 0.8, 3.5 ],
							"rotationX": 5.0,
							"rotationY": -45.0,
							"faces": {
								"north": { "texture": "#candle", "uv": [ 2.0, 0.0, 5.0, 6.0 ], "autoUv": false },
								"east": { "texture": "#candle", "uv": [ 2.0, 0.0, 5.0, 6.0 ], "autoUv": false },
								"south": { "texture": "#candle", "uv": [ 2.0, 0.0, 5.0, 6.0 ], "autoUv": false },
								"west": { "texture": "#candle", "uv": [ 2.0, 0.0, 5.0, 6.0 ], "autoUv": false },
								"up": { "texture": "#candle", "uv": [ 2.0, 0.0, 5.0, 6.0 ], "autoUv": false }
							}
						},
						{
							"name": "Candle16",
							"from": [ 3.2, 0.8, 2.5 ],
							"to": [ 4.2, 3.1, 3.5 ],
							"shade": false,
							"rotationOrigin": [ 2.6, 0.8, 3.4 ],
							"rotationY": -67.5,
							"faces": {
								"north": { "texture": "#candle", "uv": [ 2.0, 0.0, 5.0, 6.0 ], "autoUv": false },
								"east": { "texture": "#candle", "uv": [ 2.0, 0.0, 5.0, 6.0 ], "autoUv": false },
								"south": { "texture": "#candle", "uv": [ 2.0, 0.0, 5.0, 6.0 ], "autoUv": false },
								"west": { "texture": "#candle", "uv": [ 2.0, 0.0, 5.0, 6.0 ], "autoUv": false },
								"up": { "texture": "#candle", "uv": [ 2.0, 0.0, 5.0, 6.0 ], "autoUv": false }
							}
						},
						{
							"name": "Flame3",
							"from": [ 3.18, 2.9, 4.18 ],
							"to": [ 3.43, 3.4, 4.43 ],
							"shade": false,
							"rotationOrigin": [ 3.15, 2.9, 4.15 ],
							"faces": {
								"north": { "texture": "#candle", "uv": [ 0.0, 0.0, 2.0, 2.5 ], "glow": 128, "autoUv": false },
								"east": { "texture": "#candle", "uv": [ 0.0, 0.0, 2.0, 2.5 ], "glow": 128, "autoUv": false },
								"south": { "texture": "#candle", "uv": [ 0.0, 0.0, 2.0, 2.5 ], "glow": 128, "autoUv": false },
								"west": { "texture": "#candle", "uv": [ 0.0, 0.0, 2.0, 2.5 ], "glow": 128, "autoUv": false },
								"up": { "texture": "#candle", "uv": [ 0.0, 0.0, 2.0, 2.5 ], "glow": 128, "autoUv": false }
							}
						}
					]
				},
				{
					"name": "WallSouth",
					"from": [ 5.9, 0.9, 10.15 ],
					"to": [ 10.1, 11.9, 10.25 ],
					"rotationOrigin": [ 5.9, 0.9, 10.1 ],
					"faces": {
						"north": { "texture": "#bituminous", "uv": [ 0.0, 0.0, 16.0, 16.0 ], "rotation": 90, "autoUv": false },
						"south": { "texture": "#bituminous", "uv": [ 0.0, 0.0, 16.0, 16.0 ], "autoUv": false }
					}
				},
				{
					"name": "GlassNorthL",
					"from": [ 5.9, 0.9, 5.75 ],
					"to": [ 10.1, 6.4, 5.85 ],
					"renderPass": 3,
					"rotationOrigin": [ 5.9, 0.9, 5.7 ],
					"faces": {
						"north": { "texture": "#smoky", "uv": [ 0.0, 0.0, 4.0, 5.5 ] }
					},
					"children": [
						{
							"name": "GlassDecorNorthL",
							"from": [ 0.0, 0.0, -0.01 ],
							"to": [ 4.2, 5.52, -0.01 ],
							"renderPass": 3,
							"rotationOrigin": [ 5.9, 0.9, 5.6 ],
							"faces": {
								"north": { "texture": "#Pattern05-bottom", "uv": [ 0.0, 0.0, 16.0, 16.0 ], "autoUv": false }
							}
						}
					]
				},
				{
					"name": "GlassNorthU",
					"from": [ 5.9, 6.4, 5.75 ],
					"to": [ 10.1, 11.6, 5.85 ],
					"renderPass": 3,
					"rotationOrigin": [ 5.9, 6.4, 5.7 ],
					"faces": {
						"north": { "texture": "#smoky", "uv": [ 0.0, 0.0, 4.0, 5.0 ] }
					},
					"children": [
						{
							"name": "GlassDecorNorthU",
							"from": [ 0.0, 0.0, -0.01 ],
							"to": [ 4.2, 5.2, -0.01 ],
							"renderPass": 3,
							"rotationOrigin": [ 5.9, 0.9, 5.6 ],
							"faces": {
								"north": { "texture": "#Pattern05-top", "uv": [ 0.0, 0.0, 16.0, 16.0 ], "autoUv": false }
							}
						}
					]
				},
				{
					"name": "GlassEastL",
					"from": [ 10.2, 0.9, 5.9 ],
					"to": [ 10.3, 6.4, 10.1 ],
					"renderPass": 3,
					"rotationOrigin": [ 10.2, 0.9, 5.9 ],
					"faces": {
						"east": { "texture": "#smoky", "uv": [ 0.0, 0.0, 4.0, 5.5 ], "rotation": 180 }
					},
					"children": [
						{
							"name": "GlassDecorEastL",
							"from": [ 0.11, 0.0, 0.0 ],
							"to": [ 0.11, 5.52, 4.2 ],
							"renderPass": 3,
							"rotationOrigin": [ 10.4, 0.9, 5.9 ],
							"faces": {
								"east": { "texture": "#Pattern05-bottom", "uv": [ 0.0, 0.0, 16.0, 16.0 ], "autoUv": false }
							}
						}
					]
				},
				{
					"name": "GlassEastU",
					"from": [ 10.2, 6.4, 5.9 ],
					"to": [ 10.3, 11.6, 10.1 ],
					"renderPass": 3,
					"rotationOrigin": [ 10.2, 6.4, 5.9 ],
					"faces": {
						"east": { "texture": "#smoky", "uv": [ 0.0, 0.0, 5.0, 4.0 ], "rotation": 90 }
					},
					"children": [
						{
							"name": "GlassDecorEastU",
							"from": [ 0.11, 0.0, 0.0 ],
							"to": [ 0.11, 5.2, 4.2 ],
							"renderPass": 3,
							"rotationOrigin": [ 10.4, 0.9, 6.9 ],
							"faces": {
								"east": { "texture": "#Pattern05-top", "uv": [ 0.0, 0.0, 16.0, 16.0 ], "autoUv": false }
							}
						}
					]
				},
				{
					"name": "GlassWestL",
					"from": [ 5.75, 0.9, 5.9 ],
					"to": [ 5.85, 6.4, 10.1 ],
					"renderPass": 3,
					"rotationOrigin": [ 5.7, 0.9, 5.9 ],
					"faces": {
						"west": { "texture": "#smoky", "uv": [ 0.0, 0.0, 4.0, 5.5 ] }
					},
					"children": [
						{
							"name": "GlassDecorWestL",
							"from": [ -0.01, 0.0, 0.0 ],
							"to": [ -0.01, 5.52, 4.2 ],
							"renderPass": 3,
							"rotationOrigin": [ 5.7, 0.9, 5.9 ],
							"faces": {
								"west": { "texture": "#Pattern05-bottom", "uv": [ 0.0, 0.0, 16.0, 16.0 ], "autoUv": false }
							}
						}
					]
				},
				{
					"name": "GlassWestU",
					"from": [ 5.75, 6.4, 5.9 ],
					"to": [ 5.85, 11.6, 10.1 ],
					"renderPass": 3,
					"rotationOrigin": [ 5.7, 6.4, 5.9 ],
					"faces": {
						"west": { "texture": "#smoky", "uv": [ 0.0, 0.0, 4.0, 5.0 ] }
					},
					"children": [
						{
							"name": "GlassDecorWestU",
							"from": [ -0.01, 0.0, 0.0 ],
							"to": [ -0.01, 5.2, 4.2 ],
							"renderPass": 3,
							"rotationOrigin": [ 5.7, 0.9, 5.9 ],
							"faces": {
								"west": { "texture": "#Pattern05-top", "uv": [ 0.0, 0.0, 16.0, 16.0 ], "autoUv": false }
							}
						}
					]
				},
				{
					"name": "TopBar",
					"from": [ 5.6, 11.6, 5.6 ],
					"to": [ 10.4, 12.3, 10.4 ],
					"renderPass": 0,
					"rotationOrigin": [ 5.6, 11.6, 5.6 ],
					"faces": {
						"north": { "texture": "#bituminous", "uv": [ 3.0, 2.5, 7.5, 4.0 ], "autoUv": false },
						"east": { "texture": "#bituminous", "uv": [ 2.5, 2.5, 7.0, 4.0 ], "autoUv": false },
						"south": { "texture": "#bituminous", "uv": [ 1.5, 2.0, 6.0, 3.5 ], "autoUv": false },
						"west": { "texture": "#bituminous", "uv": [ 1.5, 2.0, 6.0, 3.5 ], "autoUv": false },
						"up": { "texture": "#bituminous", "uv": [ 3.0, 3.0, 13.0, 13.0 ], "autoUv": false },
						"down": { "texture": "#bituminous", "uv": [ 0.0, 0.0, 4.5, 4.5 ] }
					}
				},
				{
					"name": "Top",
					"from": [ 5.0, 12.6, 5.0 ],
					"to": [ 11.0, 12.9, 11.0 ],
					"renderPass": 0,
					"rotationOrigin": [ 5.0, 12.6, 5.0 ],
					"faces": {
						"north": { "texture": "#bituminous", "uv": [ 0.0, 0.0, 16.0, 0.5 ], "autoUv": false },
						"east": { "texture": "#bituminous", "uv": [ 15.5, 0.0, 16.0, 16.0 ], "autoUv": false },
						"south": { "texture": "#bituminous", "uv": [ 0.0, 16.0, 16.0, 15.5 ], "autoUv": false },
						"west": { "texture": "#bituminous", "uv": [ 0.0, 0.0, 0.5, 16.0 ], "autoUv": false },
						"up": { "texture": "#bituminous", "uv": [ 0.0, 0.0, 16.0, 16.0 ], "autoUv": false },
						"down": { "texture": "#bituminous", "uv": [ 0.0, 0.0, 16.0, 16.0 ], "autoUv": false }
					}
				},
				{
					"name": "TopBase",
					"from": [ 5.3, 12.3, 5.3 ],
					"to": [ 10.7, 12.6, 10.7 ],
					"renderPass": 0,
					"rotationOrigin": [ 5.3, 12.3, 5.3 ],
					"faces": {
						"north": { "texture": "#bituminous", "uv": [ 1.0, 1.0, 15.0, 1.5 ], "autoUv": false },
						"east": { "texture": "#bituminous", "uv": [ 14.0, 1.0, 14.5, 15.0 ], "autoUv": false },
						"south": { "texture": "#bituminous", "uv": [ 1.0, 14.0, 15.0, 14.5 ], "autoUv": false },
						"west": { "texture": "#bituminous", "uv": [ 2.0, 1.0, 1.5, 15.0 ], "autoUv": false },
						"up": { "texture": "#bituminous", "uv": [ 1.0, 1.0, 15.0, 15.0 ], "autoUv": false },
						"down": { "texture": "#bituminous", "uv": [ 1.0, 1.0, 15.0, 15.0 ], "autoUv": false }
					}
				},
				{
					"name": "WallMount",
					"from": [ 7.5, 12.3, 10.6 ],
					"to": [ 8.5, 13.2, 11.1 ],
					"rotationOrigin": [ 7.5, 12.3, 10.6 ],
					"faces": {
						"north": { "texture": "#bituminous", "uv": [ 1.0, 1.0, 15.0, 1.5 ], "autoUv": false },
						"east": { "texture": "#bituminous", "uv": [ 14.0, 1.0, 14.5, 15.0 ], "autoUv": false },
						"south": { "texture": "#bituminous", "uv": [ 1.0, 14.0, 15.0, 14.5 ], "autoUv": false },
						"west": { "texture": "#bituminous", "uv": [ 2.0, 1.0, 1.5, 15.0 ], "autoUv": false },
						"up": { "texture": "#bituminous", "uv": [ 1.0, 1.0, 15.0, 15.0 ], "autoUv": false },
						"down": { "texture": "#bituminous", "uv": [ 0.0, 0.0, 1.0, 0.5 ] }
					}
				},
				{
					"name": "WallMount2",
					"from": [ 6.5, -0.7, 10.6 ],
					"to": [ 9.5, 0.2, 11.0 ],
					"rotationOrigin": [ 6.5, -0.7, 10.6 ],
					"faces": {
						"north": { "texture": "#bituminous", "uv": [ 1.0, 1.0, 15.0, 1.5 ], "autoUv": false },
						"east": { "texture": "#bituminous", "uv": [ 14.0, 1.0, 14.5, 15.0 ], "autoUv": false },
						"south": { "texture": "#bituminous", "uv": [ 1.0, 14.0, 15.0, 14.5 ], "autoUv": false },
						"west": { "texture": "#bituminous", "uv": [ 2.0, 1.0, 1.5, 15.0 ], "autoUv": false },
						"up": { "texture": "#bituminous", "uv": [ 1.0, 1.0, 15.0, 15.0 ], "autoUv": false },
						"down": { "texture": "#bituminous", "uv": [ 0.0, 0.0, 3.0, 0.5 ] }
					}
				},
				{
					"name": "WallMount3",
					"from": [ 6.8, -0.4, 7.6 ],
					"to": [ 7.3, 0.1, 11.0 ],
					"rotationOrigin": [ 6.8, -0.4, 7.6 ],
					"faces": {
						"north": { "texture": "#bituminous", "uv": [ 1.0, 1.0, 15.0, 1.5 ], "autoUv": false },
						"east": { "texture": "#bituminous", "uv": [ 14.0, 1.0, 14.5, 15.0 ], "autoUv": false },
						"south": { "texture": "#bituminous", "uv": [ 1.0, 14.0, 15.0, 14.5 ], "autoUv": false },
						"west": { "texture": "#bituminous", "uv": [ 2.0, 1.0, 1.5, 15.0 ], "autoUv": false },
						"up": { "texture": "#bituminous", "uv": [ 1.0, 1.0, 15.0, 15.0 ], "autoUv": false },
						"down": { "texture": "#bituminous", "uv": [ 0.0, 0.0, 0.5, 3.0 ] }
					}
				},
				{
					"name": "WallMount4",
					"from": [ 8.8, -0.4, 7.6 ],
					"to": [ 9.3, 0.1, 11.0 ],
					"rotationOrigin": [ 8.8, -0.4, 7.6 ],
					"faces": {
						"north": { "texture": "#bituminous", "uv": [ 1.0, 1.0, 15.0, 1.5 ], "autoUv": false },
						"east": { "texture": "#bituminous", "uv": [ 14.0, 1.0, 14.5, 15.0 ], "autoUv": false },
						"south": { "texture": "#bituminous", "uv": [ 1.0, 14.0, 15.0, 14.5 ], "autoUv": false },
						"west": { "texture": "#bituminous", "uv": [ 2.0, 1.0, 1.5, 15.0 ], "autoUv": false },
						"up": { "texture": "#bituminous", "uv": [ 1.0, 1.0, 15.0, 15.0 ], "autoUv": false },
						"down": { "texture": "#bituminous", "uv": [ 0.0, 0.0, 0.5, 3.0 ] }
					}
				}
			]
		}
	]}