{
	"textureWidth": 16,
	"textureHeight": 16,
	"textureSizes": {
	},
	"textures": {
		"Pattern01": "apelanterns:block/metal/pattern01-128",
		"candle": "game:block/candle",
		"bituminous": "game:block/coal/bituminous",
		"smoky": "game:block/glass/smoky"
	},
	"elements": [
		{
			"name": "Origin",
			"from": [ 0.0, 0.0, 0.0 ],
			"to": [ 0.0, 0.0, 0.0 ],
			"faces": {
			},
			"children": [
				{
					"name": "Base",
					"from": [ 5.0, 0.0, 5.0 ],
					"to": [ 11.0, 0.3, 11.0 ],
					"rotationOrigin": [ 5.0, 0.0, 5.0 ],
					"faces": {
						"north": { "texture": "#bituminous", "uv": [ 0.0, 0.0, 16.0, 0.5 ], "autoUv": false },
						"east": { "texture": "#bituminous", "uv": [ 15.5, 0.0, 16.0, 16.0 ], "autoUv": false },
						"south": { "texture": "#bituminous", "uv": [ 0.0, 16.0, 16.0, 15.5 ], "autoUv": false },
						"west": { "texture": "#bituminous", "uv": [ 0.0, 0.0, 0.5, 16.0 ], "autoUv": false },
						"up": { "texture": "#bituminous", "uv": [ 0.0, 0.0, 16.0, 16.0 ], "autoUv": false },
						"down": { "texture": "#bituminous", "uv": [ 0.0, 0.0, 16.0, 16.0 ], "autoUv": false }
					}
				},
				{
					"name": "Base2",
					"from": [ 5.3, 0.3, 5.3 ],
					"to": [ 10.7, 0.6, 10.7 ],
					"rotationOrigin": [ 5.3, 0.3, 5.3 ],
					"faces": {
						"north": { "texture": "#bituminous", "uv": [ 1.0, 1.0, 15.0, 1.5 ], "autoUv": false },
						"east": { "texture": "#bituminous", "uv": [ 14.0, 1.0, 14.5, 15.0 ], "autoUv": false },
						"south": { "texture": "#bituminous", "uv": [ 1.0, 14.0, 15.0, 14.5 ], "autoUv": false },
						"west": { "texture": "#bituminous", "uv": [ 2.0, 1.0, 1.5, 15.0 ], "autoUv": false },
						"up": { "texture": "#bituminous", "uv": [ 1.0, 1.0, 15.0, 15.0 ], "autoUv": false }
					}
				},
				{
					"name": "Base3",
					"from": [ 5.6, 0.6, 5.6 ],
					"to": [ 10.4, 0.9, 10.4 ],
					"rotationOrigin": [ 5.6, 0.6, 5.6 ],
					"faces": {
						"north": { "texture": "#bituminous", "uv": [ 3.0, 2.5, 7.5, 3.0 ] },
						"east": { "texture": "#bituminous", "uv": [ 2.5, 2.5, 7.0, 3.0 ] },
						"south": { "texture": "#bituminous", "uv": [ 1.5, 2.0, 6.0, 2.5 ] },
						"west": { "texture": "#bituminous", "uv": [ 1.5, 2.0, 6.0, 2.5 ] },
						"up": { "texture": "#bituminous", "uv": [ 3.0, 3.0, 13.0, 13.0 ], "autoUv": false }
					}
				},
				{
					"name": "Cube2",
					"from": [ 5.6, 0.9, 5.6 ],
					"to": [ 5.9, 9.9, 5.9 ],
					"rotationOrigin": [ 5.6, 0.9, 5.6 ],
					"faces": {
						"north": { "texture": "#bituminous", "uv": [ 2.0, 2.0, 3.5, 11.0 ], "autoUv": false },
						"east": { "texture": "#bituminous", "uv": [ 2.5, 1.0, 4.0, 10.0 ], "autoUv": false },
						"south": { "texture": "#bituminous", "uv": [ 1.5, 2.0, 3.0, 11.0 ], "autoUv": false },
						"west": { "texture": "#bituminous", "uv": [ 1.0, 3.5, 2.5, 12.5 ], "autoUv": false },
						"up": { "texture": "#bituminous", "uv": [ 0.0, 0.0, 0.5, 0.5 ] }
					}
				},
				{
					"name": "Cube3",
					"from": [ 10.1, 0.9, 5.6 ],
					"to": [ 10.4, 9.9, 5.9 ],
					"rotationOrigin": [ 10.1, 0.9, 5.6 ],
					"faces": {
						"north": { "texture": "#bituminous", "uv": [ 1.5, 1.5, 3.0, 10.5 ], "autoUv": false },
						"east": { "texture": "#bituminous", "uv": [ 1.5, 0.5, 3.0, 9.5 ], "autoUv": false },
						"south": { "texture": "#bituminous", "uv": [ 2.5, 1.5, 4.0, 10.5 ], "autoUv": false },
						"west": { "texture": "#bituminous", "uv": [ 4.0, 1.0, 5.5, 10.0 ], "autoUv": false },
						"up": { "texture": "#bituminous", "uv": [ 0.0, 0.0, 0.5, 0.5 ] }
					}
				},
				{
					"name": "Cube4",
					"from": [ 5.6, 0.9, 10.1 ],
					"to": [ 5.9, 9.9, 10.4 ],
					"rotationOrigin": [ 5.6, 0.9, 10.1 ],
					"faces": {
						"north": { "texture": "#bituminous", "uv": [ 2.5, 0.5, 4.0, 9.5 ], "autoUv": false },
						"east": { "texture": "#bituminous", "uv": [ 6.5, 1.0, 8.0, 10.0 ], "autoUv": false },
						"south": { "texture": "#bituminous", "uv": [ 4.0, 2.0, 5.5, 11.0 ], "autoUv": false },
						"west": { "texture": "#bituminous", "uv": [ 6.5, 1.5, 8.0, 10.5 ], "autoUv": false },
						"up": { "texture": "#bituminous", "uv": [ 3.5, 4.0, 4.0, 4.5 ] }
					}
				},
				{
					"name": "Cube5",
					"from": [ 10.1, 0.9, 10.1 ],
					"to": [ 10.4, 9.9, 10.4 ],
					"rotationOrigin": [ 10.1, 0.9, 10.1 ],
					"faces": {
						"north": { "texture": "#bituminous", "uv": [ 14.5, 3.5, 16.0, 12.5 ], "autoUv": false },
						"east": { "texture": "#bituminous", "uv": [ 14.0, 1.0, 15.5, 10.0 ], "autoUv": false },
						"south": { "texture": "#bituminous", "uv": [ 11.5, 4.0, 13.0, 13.0 ], "autoUv": false },
						"west": { "texture": "#bituminous", "uv": [ 13.5, 3.0, 15.0, 12.0 ], "autoUv": false },
						"up": { "texture": "#bituminous", "uv": [ 3.5, 3.5, 4.0, 4.0 ] }
					}
				},
				{
					"name": "Brace1",
					"from": [ 5.9, 5.1, 5.6 ],
					"to": [ 10.1, 5.4, 5.9 ],
					"rotationOrigin": [ 5.9, 5.1, 5.6 ],
					"faces": {
						"north": { "texture": "#bituminous", "uv": [ 3.0, 2.5, 7.0, 3.0 ] },
						"east": { "texture": "#bituminous", "uv": [ 2.5, 2.5, 3.0, 3.0 ] },
						"south": { "texture": "#bituminous", "uv": [ 1.5, 2.0, 5.5, 2.5 ] },
						"west": { "texture": "#bituminous", "uv": [ 1.5, 2.0, 2.0, 2.5 ] },
						"up": { "texture": "#bituminous", "uv": [ 3.0, 3.0, 7.0, 3.5 ] },
						"down": { "texture": "#bituminous", "uv": [ 0.0, 0.0, 4.0, 0.5 ] }
					}
				},
				{
					"name": "Brace2",
					"from": [ 5.9, 5.1, 10.1 ],
					"to": [ 10.1, 5.4, 10.4 ],
					"rotationOrigin": [ 5.9, 5.1, 10.1 ],
					"faces": {
						"north": { "texture": "#bituminous", "uv": [ 3.0, 2.5, 7.0, 3.0 ] },
						"east": { "texture": "#bituminous", "uv": [ 2.5, 2.5, 3.0, 3.0 ] },
						"south": { "texture": "#bituminous", "uv": [ 1.5, 2.0, 5.5, 2.5 ] },
						"west": { "texture": "#bituminous", "uv": [ 1.5, 2.0, 2.0, 2.5 ] },
						"up": { "texture": "#bituminous", "uv": [ 3.0, 3.0, 7.0, 3.5 ] },
						"down": { "texture": "#bituminous", "uv": [ 0.0, 0.0, 4.0, 0.5 ] }
					}
				},
				{
					"name": "Brace3",
					"from": [ 5.6, 5.1, 5.9 ],
					"to": [ 5.9, 5.4, 10.1 ],
					"rotationOrigin": [ 5.6, 5.1, 5.9 ],
					"faces": {
						"north": { "texture": "#bituminous", "uv": [ 3.0, 2.5, 3.5, 3.0 ] },
						"east": { "texture": "#bituminous", "uv": [ 2.5, 2.5, 6.5, 3.0 ] },
						"south": { "texture": "#bituminous", "uv": [ 1.5, 2.0, 2.0, 2.5 ] },
						"west": { "texture": "#bituminous", "uv": [ 1.5, 2.0, 5.5, 2.5 ] },
						"up": { "texture": "#bituminous", "uv": [ 3.0, 3.0, 3.5, 7.0 ] },
						"down": { "texture": "#bituminous", "uv": [ 0.0, 0.0, 0.5, 4.0 ] }
					}
				},
				{
					"name": "Brace4",
					"from": [ 10.1, 5.1, 5.9 ],
					"to": [ 10.4, 5.4, 10.1 ],
					"rotationOrigin": [ 10.1, 5.1, 5.9 ],
					"faces": {
						"north": { "texture": "#bituminous", "uv": [ 3.0, 2.5, 3.5, 3.0 ] },
						"east": { "texture": "#bituminous", "uv": [ 2.5, 2.5, 6.5, 3.0 ] },
						"south": { "texture": "#bituminous", "uv": [ 1.5, 2.0, 2.0, 2.5 ] },
						"west": { "texture": "#bituminous", "uv": [ 1.5, 2.0, 5.5, 2.5 ] },
						"up": { "texture": "#bituminous", "uv": [ 3.0, 3.0, 13.0, 13.0 ], "autoUv": false },
						"down": { "texture": "#bituminous", "uv": [ 0.0, 0.0, 0.5, 4.0 ] }
					}
				},
				{
					"name": "Candle",
					"from": [ 2.5, 0.0, 8.0 ],
					"to": [ 2.5, 0.0, 8.0 ],
					"rotationOrigin": [ 2.5, 0.0, 8.0 ],
					"rotationY": 45.0,
					"faces": {
					},
					"children": [
						{
							"name": "Candle1",
							"from": [ 3.5, 1.0, 3.5 ],
							"to": [ 4.5, 4.6, 4.5 ],
							"shade": false,
							"rotationOrigin": [ 3.5, 1.0, 3.5 ],
							"faces": {
								"north": { "texture": "#candle", "uv": [ 2.0, 0.0, 5.0, 6.0 ], "autoUv": false },
								"east": { "texture": "#candle", "uv": [ 2.0, 0.0, 5.0, 6.0 ], "autoUv": false },
								"south": { "texture": "#candle", "uv": [ 2.0, 0.0, 5.0, 6.0 ], "autoUv": false },
								"west": { "texture": "#candle", "uv": [ 2.0, 0.0, 5.0, 6.0 ], "autoUv": false },
								"up": { "texture": "#candle", "uv": [ 2.0, 0.0, 5.0, 6.0 ], "autoUv": false }
							}
						},
						{
							"name": "Flame",
							"from": [ 3.875, 4.4, 3.875 ],
							"to": [ 4.125, 4.9, 4.125 ],
							"shade": false,
							"rotationOrigin": [ 3.85, 4.4, 3.85 ],
							"faces": {
								"north": { "texture": "#candle", "uv": [ 0.0, 0.0, 2.0, 2.5 ], "glow": 128, "autoUv": false },
								"east": { "texture": "#candle", "uv": [ 0.0, 0.0, 2.0, 2.5 ], "glow": 128, "autoUv": false },
								"south": { "texture": "#candle", "uv": [ 0.0, 0.0, 2.0, 2.5 ], "glow": 128, "autoUv": false },
								"west": { "texture": "#candle", "uv": [ 0.0, 0.0, 2.0, 2.5 ], "glow": 128, "autoUv": false },
								"up": { "texture": "#candle", "uv": [ 0.0, 0.0, 2.0, 2.5 ], "glow": 128, "autoUv": false }
							}
						},
						{
							"name": "Candle2",
							"from": [ 3.15, 1.0, 3.5 ],
							"to": [ 3.65, 1.5, 4.5 ],
							"shade": false,
							"rotationOrigin": [ 3.15, 1.0, 3.5 ],
							"rotationY": 7.0,
							"rotationZ": -4.0,
							"faces": {
								"north": { "texture": "#candle", "uv": [ 2.0, 0.0, 5.0, 6.0 ], "autoUv": false },
								"east": { "texture": "#candle", "uv": [ 2.0, 0.0, 5.0, 6.0 ], "autoUv": false },
								"south": { "texture": "#candle", "uv": [ 2.0, 0.0, 5.0, 6.0 ], "autoUv": false },
								"west": { "texture": "#candle", "uv": [ 2.0, 0.0, 5.0, 6.0 ], "autoUv": false },
								"up": { "texture": "#candle", "uv": [ 2.0, 0.0, 5.0, 6.0 ], "autoUv": false }
							}
						},
						{
							"name": "Candle3",
							"from": [ 4.3, 0.9, 3.5 ],
							"to": [ 4.8, 1.4, 4.5 ],
							"shade": false,
							"rotationOrigin": [ 4.3, 0.9, 3.5 ],
							"rotationY": 5.0,
							"rotationZ": 6.0,
							"faces": {
								"north": { "texture": "#candle", "uv": [ 2.0, 0.0, 5.0, 6.0 ], "autoUv": false },
								"east": { "texture": "#candle", "uv": [ 2.0, 0.0, 5.0, 6.0 ], "autoUv": false },
								"south": { "texture": "#candle", "uv": [ 2.0, 0.0, 5.0, 6.0 ], "autoUv": false },
								"west": { "texture": "#candle", "uv": [ 2.0, 0.0, 5.0, 6.0 ], "autoUv": false },
								"up": { "texture": "#candle", "uv": [ 2.0, 0.0, 5.0, 6.0 ], "autoUv": false }
							}
						},
						{
							"name": "Candle4",
							"from": [ 3.45, 0.9, 3.1 ],
							"to": [ 4.55, 1.4, 3.7 ],
							"shade": false,
							"rotationOrigin": [ 3.45, 0.9, 3.1 ],
							"rotationY": 5.0,
							"rotationZ": 6.0,
							"faces": {
								"north": { "texture": "#candle", "uv": [ 2.0, 0.0, 5.0, 6.0 ], "autoUv": false },
								"east": { "texture": "#candle", "uv": [ 2.0, 0.0, 5.0, 6.0 ], "autoUv": false },
								"south": { "texture": "#candle", "uv": [ 2.0, 0.0, 5.0, 6.0 ], "autoUv": false },
								"west": { "texture": "#candle", "uv": [ 2.0, 0.0, 5.0, 6.0 ], "autoUv": false },
								"up": { "texture": "#candle", "uv": [ 2.0, 0.0, 5.0, 6.0 ], "autoUv": false }
							}
						},
						{
							"name": "Candle5",
							"from": [ 3.45, 0.9, 4.1 ],
							"to": [ 4.55, 1.4, 4.7 ],
							"shade": false,
							"rotationOrigin": [ 3.45, 0.9, 4.1 ],
							"rotationY": 5.0,
							"rotationZ": 6.0,
							"faces": {
								"north": { "texture": "#candle", "uv": [ 2.0, 0.0, 5.0, 6.0 ], "autoUv": false },
								"east": { "texture": "#candle", "uv": [ 2.0, 0.0, 5.0, 6.0 ], "autoUv": false },
								"south": { "texture": "#candle", "uv": [ 2.0, 0.0, 5.0, 6.0 ], "autoUv": false },
								"west": { "texture": "#candle", "uv": [ 2.0, 0.0, 5.0, 6.0 ], "autoUv": false },
								"up": { "texture": "#candle", "uv": [ 2.0, 0.0, 5.0, 6.0 ], "autoUv": false }
							}
						},
						{
							"name": "Candle6",
							"from": [ 2.9, 1.0, 3.5 ],
							"to": [ 3.25, 1.3, 3.9 ],
							"shade": false,
							"rotationOrigin": [ 2.9, 1.0, 3.5 ],
							"rotationY": 7.0,
							"rotationZ": -4.0,
							"faces": {
								"north": { "texture": "#candle", "uv": [ 2.0, 0.0, 5.0, 6.0 ], "autoUv": false },
								"east": { "texture": "#candle", "uv": [ 2.0, 0.0, 5.0, 6.0 ], "autoUv": false },
								"south": { "texture": "#candle", "uv": [ 2.0, 0.0, 5.0, 6.0 ], "autoUv": false },
								"west": { "texture": "#candle", "uv": [ 2.0, 0.0, 5.0, 6.0 ], "autoUv": false },
								"up": { "texture": "#candle", "uv": [ 2.0, 0.0, 5.0, 6.0 ], "autoUv": false }
							}
						},
						{
							"name": "Candle7",
							"from": [ 3.1, 0.9, 2.9 ],
							"to": [ 3.55, 1.15, 3.35 ],
							"shade": false,
							"rotationOrigin": [ 3.1, 0.9, 2.9 ],
							"rotationX": 5.0,
							"rotationY": 22.5,
							"faces": {
								"north": { "texture": "#candle", "uv": [ 2.0, 0.0, 5.0, 6.0 ], "autoUv": false },
								"east": { "texture": "#candle", "uv": [ 2.0, 0.0, 5.0, 6.0 ], "autoUv": false },
								"south": { "texture": "#candle", "uv": [ 2.0, 0.0, 5.0, 6.0 ], "autoUv": false },
								"west": { "texture": "#candle", "uv": [ 2.0, 0.0, 5.0, 6.0 ], "autoUv": false },
								"up": { "texture": "#candle", "uv": [ 2.0, 0.0, 5.0, 6.0 ], "autoUv": false }
							}
						},
						{
							"name": "Candle8",
							"from": [ 4.6, 0.9, 3.4 ],
							"to": [ 5.05, 1.15, 3.85 ],
							"shade": false,
							"rotationOrigin": [ 4.6, 0.9, 3.4 ],
							"rotationX": 5.0,
							"rotationY": 45.0,
							"faces": {
								"north": { "texture": "#candle", "uv": [ 2.0, 0.0, 5.0, 6.0 ], "autoUv": false },
								"east": { "texture": "#candle", "uv": [ 2.0, 0.0, 5.0, 6.0 ], "autoUv": false },
								"south": { "texture": "#candle", "uv": [ 2.0, 0.0, 5.0, 6.0 ], "autoUv": false },
								"west": { "texture": "#candle", "uv": [ 2.0, 0.0, 5.0, 6.0 ], "autoUv": false },
								"up": { "texture": "#candle", "uv": [ 2.0, 0.0, 5.0, 6.0 ], "autoUv": false }
							}
						},
						{
							"name": "Candle9",
							"from": [ 4.6, 0.9, 3.9 ],
							"to": [ 5.05, 1.15, 4.35 ],
							"shade": false,
							"rotationOrigin": [ 4.6, 0.9, 3.9 ],
							"rotationX": 5.0,
							"rotationY": -22.5,
							"faces": {
								"north": { "texture": "#candle", "uv": [ 2.0, 0.0, 5.0, 6.0 ], "autoUv": false },
								"east": { "texture": "#candle", "uv": [ 2.0, 0.0, 5.0, 6.0 ], "autoUv": false },
								"south": { "texture": "#candle", "uv": [ 2.0, 0.0, 5.0, 6.0 ], "autoUv": false },
								"west": { "texture": "#candle", "uv": [ 2.0, 0.0, 5.0, 6.0 ], "autoUv": false },
								"up": { "texture": "#candle", "uv": [ 2.0, 0.0, 5.0, 6.0 ], "autoUv": false }
							}
						},
						{
							"name": "Candle10",
							"from": [ 4.1, 0.9, 4.4 ],
							"to": [ 4.55, 1.15, 4.85 ],
							"shade": false,
							"rotationOrigin": [ 4.1, 0.9, 4.4 ],
							"rotationX": 5.0,
							"rotationY": -22.5,
							"faces": {
								"north": { "texture": "#candle", "uv": [ 2.0, 0.0, 5.0, 6.0 ], "autoUv": false },
								"east": { "texture": "#candle", "uv": [ 2.0, 0.0, 5.0, 6.0 ], "autoUv": false },
								"south": { "texture": "#candle", "uv": [ 2.0, 0.0, 5.0, 6.0 ], "autoUv": false },
								"west": { "texture": "#candle", "uv": [ 2.0, 0.0, 5.0, 6.0 ], "autoUv": false },
								"up": { "texture": "#candle", "uv": [ 2.0, 0.0, 5.0, 6.0 ], "autoUv": false }
							}
						},
						{
							"name": "Candle11",
							"from": [ 3.6, 0.9, 4.4 ],
							"to": [ 4.05, 1.15, 4.85 ],
							"shade": false,
							"rotationOrigin": [ 3.6, 0.9, 4.4 ],
							"rotationX": 5.0,
							"rotationY": -45.0,
							"faces": {
								"north": { "texture": "#candle", "uv": [ 2.0, 0.0, 5.0, 6.0 ], "autoUv": false },
								"east": { "texture": "#candle", "uv": [ 2.0, 0.0, 5.0, 6.0 ], "autoUv": false },
								"south": { "texture": "#candle", "uv": [ 2.0, 0.0, 5.0, 6.0 ], "autoUv": false },
								"west": { "texture": "#candle", "uv": [ 2.0, 0.0, 5.0, 6.0 ], "autoUv": false },
								"up": { "texture": "#candle", "uv": [ 2.0, 0.0, 5.0, 6.0 ], "autoUv": false }
							}
						},
						{
							"name": "Candle12",
							"from": [ 3.1, 0.9, 4.05 ],
							"to": [ 3.55, 1.15, 4.5 ],
							"shade": false,
							"rotationOrigin": [ 3.1, 0.9, 4.05 ],
							"rotationX": 5.0,
							"rotationY": -67.5,
							"faces": {
								"north": { "texture": "#candle", "uv": [ 2.0, 0.0, 5.0, 6.0 ], "autoUv": false },
								"east": { "texture": "#candle", "uv": [ 2.0, 0.0, 5.0, 6.0 ], "autoUv": false },
								"south": { "texture": "#candle", "uv": [ 2.0, 0.0, 5.0, 6.0 ], "autoUv": false },
								"west": { "texture": "#candle", "uv": [ 2.0, 0.0, 5.0, 6.0 ], "autoUv": false },
								"up": { "texture": "#candle", "uv": [ 2.0, 0.0, 5.0, 6.0 ], "autoUv": false }
							}
						}
					]
				},
				{
					"name": "GlassSouthL",
					"from": [ 5.9, 0.9, 10.15 ],
					"to": [ 10.1, 5.1, 10.25 ],
					"shade": false,
					"renderPass": 3,
					"rotationOrigin": [ 5.9, 0.9, 10.1 ],
					"faces": {
						"north": { "texture": "#smoky", "uv": [ 0.0, 0.0, 4.0, 4.0 ], "rotation": 90 },
						"south": { "texture": "#smoky", "uv": [ 0.0, 0.0, 4.0, 4.0 ] }
					},
					"children": [
						{
							"name": "GlassDecorSouthL",
							"stepParentName": "GlassSouthL",
							"from": [ 0.0, 0.0, 0.11 ],
							"to": [ 4.2, 4.2, 0.11 ],
							"shade": false,
							"renderPass": 1,
							"rotationOrigin": [ 1.9, 0.9, 10.3 ],
							"faces": {
								"south": { "texture": "#Pattern01", "uv": [ 0.0, 0.0, 16.0, 16.0 ], "autoUv": false }
							}
						}
					]
				},
				{
					"name": "GlassNorthL",
					"from": [ 5.9, 0.9, 5.75 ],
					"to": [ 10.1, 5.1, 5.85 ],
					"shade": false,
					"renderPass": 3,
					"rotationOrigin": [ 5.9, 0.9, 5.7 ],
					"faces": {
						"north": { "texture": "#smoky", "uv": [ 0.0, 0.0, 4.0, 4.0 ] },
						"south": { "texture": "#smoky", "uv": [ 0.0, 0.0, 4.0, 4.0 ] }
					},
					"children": [
						{
							"name": "GlassDecorNorthL",
							"from": [ 0.0, 0.0, -0.01 ],
							"to": [ 4.2, 4.2, -0.01 ],
							"shade": false,
							"renderPass": 3,
							"rotationOrigin": [ 5.9, 0.9, 5.6 ],
							"faces": {
								"north": { "texture": "#Pattern01", "uv": [ 0.0, 0.0, 16.0, 16.0 ], "autoUv": false }
							}
						}
					]
				},
				{
					"name": "GlassEastL",
					"from": [ 10.2, 0.9, 5.9 ],
					"to": [ 10.3, 5.1, 10.1 ],
					"shade": false,
					"renderPass": 3,
					"rotationOrigin": [ 10.2, 0.9, 5.9 ],
					"faces": {
						"east": { "texture": "#smoky", "uv": [ 0.0, 0.0, 4.0, 4.0 ] },
						"west": { "texture": "#smoky", "uv": [ 0.0, 0.0, 4.0, 4.0 ] }
					},
					"children": [
						{
							"name": "GlassDecorEastL",
							"from": [ 0.11, 0.0, 0.0 ],
							"to": [ 0.11, 4.2, 4.2 ],
							"shade": false,
							"renderPass": 3,
							"rotationOrigin": [ 10.4, 0.9, 5.9 ],
							"faces": {
								"east": { "texture": "#Pattern01", "uv": [ 0.0, 0.0, 16.0, 16.0 ], "autoUv": false }
							}
						}
					]
				},
				{
					"name": "GlassWestL",
					"from": [ 5.75, 0.9, 5.9 ],
					"to": [ 5.85, 5.1, 10.1 ],
					"shade": false,
					"renderPass": 3,
					"rotationOrigin": [ 5.7, 0.9, 5.9 ],
					"faces": {
						"east": { "texture": "#smoky", "uv": [ 0.0, 0.0, 4.0, 4.0 ] },
						"west": { "texture": "#smoky", "uv": [ 0.0, 0.0, 4.0, 4.0 ] }
					},
					"children": [
						{
							"name": "GlassDecorWestL",
							"from": [ -0.01, 0.0, 0.0 ],
							"to": [ -0.01, 4.2, 4.2 ],
							"shade": false,
							"renderPass": 3,
							"rotationOrigin": [ 5.7, 0.9, 5.9 ],
							"faces": {
								"west": { "texture": "#Pattern01", "uv": [ 0.0, 0.0, 16.0, 16.0 ], "autoUv": false }
							}
						}
					]
				},
				{
					"name": "GlassSouthU",
					"from": [ 5.9, 5.4, 10.15 ],
					"to": [ 10.1, 9.6, 10.25 ],
					"shade": false,
					"renderPass": 3,
					"rotationOrigin": [ 5.9, 5.4, 10.1 ],
					"faces": {
						"north": { "texture": "#smoky", "uv": [ 0.0, 0.0, 4.0, 4.0 ], "rotation": 90 },
						"south": { "texture": "#smoky", "uv": [ 0.0, 0.0, 4.0, 4.0 ] }
					},
					"children": [
						{
							"name": "GlassDecorSouthU",
							"from": [ 0.0, 0.0, 0.11 ],
							"to": [ 4.2, 4.2, 0.11 ],
							"shade": false,
							"renderPass": 1,
							"rotationOrigin": [ 1.9, 0.9, 10.3 ],
							"faces": {
								"south": { "texture": "#Pattern01", "uv": [ 0.0, 0.0, 16.0, 16.0 ], "autoUv": false }
							}
						}
					]
				},
				{
					"name": "GlassNorthU",
					"from": [ 5.9, 5.4, 5.75 ],
					"to": [ 10.1, 9.6, 5.85 ],
					"shade": false,
					"renderPass": 3,
					"rotationOrigin": [ 5.9, 5.4, 5.7 ],
					"faces": {
						"north": { "texture": "#smoky", "uv": [ 0.0, 0.0, 4.0, 4.0 ] },
						"south": { "texture": "#smoky", "uv": [ 0.0, 0.0, 4.0, 4.0 ] }
					},
					"children": [
						{
							"name": "GlassDecorNorthU",
							"from": [ 0.0, 0.0, -0.01 ],
							"to": [ 4.2, 4.2, -0.01 ],
							"shade": false,
							"renderPass": 3,
							"rotationOrigin": [ 5.9, 0.9, 5.6 ],
							"faces": {
								"north": { "texture": "#Pattern01", "uv": [ 0.0, 0.0, 16.0, 16.0 ], "autoUv": false }
							}
						}
					]
				},
				{
					"name": "GlassEastU",
					"from": [ 10.2, 5.4, 5.9 ],
					"to": [ 10.3, 9.6, 10.1 ],
					"shade": false,
					"renderPass": 3,
					"rotationOrigin": [ 10.2, 5.4, 5.9 ],
					"faces": {
						"east": { "texture": "#smoky", "uv": [ 0.0, 0.0, 4.0, 4.0 ] },
						"west": { "texture": "#smoky", "uv": [ 0.0, 0.0, 4.0, 4.0 ] }
					},
					"children": [
						{
							"name": "GlassDecorEastU",
							"from": [ 0.11, 0.0, 0.0 ],
							"to": [ 0.11, 4.2, 4.2 ],
							"shade": false,
							"renderPass": 3,
							"rotationOrigin": [ 10.4, 0.9, 5.9 ],
							"faces": {
								"east": { "texture": "#Pattern01", "uv": [ 0.0, 0.0, 16.0, 16.0 ], "autoUv": false }
							}
						}
					]
				},
				{
					"name": "GlassWestU",
					"from": [ 5.75, 5.4, 5.9 ],
					"to": [ 5.85, 9.6, 10.1 ],
					"shade": false,
					"renderPass": 3,
					"rotationOrigin": [ 5.7, 5.4, 5.9 ],
					"faces": {
						"east": { "texture": "#smoky", "uv": [ 0.0, 0.0, 4.0, 4.0 ] },
						"west": { "texture": "#smoky", "uv": [ 0.0, 0.0, 4.0, 4.0 ] }
					},
					"children": [
						{
							"name": "GlassDecorWestU",
							"from": [ -0.01, 0.0, 0.0 ],
							"to": [ -0.01, 4.2, 4.2 ],
							"shade": false,
							"renderPass": 3,
							"rotationOrigin": [ 5.7, 0.9, 5.9 ],
							"faces": {
								"west": { "texture": "#Pattern01", "uv": [ 0.0, 0.0, 16.0, 16.0 ], "autoUv": false }
							}
						}
					]
				},
				{
					"name": "TopBar",
					"from": [ 5.6, 9.6, 5.6 ],
					"to": [ 10.4, 10.3, 10.4 ],
					"rotationOrigin": [ 5.6, 9.6, 5.6 ],
					"faces": {
						"north": { "texture": "#bituminous", "uv": [ 3.0, 2.5, 7.5, 4.0 ], "autoUv": false },
						"east": { "texture": "#bituminous", "uv": [ 2.5, 2.5, 7.0, 4.0 ], "autoUv": false },
						"south": { "texture": "#bituminous", "uv": [ 1.5, 2.0, 6.0, 3.5 ], "autoUv": false },
						"west": { "texture": "#bituminous", "uv": [ 1.5, 2.0, 6.0, 3.5 ], "autoUv": false },
						"up": { "texture": "#bituminous", "uv": [ 3.0, 3.0, 13.0, 13.0 ], "autoUv": false }
					}
				},
				{
					"name": "Top",
					"from": [ 5.0, 10.6, 5.0 ],
					"to": [ 11.0, 10.9, 11.0 ],
					"rotationOrigin": [ 5.0, 10.6, 5.0 ],
					"faces": {
						"north": { "texture": "#bituminous", "uv": [ 0.0, 0.0, 16.0, 0.5 ], "autoUv": false },
						"east": { "texture": "#bituminous", "uv": [ 15.5, 0.0, 16.0, 16.0 ], "autoUv": false },
						"south": { "texture": "#bituminous", "uv": [ 0.0, 16.0, 16.0, 15.5 ], "autoUv": false },
						"west": { "texture": "#bituminous", "uv": [ 0.0, 0.0, 0.5, 16.0 ], "autoUv": false },
						"up": { "texture": "#bituminous", "uv": [ 0.0, 0.0, 16.0, 16.0 ], "autoUv": false },
						"down": { "texture": "#bituminous", "uv": [ 0.0, 0.0, 16.0, 16.0 ], "autoUv": false }
					}
				},
				{
					"name": "TopBase",
					"from": [ 5.3, 10.3, 5.3 ],
					"to": [ 10.7, 10.6, 10.7 ],
					"rotationOrigin": [ 5.3, 10.3, 5.3 ],
					"faces": {
						"north": { "texture": "#bituminous", "uv": [ 1.0, 1.0, 15.0, 1.5 ], "autoUv": false },
						"east": { "texture": "#bituminous", "uv": [ 14.0, 1.0, 14.5, 15.0 ], "autoUv": false },
						"south": { "texture": "#bituminous", "uv": [ 1.0, 14.0, 15.0, 14.5 ], "autoUv": false },
						"west": { "texture": "#bituminous", "uv": [ 2.0, 1.0, 1.5, 15.0 ], "autoUv": false },
						"up": { "texture": "#bituminous", "uv": [ 1.0, 1.0, 15.0, 15.0 ], "autoUv": false }
					}
				}
			]
		}
	]}