{
  "textureWidth":16,
  "textureHeight":16,
  "textures":{
    "material":"game:block/metal/ingot/copper"
  },
  "textureSizes":{
    "material":[
      32,
      32
    ]
  },
  "elements":[
    {
      "name":"origin",
      "from":[
        10.79720687866211,
        0.5,
        8.21067351102829
      ],
      "to":[
        10.79720687866211,
        0.5,
        8.21067351102829
      ],
      "rotationOrigin":[
        8.0,
        0.0,
        8.0
      ],
      "group":"fine_metal_stonehead",
      "faces":{
        "north":{
          "texture":"#0",
          "uv":[
            0,
            0,
            4,
            4
          ],
          "autoUv":false
        },
        "east":{
          "texture":"#0",
          "uv":[
            0,
            0,
            4,
            4
          ],
          "autoUv":false
        },
        "south":{
          "texture":"#0",
          "uv":[
            0,
            0,
            4,
            4
          ],
          "autoUv":false
        },
        "west":{
          "texture":"#0",
          "uv":[
            0,
            0,
            4,
            4
          ],
          "autoUv":false
        },
        "up":{
          "texture":"#material",
          "uv":[
            0.0,
            0.0,
            1.0,
            1.0
          ],
          "autoUv":false,
          "rotation":180
        },
        "down":{
          "texture":"#0",
          "uv":[
            0,
            0,
            4,
            4
          ],
          "autoUv":false
        }
      },
      "children":[
        {
          "name":"fine_metal_stonehead 01",
          "from":[
            4.81797730922699,
            0.09997689723968506,
            -1.1586307883262634
          ],
          "to":[
            5.575939893722534,
            0.3708080053329468,
            0.5771704316139221
          ],
          "rotationOrigin":[
            5.196958541870117,
            0.23539245128631592,
            -0.29073017835617065
          ],
          "rotationY":6.026397140560018,
          "group":"fine_metal_stonehead",
          "faces":{
            "north":{
              "texture":"#material",
              "uv":[
                15.0,
                7.0,
                17.0,
                8.0
              ],
              "autoUv":false
            },
            "east":{
              "texture":"#material",
              "uv":[
                8.0,
                26.0,
                12.0,
                27.0
              ],
              "autoUv":false
            },
            "south":{
              "texture":"#material",
              "uv":[
                18.0,
                14.0,
                20.0,
                15.0
              ],
              "autoUv":false
            },
            "west":{
              "texture":"#material",
              "uv":[
                12.0,
                25.999999523162842,
                8.0,
                26.999999523162842
              ],
              "autoUv":false
            },
            "up":{
              "texture":"#material",
              "uv":[
                11.0,
                24.0,
                7.0,
                26.0
              ],
              "autoUv":false,
              "rotation":90
            },
            "down":{
              "texture":"#material",
              "uv":[
                11.0,
                26.0,
                6.999999523162842,
                24.0
              ],
              "autoUv":false,
              "rotation":90
            }
          },
          "children":[]
        },
        {
          "name":"fine_metal_stonehead 02",
          "from":[
            4.303561434149742,
            0.02921469509601593,
            -1.44120854139328
          ],
          "to":[
            4.672030180692673,
            0.39768338203430176,
            0.9500020146369934
          ],
          "rotationOrigin":[
            4.487795829772949,
            0.21344906091690063,
            -0.2456032633781433
          ],
          "rotationX":89.99997518372149,
          "rotationY":3.171083244066493e-07,
          "rotationZ":-45.00000808242825,
          "group":"fine_metal_stonehead",
          "faces":{
            "north":{
              "texture":"#material",
              "uv":[
                12.999998092651367,
                18.0,
                11.999999046325684,
                19.0
              ],
              "autoUv":false,
              "rotation":180
            },
            "east":{
              "texture":"#material",
              "uv":[
                8.0,
                21.000001907348633,
                7.0,
                24.0
              ],
              "autoUv":false,
              "rotation":270
            },
            "south":{
              "texture":"#material",
              "uv":[
                11.999999046325684,
                18.0,
                12.999998092651367,
                19.0
              ],
              "autoUv":false,
              "rotation":180
            },
            "west":{
              "texture":"#material",
              "uv":[
                5.0,
                6.0,
                4.0,
                9.0
              ],
              "autoUv":false,
              "rotation":90
            },
            "up":{
              "texture":"#material",
              "uv":[
                11.999999046325684,
                14.0,
                12.999998092651367,
                17.0
              ],
              "autoUv":false,
              "rotation":180
            },
            "down":{
              "texture":"#material",
              "uv":[
                11.999999046325684,
                17.0,
                12.999998092651367,
                14.0
              ],
              "autoUv":false
            }
          },
          "children":[]
        },
        {
          "name":"fine_metal_stonehead 03",
          "from":[
            3.8343446254730225,
            -0.9155435562133789,
            -1.0024511814117432
          ],
          "to":[
            5.145250558853149,
            1.3483355045318604,
            0.5068014860153198
          ],
          "rotationOrigin":[
            4.489797592163086,
            0.21639597415924072,
            -0.24782484769821167
          ],
          "group":"fine_metal_stonehead",
          "faces":{
            "north":{
              "texture":"#material",
              "uv":[
                12.024094581604004,
                21.371471405029297,
                14.644378662109375,
                25.896589279174805
              ],
              "autoUv":false,
              "rotation":180
            },
            "east":{
              "texture":"#material",
              "uv":[
                17.0,
                16.000000953674316,
                14.0,
                20.000000953674316
              ],
              "autoUv":false
            },
            "south":{
              "texture":"#material",
              "uv":[
                5.990603446960449,
                16.846352577209473,
                8.61088752746582,
                21.371471405029297
              ],
              "autoUv":false,
              "rotation":180
            },
            "west":{
              "texture":"#material",
              "uv":[
                14.0,
                16.000000953674316,
                17.0,
                20.000000953674316
              ],
              "autoUv":false
            },
            "up":{
              "texture":"#material",
              "uv":[
                12.998613357543945,
                12.998878479003906,
                17.001384735107422,
                17.00111675262451
              ],
              "autoUv":false,
              "rotation":90
            },
            "down":{
              "texture":"#material",
              "uv":[
                12.998613357543945,
                17.00111675262451,
                17.001384735107422,
                12.998878479003906
              ],
              "autoUv":false,
              "rotation":90
            }
          },
          "children":[]
        },
        {
          "name":"fine_metal_stonehead 04",
          "from":[
            3.8343456387519836,
            -0.5382303595542908,
            -1.3797649890184402
          ],
          "to":[
            5.145251452922821,
            0.9710223078727722,
            -1.0024518221616745
          ],
          "rotationOrigin":[
            4.489798545837402,
            0.21639597415924072,
            -1.1911084055900574
          ],
          "group":"fine_metal_stonehead",
          "faces":{
            "north":{
              "texture":"#material",
              "uv":[
                18.0,
                14.0,
                21.0,
                17.0
              ],
              "autoUv":false,
              "rotation":180
            },
            "east":{
              "texture":"#material",
              "uv":[
                14.0,
                17.0,
                13.0,
                19.0
              ],
              "autoUv":false
            },
            "south":{
              "texture":"#material",
              "uv":[
                13.09872817993164,
                9.687957763671875,
                15.719011306762695,
                12.704704284667969
              ],
              "autoUv":false,
              "rotation":180
            },
            "west":{
              "texture":"#material",
              "uv":[
                13.0,
                17.0,
                14.0,
                19.0
              ],
              "autoUv":false
            },
            "up":{
              "texture":"#material",
              "uv":[
                13.852914810180664,
                7.067676544189453,
                14.607100486755371,
                9.687959671020508
              ],
              "autoUv":false,
              "rotation":90
            },
            "down":{
              "texture":"#material",
              "uv":[
                13.852914810180664,
                9.687959671020508,
                13.09872817993164,
                7.067676544189453
              ],
              "autoUv":false,
              "rotation":90
            }
          },
          "children":[]
        },
        {
          "name":"fine_metal_stonehead 05",
          "from":[
            3.834344983100891,
            -0.5382303595542908,
            0.506801649928093
          ],
          "to":[
            5.145250201225281,
            0.9710223078727722,
            0.8841148167848587
          ],
          "rotationOrigin":[
            4.489797592163086,
            0.21639597415924072,
            0.6954582333564758
          ],
          "group":"fine_metal_stonehead",
          "faces":{
            "north":{
              "texture":"#material",
              "uv":[
                16.910480499267578,
                6.551601409912109,
                19.530763626098633,
                9.56834602355957
              ],
              "autoUv":false,
              "rotation":180
            },
            "east":{
              "texture":"#material",
              "uv":[
                18.0,
                17.0,
                17.0,
                19.0
              ],
              "autoUv":false
            },
            "south":{
              "texture":"#material",
              "uv":[
                18.0,
                14.0,
                21.0,
                17.0
              ],
              "autoUv":false,
              "rotation":180
            },
            "west":{
              "texture":"#material",
              "uv":[
                17.0,
                17.0,
                18.0,
                19.0
              ],
              "autoUv":false
            },
            "up":{
              "texture":"#material",
              "uv":[
                16.552757263183594,
                3.9313201904296875,
                17.306941986083984,
                6.551601409912109
              ],
              "autoUv":false,
              "rotation":90
            },
            "down":{
              "texture":"#material",
              "uv":[
                16.552757263183594,
                6.551601409912109,
                15.79857063293457,
                3.9313201904296875
              ],
              "autoUv":false,
              "rotation":90
            }
          },
          "children":[]
        },
        {
          "name":"fine_metal_stonehead 06",
          "from":[
            3.834864020347595,
            0.7591583728790283,
            -1.245591938495636
          ],
          "to":[
            5.144731163978577,
            1.2949423789978027,
            -0.8682790398597717
          ],
          "rotationOrigin":[
            4.489797592163086,
            1.0270503759384155,
            -1.0569354891777039
          ],
          "rotationX":45.00000125223908,
          "group":"fine_metal_stonehead",
          "faces":{
            "north":{
              "texture":"#material",
              "uv":[
                12.002079963684082,
                13.00027847290039,
                13.002772331237793,
                16.999716758728027
              ],
              "autoUv":false,
              "rotation":270
            },
            "east":{
              "texture":"#material",
              "uv":[
                14.0,
                16.000000953674316,
                13.0,
                17.0
              ],
              "autoUv":false,
              "rotation":90
            },
            "south":{
              "texture":"#material",
              "uv":[
                24.682659149169922,
                11.193737030029297,
                25.753602981567383,
                13.811944961547852
              ],
              "autoUv":false,
              "rotation":90
            },
            "west":{
              "texture":"#material",
              "uv":[
                13.0,
                16.000000953674316,
                14.0,
                17.0
              ],
              "autoUv":false,
              "rotation":270
            },
            "up":{
              "texture":"#material",
              "uv":[
                22.101116180419922,
                8.176992416381836,
                22.855300903320312,
                10.79520034790039
              ],
              "autoUv":false,
              "rotation":90
            },
            "down":{
              "texture":"#material",
              "uv":[
                22.101116180419922,
                10.79520034790039,
                21.3469295501709,
                8.176992416381836
              ],
              "autoUv":false,
              "rotation":90
            }
          },
          "children":[]
        },
        {
          "name":"fine_metal_stonehead 07",
          "from":[
            3.834864020347595,
            0.7591583728790283,
            0.3726293444633484
          ],
          "to":[
            5.144731163978577,
            1.2949423789978027,
            0.7499422430992126
          ],
          "rotationOrigin":[
            4.489797592163086,
            1.0270503759384155,
            0.5612857937812805
          ],
          "rotationX":-45.00000125223908,
          "group":"fine_metal_stonehead",
          "faces":{
            "north":{
              "texture":"#material",
              "uv":[
                20.804216384887695,
                21.60779571533203,
                21.875158309936523,
                24.22600269317627
              ],
              "autoUv":false,
              "rotation":90
            },
            "east":{
              "texture":"#material",
              "uv":[
                18.0,
                16.000000953674316,
                17.0,
                17.0
              ],
              "autoUv":false,
              "rotation":270
            },
            "south":{
              "texture":"#material",
              "uv":[
                16.99722671508789,
                13.00027847290039,
                17.997920989990234,
                16.999716758728027
              ],
              "autoUv":false,
              "rotation":90
            },
            "west":{
              "texture":"#material",
              "uv":[
                17.0,
                16.000000953674316,
                18.0,
                17.0
              ],
              "autoUv":false,
              "rotation":90
            },
            "up":{
              "texture":"#material",
              "uv":[
                18.541654586791992,
                11.049186706542969,
                19.295841217041016,
                13.66739273071289
              ],
              "autoUv":false,
              "rotation":90
            },
            "down":{
              "texture":"#material",
              "uv":[
                18.541654586791992,
                13.66739273071289,
                17.78746795654297,
                11.049186706542969
              ],
              "autoUv":false,
              "rotation":90
            }
          },
          "children":[]
        },
        {
          "name":"fine_metal_stonehead 08",
          "from":[
            3.8348621129989624,
            -0.8606065437197685,
            -1.2471359372138977
          ],
          "to":[
            5.144729256629944,
            -0.3248225376009941,
            -0.8698230385780334
          ],
          "rotationOrigin":[
            4.489795684814453,
            -0.5927145406603813,
            -1.0584794878959656
          ],
          "rotationX":-45.00000125223908,
          "group":"fine_metal_stonehead",
          "faces":{
            "north":{
              "texture":"#material",
              "uv":[
                12.998613357543945,
                13.000280380249023,
                11.997920989990234,
                16.999723434448242
              ],
              "autoUv":false,
              "rotation":270
            },
            "east":{
              "texture":"#material",
              "uv":[
                14.0,
                19.0,
                13.0,
                20.000000953674316
              ],
              "autoUv":false,
              "rotation":270
            },
            "south":{
              "texture":"#material",
              "uv":[
                9.063350677490234,
                6.000261306762695,
                10.134294509887695,
                8.618467330932617
              ],
              "autoUv":false,
              "rotation":90
            },
            "west":{
              "texture":"#material",
              "uv":[
                13.0,
                19.0,
                14.0,
                20.000000953674316
              ],
              "autoUv":false,
              "rotation":90
            },
            "up":{
              "texture":"#material",
              "uv":[
                17.400365829467773,
                4.491888046264648,
                18.154552459716797,
                7.110095977783203
              ],
              "autoUv":false,
              "rotation":90
            },
            "down":{
              "texture":"#material",
              "uv":[
                17.400365829467773,
                7.110095977783203,
                16.64617919921875,
                4.491889953613281
              ],
              "autoUv":false,
              "rotation":90
            }
          },
          "children":[]
        },
        {
          "name":"fine_metal_stonehead 09",
          "from":[
            3.8348621129989624,
            -0.8606065437197685,
            0.3741733431816101
          ],
          "to":[
            5.144729256629944,
            -0.3248225376009941,
            0.7514862418174744
          ],
          "rotationOrigin":[
            4.489795684814453,
            -0.5927145406603813,
            0.5628297924995422
          ],
          "rotationX":45.00000125223908,
          "group":"fine_metal_stonehead",
          "faces":{
            "north":{
              "texture":"#material",
              "uv":[
                22.946138381958008,
                16.22243309020996,
                24.01708221435547,
                18.840639114379883
              ],
              "autoUv":false,
              "rotation":90
            },
            "east":{
              "texture":"#material",
              "uv":[
                18.0,
                19.0,
                17.0,
                20.000000953674316
              ],
              "autoUv":false,
              "rotation":90
            },
            "south":{
              "texture":"#material",
              "uv":[
                18.002079010009766,
                13.000280380249023,
                17.001384735107422,
                16.999723434448242
              ],
              "autoUv":false,
              "rotation":90
            },
            "west":{
              "texture":"#material",
              "uv":[
                17.0,
                19.0,
                18.0,
                20.000000953674316
              ],
              "autoUv":false,
              "rotation":270
            },
            "up":{
              "texture":"#material",
              "uv":[
                24.456735610961914,
                5.663824081420898,
                25.210922241210938,
                8.28203010559082
              ],
              "autoUv":false,
              "rotation":90
            },
            "down":{
              "texture":"#material",
              "uv":[
                24.456735610961914,
                8.28203010559082,
                23.70254898071289,
                5.663822174072266
              ],
              "autoUv":false,
              "rotation":90
            }
          },
          "children":[]
        }
      ]
    }
  ],
  "groups":[]
}