{
	"editor": {
		"allAngles": true,
		"entityTextureMode": false
	},
	"textureWidth": 16,
	"textureHeight": 16,
	"textureSizes": {
	},
	"textures": {
		"honey-sulfur": "pemmican:item/normal1",
		"normal1": "pemmican:item/normal1"
	},
	"elements": [
		{
			"name": "Coil-N1",
			"from": [ 7.0, 0.0, 5.0 ], 
			"to": [ 11.0, 2.0, 5.5 ], 
			"rotationOrigin": [ 7.0, 0.0, 5.0 ],
			"faces": {
				"north": { "texture": "#normal1", "uv": [ 10.5, 8.5, 14.5, 10.5 ] },
				"east": { "texture": "#normal1", "uv": [ 10.0, 3.0, 10.5, 5.0 ] },
				"south": { "texture": "#normal1", "uv": [ 4.0, 12.0, 8.0, 14.0 ] },
				"west": { "texture": "#normal1", "uv": [ 7.5, 3.5, 8.0, 5.5 ] },
				"up": { "texture": "#normal1", "uv": [ 5.0, 10.5, 9.0, 11.0 ] },
				"down": { "texture": "#normal1", "uv": [ 5.5, 4.0, 9.5, 4.5 ] }
			},
			"children": [
				{
					"name": "Coil-E01",
					"from": [ 3.5, 0.0, 0.5 ], 
					"to": [ 4.0, 2.0, 4.0 ], 
					"rotationOrigin": [ 3.5, 0.0, 0.5 ],
					"faces": {
						"north": { "texture": "#normal1", "uv": [ 7.0, 0.5, 7.5, 2.5 ] },
						"east": { "texture": "#normal1", "uv": [ 3.0, 10.5, 6.5, 12.5 ] },
						"south": { "texture": "#normal1", "uv": [ 0.5, 3.5, 1.0, 5.5 ] },
						"west": { "texture": "#normal1", "uv": [ 6.0, 9.0, 9.5, 11.0 ] },
						"up": { "texture": "#normal1", "uv": [ 15.0, 11.0, 15.5, 14.5 ] },
						"down": { "texture": "#normal1", "uv": [ 0.5, 1.5, 1.0, 5.0 ] }
					}
				},
				{
					"name": "Coil-S01",
					"from": [ 0.0, 0.0, 3.5 ], 
					"to": [ 3.5, 2.0, 4.0 ], 
					"rotationOrigin": [ 0.0, 0.0, 3.5 ],
					"faces": {
						"north": { "texture": "#normal1", "uv": [ 1.0, 4.0, 4.5, 6.0 ] },
						"east": { "texture": "#normal1", "uv": [ 6.0, 5.0, 6.5, 7.0 ] },
						"south": { "texture": "#normal1", "uv": [ 5.0, 9.0, 8.5, 11.0 ] },
						"west": { "texture": "#normal1", "uv": [ 10.5, 5.0, 11.0, 7.0 ] },
						"up": { "texture": "#honey-sulfur", "uv": [ 1.5, 10.0, 5.0, 10.5 ] },
						"down": { "texture": "#normal1", "uv": [ 7.5, 0.5, 11.0, 1.0 ] }
					}
				},
				{
					"name": "Coil-W01",
					"from": [ 0.0, 0.0, 0.5 ], 
					"to": [ 0.5, 2.1, 3.5 ], 
					"rotationOrigin": [ 0.0, 0.0, 0.5 ],
					"faces": {
						"north": { "texture": "#normal1", "uv": [ 6.0, 11.0, 6.5, 13.0 ] },
						"east": { "texture": "#normal1", "uv": [ 3.0, 4.0, 6.0, 6.0 ] },
						"south": { "texture": "#normal1", "uv": [ 9.5, 2.5, 10.0, 4.5 ] },
						"west": { "texture": "#normal1", "uv": [ 3.5, 2.5, 6.5, 4.5 ] },
						"up": { "texture": "#honey-sulfur", "uv": [ 4.0, 1.0, 7.0, 1.5 ], "rotation": 90 },
						"down": { "texture": "#normal1", "uv": [ 3.0, 1.5, 3.5, 4.5 ] }
					}
				},
				{
					"name": "Coil-N02",
					"from": [ 0.5, 0.1, 0.5 ], 
					"to": [ 3.5, 2.2, 1.0 ], 
					"rotationOrigin": [ 0.5, 0.1, 0.5 ],
					"faces": {
						"north": { "texture": "#normal1", "uv": [ 11.5, 5.0, 14.5, 7.0 ] },
						"east": { "texture": "#normal1", "uv": [ 3.0, 8.5, 3.5, 10.5 ] },
						"south": { "texture": "#normal1", "uv": [ 3.5, 13.5, 6.5, 15.5 ] },
						"west": { "texture": "#normal1", "uv": [ 2.5, 10.5, 3.0, 12.5 ] },
						"up": { "texture": "#honey-sulfur", "uv": [ 1.5, 10.5, 4.5, 11.0 ] },
						"down": { "texture": "#normal1", "uv": [ 2.5, 12.5, 5.5, 13.0 ] }
					}
				},
				{
					"name": "Coil-E02",
					"from": [ 3.0, 0.2, 1.0 ], 
					"to": [ 3.5, 2.2, 3.5 ], 
					"rotationOrigin": [ 3.0, 0.2, 1.0 ],
					"faces": {
						"north": { "texture": "#normal1", "uv": [ 10.0, 3.5, 10.5, 5.5 ] },
						"east": { "texture": "#normal1", "uv": [ 6.0, 11.5, 8.5, 13.5 ] },
						"south": { "texture": "#normal1", "uv": [ 6.5, 0.5, 7.0, 2.5 ] },
						"west": { "texture": "#normal1", "uv": [ 10.0, 10.0, 12.5, 12.0 ] },
						"up": { "texture": "#honey-sulfur", "uv": [ 3.5, 1.0, 6.0, 1.5 ], "rotation": 90 },
						"down": { "texture": "#normal1", "uv": [ 0.0, 4.0, 0.5, 6.5 ] }
					}
				},
				{
					"name": "Coil-S02",
					"from": [ 0.5, 0.2, 3.0 ], 
					"to": [ 3.0, 2.3, 3.5 ], 
					"rotationOrigin": [ 0.5, 0.2, 3.0 ],
					"faces": {
						"north": { "texture": "#normal1", "uv": [ 9.5, 4.0, 12.0, 6.0 ] },
						"east": { "texture": "#normal1", "uv": [ 5.0, 4.0, 5.5, 6.0 ] },
						"south": { "texture": "#normal1", "uv": [ 7.0, 12.0, 9.5, 14.0 ] },
						"west": { "texture": "#normal1", "uv": [ 1.5, 10.5, 2.0, 12.5 ] },
						"up": { "texture": "#honey-sulfur", "uv": [ 1.5, 4.5, 4.0, 5.0 ] },
						"down": { "texture": "#normal1", "uv": [ 8.0, 6.5, 10.5, 7.0 ] }
					}
				},
				{
					"name": "Coil-W02",
					"from": [ 0.5, 0.3, 1.0 ], 
					"to": [ 1.0, 2.3, 3.0 ], 
					"rotationOrigin": [ 0.5, 0.3, 1.0 ],
					"faces": {
						"north": { "texture": "#normal1", "uv": [ 14.5, 2.5, 15.0, 4.5 ] },
						"east": { "texture": "#normal1", "uv": [ 13.5, 2.5, 15.5, 4.5 ] },
						"south": { "texture": "#normal1", "uv": [ 6.0, 6.5, 6.5, 8.5 ] },
						"west": { "texture": "#normal1", "uv": [ 2.0, 0.5, 4.0, 2.5 ] },
						"up": { "texture": "#honey-sulfur", "uv": [ 9.0, 10.0, 11.0, 10.5 ], "rotation": 90 },
						"down": { "texture": "#normal1", "uv": [ 2.0, 6.0, 2.5, 8.0 ] }
					}
				},
				{
					"name": "Coil-N03",
					"from": [ 1.0, 0.3, 1.0 ], 
					"to": [ 3.0, 2.4, 1.5 ], 
					"rotationOrigin": [ 1.0, 0.3, 1.0 ],
					"faces": {
						"north": { "texture": "#normal1", "uv": [ 1.0, 9.5, 3.0, 11.5 ] },
						"east": { "texture": "#normal1", "uv": [ 10.0, 1.5, 10.5, 3.5 ] },
						"south": { "texture": "#normal1", "uv": [ 2.0, 6.5, 4.0, 8.5 ] },
						"west": { "texture": "#normal1", "uv": [ 4.0, 8.5, 4.5, 10.5 ] },
						"up": { "texture": "#normal1", "uv": [ 3.0, 3.0, 5.0, 3.5 ] },
						"down": { "texture": "#normal1", "uv": [ 5.5, 11.5, 7.5, 12.0 ] }
					}
				},
				{
					"name": "Coil-E03",
					"from": [ 2.5, 0.4, 1.5 ], 
					"to": [ 3.0, 2.4, 3.0 ], 
					"rotationOrigin": [ 2.5, 0.4, 1.5 ],
					"faces": {
						"north": { "texture": "#normal1", "uv": [ 15.0, 7.5, 15.5, 9.5 ] },
						"east": { "texture": "#normal1", "uv": [ 3.5, 10.0, 5.0, 12.0 ] },
						"south": { "texture": "#normal1", "uv": [ 10.5, 1.5, 11.0, 3.5 ] },
						"west": { "texture": "#normal1", "uv": [ 5.0, 9.0, 6.5, 11.0 ] },
						"up": { "texture": "#normal1", "uv": [ 6.0, 12.0, 6.5, 13.5 ] },
						"down": { "texture": "#normal1", "uv": [ 8.5, 3.5, 9.0, 5.0 ] }
					}
				},
				{
					"name": "Coil-S03",
					"from": [ 1.0, 0.5, 2.5 ], 
					"to": [ 2.5, 2.5, 3.0 ], 
					"rotationOrigin": [ 1.0, 0.5, 2.5 ],
					"faces": {
						"north": { "texture": "#normal1", "uv": [ 8.5, 0.5, 10.0, 2.5 ] },
						"east": { "texture": "#normal1", "uv": [ 10.5, 0.0, 11.0, 2.0 ] },
						"south": { "texture": "#normal1", "uv": [ 11.5, 4.0, 13.0, 6.0 ] },
						"west": { "texture": "#normal1", "uv": [ 2.0, 11.0, 2.5, 13.0 ] },
						"up": { "texture": "#honey-sulfur", "uv": [ 3.0, 10.5, 4.5, 11.0 ] },
						"down": { "texture": "#normal1", "uv": [ 0.5, 4.0, 2.0, 4.5 ] }
					}
				},
				{
					"name": "Coil-W03",
					"from": [ 1.0, 0.5, 1.5 ], 
					"to": [ 1.5, 2.5, 2.5 ], 
					"rotationOrigin": [ 1.0, 0.5, 1.5 ],
					"faces": {
						"north": { "texture": "#normal1", "uv": [ 1.0, 6.5, 1.5, 8.5 ] },
						"east": { "texture": "#normal1", "uv": [ 5.5, 11.0, 6.5, 13.0 ] },
						"south": { "texture": "#normal1", "uv": [ 3.5, 3.5, 4.0, 5.5 ] },
						"west": { "texture": "#normal1", "uv": [ 8.5, 7.0, 9.5, 9.0 ] },
						"up": { "texture": "#honey-sulfur", "uv": [ 2.5, 1.0, 3.0, 2.0 ] },
						"down": { "texture": "#normal1", "uv": [ 12.5, 13.0, 13.0, 14.0 ] }
					}
				},
				{
					"name": "Coil-Middle",
					"from": [ 1.5, 0.6, 1.5 ], 
					"to": [ 2.5, 2.6, 2.5 ], 
					"rotationOrigin": [ 1.5, 0.6, 1.5 ],
					"faces": {
						"north": { "texture": "#normal1", "uv": [ 10.0, 5.5, 11.0, 7.5 ] },
						"east": { "texture": "#normal1", "uv": [ 11.5, 12.0, 12.5, 14.0 ] },
						"south": { "texture": "#normal1", "uv": [ 11.5, 7.0, 12.5, 9.0 ] },
						"west": { "texture": "#normal1", "uv": [ 5.5, 10.5, 6.5, 12.5 ] },
						"up": { "texture": "#honey-sulfur", "uv": [ 6.0, 1.0, 7.0, 2.0 ] },
						"down": { "texture": "#normal1", "uv": [ 13.0, 2.0, 14.0, 3.0 ] }
					}
				}
			]
		},
		{
			"name": "Tail1",
			"from": [ 3.0, -0.01, 5.0 ], 
			"to": [ 7.0, 1.99, 5.5 ], 
			"rotationOrigin": [ 7.0, 0.0, 5.0 ],
			"rotationY": 53.0,
			"faces": {
				"north": { "texture": "#normal1", "uv": [ 3.5, 10.5, 7.5, 12.5 ] },
				"east": { "texture": "#normal1", "uv": [ 15.0, 3.0, 15.5, 5.0 ] },
				"south": { "texture": "#normal1", "uv": [ 1.5, 10.0, 5.5, 12.0 ] },
				"west": { "texture": "#normal1", "uv": [ 15.0, 12.0, 15.5, 14.0 ] },
				"up": { "texture": "#normal1", "uv": [ 10.0, 3.0, 14.0, 3.5 ] },
				"down": { "texture": "#normal1", "uv": [ 8.0, 8.0, 12.0, 8.5 ] }
			},
			"children": [
				{
					"name": "Tail2",
					"from": [ -3.0, -0.01, 0.0 ], 
					"to": [ 0.0, 1.99, 0.5 ], 
					"rotationOrigin": [ 0.0, 0.01, 0.0 ],
					"rotationY": 55.0,
					"faces": {
						"north": { "texture": "#normal1", "uv": [ 2.0, 4.5, 5.0, 6.5 ] },
						"east": { "texture": "#normal1", "uv": [ 6.0, 6.0, 6.5, 8.0 ] },
						"south": { "texture": "#normal1", "uv": [ 10.5, 13.5, 13.5, 15.5 ] },
						"west": { "texture": "#normal1", "uv": [ 0.5, 0.5, 1.0, 2.5 ] },
						"up": { "texture": "#normal1", "uv": [ 4.0, 2.5, 7.0, 3.0 ] },
						"down": { "texture": "#normal1", "uv": [ 12.5, 13.0, 15.5, 13.5 ] }
					},
					"children": [
						{
							"name": "Tail3",
							"from": [ -4.0, -0.01, 0.0 ], 
							"to": [ 0.0, 1.99, 0.5 ], 
							"rotationOrigin": [ 0.0, 0.02, 0.0 ],
							"rotationY": 61.0,
							"faces": {
								"north": { "texture": "#normal1", "uv": [ 9.0, 10.0, 13.0, 12.0 ] },
								"east": { "texture": "#normal1", "uv": [ 3.5, 7.0, 4.0, 9.0 ] },
								"south": { "texture": "#normal1", "uv": [ 9.5, 7.5, 13.5, 9.5 ] },
								"west": { "texture": "#normal1", "uv": [ 14.5, 12.5, 15.0, 14.5 ] },
								"up": { "texture": "#normal1", "uv": [ 9.0, 3.5, 13.0, 4.0 ] },
								"down": { "texture": "#normal1", "uv": [ 0.5, 10.0, 4.5, 10.5 ] }
							},
							"children": [
								{
									"name": "Tail4",
									"from": [ 0.0, -0.01, 0.5 ], 
									"to": [ 2.0, 1.99, 1.0 ], 
									"rotationOrigin": [ 0.0, 1.03, 0.5 ],
									"rotationY": 141.0,
									"faces": {
										"north": { "texture": "#normal1", "uv": [ 13.0, 12.0, 15.0, 14.0 ] },
										"east": { "texture": "#normal1", "uv": [ 2.0, 7.5, 2.5, 9.5 ] },
										"south": { "texture": "#normal1", "uv": [ 7.0, 8.5, 9.0, 10.5 ] },
										"west": { "texture": "#normal1", "uv": [ 8.0, 4.5, 8.5, 6.5 ] },
										"up": { "texture": "#normal1", "uv": [ 12.0, 7.5, 14.0, 8.0 ] },
										"down": { "texture": "#normal1", "uv": [ 9.0, 9.0, 11.0, 9.5 ] }
									}
								}
							]
						}
					]
				}
			]
		}
	]}