{
	code: "crowbro",
	class: "BlockCrowBro",
	creativeinventory: { general: ["*"], unstablethrone: ["*-north"] },
	behaviors: [{name: "HorizontalOrientable"}],
	blockmaterial: "Plant",
	drawtype: "json",
	variantgroups: [
		{ code:"type", states: ["normal","dave"] },{ code:"side", loadFromProperties: "abstract/horizontalorientation" }
	],
	shapeByType: {
		"*-normal-north": { base: "crow", rotateY: 0 },
		"*-normal-east": { base: "crow", rotateY: 270 },
		"*-normal-west": { base: "crow", rotateY: 90 },
		"*-normal-south": { base: "crow", rotateY: 180 },
		"*-dave-north": { base: "dave", rotateY: 0 },
		"*-dave-east": { base: "dave", rotateY: 270 },
		"*-dave-west": { base: "dave", rotateY: 90 },
		"*-dave-south": { base: "dave", rotateY: 180 },
	},
	"attributesByType": {
		"*-normal-*":{
			"feedsounds": ["unstablethrone:sounds/crow/say1","unstablethrone:sounds/crow/say2","unstablethrone:sounds/crow/say3","unstablethrone:sounds/crow/say4"],
			"food": "grain-"

		},
		"*-dave-*":{
			"feedsounds": ["game:sounds/effect/translocate-active","game:sounds/effect/rift"],
			"food": "gear-rusty"

		}
	},
	
	sounds: {
		place: "crow/say1",
		break: "crow/say5",
		hit: "crow/say5",
	},
	
	walkspeedmultiplier: 0.25,
	lightAbsorption: 0,
	sidesolid: { all: false },
	sideopaque: { all: false },
	replaceable: 7000,
	resistance: 0.25,
	materialDensity: 300,
	collisionbox: null,
	selectionBox: { x1: 0.25, y1: 0, z1: 0.25, x2: 0.75, y2: 0.875, z2: 0.75 },
	
}