{
	"editor": {
		"allAngles": true,
		"entityTextureMode": false
	},
	"textureWidth": 16,
	"textureHeight": 16,
	"textureSizes": {
	},
	"textures": {
		"matsutake": "mycodiversity:block/plant/mushroom/matsutake/matsutake"
	},
	"elements": [
		{
			"name": "origin",
			"from": [ 8.0, 0.0, 8.0 ],
			"to": [ 8.0, 0.0, 8.0 ],
			"rotationOrigin": [ 8.0, 0.0, 8.0 ],
			"faces": {
			},
			"children": [
				{
					"name": "tiny20",
					"from": [ 0.6, 0.0, 0.3 ],
					"to": [ 1.6, 0.5, 1.3 ],
					"rotationOrigin": [ 1.1, 0.0, 0.8 ],
					"rotationY": 58.0,
					"faces": {
						"north": { "texture": "#matsutake", "uv": [ 8.0, 9.0, 9.0, 9.5 ] },
						"east": { "texture": "#matsutake", "uv": [ 8.0, 9.0, 9.0, 9.5 ] },
						"south": { "texture": "#matsutake", "uv": [ 8.0, 9.0, 9.0, 9.5 ] },
						"west": { "texture": "#matsutake", "uv": [ 7.5, 10.5, 8.5, 11.0 ] },
						"down": { "texture": "#matsutake", "uv": [ 0.5, 11.0, 1.5, 12.0 ] }
					},
					"children": [
						{
							"name": "cap6",
							"from": [ -0.2, 0.4, -0.3 ],
							"to": [ 1.3, 1.2, 1.2 ],
							"rotationOrigin": [ 0.5, 0.4, 0.4 ],
							"rotationX": 5.0,
							"rotationZ": 3.0,
							"faces": {
								"north": { "texture": "#matsutake", "uv": [ 2.0, 5.5, 3.5, 6.0 ] },
								"east": { "texture": "#matsutake", "uv": [ 1.5, 7.0, 3.0, 7.5 ] },
								"south": { "texture": "#matsutake", "uv": [ 3.0, 6.5, 4.5, 7.0 ] },
								"west": { "texture": "#matsutake", "uv": [ 1.0, 7.5, 2.5, 8.0 ] },
								"up": { "texture": "#matsutake", "uv": [ 3.5, 3.0, 5.0, 4.5 ] },
								"down": { "texture": "#matsutake", "uv": [ 3.0, 13.0, 4.5, 14.5 ] }
							}
						}
					]
				},
				{
					"name": "tiny13",
					"from": [ -1.55, -0.2, 0.56 ],
					"to": [ -0.55, 1.3, 1.56 ],
					"rotationOrigin": [ -1.0534, -0.2, 1.0601 ],
					"rotationX": 6.0,
					"rotationY": -30.0,
					"rotationZ": 3.0,
					"faces": {
						"north": { "texture": "#matsutake", "uv": [ 7.5, 11.0, 8.5, 12.5 ] },
						"east": { "texture": "#matsutake", "uv": [ 7.5, 13.0, 8.5, 14.5 ] },
						"south": { "texture": "#matsutake", "uv": [ 8.0, 10.5, 9.0, 12.0 ] },
						"west": { "texture": "#matsutake", "uv": [ 7.5, 12.0, 8.5, 13.5 ] },
						"down": { "texture": "#matsutake", "uv": [ 3.0, 13.0, 4.0, 14.0 ] }
					},
					"children": [
						{
							"name": "cap3",
							"from": [ -1.1, 2.3, -1.1 ],
							"to": [ 1.9, 3.7, 1.9 ],
							"rotationOrigin": [ 0.4, 2.3, 0.4 ],
							"rotationZ": 22.0,
							"faces": {
								"north": { "texture": "#matsutake", "uv": [ 3.0, 6.5, 6.0, 7.5 ] },
								"east": { "texture": "#matsutake", "uv": [ 2.5, 1.0, 5.5, 2.0 ] },
								"south": { "texture": "#matsutake", "uv": [ 3.0, 6.0, 6.0, 7.0 ] },
								"west": { "texture": "#matsutake", "uv": [ 1.5, 2.0, 4.5, 3.0 ] },
								"up": { "texture": "#matsutake", "uv": [ 0.5, 4.5, 3.5, 7.5 ] },
								"down": { "texture": "#matsutake", "uv": [ 4.0, 12.0, 7.0, 15.0 ] }
							},
							"children": [
								{
									"name": "Face2",
									"from": [ 0.4, -0.9, 0.1 ],
									"to": [ 2.7, 0.3, 2.1 ],
									"renderPass": 2,
									"rotationOrigin": [ 1.4, -0.9, 2.1 ],
									"rotationX": 42.0,
									"faces": {
										"south": { "texture": "#matsutake", "uv": [ 9.5, 13.5, 12.5, 15.5 ], "rotation": 180, "autoUv": false }
									}
								},
								{
									"name": "Face3",
									"from": [ 0.4, 0.5, 2.4 ],
									"to": [ 2.7, 1.7, 4.4 ],
									"renderPass": 2,
									"rotationOrigin": [ 1.4, 0.5, 2.4 ],
									"rotationX": -42.0,
									"rotationY": 180.0,
									"faces": {
										"south": { "texture": "#matsutake", "uv": [ 9.5, 13.5, 12.5, 15.5 ], "rotation": 180, "autoUv": false }
									}
								},
								{
									"name": "Face4",
									"from": [ -0.6, -0.9, -0.6 ],
									"to": [ 1.7, 0.3, 1.4 ],
									"renderPass": 2,
									"rotationOrigin": [ 0.4, -0.9, 1.4 ],
									"rotationY": -90.0,
									"faces": {
										"south": { "texture": "#matsutake", "uv": [ 9.5, 13.5, 12.5, 15.5 ], "rotation": 180, "autoUv": false }
									}
								},
								{
									"name": "Face5",
									"from": [ -0.4, 0.3, 1.9 ],
									"to": [ 1.9, 1.5, 3.9 ],
									"renderPass": 2,
									"rotationOrigin": [ 0.6, 0.3, 1.9 ],
									"rotationX": -83.0,
									"rotationY": 127.0,
									"rotationZ": 80.0,
									"faces": {
										"south": { "texture": "#matsutake", "uv": [ 9.5, 13.5, 12.5, 15.5 ], "rotation": 180, "autoUv": false }
									}
								}
							]
						},
						{
							"name": "stem2",
							"from": [ 0.0, 1.4, 0.0 ],
							"to": [ 1.0, 2.9, 1.0 ],
							"rotationOrigin": [ 0.5, 1.4, 0.5 ],
							"rotationX": -5.0,
							"rotationZ": 8.0,
							"faces": {
								"north": { "texture": "#matsutake", "uv": [ 7.0, 11.0, 8.0, 12.5 ] },
								"east": { "texture": "#matsutake", "uv": [ 7.0, 10.5, 8.0, 12.0 ] },
								"south": { "texture": "#matsutake", "uv": [ 7.0, 10.0, 8.0, 11.5 ] },
								"west": { "texture": "#matsutake", "uv": [ 8.5, 9.0, 9.5, 10.5 ] }
							}
						}
					]
				}
			]
		},
		{
			"name": "mylittlemushroom2",
			"from": [ 7.8, -0.1, 6.1 ],
			"to": [ 8.8, 1.3, 7.1 ],
			"rotationOrigin": [ 7.8, -0.1, 6.1 ],
			"rotationY": -28.0,
			"faces": {
				"north": { "texture": "#matsutake", "uv": [ 3.5, 7.0, 4.5, 8.0 ] },
				"east": { "texture": "#matsutake", "uv": [ 3.5, 7.5, 4.5, 8.5 ] },
				"south": { "texture": "#matsutake", "uv": [ 6.0, 7.5, 7.0, 8.5 ] },
				"west": { "texture": "#matsutake", "uv": [ 6.5, 7.0, 7.5, 8.0 ] },
				"up": { "texture": "#matsutake", "uv": [ 0.0, 0.0, 1.0, 1.0 ] },
				"down": { "texture": "#matsutake", "uv": [ 0.0, 0.0, 1.0, 1.0 ] }
			},
			"children": [
				{
					"name": "cap70",
					"from": [ -0.5, 1.3, -0.5 ],
					"to": [ 1.5, 2.3, 1.5 ],
					"rotationOrigin": [ -0.5, 1.3, -0.5 ],
					"rotationX": -17.0,
					"faces": {
						"north": { "texture": "#matsutake", "uv": [ 2.0, 3.5, 4.0, 4.5 ] },
						"east": { "texture": "#matsutake", "uv": [ 3.5, 3.5, 5.5, 4.5 ] },
						"south": { "texture": "#matsutake", "uv": [ 4.5, 3.5, 6.5, 4.5 ] },
						"west": { "texture": "#matsutake", "uv": [ 4.0, 7.5, 6.0, 8.5 ] },
						"up": { "texture": "#matsutake", "uv": [ 1.5, 1.0, 3.5, 3.0 ] },
						"down": { "texture": "#matsutake", "uv": [ 1.5, 11.0, 3.5, 13.0 ] }
					},
					"children": [
						{
							"name": "Face10",
							"from": [ 0.0, -0.3, 0.6 ],
							"to": [ 2.0, 0.7, 1.6 ],
							"renderPass": 2,
							"rotationOrigin": [ 0.0, -0.3, 0.6 ],
							"rotationX": 30.0,
							"faces": {
								"south": { "texture": "#matsutake", "uv": [ 9.5, 9.5, 12.5, 11.5 ], "rotation": 180, "autoUv": false }
							}
						},
						{
							"name": "Face11",
							"from": [ 0.0, 0.6, 0.9 ],
							"to": [ 2.0, 1.6, 1.9 ],
							"renderPass": 2,
							"rotationOrigin": [ 0.0, 0.6, 0.9 ],
							"rotationX": 147.0,
							"faces": {
								"south": { "texture": "#matsutake", "uv": [ 9.5, 9.5, 12.5, 11.5 ], "autoUv": false }
							}
						},
						{
							"name": "Face12",
							"from": [ 0.0, -1.0, 1.0 ],
							"to": [ 1.0, 1.0, 2.0 ],
							"renderPass": 2,
							"rotationOrigin": [ 1.0, -0.5, 1.5 ],
							"rotationX": -89.0,
							"rotationY": 127.0,
							"faces": {
								"south": { "texture": "#matsutake", "uv": [ 9.5, 9.5, 12.5, 11.5 ], "rotation": 90, "autoUv": false }
							}
						},
						{
							"name": "Face13",
							"from": [ -0.6, -0.2, 1.0 ],
							"to": [ 0.4, 1.8, 2.0 ],
							"renderPass": 2,
							"rotationOrigin": [ 0.4, 0.3, 1.5 ],
							"rotationX": -89.0,
							"rotationY": -127.0,
							"faces": {
								"south": { "texture": "#matsutake", "uv": [ 9.5, 9.5, 12.5, 11.5 ], "rotation": 270, "autoUv": false }
							}
						}
					]
				}
			]
		}
	]}