{
  "textureWidth":16,
  "textureHeight":16,
  "textures":{
    "material":"game:block/metal/ingot/copper"
  },
  "textureSizes":{
    "material":[
      32,
      32
    ]
  },
  "elements":[
    {
      "name":"origin",
      "from":[
        11.105414390563965,
        0.5,
        7.699999988079071
      ],
      "to":[
        11.105414390563965,
        0.5,
        7.699999988079071
      ],
      "rotationOrigin":[
        8.105414390563965,
        0.0,
        8.0
      ],
      "group":"fine_metal_stonehead",
      "faces":{
        "north":{
          "texture":"#0",
          "uv":[
            0,
            0,
            4,
            4
          ],
          "autoUv":false
        },
        "east":{
          "texture":"#0",
          "uv":[
            0,
            0,
            4,
            4
          ],
          "autoUv":false
        },
        "south":{
          "texture":"#0",
          "uv":[
            0,
            0,
            4,
            4
          ],
          "autoUv":false
        },
        "west":{
          "texture":"#0",
          "uv":[
            0,
            0,
            4,
            4
          ],
          "autoUv":false
        },
        "up":{
          "texture":"#material",
          "uv":[
            0.0,
            0.0,
            1.0,
            1.0
          ],
          "autoUv":false,
          "rotation":180
        },
        "down":{
          "texture":"#0",
          "uv":[
            0,
            0,
            4,
            4
          ],
          "autoUv":false
        }
      },
      "children":[
        {
          "name":"fine_metal_stonehead 01",
          "from":[
            -5.273561343550682,
            -0.1651800274848938,
            -0.2699333429336548
          ],
          "to":[
            -4.798309341073036,
            1.1651800274848938,
            0.8699324131011963
          ],
          "rotationOrigin":[
            -5.035935401916504,
            0.5,
            0.29999953508377075
          ],
          "rotationY":-179.99990938630796,
          "group":"fine_metal_stonehead",
          "faces":{
            "north":{
              "texture":"#material",
              "uv":[
                3.0,
                8.0,
                5.0,
                12.0
              ],
              "autoUv":false
            },
            "east":{
              "texture":"#material",
              "uv":[
                6.0,
                8.0,
                9.0,
                11.0
              ],
              "autoUv":false
            },
            "south":{
              "texture":"#material",
              "uv":[
                1.0,
                8.0,
                3.0,
                12.0
              ],
              "autoUv":false
            },
            "west":{
              "texture":"#material",
              "uv":[
                6.0,
                8.0,
                9.0,
                11.0
              ],
              "autoUv":false
            },
            "up":{
              "texture":"#material",
              "uv":[
                1.0,
                4.999998092651367,
                3.0,
                8.999998092651367
              ],
              "autoUv":false
            },
            "down":{
              "texture":"#material",
              "uv":[
                5.0,
                9.0,
                2.999999761581421,
                5.0
              ],
              "autoUv":false,
              "rotation":180
            }
          },
          "children":[]
        },
        {
          "name":"fine_metal_stonehead 02",
          "from":[
            -5.9693141877651215,
            -0.16312336921691895,
            -0.2735525369644165
          ],
          "to":[
            -5.433965116739273,
            1.163123369216919,
            0.8882906436920166
          ],
          "rotationOrigin":[
            -5.701639652252197,
            0.5,
            0.30736905336380005
          ],
          "rotationY":89.99998201391065,
          "group":"fine_metal_stonehead",
          "faces":{
            "north":{
              "texture":"#material",
              "uv":[
                6.999999523162842,
                4.0,
                9.0,
                7.999998092651367
              ],
              "autoUv":false
            },
            "east":{
              "texture":"#material",
              "uv":[
                6.0,
                1.0,
                9.0,
                4.0
              ],
              "autoUv":false
            },
            "south":{
              "texture":"#material",
              "uv":[
                1.0000001192092896,
                17.999999046325684,
                3.0,
                21.999999046325684
              ],
              "autoUv":false
            },
            "west":{
              "texture":"#material",
              "uv":[
                6.0,
                1.0,
                9.0,
                4.0
              ],
              "autoUv":false
            },
            "up":{
              "texture":"#material",
              "uv":[
                2.0,
                4.999998092651367,
                3.0,
                8.999998092651367
              ],
              "autoUv":false
            },
            "down":{
              "texture":"#material",
              "uv":[
                8.0,
                12.0,
                6.999999523162842,
                8.0
              ],
              "autoUv":false,
              "rotation":180
            }
          },
          "children":[]
        },
        {
          "name":"fine_metal_stonehead 03",
          "from":[
            -6.471835747361183,
            -0.16252845525741577,
            0.11809520423412323
          ],
          "to":[
            -6.093286842107773,
            1.1625284552574158,
            0.49664296209812164
          ],
          "rotationOrigin":[
            -6.282561302185059,
            0.5,
            0.30736905336380005
          ],
          "rotationY":44.999994422049916,
          "group":"fine_metal_stonehead",
          "faces":{
            "north":{
              "texture":"#material",
              "uv":[
                8.0,
                4.0,
                9.0,
                7.999998092651367
              ],
              "autoUv":false
            },
            "east":{
              "texture":"#material",
              "uv":[
                6.0,
                0.0,
                6.999999523162842,
                3.0
              ],
              "autoUv":false
            },
            "south":{
              "texture":"#material",
              "uv":[
                1.0000001192092896,
                17.999999046325684,
                2.0,
                21.999999046325684
              ],
              "autoUv":false
            },
            "west":{
              "texture":"#material",
              "uv":[
                8.0,
                0.0,
                9.0,
                4.0
              ],
              "autoUv":false
            },
            "up":{
              "texture":"#material",
              "uv":[
                2.0,
                8.0,
                3.0,
                8.999998092651367
              ],
              "autoUv":false
            },
            "down":{
              "texture":"#material",
              "uv":[
                9.0,
                9.0,
                8.0,
                8.0
              ],
              "autoUv":false,
              "rotation":180
            }
          },
          "children":[]
        },
        {
          "name":"fine_metal_stonehead 04",
          "from":[
            -5.732086166739464,
            -0.2578447461128235,
            0.12131386995315552
          ],
          "to":[
            -5.359975829720497,
            1.2578447461128235,
            0.4934242367744446
          ],
          "rotationOrigin":[
            -5.5460309982299805,
            0.5,
            0.30736905336380005
          ],
          "rotationY":89.99998201391065,
          "group":"fine_metal_stonehead",
          "faces":{
            "north":{
              "texture":"#material",
              "uv":[
                6.999999523162842,
                8.0,
                8.0,
                11.0
              ],
              "autoUv":false
            },
            "east":{
              "texture":"#material",
              "uv":[
                6.0,
                0.0,
                7.0,
                3.0
              ],
              "autoUv":false
            },
            "south":{
              "texture":"#material",
              "uv":[
                2.0,
                17.999999046325684,
                3.0,
                21.0
              ],
              "autoUv":false
            },
            "west":{
              "texture":"#material",
              "uv":[
                6.0,
                0.0,
                7.0,
                3.0
              ],
              "autoUv":false
            },
            "up":{
              "texture":"#material",
              "uv":[
                2.0,
                4.999998092651367,
                3.0,
                6.0
              ],
              "autoUv":false
            },
            "down":{
              "texture":"#material",
              "uv":[
                8.0,
                15.0,
                6.999999523162842,
                14.0
              ],
              "autoUv":false,
              "rotation":180
            }
          },
          "children":[]
        },
        {
          "name":"fine_metal_stonehead 05",
          "from":[
            -5.193523347377777,
            0.2121666967868805,
            -0.0952150821685791
          ],
          "to":[
            -4.4030943512916565,
            0.7922323644161224,
            0.695215106010437
          ],
          "rotationOrigin":[
            -4.798308849334717,
            0.5021995306015015,
            0.30000001192092896
          ],
          "rotationY":-134.99997302086598,
          "group":"fine_metal_stonehead",
          "faces":{
            "north":{
              "texture":"#material",
              "uv":[
                4.0,
                10.0,
                7.0,
                12.0
              ],
              "autoUv":false
            },
            "east":{
              "texture":"#material",
              "uv":[
                6.585785865783691,
                0.0,
                8.0,
                4.0
              ],
              "autoUv":false
            },
            "south":{
              "texture":"#material",
              "uv":[
                8.0,
                17.999999046325684,
                10.0,
                22.0
              ],
              "autoUv":false
            },
            "west":{
              "texture":"#material",
              "uv":[
                7.0,
                10.0,
                4.0,
                12.0
              ],
              "autoUv":false
            },
            "up":{
              "texture":"#material",
              "uv":[
                6.0,
                10.0,
                8.0,
                12.0
              ],
              "autoUv":false,
              "rotation":270
            },
            "down":{
              "texture":"#material",
              "uv":[
                6.0,
                12.0,
                8.0,
                10.0
              ],
              "autoUv":false,
              "rotation":270
            }
          },
          "children":[]
        },
        {
          "name":"fine_metal_stonehead 06",
          "from":[
            -4.772517919540405,
            0.22525709867477417,
            -0.0756661593914032
          ],
          "to":[
            -3.8035004138946533,
            0.782161295413971,
            0.6756661832332611
          ],
          "rotationOrigin":[
            -4.288009166717529,
            0.5037091970443726,
            0.30000001192092896
          ],
          "group":"fine_metal_stonehead",
          "faces":{
            "north":{
              "texture":"#material",
              "uv":[
                9.0,
                10.0,
                4.0,
                12.0
              ],
              "autoUv":false
            },
            "east":{
              "texture":"#material",
              "uv":[
                6.585785865783691,
                0.0,
                8.0,
                4.0
              ],
              "autoUv":false
            },
            "south":{
              "texture":"#material",
              "uv":[
                4.0,
                10.0,
                9.0,
                12.0
              ],
              "autoUv":false
            },
            "west":{
              "texture":"#material",
              "uv":[
                6.0,
                18.0,
                8.0,
                22.0
              ],
              "autoUv":false
            },
            "up":{
              "texture":"#material",
              "uv":[
                6.0,
                9.0,
                8.0,
                11.0
              ],
              "autoUv":false,
              "rotation":90
            },
            "down":{
              "texture":"#material",
              "uv":[
                6.0,
                11.0,
                8.0,
                9.0
              ],
              "autoUv":false,
              "rotation":90
            }
          },
          "children":[]
        },
        {
          "name":"fine_metal_stonehead 07",
          "from":[
            -4.000395625829697,
            0.30681394040584564,
            -0.0750700831413269
          ],
          "to":[
            -3.606604665517807,
            0.7006044536828995,
            0.6750701069831848
          ],
          "rotationOrigin":[
            -3.803500175476074,
            0.5037091970443726,
            0.30000001192092896
          ],
          "rotationZ":45.00000125223908,
          "group":"fine_metal_stonehead",
          "faces":{
            "north":{
              "texture":"#material",
              "uv":[
                10.0,
                10.0,
                8.0,
                12.0
              ],
              "autoUv":false
            },
            "east":{
              "texture":"#material",
              "uv":[
                6.0,
                8.0,
                8.0,
                9.0
              ],
              "autoUv":false,
              "rotation":180
            },
            "south":{
              "texture":"#material",
              "uv":[
                8.0,
                10.0,
                10.0,
                12.0
              ],
              "autoUv":false
            },
            "west":{
              "texture":"#material",
              "uv":[
                6.000000476837158,
                17.840499877929688,
                9.269096374511719,
                20.98570442199707
              ],
              "autoUv":false
            },
            "up":{
              "texture":"#material",
              "uv":[
                9.228455543518066,
                5.999998092651367,
                10.041218757629395,
                8.999998092651367
              ],
              "autoUv":false
            },
            "down":{
              "texture":"#material",
              "uv":[
                6.0,
                9.0,
                8.0,
                8.0
              ],
              "autoUv":false,
              "rotation":90
            }
          },
          "children":[]
        },
        {
          "name":"fine_metal_stonehead 08",
          "from":[
            -4.28343491256237,
            0.045031845569610596,
            0.1292107254266739
          ],
          "to":[
            -3.927118256688118,
            0.9549681544303894,
            0.4855273813009262
          ],
          "rotationOrigin":[
            -4.105276584625244,
            0.5,
            0.30736905336380005
          ],
          "rotationY":89.99998884409983,
          "rotationZ":90.00000250447816,
          "group":"fine_metal_stonehead",
          "faces":{
            "north":{
              "texture":"#material",
              "uv":[
                6.999999523162842,
                8.0,
                8.0,
                11.0
              ],
              "autoUv":false
            },
            "east":{
              "texture":"#material",
              "uv":[
                6.0496063232421875,
                8.0,
                7.0,
                11.0
              ],
              "autoUv":false
            },
            "south":{
              "texture":"#material",
              "uv":[
                7.013225555419922,
                8.0,
                7.98677396774292,
                11.0
              ],
              "autoUv":false
            },
            "west":{
              "texture":"#material",
              "uv":[
                6.0496063232421875,
                8.0,
                7.0,
                11.0
              ],
              "autoUv":false
            },
            "up":{
              "texture":"#material",
              "uv":[
                6.0,
                7.0,
                7.0,
                8.0
              ],
              "autoUv":false
            },
            "down":{
              "texture":"#material",
              "uv":[
                8.0,
                8.0,
                7.0,
                7.0
              ],
              "autoUv":false,
              "rotation":180
            }
          },
          "children":[]
        }
      ]
    }
  ],
  "groups":[]
}