{
  "code": "ceilingjar",
  "class": "FoodShelves.BlockFSContainer",
  "entityclass": "FoodShelves.BECeilingJar",
  "variantgroups": [
    { "code": "type", "states": ["normal"] }
  ],
  "attributes": {
    "materials": { "loadFromProperties": "block/wood" },
    "variantTextures": {
      "surface": [ "game:block/wood/debarked/{wood}", "foodshelves:variants/wood/{wood}" ],
      "glass": [ "game:block/glass/{glass}" ]
    },
    "handbook": {
      "groupBy": [ "ceilingjar-*" ],
      "extraSections": [
        {
          "title": "foodshelves:blockdesc-canhold-title",
          "text": "foodshelves:blockdesc-liquidystuff-text"
        }
      ]
    },
    "unifyItemSlots": true
  },
  "behaviors": [
    { "name": "FoodShelves.CeilingAttachable" }
  ],
  "shape": {
    "base": "block/glassware/ceilingjar"
  },
  "heldTpIdleAnimation": "holdbothhandslarge",
  "heldRightReadyAnimation": "heldblockready", 
  "heldTpUseAnimation": "twohandplaceblock",
  "blockmaterial": "Wood",
  "lightAbsorption": 1,
  "maxStackSize": 16,
  "replaceable": 900,
  "faceCullMode": "NeverCull",
  "resistance": 1.5,
  "materialDensity": 400,
  "drawtype": "json",
  "emitSideAo": { "all": false },
  "sideao": { "all": true },
  "sidesolid": {
	  "up": true,
	  "all": false
  },
  "sideopaque": {
	  "up": true,
	  "all": false
  },
  "tpHandTransform": {
	  "translation": { "x": -0.9, "y": -1, "z": -0.55 },
	  "rotation": { "x": -2, "y": 25, "z": -78 },
    "scale": 0.5
  },
  "sounds": {
    "place": "game:block/planks",
    "hit": "game:block/planks",
    "break": "game:block/planks"
  },
  "collisionSelectionBoxes": [ 
    { "x1": 0, "y1": 0, "z1": 0, "x2": 1, "y2": 1, "z2": 1 }
  ]
}
