{
  "code": "fruitcooler",
  "class": "FoodShelves.BlockFruitCooler",
  "entityclass": "FoodShelves.BEFruitCooler",
  "variantgroups": [
    { "code": "type", "states": ["normal"] },
    { "code": "side", "loadFromProperties": "abstract/horizontalorientation" }
  ],
  "attributes": {
    "materials": { "loadFromProperties": "block/wood" },
    "variantTextures": {
      "surface": [ "game:block/wood/debarked/{wood}", "foodshelves:variants/wood/{wood}" ],
      "glass": [ "game:block/glass/{glass}" ],
      "rock": [ "game:block/stone/polishedrock/{rock}" ]
    },
    "handbook": {
      "groupBy": [ "fruitcooler-*" ],
      "extraSections": [
        {
          "title": "foodshelves:blockdesc-canhold-title",
          "text": "foodshelves:blockdesc-fruitcooler-text"
        }
      ]
    },
    "worldInteractionAttributeCheck": "fsFruitCooler"
  },
  "behaviors": [
    { "name": "HorizontalOrientable", "properties": { "dropBlockFace": "east" } }
  ],
  "shape": {
    "base": "block/glassware/fruitcooler",
    "rotateYByType": { "*-north": 0, "*-east": 270, "*-west": 90, "*-south": 180 }
  },
  "heldTpIdleAnimation": "holdbothhandslarge",
  "heldRightReadyAnimation": "heldblockready", 
  "heldTpUseAnimation": "twohandplaceblock",
  "blockmaterial": "Wood",
  "lightAbsorption": 2,
  "maxStackSize": 8,
  "replaceable": 900,
  "resistance": 1.5,
  "materialDensity": 400,
  "faceCullMode": "NeverCull",
  "emitSideAo": { "all": false },
  "sidesolid": { "all": false },
  "sideopaque": { "all": false },
  "tpHandTransform": {
	  "translation": { "x": -1.5, "y": -1.28, "z": -0.81 },
	  "rotation": { "x": -163, "y": -11, "z": -102 },
	  "scale": 0.35
  },
  "sounds": {
    "place": "game:block/planks",
    "hit": "game:block/planks",
    "break": "game:block/planks"
  },
  "collisionbox": { "x1": 0, "y1": 0, "z1": 0, "x2": 1, "y2": 1, "z2": 1, "rotateYByType": { "*-north": 0, "*-east": 270, "*-west": 90, "*-south": 180 } },
  "selectionBoxes": [
    { "x1": 0.125, "y1": 0.25, "z1": 0.5325, "x2": 0.4675, "y2": 0.825, "z2": 0.875, "rotateYByType": { "*-north": 0, "*-east": 270, "*-west": 90, "*-south": 180 } },
    { "x1": 0.5325, "y1": 0.25, "z1": 0.5325, "x2": 0.875, "y2": 0.825, "z2": 0.875, "rotateYByType": { "*-north": 0, "*-east": 270, "*-west": 90, "*-south": 180 } },
    { "x1": 0.125, "y1": 0.25, "z1": 0.125, "x2": 0.4675, "y2": 0.825, "z2": 0.47, "rotateYByType": { "*-north": 0, "*-east": 270, "*-west": 90, "*-south": 180 } },
    { "x1": 0.5325, "y1": 0.25, "z1": 0.125, "x2": 0.875, "y2": 0.825, "z2": 0.47, "rotateYByType": { "*-north": 0, "*-east": 270, "*-west": 90, "*-south": 180 } },
    { "x1": 0.0625, "y1": 0.75, "z1": 0.0625, "x2": 0.9375, "y2": 1, "z2": 1, "rotateYByType": { "*-north": 0, "*-east": 270, "*-west": 90, "*-south": 180 } },
    { "x1": 0.0625, "y1": 0.0625, "z1": 0.0625, "x2": 0.9375, "y2": 0.3125, "z2": 1, "rotateYByType": { "*-north": 0, "*-east": 270, "*-west": 90, "*-south": 180 } },
    { "x1": 0, "y1": 0, "z1": 0, "x2": 1, "y2": 1, "z2": 1, "rotateYByType": { "*-north": 0, "*-east": 270, "*-west": 90, "*-south": 180 } }
  ]
}
