{
  "textureWidth":16,
  "textureHeight":16,
  "textures":{
    "wood":"game:block/wood/debarked/oak"
  },
  "textureSizes":{
    "wood":[
      32,
      32
    ]
  },
  "elements":[
    {
      "name":"origin",
      "from":[
        10.57228136062622,
        0.5354726910591125,
        8.21067351102829
      ],
      "to":[
        10.57228136062622,
        0.5354726910591125,
        8.21067351102829
      ],
      "rotationOrigin":[
        8.0,
        0.0,
        8.0
      ],
      "group":"Regular",
      "faces":{
        "north":{
          "texture":"#0",
          "uv":[
            0,
            0,
            4,
            4
          ],
          "autoUv":false
        },
        "east":{
          "texture":"#0",
          "uv":[
            0,
            0,
            4,
            4
          ],
          "autoUv":false
        },
        "south":{
          "texture":"#0",
          "uv":[
            0,
            0,
            4,
            4
          ],
          "autoUv":false
        },
        "west":{
          "texture":"#0",
          "uv":[
            0,
            0,
            4,
            4
          ],
          "autoUv":false
        },
        "up":{
          "texture":"#wood",
          "uv":[
            0.0,
            0.0,
            1.0,
            1.0
          ],
          "autoUv":false,
          "rotation":180
        },
        "down":{
          "texture":"#0",
          "uv":[
            0,
            0,
            4,
            4
          ],
          "autoUv":false
        }
      },
      "children":[
        {
          "name":"handle_regular 01",
          "from":[
            -7.540463924407959,
            -0.4488086700439453,
            -0.9934860467910767
          ],
          "to":[
            3.385685443878174,
            0.9785155057907104,
            0.4338381290435791
          ],
          "rotationOrigin":[
            -2.0773892402648926,
            0.26485341787338257,
            -0.2798239588737488
          ],
          "group":"Regular",
          "faces":{
            "north":{
              "texture":"#wood",
              "uv":[
                6.0,
                20.999001502990723,
                23.0,
                24.0
              ],
              "autoUv":false
            },
            "east":{
              "texture":"#wood",
              "uv":[
                1.2024325132369995,
                1.202432632446289,
                3.79756760597229,
                3.797565460205078
              ],
              "autoUv":false
            },
            "south":{
              "texture":"#wood",
              "uv":[
                10.0,
                21.0,
                29.0,
                24.0
              ],
              "autoUv":false
            },
            "west":{
              "texture":"#wood",
              "uv":[
                28.202434539794922,
                20.20243263244629,
                30.797571182250977,
                22.797566413879395
              ],
              "autoUv":false
            },
            "up":{
              "texture":"#wood",
              "uv":[
                4.0,
                6.999998092651367,
                24.0,
                10.0
              ],
              "autoUv":false,
              "rotation":180
            },
            "down":{
              "texture":"#wood",
              "uv":[
                22.0,
                14.0,
                3.000000238418579,
                10.0
              ],
              "autoUv":false,
              "rotation":180
            }
          },
          "children":[]
        },
        {
          "name":"handle_regular 02",
          "from":[
            -12.837140560150146,
            -0.44729334115982056,
            -0.9934804439544678
          ],
          "to":[
            -7.540464878082275,
            0.9785154461860657,
            0.43384110927581787
          ],
          "rotationOrigin":[
            -10.188802719116211,
            0.26561105251312256,
            -0.27981966733932495
          ],
          "group":"Regular",
          "faces":{
            "north":{
              "texture":"#wood",
              "uv":[
                23.0,
                20.999001502990723,
                31.0,
                24.0
              ],
              "autoUv":false
            },
            "east":{
              "texture":"#wood",
              "uv":[
                1.2024325132369995,
                1.2038097381591797,
                3.79756760597229,
                3.7961883544921875
              ],
              "autoUv":false
            },
            "south":{
              "texture":"#wood",
              "uv":[
                1.0,
                21.0,
                10.0,
                24.0
              ],
              "autoUv":false
            },
            "west":{
              "texture":"#wood",
              "uv":[
                28.0,
                20.000000953674316,
                31.0,
                23.0
              ],
              "autoUv":false
            },
            "up":{
              "texture":"#wood",
              "uv":[
                22.0338077545166,
                7.206857681274414,
                31.6517276763916,
                9.798643112182617
              ],
              "autoUv":false,
              "rotation":180
            },
            "down":{
              "texture":"#wood",
              "uv":[
                31.632747650146484,
                12.826942443847656,
                22.00739288330078,
                10.233154296875
              ],
              "autoUv":false,
              "rotation":180
            }
          },
          "children":[]
        },
        {
          "name":"handle_regular 03",
          "from":[
            3.180793970823288,
            -0.44595474004745483,
            -0.37404966354370117
          ],
          "to":[
            4.169768124818802,
            0.9748826622962952,
            0.6344825029373169
          ],
          "rotationOrigin":[
            3.675281047821045,
            0.26446396112442017,
            0.13021641969680786
          ],
          "rotationY":-19.750016202110668,
          "group":"Regular",
          "faces":{
            "north":{
              "texture":"#wood",
              "uv":[
                23.581205368041992,
                11.209035873413086,
                25.358482360839844,
                13.792377471923828
              ],
              "autoUv":false
            },
            "east":{
              "texture":"#wood",
              "uv":[
                0.5885602831840515,
                1.2090435028076172,
                2.422255516052246,
                3.7923812866210938
              ],
              "autoUv":false
            },
            "south":{
              "texture":"#wood",
              "uv":[
                24.0,
                21.0,
                26.0,
                24.0
              ],
              "autoUv":false
            },
            "west":{
              "texture":"#wood",
              "uv":[
                29.577739715576172,
                20.209038734436035,
                31.41143798828125,
                22.792378425598145
              ],
              "autoUv":false
            },
            "up":{
              "texture":"#wood",
              "uv":[
                6.0,
                6.0,
                4.0,
                8.0
              ],
              "autoUv":false
            },
            "down":{
              "texture":"#wood",
              "uv":[
                10.0,
                14.0,
                8.0,
                12.0
              ],
              "autoUv":false,
              "rotation":180
            }
          },
          "children":[]
        },
        {
          "name":"handle_regular 04",
          "from":[
            3.1807596385478973,
            -0.4479101300239563,
            -1.1941142082214355
          ],
          "to":[
            4.169733792543411,
            0.9776615500450134,
            -0.18558204174041748
          ],
          "rotationOrigin":[
            3.6752467155456543,
            0.26487571001052856,
            -0.6898481249809265
          ],
          "rotationX":3.8208792315070734e-11,
          "rotationY":19.750016202110668,
          "rotationZ":-179.99954055609277,
          "group":"Regular",
          "faces":{
            "north":{
              "texture":"#wood",
              "uv":[
                5.000008583068848,
                21.00034809112549,
                7.000005722045898,
                24.0
              ],
              "autoUv":false,
              "rotation":180
            },
            "east":{
              "texture":"#wood",
              "uv":[
                31.41143798828125,
                20.204025268554688,
                29.577741622924805,
                22.795973777770996
              ],
              "autoUv":false,
              "rotation":180
            },
            "south":{
              "texture":"#wood",
              "uv":[
                25.358484268188477,
                11.204023361206055,
                23.581205368041992,
                13.795970916748047
              ],
              "autoUv":false,
              "rotation":180
            },
            "west":{
              "texture":"#wood",
              "uv":[
                2.422255516052246,
                1.2040271759033203,
                0.5885602831840515,
                3.7959747314453125
              ],
              "autoUv":false,
              "rotation":180
            },
            "up":{
              "texture":"#wood",
              "uv":[
                10.0,
                10.0,
                8.0,
                12.0
              ],
              "autoUv":false
            },
            "down":{
              "texture":"#wood",
              "uv":[
                6.0,
                10.0,
                4.0,
                8.0
              ],
              "autoUv":false
            }
          },
          "children":[]
        },
        {
          "name":"handle_regular 05",
          "from":[
            3.970264196395874,
            -0.4488086700439453,
            -1.3311159014701843
          ],
          "to":[
            5.64103627204895,
            0.9785155057907104,
            0.7714679837226868
          ],
          "rotationOrigin":[
            4.805650234222412,
            0.26485341787338257,
            -0.2798239588737488
          ],
          "group":"Regular",
          "faces":{
            "north":{
              "texture":"#wood",
              "uv":[
                2.0,
                20.999001502990723,
                4.999985694885254,
                24.0
              ],
              "autoUv":false
            },
            "east":{
              "texture":"#wood",
              "uv":[
                0.5885602831840515,
                1.2024345397949219,
                4.411440372467041,
                3.797567367553711
              ],
              "autoUv":false
            },
            "south":{
              "texture":"#wood",
              "uv":[
                26.0,
                21.0,
                29.0,
                24.0
              ],
              "autoUv":false
            },
            "west":{
              "texture":"#wood",
              "uv":[
                27.588558197021484,
                20.202433586120605,
                31.41143798828125,
                22.79756736755371
              ],
              "autoUv":false
            },
            "up":{
              "texture":"#wood",
              "uv":[
                1.0,
                6.0,
                4.0,
                10.0
              ],
              "autoUv":false,
              "rotation":180
            },
            "down":{
              "texture":"#wood",
              "uv":[
                5.0,
                14.0,
                2.0,
                10.0
              ],
              "autoUv":false,
              "rotation":180
            }
          },
          "children":[]
        },
        {
          "name":"handle_regular 06",
          "from":[
            5.729958713054657,
            -0.44648051261901855,
            -1.318553864955902
          ],
          "to":[
            6.450425922870636,
            0.9761873483657837,
            0.7727199196815491
          ],
          "rotationOrigin":[
            6.0901923179626465,
            0.26485341787338257,
            -0.2729169726371765
          ],
          "rotationY":-2.099999930371777,
          "group":"Regular",
          "faces":{
            "north":{
              "texture":"#wood",
              "uv":[
                1.0,
                21.00265407562256,
                2.0,
                24.0
              ],
              "autoUv":false
            },
            "east":{
              "texture":"#wood",
              "uv":[
                1.0,
                1.0,
                5.000000476837158,
                3.999998092651367
              ],
              "autoUv":false
            },
            "south":{
              "texture":"#wood",
              "uv":[
                30.0,
                21.0,
                29.0,
                24.0
              ],
              "autoUv":false,
              "rotation":180
            },
            "west":{
              "texture":"#wood",
              "uv":[
                27.544343948364258,
                20.2066650390625,
                31.346660614013672,
                22.7933349609375
              ],
              "autoUv":false
            },
            "up":{
              "texture":"#wood",
              "uv":[
                2.999999761581421,
                6.0,
                2.0,
                9.999998092651367
              ],
              "autoUv":false,
              "rotation":180
            },
            "down":{
              "texture":"#wood",
              "uv":[
                2.0,
                14.0,
                1.0,
                10.0
              ],
              "autoUv":false,
              "rotation":180
            }
          },
          "children":[]
        }
      ]
    }
  ],
  "groups":[]
}