{
	"editor": {
		"backDropShape": "C:/Users/Jesus/Documents/VintageMod/MyShapes/CHARmod/dwarf-faceless",
		"allAngles": true,
		"entityTextureMode": true
	},
	"textureWidth": 64,
	"textureHeight": 64,
	"textureSizes": {
	},
	"textures": {
	},
	"elements": [
		{
			"name": "ArmorUpperLegR",
			"stepParentName": "UpperFootR",
			"from": [ -0.19, -0.5, -0.1 ],
			"to": [ 4.41, 6.5, 3.7 ],
			"uv": [ 16.0, 35.0 ],
			"rotationOrigin": [ -0.2, -0.5, -0.1 ],
			"faces": {
				"north": { "texture": "#material", "uv": [ 16.0, 38.5, 20.5, 45.5 ] },
				"east": { "texture": "#material", "uv": [ 20.5, 38.5, 24.0, 45.5 ] },
				"south": { "texture": "#material", "uv": [ 24.0, 38.5, 28.5, 45.5 ] },
				"west": { "texture": "#material", "uv": [ 28.5, 38.5, 32.0, 45.5 ] },
				"up": { "texture": "#material", "uv": [ 16.0, 35.0, 20.5, 38.5 ] },
				"down": { "texture": "#material", "uv": [ 20.5, 35.0, 25.0, 38.5 ] }
			}
		},
		{
			"name": "ArmorUpperLegL",
			"stepParentName": "UpperFootL",
			"from": [ -0.19, -0.5, -0.5 ],
			"to": [ 4.41, 6.5, 3.3 ],
			"uv": [ 0.0, 35.0 ],
			"rotationOrigin": [ -0.2, -0.5, -0.5 ],
			"faces": {
				"north": { "texture": "#material", "uv": [ 0.0, 38.5, 4.5, 45.5 ] },
				"east": { "texture": "#material", "uv": [ 4.5, 38.5, 8.0, 45.5 ] },
				"south": { "texture": "#material", "uv": [ 8.0, 38.5, 12.5, 45.5 ] },
				"west": { "texture": "#material", "uv": [ 12.5, 38.5, 16.0, 45.5 ] },
				"up": { "texture": "#material", "uv": [ 0.0, 35.0, 4.5, 38.5 ] },
				"down": { "texture": "#material", "uv": [ 4.5, 35.0, 9.0, 38.5 ] }
			}
		},
		{
			"name": "ArmorLowerLegR",
			"stepParentName": "LowerFootR",
			"from": [ -0.3, 1.8, -0.25 ],
			"to": [ 4.2, 7.4, 3.25 ],
			"uv": [ 16.0, 48.5 ],
			"rotationOrigin": [ -0.3, 1.8, -0.4 ],
			"faces": {
				"north": { "texture": "#material", "uv": [ 16.0, 52.0, 20.5, 57.5 ] },
				"east": { "texture": "#material", "uv": [ 20.5, 52.0, 24.0, 57.5 ] },
				"south": { "texture": "#material", "uv": [ 24.0, 52.0, 28.5, 57.5 ] },
				"west": { "texture": "#material", "uv": [ 28.5, 52.0, 32.0, 57.5 ] },
				"up": { "texture": "#material", "uv": [ 16.0, 48.5, 20.5, 52.0 ] },
				"down": { "texture": "#material", "uv": [ 20.5, 48.5, 25.0, 52.0 ] }
			}
		},
		{
			"name": "ArmorLowerLegL",
			"stepParentName": "LowerFootL",
			"from": [ -0.3, 1.8, -0.25 ],
			"to": [ 4.2, 7.4, 3.25 ],
			"uv": [ 0.0, 48.5 ],
			"rotationOrigin": [ -0.3, 1.8, -0.4 ],
			"faces": {
				"north": { "texture": "#material", "uv": [ 0.0, 52.0, 4.5, 57.5 ] },
				"east": { "texture": "#material", "uv": [ 4.5, 52.0, 8.0, 57.5 ] },
				"south": { "texture": "#material", "uv": [ 8.0, 52.0, 12.5, 57.5 ] },
				"west": { "texture": "#material", "uv": [ 12.5, 52.0, 16.0, 57.5 ] },
				"up": { "texture": "#material", "uv": [ 0.0, 48.5, 4.5, 52.0 ] },
				"down": { "texture": "#material", "uv": [ 4.5, 48.5, 9.0, 52.0 ] }
			}
		}
	]}