{
	"editor": {
		"backDropShape": "entity/animal/mammal/hooved/odocoileini/bretzianebrascensis/adult",
		"allAngles": true,
		"entityTextureMode": true
	},
	"textureWidth": 60,
	"textureHeight": 76,
	"textureSizes": {
		"skin": [60,76]
	},
	"textures": {
		"skin": "entity/animal/mammal/hooved/odocoileini/bretzianebrascensis-adult"
	},
	"elements": [
		{
			"name": "Horn attachment",
			"stepParentName": "Head",
			"from": [ 0.0, 3.4, 1.8 ],
			"to": [ 1.0, 4.4, 2.8 ],
			"uv": [ 999.0, 999.0 ],
			"rotationOrigin": [ 0.0, 3.4, 1.8 ],
			"rotationZ": 4.0,
			"faces": {
			},
			"children": [
				{
					"name": "R antler base",
					"from": [ 0.5, 0.7, -1.3 ],
					"to": [ 1.6, 2.0, -0.2 ],
					"unwrapMode": 4,
					"uv": [ 43.0, 73.0 ],
					"rotationOrigin": [ 0.5, 0.7, -0.2 ],
					"rotationX": -40.0,
					"rotationZ": -15.0,
					"faces": {
						"north": { "texture": "#skin", "uv": [ 43.0, 74.0, 44.0, 75.0 ] },
						"east": { "texture": "#skin", "uv": [ 46.0, 74.0, 47.0, 75.0 ] },
						"south": { "texture": "#skin", "uv": [ 45.0, 74.0, 46.0, 75.0 ] },
						"west": { "texture": "#skin", "uv": [ 44.0, 74.0, 45.0, 75.0 ], "windMode": [-1,-1,-1,-1], "windData": [0,1,1,1] },
						"up": { "texture": "#skin", "uv": [ 44.0, 73.0, 45.0, 74.0 ], "rotation": 90 },
						"down": { "texture": "#skin", "uv": [ 44.0, 75.0, 45.0, 76.0 ], "rotation": 90 }
					},
					"children": [
						{
							"name": "R antler base 2",
							"from": [ -0.1, 1.2, 0.1 ],
							"to": [ 0.9, 2.7, 0.9 ],
							"unwrapMode": 4,
							"uv": [ 43.0, 66.5 ],
							"rotationOrigin": [ -0.1, 1.2, 1.0 ],
							"rotationX": -21.0,
							"rotationY": -15.0,
							"rotationZ": -15.0,
							"faces": {
								"north": { "texture": "#skin", "uv": [ 43.0, 67.5, 44.0, 69.0 ] },
								"east": { "texture": "#skin", "uv": [ 45.5, 67.5, 46.0, 69.0 ] },
								"south": { "texture": "#skin", "uv": [ 44.5, 67.5, 45.5, 69.0 ] },
								"west": { "texture": "#skin", "uv": [ 44.0, 67.5, 44.5, 69.0 ] },
								"up": { "texture": "#skin", "uv": [ 44.0, 66.5, 44.5, 67.5 ], "rotation": 90 },
								"down": { "texture": "#skin", "uv": [ 44.0, 69.0, 44.5, 70.0 ], "rotation": 90 }
							},
							"children": [
								{
									"name": "R antler base 3",
									"from": [ -0.2, 1.3, -0.1 ],
									"to": [ 0.7, 2.3, 0.6 ],
									"unwrapMode": 2,
									"uv": [ 43.0, 60.5 ],
									"rotationOrigin": [ 0.9, 1.3, -0.1 ],
									"rotationX": 15.0,
									"rotationY": 20.0,
									"rotationZ": -15.0,
									"faces": {
										"north": { "texture": "#skin", "uv": [ 44.0, 61.0, 44.5, 62.0 ] },
										"east": { "texture": "#skin", "uv": [ 43.5, 61.0, 44.0, 62.0 ] },
										"south": { "texture": "#skin", "uv": [ 43.0, 61.0, 43.5, 62.0 ] },
										"west": { "texture": "#skin", "uv": [ 44.5, 61.0, 45.0, 62.0 ] },
										"up": { "texture": "#skin", "uv": [ 43.5, 60.5, 44.0, 61.0 ], "rotation": 270 },
										"down": { "texture": "#skin", "uv": [ 43.5, 62.0, 44.0, 62.5 ], "rotation": 270 }
									},
									"children": [
										{
											"name": "R antler base 4",
											"from": [ 0.0, 0.9, 0.0 ],
											"to": [ 0.8, 1.9, 0.7 ],
											"unwrapMode": 3,
											"uv": [ 43.0, 55.0 ],
											"rotationOrigin": [ 0.0, 0.9, 0.7 ],
											"rotationX": 12.0,
											"rotationY": 10.0,
											"rotationZ": -5.0,
											"faces": {
												"north": { "texture": "#skin", "uv": [ 44.5, 55.5, 45.0, 56.5 ] },
												"east": { "texture": "#skin", "uv": [ 44.0, 55.5, 44.5, 56.5 ] },
												"south": { "texture": "#skin", "uv": [ 43.5, 55.5, 44.0, 56.5 ] },
												"west": { "texture": "#skin", "uv": [ 43.0, 55.5, 43.5, 56.5 ] },
												"up": { "texture": "#skin", "uv": [ 43.5, 55.0, 44.0, 55.5 ] },
												"down": { "texture": "#skin", "uv": [ 43.5, 56.5, 44.0, 57.0 ], "rotation": 180 }
											},
											"children": [
												{
													"name": "R antler base 5",
													"from": [ 0.0, 1.0, 0.0 ],
													"to": [ 0.7, 2.0, 0.6 ],
													"unwrapMode": 3,
													"uv": [ 43.0, 50.0 ],
													"rotationOrigin": [ 0.0, 1.0, 0.0 ],
													"rotationX": 12.0,
													"rotationZ": -5.0,
													"faces": {
														"north": { "texture": "#skin", "uv": [ 44.5, 50.5, 45.0, 51.5 ] },
														"east": { "texture": "#skin", "uv": [ 44.0, 50.5, 44.5, 51.5 ] },
														"south": { "texture": "#skin", "uv": [ 43.5, 50.5, 44.0, 51.5 ] },
														"west": { "texture": "#skin", "uv": [ 43.0, 50.5, 43.5, 51.5 ] },
														"up": { "texture": "#skin", "uv": [ 43.5, 50.0, 44.0, 50.5 ] },
														"down": { "texture": "#skin", "uv": [ 43.5, 51.5, 44.0, 52.0 ], "rotation": 180 }
													},
													"children": [
														{
															"name": "R antler base 6",
															"from": [ 0.0, 0.9, 0.0 ],
															"to": [ 0.6, 1.9, 0.6 ],
															"unwrapMode": 3,
															"uv": [ 44.0, 47.5 ],
															"rotationOrigin": [ 0.0, 0.9, 0.0 ],
															"rotationX": 12.0,
															"rotationZ": -5.0,
															"faces": {
																"north": { "texture": "#skin", "uv": [ 45.5, 48.0, 46.0, 49.0 ] },
																"east": { "texture": "#skin", "uv": [ 45.0, 48.0, 45.5, 49.0 ] },
																"south": { "texture": "#skin", "uv": [ 44.5, 48.0, 45.0, 49.0 ] },
																"west": { "texture": "#skin", "uv": [ 44.0, 48.0, 44.5, 49.0 ] },
																"up": { "texture": "#skin", "uv": [ 44.5, 47.5, 45.0, 48.0 ] },
																"down": { "texture": "#skin", "uv": [ 44.5, 49.0, 45.0, 49.5 ], "rotation": 180 }
															},
															"children": [
																{
																	"name": "R antler base 7",
																	"from": [ 0.1, 0.9, 0.05 ],
																	"to": [ 0.5, 1.9, 0.45 ],
																	"unwrapMode": 3,
																	"uv": [ 44.0, 44.5 ],
																	"rotationOrigin": [ 0.1, 0.9, 0.0 ],
																	"rotationX": 25.0,
																	"rotationZ": -5.0,
																	"faces": {
																		"north": { "texture": "#skin", "uv": [ 45.5, 45.0, 46.0, 46.0 ] },
																		"east": { "texture": "#skin", "uv": [ 45.0, 45.0, 45.5, 46.0 ] },
																		"south": { "texture": "#skin", "uv": [ 44.5, 45.0, 45.0, 46.0 ] },
																		"west": { "texture": "#skin", "uv": [ 44.0, 45.0, 44.5, 46.0 ] },
																		"up": { "texture": "#skin", "uv": [ 44.5, 44.5, 45.0, 45.0 ] },
																		"down": { "texture": "#skin", "uv": [ 44.5, 46.0, 45.0, 46.5 ], "rotation": 180 }
																	}
																}
															]
														}
													]
												}
											]
										}
									]
								},
								{
									"name": "R antler point 1",
									"from": [ 0.1, 1.0, 0.2 ],
									"to": [ 0.8, 2.0, 0.9 ],
									"unwrapMode": 1,
									"uv": [ 44.0, 44.5 ],
									"rotationOrigin": [ 0.6, 1.0036, 0.7 ],
									"rotationX": 89.0,
									"rotationZ": 47.0,
									"faces": {
										"north": { "texture": "#skin", "uv": [ 44.5, 45.0, 45.0, 46.0 ] },
										"east": { "texture": "#skin", "uv": [ 44.0, 45.0, 44.5, 46.0 ] },
										"south": { "texture": "#skin", "uv": [ 45.5, 45.0, 46.0, 46.0 ] },
										"west": { "texture": "#skin", "uv": [ 45.0, 45.0, 45.5, 46.0 ] },
										"up": { "texture": "#skin", "uv": [ 44.5, 44.5, 45.0, 45.0 ], "rotation": 180 }
									},
									"children": [
										{
											"name": "R antler point 1B",
											"from": [ 0.1, 0.8, 0.1 ],
											"to": [ 0.6, 1.8, 0.6 ],
											"unwrapMode": 2,
											"uv": [ 44.0, 46.0 ],
											"rotationOrigin": [ 0.6, 0.8, 0.3 ],
											"rotationZ": -10.0,
											"faces": {
												"north": { "texture": "#skin", "uv": [ 45.0, 46.5, 45.5, 47.5 ] },
												"east": { "texture": "#skin", "uv": [ 44.5, 46.5, 45.0, 47.5 ] },
												"south": { "texture": "#skin", "uv": [ 44.0, 46.5, 44.5, 47.5 ] },
												"west": { "texture": "#skin", "uv": [ 45.5, 46.5, 46.0, 47.5 ] },
												"up": { "texture": "#skin", "uv": [ 44.5, 46.0, 45.0, 46.5 ], "rotation": 270 },
												"down": { "texture": "#skin", "uv": [ 44.5, 47.5, 45.0, 48.0 ], "rotation": 270 }
											}
										}
									]
								}
							]
						}
					]
				},
				{
					"name": "L antler base",
					"from": [ 0.5, 0.7, 0.1 ],
					"to": [ 1.6, 2.0, 1.2 ],
					"unwrapMode": 4,
					"uv": [ 39.0, 73.0 ],
					"rotationOrigin": [ 0.5, 0.7, 0.1 ],
					"rotationX": 40.0,
					"rotationZ": -15.0,
					"faces": {
						"north": { "texture": "#skin", "uv": [ 39.0, 74.0, 40.0, 75.0 ] },
						"east": { "texture": "#skin", "uv": [ 42.0, 74.0, 43.0, 75.0 ] },
						"south": { "texture": "#skin", "uv": [ 41.0, 74.0, 42.0, 75.0 ] },
						"west": { "texture": "#skin", "uv": [ 40.0, 74.0, 41.0, 75.0 ], "windMode": [-1,-1,-1,-1], "windData": [0,0,1,1] },
						"up": { "texture": "#skin", "uv": [ 40.0, 73.0, 41.0, 74.0 ], "rotation": 90 },
						"down": { "texture": "#skin", "uv": [ 40.0, 75.0, 41.0, 76.0 ], "rotation": 90 }
					},
					"children": [
						{
							"name": "L antler base 2",
							"from": [ -0.1, 1.2, 0.2 ],
							"to": [ 0.9, 2.7, 1.0 ],
							"unwrapMode": 4,
							"uv": [ 41.0, 66.5 ],
							"rotationOrigin": [ -0.1, 1.2, 0.2 ],
							"rotationX": 21.0,
							"rotationY": 15.0,
							"rotationZ": -15.0,
							"faces": {
								"north": { "texture": "#skin", "uv": [ 41.0, 67.5, 42.0, 69.0 ] },
								"east": { "texture": "#skin", "uv": [ 43.5, 67.5, 44.0, 69.0 ] },
								"south": { "texture": "#skin", "uv": [ 42.5, 67.5, 43.5, 69.0 ] },
								"west": { "texture": "#skin", "uv": [ 42.0, 67.5, 42.5, 69.0 ] },
								"up": { "texture": "#skin", "uv": [ 42.0, 66.5, 42.5, 67.5 ], "rotation": 90 },
								"down": { "texture": "#skin", "uv": [ 42.0, 69.0, 42.5, 70.0 ], "rotation": 90 }
							},
							"children": [
								{
									"name": "L antler base 3",
									"from": [ -0.2, 1.3, 0.3 ],
									"to": [ 0.7, 2.3, 1.0 ],
									"unwrapMode": 1,
									"uv": [ 41.0, 61.0 ],
									"rotationOrigin": [ 0.9, 1.3, 1.0 ],
									"rotationX": -15.0,
									"rotationY": -20.0,
									"rotationZ": -15.0,
									"faces": {
										"north": { "texture": "#skin", "uv": [ 41.5, 61.5, 42.0, 62.5 ] },
										"east": { "texture": "#skin", "uv": [ 41.0, 61.5, 41.5, 62.5 ] },
										"south": { "texture": "#skin", "uv": [ 42.5, 61.5, 43.0, 62.5 ] },
										"west": { "texture": "#skin", "uv": [ 42.0, 61.5, 42.5, 62.5 ] },
										"up": { "texture": "#skin", "uv": [ 41.5, 61.0, 42.0, 61.5 ], "rotation": 180 },
										"down": { "texture": "#skin", "uv": [ 41.5, 62.5, 42.0, 63.0 ] }
									},
									"children": [
										{
											"name": "L antler base 4",
											"from": [ 0.0, 0.9, 0.0 ],
											"to": [ 0.8, 1.9, 0.7 ],
											"unwrapMode": 1,
											"uv": [ 41.0, 55.0 ],
											"rotationOrigin": [ 0.0, 0.9, 0.0 ],
											"rotationX": -12.0,
											"rotationY": -10.0,
											"rotationZ": -5.0,
											"faces": {
												"north": { "texture": "#skin", "uv": [ 41.5, 55.5, 42.0, 56.5 ] },
												"east": { "texture": "#skin", "uv": [ 41.0, 55.5, 41.5, 56.5 ] },
												"south": { "texture": "#skin", "uv": [ 42.5, 55.5, 43.0, 56.5 ] },
												"west": { "texture": "#skin", "uv": [ 42.0, 55.5, 42.5, 56.5 ] },
												"up": { "texture": "#skin", "uv": [ 41.5, 55.0, 42.0, 55.5 ], "rotation": 180 },
												"down": { "texture": "#skin", "uv": [ 41.5, 56.5, 42.0, 57.0 ] }
											},
											"children": [
												{
													"name": "L antler base 5",
													"from": [ 0.0, 1.0, 0.0 ],
													"to": [ 0.7, 2.0, 0.6 ],
													"unwrapMode": 1,
													"uv": [ 41.0, 50.0 ],
													"rotationOrigin": [ 0.0, 1.0, 0.6 ],
													"rotationX": -12.0,
													"rotationZ": -5.0,
													"faces": {
														"north": { "texture": "#skin", "uv": [ 41.5, 50.5, 42.0, 51.5 ] },
														"east": { "texture": "#skin", "uv": [ 41.0, 50.5, 41.5, 51.5 ] },
														"south": { "texture": "#skin", "uv": [ 42.5, 50.5, 43.0, 51.5 ] },
														"west": { "texture": "#skin", "uv": [ 42.0, 50.5, 42.5, 51.5 ] },
														"up": { "texture": "#skin", "uv": [ 41.5, 50.0, 42.0, 50.5 ], "rotation": 180 },
														"down": { "texture": "#skin", "uv": [ 41.5, 51.5, 42.0, 52.0 ] }
													},
													"children": [
														{
															"name": "L antler base 6",
															"from": [ 0.0, 0.9, 0.0 ],
															"to": [ 0.6, 1.9, 0.6 ],
															"unwrapMode": 1,
															"uv": [ 41.0, 47.5 ],
															"rotationOrigin": [ 0.0, 0.9, 0.6 ],
															"rotationX": -12.0,
															"rotationZ": -5.0,
															"faces": {
																"north": { "texture": "#skin", "uv": [ 41.5, 48.0, 42.0, 49.0 ] },
																"east": { "texture": "#skin", "uv": [ 41.0, 48.0, 41.5, 49.0 ] },
																"south": { "texture": "#skin", "uv": [ 42.5, 48.0, 43.0, 49.0 ] },
																"west": { "texture": "#skin", "uv": [ 42.0, 48.0, 42.5, 49.0 ] },
																"up": { "texture": "#skin", "uv": [ 41.5, 47.5, 42.0, 48.0 ], "rotation": 180 },
																"down": { "texture": "#skin", "uv": [ 41.5, 49.0, 42.0, 49.5 ] }
															},
															"children": [
																{
																	"name": "L antler base 7",
																	"from": [ 0.1, 0.9, 0.1 ],
																	"to": [ 0.5, 1.9, 0.5 ],
																	"unwrapMode": 1,
																	"uv": [ 41.0, 44.5 ],
																	"rotationOrigin": [ 0.1, 0.9, 0.5 ],
																	"rotationX": -25.0,
																	"rotationZ": -5.0,
																	"faces": {
																		"north": { "texture": "#skin", "uv": [ 41.5, 45.0, 42.0, 46.0 ] },
																		"east": { "texture": "#skin", "uv": [ 41.0, 45.0, 41.5, 46.0 ] },
																		"south": { "texture": "#skin", "uv": [ 42.5, 45.0, 43.0, 46.0 ] },
																		"west": { "texture": "#skin", "uv": [ 42.0, 45.0, 42.5, 46.0 ] },
																		"up": { "texture": "#skin", "uv": [ 41.5, 44.5, 42.0, 45.0 ], "rotation": 180 },
																		"down": { "texture": "#skin", "uv": [ 41.5, 46.0, 42.0, 46.5 ] }
																	}
																}
															]
														}
													]
												}
											]
										}
									]
								},
								{
									"name": "L antler point 1",
									"from": [ 0.0, 1.0, 0.2 ],
									"to": [ 0.7, 2.0, 0.9 ],
									"unwrapMode": 3,
									"uv": [ 41.0, 44.5 ],
									"rotationOrigin": [ 0.5, 1.0, 0.2 ],
									"rotationX": -89.0,
									"rotationZ": 47.0,
									"faces": {
										"north": { "texture": "#skin", "uv": [ 42.5, 45.0, 43.0, 46.0 ] },
										"east": { "texture": "#skin", "uv": [ 42.0, 45.0, 42.5, 46.0 ] },
										"south": { "texture": "#skin", "uv": [ 41.5, 45.0, 42.0, 46.0 ] },
										"west": { "texture": "#skin", "uv": [ 41.0, 45.0, 41.5, 46.0 ] },
										"up": { "texture": "#skin", "uv": [ 41.5, 44.5, 42.0, 45.0 ] }
									},
									"children": [
										{
											"name": "L antler point 1B",
											"from": [ 0.1, 0.8, 0.1 ],
											"to": [ 0.6, 1.8, 0.6 ],
											"unwrapMode": 2,
											"uv": [ 41.0, 46.0 ],
											"rotationOrigin": [ 0.6, 0.8, 0.1 ],
											"rotationZ": -10.0,
											"faces": {
												"north": { "texture": "#skin", "uv": [ 42.0, 46.5, 42.5, 47.5 ] },
												"east": { "texture": "#skin", "uv": [ 41.5, 46.5, 42.0, 47.5 ] },
												"south": { "texture": "#skin", "uv": [ 41.0, 46.5, 41.5, 47.5 ] },
												"west": { "texture": "#skin", "uv": [ 42.5, 46.5, 43.0, 47.5 ] },
												"up": { "texture": "#skin", "uv": [ 41.5, 46.0, 42.0, 46.5 ], "rotation": 270 }
											}
										}
									]
								}
							]
						}
					]
				}
			]
		}
	]}