{
	"code": "apemetallantern",
	"class": "MoreLanterns.BlockDimmable",
	"storageFlagsByType": {
		"*-modern1-*": 257,
		"*-medieval2-*": 257,
		"*-medieval3-*": 257,
		"*-medieval4-*": 257,
		"*-medieval6-*": 257,
		"*-gothic1-*": 257,
		"*": 1
	},
	"behaviors": [
		{ "name": "OmniAttachable", "properties": 
		{ "facingCode": "position", 
			"attachmentAreas": {
				"down": { "x1": 7, "y1": 15, "z1": 7, "x2": 8, "y2": 15, "z2": 8 },
				"up": { "x1": 4, "y1": 0, "z1": 4, "x2": 11, "y2": 0, "z2": 11 },
				"north": { "x1": 7, "y1": 15, "z1": 0, "x2": 8, "y2": 2, "z2": 1 },
				"east": { "x1": 7, "y1": 15, "z1": 0, "x2": 8, "y2": 2, "z2": 1, "rotateY": 270 },
				"south": { "x1": 7, "y1": 15, "z1": 0, "x2": 8, "y2": 2, "z2": 1, "rotateY": 180 },
				"west": { "x1": 7, "y1": 15, "z1": 0, "x2": 8, "y2": 2, "z2": 1, "rotateY": 90 }
			}
		}
		},
		{ "name": "MoreLanterns.BlockDesc",
			"properties": { "parts": [ "apelanterns:block-lightlevel", " ", "apelanterns:light{rotator}" ] }
		},
		{ "name": "RightClickPickup" }
	],
	"attributesByType": {
		"*-on-*-plain-l1-up":	{ "handbook": { "include": true, "groupBy": ["apemetallantern-on-*-plain-l1-up"] } },
		"*": { "handbook": { "exclude": true } } 
	},	
	"variantgroups": [
		{ "code": "state", "states": ["on","off"] },
		{ "code": "model", "states": ["modern1","modern2","gothic1","medieval2","medieval3","medieval4","medieval6"] },
		{ "code": "colour", "states": ["plain","blue","red","green","yellow","orange","brown","purple","pink","cyan","woad","quartz","smoky"] },
		{ "code": "rotator", "states": [ "l1", "l2", "l3", "l4" ] },
		{ "code":"position", "states": ["up", "down"], "loadFromProperties": "abstract/horizontalorientation" }
	],
	"skipVariants": [
		"apemetallantern",
		"*-*-modern1-blue-*",
		"*-*-modern1-red-*",
		"*-*-modern1-green-*",
		"*-*-modern1-yellow-*",
		"*-*-modern1-orange-*",
		"*-*-modern1-brown-*",
		"*-*-modern1-purple-*",
		"*-*-modern1-pink-*",
		"*-*-modern1-cyan-*",
		"*-*-modern1-woad-*",
		"*-*-modern1-quartz-*",
		"*-*-modern1-smoky-*",
		"*-*-modern2-blue-*",
		"*-*-modern2-red-*",
		"*-*-modern2-green-*",
		"*-*-modern2-yellow-*",
		"*-*-modern2-orange-*",
		"*-*-modern2-brown-*",
		"*-*-modern2-purple-*",
		"*-*-modern2-pink-*",
		"*-*-modern2-cyan-*",
		"*-*-modern2-woad-*",
		"*-*-modern2-quartz-*",
		"*-*-modern2-smoky-*",
		"*-*-gothic1-blue-*",
		"*-*-gothic1-red-*",
		"*-*-gothic1-green-*",
		"*-*-gothic1-yellow-*",
		"*-*-gothic1-orange-*",
		"*-*-gothic1-brown-*",
		"*-*-gothic1-purple-*",
		"*-*-gothic1-pink-*",
		"*-*-gothic1-cyan-*",
		"*-*-gothic1-woad-*",
		"*-*-gothic1-quartz-*",
		"*-*-gothic1-smoky-*",
		"*-*-medieval2-blue-*",
		"*-*-medieval2-red-*",
		"*-*-medieval2-green-*",
		"*-*-medieval2-yellow-*",
		"*-*-medieval2-orange-*",
		"*-*-medieval2-brown-*",
		"*-*-medieval2-purple-*",
		"*-*-medieval2-pink-*",
		"*-*-medieval2-cyan-*",
		"*-*-medieval2-woad-*",
		"*-*-medieval2-quartz-*",
		"*-*-medieval2-smoky-*",
		"*-*-medieval3-blue-*",
		"*-*-medieval3-red-*",
		"*-*-medieval3-green-*",
		"*-*-medieval3-yellow-*",
		"*-*-medieval3-orange-*",
		"*-*-medieval3-brown-*",
		"*-*-medieval3-purple-*",
		"*-*-medieval3-pink-*",
		"*-*-medieval3-cyan-*",
		"*-*-medieval3-woad-*",
		"*-*-medieval3-quartz-*",
		"*-*-medieval3-smoky-*",
		"*-*-medieval4-blue-*",
		"*-*-medieval4-red-*",
		"*-*-medieval4-green-*",
		"*-*-medieval4-yellow-*",
		"*-*-medieval4-orange-*",
		"*-*-medieval4-brown-*",
		"*-*-medieval4-purple-*",
		"*-*-medieval4-pink-*",
		"*-*-medieval4-cyan-*",
		"*-*-medieval4-woad-*",
		"*-*-medieval4-quartz-*",
		"*-*-medieval4-smoky-*",
		"*-*-medieval6-blue-*",
		"*-*-medieval6-red-*",
		"*-*-medieval6-green-*",
		"*-*-medieval6-yellow-*",
		"*-*-medieval6-orange-*",
		"*-*-medieval6-brown-*",
		"*-*-medieval6-purple-*",
		"*-*-medieval6-pink-*",
		"*-*-medieval6-cyan-*",
		"*-*-medieval6-woad-*",
		"*-*-medieval6-quartz-*",
		"*-*-medieval6-smoky-*"
	],
	"heldRightTpIdleAnimation": "holdinglanternrighthand",
	"heldLeftTpIdleAnimation": "holdinglanternlefthand",
	"shapebytype": {
		"*-up": { "base": "block/apemetallantern/{model}-floor" },
		"*-down": { "base": "block/apemetallantern/{model}-ceiling" },
		"*-north": { "base": "block/apemetallantern/{model}-wall" },
		"*-east": { "base": "block/apemetallantern/{model}-wall", "rotateY": 270 },
		"*-south": { "base": "block/apemetallantern/{model}-wall", "rotateY": 180 },
		"*-west": { "base": "block/apemetallantern/{model}-wall", "rotateY": 90 }
	},
	"texturesByType": {
		"*-medieval4-blue-*": { "vintage": { "base": "game:block/glass/{state}" }},
		"*-off-plain-*": { "glass": { "base": "game:block/glass/{state}" }}
	},
	"creativeinventory": { "general": ["*-l1-up"], "decorative": ["*-l1-up"], "apelanterns": ["*-l1-up"] },
	"blockmaterial": "Metal",
	"lightAbsorption": 0,
	"lightHsvByType": {
		"*-on-modern1-plain-l1-*": [7, 3, 21],
		"*-on-modern1-plain-l2-*": [7, 4, 18],
		"*-on-modern1-plain-l3-*": [7, 5, 14],
		"*-on-modern1-plain-l4-*": [7, 7, 7],
		"*-off-modern1-*": [0, 0, 0],
		"*-on-modern2-plain-l1-*": [7, 3, 21],
		"*-on-modern2-plain-l2-*": [7, 4, 18],
		"*-on-modern2-plain-l3-*": [7, 5, 14],
		"*-on-modern2-plain-l4-*": [7, 7, 7],
		"*-off-modern2-*": [0, 0, 0],
		"*-on-gothic1-plain-l1-*": [7, 3, 21],
		"*-on-gothic1-plain-l2-*": [7, 4, 18],
		"*-on-gothic1-plain-l3-*": [7, 5, 12],
		"*-on-gothic1-plain-l4-*": [7, 7, 7],
		"*-off-gothic1-*": [0, 0, 0],
		"*-on-medieval2-plain-l1-*": [7, 3, 21],
		"*-on-medieval2-plain-l2-*": [7, 4, 18],
		"*-on-medieval2-plain-l3-*": [7, 5, 12],
		"*-on-medieval2-plain-l4-*": [7, 7, 7],
		"*-off-medieval2-*": [0, 0, 0],
		"*-on-medieval3-plain-l1-*": [7, 3, 21],
		"*-on-medieval3-plain-l2-*": [7, 4, 17],
		"*-on-medieval3-plain-l3-*": [7, 5, 12],
		"*-on-medieval3-plain-l4-*": [7, 7, 7],
		"*-off-medieval3-*": [0, 0, 0],
		"*-on-medieval4-plain-l1-*": [7, 3, 21],
		"*-on-medieval4-plain-l2-*": [7, 4, 16],
		"*-on-medieval4-plain-l3-*": [7, 5, 12],
		"*-on-medieval4-plain-l4-*": [7, 7, 7],
		"*-off-medieval4-*": [0, 0, 0],
		"*-on-medieval6-plain-l1-*": [7, 3, 21],
		"*-on-medieval6-plain-l2-*": [7, 4, 16],
		"*-on-medieval6-plain-l3-*": [7, 5, 12],
		"*-on-medieval6-plain-l4-*": [7, 7, 7],
		"*-off-medieval6-*": [0, 0, 0],
		"*-off-*": [0,0,0],
		"*-blue-*": [43, 6, 21],
		"*-red-*": [0, 6, 21],
		"*-green-*": [21, 6, 21],
		"*-yellow-*": [10, 6, 21],
		"*-orange-*": [5, 7, 21],
		"*-brown-*": [2, 5, 21],
		"*-purple-*": [50, 6, 21],
		"*-pink-*": [54, 6, 21],
		"*-cyan-*": [32, 5, 21],
		"*-woad-*": [42, 5, 21],
		"*-on-*": [7, 3, 18]
	},
	"vertexFlagsByType": {
		"*-on-*": { "glowLevel": 128 },
		"*-off-*": { "glowLevel": 0 }
	},
	"sidesolid": {
		"all": false
	},
	"sideopaque": {
		"all": false
	},
	"replaceable": 1000,
	"resistance": 10,
	"sounds": {
		"place": "game:block/ingot",
		"walk": "game:thud"
	},
	"fpHandTransform": {
		"translation": { "x": 0.3, "y": -0.1, "z": 0 },
		"rotation": { "x": 0, "y": -45, "z": 0 },
		"scale": 1.18
	},
	"guiTransformByType": {
		"*-modern1-*": { "origin": {"x": 0.5, "y": 0.3, "z": 0.5}, "scale": 2 },
		"*-modern2-*": { "origin": {"x": 0.5, "y": 0.3, "z": 0.5}, "scale": 1.7 },
		"*-gothic1-*": { "origin": {"x": 0.5, "y": 0.3, "z": 0.5}, "scale": 2 },
		"*-medieval2-*": { "origin": {"x": 0.5, "y": 0.3, "z": 0.5}, "scale": 2 },
		"*-medieval3-*": { "origin": {"x": 0.5, "y": 0.3, "z": 0.5}, "scale": 2 },
		"*-medieval4-*": { "origin": {"x": 0.5, "y": 0.3, "z": 0.5}, "scale": 2 },
		"*-medieval6-*": { "origin": {"x": 0.5, "y": 0.3, "z": 0.5}, "scale": 2 },
		"*": { "origin": {"x": 0.5, "y": 0.3, "z": 0.5}, "scale": 1.2 }
	},
	"tpHandTransformByType": {
		"*-modern1-*": { "translation": { "x": -0.6899, "y": -0.89, "z": -0.93 }, "rotation": { "x": 0, "y": 7, "z": -90 }, "scale": 0.55 },
		"*-modern2-*": { "translation": { "x": -0.2899, "y": -0.69, "z": -0.73 }, "rotation": { "x": 0, "y": 7, "z": -90 }, "scale": 0.74 },
		"*-gothic1-*": { "translation": { "x": -0.6899, "y": -0.89, "z": -0.93 }, "rotation": { "x": 0, "y": 7, "z": -90 }, "scale": 0.55 },
		"*-medieval2-*": { "translation": { "x": -0.4899, "y": -0.99, "z": -1.03 }, "rotation": { "x": -90, "y": -2, "z": -96 }, "origin":{ "x": 0.39, "y": 0.6, "z": 0.45 }, "scale": 0.5 },
		"*-medieval3-*": { "translation": { "x": -0.4899, "y": -0.99, "z": -1.03 }, "rotation": { "x": -90, "y": -2, "z": -96 }, "scale": 0.5 },
		"*-medieval4-*": { "translation": { "x": -0.5399, "y": -0.89, "z": -0.93 }, "rotation": { "x": 90, "y": 1, "z": -83 }, "scale": 0.55 },
		"*-medieval6-*": { "translation": { "x": -0.4899, "y": -0.89, "z": -0.93 }, "rotation": { "x": -90, "y": 7, "z": -96 }, "scale": 0.55 },
		"*": { "translation": { "x": -0.6899, "y": -0.89, "z": -0.93 }, "rotation": { "x": 0, "y": 7, "z": -90 }, "scale": 0.55 }
	},
	"tpOffHandTransformByType": {
		"*-modern1-*": { "translation": { "x": -0.6899, "y": -0.89, "z": -0.93 }, "rotation": { "x": 0, "y": -8, "z": -96 }, "scale": 0.55 },
		"*-modern2-*": { "translation": { "x": -0.6899, "y": -0.89, "z": -0.93 }, "rotation": { "x": 0, "y": -8, "z": -96 }, "scale": 0.55 },
		"*-gothic1-*": { "translation": { "x": -0.6899, "y": -0.89, "z": -0.93 }, "rotation": { "x": 0, "y": -8, "z": -96 }, "scale": 0.55 },
		"*-medieval2-*": { "translation": { "x": -0.4899, "y": -0.99, "z": -1.03 }, "rotation": { "x": -90, "y": -3, "z": -85 }, "origin":{ "x": 0.41, "y": 0.53, "z": 0.49 }, "scale": 0.5 },
		"*-medieval3-*": { "translation": { "x": -0.4899, "y": -0.99, "z": -0.95 }, "rotation": { "x": -90, "y": -3, "z": -83 }, "scale": 0.5 },
		"*-medieval4-*": { "translation": { "x": -0.5599, "y": -0.89, "z": -0.9 }, "rotation": { "x": -90, "y": 0, "z": -84 }, "scale": 0.55 },
		"*-medieval6-*": { "translation": { "x": -0.5099, "y": -0.85, "z": -0.88 }, "rotation": { "x": 0, "y": -8, "z": -96 }, "scale": 0.55 },
		"*": { "translation": { "x": -0.6899, "y": -0.89, "z": -0.93 }, "rotation": { "x": 0, "y": -8, "z": -96 }, "scale": 0.55 }
	},
	"groundTransform": {
		"origin": { "x": 0.5, "y": 0, "z": 0.5 },
		"scale": 2
	},
	"selectionboxByType": {
		"*-modern1-*-*-up": { "x1": 0.3105, "y1": 0, "z1": 0.3104, "x2": 0.6895, "y2": 0.6812, "z2": 0.69 },
		"*-modern1-*-*-down": { "x1": 0.313, "y1": 0, "z1": 0.313, "x2": 0.689, "y2": 0.68, "z2": 0.69 },
		"*-modern1-*-*-north": { "x1": 0.3112, "y1": 0.2457, "z1": 0.6149, "x2": 0.6875, "y2": 0.9307, "z2": 0.9912 },
		"*-modern1-*-*-south": { "x1": 0.3113, "y1": 0.252, "z1": 0, "x2": 0.6875, "y2": 0.9307, "z2": 0.3914 },
		"*-modern1-*-*-east": { "x1": 0, "y1": 0.2457, "z1": 0.315, "x2": 0.3889, "y2": 0.9307, "z2": 0.685 },
		"*-modern1-*-*-west": { "x1": 0.6111, "y1": 0.2457, "z1": 0.315, "x2": 0.9937, "y2": 0.9307, "z2": 0.685 },

		"*-modern2-*-*-down": { "x1": 0.313, "y1": 0, "z1": 0.313, "x2": 0.689, "y2": 0.806, "z2": 0.688 },
		"*-modern2-*-*-up": { "x1": 0.3105, "y1": 0, "z1": 0.3104, "x2": 0.6895, "y2": 0.8072, "z2": 0.69 },
		"*-modern2-*-*-north": { "x1": 0.313, "y1": 0.126, "z1": 0.6234, "x2": 0.6875, "y2": 0.9332, "z2": 1 },
		"*-modern2-*-*-south": { "x1": 0.313, "y1": 0.126, "z1": 0, "x2": 0.6875, "y2": 0.9332, "z2": 0.3775 },
		"*-modern2-*-*-east": { "x1": 0, "y1": 0.126, "z1": 0.3104, "x2": 0.3745, "y2": 0.9332, "z2": 0.69 },
		"*-modern2-*-*-west": { "x1": 0.6255, "y1": 0.126, "z1": 0.3104, "x2": 1, "y2": 0.9332, "z2": 0.69 },

		"*-gothic1-*-*-down": { "x1": 0.313, "y1": 0.1449, "z1": 0.313, "x2": 0.689, "y2": 0.556, "z2": 0.688 },
		"*-gothic1-*-*-up": { "x1": 0.3357, "y1": 0.044, "z1": 0.3293, "x2": 0.6642, "y2": 0.4481, "z2": 0.6711 },
		"*-gothic1-*-*-north": { "x1": 0.313, "y1": 0.2636, "z1": 0.3108, "x2": 0.6875, "y2": 0.7333, "z2": 0.6991 },
		"*-gothic1-*-*-south": { "x1": 0.2878, "y1": 0.2835, "z1": 0.2815, "x2": 0.7127, "y2": 0.7348, "z2": 0.7104 },
		"*-gothic1-*-*-east": { "x1": 0.2772, "y1": 0.2331, "z1": 0.3104, "x2": 0.7021, "y2": 0.7348, "z2": 0.69 },
		"*-gothic1-*-*-west": { "x1": 0.2941, "y1": 0.2636, "z1": 0.3104, "x2": 0.7185, "y2": 0.7333, "z2": 0.69 },

		"*-medieval2-*-*-up": { "x1": 0.3105, "y1": 0, "z1": 0.3104, "x2": 0.6895, "y2": 0.6812, "z2": 0.69 },
		"*-medieval2-*-*-down": { "x1": 0.2815, "y1": 0, "z1": 0.2878, "x2": 0.7079, "y2": 0.68, "z2": 0.7215 },
		"*-medieval2-*-*-north": { "x1": 0.2923, "y1": 0, "z1": 0.2777, "x2": 0.7127, "y2": 0.6802, "z2": 0.7155 },
		"*-medieval2-*-*-south": { "x1": 0.2924, "y1": 0, "z1": 0.2878, "x2": 0.7127, "y2": 0.656, "z2": 0.7165 },
		"*-medieval2-*-*-east": { "x1": 0.2684, "y1": 0, "z1": 0.2646, "x2": 0.7261, "y2": 0.6492, "z2": 0.7102 },
		"*-medieval2-*-*-west": { "x1": 0.2734, "y1": 0, "z1": 0.3024, "x2": 0.718, "y2": 0.6807, "z2": 0.716 },

		"*-medieval3-*-*-up": { "x1": 0.3105, "y1": 0, "z1": 0.3104, "x2": 0.6895, "y2": 0.6812, "z2": 0.69 },
		"*-medieval3-*-*-down": { "x1": 0.2815, "y1": 0, "z1": 0.2878, "x2": 0.7079, "y2": 0.68, "z2": 0.7215 },
		"*-medieval3-*-*-north": { "x1": 0.2923, "y1": 0, "z1": 0.2777, "x2": 0.7127, "y2": 0.6802, "z2": 0.7155 },
		"*-medieval3-*-*-south": { "x1": 0.2924, "y1": 0, "z1": 0.2878, "x2": 0.7127, "y2": 0.656, "z2": 0.7165 },
		"*-medieval3-*-*-east": { "x1": 0.2684, "y1": 0, "z1": 0.2646, "x2": 0.7261, "y2": 0.6492, "z2": 0.7102 },
		"*-medieval3-*-*-west": { "x1": 0.2734, "y1": 0, "z1": 0.3024, "x2": 0.718, "y2": 0.6807, "z2": 0.716 },

		"*-medieval4-*-*-up": { "x1": 0.3105, "y1": 0, "z1": 0.3104, "x2": 0.6895, "y2": 0.5688, "z2": 0.69 },
		"*-medieval4-*-*-down": { "x1": 0.313, "y1": 0.0688, "z1": 0.313, "x2": 0.689, "y2": 0.6107, "z2": 0.69 },
		"*-medieval4-*-*-north": { "x1": 0.3112, "y1": 0.0063, "z1": 0.3092, "x2": 0.6875, "y2": 0.5779, "z2": 0.6908 },
		"*-medieval4-*-*-south": { "x1": 0.3113, "y1": 0.0063, "z1": 0.3125, "x2": 0.6875, "y2": 0.5988, "z2": 0.6913 },
		"*-medieval4-*-*-east": { "x1": 0.3087, "y1": 0.0126, "z1": 0.3087, "x2": 0.6913, "y2": 0.5779, "z2": 0.685 },
		"*-medieval4-*-*-west": { "x1": 0.3112, "y1": 0.0213, "z1": 0.3087, "x2": 0.6938, "y2": 0.5804, "z2": 0.685 },

		"*-medieval6-*-*-up": { "x1": 0.3105, "y1": 0, "z1": 0.3104, "x2": 0.6895, "y2": 0.5688, "z2": 0.69 },
		"*-medieval6-*-*-down": { "x1": 0.3571, "y1": 0.2064, "z1": 0.3571, "x2": 0.6454, "y2": 0.6233, "z2": 0.6396 },
		"*-medieval6-*-*-north": { "x1": 0.349, "y1": 0.1212, "z1": 0.345, "x2": 0.6497, "y2": 0.5741, "z2": 0.6505 },
		"*-medieval6-*-*-south": { "x1": 0.3491, "y1": 0.127, "z1": 0.344, "x2": 0.6497, "y2": 0.5683, "z2": 0.6598 },
		"*-medieval6-*-*-east": { "x1": 0.347, "y1": 0.1202, "z1": 0.3465, "x2": 0.6515, "y2": 0.562, "z2": 0.6598 },
		"*-medieval6-*-*-west": { "x1": 0.3485, "y1": 0.1212, "z1": 0.3465, "x2": 0.655, "y2": 0.5557, "z2": 0.6535 }
	},
	"collisionboxbytype": {
		"*-up": { "x1": 0.25, "y1": 0, "z1": 0.25, "x2": 0.6875, "y2": 0.75, "z2": 0.75 },
		"*-down": { "x1": 0.25, "y1": 0, "z1": 0.25, "x2": 0.75, "y2": 1, "z2": 0.75 },
		"*-east": { "x1": 0, "y1": 0, "z1": 0.30, "x2": 0.38, "y2": 0.93, "z2": 0.68 },
		"*-south": { "x1": 0.30, "y1": 0.24, "z1": 0, "x2": 0.68, "y2": 0.93, "z2": 0.40 },
		"*-west": { "x1": 0.60, "y1": 0.25, "z1": 0.30, "x2": 1, "y2": 0.93, "z2": 0.68 },
		"*-north": { "x1": 0.30, "y1": 0.25, "z1": 0.60, "x2": 0.68, "y2": 0.93, "z2": 1 }
	}
}