﻿[
    // Meiolaniidae
    {
        "side": "server",
        "file": "meiolaniidae:entities/land/meiolaniidae",
        "op": "add",
        "path": "/server/behaviors/-",
        "value": {
            "code": "EntityBleedingBehavior"
        }
    },
    {
        "side": "server",
        "file":  "meiolaniidae:entities/land/meiolaniidae",
        "op": "add",
        "path": "/client/behaviors/-",
        "value": {
            "code": "EntityBleedingBehaviorParticles"
        }
    }
]