{
	"editor": {
		"allAngles": false,
		"entityTextureMode": false
	},
	"textureWidth": 16,
	"textureHeight": 16,
	"textureSizes": {
	},
	"textures": {
		"candle": "game:block/candle",
		"paper": "game:block/metal/paperlantern_on",
		"wood": "game:block/wood/cage/floor"
	},
	"elements": [
		{
			"name": "floor",
			"from": [ 2.0, 0.0, 2.0 ],
			"to": [ 14.0, 2.0, 14.0 ],
			"faces": {
				"north": { "texture": "#wood", "uv": [ 2.0, 14.0, 14.0, 16.0 ] },
				"east": { "texture": "#wood", "uv": [ 0.5, 2.0, 2.5, 14.0 ], "rotation": 90 },
				"south": { "texture": "#wood", "uv": [ 2.0, 0.5, 14.0, 2.5 ] },
				"west": { "texture": "#wood", "uv": [ 14.0, 2.0, 16.0, 14.0 ], "rotation": 90 },
				"up": { "texture": "#wood", "uv": [ 2.0, 2.0, 14.0, 14.0 ], "glow": 128 },
				"down": { "texture": "#wood", "uv": [ 2.0, 2.0, 14.0, 14.0 ], "rotation": 180 }
			},
			"children": [
				{
					"name": "walln",
					"from": [ 6.0, 2.0, 1.9 ],
					"to": [ 9.1, 11.0, 2.0 ],
					"renderPass": 0,
					"rotationOrigin": [ 6.0, 2.0, 1.9 ],
					"rotationY": -67.5,
					"faces": {
						"north": { "texture": "#paper", "uv": [ 0.5, 0.5, 15.5, 15.5 ], "glow": 128, "autoUv": false },
						"south": { "texture": "#paper", "uv": [ 0.5, 0.5, 15.5, 15.5 ], "glow": 128, "autoUv": false }
					}
				},
				{
					"name": "wallS",
					"from": [ 6.0, 2.0, 9.9 ],
					"to": [ 9.1, 11.0, 10.0 ],
					"renderPass": 0,
					"rotationOrigin": [ 6.0, 2.0, 9.9 ],
					"rotationY": 67.5,
					"faces": {
						"north": { "texture": "#paper", "uv": [ 0.5, 0.5, 15.5, 15.5 ], "glow": 128, "autoUv": false },
						"south": { "texture": "#paper", "uv": [ 0.5, 0.5, 15.5, 15.5 ], "glow": 128, "autoUv": false }
					}
				},
				{
					"name": "walle",
					"from": [ 1.9, 2.0, 6.1 ],
					"to": [ 2.0, 11.0, 9.2 ],
					"renderPass": 0,
					"rotationOrigin": [ 1.9, 2.0, 6.1 ],
					"rotationY": 67.5,
					"faces": {
						"east": { "texture": "#paper", "uv": [ 0.5, 0.5, 15.5, 15.5 ], "glow": 128, "autoUv": false, "windMode": [-1,-1,-1,-1] },
						"west": { "texture": "#paper", "uv": [ 0.5, 0.5, 15.5, 15.5 ], "glow": 128, "autoUv": false, "windMode": [-1,-1,-1,-1] }
					}
				},
				{
					"name": "wallew",
					"from": [ 10.0, 2.0, 6.0 ],
					"to": [ 10.1, 11.0, 9.1 ],
					"renderPass": 0,
					"rotationOrigin": [ 10.0, 2.0, 6.0 ],
					"rotationY": -67.5,
					"faces": {
						"east": { "texture": "#paper", "uv": [ 0.5, 0.5, 15.5, 15.5 ], "glow": 128, "autoUv": false, "windMode": [-1,-1,-1,-1] },
						"west": { "texture": "#paper", "uv": [ 0.5, 0.5, 15.5, 15.5 ], "glow": 128, "autoUv": false, "windMode": [-1,-1,-1,-1] }
					}
				},
				{
					"name": "Cube2",
					"from": [ 5.9, 2.0, 1.8 ],
					"to": [ 6.2, 11.0, 2.1 ],
					"rotationOrigin": [ 4.1, 2.0, 0.0 ],
					"faces": {
						"north": { "texture": "#wood", "uv": [ 0.0, 0.0, 0.5, 9.0 ] },
						"east": { "texture": "#wood", "uv": [ 0.0, 0.0, 0.5, 9.0 ] },
						"south": { "texture": "#wood", "uv": [ 0.0, 0.0, 0.5, 9.0 ] },
						"west": { "texture": "#wood", "uv": [ 0.0, 0.0, 0.5, 9.0 ] },
						"up": { "texture": "#wood", "uv": [ 0.0, 0.0, 0.5, 0.5 ] },
						"down": { "texture": "#wood", "uv": [ 0.0, 0.0, 0.5, 0.5 ] }
					}
				},
				{
					"name": "Cube3",
					"from": [ 9.9, 2.0, 5.9 ],
					"to": [ 10.2, 11.0, 6.2 ],
					"rotationOrigin": [ 8.1, 2.0, 4.1 ],
					"faces": {
						"north": { "texture": "#wood", "uv": [ 0.0, 0.0, 0.5, 9.0 ] },
						"east": { "texture": "#wood", "uv": [ 0.0, 0.0, 0.5, 9.0 ] },
						"south": { "texture": "#wood", "uv": [ 0.0, 0.0, 0.5, 9.0 ] },
						"west": { "texture": "#wood", "uv": [ 0.0, 0.0, 0.5, 9.0 ] },
						"up": { "texture": "#wood", "uv": [ 0.0, 0.0, 0.5, 0.5 ] },
						"down": { "texture": "#wood", "uv": [ 0.0, 0.0, 0.5, 0.5 ] }
					}
				},
				{
					"name": "Cube4",
					"from": [ 1.8, 2.0, 5.9 ],
					"to": [ 2.1, 11.0, 6.2 ],
					"rotationOrigin": [ 0.0, 2.0, 4.1 ],
					"faces": {
						"north": { "texture": "#wood", "uv": [ 0.0, 0.0, 0.5, 9.0 ] },
						"east": { "texture": "#wood", "uv": [ 0.0, 0.0, 0.5, 9.0 ] },
						"south": { "texture": "#wood", "uv": [ 0.0, 0.0, 0.5, 9.0 ] },
						"west": { "texture": "#wood", "uv": [ 0.0, 0.0, 0.5, 9.0 ] },
						"up": { "texture": "#wood", "uv": [ 0.0, 0.0, 0.5, 0.5 ] },
						"down": { "texture": "#wood", "uv": [ 0.0, 0.0, 0.5, 0.5 ] }
					}
				},
				{
					"name": "Cube5",
					"from": [ 5.9, 2.0, 9.9 ],
					"to": [ 6.2, 11.0, 10.2 ],
					"rotationOrigin": [ 4.1, 2.0, 8.1 ],
					"faces": {
						"north": { "texture": "#wood", "uv": [ 0.0, 0.0, 0.5, 9.0 ] },
						"east": { "texture": "#wood", "uv": [ 0.0, 0.0, 0.5, 9.0 ] },
						"south": { "texture": "#wood", "uv": [ 0.0, 0.0, 0.5, 9.0 ] },
						"west": { "texture": "#wood", "uv": [ 0.0, 0.0, 0.5, 9.0 ] },
						"up": { "texture": "#wood", "uv": [ 0.0, 0.0, 0.5, 0.5 ] },
						"down": { "texture": "#wood", "uv": [ 0.0, 0.0, 0.5, 0.5 ] }
					}
				},
				{
					"name": "Cube6",
					"from": [ 6.0, 10.7, 1.8 ],
					"to": [ 9.1, 11.0, 2.1 ],
					"rotationOrigin": [ 6.0, 10.7, 2.0 ],
					"rotationY": -67.5,
					"faces": {
						"north": { "texture": "#wood", "uv": [ 0.0, 0.0, 3.0, 0.5 ] },
						"east": { "texture": "#wood", "uv": [ 0.0, 0.0, 0.5, 0.5 ] },
						"south": { "texture": "#wood", "uv": [ 0.0, 0.0, 3.0, 0.5 ] },
						"west": { "texture": "#wood", "uv": [ 0.0, 0.0, 0.5, 0.5 ] },
						"up": { "texture": "#wood", "uv": [ 0.0, 0.0, 3.0, 0.5 ] },
						"down": { "texture": "#wood", "uv": [ 0.0, 0.0, 3.0, 0.5 ] }
					}
				},
				{
					"name": "Cube7",
					"from": [ 6.0, 10.7, 9.9 ],
					"to": [ 9.1, 11.0, 10.2 ],
					"rotationOrigin": [ 6.0, 10.7, 10.0 ],
					"rotationY": 67.5,
					"faces": {
						"north": { "texture": "#wood", "uv": [ 0.0, 0.0, 3.0, 0.5 ] },
						"east": { "texture": "#wood", "uv": [ 0.0, 0.0, 0.5, 0.5 ] },
						"south": { "texture": "#wood", "uv": [ 0.0, 0.0, 3.0, 0.5 ] },
						"west": { "texture": "#wood", "uv": [ 0.0, 0.0, 0.5, 0.5 ] },
						"up": { "texture": "#wood", "uv": [ 0.0, 0.0, 3.0, 0.5 ] },
						"down": { "texture": "#wood", "uv": [ 0.0, 0.0, 3.0, 0.5 ] }
					}
				},
				{
					"name": "Cube8",
					"from": [ 1.8, 10.7, 6.1 ],
					"to": [ 2.1, 11.01, 9.4 ],
					"rotationOrigin": [ 1.9, 10.7, 6.1 ],
					"rotationY": 67.5,
					"faces": {
						"north": { "texture": "#wood", "uv": [ 0.0, 0.0, 0.5, 0.5 ] },
						"east": { "texture": "#wood", "uv": [ 0.0, 0.0, 3.0, 0.5 ] },
						"south": { "texture": "#wood", "uv": [ 0.0, 0.0, 0.5, 0.5 ] },
						"west": { "texture": "#wood", "uv": [ 0.0, 0.0, 3.0, 0.5 ] },
						"up": { "texture": "#wood", "uv": [ 0.0, 0.0, 0.5, 3.0 ] },
						"down": { "texture": "#wood", "uv": [ 0.0, 0.0, 0.5, 3.0 ] }
					}
				},
				{
					"name": "Cube9",
					"from": [ 9.9, 10.7, 6.0 ],
					"to": [ 10.2, 11.01, 9.1 ],
					"rotationOrigin": [ 10.0, 10.7, 6.0 ],
					"rotationY": -67.5,
					"faces": {
						"north": { "texture": "#wood", "uv": [ 0.0, 0.0, 0.5, 0.5 ] },
						"east": { "texture": "#wood", "uv": [ 0.0, 0.0, 3.0, 0.5 ] },
						"south": { "texture": "#wood", "uv": [ 0.0, 0.0, 0.5, 0.5 ] },
						"west": { "texture": "#wood", "uv": [ 0.0, 0.0, 3.0, 0.5 ] },
						"up": { "texture": "#wood", "uv": [ 0.0, 0.0, 0.5, 3.0 ] },
						"down": { "texture": "#wood", "uv": [ 0.0, 0.0, 0.5, 3.0 ] }
					}
				},
				{
					"name": "walln2",
					"from": [ 6.1, 2.0, 2.1 ],
					"to": [ 9.2, 11.0, 2.2 ],
					"renderPass": 0,
					"rotationOrigin": [ 6.1, 2.0, 2.1 ],
					"rotationY": -112.5,
					"faces": {
						"north": { "texture": "#paper", "uv": [ 0.5, 0.5, 15.5, 15.5 ], "glow": 128, "autoUv": false },
						"south": { "texture": "#paper", "uv": [ 0.5, 0.5, 15.5, 15.5 ], "glow": 128, "autoUv": false }
					}
				},
				{
					"name": "wallS2",
					"from": [ 6.0, 2.0, 10.0 ],
					"to": [ 9.1, 11.0, 10.1 ],
					"renderPass": 0,
					"rotationOrigin": [ 6.0, 2.0, 10.0 ],
					"rotationY": 112.5,
					"faces": {
						"north": { "texture": "#paper", "uv": [ 0.5, 0.5, 15.5, 15.5 ], "glow": 128, "autoUv": false },
						"south": { "texture": "#paper", "uv": [ 0.5, 0.5, 15.5, 15.5 ], "glow": 128, "autoUv": false }
					}
				},
				{
					"name": "walle2",
					"from": [ 2.1, 2.0, 6.1 ],
					"to": [ 2.2, 11.0, 9.2 ],
					"renderPass": 0,
					"rotationOrigin": [ 2.1, 2.0, 6.1 ],
					"rotationY": 112.5,
					"faces": {
						"east": { "texture": "#paper", "uv": [ 0.5, 0.5, 15.5, 15.5 ], "glow": 128, "autoUv": false, "windMode": [-1,-1,-1,-1] },
						"west": { "texture": "#paper", "uv": [ 0.5, 0.5, 15.5, 15.5 ], "glow": 128, "autoUv": false, "windMode": [-1,-1,-1,-1] }
					}
				},
				{
					"name": "wallew2",
					"from": [ 10.0, 2.0, 5.9 ],
					"to": [ 10.1, 11.0, 9.0 ],
					"renderPass": 0,
					"rotationOrigin": [ 10.0, 2.0, 5.9 ],
					"rotationY": -112.5,
					"faces": {
						"east": { "texture": "#paper", "uv": [ 0.5, 0.5, 15.5, 15.5 ], "glow": 128, "autoUv": false, "windMode": [-1,-1,-1,-1] },
						"west": { "texture": "#paper", "uv": [ 0.5, 0.5, 15.5, 15.5 ], "glow": 128, "autoUv": false, "windMode": [-1,-1,-1,-1] }
					}
				},
				{
					"name": "Cube14",
					"from": [ 6.0, 10.7, 1.8 ],
					"to": [ 9.1, 11.0, 2.1 ],
					"rotationOrigin": [ 6.0, 10.7, 2.0 ],
					"rotationY": -112.5,
					"faces": {
						"north": { "texture": "#wood", "uv": [ 0.0, 0.0, 3.0, 0.5 ] },
						"east": { "texture": "#wood", "uv": [ 0.0, 0.0, 0.5, 0.5 ] },
						"south": { "texture": "#wood", "uv": [ 0.0, 0.0, 3.0, 0.5 ] },
						"west": { "texture": "#wood", "uv": [ 0.0, 0.0, 0.5, 0.5 ] },
						"up": { "texture": "#wood", "uv": [ 0.0, 0.0, 3.0, 0.5 ] },
						"down": { "texture": "#wood", "uv": [ 0.0, 0.0, 3.0, 0.5 ] }
					}
				},
				{
					"name": "Cube15",
					"from": [ 6.0, 10.7, 9.9 ],
					"to": [ 9.0, 11.0, 10.2 ],
					"rotationOrigin": [ 6.0, 10.7, 10.0 ],
					"rotationY": 112.5,
					"faces": {
						"north": { "texture": "#wood", "uv": [ 0.0, 0.0, 3.0, 0.5 ] },
						"east": { "texture": "#wood", "uv": [ 0.0, 0.0, 0.5, 0.5 ] },
						"south": { "texture": "#wood", "uv": [ 0.0, 0.0, 3.0, 0.5 ] },
						"west": { "texture": "#wood", "uv": [ 0.0, 0.0, 0.5, 0.5 ] },
						"up": { "texture": "#wood", "uv": [ 0.0, 0.0, 3.0, 0.5 ] },
						"down": { "texture": "#wood", "uv": [ 0.0, 0.0, 3.0, 0.5 ] }
					}
				},
				{
					"name": "Cube16",
					"from": [ 1.9, 10.7, 6.1 ],
					"to": [ 2.2, 11.01, 9.3 ],
					"rotationOrigin": [ 2.0, 10.7, 6.1 ],
					"rotationY": 112.5,
					"faces": {
						"north": { "texture": "#wood", "uv": [ 0.0, 0.0, 0.5, 0.5 ] },
						"east": { "texture": "#wood", "uv": [ 0.0, 0.0, 3.0, 0.5 ] },
						"south": { "texture": "#wood", "uv": [ 0.0, 0.0, 0.5, 0.5 ] },
						"west": { "texture": "#wood", "uv": [ 0.0, 0.0, 3.0, 0.5 ] },
						"up": { "texture": "#wood", "uv": [ 0.0, 0.0, 0.5, 3.0 ] },
						"down": { "texture": "#wood", "uv": [ 0.0, 0.0, 0.5, 3.0 ] }
					}
				},
				{
					"name": "Cube17",
					"from": [ 9.9, 10.7, 5.9 ],
					"to": [ 10.2, 11.01, 9.0 ],
					"rotationOrigin": [ 10.0, 10.7, 5.9 ],
					"rotationY": -112.5,
					"faces": {
						"north": { "texture": "#wood", "uv": [ 0.0, 0.0, 0.5, 0.5 ] },
						"east": { "texture": "#wood", "uv": [ 0.0, 0.0, 3.0, 0.5 ] },
						"south": { "texture": "#wood", "uv": [ 0.0, 0.0, 0.5, 0.5 ] },
						"west": { "texture": "#wood", "uv": [ 0.0, 0.0, 3.0, 0.5 ] },
						"up": { "texture": "#wood", "uv": [ 0.0, 0.0, 0.5, 3.0 ] },
						"down": { "texture": "#wood", "uv": [ 0.0, 0.0, 0.5, 3.0 ] }
					}
				},
				{
					"name": "Cube10",
					"from": [ 6.0, 2.0, 1.8 ],
					"to": [ 9.1, 2.3, 2.1 ],
					"rotationOrigin": [ 6.0, 2.0, 2.0 ],
					"rotationY": -67.5,
					"faces": {
						"north": { "texture": "#wood", "uv": [ 0.0, 0.0, 3.0, 0.5 ] },
						"east": { "texture": "#wood", "uv": [ 0.0, 0.0, 0.5, 0.5 ] },
						"south": { "texture": "#wood", "uv": [ 0.0, 0.0, 3.0, 0.5 ] },
						"west": { "texture": "#wood", "uv": [ 0.0, 0.0, 0.5, 0.5 ] },
						"up": { "texture": "#wood", "uv": [ 0.0, 0.0, 3.0, 0.5 ] },
						"down": { "texture": "#wood", "uv": [ 0.0, 0.0, 3.0, 0.5 ] }
					}
				},
				{
					"name": "Cube18",
					"from": [ 6.0, 2.0, 1.8 ],
					"to": [ 9.1, 2.3, 2.1 ],
					"rotationOrigin": [ 6.0, 2.0, 2.0 ],
					"rotationY": -112.5,
					"faces": {
						"north": { "texture": "#wood", "uv": [ 0.0, 0.0, 3.0, 0.5 ] },
						"east": { "texture": "#wood", "uv": [ 0.0, 0.0, 0.5, 0.5 ] },
						"south": { "texture": "#wood", "uv": [ 0.0, 0.0, 3.0, 0.5 ] },
						"west": { "texture": "#wood", "uv": [ 0.0, 0.0, 0.5, 0.5 ] },
						"up": { "texture": "#wood", "uv": [ 0.0, 0.0, 3.0, 0.5 ] },
						"down": { "texture": "#wood", "uv": [ 0.0, 0.0, 3.0, 0.5 ] }
					}
				},
				{
					"name": "Cube11",
					"from": [ 6.0, 2.0, 9.9 ],
					"to": [ 9.1, 2.3, 10.2 ],
					"rotationOrigin": [ 6.0, 2.0, 10.0 ],
					"rotationY": 67.5,
					"faces": {
						"north": { "texture": "#wood", "uv": [ 0.0, 0.0, 3.0, 0.5 ] },
						"east": { "texture": "#wood", "uv": [ 0.0, 0.0, 0.5, 0.5 ] },
						"south": { "texture": "#wood", "uv": [ 0.0, 0.0, 3.0, 0.5 ] },
						"west": { "texture": "#wood", "uv": [ 0.0, 0.0, 0.5, 0.5 ] },
						"up": { "texture": "#wood", "uv": [ 0.0, 0.0, 3.0, 0.5 ] },
						"down": { "texture": "#wood", "uv": [ 0.0, 0.0, 3.0, 0.5 ] }
					}
				},
				{
					"name": "Cube19",
					"from": [ 6.0, 2.0, 9.9 ],
					"to": [ 9.0, 2.3, 10.2 ],
					"rotationOrigin": [ 6.0, 2.0, 10.0 ],
					"rotationY": 112.5,
					"faces": {
						"north": { "texture": "#wood", "uv": [ 0.0, 0.0, 3.0, 0.5 ] },
						"east": { "texture": "#wood", "uv": [ 0.0, 0.0, 0.5, 0.5 ] },
						"south": { "texture": "#wood", "uv": [ 0.0, 0.0, 3.0, 0.5 ] },
						"west": { "texture": "#wood", "uv": [ 0.0, 0.0, 0.5, 0.5 ] },
						"up": { "texture": "#wood", "uv": [ 0.0, 0.0, 3.0, 0.5 ] },
						"down": { "texture": "#wood", "uv": [ 0.0, 0.0, 3.0, 0.5 ] }
					}
				},
				{
					"name": "Cube12",
					"from": [ 1.8, 2.0, 6.1 ],
					"to": [ 2.1, 2.31, 9.4 ],
					"rotationOrigin": [ 1.9, 2.0, 6.1 ],
					"rotationY": 67.5,
					"faces": {
						"north": { "texture": "#wood", "uv": [ 0.0, 0.0, 0.5, 0.5 ] },
						"east": { "texture": "#wood", "uv": [ 0.0, 0.0, 3.0, 0.5 ] },
						"south": { "texture": "#wood", "uv": [ 0.0, 0.0, 0.5, 0.5 ] },
						"west": { "texture": "#wood", "uv": [ 0.0, 0.0, 3.0, 0.5 ] },
						"up": { "texture": "#wood", "uv": [ 0.0, 0.0, 0.5, 3.0 ] },
						"down": { "texture": "#wood", "uv": [ 0.0, 0.0, 0.5, 3.0 ] }
					}
				},
				{
					"name": "Cube20",
					"from": [ 1.9, 2.0, 6.1 ],
					"to": [ 2.2, 2.31, 9.3 ],
					"rotationOrigin": [ 2.0, 2.0, 6.1 ],
					"rotationY": 112.5,
					"faces": {
						"north": { "texture": "#wood", "uv": [ 0.0, 0.0, 0.5, 0.5 ] },
						"east": { "texture": "#wood", "uv": [ 0.0, 0.0, 3.0, 0.5 ] },
						"south": { "texture": "#wood", "uv": [ 0.0, 0.0, 0.5, 0.5 ] },
						"west": { "texture": "#wood", "uv": [ 0.0, 0.0, 3.0, 0.5 ] },
						"up": { "texture": "#wood", "uv": [ 0.0, 0.0, 0.5, 3.0 ] },
						"down": { "texture": "#wood", "uv": [ 0.0, 0.0, 0.5, 3.0 ] }
					}
				},
				{
					"name": "Cube13",
					"from": [ 9.9, 2.0, 6.0 ],
					"to": [ 10.2, 2.31, 9.1 ],
					"rotationOrigin": [ 10.0, 2.0, 6.0 ],
					"rotationY": -67.5,
					"faces": {
						"north": { "texture": "#wood", "uv": [ 0.0, 0.0, 0.5, 0.5 ] },
						"east": { "texture": "#wood", "uv": [ 0.0, 0.0, 3.0, 0.5 ] },
						"south": { "texture": "#wood", "uv": [ 0.0, 0.0, 0.5, 0.5 ] },
						"west": { "texture": "#wood", "uv": [ 0.0, 0.0, 3.0, 0.5 ] },
						"up": { "texture": "#wood", "uv": [ 0.0, 0.0, 0.5, 3.0 ] },
						"down": { "texture": "#wood", "uv": [ 0.0, 0.0, 0.5, 3.0 ] }
					}
				},
				{
					"name": "Cube21",
					"from": [ 9.9, 2.0, 5.9 ],
					"to": [ 10.2, 2.31, 9.0 ],
					"rotationOrigin": [ 10.0, 2.0, 5.9 ],
					"rotationY": -112.5,
					"faces": {
						"north": { "texture": "#wood", "uv": [ 0.0, 0.0, 0.5, 0.5 ] },
						"east": { "texture": "#wood", "uv": [ 0.0, 0.0, 3.0, 0.5 ] },
						"south": { "texture": "#wood", "uv": [ 0.0, 0.0, 0.5, 0.5 ] },
						"west": { "texture": "#wood", "uv": [ 0.0, 0.0, 3.0, 0.5 ] },
						"up": { "texture": "#wood", "uv": [ 0.0, 0.0, 0.5, 3.0 ] },
						"down": { "texture": "#wood", "uv": [ 0.0, 0.0, 0.5, 3.0 ] }
					}
				},
				{
					"name": "Cube22",
					"from": [ 4.8, 2.0, 4.7 ],
					"to": [ 5.1, 10.99, 5.0 ],
					"rotationOrigin": [ 3.0, 2.0, 2.9 ],
					"faces": {
						"north": { "texture": "#wood", "uv": [ 0.0, 0.0, 0.5, 8.5 ] },
						"east": { "texture": "#wood", "uv": [ 0.0, 0.0, 0.5, 8.5 ] },
						"south": { "texture": "#wood", "uv": [ 0.0, 0.0, 0.5, 8.5 ] },
						"west": { "texture": "#wood", "uv": [ 0.0, 0.0, 0.5, 8.5 ] },
						"up": { "texture": "#wood", "uv": [ 0.0, 0.0, 0.5, 0.5 ] },
						"down": { "texture": "#wood", "uv": [ 0.0, 0.0, 0.5, 0.5 ] }
					}
				},
				{
					"name": "Cube23",
					"from": [ 7.1, 2.0, 4.7 ],
					"to": [ 7.3, 10.99, 4.9 ],
					"rotationOrigin": [ 5.3, 2.0, 2.9 ],
					"faces": {
						"north": { "texture": "#wood", "uv": [ 0.0, 0.0, 0.5, 8.5 ] },
						"east": { "texture": "#wood", "uv": [ 0.0, 0.0, 0.5, 8.5 ] },
						"south": { "texture": "#wood", "uv": [ 0.0, 0.0, 0.5, 8.5 ] },
						"west": { "texture": "#wood", "uv": [ 0.0, 0.0, 0.5, 8.5 ] },
						"up": { "texture": "#wood", "uv": [ 0.0, 0.0, 0.5, 0.5 ] },
						"down": { "texture": "#wood", "uv": [ 0.0, 0.0, 0.5, 0.5 ] }
					}
				},
				{
					"name": "Cube24",
					"from": [ 4.8, 2.0, 7.1 ],
					"to": [ 5.0, 10.99, 7.3 ],
					"rotationOrigin": [ 3.0, 2.0, 5.3 ],
					"faces": {
						"north": { "texture": "#wood", "uv": [ 0.0, 0.0, 0.5, 8.5 ] },
						"east": { "texture": "#wood", "uv": [ 0.0, 0.0, 0.5, 8.5 ] },
						"south": { "texture": "#wood", "uv": [ 0.0, 0.0, 0.5, 8.5 ] },
						"west": { "texture": "#wood", "uv": [ 0.0, 0.0, 0.5, 8.5 ] },
						"up": { "texture": "#wood", "uv": [ 0.0, 0.0, 0.5, 0.5 ] },
						"down": { "texture": "#wood", "uv": [ 0.0, 0.0, 0.5, 0.5 ] }
					}
				},
				{
					"name": "Cube25",
					"from": [ 7.1, 2.0, 7.1 ],
					"to": [ 7.3, 10.99, 7.3 ],
					"rotationOrigin": [ 5.3, 2.0, 5.3 ],
					"faces": {
						"north": { "texture": "#wood", "uv": [ 0.0, 0.0, 0.5, 8.5 ] },
						"east": { "texture": "#wood", "uv": [ 0.0, 0.0, 0.5, 8.5 ] },
						"south": { "texture": "#wood", "uv": [ 0.0, 0.0, 0.5, 8.5 ] },
						"west": { "texture": "#wood", "uv": [ 0.0, 0.0, 0.5, 8.5 ] },
						"up": { "texture": "#wood", "uv": [ 0.0, 0.0, 0.5, 0.5 ] },
						"down": { "texture": "#wood", "uv": [ 0.0, 0.0, 0.5, 0.5 ] }
					}
				}
			]
		},
		{
			"name": "candle",
			"from": [ 7.2, 1.0, 7.2 ],
			"to": [ 8.8, 5.0, 8.8 ],
			"rotationOrigin": [ 4.2, -1.0, 4.2 ],
			"faces": {
				"north": { "texture": "#candle", "uv": [ 0.0, 12.0, 1.5, 16.0 ] },
				"east": { "texture": "#candle", "uv": [ 2.0, 12.0, 3.5, 16.0 ] },
				"south": { "texture": "#candle", "uv": [ 4.0, 12.0, 5.5, 16.0 ] },
				"west": { "texture": "#candle", "uv": [ 6.0, 12.0, 7.5, 16.0 ] },
				"up": { "texture": "#candle", "uv": [ 14.0, 0.0, 15.5, 1.5 ] }
			},
			"children": [
				{
					"name": "flame",
					"from": [ 0.6, 4.0, 0.6 ],
					"to": [ 1.0, 4.5, 1.0 ],
					"rotationOrigin": [ -0.2, 0.0, -0.2 ],
					"faces": {
						"north": { "texture": "#candle", "uv": [ 0.0, 0.0, 0.5, 0.5 ], "glow": 255 },
						"east": { "texture": "#candle", "uv": [ 0.0, 0.0, 0.5, 0.5 ], "glow": 255 },
						"south": { "texture": "#candle", "uv": [ 0.0, 0.0, 0.5, 0.5 ], "glow": 255 },
						"west": { "texture": "#candle", "uv": [ 0.0, 0.0, 0.5, 0.5 ], "glow": 255 },
						"up": { "texture": "#candle", "uv": [ 0.0, 0.0, 0.5, 0.5 ], "glow": 255 }
					}
				}
			]
		}
	]}