{
	"editor": {
		"allAngles": false,
		"entityTextureMode": false
	},
	"textureWidth": 16,
	"textureHeight": 16,
	"textureSizes": {
	},
	"textures": {
		"candle": "game:block/candle",
		"paper": "game:block/metal/paperlantern_on",
		"wood": "game:block/wood/cage/floor"
	},
	"elements": [
		{
			"name": "floor",
			"from": [ 2.0, 0.0, 2.0 ],
			"to": [ 14.0, 2.0, 14.0 ],
			"faces": {
				"north": { "texture": "#wood", "uv": [ 2.0, 14.0, 14.0, 16.0 ] },
				"east": { "texture": "#wood", "uv": [ 0.5, 2.0, 2.5, 14.0 ], "rotation": 90 },
				"south": { "texture": "#wood", "uv": [ 2.0, 0.5, 14.0, 2.5 ] },
				"west": { "texture": "#wood", "uv": [ 14.0, 2.0, 16.0, 14.0 ], "rotation": 90 },
				"up": { "texture": "#wood", "uv": [ 2.0, 2.0, 14.0, 14.0 ], "glow": 128 },
				"down": { "texture": "#wood", "uv": [ 2.0, 2.0, 14.0, 14.0 ], "rotation": 180 }
			},
			"children": [
				{
					"name": "walln",
					"from": [ 2.0, 2.0, 1.9 ],
					"to": [ 10.0, 11.0, 2.0 ],
					"rotationOrigin": [ 2.0, 2.0, 1.9 ],
					"faces": {
						"north": { "texture": "#paper", "uv": [ 0.5, 0.5, 15.5, 15.5 ], "glow": 128, "autoUv": false },
						"south": { "texture": "#paper", "uv": [ 0.5, 0.5, 15.5, 15.5 ], "glow": 128, "autoUv": false }
					}
				},
				{
					"name": "wallS",
					"from": [ 2.0, 2.0, 10.0 ],
					"to": [ 10.0, 11.0, 10.1 ],
					"rotationOrigin": [ 2.0, 2.0, 0.0 ],
					"faces": {
						"north": { "texture": "#paper", "uv": [ 0.5, 0.5, 15.5, 15.5 ], "glow": 128, "autoUv": false },
						"south": { "texture": "#paper", "uv": [ 0.5, 0.5, 15.5, 15.5 ], "glow": 128, "autoUv": false }
					}
				},
				{
					"name": "walle",
					"from": [ 1.9, 2.0, 2.0 ],
					"to": [ 2.0, 11.0, 10.0 ],
					"rotationOrigin": [ 1.9, 2.0, 2.0 ],
					"faces": {
						"east": { "texture": "#paper", "uv": [ 0.5, 0.5, 15.5, 15.5 ], "glow": 128, "autoUv": false, "windMode": [-1,-1,-1,-1] },
						"west": { "texture": "#paper", "uv": [ 0.5, 0.5, 15.5, 15.5 ], "glow": 128, "autoUv": false, "windMode": [-1,-1,-1,-1] }
					}
				},
				{
					"name": "wallew",
					"from": [ 10.0, 2.0, 2.0 ],
					"to": [ 10.1, 11.0, 10.0 ],
					"rotationOrigin": [ 0.1, 2.0, 2.0 ],
					"faces": {
						"east": { "texture": "#paper", "uv": [ 0.5, 0.5, 15.5, 15.5 ], "glow": 128, "autoUv": false, "windMode": [-1,-1,-1,-1] },
						"west": { "texture": "#paper", "uv": [ 0.5, 0.5, 15.5, 15.5 ], "glow": 128, "autoUv": false, "windMode": [-1,-1,-1,-1] }
					}
				},
				{
					"name": "Cube2",
					"from": [ 1.8, 2.0, 1.8 ],
					"to": [ 2.1, 11.0, 2.1 ],
					"rotationOrigin": [ 0.0, 2.0, 0.0 ],
					"faces": {
						"north": { "texture": "#wood", "uv": [ 0.0, 0.0, 0.5, 9.0 ] },
						"east": { "texture": "#wood", "uv": [ 0.0, 0.0, 0.5, 9.0 ] },
						"south": { "texture": "#wood", "uv": [ 0.0, 0.0, 0.5, 9.0 ] },
						"west": { "texture": "#wood", "uv": [ 0.0, 0.0, 0.5, 9.0 ] },
						"up": { "texture": "#wood", "uv": [ 0.0, 0.0, 0.5, 0.5 ] },
						"down": { "texture": "#wood", "uv": [ 0.0, 0.0, 0.5, 0.5 ] }
					}
				},
				{
					"name": "Cube3",
					"from": [ 9.9, 2.0, 1.8 ],
					"to": [ 10.2, 11.0, 2.1 ],
					"rotationOrigin": [ 8.1, 2.0, 0.0 ],
					"faces": {
						"north": { "texture": "#wood", "uv": [ 0.0, 0.0, 0.5, 9.0 ] },
						"east": { "texture": "#wood", "uv": [ 0.0, 0.0, 0.5, 9.0 ] },
						"south": { "texture": "#wood", "uv": [ 0.0, 0.0, 0.5, 9.0 ] },
						"west": { "texture": "#wood", "uv": [ 0.0, 0.0, 0.5, 9.0 ] },
						"up": { "texture": "#wood", "uv": [ 0.0, 0.0, 0.5, 0.5 ] },
						"down": { "texture": "#wood", "uv": [ 0.0, 0.0, 0.5, 0.5 ] }
					}
				},
				{
					"name": "Cube4",
					"from": [ 1.8, 2.0, 9.9 ],
					"to": [ 2.1, 11.0, 10.2 ],
					"rotationOrigin": [ 0.0, 2.0, 8.1 ],
					"faces": {
						"north": { "texture": "#wood", "uv": [ 0.0, 0.0, 0.5, 9.0 ] },
						"east": { "texture": "#wood", "uv": [ 0.0, 0.0, 0.5, 9.0 ] },
						"south": { "texture": "#wood", "uv": [ 0.0, 0.0, 0.5, 9.0 ] },
						"west": { "texture": "#wood", "uv": [ 0.0, 0.0, 0.5, 9.0 ] },
						"up": { "texture": "#wood", "uv": [ 0.0, 0.0, 0.5, 0.5 ] },
						"down": { "texture": "#wood", "uv": [ 0.0, 0.0, 0.5, 0.5 ] }
					}
				},
				{
					"name": "Cube5",
					"from": [ 9.9, 2.0, 9.9 ],
					"to": [ 10.2, 11.0, 10.2 ],
					"rotationOrigin": [ 8.1, 2.0, 8.1 ],
					"faces": {
						"north": { "texture": "#wood", "uv": [ 0.0, 0.0, 0.5, 9.0 ] },
						"east": { "texture": "#wood", "uv": [ 0.0, 0.0, 0.5, 9.0 ] },
						"south": { "texture": "#wood", "uv": [ 0.0, 0.0, 0.5, 9.0 ] },
						"west": { "texture": "#wood", "uv": [ 0.0, 0.0, 0.5, 9.0 ] },
						"up": { "texture": "#wood", "uv": [ 0.0, 0.0, 0.5, 0.5 ] },
						"down": { "texture": "#wood", "uv": [ 0.0, 0.0, 0.5, 0.5 ] }
					}
				},
				{
					"name": "Cube6",
					"from": [ 1.8, 11.0, 1.8 ],
					"to": [ 10.2, 11.3, 2.1 ],
					"rotationOrigin": [ 0.0, 11.0, 0.0 ],
					"faces": {
						"north": { "texture": "#wood", "uv": [ 0.0, 0.0, 8.0, 0.5 ] },
						"east": { "texture": "#wood", "uv": [ 0.0, 0.0, 0.5, 0.5 ] },
						"south": { "texture": "#wood", "uv": [ 0.0, 0.0, 8.0, 0.5 ] },
						"west": { "texture": "#wood", "uv": [ 0.0, 0.0, 0.5, 0.5 ] },
						"up": { "texture": "#wood", "uv": [ 0.0, 0.0, 8.0, 0.5 ] },
						"down": { "texture": "#wood", "uv": [ 0.0, 0.0, 8.0, 0.5 ] }
					}
				},
				{
					"name": "Cube7",
					"from": [ 1.8, 11.0, 9.9 ],
					"to": [ 10.2, 11.3, 10.2 ],
					"rotationOrigin": [ 0.0, 11.0, 8.1 ],
					"faces": {
						"north": { "texture": "#wood", "uv": [ 0.0, 0.0, 8.0, 0.5 ] },
						"east": { "texture": "#wood", "uv": [ 0.0, 0.0, 0.5, 0.5 ] },
						"south": { "texture": "#wood", "uv": [ 0.0, 0.0, 8.0, 0.5 ] },
						"west": { "texture": "#wood", "uv": [ 0.0, 0.0, 0.5, 0.5 ] },
						"up": { "texture": "#wood", "uv": [ 0.0, 0.0, 8.0, 0.5 ] },
						"down": { "texture": "#wood", "uv": [ 0.0, 0.0, 8.0, 0.5 ] }
					}
				},
				{
					"name": "Cube8",
					"from": [ 1.8, 11.0, 2.1 ],
					"to": [ 2.1, 11.3, 9.9 ],
					"rotationOrigin": [ 0.0, 11.0, 0.3 ],
					"faces": {
						"north": { "texture": "#wood", "uv": [ 0.0, 0.0, 0.5, 0.5 ] },
						"east": { "texture": "#wood", "uv": [ 0.0, 0.0, 7.5, 0.5 ] },
						"south": { "texture": "#wood", "uv": [ 0.0, 0.0, 0.5, 0.5 ] },
						"west": { "texture": "#wood", "uv": [ 0.0, 0.0, 7.5, 0.5 ] },
						"up": { "texture": "#wood", "uv": [ 0.0, 0.0, 0.5, 7.5 ] },
						"down": { "texture": "#wood", "uv": [ 0.0, 0.0, 0.5, 7.5 ] }
					}
				},
				{
					"name": "Cube9",
					"from": [ 9.9, 11.0, 2.1 ],
					"to": [ 10.2, 11.3, 9.9 ],
					"rotationOrigin": [ 8.1, 11.0, 0.3 ],
					"faces": {
						"north": { "texture": "#wood", "uv": [ 0.0, 0.0, 0.5, 0.5 ] },
						"east": { "texture": "#wood", "uv": [ 0.0, 0.0, 7.5, 0.5 ] },
						"south": { "texture": "#wood", "uv": [ 0.0, 0.0, 0.5, 0.5 ] },
						"west": { "texture": "#wood", "uv": [ 0.0, 0.0, 7.5, 0.5 ] },
						"up": { "texture": "#wood", "uv": [ 0.0, 0.0, 0.5, 7.5 ] },
						"down": { "texture": "#wood", "uv": [ 0.0, 0.0, 0.5, 7.5 ] }
					}
				},
				{
					"name": "Cube10",
					"from": [ 2.1, 2.0, 1.8 ],
					"to": [ 9.9, 2.3, 2.1 ],
					"rotationOrigin": [ 0.3, 2.0, 0.0 ],
					"faces": {
						"north": { "texture": "#wood", "uv": [ 0.0, 0.0, 7.5, 0.5 ] },
						"east": { "texture": "#wood", "uv": [ 0.0, 0.0, 0.5, 0.5 ] },
						"south": { "texture": "#wood", "uv": [ 0.0, 0.0, 7.5, 0.5 ] },
						"west": { "texture": "#wood", "uv": [ 0.0, 0.0, 0.5, 0.5 ] },
						"up": { "texture": "#wood", "uv": [ 0.0, 0.0, 7.5, 0.5 ] },
						"down": { "texture": "#wood", "uv": [ 0.0, 0.0, 7.5, 0.5 ] }
					}
				},
				{
					"name": "Cube11",
					"from": [ 2.1, 2.0, 9.9 ],
					"to": [ 9.9, 2.3, 10.2 ],
					"rotationOrigin": [ 0.3, 2.0, 8.1 ],
					"faces": {
						"north": { "texture": "#wood", "uv": [ 0.0, 0.0, 7.5, 0.5 ] },
						"east": { "texture": "#wood", "uv": [ 0.0, 0.0, 0.5, 0.5 ] },
						"south": { "texture": "#wood", "uv": [ 0.0, 0.0, 7.5, 0.5 ] },
						"west": { "texture": "#wood", "uv": [ 0.0, 0.0, 0.5, 0.5 ] },
						"up": { "texture": "#wood", "uv": [ 0.0, 0.0, 7.5, 0.5 ] },
						"down": { "texture": "#wood", "uv": [ 0.0, 0.0, 7.5, 0.5 ] }
					}
				},
				{
					"name": "Cube12",
					"from": [ 1.8, 2.0, 2.1 ],
					"to": [ 2.1, 2.3, 9.9 ],
					"rotationOrigin": [ 0.0, 2.0, 0.3 ],
					"faces": {
						"north": { "texture": "#wood", "uv": [ 0.0, 0.0, 0.5, 0.5 ] },
						"east": { "texture": "#wood", "uv": [ 0.0, 0.0, 7.5, 0.5 ] },
						"south": { "texture": "#wood", "uv": [ 0.0, 0.0, 0.5, 0.5 ] },
						"west": { "texture": "#wood", "uv": [ 0.0, 0.0, 7.5, 0.5 ] },
						"up": { "texture": "#wood", "uv": [ 0.0, 0.0, 0.5, 7.5 ] },
						"down": { "texture": "#wood", "uv": [ 0.0, 0.0, 0.5, 7.5 ] }
					}
				},
				{
					"name": "Cube13",
					"from": [ 9.9, 2.0, 2.1 ],
					"to": [ 10.2, 2.3, 9.9 ],
					"rotationOrigin": [ 8.1, 2.0, 0.3 ],
					"faces": {
						"north": { "texture": "#wood", "uv": [ 0.0, 0.0, 0.5, 0.5 ] },
						"east": { "texture": "#wood", "uv": [ 0.0, 0.0, 7.5, 0.5 ] },
						"south": { "texture": "#wood", "uv": [ 0.0, 0.0, 0.5, 0.5 ] },
						"west": { "texture": "#wood", "uv": [ 0.0, 0.0, 7.5, 0.5 ] },
						"up": { "texture": "#wood", "uv": [ 0.0, 0.0, 0.5, 7.5 ] },
						"down": { "texture": "#wood", "uv": [ 0.0, 0.0, 0.5, 7.5 ] }
					}
				}
			]
		},
		{
			"name": "candle",
			"from": [ 7.0, 1.0, 7.0 ],
			"to": [ 9.0, 5.0, 9.0 ],
			"rotationOrigin": [ 4.0, -1.0, 4.0 ],
			"faces": {
				"north": { "texture": "#candle", "uv": [ 0.0, 12.0, 2.0, 16.0 ] },
				"east": { "texture": "#candle", "uv": [ 2.0, 12.0, 4.0, 16.0 ] },
				"south": { "texture": "#candle", "uv": [ 4.0, 12.0, 6.0, 16.0 ] },
				"west": { "texture": "#candle", "uv": [ 6.0, 12.0, 8.0, 16.0 ] },
				"up": { "texture": "#candle", "uv": [ 14.0, 0.0, 16.0, 2.0 ] }
			},
			"children": [
				{
					"name": "flame",
					"from": [ 0.8, 4.0, 0.8 ],
					"to": [ 1.2, 4.5, 1.2 ],
					"faces": {
						"north": { "texture": "#candle", "uv": [ 0.0, 0.0, 0.5, 0.5 ], "glow": 255 },
						"east": { "texture": "#candle", "uv": [ 0.0, 0.0, 0.5, 0.5 ], "glow": 255 },
						"south": { "texture": "#candle", "uv": [ 0.0, 0.0, 0.5, 0.5 ], "glow": 255 },
						"west": { "texture": "#candle", "uv": [ 0.0, 0.0, 0.5, 0.5 ], "glow": 255 },
						"up": { "texture": "#candle", "uv": [ 0.0, 0.0, 0.5, 0.5 ], "glow": 255 }
					}
				}
			]
		}
	]}