[
  {
    "side": "Server",
    "dependsOn": [{ "modid": "combatoverhaul" }],
    "file": "cervinae:entities/land/cervini",
    "op": "add",
    "path": "/client/behaviors/-",
    "value": {
      "code": "CombatOverhaul:EntityColliders",
      "elements": {
        "Torso": ["Neck", "Chest", "Midsection", "Rear"],
        "Head": ["Head", "MouthUp", "Jaw"],
        "Arm": ["L ArmUp", "L ArmMid", "L ArmLow", "L Front Pastern", "R ArmUp", "R ArmMid", "R ArmLow", "R Front Pastern"],
        "Leg": ["L Haunch","L LegUp", "L LegLow", "L Hind Pastern", "R Haunch","R LegUp", "R LegLow", "R Hind Pastern"],
        "Critical": ["Neck2"],
        "Resistant": []
      }
    }
  },
  {
    "side": "Server",
    "dependsOn": [{ "modid": "combatoverhaul" }],
    "file": "cervinae:entities/land/cervini",
    "op": "add",
    "path": "/server/behaviors/-",
    "value": {
      "code": "CombatOverhaul:EntityColliders",
      "elements": {
        "Torso": ["Neck", "Chest", "Midsection", "Rear"],
        "Head": ["Head", "MouthUp", "Jaw"],
        "Arm": ["L ArmUp", "L ArmMid", "L ArmLow", "L Front Pastern", "R ArmUp", "R ArmMid", "R ArmLow", "R Front Pastern"],
        "Leg": ["L Haunch","L LegUp", "L LegLow", "L Hind Pastern", "R Haunch","R LegUp", "R LegLow", "R Hind Pastern"],
        "Critical": ["Neck2"],
        "Resistant": []
      }
    }
  },
  {
    "side": "Server",
    "dependsOn": [{ "modid": "combatoverhaul" }],
    "file": "cervinae:entities/land/cervini",
    "op": "add",
    "path": "/server/behaviors/-",
    "value": {
      "code": "CombatOverhaul:EntityDamageModel",
      "damageModel": {
        "TorsoDamageMultiplier": 1,
        "LimbsDamageMultiplier": 0.75,
        "HeadDamageMultiplier": 1.5,
        "CriticalDamageMultiplier": 2,
        "DefaultResists": {"BluntAttack": 0, "SlashingAttack": 0, "PiercingAttack": 0}
      }
    }
  },
  {
    "side": "Server",
    "dependsOn": [{ "modid": "combatoverhaul" }],
    "file": "cervinae:entities/land/cervini",
    "op": "add",
    "path": "/client/behaviors/-",
    "value": {
      "code": "CombatOverhaul:EntityDamageModel",
      "damageModel": {
        "TorsoDamageMultiplier": 1,
        "LimbsDamageMultiplier": 0.75,
        "HeadDamageMultiplier": 1.5,
        "CriticalDamageMultiplier": 2,
        "DefaultResists": {"BluntAttack": 0, "SlashingAttack": 0, "PiercingAttack": 0}
      }
    }
  }
]