{
	"editor": {
		"collapsedPaths": "Root/Body/neck/neck2/head/Horn attachment,Root/Body/Left Shoulder,Root/Body/Right Shoulder",
		"allAngles": true,
		"entityTextureMode": true
	},
	"textureWidth": 44,
	"textureHeight": 60,
	"textureSizes": {
		"skin": [44,60]
	},
	"textures": {
	},
	"elements": [
		{
			"name": "Origin",
			"from": [ 8.0, 0.0, 8.0 ],
			"to": [ 8.0, 0.0, 8.0 ],
			"uv": [ 0.0, 0.0 ],
			"rotationOrigin": [ 8.0, 0.0, 8.0 ],
			"rotationZ": 2.0,
			"faces": {
			},
			"children": [
				{
					"name": "Rear",
					"from": [ 2.5, 7.4, -2.4 ],
					"to": [ 7.5, 13.7, 2.4 ],
					"unwrapMode": 7,
					"unwrapRotation": 1,
					"autoUnwrap": false,
					"uv": [ 0.5, 30.5 ],
					"rotationOrigin": [ 2.5, 11.0, 0.0 ],
					"rotationZ": -8.0,
					"faces": {
						"north": { "texture": "#skin", "uv": [ 11.0, 36.5, 17.0, 41.5 ], "rotation": 90 },
						"east": { "texture": "#skin", "uv": [ 6.5, 41.5, 11.0, 47.5 ] },
						"south": { "texture": "#skin", "uv": [ 0.5, 36.5, 6.5, 41.5 ], "rotation": 270 },
						"west": { "texture": "#skin", "uv": [ 6.5, 49.0, 11.0, 55.0 ], "rotation": 180 },
						"up": { "texture": "#skin", "uv": [ 6.5, 36.5, 11.0, 41.5 ], "rotation": 270 },
						"down": { "texture": "#skin", "uv": [ 17.0, 36.5, 21.5, 41.5 ], "rotation": 90 }
					},
					"children": [
						{
							"name": "L Haunch",
							"from": [ 1.7, -0.3, 3.7 ],
							"to": [ 5.2, 5.1, 5.5 ],
							"unwrapMode": 3,
							"uv": [ 23.0, 25.0 ],
							"rotationOrigin": [ 3.5, 3.7, 4.6 ],
							"rotationX": 3.0,
							"rotationZ": 2.0,
							"faces": {
								"north": { "texture": "#skin", "uv": [ 29.5, 26.5, 33.0, 31.5 ] },
								"east": { "texture": "#skin", "uv": [ 28.0, 26.5, 29.5, 31.5 ] },
								"south": { "texture": "#skin", "uv": [ 24.5, 26.5, 28.0, 31.5 ] },
								"west": { "texture": "#skin", "uv": [ 23.0, 26.5, 24.5, 31.5 ] },
								"up": { "texture": "#skin", "uv": [ 24.5, 25.0, 28.0, 26.5 ], "windMode": [-1,-1,-1,-1], "windData": [0,0,1,1] },
								"down": { "texture": "#skin", "uv": [ 24.5, 31.5, 28.0, 33.0 ], "rotation": 180 }
							},
							"children": [
								{
									"name": "L LegUp",
									"from": [ 0.0, -4.5, 0.15 ],
									"to": [ 1.8, 0.0, 1.65 ],
									"unwrapMode": 3,
									"uv": [ 24.0, 34.0 ],
									"rotationOrigin": [ 0.0, 0.0, 0.9 ],
									"rotationX": 1.0,
									"rotationZ": 56.3333,
									"faces": {
										"north": { "texture": "#skin", "uv": [ 28.5, 35.5, 30.0, 40.0 ] },
										"east": { "texture": "#skin", "uv": [ 27.0, 35.5, 28.5, 40.0 ] },
										"south": { "texture": "#skin", "uv": [ 25.5, 35.5, 27.0, 40.0 ] },
										"west": { "texture": "#skin", "uv": [ 24.0, 35.5, 25.5, 40.0 ] },
										"up": { "texture": "#skin", "uv": [ 25.5, 34.0, 27.0, 35.5 ] },
										"down": { "texture": "#skin", "uv": [ 25.5, 40.0, 27.0, 41.5 ], "rotation": 180 }
									},
									"children": [
										{
											"name": "L LegLow",
											"from": [ 0.7, -4.2, 0.25 ],
											"to": [ 1.8, 0.3, 1.25 ],
											"unwrapMode": 3,
											"uv": [ 24.5, 42.5 ],
											"rotationOrigin": [ 1.4, 0.3, 0.75 ],
											"rotationX": -4.0,
											"rotationZ": -48.0,
											"faces": {
												"north": { "texture": "#skin", "uv": [ 27.5, 43.5, 28.5, 48.0 ] },
												"east": { "texture": "#skin", "uv": [ 26.5, 43.5, 27.5, 48.0 ] },
												"south": { "texture": "#skin", "uv": [ 25.5, 43.5, 26.5, 48.0 ] },
												"west": { "texture": "#skin", "uv": [ 24.5, 43.5, 25.5, 48.0 ] },
												"up": { "texture": "#skin", "uv": [ 25.5, 42.5, 26.5, 43.5 ] },
												"down": { "texture": "#skin", "uv": [ 25.5, 48.0, 26.5, 49.0 ], "rotation": 180 }
											},
											"children": [
												{
													"name": "L Hind Pastern",
													"from": [ 0.1, -0.9, 0.05 ],
													"to": [ 1.0, 0.6, 0.95 ],
													"unwrapMode": 3,
													"autoUnwrap": false,
													"uv": [ 36.0, 50.5 ],
													"rotationOrigin": [ 0.6, 0.6, 0.55 ],
													"rotationZ": -7.0,
													"faces": {
														"north": { "texture": "#skin", "uv": [ 37.5, 51.0, 38.0, 52.5 ] },
														"east": { "texture": "#skin", "uv": [ 36.0, 51.0, 36.5, 52.5 ] },
														"south": { "texture": "#skin", "uv": [ 36.5, 51.0, 37.0, 52.5 ] },
														"west": { "texture": "#skin", "uv": [ 37.0, 51.0, 37.5, 52.5 ] },
														"up": { "texture": "#skin", "uv": [ 36.5, 50.5, 37.0, 51.0 ] },
														"down": { "texture": "#skin", "uv": [ 36.5, 52.5, 37.0, 53.0 ], "rotation": 180 }
													},
													"children": [
														{
															"name": "L Hind Hoof",
															"from": [ 0.5, 0.7, 0.5 ],
															"to": [ 0.5, 0.7, 0.5 ],
															"uv": [ 0.0, 0.0 ],
															"rotationOrigin": [ 0.5, 0.7, 0.5 ],
															"rotationZ": -3.0,
															"faces": {
															},
															"children": [
																{
																	"name": "L Hind Hoof1",
																	"from": [ -1.5, -0.3, -0.45 ],
																	"to": [ -0.3, 0.2, 0.35 ],
																	"unwrapMode": 5,
																	"uv": [ 40.0, 48.0 ],
																	"rotationOrigin": [ -0.2, 0.1, 0.3 ],
																	"rotationY": 0.5,
																	"rotationZ": 55.0,
																	"faces": {
																		"north": { "texture": "#skin", "uv": [ 40.5, 48.0, 41.5, 48.5 ], "rotation": 180 },
																		"east": { "texture": "#skin", "uv": [ 41.5, 48.5, 42.0, 49.0 ], "rotation": 90 },
																		"south": { "texture": "#skin", "uv": [ 40.5, 49.0, 41.5, 49.5 ] },
																		"west": { "texture": "#skin", "uv": [ 40.0, 48.5, 40.5, 49.0 ], "rotation": 270 },
																		"up": { "texture": "#skin", "uv": [ 40.5, 48.5, 41.5, 49.0 ] },
																		"down": { "texture": "#skin", "uv": [ 42.0, 48.5, 43.0, 49.0 ] }
																	}
																},
																{
																	"name": "L Hind Hoof2",
																	"from": [ -0.9, -0.7, -0.45 ],
																	"to": [ 0.3, -0.2, 0.35 ],
																	"unwrapMode": 5,
																	"uv": [ 41.0, 49.0 ],
																	"rotationOrigin": [ 0.2, -0.3, 0.15 ],
																	"rotationZ": 27.0,
																	"faces": {
																		"north": { "texture": "#skin", "uv": [ 41.5, 49.0, 42.5, 49.5 ], "rotation": 180 },
																		"east": { "texture": "#skin", "uv": [ 42.5, 49.5, 43.0, 50.0 ], "rotation": 90 },
																		"south": { "texture": "#skin", "uv": [ 41.5, 50.0, 42.5, 50.5 ] },
																		"west": { "texture": "#skin", "uv": [ 41.0, 49.5, 41.5, 50.0 ], "rotation": 270 },
																		"up": { "texture": "#skin", "uv": [ 41.5, 49.5, 42.5, 50.0 ] },
																		"down": { "texture": "#skin", "uv": [ 43.0, 49.5, 44.0, 50.0 ] }
																	}
																}
															]
														}
													]
												}
											]
										}
									]
								}
							]
						},
						{
							"name": "Tail",
							"from": [ 4.1, 4.7, 1.9 ],
							"to": [ 5.0, 6.3, 2.9 ],
							"unwrapMode": 2,
							"uv": [ 18.0, 47.0 ],
							"rotationOrigin": [ 5.0, 6.3, 2.4 ],
							"rotationZ": 28.0,
							"faces": {
								"north": { "texture": "#skin", "uv": [ 19.5, 47.5, 20.0, 49.0 ], "windMode": [-1,-1,-1,-1], "windData": [0,1,1,0] },
								"east": { "texture": "#skin", "uv": [ 18.5, 47.5, 19.5, 49.0 ], "windMode": [-1,-1,-1,-1], "windData": [0,1,1,0] },
								"south": { "texture": "#skin", "uv": [ 18.0, 47.5, 18.5, 49.0 ] },
								"west": { "texture": "#skin", "uv": [ 20.0, 47.5, 21.0, 49.0 ], "windMode": [-1,-1,-1,-1], "windData": [0,0,1,1] },
								"up": { "texture": "#skin", "uv": [ 18.5, 47.0, 19.5, 47.5 ], "rotation": 270, "windMode": [-1,-1,-1,-1], "windData": [1,1,1,1] },
								"down": { "texture": "#skin", "uv": [ 18.5, 49.0, 19.5, 49.5 ], "rotation": 270, "windMode": [-1,-1,-1,-1] }
							},
							"children": [
								{
									"name": "Tail2",
									"from": [ -0.1, -2.5, -0.1 ],
									"to": [ 0.9, 0.0, 1.1 ],
									"unwrapMode": 2,
									"uv": [ 17.5, 50.0 ],
									"rotationOrigin": [ 0.9, -0.1, 0.5 ],
									"rotationZ": -22.0,
									"faces": {
										"north": { "texture": "#skin", "uv": [ 19.5, 51.0, 20.5, 53.5 ] },
										"east": { "texture": "#skin", "uv": [ 18.5, 51.0, 19.5, 53.5 ] },
										"south": { "texture": "#skin", "uv": [ 17.5, 51.0, 18.5, 53.5 ] },
										"west": { "texture": "#skin", "uv": [ 20.5, 51.0, 21.5, 53.5 ] },
										"up": { "texture": "#skin", "uv": [ 18.5, 50.0, 19.5, 51.0 ], "rotation": 270, "windMode": [-1,-1,-1,-1], "windData": [1,1,1,1] },
										"down": { "texture": "#skin", "uv": [ 18.5, 53.5, 19.5, 54.5 ], "rotation": 270 }
									}
								}
							]
						},
						{
							"name": "R Haunch",
							"from": [ 1.4, -0.3, -0.7 ],
							"to": [ 4.9, 5.1, 1.1 ],
							"unwrapMode": 1,
							"uv": [ 33.5, 25.0 ],
							"rotationOrigin": [ 3.5, 3.7, 0.2 ],
							"rotationX": -3.0,
							"rotationZ": 21.0,
							"faces": {
								"north": { "texture": "#skin", "uv": [ 35.0, 26.5, 38.5, 31.5 ] },
								"east": { "texture": "#skin", "uv": [ 33.5, 26.5, 35.0, 31.5 ] },
								"south": { "texture": "#skin", "uv": [ 40.0, 26.5, 43.5, 31.5 ] },
								"west": { "texture": "#skin", "uv": [ 38.5, 26.5, 40.0, 31.5 ] },
								"up": { "texture": "#skin", "uv": [ 35.0, 25.0, 38.5, 26.5 ], "rotation": 180 },
								"down": { "texture": "#skin", "uv": [ 35.0, 31.5, 38.5, 33.0 ] }
							},
							"children": [
								{
									"name": "R LegUp",
									"from": [ 0.0, -4.5, 0.15 ],
									"to": [ 1.8, 0.0, 1.65 ],
									"unwrapMode": 1,
									"uv": [ 35.0, 34.0 ],
									"rotationOrigin": [ 0.0, 0.0, 0.9 ],
									"rotationX": -1.0,
									"rotationZ": 46.0,
									"faces": {
										"north": { "texture": "#skin", "uv": [ 36.5, 35.5, 38.0, 40.0 ] },
										"east": { "texture": "#skin", "uv": [ 35.0, 35.5, 36.5, 40.0 ] },
										"south": { "texture": "#skin", "uv": [ 39.5, 35.5, 41.0, 40.0 ] },
										"west": { "texture": "#skin", "uv": [ 38.0, 35.5, 39.5, 40.0 ] },
										"up": { "texture": "#skin", "uv": [ 36.5, 34.0, 38.0, 35.5 ], "rotation": 180 },
										"down": { "texture": "#skin", "uv": [ 36.5, 40.0, 38.0, 41.5 ] }
									},
									"children": [
										{
											"name": "R LegLow",
											"from": [ 0.7, -4.2, 0.25 ],
											"to": [ 1.8, 0.3, 1.25 ],
											"unwrapMode": 1,
											"uv": [ 35.5, 42.5 ],
											"rotationOrigin": [ 1.4, 0.3, 0.75 ],
											"rotationX": 4.0,
											"rotationZ": -56.0,
											"faces": {
												"north": { "texture": "#skin", "uv": [ 36.5, 43.5, 37.5, 48.0 ] },
												"east": { "texture": "#skin", "uv": [ 35.5, 43.5, 36.5, 48.0 ] },
												"south": { "texture": "#skin", "uv": [ 38.5, 43.5, 39.5, 48.0 ] },
												"west": { "texture": "#skin", "uv": [ 37.5, 43.5, 38.5, 48.0 ] },
												"up": { "texture": "#skin", "uv": [ 36.5, 42.5, 37.5, 43.5 ], "rotation": 180 },
												"down": { "texture": "#skin", "uv": [ 36.5, 48.0, 37.5, 49.0 ] }
											},
											"children": [
												{
													"name": "R Hind Pastern",
													"from": [ 0.1, -0.9, 0.05 ],
													"to": [ 1.0, 0.6, 0.95 ],
													"unwrapMode": 1,
													"autoUnwrap": false,
													"uv": [ 25.5, 50.33 ],
													"rotationOrigin": [ 0.6, 0.6, 0.55 ],
													"rotationZ": 29.0,
													"faces": {
														"north": { "texture": "#skin", "uv": [ 26.0, 51.0, 26.5, 52.5 ] },
														"east": { "texture": "#skin", "uv": [ 26.5, 51.0, 27.0, 52.5 ] },
														"south": { "texture": "#skin", "uv": [ 27.0, 51.0, 27.5, 52.5 ] },
														"west": { "texture": "#skin", "uv": [ 25.5, 51.0, 26.0, 52.5 ] },
														"up": { "texture": "#skin", "uv": [ 26.0, 50.5, 26.5, 51.0 ], "rotation": 180 },
														"down": { "texture": "#skin", "uv": [ 26.0, 52.5, 26.5, 53.0 ] }
													},
													"children": [
														{
															"name": "R Hind Hoof",
															"from": [ 0.5, 0.7, 0.5 ],
															"to": [ 0.5, 0.7, 0.5 ],
															"uv": [ 0.0, 0.0 ],
															"rotationOrigin": [ 0.5, 0.7, 0.5 ],
															"rotationZ": 22.0,
															"faces": {
															},
															"children": [
																{
																	"name": "R Hind Hoof1",
																	"from": [ -1.5, -0.3, -0.45 ],
																	"to": [ -0.3, 0.2, 0.35 ],
																	"unwrapMode": 5,
																	"uv": [ 40.0, 51.0 ],
																	"rotationOrigin": [ -0.2, 0.1, 0.3 ],
																	"rotationY": -0.5,
																	"rotationZ": 55.0,
																	"faces": {
																		"north": { "texture": "#skin", "uv": [ 40.5, 51.0, 41.5, 51.5 ], "rotation": 180 },
																		"east": { "texture": "#skin", "uv": [ 41.5, 51.5, 42.0, 52.0 ], "rotation": 90 },
																		"south": { "texture": "#skin", "uv": [ 40.5, 52.0, 41.5, 52.5 ] },
																		"west": { "texture": "#skin", "uv": [ 40.0, 51.5, 40.5, 52.0 ], "rotation": 270 },
																		"up": { "texture": "#skin", "uv": [ 40.5, 51.5, 41.5, 52.0 ] },
																		"down": { "texture": "#skin", "uv": [ 42.0, 51.5, 43.0, 52.0 ] }
																	}
																},
																{
																	"name": "R Hind Hoof2",
																	"from": [ -0.9, -0.7, -0.45 ],
																	"to": [ 0.3, -0.2, 0.35 ],
																	"unwrapMode": 5,
																	"uv": [ 41.0, 52.0 ],
																	"rotationOrigin": [ 0.2, -0.3, 0.15 ],
																	"rotationZ": 27.0,
																	"faces": {
																		"north": { "texture": "#skin", "uv": [ 41.5, 52.0, 42.5, 52.5 ], "rotation": 180 },
																		"east": { "texture": "#skin", "uv": [ 42.5, 52.5, 43.0, 53.0 ], "rotation": 90 },
																		"south": { "texture": "#skin", "uv": [ 41.5, 53.0, 42.5, 53.5 ] },
																		"west": { "texture": "#skin", "uv": [ 41.0, 52.5, 41.5, 53.0 ], "rotation": 270 },
																		"up": { "texture": "#skin", "uv": [ 41.5, 52.5, 42.5, 53.0 ] },
																		"down": { "texture": "#skin", "uv": [ 43.0, 52.5, 44.0, 53.0 ] }
																	}
																}
															]
														}
													]
												}
											]
										}
									]
								}
							]
						},
						{
							"name": "Midsection",
							"from": [ -5.4, 0.1, 0.1 ],
							"to": [ 0.6, 6.3, 4.7 ],
							"unwrapMode": 7,
							"unwrapRotation": 1,
							"uv": [ 0.5, 29.5 ],
							"rotationOrigin": [ 0.6, 4.6, 2.4 ],
							"rotationZ": 10.0,
							"faces": {
								"north": { "texture": "#skin", "uv": [ 11.0, 29.5, 17.0, 35.5 ], "rotation": 90 },
								"south": { "texture": "#skin", "uv": [ 0.5, 29.5, 6.5, 35.5 ], "rotation": 270 },
								"up": { "texture": "#skin", "uv": [ 6.5, 29.5, 11.0, 35.5 ], "rotation": 270 },
								"down": { "texture": "#skin", "uv": [ 17.0, 29.5, 21.5, 35.5 ], "rotation": 90 }
							},
							"children": [
								{
									"name": "Chest",
									"from": [ -3.8, -0.2, -0.1 ],
									"to": [ 1.2, 6.1, 4.7 ],
									"unwrapMode": 7,
									"unwrapRotation": 1,
									"autoUnwrap": false,
									"uv": [ 0.5, 17.5 ],
									"rotationOrigin": [ 1.3, 4.0, 2.3 ],
									"rotationZ": -5.0,
									"faces": {
										"north": { "texture": "#skin", "uv": [ 11.0, 23.5, 17.0, 28.5 ], "rotation": 90 },
										"east": { "texture": "#skin", "uv": [ 1.0, 49.0, 5.5, 55.0 ] },
										"south": { "texture": "#skin", "uv": [ 0.5, 23.5, 6.5, 28.5 ], "rotation": 270 },
										"west": { "texture": "#skin", "uv": [ 6.5, 17.5, 11.0, 23.5 ], "rotation": 180 },
										"up": { "texture": "#skin", "uv": [ 6.5, 23.5, 11.0, 28.5 ], "rotation": 270 },
										"down": { "texture": "#skin", "uv": [ 17.0, 23.5, 21.5, 28.5 ], "rotation": 90 }
									},
									"children": [
										{
											"name": "Neck",
											"from": [ -0.4, 3.5, 1.2 ],
											"to": [ 3.1, 8.1, 3.6 ],
											"unwrapMode": 2,
											"uv": [ 4.0, 8.5 ],
											"rotationOrigin": [ 2.9, 3.5, 2.4 ],
											"rotationZ": 50.0,
											"faces": {
												"north": { "texture": "#skin", "uv": [ 9.5, 12.0, 13.0, 16.5 ], "windMode": [-1,-1,-1,-1], "windData": [0,0,1,0] },
												"east": { "texture": "#skin", "uv": [ 7.5, 12.0, 9.5, 16.5 ], "windMode": [-1,-1,-1,-1], "windData": [1,0,0,1] },
												"south": { "texture": "#skin", "uv": [ 4.0, 12.0, 7.5, 16.5 ] },
												"west": { "texture": "#skin", "uv": [ 13.0, 12.0, 15.0, 16.5 ] },
												"up": { "texture": "#skin", "uv": [ 7.5, 8.5, 9.5, 12.0 ], "rotation": 270 }
											},
											"children": [
												{
													"name": "Neck2",
													"from": [ 0.0, 2.8, 0.15 ],
													"to": [ 3.2, 7.3, 2.25 ],
													"unwrapMode": 2,
													"uv": [ 4.5, 0.5 ],
													"rotationOrigin": [ 3.0, 3.3, 1.2 ],
													"rotationZ": -21.5,
													"faces": {
														"north": { "texture": "#skin", "uv": [ 9.5, 3.5, 12.5, 8.0 ], "windMode": [-1,-1,-1,-1], "windData": [1,1,1,1] },
														"east": { "texture": "#skin", "uv": [ 7.5, 3.5, 9.5, 8.0 ], "windMode": [-1,-1,-1,-1], "windData": [1,1,1,1] },
														"south": { "texture": "#skin", "uv": [ 4.5, 3.5, 7.5, 8.0 ], "windMode": [-1,-1,-1,-1], "windData": [1,1,1,1] },
														"west": { "texture": "#skin", "uv": [ 12.5, 3.5, 14.5, 8.0 ], "windMode": [-1,-1,-1,-1], "windData": [1,1,1,1] },
														"up": { "texture": "#skin", "uv": [ 7.5, 0.5, 9.5, 3.5 ], "rotation": 270, "windMode": [-1,-1,-1,-1], "windData": [1,1,1,1] }
													},
													"children": [
														{
															"name": "Head",
															"from": [ 0.7, 1.7, -0.2 ],
															"to": [ 2.6, 5.1, 2.3 ],
															"unwrapMode": 4,
															"uv": [ 15.5, 4.0 ],
															"rotationOrigin": [ 2.8, 5.0, 1.05 ],
															"rotationZ": -33.0,
															"faces": {
																"north": { "texture": "#skin", "uv": [ 15.5, 5.5, 17.0, 8.5 ] },
																"east": { "texture": "#skin", "uv": [ 21.0, 5.5, 23.5, 8.5 ] },
																"south": { "texture": "#skin", "uv": [ 19.5, 5.5, 21.0, 8.5 ] },
																"west": { "texture": "#skin", "uv": [ 17.0, 5.5, 19.5, 8.5 ] },
																"up": { "texture": "#skin", "uv": [ 17.0, 4.0, 19.5, 5.5 ], "rotation": 90 },
																"down": { "texture": "#skin", "uv": [ 17.0, 8.5, 19.5, 10.0 ], "rotation": 90 }
															},
															"children": [
																{
																	"name": "MouthUp",
																	"from": [ -2.15, 0.5, 0.5 ],
																	"to": [ 0.25, 1.2, 2.0 ],
																	"unwrapMode": 5,
																	"unwrapRotation": 1,
																	"uv": [ 17.0, 15.5 ],
																	"rotationOrigin": [ 0.0, 1.0, 1.25 ],
																	"rotationZ": 35.0,
																	"faces": {
																		"north": { "texture": "#skin", "uv": [ 17.0, 15.5, 17.5, 17.5 ], "rotation": 270 },
																		"south": { "texture": "#skin", "uv": [ 19.0, 15.5, 19.5, 17.5 ], "rotation": 90 },
																		"west": { "texture": "#skin", "uv": [ 17.5, 17.5, 19.0, 18.0 ] },
																		"up": { "texture": "#skin", "uv": [ 17.5, 15.5, 19.0, 17.5 ], "rotation": 90 },
																		"down": { "texture": "#skin", "uv": [ 19.5, 15.5, 21.0, 17.5 ], "rotation": 270 }
																	},
																	"children": [
																		{
																			"name": "Nose",
																			"from": [ 0.5, 0.0, 0.15 ],
																			"to": [ 4.2, 1.2, 1.35 ],
																			"unwrapMode": 5,
																			"unwrapRotation": 1,
																			"uv": [ 16.5, 10.5 ],
																			"rotationOrigin": [ 0.5, 0.0, 0.75 ],
																			"rotationZ": 21.0,
																			"faces": {
																				"north": { "texture": "#skin", "uv": [ 16.5, 10.5, 17.5, 14.0 ], "rotation": 270 },
																				"south": { "texture": "#skin", "uv": [ 18.5, 10.5, 19.5, 14.0 ], "rotation": 90 },
																				"west": { "texture": "#skin", "uv": [ 17.5, 14.0, 18.5, 15.0 ], "windMode": [-1,-1,-1,-1], "windData": [1,1,1,1] },
																				"up": { "texture": "#skin", "uv": [ 17.5, 10.5, 18.5, 14.0 ], "rotation": 90 }
																			},
																			"children": [
																				{
																					"name": "Snout",
																					"from": [ -0.5209, 0.49, 0.2 ],
																					"to": [ 0.3791, 1.19, 1.0 ],
																					"unwrapMode": 4,
																					"uv": [ 0.0, 1.5 ],
																					"rotationOrigin": [ 0.38, 1.1856, 0.6 ],
																					"rotationZ": -2.0,
																					"faces": {
																						"north": { "texture": "#skin", "uv": [ 0.0, 2.0, 0.5, 2.5 ], "windMode": [-1,-1,-1,-1], "windData": [1,1,1,1] },
																						"east": { "texture": "#skin", "uv": [ 1.5, 2.0, 2.0, 2.5 ], "windMode": [-1,-1,-1,-1], "windData": [1,1,1,1] },
																						"south": { "texture": "#skin", "uv": [ 1.0, 2.0, 1.5, 2.5 ], "windMode": [-1,-1,-1,-1], "windData": [1,1,1,1] },
																						"west": { "texture": "#skin", "uv": [ 0.5, 2.0, 1.0, 2.5 ], "windMode": [-1,-1,-1,-1], "windData": [1,1,1,1] },
																						"up": { "texture": "#skin", "uv": [ 0.5, 1.5, 1.0, 2.0 ], "rotation": 90, "windMode": [-1,-1,-1,-1], "windData": [1,1,1,1] },
																						"down": { "texture": "#skin", "uv": [ 0.5, 2.5, 1.0, 3.0 ], "rotation": 90, "windMode": [-1,-1,-1,-1], "windData": [1,1,1,1] }
																					}
																				}
																			]
																		},
																		{
																			"name": "Jaw",
																			"from": [ 1.3482, -0.55, 0.1 ],
																			"to": [ 2.7482, 0.35, 1.4 ],
																			"unwrapMode": 5,
																			"unwrapRotation": 1,
																			"autoUnwrap": false,
																			"uv": [ 22.0, 19.5 ],
																			"rotationOrigin": [ 2.2482, -0.05, 0.75 ],
																			"rotationZ": -13.0,
																			"faces": {
																				"north": { "texture": "#skin", "uv": [ 16.5, 19.5, 17.0, 20.5 ], "rotation": 270 },
																				"south": { "texture": "#skin", "uv": [ 20.0, 19.5, 20.5, 20.5 ], "rotation": 90 },
																				"west": { "texture": "#skin", "uv": [ 19.5, 15.5, 21.0, 16.0 ], "autoUv": false, "windMode": [-1,-1,-1,-1] },
																				"up": { "texture": "#skin", "uv": [ 19.0, 19.5, 20.0, 20.5 ], "rotation": 90 },
																				"down": { "texture": "#skin", "uv": [ 16.5, 19.5, 17.5, 20.5 ], "rotation": 270 }
																			},
																			"children": [
																				{
																					"name": "Jaw2",
																					"from": [ -1.2, 0.0, -0.01 ],
																					"to": [ 0.0, 0.5, 1.31 ],
																					"unwrapMode": 5,
																					"unwrapRotation": 1,
																					"autoUnwrap": false,
																					"uv": [ 17.0, 19.5 ],
																					"rotationOrigin": [ -0.1, 0.5, 0.7 ],
																					"rotationZ": 12.0,
																					"faces": {
																						"north": { "texture": "#skin", "uv": [ 17.0, 19.5, 17.5, 20.5 ], "rotation": 270 },
																						"south": { "texture": "#skin", "uv": [ 18.5, 19.5, 19.0, 20.5 ], "rotation": 90 },
																						"west": { "texture": "#skin", "uv": [ 17.5, 20.5, 18.5, 21.0 ] },
																						"up": { "texture": "#skin", "uv": [ 19.5, 16.5, 21.0, 17.5 ], "rotation": 90, "autoUv": false },
																						"down": { "texture": "#skin", "uv": [ 19.0, 19.5, 20.0, 20.5 ], "rotation": 270 }
																					}
																				}
																			]
																		}
																	]
																},
																{
																	"name": "R Eye",
																	"from": [ 0.19, 2.0, -0.01 ],
																	"to": [ 0.69, 2.25, 0.19 ],
																	"unwrapMode": 1,
																	"uv": [ 5.0, 10.0 ],
																	"rotationOrigin": [ 0.2, 2.0, 0.0 ],
																	"rotationZ": 20.0,
																	"faces": {
																		"north": { "texture": "#skin", "uv": [ 5.5, 10.0, 6.0, 10.5 ] },
																		"east": { "texture": "#skin", "uv": [ 5.0, 10.0, 5.5, 10.5 ], "windMode": [-1,-1,-1,-1] },
																		"west": { "texture": "#skin", "uv": [ 6.0, 10.0, 6.5, 10.5 ], "windMode": [-1,-1,-1,-1] },
																		"down": { "texture": "#skin", "uv": [ 5.5, 10.5, 6.0, 11.0 ], "windMode": [-1,-1,-1,-1] }
																	},
																	"children": [
																		{
																			"name": "R Eye2",
																			"from": [ 0.0, 0.25, 0.0 ],
																			"to": [ 0.5, 0.5, 0.2 ],
																			"unwrapMode": 1,
																			"uv": [ 5.0, 9.0 ],
																			"rotationOrigin": [ 0.01, 0.25, 0.01 ],
																			"faces": {
																				"north": { "texture": "#skin", "uv": [ 5.5, 9.5, 6.0, 10.0 ] },
																				"east": { "texture": "#skin", "uv": [ 5.0, 9.5, 5.5, 10.0 ], "windMode": [-1,-1,-1,-1] },
																				"west": { "texture": "#skin", "uv": [ 6.0, 9.5, 6.5, 10.0 ], "windMode": [-1,-1,-1,-1], "windData": [0,0,1,1] },
																				"up": { "texture": "#skin", "uv": [ 5.5, 9.0, 6.0, 9.5 ], "rotation": 180, "windMode": [-1,-1,-1,-1], "windData": [1,1,0,0] }
																			}
																		},
																		{
																			"name": "R Pupil",
																			"from": [ 0.1, 0.15, -0.01 ],
																			"to": [ 0.4, 0.35, 0.19 ],
																			"unwrapMode": 1,
																			"uv": [ 3.0, 9.5 ],
																			"rotationOrigin": [ 0.11, 0.15, -0.01 ],
																			"faces": {
																				"north": { "texture": "#skin", "uv": [ 3.5, 10.0, 4.0, 10.5 ] },
																				"east": { "texture": "#skin", "uv": [ 3.0, 10.0, 3.5, 10.5 ], "windMode": [-1,-1,-1,-1] },
																				"west": { "texture": "#skin", "uv": [ 4.0, 10.0, 4.5, 10.5 ], "windMode": [-1,-1,-1,-1], "windData": [0,0,1,1] },
																				"up": { "texture": "#skin", "uv": [ 3.5, 9.5, 4.0, 10.0 ], "rotation": 180, "windMode": [-1,-1,-1,-1], "windData": [1,1,0,0] },
																				"down": { "texture": "#skin", "uv": [ 3.5, 10.5, 4.0, 11.0 ], "windMode": [-1,-1,-1,-1] }
																			}
																		}
																	]
																},
																{
																	"name": "L Eye",
																	"from": [ 0.19, 2.0, 2.31 ],
																	"to": [ 0.69, 2.25, 2.51 ],
																	"unwrapMode": 3,
																	"uv": [ 5.0, 10.0 ],
																	"rotationOrigin": [ 0.2, 2.0, 2.3 ],
																	"rotationZ": 20.0,
																	"faces": {
																		"east": { "texture": "#skin", "uv": [ 6.0, 10.0, 6.5, 10.5 ], "windMode": [-1,-1,-1,-1] },
																		"south": { "texture": "#skin", "uv": [ 5.5, 10.0, 6.0, 10.5 ] },
																		"west": { "texture": "#skin", "uv": [ 5.0, 10.0, 5.5, 10.5 ], "windMode": [-1,-1,-1,-1] },
																		"down": { "texture": "#skin", "uv": [ 5.5, 10.5, 6.0, 11.0 ], "rotation": 180, "windMode": [-1,-1,-1,-1] }
																	},
																	"children": [
																		{
																			"name": "L Eye2",
																			"from": [ 0.0, 0.25, 0.0 ],
																			"to": [ 0.5, 0.5, 0.2 ],
																			"unwrapMode": 3,
																			"uv": [ 5.0, 9.0 ],
																			"rotationOrigin": [ 0.01, 0.25, 0.01 ],
																			"faces": {
																				"east": { "texture": "#skin", "uv": [ 6.0, 9.5, 6.5, 10.0 ], "windMode": [-1,-1,-1,-1] },
																				"south": { "texture": "#skin", "uv": [ 5.5, 9.5, 6.0, 10.0 ] },
																				"west": { "texture": "#skin", "uv": [ 5.0, 9.5, 5.5, 10.0 ], "windMode": [-1,-1,-1,-1], "windData": [0,0,1,1] },
																				"up": { "texture": "#skin", "uv": [ 5.5, 9.0, 6.0, 9.5 ], "windMode": [-1,-1,-1,-1], "windData": [1,1,0,0] }
																			}
																		},
																		{
																			"name": "L Pupil",
																			"from": [ 0.1, 0.15, 0.01 ],
																			"to": [ 0.4, 0.35, 0.21 ],
																			"unwrapMode": 3,
																			"uv": [ 3.0, 9.5 ],
																			"rotationOrigin": [ 0.11, 0.15, 0.01 ],
																			"faces": {
																				"east": { "texture": "#skin", "uv": [ 4.0, 10.0, 4.5, 10.5 ], "windMode": [-1,-1,-1,-1] },
																				"south": { "texture": "#skin", "uv": [ 3.5, 10.0, 4.0, 10.5 ] },
																				"west": { "texture": "#skin", "uv": [ 3.0, 10.0, 3.5, 10.5 ], "windMode": [-1,-1,-1,-1], "windData": [0,0,1,1] },
																				"up": { "texture": "#skin", "uv": [ 3.5, 9.5, 4.0, 10.0 ], "windMode": [-1,-1,-1,-1], "windData": [1,1,0,0] },
																				"down": { "texture": "#skin", "uv": [ 3.5, 10.5, 4.0, 11.0 ], "rotation": 180, "windMode": [-1,-1,-1,-1] }
																			}
																		}
																	]
																},
																{
																	"name": "R Ear",
																	"from": [ 1.3, 2.5, -1.1 ],
																	"to": [ 1.6, 3.5, 0.4 ],
																	"unwrapMode": 4,
																	"unwrapRotation": 1,
																	"uv": [ 20.0, 1.5 ],
																	"rotationOrigin": [ 1.5, 3.0, 0.4 ],
																	"rotationX": 45.0,
																	"rotationZ": 22.0,
																	"faces": {
																		"north": { "texture": "#skin", "uv": [ 20.5, 3.0, 21.5, 3.5 ], "rotation": 90 },
																		"east": { "texture": "#skin", "uv": [ 22.0, 1.5, 23.0, 3.0 ], "rotation": 270 },
																		"west": { "texture": "#skin", "uv": [ 20.5, 1.5, 21.5, 3.0 ], "rotation": 90 },
																		"up": { "texture": "#skin", "uv": [ 20.0, 1.5, 20.5, 3.0 ], "rotation": 180 },
																		"down": { "texture": "#skin", "uv": [ 21.5, 1.5, 22.0, 3.0 ], "rotation": 180 }
																	},
																	"children": [
																		{
																			"name": "R Ear2",
																			"from": [ 0.0, 0.3, -1.5 ],
																			"to": [ 0.3, 1.0, 0.0 ],
																			"unwrapMode": 4,
																			"unwrapRotation": 1,
																			"uv": [ 20.0, 2.5 ],
																			"rotationOrigin": [ 0.2, 1.0, 0.0 ],
																			"rotationX": -2.0,
																			"rotationZ": -2.0,
																			"faces": {
																				"north": { "texture": "#skin", "uv": [ 20.5, 4.0, 21.0, 4.5 ], "rotation": 90 },
																				"east": { "texture": "#skin", "uv": [ 21.5, 2.5, 22.0, 4.0 ], "rotation": 270 },
																				"west": { "texture": "#skin", "uv": [ 20.5, 2.5, 21.0, 4.0 ], "rotation": 90 },
																				"up": { "texture": "#skin", "uv": [ 20.0, 2.5, 20.5, 4.0 ], "rotation": 180 },
																				"down": { "texture": "#skin", "uv": [ 21.0, 2.5, 21.5, 4.0 ], "rotation": 180 }
																			}
																		},
																		{
																			"name": "R Ear3",
																			"from": [ 0.0, 0.0, 0.0 ],
																			"to": [ 0.3, 1.0, 1.0 ],
																			"unwrapMode": 4,
																			"unwrapRotation": 1,
																			"uv": [ 20.0, 1.5 ],
																			"rotationOrigin": [ 0.2, 0.0, 1.0 ],
																			"rotationX": -20.0,
																			"rotationZ": -2.0,
																			"faces": {
																				"north": { "texture": "#skin", "uv": [ 20.5, 2.5, 21.5, 3.0 ], "rotation": 90 },
																				"east": { "texture": "#skin", "uv": [ 22.0, 1.5, 23.0, 2.5 ], "rotation": 270 },
																				"west": { "texture": "#skin", "uv": [ 20.5, 1.5, 21.5, 2.5 ], "rotation": 90 },
																				"up": { "texture": "#skin", "uv": [ 20.0, 1.5, 20.5, 2.5 ], "rotation": 180 },
																				"down": { "texture": "#skin", "uv": [ 21.5, 1.5, 22.0, 2.5 ], "rotation": 180 }
																			},
																			"children": [
																				{
																					"name": "R Ear4",
																					"from": [ 0.0, 0.0, -1.6 ],
																					"to": [ 0.3, 0.7, 0.0 ],
																					"unwrapMode": 4,
																					"unwrapRotation": 1,
																					"uv": [ 20.5, 2.5 ],
																					"rotationOrigin": [ 0.0, 0.0, 0.0 ],
																					"rotationX": 42.0,
																					"rotationZ": -2.0,
																					"faces": {
																						"north": { "texture": "#skin", "uv": [ 21.0, 4.0, 21.5, 4.5 ], "rotation": 90 },
																						"east": { "texture": "#skin", "uv": [ 22.0, 2.5, 22.5, 4.0 ], "rotation": 270 },
																						"west": { "texture": "#skin", "uv": [ 21.0, 2.5, 21.5, 4.0 ], "rotation": 90 },
																						"up": { "texture": "#skin", "uv": [ 20.5, 2.5, 21.0, 4.0 ], "rotation": 180 },
																						"down": { "texture": "#skin", "uv": [ 21.5, 2.5, 22.0, 4.0 ], "rotation": 180 }
																					}
																				}
																			]
																		}
																	]
																},
																{
																	"name": "L Ear",
																	"from": [ 1.3, 2.5, 2.1 ],
																	"to": [ 1.6, 3.5, 3.6 ],
																	"unwrapMode": 4,
																	"unwrapRotation": 1,
																	"uv": [ 23.5, 2.0 ],
																	"rotationOrigin": [ 1.5, 3.0, 2.1 ],
																	"rotationX": -45.0,
																	"rotationZ": 22.0,
																	"faces": {
																		"east": { "texture": "#skin", "uv": [ 25.5, 2.5, 26.5, 4.0 ], "rotation": 270 },
																		"south": { "texture": "#skin", "uv": [ 24.0, 2.0, 25.0, 2.5 ], "rotation": 90 },
																		"west": { "texture": "#skin", "uv": [ 24.0, 2.5, 25.0, 4.0 ], "rotation": 90 },
																		"up": { "texture": "#skin", "uv": [ 23.5, 2.5, 24.0, 4.0 ], "rotation": 180 },
																		"down": { "texture": "#skin", "uv": [ 25.0, 2.5, 25.5, 4.0 ], "rotation": 180 }
																	},
																	"children": [
																		{
																			"name": "L Ear2",
																			"from": [ 0.0, 0.3, 1.5 ],
																			"to": [ 0.3, 1.0, 3.0 ],
																			"unwrapMode": 4,
																			"unwrapRotation": 1,
																			"uv": [ 23.5, 1.0 ],
																			"rotationOrigin": [ 0.0, 1.0, 1.5 ],
																			"rotationX": 2.0,
																			"rotationZ": 2.0,
																			"faces": {
																				"east": { "texture": "#skin", "uv": [ 25.0, 1.5, 25.5, 3.0 ], "rotation": 270 },
																				"south": { "texture": "#skin", "uv": [ 24.0, 1.0, 24.5, 1.5 ], "rotation": 90 },
																				"west": { "texture": "#skin", "uv": [ 24.0, 1.5, 24.5, 3.0 ], "rotation": 90 },
																				"up": { "texture": "#skin", "uv": [ 23.5, 1.5, 24.0, 3.0 ], "rotation": 180 },
																				"down": { "texture": "#skin", "uv": [ 24.5, 1.5, 25.0, 3.0 ], "rotation": 180 }
																			}
																		},
																		{
																			"name": "L Ear3",
																			"from": [ 0.0, 0.0, 0.5 ],
																			"to": [ 0.3, 1.0, 1.5 ],
																			"unwrapMode": 4,
																			"unwrapRotation": 1,
																			"uv": [ 23.5, 2.5 ],
																			"rotationOrigin": [ 0.0, 0.0, 0.5 ],
																			"rotationX": 20.0,
																			"rotationZ": -2.0,
																			"faces": {
																				"east": { "texture": "#skin", "uv": [ 25.5, 3.0, 26.5, 4.0 ], "rotation": 270 },
																				"south": { "texture": "#skin", "uv": [ 24.0, 2.5, 25.0, 3.0 ], "rotation": 90 },
																				"west": { "texture": "#skin", "uv": [ 24.0, 3.0, 25.0, 4.0 ], "rotation": 90 },
																				"up": { "texture": "#skin", "uv": [ 23.5, 3.0, 24.0, 4.0 ], "rotation": 180 },
																				"down": { "texture": "#skin", "uv": [ 25.0, 3.0, 25.5, 4.0 ], "rotation": 180 }
																			},
																			"children": [
																				{
																					"name": "L Ear4",
																					"from": [ 0.0, 0.0, 1.0 ],
																					"to": [ 0.3, 0.7, 2.6 ],
																					"unwrapMode": 4,
																					"unwrapRotation": 1,
																					"uv": [ 24.0, 1.0 ],
																					"rotationOrigin": [ 0.0, 0.0, 1.0 ],
																					"rotationX": -42.0,
																					"rotationZ": -2.0,
																					"faces": {
																						"east": { "texture": "#skin", "uv": [ 25.5, 1.5, 26.0, 3.0 ], "rotation": 270 },
																						"south": { "texture": "#skin", "uv": [ 24.5, 1.0, 25.0, 1.5 ], "rotation": 90 },
																						"west": { "texture": "#skin", "uv": [ 24.5, 1.5, 25.0, 3.0 ], "rotation": 90 },
																						"up": { "texture": "#skin", "uv": [ 24.0, 1.5, 24.5, 3.0 ], "rotation": 180 },
																						"down": { "texture": "#skin", "uv": [ 25.0, 1.5, 25.5, 3.0 ], "rotation": 180 }
																					}
																				}
																			]
																		}
																	]
																},
																{
																	"name": "Horn attachment",
																	"from": [ 0.0, 3.5, 1.25 ],
																	"to": [ 0.9, 4.4, 2.15 ],
																	"uv": [ 0.0, 0.0 ],
																	"rotationOrigin": [ 0.0, 3.5, 1.25 ],
																	"rotationZ": -22.0,
																	"faces": {
																	},
																	"children": [
																		{
																			"name": "R antler base",
																			"from": [ 0.1, -0.1, -1.2 ],
																			"to": [ 0.6, 0.9, -0.7 ],
																			"unwrapMode": 4,
																			"uv": [ 32.5, 47.0 ],
																			"rotationOrigin": [ 0.1, 0.7, -0.6 ],
																			"rotationY": -25.0,
																			"rotationZ": 25.0,
																			"faces": {
																				"north": { "texture": "#skin", "uv": [ 32.5, 47.5, 33.0, 48.5 ] },
																				"east": { "texture": "#skin", "uv": [ 34.0, 47.5, 34.5, 48.5 ] },
																				"south": { "texture": "#skin", "uv": [ 33.5, 47.5, 34.0, 48.5 ] },
																				"west": { "texture": "#skin", "uv": [ 33.0, 47.5, 33.5, 48.5 ] },
																				"up": { "texture": "#skin", "uv": [ 33.0, 47.0, 33.5, 47.5 ], "rotation": 90 }
																			},
																			"children": [
																				{
																					"name": "R antler branch 1",
																					"from": [ 0.05, 1.0, 0.05 ],
																					"to": [ 0.45, 3.5, 0.45 ],
																					"unwrapMode": 4,
																					"uv": [ 32.5, 45.0 ],
																					"rotationOrigin": [ 0.05, 1.0, 0.45 ],
																					"rotationZ": -15.0,
																					"faces": {
																						"north": { "texture": "#skin", "uv": [ 32.5, 45.5, 33.0, 48.0 ] },
																						"east": { "texture": "#skin", "uv": [ 34.0, 45.5, 34.5, 48.0 ] },
																						"south": { "texture": "#skin", "uv": [ 33.5, 45.5, 34.0, 48.0 ] },
																						"west": { "texture": "#skin", "uv": [ 33.0, 45.5, 33.5, 48.0 ] },
																						"up": { "texture": "#skin", "uv": [ 33.0, 45.0, 33.5, 45.5 ], "rotation": 90 }
																					}
																				},
																				{
																					"name": "R antler branch 2",
																					"from": [ 0.0, 0.7, 0.051 ],
																					"to": [ 0.4, 2.2, 0.451 ],
																					"unwrapMode": 4,
																					"uv": [ 32.5, 39.0 ],
																					"rotationOrigin": [ 0.0, 0.7, 0.05 ],
																					"rotationY": 1.0,
																					"rotationZ": 45.0,
																					"faces": {
																						"north": { "texture": "#skin", "uv": [ 32.5, 39.5, 33.0, 41.0 ] },
																						"east": { "texture": "#skin", "uv": [ 34.0, 39.5, 34.5, 41.0 ] },
																						"south": { "texture": "#skin", "uv": [ 33.5, 39.5, 34.0, 41.0 ] },
																						"west": { "texture": "#skin", "uv": [ 33.0, 39.5, 33.5, 41.0 ] },
																						"up": { "texture": "#skin", "uv": [ 33.0, 39.0, 33.5, 39.5 ], "rotation": 90 }
																					}
																				}
																			]
																		},
																		{
																			"name": "L antler base",
																			"from": [ 0.1, -0.1, 0.6 ],
																			"to": [ 0.6, 0.9, 1.1 ],
																			"unwrapMode": 4,
																			"uv": [ 30.5, 47.0 ],
																			"rotationOrigin": [ 0.1, 0.7, 0.6 ],
																			"rotationY": 25.0,
																			"rotationZ": 25.0,
																			"faces": {
																				"north": { "texture": "#skin", "uv": [ 30.5, 47.5, 31.0, 48.5 ] },
																				"east": { "texture": "#skin", "uv": [ 32.0, 47.5, 32.5, 48.5 ] },
																				"south": { "texture": "#skin", "uv": [ 31.5, 47.5, 32.0, 48.5 ] },
																				"west": { "texture": "#skin", "uv": [ 31.0, 47.5, 31.5, 48.5 ] },
																				"up": { "texture": "#skin", "uv": [ 31.0, 47.0, 31.5, 47.5 ], "rotation": 90, "windMode": [-1,-1,-1,-1], "windData": [1,1,1,1] }
																			},
																			"children": [
																				{
																					"name": "L antler branch 1",
																					"from": [ 0.1, 1.0, 0.05 ],
																					"to": [ 0.5, 3.5, 0.45 ],
																					"unwrapMode": 4,
																					"uv": [ 30.5, 45.0 ],
																					"rotationOrigin": [ 0.1, 1.0, 0.105 ],
																					"rotationZ": -15.0,
																					"faces": {
																						"north": { "texture": "#skin", "uv": [ 30.5, 45.5, 31.0, 48.0 ] },
																						"east": { "texture": "#skin", "uv": [ 32.0, 45.5, 32.5, 48.0 ] },
																						"south": { "texture": "#skin", "uv": [ 31.5, 45.5, 32.0, 48.0 ] },
																						"west": { "texture": "#skin", "uv": [ 31.0, 45.5, 31.5, 48.0 ] },
																						"up": { "texture": "#skin", "uv": [ 31.0, 45.0, 31.5, 45.5 ], "rotation": 90 }
																					}
																				},
																				{
																					"name": "L antlerbranch 2",
																					"from": [ 0.0, 0.7, 0.05 ],
																					"to": [ 0.4, 2.2, 0.45 ],
																					"unwrapMode": 4,
																					"uv": [ 30.5, 39.0 ],
																					"rotationOrigin": [ 0.0, 0.7, 0.05 ],
																					"rotationY": -1.0,
																					"rotationZ": 45.0,
																					"faces": {
																						"north": { "texture": "#skin", "uv": [ 30.5, 39.5, 31.0, 41.0 ] },
																						"east": { "texture": "#skin", "uv": [ 32.0, 39.5, 32.5, 41.0 ] },
																						"south": { "texture": "#skin", "uv": [ 31.5, 39.5, 32.0, 41.0 ] },
																						"west": { "texture": "#skin", "uv": [ 31.0, 39.5, 31.5, 41.0 ] },
																						"up": { "texture": "#skin", "uv": [ 31.0, 39.0, 31.5, 39.5 ], "rotation": 90 }
																					}
																				}
																			]
																		}
																	]
																}
															]
														}
													]
												}
											]
										},
										{
											"name": "L Shoulder",
											"from": [ -0.4, 0.2, 4.1 ],
											"to": [ 2.6, 5.2, 5.5 ],
											"unwrapMode": 3,
											"uv": [ 27.0, 0.5 ],
											"rotationOrigin": [ 1.3, 3.3, 5.0 ],
											"rotationX": 3.0,
											"rotationZ": -21.0,
											"faces": {
												"north": { "texture": "#skin", "uv": [ 32.0, 1.5, 35.0, 6.5 ] },
												"east": { "texture": "#skin", "uv": [ 31.0, 1.5, 32.0, 6.5 ] },
												"south": { "texture": "#skin", "uv": [ 28.0, 1.5, 31.0, 6.5 ] },
												"west": { "texture": "#skin", "uv": [ 27.0, 1.5, 28.0, 6.5 ] },
												"up": { "texture": "#skin", "uv": [ 28.0, 0.5, 31.0, 1.5 ], "windMode": [-1,-1,-1,-1] },
												"down": { "texture": "#skin", "uv": [ 28.0, 6.5, 31.0, 7.5 ], "rotation": 180 }
											},
											"children": [
												{
													"name": "L ArmUp",
													"from": [ 0.0, 0.0, -0.2 ],
													"to": [ 4.0, 2.0, 1.2 ],
													"unwrapMode": 3,
													"uv": [ 22.5, 54.5 ],
													"rotationOrigin": [ 0.0, 0.0, 0.7 ],
													"rotationZ": -13.0,
													"faces": {
														"north": { "texture": "#skin", "uv": [ 28.5, 55.5, 32.5, 57.5 ] },
														"east": { "texture": "#skin", "uv": [ 27.5, 55.5, 28.5, 57.5 ] },
														"south": { "texture": "#skin", "uv": [ 23.5, 55.5, 27.5, 57.5 ] },
														"west": { "texture": "#skin", "uv": [ 22.5, 55.5, 23.5, 57.5 ] },
														"up": { "texture": "#skin", "uv": [ 23.5, 54.5, 27.5, 55.5 ], "windMode": [-1,-1,-1,-1] },
														"down": { "texture": "#skin", "uv": [ 23.5, 57.5, 27.5, 58.5 ], "rotation": 180 }
													},
													"children": [
														{
															"name": "L ArmMid",
															"from": [ 2.5, -2.9, 0.15 ],
															"to": [ 4.0, 1.6, 1.25 ],
															"unwrapMode": 3,
															"uv": [ 27.5, 8.5 ],
															"rotationOrigin": [ 3.4, 1.3, 0.7 ],
															"rotationX": 6.0,
															"rotationZ": 3.0,
															"faces": {
																"north": { "texture": "#skin", "uv": [ 31.0, 9.5, 32.5, 14.0 ] },
																"east": { "texture": "#skin", "uv": [ 30.0, 9.5, 31.0, 14.0 ] },
																"south": { "texture": "#skin", "uv": [ 28.5, 9.5, 30.0, 14.0 ] },
																"west": { "texture": "#skin", "uv": [ 27.5, 9.5, 28.5, 14.0 ] },
																"up": { "texture": "#skin", "uv": [ 28.5, 8.5, 30.0, 9.5 ] },
																"down": { "texture": "#skin", "uv": [ 28.5, 14.0, 30.0, 15.0 ], "rotation": 180 }
															},
															"children": [
																{
																	"name": "L ArmLow",
																	"from": [ 0.2, -3.4, 0.1 ],
																	"to": [ 1.1, 0.6, 1.0 ],
																	"unwrapMode": 3,
																	"uv": [ 28.5, 16.0 ],
																	"rotationOrigin": [ 0.9, 0.3, 0.55 ],
																	"rotationX": -3.0,
																	"rotationZ": -4.0,
																	"faces": {
																		"north": { "texture": "#skin", "uv": [ 30.0, 16.5, 30.5, 20.5 ] },
																		"east": { "texture": "#skin", "uv": [ 29.5, 16.5, 30.0, 20.5 ] },
																		"south": { "texture": "#skin", "uv": [ 29.0, 16.5, 29.5, 20.5 ] },
																		"west": { "texture": "#skin", "uv": [ 28.5, 16.5, 29.0, 20.5 ] },
																		"up": { "texture": "#skin", "uv": [ 29.0, 16.0, 29.5, 16.5 ] },
																		"down": { "texture": "#skin", "uv": [ 29.0, 20.5, 29.5, 21.0 ], "rotation": 180 }
																	},
																	"children": [
																		{
																			"name": "L Front Pastern",
																			"from": [ -0.1, -1.0, 0.0 ],
																			"to": [ 0.8, 0.5, 0.9 ],
																			"unwrapMode": 3,
																			"uv": [ 28.5, 22.0 ],
																			"rotationOrigin": [ 0.3, 0.3, 0.5 ],
																			"rotationX": -1.0,
																			"rotationZ": -2.0,
																			"faces": {
																				"north": { "texture": "#skin", "uv": [ 30.0, 22.5, 30.5, 24.0 ] },
																				"east": { "texture": "#skin", "uv": [ 29.5, 22.5, 30.0, 24.0 ] },
																				"south": { "texture": "#skin", "uv": [ 29.0, 22.5, 29.5, 24.0 ] },
																				"west": { "texture": "#skin", "uv": [ 28.5, 22.5, 29.0, 24.0 ] },
																				"up": { "texture": "#skin", "uv": [ 29.0, 22.0, 29.5, 22.5 ] },
																				"down": { "texture": "#skin", "uv": [ 29.0, 24.0, 29.5, 24.5 ], "rotation": 180 }
																			},
																			"children": [
																				{
																					"name": "L Front Hoof",
																					"from": [ 0.5, 0.7, 0.5 ],
																					"to": [ 0.5, 0.7, 0.5 ],
																					"uv": [ -1.0, 0.0 ],
																					"rotationOrigin": [ 0.5, 0.7, 0.5 ],
																					"rotationZ": 9.0,
																					"faces": {
																					},
																					"children": [
																						{
																							"name": "L Front Hoof1",
																							"from": [ -1.5, -0.3, -0.45 ],
																							"to": [ -0.3, 0.2, 0.35 ],
																							"unwrapMode": 5,
																							"uv": [ 40.0, 41.0 ],
																							"rotationOrigin": [ -0.2, 0.1, 0.3 ],
																							"rotationY": 0.5,
																							"rotationZ": 55.0,
																							"faces": {
																								"north": { "texture": "#skin", "uv": [ 40.5, 41.0, 41.5, 41.5 ], "rotation": 180 },
																								"east": { "texture": "#skin", "uv": [ 41.5, 41.5, 42.0, 42.0 ], "rotation": 90 },
																								"south": { "texture": "#skin", "uv": [ 40.5, 42.0, 41.5, 42.5 ] },
																								"west": { "texture": "#skin", "uv": [ 40.0, 41.5, 40.5, 42.0 ], "rotation": 270 },
																								"up": { "texture": "#skin", "uv": [ 40.5, 41.5, 41.5, 42.0 ] },
																								"down": { "texture": "#skin", "uv": [ 42.0, 41.5, 43.0, 42.0 ] }
																							}
																						},
																						{
																							"name": "L Front Hoof2",
																							"from": [ -0.9, -0.7, -0.45 ],
																							"to": [ 0.3, -0.2, 0.35 ],
																							"unwrapMode": 5,
																							"uv": [ 41.0, 42.0 ],
																							"rotationOrigin": [ 0.2, -0.3, 0.15 ],
																							"rotationZ": 27.0,
																							"faces": {
																								"north": { "texture": "#skin", "uv": [ 41.5, 42.0, 42.5, 42.5 ], "rotation": 180 },
																								"east": { "texture": "#skin", "uv": [ 42.5, 42.5, 43.0, 43.0 ], "rotation": 90 },
																								"south": { "texture": "#skin", "uv": [ 41.5, 43.0, 42.5, 43.5 ] },
																								"west": { "texture": "#skin", "uv": [ 41.0, 42.5, 41.5, 43.0 ], "rotation": 270 },
																								"up": { "texture": "#skin", "uv": [ 41.5, 42.5, 42.5, 43.0 ] },
																								"down": { "texture": "#skin", "uv": [ 43.0, 42.5, 44.0, 43.0 ] }
																							}
																						}
																					]
																				}
																			]
																		}
																	]
																}
															]
														}
													]
												}
											]
										},
										{
											"name": "R Shoulder",
											"from": [ 0.82, 1.51, -0.5 ],
											"to": [ 3.82, 6.51, 0.9 ],
											"unwrapMode": 1,
											"uv": [ 35.5, 0.5 ],
											"rotationOrigin": [ 1.3, 4.1, 0.0 ],
											"rotationX": -3.0,
											"rotationZ": -10.0,
											"faces": {
												"north": { "texture": "#skin", "uv": [ 36.5, 1.5, 39.5, 6.5 ] },
												"east": { "texture": "#skin", "uv": [ 35.5, 1.5, 36.5, 6.5 ] },
												"south": { "texture": "#skin", "uv": [ 40.5, 1.5, 43.5, 6.5 ] },
												"west": { "texture": "#skin", "uv": [ 39.5, 1.5, 40.5, 6.5 ] },
												"up": { "texture": "#skin", "uv": [ 36.5, 0.5, 39.5, 1.5 ], "rotation": 180 },
												"down": { "texture": "#skin", "uv": [ 36.5, 6.5, 39.5, 7.5 ] }
											},
											"children": [
												{
													"name": "R ArmUp",
													"from": [ 0.2, 0.0, 0.2 ],
													"to": [ 4.2, 2.0, 1.6 ],
													"unwrapMode": 1,
													"uv": [ 33.5, 54.5 ],
													"rotationOrigin": [ 0.0, 0.0, 0.7 ],
													"rotationZ": -10.0,
													"faces": {
														"north": { "texture": "#skin", "uv": [ 34.5, 55.5, 38.5, 57.5 ] },
														"east": { "texture": "#skin", "uv": [ 33.5, 55.5, 34.5, 57.5 ] },
														"south": { "texture": "#skin", "uv": [ 39.5, 55.5, 43.5, 57.5 ] },
														"west": { "texture": "#skin", "uv": [ 38.5, 55.5, 39.5, 57.5 ] },
														"up": { "texture": "#skin", "uv": [ 34.5, 54.5, 38.5, 55.5 ], "rotation": 180 },
														"down": { "texture": "#skin", "uv": [ 34.5, 57.5, 38.5, 58.5 ] }
													},
													"children": [
														{
															"name": "R ArmMid",
															"from": [ 2.5, -3.1, 0.25 ],
															"to": [ 4.0, 1.4, 1.35 ],
															"unwrapMode": 1,
															"uv": [ 36.0, 8.5 ],
															"rotationOrigin": [ 3.4, 1.3, 0.7 ],
															"rotationZ": 25.0,
															"faces": {
																"north": { "texture": "#skin", "uv": [ 37.0, 9.5, 38.5, 14.0 ] },
																"east": { "texture": "#skin", "uv": [ 36.0, 9.5, 37.0, 14.0 ] },
																"south": { "texture": "#skin", "uv": [ 39.5, 9.5, 41.0, 14.0 ] },
																"west": { "texture": "#skin", "uv": [ 38.5, 9.5, 39.5, 14.0 ] },
																"up": { "texture": "#skin", "uv": [ 37.0, 8.5, 38.5, 9.5 ], "rotation": 180 },
																"down": { "texture": "#skin", "uv": [ 37.0, 14.0, 38.5, 15.0 ] }
															},
															"children": [
																{
																	"name": "R ArmLow",
																	"from": [ 0.2, -3.4, 0.1 ],
																	"to": [ 1.1, 0.6, 1.0 ],
																	"unwrapMode": 1,
																	"uv": [ 37.0, 16.0 ],
																	"rotationOrigin": [ 0.9, 0.3, 0.75 ],
																	"rotationX": 3.0,
																	"rotationZ": -4.0,
																	"faces": {
																		"north": { "texture": "#skin", "uv": [ 37.5, 16.5, 38.0, 20.5 ] },
																		"east": { "texture": "#skin", "uv": [ 37.0, 16.5, 37.5, 20.5 ] },
																		"south": { "texture": "#skin", "uv": [ 38.5, 16.5, 39.0, 20.5 ] },
																		"west": { "texture": "#skin", "uv": [ 38.0, 16.5, 38.5, 20.5 ] },
																		"up": { "texture": "#skin", "uv": [ 37.5, 16.0, 38.0, 16.5 ], "rotation": 180 },
																		"down": { "texture": "#skin", "uv": [ 37.5, 20.5, 38.0, 21.0 ] }
																	},
																	"children": [
																		{
																			"name": "R Front Pastern",
																			"from": [ -0.1, -1.0, 0.0 ],
																			"to": [ 0.8, 0.5, 0.9 ],
																			"unwrapMode": 1,
																			"uv": [ 37.0, 22.0 ],
																			"rotationOrigin": [ 0.3, 0.3, 0.5 ],
																			"rotationX": -1.0,
																			"rotationZ": -43.0,
																			"faces": {
																				"north": { "texture": "#skin", "uv": [ 37.5, 22.5, 38.0, 24.0 ] },
																				"east": { "texture": "#skin", "uv": [ 37.0, 22.5, 37.5, 24.0 ] },
																				"south": { "texture": "#skin", "uv": [ 38.5, 22.5, 39.0, 24.0 ] },
																				"west": { "texture": "#skin", "uv": [ 38.0, 22.5, 38.5, 24.0 ] },
																				"up": { "texture": "#skin", "uv": [ 37.5, 22.0, 38.0, 22.5 ], "rotation": 180 },
																				"down": { "texture": "#skin", "uv": [ 37.5, 24.0, 38.0, 24.5 ] }
																			},
																			"children": [
																				{
																					"name": "R Front Hoof",
																					"from": [ 0.5, 0.7, 0.5 ],
																					"to": [ 0.5, 0.7, 0.5 ],
																					"uv": [ 0.0, 0.0 ],
																					"rotationOrigin": [ 0.5, 0.7, 0.5 ],
																					"rotationZ": 9.0,
																					"faces": {
																					},
																					"children": [
																						{
																							"name": "R Front Hoof1",
																							"from": [ -1.5, -0.3, -0.45 ],
																							"to": [ -0.3, 0.2, 0.35 ],
																							"unwrapMode": 5,
																							"uv": [ 40.0, 44.0 ],
																							"rotationOrigin": [ -0.2, 0.1, 0.3 ],
																							"rotationY": -0.5,
																							"rotationZ": 55.0,
																							"faces": {
																								"north": { "texture": "#skin", "uv": [ 40.5, 44.0, 41.5, 44.5 ], "rotation": 180 },
																								"east": { "texture": "#skin", "uv": [ 41.5, 44.5, 42.0, 45.0 ], "rotation": 90 },
																								"south": { "texture": "#skin", "uv": [ 40.5, 45.0, 41.5, 45.5 ] },
																								"west": { "texture": "#skin", "uv": [ 40.0, 44.5, 40.5, 45.0 ], "rotation": 270 },
																								"up": { "texture": "#skin", "uv": [ 40.5, 44.5, 41.5, 45.0 ] },
																								"down": { "texture": "#skin", "uv": [ 42.0, 44.5, 43.0, 45.0 ] }
																							}
																						},
																						{
																							"name": "R Front Hoof2",
																							"from": [ -0.9, -0.7, -0.45 ],
																							"to": [ 0.3, -0.2, 0.35 ],
																							"unwrapMode": 5,
																							"uv": [ 41.0, 45.0 ],
																							"rotationOrigin": [ 0.2, -0.3, 0.15 ],
																							"rotationZ": 27.0,
																							"faces": {
																								"north": { "texture": "#skin", "uv": [ 41.5, 45.0, 42.5, 45.5 ], "rotation": 180 },
																								"east": { "texture": "#skin", "uv": [ 42.5, 45.5, 43.0, 46.0 ], "rotation": 90 },
																								"south": { "texture": "#skin", "uv": [ 41.5, 46.0, 42.5, 46.5 ] },
																								"west": { "texture": "#skin", "uv": [ 41.0, 45.5, 41.5, 46.0 ], "rotation": 270 },
																								"up": { "texture": "#skin", "uv": [ 41.5, 45.5, 42.5, 46.0 ] },
																								"down": { "texture": "#skin", "uv": [ 43.0, 45.5, 44.0, 46.0 ] }
																							}
																						}
																					]
																				}
																			]
																		}
																	]
																}
															]
														}
													]
												}
											]
										}
									],
									"attachmentpoints": [
										{
											"code": "Center",
											"posX": "7.0","posY": "2.5","posZ": "5.0",
											"rotationX": "0.0","rotationY": "0.0","rotationZ": "0.0"
										}
									]
								}
							]
						}
					]
				}
			]
		}
	]}