{
	"editor": {
		"allAngles": true,
		"entityTextureMode": false
	},
	"textureWidth": 16,
	"textureHeight": 16,
	"textureSizes": {
	},
	"textures": {
		"dyerspolypore": "mycodiversity:block/plant/mushroom/dyerspolypore/dyerspolypore"
	},
	"elements": [
		{
			"name": "origin",
			"from": [ 6.0, -1.0, 11.0 ],
			"to": [ 6.0, -1.0, 11.0 ],
			"rotationOrigin": [ 6.0, -1.0, 11.0 ],
			"rotationY": 144.0,
			"faces": {
			},
			"children": [
				{
					"name": "bigNW",
					"from": [ -5.0, 0.0, -3.0 ],
					"to": [ 0.0, 0.6, 2.0 ],
					"rotationOrigin": [ 0.0, 0.0, 2.0 ],
					"rotationX": 14.0,
					"rotationY": -58.0,
					"rotationZ": -11.0,
					"faces": {
						"north": { "texture": "#dyerspolypore", "uv": [ 4.5, 7.5, 9.5, 8.0 ] },
						"east": { "texture": "#dyerspolypore", "uv": [ 5.0, 6.5, 10.0, 7.0 ] },
						"south": { "texture": "#dyerspolypore", "uv": [ 3.0, 6.0, 8.0, 6.5 ] },
						"west": { "texture": "#dyerspolypore", "uv": [ 10.0, 7.5, 15.0, 8.0 ] },
						"up": { "texture": "#dyerspolypore", "uv": [ 11.0, 3.0, 16.0, 8.0 ], "rotation": 180 },
						"down": { "texture": "#dyerspolypore", "uv": [ 10.5, 10.5, 15.5, 15.5 ], "rotation": 270 }
					}
				},
				{
					"name": "bigSE",
					"from": [ 0.0, 0.0, 0.0 ],
					"to": [ 5.0, 0.6, 5.0 ],
					"rotationOrigin": [ 0.0, 0.0, 0.0 ],
					"rotationX": -10.0,
					"rotationZ": 8.0,
					"faces": {
						"north": { "texture": "#dyerspolypore", "uv": [ 4.5, 6.5, 9.5, 7.0 ] },
						"east": { "texture": "#dyerspolypore", "uv": [ 2.5, 7.5, 7.5, 8.0 ] },
						"south": { "texture": "#dyerspolypore", "uv": [ 8.5, 7.5, 13.5, 8.0 ] },
						"west": { "texture": "#dyerspolypore", "uv": [ 6.5, 6.0, 11.5, 6.5 ] },
						"up": { "texture": "#dyerspolypore", "uv": [ 11.0, 3.0, 16.0, 8.0 ] },
						"down": { "texture": "#dyerspolypore", "uv": [ 11.0, 11.0, 16.0, 16.0 ], "rotation": 90 }
					}
				},
				{
					"name": "bigSW",
					"from": [ -4.0, 0.0, -1.0 ],
					"to": [ 1.0, 0.6, 4.0 ],
					"rotationOrigin": [ 1.0, 0.0, -1.0 ],
					"rotationZ": -19.0,
					"faces": {
						"north": { "texture": "#dyerspolypore", "uv": [ 3.0, 6.0, 8.0, 6.5 ] },
						"east": { "texture": "#dyerspolypore", "uv": [ 5.0, 6.5, 10.0, 7.0 ] },
						"south": { "texture": "#dyerspolypore", "uv": [ 9.0, 7.5, 14.0, 8.0 ] },
						"west": { "texture": "#dyerspolypore", "uv": [ 10.0, 7.5, 15.0, 8.0 ] },
						"up": { "texture": "#dyerspolypore", "uv": [ 0.0, 3.0, 5.0, 8.0 ] },
						"down": { "texture": "#dyerspolypore", "uv": [ 10.5, 10.5, 15.5, 15.5 ] }
					}
				},
				{
					"name": "medSE",
					"from": [ 0.0, 0.7, 0.0 ],
					"to": [ 4.0, 1.3, 4.0 ],
					"rotationOrigin": [ 0.0, 0.7, 0.0 ],
					"rotationX": -11.0,
					"rotationY": 36.0,
					"rotationZ": 19.0,
					"faces": {
						"north": { "texture": "#dyerspolypore", "uv": [ 5.5, 6.5, 9.5, 7.0 ] },
						"east": { "texture": "#dyerspolypore", "uv": [ 9.5, 7.5, 13.5, 8.0 ] },
						"south": { "texture": "#dyerspolypore", "uv": [ 3.5, 7.5, 7.5, 8.0 ] },
						"west": { "texture": "#dyerspolypore", "uv": [ 4.5, 6.0, 8.5, 6.5 ] },
						"up": { "texture": "#dyerspolypore", "uv": [ 12.0, 4.0, 16.0, 8.0 ] },
						"down": { "texture": "#dyerspolypore", "uv": [ 0.0, 11.5, 4.0, 15.5 ] }
					}
				},
				{
					"name": "medSW",
					"from": [ -4.0, 1.0, 0.0 ],
					"to": [ 0.0, 1.6, 4.0 ],
					"rotationOrigin": [ 0.0, 1.0, 0.0 ],
					"rotationX": -11.0,
					"rotationY": 36.0,
					"rotationZ": -17.0,
					"faces": {
						"north": { "texture": "#dyerspolypore", "uv": [ 3.0, 6.0, 7.0, 6.5 ] },
						"east": { "texture": "#dyerspolypore", "uv": [ 5.0, 6.5, 9.0, 7.0 ] },
						"south": { "texture": "#dyerspolypore", "uv": [ 9.0, 7.5, 13.0, 8.0 ] },
						"west": { "texture": "#dyerspolypore", "uv": [ 10.0, 7.5, 14.0, 8.0 ] },
						"up": { "texture": "#dyerspolypore", "uv": [ 0.0, 4.0, 4.0, 8.0 ] },
						"down": { "texture": "#dyerspolypore", "uv": [ 10.5, 10.5, 14.5, 14.5 ] }
					}
				},
				{
					"name": "medSW2",
					"from": [ -3.4, 1.6, -0.1 ],
					"to": [ 0.1, 2.2, 3.4 ],
					"rotationOrigin": [ 0.1, 1.6, -0.1 ],
					"rotationX": -25.0,
					"rotationZ": -19.0,
					"faces": {
						"north": { "texture": "#dyerspolypore", "uv": [ 3.0, 6.0, 6.5, 6.5 ] },
						"east": { "texture": "#dyerspolypore", "uv": [ 5.0, 6.5, 8.5, 7.0 ] },
						"south": { "texture": "#dyerspolypore", "uv": [ 9.0, 7.5, 12.5, 8.0 ] },
						"west": { "texture": "#dyerspolypore", "uv": [ 10.0, 7.5, 13.5, 8.0 ] },
						"up": { "texture": "#dyerspolypore", "uv": [ 0.0, 4.5, 3.5, 8.0 ] },
						"down": { "texture": "#dyerspolypore", "uv": [ 12.5, 12.5, 16.0, 16.0 ] }
					}
				},
				{
					"name": "medSE2",
					"from": [ 0.0, 1.5, 0.0 ],
					"to": [ 3.5, 2.1, 3.5 ],
					"rotationOrigin": [ 0.0, 1.5, 0.0 ],
					"rotationX": -22.0,
					"rotationZ": 17.0,
					"faces": {
						"north": { "texture": "#dyerspolypore", "uv": [ 5.5, 6.5, 9.0, 7.0 ] },
						"east": { "texture": "#dyerspolypore", "uv": [ 9.5, 7.5, 13.0, 8.0 ] },
						"south": { "texture": "#dyerspolypore", "uv": [ 3.5, 7.5, 7.0, 8.0 ] },
						"west": { "texture": "#dyerspolypore", "uv": [ 4.5, 6.0, 8.0, 6.5 ] },
						"up": { "texture": "#dyerspolypore", "uv": [ 12.5, 4.5, 16.0, 8.0 ] },
						"down": { "texture": "#dyerspolypore", "uv": [ 0.0, 12.5, 3.5, 16.0 ] }
					}
				},
				{
					"name": "medNW2",
					"from": [ -3.4, 1.5, -3.4 ],
					"to": [ 0.1, 2.1, 0.1 ],
					"rotationOrigin": [ 0.1, 1.5, 0.1 ],
					"rotationX": 17.0,
					"rotationZ": -22.0,
					"faces": {
						"north": { "texture": "#dyerspolypore", "uv": [ 5.0, 7.5, 8.5, 8.0 ] },
						"east": { "texture": "#dyerspolypore", "uv": [ 4.5, 6.5, 8.0, 7.0 ] },
						"south": { "texture": "#dyerspolypore", "uv": [ 4.5, 6.5, 8.0, 7.0 ] },
						"west": { "texture": "#dyerspolypore", "uv": [ 11.5, 7.5, 15.0, 8.0 ] },
						"up": { "texture": "#dyerspolypore", "uv": [ 12.5, 4.5, 16.0, 8.0 ], "rotation": 180 },
						"down": { "texture": "#dyerspolypore", "uv": [ 0.5, 12.0, 4.0, 15.5 ], "rotation": 180 }
					}
				},
				{
					"name": "smallNE",
					"from": [ 0.5, 1.7, -2.2 ],
					"to": [ 3.0, 2.3, 0.3 ],
					"rotationOrigin": [ 0.5, 1.7, 0.3 ],
					"rotationX": 17.0,
					"rotationY": -14.0,
					"rotationZ": 22.0,
					"faces": {
						"north": { "texture": "#dyerspolypore", "uv": [ 8.0, 7.5, 10.5, 8.0 ] },
						"east": { "texture": "#dyerspolypore", "uv": [ 7.0, 7.5, 9.5, 8.0 ] },
						"south": { "texture": "#dyerspolypore", "uv": [ 5.0, 6.0, 7.5, 6.5 ] },
						"west": { "texture": "#dyerspolypore", "uv": [ 4.5, 6.0, 7.0, 6.5 ] },
						"up": { "texture": "#dyerspolypore", "uv": [ 0.0, 5.5, 2.5, 8.0 ], "rotation": 180 },
						"down": { "texture": "#dyerspolypore", "uv": [ 0.0, 13.5, 2.5, 16.0 ], "rotation": 90 }
					}
				},
				{
					"name": "smallNW",
					"from": [ -2.1, 2.0, -2.1 ],
					"to": [ 0.4, 2.6, 0.4 ],
					"rotationOrigin": [ 0.4, 2.0, 0.4 ],
					"rotationX": 14.0,
					"rotationY": -14.0,
					"rotationZ": -6.0,
					"faces": {
						"north": { "texture": "#dyerspolypore", "uv": [ 5.0, 7.5, 7.5, 8.0 ] },
						"east": { "texture": "#dyerspolypore", "uv": [ 4.5, 6.5, 7.0, 7.0 ] },
						"south": { "texture": "#dyerspolypore", "uv": [ 4.5, 6.5, 7.0, 7.0 ] },
						"west": { "texture": "#dyerspolypore", "uv": [ 11.5, 7.5, 14.0, 8.0 ] },
						"up": { "texture": "#dyerspolypore", "uv": [ 13.5, 5.5, 16.0, 8.0 ], "rotation": 180 },
						"down": { "texture": "#dyerspolypore", "uv": [ 0.5, 13.0, 3.0, 15.5 ], "rotation": 180 }
					}
				}
			]
		}
	]}