{
	"editor": {
		"collapsedPaths": ",Root/Body/BootEdge,Root/Body,Root/Origin/Body/Neck1",
		"allAngles": true,
		"entityTextureMode": true
	},
	"textureWidth": 44,
	"textureHeight": 72,
	"textureSizes": {
		"yak-darkbrown": [44,72]
	},
	"textures": {

	},
	"elements": [
		{
			"name": "Origin",
			"from": [ 8.5, 0.0, 7.2 ],
			"to": [ 11.5, 3.0, 10.2 ],
			"uv": [ 0.0, 0.0 ],
			"rotationOrigin": [ 8.5, 0.0, 8.7 ],
			"faces": {
			},
			"children": [
				{
					"name": "Body",
					"from": [ 0.5625, 9.1875, -4.0875 ],
					"to": [ 9.0, 20.4375, 4.7625 ],
					"unwrapRotation": 1,
					"autoUnwrap": false,
					"uv": [ -0.12, 49.4167 ],
					"rotationOrigin": [ 13.215, 9.2063, 1.02 ],
					"rotationZ": -3.0,
					"faces": {
						"north": { "texture": "#yak-darkbrown", "uv": [ 0.0, 58.0, 8.0, 69.0 ] },
						"east": { "texture": "#yak-darkbrown", "uv": [ 8.0, 58.0, 19.0, 66.5 ], "rotation": 90, "windMode": [-1,-1,-1,-1] },
						"south": { "texture": "#yak-darkbrown", "uv": [ 18.0, 58.0, 26.0, 69.0 ] },
						"west": { "texture": "#yak-darkbrown", "uv": [ 26.0, 58.0, 34.5, 69.0 ], "windMode": [-1,-1,-1,-1] },
						"up": { "texture": "#yak-darkbrown", "uv": [ 10.5, 61.5, 18.5, 70.0 ], "rotation": 180 },
						"down": { "texture": "#yak-darkbrown", "uv": [ 11.0, 55.0, 19.5, 63.0 ], "rotation": 270 }
					},
					"children": [
						{
							"name": "BootEdge",
							"from": [ 5.88, 3.58, 0.0375 ],
							"to": [ 10.38, 11.5488, 9.0375 ],
							"unwrapMode": 2,
							"uv": [ 7.38, 53.92 ],
							"rotationOrigin": [ 8.7813, 3.5813, 5.1844 ],
							"rotationZ": 11.0,
							"faces": {
								"north": { "texture": "#yak-darkbrown", "uv": [ 21.0, 58.5, 25.5, 66.0 ] },
								"east": { "texture": "#yak-darkbrown", "uv": [ 12.0, 58.5, 21.0, 66.0 ], "windMode": [-1,-1,-1,-1] },
								"south": { "texture": "#yak-darkbrown", "uv": [ 7.5, 58.5, 12.0, 66.0 ] },
								"up": { "texture": "#yak-darkbrown", "uv": [ 12.0, 54.0, 21.0, 58.5 ], "rotation": 270 }
							},
							"children": [
								{
									"name": "Fur_edge3",
									"from": [ -4.86, -6.33, -0.1856 ],
									"to": [ 4.2619, 1.2169, 9.2119 ],
									"renderPass": 3,
									"unwrapMode": 2,
									"autoUnwrap": false,
									"uv": [ -0.12, 28.2533 ],
									"rotationOrigin": [ 7.7969, -6.3281, 5.9344 ],
									"rotationZ": -3.0,
									"faces": {
										"north": { "texture": "#yak-darkbrown", "uv": [ 5.0, 38.5, 14.0, 46.0 ], "windMode": [1,-1,-1,1], "windData": [0,1,1,0] },
										"east": { "texture": "#yak-darkbrown", "uv": [ 10.5, 38.5, 19.5, 46.0 ], "windMode": [1,-1,-1,1], "windData": [0,1,1,0] },
										"south": { "texture": "#yak-darkbrown", "uv": [ 0.0, 38.5, 9.0, 46.0 ], "windMode": [1,1,-1,-1], "windData": [0,0,1,1] },
										"west": { "texture": "#yak-darkbrown", "uv": [ 10.5, 38.5, 19.5, 46.0 ], "windMode": [-1,-1,-1,-1] },
										"up": { "texture": "#yak-darkbrown", "uv": [ 19.0, 54.0, 28.0, 63.0 ], "rotation": 270 }
									}
								},
								{
									"name": "tail",
									"from": [ 3.37, 3.1197, 2.69 ],
									"to": [ 7.4201, 5.8197, 6.065 ],
									"unwrapMode": 1,
									"unwrapRotation": 1,
									"uv": [ 19.5, 54.0 ],
									"rotationOrigin": [ 3.6402, 4.4697, 5.9781 ],
									"rotationZ": -58.0,
									"faces": {
										"north": { "texture": "#yak-darkbrown", "uv": [ 24.0, 54.0, 28.875, 59.25 ], "rotation": 90, "autoUv": false },
										"east": { "texture": "#yak-darkbrown", "uv": [ 24.0, 59.0, 28.875, 65.5 ], "rotation": 90, "autoUv": false },
										"south": { "texture": "#yak-darkbrown", "uv": [ 34.5, 54.0, 39.375, 59.25 ], "rotation": 270, "autoUv": false },
										"up": { "texture": "#yak-darkbrown", "uv": [ 19.5, 54.0, 24.0, 59.25 ], "rotation": 270, "autoUv": false },
										"down": { "texture": "#yak-darkbrown", "uv": [ 28.5, 54.0, 34.5, 59.25 ], "rotation": 90, "autoUv": false }
									},
									"children": [
										{
											"name": "tail33",
											"from": [ 3.2063, 0.2813, 0.1406 ],
											"to": [ 8.8313, 2.8125, 3.2344 ],
											"renderPass": 3,
											"unwrapMode": 1,
											"unwrapRotation": 1,
											"autoUnwrap": false,
											"uv": [ 0.0, 32.0 ],
											"rotationOrigin": [ 3.2063, 1.6312, 2.0813 ],
											"rotationZ": -25.0,
											"faces": {
												"north": { "texture": "#yak-darkbrown", "uv": [ 5.5, 37.5, 8.5, 45.0 ], "rotation": 90, "autoUv": false, "windMode": [-1,-1,-1,-1], "windData": [1,1,0,0] },
												"south": { "texture": "#yak-darkbrown", "uv": [ 15.5, 37.5, 18.5, 45.0 ], "rotation": 270, "autoUv": false, "windMode": [-1,-1,-1,-1], "windData": [1,0,0,1] },
												"west": { "texture": "#yak-darkbrown", "uv": [ 20.5, 34.0, 23.5, 38.0 ], "rotation": 90, "autoUv": false },
												"up": { "texture": "#yak-darkbrown", "uv": [ 0.0, 37.5, 4.0, 45.0 ], "rotation": 270, "autoUv": false, "windMode": [-1,-1,-1,-1], "windData": [1,1,0,0] },
												"down": { "texture": "#yak-darkbrown", "uv": [ 10.0, 37.5, 14.0, 45.0 ], "rotation": 90, "autoUv": false }
											}
										}
									]
								}
							]
						},
						{
							"name": "Fur_edge4",
							"from": [ -5.205, -5.9062, 0.0225 ],
							"to": [ 7.4513, 4.6406, 9.1725 ],
							"renderPass": 3,
							"unwrapMode": 2,
							"autoUnwrap": false,
							"uv": [ -0.12, 16.75 ],
							"rotationOrigin": [ 7.4531, -5.9062, 5.7235 ],
							"rotationZ": 3.0,
							"faces": {
								"north": { "texture": "#yak-darkbrown", "uv": [ 0.0, 34.5, 12.5, 45.0 ], "windMode": [1,-1,-1,1], "windData": [0,1,1,0] },
								"east": { "texture": "#yak-darkbrown", "uv": [ 1.5, 34.5, 10.5, 45.0 ], "windMode": [-1,-1,-1,-1] },
								"south": { "texture": "#yak-darkbrown", "uv": [ 0.0, 34.5, 12.5, 45.0 ], "windMode": [1,1,-1,-1], "windData": [0,0,1,1] },
								"west": { "texture": "#yak-darkbrown", "uv": [ 3.5, 34.5, 12.5, 45.0 ], "windMode": [1,1,-1,-1], "windData": [0,0,1,1] },
								"up": { "texture": "#yak-darkbrown", "uv": [ 13.5, 54.0, 22.5, 66.5 ], "rotation": 270, "windMode": [-1,-1,-1,-1] }
							}
						},
						{
							"name": "Fur_edge7",
							"from": [ -12.93, -3.66, 0.2325 ],
							"to": [ -4.93, 3.8869, 9.2325 ],
							"renderPass": 3,
							"unwrapMode": 2,
							"autoUnwrap": false,
							"uv": [ -0.12, 26.2533 ],
							"rotationOrigin": [ -12.9925, -3.6562, 6.3562 ],
							"rotationZ": -3.0,
							"faces": {
								"north": { "texture": "#yak-darkbrown", "uv": [ 0.5, 37.5, 8.5, 45.0 ], "windMode": [1,-1,-1,1], "windData": [0,1,1,0] },
								"east": { "texture": "#yak-darkbrown", "uv": [ 0.0, 37.5, 9.0, 45.0 ], "windMode": [-1,-1,-1,-1] },
								"south": { "texture": "#yak-darkbrown", "uv": [ 0.0, 37.5, 8.0, 45.0 ], "windMode": [1,1,-1,-1], "windData": [0,0,1,1] },
								"west": { "texture": "#yak-darkbrown", "uv": [ 0.0, 37.5, 9.0, 45.0 ], "windMode": [1,1,-1,-1], "windData": [0,0,1,1] },
								"up": { "texture": "#yak-darkbrown", "uv": [ 31.5, 54.0, 40.5, 62.0 ], "rotation": 270 }
							}
						},
						{
							"name": "R back leg",
							"from": [ -1.755, -2.1375, 0.375 ],
							"to": [ 3.3075, 4.8, 3.75 ],
							"uv": [ -0.5, 0.0 ],
							"rotationOrigin": [ 1.8422, 10.4612, 3.9525 ],
							"rotationX": -3.0,
							"rotationZ": 18.0,
							"faces": {
								"north": { "texture": "#yak-darkbrown", "uv": [ 0.0, 6.5, 4.875, 12.125 ], "autoUv": false },
								"east": { "texture": "#yak-darkbrown", "uv": [ 6.5, 6.5, 10.25, 12.125 ], "autoUv": false },
								"south": { "texture": "#yak-darkbrown", "uv": [ 11.5, 6.5, 16.375, 12.125 ], "autoUv": false },
								"west": { "texture": "#yak-darkbrown", "uv": [ 18.0, 6.5, 21.75, 12.125 ], "autoUv": false },
								"up": { "texture": "#yak-darkbrown", "uv": [ 0.0, 0.0, 4.875, 3.75 ], "autoUv": false, "windMode": [-1,-1,-1,-1], "windData": [0,0,1,1] },
								"down": { "texture": "#yak-darkbrown", "uv": [ 6.5, 0.0, 10.25, 4.875 ], "rotation": 90, "autoUv": false, "windMode": [-1,-1,-1,-1] }
							},
							"children": [
								{
									"name": "R front leg2",
									"from": [ 0.0, 0.9, -0.0939 ],
									"to": [ 4.275, 7.2, 2.1561 ],
									"uv": [ 0.0, 0.0 ],
									"rotationOrigin": [ 0.0, 5.7075, 1.6911 ],
									"rotationX": -0.0446,
									"rotationY": -0.1505,
									"rotationZ": -15.0042,
									"faces": {
										"north": { "texture": "#yak-darkbrown", "uv": [ 0.0, 4.5, 2.625, 8.625 ], "autoUv": false },
										"east": { "texture": "#yak-darkbrown", "uv": [ 3.5, 4.5, 6.875, 8.625 ], "autoUv": false },
										"south": { "texture": "#yak-darkbrown", "uv": [ 8.0, 4.5, 10.625, 8.625 ], "autoUv": false },
										"west": { "texture": "#yak-darkbrown", "uv": [ 11.5, 4.5, 14.875, 8.625 ], "autoUv": false },
										"up": { "texture": "#yak-darkbrown", "uv": [ 0.0, 0.0, 2.625, 3.375 ], "autoUv": false, "windMode": [-1,-1,-1,-1] },
										"down": { "texture": "#yak-darkbrown", "uv": [ 3.5, 0.0, 6.875, 2.625 ], "rotation": 90, "autoUv": false }
									},
									"children": [
										{
											"name": "TopLeg4",
											"from": [ 1.3125, -3.795, 0.3 ],
											"to": [ 3.5625, 0.705, 1.9125 ],
											"uv": [ 0.0, 0.0 ],
											"rotationOrigin": [ 0.678, -3.7992, 0.3 ],
											"rotationY": -1.0E-4,
											"rotationZ": 6.0,
											"faces": {
												"north": { "texture": "#yak-darkbrown", "uv": [ 0.0, 2.0, 2.25, 6.5 ] },
												"east": { "texture": "#yak-darkbrown", "uv": [ 3.0, 2.0, 4.5, 6.5 ] },
												"south": { "texture": "#yak-darkbrown", "uv": [ 5.0, 2.0, 7.25, 6.5 ] },
												"west": { "texture": "#yak-darkbrown", "uv": [ 8.0, 2.0, 9.5, 6.5 ] },
												"up": { "texture": "#yak-darkbrown", "uv": [ 0.0, 0.0, 2.25, 1.5 ] },
												"down": { "texture": "#yak-darkbrown", "uv": [ 3.0, 0.0, 5.25, 1.5 ] }
											},
											"children": [
												{
													"name": "L front foot4",
													"from": [ 0.15, -3.12, 0.0669 ],
													"to": [ 1.875, 0.255, 1.5669 ],
													"unwrapMode": 3,
													"uv": [ 0.0, 0.0 ],
													"rotationOrigin": [ 0.75, -0.0814, 0.4719 ],
													"rotationX": 6.0,
													"faces": {
														"north": { "texture": "#yak-darkbrown", "uv": [ 6.0, 2.0, 7.5, 5.375 ] },
														"east": { "texture": "#yak-darkbrown", "uv": [ 4.0, 2.0, 5.5, 5.375 ] },
														"south": { "texture": "#yak-darkbrown", "uv": [ 2.0, 2.0, 3.5, 5.375 ] },
														"west": { "texture": "#yak-darkbrown", "uv": [ 0.0, 2.0, 1.5, 5.375 ] },
														"up": { "texture": "#yak-darkbrown", "uv": [ 2.0, 0.0, 3.5, 1.5 ] },
														"down": { "texture": "#yak-darkbrown", "uv": [ 2.0, 6.5, 3.5, 8.0 ], "rotation": 180 }
													},
													"children": [
														{
															"name": "Cube8",
															"from": [ -0.15, -0.75, -0.075 ],
															"to": [ 1.35, 0.0, 1.6125 ],
															"uv": [ 25.5, 7.0 ],
															"rotationOrigin": [ -0.15, -0.75, -0.075 ],
															"faces": {
																"north": { "texture": "#yak-darkbrown", "uv": [ 25.5, 9.0, 27.0, 9.75 ] },
																"east": { "texture": "#yak-darkbrown", "uv": [ 27.5, 9.0, 29.0, 9.75 ] },
																"south": { "texture": "#yak-darkbrown", "uv": [ 29.5, 9.0, 31.0, 9.75 ] },
																"west": { "texture": "#yak-darkbrown", "uv": [ 31.5, 9.0, 33.0, 9.75 ] },
																"up": { "texture": "#yak-darkbrown", "uv": [ 25.5, 7.0, 27.0, 8.5 ] },
																"down": { "texture": "#yak-darkbrown", "uv": [ 27.5, 7.0, 29.0, 8.5 ] }
															},
															"children": [
																{
																	"name": "Cube9",
																	"from": [ 0.225, 0.15, 0.0375 ],
																	"to": [ 1.725, 0.9, 1.65 ],
																	"uv": [ 25.5, 7.0 ],
																	"rotationOrigin": [ 0.225, 0.15, 0.0 ],
																	"rotationZ": 22.0,
																	"faces": {
																		"north": { "texture": "#yak-darkbrown", "uv": [ 25.5, 9.0, 27.0, 9.75 ] },
																		"east": { "texture": "#yak-darkbrown", "uv": [ 27.5, 9.0, 29.0, 9.75 ] },
																		"south": { "texture": "#yak-darkbrown", "uv": [ 29.5, 9.0, 31.0, 9.75 ] },
																		"west": { "texture": "#yak-darkbrown", "uv": [ 31.5, 9.0, 33.0, 9.75 ] },
																		"up": { "texture": "#yak-darkbrown", "uv": [ 25.5, 7.0, 27.0, 8.5 ] },
																		"down": { "texture": "#yak-darkbrown", "uv": [ 27.5, 7.0, 29.0, 8.5 ] }
																	}
																}
															]
														}
													]
												}
											]
										}
									]
								}
							]
						},
						{
							"name": "L back leg",
							"from": [ -1.755, -1.9125, 5.4375 ],
							"to": [ 3.3075, 5.025, 8.8125 ],
							"uv": [ 0.0, 0.0 ],
							"rotationOrigin": [ 1.8422, 10.6862, -1.215 ],
							"rotationX": 3.0,
							"rotationZ": 18.0,
							"faces": {
								"north": { "texture": "#yak-darkbrown", "uv": [ 0.0, 6.5, 4.875, 13.25 ] },
								"east": { "texture": "#yak-darkbrown", "uv": [ 6.5, 6.5, 9.875, 13.25 ] },
								"south": { "texture": "#yak-darkbrown", "uv": [ 11.0, 6.5, 15.875, 13.25 ] },
								"west": { "texture": "#yak-darkbrown", "uv": [ 17.5, 6.5, 20.875, 13.25 ] },
								"up": { "texture": "#yak-darkbrown", "uv": [ 0.0, 0.0, 4.875, 3.375 ], "windMode": [-1,-1,-1,-1], "windData": [0,0,1,1] },
								"down": { "texture": "#yak-darkbrown", "uv": [ 6.5, 0.0, 9.5, 5.0 ], "rotation": 90, "windMode": [-1,-1,-1,-1] }
							},
							"children": [
								{
									"name": "L front leg2",
									"from": [ 0.0, 0.75, 0.75 ],
									"to": [ 4.275, 6.0, 2.8125 ],
									"uv": [ 0.0, 0.0 ],
									"rotationOrigin": [ 0.0, 6.24, 3.4865 ],
									"rotationX": 0.0446,
									"rotationY": 0.1505,
									"rotationZ": -15.0042,
									"faces": {
										"north": { "texture": "#yak-darkbrown", "uv": [ 0.0, 4.5, 2.625, 8.625 ], "autoUv": false },
										"east": { "texture": "#yak-darkbrown", "uv": [ 3.5, 4.5, 6.875, 8.625 ], "autoUv": false },
										"south": { "texture": "#yak-darkbrown", "uv": [ 8.0, 4.5, 10.625, 8.625 ], "autoUv": false },
										"west": { "texture": "#yak-darkbrown", "uv": [ 11.5, 4.5, 14.875, 8.625 ], "autoUv": false },
										"up": { "texture": "#yak-darkbrown", "uv": [ 0.0, 0.0, 2.625, 3.375 ], "rotation": 180, "autoUv": false, "windMode": [-1,-1,-1,-1] },
										"down": { "texture": "#yak-darkbrown", "uv": [ 3.5, 0.0, 6.125, 3.375 ], "autoUv": false }
									},
									"children": [
										{
											"name": "TopLeg3",
											"from": [ 1.3125, -3.6375, 0.2325 ],
											"to": [ 3.5625, 0.8625, 1.845 ],
											"uv": [ 0.0, 0.0 ],
											"rotationOrigin": [ 1.755, -3.6398, 0.6456 ],
											"rotationZ": 6.0,
											"faces": {
												"north": { "texture": "#yak-darkbrown", "uv": [ 0.0, 2.0, 2.25, 6.5 ] },
												"east": { "texture": "#yak-darkbrown", "uv": [ 3.0, 2.0, 4.5, 6.5 ] },
												"south": { "texture": "#yak-darkbrown", "uv": [ 5.0, 2.0, 7.25, 6.5 ] },
												"west": { "texture": "#yak-darkbrown", "uv": [ 8.0, 2.0, 9.5, 6.5 ] },
												"up": { "texture": "#yak-darkbrown", "uv": [ 0.0, 0.0, 2.25, 1.5 ] },
												"down": { "texture": "#yak-darkbrown", "uv": [ 3.0, 0.0, 5.25, 1.5 ] }
											},
											"children": [
												{
													"name": "L front foot3",
													"from": [ 0.15, -3.12, 0.0669 ],
													"to": [ 1.875, 0.255, 1.5669 ],
													"unwrapMode": 3,
													"uv": [ 0.0, 0.0 ],
													"rotationOrigin": [ 0.75, -0.0814, 0.4719 ],
													"rotationX": -3.0,
													"faces": {
														"north": { "texture": "#yak-darkbrown", "uv": [ 6.0, 2.0, 7.5, 5.375 ] },
														"east": { "texture": "#yak-darkbrown", "uv": [ 4.0, 2.0, 5.5, 5.375 ] },
														"south": { "texture": "#yak-darkbrown", "uv": [ 2.0, 2.0, 3.5, 5.375 ] },
														"west": { "texture": "#yak-darkbrown", "uv": [ 0.0, 2.0, 1.5, 5.375 ] },
														"up": { "texture": "#yak-darkbrown", "uv": [ 2.0, 0.0, 3.5, 1.5 ] },
														"down": { "texture": "#yak-darkbrown", "uv": [ 2.0, 6.5, 3.5, 8.0 ], "rotation": 180 }
													},
													"children": [
														{
															"name": "Cube6",
															"from": [ -0.15, -0.75, -0.075 ],
															"to": [ 1.35, 0.0, 1.6125 ],
															"uv": [ 25.5, 7.0 ],
															"rotationOrigin": [ -0.15, -0.75, -0.075 ],
															"faces": {
																"north": { "texture": "#yak-darkbrown", "uv": [ 25.5, 9.0, 27.0, 9.75 ] },
																"east": { "texture": "#yak-darkbrown", "uv": [ 27.5, 9.0, 29.0, 9.75 ] },
																"south": { "texture": "#yak-darkbrown", "uv": [ 29.5, 9.0, 31.0, 9.75 ] },
																"west": { "texture": "#yak-darkbrown", "uv": [ 31.5, 9.0, 33.0, 9.75 ] },
																"up": { "texture": "#yak-darkbrown", "uv": [ 25.5, 7.0, 27.0, 8.5 ] },
																"down": { "texture": "#yak-darkbrown", "uv": [ 27.5, 7.0, 29.0, 8.5 ] }
															},
															"children": [
																{
																	"name": "Cube7",
																	"from": [ 0.225, 0.15, 0.0375 ],
																	"to": [ 1.725, 0.9, 1.65 ],
																	"uv": [ 25.5, 7.0 ],
																	"rotationOrigin": [ 0.225, 0.15, 0.0 ],
																	"rotationZ": 22.0,
																	"faces": {
																		"north": { "texture": "#yak-darkbrown", "uv": [ 25.5, 9.0, 27.0, 9.75 ] },
																		"east": { "texture": "#yak-darkbrown", "uv": [ 27.5, 9.0, 29.0, 9.75 ] },
																		"south": { "texture": "#yak-darkbrown", "uv": [ 29.5, 9.0, 31.0, 9.75 ] },
																		"west": { "texture": "#yak-darkbrown", "uv": [ 31.5, 9.0, 33.0, 9.75 ] },
																		"up": { "texture": "#yak-darkbrown", "uv": [ 25.5, 7.0, 27.0, 8.5 ] },
																		"down": { "texture": "#yak-darkbrown", "uv": [ 27.5, 7.0, 29.0, 8.5 ] }
																	}
																}
															]
														}
													]
												}
											]
										}
									]
								}
							]
						},
						{
							"name": "Frontbody",
							"from": [ -12.4, -0.21, -0.075 ],
							"to": [ -3.4, 9.6649, 9.075 ],
							"autoUnwrap": false,
							"uv": [ 0.5, 45.5 ],
							"rotationOrigin": [ -12.4042, -0.2128, -0.4641 ],
							"rotationZ": 3.0,
							"faces": {
								"north": { "texture": "#yak-darkbrown", "uv": [ 0.5, 56.0, 9.5, 65.5 ] },
								"east": { "texture": "#yak-darkbrown", "uv": [ 10.0, 56.0, 19.0, 65.5 ] },
								"south": { "texture": "#yak-darkbrown", "uv": [ 22.5, 56.0, 31.5, 65.5 ] },
								"west": { "texture": "#yak-darkbrown", "uv": [ 31.5, 56.0, 40.5, 65.5 ] },
								"up": { "texture": "#yak-darkbrown", "uv": [ 0.5, 54.0, 9.5, 63.0 ], "rotation": 180 },
								"down": { "texture": "#yak-darkbrown", "uv": [ 10.0, 54.0, 19.0, 63.0 ] }
							},
							"children": [
								{
									"name": "Chunk1",
									"from": [ 1.04, 8.74, 0.3 ],
									"to": [ 7.5963, 15.9228, 8.7375 ],
									"unwrapMode": 4,
									"autoUnwrap": false,
									"uv": [ -0.12, 14.42 ],
									"rotationOrigin": [ 13.686, 8.748, 8.4 ],
									"rotationZ": 22.0,
									"faces": {
										"north": { "texture": "#yak-darkbrown", "uv": [ 1.5, 54.0, 8.0, 61.0 ] },
										"east": { "texture": "#yak-darkbrown", "uv": [ 32.0, 62.5, 40.0, 69.5 ], "windMode": [-1,-1,-1,-1] },
										"south": { "texture": "#yak-darkbrown", "uv": [ 13.5, 54.0, 20.0, 61.0 ] },
										"west": { "texture": "#yak-darkbrown", "uv": [ 5.0, 60.0, 13.0, 67.0 ], "windMode": [-1,-1,-1,-1] },
										"up": { "texture": "#yak-darkbrown", "uv": [ 10.5, 54.0, 18.5, 60.5 ], "rotation": 90 }
									}
								},
								{
									"name": "Chunk2",
									"from": [ 2.6, 0.22, 0.225 ],
									"to": [ 13.1625, 10.4029, 8.85 ],
									"unwrapMode": 1,
									"autoUnwrap": false,
									"uv": [ -0.12, 43.42 ],
									"rotationOrigin": [ 15.2647, 0.223, 6.4993 ],
									"rotationZ": -14.0,
									"faces": {
										"north": { "texture": "#yak-darkbrown", "uv": [ 12.0, 55.5, 22.5, 65.5 ] },
										"east": { "texture": "#yak-darkbrown", "uv": [ 0.0, 55.5, 8.5, 65.5 ], "windMode": [-1,-1,-1,-1] },
										"south": { "texture": "#yak-darkbrown", "uv": [ 11.5, 54.5, 22.0, 64.5 ] },
										"west": { "texture": "#yak-darkbrown", "uv": [ 27.5, 55.5, 36.0, 65.5 ], "windMode": [-1,-1,-1,-1] },
										"up": { "texture": "#yak-darkbrown", "uv": [ 0.0, 54.0, 10.5, 62.5 ], "windMode": [-1,-1,-1,-1], "windData": [1,1,1,1] }
									}
								},
								{
									"name": "L front leg",
									"from": [ 3.0, -3.0, 6.3 ],
									"to": [ 7.275, 3.3, 8.55 ],
									"uv": [ 0.0, 0.0 ],
									"rotationOrigin": [ 5.2778, 2.9925, 8.2125 ],
									"rotationX": 3.0,
									"faces": {
										"north": { "texture": "#yak-darkbrown", "uv": [ 0.0, 4.5, 2.625, 8.625 ], "autoUv": false },
										"east": { "texture": "#yak-darkbrown", "uv": [ 3.5, 4.5, 6.875, 8.625 ], "autoUv": false },
										"south": { "texture": "#yak-darkbrown", "uv": [ 8.0, 4.5, 10.625, 8.625 ], "autoUv": false },
										"west": { "texture": "#yak-darkbrown", "uv": [ 11.5, 4.5, 14.875, 8.625 ], "autoUv": false },
										"up": { "texture": "#yak-darkbrown", "uv": [ 0.0, 0.0, 2.625, 3.375 ], "rotation": 180, "autoUv": false, "windMode": [-1,-1,-1,-1] },
										"down": { "texture": "#yak-darkbrown", "uv": [ 3.5, 0.0, 6.125, 3.375 ], "autoUv": false }
									},
									"children": [
										{
											"name": "TopLeg1",
											"from": [ 1.3125, -3.6375, 0.2625 ],
											"to": [ 3.5625, 0.8625, 1.875 ],
											"uv": [ 0.0, 0.0 ],
											"rotationOrigin": [ 1.755, -3.6398, 0.6456 ],
											"rotationZ": 6.0,
											"faces": {
												"north": { "texture": "#yak-darkbrown", "uv": [ 0.0, 2.0, 2.25, 6.5 ] },
												"east": { "texture": "#yak-darkbrown", "uv": [ 3.0, 2.0, 4.5, 6.5 ] },
												"south": { "texture": "#yak-darkbrown", "uv": [ 5.0, 2.0, 7.25, 6.5 ] },
												"west": { "texture": "#yak-darkbrown", "uv": [ 8.0, 2.0, 9.5, 6.5 ] },
												"up": { "texture": "#yak-darkbrown", "uv": [ 0.0, 0.0, 2.25, 1.5 ] },
												"down": { "texture": "#yak-darkbrown", "uv": [ 3.0, 0.0, 5.25, 1.5 ] }
											},
											"children": [
												{
													"name": "L front foot",
													"from": [ 0.15, -3.12, 0.0669 ],
													"to": [ 1.875, 0.255, 1.5669 ],
													"unwrapMode": 3,
													"uv": [ 0.0, 0.0 ],
													"rotationOrigin": [ 0.75, -0.0814, 0.4719 ],
													"rotationX": -3.0,
													"faces": {
														"north": { "texture": "#yak-darkbrown", "uv": [ 6.0, 2.0, 7.5, 5.375 ] },
														"east": { "texture": "#yak-darkbrown", "uv": [ 4.0, 2.0, 5.5, 5.375 ] },
														"south": { "texture": "#yak-darkbrown", "uv": [ 2.0, 2.0, 3.5, 5.375 ] },
														"west": { "texture": "#yak-darkbrown", "uv": [ 0.0, 2.0, 1.5, 5.375 ] },
														"up": { "texture": "#yak-darkbrown", "uv": [ 2.0, 0.0, 3.5, 1.5 ] },
														"down": { "texture": "#yak-darkbrown", "uv": [ 2.0, 6.5, 3.5, 8.0 ], "rotation": 180 }
													},
													"children": [
														{
															"name": "Cube2",
															"from": [ -0.15, -0.75, -0.075 ],
															"to": [ 1.35, 0.0, 1.6125 ],
															"uv": [ 25.5, 7.0 ],
															"rotationOrigin": [ -0.15, -0.75, -0.075 ],
															"faces": {
																"north": { "texture": "#yak-darkbrown", "uv": [ 25.5, 9.0, 27.0, 9.75 ] },
																"east": { "texture": "#yak-darkbrown", "uv": [ 27.5, 9.0, 29.0, 9.75 ] },
																"south": { "texture": "#yak-darkbrown", "uv": [ 29.5, 9.0, 31.0, 9.75 ] },
																"west": { "texture": "#yak-darkbrown", "uv": [ 31.5, 9.0, 33.0, 9.75 ] },
																"up": { "texture": "#yak-darkbrown", "uv": [ 25.5, 7.0, 27.0, 8.5 ] },
																"down": { "texture": "#yak-darkbrown", "uv": [ 27.5, 7.0, 29.0, 8.5 ] }
															},
															"children": [
																{
																	"name": "Cube3",
																	"from": [ 0.225, 0.15, 0.0375 ],
																	"to": [ 1.725, 0.9, 1.65 ],
																	"uv": [ 25.5, 7.0 ],
																	"rotationOrigin": [ 0.225, 0.15, 0.0 ],
																	"rotationZ": 22.0,
																	"faces": {
																		"north": { "texture": "#yak-darkbrown", "uv": [ 25.5, 9.0, 27.0, 9.75 ] },
																		"east": { "texture": "#yak-darkbrown", "uv": [ 27.5, 9.0, 29.0, 9.75 ] },
																		"south": { "texture": "#yak-darkbrown", "uv": [ 29.5, 9.0, 31.0, 9.75 ] },
																		"west": { "texture": "#yak-darkbrown", "uv": [ 31.5, 9.0, 33.0, 9.75 ] },
																		"up": { "texture": "#yak-darkbrown", "uv": [ 25.5, 7.0, 27.0, 8.5 ] },
																		"down": { "texture": "#yak-darkbrown", "uv": [ 27.5, 7.0, 29.0, 8.5 ] }
																	}
																}
															]
														}
													]
												}
											]
										}
									]
								},
								{
									"name": "R front leg",
									"from": [ 3.0, -3.0, 0.4875 ],
									"to": [ 7.275, 3.3, 2.7375 ],
									"uv": [ 0.0, 0.0 ],
									"rotationOrigin": [ 6.0278, 3.5175, 2.4375 ],
									"rotationX": -3.0,
									"faces": {
										"north": { "texture": "#yak-darkbrown", "uv": [ 0.0, 4.5, 2.625, 8.625 ], "autoUv": false },
										"east": { "texture": "#yak-darkbrown", "uv": [ 3.5, 4.5, 6.875, 8.625 ], "autoUv": false },
										"south": { "texture": "#yak-darkbrown", "uv": [ 8.0, 4.5, 10.625, 8.625 ], "autoUv": false },
										"west": { "texture": "#yak-darkbrown", "uv": [ 11.5, 4.5, 14.875, 8.625 ], "autoUv": false },
										"up": { "texture": "#yak-darkbrown", "uv": [ 0.0, 0.0, 2.625, 3.375 ], "autoUv": false, "windMode": [-1,-1,-1,-1] },
										"down": { "texture": "#yak-darkbrown", "uv": [ 3.5, 0.0, 6.875, 2.625 ], "rotation": 90, "autoUv": false }
									},
									"children": [
										{
											"name": "TopLeg2",
											"from": [ 1.3125, -3.795, 0.3375 ],
											"to": [ 3.5625, 0.705, 1.95 ],
											"uv": [ 0.0, 0.0 ],
											"rotationOrigin": [ 0.678, -3.7992, 0.375 ],
											"rotationY": -1.0E-4,
											"rotationZ": 6.0,
											"faces": {
												"north": { "texture": "#yak-darkbrown", "uv": [ 0.0, 2.0, 2.25, 6.5 ] },
												"east": { "texture": "#yak-darkbrown", "uv": [ 3.0, 2.0, 4.5, 6.5 ] },
												"south": { "texture": "#yak-darkbrown", "uv": [ 5.0, 2.0, 7.25, 6.5 ] },
												"west": { "texture": "#yak-darkbrown", "uv": [ 8.0, 2.0, 9.5, 6.5 ] },
												"up": { "texture": "#yak-darkbrown", "uv": [ 0.0, 0.0, 2.25, 1.5 ] },
												"down": { "texture": "#yak-darkbrown", "uv": [ 3.0, 0.0, 5.25, 1.5 ] }
											},
											"children": [
												{
													"name": "R front foot",
													"from": [ 0.15, -3.12, 0.0669 ],
													"to": [ 1.875, 0.255, 1.5669 ],
													"unwrapMode": 3,
													"uv": [ 0.0, 0.0 ],
													"rotationOrigin": [ 0.75, -0.0814, 0.4719 ],
													"rotationX": 3.0,
													"faces": {
														"north": { "texture": "#yak-darkbrown", "uv": [ 6.0, 2.0, 7.5, 5.375 ] },
														"east": { "texture": "#yak-darkbrown", "uv": [ 4.0, 2.0, 5.5, 5.375 ] },
														"south": { "texture": "#yak-darkbrown", "uv": [ 2.0, 2.0, 3.5, 5.375 ] },
														"west": { "texture": "#yak-darkbrown", "uv": [ 0.0, 2.0, 1.5, 5.375 ] },
														"up": { "texture": "#yak-darkbrown", "uv": [ 2.0, 0.0, 3.5, 1.5 ] },
														"down": { "texture": "#yak-darkbrown", "uv": [ 2.0, 6.5, 3.5, 8.0 ], "rotation": 180 }
													},
													"children": [
														{
															"name": "Cube4",
															"from": [ -0.15, -0.75, -0.075 ],
															"to": [ 1.35, 0.0, 1.6125 ],
															"uv": [ 25.5, 7.0 ],
															"rotationOrigin": [ -0.15, -0.75, -0.075 ],
															"faces": {
																"north": { "texture": "#yak-darkbrown", "uv": [ 25.5, 9.0, 27.0, 9.75 ] },
																"east": { "texture": "#yak-darkbrown", "uv": [ 27.5, 9.0, 29.0, 9.75 ] },
																"south": { "texture": "#yak-darkbrown", "uv": [ 29.5, 9.0, 31.0, 9.75 ] },
																"west": { "texture": "#yak-darkbrown", "uv": [ 31.5, 9.0, 33.0, 9.75 ] },
																"up": { "texture": "#yak-darkbrown", "uv": [ 25.5, 7.0, 27.0, 8.5 ] },
																"down": { "texture": "#yak-darkbrown", "uv": [ 27.5, 7.0, 29.0, 8.5 ] }
															},
															"children": [
																{
																	"name": "Cube5",
																	"from": [ 0.225, 0.15, 0.0375 ],
																	"to": [ 1.725, 0.9, 1.65 ],
																	"uv": [ 25.5, 7.0 ],
																	"rotationOrigin": [ 0.225, 0.15, 0.0 ],
																	"rotationZ": 22.0,
																	"faces": {
																		"north": { "texture": "#yak-darkbrown", "uv": [ 25.5, 9.0, 27.0, 9.75 ] },
																		"east": { "texture": "#yak-darkbrown", "uv": [ 27.5, 9.0, 29.0, 9.75 ] },
																		"south": { "texture": "#yak-darkbrown", "uv": [ 29.5, 9.0, 31.0, 9.75 ] },
																		"west": { "texture": "#yak-darkbrown", "uv": [ 31.5, 9.0, 33.0, 9.75 ] },
																		"up": { "texture": "#yak-darkbrown", "uv": [ 25.5, 7.0, 27.0, 8.5 ] },
																		"down": { "texture": "#yak-darkbrown", "uv": [ 27.5, 7.0, 29.0, 8.5 ] }
																	}
																}
															]
														}
													]
												}
											]
										}
									]
								},
								{
									"name": "Tummy",
									"from": [ 9.0, 0.0, 0.0 ],
									"to": [ 15.0, 9.875, 9.15 ],
									"autoUnwrap": false,
									"uv": [ 0.0, 45.0 ],
									"rotationOrigin": [ 9.0, 0.0, 0.075 ],
									"faces": {
										"north": { "texture": "#yak-darkbrown", "uv": [ 0.0, 57.5, 6.0, 67.0 ] },
										"east": { "texture": "#yak-darkbrown", "uv": [ 8.0, 57.5, 17.0, 67.0 ] },
										"south": { "texture": "#yak-darkbrown", "uv": [ 20.5, 57.5, 26.5, 67.0 ] },
										"west": { "texture": "#yak-darkbrown", "uv": [ 28.5, 57.5, 37.5, 67.0 ] },
										"up": { "texture": "#yak-darkbrown", "uv": [ 0.5, 54.0, 6.5, 63.0 ] },
										"down": { "texture": "#yak-darkbrown", "uv": [ 8.5, 54.0, 14.5, 63.0 ] }
									}
								},
								{
									"name": "Neck1",
									"from": [ -2.92, 6.2, 2.625 ],
									"to": [ 6.5722, 11.4031, 7.125 ],
									"autoUnwrap": false,
									"uv": [ -0.25, 54.0 ],
									"rotationOrigin": [ -2.8068, 6.2027, 5.43 ],
									"rotationZ": -42.0,
									"faces": {
										"north": { "texture": "#yak-darkbrown", "uv": [ 0.0, 60.0, 9.0, 65.0 ] },
										"east": { "texture": "#yak-darkbrown", "uv": [ 12.5, 60.0, 17.0, 65.0 ] },
										"south": { "texture": "#yak-darkbrown", "uv": [ 18.5, 60.0, 27.5, 65.0 ] },
										"west": { "texture": "#yak-darkbrown", "uv": [ 31.0, 60.0, 35.5, 65.0 ] },
										"up": { "texture": "#yak-darkbrown", "uv": [ 0.0, 54.0, 9.0, 58.5 ] },
										"down": { "texture": "#yak-darkbrown", "uv": [ 12.5, 54.0, 21.5, 58.5 ] }
									},
									"children": [
										{
											"name": "Neck2",
											"from": [ -0.84, 3.32, -0.63 ],
											"to": [ 5.4061, 8.0661, 5.1778 ],
											"uv": [ 13.0, 53.83 ],
											"rotationOrigin": [ 5.4844, 3.3204, 2.5571 ],
											"rotationZ": 33.0,
											"faces": {
												"north": { "texture": "#yak-darkbrown", "uv": [ 13.0, 59.5, 19.0, 64.0 ] },
												"east": { "texture": "#yak-darkbrown", "uv": [ 19.0, 59.5, 24.5, 64.0 ] },
												"south": { "texture": "#yak-darkbrown", "uv": [ 24.5, 59.5, 30.5, 64.0 ] },
												"west": { "texture": "#yak-darkbrown", "uv": [ 30.5, 59.5, 36.0, 64.0 ] },
												"up": { "texture": "#yak-darkbrown", "uv": [ 13.0, 54.0, 19.0, 59.5 ], "rotation": 180 },
												"down": { "texture": "#yak-darkbrown", "uv": [ 19.0, 54.0, 25.0, 59.5 ] }
											},
											"children": [
												{
													"name": "Head",
													"from": [ -3.2906, -0.7696, 0.7875 ],
													"to": [ 1.4555, 3.9764, 4.9125 ],
													"unwrapMode": 4,
													"autoUnwrap": false,
													"uv": [ 19.0, 42.0 ],
													"rotationOrigin": [ -0.4746, 0.0, 3.5051 ],
													"rotationZ": 3.0,
													"faces": {
														"north": { "texture": "#yak-darkbrown", "uv": [ 21.5, 48.5, 26.0, 53.0 ], "windMode": [-1,-1,-1,-1] },
														"east": { "texture": "#yak-darkbrown", "uv": [ 36.5, 48.0, 40.5, 52.5 ] },
														"south": { "texture": "#yak-darkbrown", "uv": [ 30.0, 48.5, 34.5, 53.0 ] },
														"west": { "texture": "#yak-darkbrown", "uv": [ 26.0, 48.5, 30.0, 53.0 ] },
														"up": { "texture": "#yak-darkbrown", "uv": [ 25.0, 42.0, 29.0, 46.5 ], "rotation": 90 },
														"down": { "texture": "#yak-darkbrown", "uv": [ 25.0, 54.0, 29.0, 58.5 ], "rotation": 90 }
													},
													"children": [
														{
															"name": "Ear",
															"from": [ 2.1094, 2.8477, -0.1582 ],
															"to": [ 4.166, 4.1133, 0.3164 ],
															"uv": [ 24.0, 32.5 ],
															"rotationOrigin": [ 2.0567, 2.8477, 0.3164 ],
															"rotationY": 66.0,
															"faces": {
																"north": { "texture": "#yak-darkbrown", "uv": [ 24.0, 33.0, 25.875, 34.125 ] },
																"east": { "texture": "#yak-darkbrown", "uv": [ 26.5, 33.0, 26.875, 34.125 ] },
																"south": { "texture": "#yak-darkbrown", "uv": [ 27.0, 33.0, 28.875, 34.125 ] },
																"west": { "texture": "#yak-darkbrown", "uv": [ 29.5, 33.0, 29.875, 34.125 ] },
																"up": { "texture": "#yak-darkbrown", "uv": [ 24.0, 32.5, 25.875, 32.875 ] },
																"down": { "texture": "#yak-darkbrown", "uv": [ 26.5, 32.5, 28.375, 32.875 ] }
															}
														},
														{
															"name": "Ear2",
															"from": [ 2.1094, 2.8477, 3.9825 ],
															"to": [ 4.166, 4.1133, 4.4571 ],
															"uv": [ 24.0, 32.5 ],
															"rotationOrigin": [ 2.2254, 2.8477, 3.9797 ],
															"rotationY": -66.0,
															"faces": {
																"north": { "texture": "#yak-darkbrown", "uv": [ 24.0, 33.0, 25.875, 34.125 ] },
																"east": { "texture": "#yak-darkbrown", "uv": [ 26.5, 33.0, 26.875, 34.125 ] },
																"south": { "texture": "#yak-darkbrown", "uv": [ 27.0, 33.0, 28.875, 34.125 ] },
																"west": { "texture": "#yak-darkbrown", "uv": [ 29.5, 33.0, 29.875, 34.125 ] },
																"up": { "texture": "#yak-darkbrown", "uv": [ 24.0, 32.5, 25.875, 32.875 ] },
																"down": { "texture": "#yak-darkbrown", "uv": [ 26.5, 32.5, 28.375, 32.875 ] }
															}
														},
														{
															"name": "HeadHair",
															"from": [ -0.3638, 1.875, -0.165 ],
															"to": [ 4.6987, 4.875, 4.1475 ],
															"unwrapMode": 4,
															"autoUnwrap": false,
															"uv": [ 0.38, 17.25 ],
															"rotationOrigin": [ -0.3638, 1.8071, 2.2898 ],
															"rotationZ": 6.0,
															"faces": {
																"north": { "texture": "#yak-darkbrown", "uv": [ 0.5, 22.5, 5.5, 25.5 ] },
																"east": { "texture": "#yak-darkbrown", "uv": [ 14.5, 22.5, 18.5, 25.5 ], "windMode": [-1,-1,-1,-1] },
																"south": { "texture": "#yak-darkbrown", "uv": [ 9.5, 22.5, 14.5, 25.5 ] },
																"west": { "texture": "#yak-darkbrown", "uv": [ 5.5, 22.5, 9.5, 25.5 ], "windMode": [-1,-1,-1,-1] },
																"up": { "texture": "#yak-darkbrown", "uv": [ 20.0, 18.5, 24.0, 23.5 ], "rotation": 90 }
															}
														},
														{
															"name": "Jaw",
															"from": [ -1.8148, 0.345, 0.5025 ],
															"to": [ 2.9312, 1.9271, 3.4978 ],
															"uv": [ 26.5, 18.4967 ],
															"rotationOrigin": [ 0.9982, 1.1174, 3.4303 ],
															"rotationZ": 42.0,
															"faces": {
																"north": { "texture": "#yak-darkbrown", "uv": [ 26.5, 22.0, 30.625, 23.125 ], "autoUv": false, "windMode": [-1,-1,-1,-1] },
																"east": { "texture": "#yak-darkbrown", "uv": [ 32.0, 22.0, 33.125, 24.625 ], "rotation": 90, "autoUv": false },
																"south": { "texture": "#yak-darkbrown", "uv": [ 33.5, 22.0, 37.625, 23.125 ], "rotation": 180, "autoUv": false },
																"west": { "texture": "#yak-darkbrown", "uv": [ 39.0, 22.0, 40.125, 24.625 ], "rotation": 270, "autoUv": false },
																"up": { "texture": "#yak-darkbrown", "uv": [ 26.5, 18.5, 30.625, 21.125 ], "autoUv": false },
																"down": { "texture": "#yak-darkbrown", "uv": [ 32.0, 18.5, 36.125, 21.125 ], "autoUv": false }
															}
														},
														{
															"name": "Snout",
															"from": [ -2.715, 0.7875, 0.4125 ],
															"to": [ 1.785, 2.5688, 3.5625 ],
															"unwrapMode": 3,
															"unwrapRotation": 1,
															"autoUnwrap": false,
															"uv": [ 27.5, 33.0 ],
															"rotationOrigin": [ 0.1005, 1.5603, 3.2721 ],
															"rotationZ": 36.0,
															"faces": {
																"north": { "texture": "#yak-darkbrown", "uv": [ 37.5, 37.0, 39.0, 41.5 ], "rotation": 270, "windMode": [-1,-1,-1,-1] },
																"east": { "texture": "#yak-darkbrown", "uv": [ 31.5, 33.0, 33.0, 36.0 ], "rotation": 90 },
																"south": { "texture": "#yak-darkbrown", "uv": [ 31.5, 37.0, 33.0, 41.5 ], "rotation": 90 },
																"west": { "texture": "#yak-darkbrown", "uv": [ 31.5, 43.5, 33.0, 46.5 ], "rotation": 90 },
																"up": { "texture": "#yak-darkbrown", "uv": [ 27.5, 37.0, 30.5, 41.5 ], "rotation": 90 },
																"down": { "texture": "#yak-darkbrown", "uv": [ 33.5, 37.0, 36.5, 41.5 ], "rotation": 270 }
															}
														},
														{
															"name": "Pupil1",
															"from": [ 0.93, 2.2, -0.015 ],
															"to": [ 1.43, 2.58, -0.015 ],
															"uv": [ 22.5, 31.5 ],
															"rotationOrigin": [ 0.925, 2.2, 0.0 ],
															"faces": {
																"north": { "texture": "#yak-darkbrown", "uv": [ 22.5, 31.5, 23.0, 32.0 ], "windMode": [-1,-1,-1,-1], "windData": [1,1,1,1] }
															}
														},
														{
															"name": "Pupil2",
															"from": [ 0.43, 2.2, 4.155 ],
															"to": [ 0.93, 2.575, 4.155 ],
															"uv": [ 22.5, 32.0 ],
															"rotationOrigin": [ 0.425, 2.2, 4.2 ],
															"faces": {
																"south": { "texture": "#yak-darkbrown", "uv": [ 22.5, 32.0, 23.0, 32.5 ], "windMode": [-1,-1,-1,-1], "windData": [1,1,1,1] }
															}
														}
													]
												}
											]
										}
									]
								}
							]
						}
					]
				}
			],
			"attachmentpoints": [
				{
					"code": "Center",
					"posX": "0.0","posY": "0.0","posZ": "0.0",
					"rotationX": "0.0","rotationY": "0.0","rotationZ": "0.0"
				}
			]
		}
	],
	"animations": [
		{
			"name": "Walk",
			"code": "walk",
			"quantityframes": 90,
			"onActivityStopped": "Rewind",
			"onAnimationEnd": "Repeat",
			"keyframes": [
				{
					"frame": 0,
					"elements": {
						"Body": { "offsetX": 0.0, "offsetY": -0.75, "offsetZ": 0.0, "rotationX": -2.0, "rotationY": -1.0, "rotationZ": -2.0 },
						"R front leg": { "offsetX": 0.0, "offsetY": 0.0, "offsetZ": 0.0, "rotationX": 2.0, "rotationY": 0.0, "rotationZ": 8.0 },
						"L front leg": { "offsetX": -0.5625, "offsetY": -0.5625, "offsetZ": 0.0, "rotationX": 0.0, "rotationY": 1.0, "rotationZ": -33.0 },
						"L front foot": { "offsetX": 0.0, "offsetY": 0.0, "offsetZ": 0.0, "rotationX": 0.0, "rotationY": 0.0, "rotationZ": 39.0 },
						"R back leg": { "offsetX": -1.125, "offsetY": 1.125, "offsetZ": 0.0, "rotationX": 2.0, "rotationY": 0.0, "rotationZ": 11.0 },
						"L back leg": { "offsetX": 0.0, "offsetY": 0.0, "offsetZ": 0.0, "rotationX": 0.0, "rotationY": 2.0, "rotationZ": 8.0 },
						"tail": { "offsetX": 0.0, "offsetY": 0.0, "offsetZ": 0.0, "rotationX": 0.0, "rotationY": 0.0, "rotationZ": 0.0 },
						"HeadHair": { "rotationX": 0.0, "rotationY": 0.0, "rotationZ": 0.0 },
						"Frontbody": { "rotationX": 0.0, "rotationY": 0.0, "rotationZ": 0.0 },
						"BootEdge": { "rotationX": 0.0, "rotationY": 0.0, "rotationZ": 3.0 },
						"R front foot": { "offsetX": 0.0, "offsetY": 0.0, "offsetZ": 0.0, "rotationX": 0.0, "rotationY": 0.0, "rotationZ": 0.0 },
						"L front leg2": { "offsetX": 0.0, "offsetY": 0.75, "offsetZ": 0.0, "rotationX": 0.0, "rotationY": 0.0, "rotationZ": 0.0 },
						"R front leg2": { "rotationX": 0.0, "rotationY": 0.0, "rotationZ": 0.0 }
					}
				},
				{
					"frame": 15,
					"elements": {
						"Body": { "offsetX": 0.0, "offsetY": 0.75, "offsetZ": 0.0, "rotationX": 2.0, "rotationY": -1.0, "rotationZ": 2.0 },
						"R front leg": { "offsetX": 0.0, "offsetY": -0.5625, "offsetZ": 0.0, "rotationX": 0.0, "rotationY": 0.0, "rotationZ": 14.0 },
						"L front leg": { "offsetX": -1.125, "offsetY": -1.125, "offsetZ": 0.0, "rotationX": -2.0, "rotationY": 1.0, "rotationZ": -17.0 },
						"L front foot": { "offsetX": 0.0, "offsetY": 0.75, "offsetZ": 0.0, "rotationX": 0.0, "rotationY": 0.0, "rotationZ": 17.0 },
						"R back leg": { "offsetX": -2.25, "offsetY": -0.5625, "offsetZ": 0.0, "rotationX": 0.0, "rotationY": 0.0, "rotationZ": 8.0 },
						"L back leg": { "offsetX": 0.5625, "offsetY": -1.6875, "offsetZ": 0.0, "rotationX": -2.0, "rotationY": 1.0, "rotationZ": 14.0 },
						"tail": { "offsetX": 0.0, "offsetY": 0.0, "offsetZ": 0.0, "rotationX": 0.0, "rotationY": 0.0, "rotationZ": 19.0 },
						"HeadHair": { "offsetX": 0.0, "offsetY": 0.0, "offsetZ": 0.0, "rotationX": 0.0, "rotationY": 0.0, "rotationZ": -3.0 },
						"Frontbody": { "rotationX": 0.0, "rotationY": 0.0, "rotationZ": -3.0 },
						"BootEdge": { "rotationX": 0.0, "rotationY": 0.0, "rotationZ": 0.0 },
						"R front foot": { "offsetX": 0.0, "offsetY": 0.0, "offsetZ": 0.0, "rotationX": 0.0, "rotationY": 0.0, "rotationZ": 0.0 },
						"R front leg2": { "offsetX": 0.0, "offsetY": 0.75, "offsetZ": 0.0, "rotationX": 0.0, "rotationY": 0.0, "rotationZ": -33.0 }
					}
				},
				{
					"frame": 30,
					"elements": {
						"Body": { "offsetX": 0.0, "offsetY": 0.0, "offsetZ": 0.0, "rotationX": 0.0, "rotationY": 0.0, "rotationZ": 0.0 },
						"R front leg": { "offsetX": 0.0, "offsetY": 0.0, "offsetZ": 0.0, "rotationX": 0.0, "rotationY": 0.0, "rotationZ": -8.0 },
						"L front leg": { "offsetX": -1.125, "offsetY": 0.0, "offsetZ": 0.0, "rotationX": 0.0, "rotationY": 0.0, "rotationZ": -6.0 },
						"L front foot": { "offsetX": 0.0, "offsetY": 0.0, "offsetZ": 0.0, "rotationX": 0.0, "rotationY": 0.0, "rotationZ": -6.0 },
						"L back leg": { "offsetX": 0.0, "offsetY": -1.125, "offsetZ": 0.0, "rotationX": 0.0, "rotationY": 0.0, "rotationZ": 17.0 },
						"tail": { "offsetX": 0.0, "offsetY": 0.0, "offsetZ": 0.0, "rotationX": 0.0, "rotationY": 0.0, "rotationZ": 11.0 },
						"Frontbody": { "rotationX": 0.0, "rotationY": 0.0, "rotationZ": 0.0 },
						"BootEdge": { "rotationX": 0.0, "rotationY": 0.0, "rotationZ": 3.0 },
						"R front foot": { "offsetX": 0.0, "offsetY": 0.0, "offsetZ": 0.0, "rotationX": 0.0, "rotationY": 0.0, "rotationZ": 30.0 },
						"L front leg2": { "offsetX": 0.0, "offsetY": 1.25, "offsetZ": 0.0 }
					}
				},
				{
					"frame": 45,
					"elements": {
						"Body": { "offsetX": 0.0, "offsetY": -0.75, "offsetZ": 0.0, "rotationX": 2.0, "rotationY": 1.0, "rotationZ": -2.0 },
						"R front leg": { "offsetX": -0.5625, "offsetY": -0.5625, "offsetZ": 0.0, "rotationX": 0.0, "rotationY": -1.0, "rotationZ": -33.0 },
						"L front leg": { "offsetX": -1.125, "offsetY": 0.0, "offsetZ": 0.0, "rotationX": -2.0, "rotationY": 0.0, "rotationZ": 8.0 },
						"L front foot": { "offsetX": 0.0, "offsetY": 0.0, "offsetZ": 0.0, "rotationX": 0.0, "rotationY": 0.0, "rotationZ": 0.0 },
						"R back leg": { "offsetX": 0.0, "offsetY": 0.0, "offsetZ": 0.0, "rotationX": 0.0, "rotationY": -2.0, "rotationZ": 8.0 },
						"L back leg": { "offsetX": -1.125, "offsetY": 1.125, "offsetZ": -0.75, "rotationX": -2.0, "rotationY": 0.0, "rotationZ": 11.0 },
						"tail": { "offsetX": 0.0, "offsetY": 0.0, "offsetZ": 0.0, "rotationX": 0.0, "rotationY": 0.0, "rotationZ": 0.0 },
						"HeadHair": { "offsetX": 0.0, "offsetY": -0.2109, "offsetZ": 0.0, "rotationX": 0.0, "rotationY": 0.0, "rotationZ": 3.0 },
						"Frontbody": { "rotationX": 0.0, "rotationY": 0.0, "rotationZ": 0.0 },
						"BootEdge": { "rotationX": 0.0, "rotationY": 0.0, "rotationZ": 3.0 },
						"R front foot": { "offsetX": 0.0, "offsetY": 0.0, "offsetZ": 0.0, "rotationX": 0.0, "rotationY": 0.0, "rotationZ": 39.0 },
						"L front leg2": { "offsetX": 0.0, "offsetY": 0.0, "offsetZ": 0.0, "rotationX": 0.0, "rotationY": 0.0, "rotationZ": -36.0 },
						"R front leg2": { "rotationX": 0.0, "rotationY": 0.0, "rotationZ": 0.0 }
					}
				},
				{
					"frame": 60,
					"elements": {
						"Body": { "offsetX": 0.0, "offsetY": 0.75, "offsetZ": 0.0, "rotationX": -2.0, "rotationY": 1.0, "rotationZ": 2.0 },
						"R front leg": { "offsetX": 0.0, "offsetY": -0.5625, "offsetZ": 0.0, "rotationX": 2.0, "rotationY": -1.0, "rotationZ": -17.0 },
						"L front leg": { "offsetX": 0.0, "offsetY": -0.5625, "offsetZ": 0.0, "rotationX": 0.0, "rotationY": 0.0, "rotationZ": 14.0 },
						"L front foot": { "offsetX": 0.0, "offsetY": 0.75, "offsetZ": 0.0, "rotationX": 0.0, "rotationY": 0.0, "rotationZ": 0.0 },
						"R back leg": { "offsetX": 0.5625, "offsetY": -1.6875, "offsetZ": 0.0, "rotationX": 2.0, "rotationY": -1.0, "rotationZ": 14.0 },
						"L back leg": { "offsetX": -2.25, "offsetY": -1.125, "offsetZ": 0.0, "rotationX": 0.0, "rotationY": 0.0, "rotationZ": 8.0 },
						"tail": { "offsetX": 0.0, "offsetY": 0.0, "offsetZ": 0.0, "rotationX": 0.0, "rotationY": 0.0, "rotationZ": 14.0 },
						"Frontbody": { "rotationX": 0.0, "rotationY": 0.0, "rotationZ": 3.0 },
						"BootEdge": { "rotationX": 0.0, "rotationY": 0.0, "rotationZ": 0.0 },
						"R front foot": { "offsetX": 0.0, "offsetY": 0.0, "offsetZ": 0.0, "rotationX": 0.0, "rotationY": 0.0, "rotationZ": 0.0 },
						"L front leg2": { "offsetX": 0.0, "offsetY": 2.0, "offsetZ": 0.0 },
						"R front leg2": { "rotationX": 0.0, "rotationY": 0.0, "rotationZ": 0.0 }
					}
				},
				{
					"frame": 75,
					"elements": {
						"Body": { "offsetX": 0.0, "offsetY": 0.0, "offsetZ": 0.0, "rotationX": 0.0, "rotationY": 0.0, "rotationZ": 0.0 },
						"R front leg": { "offsetX": -1.125, "offsetY": 0.0, "offsetZ": 0.0, "rotationX": 0.0, "rotationY": 0.0, "rotationZ": -6.0 },
						"L front leg": { "offsetX": 0.0, "offsetY": 0.0, "offsetZ": 0.0, "rotationX": 0.0, "rotationY": 0.0, "rotationZ": -8.0 },
						"L front foot": { "offsetX": 0.0, "offsetY": 0.0, "offsetZ": 0.0, "rotationX": 0.0, "rotationY": 0.0, "rotationZ": 30.0 },
						"R back leg": { "offsetX": 0.0, "offsetY": -1.125, "offsetZ": 0.0, "rotationX": 0.0, "rotationY": 0.0, "rotationZ": 17.0 },
						"tail": { "offsetX": 0.0, "offsetY": 0.0, "offsetZ": 0.0, "rotationX": 0.0, "rotationY": 0.0, "rotationZ": 11.0 },
						"Frontbody": { "rotationX": 0.0, "rotationY": 0.0, "rotationZ": 0.0 },
						"BootEdge": { "rotationX": 0.0, "rotationY": 0.0, "rotationZ": 3.0 },
						"R front foot": { "offsetX": 0.0, "offsetY": 0.0, "offsetZ": 0.0, "rotationX": 0.0, "rotationY": 0.0, "rotationZ": 0.0 },
						"R front leg2": { "rotationX": 0.0, "rotationY": 0.0, "rotationZ": 0.0 }
					}
				}
			]
		},

		{
			"name": "Run",
			"code": "run",
			"quantityframes": 40,
			"onActivityStopped": "Rewind",
			"onAnimationEnd": "Repeat",
			"keyframes": [
				{
					"frame": 0,
					"elements": {
						"Body": { "offsetX": 0.0, "offsetY": -2.7562, "offsetZ": 0.0, "rotationX": 0.0, "rotationY": 0.0, "rotationZ": -6.0 },
						"R front leg": { "offsetX": -1.125, "offsetY": 2.25, "offsetZ": 0.0, "rotationX": 0.0, "rotationY": 0.0, "rotationZ": -13.0 },
						"L front leg": { "offsetX": -1.125, "offsetY": 2.25, "offsetZ": 0.0, "rotationX": 0.0, "rotationY": 0.0, "rotationZ": -13.0 },
						"L front foot": { "offsetX": 0.0, "offsetY": 0.0, "offsetZ": 0.0, "rotationX": 0.0, "rotationY": 0.0, "rotationZ": 11.0 },
						"R back leg": { "rotationX": 0.0, "rotationY": 0.0, "rotationZ": 39.0 },
						"L back leg": { "rotationX": 0.0, "rotationY": 0.0, "rotationZ": 19.0 },
						"tail": { "offsetX": 0.0, "offsetY": 0.0, "offsetZ": 0.0, "rotationX": 0.0, "rotationY": 0.0, "rotationZ": 19.0 },
						"Neck2": { "rotationX": 0.0, "rotationY": 0.0, "rotationZ": 0.0 }
					}
				},
				{
					"frame": 10,
					"elements": {
						"Body": { "offsetX": -1.5, "offsetY": -2.175, "offsetZ": 0.0, "rotationX": 0.0, "rotationY": 0.0, "rotationZ": -14.0 },
						"R front leg": { "offsetX": 0.0, "offsetY": 0.0, "offsetZ": 0.0, "rotationX": 0.0, "rotationY": 0.0, "rotationZ": 30.0 },
						"L front leg": { "offsetX": 0.0, "offsetY": 0.0, "offsetZ": 0.0, "rotationX": 0.0, "rotationY": 0.0, "rotationZ": 17.0 },
						"L front foot": { "offsetX": 0.0, "offsetY": 0.0, "offsetZ": 0.0, "rotationX": 0.0, "rotationY": 0.0, "rotationZ": 28.0 },
						"R back leg": { "offsetX": -2.25, "offsetY": -2.25, "offsetZ": 0.0, "rotationX": 0.0, "rotationY": 0.0, "rotationZ": 42.0 },
						"L back leg": { "offsetX": 0.0, "offsetY": -2.25, "offsetZ": 0.0, "rotationX": 0.0, "rotationY": 0.0, "rotationZ": 30.0 },
						"tail": { "offsetX": 0.0, "offsetY": 0.0, "offsetZ": 0.0, "rotationX": 0.0, "rotationY": 0.0, "rotationZ": 0.0 },
						"Neck2": { "rotationX": 0.0, "rotationY": 0.0, "rotationZ": -3.0 }
					}
				},
				{
					"frame": 20,
					"elements": {
						"Body": { "offsetX": -4.5, "offsetY": -1.5, "offsetZ": 0.0, "rotationX": 0.0, "rotationY": 0.0, "rotationZ": -3.0 },
						"R front leg": { "offsetX": 0.0, "offsetY": 0.0, "offsetZ": 0.0, "rotationX": 0.0, "rotationY": 0.0, "rotationZ": -47.0 },
						"L front leg": { "offsetX": 0.0, "offsetY": 0.0, "offsetZ": 0.0, "rotationX": 0.0, "rotationY": 0.0, "rotationZ": -8.0 },
						"L front foot": { "offsetX": 0.0, "offsetY": 0.0, "offsetZ": 0.0, "rotationX": 0.0, "rotationY": 0.0, "rotationZ": 61.0 },
						"R back leg": { "offsetX": -2.25, "offsetY": -1.125, "offsetZ": 0.0, "rotationX": 0.0, "rotationY": 0.0, "rotationZ": 28.0 },
						"L back leg": { "offsetX": -2.25, "offsetY": -1.125, "offsetZ": 0.0, "rotationX": 0.0, "rotationY": 0.0, "rotationZ": 36.0 },
						"tail": { "offsetX": 0.0, "offsetY": 0.0, "offsetZ": 0.0, "rotationX": 0.0, "rotationY": 0.0, "rotationZ": 17.0 },
						"Neck2": { "rotationX": 0.0, "rotationY": 0.0, "rotationZ": 8.0 }
					}
				},
				{
					"frame": 30,
					"elements": {
						"Body": { "offsetX": 0.0, "offsetY": 0.75, "offsetZ": 0.0, "rotationX": 0.0, "rotationY": 0.0, "rotationZ": 11.0 },
						"R front leg": { "offsetX": -1.125, "offsetY": 1.125, "offsetZ": 0.0, "rotationX": 0.0, "rotationY": 0.0, "rotationZ": -53.0 },
						"L front leg": { "offsetX": -1.125, "offsetY": 1.125, "offsetZ": 0.0, "rotationX": 0.0, "rotationY": 0.0, "rotationZ": -47.0 },
						"L front foot": { "offsetX": 0.0, "offsetY": 0.0, "offsetZ": 0.0, "rotationX": 0.0, "rotationY": 0.0, "rotationZ": 28.0 },
						"R back leg": { "offsetX": -1.125, "offsetY": 1.125, "offsetZ": 0.0, "rotationX": 0.0, "rotationY": 0.0, "rotationZ": -17.0 },
						"L back leg": { "offsetX": -1.125, "offsetY": 1.125, "offsetZ": 0.0, "rotationX": 0.0, "rotationY": 0.0, "rotationZ": -14.0 },
						"tail": { "offsetX": 0.0, "offsetY": 0.0, "offsetZ": 0.0, "rotationX": 0.0, "rotationY": 0.0, "rotationZ": 8.0 },
						"Neck2": { "offsetX": 0.0, "offsetY": -0.5906, "offsetZ": 0.0, "rotationX": 0.0, "rotationY": 0.0, "rotationZ": -8.0 }
					}
				}
			]
		},

		{
			"name": "Look",
			"code": "look",
			"quantityframes": 160,
			"onActivityStopped": "EaseOut",
			"onAnimationEnd": "Stop",
			"keyframes": [
				{
					"frame": 0,
					"elements": {
						"Body": { "offsetX": 0.0, "offsetY": 0.0, "offsetZ": 0.0, "rotationX": 0.0, "rotationY": 0.0, "rotationZ": 0.0 },
						"R front leg": { "offsetX": 0.0, "offsetY": 0.0, "offsetZ": 0.0, "rotationX": 0.0, "rotationY": 0.0, "rotationZ": 0.0 },
						"L front leg": { "offsetX": 0.0, "offsetY": 0.0, "offsetZ": 0.0, "rotationX": 0.0, "rotationY": 0.0, "rotationZ": 0.0 },
						"L front foot": { "offsetX": 0.0, "offsetY": 0.0, "offsetZ": 0.0, "rotationX": 0.0, "rotationY": 0.0, "rotationZ": 0.0 },
						"R back leg": { "offsetX": 0.0, "offsetY": 0.0, "offsetZ": 0.0, "rotationX": 0.0, "rotationY": 0.0, "rotationZ": 0.0 },
						"L back leg": { "offsetX": 0.0, "offsetY": 0.0, "offsetZ": 0.0, "rotationX": 0.0, "rotationY": 0.0, "rotationZ": 0.0 },
						"tail": { "offsetX": 0.0, "offsetY": 0.0, "offsetZ": 0.0, "rotationX": 0.0, "rotationY": 0.0, "rotationZ": 0.0 },
						"Head": { "rotationX": 0.0, "rotationY": 0.0, "rotationZ": 0.0 }
					}
				},
				{
					"frame": 25,
					"elements": {
						"Body": { "offsetX": 0.0, "offsetY": -0.45, "offsetZ": 0.0, "rotationX": -2.0, "rotationY": 2.0, "rotationZ": -1.0 },
						"R front leg": { "offsetX": 0.0, "offsetY": 0.0, "offsetZ": 0.0, "rotationX": 2.0, "rotationY": 0.0, "rotationZ": 1.0 },
						"L front leg": { "offsetX": 0.0, "offsetY": 0.0, "offsetZ": 0.0, "rotationX": 2.0, "rotationY": 0.0, "rotationZ": 1.0 },
						"L front foot": { "offsetX": 0.0, "offsetY": 0.0, "offsetZ": 0.0, "rotationX": 0.0, "rotationY": 0.0, "rotationZ": 0.0 },
						"R back leg": { "offsetX": 0.0, "offsetY": 0.0, "offsetZ": 0.0, "rotationX": 2.0, "rotationY": 0.0, "rotationZ": 1.0 },
						"L back leg": { "offsetX": 0.0, "offsetY": 0.0, "offsetZ": 0.0, "rotationX": 2.0, "rotationY": 0.0, "rotationZ": 1.0 },
						"tail": { "offsetX": 0.0, "offsetY": 0.0, "offsetZ": 0.0, "rotationX": 0.0, "rotationY": 0.0, "rotationZ": 0.0 }
					}
				},
				{
					"frame": 70,
					"elements": {
						"Body": { "offsetX": 0.0, "offsetY": 0.0, "offsetZ": 0.0, "rotationX": -2.0, "rotationY": 2.0, "rotationZ": 0.0 },
						"R front leg": { "offsetX": 0.0, "offsetY": 0.0, "offsetZ": 0.0, "rotationX": 2.0, "rotationY": 0.0, "rotationZ": 0.0 },
						"L front leg": { "offsetX": 0.0, "offsetY": 0.0, "offsetZ": 0.0, "rotationX": 2.0, "rotationY": 0.0, "rotationZ": 0.0 },
						"L front foot": { "offsetX": 0.0, "offsetY": 0.0, "offsetZ": 0.0, "rotationX": 0.0, "rotationY": 0.0, "rotationZ": 0.0 },
						"R back leg": { "offsetX": 0.0, "offsetY": 0.0, "offsetZ": 0.0, "rotationX": 2.0, "rotationY": 0.0, "rotationZ": 0.0 },
						"L back leg": { "offsetX": 0.0, "offsetY": 0.0, "offsetZ": 0.0, "rotationX": 2.0, "rotationY": 0.0, "rotationZ": 0.0 },
						"tail": { "offsetX": 0.0, "offsetY": 0.0, "offsetZ": 0.0, "rotationX": 0.0, "rotationY": 0.0, "rotationZ": 0.0 },
						"Head": { "rotationX": 9.3333, "rotationY": 14.0, "rotationZ": 0.0 }
					}
				},
				{
					"frame": 90,
					"elements": {
						"Body": { "offsetX": 0.0, "offsetY": -0.45, "offsetZ": 0.0, "rotationX": -3.0, "rotationY": 3.0, "rotationZ": -1.0 },
						"R front leg": { "offsetX": 0.0, "offsetY": 0.0, "offsetZ": 0.0, "rotationX": 3.0, "rotationY": 0.0, "rotationZ": 1.0 },
						"L front leg": { "offsetX": 0.0, "offsetY": 0.0, "offsetZ": 0.0, "rotationX": 3.0, "rotationY": 0.0, "rotationZ": 1.0 },
						"L front foot": { "offsetX": 0.0, "offsetY": 0.0, "offsetZ": 0.0, "rotationX": 0.0, "rotationY": 0.0, "rotationZ": 0.0 },
						"R back leg": { "offsetX": 0.0, "offsetY": 0.0, "offsetZ": 0.0, "rotationX": 3.0, "rotationY": 0.0, "rotationZ": 1.0 },
						"L back leg": { "offsetX": 0.0, "offsetY": 0.0, "offsetZ": 0.0, "rotationX": 3.0, "rotationY": 0.0, "rotationZ": 1.0 },
						"tail": { "offsetX": 0.0, "offsetY": 0.0, "offsetZ": 0.0, "rotationX": 0.0, "rotationY": 0.0, "rotationZ": 0.0 },
						"Head": { "rotationX": 0.0, "rotationY": 0.0, "rotationZ": 0.0 }
					}
				},
				{
					"frame": 135,
					"elements": {
						"Body": { "offsetX": 0.0, "offsetY": 0.0, "offsetZ": 0.0, "rotationX": -3.0, "rotationY": 3.0, "rotationZ": 0.0 },
						"R front leg": { "offsetX": 0.0, "offsetY": 0.0, "offsetZ": 0.0, "rotationX": 3.0, "rotationY": 0.0, "rotationZ": 0.0 },
						"L front leg": { "offsetX": 0.0, "offsetY": 0.0, "offsetZ": 0.0, "rotationX": 3.0, "rotationY": 0.0, "rotationZ": 0.0 },
						"L front foot": { "offsetX": 0.0, "offsetY": 0.0, "offsetZ": 0.0, "rotationX": 0.0, "rotationY": 0.0, "rotationZ": 0.0 },
						"R back leg": { "offsetX": 0.0, "offsetY": 0.0, "offsetZ": 0.0, "rotationX": 3.0, "rotationY": 0.0, "rotationZ": 0.0 },
						"L back leg": { "offsetX": 0.0, "offsetY": 0.0, "offsetZ": 0.0, "rotationX": 3.0, "rotationY": 0.0, "rotationZ": 0.0 },
						"tail": { "offsetX": 0.0, "offsetY": 0.0, "offsetZ": 0.0, "rotationX": 0.0, "rotationY": 0.0, "rotationZ": 0.0 },
						"Head": { "rotationX": 2.5926, "rotationY": -11.0, "rotationZ": 0.0 }
					}
				}
			]
		},

		{
			"name": "Idle",
			"code": "idle",
			"quantityframes": 80,
			"onActivityStopped": "EaseOut",
			"onAnimationEnd": "Repeat",
			"keyframes": [
				{
					"frame": 0,
					"elements": {
						"Body": { "offsetX": 0.0, "offsetY": -0.1125, "offsetZ": 0.0, "rotationX": 0.0, "rotationY": 0.0, "rotationZ": 0.0 },
						"R front leg": { "offsetX": 0.0, "offsetY": 0.0, "offsetZ": 0.0, "rotationX": 0.0, "rotationY": 0.0, "rotationZ": 1.0 },
						"L front leg": { "offsetX": 0.0, "offsetY": 0.0, "offsetZ": 0.0, "rotationX": 0.0, "rotationY": 0.0, "rotationZ": 1.0 },
						"L front foot": { "offsetX": 0.0, "offsetY": 0.0, "offsetZ": 0.0, "rotationX": 0.0, "rotationY": 0.0, "rotationZ": -1.0 },
						"R back leg": { "offsetX": 0.0, "offsetY": 0.0, "offsetZ": 0.0, "rotationX": 0.0, "rotationY": 0.0, "rotationZ": 0.0 },
						"L back leg": { "offsetX": 0.0, "offsetY": 0.0, "offsetZ": 0.0, "rotationX": 0.0, "rotationY": 0.0, "rotationZ": 0.0 },
						"tail": { "offsetX": 0.0, "offsetY": 0.0, "offsetZ": 0.0, "rotationX": 0.0, "rotationY": 0.0, "rotationZ": 0.0 },
						"Ear": { "rotationX": 0.0, "rotationY": 0.0, "rotationZ": 0.0 },
						"Ear2": { "rotationX": 0.0, "rotationY": 0.0, "rotationZ": 0.0 }
					}
				},
				{
					"frame": 40,
					"elements": {
						"Body": { "offsetX": 0.0, "offsetY": -0.1875, "offsetZ": 0.0, "rotationX": 0.0, "rotationY": 0.0, "rotationZ": -1.0 },
						"R front leg": { "offsetX": 0.0, "offsetY": 0.0, "offsetZ": 0.0, "rotationX": 0.0, "rotationY": 0.0, "rotationZ": 2.0 },
						"L front leg": { "offsetX": 0.0, "offsetY": 0.0, "offsetZ": 0.0, "rotationX": 0.0, "rotationY": 0.0, "rotationZ": 2.0 },
						"L front foot": { "offsetX": 0.0, "offsetY": 0.0, "offsetZ": 0.0, "rotationX": 0.0, "rotationY": 0.0, "rotationZ": 0.0 },
						"R back leg": { "offsetX": 0.0, "offsetY": 0.0, "offsetZ": 0.0, "rotationX": 0.0, "rotationY": 0.0, "rotationZ": 2.0 },
						"L back leg": { "offsetX": 0.0, "offsetY": 0.0, "offsetZ": 0.0, "rotationX": 0.0, "rotationY": 0.0, "rotationZ": 2.0 },
						"tail": { "offsetX": 0.0, "offsetY": 0.0, "offsetZ": 0.0, "rotationX": 0.0, "rotationY": 0.0, "rotationZ": 6.0 },
						"Ear2": { "rotationX": 0.0, "rotationY": 0.0, "rotationZ": -8.0 },
						"Ear": { "rotationX": 0.0, "rotationY": 0.0, "rotationZ": 8.0 }
					}
				}
			]
		},

		{
			"name": "Death",
			"code": "death",
			"quantityframes": 120,
			"onActivityStopped": "Stop",
			"onAnimationEnd": "Hold",
			"keyframes": [
				{
					"frame": 0,
					"elements": {
						"Body": { "offsetX": 0.0, "offsetY": 0.0, "offsetZ": 0.0, "rotationX": 0.0, "rotationY": 0.0, "rotationZ": 0.0 },
						"R front leg": { "offsetX": 0.0, "offsetY": 0.0, "offsetZ": 0.0, "rotationX": 0.0, "rotationY": 0.0, "rotationZ": 0.0 },
						"L front leg": { "offsetX": 0.0, "offsetY": 0.0, "offsetZ": 0.0, "rotationX": 0.0, "rotationY": 0.0, "rotationZ": 0.0 },
						"L front foot": { "offsetX": 0.0, "offsetY": 0.0, "offsetZ": 0.0, "rotationX": 0.0, "rotationY": 0.0, "rotationZ": 0.0 },
						"R back leg": { "offsetX": 0.0, "offsetY": 0.0, "offsetZ": 0.0, "rotationX": 0.0, "rotationY": 0.0, "rotationZ": 0.0 },
						"L back leg": { "offsetX": 0.0, "offsetY": 0.0, "offsetZ": 0.0, "rotationX": 0.0, "rotationY": 0.0, "rotationZ": 0.0 },
						"tail": { "offsetX": 0.0, "offsetY": 0.0, "offsetZ": 0.0, "rotationX": 0.0, "rotationY": 0.0, "rotationZ": 0.0 }
					}
				},
				{
					"frame": 10,
					"elements": {
						"Body": { "offsetX": 4.5, "offsetY": 0.0, "offsetZ": 0.0, "rotationX": -4.0, "rotationY": -4.0, "rotationZ": -8.0 },
						"R front leg": { "offsetX": 0.0, "offsetY": -0.5625, "offsetZ": 0.0, "rotationX": 4.0, "rotationY": 0.0, "rotationZ": 4.0 },
						"L front leg": { "offsetX": 0.0, "offsetY": -1.125, "offsetZ": 0.0, "rotationX": 0.0, "rotationY": 0.0, "rotationZ": 4.0 },
						"L front foot": { "offsetX": 0.0, "offsetY": 0.0, "offsetZ": 0.0, "rotationX": 0.0, "rotationY": 0.0, "rotationZ": 0.0 },
						"R back leg": { "offsetX": 0.0, "offsetY": 1.125, "offsetZ": 0.0, "rotationX": 2.0, "rotationY": 0.0, "rotationZ": 6.0 },
						"L back leg": { "offsetX": 0.0, "offsetY": 1.125, "offsetZ": 0.0, "rotationX": 0.0, "rotationY": 0.0, "rotationZ": 7.0 },
						"tail": { "offsetX": 0.0, "offsetY": 0.0, "offsetZ": 0.0, "rotationX": 0.0, "rotationY": 0.0, "rotationZ": 58.0 }
					}
				},
				{
					"frame": 45,
					"elements": {
						"Body": { "offsetX": 2.25, "offsetY": 0.0, "offsetZ": 0.0, "rotationX": 3.0, "rotationY": 6.0, "rotationZ": 2.0 },
						"R front leg": { "offsetX": 0.0, "offsetY": 0.5625, "offsetZ": 0.0, "rotationX": 4.0, "rotationY": 2.0, "rotationZ": 3.0 },
						"L front leg": { "offsetX": 0.0, "offsetY": 0.0, "offsetZ": 0.0, "rotationX": -4.0, "rotationY": 4.0, "rotationZ": -8.0 },
						"L front foot": { "offsetX": 0.0, "offsetY": 0.0, "offsetZ": 0.0, "rotationX": -4.0, "rotationY": 0.0, "rotationZ": 8.0 },
						"R back leg": { "offsetX": 0.0, "offsetY": -0.5625, "offsetZ": 0.0, "rotationX": -6.0, "rotationY": 4.0, "rotationZ": 0.0 },
						"L back leg": { "offsetX": 0.0, "offsetY": -0.5625, "offsetZ": 0.0, "rotationX": -10.0, "rotationY": 10.0, "rotationZ": -8.0 },
						"tail": { "offsetX": 0.0, "offsetY": 0.0, "offsetZ": 0.0, "rotationX": 0.0, "rotationY": 0.0, "rotationZ": 47.0 }
					}
				},
				{
					"frame": 70,
					"elements": {
						"Body": { "offsetX": 4.5, "offsetY": 4.5, "offsetZ": -4.5, "rotationX": -75.0, "rotationY": 6.0, "rotationZ": 40.0 },
						"R front leg": { "offsetX": 0.0, "offsetY": 1.125, "offsetZ": 0.0, "rotationX": 4.0, "rotationY": 2.0, "rotationZ": 36.0 },
						"L front leg": { "offsetX": 0.0, "offsetY": 1.125, "offsetZ": 0.0, "rotationX": 19.0, "rotationY": 4.0, "rotationZ": -6.0 },
						"L front foot": { "offsetX": 0.0, "offsetY": 0.0, "offsetZ": 0.0, "rotationX": -4.0, "rotationY": 0.0, "rotationZ": 33.0 },
						"R back leg": { "offsetX": 0.0, "offsetY": -0.5625, "offsetZ": 0.0, "rotationX": -6.0, "rotationY": 22.0, "rotationZ": 14.0 },
						"L back leg": { "offsetX": 0.0, "offsetY": -0.5625, "offsetZ": 0.0, "rotationX": 13.0, "rotationY": 28.0, "rotationZ": -8.0 },
						"tail": { "offsetX": 0.0, "offsetY": 0.0, "offsetZ": 0.0, "rotationX": 8.0, "rotationY": 36.0, "rotationZ": 36.0 }
					}
				},
				{
					"frame": 72,
					"elements": {
						"Body": { "offsetX": 4.5, "offsetY": 4.5, "offsetZ": -4.5, "rotationX": -73.0, "rotationY": 3.0, "rotationZ": 40.0 },
						"R front leg": { "offsetX": 0.0, "offsetY": 1.125, "offsetZ": 0.0, "rotationX": 4.0, "rotationY": 2.0, "rotationZ": 36.0 },
						"L front leg": { "offsetX": 0.0, "offsetY": 1.125, "offsetZ": 0.0, "rotationX": 19.0, "rotationY": 4.0, "rotationZ": -6.0 },
						"L front foot": { "offsetX": 0.0, "offsetY": 0.0, "offsetZ": 0.0, "rotationX": -4.0, "rotationY": 0.0, "rotationZ": 33.0 },
						"R back leg": { "offsetX": 0.0, "offsetY": -0.5625, "offsetZ": 0.0, "rotationX": -6.0, "rotationY": 22.0, "rotationZ": 14.0 },
						"L back leg": { "offsetX": 0.0, "offsetY": -0.5625, "offsetZ": 0.0, "rotationX": 13.0, "rotationY": 28.0, "rotationZ": -8.0 },
						"tail": { "offsetX": 0.0, "offsetY": 0.0, "offsetZ": 0.0, "rotationX": 8.0, "rotationY": 36.0, "rotationZ": 36.0 }
					}
				},
				{
					"frame": 78,
					"elements": {
						"Body": { "offsetX": 4.5, "offsetY": 4.5, "offsetZ": -4.5, "rotationX": -75.0, "rotationY": 6.0, "rotationZ": 40.0 },
						"R front leg": { "offsetX": 0.0, "offsetY": 1.125, "offsetZ": 0.0, "rotationX": 4.0, "rotationY": 2.0, "rotationZ": 36.0 },
						"L front leg": { "offsetX": 0.0, "offsetY": 1.125, "offsetZ": 0.0, "rotationX": 19.0, "rotationY": 4.0, "rotationZ": -6.0 },
						"L front foot": { "offsetX": 0.0, "offsetY": 0.0, "offsetZ": 0.0, "rotationX": -4.0, "rotationY": 0.0, "rotationZ": 33.0 },
						"R back leg": { "offsetX": 0.0, "offsetY": -0.5625, "offsetZ": 0.0, "rotationX": -6.0, "rotationY": 22.0, "rotationZ": 14.0 },
						"L back leg": { "offsetX": 0.0, "offsetY": -0.5625, "offsetZ": 0.0, "rotationX": 13.0, "rotationY": 28.0, "rotationZ": -8.0 },
						"tail": { "offsetX": 0.0, "offsetY": 0.0, "offsetZ": 0.0, "rotationX": 8.0, "rotationY": 36.0, "rotationZ": 36.0 }
					}
				},
				{
					"frame": 119,
					"elements": {
						"Body": { "offsetX": 4.5, "offsetY": 4.5, "offsetZ": -4.5, "rotationX": -75.0, "rotationY": 6.0, "rotationZ": 40.0 },
						"R front leg": { "offsetX": 0.0, "offsetY": 1.125, "offsetZ": 0.0, "rotationX": 4.0, "rotationY": 2.0, "rotationZ": 36.0 },
						"L front leg": { "offsetX": 0.0, "offsetY": 1.125, "offsetZ": 0.0, "rotationX": 19.0, "rotationY": 4.0, "rotationZ": -6.0 },
						"L front foot": { "offsetX": 0.0, "offsetY": 0.0, "offsetZ": 0.0, "rotationX": -4.0, "rotationY": 0.0, "rotationZ": 33.0 },
						"R back leg": { "offsetX": 0.0, "offsetY": -0.5625, "offsetZ": 0.0, "rotationX": -6.0, "rotationY": 22.0, "rotationZ": 14.0 },
						"L back leg": { "offsetX": 0.0, "offsetY": -0.5625, "offsetZ": 0.0, "rotationX": 13.0, "rotationY": 28.0, "rotationZ": -8.0 },
						"tail": { "offsetX": 0.0, "offsetY": 0.0, "offsetZ": 0.0, "rotationX": 8.0, "rotationY": 36.0, "rotationZ": 36.0 }
					}
				}
			]
		},

		{
			"name": "Attack",
			"code": "attack",
			"quantityframes": 75,
			"onActivityStopped": "PlayTillEnd",
			"onAnimationEnd": "Stop",
			"keyframes": [
				{
					"frame": 0,
					"elements": {
						"Body": { "offsetX": 0.0, "offsetY": 0.0, "offsetZ": 0.0, "rotationX": 0.0, "rotationY": 0.0, "rotationZ": 0.0 },
						"R front leg": { "offsetX": 0.0, "offsetY": 0.0, "offsetZ": 0.0, "rotationX": 0.0, "rotationY": 0.0, "rotationZ": 0.0 },
						"L front leg": { "offsetX": 0.0, "offsetY": 0.0, "offsetZ": 0.0, "rotationX": 0.0, "rotationY": 0.0, "rotationZ": 0.0 },
						"L front foot": { "offsetX": 0.0, "offsetY": 0.0, "offsetZ": 0.0, "rotationX": 0.0, "rotationY": 0.0, "rotationZ": 0.0 },
						"R back leg": { "offsetX": 0.0, "offsetY": 0.0, "offsetZ": 0.0, "rotationX": 0.0, "rotationY": 0.0, "rotationZ": 0.0 },
						"L back leg": { "offsetX": 0.0, "offsetY": 0.0, "offsetZ": 0.0, "rotationX": 0.0, "rotationY": 0.0, "rotationZ": 0.0 },
						"tail": { "offsetX": 0.0, "offsetY": 0.0, "offsetZ": 0.0, "rotationX": 0.0, "rotationY": 0.0, "rotationZ": 0.0 }
					}
				},
				{
					"frame": 7,
					"elements": {
						"L front leg": { "offsetX": 0.0, "offsetY": 2.25, "offsetZ": 0.0 }
					}
				},
				{
					"frame": 15,
					"elements": {
						"R front leg": { "rotationX": 0.0, "rotationY": 0.0, "rotationZ": -16.0 },
						"L front leg": { "rotationX": 0.0, "rotationY": 0.0, "rotationZ": -10.0 },
						"L back leg": { "offsetX": 0.0, "offsetY": 0.0, "offsetZ": 0.0, "rotationX": 0.0, "rotationY": 0.0, "rotationZ": -10.0 }
					}
				},
				{
					"frame": 22,
					"elements": {
						"R front leg": { "offsetX": 0.0, "offsetY": 3.375, "offsetZ": 0.0 },
						"L back leg": { "offsetX": 0.0, "offsetY": 1.125, "offsetZ": 0.0 }
					}
				},
				{
					"frame": 30,
					"elements": {
						"Body": { "offsetX": 6.75, "offsetY": 0.225, "offsetZ": 0.0, "rotationX": 0.0, "rotationY": 0.0, "rotationZ": 12.0 },
						"R front leg": { "offsetX": 0.0, "offsetY": 1.6875, "offsetZ": 0.0, "rotationX": 0.0, "rotationY": 0.0, "rotationZ": 0.0 },
						"L front leg": { "offsetX": 0.0, "offsetY": 1.6875, "offsetZ": 0.0, "rotationX": 0.0, "rotationY": 0.0, "rotationZ": -30.0 },
						"L front foot": { "offsetX": 0.0, "offsetY": 0.0, "offsetZ": 0.0, "rotationX": 0.0, "rotationY": 0.0, "rotationZ": 10.0 },
						"R back leg": { "offsetX": 0.0, "offsetY": -0.5625, "offsetZ": 0.0, "rotationX": 0.0, "rotationY": 0.0, "rotationZ": -10.0 },
						"L back leg": { "offsetX": 0.0, "offsetY": -1.125, "offsetZ": 0.0, "rotationX": 0.0, "rotationY": 0.0, "rotationZ": 0.0 },
						"tail": { "offsetX": 0.0, "offsetY": 0.0, "offsetZ": 0.0, "rotationX": 0.0, "rotationY": 0.0, "rotationZ": 0.0 }
					}
				},
				{
					"frame": 35,
					"elements": {
						"R front leg": { "offsetX": 0.0, "offsetY": 3.375, "offsetZ": 0.0 },
						"L back leg": { "offsetX": 0.0, "offsetY": 0.5625, "offsetZ": 0.0 }
					}
				},
				{
					"frame": 38,
					"elements": {
						"Body": { "offsetX": 2.925, "offsetY": 0.1125, "offsetZ": 0.0, "rotationX": 0.0, "rotationY": 0.0, "rotationZ": 9.2 },
						"R front leg": { "offsetX": 0.0, "offsetY": 2.25, "offsetZ": 0.0, "rotationX": 0.0, "rotationY": 0.0, "rotationZ": -26.0 },
						"L front leg": { "offsetX": 0.0, "offsetY": 2.25, "offsetZ": 0.0, "rotationX": 0.0, "rotationY": 0.0, "rotationZ": -15.0 },
						"L front foot": { "offsetX": 0.0, "offsetY": 0.0, "offsetZ": 0.0, "rotationX": 0.0, "rotationY": 0.0, "rotationZ": 14.0 },
						"R back leg": { "offsetX": 0.0, "offsetY": -0.1125, "offsetZ": 0.0, "rotationX": 0.0, "rotationY": 0.0, "rotationZ": 0.0 },
						"L back leg": { "offsetX": 0.0, "offsetY": 0.0, "offsetZ": 0.0, "rotationX": 0.0, "rotationY": 0.0, "rotationZ": -10.0 },
						"tail": { "offsetX": 0.0, "offsetY": 0.0, "offsetZ": 0.0, "rotationX": 0.0, "rotationY": 0.0, "rotationZ": 0.0 }
					}
				},
				{
					"frame": 42,
					"elements": {
						"L front leg": { "offsetX": 0.0, "offsetY": 3.375, "offsetZ": 0.0 },
						"R back leg": { "offsetX": 0.0, "offsetY": 1.125, "offsetZ": 0.0 }
					}
				},
				{
					"frame": 45,
					"elements": {
						"Body": { "offsetX": -3.375, "offsetY": -0.3938, "offsetZ": 0.0, "rotationX": 0.0, "rotationY": 0.0, "rotationZ": 5.0 },
						"R front leg": { "offsetX": 0.0, "offsetY": 1.6875, "offsetZ": 0.0, "rotationX": 0.0, "rotationY": 0.0, "rotationZ": -5.0 },
						"L front leg": { "offsetX": 0.0, "offsetY": 1.6875, "offsetZ": 0.0, "rotationX": 0.0, "rotationY": 0.0, "rotationZ": -30.0 },
						"L front foot": { "offsetX": 0.0, "offsetY": 0.0, "offsetZ": 0.0, "rotationX": 0.0, "rotationY": 0.0, "rotationZ": 20.0 },
						"R back leg": { "offsetX": 0.0, "offsetY": 0.5625, "offsetZ": 0.0, "rotationX": 0.0, "rotationY": 0.0, "rotationZ": -10.0 },
						"L back leg": { "offsetX": 0.0, "offsetY": 0.0, "offsetZ": 0.0, "rotationX": 0.0, "rotationY": 0.0, "rotationZ": 10.0 },
						"tail": { "offsetX": 0.0, "offsetY": 0.0, "offsetZ": 0.0, "rotationX": 0.0, "rotationY": 0.0, "rotationZ": 0.0 }
					}
				},
				{
					"frame": 50,
					"elements": {
						"Body": { "offsetX": -6.75, "offsetY": -4.7812, "offsetZ": 0.0, "rotationX": 0.0, "rotationY": 0.0, "rotationZ": -10.0 },
						"R front leg": { "offsetX": 0.0, "offsetY": -1.125, "offsetZ": 0.0, "rotationX": 0.0, "rotationY": 0.0, "rotationZ": 15.0 },
						"L front leg": { "offsetX": 0.0, "offsetY": -1.125, "offsetZ": 0.0, "rotationX": 0.0, "rotationY": 0.0, "rotationZ": 10.0 },
						"L front foot": { "offsetX": 0.0, "offsetY": 0.0, "offsetZ": 0.0, "rotationX": 0.0, "rotationY": 0.0, "rotationZ": 10.0 },
						"R back leg": { "offsetX": 0.0, "offsetY": 1.125, "offsetZ": 0.0, "rotationX": 0.0, "rotationY": 0.0, "rotationZ": 5.0 },
						"L back leg": { "offsetX": 0.0, "offsetY": 0.0, "offsetZ": 0.0, "rotationX": 0.0, "rotationY": 0.0, "rotationZ": 30.0 },
						"tail": { "offsetX": 0.0, "offsetY": 0.0, "offsetZ": 0.0, "rotationX": 0.0, "rotationY": 0.0, "rotationZ": 0.0 }
					}
				},
				{
					"frame": 57,
					"elements": {
						"L front leg": { "offsetX": 0.0, "offsetY": -0.5625, "offsetZ": 0.0, "rotationX": 0.0, "rotationY": 0.0, "rotationZ": 0.0 }
					}
				},
				{
					"frame": 62,
					"elements": {
						"R back leg": { "offsetX": 0.0, "offsetY": 1.6875, "offsetZ": 0.0 }
					}
				},
				{
					"frame": 65,
					"elements": {
						"L front leg": { "offsetX": 0.0, "offsetY": 0.5625, "offsetZ": 0.0 }
					}
				}
			]
		},

		{
			"name": "Eat",
			"code": "eat",
			"quantityframes": 120,
			"onActivityStopped": "PlayTillEnd",
			"onAnimationEnd": "Stop",
			"keyframes": [
				{
					"frame": 0,
					"elements": {
						"Body": { "offsetX": 0.0, "offsetY": 0.0, "offsetZ": 0.0, "rotationX": 0.0, "rotationY": 0.0, "rotationZ": 0.0 },
						"R front leg": { "offsetX": 0.0, "offsetY": 0.0, "offsetZ": 0.0, "rotationX": 0.0, "rotationY": 0.0, "rotationZ": 0.0 },
						"L front leg": { "offsetX": 0.0, "offsetY": 0.0, "offsetZ": 0.0, "rotationX": 0.0, "rotationY": 0.0, "rotationZ": 0.0 },
						"L front foot": { "offsetX": 0.0, "offsetY": 0.0, "offsetZ": 0.0, "rotationX": 0.0, "rotationY": 0.0, "rotationZ": 0.0 },
						"R back leg": { "offsetX": 0.0, "offsetY": 0.0, "offsetZ": 0.0, "rotationX": 0.0, "rotationY": 0.0, "rotationZ": 0.0 },
						"L back leg": { "offsetX": 0.0, "offsetY": 0.0, "offsetZ": 0.0, "rotationX": 0.0, "rotationY": 0.0, "rotationZ": 0.0 },
						"tail": { "offsetX": 0.0, "offsetY": 0.0, "offsetZ": 0.0, "rotationX": 0.0, "rotationY": 0.0, "rotationZ": 0.0 },
						"Neck2": { "offsetX": 0.0, "offsetY": 0.0, "offsetZ": 0.0, "rotationX": 0.0, "rotationY": 0.0, "rotationZ": 0.0 },
						"Jaw": { "offsetX": 0.0, "offsetY": 0.0, "offsetZ": 0.0, "rotationX": 0.0, "rotationY": 0.0, "rotationZ": 0.0 },
						"HeadHair": { "offsetX": 0.0, "offsetY": 0.0, "offsetZ": 0.0, "rotationX": 0.0, "rotationY": 0.0, "rotationZ": 0.0 },
						"Neck1": { "rotationX": 0.0, "rotationY": 0.0, "rotationZ": 0.0 },
						"Frontbody": { "rotationX": 0.0, "rotationY": 0.0, "rotationZ": 0.0 },
						"Fur_edge7": { "offsetX": 0.0, "offsetY": 0.0, "offsetZ": 0.0, "rotationX": 0.0, "rotationY": 0.0, "rotationZ": 0.0 }
					}
				},
				{
					"frame": 8,
					"elements": {
						"L back leg": { "offsetX": 0.0, "offsetY": 0.0, "offsetZ": 0.0 }
					}
				},
				{
					"frame": 17,
					"elements": {
						"R front leg": { "offsetX": 0.0, "offsetY": 2.25, "offsetZ": 0.0 },
						"Neck2": { "offsetX": -1.0546, "offsetY": 0.0, "offsetZ": 0.0, "rotationX": 0.0, "rotationY": 0.0, "rotationZ": 11.0 },
						"Neck1": { "offsetX": 0.0, "offsetY": 0.0938, "offsetZ": 0.0, "rotationX": 0.0, "rotationY": 0.0, "rotationZ": 19.0 },
						"Fur_edge7": { "offsetX": -0.45, "offsetY": 0.0, "offsetZ": 0.0, "rotationX": 0.0, "rotationY": 0.0, "rotationZ": -3.0 }
					}
				},
				{
					"frame": 35,
					"elements": {
						"Body": { "offsetX": 0.0, "offsetY": 4.2188, "offsetZ": 0.0, "rotationX": -3.0, "rotationY": 2.0, "rotationZ": 20.0 },
						"R front leg": { "offsetX": 0.0, "offsetY": 2.25, "offsetZ": 0.0, "rotationX": 3.0, "rotationY": 0.0, "rotationZ": 10.0 },
						"L front leg": { "offsetX": 0.0, "offsetY": 2.25, "offsetZ": 0.0, "rotationX": 0.0, "rotationY": 0.0, "rotationZ": -15.0 },
						"L front foot": { "offsetX": 0.0, "offsetY": 0.0, "offsetZ": 0.0, "rotationX": 0.0, "rotationY": 0.0, "rotationZ": -10.0 },
						"R back leg": { "offsetX": 0.0, "offsetY": -1.125, "offsetZ": 0.0, "rotationX": 3.0, "rotationY": 0.0, "rotationZ": -22.5 },
						"L back leg": { "offsetX": -1.125, "offsetY": -2.25, "offsetZ": 0.0, "rotationX": 0.0, "rotationY": 0.0, "rotationZ": 0.0 },
						"tail": { "offsetX": 0.0, "offsetY": 0.0, "offsetZ": 0.0, "rotationX": 0.0, "rotationY": 0.0, "rotationZ": 0.0 }
					}
				},
				{
					"frame": 45,
					"elements": {
						"Body": { "offsetX": 0.0, "offsetY": 4.9688, "offsetZ": 0.0, "rotationX": -3.0, "rotationY": 2.0, "rotationZ": 22.0 },
						"R front leg": { "offsetX": 0.0, "offsetY": 2.25, "offsetZ": 0.0, "rotationX": 3.0, "rotationY": 0.0, "rotationZ": 8.0 },
						"L front leg": { "offsetX": 0.0, "offsetY": 2.25, "offsetZ": 0.0, "rotationX": 0.0, "rotationY": 0.0, "rotationZ": -17.0 },
						"L front foot": { "offsetX": 0.0, "offsetY": 0.0, "offsetZ": 0.0, "rotationX": 0.0, "rotationY": 0.0, "rotationZ": -10.0 },
						"R back leg": { "offsetX": 0.0, "offsetY": -1.35, "offsetZ": 0.0, "rotationX": 3.0, "rotationY": 0.0, "rotationZ": -24.5 },
						"L back leg": { "offsetX": -1.125, "offsetY": -2.475, "offsetZ": 0.0, "rotationX": 0.0, "rotationY": 0.0, "rotationZ": -2.0 },
						"tail": { "offsetX": 0.0, "offsetY": 0.0, "offsetZ": 0.0, "rotationX": 0.0, "rotationY": 0.0, "rotationZ": 0.0 },
						"Fur_edge7": { "offsetX": -1.425, "offsetY": -0.75, "offsetZ": 0.0, "rotationX": 0.0, "rotationY": 0.0, "rotationZ": -11.0 },
						"Neck2": { "offsetX": -2.2679, "offsetY": 0.0, "offsetZ": 0.0, "rotationX": 0.0, "rotationY": 0.0, "rotationZ": 14.0 }
					}
				},
				{
					"frame": 55,
					"elements": {
						"Body": { "offsetX": 0.0, "offsetY": 4.2188, "offsetZ": 0.0, "rotationX": -3.0, "rotationY": 2.0, "rotationZ": 19.0 },
						"R front leg": { "offsetX": 0.0, "offsetY": 2.25, "offsetZ": 0.0, "rotationX": 3.0, "rotationY": 0.0, "rotationZ": 10.0 },
						"L front leg": { "offsetX": 0.0, "offsetY": 2.25, "offsetZ": 0.0, "rotationX": 0.0, "rotationY": 0.0, "rotationZ": -15.0 },
						"L front foot": { "offsetX": 0.0, "offsetY": 0.0, "offsetZ": 0.0, "rotationX": 0.0, "rotationY": 0.0, "rotationZ": -10.0 },
						"R back leg": { "offsetX": 0.0, "offsetY": -1.125, "offsetZ": 0.0, "rotationX": 3.0, "rotationY": 0.0, "rotationZ": -22.5 },
						"L back leg": { "offsetX": -1.125, "offsetY": -2.25, "offsetZ": 0.0, "rotationX": 0.0, "rotationY": 0.0, "rotationZ": 0.0 },
						"tail": { "offsetX": 0.0, "offsetY": 0.0, "offsetZ": 0.0, "rotationX": 0.0, "rotationY": 0.0, "rotationZ": 0.0 },
						"Jaw": { "offsetX": -0.6328, "offsetY": 0.0, "offsetZ": 0.0, "rotationX": 0.0, "rotationY": 0.0, "rotationZ": 30.0 }
					}
				},
				{
					"frame": 67,
					"elements": {
						"Frontbody": { "rotationX": 0.0, "rotationY": 0.0, "rotationZ": 3.0 }
					}
				},
				{
					"frame": 75,
					"elements": {
						"L back leg": { "offsetX": 0.0, "offsetY": -1.125, "offsetZ": 0.0 },
						"Jaw": { "rotationX": 0.0, "rotationY": 0.0, "rotationZ": 0.0 },
						"HeadHair": { "offsetX": 0.0, "offsetY": -0.1054, "offsetZ": 0.0, "rotationX": 0.0, "rotationY": 0.0, "rotationZ": 6.0 }
					}
				},
				{
					"frame": 79,
					"elements": {
						"R front leg": { "offsetX": 0.0, "offsetY": 2.25, "offsetZ": 0.0 },
						"Jaw": { "rotationX": 0.0, "rotationY": 0.0, "rotationZ": -8.0 }
					}
				},
				{
					"frame": 110,
					"elements": {
						"Body": { "offsetX": 0.0, "offsetY": 0.0, "offsetZ": 0.0, "rotationX": 0.0, "rotationY": 0.0, "rotationZ": 0.0 },
						"R front leg": { "offsetX": 0.0, "offsetY": 0.0, "offsetZ": 0.0, "rotationX": 0.0, "rotationY": 0.0, "rotationZ": 0.0 },
						"L front leg": { "offsetX": 0.0, "offsetY": 0.0, "offsetZ": 0.0, "rotationX": 0.0, "rotationY": 0.0, "rotationZ": 0.0 },
						"L front foot": { "offsetX": 0.0, "offsetY": 0.0, "offsetZ": 0.0, "rotationX": 0.0, "rotationY": 0.0, "rotationZ": 0.0 },
						"R back leg": { "offsetX": 0.0, "offsetY": 0.0, "offsetZ": 0.0, "rotationX": 0.0, "rotationY": 0.0, "rotationZ": 0.0 },
						"L back leg": { "offsetX": 0.0, "offsetY": 0.0, "offsetZ": 0.0, "rotationX": 0.0, "rotationY": 0.0, "rotationZ": 0.0 },
						"tail": { "offsetX": 0.0, "offsetY": 0.0, "offsetZ": 0.0, "rotationX": 0.0, "rotationY": 0.0, "rotationZ": 0.0 },
						"Jaw": { "rotationX": 0.0, "rotationY": 0.0, "rotationZ": 6.0 }
					}
				}
			]
		},

		{
			"name": "Hurt",
			"code": "hurt",
			"quantityframes": 30,
			"onActivityStopped": "PlayTillEnd",
			"onAnimationEnd": "Stop",
			"keyframes": [
				{
					"frame": 0,
					"elements": {
						"Body": { "offsetX": 0.0, "offsetY": 0.0, "offsetZ": 0.0, "rotationX": 0.0, "rotationY": 0.0, "rotationZ": 0.0 },
						"R front leg": { "offsetX": 0.0, "offsetY": 0.0, "offsetZ": 0.0, "rotationX": 0.0, "rotationY": 0.0, "rotationZ": 0.0 },
						"L front leg": { "offsetX": 0.0, "offsetY": 0.0, "offsetZ": 0.0, "rotationX": 0.0, "rotationY": 0.0, "rotationZ": 0.0 },
						"L front foot": { "offsetX": 0.0, "offsetY": 0.0, "offsetZ": 0.0, "rotationX": 0.0, "rotationY": 0.0, "rotationZ": 0.0 },
						"R back leg": { "offsetX": 0.0, "offsetY": 0.0, "offsetZ": 0.0, "rotationX": 0.0, "rotationY": 0.0, "rotationZ": 0.0 },
						"L back leg": { "offsetX": 0.0, "offsetY": 0.0, "offsetZ": 0.0, "rotationX": 0.0, "rotationY": 0.0, "rotationZ": 0.0 },
						"tail": { "rotationX": 0.0, "rotationY": 0.0, "rotationZ": 0.0 }
					}
				},
				{
					"frame": 6,
					"elements": {
						"Body": { "offsetX": 0.0, "offsetY": -2.3812, "offsetZ": 0.0, "rotationX": 1.0, "rotationY": 0.0, "rotationZ": -8.0 },
						"R front leg": { "offsetX": 0.0, "offsetY": -1.125, "offsetZ": 0.0, "rotationX": -3.0, "rotationY": 0.0, "rotationZ": 5.0 },
						"L front leg": { "offsetX": 0.0, "offsetY": 0.0, "offsetZ": 0.0, "rotationX": 0.0, "rotationY": 0.0, "rotationZ": -5.0 },
						"L front foot": { "offsetX": 0.0, "offsetY": 0.0, "offsetZ": 0.0, "rotationX": 0.0, "rotationY": 0.0, "rotationZ": 25.0 },
						"R back leg": { "offsetX": 0.0, "offsetY": 1.125, "offsetZ": 0.0, "rotationX": 2.0, "rotationY": 0.0, "rotationZ": 15.0 },
						"L back leg": { "offsetX": 0.0, "offsetY": 1.125, "offsetZ": 0.0, "rotationX": 1.0, "rotationY": 0.0, "rotationZ": 15.0 },
						"tail": { "rotationX": 0.0, "rotationY": 0.0, "rotationZ": 0.0 }
					}
				}
			]
		},

		{
			"name": "Sit",
			"code": "sit",
			"quantityframes": 50,
			"onActivityStopped": "EaseOut",
			"onAnimationEnd": "Repeat",
			"keyframes": [
				{
					"frame": 0,
					"elements": {
						"Body": { "offsetX": 0.0, "offsetY": -8.7187, "offsetZ": 2.25, "rotationX": 9.0, "rotationY": 0.0, "rotationZ": 0.0 },
						"R front leg": { "offsetX": 4.5, "offsetY": 2.25, "offsetZ": 2.25, "rotationX": 33.0, "rotationY": 8.0, "rotationZ": -80.0 },
						"L front leg": { "offsetX": 3.375, "offsetY": 2.625, "offsetZ": 0.0, "rotationX": -6.0, "rotationY": 8.0, "rotationZ": -78.0 },
						"L front foot": { "offsetX": -0.525, "offsetY": 0.0, "offsetZ": 0.0, "rotationX": 0.0, "rotationY": 0.0, "rotationZ": 138.0 },
						"L back leg": { "offsetX": 6.75, "offsetY": 3.375, "offsetZ": 0.0, "rotationX": 0.0, "rotationY": 0.0, "rotationZ": -66.0 },
						"R back leg": { "offsetX": 6.75, "offsetY": 4.5, "offsetZ": 0.0, "rotationX": 0.0, "rotationY": 0.0, "rotationZ": -61.0 },
						"R front foot": { "rotationX": 0.0, "rotationY": 0.0, "rotationZ": 111.0 }
					}
				},
				{
					"frame": 15,
					"elements": {
						"Body": { "offsetX": 0.0, "offsetY": -8.7187, "offsetZ": 2.25, "rotationX": 9.0, "rotationY": 0.0, "rotationZ": -1.0 },
						"R front leg": { "rotationX": 33.0, "rotationY": 9.0, "rotationZ": -51.0 },
						"L front foot": { "rotationX": 0.0, "rotationY": 0.0, "rotationZ": 0.0 }
					}
				}
			]
		},

		{
			"name": "Sleep",
			"code": "sleep",
			"quantityframes": 50,
			"onActivityStopped": "EaseOut",
			"onAnimationEnd": "Repeat",
			"keyframes": [
				{
					"frame": 0,
					"elements": {
						"Body": { "offsetX": 0.0, "offsetY": -8.4375, "offsetZ": 0.0, "rotationX": -8.0, "rotationY": -5.0, "rotationZ": 5.0 },
						"R front leg": { "offsetX": 1.125, "offsetY": 2.25, "offsetZ": 0.7031, "rotationX": 6.0, "rotationY": 14.0, "rotationZ": 19.0 },
						"L front leg": { "offsetX": 1.125, "offsetY": 2.25, "offsetZ": 0.0, "rotationX": -6.0, "rotationY": -3.0, "rotationZ": 28.0 },
						"L front foot": { "rotationX": 0.0, "rotationY": 0.0, "rotationZ": 122.0 },
						"Neck2": { "rotationX": 0.0, "rotationY": 0.0, "rotationZ": 0.0 },
						"Head": { "offsetX": 0.0, "offsetY": -1.2656, "offsetZ": 0.0, "rotationX": 0.0, "rotationY": 0.0, "rotationZ": 6.0 },
						"HeadHair": { "offsetX": 0.0, "offsetY": -0.4219, "offsetZ": 0.0, "rotationX": 0.0, "rotationY": 0.0, "rotationZ": 25.0 },
						"R front foot": { "rotationX": 0.0, "rotationY": 0.0, "rotationZ": 111.0 },
						"R front leg2": { "offsetX": -3.75, "offsetY": 1.5, "offsetZ": 0.0, "rotationX": 0.0, "rotationY": 0.0, "rotationZ": 80.0 },
						"L front leg2": { "offsetX": -3.75, "offsetY": 1.5, "offsetZ": 0.0, "rotationX": 0.0, "rotationY": 0.0, "rotationZ": 80.0 },
						"Pupil2": { "offsetX": 0.0, "offsetY": 0.0, "offsetZ": -0.75 },
						"Pupil1": { "offsetX": 0.0, "offsetY": 0.0, "offsetZ": 0.75 }
					}
				},
				{
					"frame": 15,
					"elements": {
						"Body": { "offsetX": 0.0, "offsetY": -8.4375, "offsetZ": 0.0, "rotationX": -8.0, "rotationY": -5.0, "rotationZ": 5.0 },
						"Neck2": { "rotationX": 0.0, "rotationY": 0.0, "rotationZ": 0.0 },
						"Head": { "offsetX": 0.0, "offsetY": -1.2656, "offsetZ": 0.0, "rotationX": 0.0, "rotationY": 0.0, "rotationZ": 6.0 },
						"HeadHair": { "offsetX": 0.0, "offsetY": -0.4219, "offsetZ": 0.0, "rotationX": 0.0, "rotationY": 0.0, "rotationZ": 25.0 },
						"Pupil1": { "offsetX": 0.0, "offsetY": 0.0, "offsetZ": 0.75 },
						"Pupil2": { "offsetX": 0.0, "offsetY": 0.0, "offsetZ": -0.75 },
						"R front leg2": { "offsetX": -3.75, "offsetY": 1.5, "offsetZ": 0.0, "rotationX": 0.0, "rotationY": 0.0, "rotationZ": 80.0 },
						"L front leg2": { "offsetX": -3.75, "offsetY": 1.5, "offsetZ": 0.0, "rotationX": 0.0, "rotationY": 0.0, "rotationZ": 80.0 },
						"L front leg": { "offsetX": 1.125, "offsetY": 2.25, "offsetZ": 0.0, "rotationX": -6.0, "rotationY": -3.0, "rotationZ": 28.0 },
						"L front foot": { "rotationX": 0.0, "rotationY": 0.0, "rotationZ": 122.0 },
						"R front leg": { "offsetX": 1.125, "offsetY": 2.25, "offsetZ": 0.7031, "rotationX": 6.0, "rotationY": 14.0, "rotationZ": 19.0 },
						"R front foot": { "rotationX": 0.0, "rotationY": 0.0, "rotationZ": 111.0 }
					}
				}
			]
		}
	]
}