{
  "textureWidth":16,
  "textureHeight":16,
  "textures":{
    "grip":"game:block/leather/plain"
  },
  "textureSizes":{
    "grip":[
      32,
      32
    ]
  },
  "elements":[
    {
      "name":"origin",
      "from":[
        11.0,
        0.5,
        7.699999988079071
      ],
      "to":[
        11.0,
        0.5,
        7.699999988079071
      ],
      "rotationOrigin":[
        8.0,
        0.0,
        8.0
      ],
      "group":"fine_fabric",
      "faces":{
        "north":{
          "texture":"#0",
          "uv":[
            0,
            0,
            4,
            4
          ],
          "autoUv":false
        },
        "east":{
          "texture":"#0",
          "uv":[
            0,
            0,
            4,
            4
          ],
          "autoUv":false
        },
        "south":{
          "texture":"#0",
          "uv":[
            0,
            0,
            4,
            4
          ],
          "autoUv":false
        },
        "west":{
          "texture":"#0",
          "uv":[
            0,
            0,
            4,
            4
          ],
          "autoUv":false
        },
        "up":{
          "texture":"#grip",
          "uv":[
            0.0,
            0.0,
            1.0,
            1.0
          ],
          "autoUv":false,
          "rotation":180
        },
        "down":{
          "texture":"#0",
          "uv":[
            0,
            0,
            4,
            4
          ],
          "autoUv":false
        }
      },
      "children":[
        {
          "name":"fine_fabric1",
          "from":[
            -7.591978311538696,
            -0.14208251237869263,
            -0.21299737691879272
          ],
          "to":[
            -4.835419535636902,
            1.1032199263572693,
            0.8129974007606506
          ],
          "rotationOrigin":[
            -6.213698863983154,
            0.48056870698928833,
            0.30000001192092896
          ],
          "rotationY":-179.9999230466863,
          "group":"fine_fabric",
          "faces":{
            "north":{
              "texture":"#grip",
              "uv":[
                4.228766918182373,
                8.030017852783203,
                13.923545837402344,
                11.966426849365234
              ],
              "autoUv":false
            },
            "east":{
              "texture":"#grip",
              "uv":[
                7.785825729370117,
                1.6866130828857422,
                9.785825729370117,
                5.686613082885742
              ],
              "autoUv":false
            },
            "south":{
              "texture":"#grip",
              "uv":[
                13.923545837402344,
                8.030017852783203,
                4.228766918182373,
                11.966426849365234
              ],
              "autoUv":false
            },
            "west":{
              "texture":"#grip",
              "uv":[
                7.785825729370117,
                1.6866130828857422,
                9.785825729370117,
                5.686613082885742
              ],
              "autoUv":false
            },
            "up":{
              "texture":"#grip",
              "uv":[
                10.178778648376465,
                10.02560806274414,
                19.003103256225586,
                12.977596282958984
              ],
              "autoUv":false,
              "rotation":180
            },
            "down":{
              "texture":"#grip",
              "uv":[
                10.178778648376465,
                12.977596282958984,
                19.003103256225586,
                10.02560806274414
              ],
              "autoUv":false
            }
          },
          "children":[]
        }
      ]
    }
  ],
  "groups":[]
}