{
	"editor": {
		"collapsedPaths": "",
		"allAngles": false,
		"entityTextureMode": false
	},
	"textureWidth": 16,
	"textureHeight": 16,
	"textureSizes": {
	},
	"textures": {
		"cheddarjack": "item/food/dairy/cheddarjack",
		"potato": "item/food/cooked-perfect",
		"meatbroth": "item/liquid/meatbroth"
	},
	"elements": [
		{
			"name": "Fries",
			"from": [ 8.0, 0.0, 8.0 ],
			"to": [ 8.0, 0.0, 8.0 ],
			"rotationOrigin": [ 8.0, 0.0, 8.0 ],
			"faces": {
				"north": { "texture": "#meatbroth", "uv": [ 0.0, 0.0, 0.5, 0.5 ] },
				"east": { "texture": "#meatbroth", "uv": [ 0.0, 0.0, 0.5, 0.5 ] },
				"south": { "texture": "#meatbroth", "uv": [ 0.0, 0.0, 0.5, 0.5 ] },
				"west": { "texture": "#meatbroth", "uv": [ 0.0, 0.0, 0.5, 0.5 ] },
				"up": { "texture": "#meatbroth", "uv": [ 0.0, 0.0, 0.5, 0.5 ] },
				"down": { "texture": "#meatbroth", "uv": [ 0.0, 0.0, 0.5, 0.5 ] }
			},
			"children": [
				{
					"name": "Cube9",
					"from": [ -2.0, 2.0, 0.5 ],
					"to": [ 4.0, 3.0, 1.5 ],
					"rotationOrigin": [ -2.0, 2.0, 0.0 ],
					"rotationY": 45.0,
					"rotationZ": -22.5,
					"faces": {
						"north": { "texture": "#potato", "uv": [ 1.5, 13.5, 7.5, 14.5 ] },
						"east": { "texture": "#potato", "uv": [ 4.0, 12.5, 5.0, 13.5 ] },
						"south": { "texture": "#potato", "uv": [ 1.5, 12.5, 7.5, 13.5 ] },
						"west": { "texture": "#potato", "uv": [ 2.5, 13.5, 3.5, 14.5 ] },
						"up": { "texture": "#potato", "uv": [ 2.5, 12.5, 8.5, 13.5 ] },
						"down": { "texture": "#potato", "uv": [ 1.5, 13.5, 7.5, 14.5 ] }
					}
				},
				{
					"name": "Cube8",
					"from": [ -3.0, 0.0, -1.0 ],
					"to": [ 5.0, 0.9, 0.0 ],
					"rotationOrigin": [ -3.0, 0.0, -1.0 ],
					"faces": {
						"north": { "texture": "#potato", "uv": [ 0.0, 5.0, 8.0, 5.5 ] },
						"east": { "texture": "#potato", "uv": [ 3.0, 5.5, 4.0, 6.0 ] },
						"south": { "texture": "#potato", "uv": [ 0.0, 0.0, 8.0, 0.5 ] },
						"west": { "texture": "#potato", "uv": [ 2.0, 4.5, 3.0, 5.0 ] },
						"up": { "texture": "#potato", "uv": [ 1.0, 9.5, 9.0, 10.5 ] },
						"down": { "texture": "#potato", "uv": [ 4.0, 8.0, 12.0, 9.0 ] }
					}
				},
				{
					"name": "Cube7",
					"from": [ -3.0, 0.0, 1.5 ],
					"to": [ 5.0, 1.0, 2.6 ],
					"rotationOrigin": [ -3.0, 0.0, 1.0 ],
					"faces": {
						"north": { "texture": "#potato", "uv": [ 0.0, 0.0, 8.0, 1.0 ] },
						"east": { "texture": "#potato", "uv": [ 0.0, 0.0, 1.0, 1.0 ] },
						"south": { "texture": "#potato", "uv": [ 0.0, 0.0, 8.0, 1.0 ] },
						"west": { "texture": "#potato", "uv": [ 0.0, 0.0, 1.0, 1.0 ] },
						"up": { "texture": "#potato", "uv": [ 0.0, 0.0, 8.0, 1.0 ] },
						"down": { "texture": "#potato", "uv": [ 0.0, 0.0, 8.0, 1.0 ] }
					}
				},
				{
					"name": "Cube6",
					"from": [ 1.0, 2.0, 1.0 ],
					"to": [ 7.0, 3.0, 2.0 ],
					"rotationOrigin": [ 1.0, 2.0, 1.0 ],
					"rotationY": -22.5,
					"rotationZ": -22.5,
					"faces": {
						"north": { "texture": "#potato", "uv": [ 1.5, 13.5, 7.5, 14.5 ] },
						"east": { "texture": "#potato", "uv": [ 4.0, 12.5, 5.0, 13.5 ] },
						"south": { "texture": "#potato", "uv": [ 1.5, 12.5, 7.5, 13.5 ] },
						"west": { "texture": "#potato", "uv": [ 2.5, 13.5, 3.5, 14.5 ] },
						"up": { "texture": "#potato", "uv": [ 2.5, 12.5, 8.5, 13.5 ] },
						"down": { "texture": "#potato", "uv": [ 1.5, 13.5, 7.5, 14.5 ] }
					}
				},
				{
					"name": "Cube5",
					"from": [ -3.0, 1.0, 2.0 ],
					"to": [ 3.0, 2.0, 3.0 ],
					"rotationOrigin": [ -3.0, 1.0, 2.0 ],
					"rotationY": 22.5,
					"faces": {
						"north": { "texture": "#potato", "uv": [ 2.0, 13.0, 8.0, 14.0 ] },
						"east": { "texture": "#potato", "uv": [ 1.5, 9.5, 2.5, 10.5 ] },
						"south": { "texture": "#potato", "uv": [ 0.5, 8.0, 6.5, 9.0 ] },
						"west": { "texture": "#potato", "uv": [ 1.5, 9.5, 2.5, 10.5 ] },
						"up": { "texture": "#potato", "uv": [ 1.5, 9.0, 7.5, 10.0 ] },
						"down": { "texture": "#potato", "uv": [ 1.0, 10.0, 7.0, 11.0 ] }
					}
				},
				{
					"name": "Cube4",
					"from": [ -2.0, 0.0, 0.25 ],
					"to": [ 4.0, 1.0, 1.25 ],
					"rotationOrigin": [ -2.0, 0.0, 0.0 ],
					"faces": {
						"north": { "texture": "#potato", "uv": [ 0.0, 0.0, 6.0, 1.0 ] },
						"east": { "texture": "#potato", "uv": [ 0.0, 0.0, 1.0, 1.0 ] },
						"south": { "texture": "#potato", "uv": [ 0.0, 0.0, 6.0, 1.0 ] },
						"west": { "texture": "#potato", "uv": [ 0.0, 0.0, 1.0, 1.0 ] },
						"up": { "texture": "#potato", "uv": [ 0.0, 0.0, 6.0, 1.0 ] },
						"down": { "texture": "#potato", "uv": [ 0.0, 0.0, 6.0, 1.0 ] }
					}
				},
				{
					"name": "Cube3",
					"from": [ -3.0, 1.0, 0.75 ],
					"to": [ 5.0, 2.0, 1.75 ],
					"rotationOrigin": [ -3.0, 1.0, 1.0 ],
					"rotationY": 22.5,
					"faces": {
						"north": { "texture": "#potato", "uv": [ 2.5, 13.0, 10.5, 14.0 ] },
						"east": { "texture": "#potato", "uv": [ 3.0, 14.0, 4.0, 15.0 ] },
						"south": { "texture": "#potato", "uv": [ 1.5, 13.0, 9.5, 14.0 ] },
						"west": { "texture": "#potato", "uv": [ 2.5, 13.5, 3.5, 14.5 ] },
						"up": { "texture": "#potato", "uv": [ 1.0, 13.0, 9.0, 14.0 ] },
						"down": { "texture": "#potato", "uv": [ 1.5, 13.0, 9.5, 14.0 ] }
					}
				},
				{
					"name": "Cube2",
					"from": [ -3.0, 0.0, -2.25 ],
					"to": [ 4.0, 1.0, -1.25 ],
					"rotationOrigin": [ -3.0, 0.0, -2.0 ],
					"faces": {
						"north": { "texture": "#potato", "uv": [ 0.0, 0.0, 7.0, 1.0 ] },
						"east": { "texture": "#potato", "uv": [ 0.0, 0.0, 1.0, 1.0 ] },
						"south": { "texture": "#potato", "uv": [ 0.0, 0.0, 7.0, 1.0 ] },
						"west": { "texture": "#potato", "uv": [ 0.0, 0.0, 1.0, 1.0 ] },
						"up": { "texture": "#potato", "uv": [ 0.0, 0.0, 7.0, 1.0 ] },
						"down": { "texture": "#potato", "uv": [ 0.0, 0.0, 7.0, 1.0 ] }
					}
				}
			]
		},
		{
			"name": "Cheese",
			"from": [ 8.0, 2.0, 8.0 ],
			"to": [ 8.0, 2.0, 8.0 ],
			"rotationOrigin": [ 8.0, 2.0, 8.0 ],
			"faces": {
				"north": { "texture": "#cheddarjack", "uv": [ 0.0, 0.0, 0.5, 0.5 ] },
				"east": { "texture": "#cheddarjack", "uv": [ 0.0, 0.0, 0.5, 0.5 ] },
				"south": { "texture": "#cheddarjack", "uv": [ 0.0, 0.0, 0.5, 0.5 ] },
				"west": { "texture": "#cheddarjack", "uv": [ 0.0, 0.0, 0.5, 0.5 ] },
				"up": { "texture": "#cheddarjack", "uv": [ 0.0, 0.0, 0.5, 0.5 ] },
				"down": { "texture": "#cheddarjack", "uv": [ 0.0, 0.0, 0.5, 0.5 ] }
			},
			"children": [
				{
					"name": "Cube11",
					"from": [ 0.0, 0.25, 0.0 ],
					"to": [ 1.0, 0.75, 1.0 ],
					"rotationOrigin": [ 0.0, 0.0, 0.0 ],
					"rotationZ": -22.5,
					"faces": {
						"north": { "texture": "#cheddarjack", "uv": [ 9.5, 11.5, 13.5, 15.5 ], "autoUv": false },
						"east": { "texture": "#cheddarjack", "uv": [ 10.5, 13.5, 14.0, 15.0 ], "autoUv": false },
						"south": { "texture": "#cheddarjack", "uv": [ 8.5, 13.5, 14.5, 15.5 ], "autoUv": false },
						"west": { "texture": "#cheddarjack", "uv": [ 10.0, 13.0, 16.0, 15.0 ], "autoUv": false },
						"up": { "texture": "#cheddarjack", "uv": [ 12.0, 8.5, 16.0, 12.5 ], "autoUv": false },
						"down": { "texture": "#cheddarjack", "uv": [ 11.0, 12.5, 15.0, 15.5 ], "autoUv": false }
					}
				},
				{
					"name": "Cube12",
					"from": [ 0.0, -1.8, 2.5 ],
					"to": [ 1.0, -1.05, 3.5 ],
					"rotationOrigin": [ 0.0, -1.0, 3.0 ],
					"rotationX": 22.5,
					"faces": {
						"north": { "texture": "#cheddarjack", "uv": [ 8.0, 12.0, 12.0, 16.0 ], "autoUv": false },
						"east": { "texture": "#cheddarjack", "uv": [ 8.0, 12.0, 12.0, 14.0 ], "autoUv": false },
						"south": { "texture": "#cheddarjack", "uv": [ 8.5, 13.0, 12.5, 15.0 ], "autoUv": false },
						"west": { "texture": "#cheddarjack", "uv": [ 12.0, 13.0, 16.0, 15.0 ], "autoUv": false },
						"up": { "texture": "#cheddarjack", "uv": [ 11.5, 12.0, 15.0, 16.0 ], "autoUv": false },
						"down": { "texture": "#cheddarjack", "uv": [ 11.5, 11.0, 12.5, 12.0 ] }
					}
				},
				{
					"name": "Cube13",
					"from": [ 3.0, 0.0, -2.0 ],
					"to": [ 4.0, 0.5, -1.0 ],
					"rotationOrigin": [ 3.0, -2.0, -2.0 ],
					"rotationY": -45.0,
					"faces": {
						"north": { "texture": "#cheddarjack", "uv": [ 8.0, 12.0, 12.0, 16.0 ], "autoUv": false },
						"east": { "texture": "#cheddarjack", "uv": [ 8.0, 12.0, 12.0, 14.0 ], "autoUv": false },
						"south": { "texture": "#cheddarjack", "uv": [ 8.5, 13.0, 12.5, 15.0 ], "autoUv": false },
						"west": { "texture": "#cheddarjack", "uv": [ 12.0, 13.0, 16.0, 15.0 ], "autoUv": false },
						"up": { "texture": "#cheddarjack", "uv": [ 11.5, 12.0, 15.0, 16.0 ], "autoUv": false },
						"down": { "texture": "#cheddarjack", "uv": [ 11.5, 11.0, 12.5, 12.0 ] }
					}
				},
				{
					"name": "Cube14",
					"from": [ -2.0, -1.0, -1.5 ],
					"to": [ -1.0, -0.5, -0.5 ],
					"rotationOrigin": [ -2.0, -1.0, -1.0 ],
					"rotationY": 22.5,
					"faces": {
						"north": { "texture": "#cheddarjack", "uv": [ 8.0, 12.0, 12.0, 16.0 ], "autoUv": false },
						"east": { "texture": "#cheddarjack", "uv": [ 8.0, 12.0, 12.0, 14.0 ], "autoUv": false },
						"south": { "texture": "#cheddarjack", "uv": [ 8.5, 13.0, 12.5, 15.0 ], "autoUv": false },
						"west": { "texture": "#cheddarjack", "uv": [ 12.0, 13.0, 16.0, 15.0 ], "autoUv": false },
						"up": { "texture": "#cheddarjack", "uv": [ 11.5, 12.0, 15.0, 16.0 ], "autoUv": false },
						"down": { "texture": "#cheddarjack", "uv": [ 11.5, 11.0, 12.5, 12.0 ] }
					}
				},
				{
					"name": "Cube15",
					"from": [ 3.0, -1.0, 0.0 ],
					"to": [ 4.0, -0.5, 1.0 ],
					"rotationOrigin": [ 3.0, -1.0, 0.0 ],
					"faces": {
						"north": { "texture": "#cheddarjack", "uv": [ 8.0, 12.0, 12.0, 16.0 ], "autoUv": false },
						"east": { "texture": "#cheddarjack", "uv": [ 8.0, 12.0, 12.0, 14.0 ], "autoUv": false },
						"south": { "texture": "#cheddarjack", "uv": [ 8.5, 13.0, 12.5, 15.0 ], "autoUv": false },
						"west": { "texture": "#cheddarjack", "uv": [ 12.0, 13.0, 16.0, 15.0 ], "autoUv": false },
						"up": { "texture": "#cheddarjack", "uv": [ 11.5, 12.0, 15.0, 16.0 ], "autoUv": false },
						"down": { "texture": "#cheddarjack", "uv": [ 11.5, 11.0, 12.5, 12.0 ] }
					}
				}
			]
		},
		{
			"name": "Broth",
			"from": [ 8.0, 0.0, 8.0 ],
			"to": [ 8.0, 0.0, 8.0 ],
			"renderPass": 4,
			"rotationOrigin": [ 8.0, 0.01, 8.0 ],
			"faces": {
				"north": { "texture": "#meatbroth", "uv": [ 0.0, 0.0, 0.5, 0.5 ] },
				"east": { "texture": "#meatbroth", "uv": [ 0.0, 0.0, 0.5, 0.5 ] },
				"south": { "texture": "#meatbroth", "uv": [ 0.0, 0.0, 0.5, 0.5 ] },
				"west": { "texture": "#meatbroth", "uv": [ 0.0, 0.0, 0.5, 0.5 ] },
				"up": { "texture": "#meatbroth", "uv": [ 0.0, 0.0, 0.5, 0.5 ] },
				"down": { "texture": "#meatbroth", "uv": [ 0.0, 0.0, 0.5, 0.5 ] }
			},
			"children": [
				{
					"name": "Cube10",
					"from": [ -2.0, 0.01, 0.0 ],
					"to": [ 4.0, 0.01, 5.0 ],
					"renderPass": 4,
					"rotationOrigin": [ -2.0, 0.0, 0.0 ],
					"rotationY": 22.5,
					"faces": {
						"north": { "texture": "#meatbroth", "uv": [ 0.0, 0.0, 6.0, 0.5 ] },
						"east": { "texture": "#meatbroth", "uv": [ 0.0, 0.0, 5.0, 0.5 ] },
						"south": { "texture": "#meatbroth", "uv": [ 0.0, 0.0, 6.0, 0.5 ] },
						"west": { "texture": "#meatbroth", "uv": [ 0.0, 0.0, 5.0, 0.5 ] },
						"up": { "texture": "#meatbroth", "uv": [ 0.0, 0.0, 16.0, 10.0 ], "autoUv": false },
						"down": { "texture": "#meatbroth", "uv": [ 0.0, 0.0, 6.0, 5.0 ] }
					}
				},
				{
					"name": "Cube16",
					"from": [ -3.0, 0.01, -1.0 ],
					"to": [ 2.0, 0.01, 3.0 ],
					"renderPass": 4,
					"rotationOrigin": [ -3.0, 0.0, -1.0 ],
					"rotationY": 45.0,
					"faces": {
						"north": { "texture": "#meatbroth", "uv": [ 0.0, 0.0, 5.0, 0.5 ] },
						"east": { "texture": "#meatbroth", "uv": [ 0.0, 0.0, 4.0, 0.5 ] },
						"south": { "texture": "#meatbroth", "uv": [ 0.0, 0.0, 5.0, 0.5 ] },
						"west": { "texture": "#meatbroth", "uv": [ 0.0, 0.0, 4.0, 0.5 ] },
						"up": { "texture": "#meatbroth", "uv": [ 0.0, 0.0, 16.0, 10.0 ], "autoUv": false },
						"down": { "texture": "#meatbroth", "uv": [ 0.0, 0.0, 5.0, 4.0 ] }
					}
				},
				{
					"name": "Cube17",
					"from": [ -3.0, 0.01, 2.0 ],
					"to": [ -1.0, 0.01, 3.0 ],
					"renderPass": 4,
					"rotationOrigin": [ -3.0, 0.0, 2.0 ],
					"faces": {
						"north": { "texture": "#meatbroth", "uv": [ 0.0, 0.0, 2.0, 0.5 ] },
						"east": { "texture": "#meatbroth", "uv": [ 0.0, 0.0, 1.0, 0.5 ] },
						"south": { "texture": "#meatbroth", "uv": [ 0.0, 0.0, 2.0, 0.5 ] },
						"west": { "texture": "#meatbroth", "uv": [ 0.0, 0.0, 1.0, 0.5 ] },
						"up": { "texture": "#meatbroth", "uv": [ 0.0, 0.0, 16.0, 10.0 ], "autoUv": false },
						"down": { "texture": "#meatbroth", "uv": [ 0.0, 0.0, 2.0, 1.0 ] }
					}
				},
				{
					"name": "Cube18",
					"from": [ -3.0, 0.01, 3.0 ],
					"to": [ -2.0, 0.01, 4.0 ],
					"renderPass": 4,
					"rotationOrigin": [ -3.0, 0.0, 3.0 ],
					"faces": {
						"north": { "texture": "#meatbroth", "uv": [ 0.0, 0.0, 1.0, 0.5 ] },
						"east": { "texture": "#meatbroth", "uv": [ 0.0, 0.0, 1.0, 0.5 ] },
						"south": { "texture": "#meatbroth", "uv": [ 0.0, 0.0, 1.0, 0.5 ] },
						"west": { "texture": "#meatbroth", "uv": [ 0.0, 0.0, 1.0, 0.5 ] },
						"up": { "texture": "#meatbroth", "uv": [ 0.0, 0.0, 16.0, 10.0 ], "autoUv": false },
						"down": { "texture": "#meatbroth", "uv": [ 0.0, 0.0, 1.0, 1.0 ] }
					}
				},
				{
					"name": "Cube19",
					"from": [ 4.0, 0.01, 2.0 ],
					"to": [ 6.0, 0.01, 4.0 ],
					"renderPass": 4,
					"rotationOrigin": [ 4.0, 0.0, 2.0 ],
					"rotationY": -45.0,
					"faces": {
						"north": { "texture": "#meatbroth", "uv": [ 0.0, 0.0, 2.0, 0.5 ] },
						"east": { "texture": "#meatbroth", "uv": [ 0.0, 0.0, 2.0, 0.5 ] },
						"south": { "texture": "#meatbroth", "uv": [ 0.0, 0.0, 2.0, 0.5 ] },
						"west": { "texture": "#meatbroth", "uv": [ 0.0, 0.0, 2.0, 0.5 ] },
						"up": { "texture": "#meatbroth", "uv": [ 0.0, 0.0, 16.0, 10.0 ], "autoUv": false },
						"down": { "texture": "#meatbroth", "uv": [ 0.0, 0.0, 2.0, 2.0 ] }
					}
				},
				{
					"name": "Cube20",
					"from": [ 0.0, 1.1, 0.5 ],
					"to": [ 2.0, 1.1, 2.5 ],
					"renderPass": 4,
					"rotationOrigin": [ 0.0, 1.0, 0.0 ],
					"rotationY": -7.0,
					"faces": {
						"north": { "texture": "#meatbroth", "uv": [ 0.0, 0.0, 2.0, 0.5 ] },
						"east": { "texture": "#meatbroth", "uv": [ 0.0, 0.0, 2.0, 0.5 ] },
						"south": { "texture": "#meatbroth", "uv": [ 0.0, 0.0, 2.0, 0.5 ] },
						"west": { "texture": "#meatbroth", "uv": [ 0.0, 0.0, 2.0, 0.5 ] },
						"up": { "texture": "#meatbroth", "uv": [ 0.0, 0.0, 16.0, 10.0 ], "autoUv": false },
						"down": { "texture": "#meatbroth", "uv": [ 0.0, 0.0, 2.0, 2.0 ] }
					}
				},
				{
					"name": "Cube21",
					"from": [ 1.5, 1.1, 0.5 ],
					"to": [ 3.5, 1.1, 2.5 ],
					"renderPass": 4,
					"rotationOrigin": [ 1.0, 1.0, 0.0 ],
					"rotationY": -7.0,
					"faces": {
						"north": { "texture": "#meatbroth", "uv": [ 0.0, 0.0, 2.0, 0.5 ] },
						"east": { "texture": "#meatbroth", "uv": [ 0.0, 0.0, 2.0, 0.5 ] },
						"south": { "texture": "#meatbroth", "uv": [ 0.0, 0.0, 2.0, 0.5 ] },
						"west": { "texture": "#meatbroth", "uv": [ 0.0, 0.0, 2.0, 0.5 ] },
						"up": { "texture": "#meatbroth", "uv": [ 0.0, 0.0, 16.0, 10.0 ], "autoUv": false, "windMode": [-1,-1,-1,-1] },
						"down": { "texture": "#meatbroth", "uv": [ 0.0, 0.0, 2.0, 2.0 ] }
					}
				},
				{
					"name": "Cube22",
					"from": [ 1.5, 1.1, -2.5 ],
					"to": [ 3.5, 1.1, -0.5 ],
					"renderPass": 4,
					"rotationOrigin": [ 1.0, 1.0, -3.0 ],
					"rotationY": -7.0,
					"faces": {
						"north": { "texture": "#meatbroth", "uv": [ 0.0, 0.0, 2.0, 0.5 ] },
						"east": { "texture": "#meatbroth", "uv": [ 0.0, 0.0, 2.0, 0.5 ] },
						"south": { "texture": "#meatbroth", "uv": [ 0.0, 0.0, 2.0, 0.5 ] },
						"west": { "texture": "#meatbroth", "uv": [ 0.0, 0.0, 2.0, 0.5 ] },
						"up": { "texture": "#meatbroth", "uv": [ 0.0, 0.0, 16.0, 10.0 ], "autoUv": false, "windMode": [-1,-1,-1,-1] },
						"down": { "texture": "#meatbroth", "uv": [ 0.0, 0.0, 2.0, 2.0 ] }
					}
				},
				{
					"name": "Cube23",
					"from": [ 0.5, 2.1, -0.5 ],
					"to": [ 2.5, 2.1, 0.5 ],
					"renderPass": 4,
					"rotationOrigin": [ 0.0, 2.0, -1.0 ],
					"rotationY": -7.0,
					"faces": {
						"north": { "texture": "#meatbroth", "uv": [ 0.0, 0.0, 2.0, 0.5 ] },
						"east": { "texture": "#meatbroth", "uv": [ 0.0, 0.0, 1.0, 0.5 ] },
						"south": { "texture": "#meatbroth", "uv": [ 0.0, 0.0, 2.0, 0.5 ] },
						"west": { "texture": "#meatbroth", "uv": [ 0.0, 0.0, 1.0, 0.5 ] },
						"up": { "texture": "#meatbroth", "uv": [ 0.0, 0.0, 16.0, 10.0 ], "autoUv": false, "windMode": [-1,-1,-1,-1] },
						"down": { "texture": "#meatbroth", "uv": [ 0.0, 0.0, 2.0, 1.0 ] }
					}
				},
				{
					"name": "Cube24",
					"from": [ 0.5, 2.1, -0.5 ],
					"to": [ 2.5, 2.1, 0.5 ],
					"renderPass": 4,
					"rotationOrigin": [ 0.0, 2.0, -1.0 ],
					"rotationY": 22.5,
					"faces": {
						"north": { "texture": "#meatbroth", "uv": [ 0.0, 0.0, 2.0, 0.5 ] },
						"east": { "texture": "#meatbroth", "uv": [ 0.0, 0.0, 1.0, 0.5 ] },
						"south": { "texture": "#meatbroth", "uv": [ 0.0, 0.0, 2.0, 0.5 ] },
						"west": { "texture": "#meatbroth", "uv": [ 0.0, 0.0, 1.0, 0.5 ] },
						"up": { "texture": "#meatbroth", "uv": [ 0.0, 0.0, 16.0, 10.0 ], "autoUv": false, "windMode": [-1,-1,-1,-1] },
						"down": { "texture": "#meatbroth", "uv": [ 0.0, 0.0, 2.0, 1.0 ] }
					}
				},
				{
					"name": "Cube25",
					"from": [ -2.5, 1.01, -1.2 ],
					"to": [ -0.5, 1.01, -0.2 ],
					"renderPass": 4,
					"rotationOrigin": [ -3.0, 1.0, -2.0 ],
					"rotationY": 22.5,
					"faces": {
						"north": { "texture": "#meatbroth", "uv": [ 0.0, 0.0, 2.0, 0.5 ] },
						"east": { "texture": "#meatbroth", "uv": [ 0.0, 0.0, 1.0, 0.5 ] },
						"south": { "texture": "#meatbroth", "uv": [ 0.0, 0.0, 2.0, 0.5 ] },
						"west": { "texture": "#meatbroth", "uv": [ 0.0, 0.0, 1.0, 0.5 ] },
						"up": { "texture": "#meatbroth", "uv": [ 0.0, 0.0, 16.0, 10.0 ], "autoUv": false, "windMode": [-1,-1,-1,-1] },
						"down": { "texture": "#meatbroth", "uv": [ 0.0, 0.0, 2.0, 1.0 ] }
					}
				},
				{
					"name": "Cube26",
					"from": [ -2.5, 1.51, -1.2 ],
					"to": [ -1.5, 1.51, -0.2 ],
					"renderPass": 4,
					"rotationOrigin": [ -3.0, 2.0, -2.0 ],
					"rotationY": 22.5,
					"faces": {
						"north": { "texture": "#meatbroth", "uv": [ 0.0, 0.0, 1.0, 0.5 ] },
						"east": { "texture": "#meatbroth", "uv": [ 0.0, 0.0, 1.0, 0.5 ] },
						"south": { "texture": "#meatbroth", "uv": [ 0.0, 0.0, 1.0, 0.5 ] },
						"west": { "texture": "#meatbroth", "uv": [ 0.0, 0.0, 1.0, 0.5 ] },
						"up": { "texture": "#meatbroth", "uv": [ 0.0, 0.0, 16.0, 10.0 ], "autoUv": false, "windMode": [-1,-1,-1,-1] },
						"down": { "texture": "#meatbroth", "uv": [ 0.0, 0.0, 1.0, 1.0 ] }
					}
				}
			]
		}
	]}