[
	{
		"op": "replace",
		"path": "/shapeByType",
		"value": {
			"*-copper": { "base": "toolsmith:item/parts/axe/heads/simple" },
			"*-tinbronze": { "base": "toolsmith:item/parts/axe/heads/normal" },
			"*-bismuthbronze": { "base": "toolsmith:item/parts/axe/heads/normal" },
			"*-blackbronze": { "base": "toolsmith:item/parts/axe/heads/normal" },
			"*-gold": { "base": "toolsmith:item/parts/axe/heads/advanced" },
			"*-silver": { "base": "toolsmith:item/parts/axe/heads/advanced" },
			"*-iron": { "base": "toolsmith:item/parts/axe/heads/advanced" },
			"*-steel": { "base": "toolsmith:item/parts/axe/heads/advanced" },
			"*-meteoriciron": { "base": "toolsmith:item/parts/axe/heads/advanced" },
			"*": { "base": "toolsmith:item/parts/axe/heads/nonmetal" },
		},
		"file": "game:itemtypes/toolhead/axehead.json",
		"condition": { "when": "Toolsmith_MultiPartRendering", "isValue": "true" }
	},
	{
		"op": "replace",
		"path": "/guiTransformByType",
		"value": {
			"@*-(gold|silver|iron|meteoriciron|steel)": {
				"translation": { "x": 0, "y": 0, "z": 0 },
				"rotation": { "x": -70, "y": 70, "z": -50 },
				"origin": { "x": 1.07, "y": 0, "z": 0.4 },
				"scale": 3.2
			},
			"@*-(copper|tinbronze|bismuthbronze|blackbronze)": {
				"translation": { "x": 0, "y": 0, "z": 0 },
				"rotation": { "x": -70, "y": 70, "z": -50 },
				"origin": { "x": 1.07, "y": 0, "z": 0.43 },
				"scale": 3.2
			},
			"*": {
				"translation": { "x": 0, "y": 0, "z": 0 },
				"rotation": { "x": -70, "y": 70, "z": -50 },
				"origin": { "x": 1.07, "y": 0, "z": 0.43 },
				"scale": 3.55
			}
		},
		"file": "game:itemtypes/toolhead/axehead.json",
		"condition": { "when": "Toolsmith_MultiPartRendering", "isValue": "true" }
	},
	{
		"op": "replace",
		"path": "/tpHandTransform",
		"value": {
			"translation": { "x": -0.35, "y": -0.25, "z": -0.6 },
			"rotation": { "x": 0, "y": -90, "z": 0 },
			"origin": { "x": 0.5, "y": 0.5, "z": 0.9 },
			"scale": 0.8
		},
		"file": "game:itemtypes/toolhead/axehead.json",
		"condition": { "when": "Toolsmith_MultiPartRendering", "isValue": "true" }
	},
	{
		"op": "replace",
		"path": "/attributes/onTongTransformByType",
		"value": {
			"@axehead-(copper|bismuthbronze|tinbronze|blackbronze)": {
				"translation": { "x": -0.75, "y": 0, "z": -0.375 },
				"rotation": { "x": 0, "y": -155, "z": -55 }
			},
			"*": {
				"translation": { "x": -0.75, "y": 0, "z": -0.375 },
				"rotation": { "x": 0, "y": -155, "z": -55 }
			}
		},
		"file": "game:itemtypes/toolhead/axehead.json",
		"condition": { "when": "Toolsmith_MultiPartRendering", "isValue": "true" }
	}
]