[
	{
		"op": "addmerge",
		"path": "/shapeByType",
		"value": {
			"*-tinbronze": { "base": "toolsmith:item/parts/saw/heads/simple" },
			"*-bismuthbronze": { "base": "toolsmith:item/parts/saw/heads/simple" },
			"*-blackbronze": { "base": "toolsmith:item/parts/saw/heads/simple" },
			"*-gold": { "base": "toolsmith:item/parts/saw/heads/advanced" },
			"*-silver": { "base": "toolsmith:item/parts/saw/heads/advanced" },
			"*-iron": { "base": "toolsmith:item/parts/saw/heads/advanced" },
			"*-steel": { "base": "toolsmith:item/parts/saw/heads/advanced" },
			"*-meteoriciron": { "base": "toolsmith:item/parts/saw/heads/advanced" },
			"*": { "base": "toolsmith:item/parts/saw/heads/simple" },
		},
		"file": "game:itemtypes/toolhead/sawblade.json",
		"condition": { "when": "Toolsmith_MultiPartRendering", "isValue": "true" }
	},
	{
		"op": "addmerge",
		"path": "/textures",
		"value": {
			"material": { "base": "block/metal/ingot/{metal}" }
		},
		"file": "game:itemtypes/toolhead/sawblade.json",
		"condition": { "when": "Toolsmith_MultiPartRendering", "isValue": "true" }
	},
	{
		"op": "replace",
		"path": "/shape",
		"value": { "base": "toolsmith:item/parts/saw/heads/simple" },
		"file": "game:itemtypes/toolhead/sawblade.json",
		"condition": { "when": "Toolsmith_MultiPartRendering", "isValue": "true" }
	},
	{
		"op": "replace",
		"path": "/groundTransform",
		"value": {
			"translation": { "x": 0, "y": 0, "z": 0 },
			"rotation": { "x": 0, "y": 0, "z": 0 },
			"origin": { "x": 0.5, "y": 0, "z": 0.5 },
			"scale": 3.35
		},
		"file": "game:itemtypes/toolhead/sawblade.json",
		"condition": { "when": "Toolsmith_MultiPartRendering", "isValue": "true" }
	},
	{
		"op": "replace",
		"path": "/guiTransform",
		"value": {
			"translation": { "x": 0, "y": 0, "z": 0 },
			"rotation": { "x": -29, "y": -73, "z": -180 },
			"origin": { "x": 0.5, "y": 0.05, "z": 0.64 },
			"scale": 3.5
		},
		"file": "game:itemtypes/toolhead/sawblade.json",
		"condition": { "when": "Toolsmith_MultiPartRendering", "isValue": "true" }
	},
	{
		"op": "replace",
		"path": "/tpHandTransform",
		"value": {
			"translation": { "x": -0.9, "y": -0.45, "z": -0.05 },
			"rotation": { "x": 90, "y": -174, "z": 0 },
			"scale": 1
		},
		"file": "game:itemtypes/toolhead/sawblade.json",
		"condition": { "when": "Toolsmith_MultiPartRendering", "isValue": "true" }
	},
	{
		"op": "replace",
		"path": "/attributes/onTongTransform",
		"value": {
			"translation": { "x": -1.1, "y": -0.7, "z": -0.95 },
			"rotation": { "x": 168, "y": -98, "z": 105 }
		},
		"file": "game:itemtypes/toolhead/sawblade.json",
		"condition": { "when": "Toolsmith_MultiPartRendering", "isValue": "true" }
	},
	{
		"op": "addmerge",
		"path": "/attributes",
		"value": {
			"inForgeTransform": {
				"translation": { "x": -0.06, "y": -0.1, "z": -0.02 },
				"rotation": { "x": 0, "y": 90, "z": 0 },
				"scale": 0.7
			}
		},
		"file": "game:itemtypes/toolhead/sawblade.json",
		"condition": { "when": "Toolsmith_MultiPartRendering", "isValue": "true" }
	},
	{
		"op": "replace",
		"path": "/guiTransform",
		"value": {
			"translation": { "x": 0, "y": 0, "z": 0 },
			"rotation": { "x": -77, "y": 47, "z": -151 },
			"origin": { "x": 0.45, "y": 0, "z": 0.425 },
			"scale": 1.9
		},
		"file": "game:itemtypes/tool/saw.json",
		"condition": { "when": "Toolsmith_MultiPartRendering", "isValue": "true" }
	},
	{
		"op": "replace",
		"path": "/tpHandTransform",
		"value": {
			"translation": { "x": -0.65, "y": -0.62, "z": -0.05 },
			"rotation": { "x": 90, "y": -174, "z": 0 },
			"scale": 1
		},
		"file": "game:itemtypes/tool/saw.json",
		"condition": { "when": "Toolsmith_MultiPartRendering", "isValue": "true" }
	},
	{
		"op": "replace",
		"path": "/attributes/groundStorageTransform",
		"value": {
			"translation": { "x": 0.03, "y": 0, "z": -0.05 },
			"rotation": { "x": 26, "y": 90, "z": -90 },
			"scale": 0.88
		},
		"file": "game:itemtypes/tool/saw.json",
		"condition": { "when": "Toolsmith_MultiPartRendering", "isValue": "true" }
	},
	{
		"op": "replace",
		"path": "/attributes/toolrackTransform",
		"value": {
			"translation": { "x": -0.15, "y": 0.65, "z": 0 },
			"rotation": { "x": 0, "y": 1, "z": -1 },
			"scale": 1.35
		},
		"file": "game:itemtypes/tool/saw.json",
		"condition": { "when": "Toolsmith_MultiPartRendering", "isValue": "true" }
	},
]