[
	{
		"op": "addmerge",
		"path": "/shapeByType",
		"value": {
			"*-tinbronze": { "base": "toolsmith:item/parts/pickaxe/heads/normal" },
			"*-bismuthbronze": { "base": "toolsmith:item/parts/pickaxe/heads/normal" },
			"*-blackbronze": { "base": "toolsmith:item/parts/pickaxe/heads/normal" },
			"*-gold": { "base": "toolsmith:item/parts/pickaxe/heads/advanced" },
			"*-silver": { "base": "toolsmith:item/parts/pickaxe/heads/advanced" },
			"*-iron": { "base": "toolsmith:item/parts/pickaxe/heads/advanced" },
			"*-steel": { "base": "toolsmith:item/parts/pickaxe/heads/advanced" },
			"*-meteoriciron": { "base": "toolsmith:item/parts/pickaxe/heads/advanced" },
			"*": { "base": "toolsmith:item/parts/pickaxe/heads/simple" },
		},
		"file": "game:itemtypes/toolhead/pickaxehead.json",
		"condition": { "when": "Toolsmith_MultiPartRendering", "isValue": "true" }
	},
	{
		"op": "addmerge",
		"path": "/texturesByType",
		"value": {
			"*": { "material": { "base": "block/metal/ingot/{metal}" } }
		},
		"file": "game:itemtypes/toolhead/pickaxehead.json",
		"condition": { "when": "Toolsmith_MultiPartRendering", "isValue": "true" }
	},
	{
		"op": "replace",
		"path": "/shape",
		"value": { "base": "toolsmith:item/parts/pickaxe/heads/simple" },
		"file": "game:itemtypes/toolhead/pickaxehead.json",
		"condition": { "when": "Toolsmith_MultiPartRendering", "isValue": "true" }
	},
	{
		"op": "replace",
		"path": "/groundTransform",
		"value": {
			"translation": { "x": 0, "y": 0, "z": 0 },
			"rotation": { "x": 0, "y": 0, "z": 0 },
			"origin": { "x": 1, "y": 0, "z": 0.5 },
			"scale": 4.17
		},
		"file": "game:itemtypes/toolhead/pickaxehead.json",
		"condition": { "when": "Toolsmith_MultiPartRendering", "isValue": "true" }
	},
	{
		"op": "replace",
		"path": "/tpHandTransform",
		"value": {
			"translation": { "x": 0, "y": 0, "z": 0 },
			"rotation": { "x": 180, "y": 85, "z": 0 },
			"origin": { "x": -1.5, "y": 0.05, "z": 2 },
			"scale": 0.8
		},
		"file": "game:itemtypes/toolhead/pickaxehead.json",
		"condition": { "when": "Toolsmith_MultiPartRendering", "isValue": "true" }
	},
	{
		"op": "replace",
		"path": "/guiTransform",
		"value": {
			"translation": { "x": 0, "y": 0, "z": 0 },
			"rotation": { "x": -90, "y": 45, "z": -35 },
			"origin": { "x": 0.85, "y": 0, "z": 0.45 },
			"scale": 2.0
		},
		"file": "game:itemtypes/toolhead/pickaxehead.json",
		"condition": { "when": "Toolsmith_MultiPartRendering", "isValue": "true" }
	},
	{
		"op": "replace",
		"path": "/attributes/onTongTransform",
		"value": {
			"translation": { "x": -0.75, "y": 0.22, "z": 0.94 },
			"rotation": { "x": -90, "y": -25, "z": 90 },
			"origin": { "x": 0, "y": 0, "z": 0 }
		},
		"file": "game:itemtypes/toolhead/pickaxehead.json",
		"condition": { "when": "Toolsmith_MultiPartRendering", "isValue": "true" }
	},
	{
		"op": "addmerge",
		"path": "/attributes",
		"value": {
			"inForgeTransform": {
				"translation": { "x": 0.15, "y": -0.1, "z": 0.175 },
				"rotation": { "x": 0, "y": 130, "z": 0 },
				"scale": 0.7
			}
		},
		"file": "game:itemtypes/toolhead/pickaxehead.json",
		"condition": { "when": "Toolsmith_MultiPartRendering", "isValue": "true" }
	}
]