{
  "textureWidth":16,
  "textureHeight":16,
  "textures":{
    "material":"game:block/metal/ingot/copper"
  },
  "textureSizes":{
    "material":[
      32,
      32
    ]
  },
  "elements":[
    {
      "name":"origin",
      "from":[
        11.0,
        0.5,
        7.699999988079071
      ],
      "to":[
        11.0,
        0.5,
        7.699999988079071
      ],
      "rotationOrigin":[
        8.0,
        0.0,
        8.0
      ],
      "group":"unv_metal_stonehead",
      "faces":{
        "north":{
          "texture":"#0",
          "uv":[
            0,
            0,
            4,
            4
          ],
          "autoUv":false
        },
        "east":{
          "texture":"#0",
          "uv":[
            0,
            0,
            4,
            4
          ],
          "autoUv":false
        },
        "south":{
          "texture":"#0",
          "uv":[
            0,
            0,
            4,
            4
          ],
          "autoUv":false
        },
        "west":{
          "texture":"#0",
          "uv":[
            0,
            0,
            4,
            4
          ],
          "autoUv":false
        },
        "up":{
          "texture":"#material",
          "uv":[
            0.0,
            0.0,
            1.0,
            1.0
          ],
          "autoUv":false,
          "rotation":180
        },
        "down":{
          "texture":"#0",
          "uv":[
            0,
            0,
            4,
            4
          ],
          "autoUv":false
        }
      },
      "children":[
        {
          "name":"unv_metal_stonehead 01",
          "from":[
            6.5752613842487335,
            0.09997689723968506,
            0.2823505997657776
          ],
          "to":[
            7.333224028348923,
            0.3708080053329468,
            2.018151879310608
          ],
          "rotationOrigin":[
            6.954242706298828,
            0.23539245128631592,
            1.1502512097358704
          ],
          "rotationY":6.026395006125902,
          "group":"unv_metal_stonehead",
          "faces":{
            "north":{
              "texture":"#material",
              "uv":[
                15.0,
                7.0,
                17.0,
                8.0
              ],
              "autoUv":false
            },
            "east":{
              "texture":"#material",
              "uv":[
                8.0,
                26.0,
                12.0,
                27.0
              ],
              "autoUv":false
            },
            "south":{
              "texture":"#material",
              "uv":[
                18.0,
                14.0,
                20.0,
                15.0
              ],
              "autoUv":false
            },
            "west":{
              "texture":"#material",
              "uv":[
                12.0,
                25.999999523162842,
                8.0,
                26.999999523162842
              ],
              "autoUv":false
            },
            "up":{
              "texture":"#material",
              "uv":[
                11.0,
                24.0,
                7.0,
                26.0
              ],
              "autoUv":false,
              "rotation":90
            },
            "down":{
              "texture":"#material",
              "uv":[
                11.0,
                26.0,
                6.999999523162842,
                24.0
              ],
              "autoUv":false,
              "rotation":90
            }
          },
          "children":[]
        },
        {
          "name":"unv_metal_stonehead 03",
          "from":[
            5.4277288493109275,
            -0.046413970332094934,
            0.34725749492645264
          ],
          "to":[
            6.016370487551642,
            0.5422276083039783,
            1.971069097518921
          ],
          "rotationOrigin":[
            5.722049713134766,
            0.2479068636894226,
            1.1591632962226868
          ],
          "rotationX":89.99998884409983,
          "rotationY":1.4654545639249138e-06,
          "rotationZ":-45.00000808242825,
          "group":"unv_metal_stonehead",
          "faces":{
            "north":{
              "texture":"#material",
              "uv":[
                11.999999046325684,
                11.0,
                12.999998092651367,
                12.0
              ],
              "autoUv":false
            },
            "east":{
              "texture":"#material",
              "uv":[
                7.0,
                6.0,
                8.0,
                8.999998092651367
              ],
              "autoUv":false,
              "rotation":90
            },
            "south":{
              "texture":"#material",
              "uv":[
                12.999998092651367,
                11.0,
                11.999999046325684,
                12.0
              ],
              "autoUv":false
            },
            "west":{
              "texture":"#material",
              "uv":[
                4.0,
                21.0,
                5.0,
                24.0
              ],
              "autoUv":false,
              "rotation":270
            },
            "up":{
              "texture":"#material",
              "uv":[
                12.999998092651367,
                13.0,
                11.999999046325684,
                16.0
              ],
              "autoUv":false
            },
            "down":{
              "texture":"#material",
              "uv":[
                12.999998092651367,
                16.0,
                11.999999046325684,
                13.0
              ],
              "autoUv":false,
              "rotation":180
            }
          },
          "children":[]
        },
        {
          "name":"unv_metal_stonehead 04",
          "from":[
            5.2052894830703735,
            -0.4730205535888672,
            0.6333088874816895
          ],
          "to":[
            6.238813757896423,
            0.9858733415603638,
            2.533059239387512
          ],
          "rotationOrigin":[
            5.722051620483398,
            0.2564263939857483,
            1.5831840634346008
          ],
          "rotationY":-2.1344339120734852e-06,
          "group":"unv_metal_stonehead",
          "faces":{
            "north":{
              "texture":"#material",
              "uv":[
                12.0,
                24.0,
                20.0,
                32.0
              ],
              "autoUv":false,
              "rotation":270
            },
            "east":{
              "texture":"#material",
              "uv":[
                24.0,
                19.0,
                19.0,
                23.025443077087402
              ],
              "autoUv":false
            },
            "south":{
              "texture":"#material",
              "uv":[
                12.0,
                8.0,
                20.0,
                16.0
              ],
              "autoUv":false,
              "rotation":270
            },
            "west":{
              "texture":"#material",
              "uv":[
                19.0,
                19.0,
                24.0,
                23.025443077087402
              ],
              "autoUv":false
            },
            "up":{
              "texture":"#material",
              "uv":[
                20.0,
                18.0,
                25.0,
                21.0
              ],
              "autoUv":false,
              "rotation":90
            },
            "down":{
              "texture":"#material",
              "uv":[
                20.0,
                21.0,
                25.0,
                18.0
              ],
              "autoUv":false,
              "rotation":90
            }
          },
          "children":[]
        },
        {
          "name":"unv_metal_stonehead 05",
          "from":[
            5.356385014394803,
            -0.4726538062095642,
            0.2676450530090424
          ],
          "to":[
            6.087714411874728,
            0.9855065941810608,
            0.9989733180007843
          ],
          "rotationOrigin":[
            5.722049713134766,
            0.2564263939857483,
            0.6333091855049133
          ],
          "rotationY":-45.00000125223908,
          "group":"unv_metal_stonehead",
          "faces":{
            "north":{
              "texture":"#material",
              "uv":[
                18.900466918945312,
                19.164745330810547,
                17.522621154785156,
                23.04990863800049
              ],
              "autoUv":false
            },
            "east":{
              "texture":"#material",
              "uv":[
                12.0,
                18.32034969329834,
                22.320350646972656,
                24.0
              ],
              "autoUv":false,
              "rotation":270
            },
            "south":{
              "texture":"#material",
              "uv":[
                9.67965030670166,
                9.382011413574219,
                22.320348739624023,
                18.320348739624023
              ],
              "autoUv":false,
              "rotation":270
            },
            "west":{
              "texture":"#material",
              "uv":[
                17.522621154785156,
                19.164745330810547,
                18.900466918945312,
                23.04990863800049
              ],
              "autoUv":false
            },
            "up":{
              "texture":"#material",
              "uv":[
                18.999998092651367,
                18.000000953674316,
                22.000001907348633,
                21.000000953674316
              ],
              "autoUv":false
            },
            "down":{
              "texture":"#material",
              "uv":[
                19.0,
                21.0,
                21.999998092651367,
                17.999999046325684
              ],
              "autoUv":false,
              "rotation":180
            }
          },
          "children":[]
        },
        {
          "name":"unv_metal_stonehead 06",
          "from":[
            5.2049241065979,
            -0.2753223776817322,
            1.0409846901893616
          ],
          "to":[
            6.2391791343688965,
            0.7881751656532288,
            2.7826061844825745
          ],
          "rotationOrigin":[
            5.722051620483398,
            0.2564263939857483,
            1.911795437335968
          ],
          "rotationY":-2.1344339120734852e-06,
          "group":"unv_metal_stonehead",
          "faces":{
            "north":{
              "texture":"#material",
              "uv":[
                12.0,
                24.0,
                20.0,
                32.0
              ],
              "autoUv":false,
              "rotation":270
            },
            "east":{
              "texture":"#material",
              "uv":[
                25.0,
                20.0,
                20.0,
                22.0
              ],
              "autoUv":false
            },
            "south":{
              "texture":"#material",
              "uv":[
                26.0,
                18.0,
                28.0,
                21.0
              ],
              "autoUv":false,
              "rotation":270
            },
            "west":{
              "texture":"#material",
              "uv":[
                20.0,
                20.0,
                25.0,
                22.0
              ],
              "autoUv":false
            },
            "up":{
              "texture":"#material",
              "uv":[
                20.0,
                8.0,
                28.0,
                16.0
              ],
              "autoUv":false,
              "rotation":270
            },
            "down":{
              "texture":"#material",
              "uv":[
                12.0,
                16.0,
                4.0,
                8.0
              ],
              "autoUv":false,
              "rotation":270
            }
          },
          "children":[]
        },
        {
          "name":"unv_metal_stonehead 07",
          "from":[
            5.537815253986983,
            0.06367249394860508,
            0.255160391330719
          ],
          "to":[
            5.906284127579068,
            0.43214130793604877,
            2.0631662011146545
          ],
          "rotationOrigin":[
            5.722049713134766,
            0.24790692329406738,
            1.1591632962226868
          ],
          "rotationX":89.99998884409983,
          "rotationY":1.4654545639249138e-06,
          "rotationZ":-45.00000808242825,
          "group":"unv_metal_stonehead",
          "faces":{
            "north":{
              "texture":"#material",
              "uv":[
                12.999998092651367,
                18.0,
                11.999999046325684,
                19.0
              ],
              "autoUv":false,
              "rotation":180
            },
            "east":{
              "texture":"#material",
              "uv":[
                8.0,
                21.000001907348633,
                7.0,
                24.0
              ],
              "autoUv":false,
              "rotation":270
            },
            "south":{
              "texture":"#material",
              "uv":[
                11.999999046325684,
                18.0,
                12.999998092651367,
                19.0
              ],
              "autoUv":false,
              "rotation":180
            },
            "west":{
              "texture":"#material",
              "uv":[
                5.0,
                6.0,
                4.0,
                9.0
              ],
              "autoUv":false,
              "rotation":90
            },
            "up":{
              "texture":"#material",
              "uv":[
                11.999999046325684,
                14.0,
                12.999998092651367,
                17.0
              ],
              "autoUv":false,
              "rotation":180
            },
            "down":{
              "texture":"#material",
              "uv":[
                11.999999046325684,
                17.0,
                12.999998092651367,
                14.0
              ],
              "autoUv":false
            }
          },
          "children":[]
        },
        {
          "name":"unv_metal_stonehead 08",
          "from":[
            5.2051867842674255,
            0.005196960672655848,
            2.1053731695685682
          ],
          "to":[
            6.238916456699371,
            1.0686942021996586,
            2.458286125871153
          ],
          "rotationOrigin":[
            5.722051620483398,
            0.5369455814361572,
            2.2818296551704407
          ],
          "rotationX":45.00000125223908,
          "rotationY":-1.5092737527712478e-06,
          "rotationZ":1.5092741598822471e-06,
          "group":"unv_metal_stonehead",
          "faces":{
            "north":{
              "texture":"#material",
              "uv":[
                23.0,
                18.0,
                25.0,
                21.0
              ],
              "autoUv":false,
              "rotation":270
            },
            "east":{
              "texture":"#material",
              "uv":[
                24.0,
                19.0,
                23.000001907348633,
                22.000000953674316
              ],
              "autoUv":false
            },
            "south":{
              "texture":"#material",
              "uv":[
                8.810539245605469,
                4.810539245605469,
                23.18946075439453,
                19.18946075439453
              ],
              "autoUv":false,
              "rotation":270
            },
            "west":{
              "texture":"#material",
              "uv":[
                22.999998092651367,
                18.943096160888672,
                24.000001907348633,
                21.999999046325684
              ],
              "autoUv":false
            },
            "up":{
              "texture":"#material",
              "uv":[
                25.0,
                18.0,
                26.0,
                21.0
              ],
              "autoUv":false,
              "rotation":90
            },
            "down":{
              "texture":"#material",
              "uv":[
                8.810539245605469,
                16.0,
                4.0,
                4.810539245605469
              ],
              "autoUv":false,
              "rotation":270
            }
          },
          "children":[]
        },
        {
          "name":"unv_metal_stonehead 09",
          "from":[
            5.2051867842674255,
            -0.5558415353298187,
            2.1053731590509415
          ],
          "to":[
            6.238916456699371,
            0.5076558887958527,
            2.458286166191101
          ],
          "rotationOrigin":[
            5.722051620483398,
            -0.024092823266983032,
            2.2818296551704407
          ],
          "rotationX":-44.999994422049916,
          "rotationY":179.99993670706462,
          "rotationZ":6.407355218306462e-05,
          "group":"unv_metal_stonehead",
          "faces":{
            "north":{
              "texture":"#material",
              "uv":[
                23.18946075439453,
                4.810539245605469,
                8.810539245605469,
                19.18946075439453
              ],
              "autoUv":false,
              "rotation":270
            },
            "east":{
              "texture":"#material",
              "uv":[
                23.0,
                20.000000953674316,
                24.0,
                23.271554946899414
              ],
              "autoUv":false
            },
            "south":{
              "texture":"#material",
              "uv":[
                25.0,
                18.0,
                23.0,
                21.0
              ],
              "autoUv":false,
              "rotation":270
            },
            "west":{
              "texture":"#material",
              "uv":[
                24.0,
                19.999999046325684,
                23.0,
                23.000000953674316
              ],
              "autoUv":false
            },
            "up":{
              "texture":"#material",
              "uv":[
                8.810539245605469,
                4.810539245605469,
                4.0,
                16.0
              ],
              "autoUv":false,
              "rotation":90
            },
            "down":{
              "texture":"#material",
              "uv":[
                25.0,
                21.0,
                26.0,
                18.0
              ],
              "autoUv":false,
              "rotation":270
            }
          },
          "children":[]
        }
      ]
    }
  ],
  "groups":[]
}