{
  "textureWidth":16,
  "textureHeight":16,
  "textures":{
    "material":"game:block/metal/ingot/copper"
  },
  "textureSizes":{
    "material":[
      32,
      32
    ]
  },
  "elements":[
    {
      "name":"origin",
      "from":[
        11.0,
        0.5,
        7.699999988079071
      ],
      "to":[
        11.0,
        0.5,
        7.699999988079071
      ],
      "rotationOrigin":[
        8.0,
        0.0,
        8.0
      ],
      "group":"unv_metal_metalhead",
      "faces":{
        "north":{
          "texture":"#0",
          "uv":[
            0,
            0,
            4,
            4
          ],
          "autoUv":false
        },
        "east":{
          "texture":"#0",
          "uv":[
            0,
            0,
            4,
            4
          ],
          "autoUv":false
        },
        "south":{
          "texture":"#0",
          "uv":[
            0,
            0,
            4,
            4
          ],
          "autoUv":false
        },
        "west":{
          "texture":"#0",
          "uv":[
            0,
            0,
            4,
            4
          ],
          "autoUv":false
        },
        "up":{
          "texture":"#material",
          "uv":[
            0.0,
            0.0,
            1.0,
            1.0
          ],
          "autoUv":false,
          "rotation":180
        },
        "down":{
          "texture":"#0",
          "uv":[
            0,
            0,
            4,
            4
          ],
          "autoUv":false
        }
      },
      "children":[
        {
          "name":"unv_metal_metalhead 01",
          "from":[
            6.5752613842487335,
            0.09997689723968506,
            0.2823505401611328
          ],
          "to":[
            7.333224028348923,
            0.3708080053329468,
            2.018151819705963
          ],
          "rotationOrigin":[
            6.954242706298828,
            0.23539245128631592,
            1.1502512097358704
          ],
          "rotationY":6.026395006125902,
          "group":"unv_metal_metalhead",
          "faces":{
            "north":{
              "texture":"#material",
              "uv":[
                15.0,
                7.0,
                17.0,
                8.0
              ],
              "autoUv":false
            },
            "east":{
              "texture":"#material",
              "uv":[
                8.0,
                26.0,
                12.0,
                27.0
              ],
              "autoUv":false
            },
            "south":{
              "texture":"#material",
              "uv":[
                18.0,
                14.0,
                20.0,
                15.0
              ],
              "autoUv":false
            },
            "west":{
              "texture":"#material",
              "uv":[
                12.0,
                25.999999523162842,
                8.0,
                26.999999523162842
              ],
              "autoUv":false
            },
            "up":{
              "texture":"#material",
              "uv":[
                11.0,
                24.0,
                7.0,
                26.0
              ],
              "autoUv":false,
              "rotation":90
            },
            "down":{
              "texture":"#material",
              "uv":[
                11.0,
                26.0,
                6.999999523162842,
                24.0
              ],
              "autoUv":false,
              "rotation":90
            }
          },
          "children":[]
        },
        {
          "name":"unv_metal_metalhead 02",
          "from":[
            4.371629846214084,
            0.0327375950011497,
            2.1171168237924576
          ],
          "to":[
            4.7755907653581815,
            0.4380471883621926,
            2.5210778564214706
          ],
          "rotationOrigin":[
            4.573610305786133,
            0.23539239168167114,
            2.319097340106964
          ],
          "rotationX":-3.687269647845761e-15,
          "rotationY":-4.2688692490354677e-07,
          "rotationZ":-45.00000125223908,
          "group":"unv_metal_metalhead",
          "faces":{
            "north":{
              "texture":"#material",
              "uv":[
                15.0,
                15.99820327758789,
                16.0,
                16.999103546142578
              ],
              "autoUv":false,
              "rotation":180
            },
            "east":{
              "texture":"#material",
              "uv":[
                15.0,
                16.999103546142578,
                16.0,
                18.000001907348633
              ],
              "autoUv":false,
              "rotation":180
            },
            "south":{
              "texture":"#material",
              "uv":[
                16.0,
                15.99820327758789,
                17.0,
                16.999103546142578
              ],
              "autoUv":false,
              "rotation":180
            },
            "west":{
              "texture":"#material",
              "uv":[
                16.0,
                16.999103546142578,
                17.0,
                18.000001907348633
              ],
              "autoUv":false,
              "rotation":180
            },
            "up":{
              "texture":"#material",
              "uv":[
                17.0,
                16.003596305847168,
                18.0,
                17.001800537109375
              ],
              "autoUv":false
            },
            "down":{
              "texture":"#material",
              "uv":[
                18.0,
                18.000001907348633,
                17.0,
                17.001800537109375
              ],
              "autoUv":false
            }
          },
          "children":[]
        }
      ]
    }
  ],
  "groups":[]
}