{
  "textureWidth":16,
  "textureHeight":16,
  "textures":{
    "material":"game:item/tool/material/string",
    "wood":"game:block/wood/debarked/oak"
  },
  "textureSizes":{
    "material":[
      32,
      32
    ],
    "wood":[
      32,
      32
    ]
  },
  "elements":[
    {
      "name":"origin",
      "from":[
        11.0,
        0.5,
        7.699999988079071
      ],
      "to":[
        11.0,
        0.5,
        7.699999988079071
      ],
      "rotationOrigin":[
        8.0,
        0.0,
        8.0
      ],
      "group":"unv_string_stonehead",
      "faces":{
        "north":{
          "texture":"#0",
          "uv":[
            0,
            0,
            4,
            4
          ],
          "autoUv":false
        },
        "east":{
          "texture":"#0",
          "uv":[
            0,
            0,
            4,
            4
          ],
          "autoUv":false
        },
        "south":{
          "texture":"#0",
          "uv":[
            0,
            0,
            4,
            4
          ],
          "autoUv":false
        },
        "west":{
          "texture":"#0",
          "uv":[
            0,
            0,
            4,
            4
          ],
          "autoUv":false
        },
        "up":{
          "texture":"#material",
          "uv":[
            0.0,
            0.0,
            1.0,
            1.0
          ],
          "autoUv":false,
          "rotation":180
        },
        "down":{
          "texture":"#0",
          "uv":[
            0,
            0,
            4,
            4
          ],
          "autoUv":false
        }
      },
      "children":[
        {
          "name":"unv_string_stonehead 01",
          "from":[
            3.017374038696289,
            0.049375832080841064,
            -0.2518618702888489
          ],
          "to":[
            4.563442230224609,
            0.4788389801979065,
            1.3455352187156677
          ],
          "rotationOrigin":[
            3.790408134460449,
            0.2641074061393738,
            0.5468366742134094
          ],
          "rotationX":89.0318368500072,
          "rotationY":-0.016028177808138807,
          "rotationZ":90.0002688818558,
          "group":"unv_string_stonehead",
          "faces":{
            "north":{
              "texture":"#material",
              "uv":[
                11.0,
                2.0,
                14.0,
                3.0
              ],
              "autoUv":false
            },
            "east":{
              "texture":"#material",
              "uv":[
                6.0,
                9.0,
                9.0,
                10.0
              ],
              "autoUv":false,
              "rotation":180
            },
            "south":{
              "texture":"#material",
              "uv":[
                11.0,
                4.000001907348633,
                14.0,
                5.0
              ],
              "autoUv":false,
              "rotation":180
            },
            "west":{
              "texture":"#material",
              "uv":[
                1.0,
                15.0,
                4.0,
                16.0
              ],
              "autoUv":false
            },
            "up":{
              "texture":"#material",
              "uv":[
                2.0008692741394043,
                6.0,
                4.999130725860596,
                9.0
              ],
              "autoUv":false
            },
            "down":{
              "texture":"#material",
              "uv":[
                9.000868797302246,
                14.0,
                5.999131202697754,
                11.0
              ],
              "autoUv":false,
              "rotation":180
            }
          },
          "children":[]
        },
        {
          "name":"unv_string_stonehead 02",
          "from":[
            2.4652296900749207,
            0.05533546209335327,
            -0.26794594526290894
          ],
          "to":[
            4.070964157581329,
            0.48479872941970825,
            1.320561707019806
          ],
          "rotationOrigin":[
            3.268096923828125,
            0.27006709575653076,
            0.5263078808784485
          ],
          "rotationX":87.968608622668,
          "rotationY":0.2031676320804523,
          "rotationZ":111.0260841662021,
          "group":"unv_string_stonehead",
          "faces":{
            "north":{
              "texture":"#material",
              "uv":[
                10.0,
                1.0,
                14.0,
                2.0
              ],
              "autoUv":false
            },
            "east":{
              "texture":"#material",
              "uv":[
                10.0,
                11.000791549682617,
                13.0,
                12.0
              ],
              "autoUv":false,
              "rotation":180
            },
            "south":{
              "texture":"#material",
              "uv":[
                17.000001907348633,
                1.0,
                21.0,
                2.0
              ],
              "autoUv":false,
              "rotation":180
            },
            "west":{
              "texture":"#material",
              "uv":[
                20.0,
                5.0,
                23.0,
                6.000789642333984
              ],
              "autoUv":false
            },
            "up":{
              "texture":"#material",
              "uv":[
                12.001611709594727,
                4.0,
                15.99838924407959,
                6.999998092651367
              ],
              "autoUv":false
            },
            "down":{
              "texture":"#material",
              "uv":[
                10.0,
                15.0,
                5.998388767242432,
                12.0
              ],
              "autoUv":false,
              "rotation":180
            }
          },
          "children":[]
        },
        {
          "name":"unv_string_stonehead 03",
          "from":[
            5.24300791323185,
            -0.5819851160049438,
            -0.44480228424072266
          ],
          "to":[
            5.71972630918026,
            1.1466671228408813,
            1.4620711207389832
          ],
          "rotationOrigin":[
            5.481367111206055,
            0.28234100341796875,
            0.5086343884468079
          ],
          "rotationY":-167.99999101464758,
          "group":"unv_string_stonehead",
          "faces":{
            "north":{
              "texture":"#material",
              "uv":[
                21.0,
                3.0,
                24.0,
                4.0
              ],
              "autoUv":false,
              "rotation":90
            },
            "east":{
              "texture":"#material",
              "uv":[
                4.0,
                2.0,
                8.0,
                5.0
              ],
              "autoUv":false
            },
            "south":{
              "texture":"#material",
              "uv":[
                6.0,
                3.0,
                9.0,
                4.0
              ],
              "autoUv":false,
              "rotation":90
            },
            "west":{
              "texture":"#material",
              "uv":[
                8.0,
                7.0,
                12.0,
                10.0
              ],
              "autoUv":false
            },
            "up":{
              "texture":"#material",
              "uv":[
                4.0,
                2.0,
                5.0,
                6.0
              ],
              "autoUv":false
            },
            "down":{
              "texture":"#material",
              "uv":[
                5.0,
                6.0,
                4.0,
                2.0
              ],
              "autoUv":false,
              "rotation":180
            }
          },
          "children":[]
        },
        {
          "name":"unv_string_stonehead 04",
          "from":[
            4.4289528131484985,
            0.03165580332279205,
            -0.4518597722053528
          ],
          "to":[
            6.335905432701111,
            0.5083792060613632,
            1.4088162183761597
          ],
          "rotationOrigin":[
            5.382429122924805,
            0.27001750469207764,
            0.47847825288772583
          ],
          "rotationX":88.04107692976183,
          "rotationY":0.07912357938807224,
          "rotationZ":116.08629128450858,
          "group":"unv_string_stonehead",
          "faces":{
            "north":{
              "texture":"#material",
              "uv":[
                10.0,
                3.0,
                14.0,
                4.0
              ],
              "autoUv":false
            },
            "east":{
              "texture":"#material",
              "uv":[
                1.0,
                1.00091552734375,
                3.999999523162842,
                1.99908447265625
              ],
              "autoUv":false,
              "rotation":180
            },
            "south":{
              "texture":"#material",
              "uv":[
                13.0,
                3.0,
                17.0,
                4.0
              ],
              "autoUv":false,
              "rotation":180
            },
            "west":{
              "texture":"#material",
              "uv":[
                5.000937461853027,
                0.9999980926513672,
                8.0,
                2.0
              ],
              "autoUv":false
            },
            "up":{
              "texture":"#material",
              "uv":[
                1.0,
                0.0,
                4.997188568115234,
                2.999998092651367
              ],
              "autoUv":false
            },
            "down":{
              "texture":"#material",
              "uv":[
                5.001874923706055,
                10.0,
                1.0,
                7.0
              ],
              "autoUv":false,
              "rotation":180
            }
          },
          "children":[]
        },
        {
          "name":"unv_string_stonehead 05",
          "from":[
            3.768162727355957,
            0.025098249316215515,
            -0.3359752893447876
          ],
          "to":[
            5.484349250793457,
            0.5018164664506912,
            1.4371883869171143
          ],
          "rotationOrigin":[
            4.626255989074707,
            0.26345735788345337,
            0.5506065487861633
          ],
          "rotationX":89.0318368500072,
          "rotationY":-0.016028177808138807,
          "rotationZ":90.0002688818558,
          "group":"unv_string_stonehead",
          "faces":{
            "north":{
              "texture":"#material",
              "uv":[
                10.0,
                2.0,
                13.0,
                3.0
              ],
              "autoUv":false
            },
            "east":{
              "texture":"#material",
              "uv":[
                3.0,
                2.0,
                6.0,
                3.0
              ],
              "autoUv":false,
              "rotation":180
            },
            "south":{
              "texture":"#material",
              "uv":[
                6.0,
                4.000001907348633,
                9.0,
                5.0
              ],
              "autoUv":false,
              "rotation":180
            },
            "west":{
              "texture":"#material",
              "uv":[
                1.0,
                8.0,
                4.0,
                9.0
              ],
              "autoUv":false
            },
            "up":{
              "texture":"#material",
              "uv":[
                1.0,
                7.0,
                4.0,
                10.0
              ],
              "autoUv":false
            },
            "down":{
              "texture":"#material",
              "uv":[
                8.0,
                7.999998092651367,
                5.0,
                5.0
              ],
              "autoUv":false,
              "rotation":180
            }
          },
          "children":[]
        },
        {
          "name":"unv_string_stonehead 06",
          "from":[
            -17.611315459012985,
            -0.7864907383918762,
            -2.6623048186302185
          ],
          "to":[
            -16.611315995454788,
            0.19221806526184082,
            3.739746630191803
          ],
          "rotationOrigin":[
            -17.111315727233887,
            -0.2971363365650177,
            0.5387209057807922
          ],
          "rotationX":1.5029153556263253e-09,
          "rotationY":-2.634909396872499,
          "rotationZ":3.100004084771936,
          "group":"unv_string_stonehead",
          "faces":{
            "north":{
              "texture":"#wood",
              "uv":[
                2.0,
                17.0,
                4.0,
                19.0
              ],
              "autoUv":false
            },
            "east":{
              "texture":"#wood",
              "uv":[
                25.0,
                15.0,
                15.0,
                17.0
              ],
              "autoUv":false
            },
            "south":{
              "texture":"#wood",
              "uv":[
                6.0,
                10.0,
                8.0,
                12.0
              ],
              "autoUv":false
            },
            "west":{
              "texture":"#wood",
              "uv":[
                15.0,
                15.0,
                25.0,
                17.0
              ],
              "autoUv":false
            },
            "up":{
              "texture":"#wood",
              "uv":[
                14.0,
                10.0,
                23.0,
                12.0
              ],
              "autoUv":false,
              "rotation":90
            },
            "down":{
              "texture":"#wood",
              "uv":[
                25.0,
                13.0,
                16.0,
                11.0
              ],
              "autoUv":false,
              "rotation":270
            }
          },
          "children":[]
        },
        {
          "name":"unv_string_stonehead 07",
          "from":[
            -16.904736787080765,
            -0.9957553446292877,
            -0.2498105764389038
          ],
          "to":[
            -16.49586746096611,
            0.4761742055416107,
            1.2221174240112305
          ],
          "rotationOrigin":[
            -16.700302124023438,
            -0.2597905695438385,
            0.48615342378616333
          ],
          "rotationX":1.0010185442136115,
          "rotationY":-2.58450879065674,
          "rotationZ":3.1460177885498424,
          "group":"unv_string_stonehead",
          "faces":{
            "north":{
              "texture":"#material",
              "uv":[
                2.0,
                1.0,
                5.0,
                2.0
              ],
              "autoUv":false,
              "rotation":90
            },
            "east":{
              "texture":"#material",
              "uv":[
                0.0,
                4.0,
                3.0,
                7.0
              ],
              "autoUv":false
            },
            "south":{
              "texture":"#material",
              "uv":[
                0.0,
                5.0,
                3.0,
                6.0
              ],
              "autoUv":false,
              "rotation":90
            },
            "west":{
              "texture":"#material",
              "uv":[
                4.0,
                5.0,
                7.0,
                8.0
              ],
              "autoUv":false
            },
            "up":{
              "texture":"#material",
              "uv":[
                9.0,
                0.0,
                12.0,
                1.0
              ],
              "autoUv":false,
              "rotation":90
            },
            "down":{
              "texture":"#material",
              "uv":[
                8.0,
                5.0,
                5.0,
                4.0
              ],
              "autoUv":false,
              "rotation":270
            }
          },
          "children":[]
        },
        {
          "name":"unv_string_stonehead 08",
          "from":[
            -17.33710691332817,
            -0.8609306812286377,
            -0.309303343296051
          ],
          "to":[
            -16.928237706422806,
            0.3656773567199707,
            1.7350422739982605
          ],
          "rotationOrigin":[
            -17.13267230987549,
            -0.2476266622543335,
            0.7128694653511047
          ],
          "rotationX":3.690272234495611,
          "rotationY":-29.62958943085251,
          "rotationZ":3.6902701000614955,
          "group":"unv_string_stonehead",
          "faces":{
            "north":{
              "texture":"#material",
              "uv":[
                0.0,
                1.0,
                3.0,
                2.0
              ],
              "autoUv":false,
              "rotation":90
            },
            "east":{
              "texture":"#material",
              "uv":[
                0.0,
                0.0,
                5.0,
                3.0
              ],
              "autoUv":false
            },
            "south":{
              "texture":"#material",
              "uv":[
                4.0,
                1.0,
                7.0,
                2.0
              ],
              "autoUv":false,
              "rotation":90
            },
            "west":{
              "texture":"#material",
              "uv":[
                0.0,
                8.0,
                5.0,
                11.0
              ],
              "autoUv":false
            },
            "up":{
              "texture":"#material",
              "uv":[
                10.0,
                3.0,
                15.0,
                4.0
              ],
              "autoUv":false,
              "rotation":90
            },
            "down":{
              "texture":"#material",
              "uv":[
                18.0,
                4.0,
                13.0,
                3.0
              ],
              "autoUv":false,
              "rotation":270
            }
          },
          "children":[]
        },
        {
          "name":"unv_string_stonehead 09",
          "from":[
            -17.33437669277191,
            -0.8316037952899933,
            -0.6882190108299255
          ],
          "to":[
            -16.925585389137268,
            0.40158435702323914,
            1.3557963967323303
          ],
          "rotationOrigin":[
            -17.12998104095459,
            -0.21500971913337708,
            0.3337886929512024
          ],
          "rotationX":-2.4111103513108034,
          "rotationY":22.267478788657506,
          "rotationZ":3.3378342598795414,
          "group":"unv_string_stonehead",
          "faces":{
            "north":{
              "texture":"#material",
              "uv":[
                17.0,
                1.0,
                20.0,
                2.0
              ],
              "autoUv":false,
              "rotation":90
            },
            "east":{
              "texture":"#material",
              "uv":[
                0.0,
                0.0,
                5.0,
                3.0
              ],
              "autoUv":false
            },
            "south":{
              "texture":"#material",
              "uv":[
                2.0,
                1.0,
                5.0,
                2.0
              ],
              "autoUv":false,
              "rotation":90
            },
            "west":{
              "texture":"#material",
              "uv":[
                4.0,
                5.0,
                9.0,
                8.0
              ],
              "autoUv":false
            },
            "up":{
              "texture":"#material",
              "uv":[
                0.0,
                0.0,
                1.0,
                5.0
              ],
              "autoUv":false
            },
            "down":{
              "texture":"#material",
              "uv":[
                1.0,
                5.0,
                0.0,
                0.0
              ],
              "autoUv":false,
              "rotation":180
            }
          },
          "children":[]
        },
        {
          "name":"unv_string_stonehead 10",
          "from":[
            -17.073243409395218,
            -0.8518659174442291,
            0.08412909507751465
          ],
          "to":[
            -16.664374083280563,
            0.3747421205043793,
            1.719606339931488
          ],
          "rotationOrigin":[
            -16.86880874633789,
            -0.23856189846992493,
            0.901867687702179
          ],
          "rotationX":-7.192492285667846,
          "rotationY":69.38873189142745,
          "rotationZ":9.532744760425055,
          "group":"unv_string_stonehead",
          "faces":{
            "north":{
              "texture":"#material",
              "uv":[
                10.0,
                11.0,
                13.0,
                12.0
              ],
              "autoUv":false,
              "rotation":90
            },
            "east":{
              "texture":"#material",
              "uv":[
                12.0,
                4.0,
                16.0,
                7.0
              ],
              "autoUv":false
            },
            "south":{
              "texture":"#material",
              "uv":[
                20.0,
                5.0,
                23.0,
                6.0
              ],
              "autoUv":false,
              "rotation":90
            },
            "west":{
              "texture":"#material",
              "uv":[
                6.0,
                12.0,
                10.0,
                15.0
              ],
              "autoUv":false
            },
            "up":{
              "texture":"#material",
              "uv":[
                10.0,
                1.0,
                14.0,
                2.0
              ],
              "autoUv":false,
              "rotation":90
            },
            "down":{
              "texture":"#material",
              "uv":[
                21.0,
                2.0,
                17.0,
                1.0
              ],
              "autoUv":false,
              "rotation":270
            }
          },
          "children":[]
        },
        {
          "name":"unv_string_stonehead 11",
          "from":[
            -16.071303486824036,
            -0.9502998292446136,
            -0.24295198917388916
          ],
          "to":[
            -15.662434458732605,
            0.5216297209262848,
            1.392524003982544
          ],
          "rotationOrigin":[
            -15.86686897277832,
            -0.21433505415916443,
            0.5747860074043274
          ],
          "rotationX":3.950000849855924,
          "rotationY":-31.999999752116263,
          "rotationZ":3.700000985194648,
          "group":"unv_string_stonehead",
          "faces":{
            "north":{
              "texture":"#material",
              "uv":[
                0.0,
                1.0,
                3.0,
                2.0
              ],
              "autoUv":false,
              "rotation":90
            },
            "east":{
              "texture":"#material",
              "uv":[
                0.0,
                0.0,
                4.0,
                3.0
              ],
              "autoUv":false
            },
            "south":{
              "texture":"#material",
              "uv":[
                4.0,
                1.0,
                7.0,
                2.0
              ],
              "autoUv":false,
              "rotation":90
            },
            "west":{
              "texture":"#material",
              "uv":[
                0.0,
                8.0,
                4.0,
                11.0
              ],
              "autoUv":false
            },
            "up":{
              "texture":"#material",
              "uv":[
                10.0,
                3.0,
                14.0,
                4.0
              ],
              "autoUv":false,
              "rotation":90
            },
            "down":{
              "texture":"#material",
              "uv":[
                17.0,
                4.0,
                13.0,
                3.0
              ],
              "autoUv":false,
              "rotation":270
            }
          },
          "children":[]
        },
        {
          "name":"unv_string_stonehead 12",
          "from":[
            -15.166314363479614,
            -0.8929895758628845,
            -0.29883873462677
          ],
          "to":[
            -14.757445096969604,
            0.5789385437965393,
            1.3366381525993347
          ],
          "rotationOrigin":[
            -14.96187973022461,
            -0.1570255160331726,
            0.5188997387886047
          ],
          "rotationX":0.33000139016195945,
          "rotationY":28.000001917535847,
          "rotationZ":3.5500023470583515,
          "group":"unv_string_stonehead",
          "faces":{
            "north":{
              "texture":"#material",
              "uv":[
                10.0,
                11.0,
                13.0,
                12.0
              ],
              "autoUv":false,
              "rotation":90
            },
            "east":{
              "texture":"#material",
              "uv":[
                12.0,
                4.0,
                16.0,
                7.0
              ],
              "autoUv":false
            },
            "south":{
              "texture":"#material",
              "uv":[
                20.0,
                5.0,
                23.0,
                6.0
              ],
              "autoUv":false,
              "rotation":90
            },
            "west":{
              "texture":"#material",
              "uv":[
                6.0,
                12.0,
                10.0,
                15.0
              ],
              "autoUv":false
            },
            "up":{
              "texture":"#material",
              "uv":[
                10.0,
                1.0,
                14.0,
                2.0
              ],
              "autoUv":false,
              "rotation":90
            },
            "down":{
              "texture":"#material",
              "uv":[
                21.0,
                2.0,
                17.0,
                1.0
              ],
              "autoUv":false,
              "rotation":270
            }
          },
          "children":[]
        },
        {
          "name":"unv_string_stonehead 13",
          "from":[
            -14.538522005081177,
            -0.8258044123649597,
            -0.19893282651901245
          ],
          "to":[
            -14.129652738571167,
            0.6461250185966492,
            1.2729966640472412
          ],
          "rotationOrigin":[
            -14.334087371826172,
            -0.08983969688415527,
            0.5370319485664368
          ],
          "rotationX":1.5999996674406958,
          "rotationY":-10.900001783194453,
          "rotationZ":3.19999912143798,
          "group":"unv_string_stonehead",
          "faces":{
            "north":{
              "texture":"#material",
              "uv":[
                2.0,
                1.0,
                5.0,
                2.0
              ],
              "autoUv":false,
              "rotation":90
            },
            "east":{
              "texture":"#material",
              "uv":[
                0.0,
                4.0,
                3.0,
                7.0
              ],
              "autoUv":false
            },
            "south":{
              "texture":"#material",
              "uv":[
                0.0,
                5.0,
                3.0,
                6.0
              ],
              "autoUv":false,
              "rotation":90
            },
            "west":{
              "texture":"#material",
              "uv":[
                4.0,
                5.0,
                7.0,
                8.0
              ],
              "autoUv":false
            },
            "up":{
              "texture":"#material",
              "uv":[
                9.0,
                0.0,
                12.0,
                1.0
              ],
              "autoUv":false,
              "rotation":90
            },
            "down":{
              "texture":"#material",
              "uv":[
                8.0,
                5.0,
                5.0,
                4.0
              ],
              "autoUv":false,
              "rotation":270
            }
          },
          "children":[]
        },
        {
          "name":"unv_string_stonehead 14",
          "from":[
            -13.991057351231575,
            -0.8278737962245941,
            -0.28505170345306396
          ],
          "to":[
            -13.58218865096569,
            0.6113461554050446,
            1.350425660610199
          ],
          "rotationOrigin":[
            -13.786623001098633,
            -0.10826382040977478,
            0.5326870083808899
          ],
          "rotationX":-0.15999983600998,
          "rotationY":2.900000137618095,
          "rotationZ":3.100000456233939,
          "group":"unv_string_stonehead",
          "faces":{
            "north":{
              "texture":"#material",
              "uv":[
                17.0,
                1.0,
                20.0,
                2.0
              ],
              "autoUv":false,
              "rotation":90
            },
            "east":{
              "texture":"#material",
              "uv":[
                0.0,
                0.0,
                4.0,
                3.0
              ],
              "autoUv":false
            },
            "south":{
              "texture":"#material",
              "uv":[
                2.0,
                1.0,
                5.0,
                2.0
              ],
              "autoUv":false,
              "rotation":90
            },
            "west":{
              "texture":"#material",
              "uv":[
                4.0,
                5.0,
                8.0,
                8.0
              ],
              "autoUv":false
            },
            "up":{
              "texture":"#material",
              "uv":[
                0.0,
                0.0,
                1.0,
                4.0
              ],
              "autoUv":false
            },
            "down":{
              "texture":"#material",
              "uv":[
                1.0,
                4.0,
                0.0,
                0.0
              ],
              "autoUv":false,
              "rotation":180
            }
          },
          "children":[]
        },
        {
          "name":"unv_string_stonehead 15",
          "from":[
            6.067112416028976,
            -0.07844513654708862,
            -2.467490315437317
          ],
          "to":[
            7.049102336168289,
            0.7660972476005554,
            -0.5334694385528564
          ],
          "rotationOrigin":[
            6.558107376098633,
            0.3438260555267334,
            -1.5004798769950867
          ],
          "rotationX":8.962693757201206,
          "rotationY":-6.151241607270349e-06,
          "rotationZ":4.012077116274717e-07,
          "group":"unv_string_stonehead",
          "faces":{
            "north":{
              "texture":"#wood",
              "uv":[
                15.0,
                13.990798950195312,
                4.0,
                15.0
              ],
              "autoUv":false
            },
            "east":{
              "texture":"#wood",
              "uv":[
                13.0,
                11.0,
                9.0,
                13.0
              ],
              "autoUv":false
            },
            "south":{
              "texture":"#wood",
              "uv":[
                13.0,
                9.990798950195312,
                2.0,
                11.0
              ],
              "autoUv":false
            },
            "west":{
              "texture":"#wood",
              "uv":[
                9.0,
                11.0,
                13.0,
                13.0
              ],
              "autoUv":false
            },
            "up":{
              "texture":"#wood",
              "uv":[
                9.0,
                15.000286102294922,
                13.0,
                16.999784469604492
              ],
              "autoUv":false,
              "rotation":90
            },
            "down":{
              "texture":"#wood",
              "uv":[
                9.0,
                16.999784469604492,
                13.0,
                15.000286102294922
              ],
              "autoUv":false,
              "rotation":90
            }
          },
          "children":[]
        },
        {
          "name":"unv_string_stonehead 16",
          "from":[
            6.066117644309998,
            -0.27014821767807007,
            -0.5848153829574585
          ],
          "to":[
            7.049925446510315,
            0.5730921626091003,
            0.6923151016235352
          ],
          "rotationOrigin":[
            6.558021545410156,
            0.15147197246551514,
            0.05374985933303833
          ],
          "rotationX":3.9824194889777433,
          "rotationY":-6.815912601491847e-06,
          "rotationZ":4.7661456657054194e-07,
          "group":"unv_string_stonehead",
          "faces":{
            "north":{
              "texture":"#wood",
              "uv":[
                14.999999046325684,
                14.012567520141602,
                4.0,
                15.017959594726562
              ],
              "autoUv":false
            },
            "east":{
              "texture":"#wood",
              "uv":[
                15.0,
                11.0,
                13.0,
                13.0
              ],
              "autoUv":false
            },
            "south":{
              "texture":"#wood",
              "uv":[
                12.999999046325684,
                10.012567520141602,
                2.0,
                11.017961502075195
              ],
              "autoUv":false
            },
            "west":{
              "texture":"#wood",
              "uv":[
                13.0,
                11.0,
                15.0,
                13.0
              ],
              "autoUv":false
            },
            "up":{
              "texture":"#wood",
              "uv":[
                13.0,
                14.999130249023438,
                15.0,
                17.001185417175293
              ],
              "autoUv":false,
              "rotation":90
            },
            "down":{
              "texture":"#wood",
              "uv":[
                13.0,
                17.001185417175293,
                15.0,
                14.999130249023438
              ],
              "autoUv":false,
              "rotation":90
            }
          },
          "children":[]
        },
        {
          "name":"unv_string_stonehead 17",
          "from":[
            6.067112416028976,
            -0.07844510674476624,
            1.6223153471946716
          ],
          "to":[
            7.049102336168289,
            0.766097217798233,
            3.5563361048698425
          ],
          "rotationOrigin":[
            6.558107376098633,
            0.3438260555267334,
            2.589325726032257
          ],
          "rotationX":-8.962693757201206,
          "rotationY":6.151244049936344e-06,
          "rotationZ":4.0120753351640955e-07,
          "group":"unv_string_stonehead",
          "faces":{
            "north":{
              "texture":"#wood",
              "uv":[
                2.0,
                9.990798950195312,
                13.0,
                11.0
              ],
              "autoUv":false
            },
            "east":{
              "texture":"#wood",
              "uv":[
                9.0,
                11.0,
                13.0,
                13.0
              ],
              "autoUv":false
            },
            "south":{
              "texture":"#wood",
              "uv":[
                4.0,
                13.990798950195312,
                15.0,
                15.0
              ],
              "autoUv":false
            },
            "west":{
              "texture":"#wood",
              "uv":[
                13.0,
                11.0,
                9.0,
                13.0
              ],
              "autoUv":false
            },
            "up":{
              "texture":"#wood",
              "uv":[
                13.0,
                15.000286102294922,
                9.0,
                16.999784469604492
              ],
              "autoUv":false,
              "rotation":90
            },
            "down":{
              "texture":"#wood",
              "uv":[
                13.0,
                16.999784469604492,
                9.0,
                15.000286102294922
              ],
              "autoUv":false,
              "rotation":90
            }
          },
          "children":[]
        },
        {
          "name":"unv_string_stonehead 18",
          "from":[
            6.066117644309998,
            -0.27014821767807007,
            0.39653074741363525
          ],
          "to":[
            7.049925446510315,
            0.5730921626091003,
            1.673661231994629
          ],
          "rotationOrigin":[
            6.558021545410156,
            0.15147197246551514,
            1.035095989704132
          ],
          "rotationX":-3.982418635204097,
          "rotationY":6.8159117872698485e-06,
          "rotationZ":4.7661446479279216e-07,
          "group":"unv_string_stonehead",
          "faces":{
            "north":{
              "texture":"#wood",
              "uv":[
                2.0,
                10.012567520141602,
                12.999999046325684,
                11.017961502075195
              ],
              "autoUv":false
            },
            "east":{
              "texture":"#wood",
              "uv":[
                13.0,
                11.0,
                15.0,
                13.0
              ],
              "autoUv":false
            },
            "south":{
              "texture":"#wood",
              "uv":[
                4.0,
                14.012567520141602,
                14.999999046325684,
                15.017959594726562
              ],
              "autoUv":false
            },
            "west":{
              "texture":"#wood",
              "uv":[
                15.0,
                11.0,
                13.0,
                13.0
              ],
              "autoUv":false
            },
            "up":{
              "texture":"#wood",
              "uv":[
                15.0,
                14.999130249023438,
                13.0,
                17.001185417175293
              ],
              "autoUv":false,
              "rotation":90
            },
            "down":{
              "texture":"#wood",
              "uv":[
                15.0,
                17.001185417175293,
                13.0,
                14.999130249023438
              ],
              "autoUv":false,
              "rotation":90
            }
          },
          "children":[]
        },
        {
          "name":"unv_string_stonehead 19",
          "from":[
            4.079742431640625,
            -0.5527395606040955,
            -0.1942528486251831
          ],
          "to":[
            8.157955169677734,
            1.0914378762245178,
            1.283098816871643
          ],
          "rotationOrigin":[
            6.11884880065918,
            0.2693491578102112,
            0.5444229245185852
          ],
          "rotationY":-6.830189170012751e-06,
          "group":"unv_string_stonehead",
          "faces":{
            "north":{
              "texture":"#wood",
              "uv":[
                24.0,
                12.001476287841797,
                17.999998092651367,
                15.0
              ],
              "autoUv":false
            },
            "east":{
              "texture":"#wood",
              "uv":[
                8.0,
                10.0,
                4.0,
                12.0
              ],
              "autoUv":false
            },
            "south":{
              "texture":"#wood",
              "uv":[
                14.0,
                12.01468276977539,
                24.0,
                15.000001907348633
              ],
              "autoUv":false
            },
            "west":{
              "texture":"#wood",
              "uv":[
                18.0,
                12.0,
                14.0,
                15.0
              ],
              "autoUv":false
            },
            "up":{
              "texture":"#wood",
              "uv":[
                9.000001907348633,
                13.999324798583984,
                19.0,
                17.000676155090332
              ],
              "autoUv":false
            },
            "down":{
              "texture":"#wood",
              "uv":[
                8.999999046325684,
                17.000676155090332,
                19.0,
                13.99932861328125
              ],
              "autoUv":false,
              "rotation":180
            }
          },
          "children":[]
        },
        {
          "name":"unv_string_stonehead 20",
          "from":[
            6.0676471292972565,
            0.14543843269348145,
            -2.984394073486328
          ],
          "to":[
            7.048891872167587,
            0.9822285175323486,
            -2.3884043097496033
          ],
          "rotationOrigin":[
            6.558269500732422,
            0.563833475112915,
            -2.6863991618156433
          ],
          "rotationX":16.731202362559262,
          "rotationY":-5.134380108950285e-06,
          "rotationZ":1.6930588735960607e-07,
          "group":"unv_string_stonehead",
          "faces":{
            "north":{
              "texture":"#wood",
              "uv":[
                13.0,
                11.013860702514648,
                11.0,
                12.986139297485352
              ],
              "autoUv":false
            },
            "east":{
              "texture":"#wood",
              "uv":[
                9.0,
                11.0,
                7.0,
                13.0
              ],
              "autoUv":false
            },
            "south":{
              "texture":"#wood",
              "uv":[
                9.889289855957031,
                0.027723312377929688,
                0.11071109771728516,
                1.027658462524414
              ],
              "autoUv":false
            },
            "west":{
              "texture":"#wood",
              "uv":[
                7.0,
                11.0,
                9.0,
                13.0
              ],
              "autoUv":false
            },
            "up":{
              "texture":"#wood",
              "uv":[
                7.0,
                15.00058364868164,
                9.0,
                16.99903392791748
              ],
              "autoUv":false,
              "rotation":90
            },
            "down":{
              "texture":"#wood",
              "uv":[
                7.0,
                16.99903392791748,
                9.0,
                15.00058364868164
              ],
              "autoUv":false,
              "rotation":90
            }
          },
          "children":[]
        },
        {
          "name":"unv_string_stonehead 21",
          "from":[
            6.0676471292972565,
            0.14543843269348145,
            3.4772496819496155
          ],
          "to":[
            7.048891872167587,
            0.9822285175323486,
            4.07323944568634
          ],
          "rotationOrigin":[
            6.558269500732422,
            0.563833475112915,
            3.7752445340156555
          ],
          "rotationX":-16.731198947464677,
          "rotationY":5.1343792947282865e-06,
          "rotationZ":1.6930657435941727e-07,
          "group":"unv_string_stonehead",
          "faces":{
            "north":{
              "texture":"#wood",
              "uv":[
                0.11071109771728516,
                0.027723312377929688,
                9.889289855957031,
                1.027658462524414
              ],
              "autoUv":false
            },
            "east":{
              "texture":"#wood",
              "uv":[
                7.0,
                11.0,
                9.0,
                13.0
              ],
              "autoUv":false
            },
            "south":{
              "texture":"#wood",
              "uv":[
                11.0,
                11.013860702514648,
                13.0,
                12.986139297485352
              ],
              "autoUv":false
            },
            "west":{
              "texture":"#wood",
              "uv":[
                9.0,
                11.0,
                7.0,
                13.0
              ],
              "autoUv":false
            },
            "up":{
              "texture":"#wood",
              "uv":[
                9.0,
                15.00058364868164,
                7.0,
                16.99903392791748
              ],
              "autoUv":false,
              "rotation":90
            },
            "down":{
              "texture":"#wood",
              "uv":[
                9.0,
                16.99903392791748,
                7.0,
                15.00058364868164
              ],
              "autoUv":false,
              "rotation":90
            }
          },
          "children":[]
        },
        {
          "name":"unv_string_stonehead 22",
          "from":[
            7.57743912935257,
            -0.3100547194480896,
            -0.193220853805542
          ],
          "to":[
            8.738471329212189,
            0.8509790301322937,
            1.2820685505867004
          ],
          "rotationOrigin":[
            8.157955169677734,
            0.27046215534210205,
            0.5444238781929016
          ],
          "rotationX":4.829675438912594e-06,
          "rotationY":-4.82967747446759e-06,
          "rotationZ":45.00000125223908,
          "group":"unv_string_stonehead",
          "faces":{
            "north":{
              "texture":"#wood",
              "uv":[
                27.0,
                12.01468276977539,
                24.0,
                15.0
              ],
              "autoUv":false
            },
            "east":{
              "texture":"#wood",
              "uv":[
                15.999999046325684,
                14.000679016113281,
                19.0,
                16.9993257522583
              ],
              "autoUv":false,
              "rotation":90
            },
            "south":{
              "texture":"#wood",
              "uv":[
                24.0,
                12.01468276977539,
                27.000001907348633,
                15.0
              ],
              "autoUv":false
            },
            "west":{
              "texture":"#wood",
              "uv":[
                16.0,
                4.302942276000977,
                12.0,
                6.0
              ],
              "autoUv":false
            },
            "up":{
              "texture":"#wood",
              "uv":[
                15.999999046325684,
                15.30294418334961,
                12.0,
                17.0
              ],
              "autoUv":false,
              "rotation":90
            },
            "down":{
              "texture":"#wood",
              "uv":[
                15.999999046325684,
                16.9993257522583,
                19.0,
                14.000679016113281
              ],
              "autoUv":false,
              "rotation":180
            }
          },
          "children":[]
        },
        {
          "name":"unv_string_stonehead 23",
          "from":[
            -16.777597427368164,
            -0.45219093561172485,
            -0.046957433223724365
          ],
          "to":[
            -13.759152889251709,
            0.8155885338783264,
            1.1358032822608948
          ],
          "rotationOrigin":[
            -8.440733909606934,
            0.18169879913330078,
            0.5444229245185852
          ],
          "rotationX":7.223796082348506e-16,
          "rotationY":2.0524994695461307e-17,
          "rotationZ":3.2499999481438815,
          "group":"unv_string_stonehead",
          "faces":{
            "north":{
              "texture":"#wood",
              "uv":[
                6.866701126098633,
                21.0,
                1.0,
                24.0
              ],
              "autoUv":false
            },
            "east":{
              "texture":"#wood",
              "uv":[
                1.0,
                1.0,
                4.0,
                4.0
              ],
              "autoUv":false
            },
            "south":{
              "texture":"#wood",
              "uv":[
                1.0,
                21.0,
                6.866701126098633,
                24.000000476837158
              ],
              "autoUv":false
            },
            "west":{
              "texture":"#wood",
              "uv":[
                28.0,
                20.0,
                31.0,
                23.0
              ],
              "autoUv":false
            },
            "up":{
              "texture":"#wood",
              "uv":[
                21.0,
                9.0,
                14.824524879455566,
                12.0
              ],
              "autoUv":false
            },
            "down":{
              "texture":"#wood",
              "uv":[
                22.0,
                13.0,
                15.824525833129883,
                10.0
              ],
              "autoUv":false,
              "rotation":180
            }
          },
          "children":[]
        }
      ]
    }
  ],
  "groups":[]
}