{
	"editor": {
		"allAngles": false,
		"entityTextureMode": false
	},
	"textureWidth": 16,
	"textureHeight": 16,
	"textureSizes": {
	},
	"textures": {
		"mat": "block/clay/ceramic"
	},
	"elements": [
		{
			"name": "Bowl 1 floor",
			"from": [ 2.5, 2.0, 2.5 ],
			"to": [ 5.5, 3.0, 5.5 ],
			"rotationOrigin": [ 12.0, 2.0, -4.0 ],
			"faces": {
				"up": { "texture": "#mat", "uv": [ 10.0, 2.0, 13.0, 5.0 ] },
				"down": { "texture": "#mat", "uv": [ 5.0, 5.0, 8.0, 8.0 ] }
			},
			"children": [
				{
					"name": "Content",
					"from": [ 0.0, 0.0, 0.0 ],
					"to": [ 3.0, 1.9, 3.0 ],
					"rotationOrigin": [ 1.5, 0.0, 1.5 ],
					"faces": {
						"up": { "texture": "#content", "uv": [ 0.0, 0.0, 3.0, 3.0 ], "glow": 128 }
					}
				},
				{
					"name": "stand",
					"from": [ 0.0, -1.0, 0.0 ],
					"to": [ 3.0, 0.0, 3.0 ],
					"rotationOrigin": [ 8.0, -1.0, 0.0 ],
					"faces": {
						"north": { "texture": "#mat", "uv": [ 0.0, 0.0, 3.0, 1.0 ] },
						"east": { "texture": "#mat", "uv": [ 0.0, 0.0, 3.0, 1.0 ] },
						"south": { "texture": "#mat", "uv": [ 0.0, 0.0, 3.0, 1.0 ] },
						"west": { "texture": "#mat", "uv": [ 0.0, 0.0, 3.0, 1.0 ] },
						"up": { "texture": "#mat", "uv": [ 0.0, 0.0, 3.0, 3.0 ] },
						"down": { "texture": "#mat", "uv": [ 0.0, 0.0, 3.0, 3.0 ] }
					},
					"children": [
						{
							"name": "stand2",
							"from": [ -1.5, -1.0, -1.5 ],
							"to": [ 4.5, 0.0, 4.5 ],
							"rotationOrigin": [ 6.5, -1.0, -1.5 ],
							"faces": {
								"north": { "texture": "#mat", "uv": [ 0.0, 0.0, 6.0, 1.0 ] },
								"east": { "texture": "#mat", "uv": [ 0.0, 0.0, 6.0, 1.0 ] },
								"south": { "texture": "#mat", "uv": [ 0.0, 0.0, 6.0, 1.0 ] },
								"west": { "texture": "#mat", "uv": [ 0.0, 0.0, 6.0, 1.0 ] },
								"up": { "texture": "#mat", "uv": [ 0.0, 0.0, 6.0, 6.0 ] },
								"down": { "texture": "#mat", "uv": [ 0.0, 0.0, 6.0, 6.0 ] }
							}
						}
					]
				},
				{
					"name": "E 1",
					"from": [ 0.0, 0.0, 3.0 ],
					"to": [ 3.0, 2.0, 4.0 ],
					"rotationOrigin": [ 0.0, 0.0, 3.0 ],
					"faces": {
						"north": { "texture": "#mat", "uv": [ 0.0, 0.0, 3.0, 2.0 ] },
						"east": { "texture": "#mat", "uv": [ 0.0, 0.0, 1.0, 2.0 ] },
						"south": { "texture": "#mat", "uv": [ 0.0, 0.0, 3.0, 2.0 ] },
						"west": { "texture": "#mat", "uv": [ 0.0, 0.0, 1.0, 2.0 ] },
						"up": { "texture": "#mat", "uv": [ 0.0, 0.0, 3.0, 1.0 ] },
						"down": { "texture": "#mat", "uv": [ 0.0, 0.0, 3.0, 1.0 ] }
					}
				},
				{
					"name": "S 1",
					"from": [ -1.0, 0.0, -1.0 ],
					"to": [ 0.0, 2.0, 4.0 ],
					"rotationOrigin": [ -1.0, 0.0, -1.0 ],
					"faces": {
						"north": { "texture": "#mat", "uv": [ 0.0, 0.0, 1.0, 2.0 ] },
						"east": { "texture": "#mat", "uv": [ 0.0, 0.0, 5.0, 2.0 ] },
						"south": { "texture": "#mat", "uv": [ 0.0, 0.0, 1.0, 2.0 ] },
						"west": { "texture": "#mat", "uv": [ 0.0, 0.0, 5.0, 2.0 ] },
						"up": { "texture": "#mat", "uv": [ 0.0, 0.0, 1.0, 5.0 ] },
						"down": { "texture": "#mat", "uv": [ 0.0, 0.0, 1.0, 5.0 ] }
					}
				},
				{
					"name": "S 2",
					"from": [ 3.0, 0.0, -1.0 ],
					"to": [ 4.0, 2.0, 4.0 ],
					"rotationOrigin": [ 3.0, 0.0, -1.0 ],
					"faces": {
						"north": { "texture": "#mat", "uv": [ 0.0, 0.0, 1.0, 2.0 ] },
						"east": { "texture": "#mat", "uv": [ 0.0, 0.0, 5.0, 2.0 ] },
						"south": { "texture": "#mat", "uv": [ 0.0, 0.0, 1.0, 2.0 ] },
						"west": { "texture": "#mat", "uv": [ 0.0, 0.0, 5.0, 2.0 ] },
						"up": { "texture": "#mat", "uv": [ 0.0, 0.0, 1.0, 5.0 ] },
						"down": { "texture": "#mat", "uv": [ 0.0, 0.0, 1.0, 5.0 ] }
					}
				},
				{
					"name": "E 2",
					"from": [ 0.0, 0.0, -1.0 ],
					"to": [ 3.0, 2.0, 0.0 ],
					"rotationOrigin": [ 0.0, 0.0, -1.0 ],
					"faces": {
						"north": { "texture": "#mat", "uv": [ 0.0, 0.0, 3.0, 2.0 ] },
						"east": { "texture": "#mat", "uv": [ 0.0, 0.0, 1.0, 2.0 ] },
						"south": { "texture": "#mat", "uv": [ 0.0, 0.0, 3.0, 2.0 ] },
						"west": { "texture": "#mat", "uv": [ 0.0, 0.0, 1.0, 2.0 ] },
						"up": { "texture": "#mat", "uv": [ 0.0, 0.0, 3.0, 1.0 ] },
						"down": { "texture": "#mat", "uv": [ 0.0, 0.0, 3.0, 1.0 ] }
					}
				}
			]
		}
	]}