{
	"editor": {
		"backDropShape": "entity/animal/mammal/hooved/odocoileini/odocoileusvirginianus/adult",
		"allAngles": true,
		"entityTextureMode": true
	},
	"textureWidth": 60,
	"textureHeight": 76,
	"textureSizes": {
		"skin": [60,76]
	},
	"textures": {
		"skin": "entity/animal/mammal/hooved/odocoileini/odocoileusvirginianus-adult"
	},
	"elements": [
		{
			"name": "Horn attachment",
			"stepParentName": "head",
			"from": [ 0.0, 3.2, 1.8 ],
			"to": [ 1.0, 4.2, 2.8 ],
			"uv": [ 999.0, 999.0 ],
			"rotationOrigin": [ 0.0, 3.2, 1.8 ],
			"faces": {
			},
			"children": [
				{
					"name": "R antler base",
					"from": [ 0.5, 0.7, -1.3 ],
					"to": [ 1.2, 1.7, -0.6 ],
					"unwrapMode": 4,
					"uv": [ 43.5, 74.5 ],
					"rotationOrigin": [ 0.5, 0.7, -0.6 ],
					"rotationX": -30.0,
					"rotationZ": -25.0,
					"faces": {
						"north": { "texture": "#skin", "uv": [ 43.5, 75.0, 44.0, 76.0 ] },
						"east": { "texture": "#skin", "uv": [ 45.0, 75.0, 45.5, 76.0 ] },
						"south": { "texture": "#skin", "uv": [ 44.5, 75.0, 45.0, 76.0 ] },
						"west": { "texture": "#skin", "uv": [ 44.0, 75.0, 44.5, 76.0 ], "windMode": [-1,-1,-1,-1], "windData": [0,1,1,1] },
						"up": { "texture": "#skin", "uv": [ 44.0, 74.5, 44.5, 75.0 ], "rotation": 90 },
						"down": { "texture": "#skin", "uv": [ 44.0, 76.0, 44.5, 76.5 ], "rotation": 90 }
					},
					"children": [
						{
							"name": "R antler base 2",
							"from": [ 0.1, 0.9, 0.1 ],
							"to": [ 0.6, 2.4, 0.6 ],
							"unwrapMode": 4,
							"uv": [ 43.5, 73.0 ],
							"rotationOrigin": [ 0.1, 0.9, 0.6 ],
							"rotationX": 5.0,
							"faces": {
								"north": { "texture": "#skin", "uv": [ 43.5, 73.5, 44.0, 75.0 ] },
								"east": { "texture": "#skin", "uv": [ 45.0, 73.5, 45.5, 75.0 ] },
								"south": { "texture": "#skin", "uv": [ 44.5, 73.5, 45.0, 75.0 ] },
								"west": { "texture": "#skin", "uv": [ 44.0, 73.5, 44.5, 75.0 ] },
								"up": { "texture": "#skin", "uv": [ 44.0, 73.0, 44.5, 73.5 ], "rotation": 90 },
								"down": { "texture": "#skin", "uv": [ 44.0, 75.0, 44.5, 75.5 ], "rotation": 90, "windMode": [-1,-1,-1,-1] }
							},
							"children": [
								{
									"name": "R antler base 3",
									"from": [ 0.1, 1.5, 0.0 ],
									"to": [ 0.5, 3.0, 0.4 ],
									"unwrapMode": 2,
									"uv": [ 43.5, 70.0 ],
									"rotationOrigin": [ 0.5, 1.5, 0.0 ],
									"rotationX": 15.0,
									"faces": {
										"north": { "texture": "#skin", "uv": [ 44.5, 70.5, 45.0, 72.0 ] },
										"east": { "texture": "#skin", "uv": [ 44.0, 70.5, 44.5, 72.0 ] },
										"south": { "texture": "#skin", "uv": [ 43.5, 70.5, 44.0, 72.0 ] },
										"west": { "texture": "#skin", "uv": [ 45.0, 70.5, 45.5, 72.0 ] },
										"up": { "texture": "#skin", "uv": [ 44.0, 70.0, 44.5, 70.5 ], "rotation": 270 },
										"down": { "texture": "#skin", "uv": [ 44.0, 72.0, 44.5, 72.5 ], "rotation": 270 }
									}
								}
							]
						}
					]
				},
				{
					"name": "L antler base",
					"from": [ 0.5, 0.7, 0.1 ],
					"to": [ 1.2, 1.7, 0.8 ],
					"unwrapMode": 4,
					"uv": [ 39.5, 74.5 ],
					"rotationOrigin": [ 0.5, 0.7, 0.1 ],
					"rotationX": 30.0,
					"rotationZ": -25.0,
					"faces": {
						"north": { "texture": "#skin", "uv": [ 39.5, 75.0, 40.0, 76.0 ] },
						"east": { "texture": "#skin", "uv": [ 41.0, 75.0, 41.5, 76.0 ] },
						"south": { "texture": "#skin", "uv": [ 40.5, 75.0, 41.0, 76.0 ] },
						"west": { "texture": "#skin", "uv": [ 40.0, 75.0, 40.5, 76.0 ], "windMode": [-1,-1,-1,-1], "windData": [0,0,1,1] },
						"up": { "texture": "#skin", "uv": [ 40.0, 74.5, 40.5, 75.0 ], "rotation": 90 },
						"down": { "texture": "#skin", "uv": [ 40.0, 76.0, 40.5, 76.5 ], "rotation": 90 }
					},
					"children": [
						{
							"name": "L antler base 2",
							"from": [ 0.1, 0.9, 0.1 ],
							"to": [ 0.6, 2.4, 0.6 ],
							"unwrapMode": 4,
							"uv": [ 39.5, 73.0 ],
							"rotationOrigin": [ 0.1, 0.9, 0.1 ],
							"rotationX": -5.0,
							"faces": {
								"north": { "texture": "#skin", "uv": [ 39.5, 73.5, 40.0, 75.0 ] },
								"east": { "texture": "#skin", "uv": [ 41.0, 73.5, 41.5, 75.0 ] },
								"south": { "texture": "#skin", "uv": [ 40.5, 73.5, 41.0, 75.0 ] },
								"west": { "texture": "#skin", "uv": [ 40.0, 73.5, 40.5, 75.0 ] },
								"up": { "texture": "#skin", "uv": [ 40.0, 73.0, 40.5, 73.5 ], "rotation": 90 },
								"down": { "texture": "#skin", "uv": [ 40.0, 75.0, 40.5, 75.5 ], "rotation": 90 }
							},
							"children": [
								{
									"name": "L antler base 3",
									"from": [ 0.1, 1.5, 0.1 ],
									"to": [ 0.5, 3.0, 0.5 ],
									"unwrapMode": 1,
									"uv": [ 39.5, 70.0 ],
									"rotationOrigin": [ 0.5, 1.5, 0.5 ],
									"rotationX": -15.0,
									"faces": {
										"north": { "texture": "#skin", "uv": [ 40.0, 70.5, 40.5, 72.0 ] },
										"east": { "texture": "#skin", "uv": [ 39.5, 70.5, 40.0, 72.0 ] },
										"south": { "texture": "#skin", "uv": [ 41.0, 70.5, 41.5, 72.0 ] },
										"west": { "texture": "#skin", "uv": [ 40.5, 70.5, 41.0, 72.0 ] },
										"up": { "texture": "#skin", "uv": [ 40.0, 70.0, 40.5, 70.5 ], "rotation": 180 },
										"down": { "texture": "#skin", "uv": [ 40.0, 72.0, 40.5, 72.5 ] }
									}
								}
							]
						}
					]
				}
			]
		}
	],
	"animations": [
		{
			"name": "Walk",
			"code": "walk",
			"quantityframes": 30,
			"onActivityStopped": "Rewind",
			"onAnimationEnd": "Repeat",
			"keyframes": [

			]
		}
	]
}