{
	"editor": {
		"backDropShape": "entity/animal/mammal/hooved/odocoileini/odocoileusvirginianus/adult",
		"allAngles": true,
		"entityTextureMode": true
	},
	"textureWidth": 60,
	"textureHeight": 76,
	"textureSizes": {
		"skin": [60,76]
	},
	"textures": {
		"skin": "entity/animal/mammal/hooved/odocoileini/odocoileusvirginianus-adult"
	},
	"elements": [
		{
			"name": "Horn attachment",
			"stepParentName": "head",
			"from": [ 0.0, 3.3, 1.8 ],
			"to": [ 1.0, 4.3, 2.8 ],
			"uv": [ 999.0, 999.0 ],
			"rotationOrigin": [ 0.0, 3.3, 1.8 ],
			"faces": {
			},
			"children": [
				{
					"name": "R antler base",
					"from": [ 0.5, 0.7, -1.3 ],
					"to": [ 1.3, 1.7, -0.5 ],
					"unwrapMode": 4,
					"uv": [ 44.0, 74.0 ],
					"rotationOrigin": [ 0.5, 0.7, -0.5 ],
					"rotationX": -30.0,
					"rotationZ": -25.0,
					"faces": {
						"north": { "texture": "#skin", "uv": [ 44.0, 74.5, 44.5, 75.5 ] },
						"east": { "texture": "#skin", "uv": [ 45.5, 74.5, 46.0, 75.5 ] },
						"south": { "texture": "#skin", "uv": [ 45.0, 74.5, 45.5, 75.5 ] },
						"west": { "texture": "#skin", "uv": [ 44.5, 74.5, 45.0, 75.5 ], "windMode": [-1,-1,-1,-1], "windData": [0,1,1,1] },
						"up": { "texture": "#skin", "uv": [ 44.5, 74.0, 45.0, 74.5 ], "rotation": 90 },
						"down": { "texture": "#skin", "uv": [ 44.5, 75.5, 45.0, 76.0 ], "rotation": 90 }
					},
					"children": [
						{
							"name": "R antler base 2",
							"from": [ 0.1, 0.9, 0.1 ],
							"to": [ 0.7, 2.9, 0.7 ],
							"unwrapMode": 4,
							"uv": [ 44.0, 72.0 ],
							"rotationOrigin": [ 0.1, 0.9, 1.1 ],
							"rotationX": -7.0,
							"faces": {
								"north": { "texture": "#skin", "uv": [ 44.0, 72.5, 44.5, 74.5 ] },
								"east": { "texture": "#skin", "uv": [ 45.5, 72.5, 46.0, 74.5 ] },
								"south": { "texture": "#skin", "uv": [ 45.0, 72.5, 45.5, 74.5 ] },
								"west": { "texture": "#skin", "uv": [ 44.5, 72.5, 45.0, 74.5 ] },
								"up": { "texture": "#skin", "uv": [ 44.5, 72.0, 45.0, 72.5 ], "rotation": 90 },
								"down": { "texture": "#skin", "uv": [ 44.5, 74.5, 45.0, 75.0 ], "rotation": 90, "windMode": [-1,-1,-1,-1] }
							},
							"children": [
								{
									"name": "R antler base 3",
									"from": [ 0.1, 2.0, 0.0 ],
									"to": [ 0.6, 4.0, 0.5 ],
									"unwrapMode": 2,
									"uv": [ 44.0, 70.0 ],
									"rotationOrigin": [ 0.6, 2.0, 0.0 ],
									"rotationX": 25.0,
									"rotationY": 1.0,
									"rotationZ": 20.0,
									"faces": {
										"north": { "texture": "#skin", "uv": [ 45.0, 70.5, 45.5, 72.5 ] },
										"east": { "texture": "#skin", "uv": [ 44.5, 70.5, 45.0, 72.5 ] },
										"south": { "texture": "#skin", "uv": [ 44.0, 70.5, 44.5, 72.5 ] },
										"west": { "texture": "#skin", "uv": [ 45.5, 70.5, 46.0, 72.5 ] },
										"up": { "texture": "#skin", "uv": [ 44.5, 70.0, 45.0, 70.5 ], "rotation": 270 },
										"down": { "texture": "#skin", "uv": [ 44.5, 72.5, 45.0, 73.0 ], "rotation": 270 }
									},
									"children": [
										{
											"name": "R antler base 4",
											"from": [ 0.1, 2.0, 0.0 ],
											"to": [ 0.5, 4.0, 0.4 ],
											"unwrapMode": 3,
											"uv": [ 44.0, 68.0 ],
											"rotationOrigin": [ 0.5, 2.0, 0.0 ],
											"rotationX": 25.0,
											"rotationZ": 20.0,
											"faces": {
												"north": { "texture": "#skin", "uv": [ 45.5, 68.5, 46.0, 70.5 ] },
												"east": { "texture": "#skin", "uv": [ 45.0, 68.5, 45.5, 70.5 ] },
												"south": { "texture": "#skin", "uv": [ 44.5, 68.5, 45.0, 70.5 ] },
												"west": { "texture": "#skin", "uv": [ 44.0, 68.5, 44.5, 70.5 ] },
												"up": { "texture": "#skin", "uv": [ 44.5, 68.0, 45.0, 68.5 ] },
												"down": { "texture": "#skin", "uv": [ 44.5, 70.5, 45.0, 71.0 ], "rotation": 180 }
											}
										},
										{
											"name": "R antler point 2",
											"from": [ -0.1011, 0.0, 0.2 ],
											"to": [ 0.2989, 1.5, 0.6 ],
											"unwrapMode": 2,
											"uv": [ 44.0, 57.0 ],
											"rotationOrigin": [ 0.3, 0.0, 0.2 ],
											"rotationZ": 55.0,
											"faces": {
												"north": { "texture": "#skin", "uv": [ 45.0, 57.5, 45.5, 59.0 ] },
												"east": { "texture": "#skin", "uv": [ 44.5, 57.5, 45.0, 59.0 ] },
												"south": { "texture": "#skin", "uv": [ 44.0, 57.5, 44.5, 59.0 ] },
												"west": { "texture": "#skin", "uv": [ 45.5, 57.5, 46.0, 59.0 ] },
												"up": { "texture": "#skin", "uv": [ 44.5, 57.0, 45.0, 57.5 ], "rotation": 270 },
												"down": { "texture": "#skin", "uv": [ 44.5, 59.0, 45.0, 59.5 ], "rotation": 270 }
											},
											"children": [
												{
													"name": "R antler point 3",
													"from": [ 0.0, 1.5, 0.0 ],
													"to": [ 0.4, 3.0, 0.4 ],
													"unwrapMode": 2,
													"uv": [ 44.0, 54.0 ],
													"rotationOrigin": [ 0.0, 1.5, 0.0 ],
													"rotationX": 30.0,
													"rotationY": 1.0,
													"rotationZ": -20.0,
													"faces": {
														"north": { "texture": "#skin", "uv": [ 45.0, 54.5, 45.5, 56.0 ] },
														"east": { "texture": "#skin", "uv": [ 44.5, 54.5, 45.0, 56.0 ] },
														"south": { "texture": "#skin", "uv": [ 44.0, 54.5, 44.5, 56.0 ] },
														"west": { "texture": "#skin", "uv": [ 45.5, 54.5, 46.0, 56.0 ] },
														"up": { "texture": "#skin", "uv": [ 44.5, 54.0, 45.0, 54.5 ], "rotation": 270 },
														"down": { "texture": "#skin", "uv": [ 44.5, 56.0, 45.0, 56.5 ], "rotation": 270 }
													}
												}
											]
										}
									]
								}
							]
						}
					]
				},
				{
					"name": "L antler base",
					"from": [ 0.5, 0.7, 0.1 ],
					"to": [ 1.3, 1.7, 0.9 ],
					"unwrapMode": 4,
					"uv": [ 39.5, 74.0 ],
					"rotationOrigin": [ 0.5, 0.7, 0.1 ],
					"rotationX": 30.0,
					"rotationZ": -25.0,
					"faces": {
						"north": { "texture": "#skin", "uv": [ 39.5, 74.5, 40.0, 75.5 ] },
						"east": { "texture": "#skin", "uv": [ 41.0, 74.5, 41.5, 75.5 ] },
						"south": { "texture": "#skin", "uv": [ 40.5, 74.5, 41.0, 75.5 ] },
						"west": { "texture": "#skin", "uv": [ 40.0, 74.5, 40.5, 75.5 ], "windMode": [-1,-1,-1,-1], "windData": [0,0,1,1] },
						"up": { "texture": "#skin", "uv": [ 40.0, 74.0, 40.5, 74.5 ], "rotation": 90 },
						"down": { "texture": "#skin", "uv": [ 40.0, 75.5, 40.5, 76.0 ], "rotation": 90 }
					},
					"children": [
						{
							"name": "L antler base 2",
							"from": [ 0.1, 0.9, 0.1 ],
							"to": [ 0.7, 2.9, 0.7 ],
							"unwrapMode": 4,
							"uv": [ 39.5, 72.0 ],
							"rotationOrigin": [ 0.1, 0.9, 0.1 ],
							"rotationX": 7.0,
							"faces": {
								"north": { "texture": "#skin", "uv": [ 39.5, 72.5, 40.0, 74.5 ] },
								"east": { "texture": "#skin", "uv": [ 41.0, 72.5, 41.5, 74.5 ] },
								"south": { "texture": "#skin", "uv": [ 40.5, 72.5, 41.0, 74.5 ] },
								"west": { "texture": "#skin", "uv": [ 40.0, 72.5, 40.5, 74.5 ] },
								"up": { "texture": "#skin", "uv": [ 40.0, 72.0, 40.5, 72.5 ], "rotation": 90 },
								"down": { "texture": "#skin", "uv": [ 40.0, 74.5, 40.5, 75.0 ], "rotation": 90 }
							},
							"children": [
								{
									"name": "L antler base 3",
									"from": [ 0.1, 2.0, 0.1 ],
									"to": [ 0.6, 4.0, 0.6 ],
									"unwrapMode": 1,
									"uv": [ 40.0, 70.0 ],
									"rotationOrigin": [ 0.8, 2.1, 0.5 ],
									"rotationX": -25.0,
									"rotationY": -1.0,
									"rotationZ": 20.0,
									"faces": {
										"north": { "texture": "#skin", "uv": [ 40.5, 70.5, 41.0, 72.5 ] },
										"east": { "texture": "#skin", "uv": [ 40.0, 70.5, 40.5, 72.5 ] },
										"south": { "texture": "#skin", "uv": [ 41.5, 70.5, 42.0, 72.5 ] },
										"west": { "texture": "#skin", "uv": [ 41.0, 70.5, 41.5, 72.5 ] },
										"up": { "texture": "#skin", "uv": [ 40.5, 70.0, 41.0, 70.5 ], "rotation": 180 },
										"down": { "texture": "#skin", "uv": [ 40.5, 72.5, 41.0, 73.0 ] }
									},
									"children": [
										{
											"name": "L antler base 4",
											"from": [ 0.1, 2.0, 0.1 ],
											"to": [ 0.5, 4.0, 0.5 ],
											"unwrapMode": 1,
											"uv": [ 41.0, 68.0 ],
											"rotationOrigin": [ 0.5, 2.0, 0.5 ],
											"rotationX": -25.0,
											"rotationZ": 20.0,
											"faces": {
												"north": { "texture": "#skin", "uv": [ 41.5, 68.5, 42.0, 70.5 ] },
												"east": { "texture": "#skin", "uv": [ 41.0, 68.5, 41.5, 70.5 ] },
												"south": { "texture": "#skin", "uv": [ 42.5, 68.5, 43.0, 70.5 ] },
												"west": { "texture": "#skin", "uv": [ 42.0, 68.5, 42.5, 70.5 ] },
												"up": { "texture": "#skin", "uv": [ 41.5, 68.0, 42.0, 68.5 ], "rotation": 180 },
												"down": { "texture": "#skin", "uv": [ 41.5, 70.5, 42.0, 71.0 ] }
											}
										},
										{
											"name": "L antler point 2",
											"from": [ -0.3, 0.1, -0.2 ],
											"to": [ 0.1, 1.6, 0.2 ],
											"unwrapMode": 2,
											"uv": [ 41.0, 57.5 ],
											"rotationOrigin": [ 0.1, 0.1, -0.2 ],
											"rotationZ": 55.0,
											"faces": {
												"north": { "texture": "#skin", "uv": [ 42.0, 58.0, 42.5, 59.5 ] },
												"east": { "texture": "#skin", "uv": [ 41.5, 58.0, 42.0, 59.5 ] },
												"south": { "texture": "#skin", "uv": [ 41.0, 58.0, 41.5, 59.5 ] },
												"west": { "texture": "#skin", "uv": [ 42.5, 58.0, 43.0, 59.5 ] },
												"up": { "texture": "#skin", "uv": [ 41.5, 57.5, 42.0, 58.0 ], "rotation": 270 },
												"down": { "texture": "#skin", "uv": [ 41.5, 59.5, 42.0, 60.0 ], "rotation": 270 }
											},
											"children": [
												{
													"name": "L antler point 3",
													"from": [ 0.0, 1.5, 0.0 ],
													"to": [ 0.4, 3.0, 0.4 ],
													"unwrapMode": 2,
													"uv": [ 41.0, 54.0 ],
													"rotationOrigin": [ 0.0, 1.5, 0.4 ],
													"rotationX": -30.0,
													"rotationY": 1.0,
													"rotationZ": -20.0,
													"faces": {
														"north": { "texture": "#skin", "uv": [ 42.0, 54.5, 42.5, 56.0 ] },
														"east": { "texture": "#skin", "uv": [ 41.5, 54.5, 42.0, 56.0 ] },
														"south": { "texture": "#skin", "uv": [ 41.0, 54.5, 41.5, 56.0 ] },
														"west": { "texture": "#skin", "uv": [ 42.5, 54.5, 43.0, 56.0 ] },
														"up": { "texture": "#skin", "uv": [ 41.5, 54.0, 42.0, 54.5 ], "rotation": 270 },
														"down": { "texture": "#skin", "uv": [ 41.5, 56.0, 42.0, 56.5 ], "rotation": 270 }
													}
												}
											]
										}
									]
								}
							]
						}
					]
				}
			]
		}
	],
	"animations": [
		{
			"name": "Walk",
			"code": "walk",
			"quantityframes": 30,
			"onActivityStopped": "Rewind",
			"onAnimationEnd": "Repeat",
			"keyframes": [

			]
		}
	]
}