{
	"editor": {
		"collapsedPaths": "",
		"allAngles": false,
		"entityTextureMode": false
	},
	"textureWidth": 16,
	"textureHeight": 16,
	"textureSizes": {
		"material2": [16,32],
		"material": [16,16],
		"metal": [16,16]
	},
	"textures": {
		"material2": "block/wood/debarked/oak",
		"material": "block/wood/debarked/oak"
	},
	"elements": [
		{
			"name": "Walkway",
			"from": [ 0.0, 14.5, 0.0 ],
			"to": [ 16.0, 16.0, 16.0 ],
			"rotationOrigin": [ 0.0, 0.5, 0.0 ],
			"faces": {
				"north": { "texture": "#material", "uv": [ 0.0, 0.0, 16.0, 1.5 ] },
				"east": { "texture": "#material", "uv": [ 0.0, 0.0, 16.0, 1.5 ] },
				"south": { "texture": "#material", "uv": [ 0.0, 0.0, 16.0, 1.5 ] },
				"west": { "texture": "#material", "uv": [ 0.0, 0.0, 16.0, 1.5 ] },
				"up": { "texture": "#material", "uv": [ 0.0, 0.0, 16.0, 16.0 ] },
				"down": { "texture": "#material", "uv": [ 0.0, 0.0, 16.0, 16.0 ] }
			},
			"children": [
				{
					"name": "Support",
					"from": [ -1.0, -2.5, 14.0 ],
					"to": [ 1.5, 0.0, 32.0 ],
					"rotationOrigin": [ -1.0, -3.0, 14.0 ],
					"rotationY": 90.0,
					"faces": {
						"north": { "texture": "#material2", "uv": [ 0.0, 0.0, 3.0, 5.0 ], "autoUv": false, "windMode": [-1,-1,-1,-1] },
						"east": { "texture": "#material2", "uv": [ 1.0, 0.0, 3.5, 30.0 ], "rotation": 90, "autoUv": false, "windMode": [-1,-1,-1,-1] },
						"south": { "texture": "#material2", "uv": [ 0.0, 0.0, 3.0, 5.0 ], "autoUv": false, "windMode": [-1,-1,-1,-1] },
						"west": { "texture": "#material2", "uv": [ 0.0, 0.0, 4.0, 30.0 ], "rotation": 90, "autoUv": false, "windMode": [-1,-1,-1,-1] },
						"up": { "texture": "#material2", "uv": [ 0.0, 0.0, 4.0, 30.0 ], "autoUv": false, "windMode": [-1,-1,-1,-1] },
						"down": { "texture": "#material2", "uv": [ 0.0, 0.0, 4.0, 30.0 ], "autoUv": false, "windMode": [-1,-1,-1,-1] }
					},
					"children": [
						{
							"name": "Support2",
							"from": [ 9.5, 0.0, 0.0 ],
							"to": [ 12.0, 2.5, 18.0 ],
							"rotationOrigin": [ 9.0, -0.5, 0.0 ],
							"faces": {
								"north": { "texture": "#material2", "uv": [ 0.0, 27.0, 3.0, 32.0 ], "autoUv": false, "windMode": [-1,-1,-1,-1] },
								"east": { "texture": "#material2", "uv": [ 0.5, 0.0, 3.0, 30.0 ], "rotation": 90, "autoUv": false, "windMode": [-1,-1,-1,-1] },
								"south": { "texture": "#material2", "uv": [ 0.0, 27.0, 3.0, 32.0 ], "autoUv": false, "windMode": [-1,-1,-1,-1] },
								"west": { "texture": "#material2", "uv": [ 0.0, 0.0, 4.0, 30.0 ], "rotation": 90, "autoUv": false, "windMode": [-1,-1,-1,-1] },
								"up": { "texture": "#material2", "uv": [ 0.0, 0.0, 4.0, 30.0 ], "autoUv": false, "windMode": [-1,-1,-1,-1] },
								"down": { "texture": "#material2", "uv": [ 0.0, 0.0, 4.0, 30.0 ], "autoUv": false, "windMode": [-1,-1,-1,-1] }
							}
						}
					]
				}
			]
		}
	]}