{
	"code": "deadpig",
	"class": "butcherable",
	"variantgroups": [
		{ "code": "type", "states": [ "male", "female", "baby"] },
		{ "code": "skin", "states": [ "eurasian" ] },
		{ "code": "texture", "states": [ "1", "2", "3", "4", "5" ] },
		{ "code": "state", "states": [ "dead", "skinned", "bledout", "rotten" ] }
	],
	"allowedVariants": [
		"deadpig-male-*",
		"deadpig-female-*",
		"deadpig-baby-*"
	],
	"skipVariants": [
		"@deadpig-female-eurasian-[2-5]-dead",
		"@deadpig-.*-[2-5]-(skinned|bledout|rotten)"
	],
	"maxstacksize": 1,
	"behaviors": [{ "name": "GroundStorable", "properties": { "layout": "SingleCenter", "collisionBox": { "x1": 0.2, "y1": 0, "z1": 0.2, "x2": 0.8, "y2": 0.5, "z2": 0.8 }}}],
	"texturesByType": {
		"deadpig-male-*-dead": { "skin": { "base": "game:entity/animal/mammal/hooved/pig/{skin}-{type}{texture}" } },
		"deadpig-female-*-dead": { "skin": { "base": "game:entity/animal/mammal/hooved/pig/{skin}-{type}{texture}" } },
		"deadpig-baby-*-dead": { "skin": { "base": "game:entity/animal/mammal/hooved/pig/{skin}-{type}" } },
		"deadpig-*-skinned": { "skin": { "base": "butchering:item/butchercreatures/animalredmeatbloody" } },
		"deadpig-*-bledout": { "skin": { "base": "butchering:item/butchercreatures/animalredmeatbledout" } },
		"deadpig-*-rotten": { "skin": { "base": "game:block/creature/rot/rot" } }
	},
	"attributesByType": {
		"deadpig-male-*": {
			"size": 0.5,
			"mass": 0.04,
			"bloodType": "butchering:bloodportion",
			"bloodAmount": 100,
			"butcheringWorkLoad": "medium",
			"handbookByType": {
				"*-rotten": {
					"exclude": false
				},
				"*": {
					"exclude": true
				}
			},
			"hangingShape": { "base": "butchering:creatures/game/pig/pig-wild-male-hanging" },
			"excludeRewards": [],
			"butcheringRewards": [
				{
					"type": "item",
					"code": "butchering:primemeat-raw",
					"quantity": {
						"avg": 3,
						"var": 1
					}
				},
				{
					"type": "item",
					"code": "butchering:offal-bloody",
					"quantity": {
						"avg": 4,
						"var": 1
					}
				}
			],
			"skinningRewards": [
				{
					"type": "item",
					"code": "butchering:ivory-raw",
					"quantity": {
						"avg": 1.2,
						"var": 0.2
					}
				}
			]
		},
		"deadpig-female-*": {
			"size": 0.5,
			"mass": 0.04,
			"bloodType": "butchering:bloodportion",
			"bloodAmount": 100,
			"butcheringWorkLoad": "medium",
			"handbookByType": {
				"*-rotten": {
					"exclude": false
				},
				"*": {
					"exclude": true
				}
			},
			"hangingShape": { "base": "butchering:creatures/game/pig/pig-wild-female-hanging" },
			"excludeRewards": [],
			"butcheringRewards": [
				{
					"type": "item",
					"code": "butchering:primemeat-raw",
					"quantity": {
						"avg": 3,
						"var": 1
					}
				},
				{
					"type": "item",
					"code": "butchering:offal-bloody",
					"quantity": {
						"avg": 4,
						"var": 1
					}
				}
			],
			"skinningRewards": [
			]
		},
		"deadpig-baby-*": {
			"size": 0.5,
			"mass": 0,
			"bloodType": "butchering:bloodportion",
			"bloodAmount": 20,
			"butcheringWorkLoad": "small",
			"handbookByType": {
				"*-rotten": {
					"exclude": false
				},
				"*": {
					"exclude": true
				}
			},
			"hangingShape": { "base": "butchering:creatures/game/pig/pig-wild-piglet-hanging" },
			"excludeRewards": [],
			"butcheringRewards": [
			],
			"skinningRewards": [
			]
		}
	},
	
	"shapeByType": {
		"deadpig-male-*": { "base": "creatures/game/pig/pig-wild-male-dead" },
		"deadpig-female-*": { "base": "creatures/game/pig/pig-wild-female-dead" },
		"deadpig-baby-*": { "base": "creatures/game/pig/pig-wild-piglet-dead" }
	},
	"storageFlagsbytype": {
		"deadpig-baby-*": 2049,
		"*-rotten": 1,
		"*": 2050
	},
    "transitionablePropsByType": {
		"*-rotten": [],
		"*": [
			{
				"type": "Perish",
				"freshHours": {
					"avg": 80
				},
				"transitionHours": {
					"avg": 24
				},
				"transitionedStack": {
					"type": "item",
					"code": "butchering:deadpig-{type}-{skin}-1-rotten"
				},
				"transitionRatio": 1
			}
		]
	},
	"creativeinventory": { "general": ["*-1-*"], "items": ["*-1-*"] },
	"heldTpIdleAnimation": "holdunderarm",
	"guiTransform": {
		"translation": { "x": 0, "y": 0, "z": 0 },
		"rotation": { "x": -20, "y": 21, "z": 180 },
		"origin": { "x": 0.53, "y": 0.35, "z": 0.5 },
		"scale": 1,
		"rotate": true
	},
	"fpHandTransform": {
		"translation": { "x": 0, "y": 0, "z": 0 },
		"rotation": { "x": -132, "y": -180, "z": -18 }
	},
	"tpHandTransform": {
		"translation": { "x": -0.5, "y": -0.3, "z": -0.7 },
		"rotation": { "x": -89, "y": -12, "z": 3 },
		"scale": 0.86
	},
	"groundTransform": {
		"translation": { "x": 0, "y": 0, "z": 0 },
		"rotation": { "x": 180, "y": 33, "z": -180 },
		"origin": { "x": 0.5, "y": 0, "z": 0.5 },
		"scale": 4.5
	}
}