{
	"inheritFrom": "blocktypes/wood/typed/scaffolding",
	"code": "scaffolding",
	"variantgroups": [
		{ "code": "material", "loadFromProperties": "floralzonescentralaustralianregion:block/wood" },
		{ "code": "side", "loadFromProperties": "game:abstract/horizontalorientation" }
	],
	"texturesByType": {
		"*": { 
			"batten": { "base": "floralzonescentralaustralianregion:block/wood/debarked/{material}" },
			"support": { "base": "floralzonescentralaustralianregion:block/wood/bark/{material}" }
		}
	}
}