{
	"editor": {
		"allAngles": true,
		"entityTextureMode": true
	},
	"textureWidth": 72,
	"textureHeight": 96,
	"textureSizes": {
		"playermodellib-iris": [8,8],
		"fluffdregtex": [72,96]
	},
	"textures": {
		"playermodellib-iris": "playermodellib:eyes/topaz",
		"fluffdregtex": "fluffydreg:entity/fluffdregtex"
	},
	"elements": [
		{
			"name": "eyesroot",
			"stepParentName": "Head",
			"from": [ 0.0, 0.5, 0.0 ],
			"to": [ 5.5, 5.7, 5.0 ],
			"unwrapMode": 4,
			"uv": [ 0.0, 0.0 ],
			"faces": {
			},
			"children": [
				{
					"name": "R eye",
					"from": [ -0.01, 1.75, 0.9 ],
					"to": [ 0.09, 2.55, 2.1 ],
					"uv": [ 2.0, 0.0 ],
					"rotationOrigin": [ 0.0, 1.75, 2.1 ],
					"rotationX": 3.0,
					"faces": {
						"north": { "texture": "#playermodellib-iris", "uv": [ 2.0, 0.0, 5.0, 3.0 ] },
						"east": { "texture": "#null", "uv": [ 0.0, 0.0, 1.0, 0.5 ], "enabled": false },
						"south": { "texture": "#playermodellib-iris", "uv": [ 2.0, 0.0, 5.0, 3.0 ] },
						"west": { "texture": "#playermodellib-iris", "uv": [ 2.0, 0.0, 5.0, 3.0 ] },
						"up": { "texture": "#playermodellib-iris", "uv": [ 2.0, 0.0, 3.0, 1.0 ], "rotation": 90 },
						"down": { "texture": "#playermodellib-iris", "uv": [ 2.0, 0.0, 3.0, 1.0 ], "rotation": 90 }
					},
					"children": [
						{
							"name": "R iris",
							"from": [ -0.03, 0.17, 0.3 ],
							"to": [ 0.07, 0.77, 0.95 ],
							"uv": [ 0.0, 1.0 ],
							"rotationOrigin": [ 0.0, 0.15, 1.05 ],
							"faces": {
								"north": { "texture": "#fluffdregtex", "uv": [ 0.0, 1.5, 0.5, 2.0 ] },
								"east": { "texture": "#null", "uv": [ 22.0, 10.5, 22.5, 11.0 ], "enabled": false },
								"south": { "texture": "#fluffdregtex", "uv": [ 0.5, 1.5, 1.0, 2.0 ] },
								"west": { "texture": "#fluffdregtex", "uv": [ 1.0, 1.5, 1.5, 2.0 ] },
								"up": { "texture": "#fluffdregtex", "uv": [ 0.0, 1.0, 0.5, 1.5 ], "rotation": 90 },
								"down": { "texture": "#fluffdregtex", "uv": [ 0.5, 1.0, 1.0, 1.5 ], "rotation": 90 }
							},
							"children": [
								{
									"name": "shine large 1",
									"from": [ -0.01, 0.37, 0.1 ],
									"to": [ 0.09, 0.54, 0.27 ],
									"uv": [ 0.0, 5.5 ],
									"rotationOrigin": [ 0.03, 0.5, 0.1 ],
									"faces": {
										"north": { "texture": "#fluffdregtex", "uv": [ 0.0, 6.0, 0.5, 6.5 ] },
										"east": { "texture": "#null", "uv": [ 1.5, 5.5, 2.0, 6.0 ], "enabled": false },
										"south": { "texture": "#fluffdregtex", "uv": [ 0.5, 6.0, 1.0, 6.5 ] },
										"west": { "texture": "#fluffdregtex", "uv": [ 1.0, 6.0, 1.5, 6.5 ] },
										"up": { "texture": "#fluffdregtex", "uv": [ 0.0, 5.5, 0.5, 6.0 ], "rotation": 90 },
										"down": { "texture": "#fluffdregtex", "uv": [ 0.5, 5.5, 1.0, 6.0 ], "rotation": 90 }
									}
								},
								{
									"name": "shine small 1",
									"from": [ -0.01, 0.33, 0.05 ],
									"to": [ 0.09, 0.43, 0.15 ],
									"uv": [ 0.0, 4.5 ],
									"rotationOrigin": [ 0.03, 0.4, 0.1 ],
									"faces": {
										"north": { "texture": "#fluffdregtex", "uv": [ 0.0, 5.0, 0.5, 5.5 ] },
										"east": { "texture": "#null", "uv": [ 1.5, 4.0, 2.0, 4.5 ], "enabled": false },
										"south": { "texture": "#fluffdregtex", "uv": [ 0.5, 5.0, 1.0, 5.5 ] },
										"west": { "texture": "#fluffdregtex", "uv": [ 1.0, 5.0, 1.5, 5.5 ] },
										"up": { "texture": "#fluffdregtex", "uv": [ 0.0, 4.5, 0.5, 5.0 ], "rotation": 90 },
										"down": { "texture": "#fluffdregtex", "uv": [ 0.5, 4.5, 1.0, 5.0 ], "rotation": 90 }
									}
								}
							]
						},
						{
							"name": "R iris2",
							"from": [ -0.02, 0.22, 0.2 ],
							"to": [ 0.08, 0.82, 1.0 ],
							"uv": [ 0.5, 0.5 ],
							"rotationOrigin": [ 0.0, 0.15, 0.95 ],
							"faces": {
								"north": { "texture": "#fluffdregtex", "uv": [ 0.5, 1.0, 1.0, 1.5 ] },
								"east": { "texture": "#null", "uv": [ 23.5, 11.5, 24.0, 12.0 ], "enabled": false },
								"south": { "texture": "#fluffdregtex", "uv": [ 1.0, 1.0, 1.5, 1.5 ] },
								"west": { "texture": "#fluffdregtex", "uv": [ 1.5, 1.0, 2.0, 1.5 ] },
								"up": { "texture": "#fluffdregtex", "uv": [ 0.5, 0.5, 1.0, 1.0 ], "rotation": 90 },
								"down": { "texture": "#fluffdregtex", "uv": [ 1.0, 0.5, 1.5, 1.0 ], "rotation": 90 }
							}
						}
					]
				},
				{
					"name": "L eye2",
					"from": [ -0.01, 1.75, 2.85 ],
					"to": [ 0.09, 2.55, 4.05 ],
					"uv": [ 2.0, 5.0 ],
					"rotationOrigin": [ 0.0, 1.75, 2.9 ],
					"rotationX": -3.0,
					"faces": {
						"north": { "texture": "#playermodellib-iris", "uv": [ 2.0, 5.0, 5.0, 8.0 ] },
						"east": { "texture": "#null", "uv": [ 0.0, 0.0, 1.0, 0.5 ], "enabled": false },
						"south": { "texture": "#playermodellib-iris", "uv": [ 2.0, 5.0, 5.0, 8.0 ] },
						"west": { "texture": "#playermodellib-iris", "uv": [ 2.0, 5.0, 5.0, 8.0 ] },
						"up": { "texture": "#playermodellib-iris", "uv": [ 2.0, 5.0, 3.0, 6.0 ], "rotation": 90 },
						"down": { "texture": "#playermodellib-iris", "uv": [ 2.0, 5.0, 3.0, 6.0 ], "rotation": 90 }
					},
					"children": [
						{
							"name": "L iris",
							"from": [ -0.03, 0.17, 0.25 ],
							"to": [ 0.07, 0.77, 0.9 ],
							"uv": [ 1.5, 1.5 ],
							"rotationOrigin": [ 0.0, 0.15, 0.35 ],
							"faces": {
								"north": { "texture": "#fluffdregtex", "uv": [ 1.5, 2.0, 2.0, 2.5 ] },
								"east": { "texture": "#null", "uv": [ 16.0, 8.0, 16.5, 8.5 ], "enabled": false },
								"south": { "texture": "#fluffdregtex", "uv": [ 2.0, 2.0, 2.5, 2.5 ] },
								"west": { "texture": "#fluffdregtex", "uv": [ 2.5, 2.0, 3.0, 2.5 ] },
								"up": { "texture": "#fluffdregtex", "uv": [ 1.5, 1.5, 2.0, 2.0 ], "rotation": 90 },
								"down": { "texture": "#fluffdregtex", "uv": [ 2.0, 1.5, 2.5, 2.0 ], "rotation": 90 }
							},
							"children": [
								{
									"name": "shine small 2",
									"from": [ -0.01, 0.33, 0.07 ],
									"to": [ 0.09, 0.43, 0.17 ],
									"uv": [ 1.5, 4.5 ],
									"rotationOrigin": [ 0.03, 0.4, 0.3 ],
									"faces": {
										"north": { "texture": "#fluffdregtex", "uv": [ 1.5, 5.0, 2.0, 5.5 ] },
										"east": { "texture": "#null", "uv": [ 28.0, 5.5, 28.5, 6.0 ], "enabled": false },
										"south": { "texture": "#fluffdregtex", "uv": [ 2.0, 5.0, 2.5, 5.5 ] },
										"west": { "texture": "#fluffdregtex", "uv": [ 2.5, 5.0, 3.0, 5.5 ] },
										"up": { "texture": "#fluffdregtex", "uv": [ 1.5, 4.5, 2.0, 5.0 ], "rotation": 180 },
										"down": { "texture": "#fluffdregtex", "uv": [ 2.0, 4.5, 2.5, 5.0 ] }
									}
								},
								{
									"name": "shine large 2",
									"from": [ -0.01, 0.37, 0.12 ],
									"to": [ 0.09, 0.54, 0.29 ],
									"uv": [ 1.5, 5.5 ],
									"rotationOrigin": [ -0.07, 0.5, 0.1 ],
									"faces": {
										"north": { "texture": "#fluffdregtex", "uv": [ 1.5, 6.0, 2.0, 6.5 ] },
										"east": { "texture": "#null", "uv": [ 32.0, 6.0, 32.5, 6.5 ], "enabled": false },
										"south": { "texture": "#fluffdregtex", "uv": [ 2.0, 6.0, 2.5, 6.5 ] },
										"west": { "texture": "#fluffdregtex", "uv": [ 2.5, 6.0, 3.0, 6.5 ] },
										"up": { "texture": "#fluffdregtex", "uv": [ 1.5, 5.5, 2.0, 6.0 ], "rotation": 90 },
										"down": { "texture": "#fluffdregtex", "uv": [ 2.0, 5.5, 2.5, 6.0 ], "rotation": 90 }
									}
								}
							]
						},
						{
							"name": "L iris2",
							"from": [ -0.02, 0.22, 0.2 ],
							"to": [ 0.08, 0.82, 1.0 ],
							"uv": [ 1.5, 0.5 ],
							"rotationOrigin": [ 0.0, 0.15, 0.15 ],
							"faces": {
								"north": { "texture": "#fluffdregtex", "uv": [ 1.5, 1.0, 2.0, 1.5 ] },
								"east": { "texture": "#null", "uv": [ 26.5, 15.0, 27.0, 15.5 ], "enabled": false },
								"south": { "texture": "#fluffdregtex", "uv": [ 2.0, 1.0, 2.5, 1.5 ] },
								"west": { "texture": "#fluffdregtex", "uv": [ 2.5, 1.0, 3.0, 1.5 ] },
								"up": { "texture": "#fluffdregtex", "uv": [ 1.5, 0.5, 2.0, 1.0 ], "rotation": 90 },
								"down": { "texture": "#fluffdregtex", "uv": [ 2.0, 0.5, 2.5, 1.0 ], "rotation": 90 }
							}
						}
					]
				},
				{
					"name": "R eyebrow 1",
					"from": [ -0.1, 2.6, 1.5 ],
					"to": [ 0.0, 2.9, 2.2 ],
					"uv": [ 6.5, 2.0 ],
					"rotationOrigin": [ -0.1, 2.6, 2.2 ],
					"rotationX": 16.0,
					"faces": {
						"north": { "texture": "#fluffdregtex", "uv": [ 6.5, 2.5, 7.0, 3.0 ] },
						"east": { "texture": "#null", "uv": [ 8.0, 0.5, 8.5, 1.0 ], "enabled": false },
						"south": { "texture": "#fluffdregtex", "uv": [ 7.0, 2.5, 7.5, 3.0 ] },
						"west": { "texture": "#fluffdregtex", "uv": [ 7.5, 2.5, 8.0, 3.0 ] },
						"up": { "texture": "#fluffdregtex", "uv": [ 6.5, 2.0, 7.0, 2.5 ], "rotation": 90 },
						"down": { "texture": "#fluffdregtex", "uv": [ 7.0, 2.0, 7.5, 2.5 ], "rotation": 90 }
					},
					"children": [
						{
							"name": "R eyebrow 2",
							"from": [ 0.0, 0.05, -0.6 ],
							"to": [ 0.1, 0.27, 0.1 ],
							"uv": [ 5.0, 2.0 ],
							"rotationOrigin": [ 0.0, 0.05, 0.1 ],
							"rotationX": -11.0,
							"rotationZ": -1.0,
							"faces": {
								"north": { "texture": "#fluffdregtex", "uv": [ 5.0, 2.5, 5.5, 3.0 ] },
								"east": { "texture": "#null", "uv": [ 6.5, 3.0, 7.0, 3.5 ], "enabled": false },
								"south": { "texture": "#fluffdregtex", "uv": [ 5.5, 2.5, 6.0, 3.0 ] },
								"west": { "texture": "#fluffdregtex", "uv": [ 6.0, 2.5, 6.5, 3.0 ] },
								"up": { "texture": "#fluffdregtex", "uv": [ 5.0, 2.0, 5.5, 2.5 ], "rotation": 90 },
								"down": { "texture": "#fluffdregtex", "uv": [ 5.5, 2.0, 6.0, 2.5 ], "rotation": 90 }
							},
							"children": [
								{
									"name": "Cube2",
									"from": [ 0.03, 0.02, -0.4 ],
									"to": [ 0.13, 0.22, 0.1 ],
									"uv": [ 3.5, 2.0 ],
									"rotationOrigin": [ 0.1, 0.1, 0.1 ],
									"faces": {
										"north": { "texture": "#fluffdregtex", "uv": [ 3.5, 2.5, 4.0, 3.0 ] },
										"east": { "texture": "#null", "uv": [ 5.0, 2.0, 5.5, 2.5 ], "enabled": false },
										"south": { "texture": "#fluffdregtex", "uv": [ 4.0, 2.5, 4.5, 3.0 ] },
										"west": { "texture": "#fluffdregtex", "uv": [ 4.5, 2.5, 5.0, 3.0 ] },
										"up": { "texture": "#fluffdregtex", "uv": [ 3.5, 2.0, 4.0, 2.5 ], "rotation": 90 },
										"down": { "texture": "#fluffdregtex", "uv": [ 4.0, 2.0, 4.5, 2.5 ], "rotation": 90 }
									}
								}
							]
						}
					]
				},
				{
					"name": "L eyebrow 1",
					"from": [ -0.1, 2.6, 2.75 ],
					"to": [ 0.0, 2.9, 3.45 ],
					"uv": [ 6.5, 0.0 ],
					"rotationOrigin": [ -0.1, 2.6, 2.7 ],
					"rotationX": -11.0,
					"faces": {
						"north": { "texture": "#fluffdregtex", "uv": [ 6.5, 0.5, 7.0, 1.0 ] },
						"east": { "texture": "#null", "uv": [ 8.0, 2.0, 8.5, 2.5 ], "enabled": false },
						"south": { "texture": "#fluffdregtex", "uv": [ 7.0, 0.5, 7.5, 1.0 ] },
						"west": { "texture": "#fluffdregtex", "uv": [ 7.5, 0.5, 8.0, 1.0 ] },
						"up": { "texture": "#fluffdregtex", "uv": [ 6.5, 0.0, 7.0, 0.5 ], "rotation": 90 },
						"down": { "texture": "#fluffdregtex", "uv": [ 7.0, 0.0, 7.5, 0.5 ], "rotation": 90 }
					},
					"children": [
						{
							"name": "L eyebrow 2",
							"from": [ 0.0, 0.05, 0.6 ],
							"to": [ 0.1, 0.27, 1.3 ],
							"uv": [ 5.0, 0.0 ],
							"rotationOrigin": [ 0.0, 0.05, 0.6 ],
							"rotationX": 4.0,
							"rotationZ": -1.0,
							"faces": {
								"north": { "texture": "#fluffdregtex", "uv": [ 5.0, 0.5, 5.5, 1.0 ] },
								"east": { "texture": "#null", "uv": [ 6.5, 2.0, 7.0, 2.5 ], "enabled": false },
								"south": { "texture": "#fluffdregtex", "uv": [ 5.5, 0.5, 6.0, 1.0 ] },
								"west": { "texture": "#fluffdregtex", "uv": [ 6.0, 0.5, 6.5, 1.0 ] },
								"up": { "texture": "#fluffdregtex", "uv": [ 5.0, 0.0, 5.5, 0.5 ], "rotation": 90 },
								"down": { "texture": "#fluffdregtex", "uv": [ 5.5, 0.0, 6.0, 0.5 ], "rotation": 90 }
							},
							"children": [
								{
									"name": "Cube3",
									"from": [ 0.03, 0.02, 0.6 ],
									"to": [ 0.13, 0.22, 1.1 ],
									"uv": [ 3.5, 0.0 ],
									"rotationOrigin": [ 0.0, 0.0, 0.6 ],
									"faces": {
										"north": { "texture": "#fluffdregtex", "uv": [ 3.5, 0.5, 4.0, 1.0 ] },
										"east": { "texture": "#null", "uv": [ 5.0, 0.5, 5.5, 1.0 ], "enabled": false },
										"south": { "texture": "#fluffdregtex", "uv": [ 4.0, 0.5, 4.5, 1.0 ] },
										"west": { "texture": "#fluffdregtex", "uv": [ 4.5, 0.5, 5.0, 1.0 ] },
										"up": { "texture": "#fluffdregtex", "uv": [ 3.5, 0.0, 4.0, 0.5 ], "rotation": 90 },
										"down": { "texture": "#fluffdregtex", "uv": [ 4.0, 0.0, 4.5, 0.5 ], "rotation": 90 }
									}
								}
							]
						}
					]
				},
				{
					"name": "eyelid r",
					"from": [ -0.1, 2.4, 0.8 ],
					"to": [ 0.0, 2.57, 2.2 ],
					"uv": [ 0.0, 0.0 ],
					"rotationOrigin": [ -0.1, 2.5, 2.15 ],
					"rotationX": 6.0,
					"faces": {
						"north": { "texture": "#fluffdregtex", "uv": [ 0.0, 0.5, 0.5, 1.0 ] },
						"east": { "texture": "#null", "uv": [ 28.0, 9.5, 29.0, 10.0 ], "enabled": false },
						"south": { "texture": "#fluffdregtex", "uv": [ 0.5, 0.5, 1.0, 1.0 ] },
						"west": { "texture": "#fluffdregtex", "uv": [ 1.0, 0.5, 2.0, 1.0 ] },
						"up": { "texture": "#fluffdregtex", "uv": [ 0.0, 0.0, 1.0, 0.5 ], "rotation": 90 },
						"down": { "texture": "#fluffdregtex", "uv": [ 1.0, 0.0, 2.0, 0.5 ], "rotation": 90 }
					}
				},
				{
					"name": "eyelid l",
					"from": [ -0.1, 2.4, 2.75 ],
					"to": [ 0.0, 2.57, 4.15 ],
					"uv": [ 1.0, 0.0 ],
					"rotationOrigin": [ -0.1, 2.4, 2.9 ],
					"rotationX": -6.0,
					"faces": {
						"north": { "texture": "#fluffdregtex", "uv": [ 1.0, 0.5, 1.5, 1.0 ] },
						"east": { "texture": "#null", "uv": [ 30.0, 9.0, 31.0, 9.5 ], "enabled": false },
						"south": { "texture": "#fluffdregtex", "uv": [ 1.5, 0.5, 2.0, 1.0 ] },
						"west": { "texture": "#fluffdregtex", "uv": [ 2.0, 0.5, 3.0, 1.0 ] },
						"up": { "texture": "#fluffdregtex", "uv": [ 1.0, 0.0, 2.0, 0.5 ], "rotation": 90 },
						"down": { "texture": "#fluffdregtex", "uv": [ 2.0, 0.0, 3.0, 0.5 ], "rotation": 90 }
					}
				},
				{
					"name": "eyelid r2",
					"from": [ -0.1, 1.75, 0.8 ],
					"to": [ 0.0, 1.82, 2.15 ],
					"uv": [ 0.0, 2.0 ],
					"rotationOrigin": [ -0.1, 1.8, 2.15 ],
					"faces": {
						"north": { "texture": "#fluffdregtex", "uv": [ 0.0, 2.5, 0.5, 3.0 ] },
						"east": { "texture": "#null", "uv": [ 29.5, 12.0, 30.5, 12.5 ], "enabled": false },
						"south": { "texture": "#fluffdregtex", "uv": [ 0.5, 2.5, 1.0, 3.0 ] },
						"west": { "texture": "#fluffdregtex", "uv": [ 1.0, 2.5, 2.0, 3.0 ] },
						"up": { "texture": "#fluffdregtex", "uv": [ 0.0, 2.0, 1.0, 2.5 ], "rotation": 90 },
						"down": { "texture": "#fluffdregtex", "uv": [ 1.0, 2.0, 2.0, 2.5 ], "rotation": 90 }
					}
				},
				{
					"name": "eyelid l2",
					"from": [ -0.1, 1.75, 2.8 ],
					"to": [ 0.0, 1.82, 4.15 ],
					"uv": [ 1.0, 2.0 ],
					"rotationOrigin": [ -0.1, 1.8, 2.8 ],
					"faces": {
						"north": { "texture": "#fluffdregtex", "uv": [ 1.0, 2.5, 1.5, 3.0 ] },
						"east": { "texture": "#null", "uv": [ 32.5, 10.0, 33.5, 10.5 ], "enabled": false },
						"south": { "texture": "#fluffdregtex", "uv": [ 1.5, 2.5, 2.0, 3.0 ] },
						"west": { "texture": "#fluffdregtex", "uv": [ 2.0, 2.5, 3.0, 3.0 ] },
						"up": { "texture": "#fluffdregtex", "uv": [ 1.0, 2.0, 2.0, 2.5 ], "rotation": 90 },
						"down": { "texture": "#fluffdregtex", "uv": [ 2.0, 2.0, 3.0, 2.5 ], "rotation": 90 }
					}
				}
			],
			"attachmentpoints": [
				{
					"code": "Eyes",
					"posX": "1.3","posY": "3.5","posZ": "2.5",
					"rotationX": "0.0","rotationY": "-90.0","rotationZ": "0.0"
				}
			]
		}
	]}