{
	"editor": {
		"allAngles": true,
		"entityTextureMode": true
	},
	"textureWidth": 72,
	"textureHeight": 96,
	"textureSizes": {
		"playermodellib-iris": [8,8],
		"fluffdregtex": [72,96]
	},
	"textures": {
		"playermodellib-iris": "playermodellib:eyes/topaz",
		"fluffdregtex": "fluffydreg:entity/fluffdregtex"
	},
	"elements": [
		{
			"name": "eyesroot",
			"stepParentName": "Head",
			"from": [ 0.0, 0.5, 0.0 ],
			"to": [ 5.5, 5.7, 5.0 ],
			"uv": [ 999.0, 999.0 ],
			"faces": {
			},
			"children": [
				{
					"name": "R eye",
					"from": [ -0.01, 1.7, 0.9 ],
					"to": [ 0.09, 2.5, 2.1 ],
					"uv": [ 2.0, 0.0 ],
					"rotationOrigin": [ 0.0, 1.75, 2.1 ],
					"rotationX": 3.0,
					"faces": {
						"north": { "texture": "#playermodellib-iris", "uv": [ 2.0, 0.0, 5.0, 3.0 ] },
						"east": { "texture": "#null", "uv": [ 0.0, 0.0, 1.0, 0.5 ], "enabled": false },
						"south": { "texture": "#playermodellib-iris", "uv": [ 2.0, 0.0, 5.0, 3.0 ] },
						"west": { "texture": "#playermodellib-iris", "uv": [ 2.0, 0.0, 5.0, 3.0 ] },
						"up": { "texture": "#playermodellib-iris", "uv": [ 2.0, 0.0, 3.0, 1.0 ], "rotation": 90 },
						"down": { "texture": "#playermodellib-iris", "uv": [ 2.0, 0.0, 3.0, 1.0 ], "rotation": 90 }
					},
					"children": [
						{
							"name": "R iris",
							"from": [ -0.03, 0.17, 0.3 ],
							"to": [ 0.07, 0.77, 0.95 ],
							"uv": [ 0.0, 2.0 ],
							"rotationOrigin": [ 0.0, 0.15, 1.05 ],
							"rotationX": -2.0,
							"faces": {
								"north": { "texture": "#fluffdregtex", "uv": [ 0.0, 2.5, 0.5, 3.0 ] },
								"east": { "texture": "#null", "uv": [ 0.0, 0.0, 0.5, 0.5 ], "enabled": false },
								"south": { "texture": "#fluffdregtex", "uv": [ 0.5, 2.5, 1.0, 3.0 ] },
								"west": { "texture": "#fluffdregtex", "uv": [ 1.0, 2.5, 1.5, 3.0 ] },
								"up": { "texture": "#fluffdregtex", "uv": [ 0.0, 2.0, 0.5, 2.5 ], "rotation": 90 },
								"down": { "texture": "#fluffdregtex", "uv": [ 0.5, 2.0, 1.0, 2.5 ], "rotation": 90 }
							},
							"children": [
								{
									"name": "shine large 1",
									"from": [ -0.01, 0.37, 0.1 ],
									"to": [ 0.09, 0.54, 0.27 ],
									"uv": [ 0.0, 5.5 ],
									"rotationOrigin": [ 0.03, 0.5, 0.1 ],
									"faces": {
										"north": { "texture": "#fluffdregtex", "uv": [ 0.0, 6.0, 0.5, 6.5 ] },
										"east": { "texture": "#null", "uv": [ 0.0, 0.0, 0.5, 0.5 ], "enabled": false },
										"south": { "texture": "#fluffdregtex", "uv": [ 0.5, 6.0, 1.0, 6.5 ] },
										"west": { "texture": "#fluffdregtex", "uv": [ 1.0, 6.0, 1.5, 6.5 ] },
										"up": { "texture": "#fluffdregtex", "uv": [ 0.0, 5.5, 0.5, 6.0 ], "rotation": 90 },
										"down": { "texture": "#fluffdregtex", "uv": [ 0.5, 5.5, 1.0, 6.0 ], "rotation": 90 }
									}
								},
								{
									"name": "shine small 1",
									"from": [ -0.01, 0.33, 0.05 ],
									"to": [ 0.09, 0.43, 0.15 ],
									"uv": [ 0.0, 4.5 ],
									"rotationOrigin": [ 0.03, 0.4, 0.1 ],
									"faces": {
										"north": { "texture": "#fluffdregtex", "uv": [ 0.0, 5.0, 0.5, 5.5 ] },
										"east": { "texture": "#null", "uv": [ 0.0, 0.0, 0.5, 0.5 ], "enabled": false },
										"south": { "texture": "#fluffdregtex", "uv": [ 0.5, 5.0, 1.0, 5.5 ] },
										"west": { "texture": "#fluffdregtex", "uv": [ 1.0, 5.0, 1.5, 5.5 ] },
										"up": { "texture": "#fluffdregtex", "uv": [ 0.0, 4.5, 0.5, 5.0 ], "rotation": 90 },
										"down": { "texture": "#fluffdregtex", "uv": [ 0.5, 4.5, 1.0, 5.0 ], "rotation": 90 }
									}
								}
							]
						},
						{
							"name": "R iris2",
							"from": [ -0.02, 0.22, 0.2 ],
							"to": [ 0.08, 0.82, 1.0 ],
							"uv": [ 0.0, 1.0 ],
							"rotationOrigin": [ 0.0, 0.15, 0.95 ],
							"rotationX": -2.0,
							"faces": {
								"north": { "texture": "#fluffdregtex", "uv": [ 0.0, 1.5, 0.5, 2.0 ] },
								"east": { "texture": "#null", "uv": [ 0.0, 0.0, 0.5, 0.5 ], "enabled": false },
								"south": { "texture": "#fluffdregtex", "uv": [ 0.5, 1.5, 1.0, 2.0 ] },
								"west": { "texture": "#fluffdregtex", "uv": [ 1.0, 1.5, 1.5, 2.0 ] },
								"up": { "texture": "#fluffdregtex", "uv": [ 0.0, 1.0, 0.5, 1.5 ] },
								"down": { "texture": "#fluffdregtex", "uv": [ 0.5, 1.0, 1.0, 1.5 ] }
							}
						}
					]
				},
				{
					"name": "L eye2",
					"from": [ -0.01, 1.7, 2.9 ],
					"to": [ 0.09, 2.5, 4.1 ],
					"uv": [ 2.0, 5.0 ],
					"rotationOrigin": [ 0.0, 1.75, 2.9 ],
					"rotationX": -3.0,
					"faces": {
						"north": { "texture": "#playermodellib-iris", "uv": [ 2.0, 5.0, 5.0, 8.0 ] },
						"east": { "texture": "#null", "uv": [ 0.0, 0.0, 1.0, 0.5 ], "enabled": false },
						"south": { "texture": "#playermodellib-iris", "uv": [ 2.0, 5.0, 5.0, 8.0 ] },
						"west": { "texture": "#playermodellib-iris", "uv": [ 2.0, 5.0, 5.0, 8.0 ] },
						"up": { "texture": "#playermodellib-iris", "uv": [ 2.0, 5.0, 3.0, 6.0 ], "rotation": 90 },
						"down": { "texture": "#playermodellib-iris", "uv": [ 2.0, 5.0, 3.0, 6.0 ], "rotation": 90 }
					},
					"children": [
						{
							"name": "L iris",
							"from": [ -0.03, 0.17, 0.25 ],
							"to": [ 0.07, 0.77, 0.9 ],
							"uv": [ 1.5, 2.0 ],
							"rotationOrigin": [ 0.0, 0.15, 0.35 ],
							"rotationX": 2.0,
							"faces": {
								"north": { "texture": "#fluffdregtex", "uv": [ 1.5, 2.5, 2.0, 3.0 ] },
								"east": { "texture": "#null", "uv": [ 0.0, 0.0, 0.5, 0.5 ], "enabled": false },
								"south": { "texture": "#fluffdregtex", "uv": [ 2.0, 2.5, 2.5, 3.0 ] },
								"west": { "texture": "#fluffdregtex", "uv": [ 2.5, 2.5, 3.0, 3.0 ] },
								"up": { "texture": "#fluffdregtex", "uv": [ 1.5, 2.0, 2.0, 2.5 ], "rotation": 90 },
								"down": { "texture": "#fluffdregtex", "uv": [ 2.0, 2.0, 2.5, 2.5 ], "rotation": 90 }
							},
							"children": [
								{
									"name": "shine small 2",
									"from": [ -0.01, 0.33, 0.07 ],
									"to": [ 0.09, 0.43, 0.17 ],
									"uv": [ 1.5, 4.5 ],
									"rotationOrigin": [ 0.03, 0.4, 0.3 ],
									"faces": {
										"north": { "texture": "#fluffdregtex", "uv": [ 1.5, 5.0, 2.0, 5.5 ] },
										"east": { "texture": "#null", "uv": [ 0.0, 0.0, 0.5, 0.5 ], "enabled": false },
										"south": { "texture": "#fluffdregtex", "uv": [ 2.0, 5.0, 2.5, 5.5 ] },
										"west": { "texture": "#fluffdregtex", "uv": [ 2.5, 5.0, 3.0, 5.5 ] },
										"up": { "texture": "#fluffdregtex", "uv": [ 1.5, 4.5, 2.0, 5.0 ], "rotation": 90 },
										"down": { "texture": "#fluffdregtex", "uv": [ 2.0, 4.5, 2.5, 5.0 ], "rotation": 90 }
									}
								},
								{
									"name": "shine large 2",
									"from": [ -0.01, 0.37, 0.12 ],
									"to": [ 0.09, 0.54, 0.29 ],
									"uv": [ 1.5, 5.5 ],
									"rotationOrigin": [ -0.07, 0.5, 0.1 ],
									"faces": {
										"north": { "texture": "#fluffdregtex", "uv": [ 1.5, 6.0, 2.0, 6.5 ] },
										"east": { "texture": "#null", "uv": [ 0.0, 0.0, 0.5, 0.5 ], "enabled": false },
										"south": { "texture": "#fluffdregtex", "uv": [ 2.0, 6.0, 2.5, 6.5 ] },
										"west": { "texture": "#fluffdregtex", "uv": [ 2.5, 6.0, 3.0, 6.5 ] },
										"up": { "texture": "#fluffdregtex", "uv": [ 1.5, 5.5, 2.0, 6.0 ], "rotation": 90 },
										"down": { "texture": "#fluffdregtex", "uv": [ 2.0, 5.5, 2.5, 6.0 ], "rotation": 90 }
									}
								}
							]
						},
						{
							"name": "L iris2",
							"from": [ -0.02, 0.22, 0.2 ],
							"to": [ 0.08, 0.82, 1.0 ],
							"uv": [ 1.5, 1.0 ],
							"rotationOrigin": [ 0.0, 0.15, 0.15 ],
							"rotationX": 2.0,
							"faces": {
								"north": { "texture": "#fluffdregtex", "uv": [ 1.5, 1.5, 2.0, 2.0 ] },
								"east": { "texture": "#null", "uv": [ 0.0, 0.0, 0.5, 0.5 ], "enabled": false },
								"south": { "texture": "#fluffdregtex", "uv": [ 2.0, 1.5, 2.5, 2.0 ] },
								"west": { "texture": "#fluffdregtex", "uv": [ 2.5, 1.5, 3.0, 2.0 ] },
								"up": { "texture": "#fluffdregtex", "uv": [ 1.5, 1.0, 2.0, 1.5 ] },
								"down": { "texture": "#fluffdregtex", "uv": [ 2.0, 1.0, 2.5, 1.5 ] }
							}
						}
					]
				},
				{
					"name": "R eyebrow 1",
					"from": [ -0.1, 2.75, 1.3 ],
					"to": [ 0.0, 3.05, 2.1 ],
					"uv": [ 6.5, 0.0 ],
					"rotationOrigin": [ -0.1, 2.7, 2.1 ],
					"rotationX": 14.0,
					"faces": {
						"north": { "texture": "#fluffdregtex", "uv": [ 6.5, 0.5, 7.0, 1.0 ] },
						"east": { "texture": "#null", "uv": [ 0.0, 0.0, 0.5, 0.5 ], "enabled": false },
						"south": { "texture": "#fluffdregtex", "uv": [ 7.0, 0.5, 7.5, 1.0 ] },
						"west": { "texture": "#fluffdregtex", "uv": [ 7.5, 0.5, 8.0, 1.0 ] },
						"up": { "texture": "#fluffdregtex", "uv": [ 6.5, 0.0, 7.0, 0.5 ], "rotation": 90 },
						"down": { "texture": "#fluffdregtex", "uv": [ 7.0, 0.0, 7.5, 0.5 ], "rotation": 90 }
					},
					"children": [
						{
							"name": "R eyebrow 2",
							"from": [ 0.0, 0.08, -0.5 ],
							"to": [ 0.1, 0.3, 0.2 ],
							"uv": [ 5.0, 0.0 ],
							"rotationOrigin": [ 0.0, 0.05, 0.2 ],
							"rotationX": -15.0,
							"rotationZ": -1.0,
							"faces": {
								"north": { "texture": "#fluffdregtex", "uv": [ 5.0, 0.5, 5.5, 1.0 ] },
								"east": { "texture": "#null", "uv": [ 0.0, 0.0, 0.5, 0.5 ], "enabled": false },
								"south": { "texture": "#fluffdregtex", "uv": [ 5.5, 0.5, 6.0, 1.0 ] },
								"west": { "texture": "#fluffdregtex", "uv": [ 6.0, 0.5, 6.5, 1.0 ] },
								"up": { "texture": "#fluffdregtex", "uv": [ 5.0, 0.0, 5.5, 0.5 ], "rotation": 90 },
								"down": { "texture": "#fluffdregtex", "uv": [ 5.5, 0.0, 6.0, 0.5 ], "rotation": 90 }
							},
							"children": [
								{
									"name": "Cube2",
									"from": [ 0.03, 0.02, -0.3 ],
									"to": [ 0.13, 0.19, 0.2 ],
									"uv": [ 3.5, 0.0 ],
									"rotationOrigin": [ 0.1, 0.1, 0.2 ],
									"rotationX": -7.0,
									"faces": {
										"north": { "texture": "#fluffdregtex", "uv": [ 3.5, 0.5, 4.0, 1.0 ] },
										"east": { "texture": "#null", "uv": [ 0.0, 0.0, 0.5, 0.5 ], "enabled": false },
										"south": { "texture": "#fluffdregtex", "uv": [ 4.0, 0.5, 4.5, 1.0 ] },
										"west": { "texture": "#fluffdregtex", "uv": [ 4.5, 0.5, 5.0, 1.0 ] },
										"up": { "texture": "#fluffdregtex", "uv": [ 3.5, 0.0, 4.0, 0.5 ], "rotation": 90 },
										"down": { "texture": "#fluffdregtex", "uv": [ 4.0, 0.0, 4.5, 0.5 ], "rotation": 90 }
									}
								}
							]
						}
					]
				},
				{
					"name": "L eyebrow 1",
					"from": [ -0.1, 2.75, 2.9 ],
					"to": [ 0.0, 3.05, 3.7 ],
					"uv": [ 6.5, 2.0 ],
					"rotationOrigin": [ -0.1, 2.7, 2.9 ],
					"rotationX": -14.0,
					"faces": {
						"north": { "texture": "#fluffdregtex", "uv": [ 6.5, 2.5, 7.0, 3.0 ] },
						"east": { "texture": "#null", "uv": [ 0.0, 0.0, 0.5, 0.5 ], "enabled": false },
						"south": { "texture": "#fluffdregtex", "uv": [ 7.0, 2.5, 7.5, 3.0 ] },
						"west": { "texture": "#fluffdregtex", "uv": [ 7.5, 2.5, 8.0, 3.0 ] },
						"up": { "texture": "#fluffdregtex", "uv": [ 6.5, 2.0, 7.0, 2.5 ], "rotation": 90 },
						"down": { "texture": "#fluffdregtex", "uv": [ 7.0, 2.0, 7.5, 2.5 ], "rotation": 90 }
					},
					"children": [
						{
							"name": "L eyebrow 2",
							"from": [ 0.0, 0.08, 0.6 ],
							"to": [ 0.1, 0.3, 1.3 ],
							"uv": [ 5.0, 2.0 ],
							"rotationOrigin": [ 0.0, 0.05, 0.6 ],
							"rotationX": 15.0,
							"rotationZ": -1.0,
							"faces": {
								"north": { "texture": "#fluffdregtex", "uv": [ 5.0, 2.5, 5.5, 3.0 ] },
								"east": { "texture": "#null", "uv": [ 0.0, 0.0, 0.5, 0.5 ], "enabled": false },
								"south": { "texture": "#fluffdregtex", "uv": [ 5.5, 2.5, 6.0, 3.0 ] },
								"west": { "texture": "#fluffdregtex", "uv": [ 6.0, 2.5, 6.5, 3.0 ] },
								"up": { "texture": "#fluffdregtex", "uv": [ 5.0, 2.0, 5.5, 2.5 ], "rotation": 90 },
								"down": { "texture": "#fluffdregtex", "uv": [ 5.5, 2.0, 6.0, 2.5 ], "rotation": 90 }
							},
							"children": [
								{
									"name": "Cube3",
									"from": [ 0.03, 0.02, 0.5 ],
									"to": [ 0.13, 0.19, 1.0 ],
									"uv": [ 3.5, 2.0 ],
									"rotationOrigin": [ 0.0, 0.0, 0.5 ],
									"rotationX": 7.0,
									"faces": {
										"north": { "texture": "#fluffdregtex", "uv": [ 3.5, 2.5, 4.0, 3.0 ] },
										"east": { "texture": "#null", "uv": [ 0.0, 0.0, 0.5, 0.5 ], "enabled": false },
										"south": { "texture": "#fluffdregtex", "uv": [ 4.0, 2.5, 4.5, 3.0 ] },
										"west": { "texture": "#fluffdregtex", "uv": [ 4.5, 2.5, 5.0, 3.0 ] },
										"up": { "texture": "#fluffdregtex", "uv": [ 3.5, 2.0, 4.0, 2.5 ], "rotation": 90 },
										"down": { "texture": "#fluffdregtex", "uv": [ 4.0, 2.0, 4.5, 2.5 ], "rotation": 90 }
									}
								}
							]
						}
					]
				},
				{
					"name": "eyelid r",
					"from": [ -0.1, 2.48, 0.8 ],
					"to": [ 0.0, 2.65, 2.2 ],
					"uv": [ 0.0, 0.0 ],
					"rotationOrigin": [ -0.1, 2.5, 2.15 ],
					"rotationX": -2.0,
					"faces": {
						"north": { "texture": "#fluffdregtex", "uv": [ 0.0, 0.5, 0.5, 1.0 ] },
						"east": { "texture": "#null", "uv": [ 0.0, 0.0, 1.0, 0.5 ], "enabled": false },
						"south": { "texture": "#fluffdregtex", "uv": [ 0.5, 0.5, 1.0, 1.0 ] },
						"west": { "texture": "#fluffdregtex", "uv": [ 1.0, 0.5, 2.0, 1.0 ] },
						"up": { "texture": "#fluffdregtex", "uv": [ 0.0, 0.0, 1.0, 0.5 ], "rotation": 90 },
						"down": { "texture": "#fluffdregtex", "uv": [ 1.0, 0.0, 2.0, 0.5 ], "rotation": 90 }
					}
				},
				{
					"name": "eyelid l",
					"from": [ -0.1, 2.48, 2.8 ],
					"to": [ 0.0, 2.65, 4.2 ],
					"uv": [ 1.0, 0.0 ],
					"rotationOrigin": [ -0.1, 2.5, 2.8 ],
					"rotationX": 2.0,
					"faces": {
						"north": { "texture": "#fluffdregtex", "uv": [ 1.0, 0.5, 1.5, 1.0 ] },
						"east": { "texture": "#null", "uv": [ 0.0, 0.0, 1.0, 0.5 ], "enabled": false },
						"south": { "texture": "#fluffdregtex", "uv": [ 1.5, 0.5, 2.0, 1.0 ] },
						"west": { "texture": "#fluffdregtex", "uv": [ 2.0, 0.5, 3.0, 1.0 ] },
						"up": { "texture": "#fluffdregtex", "uv": [ 1.0, 0.0, 2.0, 0.5 ], "rotation": 90 },
						"down": { "texture": "#fluffdregtex", "uv": [ 2.0, 0.0, 3.0, 0.5 ], "rotation": 90 }
					}
				},
				{
					"name": "eyelid r2",
					"from": [ -0.1, 1.7, 0.8 ],
					"to": [ 0.0, 1.77, 2.15 ],
					"uv": [ 0.0, 2.0 ],
					"rotationOrigin": [ -0.1, 1.8, 2.15 ],
					"rotationX": 1.0,
					"faces": {
						"north": { "texture": "#fluffdregtex", "uv": [ 0.0, 2.5, 0.5, 3.0 ] },
						"east": { "texture": "#null", "uv": [ 0.0, 0.0, 1.0, 0.5 ], "enabled": false },
						"south": { "texture": "#fluffdregtex", "uv": [ 0.5, 2.5, 1.0, 3.0 ] },
						"west": { "texture": "#fluffdregtex", "uv": [ 1.0, 2.5, 2.0, 3.0 ] },
						"up": { "texture": "#fluffdregtex", "uv": [ 0.0, 2.0, 1.0, 2.5 ], "rotation": 90 },
						"down": { "texture": "#fluffdregtex", "uv": [ 1.0, 2.0, 2.0, 2.5 ], "rotation": 90 }
					}
				},
				{
					"name": "eyelid l2",
					"from": [ -0.1, 1.7, 2.8 ],
					"to": [ 0.0, 1.77, 4.15 ],
					"uv": [ 1.0, 2.0 ],
					"rotationOrigin": [ -0.1, 1.8, 2.8 ],
					"rotationX": -1.0,
					"faces": {
						"north": { "texture": "#fluffdregtex", "uv": [ 1.0, 2.5, 1.5, 3.0 ] },
						"east": { "texture": "#null", "uv": [ 0.0, 0.0, 1.0, 0.5 ], "enabled": false },
						"south": { "texture": "#fluffdregtex", "uv": [ 1.5, 2.5, 2.0, 3.0 ] },
						"west": { "texture": "#fluffdregtex", "uv": [ 2.0, 2.5, 3.0, 3.0 ] },
						"up": { "texture": "#fluffdregtex", "uv": [ 1.0, 2.0, 2.0, 2.5 ], "rotation": 90 },
						"down": { "texture": "#fluffdregtex", "uv": [ 2.0, 2.0, 3.0, 2.5 ], "rotation": 90 }
					}
				}
			],
			"attachmentpoints": [
				{
					"code": "Eyes",
					"posX": "1.3","posY": "3.5","posZ": "2.5",
					"rotationX": "0.0","rotationY": "-90.0","rotationZ": "0.0"
				}
			]
		}
	]}