[
  {
    "file": "pemmican:recipes/grid/pemmican.json",
    "op": "addmerge",
    "path": "/-",
    "value": {
      "ingredientPattern": "_S_,BBB,MFM",
      "ingredients": {
        "S": { "type": "item", "code": "game:stone-*", "quantity": 2 },
        "B": { "type": "item", "code": "floralzonescentralaustralianregion:fruit-*", "quantity": 1 },
        "M": { "type": "item", "code": "game:bushmeat-raw", "quantity": 2 },
        "F": { "type": "item", "code": "game:fat" }
      },
      "width": 3,
      "height": 3,
      "shapeless": false,
      "output": { "type": "item", "code": "pemmican:pemmican-raw", "quantity": 1 }
    },
	"dependsOn": [ { "modid": "floralzonescentralaustralianregion" } ]
  },
  {
    "file": "pemmican:recipes/grid/pemmican.json",
    "op": "addmerge",
    "path": "/-",
    "value": {
      "ingredientPattern": "_S_,BBB,MFM",
      "ingredients": {
        "S": { "type": "item", "code": "game:hammer-*", "isTool": true, "toolDurabilityCost": 5 },
        "B": { "type": "item", "code": "floralzonescentralaustralianregion:fruit-*", "quantity": 1 },
        "M": { "type": "item", "code": "game:bushmeat-raw", "quantity": 2 },
        "F": { "type": "item", "code": "game:fat" }
      },
      "width": 3,
      "height": 3,
      "shapeless": false,
      "output": { "type": "item", "code": "pemmican:pemmican-raw", "quantity": 1 }
    },
	"dependsOn": [ { "modid": "floralzonescentralaustralianregion" } ]
  },
  {
    "file": "pemmican:recipes/grid/pemmican.json",
    "op": "addmerge",
    "path": "/-",
    "value": {
      "ingredientPattern": "_S_,BBB,MFM",
      "ingredients": {
        "S": { "type": "item", "code": "game:club-generic-wood", "isTool": true, "toolDurabilityCost": 5 },
        "B": { "type": "item", "code": "floralzonescentralaustralianregion:fruit-*", "quantity": 1 },
        "M": { "type": "item", "code": "game:bushmeat-raw", "quantity": 2 },
        "F": { "type": "item", "code": "game:fat" }
      },
      "width": 3,
      "height": 3,
      "shapeless": false,
      "output": { "type": "item", "code": "pemmican:pemmican-raw", "quantity": 1 }
    },
	"dependsOn": [ { "modid": "floralzonescentralaustralianregion" } ]
  },
  {
    "file": "pemmican:recipes/grid/pemmican.json",
    "op": "addmerge",
    "path": "/-",
    "value": {
      "ingredientPattern": "_S_,BBB,MFM",
      "ingredients": {
        "S": { "type": "item", "code": "game:club-generic-wood", "isTool": true, "toolDurabilityCost": 5 },
        "B": { "type": "item", "code": "floralzonescentralaustralianregion:fruit-*", "quantity": 1 },
        "M": { "type": "item", "code": "game:redmeat-raw", "quantity": 2 },
        "F": { "type": "item", "code": "game:fat" }
      },
      "width": 3,
      "height": 3,
      "shapeless": false,
      "output": { "type": "item", "code": "pemmican:pemmican-raw", "quantity": 1 }
    },
	"dependsOn": [ { "modid": "floralzonescentralaustralianregion" } ]
  },
  {
    "file": "pemmican:recipes/grid/pemmican.json",
    "op": "addmerge",
    "path": "/-",
    "value": {
      "ingredientPattern": "_S_,BBB,MFM",
      "ingredients": {
        "S": { "type": "item", "code": "game:stone-*", "quantity": 2 },
        "B": { "type": "item", "code": "floralzonescentralaustralianregion:fruit-*", "quantity": 1 },
        "M": { "type": "item", "code": "game:redmeat-raw", "quantity": 2 },
        "F": { "type": "item", "code": "game:fat" }
      },
      "width": 3,
      "height": 3,
      "shapeless": false,
      "output": { "type": "item", "code": "pemmican:pemmican-raw", "quantity": 1 }
    },
	"dependsOn": [ { "modid": "floralzonescentralaustralianregion" } ]
  },
  {
    "file": "pemmican:recipes/grid/pemmican.json",
    "op": "addmerge",
    "path": "/-",
    "value": {
      "ingredientPattern": "_S_,BBB,MFM",
      "ingredients": {
        "S": { "type": "item", "code": "game:hammer-*", "isTool": true, "toolDurabilityCost": 5 },
        "B": { "type": "item", "code": "floralzonescentralaustralianregion:fruit-*", "quantity": 1 },
        "M": { "type": "item", "code": "game:redmeat-raw", "quantity": 2 },
        "F": { "type": "item", "code": "game:fat" }
      },
      "width": 3,
      "height": 3,
      "shapeless": false,
      "output": { "type": "item", "code": "pemmican:pemmican-raw", "quantity": 1 }
    },
	"dependsOn": [ { "modid": "floralzonescentralaustralianregion" } ]
  }
]
