{
  "code": "vegetablebasket",
  "class": "FoodShelves.BlockVegetableBasket",
  "entityclass": "FoodShelves.BEVegetableBasket",
  "variantgroups": [
    { "code": "type", "states": ["normal"] }
  ],
  "attributes": {
    "materials": { "loadFromProperties": "block/wood" },
    "variantTextures": {
      "sides": [ "game:block/wood/debarked/{wood}" ],
      "top": [ "game:block/wood/debarked/{wood}", "foodshelves:variants/wood/{wood}" ]
    },
    "handbook": {
      "groupBy": [ "vegetablebasket-*" ],
      "extraSections": [
        {
          "title": "foodshelves:blockdesc-canhold-title",
          "text": "foodshelves:blockdesc-vegetablebasket-text"
        }
      ]
    }
  },
  "behaviors": [
    { "name": "RightClickPickup" },
    { "name": "FoodShelves.CanCeilingAttachFalling" }
  ],
  "shape": {
    "base": "block/baskets/vegetablebasket",
    "scale": 0.8
  },
  "heldRightReadyAnimation": "helditemreadybucket", 
  "blockmaterial": "Wood",
  "lightAbsorption": 0,
  "maxStackSize": 4,
  "replaceable": 900,
  "resistance": 1.5,
  "materialDensity": 400,
  "faceCullMode": "NeverCull",
  "emitSideAo": { "all": false },
  "sidesolid": { "all": false },
  "sideopaque": { "all": false },
  "guiTransform": {
    "origin": { "x": 0.5, "y": 0.3, "z": 0.5 },
    "scale": 1.6
  },
	"tpHandTransform": {
		"translation": { "x": -0.65, "y": -0.55, "z": -0.625 },
		"rotation": { "x": 0, "y": 0, "z": 0 },
		"scale": 0.8
	},
  "sounds": {
    "place": "game:block/planks",
    "hit": "game:block/planks",
    "break": "game:block/planks"
  },
  "collisionSelectionBoxes": [
    { "x1": 0.15, "y1": 0, "z1": 0.15, "x2": 0.85, "y2": 0.35, "z2": 0.85 }
  ]
}
