{
	"editor": {
		"collapsedPaths": "",
		"allAngles": true,
		"entityTextureMode": true
	},
	"textureWidth": 16,
	"textureHeight": 16,
	"textureSizes": {
	},
	"textures": {
	},
	"elements": [
		{
			"name": "Body",
			"from": [ 6.0, 0.5, 6.8 ],
			"to": [ 10.0, 3.0, 9.3 ],
			"unwrapMode": 6,
			"unwrapRotation": 1,
			"autoUnwrap": false,
			"uv": [ 0.0, 3.5 ],
			"rotationOrigin": [ 9.5, 2.0, 8.0 ],
			"rotationZ": -42.0,
			"faces": {
				"north": { "texture": "#brown_owl-2", "uv": [ 0.0, 6.0, 2.5, 10.0 ], "rotation": 90 },
				"east": { "texture": "#brown_owl-2", "uv": [ 2.5, 10.0, 5.0, 12.5 ], "rotation": 180 },
				"south": { "texture": "#brown_owl-2", "uv": [ 5.0, 6.0, 7.5, 10.0 ], "rotation": 270 },
				"west": { "texture": "#brown_owl-2", "uv": [ 2.75, 13.5, 5.25, 16.0 ] },
				"up": { "texture": "#brown_owl-2", "uv": [ 7.5, 6.0, 10.0, 10.0 ], "rotation": 270 },
				"down": { "texture": "#brown_owl-2", "uv": [ 2.5, 6.0, 5.0, 10.0 ], "rotation": 90 }
			},
			"children": [
				{
					"name": "Neck",
					"from": [ -0.35, -0.3, -0.1 ],
					"to": [ 0.65, 2.7, 2.75 ],
					"autoUnwrap": false,
					"uv": [ 0.0, 12.37 ],
					"rotationOrigin": [ 0.6, 1.6, 0.95 ],
					"rotationZ": 3.0,
					"faces": {
						"north": { "texture": "#brown_owl-2", "uv": [ 0.0, 13.0, 1.0, 16.0 ], "windMode": [-1,-1,-1,-1] },
						"east": { "texture": "#brown_owl-2", "uv": [ 0.0, 13.0, 2.75, 16.0 ] },
						"south": { "texture": "#brown_owl-2", "uv": [ 1.75, 13.0, 2.75, 16.0 ], "windMode": [-1,-1,-1,-1] },
						"west": { "texture": "#brown_owl-2", "uv": [ 0.0, 13.0, 2.75, 16.0 ], "windMode": [-1,-1,-1,-1] },
						"up": { "texture": "#brown_owl-2", "uv": [ 0.0, 12.5, 2.5, 13.5 ], "rotation": 90, "windMode": [-1,-1,-1,-1] },
						"down": { "texture": "#brown_owl-2", "uv": [ 0.0, 13.0, 2.5, 14.0 ], "rotation": 90, "windMode": [-1,-1,-1,-1] }
					},
					"children": [
						{
							"name": "head",
							"from": [ -0.95, 0.75, 0.05 ],
							"to": [ 1.4, 3.05, 2.8 ],
							"unwrapMode": 6,
							"unwrapRotation": 1,
							"autoUnwrap": false,
							"uv": [ 6.5, 1.5 ],
							"rotationOrigin": [ 0.8, 1.3, 1.8 ],
							"rotationZ": 44.0,
							"faces": {
								"north": { "texture": "#brown_owl-2", "uv": [ 9.0, 4.0, 11.0, 6.0 ], "rotation": 90, "windMode": [-1,-1,-1,-1] },
								"east": { "texture": "#brown_owl-2", "uv": [ 6.5, 10.0, 9.0, 12.0 ], "rotation": 180 },
								"south": { "texture": "#brown_owl-2", "uv": [ 9.0, 4.0, 11.0, 6.0 ], "rotation": 270 },
								"west": { "texture": "#brown_owl-2", "uv": [ 6.5, 1.75, 9.25, 4.0 ] },
								"up": { "texture": "#brown_owl-2", "uv": [ 6.5, 4.0, 9.0, 6.0 ], "rotation": 270, "windMode": [-1,-1,-1,-1] },
								"down": { "texture": "#brown_owl-2", "uv": [ 9.0, 4.0, 11.5, 6.0 ], "rotation": 90 }
							},
							"children": [
								{
									"name": "beak",
									"from": [ -0.64, 0.25, 0.98 ],
									"to": [ 0.36, 1.25, 1.58 ],
									"unwrapMode": 1,
									"uv": [ 2.0, 0.0 ],
									"rotationOrigin": [ -0.4, 1.1, 1.5 ],
									"rotationZ": -6.0,
									"faces": {
										"north": { "texture": "#brown_owl-2", "uv": [ 2.0, 0.5, 3.0, 1.5 ] },
										"south": { "texture": "#brown_owl-2", "uv": [ 3.5, 0.5, 4.5, 1.5 ] },
										"west": { "texture": "#brown_owl-2", "uv": [ 3.0, 0.5, 3.5, 1.5 ], "windMode": [-1,-1,-1,-1] },
										"up": { "texture": "#brown_owl-2", "uv": [ 2.0, 0.0, 3.0, 0.5 ], "rotation": 180, "windMode": [-1,-1,-1,-1] },
										"down": { "texture": "#brown_owl-2", "uv": [ 2.0, 1.5, 3.0, 2.0 ] }
									},
									"children": [
										{
											"name": "Beaktip",
											"from": [ -0.6, 0.2, 0.15 ],
											"to": [ 0.4, 0.6, 0.45 ],
											"uv": [ 2.0, 2.0 ],
											"rotationOrigin": [ 0.0, 0.4, -0.1 ],
											"rotationZ": 100.0,
											"faces": {
												"north": { "texture": "#brown_owl-2", "uv": [ 2.0, 2.25, 3.0, 2.5 ] },
												"east": { "texture": "#brown_owl-2", "uv": [ 3.0, 2.25, 3.25, 2.5 ] },
												"south": { "texture": "#brown_owl-2", "uv": [ 3.25, 2.25, 4.25, 2.5 ] },
												"west": { "texture": "#brown_owl-2", "uv": [ 4.25, 2.25, 4.5, 2.5 ] },
												"up": { "texture": "#brown_owl-2", "uv": [ 2.0, 2.0, 3.0, 2.25 ] },
												"down": { "texture": "#brown_owl-2", "uv": [ 3.0, 2.0, 4.0, 2.25 ] }
											}
										},
										{
											"name": "Face_middle",
											"from": [ 0.0, 1.0, 0.05 ],
											"to": [ 0.9, 2.1, 0.55 ],
											"uv": [ 4.5, -0.125 ],
											"rotationOrigin": [ 0.0, 1.0, 0.0 ],
											"rotationZ": -11.0,
											"faces": {
												"north": { "texture": "#brown_owl-2", "uv": [ 4.5, 0.5, 5.25, 1.5 ] },
												"east": { "texture": "#brown_owl-2", "uv": [ 5.25, 0.5, 5.75, 1.5 ] },
												"south": { "texture": "#brown_owl-2", "uv": [ 5.75, 0.5, 6.5, 1.5 ] },
												"west": { "texture": "#brown_owl-2", "uv": [ 6.5, 0.5, 7.0, 1.5 ] },
												"up": { "texture": "#brown_owl-2", "uv": [ 4.5, 0.0, 5.25, 0.5 ] },
												"down": { "texture": "#brown_owl-2", "uv": [ 5.25, 0.0, 6.0, 0.5 ] }
											}
										}
									]
								},
								{
									"name": "Right",
									"from": [ -0.55, 0.2, 0.0 ],
									"to": [ 0.55, 2.2, 1.3 ],
									"uv": [ 11.5, 6.125 ],
									"rotationOrigin": [ -0.5, 0.2, 1.3 ],
									"rotationY": -14.0,
									"rotationZ": -6.0,
									"faces": {
										"north": { "texture": "#brown_owl-2", "uv": [ 11.5, 7.5, 12.5, 9.5 ] },
										"east": { "texture": "#brown_owl-2", "uv": [ 12.5, 7.5, 13.75, 9.5 ] },
										"south": { "texture": "#brown_owl-2", "uv": [ 13.75, 7.5, 14.75, 9.5 ] },
										"west": { "texture": "#brown_owl-2", "uv": [ 14.75, 7.5, 16.0, 9.5 ] },
										"up": { "texture": "#brown_owl-2", "uv": [ 11.5, 6.25, 12.5, 7.5 ] },
										"down": { "texture": "#brown_owl-2", "uv": [ 12.5, 6.25, 13.5, 7.5 ] }
									},
									"children": [
										{
											"name": "Right2",
											"from": [ -0.1, 0.5, 0.2 ],
											"to": [ 0.0, 1.7, 1.4 ],
											"shade": false,
											"unwrapRotation": 1,
											"autoUnwrap": false,
											"uv": [ 3.5, 2.5 ],
											"rotationOrigin": [ -0.05, 0.5, 1.5 ],
											"faces": {
												"west": { "texture": "#brown_owl-2", "uv": [ 9.0, 0.25, 10.0, 1.25 ], "rotation": 90, "autoUv": false, "windMode": [-1,-1,-1,-1] }
											}
										}
									]
								},
								{
									"name": "Left",
									"from": [ -0.55, 0.2, 1.3 ],
									"to": [ 0.55, 2.2, 2.6 ],
									"uv": [ 11.5, 6.125 ],
									"rotationOrigin": [ -0.55, 0.2, 1.3 ],
									"rotationY": 14.0,
									"rotationZ": -6.0,
									"faces": {
										"north": { "texture": "#brown_owl-2", "uv": [ 11.5, 7.5, 12.5, 9.5 ] },
										"east": { "texture": "#brown_owl-2", "uv": [ 12.5, 7.5, 13.75, 9.5 ] },
										"south": { "texture": "#brown_owl-2", "uv": [ 13.75, 7.5, 14.75, 9.5 ] },
										"west": { "texture": "#brown_owl-2", "uv": [ 14.75, 7.5, 16.0, 9.5 ] },
										"up": { "texture": "#brown_owl-2", "uv": [ 11.5, 6.25, 12.5, 7.5 ] },
										"down": { "texture": "#brown_owl-2", "uv": [ 12.5, 6.25, 13.5, 7.5 ] }
									},
									"children": [
										{
											"name": "Left2",
											"from": [ -0.1, 0.5, -0.1 ],
											"to": [ 0.0, 1.7, 1.1 ],
											"shade": false,
											"unwrapRotation": 1,
											"autoUnwrap": false,
											"uv": [ 2.0, 2.88 ],
											"rotationOrigin": [ -0.1, 0.5, -0.2 ],
											"faces": {
												"west": { "texture": "#brown_owl-2", "uv": [ 8.0, 0.25, 9.0, 1.25 ], "rotation": 270, "autoUv": false }
											}
										}
									]
								}
							]
						}
					]
				},
				{
					"name": "tail",
					"from": [ 3.3, 1.7, 0.1 ],
					"to": [ 7.3, 2.7, 2.4 ],
					"unwrapMode": 6,
					"unwrapRotation": 1,
					"uv": [ 5.5, 10.0 ],
					"rotationOrigin": [ 4.3, 2.7, 1.15 ],
					"rotationZ": 19.0,
					"faces": {
						"north": { "texture": "#brown_owl-2", "uv": [ 5.5, 10.0, 6.5, 14.0 ], "rotation": 90 },
						"south": { "texture": "#brown_owl-2", "uv": [ 6.5, 10.0, 7.5, 14.0 ], "rotation": 270 },
						"up": { "texture": "#brown_owl-2", "uv": [ 7.5, 10.0, 9.5, 14.0 ], "rotation": 270 }
					}
				},
				{
					"name": "thighs right",
					"from": [ 2.95, 0.5, 0.1 ],
					"to": [ 3.95, 1.5, 1.1 ],
					"unwrapRotation": 1,
					"uv": [ 0.0, 1.5 ],
					"rotationOrigin": [ 4.2, 0.5, 1.4 ],
					"rotationZ": 33.0,
					"faces": {
						"north": { "texture": "#brown_owl-2", "uv": [ 0.0, 2.5, 1.0, 3.5 ] },
						"east": { "texture": "#brown_owl-2", "uv": [ 1.0, 2.5, 2.0, 3.5 ], "rotation": 270 },
						"south": { "texture": "#brown_owl-2", "uv": [ 2.0, 2.5, 3.0, 3.5 ], "rotation": 180 },
						"west": { "texture": "#brown_owl-2", "uv": [ 3.0, 2.5, 4.0, 3.5 ], "rotation": 90 },
						"up": { "texture": "#brown_owl-2", "uv": [ 0.0, 1.5, 1.0, 2.5 ], "rotation": 180 },
						"down": { "texture": "#brown_owl-2", "uv": [ 1.0, 1.5, 2.0, 2.5 ] }
					},
					"children": [
						{
							"name": "leg right",
							"from": [ 0.0, -1.0, 0.25 ],
							"to": [ 0.5, 0.0, 0.75 ],
							"uv": [ 0.0, -0.125 ],
							"rotationOrigin": [ 0.5, 0.0, 1.0 ],
							"rotationZ": -25.0,
							"faces": {
								"north": { "texture": "#brown_owl-2", "uv": [ 0.0, 0.5, 0.5, 1.5 ] },
								"east": { "texture": "#brown_owl-2", "uv": [ 0.5, 0.5, 1.0, 1.5 ] },
								"south": { "texture": "#brown_owl-2", "uv": [ 1.0, 0.5, 1.5, 1.5 ] },
								"west": { "texture": "#brown_owl-2", "uv": [ 1.5, 0.5, 2.0, 1.5 ] },
								"down": { "texture": "#brown_owl-2", "uv": [ 0.0, 0.0, 0.5, 0.5 ] }
							}
						}
					]
				},
				{
					"name": "thighs left",
					"from": [ 2.95, 0.5, 1.4 ],
					"to": [ 3.95, 1.5, 2.4 ],
					"uv": [ 0.0, 1.5 ],
					"rotationOrigin": [ 4.2, 0.5, 1.6 ],
					"rotationZ": 33.0,
					"faces": {
						"north": { "texture": "#brown_owl-2", "uv": [ 0.0, 2.5, 1.0, 3.5 ] },
						"east": { "texture": "#brown_owl-2", "uv": [ 1.0, 2.5, 2.0, 3.5 ], "rotation": 270 },
						"south": { "texture": "#brown_owl-2", "uv": [ 2.0, 2.5, 3.0, 3.5 ], "rotation": 180 },
						"west": { "texture": "#brown_owl-2", "uv": [ 3.0, 2.5, 4.0, 3.5 ], "rotation": 90 },
						"up": { "texture": "#brown_owl-2", "uv": [ 0.0, 1.5, 1.0, 2.5 ], "rotation": 180 },
						"down": { "texture": "#brown_owl-2", "uv": [ 1.0, 1.5, 2.0, 2.5 ] }
					},
					"children": [
						{
							"name": "leg left",
							"from": [ 0.0, -1.0, 0.25 ],
							"to": [ 0.5, 0.0, 0.75 ],
							"uv": [ 0.0, -0.125 ],
							"rotationOrigin": [ 0.5, 0.0, 0.0 ],
							"rotationZ": -25.0,
							"faces": {
								"north": { "texture": "#brown_owl-2", "uv": [ 0.0, 0.5, 0.5, 1.5 ] },
								"east": { "texture": "#brown_owl-2", "uv": [ 0.5, 0.5, 1.0, 1.5 ] },
								"south": { "texture": "#brown_owl-2", "uv": [ 1.0, 0.5, 1.5, 1.5 ] },
								"west": { "texture": "#brown_owl-2", "uv": [ 1.5, 0.5, 2.0, 1.5 ] },
								"down": { "texture": "#brown_owl-2", "uv": [ 0.0, 0.0, 0.5, 0.5 ] }
							}
						}
					]
				},
				{
					"name": "right wing",
					"from": [ 0.5, -0.4, -0.35 ],
					"to": [ 4.0, 2.0, 0.15 ],
					"unwrapMode": 1,
					"unwrapRotation": 1,
					"autoUnwrap": false,
					"uv": [ 12.75, 9.5 ],
					"rotationOrigin": [ 1.0, 0.5, 0.0 ],
					"rotationZ": 6.0,
					"faces": {
						"north": { "texture": "#brown_owl-2", "uv": [ 13.5, 10.0, 15.5, 13.5 ], "rotation": 90, "autoUv": false, "windMode": [-1,-1,-1,-1] },
						"west": { "texture": "#brown_owl-2", "uv": [ 13.5, 9.5, 15.5, 10.0 ], "rotation": 90 },
						"up": { "texture": "#brown_owl-2", "uv": [ 13.0, 10.0, 13.5, 13.5 ], "rotation": 270 },
						"down": { "texture": "#brown_owl-2", "uv": [ 15.5, 10.0, 16.0, 13.5 ], "rotation": 90 }
					},
					"children": [
						{
							"name": "right wing2",
							"from": [ 3.0, 0.0, 0.0 ],
							"to": [ 5.5, 2.4, 0.5 ],
							"unwrapMode": 1,
							"unwrapRotation": 1,
							"autoUnwrap": false,
							"uv": [ 12.75, 13.0 ],
							"rotationOrigin": [ 2.5, 1.0, 0.5 ],
							"rotationX": 3.0,
							"rotationY": 11.0,
							"faces": {
								"north": { "texture": "#brown_owl-2", "uv": [ 13.5, 13.5, 15.5, 16.0 ], "rotation": 90, "autoUv": false, "windMode": [-1,-1,-1,-1] },
								"west": { "texture": "#brown_owl-2", "uv": [ 13.5, 13.0, 15.5, 13.5 ], "rotation": 90, "autoUv": false },
								"up": { "texture": "#brown_owl-2", "uv": [ 13.0, 13.5, 13.5, 16.0 ], "rotation": 270 },
								"down": { "texture": "#brown_owl-2", "uv": [ 15.5, 13.5, 16.0, 16.0 ], "rotation": 90 }
							}
						}
					]
				},
				{
					"name": "left wing",
					"from": [ 0.5, -0.4, 2.35 ],
					"to": [ 4.0, 2.0, 2.85 ],
					"unwrapMode": 1,
					"unwrapRotation": 1,
					"autoUnwrap": false,
					"uv": [ 7.5, 9.5 ],
					"rotationOrigin": [ 1.0, 0.5, 2.5 ],
					"rotationZ": 6.0,
					"faces": {
						"south": { "texture": "#brown_owl-2", "uv": [ 10.5, 10.0, 12.5, 13.5 ], "rotation": 270, "autoUv": false, "windMode": [-1,-1,-1,-1] },
						"west": { "texture": "#brown_owl-2", "uv": [ 10.5, 9.5, 12.5, 10.0 ], "rotation": 270, "autoUv": false },
						"up": { "texture": "#brown_owl-2", "uv": [ 12.5, 10.0, 13.0, 13.5 ], "rotation": 270, "autoUv": false },
						"down": { "texture": "#brown_owl-2", "uv": [ 10.0, 10.0, 10.5, 13.5 ], "rotation": 90 }
					},
					"children": [
						{
							"name": "left wing2",
							"from": [ 3.0, 0.0, 0.0 ],
							"to": [ 5.5, 2.4, 0.5 ],
							"unwrapMode": 1,
							"unwrapRotation": 1,
							"autoUnwrap": false,
							"uv": [ 8.5, 12.75 ],
							"rotationOrigin": [ 2.5, 1.0, 0.0 ],
							"rotationX": -3.0,
							"rotationY": -11.0,
							"faces": {
								"south": { "texture": "#brown_owl-2", "uv": [ 10.5, 13.5, 12.5, 16.0 ], "rotation": 270, "autoUv": false },
								"west": { "texture": "#brown_owl-2", "uv": [ 10.5, 13.0, 12.5, 13.5 ], "rotation": 90, "autoUv": false },
								"up": { "texture": "#brown_owl-2", "uv": [ 12.5, 13.5, 13.0, 16.0 ], "rotation": 270, "windMode": [-1,-1,-1,-1] },
								"down": { "texture": "#brown_owl-2", "uv": [ 10.0, 13.5, 10.5, 16.0 ], "rotation": 90 }
							}
						}
					]
				}
			],
			"attachmentpoints": [
				{
					"code": "Center",
					"posX": "0.0","posY": "0.0","posZ": "2.0",
					"rotationX": "0.0","rotationY": "0.0","rotationZ": "0.0"
				}
			]
		}
	],
	"animations": [
		{
			"name": "Eat",
			"code": "eat",
			"quantityframes": 40,
			"onActivityStopped": "EaseOut",
			"onAnimationEnd": "EaseOut",
			"keyframes": [
				{
					"frame": 0,
					"elements": {
						"Body": { "rotationX": 0.0, "rotationY": 0.0, "rotationZ": 0.0 },
						"Neck": { "offsetX": 0.0, "offsetY": 0.0, "offsetZ": 0.0, "rotationX": 0.0, "rotationY": 0.0, "rotationZ": 0.0 },
						"head": { "offsetX": -0.2, "offsetY": 0.0, "offsetZ": 0.0, "rotationX": 0.0, "rotationY": 0.0, "rotationZ": 0.0 },
						"leg left": { "rotationX": 0.0, "rotationY": 0.0, "rotationZ": 0.0 },
						"leg right": { "rotationX": 0.0, "rotationY": 0.0, "rotationZ": 0.0 }
					}
				},
				{
					"frame": 10,
					"elements": {
						"Body": { "offsetX": 0.0, "offsetY": -0.5, "offsetZ": 0.0, "rotationX": 0.0, "rotationY": 0.0, "rotationZ": 17.0 },
						"head": { "offsetX": -0.2, "offsetY": 0.0, "offsetZ": 0.0, "rotationX": 0.0, "rotationY": 0.0, "rotationZ": 0.0 },
						"leg left": { "offsetX": 0.0, "offsetY": 0.5, "offsetZ": 0.0, "rotationX": 0.0, "rotationY": 0.0, "rotationZ": -17.0 },
						"leg right": { "offsetX": 0.0, "offsetY": 0.5, "offsetZ": 0.0, "rotationX": 0.0, "rotationY": 0.0, "rotationZ": -17.0 }
					}
				},
				{
					"frame": 13,
					"elements": {
						"Body": { "offsetX": 0.0, "offsetY": -0.5, "offsetZ": 0.0, "rotationX": 0.0, "rotationY": 0.0, "rotationZ": 17.0 },
						"Neck": { "offsetX": 0.6, "offsetY": 0.0, "offsetZ": 0.0, "rotationX": 0.0, "rotationY": 0.0, "rotationZ": 6.0 },
						"head": { "offsetX": -0.2, "offsetY": 0.0, "offsetZ": 0.0, "rotationX": 0.0, "rotationY": 0.0, "rotationZ": 0.0 },
						"leg right": { "offsetX": 0.0, "offsetY": 0.5, "offsetZ": 0.0, "rotationX": 0.0, "rotationY": 0.0, "rotationZ": -17.0 },
						"leg left": { "offsetX": 0.0, "offsetY": 0.5, "offsetZ": 0.0, "rotationX": 0.0, "rotationY": 0.0, "rotationZ": -17.0 }
					}
				},
				{
					"frame": 16,
					"elements": {
						"Body": { "offsetX": 0.0, "offsetY": -0.5, "offsetZ": 0.0, "rotationX": 0.0, "rotationY": 0.0, "rotationZ": 22.0 },
						"Neck": { "offsetX": 0.55, "offsetY": 0.0, "offsetZ": 0.0, "rotationX": 0.0, "rotationY": 0.0, "rotationZ": 44.0 },
						"head": { "offsetX": -0.5, "offsetY": 0.0, "offsetZ": 0.0, "rotationX": 0.0, "rotationY": 0.0, "rotationZ": -22.5 },
						"leg right": { "offsetX": 0.0, "offsetY": 0.5, "offsetZ": 0.0, "rotationX": 0.0, "rotationY": 0.0, "rotationZ": -22.0 },
						"leg left": { "offsetX": 0.0, "offsetY": 0.5, "offsetZ": 0.0, "rotationX": 0.0, "rotationY": 0.0, "rotationZ": -22.0 }
					}
				},
				{
					"frame": 19,
					"elements": {
						"Body": { "offsetX": 0.0, "offsetY": -0.5, "offsetZ": 0.0, "rotationX": 0.0, "rotationY": 0.0, "rotationZ": 17.0 },
						"Neck": { "offsetX": 0.0, "offsetY": 0.4, "offsetZ": 0.0, "rotationX": 0.0, "rotationY": 0.0, "rotationZ": 55.0 },
						"head": { "offsetX": -0.2, "offsetY": 0.0, "offsetZ": 0.0, "rotationX": 0.0, "rotationY": 0.0, "rotationZ": 0.0 },
						"leg right": { "offsetX": 0.0, "offsetY": 0.5, "offsetZ": 0.0, "rotationX": 0.0, "rotationY": 0.0, "rotationZ": -17.0 },
						"leg left": { "offsetX": 0.0, "offsetY": 0.5, "offsetZ": 0.0, "rotationX": 0.0, "rotationY": 0.0, "rotationZ": -17.0 }
					}
				},
				{
					"frame": 21,
					"elements": {
						"Body": { "offsetX": 0.0, "offsetY": -0.5, "offsetZ": 0.0, "rotationX": 0.0, "rotationY": 0.0, "rotationZ": 17.0 },
						"head": { "offsetX": -0.2, "offsetY": 0.0, "offsetZ": 0.0, "rotationX": 0.0, "rotationY": 0.0, "rotationZ": 0.0 },
						"leg right": { "offsetX": 0.0, "offsetY": 0.5, "offsetZ": 0.0, "rotationX": 0.0, "rotationY": 0.0, "rotationZ": -17.0 },
						"leg left": { "offsetX": 0.0, "offsetY": 0.5, "offsetZ": 0.0, "rotationX": 0.0, "rotationY": 0.0, "rotationZ": -17.0 }
					}
				},
				{
					"frame": 24,
					"elements": {
						"Body": { "offsetX": 0.0, "offsetY": -0.5, "offsetZ": 0.0, "rotationX": 0.0, "rotationY": 0.0, "rotationZ": 22.0 },
						"head": { "offsetX": -0.5, "offsetY": 0.0, "offsetZ": 0.0, "rotationX": 0.0, "rotationY": 0.0, "rotationZ": -22.5 },
						"leg right": { "offsetX": 0.0, "offsetY": 0.5, "offsetZ": 0.0, "rotationX": 0.0, "rotationY": 0.0, "rotationZ": -22.0 },
						"leg left": { "offsetX": 0.0, "offsetY": 0.5, "offsetZ": 0.0, "rotationX": 0.0, "rotationY": 0.0, "rotationZ": -22.0 }
					}
				},
				{
					"frame": 26,
					"elements": {
						"Body": { "offsetX": 0.0, "offsetY": -0.5, "offsetZ": 0.0, "rotationX": 0.0, "rotationY": 0.0, "rotationZ": 17.0 },
						"Neck": { "offsetX": -0.4, "offsetY": 0.3, "offsetZ": 0.0, "rotationX": 0.0, "rotationY": 0.0, "rotationZ": 42.0 },
						"head": { "offsetX": -0.2, "offsetY": 0.0, "offsetZ": 0.0, "rotationX": 0.0, "rotationY": 0.0, "rotationZ": 0.0 },
						"leg right": { "offsetX": 0.0, "offsetY": 0.5, "offsetZ": 0.0, "rotationX": 0.0, "rotationY": 0.0, "rotationZ": -17.0 },
						"leg left": { "offsetX": 0.0, "offsetY": 0.5, "offsetZ": 0.0, "rotationX": 0.0, "rotationY": 0.0, "rotationZ": -17.0 }
					}
				},
				{
					"frame": 29,
					"elements": {
						"Body": { "offsetX": 0.0, "offsetY": -0.5, "offsetZ": 0.0, "rotationX": 0.0, "rotationY": 0.0, "rotationZ": 22.0 },
						"head": { "offsetX": 0.5, "offsetY": 0.0, "offsetZ": 0.0, "rotationX": 0.0, "rotationY": 0.0, "rotationZ": -22.5 },
						"leg right": { "offsetX": 0.0, "offsetY": 0.5, "offsetZ": 0.0, "rotationX": 0.0, "rotationY": 0.0, "rotationZ": -22.0 },
						"leg left": { "offsetX": 0.0, "offsetY": 0.5, "offsetZ": 0.0, "rotationX": 0.0, "rotationY": 0.0, "rotationZ": -22.0 }
					}
				},
				{
					"frame": 37,
					"elements": {
						"Body": { "offsetX": 0.0, "offsetY": -0.5, "offsetZ": 0.0, "rotationX": 0.0, "rotationY": 0.0, "rotationZ": 0.0 },
						"Neck": { "rotationX": 0.0, "rotationY": 0.0, "rotationZ": 0.0 },
						"head": { "offsetX": -0.2, "offsetY": 0.0, "offsetZ": 0.0, "rotationX": 0.0, "rotationY": 0.0, "rotationZ": 0.0 },
						"leg right": { "offsetX": 0.0, "offsetY": 0.5, "offsetZ": 0.0, "rotationX": 0.0, "rotationY": 0.0, "rotationZ": 0.0 },
						"leg left": { "offsetX": 0.0, "offsetY": 0.5, "offsetZ": 0.0, "rotationX": 0.0, "rotationY": 0.0, "rotationZ": 0.0 }
					}
				}
			]
		},

		{
			"name": "Walk",
			"code": "walk",
			"quantityframes": 24,
			"onActivityStopped": "EaseOut",
			"onAnimationEnd": "Repeat",
			"keyframes": [
				{
					"frame": 0,
					"elements": {
						"Body": { "offsetX": -0.5, "offsetY": 0.5, "offsetZ": 0.0, "rotationX": -11.0, "rotationY": 0.0, "rotationZ": -4.0 },
						"head": { "rotationX": 0.0, "rotationY": 0.0, "rotationZ": 6.0 },
						"tail": { "offsetX": 0.3, "offsetY": 0.3, "offsetZ": 0.0, "rotationX": 0.0, "rotationY": 0.0, "rotationZ": 25.0 },
						"thighs right": { "offsetX": 1.5, "offsetY": -0.5, "offsetZ": 0.0, "rotationX": 3.0, "rotationY": 0.0, "rotationZ": 37.0 },
						"leg right": { "offsetX": 0.0, "offsetY": 0.0, "offsetZ": 0.0, "rotationX": 0.0, "rotationY": 0.0, "rotationZ": 8.0 },
						"thighs left": { "offsetX": 0.0, "offsetY": 0.0, "offsetZ": 0.0, "rotationX": 3.0, "rotationY": 0.0, "rotationZ": -24.0 },
						"leg left": { "offsetX": -1.0, "offsetY": 1.0, "offsetZ": 0.0, "rotationX": 0.0, "rotationY": 0.0, "rotationZ": 28.0 },
						"right wing": { "offsetX": 0.0, "offsetY": 0.0, "offsetZ": 0.0, "rotationX": -8.0, "rotationY": 14.0, "rotationZ": 8.0 },
						"left wing": { "offsetX": 0.0, "offsetY": 0.0, "offsetZ": 0.0 }
					}
				},
				{
					"frame": 5,
					"elements": {
						"Body": { "offsetX": 0.0, "offsetY": 0.0, "offsetZ": 0.0, "rotationX": -3.0, "rotationY": 8.0, "rotationZ": -1.0 },
						"head": { "rotationX": 0.0, "rotationY": 0.0, "rotationZ": 14.0 },
						"tail": { "offsetX": 0.0, "offsetY": 0.0, "offsetZ": 0.0, "rotationX": 0.0, "rotationY": 0.0, "rotationZ": 8.0 },
						"thighs right": { "rotationX": 3.0, "rotationY": 0.0, "rotationZ": 35.0 },
						"leg right": { "offsetX": 0.0, "offsetY": 0.0, "offsetZ": 0.0, "rotationX": 0.0, "rotationY": 0.0, "rotationZ": 11.0 },
						"thighs left": { "rotationX": 3.0, "rotationY": 0.0, "rotationZ": -51.0 },
						"leg left": { "offsetX": -0.5, "offsetY": 0.0, "offsetZ": 0.0, "rotationX": 0.0, "rotationY": 0.0, "rotationZ": 17.0 },
						"right wing": { "offsetX": 0.0, "offsetY": 0.0, "offsetZ": 0.0, "rotationX": 0.0, "rotationY": 0.0, "rotationZ": 0.0 },
						"left wing": { "offsetX": 0.0, "offsetY": 0.0, "offsetZ": 0.0, "rotationX": 0.0, "rotationY": 0.0, "rotationZ": 0.0 }
					}
				},
				{
					"frame": 11,
					"elements": {
						"Body": { "offsetX": -0.5, "offsetY": 0.5, "offsetZ": 0.0, "rotationX": 11.0, "rotationY": 0.0, "rotationZ": -4.0 },
						"head": { "rotationX": 0.0, "rotationY": 0.0, "rotationZ": 25.0 },
						"tail": { "offsetX": 0.3, "offsetY": 0.3, "offsetZ": 0.0, "rotationX": 0.0, "rotationY": 0.0, "rotationZ": 25.0 },
						"thighs right": { "offsetX": 0.0, "offsetY": 0.0, "offsetZ": 0.0, "rotationX": -3.0, "rotationY": 0.0, "rotationZ": -32.0 },
						"leg right": { "offsetX": -1.0, "offsetY": 1.0, "offsetZ": 0.0, "rotationX": 0.0, "rotationY": 0.0, "rotationZ": 28.0 },
						"thighs left": { "offsetX": 1.5, "offsetY": -0.5, "offsetZ": 0.0, "rotationX": -3.0, "rotationY": 0.0, "rotationZ": 37.0 },
						"leg left": { "offsetX": 0.0, "offsetY": 0.0, "offsetZ": 0.0, "rotationX": 0.0, "rotationY": 0.0, "rotationZ": 8.0 },
						"right wing": { "offsetX": 0.0, "offsetY": 0.0, "offsetZ": 0.0 },
						"left wing": { "offsetX": 0.0, "offsetY": 0.0, "offsetZ": 0.0, "rotationX": -8.0, "rotationY": -14.0, "rotationZ": 8.0 }
					}
				},
				{
					"frame": 17,
					"elements": {
						"Body": { "offsetX": 0.0, "offsetY": 0.0, "offsetZ": 0.0, "rotationX": 3.0, "rotationY": -8.0, "rotationZ": -1.0 },
						"head": { "rotationX": 0.0, "rotationY": 0.0, "rotationZ": 14.0 },
						"tail": { "offsetX": 0.0, "offsetY": 0.0, "offsetZ": 0.0, "rotationX": 0.0, "rotationY": 0.0, "rotationZ": 8.0 },
						"thighs right": { "rotationX": -3.0, "rotationY": 0.0, "rotationZ": -51.0 },
						"leg right": { "offsetX": 0.0, "offsetY": 0.0, "offsetZ": 0.0, "rotationX": 0.0, "rotationY": 0.0, "rotationZ": 17.0 },
						"thighs left": { "rotationX": -3.0, "rotationY": 0.0, "rotationZ": 35.0 },
						"leg left": { "offsetX": 0.0, "offsetY": 0.0, "offsetZ": 0.0, "rotationX": 0.0, "rotationY": 0.0, "rotationZ": 11.0 },
						"right wing": { "offsetX": 0.0, "offsetY": 0.0, "offsetZ": 0.0, "rotationX": 0.0, "rotationY": 0.0, "rotationZ": 0.0 },
						"left wing": { "offsetX": 0.0, "offsetY": 0.0, "offsetZ": 0.0, "rotationX": 0.0, "rotationY": 0.0, "rotationZ": 0.0 }
					}
				}
			]
		},

		{
			"name": "Fly",
			"code": "fly",
			"quantityframes": 30,
			"onActivityStopped": "PlayTillEnd",
			"onAnimationEnd": "Repeat",
			"keyframes": [
				{
					"frame": 0,
					"elements": {
						"tail": { "offsetX": 0.0, "offsetY": 0.0, "offsetZ": 0.0 },
						"thighs right": { "rotationX": 0.0, "rotationY": 0.0, "rotationZ": 19.0 },
						"right wing": { "offsetX": 0.5, "offsetY": 0.5, "offsetZ": -0.5, "rotationX": 90.0, "rotationY": 0.0, "rotationZ": -90.0 },
						"left wing": { "offsetX": 0.5, "offsetY": 0.5, "offsetZ": 0.7, "rotationX": -90.0, "rotationY": 0.0, "rotationZ": -90.0 },
						"left wing2": { "rotationX": 0.0, "rotationY": 0.0, "rotationZ": 0.0 },
						"right wing2": { "rotationX": 0.0, "rotationY": 0.0, "rotationZ": 0.0 },
						"Neck": { "offsetX": 0.0, "offsetY": 0.0, "offsetZ": 0.0 },
						"Body": { "offsetX": 0.0, "offsetY": 0.8, "offsetZ": 0.0 },
						"thighs left": { "rotationX": 0.0, "rotationY": 0.0, "rotationZ": 19.0 },
						"head": { "offsetX": -0.6, "offsetY": -0.1, "offsetZ": 0.0, "rotationX": 0.0, "rotationY": 0.0, "rotationZ": -25.0 }
					}
				},
				{
					"frame": 10,
					"elements": {
						"Body": { "rotationX": 0.0, "rotationY": 0.0, "rotationZ": 36.0 },
						"Neck": { "offsetX": 0.0, "offsetY": 0.0, "offsetZ": 0.0 },
						"tail": { "offsetX": 0.0, "offsetY": -0.1429, "offsetZ": 0.0, "rotationX": 3.4286, "rotationY": 0.0, "rotationZ": 1.4286 },
						"thighs right": { "rotationX": 0.0, "rotationY": 0.0, "rotationZ": 19.0 },
						"right wing": { "offsetX": 1.4167, "offsetY": 0.3333, "offsetZ": 0.0667, "rotationX": 180.0, "rotationY": 0.0, "rotationZ": -91.0 },
						"right wing2": { "rotationX": 0.0, "rotationY": 0.0, "rotationZ": 0.0 },
						"left wing": { "offsetX": 1.4167, "offsetY": 0.3333, "offsetZ": -0.1667, "rotationX": -180.0, "rotationY": 0.0, "rotationZ": -91.0 },
						"left wing2": { "rotationX": 0.0, "rotationY": 0.0, "rotationZ": 0.0 },
						"thighs left": { "rotationX": 0.0, "rotationY": 0.0, "rotationZ": 19.0 },
						"leg right": { "rotationX": 0.0, "rotationY": 0.0, "rotationZ": -55.0 },
						"leg left": { "rotationX": 0.0, "rotationY": 0.0, "rotationZ": -53.0 }
					}
				},
				{
					"frame": 15,
					"elements": {
						"Body": { "offsetX": 0.0, "offsetY": 1.0, "offsetZ": 0.0, "rotationX": 0.0, "rotationY": 0.0, "rotationZ": 36.0 },
						"Neck": { "offsetX": 0.0, "offsetY": 0.0, "offsetZ": 0.0, "rotationX": 0.0, "rotationY": 0.0, "rotationZ": 0.0 },
						"tail": { "offsetX": 0.0, "offsetY": -0.1, "offsetZ": 0.0 },
						"right wing": { "offsetX": 0.5, "offsetY": 0.5, "offsetZ": -0.5, "rotationX": 90.0, "rotationY": 0.0, "rotationZ": -90.0 },
						"right wing2": { "rotationX": 0.0, "rotationY": 0.0, "rotationZ": 0.0 },
						"left wing": { "offsetX": 0.5, "offsetY": 0.5, "offsetZ": 0.7, "rotationX": -90.0, "rotationY": 0.0, "rotationZ": -90.0 },
						"left wing2": { "rotationX": 0.0, "rotationY": 0.0, "rotationZ": 0.0 }
					}
				},
				{
					"frame": 20,
					"elements": {
						"Neck": { "offsetX": 0.0, "offsetY": 0.0, "offsetZ": 0.0, "rotationX": 0.0, "rotationY": 0.0, "rotationZ": 0.0 },
						"tail": { "offsetX": 0.0, "offsetY": -0.1, "offsetZ": 0.0, "rotationX": 0.0, "rotationY": 0.0, "rotationZ": 8.5 },
						"right wing": { "offsetX": 0.25, "offsetY": 0.0, "offsetZ": 0.0, "rotationX": 0.0, "rotationY": 0.0, "rotationZ": -55.0 },
						"right wing2": { "rotationX": 0.0, "rotationY": 0.0, "rotationZ": 0.0 },
						"left wing": { "offsetX": 0.25, "offsetY": 0.0, "offsetZ": 0.0, "rotationX": 0.0, "rotationY": 0.0, "rotationZ": -55.0 },
						"left wing2": { "rotationX": 0.0, "rotationY": 0.0, "rotationZ": 0.0 }
					}
				}
			]
		},

		{
			"name": "Fly2",
			"code": "fly2",
			"quantityframes": 64,
			"onActivityStopped": "PlayTillEnd",
			"onAnimationEnd": "Repeat",
			"keyframes": [
				{
					"frame": 0,
					"elements": {
						"tail": { "rotationX": -8.0, "rotationY": 0.0, "rotationZ": -8.0 },
						"left wing": { "offsetX": 0.4, "offsetY": 0.0, "offsetZ": 0.95, "rotationX": -90.0, "rotationY": -17.0, "rotationZ": -90.0 },
						"thighs right": { "rotationX": 0.0, "rotationY": 0.0, "rotationZ": 25.0 },
						"thighs left": { "rotationX": 0.0, "rotationY": 0.0, "rotationZ": 25.0 },
						"right wing": { "offsetX": 0.4, "offsetY": 0.0, "offsetZ": -0.95, "rotationX": 90.0, "rotationY": 17.0, "rotationZ": -90.0 },
						"Body": { "offsetX": 0.0, "offsetY": 1.0, "offsetZ": -0.2, "rotationX": -3.0, "rotationY": 0.0, "rotationZ": 36.0 },
						"head": { "offsetX": -0.3, "offsetY": -0.1, "offsetZ": 0.0, "rotationX": 0.0, "rotationY": 0.0, "rotationZ": -22.0 }
					}
				},
				{
					"frame": 32,
					"elements": {
						"tail": { "rotationX": 8.0, "rotationY": 0.0, "rotationZ": -8.0 },
						"Body": { "offsetX": 0.0, "offsetY": 1.0, "offsetZ": 0.2, "rotationX": 3.0, "rotationY": 0.0, "rotationZ": 39.0 },
						"right wing": { "offsetX": 0.4, "offsetY": 0.0, "offsetZ": -0.95, "rotationX": 90.0, "rotationY": 17.0, "rotationZ": -90.0 },
						"left wing": { "offsetX": 0.4, "offsetY": 0.0, "offsetZ": 0.95, "rotationX": -90.0, "rotationY": -17.0, "rotationZ": -90.0 }
					}
				}
			]
		},

		{
			"name": "Death",
			"code": "death",
			"quantityframes": 45,
			"onActivityStopped": "PlayTillEnd",
			"onAnimationEnd": "Hold",
			"keyframes": [
				{
					"frame": 0,
					"elements": {
						"Body": { "offsetX": 0.0, "offsetY": 0.0, "offsetZ": 0.0, "rotationX": 0.0, "rotationY": 0.0, "rotationZ": 0.0 },
						"Neck": { "offsetX": 0.0, "offsetY": 0.0, "offsetZ": 0.0, "rotationX": 0.0, "rotationY": 0.0, "rotationZ": 0.0 },
						"head": { "offsetX": 0.0, "offsetY": 0.0, "offsetZ": 0.0, "rotationX": 0.0, "rotationY": 0.0, "rotationZ": 0.0 },
						"tail": { "offsetX": 0.0, "offsetY": 0.0, "offsetZ": 0.0, "rotationX": 0.0, "rotationY": 0.0, "rotationZ": 0.0 },
						"thighs right": { "offsetX": 0.0, "offsetY": 0.0, "offsetZ": 0.0, "rotationX": 0.0, "rotationY": 0.0, "rotationZ": 0.0 },
						"leg right": { "offsetX": 0.0, "offsetY": 0.0, "offsetZ": 0.0, "rotationX": 0.0, "rotationY": 0.0, "rotationZ": 0.0 },
						"thighs left": { "offsetX": 0.0, "offsetY": 0.0, "offsetZ": 0.0, "rotationX": 0.0, "rotationY": 0.0, "rotationZ": 0.0 },
						"leg left": { "offsetX": 0.0, "offsetY": 0.0, "offsetZ": 0.0, "rotationX": 0.0, "rotationY": 0.0, "rotationZ": 0.0 },
						"right wing": { "offsetX": 0.0, "offsetY": 0.0, "offsetZ": 0.0, "rotationX": 0.0, "rotationY": 0.0, "rotationZ": 0.0 },
						"left wing": { "offsetX": 0.0, "offsetY": 0.0, "offsetZ": 0.0, "rotationX": 0.0, "rotationY": 0.0, "rotationZ": 0.0 }
					}
				},
				{
					"frame": 8,
					"elements": {
						"Body": { "offsetX": 1.0, "offsetY": 2.0, "offsetZ": 0.0, "rotationX": -25.0, "rotationY": 0.0, "rotationZ": -47.0 },
						"head": { "offsetX": 0.0, "offsetY": 0.0, "offsetZ": 0.0, "rotationX": -6.0, "rotationY": 0.0, "rotationZ": 30.0 },
						"tail": { "offsetX": 0.0, "offsetY": 0.0, "offsetZ": 0.0, "rotationX": 0.0, "rotationY": 0.0, "rotationZ": 50.0 },
						"thighs right": { "offsetX": 0.0, "offsetY": 0.0, "offsetZ": 0.0, "rotationX": 22.0, "rotationY": 8.0, "rotationZ": -55.0 },
						"leg right": { "offsetX": 0.0, "offsetY": 0.0, "offsetZ": 0.0, "rotationX": 14.0, "rotationY": -6.0, "rotationZ": 55.0 },
						"thighs left": { "offsetX": 0.0, "offsetY": 0.0, "offsetZ": 0.0, "rotationX": 0.0, "rotationY": 0.0, "rotationZ": -30.0 },
						"leg left": { "offsetX": 0.0, "offsetY": 0.0, "offsetZ": 0.0, "rotationX": -8.0, "rotationY": 0.0, "rotationZ": 53.0 },
						"right wing": { "offsetX": 0.0, "offsetY": 0.0, "offsetZ": 0.0, "rotationX": 22.0, "rotationY": 45.0, "rotationZ": -25.0 },
						"left wing": { "offsetX": 0.0, "offsetY": 0.0, "offsetZ": 0.0, "rotationX": -6.0, "rotationY": -22.5, "rotationZ": -3.0 }
					}
				},
				{
					"frame": 18,
					"elements": {
						"Body": { "offsetX": -1.0, "offsetY": 1.0, "offsetZ": -2.0, "rotationX": -83.0, "rotationY": -25.0, "rotationZ": -89.0 },
						"head": { "offsetX": 0.0, "offsetY": 0.0, "offsetZ": 0.0, "rotationX": 36.0, "rotationY": -50.0, "rotationZ": -28.0 },
						"tail": { "offsetX": 0.0, "offsetY": 0.0, "offsetZ": 0.0, "rotationX": -28.0, "rotationY": 42.0, "rotationZ": -3.0 },
						"thighs right": { "offsetX": 0.0, "offsetY": 0.0, "offsetZ": 0.0, "rotationX": -30.0, "rotationY": 3.0, "rotationZ": -66.0 },
						"leg right": { "offsetX": 0.0, "offsetY": 0.0, "offsetZ": 0.0, "rotationX": 39.0, "rotationY": -6.0, "rotationZ": 55.0 },
						"thighs left": { "offsetX": 0.0, "offsetY": 0.0, "offsetZ": 0.0, "rotationX": 17.0, "rotationY": 25.0, "rotationZ": 3.0 },
						"leg left": { "offsetX": 0.0, "offsetY": 0.0, "offsetZ": 0.0, "rotationX": -14.0, "rotationY": 8.0, "rotationZ": 39.0 },
						"right wing": { "offsetX": 0.0, "offsetY": 0.0, "offsetZ": 0.0, "rotationX": -14.0, "rotationY": 22.5, "rotationZ": -33.0 },
						"left wing": { "offsetX": 0.0, "offsetY": 0.0, "offsetZ": 0.0, "rotationX": -11.0, "rotationY": 0.0, "rotationZ": -45.0 }
					}
				},
				{
					"frame": 44,
					"elements": {
						"Body": { "offsetX": -1.0, "offsetY": 1.0, "offsetZ": -2.0, "rotationX": -83.0, "rotationY": -25.0, "rotationZ": -89.0 },
						"head": { "offsetX": 0.0, "offsetY": 0.0, "offsetZ": 0.0, "rotationX": 36.0, "rotationY": -50.0, "rotationZ": -28.0 },
						"tail": { "offsetX": 0.0, "offsetY": 0.0, "offsetZ": 0.0, "rotationX": -28.0, "rotationY": 42.0, "rotationZ": -3.0 },
						"thighs right": { "offsetX": 0.0, "offsetY": 0.0, "offsetZ": 0.0, "rotationX": -30.0, "rotationY": 3.0, "rotationZ": -66.0 },
						"leg right": { "offsetX": 0.0, "offsetY": 0.0, "offsetZ": 0.0, "rotationX": 39.0, "rotationY": -6.0, "rotationZ": 55.0 },
						"thighs left": { "offsetX": 0.0, "offsetY": 0.0, "offsetZ": 0.0, "rotationX": 17.0, "rotationY": 25.0, "rotationZ": 3.0 },
						"leg left": { "offsetX": 0.0, "offsetY": 0.0, "offsetZ": 0.0, "rotationX": -14.0, "rotationY": 8.0, "rotationZ": 39.0 },
						"right wing": { "offsetX": 0.0, "offsetY": 0.0, "offsetZ": 0.0, "rotationX": -14.0, "rotationY": 22.5, "rotationZ": -33.0 },
						"left wing": { "offsetX": 0.0, "offsetY": 0.0, "offsetZ": 0.0, "rotationX": -11.0, "rotationY": 0.0, "rotationZ": -45.0 }
					}
				}
			]
		},

		{
			"name": "Run",
			"code": "run",
			"quantityframes": 25,
			"onActivityStopped": "EaseOut",
			"onAnimationEnd": "Repeat",
			"keyframes": [
				{
					"frame": 0,
					"elements": {
						"Body": { "offsetX": 0.0, "offsetY": 0.0, "offsetZ": 0.0, "rotationX": 0.0, "rotationY": 0.0, "rotationZ": -25.0 },
						"head": { "offsetX": -0.7, "offsetY": -0.5, "offsetZ": 0.0 },
						"tail": { "offsetX": 0.0, "offsetY": 0.0, "offsetZ": 0.0, "rotationX": 0.0, "rotationY": 0.0, "rotationZ": 17.0 },
						"thighs right": { "offsetX": 1.0, "offsetY": -1.6, "offsetZ": 0.0, "rotationX": 0.0, "rotationY": 0.0, "rotationZ": 66.0 },
						"leg right": { "offsetX": 0.0, "offsetY": 0.0, "offsetZ": 0.0, "rotationX": 0.0, "rotationY": 0.0, "rotationZ": 0.0 },
						"thighs left": { "offsetX": 0.7, "offsetY": 0.0, "offsetZ": 0.0, "rotationX": 0.0, "rotationY": 0.0, "rotationZ": -39.0 },
						"leg left": { "offsetX": 0.0, "offsetY": 0.0, "offsetZ": 0.0, "rotationX": 0.0, "rotationY": 0.0, "rotationZ": 39.0 },
						"right wing": { "offsetX": -1.0, "offsetY": 0.0, "offsetZ": 1.25, "rotationX": 0.0, "rotationY": 62.0, "rotationZ": 42.0 },
						"left wing": { "offsetX": -1.0, "offsetY": 0.0, "offsetZ": -1.25, "rotationX": 0.0, "rotationY": -66.0, "rotationZ": 42.0 }
					}
				},
				{
					"frame": 6,
					"elements": {
						"Body": { "offsetX": 1.0, "offsetY": 0.0, "offsetZ": 0.0, "rotationX": 0.0, "rotationY": 0.0, "rotationZ": -19.0 },
						"head": { "offsetX": -0.7, "offsetY": -0.5, "offsetZ": 0.0 },
						"tail": { "offsetX": 0.0, "offsetY": 0.0, "offsetZ": 0.0, "rotationX": 0.0, "rotationY": 0.0, "rotationZ": 0.0 },
						"thighs right": { "offsetX": 1.0, "offsetY": 0.0, "offsetZ": 0.0, "rotationX": 0.0, "rotationY": 0.0, "rotationZ": 47.0 },
						"leg right": { "offsetX": 0.0, "offsetY": 0.0, "offsetZ": 0.0, "rotationX": 0.0, "rotationY": 0.0, "rotationZ": 17.0 },
						"thighs left": { "offsetX": 0.5, "offsetY": 0.0, "offsetZ": 0.0, "rotationX": 0.0, "rotationY": 0.0, "rotationZ": 8.0 },
						"leg left": { "offsetX": -0.5, "offsetY": 0.5, "offsetZ": 0.0, "rotationX": 0.0, "rotationY": 0.0, "rotationZ": 17.0 },
						"right wing": { "offsetX": -2.0, "offsetY": 0.0, "offsetZ": 0.125, "rotationX": 0.0, "rotationY": 11.0, "rotationZ": 42.0 },
						"left wing": { "offsetX": -1.0, "offsetY": 0.0, "offsetZ": 0.0, "rotationX": 0.0, "rotationY": -11.0, "rotationZ": 42.0 }
					}
				},
				{
					"frame": 12,
					"elements": {
						"Body": { "offsetX": -1.0, "offsetY": 0.0, "offsetZ": 0.0, "rotationX": 0.0, "rotationY": 0.0, "rotationZ": -25.0 },
						"head": { "offsetX": -0.7, "offsetY": -0.5, "offsetZ": 0.0 },
						"tail": { "offsetX": 0.0, "offsetY": 0.0, "offsetZ": 0.0, "rotationX": 0.0, "rotationY": 0.0, "rotationZ": 17.0 },
						"thighs right": { "offsetX": 0.7, "offsetY": 0.0, "offsetZ": 0.0, "rotationX": 0.0, "rotationY": 0.0, "rotationZ": -39.0 },
						"leg right": { "offsetX": 0.0, "offsetY": 0.0, "offsetZ": 0.0, "rotationX": 0.0, "rotationY": 0.0, "rotationZ": 39.0 },
						"thighs left": { "offsetX": 1.0, "offsetY": -1.6, "offsetZ": 0.0, "rotationX": 0.0, "rotationY": 0.0, "rotationZ": 66.0 },
						"leg left": { "offsetX": 0.0, "offsetY": 0.0, "offsetZ": 0.0, "rotationX": 0.0, "rotationY": 0.0, "rotationZ": 0.0 },
						"right wing": { "offsetX": -1.0, "offsetY": 0.0, "offsetZ": 1.0, "rotationX": 0.0, "rotationY": 62.0, "rotationZ": 42.0 },
						"left wing": { "offsetX": -1.0, "offsetY": 0.0, "offsetZ": -1.0, "rotationX": 0.0, "rotationY": -66.0, "rotationZ": 42.0 }
					}
				},
				{
					"frame": 18,
					"elements": {
						"Body": { "offsetX": 1.0, "offsetY": 0.0, "offsetZ": 0.0, "rotationX": 0.0, "rotationY": 0.0, "rotationZ": -19.0 },
						"Neck": { "offsetX": -0.3, "offsetY": 0.2, "offsetZ": 0.0, "rotationX": 0.0, "rotationY": 0.0, "rotationZ": 14.0 },
						"head": { "offsetX": -0.7, "offsetY": -0.5, "offsetZ": 0.0, "rotationX": 0.0, "rotationY": 0.0, "rotationZ": -22.0 },
						"tail": { "offsetX": 0.0, "offsetY": 0.0, "offsetZ": 0.0, "rotationX": 0.0, "rotationY": 0.0, "rotationZ": 0.0 },
						"thighs right": { "offsetX": 0.5, "offsetY": 0.0, "offsetZ": 0.0, "rotationX": 0.0, "rotationY": 0.0, "rotationZ": 8.0 },
						"leg right": { "offsetX": -0.5, "offsetY": 0.5, "offsetZ": 0.0, "rotationX": 0.0, "rotationY": 0.0, "rotationZ": 17.0 },
						"thighs left": { "offsetX": 1.0, "offsetY": 0.0, "offsetZ": 0.0, "rotationX": 0.0, "rotationY": 0.0, "rotationZ": 47.0 },
						"leg left": { "offsetX": 0.0, "offsetY": 0.0, "offsetZ": 0.0, "rotationX": 0.0, "rotationY": 0.0, "rotationZ": 17.0 },
						"right wing": { "offsetX": -1.0, "offsetY": 0.0, "offsetZ": 0.0, "rotationX": 0.0, "rotationY": 11.0, "rotationZ": 42.0 },
						"left wing": { "offsetX": 0.0, "offsetY": 0.0, "offsetZ": 0.0, "rotationX": 0.0, "rotationY": -11.0, "rotationZ": 42.0 }
					}
				}
			]
		},

		{
			"name": "Hurt",
			"code": "hurt",
			"quantityframes": 30,
			"onActivityStopped": "EaseOut",
			"onAnimationEnd": "Stop",
			"keyframes": [
				{
					"frame": 0,
					"elements": {
						"Body": { "offsetX": 0.0, "offsetY": 0.0, "offsetZ": 0.0, "rotationX": 0.0, "rotationY": 0.0, "rotationZ": 0.0 },
						"Neck": { "rotationX": 0.0, "rotationY": 0.0, "rotationZ": 0.0 },
						"head": { "offsetX": 0.0, "offsetY": 0.0, "offsetZ": 0.0, "rotationX": 0.0, "rotationY": 0.0, "rotationZ": 0.0 },
						"tail": { "rotationX": 0.0, "rotationY": 0.0, "rotationZ": 0.0 },
						"thighs right": { "offsetX": 0.0, "offsetY": 0.0, "offsetZ": 0.0, "rotationX": 0.0, "rotationY": 0.0, "rotationZ": 0.0 },
						"leg right": { "offsetX": 0.0, "offsetY": 0.0, "offsetZ": 0.0, "rotationX": 0.0, "rotationY": 0.0, "rotationZ": 0.0 },
						"thighs left": { "offsetX": 0.0, "offsetY": 0.0, "offsetZ": 0.0, "rotationX": 0.0, "rotationY": 0.0, "rotationZ": 0.0 },
						"leg left": { "offsetX": 0.0, "offsetY": 0.0, "offsetZ": 0.0, "rotationX": 0.0, "rotationY": 0.0, "rotationZ": 0.0 },
						"right wing": { "rotationX": 0.0, "rotationY": 0.0, "rotationZ": 0.0 },
						"left wing": { "rotationX": 0.0, "rotationY": 0.0, "rotationZ": 0.0 }
					}
				},
				{
					"frame": 6,
					"elements": {
						"Body": { "offsetX": 0.0, "offsetY": 0.0, "offsetZ": 0.0, "rotationX": 0.0, "rotationY": 0.0, "rotationZ": -10.0 },
						"Neck": { "offsetX": 0.0, "offsetY": 0.0, "offsetZ": 0.0, "rotationX": 0.0, "rotationY": 0.0, "rotationZ": -15.0 },
						"head": { "offsetX": 0.0, "offsetY": 0.0, "offsetZ": 0.0, "rotationX": 0.0, "rotationY": 0.0, "rotationZ": 5.0 },
						"tail": { "rotationX": 0.0, "rotationY": 0.0, "rotationZ": 15.0 },
						"thighs right": { "offsetX": 0.0, "offsetY": 0.0, "offsetZ": 0.0, "rotationX": 0.0, "rotationY": 0.0, "rotationZ": 2.0 },
						"leg right": { "offsetX": 0.0, "offsetY": 0.0, "offsetZ": 0.0, "rotationX": 0.0, "rotationY": 0.0, "rotationZ": 5.0 },
						"thighs left": { "offsetX": 0.0, "offsetY": 0.0, "offsetZ": 0.0, "rotationX": 0.0, "rotationY": 0.0, "rotationZ": 0.0 },
						"leg left": { "offsetX": 0.0, "offsetY": 0.0, "offsetZ": 0.0, "rotationX": 0.0, "rotationY": 0.0, "rotationZ": 3.0 },
						"right wing": { "rotationX": -22.5, "rotationY": 34.0, "rotationZ": 8.0 },
						"left wing": { "rotationX": 22.5, "rotationY": -34.0, "rotationZ": 8.0 }
					}
				}
			]
		},

		{
			"name": "Idle",
			"code": "idle",
			"quantityframes": 30,
			"onActivityStopped": "EaseOut",
			"onAnimationEnd": "Repeat",
			"keyframes": [
				{
					"frame": 0,
					"elements": {
						"Body": { "offsetX": 0.0, "offsetY": 0.0, "offsetZ": 0.0, "rotationX": 0.0, "rotationY": 0.0, "rotationZ": 0.0 },
						"Neck": { "offsetX": 0.0, "offsetY": 0.0, "offsetZ": 0.0, "rotationX": 0.0, "rotationY": 0.0, "rotationZ": 0.0 },
						"head": { "offsetX": 0.0, "offsetY": 0.0, "offsetZ": 0.0, "rotationX": 0.0, "rotationY": 0.0, "rotationZ": 0.0 },
						"tail": { "rotationX": 0.0, "rotationY": 0.0, "rotationZ": 0.0 },
						"thighs right": { "offsetX": 0.0, "offsetY": 0.0, "offsetZ": 0.0, "rotationX": 0.0, "rotationY": 0.0, "rotationZ": 0.0 },
						"leg right": { "offsetX": 0.0, "offsetY": 0.0, "offsetZ": 0.0, "rotationX": 0.0, "rotationY": 0.0, "rotationZ": 0.0 },
						"thighs left": { "offsetX": 0.0, "offsetY": 0.0, "offsetZ": 0.0, "rotationX": 0.0, "rotationY": 0.0, "rotationZ": 0.0 },
						"leg left": { "offsetX": 0.0, "offsetY": 0.0, "offsetZ": 0.0, "rotationX": 0.0, "rotationY": 0.0, "rotationZ": 0.0 }
					}
				},
				{
					"frame": 15,
					"elements": {
						"Body": { "offsetX": 0.0, "offsetY": 0.0, "offsetZ": 0.0, "rotationX": 0.0, "rotationY": 0.0, "rotationZ": -1.0 },
						"Neck": { "offsetX": 0.0, "offsetY": 0.0, "offsetZ": 0.0, "rotationX": 0.0, "rotationY": 0.0, "rotationZ": 1.0 },
						"head": { "offsetX": 0.0, "offsetY": 0.0, "offsetZ": 0.0, "rotationX": 0.0, "rotationY": 0.0, "rotationZ": 0.0 },
						"tail": { "rotationX": 0.0, "rotationY": 0.0, "rotationZ": 0.0 },
						"thighs right": { "offsetX": 0.0, "offsetY": 0.0, "offsetZ": 0.0, "rotationX": 0.0, "rotationY": 0.0, "rotationZ": 1.0 },
						"leg right": { "offsetX": 0.0, "offsetY": 0.0, "offsetZ": 0.0, "rotationX": 0.0, "rotationY": 0.0, "rotationZ": 0.0 },
						"thighs left": { "offsetX": 0.0, "offsetY": 0.0, "offsetZ": 0.0, "rotationX": 0.0, "rotationY": 0.0, "rotationZ": 1.0 },
						"leg left": { "offsetX": 0.0, "offsetY": 0.0, "offsetZ": 0.0, "rotationX": 0.0, "rotationY": 0.0, "rotationZ": 0.0 }
					}
				}
			]
		},

		{
			"name": "Sit",
			"code": "sit",
			"quantityframes": 30,
			"onActivityStopped": "EaseOut",
			"onAnimationEnd": "Repeat",
			"keyframes": [
				{
					"frame": 0,
					"elements": {
						"Body": { "offsetX": 0.0, "offsetY": -1.5, "offsetZ": 0.0, "rotationX": 0.0, "rotationY": 0.0, "rotationZ": 3.0 },
						"head": { "offsetX": 0.0, "offsetY": 0.5, "offsetZ": 0.0, "rotationX": 0.0, "rotationY": 0.0, "rotationZ": 28.0 },
						"thighs right": { "offsetX": 1.0, "offsetY": 0.5, "offsetZ": 0.0, "rotationX": 0.0, "rotationY": 0.0, "rotationZ": 3.0 },
						"leg right": { "offsetX": 1.0, "offsetY": 0.0, "offsetZ": 0.0, "rotationX": 0.0, "rotationY": 0.0, "rotationZ": -94.0 },
						"thighs left": { "offsetX": 1.0, "offsetY": 0.5, "offsetZ": 0.0, "rotationX": 0.0, "rotationY": 0.0, "rotationZ": 7.0 },
						"leg left": { "offsetX": 1.0, "offsetY": 0.0, "offsetZ": 0.0, "rotationX": 0.0, "rotationY": 0.0, "rotationZ": -89.0 }
					}
				},
				{
					"frame": 15,
					"elements": {
						"Body": { "offsetX": 0.0, "offsetY": -1.5, "offsetZ": 0.0, "rotationX": 0.0, "rotationY": 0.0, "rotationZ": 2.0 },
						"Neck": { "offsetX": 0.35, "offsetY": -0.15, "offsetZ": 0.0, "rotationX": 0.0, "rotationY": 0.0, "rotationZ": -14.0 },
						"head": { "offsetX": 0.0, "offsetY": 0.5, "offsetZ": 0.0, "rotationX": 0.0, "rotationY": 0.0, "rotationZ": 28.0 },
						"thighs right": { "offsetX": 1.1, "offsetY": 0.5, "offsetZ": 0.0, "rotationX": 0.0, "rotationY": 0.0, "rotationZ": 4.0 },
						"leg right": { "offsetX": 1.0, "offsetY": 0.0, "offsetZ": 0.0, "rotationX": 0.0, "rotationY": 0.0, "rotationZ": -94.0 },
						"thighs left": { "offsetX": 1.1, "offsetY": 0.5, "offsetZ": 0.0, "rotationX": 0.0, "rotationY": 0.0, "rotationZ": 8.0 },
						"leg left": { "offsetX": 1.0, "offsetY": 0.0, "offsetZ": 0.0, "rotationX": 0.0, "rotationY": 0.0, "rotationZ": -89.0 }
					}
				}
			]
		},

		{
			"name": "Sleep",
			"code": "sleep",
			"quantityframes": 30,
			"onActivityStopped": "EaseOut",
			"onAnimationEnd": "Repeat",
			"keyframes": [
				{
					"frame": 0,
					"elements": {
						"Body": { "offsetX": 0.0, "offsetY": -1.5, "offsetZ": 0.0, "rotationX": 0.0, "rotationY": 0.0, "rotationZ": -33.0 },
						"thighs right": { "offsetX": 1.0, "offsetY": 0.5, "offsetZ": 0.0, "rotationX": 0.0, "rotationY": 0.0, "rotationZ": 3.0 },
						"leg right": { "offsetX": 0.5, "offsetY": 0.0, "offsetZ": 0.0, "rotationX": 0.0, "rotationY": 0.0, "rotationZ": 0.0 },
						"thighs left": { "offsetX": 1.0, "offsetY": 0.5, "offsetZ": 0.0, "rotationX": 0.0, "rotationY": 0.0, "rotationZ": 6.0 },
						"leg left": { "offsetX": 0.5, "offsetY": 0.0, "offsetZ": 0.0, "rotationX": 0.0, "rotationY": 0.0, "rotationZ": 0.0 },
						"Neck": { "offsetX": -0.2, "offsetY": 0.0, "offsetZ": 0.0 }
					}
				},
				{
					"frame": 15,
					"elements": {
						"Body": { "offsetX": 0.0, "offsetY": -1.5, "offsetZ": 0.0, "rotationX": 0.0, "rotationY": 0.0, "rotationZ": -37.0 },
						"head": { "offsetX": 0.3, "offsetY": 0.35, "offsetZ": 0.0, "rotationX": 0.0, "rotationY": 0.0, "rotationZ": 58.0 },
						"thighs right": { "offsetX": 1.1, "offsetY": 0.5, "offsetZ": 0.0, "rotationX": 0.0, "rotationY": 0.0, "rotationZ": 4.0 },
						"leg right": { "offsetX": 1.0, "offsetY": 0.0, "offsetZ": 0.0, "rotationX": 0.0, "rotationY": 0.0, "rotationZ": -94.0 },
						"thighs left": { "offsetX": 1.1, "offsetY": 0.5, "offsetZ": 0.0, "rotationX": 0.0, "rotationY": 0.0, "rotationZ": 7.0 },
						"leg left": { "offsetX": 0.5, "offsetY": 0.0, "offsetZ": 0.0, "rotationX": 0.0, "rotationY": 0.0, "rotationZ": -89.0 }
					}
				}
			]
		},

		{
			"name": "Hopping",
			"code": "hopping",
			"quantityframes": 14,
			"onActivityStopped": "PlayTillEnd",
			"onAnimationEnd": "Repeat",
			"keyframes": [
				{
					"frame": 0,
					"elements": {
						"Body": { "offsetX": 0.0, "offsetY": 0.0, "offsetZ": 0.0, "rotationX": 0.0, "rotationY": 0.0, "rotationZ": 14.0 },
						"Neck": { "offsetX": 0.0, "offsetY": 0.0, "offsetZ": 0.0, "rotationX": 0.0, "rotationY": 0.0, "rotationZ": 8.0 },
						"head": { "rotationX": 0.0, "rotationY": 0.0, "rotationZ": 0.0 },
						"thighs left": { "offsetX": 1.0, "offsetY": 0.0, "offsetZ": 0.0 },
						"thighs right": { "offsetX": 1.0, "offsetY": 0.0, "offsetZ": 0.0 },
						"tail": { "rotationX": 0.0, "rotationY": 11.0, "rotationZ": 0.0 },
						"left wing": { "rotationX": 0.0, "rotationY": -6.0, "rotationZ": 3.0 },
						"right wing": { "rotationX": 0.0, "rotationY": 6.0, "rotationZ": 3.0 }
					}
				},
				{
					"frame": 4,
					"elements": {
						"Neck": { "rotationX": 0.0, "rotationY": 0.0, "rotationZ": 0.0 },
						"tail": { "rotationX": 0.0, "rotationY": -11.0, "rotationZ": 0.0 }
					}
				},
				{
					"frame": 5,
					"elements": {
						"Body": { "offsetX": -2.0, "offsetY": 1.0, "offsetZ": 0.0, "rotationX": 0.0, "rotationY": 0.0, "rotationZ": 0.0 },
						"thighs right": { "offsetX": 0.0, "offsetY": 0.0, "offsetZ": 0.0 },
						"thighs left": { "offsetX": 0.0, "offsetY": 0.0, "offsetZ": 0.0 },
						"right wing": { "rotationX": 0.0, "rotationY": 0.0, "rotationZ": 6.0 },
						"left wing": { "rotationX": 0.0, "rotationY": 0.0, "rotationZ": 6.0 }
					}
				},
				{
					"frame": 10,
					"elements": {
						"Body": { "offsetX": -1.0, "offsetY": -0.25, "offsetZ": 0.0 },
						"head": { "rotationX": 0.0, "rotationY": 0.0, "rotationZ": 11.0 },
						"tail": { "rotationX": 0.0, "rotationY": 0.0, "rotationZ": 19.0 }
					}
				}
			]
		}
	]
}