{
  "textureWidth":16,
  "textureHeight":16,
  "textures":{
    "material":"game:block/metal/ingot/copper"
  },
  "textureSizes":{
    "material":[
      32,
      32
    ]
  },
  "elements":[
    {
      "name":"origin",
      "from":[
        11.0,
        0.5,
        7.699999988079071
      ],
      "to":[
        11.0,
        0.5,
        7.699999988079071
      ],
      "rotationOrigin":[
        8.0,
        0.0,
        8.0
      ],
      "group":"bone_metal_metalhead",
      "faces":{
        "north":{
          "texture":"#0",
          "uv":[
            0,
            0,
            4,
            4
          ],
          "autoUv":false
        },
        "east":{
          "texture":"#0",
          "uv":[
            0,
            0,
            4,
            4
          ],
          "autoUv":false
        },
        "south":{
          "texture":"#0",
          "uv":[
            0,
            0,
            4,
            4
          ],
          "autoUv":false
        },
        "west":{
          "texture":"#0",
          "uv":[
            0,
            0,
            4,
            4
          ],
          "autoUv":false
        },
        "up":{
          "texture":"#material",
          "uv":[
            0.0,
            0.0,
            1.0,
            1.0
          ],
          "autoUv":false,
          "rotation":180
        },
        "down":{
          "texture":"#0",
          "uv":[
            0,
            0,
            4,
            4
          ],
          "autoUv":false
        }
      },
      "children":[
        {
          "name":"bone_metal_metalhead 01",
          "from":[
            -6.322535276412964,
            -0.11304366588592529,
            1.190245896577835
          ],
          "to":[
            0.8102500438690186,
            0.6216996908187866,
            1.5368121564388275
          ],
          "rotationOrigin":[
            -2.7561426162719727,
            0.25432801246643066,
            1.3635290265083313
          ],
          "group":"bone_metal_metalhead",
          "faces":{
            "north":{
              "texture":"#material",
              "uv":[
                12.0,
                12.0,
                2.0,
                14.0
              ],
              "autoUv":false
            },
            "east":{
              "texture":"#material",
              "uv":[
                12.0,
                8.000001907348633,
                11.0,
                10.000001907348633
              ],
              "autoUv":false,
              "rotation":90
            },
            "south":{
              "texture":"#material",
              "uv":[
                2.0,
                12.0,
                12.0,
                14.0
              ],
              "autoUv":false
            },
            "west":{
              "texture":"#material",
              "uv":[
                14.0,
                8.000001907348633,
                13.0,
                10.000001907348633
              ],
              "autoUv":false,
              "rotation":90
            },
            "up":{
              "texture":"#material",
              "uv":[
                15.0,
                17.0,
                16.0,
                26.0
              ],
              "autoUv":false,
              "rotation":90
            },
            "down":{
              "texture":"#material",
              "uv":[
                15.0,
                26.0,
                16.0,
                17.0
              ],
              "autoUv":false,
              "rotation":90
            }
          },
          "children":[]
        },
        {
          "name":"bone_metal_metalhead 02",
          "from":[
            0.7172203063964844,
            -0.11304366588592529,
            2.1311905682086945
          ],
          "to":[
            13.832714557647705,
            0.6216996908187866,
            2.477756828069687
          ],
          "rotationOrigin":[
            7.274967193603516,
            0.25432801246643066,
            2.3044736981391907
          ],
          "rotationY":-8.26550561276674,
          "group":"bone_metal_metalhead",
          "faces":{
            "north":{
              "texture":"#material",
              "uv":[
                30.0,
                12.0,
                12.0,
                14.0
              ],
              "autoUv":false
            },
            "east":{
              "texture":"#material",
              "uv":[
                12.0,
                8.000001907348633,
                11.0,
                10.000001907348633
              ],
              "autoUv":false,
              "rotation":90
            },
            "south":{
              "texture":"#material",
              "uv":[
                12.0,
                12.0,
                30.0,
                14.0
              ],
              "autoUv":false
            },
            "west":{
              "texture":"#material",
              "uv":[
                14.0,
                8.000001907348633,
                13.0,
                10.000001907348633
              ],
              "autoUv":false,
              "rotation":90
            },
            "up":{
              "texture":"#material",
              "uv":[
                15.0,
                1.0,
                16.0,
                17.0
              ],
              "autoUv":false,
              "rotation":90
            },
            "down":{
              "texture":"#material",
              "uv":[
                15.0,
                17.0,
                16.0,
                1.0
              ],
              "autoUv":false,
              "rotation":90
            }
          },
          "children":[]
        },
        {
          "name":"bone_metal_metalhead 03",
          "from":[
            -4.771304607391357,
            0.07303634285926819,
            0.5546781420707703
          ],
          "to":[
            -4.389631748199463,
            0.4547092616558075,
            1.807485044002533
          ],
          "rotationOrigin":[
            -4.58046817779541,
            0.26387280225753784,
            1.1810815930366516
          ],
          "rotationX":-4.2711627470162706e-08,
          "rotationY":-1.3110988872484353,
          "rotationZ":178.2556839779618,
          "group":"bone_metal_metalhead",
          "faces":{
            "north":{
              "texture":"#material",
              "uv":[
                13.0,
                8.000001907348633,
                12.0,
                10.000001907348633
              ],
              "autoUv":false,
              "rotation":90
            },
            "east":{
              "texture":"#material",
              "uv":[
                12.0,
                8.000001907348633,
                11.0,
                10.000001907348633
              ],
              "autoUv":false,
              "rotation":90
            },
            "south":{
              "texture":"#material",
              "uv":[
                14.999999046325684,
                9.000001907348633,
                14.0,
                10.0
              ],
              "autoUv":false,
              "rotation":90
            },
            "west":{
              "texture":"#material",
              "uv":[
                14.0,
                8.000001907348633,
                13.0,
                10.000001907348633
              ],
              "autoUv":false,
              "rotation":90
            },
            "up":{
              "texture":"#material",
              "uv":[
                14.0,
                9.0,
                12.0,
                11.0
              ],
              "autoUv":false,
              "rotation":270
            },
            "down":{
              "texture":"#material",
              "uv":[
                12.0,
                11.0,
                14.0,
                9.0
              ],
              "autoUv":false,
              "rotation":270
            }
          },
          "children":[]
        },
        {
          "name":"bone_metal_metalhead 04",
          "from":[
            -3.2452516704797745,
            0.08860829472541809,
            0.5546781420707703
          ],
          "to":[
            -2.8635787814855576,
            0.4702812135219574,
            1.807485044002533
          ],
          "rotationOrigin":[
            -3.054415225982666,
            0.27944475412368774,
            1.1810815930366516
          ],
          "rotationX":1.1997546375027683,
          "rotationY":-0.5287786246686951,
          "rotationZ":-136.68794499120793,
          "group":"bone_metal_metalhead",
          "faces":{
            "north":{
              "texture":"#material",
              "uv":[
                13.0,
                8.000001907348633,
                12.0,
                10.000001907348633
              ],
              "autoUv":false,
              "rotation":90
            },
            "east":{
              "texture":"#material",
              "uv":[
                12.0,
                8.000001907348633,
                11.0,
                10.000001907348633
              ],
              "autoUv":false,
              "rotation":90
            },
            "south":{
              "texture":"#material",
              "uv":[
                14.999999046325684,
                9.000001907348633,
                14.0,
                10.0
              ],
              "autoUv":false,
              "rotation":90
            },
            "west":{
              "texture":"#material",
              "uv":[
                14.0,
                8.000001907348633,
                13.0,
                10.000001907348633
              ],
              "autoUv":false,
              "rotation":90
            },
            "up":{
              "texture":"#material",
              "uv":[
                14.0,
                9.0,
                12.0,
                11.0
              ],
              "autoUv":false,
              "rotation":270
            },
            "down":{
              "texture":"#material",
              "uv":[
                12.0,
                11.0,
                14.0,
                9.0
              ],
              "autoUv":false,
              "rotation":270
            }
          },
          "children":[]
        },
        {
          "name":"bone_metal_metalhead 05",
          "from":[
            -1.6849398910999298,
            0.09483717381954193,
            0.5546781420707703
          ],
          "to":[
            -1.3032669723033905,
            0.4765099436044693,
            1.807485044002533
          ],
          "rotationOrigin":[
            -1.4941034317016602,
            0.2856735587120056,
            1.1810815930366516
          ],
          "rotationX":-0.05434398658459655,
          "rotationY":-1.3099711589834426,
          "rotationZ":-2.113824233251883,
          "group":"bone_metal_metalhead",
          "faces":{
            "north":{
              "texture":"#material",
              "uv":[
                13.0,
                8.000001907348633,
                12.0,
                10.000001907348633
              ],
              "autoUv":false,
              "rotation":90
            },
            "east":{
              "texture":"#material",
              "uv":[
                12.0,
                8.000001907348633,
                11.0,
                10.000001907348633
              ],
              "autoUv":false,
              "rotation":90
            },
            "south":{
              "texture":"#material",
              "uv":[
                14.999999046325684,
                9.000001907348633,
                14.0,
                10.0
              ],
              "autoUv":false,
              "rotation":90
            },
            "west":{
              "texture":"#material",
              "uv":[
                14.0,
                8.000001907348633,
                13.0,
                10.000001907348633
              ],
              "autoUv":false,
              "rotation":90
            },
            "up":{
              "texture":"#material",
              "uv":[
                14.0,
                9.0,
                12.0,
                11.0
              ],
              "autoUv":false,
              "rotation":270
            },
            "down":{
              "texture":"#material",
              "uv":[
                12.0,
                11.0,
                14.0,
                9.0
              ],
              "autoUv":false,
              "rotation":270
            }
          },
          "children":[]
        },
        {
          "name":"bone_metal_metalhead 06",
          "from":[
            -0.12462854385375977,
            0.06992188096046448,
            0.5546781420707703
          ],
          "to":[
            0.25704431533813477,
            0.4515947997570038,
            1.807485044002533
          ],
          "rotationOrigin":[
            0.0662078857421875,
            0.26075834035873413,
            1.1810815930366516
          ],
          "rotationX":1.2049342687711653,
          "rotationY":-0.5168664545910755,
          "rotationZ":-31.85568127004848,
          "group":"bone_metal_metalhead",
          "faces":{
            "north":{
              "texture":"#material",
              "uv":[
                13.0,
                8.000001907348633,
                12.0,
                10.000001907348633
              ],
              "autoUv":false,
              "rotation":90
            },
            "east":{
              "texture":"#material",
              "uv":[
                12.0,
                8.000001907348633,
                11.0,
                10.000001907348633
              ],
              "autoUv":false,
              "rotation":90
            },
            "south":{
              "texture":"#material",
              "uv":[
                14.999999046325684,
                9.000001907348633,
                14.0,
                10.0
              ],
              "autoUv":false,
              "rotation":90
            },
            "west":{
              "texture":"#material",
              "uv":[
                14.0,
                8.000001907348633,
                13.0,
                10.000001907348633
              ],
              "autoUv":false,
              "rotation":90
            },
            "up":{
              "texture":"#material",
              "uv":[
                14.0,
                9.0,
                12.0,
                11.0
              ],
              "autoUv":false,
              "rotation":270
            },
            "down":{
              "texture":"#material",
              "uv":[
                12.0,
                11.0,
                14.0,
                9.0
              ],
              "autoUv":false,
              "rotation":270
            }
          },
          "children":[]
        },
        {
          "name":"bone_metal_metalhead 07",
          "from":[
            1.2220358699560165,
            0.08549383282661438,
            0.6331609487533569
          ],
          "to":[
            1.6037087589502335,
            0.4671667516231537,
            1.8859674334526062
          ],
          "rotationOrigin":[
            1.412872314453125,
            0.27633029222488403,
            1.259564220905304
          ],
          "rotationX":-0.4302797996372801,
          "rotationY":-7.736224008698698,
          "rotationZ":-114.42633675014204,
          "group":"bone_metal_metalhead",
          "faces":{
            "north":{
              "texture":"#material",
              "uv":[
                13.0,
                8.000001907348633,
                12.0,
                10.000001907348633
              ],
              "autoUv":false,
              "rotation":90
            },
            "east":{
              "texture":"#material",
              "uv":[
                12.0,
                8.000001907348633,
                11.0,
                10.000001907348633
              ],
              "autoUv":false,
              "rotation":90
            },
            "south":{
              "texture":"#material",
              "uv":[
                14.999999046325684,
                9.000001907348633,
                14.0,
                10.0
              ],
              "autoUv":false,
              "rotation":90
            },
            "west":{
              "texture":"#material",
              "uv":[
                14.0,
                8.000001907348633,
                13.0,
                10.000001907348633
              ],
              "autoUv":false,
              "rotation":90
            },
            "up":{
              "texture":"#material",
              "uv":[
                14.0,
                9.0,
                12.0,
                11.0
              ],
              "autoUv":false,
              "rotation":270
            },
            "down":{
              "texture":"#material",
              "uv":[
                12.0,
                11.0,
                14.0,
                9.0
              ],
              "autoUv":false,
              "rotation":270
            }
          },
          "children":[]
        },
        {
          "name":"bone_metal_metalhead 08",
          "from":[
            2.743728145956993,
            0.07303628325462341,
            0.9159481525421143
          ],
          "to":[
            3.12540103495121,
            0.45470908284187317,
            2.1687549352645874
          ],
          "rotationOrigin":[
            2.9345645904541016,
            0.2638726830482483,
            1.5423515439033508
          ],
          "rotationX":-0.4315330059478452,
          "rotationY":-8.877184911434524,
          "rotationZ":-111.77366886142751,
          "group":"bone_metal_metalhead",
          "faces":{
            "north":{
              "texture":"#material",
              "uv":[
                13.0,
                8.000001907348633,
                12.0,
                10.000001907348633
              ],
              "autoUv":false,
              "rotation":90
            },
            "east":{
              "texture":"#material",
              "uv":[
                12.0,
                8.000001907348633,
                11.0,
                10.000001907348633
              ],
              "autoUv":false,
              "rotation":90
            },
            "south":{
              "texture":"#material",
              "uv":[
                14.999999046325684,
                9.000001907348633,
                14.0,
                10.0
              ],
              "autoUv":false,
              "rotation":90
            },
            "west":{
              "texture":"#material",
              "uv":[
                14.0,
                8.000001907348633,
                13.0,
                10.000001907348633
              ],
              "autoUv":false,
              "rotation":90
            },
            "up":{
              "texture":"#material",
              "uv":[
                14.0,
                9.0,
                12.0,
                11.0
              ],
              "autoUv":false,
              "rotation":270
            },
            "down":{
              "texture":"#material",
              "uv":[
                12.0,
                11.0,
                14.0,
                9.0
              ],
              "autoUv":false,
              "rotation":270
            }
          },
          "children":[]
        },
        {
          "name":"bone_metal_metalhead 09",
          "from":[
            4.279437527060509,
            0.13761642575263977,
            1.052869975566864
          ],
          "to":[
            4.661110416054726,
            0.5192893445491791,
            2.305676817893982
          ],
          "rotationOrigin":[
            4.470273971557617,
            0.3284528851509094,
            1.6792734265327454
          ],
          "rotationX":8.960427841944055,
          "rotationY":-7.4727007963676195,
          "rotationZ":115.9729921065564,
          "group":"bone_metal_metalhead",
          "faces":{
            "north":{
              "texture":"#material",
              "uv":[
                13.0,
                8.000001907348633,
                12.0,
                10.000001907348633
              ],
              "autoUv":false,
              "rotation":90
            },
            "east":{
              "texture":"#material",
              "uv":[
                12.0,
                8.000001907348633,
                11.0,
                10.000001907348633
              ],
              "autoUv":false,
              "rotation":90
            },
            "south":{
              "texture":"#material",
              "uv":[
                14.999999046325684,
                9.000001907348633,
                14.0,
                10.0
              ],
              "autoUv":false,
              "rotation":90
            },
            "west":{
              "texture":"#material",
              "uv":[
                14.0,
                8.000001907348633,
                13.0,
                10.000001907348633
              ],
              "autoUv":false,
              "rotation":90
            },
            "up":{
              "texture":"#material",
              "uv":[
                14.0,
                9.0,
                12.0,
                11.0
              ],
              "autoUv":false,
              "rotation":270
            },
            "down":{
              "texture":"#material",
              "uv":[
                12.0,
                11.0,
                14.0,
                9.0
              ],
              "autoUv":false,
              "rotation":270
            }
          },
          "children":[]
        },
        {
          "name":"bone_metal_metalhead 10",
          "from":[
            5.833783611655235,
            0.13761648535728455,
            1.307811200618744
          ],
          "to":[
            6.215456500649452,
            0.5192892849445343,
            2.5606175661087036
          ],
          "rotationOrigin":[
            6.024620056152344,
            0.3284528851509094,
            1.9342144131660461
          ],
          "rotationX":8.96043125703864,
          "rotationY":-7.472697381273035,
          "rotationZ":-118.46748647447178,
          "group":"bone_metal_metalhead",
          "faces":{
            "north":{
              "texture":"#material",
              "uv":[
                13.0,
                8.000001907348633,
                12.0,
                10.000001907348633
              ],
              "autoUv":false,
              "rotation":90
            },
            "east":{
              "texture":"#material",
              "uv":[
                12.0,
                8.000001907348633,
                11.0,
                10.000001907348633
              ],
              "autoUv":false,
              "rotation":90
            },
            "south":{
              "texture":"#material",
              "uv":[
                14.999999046325684,
                9.000001907348633,
                14.0,
                10.0
              ],
              "autoUv":false,
              "rotation":90
            },
            "west":{
              "texture":"#material",
              "uv":[
                14.0,
                8.000001907348633,
                13.0,
                10.000001907348633
              ],
              "autoUv":false,
              "rotation":90
            },
            "up":{
              "texture":"#material",
              "uv":[
                14.0,
                9.0,
                12.0,
                11.0
              ],
              "autoUv":false,
              "rotation":270
            },
            "down":{
              "texture":"#material",
              "uv":[
                12.0,
                11.0,
                14.0,
                9.0
              ],
              "autoUv":false,
              "rotation":270
            }
          },
          "children":[]
        },
        {
          "name":"bone_metal_metalhead 11",
          "from":[
            7.33616778254509,
            0.13761648535728455,
            1.5283101201057434
          ],
          "to":[
            7.717840701341629,
            0.5192892849445343,
            2.7811167240142822
          ],
          "rotationOrigin":[
            7.527004241943359,
            0.3284528851509094,
            2.154713451862335
          ],
          "rotationX":8.96043381835958,
          "rotationY":-7.472701650141265,
          "rotationZ":-142.84034716912362,
          "group":"bone_metal_metalhead",
          "faces":{
            "north":{
              "texture":"#material",
              "uv":[
                13.0,
                8.000001907348633,
                12.0,
                10.000001907348633
              ],
              "autoUv":false,
              "rotation":90
            },
            "east":{
              "texture":"#material",
              "uv":[
                12.0,
                8.000001907348633,
                11.0,
                10.000001907348633
              ],
              "autoUv":false,
              "rotation":90
            },
            "south":{
              "texture":"#material",
              "uv":[
                14.999999046325684,
                9.000001907348633,
                14.0,
                10.0
              ],
              "autoUv":false,
              "rotation":90
            },
            "west":{
              "texture":"#material",
              "uv":[
                14.0,
                8.000001907348633,
                13.0,
                10.000001907348633
              ],
              "autoUv":false,
              "rotation":90
            },
            "up":{
              "texture":"#material",
              "uv":[
                14.0,
                9.0,
                12.0,
                11.0
              ],
              "autoUv":false,
              "rotation":270
            },
            "down":{
              "texture":"#material",
              "uv":[
                12.0,
                11.0,
                14.0,
                9.0
              ],
              "autoUv":false,
              "rotation":270
            }
          },
          "children":[]
        },
        {
          "name":"bone_metal_metalhead 12",
          "from":[
            8.879632458090782,
            0.13761644065380096,
            1.7478821873664856
          ],
          "to":[
            9.261305347084999,
            0.5192893296480179,
            3.0006887912750244
          ],
          "rotationOrigin":[
            9.07046890258789,
            0.3284528851509094,
            2.3742855191230774
          ],
          "rotationX":8.96043381835958,
          "rotationY":-7.472704211462204,
          "rotationZ":-162.51048601643828,
          "group":"bone_metal_metalhead",
          "faces":{
            "north":{
              "texture":"#material",
              "uv":[
                13.0,
                8.000001907348633,
                12.0,
                10.000001907348633
              ],
              "autoUv":false,
              "rotation":90
            },
            "east":{
              "texture":"#material",
              "uv":[
                12.0,
                8.000001907348633,
                11.0,
                10.000001907348633
              ],
              "autoUv":false,
              "rotation":90
            },
            "south":{
              "texture":"#material",
              "uv":[
                14.999999046325684,
                9.000001907348633,
                14.0,
                10.0
              ],
              "autoUv":false,
              "rotation":90
            },
            "west":{
              "texture":"#material",
              "uv":[
                14.0,
                8.000001907348633,
                13.0,
                10.000001907348633
              ],
              "autoUv":false,
              "rotation":90
            },
            "up":{
              "texture":"#material",
              "uv":[
                14.0,
                9.0,
                12.0,
                11.0
              ],
              "autoUv":false,
              "rotation":270
            },
            "down":{
              "texture":"#material",
              "uv":[
                12.0,
                11.0,
                14.0,
                9.0
              ],
              "autoUv":false,
              "rotation":270
            }
          },
          "children":[]
        },
        {
          "name":"bone_metal_metalhead 13",
          "from":[
            10.397264003753662,
            0.13761642575263977,
            1.954538643360138
          ],
          "to":[
            10.778936862945557,
            0.5192893445491791,
            3.2073452472686768
          ],
          "rotationOrigin":[
            10.58810043334961,
            0.3284528851509094,
            2.5809419751167297
          ],
          "rotationX":8.96043808722781,
          "rotationY":-7.472705065235851,
          "rotationZ":13.231955578110098,
          "group":"bone_metal_metalhead",
          "faces":{
            "north":{
              "texture":"#material",
              "uv":[
                13.0,
                8.000001907348633,
                12.0,
                10.000001907348633
              ],
              "autoUv":false,
              "rotation":90
            },
            "east":{
              "texture":"#material",
              "uv":[
                12.0,
                8.000001907348633,
                11.0,
                10.000001907348633
              ],
              "autoUv":false,
              "rotation":90
            },
            "south":{
              "texture":"#material",
              "uv":[
                14.999999046325684,
                9.000001907348633,
                14.0,
                10.0
              ],
              "autoUv":false,
              "rotation":90
            },
            "west":{
              "texture":"#material",
              "uv":[
                14.0,
                8.000001907348633,
                13.0,
                10.000001907348633
              ],
              "autoUv":false,
              "rotation":90
            },
            "up":{
              "texture":"#material",
              "uv":[
                14.0,
                9.0,
                12.0,
                11.0
              ],
              "autoUv":false,
              "rotation":270
            },
            "down":{
              "texture":"#material",
              "uv":[
                12.0,
                11.0,
                14.0,
                9.0
              ],
              "autoUv":false,
              "rotation":270
            }
          },
          "children":[]
        },
        {
          "name":"bone_metal_metalhead 14",
          "from":[
            11.940728649497032,
            0.13761642575263977,
            2.1999427676200867
          ],
          "to":[
            12.322401538491249,
            0.5192893445491791,
            3.4527496099472046
          ],
          "rotationOrigin":[
            12.13156509399414,
            0.3284528851509094,
            2.826346218585968
          ],
          "rotationX":8.960429549491348,
          "rotationY":-7.472699942593973,
          "rotationZ":110.88961015639607,
          "group":"bone_metal_metalhead",
          "faces":{
            "north":{
              "texture":"#material",
              "uv":[
                13.0,
                8.000001907348633,
                12.0,
                10.000001907348633
              ],
              "autoUv":false,
              "rotation":90
            },
            "east":{
              "texture":"#material",
              "uv":[
                12.0,
                8.000001907348633,
                11.0,
                10.000001907348633
              ],
              "autoUv":false,
              "rotation":90
            },
            "south":{
              "texture":"#material",
              "uv":[
                14.999999046325684,
                9.000001907348633,
                14.0,
                10.0
              ],
              "autoUv":false,
              "rotation":90
            },
            "west":{
              "texture":"#material",
              "uv":[
                14.0,
                8.000001907348633,
                13.0,
                10.000001907348633
              ],
              "autoUv":false,
              "rotation":90
            },
            "up":{
              "texture":"#material",
              "uv":[
                14.0,
                9.0,
                12.0,
                11.0
              ],
              "autoUv":false,
              "rotation":270
            },
            "down":{
              "texture":"#material",
              "uv":[
                12.0,
                11.0,
                14.0,
                9.0
              ],
              "autoUv":false,
              "rotation":270
            }
          },
          "children":[]
        },
        {
          "name":"bone_metal_metalhead 15",
          "from":[
            13.13545946776867,
            0.13761642575263977,
            2.3032705783843994
          ],
          "to":[
            13.517132237553596,
            0.5192893445491791,
            3.556077301502228
          ],
          "rotationOrigin":[
            13.326295852661133,
            0.3284528851509094,
            2.929673969745636
          ],
          "rotationX":8.96043125703864,
          "rotationY":-7.4727025039149115,
          "rotationZ":158.95606923274198,
          "group":"bone_metal_metalhead",
          "faces":{
            "north":{
              "texture":"#material",
              "uv":[
                13.0,
                8.000001907348633,
                12.0,
                10.000001907348633
              ],
              "autoUv":false,
              "rotation":90
            },
            "east":{
              "texture":"#material",
              "uv":[
                12.0,
                8.000001907348633,
                11.0,
                10.000001907348633
              ],
              "autoUv":false,
              "rotation":90
            },
            "south":{
              "texture":"#material",
              "uv":[
                14.999999046325684,
                9.000001907348633,
                14.0,
                10.0
              ],
              "autoUv":false,
              "rotation":90
            },
            "west":{
              "texture":"#material",
              "uv":[
                14.0,
                8.000001907348633,
                13.0,
                10.000001907348633
              ],
              "autoUv":false,
              "rotation":90
            },
            "up":{
              "texture":"#material",
              "uv":[
                14.0,
                9.0,
                12.0,
                11.0
              ],
              "autoUv":false,
              "rotation":270
            },
            "down":{
              "texture":"#material",
              "uv":[
                12.0,
                11.0,
                14.0,
                9.0
              ],
              "autoUv":false,
              "rotation":270
            }
          },
          "children":[]
        },
        {
          "name":"bone_metal_metalhead 16",
          "from":[
            -9.4105886220932,
            0.014223799109458923,
            -1.2649388909339905
          ],
          "to":[
            -8.911290764808655,
            0.5135216861963272,
            0.6801502108573914
          ],
          "rotationOrigin":[
            -9.160939693450928,
            0.26387274265289307,
            -0.29239434003829956
          ],
          "rotationX":89.999995674289,
          "rotationY":1.945016563240987e-06,
          "rotationZ":-47.49693399768815,
          "group":"bone_metal_metalhead",
          "faces":{
            "north":{
              "texture":"#material",
              "uv":[
                16.0,
                8.000001907348633,
                15.0,
                9.0
              ],
              "autoUv":false,
              "rotation":90
            },
            "east":{
              "texture":"#material",
              "uv":[
                12.0,
                8.000001907348633,
                11.0,
                10.000001907348633
              ],
              "autoUv":false,
              "rotation":90
            },
            "south":{
              "texture":"#material",
              "uv":[
                18.0,
                8.000001907348633,
                17.0,
                9.0
              ],
              "autoUv":false,
              "rotation":90
            },
            "west":{
              "texture":"#material",
              "uv":[
                14.0,
                8.000001907348633,
                13.0,
                10.000001907348633
              ],
              "autoUv":false,
              "rotation":90
            },
            "up":{
              "texture":"#material",
              "uv":[
                14.0,
                9.0,
                12.0,
                11.0
              ],
              "autoUv":false,
              "rotation":270
            },
            "down":{
              "texture":"#material",
              "uv":[
                12.0,
                11.0,
                14.0,
                9.0
              ],
              "autoUv":false,
              "rotation":270
            }
          },
          "children":[]
        },
        {
          "name":"bone_metal_metalhead 17",
          "from":[
            -9.774940550327301,
            -0.5809358358383179,
            -0.8140141367912292
          ],
          "to":[
            -8.610555589199066,
            1.1306613683700562,
            0.19482547044754028
          ],
          "rotationOrigin":[
            -9.192748069763184,
            0.27486276626586914,
            -0.3095943331718445
          ],
          "rotationY":0.30298316283737237,
          "group":"bone_metal_metalhead",
          "faces":{
            "north":{
              "texture":"#material",
              "uv":[
                13.0,
                14.0,
                14.999999046325684,
                17.0
              ],
              "autoUv":false,
              "rotation":180
            },
            "east":{
              "texture":"#material",
              "uv":[
                13.0,
                10.0,
                14.999999046325684,
                14.0
              ],
              "autoUv":false,
              "rotation":180
            },
            "south":{
              "texture":"#material",
              "uv":[
                14.999999046325684,
                14.0,
                18.0,
                17.0
              ],
              "autoUv":false,
              "rotation":180
            },
            "west":{
              "texture":"#material",
              "uv":[
                14.999999046325684,
                10.0,
                17.0,
                14.0
              ],
              "autoUv":false,
              "rotation":180
            },
            "up":{
              "texture":"#material",
              "uv":[
                18.0,
                12.0,
                20.0,
                14.0
              ],
              "autoUv":false,
              "rotation":90
            },
            "down":{
              "texture":"#material",
              "uv":[
                20.0,
                17.000000953674316,
                18.0,
                14.0
              ],
              "autoUv":false,
              "rotation":90
            }
          },
          "children":[]
        },
        {
          "name":"bone_metal_metalhead 18",
          "from":[
            -15.615914762020111,
            -0.33918535709381104,
            0.18551546335220337
          ],
          "to":[
            -14.35363632440567,
            0.8889108896255493,
            1.2791715264320374
          ],
          "rotationOrigin":[
            -14.98477554321289,
            0.27486276626586914,
            0.7323434948921204
          ],
          "rotationY":-85.11507853084173,
          "group":"bone_metal_metalhead",
          "faces":{
            "north":{
              "texture":"#material",
              "uv":[
                13.0,
                14.0,
                14.999999046325684,
                17.0
              ],
              "autoUv":false,
              "rotation":180
            },
            "east":{
              "texture":"#material",
              "uv":[
                13.0,
                10.0,
                14.999999046325684,
                14.0
              ],
              "autoUv":false,
              "rotation":180
            },
            "south":{
              "texture":"#material",
              "uv":[
                14.999999046325684,
                14.0,
                18.0,
                17.0
              ],
              "autoUv":false,
              "rotation":180
            },
            "west":{
              "texture":"#material",
              "uv":[
                14.999999046325684,
                10.0,
                17.0,
                14.0
              ],
              "autoUv":false,
              "rotation":180
            },
            "up":{
              "texture":"#material",
              "uv":[
                18.0,
                12.0,
                20.0,
                14.0
              ],
              "autoUv":false,
              "rotation":90
            },
            "down":{
              "texture":"#material",
              "uv":[
                20.0,
                17.000000953674316,
                18.0,
                14.0
              ],
              "autoUv":false,
              "rotation":90
            }
          },
          "children":[]
        },
        {
          "name":"bone_metal_metalhead 19",
          "from":[
            -17.0319607257843,
            -0.09538078308105469,
            1.258797436952591
          ],
          "to":[
            -14.532382667064667,
            0.645106315612793,
            1.9182232320308685
          ],
          "rotationOrigin":[
            -14.912931442260742,
            0.27486276626586914,
            1.5885103344917297
          ],
          "rotationY":-85.11507853084173,
          "group":"bone_metal_metalhead",
          "faces":{
            "north":{
              "texture":"#material",
              "uv":[
                11.0,
                13.999998092651367,
                14.999999046325684,
                16.0
              ],
              "autoUv":false,
              "rotation":180
            },
            "east":{
              "texture":"#material",
              "uv":[
                13.0,
                10.0,
                14.999999046325684,
                12.0
              ],
              "autoUv":false,
              "rotation":180
            },
            "south":{
              "texture":"#material",
              "uv":[
                14.999999046325684,
                14.0,
                19.0,
                15.999998092651367
              ],
              "autoUv":false,
              "rotation":180
            },
            "west":{
              "texture":"#material",
              "uv":[
                14.999999046325684,
                10.0,
                17.0,
                12.0
              ],
              "autoUv":false,
              "rotation":180
            },
            "up":{
              "texture":"#material",
              "uv":[
                18.0,
                15.0,
                20.0,
                19.000000953674316
              ],
              "autoUv":false,
              "rotation":90
            },
            "down":{
              "texture":"#material",
              "uv":[
                20.0,
                20.0,
                18.0,
                16.0
              ],
              "autoUv":false,
              "rotation":90
            }
          },
          "children":[]
        }
      ]
    }
  ],
  "groups":[]
}