{
  "textureWidth":16,
  "textureHeight":16,
  "textures":{
    "material":"game:item/tool/material/string"
  },
  "textureSizes":{
    "material":[
      32,
      32
    ]
  },
  "elements":[
    {
      "name":"origin",
      "from":[
        11.0,
        0.5,
        7.699999988079071
      ],
      "to":[
        11.0,
        0.5,
        7.699999988079071
      ],
      "rotationOrigin":[
        8.0,
        0.0,
        8.0
      ],
      "group":"bone_string_metalhead",
      "faces":{
        "north":{
          "texture":"#0",
          "uv":[
            0,
            0,
            4,
            4
          ],
          "autoUv":false
        },
        "east":{
          "texture":"#0",
          "uv":[
            0,
            0,
            4,
            4
          ],
          "autoUv":false
        },
        "south":{
          "texture":"#0",
          "uv":[
            0,
            0,
            4,
            4
          ],
          "autoUv":false
        },
        "west":{
          "texture":"#0",
          "uv":[
            0,
            0,
            4,
            4
          ],
          "autoUv":false
        },
        "up":{
          "texture":"#material",
          "uv":[
            0.0,
            0.0,
            1.0,
            1.0
          ],
          "autoUv":false,
          "rotation":180
        },
        "down":{
          "texture":"#0",
          "uv":[
            0,
            0,
            4,
            4
          ],
          "autoUv":false
        }
      },
      "children":[
        {
          "name":"bone_string_metalhead 01",
          "from":[
            -5.93570739030838,
            0.09636896848678589,
            -0.12004756927490234
          ],
          "to":[
            -4.68486750125885,
            0.4404612183570862,
            1.0010229349136353
          ],
          "rotationOrigin":[
            -5.3102874755859375,
            0.26841509342193604,
            0.44048768281936646
          ],
          "rotationX":91.23072063064443,
          "rotationY":-2.2247179039557405,
          "rotationZ":-82.67666001601215,
          "group":"bone_string_metalhead",
          "faces":{
            "north":{
              "texture":"#material",
              "uv":[
                13.001031875610352,
                0.0,
                17.00102996826172,
                1.0
              ],
              "autoUv":false
            },
            "east":{
              "texture":"#material",
              "uv":[
                8.05274486541748,
                0.0,
                11.040260314941406,
                1.0
              ],
              "autoUv":false,
              "rotation":180
            },
            "south":{
              "texture":"#material",
              "uv":[
                5.00078821182251,
                4.0,
                9.000787734985352,
                5.0
              ],
              "autoUv":false,
              "rotation":180
            },
            "west":{
              "texture":"#material",
              "uv":[
                0.0,
                5.00030517578125,
                3.0402615070343018,
                5.997392654418945
              ],
              "autoUv":false
            },
            "up":{
              "texture":"#material",
              "uv":[
                0.0,
                4.0,
                4.0,
                7.000001907348633
              ],
              "autoUv":false
            },
            "down":{
              "texture":"#material",
              "uv":[
                8.000787734985352,
                7.999998092651367,
                4.0,
                5.0
              ],
              "autoUv":false,
              "rotation":180
            }
          },
          "children":[]
        },
        {
          "name":"bone_string_metalhead 02",
          "from":[
            -4.436381697654724,
            0.0963689535856247,
            -0.09685611724853516
          ],
          "to":[
            -3.1855416893959045,
            0.4404612332582474,
            1.0242143869400024
          ],
          "rotationOrigin":[
            -3.8109617233276367,
            0.26841509342193604,
            0.46367913484573364
          ],
          "rotationX":90.66372613707415,
          "rotationY":-2.4541663697346827,
          "rotationZ":-96.49949440544641,
          "group":"bone_string_metalhead",
          "faces":{
            "north":{
              "texture":"#material",
              "uv":[
                5.999999523162842,
                0.0,
                2.0000007152557373,
                1.0
              ],
              "autoUv":false
            },
            "east":{
              "texture":"#material",
              "uv":[
                10.792072296142578,
                0.0,
                8.0,
                1.0
              ],
              "autoUv":false,
              "rotation":180
            },
            "south":{
              "texture":"#material",
              "uv":[
                13.999998092651367,
                4.0,
                9.999999046325684,
                5.0
              ],
              "autoUv":false,
              "rotation":180
            },
            "west":{
              "texture":"#material",
              "uv":[
                19.0,
                5.00030517578125,
                15.999999046325684,
                5.997392654418945
              ],
              "autoUv":false
            },
            "up":{
              "texture":"#material",
              "uv":[
                19.0,
                4.0,
                15.0,
                7.000001907348633
              ],
              "autoUv":false
            },
            "down":{
              "texture":"#material",
              "uv":[
                11.000121116638184,
                7.999998092651367,
                15.0,
                5.0
              ],
              "autoUv":false,
              "rotation":180
            }
          },
          "children":[]
        },
        {
          "name":"bone_string_metalhead 03",
          "from":[
            -2.878494679927826,
            0.0963689535856247,
            0.010663032531738281
          ],
          "to":[
            -1.6276545524597168,
            0.4404612332582474,
            1.1317335367202759
          ],
          "rotationOrigin":[
            -2.2530746459960938,
            0.26841509342193604,
            0.5711982846260071
          ],
          "rotationX":91.39642101990893,
          "rotationY":-2.1246381302553052,
          "rotationZ":-78.31176615521298,
          "group":"bone_string_metalhead",
          "faces":{
            "north":{
              "texture":"#material",
              "uv":[
                5.999999523162842,
                0.0,
                2.0000007152557373,
                1.0
              ],
              "autoUv":false
            },
            "east":{
              "texture":"#material",
              "uv":[
                10.792072296142578,
                0.0,
                8.0,
                1.0
              ],
              "autoUv":false,
              "rotation":180
            },
            "south":{
              "texture":"#material",
              "uv":[
                13.999998092651367,
                4.0,
                9.999999046325684,
                5.0
              ],
              "autoUv":false,
              "rotation":180
            },
            "west":{
              "texture":"#material",
              "uv":[
                19.0,
                5.00030517578125,
                15.999999046325684,
                5.997392654418945
              ],
              "autoUv":false
            },
            "up":{
              "texture":"#material",
              "uv":[
                19.0,
                4.0,
                15.0,
                7.000001907348633
              ],
              "autoUv":false
            },
            "down":{
              "texture":"#material",
              "uv":[
                11.000121116638184,
                7.999998092651367,
                15.0,
                5.0
              ],
              "autoUv":false,
              "rotation":180
            }
          },
          "children":[]
        },
        {
          "name":"bone_string_metalhead 04",
          "from":[
            -1.325106918811798,
            0.09636896848678589,
            -0.004494667053222656
          ],
          "to":[
            -0.07426702976226807,
            0.4404612183570862,
            1.116575837135315
          ],
          "rotationOrigin":[
            -0.6996870040893555,
            0.26841509342193604,
            0.5560405850410461
          ],
          "rotationX":90.59380549054073,
          "rotationY":-2.4720027684219366,
          "rotationZ":-98.12692357898536,
          "group":"bone_string_metalhead",
          "faces":{
            "north":{
              "texture":"#material",
              "uv":[
                13.001031875610352,
                0.0,
                17.00102996826172,
                1.0
              ],
              "autoUv":false
            },
            "east":{
              "texture":"#material",
              "uv":[
                8.05274486541748,
                0.0,
                11.040260314941406,
                1.0
              ],
              "autoUv":false,
              "rotation":180
            },
            "south":{
              "texture":"#material",
              "uv":[
                5.00078821182251,
                4.0,
                9.000787734985352,
                5.0
              ],
              "autoUv":false,
              "rotation":180
            },
            "west":{
              "texture":"#material",
              "uv":[
                0.0,
                5.00030517578125,
                3.0402615070343018,
                5.997392654418945
              ],
              "autoUv":false
            },
            "up":{
              "texture":"#material",
              "uv":[
                0.0,
                4.0,
                4.0,
                7.000001907348633
              ],
              "autoUv":false
            },
            "down":{
              "texture":"#material",
              "uv":[
                8.000787734985352,
                7.999998092651367,
                4.0,
                5.0
              ],
              "autoUv":false,
              "rotation":180
            }
          },
          "children":[]
        },
        {
          "name":"bone_string_metalhead 05",
          "from":[
            0.18423908948898315,
            0.09636896848678589,
            -0.025129318237304688
          ],
          "to":[
            1.4350789785385132,
            0.4404612183570862,
            1.095941185951233
          ],
          "rotationOrigin":[
            0.8096590042114258,
            0.26841509342193604,
            0.5354059338569641
          ],
          "rotationX":91.16956311681614,
          "rotationY":-2.2574488107886763,
          "rotationZ":-84.24051378875662,
          "group":"bone_string_metalhead",
          "faces":{
            "north":{
              "texture":"#material",
              "uv":[
                5.999999523162842,
                0.0,
                2.0000007152557373,
                1.0
              ],
              "autoUv":false
            },
            "east":{
              "texture":"#material",
              "uv":[
                10.792072296142578,
                0.0,
                8.0,
                1.0
              ],
              "autoUv":false,
              "rotation":180
            },
            "south":{
              "texture":"#material",
              "uv":[
                13.999998092651367,
                4.0,
                9.999999046325684,
                5.0
              ],
              "autoUv":false,
              "rotation":180
            },
            "west":{
              "texture":"#material",
              "uv":[
                19.0,
                5.00030517578125,
                15.999999046325684,
                5.997392654418945
              ],
              "autoUv":false
            },
            "up":{
              "texture":"#material",
              "uv":[
                19.0,
                4.0,
                15.0,
                7.000001907348633
              ],
              "autoUv":false
            },
            "down":{
              "texture":"#material",
              "uv":[
                11.000121116638184,
                7.999998092651367,
                15.0,
                5.0
              ],
              "autoUv":false,
              "rotation":180
            }
          },
          "children":[]
        },
        {
          "name":"bone_string_metalhead 06",
          "from":[
            1.6593902111053467,
            0.09636898338794708,
            0.22234344482421875
          ],
          "to":[
            2.910229980945587,
            0.440461203455925,
            1.3434139490127563
          ],
          "rotationOrigin":[
            2.2848100662231445,
            0.26841509342193604,
            0.7828786969184875
          ],
          "rotationX":90.92866234478979,
          "rotationY":-2.3666857337319827,
          "rotationZ":-90.20602833060244,
          "group":"bone_string_metalhead",
          "faces":{
            "north":{
              "texture":"#material",
              "uv":[
                5.999999523162842,
                0.0,
                2.0000007152557373,
                1.0
              ],
              "autoUv":false
            },
            "east":{
              "texture":"#material",
              "uv":[
                10.792072296142578,
                0.0,
                8.0,
                1.0
              ],
              "autoUv":false,
              "rotation":180
            },
            "south":{
              "texture":"#material",
              "uv":[
                13.999998092651367,
                4.0,
                9.999999046325684,
                5.0
              ],
              "autoUv":false,
              "rotation":180
            },
            "west":{
              "texture":"#material",
              "uv":[
                19.0,
                5.00030517578125,
                15.999999046325684,
                5.997392654418945
              ],
              "autoUv":false
            },
            "up":{
              "texture":"#material",
              "uv":[
                19.0,
                4.0,
                15.0,
                7.000001907348633
              ],
              "autoUv":false
            },
            "down":{
              "texture":"#material",
              "uv":[
                11.000121116638184,
                7.999998092651367,
                15.0,
                5.0
              ],
              "autoUv":false,
              "rotation":180
            }
          },
          "children":[]
        },
        {
          "name":"bone_string_metalhead 07",
          "from":[
            3.187477707862854,
            0.0963689535856247,
            0.4273500442504883
          ],
          "to":[
            4.438317716121674,
            0.4404612332582474,
            1.5484205484390259
          ],
          "rotationOrigin":[
            3.8128976821899414,
            0.26841509342193604,
            0.9878852963447571
          ],
          "rotationX":91.60159307238695,
          "rotationY":-1.9746194284383223,
          "rotationZ":-72.57985091317076,
          "group":"bone_string_metalhead",
          "faces":{
            "north":{
              "texture":"#material",
              "uv":[
                13.001031875610352,
                0.0,
                17.00102996826172,
                1.0
              ],
              "autoUv":false
            },
            "east":{
              "texture":"#material",
              "uv":[
                8.05274486541748,
                0.0,
                11.040260314941406,
                1.0
              ],
              "autoUv":false,
              "rotation":180
            },
            "south":{
              "texture":"#material",
              "uv":[
                5.00078821182251,
                4.0,
                9.000787734985352,
                5.0
              ],
              "autoUv":false,
              "rotation":180
            },
            "west":{
              "texture":"#material",
              "uv":[
                0.0,
                5.00030517578125,
                3.0402615070343018,
                5.997392654418945
              ],
              "autoUv":false
            },
            "up":{
              "texture":"#material",
              "uv":[
                0.0,
                4.0,
                4.0,
                7.000001907348633
              ],
              "autoUv":false
            },
            "down":{
              "texture":"#material",
              "uv":[
                8.000787734985352,
                7.999998092651367,
                4.0,
                5.0
              ],
              "autoUv":false,
              "rotation":180
            }
          },
          "children":[]
        },
        {
          "name":"bone_string_metalhead 08",
          "from":[
            4.716993033885956,
            0.0963689386844635,
            0.6477060317993164
          ],
          "to":[
            5.967832922935486,
            0.44046124815940857,
            1.768776535987854
          ],
          "rotationOrigin":[
            5.342412948608398,
            0.26841509342193604,
            1.2082412838935852
          ],
          "rotationX":90.99236751917849,
          "rotationY":-2.3407137259695974,
          "rotationZ":-88.6548104078225,
          "group":"bone_string_metalhead",
          "faces":{
            "north":{
              "texture":"#material",
              "uv":[
                5.999999523162842,
                0.0,
                2.0000007152557373,
                1.0
              ],
              "autoUv":false
            },
            "east":{
              "texture":"#material",
              "uv":[
                10.792072296142578,
                0.0,
                8.0,
                1.0
              ],
              "autoUv":false,
              "rotation":180
            },
            "south":{
              "texture":"#material",
              "uv":[
                13.999998092651367,
                4.0,
                9.999999046325684,
                5.0
              ],
              "autoUv":false,
              "rotation":180
            },
            "west":{
              "texture":"#material",
              "uv":[
                19.0,
                5.00030517578125,
                15.999999046325684,
                5.997392654418945
              ],
              "autoUv":false
            },
            "up":{
              "texture":"#material",
              "uv":[
                19.0,
                4.0,
                15.0,
                7.000001907348633
              ],
              "autoUv":false
            },
            "down":{
              "texture":"#material",
              "uv":[
                11.000121116638184,
                7.999998092651367,
                15.0,
                5.0
              ],
              "autoUv":false,
              "rotation":180
            }
          },
          "children":[]
        },
        {
          "name":"bone_string_metalhead 09",
          "from":[
            6.245160698890686,
            0.0963689535856247,
            0.8618011474609375
          ],
          "to":[
            7.496000707149506,
            0.4404612332582474,
            1.982871651649475
          ],
          "rotationOrigin":[
            6.870580673217773,
            0.26841509342193604,
            1.4223363995552063
          ],
          "rotationX":91.56757873032028,
          "rotationY":-2.0017243938292832,
          "rotationZ":-73.56012649304017,
          "group":"bone_string_metalhead",
          "faces":{
            "north":{
              "texture":"#material",
              "uv":[
                13.001031875610352,
                0.0,
                17.00102996826172,
                1.0
              ],
              "autoUv":false
            },
            "east":{
              "texture":"#material",
              "uv":[
                8.05274486541748,
                0.0,
                11.040260314941406,
                1.0
              ],
              "autoUv":false,
              "rotation":180
            },
            "south":{
              "texture":"#material",
              "uv":[
                5.00078821182251,
                4.0,
                9.000787734985352,
                5.0
              ],
              "autoUv":false,
              "rotation":180
            },
            "west":{
              "texture":"#material",
              "uv":[
                0.0,
                5.00030517578125,
                3.0402615070343018,
                5.997392654418945
              ],
              "autoUv":false
            },
            "up":{
              "texture":"#material",
              "uv":[
                0.0,
                4.0,
                4.0,
                7.000001907348633
              ],
              "autoUv":false
            },
            "down":{
              "texture":"#material",
              "uv":[
                8.000787734985352,
                7.999998092651367,
                4.0,
                5.0
              ],
              "autoUv":false,
              "rotation":180
            }
          },
          "children":[]
        },
        {
          "name":"bone_string_metalhead 10",
          "from":[
            -6.03190952539444,
            0.0682835727930069,
            -0.23013484477996826
          ],
          "to":[
            -4.577643692493439,
            0.4683360904455185,
            1.0732569694519043
          ],
          "rotationOrigin":[
            -5.304776668548584,
            0.2683098316192627,
            0.421561062335968
          ],
          "rotationX":92.36106912695735,
          "rotationY":0.9428937410985087,
          "rotationZ":0.11959430451003575,
          "group":"bone_string_metalhead",
          "faces":{
            "north":{
              "texture":"#material",
              "uv":[
                13.001031875610352,
                0.0,
                17.00102996826172,
                1.0
              ],
              "autoUv":false
            },
            "east":{
              "texture":"#material",
              "uv":[
                8.05274486541748,
                0.0,
                11.040260314941406,
                1.0
              ],
              "autoUv":false,
              "rotation":180
            },
            "south":{
              "texture":"#material",
              "uv":[
                5.00078821182251,
                4.0,
                9.000787734985352,
                5.0
              ],
              "autoUv":false,
              "rotation":180
            },
            "west":{
              "texture":"#material",
              "uv":[
                0.0,
                5.00030517578125,
                3.0402615070343018,
                5.997392654418945
              ],
              "autoUv":false
            },
            "up":{
              "texture":"#material",
              "uv":[
                0.0,
                4.0,
                4.0,
                7.000001907348633
              ],
              "autoUv":false
            },
            "down":{
              "texture":"#material",
              "uv":[
                8.000787734985352,
                7.999998092651367,
                4.0,
                5.0
              ],
              "autoUv":false,
              "rotation":180
            }
          },
          "children":[]
        },
        {
          "name":"bone_string_metalhead 11",
          "from":[
            -4.614675402641296,
            0.06828361749649048,
            -0.17373263835906982
          ],
          "to":[
            -3.160409927368164,
            0.4683360457420349,
            1.1296591758728027
          ],
          "rotationOrigin":[
            -3.887542724609375,
            0.2683098316192627,
            0.47796326875686646
          ],
          "rotationX":92.2764157623842,
          "rotationY":1.1321645795802031,
          "rotationZ":4.7921025565896125,
          "group":"bone_string_metalhead",
          "faces":{
            "north":{
              "texture":"#material",
              "uv":[
                13.001031875610352,
                0.0,
                17.00102996826172,
                1.0
              ],
              "autoUv":false
            },
            "east":{
              "texture":"#material",
              "uv":[
                8.05274486541748,
                0.0,
                11.040260314941406,
                1.0
              ],
              "autoUv":false,
              "rotation":180
            },
            "south":{
              "texture":"#material",
              "uv":[
                5.00078821182251,
                4.0,
                9.000787734985352,
                5.0
              ],
              "autoUv":false,
              "rotation":180
            },
            "west":{
              "texture":"#material",
              "uv":[
                0.0,
                5.00030517578125,
                3.0402615070343018,
                5.997392654418945
              ],
              "autoUv":false
            },
            "up":{
              "texture":"#material",
              "uv":[
                0.0,
                4.0,
                4.0,
                7.000001907348633
              ],
              "autoUv":false
            },
            "down":{
              "texture":"#material",
              "uv":[
                8.000787734985352,
                7.999998092651367,
                4.0,
                5.0
              ],
              "autoUv":false,
              "rotation":180
            }
          },
          "children":[]
        },
        {
          "name":"bone_string_metalhead 12",
          "from":[
            -3.18822580575943,
            0.0682835727930069,
            -0.07487189769744873
          ],
          "to":[
            -1.733959972858429,
            0.4683360904455185,
            1.2285199165344238
          ],
          "rotationOrigin":[
            -2.461092948913574,
            0.2683098316192627,
            0.5768240094184875
          ],
          "rotationX":92.31667972754143,
          "rotationY":1.0472888069722166,
          "rotationZ":2.67548008021214,
          "group":"bone_string_metalhead",
          "faces":{
            "north":{
              "texture":"#material",
              "uv":[
                13.001031875610352,
                0.0,
                17.00102996826172,
                1.0
              ],
              "autoUv":false
            },
            "east":{
              "texture":"#material",
              "uv":[
                8.05274486541748,
                0.0,
                11.040260314941406,
                1.0
              ],
              "autoUv":false,
              "rotation":180
            },
            "south":{
              "texture":"#material",
              "uv":[
                5.00078821182251,
                4.0,
                9.000787734985352,
                5.0
              ],
              "autoUv":false,
              "rotation":180
            },
            "west":{
              "texture":"#material",
              "uv":[
                0.0,
                5.00030517578125,
                3.0402615070343018,
                5.997392654418945
              ],
              "autoUv":false
            },
            "up":{
              "texture":"#material",
              "uv":[
                0.0,
                4.0,
                4.0,
                7.000001907348633
              ],
              "autoUv":false
            },
            "down":{
              "texture":"#material",
              "uv":[
                8.000787734985352,
                7.999998092651367,
                4.0,
                5.0
              ],
              "autoUv":false,
              "rotation":180
            }
          },
          "children":[]
        },
        {
          "name":"bone_string_metalhead 13",
          "from":[
            -1.7687845826148987,
            0.0682835727930069,
            -0.04661834239959717
          ],
          "to":[
            -0.3145187497138977,
            0.4683360904455185,
            1.2567734718322754
          ],
          "rotationOrigin":[
            -1.041651725769043,
            0.2683098316192627,
            0.6050775647163391
          ],
          "rotationX":92.35625384359248,
          "rotationY":0.9548717584685954,
          "rotationZ":0.4104151816120765,
          "group":"bone_string_metalhead",
          "faces":{
            "north":{
              "texture":"#material",
              "uv":[
                13.001031875610352,
                0.0,
                17.00102996826172,
                1.0
              ],
              "autoUv":false
            },
            "east":{
              "texture":"#material",
              "uv":[
                8.05274486541748,
                0.0,
                11.040260314941406,
                1.0
              ],
              "autoUv":false,
              "rotation":180
            },
            "south":{
              "texture":"#material",
              "uv":[
                5.00078821182251,
                4.0,
                9.000787734985352,
                5.0
              ],
              "autoUv":false,
              "rotation":180
            },
            "west":{
              "texture":"#material",
              "uv":[
                0.0,
                5.00030517578125,
                3.0402615070343018,
                5.997392654418945
              ],
              "autoUv":false
            },
            "up":{
              "texture":"#material",
              "uv":[
                0.0,
                4.0,
                4.0,
                7.000001907348633
              ],
              "autoUv":false
            },
            "down":{
              "texture":"#material",
              "uv":[
                8.000787734985352,
                7.999998092651367,
                4.0,
                5.0
              ],
              "autoUv":false,
              "rotation":180
            }
          },
          "children":[]
        },
        {
          "name":"bone_string_metalhead 14",
          "from":[
            -0.37271296977996826,
            0.0682835727930069,
            0.0309525728225708
          ],
          "to":[
            1.081552505493164,
            0.4683360904455185,
            1.3343443870544434
          ],
          "rotationOrigin":[
            0.3544197082519531,
            0.2683098316192627,
            0.6826484799385071
          ],
          "rotationX":92.27147070542512,
          "rotationY":1.1420593892534359,
          "rotationZ":5.041303289117997,
          "group":"bone_string_metalhead",
          "faces":{
            "north":{
              "texture":"#material",
              "uv":[
                13.001031875610352,
                0.0,
                17.00102996826172,
                1.0
              ],
              "autoUv":false
            },
            "east":{
              "texture":"#material",
              "uv":[
                8.05274486541748,
                0.0,
                11.040260314941406,
                1.0
              ],
              "autoUv":false,
              "rotation":180
            },
            "south":{
              "texture":"#material",
              "uv":[
                5.00078821182251,
                4.0,
                9.000787734985352,
                5.0
              ],
              "autoUv":false,
              "rotation":180
            },
            "west":{
              "texture":"#material",
              "uv":[
                0.0,
                5.00030517578125,
                3.0402615070343018,
                5.997392654418945
              ],
              "autoUv":false
            },
            "up":{
              "texture":"#material",
              "uv":[
                0.0,
                4.0,
                4.0,
                7.000001907348633
              ],
              "autoUv":false
            },
            "down":{
              "texture":"#material",
              "uv":[
                8.000787734985352,
                7.999998092651367,
                4.0,
                5.0
              ],
              "autoUv":false,
              "rotation":180
            }
          },
          "children":[]
        },
        {
          "name":"bone_string_metalhead 15",
          "from":[
            1.010840356349945,
            0.0682835727930069,
            0.15095436573028564
          ],
          "to":[
            2.465106189250946,
            0.4683360904455185,
            1.4543461799621582
          ],
          "rotationOrigin":[
            1.7379732131958008,
            0.2683098316192627,
            0.8026502728462219
          ],
          "rotationX":92.27922980032226,
          "rotationY":1.1265069417916111,
          "rotationZ":4.649728117114343,
          "group":"bone_string_metalhead",
          "faces":{
            "north":{
              "texture":"#material",
              "uv":[
                13.001031875610352,
                0.0,
                17.00102996826172,
                1.0
              ],
              "autoUv":false
            },
            "east":{
              "texture":"#material",
              "uv":[
                8.05274486541748,
                0.0,
                11.040260314941406,
                1.0
              ],
              "autoUv":false,
              "rotation":180
            },
            "south":{
              "texture":"#material",
              "uv":[
                5.00078821182251,
                4.0,
                9.000787734985352,
                5.0
              ],
              "autoUv":false,
              "rotation":180
            },
            "west":{
              "texture":"#material",
              "uv":[
                0.0,
                5.00030517578125,
                3.0402615070343018,
                5.997392654418945
              ],
              "autoUv":false
            },
            "up":{
              "texture":"#material",
              "uv":[
                0.0,
                4.0,
                4.0,
                7.000001907348633
              ],
              "autoUv":false
            },
            "down":{
              "texture":"#material",
              "uv":[
                8.000787734985352,
                7.999998092651367,
                4.0,
                5.0
              ],
              "autoUv":false,
              "rotation":180
            }
          },
          "children":[]
        },
        {
          "name":"bone_string_metalhead 16",
          "from":[
            2.4068480730056763,
            0.06828358769416809,
            0.3131047487258911
          ],
          "to":[
            3.8611135482788086,
            0.4683360755443573,
            1.6164965629577637
          ],
          "rotationOrigin":[
            3.1339807510375977,
            0.2683098316192627,
            0.9648006558418274
          ],
          "rotationX":92.17544507588391,
          "rotationY":1.3158514182502947,
          "rotationZ":9.516208872444455,
          "group":"bone_string_metalhead",
          "faces":{
            "north":{
              "texture":"#material",
              "uv":[
                13.001031875610352,
                0.0,
                17.00102996826172,
                1.0
              ],
              "autoUv":false
            },
            "east":{
              "texture":"#material",
              "uv":[
                8.05274486541748,
                0.0,
                11.040260314941406,
                1.0
              ],
              "autoUv":false,
              "rotation":180
            },
            "south":{
              "texture":"#material",
              "uv":[
                5.00078821182251,
                4.0,
                9.000787734985352,
                5.0
              ],
              "autoUv":false,
              "rotation":180
            },
            "west":{
              "texture":"#material",
              "uv":[
                0.0,
                5.00030517578125,
                3.0402615070343018,
                5.997392654418945
              ],
              "autoUv":false
            },
            "up":{
              "texture":"#material",
              "uv":[
                0.0,
                4.0,
                4.0,
                7.000001907348633
              ],
              "autoUv":false
            },
            "down":{
              "texture":"#material",
              "uv":[
                8.000787734985352,
                7.999998092651367,
                4.0,
                5.0
              ],
              "autoUv":false,
              "rotation":180
            }
          },
          "children":[]
        },
        {
          "name":"bone_string_metalhead 17",
          "from":[
            3.7916173934936523,
            0.0682835727930069,
            0.49679386615753174
          ],
          "to":[
            5.245883107185364,
            0.4683360904455185,
            1.8001856803894043
          ],
          "rotationOrigin":[
            4.518750190734863,
            0.2683098316192627,
            1.148489773273468
          ],
          "rotationX":92.2669422900054,
          "rotationY":1.151020384001081,
          "rotationZ":5.267497810087663,
          "group":"bone_string_metalhead",
          "faces":{
            "north":{
              "texture":"#material",
              "uv":[
                13.001031875610352,
                0.0,
                17.00102996826172,
                1.0
              ],
              "autoUv":false
            },
            "east":{
              "texture":"#material",
              "uv":[
                8.05274486541748,
                0.0,
                11.040260314941406,
                1.0
              ],
              "autoUv":false,
              "rotation":180
            },
            "south":{
              "texture":"#material",
              "uv":[
                5.00078821182251,
                4.0,
                9.000787734985352,
                5.0
              ],
              "autoUv":false,
              "rotation":180
            },
            "west":{
              "texture":"#material",
              "uv":[
                0.0,
                5.00030517578125,
                3.0402615070343018,
                5.997392654418945
              ],
              "autoUv":false
            },
            "up":{
              "texture":"#material",
              "uv":[
                0.0,
                4.0,
                4.0,
                7.000001907348633
              ],
              "autoUv":false
            },
            "down":{
              "texture":"#material",
              "uv":[
                8.000787734985352,
                7.999998092651367,
                4.0,
                5.0
              ],
              "autoUv":false,
              "rotation":180
            }
          },
          "children":[]
        },
        {
          "name":"bone_string_metalhead 18",
          "from":[
            5.145891308784485,
            0.0682835727930069,
            0.6519681215286255
          ],
          "to":[
            6.600156784057617,
            0.4683360904455185,
            1.955359935760498
          ],
          "rotationOrigin":[
            5.873023986816406,
            0.2683098316192627,
            1.3036640286445618
          ],
          "rotationX":92.20548424785362,
          "rotationY":1.264860427558153,
          "rotationZ":8.182780922860484,
          "group":"bone_string_metalhead",
          "faces":{
            "north":{
              "texture":"#material",
              "uv":[
                13.001031875610352,
                0.0,
                17.00102996826172,
                1.0
              ],
              "autoUv":false
            },
            "east":{
              "texture":"#material",
              "uv":[
                8.05274486541748,
                0.0,
                11.040260314941406,
                1.0
              ],
              "autoUv":false,
              "rotation":180
            },
            "south":{
              "texture":"#material",
              "uv":[
                5.00078821182251,
                4.0,
                9.000787734985352,
                5.0
              ],
              "autoUv":false,
              "rotation":180
            },
            "west":{
              "texture":"#material",
              "uv":[
                0.0,
                5.00030517578125,
                3.0402615070343018,
                5.997392654418945
              ],
              "autoUv":false
            },
            "up":{
              "texture":"#material",
              "uv":[
                0.0,
                4.0,
                4.0,
                7.000001907348633
              ],
              "autoUv":false
            },
            "down":{
              "texture":"#material",
              "uv":[
                8.000787734985352,
                7.999998092651367,
                4.0,
                5.0
              ],
              "autoUv":false,
              "rotation":180
            }
          },
          "children":[]
        },
        {
          "name":"bone_string_metalhead 19",
          "from":[
            6.576023042201996,
            0.0682835727930069,
            0.8261739015579224
          ],
          "to":[
            8.030288875102997,
            0.4683360904455185,
            2.129565715789795
          ],
          "rotationOrigin":[
            7.303155899047852,
            0.2683098316192627,
            1.4778698086738586
          ],
          "rotationX":92.26072681786069,
          "rotationY":1.1631803618795253,
          "rotationZ":5.575175634081935,
          "group":"bone_string_metalhead",
          "faces":{
            "north":{
              "texture":"#material",
              "uv":[
                13.001031875610352,
                0.0,
                17.00102996826172,
                1.0
              ],
              "autoUv":false
            },
            "east":{
              "texture":"#material",
              "uv":[
                8.05274486541748,
                0.0,
                11.040260314941406,
                1.0
              ],
              "autoUv":false,
              "rotation":180
            },
            "south":{
              "texture":"#material",
              "uv":[
                5.00078821182251,
                4.0,
                9.000787734985352,
                5.0
              ],
              "autoUv":false,
              "rotation":180
            },
            "west":{
              "texture":"#material",
              "uv":[
                0.0,
                5.00030517578125,
                3.0402615070343018,
                5.997392654418945
              ],
              "autoUv":false
            },
            "up":{
              "texture":"#material",
              "uv":[
                0.0,
                4.0,
                4.0,
                7.000001907348633
              ],
              "autoUv":false
            },
            "down":{
              "texture":"#material",
              "uv":[
                8.000787734985352,
                7.999998092651367,
                4.0,
                5.0
              ],
              "autoUv":false,
              "rotation":180
            }
          },
          "children":[]
        },
        {
          "name":"bone_string_metalhead 20",
          "from":[
            7.951404511928558,
            0.06828361749649048,
            0.9966260194778442
          ],
          "to":[
            9.40567034482956,
            0.4683360457420349,
            2.300017833709717
          ],
          "rotationOrigin":[
            8.678537368774414,
            0.2683098316192627,
            1.6483219265937805
          ],
          "rotationX":92.1939207375888,
          "rotationY":1.2847962556415393,
          "rotationZ":8.70193762525763,
          "group":"bone_string_metalhead",
          "faces":{
            "north":{
              "texture":"#material",
              "uv":[
                13.001031875610352,
                0.0,
                17.00102996826172,
                1.0
              ],
              "autoUv":false
            },
            "east":{
              "texture":"#material",
              "uv":[
                8.05274486541748,
                0.0,
                11.040260314941406,
                1.0
              ],
              "autoUv":false,
              "rotation":180
            },
            "south":{
              "texture":"#material",
              "uv":[
                5.00078821182251,
                4.0,
                9.000787734985352,
                5.0
              ],
              "autoUv":false,
              "rotation":180
            },
            "west":{
              "texture":"#material",
              "uv":[
                0.0,
                5.00030517578125,
                3.0402615070343018,
                5.997392654418945
              ],
              "autoUv":false
            },
            "up":{
              "texture":"#material",
              "uv":[
                0.0,
                4.0,
                4.0,
                7.000001907348633
              ],
              "autoUv":false
            },
            "down":{
              "texture":"#material",
              "uv":[
                8.000787734985352,
                7.999998092651367,
                4.0,
                5.0
              ],
              "autoUv":false,
              "rotation":180
            }
          },
          "children":[]
        },
        {
          "name":"bone_string_metalhead 21",
          "from":[
            9.374830186367035,
            0.06828361749649048,
            1.2142573595046997
          ],
          "to":[
            10.829096019268036,
            0.4683360457420349,
            2.5176491737365723
          ],
          "rotationOrigin":[
            10.10196304321289,
            0.2683098316192627,
            1.865953266620636
          ],
          "rotationX":92.1939207375888,
          "rotationY":1.2847962556415393,
          "rotationZ":8.70193762525763,
          "group":"bone_string_metalhead",
          "faces":{
            "north":{
              "texture":"#material",
              "uv":[
                13.001031875610352,
                0.0,
                17.00102996826172,
                1.0
              ],
              "autoUv":false
            },
            "east":{
              "texture":"#material",
              "uv":[
                8.05274486541748,
                0.0,
                11.040260314941406,
                1.0
              ],
              "autoUv":false,
              "rotation":180
            },
            "south":{
              "texture":"#material",
              "uv":[
                5.00078821182251,
                4.0,
                9.000787734985352,
                5.0
              ],
              "autoUv":false,
              "rotation":180
            },
            "west":{
              "texture":"#material",
              "uv":[
                0.0,
                5.00030517578125,
                3.0402615070343018,
                5.997392654418945
              ],
              "autoUv":false
            },
            "up":{
              "texture":"#material",
              "uv":[
                0.0,
                4.0,
                4.0,
                7.000001907348633
              ],
              "autoUv":false
            },
            "down":{
              "texture":"#material",
              "uv":[
                8.000787734985352,
                7.999998092651367,
                4.0,
                5.0
              ],
              "autoUv":false,
              "rotation":180
            }
          },
          "children":[]
        },
        {
          "name":"bone_string_metalhead 22",
          "from":[
            10.774726808071136,
            0.06828361749649048,
            1.4318886995315552
          ],
          "to":[
            12.228992640972137,
            0.4683360457420349,
            2.7352805137634277
          ],
          "rotationOrigin":[
            11.501859664916992,
            0.2683098316192627,
            2.0835846066474915
          ],
          "rotationX":92.1939207375888,
          "rotationY":1.2847962556415393,
          "rotationZ":8.70193762525763,
          "group":"bone_string_metalhead",
          "faces":{
            "north":{
              "texture":"#material",
              "uv":[
                13.001031875610352,
                0.0,
                17.00102996826172,
                1.0
              ],
              "autoUv":false
            },
            "east":{
              "texture":"#material",
              "uv":[
                8.05274486541748,
                0.0,
                11.040260314941406,
                1.0
              ],
              "autoUv":false,
              "rotation":180
            },
            "south":{
              "texture":"#material",
              "uv":[
                5.00078821182251,
                4.0,
                9.000787734985352,
                5.0
              ],
              "autoUv":false,
              "rotation":180
            },
            "west":{
              "texture":"#material",
              "uv":[
                0.0,
                5.00030517578125,
                3.0402615070343018,
                5.997392654418945
              ],
              "autoUv":false
            },
            "up":{
              "texture":"#material",
              "uv":[
                0.0,
                4.0,
                4.0,
                7.000001907348633
              ],
              "autoUv":false
            },
            "down":{
              "texture":"#material",
              "uv":[
                8.000787734985352,
                7.999998092651367,
                4.0,
                5.0
              ],
              "autoUv":false,
              "rotation":180
            }
          },
          "children":[]
        },
        {
          "name":"bone_string_metalhead 23",
          "from":[
            12.15697854757309,
            0.06828361749649048,
            1.643637776374817
          ],
          "to":[
            13.61124438047409,
            0.4683360457420349,
            2.9470295906066895
          ],
          "rotationOrigin":[
            12.884111404418945,
            0.2683098316192627,
            2.295333683490753
          ],
          "rotationX":92.1939207375888,
          "rotationY":1.2847962556415393,
          "rotationZ":8.70193762525763,
          "group":"bone_string_metalhead",
          "faces":{
            "north":{
              "texture":"#material",
              "uv":[
                13.001031875610352,
                0.0,
                17.00102996826172,
                1.0
              ],
              "autoUv":false
            },
            "east":{
              "texture":"#material",
              "uv":[
                8.05274486541748,
                0.0,
                11.040260314941406,
                1.0
              ],
              "autoUv":false,
              "rotation":180
            },
            "south":{
              "texture":"#material",
              "uv":[
                5.00078821182251,
                4.0,
                9.000787734985352,
                5.0
              ],
              "autoUv":false,
              "rotation":180
            },
            "west":{
              "texture":"#material",
              "uv":[
                0.0,
                5.00030517578125,
                3.0402615070343018,
                5.997392654418945
              ],
              "autoUv":false
            },
            "up":{
              "texture":"#material",
              "uv":[
                0.0,
                4.0,
                4.0,
                7.000001907348633
              ],
              "autoUv":false
            },
            "down":{
              "texture":"#material",
              "uv":[
                8.000787734985352,
                7.999998092651367,
                4.0,
                5.0
              ],
              "autoUv":false,
              "rotation":180
            }
          },
          "children":[]
        },
        {
          "name":"bone_string_metalhead 24",
          "from":[
            7.763324499130249,
            0.09636896848678589,
            1.0744514465332031
          ],
          "to":[
            9.01416426897049,
            0.4404612183570862,
            2.1955219507217407
          ],
          "rotationOrigin":[
            8.388744354248047,
            0.26841509342193604,
            1.634986698627472
          ],
          "rotationX":90.85431573567419,
          "rotationY":-2.39453177464789,
          "rotationZ":-91.99605698752269,
          "group":"bone_string_metalhead",
          "faces":{
            "north":{
              "texture":"#material",
              "uv":[
                13.001031875610352,
                0.0,
                17.00102996826172,
                1.0
              ],
              "autoUv":false
            },
            "east":{
              "texture":"#material",
              "uv":[
                8.05274486541748,
                0.0,
                11.040260314941406,
                1.0
              ],
              "autoUv":false,
              "rotation":180
            },
            "south":{
              "texture":"#material",
              "uv":[
                5.00078821182251,
                4.0,
                9.000787734985352,
                5.0
              ],
              "autoUv":false,
              "rotation":180
            },
            "west":{
              "texture":"#material",
              "uv":[
                0.0,
                5.00030517578125,
                3.0402615070343018,
                5.997392654418945
              ],
              "autoUv":false
            },
            "up":{
              "texture":"#material",
              "uv":[
                0.0,
                4.0,
                4.0,
                7.000001907348633
              ],
              "autoUv":false
            },
            "down":{
              "texture":"#material",
              "uv":[
                8.000787734985352,
                7.999998092651367,
                4.0,
                5.0
              ],
              "autoUv":false,
              "rotation":180
            }
          },
          "children":[]
        },
        {
          "name":"bone_string_metalhead 25",
          "from":[
            9.321675896644592,
            0.0963689386844635,
            1.3430633544921875
          ],
          "to":[
            10.572515904903412,
            0.44046124815940857,
            2.464133858680725
          ],
          "rotationOrigin":[
            9.94709587097168,
            0.26841509342193604,
            1.9035986065864563
          ],
          "rotationX":91.42467751250528,
          "rotationY":-2.105803670175584,
          "rotationZ":-77.54580142093107,
          "group":"bone_string_metalhead",
          "faces":{
            "north":{
              "texture":"#material",
              "uv":[
                5.999999523162842,
                0.0,
                2.0000007152557373,
                1.0
              ],
              "autoUv":false
            },
            "east":{
              "texture":"#material",
              "uv":[
                10.792072296142578,
                0.0,
                8.0,
                1.0
              ],
              "autoUv":false,
              "rotation":180
            },
            "south":{
              "texture":"#material",
              "uv":[
                13.999998092651367,
                4.0,
                9.999999046325684,
                5.0
              ],
              "autoUv":false,
              "rotation":180
            },
            "west":{
              "texture":"#material",
              "uv":[
                19.0,
                5.00030517578125,
                15.999999046325684,
                5.997392654418945
              ],
              "autoUv":false
            },
            "up":{
              "texture":"#material",
              "uv":[
                19.0,
                4.0,
                15.0,
                7.000001907348633
              ],
              "autoUv":false
            },
            "down":{
              "texture":"#material",
              "uv":[
                11.000121116638184,
                7.999998092651367,
                15.0,
                5.0
              ],
              "autoUv":false,
              "rotation":180
            }
          },
          "children":[]
        },
        {
          "name":"bone_string_metalhead 26",
          "from":[
            10.83957839012146,
            0.0963689386844635,
            1.5515203475952148
          ],
          "to":[
            12.0904181599617,
            0.44046124815940857,
            2.6725908517837524
          ],
          "rotationOrigin":[
            11.464998245239258,
            0.26841509342193604,
            2.1120555996894836
          ],
          "rotationX":90.95037551616124,
          "rotationY":-2.358058991366845,
          "rotationZ":-89.6789972738659,
          "group":"bone_string_metalhead",
          "faces":{
            "north":{
              "texture":"#material",
              "uv":[
                5.999999523162842,
                0.0,
                2.0000007152557373,
                1.0
              ],
              "autoUv":false
            },
            "east":{
              "texture":"#material",
              "uv":[
                10.792072296142578,
                0.0,
                8.0,
                1.0
              ],
              "autoUv":false,
              "rotation":180
            },
            "south":{
              "texture":"#material",
              "uv":[
                13.999998092651367,
                4.0,
                9.999999046325684,
                5.0
              ],
              "autoUv":false,
              "rotation":180
            },
            "west":{
              "texture":"#material",
              "uv":[
                19.0,
                5.00030517578125,
                15.999999046325684,
                5.997392654418945
              ],
              "autoUv":false
            },
            "up":{
              "texture":"#material",
              "uv":[
                19.0,
                4.0,
                15.0,
                7.000001907348633
              ],
              "autoUv":false
            },
            "down":{
              "texture":"#material",
              "uv":[
                11.000121116638184,
                7.999998092651367,
                15.0,
                5.0
              ],
              "autoUv":false,
              "rotation":180
            }
          },
          "children":[]
        },
        {
          "name":"bone_string_metalhead 27",
          "from":[
            -7.4656835198402405,
            0.0682835727930069,
            -0.2500361204147339
          ],
          "to":[
            -6.0114176869392395,
            0.4683360904455185,
            1.0533556938171387
          ],
          "rotationOrigin":[
            -6.738550662994385,
            0.2683098316192627,
            0.4016597867012024
          ],
          "rotationX":92.30947387796706,
          "rotationY":1.0630766825169953,
          "rotationZ":3.06639912716865,
          "group":"bone_string_metalhead",
          "faces":{
            "north":{
              "texture":"#material",
              "uv":[
                13.001031875610352,
                0.0,
                17.00102996826172,
                1.0
              ],
              "autoUv":false
            },
            "east":{
              "texture":"#material",
              "uv":[
                8.05274486541748,
                0.0,
                11.040260314941406,
                1.0
              ],
              "autoUv":false,
              "rotation":180
            },
            "south":{
              "texture":"#material",
              "uv":[
                5.00078821182251,
                4.0,
                9.000787734985352,
                5.0
              ],
              "autoUv":false,
              "rotation":180
            },
            "west":{
              "texture":"#material",
              "uv":[
                0.0,
                5.00030517578125,
                3.0402615070343018,
                5.997392654418945
              ],
              "autoUv":false
            },
            "up":{
              "texture":"#material",
              "uv":[
                0.0,
                4.0,
                4.0,
                7.000001907348633
              ],
              "autoUv":false
            },
            "down":{
              "texture":"#material",
              "uv":[
                8.000787734985352,
                7.999998092651367,
                4.0,
                5.0
              ],
              "autoUv":false,
              "rotation":180
            }
          },
          "children":[]
        },
        {
          "name":"bone_string_metalhead 28",
          "from":[
            -8.90458208322525,
            0.06828361749649048,
            -0.29236018657684326
          ],
          "to":[
            -7.450316250324249,
            0.4683360457420349,
            1.0110316276550293
          ],
          "rotationOrigin":[
            -8.177449226379395,
            0.2683098316192627,
            0.359335720539093
          ],
          "rotationX":92.36409490075965,
          "rotationY":0.9352603643707847,
          "rotationZ":-0.06544463147124077,
          "group":"bone_string_metalhead",
          "faces":{
            "north":{
              "texture":"#material",
              "uv":[
                13.001031875610352,
                0.0,
                17.00102996826172,
                1.0
              ],
              "autoUv":false
            },
            "east":{
              "texture":"#material",
              "uv":[
                8.05274486541748,
                0.0,
                11.040260314941406,
                1.0
              ],
              "autoUv":false,
              "rotation":180
            },
            "south":{
              "texture":"#material",
              "uv":[
                5.00078821182251,
                4.0,
                9.000787734985352,
                5.0
              ],
              "autoUv":false,
              "rotation":180
            },
            "west":{
              "texture":"#material",
              "uv":[
                0.0,
                5.00030517578125,
                3.0402615070343018,
                5.997392654418945
              ],
              "autoUv":false
            },
            "up":{
              "texture":"#material",
              "uv":[
                0.0,
                4.0,
                4.0,
                7.000001907348633
              ],
              "autoUv":false
            },
            "down":{
              "texture":"#material",
              "uv":[
                8.000787734985352,
                7.999998092651367,
                4.0,
                5.0
              ],
              "autoUv":false,
              "rotation":180
            }
          },
          "children":[]
        },
        {
          "name":"bone_string_metalhead 29",
          "from":[
            -7.488423585891724,
            0.0963689386844635,
            -0.17212212085723877
          ],
          "to":[
            -6.237583816051483,
            0.44046124815940857,
            0.9489486217498779
          ],
          "rotationOrigin":[
            -6.863003730773926,
            0.26841509342193604,
            0.3884132504463196
          ],
          "rotationX":90.83534830034907,
          "rotationY":-2.401230909563203,
          "rotationZ":-92.44995720881589,
          "group":"bone_string_metalhead",
          "faces":{
            "north":{
              "texture":"#material",
              "uv":[
                5.999999523162842,
                0.0,
                2.0000007152557373,
                1.0
              ],
              "autoUv":false
            },
            "east":{
              "texture":"#material",
              "uv":[
                10.792072296142578,
                0.0,
                8.0,
                1.0
              ],
              "autoUv":false,
              "rotation":180
            },
            "south":{
              "texture":"#material",
              "uv":[
                13.999998092651367,
                4.0,
                9.999999046325684,
                5.0
              ],
              "autoUv":false,
              "rotation":180
            },
            "west":{
              "texture":"#material",
              "uv":[
                19.0,
                5.00030517578125,
                15.999999046325684,
                5.997392654418945
              ],
              "autoUv":false
            },
            "up":{
              "texture":"#material",
              "uv":[
                19.0,
                4.0,
                15.0,
                7.000001907348633
              ],
              "autoUv":false
            },
            "down":{
              "texture":"#material",
              "uv":[
                11.000121116638184,
                7.999998092651367,
                15.0,
                5.0
              ],
              "autoUv":false,
              "rotation":180
            }
          },
          "children":[]
        },
        {
          "name":"bone_string_metalhead 30",
          "from":[
            -8.942468106746674,
            0.09636898338794708,
            -0.1631603240966797
          ],
          "to":[
            -7.6916279792785645,
            0.440461203455925,
            0.9579101800918579
          ],
          "rotationOrigin":[
            -8.317048072814941,
            0.26841509342193604,
            0.3973749279975891
          ],
          "rotationX":91.12037892460287,
          "rotationY":-2.2822470932308767,
          "rotationZ":-85.48196897229813,
          "group":"bone_string_metalhead",
          "faces":{
            "north":{
              "texture":"#material",
              "uv":[
                13.001031875610352,
                0.0,
                17.00102996826172,
                1.0
              ],
              "autoUv":false
            },
            "east":{
              "texture":"#material",
              "uv":[
                8.05274486541748,
                0.0,
                11.040260314941406,
                1.0
              ],
              "autoUv":false,
              "rotation":180
            },
            "south":{
              "texture":"#material",
              "uv":[
                5.00078821182251,
                4.0,
                9.000787734985352,
                5.0
              ],
              "autoUv":false,
              "rotation":180
            },
            "west":{
              "texture":"#material",
              "uv":[
                0.0,
                5.00030517578125,
                3.0402615070343018,
                5.997392654418945
              ],
              "autoUv":false
            },
            "up":{
              "texture":"#material",
              "uv":[
                0.0,
                4.0,
                4.0,
                7.000001907348633
              ],
              "autoUv":false
            },
            "down":{
              "texture":"#material",
              "uv":[
                8.000787734985352,
                7.999998092651367,
                4.0,
                5.0
              ],
              "autoUv":false,
              "rotation":180
            }
          },
          "children":[]
        },
        {
          "name":"bone_string_metalhead 31",
          "from":[
            -9.830106616020203,
            0.14639487862586975,
            -1.805849313735962
          ],
          "to":[
            -8.579034864902496,
            0.4908916652202606,
            -0.07585442066192627
          ],
          "rotationOrigin":[
            -9.204570770263672,
            0.3186432719230652,
            -0.9408518671989441
          ],
          "rotationX":87.66901603510372,
          "rotationY":-1.0149368689165106,
          "rotationZ":-178.1217303079595,
          "group":"bone_string_metalhead",
          "faces":{
            "north":{
              "texture":"#material",
              "uv":[
                13.001031875610352,
                0.0,
                17.00102996826172,
                1.0
              ],
              "autoUv":false
            },
            "east":{
              "texture":"#material",
              "uv":[
                8.05274486541748,
                0.0,
                11.040260314941406,
                1.0
              ],
              "autoUv":false,
              "rotation":180
            },
            "south":{
              "texture":"#material",
              "uv":[
                5.00078821182251,
                4.0,
                9.000787734985352,
                5.0
              ],
              "autoUv":false,
              "rotation":180
            },
            "west":{
              "texture":"#material",
              "uv":[
                0.0,
                5.00030517578125,
                3.0402615070343018,
                5.997392654418945
              ],
              "autoUv":false
            },
            "up":{
              "texture":"#material",
              "uv":[
                0.0,
                4.0,
                4.0,
                7.000001907348633
              ],
              "autoUv":false
            },
            "down":{
              "texture":"#material",
              "uv":[
                8.000787734985352,
                7.999998092651367,
                4.0,
                5.0
              ],
              "autoUv":false,
              "rotation":180
            }
          },
          "children":[]
        },
        {
          "name":"bone_string_metalhead 32",
          "from":[
            -9.82828289270401,
            0.1275835484266281,
            -1.3950639963150024
          ],
          "to":[
            -8.577234625816345,
            0.4720396548509598,
            0.2103884220123291
          ],
          "rotationOrigin":[
            -9.2027587890625,
            0.29981160163879395,
            -0.5923377871513367
          ],
          "rotationX":87.45847545393808,
          "rotationY":0.061419502275774404,
          "rotationZ":156.97881143029335,
          "group":"bone_string_metalhead",
          "faces":{
            "north":{
              "texture":"#material",
              "uv":[
                13.001031875610352,
                0.0,
                17.00102996826172,
                1.0
              ],
              "autoUv":false
            },
            "east":{
              "texture":"#material",
              "uv":[
                8.05274486541748,
                0.0,
                11.040260314941406,
                1.0
              ],
              "autoUv":false,
              "rotation":180
            },
            "south":{
              "texture":"#material",
              "uv":[
                5.00078821182251,
                4.0,
                9.000787734985352,
                5.0
              ],
              "autoUv":false,
              "rotation":180
            },
            "west":{
              "texture":"#material",
              "uv":[
                0.0,
                5.00030517578125,
                3.0402615070343018,
                5.997392654418945
              ],
              "autoUv":false
            },
            "up":{
              "texture":"#material",
              "uv":[
                0.0,
                4.0,
                4.0,
                7.000001907348633
              ],
              "autoUv":false
            },
            "down":{
              "texture":"#material",
              "uv":[
                8.000787734985352,
                7.999998092651367,
                4.0,
                5.0
              ],
              "autoUv":false,
              "rotation":180
            }
          },
          "children":[]
        },
        {
          "name":"bone_string_metalhead 33",
          "from":[
            12.51847231388092,
            0.048977091908454895,
            1.5976771712303162
          ],
          "to":[
            14.230326175689697,
            0.5199416130781174,
            3.251649558544159
          ],
          "rotationOrigin":[
            13.374399185180664,
            0.28445935249328613,
            2.4246633648872375
          ],
          "rotationX":91.41678181382474,
          "rotationY":-2.111111154047507,
          "rotationZ":-77.76042645522038,
          "group":"bone_string_metalhead",
          "faces":{
            "north":{
              "texture":"#material",
              "uv":[
                13.001031875610352,
                0.0,
                17.00102996826172,
                1.0
              ],
              "autoUv":false
            },
            "east":{
              "texture":"#material",
              "uv":[
                8.05274486541748,
                0.0,
                11.040260314941406,
                1.0
              ],
              "autoUv":false,
              "rotation":180
            },
            "south":{
              "texture":"#material",
              "uv":[
                5.00078821182251,
                4.0,
                9.000787734985352,
                5.0
              ],
              "autoUv":false,
              "rotation":180
            },
            "west":{
              "texture":"#material",
              "uv":[
                0.0,
                5.00030517578125,
                3.0402615070343018,
                5.997392654418945
              ],
              "autoUv":false
            },
            "up":{
              "texture":"#material",
              "uv":[
                0.0,
                4.0,
                4.0,
                7.000001907348633
              ],
              "autoUv":false
            },
            "down":{
              "texture":"#material",
              "uv":[
                8.000787734985352,
                7.999998092651367,
                4.0,
                5.0
              ],
              "autoUv":false,
              "rotation":180
            }
          },
          "children":[]
        },
        {
          "name":"bone_string_metalhead 34",
          "from":[
            13.534588098526001,
            -0.08404916524887085,
            1.6763232350349426
          ],
          "to":[
            15.985217928886414,
            0.5900017619132996,
            3.6309311985969543
          ],
          "rotationOrigin":[
            14.759902954101562,
            0.25297629833221436,
            2.6536272168159485
          ],
          "rotationX":92.15734507458338,
          "rotationY":1.3453492977282873,
          "rotationZ":10.296203669055219,
          "group":"bone_string_metalhead",
          "faces":{
            "north":{
              "texture":"#material",
              "uv":[
                9.999999046325684,
                0.0,
                6.000000953674316,
                1.0
              ],
              "autoUv":false
            },
            "east":{
              "texture":"#material",
              "uv":[
                15.0,
                0.0,
                12.000000953674316,
                1.0
              ],
              "autoUv":false,
              "rotation":180
            },
            "south":{
              "texture":"#material",
              "uv":[
                18.0,
                4.0,
                13.999999046325684,
                5.0
              ],
              "autoUv":false,
              "rotation":180
            },
            "west":{
              "texture":"#material",
              "uv":[
                23.0,
                5.00030517578125,
                20.0,
                5.997392654418945
              ],
              "autoUv":false
            },
            "up":{
              "texture":"#material",
              "uv":[
                23.0,
                4.0,
                19.0,
                7.000001907348633
              ],
              "autoUv":false
            },
            "down":{
              "texture":"#material",
              "uv":[
                15.0001220703125,
                7.999998092651367,
                19.0,
                5.0
              ],
              "autoUv":false,
              "rotation":180
            }
          },
          "children":[]
        },
        {
          "name":"bone_string_metalhead 35",
          "from":[
            14.61928117275238,
            -0.023900210857391357,
            -3.7525249123573303
          ],
          "to":[
            15.270546555519104,
            0.5725359320640564,
            -0.8808943629264832
          ],
          "rotationOrigin":[
            14.944913864135742,
            0.2743178606033325,
            -2.3167096972465515
          ],
          "rotationY":-103.19499224502651,
          "group":"bone_string_metalhead",
          "faces":{
            "north":{
              "texture":"#material",
              "uv":[
                21.0,
                4.0,
                22.0,
                5.0
              ],
              "autoUv":false,
              "rotation":90
            },
            "east":{
              "texture":"#material",
              "uv":[
                2.0,
                4.0,
                7.0,
                5.0
              ],
              "autoUv":false
            },
            "south":{
              "texture":"#material",
              "uv":[
                6.0,
                4.0,
                7.0,
                5.0
              ],
              "autoUv":false,
              "rotation":90
            },
            "west":{
              "texture":"#material",
              "uv":[
                6.0,
                10.000001907348633,
                10.0,
                10.999998092651367
              ],
              "autoUv":false
            },
            "up":{
              "texture":"#material",
              "uv":[
                2.0,
                3.0,
                3.0,
                7.0
              ],
              "autoUv":false
            },
            "down":{
              "texture":"#material",
              "uv":[
                3.0,
                7.0,
                2.0,
                3.0
              ],
              "autoUv":false,
              "rotation":180
            }
          },
          "children":[]
        },
        {
          "name":"bone_string_metalhead 36",
          "from":[
            14.573268383741379,
            -0.08723071217536926,
            -3.43905371427536
          ],
          "to":[
            15.224533587694168,
            0.6358663141727448,
            -0.5674239993095398
          ],
          "rotationOrigin":[
            14.898900985717773,
            0.27431780099868774,
            -2.00323885679245
          ],
          "rotationY":-86.7369411002071,
          "group":"bone_string_metalhead",
          "faces":{
            "north":{
              "texture":"#material",
              "uv":[
                22.0,
                4.0,
                23.0,
                5.0
              ],
              "autoUv":false,
              "rotation":90
            },
            "east":{
              "texture":"#material",
              "uv":[
                5.0,
                4.0,
                10.0,
                5.0
              ],
              "autoUv":false
            },
            "south":{
              "texture":"#material",
              "uv":[
                9.0,
                4.0,
                10.0,
                5.0
              ],
              "autoUv":false,
              "rotation":90
            },
            "west":{
              "texture":"#material",
              "uv":[
                9.0,
                10.000001907348633,
                13.0,
                10.999998092651367
              ],
              "autoUv":false
            },
            "up":{
              "texture":"#material",
              "uv":[
                5.0,
                3.0,
                6.0,
                7.0
              ],
              "autoUv":false
            },
            "down":{
              "texture":"#material",
              "uv":[
                6.0,
                7.0,
                5.0,
                3.0
              ],
              "autoUv":false,
              "rotation":180
            }
          },
          "children":[]
        }
      ]
    }
  ],
  "groups":[]
}