{
	"editor": {
		"allAngles": false,
		"entityTextureMode": false
	},
	"textureWidth": 16,
	"textureHeight": 16,
	"textureSizes": {
	},
	"textures": {
		"reedrope": "game:block/cloth/reedrope",
		"sisal-rug": "game:block/cloth/sisal-rug",
		"label": "pemmican:item/seeds/chips-label"
	},
	"elements": [
		{
			"name": "Cube2",
			"from": [ 1.0, 0.0, 2.0 ],
			"to": [ 7.0, 2.0, 6.0 ],
			"rotationOrigin": [ 1.0, 0.0, 2.0 ],
			"faces": {
				"north": { "texture": "#sisal-rug", "uv": [ 1.0, 1.0, 15.0, 15.0 ], "autoUv": false },
				"east": { "texture": "#sisal-rug", "uv": [ 1.0, 1.0, 15.0, 15.0 ], "autoUv": false },
				"south": { "texture": "#sisal-rug", "uv": [ 1.0, 1.0, 15.0, 15.0 ], "autoUv": false },
				"west": { "texture": "#sisal-rug", "uv": [ 1.0, 1.0, 15.0, 15.0 ], "autoUv": false },
				"up": { "texture": "#sisal-rug", "uv": [ 1.0, 1.0, 15.0, 15.0 ], "autoUv": false },
				"down": { "texture": "#sisal-rug", "uv": [ 1.0, 1.0, 15.0, 15.0 ], "autoUv": false }
			},
			"children": [
				{
					"name": "Cube3",
					"from": [ -0.1, 0.1, -0.1 ],
					"to": [ 6.1, 1.9, 4.1 ],
					"faces": {
						"north": { "texture": "#sisal-rug", "uv": [ 1.0, 1.0, 15.0, 15.0 ], "autoUv": false },
						"east": { "texture": "#sisal-rug", "uv": [ 1.0, 1.0, 15.0, 15.0 ], "autoUv": false },
						"south": { "texture": "#sisal-rug", "uv": [ 1.0, 1.0, 15.0, 15.0 ], "autoUv": false },
						"west": { "texture": "#sisal-rug", "uv": [ 1.0, 1.0, 15.0, 15.0 ], "autoUv": false },
						"up": { "texture": "#sisal-rug", "uv": [ 1.0, 1.0, 15.0, 15.0 ], "autoUv": false },
						"down": { "texture": "#sisal-rug", "uv": [ 1.0, 1.0, 15.0, 15.0 ], "autoUv": false }
					}
				},
				{
					"name": "Cube4",
					"from": [ 0.0, 0.2, -0.2 ],
					"to": [ 6.0, 1.8, 4.2 ],
					"faces": {
						"north": { "texture": "#sisal-rug", "uv": [ 1.0, 1.0, 15.0, 15.0 ], "autoUv": false },
						"east": { "texture": "#sisal-rug", "uv": [ 1.0, 1.0, 15.0, 15.0 ], "autoUv": false },
						"south": { "texture": "#sisal-rug", "uv": [ 1.0, 1.0, 15.0, 15.0 ], "autoUv": false },
						"west": { "texture": "#sisal-rug", "uv": [ 1.0, 1.0, 15.0, 15.0 ], "autoUv": false },
						"up": { "texture": "#sisal-rug", "uv": [ 1.0, 1.0, 15.0, 15.0 ], "autoUv": false },
						"down": { "texture": "#sisal-rug", "uv": [ 1.0, 1.0, 15.0, 15.0 ], "autoUv": false }
					}
				},
				{
					"name": "Cube5",
					"from": [ -0.2, 0.2, 0.0 ],
					"to": [ 6.2, 1.8, 4.0 ],
					"faces": {
						"north": { "texture": "#sisal-rug", "uv": [ 1.0, 1.0, 15.0, 15.0 ], "autoUv": false },
						"east": { "texture": "#sisal-rug", "uv": [ 1.0, 1.0, 15.0, 15.0 ], "autoUv": false },
						"south": { "texture": "#sisal-rug", "uv": [ 1.0, 1.0, 15.0, 15.0 ], "autoUv": false },
						"west": { "texture": "#sisal-rug", "uv": [ 1.0, 1.0, 15.0, 15.0 ], "autoUv": false },
						"up": { "texture": "#sisal-rug", "uv": [ 1.0, 1.0, 15.0, 15.0 ], "autoUv": false },
						"down": { "texture": "#sisal-rug", "uv": [ 1.0, 1.0, 15.0, 15.0 ], "autoUv": false }
					}
				},
				{
					"name": "Rope",
					"from": [ 2.8, 0.2, -0.4 ],
					"to": [ 3.0, 1.8, -0.2 ],
					"rotationOrigin": [ 2.0, 0.0, -1.0 ],
					"faces": {
						"north": { "texture": "#reedrope", "uv": [ 0.5, 0.0, 15.5, 15.5 ], "autoUv": false },
						"east": { "texture": "#reedrope", "uv": [ 0.5, 0.0, 15.5, 16.0 ], "autoUv": false },
						"south": { "texture": "#reedrope", "uv": [ 0.0, 0.0, 15.5, 15.5 ], "autoUv": false },
						"west": { "texture": "#reedrope", "uv": [ 0.0, 0.0, 15.5, 16.0 ], "autoUv": false },
						"up": { "texture": "#reedrope", "uv": [ 0.0, 0.0, 15.5, 16.0 ], "autoUv": false },
						"down": { "texture": "#reedrope", "uv": [ 0.0, 0.0, 16.0, 15.5 ], "autoUv": false }
					},
					"children": [
						{
							"name": "Cube7",
							"from": [ 0.0, 0.8, 3.4 ],
							"to": [ 0.2, 2.8, 3.62 ],
							"rotationOrigin": [ 0.0, 1.8, 3.4 ],
							"rotationX": -90.0,
							"faces": {
								"north": { "texture": "#reedrope", "uv": [ 0.5, 0.5, 8.5, 16.0 ], "autoUv": false },
								"east": { "texture": "#reedrope", "uv": [ 0.5, 0.0, 8.0, 16.0 ], "autoUv": false },
								"south": { "texture": "#reedrope", "uv": [ 0.0, 0.0, 6.5, 15.5 ], "autoUv": false },
								"west": { "texture": "#reedrope", "uv": [ 0.0, 0.0, 7.0, 15.5 ], "autoUv": false },
								"up": { "texture": "#reedrope", "uv": [ 0.0, 0.0, 7.0, 16.0 ], "autoUv": false },
								"down": { "texture": "#reedrope", "uv": [ 0.0, 0.0, 7.0, 15.5 ], "autoUv": false }
							}
						},
						{
							"name": "Rope2",
							"from": [ 0.0, 0.0, 4.6 ],
							"to": [ 0.2, 1.6, 4.8 ],
							"rotationOrigin": [ 0.0, -0.2, 4.4 ],
							"faces": {
								"north": { "texture": "#reedrope", "uv": [ 0.5, 0.0, 8.0, 15.5 ], "autoUv": false },
								"east": { "texture": "#reedrope", "uv": [ 0.5, 0.0, 8.5, 16.0 ], "autoUv": false },
								"south": { "texture": "#reedrope", "uv": [ 0.0, 0.0, 9.0, 15.5 ], "autoUv": false },
								"west": { "texture": "#reedrope", "uv": [ 0.0, 0.0, 8.5, 16.5 ], "autoUv": false },
								"up": { "texture": "#reedrope", "uv": [ 0.0, 0.0, 8.5, 16.0 ], "autoUv": false },
								"down": { "texture": "#reedrope", "uv": [ 0.0, 0.0, 8.0, 15.5 ], "autoUv": false }
							}
						},
						{
							"name": "Rope3",
							"from": [ 0.01, 2.79, -0.33 ],
							"to": [ 0.19, 3.35, -0.13 ],
							"rotationOrigin": [ 0.0, 1.8, -1.6 ],
							"rotationX": 45.0,
							"faces": {
								"north": { "texture": "#reedrope", "uv": [ 0.5, 0.0, 9.5, 10.0 ], "autoUv": false },
								"east": { "texture": "#reedrope", "uv": [ 0.5, 0.0, 9.0, 9.5 ], "autoUv": false },
								"south": { "texture": "#reedrope", "uv": [ 0.0, 0.0, 9.5, 10.0 ], "autoUv": false },
								"west": { "texture": "#reedrope", "uv": [ 0.0, 0.0, 8.5, 11.0 ], "autoUv": false },
								"up": { "texture": "#reedrope", "uv": [ 0.0, 0.0, 8.5, 9.5 ], "autoUv": false },
								"down": { "texture": "#reedrope", "uv": [ 0.0, 0.0, 7.5, 10.0 ], "autoUv": false }
							}
						},
						{
							"name": "Rope4",
							"from": [ 0.01, 0.79, 5.76 ],
							"to": [ 0.19, 1.35, 5.96 ],
							"rotationOrigin": [ 0.0, -0.2, 4.4 ],
							"rotationX": -45.0,
							"faces": {
								"north": { "texture": "#reedrope", "uv": [ 0.5, 0.0, 8.5, 10.0 ], "autoUv": false },
								"east": { "texture": "#reedrope", "uv": [ 0.5, 0.0, 8.5, 9.5 ], "autoUv": false },
								"south": { "texture": "#reedrope", "uv": [ 0.0, 0.0, 9.5, 10.0 ], "autoUv": false },
								"west": { "texture": "#reedrope", "uv": [ 0.0, 0.0, 8.5, 11.0 ], "autoUv": false },
								"up": { "texture": "#reedrope", "uv": [ 0.0, 0.0, 8.5, 9.5 ], "autoUv": false },
								"down": { "texture": "#reedrope", "uv": [ 0.0, 0.0, 8.0, 10.0 ], "autoUv": false }
							}
						},
						{
							"name": "Rope9",
							"from": [ 0.01, -0.9, 1.67 ],
							"to": [ 0.19, -0.36, 1.87 ],
							"rotationOrigin": [ 0.0, -2.2, 0.4 ],
							"rotationX": -45.0,
							"faces": {
								"north": { "texture": "#reedrope", "uv": [ 0.5, 0.0, 8.5, 10.0 ], "autoUv": false },
								"east": { "texture": "#reedrope", "uv": [ 0.5, 0.0, 8.0, 10.5 ], "autoUv": false },
								"south": { "texture": "#reedrope", "uv": [ 0.0, 0.0, 8.0, 10.0 ], "autoUv": false },
								"west": { "texture": "#reedrope", "uv": [ 0.0, 0.0, 8.0, 11.0 ], "autoUv": false },
								"up": { "texture": "#reedrope", "uv": [ 0.0, 0.0, 8.0, 9.5 ], "autoUv": false },
								"down": { "texture": "#reedrope", "uv": [ 0.0, 0.0, 8.0, 10.0 ], "autoUv": false }
							}
						},
						{
							"name": "Cube9",
							"from": [ 0.0, -1.2, 3.2 ],
							"to": [ 0.2, 2.82, 3.4 ],
							"rotationOrigin": [ 0.0, -0.2, 3.4 ],
							"rotationX": -90.0,
							"faces": {
								"north": { "texture": "#reedrope", "uv": [ 0.5, 0.0, 9.0, 16.0 ], "autoUv": false },
								"east": { "texture": "#reedrope", "uv": [ 0.5, 0.0, 9.0, 15.5 ], "autoUv": false },
								"south": { "texture": "#reedrope", "uv": [ 0.0, 0.0, 9.0, 15.5 ], "autoUv": false },
								"west": { "texture": "#reedrope", "uv": [ 0.0, 0.0, 9.0, 15.5 ], "autoUv": false },
								"up": { "texture": "#reedrope", "uv": [ 0.0, 0.0, 9.0, 15.5 ], "autoUv": false },
								"down": { "texture": "#reedrope", "uv": [ 0.0, 0.0, 9.0, 15.5 ], "autoUv": false }
							}
						},
						{
							"name": "Rope10",
							"from": [ 0.01, 1.1, 3.78 ],
							"to": [ 0.19, 1.64, 3.98 ],
							"rotationOrigin": [ 0.0, -0.2, 2.4 ],
							"rotationX": 45.0,
							"faces": {
								"north": { "texture": "#reedrope", "uv": [ 0.5, 0.0, 9.5, 9.5 ], "autoUv": false },
								"east": { "texture": "#reedrope", "uv": [ 0.5, 0.0, 9.0, 9.0 ], "autoUv": false },
								"south": { "texture": "#reedrope", "uv": [ 0.0, 0.0, 9.0, 9.0 ], "autoUv": false },
								"west": { "texture": "#reedrope", "uv": [ 0.0, 0.0, 9.0, 8.0 ], "autoUv": false },
								"up": { "texture": "#reedrope", "uv": [ 0.0, 0.0, 8.5, 8.0 ], "autoUv": false },
								"down": { "texture": "#reedrope", "uv": [ 0.0, 0.0, 8.5, 8.5 ], "autoUv": false }
							}
						},
						{
							"name": "Cube11",
							"from": [ 0.0, 0.8, 1.4 ],
							"to": [ 0.2, 2.8, 1.62 ],
							"rotationOrigin": [ 0.0, 1.8, 1.4 ],
							"rotationX": -90.0,
							"faces": {
								"north": { "texture": "#reedrope", "uv": [ 0.5, 0.5, 8.5, 16.0 ], "autoUv": false },
								"east": { "texture": "#reedrope", "uv": [ 0.5, 0.0, 8.0, 16.0 ], "autoUv": false },
								"south": { "texture": "#reedrope", "uv": [ 0.0, 0.0, 6.5, 15.5 ], "autoUv": false },
								"west": { "texture": "#reedrope", "uv": [ 0.0, 0.0, 7.0, 15.5 ], "autoUv": false },
								"up": { "texture": "#reedrope", "uv": [ 0.0, 0.0, 7.0, 16.0 ], "autoUv": false },
								"down": { "texture": "#reedrope", "uv": [ 0.0, 0.0, 7.0, 15.5 ], "autoUv": false }
							}
						}
					]
				},
				{
					"name": "Rope5",
					"from": [ 7.8, 0.2, 1.6 ],
					"to": [ 8.0, 1.8, 1.8 ],
					"rotationOrigin": [ 7.0, 0.0, 1.0 ],
					"rotationY": -90.0,
					"faces": {
						"north": { "texture": "#reedrope", "uv": [ 0.5, 0.0, 9.0, 15.5 ], "autoUv": false },
						"east": { "texture": "#reedrope", "uv": [ 0.5, 0.0, 9.0, 15.5 ], "autoUv": false },
						"south": { "texture": "#reedrope", "uv": [ 0.0, 0.0, 9.0, 15.5 ], "autoUv": false },
						"west": { "texture": "#reedrope", "uv": [ 0.0, 0.0, 9.0, 16.0 ], "autoUv": false },
						"up": { "texture": "#reedrope", "uv": [ 0.0, 0.0, 9.0, 16.0 ], "autoUv": false },
						"down": { "texture": "#reedrope", "uv": [ 0.0, 0.0, 9.0, 15.5 ], "autoUv": false }
					},
					"children": [
						{
							"name": "Cube8",
							"from": [ 0.0, 0.8, 5.4 ],
							"to": [ 0.21, 3.6, 5.6 ],
							"rotationOrigin": [ 0.0, 1.8, 5.4 ],
							"rotationX": -90.0,
							"faces": {
								"north": { "texture": "#reedrope", "uv": [ 0.5, 0.0, 9.5, 15.5 ], "autoUv": false },
								"east": { "texture": "#reedrope", "uv": [ 0.5, 0.0, 9.0, 16.0 ], "autoUv": false },
								"south": { "texture": "#reedrope", "uv": [ 0.0, 0.0, 9.5, 15.5 ], "autoUv": false },
								"west": { "texture": "#reedrope", "uv": [ 0.0, 0.0, 9.5, 16.0 ], "autoUv": false },
								"up": { "texture": "#reedrope", "uv": [ 0.0, 0.0, 9.0, 15.5 ], "autoUv": false },
								"down": { "texture": "#reedrope", "uv": [ 0.0, 0.0, 9.0, 15.5 ], "autoUv": false }
							}
						},
						{
							"name": "Rope6",
							"from": [ 0.0, 0.0, 6.6 ],
							"to": [ 0.2, 1.6, 6.8 ],
							"rotationOrigin": [ 0.0, -0.2, 6.4 ],
							"faces": {
								"north": { "texture": "#reedrope", "uv": [ 0.5, 0.0, 9.5, 15.5 ], "autoUv": false },
								"east": { "texture": "#reedrope", "uv": [ 0.5, 0.0, 9.5, 16.0 ], "autoUv": false },
								"south": { "texture": "#reedrope", "uv": [ 0.0, 0.0, 9.5, 15.5 ], "autoUv": false },
								"west": { "texture": "#reedrope", "uv": [ 0.0, 0.0, 9.5, 15.5 ], "autoUv": false },
								"up": { "texture": "#reedrope", "uv": [ 0.0, 0.0, 9.5, 15.5 ], "autoUv": false },
								"down": { "texture": "#reedrope", "uv": [ 0.0, 0.0, 9.5, 15.5 ], "autoUv": false }
							}
						},
						{
							"name": "Rope7",
							"from": [ 0.01, 2.79, -0.33 ],
							"to": [ 0.19, 3.35, -0.13 ],
							"rotationOrigin": [ 0.0, 1.8, -1.6 ],
							"rotationX": 45.0,
							"faces": {
								"north": { "texture": "#reedrope", "uv": [ 0.5, 0.0, 9.0, 8.5 ], "autoUv": false },
								"east": { "texture": "#reedrope", "uv": [ 0.5, 0.0, 9.0, 9.5 ], "autoUv": false },
								"south": { "texture": "#reedrope", "uv": [ 0.0, 0.0, 9.0, 9.5 ], "autoUv": false },
								"west": { "texture": "#reedrope", "uv": [ 0.0, 0.0, 8.5, 10.5 ], "autoUv": false },
								"up": { "texture": "#reedrope", "uv": [ 0.0, 0.0, 8.5, 9.5 ], "autoUv": false },
								"down": { "texture": "#reedrope", "uv": [ 0.0, 0.0, 8.5, 9.0 ], "autoUv": false }
							}
						},
						{
							"name": "Rope8",
							"from": [ 0.01, 0.79, 7.76 ],
							"to": [ 0.19, 1.35, 7.96 ],
							"rotationOrigin": [ 0.0, -0.2, 6.4 ],
							"rotationX": -45.0,
							"faces": {
								"north": { "texture": "#reedrope", "uv": [ 0.5, 0.0, 9.0, 10.0 ], "autoUv": false },
								"east": { "texture": "#reedrope", "uv": [ 0.5, 0.0, 9.0, 9.5 ], "autoUv": false },
								"south": { "texture": "#reedrope", "uv": [ 0.0, 0.0, 9.0, 10.0 ], "autoUv": false },
								"west": { "texture": "#reedrope", "uv": [ 0.0, 0.0, 9.0, 11.0 ], "autoUv": false },
								"up": { "texture": "#reedrope", "uv": [ 0.0, 0.0, 8.5, 9.5 ], "autoUv": false },
								"down": { "texture": "#reedrope", "uv": [ 0.0, 0.0, 8.5, 9.0 ], "autoUv": false }
							}
						},
						{
							"name": "Cube10",
							"from": [ 0.0, -1.2, 5.2 ],
							"to": [ 0.21, 4.8, 5.4 ],
							"rotationOrigin": [ 0.0, -0.2, 5.4 ],
							"rotationX": -90.0,
							"faces": {
								"north": { "texture": "#reedrope", "uv": [ 0.5, 0.0, 9.5, 15.5 ], "autoUv": false },
								"east": { "texture": "#reedrope", "uv": [ 0.5, 0.0, 10.0, 16.0 ], "autoUv": false },
								"south": { "texture": "#reedrope", "uv": [ 0.0, 0.0, 9.5, 16.0 ], "autoUv": false },
								"west": { "texture": "#reedrope", "uv": [ 0.0, 0.0, 9.0, 15.5 ], "autoUv": false },
								"up": { "texture": "#reedrope", "uv": [ 0.0, 0.0, 9.0, 16.0 ], "autoUv": false },
								"down": { "texture": "#reedrope", "uv": [ 0.0, 0.0, 9.0, 15.5 ], "autoUv": false }
							}
						},
						{
							"name": "Rope11",
							"from": [ 0.01, -0.9, 1.65 ],
							"to": [ 0.19, -0.35, 1.85 ],
							"rotationOrigin": [ 0.0, -2.2, 0.4 ],
							"rotationX": -45.0,
							"faces": {
								"north": { "texture": "#reedrope", "uv": [ 0.5, 0.0, 8.5, 9.0 ], "autoUv": false },
								"east": { "texture": "#reedrope", "uv": [ 0.5, 0.0, 8.5, 8.5 ], "autoUv": false },
								"south": { "texture": "#reedrope", "uv": [ 0.0, 0.0, 8.5, 9.5 ], "autoUv": false },
								"west": { "texture": "#reedrope", "uv": [ 0.0, 0.0, 9.0, 10.0 ], "autoUv": false },
								"up": { "texture": "#reedrope", "uv": [ 0.0, 0.0, 8.5, 9.5 ], "autoUv": false },
								"down": { "texture": "#reedrope", "uv": [ 0.0, 0.0, 8.5, 8.5 ], "autoUv": false }
							}
						},
						{
							"name": "Rope12",
							"from": [ 0.01, 1.06, 5.75 ],
							"to": [ 0.19, 1.64, 5.95 ],
							"rotationOrigin": [ 0.0, -0.2, 4.4 ],
							"rotationX": 45.0,
							"faces": {
								"north": { "texture": "#reedrope", "uv": [ 0.5, 0.0, 9.5, 10.0 ], "autoUv": false },
								"east": { "texture": "#reedrope", "uv": [ 0.5, 0.0, 9.5, 9.5 ], "autoUv": false },
								"south": { "texture": "#reedrope", "uv": [ 0.0, 0.0, 9.5, 10.0 ], "autoUv": false },
								"west": { "texture": "#reedrope", "uv": [ 0.0, 0.0, 10.0, 11.0 ], "autoUv": false },
								"up": { "texture": "#reedrope", "uv": [ 0.0, 0.0, 9.0, 10.5 ], "autoUv": false },
								"down": { "texture": "#reedrope", "uv": [ 0.0, 0.0, 8.5, 10.0 ], "autoUv": false }
							}
						},
						{
							"name": "Cube12",
							"from": [ 0.0, 0.8, 2.4 ],
							"to": [ 0.21, 3.8, 2.6 ],
							"rotationOrigin": [ 0.0, 1.8, 2.4 ],
							"rotationX": -90.0,
							"faces": {
								"north": { "texture": "#reedrope", "uv": [ 0.5, 0.0, 9.5, 15.5 ], "autoUv": false },
								"east": { "texture": "#reedrope", "uv": [ 0.5, 0.0, 9.0, 16.0 ], "autoUv": false },
								"south": { "texture": "#reedrope", "uv": [ 0.0, 0.0, 9.5, 15.5 ], "autoUv": false },
								"west": { "texture": "#reedrope", "uv": [ 0.0, 0.0, 9.5, 16.0 ], "autoUv": false },
								"up": { "texture": "#reedrope", "uv": [ 0.0, 0.0, 9.0, 15.5 ], "autoUv": false },
								"down": { "texture": "#reedrope", "uv": [ 0.0, 0.0, 9.0, 15.5 ], "autoUv": false }
							}
						}
					]
				},
				{
					"name": "label",
					"from": [ 1.0, 1.01, 0.1 ],
					"to": [ 4.8, 2.01, 3.9 ],
					"rotationOrigin": [ 1.0, 1.1, 0.1 ],
					"faces": {
						"up": { "texture": "#label", "uv": [ 0.0, 0.0, 16.0, 16.0 ], "rotation": 90, "autoUv": false }
					}
				}
			]
		}
	]}