{
	"editor": {
		"allAngles": false,
		"entityTextureMode": false
	},
	"textureWidth": 16,
	"textureHeight": 16,
	"textureSizes": {
	},
	"textures": {
		"pemmican-dried": "game:item/food/pemmican-dried"
	},
	"elements": [
		{
			"name": "ingot",
			"from": [ 6.5, 0.0, 4.5 ],
			"to": [ 9.5, 2.0, 11.5 ],
			"rotationOrigin": [ 8.0, 0.0, 8.0 ],
			"faces": {
				"north": { "texture": "#pemmican-dried", "uv": [ 0.0, 0.0, 9.0, 8.0 ], "autoUv": false },
				"east": { "texture": "#pemmican-dried", "uv": [ 0.0, 0.0, 16.0, 7.0 ], "autoUv": false },
				"south": { "texture": "#pemmican-dried", "uv": [ 0.0, 0.0, 9.0, 8.0 ], "autoUv": false },
				"west": { "texture": "#pemmican-dried", "uv": [ 0.0, 0.0, 16.0, 6.0 ], "autoUv": false },
				"up": { "texture": "#pemmican-dried", "uv": [ 0.0, 0.0, 8.0, 15.0 ], "autoUv": false },
				"down": { "texture": "#pemmican-dried", "uv": [ 0.0, 0.0, 8.0, 16.0 ], "autoUv": false }
			}
		}
	]}