[
	{
		"file": "recipes/grid/wood/scaffolding.json",
		"op": "replace",
		"path": "/1/ingredients/P/code",
		"value": "game:plank-lightaged",
		"side": "server"
	},
	{
		"file": "recipes/grid/wood/scaffolding.json",
		"op": "replace",
		"path": "/1/output/code",
		"value": "scaffolding-aged-north",
		"side": "server"
	},
	{
		"enabled": false,
		"file": "recipes/grid/wood/scaffolding.json",
		"op": "addmerge",
		"path": "/1/output/skipVariants",
		"value": [ "lightaged" ],
		"side": "server"
	}
]