[
	{
		"file": "recipes/grid/wood/walkway/typed.json",
		"op": "replace",
		"path": "/0/ingredients/P/code",
		"value": "game:plank-lightaged",
		"side": "server"
	},
	{
		"file": "recipes/grid/wood/walkway/typed.json",
		"op": "replace",
		"path": "/0/output/code",
		"value": "walkway-aged-corner-inner-north-free",
		"side": "server"
	},
	{
		"file": "recipes/grid/wood/walkway/typed.json",
		"op": "replace",
		"path": "/1/ingredients/P/code",
		"value": "game:plank-lightaged",
		"side": "server"
	},
	{
		"file": "recipes/grid/wood/walkway/typed.json",
		"op": "replace",
		"path": "/1/output/code",
		"value": "walkway-aged-corner-outer-north-free",
		"side": "server"
	},
	{
		"file": "recipes/grid/wood/walkway/typed.json",
		"op": "replace",
		"path": "/2/ingredients/P/code",
		"value": "game:plank-lightaged",
		"side": "server"
	},
	{
		"file": "recipes/grid/wood/walkway/typed.json",
		"op": "replace",
		"path": "/2/output/code",
		"value": "walkway-aged-stairs-up-north-free",
		"side": "server"
	},
	{
		"file": "recipes/grid/wood/walkway/typed.json",
		"op": "replace",
		"path": "/3/ingredients/P/code",
		"value": "game:plank-lightaged",
		"side": "server"
	},
	{
		"file": "recipes/grid/wood/walkway/typed.json",
		"op": "replace",
		"path": "/3/output/code",
		"value": "walkway-aged-straight-north-free",
		"side": "server"
	}
]