{
  "textureWidth":16,
  "textureHeight":16,
  "textures":{
    "wood":"game:block/wood/debarked/oak"
  },
  "textureSizes":{
    "wood":[
      32,
      32
    ]
  },
  "elements":[
    {
      "name":"origin",
      "from":[
        10.487905979156494,
        0.5,
        8.21067351102829
      ],
      "to":[
        10.487905979156494,
        0.5,
        8.21067351102829
      ],
      "rotationOrigin":[
        8.0,
        0.0,
        8.0
      ],
      "group":"Stick",
      "faces":{
        "north":{
          "texture":"#0",
          "uv":[
            0,
            0,
            4,
            4
          ],
          "autoUv":false
        },
        "east":{
          "texture":"#0",
          "uv":[
            0,
            0,
            4,
            4
          ],
          "autoUv":false
        },
        "south":{
          "texture":"#0",
          "uv":[
            0,
            0,
            4,
            4
          ],
          "autoUv":false
        },
        "west":{
          "texture":"#0",
          "uv":[
            0,
            0,
            4,
            4
          ],
          "autoUv":false
        },
        "up":{
          "texture":"#wood",
          "uv":[
            0.0,
            0.0,
            1.0,
            1.0
          ],
          "autoUv":false,
          "rotation":180
        },
        "down":{
          "texture":"#0",
          "uv":[
            0,
            0,
            4,
            4
          ],
          "autoUv":false
        }
      },
      "children":[
        {
          "name":"handle_stick 01",
          "from":[
            -5.811564922332764,
            -0.39878368377685547,
            -1.0106727480888367
          ],
          "to":[
            5.723055362701416,
            0.8987836837768555,
            -0.01067274808883667
          ],
          "rotationOrigin":[
            -0.04425477981567383,
            0.25,
            -0.5106727480888367
          ],
          "group":"Stick",
          "faces":{
            "north":{
              "texture":"#wood",
              "uv":[
                1.0,
                11.0,
                23.237268447875977,
                14.0
              ],
              "autoUv":false
            },
            "east":{
              "texture":"#wood",
              "uv":[
                2.0,
                1.0,
                4.0,
                4.0
              ],
              "autoUv":false
            },
            "south":{
              "texture":"#wood",
              "uv":[
                9.0,
                21.0,
                31.0,
                24.000000953674316
              ],
              "autoUv":false
            },
            "west":{
              "texture":"#wood",
              "uv":[
                12.0,
                0.0,
                20.0,
                8.0
              ],
              "autoUv":false,
              "rotation":270
            },
            "up":{
              "texture":"#wood",
              "uv":[
                8.762733459472656,
                9.0,
                31.0,
                11.0
              ],
              "autoUv":false
            },
            "down":{
              "texture":"#wood",
              "uv":[
                23.237268447875977,
                12.0,
                1.0,
                10.0
              ],
              "autoUv":false,
              "rotation":180
            }
          },
          "children":[]
        },
        {
          "name":"handle_stick 01.001",
          "from":[
            -12.399194240570068,
            -0.39878368377685547,
            -0.9873291850090027
          ],
          "to":[
            -5.797131538391113,
            0.8987836837768555,
            0.012670814990997314
          ],
          "rotationOrigin":[
            -6.6318840980529785,
            0.25,
            -0.4873291850090027
          ],
          "rotationY":1.616132147373443,
          "group":"Stick",
          "faces":{
            "north":{
              "texture":"#wood",
              "uv":[
                23.237272262573242,
                11.000001907348633,
                10.509340286254883,
                14.0
              ],
              "autoUv":false
            },
            "east":{
              "texture":"#wood",
              "uv":[
                4.0,
                1.0,
                2.0,
                4.0
              ],
              "autoUv":false
            },
            "south":{
              "texture":"#wood",
              "uv":[
                21.592124938964844,
                21.0,
                9.0,
                24.0
              ],
              "autoUv":false
            },
            "west":{
              "texture":"#wood",
              "uv":[
                20.0,
                0.0,
                12.0,
                8.0
              ],
              "autoUv":false,
              "rotation":270
            },
            "up":{
              "texture":"#wood",
              "uv":[
                21.490659713745117,
                9.0,
                8.762733459472656,
                11.000001907348633
              ],
              "autoUv":false
            },
            "down":{
              "texture":"#wood",
              "uv":[
                10.509336471557617,
                12.0,
                23.237268447875977,
                10.000001907348633
              ],
              "autoUv":false,
              "rotation":180
            }
          },
          "children":[]
        },
        {
          "name":"handle_stick 02",
          "from":[
            -6.3115644454956055,
            -0.39878368377685547,
            -0.01067274808883667
          ],
          "to":[
            5.574163436889648,
            0.8987836837768555,
            0.48932725191116333
          ],
          "rotationOrigin":[
            -0.3687005043029785,
            0.25,
            0.23932725191116333
          ],
          "group":"Stick",
          "faces":{
            "north":{
              "texture":"#wood",
              "uv":[
                12.0,
                24.0,
                20.0,
                30.0
              ],
              "autoUv":false,
              "rotation":270
            },
            "east":{
              "texture":"#wood",
              "uv":[
                2.0,
                1.0,
                3.0,
                4.0
              ],
              "autoUv":false
            },
            "south":{
              "texture":"#wood",
              "uv":[
                9.0,
                21.0,
                31.0,
                24.000000953674316
              ],
              "autoUv":false
            },
            "west":{
              "texture":"#wood",
              "uv":[
                12.0,
                0.0,
                20.0,
                8.0
              ],
              "autoUv":false,
              "rotation":270
            },
            "up":{
              "texture":"#wood",
              "uv":[
                8.59144401550293,
                17.0,
                31.0,
                18.0
              ],
              "autoUv":false
            },
            "down":{
              "texture":"#wood",
              "uv":[
                23.946840286254883,
                11.0,
                1.0,
                10.0
              ],
              "autoUv":false,
              "rotation":180
            }
          },
          "children":[]
        },
        {
          "name":"handle_stick 02.001",
          "from":[
            -12.877912521362305,
            -0.39878368377685547,
            0.02152329683303833
          ],
          "to":[
            -5.924742221832275,
            0.8987836837768555,
            0.5215232968330383
          ],
          "rotationOrigin":[
            -6.935048580169678,
            0.25,
            0.27152329683303833
          ],
          "rotationY":1.616132147373443,
          "group":"Stick",
          "faces":{
            "north":{
              "texture":"#wood",
              "uv":[
                20.0,
                26.489989280700684,
                12.0,
                30.0
              ],
              "autoUv":false,
              "rotation":270
            },
            "east":{
              "texture":"#wood",
              "uv":[
                3.0,
                1.0,
                2.0,
                4.0
              ],
              "autoUv":false
            },
            "south":{
              "texture":"#wood",
              "uv":[
                21.870037078857422,
                21.0,
                8.999998092651367,
                24.0
              ],
              "autoUv":false
            },
            "west":{
              "texture":"#wood",
              "uv":[
                20.0,
                0.0,
                12.0,
                8.0
              ],
              "autoUv":false,
              "rotation":270
            },
            "up":{
              "texture":"#wood",
              "uv":[
                21.70048713684082,
                17.0,
                8.591445922851562,
                18.0
              ],
              "autoUv":false
            },
            "down":{
              "texture":"#wood",
              "uv":[
                10.522897720336914,
                11.0,
                23.946840286254883,
                10.0
              ],
              "autoUv":false,
              "rotation":180
            }
          },
          "children":[]
        },
        {
          "name":"handle_stick 03",
          "from":[
            -18.39570665359497,
            -0.39878368377685547,
            -0.7400643229484558
          ],
          "to":[
            -12.39570665359497,
            0.8987836837768555,
            0.2599356770515442
          ],
          "rotationOrigin":[
            -15.39570665359497,
            0.25,
            -0.2400643229484558
          ],
          "rotationY":1.616132147373443,
          "group":"Stick",
          "faces":{
            "north":{
              "texture":"#wood",
              "uv":[
                1.0,
                11.0,
                13.04709529876709,
                14.0
              ],
              "autoUv":false
            },
            "east":{
              "texture":"#wood",
              "uv":[
                12.0,
                16.0,
                20.0,
                24.000000953674316
              ],
              "autoUv":false,
              "rotation":270
            },
            "south":{
              "texture":"#wood",
              "uv":[
                9.0,
                21.0,
                20.0,
                24.000000953674316
              ],
              "autoUv":false
            },
            "west":{
              "texture":"#wood",
              "uv":[
                28.0,
                20.0,
                30.0,
                23.0
              ],
              "autoUv":false
            },
            "up":{
              "texture":"#wood",
              "uv":[
                8.053159713745117,
                9.0,
                20.053159713745117,
                11.000001907348633
              ],
              "autoUv":false
            },
            "down":{
              "texture":"#wood",
              "uv":[
                13.04709529876709,
                12.0,
                1.0,
                10.0
              ],
              "autoUv":false,
              "rotation":180
            }
          },
          "children":[]
        },
        {
          "name":"handle_stick 04",
          "from":[
            -16.874752521514893,
            -0.39878368377685547,
            0.24553567171096802
          ],
          "to":[
            -12.874752521514893,
            0.8987836837768555,
            0.745535671710968
          ],
          "rotationOrigin":[
            -14.874752521514893,
            0.25,
            0.495535671710968
          ],
          "rotationY":1.616132147373443,
          "group":"Stick",
          "faces":{
            "north":{
              "texture":"#wood",
              "uv":[
                12.000000953674316,
                15.946840286254883,
                20.0,
                24.000000953674316
              ],
              "autoUv":false,
              "rotation":270
            },
            "east":{
              "texture":"#wood",
              "uv":[
                12.0,
                16.0,
                20.0,
                24.000000953674316
              ],
              "autoUv":false,
              "rotation":270
            },
            "south":{
              "texture":"#wood",
              "uv":[
                9.0,
                21.0,
                16.053157806396484,
                24.000000953674316
              ],
              "autoUv":false
            },
            "west":{
              "texture":"#wood",
              "uv":[
                28.0,
                20.0,
                29.0,
                23.0
              ],
              "autoUv":false
            },
            "up":{
              "texture":"#wood",
              "uv":[
                8.053160667419434,
                16.999999046325684,
                16.05316162109375,
                18.000000953674316
              ],
              "autoUv":false
            },
            "down":{
              "texture":"#wood",
              "uv":[
                9.04709529876709,
                11.0,
                1.0,
                9.999996185302734
              ],
              "autoUv":false,
              "rotation":180
            }
          },
          "children":[]
        },
        {
          "name":"handle_stick 05",
          "from":[
            -15.74336862564087,
            -0.25,
            0.682883083820343
          ],
          "to":[
            -14.74336862564087,
            0.25,
            1.182883083820343
          ],
          "rotationOrigin":[
            -15.24336862564087,
            0.0,
            0.932883083820343
          ],
          "rotationY":46.61612646270165,
          "group":"Stick",
          "faces":{
            "north":{
              "texture":"#wood",
              "uv":[
                3.4058103561401367,
                11.0,
                5.405810356140137,
                11.999996185302734
              ],
              "autoUv":false
            },
            "east":{
              "texture":"#wood",
              "uv":[
                12.000003814697266,
                -3.814697265625e-06,
                19.99999237060547,
                8.000003814697266
              ],
              "autoUv":false,
              "rotation":270
            },
            "south":{
              "texture":"#wood",
              "uv":[
                11.0,
                21.999998092651367,
                13.000001907348633,
                23.000000953674316
              ],
              "autoUv":false
            },
            "west":{
              "texture":"#wood",
              "uv":[
                23.99999237060547,
                20.0,
                25.00000762939453,
                21.000001907348633
              ],
              "autoUv":false
            },
            "up":{
              "texture":"#wood",
              "uv":[
                5.694443702697754,
                23.69444465637207,
                7.6944451332092285,
                24.69443702697754
              ],
              "autoUv":false
            },
            "down":{
              "texture":"#wood",
              "uv":[
                3.9999983310699463,
                16.999996185302734,
                2.0000014305114746,
                16.000003814697266
              ],
              "autoUv":false,
              "rotation":180
            }
          },
          "children":[]
        },
        {
          "name":"handle_stick 06",
          "from":[
            -3.660554483532927,
            0.25,
            -1.6142259389162117
          ],
          "to":[
            -2.1605552881955887,
            0.75,
            -1.1142261475324577
          ],
          "rotationOrigin":[
            -2.910554885864258,
            0.5,
            -1.3642260432243347
          ],
          "rotationY":-45.00000125223908,
          "group":"Stick",
          "faces":{
            "north":{
              "texture":"#wood",
              "uv":[
                3.0,
                11.0,
                6.0,
                12.0
              ],
              "autoUv":false
            },
            "east":{
              "texture":"#wood",
              "uv":[
                12.0,
                16.0,
                20.0,
                24.000000953674316
              ],
              "autoUv":false,
              "rotation":270
            },
            "south":{
              "texture":"#wood",
              "uv":[
                0.0,
                21.0,
                3.0,
                22.0
              ],
              "autoUv":false
            },
            "west":{
              "texture":"#wood",
              "uv":[
                28.0,
                19.0,
                29.0,
                20.0
              ],
              "autoUv":false
            },
            "up":{
              "texture":"#wood",
              "uv":[
                0.0,
                17.0,
                3.0,
                18.0
              ],
              "autoUv":false
            },
            "down":{
              "texture":"#wood",
              "uv":[
                3.0,
                11.0,
                1.0,
                10.0
              ],
              "autoUv":false,
              "rotation":180
            }
          },
          "children":[]
        },
        {
          "name":"handle_stick 06.001",
          "from":[
            -14.60306966304779,
            0.25,
            -1.3874813318252563
          ],
          "to":[
            -13.10306990146637,
            0.75,
            -0.8874814510345459
          ],
          "rotationOrigin":[
            -13.85306978225708,
            0.5,
            -1.1374813914299011
          ],
          "rotationX":23.43458394798885,
          "rotationY":-55.50868442241058,
          "rotationZ":-1.1795926661248313,
          "group":"Stick",
          "faces":{
            "north":{
              "texture":"#wood",
              "uv":[
                3.0,
                11.0,
                6.0,
                12.0
              ],
              "autoUv":false
            },
            "east":{
              "texture":"#wood",
              "uv":[
                12.0,
                16.0,
                20.0,
                24.000000953674316
              ],
              "autoUv":false,
              "rotation":270
            },
            "south":{
              "texture":"#wood",
              "uv":[
                0.0,
                21.0,
                3.0,
                22.0
              ],
              "autoUv":false
            },
            "west":{
              "texture":"#wood",
              "uv":[
                28.0,
                19.0,
                29.0,
                20.0
              ],
              "autoUv":false
            },
            "up":{
              "texture":"#wood",
              "uv":[
                0.0,
                17.0,
                3.0,
                18.0
              ],
              "autoUv":false
            },
            "down":{
              "texture":"#wood",
              "uv":[
                3.0,
                11.0,
                1.0,
                10.0
              ],
              "autoUv":false,
              "rotation":180
            }
          },
          "children":[]
        },
        {
          "name":"handle_stick 07",
          "from":[
            -3.2337777912616836,
            -0.25,
            -1.4374495297670418
          ],
          "to":[
            -2.2337782084941757,
            0.25,
            -0.9374497383832878
          ],
          "rotationOrigin":[
            -2.7337779998779297,
            0.0,
            -1.1874496340751648
          ],
          "rotationY":-45.00000125223908,
          "group":"Stick",
          "faces":{
            "north":{
              "texture":"#wood",
              "uv":[
                3.0,
                13.0,
                5.0,
                14.0
              ],
              "autoUv":false
            },
            "east":{
              "texture":"#wood",
              "uv":[
                12.0,
                16.0,
                20.0,
                24.000000953674316
              ],
              "autoUv":false,
              "rotation":270
            },
            "south":{
              "texture":"#wood",
              "uv":[
                9.0,
                22.0,
                11.0,
                23.0
              ],
              "autoUv":false
            },
            "west":{
              "texture":"#wood",
              "uv":[
                28.0,
                20.0,
                29.0,
                21.0
              ],
              "autoUv":false
            },
            "up":{
              "texture":"#wood",
              "uv":[
                20.0,
                8.0,
                28.0,
                16.0
              ],
              "autoUv":false,
              "rotation":270
            },
            "down":{
              "texture":"#wood",
              "uv":[
                6.0,
                14.0,
                4.0,
                13.0
              ],
              "autoUv":false,
              "rotation":180
            }
          },
          "children":[]
        },
        {
          "name":"handle_stick 08",
          "from":[
            4.7615697383880615,
            0.5141445696353912,
            -1.008152723312378
          ],
          "to":[
            5.867919206619263,
            0.897270530462265,
            -0.5028845071792603
          ],
          "rotationOrigin":[
            5.314744472503662,
            0.7057075500488281,
            -0.7555186152458191
          ],
          "group":"Stick",
          "faces":{
            "north":{
              "texture":"#wood",
              "uv":[
                12.0,
                12.0,
                14.0,
                13.0
              ],
              "autoUv":false
            },
            "east":{
              "texture":"#wood",
              "uv":[
                11.0,
                8.0,
                12.0,
                9.0
              ],
              "autoUv":false
            },
            "south":{
              "texture":"#wood",
              "uv":[
                19.0,
                15.0,
                21.0,
                16.0
              ],
              "autoUv":false
            },
            "west":{
              "texture":"#wood",
              "uv":[
                15.0,
                10.0,
                16.0,
                11.0
              ],
              "autoUv":false,
              "rotation":270
            },
            "up":{
              "texture":"#wood",
              "uv":[
                19.0,
                11.000001907348633,
                21.0,
                12.0
              ],
              "autoUv":false
            },
            "down":{
              "texture":"#wood",
              "uv":[
                13.0,
                12.000001907348633,
                11.0,
                11.0
              ],
              "autoUv":false,
              "rotation":180
            }
          },
          "children":[]
        },
        {
          "name":"handle_stick 09",
          "from":[
            2.565186023712158,
            -0.39545154571533203,
            -1.5176726579666138
          ],
          "to":[
            3.6759285926818848,
            0.895451545715332,
            0.3937671184539795
          ],
          "rotationOrigin":[
            3.1205573081970215,
            0.25,
            -0.5619527697563171
          ],
          "rotationY":-81.90122180935144,
          "group":"Stick",
          "faces":{
            "north":{
              "texture":"#wood",
              "uv":[
                31.0,
                21.0,
                29.000001907348633,
                24.0
              ],
              "autoUv":false
            },
            "east":{
              "texture":"#wood",
              "uv":[
                1.0,
                1.0,
                5.000000476837158,
                4.0
              ],
              "autoUv":false
            },
            "south":{
              "texture":"#wood",
              "uv":[
                29.000001907348633,
                21.0,
                31.0,
                24.0
              ],
              "autoUv":false
            },
            "west":{
              "texture":"#wood",
              "uv":[
                2.0,
                11.000001907348633,
                6.0,
                13.999998092651367
              ],
              "autoUv":false
            },
            "up":{
              "texture":"#wood",
              "uv":[
                1.0,
                9.0,
                3.0,
                10.925590515136719
              ],
              "autoUv":false,
              "rotation":180
            },
            "down":{
              "texture":"#wood",
              "uv":[
                4.0,
                13.0,
                1.0,
                11.13248062133789
              ],
              "autoUv":false,
              "rotation":180
            }
          },
          "children":[]
        },
        {
          "name":"handle_stick 10",
          "from":[
            2.565186023712158,
            -0.39545154571533203,
            -0.9187594652175903
          ],
          "to":[
            3.6759285926818848,
            0.895451545715332,
            0.9926803112030029
          ],
          "rotationOrigin":[
            3.1205573081970215,
            0.25,
            0.0369604229927063
          ],
          "rotationX":3.927786557540895e-11,
          "rotationY":81.90122180935144,
          "rotationZ":-179.9999230466863,
          "group":"Stick",
          "faces":{
            "north":{
              "texture":"#wood",
              "uv":[
                31.0,
                21.0,
                29.000001907348633,
                24.0
              ],
              "autoUv":false,
              "rotation":180
            },
            "east":{
              "texture":"#wood",
              "uv":[
                6.0,
                21.000000953674316,
                2.0,
                23.999999046325684
              ],
              "autoUv":false,
              "rotation":180
            },
            "south":{
              "texture":"#wood",
              "uv":[
                29.000001907348633,
                21.0,
                31.0,
                24.0
              ],
              "autoUv":false,
              "rotation":180
            },
            "west":{
              "texture":"#wood",
              "uv":[
                5.000000476837158,
                1.0,
                1.0,
                4.0
              ],
              "autoUv":false,
              "rotation":180
            },
            "up":{
              "texture":"#wood",
              "uv":[
                4.0,
                11.13248062133789,
                1.0,
                13.0
              ],
              "autoUv":false,
              "rotation":180
            },
            "down":{
              "texture":"#wood",
              "uv":[
                1.0,
                10.925590515136719,
                3.0,
                9.0
              ],
              "autoUv":false,
              "rotation":180
            }
          },
          "children":[]
        },
        {
          "name":"handle_stick 11",
          "from":[
            4.690290212631226,
            -0.3960992395877838,
            -0.01594206690788269
          ],
          "to":[
            5.796639680862427,
            -0.015657693147659302,
            0.4863758981227875
          ],
          "rotationOrigin":[
            5.243464946746826,
            -0.20587846636772156,
            0.2352169156074524
          ],
          "group":"Stick",
          "faces":{
            "north":{
              "texture":"#wood",
              "uv":[
                12.0,
                12.0,
                14.0,
                13.0
              ],
              "autoUv":false
            },
            "east":{
              "texture":"#wood",
              "uv":[
                11.0,
                8.0,
                12.0,
                9.0
              ],
              "autoUv":false
            },
            "south":{
              "texture":"#wood",
              "uv":[
                19.0,
                22.0,
                21.0,
                23.0
              ],
              "autoUv":false
            },
            "west":{
              "texture":"#wood",
              "uv":[
                15.0,
                10.0,
                16.0,
                11.0
              ],
              "autoUv":false,
              "rotation":270
            },
            "up":{
              "texture":"#wood",
              "uv":[
                19.0,
                21.000001907348633,
                21.0,
                22.0
              ],
              "autoUv":false
            },
            "down":{
              "texture":"#wood",
              "uv":[
                13.0,
                12.000001907348633,
                11.0,
                11.0
              ],
              "autoUv":false,
              "rotation":180
            }
          },
          "children":[]
        }
      ]
    }
  ],
  "groups":[]
}