{
	"editor": {
		"allAngles": false,
		"entityTextureMode": false
	},
	"textureWidth": 16,
	"textureHeight": 16,
	"textureSizes": {
	},
	"textures": {
		"potato": "brazilpiratefoods:item/food/chopped"
	},
	"elements": [
		{
			"name": "Cube2",
			"from": [ 5.0, 0.0, 5.75 ],
			"to": [ 12.0, 1.0, 6.75 ],
			"rotationOrigin": [ 5.0, 0.0, 6.0 ],
			"faces": {
				"north": { "texture": "#potato", "uv": [ 0.0, 0.0, 7.0, 1.0 ] },
				"east": { "texture": "#potato", "uv": [ 0.0, 0.0, 1.0, 1.0 ] },
				"south": { "texture": "#potato", "uv": [ 0.0, 0.0, 7.0, 1.0 ] },
				"west": { "texture": "#potato", "uv": [ 0.0, 0.0, 1.0, 1.0 ] },
				"up": { "texture": "#potato", "uv": [ 0.0, 0.0, 7.0, 1.0 ] },
				"down": { "texture": "#potato", "uv": [ 0.0, 0.0, 7.0, 1.0 ] }
			}
		},
		{
			"name": "Cube3",
			"from": [ 5.0, 1.0, 8.75 ],
			"to": [ 13.0, 2.0, 9.75 ],
			"rotationOrigin": [ 5.0, 1.0, 9.0 ],
			"rotationY": 22.5,
			"faces": {
				"north": { "texture": "#potato", "uv": [ 2.5, 13.0, 10.5, 14.0 ] },
				"east": { "texture": "#potato", "uv": [ 3.0, 14.0, 4.0, 15.0 ] },
				"south": { "texture": "#potato", "uv": [ 1.5, 13.0, 9.5, 14.0 ] },
				"west": { "texture": "#potato", "uv": [ 2.5, 13.5, 3.5, 14.5 ] },
				"up": { "texture": "#potato", "uv": [ 1.0, 13.0, 9.0, 14.0 ] },
				"down": { "texture": "#potato", "uv": [ 1.5, 13.0, 9.5, 14.0 ] }
			}
		},
		{
			"name": "Cube4",
			"from": [ 6.0, 0.0, 8.25 ],
			"to": [ 12.0, 1.0, 9.25 ],
			"rotationOrigin": [ 6.0, 0.0, 8.0 ],
			"faces": {
				"north": { "texture": "#potato", "uv": [ 0.0, 0.0, 6.0, 1.0 ] },
				"east": { "texture": "#potato", "uv": [ 0.0, 0.0, 1.0, 1.0 ] },
				"south": { "texture": "#potato", "uv": [ 0.0, 0.0, 6.0, 1.0 ] },
				"west": { "texture": "#potato", "uv": [ 0.0, 0.0, 1.0, 1.0 ] },
				"up": { "texture": "#potato", "uv": [ 0.0, 0.0, 6.0, 1.0 ] },
				"down": { "texture": "#potato", "uv": [ 0.0, 0.0, 6.0, 1.0 ] }
			}
		},
		{
			"name": "Cube5",
			"from": [ 5.0, 1.0, 10.0 ],
			"to": [ 11.0, 2.0, 11.0 ],
			"rotationOrigin": [ 5.0, 1.0, 10.0 ],
			"rotationY": 22.5,
			"faces": {
				"north": { "texture": "#potato", "uv": [ 2.0, 13.0, 8.0, 14.0 ] },
				"east": { "texture": "#potato", "uv": [ 1.5, 9.5, 2.5, 10.5 ] },
				"south": { "texture": "#potato", "uv": [ 0.5, 8.0, 6.5, 9.0 ] },
				"west": { "texture": "#potato", "uv": [ 1.5, 9.5, 2.5, 10.5 ] },
				"up": { "texture": "#potato", "uv": [ 1.5, 9.0, 7.5, 10.0 ] },
				"down": { "texture": "#potato", "uv": [ 1.0, 10.0, 7.0, 11.0 ] }
			}
		},
		{
			"name": "Cube6",
			"from": [ 9.0, 2.0, 9.0 ],
			"to": [ 15.0, 3.0, 10.0 ],
			"rotationOrigin": [ 9.0, 2.0, 9.0 ],
			"rotationY": -22.5,
			"rotationZ": -22.5,
			"faces": {
				"north": { "texture": "#potato", "uv": [ 1.5, 13.5, 7.5, 14.5 ] },
				"east": { "texture": "#potato", "uv": [ 4.0, 12.5, 5.0, 13.5 ] },
				"south": { "texture": "#potato", "uv": [ 1.5, 12.5, 7.5, 13.5 ] },
				"west": { "texture": "#potato", "uv": [ 2.5, 13.5, 3.5, 14.5 ] },
				"up": { "texture": "#potato", "uv": [ 2.5, 12.5, 8.5, 13.5 ] },
				"down": { "texture": "#potato", "uv": [ 1.5, 13.5, 7.5, 14.5 ] }
			}
		},
		{
			"name": "Cube7",
			"from": [ 5.0, 0.0, 9.5 ],
			"to": [ 13.0, 1.0, 10.6 ],
			"rotationOrigin": [ 5.0, 0.0, 9.0 ],
			"faces": {
				"north": { "texture": "#potato", "uv": [ 0.0, 0.0, 8.0, 1.0 ] },
				"east": { "texture": "#potato", "uv": [ 0.0, 0.0, 1.0, 1.0 ] },
				"south": { "texture": "#potato", "uv": [ 0.0, 0.0, 8.0, 1.0 ] },
				"west": { "texture": "#potato", "uv": [ 0.0, 0.0, 1.0, 1.0 ] },
				"up": { "texture": "#potato", "uv": [ 0.0, 0.0, 8.0, 1.0 ] },
				"down": { "texture": "#potato", "uv": [ 0.0, 0.0, 8.0, 1.0 ] }
			}
		},
		{
			"name": "Cube8",
			"from": [ 5.0, 0.0, 7.0 ],
			"to": [ 13.0, 0.9, 8.0 ],
			"rotationOrigin": [ 5.0, 0.0, 7.0 ],
			"faces": {
				"north": { "texture": "#potato", "uv": [ 0.0, 5.0, 8.0, 5.5 ] },
				"east": { "texture": "#potato", "uv": [ 3.0, 5.5, 4.0, 6.0 ] },
				"south": { "texture": "#potato", "uv": [ 0.0, 0.0, 8.0, 0.5 ] },
				"west": { "texture": "#potato", "uv": [ 2.0, 4.5, 3.0, 5.0 ] },
				"up": { "texture": "#potato", "uv": [ 1.0, 9.5, 9.0, 10.5 ] },
				"down": { "texture": "#potato", "uv": [ 4.0, 8.0, 12.0, 9.0 ] }
			}
		},
		{
			"name": "Cube9",
			"from": [ 6.0, 2.0, 8.5 ],
			"to": [ 12.0, 3.0, 9.5 ],
			"rotationOrigin": [ 6.0, 2.0, 8.0 ],
			"rotationY": 45.0,
			"rotationZ": -22.5,
			"faces": {
				"north": { "texture": "#potato", "uv": [ 1.5, 13.5, 7.5, 14.5 ] },
				"east": { "texture": "#potato", "uv": [ 4.0, 12.5, 5.0, 13.5 ] },
				"south": { "texture": "#potato", "uv": [ 1.5, 12.5, 7.5, 13.5 ] },
				"west": { "texture": "#potato", "uv": [ 2.5, 13.5, 3.5, 14.5 ] },
				"up": { "texture": "#potato", "uv": [ 2.5, 12.5, 8.5, 13.5 ] },
				"down": { "texture": "#potato", "uv": [ 1.5, 13.5, 7.5, 14.5 ] }
			}
		}
	]}