{
	"editor": {
		"allAngles": false,
		"entityTextureMode": false
	},
	"textureWidth": 16,
	"textureHeight": 16,
	"textureSizes": {
	},
	"textures": {
		"chopped": "brazilpiratefoods:item/food/chopped"
	},
	"elements": [
		{
			"name": "potato1",
			"from": [ 7.25, 0.0, 7.25 ],
			"to": [ 8.75, 1.0, 8.75 ],
			"faces": {
				"north": { "texture": "#chopped", "uv": [ 4.0, 8.0, 8.0, 12.0 ], "autoUv": false },
				"east": { "texture": "#chopped", "uv": [ 4.0, 8.0, 8.0, 12.0 ], "autoUv": false },
				"south": { "texture": "#chopped", "uv": [ 4.0, 8.0, 8.0, 12.0 ], "autoUv": false },
				"west": { "texture": "#chopped", "uv": [ 4.0, 8.0, 8.0, 12.0 ], "autoUv": false },
				"up": { "texture": "#chopped", "uv": [ 4.0, 8.0, 8.0, 11.0 ], "autoUv": false },
				"down": { "texture": "#chopped", "uv": [ 4.0, 8.0, 8.0, 11.0 ], "autoUv": false }
			},
			"children": [
				{
					"name": "Cube2",
					"from": [ -1.5, 0.0, -1.0 ],
					"to": [ -0.5, 1.0, 0.0 ],
					"rotationOrigin": [ -1.0, 0.0, -1.0 ],
					"faces": {
						"north": { "texture": "#chopped", "uv": [ 0.0, 4.0, 4.0, 8.0 ], "autoUv": false },
						"east": { "texture": "#chopped", "uv": [ 0.0, 4.0, 4.0, 8.0 ], "autoUv": false },
						"south": { "texture": "#chopped", "uv": [ 0.0, 4.0, 4.0, 8.0 ], "autoUv": false },
						"west": { "texture": "#chopped", "uv": [ 0.0, 4.0, 4.0, 8.0 ], "autoUv": false },
						"up": { "texture": "#chopped", "uv": [ 0.0, 4.0, 4.0, 8.0 ], "autoUv": false },
						"down": { "texture": "#chopped", "uv": [ 0.0, 4.0, 4.0, 8.0 ], "autoUv": false }
					}
				},
				{
					"name": "Cube3",
					"from": [ 1.5, 0.0, -1.0 ],
					"to": [ 2.5, 1.0, 0.0 ],
					"rotationOrigin": [ 2.0, 0.0, -1.0 ],
					"faces": {
						"north": { "texture": "#chopped", "uv": [ 4.0, 0.0, 8.0, 4.0 ], "autoUv": false },
						"east": { "texture": "#chopped", "uv": [ 4.0, 0.0, 8.0, 4.0 ], "autoUv": false },
						"south": { "texture": "#chopped", "uv": [ 4.0, 0.0, 8.0, 4.0 ], "autoUv": false },
						"west": { "texture": "#chopped", "uv": [ 4.0, 0.0, 8.0, 4.0 ], "autoUv": false },
						"up": { "texture": "#chopped", "uv": [ 4.0, 0.0, 8.0, 4.0 ], "autoUv": false },
						"down": { "texture": "#chopped", "uv": [ 4.0, 0.0, 8.0, 4.0 ], "autoUv": false }
					}
				},
				{
					"name": "Cube4",
					"from": [ 1.75, 0.0, 1.0 ],
					"to": [ 3.0, 0.75, 2.25 ],
					"rotationOrigin": [ 2.0, 0.0, 1.0 ],
					"faces": {
						"north": { "texture": "#chopped", "uv": [ 0.0, 16.0, 4.0, 12.0 ], "autoUv": false },
						"east": { "texture": "#chopped", "uv": [ 0.0, 16.0, 4.0, 12.0 ], "autoUv": false },
						"south": { "texture": "#chopped", "uv": [ 0.0, 16.0, 4.0, 12.0 ], "autoUv": false },
						"west": { "texture": "#chopped", "uv": [ 0.0, 16.0, 4.0, 12.0 ], "autoUv": false },
						"up": { "texture": "#chopped", "uv": [ 2.0, 16.0, 6.0, 12.0 ], "autoUv": false },
						"down": { "texture": "#chopped", "uv": [ 0.0, 16.0, 4.0, 12.0 ], "autoUv": false }
					}
				},
				{
					"name": "potato2",
					"from": [ -2.0, 0.0, 1.0 ],
					"to": [ -0.5, 1.0, 2.5 ],
					"rotationOrigin": [ -9.25, 0.0, -6.25 ],
					"faces": {
						"north": { "texture": "#chopped", "uv": [ 7.0, 10.0, 10.5, 13.0 ], "autoUv": false },
						"east": { "texture": "#chopped", "uv": [ 9.5, 9.5, 13.0, 12.5 ], "autoUv": false },
						"south": { "texture": "#chopped", "uv": [ 4.5, 9.5, 8.0, 12.5 ], "autoUv": false },
						"west": { "texture": "#chopped", "uv": [ 7.0, 9.5, 10.5, 12.5 ], "autoUv": false },
						"up": { "texture": "#chopped", "uv": [ 7.0, 9.0, 11.5, 13.5 ], "autoUv": false },
						"down": { "texture": "#chopped", "uv": [ 6.5, 9.0, 10.0, 12.5 ], "autoUv": false }
					}
				}
			]
		}
	]}