{
	"editor": {
		"collapsedPaths": "",
		"allAngles": false,
		"entityTextureMode": false
	},
	"textureWidth": 16,
	"textureHeight": 16,
	"textureSizes": {
	},
	"textures": {
		"snowcover": "block/liquid/snow/normal1"
	},
	"elements": [
		{
			"name": "snow",
			"from": [ 0, 0.01, 0 ],
			"to": [ 16, 2.0, 16 ],
			"rotationOrigin": [ 0.0, 8.0, 0.0 ],
			"faces": {
				"north": { "texture": "#snowcover", "uv": [ 0.0, 0.0, 15.5, 1.5 ] },
				"east": { "texture": "#snowcover", "uv": [ 0.0, 0.0, 15.5, 1.5 ] },
				"south": { "texture": "#snowcover", "uv": [ 0.0, 0.0, 15.5, 1.5 ] },
				"west": { "texture": "#snowcover", "uv": [ 0.0, 0.0, 15.5, 1.5 ] },
				"up": { "texture": "#snowcover", "uv": [ 0.0, 0.0, 15.5, 15.5 ], "rotation": 180 },
				"down": { "texture": "#snowcover", "uv": [ 0.0, 0.0, 15.5, 15.5 ], "rotation": 180 }
			}
		}
	]}