{
   "code":"snail",
   "maxstacksize":12,
   "class":"ItemCreature",
   "shape":{
      "base":"entity/land/snail/snail-small-shell"
   },
   "texture":{
      "base":"entity/snail/snail_norm"
   },
	variantgroups: [
		{ code: "source", states: ["snail"] },
		{ code: "type", states: ["default"] },
	],   
   "creativeinventory":{
      "general":[
         "*"
      ],
      "items":[
         "*"
      ]
   },
   "materialDensity":200,
   "guiTransform":{
      "translation":{
         "x":0,
         "y":0,
         "z":0
      },
      "rotation":{
         "x":-30,
         "y":-20,
         "z":0
      },
      "origin":{
         "x":0.49,
         "y":0.02,
         "z":0.5
      },
      "scale":5.95
   },
   "tpHandTransform":{
      "translation":{
         "x":-0.8,
         "y":-0.25,
         "z":-0.6
      },
      "scale":0.71
   },
   "fpHandTransform":{
      "translation":{
         "x":0,
         "y":-0.1,
         "z":0
      },
      "rotation":{
         "x":180,
         "y":90,
         "z":22
      }
   },
   "groundTransform":{
      "translation":{
         "x":0,
         "y":0,
         "z":0
      },
      "rotation":{
         "x":0,
         "y":0,
         "z":0
      },
      "origin":{
         "x":0.5,
         "y":0,
         "z":0.5
      },
      "scale":5
   },
   "transitionableProps":[
      {
         "type":"Perish",
         "freshHours":{
            "avg":120
         },
         "transitionHours":{
            "avg":24
         },
         "transitionedStack":{
            "type":"item",
            "code":"game:rot"
         },
         "transitionRatio":0.5
      }
   ]
}