{
	"editor": {
		"collapsedPaths": ",Root/originbottom/originglass,Root/originbottom/BRFence,Root/originbottom/BBFence,Root/originbottom/BLFence",
		"allAngles": false,
		"entityTextureMode": false
	},
	"textureWidth": 16,
	"textureHeight": 16,
	"textureSizes": {},
	"textures": {
		"surface": "game:block/wood/shelf/surface"
	},
	"elements": [
		{
			"name": "originbottom",
			"from": [ 1.0, 0.0, 1.0 ],
			"to": [ 15.0, 1.0, 15.0 ],
			"rotationOrigin": [ 1.0, 0.0, 1.0 ],
			"faces": {
				"up": { "texture": "#surface", "uv": [ 0.0, 3.0, 16.0, 16.0 ], "autoUv": false },
				"down": { "texture": "#surface", "uv": [ 0.0, 3.0, 16.0, 16.0 ], "autoUv": false }
			},
			"children": [
				{
					"name": "BRFence",
					"from": [ 14.0, 0.0, -1.0 ],
					"to": [ 15.0, 12.0, 15.0 ],
					"rotationOrigin": [ 14.0, 0.0, -1.0 ],
					"faces": {
						"east": { "texture": "#surface", "uv": [ 0.0, 5.0, 16.0, 16.0 ], "autoUv": false },
						"south": { "texture": "#surface", "uv": [ 3.5, 3.5, 15.5, 4.5 ], "rotation": 90 },
						"west": { "texture": "#surface", "uv": [ 0.0, 5.0, 16.0, 16.0 ], "autoUv": false },
						"down": { "texture": "#surface", "uv": [ 0.0, 6.5, 16.0, 7.5 ], "rotation": 270 }
					},
					"children": [
						{
							"name": "BRFence2",
							"from": [ 0.01, 12.1, 1.0 ],
							"to": [ 0.99, 15.98, 16.53 ],
							"rotationOrigin": [ 0.0, 16.0, 1.1 ],
							"rotationX": 14.95,
							"faces": {
								"east": { "texture": "#surface", "uv": [ 0.5, 3.0, 16.0, 6.5 ] },
								"west": { "texture": "#surface", "uv": [ 0.5, 3.0, 16.0, 6.5 ] },
								"up": { "texture": "#surface", "uv": [ 0.0, 7.5, 16.0, 8.5 ], "rotation": 270, "autoUv": false }
							}
						}
					]
				},
				{
					"name": "BBFence",
					"from": [ -1.0, 0.0, -1.0 ],
					"to": [ 15.0, 12.0, 0.0 ],
					"rotationOrigin": [ -1.0, 0.0, -1.0 ],
					"faces": {
						"north": { "texture": "#surface", "uv": [ 0.0, 5.0, 16.0, 16.0 ], "autoUv": false },
						"south": { "texture": "#surface", "uv": [ 0.0, 5.0, 16.0, 16.0 ], "autoUv": false },
						"down": { "texture": "#surface", "uv": [ 0.0, 3.0, 16.0, 4.0 ] }
					},
					"children": [
						{
							"name": "BBFence2",
							"from": [ 0.0, 12.0, 0.0 ],
							"to": [ 16.0, 16.0, 1.0 ],
							"rotationOrigin": [ 0.0, 12.0, 0.0 ],
							"faces": {
								"north": { "texture": "#surface", "uv": [ 0.0, 3.0, 16.0, 7.0 ] },
								"east": { "texture": "#surface", "uv": [ 12.0, 15.0, 16.0, 16.0 ], "rotation": 270 },
								"south": { "texture": "#surface", "uv": [ 0.0, 12.0, 16.0, 16.0 ], "rotation": 180 },
								"west": { "texture": "#surface", "uv": [ 12.0, 3.0, 16.0, 4.0 ], "rotation": 270 },
								"up": { "texture": "#surface", "uv": [ 0.0, 3.0, 16.0, 4.0 ] }
							}
						}
					]
				},
				{
					"name": "FFence",
					"from": [ 0.0, 0.0, 14.0 ],
					"to": [ 1.0, 12.0, 28.0 ],
					"rotationOrigin": [ 0.0, 0.0, 14.0 ],
					"rotationY": 90.0,
					"faces": {
						"east": { "texture": "#surface", "uv": [ 1.0, 3.0, 15.0, 15.0 ] },
						"west": { "texture": "#surface", "uv": [ 1.0, 3.0, 15.0, 15.0 ] },
						"up": { "texture": "#surface", "uv": [ 1.0, 15.0, 15.0, 16.0 ], "rotation": 90 }
					}
				},
				{
					"name": "BLFence",
					"from": [ -1.0, 0.0, -1.0 ],
					"to": [ 0.0, 12.0, 15.0 ],
					"rotationOrigin": [ -1.0, 0.0, -1.0 ],
					"faces": {
						"east": { "texture": "#surface", "uv": [ 0.0, 5.0, 16.0, 16.0 ], "autoUv": false },
						"south": { "texture": "#surface", "uv": [ 3.5, 3.5, 15.5, 4.5 ], "rotation": 90 },
						"west": { "texture": "#surface", "uv": [ 0.0, 5.0, 16.0, 16.0 ], "autoUv": false },
						"down": { "texture": "#surface", "uv": [ 0.0, 6.5, 16.0, 7.5 ], "rotation": 270 }
					},
					"children": [
						{
							"name": "BLFence2",
							"from": [ 0.01, 12.1, 1.0 ],
							"to": [ 0.99, 15.98, 16.53 ],
							"rotationOrigin": [ 0.0, 16.0, 1.1 ],
							"rotationX": 14.95,
							"faces": {
								"east": { "texture": "#surface", "uv": [ 0.5, 3.0, 16.0, 6.5 ] },
								"west": { "texture": "#surface", "uv": [ 0.5, 3.0, 16.0, 6.5 ] },
								"up": { "texture": "#surface", "uv": [ 0.0, 7.5, 16.0, 8.5 ], "rotation": 270, "autoUv": false }
							}
						}
					]
				}
			]
		}
	]}