{
  "textureWidth":16,
  "textureHeight":16,
  "textures":{
    "grip":"game:block/leather/plain"
  },
  "textureSizes":{
    "grip":[
      32,
      32
    ]
  },
  "elements":[
    {
      "name":"origin",
      "from":[
        11.0,
        0.5,
        7.699999988079071
      ],
      "to":[
        11.0,
        0.5,
        7.699999988079071
      ],
      "rotationOrigin":[
        8.0,
        0.0,
        8.0
      ],
      "group":"bone_fabric",
      "faces":{
        "north":{
          "texture":"#0",
          "uv":[
            0,
            0,
            4,
            4
          ],
          "autoUv":false
        },
        "east":{
          "texture":"#0",
          "uv":[
            0,
            0,
            4,
            4
          ],
          "autoUv":false
        },
        "south":{
          "texture":"#0",
          "uv":[
            0,
            0,
            4,
            4
          ],
          "autoUv":false
        },
        "west":{
          "texture":"#0",
          "uv":[
            0,
            0,
            4,
            4
          ],
          "autoUv":false
        },
        "up":{
          "texture":"#grip",
          "uv":[
            0.0,
            0.0,
            1.0,
            1.0
          ],
          "autoUv":false,
          "rotation":180
        },
        "down":{
          "texture":"#0",
          "uv":[
            0,
            0,
            4,
            4
          ],
          "autoUv":false
        }
      },
      "children":[
        {
          "name":"bone_fabric1",
          "from":[
            -6.842671871185303,
            -0.5569286942481995,
            0.641381025314331
          ],
          "to":[
            -2.6599371433258057,
            0.5569286942481995,
            1.75523841381073
          ],
          "rotationOrigin":[
            -4.751304626464844,
            0.0,
            1.1983097195625305
          ],
          "group":"bone_fabric",
          "faces":{
            "north":{
              "texture":"#grip",
              "uv":[
                8.0,
                12.0,
                16.0,
                14.0
              ],
              "autoUv":false
            },
            "east":{
              "texture":"#grip",
              "uv":[
                16.0,
                12.0,
                18.0,
                14.0
              ],
              "autoUv":false
            },
            "south":{
              "texture":"#grip",
              "uv":[
                8.000000953674316,
                14.0,
                16.0,
                16.0
              ],
              "autoUv":false
            },
            "west":{
              "texture":"#grip",
              "uv":[
                16.0,
                14.000001907348633,
                18.0,
                16.0
              ],
              "autoUv":false
            },
            "up":{
              "texture":"#grip",
              "uv":[
                8.000000953674316,
                18.0,
                15.999998092651367,
                20.0
              ],
              "autoUv":false
            },
            "down":{
              "texture":"#grip",
              "uv":[
                16.0,
                18.0,
                8.000000953674316,
                16.0
              ],
              "autoUv":false
            }
          },
          "children":[]
        }
      ]
    }
  ],
  "groups":[]
}