{
    "code": "snail-helix",
    "class": "EntitySnailPickupBig",
    "canClimb": true,
    "canClimbAnywhere": true,
    "climbTouchDistance": 0.075,
    "rotateModelOnClimb": true,
    "fallDamageMultiplier": 0,
    "hitboxSize": {
        "x": 0.4,
        "y": 0.4
    },
    "attributes": {
        "handbook": {
            "groupcode": "thecritterpack:creaturegroup-snail"
        }
    },
    "eyeHeight": 0.3,
    "client": {
        "renderer": "Shape",
        "shape": {
            "base": "entity/land/snail/snail-helix-pomatia-shape"
        },
        "texture": {
            "base": "entity/snail/snail-helix-shell",
        },
        "size": 1.20,
        "behaviors": [
            {
                "code": "controlledphysics",
                "stepHeight": 1.1251
            },
            {
                "code": "interpolateposition"
            },			
            {
                "code": "despawn",
                "minPlayerDistance": 8,
                "belowLightLevel": 4,
                "minSeconds": 200
            }
        ],
        "animations": [
            {
                "code": "hurt",
                "animation": "hurt",
                "animationSpeed": 2.2,
                "weight": 10,
                "blendMode": "AddAverage"
            },
            {
                "code": "idle",
                "animation": "idle",
                "blendMode": "AddAverage",
                "easeOutSpeed": 4,
                "triggeredBy": {
                    "defaultAnim": true
                }
            },
            {
                "code": "sleep",
                "animation": "sleep",
                "easeInSpeed": 4,
                "easeOutSpeed": 4,
                "blendMode": "Average"
            },
			{
				code: "die",
				animation: "death", 
				animationSpeed: 1.25,
				weight: 10,
				blendMode: "Average",
			},
			
				
        ]
    },
   "server":{
      "attributes":{
         "pathfinder":{
            "minTurnAnglePerSec":1337,
            "maxTurnAnglePerSec":7331
         }
      },
      "behaviors":[
         {
            "code":"controlledphysics",
            "stepHeight":1.1251
         },
         {
            "code":"despawn",
            "minPlayerDistance":8,
            "belowLightLevel":7,
            "minSeconds":300
         },
         {
            "code":"despawn",
            "minPlayerDistance":32,
			"belowLightLevel":10,
            "minSeconds":120
         },
         {
            "code":"health",
            "currenthealth":0.5,
            "maxhealth":0.5
         },
         {
            "code":"floatupwhenstuck",
            "onlyWhenDead":true
         },
         {
            "code":"taskai",
            "aiCreatureType":"LandCreature",
            "aitasks":[
               {
                  "code":"fleeentity",
                  "entityCodes":[
                     "thecritterpack:hedgehog-*"
                  ],
                  "priority":1.5,
                  "movespeed":0.0005,
                  "animationSpeed":1.4,
                  "seekingRange":7,
                  "animation":"walk"
               },
               {
                  "code":"idle",
                  "priority":1.2,
                  "minduration":2500,
                  "maxduration":2500,
                  "mincooldown":1000,
                  "maxcooldown":10000,
                  "priorityForCancel":1.28,
                  "animation":"idle"
               },
               {
                  "code":"idle",
                  "priority":1.1,
                  "minduration":1000,
                  "maxduration":3000,
                  "mincooldown":2000,
                  "maxcooldown":30000,
                  "animation":"idle"
               },
               {
                  "code":"wander",
                  "priority":1.2,
                  "movespeed":0.0005,
                  "animationSpeed":1.2,
                  "animation":"Walk",
                  "wanderChance":0.2
               },
               {
                  "code":"idle",
                  "priority":0.95,
                  "minduration":5000000,
                  "maxduration":5000000,
                  "mincooldown":5000,
                  "maxcooldown":15000,
                  "priorityForCancel":1.33,
                  "animation":"Sleep",
                  "duringDayTimeFrames":[
                     {
                        "fromHour":10,
                        "toHour":18
                     }
                  ],
				  preferredLightLevel: 16,
                  "stopOnHurt":true
               },
               {
                  "code":"idle",
                  "priority":0.9,
                  "minduration":6000,
                  "maxduration":40000,
                  "mincooldown":2000,
                  "maxcooldown":120000,
                  "priorityForCancel":1.28,
                  "animation":"idle"
               },
               {
                  "code":"getoutofwater",
                  "priority":0.8,
                  "movespeed":0.014,
                  "animation":"walk"
               },
               {
                  "code":"lookaround",
                  "priority":0.5
               },
               {
                  "code":"stayclosetoentity",
                  "priority":2.4,
                  "entityCode":[
                     "snail-*"
                  ],
                  "movespeed":0.0005,
                  "maxDistance":4,
                  "searchRange":10,
                  "animation":"walk"
               }
            ]
         }
      ],
      "spawnconditions":{
         "worldgen":{
            "TriesPerChunk":{
               "avg":0.0,
               "var":0.1
            },
            "tryOnlySurface":true,
			"maxLightLevel": 20,
            "minLightLevel":7,
            "groupSize":{
               "dist":"invexp",
               "avg":1,
               "var":0
            },
            "insideBlockCodes":[
               "game:air",
               "game:tallgrass-*",
               "game:mushroom-*",
               "game:block-mushroom-*",
			"game:flower-*",			   
            ],
            "minTemp":5,
            "maxTemp":20,
            "minRain":0.38,
            "maxRain":1.2,
            "minForestOrShrubs":0.3,
            "maxForest":2,
            "maxShrubs":0.9,
         },
                "runtime":{
            "group":"passive",
            "tryOnlySurface":true,
            "chance":0.008,
            "spawnCapPlayerScaling":0.4,
            "maxQuantity":4,
            "__comment":"Make them spawn away from artifical light so they don't spawn inside farmland",
			"maxLightLevel": 20,
            "minLightLevel":7,			
            "groupSize":{
               "dist":"invexp",
               "avg":1.0,
               "var":0.5
            },
            "insideBlockCodes":[
                    "game:mushroom-*",
                    "*-mushroom-*",
			"game:flower-*",
			"game:tallgrass-*",
            ],
            "minTemp":5,
            "maxTemp":25,
            "minRain":0.38,
            "maxRain":1.0,
            "minShrubs":0.2,
            "maxForest":1,
            "maxShrubs":0.9
         }
      }
   }
}