{
  "version": 1.0,
  "file": "realmeat.json",
  "settings": {
    "integer": {
      "TINY_MEAT_MULTIPLIER": {
        "name": "TinyMeatMultiplier",
        "ingui": "realmeat:TinyMeatMultiplier",
        "weight": 1,
        "comment": "realmeat:TinyMeatMultiplier-Comment",
        "default": 40,
        "range": { "min": 0, "max": 500 }
      },
      "TINY_FAT_MULTIPLIER": {
        "name": "TinyFatMultiplier",
        "ingui": "realmeat:TinyFatMultiplier",
        "weight": 2,
        "comment": "realmeat:TinyFatMultiplier-Comment",
        "default": 30,
        "range": { "min": 0, "max": 500 }
      },
      "SMALL_MEAT_MULTIPLIER": {
        "name": "SmallMeatMultiplier",
        "ingui": "realmeat:SmallMeatMultiplier",
        "weight": 3,
        "comment": "realmeat:SmallMeatMultiplier-Comment",
        "default": 50,
        "range": { "min": 0, "max": 500 }
      },
      "SMALL_FAT_MULTIPLIER": {
        "name": "SmallFatMultiplier",
        "ingui": "realmeat:SmallFatMultiplier",
        "weight": 4,
        "comment": "realmeat:SmallFatMultiplier-Comment",
        "default": 40,
        "range": { "min": 0, "max": 500 }
      },
      "MEDIUM_MEAT_MULTIPLIER": {
        "name": "MediumMeatMultiplier",
        "ingui": "realmeat:MediumMeatMultiplier",
        "weight": 5,
        "comment": "realmeat:MediumMeatMultiplier-Comment",
        "default": 25,
        "range": { "min": 0, "max": 500 }
      },
      "MEDIUM_FAT_MULTIPLIER": {
        "name": "MediumFatMultiplier",
        "ingui": "realmeat:MediumFatMultiplier",
        "weight": 6,
        "comment": "realmeat:MediumFatMultiplier-Comment",
        "default": 25,
        "range": { "min": 0, "max": 500 }
      },
      "LARGE_MEAT_MULTIPLIER": {
        "name": "LargeMeatMultiplier",
        "ingui": "realmeat:LargeMeatMultiplier",
        "weight": 7,
        "comment": "realmeat:LargeMeatMultiplier-Comment",
        "default": 25,
        "range": { "min": 0, "max": 500 }
      },
      "LARGE_FAT_MULTIPLIER": {
        "name": "LargeFatMultiplier",
        "ingui": "realmeat:LargeFatMultiplier",
        "weight": 8,
        "comment": "realmeat:LargeFatMultiplier-Comment",
        "default": 25,
        "range": { "min": 0, "max": 500 }
      },
      "HUGE_MEAT_MULTIPLIER": {
        "name": "HugeMeatMultiplier",
        "ingui": "realmeat:HugeMeatMultiplier",
        "weight": 9,
        "comment": "realmeat:HugeMeatMultiplier-Comment",
        "default": 20,
        "range": { "min": 0, "max": 500 }
      },
      "HUGE_FAT_MULTIPLIER": {
        "name": "HugeFatMultiplier",
        "ingui": "realmeat:HugeFatMultiplier",
        "weight": 10,
        "comment": "realmeat:HugeFatMultiplier-Comment",
        "default": 20,
        "range": { "min": 0, "max": 500 }
      },
      "HIDE_MULTIPLIER": {
        "name": "HideMultiplier",
        "ingui": "realmeat:HideMultiplier",
        "weight": 11,
        "comment": "realmeat:HideMultiplier-Comment",
        "default": 100,
        "range": { "min": 0, "max": 500 }
      },
      "BONE_MULTIPLIER": {
        "name": "BoneMultiplier",
        "ingui": "realmeat:BoneMultiplier",
        "weight": 12,
        "comment": "realmeat:BoneMultiplier-Comment",
        "default": 100,
        "range": { "min": 0, "max": 500 }
      },
      "BLOOD_MULTIPLIER": {
        "name": "BloodMultiplier",
        "ingui": "realmeat:BloodMultiplier",
        "weight": 13,
        "comment": "realmeat:BloodMultiplier-Comment",
        "default": 100,
        "range": { "min": 0, "max": 500 }
      },
      "PRIMEMEAT_MULTIPLIER": {
        "name": "PrimeMeatMultiplier",
        "ingui": "realmeat:PrimeMeatMultiplier",
        "weight": 14,
        "comment": "realmeat:PrimeMeatMultiplier-Comment",
        "default": 100,
        "range": { "min": 0, "max": 500 }
      },
      "SINEW_MULTIPLIER": {
        "name": "SinewMultiplier",
        "ingui": "realmeat:SinewMultiplier",
        "weight": 15,
        "comment": "realmeat:SinewMultiplier-Comment",
        "default": 100,
        "range": { "min": 0, "max": 500 }
      },
      "IVORY_MULTIPLIER": {
        "name": "IvoryMultiplier",
        "ingui": "realmeat:IvoryMultiplier",
        "weight": 16,
        "comment": "realmeat:IvoryMultiplier-Comment",
        "default": 100,
        "range": { "min": 0, "max": 500 }
      },
      "TEMP_FREEZING_MULTIPLIER": {
        "name": "TempFreezingMultiplier",
        "ingui": "realmeat:TempFreezingMultiplier",
        "weight": 17,
        "comment": "realmeat:TempFreezingMultiplier-Comment",
        "default": 500,
        "range": { "min": 100, "max": 1000 }
      },
      "TEMP_COLD_MULTIPLIER": {
        "name": "TempColdMultiplier",
        "ingui": "realmeat:TempColdMultiplier",
        "weight": 18,
        "comment": "realmeat:TempColdMultiplier-Comment",
        "default": 200,
        "range": { "min": 100, "max": 500 }
      },
      "TEMP_STANDARD_MULTIPLIER": {
        "name": "TempStandardMultiplier",
        "ingui": "realmeat:TempStandardMultiplier",
        "weight": 19,
        "comment": "realmeat:TempStandardMultiplier-Comment",
        "default": 100,
        "range": { "min": 10, "max": 500 }
      },
      "TEMP_HOT_MULTIPLIER": {
        "name": "TempHotMultiplier",
        "ingui": "realmeat:TempHotMultiplier",
        "weight": 20,
        "comment": "realmeat:TempHotMultiplier-Comment",
        "default": 50,
        "range": { "min": 10, "max": 500 }
      },
      "FAT_FRESH_HOURS": {
        "name": "FatFreshHours",
        "ingui": "realmeat:FatFreshHours",
        "weight": 21,
        "comment": "realmeat:FatFreshHours-Comment",
        "default": 2520,
        "range": { "min": 24, "max": 10000 }
      },
      "FAT_TRANSITION_HOURS": {
        "name": "FatTransitionHours",
        "ingui": "realmeat:FatTransitionHours",
        "weight": 22,
        "comment": "realmeat:FatTransitionHours-Comment",
        "default": 48,
        "range": { "min": 1, "max": 500 }
      },
      "TEMP_FREEZING_THRESHOLD": {
        "name": "TempFreezingThreshold",
        "ingui": "realmeat:TempFreezingThreshold",
        "weight": 23,
        "comment": "realmeat:TempFreezingThreshold-Comment",
        "default": 0,
        "range": { "min": -30, "max": 10 }
      },
      "TEMP_COLD_THRESHOLD": {
        "name": "TempColdThreshold",
        "ingui": "realmeat:TempColdThreshold",
        "weight": 24,
        "comment": "realmeat:TempColdThreshold-Comment",
        "default": 15,
        "range": { "min": 5, "max": 25 }
      },
      "TEMP_HOT_THRESHOLD": {
        "name": "TempHotThreshold",
        "ingui": "realmeat:TempHotThreshold",
        "weight": 25,
        "comment": "realmeat:TempHotThreshold-Comment",
        "default": 30,
        "range": { "min": 20, "max": 40 }
      }
    },
    "boolean": {
      "ENABLE_TEMPERATURE_PERISHABILITY": {
        "name": "EnableTemperaturePerishability",
        "ingui": "realmeat:EnableTemperaturePerishability",
        "weight": 26,
        "comment": "realmeat:EnableTemperaturePerishability-Comment",
        "default": true
      },
      "ENABLE_FAT_PERISHABILITY": {
        "name": "EnableFatPerishability",
        "ingui": "realmeat:EnableFatPerishability",
        "weight": 27,
        "comment": "realmeat:EnableFatPerishability-Comment",
        "default": true
      },
      "APPLY_TO_MODDED_ANIMALS": {
        "name": "ApplyToModdedAnimals",
        "ingui": "realmeat:ApplyToModdedAnimals",
        "weight": 28,
        "comment": "realmeat:ApplyToModdedAnimals-Comment",
        "default": true
      }
    }
  },
  "formatting": [
    {
      "type": "separator",
      "title": "realmeat:AnimalSizeTiny-Config",
      "weight": 0.5
    },
    {
      "type": "separator",
      "title": "realmeat:AnimalSizeSmall-Config",
      "weight": 2.5
    },
    {
      "type": "separator",
      "title": "realmeat:AnimalSizeMedium-Config",
      "weight": 4.5
    },
    {
      "type": "separator",
      "title": "realmeat:AnimalSizeLarge-Config",
      "weight": 6.5
    },
    {
      "type": "separator",
      "title": "realmeat:AnimalSizeHuge-Config",
      "weight": 8.5
    },
    {
      "type": "separator",
      "title": "realmeat:OtherDrops-Config",
      "weight": 10.5
    },
    {
      "type": "separator",
      "title": "realmeat:TemperaturePerishability-Config",
      "weight": 16.5
    },
    {
      "type": "separator",
      "title": "realmeat:FatPerishability-Config",
      "weight": 20.5
    },
    {
      "type": "separator",
      "title": "realmeat:Compatibility-Config",
      "weight": 25.5
    }
  ]
}
