{
	"inheritFrom": "blocktypes/wood/typed/log-half-corner",
	"code": "loghalf",
	"variantgroups": [
		{ "code": "type", "states": [ "barkedcorner", "debarkedcorner" ] },
		{ "code": "wood", "states": [ "darkaged", "lightaged" ] },
		{ "code":"side", "loadFromProperties": "game:abstract/horizontalorientation" }
	],
	"skipVariants": [ "*-lightaged-*" ],
	"texturesByType": {
		"loghalf-barkedcorner-*": {
			"bark": { "base": "game:block/wood/bark/{wood}", "rotation": 180 },
			"barkup": { "base": "game:block/wood/bark/{wood}", "rotation": 180 },
			"core": { "base": "game:block/wood/treetrunk/{wood}" },
			"ends": { "base": "game:block/wood/treetrunk/{wood}" }
		},
		"loghalf-debarkedcorner-*": {
			"bark": { "base": "game:block/wood/debarked/{wood}", "rotation": 180 },
			"barkup": { "base": "game:block/wood/debarked/{wood}", "rotation": 180 },
			"core": { "base": "game:block/wood/treetrunk/{wood}" },
			"ends": { "base": "game:block/wood/treetrunk/{wood}" }
		}
	},
	"combustiblePropsByType": {
		"*": {
			"burnTemperature": 800,
			"burnDuration": 72
		}
	}
}