{
	"editor": {
		"collapsedPaths": "Root,Root/origin/beeg/medium2,Root/origin/beeg/medium3,Root/origin/beeg/medium4",
		"allAngles": true,
		"entityTextureMode": false
	},
	"textureWidth": 16,
	"textureHeight": 16,
	"textureSizes": {
	},
	"textures": {
		"club": "mycodiversity:block/plant/mushroom/club"
	},
	"elements": [
		{
			"name": "origin",
			"from": [ 8.0, 0.0, 8.0 ],
			"to": [ 8.0, 0.0, 8.0 ],
			"rotationOrigin": [ 8.0, 0.0, 8.0 ],
			"faces": {
				"north": { "texture": "#club", "uv": [ 0.0, 0.0, 0.5, 0.5 ] },
				"east": { "texture": "#club", "uv": [ 0.0, 0.0, 0.5, 0.5 ] },
				"south": { "texture": "#club", "uv": [ 0.0, 0.0, 0.5, 0.5 ] },
				"west": { "texture": "#club", "uv": [ 0.0, 0.0, 0.5, 0.5 ] },
				"up": { "texture": "#club", "uv": [ 0.0, 0.0, 0.5, 0.5 ] },
				"down": { "texture": "#club", "uv": [ 0.0, 0.0, 0.5, 0.5 ] }
			},
			"children": [
				{
					"name": "Cube2",
					"from": [ 3.0, -0.2, 3.0 ],
					"to": [ 3.5, 1.3, 3.5 ],
					"rotationOrigin": [ 3.25, -0.2, 3.25 ],
					"rotationX": -17.0,
					"rotationZ": -17.0,
					"faces": {
						"north": { "texture": "#club", "uv": [ 6.0, 10.5, 6.5, 12.0 ] },
						"east": { "texture": "#club", "uv": [ 6.5, 11.0, 7.0, 12.5 ] },
						"south": { "texture": "#club", "uv": [ 7.0, 9.5, 7.5, 11.0 ] },
						"west": { "texture": "#club", "uv": [ 6.5, 10.5, 7.0, 12.0 ] },
						"up": { "texture": "#club", "uv": [ 6.0, 3.5, 6.5, 4.0 ] },
						"down": { "texture": "#club", "uv": [ 6.5, 2.0, 7.0, 2.5 ] }
					},
					"children": [
						{
							"name": "Cube4",
							"from": [ 0.0, 1.4, 0.0 ],
							"to": [ 0.5, 2.4, 0.5 ],
							"rotationOrigin": [ 0.0, 1.4, 0.0 ],
							"rotationZ": -22.0,
							"faces": {
								"north": { "texture": "#club", "uv": [ 6.5, 2.5, 7.0, 3.5 ] },
								"east": { "texture": "#club", "uv": [ 6.5, 4.0, 7.0, 5.0 ] },
								"south": { "texture": "#club", "uv": [ 6.5, 4.0, 7.0, 5.0 ] },
								"west": { "texture": "#club", "uv": [ 6.5, 5.0, 7.0, 6.0 ] },
								"up": { "texture": "#club", "uv": [ 7.0, 2.0, 7.5, 2.5 ] },
								"down": { "texture": "#club", "uv": [ 6.5, 2.0, 7.0, 2.5 ] }
							}
						}
					]
				},
				{
					"name": "Cube9",
					"from": [ 2.0, -0.3, 3.0 ],
					"to": [ 2.5, 1.2, 3.5 ],
					"rotationOrigin": [ 2.25, -0.3, 3.25 ],
					"rotationX": 14.0,
					"rotationY": 36.0,
					"rotationZ": 17.0,
					"faces": {
						"north": { "texture": "#club", "uv": [ 6.5, 10.0, 7.0, 11.5 ] },
						"east": { "texture": "#club", "uv": [ 6.0, 10.0, 6.5, 11.5 ] },
						"south": { "texture": "#club", "uv": [ 7.0, 11.0, 7.5, 12.5 ] },
						"west": { "texture": "#club", "uv": [ 7.0, 10.0, 7.5, 11.5 ] },
						"up": { "texture": "#club", "uv": [ 6.0, 2.0, 6.5, 2.5 ] },
						"down": { "texture": "#club", "uv": [ 6.0, 2.0, 6.5, 2.5 ] }
					},
					"children": [
						{
							"name": "Cube10",
							"from": [ 0.0, 1.2, 0.0 ],
							"to": [ 0.5, 2.2, 0.5 ],
							"rotationOrigin": [ 0.0, 1.2, 0.0 ],
							"rotationZ": 30.0,
							"faces": {
								"north": { "texture": "#club", "uv": [ 6.0, 2.0, 6.5, 3.0 ] },
								"east": { "texture": "#club", "uv": [ 7.0, 2.5, 7.5, 3.5 ] },
								"south": { "texture": "#club", "uv": [ 6.5, 2.5, 7.0, 3.5 ] },
								"west": { "texture": "#club", "uv": [ 7.0, 3.0, 7.5, 4.0 ] },
								"up": { "texture": "#club", "uv": [ 6.5, 2.0, 7.0, 2.5 ] },
								"down": { "texture": "#club", "uv": [ 6.0, 1.0, 6.5, 1.5 ] }
							}
						}
					]
				},
				{
					"name": "beeg3",
					"from": [ 2.5, -0.3, -1.0 ],
					"to": [ 3.3, 1.7, -0.2 ],
					"rotationOrigin": [ 2.75, -0.3, -0.75 ],
					"rotationX": 14.0,
					"rotationY": 94.0,
					"rotationZ": -22.0,
					"faces": {
						"north": { "texture": "#club", "uv": [ 6.0, 11.5, 6.5, 13.5 ] },
						"east": { "texture": "#club", "uv": [ 6.5, 11.5, 7.0, 13.5 ] },
						"south": { "texture": "#club", "uv": [ 7.0, 11.5, 7.5, 13.5 ] },
						"west": { "texture": "#club", "uv": [ 7.0, 11.0, 7.5, 13.0 ] },
						"up": { "texture": "#club", "uv": [ 6.0, 11.5, 6.5, 12.0 ] },
						"down": { "texture": "#club", "uv": [ 6.5, 14.0, 7.0, 14.5 ] }
					},
					"children": [
						{
							"name": "beeg4",
							"from": [ 0.0, 0.0, 0.0 ],
							"to": [ 0.8, 2.0, 0.8 ],
							"rotationOrigin": [ 0.25, 0.0, 0.25 ],
							"rotationZ": 12.0,
							"faces": {
								"north": { "texture": "#club", "uv": [ 6.5, 11.5, 7.0, 13.5 ] },
								"east": { "texture": "#club", "uv": [ 6.0, 11.5, 6.5, 13.5 ] },
								"south": { "texture": "#club", "uv": [ 7.0, 11.5, 7.5, 13.5 ] },
								"west": { "texture": "#club", "uv": [ 6.5, 11.0, 7.0, 13.0 ] },
								"up": { "texture": "#club", "uv": [ 6.5, 13.5, 7.0, 14.0 ] },
								"down": { "texture": "#club", "uv": [ 7.0, 14.5, 7.5, 15.0 ] }
							}
						},
						{
							"name": "Cube93",
							"from": [ -0.0155, 1.1044, 0.1 ],
							"to": [ 0.4845, 2.6044, 0.6 ],
							"rotationOrigin": [ 0.2345, 1.1044, 0.35 ],
							"rotationX": -117.421,
							"rotationY": -55.409,
							"rotationZ": -106.295,
							"faces": {
								"north": { "texture": "#club", "uv": [ 6.0, 7.5, 6.5, 9.0 ] },
								"east": { "texture": "#club", "uv": [ 6.5, 7.5, 7.0, 9.0 ] },
								"south": { "texture": "#club", "uv": [ 7.0, 7.5, 7.5, 9.0 ] },
								"west": { "texture": "#club", "uv": [ 7.5, 6.5, 8.0, 8.0 ] },
								"up": { "texture": "#club", "uv": [ 6.5, 2.0, 7.0, 2.5 ] },
								"down": { "texture": "#club", "uv": [ 6.0, 2.0, 6.5, 2.5 ] }
							},
							"children": [
								{
									"name": "Cube94",
									"from": [ 0.0, 1.2, 0.0 ],
									"to": [ 0.5, 2.2, 0.5 ],
									"rotationOrigin": [ 0.0, 1.2, 0.0 ],
									"rotationZ": 30.0,
									"faces": {
										"north": { "texture": "#club", "uv": [ 6.0, 2.0, 6.5, 3.0 ] },
										"east": { "texture": "#club", "uv": [ 6.5, 2.5, 7.0, 3.5 ] },
										"south": { "texture": "#club", "uv": [ 7.0, 2.5, 7.5, 3.5 ] },
										"west": { "texture": "#club", "uv": [ 7.5, 3.0, 8.0, 4.0 ] },
										"up": { "texture": "#club", "uv": [ 6.0, 2.0, 6.5, 2.5 ] },
										"down": { "texture": "#club", "uv": [ 6.5, 1.0, 7.0, 1.5 ] }
									}
								},
								{
									"name": "Cube95",
									"from": [ 0.0, 1.4, 0.0 ],
									"to": [ 0.5, 2.4, 0.5 ],
									"rotationOrigin": [ 0.0, 1.4, 0.0 ],
									"rotationZ": -22.0,
									"faces": {
										"north": { "texture": "#club", "uv": [ 6.5, 3.0, 7.0, 4.0 ] },
										"east": { "texture": "#club", "uv": [ 6.0, 4.0, 6.5, 5.0 ] },
										"south": { "texture": "#club", "uv": [ 7.0, 4.0, 7.5, 5.0 ] },
										"west": { "texture": "#club", "uv": [ 7.5, 5.0, 8.0, 6.0 ] },
										"up": { "texture": "#club", "uv": [ 6.5, 2.0, 7.0, 2.5 ] },
										"down": { "texture": "#club", "uv": [ 6.5, 2.0, 7.0, 2.5 ] }
									}
								}
							]
						},
						{
							"name": "Cube96",
							"from": [ -0.0155, 1.1044, -0.1 ],
							"to": [ 0.4845, 2.6044, 0.4 ],
							"rotationOrigin": [ 0.2345, 1.1044, 0.15 ],
							"rotationX": -35.85,
							"rotationY": -3.522,
							"rotationZ": 12.86,
							"faces": {
								"north": { "texture": "#club", "uv": [ 6.0, 7.0, 6.5, 8.5 ] },
								"east": { "texture": "#club", "uv": [ 6.5, 7.5, 7.0, 9.0 ] },
								"south": { "texture": "#club", "uv": [ 7.0, 7.5, 7.5, 9.0 ] },
								"west": { "texture": "#club", "uv": [ 7.5, 6.5, 8.0, 8.0 ] },
								"up": { "texture": "#club", "uv": [ 6.5, 2.0, 7.0, 2.5 ] },
								"down": { "texture": "#club", "uv": [ 6.0, 2.0, 6.5, 2.5 ] }
							},
							"children": [
								{
									"name": "Cube97",
									"from": [ 0.0, 1.2, 0.0 ],
									"to": [ 0.5, 2.2, 0.5 ],
									"rotationOrigin": [ 0.0, 1.2, 0.0 ],
									"rotationZ": 30.0,
									"faces": {
										"north": { "texture": "#club", "uv": [ 6.0, 2.0, 6.5, 3.0 ] },
										"east": { "texture": "#club", "uv": [ 6.5, 2.5, 7.0, 3.5 ] },
										"south": { "texture": "#club", "uv": [ 7.0, 2.5, 7.5, 3.5 ] },
										"west": { "texture": "#club", "uv": [ 7.5, 3.0, 8.0, 4.0 ] },
										"up": { "texture": "#club", "uv": [ 6.5, 2.0, 7.0, 2.5 ] },
										"down": { "texture": "#club", "uv": [ 6.0, 1.0, 6.5, 1.5 ] }
									}
								},
								{
									"name": "Cube98",
									"from": [ 0.0, 1.4, 0.0 ],
									"to": [ 0.5, 2.4, 0.5 ],
									"rotationOrigin": [ 0.0, 1.4, 0.0 ],
									"rotationZ": -22.0,
									"faces": {
										"north": { "texture": "#club", "uv": [ 6.0, 3.0, 6.5, 4.0 ] },
										"east": { "texture": "#club", "uv": [ 6.5, 3.5, 7.0, 4.5 ] },
										"south": { "texture": "#club", "uv": [ 7.0, 4.0, 7.5, 5.0 ] },
										"west": { "texture": "#club", "uv": [ 7.5, 5.0, 8.0, 6.0 ] },
										"up": { "texture": "#club", "uv": [ 6.5, 2.0, 7.0, 2.5 ] },
										"down": { "texture": "#club", "uv": [ 6.5, 2.0, 7.0, 2.5 ] }
									}
								}
							]
						},
						{
							"name": "Cube99",
							"from": [ -0.0155, 1.1044, 0.1 ],
							"to": [ 0.4845, 2.6044, 0.6 ],
							"rotationOrigin": [ 0.2345, 1.1044, 0.35 ],
							"rotationX": 35.85,
							"rotationY": 3.522,
							"rotationZ": -1.14,
							"faces": {
								"north": { "texture": "#club", "uv": [ 6.0, 7.5, 6.5, 9.0 ] },
								"east": { "texture": "#club", "uv": [ 6.5, 7.5, 7.0, 9.0 ] },
								"south": { "texture": "#club", "uv": [ 7.0, 7.5, 7.5, 9.0 ] },
								"west": { "texture": "#club", "uv": [ 7.5, 6.5, 8.0, 8.0 ] },
								"up": { "texture": "#club", "uv": [ 6.0, 2.0, 6.5, 2.5 ] },
								"down": { "texture": "#club", "uv": [ 6.0, 2.0, 6.5, 2.5 ] }
							},
							"children": [
								{
									"name": "Cube100",
									"from": [ 0.0, 1.2, 0.0 ],
									"to": [ 0.5, 2.2, 0.5 ],
									"rotationOrigin": [ 0.0, 1.2, 0.0 ],
									"rotationZ": 30.0,
									"faces": {
										"north": { "texture": "#club", "uv": [ 6.5, 2.0, 7.0, 3.0 ] },
										"east": { "texture": "#club", "uv": [ 6.0, 2.5, 6.5, 3.5 ] },
										"south": { "texture": "#club", "uv": [ 7.0, 2.5, 7.5, 3.5 ] },
										"west": { "texture": "#club", "uv": [ 7.5, 3.0, 8.0, 4.0 ] },
										"up": { "texture": "#club", "uv": [ 6.0, 2.0, 6.5, 2.5 ] },
										"down": { "texture": "#club", "uv": [ 6.5, 1.5, 7.0, 2.0 ] }
									}
								},
								{
									"name": "Cube101",
									"from": [ 0.0, 1.4, 0.0 ],
									"to": [ 0.5, 2.4, 0.5 ],
									"rotationOrigin": [ 0.0, 1.4, 0.0 ],
									"rotationZ": -22.0,
									"faces": {
										"north": { "texture": "#club", "uv": [ 6.0, 3.0, 6.5, 4.0 ] },
										"east": { "texture": "#club", "uv": [ 6.5, 4.0, 7.0, 5.0 ] },
										"south": { "texture": "#club", "uv": [ 7.0, 4.0, 7.5, 5.0 ] },
										"west": { "texture": "#club", "uv": [ 7.5, 5.0, 8.0, 6.0 ] },
										"up": { "texture": "#club", "uv": [ 6.0, 2.0, 6.5, 2.5 ] },
										"down": { "texture": "#club", "uv": [ 7.0, 2.0, 7.5, 2.5 ] }
									}
								}
							]
						},
						{
							"name": "Cube102",
							"from": [ -0.4063, 3.8525, 0.0 ],
							"to": [ 0.0937, 4.8525, 0.5 ],
							"rotationOrigin": [ -0.4063, 3.8525, 0.0 ],
							"rotationZ": 36.0,
							"faces": {
								"north": { "texture": "#club", "uv": [ 6.0, 6.0, 6.5, 7.0 ] },
								"east": { "texture": "#club", "uv": [ 6.5, 5.0, 7.0, 6.0 ] },
								"south": { "texture": "#club", "uv": [ 7.0, 7.0, 7.5, 8.0 ] },
								"west": { "texture": "#club", "uv": [ 7.5, 4.0, 8.0, 5.0 ] },
								"up": { "texture": "#club", "uv": [ 7.0, 2.0, 7.5, 2.5 ] },
								"down": { "texture": "#club", "uv": [ 6.5, 1.0, 7.0, 1.5 ] }
							},
							"children": [
								{
									"name": "Cube103",
									"from": [ 0.1, 0.1732, 0.0 ],
									"to": [ 0.6, 1.1732, 0.5 ],
									"rotationOrigin": [ 0.1, 0.1732, 0.0 ],
									"rotationZ": -52.0,
									"faces": {
										"north": { "texture": "#club", "uv": [ 6.0, 6.0, 6.5, 7.0 ] },
										"east": { "texture": "#club", "uv": [ 6.5, 6.0, 7.0, 7.0 ] },
										"south": { "texture": "#club", "uv": [ 7.0, 7.0, 7.5, 8.0 ] },
										"west": { "texture": "#club", "uv": [ 7.5, 7.0, 8.0, 8.0 ] },
										"up": { "texture": "#club", "uv": [ 6.0, 1.5, 6.5, 2.0 ] },
										"down": { "texture": "#club", "uv": [ 7.5, 2.0, 8.0, 2.5 ] }
									}
								}
							]
						},
						{
							"name": "Cube104",
							"from": [ -0.115, 1.094, 0.0 ],
							"to": [ 0.385, 3.594, 0.5 ],
							"rotationOrigin": [ 0.135, 1.094, 0.25 ],
							"rotationX": 13.926,
							"rotationY": 1.449,
							"rotationZ": 5.823,
							"faces": {
								"north": { "texture": "#club", "uv": [ 6.0, 7.5, 6.5, 10.0 ] },
								"east": { "texture": "#club", "uv": [ 6.5, 7.5, 7.0, 10.0 ] },
								"south": { "texture": "#club", "uv": [ 7.0, 7.5, 7.5, 10.0 ] },
								"west": { "texture": "#club", "uv": [ 7.5, 6.5, 8.0, 9.0 ] },
								"up": { "texture": "#club", "uv": [ 6.0, 2.0, 6.5, 2.5 ] },
								"down": { "texture": "#club", "uv": [ 6.0, 2.0, 6.5, 2.5 ] }
							},
							"children": [
								{
									"name": "Cube105",
									"from": [ 0.0, 2.2, 0.0 ],
									"to": [ 0.5, 3.2, 0.5 ],
									"rotationOrigin": [ 0.0, 2.2, 0.0 ],
									"rotationZ": 30.0,
									"faces": {
										"north": { "texture": "#club", "uv": [ 6.0, 2.0, 6.5, 3.0 ] },
										"east": { "texture": "#club", "uv": [ 6.5, 2.5, 7.0, 3.5 ] },
										"south": { "texture": "#club", "uv": [ 7.0, 2.5, 7.5, 3.5 ] },
										"west": { "texture": "#club", "uv": [ 7.5, 3.0, 8.0, 4.0 ] },
										"up": { "texture": "#club", "uv": [ 6.5, 2.0, 7.0, 2.5 ] },
										"down": { "texture": "#club", "uv": [ 6.5, 1.0, 7.0, 1.5 ] }
									}
								},
								{
									"name": "Cube106",
									"from": [ 0.0, 2.4, 0.0 ],
									"to": [ 0.5, 3.4, 0.5 ],
									"rotationOrigin": [ 0.0, 2.4, 0.0 ],
									"rotationZ": -22.0,
									"faces": {
										"north": { "texture": "#club", "uv": [ 6.0, 3.0, 6.5, 4.0 ] },
										"east": { "texture": "#club", "uv": [ 6.5, 4.0, 7.0, 5.0 ] },
										"south": { "texture": "#club", "uv": [ 7.0, 4.0, 7.5, 5.0 ] },
										"west": { "texture": "#club", "uv": [ 7.5, 5.0, 8.0, 6.0 ] },
										"up": { "texture": "#club", "uv": [ 6.5, 2.5, 7.0, 3.0 ] },
										"down": { "texture": "#club", "uv": [ 6.5, 2.0, 7.0, 2.5 ] }
									}
								}
							]
						},
						{
							"name": "Cube107",
							"from": [ -0.115, 1.094, 0.0 ],
							"to": [ 0.385, 3.594, 0.5 ],
							"rotationOrigin": [ 0.135, 1.094, 0.25 ],
							"rotationX": -13.926,
							"rotationY": -1.449,
							"rotationZ": 5.823,
							"faces": {
								"north": { "texture": "#club", "uv": [ 6.0, 7.5, 6.5, 10.0 ] },
								"east": { "texture": "#club", "uv": [ 6.5, 7.5, 7.0, 10.0 ] },
								"south": { "texture": "#club", "uv": [ 7.0, 7.5, 7.5, 10.0 ] },
								"west": { "texture": "#club", "uv": [ 7.5, 6.5, 8.0, 9.0 ] },
								"up": { "texture": "#club", "uv": [ 6.5, 2.0, 7.0, 2.5 ] },
								"down": { "texture": "#club", "uv": [ 6.0, 2.0, 6.5, 2.5 ] }
							},
							"children": [
								{
									"name": "Cube108",
									"from": [ 0.0, 2.2, 0.0 ],
									"to": [ 0.5, 3.2, 0.5 ],
									"rotationOrigin": [ 0.0, 2.2, 0.0 ],
									"rotationZ": 30.0,
									"faces": {
										"north": { "texture": "#club", "uv": [ 6.0, 2.0, 6.5, 3.0 ] },
										"east": { "texture": "#club", "uv": [ 6.5, 2.5, 7.0, 3.5 ] },
										"south": { "texture": "#club", "uv": [ 7.0, 2.5, 7.5, 3.5 ] },
										"west": { "texture": "#club", "uv": [ 7.0, 3.0, 7.5, 4.0 ] },
										"up": { "texture": "#club", "uv": [ 7.5, 2.0, 8.0, 2.5 ] },
										"down": { "texture": "#club", "uv": [ 7.0, 1.0, 7.5, 1.5 ] }
									}
								},
								{
									"name": "Cube109",
									"from": [ 0.0, 2.4, 0.0 ],
									"to": [ 0.5, 3.4, 0.5 ],
									"rotationOrigin": [ 0.0, 2.4, 0.0 ],
									"rotationZ": -22.0,
									"faces": {
										"north": { "texture": "#club", "uv": [ 6.0, 2.5, 6.5, 3.5 ] },
										"east": { "texture": "#club", "uv": [ 6.5, 4.0, 7.0, 5.0 ] },
										"south": { "texture": "#club", "uv": [ 7.0, 4.0, 7.5, 5.0 ] },
										"west": { "texture": "#club", "uv": [ 7.5, 5.0, 8.0, 6.0 ] },
										"up": { "texture": "#club", "uv": [ 6.5, 2.0, 7.0, 2.5 ] },
										"down": { "texture": "#club", "uv": [ 6.5, 2.0, 7.0, 2.5 ] }
									}
								}
							]
						},
						{
							"name": "Cube110",
							"from": [ -0.1254, 1.1934, 0.0 ],
							"to": [ 0.3746, 3.6934, 0.5 ],
							"rotationOrigin": [ 0.1246, 1.1934, 0.25 ],
							"rotationX": -14.294,
							"rotationY": 28.685,
							"rotationZ": 28.717,
							"faces": {
								"north": { "texture": "#club", "uv": [ 6.0, 7.5, 6.5, 10.0 ] },
								"east": { "texture": "#club", "uv": [ 6.5, 7.5, 7.0, 10.0 ] },
								"south": { "texture": "#club", "uv": [ 7.0, 7.5, 7.5, 10.0 ] },
								"west": { "texture": "#club", "uv": [ 7.5, 6.5, 8.0, 9.0 ] },
								"up": { "texture": "#club", "uv": [ 6.5, 2.0, 7.0, 2.5 ] },
								"down": { "texture": "#club", "uv": [ 6.0, 2.0, 6.5, 2.5 ] }
							},
							"children": [
								{
									"name": "Cube111",
									"from": [ 0.0, 2.2, 0.0 ],
									"to": [ 0.5, 3.2, 0.5 ],
									"rotationOrigin": [ 0.0, 2.2, 0.0 ],
									"rotationZ": 30.0,
									"faces": {
										"north": { "texture": "#club", "uv": [ 6.0, 2.0, 6.5, 3.0 ] },
										"east": { "texture": "#club", "uv": [ 6.5, 2.5, 7.0, 3.5 ] },
										"south": { "texture": "#club", "uv": [ 7.0, 2.5, 7.5, 3.5 ] },
										"west": { "texture": "#club", "uv": [ 7.5, 3.0, 8.0, 4.0 ] },
										"up": { "texture": "#club", "uv": [ 6.5, 2.0, 7.0, 2.5 ] },
										"down": { "texture": "#club", "uv": [ 6.5, 1.5, 7.0, 2.0 ] }
									}
								},
								{
									"name": "Cube112",
									"from": [ 0.0, 2.4, 0.0 ],
									"to": [ 0.5, 3.4, 0.5 ],
									"rotationOrigin": [ 0.0, 2.4, 0.0 ],
									"rotationZ": -22.0,
									"faces": {
										"north": { "texture": "#club", "uv": [ 6.0, 3.0, 6.5, 4.0 ] },
										"east": { "texture": "#club", "uv": [ 6.5, 4.0, 7.0, 5.0 ] },
										"south": { "texture": "#club", "uv": [ 7.0, 3.5, 7.5, 4.5 ] },
										"west": { "texture": "#club", "uv": [ 7.5, 5.0, 8.0, 6.0 ] },
										"up": { "texture": "#club", "uv": [ 7.0, 2.0, 7.5, 2.5 ] },
										"down": { "texture": "#club", "uv": [ 7.0, 2.0, 7.5, 2.5 ] }
									}
								}
							]
						},
						{
							"name": "Cube113",
							"from": [ -0.115, 1.094, 0.0 ],
							"to": [ 0.385, 3.594, 0.5 ],
							"rotationOrigin": [ 0.135, 1.094, 0.25 ],
							"rotationX": 7.51,
							"rotationY": 30.966,
							"rotationZ": -15.127,
							"faces": {
								"north": { "texture": "#club", "uv": [ 6.0, 7.5, 6.5, 10.0 ] },
								"east": { "texture": "#club", "uv": [ 6.5, 7.5, 7.0, 10.0 ] },
								"south": { "texture": "#club", "uv": [ 7.0, 7.5, 7.5, 10.0 ] },
								"west": { "texture": "#club", "uv": [ 7.5, 6.5, 8.0, 9.0 ] },
								"up": { "texture": "#club", "uv": [ 7.0, 2.0, 7.5, 2.5 ] },
								"down": { "texture": "#club", "uv": [ 6.0, 2.0, 6.5, 2.5 ] }
							},
							"children": [
								{
									"name": "Cube114",
									"from": [ 0.0, 2.2, 0.0 ],
									"to": [ 0.5, 3.2, 0.5 ],
									"rotationOrigin": [ 0.0, 2.2, 0.0 ],
									"rotationZ": 30.0,
									"faces": {
										"north": { "texture": "#club", "uv": [ 6.0, 2.0, 6.5, 3.0 ] },
										"east": { "texture": "#club", "uv": [ 6.5, 2.5, 7.0, 3.5 ] },
										"south": { "texture": "#club", "uv": [ 7.0, 2.5, 7.5, 3.5 ] },
										"west": { "texture": "#club", "uv": [ 7.5, 3.0, 8.0, 4.0 ] },
										"up": { "texture": "#club", "uv": [ 6.0, 2.0, 6.5, 2.5 ] },
										"down": { "texture": "#club", "uv": [ 6.5, 1.0, 7.0, 1.5 ] }
									}
								},
								{
									"name": "Cube115",
									"from": [ 0.0, 2.4, 0.0 ],
									"to": [ 0.5, 3.4, 0.5 ],
									"rotationOrigin": [ 0.0, 2.4, 0.0 ],
									"rotationZ": -22.0,
									"faces": {
										"north": { "texture": "#club", "uv": [ 6.0, 3.0, 6.5, 4.0 ] },
										"east": { "texture": "#club", "uv": [ 6.5, 4.0, 7.0, 5.0 ] },
										"south": { "texture": "#club", "uv": [ 7.0, 4.0, 7.5, 5.0 ] },
										"west": { "texture": "#club", "uv": [ 7.5, 5.0, 8.0, 6.0 ] },
										"up": { "texture": "#club", "uv": [ 7.0, 2.0, 7.5, 2.5 ] },
										"down": { "texture": "#club", "uv": [ 6.5, 2.0, 7.0, 2.5 ] }
									}
								}
							]
						},
						{
							"name": "Cube116",
							"from": [ -0.1045, 0.9945, 0.0 ],
							"to": [ 0.3955, 3.4945, 0.5 ],
							"rotationOrigin": [ 0.1455, 0.9945, 0.25 ],
							"rotationX": 44.135,
							"rotationY": -23.9,
							"rotationZ": 34.874,
							"faces": {
								"north": { "texture": "#club", "uv": [ 6.0, 7.5, 6.5, 10.0 ] },
								"east": { "texture": "#club", "uv": [ 6.5, 7.5, 7.0, 10.0 ] },
								"south": { "texture": "#club", "uv": [ 7.0, 7.5, 7.5, 10.0 ] },
								"west": { "texture": "#club", "uv": [ 7.5, 6.5, 8.0, 9.0 ] },
								"up": { "texture": "#club", "uv": [ 6.0, 2.0, 6.5, 2.5 ] },
								"down": { "texture": "#club", "uv": [ 6.0, 2.0, 6.5, 2.5 ] }
							},
							"children": [
								{
									"name": "Cube117",
									"from": [ 0.0, 2.2, 0.0 ],
									"to": [ 0.5, 3.2, 0.5 ],
									"rotationOrigin": [ 0.0, 2.2, 0.0 ],
									"rotationZ": 30.0,
									"faces": {
										"north": { "texture": "#club", "uv": [ 6.0, 2.0, 6.5, 3.0 ] },
										"east": { "texture": "#club", "uv": [ 6.5, 2.5, 7.0, 3.5 ] },
										"south": { "texture": "#club", "uv": [ 7.0, 2.5, 7.5, 3.5 ] },
										"west": { "texture": "#club", "uv": [ 7.5, 3.0, 8.0, 4.0 ] },
										"up": { "texture": "#club", "uv": [ 6.5, 2.0, 7.0, 2.5 ] },
										"down": { "texture": "#club", "uv": [ 6.0, 1.0, 6.5, 1.5 ] }
									}
								},
								{
									"name": "Cube118",
									"from": [ 0.0, 2.4, 0.0 ],
									"to": [ 0.5, 3.4, 0.5 ],
									"rotationOrigin": [ 0.0, 2.4, 0.0 ],
									"rotationZ": -22.0,
									"faces": {
										"north": { "texture": "#club", "uv": [ 6.5, 3.0, 7.0, 4.0 ] },
										"east": { "texture": "#club", "uv": [ 6.0, 4.0, 6.5, 5.0 ] },
										"south": { "texture": "#club", "uv": [ 7.0, 4.0, 7.5, 5.0 ] },
										"west": { "texture": "#club", "uv": [ 7.5, 5.0, 8.0, 6.0 ] },
										"up": { "texture": "#club", "uv": [ 6.0, 2.0, 6.5, 2.5 ] },
										"down": { "texture": "#club", "uv": [ 6.5, 2.0, 7.0, 2.5 ] }
									}
								}
							]
						},
						{
							"name": "Cube119",
							"from": [ -0.1045, 0.9945, 0.0 ],
							"to": [ 0.3955, 3.4945, 0.5 ],
							"rotationOrigin": [ 0.1455, 0.9945, 0.25 ],
							"rotationX": -142.778,
							"rotationY": -47.831,
							"rotationZ": -156.645,
							"faces": {
								"north": { "texture": "#club", "uv": [ 6.0, 7.5, 6.5, 10.0 ] },
								"east": { "texture": "#club", "uv": [ 6.5, 7.5, 7.0, 10.0 ] },
								"south": { "texture": "#club", "uv": [ 7.0, 7.5, 7.5, 10.0 ] },
								"west": { "texture": "#club", "uv": [ 7.5, 6.5, 8.0, 9.0 ] },
								"up": { "texture": "#club", "uv": [ 6.0, 2.0, 6.5, 2.5 ] },
								"down": { "texture": "#club", "uv": [ 6.0, 2.0, 6.5, 2.5 ] }
							},
							"children": [
								{
									"name": "Cube120",
									"from": [ 0.0, 2.2, 0.0 ],
									"to": [ 0.5, 3.2, 0.5 ],
									"rotationOrigin": [ 0.0, 2.2, 0.0 ],
									"rotationZ": 30.0,
									"faces": {
										"north": { "texture": "#club", "uv": [ 6.0, 2.0, 6.5, 3.0 ] },
										"east": { "texture": "#club", "uv": [ 6.5, 2.5, 7.0, 3.5 ] },
										"south": { "texture": "#club", "uv": [ 7.0, 2.5, 7.5, 3.5 ] },
										"west": { "texture": "#club", "uv": [ 7.5, 3.0, 8.0, 4.0 ] },
										"up": { "texture": "#club", "uv": [ 6.5, 2.0, 7.0, 2.5 ] },
										"down": { "texture": "#club", "uv": [ 6.5, 1.0, 7.0, 1.5 ] }
									}
								},
								{
									"name": "Cube121",
									"from": [ 0.0, 2.4, 0.0 ],
									"to": [ 0.5, 3.4, 0.5 ],
									"rotationOrigin": [ 0.0, 2.4, 0.0 ],
									"rotationZ": -22.0,
									"faces": {
										"north": { "texture": "#club", "uv": [ 6.5, 3.0, 7.0, 4.0 ] },
										"east": { "texture": "#club", "uv": [ 6.0, 4.0, 6.5, 5.0 ] },
										"south": { "texture": "#club", "uv": [ 7.0, 4.0, 7.5, 5.0 ] },
										"west": { "texture": "#club", "uv": [ 7.5, 5.0, 8.0, 6.0 ] },
										"up": { "texture": "#club", "uv": [ 6.5, 2.0, 7.0, 2.5 ] },
										"down": { "texture": "#club", "uv": [ 7.0, 2.0, 7.5, 2.5 ] }
									}
								}
							]
						},
						{
							"name": "Cube122",
							"from": [ -0.1045, 0.9945, 0.0 ],
							"to": [ 0.3955, 3.4945, 0.5 ],
							"rotationOrigin": [ 0.1455, 0.9945, 0.25 ],
							"rotationX": 132.848,
							"rotationY": -34.711,
							"rotationZ": 132.752,
							"faces": {
								"north": { "texture": "#club", "uv": [ 6.0, 7.5, 6.5, 10.0 ] },
								"east": { "texture": "#club", "uv": [ 6.5, 7.5, 7.0, 10.0 ] },
								"south": { "texture": "#club", "uv": [ 7.0, 7.5, 7.5, 10.0 ] },
								"west": { "texture": "#club", "uv": [ 7.5, 7.0, 8.0, 9.5 ] },
								"up": { "texture": "#club", "uv": [ 6.5, 2.0, 7.0, 2.5 ] },
								"down": { "texture": "#club", "uv": [ 6.0, 2.0, 6.5, 2.5 ] }
							},
							"children": [
								{
									"name": "Cube123",
									"from": [ 0.0, 2.2, 0.0 ],
									"to": [ 0.5, 3.2, 0.5 ],
									"rotationOrigin": [ 0.0, 2.2, 0.0 ],
									"rotationZ": 30.0,
									"faces": {
										"north": { "texture": "#club", "uv": [ 6.0, 2.0, 6.5, 3.0 ] },
										"east": { "texture": "#club", "uv": [ 6.5, 2.5, 7.0, 3.5 ] },
										"south": { "texture": "#club", "uv": [ 7.0, 2.5, 7.5, 3.5 ] },
										"west": { "texture": "#club", "uv": [ 7.5, 2.5, 8.0, 3.5 ] },
										"up": { "texture": "#club", "uv": [ 7.0, 2.0, 7.5, 2.5 ] },
										"down": { "texture": "#club", "uv": [ 7.0, 1.0, 7.5, 1.5 ] }
									}
								},
								{
									"name": "Cube124",
									"from": [ 0.0, 2.4, 0.0 ],
									"to": [ 0.5, 3.4, 0.5 ],
									"rotationOrigin": [ 0.0, 2.4, 0.0 ],
									"rotationZ": -22.0,
									"faces": {
										"north": { "texture": "#club", "uv": [ 6.5, 3.0, 7.0, 4.0 ] },
										"east": { "texture": "#club", "uv": [ 6.0, 4.0, 6.5, 5.0 ] },
										"south": { "texture": "#club", "uv": [ 7.0, 4.0, 7.5, 5.0 ] },
										"west": { "texture": "#club", "uv": [ 7.5, 5.0, 8.0, 6.0 ] },
										"up": { "texture": "#club", "uv": [ 6.5, 2.0, 7.0, 2.5 ] },
										"down": { "texture": "#club", "uv": [ 6.5, 2.0, 7.0, 2.5 ] }
									}
								}
							]
						},
						{
							"name": "Cube125",
							"from": [ -0.1045, 0.9945, 0.0 ],
							"to": [ 0.3955, 3.4945, 0.5 ],
							"rotationOrigin": [ 0.1455, 0.9945, 0.25 ],
							"rotationX": -38.308,
							"rotationY": -65.079,
							"rotationZ": -18.26,
							"faces": {
								"north": { "texture": "#club", "uv": [ 7.0, 7.5, 7.5, 10.0 ] },
								"east": { "texture": "#club", "uv": [ 6.5, 7.5, 7.0, 10.0 ] },
								"south": { "texture": "#club", "uv": [ 6.0, 7.5, 6.5, 10.0 ] },
								"west": { "texture": "#club", "uv": [ 7.5, 6.5, 8.0, 9.0 ] },
								"up": { "texture": "#club", "uv": [ 6.0, 2.0, 6.5, 2.5 ] },
								"down": { "texture": "#club", "uv": [ 6.0, 2.0, 6.5, 2.5 ] }
							},
							"children": [
								{
									"name": "Cube126",
									"from": [ 0.0, 2.2, 0.0 ],
									"to": [ 0.5, 3.2, 0.5 ],
									"rotationOrigin": [ 0.0, 2.2, 0.0 ],
									"rotationZ": 30.0,
									"faces": {
										"north": { "texture": "#club", "uv": [ 6.0, 2.0, 6.5, 3.0 ] },
										"east": { "texture": "#club", "uv": [ 6.5, 2.5, 7.0, 3.5 ] },
										"south": { "texture": "#club", "uv": [ 7.0, 2.5, 7.5, 3.5 ] },
										"west": { "texture": "#club", "uv": [ 7.5, 3.0, 8.0, 4.0 ] },
										"up": { "texture": "#club", "uv": [ 6.0, 2.0, 6.5, 2.5 ] },
										"down": { "texture": "#club", "uv": [ 7.0, 1.0, 7.5, 1.5 ] }
									}
								},
								{
									"name": "Cube127",
									"from": [ 0.0, 2.4, 0.0 ],
									"to": [ 0.5, 3.4, 0.5 ],
									"rotationOrigin": [ 0.0, 2.4, 0.0 ],
									"rotationZ": -22.0,
									"faces": {
										"north": { "texture": "#club", "uv": [ 6.0, 2.5, 6.5, 3.5 ] },
										"east": { "texture": "#club", "uv": [ 6.5, 4.0, 7.0, 5.0 ] },
										"south": { "texture": "#club", "uv": [ 7.5, 4.0, 8.0, 5.0 ] },
										"west": { "texture": "#club", "uv": [ 7.0, 5.0, 7.5, 6.0 ] },
										"up": { "texture": "#club", "uv": [ 6.5, 2.0, 7.0, 2.5 ] },
										"down": { "texture": "#club", "uv": [ 6.5, 2.0, 7.0, 2.5 ] }
									}
								}
							]
						}
					]
				},
				{
					"name": "medium2",
					"from": [ 2.4, -0.6, -1.0 ],
					"to": [ 3.3, 0.4, -0.1 ],
					"rotationOrigin": [ 2.4, -0.6, -1.0 ],
					"rotationX": -17.0,
					"rotationY": -80.0,
					"rotationZ": 14.0,
					"faces": {
						"north": { "texture": "#club", "uv": [ 6.0, 12.0, 6.5, 13.0 ] },
						"east": { "texture": "#club", "uv": [ 7.0, 11.5, 7.5, 12.5 ] },
						"south": { "texture": "#club", "uv": [ 6.5, 12.5, 7.0, 13.5 ] },
						"west": { "texture": "#club", "uv": [ 7.5, 12.0, 8.0, 13.0 ] },
						"up": { "texture": "#club", "uv": [ 7.0, 11.5, 7.5, 12.0 ] },
						"down": { "texture": "#club", "uv": [ 7.0, 14.5, 7.5, 15.0 ] }
					},
					"children": [
						{
							"name": "Cube128",
							"from": [ 0.0, 1.6, 0.0 ],
							"to": [ 0.5, 3.1, 0.5 ],
							"rotationOrigin": [ 0.0, 1.6, 0.0 ],
							"rotationY": 30.0,
							"rotationZ": 11.0,
							"faces": {
								"north": { "texture": "#club", "uv": [ 6.5, 7.5, 7.0, 9.0 ] },
								"east": { "texture": "#club", "uv": [ 6.0, 7.5, 6.5, 9.0 ] },
								"south": { "texture": "#club", "uv": [ 7.0, 7.5, 7.5, 9.0 ] },
								"west": { "texture": "#club", "uv": [ 7.5, 6.5, 8.0, 8.0 ] },
								"up": { "texture": "#club", "uv": [ 6.0, 2.0, 6.5, 2.5 ] },
								"down": { "texture": "#club", "uv": [ 6.0, 2.0, 6.5, 2.5 ] }
							},
							"children": [
								{
									"name": "Cube129",
									"from": [ 0.0, 1.2, 0.0 ],
									"to": [ 0.5, 2.2, 0.5 ],
									"rotationOrigin": [ 0.0, 1.2, 0.0 ],
									"rotationZ": 30.0,
									"faces": {
										"north": { "texture": "#club", "uv": [ 6.0, 2.0, 6.5, 3.0 ] },
										"east": { "texture": "#club", "uv": [ 6.5, 2.5, 7.0, 3.5 ] },
										"south": { "texture": "#club", "uv": [ 7.0, 2.5, 7.5, 3.5 ] },
										"west": { "texture": "#club", "uv": [ 7.5, 3.0, 8.0, 4.0 ] },
										"up": { "texture": "#club", "uv": [ 6.0, 2.0, 6.5, 2.5 ] },
										"down": { "texture": "#club", "uv": [ 6.5, 1.0, 7.0, 1.5 ] }
									}
								},
								{
									"name": "Cube130",
									"from": [ 0.0, 1.4, 0.0 ],
									"to": [ 0.5, 2.4, 0.5 ],
									"rotationOrigin": [ 0.0, 1.4, 0.0 ],
									"rotationZ": -22.0,
									"faces": {
										"north": { "texture": "#club", "uv": [ 6.0, 3.0, 6.5, 4.0 ] },
										"east": { "texture": "#club", "uv": [ 7.0, 4.0, 7.5, 5.0 ] },
										"south": { "texture": "#club", "uv": [ 6.5, 4.0, 7.0, 5.0 ] },
										"west": { "texture": "#club", "uv": [ 7.5, 5.0, 8.0, 6.0 ] },
										"up": { "texture": "#club", "uv": [ 6.5, 2.0, 7.0, 2.5 ] },
										"down": { "texture": "#club", "uv": [ 6.0, 2.0, 6.5, 2.5 ] }
									}
								}
							]
						},
						{
							"name": "Cube131",
							"from": [ 1.0, 1.2, 0.0 ],
							"to": [ 1.5, 2.7, 0.5 ],
							"rotationOrigin": [ 1.0, 1.2, 0.0 ],
							"rotationX": -25.0,
							"rotationY": -91.0,
							"rotationZ": 11.0,
							"faces": {
								"north": { "texture": "#club", "uv": [ 6.5, 7.5, 7.0, 9.0 ] },
								"east": { "texture": "#club", "uv": [ 7.0, 7.5, 7.5, 9.0 ] },
								"south": { "texture": "#club", "uv": [ 6.5, 7.5, 7.0, 9.0 ] },
								"west": { "texture": "#club", "uv": [ 7.5, 6.5, 8.0, 8.0 ] },
								"up": { "texture": "#club", "uv": [ 6.5, 2.0, 7.0, 2.5 ] },
								"down": { "texture": "#club", "uv": [ 6.5, 2.0, 7.0, 2.5 ] }
							},
							"children": [
								{
									"name": "Cube132",
									"from": [ 0.0, 1.2, 0.0 ],
									"to": [ 0.5, 2.2, 0.5 ],
									"rotationOrigin": [ 0.0, 1.2, 0.0 ],
									"rotationZ": 30.0,
									"faces": {
										"north": { "texture": "#club", "uv": [ 6.0, 2.0, 6.5, 3.0 ] },
										"east": { "texture": "#club", "uv": [ 6.5, 2.5, 7.0, 3.5 ] },
										"south": { "texture": "#club", "uv": [ 7.0, 2.5, 7.5, 3.5 ] },
										"west": { "texture": "#club", "uv": [ 7.0, 3.0, 7.5, 4.0 ] },
										"up": { "texture": "#club", "uv": [ 6.5, 2.5, 7.0, 3.0 ] },
										"down": { "texture": "#club", "uv": [ 7.0, 1.0, 7.5, 1.5 ] }
									}
								},
								{
									"name": "Cube133",
									"from": [ 0.0, 1.4, 0.0 ],
									"to": [ 0.5, 2.4, 0.5 ],
									"rotationOrigin": [ 0.0, 1.4, 0.0 ],
									"rotationZ": -22.0,
									"faces": {
										"north": { "texture": "#club", "uv": [ 6.0, 3.0, 6.5, 4.0 ] },
										"east": { "texture": "#club", "uv": [ 7.0, 4.5, 7.5, 5.5 ] },
										"south": { "texture": "#club", "uv": [ 6.5, 4.0, 7.0, 5.0 ] },
										"west": { "texture": "#club", "uv": [ 7.5, 5.0, 8.0, 6.0 ] },
										"up": { "texture": "#club", "uv": [ 6.5, 2.0, 7.0, 2.5 ] },
										"down": { "texture": "#club", "uv": [ 6.5, 2.0, 7.0, 2.5 ] }
									}
								}
							]
						},
						{
							"name": "Cube134",
							"from": [ 0.2, 1.4, 0.3 ],
							"to": [ 0.7, 2.9, 0.8 ],
							"rotationOrigin": [ 0.2, 1.4, 0.3 ],
							"rotationX": -78.0,
							"rotationY": 39.0,
							"rotationZ": 50.0,
							"faces": {
								"north": { "texture": "#club", "uv": [ 6.0, 7.5, 6.5, 9.0 ] },
								"east": { "texture": "#club", "uv": [ 6.5, 7.5, 7.0, 9.0 ] },
								"south": { "texture": "#club", "uv": [ 7.0, 7.5, 7.5, 9.0 ] },
								"west": { "texture": "#club", "uv": [ 7.5, 6.5, 8.0, 8.0 ] },
								"up": { "texture": "#club", "uv": [ 6.0, 2.0, 6.5, 2.5 ] },
								"down": { "texture": "#club", "uv": [ 6.0, 2.0, 6.5, 2.5 ] }
							},
							"children": [
								{
									"name": "Cube135",
									"from": [ 0.0, 1.2, 0.0 ],
									"to": [ 0.5, 2.2, 0.5 ],
									"rotationOrigin": [ 0.0, 1.2, 0.0 ],
									"rotationZ": 30.0,
									"faces": {
										"north": { "texture": "#club", "uv": [ 6.0, 2.0, 6.5, 3.0 ] },
										"east": { "texture": "#club", "uv": [ 6.5, 2.5, 7.0, 3.5 ] },
										"south": { "texture": "#club", "uv": [ 7.0, 2.5, 7.5, 3.5 ] },
										"west": { "texture": "#club", "uv": [ 7.5, 3.0, 8.0, 4.0 ] },
										"up": { "texture": "#club", "uv": [ 6.0, 2.0, 6.5, 2.5 ] },
										"down": { "texture": "#club", "uv": [ 6.5, 1.5, 7.0, 2.0 ] }
									}
								},
								{
									"name": "Cube136",
									"from": [ 0.0, 1.4, 0.0 ],
									"to": [ 0.5, 2.4, 0.5 ],
									"rotationOrigin": [ 0.0, 1.4, 0.0 ],
									"rotationZ": -22.0,
									"faces": {
										"north": { "texture": "#club", "uv": [ 6.0, 3.0, 6.5, 4.0 ] },
										"east": { "texture": "#club", "uv": [ 6.5, 4.0, 7.0, 5.0 ] },
										"south": { "texture": "#club", "uv": [ 7.0, 4.0, 7.5, 5.0 ] },
										"west": { "texture": "#club", "uv": [ 7.5, 5.0, 8.0, 6.0 ] },
										"up": { "texture": "#club", "uv": [ 7.0, 2.0, 7.5, 2.5 ] },
										"down": { "texture": "#club", "uv": [ 6.5, 2.0, 7.0, 2.5 ] }
									}
								}
							]
						},
						{
							"name": "Cube137",
							"from": [ 0.5, 0.9, 0.1 ],
							"to": [ 1.0, 2.4, 0.6 ],
							"rotationOrigin": [ 0.5, 0.9, 0.1 ],
							"rotationX": 94.0,
							"rotationY": -53.0,
							"rotationZ": 97.0,
							"faces": {
								"north": { "texture": "#club", "uv": [ 6.0, 7.5, 6.5, 9.0 ] },
								"east": { "texture": "#club", "uv": [ 6.5, 7.5, 7.0, 9.0 ] },
								"south": { "texture": "#club", "uv": [ 7.0, 7.5, 7.5, 9.0 ] },
								"west": { "texture": "#club", "uv": [ 7.5, 6.5, 8.0, 8.0 ] },
								"up": { "texture": "#club", "uv": [ 6.5, 2.0, 7.0, 2.5 ] },
								"down": { "texture": "#club", "uv": [ 7.0, 2.0, 7.5, 2.5 ] }
							},
							"children": [
								{
									"name": "Cube138",
									"from": [ 0.0, 1.2, 0.0 ],
									"to": [ 0.5, 2.2, 0.5 ],
									"rotationOrigin": [ 0.0, 1.2, 0.0 ],
									"rotationZ": 30.0,
									"faces": {
										"north": { "texture": "#club", "uv": [ 6.0, 2.0, 6.5, 3.0 ] },
										"east": { "texture": "#club", "uv": [ 6.5, 2.5, 7.0, 3.5 ] },
										"south": { "texture": "#club", "uv": [ 7.0, 2.5, 7.5, 3.5 ] },
										"west": { "texture": "#club", "uv": [ 7.5, 3.0, 8.0, 4.0 ] },
										"up": { "texture": "#club", "uv": [ 7.5, 2.0, 8.0, 2.5 ] },
										"down": { "texture": "#club", "uv": [ 6.5, 1.0, 7.0, 1.5 ] }
									}
								},
								{
									"name": "Cube139",
									"from": [ 0.0, 1.4, 0.0 ],
									"to": [ 0.5, 2.4, 0.5 ],
									"rotationOrigin": [ 0.0, 1.4, 0.0 ],
									"rotationZ": -22.0,
									"faces": {
										"north": { "texture": "#club", "uv": [ 6.0, 2.5, 6.5, 3.5 ] },
										"east": { "texture": "#club", "uv": [ 7.0, 4.0, 7.5, 5.0 ] },
										"south": { "texture": "#club", "uv": [ 6.5, 4.0, 7.0, 5.0 ] },
										"west": { "texture": "#club", "uv": [ 7.5, 5.0, 8.0, 6.0 ] },
										"up": { "texture": "#club", "uv": [ 6.0, 2.0, 6.5, 2.5 ] },
										"down": { "texture": "#club", "uv": [ 6.5, 2.0, 7.0, 2.5 ] }
									}
								}
							]
						},
						{
							"name": "Cube140",
							"from": [ 0.4, 1.3, 0.3 ],
							"to": [ 0.9, 2.8, 0.8 ],
							"rotationOrigin": [ 0.65, 1.3, 0.55 ],
							"rotationZ": -11.0,
							"faces": {
								"north": { "texture": "#club", "uv": [ 6.0, 7.5, 6.5, 9.0 ] },
								"east": { "texture": "#club", "uv": [ 7.0, 7.5, 7.5, 9.0 ] },
								"south": { "texture": "#club", "uv": [ 6.5, 7.5, 7.0, 9.0 ] },
								"west": { "texture": "#club", "uv": [ 7.5, 6.5, 8.0, 8.0 ] },
								"up": { "texture": "#club", "uv": [ 7.0, 2.0, 7.5, 2.5 ] },
								"down": { "texture": "#club", "uv": [ 6.0, 2.0, 6.5, 2.5 ] }
							},
							"children": [
								{
									"name": "Cube141",
									"from": [ 0.0, 1.2, 0.0 ],
									"to": [ 0.5, 2.2, 0.5 ],
									"rotationOrigin": [ 0.0, 1.2, 0.0 ],
									"rotationZ": 30.0,
									"faces": {
										"north": { "texture": "#club", "uv": [ 6.0, 2.0, 6.5, 3.0 ] },
										"east": { "texture": "#club", "uv": [ 6.5, 2.5, 7.0, 3.5 ] },
										"south": { "texture": "#club", "uv": [ 7.0, 2.5, 7.5, 3.5 ] },
										"west": { "texture": "#club", "uv": [ 7.5, 3.0, 8.0, 4.0 ] },
										"up": { "texture": "#club", "uv": [ 6.0, 2.0, 6.5, 2.5 ] },
										"down": { "texture": "#club", "uv": [ 6.5, 1.0, 7.0, 1.5 ] }
									}
								},
								{
									"name": "Cube142",
									"from": [ 0.0, 1.4, 0.0 ],
									"to": [ 0.5, 2.4, 0.5 ],
									"rotationOrigin": [ 0.0, 1.4, 0.0 ],
									"rotationZ": -22.0,
									"faces": {
										"north": { "texture": "#club", "uv": [ 6.0, 3.0, 6.5, 4.0 ] },
										"east": { "texture": "#club", "uv": [ 7.0, 4.0, 7.5, 5.0 ] },
										"south": { "texture": "#club", "uv": [ 6.5, 4.0, 7.0, 5.0 ] },
										"west": { "texture": "#club", "uv": [ 7.0, 5.0, 7.5, 6.0 ] },
										"up": { "texture": "#club", "uv": [ 6.5, 2.0, 7.0, 2.5 ] },
										"down": { "texture": "#club", "uv": [ 6.5, 2.0, 7.0, 2.5 ] }
									}
								}
							]
						},
						{
							"name": "Cube143",
							"from": [ 0.2, 0.9, 0.1 ],
							"to": [ 0.7, 2.4, 0.6 ],
							"rotationOrigin": [ 0.45, 0.9, 0.35 ],
							"rotationX": 44.0,
							"rotationY": -53.0,
							"rotationZ": -8.0,
							"faces": {
								"north": { "texture": "#club", "uv": [ 6.0, 7.5, 6.5, 9.0 ] },
								"east": { "texture": "#club", "uv": [ 6.5, 7.5, 7.0, 9.0 ] },
								"south": { "texture": "#club", "uv": [ 7.0, 7.5, 7.5, 9.0 ] },
								"west": { "texture": "#club", "uv": [ 7.5, 6.5, 8.0, 8.0 ] },
								"up": { "texture": "#club", "uv": [ 6.0, 2.0, 6.5, 2.5 ] },
								"down": { "texture": "#club", "uv": [ 6.0, 2.0, 6.5, 2.5 ] }
							},
							"children": [
								{
									"name": "Cube144",
									"from": [ 0.0, 1.2, 0.0 ],
									"to": [ 0.5, 2.2, 0.5 ],
									"rotationOrigin": [ 0.0, 1.2, 0.0 ],
									"rotationZ": 30.0,
									"faces": {
										"north": { "texture": "#club", "uv": [ 6.5, 2.0, 7.0, 3.0 ] },
										"east": { "texture": "#club", "uv": [ 7.0, 2.0, 7.5, 3.0 ] },
										"south": { "texture": "#club", "uv": [ 6.5, 2.5, 7.0, 3.5 ] },
										"west": { "texture": "#club", "uv": [ 7.5, 3.0, 8.0, 4.0 ] },
										"up": { "texture": "#club", "uv": [ 7.0, 2.0, 7.5, 2.5 ] },
										"down": { "texture": "#club", "uv": [ 6.0, 1.0, 6.5, 1.5 ] }
									}
								},
								{
									"name": "Cube145",
									"from": [ 0.0, 1.4, 0.0 ],
									"to": [ 0.5, 2.4, 0.5 ],
									"rotationOrigin": [ 0.0, 1.4, 0.0 ],
									"rotationZ": -22.0,
									"faces": {
										"north": { "texture": "#club", "uv": [ 6.0, 3.0, 6.5, 4.0 ] },
										"east": { "texture": "#club", "uv": [ 6.5, 4.0, 7.0, 5.0 ] },
										"south": { "texture": "#club", "uv": [ 7.5, 4.0, 8.0, 5.0 ] },
										"west": { "texture": "#club", "uv": [ 7.0, 5.0, 7.5, 6.0 ] },
										"up": { "texture": "#club", "uv": [ 6.5, 1.5, 7.0, 2.0 ] },
										"down": { "texture": "#club", "uv": [ 6.0, 2.0, 6.5, 2.5 ] }
									}
								}
							]
						},
						{
							"name": "Cube146",
							"from": [ 0.0, 1.6, 0.5 ],
							"to": [ 0.5, 3.1, 1.0 ],
							"rotationOrigin": [ 0.25, 1.6, 0.75 ],
							"rotationX": -163.0,
							"rotationZ": 152.0,
							"faces": {
								"north": { "texture": "#club", "uv": [ 6.0, 7.5, 6.5, 9.0 ] },
								"east": { "texture": "#club", "uv": [ 7.0, 7.5, 7.5, 9.0 ] },
								"south": { "texture": "#club", "uv": [ 6.5, 7.5, 7.0, 9.0 ] },
								"west": { "texture": "#club", "uv": [ 7.5, 6.5, 8.0, 8.0 ] },
								"up": { "texture": "#club", "uv": [ 7.5, 2.0, 8.0, 2.5 ] },
								"down": { "texture": "#club", "uv": [ 7.0, 2.0, 7.5, 2.5 ] }
							},
							"children": [
								{
									"name": "Cube147",
									"from": [ 0.0, 1.2, 0.0 ],
									"to": [ 0.5, 2.2, 0.5 ],
									"rotationOrigin": [ 0.0, 1.2, 0.0 ],
									"rotationZ": 30.0,
									"faces": {
										"north": { "texture": "#club", "uv": [ 6.5, 2.0, 7.0, 3.0 ] },
										"east": { "texture": "#club", "uv": [ 6.0, 2.5, 6.5, 3.5 ] },
										"south": { "texture": "#club", "uv": [ 7.5, 2.5, 8.0, 3.5 ] },
										"west": { "texture": "#club", "uv": [ 7.0, 3.0, 7.5, 4.0 ] },
										"up": { "texture": "#club", "uv": [ 7.0, 2.0, 7.5, 2.5 ] },
										"down": { "texture": "#club", "uv": [ 6.0, 1.0, 6.5, 1.5 ] }
									}
								},
								{
									"name": "Cube148",
									"from": [ 0.0, 1.4, 0.0 ],
									"to": [ 0.5, 2.4, 0.5 ],
									"rotationOrigin": [ 0.0, 1.4, 0.0 ],
									"rotationZ": -22.0,
									"faces": {
										"north": { "texture": "#club", "uv": [ 6.0, 3.0, 6.5, 4.0 ] },
										"east": { "texture": "#club", "uv": [ 6.5, 4.5, 7.0, 5.5 ] },
										"south": { "texture": "#club", "uv": [ 7.0, 3.5, 7.5, 4.5 ] },
										"west": { "texture": "#club", "uv": [ 7.5, 5.5, 8.0, 6.5 ] },
										"up": { "texture": "#club", "uv": [ 6.5, 2.5, 7.0, 3.0 ] },
										"down": { "texture": "#club", "uv": [ 6.0, 2.0, 6.5, 2.5 ] }
									}
								}
							]
						},
						{
							"name": "Cube149",
							"from": [ 0.1, 1.3, 0.3 ],
							"to": [ 0.6, 2.8, 0.8 ],
							"rotationOrigin": [ 0.35, 1.3, 0.55 ],
							"rotationX": 14.0,
							"rotationY": -17.0,
							"rotationZ": -47.0,
							"faces": {
								"north": { "texture": "#club", "uv": [ 6.0, 7.5, 6.5, 9.0 ] },
								"east": { "texture": "#club", "uv": [ 7.0, 7.5, 7.5, 9.0 ] },
								"south": { "texture": "#club", "uv": [ 6.5, 8.0, 7.0, 9.5 ] },
								"west": { "texture": "#club", "uv": [ 7.0, 6.5, 7.5, 8.0 ] },
								"up": { "texture": "#club", "uv": [ 6.5, 2.0, 7.0, 2.5 ] },
								"down": { "texture": "#club", "uv": [ 6.0, 2.0, 6.5, 2.5 ] }
							},
							"children": [
								{
									"name": "Cube150",
									"from": [ 0.0, 1.2, 0.0 ],
									"to": [ 0.5, 2.2, 0.5 ],
									"rotationOrigin": [ 0.0, 1.2, 0.0 ],
									"rotationZ": 30.0,
									"faces": {
										"north": { "texture": "#club", "uv": [ 6.0, 2.0, 6.5, 3.0 ] },
										"east": { "texture": "#club", "uv": [ 7.0, 2.5, 7.5, 3.5 ] },
										"south": { "texture": "#club", "uv": [ 6.5, 2.5, 7.0, 3.5 ] },
										"west": { "texture": "#club", "uv": [ 7.0, 3.0, 7.5, 4.0 ] },
										"up": { "texture": "#club", "uv": [ 6.5, 2.0, 7.0, 2.5 ] },
										"down": { "texture": "#club", "uv": [ 6.5, 1.0, 7.0, 1.5 ] }
									}
								},
								{
									"name": "Cube151",
									"from": [ 0.0, 1.4, 0.0 ],
									"to": [ 0.5, 2.4, 0.5 ],
									"rotationOrigin": [ 0.0, 1.4, 0.0 ],
									"rotationZ": -22.0,
									"faces": {
										"north": { "texture": "#club", "uv": [ 6.0, 3.0, 6.5, 4.0 ] },
										"east": { "texture": "#club", "uv": [ 6.5, 4.0, 7.0, 5.0 ] },
										"south": { "texture": "#club", "uv": [ 7.0, 4.0, 7.5, 5.0 ] },
										"west": { "texture": "#club", "uv": [ 7.5, 5.0, 8.0, 6.0 ] },
										"up": { "texture": "#club", "uv": [ 6.5, 2.0, 7.0, 2.5 ] },
										"down": { "texture": "#club", "uv": [ 6.0, 2.0, 6.5, 2.5 ] }
									}
								}
							]
						},
						{
							"name": "Cube152",
							"from": [ 0.2, 1.2, 0.1 ],
							"to": [ 0.7, 2.7, 0.6 ],
							"rotationOrigin": [ 0.45, 1.2, 0.35 ],
							"rotationX": -150.0,
							"rotationY": -47.0,
							"rotationZ": 144.0,
							"faces": {
								"north": { "texture": "#club", "uv": [ 6.5, 7.5, 7.0, 9.0 ] },
								"east": { "texture": "#club", "uv": [ 6.0, 7.5, 6.5, 9.0 ] },
								"south": { "texture": "#club", "uv": [ 7.5, 7.5, 8.0, 9.0 ] },
								"west": { "texture": "#club", "uv": [ 7.0, 6.5, 7.5, 8.0 ] },
								"up": { "texture": "#club", "uv": [ 6.5, 2.0, 7.0, 2.5 ] },
								"down": { "texture": "#club", "uv": [ 6.5, 2.0, 7.0, 2.5 ] }
							},
							"children": [
								{
									"name": "Cube153",
									"from": [ 0.0, 1.2, 0.0 ],
									"to": [ 0.5, 2.2, 0.5 ],
									"rotationOrigin": [ 0.0, 1.2, 0.0 ],
									"rotationZ": 30.0,
									"faces": {
										"north": { "texture": "#club", "uv": [ 6.5, 2.0, 7.0, 3.0 ] },
										"east": { "texture": "#club", "uv": [ 6.0, 2.5, 6.5, 3.5 ] },
										"south": { "texture": "#club", "uv": [ 7.5, 3.0, 8.0, 4.0 ] },
										"west": { "texture": "#club", "uv": [ 7.0, 3.0, 7.5, 4.0 ] },
										"up": { "texture": "#club", "uv": [ 6.0, 2.0, 6.5, 2.5 ] },
										"down": { "texture": "#club", "uv": [ 6.5, 1.0, 7.0, 1.5 ] }
									}
								},
								{
									"name": "Cube154",
									"from": [ 0.0, 1.4, 0.0 ],
									"to": [ 0.5, 2.4, 0.5 ],
									"rotationOrigin": [ 0.0, 1.4, 0.0 ],
									"rotationZ": -22.0,
									"faces": {
										"north": { "texture": "#club", "uv": [ 6.5, 2.5, 7.0, 3.5 ] },
										"east": { "texture": "#club", "uv": [ 6.0, 4.0, 6.5, 5.0 ] },
										"south": { "texture": "#club", "uv": [ 7.0, 4.0, 7.5, 5.0 ] },
										"west": { "texture": "#club", "uv": [ 7.5, 4.5, 8.0, 5.5 ] },
										"up": { "texture": "#club", "uv": [ 7.0, 2.0, 7.5, 2.5 ] },
										"down": { "texture": "#club", "uv": [ 6.0, 2.0, 6.5, 2.5 ] }
									}
								}
							]
						},
						{
							"name": "Cube155",
							"from": [ 0.4, 0.8, 0.3 ],
							"to": [ 0.9, 2.3, 0.8 ],
							"rotationOrigin": [ 0.65, 0.8, 0.55 ],
							"rotationX": 86.0,
							"rotationY": 53.0,
							"rotationZ": -94.0,
							"faces": {
								"north": { "texture": "#club", "uv": [ 6.0, 7.5, 6.5, 9.0 ] },
								"east": { "texture": "#club", "uv": [ 7.0, 7.5, 7.5, 9.0 ] },
								"south": { "texture": "#club", "uv": [ 6.5, 7.5, 7.0, 9.0 ] },
								"west": { "texture": "#club", "uv": [ 7.5, 6.5, 8.0, 8.0 ] },
								"up": { "texture": "#club", "uv": [ 6.0, 2.0, 6.5, 2.5 ] },
								"down": { "texture": "#club", "uv": [ 6.0, 2.0, 6.5, 2.5 ] }
							},
							"children": [
								{
									"name": "Cube156",
									"from": [ 0.0, 1.2, 0.0 ],
									"to": [ 0.5, 2.2, 0.5 ],
									"rotationOrigin": [ 0.0, 1.2, 0.0 ],
									"rotationZ": 30.0,
									"faces": {
										"north": { "texture": "#club", "uv": [ 6.0, 2.0, 6.5, 3.0 ] },
										"east": { "texture": "#club", "uv": [ 7.0, 2.5, 7.5, 3.5 ] },
										"south": { "texture": "#club", "uv": [ 6.5, 2.5, 7.0, 3.5 ] },
										"west": { "texture": "#club", "uv": [ 7.5, 3.0, 8.0, 4.0 ] },
										"up": { "texture": "#club", "uv": [ 6.5, 2.0, 7.0, 2.5 ] },
										"down": { "texture": "#club", "uv": [ 6.0, 1.0, 6.5, 1.5 ] }
									}
								},
								{
									"name": "Cube157",
									"from": [ 0.0, 1.4, 0.0 ],
									"to": [ 0.5, 2.4, 0.5 ],
									"rotationOrigin": [ 0.0, 1.4, 0.0 ],
									"rotationZ": -22.0,
									"faces": {
										"north": { "texture": "#club", "uv": [ 6.0, 3.0, 6.5, 4.0 ] },
										"east": { "texture": "#club", "uv": [ 7.0, 4.0, 7.5, 5.0 ] },
										"south": { "texture": "#club", "uv": [ 6.5, 4.0, 7.0, 5.0 ] },
										"west": { "texture": "#club", "uv": [ 7.5, 5.0, 8.0, 6.0 ] },
										"up": { "texture": "#club", "uv": [ 6.5, 2.0, 7.0, 2.5 ] },
										"down": { "texture": "#club", "uv": [ 6.5, 2.0, 7.0, 2.5 ] }
									}
								}
							]
						},
						{
							"name": "Cube158",
							"from": [ 0.0, 0.7, 0.0 ],
							"to": [ 0.9, 1.7, 0.9 ],
							"rotationOrigin": [ 0.0, 0.7, 0.0 ],
							"rotationZ": -11.0,
							"faces": {
								"north": { "texture": "#club", "uv": [ 6.0, 12.5, 6.5, 13.5 ] },
								"east": { "texture": "#club", "uv": [ 6.5, 11.5, 7.0, 12.5 ] },
								"south": { "texture": "#club", "uv": [ 7.0, 11.5, 7.5, 12.5 ] },
								"west": { "texture": "#club", "uv": [ 7.5, 11.0, 8.0, 12.0 ] },
								"up": { "texture": "#club", "uv": [ 7.0, 11.0, 7.5, 11.5 ] },
								"down": { "texture": "#club", "uv": [ 6.5, 11.5, 7.0, 12.0 ] }
							}
						}
					]
				},
				{
					"name": "smol2",
					"from": [ -3.0, -0.4, -1.0 ],
					"to": [ -2.2, 0.6, -0.2 ],
					"rotationOrigin": [ -3.0, -0.4, -1.0 ],
					"rotationX": 6.0,
					"rotationY": 42.0,
					"rotationZ": 19.0,
					"faces": {
						"north": { "texture": "#club", "uv": [ 7.5, 12.0, 8.0, 13.0 ] },
						"east": { "texture": "#club", "uv": [ 7.0, 11.5, 7.5, 12.5 ] },
						"south": { "texture": "#club", "uv": [ 6.5, 11.5, 7.0, 12.5 ] },
						"west": { "texture": "#club", "uv": [ 6.5, 11.5, 7.0, 12.5 ] },
						"up": { "texture": "#club", "uv": [ 6.5, 7.5, 7.0, 8.0 ] },
						"down": { "texture": "#club", "uv": [ 7.0, 14.0, 7.5, 14.5 ] }
					},
					"children": [
						{
							"name": "Cube159",
							"from": [ 0.1, 0.4, 0.0 ],
							"to": [ 0.6, 1.9, 0.5 ],
							"rotationOrigin": [ 0.35, 0.4, 0.25 ],
							"rotationY": -8.0,
							"rotationZ": 19.0,
							"faces": {
								"north": { "texture": "#club", "uv": [ 6.0, 7.5, 6.5, 9.0 ] },
								"east": { "texture": "#club", "uv": [ 6.5, 7.5, 7.0, 9.0 ] },
								"south": { "texture": "#club", "uv": [ 7.0, 7.5, 7.5, 9.0 ] },
								"west": { "texture": "#club", "uv": [ 7.5, 6.5, 8.0, 8.0 ] },
								"up": { "texture": "#club", "uv": [ 6.0, 2.0, 6.5, 2.5 ] },
								"down": { "texture": "#club", "uv": [ 6.0, 2.0, 6.5, 2.5 ] }
							},
							"children": [
								{
									"name": "Cube160",
									"from": [ 0.0, 1.2, 0.0 ],
									"to": [ 0.5, 2.2, 0.5 ],
									"rotationOrigin": [ 0.0, 1.2, 0.0 ],
									"rotationZ": 30.0,
									"faces": {
										"north": { "texture": "#club", "uv": [ 6.0, 2.0, 6.5, 3.0 ] },
										"east": { "texture": "#club", "uv": [ 6.5, 2.5, 7.0, 3.5 ] },
										"south": { "texture": "#club", "uv": [ 7.0, 2.5, 7.5, 3.5 ] },
										"west": { "texture": "#club", "uv": [ 7.5, 3.0, 8.0, 4.0 ] },
										"up": { "texture": "#club", "uv": [ 6.0, 2.0, 6.5, 2.5 ] },
										"down": { "texture": "#club", "uv": [ 7.0, 1.0, 7.5, 1.5 ] }
									}
								},
								{
									"name": "Cube161",
									"from": [ 0.0, 1.4, 0.0 ],
									"to": [ 0.5, 2.4, 0.5 ],
									"rotationOrigin": [ 0.0, 1.4, 0.0 ],
									"rotationZ": -22.0,
									"faces": {
										"north": { "texture": "#club", "uv": [ 6.5, 3.0, 7.0, 4.0 ] },
										"east": { "texture": "#club", "uv": [ 6.5, 4.0, 7.0, 5.0 ] },
										"south": { "texture": "#club", "uv": [ 7.0, 4.5, 7.5, 5.5 ] },
										"west": { "texture": "#club", "uv": [ 6.5, 5.0, 7.0, 6.0 ] },
										"up": { "texture": "#club", "uv": [ 7.5, 2.0, 8.0, 2.5 ] },
										"down": { "texture": "#club", "uv": [ 6.0, 2.0, 6.5, 2.5 ] }
									}
								}
							]
						},
						{
							"name": "Cube162",
							"from": [ 0.1, 0.4, 0.0 ],
							"to": [ 0.6, 1.9, 0.5 ],
							"rotationOrigin": [ 0.35, 0.4, 0.25 ],
							"rotationX": 28.0,
							"rotationY": 166.0,
							"rotationZ": 14.0,
							"faces": {
								"north": { "texture": "#club", "uv": [ 6.0, 7.5, 6.5, 9.0 ] },
								"east": { "texture": "#club", "uv": [ 7.0, 7.5, 7.5, 9.0 ] },
								"south": { "texture": "#club", "uv": [ 6.5, 7.5, 7.0, 9.0 ] },
								"west": { "texture": "#club", "uv": [ 7.5, 6.5, 8.0, 8.0 ] },
								"up": { "texture": "#club", "uv": [ 6.0, 2.0, 6.5, 2.5 ] },
								"down": { "texture": "#club", "uv": [ 6.0, 2.0, 6.5, 2.5 ] }
							},
							"children": [
								{
									"name": "Cube163",
									"from": [ 0.0, 1.2, 0.0 ],
									"to": [ 0.5, 2.2, 0.5 ],
									"rotationOrigin": [ 0.0, 1.2, 0.0 ],
									"rotationZ": 30.0,
									"faces": {
										"north": { "texture": "#club", "uv": [ 6.5, 2.0, 7.0, 3.0 ] },
										"east": { "texture": "#club", "uv": [ 6.0, 2.5, 6.5, 3.5 ] },
										"south": { "texture": "#club", "uv": [ 7.5, 2.5, 8.0, 3.5 ] },
										"west": { "texture": "#club", "uv": [ 7.5, 3.0, 8.0, 4.0 ] },
										"up": { "texture": "#club", "uv": [ 7.0, 2.0, 7.5, 2.5 ] },
										"down": { "texture": "#club", "uv": [ 7.5, 1.0, 8.0, 1.5 ] }
									}
								},
								{
									"name": "Cube164",
									"from": [ 0.0, 1.4, 0.0 ],
									"to": [ 0.5, 2.4, 0.5 ],
									"rotationOrigin": [ 0.0, 1.4, 0.0 ],
									"rotationZ": -22.0,
									"faces": {
										"north": { "texture": "#club", "uv": [ 6.5, 3.0, 7.0, 4.0 ] },
										"east": { "texture": "#club", "uv": [ 7.0, 4.0, 7.5, 5.0 ] },
										"south": { "texture": "#club", "uv": [ 6.0, 4.0, 6.5, 5.0 ] },
										"west": { "texture": "#club", "uv": [ 7.5, 5.0, 8.0, 6.0 ] },
										"up": { "texture": "#club", "uv": [ 7.0, 2.0, 7.5, 2.5 ] },
										"down": { "texture": "#club", "uv": [ 6.5, 2.0, 7.0, 2.5 ] }
									}
								}
							]
						},
						{
							"name": "Cube165",
							"from": [ 0.1, 0.4, 0.2 ],
							"to": [ 0.6, 1.9, 0.7 ],
							"rotationOrigin": [ 0.35, 0.4, 0.45 ],
							"rotationX": -14.0,
							"rotationY": 47.0,
							"rotationZ": -25.0,
							"faces": {
								"north": { "texture": "#club", "uv": [ 6.0, 7.5, 6.5, 9.0 ] },
								"east": { "texture": "#club", "uv": [ 6.5, 7.5, 7.0, 9.0 ] },
								"south": { "texture": "#club", "uv": [ 7.0, 7.5, 7.5, 9.0 ] },
								"west": { "texture": "#club", "uv": [ 7.5, 6.5, 8.0, 8.0 ] },
								"up": { "texture": "#club", "uv": [ 6.0, 2.0, 6.5, 2.5 ] },
								"down": { "texture": "#club", "uv": [ 6.5, 2.0, 7.0, 2.5 ] }
							},
							"children": [
								{
									"name": "Cube166",
									"from": [ 0.0, 1.2, 0.0 ],
									"to": [ 0.5, 2.2, 0.5 ],
									"rotationOrigin": [ 0.0, 1.2, 0.0 ],
									"rotationZ": 30.0,
									"faces": {
										"north": { "texture": "#club", "uv": [ 6.0, 2.0, 6.5, 3.0 ] },
										"east": { "texture": "#club", "uv": [ 6.5, 2.5, 7.0, 3.5 ] },
										"south": { "texture": "#club", "uv": [ 7.0, 2.5, 7.5, 3.5 ] },
										"west": { "texture": "#club", "uv": [ 7.5, 3.0, 8.0, 4.0 ] },
										"up": { "texture": "#club", "uv": [ 6.5, 2.5, 7.0, 3.0 ] },
										"down": { "texture": "#club", "uv": [ 6.0, 1.0, 6.5, 1.5 ] }
									}
								},
								{
									"name": "Cube167",
									"from": [ 0.0, 1.4, 0.0 ],
									"to": [ 0.5, 2.4, 0.5 ],
									"rotationOrigin": [ 0.0, 1.4, 0.0 ],
									"rotationZ": -22.0,
									"faces": {
										"north": { "texture": "#club", "uv": [ 6.0, 3.0, 6.5, 4.0 ] },
										"east": { "texture": "#club", "uv": [ 6.5, 4.0, 7.0, 5.0 ] },
										"south": { "texture": "#club", "uv": [ 7.0, 4.0, 7.5, 5.0 ] },
										"west": { "texture": "#club", "uv": [ 7.5, 5.0, 8.0, 6.0 ] },
										"up": { "texture": "#club", "uv": [ 6.0, 2.0, 6.5, 2.5 ] },
										"down": { "texture": "#club", "uv": [ 7.0, 2.0, 7.5, 2.5 ] }
									}
								}
							]
						},
						{
							"name": "Cube168",
							"from": [ 0.1, 0.5, 0.1 ],
							"to": [ 0.6, 2.0, 0.6 ],
							"rotationOrigin": [ 0.35, 0.5, 0.35 ],
							"rotationX": 3.0,
							"rotationY": 47.0,
							"rotationZ": 30.0,
							"faces": {
								"north": { "texture": "#club", "uv": [ 6.0, 7.5, 6.5, 9.0 ] },
								"east": { "texture": "#club", "uv": [ 6.5, 7.5, 7.0, 9.0 ] },
								"south": { "texture": "#club", "uv": [ 7.0, 7.5, 7.5, 9.0 ] },
								"west": { "texture": "#club", "uv": [ 7.5, 6.5, 8.0, 8.0 ] },
								"up": { "texture": "#club", "uv": [ 6.0, 2.0, 6.5, 2.5 ] },
								"down": { "texture": "#club", "uv": [ 6.5, 2.0, 7.0, 2.5 ] }
							},
							"children": [
								{
									"name": "Cube169",
									"from": [ 0.0, 1.2, 0.0 ],
									"to": [ 0.5, 2.2, 0.5 ],
									"rotationOrigin": [ 0.0, 1.2, 0.0 ],
									"rotationZ": 30.0,
									"faces": {
										"north": { "texture": "#club", "uv": [ 6.0, 2.0, 6.5, 3.0 ] },
										"east": { "texture": "#club", "uv": [ 6.5, 2.5, 7.0, 3.5 ] },
										"south": { "texture": "#club", "uv": [ 7.0, 2.5, 7.5, 3.5 ] },
										"west": { "texture": "#club", "uv": [ 7.5, 3.0, 8.0, 4.0 ] },
										"up": { "texture": "#club", "uv": [ 6.5, 2.0, 7.0, 2.5 ] },
										"down": { "texture": "#club", "uv": [ 6.0, 1.0, 6.5, 1.5 ] }
									}
								},
								{
									"name": "Cube170",
									"from": [ 0.0, 1.4, 0.0 ],
									"to": [ 0.5, 2.4, 0.5 ],
									"rotationOrigin": [ 0.0, 1.4, 0.0 ],
									"rotationZ": -22.0,
									"faces": {
										"north": { "texture": "#club", "uv": [ 6.5, 3.0, 7.0, 4.0 ] },
										"east": { "texture": "#club", "uv": [ 6.0, 4.0, 6.5, 5.0 ] },
										"south": { "texture": "#club", "uv": [ 7.0, 4.0, 7.5, 5.0 ] },
										"west": { "texture": "#club", "uv": [ 7.5, 5.0, 8.0, 6.0 ] },
										"up": { "texture": "#club", "uv": [ 6.5, 2.0, 7.0, 2.5 ] },
										"down": { "texture": "#club", "uv": [ 6.5, 2.0, 7.0, 2.5 ] }
									}
								}
							]
						},
						{
							"name": "Cube171",
							"from": [ 0.0, 0.4, 0.2 ],
							"to": [ 0.5, 1.9, 0.7 ],
							"rotationOrigin": [ 0.25, 0.4, 0.45 ],
							"rotationX": -22.0,
							"rotationY": -28.0,
							"rotationZ": -42.0,
							"faces": {
								"north": { "texture": "#club", "uv": [ 6.0, 7.5, 6.5, 9.0 ] },
								"east": { "texture": "#club", "uv": [ 7.0, 7.5, 7.5, 9.0 ] },
								"south": { "texture": "#club", "uv": [ 6.5, 7.5, 7.0, 9.0 ] },
								"west": { "texture": "#club", "uv": [ 7.5, 6.5, 8.0, 8.0 ] },
								"up": { "texture": "#club", "uv": [ 7.0, 2.0, 7.5, 2.5 ] },
								"down": { "texture": "#club", "uv": [ 6.5, 2.0, 7.0, 2.5 ] }
							},
							"children": [
								{
									"name": "Cube172",
									"from": [ 0.0, 1.2, 0.0 ],
									"to": [ 0.5, 2.2, 0.5 ],
									"rotationOrigin": [ 0.0, 1.2, 0.0 ],
									"rotationZ": 30.0,
									"faces": {
										"north": { "texture": "#club", "uv": [ 6.0, 2.0, 6.5, 3.0 ] },
										"east": { "texture": "#club", "uv": [ 6.5, 2.5, 7.0, 3.5 ] },
										"south": { "texture": "#club", "uv": [ 7.0, 2.5, 7.5, 3.5 ] },
										"west": { "texture": "#club", "uv": [ 7.5, 3.0, 8.0, 4.0 ] },
										"up": { "texture": "#club", "uv": [ 6.5, 2.0, 7.0, 2.5 ] },
										"down": { "texture": "#club", "uv": [ 7.0, 1.0, 7.5, 1.5 ] }
									}
								},
								{
									"name": "Cube173",
									"from": [ 0.0, 1.4, 0.0 ],
									"to": [ 0.5, 2.4, 0.5 ],
									"rotationOrigin": [ 0.0, 1.4, 0.0 ],
									"rotationZ": -22.0,
									"faces": {
										"north": { "texture": "#club", "uv": [ 6.5, 3.0, 7.0, 4.0 ] },
										"east": { "texture": "#club", "uv": [ 6.0, 4.0, 6.5, 5.0 ] },
										"south": { "texture": "#club", "uv": [ 7.5, 4.5, 8.0, 5.5 ] },
										"west": { "texture": "#club", "uv": [ 7.0, 5.0, 7.5, 6.0 ] },
										"up": { "texture": "#club", "uv": [ 6.0, 2.0, 6.5, 2.5 ] },
										"down": { "texture": "#club", "uv": [ 6.5, 2.0, 7.0, 2.5 ] }
									}
								}
							]
						}
					]
				},
				{
					"name": "Cube174",
					"from": [ -5.0, 0.0, 5.0 ],
					"to": [ -4.5, 1.5, 5.5 ],
					"rotationOrigin": [ -4.75, 0.0, 5.25 ],
					"faces": {
						"north": { "texture": "#club", "uv": [ 6.5, 9.5, 7.0, 11.0 ] },
						"east": { "texture": "#club", "uv": [ 6.0, 9.0, 6.5, 10.5 ] },
						"south": { "texture": "#club", "uv": [ 7.5, 9.0, 8.0, 10.5 ] },
						"west": { "texture": "#club", "uv": [ 7.0, 8.0, 7.5, 9.5 ] },
						"up": { "texture": "#club", "uv": [ 6.0, 2.0, 6.5, 2.5 ] },
						"down": { "texture": "#club", "uv": [ 6.0, 2.0, 6.5, 2.5 ] }
					}
				},
				{
					"name": "Cube175",
					"from": [ 6.0, 0.0, -0.5 ],
					"to": [ 6.5, 0.5, 0.0 ],
					"rotationOrigin": [ 6.25, 0.0, -0.25 ],
					"rotationY": -25.0,
					"faces": {
						"north": { "texture": "#club", "uv": [ 6.5, 7.5, 7.0, 8.0 ] },
						"east": { "texture": "#club", "uv": [ 6.0, 7.5, 6.5, 8.0 ] },
						"south": { "texture": "#club", "uv": [ 7.5, 7.5, 8.0, 8.0 ] },
						"west": { "texture": "#club", "uv": [ 7.0, 6.5, 7.5, 7.0 ] },
						"up": { "texture": "#club", "uv": [ 6.0, 2.0, 6.5, 2.5 ] },
						"down": { "texture": "#club", "uv": [ 6.0, 2.0, 6.5, 2.5 ] }
					}
				},
				{
					"name": "smol3",
					"from": [ -2.4, -0.7, -0.5 ],
					"to": [ -1.6, 0.3, 0.3 ],
					"rotationOrigin": [ -2.4, -0.7, -0.5 ],
					"rotationX": -3.0,
					"rotationY": 14.0,
					"rotationZ": -14.0,
					"faces": {
						"north": { "texture": "#club", "uv": [ 7.5, 12.0, 8.0, 13.0 ] },
						"east": { "texture": "#club", "uv": [ 7.0, 11.5, 7.5, 12.5 ] },
						"south": { "texture": "#club", "uv": [ 6.5, 11.5, 7.0, 12.5 ] },
						"west": { "texture": "#club", "uv": [ 6.5, 11.5, 7.0, 12.5 ] },
						"up": { "texture": "#club", "uv": [ 6.5, 7.5, 7.0, 8.0 ] },
						"down": { "texture": "#club", "uv": [ 7.0, 14.0, 7.5, 14.5 ] }
					},
					"children": [
						{
							"name": "Cube176",
							"from": [ 0.1, 0.4, 0.0 ],
							"to": [ 0.6, 1.9, 0.5 ],
							"rotationOrigin": [ 0.35, 0.4, 0.25 ],
							"rotationY": -8.0,
							"rotationZ": 19.0,
							"faces": {
								"north": { "texture": "#club", "uv": [ 6.0, 7.5, 6.5, 9.0 ] },
								"east": { "texture": "#club", "uv": [ 6.5, 7.5, 7.0, 9.0 ] },
								"south": { "texture": "#club", "uv": [ 7.0, 7.5, 7.5, 9.0 ] },
								"west": { "texture": "#club", "uv": [ 7.5, 6.5, 8.0, 8.0 ] },
								"up": { "texture": "#club", "uv": [ 6.0, 2.0, 6.5, 2.5 ] },
								"down": { "texture": "#club", "uv": [ 6.0, 2.0, 6.5, 2.5 ] }
							},
							"children": [
								{
									"name": "Cube177",
									"from": [ 0.0, 1.2, 0.0 ],
									"to": [ 0.5, 2.2, 0.5 ],
									"rotationOrigin": [ 0.0, 1.2, 0.0 ],
									"rotationZ": 30.0,
									"faces": {
										"north": { "texture": "#club", "uv": [ 6.0, 2.0, 6.5, 3.0 ] },
										"east": { "texture": "#club", "uv": [ 6.5, 2.5, 7.0, 3.5 ] },
										"south": { "texture": "#club", "uv": [ 7.0, 2.5, 7.5, 3.5 ] },
										"west": { "texture": "#club", "uv": [ 7.5, 3.0, 8.0, 4.0 ] },
										"up": { "texture": "#club", "uv": [ 6.0, 2.0, 6.5, 2.5 ] },
										"down": { "texture": "#club", "uv": [ 7.0, 1.0, 7.5, 1.5 ] }
									}
								},
								{
									"name": "Cube178",
									"from": [ 0.0, 1.4, 0.0 ],
									"to": [ 0.5, 2.4, 0.5 ],
									"rotationOrigin": [ 0.0, 1.4, 0.0 ],
									"rotationZ": -22.0,
									"faces": {
										"north": { "texture": "#club", "uv": [ 6.5, 3.0, 7.0, 4.0 ] },
										"east": { "texture": "#club", "uv": [ 6.5, 4.0, 7.0, 5.0 ] },
										"south": { "texture": "#club", "uv": [ 7.0, 4.5, 7.5, 5.5 ] },
										"west": { "texture": "#club", "uv": [ 6.5, 5.0, 7.0, 6.0 ] },
										"up": { "texture": "#club", "uv": [ 7.5, 2.0, 8.0, 2.5 ] },
										"down": { "texture": "#club", "uv": [ 6.0, 2.0, 6.5, 2.5 ] }
									}
								}
							]
						},
						{
							"name": "Cube179",
							"from": [ 0.1, 0.4, 0.0 ],
							"to": [ 0.6, 1.9, 0.5 ],
							"rotationOrigin": [ 0.35, 0.4, 0.25 ],
							"rotationX": 28.0,
							"rotationY": 166.0,
							"rotationZ": 14.0,
							"faces": {
								"north": { "texture": "#club", "uv": [ 6.0, 7.5, 6.5, 9.0 ] },
								"east": { "texture": "#club", "uv": [ 7.0, 7.5, 7.5, 9.0 ] },
								"south": { "texture": "#club", "uv": [ 6.5, 7.5, 7.0, 9.0 ] },
								"west": { "texture": "#club", "uv": [ 7.5, 6.5, 8.0, 8.0 ] },
								"up": { "texture": "#club", "uv": [ 6.0, 2.0, 6.5, 2.5 ] },
								"down": { "texture": "#club", "uv": [ 6.0, 2.0, 6.5, 2.5 ] }
							},
							"children": [
								{
									"name": "Cube180",
									"from": [ 0.0, 1.2, 0.0 ],
									"to": [ 0.5, 2.2, 0.5 ],
									"rotationOrigin": [ 0.0, 1.2, 0.0 ],
									"rotationZ": 30.0,
									"faces": {
										"north": { "texture": "#club", "uv": [ 6.5, 2.0, 7.0, 3.0 ] },
										"east": { "texture": "#club", "uv": [ 6.0, 2.5, 6.5, 3.5 ] },
										"south": { "texture": "#club", "uv": [ 7.5, 2.5, 8.0, 3.5 ] },
										"west": { "texture": "#club", "uv": [ 7.5, 3.0, 8.0, 4.0 ] },
										"up": { "texture": "#club", "uv": [ 7.0, 2.0, 7.5, 2.5 ] },
										"down": { "texture": "#club", "uv": [ 7.5, 1.0, 8.0, 1.5 ] }
									}
								},
								{
									"name": "Cube181",
									"from": [ 0.0, 1.4, 0.0 ],
									"to": [ 0.5, 2.4, 0.5 ],
									"rotationOrigin": [ 0.0, 1.4, 0.0 ],
									"rotationZ": -22.0,
									"faces": {
										"north": { "texture": "#club", "uv": [ 6.5, 3.0, 7.0, 4.0 ] },
										"east": { "texture": "#club", "uv": [ 7.0, 4.0, 7.5, 5.0 ] },
										"south": { "texture": "#club", "uv": [ 6.0, 4.0, 6.5, 5.0 ] },
										"west": { "texture": "#club", "uv": [ 7.5, 5.0, 8.0, 6.0 ] },
										"up": { "texture": "#club", "uv": [ 7.0, 2.0, 7.5, 2.5 ] },
										"down": { "texture": "#club", "uv": [ 6.5, 2.0, 7.0, 2.5 ] }
									}
								}
							]
						},
						{
							"name": "Cube182",
							"from": [ 0.1, 0.4, 0.2 ],
							"to": [ 0.6, 1.9, 0.7 ],
							"rotationOrigin": [ 0.35, 0.4, 0.45 ],
							"rotationX": -14.0,
							"rotationY": 47.0,
							"rotationZ": -25.0,
							"faces": {
								"north": { "texture": "#club", "uv": [ 6.0, 7.5, 6.5, 9.0 ] },
								"east": { "texture": "#club", "uv": [ 6.5, 7.5, 7.0, 9.0 ] },
								"south": { "texture": "#club", "uv": [ 7.0, 7.5, 7.5, 9.0 ] },
								"west": { "texture": "#club", "uv": [ 7.5, 6.5, 8.0, 8.0 ] },
								"up": { "texture": "#club", "uv": [ 6.0, 2.0, 6.5, 2.5 ] },
								"down": { "texture": "#club", "uv": [ 6.5, 2.0, 7.0, 2.5 ] }
							},
							"children": [
								{
									"name": "Cube183",
									"from": [ 0.0, 1.2, 0.0 ],
									"to": [ 0.5, 2.2, 0.5 ],
									"rotationOrigin": [ 0.0, 1.2, 0.0 ],
									"rotationZ": 30.0,
									"faces": {
										"north": { "texture": "#club", "uv": [ 6.0, 2.0, 6.5, 3.0 ] },
										"east": { "texture": "#club", "uv": [ 6.5, 2.5, 7.0, 3.5 ] },
										"south": { "texture": "#club", "uv": [ 7.0, 2.5, 7.5, 3.5 ] },
										"west": { "texture": "#club", "uv": [ 7.5, 3.0, 8.0, 4.0 ] },
										"up": { "texture": "#club", "uv": [ 6.5, 2.5, 7.0, 3.0 ] },
										"down": { "texture": "#club", "uv": [ 6.0, 1.0, 6.5, 1.5 ] }
									}
								},
								{
									"name": "Cube184",
									"from": [ 0.0, 1.4, 0.0 ],
									"to": [ 0.5, 2.4, 0.5 ],
									"rotationOrigin": [ 0.0, 1.4, 0.0 ],
									"rotationZ": -22.0,
									"faces": {
										"north": { "texture": "#club", "uv": [ 6.0, 3.0, 6.5, 4.0 ] },
										"east": { "texture": "#club", "uv": [ 6.5, 4.0, 7.0, 5.0 ] },
										"south": { "texture": "#club", "uv": [ 7.0, 4.0, 7.5, 5.0 ] },
										"west": { "texture": "#club", "uv": [ 7.5, 5.0, 8.0, 6.0 ] },
										"up": { "texture": "#club", "uv": [ 6.0, 2.0, 6.5, 2.5 ] },
										"down": { "texture": "#club", "uv": [ 7.0, 2.0, 7.5, 2.5 ] }
									}
								}
							]
						},
						{
							"name": "Cube185",
							"from": [ 0.1, 0.5, 0.1 ],
							"to": [ 0.6, 2.0, 0.6 ],
							"rotationOrigin": [ 0.35, 0.5, 0.35 ],
							"rotationX": 3.0,
							"rotationY": 47.0,
							"rotationZ": 30.0,
							"faces": {
								"north": { "texture": "#club", "uv": [ 6.0, 7.5, 6.5, 9.0 ] },
								"east": { "texture": "#club", "uv": [ 6.5, 7.5, 7.0, 9.0 ] },
								"south": { "texture": "#club", "uv": [ 7.0, 7.5, 7.5, 9.0 ] },
								"west": { "texture": "#club", "uv": [ 7.5, 6.5, 8.0, 8.0 ] },
								"up": { "texture": "#club", "uv": [ 6.0, 2.0, 6.5, 2.5 ] },
								"down": { "texture": "#club", "uv": [ 6.5, 2.0, 7.0, 2.5 ] }
							},
							"children": [
								{
									"name": "Cube186",
									"from": [ 0.0, 1.2, 0.0 ],
									"to": [ 0.5, 2.2, 0.5 ],
									"rotationOrigin": [ 0.0, 1.2, 0.0 ],
									"rotationZ": 30.0,
									"faces": {
										"north": { "texture": "#club", "uv": [ 6.0, 2.0, 6.5, 3.0 ] },
										"east": { "texture": "#club", "uv": [ 6.5, 2.5, 7.0, 3.5 ] },
										"south": { "texture": "#club", "uv": [ 7.0, 2.5, 7.5, 3.5 ] },
										"west": { "texture": "#club", "uv": [ 7.5, 3.0, 8.0, 4.0 ] },
										"up": { "texture": "#club", "uv": [ 6.5, 2.0, 7.0, 2.5 ] },
										"down": { "texture": "#club", "uv": [ 6.0, 1.0, 6.5, 1.5 ] }
									}
								},
								{
									"name": "Cube187",
									"from": [ 0.0, 1.4, 0.0 ],
									"to": [ 0.5, 2.4, 0.5 ],
									"rotationOrigin": [ 0.0, 1.4, 0.0 ],
									"rotationZ": -22.0,
									"faces": {
										"north": { "texture": "#club", "uv": [ 6.5, 3.0, 7.0, 4.0 ] },
										"east": { "texture": "#club", "uv": [ 6.0, 4.0, 6.5, 5.0 ] },
										"south": { "texture": "#club", "uv": [ 7.0, 4.0, 7.5, 5.0 ] },
										"west": { "texture": "#club", "uv": [ 7.5, 5.0, 8.0, 6.0 ] },
										"up": { "texture": "#club", "uv": [ 6.5, 2.0, 7.0, 2.5 ] },
										"down": { "texture": "#club", "uv": [ 6.5, 2.0, 7.0, 2.5 ] }
									}
								}
							]
						},
						{
							"name": "Cube188",
							"from": [ 0.0, 0.4, 0.2 ],
							"to": [ 0.5, 1.9, 0.7 ],
							"rotationOrigin": [ 0.25, 0.4, 0.45 ],
							"rotationX": -22.0,
							"rotationY": -28.0,
							"rotationZ": -42.0,
							"faces": {
								"north": { "texture": "#club", "uv": [ 6.0, 7.5, 6.5, 9.0 ] },
								"east": { "texture": "#club", "uv": [ 7.0, 7.5, 7.5, 9.0 ] },
								"south": { "texture": "#club", "uv": [ 6.5, 7.5, 7.0, 9.0 ] },
								"west": { "texture": "#club", "uv": [ 7.5, 6.5, 8.0, 8.0 ] },
								"up": { "texture": "#club", "uv": [ 7.0, 2.0, 7.5, 2.5 ] },
								"down": { "texture": "#club", "uv": [ 6.5, 2.0, 7.0, 2.5 ] }
							},
							"children": [
								{
									"name": "Cube189",
									"from": [ 0.0, 1.2, 0.0 ],
									"to": [ 0.5, 2.2, 0.5 ],
									"rotationOrigin": [ 0.0, 1.2, 0.0 ],
									"rotationZ": 30.0,
									"faces": {
										"north": { "texture": "#club", "uv": [ 6.0, 2.0, 6.5, 3.0 ] },
										"east": { "texture": "#club", "uv": [ 6.5, 2.5, 7.0, 3.5 ] },
										"south": { "texture": "#club", "uv": [ 7.0, 2.5, 7.5, 3.5 ] },
										"west": { "texture": "#club", "uv": [ 7.5, 3.0, 8.0, 4.0 ] },
										"up": { "texture": "#club", "uv": [ 6.5, 2.0, 7.0, 2.5 ] },
										"down": { "texture": "#club", "uv": [ 7.0, 1.0, 7.5, 1.5 ] }
									}
								},
								{
									"name": "Cube190",
									"from": [ 0.0, 1.4, 0.0 ],
									"to": [ 0.5, 2.4, 0.5 ],
									"rotationOrigin": [ 0.0, 1.4, 0.0 ],
									"rotationZ": -22.0,
									"faces": {
										"north": { "texture": "#club", "uv": [ 6.5, 3.0, 7.0, 4.0 ] },
										"east": { "texture": "#club", "uv": [ 6.0, 4.0, 6.5, 5.0 ] },
										"south": { "texture": "#club", "uv": [ 7.5, 4.5, 8.0, 5.5 ] },
										"west": { "texture": "#club", "uv": [ 7.0, 5.0, 7.5, 6.0 ] },
										"up": { "texture": "#club", "uv": [ 6.0, 2.0, 6.5, 2.5 ] },
										"down": { "texture": "#club", "uv": [ 6.5, 2.0, 7.0, 2.5 ] }
									}
								}
							]
						}
					]
				},
				{
					"name": "medium3",
					"from": [ 3.5, -0.7, -0.4 ],
					"to": [ 4.4, 0.3, 0.5 ],
					"rotationOrigin": [ 3.5, -0.7, -0.4 ],
					"rotationX": 14.0,
					"rotationY": 158.0,
					"rotationZ": 17.0,
					"faces": {
						"north": { "texture": "#club", "uv": [ 6.0, 12.0, 6.5, 13.0 ] },
						"east": { "texture": "#club", "uv": [ 7.0, 11.5, 7.5, 12.5 ] },
						"south": { "texture": "#club", "uv": [ 6.5, 12.5, 7.0, 13.5 ] },
						"west": { "texture": "#club", "uv": [ 7.5, 12.0, 8.0, 13.0 ] },
						"up": { "texture": "#club", "uv": [ 7.0, 11.5, 7.5, 12.0 ] },
						"down": { "texture": "#club", "uv": [ 7.0, 14.5, 7.5, 15.0 ] }
					},
					"children": [
						{
							"name": "Cube191",
							"from": [ 0.0, 1.6, 0.0 ],
							"to": [ 0.5, 3.1, 0.5 ],
							"rotationOrigin": [ 0.0, 1.6, 0.0 ],
							"rotationY": 30.0,
							"rotationZ": 11.0,
							"faces": {
								"north": { "texture": "#club", "uv": [ 6.5, 7.5, 7.0, 9.0 ] },
								"east": { "texture": "#club", "uv": [ 6.0, 7.5, 6.5, 9.0 ] },
								"south": { "texture": "#club", "uv": [ 7.0, 7.5, 7.5, 9.0 ] },
								"west": { "texture": "#club", "uv": [ 7.5, 6.5, 8.0, 8.0 ] },
								"up": { "texture": "#club", "uv": [ 6.0, 2.0, 6.5, 2.5 ] },
								"down": { "texture": "#club", "uv": [ 6.0, 2.0, 6.5, 2.5 ] }
							},
							"children": [
								{
									"name": "Cube192",
									"from": [ 0.0, 1.2, 0.0 ],
									"to": [ 0.5, 2.2, 0.5 ],
									"rotationOrigin": [ 0.0, 1.2, 0.0 ],
									"rotationZ": 30.0,
									"faces": {
										"north": { "texture": "#club", "uv": [ 6.0, 2.0, 6.5, 3.0 ] },
										"east": { "texture": "#club", "uv": [ 6.5, 2.5, 7.0, 3.5 ] },
										"south": { "texture": "#club", "uv": [ 7.0, 2.5, 7.5, 3.5 ] },
										"west": { "texture": "#club", "uv": [ 7.5, 3.0, 8.0, 4.0 ] },
										"up": { "texture": "#club", "uv": [ 6.0, 2.0, 6.5, 2.5 ] },
										"down": { "texture": "#club", "uv": [ 6.5, 1.0, 7.0, 1.5 ] }
									}
								},
								{
									"name": "Cube193",
									"from": [ 0.0, 1.4, 0.0 ],
									"to": [ 0.5, 2.4, 0.5 ],
									"rotationOrigin": [ 0.0, 1.4, 0.0 ],
									"rotationZ": -22.0,
									"faces": {
										"north": { "texture": "#club", "uv": [ 6.0, 3.0, 6.5, 4.0 ] },
										"east": { "texture": "#club", "uv": [ 7.0, 4.0, 7.5, 5.0 ] },
										"south": { "texture": "#club", "uv": [ 6.5, 4.0, 7.0, 5.0 ] },
										"west": { "texture": "#club", "uv": [ 7.5, 5.0, 8.0, 6.0 ] },
										"up": { "texture": "#club", "uv": [ 6.5, 2.0, 7.0, 2.5 ] },
										"down": { "texture": "#club", "uv": [ 6.0, 2.0, 6.5, 2.5 ] }
									}
								}
							]
						},
						{
							"name": "Cube194",
							"from": [ 1.0, 1.2, 0.0 ],
							"to": [ 1.5, 2.7, 0.5 ],
							"rotationOrigin": [ 1.0, 1.2, 0.0 ],
							"rotationX": -25.0,
							"rotationY": -91.0,
							"rotationZ": 11.0,
							"faces": {
								"north": { "texture": "#club", "uv": [ 6.5, 7.5, 7.0, 9.0 ] },
								"east": { "texture": "#club", "uv": [ 7.0, 7.5, 7.5, 9.0 ] },
								"south": { "texture": "#club", "uv": [ 6.5, 7.5, 7.0, 9.0 ] },
								"west": { "texture": "#club", "uv": [ 7.5, 6.5, 8.0, 8.0 ] },
								"up": { "texture": "#club", "uv": [ 6.5, 2.0, 7.0, 2.5 ] },
								"down": { "texture": "#club", "uv": [ 6.5, 2.0, 7.0, 2.5 ] }
							},
							"children": [
								{
									"name": "Cube195",
									"from": [ 0.0, 1.2, 0.0 ],
									"to": [ 0.5, 2.2, 0.5 ],
									"rotationOrigin": [ 0.0, 1.2, 0.0 ],
									"rotationZ": 30.0,
									"faces": {
										"north": { "texture": "#club", "uv": [ 6.0, 2.0, 6.5, 3.0 ] },
										"east": { "texture": "#club", "uv": [ 6.5, 2.5, 7.0, 3.5 ] },
										"south": { "texture": "#club", "uv": [ 7.0, 2.5, 7.5, 3.5 ] },
										"west": { "texture": "#club", "uv": [ 7.0, 3.0, 7.5, 4.0 ] },
										"up": { "texture": "#club", "uv": [ 6.5, 2.5, 7.0, 3.0 ] },
										"down": { "texture": "#club", "uv": [ 7.0, 1.0, 7.5, 1.5 ] }
									}
								},
								{
									"name": "Cube196",
									"from": [ 0.0, 1.4, 0.0 ],
									"to": [ 0.5, 2.4, 0.5 ],
									"rotationOrigin": [ 0.0, 1.4, 0.0 ],
									"rotationZ": -22.0,
									"faces": {
										"north": { "texture": "#club", "uv": [ 6.0, 3.0, 6.5, 4.0 ] },
										"east": { "texture": "#club", "uv": [ 7.0, 4.5, 7.5, 5.5 ] },
										"south": { "texture": "#club", "uv": [ 6.5, 4.0, 7.0, 5.0 ] },
										"west": { "texture": "#club", "uv": [ 7.5, 5.0, 8.0, 6.0 ] },
										"up": { "texture": "#club", "uv": [ 6.5, 2.0, 7.0, 2.5 ] },
										"down": { "texture": "#club", "uv": [ 6.5, 2.0, 7.0, 2.5 ] }
									}
								}
							]
						},
						{
							"name": "Cube197",
							"from": [ 0.2, 1.4, 0.3 ],
							"to": [ 0.7, 2.9, 0.8 ],
							"rotationOrigin": [ 0.2, 1.4, 0.3 ],
							"rotationX": -78.0,
							"rotationY": 39.0,
							"rotationZ": 50.0,
							"faces": {
								"north": { "texture": "#club", "uv": [ 6.0, 7.5, 6.5, 9.0 ] },
								"east": { "texture": "#club", "uv": [ 6.5, 7.5, 7.0, 9.0 ] },
								"south": { "texture": "#club", "uv": [ 7.0, 7.5, 7.5, 9.0 ] },
								"west": { "texture": "#club", "uv": [ 7.5, 6.5, 8.0, 8.0 ] },
								"up": { "texture": "#club", "uv": [ 6.0, 2.0, 6.5, 2.5 ] },
								"down": { "texture": "#club", "uv": [ 6.0, 2.0, 6.5, 2.5 ] }
							},
							"children": [
								{
									"name": "Cube198",
									"from": [ 0.0, 1.2, 0.0 ],
									"to": [ 0.5, 2.2, 0.5 ],
									"rotationOrigin": [ 0.0, 1.2, 0.0 ],
									"rotationZ": 30.0,
									"faces": {
										"north": { "texture": "#club", "uv": [ 6.0, 2.0, 6.5, 3.0 ] },
										"east": { "texture": "#club", "uv": [ 6.5, 2.5, 7.0, 3.5 ] },
										"south": { "texture": "#club", "uv": [ 7.0, 2.5, 7.5, 3.5 ] },
										"west": { "texture": "#club", "uv": [ 7.5, 3.0, 8.0, 4.0 ] },
										"up": { "texture": "#club", "uv": [ 6.0, 2.0, 6.5, 2.5 ] },
										"down": { "texture": "#club", "uv": [ 6.5, 1.5, 7.0, 2.0 ] }
									}
								},
								{
									"name": "Cube199",
									"from": [ 0.0, 1.4, 0.0 ],
									"to": [ 0.5, 2.4, 0.5 ],
									"rotationOrigin": [ 0.0, 1.4, 0.0 ],
									"rotationZ": -22.0,
									"faces": {
										"north": { "texture": "#club", "uv": [ 6.0, 3.0, 6.5, 4.0 ] },
										"east": { "texture": "#club", "uv": [ 6.5, 4.0, 7.0, 5.0 ] },
										"south": { "texture": "#club", "uv": [ 7.0, 4.0, 7.5, 5.0 ] },
										"west": { "texture": "#club", "uv": [ 7.5, 5.0, 8.0, 6.0 ] },
										"up": { "texture": "#club", "uv": [ 7.0, 2.0, 7.5, 2.5 ] },
										"down": { "texture": "#club", "uv": [ 6.5, 2.0, 7.0, 2.5 ] }
									}
								}
							]
						},
						{
							"name": "Cube200",
							"from": [ 0.5, 0.9, 0.1 ],
							"to": [ 1.0, 2.4, 0.6 ],
							"rotationOrigin": [ 0.5, 0.9, 0.1 ],
							"rotationX": 94.0,
							"rotationY": -53.0,
							"rotationZ": 97.0,
							"faces": {
								"north": { "texture": "#club", "uv": [ 6.0, 7.5, 6.5, 9.0 ] },
								"east": { "texture": "#club", "uv": [ 6.5, 7.5, 7.0, 9.0 ] },
								"south": { "texture": "#club", "uv": [ 7.0, 7.5, 7.5, 9.0 ] },
								"west": { "texture": "#club", "uv": [ 7.5, 6.5, 8.0, 8.0 ] },
								"up": { "texture": "#club", "uv": [ 6.5, 2.0, 7.0, 2.5 ] },
								"down": { "texture": "#club", "uv": [ 7.0, 2.0, 7.5, 2.5 ] }
							},
							"children": [
								{
									"name": "Cube201",
									"from": [ 0.0, 1.2, 0.0 ],
									"to": [ 0.5, 2.2, 0.5 ],
									"rotationOrigin": [ 0.0, 1.2, 0.0 ],
									"rotationZ": 30.0,
									"faces": {
										"north": { "texture": "#club", "uv": [ 6.0, 2.0, 6.5, 3.0 ] },
										"east": { "texture": "#club", "uv": [ 6.5, 2.5, 7.0, 3.5 ] },
										"south": { "texture": "#club", "uv": [ 7.0, 2.5, 7.5, 3.5 ] },
										"west": { "texture": "#club", "uv": [ 7.5, 3.0, 8.0, 4.0 ] },
										"up": { "texture": "#club", "uv": [ 7.5, 2.0, 8.0, 2.5 ] },
										"down": { "texture": "#club", "uv": [ 6.5, 1.0, 7.0, 1.5 ] }
									}
								},
								{
									"name": "Cube202",
									"from": [ 0.0, 1.4, 0.0 ],
									"to": [ 0.5, 2.4, 0.5 ],
									"rotationOrigin": [ 0.0, 1.4, 0.0 ],
									"rotationZ": -22.0,
									"faces": {
										"north": { "texture": "#club", "uv": [ 6.0, 2.5, 6.5, 3.5 ] },
										"east": { "texture": "#club", "uv": [ 7.0, 4.0, 7.5, 5.0 ] },
										"south": { "texture": "#club", "uv": [ 6.5, 4.0, 7.0, 5.0 ] },
										"west": { "texture": "#club", "uv": [ 7.5, 5.0, 8.0, 6.0 ] },
										"up": { "texture": "#club", "uv": [ 6.0, 2.0, 6.5, 2.5 ] },
										"down": { "texture": "#club", "uv": [ 6.5, 2.0, 7.0, 2.5 ] }
									}
								}
							]
						},
						{
							"name": "Cube203",
							"from": [ 0.4, 1.3, 0.3 ],
							"to": [ 0.9, 2.8, 0.8 ],
							"rotationOrigin": [ 0.65, 1.3, 0.55 ],
							"rotationZ": -11.0,
							"faces": {
								"north": { "texture": "#club", "uv": [ 6.0, 7.5, 6.5, 9.0 ] },
								"east": { "texture": "#club", "uv": [ 7.0, 7.5, 7.5, 9.0 ] },
								"south": { "texture": "#club", "uv": [ 6.5, 7.5, 7.0, 9.0 ] },
								"west": { "texture": "#club", "uv": [ 7.5, 6.5, 8.0, 8.0 ] },
								"up": { "texture": "#club", "uv": [ 7.0, 2.0, 7.5, 2.5 ] },
								"down": { "texture": "#club", "uv": [ 6.0, 2.0, 6.5, 2.5 ] }
							},
							"children": [
								{
									"name": "Cube204",
									"from": [ 0.0, 1.2, 0.0 ],
									"to": [ 0.5, 2.2, 0.5 ],
									"rotationOrigin": [ 0.0, 1.2, 0.0 ],
									"rotationZ": 30.0,
									"faces": {
										"north": { "texture": "#club", "uv": [ 6.0, 2.0, 6.5, 3.0 ] },
										"east": { "texture": "#club", "uv": [ 6.5, 2.5, 7.0, 3.5 ] },
										"south": { "texture": "#club", "uv": [ 7.0, 2.5, 7.5, 3.5 ] },
										"west": { "texture": "#club", "uv": [ 7.5, 3.0, 8.0, 4.0 ] },
										"up": { "texture": "#club", "uv": [ 6.0, 2.0, 6.5, 2.5 ] },
										"down": { "texture": "#club", "uv": [ 6.5, 1.0, 7.0, 1.5 ] }
									}
								},
								{
									"name": "Cube205",
									"from": [ 0.0, 1.4, 0.0 ],
									"to": [ 0.5, 2.4, 0.5 ],
									"rotationOrigin": [ 0.0, 1.4, 0.0 ],
									"rotationZ": -22.0,
									"faces": {
										"north": { "texture": "#club", "uv": [ 6.0, 3.0, 6.5, 4.0 ] },
										"east": { "texture": "#club", "uv": [ 7.0, 4.0, 7.5, 5.0 ] },
										"south": { "texture": "#club", "uv": [ 6.5, 4.0, 7.0, 5.0 ] },
										"west": { "texture": "#club", "uv": [ 7.0, 5.0, 7.5, 6.0 ] },
										"up": { "texture": "#club", "uv": [ 6.5, 2.0, 7.0, 2.5 ] },
										"down": { "texture": "#club", "uv": [ 6.5, 2.0, 7.0, 2.5 ] }
									}
								}
							]
						},
						{
							"name": "Cube206",
							"from": [ 0.2, 0.9, 0.1 ],
							"to": [ 0.7, 2.4, 0.6 ],
							"rotationOrigin": [ 0.45, 0.9, 0.35 ],
							"rotationX": 44.0,
							"rotationY": -53.0,
							"rotationZ": -8.0,
							"faces": {
								"north": { "texture": "#club", "uv": [ 6.0, 7.5, 6.5, 9.0 ] },
								"east": { "texture": "#club", "uv": [ 6.5, 7.5, 7.0, 9.0 ] },
								"south": { "texture": "#club", "uv": [ 7.0, 7.5, 7.5, 9.0 ] },
								"west": { "texture": "#club", "uv": [ 7.5, 6.5, 8.0, 8.0 ] },
								"up": { "texture": "#club", "uv": [ 6.0, 2.0, 6.5, 2.5 ] },
								"down": { "texture": "#club", "uv": [ 6.0, 2.0, 6.5, 2.5 ] }
							},
							"children": [
								{
									"name": "Cube207",
									"from": [ 0.0, 1.2, 0.0 ],
									"to": [ 0.5, 2.2, 0.5 ],
									"rotationOrigin": [ 0.0, 1.2, 0.0 ],
									"rotationZ": 30.0,
									"faces": {
										"north": { "texture": "#club", "uv": [ 6.5, 2.0, 7.0, 3.0 ] },
										"east": { "texture": "#club", "uv": [ 7.0, 2.0, 7.5, 3.0 ] },
										"south": { "texture": "#club", "uv": [ 6.5, 2.5, 7.0, 3.5 ] },
										"west": { "texture": "#club", "uv": [ 7.5, 3.0, 8.0, 4.0 ] },
										"up": { "texture": "#club", "uv": [ 7.0, 2.0, 7.5, 2.5 ] },
										"down": { "texture": "#club", "uv": [ 6.0, 1.0, 6.5, 1.5 ] }
									}
								},
								{
									"name": "Cube208",
									"from": [ 0.0, 1.4, 0.0 ],
									"to": [ 0.5, 2.4, 0.5 ],
									"rotationOrigin": [ 0.0, 1.4, 0.0 ],
									"rotationZ": -22.0,
									"faces": {
										"north": { "texture": "#club", "uv": [ 6.0, 3.0, 6.5, 4.0 ] },
										"east": { "texture": "#club", "uv": [ 6.5, 4.0, 7.0, 5.0 ] },
										"south": { "texture": "#club", "uv": [ 7.5, 4.0, 8.0, 5.0 ] },
										"west": { "texture": "#club", "uv": [ 7.0, 5.0, 7.5, 6.0 ] },
										"up": { "texture": "#club", "uv": [ 6.5, 1.5, 7.0, 2.0 ] },
										"down": { "texture": "#club", "uv": [ 6.0, 2.0, 6.5, 2.5 ] }
									}
								}
							]
						},
						{
							"name": "Cube209",
							"from": [ 0.0, 1.6, 0.5 ],
							"to": [ 0.5, 3.1, 1.0 ],
							"rotationOrigin": [ 0.25, 1.6, 0.75 ],
							"rotationX": -163.0,
							"rotationZ": 152.0,
							"faces": {
								"north": { "texture": "#club", "uv": [ 6.0, 7.5, 6.5, 9.0 ] },
								"east": { "texture": "#club", "uv": [ 7.0, 7.5, 7.5, 9.0 ] },
								"south": { "texture": "#club", "uv": [ 6.5, 7.5, 7.0, 9.0 ] },
								"west": { "texture": "#club", "uv": [ 7.5, 6.5, 8.0, 8.0 ] },
								"up": { "texture": "#club", "uv": [ 7.5, 2.0, 8.0, 2.5 ] },
								"down": { "texture": "#club", "uv": [ 7.0, 2.0, 7.5, 2.5 ] }
							},
							"children": [
								{
									"name": "Cube210",
									"from": [ 0.0, 1.2, 0.0 ],
									"to": [ 0.5, 2.2, 0.5 ],
									"rotationOrigin": [ 0.0, 1.2, 0.0 ],
									"rotationZ": 30.0,
									"faces": {
										"north": { "texture": "#club", "uv": [ 6.5, 2.0, 7.0, 3.0 ] },
										"east": { "texture": "#club", "uv": [ 6.0, 2.5, 6.5, 3.5 ] },
										"south": { "texture": "#club", "uv": [ 7.5, 2.5, 8.0, 3.5 ] },
										"west": { "texture": "#club", "uv": [ 7.0, 3.0, 7.5, 4.0 ] },
										"up": { "texture": "#club", "uv": [ 7.0, 2.0, 7.5, 2.5 ] },
										"down": { "texture": "#club", "uv": [ 6.0, 1.0, 6.5, 1.5 ] }
									}
								},
								{
									"name": "Cube211",
									"from": [ 0.0, 1.4, 0.0 ],
									"to": [ 0.5, 2.4, 0.5 ],
									"rotationOrigin": [ 0.0, 1.4, 0.0 ],
									"rotationZ": -22.0,
									"faces": {
										"north": { "texture": "#club", "uv": [ 6.0, 3.0, 6.5, 4.0 ] },
										"east": { "texture": "#club", "uv": [ 6.5, 4.5, 7.0, 5.5 ] },
										"south": { "texture": "#club", "uv": [ 7.0, 3.5, 7.5, 4.5 ] },
										"west": { "texture": "#club", "uv": [ 7.5, 5.5, 8.0, 6.5 ] },
										"up": { "texture": "#club", "uv": [ 6.5, 2.5, 7.0, 3.0 ] },
										"down": { "texture": "#club", "uv": [ 6.0, 2.0, 6.5, 2.5 ] }
									}
								}
							]
						},
						{
							"name": "Cube212",
							"from": [ 0.1, 1.3, 0.3 ],
							"to": [ 0.6, 2.8, 0.8 ],
							"rotationOrigin": [ 0.35, 1.3, 0.55 ],
							"rotationX": 14.0,
							"rotationY": -17.0,
							"rotationZ": -47.0,
							"faces": {
								"north": { "texture": "#club", "uv": [ 6.0, 7.5, 6.5, 9.0 ] },
								"east": { "texture": "#club", "uv": [ 7.0, 7.5, 7.5, 9.0 ] },
								"south": { "texture": "#club", "uv": [ 6.5, 8.0, 7.0, 9.5 ] },
								"west": { "texture": "#club", "uv": [ 7.0, 6.5, 7.5, 8.0 ] },
								"up": { "texture": "#club", "uv": [ 6.5, 2.0, 7.0, 2.5 ] },
								"down": { "texture": "#club", "uv": [ 6.0, 2.0, 6.5, 2.5 ] }
							},
							"children": [
								{
									"name": "Cube213",
									"from": [ 0.0, 1.2, 0.0 ],
									"to": [ 0.5, 2.2, 0.5 ],
									"rotationOrigin": [ 0.0, 1.2, 0.0 ],
									"rotationZ": 30.0,
									"faces": {
										"north": { "texture": "#club", "uv": [ 6.0, 2.0, 6.5, 3.0 ] },
										"east": { "texture": "#club", "uv": [ 7.0, 2.5, 7.5, 3.5 ] },
										"south": { "texture": "#club", "uv": [ 6.5, 2.5, 7.0, 3.5 ] },
										"west": { "texture": "#club", "uv": [ 7.0, 3.0, 7.5, 4.0 ] },
										"up": { "texture": "#club", "uv": [ 6.5, 2.0, 7.0, 2.5 ] },
										"down": { "texture": "#club", "uv": [ 6.5, 1.0, 7.0, 1.5 ] }
									}
								},
								{
									"name": "Cube214",
									"from": [ 0.0, 1.4, 0.0 ],
									"to": [ 0.5, 2.4, 0.5 ],
									"rotationOrigin": [ 0.0, 1.4, 0.0 ],
									"rotationZ": -22.0,
									"faces": {
										"north": { "texture": "#club", "uv": [ 6.0, 3.0, 6.5, 4.0 ] },
										"east": { "texture": "#club", "uv": [ 6.5, 4.0, 7.0, 5.0 ] },
										"south": { "texture": "#club", "uv": [ 7.0, 4.0, 7.5, 5.0 ] },
										"west": { "texture": "#club", "uv": [ 7.5, 5.0, 8.0, 6.0 ] },
										"up": { "texture": "#club", "uv": [ 6.5, 2.0, 7.0, 2.5 ] },
										"down": { "texture": "#club", "uv": [ 6.0, 2.0, 6.5, 2.5 ] }
									}
								}
							]
						},
						{
							"name": "Cube215",
							"from": [ 0.2, 1.2, 0.1 ],
							"to": [ 0.7, 2.7, 0.6 ],
							"rotationOrigin": [ 0.45, 1.2, 0.35 ],
							"rotationX": -150.0,
							"rotationY": -47.0,
							"rotationZ": 144.0,
							"faces": {
								"north": { "texture": "#club", "uv": [ 6.5, 7.5, 7.0, 9.0 ] },
								"east": { "texture": "#club", "uv": [ 6.0, 7.5, 6.5, 9.0 ] },
								"south": { "texture": "#club", "uv": [ 7.5, 7.5, 8.0, 9.0 ] },
								"west": { "texture": "#club", "uv": [ 7.0, 6.5, 7.5, 8.0 ] },
								"up": { "texture": "#club", "uv": [ 6.5, 2.0, 7.0, 2.5 ] },
								"down": { "texture": "#club", "uv": [ 6.5, 2.0, 7.0, 2.5 ] }
							},
							"children": [
								{
									"name": "Cube216",
									"from": [ 0.0, 1.2, 0.0 ],
									"to": [ 0.5, 2.2, 0.5 ],
									"rotationOrigin": [ 0.0, 1.2, 0.0 ],
									"rotationZ": 30.0,
									"faces": {
										"north": { "texture": "#club", "uv": [ 6.5, 2.0, 7.0, 3.0 ] },
										"east": { "texture": "#club", "uv": [ 6.0, 2.5, 6.5, 3.5 ] },
										"south": { "texture": "#club", "uv": [ 7.5, 3.0, 8.0, 4.0 ] },
										"west": { "texture": "#club", "uv": [ 7.0, 3.0, 7.5, 4.0 ] },
										"up": { "texture": "#club", "uv": [ 6.0, 2.0, 6.5, 2.5 ] },
										"down": { "texture": "#club", "uv": [ 6.5, 1.0, 7.0, 1.5 ] }
									}
								},
								{
									"name": "Cube217",
									"from": [ 0.0, 1.4, 0.0 ],
									"to": [ 0.5, 2.4, 0.5 ],
									"rotationOrigin": [ 0.0, 1.4, 0.0 ],
									"rotationZ": -22.0,
									"faces": {
										"north": { "texture": "#club", "uv": [ 6.5, 2.5, 7.0, 3.5 ] },
										"east": { "texture": "#club", "uv": [ 6.0, 4.0, 6.5, 5.0 ] },
										"south": { "texture": "#club", "uv": [ 7.0, 4.0, 7.5, 5.0 ] },
										"west": { "texture": "#club", "uv": [ 7.5, 4.5, 8.0, 5.5 ] },
										"up": { "texture": "#club", "uv": [ 7.0, 2.0, 7.5, 2.5 ] },
										"down": { "texture": "#club", "uv": [ 6.0, 2.0, 6.5, 2.5 ] }
									}
								}
							]
						},
						{
							"name": "Cube218",
							"from": [ 0.4, 0.8, 0.3 ],
							"to": [ 0.9, 2.3, 0.8 ],
							"rotationOrigin": [ 0.65, 0.8, 0.55 ],
							"rotationX": 86.0,
							"rotationY": 53.0,
							"rotationZ": -94.0,
							"faces": {
								"north": { "texture": "#club", "uv": [ 6.0, 7.5, 6.5, 9.0 ] },
								"east": { "texture": "#club", "uv": [ 7.0, 7.5, 7.5, 9.0 ] },
								"south": { "texture": "#club", "uv": [ 6.5, 7.5, 7.0, 9.0 ] },
								"west": { "texture": "#club", "uv": [ 7.5, 6.5, 8.0, 8.0 ] },
								"up": { "texture": "#club", "uv": [ 6.0, 2.0, 6.5, 2.5 ] },
								"down": { "texture": "#club", "uv": [ 6.0, 2.0, 6.5, 2.5 ] }
							},
							"children": [
								{
									"name": "Cube219",
									"from": [ 0.0, 1.2, 0.0 ],
									"to": [ 0.5, 2.2, 0.5 ],
									"rotationOrigin": [ 0.0, 1.2, 0.0 ],
									"rotationZ": 30.0,
									"faces": {
										"north": { "texture": "#club", "uv": [ 6.0, 2.0, 6.5, 3.0 ] },
										"east": { "texture": "#club", "uv": [ 7.0, 2.5, 7.5, 3.5 ] },
										"south": { "texture": "#club", "uv": [ 6.5, 2.5, 7.0, 3.5 ] },
										"west": { "texture": "#club", "uv": [ 7.5, 3.0, 8.0, 4.0 ] },
										"up": { "texture": "#club", "uv": [ 6.5, 2.0, 7.0, 2.5 ] },
										"down": { "texture": "#club", "uv": [ 6.0, 1.0, 6.5, 1.5 ] }
									}
								},
								{
									"name": "Cube220",
									"from": [ 0.0, 1.4, 0.0 ],
									"to": [ 0.5, 2.4, 0.5 ],
									"rotationOrigin": [ 0.0, 1.4, 0.0 ],
									"rotationZ": -22.0,
									"faces": {
										"north": { "texture": "#club", "uv": [ 6.0, 3.0, 6.5, 4.0 ] },
										"east": { "texture": "#club", "uv": [ 7.0, 4.0, 7.5, 5.0 ] },
										"south": { "texture": "#club", "uv": [ 6.5, 4.0, 7.0, 5.0 ] },
										"west": { "texture": "#club", "uv": [ 7.5, 5.0, 8.0, 6.0 ] },
										"up": { "texture": "#club", "uv": [ 6.5, 2.0, 7.0, 2.5 ] },
										"down": { "texture": "#club", "uv": [ 6.5, 2.0, 7.0, 2.5 ] }
									}
								}
							]
						},
						{
							"name": "Cube221",
							"from": [ 0.0, 0.7, 0.0 ],
							"to": [ 0.9, 1.7, 0.9 ],
							"rotationOrigin": [ 0.0, 0.7, 0.0 ],
							"rotationZ": -11.0,
							"faces": {
								"north": { "texture": "#club", "uv": [ 6.0, 12.5, 6.5, 13.5 ] },
								"east": { "texture": "#club", "uv": [ 6.5, 11.5, 7.0, 12.5 ] },
								"south": { "texture": "#club", "uv": [ 7.0, 11.5, 7.5, 12.5 ] },
								"west": { "texture": "#club", "uv": [ 7.5, 11.0, 8.0, 12.0 ] },
								"up": { "texture": "#club", "uv": [ 7.0, 11.0, 7.5, 11.5 ] },
								"down": { "texture": "#club", "uv": [ 6.5, 11.5, 7.0, 12.0 ] }
							}
						}
					]
				},
				{
					"name": "Cube222",
					"from": [ -6.0, 0.0, 5.5 ],
					"to": [ -5.5, 0.5, 6.0 ],
					"rotationOrigin": [ -5.75, 0.0, 5.75 ],
					"rotationY": 33.0,
					"faces": {
						"north": { "texture": "#club", "uv": [ 6.5, 7.5, 7.0, 8.0 ] },
						"east": { "texture": "#club", "uv": [ 6.0, 7.5, 6.5, 8.0 ] },
						"south": { "texture": "#club", "uv": [ 7.5, 7.5, 8.0, 8.0 ] },
						"west": { "texture": "#club", "uv": [ 7.0, 6.5, 7.5, 7.0 ] },
						"up": { "texture": "#club", "uv": [ 6.0, 2.0, 6.5, 2.5 ] },
						"down": { "texture": "#club", "uv": [ 6.0, 2.0, 6.5, 2.5 ] }
					}
				},
				{
					"name": "Cube223",
					"from": [ -6.0, 0.0, 4.0 ],
					"to": [ -5.5, 1.5, 4.5 ],
					"rotationOrigin": [ -5.75, 0.0, 4.25 ],
					"rotationX": 11.0,
					"rotationY": -39.0,
					"rotationZ": 17.0,
					"faces": {
						"north": { "texture": "#club", "uv": [ 6.5, 7.5, 7.0, 9.0 ] },
						"east": { "texture": "#club", "uv": [ 6.0, 7.5, 6.5, 9.0 ] },
						"south": { "texture": "#club", "uv": [ 7.5, 7.5, 8.0, 9.0 ] },
						"west": { "texture": "#club", "uv": [ 7.0, 6.5, 7.5, 8.0 ] },
						"up": { "texture": "#club", "uv": [ 6.0, 2.0, 6.5, 2.5 ] },
						"down": { "texture": "#club", "uv": [ 6.0, 2.0, 6.5, 2.5 ] }
					}
				},
				{
					"name": "Cube224",
					"from": [ 4.0, 0.0, 4.5 ],
					"to": [ 4.5, 0.5, 5.0 ],
					"rotationOrigin": [ 4.25, 0.0, 4.75 ],
					"rotationY": 36.0,
					"faces": {
						"north": { "texture": "#club", "uv": [ 6.5, 7.5, 7.0, 8.0 ] },
						"east": { "texture": "#club", "uv": [ 6.0, 7.5, 6.5, 8.0 ] },
						"south": { "texture": "#club", "uv": [ 7.5, 7.5, 8.0, 8.0 ] },
						"west": { "texture": "#club", "uv": [ 7.0, 6.5, 7.5, 7.0 ] },
						"up": { "texture": "#club", "uv": [ 6.0, 2.0, 6.5, 2.5 ] },
						"down": { "texture": "#club", "uv": [ 6.0, 2.0, 6.5, 2.5 ] }
					}
				}
			]
		}
	]}