[
{
	"file": "game:worldgen/blockpatches/crop.json",
	"enabled": true,
    "op": "addmerge",
    "path": "/-",
    "value": {
      "comment": "Small patches of sugarbeets",
      "blockCodes": [
        "pemmican:crop-sugarbeet-2",
        "pemmican:crop-sugarbeet-3",
        "pemmican:crop-sugarbeet-5"
      ],
      "minTemp": -5,
      "maxTemp": 20,
      "minRain": 0.35,
      "maxRain": 0.75,
      "maxForest": 0.5,
      "quantity": {
        "avg": 5,
        "var": 5
      },
      "chance": 0.025
    }
  }
]