[
  {
	"file": "game:worldgen/blockpatches/crop.json",
	"enabled": true,
    "op": "addmerge",
    "path": "/-",
    "value": {
      "comment": "Small patches of corn",
      "blockCodes": [
        "pemmican:crop-corn-3",
        "pemmican:crop-corn-3",
        "pemmican:crop-corn-4",
        "pemmican:crop-corn-5",
        "pemmican:crop-corn-6",
        "pemmican:crop-corn-9"
      ],
      "minTemp": 5,
      "maxTemp": 35,
      "minRain": 0.1,
      "maxRain": 0.7,
      "maxForest": 0.3,
      "quantity": {
        "avg": 5,
        "var": 5
      },
      "chance": 0.03
    },  
  }
]