[
  {
	"file": "game:worldgen/blockpatches/crop.json",
	"enabled": true,
    "op": "addmerge",
    "path": "/-",
    "value": {
      "comment": "Small patches of potatos",
      "blockCodes": [
        "pemmican:crop-potato-2",
        "pemmican:crop-potato-4",
        "pemmican:crop-potato-6"
      ],
      "minTemp": 0,
      "maxTemp": 35,
      "minRain": 0.35,
      "maxRain": 0.75,
      "maxForest": 0.5,
      "quantity": {
        "avg": 5,
        "var": 5
      },
      "chance": 0.025
    }, 
  }
]