{
	"editor": {
		"collapsedPaths": "",
		"allAngles": false,
		"entityTextureMode": false
	},
	"textureWidth": 16,
	"textureHeight": 16,
	"textureSizes": {
		"Frame": [16,16],
		"Core": [16,16]
	},
	"textures": {
		"Core": "block/clay/oven/base2",
		"metal": "block/metal/ingot/copper",
		"Frame": "block/metal/ingot/tinbronze"
	},
	"elements": [
		{
			"name": "ORIGINceramics",
			"from": [ 8.0, 0.0, 8.0 ],
			"to": [ 9.0, 1.0, 9.0 ],
			"rotationOrigin": [ 8.0, 0.0, 8.0 ],
			"faces": {
			},
			"children": [
				{
					"name": "clay1",
					"from": [ -1.0, 0.0, 5.0 ],
					"to": [ 1.0, 1.0, 7.0 ],
					"rotationOrigin": [ 0.0, 0.0, 6.0 ],
					"rotationY": 28.0,
					"faces": {
						"north": { "texture": "#Core", "uv": [ 0.0, 14.0, 2.0, 15.0 ] },
						"east": { "texture": "#Core", "uv": [ 12.0, 11.5, 14.0, 12.5 ], "windMode": [-1,-1,-1,-1] },
						"south": { "texture": "#Core", "uv": [ 6.0, 1.0, 8.0, 2.0 ] },
						"west": { "texture": "#Core", "uv": [ 8.5, 12.0, 10.5, 13.0 ], "windMode": [-1,-1,-1,-1] },
						"up": { "texture": "#Core", "uv": [ 0.5, 12.0, 2.5, 14.0 ] },
						"down": { "texture": "#Core", "uv": [ 3.0, 6.5, 5.0, 8.5 ] }
					}
				},
				{
					"name": "clay2",
					"from": [ 2.0, 0.0, 5.0 ],
					"to": [ 6.0, 1.0, 7.0 ],
					"rotationOrigin": [ 3.0, 0.0, 6.0 ],
					"rotationY": 7.0,
					"faces": {
						"north": { "texture": "#Core", "uv": [ 4.0, 3.0, 8.0, 4.0 ] },
						"east": { "texture": "#Core", "uv": [ 7.5, 4.0, 9.5, 5.0 ], "windMode": [-1,-1,-1,-1] },
						"south": { "texture": "#Core", "uv": [ 5.0, 3.5, 9.0, 4.5 ] },
						"west": { "texture": "#Core", "uv": [ 2.5, 1.0, 4.5, 2.0 ], "windMode": [-1,-1,-1,-1] },
						"up": { "texture": "#Core", "uv": [ 10.0, 9.0, 14.0, 11.0 ] },
						"down": { "texture": "#Core", "uv": [ 0.5, 11.5, 4.5, 13.5 ] }
					},
					"children": [
						{
							"name": "clay3",
							"from": [ 2.0, 0.0, -1.0 ],
							"to": [ 4.0, 0.5, 0.0 ],
							"rotationOrigin": [ 3.0, 0.0, 0.0 ],
							"faces": {
								"north": { "texture": "#Core", "uv": [ 6.0, 10.5, 8.0, 11.0 ] },
								"east": { "texture": "#Core", "uv": [ 1.5, 4.5, 2.5, 5.0 ], "windMode": [-1,-1,-1,-1] },
								"west": { "texture": "#Core", "uv": [ 13.5, 1.0, 14.5, 1.5 ], "windMode": [-1,-1,-1,-1] },
								"up": { "texture": "#Core", "uv": [ 9.0, 11.0, 11.0, 12.0 ] },
								"down": { "texture": "#Core", "uv": [ 11.0, 13.5, 13.0, 14.5 ] }
							}
						},
						{
							"name": "clay4",
							"from": [ 2.0, 1.0, 1.0 ],
							"to": [ 4.0, 1.5, 2.0 ],
							"rotationOrigin": [ 3.0, 1.0, 2.0 ],
							"faces": {
								"north": { "texture": "#Core", "uv": [ 12.0, 14.0, 14.0, 14.5 ] },
								"east": { "texture": "#Core", "uv": [ 11.0, 2.5, 12.0, 3.0 ], "windMode": [-1,-1,-1,-1] },
								"south": { "texture": "#Core", "uv": [ 3.5, 14.0, 5.5, 14.5 ] },
								"west": { "texture": "#Core", "uv": [ 6.5, 11.5, 7.5, 12.0 ], "autoUv": false, "windMode": [-1,-1,-1,-1] },
								"up": { "texture": "#Core", "uv": [ 4.0, 11.5, 6.0, 12.5 ] }
							}
						}
					]
				},
				{
					"name": "clay5",
					"from": [ 5.0, 0.0, 0.0 ],
					"to": [ 7.5, 0.5, 1.0 ],
					"rotationOrigin": [ 6.0, 0.0, 1.0 ],
					"rotationY": -22.5,
					"faces": {
						"north": { "texture": "#Core", "uv": [ 7.0, 3.5, 9.5, 4.0 ] },
						"east": { "texture": "#Core", "uv": [ 6.0, 14.0, 7.0, 14.5 ], "windMode": [-1,-1,-1,-1] },
						"south": { "texture": "#Core", "uv": [ 7.0, 8.5, 9.5, 9.0 ] },
						"west": { "texture": "#Core", "uv": [ 11.5, 10.5, 12.5, 11.0 ], "windMode": [-1,-1,-1,-1] },
						"up": { "texture": "#Core", "uv": [ 12.5, 1.0, 15.0, 2.0 ] },
						"down": { "texture": "#Core", "uv": [ 12.5, 2.0, 15.0, 3.0 ] }
					},
					"children": [
						{
							"name": "clay6",
							"from": [ 1.5, 0.5, 0.0 ],
							"to": [ 2.5, 1.5, 1.0 ],
							"rotationOrigin": [ 1.5, 0.5, 1.0 ],
							"faces": {
								"north": { "texture": "#Core", "uv": [ 5.5, 3.0, 6.5, 4.0 ] },
								"east": { "texture": "#Core", "uv": [ 8.5, 4.5, 9.5, 5.5 ], "windMode": [-1,-1,-1,-1] },
								"south": { "texture": "#Core", "uv": [ 14.5, 9.5, 15.5, 10.5 ] },
								"west": { "texture": "#Core", "uv": [ 9.0, 1.5, 10.0, 2.5 ], "windMode": [-1,-1,-1,-1] },
								"up": { "texture": "#Core", "uv": [ 13.0, 7.0, 14.0, 8.0 ] }
							}
						}
					]
				},
				{
					"name": "clay7",
					"from": [ 2.0, 0.0, 1.0 ],
					"to": [ 5.0, 0.5, 3.0 ],
					"rotationOrigin": [ 3.0, 0.0, 2.0 ],
					"rotationY": 19.0,
					"faces": {
						"north": { "texture": "#Core", "uv": [ 0.0, 3.5, 3.0, 4.0 ] },
						"east": { "texture": "#Core", "uv": [ 9.0, 11.0, 11.0, 11.5 ], "windMode": [-1,-1,-1,-1] },
						"south": { "texture": "#Core", "uv": [ 10.0, 11.0, 13.0, 11.5 ] },
						"west": { "texture": "#Core", "uv": [ 11.5, 12.0, 13.5, 12.5 ], "windMode": [-1,-1,-1,-1] },
						"up": { "texture": "#Core", "uv": [ 9.0, 1.0, 12.0, 3.0 ] },
						"down": { "texture": "#Core", "uv": [ 8.5, 8.0, 11.5, 10.0 ] }
					}
				},
				{
					"name": "clay8",
					"from": [ -7.0, 0.0, 5.0 ],
					"to": [ -3.0, 1.0, 7.0 ],
					"rotationOrigin": [ -5.0, 0.0, 6.0 ],
					"rotationY": -22.5,
					"faces": {
						"north": { "texture": "#Core", "uv": [ 9.5, 8.0, 13.5, 9.0 ] },
						"east": { "texture": "#Core", "uv": [ 4.5, 9.0, 6.5, 10.0 ], "windMode": [-1,-1,-1,-1] },
						"south": { "texture": "#Core", "uv": [ 11.5, 11.5, 15.5, 12.5 ] },
						"west": { "texture": "#Core", "uv": [ 3.5, 2.5, 5.5, 3.5 ], "windMode": [-1,-1,-1,-1] },
						"up": { "texture": "#Core", "uv": [ 10.0, 9.5, 14.0, 11.5 ] },
						"down": { "texture": "#Core", "uv": [ 4.5, 9.0, 8.5, 11.0 ] }
					},
					"children": [
						{
							"name": "clay9",
							"from": [ 0.0, 0.0, -1.0 ],
							"to": [ 1.0, 1.0, 0.0 ],
							"rotationOrigin": [ 1.0, 0.0, 0.0 ],
							"faces": {
								"north": { "texture": "#Core", "uv": [ 13.0, 4.5, 14.0, 5.5 ] },
								"east": { "texture": "#Core", "uv": [ 10.0, 5.0, 11.0, 6.0 ], "windMode": [-1,-1,-1,-1] },
								"west": { "texture": "#Core", "uv": [ 1.5, 0.5, 2.5, 1.5 ], "windMode": [-1,-1,-1,-1] },
								"up": { "texture": "#Core", "uv": [ 14.5, 4.5, 15.5, 5.5 ] },
								"down": { "texture": "#Core", "uv": [ 12.0, 2.0, 13.0, 3.0 ] }
							}
						},
						{
							"name": "clay10",
							"from": [ 1.0, 0.0, -1.0 ],
							"to": [ 3.5, 0.5, 0.0 ],
							"rotationOrigin": [ 2.0, 0.0, 0.0 ],
							"faces": {
								"north": { "texture": "#Core", "uv": [ 2.5, 1.5, 5.0, 2.0 ] },
								"east": { "texture": "#Core", "uv": [ 12.0, 10.0, 13.0, 10.5 ], "windMode": [-1,-1,-1,-1] },
								"up": { "texture": "#Core", "uv": [ 9.5, 11.0, 12.0, 12.0 ] },
								"down": { "texture": "#Core", "uv": [ 0.0, 8.0, 2.5, 9.0 ], "windMode": [-1,-1,-1,-1] }
							}
						}
					]
				},
				{
					"name": "clay11",
					"from": [ -2.0, 0.0, 3.0 ],
					"to": [ 0.0, 0.5, 4.0 ],
					"rotationOrigin": [ -1.0, 0.0, 4.0 ],
					"rotationY": 47.0,
					"faces": {
						"north": { "texture": "#Core", "uv": [ 0.0, 14.0, 2.0, 14.5 ] },
						"east": { "texture": "#Core", "uv": [ 11.5, 12.5, 12.5, 13.0 ], "windMode": [-1,-1,-1,-1] },
						"south": { "texture": "#Core", "uv": [ 2.0, 4.0, 4.0, 4.5 ] },
						"west": { "texture": "#Core", "uv": [ 0.5, 0.5, 1.5, 1.0 ], "windMode": [-1,-1,-1,-1] },
						"up": { "texture": "#Core", "uv": [ 2.0, 4.5, 4.0, 5.5 ] },
						"down": { "texture": "#Core", "uv": [ 9.0, 12.0, 11.0, 13.0 ] }
					}
				},
				{
					"name": "clay12",
					"from": [ -6.0, 0.0, -1.0 ],
					"to": [ -3.0, 1.0, 1.0 ],
					"rotationOrigin": [ -5.0, 0.0, 0.0 ],
					"rotationY": -144.0,
					"faces": {
						"north": { "texture": "#Core", "uv": [ 3.5, 2.5, 6.5, 3.5 ] },
						"east": { "texture": "#Core", "uv": [ 12.0, 14.5, 14.0, 15.5 ], "windMode": [-1,-1,-1,-1] },
						"south": { "texture": "#Core", "uv": [ 8.0, 14.5, 11.0, 15.5 ] },
						"west": { "texture": "#Core", "uv": [ 6.0, 14.0, 8.0, 15.0 ], "windMode": [-1,-1,-1,-1] },
						"up": { "texture": "#Core", "uv": [ 6.5, 10.0, 9.5, 12.0 ] },
						"down": { "texture": "#Core", "uv": [ 3.5, 13.5, 6.5, 15.5 ] }
					},
					"children": [
						{
							"name": "clay13",
							"from": [ 1.5, 1.0, 0.0 ],
							"to": [ 2.5, 1.5, 2.0 ],
							"rotationOrigin": [ 2.5, 1.0, 1.0 ],
							"faces": {
								"north": { "texture": "#Core", "uv": [ 3.5, 1.5, 4.5, 2.0 ] },
								"east": { "texture": "#Core", "uv": [ 1.5, 11.5, 3.5, 12.0 ], "windMode": [-1,-1,-1,-1] },
								"south": { "texture": "#Core", "uv": [ 9.5, 11.0, 10.5, 11.5 ] },
								"west": { "texture": "#Core", "uv": [ 6.0, 0.0, 8.0, 0.5 ], "windMode": [-1,-1,-1,-1] },
								"up": { "texture": "#Core", "uv": [ 11.5, 2.5, 12.5, 4.5 ] }
							}
						}
					]
				},
				{
					"name": "clay14",
					"from": [ -1.0, 0.0, -6.0 ],
					"to": [ 3.0, 1.0, -4.0 ],
					"rotationOrigin": [ 2.0, 0.0, -5.0 ],
					"rotationY": 112.5,
					"faces": {
						"north": { "texture": "#Core", "uv": [ 8.0, 10.0, 12.0, 11.0 ] },
						"east": { "texture": "#Core", "uv": [ 10.5, 4.0, 12.5, 5.0 ], "windMode": [-1,-1,-1,-1] },
						"south": { "texture": "#Core", "uv": [ 10.5, 14.0, 14.5, 15.0 ] },
						"west": { "texture": "#Core", "uv": [ 5.0, 4.0, 7.0, 5.0 ], "windMode": [-1,-1,-1,-1] },
						"up": { "texture": "#Core", "uv": [ 4.5, 11.0, 8.5, 13.0 ] },
						"down": { "texture": "#Core", "uv": [ 4.0, 8.5, 8.0, 10.5 ] }
					},
					"children": [
						{
							"name": "clay15",
							"from": [ 2.0, 0.0, -1.0 ],
							"to": [ 6.0, 0.5, 1.0 ],
							"rotationOrigin": [ 3.0, 0.0, 0.0 ],
							"faces": {
								"north": { "texture": "#Core", "uv": [ 8.5, 4.5, 12.5, 5.0 ] },
								"east": { "texture": "#Core", "uv": [ 11.5, 11.5, 13.5, 12.0 ], "windMode": [-1,-1,-1,-1] },
								"south": { "texture": "#Core", "uv": [ 4.5, 7.0, 8.5, 7.5 ], "windMode": [-1,-1,-1,-1] },
								"west": { "texture": "#Core", "uv": [ 9.5, 3.5, 11.5, 4.0 ], "windMode": [-1,-1,-1,-1] },
								"up": { "texture": "#Core", "uv": [ 7.5, 3.5, 11.5, 5.5 ] },
								"down": { "texture": "#Core", "uv": [ 7.0, 12.0, 11.0, 14.0 ] }
							}
						},
						{
							"name": "clay16",
							"from": [ 5.0, 0.5, -1.0 ],
							"to": [ 6.0, 1.0, 1.0 ],
							"rotationOrigin": [ 6.0, 0.5, 0.0 ],
							"faces": {
								"north": { "texture": "#Core", "uv": [ 2.5, 8.5, 3.5, 9.0 ] },
								"east": { "texture": "#Core", "uv": [ 2.0, 12.0, 4.0, 12.5 ], "windMode": [-1,-1,-1,-1] },
								"south": { "texture": "#Core", "uv": [ 8.0, 13.5, 9.0, 14.0 ] },
								"west": { "texture": "#Core", "uv": [ 2.0, 4.0, 4.0, 4.5 ], "windMode": [-1,-1,-1,-1] },
								"up": { "texture": "#Core", "uv": [ 7.0, 12.0, 8.0, 14.0 ] },
								"down": { "texture": "#Core", "uv": [ 2.0, 4.0, 3.0, 6.0 ], "windMode": [-1,-1,-1,-1] }
							}
						}
					]
				},
				{
					"name": "clay17",
					"from": [ 6.0, 0.0, 1.0 ],
					"to": [ 7.0, 0.5, 2.0 ],
					"rotationOrigin": [ 7.0, 0.0, 2.0 ],
					"rotationY": 112.5,
					"faces": {
						"north": { "texture": "#Core", "uv": [ 14.0, 14.0, 15.0, 14.5 ] },
						"east": { "texture": "#Core", "uv": [ 13.0, 14.0, 14.0, 14.5 ], "windMode": [-1,-1,-1,-1] },
						"south": { "texture": "#Core", "uv": [ 3.5, 13.0, 4.5, 13.5 ] },
						"west": { "texture": "#Core", "uv": [ 13.5, 9.5, 14.5, 10.0 ], "windMode": [-1,-1,-1,-1] },
						"up": { "texture": "#Core", "uv": [ 14.0, 1.5, 15.0, 2.5 ] },
						"down": { "texture": "#Core", "uv": [ 9.0, 2.0, 10.0, 3.0 ] }
					}
				},
				{
					"name": "clay18",
					"from": [ 4.0, 0.0, -1.0 ],
					"to": [ 5.0, 0.5, -0.5 ],
					"rotationOrigin": [ 5.0, 0.0, -1.0 ],
					"rotationY": -22.5,
					"faces": {
						"north": { "texture": "#Core", "uv": [ 9.0, 9.0, 10.0, 9.5 ] },
						"east": { "texture": "#Core", "uv": [ 0.0, 12.5, 0.5, 13.0 ], "windMode": [-1,-1,-1,-1] },
						"south": { "texture": "#Core", "uv": [ 11.5, 1.5, 12.5, 2.0 ] },
						"west": { "texture": "#Core", "uv": [ 6.5, 5.0, 7.0, 5.5 ], "windMode": [-1,-1,-1,-1] },
						"up": { "texture": "#Core", "uv": [ 13.0, 11.5, 14.0, 12.0 ] },
						"down": { "texture": "#Core", "uv": [ 8.0, 14.0, 9.0, 14.5 ] }
					}
				},
				{
					"name": "clay19",
					"from": [ -5.0, 0.0, 3.0 ],
					"to": [ -4.0, 0.5, 3.5 ],
					"rotationOrigin": [ -4.0, 0.0, 3.0 ],
					"rotationY": 112.5,
					"faces": {
						"north": { "texture": "#Core", "uv": [ 6.0, 5.5, 7.0, 6.0 ] },
						"east": { "texture": "#Core", "uv": [ 10.0, 6.0, 10.5, 6.5 ], "windMode": [-1,-1,-1,-1] },
						"south": { "texture": "#Core", "uv": [ 14.0, 13.0, 15.0, 13.5 ] },
						"west": { "texture": "#Core", "uv": [ 9.0, 1.0, 9.5, 1.5 ], "windMode": [-1,-1,-1,-1] },
						"up": { "texture": "#Core", "uv": [ 14.5, 0.0, 15.5, 0.5 ] },
						"down": { "texture": "#Core", "uv": [ 10.5, 14.5, 11.5, 15.0 ] }
					}
				},
				{
					"name": "clay20",
					"from": [ 0.0, 0.0, 3.0 ],
					"to": [ 1.0, 0.5, 3.5 ],
					"rotationOrigin": [ 1.0, 0.0, 3.0 ],
					"rotationY": 22.5,
					"faces": {
						"north": { "texture": "#Core", "uv": [ 7.5, 0.0, 8.5, 0.5 ] },
						"east": { "texture": "#Core", "uv": [ 1.5, 11.0, 2.0, 11.5 ], "windMode": [-1,-1,-1,-1] },
						"south": { "texture": "#Core", "uv": [ 13.0, 2.5, 14.0, 3.0 ] },
						"west": { "texture": "#Core", "uv": [ 7.5, 0.0, 8.0, 0.5 ], "windMode": [-1,-1,-1,-1] },
						"up": { "texture": "#Core", "uv": [ 2.0, 0.0, 3.0, 0.5 ] },
						"down": { "texture": "#Core", "uv": [ 6.0, 7.5, 7.0, 8.0 ] }
					}
				},
				{
					"name": "clayCornerNW",
					"from": [ -8.0, 0.0, -6.0 ],
					"to": [ -3.0, 1.0, -5.0 ],
					"rotationOrigin": [ -6.0, 0.0, -5.0 ],
					"rotationY": -112.5,
					"faces": {
						"north": { "texture": "#Core", "uv": [ 0.0, 0.5, 5.0, 1.5 ] },
						"east": { "texture": "#Core", "uv": [ 8.0, 12.0, 9.0, 13.0 ], "windMode": [-1,-1,-1,-1] },
						"south": { "texture": "#Core", "uv": [ 2.5, 4.5, 7.5, 5.5 ] },
						"west": { "texture": "#Core", "uv": [ 10.5, 0.0, 11.5, 1.0 ], "windMode": [-1,-1,-1,-1] },
						"up": { "texture": "#Core", "uv": [ 3.0, 10.5, 8.0, 11.5 ] },
						"down": { "texture": "#Core", "uv": [ 3.0, 8.5, 8.0, 9.5 ] }
					},
					"children": [
						{
							"name": "clay22",
							"from": [ 0.0, 0.0, -2.0 ],
							"to": [ 1.0, 1.0, 0.0 ],
							"rotationOrigin": [ 1.0, 0.0, -1.0 ],
							"faces": {
								"north": { "texture": "#Core", "uv": [ 14.0, 11.5, 15.0, 12.5 ] },
								"east": { "texture": "#Core", "uv": [ 6.0, 8.5, 8.0, 9.5 ], "windMode": [-1,-1,-1,-1] },
								"west": { "texture": "#Core", "uv": [ 7.0, 4.0, 9.0, 5.0 ], "windMode": [-1,-1,-1,-1] },
								"up": { "texture": "#Core", "uv": [ 1.0, 11.0, 2.0, 13.0 ] },
								"down": { "texture": "#Core", "uv": [ 12.5, 6.0, 13.5, 8.0 ] }
							}
						},
						{
							"name": "clay23",
							"from": [ 1.0, 0.0, -1.0 ],
							"to": [ 3.5, 0.5, 0.0 ],
							"rotationOrigin": [ 2.0, 0.0, 0.0 ],
							"faces": {
								"north": { "texture": "#Core", "uv": [ 12.0, 13.0, 14.5, 13.5 ] },
								"east": { "texture": "#Core", "uv": [ 8.5, 6.0, 9.5, 6.5 ], "windMode": [-1,-1,-1,-1] },
								"up": { "texture": "#Core", "uv": [ 5.5, 9.5, 8.0, 10.5 ] },
								"down": { "texture": "#Core", "uv": [ 13.0, 0.5, 15.5, 1.5 ], "windMode": [-1,-1,-1,-1] }
							}
						},
						{
							"name": "clay24",
							"from": [ 1.0, 0.0, -2.0 ],
							"to": [ 2.5, 0.5, -1.0 ],
							"rotationOrigin": [ 2.0, 0.0, -1.0 ],
							"faces": {
								"north": { "texture": "#Core", "uv": [ 13.5, 12.5, 15.0, 13.0 ] },
								"east": { "texture": "#Core", "uv": [ 3.5, 14.5, 4.5, 15.0 ], "windMode": [-1,-1,-1,-1] },
								"up": { "texture": "#Core", "uv": [ 13.5, 1.0, 15.0, 2.0 ] },
								"down": { "texture": "#Core", "uv": [ 10.5, 12.5, 12.0, 13.5 ], "windMode": [-1,-1,-1,-1] }
							}
						},
						{
							"name": "clay25",
							"from": [ 0.5, 0.0, -3.0 ],
							"to": [ 1.0, 1.0, -2.0 ],
							"rotationOrigin": [ 1.5, 0.0, -2.0 ],
							"faces": {
								"north": { "texture": "#Core", "uv": [ 11.0, 2.0, 11.5, 3.0 ] },
								"east": { "texture": "#Core", "uv": [ 11.0, 9.5, 12.0, 10.5 ], "windMode": [-1,-1,-1,-1] },
								"west": { "texture": "#Core", "uv": [ 5.0, 0.0, 6.0, 1.0 ], "windMode": [-1,-1,-1,-1] },
								"up": { "texture": "#Core", "uv": [ 13.5, 8.5, 14.0, 9.5 ] },
								"down": { "texture": "#Core", "uv": [ 0.5, 13.5, 1.0, 14.5 ] }
							}
						},
						{
							"name": "clay26",
							"from": [ 1.0, 0.0, -2.5 ],
							"to": [ 2.0, 0.5, -2.0 ],
							"rotationOrigin": [ 2.0, 0.0, -2.0 ],
							"faces": {
								"north": { "texture": "#Core", "uv": [ 10.0, 8.0, 11.0, 8.5 ] },
								"east": { "texture": "#Core", "uv": [ 7.5, 14.5, 8.0, 15.0 ], "windMode": [-1,-1,-1,-1] },
								"up": { "texture": "#Core", "uv": [ 14.5, 10.0, 15.5, 10.5 ] },
								"down": { "texture": "#Core", "uv": [ 4.0, 13.0, 5.0, 13.5 ], "windMode": [-1,-1,-1,-1] }
							}
						}
					]
				},
				{
					"name": "clay21",
					"from": [ -3.0, 0.0, -7.0 ],
					"to": [ -2.0, 0.5, -6.5 ],
					"rotationOrigin": [ -2.0, 0.0, -7.0 ],
					"rotationY": 90.0,
					"faces": {
						"north": { "texture": "#Core", "uv": [ 12.0, 2.5, 13.0, 3.0 ] },
						"east": { "texture": "#Core", "uv": [ 0.0, 9.0, 0.5, 9.5 ], "windMode": [-1,-1,-1,-1] },
						"south": { "texture": "#Core", "uv": [ 11.5, 13.0, 12.5, 13.5 ] },
						"west": { "texture": "#Core", "uv": [ 12.0, 12.0, 12.5, 12.5 ], "windMode": [-1,-1,-1,-1] },
						"up": { "texture": "#Core", "uv": [ 0.5, 3.5, 1.5, 4.0 ] },
						"down": { "texture": "#Core", "uv": [ 10.0, 7.5, 11.0, 8.0 ] }
					}
				},
				{
					"name": "clay27",
					"from": [ 5.0, 0.0, -7.0 ],
					"to": [ 6.5, 0.5, -4.0 ],
					"rotationOrigin": [ 6.0, 0.0, -6.0 ],
					"rotationY": 22.5,
					"faces": {
						"north": { "texture": "#Core", "uv": [ 9.5, 5.0, 11.0, 5.5 ] },
						"east": { "texture": "#Core", "uv": [ 12.5, 4.0, 15.5, 4.5 ], "windMode": [-1,-1,-1,-1] },
						"south": { "texture": "#Core", "uv": [ 12.0, 11.5, 13.5, 12.0 ] },
						"west": { "texture": "#Core", "uv": [ 11.0, 3.0, 14.0, 3.5 ], "windMode": [-1,-1,-1,-1] },
						"up": { "texture": "#Core", "uv": [ 12.5, 9.5, 14.0, 12.5 ] },
						"down": { "texture": "#Core", "uv": [ 10.0, 7.0, 11.5, 10.0 ] }
					},
					"children": [
						{
							"name": "clay28",
							"from": [ 0.5, 0.5, 0.0 ],
							"to": [ 1.5, 1.5, 2.5 ],
							"rotationOrigin": [ 0.5, 0.5, 1.0 ],
							"faces": {
								"north": { "texture": "#Core", "uv": [ 14.5, 14.5, 15.5, 15.5 ] },
								"east": { "texture": "#Core", "uv": [ 8.0, 9.5, 10.5, 10.5 ], "windMode": [-1,-1,-1,-1] },
								"south": { "texture": "#Core", "uv": [ 1.5, 1.0, 2.5, 2.0 ] },
								"west": { "texture": "#Core", "uv": [ 6.0, 6.0, 8.5, 7.0 ], "windMode": [-1,-1,-1,-1] },
								"up": { "texture": "#Core", "uv": [ 0.5, 3.5, 1.5, 6.0 ] }
							}
						},
						{
							"name": "clay29",
							"from": [ 0.5, 0.0, 3.0 ],
							"to": [ 1.5, 0.5, 3.5 ],
							"rotationOrigin": [ 0.5, 0.0, 4.0 ],
							"faces": {
								"east": { "texture": "#Core", "uv": [ 3.0, 1.5, 3.5, 2.0 ], "windMode": [-1,-1,-1,-1] },
								"south": { "texture": "#Core", "uv": [ 7.5, 14.0, 8.5, 14.5 ] },
								"west": { "texture": "#Core", "uv": [ 8.5, 1.5, 9.0, 2.0 ], "windMode": [-1,-1,-1,-1] },
								"up": { "texture": "#Core", "uv": [ 2.5, 1.5, 3.5, 2.0 ] }
							}
						}
					]
				},
				{
					"name": "clay30",
					"from": [ 3.0, 0.0, -7.0 ],
					"to": [ 4.0, 0.5, -6.0 ],
					"rotationOrigin": [ 3.5, 0.0, -6.5 ],
					"rotationY": 45.0,
					"faces": {
						"north": { "texture": "#Core", "uv": [ 11.5, 7.0, 12.5, 7.5 ] },
						"east": { "texture": "#Core", "uv": [ 3.0, 3.0, 4.0, 3.5 ], "windMode": [-1,-1,-1,-1] },
						"south": { "texture": "#Core", "uv": [ 5.5, 6.5, 6.5, 7.0 ] },
						"west": { "texture": "#Core", "uv": [ 1.0, 1.5, 2.0, 2.0 ], "windMode": [-1,-1,-1,-1] },
						"up": { "texture": "#Core", "uv": [ 10.0, 7.0, 11.0, 8.0 ] },
						"down": { "texture": "#Core", "uv": [ 13.5, 6.0, 14.5, 7.0 ] }
					}
				},
				{
					"name": "clay31",
					"from": [ -5.5, 0.0, 2.0 ],
					"to": [ -4.5, 0.5, 3.0 ],
					"rotationOrigin": [ -5.0, 0.0, 2.5 ],
					"rotationY": 72.5,
					"faces": {
						"north": { "texture": "#Core", "uv": [ 4.5, 10.0, 5.5, 10.5 ] },
						"east": { "texture": "#Core", "uv": [ 12.5, 8.5, 13.5, 9.0 ], "windMode": [-1,-1,-1,-1] },
						"south": { "texture": "#Core", "uv": [ 1.5, 2.0, 2.5, 2.5 ] },
						"west": { "texture": "#Core", "uv": [ 3.5, 7.0, 4.5, 7.5 ], "windMode": [-1,-1,-1,-1] },
						"up": { "texture": "#Core", "uv": [ 6.5, 12.5, 7.5, 13.5 ] },
						"down": { "texture": "#Core", "uv": [ 10.0, 1.0, 11.0, 2.0 ] }
					}
				},
				{
					"name": "clay32",
					"from": [ 5.0, 0.0, -2.0 ],
					"to": [ 7.0, 0.5, -1.5 ],
					"rotationOrigin": [ 6.0, 0.0, -2.0 ],
					"rotationY": -157.5,
					"faces": {
						"north": { "texture": "#Core", "uv": [ 3.0, 4.0, 5.0, 4.5 ] },
						"east": { "texture": "#Core", "uv": [ 1.5, 12.0, 2.0, 12.5 ], "windMode": [-1,-1,-1,-1] },
						"south": { "texture": "#Core", "uv": [ 6.0, 12.0, 8.0, 12.5 ] },
						"west": { "texture": "#Core", "uv": [ 10.0, 6.5, 10.5, 7.0 ], "windMode": [-1,-1,-1,-1] },
						"up": { "texture": "#Core", "uv": [ 0.0, 8.0, 2.0, 8.5 ] },
						"down": { "texture": "#Core", "uv": [ 1.5, 5.5, 3.5, 6.0 ] }
					}
				}
			]
		},
		{
			"name": "Copper",
			"from": [ 6.0, 0.0, 6.0 ],
			"to": [ 11.0, 0.9, 11.0 ],
			"rotationOrigin": [ 6.0, 0.0, 6.0 ],
			"faces": {
				"north": { "texture": "#metal", "uv": [ 9.0, 10.5, 14.0, 11.0 ] },
				"east": { "texture": "#metal", "uv": [ 2.5, 14.5, 7.5, 15.0 ] },
				"south": { "texture": "#metal", "uv": [ 9.0, 12.5, 14.0, 13.0 ] },
				"west": { "texture": "#metal", "uv": [ 10.5, 3.5, 15.5, 4.0 ] },
				"up": { "texture": "#metal", "uv": [ 9.0, 1.0, 14.0, 6.0 ] },
				"down": { "texture": "#metal", "uv": [ 0.0, 3.5, 5.0, 8.5 ] }
			},
			"children": [
				{
					"name": "Copper2",
					"from": [ 0.5, 1.0, 0.5 ],
					"to": [ 3.5, 1.4, 3.5 ],
					"rotationOrigin": [ 0.5, 1.0, 0.5 ],
					"faces": {
						"north": { "texture": "#metal", "uv": [ 9.0, 13.0, 12.0, 13.5 ] },
						"east": { "texture": "#metal", "uv": [ 7.0, 3.5, 10.0, 4.0 ] },
						"south": { "texture": "#metal", "uv": [ 8.0, 3.5, 11.0, 4.0 ] },
						"west": { "texture": "#metal", "uv": [ 5.0, 4.5, 8.0, 5.0 ] },
						"up": { "texture": "#metal", "uv": [ 9.5, 12.5, 12.5, 15.5 ] }
					}
				},
				{
					"name": "Copper3",
					"from": [ -1.5, 0.0, -1.5 ],
					"to": [ 3.5, 0.6, 3.5 ],
					"rotationOrigin": [ -1.5, 0.0, -1.5 ],
					"faces": {
						"north": { "texture": "#metal", "uv": [ 2.5, 15.0, 7.5, 15.5 ] },
						"east": { "texture": "#metal", "uv": [ 8.5, 5.5, 13.5, 6.0 ] },
						"south": { "texture": "#metal", "uv": [ 10.0, 6.5, 15.0, 7.0 ] },
						"west": { "texture": "#metal", "uv": [ 3.0, 11.5, 8.0, 12.0 ] },
						"up": { "texture": "#metal", "uv": [ 6.5, 0.0, 11.5, 5.0 ] },
						"down": { "texture": "#metal", "uv": [ 4.5, 1.0, 9.5, 6.0 ] }
					}
				},
				{
					"name": "Copper4",
					"from": [ -2.5, 0.0, 1.5 ],
					"to": [ -0.5, 0.3, 5.0 ],
					"rotationOrigin": [ -2.5, 0.0, 1.5 ],
					"faces": {
						"north": { "texture": "#metal", "uv": [ 0.0, 3.0, 2.0, 3.5 ] },
						"east": { "texture": "#metal", "uv": [ 6.5, 4.0, 10.0, 4.5 ] },
						"south": { "texture": "#metal", "uv": [ 0.5, 14.5, 2.5, 15.0 ] },
						"west": { "texture": "#metal", "uv": [ 1.5, 7.5, 5.0, 8.0 ] },
						"up": { "texture": "#metal", "uv": [ 4.0, 4.5, 6.0, 8.0 ] },
						"down": { "texture": "#metal", "uv": [ 9.0, 0.0, 11.0, 3.5 ] }
					}
				},
				{
					"name": "metal",
					"from": [ 2.5, 0.0, 4.5 ],
					"to": [ 4.5, 0.3, 6.5 ],
					"rotationOrigin": [ 2.5, 0.0, 4.5 ],
					"faces": {
						"east": { "texture": "#metal", "uv": [ 3.0, 8.0, 5.0, 8.5 ] },
						"south": { "texture": "#metal", "uv": [ 6.0, 7.0, 8.0, 7.5 ] },
						"west": { "texture": "#metal", "uv": [ 4.0, 5.5, 6.0, 6.0 ] },
						"up": { "texture": "#metal", "uv": [ 9.5, 3.0, 11.5, 5.0 ] },
						"down": { "texture": "#metal", "uv": [ 3.5, 9.5, 5.5, 11.5 ] }
					}
				},
				{
					"name": "Copper6",
					"from": [ 5.0, 0.0, 1.0 ],
					"to": [ 7.0, 0.3, 3.0 ],
					"rotationOrigin": [ 5.0, 0.0, 1.0 ],
					"faces": {
						"north": { "texture": "#metal", "uv": [ 5.5, 10.0, 7.5, 10.5 ] },
						"east": { "texture": "#metal", "uv": [ 8.0, 14.0, 10.0, 14.5 ] },
						"south": { "texture": "#metal", "uv": [ 2.5, 4.5, 4.5, 5.0 ] },
						"up": { "texture": "#metal", "uv": [ 11.5, 2.0, 13.5, 4.0 ] },
						"down": { "texture": "#metal", "uv": [ 1.0, 1.0, 3.0, 3.0 ] }
					}
				},
				{
					"name": "Copper7",
					"from": [ -1.5, 0.0, -3.0 ],
					"to": [ 2.5, 0.3, -1.0 ],
					"rotationOrigin": [ -1.5, 0.0, -3.0 ],
					"faces": {
						"north": { "texture": "#metal", "uv": [ 2.0, 9.0, 6.0, 9.5 ] },
						"east": { "texture": "#metal", "uv": [ 1.0, 12.5, 3.0, 13.0 ] },
						"west": { "texture": "#metal", "uv": [ 9.0, 7.0, 11.0, 7.5 ] },
						"up": { "texture": "#metal", "uv": [ 5.5, 6.0, 9.5, 8.0 ] },
						"down": { "texture": "#metal", "uv": [ 4.0, 2.5, 8.0, 4.5 ] }
					}
				},
				{
					"name": "Copper8",
					"from": [ -2.5, 0.0, -1.0 ],
					"to": [ -1.5, 0.3, 0.5 ],
					"rotationOrigin": [ -2.5, 0.0, -1.0 ],
					"faces": {
						"north": { "texture": "#metal", "uv": [ 4.0, 0.5, 5.0, 1.0 ] },
						"south": { "texture": "#metal", "uv": [ 7.0, 1.5, 8.0, 2.0 ] },
						"west": { "texture": "#metal", "uv": [ 12.0, 1.0, 13.5, 1.5 ] },
						"up": { "texture": "#metal", "uv": [ 1.5, 13.5, 2.5, 15.0 ] },
						"down": { "texture": "#metal", "uv": [ 7.5, 14.0, 8.5, 15.5 ] }
					}
				}
			]
		},
		{
			"name": "Frame",
			"from": [ 15.24, 0.3, 4.4 ],
			"to": [ 16.24, 1.3, 15.4 ],
			"rotationOrigin": [ 15.237, 0.3, 4.4003 ],
			"rotationX": -135.0,
			"rotationY": -67.5,
			"rotationZ": -135.0,
			"faces": {
				"north": { "texture": "#Frame", "uv": [ 0.0, 0.0, 1.0, 1.0 ] },
				"east": { "texture": "#Frame", "uv": [ 0.0, 0.0, 11.0, 1.0 ] },
				"south": { "texture": "#Frame", "uv": [ 0.0, 0.0, 1.0, 1.0 ] },
				"west": { "texture": "#Frame", "uv": [ 0.0, 0.0, 11.0, 1.0 ] },
				"up": { "texture": "#Frame", "uv": [ 0.0, 0.0, 1.0, 11.0 ] },
				"down": { "texture": "#Frame", "uv": [ 0.0, 0.0, 1.0, 11.0 ] }
			}
		},
		{
			"name": "Frame3",
			"from": [ 9.4, -0.0344, 4.03 ],
			"to": [ 15.4, 0.4656, 13.03 ],
			"rotationOrigin": [ 9.397, -0.0339, 4.0339 ],
			"rotationX": 0.0,
			"rotationY": -22.5,
			"rotationZ": 0.0,
			"faces": {
				"north": { "texture": "#Frame", "uv": [ 0.0, 0.0, 6.0, 0.5 ], "windMode": [-1,-1,-1,-1] },
				"east": { "texture": "#Frame", "uv": [ 3.0, 8.0, 12.0, 8.5 ] },
				"south": { "texture": "#Frame", "uv": [ 6.0, 7.0, 12.0, 7.5 ] },
				"west": { "texture": "#Frame", "uv": [ 4.0, 5.5, 13.0, 6.0 ] },
				"up": { "texture": "#Frame", "uv": [ 9.5, 3.0, 15.5, 12.0 ] },
				"down": { "texture": "#Frame", "uv": [ 4.0, 5.0, 10.0, 14.0 ] }
			}
		},
		{
			"name": "Frame2",
			"from": [ 14.84, 1.3, 4.5 ],
			"to": [ 15.84, 2.3, 15.5 ],
			"rotationOrigin": [ 14.837, 1.3, 4.5003 ],
			"rotationX": 0.0,
			"rotationY": -45.0,
			"rotationZ": -45.0,
			"faces": {
				"north": { "texture": "#Frame", "uv": [ 0.0, 0.0, 1.0, 1.0 ] },
				"east": { "texture": "#Frame", "uv": [ 0.0, 0.0, 11.0, 1.0 ] },
				"south": { "texture": "#Frame", "uv": [ 0.0, 0.0, 1.0, 1.0 ] },
				"west": { "texture": "#Frame", "uv": [ 0.0, 0.0, 11.0, 1.0 ] },
				"up": { "texture": "#Frame", "uv": [ 0.0, 0.0, 1.0, 11.0 ] },
				"down": { "texture": "#Frame", "uv": [ 0.0, 0.0, 1.0, 11.0 ] }
			}
		},
		{
			"name": "Frame4",
			"from": [ 5.84, -0.1, 3.1 ],
			"to": [ 6.84, 0.2, 7.1 ],
			"rotationOrigin": [ 5.837, -0.1, 3.1003 ],
			"rotationX": 78.0,
			"rotationY": -180.0,
			"rotationZ": -180.0,
			"faces": {
				"north": { "texture": "#Frame", "uv": [ 0.0, 0.0, 1.0, 0.5 ] },
				"east": { "texture": "#Frame", "uv": [ 0.0, 0.0, 4.0, 0.5 ] },
				"south": { "texture": "#Frame", "uv": [ 0.0, 0.0, 1.0, 0.5 ] },
				"west": { "texture": "#Frame", "uv": [ 0.0, 0.0, 4.0, 0.5 ] },
				"up": { "texture": "#Frame", "uv": [ 0.0, 0.0, 1.0, 4.0 ] },
				"down": { "texture": "#Frame", "uv": [ 0.0, 0.0, 1.0, 4.0 ] }
			}
		},
		{
			"name": "Frame5",
			"from": [ 8.64, 0.3, 5.5 ],
			"to": [ 9.64, 0.6, 8.5 ],
			"rotationOrigin": [ 8.637, 0.3, 5.5003 ],
			"rotationX": 45.0,
			"rotationY": -180.0,
			"rotationZ": -157.5,
			"faces": {
				"north": { "texture": "#Frame", "uv": [ 0.0, 0.0, 1.0, 0.5 ] },
				"east": { "texture": "#Frame", "uv": [ 0.0, 0.0, 3.0, 0.5 ] },
				"south": { "texture": "#Frame", "uv": [ 0.0, 0.0, 1.0, 0.5 ] },
				"west": { "texture": "#Frame", "uv": [ 0.0, 0.0, 3.0, 0.5 ] },
				"up": { "texture": "#Frame", "uv": [ 0.0, 0.0, 1.0, 3.0 ] },
				"down": { "texture": "#Frame", "uv": [ 0.0, 0.0, 1.0, 3.0 ] }
			}
		},
		{
			"name": "Frame6",
			"from": [ 12.34, 0.5, 10.3 ],
			"to": [ 13.34, 0.8, 16.3 ],
			"rotationOrigin": [ 12.337, 0.5, 10.3003 ],
			"rotationX": 170.0,
			"rotationY": -135.0,
			"rotationZ": -180.0,
			"faces": {
				"north": { "texture": "#Frame", "uv": [ 0.0, 0.0, 1.0, 0.5 ] },
				"east": { "texture": "#Frame", "uv": [ 0.0, 0.0, 6.0, 0.5 ] },
				"south": { "texture": "#Frame", "uv": [ 0.0, 0.0, 1.0, 0.5 ] },
				"west": { "texture": "#Frame", "uv": [ 0.0, 0.0, 6.0, 0.5 ] },
				"up": { "texture": "#Frame", "uv": [ 0.0, 0.0, 1.0, 6.0 ] },
				"down": { "texture": "#Frame", "uv": [ 0.0, 0.0, 1.0, 6.0 ] }
			}
		},
		{
			"name": "Frame7",
			"from": [ 13.94, 0.8, 12.9 ],
			"to": [ 14.94, 1.1, 18.9 ],
			"rotationOrigin": [ 13.937, 0.8, 12.9003 ],
			"rotationX": 22.5,
			"rotationY": -135.0,
			"rotationZ": -180.0,
			"faces": {
				"north": { "texture": "#Frame", "uv": [ 0.0, 0.0, 1.0, 0.5 ] },
				"east": { "texture": "#Frame", "uv": [ 0.0, 0.0, 6.0, 0.5 ] },
				"south": { "texture": "#Frame", "uv": [ 0.0, 0.0, 1.0, 0.5 ] },
				"west": { "texture": "#Frame", "uv": [ 0.0, 0.0, 6.0, 0.5 ] },
				"up": { "texture": "#Frame", "uv": [ 0.0, 0.0, 1.0, 6.0 ] },
				"down": { "texture": "#Frame", "uv": [ 0.0, 0.0, 1.0, 6.0 ] }
			}
		},
		{
			"name": "Frame8",
			"from": [ 4.24, 0.0, 5.1 ],
			"to": [ 5.24, 1.0, 16.1 ],
			"rotationOrigin": [ 4.237, 0.0, 5.1003 ],
			"rotationX": 172.0,
			"rotationY": -165.0,
			"rotationZ": -180.0,
			"faces": {
				"north": { "texture": "#Frame", "uv": [ 0.0, 0.0, 1.0, 1.0 ] },
				"east": { "texture": "#Frame", "uv": [ 0.0, 0.0, 11.0, 1.0 ] },
				"south": { "texture": "#Frame", "uv": [ 0.0, 0.0, 1.0, 1.0 ] },
				"west": { "texture": "#Frame", "uv": [ 0.0, 0.0, 11.0, 1.0 ] },
				"up": { "texture": "#Frame", "uv": [ 0.0, 0.0, 1.0, 11.0 ] },
				"down": { "texture": "#Frame", "uv": [ 0.0, 0.0, 1.0, 11.0 ] }
			}
		},
		{
			"name": "Frame9",
			"from": [ 5.04, -0.2, 10.7 ],
			"to": [ 6.04, 0.1, 16.7 ],
			"rotationOrigin": [ 5.037, -0.2, 10.7003 ],
			"rotationX": 135.0,
			"rotationY": 135.0,
			"rotationZ": -112.5,
			"faces": {
				"north": { "texture": "#Frame", "uv": [ 0.0, 0.0, 1.0, 0.5 ] },
				"east": { "texture": "#Frame", "uv": [ 0.0, 0.0, 6.0, 0.5 ] },
				"south": { "texture": "#Frame", "uv": [ 0.0, 0.0, 1.0, 0.5 ] },
				"west": { "texture": "#Frame", "uv": [ 0.0, 0.0, 6.0, 0.5 ] },
				"up": { "texture": "#Frame", "uv": [ 0.0, 0.0, 1.0, 6.0 ] },
				"down": { "texture": "#Frame", "uv": [ 0.0, 0.0, 1.0, 6.0 ] }
			}
		},
		{
			"name": "Frame10",
			"from": [ 5.64, 0.0, 13.7 ],
			"to": [ 6.64, 0.3, 14.7 ],
			"rotationOrigin": [ 5.637, 0.0, 13.7003 ],
			"rotationX": -180.0,
			"rotationY": -157.5,
			"rotationZ": -180.0,
			"faces": {
				"north": { "texture": "#Frame", "uv": [ 0.0, 0.0, 1.0, 0.5 ] },
				"east": { "texture": "#Frame", "uv": [ 0.0, 0.0, 1.0, 0.5 ] },
				"south": { "texture": "#Frame", "uv": [ 0.0, 0.0, 1.0, 0.5 ] },
				"west": { "texture": "#Frame", "uv": [ 0.0, 0.0, 1.0, 0.5 ] },
				"up": { "texture": "#Frame", "uv": [ 0.0, 0.0, 1.0, 1.0 ] },
				"down": { "texture": "#Frame", "uv": [ 0.0, 0.0, 1.0, 1.0 ] }
			}
		},
		{
			"name": "Frame11",
			"from": [ 1.94, 0.0, 9.4 ],
			"to": [ 2.94, 0.3, 11.4 ],
			"rotationOrigin": [ 1.937, 0.0, 9.4003 ],
			"rotationX": -180.0,
			"rotationY": -135.0,
			"rotationZ": -180.0,
			"faces": {
				"north": { "texture": "#Frame", "uv": [ 0.0, 0.0, 1.0, 0.5 ] },
				"east": { "texture": "#Frame", "uv": [ 0.0, 0.0, 2.0, 0.5 ] },
				"south": { "texture": "#Frame", "uv": [ 0.0, 0.0, 1.0, 0.5 ] },
				"west": { "texture": "#Frame", "uv": [ 0.0, 0.0, 2.0, 0.5 ] },
				"up": { "texture": "#Frame", "uv": [ 0.0, 0.0, 1.0, 2.0 ] },
				"down": { "texture": "#Frame", "uv": [ 0.0, 0.0, 1.0, 2.0 ] }
			}
		},
		{
			"name": "Frame12",
			"from": [ 1.54, 0.0, 1.4 ],
			"to": [ 2.54, 0.3, 3.4 ],
			"rotationOrigin": [ 1.537, 0.0, 1.4003 ],
			"rotationX": -180.0,
			"rotationY": -180.0,
			"rotationZ": -112.5,
			"faces": {
				"north": { "texture": "#Frame", "uv": [ 0.0, 0.0, 1.0, 0.5 ] },
				"east": { "texture": "#Frame", "uv": [ 0.0, 0.0, 2.0, 0.5 ] },
				"south": { "texture": "#Frame", "uv": [ 0.0, 0.0, 1.0, 0.5 ] },
				"west": { "texture": "#Frame", "uv": [ 0.0, 0.0, 2.0, 0.5 ] },
				"up": { "texture": "#Frame", "uv": [ 0.0, 0.0, 1.0, 2.0 ] },
				"down": { "texture": "#Frame", "uv": [ 0.0, 0.0, 1.0, 2.0 ] }
			}
		},
		{
			"name": "Frame13",
			"from": [ 12.14, 0.0, 1.2 ],
			"to": [ 13.14, 0.3, 4.2 ],
			"rotationOrigin": [ 12.137, 0.0, 1.2003 ],
			"rotationX": -180.0,
			"rotationY": -157.5,
			"rotationZ": -180.0,
			"faces": {
				"north": { "texture": "#Frame", "uv": [ 0.0, 0.0, 1.0, 0.5 ] },
				"east": { "texture": "#Frame", "uv": [ 0.0, 0.0, 3.0, 0.5 ] },
				"south": { "texture": "#Frame", "uv": [ 0.0, 0.0, 1.0, 0.5 ] },
				"west": { "texture": "#Frame", "uv": [ 0.0, 0.0, 3.0, 0.5 ] },
				"up": { "texture": "#Frame", "uv": [ 0.0, 0.0, 1.0, 3.0 ] },
				"down": { "texture": "#Frame", "uv": [ 0.0, 0.0, 1.0, 3.0 ] }
			}
		},
		{
			"name": "Frame14",
			"from": [ 1.2, -0.0344, 5.13 ],
			"to": [ 4.2, 0.4656, 11.13 ],
			"rotationOrigin": [ 1.197, -0.0339, 5.1339 ],
			"rotationX": 0.0,
			"rotationY": 45.0,
			"rotationZ": 0.0,
			"faces": {
				"east": { "texture": "#Frame", "uv": [ 3.0, 8.0, 9.0, 8.5 ] },
				"south": { "texture": "#Frame", "uv": [ 6.0, 7.0, 9.0, 7.5 ] },
				"west": { "texture": "#Frame", "uv": [ 4.0, 5.5, 10.0, 6.0 ] },
				"up": { "texture": "#Frame", "uv": [ 9.5, 3.0, 12.5, 9.0 ] },
				"down": { "texture": "#Frame", "uv": [ 4.0, 5.0, 7.0, 11.0 ] }
			}
		},
		{
			"name": "Frame15",
			"from": [ 1.34, 0.0, 2.3 ],
			"to": [ 2.34, 0.3, 4.3 ],
			"rotationOrigin": [ 1.337, 0.0, 2.3003 ],
			"rotationX": -180.0,
			"rotationY": 67.5,
			"rotationZ": -180.0,
			"faces": {
				"north": { "texture": "#Frame", "uv": [ 0.0, 0.0, 1.0, 0.5 ] },
				"east": { "texture": "#Frame", "uv": [ 0.0, 0.0, 2.0, 0.5 ] },
				"south": { "texture": "#Frame", "uv": [ 0.0, 0.0, 1.0, 0.5 ] },
				"west": { "texture": "#Frame", "uv": [ 0.0, 0.0, 2.0, 0.5 ] },
				"up": { "texture": "#Frame", "uv": [ 0.0, 0.0, 1.0, 2.0 ] },
				"down": { "texture": "#Frame", "uv": [ 0.0, 0.0, 1.0, 2.0 ] }
			}
		}
	]}