{
	"editor": {
		"backDropShape": "C:/Users/Jesus/Documents/VintageMod/MyShapes/CHARmod/dwarf-faceless",
		"collapsedPaths": "Root/ArmorUpperTorso,Root/GamCoatL,Root/ArmorCoatL,Root/GamCoatR,Root/ArmorCoatR",
		"allAngles": true,
		"entityTextureMode": true
	},
	"textureWidth": 64,
	"textureHeight": 64,
	"textureSizes": {
		"iron": [64,64],
		"steel": [64,64],
		"steel2": [64,64],
		"steel3": [64,64],
		"steel4": [64,64],
		"steel5": [64,64],
		"steel6": [64,64],
		"steel7": [64,64],
		"steel8": [64,64],
		"steel9": [64,64],
		"steel10": [64,64],
		"steel11": [64,64],
		"steel12": [64,64],
		"tailored-red": [64,64]
	},
	"textures": {
	},
	"elements": [
		{
			"name": "GamUpperTorso",
			"stepParentName": "UpperTorso",
			"from": [ -0.29, -0.18, -0.29 ],
			"to": [ 5.29, 5.12, 6.49 ],
			"uv": [ 12.5, 6.0 ],
			"rotationOrigin": [ -0.5, -0.2, -0.5 ],
			"faces": {
				"north": { "texture": "#material", "uv": [ 0.0, 7.0, 6.0, 12.0 ], "autoUv": false },
				"east": { "texture": "#material", "uv": [ 6.0, 7.0, 13.0, 12.0 ], "autoUv": false },
				"south": { "texture": "#material", "uv": [ 13.0, 7.0, 19.0, 12.0 ], "autoUv": false },
				"west": { "texture": "#material", "uv": [ 19.0, 7.0, 26.0, 12.0 ], "autoUv": false },
				"up": { "texture": "#material", "uv": [ 0.0, 0.0, 5.5, 7.0 ], "autoUv": false },
				"down": { "texture": "#material", "uv": [ 5.5, 0.0, 12.0, 7.0 ], "autoUv": false }
			}
		},
		{
			"name": "GamLowerTorso",
			"stepParentName": "LowerTorso",
			"from": [ -0.28, -0.46, -0.28 ],
			"to": [ 5.18, 5.08, 6.28 ],
			"uv": [ 6.0, 12.5 ],
			"rotationOrigin": [ -0.5, -0.5, -0.5 ],
			"faces": {
				"north": { "texture": "#material", "uv": [ 0.0, 19.0, 6.0, 24.5 ], "autoUv": false },
				"east": { "texture": "#material", "uv": [ 6.0, 19.0, 13.0, 24.5 ], "autoUv": false },
				"south": { "texture": "#material", "uv": [ 13.0, 19.0, 19.0, 24.5 ], "autoUv": false },
				"west": { "texture": "#material", "uv": [ 19.0, 19.0, 26.0, 24.5 ], "autoUv": false },
				"up": { "texture": "#material", "uv": [ 0.0, 12.0, 5.5, 19.0 ], "autoUv": false },
				"down": { "texture": "#material", "uv": [ 5.5, 12.0, 12.0, 19.0 ], "autoUv": false }
			}
		},
		{
			"name": "GamUpperArmR",
			"stepParentName": "UpperArmR",
			"from": [ -0.18, -0.18, -0.28 ],
			"to": [ 3.08, 6.18, 2.08 ],
			"uv": [ 36.0, 0.0 ],
			"rotationOrigin": [ -0.2, -0.2, -0.3 ],
			"faces": {
				"north": { "texture": "#material", "uv": [ 36.0, 2.0, 39.0, 8.0 ] },
				"east": { "texture": "#material", "uv": [ 39.0, 2.0, 41.0, 8.0 ] },
				"south": { "texture": "#material", "uv": [ 41.0, 2.0, 44.0, 8.0 ] },
				"west": { "texture": "#material", "uv": [ 44.0, 2.0, 46.0, 8.0 ] },
				"up": { "texture": "#material", "uv": [ 36.0, 0.0, 39.0, 2.0 ] },
				"down": { "texture": "#material", "uv": [ 39.0, 0.0, 42.0, 2.0 ] }
			}
		},
		{
			"name": "GamUpperArmL",
			"stepParentName": "UpperArmL",
			"from": [ -0.18, -0.18, -0.08 ],
			"to": [ 3.08, 6.18, 2.19 ],
			"uv": [ 26.0, 0.0 ],
			"rotationOrigin": [ -0.2, -0.2, -0.2 ],
			"faces": {
				"north": { "texture": "#material", "uv": [ 26.0, 2.0, 29.0, 8.0 ] },
				"east": { "texture": "#material", "uv": [ 29.0, 2.0, 31.0, 8.0 ] },
				"south": { "texture": "#material", "uv": [ 31.0, 2.0, 34.0, 8.0 ] },
				"west": { "texture": "#material", "uv": [ 34.0, 2.0, 36.0, 8.0 ] },
				"up": { "texture": "#material", "uv": [ 26.0, 0.0, 29.0, 2.0 ] },
				"down": { "texture": "#material", "uv": [ 29.0, 0.0, 32.0, 2.0 ] }
			}
		},
		{
			"name": "GamLowerArmR",
			"stepParentName": "LowerArmR",
			"from": [ -0.18, 1.8, -0.24 ],
			"to": [ 2.68, 6.17, 2.22 ],
			"uv": [ 41.0, 11.5 ],
			"rotationOrigin": [ -0.2, 1.8, -0.4 ],
			"faces": {
				"north": { "texture": "#material", "uv": [ 36.0, 11.5, 38.5, 17.5 ], "autoUv": false },
				"east": { "texture": "#material", "uv": [ 38.5, 11.5, 41.0, 17.5 ], "autoUv": false },
				"south": { "texture": "#material", "uv": [ 41.0, 11.5, 43.5, 17.5 ], "autoUv": false },
				"west": { "texture": "#material", "uv": [ 43.5, 11.5, 46.0, 17.5 ], "autoUv": false },
				"up": { "texture": "#material", "uv": [ 36.0, 9.0, 38.5, 11.5 ], "autoUv": false },
				"down": { "texture": "#material", "uv": [ 38.5, 9.0, 41.0, 11.5 ], "autoUv": false }
			}
		},
		{
			"name": "GamLowerArmL",
			"stepParentName": "LowerArmL",
			"from": [ -0.18, 1.8, -0.23 ],
			"to": [ 2.68, 6.17, 2.23 ],
			"uv": [ 31.0, 11.5 ],
			"rotationOrigin": [ -0.2, 1.8, -0.3 ],
			"faces": {
				"north": { "texture": "#material", "uv": [ 26.0, 11.5, 28.5, 17.5 ], "autoUv": false },
				"east": { "texture": "#material", "uv": [ 28.5, 11.5, 31.0, 17.5 ], "autoUv": false },
				"south": { "texture": "#material", "uv": [ 31.0, 11.5, 33.5, 17.5 ], "autoUv": false },
				"west": { "texture": "#material", "uv": [ 33.5, 11.5, 36.0, 17.5 ], "autoUv": false },
				"up": { "texture": "#material", "uv": [ 26.0, 9.0, 28.5, 11.5 ], "autoUv": false },
				"down": { "texture": "#material", "uv": [ 28.5, 9.0, 31.0, 11.5 ], "autoUv": false }
			}
		},
		{
			"name": "GamCoatR",
			"stepParentName": "UpperFootR",
			"from": [ -0.69, 0.21, -0.29 ],
			"to": [ 4.88, 7.18, 3.11 ],
			"autoUnwrap": false,
			"uv": [ 18.0, 24.5 ],
			"rotationOrigin": [ -0.7, 0.2, -0.6 ],
			"faces": {
				"north": { "texture": "#material", "uv": [ 18.0, 28.0, 23.5, 35.0 ], "autoUv": false },
				"east": { "texture": "#material", "uv": [ 23.5, 28.0, 27.0, 35.0 ], "autoUv": false },
				"south": { "texture": "#material", "uv": [ 27.0, 28.0, 32.5, 35.0 ], "autoUv": false },
				"west": { "texture": "#material", "uv": [ 32.5, 28.0, 36.0, 35.0 ], "autoUv": false },
				"up": { "texture": "#material", "uv": [ 18.0, 24.5, 23.5, 28.0 ], "rotation": 180, "autoUv": false },
				"down": { "texture": "#material", "uv": [ 23.5, 24.5, 29.0, 28.0 ], "rotation": 180, "autoUv": false }
			},
			"children": [
				{
					"name": "LegCoverR",
					"from": [ 0.6, 0.1, 0.3 ],
					"to": [ 5.1, 8.9, 3.7 ],
					"autoUnwrap": false,
					"uv": [ 49.5, 45.5 ],
					"rotationOrigin": [ 0.6, 0.1, 0.3 ],
					"faces": {
						"north": { "texture": "#material", "uv": [ 54.0, 55.5, 58.5, 64.0 ] },
						"east": { "texture": "#material", "uv": [ 54.0, 52.5, 57.0, 61.0 ] },
						"south": { "texture": "#material", "uv": [ 57.0, 55.5, 61.5, 64.0 ] },
						"west": { "texture": "#material", "uv": [ 61.0, 55.5, 64.0, 64.0 ] },
						"up": { "texture": "#material", "uv": [ 54.0, 49.5, 58.5, 52.5 ] },
						"down": { "texture": "#material", "uv": [ 54.0, 46.5, 58.5, 49.5 ] }
					}
				}
			]
		},
		{
			"name": "GamCoatL",
			"stepParentName": "UpperFootL",
			"from": [ -0.69, 0.21, 0.14 ],
			"to": [ 4.88, 7.18, 3.54 ],
			"uv": [ 2.0, 28.0 ],
			"rotationOrigin": [ -0.7, 0.2, 0.0 ],
			"faces": {
				"north": { "texture": "#material", "uv": [ 0.0, 28.0, 5.5, 35.0 ], "autoUv": false },
				"east": { "texture": "#material", "uv": [ 5.5, 28.0, 9.0, 35.0 ], "autoUv": false },
				"south": { "texture": "#material", "uv": [ 9.0, 28.0, 14.5, 35.0 ], "autoUv": false },
				"west": { "texture": "#material", "uv": [ 14.5, 28.0, 18.0, 35.0 ], "autoUv": false },
				"up": { "texture": "#material", "uv": [ 0.0, 24.5, 5.5, 28.0 ], "autoUv": false },
				"down": { "texture": "#material", "uv": [ 5.5, 24.5, 11.0, 28.0 ], "autoUv": false }
			},
			"children": [
				{
					"name": "LegCoverL",
					"from": [ 0.6, 0.1, -0.2 ],
					"to": [ 5.1, 8.9, 3.2 ],
					"autoUnwrap": false,
					"uv": [ 0.0, 0.0 ],
					"rotationOrigin": [ 0.6, 0.1, -0.2 ],
					"faces": {
						"north": { "texture": "#material", "uv": [ 54.0, 55.5, 58.5, 64.0 ] },
						"east": { "texture": "#material", "uv": [ 54.0, 52.5, 57.0, 61.0 ] },
						"south": { "texture": "#material", "uv": [ 57.0, 55.5, 61.5, 64.0 ] },
						"west": { "texture": "#material", "uv": [ 61.0, 55.5, 64.0, 64.0 ] },
						"up": { "texture": "#material", "uv": [ 54.0, 49.5, 58.5, 52.5 ] },
						"down": { "texture": "#material", "uv": [ 54.0, 46.5, 58.5, 49.5 ] }
					}
				}
			]
		}
	]}