{
    "code": "squirrel-baby",
    "class": "EntityAgent",
    "variantgroups": [
        {
            "code": "type",
            "states": [
                "brown",
                "darkbrown",
                "black",
                "red"
            ]
        }
    ],
    "canClimb": false,
    "canClimbAnywhere": false,
    "climbTouchDistance": 0.1,
    "rotateModelOnClimb": true,
    "fallDamageMultiplier": 0.02,
    "hitboxSize": {
        "x": 0.3,
        "y": 0.3
    },
    "deadHitboxSize": {
        "x": 0.2,
        "y": 0.4
    },
    "eyeHeight": 0.32,
    "attributes": {
        "basketCatchable": false,
        "trapChance": 0,
        "trapDestroyChance": 1,
        "handbook": {
            "groupcode": "thecritterpack:creaturegroup-squirrel"
        }
    },
    "drops": [],
    "client": {
        "renderer": "Shape",
        "shape": {
            "base": "entity/land/squirrel/squirrel-shape-2"
        },
        "textureByType": {
            "*-black": {
                "base": "entity/squirrel/grey-normal"
            },
            "*-brown": {
                "base": "entity/squirrel/oldbrown-normal"
            },
            "*-red": {
                "base": "entity/squirrel/redded-normal"
            },
            "*-darkbrown": {
                "base": "entity/squirrel/darkbrown-normal"
            }
        },
        "size": 0.8,
        "behaviors": [
            {
                "code": "repulseagents"
            },
            {
                "code": "controlledphysics",
                "stepHeight": 1.105
            },
            {
                "code": "floatupwhenstuck",
                "onlyWhenDead": true
            },
            {
                "code": "interpolateposition"
            }
        ],
        "animations": [
            {
                "code": "hurt",
                "animation": "hurt",
                "animationSpeed": 2.2,
                "weight": 10,
                "blendMode": "AddAverage"
            },
            {
                "code": "die",
                "animation": "death",
                "animationSpeed": 1.25,
                "weight": 10,
                "blendMode": "Average",
                "triggeredBy": {
                    "onControls": [
                        "dead"
                    ]
                }
            },
            {
                "code": "idle",
                "animation": "idle",
                "blendMode": "AddAverage",
                "easeOutSpeed": 4,
                "triggeredBy": {
                    "defaultAnim": true
                }
            },
            {
                "code": "climbup",
                "animation": "walk",
                "triggeredBy": {
                    "onControls": [
                        "Move",
                        "Climb"
                    ],
                    "matchExact": true
                },
                "blendMode": "Average"
            },
            {
                "code": "climbidle",
                "animation": "idle",
                "triggeredBy": {
                    "onControls": [
                        "Idle",
                        "Climb"
                    ]
                },
                "blendMode": "Average"
            },
            {
                "code": "sleep",
                "animation": "sleep",
                "easeInSpeed": 4,
                "easeOutSpeed": 4,
                "blendMode": "Average"
            }
        ]
    },
    "server": {
        "behaviors": [
            {
                "code": "repulseagents"
            },
            {
                "code": "controlledphysics",
                "stepHeight": 1.105
            },
            {
                "code": "despawn",
                "minPlayerDistance": 8,
                "belowLightLevel": 8,
                "minSeconds": 300
            },
            {
                "code": "health",
                "currenthealth": 1.8,
                "maxhealth": 1.8
            },
            {
                "code": "deaddecay",
                "hoursToDecay": 96,
                "decayedBlock": "carcass-tiny"
            },
            {
                "code": "floatupwhenstuck",
                "onlyWhenDead": true
            },
            {
                "code": "breathe"
            },
            {
                "code": "emotionstates",
                "states": [
                    {
                        "code": "fleeondamage",
                        "duration": 60,
                        "chance": 1,
                        "slot": 2,
                        "priority": 5,
                        "accumType": "max",
                        "whenHealthRelBelow": 0.65
                    },
                    {
                        "code": "saturated",
                        "duration": 1200,
                        "chance": 1,
                        "slot": 0,
                        "priority": 1,
                        "accumType": "sum"
                    },
                    {
                        "code": "aggressiveondamage",
                        "duration": 30,
                        "chance": 1,
                        "slot": 2,
                        "priority": 2,
                        "accumType": "noaccum"
                    },
                    {
                        "code": "alarmherdondamage",
                        "chance": 1,
                        "slot": 1,
                        "priority": 1,
                        "accumType": "max"
                    }
                ]
            },
            {
                "code": "grow",
                "hoursToGrow": 56,
                "adultEntityCodes": [
                    "thecritterpack:squirrel-male-red",
                    "thecritterpack:squirrel-female-red",
                    "thecritterpack:squirrel-female-red"
                ]
            },
            {
                "code": "taskai",
                "aitasks": [
                    {
                        "code": "fleeentity",
                        "entityCodes": [
                            "player",
                            "wolf-*",
                            "fox-*",
                            "hyena-*",
                            "hedgehog-*",
                            "owl-*",
							"bear-*",
							"fresh-scarecrow-entity",
                        ],
                        "priority": 2,
                        "movespeed": 0.03,
                        "animationSpeed": 1.9,
                        "seekingRange": 8,
                        "animation": "Walk",
                        "whenNotInEmotionState": "fleeondamage",
                        "instafleeOnDamageChance": 1
                    },
                    {
                        "code": "fleeentity",
                        "entityCodes": [
                            "player",
                            "wolf-*",
                            "fox-*",
                            "hyena-*",
                            "hedgehog-*",
                            "owl-*",
							"bear-*",
							"fresh-scarecrow-entity",
                        ],
                        "priority": 2,
                        "movespeed": 0.03,
                        "animationSpeed": 1.9,
                        "seekingRange": 8,
                        "animation": "Walk",
                        "whenInEmotionState": "fleeondamage"
                    },
                    {
                        "code": "getoutofwater",
                        "priority": 3,
                        "movespeed": 0.0412,
                        "animation": "Walk",
                        "animationSpeed": 1.8
                    },
                    {
                        "code": "idle",
                        "priority": 1.88,
                        "minduration": 10000,
                        "maxduration": 1200000,
                        "mincooldown": 10000,
                        "maxcooldown": 80000,
                        "priorityForCancel": 1.98,
                        "animation": "Sleep",
                        "animationSpeed": 0.8,
                        "whenNotInEmotionState": "aggressiveondamage",
                        "duringDayTimeFrames": [
                            {
                                "fromHour": 1,
                                "toHour": 8
                            },
                            {
                                "fromHour": 18,
                                "toHour": 23
                            }
                        ],
                        "stopOnNearbyEntityCodes": [
                            "player",
                            "wolf-*",
                            "fox-*",
                            "hyena-*",
                            "hedgehog-*",
                            "owl-*",
							"bear-*",
							"fresh-scarecrow-entity",
                        ],
                        "stopRange": 3,
                        "stopOnHurt": true
                    },
                    {
                        "code": "idle",
                        "priority": 1.3,
                        "priorityForCancel": 1.35,
                        "minduration": 2500,
                        "maxduration": 2500,
                        "mincooldown": 10000,
                        "maxcooldown": 50000,
                        "animation": "Look",
                        "animationSpeed": 1.8,
                        "stopOnNearbyEntityCodes": [
                            "player",
                            "wolf-*",
                            "fox-*",
                            "hyena-*",
                            "hedgehog-*",
                            "owl-*",
							"bear-*",
							"fresh-scarecrow-entity",
                        ],
                        "stopRange": 5
                    },
                    {
                        "code": "idle",
                        "priority": 1.1,
                        "minduration": 1000,
                        "maxduration": 3000,
                        "mincooldown": 2000,
                        "maxcooldown": 30000,
                        "animation": "Idle",
                        "stopOnNearbyEntityCodes": [
                            "player",
                            "wolf-*",
                            "fox-*",
                            "hyena-*",
                            "hedgehog-*",
                            "owl-*",
							"bear-*",
							"fresh-scarecrow-entity",
                        ],
                        "stopRange": 5
                    },
                    {
                        "code": "wander",
                        "priority": 1,
                        "priorityForCancel": 1.1,
                        "movespeed": 0.0255,
                        "animationSpeed": 1.8,
                        "animation": "Walk",
                        "stopOnNearbyEntityCodes": [
                            "player",
                            "wolf-*",
                            "fox-*",
                            "hyena-*",
                            "hedgehog-*",
                            "owl-*",
							"bear-*",
							"fresh-scarecrow-entity",
                        ],
                        "stopRange": 5
                    },
                    {
                        "code": "lookaround",
                        "priority": 0.9,
                        "minduration": 1000,
                        "maxduration": 3000,
                        "mincooldown": 2000,
                        "maxcooldown": 30000,
                        "priorityForCancel": 1.11,
                        "animation": "LookR",
                        "stopOnNearbyEntityCodes": [
                            "player",
                            "wolf-*",
                            "fox-*",
                            "hyena-*",
                            "hedgehog-*",
                            "owl-*",
							"bear-*",
							"fresh-scarecrow-entity",
                        ],
                        "stopRange": 5
                    },
                    {
                        "code": "lookaround",
                        "priority": 0.9,
                        "minduration": 1000,
                        "maxduration": 3000,
                        "mincooldown": 2000,
                        "maxcooldown": 30000,
                        "priorityForCancel": 1.11,
                        "animation": "LookL",
                        "stopOnNearbyEntityCodes": [
                            "player",
                            "wolf-*",
                            "fox-*",
                            "hyena-*",
                            "hedgehog-*",
                            "owl-*",
							"bear-*",
							"fresh-scarecrow-entity",
                        ],
                        "stopRange": 5
                    },
					{
						code: "stayclosetoentity",
						priority: 1.35,
						entityCode: "squirrel-female-{type}",
						movespeed: 0.04,
						maxDistance: 10,
						searchRange: 25,
						animationSpeed: 1.5,
						animation: "walk",
					},					
                ]
            }
        ]
    },
    "sounds": {
        "hurt": "creature/squirrel/squirrel-*",
        "death": "creature/squirrel/squirrel-*",
		"idle":	"creature/squirrel/squirrel-chatter-1",
    },
    "idleSoundChance": 0.08
}