{
  "textureWidth":16,
  "textureHeight":16,
  "textures":{
    "wood":"game:block/wood/debarked/oak"
  },
  "textureSizes":{
    "wood":[
      32,
      32
    ]
  },
  "elements":[
    {
      "name":"origin",
      "from":[
        11.583430290222168,
        -6.257323741912842,
        8.21067351102829
      ],
      "to":[
        11.583430290222168,
        -6.257323741912842,
        8.21067351102829
      ],
      "rotationOrigin":[
        8.0,
        0.0,
        8.0
      ],
      "group":"Fine",
      "faces":{
        "north":{
          "texture":"#0",
          "uv":[
            0,
            0,
            4,
            4
          ],
          "autoUv":false
        },
        "east":{
          "texture":"#0",
          "uv":[
            0,
            0,
            4,
            4
          ],
          "autoUv":false
        },
        "south":{
          "texture":"#0",
          "uv":[
            0,
            0,
            4,
            4
          ],
          "autoUv":false
        },
        "west":{
          "texture":"#0",
          "uv":[
            0,
            0,
            4,
            4
          ],
          "autoUv":false
        },
        "up":{
          "texture":"#wood",
          "uv":[
            0.0,
            0.0,
            1.0,
            1.0
          ],
          "autoUv":false,
          "rotation":180
        },
        "down":{
          "texture":"#0",
          "uv":[
            0,
            0,
            4,
            4
          ],
          "autoUv":false
        }
      },
      "children":[
        {
          "name":"handle_fine 01",
          "from":[
            1.9161796569824219,
            6.646446913480759,
            0.347064346075058
          ],
          "to":[
            2.767333984375,
            7.353553086519241,
            1.0541708171367645
          ],
          "rotationOrigin":[
            2.341756820678711,
            7.0,
            0.7006176114082336
          ],
          "rotationX":45.00000125223908,
          "group":"Fine",
          "faces":{
            "north":{
              "texture":"#wood",
              "uv":[
                22.000001907348633,
                11.999998092651367,
                24.999998092651367,
                16.0
              ],
              "autoUv":false,
              "rotation":270
            },
            "east":{
              "texture":"#wood",
              "uv":[
                29.0,
                13.0,
                26.999998092651367,
                16.0
              ],
              "autoUv":false,
              "rotation":90
            },
            "south":{
              "texture":"#wood",
              "uv":[
                14.771571159362793,
                7.397571563720703,
                17.600000381469727,
                10.802196502685547
              ],
              "autoUv":false,
              "rotation":270
            },
            "west":{
              "texture":"#wood",
              "uv":[
                14.771573066711426,
                1.6451644897460938,
                17.599998474121094,
                4.473590850830078
              ],
              "autoUv":false,
              "rotation":270
            },
            "up":{
              "texture":"#wood",
              "uv":[
                23.526409149169922,
                7.39756965637207,
                26.354839324951172,
                10.802192687988281
              ],
              "autoUv":false,
              "rotation":270
            },
            "down":{
              "texture":"#wood",
              "uv":[
                25.0,
                16.0,
                21.999998092651367,
                12.0
              ],
              "autoUv":false,
              "rotation":270
            }
          },
          "children":[]
        },
        {
          "name":"handle_fine 02",
          "from":[
            -10.434195041656494,
            6.646446913480759,
            0.347064346075058
          ],
          "to":[
            -9.583040714263916,
            7.353553086519241,
            1.0541708171367645
          ],
          "rotationOrigin":[
            -10.008617877960205,
            7.0,
            0.7006176114082336
          ],
          "rotationX":45.00000125223908,
          "group":"Fine",
          "faces":{
            "north":{
              "texture":"#wood",
              "uv":[
                13.0,
                12.0,
                10.0,
                16.0
              ],
              "autoUv":false,
              "rotation":90
            },
            "east":{
              "texture":"#wood",
              "uv":[
                14.771574020385742,
                19.52640724182129,
                17.600000381469727,
                22.354835510253906
              ],
              "autoUv":false,
              "rotation":270
            },
            "south":{
              "texture":"#wood",
              "uv":[
                14.77157211303711,
                7.400920867919922,
                17.600000381469727,
                10.8055419921875
              ],
              "autoUv":false,
              "rotation":270
            },
            "west":{
              "texture":"#wood",
              "uv":[
                7.0,
                13.0,
                9.000001907348633,
                16.0
              ],
              "autoUv":false,
              "rotation":270
            },
            "up":{
              "texture":"#wood",
              "uv":[
                23.526411056518555,
                7.400918960571289,
                26.354835510253906,
                10.805538177490234
              ],
              "autoUv":false,
              "rotation":270
            },
            "down":{
              "texture":"#wood",
              "uv":[
                13.0,
                16.0,
                10.0,
                12.0
              ],
              "autoUv":false,
              "rotation":270
            }
          },
          "children":[]
        },
        {
          "name":"handle_fine 03",
          "from":[
            1.916569471359253,
            6.500234961509705,
            0.7006176114082336
          ],
          "to":[
            2.7677814960479736,
            7.499765038490295,
            1.7893264889717102
          ],
          "rotationOrigin":[
            2.3421754837036133,
            7.0,
            1.244972050189972
          ],
          "group":"Fine",
          "faces":{
            "north":{
              "texture":"#wood",
              "uv":[
                13.60093879699707,
                28.29757595062256,
                17.59906005859375,
                31.702424108982086
              ],
              "autoUv":false,
              "rotation":270
            },
            "east":{
              "texture":"#wood",
              "uv":[
                30.0,
                13.0,
                28.0,
                16.0
              ],
              "autoUv":false
            },
            "south":{
              "texture":"#wood",
              "uv":[
                22.0,
                11.999998092651367,
                25.000001907348633,
                15.999998092651367
              ],
              "autoUv":false,
              "rotation":270
            },
            "west":{
              "texture":"#wood",
              "uv":[
                26.0,
                13.0,
                28.0,
                16.0
              ],
              "autoUv":false
            },
            "up":{
              "texture":"#wood",
              "uv":[
                25.0,
                12.0,
                29.0,
                16.0
              ],
              "autoUv":false,
              "rotation":270
            },
            "down":{
              "texture":"#wood",
              "uv":[
                29.0,
                16.0,
                25.0,
                12.0
              ],
              "autoUv":false,
              "rotation":270
            }
          },
          "children":[]
        },
        {
          "name":"handle_fine 04",
          "from":[
            -10.43464207649231,
            6.500234961509705,
            0.7006176114082336
          ],
          "to":[
            -9.583430051803589,
            7.499765038490295,
            1.7893264889717102
          ],
          "rotationOrigin":[
            -10.00903606414795,
            7.0,
            1.244972050189972
          ],
          "group":"Fine",
          "faces":{
            "north":{
              "texture":"#wood",
              "uv":[
                13.60093879699707,
                28.29757595062256,
                17.59906005859375,
                31.702424108982086
              ],
              "autoUv":false,
              "rotation":270
            },
            "east":{
              "texture":"#wood",
              "uv":[
                9.0,
                13.0,
                7.0,
                16.0
              ],
              "autoUv":false
            },
            "south":{
              "texture":"#wood",
              "uv":[
                10.0,
                11.999998092651367,
                13.000001907348633,
                15.999998092651367
              ],
              "autoUv":false,
              "rotation":270
            },
            "west":{
              "texture":"#wood",
              "uv":[
                5.0,
                13.0,
                7.0,
                16.0
              ],
              "autoUv":false
            },
            "up":{
              "texture":"#wood",
              "uv":[
                5.999999046325684,
                12.0,
                10.0,
                16.0
              ],
              "autoUv":false,
              "rotation":270
            },
            "down":{
              "texture":"#wood",
              "uv":[
                10.0,
                16.0,
                5.999999523162842,
                12.0
              ],
              "autoUv":false,
              "rotation":270
            }
          },
          "children":[]
        },
        {
          "name":"handle_fine 05",
          "from":[
            -10.043658792972565,
            6.50019446015358,
            0.28158581256866455
          ],
          "to":[
            -9.378975331783295,
            7.49980553984642,
            0.9495882987976074
          ],
          "rotationOrigin":[
            -9.71131706237793,
            7.0,
            0.615587055683136
          ],
          "rotationX":-1.84677898125789e-11,
          "rotationY":55.53950906613485,
          "rotationZ":-179.9998957259296,
          "group":"Fine",
          "faces":{
            "north":{
              "texture":"#wood",
              "uv":[
                5.0,
                13.000587463378906,
                4.0,
                15.99941635131836
              ],
              "autoUv":false,
              "rotation":180
            },
            "east":{
              "texture":"#wood",
              "uv":[
                0.0,
                32.0,
                0.0,
                32.0
              ],
              "autoUv":false,
              "rotation":180
            },
            "south":{
              "texture":"#wood",
              "uv":[
                6.0,
                13.000587463378906,
                7.0,
                15.99941635131836
              ],
              "autoUv":false,
              "rotation":180
            },
            "west":{
              "texture":"#wood",
              "uv":[
                0.0,
                32.0,
                0.0,
                32.0
              ],
              "autoUv":false
            },
            "up":{
              "texture":"#wood",
              "uv":[
                11.0,
                12.999998092651367,
                10.0,
                16.0
              ],
              "autoUv":false
            },
            "down":{
              "texture":"#wood",
              "uv":[
                11.0,
                16.0,
                10.0,
                12.999998092651367
              ],
              "autoUv":false,
              "rotation":180
            }
          },
          "children":[]
        },
        {
          "name":"handle_fine 06",
          "from":[
            -9.173995107412338,
            6.50019446015358,
            -0.7420532405376434
          ],
          "to":[
            -8.415343195199966,
            7.49980553984642,
            -0.07405105233192444
          ],
          "rotationOrigin":[
            -8.794669151306152,
            7.0,
            -0.40805214643478394
          ],
          "rotationX":-1.0128772230614133e-11,
          "rotationY":42.18521540847971,
          "rotationZ":-179.9998957259296,
          "group":"Fine",
          "faces":{
            "north":{
              "texture":"#wood",
              "uv":[
                8.0,
                13.000587463378906,
                7.000000476837158,
                15.99941635131836
              ],
              "autoUv":false,
              "rotation":180
            },
            "east":{
              "texture":"#wood",
              "uv":[
                0.0,
                32.0,
                0.0,
                32.0
              ],
              "autoUv":false,
              "rotation":180
            },
            "south":{
              "texture":"#wood",
              "uv":[
                8.0,
                13.000587463378906,
                9.0,
                15.99941635131836
              ],
              "autoUv":false,
              "rotation":180
            },
            "west":{
              "texture":"#wood",
              "uv":[
                0.0,
                32.0,
                0.0,
                32.0
              ],
              "autoUv":false
            },
            "up":{
              "texture":"#wood",
              "uv":[
                13.0,
                12.999998092651367,
                12.0,
                16.0
              ],
              "autoUv":false
            },
            "down":{
              "texture":"#wood",
              "uv":[
                13.0,
                16.0,
                12.0,
                12.999998092651367
              ],
              "autoUv":false,
              "rotation":180
            }
          },
          "children":[]
        },
        {
          "name":"handle_fine 07",
          "from":[
            -8.01081046462059,
            6.5001943707466125,
            -1.6047327518463135
          ],
          "to":[
            -7.252158552408218,
            7.4998056292533875,
            -0.9367305040359497
          ],
          "rotationOrigin":[
            -7.631484508514404,
            7.0,
            -1.2707316279411316
          ],
          "rotationY":-149.0648215031613,
          "group":"Fine",
          "faces":{
            "north":{
              "texture":"#wood",
              "uv":[
                10.0,
                13.000587463378906,
                12.0,
                15.99941635131836
              ],
              "autoUv":false
            },
            "east":{
              "texture":"#wood",
              "uv":[
                0.0,
                32.0,
                0.0,
                32.0
              ],
              "autoUv":false
            },
            "south":{
              "texture":"#wood",
              "uv":[
                11.000000953674316,
                13.000587463378906,
                9.000000953674316,
                15.99941635131836
              ],
              "autoUv":false
            },
            "west":{
              "texture":"#wood",
              "uv":[
                0.0,
                32.0,
                0.0,
                32.0
              ],
              "autoUv":false,
              "rotation":180
            },
            "up":{
              "texture":"#wood",
              "uv":[
                14.0,
                12.999998092651367,
                15.0,
                16.0
              ],
              "autoUv":false,
              "rotation":180
            },
            "down":{
              "texture":"#wood",
              "uv":[
                14.0,
                16.0,
                15.0,
                12.999998092651367
              ],
              "autoUv":false
            }
          },
          "children":[]
        },
        {
          "name":"handle_fine 08",
          "from":[
            -6.701676428318024,
            6.5001943707466125,
            -2.223911762237549
          ],
          "to":[
            -5.943024575710297,
            7.4998056292533875,
            -1.5559090375900269
          ],
          "rotationOrigin":[
            -6.32235050201416,
            7.0,
            -1.8899103999137878
          ],
          "rotationX":5.2222657902746406e-12,
          "rotationY":19.685081593671356,
          "rotationZ":-179.9998957259296,
          "group":"Fine",
          "faces":{
            "north":{
              "texture":"#wood",
              "uv":[
                15.000000953674316,
                13.000587463378906,
                13.000001907348633,
                15.99941635131836
              ],
              "autoUv":false,
              "rotation":180
            },
            "east":{
              "texture":"#wood",
              "uv":[
                0.0,
                32.0,
                0.0,
                32.0
              ],
              "autoUv":false,
              "rotation":180
            },
            "south":{
              "texture":"#wood",
              "uv":[
                14.0,
                13.000589370727539,
                15.0,
                15.99941635131836
              ],
              "autoUv":false,
              "rotation":180
            },
            "west":{
              "texture":"#wood",
              "uv":[
                0.0,
                32.0,
                0.0,
                32.0
              ],
              "autoUv":false
            },
            "up":{
              "texture":"#wood",
              "uv":[
                17.0,
                12.999998092651367,
                16.0,
                16.0
              ],
              "autoUv":false
            },
            "down":{
              "texture":"#wood",
              "uv":[
                17.0,
                16.0,
                16.0,
                12.999998092651367
              ],
              "autoUv":false,
              "rotation":180
            }
          },
          "children":[]
        },
        {
          "name":"handle_fine 09",
          "from":[
            -5.296900272369385,
            6.5001943707466125,
            -2.5757910013198853
          ],
          "to":[
            -4.538247585296631,
            7.4998056292533875,
            -1.9077880382537842
          ],
          "rotationOrigin":[
            -4.917573928833008,
            7.0,
            -2.2417895197868347
          ],
          "rotationX":-4.278335243211331e-12,
          "rotationY":8.435208492884877,
          "rotationZ":-179.9998957259296,
          "group":"Fine",
          "faces":{
            "north":{
              "texture":"#wood",
              "uv":[
                17.000001907348633,
                13.000587463378906,
                16.0,
                15.99941635131836
              ],
              "autoUv":false,
              "rotation":180
            },
            "east":{
              "texture":"#wood",
              "uv":[
                0.0,
                32.0,
                0.0,
                32.0
              ],
              "autoUv":false,
              "rotation":180
            },
            "south":{
              "texture":"#wood",
              "uv":[
                16.0,
                13.000589370727539,
                17.0,
                15.99941635131836
              ],
              "autoUv":false,
              "rotation":180
            },
            "west":{
              "texture":"#wood",
              "uv":[
                0.0,
                32.0,
                0.0,
                32.0
              ],
              "autoUv":false
            },
            "up":{
              "texture":"#wood",
              "uv":[
                19.0,
                12.999998092651367,
                18.0,
                16.0
              ],
              "autoUv":false
            },
            "down":{
              "texture":"#wood",
              "uv":[
                19.0,
                16.0,
                18.0,
                12.999998092651367
              ],
              "autoUv":false,
              "rotation":180
            }
          },
          "children":[]
        },
        {
          "name":"handle_fine 10",
          "from":[
            -3.850468933582306,
            6.5001943707466125,
            -2.6468527615070343
          ],
          "to":[
            -3.0918166041374207,
            7.4998056292533875,
            -1.9788495004177094
          ],
          "rotationOrigin":[
            -3.4711427688598633,
            7.0,
            -2.312851130962372
          ],
          "rotationX":7.869010453884278e-13,
          "rotationY":-2.814796942816771,
          "rotationZ":-179.9998957259296,
          "group":"Fine",
          "faces":{
            "north":{
              "texture":"#wood",
              "uv":[
                19.0,
                13.000587463378906,
                18.000001907348633,
                15.99941635131836
              ],
              "autoUv":false,
              "rotation":180
            },
            "east":{
              "texture":"#wood",
              "uv":[
                0.0,
                32.0,
                0.0,
                32.0
              ],
              "autoUv":false,
              "rotation":180
            },
            "south":{
              "texture":"#wood",
              "uv":[
                18.0,
                13.000587463378906,
                19.0,
                15.99941635131836
              ],
              "autoUv":false,
              "rotation":180
            },
            "west":{
              "texture":"#wood",
              "uv":[
                0.0,
                32.0,
                0.0,
                32.0
              ],
              "autoUv":false
            },
            "up":{
              "texture":"#wood",
              "uv":[
                21.0,
                12.999998092651367,
                20.0,
                16.0
              ],
              "autoUv":false
            },
            "down":{
              "texture":"#wood",
              "uv":[
                21.0,
                16.0,
                20.0,
                12.999998092651367
              ],
              "autoUv":false,
              "rotation":180
            }
          },
          "children":[]
        },
        {
          "name":"handle_fine 11",
          "from":[
            -2.4179652333259583,
            6.50019446015358,
            -2.434364289045334
          ],
          "to":[
            -1.659312903881073,
            7.49980553984642,
            -1.7663616240024567
          ],
          "rotationOrigin":[
            -2.0386390686035156,
            7.0,
            -2.1003629565238953
          ],
          "rotationX":6.346844621770826e-12,
          "rotationY":-14.06470675587004,
          "rotationZ":-179.9998957259296,
          "group":"Fine",
          "faces":{
            "north":{
              "texture":"#wood",
              "uv":[
                21.0,
                13.000587463378906,
                20.0,
                15.99941635131836
              ],
              "autoUv":false,
              "rotation":180
            },
            "east":{
              "texture":"#wood",
              "uv":[
                0.0,
                32.0,
                0.0,
                32.0
              ],
              "autoUv":false,
              "rotation":180
            },
            "south":{
              "texture":"#wood",
              "uv":[
                20.0,
                13.000589370727539,
                21.0,
                15.99941635131836
              ],
              "autoUv":false,
              "rotation":180
            },
            "west":{
              "texture":"#wood",
              "uv":[
                0.0,
                32.0,
                0.0,
                32.0
              ],
              "autoUv":false
            },
            "up":{
              "texture":"#wood",
              "uv":[
                23.0,
                12.999998092651367,
                22.0,
                16.0
              ],
              "autoUv":false
            },
            "down":{
              "texture":"#wood",
              "uv":[
                23.0,
                16.0,
                22.0,
                12.999998092651367
              ],
              "autoUv":false,
              "rotation":180
            }
          },
          "children":[]
        },
        {
          "name":"handle_fine 12",
          "from":[
            -1.1749231219291687,
            6.620673626661301,
            -1.946490615606308
          ],
          "to":[
            -0.1753118634223938,
            7.379326164722443,
            -1.2784883081912994
          ],
          "rotationOrigin":[
            -0.6751174926757812,
            7.0,
            -1.612489402294159
          ],
          "rotationX":-7.686801194150958e-06,
          "rotationY":154.6852475673814,
          "rotationZ":90.00000933466734,
          "group":"Fine",
          "faces":{
            "north":{
              "texture":"#wood",
              "uv":[
                22.0,
                13.000589370727539,
                23.0,
                15.99941635131836
              ],
              "autoUv":false,
              "rotation":270
            },
            "east":{
              "texture":"#wood",
              "uv":[
                24.0,
                12.999998092651367,
                25.0,
                16.0
              ],
              "autoUv":false,
              "rotation":270
            },
            "south":{
              "texture":"#wood",
              "uv":[
                24.0,
                13.000587463378906,
                21.999998092651367,
                15.99941635131836
              ],
              "autoUv":false,
              "rotation":90
            },
            "west":{
              "texture":"#wood",
              "uv":[
                25.0,
                12.999998092651367,
                24.0,
                16.0
              ],
              "autoUv":false,
              "rotation":90
            },
            "up":{
              "texture":"#wood",
              "uv":[
                0.0,
                32.0,
                0.0,
                32.0
              ],
              "autoUv":false,
              "rotation":270
            },
            "down":{
              "texture":"#wood",
              "uv":[
                0.0,
                32.0,
                0.0,
                32.0
              ],
              "autoUv":false,
              "rotation":90
            }
          },
          "children":[]
        },
        {
          "name":"handle_fine 13",
          "from":[
            0.06722155213356018,
            6.62067374587059,
            -1.2019824981689453
          ],
          "to":[
            1.0668326318264008,
            7.37932625412941,
            -0.5339797735214233
          ],
          "rotationOrigin":[
            0.5670270919799805,
            7.0,
            -0.8679811358451843
          ],
          "rotationX":8.564440501399256e-06,
          "rotationY":143.43522932507506,
          "rotationZ":89.999995674289,
          "group":"Fine",
          "faces":{
            "north":{
              "texture":"#wood",
              "uv":[
                25.0,
                13.000589370727539,
                26.0,
                15.99941635131836
              ],
              "autoUv":false,
              "rotation":270
            },
            "east":{
              "texture":"#wood",
              "uv":[
                26.0,
                12.999998092651367,
                27.0,
                16.0
              ],
              "autoUv":false,
              "rotation":270
            },
            "south":{
              "texture":"#wood",
              "uv":[
                27.0,
                13.000587463378906,
                26.0,
                15.99941635131836
              ],
              "autoUv":false,
              "rotation":90
            },
            "west":{
              "texture":"#wood",
              "uv":[
                27.0,
                12.999998092651367,
                26.0,
                16.0
              ],
              "autoUv":false,
              "rotation":90
            },
            "up":{
              "texture":"#wood",
              "uv":[
                0.0,
                32.0,
                0.0,
                32.0
              ],
              "autoUv":false,
              "rotation":270
            },
            "down":{
              "texture":"#wood",
              "uv":[
                0.0,
                32.0,
                0.0,
                32.0
              ],
              "autoUv":false,
              "rotation":90
            }
          },
          "children":[]
        },
        {
          "name":"handle_fine 14",
          "from":[
            1.134186565876007,
            6.627555310726166,
            -0.23454079031944275
          ],
          "to":[
            2.133797824382782,
            7.372444689273834,
            0.43346163630485535
          ],
          "rotationOrigin":[
            1.6339921951293945,
            7.0,
            0.0994604229927063
          ],
          "rotationX":2.7126059915780525e-05,
          "rotationY":132.02000246712444,
          "rotationZ":89.99995469315398,
          "group":"Fine",
          "faces":{
            "north":{
              "texture":"#wood",
              "uv":[
                26.999998092651367,
                13.000589370727539,
                28.0,
                15.99941635131836
              ],
              "autoUv":false,
              "rotation":270
            },
            "east":{
              "texture":"#wood",
              "uv":[
                28.0,
                12.999998092651367,
                29.0,
                16.0
              ],
              "autoUv":false,
              "rotation":270
            },
            "south":{
              "texture":"#wood",
              "uv":[
                30.000001907348633,
                13.000587463378906,
                28.000001907348633,
                15.99941635131836
              ],
              "autoUv":false,
              "rotation":90
            },
            "west":{
              "texture":"#wood",
              "uv":[
                29.0,
                12.999998092651367,
                28.0,
                16.0
              ],
              "autoUv":false,
              "rotation":90
            },
            "up":{
              "texture":"#wood",
              "uv":[
                0.0,
                32.0,
                0.0,
                32.0
              ],
              "autoUv":false,
              "rotation":270
            },
            "down":{
              "texture":"#wood",
              "uv":[
                0.0,
                32.0,
                0.0,
                32.0
              ],
              "autoUv":false,
              "rotation":90
            }
          },
          "children":[]
        },
        {
          "name":"handle_fine 15",
          "from":[
            -9.801210463047028,
            6.627554774284363,
            -0.2345418632030487
          ],
          "to":[
            -8.801210343837738,
            7.372445225715637,
            0.4334608018398285
          ],
          "rotationOrigin":[
            -9.301210403442383,
            7.0,
            0.09945946931838989
          ],
          "rotationX":1.6117031040878938e-05,
          "rotationY":47.980026447493984,
          "rotationZ":-90.0000161648565,
          "group":"Fine",
          "faces":{
            "north":{
              "texture":"#wood",
              "uv":[
                7.0,
                13.000005722045898,
                5.0,
                16.0
              ],
              "autoUv":false,
              "rotation":90
            },
            "east":{
              "texture":"#wood",
              "uv":[
                12.0,
                12.999998092651367,
                11.0,
                16.0
              ],
              "autoUv":false,
              "rotation":90
            },
            "south":{
              "texture":"#wood",
              "uv":[
                7.0,
                13.000005722045898,
                8.0,
                16.0
              ],
              "autoUv":false,
              "rotation":270
            },
            "west":{
              "texture":"#wood",
              "uv":[
                11.0,
                12.999998092651367,
                12.0,
                16.0
              ],
              "autoUv":false,
              "rotation":270
            },
            "up":{
              "texture":"#wood",
              "uv":[
                0.0,
                32.0,
                0.0,
                32.0
              ],
              "autoUv":false,
              "rotation":90
            },
            "down":{
              "texture":"#wood",
              "uv":[
                0.0,
                32.0,
                0.0,
                32.0
              ],
              "autoUv":false,
              "rotation":270
            }
          },
          "children":[]
        },
        {
          "name":"handle_fine 16",
          "from":[
            -8.734244346618652,
            6.620673269033432,
            -1.2019831836223602
          ],
          "to":[
            -7.734244346618652,
            7.379326730966568,
            -0.5339800417423248
          ],
          "rotationOrigin":[
            -8.234244346618652,
            7.0,
            -0.8679816126823425
          ],
          "rotationX":2.2787907906230052e-05,
          "rotationY":36.56485081596215,
          "rotationZ":-90.00002299504568,
          "group":"Fine",
          "faces":{
            "north":{
              "texture":"#wood",
              "uv":[
                9.0,
                13.000005722045898,
                8.0,
                16.0
              ],
              "autoUv":false,
              "rotation":90
            },
            "east":{
              "texture":"#wood",
              "uv":[
                14.0,
                12.999998092651367,
                13.0,
                16.0
              ],
              "autoUv":false,
              "rotation":90
            },
            "south":{
              "texture":"#wood",
              "uv":[
                9.0,
                13.000005722045898,
                10.0,
                16.0
              ],
              "autoUv":false,
              "rotation":270
            },
            "west":{
              "texture":"#wood",
              "uv":[
                13.0,
                12.999998092651367,
                14.0,
                16.0
              ],
              "autoUv":false,
              "rotation":270
            },
            "up":{
              "texture":"#wood",
              "uv":[
                0.0,
                32.0,
                0.0,
                32.0
              ],
              "autoUv":false,
              "rotation":90
            },
            "down":{
              "texture":"#wood",
              "uv":[
                0.0,
                32.0,
                0.0,
                32.0
              ],
              "autoUv":false,
              "rotation":270
            }
          },
          "children":[]
        },
        {
          "name":"handle_fine 17",
          "from":[
            -7.492100775241852,
            6.620673626661301,
            -1.946492224931717
          ],
          "to":[
            -6.492100656032562,
            7.379326373338699,
            -1.2784894406795502
          ],
          "rotationOrigin":[
            -6.992100715637207,
            7.0,
            -1.6124908328056335
          ],
          "rotationX":-4.682821137938314e-06,
          "rotationY":25.31485989441249,
          "rotationZ":-89.99997518372149,
          "group":"Fine",
          "faces":{
            "north":{
              "texture":"#wood",
              "uv":[
                12.999999046325684,
                13.000005722045898,
                10.999998092651367,
                16.0
              ],
              "autoUv":false,
              "rotation":90
            },
            "east":{
              "texture":"#wood",
              "uv":[
                16.0,
                12.999998092651367,
                15.0,
                16.0
              ],
              "autoUv":false,
              "rotation":90
            },
            "south":{
              "texture":"#wood",
              "uv":[
                12.0,
                13.000005722045898,
                14.0,
                16.0
              ],
              "autoUv":false,
              "rotation":270
            },
            "west":{
              "texture":"#wood",
              "uv":[
                15.0,
                12.999998092651367,
                16.0,
                16.0
              ],
              "autoUv":false,
              "rotation":270
            },
            "up":{
              "texture":"#wood",
              "uv":[
                0.0,
                32.0,
                0.0,
                32.0
              ],
              "autoUv":false,
              "rotation":90
            },
            "down":{
              "texture":"#wood",
              "uv":[
                0.0,
                32.0,
                0.0,
                32.0
              ],
              "autoUv":false,
              "rotation":270
            }
          },
          "children":[]
        },
        {
          "name":"handle_fine 18",
          "from":[
            -6.128578245639801,
            6.620673418045044,
            -2.4343634843826294
          ],
          "to":[
            -5.1285781264305115,
            7.379326522350311,
            -1.7663605213165283
          ],
          "rotationOrigin":[
            -5.628578186035156,
            7.0,
            -2.100362002849579
          ],
          "rotationX":-8.655697688764056e-06,
          "rotationY":-165.93519750779603,
          "rotationZ":-89.999995674289,
          "group":"Fine",
          "faces":{
            "north":{
              "texture":"#wood",
              "uv":[
                15.0,
                13.000005722045898,
                16.0,
                16.0
              ],
              "autoUv":false,
              "rotation":90
            },
            "east":{
              "texture":"#wood",
              "uv":[
                18.0,
                12.999998092651367,
                17.0,
                16.0
              ],
              "autoUv":false,
              "rotation":270
            },
            "south":{
              "texture":"#wood",
              "uv":[
                16.0,
                13.000005722045898,
                15.0,
                16.0
              ],
              "autoUv":false,
              "rotation":270
            },
            "west":{
              "texture":"#wood",
              "uv":[
                17.0,
                12.999998092651367,
                18.0,
                16.0
              ],
              "autoUv":false,
              "rotation":90
            },
            "up":{
              "texture":"#wood",
              "uv":[
                0.0,
                32.0,
                0.0,
                32.0
              ],
              "autoUv":false,
              "rotation":270
            },
            "down":{
              "texture":"#wood",
              "uv":[
                0.0,
                32.0,
                0.0,
                32.0
              ],
              "autoUv":false,
              "rotation":90
            }
          },
          "children":[]
        },
        {
          "name":"handle_fine 19",
          "from":[
            -4.69607549905777,
            6.620673894882202,
            -2.6468517780303955
          ],
          "to":[
            -3.6960753798484802,
            7.379326105117798,
            -1.9788485765457153
          ],
          "rotationOrigin":[
            -4.196075439453125,
            7.0,
            -2.3128501772880554
          ],
          "rotationX":1.456470031282966e-06,
          "rotationY":2.8147943814958323,
          "rotationZ":-89.99998884409983,
          "group":"Fine",
          "faces":{
            "north":{
              "texture":"#wood",
              "uv":[
                18.0,
                13.000005722045898,
                17.0,
                16.0
              ],
              "autoUv":false,
              "rotation":90
            },
            "east":{
              "texture":"#wood",
              "uv":[
                20.0,
                12.999998092651367,
                19.0,
                16.0
              ],
              "autoUv":false,
              "rotation":90
            },
            "south":{
              "texture":"#wood",
              "uv":[
                17.0,
                13.000005722045898,
                18.0,
                16.0
              ],
              "autoUv":false,
              "rotation":270
            },
            "west":{
              "texture":"#wood",
              "uv":[
                19.0,
                12.999998092651367,
                20.0,
                16.0
              ],
              "autoUv":false,
              "rotation":270
            },
            "up":{
              "texture":"#wood",
              "uv":[
                0.0,
                32.0,
                0.0,
                32.0
              ],
              "autoUv":false,
              "rotation":90
            },
            "down":{
              "texture":"#wood",
              "uv":[
                0.0,
                32.0,
                0.0,
                32.0
              ],
              "autoUv":false,
              "rotation":270
            }
          },
          "children":[]
        },
        {
          "name":"handle_fine 20",
          "from":[
            -3.2496442794799805,
            6.620673626661301,
            -2.5757901072502136
          ],
          "to":[
            -2.2496442794799805,
            7.379326373338699,
            -1.907787024974823
          ],
          "rotationOrigin":[
            -2.7496442794799805,
            7.0,
            -2.2417885661125183
          ],
          "rotationX":-9.677441669297853e-07,
          "rotationY":-8.435316922137952,
          "rotationZ":-90.00000250447816,
          "group":"Fine",
          "faces":{
            "north":{
              "texture":"#wood",
              "uv":[
                20.0,
                13.000005722045898,
                19.0,
                16.0
              ],
              "autoUv":false,
              "rotation":90
            },
            "east":{
              "texture":"#wood",
              "uv":[
                22.0,
                12.999998092651367,
                21.0,
                16.0
              ],
              "autoUv":false,
              "rotation":90
            },
            "south":{
              "texture":"#wood",
              "uv":[
                19.0,
                13.000005722045898,
                20.0,
                16.0
              ],
              "autoUv":false,
              "rotation":270
            },
            "west":{
              "texture":"#wood",
              "uv":[
                21.0,
                12.999998092651367,
                22.0,
                16.0
              ],
              "autoUv":false,
              "rotation":270
            },
            "up":{
              "texture":"#wood",
              "uv":[
                0.0,
                32.0,
                0.0,
                32.0
              ],
              "autoUv":false,
              "rotation":90
            },
            "down":{
              "texture":"#wood",
              "uv":[
                0.0,
                32.0,
                0.0,
                32.0
              ],
              "autoUv":false,
              "rotation":270
            }
          },
          "children":[]
        },
        {
          "name":"handle_fine 21",
          "from":[
            -1.8448668122291565,
            6.620673775672913,
            -2.2239109873771667
          ],
          "to":[
            -0.8448666930198669,
            7.379326224327087,
            -1.5559079051017761
          ],
          "rotationOrigin":[
            -1.3448667526245117,
            7.0,
            -1.8899094462394714
          ],
          "rotationX":-6.2138980256064305e-06,
          "rotationY":-19.685180631414323,
          "rotationZ":-89.99998201391065,
          "group":"Fine",
          "faces":{
            "north":{
              "texture":"#wood",
              "uv":[
                22.000003814697266,
                13.000005722045898,
                21.0,
                16.0
              ],
              "autoUv":false,
              "rotation":90
            },
            "east":{
              "texture":"#wood",
              "uv":[
                24.0,
                12.999998092651367,
                23.0,
                16.0
              ],
              "autoUv":false,
              "rotation":90
            },
            "south":{
              "texture":"#wood",
              "uv":[
                21.0,
                13.000005722045898,
                22.0,
                16.0
              ],
              "autoUv":false,
              "rotation":270
            },
            "west":{
              "texture":"#wood",
              "uv":[
                23.0,
                12.999998092651367,
                24.0,
                16.0
              ],
              "autoUv":false,
              "rotation":270
            },
            "up":{
              "texture":"#wood",
              "uv":[
                0.0,
                32.0,
                0.0,
                32.0
              ],
              "autoUv":false,
              "rotation":90
            },
            "down":{
              "texture":"#wood",
              "uv":[
                0.0,
                32.0,
                0.0,
                32.0
              ],
              "autoUv":false,
              "rotation":270
            }
          },
          "children":[]
        },
        {
          "name":"handle_fine 22",
          "from":[
            -0.535734236240387,
            6.620673626661301,
            -1.6047320663928986
          ],
          "to":[
            0.4642658829689026,
            7.379326373338699,
            -0.9367292821407318
          ],
          "rotationOrigin":[
            -0.03573417663574219,
            7.0,
            -1.2707306742668152
          ],
          "rotationX":-6.783380361543591e-06,
          "rotationY":-30.935268883159658,
          "rotationZ":-90.00000250447816,
          "group":"Fine",
          "faces":{
            "north":{
              "texture":"#wood",
              "uv":[
                26.0,
                13.000005722045898,
                24.0,
                16.0
              ],
              "autoUv":false,
              "rotation":90
            },
            "east":{
              "texture":"#wood",
              "uv":[
                26.0,
                12.999998092651367,
                25.0,
                16.0
              ],
              "autoUv":false,
              "rotation":90
            },
            "south":{
              "texture":"#wood",
              "uv":[
                23.0,
                13.000005722045898,
                25.0,
                16.0
              ],
              "autoUv":false,
              "rotation":270
            },
            "west":{
              "texture":"#wood",
              "uv":[
                25.0,
                12.999998092651367,
                26.0,
                16.0
              ],
              "autoUv":false,
              "rotation":270
            },
            "up":{
              "texture":"#wood",
              "uv":[
                0.0,
                32.0,
                0.0,
                32.0
              ],
              "autoUv":false,
              "rotation":90
            },
            "down":{
              "texture":"#wood",
              "uv":[
                0.0,
                32.0,
                0.0,
                32.0
              ],
              "autoUv":false,
              "rotation":270
            }
          },
          "children":[]
        },
        {
          "name":"handle_fine 23",
          "from":[
            0.748125284910202,
            6.5,
            -0.7420520186424255
          ],
          "to":[
            1.506778508424759,
            7.5,
            -0.07404941320419312
          ],
          "rotationOrigin":[
            1.1274518966674805,
            7.0,
            -0.4080507159233093
          ],
          "rotationY":137.81473495896327,
          "group":"Fine",
          "faces":{
            "north":{
              "texture":"#wood",
              "uv":[
                26.0,
                13.000005722045898,
                26.999998092651367,
                16.0
              ],
              "autoUv":false
            },
            "east":{
              "texture":"#wood",
              "uv":[
                0.0,
                32.0,
                0.0,
                32.0
              ],
              "autoUv":false
            },
            "south":{
              "texture":"#wood",
              "uv":[
                28.0,
                13.000005722045898,
                26.999998092651367,
                16.0
              ],
              "autoUv":false
            },
            "west":{
              "texture":"#wood",
              "uv":[
                0.0,
                32.0,
                0.0,
                32.0
              ],
              "autoUv":false,
              "rotation":180
            },
            "up":{
              "texture":"#wood",
              "uv":[
                27.0,
                12.999998092651367,
                28.0,
                16.0
              ],
              "autoUv":false,
              "rotation":180
            },
            "down":{
              "texture":"#wood",
              "uv":[
                27.0,
                16.0,
                28.0,
                12.999998092651367
              ],
              "autoUv":false
            }
          },
          "children":[]
        },
        {
          "name":"handle_fine 24",
          "from":[
            1.7117571234703064,
            6.5,
            0.2815858721733093
          ],
          "to":[
            2.3764405846595764,
            7.5,
            0.9495882391929626
          ],
          "rotationOrigin":[
            2.0440988540649414,
            7.0,
            0.615587055683136
          ],
          "rotationX":179.99981376365957,
          "rotationY":55.5395193114186,
          "rotationZ":0.00015194412970525204,
          "group":"Fine",
          "faces":{
            "north":{
              "texture":"#wood",
              "uv":[
                28.0,
                13.000005722045898,
                29.0,
                16.0
              ],
              "autoUv":false,
              "rotation":180
            },
            "east":{
              "texture":"#wood",
              "uv":[
                0.0,
                32.0,
                0.0,
                32.0
              ],
              "autoUv":false
            },
            "south":{
              "texture":"#wood",
              "uv":[
                31.0,
                13.000005722045898,
                30.0,
                16.0
              ],
              "autoUv":false,
              "rotation":180
            },
            "west":{
              "texture":"#wood",
              "uv":[
                0.0,
                32.0,
                0.0,
                32.0
              ],
              "autoUv":false,
              "rotation":180
            },
            "up":{
              "texture":"#wood",
              "uv":[
                30.0,
                12.999998092651367,
                29.0,
                16.0
              ],
              "autoUv":false,
              "rotation":180
            },
            "down":{
              "texture":"#wood",
              "uv":[
                30.0,
                16.0,
                29.0,
                12.999998092651367
              ],
              "autoUv":false
            }
          },
          "children":[]
        }
      ]
    }
  ],
  "groups":[]
}