{
	"editor": {
		"allAngles": true,
		"entityTextureMode": false
	},
	"textureWidth": 16,
	"textureHeight": 16,
	"textureSizes": {
	},
	"textures": {
		"metal": "game:block/metal/ingot/iron"
	},
	"elements": [
		{
			"name": "origin",
			"from": [ 18.0, 0.5, 8.0 ],
			"to": [ 18.0, 0.5, 8.0 ],
			"rotationOrigin": [ 8.0, 0.0, 8.0 ],
			"faces": {
				"north": { "texture": "#metal", "uv": [ 0.0, 0.0, 0.5, 0.5 ] },
				"east": { "texture": "#metal", "uv": [ 0.0, 0.0, 0.5, 0.5 ] },
				"south": { "texture": "#metal", "uv": [ 0.0, 0.0, 0.5, 0.5 ] },
				"west": { "texture": "#metal", "uv": [ 0.0, 0.0, 0.5, 0.5 ] },
				"up": { "texture": "#metal", "uv": [ 0.0, 0.0, 0.5, 0.5 ] },
				"down": { "texture": "#metal", "uv": [ 0.0, 0.0, 0.5, 0.5 ] }
			},
			"children": [
				{
					"name": "socket",
					"from": [ -9.2, -0.7, -0.2 ],
					"to": [ -6.2, 1.2, 1.7 ],
					"rotationOrigin": [ -9.2, -0.7, -0.2 ],
					"rotationY": 90.0,
					"faces": {
						"north": { "texture": "#metal", "uv": [ 6.5, 5.5, 9.5, 7.0 ] },
						"east": { "texture": "#metal", "uv": [ 1.0, 2.0, 2.5, 3.5 ] },
						"south": { "texture": "#metal", "uv": [ 14.5, 5.0, 16.0, 8.0 ], "rotation": 90 },
						"west": { "texture": "#metal", "uv": [ 6.0, 2.0, 7.5, 3.5 ] },
						"up": { "texture": "#metal", "uv": [ 12.5, 4.0, 14.0, 7.0 ], "rotation": 90 },
						"down": { "texture": "#metal", "uv": [ 3.0, 6.0, 6.0, 7.5 ] }
					},
					"children": [
						{
							"name": "Bladeneck",
							"from": [ 0.0, 0.7, -1.5 ],
							"to": [ 3.0, 1.2, 0.0 ],
							"rotationOrigin": [ 1.5, 0.7, 1.1 ],
							"faces": {
								"north": { "texture": "#metal", "uv": [ 1.0, 5.0, 4.0, 5.5 ] },
								"east": { "texture": "#metal", "uv": [ 2.0, 5.0, 3.5, 5.5 ] },
								"south": { "texture": "#metal", "uv": [ 2.0, 7.0, 5.0, 7.5 ] },
								"west": { "texture": "#metal", "uv": [ 2.0, 6.0, 3.5, 6.5 ] },
								"up": { "texture": "#metal", "uv": [ 1.5, 3.0, 3.0, 6.0 ], "rotation": 90 },
								"down": { "texture": "#metal", "uv": [ 7.5, 5.5, 10.5, 7.0 ] }
							}
						},
						{
							"name": "haftstraps",
							"from": [ -5.0, 0.7, 0.1 ],
							"to": [ 0.0, 1.2, 1.8 ],
							"rotationOrigin": [ -3.5, 0.7, 2.7 ],
							"faces": {
								"north": { "texture": "#metal", "uv": [ 7.0, 11.0, 7.5, 16.0 ], "rotation": 90 },
								"east": { "texture": "#metal", "uv": [ 2.0, 5.0, 3.5, 5.5 ] },
								"south": { "texture": "#metal", "uv": [ 6.0, 9.5, 6.5, 14.5 ], "rotation": 90 },
								"west": { "texture": "#metal", "uv": [ 2.0, 6.0, 3.5, 6.5 ] },
								"up": { "texture": "#metal", "uv": [ 5.0, 10.0, 6.5, 15.0 ], "rotation": 90 },
								"down": { "texture": "#metal", "uv": [ 5.0, 10.5, 10.0, 12.0 ] }
							}
						},
						{
							"name": "Blademiddle",
							"from": [ -0.5, 0.9, -3.5 ],
							"to": [ 3.0, 1.1, -1.5 ],
							"rotationOrigin": [ 1.0, 0.9, -0.9 ],
							"faces": {
								"north": { "texture": "#metal", "uv": [ 1.0, 5.0, 4.5, 5.5 ] },
								"east": { "texture": "#metal", "uv": [ 2.0, 5.0, 4.0, 5.5 ] },
								"south": { "texture": "#metal", "uv": [ 2.0, 7.0, 5.5, 7.5 ] },
								"west": { "texture": "#metal", "uv": [ 2.0, 6.0, 4.0, 6.5 ] },
								"up": { "texture": "#metal", "uv": [ 1.5, 6.0, 3.5, 9.5 ], "rotation": 270 },
								"down": { "texture": "#metal", "uv": [ 8.0, 3.5, 11.5, 5.5 ] }
							}
						},
						{
							"name": "Bladebeard1",
							"from": [ -1.5, 0.9, -3.5 ],
							"to": [ -0.5, 1.1, -1.5 ],
							"rotationOrigin": [ -0.5, 0.9, -3.5 ],
							"rotationY": 10.0,
							"rotationZ": 1.0,
							"faces": {
								"north": { "texture": "#metal", "uv": [ 1.0, 5.0, 2.0, 5.5 ] },
								"east": { "texture": "#metal", "uv": [ 2.0, 5.0, 4.0, 5.5 ] },
								"south": { "texture": "#metal", "uv": [ 2.0, 7.0, 3.0, 7.5 ] },
								"west": { "texture": "#metal", "uv": [ 2.0, 6.0, 4.0, 6.5 ] },
								"up": { "texture": "#metal", "uv": [ 12.5, 2.0, 14.5, 3.0 ], "rotation": 90 },
								"down": { "texture": "#metal", "uv": [ 3.0, 3.0, 4.0, 5.0 ] }
							},
							"children": [
								{
									"name": "Bladebeard2",
									"from": [ -0.75, -0.001, 0.0 ],
									"to": [ 0.05, 0.199, 1.5 ],
									"rotationOrigin": [ -0.0195, 0.0, 0.1233 ],
									"rotationY": 10.0,
									"faces": {
										"north": { "texture": "#metal", "uv": [ 1.0, 5.0, 1.5, 5.5 ] },
										"east": { "texture": "#metal", "uv": [ 2.0, 5.0, 3.5, 5.5 ] },
										"south": { "texture": "#metal", "uv": [ 2.0, 7.0, 2.5, 7.5 ] },
										"west": { "texture": "#metal", "uv": [ 2.0, 6.0, 3.5, 6.5 ] },
										"up": { "texture": "#metal", "uv": [ 3.0, 9.5, 4.5, 10.0 ], "rotation": 90 },
										"down": { "texture": "#metal", "uv": [ 3.0, 3.0, 3.5, 4.5 ] }
									},
									"children": [
										{
											"name": "Bladebeard3",
											"from": [ -0.5364, 0.05, 0.0 ],
											"to": [ 0.0636, 0.15, 1.0 ],
											"rotationOrigin": [ 0.0275, 0.05, 0.1814 ],
											"rotationY": 10.0,
											"faces": {
												"north": { "texture": "#metal", "uv": [ 1.0, 5.0, 1.5, 5.5 ] },
												"east": { "texture": "#metal", "uv": [ 2.0, 5.0, 3.0, 5.5 ] },
												"south": { "texture": "#metal", "uv": [ 2.0, 7.0, 2.5, 7.5 ] },
												"west": { "texture": "#metal", "uv": [ 2.0, 6.0, 3.0, 6.5 ] },
												"up": { "texture": "#metal", "uv": [ 3.0, 9.5, 4.0, 10.0 ], "rotation": 90 },
												"down": { "texture": "#metal", "uv": [ 3.0, 3.0, 3.5, 4.0 ] }
											}
										}
									]
								}
							]
						},
						{
							"name": "Bladehorn1",
							"from": [ 3.0, 0.9, -3.5 ],
							"to": [ 3.5, 1.1, -0.5 ],
							"rotationOrigin": [ 3.0, 0.9, -3.5 ],
							"rotationY": -10.0,
							"rotationZ": -1.0,
							"faces": {
								"north": { "texture": "#metal", "uv": [ 1.0, 5.0, 1.5, 5.5 ] },
								"east": { "texture": "#metal", "uv": [ 2.0, 5.0, 5.0, 5.5 ] },
								"south": { "texture": "#metal", "uv": [ 2.0, 7.0, 2.5, 7.5 ] },
								"west": { "texture": "#metal", "uv": [ 2.0, 6.0, 5.0, 6.5 ] },
								"up": { "texture": "#metal", "uv": [ 11.0, 13.0, 14.0, 13.5 ], "rotation": 90 },
								"down": { "texture": "#metal", "uv": [ 3.0, 3.0, 3.5, 6.0 ] }
							},
							"children": [
								{
									"name": "Bladehorn2",
									"from": [ 0.41, 0.05, 0.0117 ],
									"to": [ 0.91, 0.15, 1.0117 ],
									"rotationOrigin": [ 0.4098, 0.0, 0.0117 ],
									"rotationY": -10.0,
									"faces": {
										"north": { "texture": "#metal", "uv": [ 1.0, 5.0, 1.5, 5.5 ] },
										"east": { "texture": "#metal", "uv": [ 2.0, 5.0, 3.0, 5.5 ] },
										"south": { "texture": "#metal", "uv": [ 2.0, 7.0, 2.5, 7.5 ] },
										"west": { "texture": "#metal", "uv": [ 2.0, 6.0, 3.0, 6.5 ] },
										"up": { "texture": "#metal", "uv": [ 3.0, 9.5, 4.0, 10.0 ], "rotation": 90 },
										"down": { "texture": "#metal", "uv": [ 3.0, 3.0, 3.5, 4.0 ] }
									}
								}
							]
						}
					]
				}
			]
		}
	]}