{
	"editor": {
		"allAngles": false,
		"entityTextureMode": false
	},
	"textureWidth": 16,
	"textureHeight": 8,
	"textureSizes": {
	},
	"textures": {
		"metal": "game:item/tool/material/iron"
	},
	"elements": [
		{
			"name": "Cube1",
			"from": [ 7.0, 0.0, 6.0 ],
			"to": [ 9.0, 2.0, 10.0 ],
			"rotationOrigin": [ 8.0, 0.0, 8.0 ],
			"rotationY": 90.0,
			"faces": {
				"north": { "texture": "#metal", "uv": [ 1.0, 5.0, 3.0, 7.0 ] },
				"east": { "texture": "#metal", "uv": [ 2.0, 1.0, 6.0, 3.0 ] },
				"south": { "texture": "#metal", "uv": [ 2.0, 3.0, 4.0, 5.0 ] },
				"west": { "texture": "#metal", "uv": [ 1.0, 5.0, 5.0, 7.0 ] },
				"up": { "texture": "#metal", "uv": [ 5.0, 2.0, 7.0, 6.0 ] },
				"down": { "texture": "#metal", "uv": [ 1.0, 3.0, 3.0, 7.0 ] }
			}
		}
	]}