{
	"editor": {
		"allAngles": true,
		"entityTextureMode": false
	},
	"textureWidth": 16,
	"textureHeight": 16,
	"textureSizes": {
	},
	"textures": {
		"metal": "game:block/metal/ingot/copper"
	},
	"elements": [
		{
			"name": "origin",
			"from": [ 9.5, 0.5, 7.7 ],
			"to": [ 9.5, 0.5, 7.7 ],
			"rotationOrigin": [ 8.0, 0.0, 8.0 ],
			"faces": {
				"north": { "texture": "#metal", "uv": [ 0.0, 0.0, 0.5, 0.5 ] },
				"east": { "texture": "#metal", "uv": [ 0.0, 0.0, 0.5, 0.5 ] },
				"south": { "texture": "#metal", "uv": [ 0.0, 0.0, 0.5, 0.5 ] },
				"west": { "texture": "#metal", "uv": [ 0.0, 0.0, 0.5, 0.5 ] },
				"up": { "texture": "#metal", "uv": [ 0.0, 0.0, 0.5, 0.5 ] },
				"down": { "texture": "#metal", "uv": [ 0.0, 0.0, 0.5, 0.5 ] }
			},
			"children": [
				{
					"name": "socket",
					"from": [ -2.6, -0.8, 0.0 ],
					"to": [ -1.6, 1.3, 3.3 ],
					"rotationOrigin": [ -2.6, -0.8, 0.0 ],
					"rotationY": 90.0,
					"faces": {
						"north": { "texture": "#metal", "uv": [ 7.0, 3.0, 8.0, 5.0 ] },
						"east": { "texture": "#metal", "uv": [ 1.0, 2.0, 4.0, 4.0 ] },
						"south": { "texture": "#metal", "uv": [ 6.0, 4.0, 7.0, 6.0 ] },
						"west": { "texture": "#metal", "uv": [ 6.0, 2.0, 9.0, 4.0 ] },
						"up": { "texture": "#metal", "uv": [ 9.0, 4.0, 10.0, 7.0 ] },
						"down": { "texture": "#metal", "uv": [ 4.0, 7.0, 5.0, 10.0 ] }
					},
					"children": [
						{
							"name": "socket18",
							"from": [ -1.5, 0.2, 0.8 ],
							"to": [ 0.0, 1.9, 2.5 ],
							"rotationOrigin": [ -1.5, 0.2, 0.8 ],
							"faces": {
								"north": { "texture": "#metal", "uv": [ 7.0, 3.0, 8.5, 4.5 ] },
								"east": { "texture": "#metal", "uv": [ 1.0, 2.0, 2.5, 3.5 ] },
								"south": { "texture": "#metal", "uv": [ 6.0, 4.0, 7.5, 5.5 ] },
								"west": { "texture": "#metal", "uv": [ 6.0, 2.0, 7.5, 3.5 ] },
								"up": { "texture": "#metal", "uv": [ 9.0, 4.0, 10.5, 5.5 ] },
								"down": { "texture": "#metal", "uv": [ 4.0, 7.0, 5.5, 8.5 ] }
							}
						},
						{
							"name": "Blade",
							"from": [ 0.0, -0.2, -3.3 ],
							"to": [ 0.5, 2.3, 0.7 ],
							"rotationOrigin": [ 0.0, 1.5, -0.2 ],
							"rotationY": 22.5,
							"faces": {
								"north": { "texture": "#metal", "uv": [ 7.0, 3.0, 7.5, 5.5 ] },
								"east": { "texture": "#metal", "uv": [ 11.0, 2.0, 15.0, 4.5 ] },
								"south": { "texture": "#metal", "uv": [ 6.0, 4.0, 6.5, 6.5 ] },
								"west": { "texture": "#metal", "uv": [ 4.0, 4.0, 8.0, 6.5 ] },
								"up": { "texture": "#metal", "uv": [ 9.0, 8.0, 9.5, 12.0 ] },
								"down": { "texture": "#metal", "uv": [ 4.0, 3.0, 4.5, 7.0 ] }
							}
						},
						{
							"name": "hornD",
							"from": [ 0.1, 0.1, 3.2 ],
							"to": [ 0.6, 0.6, 4.7 ],
							"rotationOrigin": [ 0.1, 0.3, 3.2 ],
							"rotationX": -2.0,
							"rotationY": -5.0,
							"rotationZ": 0.0,
							"faces": {
								"east": { "texture": "#metal", "uv": [ 1.0, 2.0, 2.5, 2.5 ] },
								"south": { "texture": "#metal", "uv": [ 6.0, 4.0, 6.5, 4.5 ] },
								"west": { "texture": "#metal", "uv": [ 6.0, 2.0, 7.5, 2.5 ] },
								"up": { "texture": "#metal", "uv": [ 9.0, 8.0, 9.5, 9.5 ] },
								"down": { "texture": "#metal", "uv": [ 4.0, 3.0, 4.5, 4.5 ] }
							},
							"children": [
								{
									"name": "Cube1",
									"from": [ 0.1, 0.2, 1.4 ],
									"to": [ 0.4, 0.5, 2.4 ],
									"rotationOrigin": [ 0.1, 0.2, 1.4 ],
									"rotationX": -3.0,
									"rotationY": -5.0,
									"faces": {
										"north": { "texture": "#metal", "uv": [ 0.0, 0.0, 0.5, 0.5 ] },
										"east": { "texture": "#metal", "uv": [ 0.0, 0.0, 1.0, 0.5 ] },
										"south": { "texture": "#metal", "uv": [ 0.0, 0.0, 0.5, 0.5 ] },
										"west": { "texture": "#metal", "uv": [ 0.0, 0.0, 1.0, 0.5 ] },
										"up": { "texture": "#metal", "uv": [ 0.0, 0.0, 0.5, 1.0 ] },
										"down": { "texture": "#metal", "uv": [ 0.0, 0.0, 0.5, 1.0 ] }
									}
								}
							]
						},
						{
							"name": "hornU",
							"from": [ 0.1, 1.5, 3.2 ],
							"to": [ 0.6, 2.0, 4.7 ],
							"rotationOrigin": [ 0.1, 1.8, 3.2 ],
							"rotationX": 2.0,
							"rotationY": -5.0,
							"rotationZ": 0.0,
							"faces": {
								"east": { "texture": "#metal", "uv": [ 1.0, 2.0, 2.5, 2.5 ] },
								"south": { "texture": "#metal", "uv": [ 6.0, 4.0, 6.5, 4.5 ] },
								"west": { "texture": "#metal", "uv": [ 6.0, 2.0, 7.5, 2.5 ] },
								"up": { "texture": "#metal", "uv": [ 9.0, 8.0, 9.5, 9.5 ] },
								"down": { "texture": "#metal", "uv": [ 4.0, 3.0, 4.5, 4.5 ] }
							},
							"children": [
								{
									"name": "Cube15",
									"from": [ 0.1, 0.0, 1.4 ],
									"to": [ 0.4, 0.3, 2.4 ],
									"rotationOrigin": [ 0.1, 0.0, 1.4 ],
									"rotationX": 3.0,
									"rotationY": -5.0,
									"faces": {
										"north": { "texture": "#metal", "uv": [ 0.0, 0.0, 0.5, 0.5 ] },
										"east": { "texture": "#metal", "uv": [ 0.0, 0.0, 1.0, 0.5 ] },
										"south": { "texture": "#metal", "uv": [ 0.0, 0.0, 0.5, 0.5 ] },
										"west": { "texture": "#metal", "uv": [ 0.0, 0.0, 1.0, 0.5 ] },
										"up": { "texture": "#metal", "uv": [ 0.0, 0.0, 0.5, 1.0 ] },
										"down": { "texture": "#metal", "uv": [ 0.0, 0.0, 0.5, 1.0 ] }
									}
								}
							]
						}
					]
				}
			]
		}
	]}