{
	"editor": {
		"collapsedPaths": "",
		"allAngles": false,
		"entityTextureMode": false
	},
	"textureWidth": 16,
	"textureHeight": 16,
	"textureSizes": {
	},
	"textures": {
		"metal": "game:block/metal/ingot/copper"
	},
	"elements": [
		{
			"name": "origin",
			"from": [ 10.0, 0.5, 7.7 ],
			"to": [ 10.0, 0.5, 7.7 ],
			"rotationOrigin": [ 8.0, 0.0, 8.0 ],
			"faces": {
				"north": { "texture": "#metal", "uv": [ 0.0, 0.0, 0.5, 0.5 ] },
				"east": { "texture": "#metal", "uv": [ 0.0, 0.0, 0.5, 0.5 ] },
				"south": { "texture": "#metal", "uv": [ 0.0, 0.0, 0.5, 0.5 ] },
				"west": { "texture": "#metal", "uv": [ 0.0, 0.0, 0.5, 0.5 ] },
				"up": { "texture": "#metal", "uv": [ 0.0, 0.0, 0.5, 0.5 ] },
				"down": { "texture": "#metal", "uv": [ 0.0, 0.0, 0.5, 0.5 ] }
			},
			"children": [
				{
					"name": "segment main",
					"from": [ -1.5, -0.8, 1.0 ],
					"to": [ 0.5, 1.2, 3.5 ],
					"rotationOrigin": [ -1.5, -0.8, 1.0 ],
					"rotationY": 90.0,
					"faces": {
						"north": { "texture": "#metal", "uv": [ 7.0, 3.0, 9.0, 5.0 ] },
						"east": { "texture": "#metal", "uv": [ 1.0, 2.0, 3.5, 4.0 ] },
						"south": { "texture": "#metal", "uv": [ 6.0, 4.0, 8.0, 6.0 ] },
						"west": { "texture": "#metal", "uv": [ 6.0, 2.0, 8.5, 4.0 ] },
						"up": { "texture": "#metal", "uv": [ 6.0, 7.5, 8.5, 9.5 ], "rotation": 90 },
						"down": { "texture": "#metal", "uv": [ 4.0, 3.0, 6.0, 5.5 ] }
					},
					"children": [
						{
							"name": "segment 1",
							"from": [ 0.2, 0.5, -2.3 ],
							"to": [ 1.7, 1.5, 0.2 ],
							"rotationOrigin": [ 1.2, 0.5, 0.7 ],
							"faces": {
								"north": { "texture": "#metal", "uv": [ 1.0, 5.0, 2.5, 6.0 ] },
								"east": { "texture": "#metal", "uv": [ 2.0, 5.0, 4.5, 6.0 ] },
								"south": { "texture": "#metal", "uv": [ 2.0, 7.0, 3.5, 8.0 ] },
								"west": { "texture": "#metal", "uv": [ 2.0, 6.0, 4.5, 7.0 ] },
								"up": { "texture": "#metal", "uv": [ 7.0, 3.5, 8.5, 6.0 ] },
								"down": { "texture": "#metal", "uv": [ 3.0, 3.0, 4.5, 5.5 ] }
							}
						},
						{
							"name": "segment 2",
							"from": [ 0.5, 0.8, -3.7 ],
							"to": [ 1.5, 1.3, -2.2 ],
							"rotationOrigin": [ 1.0, 1.3, -1.7 ],
							"rotationX": -1.0,
							"rotationY": 10.0,
							"rotationZ": 0.0,
							"faces": {
								"north": { "texture": "#metal", "uv": [ 0.0, 0.0, 1.0, 0.5 ] },
								"east": { "texture": "#metal", "uv": [ 0.0, 0.0, 1.5, 0.5 ] },
								"south": { "texture": "#metal", "uv": [ 0.0, 0.0, 1.0, 0.5 ] },
								"west": { "texture": "#metal", "uv": [ 0.0, 0.0, 1.5, 0.5 ] },
								"up": { "texture": "#metal", "uv": [ 0.0, 0.0, 1.0, 1.5 ] },
								"down": { "texture": "#metal", "uv": [ 0.0, 0.0, 1.0, 1.5 ] }
							}
						},
						{
							"name": "segment 2 tip",
							"from": [ 0.1, 0.7, -5.1 ],
							"to": [ 0.6, 1.2, -3.6 ],
							"rotationOrigin": [ 0.6, 1.2, -4.1 ],
							"rotationY": 30.0,
							"faces": {
								"north": { "texture": "#metal", "uv": [ 0.0, 0.0, 0.5, 0.5 ] },
								"east": { "texture": "#metal", "uv": [ 0.0, 0.0, 1.5, 0.5 ] },
								"south": { "texture": "#metal", "uv": [ 0.0, 0.0, 0.5, 0.5 ] },
								"west": { "texture": "#metal", "uv": [ 0.0, 0.0, 1.5, 0.5 ] },
								"up": { "texture": "#metal", "uv": [ 0.0, 0.0, 0.5, 1.5 ] },
								"down": { "texture": "#metal", "uv": [ 0.0, 0.0, 0.5, 1.5 ] }
							}
						},
						{
							"name": "segment 4",
							"from": [ 0.2, 0.5, 2.5 ],
							"to": [ 1.7, 1.5, 3.0 ],
							"rotationOrigin": [ 1.2, 0.5, 2.5 ],
							"faces": {
								"north": { "texture": "#metal", "uv": [ 1.0, 5.0, 2.5, 6.0 ] },
								"east": { "texture": "#metal", "uv": [ 2.0, 5.0, 2.5, 6.0 ] },
								"south": { "texture": "#metal", "uv": [ 2.0, 7.0, 3.5, 8.0 ] },
								"west": { "texture": "#metal", "uv": [ 2.0, 6.0, 2.5, 7.0 ] },
								"up": { "texture": "#metal", "uv": [ 5.5, 11.0, 6.0, 12.5 ], "rotation": 90 },
								"down": { "texture": "#metal", "uv": [ 3.0, 3.0, 4.5, 3.5 ] }
							}
						}
					]
				}
			]
		}
	]}