{
	"editor": {
		"allAngles": false,
		"entityTextureMode": false
	},
	"textureWidth": 16,
	"textureHeight": 16,
	"textureSizes": {
	},
	"textures": {
		"stone": "game:block/stone/rock/andesite1"
	},
	"elements": [
		{
			"name": "origin",
			"from": [ 25.0, 0.5, 8.0 ],
			"to": [ 25.0, 0.5, 8.0 ],
			"rotationOrigin": [ 8.0, 0.0, 8.0 ],
			"faces": {
			},
			"children": [
				{
					"name": "holder",
					"from": [ -18.0, -0.3, 1.3 ],
					"to": [ -16.5, 0.7, 3.3 ],
					"rotationOrigin": [ -18.0, -0.3, 1.3 ],
					"rotationY": 90.0,
					"faces": {
						"north": { "texture": "#stone", "uv": [ 7.0, 3.0, 8.5, 4.0 ] },
						"east": { "texture": "#stone", "uv": [ 1.0, 2.0, 3.0, 3.0 ] },
						"south": { "texture": "#stone", "uv": [ 6.0, 4.0, 7.5, 5.0 ] },
						"west": { "texture": "#stone", "uv": [ 6.0, 2.0, 8.0, 3.0 ] },
						"up": { "texture": "#stone", "uv": [ 6.0, 7.5, 8.0, 9.0 ], "rotation": 90 },
						"down": { "texture": "#stone", "uv": [ 4.0, 3.0, 5.5, 5.0 ] }
					},
					"children": [
						{
							"name": "Blade base 1",
							"from": [ -0.5, 0.2, -1.0 ],
							"to": [ 5.0, 0.7, 1.0 ],
							"rotationOrigin": [ 1.0, 0.2, 1.5 ],
							"rotationX": 4.0,
							"faces": {
								"north": { "texture": "#stone", "uv": [ 1.0, 5.0, 6.5, 5.5 ] },
								"east": { "texture": "#stone", "uv": [ 2.0, 5.0, 4.0, 5.5 ] },
								"south": { "texture": "#stone", "uv": [ 2.0, 7.0, 7.5, 7.5 ] },
								"west": { "texture": "#stone", "uv": [ 2.0, 6.0, 4.0, 6.5 ] },
								"up": { "texture": "#stone", "uv": [ 7.0, 7.5, 9.0, 13.0 ], "rotation": 90 },
								"down": { "texture": "#stone", "uv": [ 4.5, 8.5, 10.0, 10.5 ] }
							},
							"children": [
								{
									"name": "Cube27",
									"from": [ 1.0, 0.0, -0.5 ],
									"to": [ 5.0, 0.5, 0.0 ],
									"rotationOrigin": [ 1.0, 0.0, -0.5 ],
									"faces": {
										"north": { "texture": "#stone", "uv": [ 0.0, 0.0, 4.0, 0.5 ] },
										"east": { "texture": "#stone", "uv": [ 0.0, 0.0, 0.5, 0.5 ] },
										"south": { "texture": "#stone", "uv": [ 0.0, 0.0, 4.0, 0.5 ] },
										"west": { "texture": "#stone", "uv": [ 0.0, 0.0, 0.5, 0.5 ] },
										"up": { "texture": "#stone", "uv": [ 0.0, 0.0, 4.0, 0.5 ] },
										"down": { "texture": "#stone", "uv": [ 0.0, 0.0, 4.0, 0.5 ] }
									}
								}
							]
						},
						{
							"name": "Blade base 2",
							"from": [ -0.5, 0.2, 0.9 ],
							"to": [ 5.0, 0.7, 2.9 ],
							"rotationOrigin": [ 1.0, 0.2, 1.0 ],
							"rotationX": -4.0,
							"faces": {
								"north": { "texture": "#stone", "uv": [ 1.0, 5.0, 6.5, 5.5 ] },
								"east": { "texture": "#stone", "uv": [ 2.0, 5.0, 4.0, 5.5 ] },
								"south": { "texture": "#stone", "uv": [ 2.0, 7.0, 7.5, 7.5 ] },
								"west": { "texture": "#stone", "uv": [ 2.0, 6.0, 4.0, 6.5 ] },
								"up": { "texture": "#stone", "uv": [ 2.0, 9.5, 4.0, 15.0 ], "rotation": 90 },
								"down": { "texture": "#stone", "uv": [ 3.0, 3.0, 8.5, 5.0 ] }
							},
							"children": [
								{
									"name": "Cube1",
									"from": [ 1.0, 0.0, 2.0 ],
									"to": [ 5.0, 0.5, 2.5 ],
									"rotationOrigin": [ 1.0, 0.0, 2.0 ],
									"faces": {
										"north": { "texture": "#stone", "uv": [ 0.0, 0.0, 4.0, 0.5 ] },
										"east": { "texture": "#stone", "uv": [ 0.0, 0.0, 0.5, 0.5 ] },
										"south": { "texture": "#stone", "uv": [ 0.0, 0.0, 4.0, 0.5 ] },
										"west": { "texture": "#stone", "uv": [ 0.0, 0.0, 0.5, 0.5 ] },
										"up": { "texture": "#stone", "uv": [ 0.0, 0.0, 4.0, 0.5 ] },
										"down": { "texture": "#stone", "uv": [ 0.0, 0.0, 4.0, 0.5 ] }
									}
								}
							]
						},
						{
							"name": "Blade holder",
							"from": [ -2.5, 0.0, -0.3 ],
							"to": [ -1.0, 1.0, 2.3 ],
							"rotationOrigin": [ -1.0, 0.0, 2.6 ],
							"faces": {
								"north": { "texture": "#stone", "uv": [ 1.0, 5.0, 2.5, 6.0 ] },
								"east": { "texture": "#stone", "uv": [ 2.0, 5.0, 4.5, 6.0 ] },
								"south": { "texture": "#stone", "uv": [ 2.0, 7.0, 3.5, 8.0 ] },
								"west": { "texture": "#stone", "uv": [ 2.0, 6.0, 4.5, 7.0 ] },
								"up": { "texture": "#stone", "uv": [ 7.0, 7.5, 9.5, 9.0 ], "rotation": 90 },
								"down": { "texture": "#stone", "uv": [ 4.5, 8.5, 6.0, 11.0 ] }
							}
						},
						{
							"name": "Blade holder 2",
							"from": [ -1.0, 0.0, 0.0 ],
							"to": [ 0.5, 1.2, 2.0 ],
							"rotationOrigin": [ 0.5, 0.0, 2.9 ],
							"faces": {
								"north": { "texture": "#stone", "uv": [ 1.0, 5.0, 2.5, 6.0 ] },
								"east": { "texture": "#stone", "uv": [ 2.0, 5.0, 4.0, 6.0 ] },
								"south": { "texture": "#stone", "uv": [ 2.0, 7.0, 3.5, 8.0 ] },
								"west": { "texture": "#stone", "uv": [ 2.0, 6.0, 4.0, 7.0 ] },
								"up": { "texture": "#stone", "uv": [ 7.0, 7.5, 9.0, 9.0 ], "rotation": 90 },
								"down": { "texture": "#stone", "uv": [ 4.5, 8.5, 6.0, 10.5 ] }
							}
						}
					]
				}
			]
		}
	]}