{
	"editor": {
		"backDropShape": "C:/Users/Jesus/Documents/VintageMod/MyShapes/CHARmod/dwarf-faceless",
		"allAngles": false,
		"entityTextureMode": true
	},
	"textureWidth": 64,
	"textureHeight": 64,
	"textureSizes": {
	},
	"textures": {
	},
	"elements": [
		{
			"name": "ArmorUpperLegR",
			"stepParentName": "UpperFootR",
			"from": [ -0.2, -0.5, -0.3 ],
			"to": [ 4.4, 4.0, 3.5 ],
			"autoUnwrap": false,
			"uv": [ 16.0, 33.0 ],
			"rotationOrigin": [ -0.2, -0.5, -0.3 ],
			"faces": {
				"north": { "texture": "#blackguard", "uv": [ 16.0, 36.5, 20.5, 41.0 ] },
				"east": { "texture": "#blackguard", "uv": [ 28.5, 36.5, 32.0, 41.0 ] },
				"south": { "texture": "#blackguard", "uv": [ 24.0, 36.5, 28.5, 41.0 ] },
				"west": { "texture": "#blackguard", "uv": [ 20.5, 36.5, 24.0, 41.0 ] },
				"up": { "texture": "#blackguard", "uv": [ 16.0, 33.0, 20.5, 36.5 ] },
				"down": { "texture": "#blackguard", "uv": [ 24.0, 33.0, 28.5, 36.5 ] }
			}
		},
		{
			"name": "ArmorUpperLegL",
			"stepParentName": "UpperFootL",
			"from": [ -0.2, -0.5, -0.3 ],
			"to": [ 4.4, 4.0, 3.5 ],
			"autoUnwrap": false,
			"uv": [ 0.0, 33.0 ],
			"rotationOrigin": [ -0.2, -0.5, -0.3 ],
			"faces": {
				"north": { "texture": "#blackguard", "uv": [ 0.0, 36.5, 4.5, 41.0 ] },
				"east": { "texture": "#blackguard", "uv": [ 12.5, 36.5, 16.0, 41.0 ] },
				"south": { "texture": "#blackguard", "uv": [ 8.0, 36.5, 12.5, 41.0 ] },
				"west": { "texture": "#blackguard", "uv": [ 4.5, 36.5, 8.0, 41.0 ] },
				"up": { "texture": "#blackguard", "uv": [ 0.0, 33.0, 4.5, 36.5 ] },
				"down": { "texture": "#blackguard", "uv": [ 8.0, 33.0, 12.5, 36.5 ] }
			}
		},
		{
			"name": "ArmorLowerLegR",
			"stepParentName": "LowerFootR",
			"from": [ -0.3, -0.2, -0.25 ],
			"to": [ 4.2, 6.3, 3.25 ],
			"autoUnwrap": false,
			"uv": [ 16.0, 44.0 ],
			"rotationOrigin": [ -0.3, -0.2, -0.4 ],
			"faces": {
				"north": { "texture": "#blackguard", "uv": [ 16.0, 47.5, 20.5, 54.0 ] },
				"east": { "texture": "#blackguard", "uv": [ 28.5, 47.5, 32.0, 54.0 ] },
				"south": { "texture": "#blackguard", "uv": [ 24.0, 47.5, 28.5, 54.0 ] },
				"west": { "texture": "#blackguard", "uv": [ 20.5, 47.5, 24.0, 54.0 ] },
				"up": { "texture": "#blackguard", "uv": [ 16.0, 44.0, 20.5, 47.5 ] },
				"down": { "texture": "#blackguard", "uv": [ 24.0, 44.0, 28.5, 47.5 ] }
			}
		},
		{
			"name": "ArmorLowerLegL",
			"stepParentName": "LowerFootL",
			"from": [ -0.3, -0.2, -0.25 ],
			"to": [ 4.2, 6.3, 3.25 ],
			"autoUnwrap": false,
			"uv": [ 0.0, 44.0 ],
			"rotationOrigin": [ -0.3, -0.2, -0.4 ],
			"faces": {
				"north": { "texture": "#blackguard", "uv": [ 0.0, 47.5, 4.5, 54.0 ] },
				"east": { "texture": "#blackguard", "uv": [ 12.5, 47.5, 16.0, 54.0 ] },
				"south": { "texture": "#blackguard", "uv": [ 8.0, 47.5, 12.5, 54.0 ] },
				"west": { "texture": "#blackguard", "uv": [ 4.5, 47.5, 8.0, 54.0 ] },
				"up": { "texture": "#blackguard", "uv": [ 0.0, 44.0, 4.5, 47.5 ] },
				"down": { "texture": "#blackguard", "uv": [ 8.0, 44.0, 12.5, 47.5 ] }
			},
			"children": [
				{
					"name": "ArmorLowerLegKnee",
					"from": [ -0.6, 4.9, -0.2 ],
					"to": [ 2.4, 6.9, 3.6 ],
					"autoUnwrap": false,
					"uv": [ 43.0, 33.5 ],
					"rotationOrigin": [ -0.6, 7.9, -0.2 ],
					"faces": {
						"north": { "texture": "#blackguard", "uv": [ 17.5, 57.0, 20.5, 59.0 ] },
						"east": { "texture": "#blackguard", "uv": [ 27.0, 57.0, 30.5, 59.0 ] },
						"south": { "texture": "#blackguard", "uv": [ 24.0, 57.0, 27.0, 59.0 ] },
						"west": { "texture": "#blackguard", "uv": [ 20.5, 57.0, 24.0, 59.0 ] },
						"up": { "texture": "#blackguard", "uv": [ 10.5, 57.0, 14.0, 60.0 ], "rotation": 90 },
						"down": { "texture": "#blackguard", "uv": [ 14.0, 57.0, 17.5, 60.0 ], "rotation": 270 }
					}
				}
			]
		}
	]}