[
  {
    "ingredientPattern": "K,P",
    "ingredients": {
      "K": { "type": "item", "code": "game:knife-*", "isTool": true },
      "P": { "type": "item", "code": "potato-raw", "quantity": 8 }
    },
    "width": 1,
    "height": 2,
    "output": { "type": "item", "code": "seeds-potato", "quantity": 1 }
  },
  {
    "ingredientPattern": "K,P",
    "ingredients": {
      "K": { "type": "item", "code": "game:cleaver-*", "isTool": true },
      "P": { "type": "item", "code": "potato-raw", "quantity": 8 }
    },
    "width": 1,
    "height": 2,
    "output": { "type": "item", "code": "seeds-potato", "quantity": 1 }
  }
]
