{
	"editor": {
		"allAngles": false,
		"entityTextureMode": false
	},
	"textureWidth": 16,
	"textureHeight": 16,
	"textureSizes": {
	},
	"textures": {
		"deco": "game:block/glass/vintage",
		"primary": "game:block/metal/sheet/chromium1",
		"secondary": "game:block/wood/planks/baldcypress1"
	},
	"elements": [
		{
			"name": "Base",
			"from": [ 0.0, 0.0, 0.0 ],
			"to": [ 16.0, 2.0, 12.0 ],
			"faces": {
				"north": { "texture": "#primary", "uv": [ 0.0, 0.0, 16.0, 2.0 ] },
				"east": { "texture": "#primary", "uv": [ 0.0, 0.0, 12.0, 2.0 ] },
				"south": { "texture": "#primary", "uv": [ 0.0, 0.0, 16.0, 2.0 ] },
				"west": { "texture": "#primary", "uv": [ 0.0, 0.0, 12.0, 2.0 ] },
				"down": { "texture": "#primary", "uv": [ 0.0, 0.0, 16.0, 12.0 ] }
			},
			"children": [
				{
					"name": "BackWall",
					"from": [ 0.0, 2.0, 0.0 ],
					"to": [ 16.0, 16.0, 6.0 ],
					"rotationOrigin": [ 0.0, 2.0, 0.0 ],
					"faces": {
						"north": { "texture": "#primary", "uv": [ 0.0, 0.0, 16.0, 14.0 ] },
						"east": { "texture": "#primary", "uv": [ 0.0, 0.0, 6.0, 14.0 ] },
						"south": { "texture": "#secondary", "uv": [ 0.0, 0.0, 16.0, 14.0 ] },
						"west": { "texture": "#primary", "uv": [ 0.0, 0.0, 6.0, 14.0 ] },
						"up": { "texture": "#primary", "uv": [ 0.0, 0.0, 16.0, 6.0 ] }
					}
				},
				{
					"name": "Roof",
					"from": [ 0.0, 15.0, 6.0 ],
					"to": [ 16.0, 16.0, 12.0 ],
					"rotationOrigin": [ 0.0, 15.0, 6.0 ],
					"faces": {
						"east": { "texture": "#primary", "uv": [ 0.0, 0.0, 6.0, 1.0 ] },
						"south": { "texture": "#primary", "uv": [ 0.0, 0.0, 16.0, 1.0 ] },
						"west": { "texture": "#primary", "uv": [ 0.0, 0.0, 6.0, 1.0 ] },
						"up": { "texture": "#primary", "uv": [ 0.0, 0.0, 16.0, 6.0 ] },
						"down": { "texture": "#secondary", "uv": [ 0.0, 0.0, 16.0, 6.0 ] }
					}
				},
				{
					"name": "LeftWall",
					"from": [ 0.0, 8.0, 6.0 ],
					"to": [ 2.0, 15.0, 12.0 ],
					"rotationOrigin": [ 0.0, 8.0, 6.0 ],
					"faces": {
						"east": { "texture": "#secondary", "uv": [ 0.0, 0.0, 6.0, 7.0 ] },
						"west": { "texture": "#primary", "uv": [ 0.0, 0.0, 6.0, 7.0 ] }
					},
					"children": [
						{
							"name": "GlassWallLeft",
							"from": [ 0.0, 1.0, 6.0 ],
							"to": [ 2.0, 6.0, 8.0 ],
							"rotationOrigin": [ 0.0, 1.0, 6.0 ],
							"faces": {
								"east": { "texture": "#primary", "uv": [ 0.0, 0.0, 2.0, 5.0 ] },
								"south": { "texture": "#primary", "uv": [ 0.0, 0.0, 2.0, 5.0 ] },
								"west": { "texture": "#primary", "uv": [ 0.0, 0.0, 2.0, 5.0 ] },
								"up": { "texture": "#primary", "uv": [ 0.0, 0.0, 2.0, 2.0 ] },
								"down": { "texture": "#primary", "uv": [ 0.0, 0.0, 2.0, 2.0 ] }
							},
							"children": [
								{
									"name": "Cube3",
									"from": [ 0.0, 5.0, 0.0 ],
									"to": [ 2.0, 6.0, 1.0 ],
									"rotationOrigin": [ 0.0, 5.0, 0.0 ],
									"faces": {
										"east": { "texture": "#primary", "uv": [ 0.0, 0.0, 1.0, 1.0 ] },
										"south": { "texture": "#primary", "uv": [ 0.0, 0.0, 2.0, 1.0 ] },
										"west": { "texture": "#primary", "uv": [ 0.0, 0.0, 1.0, 1.0 ] },
										"up": { "texture": "#primary", "uv": [ 0.0, 0.0, 2.0, 1.0 ] }
									}
								},
								{
									"name": "Cube4",
									"from": [ 0.0, -1.0, 0.0 ],
									"to": [ 2.0, 0.0, 1.0 ],
									"rotationOrigin": [ 0.0, -1.0, 0.0 ],
									"faces": {
										"east": { "texture": "#primary", "uv": [ 0.0, 0.0, 1.0, 1.0 ] },
										"south": { "texture": "#primary", "uv": [ 0.0, 0.0, 2.0, 1.0 ] },
										"west": { "texture": "#primary", "uv": [ 0.0, 0.0, 1.0, 1.0 ] },
										"down": { "texture": "#primary", "uv": [ 0.0, 0.0, 2.0, 1.0 ] }
									}
								}
							]
						}
					]
				},
				{
					"name": "CatchChute",
					"from": [ 3.0, 1.0, 12.0 ],
					"to": [ 6.0, 2.0, 16.0 ],
					"rotationOrigin": [ 4.5, 1.5, 12.0 ],
					"rotationX": -20.0,
					"faces": {
						"north": { "texture": "#primary", "uv": [ 0.0, 0.0, 3.0, 1.0 ] },
						"east": { "texture": "#primary", "uv": [ 0.0, 0.0, 4.0, 1.0 ] },
						"south": { "texture": "#primary", "uv": [ 0.0, 0.0, 3.0, 1.0 ] },
						"west": { "texture": "#primary", "uv": [ 0.0, 0.0, 4.0, 1.0 ] },
						"up": { "texture": "#primary", "uv": [ 0.0, 0.0, 3.0, 4.0 ] },
						"down": { "texture": "#primary", "uv": [ 0.0, 0.0, 3.0, 4.0 ] }
					},
					"children": [
						{
							"name": "Cube5",
							"from": [ 0.0, 0.0, 0.0 ],
							"to": [ 1.0, 2.0, 4.0 ],
							"rotationOrigin": [ 0.0, 0.0, 0.0 ],
							"rotationZ": 45.0,
							"faces": {
								"north": { "texture": "#primary", "uv": [ 0.0, 0.0, 1.0, 2.0 ] },
								"east": { "texture": "#primary", "uv": [ 0.0, 0.0, 4.0, 2.0 ] },
								"south": { "texture": "#primary", "uv": [ 0.0, 0.0, 1.0, 2.0 ] },
								"west": { "texture": "#primary", "uv": [ 0.0, 0.0, 4.0, 2.0 ] },
								"up": { "texture": "#primary", "uv": [ 0.0, 0.0, 1.0, 4.0 ] },
								"down": { "texture": "#primary", "uv": [ 0.0, 0.0, 1.0, 4.0 ] }
							}
						},
						{
							"name": "Cube6",
							"from": [ 2.0, 0.0, 0.0 ],
							"to": [ 3.0, 2.0, 4.0 ],
							"rotationOrigin": [ 3.0, 0.0, 0.0 ],
							"rotationZ": -45.0,
							"faces": {
								"north": { "texture": "#primary", "uv": [ 0.0, 0.0, 1.0, 2.0 ] },
								"east": { "texture": "#primary", "uv": [ 0.0, 0.0, 4.0, 2.0 ] },
								"south": { "texture": "#primary", "uv": [ 0.0, 0.0, 1.0, 2.0 ] },
								"west": { "texture": "#primary", "uv": [ 0.0, 0.0, 4.0, 2.0 ] },
								"up": { "texture": "#primary", "uv": [ 0.0, 0.0, 1.0, 4.0 ] },
								"down": { "texture": "#primary", "uv": [ 0.0, 0.0, 1.0, 4.0 ] }
							}
						}
					]
				},
				{
					"name": "BaseLeftChute",
					"from": [ 0.0, 2.0, 6.0 ],
					"to": [ 2.25, 6.0, 12.0 ],
					"rotationOrigin": [ 0.0, 2.0, 6.0 ],
					"faces": {
						"east": { "texture": "#primary", "uv": [ 0.0, 0.0, 6.0, 4.0 ] },
						"south": { "texture": "#primary", "uv": [ 0.0, 0.0, 2.0, 4.0 ] },
						"west": { "texture": "#primary", "uv": [ 0.0, 0.0, 6.0, 4.0 ] }
					}
				},
				{
					"name": "BaseRightChute",
					"from": [ 6.75, 2.0, 6.0 ],
					"to": [ 16.0, 6.0, 12.0 ],
					"rotationOrigin": [ 6.0, 2.0, 6.0 ],
					"faces": {
						"east": { "texture": "#primary", "uv": [ 0.0, 0.0, 6.0, 4.0 ] },
						"south": { "texture": "#primary", "uv": [ 0.0, 0.0, 9.0, 4.0 ] },
						"west": { "texture": "#primary", "uv": [ 0.0, 0.0, 6.0, 4.0 ] }
					}
				},
				{
					"name": "MidSection",
					"from": [ 0.0, 6.0, 6.0 ],
					"to": [ 16.0, 8.0, 12.0 ],
					"rotationOrigin": [ 0.0, 6.0, 6.0 ],
					"faces": {
						"east": { "texture": "#primary", "uv": [ 0.0, 0.0, 6.0, 2.0 ] },
						"south": { "texture": "#primary", "uv": [ 0.0, 0.0, 16.0, 2.0 ] },
						"west": { "texture": "#primary", "uv": [ 0.0, 0.0, 6.0, 2.0 ] },
						"up": { "texture": "#secondary", "uv": [ 0.0, 0.0, 16.0, 6.0 ] },
						"down": { "texture": "#primary", "uv": [ 0.0, 0.0, 16.0, 6.0 ] }
					},
					"children": [
						{
							"name": "Cube2",
							"from": [ 12.0, 6.0, 4.0 ],
							"to": [ 13.5, 7.5, 5.5 ],
							"rotationOrigin": [ 12.75, 6.75, 4.75 ],
							"rotationX": -45.0,
							"rotationY": -67.5,
							"rotationZ": 22.5,
							"faces": {
								"north": { "texture": "#gold", "uv": [ 0.0, 0.0, 1.5, 1.5 ] },
								"east": { "texture": "#gold", "uv": [ 0.0, 0.0, 1.5, 1.5 ] },
								"south": { "texture": "#gold", "uv": [ 0.0, 0.0, 1.5, 1.5 ] },
								"west": { "texture": "#gold", "uv": [ 0.0, 0.0, 1.5, 1.5 ] },
								"up": { "texture": "#gold", "uv": [ 0.0, 0.0, 1.5, 1.5 ] },
								"down": { "texture": "#gold", "uv": [ 0.0, 0.0, 1.5, 1.5 ] }
							}
						},
						{
							"name": "Cube9",
							"from": [ 7.0, 2.4, 1.0 ],
							"to": [ 8.5, 3.9, 2.5 ],
							"rotationOrigin": [ 7.75, 3.15, 1.75 ],
							"rotationX": 22.5,
							"rotationY": -45.0,
							"rotationZ": 67.5,
							"faces": {
								"north": { "texture": "#gold", "uv": [ 0.0, 0.0, 1.5, 1.5 ] },
								"east": { "texture": "#gold", "uv": [ 0.0, 0.0, 1.5, 1.5 ] },
								"south": { "texture": "#gold", "uv": [ 0.0, 0.0, 1.5, 1.5 ] },
								"west": { "texture": "#gold", "uv": [ 0.0, 0.0, 1.5, 1.5 ] },
								"up": { "texture": "#gold", "uv": [ 0.0, 0.0, 1.5, 1.5 ] },
								"down": { "texture": "#gold", "uv": [ 0.0, 0.0, 1.5, 1.5 ] }
							}
						},
						{
							"name": "Cube10",
							"from": [ 6.0, 5.0, 3.0 ],
							"to": [ 7.5, 6.5, 4.5 ],
							"rotationOrigin": [ 6.75, 5.75, 3.75 ],
							"rotationY": -112.5,
							"rotationZ": -67.5,
							"faces": {
								"north": { "texture": "#gold", "uv": [ 0.0, 0.0, 1.5, 1.5 ] },
								"east": { "texture": "#gold", "uv": [ 0.0, 0.0, 1.5, 1.5 ] },
								"south": { "texture": "#gold", "uv": [ 0.0, 0.0, 1.5, 1.5 ] },
								"west": { "texture": "#gold", "uv": [ 0.0, 0.0, 1.5, 1.5 ] },
								"up": { "texture": "#gold", "uv": [ 0.0, 0.0, 1.5, 1.5 ] },
								"down": { "texture": "#gold", "uv": [ 0.0, 0.0, 1.5, 1.5 ] }
							}
						},
						{
							"name": "Cube11",
							"from": [ 3.0, 4.0, 2.0 ],
							"to": [ 4.5, 5.5, 3.5 ],
							"rotationOrigin": [ 3.75, 4.75, 2.75 ],
							"rotationX": -67.5,
							"rotationY": 22.5,
							"rotationZ": -67.5,
							"faces": {
								"north": { "texture": "#gold", "uv": [ 0.0, 0.0, 1.5, 1.5 ] },
								"east": { "texture": "#gold", "uv": [ 0.0, 0.0, 1.5, 1.5 ] },
								"south": { "texture": "#gold", "uv": [ 0.0, 0.0, 1.5, 1.5 ] },
								"west": { "texture": "#gold", "uv": [ 0.0, 0.0, 1.5, 1.5 ] },
								"up": { "texture": "#gold", "uv": [ 0.0, 0.0, 1.5, 1.5 ] },
								"down": { "texture": "#gold", "uv": [ 0.0, 0.0, 1.5, 1.5 ] }
							}
						},
						{
							"name": "Cube12",
							"from": [ 9.0, 6.0, 1.0 ],
							"to": [ 10.5, 7.5, 2.5 ],
							"rotationOrigin": [ 9.75, 6.75, 1.75 ],
							"rotationX": -67.5,
							"rotationY": 67.5,
							"rotationZ": -22.5,
							"faces": {
								"north": { "texture": "#gold", "uv": [ 0.0, 0.0, 1.5, 1.5 ] },
								"east": { "texture": "#gold", "uv": [ 0.0, 0.0, 1.5, 1.5 ] },
								"south": { "texture": "#gold", "uv": [ 0.0, 0.0, 1.5, 1.5 ] },
								"west": { "texture": "#gold", "uv": [ 0.0, 0.0, 1.5, 1.5 ] },
								"up": { "texture": "#gold", "uv": [ 0.0, 0.0, 1.5, 1.5 ] },
								"down": { "texture": "#gold", "uv": [ 0.0, 0.0, 1.5, 1.5 ] }
							}
						},
						{
							"name": "Cube13",
							"from": [ 10.0, 3.0, 3.0 ],
							"to": [ 11.5, 4.5, 4.5 ],
							"rotationOrigin": [ 10.75, 3.75, 3.75 ],
							"rotationX": 22.5,
							"rotationY": -45.0,
							"rotationZ": 45.0,
							"faces": {
								"north": { "texture": "#gold", "uv": [ 0.0, 0.0, 1.5, 1.5 ] },
								"east": { "texture": "#gold", "uv": [ 0.0, 0.0, 1.5, 1.5 ] },
								"south": { "texture": "#gold", "uv": [ 0.0, 0.0, 1.5, 1.5 ] },
								"west": { "texture": "#gold", "uv": [ 0.0, 0.0, 1.5, 1.5 ] },
								"up": { "texture": "#gold", "uv": [ 0.0, 0.0, 1.5, 1.5 ] },
								"down": { "texture": "#gold", "uv": [ 0.0, 0.0, 1.5, 1.5 ] }
							}
						},
						{
							"name": "Cube14",
							"from": [ 8.0, 4.0, 5.0 ],
							"to": [ 9.5, 5.5, 6.5 ],
							"rotationOrigin": [ 8.75, 4.75, 5.75 ],
							"rotationX": 45.0,
							"rotationY": 45.0,
							"rotationZ": -90.0,
							"faces": {
								"north": { "texture": "#gold", "uv": [ 0.0, 0.0, 1.5, 1.5 ] },
								"east": { "texture": "#gold", "uv": [ 0.0, 0.0, 1.5, 1.5 ] },
								"south": { "texture": "#gold", "uv": [ 0.0, 0.0, 1.5, 1.5 ] },
								"west": { "texture": "#gold", "uv": [ 0.0, 0.0, 1.5, 1.5 ] },
								"up": { "texture": "#gold", "uv": [ 0.0, 0.0, 1.5, 1.5 ] },
								"down": { "texture": "#gold", "uv": [ 0.0, 0.0, 1.5, 1.5 ] }
							}
						},
						{
							"name": "Cube15",
							"from": [ 3.0, 3.0, 5.0 ],
							"to": [ 4.5, 4.5, 6.5 ],
							"rotationOrigin": [ 3.75, 3.75, 5.75 ],
							"rotationX": 22.5,
							"rotationY": -45.0,
							"rotationZ": 22.5,
							"faces": {
								"north": { "texture": "#gold", "uv": [ 0.0, 0.0, 1.5, 1.5 ] },
								"east": { "texture": "#gold", "uv": [ 0.0, 0.0, 1.5, 1.5 ] },
								"south": { "texture": "#gold", "uv": [ 0.0, 0.0, 1.5, 1.5 ] },
								"west": { "texture": "#gold", "uv": [ 0.0, 0.0, 1.5, 1.5 ] },
								"up": { "texture": "#gold", "uv": [ 0.0, 0.0, 1.5, 1.5 ] },
								"down": { "texture": "#gold", "uv": [ 0.0, 0.0, 1.5, 1.5 ] }
							}
						},
						{
							"name": "Cube16",
							"from": [ 5.0, 7.0, 2.0 ],
							"to": [ 6.5, 8.5, 3.5 ],
							"rotationOrigin": [ 5.75, 7.75, 2.75 ],
							"rotationX": -67.5,
							"rotationY": -67.5,
							"rotationZ": -45.0,
							"faces": {
								"north": { "texture": "#gold", "uv": [ 0.0, 0.0, 1.5, 1.5 ] },
								"east": { "texture": "#gold", "uv": [ 0.0, 0.0, 1.5, 1.5 ] },
								"south": { "texture": "#gold", "uv": [ 0.0, 0.0, 1.5, 1.5 ] },
								"west": { "texture": "#gold", "uv": [ 0.0, 0.0, 1.5, 1.5 ] },
								"up": { "texture": "#gold", "uv": [ 0.0, 0.0, 1.5, 1.5 ] },
								"down": { "texture": "#gold", "uv": [ 0.0, 0.0, 1.5, 1.5 ] }
							}
						},
						{
							"name": "Cube17",
							"from": [ 12.0, 4.0, 1.0 ],
							"to": [ 13.5, 5.5, 2.5 ],
							"rotationOrigin": [ 12.75, 4.75, 1.75 ],
							"rotationX": -45.0,
							"rotationY": 67.5,
							"rotationZ": 45.0,
							"faces": {
								"north": { "texture": "#gold", "uv": [ 0.0, 0.0, 1.5, 1.5 ] },
								"east": { "texture": "#gold", "uv": [ 0.0, 0.0, 1.5, 1.5 ] },
								"south": { "texture": "#gold", "uv": [ 0.0, 0.0, 1.5, 1.5 ] },
								"west": { "texture": "#gold", "uv": [ 0.0, 0.0, 1.5, 1.5 ] },
								"up": { "texture": "#gold", "uv": [ 0.0, 0.0, 1.5, 1.5 ] },
								"down": { "texture": "#gold", "uv": [ 0.0, 0.0, 1.5, 1.5 ] }
							}
						}
					]
				},
				{
					"name": "Ramp",
					"from": [ 2.0, 1.0, 5.0 ],
					"to": [ 7.0, 2.0, 12.0 ],
					"rotationOrigin": [ 2.0, 2.0, 12.0 ],
					"rotationX": 35.0,
					"faces": {
						"up": { "texture": "#secondary", "uv": [ 0.0, 0.0, 5.0, 7.0 ] }
					}
				},
				{
					"name": "CoinSlot",
					"from": [ 12.5, 2.5, 12.0 ],
					"to": [ 14.5, 3.0, 12.1 ],
					"rotationOrigin": [ 12.5, 2.5, 12.0 ],
					"faces": {
						"east": { "texture": "#secondary", "uv": [ 0.0, 0.0, 0.5, 0.5 ] },
						"south": { "texture": "#secondary", "uv": [ 0.0, 0.0, 2.0, 0.5 ] },
						"west": { "texture": "#secondary", "uv": [ 0.0, 0.0, 0.5, 0.5 ] },
						"up": { "texture": "#secondary", "uv": [ 0.0, 0.0, 2.0, 0.5 ] },
						"down": { "texture": "#secondary", "uv": [ 0.0, 0.0, 2.0, 0.5 ] }
					},
					"children": [
						{
							"name": "CoinSlot2",
							"from": [ 0.0, 3.0, 0.0 ],
							"to": [ 2.0, 3.5, 0.1 ],
							"rotationOrigin": [ 0.0, 3.0, 0.0 ],
							"faces": {
								"east": { "texture": "#secondary", "uv": [ 0.0, 0.0, 0.5, 0.5 ] },
								"south": { "texture": "#secondary", "uv": [ 0.0, 0.0, 2.0, 0.5 ] },
								"west": { "texture": "#secondary", "uv": [ 0.0, 0.0, 0.5, 0.5 ] },
								"up": { "texture": "#secondary", "uv": [ 0.0, 0.0, 2.0, 0.5 ] },
								"down": { "texture": "#secondary", "uv": [ 0.0, 0.0, 2.0, 0.5 ] }
							}
						},
						{
							"name": "CoinSlot3",
							"from": [ 0.0, 0.5, 0.0 ],
							"to": [ 0.5, 3.0, 0.1 ],
							"rotationOrigin": [ 0.0, 0.5, 0.0 ],
							"faces": {
								"east": { "texture": "#secondary", "uv": [ 0.0, 0.0, 0.5, 2.5 ] },
								"south": { "texture": "#secondary", "uv": [ 0.0, 0.0, 0.5, 2.5 ] },
								"west": { "texture": "#secondary", "uv": [ 0.0, 0.0, 0.5, 2.5 ] },
								"up": { "texture": "#secondary", "uv": [ 0.0, 0.0, 0.5, 0.5 ] },
								"down": { "texture": "#secondary", "uv": [ 0.0, 0.0, 0.5, 0.5 ] }
							}
						},
						{
							"name": "CoinSlot4",
							"from": [ 1.5, 0.5, 0.0 ],
							"to": [ 2.0, 3.0, 0.1 ],
							"rotationOrigin": [ 1.5, 0.5, 0.0 ],
							"faces": {
								"east": { "texture": "#secondary", "uv": [ 0.0, 0.0, 0.5, 2.5 ] },
								"south": { "texture": "#secondary", "uv": [ 0.0, 0.0, 0.5, 2.5 ] },
								"west": { "texture": "#secondary", "uv": [ 0.0, 0.0, 0.5, 2.5 ] },
								"up": { "texture": "#secondary", "uv": [ 0.0, 0.0, 0.5, 0.5 ] },
								"down": { "texture": "#secondary", "uv": [ 0.0, 0.0, 0.5, 0.5 ] }
							}
						}
					]
				},
				{
					"name": "Button",
					"from": [ 9.0, 3.25, 12.0 ],
					"to": [ 11.0, 5.25, 12.75 ],
					"rotationOrigin": [ 9.0, 3.2, 12.0 ],
					"faces": {
						"east": { "texture": "#secondary", "uv": [ 0.0, 0.0, 0.5, 2.0 ] },
						"south": { "texture": "#secondary", "uv": [ 0.0, 0.0, 2.0, 2.0 ] },
						"west": { "texture": "#secondary", "uv": [ 0.0, 0.0, 0.5, 2.0 ] },
						"up": { "texture": "#secondary", "uv": [ 0.0, 0.0, 2.0, 0.5 ] },
						"down": { "texture": "#secondary", "uv": [ 0.0, 0.0, 2.0, 0.5 ] }
					}
				},
				{
					"name": "RightWall",
					"from": [ 14.0, 8.0, 6.0 ],
					"to": [ 16.0, 15.0, 12.0 ],
					"rotationOrigin": [ 14.0, 8.0, 6.0 ],
					"faces": {
						"east": { "texture": "#primary", "uv": [ 0.0, 0.0, 6.0, 7.0 ] },
						"west": { "texture": "#secondary", "uv": [ 0.0, 0.0, 6.0, 7.0 ] }
					},
					"children": [
						{
							"name": "GlassWallLeft2",
							"from": [ 0.0, 1.0, 6.0 ],
							"to": [ 2.0, 6.0, 8.0 ],
							"rotationOrigin": [ 0.0, 1.0, 6.0 ],
							"faces": {
								"east": { "texture": "#primary", "uv": [ 0.0, 0.0, 2.0, 5.0 ] },
								"south": { "texture": "#primary", "uv": [ 0.0, 0.0, 2.0, 5.0 ] },
								"west": { "texture": "#primary", "uv": [ 0.0, 0.0, 2.0, 5.0 ] },
								"up": { "texture": "#primary", "uv": [ 0.0, 0.0, 2.0, 2.0 ] },
								"down": { "texture": "#primary", "uv": [ 0.0, 0.0, 2.0, 2.0 ] }
							},
							"children": [
								{
									"name": "Cube7",
									"from": [ 0.0, 5.0, 0.0 ],
									"to": [ 2.0, 6.0, 1.0 ],
									"rotationOrigin": [ 0.0, 5.0, 0.0 ],
									"faces": {
										"east": { "texture": "#primary", "uv": [ 0.0, 0.0, 1.0, 1.0 ] },
										"south": { "texture": "#primary", "uv": [ 0.0, 0.0, 2.0, 1.0 ] },
										"west": { "texture": "#primary", "uv": [ 0.0, 0.0, 1.0, 1.0 ] },
										"up": { "texture": "#primary", "uv": [ 0.0, 0.0, 2.0, 1.0 ] }
									}
								},
								{
									"name": "Cube8",
									"from": [ 0.0, -1.0, 0.0 ],
									"to": [ 2.0, 0.0, 1.0 ],
									"rotationOrigin": [ 0.0, -1.0, 0.0 ],
									"faces": {
										"east": { "texture": "#primary", "uv": [ 0.0, 0.0, 1.0, 1.0 ] },
										"south": { "texture": "#primary", "uv": [ 0.0, 0.0, 2.0, 1.0 ] },
										"west": { "texture": "#primary", "uv": [ 0.0, 0.0, 1.0, 1.0 ] },
										"down": { "texture": "#primary", "uv": [ 0.0, 0.0, 2.0, 1.0 ] }
									}
								}
							]
						}
					]
				},
				{
					"name": "Glass",
					"from": [ 2.0, 9.0, 13.0 ],
					"to": [ 14.0, 14.0, 14.0 ],
					"rotationOrigin": [ 2.0, 8.0, 13.0 ],
					"faces": {
						"south": { "texture": "#deco", "uv": [ 0.0, 0.0, 12.0, 5.0 ] },
						"up": { "texture": "#deco", "uv": [ 0.0, 0.0, 12.0, 1.0 ] },
						"down": { "texture": "#deco", "uv": [ 0.0, 0.0, 12.0, 1.0 ] }
					},
					"children": [
						{
							"name": "top",
							"from": [ 0.0, 5.0, -1.0 ],
							"to": [ 12.0, 6.0, 0.0 ],
							"rotationOrigin": [ 0.0, 5.0, -1.0 ],
							"faces": {
								"south": { "texture": "#deco", "uv": [ 0.0, 0.0, 12.0, 1.0 ] },
								"up": { "texture": "#deco", "uv": [ 0.0, 0.0, 12.0, 1.0 ] }
							}
						},
						{
							"name": "bottom",
							"from": [ 0.0, -1.0, -1.0 ],
							"to": [ 12.0, 0.0, 0.0 ],
							"rotationOrigin": [ 0.0, -1.0, -1.0 ],
							"faces": {
								"south": { "texture": "#deco", "uv": [ 0.0, 0.0, 12.0, 1.0 ] },
								"down": { "texture": "#deco", "uv": [ 0.0, 0.0, 12.0, 1.0 ] }
							}
						}
					]
				}
			]
		}
	]}