{
	"editor": {
		"backDropShape": "lupine",
		"collapsedPaths": "",
		"allAngles": true,
		"entityTextureMode": true
	},
	"textureWidth": 32,
	"textureHeight": 76,
	"textureSizes": {
		"fur-main": [32,76]
	},
	"textures": {
	},
	"elements": [
		{
			"name": "headbase",
			"stepParentName": "Head",
			"from": [ 0.0, 0.0, 0.0 ],
			"to": [ 1.0, 1.0, 1.0 ],
			"uv": [ 0.0, 0.0 ],
			"faces": {
				"north": { "texture": "#fur-main", "uv": [ 0.0, 1.0, 1.0, 2.0 ], "enabled": false },
				"east": { "texture": "#fur-main", "uv": [ 1.0, 1.0, 2.0, 2.0 ], "enabled": false },
				"south": { "texture": "#fur-main", "uv": [ 2.0, 1.0, 3.0, 2.0 ], "enabled": false },
				"west": { "texture": "#fur-main", "uv": [ 3.0, 1.0, 4.0, 2.0 ], "enabled": false },
				"up": { "texture": "#fur-main", "uv": [ 0.0, 0.0, 1.0, 1.0 ], "enabled": false },
				"down": { "texture": "#fur-main", "uv": [ 1.0, 0.0, 2.0, 1.0 ], "enabled": false }
			},
			"children": [
				{
					"name": "Cube2",
					"from": [ 5.0, 1.75, 0.25 ],
					"to": [ 8.0, 3.75, 4.25 ],
					"unwrapMode": 5,
					"autoUnwrap": false,
					"uv": [ 26.0, 50.0 ],
					"rotationOrigin": [ 5.0, 3.75, 0.25 ],
					"rotationZ": -10.0,
					"faces": {
						"north": { "texture": "#fur-main", "uv": [ 6.0, 26.0, 8.0, 29.0 ], "rotation": 90 },
						"east": { "texture": "#fur-main", "uv": [ 28.0, 53.0, 30.0, 57.0 ], "rotation": 90, "enabled": false },
						"south": { "texture": "#fur-main", "uv": [ 0.0, 26.0, 2.0, 29.0 ], "rotation": 270 },
						"west": { "texture": "#fur-main", "uv": [ 26.0, 53.0, 28.0, 57.0 ], "rotation": 270, "enabled": false },
						"up": { "texture": "#fur-main", "uv": [ 2.0, 26.0, 6.0, 29.0 ], "rotation": 270 },
						"down": { "texture": "#fur-main", "uv": [ 28.0, 53.0, 31.0, 57.0 ], "enabled": false }
					}
				},
				{
					"name": "Cube5",
					"from": [ 5.0, 0.5, 0.5 ],
					"to": [ 7.5, 2.5, 4.0 ],
					"unwrapMode": 5,
					"autoUnwrap": false,
					"uv": [ 26.0, 50.0 ],
					"rotationOrigin": [ 5.0, 2.5, 0.5 ],
					"rotationZ": -20.0,
					"faces": {
						"north": { "texture": "#fur-main", "uv": [ 5.5, 23.5, 7.5, 26.0 ], "rotation": 90 },
						"east": { "texture": "#fur-main", "uv": [ 28.0, 53.0, 30.0, 56.5 ], "rotation": 90, "enabled": false },
						"south": { "texture": "#fur-main", "uv": [ 0.0, 23.5, 2.0, 26.0 ], "rotation": 270 },
						"west": { "texture": "#fur-main", "uv": [ 26.0, 53.0, 28.0, 56.5 ], "rotation": 270, "enabled": false },
						"up": { "texture": "#fur-main", "uv": [ 2.0, 23.5, 5.5, 26.0 ], "rotation": 270 },
						"down": { "texture": "#fur-main", "uv": [ 28.0, 53.0, 30.5, 56.5 ], "enabled": false }
					}
				},
				{
					"name": "Cube6",
					"from": [ 5.0, -0.5, 1.0 ],
					"to": [ 7.0, 1.5, 3.5 ],
					"unwrapMode": 5,
					"autoUnwrap": false,
					"uv": [ 26.0, 50.0 ],
					"rotationOrigin": [ 5.0, 1.5, 1.0 ],
					"rotationZ": -30.0,
					"faces": {
						"north": { "texture": "#fur-main", "uv": [ 4.5, 21.5, 6.5, 23.5 ], "rotation": 90 },
						"east": { "texture": "#fur-main", "uv": [ 28.0, 53.0, 30.0, 55.5 ], "rotation": 90, "enabled": false },
						"south": { "texture": "#fur-main", "uv": [ 0.0, 21.5, 2.0, 23.5 ], "rotation": 270 },
						"west": { "texture": "#fur-main", "uv": [ 26.0, 53.0, 28.0, 55.5 ], "rotation": 270, "enabled": false },
						"up": { "texture": "#fur-main", "uv": [ 2.0, 21.5, 4.5, 23.5 ], "rotation": 270 },
						"down": { "texture": "#fur-main", "uv": [ 28.0, 53.0, 30.0, 55.5 ], "enabled": false }
					}
				}
			]
		}
	]}