{
	"editor": {
		"allAngles": true,
		"entityTextureMode": false
	},
	"textureWidth": 16,
	"textureHeight": 16,
	"textureSizes": {
	},
	"textures": {
		"hedgehog": "mycodiversity:block/plant/mushroom/hedgehogmushroom/hedgehogmushroom"
	},
	"elements": [
		{
			"name": "origin",
			"from": [ 8.0, 0.0, 8.0 ],
			"to": [ 8.0, 0.0, 8.0 ],
			"rotationOrigin": [ 8.0, 0.0, 8.0 ],
			"faces": {
			},
			"children": [
				{
					"name": "medium small",
					"from": [ -1.5, -0.3, -1.6 ],
					"to": [ -0.5, 1.7, -0.6 ],
					"rotationOrigin": [ -1.0, -0.3, -1.1 ],
					"rotationX": 14.0,
					"rotationY": 16.0,
					"rotationZ": -17.0,
					"faces": {
						"north": { "texture": "#hedgehog", "uv": [ 1.0, 8.5, 2.0, 10.5 ] },
						"east": { "texture": "#hedgehog", "uv": [ 2.5, 9.0, 3.5, 11.0 ] },
						"south": { "texture": "#hedgehog", "uv": [ 2.0, 10.5, 3.0, 12.5 ] },
						"west": { "texture": "#hedgehog", "uv": [ 1.0, 9.0, 2.0, 11.0 ] },
						"down": { "texture": "#hedgehog", "uv": [ 2.5, 12.0, 3.5, 13.0 ] }
					},
					"children": [
						{
							"name": "cap",
							"from": [ -1.8, 2.9, -1.5 ],
							"to": [ 1.2, 3.4, 1.5 ],
							"rotationOrigin": [ -0.3, 2.9, 0.0 ],
							"rotationX": -19.0,
							"rotationZ": 25.0,
							"faces": {
								"up": { "texture": "#hedgehog", "uv": [ 11.5, 3.5, 14.5, 6.5 ] },
								"down": { "texture": "#hedgehog", "uv": [ 10.5, 11.5, 13.5, 14.5 ] }
							},
							"children": [
								{
									"name": "Cube1",
									"from": [ 0.0, -0.1, 2.7 ],
									"to": [ 3.0, 0.4, 3.7 ],
									"rotationOrigin": [ 1.5, 0.4, 2.7 ],
									"rotationX": -25.0,
									"faces": {
										"east": { "texture": "#hedgehog", "uv": [ 7.0, 6.0, 8.0, 6.5 ] },
										"south": { "texture": "#hedgehog", "uv": [ 3.0, 6.0, 6.0, 6.5 ] },
										"west": { "texture": "#hedgehog", "uv": [ 5.0, 4.0, 6.0, 4.5 ] },
										"up": { "texture": "#hedgehog", "uv": [ 4.0, 3.5, 7.0, 4.5 ] },
										"down": { "texture": "#hedgehog", "uv": [ 12.0, 10.5, 15.0, 11.5 ] }
									}
								},
								{
									"name": "Cube24",
									"from": [ 0.0, -0.1, -0.6 ],
									"to": [ 3.0, 0.4, 0.4 ],
									"rotationOrigin": [ 1.5, 0.4, 0.4 ],
									"rotationX": 28.0,
									"faces": {
										"north": { "texture": "#hedgehog", "uv": [ 8.5, 6.5, 11.5, 7.0 ] },
										"east": { "texture": "#hedgehog", "uv": [ 6.5, 1.0, 7.5, 1.5 ] },
										"west": { "texture": "#hedgehog", "uv": [ 4.0, 4.5, 5.0, 5.0 ] },
										"up": { "texture": "#hedgehog", "uv": [ 8.0, 3.5, 11.0, 4.5 ] },
										"down": { "texture": "#hedgehog", "uv": [ 11.5, 9.5, 14.5, 10.5 ] }
									}
								},
								{
									"name": "Cube25",
									"from": [ 2.7, -0.1, 0.0 ],
									"to": [ 3.7, 0.4, 3.0 ],
									"rotationOrigin": [ 2.7, 0.4, 1.5 ],
									"rotationZ": 28.0,
									"faces": {
										"north": { "texture": "#hedgehog", "uv": [ 14.5, 4.0, 15.5, 4.5 ] },
										"east": { "texture": "#hedgehog", "uv": [ 3.0, 1.0, 6.0, 1.5 ] },
										"south": { "texture": "#hedgehog", "uv": [ 7.5, 2.5, 8.5, 3.0 ] },
										"up": { "texture": "#hedgehog", "uv": [ 11.5, 0.5, 12.5, 3.5 ] },
										"down": { "texture": "#hedgehog", "uv": [ 12.0, 10.5, 13.0, 13.5 ] }
									}
								},
								{
									"name": "Cube26",
									"from": [ -0.7, -0.2, 0.0 ],
									"to": [ 0.3, 0.3, 3.0 ],
									"rotationOrigin": [ 0.3, 0.3, 1.5 ],
									"rotationZ": -42.0,
									"faces": {
										"north": { "texture": "#hedgehog", "uv": [ 14.5, 4.0, 15.5, 4.5 ] },
										"south": { "texture": "#hedgehog", "uv": [ 5.5, 2.0, 6.5, 2.5 ] },
										"west": { "texture": "#hedgehog", "uv": [ 11.0, 6.0, 14.0, 6.5 ] },
										"up": { "texture": "#hedgehog", "uv": [ 13.5, 0.0, 14.5, 3.0 ] },
										"down": { "texture": "#hedgehog", "uv": [ 13.0, 11.0, 14.0, 14.0 ] }
									}
								}
							]
						},
						{
							"name": "stem",
							"from": [ 0.1, 1.6, 0.1 ],
							"to": [ 1.1, 3.6, 1.1 ],
							"rotationOrigin": [ 0.6, 1.6, 0.6 ],
							"rotationX": -25.0,
							"rotationZ": 28.0,
							"faces": {
								"north": { "texture": "#hedgehog", "uv": [ 1.5, 9.0, 2.5, 11.0 ] },
								"east": { "texture": "#hedgehog", "uv": [ 0.0, 8.5, 1.0, 10.5 ] },
								"south": { "texture": "#hedgehog", "uv": [ 0.5, 10.0, 1.5, 12.0 ] },
								"west": { "texture": "#hedgehog", "uv": [ 1.0, 8.5, 2.0, 10.5 ] }
							}
						}
					]
				},
				{
					"name": "stem29",
					"from": [ 0.9, -0.4, -0.1 ],
					"to": [ 1.7, 1.1, 0.7 ],
					"rotationOrigin": [ 1.4, -0.4, 0.4 ],
					"rotationX": -22.0,
					"rotationZ": 9.0,
					"faces": {
						"north": { "texture": "#hedgehog", "uv": [ 1.0, 10.0, 1.5, 11.5 ] },
						"east": { "texture": "#hedgehog", "uv": [ 1.5, 11.0, 2.0, 12.5 ] },
						"south": { "texture": "#hedgehog", "uv": [ 1.5, 9.5, 2.0, 11.0 ] },
						"west": { "texture": "#hedgehog", "uv": [ 1.5, 8.0, 2.0, 9.5 ] },
						"down": { "texture": "#hedgehog", "uv": [ 2.0, 14.0, 2.5, 14.5 ] }
					},
					"children": [
						{
							"name": "Cap30",
							"from": [ -0.4, 2.3, -0.9 ],
							"to": [ 2.1, 2.9, 1.6 ],
							"rotationOrigin": [ 0.7, 2.3, 0.4 ],
							"rotationX": 8.0,
							"rotationY": 14.0,
							"rotationZ": -8.0,
							"faces": {
								"north": { "texture": "#hedgehog", "uv": [ 5.5, 5.5, 8.0, 6.0 ] },
								"east": { "texture": "#hedgehog", "uv": [ 5.5, 5.5, 8.0, 6.0 ] },
								"south": { "texture": "#hedgehog", "uv": [ 4.5, 5.0, 7.0, 5.5 ] },
								"west": { "texture": "#hedgehog", "uv": [ 6.5, 5.5, 9.0, 6.0 ] },
								"up": { "texture": "#hedgehog", "uv": [ 2.5, 2.5, 5.0, 5.0 ] },
								"down": { "texture": "#hedgehog", "uv": [ 2.5, 10.0, 5.0, 12.5 ] }
							}
						},
						{
							"name": "ring31",
							"from": [ -0.3, 1.1, -0.3 ],
							"to": [ 1.1, 2.6, 1.1 ],
							"rotationOrigin": [ 0.4, 1.1, 0.4 ],
							"rotationX": 6.0,
							"rotationZ": -14.0,
							"faces": {
								"north": { "texture": "#hedgehog", "uv": [ 0.5, 12.0, 1.5, 13.5 ] },
								"east": { "texture": "#hedgehog", "uv": [ 1.0, 12.0, 2.0, 13.5 ] },
								"south": { "texture": "#hedgehog", "uv": [ 1.5, 12.0, 2.5, 13.5 ] },
								"west": { "texture": "#hedgehog", "uv": [ 1.5, 11.5, 2.5, 13.0 ] },
								"down": { "texture": "#hedgehog", "uv": [ 0.5, 10.0, 1.5, 11.0 ] }
							}
						}
					]
				},
				{
					"name": "voxel1",
					"from": [ -0.8, 0.0, 0.5 ],
					"to": [ 0.2, 0.5, 1.5 ],
					"rotationOrigin": [ -0.3, 0.0, 1.0 ],
					"rotationY": -36.0,
					"faces": {
						"north": { "texture": "#hedgehog", "uv": [ 0.0, 0.0, 1.0, 0.5 ] },
						"east": { "texture": "#hedgehog", "uv": [ 0.0, 0.0, 1.0, 0.5 ] },
						"south": { "texture": "#hedgehog", "uv": [ 0.0, 0.0, 1.0, 0.5 ] },
						"west": { "texture": "#hedgehog", "uv": [ 0.0, 0.0, 1.0, 0.5 ] },
						"up": { "texture": "#hedgehog", "uv": [ 0.0, 0.0, 1.0, 1.0 ] },
						"down": { "texture": "#hedgehog", "uv": [ 0.0, 0.0, 1.0, 1.0 ] }
					}
				}
			]
		}
	]}