[
	{
		"ingredientPattern": "SG,P_",
		"ingredients": {
			"S": { "type": "block", "code": "game:sand-*" },
			"G": { "type": "block", "code": "game:woodbucket" },
			"P": { "type": "item", "code": "game:paper-parchment" }
		},
		"attributes": {
			"liquidContainerProps": {
				"requiresContent": { "type": "item", "code": "butchering:glueportion-sinew-cold" },
				"requiresLitres": 0.5
			}
		},
		"width": 2,
		"height": 2,
		"output": { "type": "item", "code": "toolsmith:sandpaper", "quantity": 4 }
	},
	{
		"ingredientPattern": "SG,P_",
		"ingredients": {
			"S": { "type": "block", "code": "game:sand-*" },
			"G": { "type": "block", "code": "game:bowl-*-fired" },
			"P": { "type": "item", "code": "game:paper-parchment" }
		},
		"attributes": {
			"liquidContainerProps": {
				"requiresContent": { "type": "item", "code": "butchering:glueportion-sinew-cold" },
				"requiresLitres": 0.5
			}
		},
		"width": 2,
		"height": 2,
		"output": { "type": "item", "code": "toolsmith:sandpaper", "quantity": 4 }
	},
	{
		"ingredientPattern": "SG,P_",
		"ingredients": {
			"S": { "type": "block", "code": "game:sand-*" },
			"G": { "type": "block", "code": "game:jug-*-fired" },
			"P": { "type": "item", "code": "game:paper-parchment" }
		},
		"attributes": {
			"liquidContainerProps": {
				"requiresContent": { "type": "item", "code": "butchering:glueportion-sinew-cold" },
				"requiresLitres": 0.5
			}
		},
		"width": 2,
		"height": 2,
		"output": { "type": "item", "code": "toolsmith:sandpaper", "quantity": 4 }
	},
	{
		"ingredientPattern": "SG,P_",
		"ingredients": {
			"S": { "type": "block", "code": "game:sand-*" },
			"G": { "type": "block", "code": "game:woodbucket" },
			"P": { "type": "item", "code": "game:paper-parchment" }
		},
		"attributes": {
			"liquidContainerProps": {
				"requiresContent": { "type": "item", "code": "butchering:glueportion-hide-hot" },
				"requiresLitres": 0.5
			}
		},
		"width": 2,
		"height": 2,
		"output": { "type": "item", "code": "toolsmith:sandpaper", "quantity": 4 }
	},
	{
		"ingredientPattern": "SG,P_",
		"ingredients": {
			"S": { "type": "block", "code": "game:sand-*" },
			"G": { "type": "block", "code": "game:bowl-*-fired" },
			"P": { "type": "item", "code": "game:paper-parchment" }
		},
		"attributes": {
			"liquidContainerProps": {
				"requiresContent": { "type": "item", "code": "butchering:glueportion-hide-hot" },
				"requiresLitres": 0.5
			}
		},
		"width": 2,
		"height": 2,
		"output": { "type": "item", "code": "toolsmith:sandpaper", "quantity": 4 }
	},
	{
		"ingredientPattern": "SG,P_",
		"ingredients": {
			"S": { "type": "block", "code": "game:sand-*" },
			"G": { "type": "block", "code": "game:jug-*-fired" },
			"P": { "type": "item", "code": "game:paper-parchment" }
		},
		"attributes": {
			"liquidContainerProps": {
				"requiresContent": { "type": "item", "code": "butchering:glueportion-hide-hot" },
				"requiresLitres": 0.5
			}
		},
		"width": 2,
		"height": 2,
		"output": { "type": "item", "code": "toolsmith:sandpaper", "quantity": 4 }
	}
]