{
  "code": "weaponrack",
  "class": "PurposefulStorage.BlockWeaponRack",
  "entityclass": "PurposefulStorage.BEWeaponRack",
  "variantgroups": [
    { "code": "type", "states": ["normal"] },
    { "code": "side", "loadFromProperties": "abstract/horizontalorientation" }
  ],
  "attributes": {
    "materials": { "loadFromProperties": "block/wood" },
    "variantTextures": {
      "surface": [ "game:block/wood/debarked/{wood}", "purposefulstorage:variants/wood/{wood}" ]
    }
  },
  "behaviors": [
    { "name": "HorizontalAttachable", "properties": { "dropBlockFace": "east" } },
    { "name": "Multiblock",
      "propertiesByType": {
        "*-north": { "sizex": 2, "sizey": 1, "sizez": 1, "cposition": { "x": 0, "y": 0, "z": 0 } },
        "*-east": { "sizex": 1, "sizey": 1, "sizez": 2, "cposition": { "x": 0, "y": 0, "z": 0 } },
        "*-south": { "sizex": 2, "sizey": 1, "sizez": 1, "cposition": { "x": 1, "y": 0, "z": 0 } },
        "*-west": { "sizex": 1, "sizey": 1, "sizez": 2, "cposition": { "x": 0, "y": 0, "z": 1 } }
      }
    }
  ],
  "shape": {
    "base": "block/weapons/weaponrack",
    "rotateYByType": { "*-north": 0, "*-east": 270, "*-west": 90, "*-south": 180 }
  },
  "heldTpIdleAnimation": "holdunderarm",
  "blockmaterial": "Wood",
  "lightAbsorption": 1,
  "replaceable": 900,
  "resistance": 1.5,
  "materialDensity": 400,
  "faceCullMode": "NeverCull",
  "emitSideAo": { "all": false },
  "sidesolid": { "all": false },
  "sideopaque": { "all": false },
  "combustibleProps": {
    "burnTemperature": 700,
    "burnDuration": 96
  },
  "guiTransform": {
    "origin": { "x": 1, "y": 0.8, "z": 1 },
    "translation": { "x": 0, "y": -5, "z": 0 },
    "scale": 0.85
  },
  "tpHandTransform": {
	  "translation": { "x": -1.8, "y": -0.68, "z": -0.45 },
	  "rotation": { "x": 0, "y": -82, "z": 0 },
	  "scale": 0.5
  },
  "sounds": {
    "place": "game:block/planks",
    "hit": "game:block/planks",
    "break": "game:block/planks"
  },
  "collisionbox": { "x1": 0.6, "y1": 0, "z1": 0, "x2": 1, "y2": 1, "z2": 1, "rotateYByType": { "*-north": 90, "*-east": 0, "*-west": 180, "*-south": 270 } },
  "selectionBoxes": [
	  { "x1": 0.5, "y1": 0, "z1": 0, "x2": 1, "y2": 0.25, "z2": 2, "rotateYByType": { "*-north": 90, "*-east": 0, "*-west": 180, "*-south": 270 } },
	  { "x1": 0.5, "y1": 0.25, "z1": 0, "x2": 1, "y2": 0.5, "z2": 2, "rotateYByType": { "*-north": 90, "*-east": 0, "*-west": 180, "*-south": 270 } },
	  { "x1": 0.5, "y1": 0.5, "z1": 0, "x2": 1, "y2": 0.75, "z2": 2, "rotateYByType": { "*-north": 90, "*-east": 0, "*-west": 180, "*-south": 270 } },
	  { "x1": 0.5, "y1": 0.75, "z1": 0, "x2": 1, "y2": 1, "z2": 2, "rotateYByType": { "*-north": 90, "*-east": 0, "*-west": 180, "*-south": 270 } }
  ]
}
