[
{"name": "Eurasian Auroch Head Mount (Baby)", "ingredientPattern": "_BC,DEF,GHI","ingredients": {"B": { "type": "item", "code": "game:knife-*", "isTool": true },"C": { "type": "item", "code": "game:hammer-*", "isTool": true },"D": { "type": "item", "code": "bovinae:pelt-baby-bosprimigeniusprimigenius" },"E": { "type": "item", "code": "game:metalnailsandstrips-*" },"F": { "type": "item", "code": "game:clay-*" },"G": { "type": "block", "code": "game:debarkedlog-*" },"H": { "type": "block", "code": "game:glass-*" },"I": { "type": "item", "code": "game:powder-borax" }},"width": 3,"height": 3,"output": { "type": "item", "code": "bovinae:headmount-baby-bosprimigeniusprimigenius-00", "quantity": 1  }},
{"name": "Eurasian Auroch Head Mount (Female)", "ingredientPattern": "_BC,DEF,GHI","ingredients": {"B": { "type": "item", "code": "game:knife-*", "isTool": true },"C": { "type": "item", "code": "game:hammer-*", "isTool": true },"D": { "type": "item", "code": "bovinae:pelt-female-bosprimigeniusprimigenius" },"E": { "type": "item", "code": "game:metalnailsandstrips-*" },"F": { "type": "item", "code": "game:clay-*" },"G": { "type": "block", "code": "game:debarkedlog-*" },"H": { "type": "block", "code": "game:glass-*" },"I": { "type": "item", "code": "game:powder-borax" }},"width": 3,"height": 3,"output": { "type": "item", "code": "bovinae:headmount-female-bosprimigeniusprimigenius-00", "quantity": 1  }},
{"name": "Eurasian Auroch Head Mount (Male)", "ingredientPattern": "_BC,DEF,GHI","ingredients": {"B": { "type": "item", "code": "game:knife-*", "isTool": true },"C": { "type": "item", "code": "game:hammer-*", "isTool": true },"D": { "type": "item", "code": "bovinae:pelt-male-bosprimigeniusprimigenius" },"E": { "type": "item", "code": "game:metalnailsandstrips-*" },"F": { "type": "item", "code": "game:clay-*" },"G": { "type": "block", "code": "game:debarkedlog-*" },"H": { "type": "block", "code": "game:glass-*" },"I": { "type": "item", "code": "game:powder-borax" }},"width": 3,"height": 3,"output": { "type": "item", "code": "bovinae:headmount-male-bosprimigeniusprimigenius-00", "quantity": 1  }},

{"name": "Eurasian Auroch Head Mount (Male)","ingredientPattern": "LK","ingredients": {"K": { "type": "item", "code": "bovinae:headmount-male-bosprimigeniusprimigenius-00"},"L": { "type": "item", "code": "game:antler-bosprimigeniusprimigenius-*", "name": "size", "allowedVariants": ["01","02","03","04","05","06"] }},"width": 2,"height": 1,"output": { "type": "item", "code": "bovinae:headmount-male-bosprimigeniusprimigenius-{size}", "quantity": 1  }},
{"name": "Eurasian Auroch Head Mount (Female)","ingredientPattern": "LK","ingredients": {"K": { "type": "item", "code": "bovinae:headmount-female-bosprimigeniusprimigenius-00"},"L": { "type": "item", "code": "game:antler-bosprimigeniusprimigenius-*", "name": "size", "allowedVariants": ["01","02","03","04"] }},"width": 2,"height": 1,"output": { "type": "item", "code": "bovinae:headmount-female-bosprimigeniusprimigenius-{size}", "quantity": 1  }},

{"name": "Nilgai Head Mount (Baby)", "ingredientPattern": "_BC,DEF,GHI","ingredients": {"B": { "type": "item", "code": "game:knife-*", "isTool": true },"C": { "type": "item", "code": "game:hammer-*", "isTool": true },"D": { "type": "item", "code": "bovinae:pelt-baby-boselaphustragocamelus" },"E": { "type": "item", "code": "game:metalnailsandstrips-*" },"F": { "type": "item", "code": "game:clay-*" },"G": { "type": "block", "code": "game:debarkedlog-*" },"H": { "type": "block", "code": "game:glass-*" },"I": { "type": "item", "code": "game:powder-borax" }},"width": 3,"height": 3,"output": { "type": "item", "code": "bovinae:headmount-baby-boselaphustragocamelus-00", "quantity": 1  }},
{"name": "Nilgai Head Mount (Female)", "ingredientPattern": "_BC,DEF,GHI","ingredients": {"B": { "type": "item", "code": "game:knife-*", "isTool": true },"C": { "type": "item", "code": "game:hammer-*", "isTool": true },"D": { "type": "item", "code": "bovinae:pelt-female-boselaphustragocamelus" },"E": { "type": "item", "code": "game:metalnailsandstrips-*" },"F": { "type": "item", "code": "game:clay-*" },"G": { "type": "block", "code": "game:debarkedlog-*" },"H": { "type": "block", "code": "game:glass-*" },"I": { "type": "item", "code": "game:powder-borax" }},"width": 3,"height": 3,"output": { "type": "item", "code": "bovinae:headmount-female-boselaphustragocamelus-00", "quantity": 1  }},
{"name": "Nilgai Head Mount (Male)", "ingredientPattern": "_BC,DEF,GHI","ingredients": {"B": { "type": "item", "code": "game:knife-*", "isTool": true },"C": { "type": "item", "code": "game:hammer-*", "isTool": true },"D": { "type": "item", "code": "bovinae:pelt-male-boselaphustragocamelus" },"E": { "type": "item", "code": "game:metalnailsandstrips-*" },"F": { "type": "item", "code": "game:clay-*" },"G": { "type": "block", "code": "game:debarkedlog-*" },"H": { "type": "block", "code": "game:glass-*" },"I": { "type": "item", "code": "game:powder-borax" }},"width": 3,"height": 3,"output": { "type": "item", "code": "bovinae:headmount-male-boselaphustragocamelus-00", "quantity": 1  }},

{"name": "Nilgai Head Mount (Male)","ingredientPattern": "LK","ingredients": {"K": { "type": "item", "code": "bovinae:headmount-male-boselaphustragocamelus-00"},"L": { "type": "item", "code": "game:antler-boselaphustragocamelus-*", "name": "size", "allowedVariants": ["01","02","03","04"] }},"width": 2,"height": 1,"output": { "type": "item", "code": "bovinae:headmount-male-boselaphustragocamelus-{size}", "quantity": 1  }},

{"name": "Water Buffalo Head Mount (Baby)", "ingredientPattern": "_BC,DEF,GHI","ingredients": {"B": { "type": "item", "code": "game:knife-*", "isTool": true },"C": { "type": "item", "code": "game:hammer-*", "isTool": true },"D": { "type": "item", "code": "bovinae:pelt-baby-bubalusarnee" },"E": { "type": "item", "code": "game:metalnailsandstrips-*" },"F": { "type": "item", "code": "game:clay-*" },"G": { "type": "block", "code": "game:debarkedlog-*" },"H": { "type": "block", "code": "game:glass-*" },"I": { "type": "item", "code": "game:powder-borax" }},"width": 3,"height": 3,"output": { "type": "item", "code": "bovinae:headmount-baby-bubalusarnee-00", "quantity": 1  }},
{"name": "Water Buffalo Head Mount (Female)", "ingredientPattern": "_BC,DEF,GHI","ingredients": {"B": { "type": "item", "code": "game:knife-*", "isTool": true },"C": { "type": "item", "code": "game:hammer-*", "isTool": true },"D": { "type": "item", "code": "bovinae:pelt-female-bubalusarnee" },"E": { "type": "item", "code": "game:metalnailsandstrips-*" },"F": { "type": "item", "code": "game:clay-*" },"G": { "type": "block", "code": "game:debarkedlog-*" },"H": { "type": "block", "code": "game:glass-*" },"I": { "type": "item", "code": "game:powder-borax" }},"width": 3,"height": 3,"output": { "type": "item", "code": "bovinae:headmount-female-bubalusarnee-00", "quantity": 1  }},
{"name": "Water Buffalo Head Mount (Male)", "ingredientPattern": "_BC,DEF,GHI","ingredients": {"B": { "type": "item", "code": "game:knife-*", "isTool": true },"C": { "type": "item", "code": "game:hammer-*", "isTool": true },"D": { "type": "item", "code": "bovinae:pelt-male-bubalusarnee" },"E": { "type": "item", "code": "game:metalnailsandstrips-*" },"F": { "type": "item", "code": "game:clay-*" },"G": { "type": "block", "code": "game:debarkedlog-*" },"H": { "type": "block", "code": "game:glass-*" },"I": { "type": "item", "code": "game:powder-borax" }},"width": 3,"height": 3,"output": { "type": "item", "code": "bovinae:headmount-male-bubalusarnee-00", "quantity": 1  }},

{"name": "Water Buffalo Head Mount (Male)","ingredientPattern": "LK","ingredients": {"K": { "type": "item", "code": "bovinae:headmount-male-bubalusarnee-00"},"L": { "type": "item", "code": "game:antler-bubalusarnee-*", "name": "size", "allowedVariants": ["01","02","03","04","05","06","07","08"] }},"width": 2,"height": 1,"output": { "type": "item", "code": "bovinae:headmount-male-bubalusarnee-{size}", "quantity": 1  }},
{"name": "Water Buffalo Head Mount (Female)","ingredientPattern": "LK","ingredients": {"K": { "type": "item", "code": "bovinae:headmount-female-bubalusarnee-00"},"L": { "type": "item", "code": "game:antler-bubalusarnee-*", "name": "size", "allowedVariants": ["01","02","03","04","05"] }},"width": 2,"height": 1,"output": { "type": "item", "code": "bovinae:headmount-female-bubalusarnee-{size}", "quantity": 1  }},

{"name": "Short-Horned Water Buffalo Head Mount (Baby)", "ingredientPattern": "_BC,DEF,GHI","ingredients": {"B": { "type": "item", "code": "game:knife-*", "isTool": true },"C": { "type": "item", "code": "game:hammer-*", "isTool": true },"D": { "type": "item", "code": "bovinae:pelt-baby-bubalusbrevicornis" },"E": { "type": "item", "code": "game:metalnailsandstrips-*" },"F": { "type": "item", "code": "game:clay-*" },"G": { "type": "block", "code": "game:debarkedlog-*" },"H": { "type": "block", "code": "game:glass-*" },"I": { "type": "item", "code": "game:powder-borax" }},"width": 3,"height": 3,"output": { "type": "item", "code": "bovinae:headmount-baby-bubalusbrevicornis-00", "quantity": 1  }},
{"name": "Short-Horned Water Buffalo Head Mount (Female)", "ingredientPattern": "_BC,DEF,GHI","ingredients": {"B": { "type": "item", "code": "game:knife-*", "isTool": true },"C": { "type": "item", "code": "game:hammer-*", "isTool": true },"D": { "type": "item", "code": "bovinae:pelt-female-bubalusbrevicornis" },"E": { "type": "item", "code": "game:metalnailsandstrips-*" },"F": { "type": "item", "code": "game:clay-*" },"G": { "type": "block", "code": "game:debarkedlog-*" },"H": { "type": "block", "code": "game:glass-*" },"I": { "type": "item", "code": "game:powder-borax" }},"width": 3,"height": 3,"output": { "type": "item", "code": "bovinae:headmount-female-bubalusbrevicornis-00", "quantity": 1  }},
{"name": "Short-Horned Water Buffalo Head Mount (Male)", "ingredientPattern": "_BC,DEF,GHI","ingredients": {"B": { "type": "item", "code": "game:knife-*", "isTool": true },"C": { "type": "item", "code": "game:hammer-*", "isTool": true },"D": { "type": "item", "code": "bovinae:pelt-male-bubalusbrevicornis" },"E": { "type": "item", "code": "game:metalnailsandstrips-*" },"F": { "type": "item", "code": "game:clay-*" },"G": { "type": "block", "code": "game:debarkedlog-*" },"H": { "type": "block", "code": "game:glass-*" },"I": { "type": "item", "code": "game:powder-borax" }},"width": 3,"height": 3,"output": { "type": "item", "code": "bovinae:headmount-male-bubalusbrevicornis-00", "quantity": 1  }},

{"name": "Short-Horned Water Buffalo Head Mount (Male)","ingredientPattern": "LK","ingredients": {"K": { "type": "item", "code": "bovinae:headmount-male-bubalusbrevicornis-00"},"L": { "type": "item", "code": "game:antler-bubalusbrevicornis-*", "name": "size", "allowedVariants": ["01","02","03","04"] }},"width": 2,"height": 1,"output": { "type": "item", "code": "bovinae:headmount-male-bubalusbrevicornis-{size}", "quantity": 1  }},
{"name": "Short-Horned Water Buffalo Head Mount (Female)","ingredientPattern": "LK","ingredients": {"K": { "type": "item", "code": "bovinae:headmount-female-bubalusbrevicornis-00"},"L": { "type": "item", "code": "game:antler-bubalusbrevicornis-*", "name": "size", "allowedVariants": ["01","02","03","04"] }},"width": 2,"height": 1,"output": { "type": "item", "code": "bovinae:headmount-female-bubalusbrevicornis-{size}", "quantity": 1  }},

{"name": "Domestic Water Buffalo Head Mount (Baby)", "ingredientPattern": "_BC,DEF,GHI","ingredients": {"B": { "type": "item", "code": "game:knife-*", "isTool": true },"C": { "type": "item", "code": "game:hammer-*", "isTool": true },"D": { "type": "item", "code": "bovinae:pelt-baby-bubalusbubalis" },"E": { "type": "item", "code": "game:metalnailsandstrips-*" },"F": { "type": "item", "code": "game:clay-*" },"G": { "type": "block", "code": "game:debarkedlog-*" },"H": { "type": "block", "code": "game:glass-*" },"I": { "type": "item", "code": "game:powder-borax" }},"width": 3,"height": 3,"output": { "type": "item", "code": "bovinae:headmount-baby-bubalusbubalis-00", "quantity": 1  }},
{"name": "Domestic Water Buffalo Head Mount (Female)", "ingredientPattern": "_BC,DEF,GHI","ingredients": {"B": { "type": "item", "code": "game:knife-*", "isTool": true },"C": { "type": "item", "code": "game:hammer-*", "isTool": true },"D": { "type": "item", "code": "bovinae:pelt-female-bubalusbubalis" },"E": { "type": "item", "code": "game:metalnailsandstrips-*" },"F": { "type": "item", "code": "game:clay-*" },"G": { "type": "block", "code": "game:debarkedlog-*" },"H": { "type": "block", "code": "game:glass-*" },"I": { "type": "item", "code": "game:powder-borax" }},"width": 3,"height": 3,"output": { "type": "item", "code": "bovinae:headmount-female-bubalusbubalis-00", "quantity": 1  }},
{"name": "Domestic Water Buffalo Head Mount (Male)", "ingredientPattern": "_BC,DEF,GHI","ingredients": {"B": { "type": "item", "code": "game:knife-*", "isTool": true },"C": { "type": "item", "code": "game:hammer-*", "isTool": true },"D": { "type": "item", "code": "bovinae:pelt-male-bubalusbubalis" },"E": { "type": "item", "code": "game:metalnailsandstrips-*" },"F": { "type": "item", "code": "game:clay-*" },"G": { "type": "block", "code": "game:debarkedlog-*" },"H": { "type": "block", "code": "game:glass-*" },"I": { "type": "item", "code": "game:powder-borax" }},"width": 3,"height": 3,"output": { "type": "item", "code": "bovinae:headmount-male-bubalusbubalis-00", "quantity": 1  }},

{"name": "Domestic Water Buffalo Head Mount (Male)","ingredientPattern": "LK","ingredients": {"K": { "type": "item", "code": "bovinae:headmount-male-bubalusbubalis-00"},"L": { "type": "item", "code": "game:antler-bubalusbubalis-*", "name": "size", "allowedVariants": ["01","02","03","04","05","06"] }},"width": 2,"height": 1,"output": { "type": "item", "code": "bovinae:headmount-male-bubalusbubalis-{size}", "quantity": 1  }},
{"name": "Domestic Water Buffalo Head Mount (Female)","ingredientPattern": "LK","ingredients": {"K": { "type": "item", "code": "bovinae:headmount-female-bubalusbubalis-00"},"L": { "type": "item", "code": "game:antler-bubalusbubalis-*", "name": "size", "allowedVariants": ["01","02","03","04","05"] }},"width": 2,"height": 1,"output": { "type": "item", "code": "bovinae:headmount-female-bubalusbubalis-{size}", "quantity": 1  }},

{"name": "Cebu Tamaraw Head Mount (Baby)", "ingredientPattern": "_BC,DEF,GHI","ingredients": {"B": { "type": "item", "code": "game:knife-*", "isTool": true },"C": { "type": "item", "code": "game:hammer-*", "isTool": true },"D": { "type": "item", "code": "bovinae:pelt-baby-bubaluscebuensis" },"E": { "type": "item", "code": "game:metalnailsandstrips-*" },"F": { "type": "item", "code": "game:clay-*" },"G": { "type": "block", "code": "game:debarkedlog-*" },"H": { "type": "block", "code": "game:glass-*" },"I": { "type": "item", "code": "game:powder-borax" }},"width": 3,"height": 3,"output": { "type": "item", "code": "bovinae:headmount-baby-bubaluscebuensis-00", "quantity": 1  }},
{"name": "Cebu Tamaraw Head Mount (Female)", "ingredientPattern": "_BC,DEF,GHI","ingredients": {"B": { "type": "item", "code": "game:knife-*", "isTool": true },"C": { "type": "item", "code": "game:hammer-*", "isTool": true },"D": { "type": "item", "code": "bovinae:pelt-female-bubaluscebuensis" },"E": { "type": "item", "code": "game:metalnailsandstrips-*" },"F": { "type": "item", "code": "game:clay-*" },"G": { "type": "block", "code": "game:debarkedlog-*" },"H": { "type": "block", "code": "game:glass-*" },"I": { "type": "item", "code": "game:powder-borax" }},"width": 3,"height": 3,"output": { "type": "item", "code": "bovinae:headmount-female-bubaluscebuensis-00", "quantity": 1  }},
{"name": "Cebu Tamaraw Head Mount (Male)", "ingredientPattern": "_BC,DEF,GHI","ingredients": {"B": { "type": "item", "code": "game:knife-*", "isTool": true },"C": { "type": "item", "code": "game:hammer-*", "isTool": true },"D": { "type": "item", "code": "bovinae:pelt-male-bubaluscebuensis" },"E": { "type": "item", "code": "game:metalnailsandstrips-*" },"F": { "type": "item", "code": "game:clay-*" },"G": { "type": "block", "code": "game:debarkedlog-*" },"H": { "type": "block", "code": "game:glass-*" },"I": { "type": "item", "code": "game:powder-borax" }},"width": 3,"height": 3,"output": { "type": "item", "code": "bovinae:headmount-male-bubaluscebuensis-00", "quantity": 1  }},

{"name": "Cebu Tamaraw Head Mount (Male)","ingredientPattern": "LK","ingredients": {"K": { "type": "item", "code": "bovinae:headmount-male-bubaluscebuensis-00"},"L": { "type": "item", "code": "game:antler-bubaluscebuensis-*", "name": "size", "allowedVariants": ["01","02","03","04"] }},"width": 2,"height": 1,"output": { "type": "item", "code": "bovinae:headmount-male-bubaluscebuensis-{size}", "quantity": 1  }},
{"name": "Cebu Tamaraw Head Mount (Female)","ingredientPattern": "LK","ingredients": {"K": { "type": "item", "code": "bovinae:headmount-female-bubaluscebuensis-00"},"L": { "type": "item", "code": "game:antler-bubaluscebuensis-*", "name": "size", "allowedVariants": ["01","02","03","04"] }},"width": 2,"height": 1,"output": { "type": "item", "code": "bovinae:headmount-female-bubaluscebuensis-{size}", "quantity": 1  }},

{"name": "Lowland Anoa Head Mount (Baby)", "ingredientPattern": "_BC,DEF,GHI","ingredients": {"B": { "type": "item", "code": "game:knife-*", "isTool": true },"C": { "type": "item", "code": "game:hammer-*", "isTool": true },"D": { "type": "item", "code": "bovinae:pelt-baby-bubalusdepressicornis" },"E": { "type": "item", "code": "game:metalnailsandstrips-*" },"F": { "type": "item", "code": "game:clay-*" },"G": { "type": "block", "code": "game:debarkedlog-*" },"H": { "type": "block", "code": "game:glass-*" },"I": { "type": "item", "code": "game:powder-borax" }},"width": 3,"height": 3,"output": { "type": "item", "code": "bovinae:headmount-baby-bubalusdepressicornis-00", "quantity": 1  }},
{"name": "Lowland Anoa Head Mount (Female)", "ingredientPattern": "_BC,DEF,GHI","ingredients": {"B": { "type": "item", "code": "game:knife-*", "isTool": true },"C": { "type": "item", "code": "game:hammer-*", "isTool": true },"D": { "type": "item", "code": "bovinae:pelt-female-bubalusdepressicornis" },"E": { "type": "item", "code": "game:metalnailsandstrips-*" },"F": { "type": "item", "code": "game:clay-*" },"G": { "type": "block", "code": "game:debarkedlog-*" },"H": { "type": "block", "code": "game:glass-*" },"I": { "type": "item", "code": "game:powder-borax" }},"width": 3,"height": 3,"output": { "type": "item", "code": "bovinae:headmount-female-bubalusdepressicornis-00", "quantity": 1  }},
{"name": "Lowland Anoa Head Mount (Male)", "ingredientPattern": "_BC,DEF,GHI","ingredients": {"B": { "type": "item", "code": "game:knife-*", "isTool": true },"C": { "type": "item", "code": "game:hammer-*", "isTool": true },"D": { "type": "item", "code": "bovinae:pelt-male-bubalusdepressicornis" },"E": { "type": "item", "code": "game:metalnailsandstrips-*" },"F": { "type": "item", "code": "game:clay-*" },"G": { "type": "block", "code": "game:debarkedlog-*" },"H": { "type": "block", "code": "game:glass-*" },"I": { "type": "item", "code": "game:powder-borax" }},"width": 3,"height": 3,"output": { "type": "item", "code": "bovinae:headmount-male-bubalusdepressicornis-00", "quantity": 1  }},

{"name": "Lowland Anoa Head Mount (Male)","ingredientPattern": "LK","ingredients": {"K": { "type": "item", "code": "bovinae:headmount-male-bubalusdepressicornis-00"},"L": { "type": "item", "code": "game:antler-bubalusdepressicornis-*", "name": "size", "allowedVariants": ["01","02","03","04"] }},"width": 2,"height": 1,"output": { "type": "item", "code": "bovinae:headmount-male-bubalusdepressicornis-{size}", "quantity": 1  }},
{"name": "Lowland Anoa Head Mount (Female)","ingredientPattern": "LK","ingredients": {"K": { "type": "item", "code": "bovinae:headmount-female-bubalusdepressicornis-00"},"L": { "type": "item", "code": "game:antler-bubalusdepressicornis-*", "name": "size", "allowedVariants": ["01","02","03","04"] }},"width": 2,"height": 1,"output": { "type": "item", "code": "bovinae:headmount-female-bubalusdepressicornis-{size}", "quantity": 1  }},

{"name": "Groves's Anoa Head Mount (Baby)", "ingredientPattern": "_BC,DEF,GHI","ingredients": {"B": { "type": "item", "code": "game:knife-*", "isTool": true },"C": { "type": "item", "code": "game:hammer-*", "isTool": true },"D": { "type": "item", "code": "bovinae:pelt-baby-bubalusgrovesi" },"E": { "type": "item", "code": "game:metalnailsandstrips-*" },"F": { "type": "item", "code": "game:clay-*" },"G": { "type": "block", "code": "game:debarkedlog-*" },"H": { "type": "block", "code": "game:glass-*" },"I": { "type": "item", "code": "game:powder-borax" }},"width": 3,"height": 3,"output": { "type": "item", "code": "bovinae:headmount-baby-bubalusgrovesi-00", "quantity": 1  }},
{"name": "Groves's Anoa Head Mount (Female)", "ingredientPattern": "_BC,DEF,GHI","ingredients": {"B": { "type": "item", "code": "game:knife-*", "isTool": true },"C": { "type": "item", "code": "game:hammer-*", "isTool": true },"D": { "type": "item", "code": "bovinae:pelt-female-bubalusgrovesi" },"E": { "type": "item", "code": "game:metalnailsandstrips-*" },"F": { "type": "item", "code": "game:clay-*" },"G": { "type": "block", "code": "game:debarkedlog-*" },"H": { "type": "block", "code": "game:glass-*" },"I": { "type": "item", "code": "game:powder-borax" }},"width": 3,"height": 3,"output": { "type": "item", "code": "bovinae:headmount-female-bubalusgrovesi-00", "quantity": 1  }},
{"name": "Groves's Anoa Head Mount (Male)", "ingredientPattern": "_BC,DEF,GHI","ingredients": {"B": { "type": "item", "code": "game:knife-*", "isTool": true },"C": { "type": "item", "code": "game:hammer-*", "isTool": true },"D": { "type": "item", "code": "bovinae:pelt-male-bubalusgrovesi" },"E": { "type": "item", "code": "game:metalnailsandstrips-*" },"F": { "type": "item", "code": "game:clay-*" },"G": { "type": "block", "code": "game:debarkedlog-*" },"H": { "type": "block", "code": "game:glass-*" },"I": { "type": "item", "code": "game:powder-borax" }},"width": 3,"height": 3,"output": { "type": "item", "code": "bovinae:headmount-male-bubalusgrovesi-00", "quantity": 1  }},

{"name": "Groves's Anoa Head Mount (Male)","ingredientPattern": "LK","ingredients": {"K": { "type": "item", "code": "bovinae:headmount-male-bubalusgrovesi-00"},"L": { "type": "item", "code": "game:antler-bubalusgrovesi-*", "name": "size", "allowedVariants": ["01","02","03","04"] }},"width": 2,"height": 1,"output": { "type": "item", "code": "bovinae:headmount-male-bubalusgrovesi-{size}", "quantity": 1  }},
{"name": "Groves's Anoa Head Mount (Female)","ingredientPattern": "LK","ingredients": {"K": { "type": "item", "code": "bovinae:headmount-female-bubalusgrovesi-00"},"L": { "type": "item", "code": "game:antler-bubalusgrovesi-*", "name": "size", "allowedVariants": ["01","02","03","04"] }},"width": 2,"height": 1,"output": { "type": "item", "code": "bovinae:headmount-female-bubalusgrovesi-{size}", "quantity": 1  }},

{"name": "Devil-Horned Water Buffalo Head Mount (Baby)", "ingredientPattern": "_BC,DEF,GHI","ingredients": {"B": { "type": "item", "code": "game:knife-*", "isTool": true },"C": { "type": "item", "code": "game:hammer-*", "isTool": true },"D": { "type": "item", "code": "bovinae:pelt-baby-bubalusmephistopheles" },"E": { "type": "item", "code": "game:metalnailsandstrips-*" },"F": { "type": "item", "code": "game:clay-*" },"G": { "type": "block", "code": "game:debarkedlog-*" },"H": { "type": "block", "code": "game:glass-*" },"I": { "type": "item", "code": "game:powder-borax" }},"width": 3,"height": 3,"output": { "type": "item", "code": "bovinae:headmount-baby-bubalusmephistopheles-00", "quantity": 1  }},
{"name": "Devil-Horned Water Buffalo Head Mount (Female)", "ingredientPattern": "_BC,DEF,GHI","ingredients": {"B": { "type": "item", "code": "game:knife-*", "isTool": true },"C": { "type": "item", "code": "game:hammer-*", "isTool": true },"D": { "type": "item", "code": "bovinae:pelt-female-bubalusmephistopheles" },"E": { "type": "item", "code": "game:metalnailsandstrips-*" },"F": { "type": "item", "code": "game:clay-*" },"G": { "type": "block", "code": "game:debarkedlog-*" },"H": { "type": "block", "code": "game:glass-*" },"I": { "type": "item", "code": "game:powder-borax" }},"width": 3,"height": 3,"output": { "type": "item", "code": "bovinae:headmount-female-bubalusmephistopheles-00", "quantity": 1  }},
{"name": "Devil-Horned Water Buffalo Head Mount (Male)", "ingredientPattern": "_BC,DEF,GHI","ingredients": {"B": { "type": "item", "code": "game:knife-*", "isTool": true },"C": { "type": "item", "code": "game:hammer-*", "isTool": true },"D": { "type": "item", "code": "bovinae:pelt-male-bubalusmephistopheles" },"E": { "type": "item", "code": "game:metalnailsandstrips-*" },"F": { "type": "item", "code": "game:clay-*" },"G": { "type": "block", "code": "game:debarkedlog-*" },"H": { "type": "block", "code": "game:glass-*" },"I": { "type": "item", "code": "game:powder-borax" }},"width": 3,"height": 3,"output": { "type": "item", "code": "bovinae:headmount-male-bubalusmephistopheles-00", "quantity": 1  }},

{"name": "Devil-Horned Water Buffalo Head Mount (Male)","ingredientPattern": "LK","ingredients": {"K": { "type": "item", "code": "bovinae:headmount-male-bubalusmephistopheles-00"},"L": { "type": "item", "code": "game:antler-bubalusmephistopheles-*", "name": "size", "allowedVariants": ["01","02","03","04"] }},"width": 2,"height": 1,"output": { "type": "item", "code": "bovinae:headmount-male-bubalusmephistopheles-{size}", "quantity": 1  }},
{"name": "Devil-Horned Water Buffalo Head Mount (Female)","ingredientPattern": "LK","ingredients": {"K": { "type": "item", "code": "bovinae:headmount-female-bubalusmephistopheles-00"},"L": { "type": "item", "code": "game:antler-bubalusmephistopheles-*", "name": "size", "allowedVariants": ["01","02","03","04"] }},"width": 2,"height": 1,"output": { "type": "item", "code": "bovinae:headmount-female-bubalusmephistopheles-{size}", "quantity": 1  }},

{"name": "Tamaraw Head Mount (Baby)", "ingredientPattern": "_BC,DEF,GHI","ingredients": {"B": { "type": "item", "code": "game:knife-*", "isTool": true },"C": { "type": "item", "code": "game:hammer-*", "isTool": true },"D": { "type": "item", "code": "bovinae:pelt-baby-bubalusmindorensis" },"E": { "type": "item", "code": "game:metalnailsandstrips-*" },"F": { "type": "item", "code": "game:clay-*" },"G": { "type": "block", "code": "game:debarkedlog-*" },"H": { "type": "block", "code": "game:glass-*" },"I": { "type": "item", "code": "game:powder-borax" }},"width": 3,"height": 3,"output": { "type": "item", "code": "bovinae:headmount-baby-bubalusmindorensis-00", "quantity": 1  }},
{"name": "Tamaraw Head Mount (Female)", "ingredientPattern": "_BC,DEF,GHI","ingredients": {"B": { "type": "item", "code": "game:knife-*", "isTool": true },"C": { "type": "item", "code": "game:hammer-*", "isTool": true },"D": { "type": "item", "code": "bovinae:pelt-female-bubalusmindorensis" },"E": { "type": "item", "code": "game:metalnailsandstrips-*" },"F": { "type": "item", "code": "game:clay-*" },"G": { "type": "block", "code": "game:debarkedlog-*" },"H": { "type": "block", "code": "game:glass-*" },"I": { "type": "item", "code": "game:powder-borax" }},"width": 3,"height": 3,"output": { "type": "item", "code": "bovinae:headmount-female-bubalusmindorensis-00", "quantity": 1  }},
{"name": "Tamaraw Head Mount (Male)", "ingredientPattern": "_BC,DEF,GHI","ingredients": {"B": { "type": "item", "code": "game:knife-*", "isTool": true },"C": { "type": "item", "code": "game:hammer-*", "isTool": true },"D": { "type": "item", "code": "bovinae:pelt-male-bubalusmindorensis" },"E": { "type": "item", "code": "game:metalnailsandstrips-*" },"F": { "type": "item", "code": "game:clay-*" },"G": { "type": "block", "code": "game:debarkedlog-*" },"H": { "type": "block", "code": "game:glass-*" },"I": { "type": "item", "code": "game:powder-borax" }},"width": 3,"height": 3,"output": { "type": "item", "code": "bovinae:headmount-male-bubalusmindorensis-00", "quantity": 1  }},

{"name": "Tamaraw Head Mount (Male)","ingredientPattern": "LK","ingredients": {"K": { "type": "item", "code": "bovinae:headmount-male-bubalusmindorensis-00"},"L": { "type": "item", "code": "game:antler-bubalusmindorensis-*", "name": "size", "allowedVariants": ["01","02","03","04","05"] }},"width": 2,"height": 1,"output": { "type": "item", "code": "bovinae:headmount-male-bubalusmindorensis-{size}", "quantity": 1  }},
{"name": "Tamaraw Head Mount (Female)","ingredientPattern": "LK","ingredients": {"K": { "type": "item", "code": "bovinae:headmount-female-bubalusmindorensis-00"},"L": { "type": "item", "code": "game:antler-bubalusmindorensis-*", "name": "size", "allowedVariants": ["01","02","03","04"] }},"width": 2,"height": 1,"output": { "type": "item", "code": "bovinae:headmount-female-bubalusmindorensis-{size}", "quantity": 1  }},

{"name": "European Water Buffalo Head Mount (Baby)", "ingredientPattern": "_BC,DEF,GHI","ingredients": {"B": { "type": "item", "code": "game:knife-*", "isTool": true },"C": { "type": "item", "code": "game:hammer-*", "isTool": true },"D": { "type": "item", "code": "bovinae:pelt-baby-bubalusmurrensis" },"E": { "type": "item", "code": "game:metalnailsandstrips-*" },"F": { "type": "item", "code": "game:clay-*" },"G": { "type": "block", "code": "game:debarkedlog-*" },"H": { "type": "block", "code": "game:glass-*" },"I": { "type": "item", "code": "game:powder-borax" }},"width": 3,"height": 3,"output": { "type": "item", "code": "bovinae:headmount-baby-bubalusmurrensis-00", "quantity": 1  }},
{"name": "European Water Buffalo Head Mount (Female)", "ingredientPattern": "_BC,DEF,GHI","ingredients": {"B": { "type": "item", "code": "game:knife-*", "isTool": true },"C": { "type": "item", "code": "game:hammer-*", "isTool": true },"D": { "type": "item", "code": "bovinae:pelt-female-bubalusmurrensis" },"E": { "type": "item", "code": "game:metalnailsandstrips-*" },"F": { "type": "item", "code": "game:clay-*" },"G": { "type": "block", "code": "game:debarkedlog-*" },"H": { "type": "block", "code": "game:glass-*" },"I": { "type": "item", "code": "game:powder-borax" }},"width": 3,"height": 3,"output": { "type": "item", "code": "bovinae:headmount-female-bubalusmurrensis-00", "quantity": 1  }},
{"name": "European Water Buffalo Head Mount (Male)", "ingredientPattern": "_BC,DEF,GHI","ingredients": {"B": { "type": "item", "code": "game:knife-*", "isTool": true },"C": { "type": "item", "code": "game:hammer-*", "isTool": true },"D": { "type": "item", "code": "bovinae:pelt-male-bubalusmurrensis" },"E": { "type": "item", "code": "game:metalnailsandstrips-*" },"F": { "type": "item", "code": "game:clay-*" },"G": { "type": "block", "code": "game:debarkedlog-*" },"H": { "type": "block", "code": "game:glass-*" },"I": { "type": "item", "code": "game:powder-borax" }},"width": 3,"height": 3,"output": { "type": "item", "code": "bovinae:headmount-male-bubalusmurrensis-00", "quantity": 1  }},

{"name": "European Water Buffalo Head Mount (Male)","ingredientPattern": "LK","ingredients": {"K": { "type": "item", "code": "bovinae:headmount-male-bubalusmurrensis-00"},"L": { "type": "item", "code": "game:antler-bubalusmurrensis-*", "name": "size", "allowedVariants": ["01","02","03","04","05","06"] }},"width": 2,"height": 1,"output": { "type": "item", "code": "bovinae:headmount-male-bubalusmurrensis-{size}", "quantity": 1  }},
{"name": "European Water Buffalo Head Mount (Female)","ingredientPattern": "LK","ingredients": {"K": { "type": "item", "code": "bovinae:headmount-female-bubalusmurrensis-00"},"L": { "type": "item", "code": "game:antler-bubalusmurrensis-*", "name": "size", "allowedVariants": ["01","02","03","04","05"] }},"width": 2,"height": 1,"output": { "type": "item", "code": "bovinae:headmount-female-bubalusmurrensis-{size}", "quantity": 1  }},

{"name": "Mountain Anoa Head Mount (Baby)", "ingredientPattern": "_BC,DEF,GHI","ingredients": {"B": { "type": "item", "code": "game:knife-*", "isTool": true },"C": { "type": "item", "code": "game:hammer-*", "isTool": true },"D": { "type": "item", "code": "bovinae:pelt-baby-bubalusquarlesi" },"E": { "type": "item", "code": "game:metalnailsandstrips-*" },"F": { "type": "item", "code": "game:clay-*" },"G": { "type": "block", "code": "game:debarkedlog-*" },"H": { "type": "block", "code": "game:glass-*" },"I": { "type": "item", "code": "game:powder-borax" }},"width": 3,"height": 3,"output": { "type": "item", "code": "bovinae:headmount-baby-bubalusquarlesi-00", "quantity": 1  }},
{"name": "Mountain Anoa Head Mount (Female)", "ingredientPattern": "_BC,DEF,GHI","ingredients": {"B": { "type": "item", "code": "game:knife-*", "isTool": true },"C": { "type": "item", "code": "game:hammer-*", "isTool": true },"D": { "type": "item", "code": "bovinae:pelt-female-bubalusquarlesi" },"E": { "type": "item", "code": "game:metalnailsandstrips-*" },"F": { "type": "item", "code": "game:clay-*" },"G": { "type": "block", "code": "game:debarkedlog-*" },"H": { "type": "block", "code": "game:glass-*" },"I": { "type": "item", "code": "game:powder-borax" }},"width": 3,"height": 3,"output": { "type": "item", "code": "bovinae:headmount-female-bubalusquarlesi-00", "quantity": 1  }},
{"name": "Mountain Anoa Head Mount (Male)", "ingredientPattern": "_BC,DEF,GHI","ingredients": {"B": { "type": "item", "code": "game:knife-*", "isTool": true },"C": { "type": "item", "code": "game:hammer-*", "isTool": true },"D": { "type": "item", "code": "bovinae:pelt-male-bubalusquarlesi" },"E": { "type": "item", "code": "game:metalnailsandstrips-*" },"F": { "type": "item", "code": "game:clay-*" },"G": { "type": "block", "code": "game:debarkedlog-*" },"H": { "type": "block", "code": "game:glass-*" },"I": { "type": "item", "code": "game:powder-borax" }},"width": 3,"height": 3,"output": { "type": "item", "code": "bovinae:headmount-male-bubalusquarlesi-00", "quantity": 1  }},

{"name": "Mountain Anoa Head Mount (Male)","ingredientPattern": "LK","ingredients": {"K": { "type": "item", "code": "bovinae:headmount-male-bubalusquarlesi-00"},"L": { "type": "item", "code": "game:antler-bubalusquarlesi-*", "name": "size", "allowedVariants": ["01","02","03","04"] }},"width": 2,"height": 1,"output": { "type": "item", "code": "bovinae:headmount-male-bubalusquarlesi-{size}", "quantity": 1  }},
{"name": "Mountain Anoa Head Mount (Female)","ingredientPattern": "LK","ingredients": {"K": { "type": "item", "code": "bovinae:headmount-female-bubalusquarlesi-00"},"L": { "type": "item", "code": "game:antler-bubalusquarlesi-*", "name": "size", "allowedVariants": ["01","02","03","04"] }},"width": 2,"height": 1,"output": { "type": "item", "code": "bovinae:headmount-female-bubalusquarlesi-{size}", "quantity": 1  }},

{"name": "Saola Head Mount (Baby)", "ingredientPattern": "_BC,DEF,GHI","ingredients": {"B": { "type": "item", "code": "game:knife-*", "isTool": true },"C": { "type": "item", "code": "game:hammer-*", "isTool": true },"D": { "type": "item", "code": "bovinae:pelt-baby-pseudoryxnghetinhensis" },"E": { "type": "item", "code": "game:metalnailsandstrips-*" },"F": { "type": "item", "code": "game:clay-*" },"G": { "type": "block", "code": "game:debarkedlog-*" },"H": { "type": "block", "code": "game:glass-*" },"I": { "type": "item", "code": "game:powder-borax" }},"width": 3,"height": 3,"output": { "type": "item", "code": "bovinae:headmount-baby-pseudoryxnghetinhensis-00", "quantity": 1  }},
{"name": "Saola Head Mount (Female)", "ingredientPattern": "_BC,DEF,GHI","ingredients": {"B": { "type": "item", "code": "game:knife-*", "isTool": true },"C": { "type": "item", "code": "game:hammer-*", "isTool": true },"D": { "type": "item", "code": "bovinae:pelt-female-pseudoryxnghetinhensis" },"E": { "type": "item", "code": "game:metalnailsandstrips-*" },"F": { "type": "item", "code": "game:clay-*" },"G": { "type": "block", "code": "game:debarkedlog-*" },"H": { "type": "block", "code": "game:glass-*" },"I": { "type": "item", "code": "game:powder-borax" }},"width": 3,"height": 3,"output": { "type": "item", "code": "bovinae:headmount-female-pseudoryxnghetinhensis-00", "quantity": 1  }},
{"name": "Saola Head Mount (Male)", "ingredientPattern": "_BC,DEF,GHI","ingredients": {"B": { "type": "item", "code": "game:knife-*", "isTool": true },"C": { "type": "item", "code": "game:hammer-*", "isTool": true },"D": { "type": "item", "code": "bovinae:pelt-male-pseudoryxnghetinhensis" },"E": { "type": "item", "code": "game:metalnailsandstrips-*" },"F": { "type": "item", "code": "game:clay-*" },"G": { "type": "block", "code": "game:debarkedlog-*" },"H": { "type": "block", "code": "game:glass-*" },"I": { "type": "item", "code": "game:powder-borax" }},"width": 3,"height": 3,"output": { "type": "item", "code": "bovinae:headmount-male-pseudoryxnghetinhensis-00", "quantity": 1  }},

{"name": "Saola Head Mount (Male)","ingredientPattern": "LK","ingredients": {"K": { "type": "item", "code": "bovinae:headmount-male-pseudoryxnghetinhensis-00"},"L": { "type": "item", "code": "game:antler-pseudoryxnghetinhensis-*", "name": "size", "allowedVariants": ["01","02","03","04","05"] }},"width": 2,"height": 1,"output": { "type": "item", "code": "bovinae:headmount-male-pseudoryxnghetinhensis-{size}", "quantity": 1  }},
{"name": "Saola Head Mount (Female)","ingredientPattern": "LK","ingredients": {"K": { "type": "item", "code": "bovinae:headmount-female-pseudoryxnghetinhensis-00"},"L": { "type": "item", "code": "game:antler-pseudoryxnghetinhensis-*", "name": "size", "allowedVariants": ["01","02","03","04","05"] }},"width": 2,"height": 1,"output": { "type": "item", "code": "bovinae:headmount-female-pseudoryxnghetinhensis-{size}", "quantity": 1  }},

{"name": "Giant Buffalo Head Mount (Baby)", "ingredientPattern": "_BC,DEF,GHI","ingredients": {"B": { "type": "item", "code": "game:knife-*", "isTool": true },"C": { "type": "item", "code": "game:hammer-*", "isTool": true },"D": { "type": "item", "code": "bovinae:pelt-baby-syncerusantiquus" },"E": { "type": "item", "code": "game:metalnailsandstrips-*" },"F": { "type": "item", "code": "game:clay-*" },"G": { "type": "block", "code": "game:debarkedlog-*" },"H": { "type": "block", "code": "game:glass-*" },"I": { "type": "item", "code": "game:powder-borax" }},"width": 3,"height": 3,"output": { "type": "item", "code": "bovinae:headmount-baby-syncerusantiquus-00", "quantity": 1  }},
{"name": "Giant Buffalo Head Mount (Female)", "ingredientPattern": "_BC,DEF,GHI","ingredients": {"B": { "type": "item", "code": "game:knife-*", "isTool": true },"C": { "type": "item", "code": "game:hammer-*", "isTool": true },"D": { "type": "item", "code": "bovinae:pelt-female-syncerusantiquus" },"E": { "type": "item", "code": "game:metalnailsandstrips-*" },"F": { "type": "item", "code": "game:clay-*" },"G": { "type": "block", "code": "game:debarkedlog-*" },"H": { "type": "block", "code": "game:glass-*" },"I": { "type": "item", "code": "game:powder-borax" }},"width": 3,"height": 3,"output": { "type": "item", "code": "bovinae:headmount-female-syncerusantiquus-00", "quantity": 1  }},
{"name": "Giant Buffalo Head Mount (Male)", "ingredientPattern": "_BC,DEF,GHI","ingredients": {"B": { "type": "item", "code": "game:knife-*", "isTool": true },"C": { "type": "item", "code": "game:hammer-*", "isTool": true },"D": { "type": "item", "code": "bovinae:pelt-male-syncerusantiquus" },"E": { "type": "item", "code": "game:metalnailsandstrips-*" },"F": { "type": "item", "code": "game:clay-*" },"G": { "type": "block", "code": "game:debarkedlog-*" },"H": { "type": "block", "code": "game:glass-*" },"I": { "type": "item", "code": "game:powder-borax" }},"width": 3,"height": 3,"output": { "type": "item", "code": "bovinae:headmount-male-syncerusantiquus-00", "quantity": 1  }},

{"name": "Giant Buffalo Head Mount (Male)","ingredientPattern": "LK","ingredients": {"K": { "type": "item", "code": "bovinae:headmount-male-syncerusantiquus-00"},"L": { "type": "item", "code": "game:antler-syncerusantiquus-*", "name": "size", "allowedVariants": ["01","02","03","04","05","06","07"] }},"width": 2,"height": 1,"output": { "type": "item", "code": "bovinae:headmount-male-syncerusantiquus-{size}", "quantity": 1  }},
{"name": "Giant Buffalo Head Mount (Female)","ingredientPattern": "LK","ingredients": {"K": { "type": "item", "code": "bovinae:headmount-female-syncerusantiquus-00"},"L": { "type": "item", "code": "game:antler-syncerusantiquus-*", "name": "size", "allowedVariants": ["01","02","03","04"] }},"width": 2,"height": 1,"output": { "type": "item", "code": "bovinae:headmount-female-syncerusantiquus-{size}", "quantity": 1  }},

{"name": "African Buffalo Head Mount (Baby)", "ingredientPattern": "_BC,DEF,GHI","ingredients": {"B": { "type": "item", "code": "game:knife-*", "isTool": true },"C": { "type": "item", "code": "game:hammer-*", "isTool": true },"D": { "type": "item", "code": "bovinae:pelt-baby-synceruscaffer" },"E": { "type": "item", "code": "game:metalnailsandstrips-*" },"F": { "type": "item", "code": "game:clay-*" },"G": { "type": "block", "code": "game:debarkedlog-*" },"H": { "type": "block", "code": "game:glass-*" },"I": { "type": "item", "code": "game:powder-borax" }},"width": 3,"height": 3,"output": { "type": "item", "code": "bovinae:headmount-baby-synceruscaffer-00", "quantity": 1  }},
{"name": "African Buffalo Head Mount (Female)", "ingredientPattern": "_BC,DEF,GHI","ingredients": {"B": { "type": "item", "code": "game:knife-*", "isTool": true },"C": { "type": "item", "code": "game:hammer-*", "isTool": true },"D": { "type": "item", "code": "bovinae:pelt-female-synceruscaffer" },"E": { "type": "item", "code": "game:metalnailsandstrips-*" },"F": { "type": "item", "code": "game:clay-*" },"G": { "type": "block", "code": "game:debarkedlog-*" },"H": { "type": "block", "code": "game:glass-*" },"I": { "type": "item", "code": "game:powder-borax" }},"width": 3,"height": 3,"output": { "type": "item", "code": "bovinae:headmount-female-synceruscaffer-00", "quantity": 1  }},
{"name": "African Buffalo Head Mount (Male)", "ingredientPattern": "_BC,DEF,GHI","ingredients": {"B": { "type": "item", "code": "game:knife-*", "isTool": true },"C": { "type": "item", "code": "game:hammer-*", "isTool": true },"D": { "type": "item", "code": "bovinae:pelt-male-synceruscaffer" },"E": { "type": "item", "code": "game:metalnailsandstrips-*" },"F": { "type": "item", "code": "game:clay-*" },"G": { "type": "block", "code": "game:debarkedlog-*" },"H": { "type": "block", "code": "game:glass-*" },"I": { "type": "item", "code": "game:powder-borax" }},"width": 3,"height": 3,"output": { "type": "item", "code": "bovinae:headmount-male-synceruscaffer-00", "quantity": 1  }},

{"name": "African Buffalo Head Mount (Male)","ingredientPattern": "LK","ingredients": {"K": { "type": "item", "code": "bovinae:headmount-male-synceruscaffer-00"},"L": { "type": "item", "code": "game:antler-synceruscaffer-*", "name": "size", "allowedVariants": ["01","02","03","04","05","06","07"] }},"width": 2,"height": 1,"output": { "type": "item", "code": "bovinae:headmount-male-synceruscaffer-{size}", "quantity": 1  }},
{"name": "African Buffalo Head Mount (Female)","ingredientPattern": "LK","ingredients": {"K": { "type": "item", "code": "bovinae:headmount-female-synceruscaffer-00"},"L": { "type": "item", "code": "game:antler-synceruscaffer-*", "name": "size", "allowedVariants": ["01","02","03","04"] }},"width": 2,"height": 1,"output": { "type": "item", "code": "bovinae:headmount-female-synceruscaffer-{size}", "quantity": 1  }},

{"name": "Forest Buffalo Head Mount (Baby)", "ingredientPattern": "_BC,DEF,GHI","ingredients": {"B": { "type": "item", "code": "game:knife-*", "isTool": true },"C": { "type": "item", "code": "game:hammer-*", "isTool": true },"D": { "type": "item", "code": "bovinae:pelt-baby-syncerusnanus" },"E": { "type": "item", "code": "game:metalnailsandstrips-*" },"F": { "type": "item", "code": "game:clay-*" },"G": { "type": "block", "code": "game:debarkedlog-*" },"H": { "type": "block", "code": "game:glass-*" },"I": { "type": "item", "code": "game:powder-borax" }},"width": 3,"height": 3,"output": { "type": "item", "code": "bovinae:headmount-baby-syncerusnanus-00", "quantity": 1  }},
{"name": "Forest Buffalo Head Mount (Female)", "ingredientPattern": "_BC,DEF,GHI","ingredients": {"B": { "type": "item", "code": "game:knife-*", "isTool": true },"C": { "type": "item", "code": "game:hammer-*", "isTool": true },"D": { "type": "item", "code": "bovinae:pelt-female-syncerusnanus" },"E": { "type": "item", "code": "game:metalnailsandstrips-*" },"F": { "type": "item", "code": "game:clay-*" },"G": { "type": "block", "code": "game:debarkedlog-*" },"H": { "type": "block", "code": "game:glass-*" },"I": { "type": "item", "code": "game:powder-borax" }},"width": 3,"height": 3,"output": { "type": "item", "code": "bovinae:headmount-female-syncerusnanus-00", "quantity": 1  }},
{"name": "Forest Buffalo Head Mount (Male)", "ingredientPattern": "_BC,DEF,GHI","ingredients": {"B": { "type": "item", "code": "game:knife-*", "isTool": true },"C": { "type": "item", "code": "game:hammer-*", "isTool": true },"D": { "type": "item", "code": "bovinae:pelt-male-syncerusnanus" },"E": { "type": "item", "code": "game:metalnailsandstrips-*" },"F": { "type": "item", "code": "game:clay-*" },"G": { "type": "block", "code": "game:debarkedlog-*" },"H": { "type": "block", "code": "game:glass-*" },"I": { "type": "item", "code": "game:powder-borax" }},"width": 3,"height": 3,"output": { "type": "item", "code": "bovinae:headmount-male-syncerusnanus-00", "quantity": 1  }},

{"name": "Forest Buffalo Head Mount (Male)","ingredientPattern": "LK","ingredients": {"K": { "type": "item", "code": "bovinae:headmount-male-syncerusnanus-00"},"L": { "type": "item", "code": "game:antler-syncerusnanus-*", "name": "size", "allowedVariants": ["01","02","03","04","05"] }},"width": 2,"height": 1,"output": { "type": "item", "code": "bovinae:headmount-male-syncerusnanus-{size}", "quantity": 1  }},
{"name": "Forest Buffalo Head Mount (Female)","ingredientPattern": "LK","ingredients": {"K": { "type": "item", "code": "bovinae:headmount-female-syncerusnanus-00"},"L": { "type": "item", "code": "game:antler-syncerusnanus-*", "name": "size", "allowedVariants": ["01","02","03","04"] }},"width": 2,"height": 1,"output": { "type": "item", "code": "bovinae:headmount-female-syncerusnanus-{size}", "quantity": 1  }},

{"name": "Giant Eland Head Mount (Baby)", "ingredientPattern": "_BC,DEF,GHI","ingredients": {"B": { "type": "item", "code": "game:knife-*", "isTool": true },"C": { "type": "item", "code": "game:hammer-*", "isTool": true },"D": { "type": "item", "code": "bovinae:pelt-baby-taurotragusderbianus" },"E": { "type": "item", "code": "game:metalnailsandstrips-*" },"F": { "type": "item", "code": "game:clay-*" },"G": { "type": "block", "code": "game:debarkedlog-*" },"H": { "type": "block", "code": "game:glass-*" },"I": { "type": "item", "code": "game:powder-borax" }},"width": 3,"height": 3,"output": { "type": "item", "code": "bovinae:headmount-baby-taurotragusderbianus-00", "quantity": 1  }},
{"name": "Giant Eland Head Mount (Female)", "ingredientPattern": "_BC,DEF,GHI","ingredients": {"B": { "type": "item", "code": "game:knife-*", "isTool": true },"C": { "type": "item", "code": "game:hammer-*", "isTool": true },"D": { "type": "item", "code": "bovinae:pelt-female-taurotragusderbianus" },"E": { "type": "item", "code": "game:metalnailsandstrips-*" },"F": { "type": "item", "code": "game:clay-*" },"G": { "type": "block", "code": "game:debarkedlog-*" },"H": { "type": "block", "code": "game:glass-*" },"I": { "type": "item", "code": "game:powder-borax" }},"width": 3,"height": 3,"output": { "type": "item", "code": "bovinae:headmount-female-taurotragusderbianus-00", "quantity": 1  }},
{"name": "Giant Eland Head Mount (Male)", "ingredientPattern": "_BC,DEF,GHI","ingredients": {"B": { "type": "item", "code": "game:knife-*", "isTool": true },"C": { "type": "item", "code": "game:hammer-*", "isTool": true },"D": { "type": "item", "code": "bovinae:pelt-male-taurotragusderbianus" },"E": { "type": "item", "code": "game:metalnailsandstrips-*" },"F": { "type": "item", "code": "game:clay-*" },"G": { "type": "block", "code": "game:debarkedlog-*" },"H": { "type": "block", "code": "game:glass-*" },"I": { "type": "item", "code": "game:powder-borax" }},"width": 3,"height": 3,"output": { "type": "item", "code": "bovinae:headmount-male-taurotragusderbianus-00", "quantity": 1  }},

{"name": "Giant Eland Head Mount (Male)","ingredientPattern": "LK","ingredients": {"K": { "type": "item", "code": "bovinae:headmount-male-taurotragusderbianus-00"},"L": { "type": "item", "code": "game:antler-taurotragusderbianus-*", "name": "size", "allowedVariants": ["01","02","03","04","05","06"] }},"width": 2,"height": 1,"output": { "type": "item", "code": "bovinae:headmount-male-taurotragusderbianus-{size}", "quantity": 1  }},
{"name": "Giant Eland Head Mount (Female)","ingredientPattern": "LK","ingredients": {"K": { "type": "item", "code": "bovinae:headmount-female-taurotragusderbianus-00"},"L": { "type": "item", "code": "game:antler-taurotragusderbianus-*", "name": "size", "allowedVariants": ["01","02","03","04"] }},"width": 2,"height": 1,"output": { "type": "item", "code": "bovinae:headmount-female-taurotragusderbianus-{size}", "quantity": 1  }},

{"name": "Common Eland Head Mount (Baby)", "ingredientPattern": "_BC,DEF,GHI","ingredients": {"B": { "type": "item", "code": "game:knife-*", "isTool": true },"C": { "type": "item", "code": "game:hammer-*", "isTool": true },"D": { "type": "item", "code": "bovinae:pelt-baby-taurotragusoryx" },"E": { "type": "item", "code": "game:metalnailsandstrips-*" },"F": { "type": "item", "code": "game:clay-*" },"G": { "type": "block", "code": "game:debarkedlog-*" },"H": { "type": "block", "code": "game:glass-*" },"I": { "type": "item", "code": "game:powder-borax" }},"width": 3,"height": 3,"output": { "type": "item", "code": "bovinae:headmount-baby-taurotragusoryx-00", "quantity": 1  }},
{"name": "Common Eland Head Mount (Female)", "ingredientPattern": "_BC,DEF,GHI","ingredients": {"B": { "type": "item", "code": "game:knife-*", "isTool": true },"C": { "type": "item", "code": "game:hammer-*", "isTool": true },"D": { "type": "item", "code": "bovinae:pelt-female-taurotragusoryx" },"E": { "type": "item", "code": "game:metalnailsandstrips-*" },"F": { "type": "item", "code": "game:clay-*" },"G": { "type": "block", "code": "game:debarkedlog-*" },"H": { "type": "block", "code": "game:glass-*" },"I": { "type": "item", "code": "game:powder-borax" }},"width": 3,"height": 3,"output": { "type": "item", "code": "bovinae:headmount-female-taurotragusoryx-00", "quantity": 1  }},
{"name": "Common Eland Head Mount (Male)", "ingredientPattern": "_BC,DEF,GHI","ingredients": {"B": { "type": "item", "code": "game:knife-*", "isTool": true },"C": { "type": "item", "code": "game:hammer-*", "isTool": true },"D": { "type": "item", "code": "bovinae:pelt-male-taurotragusoryx" },"E": { "type": "item", "code": "game:metalnailsandstrips-*" },"F": { "type": "item", "code": "game:clay-*" },"G": { "type": "block", "code": "game:debarkedlog-*" },"H": { "type": "block", "code": "game:glass-*" },"I": { "type": "item", "code": "game:powder-borax" }},"width": 3,"height": 3,"output": { "type": "item", "code": "bovinae:headmount-male-taurotragusoryx-00", "quantity": 1  }},

{"name": "Common Eland Head Mount (Male)","ingredientPattern": "LK","ingredients": {"K": { "type": "item", "code": "bovinae:headmount-male-taurotragusoryx-00"},"L": { "type": "item", "code": "game:antler-taurotragusoryx-*", "name": "size", "allowedVariants": ["01","02","03","04","05"] }},"width": 2,"height": 1,"output": { "type": "item", "code": "bovinae:headmount-male-taurotragusoryx-{size}", "quantity": 1  }},
{"name": "Common Eland Head Mount (Female)","ingredientPattern": "LK","ingredients": {"K": { "type": "item", "code": "bovinae:headmount-female-taurotragusoryx-00"},"L": { "type": "item", "code": "game:antler-taurotragusoryx-*", "name": "size", "allowedVariants": ["01","02","03","04","05"] }},"width": 2,"height": 1,"output": { "type": "item", "code": "bovinae:headmount-female-taurotragusoryx-{size}", "quantity": 1  }},

{"name": "Four-Horned Antelope Head Mount (Baby)", "ingredientPattern": "_BC,DEF,GHI","ingredients": {"B": { "type": "item", "code": "game:knife-*", "isTool": true },"C": { "type": "item", "code": "game:hammer-*", "isTool": true },"D": { "type": "item", "code": "bovinae:pelt-baby-tetracerusquadricornis" },"E": { "type": "item", "code": "game:metalnailsandstrips-*" },"F": { "type": "item", "code": "game:clay-*" },"G": { "type": "block", "code": "game:debarkedlog-*" },"H": { "type": "block", "code": "game:glass-*" },"I": { "type": "item", "code": "game:powder-borax" }},"width": 3,"height": 3,"output": { "type": "item", "code": "bovinae:headmount-baby-tetracerusquadricornis-00", "quantity": 1  }},
{"name": "Four-Horned Antelope Head Mount (Female)", "ingredientPattern": "_BC,DEF,GHI","ingredients": {"B": { "type": "item", "code": "game:knife-*", "isTool": true },"C": { "type": "item", "code": "game:hammer-*", "isTool": true },"D": { "type": "item", "code": "bovinae:pelt-female-tetracerusquadricornis" },"E": { "type": "item", "code": "game:metalnailsandstrips-*" },"F": { "type": "item", "code": "game:clay-*" },"G": { "type": "block", "code": "game:debarkedlog-*" },"H": { "type": "block", "code": "game:glass-*" },"I": { "type": "item", "code": "game:powder-borax" }},"width": 3,"height": 3,"output": { "type": "item", "code": "bovinae:headmount-female-tetracerusquadricornis-00", "quantity": 1  }},
{"name": "Four-Horned Antelope Head Mount (Male)", "ingredientPattern": "_BC,DEF,GHI","ingredients": {"B": { "type": "item", "code": "game:knife-*", "isTool": true },"C": { "type": "item", "code": "game:hammer-*", "isTool": true },"D": { "type": "item", "code": "bovinae:pelt-male-tetracerusquadricornis" },"E": { "type": "item", "code": "game:metalnailsandstrips-*" },"F": { "type": "item", "code": "game:clay-*" },"G": { "type": "block", "code": "game:debarkedlog-*" },"H": { "type": "block", "code": "game:glass-*" },"I": { "type": "item", "code": "game:powder-borax" }},"width": 3,"height": 3,"output": { "type": "item", "code": "bovinae:headmount-male-tetracerusquadricornis-00", "quantity": 1  }},

{"name": "Four-Horned Antelope Head Mount (Male)","ingredientPattern": "LK","ingredients": {"K": { "type": "item", "code": "bovinae:headmount-male-tetracerusquadricornis-00"},"L": { "type": "item", "code": "game:antler-tetracerusquadricornis-*", "name": "size", "allowedVariants": ["01","02","03"] }},"width": 2,"height": 1,"output": { "type": "item", "code": "bovinae:headmount-male-tetracerusquadricornis-{size}", "quantity": 1  }},

{"name": "Lowland Nyala Head Mount (Baby)", "ingredientPattern": "_BC,DEF,GHI","ingredients": {"B": { "type": "item", "code": "game:knife-*", "isTool": true },"C": { "type": "item", "code": "game:hammer-*", "isTool": true },"D": { "type": "item", "code": "bovinae:pelt-baby-tragelaphusangasii" },"E": { "type": "item", "code": "game:metalnailsandstrips-*" },"F": { "type": "item", "code": "game:clay-*" },"G": { "type": "block", "code": "game:debarkedlog-*" },"H": { "type": "block", "code": "game:glass-*" },"I": { "type": "item", "code": "game:powder-borax" }},"width": 3,"height": 3,"output": { "type": "item", "code": "bovinae:headmount-baby-tragelaphusangasii-00", "quantity": 1  }},
{"name": "Lowland Nyala Head Mount (Female)", "ingredientPattern": "_BC,DEF,GHI","ingredients": {"B": { "type": "item", "code": "game:knife-*", "isTool": true },"C": { "type": "item", "code": "game:hammer-*", "isTool": true },"D": { "type": "item", "code": "bovinae:pelt-female-tragelaphusangasii" },"E": { "type": "item", "code": "game:metalnailsandstrips-*" },"F": { "type": "item", "code": "game:clay-*" },"G": { "type": "block", "code": "game:debarkedlog-*" },"H": { "type": "block", "code": "game:glass-*" },"I": { "type": "item", "code": "game:powder-borax" }},"width": 3,"height": 3,"output": { "type": "item", "code": "bovinae:headmount-female-tragelaphusangasii-00", "quantity": 1  }},
{"name": "Lowland Nyala Head Mount (Male)", "ingredientPattern": "_BC,DEF,GHI","ingredients": {"B": { "type": "item", "code": "game:knife-*", "isTool": true },"C": { "type": "item", "code": "game:hammer-*", "isTool": true },"D": { "type": "item", "code": "bovinae:pelt-male-tragelaphusangasii" },"E": { "type": "item", "code": "game:metalnailsandstrips-*" },"F": { "type": "item", "code": "game:clay-*" },"G": { "type": "block", "code": "game:debarkedlog-*" },"H": { "type": "block", "code": "game:glass-*" },"I": { "type": "item", "code": "game:powder-borax" }},"width": 3,"height": 3,"output": { "type": "item", "code": "bovinae:headmount-male-tragelaphusangasii-00", "quantity": 1  }},

{"name": "Lowland Nyala Head Mount (Male)","ingredientPattern": "LK","ingredients": {"K": { "type": "item", "code": "bovinae:headmount-male-tragelaphusangasii-00"},"L": { "type": "item", "code": "game:antler-tragelaphusangasii-*", "name": "size", "allowedVariants": ["01","02","03","04","05"] }},"width": 2,"height": 1,"output": { "type": "item", "code": "bovinae:headmount-male-tragelaphusangasii-{size}", "quantity": 1  }},

{"name": "Mountain Nyala Head Mount (Baby)", "ingredientPattern": "_BC,DEF,GHI","ingredients": {"B": { "type": "item", "code": "game:knife-*", "isTool": true },"C": { "type": "item", "code": "game:hammer-*", "isTool": true },"D": { "type": "item", "code": "bovinae:pelt-baby-tragelaphusbuxtoni" },"E": { "type": "item", "code": "game:metalnailsandstrips-*" },"F": { "type": "item", "code": "game:clay-*" },"G": { "type": "block", "code": "game:debarkedlog-*" },"H": { "type": "block", "code": "game:glass-*" },"I": { "type": "item", "code": "game:powder-borax" }},"width": 3,"height": 3,"output": { "type": "item", "code": "bovinae:headmount-baby-tragelaphusbuxtoni-00", "quantity": 1  }},
{"name": "Mountain Nyala Head Mount (Female)", "ingredientPattern": "_BC,DEF,GHI","ingredients": {"B": { "type": "item", "code": "game:knife-*", "isTool": true },"C": { "type": "item", "code": "game:hammer-*", "isTool": true },"D": { "type": "item", "code": "bovinae:pelt-female-tragelaphusbuxtoni" },"E": { "type": "item", "code": "game:metalnailsandstrips-*" },"F": { "type": "item", "code": "game:clay-*" },"G": { "type": "block", "code": "game:debarkedlog-*" },"H": { "type": "block", "code": "game:glass-*" },"I": { "type": "item", "code": "game:powder-borax" }},"width": 3,"height": 3,"output": { "type": "item", "code": "bovinae:headmount-female-tragelaphusbuxtoni-00", "quantity": 1  }},
{"name": "Mountain Nyala Head Mount (Male)", "ingredientPattern": "_BC,DEF,GHI","ingredients": {"B": { "type": "item", "code": "game:knife-*", "isTool": true },"C": { "type": "item", "code": "game:hammer-*", "isTool": true },"D": { "type": "item", "code": "bovinae:pelt-male-tragelaphusbuxtoni" },"E": { "type": "item", "code": "game:metalnailsandstrips-*" },"F": { "type": "item", "code": "game:clay-*" },"G": { "type": "block", "code": "game:debarkedlog-*" },"H": { "type": "block", "code": "game:glass-*" },"I": { "type": "item", "code": "game:powder-borax" }},"width": 3,"height": 3,"output": { "type": "item", "code": "bovinae:headmount-male-tragelaphusbuxtoni-00", "quantity": 1  }},

{"name": "Mountain Nyala Head Mount (Male)","ingredientPattern": "LK","ingredients": {"K": { "type": "item", "code": "bovinae:headmount-male-tragelaphusbuxtoni-00"},"L": { "type": "item", "code": "game:antler-tragelaphusbuxtoni-*", "name": "size", "allowedVariants": ["01","02","03","04","05","06","07"] }},"width": 2,"height": 1,"output": { "type": "item", "code": "bovinae:headmount-male-tragelaphusbuxtoni-{size}", "quantity": 1  }},

{"name": "Bongo Head Mount (Baby)", "ingredientPattern": "_BC,DEF,GHI","ingredients": {"B": { "type": "item", "code": "game:knife-*", "isTool": true },"C": { "type": "item", "code": "game:hammer-*", "isTool": true },"D": { "type": "item", "code": "bovinae:pelt-baby-tragelaphuseurycerus" },"E": { "type": "item", "code": "game:metalnailsandstrips-*" },"F": { "type": "item", "code": "game:clay-*" },"G": { "type": "block", "code": "game:debarkedlog-*" },"H": { "type": "block", "code": "game:glass-*" },"I": { "type": "item", "code": "game:powder-borax" }},"width": 3,"height": 3,"output": { "type": "item", "code": "bovinae:headmount-baby-tragelaphuseurycerus-00", "quantity": 1  }},
{"name": "Bongo Head Mount (Female)", "ingredientPattern": "_BC,DEF,GHI","ingredients": {"B": { "type": "item", "code": "game:knife-*", "isTool": true },"C": { "type": "item", "code": "game:hammer-*", "isTool": true },"D": { "type": "item", "code": "bovinae:pelt-female-tragelaphuseurycerus" },"E": { "type": "item", "code": "game:metalnailsandstrips-*" },"F": { "type": "item", "code": "game:clay-*" },"G": { "type": "block", "code": "game:debarkedlog-*" },"H": { "type": "block", "code": "game:glass-*" },"I": { "type": "item", "code": "game:powder-borax" }},"width": 3,"height": 3,"output": { "type": "item", "code": "bovinae:headmount-female-tragelaphuseurycerus-00", "quantity": 1  }},
{"name": "Bongo Head Mount (Male)", "ingredientPattern": "_BC,DEF,GHI","ingredients": {"B": { "type": "item", "code": "game:knife-*", "isTool": true },"C": { "type": "item", "code": "game:hammer-*", "isTool": true },"D": { "type": "item", "code": "bovinae:pelt-male-tragelaphuseurycerus" },"E": { "type": "item", "code": "game:metalnailsandstrips-*" },"F": { "type": "item", "code": "game:clay-*" },"G": { "type": "block", "code": "game:debarkedlog-*" },"H": { "type": "block", "code": "game:glass-*" },"I": { "type": "item", "code": "game:powder-borax" }},"width": 3,"height": 3,"output": { "type": "item", "code": "bovinae:headmount-male-tragelaphuseurycerus-00", "quantity": 1  }},

{"name": "Bongo Head Mount (Male)","ingredientPattern": "LK","ingredients": {"K": { "type": "item", "code": "bovinae:headmount-male-tragelaphuseurycerus-00"},"L": { "type": "item", "code": "game:antler-tragelaphuseurycerus-*", "name": "size", "allowedVariants": ["01","02","03","04","05","06","07"] }},"width": 2,"height": 1,"output": { "type": "item", "code": "bovinae:headmount-male-tragelaphuseurycerus-{size}", "quantity": 1  }},
{"name": "Bongo Head Mount (Female)","ingredientPattern": "LK","ingredients": {"K": { "type": "item", "code": "bovinae:headmount-female-tragelaphuseurycerus-00"},"L": { "type": "item", "code": "game:antler-tragelaphuseurycerus-*", "name": "size", "allowedVariants": ["01","02","03","04","05"] }},"width": 2,"height": 1,"output": { "type": "item", "code": "bovinae:headmount-female-tragelaphuseurycerus-{size}", "quantity": 1  }},

{"name": "Lesser Kudu Head Mount (Baby)", "ingredientPattern": "_BC,DEF,GHI","ingredients": {"B": { "type": "item", "code": "game:knife-*", "isTool": true },"C": { "type": "item", "code": "game:hammer-*", "isTool": true },"D": { "type": "item", "code": "bovinae:pelt-baby-tragelaphusimberbis" },"E": { "type": "item", "code": "game:metalnailsandstrips-*" },"F": { "type": "item", "code": "game:clay-*" },"G": { "type": "block", "code": "game:debarkedlog-*" },"H": { "type": "block", "code": "game:glass-*" },"I": { "type": "item", "code": "game:powder-borax" }},"width": 3,"height": 3,"output": { "type": "item", "code": "bovinae:headmount-baby-tragelaphusimberbis-00", "quantity": 1  }},
{"name": "Lesser Kudu Head Mount (Female)", "ingredientPattern": "_BC,DEF,GHI","ingredients": {"B": { "type": "item", "code": "game:knife-*", "isTool": true },"C": { "type": "item", "code": "game:hammer-*", "isTool": true },"D": { "type": "item", "code": "bovinae:pelt-female-tragelaphusimberbis" },"E": { "type": "item", "code": "game:metalnailsandstrips-*" },"F": { "type": "item", "code": "game:clay-*" },"G": { "type": "block", "code": "game:debarkedlog-*" },"H": { "type": "block", "code": "game:glass-*" },"I": { "type": "item", "code": "game:powder-borax" }},"width": 3,"height": 3,"output": { "type": "item", "code": "bovinae:headmount-female-tragelaphusimberbis-00", "quantity": 1  }},
{"name": "Lesser Kudu Head Mount (Male)", "ingredientPattern": "_BC,DEF,GHI","ingredients": {"B": { "type": "item", "code": "game:knife-*", "isTool": true },"C": { "type": "item", "code": "game:hammer-*", "isTool": true },"D": { "type": "item", "code": "bovinae:pelt-male-tragelaphusimberbis" },"E": { "type": "item", "code": "game:metalnailsandstrips-*" },"F": { "type": "item", "code": "game:clay-*" },"G": { "type": "block", "code": "game:debarkedlog-*" },"H": { "type": "block", "code": "game:glass-*" },"I": { "type": "item", "code": "game:powder-borax" }},"width": 3,"height": 3,"output": { "type": "item", "code": "bovinae:headmount-male-tragelaphusimberbis-00", "quantity": 1  }},

{"name": "Lesser Kudu Head Mount (Male)","ingredientPattern": "LK","ingredients": {"K": { "type": "item", "code": "bovinae:headmount-male-tragelaphusstrepsiceros-00"},"L": { "type": "item", "code": "game:antler-tragelaphusimberbis-*", "name": "size", "allowedVariants": ["01","02","03","04","05","06","07","08","09"] }},"width": 2,"height": 1,"output": { "type": "item", "code": "bovinae:headmount-male-tragelaphusimberbis-{size}", "quantity": 1  }},

{"name": "Harnessed Bushbuck Head Mount (Baby)", "ingredientPattern": "_BC,DEF,GHI","ingredients": {"B": { "type": "item", "code": "game:knife-*", "isTool": true },"C": { "type": "item", "code": "game:hammer-*", "isTool": true },"D": { "type": "item", "code": "bovinae:pelt-baby-tragelaphusscriptus" },"E": { "type": "item", "code": "game:metalnailsandstrips-*" },"F": { "type": "item", "code": "game:clay-*" },"G": { "type": "block", "code": "game:debarkedlog-*" },"H": { "type": "block", "code": "game:glass-*" },"I": { "type": "item", "code": "game:powder-borax" }},"width": 3,"height": 3,"output": { "type": "item", "code": "bovinae:headmount-baby-tragelaphusscriptus-00", "quantity": 1  }},
{"name": "Harnessed Bushbuck Head Mount (Female)", "ingredientPattern": "_BC,DEF,GHI","ingredients": {"B": { "type": "item", "code": "game:knife-*", "isTool": true },"C": { "type": "item", "code": "game:hammer-*", "isTool": true },"D": { "type": "item", "code": "bovinae:pelt-female-tragelaphusscriptus" },"E": { "type": "item", "code": "game:metalnailsandstrips-*" },"F": { "type": "item", "code": "game:clay-*" },"G": { "type": "block", "code": "game:debarkedlog-*" },"H": { "type": "block", "code": "game:glass-*" },"I": { "type": "item", "code": "game:powder-borax" }},"width": 3,"height": 3,"output": { "type": "item", "code": "bovinae:headmount-female-tragelaphusscriptus-00", "quantity": 1  }},
{"name": "Harnessed Bushbuck Head Mount (Male)", "ingredientPattern": "_BC,DEF,GHI","ingredients": {"B": { "type": "item", "code": "game:knife-*", "isTool": true },"C": { "type": "item", "code": "game:hammer-*", "isTool": true },"D": { "type": "item", "code": "bovinae:pelt-male-tragelaphusscriptus" },"E": { "type": "item", "code": "game:metalnailsandstrips-*" },"F": { "type": "item", "code": "game:clay-*" },"G": { "type": "block", "code": "game:debarkedlog-*" },"H": { "type": "block", "code": "game:glass-*" },"I": { "type": "item", "code": "game:powder-borax" }},"width": 3,"height": 3,"output": { "type": "item", "code": "bovinae:headmount-male-tragelaphusscriptus-00", "quantity": 1  }},

{"name": "Harnessed Bushbuck Head Mount (Male)","ingredientPattern": "LK","ingredients": {"K": { "type": "item", "code": "bovinae:headmount-male-tragelaphusscriptus-00"},"L": { "type": "item", "code": "game:antler-tragelaphusscriptus-*", "name": "size", "allowedVariants": ["01","02","03","04","05"] }},"width": 2,"height": 1,"output": { "type": "item", "code": "bovinae:headmount-male-tragelaphusscriptus-{size}", "quantity": 1  }},

{"name": "Sitatunga Head Mount (Baby)", "ingredientPattern": "_BC,DEF,GHI","ingredients": {"B": { "type": "item", "code": "game:knife-*", "isTool": true },"C": { "type": "item", "code": "game:hammer-*", "isTool": true },"D": { "type": "item", "code": "bovinae:pelt-baby-tragelaphusspekii" },"E": { "type": "item", "code": "game:metalnailsandstrips-*" },"F": { "type": "item", "code": "game:clay-*" },"G": { "type": "block", "code": "game:debarkedlog-*" },"H": { "type": "block", "code": "game:glass-*" },"I": { "type": "item", "code": "game:powder-borax" }},"width": 3,"height": 3,"output": { "type": "item", "code": "bovinae:headmount-baby-tragelaphusspekii-00", "quantity": 1  }},
{"name": "Sitatunga Head Mount (Female)", "ingredientPattern": "_BC,DEF,GHI","ingredients": {"B": { "type": "item", "code": "game:knife-*", "isTool": true },"C": { "type": "item", "code": "game:hammer-*", "isTool": true },"D": { "type": "item", "code": "bovinae:pelt-female-tragelaphusspekii" },"E": { "type": "item", "code": "game:metalnailsandstrips-*" },"F": { "type": "item", "code": "game:clay-*" },"G": { "type": "block", "code": "game:debarkedlog-*" },"H": { "type": "block", "code": "game:glass-*" },"I": { "type": "item", "code": "game:powder-borax" }},"width": 3,"height": 3,"output": { "type": "item", "code": "bovinae:headmount-female-tragelaphusspekii-00", "quantity": 1  }},
{"name": "Sitatunga Head Mount (Male)", "ingredientPattern": "_BC,DEF,GHI","ingredients": {"B": { "type": "item", "code": "game:knife-*", "isTool": true },"C": { "type": "item", "code": "game:hammer-*", "isTool": true },"D": { "type": "item", "code": "bovinae:pelt-male-tragelaphusspekii" },"E": { "type": "item", "code": "game:metalnailsandstrips-*" },"F": { "type": "item", "code": "game:clay-*" },"G": { "type": "block", "code": "game:debarkedlog-*" },"H": { "type": "block", "code": "game:glass-*" },"I": { "type": "item", "code": "game:powder-borax" }},"width": 3,"height": 3,"output": { "type": "item", "code": "bovinae:headmount-male-tragelaphusspekii-00", "quantity": 1  }},

{"name": "Sitatunga Head Mount (Male)","ingredientPattern": "LK","ingredients": {"K": { "type": "item", "code": "bovinae:headmount-male-tragelaphusspekii-00"},"L": { "type": "item", "code": "game:antler-tragelaphusspekii-*", "name": "size", "allowedVariants": ["01","02","03","04","05","06","07"] }},"width": 2,"height": 1,"output": { "type": "item", "code": "bovinae:headmount-male-tragelaphusspekii-{size}", "quantity": 1  }},

{"name": "Greater Kudu Head Mount (Baby)", "ingredientPattern": "_BC,DEF,GHI","ingredients": {"B": { "type": "item", "code": "game:knife-*", "isTool": true },"C": { "type": "item", "code": "game:hammer-*", "isTool": true },"D": { "type": "item", "code": "bovinae:pelt-baby-tragelaphusstrepsiceros" },"E": { "type": "item", "code": "game:metalnailsandstrips-*" },"F": { "type": "item", "code": "game:clay-*" },"G": { "type": "block", "code": "game:debarkedlog-*" },"H": { "type": "block", "code": "game:glass-*" },"I": { "type": "item", "code": "game:powder-borax" }},"width": 3,"height": 3,"output": { "type": "item", "code": "bovinae:headmount-baby-tragelaphusstrepsiceros-00", "quantity": 1  }},
{"name": "Greater Kudu Head Mount (Female)", "ingredientPattern": "_BC,DEF,GHI","ingredients": {"B": { "type": "item", "code": "game:knife-*", "isTool": true },"C": { "type": "item", "code": "game:hammer-*", "isTool": true },"D": { "type": "item", "code": "bovinae:pelt-female-tragelaphusstrepsiceros" },"E": { "type": "item", "code": "game:metalnailsandstrips-*" },"F": { "type": "item", "code": "game:clay-*" },"G": { "type": "block", "code": "game:debarkedlog-*" },"H": { "type": "block", "code": "game:glass-*" },"I": { "type": "item", "code": "game:powder-borax" }},"width": 3,"height": 3,"output": { "type": "item", "code": "bovinae:headmount-female-tragelaphusstrepsiceros-00", "quantity": 1  }},
{"name": "Greater Kudu Head Mount (Male)", "ingredientPattern": "_BC,DEF,GHI","ingredients": {"B": { "type": "item", "code": "game:knife-*", "isTool": true },"C": { "type": "item", "code": "game:hammer-*", "isTool": true },"D": { "type": "item", "code": "bovinae:pelt-male-tragelaphusstrepsiceros" },"E": { "type": "item", "code": "game:metalnailsandstrips-*" },"F": { "type": "item", "code": "game:clay-*" },"G": { "type": "block", "code": "game:debarkedlog-*" },"H": { "type": "block", "code": "game:glass-*" },"I": { "type": "item", "code": "game:powder-borax" }},"width": 3,"height": 3,"output": { "type": "item", "code": "bovinae:headmount-male-tragelaphusstrepsiceros-00", "quantity": 1  }},

{"name": "Greater Kudu Head Mount (Male)","ingredientPattern": "LK","ingredients": {"K": { "type": "item", "code": "bovinae:headmount-male-tragelaphusstrepsiceros-00"},"L": { "type": "item", "code": "game:antler-tragelaphusstrepsiceros-*", "name": "size", "allowedVariants": ["01","02","03","04","05","06","07","08","09"] }},"width": 2,"height": 1,"output": { "type": "item", "code": "bovinae:headmount-male-tragelaphusstrepsiceros-{size}", "quantity": 1  }},

{"name": "Cape Bushbuck Head Mount (Baby)", "ingredientPattern": "_BC,DEF,GHI","ingredients": {"B": { "type": "item", "code": "game:knife-*", "isTool": true },"C": { "type": "item", "code": "game:hammer-*", "isTool": true },"D": { "type": "item", "code": "bovinae:pelt-baby-tragelaphussylvaticus" },"E": { "type": "item", "code": "game:metalnailsandstrips-*" },"F": { "type": "item", "code": "game:clay-*" },"G": { "type": "block", "code": "game:debarkedlog-*" },"H": { "type": "block", "code": "game:glass-*" },"I": { "type": "item", "code": "game:powder-borax" }},"width": 3,"height": 3,"output": { "type": "item", "code": "bovinae:headmount-baby-tragelaphussylvaticus-00", "quantity": 1  }},
{"name": "Cape Bushbuck Head Mount (Female)", "ingredientPattern": "_BC,DEF,GHI","ingredients": {"B": { "type": "item", "code": "game:knife-*", "isTool": true },"C": { "type": "item", "code": "game:hammer-*", "isTool": true },"D": { "type": "item", "code": "bovinae:pelt-female-tragelaphussylvaticus" },"E": { "type": "item", "code": "game:metalnailsandstrips-*" },"F": { "type": "item", "code": "game:clay-*" },"G": { "type": "block", "code": "game:debarkedlog-*" },"H": { "type": "block", "code": "game:glass-*" },"I": { "type": "item", "code": "game:powder-borax" }},"width": 3,"height": 3,"output": { "type": "item", "code": "bovinae:headmount-female-tragelaphussylvaticus-00", "quantity": 1  }},
{"name": "Cape Bushbuck Head Mount (Male)", "ingredientPattern": "_BC,DEF,GHI","ingredients": {"B": { "type": "item", "code": "game:knife-*", "isTool": true },"C": { "type": "item", "code": "game:hammer-*", "isTool": true },"D": { "type": "item", "code": "bovinae:pelt-male-tragelaphussylvaticus" },"E": { "type": "item", "code": "game:metalnailsandstrips-*" },"F": { "type": "item", "code": "game:clay-*" },"G": { "type": "block", "code": "game:debarkedlog-*" },"H": { "type": "block", "code": "game:glass-*" },"I": { "type": "item", "code": "game:powder-borax" }},"width": 3,"height": 3,"output": { "type": "item", "code": "bovinae:headmount-male-tragelaphussylvaticus-00", "quantity": 1  }},

{"name": "Cape Bushbuck Head Mount (Male)","ingredientPattern": "LK","ingredients": {"K": { "type": "item", "code": "bovinae:headmount-male-tragelaphussylvaticus-00"},"L": { "type": "item", "code": "game:antler-tragelaphuseurycerus-*", "name": "size", "allowedVariants": ["01","02","03","04","05"] }},"width": 2,"height": 1,"output": { "type": "item", "code": "bovinae:headmount-male-tragelaphussylvaticus-{size}", "quantity": 1  }}
]