{
	"editor": {
		"collapsedPaths": "",
		"allAngles": true,
		"entityTextureMode": true
	},
	"textureWidth": 40,
	"textureHeight": 44,
	"textureSizes": {
		"skin": [40,44]
	},
	"textures": {
	},
	"elements": [
		{
			"name": "Origin",
			"from": [ 8.2348, -0.9391, 8.0 ],
			"to": [ 8.2348, -0.9391, 8.0 ],
			"uv": [ 0.0, 0.0 ],
			"rotationOrigin": [ 8.0, 0.0, 8.0 ],
			"rotationZ": 6.0,
			"faces": {
			},
			"children": [
				{
					"name": "Rear",
					"from": [ 2.9, 5.6, -2.3 ],
					"to": [ 7.1, 10.9, 2.2 ],
					"unwrapMode": 7,
					"unwrapRotation": 1,
					"autoUnwrap": false,
					"uv": [ 2.5, 68.0 ],
					"rotationOrigin": [ 3.7, 9.0, 0.0 ],
					"rotationZ": -4.0,
					"faces": {
						"north": { "texture": "#skin", "uv": [ 11.5, 20.5, 16.5, 24.5 ], "rotation": 90 },
						"east": { "texture": "#skin", "uv": [ 7.0, 24.5, 11.5, 29.5 ] },
						"south": { "texture": "#skin", "uv": [ 2.0, 20.5, 7.0, 24.5 ], "rotation": 270 },
						"west": { "texture": "#skin", "uv": [ 1.5, 25.5, 6.0, 30.5 ] },
						"up": { "texture": "#skin", "uv": [ 7.0, 20.5, 11.5, 24.5 ], "rotation": 270 },
						"down": { "texture": "#skin", "uv": [ 16.5, 20.5, 21.0, 24.5 ], "rotation": 90 }
					},
					"children": [
						{
							"name": "L Haunch",
							"from": [ 2.0, 0.5, 3.7 ],
							"to": [ 4.6, 4.5, 5.1 ],
							"unwrapMode": 3,
							"uv": [ 24.0, 23.5 ],
							"rotationOrigin": [ 3.1, 3.8, 4.2 ],
							"rotationX": 6.0,
							"rotationY": 0.5,
							"rotationZ": -5.0,
							"faces": {
								"north": { "texture": "#skin", "uv": [ 28.5, 24.5, 31.0, 28.5 ] },
								"east": { "texture": "#skin", "uv": [ 27.5, 24.5, 28.5, 28.5 ] },
								"south": { "texture": "#skin", "uv": [ 25.0, 24.5, 27.5, 28.5 ] },
								"west": { "texture": "#skin", "uv": [ 24.0, 24.5, 25.0, 28.5 ] },
								"up": { "texture": "#skin", "uv": [ 25.0, 23.5, 27.5, 24.5 ], "windMode": [-1,-1,-1,-1], "windData": [0,0,1,1] },
								"down": { "texture": "#skin", "uv": [ 25.0, 28.5, 27.5, 29.5 ], "rotation": 180 }
							},
							"children": [
								{
									"name": "L LegUp",
									"from": [ 0.5, -2.6, 0.2 ],
									"to": [ 1.5, 1.0, 1.2 ],
									"unwrapMode": 3,
									"uv": [ 24.0, 30.0 ],
									"rotationOrigin": [ 1.0, 0.3, 0.7 ],
									"rotationZ": 48.0,
									"faces": {
										"north": { "texture": "#skin", "uv": [ 27.0, 31.0, 28.0, 34.5 ] },
										"east": { "texture": "#skin", "uv": [ 26.0, 31.0, 27.0, 34.5 ] },
										"south": { "texture": "#skin", "uv": [ 25.0, 31.0, 26.0, 34.5 ] },
										"west": { "texture": "#skin", "uv": [ 24.0, 31.0, 25.0, 34.5 ] },
										"up": { "texture": "#skin", "uv": [ 25.0, 30.0, 26.0, 31.0 ] },
										"down": { "texture": "#skin", "uv": [ 25.0, 34.5, 26.0, 35.5 ], "rotation": 180 }
									},
									"children": [
										{
											"name": "L LegLow",
											"from": [ 0.2, -3.1, 0.2 ],
											"to": [ 1.0, 0.4, 0.8 ],
											"unwrapMode": 3,
											"uv": [ 23.5, 35.5 ],
											"rotationOrigin": [ 0.7, 0.1, 0.5 ],
											"rotationX": -6.0,
											"rotationZ": -41.0,
											"faces": {
												"north": { "texture": "#skin", "uv": [ 25.0, 36.0, 25.5, 39.5 ] },
												"east": { "texture": "#skin", "uv": [ 24.5, 36.0, 25.0, 39.5 ] },
												"south": { "texture": "#skin", "uv": [ 24.0, 36.0, 24.5, 39.5 ] },
												"west": { "texture": "#skin", "uv": [ 23.5, 36.0, 24.0, 39.5 ] },
												"up": { "texture": "#skin", "uv": [ 24.0, 35.5, 24.5, 36.0 ] },
												"down": { "texture": "#skin", "uv": [ 24.0, 39.5, 24.5, 40.0 ], "rotation": 180, "windMode": [-1,-1,-1,-1] }
											},
											"children": [
												{
													"name": "L Hind Pastern",
													"from": [ 0.0, -0.8, -0.1 ],
													"to": [ 0.7, 0.4, 0.7 ],
													"unwrapMode": 3,
													"uv": [ 24.5, 40.0 ],
													"rotationOrigin": [ 0.2, 0.3, 0.3 ],
													"rotationY": 1.0,
													"rotationZ": -11.0,
													"faces": {
														"north": { "texture": "#skin", "uv": [ 26.0, 40.5, 26.5, 41.5 ] },
														"east": { "texture": "#skin", "uv": [ 25.5, 40.5, 26.0, 41.5 ] },
														"south": { "texture": "#skin", "uv": [ 25.0, 40.5, 25.5, 41.5 ] },
														"west": { "texture": "#skin", "uv": [ 24.5, 40.5, 25.0, 41.5 ] },
														"up": { "texture": "#skin", "uv": [ 25.0, 40.0, 25.5, 40.5 ], "windMode": [-1,-1,-1,-1] },
														"down": { "texture": "#skin", "uv": [ 25.0, 41.5, 25.5, 42.0 ], "rotation": 180 }
													},
													"children": [
														{
															"name": "L Hind Hoof",
															"from": [ 0.1, 0.3, 0.35 ],
															"to": [ 0.1, 0.3, 0.35 ],
															"uv": [ 0.0, 0.0 ],
															"rotationOrigin": [ 0.1, 0.3, 0.3 ],
															"rotationY": 1.0,
															"rotationZ": 4.0,
															"faces": {
															},
															"children": [
																{
																	"name": "L Hind Hoof2",
																	"from": [ -0.5, -0.5, -0.3 ],
																	"to": [ 0.5, -0.2, 0.4 ],
																	"unwrapMode": 5,
																	"uv": [ 34.5, 37.0 ],
																	"rotationOrigin": [ 0.1, -0.2, 0.1 ],
																	"faces": {
																		"north": { "texture": "#skin", "uv": [ 35.0, 37.0, 36.0, 37.5 ], "rotation": 180 },
																		"east": { "texture": "#skin", "uv": [ 36.0, 37.5, 36.5, 38.0 ], "rotation": 90 },
																		"south": { "texture": "#skin", "uv": [ 35.0, 38.0, 36.0, 38.5 ] },
																		"west": { "texture": "#skin", "uv": [ 34.5, 37.5, 35.0, 38.0 ], "rotation": 270 },
																		"up": { "texture": "#skin", "uv": [ 35.0, 37.5, 36.0, 38.0 ] },
																		"down": { "texture": "#skin", "uv": [ 36.5, 37.5, 37.5, 38.0 ] }
																	}
																},
																{
																	"name": "L Hind Hoof1",
																	"from": [ -0.5, -0.5, -0.3 ],
																	"to": [ 0.5, -0.2, 0.4 ],
																	"unwrapMode": 5,
																	"uv": [ 34.5, 35.0 ],
																	"rotationOrigin": [ -0.5, -0.5, -0.3 ],
																	"rotationZ": 40.0,
																	"faces": {
																		"north": { "texture": "#skin", "uv": [ 35.0, 35.0, 36.0, 35.5 ], "rotation": 180 },
																		"east": { "texture": "#skin", "uv": [ 36.0, 35.5, 36.5, 36.0 ], "rotation": 90 },
																		"south": { "texture": "#skin", "uv": [ 35.0, 36.0, 36.0, 36.5 ] },
																		"west": { "texture": "#skin", "uv": [ 34.5, 35.5, 35.0, 36.0 ], "rotation": 270 },
																		"up": { "texture": "#skin", "uv": [ 35.0, 35.5, 36.0, 36.0 ] },
																		"down": { "texture": "#skin", "uv": [ 36.5, 35.5, 37.5, 36.0 ] }
																	}
																}
															]
														}
													]
												}
											]
										},
										{
											"name": "L LegUp Taper",
											"from": [ 0.6, 0.0, 0.1 ],
											"to": [ 1.3, 3.3, 0.9 ],
											"unwrapMode": 2,
											"uv": [ 28.5, 31.0 ],
											"rotationOrigin": [ 1.0, 0.0, 0.1 ],
											"rotationZ": -11.0,
											"faces": {
												"north": { "texture": "#skin", "uv": [ 29.5, 31.0, 30.0, 34.0 ] },
												"east": { "texture": "#skin", "uv": [ 29.0, 31.0, 29.5, 34.0 ] },
												"south": { "texture": "#skin", "uv": [ 28.5, 31.0, 29.0, 34.0 ] },
												"down": { "texture": "#skin", "uv": [ 29.0, 34.0, 29.5, 34.5 ], "rotation": 270 }
											}
										}
									]
								}
							]
						},
						{
							"name": "R Haunch",
							"from": [ 2.0, 0.5, -0.5 ],
							"to": [ 4.6, 4.5, 0.9 ],
							"unwrapMode": 1,
							"uv": [ 32.0, 23.5 ],
							"rotationOrigin": [ 3.1, 3.8, 0.0 ],
							"rotationX": -6.0,
							"rotationY": -0.5,
							"rotationZ": 20.0,
							"faces": {
								"north": { "texture": "#skin", "uv": [ 33.0, 24.5, 35.5, 28.5 ] },
								"east": { "texture": "#skin", "uv": [ 32.0, 24.5, 33.0, 28.5 ] },
								"south": { "texture": "#skin", "uv": [ 36.5, 24.5, 39.0, 28.5 ] },
								"west": { "texture": "#skin", "uv": [ 35.5, 24.5, 36.5, 28.5 ] },
								"up": { "texture": "#skin", "uv": [ 33.0, 23.5, 35.5, 24.5 ], "rotation": 180 },
								"down": { "texture": "#skin", "uv": [ 33.0, 28.5, 35.5, 29.5 ] }
							},
							"children": [
								{
									"name": "R LegUp",
									"from": [ 0.5, -2.6, 0.2 ],
									"to": [ 1.5, 1.0, 1.2 ],
									"unwrapMode": 1,
									"uv": [ 32.0, 30.0 ],
									"rotationOrigin": [ 1.0, 0.3, 0.8 ],
									"rotationZ": 40.0,
									"faces": {
										"north": { "texture": "#skin", "uv": [ 33.0, 31.0, 34.0, 34.5 ] },
										"east": { "texture": "#skin", "uv": [ 32.0, 31.0, 33.0, 34.5 ] },
										"south": { "texture": "#skin", "uv": [ 35.0, 31.0, 36.0, 34.5 ] },
										"west": { "texture": "#skin", "uv": [ 34.0, 31.0, 35.0, 34.5 ] },
										"up": { "texture": "#skin", "uv": [ 33.0, 30.0, 34.0, 31.0 ], "rotation": 180 },
										"down": { "texture": "#skin", "uv": [ 33.0, 34.5, 34.0, 35.5 ] }
									},
									"children": [
										{
											"name": "R LegLow",
											"from": [ 0.2, -3.1, 0.2 ],
											"to": [ 1.0, 0.4, 0.8 ],
											"unwrapMode": 1,
											"uv": [ 31.5, 35.5 ],
											"rotationOrigin": [ 0.7, 0.1, 0.5 ],
											"rotationX": 6.0,
											"rotationZ": -33.0,
											"faces": {
												"north": { "texture": "#skin", "uv": [ 32.0, 36.0, 32.5, 39.5 ] },
												"east": { "texture": "#skin", "uv": [ 31.5, 36.0, 32.0, 39.5 ] },
												"south": { "texture": "#skin", "uv": [ 33.0, 36.0, 33.5, 39.5 ] },
												"west": { "texture": "#skin", "uv": [ 32.5, 36.0, 33.0, 39.5 ] },
												"up": { "texture": "#skin", "uv": [ 32.0, 35.5, 32.5, 36.0 ], "rotation": 180 },
												"down": { "texture": "#skin", "uv": [ 32.0, 39.5, 32.5, 40.0 ] }
											},
											"children": [
												{
													"name": "R Hind Pastern",
													"from": [ 0.0, -0.8, -0.1 ],
													"to": [ 0.7, 0.4, 0.7 ],
													"unwrapMode": 1,
													"uv": [ 30.5, 40.0 ],
													"rotationOrigin": [ 0.2, 0.3, 0.3 ],
													"rotationY": -1.0,
													"rotationZ": -17.0,
													"faces": {
														"north": { "texture": "#skin", "uv": [ 31.0, 40.5, 31.5, 41.5 ] },
														"east": { "texture": "#skin", "uv": [ 30.5, 40.5, 31.0, 41.5 ] },
														"south": { "texture": "#skin", "uv": [ 32.0, 40.5, 32.5, 41.5 ] },
														"west": { "texture": "#skin", "uv": [ 31.5, 40.5, 32.0, 41.5 ] },
														"up": { "texture": "#skin", "uv": [ 31.0, 40.0, 31.5, 40.5 ], "rotation": 180, "windMode": [-1,-1,-1,-1] },
														"down": { "texture": "#skin", "uv": [ 31.0, 41.5, 31.5, 42.0 ] }
													},
													"children": [
														{
															"name": "R Hind Hoof",
															"from": [ 0.1, 0.3, 0.35 ],
															"to": [ 0.1, 0.3, 0.35 ],
															"uv": [ 0.0, 0.0 ],
															"rotationOrigin": [ 0.1, 0.3, 0.3 ],
															"rotationY": -1.0,
															"rotationZ": 18.0,
															"faces": {
															},
															"children": [
																{
																	"name": "R Hind Hoof1",
																	"from": [ -0.5, -0.5, -0.3 ],
																	"to": [ 0.5, -0.2, 0.4 ],
																	"unwrapMode": 5,
																	"uv": [ 34.5, 39.0 ],
																	"rotationOrigin": [ -0.5, -0.5, -0.3 ],
																	"rotationZ": 40.0,
																	"faces": {
																		"north": { "texture": "#skin", "uv": [ 35.0, 39.0, 36.0, 39.5 ], "rotation": 180 },
																		"east": { "texture": "#skin", "uv": [ 36.0, 39.5, 36.5, 40.0 ], "rotation": 90 },
																		"south": { "texture": "#skin", "uv": [ 35.0, 40.0, 36.0, 40.5 ] },
																		"west": { "texture": "#skin", "uv": [ 34.5, 39.5, 35.0, 40.0 ], "rotation": 270 },
																		"up": { "texture": "#skin", "uv": [ 35.0, 39.5, 36.0, 40.0 ] },
																		"down": { "texture": "#skin", "uv": [ 36.5, 39.5, 37.5, 40.0 ] }
																	}
																},
																{
																	"name": "R Hind Hoof2",
																	"from": [ -0.5, -0.5, -0.3 ],
																	"to": [ 0.5, -0.2, 0.4 ],
																	"unwrapMode": 5,
																	"uv": [ 33.0, 40.5 ],
																	"rotationOrigin": [ 0.1, -0.2, 0.1 ],
																	"faces": {
																		"north": { "texture": "#skin", "uv": [ 33.5, 40.5, 34.5, 41.0 ], "rotation": 180 },
																		"east": { "texture": "#skin", "uv": [ 34.5, 41.0, 35.0, 41.5 ], "rotation": 90 },
																		"south": { "texture": "#skin", "uv": [ 33.5, 41.5, 34.5, 42.0 ] },
																		"west": { "texture": "#skin", "uv": [ 33.0, 41.0, 33.5, 41.5 ], "rotation": 270 },
																		"up": { "texture": "#skin", "uv": [ 33.5, 41.0, 34.5, 41.5 ] },
																		"down": { "texture": "#skin", "uv": [ 35.0, 41.0, 36.0, 41.5 ] }
																	}
																}
															]
														}
													]
												}
											]
										},
										{
											"name": "R LegUp Taper",
											"from": [ 0.6, 0.0, 0.1 ],
											"to": [ 1.3, 3.3, 0.9 ],
											"unwrapMode": 2,
											"uv": [ 36.5, 31.0 ],
											"rotationOrigin": [ 1.0, 0.0, 0.1 ],
											"rotationZ": -11.0,
											"faces": {
												"north": { "texture": "#skin", "uv": [ 37.5, 31.0, 38.0, 34.0 ] },
												"east": { "texture": "#skin", "uv": [ 37.0, 31.0, 37.5, 34.0 ] },
												"south": { "texture": "#skin", "uv": [ 36.5, 31.0, 37.0, 34.0 ] },
												"down": { "texture": "#skin", "uv": [ 37.0, 34.0, 37.5, 34.5 ], "rotation": 270 }
											}
										}
									]
								}
							]
						},
						{
							"name": "Midsection",
							"from": [ -2.4122, -0.3, -0.3 ],
							"to": [ 1.2878, 5.3, 4.8 ],
							"unwrapMode": 7,
							"unwrapRotation": 1,
							"autoUnwrap": false,
							"uv": [ 3.0, 57.5 ],
							"rotationOrigin": [ 0.5, 3.7, 2.25 ],
							"rotationZ": -6.0,
							"faces": {
								"north": { "texture": "#skin", "uv": [ 11.5, 16.5, 17.0, 20.0 ], "rotation": 90, "windMode": [-1,-1,-1,-1], "windData": [0,1,1,0] },
								"east": { "texture": "#skin", "uv": [ 18.0, 25.5, 23.0, 31.0 ], "windMode": [-1,-1,-1,-1], "windData": [0,1,1,0] },
								"south": { "texture": "#skin", "uv": [ 1.0, 16.5, 6.5, 20.0 ], "rotation": 270 },
								"west": { "texture": "#skin", "uv": [ 12.5, 25.5, 17.5, 31.0 ], "windMode": [-1,-1,-1,-1], "windData": [0,0,1,1] },
								"up": { "texture": "#skin", "uv": [ 6.5, 16.5, 11.5, 20.0 ], "rotation": 270 },
								"down": { "texture": "#skin", "uv": [ 17.0, 16.5, 22.0, 20.0 ], "rotation": 90 }
							},
							"children": [
								{
									"name": "Chest",
									"from": [ -4.1, -0.2, 0.3 ],
									"to": [ 0.6, 5.6, 4.8 ],
									"unwrapMode": 7,
									"unwrapRotation": 1,
									"autoUnwrap": false,
									"uv": [ 2.5, 46.0 ],
									"rotationOrigin": [ 0.1, 3.8, 2.55 ],
									"rotationZ": -1.0,
									"faces": {
										"north": { "texture": "#skin", "uv": [ 11.5, 11.5, 17.0, 16.0 ], "rotation": 90 },
										"east": { "texture": "#skin", "uv": [ 17.5, 32.0, 22.0, 37.5 ] },
										"south": { "texture": "#skin", "uv": [ 1.5, 11.5, 7.0, 16.0 ], "rotation": 270 },
										"west": { "texture": "#skin", "uv": [ 12.5, 32.0, 17.0, 37.5 ] },
										"up": { "texture": "#skin", "uv": [ 7.0, 11.5, 11.5, 16.0 ], "rotation": 270 },
										"down": { "texture": "#skin", "uv": [ 17.0, 11.5, 21.5, 16.0 ], "rotation": 90 }
									},
									"children": [
										{
											"name": "Neck",
											"from": [ -1.8, 5.5, 1.3 ],
											"to": [ 2.1, 9.3, 3.2 ],
											"unwrapMode": 2,
											"autoUnwrap": false,
											"uv": [ 5.5, 5.0 ],
											"rotationOrigin": [ 1.8, 5.5, 2.25 ],
											"rotationZ": 95.0,
											"faces": {
												"north": { "texture": "#skin", "uv": [ 10.0, 7.5, 13.5, 11.0 ], "windMode": [-1,-1,-1,-1], "windData": [0,0,1,0] },
												"east": { "texture": "#skin", "uv": [ 8.5, 7.5, 10.0, 11.0 ], "windMode": [-1,-1,-1,-1], "windData": [1,0,0,1] },
												"south": { "texture": "#skin", "uv": [ 5.0, 7.5, 8.5, 11.0 ] },
												"west": { "texture": "#skin", "uv": [ 13.5, 7.5, 15.0, 11.0 ] },
												"up": { "texture": "#skin", "uv": [ 2.5, 7.5, 4.0, 11.0 ], "rotation": 90 }
											},
											"children": [
												{
													"name": "Neck2",
													"from": [ 0.4, 2.7, 0.15 ],
													"to": [ 3.8, 5.7, 1.75 ],
													"unwrapMode": 2,
													"uv": [ 5.5, 1.0 ],
													"rotationOrigin": [ 2.5, 2.7, 0.95 ],
													"rotationZ": -8.0,
													"faces": {
														"north": { "texture": "#skin", "uv": [ 10.0, 4.0, 13.0, 7.0 ] },
														"east": { "texture": "#skin", "uv": [ 8.5, 4.0, 10.0, 7.0 ] },
														"south": { "texture": "#skin", "uv": [ 5.5, 4.0, 8.5, 7.0 ] },
														"west": { "texture": "#skin", "uv": [ 13.0, 4.0, 14.5, 7.0 ] },
														"up": { "texture": "#skin", "uv": [ 8.5, 1.0, 10.0, 4.0 ], "rotation": 270 }
													},
													"children": [
														{
															"name": "Head",
															"from": [ 1.9, 0.5, -0.2 ],
															"to": [ 3.3, 3.5, 1.9 ],
															"unwrapMode": 4,
															"uv": [ 5.5, 30.0 ],
															"rotationOrigin": [ 3.0, 3.0, 0.8 ],
															"rotationZ": -65.0,
															"faces": {
																"north": { "texture": "#skin", "uv": [ 5.5, 31.0, 6.5, 34.0 ] },
																"east": { "texture": "#skin", "uv": [ 9.5, 31.0, 11.5, 34.0 ] },
																"south": { "texture": "#skin", "uv": [ 8.5, 31.0, 9.5, 34.0 ] },
																"west": { "texture": "#skin", "uv": [ 6.5, 31.0, 8.5, 34.0 ] },
																"up": { "texture": "#skin", "uv": [ 6.5, 30.0, 8.5, 31.0 ], "rotation": 90 },
																"down": { "texture": "#skin", "uv": [ 6.5, 34.0, 8.5, 35.0 ], "rotation": 90 }
															},
															"children": [
																{
																	"name": "MouthUp",
																	"from": [ -2.5, 0.9, 0.25 ],
																	"to": [ 0.1, 1.5, 1.85 ],
																	"unwrapMode": 5,
																	"unwrapRotation": 1,
																	"uv": [ 6.0, 37.0 ],
																	"rotationOrigin": [ -0.8, 1.4, 1.0 ],
																	"rotationZ": 4.0,
																	"faces": {
																		"north": { "texture": "#skin", "uv": [ 6.0, 37.0, 6.5, 39.5 ], "rotation": 270 },
																		"south": { "texture": "#skin", "uv": [ 8.0, 37.0, 8.5, 39.5 ], "rotation": 90 },
																		"west": { "texture": "#skin", "uv": [ 6.5, 39.5, 8.0, 40.0 ] },
																		"up": { "texture": "#skin", "uv": [ 6.5, 37.0, 8.0, 39.5 ], "rotation": 90, "windMode": [-1,-1,-1,-1], "windData": [1,1,1,1] },
																		"down": { "texture": "#skin", "uv": [ 8.5, 37.0, 10.0, 39.5 ], "rotation": 270 }
																	},
																	"children": [
																		{
																			"name": "Nose",
																			"from": [ 0.5, -0.1, 0.15 ],
																			"to": [ 2.8, 1.1, 1.45 ],
																			"unwrapMode": 5,
																			"unwrapRotation": 1,
																			"uv": [ 11.0, 38.0 ],
																			"rotationOrigin": [ 0.5, 1.0, 0.3 ],
																			"rotationZ": 16.0,
																			"faces": {
																				"north": { "texture": "#skin", "uv": [ 11.0, 38.0, 12.0, 40.0 ], "rotation": 270, "windMode": [-1,-1,-1,-1], "windData": [1,1,1,1] },
																				"south": { "texture": "#skin", "uv": [ 13.0, 38.0, 14.0, 40.0 ], "rotation": 90 },
																				"west": { "texture": "#skin", "uv": [ 12.0, 40.0, 13.0, 41.0 ], "windMode": [-1,-1,-1,-1], "windData": [1,1,1,1] },
																				"up": { "texture": "#skin", "uv": [ 12.0, 38.0, 13.0, 40.0 ], "rotation": 90 }
																			},
																			"children": [
																				{
																					"name": "Snout",
																					"from": [ -0.8, 0.2, -0.1 ],
																					"to": [ 0.2, 1.2, 1.4 ],
																					"unwrapMode": 4,
																					"uv": [ 3.0, 34.5 ],
																					"rotationOrigin": [ 0.0, 1.1, 0.5 ],
																					"rotationZ": -9.0,
																					"faces": {
																						"north": { "texture": "#skin", "uv": [ 3.0, 35.5, 4.0, 36.5 ], "windMode": [-1,-1,-1,-1], "windData": [1,1,1,1] },
																						"east": { "texture": "#skin", "uv": [ 6.5, 35.5, 8.0, 36.5 ], "windMode": [-1,-1,-1,-1], "windData": [1,1,1,1] },
																						"south": { "texture": "#skin", "uv": [ 5.5, 35.5, 6.5, 36.5 ], "windMode": [-1,-1,-1,-1], "windData": [1,1,1,1] },
																						"west": { "texture": "#skin", "uv": [ 4.0, 35.5, 5.5, 36.5 ], "windMode": [-1,-1,-1,-1], "windData": [1,1,1,1] },
																						"up": { "texture": "#skin", "uv": [ 4.0, 34.5, 5.5, 35.5 ], "rotation": 90, "windMode": [-1,-1,-1,-1], "windData": [1,1,1,1] },
																						"down": { "texture": "#skin", "uv": [ 4.0, 36.5, 5.5, 37.5 ], "rotation": 90, "windMode": [-1,-1,-1,-1], "windData": [1,1,1,1] }
																					}
																				},
																				{
																					"name": "NoseBridge",
																					"from": [ 1.37, 0.0, -0.1 ],
																					"to": [ 2.37, 1.2, 1.4 ],
																					"unwrapMode": 7,
																					"unwrapRotation": 1,
																					"uv": [ 1.0, 31.5 ],
																					"rotationOrigin": [ 1.37, 1.2, -0.1 ],
																					"rotationZ": 18.0,
																					"faces": {
																						"north": { "texture": "#skin", "uv": [ 3.5, 32.5, 4.5, 33.5 ], "rotation": 90 },
																						"east": { "texture": "#skin", "uv": [ 2.0, 33.5, 3.5, 34.5 ] },
																						"south": { "texture": "#skin", "uv": [ 1.0, 32.5, 2.0, 33.5 ], "rotation": 270 },
																						"west": { "texture": "#skin", "uv": [ 2.0, 31.5, 3.5, 32.5 ], "rotation": 180 },
																						"up": { "texture": "#skin", "uv": [ 2.0, 32.5, 3.5, 33.5 ], "rotation": 270 }
																					}
																				}
																			]
																		}
																	]
																},
																{
																	"name": "L Ear",
																	"from": [ 0.8, 1.8, 1.6 ],
																	"to": [ 0.9, 2.5, 2.4 ],
																	"unwrapMode": 4,
																	"uv": [ 16.0, 5.5 ],
																	"rotationOrigin": [ 0.9, 1.8, 2.0 ],
																	"rotationX": 90.0,
																	"rotationY": 14.0,
																	"faces": {
																		"north": { "texture": "#skin", "uv": [ 16.0, 6.0, 16.5, 6.5 ], "windMode": [-1,-1,-1,-1], "windData": [1,1,1,1] },
																		"east": { "texture": "#skin", "uv": [ 17.5, 6.0, 18.0, 6.5 ] },
																		"south": { "texture": "#skin", "uv": [ 17.0, 6.0, 17.5, 6.5 ], "windMode": [-1,-1,-1,-1], "windData": [1,1,1,1] },
																		"west": { "texture": "#skin", "uv": [ 16.5, 6.0, 17.0, 6.5 ] },
																		"up": { "texture": "#skin", "uv": [ 16.5, 5.5, 17.0, 6.0 ], "rotation": 90 },
																		"down": { "texture": "#skin", "uv": [ 16.5, 6.5, 17.0, 7.0 ], "rotation": 90 }
																	},
																	"children": [
																		{
																			"name": "L Ear3",
																			"from": [ 0.0, 0.7, 0.0 ],
																			"to": [ 0.1, 1.7, 0.3 ],
																			"unwrapMode": 4,
																			"uv": [ 17.5, 3.5 ],
																			"rotationOrigin": [ 0.1, 0.7, 0.0 ],
																			"rotationX": 8.0,
																			"rotationY": 1.0,
																			"faces": {
																				"north": { "texture": "#skin", "uv": [ 17.5, 4.0, 18.0, 5.0 ] },
																				"east": { "texture": "#skin", "uv": [ 19.0, 4.0, 19.5, 5.0 ] },
																				"south": { "texture": "#skin", "uv": [ 18.5, 4.0, 19.0, 5.0 ] },
																				"west": { "texture": "#skin", "uv": [ 18.0, 4.0, 18.5, 5.0 ] },
																				"up": { "texture": "#skin", "uv": [ 18.0, 3.5, 18.5, 4.0 ], "rotation": 90 },
																				"down": { "texture": "#skin", "uv": [ 18.0, 5.0, 18.5, 5.5 ], "rotation": 90 }
																			}
																		},
																		{
																			"name": "L Ear2",
																			"from": [ 0.0, 0.7, 0.3 ],
																			"to": [ 0.1, 1.7, 0.8 ],
																			"unwrapMode": 4,
																			"uv": [ 15.0, 3.5 ],
																			"rotationOrigin": [ 0.1, 0.7, 0.8 ],
																			"rotationX": -10.0,
																			"rotationY": -1.0,
																			"faces": {
																				"north": { "texture": "#skin", "uv": [ 15.0, 4.0, 15.5, 5.0 ] },
																				"east": { "texture": "#skin", "uv": [ 16.5, 4.0, 17.0, 5.0 ] },
																				"south": { "texture": "#skin", "uv": [ 16.0, 4.0, 16.5, 5.0 ] },
																				"west": { "texture": "#skin", "uv": [ 15.5, 4.0, 16.0, 5.0 ] },
																				"up": { "texture": "#skin", "uv": [ 15.5, 3.5, 16.0, 4.0 ], "rotation": 90 },
																				"down": { "texture": "#skin", "uv": [ 15.5, 5.0, 16.0, 5.5 ], "rotation": 90 }
																			}
																		}
																	]
																},
																{
																	"name": "R Eye",
																	"from": [ -0.01, 2.05, -0.01 ],
																	"to": [ 0.49, 2.25, 0.09 ],
																	"unwrapMode": 5,
																	"uv": [ 15.5, 9.5 ],
																	"rotationOrigin": [ -0.01, 2.2, -0.01 ],
																	"faces": {
																		"north": { "texture": "#skin", "uv": [ 16.0, 9.5, 16.5, 10.0 ], "rotation": 180 },
																		"east": { "texture": "#skin", "uv": [ 16.5, 10.0, 17.0, 10.5 ], "rotation": 90 },
																		"west": { "texture": "#skin", "uv": [ 15.5, 10.0, 16.0, 10.5 ], "rotation": 270 },
																		"up": { "texture": "#skin", "uv": [ 16.0, 10.0, 16.5, 10.5 ] },
																		"down": { "texture": "#skin", "uv": [ 17.0, 10.0, 17.5, 10.5 ] }
																	},
																	"children": [
																		{
																			"name": "R Eye2",
																			"from": [ 0.0, 0.2, 0.0 ],
																			"to": [ 0.5, 0.4, 0.1 ],
																			"unwrapMode": 5,
																			"uv": [ 15.5, 7.5 ],
																			"rotationOrigin": [ 0.0, 0.4, -0.1 ],
																			"faces": {
																				"north": { "texture": "#skin", "uv": [ 16.0, 7.5, 16.5, 8.0 ], "rotation": 180 },
																				"east": { "texture": "#skin", "uv": [ 16.5, 8.0, 17.0, 8.5 ], "rotation": 90 },
																				"west": { "texture": "#skin", "uv": [ 15.5, 8.0, 16.0, 8.5 ], "rotation": 270 },
																				"up": { "texture": "#skin", "uv": [ 16.0, 8.0, 16.5, 8.5 ] },
																				"down": { "texture": "#skin", "uv": [ 17.0, 8.0, 17.5, 8.5 ] }
																			},
																			"children": [
																				{
																					"name": "R Pupil",
																					"from": [ -0.01, -0.1, -0.01 ],
																					"to": [ 0.29, 0.1, 0.09 ],
																					"unwrapMode": 5,
																					"uv": [ 17.5, 8.5 ],
																					"rotationOrigin": [ -0.01, -0.1, -0.01 ],
																					"faces": {
																						"north": { "texture": "#skin", "uv": [ 18.0, 8.5, 18.5, 9.0 ], "rotation": 180, "windMode": [-1,-1,-1,-1], "windData": [1,1,1,1] },
																						"east": { "texture": "#skin", "uv": [ 18.5, 9.0, 19.0, 9.5 ], "rotation": 90 },
																						"west": { "texture": "#skin", "uv": [ 17.5, 9.0, 18.0, 9.5 ], "rotation": 270 },
																						"up": { "texture": "#skin", "uv": [ 18.0, 9.0, 18.5, 9.5 ] },
																						"down": { "texture": "#skin", "uv": [ 19.0, 9.0, 19.5, 9.5 ] }
																					}
																				}
																			]
																		}
																	]
																},
																{
																	"name": "R Ear",
																	"from": [ 0.8, 1.8, -0.5 ],
																	"to": [ 0.9, 2.5, 0.3 ],
																	"unwrapMode": 4,
																	"uv": [ 1.5, 5.5 ],
																	"rotationOrigin": [ 0.9, 1.8, 0.1 ],
																	"rotationX": -90.0,
																	"rotationY": -15.0,
																	"faces": {
																		"north": { "texture": "#skin", "uv": [ 1.5, 6.0, 2.0, 6.5 ] },
																		"east": { "texture": "#skin", "uv": [ 3.0, 6.0, 3.5, 6.5 ] },
																		"south": { "texture": "#skin", "uv": [ 2.5, 6.0, 3.0, 6.5 ], "windMode": [-1,-1,-1,-1], "windData": [1,1,1,1] },
																		"west": { "texture": "#skin", "uv": [ 2.0, 6.0, 2.5, 6.5 ] },
																		"up": { "texture": "#skin", "uv": [ 2.0, 5.5, 2.5, 6.0 ], "rotation": 90 },
																		"down": { "texture": "#skin", "uv": [ 2.0, 6.5, 2.5, 7.0 ], "rotation": 90 }
																	},
																	"children": [
																		{
																			"name": "R Ear2",
																			"from": [ 0.0, 0.7, 0.0 ],
																			"to": [ 0.1, 1.7, 0.5 ],
																			"unwrapMode": 4,
																			"uv": [ 0.5, 3.5 ],
																			"rotationOrigin": [ 0.1, 0.7, 0.0 ],
																			"rotationX": 10.0,
																			"rotationY": 1.0,
																			"faces": {
																				"north": { "texture": "#skin", "uv": [ 0.5, 4.0, 1.0, 5.0 ] },
																				"east": { "texture": "#skin", "uv": [ 2.0, 4.0, 2.5, 5.0 ] },
																				"south": { "texture": "#skin", "uv": [ 1.5, 4.0, 2.0, 5.0 ] },
																				"west": { "texture": "#skin", "uv": [ 1.0, 4.0, 1.5, 5.0 ] },
																				"up": { "texture": "#skin", "uv": [ 1.0, 3.5, 1.5, 4.0 ], "rotation": 90 },
																				"down": { "texture": "#skin", "uv": [ 1.0, 5.0, 1.5, 5.5 ], "rotation": 90 }
																			}
																		},
																		{
																			"name": "R Ear3",
																			"from": [ 0.0, 0.7, 0.5 ],
																			"to": [ 0.1, 1.7, 0.8 ],
																			"unwrapMode": 4,
																			"uv": [ 3.0, 3.5 ],
																			"rotationOrigin": [ 0.1, 0.7, 0.8 ],
																			"rotationX": -8.0,
																			"rotationY": -1.0,
																			"faces": {
																				"north": { "texture": "#skin", "uv": [ 3.0, 4.0, 3.5, 5.0 ] },
																				"east": { "texture": "#skin", "uv": [ 4.5, 4.0, 5.0, 5.0 ] },
																				"south": { "texture": "#skin", "uv": [ 4.0, 4.0, 4.5, 5.0 ] },
																				"west": { "texture": "#skin", "uv": [ 3.5, 4.0, 4.0, 5.0 ] },
																				"up": { "texture": "#skin", "uv": [ 3.5, 3.5, 4.0, 4.0 ], "rotation": 90 },
																				"down": { "texture": "#skin", "uv": [ 3.5, 5.0, 4.0, 5.5 ], "rotation": 90 }
																			}
																		}
																	]
																},
																{
																	"name": "L Eye",
																	"from": [ -0.01, 2.05, 2.01 ],
																	"to": [ 0.49, 2.25, 2.11 ],
																	"unwrapMode": 5,
																	"uv": [ 15.5, 10.0 ],
																	"rotationOrigin": [ -0.01, 2.1, 2.01 ],
																	"faces": {
																		"east": { "texture": "#skin", "uv": [ 16.5, 10.0, 17.0, 10.5 ], "rotation": 90 },
																		"south": { "texture": "#skin", "uv": [ 16.0, 10.5, 16.5, 11.0 ] },
																		"west": { "texture": "#skin", "uv": [ 15.5, 10.0, 16.0, 10.5 ], "rotation": 270 },
																		"up": { "texture": "#skin", "uv": [ 16.0, 10.0, 16.5, 10.5 ] },
																		"down": { "texture": "#skin", "uv": [ 17.0, 10.0, 17.5, 10.5 ] }
																	},
																	"children": [
																		{
																			"name": "L Eye2",
																			"from": [ 0.0, 0.2, 0.0 ],
																			"to": [ 0.5, 0.4, 0.1 ],
																			"unwrapMode": 5,
																			"uv": [ 15.5, 8.0 ],
																			"rotationOrigin": [ 0.0, 0.5, -0.1 ],
																			"faces": {
																				"east": { "texture": "#skin", "uv": [ 16.5, 8.0, 17.0, 8.5 ], "rotation": 90 },
																				"south": { "texture": "#skin", "uv": [ 16.0, 8.5, 16.5, 9.0 ] },
																				"west": { "texture": "#skin", "uv": [ 15.5, 8.0, 16.0, 8.5 ], "rotation": 270 },
																				"up": { "texture": "#skin", "uv": [ 16.0, 8.0, 16.5, 8.5 ] },
																				"down": { "texture": "#skin", "uv": [ 17.0, 8.0, 17.5, 8.5 ] }
																			},
																			"children": [
																				{
																					"name": "L Pupil",
																					"from": [ -0.01, -0.1, 0.01 ],
																					"to": [ 0.29, 0.1, 0.11 ],
																					"unwrapMode": 5,
																					"uv": [ 17.5, 9.0 ],
																					"rotationOrigin": [ -0.01, -0.1, 0.01 ],
																					"faces": {
																						"east": { "texture": "#skin", "uv": [ 18.5, 9.0, 19.0, 9.5 ], "rotation": 90 },
																						"south": { "texture": "#skin", "uv": [ 18.0, 9.5, 18.5, 10.0 ] },
																						"west": { "texture": "#skin", "uv": [ 17.5, 9.0, 18.0, 9.5 ], "rotation": 270 },
																						"up": { "texture": "#skin", "uv": [ 18.0, 9.0, 18.5, 9.5 ] },
																						"down": { "texture": "#skin", "uv": [ 19.0, 9.0, 19.5, 9.5 ] }
																					}
																				}
																			]
																		}
																	]
																},
																{
																	"name": "Jaw",
																	"from": [ -1.8, -0.4, 0.45 ],
																	"to": [ 0.9, 1.0, 1.65 ],
																	"unwrapMode": 5,
																	"unwrapRotation": 1,
																	"uv": [ 14.5, 38.0 ],
																	"rotationOrigin": [ 0.9, 0.4, 1.0 ],
																	"rotationZ": -12.0,
																	"faces": {
																		"north": { "texture": "#skin", "uv": [ 14.5, 38.0, 15.5, 40.5 ], "rotation": 270 },
																		"south": { "texture": "#skin", "uv": [ 16.5, 38.0, 17.5, 40.5 ], "rotation": 90 },
																		"west": { "texture": "#skin", "uv": [ 15.5, 40.5, 16.5, 41.5 ] },
																		"up": { "texture": "#skin", "uv": [ 15.5, 38.0, 16.5, 40.5 ], "rotation": 90 },
																		"down": { "texture": "#skin", "uv": [ 17.5, 38.0, 18.5, 40.5 ], "rotation": 270 }
																	},
																	"children": [
																		{
																			"name": "Jaw2",
																			"from": [ -0.7, 0.1, 0.05 ],
																			"to": [ 0.5, 0.7, 1.15 ],
																			"unwrapMode": 5,
																			"unwrapRotation": 1,
																			"uv": [ 9.0, 34.5 ],
																			"rotationOrigin": [ 0.5, 0.4, 0.6 ],
																			"rotationZ": -4.0,
																			"faces": {
																				"north": { "texture": "#skin", "uv": [ 9.0, 34.5, 9.5, 35.5 ], "rotation": 270 },
																				"south": { "texture": "#skin", "uv": [ 10.5, 34.5, 11.0, 35.5 ], "rotation": 90 },
																				"west": { "texture": "#skin", "uv": [ 9.5, 35.5, 10.5, 36.0 ] },
																				"up": { "texture": "#skin", "uv": [ 9.5, 34.5, 10.5, 35.5 ], "rotation": 90 },
																				"down": { "texture": "#skin", "uv": [ 11.0, 34.5, 12.0, 35.5 ], "rotation": 270 }
																			}
																		},
																		{
																			"name": "Tongue",
																			"from": [ -0.3, 0.5, 0.3 ],
																			"to": [ 0.7, 1.0, 0.9 ],
																			"unwrapMode": 7,
																			"unwrapRotation": 1,
																			"uv": [ 18.5, 6.5 ],
																			"rotationOrigin": [ 0.6, 0.8, 0.6 ],
																			"rotationZ": 20.0,
																			"faces": {
																				"north": { "texture": "#skin", "uv": [ 19.5, 7.0, 20.0, 8.0 ], "rotation": 90 },
																				"south": { "texture": "#skin", "uv": [ 18.5, 7.0, 19.0, 8.0 ], "rotation": 270 },
																				"west": { "texture": "#skin", "uv": [ 19.0, 6.5, 19.5, 7.0 ], "rotation": 180 },
																				"up": { "texture": "#skin", "uv": [ 19.0, 7.0, 19.5, 8.0 ], "rotation": 270 },
																				"down": { "texture": "#skin", "uv": [ 20.0, 7.0, 20.5, 8.0 ], "rotation": 90 }
																			}
																		}
																	]
																},
																{
																	"name": "AntlerBase",
																	"from": [ 0.5, 2.3, 1.0 ],
																	"to": [ 0.5, 2.3, 1.0 ],
																	"uv": [ 0.0, 0.0 ],
																	"rotationOrigin": [ 0.5, 2.3, 1.0 ],
																	"faces": {
																	},
																	"children": [
																		{
																			"name": "LHorn1",
																			"from": [ 0.0, 0.2, 0.2 ],
																			"to": [ 0.8, 1.2, 1.0 ],
																			"unwrapMode": 2,
																			"uv": [ 34.5, 21.5 ],
																			"rotationOrigin": [ 0.4, 0.2, 0.6 ],
																			"rotationX": 83.0,
																			"rotationY": 3.0,
																			"rotationZ": -35.0,
																			"faces": {
																				"north": { "texture": "#skin", "uv": [ 35.5, 22.0, 36.0, 23.0 ] },
																				"east": { "texture": "#skin", "uv": [ 35.0, 22.0, 35.5, 23.0 ] },
																				"south": { "texture": "#skin", "uv": [ 34.5, 22.0, 35.0, 23.0 ] },
																				"west": { "texture": "#skin", "uv": [ 36.0, 22.0, 36.5, 23.0 ] },
																				"up": { "texture": "#skin", "uv": [ 35.0, 21.5, 35.5, 22.0 ], "rotation": 270 }
																			},
																			"children": [
																				{
																					"name": "LHorn2",
																					"from": [ 0.05, 0.9, 0.0 ],
																					"to": [ 0.75, 1.4, 0.7 ],
																					"unwrapMode": 2,
																					"uv": [ 34.5, 21.0 ],
																					"rotationOrigin": [ 0.4, 0.9, 0.4 ],
																					"rotationX": -1.0,
																					"rotationY": 1.0,
																					"rotationZ": -15.0,
																					"faces": {
																						"north": { "texture": "#skin", "uv": [ 35.5, 21.5, 36.0, 22.0 ] },
																						"east": { "texture": "#skin", "uv": [ 35.0, 21.5, 35.5, 22.0 ] },
																						"south": { "texture": "#skin", "uv": [ 34.5, 21.5, 35.0, 22.0 ] },
																						"west": { "texture": "#skin", "uv": [ 36.0, 21.5, 36.5, 22.0 ] },
																						"up": { "texture": "#skin", "uv": [ 35.0, 21.0, 35.5, 21.5 ], "rotation": 270 }
																					},
																					"children": [
																						{
																							"name": "LHorn3",
																							"from": [ 0.0, 0.4, 0.0 ],
																							"to": [ 0.7, 0.9, 0.7 ],
																							"unwrapMode": 2,
																							"uv": [ 34.5, 20.5 ],
																							"rotationOrigin": [ 0.3, 0.4, 0.3 ],
																							"rotationY": -1.0,
																							"rotationZ": -15.0,
																							"faces": {
																								"north": { "texture": "#skin", "uv": [ 35.5, 21.0, 36.0, 21.5 ] },
																								"east": { "texture": "#skin", "uv": [ 35.0, 21.0, 35.5, 21.5 ] },
																								"south": { "texture": "#skin", "uv": [ 34.5, 21.0, 35.0, 21.5 ] },
																								"west": { "texture": "#skin", "uv": [ 36.0, 21.0, 36.5, 21.5 ] },
																								"up": { "texture": "#skin", "uv": [ 35.0, 20.5, 35.5, 21.0 ], "rotation": 270 }
																							},
																							"children": [
																								{
																									"name": "LHorn4",
																									"from": [ 0.05, 0.3, 0.0 ],
																									"to": [ 0.65, 0.8, 0.6 ],
																									"unwrapMode": 1,
																									"uv": [ 34.5, 20.0 ],
																									"rotationOrigin": [ 0.3, 0.3, 0.3 ],
																									"rotationX": -4.0,
																									"rotationY": -1.0,
																									"rotationZ": -12.0,
																									"faces": {
																										"north": { "texture": "#skin", "uv": [ 35.0, 20.5, 35.5, 21.0 ] },
																										"east": { "texture": "#skin", "uv": [ 34.5, 20.5, 35.0, 21.0 ] },
																										"south": { "texture": "#skin", "uv": [ 36.0, 20.5, 36.5, 21.0 ] },
																										"west": { "texture": "#skin", "uv": [ 35.5, 20.5, 36.0, 21.0 ] },
																										"up": { "texture": "#skin", "uv": [ 35.0, 20.0, 35.5, 20.5 ], "rotation": 180 }
																									},
																									"children": [
																										{
																											"name": "LHorn5",
																											"from": [ 0.0, 0.4, 0.0 ],
																											"to": [ 0.6, 1.1, 0.6 ],
																											"unwrapMode": 3,
																											"uv": [ 34.5, 19.5 ],
																											"rotationOrigin": [ 0.3, 0.4, 0.3 ],
																											"rotationX": -5.0,
																											"rotationY": -1.0,
																											"rotationZ": -12.0,
																											"faces": {
																												"north": { "texture": "#skin", "uv": [ 36.0, 20.0, 36.5, 20.5 ] },
																												"east": { "texture": "#skin", "uv": [ 35.5, 20.0, 36.0, 20.5 ] },
																												"south": { "texture": "#skin", "uv": [ 35.0, 20.0, 35.5, 20.5 ] },
																												"west": { "texture": "#skin", "uv": [ 34.5, 20.0, 35.0, 20.5 ] },
																												"up": { "texture": "#skin", "uv": [ 35.0, 19.5, 35.5, 20.0 ] }
																											},
																											"children": [
																												{
																													"name": "LHorn6",
																													"from": [ 0.0, 0.6, 0.1 ],
																													"to": [ 0.4, 1.3, 0.5 ],
																													"unwrapMode": 3,
																													"uv": [ 34.5, 19.0 ],
																													"rotationOrigin": [ 0.2, 0.6, 0.3 ],
																													"rotationX": -1.0,
																													"rotationY": -1.0,
																													"rotationZ": -18.0,
																													"faces": {
																														"north": { "texture": "#skin", "uv": [ 36.0, 19.5, 36.5, 20.0 ] },
																														"east": { "texture": "#skin", "uv": [ 35.5, 19.5, 36.0, 20.0 ] },
																														"south": { "texture": "#skin", "uv": [ 35.0, 19.5, 35.5, 20.0 ] },
																														"west": { "texture": "#skin", "uv": [ 34.5, 19.5, 35.0, 20.0 ] },
																														"up": { "texture": "#skin", "uv": [ 35.0, 19.0, 35.5, 19.5 ] }
																													},
																													"children": [
																														{
																															"name": "LHorn7",
																															"from": [ 0.05, 0.6, 0.1 ],
																															"to": [ 0.35, 1.2, 0.4 ],
																															"unwrapMode": 3,
																															"uv": [ 34.5, 18.5 ],
																															"rotationOrigin": [ 0.2, 0.6, 0.2 ],
																															"rotationX": -1.0,
																															"rotationY": -1.0,
																															"rotationZ": -18.0,
																															"faces": {
																																"north": { "texture": "#skin", "uv": [ 36.0, 19.0, 36.5, 19.5 ] },
																																"east": { "texture": "#skin", "uv": [ 35.5, 19.0, 36.0, 19.5 ] },
																																"south": { "texture": "#skin", "uv": [ 35.0, 19.0, 35.5, 19.5 ] },
																																"west": { "texture": "#skin", "uv": [ 34.5, 19.0, 35.0, 19.5 ] },
																																"up": { "texture": "#skin", "uv": [ 35.0, 18.5, 35.5, 19.0 ] }
																															},
																															"children": [
																																{
																																	"name": "LHorn8",
																																	"from": [ 0.05, 0.5, 0.1 ],
																																	"to": [ 0.25, 0.8, 0.3 ],
																																	"unwrapMode": 3,
																																	"uv": [ 34.5, 18.0 ],
																																	"rotationOrigin": [ 0.1, 0.5, 0.1 ],
																																	"rotationX": -1.0,
																																	"rotationY": -1.0,
																																	"rotationZ": -5.0,
																																	"faces": {
																																		"north": { "texture": "#skin", "uv": [ 36.0, 18.5, 36.5, 19.0 ] },
																																		"east": { "texture": "#skin", "uv": [ 35.5, 18.5, 36.0, 19.0 ] },
																																		"south": { "texture": "#skin", "uv": [ 35.0, 18.5, 35.5, 19.0 ] },
																																		"west": { "texture": "#skin", "uv": [ 34.5, 18.5, 35.0, 19.0 ] },
																																		"up": { "texture": "#skin", "uv": [ 35.0, 18.0, 35.5, 18.5 ] }
																																	}
																																}
																															]
																														}
																													]
																												}
																											]
																										}
																									]
																								}
																							]
																						}
																					]
																				}
																			]
																		},
																		{
																			"name": "RHorn1",
																			"from": [ 0.0, 0.2, -0.9 ],
																			"to": [ 0.8, 1.2, -0.1 ],
																			"unwrapMode": 2,
																			"uv": [ 36.5, 21.5 ],
																			"rotationOrigin": [ 0.4, 0.2, -0.5 ],
																			"rotationX": -83.0,
																			"rotationY": -3.0,
																			"rotationZ": -35.0,
																			"faces": {
																				"north": { "texture": "#skin", "uv": [ 37.5, 22.0, 38.0, 23.0 ] },
																				"east": { "texture": "#skin", "uv": [ 37.0, 22.0, 37.5, 23.0 ] },
																				"south": { "texture": "#skin", "uv": [ 36.5, 22.0, 37.0, 23.0 ] },
																				"west": { "texture": "#skin", "uv": [ 38.0, 22.0, 38.5, 23.0 ] },
																				"up": { "texture": "#skin", "uv": [ 37.0, 21.5, 37.5, 22.0 ], "rotation": 270 }
																			},
																			"children": [
																				{
																					"name": "RHorn2",
																					"from": [ 0.05, 0.9, 0.0 ],
																					"to": [ 0.75, 1.4, 0.7 ],
																					"unwrapMode": 2,
																					"uv": [ 36.5, 21.0 ],
																					"rotationOrigin": [ 0.4, 0.9, 0.4 ],
																					"rotationX": 1.0,
																					"rotationY": -1.0,
																					"rotationZ": -15.0,
																					"faces": {
																						"north": { "texture": "#skin", "uv": [ 37.5, 21.5, 38.0, 22.0 ] },
																						"east": { "texture": "#skin", "uv": [ 37.0, 21.5, 37.5, 22.0 ] },
																						"south": { "texture": "#skin", "uv": [ 36.5, 21.5, 37.0, 22.0 ] },
																						"west": { "texture": "#skin", "uv": [ 38.0, 21.5, 38.5, 22.0 ] },
																						"up": { "texture": "#skin", "uv": [ 37.0, 21.0, 37.5, 21.5 ], "rotation": 270 }
																					},
																					"children": [
																						{
																							"name": "RHorn3",
																							"from": [ 0.0, 0.4, 0.0 ],
																							"to": [ 0.7, 0.9, 0.7 ],
																							"unwrapMode": 2,
																							"uv": [ 36.5, 20.5 ],
																							"rotationOrigin": [ 0.3, 0.4, 0.3 ],
																							"rotationY": 1.0,
																							"rotationZ": -15.0,
																							"faces": {
																								"north": { "texture": "#skin", "uv": [ 37.5, 21.0, 38.0, 21.5 ] },
																								"east": { "texture": "#skin", "uv": [ 37.0, 21.0, 37.5, 21.5 ] },
																								"south": { "texture": "#skin", "uv": [ 36.5, 21.0, 37.0, 21.5 ] },
																								"west": { "texture": "#skin", "uv": [ 38.0, 21.0, 38.5, 21.5 ] },
																								"up": { "texture": "#skin", "uv": [ 37.0, 20.5, 37.5, 21.0 ], "rotation": 270 }
																							},
																							"children": [
																								{
																									"name": "RHorn4",
																									"from": [ 0.05, 0.3, 0.0 ],
																									"to": [ 0.65, 0.8, 0.6 ],
																									"unwrapMode": 3,
																									"uv": [ 36.5, 20.0 ],
																									"rotationOrigin": [ 0.3, 0.3, 0.3 ],
																									"rotationX": 4.0,
																									"rotationY": 1.0,
																									"rotationZ": -12.0,
																									"faces": {
																										"north": { "texture": "#skin", "uv": [ 38.0, 20.5, 38.5, 21.0 ] },
																										"east": { "texture": "#skin", "uv": [ 37.5, 20.5, 38.0, 21.0 ] },
																										"south": { "texture": "#skin", "uv": [ 37.0, 20.5, 37.5, 21.0 ] },
																										"west": { "texture": "#skin", "uv": [ 36.5, 20.5, 37.0, 21.0 ] },
																										"up": { "texture": "#skin", "uv": [ 37.0, 20.0, 37.5, 20.5 ] }
																									},
																									"children": [
																										{
																											"name": "RHorn5",
																											"from": [ 0.0, 0.4, 0.0 ],
																											"to": [ 0.6, 1.1, 0.6 ],
																											"unwrapMode": 1,
																											"uv": [ 36.5, 19.5 ],
																											"rotationOrigin": [ 0.3, 0.4, 0.3 ],
																											"rotationX": 5.0,
																											"rotationY": 1.0,
																											"rotationZ": -12.0,
																											"faces": {
																												"north": { "texture": "#skin", "uv": [ 37.0, 20.0, 37.5, 20.5 ] },
																												"east": { "texture": "#skin", "uv": [ 36.5, 20.0, 37.0, 20.5 ] },
																												"south": { "texture": "#skin", "uv": [ 38.0, 20.0, 38.5, 20.5 ] },
																												"west": { "texture": "#skin", "uv": [ 37.5, 20.0, 38.0, 20.5 ] },
																												"up": { "texture": "#skin", "uv": [ 37.0, 19.5, 37.5, 20.0 ], "rotation": 180 }
																											},
																											"children": [
																												{
																													"name": "RHorn6",
																													"from": [ 0.0, 0.6, 0.1 ],
																													"to": [ 0.4, 1.3, 0.5 ],
																													"unwrapMode": 1,
																													"uv": [ 36.5, 19.0 ],
																													"rotationOrigin": [ 0.2, 0.6, 0.3 ],
																													"rotationX": 1.0,
																													"rotationY": 1.0,
																													"rotationZ": -18.0,
																													"faces": {
																														"north": { "texture": "#skin", "uv": [ 37.0, 19.5, 37.5, 20.0 ] },
																														"east": { "texture": "#skin", "uv": [ 36.5, 19.5, 37.0, 20.0 ] },
																														"south": { "texture": "#skin", "uv": [ 38.0, 19.5, 38.5, 20.0 ] },
																														"west": { "texture": "#skin", "uv": [ 37.5, 19.5, 38.0, 20.0 ] },
																														"up": { "texture": "#skin", "uv": [ 37.0, 19.0, 37.5, 19.5 ], "rotation": 180 }
																													},
																													"children": [
																														{
																															"name": "RHorn7",
																															"from": [ 0.05, 0.6, 0.1 ],
																															"to": [ 0.35, 1.2, 0.4 ],
																															"unwrapMode": 1,
																															"uv": [ 36.5, 18.5 ],
																															"rotationOrigin": [ 0.2, 0.6, 0.2 ],
																															"rotationX": 1.0,
																															"rotationY": 1.0,
																															"rotationZ": -18.0,
																															"faces": {
																																"north": { "texture": "#skin", "uv": [ 37.0, 19.0, 37.5, 19.5 ] },
																																"east": { "texture": "#skin", "uv": [ 36.5, 19.0, 37.0, 19.5 ] },
																																"south": { "texture": "#skin", "uv": [ 38.0, 19.0, 38.5, 19.5 ] },
																																"west": { "texture": "#skin", "uv": [ 37.5, 19.0, 38.0, 19.5 ] },
																																"up": { "texture": "#skin", "uv": [ 37.0, 18.5, 37.5, 19.0 ], "rotation": 180 }
																															},
																															"children": [
																																{
																																	"name": "RHorn8",
																																	"from": [ 0.05, 0.5, 0.1 ],
																																	"to": [ 0.25, 0.8, 0.3 ],
																																	"unwrapMode": 1,
																																	"uv": [ 36.5, 18.0 ],
																																	"rotationOrigin": [ 0.1, 0.5, 0.1 ],
																																	"rotationX": 1.0,
																																	"rotationY": 1.0,
																																	"rotationZ": -5.0,
																																	"faces": {
																																		"north": { "texture": "#skin", "uv": [ 37.0, 18.5, 37.5, 19.0 ] },
																																		"east": { "texture": "#skin", "uv": [ 36.5, 18.5, 37.0, 19.0 ] },
																																		"south": { "texture": "#skin", "uv": [ 38.0, 18.5, 38.5, 19.0 ] },
																																		"west": { "texture": "#skin", "uv": [ 37.5, 18.5, 38.0, 19.0 ] },
																																		"up": { "texture": "#skin", "uv": [ 37.0, 18.0, 37.5, 18.5 ], "rotation": 180 }
																																	}
																																}
																															]
																														}
																													]
																												}
																											]
																										}
																									]
																								}
																							]
																						}
																					]
																				}
																			]
																		}
																	]
																}
															]
														}
													],
													"attachmentpoints": [
														{
															"code": "rope",
															"posX": "0.0","posY": "2.0","posZ": "0.8",
															"rotationX": "0.0","rotationY": "0.0","rotationZ": "0.0"
														}
													]
												}
											]
										},
										{
											"name": "L Shoulder",
											"from": [ -0.2, 0.2305, 3.8 ],
											"to": [ 1.9, 4.5305, 4.8 ],
											"unwrapMode": 3,
											"uv": [ 21.0, 1.0 ],
											"rotationOrigin": [ 0.3, 3.5, 4.1 ],
											"rotationX": 2.0,
											"rotationZ": -19.0,
											"faces": {
												"north": { "texture": "#skin", "uv": [ 25.0, 2.0, 27.0, 6.0 ] },
												"east": { "texture": "#skin", "uv": [ 24.0, 2.0, 25.0, 6.0 ] },
												"south": { "texture": "#skin", "uv": [ 22.0, 2.0, 24.0, 6.0 ] },
												"west": { "texture": "#skin", "uv": [ 21.0, 2.0, 22.0, 6.0 ] },
												"up": { "texture": "#skin", "uv": [ 22.0, 1.0, 24.0, 2.0 ] },
												"down": { "texture": "#skin", "uv": [ 22.0, 6.0, 24.0, 7.0 ], "rotation": 180 }
											},
											"children": [
												{
													"name": "L ArmUp",
													"from": [ 0.1, -0.1, 0.0 ],
													"to": [ 3.0, 1.4, 1.0 ],
													"unwrapMode": 3,
													"uv": [ 20.5, 7.5 ],
													"rotationOrigin": [ 0.3, 0.3, 0.0 ],
													"rotationY": -0.1,
													"rotationZ": -10.0,
													"faces": {
														"north": { "texture": "#skin", "uv": [ 25.0, 8.5, 27.5, 10.0 ] },
														"east": { "texture": "#skin", "uv": [ 24.0, 8.5, 25.0, 10.0 ] },
														"south": { "texture": "#skin", "uv": [ 21.5, 8.5, 24.0, 10.0 ] },
														"west": { "texture": "#skin", "uv": [ 20.5, 8.5, 21.5, 10.0 ] },
														"up": { "texture": "#skin", "uv": [ 21.5, 7.5, 24.0, 8.5 ], "windMode": [-1,-1,-1,-1] },
														"down": { "texture": "#skin", "uv": [ 21.5, 10.0, 24.0, 11.0 ], "rotation": 180 }
													},
													"children": [
														{
															"name": "L ArmMid",
															"from": [ 1.7, -2.2, 0.1 ],
															"to": [ 3.0, 1.4, 0.9 ],
															"unwrapMode": 3,
															"uv": [ 22.5, 11.5 ],
															"rotationOrigin": [ 2.4, 1.0, 0.5 ],
															"rotationX": 2.0,
															"rotationY": 2.0,
															"rotationZ": -8.0,
															"faces": {
																"north": { "texture": "#skin", "uv": [ 24.5, 12.0, 25.5, 15.5 ] },
																"east": { "texture": "#skin", "uv": [ 24.0, 12.0, 24.5, 15.5 ] },
																"south": { "texture": "#skin", "uv": [ 23.0, 12.0, 24.0, 15.5 ] },
																"west": { "texture": "#skin", "uv": [ 22.5, 12.0, 23.0, 15.5 ] },
																"up": { "texture": "#skin", "uv": [ 23.0, 11.5, 24.0, 12.0 ] },
																"down": { "texture": "#skin", "uv": [ 23.0, 15.5, 24.0, 16.0 ], "rotation": 180 }
															},
															"children": [
																{
																	"name": "L ArmLow",
																	"from": [ 0.1, -2.2, 0.1 ],
																	"to": [ 0.9, 0.4, 0.7 ],
																	"unwrapMode": 3,
																	"uv": [ 23.0, 16.5 ],
																	"rotationOrigin": [ 0.5, 0.1, 0.3 ],
																	"rotationX": -2.0,
																	"faces": {
																		"north": { "texture": "#skin", "uv": [ 24.5, 17.0, 25.0, 19.5 ] },
																		"east": { "texture": "#skin", "uv": [ 24.0, 17.0, 24.5, 19.5 ] },
																		"south": { "texture": "#skin", "uv": [ 23.5, 17.0, 24.0, 19.5 ] },
																		"west": { "texture": "#skin", "uv": [ 23.0, 17.0, 23.5, 19.5 ] },
																		"up": { "texture": "#skin", "uv": [ 23.5, 16.5, 24.0, 17.0 ] },
																		"down": { "texture": "#skin", "uv": [ 23.5, 19.5, 24.0, 20.0 ], "rotation": 180 }
																	},
																	"children": [
																		{
																			"name": "L Front Pastern",
																			"from": [ 0.1, -0.8, -0.1 ],
																			"to": [ 0.8, 0.4, 0.7 ],
																			"unwrapMode": 3,
																			"uv": [ 23.0, 20.5 ],
																			"rotationOrigin": [ 0.3, 0.3, 0.3 ],
																			"rotationX": -1.0,
																			"rotationZ": -10.0,
																			"faces": {
																				"north": { "texture": "#skin", "uv": [ 24.5, 21.0, 25.0, 22.0 ] },
																				"east": { "texture": "#skin", "uv": [ 24.0, 21.0, 24.5, 22.0 ] },
																				"south": { "texture": "#skin", "uv": [ 23.5, 21.0, 24.0, 22.0 ] },
																				"west": { "texture": "#skin", "uv": [ 23.0, 21.0, 23.5, 22.0 ] },
																				"up": { "texture": "#skin", "uv": [ 23.5, 20.5, 24.0, 21.0 ], "windMode": [-1,-1,-1,-1] },
																				"down": { "texture": "#skin", "uv": [ 23.5, 22.0, 24.0, 22.5 ], "rotation": 180 }
																			},
																			"children": [
																				{
																					"name": "L Front Hoof",
																					"from": [ 0.2, 0.3, 0.35 ],
																					"to": [ 0.2, 0.3, 0.35 ],
																					"uv": [ 0.0, 0.0 ],
																					"rotationOrigin": [ 0.2, 0.3, 0.35 ],
																					"rotationY": 1.0,
																					"rotationZ": 40.0,
																					"faces": {
																					},
																					"children": [
																						{
																							"name": "L Front Hoof2",
																							"from": [ -0.5, -0.5, -0.3 ],
																							"to": [ 0.2, -0.2, 0.4 ],
																							"unwrapMode": 5,
																							"uv": [ 26.5, 35.0 ],
																							"rotationOrigin": [ 0.1, -0.3, 0.1 ],
																							"faces": {
																								"north": { "texture": "#skin", "uv": [ 27.0, 35.0, 27.5, 35.5 ], "rotation": 180 },
																								"east": { "texture": "#skin", "uv": [ 27.5, 35.5, 28.0, 36.0 ], "rotation": 90 },
																								"south": { "texture": "#skin", "uv": [ 27.0, 36.0, 27.5, 36.5 ] },
																								"west": { "texture": "#skin", "uv": [ 26.5, 35.5, 27.0, 36.0 ], "rotation": 270 },
																								"up": { "texture": "#skin", "uv": [ 27.0, 35.5, 27.5, 36.0 ] },
																								"down": { "texture": "#skin", "uv": [ 28.0, 35.5, 28.5, 36.0 ] }
																							}
																						},
																						{
																							"name": "L Front Hoof1",
																							"from": [ -0.5, -0.5, -0.3 ],
																							"to": [ 0.4, -0.3, 0.4 ],
																							"unwrapMode": 5,
																							"uv": [ 29.0, 35.0 ],
																							"rotationOrigin": [ -0.5, -0.5, -0.3 ],
																							"rotationZ": 49.0,
																							"faces": {
																								"north": { "texture": "#skin", "uv": [ 29.5, 35.0, 30.0, 35.5 ], "rotation": 180 },
																								"east": { "texture": "#skin", "uv": [ 30.0, 35.5, 30.5, 36.0 ], "rotation": 90 },
																								"south": { "texture": "#skin", "uv": [ 29.5, 36.0, 30.0, 36.5 ] },
																								"west": { "texture": "#skin", "uv": [ 29.0, 35.5, 29.5, 36.0 ], "rotation": 270 },
																								"up": { "texture": "#skin", "uv": [ 29.5, 35.5, 30.0, 36.0 ] },
																								"down": { "texture": "#skin", "uv": [ 30.5, 35.5, 31.0, 36.0 ] }
																							}
																						}
																					]
																				}
																			]
																		}
																	]
																}
															]
														}
													]
												}
											]
										},
										{
											"name": "R Shoulder",
											"from": [ -0.2, 0.7201, -0.3 ],
											"to": [ 1.9, 5.0201, 0.7 ],
											"unwrapMode": 1,
											"uv": [ 29.0, 1.0 ],
											"rotationOrigin": [ 0.3, 3.5, 0.3 ],
											"rotationX": -2.0,
											"rotationZ": 14.0,
											"faces": {
												"north": { "texture": "#skin", "uv": [ 30.0, 2.0, 32.0, 6.0 ] },
												"east": { "texture": "#skin", "uv": [ 29.0, 2.0, 30.0, 6.0 ] },
												"south": { "texture": "#skin", "uv": [ 33.0, 2.0, 35.0, 6.0 ] },
												"west": { "texture": "#skin", "uv": [ 32.0, 2.0, 33.0, 6.0 ] },
												"up": { "texture": "#skin", "uv": [ 30.0, 1.0, 32.0, 2.0 ], "rotation": 180 },
												"down": { "texture": "#skin", "uv": [ 30.0, 6.0, 32.0, 7.0 ] }
											},
											"children": [
												{
													"name": "R ArmUp",
													"from": [ 0.1, -0.1, 0.0 ],
													"to": [ 3.0, 1.4, 1.0 ],
													"unwrapMode": 1,
													"uv": [ 28.5, 7.5 ],
													"rotationOrigin": [ 0.3, 0.3, 0.5 ],
													"rotationY": 0.1,
													"rotationZ": -21.0,
													"faces": {
														"north": { "texture": "#skin", "uv": [ 29.5, 8.5, 32.0, 10.0 ] },
														"east": { "texture": "#skin", "uv": [ 28.5, 8.5, 29.5, 10.0 ] },
														"south": { "texture": "#skin", "uv": [ 33.0, 8.5, 35.5, 10.0 ] },
														"west": { "texture": "#skin", "uv": [ 32.0, 8.5, 33.0, 10.0 ] },
														"up": { "texture": "#skin", "uv": [ 29.5, 7.5, 32.0, 8.5 ], "rotation": 180 },
														"down": { "texture": "#skin", "uv": [ 29.5, 10.0, 32.0, 11.0 ] }
													},
													"children": [
														{
															"name": "R ArmMid",
															"from": [ 1.7, -2.2, 0.1 ],
															"to": [ 3.0, 1.4, 0.9 ],
															"unwrapMode": 1,
															"uv": [ 30.5, 11.5 ],
															"rotationOrigin": [ 2.4, 1.0, 0.5 ],
															"rotationX": -2.0,
															"rotationY": -2.0,
															"rotationZ": 28.0,
															"faces": {
																"north": { "texture": "#skin", "uv": [ 31.0, 12.0, 32.0, 15.5 ] },
																"east": { "texture": "#skin", "uv": [ 30.5, 12.0, 31.0, 15.5 ] },
																"south": { "texture": "#skin", "uv": [ 32.5, 12.0, 33.5, 15.5 ] },
																"west": { "texture": "#skin", "uv": [ 32.0, 12.0, 32.5, 15.5 ] },
																"up": { "texture": "#skin", "uv": [ 31.0, 11.5, 32.0, 12.0 ], "rotation": 180 },
																"down": { "texture": "#skin", "uv": [ 31.0, 15.5, 32.0, 16.0 ] }
															},
															"children": [
																{
																	"name": "R ArmLow",
																	"from": [ 0.1, -2.2, 0.1 ],
																	"to": [ 0.9, 0.4, 0.7 ],
																	"unwrapMode": 1,
																	"uv": [ 31.5, 16.5 ],
																	"rotationOrigin": [ 0.5, 0.1, 0.3 ],
																	"rotationX": 2.0,
																	"faces": {
																		"north": { "texture": "#skin", "uv": [ 32.0, 17.0, 32.5, 19.5 ] },
																		"east": { "texture": "#skin", "uv": [ 31.5, 17.0, 32.0, 19.5 ] },
																		"south": { "texture": "#skin", "uv": [ 33.0, 17.0, 33.5, 19.5 ] },
																		"west": { "texture": "#skin", "uv": [ 32.5, 17.0, 33.0, 19.5 ] },
																		"up": { "texture": "#skin", "uv": [ 32.0, 16.5, 32.5, 17.0 ], "rotation": 180 },
																		"down": { "texture": "#skin", "uv": [ 32.0, 19.5, 32.5, 20.0 ] }
																	},
																	"children": [
																		{
																			"name": "R Front Pastern",
																			"from": [ 0.1, -0.8, -0.1 ],
																			"to": [ 0.8, 0.4, 0.7 ],
																			"unwrapMode": 1,
																			"uv": [ 31.5, 20.5 ],
																			"rotationOrigin": [ 0.3, 0.3, 0.3 ],
																			"rotationX": 1.0,
																			"rotationZ": -32.0,
																			"faces": {
																				"north": { "texture": "#skin", "uv": [ 32.0, 21.0, 32.5, 22.0 ] },
																				"east": { "texture": "#skin", "uv": [ 31.5, 21.0, 32.0, 22.0 ] },
																				"south": { "texture": "#skin", "uv": [ 33.0, 21.0, 33.5, 22.0 ] },
																				"west": { "texture": "#skin", "uv": [ 32.5, 21.0, 33.0, 22.0 ] },
																				"up": { "texture": "#skin", "uv": [ 32.0, 20.5, 32.5, 21.0 ], "rotation": 180, "windMode": [-1,-1,-1,-1] },
																				"down": { "texture": "#skin", "uv": [ 32.0, 22.0, 32.5, 22.5 ] }
																			},
																			"children": [
																				{
																					"name": "R Front Hoof",
																					"from": [ 0.2, 0.3, 0.35 ],
																					"to": [ 0.2, 0.3, 0.35 ],
																					"uv": [ 0.0, 0.0 ],
																					"rotationOrigin": [ 0.2, 0.3, 0.35 ],
																					"rotationY": -1.0,
																					"rotationZ": 18.0,
																					"faces": {
																					},
																					"children": [
																						{
																							"name": "R Front Hoof2",
																							"from": [ -0.5, -0.5, -0.3 ],
																							"to": [ 0.2, -0.2, 0.4 ],
																							"unwrapMode": 5,
																							"uv": [ 26.5, 37.0 ],
																							"rotationOrigin": [ 0.1, -0.3, 0.1 ],
																							"faces": {
																								"north": { "texture": "#skin", "uv": [ 27.0, 37.0, 27.5, 37.5 ], "rotation": 180 },
																								"east": { "texture": "#skin", "uv": [ 27.5, 37.5, 28.0, 38.0 ], "rotation": 90 },
																								"south": { "texture": "#skin", "uv": [ 27.0, 38.0, 27.5, 38.5 ] },
																								"west": { "texture": "#skin", "uv": [ 26.5, 37.5, 27.0, 38.0 ], "rotation": 270 },
																								"up": { "texture": "#skin", "uv": [ 27.0, 37.5, 27.5, 38.0 ] },
																								"down": { "texture": "#skin", "uv": [ 28.0, 37.5, 28.5, 38.0 ] }
																							}
																						},
																						{
																							"name": "R Front Hoof1",
																							"from": [ -0.5, -0.5, -0.3 ],
																							"to": [ 0.4, -0.3, 0.4 ],
																							"unwrapMode": 5,
																							"uv": [ 29.0, 37.0 ],
																							"rotationOrigin": [ -0.5, -0.5, -0.3 ],
																							"rotationZ": 49.0,
																							"faces": {
																								"north": { "texture": "#skin", "uv": [ 29.5, 37.0, 30.0, 37.5 ], "rotation": 180 },
																								"east": { "texture": "#skin", "uv": [ 30.0, 37.5, 30.5, 38.0 ], "rotation": 90 },
																								"south": { "texture": "#skin", "uv": [ 29.5, 38.0, 30.0, 38.5 ] },
																								"west": { "texture": "#skin", "uv": [ 29.0, 37.5, 29.5, 38.0 ], "rotation": 270 },
																								"up": { "texture": "#skin", "uv": [ 29.5, 37.5, 30.0, 38.0 ] },
																								"down": { "texture": "#skin", "uv": [ 30.5, 37.5, 31.0, 38.0 ] }
																							}
																						}
																					]
																				}
																			]
																		}
																	]
																}
															]
														}
													]
												}
											]
										}
									],
									"attachmentpoints": [
										{
											"code": "Center",
											"posX": "4.0","posY": "0.0","posZ": "2.3",
											"rotationX": "0.0","rotationY": "0.0","rotationZ": "0.0"
										}
									]
								}
							],
							"attachmentpoints": [
								{
									"code": "Rider",
									"posX": "3.0","posY": "11.0","posZ": "3.7",
									"rotationX": "0.0","rotationY": "-180.0","rotationZ": "0.0"
								}
							]
						},
						{
							"name": "Tail0",
							"from": [ 2.4, 3.7, 1.9 ],
							"to": [ 2.9, 5.3, 2.6 ],
							"unwrapMode": 2,
							"uv": [ 26.0, 10.5 ],
							"rotationOrigin": [ 2.9, 5.3, 2.3 ],
							"rotationZ": 100.0,
							"faces": {
								"north": { "texture": "#skin", "uv": [ 27.0, 11.0, 27.5, 12.5 ], "windMode": [-1,-1,-1,-1], "windData": [0,1,1,0] },
								"east": { "texture": "#skin", "uv": [ 26.5, 11.0, 27.0, 12.5 ], "windMode": [-1,-1,-1,-1], "windData": [0,1,1,0] },
								"south": { "texture": "#skin", "uv": [ 26.0, 11.0, 26.5, 12.5 ] },
								"west": { "texture": "#skin", "uv": [ 27.5, 11.0, 28.0, 12.5 ], "windMode": [-1,-1,-1,-1], "windData": [0,0,1,1] },
								"up": { "texture": "#skin", "uv": [ 26.5, 10.5, 27.0, 11.0 ], "rotation": 270, "windMode": [-1,-1,-1,-1], "windData": [1,1,1,1] },
								"down": { "texture": "#skin", "uv": [ 26.5, 12.5, 27.0, 13.0 ], "rotation": 270, "windMode": [-1,-1,-1,-1], "windData": [1,1,1,1] }
							},
							"children": [
								{
									"name": "Tail",
									"from": [ 0.0, -0.6, 0.0 ],
									"to": [ 0.5, 0.1, 0.7 ],
									"unwrapMode": 2,
									"uv": [ 27.0, 13.0 ],
									"rotationOrigin": [ 0.3, 0.1, 0.3 ],
									"rotationZ": -28.0,
									"faces": {
										"north": { "texture": "#skin", "uv": [ 28.0, 13.5, 28.5, 14.0 ], "windMode": [-1,-1,-1,-1], "windData": [0,1,1,0] },
										"east": { "texture": "#skin", "uv": [ 27.5, 13.5, 28.0, 14.0 ], "windMode": [-1,-1,-1,-1], "windData": [0,1,1,0] },
										"south": { "texture": "#skin", "uv": [ 27.0, 13.5, 27.5, 14.0 ] },
										"west": { "texture": "#skin", "uv": [ 28.5, 13.5, 29.0, 14.0 ], "windMode": [-1,-1,-1,-1], "windData": [0,0,1,1] },
										"up": { "texture": "#skin", "uv": [ 27.5, 13.0, 28.0, 13.5 ], "rotation": 270, "windMode": [-1,-1,-1,-1], "windData": [1,1,1,1] },
										"down": { "texture": "#skin", "uv": [ 27.5, 14.0, 28.0, 14.5 ], "rotation": 270, "windMode": [-1,-1,-1,-1], "windData": [1,1,1,1] }
									},
									"children": [
										{
											"name": "Tail2",
											"from": [ -0.1, -0.5, 0.0 ],
											"to": [ 0.4, 0.2, 0.7 ],
											"unwrapMode": 2,
											"uv": [ 26.5, 15.0 ],
											"rotationOrigin": [ 0.1, -0.1, 0.3 ],
											"rotationY": 0.5,
											"rotationZ": -37.0,
											"faces": {
												"north": { "texture": "#skin", "uv": [ 27.5, 15.0, 28.0, 15.5 ], "windMode": [-1,-1,-1,-1], "windData": [0,1,1,0] },
												"east": { "texture": "#skin", "uv": [ 27.0, 15.0, 27.5, 15.5 ], "windMode": [-1,-1,-1,-1], "windData": [0,1,1,0] },
												"south": { "texture": "#skin", "uv": [ 26.5, 15.0, 27.0, 15.5 ] },
												"west": { "texture": "#skin", "uv": [ 28.0, 15.0, 28.5, 15.5 ], "windMode": [-1,-1,-1,-1], "windData": [0,0,1,1] },
												"down": { "texture": "#skin", "uv": [ 27.0, 15.5, 27.5, 16.0 ], "rotation": 270, "windMode": [-1,-1,-1,-1] }
											},
											"children": [
												{
													"name": "Tail3",
													"from": [ 0.0, -0.8, 0.05 ],
													"to": [ 0.5, 0.2, 0.65 ],
													"unwrapMode": 2,
													"uv": [ 27.5, 16.5 ],
													"rotationOrigin": [ 0.3, 0.0, 0.3 ],
													"rotationZ": -7.0,
													"faces": {
														"north": { "texture": "#skin", "uv": [ 28.5, 16.5, 29.0, 17.5 ], "windMode": [-1,-1,-1,-1], "windData": [0,1,1,0] },
														"east": { "texture": "#skin", "uv": [ 28.0, 16.5, 28.5, 17.5 ], "windMode": [-1,-1,-1,-1], "windData": [0,1,1,0] },
														"south": { "texture": "#skin", "uv": [ 27.5, 16.5, 28.0, 17.5 ] },
														"west": { "texture": "#skin", "uv": [ 29.0, 16.5, 29.5, 17.5 ], "windMode": [-1,-1,-1,-1], "windData": [0,0,1,1] },
														"down": { "texture": "#skin", "uv": [ 28.0, 17.5, 28.5, 18.0 ], "rotation": 270, "windMode": [-1,-1,-1,-1] }
													},
													"children": [
														{
															"name": "Tail4",
															"from": [ 0.0, -0.9, 0.0 ],
															"to": [ 0.5, 0.1, 0.6 ],
															"unwrapMode": 2,
															"uv": [ 26.5, 18.5 ],
															"rotationOrigin": [ 0.3, -0.1, 0.3 ],
															"rotationY": -1.0,
															"faces": {
																"north": { "texture": "#skin", "uv": [ 27.5, 18.5, 28.0, 19.5 ], "windMode": [-1,-1,-1,-1], "windData": [0,1,1,0] },
																"east": { "texture": "#skin", "uv": [ 27.0, 18.5, 27.5, 19.5 ], "windMode": [-1,-1,-1,-1], "windData": [0,1,1,0] },
																"south": { "texture": "#skin", "uv": [ 26.5, 18.5, 27.0, 19.5 ] },
																"west": { "texture": "#skin", "uv": [ 28.0, 18.5, 28.5, 19.5 ], "windMode": [-1,-1,-1,-1], "windData": [0,0,1,1] },
																"down": { "texture": "#skin", "uv": [ 27.0, 19.5, 27.5, 20.0 ], "rotation": 270, "windMode": [-1,-1,-1,-1] }
															},
															"children": [
																{
																	"name": "Tail5",
																	"from": [ -0.1, -0.5, -0.1 ],
																	"to": [ 0.5, 0.1, 0.7 ],
																	"unwrapMode": 2,
																	"uv": [ 29.0, 19.0 ],
																	"rotationOrigin": [ 0.2, 0.0, 0.3 ],
																	"rotationY": -1.0,
																	"rotationZ": 2.0,
																	"faces": {
																		"north": { "texture": "#skin", "uv": [ 30.0, 19.5, 30.5, 20.0 ], "windMode": [-1,-1,-1,-1], "windData": [0,1,1,0] },
																		"east": { "texture": "#skin", "uv": [ 29.5, 19.5, 30.0, 20.0 ], "windMode": [-1,-1,-1,-1], "windData": [0,1,1,0] },
																		"south": { "texture": "#skin", "uv": [ 29.0, 19.5, 29.5, 20.0 ] },
																		"west": { "texture": "#skin", "uv": [ 30.5, 19.5, 31.0, 20.0 ], "windMode": [-1,-1,-1,-1], "windData": [0,0,1,1] },
																		"up": { "texture": "#skin", "uv": [ 29.5, 19.0, 30.0, 19.5 ], "rotation": 270, "windMode": [-1,-1,-1,-1], "windData": [0,0,0,0] }
																	},
																	"children": [
																		{
																			"name": "Tail6",
																			"from": [ -0.1, -1.3, -0.1 ],
																			"to": [ 0.7, 0.4, 0.9 ],
																			"renderPass": 1,
																			"unwrapMode": 2,
																			"uv": [ 25.5, 20.5 ],
																			"rotationOrigin": [ 0.2, 0.0, 0.3 ],
																			"rotationZ": 11.0,
																			"faces": {
																				"north": { "texture": "#skin", "uv": [ 27.0, 21.0, 27.5, 22.5 ], "windMode": [-1,-1,-1,-1], "windData": [0,1,1,0] },
																				"east": { "texture": "#skin", "uv": [ 26.0, 21.0, 27.0, 22.5 ], "windMode": [-1,-1,-1,-1], "windData": [0,1,1,0] },
																				"south": { "texture": "#skin", "uv": [ 25.5, 21.0, 26.0, 22.5 ] },
																				"west": { "texture": "#skin", "uv": [ 27.5, 21.0, 28.5, 22.5 ], "windMode": [-1,-1,-1,-1], "windData": [0,0,1,1] },
																				"up": { "texture": "#skin", "uv": [ 26.0, 20.5, 27.0, 21.0 ], "rotation": 270, "windMode": [-1,-1,-1,-1], "windData": [1,1,1,1] }
																			},
																			"children": [
																				{
																					"name": "Tail7",
																					"from": [ 0.1, -1.3, 0.1 ],
																					"to": [ 0.7, 0.7, 0.9 ],
																					"renderPass": 1,
																					"unwrapMode": 2,
																					"uv": [ 29.0, 20.5 ],
																					"rotationOrigin": [ 0.3, 0.5, 0.4 ],
																					"rotationZ": 11.0,
																					"faces": {
																						"north": { "texture": "#skin", "uv": [ 30.0, 21.0, 30.5, 23.0 ], "windMode": [-1,-1,-1,-1], "windData": [0,1,1,0] },
																						"east": { "texture": "#skin", "uv": [ 29.5, 21.0, 30.0, 23.0 ], "windMode": [-1,-1,-1,-1], "windData": [0,1,1,0] },
																						"south": { "texture": "#skin", "uv": [ 29.0, 21.0, 29.5, 23.0 ] },
																						"west": { "texture": "#skin", "uv": [ 30.5, 21.0, 31.0, 23.0 ], "windMode": [-1,-1,-1,-1], "windData": [0,0,1,1] },
																						"up": { "texture": "#skin", "uv": [ 29.5, 20.5, 30.0, 21.0 ], "rotation": 270, "windMode": [-1,-1,-1,-1], "windData": [1,1,1,1] }
																					}
																				}
																			]
																		}
																	]
																}
															]
														}
													]
												}
											]
										}
									]
								}
							]
						}
					]
				}
			]
		}
	]}