[
  {
    "op": "add",
    "path": "/attributesByType",
    "value": {
      "*-moist-lowest": {
        "weedBlockCodes": [
          {
            "code": "flower-horsetail-free",
            "chance": 0.1
          }
        ]
      },
      "*-moist-low": {
        "weedBlockCodes": [
          {
            "code": "flower-horsetail-free",
            "chance": 0.15
          },
          {
            "code": "flower-woad-free",
            "chance": 0.05
          },
          {
            "code": "flower-heather-free",
            "chance": 0.05
          },
          {
            "code": "mushroom-redwinecap-normal",
            "chance": 0.05
          },
          {
            "code": "mushroom-puffball-normal",
            "chance": 0.05
          },
          {
            "code": "mushroom-fieldmushroom-normal",
            "chance": 0.05
          }
        ]
      },
      "*-moist-medium": {
        "weedBlockCodes": [
          {
            "code": "flower-horsetail-free",
            "chance": 0.2
          },
          {
            "code": "flower-woad-free",
            "chance": 0.1
          },
          {
            "code": "flower-heather-free",
            "chance": 0.1
          },
          {
            "code": "mushroom-redwinecap-normal",
            "chance": 0.1
          },
          {
            "code": "mushroom-puffball-normal",
            "chance": 0.1
          },
          {
            "code": "mushroom-fieldmushroom-normal",
            "chance": 0.1
          }
        ]
      },
      "*-moist-compost": {
        "weedBlockCodes": [
          {
            "code": "flower-horsetail-free",
            "chance": 0.25
          },
          {
            "code": "flower-woad-free",
            "chance": 0.15
          },
          {
            "code": "flower-heather-free",
            "chance": 0.15
          },
          {
            "code": "mushroom-redwinecap-normal",
            "chance": 0.15
          },
          {
            "code": "mushroom-puffball-normal",
            "chance": 0.15
          },
          {
            "code": "mushroom-fieldmushroom-normal",
            "chance": 0.15
          }
        ]
      },
      "*-moist-high": {
        "weedBlockCodes": [
          {
            "code": "flower-horsetail-free",
            "chance": 0.3
          },
          {
            "code": "flower-woad-free",
            "chance": 0.2
          },
          {
            "code": "flower-heather-free",
            "chance": 0.2
          },
          {
            "code": "mushroom-redwinecap-normal",
            "chance": 0.2
          },
          {
            "code": "mushroom-puffball-normal",
            "chance": 0.2
          },
          {
            "code": "mushroom-fieldmushroom-normal",
            "chance": 0.2
          }
        ]
      },
      "*-dry-lowest": {
        "weedBlockCodes": [
          {
            "code": "flower-horsetail-free",
            "chance": 0.05
          }
        ]
      },
      "*-dry-low": {
        "weedBlockCodes": [
          {
            "code": "flower-horsetail-free",
            "chance": 0.075
          },
          {
            "code": "flower-woad-free",
            "chance": 0.025
          },
          {
            "code": "flower-heather-free",
            "chance": 0.025
          }
        ]
      },
      "*-dry-medium": {
        "weedBlockCodes": [
          {
            "code": "flower-horsetail-free",
            "chance": 0.1
          },
          {
            "code": "flower-woad-free",
            "chance": 0.05
          },
          {
            "code": "flower-heather-free",
            "chance": 0.05
          }
        ]
      },
      "*-dry-compost": {
        "weedBlockCodes": [
          {
            "code": "flower-horsetail-free",
            "chance": 0.125
          },
          {
            "code": "flower-woad-free",
            "chance": 0.075
          },
          {
            "code": "flower-heather-free",
            "chance": 0.075
          }
        ]
      },
      "*-dry-high": {
        "weedBlockCodes": [
          {
            "code": "flower-horsetail-free",
            "chance": 0.15
          },
          {
            "code": "flower-woad-free",
            "chance": 0.1
          },
          {
            "code": "flower-heather-free",
            "chance": 0.1
          }
        ]
      }
    },
    "file": "game:blocktypes/soil/farmland.json",
    "side": "Server"
  },
  {
    "op": "remove",
    "path": "/attributes/weedBlockCodes/4",
    "file": "game:blocktypes/soil/farmland.json",
    "side": "Server"
  }
]