{
  "textureWidth":16,
  "textureHeight":16,
  "textures":{
    "wood":"game:block/wood/debarked/oak"
  },
  "textureSizes":{
    "wood":[
      32,
      32
    ]
  },
  "elements":[
    {
      "name":"origin",
      "from":[
        11.0,
        0.5,
        7.699999988079071
      ],
      "to":[
        11.0,
        0.5,
        7.699999988079071
      ],
      "rotationOrigin":[
        8.0,
        0.0,
        8.0
      ],
      "group":"Stick",
      "faces":{
        "north":{
          "texture":"#0",
          "uv":[
            0,
            0,
            4,
            4
          ],
          "autoUv":false
        },
        "east":{
          "texture":"#0",
          "uv":[
            0,
            0,
            4,
            4
          ],
          "autoUv":false
        },
        "south":{
          "texture":"#0",
          "uv":[
            0,
            0,
            4,
            4
          ],
          "autoUv":false
        },
        "west":{
          "texture":"#0",
          "uv":[
            0,
            0,
            4,
            4
          ],
          "autoUv":false
        },
        "up":{
          "texture":"#wood",
          "uv":[
            0.0,
            0.0,
            1.0,
            1.0
          ],
          "autoUv":false,
          "rotation":180
        },
        "down":{
          "texture":"#0",
          "uv":[
            0,
            0,
            4,
            4
          ],
          "autoUv":false
        }
      },
      "children":[
        {
          "name":"handle_stick 01",
          "from":[
            -7.938915848731995,
            2.9802322387695312e-08,
            -0.19999903440475464
          ],
          "to":[
            -4.298258066177368,
            0.9999999701976776,
            0.8000009655952454
          ],
          "rotationOrigin":[
            -6.118587017059326,
            0.5,
            0.30000096559524536
          ],
          "group":"Stick",
          "faces":{
            "north":{
              "texture":"#wood",
              "uv":[
                3.0,
                11.0,
                10.0,
                14.0
              ],
              "autoUv":false
            },
            "east":{
              "texture":"#wood",
              "uv":[
                1.0,
                1.0,
                4.0,
                4.0
              ],
              "autoUv":false
            },
            "south":{
              "texture":"#wood",
              "uv":[
                3.5821831226348877,
                21.0,
                10.86349868774414,
                24.0
              ],
              "autoUv":false
            },
            "west":{
              "texture":"#wood",
              "uv":[
                17.0,
                18.0,
                20.0,
                21.0
              ],
              "autoUv":false
            },
            "up":{
              "texture":"#wood",
              "uv":[
                22.0,
                24.0,
                29.0,
                27.0
              ],
              "autoUv":false
            },
            "down":{
              "texture":"#wood",
              "uv":[
                10.417817115783691,
                13.0,
                3.1365013122558594,
                10.0
              ],
              "autoUv":false,
              "rotation":180
            }
          },
          "children":[]
        },
        {
          "name":"handle_stick 02",
          "from":[
            -4.298258364200592,
            2.9802322387695312e-08,
            -0.19999903440475464
          ],
          "to":[
            -3.8534130454063416,
            0.26453539729118347,
            0.8000009655952454
          ],
          "rotationOrigin":[
            -4.075835704803467,
            0.13226771354675293,
            0.30000096559524536
          ],
          "group":"Stick",
          "faces":{
            "north":{
              "texture":"#wood",
              "uv":[
                0.0,
                11.0,
                2.0,
                12.0
              ],
              "autoUv":false
            },
            "east":{
              "texture":"#wood",
              "uv":[
                1.0,
                1.0,
                4.0,
                2.0
              ],
              "autoUv":false
            },
            "south":{
              "texture":"#wood",
              "uv":[
                0.0,
                21.0,
                2.0,
                22.0
              ],
              "autoUv":false
            },
            "west":{
              "texture":"#wood",
              "uv":[
                28.0,
                20.0,
                31.0,
                21.0
              ],
              "autoUv":false
            },
            "up":{
              "texture":"#wood",
              "uv":[
                0.0,
                9.0,
                2.0,
                12.0
              ],
              "autoUv":false
            },
            "down":{
              "texture":"#wood",
              "uv":[
                2.0,
                13.0,
                0.0,
                10.0
              ],
              "autoUv":false,
              "rotation":180
            }
          },
          "children":[]
        },
        {
          "name":"handle_stick 03",
          "from":[
            -4.298258364200592,
            0.26453542709350586,
            -0.19999903440475464
          ],
          "to":[
            -3.3534130454063416,
            0.7645354270935059,
            0.8000009655952454
          ],
          "rotationOrigin":[
            -3.825835704803467,
            0.5145354270935059,
            0.30000096559524536
          ],
          "group":"Stick",
          "faces":{
            "north":{
              "texture":"#wood",
              "uv":[
                4.0,
                8.0,
                7.0,
                9.0
              ],
              "autoUv":false
            },
            "east":{
              "texture":"#wood",
              "uv":[
                1.0,
                1.0,
                4.0,
                2.0
              ],
              "autoUv":false
            },
            "south":{
              "texture":"#wood",
              "uv":[
                0.0,
                23.0,
                3.0,
                24.0
              ],
              "autoUv":false
            },
            "west":{
              "texture":"#wood",
              "uv":[
                28.0,
                20.0,
                31.0,
                21.0
              ],
              "autoUv":false
            },
            "up":{
              "texture":"#wood",
              "uv":[
                0.0,
                9.0,
                3.0,
                12.0
              ],
              "autoUv":false
            },
            "down":{
              "texture":"#wood",
              "uv":[
                3.0,
                13.0,
                0.0,
                10.0
              ],
              "autoUv":false,
              "rotation":180
            }
          },
          "children":[]
        },
        {
          "name":"handle_stick 04",
          "from":[
            -8.938916206359863,
            0.7645354270935059,
            -0.1999991238117218
          ],
          "to":[
            -7.938916206359863,
            1.0,
            0.4926280081272125
          ],
          "rotationOrigin":[
            -8.438916206359863,
            0.8822677135467529,
            0.14631444215774536
          ],
          "group":"Stick",
          "faces":{
            "north":{
              "texture":"#wood",
              "uv":[
                10.0,
                11.0,
                12.0,
                11.751968383789062
              ],
              "autoUv":false
            },
            "east":{
              "texture":"#wood",
              "uv":[
                1.0,
                1.0,
                3.0,
                2.0
              ],
              "autoUv":false
            },
            "south":{
              "texture":"#wood",
              "uv":[
                0.0,
                21.0,
                2.0,
                22.0
              ],
              "autoUv":false
            },
            "west":{
              "texture":"#wood",
              "uv":[
                28.0,
                20.0,
                30.0,
                21.0
              ],
              "autoUv":false
            },
            "up":{
              "texture":"#wood",
              "uv":[
                20.0,
                24.0,
                22.0,
                26.0
              ],
              "autoUv":false
            },
            "down":{
              "texture":"#wood",
              "uv":[
                2.0,
                12.0,
                0.0,
                10.0
              ],
              "autoUv":false,
              "rotation":180
            }
          },
          "children":[]
        },
        {
          "name":"handle_stick 05",
          "from":[
            -9.438916206359863,
            0.26453542709350586,
            -0.1999991238117218
          ],
          "to":[
            -7.938916206359863,
            0.7645354270935059,
            0.4926280081272125
          ],
          "rotationOrigin":[
            -8.688916206359863,
            0.5145354270935059,
            0.14631444215774536
          ],
          "group":"Stick",
          "faces":{
            "north":{
              "texture":"#wood",
              "uv":[
                10.0,
                11.751968383789062,
                13.0,
                13.0
              ],
              "autoUv":false
            },
            "east":{
              "texture":"#wood",
              "uv":[
                1.0,
                1.0,
                3.0,
                2.0
              ],
              "autoUv":false
            },
            "south":{
              "texture":"#wood",
              "uv":[
                4.0,
                8.0,
                7.0,
                9.0
              ],
              "autoUv":false
            },
            "west":{
              "texture":"#wood",
              "uv":[
                28.0,
                20.0,
                30.0,
                21.0
              ],
              "autoUv":false
            },
            "up":{
              "texture":"#wood",
              "uv":[
                18.0,
                25.0,
                21.0,
                27.0
              ],
              "autoUv":false
            },
            "down":{
              "texture":"#wood",
              "uv":[
                3.0,
                12.0,
                0.0,
                10.0
              ],
              "autoUv":false,
              "rotation":180
            }
          },
          "children":[]
        },
        {
          "name":"handle_stick 06",
          "from":[
            -8.438916206359863,
            2.9802322387695312e-08,
            0.3153662234544754
          ],
          "to":[
            -7.938916206359863,
            0.7645353972911835,
            0.8000012338161469
          ],
          "rotationOrigin":[
            -8.188916206359863,
            0.38226771354675293,
            0.5576837658882141
          ],
          "group":"Stick",
          "faces":{
            "north":{
              "texture":"#wood",
              "uv":[
                4.0,
                18.0,
                5.0,
                20.0
              ],
              "autoUv":false
            },
            "east":{
              "texture":"#wood",
              "uv":[
                1.0,
                1.0,
                2.0,
                3.0
              ],
              "autoUv":false
            },
            "south":{
              "texture":"#wood",
              "uv":[
                4.0,
                14.0,
                5.0,
                16.0
              ],
              "autoUv":false
            },
            "west":{
              "texture":"#wood",
              "uv":[
                28.0,
                20.0,
                29.0,
                22.0
              ],
              "autoUv":false
            },
            "up":{
              "texture":"#wood",
              "uv":[
                5.0,
                11.0,
                6.0,
                12.0
              ],
              "autoUv":false
            },
            "down":{
              "texture":"#wood",
              "uv":[
                1.0,
                11.0,
                0.0,
                10.0
              ],
              "autoUv":false,
              "rotation":180
            }
          },
          "children":[]
        },
        {
          "name":"handle_stick 07",
          "from":[
            -9.12778091430664,
            -0.10829359292984009,
            -0.03762117028236389
          ],
          "to":[
            -7.627780914306641,
            0.3917064070701599,
            0.33727291226387024
          ],
          "rotationOrigin":[
            -8.37778091430664,
            0.1417064070701599,
            0.14982587099075317
          ],
          "rotationX":2.724311436707759e-15,
          "rotationY":2.95112982002871e-16,
          "rotationZ":12.364956978078068,
          "group":"Stick",
          "faces":{
            "north":{
              "texture":"#wood",
              "uv":[
                12.0,
                11.0,
                15.0,
                12.0
              ],
              "autoUv":false
            },
            "east":{
              "texture":"#wood",
              "uv":[
                1.0,
                1.0,
                3.0,
                2.0
              ],
              "autoUv":false
            },
            "south":{
              "texture":"#wood",
              "uv":[
                4.0,
                8.0,
                7.0,
                9.0
              ],
              "autoUv":false
            },
            "west":{
              "texture":"#wood",
              "uv":[
                28.0,
                20.0,
                30.0,
                21.0
              ],
              "autoUv":false
            },
            "up":{
              "texture":"#wood",
              "uv":[
                18.0,
                25.0,
                21.0,
                27.0
              ],
              "autoUv":false
            },
            "down":{
              "texture":"#wood",
              "uv":[
                3.0,
                12.0,
                0.0,
                10.0
              ],
              "autoUv":false,
              "rotation":180
            }
          },
          "children":[]
        }
      ]
    }
  ],
  "groups":[]
}