{
	"editor": {
		"backDropShape": "entity/bovinae/bubalusbubalis/adult",
		"allAngles": true,
		"entityTextureMode": true
	},
	"textureWidth": 76,
	"textureHeight": 84,
	"textureSizes": {
		"skin": [76,84]
	},
	"textures": {
		"skin": "entity/bovinae/bubalusbubalis-male"
	},
	"elements": [
		{
			"name": "RHorn1",
			"stepParentName": "AntlerBase",
			"from": [ -0.3, 0.2, -2.0 ],
			"to": [ 1.5, 1.7, -0.7 ],
			"unwrapMode": 2,
			"uv": [ 70.5, 41.5 ],
			"rotationOrigin": [ 0.2, 0.2, -1.2 ],
			"rotationX": -83.0,
			"rotationY": -3.0,
			"rotationZ": -15.0,
			"faces": {
				"north": { "texture": "#skin", "uv": [ 73.0, 43.0, 74.5, 44.5 ] },
				"east": { "texture": "#skin", "uv": [ 72.0, 43.0, 73.0, 44.5 ] },
				"south": { "texture": "#skin", "uv": [ 70.5, 43.0, 72.0, 44.5 ] },
				"west": { "texture": "#skin", "uv": [ 74.5, 43.0, 75.5, 44.5 ] },
				"up": { "texture": "#skin", "uv": [ 72.0, 41.5, 73.0, 43.0 ], "rotation": 270 }
			},
			"children": [
				{
					"name": "RHorn2",
					"from": [ 0.0, 1.3, 0.1 ],
					"to": [ 1.7, 2.3, 1.3 ],
					"unwrapMode": 2,
					"uv": [ 70.5, 39.5 ],
					"rotationOrigin": [ 0.6, 1.3, 0.9 ],
					"rotationX": -5.0,
					"rotationY": -6.0,
					"rotationZ": -3.0,
					"faces": {
						"north": { "texture": "#skin", "uv": [ 73.0, 41.0, 74.5, 42.0 ] },
						"east": { "texture": "#skin", "uv": [ 72.0, 41.0, 73.0, 42.0 ] },
						"south": { "texture": "#skin", "uv": [ 70.5, 41.0, 72.0, 42.0 ] },
						"west": { "texture": "#skin", "uv": [ 74.5, 41.0, 75.5, 42.0 ] },
						"up": { "texture": "#skin", "uv": [ 72.0, 39.5, 73.0, 41.0 ], "rotation": 270 }
					},
					"children": [
						{
							"name": "RHorn3",
							"from": [ 0.0, 0.8, 0.1 ],
							"to": [ 1.6, 1.8, 1.1 ],
							"unwrapMode": 2,
							"uv": [ 70.5, 38.0 ],
							"rotationOrigin": [ 0.5, 0.8, 0.6 ],
							"rotationX": -5.0,
							"rotationY": -8.0,
							"rotationZ": -16.0,
							"faces": {
								"north": { "texture": "#skin", "uv": [ 73.0, 39.5, 74.5, 40.5 ] },
								"east": { "texture": "#skin", "uv": [ 72.0, 39.5, 73.0, 40.5 ] },
								"south": { "texture": "#skin", "uv": [ 70.5, 39.5, 72.0, 40.5 ] },
								"west": { "texture": "#skin", "uv": [ 74.5, 39.5, 75.5, 40.5 ] },
								"up": { "texture": "#skin", "uv": [ 72.0, 38.0, 73.0, 39.5 ], "rotation": 270 }
							},
							"children": [
								{
									"name": "RHorn4",
									"from": [ 0.0, 0.9, 0.0 ],
									"to": [ 1.5, 1.9, 1.0 ],
									"unwrapMode": 3,
									"uv": [ 70.5, 37.0 ],
									"rotationOrigin": [ 0.4, 0.9, 0.4 ],
									"rotationY": -8.0,
									"rotationZ": -12.0,
									"faces": {
										"north": { "texture": "#skin", "uv": [ 74.0, 38.0, 75.5, 39.0 ] },
										"east": { "texture": "#skin", "uv": [ 73.0, 38.0, 74.0, 39.0 ] },
										"south": { "texture": "#skin", "uv": [ 71.5, 38.0, 73.0, 39.0 ] },
										"west": { "texture": "#skin", "uv": [ 70.5, 38.0, 71.5, 39.0 ] },
										"up": { "texture": "#skin", "uv": [ 71.5, 37.0, 73.0, 38.0 ] }
									},
									"children": [
										{
											"name": "RHorn5",
											"from": [ 0.0, 0.8, 0.0 ],
											"to": [ 1.4, 2.3, 0.8 ],
											"unwrapMode": 1,
											"uv": [ 72.5, 36.0 ],
											"rotationOrigin": [ 0.5, 0.8, 0.5 ],
											"rotationX": 5.0,
											"rotationY": -8.0,
											"rotationZ": -16.0,
											"faces": {
												"north": { "texture": "#skin", "uv": [ 73.0, 36.5, 74.0, 38.0 ] },
												"east": { "texture": "#skin", "uv": [ 72.5, 36.5, 73.0, 38.0 ] },
												"south": { "texture": "#skin", "uv": [ 74.5, 36.5, 75.5, 38.0 ] },
												"west": { "texture": "#skin", "uv": [ 74.0, 36.5, 74.5, 38.0 ] },
												"up": { "texture": "#skin", "uv": [ 73.0, 36.0, 74.0, 36.5 ], "rotation": 180 }
											},
											"children": [
												{
													"name": "RHorn6",
													"from": [ 0.1, 1.4, 0.1 ],
													"to": [ 1.3, 2.4, 0.7 ],
													"unwrapMode": 1,
													"uv": [ 72.5, 35.0 ],
													"rotationOrigin": [ 0.4, 1.4, 0.4 ],
													"rotationX": 4.0,
													"rotationZ": -16.0,
													"faces": {
														"north": { "texture": "#skin", "uv": [ 73.0, 35.5, 74.0, 36.5 ] },
														"east": { "texture": "#skin", "uv": [ 72.5, 35.5, 73.0, 36.5 ] },
														"south": { "texture": "#skin", "uv": [ 74.5, 35.5, 75.5, 36.5 ] },
														"west": { "texture": "#skin", "uv": [ 74.0, 35.5, 74.5, 36.5 ] },
														"up": { "texture": "#skin", "uv": [ 73.0, 35.0, 74.0, 35.5 ], "rotation": 180 }
													},
													"children": [
														{
															"name": "RHorn7",
															"from": [ 0.0, 0.9, 0.05 ],
															"to": [ 1.0, 1.9, 0.55 ],
															"unwrapMode": 1,
															"uv": [ 72.5, 34.0 ],
															"rotationOrigin": [ 0.2, 0.9, 0.3 ],
															"rotationX": 2.0,
															"rotationY": 4.0,
															"rotationZ": -4.0,
															"faces": {
																"north": { "texture": "#skin", "uv": [ 73.0, 34.5, 74.0, 35.5 ] },
																"east": { "texture": "#skin", "uv": [ 72.5, 34.5, 73.0, 35.5 ] },
																"south": { "texture": "#skin", "uv": [ 74.5, 34.5, 75.5, 35.5 ] },
																"west": { "texture": "#skin", "uv": [ 74.0, 34.5, 74.5, 35.5 ] },
																"up": { "texture": "#skin", "uv": [ 73.0, 34.0, 74.0, 34.5 ], "rotation": 180 }
															},
															"children": [
																{
																	"name": "RHorn8",
																	"from": [ 0.1, 0.9, 0.1 ],
																	"to": [ 0.8, 1.5, 0.4 ],
																	"unwrapMode": 1,
																	"uv": [ 73.5, 33.5 ],
																	"rotationOrigin": [ 0.2, 0.9, 0.2 ],
																	"rotationX": 2.0,
																	"rotationY": 4.0,
																	"rotationZ": -12.0,
																	"faces": {
																		"north": { "texture": "#skin", "uv": [ 74.0, 34.0, 74.5, 34.5 ] },
																		"east": { "texture": "#skin", "uv": [ 73.5, 34.0, 74.0, 34.5 ] },
																		"south": { "texture": "#skin", "uv": [ 75.0, 34.0, 75.5, 34.5 ] },
																		"west": { "texture": "#skin", "uv": [ 74.5, 34.0, 75.0, 34.5 ] },
																		"up": { "texture": "#skin", "uv": [ 74.0, 33.5, 74.5, 34.0 ], "rotation": 180 }
																	}
																}
															]
														}
													]
												}
											]
										}
									]
								}
							]
						}
					]
				}
			]
		},
		{
			"name": "LHorn1",
			"stepParentName": "AntlerBase",
			"from": [ -0.3, 0.3, 0.8 ],
			"to": [ 1.5, 1.8, 2.1 ],
			"unwrapMode": 2,
			"uv": [ 68.5, 41.5 ],
			"rotationOrigin": [ 0.2, 0.3, 1.2 ],
			"rotationX": 83.0,
			"rotationY": 3.0,
			"rotationZ": -15.0,
			"faces": {
				"north": { "texture": "#skin", "uv": [ 71.0, 43.0, 72.5, 44.5 ] },
				"east": { "texture": "#skin", "uv": [ 70.0, 43.0, 71.0, 44.5 ] },
				"south": { "texture": "#skin", "uv": [ 68.5, 43.0, 70.0, 44.5 ] },
				"west": { "texture": "#skin", "uv": [ 72.5, 43.0, 73.5, 44.5 ] },
				"up": { "texture": "#skin", "uv": [ 70.0, 41.5, 71.0, 43.0 ], "rotation": 270 }
			},
			"children": [
				{
					"name": "LHorn2",
					"from": [ 0.0, 1.3, 0.0 ],
					"to": [ 1.7, 2.3, 1.2 ],
					"unwrapMode": 2,
					"uv": [ 68.5, 39.5 ],
					"rotationOrigin": [ 0.6, 1.3, 0.6 ],
					"rotationX": 5.0,
					"rotationY": 6.0,
					"rotationZ": -3.0,
					"faces": {
						"north": { "texture": "#skin", "uv": [ 71.0, 41.0, 72.5, 42.0 ] },
						"east": { "texture": "#skin", "uv": [ 70.0, 41.0, 71.0, 42.0 ] },
						"south": { "texture": "#skin", "uv": [ 68.5, 41.0, 70.0, 42.0 ] },
						"west": { "texture": "#skin", "uv": [ 72.5, 41.0, 73.5, 42.0 ] },
						"up": { "texture": "#skin", "uv": [ 70.0, 39.5, 71.0, 41.0 ], "rotation": 270 }
					},
					"children": [
						{
							"name": "LHorn3",
							"from": [ 0.0, 0.8, 0.1 ],
							"to": [ 1.6, 1.8, 1.1 ],
							"unwrapMode": 2,
							"uv": [ 68.5, 38.0 ],
							"rotationOrigin": [ 0.5, 0.8, 0.6 ],
							"rotationX": 5.0,
							"rotationY": 8.0,
							"rotationZ": -16.0,
							"faces": {
								"north": { "texture": "#skin", "uv": [ 71.0, 39.5, 72.5, 40.5 ] },
								"east": { "texture": "#skin", "uv": [ 70.0, 39.5, 71.0, 40.5 ] },
								"south": { "texture": "#skin", "uv": [ 68.5, 39.5, 70.0, 40.5 ] },
								"west": { "texture": "#skin", "uv": [ 72.5, 39.5, 73.5, 40.5 ] },
								"up": { "texture": "#skin", "uv": [ 70.0, 38.0, 71.0, 39.5 ], "rotation": 270 }
							},
							"children": [
								{
									"name": "LHorn4",
									"from": [ 0.0, 0.9, 0.0 ],
									"to": [ 1.5, 1.9, 1.0 ],
									"unwrapMode": 1,
									"uv": [ 68.5, 37.0 ],
									"rotationOrigin": [ 0.4, 0.9, 0.4 ],
									"rotationY": 8.0,
									"rotationZ": -12.0,
									"faces": {
										"north": { "texture": "#skin", "uv": [ 69.5, 38.0, 71.0, 39.0 ] },
										"east": { "texture": "#skin", "uv": [ 68.5, 38.0, 69.5, 39.0 ] },
										"south": { "texture": "#skin", "uv": [ 72.0, 38.0, 73.5, 39.0 ] },
										"west": { "texture": "#skin", "uv": [ 71.0, 38.0, 72.0, 39.0 ] },
										"up": { "texture": "#skin", "uv": [ 69.5, 37.0, 71.0, 38.0 ], "rotation": 180 }
									},
									"children": [
										{
											"name": "LHorn5",
											"from": [ 0.0, 0.8, 0.0 ],
											"to": [ 1.4, 2.3, 0.8 ],
											"unwrapMode": 3,
											"uv": [ 68.5, 36.0 ],
											"rotationOrigin": [ 0.5, 0.8, 0.5 ],
											"rotationX": -5.0,
											"rotationY": 8.0,
											"rotationZ": -16.0,
											"faces": {
												"north": { "texture": "#skin", "uv": [ 70.5, 36.5, 71.5, 38.0 ] },
												"east": { "texture": "#skin", "uv": [ 70.0, 36.5, 70.5, 38.0 ] },
												"south": { "texture": "#skin", "uv": [ 69.0, 36.5, 70.0, 38.0 ] },
												"west": { "texture": "#skin", "uv": [ 68.5, 36.5, 69.0, 38.0 ] },
												"up": { "texture": "#skin", "uv": [ 69.0, 36.0, 70.0, 36.5 ] }
											},
											"children": [
												{
													"name": "LHorn6",
													"from": [ 0.1, 1.4, 0.1 ],
													"to": [ 1.3, 2.4, 0.7 ],
													"unwrapMode": 3,
													"uv": [ 68.5, 35.0 ],
													"rotationOrigin": [ 0.4, 1.4, 0.4 ],
													"rotationX": -4.0,
													"rotationZ": -16.0,
													"faces": {
														"north": { "texture": "#skin", "uv": [ 70.5, 35.5, 71.5, 36.5 ] },
														"east": { "texture": "#skin", "uv": [ 70.0, 35.5, 70.5, 36.5 ] },
														"south": { "texture": "#skin", "uv": [ 69.0, 35.5, 70.0, 36.5 ] },
														"west": { "texture": "#skin", "uv": [ 68.5, 35.5, 69.0, 36.5 ] },
														"up": { "texture": "#skin", "uv": [ 69.0, 35.0, 70.0, 35.5 ] }
													},
													"children": [
														{
															"name": "LHorn7",
															"from": [ 0.0, 0.9, 0.05 ],
															"to": [ 1.0, 1.9, 0.55 ],
															"unwrapMode": 3,
															"uv": [ 68.5, 34.0 ],
															"rotationOrigin": [ 0.2, 0.9, 0.3 ],
															"rotationX": -2.0,
															"rotationY": -4.0,
															"rotationZ": -4.0,
															"faces": {
																"north": { "texture": "#skin", "uv": [ 70.5, 34.5, 71.5, 35.5 ] },
																"east": { "texture": "#skin", "uv": [ 70.0, 34.5, 70.5, 35.5 ] },
																"south": { "texture": "#skin", "uv": [ 69.0, 34.5, 70.0, 35.5 ] },
																"west": { "texture": "#skin", "uv": [ 68.5, 34.5, 69.0, 35.5 ] },
																"up": { "texture": "#skin", "uv": [ 69.0, 34.0, 70.0, 34.5 ] }
															},
															"children": [
																{
																	"name": "LHorn8",
																	"from": [ 0.1, 0.9, 0.1 ],
																	"to": [ 0.8, 1.5, 0.4 ],
																	"unwrapMode": 3,
																	"uv": [ 68.5, 33.5 ],
																	"rotationOrigin": [ 0.2, 0.9, 0.2 ],
																	"rotationX": -2.0,
																	"rotationY": -4.0,
																	"rotationZ": -12.0,
																	"faces": {
																		"north": { "texture": "#skin", "uv": [ 70.0, 34.0, 70.5, 34.5 ] },
																		"east": { "texture": "#skin", "uv": [ 69.5, 34.0, 70.0, 34.5 ] },
																		"south": { "texture": "#skin", "uv": [ 69.0, 34.0, 69.5, 34.5 ] },
																		"west": { "texture": "#skin", "uv": [ 68.5, 34.0, 69.0, 34.5 ] },
																		"up": { "texture": "#skin", "uv": [ 69.0, 33.5, 69.5, 34.0 ] }
																	}
																}
															]
														}
													]
												}
											]
										}
									]
								}
							]
						}
					]
				}
			]
		}
	],
	"animations": [
	]
}