{
	"editor": {
		"allAngles": false,
		"entityTextureMode": false
	},
	"textureWidth": 16,
	"textureHeight": 16,
	"textureSizes": {
	},
	"textures": {
		"sandstone": "game:block/stone/sand/sandstone",
		"labelbase": "game:block/wood/crate/label-empty"
	},
	"elements": [
		{
			"name": "origin",
			"from": [ 0.0, 0.0, 0.0 ],
			"to": [ 0.0, 0.0, 0.0 ],
			"rotationOrigin": [ 8.0, 0.0, 8.0 ],
			"faces": {
			},
			"children": [
				{
					"name": "TopFlapRight",
					"from": [ 4.0, 10.2, 0.9 ],
					"to": [ 5.0, 14.2, 0.9 ],
					"rotationOrigin": [ 4.0, 14.2, 0.9 ],
					"rotationX": 8.0,
					"faces": {
						"north": { "texture": "#labelbase", "uv": [ 11.0, 1.5, 12.0, 5.5 ] }
					},
					"children": [
						{
							"name": "MiddleFlapSand",
							"from": [ 1.0, -4.0, 0.0 ],
							"to": [ 7.0, 0.0, 0.0 ],
							"rotationOrigin": [ 1.0, 0.0, 0.0 ],
							"rotationX": -12.0,
							"faces": {
								"north": { "texture": "#sandstone", "uv": [ 5.0, 6.0, 11.0, 10.0 ] }
							}
						},
						{
							"name": "MiddleFlapLeft",
							"from": [ 7.0, -4.0, 0.0 ],
							"to": [ 8.0, 0.0, 0.0 ],
							"rotationOrigin": [ 7.0, 0.0, 0.0 ],
							"rotationX": -12.0,
							"faces": {
								"north": { "texture": "#labelbase", "uv": [ 4.0, 6.0, 5.0, 10.0 ] }
							}
						},
						{
							"name": "MiddleFlapRight",
							"from": [ 0.0, -4.0, 0.0 ],
							"to": [ 1.0, 0.0, 0.0 ],
							"rotationOrigin": [ 0.0, 0.0, 0.0 ],
							"rotationX": -12.0,
							"faces": {
								"north": { "texture": "#labelbase", "uv": [ 11.0, 6.0, 12.0, 10.0 ], "autoUv": false }
							},
							"children": [
								{
									"name": "BottomFlapSand",
									"from": [ 1.0, -1.0, 0.0 ],
									"to": [ 7.0, 0.0, 0.0 ],
									"rotationOrigin": [ 1.0, 0.0, 0.0 ],
									"rotationX": 18.0,
									"faces": {
										"north": { "texture": "#sandstone", "uv": [ 5.0, 10.0, 11.0, 11.0 ] }
									}
								},
								{
									"name": "BottomFlapRight",
									"from": [ 0.0, -2.0, 0.0 ],
									"to": [ 1.0, 0.0, 0.0 ],
									"rotationOrigin": [ 0.0, 0.0, 0.0 ],
									"rotationX": 18.0,
									"faces": {
										"north": { "texture": "#labelbase", "uv": [ 11.0, 10.0, 12.0, 12.0 ], "autoUv": false }
									}
								},
								{
									"name": "BottomFlapLeft",
									"from": [ 7.0, -2.0, 0.0 ],
									"to": [ 8.0, 0.0, 0.0 ],
									"rotationOrigin": [ 7.0, 0.0, 0.0 ],
									"rotationX": 18.0,
									"faces": {
										"north": { "texture": "#labelbase", "uv": [ 4.0, 10.0, 5.0, 12.0 ], "windMode": [-1,-1,-1,-1] }
									}
								},
								{
									"name": "BottomFlapBottom",
									"from": [ 1.0, -2.0, 0.0 ],
									"to": [ 7.0, -1.0, 0.0 ],
									"rotationOrigin": [ 1.0, 0.0, 0.0 ],
									"rotationX": 18.0,
									"faces": {
										"north": { "texture": "#labelbase", "uv": [ 5.0, 11.0, 11.0, 12.0 ] }
									}
								}
							]
						}
					]
				},
				{
					"name": "TopFlapLeft",
					"from": [ 11.0, 10.2, 0.9 ],
					"to": [ 12.0, 14.2, 0.9 ],
					"rotationOrigin": [ 11.0, 14.2, 0.9 ],
					"rotationX": 8.0,
					"faces": {
						"north": { "texture": "#labelbase", "uv": [ 4.0, 1.5, 5.0, 5.5 ] }
					}
				},
				{
					"name": "TopFlapTop",
					"from": [ 5.0, 13.2, 0.9 ],
					"to": [ 11.0, 14.2, 0.9 ],
					"rotationOrigin": [ 5.0, 14.2, 0.9 ],
					"rotationX": 8.0,
					"faces": {
						"north": { "texture": "#labelbase", "uv": [ 5.0, 1.5, 11.0, 2.5 ] }
					}
				},
				{
					"name": "TopFlapSand",
					"from": [ 5.0, 10.2, 0.9 ],
					"to": [ 11.0, 13.2, 0.9 ],
					"rotationOrigin": [ 5.0, 14.2, 0.9 ],
					"rotationX": 8.0,
					"faces": {
						"north": { "texture": "#sandstone", "uv": [ 5.0, 2.5, 11.0, 5.5 ] }
					}
				}
			]
		}
	]}