{
	"editor": {
		"allAngles": true,
		"entityTextureMode": false
	},
	"textureWidth": 16,
	"textureHeight": 16,
	"textureSizes": {
	},
	"textures": {
		"shaggymane": "mycodiversity:block/plant/mushroom/shaggymane/shaggymane"
	},
	"elements": [
		{
			"name": "origin",
			"from": [ 7.0, 0.0, 7.0 ],
			"to": [ 7.0, 0.0, 7.0 ],
			"rotationOrigin": [ 1.0, 0.0, 8.0 ],
			"faces": {
				"north": { "texture": "#shaggymane", "uv": [ 0.0, 0.0, 0.5, 0.5 ] },
				"east": { "texture": "#shaggymane", "uv": [ 0.0, 0.0, 0.5, 0.5 ] },
				"south": { "texture": "#shaggymane", "uv": [ 0.0, 0.0, 0.5, 0.5 ] },
				"west": { "texture": "#shaggymane", "uv": [ 0.0, 0.0, 0.5, 0.5 ] },
				"up": { "texture": "#shaggymane", "uv": [ 0.0, 0.0, 0.5, 0.5 ] },
				"down": { "texture": "#shaggymane", "uv": [ 0.0, 0.0, 0.5, 0.5 ] }
			},
			"children": [
				{
					"name": "Cube2",
					"from": [ 5.0, 0.0, 3.0 ],
					"to": [ 6.0, 3.0, 4.0 ],
					"rotationOrigin": [ 5.0, 0.0, 3.0 ],
					"rotationY": -28.0,
					"faces": {
						"north": { "texture": "#shaggymane", "uv": [ 14.5, 3.5, 15.5, 6.5 ] },
						"east": { "texture": "#shaggymane", "uv": [ 14.0, 7.5, 15.0, 10.5 ] },
						"south": { "texture": "#shaggymane", "uv": [ 14.5, 4.5, 15.5, 7.5 ] },
						"west": { "texture": "#shaggymane", "uv": [ 14.0, 5.0, 15.0, 8.0 ] },
						"up": { "texture": "#shaggymane", "uv": [ 14.0, 4.0, 15.0, 5.0 ] },
						"down": { "texture": "#shaggymane", "uv": [ 14.0, 3.5, 15.0, 4.5 ] }
					},
					"children": [
						{
							"name": "Cube3",
							"from": [ -0.9, 2.0, -0.9 ],
							"to": [ 1.8, 6.5, 1.8 ],
							"rotationOrigin": [ -0.9, 2.0, -0.9 ],
							"rotationX": -8.0,
							"faces": {
								"north": { "texture": "#shaggymane", "uv": [ 9.5, 3.5, 12.0, 8.0 ] },
								"east": { "texture": "#shaggymane", "uv": [ 8.5, 3.5, 11.0, 8.0 ] },
								"south": { "texture": "#shaggymane", "uv": [ 10.0, 3.5, 12.5, 8.0 ] },
								"west": { "texture": "#shaggymane", "uv": [ 10.5, 3.5, 13.0, 8.0 ] },
								"up": { "texture": "#shaggymane", "uv": [ 0.0, 0.0, 2.5, 2.5 ] },
								"down": { "texture": "#shaggymane", "uv": [ 1.5, 1.5, 4.0, 4.0 ] }
							},
							"children": [
								{
									"name": "Cube4",
									"from": [ 0.5, 4.3, 0.5 ],
									"to": [ 2.3, 5.0, 2.3 ],
									"rotationOrigin": [ 0.5, 4.3, 0.5 ],
									"faces": {
										"north": { "texture": "#shaggymane", "uv": [ 2.0, 0.5, 3.5, 1.0 ] },
										"east": { "texture": "#shaggymane", "uv": [ 2.0, 0.5, 3.5, 1.0 ] },
										"south": { "texture": "#shaggymane", "uv": [ 2.0, 1.5, 3.5, 2.0 ] },
										"west": { "texture": "#shaggymane", "uv": [ 2.0, 1.5, 3.5, 2.0 ] },
										"up": { "texture": "#shaggymane", "uv": [ 2.5, 2.0, 4.0, 3.5 ] },
										"down": { "texture": "#shaggymane", "uv": [ 0.0, 0.0, 1.5, 1.5 ] }
									}
								},
								{
									"name": "Cube5",
									"from": [ 0.5, -0.4, 0.5 ],
									"to": [ 2.3, 0.3, 2.3 ],
									"rotationOrigin": [ 0.5, -0.4, 0.5 ],
									"faces": {
										"north": { "texture": "#shaggymane", "uv": [ 10.0, 7.5, 11.5, 8.0 ] },
										"east": { "texture": "#shaggymane", "uv": [ 9.5, 7.5, 11.0, 8.0 ] },
										"south": { "texture": "#shaggymane", "uv": [ 0.0, 0.0, 1.5, 0.5 ] },
										"west": { "texture": "#shaggymane", "uv": [ 11.0, 7.5, 12.5, 8.0 ] },
										"up": { "texture": "#shaggymane", "uv": [ 0.0, 0.0, 1.5, 1.5 ] },
										"down": { "texture": "#shaggymane", "uv": [ 10.0, 6.5, 11.5, 8.0 ] }
									}
								}
							]
						}
					]
				},
				{
					"name": "Cube11",
					"from": [ 0.0, 0.0, 0.0 ],
					"to": [ 0.8, 1.0, 0.8 ],
					"rotationOrigin": [ 0.0, 0.0, 0.0 ],
					"rotationY": -78.0,
					"faces": {
						"north": { "texture": "#shaggymane", "uv": [ 15.0, 2.5, 15.5, 3.5 ] },
						"east": { "texture": "#shaggymane", "uv": [ 14.5, 4.5, 15.0, 5.5 ] },
						"south": { "texture": "#shaggymane", "uv": [ 15.5, 5.5, 16.0, 6.5 ] },
						"west": { "texture": "#shaggymane", "uv": [ 15.0, 3.0, 15.5, 4.0 ] },
						"up": { "texture": "#shaggymane", "uv": [ 0.0, 0.0, 0.5, 0.5 ] },
						"down": { "texture": "#shaggymane", "uv": [ 0.0, 0.0, 0.5, 0.5 ] }
					},
					"children": [
						{
							"name": "Cube12",
							"from": [ -0.6, 1.0, -0.6 ],
							"to": [ 1.4, 4.0, 1.4 ],
							"rotationOrigin": [ -0.6, 1.0, -0.6 ],
							"rotationX": 3.0,
							"faces": {
								"north": { "texture": "#shaggymane", "uv": [ 10.0, 4.5, 12.0, 7.5 ] },
								"east": { "texture": "#shaggymane", "uv": [ 10.0, 4.5, 12.0, 7.5 ] },
								"south": { "texture": "#shaggymane", "uv": [ 9.5, 4.5, 11.5, 7.5 ] },
								"west": { "texture": "#shaggymane", "uv": [ 10.0, 4.5, 12.0, 7.5 ] },
								"up": { "texture": "#shaggymane", "uv": [ 0.0, 0.0, 2.0, 2.0 ] },
								"down": { "texture": "#shaggymane", "uv": [ 10.0, 5.0, 12.0, 7.0 ] }
							},
							"children": [
								{
									"name": "Cube13",
									"from": [ 0.25, 3.0, 0.25 ],
									"to": [ 1.75, 3.5, 1.75 ],
									"rotationOrigin": [ 0.2, 3.0, 0.2 ],
									"faces": {
										"north": { "texture": "#shaggymane", "uv": [ 2.0, 3.5, 3.5, 4.0 ] },
										"east": { "texture": "#shaggymane", "uv": [ 2.0, 1.0, 3.5, 1.5 ] },
										"south": { "texture": "#shaggymane", "uv": [ 2.5, 1.5, 4.0, 2.0 ] },
										"west": { "texture": "#shaggymane", "uv": [ 2.5, 1.5, 4.0, 2.0 ] },
										"up": { "texture": "#shaggymane", "uv": [ 2.5, 2.0, 4.0, 3.5 ] },
										"down": { "texture": "#shaggymane", "uv": [ 0.0, 0.0, 1.5, 1.5 ] }
									}
								},
								{
									"name": "Cube14",
									"from": [ 0.25, -0.3, 0.25 ],
									"to": [ 1.75, 0.2, 1.75 ],
									"rotationOrigin": [ 0.2, -0.3, 0.2 ],
									"faces": {
										"north": { "texture": "#shaggymane", "uv": [ 2.0, 3.5, 3.5, 4.0 ] },
										"east": { "texture": "#shaggymane", "uv": [ 2.0, 1.0, 3.5, 1.5 ] },
										"south": { "texture": "#shaggymane", "uv": [ 2.5, 1.5, 4.0, 2.0 ] },
										"west": { "texture": "#shaggymane", "uv": [ 2.5, 1.5, 4.0, 2.0 ] },
										"up": { "texture": "#shaggymane", "uv": [ 2.5, 2.0, 4.0, 3.5 ] },
										"down": { "texture": "#shaggymane", "uv": [ 0.0, 0.0, 1.5, 1.5 ] }
									}
								}
							]
						}
					]
				},
				{
					"name": "Cube15",
					"from": [ 3.0, 0.0, 0.0 ],
					"to": [ 4.0, 1.4, 1.0 ],
					"rotationOrigin": [ 3.0, 0.0, 0.0 ],
					"rotationY": -36.0,
					"faces": {
						"north": { "texture": "#shaggymane", "uv": [ 0.0, 0.0, 1.0, 1.0 ] },
						"east": { "texture": "#shaggymane", "uv": [ 7.0, 3.5, 8.0, 4.5 ] },
						"south": { "texture": "#shaggymane", "uv": [ 8.0, 3.0, 9.0, 4.0 ] },
						"west": { "texture": "#shaggymane", "uv": [ 8.5, 3.5, 9.5, 4.5 ] },
						"up": { "texture": "#shaggymane", "uv": [ 2.5, 3.0, 3.5, 4.0 ] },
						"down": { "texture": "#shaggymane", "uv": [ 6.5, 4.0, 7.5, 5.0 ] }
					}
				},
				{
					"name": "Cube16",
					"from": [ 0.5, 0.0, 3.0 ],
					"to": [ 1.5, 0.4, 4.0 ],
					"rotationOrigin": [ 0.5, 0.0, 3.0 ],
					"faces": {
						"north": { "texture": "#shaggymane", "uv": [ 0.0, 0.0, 1.0, 0.5 ] },
						"east": { "texture": "#shaggymane", "uv": [ 7.0, 3.5, 8.0, 4.0 ] },
						"south": { "texture": "#shaggymane", "uv": [ 8.0, 3.0, 9.0, 3.5 ] },
						"west": { "texture": "#shaggymane", "uv": [ 8.5, 3.5, 9.5, 4.0 ] },
						"up": { "texture": "#shaggymane", "uv": [ 2.5, 3.0, 3.5, 4.0 ] },
						"down": { "texture": "#shaggymane", "uv": [ 6.5, 4.0, 7.5, 5.0 ] }
					}
				},
				{
					"name": "Cube17",
					"from": [ -3.0, -0.3, 5.0 ],
					"to": [ -2.2, 0.7, 5.8 ],
					"rotationOrigin": [ -3.0, -0.3, 5.0 ],
					"rotationY": 53.0,
					"faces": {
						"north": { "texture": "#shaggymane", "uv": [ 15.0, 2.5, 15.5, 3.5 ] },
						"east": { "texture": "#shaggymane", "uv": [ 14.5, 4.5, 15.0, 5.5 ] },
						"south": { "texture": "#shaggymane", "uv": [ 15.5, 5.5, 16.0, 6.5 ] },
						"west": { "texture": "#shaggymane", "uv": [ 15.0, 3.0, 15.5, 4.0 ] },
						"up": { "texture": "#shaggymane", "uv": [ 0.0, 0.0, 0.5, 0.5 ] },
						"down": { "texture": "#shaggymane", "uv": [ 0.0, 0.0, 0.5, 0.5 ] }
					},
					"children": [
						{
							"name": "Cube18",
							"from": [ -0.6, 1.0, -0.6 ],
							"to": [ 1.4, 3.0, 1.4 ],
							"rotationOrigin": [ -0.6, 1.0, -0.6 ],
							"rotationX": 3.0,
							"faces": {
								"north": { "texture": "#shaggymane", "uv": [ 10.0, 4.5, 12.0, 6.5 ] },
								"east": { "texture": "#shaggymane", "uv": [ 10.0, 4.5, 12.0, 6.5 ] },
								"south": { "texture": "#shaggymane", "uv": [ 9.5, 4.5, 11.5, 6.5 ] },
								"west": { "texture": "#shaggymane", "uv": [ 10.0, 4.5, 12.0, 6.5 ] },
								"up": { "texture": "#shaggymane", "uv": [ 0.0, 0.0, 2.0, 2.0 ] },
								"down": { "texture": "#shaggymane", "uv": [ 10.0, 5.0, 12.0, 7.0 ] }
							},
							"children": [
								{
									"name": "Cube19",
									"from": [ 0.25, 2.0, 0.25 ],
									"to": [ 1.75, 2.5, 1.75 ],
									"rotationOrigin": [ 0.2, 2.0, 0.2 ],
									"faces": {
										"north": { "texture": "#shaggymane", "uv": [ 2.0, 3.5, 3.5, 4.0 ] },
										"east": { "texture": "#shaggymane", "uv": [ 2.0, 1.0, 3.5, 1.5 ] },
										"south": { "texture": "#shaggymane", "uv": [ 2.5, 1.5, 4.0, 2.0 ] },
										"west": { "texture": "#shaggymane", "uv": [ 2.5, 1.5, 4.0, 2.0 ] },
										"up": { "texture": "#shaggymane", "uv": [ 2.5, 2.0, 4.0, 3.5 ] },
										"down": { "texture": "#shaggymane", "uv": [ 0.0, 0.0, 1.5, 1.5 ] }
									}
								},
								{
									"name": "Cube20",
									"from": [ 0.25, -0.3, 0.25 ],
									"to": [ 1.75, 0.2, 1.75 ],
									"rotationOrigin": [ 0.2, -0.3, 0.2 ],
									"faces": {
										"north": { "texture": "#shaggymane", "uv": [ 2.0, 3.5, 3.5, 4.0 ] },
										"east": { "texture": "#shaggymane", "uv": [ 2.0, 1.0, 3.5, 1.5 ] },
										"south": { "texture": "#shaggymane", "uv": [ 2.5, 1.5, 4.0, 2.0 ] },
										"west": { "texture": "#shaggymane", "uv": [ 2.5, 1.5, 4.0, 2.0 ] },
										"up": { "texture": "#shaggymane", "uv": [ 2.5, 2.0, 4.0, 3.5 ] },
										"down": { "texture": "#shaggymane", "uv": [ 0.0, 0.0, 1.5, 1.5 ] }
									}
								}
							]
						}
					]
				},
				{
					"name": "Cube21",
					"from": [ 3.0, -0.3, -3.0 ],
					"to": [ 4.0, 1.1, -2.0 ],
					"rotationOrigin": [ 3.0, -0.3, -3.0 ],
					"rotationX": 8.0,
					"rotationY": 42.0,
					"faces": {
						"north": { "texture": "#shaggymane", "uv": [ 0.0, 0.0, 1.0, 1.0 ] },
						"east": { "texture": "#shaggymane", "uv": [ 7.0, 3.5, 8.0, 4.5 ] },
						"south": { "texture": "#shaggymane", "uv": [ 8.0, 3.0, 9.0, 4.0 ] },
						"west": { "texture": "#shaggymane", "uv": [ 8.5, 3.5, 9.5, 4.5 ] },
						"up": { "texture": "#shaggymane", "uv": [ 2.5, 3.0, 3.5, 4.0 ] },
						"down": { "texture": "#shaggymane", "uv": [ 6.5, 4.0, 7.5, 5.0 ] }
					}
				},
				{
					"name": "Cube22",
					"from": [ 0.5, 0.0, -2.0 ],
					"to": [ 1.5, 0.4, -1.0 ],
					"rotationOrigin": [ 0.5, 0.0, -2.0 ],
					"rotationY": 86.0,
					"faces": {
						"north": { "texture": "#shaggymane", "uv": [ 0.0, 0.0, 1.0, 0.5 ] },
						"east": { "texture": "#shaggymane", "uv": [ 7.0, 3.5, 8.0, 4.0 ] },
						"south": { "texture": "#shaggymane", "uv": [ 8.0, 3.0, 9.0, 3.5 ] },
						"west": { "texture": "#shaggymane", "uv": [ 8.5, 3.5, 9.5, 4.0 ] },
						"up": { "texture": "#shaggymane", "uv": [ 2.5, 3.0, 3.5, 4.0 ] },
						"down": { "texture": "#shaggymane", "uv": [ 6.5, 4.0, 7.5, 5.0 ] }
					}
				},
				{
					"name": "Cube23",
					"from": [ 4.5, 0.0, -1.0 ],
					"to": [ 5.5, 0.4, 0.0 ],
					"rotationOrigin": [ 4.5, 0.0, -1.0 ],
					"rotationY": 58.0,
					"faces": {
						"north": { "texture": "#shaggymane", "uv": [ 0.0, 0.0, 1.0, 0.5 ] },
						"east": { "texture": "#shaggymane", "uv": [ 7.0, 3.5, 8.0, 4.0 ] },
						"south": { "texture": "#shaggymane", "uv": [ 8.0, 3.0, 9.0, 3.5 ] },
						"west": { "texture": "#shaggymane", "uv": [ 8.5, 3.5, 9.5, 4.0 ] },
						"up": { "texture": "#shaggymane", "uv": [ 2.5, 3.0, 3.5, 4.0 ] },
						"down": { "texture": "#shaggymane", "uv": [ 6.5, 4.0, 7.5, 5.0 ] }
					}
				}
			]
		}
	]}