{
	"armory:halberd-thrust-2h-bottom-fluffydreg-fluffdreg":{
  "Hold": false,
  "PlayerKeyFrames": [
    {
      "EasingTime": 150.0,
      "EasingFunction": "Sin",
      "DetachedAnchor": false,
      "SwitchArms": false,
      "PitchFollow": true,
      "PitchDontFollow": false,
      "FOVMultiplier": 1.0,
      "BobbingAmplitude": 1.0,
      "Elements": {
        "ItemAnchor": [
          9.0,
          0.0,
          0.0,
          0.0,
          -6.0,
          71.0
        ],
        "LowerArmR": [
          0.0,
          0.0,
          0.0,
          69.0,
          -13.0,
          -69.0
        ],
        "UpperArmR": [
          1.6,
          0.0,
          0.0,
          -30.0,
          8.0,
          -1.2
        ],
        "ItemAnchorL": [
          0.0,
          0.0,
          0.0,
          0.0,
          0.0,
          0.0
        ],
        "LowerArmL": [
          0.0,
          0.0,
          0.0,
          0.0,
          0.0,
          -93.0
        ],
        "UpperArmL": [
          0.0,
          0.0,
          0.0,
          17.0,
          -2.0,
          46.0
        ]
      }
    },
    {
      "EasingTime": 450.0,
      "EasingFunction": "Quintic",
      "DetachedAnchor": false,
      "SwitchArms": false,
      "PitchFollow": true,
      "PitchDontFollow": false,
      "FOVMultiplier": 1.0,
      "BobbingAmplitude": 1.0,
      "Elements": {
        "ItemAnchor": [
          9.2,
          0.0,
          0.0,
          0.0,
          -9.0,
          80.0
        ],
        "LowerArmR": [
          0.0,
          0.0,
          0.0,
          24.0,
          61.0,
          -24.0
        ],
        "UpperArmR": [
          0.0,
          -1.6,
          0.0,
          -37.4,
          -2.1,
          -82.1
        ],
        "ItemAnchorL": [
          0.0,
          0.0,
          0.0,
          0.0,
          0.0,
          0.0
        ],
        "LowerArmL": [
          0.0,
          0.0,
          0.0,
          0.0,
          0.0,
          -93.0
        ],
        "UpperArmL": [
          0.0,
          0.0,
          0.0,
          -12.0,
          -44.0,
          -21.0
        ]
      }
    },
    {
      "EasingTime": 750.0,
      "EasingFunction": "Sin",
      "DetachedAnchor": false,
      "SwitchArms": false,
      "PitchFollow": true,
      "PitchDontFollow": false,
      "FOVMultiplier": 1.0,
      "BobbingAmplitude": 1.0,
      "Elements": {
        "ItemAnchor": [
          9.0,
          0.0,
          0.0,
          0.0,
          0.0,
          77.0
        ],
        "LowerArmR": [
          0.0,
          0.0,
          0.0,
          23.0,
          57.0,
          -21.0
        ],
        "UpperArmR": [
          0.0,
          -1.6,
          0.0,
          -31.4,
          -2.7,
          -80.1
        ],
        "ItemAnchorL": [
          0.0,
          0.0,
          0.0,
          0.0,
          0.0,
          0.0
        ],
        "LowerArmL": [
          0.0,
          0.0,
          0.0,
          0.0,
          0.0,
          -78.0
        ],
        "UpperArmL": [
          0.0,
          0.0,
          0.0,
          -12.0,
          -41.0,
          -33.0
        ]
      }
    },
    {
      "EasingTime": 1200.0,
      "EasingFunction": "Sin",
      "DetachedAnchor": false,
      "SwitchArms": false,
      "PitchFollow": true,
      "PitchDontFollow": false,
      "FOVMultiplier": 1.0,
      "BobbingAmplitude": 1.0,
      "Elements": {
        "ItemAnchor": [
          9.0,
          0.0,
          0.0,
          0.0,
          -6.0,
          77.0
        ],
        "LowerArmR": [
          0.0,
          0.0,
          0.0,
          0.0,
          0.0,
          -81.0
        ],
        "UpperArmR": [
          1.6,
          0.0,
          0.0,
          29.0,
          0.0,
          -11.2
        ],
        "ItemAnchorL": [
          0.0,
          0.0,
          0.0,
          0.0,
          0.0,
          0.0
        ],
        "LowerArmL": [
          0.0,
          0.0,
          0.0,
          0.0,
          0.0,
          -40.0
        ],
        "UpperArmL": [
          0.0,
          0.0,
          0.0,
          1.0,
          -74.0,
          -53.0
        ]
      }
    }
  ],
  "ItemKeyFrames": [],
  "SoundFrames": [
    {
      "Code": [
        "game:sounds/player/strike1",
        "game:sounds/player/strike2"
      ],
      "DurationFraction": 0.083333336,
      "RandomizePitch": true,
      "Range": 16.0,
      "Volume": 0.5,
      "Synchronize": true
    }
  ],
  "ParticlesFrames": [],
  "CallbackFrames": [
    {
      "Code": "start",
      "DurationFraction": 0.125
    },
    {
      "Code": "stop",
      "DurationFraction": 0.625
    },
    {
      "Code": "ready",
      "DurationFraction": 0.8333333
    }
  ],
  "ItemAnimationStart": 0,
  "ItemAnimationEnd": 0
}
}