﻿{
  "armory:pike-thrust-2h-top-fluffydreg-fluffdreg": {
  "Hold": false,
  "PlayerKeyFrames": [
    {
      "EasingTime": 300.0,
      "EasingFunction": "Quadratic",
      "DetachedAnchor": false,
      "SwitchArms": false,
      "PitchFollow": true,
      "PitchDontFollow": false,
      "FOVMultiplier": 1.0,
      "BobbingAmplitude": 0.801,
      "Elements": {
        "ItemAnchor": [
          0.0,
          0.0,
          0.0,
          -48.0,
          11.0,
          139.6
        ],
        "LowerArmR": [
          0.0,
          0.0,
          0.0,
          1.0,
          -80.0,
          -69.0
        ],
        "UpperArmR": [
          0.6,
          0.0,
          0.0,
          65.0,
          5.3,
          -65.9
        ],
        "ItemAnchorL": [
          0.0,
          0.0,
          0.0,
          0.0,
          0.0,
          0.0
        ],
        "LowerArmL": [
          0.0,
          0.0,
          0.0,
          0.0,
          12.0,
          -21.0
        ],
        "UpperArmL": [
          1.0,
          -1.4,
          -0.4,
          0.0,
          -36.0,
          -116.0
        ]
      }
    },
    {
      "EasingTime": 500.0,
      "EasingFunction": "Linear",
      "DetachedAnchor": false,
      "SwitchArms": false,
      "PitchFollow": true,
      "PitchDontFollow": false,
      "FOVMultiplier": 1.0,
      "BobbingAmplitude": 0.801,
      "Elements": {
        "ItemAnchor": [
          0.0,
          0.0,
          0.0,
          -61.0,
          16.0,
          147.6
        ],
        "LowerArmR": [
          0.0,
          0.0,
          0.0,
          1.0,
          -80.0,
          -76.0
        ],
        "UpperArmR": [
          0.6,
          0.0,
          0.0,
          64.6,
          5.7,
          -65.0
        ],
        "ItemAnchorL": [
          0.0,
          0.0,
          0.0,
          0.0,
          0.0,
          0.0
        ],
        "LowerArmL": [
          0.0,
          0.0,
          0.0,
          0.0,
          13.0,
          -29.0
        ],
        "UpperArmL": [
          1.0,
          -1.4,
          -0.4,
          0.0,
          -36.0,
          -113.0
        ]
      }
    },
    {
      "EasingTime": 900.0,
      "EasingFunction": "Linear",
      "DetachedAnchor": false,
      "SwitchArms": false,
      "PitchFollow": true,
      "PitchDontFollow": false,
      "FOVMultiplier": 1.0,
      "BobbingAmplitude": 0.8,
      "Elements": {
        "ItemAnchor": [
          0.0,
          0.0,
          0.0,
          -56.0,
          0.0,
          66.6
        ],
        "LowerArmR": [
          0.0,
          0.0,
          0.0,
          0.0,
          -44.0,
          -116.0
        ],
        "UpperArmR": [
          0.0,
          0.0,
          0.0,
          64.6,
          -11.3,
          29.0
        ],
        "ItemAnchorL": [
          0.0,
          0.0,
          0.0,
          0.0,
          0.0,
          0.0
        ],
        "LowerArmL": [
          0.0,
          0.0,
          0.0,
          0.0,
          0.0,
          -66.0
        ],
        "UpperArmL": [
          0.8,
          -2.0,
          0.0,
          0.0,
          -51.0,
          -96.0
        ]
      }
    }
  ],
  "ItemKeyFrames": [],
  "SoundFrames": [
    {
      "Code": [
        "game:sounds/player/strike1",
        "game:sounds/player/strike2"
      ],
      "DurationFraction": 0.0,
      "RandomizePitch": true,
      "Range": 16.0,
      "Volume": 0.5,
      "Synchronize": true
    }
  ],
  "ParticlesFrames": [],
  "CallbackFrames": [
    {
      "Code": "start",
      "DurationFraction": 0.083333336
    },
    {
      "Code": "stop",
      "DurationFraction": 0.5555556
    },
    {
      "Code": "ready",
      "DurationFraction": 0.8333333
    }
  ],
  "ItemAnimationStart": 0,
  "ItemAnimationEnd": 0
  },
  "armory:pike-thrust-2h-bottom-fluffydreg-fluffdreg":{
  "Hold": false,
  "PlayerKeyFrames": [
    {
      "EasingTime": 300.0,
      "EasingFunction": "Quintic",
      "DetachedAnchor": false,
      "SwitchArms": false,
      "PitchFollow": true,
      "PitchDontFollow": false,
      "FOVMultiplier": 1.0,
      "BobbingAmplitude": 0.8,
      "Elements": {
        "ItemAnchor": [
          0.0,
          0.0,
          0.0,
          4.0,
          6.0,
          82.0
        ],
        "LowerArmR": [
          0.0,
          0.0,
          0.0,
          0.0,
          0.0,
          -52.0
        ],
        "UpperArmR": [
          0.0,
          0.0,
          0.0,
          5.6,
          -0.3,
          -35.0
        ],
        "ItemAnchorL": [
          0.0,
          0.0,
          0.0,
          0.0,
          0.0,
          0.0
        ],
        "LowerArmL": [
          0.0,
          0.0,
          0.0,
          0.0,
          0.0,
          -5.0
        ],
        "UpperArmL": [
          0.8,
          -2.0,
          0.0,
          0.0,
          -26.0,
          -83.0
        ]
      }
    },
    {
      "EasingTime": 500.0,
      "EasingFunction": "Linear",
      "DetachedAnchor": false,
      "SwitchArms": false,
      "PitchFollow": true,
      "PitchDontFollow": false,
      "FOVMultiplier": 1.0,
      "BobbingAmplitude": 0.8,
      "Elements": {
        "ItemAnchor": [
          0.0,
          0.0,
          0.0,
          4.0,
          0.0,
          84.0
        ],
        "LowerArmR": [
          0.0,
          0.0,
          0.0,
          0.0,
          0.0,
          -52.0
        ],
        "UpperArmR": [
          0.0,
          0.0,
          0.0,
          5.6,
          0.6,
          -37.0
        ],
        "ItemAnchorL": [
          0.0,
          0.0,
          0.0,
          0.0,
          0.0,
          0.0
        ],
        "LowerArmL": [
          0.0,
          0.0,
          0.0,
          0.0,
          0.0,
          -5.0
        ],
        "UpperArmL": [
          0.8,
          -2.0,
          0.0,
          0.0,
          -23.0,
          -84.0
        ]
      }
    },
    {
      "EasingTime": 900.0,
      "EasingFunction": "CosShifted",
      "DetachedAnchor": false,
      "SwitchArms": false,
      "PitchFollow": true,
      "PitchDontFollow": false,
      "FOVMultiplier": 1.0,
      "BobbingAmplitude": 0.8,
      "Elements": {
        "ItemAnchor": [
          0.0,
          0.0,
          0.0,
          0.0,
          0.0,
          84.3
        ],
        "LowerArmR": [
          0.0,
          0.0,
          0.0,
          0.0,
          0.0,
          -117.0
        ],
        "UpperArmR": [
          0.0,
          0.0,
          0.0,
          5.6,
          7.6,
          40.0
        ],
        "ItemAnchorL": [
          0.0,
          0.0,
          0.0,
          0.0,
          0.0,
          0.0
        ],
        "LowerArmL": [
          0.0,
          0.0,
          0.0,
          0.0,
          0.0,
          -60.0
        ],
        "UpperArmL": [
          0.8,
          -2.0,
          0.0,
          0.0,
          -47.0,
          -49.0
        ]
      }
    }
  ],
  "ItemKeyFrames": [],
  "SoundFrames": [
    {
      "Code": [
        "game:sounds/player/strike1",
        "game:sounds/player/strike2"
      ],
      "DurationFraction": 0.0,
      "RandomizePitch": true,
      "Range": 16.0,
      "Volume": 0.5,
      "Synchronize": true
    }
  ],
  "ParticlesFrames": [],
  "CallbackFrames": [
    {
      "Code": "start",
      "DurationFraction": 0.083333336
    },
    {
      "Code": "stop",
      "DurationFraction": 0.5555556
    },
    {
      "Code": "ready",
      "DurationFraction": 0.8333333
    }
  ],
  "ItemAnimationStart": 0,
  "ItemAnimationEnd": 0
}
}