{
	"editor": {
		"allAngles": false,
		"entityTextureMode": false
	},
	"textureWidth": 16,
	"textureHeight": 16,
	"textureSizes": {
	},
	"textures": {
		"artistsconk": "mycodiversity:block/plant/mushroom/artistsconk/artistsconk"
	},
	"elements": [
		{
			"name": "origin",
			"from": [ 8.0, 0.0, 8.0 ],
			"to": [ 8.0, 0.0, 8.0 ],
			"rotationOrigin": [ 8.0, 0.0, 8.0 ],
			"faces": {
			},
			"children": [
				{
					"name": "sagemushroom1",
					"from": [ -4.0, 11.0, 4.0 ],
					"to": [ 2.0, 12.0, 8.0 ],
					"rotationOrigin": [ -1.0, 11.0, 8.0 ],
					"rotationX": -2.0,
					"rotationZ": -5.0,
					"faces": {
						"north": { "texture": "#artistsconk", "uv": [ 2.0, 15.0, 8.0, 16.0 ] },
						"east": { "texture": "#artistsconk", "uv": [ 3.5, 15.0, 7.5, 16.0 ] },
						"south": { "texture": "#artistsconk", "uv": [ 9.5, 9.5, 15.5, 10.5 ] },
						"west": { "texture": "#artistsconk", "uv": [ 0.0, 15.0, 4.0, 16.0 ] },
						"up": { "texture": "#artistsconk", "uv": [ 1.0, 1.0, 7.0, 5.0 ], "rotation": 180 },
						"down": { "texture": "#artistsconk", "uv": [ 9.0, 7.5, 15.0, 11.5 ] }
					},
					"children": [
						{
							"name": "sagemushroom1-a",
							"from": [ 1.0, 0.0, -1.0 ],
							"to": [ 5.0, 1.0, 0.0 ],
							"rotationOrigin": [ 3.0, 0.0, -1.0 ],
							"faces": {
								"north": { "texture": "#artistsconk", "uv": [ 2.0, 15.0, 6.0, 16.0 ] },
								"east": { "texture": "#artistsconk", "uv": [ 3.5, 15.0, 4.5, 16.0 ] },
								"west": { "texture": "#artistsconk", "uv": [ 6.0, 15.0, 7.0, 16.0 ] },
								"up": { "texture": "#artistsconk", "uv": [ 2.0, 7.5, 6.0, 8.5 ], "rotation": 180 },
								"down": { "texture": "#artistsconk", "uv": [ 11.0, 10.0, 15.0, 11.0 ] }
							}
						},
						{
							"name": "sagemushroom1-b",
							"from": [ -1.0, 0.0, 1.0 ],
							"to": [ 0.0, 1.0, 4.0 ],
							"rotationOrigin": [ -1.0, 0.0, 1.0 ],
							"faces": {
								"north": { "texture": "#artistsconk", "uv": [ 3.0, 15.0, 4.0, 16.0 ] },
								"south": { "texture": "#artistsconk", "uv": [ 0.0, 15.0, 1.0, 16.0 ] },
								"west": { "texture": "#artistsconk", "uv": [ 0.0, 15.0, 3.0, 16.0 ] },
								"up": { "texture": "#artistsconk", "uv": [ 4.0, 0.0, 5.0, 3.0 ] },
								"down": { "texture": "#artistsconk", "uv": [ 9.0, 9.0, 10.0, 12.0 ] }
							}
						},
						{
							"name": "sagemushroom1-c",
							"from": [ 6.0, 0.0, 1.0 ],
							"to": [ 7.0, 1.0, 4.0 ],
							"rotationOrigin": [ 6.0, 0.0, 1.0 ],
							"faces": {
								"north": { "texture": "#artistsconk", "uv": [ 7.0, 15.0, 8.0, 16.0 ] },
								"east": { "texture": "#artistsconk", "uv": [ 4.0, 15.0, 7.0, 16.0 ] },
								"south": { "texture": "#artistsconk", "uv": [ 0.0, 15.0, 1.0, 16.0 ] },
								"up": { "texture": "#artistsconk", "uv": [ 6.5, 1.0, 7.5, 4.0 ], "rotation": 180 },
								"down": { "texture": "#artistsconk", "uv": [ 9.0, 9.0, 10.0, 12.0 ] }
							}
						}
					]
				},
				{
					"name": "sagemushroom2",
					"from": [ 0.0, 4.0, 4.0 ],
					"to": [ 6.0, 5.0, 8.0 ],
					"rotationOrigin": [ 3.0, 4.0, 8.0 ],
					"rotationZ": 5.0,
					"faces": {
						"north": { "texture": "#artistsconk", "uv": [ 8.0, 15.0, 14.0, 16.0 ] },
						"east": { "texture": "#artistsconk", "uv": [ 8.5, 15.0, 12.5, 16.0 ] },
						"south": { "texture": "#artistsconk", "uv": [ 9.5, 10.5, 15.5, 11.5 ] },
						"west": { "texture": "#artistsconk", "uv": [ 10.0, 15.0, 14.0, 16.0 ] },
						"up": { "texture": "#artistsconk", "uv": [ 1.0, 7.0, 7.0, 11.0 ], "rotation": 180 },
						"down": { "texture": "#artistsconk", "uv": [ 9.0, 7.5, 15.0, 11.5 ] }
					},
					"children": [
						{
							"name": "sagemushroom2-a",
							"from": [ 1.0, 0.0, -1.0 ],
							"to": [ 5.0, 1.0, 0.0 ],
							"rotationOrigin": [ 3.0, 0.0, -1.0 ],
							"faces": {
								"north": { "texture": "#artistsconk", "uv": [ 9.5, 15.0, 13.5, 16.0 ] },
								"east": { "texture": "#artistsconk", "uv": [ 10.0, 15.0, 11.0, 16.0 ] },
								"west": { "texture": "#artistsconk", "uv": [ 11.0, 15.0, 12.0, 16.0 ] },
								"up": { "texture": "#artistsconk", "uv": [ 2.0, 11.0, 6.0, 12.0 ], "rotation": 180 },
								"down": { "texture": "#artistsconk", "uv": [ 11.0, 10.5, 15.0, 11.5 ] }
							}
						},
						{
							"name": "sagemushroom2-b",
							"from": [ -1.0, 0.0, 1.0 ],
							"to": [ 0.0, 1.0, 4.0 ],
							"rotationOrigin": [ -1.0, 0.0, 1.0 ],
							"faces": {
								"north": { "texture": "#artistsconk", "uv": [ 10.0, 15.0, 11.0, 16.0 ] },
								"south": { "texture": "#artistsconk", "uv": [ 10.0, 15.0, 11.0, 16.0 ] },
								"west": { "texture": "#artistsconk", "uv": [ 11.0, 15.0, 14.0, 16.0 ] },
								"up": { "texture": "#artistsconk", "uv": [ 0.5, 7.0, 1.5, 10.0 ] },
								"down": { "texture": "#artistsconk", "uv": [ 9.0, 9.0, 10.0, 12.0 ] }
							}
						},
						{
							"name": "sagemushroom2-c",
							"from": [ 6.0, 0.0, 1.0 ],
							"to": [ 7.0, 1.0, 4.0 ],
							"rotationOrigin": [ 6.0, 0.0, 1.0 ],
							"faces": {
								"north": { "texture": "#artistsconk", "uv": [ 11.0, 15.0, 12.0, 16.0 ] },
								"east": { "texture": "#artistsconk", "uv": [ 9.0, 15.0, 12.0, 16.0 ] },
								"south": { "texture": "#artistsconk", "uv": [ 11.0, 15.0, 12.0, 16.0 ] },
								"up": { "texture": "#artistsconk", "uv": [ 6.5, 7.0, 7.5, 10.0 ] },
								"down": { "texture": "#artistsconk", "uv": [ 9.0, 9.0, 10.0, 12.0 ] }
							}
						}
					]
				},
				{
					"name": "sagemushroom3",
					"from": [ -6.0, 1.5, 6.5 ],
					"to": [ -2.0, 2.5, 8.5 ],
					"rotationOrigin": [ -4.0, 1.5, 8.5 ],
					"rotationX": -10.0,
					"faces": {
						"north": { "texture": "#artistsconk", "uv": [ 1.0, 15.0, 5.0, 16.0 ] },
						"east": { "texture": "#artistsconk", "uv": [ 0.0, 15.0, 2.0, 16.0 ] },
						"south": { "texture": "#artistsconk", "uv": [ 3.0, 15.0, 7.0, 16.0 ] },
						"west": { "texture": "#artistsconk", "uv": [ 4.0, 15.0, 6.0, 16.0 ] },
						"up": { "texture": "#artistsconk", "uv": [ 2.0, 3.5, 6.0, 5.5 ] },
						"down": { "texture": "#artistsconk", "uv": [ 10.5, 8.0, 14.5, 10.0 ] }
					},
					"children": [
						{
							"name": "sagemushroom3-a",
							"from": [ 0.5, 0.0, -1.0 ],
							"to": [ 3.5, 1.0, 0.0 ],
							"rotationOrigin": [ 1.0, 0.0, -1.0 ],
							"faces": {
								"north": { "texture": "#artistsconk", "uv": [ 4.0, 15.0, 7.0, 16.0 ] },
								"east": { "texture": "#artistsconk", "uv": [ 3.0, 15.0, 4.0, 16.0 ] },
								"west": { "texture": "#artistsconk", "uv": [ 0.0, 15.0, 1.0, 16.0 ] },
								"up": { "texture": "#artistsconk", "uv": [ 2.5, 5.0, 5.5, 6.0 ], "rotation": 180 },
								"down": { "texture": "#artistsconk", "uv": [ 8.5, 8.0, 11.5, 9.0 ] }
							}
						},
						{
							"name": "sagemushroom3-b",
							"from": [ -0.5, 0.0, 0.5 ],
							"to": [ 0.0, 1.0, 2.0 ],
							"rotationOrigin": [ -0.5, 0.0, 0.5 ],
							"faces": {
								"north": { "texture": "#artistsconk", "uv": [ 2.5, 15.0, 3.0, 16.0 ] },
								"south": { "texture": "#artistsconk", "uv": [ 0.0, 15.0, 0.5, 16.0 ] },
								"west": { "texture": "#artistsconk", "uv": [ 12.0, 14.5, 13.5, 15.5 ], "rotation": 180 },
								"up": { "texture": "#artistsconk", "uv": [ 0.0, 1.5, 0.5, 3.0 ] },
								"down": { "texture": "#artistsconk", "uv": [ 14.5, 8.5, 15.0, 10.0 ] }
							}
						},
						{
							"name": "sagemushroom3-c",
							"from": [ 4.0, 0.0, 0.5 ],
							"to": [ 4.5, 1.0, 2.0 ],
							"rotationOrigin": [ 4.0, 0.0, 0.5 ],
							"faces": {
								"north": { "texture": "#artistsconk", "uv": [ 2.5, 15.0, 3.0, 16.0 ] },
								"east": { "texture": "#artistsconk", "uv": [ 10.0, 14.5, 11.5, 15.5 ], "rotation": 180 },
								"south": { "texture": "#artistsconk", "uv": [ 2.0, 15.0, 2.5, 16.0 ] },
								"up": { "texture": "#artistsconk", "uv": [ 0.0, 2.0, 0.5, 3.5 ] },
								"down": { "texture": "#artistsconk", "uv": [ 14.5, 8.5, 15.0, 10.0 ] }
							}
						}
					]
				},
				{
					"name": "sagemushroom4",
					"from": [ -4.0, 6.5, 6.5 ],
					"to": [ -1.0, 7.5, 8.5 ],
					"rotationOrigin": [ -2.0, 6.5, 8.5 ],
					"rotationX": -10.0,
					"rotationZ": 2.0,
					"faces": {
						"north": { "texture": "#artistsconk", "uv": [ 11.0, 15.0, 14.0, 16.0 ] },
						"east": { "texture": "#artistsconk", "uv": [ 12.0, 15.0, 14.0, 16.0 ] },
						"south": { "texture": "#artistsconk", "uv": [ 9.0, 15.0, 12.0, 16.0 ] },
						"west": { "texture": "#artistsconk", "uv": [ 11.0, 15.0, 13.0, 16.0 ] },
						"up": { "texture": "#artistsconk", "uv": [ 9.0, 4.5, 12.0, 6.5 ], "rotation": 180 },
						"down": { "texture": "#artistsconk", "uv": [ 10.5, 8.0, 13.5, 10.0 ] }
					},
					"children": [
						{
							"name": "sagemushroom4-a",
							"from": [ 0.5, 0.0, -0.5 ],
							"to": [ 2.5, 1.0, 0.0 ],
							"rotationOrigin": [ 1.0, 0.0, -0.5 ],
							"faces": {
								"north": { "texture": "#artistsconk", "uv": [ 12.0, 15.0, 14.0, 16.0 ] },
								"east": { "texture": "#artistsconk", "uv": [ 10.0, 15.0, 10.5, 16.0 ] },
								"west": { "texture": "#artistsconk", "uv": [ 11.0, 15.0, 11.5, 16.0 ] },
								"up": { "texture": "#artistsconk", "uv": [ 9.0, 6.5, 11.0, 7.0 ], "rotation": 180 },
								"down": { "texture": "#artistsconk", "uv": [ 8.5, 8.0, 10.5, 8.5 ] }
							}
						},
						{
							"name": "sagemushroom4-b",
							"from": [ -0.5, 0.0, 0.5 ],
							"to": [ 0.0, 1.0, 2.0 ],
							"rotationOrigin": [ -0.5, 0.0, 0.5 ],
							"faces": {
								"north": { "texture": "#artistsconk", "uv": [ 13.5, 15.0, 14.0, 16.0 ] },
								"south": { "texture": "#artistsconk", "uv": [ 11.0, 15.0, 11.5, 16.0 ] },
								"west": { "texture": "#artistsconk", "uv": [ 13.0, 15.0, 14.5, 16.0 ] },
								"up": { "texture": "#artistsconk", "uv": [ 12.5, 4.0, 13.0, 5.5 ] },
								"down": { "texture": "#artistsconk", "uv": [ 8.5, 10.0, 9.0, 11.5 ] }
							}
						},
						{
							"name": "sagemushroom4-c",
							"from": [ 3.0, 0.0, 0.5 ],
							"to": [ 3.5, 1.0, 2.0 ],
							"rotationOrigin": [ 2.0, 0.0, 0.5 ],
							"faces": {
								"north": { "texture": "#artistsconk", "uv": [ 13.5, 15.0, 14.0, 16.0 ] },
								"east": { "texture": "#artistsconk", "uv": [ 10.5, 15.0, 12.0, 16.0 ] },
								"south": { "texture": "#artistsconk", "uv": [ 11.0, 15.0, 11.5, 16.0 ] },
								"up": { "texture": "#artistsconk", "uv": [ 12.5, 4.0, 13.0, 5.5 ] },
								"down": { "texture": "#artistsconk", "uv": [ 8.5, 10.0, 9.0, 11.5 ] }
							}
						}
					]
				},
				{
					"name": "sagemushroom5",
					"from": [ 4.0, 13.5, 6.5 ],
					"to": [ 7.0, 14.5, 8.5 ],
					"rotationOrigin": [ 6.0, 13.5, 8.5 ],
					"rotationX": -15.0,
					"rotationZ": -7.0,
					"faces": {
						"north": { "texture": "#artistsconk", "uv": [ 2.0, 15.0, 5.0, 16.0 ] },
						"east": { "texture": "#artistsconk", "uv": [ 4.0, 15.0, 6.0, 16.0 ] },
						"south": { "texture": "#artistsconk", "uv": [ 3.0, 15.0, 6.0, 16.0 ] },
						"west": { "texture": "#artistsconk", "uv": [ 3.0, 15.0, 5.0, 16.0 ] },
						"up": { "texture": "#artistsconk", "uv": [ 9.0, 1.0, 12.0, 3.0 ], "rotation": 180 },
						"down": { "texture": "#artistsconk", "uv": [ 10.5, 8.0, 13.5, 10.0 ] }
					},
					"children": [
						{
							"name": "sagemushroom4-a19",
							"from": [ 0.5, 0.0, -0.5 ],
							"to": [ 2.5, 1.0, 0.0 ],
							"rotationOrigin": [ 1.0, 0.0, -0.5 ],
							"faces": {
								"north": { "texture": "#artistsconk", "uv": [ 2.0, 15.0, 4.0, 16.0 ] },
								"east": { "texture": "#artistsconk", "uv": [ 5.0, 15.0, 5.5, 16.0 ] },
								"west": { "texture": "#artistsconk", "uv": [ 5.0, 15.0, 5.5, 16.0 ] },
								"up": { "texture": "#artistsconk", "uv": [ 2.5, 5.0, 4.5, 5.5 ], "rotation": 180 },
								"down": { "texture": "#artistsconk", "uv": [ 8.5, 8.0, 10.5, 8.5 ] }
							}
						},
						{
							"name": "sagemushroom4-b20",
							"from": [ -0.5, 0.0, 0.5 ],
							"to": [ 0.0, 1.0, 2.0 ],
							"rotationOrigin": [ -0.5, 0.0, 0.5 ],
							"faces": {
								"north": { "texture": "#artistsconk", "uv": [ 2.5, 15.0, 3.0, 16.0 ] },
								"south": { "texture": "#artistsconk", "uv": [ 4.0, 15.0, 4.5, 16.0 ] },
								"west": { "texture": "#artistsconk", "uv": [ 5.0, 15.0, 6.5, 16.0 ] },
								"up": { "texture": "#artistsconk", "uv": [ 7.0, 1.5, 7.5, 3.0 ] },
								"down": { "texture": "#artistsconk", "uv": [ 8.5, 10.0, 9.0, 11.5 ] }
							}
						},
						{
							"name": "sagemushroom4-c21",
							"from": [ 3.0, 0.0, 0.5 ],
							"to": [ 3.5, 1.0, 2.0 ],
							"rotationOrigin": [ 2.0, 0.0, 0.5 ],
							"faces": {
								"north": { "texture": "#artistsconk", "uv": [ 4.5, 15.0, 5.0, 16.0 ] },
								"east": { "texture": "#artistsconk", "uv": [ 2.5, 15.0, 4.0, 16.0 ] },
								"south": { "texture": "#artistsconk", "uv": [ 3.0, 15.0, 3.5, 16.0 ] },
								"up": { "texture": "#artistsconk", "uv": [ 7.5, 1.5, 8.0, 3.0 ] },
								"down": { "texture": "#artistsconk", "uv": [ 8.5, 10.0, 9.0, 11.5 ] }
							}
						}
					]
				}
			]
		}
	]}