{
	"editor": {
		"allAngles": true,
		"entityTextureMode": true
	},
	"textureWidth": 64,
	"textureHeight": 64,
	"textureSizes": {
	},
	"textures": {
	},
	"elements": [
		{
			"name": "GamHelmet",
			"stepParentName": "Head",
			"from": [ 0.1, 0.8, -0.6 ],
			"to": [ 6.8, 5.8, 5.7 ],
			"unwrapMode": 1,
			"uv": [ 36.0, 17.5 ],
			"rotationOrigin": [ 0.1, 0.8, -0.6 ],
			"faces": {
				"north": { "texture": "#material", "uv": [ 42.0, 23.5, 48.5, 28.5 ] },
				"east": { "texture": "#material", "uv": [ 36.0, 23.5, 42.0, 28.5 ] },
				"south": { "texture": "#material", "uv": [ 54.5, 23.5, 61.0, 28.5 ] },
				"west": { "texture": "#material", "uv": [ 48.5, 23.5, 54.5, 28.5 ] },
				"up": { "texture": "#material", "uv": [ 42.0, 17.5, 48.5, 23.5 ], "rotation": 180 },
				"down": { "texture": "#material", "uv": [ 42.0, 28.5, 48.5, 34.5 ] }
			},
			"children": [
				{
					"name": "GamHelmetstrap",
					"from": [ 0.5, -1.0, 0.3 ],
					"to": [ 2.0, 0.0, 6.0 ],
					"unwrapMode": 5,
					"uv": [ 46.5, 1.0 ],
					"rotationOrigin": [ 0.5, -1.0, 0.3 ],
					"faces": {
						"north": { "texture": "#material", "uv": [ 47.5, 1.0, 49.0, 2.0 ], "rotation": 180 },
						"east": { "texture": "#material", "uv": [ 49.0, 2.0, 50.0, 7.5 ], "rotation": 90 },
						"south": { "texture": "#material", "uv": [ 47.5, 7.5, 49.0, 8.5 ] },
						"west": { "texture": "#material", "uv": [ 46.5, 2.0, 47.5, 7.5 ], "rotation": 270 },
						"up": { "texture": "#material", "uv": [ 47.5, 2.0, 49.0, 7.5 ] },
						"down": { "texture": "#material", "uv": [ 50.0, 2.0, 51.5, 7.5 ] }
					}
				},
				{
					"name": "GamHelmetFace",
					"from": [ -0.7, 3.0, 0.0 ],
					"to": [ 0.0, 5.0, 6.3 ],
					"autoUnwrap": false,
					"uv": [ 39.5, 34.0 ],
					"rotationOrigin": [ -0.5, 3.0, 0.0 ],
					"faces": {
						"north": { "texture": "#material", "uv": [ 48.5, 23.5, 49.0, 25.5 ] },
						"south": { "texture": "#material", "uv": [ 54.0, 23.5, 54.5, 25.5 ] },
						"west": { "texture": "#material", "uv": [ 36.0, 23.5, 42.0, 25.5 ] },
						"up": { "texture": "#material", "uv": [ 48.5, 23.5, 54.5, 24.0 ], "rotation": 90 },
						"down": { "texture": "#material", "uv": [ 48.5, 28.0, 54.5, 28.5 ], "rotation": 90 }
					}
				}
			]
		},
		{
			"name": "origin",
			"stepParentName": "Head",
			"from": [ -1.2, 0.9, 0.5 ],
			"to": [ -1.2, 0.9, 0.5 ],
			"uv": [ 999.0, 999.0 ],
			"rotationOrigin": [ -1.2, 0.9, 0.5 ],
			"rotationZ": 6.0,
			"faces": {
			},
			"children": [
				{
					"name": "base",
					"from": [ -0.4, -0.3, 0.0 ],
					"to": [ 1.6, 3.7, 4.0 ],
					"uv": [ 0.5, 3.5 ],
					"rotationOrigin": [ 0.6, 3.7, 2.0 ],
					"rotationZ": -21.0,
					"faces": {
						"north": { "texture": "#sheepskull", "uv": [ 0.5, 3.5, 2.5, 7.5 ] },
						"south": { "texture": "#sheepskull", "uv": [ 6.5, 3.5, 8.5, 7.5 ] },
						"west": { "texture": "#sheepskull", "uv": [ 2.5, 3.5, 6.5, 7.5 ] },
						"up": { "texture": "#sheepskull", "uv": [ 4.5, 12.0, 6.5, 16.0 ] },
						"down": { "texture": "#sheepskull", "uv": [ 1.5, 12.0, 3.5, 16.0 ] }
					},
					"children": [
						{
							"name": "Cube21",
							"from": [ -0.7, -0.5, 1.0 ],
							"to": [ 0.3, 4.5, 3.0 ],
							"uv": [ 8.0, 0.0 ],
							"rotationOrigin": [ -0.2, 4.5, 2.0 ],
							"rotationZ": 8.0,
							"faces": {
								"north": { "texture": "#sheepskull", "uv": [ 8.5, 9.0, 9.5, 14.0 ] },
								"east": { "texture": "#sheepskull", "uv": [ 8.5, 7.5, 10.5, 12.5 ] },
								"south": { "texture": "#sheepskull", "uv": [ 9.0, 8.5, 10.0, 13.5 ] },
								"west": { "texture": "#sheepskull", "uv": [ 8.0, 9.5, 10.0, 14.5 ] },
								"up": { "texture": "#sheepskull", "uv": [ 9.0, 0.5, 10.0, 2.5 ] },
								"down": { "texture": "#sheepskull", "uv": [ 8.5, 0.0, 9.5, 2.0 ] }
							}
						},
						{
							"name": "nose",
							"from": [ 0.2, -1.8, 0.3 ],
							"to": [ 2.2, 0.2, 3.8 ],
							"uv": [ 0.0, 7.5 ],
							"rotationOrigin": [ 0.2, 0.2, 2.3 ],
							"rotationZ": -5.0,
							"faces": {
								"north": { "texture": "#sheepskull", "uv": [ 0.0, 13.5, 2.0, 15.5 ] },
								"south": { "texture": "#sheepskull", "uv": [ 0.0, 12.0, 2.0, 14.0 ], "rotation": 180 },
								"west": { "texture": "#sheepskull", "uv": [ 2.5, 7.5, 6.0, 9.5 ] },
								"down": { "texture": "#sheepskull", "uv": [ 2.5, 9.5, 6.0, 11.5 ], "rotation": 90 }
							}
						},
						{
							"name": "frontal bone",
							"from": [ -0.1, 3.0, -0.6 ],
							"to": [ 1.9, 5.0, 4.6 ],
							"uv": [ 3.5, 0.0 ],
							"rotationOrigin": [ -0.1, 3.0, 1.9 ],
							"rotationZ": 12.0,
							"faces": {
								"north": { "texture": "#sheepskull", "uv": [ 4.0, 0.0, 6.0, 2.0 ] },
								"east": { "texture": "#sheepskull", "uv": [ 4.5, 0.0, 9.5, 2.0 ] },
								"south": { "texture": "#sheepskull", "uv": [ 5.0, 0.0, 7.0, 2.0 ] },
								"west": { "texture": "#sheepskull", "uv": [ 3.5, 0.0, 8.5, 2.0 ] },
								"up": { "texture": "#sheepskull", "uv": [ 8.5, 9.5, 10.5, 14.5 ] },
								"down": { "texture": "#sheepskull", "uv": [ 8.5, 8.5, 10.5, 13.5 ] }
							},
							"children": [
								{
									"name": "L string",
									"from": [ 0.1, 0.2, -0.2 ],
									"to": [ 7.1, 0.7, 0.3 ],
									"uv": [ 0.0, 0.0 ],
									"rotationOrigin": [ 0.1, 0.2, 0.3 ],
									"faces": {
										"north": { "texture": "#sheepskull", "uv": [ 0.0, 0.0, 7.0, 0.5 ], "rotation": 180 },
										"east": { "texture": "#sheepskull", "uv": [ 0.0, 0.0, 0.5, 0.5 ] },
										"south": { "texture": "#sheepskull", "uv": [ 0.0, 0.0, 7.0, 0.5 ] },
										"west": { "texture": "#sheepskull", "uv": [ 0.0, 0.0, 0.5, 0.5 ] },
										"up": { "texture": "#sheepskull", "uv": [ 0.0, 0.0, 7.0, 0.5 ] },
										"down": { "texture": "#sheepskull", "uv": [ 0.0, 0.0, 7.0, 0.5 ], "rotation": 180 }
									}
								},
								{
									"name": "R string",
									"from": [ 0.1, 0.2, 4.9 ],
									"to": [ 7.1, 0.7, 5.4 ],
									"uv": [ 0.0, 0.0 ],
									"rotationOrigin": [ 0.1, 0.2, 4.9 ],
									"faces": {
										"north": { "texture": "#sheepskull", "uv": [ 0.0, 0.0, 7.0, 0.5 ] },
										"east": { "texture": "#sheepskull", "uv": [ 0.0, 0.0, 0.5, 0.5 ] },
										"south": { "texture": "#sheepskull", "uv": [ 0.0, 0.0, 7.0, 0.5 ] },
										"west": { "texture": "#sheepskull", "uv": [ 0.0, 0.0, 0.5, 0.5 ] },
										"up": { "texture": "#sheepskull", "uv": [ 0.0, 0.0, 7.0, 0.5 ] },
										"down": { "texture": "#sheepskull", "uv": [ 0.0, 0.0, 7.0, 0.5 ], "rotation": 180 }
									}
								},
								{
									"name": "Back string",
									"from": [ 6.6, 0.2, -0.1 ],
									"to": [ 7.1, 0.7, 4.9 ],
									"uv": [ 0.0, 0.0 ],
									"rotationOrigin": [ 6.6, 0.2, -0.1 ],
									"faces": {
										"north": { "texture": "#sheepskull", "uv": [ 0.0, 0.0, 0.5, 0.5 ] },
										"east": { "texture": "#sheepskull", "uv": [ 0.0, 0.5, 5.0, 1.0 ] },
										"south": { "texture": "#sheepskull", "uv": [ 0.0, 0.0, 0.5, 0.5 ] },
										"west": { "texture": "#sheepskull", "uv": [ 0.0, 0.5, 5.0, 1.0 ] },
										"up": { "texture": "#sheepskull", "uv": [ 0.0, 0.0, 0.5, 5.0 ] },
										"down": { "texture": "#sheepskull", "uv": [ 0.0, 0.0, 0.5, 5.0 ] }
									}
								}
							]
						},
						{
							"name": "L horn",
							"from": [ -0.5, 4.5, -0.7 ],
							"to": [ 1.5, 7.5, 1.3 ],
							"uv": [ 12.0, 12.5 ],
							"rotationOrigin": [ 0.5, 4.5, 0.3 ],
							"rotationX": -45.0,
							"rotationZ": 22.0,
							"faces": {
								"north": { "texture": "#sheepskull", "uv": [ 13.0, 12.5, 15.0, 15.5 ] },
								"east": { "texture": "#sheepskull", "uv": [ 13.0, 12.5, 15.0, 15.5 ] },
								"south": { "texture": "#sheepskull", "uv": [ 13.5, 12.5, 15.5, 15.5 ] },
								"west": { "texture": "#sheepskull", "uv": [ 12.5, 12.5, 14.5, 15.5 ] },
								"up": { "texture": "#sheepskull", "uv": [ 12.0, 13.5, 14.0, 15.5 ] },
								"down": { "texture": "#sheepskull", "uv": [ 14.0, 13.5, 16.0, 15.5 ] }
							},
							"children": [
								{
									"name": "Cube27",
									"from": [ -0.2, 2.0, 0.2 ],
									"to": [ 1.6, 4.8, 2.0 ],
									"uv": [ 12.5, 11.5 ],
									"rotationOrigin": [ 0.7, 2.0, 1.1 ],
									"rotationX": -22.0,
									"rotationZ": -45.0,
									"faces": {
										"north": { "texture": "#sheepskull", "uv": [ 13.0, 12.0, 14.5, 14.5 ] },
										"east": { "texture": "#sheepskull", "uv": [ 14.0, 12.0, 15.5, 14.5 ] },
										"south": { "texture": "#sheepskull", "uv": [ 12.5, 12.0, 14.0, 14.5 ] },
										"west": { "texture": "#sheepskull", "uv": [ 14.0, 12.0, 15.5, 14.5 ] },
										"up": { "texture": "#sheepskull", "uv": [ 13.5, 11.5, 15.0, 13.0 ] },
										"down": { "texture": "#sheepskull", "uv": [ 14.0, 12.0, 15.5, 13.5 ] }
									},
									"children": [
										{
											"name": "Cube28",
											"from": [ 0.1, 2.2, 0.1 ],
											"to": [ 1.7, 4.8, 1.7 ],
											"uv": [ 13.0, 10.5 ],
											"rotationOrigin": [ 0.9, 2.2, 0.9 ],
											"rotationX": 15.0,
											"rotationZ": -42.0,
											"faces": {
												"north": { "texture": "#sheepskull", "uv": [ 14.0, 12.0, 15.5, 14.5 ] },
												"east": { "texture": "#sheepskull", "uv": [ 13.5, 11.0, 15.0, 13.5 ] },
												"south": { "texture": "#sheepskull", "uv": [ 13.0, 11.0, 14.5, 13.5 ] },
												"west": { "texture": "#sheepskull", "uv": [ 13.0, 11.0, 14.5, 13.5 ] },
												"up": { "texture": "#sheepskull", "uv": [ 14.0, 10.5, 15.5, 12.0 ] },
												"down": { "texture": "#sheepskull", "uv": [ 14.5, 11.5, 16.0, 13.0 ] }
											},
											"children": [
												{
													"name": "Cube29",
													"from": [ 0.1, 2.0, 0.1 ],
													"to": [ 1.5, 4.4, 1.5 ],
													"uv": [ 12.5, 5.5 ],
													"rotationOrigin": [ 0.8, 2.0, 0.8 ],
													"rotationX": 15.0,
													"rotationZ": -22.0,
													"faces": {
														"north": { "texture": "#sheepskull", "uv": [ 13.0, 8.0, 14.0, 10.0 ] },
														"east": { "texture": "#sheepskull", "uv": [ 14.0, 8.0, 15.0, 10.0 ] },
														"south": { "texture": "#sheepskull", "uv": [ 13.5, 9.0, 14.5, 11.0 ] },
														"west": { "texture": "#sheepskull", "uv": [ 13.5, 8.0, 14.5, 10.0 ] },
														"up": { "texture": "#sheepskull", "uv": [ 14.0, 5.5, 15.0, 6.5 ] },
														"down": { "texture": "#sheepskull", "uv": [ 12.5, 8.5, 13.5, 9.5 ] }
													},
													"children": [
														{
															"name": "Cube31",
															"from": [ 0.1, 2.0, 0.1 ],
															"to": [ 1.3, 4.2, 1.3 ],
															"uv": [ 13.0, 4.5 ],
															"rotationOrigin": [ 0.7, 2.0, 0.7 ],
															"rotationX": -33.0,
															"rotationZ": -14.0,
															"faces": {
																"north": { "texture": "#sheepskull", "uv": [ 14.0, 6.5, 15.0, 8.5 ] },
																"east": { "texture": "#sheepskull", "uv": [ 14.0, 6.5, 15.0, 8.5 ] },
																"south": { "texture": "#sheepskull", "uv": [ 13.0, 6.5, 14.0, 8.5 ] },
																"west": { "texture": "#sheepskull", "uv": [ 14.0, 4.5, 15.0, 6.5 ] },
																"up": { "texture": "#sheepskull", "uv": [ 13.5, 5.5, 14.5, 6.5 ] },
																"down": { "texture": "#sheepskull", "uv": [ 13.5, 6.0, 14.5, 7.0 ] }
															},
															"children": [
																{
																	"name": "Cube32",
																	"from": [ 0.1, 2.0, 0.1 ],
																	"to": [ 1.1, 4.0, 1.1 ],
																	"uv": [ 12.0, 4.5 ],
																	"rotationOrigin": [ 0.6, 2.0, 0.6 ],
																	"rotationX": -22.0,
																	"rotationZ": -22.0,
																	"faces": {
																		"north": { "texture": "#sheepskull", "uv": [ 13.5, 4.5, 14.5, 6.5 ] },
																		"east": { "texture": "#sheepskull", "uv": [ 13.0, 4.5, 14.0, 6.5 ] },
																		"south": { "texture": "#sheepskull", "uv": [ 12.0, 4.5, 13.0, 6.5 ] },
																		"west": { "texture": "#sheepskull", "uv": [ 13.0, 4.5, 14.0, 6.5 ] },
																		"up": { "texture": "#sheepskull", "uv": [ 12.5, 4.5, 13.5, 5.5 ] },
																		"down": { "texture": "#sheepskull", "uv": [ 12.0, 4.5, 13.0, 5.5 ] }
																	}
																}
															]
														}
													]
												}
											]
										}
									]
								}
							]
						},
						{
							"name": "R horn",
							"from": [ -0.5, 4.5, 2.7 ],
							"to": [ 1.5, 7.5, 4.7 ],
							"uv": [ 12.0, 12.5 ],
							"rotationOrigin": [ 0.5, 4.5, 3.7 ],
							"rotationX": 45.0,
							"rotationZ": 22.0,
							"faces": {
								"north": { "texture": "#sheepskull", "uv": [ 12.0, 12.5, 14.0, 15.5 ] },
								"east": { "texture": "#sheepskull", "uv": [ 13.0, 12.5, 15.0, 15.5 ] },
								"south": { "texture": "#sheepskull", "uv": [ 12.5, 12.5, 14.5, 15.5 ] },
								"west": { "texture": "#sheepskull", "uv": [ 14.0, 12.5, 16.0, 15.5 ] },
								"up": { "texture": "#sheepskull", "uv": [ 13.0, 14.0, 15.0, 16.0 ] },
								"down": { "texture": "#sheepskull", "uv": [ 14.0, 13.5, 16.0, 15.5 ] }
							},
							"children": [
								{
									"name": "Cube33",
									"from": [ -0.2, 2.0, 0.0 ],
									"to": [ 1.6, 4.8, 1.8 ],
									"uv": [ 12.5, 10.5 ],
									"rotationOrigin": [ 0.7, 2.0, 0.9 ],
									"rotationX": 22.0,
									"rotationZ": -45.0,
									"faces": {
										"north": { "texture": "#sheepskull", "uv": [ 12.5, 12.5, 14.0, 15.0 ] },
										"east": { "texture": "#sheepskull", "uv": [ 14.0, 12.5, 15.5, 15.0 ] },
										"south": { "texture": "#sheepskull", "uv": [ 13.5, 12.5, 15.0, 15.0 ] },
										"west": { "texture": "#sheepskull", "uv": [ 13.0, 12.5, 14.5, 15.0 ] },
										"up": { "texture": "#sheepskull", "uv": [ 13.5, 12.0, 15.0, 13.5 ] },
										"down": { "texture": "#sheepskull", "uv": [ 13.0, 10.5, 14.5, 12.0 ] }
									},
									"children": [
										{
											"name": "Cube34",
											"from": [ 0.1, 2.2, 0.1 ],
											"to": [ 1.7, 4.8, 1.7 ],
											"uv": [ 13.0, 8.5 ],
											"rotationOrigin": [ 0.9, 2.2, 0.9 ],
											"rotationX": -15.0,
											"rotationZ": -42.0,
											"faces": {
												"north": { "texture": "#sheepskull", "uv": [ 13.5, 10.0, 15.0, 12.5 ] },
												"east": { "texture": "#sheepskull", "uv": [ 13.0, 10.0, 14.5, 12.5 ] },
												"south": { "texture": "#sheepskull", "uv": [ 14.5, 11.0, 16.0, 13.5 ] },
												"west": { "texture": "#sheepskull", "uv": [ 14.0, 10.0, 15.5, 12.5 ] },
												"up": { "texture": "#sheepskull", "uv": [ 14.5, 11.0, 16.0, 12.5 ] },
												"down": { "texture": "#sheepskull", "uv": [ 13.5, 8.5, 15.0, 10.0 ] }
											},
											"children": [
												{
													"name": "Cube35",
													"from": [ 0.1, 2.0, 0.1 ],
													"to": [ 1.5, 4.4, 1.5 ],
													"uv": [ 13.0, 6.0 ],
													"rotationOrigin": [ 0.8, 2.0, 0.8 ],
													"rotationX": -15.0,
													"rotationZ": -22.0,
													"faces": {
														"north": { "texture": "#sheepskull", "uv": [ 13.0, 7.5, 14.0, 9.5 ] },
														"east": { "texture": "#sheepskull", "uv": [ 14.5, 7.5, 15.5, 9.5 ] },
														"south": { "texture": "#sheepskull", "uv": [ 13.5, 8.5, 14.5, 10.5 ] },
														"west": { "texture": "#sheepskull", "uv": [ 13.5, 7.5, 14.5, 9.5 ] },
														"up": { "texture": "#sheepskull", "uv": [ 14.0, 7.0, 15.0, 8.0 ] },
														"down": { "texture": "#sheepskull", "uv": [ 13.5, 6.0, 14.5, 7.0 ] }
													},
													"children": [
														{
															"name": "Cube36",
															"from": [ 0.1, 2.0, 0.1 ],
															"to": [ 1.3, 4.2, 1.3 ],
															"uv": [ 13.0, 5.0 ],
															"rotationOrigin": [ 0.7, 2.0, 0.7 ],
															"rotationX": 33.0,
															"rotationZ": -14.0,
															"faces": {
																"north": { "texture": "#sheepskull", "uv": [ 13.5, 6.0, 14.5, 8.0 ] },
																"east": { "texture": "#sheepskull", "uv": [ 14.0, 6.0, 15.0, 8.0 ] },
																"south": { "texture": "#sheepskull", "uv": [ 14.5, 7.0, 15.5, 9.0 ] },
																"west": { "texture": "#sheepskull", "uv": [ 13.0, 6.0, 14.0, 8.0 ] },
																"up": { "texture": "#sheepskull", "uv": [ 13.0, 6.5, 14.0, 7.5 ] },
																"down": { "texture": "#sheepskull", "uv": [ 14.0, 5.0, 15.0, 6.0 ] }
															},
															"children": [
																{
																	"name": "Cube37",
																	"from": [ 0.1, 2.0, 0.1 ],
																	"to": [ 1.1, 4.0, 1.1 ],
																	"uv": [ 12.5, 4.5 ],
																	"rotationOrigin": [ 0.6, 2.0, 0.6 ],
																	"rotationX": 22.0,
																	"rotationZ": -22.0,
																	"faces": {
																		"north": { "texture": "#sheepskull", "uv": [ 12.5, 4.5, 13.5, 6.5 ] },
																		"east": { "texture": "#sheepskull", "uv": [ 13.5, 4.5, 14.5, 6.5 ] },
																		"south": { "texture": "#sheepskull", "uv": [ 15.0, 4.5, 16.0, 6.5 ] },
																		"west": { "texture": "#sheepskull", "uv": [ 13.0, 4.5, 14.0, 6.5 ] },
																		"up": { "texture": "#sheepskull", "uv": [ 13.5, 4.5, 14.5, 5.5 ] },
																		"down": { "texture": "#sheepskull", "uv": [ 12.5, 4.5, 13.5, 5.5 ] }
																	}
																}
															]
														}
													]
												}
											]
										}
									]
								}
							]
						}
					]
				}
			]
		}
	]}