{
	"editor": {
		"allAngles": true,
		"entityTextureMode": false
	},
	"textureWidth": 16,
	"textureHeight": 16,
	"textureSizes": {
	},
	"textures": {
		"stinkhorn": "mycodiversity:block/plant/mushroom/stinkhorn/stinkhorn"
	},
	"elements": [
		{
			"name": "origin",
			"from": [ 8.0, 0.0, 7.0 ],
			"to": [ 8.0, 0.0, 7.0 ],
			"rotationOrigin": [ 8.0, 0.0, 7.0 ],
			"faces": {
				"north": { "texture": "#stinkhorn", "uv": [ 0.0, 0.0, 0.5, 0.5 ] },
				"east": { "texture": "#stinkhorn", "uv": [ 0.0, 0.0, 0.5, 0.5 ] },
				"south": { "texture": "#stinkhorn", "uv": [ 0.0, 0.0, 0.5, 0.5 ] },
				"west": { "texture": "#stinkhorn", "uv": [ 0.0, 0.0, 0.5, 0.5 ] },
				"up": { "texture": "#stinkhorn", "uv": [ 0.0, 0.0, 0.5, 0.5 ] },
				"down": { "texture": "#stinkhorn", "uv": [ 0.0, 0.0, 0.5, 0.5 ] }
			},
			"children": [
				{
					"name": "Cube8",
					"from": [ 1.0, -0.2, -3.0 ],
					"to": [ 2.8, 1.3, -1.2 ],
					"rotationOrigin": [ 1.0, -0.2, -3.0 ],
					"rotationX": -6.0,
					"faces": {
						"north": { "texture": "#stinkhorn", "uv": [ 9.0, 14.0, 10.5, 15.5 ] },
						"east": { "texture": "#stinkhorn", "uv": [ 14.5, 14.0, 16.0, 15.5 ] },
						"south": { "texture": "#stinkhorn", "uv": [ 13.0, 14.0, 14.5, 15.5 ] },
						"west": { "texture": "#stinkhorn", "uv": [ 10.0, 14.0, 11.5, 15.5 ] },
						"up": { "texture": "#stinkhorn", "uv": [ 13.0, 14.5, 14.5, 16.0 ] },
						"down": { "texture": "#stinkhorn", "uv": [ 10.5, 14.0, 12.0, 15.5 ] }
					},
					"children": [
						{
							"name": "Cube9",
							"from": [ 0.2, 1.5, 0.2 ],
							"to": [ 1.6, 3.5, 1.6 ],
							"rotationOrigin": [ 0.2, 1.5, 0.0 ],
							"rotationX": 6.0,
							"faces": {
								"north": { "texture": "#stinkhorn", "uv": [ 8.5, 9.0, 9.5, 11.0 ] },
								"east": { "texture": "#stinkhorn", "uv": [ 10.5, 9.0, 11.5, 11.0 ] },
								"south": { "texture": "#stinkhorn", "uv": [ 13.0, 9.5, 14.0, 11.5 ] },
								"west": { "texture": "#stinkhorn", "uv": [ 13.0, 9.5, 14.0, 11.5 ] },
								"up": { "texture": "#stinkhorn", "uv": [ 11.5, 10.0, 12.5, 11.0 ] },
								"down": { "texture": "#stinkhorn", "uv": [ 11.0, 9.5, 12.0, 10.5 ] }
							},
							"children": [
								{
									"name": "Cube10",
									"from": [ 0.05, 2.0, 0.05 ],
									"to": [ 1.35, 3.5, 1.35 ],
									"rotationOrigin": [ 0.1, 2.0, 0.1 ],
									"rotationX": 6.0,
									"faces": {
										"north": { "texture": "#stinkhorn", "uv": [ 10.0, 8.5, 11.0, 10.0 ] },
										"east": { "texture": "#stinkhorn", "uv": [ 11.0, 8.5, 12.0, 10.0 ] },
										"south": { "texture": "#stinkhorn", "uv": [ 11.5, 8.0, 12.5, 9.5 ] },
										"west": { "texture": "#stinkhorn", "uv": [ 13.5, 8.5, 14.5, 10.0 ] },
										"up": { "texture": "#stinkhorn", "uv": [ 12.0, 8.5, 13.0, 9.5 ] },
										"down": { "texture": "#stinkhorn", "uv": [ 11.5, 11.0, 12.5, 12.0 ] }
									},
									"children": [
										{
											"name": "Cube11",
											"from": [ -0.2, 1.4, -0.2 ],
											"to": [ 1.5, 2.7, 1.5 ],
											"rotationOrigin": [ -0.2, 1.4, -0.2 ],
											"faces": {
												"north": { "texture": "#stinkhorn", "uv": [ 2.5, 4.0, 4.0, 5.0 ] },
												"east": { "texture": "#stinkhorn", "uv": [ 5.0, 3.5, 6.5, 4.5 ] },
												"south": { "texture": "#stinkhorn", "uv": [ 1.5, 3.0, 3.0, 4.0 ] },
												"west": { "texture": "#stinkhorn", "uv": [ 4.5, 1.5, 6.0, 2.5 ] },
												"up": { "texture": "#stinkhorn", "uv": [ 2.0, 1.5, 3.5, 3.0 ] },
												"down": { "texture": "#stinkhorn", "uv": [ 5.0, 1.5, 6.5, 3.0 ] }
											},
											"children": [
												{
													"name": "Cube12",
													"from": [ 0.15, 1.3, 0.15 ],
													"to": [ 1.55, 1.8, 1.55 ],
													"rotationOrigin": [ 0.1, 1.3, 0.2 ],
													"faces": {
														"north": { "texture": "#stinkhorn", "uv": [ 1.0, 1.0, 2.0, 1.5 ] },
														"east": { "texture": "#stinkhorn", "uv": [ 5.0, 1.5, 6.0, 2.0 ] },
														"south": { "texture": "#stinkhorn", "uv": [ 2.5, 2.0, 3.5, 2.5 ] },
														"west": { "texture": "#stinkhorn", "uv": [ 3.5, 2.0, 4.5, 2.5 ] },
														"up": { "texture": "#stinkhorn", "uv": [ 1.5, 1.0, 2.5, 2.0 ] },
														"down": { "texture": "#stinkhorn", "uv": [ 5.5, 0.5, 6.5, 1.5 ] }
													},
													"children": [
														{
															"name": "Cube13",
															"from": [ 0.2, 0.5, 0.2 ],
															"to": [ 1.2, 1.0, 1.2 ],
															"rotationOrigin": [ 0.15, 0.5, 0.25 ],
															"faces": {
																"north": { "texture": "#stinkhorn", "uv": [ 1.0, 1.5, 2.0, 2.0 ] },
																"east": { "texture": "#stinkhorn", "uv": [ 4.5, 3.5, 5.5, 4.0 ] },
																"south": { "texture": "#stinkhorn", "uv": [ 2.5, 1.0, 3.5, 1.5 ] },
																"west": { "texture": "#stinkhorn", "uv": [ 6.0, 1.5, 7.0, 2.0 ] },
																"up": { "texture": "#stinkhorn", "uv": [ 2.5, 2.5, 3.5, 3.5 ] },
																"down": { "texture": "#stinkhorn", "uv": [ 5.0, 2.0, 6.0, 3.0 ] }
															}
														}
													]
												}
											]
										}
									]
								}
							]
						}
					]
				},
				{
					"name": "Cube14",
					"from": [ -1.8, 0.0, 2.0 ],
					"to": [ 0.0, 1.5, 3.8 ],
					"rotationOrigin": [ -1.8, 0.0, 2.0 ],
					"rotationY": 180.0,
					"faces": {
						"north": { "texture": "#stinkhorn", "uv": [ 9.5, 14.0, 11.0, 15.5 ] },
						"east": { "texture": "#stinkhorn", "uv": [ 12.0, 12.0, 13.5, 13.5 ] },
						"south": { "texture": "#stinkhorn", "uv": [ 9.5, 13.0, 11.0, 14.5 ] },
						"west": { "texture": "#stinkhorn", "uv": [ 13.0, 12.5, 14.5, 14.0 ] },
						"up": { "texture": "#stinkhorn", "uv": [ 12.5, 13.0, 14.0, 14.5 ] },
						"down": { "texture": "#stinkhorn", "uv": [ 10.5, 13.0, 12.0, 14.5 ] }
					},
					"children": [
						{
							"name": "Cube15",
							"from": [ 0.2, 1.5, 0.2 ],
							"to": [ 1.6, 3.5, 1.6 ],
							"rotationOrigin": [ 0.2, 1.5, 0.0 ],
							"rotationX": 6.0,
							"faces": {
								"north": { "texture": "#stinkhorn", "uv": [ 8.5, 9.0, 9.5, 11.0 ] },
								"east": { "texture": "#stinkhorn", "uv": [ 10.5, 9.0, 11.5, 11.0 ] },
								"south": { "texture": "#stinkhorn", "uv": [ 13.0, 9.5, 14.0, 11.5 ] },
								"west": { "texture": "#stinkhorn", "uv": [ 13.0, 9.5, 14.0, 11.5 ] },
								"up": { "texture": "#stinkhorn", "uv": [ 11.5, 10.0, 12.5, 11.0 ] },
								"down": { "texture": "#stinkhorn", "uv": [ 11.0, 9.5, 12.0, 10.5 ] }
							},
							"children": [
								{
									"name": "Cube16",
									"from": [ 0.05, 2.0, 0.05 ],
									"to": [ 1.35, 3.5, 1.35 ],
									"rotationOrigin": [ 0.1, 2.0, 0.1 ],
									"rotationX": 6.0,
									"faces": {
										"north": { "texture": "#stinkhorn", "uv": [ 10.0, 8.5, 11.0, 10.0 ] },
										"east": { "texture": "#stinkhorn", "uv": [ 12.0, 8.5, 13.0, 10.0 ] },
										"south": { "texture": "#stinkhorn", "uv": [ 11.5, 8.0, 12.5, 9.5 ] },
										"west": { "texture": "#stinkhorn", "uv": [ 13.0, 8.5, 14.0, 10.0 ] },
										"up": { "texture": "#stinkhorn", "uv": [ 11.5, 9.0, 12.5, 10.0 ] },
										"down": { "texture": "#stinkhorn", "uv": [ 11.5, 9.0, 12.5, 10.0 ] }
									},
									"children": [
										{
											"name": "Cube17",
											"from": [ -0.2, 1.4, -0.2 ],
											"to": [ 1.5, 2.7, 1.5 ],
											"rotationOrigin": [ -0.2, 1.4, -0.2 ],
											"faces": {
												"north": { "texture": "#stinkhorn", "uv": [ 10.5, 1.5, 12.0, 2.5 ] },
												"east": { "texture": "#stinkhorn", "uv": [ 12.0, 3.5, 13.5, 4.5 ] },
												"south": { "texture": "#stinkhorn", "uv": [ 9.5, 2.0, 11.0, 3.0 ] },
												"west": { "texture": "#stinkhorn", "uv": [ 13.5, 1.5, 15.0, 2.5 ] },
												"up": { "texture": "#stinkhorn", "uv": [ 11.0, 2.5, 12.5, 4.0 ] },
												"down": { "texture": "#stinkhorn", "uv": [ 12.5, 2.0, 14.0, 3.5 ] }
											},
											"children": [
												{
													"name": "Cube18",
													"from": [ 0.15, 1.3, 0.15 ],
													"to": [ 1.55, 1.8, 1.55 ],
													"rotationOrigin": [ 0.1, 1.3, 0.2 ],
													"faces": {
														"north": { "texture": "#stinkhorn", "uv": [ 9.5, 3.0, 10.5, 3.5 ] },
														"east": { "texture": "#stinkhorn", "uv": [ 13.0, 3.0, 14.0, 3.5 ] },
														"south": { "texture": "#stinkhorn", "uv": [ 10.5, 4.0, 11.5, 4.5 ] },
														"west": { "texture": "#stinkhorn", "uv": [ 12.0, 4.0, 13.0, 4.5 ] },
														"up": { "texture": "#stinkhorn", "uv": [ 11.5, 2.5, 12.5, 3.5 ] },
														"down": { "texture": "#stinkhorn", "uv": [ 11.5, 1.5, 12.5, 2.5 ] }
													},
													"children": [
														{
															"name": "Cube19",
															"from": [ 0.2, 0.5, 0.2 ],
															"to": [ 1.2, 1.0, 1.2 ],
															"rotationOrigin": [ 0.15, 0.5, 0.25 ],
															"faces": {
																"north": { "texture": "#stinkhorn", "uv": [ 13.0, 2.5, 14.0, 3.0 ] },
																"east": { "texture": "#stinkhorn", "uv": [ 9.0, 3.5, 10.0, 4.0 ] },
																"south": { "texture": "#stinkhorn", "uv": [ 13.5, 3.0, 14.5, 3.5 ] },
																"west": { "texture": "#stinkhorn", "uv": [ 11.5, 2.5, 12.5, 3.0 ] },
																"up": { "texture": "#stinkhorn", "uv": [ 11.5, 3.0, 12.5, 4.0 ] },
																"down": { "texture": "#stinkhorn", "uv": [ 12.5, 4.5, 13.5, 5.5 ] }
															}
														}
													]
												}
											]
										}
									]
								}
							]
						}
					]
				},
				{
					"name": "Cube22",
					"from": [ 3.0, -0.3, -1.0 ],
					"to": [ 4.5, 0.7, 0.5 ],
					"rotationOrigin": [ 3.0, -0.3, -1.0 ],
					"rotationX": 11.0,
					"rotationY": 58.0,
					"faces": {
						"north": { "texture": "#stinkhorn", "uv": [ 12.0, 12.5, 13.5, 13.5 ] },
						"east": { "texture": "#stinkhorn", "uv": [ 10.5, 12.5, 12.0, 13.5 ] },
						"south": { "texture": "#stinkhorn", "uv": [ 12.0, 12.5, 13.5, 13.5 ] },
						"west": { "texture": "#stinkhorn", "uv": [ 10.0, 12.0, 11.5, 13.0 ] },
						"up": { "texture": "#stinkhorn", "uv": [ 10.5, 12.0, 12.0, 13.5 ] },
						"down": { "texture": "#stinkhorn", "uv": [ 12.5, 11.0, 14.0, 12.5 ] }
					},
					"children": [
						{
							"name": "Cube23",
							"from": [ 0.25, 1.0, 0.25 ],
							"to": [ 1.25, 1.25, 1.25 ],
							"rotationOrigin": [ 0.3, 1.0, 0.5 ],
							"faces": {
								"north": { "texture": "#stinkhorn", "uv": [ 9.5, 14.0, 10.5, 14.5 ] },
								"east": { "texture": "#stinkhorn", "uv": [ 12.5, 14.0, 13.5, 14.5 ] },
								"south": { "texture": "#stinkhorn", "uv": [ 8.5, 14.0, 9.5, 14.5 ] },
								"west": { "texture": "#stinkhorn", "uv": [ 11.5, 14.0, 12.5, 14.5 ] },
								"up": { "texture": "#stinkhorn", "uv": [ 11.5, 14.5, 12.5, 15.5 ] },
								"down": { "texture": "#stinkhorn", "uv": [ 10.5, 14.0, 11.5, 15.0 ] }
							}
						}
					]
				},
				{
					"name": "Cube24",
					"from": [ 1.0, 0.0, 0.0 ],
					"to": [ 1.8, 0.8, 0.8 ],
					"rotationOrigin": [ 2.0, 0.0, 0.0 ],
					"rotationX": 6.0,
					"rotationY": -25.0,
					"faces": {
						"north": { "texture": "#stinkhorn", "uv": [ 12.0, 12.5, 12.5, 13.0 ] },
						"east": { "texture": "#stinkhorn", "uv": [ 10.5, 12.5, 11.0, 13.0 ] },
						"south": { "texture": "#stinkhorn", "uv": [ 12.0, 12.5, 12.5, 13.0 ] },
						"west": { "texture": "#stinkhorn", "uv": [ 10.0, 12.0, 10.5, 12.5 ] },
						"up": { "texture": "#stinkhorn", "uv": [ 10.5, 12.0, 11.0, 12.5 ] },
						"down": { "texture": "#stinkhorn", "uv": [ 12.5, 11.0, 13.0, 11.5 ] }
					}
				},
				{
					"name": "Cube20",
					"from": [ -2.9, -0.6, 5.0 ],
					"to": [ -1.1, 0.9, 6.8 ],
					"rotationOrigin": [ -2.9, -0.6, 5.0 ],
					"rotationX": 11.0,
					"rotationY": 64.0,
					"faces": {
						"north": { "texture": "#stinkhorn", "uv": [ 9.5, 14.0, 11.0, 15.5 ] },
						"east": { "texture": "#stinkhorn", "uv": [ 12.0, 12.0, 13.5, 13.5 ] },
						"south": { "texture": "#stinkhorn", "uv": [ 9.5, 13.0, 11.0, 14.5 ] },
						"west": { "texture": "#stinkhorn", "uv": [ 13.0, 12.5, 14.5, 14.0 ] },
						"up": { "texture": "#stinkhorn", "uv": [ 12.5, 13.0, 14.0, 14.5 ] },
						"down": { "texture": "#stinkhorn", "uv": [ 10.5, 13.0, 12.0, 14.5 ] }
					},
					"children": [
						{
							"name": "Cube21",
							"from": [ 0.2, 1.3, 0.2 ],
							"to": [ 1.6, 3.3, 1.6 ],
							"rotationOrigin": [ 0.2, 1.3, 0.0 ],
							"rotationX": 6.0,
							"faces": {
								"north": { "texture": "#stinkhorn", "uv": [ 8.5, 9.0, 9.5, 11.0 ] },
								"east": { "texture": "#stinkhorn", "uv": [ 10.5, 9.0, 11.5, 11.0 ] },
								"south": { "texture": "#stinkhorn", "uv": [ 13.0, 9.5, 14.0, 11.5 ] },
								"west": { "texture": "#stinkhorn", "uv": [ 13.0, 9.5, 14.0, 11.5 ] },
								"up": { "texture": "#stinkhorn", "uv": [ 11.5, 10.0, 12.5, 11.0 ] },
								"down": { "texture": "#stinkhorn", "uv": [ 11.0, 9.5, 12.0, 10.5 ] }
							},
							"children": [
								{
									"name": "Cube25",
									"from": [ 0.05, 1.8, 0.05 ],
									"to": [ 1.35, 3.3, 1.35 ],
									"rotationOrigin": [ 0.1, 1.8, 0.1 ],
									"rotationX": 6.0,
									"faces": {
										"north": { "texture": "#stinkhorn", "uv": [ 10.0, 8.5, 11.0, 10.0 ] },
										"east": { "texture": "#stinkhorn", "uv": [ 12.0, 8.5, 13.0, 10.0 ] },
										"south": { "texture": "#stinkhorn", "uv": [ 11.5, 8.0, 12.5, 9.5 ] },
										"west": { "texture": "#stinkhorn", "uv": [ 13.0, 8.5, 14.0, 10.0 ] },
										"up": { "texture": "#stinkhorn", "uv": [ 11.5, 9.0, 12.5, 10.0 ] },
										"down": { "texture": "#stinkhorn", "uv": [ 11.5, 9.0, 12.5, 10.0 ] }
									},
									"children": [
										{
											"name": "Cube26",
											"from": [ -0.2, 1.4, -0.2 ],
											"to": [ 1.5, 2.7, 1.5 ],
											"rotationOrigin": [ -0.2, 1.4, -0.2 ],
											"faces": {
												"north": { "texture": "#stinkhorn", "uv": [ 10.5, 1.5, 12.0, 2.5 ] },
												"east": { "texture": "#stinkhorn", "uv": [ 12.0, 3.5, 13.5, 4.5 ] },
												"south": { "texture": "#stinkhorn", "uv": [ 9.5, 2.0, 11.0, 3.0 ] },
												"west": { "texture": "#stinkhorn", "uv": [ 13.5, 1.5, 15.0, 2.5 ] },
												"up": { "texture": "#stinkhorn", "uv": [ 11.0, 2.5, 12.5, 4.0 ] },
												"down": { "texture": "#stinkhorn", "uv": [ 12.5, 2.0, 14.0, 3.5 ] }
											},
											"children": [
												{
													"name": "Cube27",
													"from": [ 0.15, 1.3, 0.15 ],
													"to": [ 1.55, 1.8, 1.55 ],
													"rotationOrigin": [ 0.1, 1.3, 0.2 ],
													"faces": {
														"north": { "texture": "#stinkhorn", "uv": [ 9.5, 3.0, 10.5, 3.5 ] },
														"east": { "texture": "#stinkhorn", "uv": [ 13.0, 3.0, 14.0, 3.5 ] },
														"south": { "texture": "#stinkhorn", "uv": [ 10.5, 4.0, 11.5, 4.5 ] },
														"west": { "texture": "#stinkhorn", "uv": [ 12.0, 4.0, 13.0, 4.5 ] },
														"up": { "texture": "#stinkhorn", "uv": [ 11.5, 2.5, 12.5, 3.5 ] },
														"down": { "texture": "#stinkhorn", "uv": [ 11.5, 1.5, 12.5, 2.5 ] }
													},
													"children": [
														{
															"name": "Cube28",
															"from": [ 0.2, 0.5, 0.2 ],
															"to": [ 1.2, 1.0, 1.2 ],
															"rotationOrigin": [ 0.15, 0.5, 0.25 ],
															"faces": {
																"north": { "texture": "#stinkhorn", "uv": [ 13.0, 2.5, 14.0, 3.0 ] },
																"east": { "texture": "#stinkhorn", "uv": [ 9.0, 3.5, 10.0, 4.0 ] },
																"south": { "texture": "#stinkhorn", "uv": [ 13.5, 3.0, 14.5, 3.5 ] },
																"west": { "texture": "#stinkhorn", "uv": [ 11.5, 2.5, 12.5, 3.0 ] },
																"up": { "texture": "#stinkhorn", "uv": [ 11.5, 3.0, 12.5, 4.0 ] },
																"down": { "texture": "#stinkhorn", "uv": [ 12.5, 4.5, 13.5, 5.5 ] }
															}
														}
													]
												}
											]
										}
									]
								}
							]
						}
					]
				}
			]
		}
	]}