{
  "code": "ovencontrollerplain",
  "class": "OvenController",
  "entityClass": "OvenController",
  "behaviors": [
    {
      "name": "HorizontalOrientable"
    }
  ],
  "variantgroups": [
    {
      "code": "rock",
      "states": [ "andesite", "chalk", "chert", "conglomerate", "limestone", "claystone", "granite", "sandstone", "shale", "basalt", "peridotite", "phyllite", "slate", "bauxite", "kimberlite", "suevite", "whitemarble", "redmarble", "greenmarble" ]
    },
    {
      "code": "burnstate",
      "states": [
        "extinct",
        "lit",
        "cold"
      ]
    },
    {
      "code": "side",
      "loadFromProperties": "abstract/horizontalorientation"
    }
  ],
  "attributes": {
    "handbook": {
      "groupBy": [
        "ovencontrollerplain-*"
      ]
    }
  },
  "creativeinventory": {
    "general": [
      "*-extinct-east"
    ]
  },
  "shape": {
    "base": "ovencontroller",
    "rotateYByType": {
      "*-north": 90,
      "*-east": 0,
      "*-south": 270,
      "*-west": 180
    }
  },
  "blockmaterial": "Stone",
  "textures": {
    "rock": { "base": "game:block/stone/rock/{rock}*" },
    "ceramic": { "base": "game:block/clay/ceramic" },
    "tinder": { "base": "game:block/hay/normal-side" },
    "log": { "base": "game:block/wood/firepit/log" },
    "birch": { "base": "game:block/wood/debarked/birch" },
    "charred": { "base": "game:block/wood/charred" },
    "ashes": { "base": "game:block/wood/firepit/ground" },
    "aged": { "base": "game:block/wood/debarked/aged" },
    "fire": { "base": "game:block/wood/firepit/fire" },
    "walnut-h": { "base": "game:block/wood/bark/walnut-h" },
    "ember": { "base": "game:block/coal/ember" }
  },
  "sidesolid": {
    "all": false
  },
  "sideopaque": {
    "all": false
  },
  "lightAbsorption": 1,
  "maxStackSize": 1,
  "lightHsvByType": {
    "*-extinct-*": [
      7,
      7,
      2
    ],
    "*-lit-*": [
      7,
      7,
      13
    ]
  },
  "particlePropertiesByType": {
    "*-lit-*": [
      {
        "__comment": "Ember cubicles",
        "hsvaColor": [
          {
            "avg": 30,
            "var": 20
          },
          {
            "avg": 255,
            "var": 50
          },
          {
            "avg": 255,
            "var": 50
          },
          {
            "avg": 255,
            "var": 0
          }
        ],
        "gravityEffect": {
          "dist": "invexp",
          "avg": -0.1,
          "var": 0.4
        },
        "posOffset": [
          {
            "avg": 0,
            "var": 0.2
          },
          {
            "avg": -0.7,
            "var": 0
          },
          {
            "avg": 0,
            "var": 0.2
          }
        ],
        "velocity": [
          {
            "avg": 0,
            "var": 0.15
          },
          {
            "avg": 0.5,
            "var": 0.1
          },
          {
            "avg": 0,
            "var": 0.15
          }
        ],
        "quantity": {
          "avg": 0.015
        },
        "size": {
          "avg": 0.4,
          "var": 0
        },
        "sizeEvolve": {
          "transform": "quadratic",
          "factor": -0.7
        },
        "lifeLength": {
          "avg": 1.5
        },
        "vertexFlags": 128,
        "windAffectednes": 0.2
      },
      {
        "__comment": "Smoke quads",
        "hsvaColor": [
          {
            "avg": 0,
            "var": 0
          },
          {
            "avg": 0,
            "var": 0
          },
          {
            "avg": 100,
            "var": 30
          },
          {
            "avg": 180,
            "var": 50
          }
        ],
        "opacityEvolve": {
          "transform": "linear",
          "factor": -255
        },
        "gravityEffect": {
          "avg": 0,
          "var": 0
        },
        "posOffset": [
          {
            "avg": 0,
            "var": 0.2
          },
          {
            "avg": 0,
            "var": 0
          },
          {
            "avg": 0,
            "var": 0.2
          }
        ],
        "velocity": [
          {
            "avg": 0,
            "var": 0.025
          },
          {
            "avg": 0.2,
            "var": 0.05
          },
          {
            "avg": 0,
            "var": 0.025
          }
        ],
        "quantity": {
          "avg": 0.08
        },
        "size": {
          "avg": 0.6,
          "var": 0.1
        },
        "sizeEvolve": {
          "transform": "linear",
          "factor": 1.5
        },
        "particleModel": "Quad",
        "lifeLength": {
          "avg": 18
        },
        "selfPropelled": true,
        "windAffectednes": 0.7
      },
      {
        "__comment": "Fire quads",
        "hsvaColor": [
          {
            "avg": 20,
            "var": 20
          },
          {
            "avg": 255,
            "var": 50
          },
          {
            "avg": 255,
            "var": 50
          },
          {
            "avg": 255,
            "var": 0
          }
        ],
        "opacityEvolve": {
          "transform": "quadratic",
          "factor": -16
        },
        "gravityEffect": {
          "avg": 0,
          "var": 0
        },
        "posOffset": [
          {
            "avg": 0,
            "var": 0.1
          },
          {
            "avg": -0.7,
            "var": 0
          },
          {
            "avg": 0,
            "var": 0.1
          }
        ],
        "velocity": [
          {
            "avg": 0,
            "var": 0.1
          },
          {
            "avg": 0.125,
            "var": 0.05
          },
          {
            "avg": 0,
            "var": 0.1
          }
        ],
        "quantity": {
          "avg": 0.5
        },
        "size": {
          "avg": 0.25,
          "var": 0.05
        },
        "lifeLength": {
          "avg": 0.5
        },
        "sizeEvolve": {
          "transform": "linear",
          "factor": 0.5
        },
        "particleModel": "Quad",
        "vertexFlags": 128,
        "windAffectednes": 0.7
      }
    ]
  }
}