{
  "$schema": "https://mods.vintagestory.at/web/schema/modinfo.v2.rc3.json",
  "type": "Code",
  "side": "Universal",
  "name": "Knapster",
  "modId": "knapster",
  "version": "3.0.2",
  "description": "Easier crafting and gathering, for those with low manual dexterity.",
  "authors": [
    "ApacheTech Solutions"
  ],
  "contributors": [
    "Apache"
  ],
  "website": "https://apachegaming.net",
  "requiredOnClient": true,
  "requiredOnServer": true,
  "networkVersion": "1.0.0",
  "dependencies": {
    "game": "1.21.5"
  }
}