{
	"editor": {
		"allAngles": false,
		"entityTextureMode": true
	},
	"textureWidth": 16,
	"textureHeight": 16,
	"textureSizes": {
		"alchemist": [16,16]
	},
	"textures": {
		"alchemist": "entity/humanoid/villagerclothes/foot/alchemist"
	},
	"elements": [
		{
			"name": "ShoeR",
			"stepParentName": "PawR",
			"from": [ -0.1, -0.1, -0.1 ],
			"to": [ 3.1, 0.9, 3.1 ],
			"autoUnwrap": false,
			"uv": [ 0.0, 4.0 ],
			"rotationOrigin": [ 0.0, 0.0, 2.0 ],
			"faces": {
				"north": { "texture": "#alchemist", "uv": [ 0.0, 15.0, 3.0, 16.0 ] },
				"east": { "texture": "#alchemist", "uv": [ 11.0, 15.0, 14.0, 16.0 ] },
				"south": { "texture": "#alchemist", "uv": [ 7.0, 15.0, 10.0, 16.0 ] },
				"west": { "texture": "#alchemist", "uv": [ 4.0, 15.0, 7.0, 16.0 ] },
				"up": { "texture": "#alchemist", "uv": [ 6.0, 0.0, 9.0, 3.0 ], "rotation": 90 },
				"down": { "texture": "#alchemist", "uv": [ 13.0, 0.0, 16.0, 3.0 ], "rotation": 90 }
			},
			"children": [
				{
					"name": "BandFrontR",
					"from": [ 0.0, 2.0, 0.0 ],
					"to": [ 0.3, 2.5, 3.2 ],
					"autoUnwrap": false,
					"uv": [ 0.0, 10.5 ],
					"rotationOrigin": [ 0.0, 2.0, 2.0 ],
					"rotationZ": 2.0,
					"faces": {
						"north": { "texture": "#alchemist", "uv": [ 4.0, 13.0, 4.5, 13.5 ] },
						"east": { "texture": "#alchemist", "uv": [ 4.0, 11.5, 7.0, 12.0 ] },
						"south": { "texture": "#alchemist", "uv": [ 6.5, 13.0, 7.0, 13.5 ] },
						"west": { "texture": "#alchemist", "uv": [ 4.0, 13.0, 7.0, 13.5 ] },
						"up": { "texture": "#alchemist", "uv": [ 4.0, 12.5, 7.0, 13.0 ], "rotation": 90 },
						"down": { "texture": "#alchemist", "uv": [ 4.0, 13.5, 7.0, 14.0 ], "rotation": 90 }
					}
				},
				{
					"name": "BandBackR",
					"from": [ 2.9, 2.0, 0.0 ],
					"to": [ 3.2, 2.5, 3.2 ],
					"autoUnwrap": false,
					"uv": [ 5.5, 4.0 ],
					"rotationOrigin": [ 3.2, 2.0, 2.0 ],
					"rotationZ": -2.0,
					"faces": {
						"north": { "texture": "#alchemist", "uv": [ 13.5, 13.0, 14.0, 13.5 ] },
						"east": { "texture": "#alchemist", "uv": [ 11.0, 13.0, 14.0, 13.5 ] },
						"south": { "texture": "#alchemist", "uv": [ 11.0, 13.0, 11.5, 13.5 ] },
						"west": { "texture": "#alchemist", "uv": [ 11.0, 11.5, 14.0, 12.0 ] },
						"up": { "texture": "#alchemist", "uv": [ 11.0, 12.5, 14.0, 13.0 ], "rotation": 90 },
						"down": { "texture": "#alchemist", "uv": [ 11.0, 13.5, 14.0, 14.0 ], "rotation": 90 }
					}
				},
				{
					"name": "BandNR",
					"from": [ 0.1, 2.0, 0.0 ],
					"to": [ 3.1, 2.5, 0.3 ],
					"autoUnwrap": false,
					"uv": [ 0.0, 7.0 ],
					"rotationOrigin": [ 2.1, 2.0, 0.0 ],
					"rotationX": -3.0,
					"faces": {
						"north": { "texture": "#alchemist", "uv": [ 7.0, 13.0, 10.0, 13.5 ] },
						"east": { "texture": "#alchemist", "uv": [ 10.5, 13.0, 11.0, 13.5 ] },
						"south": { "texture": "#alchemist", "uv": [ 7.0, 11.5, 10.0, 12.0 ], "windMode": [-1,-1,-1,-1] },
						"west": { "texture": "#alchemist", "uv": [ 7.0, 13.0, 7.5, 13.5 ], "windMode": [-1,-1,-1,-1] },
						"up": { "texture": "#alchemist", "uv": [ 7.0, 12.5, 10.0, 13.0 ] },
						"down": { "texture": "#alchemist", "uv": [ 7.0, 13.5, 10.0, 14.0 ] }
					}
				},
				{
					"name": "BandSR",
					"from": [ 0.1, 2.0, 2.9 ],
					"to": [ 3.1, 2.5, 3.2 ],
					"autoUnwrap": false,
					"uv": [ 0.0, 7.0 ],
					"rotationOrigin": [ 2.1, 2.0, 3.2 ],
					"rotationX": 3.0,
					"faces": {
						"north": { "texture": "#alchemist", "uv": [ 0.0, 11.5, 3.0, 12.0 ], "windMode": [-1,-1,-1,-1] },
						"east": { "texture": "#alchemist", "uv": [ 0.0, 13.0, 0.5, 13.5 ] },
						"south": { "texture": "#alchemist", "uv": [ 0.0, 13.0, 3.0, 13.5 ] },
						"west": { "texture": "#alchemist", "uv": [ 3.5, 13.0, 4.0, 13.5 ] },
						"up": { "texture": "#alchemist", "uv": [ 0.0, 12.5, 3.0, 13.0 ] },
						"down": { "texture": "#alchemist", "uv": [ 0.0, 13.5, 3.0, 14.0 ] }
					}
				},
				{
					"name": "StrapNR",
					"from": [ 1.5, 1.0, 0.0 ],
					"to": [ 2.5, 2.0, 0.2 ],
					"autoUnwrap": false,
					"uv": [ 1.0, 5.0 ],
					"rotationOrigin": [ 2.0, 1.0, 0.0 ],
					"faces": {
						"north": { "texture": "#alchemist", "uv": [ 1.5, 14.0, 2.5, 15.0 ] },
						"east": { "texture": "#alchemist", "uv": [ 1.0, 10.5, 1.5, 11.5 ] },
						"south": { "texture": "#alchemist", "uv": [ 1.5, 10.5, 2.5, 11.5 ] },
						"west": { "texture": "#alchemist", "uv": [ 2.5, 10.5, 3.0, 11.5 ] }
					}
				},
				{
					"name": "StrapSR",
					"from": [ 1.5, 1.0, 3.0 ],
					"to": [ 2.5, 2.0, 3.2 ],
					"autoUnwrap": false,
					"uv": [ 6.5, 5.0 ],
					"rotationOrigin": [ 2.0, 1.0, 3.2 ],
					"faces": {
						"north": { "texture": "#alchemist", "uv": [ 8.5, 10.5, 9.5, 11.5 ] },
						"east": { "texture": "#alchemist", "uv": [ 9.5, 10.5, 10.0, 11.5 ] },
						"south": { "texture": "#alchemist", "uv": [ 8.5, 14.0, 9.5, 15.0 ] },
						"west": { "texture": "#alchemist", "uv": [ 8.0, 10.5, 8.5, 11.5 ] }
					}
				},
				{
					"name": "stringFrontR1",
					"from": [ -0.1, 0.7, 0.3 ],
					"to": [ 0.1, 1.0, 3.3 ],
					"autoUnwrap": false,
					"uv": [ 0.5, 1.0 ],
					"rotationOrigin": [ 0.0, 0.7, 0.3 ],
					"rotationX": -30.0,
					"rotationZ": 1.0,
					"faces": {
						"north": { "texture": "#alchemist", "uv": [ 0.5, 0.0, 1.0, 0.5 ] },
						"east": { "texture": "#alchemist", "uv": [ 1.0, 0.0, 1.5, 3.0 ], "rotation": 90 },
						"south": { "texture": "#alchemist", "uv": [ 1.5, 2.5, 2.0, 3.0 ] },
						"west": { "texture": "#alchemist", "uv": [ 1.5, 0.0, 2.0, 3.0 ], "rotation": 90 },
						"up": { "texture": "#alchemist", "uv": [ 0.0, 0.0, 0.5, 3.0 ] },
						"down": { "texture": "#alchemist", "uv": [ 0.5, 0.0, 1.0, 3.0 ] }
					}
				},
				{
					"name": "stringFrontR2",
					"from": [ -0.1, 0.7, -0.1 ],
					"to": [ 0.1, 1.0, 2.9 ],
					"autoUnwrap": false,
					"uv": [ 1.0, 1.5 ],
					"rotationOrigin": [ 0.0, 0.7, 2.9 ],
					"rotationX": 30.0,
					"rotationZ": -2.0,
					"faces": {
						"north": { "texture": "#alchemist", "uv": [ 0.0, 2.5, 0.5, 3.0 ] },
						"east": { "texture": "#alchemist", "uv": [ 0.0, 0.0, 0.5, 3.0 ], "rotation": 90 },
						"south": { "texture": "#alchemist", "uv": [ 1.0, 0.0, 1.5, 0.5 ] },
						"west": { "texture": "#alchemist", "uv": [ 1.5, 0.0, 2.0, 3.0 ], "rotation": 90 },
						"up": { "texture": "#alchemist", "uv": [ 0.0, 0.0, 0.5, 3.0 ] },
						"down": { "texture": "#alchemist", "uv": [ 1.0, 0.0, 1.5, 3.0 ] }
					}
				},
				{
					"name": "FlapBackR",
					"from": [ 3.0, 1.0, 0.6 ],
					"to": [ 3.2, 1.5, 2.6 ],
					"autoUnwrap": false,
					"uv": [ 8.0, 7.0 ],
					"rotationOrigin": [ 3.2, 1.0, 1.6 ],
					"rotationZ": -2.0,
					"faces": {
						"north": { "texture": "#alchemist", "uv": [ 13.0, 14.5, 13.5, 15.0 ] },
						"east": { "texture": "#alchemist", "uv": [ 11.5, 14.5, 13.5, 15.0 ] },
						"south": { "texture": "#alchemist", "uv": [ 11.5, 14.5, 12.0, 15.0 ] },
						"west": { "texture": "#alchemist", "uv": [ 11.5, 11.0, 13.5, 11.5 ] },
						"up": { "texture": "#alchemist", "uv": [ 11.5, 14.0, 13.5, 14.5 ], "rotation": 90 }
					}
				}
			]
		},
		{
			"name": "ShoeL",
			"stepParentName": "PawL",
			"from": [ -0.1, -0.1, -0.1 ],
			"to": [ 3.1, 0.9, 3.1 ],
			"autoUnwrap": false,
			"uv": [ 0.0, 6.5 ],
			"rotationOrigin": [ 0.0, 0.0, 2.0 ],
			"faces": {
				"north": { "texture": "#alchemist", "uv": [ 0.0, 9.5, 3.0, 10.5 ] },
				"east": { "texture": "#alchemist", "uv": [ 11.0, 9.5, 14.0, 10.5 ] },
				"south": { "texture": "#alchemist", "uv": [ 7.0, 9.5, 10.0, 10.5 ] },
				"west": { "texture": "#alchemist", "uv": [ 4.0, 9.5, 7.0, 10.5 ] },
				"up": { "texture": "#alchemist", "uv": [ 2.5, 0.0, 5.5, 3.0 ], "rotation": 90 },
				"down": { "texture": "#alchemist", "uv": [ 9.5, 0.0, 12.5, 3.0 ], "rotation": 90 }
			},
			"children": [
				{
					"name": "BandFrontL",
					"from": [ 0.0, 2.0, 0.0 ],
					"to": [ 0.3, 2.5, 3.2 ],
					"autoUnwrap": false,
					"uv": [ 0.0, 4.5 ],
					"rotationOrigin": [ 0.0, 2.0, 2.0 ],
					"rotationZ": 2.0,
					"faces": {
						"north": { "texture": "#alchemist", "uv": [ 4.0, 7.5, 4.5, 8.0 ] },
						"east": { "texture": "#alchemist", "uv": [ 4.0, 6.0, 7.0, 6.5 ] },
						"south": { "texture": "#alchemist", "uv": [ 6.5, 7.5, 7.0, 8.0 ] },
						"west": { "texture": "#alchemist", "uv": [ 4.0, 7.5, 7.0, 8.0 ] },
						"up": { "texture": "#alchemist", "uv": [ 4.0, 7.0, 7.0, 7.5 ], "rotation": 90 },
						"down": { "texture": "#alchemist", "uv": [ 4.0, 8.0, 7.0, 8.5 ], "rotation": 90 }
					}
				},
				{
					"name": "BandBackL",
					"from": [ 2.9, 2.0, 0.0 ],
					"to": [ 3.2, 2.5, 3.2 ],
					"autoUnwrap": false,
					"uv": [ 1.0, 2.0 ],
					"rotationOrigin": [ 3.2, 2.0, 2.0 ],
					"rotationZ": -2.0,
					"faces": {
						"north": { "texture": "#alchemist", "uv": [ 13.5, 7.5, 14.0, 8.0 ] },
						"east": { "texture": "#alchemist", "uv": [ 11.0, 7.5, 14.0, 8.0 ] },
						"south": { "texture": "#alchemist", "uv": [ 11.0, 7.5, 11.5, 8.0 ] },
						"west": { "texture": "#alchemist", "uv": [ 11.0, 6.0, 14.0, 6.5 ] },
						"up": { "texture": "#alchemist", "uv": [ 11.0, 7.0, 14.0, 7.5 ], "rotation": 90 },
						"down": { "texture": "#alchemist", "uv": [ 11.0, 8.0, 14.0, 8.5 ], "rotation": 90 }
					}
				},
				{
					"name": "BandNL",
					"from": [ 0.1, 2.0, 0.0 ],
					"to": [ 3.1, 2.5, 0.3 ],
					"autoUnwrap": false,
					"uv": [ 0.0, 4.5 ],
					"rotationOrigin": [ 2.1, 2.0, 0.0 ],
					"rotationX": -3.0,
					"faces": {
						"north": { "texture": "#alchemist", "uv": [ 0.0, 7.5, 3.0, 8.0 ] },
						"east": { "texture": "#alchemist", "uv": [ 0.0, 7.5, 0.5, 8.0 ] },
						"south": { "texture": "#alchemist", "uv": [ 0.0, 6.0, 3.0, 6.5 ] },
						"west": { "texture": "#alchemist", "uv": [ 3.5, 7.5, 4.0, 8.0 ] },
						"up": { "texture": "#alchemist", "uv": [ 0.0, 7.0, 3.0, 7.5 ] },
						"down": { "texture": "#alchemist", "uv": [ 0.0, 8.0, 3.0, 8.5 ] }
					}
				},
				{
					"name": "BandSL",
					"from": [ 0.1, 2.0, 2.9 ],
					"to": [ 3.1, 2.5, 3.2 ],
					"autoUnwrap": false,
					"uv": [ 2.0, 4.5 ],
					"rotationOrigin": [ 2.1, 2.0, 3.2 ],
					"rotationX": 3.0,
					"faces": {
						"north": { "texture": "#alchemist", "uv": [ 7.0, 6.0, 10.0, 6.5 ] },
						"east": { "texture": "#alchemist", "uv": [ 10.5, 7.5, 11.0, 8.0 ] },
						"south": { "texture": "#alchemist", "uv": [ 7.0, 7.5, 10.0, 8.0 ] },
						"west": { "texture": "#alchemist", "uv": [ 7.0, 7.5, 7.5, 8.0 ] },
						"up": { "texture": "#alchemist", "uv": [ 7.0, 7.0, 10.0, 7.5 ] },
						"down": { "texture": "#alchemist", "uv": [ 7.0, 8.0, 10.0, 8.5 ] }
					}
				},
				{
					"name": "StrapNL",
					"from": [ 1.5, 1.0, 0.0 ],
					"to": [ 2.5, 2.0, 0.2 ],
					"autoUnwrap": false,
					"uv": [ 0.0, 4.0 ],
					"rotationOrigin": [ 2.0, 1.0, 0.0 ],
					"faces": {
						"north": { "texture": "#alchemist", "uv": [ 1.5, 8.5, 2.5, 9.5 ] },
						"east": { "texture": "#alchemist", "uv": [ 1.0, 5.0, 1.5, 6.0 ] },
						"south": { "texture": "#alchemist", "uv": [ 1.5, 5.0, 2.5, 6.0 ] },
						"west": { "texture": "#alchemist", "uv": [ 2.5, 5.0, 3.0, 6.0 ] }
					}
				},
				{
					"name": "StrapSL",
					"from": [ 1.5, 1.0, 3.0 ],
					"to": [ 2.5, 2.0, 3.2 ],
					"autoUnwrap": false,
					"uv": [ 7.0, 4.5 ],
					"rotationOrigin": [ 2.0, 1.0, 3.2 ],
					"faces": {
						"north": { "texture": "#alchemist", "uv": [ 8.5, 5.0, 9.5, 6.0 ] },
						"east": { "texture": "#alchemist", "uv": [ 9.5, 5.0, 10.0, 6.0 ] },
						"south": { "texture": "#alchemist", "uv": [ 8.5, 8.5, 9.5, 9.5 ] },
						"west": { "texture": "#alchemist", "uv": [ 8.0, 5.0, 8.5, 6.0 ] }
					}
				},
				{
					"name": "stringFrontL1",
					"from": [ -0.1, 0.7, 0.3 ],
					"to": [ 0.1, 1.0, 3.3 ],
					"autoUnwrap": false,
					"uv": [ 4.5, 2.0 ],
					"rotationOrigin": [ 0.0, 0.7, 0.3 ],
					"rotationX": -30.0,
					"rotationZ": -1.0,
					"faces": {
						"north": { "texture": "#alchemist", "uv": [ 0.5, 2.5, 1.0, 3.0 ] },
						"east": { "texture": "#alchemist", "uv": [ 0.0, 0.0, 0.5, 3.0 ], "rotation": 90 },
						"south": { "texture": "#alchemist", "uv": [ 1.5, 0.0, 2.0, 0.5 ], "windMode": [-1,-1,-1,-1] },
						"west": { "texture": "#alchemist", "uv": [ 0.5, 0.0, 1.0, 3.0 ], "rotation": 90 },
						"up": { "texture": "#alchemist", "uv": [ 1.5, 0.0, 2.0, 3.0 ] },
						"down": { "texture": "#alchemist", "uv": [ 1.0, 0.0, 1.5, 3.0 ] }
					}
				},
				{
					"name": "stringFrontL2",
					"from": [ -0.1, 0.7, -0.1 ],
					"to": [ 0.1, 1.0, 2.9 ],
					"autoUnwrap": false,
					"uv": [ 4.0, 1.5 ],
					"rotationOrigin": [ 0.0, 0.7, 2.9 ],
					"rotationX": 30.0,
					"rotationZ": 2.0,
					"faces": {
						"north": { "texture": "#alchemist", "uv": [ 0.0, 0.0, 0.5, 0.5 ] },
						"east": { "texture": "#alchemist", "uv": [ 0.5, 0.0, 1.0, 3.0 ], "rotation": 90 },
						"south": { "texture": "#alchemist", "uv": [ 1.5, 2.5, 2.0, 3.0 ] },
						"west": { "texture": "#alchemist", "uv": [ 1.0, 0.0, 1.5, 3.0 ], "rotation": 90 },
						"up": { "texture": "#alchemist", "uv": [ 1.5, 0.0, 2.0, 3.0 ] },
						"down": { "texture": "#alchemist", "uv": [ 0.0, 0.0, 0.5, 3.0 ] }
					}
				},
				{
					"name": "FlapBackL",
					"from": [ 3.0, 1.0, 0.6 ],
					"to": [ 3.2, 1.5, 2.6 ],
					"autoUnwrap": false,
					"uv": [ 5.5, 4.5 ],
					"rotationOrigin": [ 3.2, 1.0, 1.6 ],
					"rotationZ": -2.0,
					"faces": {
						"north": { "texture": "#alchemist", "uv": [ 13.0, 9.0, 13.5, 9.5 ] },
						"east": { "texture": "#alchemist", "uv": [ 11.5, 9.0, 13.5, 9.5 ] },
						"south": { "texture": "#alchemist", "uv": [ 11.5, 9.0, 12.0, 9.5 ] },
						"west": { "texture": "#alchemist", "uv": [ 11.5, 5.5, 13.5, 6.0 ] },
						"up": { "texture": "#alchemist", "uv": [ 11.5, 8.5, 13.5, 9.0 ], "rotation": 90 }
					}
				}
			]
		}
	],
	"animations": [
	]
}