{
	"editor": {
		"allAngles": false,
		"entityTextureMode": true
	},
	"textureWidth": 16,
	"textureHeight": 16,
	"textureSizes": {
		"barber": [16,16]
	},
	"textures": {
		"barber": "entity/humanoid/villagerclothes/foot/barber"
	},
	"elements": [
		{
			"name": "shoeR",
			"stepParentName": "PawR",
			"from": [ -0.1, -0.1, -0.1 ],
			"to": [ 3.1, 0.9, 3.1 ],
			"autoUnwrap": false,
			"uv": [ 0.0, 12.0 ],
			"rotationOrigin": [ 2.0, 0.0, 1.5 ],
			"faces": {
				"north": { "texture": "#barber", "uv": [ 0.0, 15.0, 3.0, 16.0 ] },
				"east": { "texture": "#barber", "uv": [ 11.0, 15.0, 14.0, 16.0 ] },
				"south": { "texture": "#barber", "uv": [ 7.0, 15.0, 10.0, 16.0 ] },
				"west": { "texture": "#barber", "uv": [ 4.0, 15.0, 7.0, 16.0 ] },
				"up": { "texture": "#barber", "uv": [ 12.0, 3.0, 15.0, 6.0 ], "windMode": [-1,-1,-1,-1] },
				"down": { "texture": "#barber", "uv": [ 12.0, 0.0, 15.0, 3.0 ], "rotation": 180 }
			},
			"children": [
				{
					"name": "N-foldR",
					"from": [ 0.0, 1.0, 0.0 ],
					"to": [ 3.2, 2.0, 0.2 ],
					"autoUnwrap": false,
					"uv": [ 3.5, 7.5 ],
					"rotationOrigin": [ 0.0, 1.0, 0.0 ],
					"rotationX": -5.0,
					"faces": {
						"north": { "texture": "#barber", "uv": [ 0.0, 14.0, 3.0, 15.0 ] },
						"east": { "texture": "#barber", "uv": [ 0.0, 14.0, 0.5, 15.0 ] },
						"south": { "texture": "#barber", "uv": [ 0.0, 11.5, 3.0, 12.5 ] },
						"west": { "texture": "#barber", "uv": [ 3.5, 14.0, 4.0, 15.0 ] },
						"up": { "texture": "#barber", "uv": [ 0.0, 14.0, 3.0, 14.5 ] }
					},
					"children": [
						{
							"name": "EdgeNR",
							"from": [ -0.1, 1.0, -0.3 ],
							"to": [ 3.3, 1.1, 0.2 ],
							"autoUnwrap": false,
							"uv": [ 7.0, 12.0 ],
							"rotationOrigin": [ 2.0, 1.0, 0.2 ],
							"rotationX": -22.5,
							"faces": {
								"north": { "texture": "#barber", "uv": [ 0.0, 13.5, 3.0, 14.0 ] },
								"east": { "texture": "#barber", "uv": [ 0.0, 13.0, 0.5, 13.5 ] },
								"south": { "texture": "#barber", "uv": [ 0.0, 13.0, 3.0, 13.5 ] },
								"west": { "texture": "#barber", "uv": [ 3.5, 13.0, 4.0, 13.5 ] },
								"up": { "texture": "#barber", "uv": [ 0.0, 13.0, 3.0, 13.5 ] },
								"down": { "texture": "#barber", "uv": [ 0.0, 13.5, 3.0, 14.0 ] }
							}
						}
					]
				},
				{
					"name": "Front-FoldR",
					"from": [ 0.0, 1.0, 0.0 ],
					"to": [ 0.2, 1.5, 3.2 ],
					"autoUnwrap": false,
					"uv": [ 3.0, 9.5 ],
					"rotationOrigin": [ 0.0, 1.0, 2.0 ],
					"rotationZ": 8.0,
					"faces": {
						"north": { "texture": "#barber", "uv": [ 4.0, 14.5, 4.5, 15.0 ] },
						"east": { "texture": "#barber", "uv": [ 4.0, 12.0, 7.0, 12.5 ] },
						"south": { "texture": "#barber", "uv": [ 6.5, 14.5, 7.0, 15.0 ] },
						"west": { "texture": "#barber", "uv": [ 4.0, 14.5, 7.0, 15.0 ] },
						"up": { "texture": "#barber", "uv": [ 4.0, 14.0, 7.0, 14.5 ], "rotation": 90 }
					},
					"children": [
						{
							"name": "Front-FoldR1",
							"from": [ 0.0, 0.4, 0.01 ],
							"to": [ 0.2, 1.4, 1.01 ],
							"autoUnwrap": false,
							"uv": [ 2.0, 3.0 ],
							"rotationOrigin": [ 0.0, 0.4, 0.0 ],
							"rotationY": -2.0,
							"rotationZ": 5.0,
							"faces": {
								"north": { "texture": "#barber", "uv": [ 4.0, 13.0, 4.5, 14.0 ] },
								"east": { "texture": "#barber", "uv": [ 4.0, 11.0, 5.0, 12.0 ] },
								"south": { "texture": "#barber", "uv": [ 4.5, 13.0, 5.0, 14.0 ] },
								"west": { "texture": "#barber", "uv": [ 4.0, 13.0, 5.0, 14.0 ] },
								"up": { "texture": "#barber", "uv": [ 4.0, 13.0, 5.0, 13.5 ], "rotation": 90, "windMode": [-1,-1,-1,-1] }
							}
						},
						{
							"name": "Front-FoldR2",
							"from": [ 0.0, 0.4, 2.19 ],
							"to": [ 0.2, 1.4, 3.19 ],
							"autoUnwrap": false,
							"uv": [ 2.0, 3.0 ],
							"rotationOrigin": [ 0.0, 0.5, 3.2 ],
							"rotationY": 2.0,
							"rotationZ": 5.0,
							"faces": {
								"north": { "texture": "#barber", "uv": [ 6.0, 13.0, 6.5, 14.0 ] },
								"east": { "texture": "#barber", "uv": [ 6.0, 11.0, 7.0, 12.0 ], "windMode": [-1,-1,-1,-1] },
								"south": { "texture": "#barber", "uv": [ 6.5, 13.0, 7.0, 14.0 ] },
								"west": { "texture": "#barber", "uv": [ 6.0, 13.0, 7.0, 14.0 ] },
								"up": { "texture": "#barber", "uv": [ 6.0, 13.0, 7.0, 13.5 ], "rotation": 90 }
							}
						},
						{
							"name": "StrapR",
							"from": [ 0.0, 0.9, 0.6 ],
							"to": [ 0.2, 1.1, 2.6 ],
							"autoUnwrap": false,
							"uv": [ 0.0, 0.0 ],
							"rotationOrigin": [ 0.1, 1.0, 2.0 ],
							"rotationZ": -45.0,
							"faces": {
								"north": { "texture": "#barber", "uv": [ 0.0, 0.0, 0.5, 0.5 ] },
								"east": { "texture": "#barber", "uv": [ 0.0, 0.5, 2.0, 1.0 ] },
								"south": { "texture": "#barber", "uv": [ 1.5, 0.0, 2.0, 0.5 ] },
								"west": { "texture": "#barber", "uv": [ 0.0, 0.0, 2.0, 0.5 ] },
								"up": { "texture": "#barber", "uv": [ 0.0, 0.0, 2.0, 0.5 ], "rotation": 90 },
								"down": { "texture": "#barber", "uv": [ 0.0, 0.5, 2.0, 1.0 ], "rotation": 90, "windMode": [-1,-1,-1,-1] }
							}
						}
					]
				},
				{
					"name": "Back-FoldR",
					"from": [ 3.0, 1.0, 0.0 ],
					"to": [ 3.2, 2.0, 3.2 ],
					"autoUnwrap": false,
					"uv": [ 7.0, 5.0 ],
					"rotationOrigin": [ 3.2, 1.0, 2.0 ],
					"rotationZ": -5.0,
					"faces": {
						"north": { "texture": "#barber", "uv": [ 11.0, 14.0, 11.5, 15.0 ] },
						"east": { "texture": "#barber", "uv": [ 11.0, 14.0, 14.0, 15.0 ] },
						"south": { "texture": "#barber", "uv": [ 13.5, 14.0, 14.0, 15.0 ] },
						"west": { "texture": "#barber", "uv": [ 11.0, 11.5, 14.0, 12.5 ] },
						"up": { "texture": "#barber", "uv": [ 11.0, 14.0, 14.0, 14.5 ], "rotation": 90 }
					},
					"children": [
						{
							"name": "EdgeBackR",
							"from": [ 0.0, 1.0, -0.1 ],
							"to": [ 0.5, 1.1, 3.3 ],
							"autoUnwrap": false,
							"uv": [ 7.0, 9.0 ],
							"rotationOrigin": [ 0.0, 1.0, 1.7 ],
							"rotationZ": -22.5,
							"faces": {
								"north": { "texture": "#barber", "uv": [ 13.5, 13.0, 14.0, 13.5 ] },
								"east": { "texture": "#barber", "uv": [ 11.0, 13.0, 14.0, 13.5 ] },
								"south": { "texture": "#barber", "uv": [ 11.0, 13.0, 11.5, 13.5 ] },
								"west": { "texture": "#barber", "uv": [ 11.0, 13.5, 14.0, 14.0 ] },
								"up": { "texture": "#barber", "uv": [ 11.0, 13.0, 14.0, 13.5 ], "rotation": 90 },
								"down": { "texture": "#barber", "uv": [ 11.0, 13.5, 14.0, 14.0 ], "rotation": 90 }
							}
						}
					]
				},
				{
					"name": "S-foldR",
					"from": [ 0.0, 1.0, 3.0 ],
					"to": [ 3.2, 2.0, 3.2 ],
					"autoUnwrap": false,
					"uv": [ 4.5, 8.5 ],
					"rotationOrigin": [ 0.0, 1.0, 3.2 ],
					"rotationX": 5.0,
					"faces": {
						"north": { "texture": "#barber", "uv": [ 7.0, 11.5, 10.0, 12.5 ] },
						"east": { "texture": "#barber", "uv": [ 7.0, 14.0, 7.5, 15.0 ] },
						"south": { "texture": "#barber", "uv": [ 7.0, 14.0, 10.0, 15.0 ] },
						"west": { "texture": "#barber", "uv": [ 10.5, 14.0, 11.0, 15.0 ] },
						"up": { "texture": "#barber", "uv": [ 7.0, 14.0, 10.0, 14.5 ] }
					},
					"children": [
						{
							"name": "EdgeSR",
							"from": [ -0.1, 1.0, 0.0 ],
							"to": [ 3.3, 1.1, 0.5 ],
							"autoUnwrap": false,
							"uv": [ 7.0, 11.5 ],
							"rotationOrigin": [ 2.0, 1.0, 0.0 ],
							"rotationX": 22.5,
							"faces": {
								"north": { "texture": "#barber", "uv": [ 7.0, 13.5, 10.0, 14.0 ] },
								"east": { "texture": "#barber", "uv": [ 10.5, 13.0, 11.0, 13.5 ] },
								"south": { "texture": "#barber", "uv": [ 7.0, 13.0, 10.0, 13.5 ], "windMode": [-1,-1,-1,-1] },
								"west": { "texture": "#barber", "uv": [ 7.0, 13.0, 7.5, 13.5 ] },
								"up": { "texture": "#barber", "uv": [ 7.0, 13.0, 10.0, 13.5 ] },
								"down": { "texture": "#barber", "uv": [ 7.0, 13.5, 10.0, 14.0 ] }
							}
						}
					]
				}
			]
		},
		{
			"name": "shoeL",
			"stepParentName": "PawL",
			"from": [ -0.1, -0.1, -0.1 ],
			"to": [ 3.1, 0.9, 3.1 ],
			"autoUnwrap": false,
			"uv": [ 0.0, 7.0 ],
			"rotationOrigin": [ 2.0, 0.0, 1.5 ],
			"faces": {
				"north": { "texture": "#barber", "uv": [ 0.0, 9.5, 4.0, 10.5 ] },
				"east": { "texture": "#barber", "uv": [ 11.0, 9.5, 14.0, 10.5 ] },
				"south": { "texture": "#barber", "uv": [ 7.0, 9.5, 11.0, 10.5 ] },
				"west": { "texture": "#barber", "uv": [ 4.0, 9.5, 7.0, 10.5 ] },
				"up": { "texture": "#barber", "uv": [ 7.0, 3.0, 11.0, 6.0 ] },
				"down": { "texture": "#barber", "uv": [ 7.0, 0.0, 11.0, 3.0 ] }
			},
			"children": [
				{
					"name": "Back-FoldL",
					"from": [ 3.0, 1.0, 0.0 ],
					"to": [ 3.2, 2.0, 3.2 ],
					"autoUnwrap": false,
					"uv": [ 0.0, 1.0 ],
					"rotationOrigin": [ 3.2, 1.0, 2.0 ],
					"rotationZ": -5.0,
					"faces": {
						"north": { "texture": "#barber", "uv": [ 11.0, 8.5, 11.5, 9.5 ] },
						"east": { "texture": "#barber", "uv": [ 11.0, 8.5, 14.0, 9.5 ] },
						"south": { "texture": "#barber", "uv": [ 13.5, 8.5, 14.0, 9.5 ] },
						"west": { "texture": "#barber", "uv": [ 11.0, 6.0, 14.0, 7.0 ] },
						"up": { "texture": "#barber", "uv": [ 11.0, 8.5, 14.0, 9.0 ], "rotation": 90 }
					},
					"children": [
						{
							"name": "EdgeBackL",
							"from": [ 0.0, 1.0, -0.1 ],
							"to": [ 0.5, 1.1, 3.3 ],
							"autoUnwrap": false,
							"uv": [ 0.0, 2.0 ],
							"rotationOrigin": [ 0.0, 1.0, 2.0 ],
							"rotationZ": -22.5,
							"faces": {
								"north": { "texture": "#barber", "uv": [ 13.5, 7.5, 14.0, 8.0 ] },
								"east": { "texture": "#barber", "uv": [ 11.0, 7.5, 14.0, 8.0 ] },
								"south": { "texture": "#barber", "uv": [ 11.0, 7.5, 11.5, 8.0 ] },
								"west": { "texture": "#barber", "uv": [ 11.0, 8.0, 14.0, 8.5 ] },
								"up": { "texture": "#barber", "uv": [ 11.0, 7.5, 14.0, 8.0 ], "rotation": 90 },
								"down": { "texture": "#barber", "uv": [ 11.0, 8.0, 14.0, 8.5 ], "rotation": 90 }
							}
						}
					]
				},
				{
					"name": "S-foldL",
					"from": [ 0.0, 1.0, 3.0 ],
					"to": [ 3.2, 2.0, 3.2 ],
					"autoUnwrap": false,
					"uv": [ 0.0, 4.5 ],
					"rotationOrigin": [ 0.0, 1.0, 3.2 ],
					"rotationX": 5.0,
					"faces": {
						"north": { "texture": "#barber", "uv": [ 7.0, 6.0, 10.0, 7.0 ] },
						"east": { "texture": "#barber", "uv": [ 7.0, 8.5, 7.5, 9.5 ] },
						"south": { "texture": "#barber", "uv": [ 7.0, 8.5, 10.0, 9.5 ] },
						"west": { "texture": "#barber", "uv": [ 10.5, 8.5, 11.0, 9.5 ] },
						"up": { "texture": "#barber", "uv": [ 7.0, 8.5, 10.0, 9.0 ] }
					},
					"children": [
						{
							"name": "EdgeSL",
							"from": [ -0.1, 1.0, 0.0 ],
							"to": [ 3.3, 1.1, 0.5 ],
							"autoUnwrap": false,
							"uv": [ -2.0, 4.0 ],
							"rotationOrigin": [ 2.1, 1.0, 0.0 ],
							"rotationX": 22.5,
							"faces": {
								"north": { "texture": "#barber", "uv": [ 7.0, 8.0, 10.0, 8.5 ] },
								"east": { "texture": "#barber", "uv": [ 10.5, 7.5, 11.0, 8.0 ] },
								"south": { "texture": "#barber", "uv": [ 7.0, 7.5, 10.0, 8.0 ] },
								"west": { "texture": "#barber", "uv": [ 7.0, 7.5, 7.5, 8.0 ] },
								"up": { "texture": "#barber", "uv": [ 7.0, 7.5, 10.0, 8.0 ] },
								"down": { "texture": "#barber", "uv": [ 7.0, 8.0, 10.0, 8.5 ] }
							}
						}
					]
				},
				{
					"name": "N-foldL",
					"from": [ 0.0, 1.0, 0.0 ],
					"to": [ 3.2, 2.0, 0.2 ],
					"autoUnwrap": false,
					"uv": [ 0.5, 5.5 ],
					"rotationOrigin": [ 0.0, 1.0, 0.0 ],
					"rotationX": -5.0,
					"faces": {
						"north": { "texture": "#barber", "uv": [ 0.0, 8.5, 3.0, 9.5 ] },
						"east": { "texture": "#barber", "uv": [ 3.5, 8.5, 4.0, 9.5 ] },
						"south": { "texture": "#barber", "uv": [ 0.0, 6.0, 3.0, 7.0 ] },
						"west": { "texture": "#barber", "uv": [ 0.0, 8.5, 0.5, 9.5 ] },
						"up": { "texture": "#barber", "uv": [ 0.0, 8.5, 3.0, 9.0 ] }
					},
					"children": [
						{
							"name": "EdgeNL",
							"from": [ -0.1, 1.0, -0.3 ],
							"to": [ 3.3, 1.1, 0.2 ],
							"autoUnwrap": false,
							"uv": [ 0.0, 4.0 ],
							"rotationOrigin": [ 0.1, 1.0, 0.1 ],
							"rotationX": -22.5,
							"faces": {
								"north": { "texture": "#barber", "uv": [ 0.0, 7.5, 3.0, 8.0 ] },
								"east": { "texture": "#barber", "uv": [ 0.0, 7.5, 0.5, 8.0 ] },
								"south": { "texture": "#barber", "uv": [ 0.0, 8.0, 3.0, 8.5 ] },
								"west": { "texture": "#barber", "uv": [ 3.5, 7.5, 4.0, 8.0 ] },
								"up": { "texture": "#barber", "uv": [ 0.0, 7.5, 3.0, 8.0 ] },
								"down": { "texture": "#barber", "uv": [ 0.0, 8.0, 3.0, 8.5 ] }
							}
						}
					]
				},
				{
					"name": "Front-FoldL",
					"from": [ 0.0, 1.0, 0.0 ],
					"to": [ 0.2, 1.5, 3.2 ],
					"autoUnwrap": false,
					"uv": [ 0.0, 3.5 ],
					"rotationOrigin": [ 0.0, 1.0, 2.0 ],
					"rotationZ": 8.0,
					"faces": {
						"north": { "texture": "#barber", "uv": [ 4.0, 9.0, 4.5, 9.5 ] },
						"east": { "texture": "#barber", "uv": [ 4.0, 7.0, 7.0, 7.5 ] },
						"south": { "texture": "#barber", "uv": [ 6.5, 9.0, 7.0, 9.5 ] },
						"west": { "texture": "#barber", "uv": [ 4.0, 9.0, 7.0, 9.5 ] },
						"up": { "texture": "#barber", "uv": [ 4.0, 8.5, 7.0, 9.0 ], "rotation": 90 }
					},
					"children": [
						{
							"name": "Front-FoldL2",
							"from": [ 0.0, 0.5, 0.01 ],
							"to": [ 0.2, 1.5, 1.01 ],
							"autoUnwrap": false,
							"uv": [ 2.0, 3.0 ],
							"rotationOrigin": [ 0.0, 0.5, 0.0 ],
							"rotationY": -2.0,
							"rotationZ": 5.0,
							"faces": {
								"north": { "texture": "#barber", "uv": [ 4.0, 7.5, 4.5, 8.5 ] },
								"east": { "texture": "#barber", "uv": [ 4.0, 6.0, 5.0, 7.0 ], "windMode": [-1,-1,-1,-1] },
								"south": { "texture": "#barber", "uv": [ 4.5, 7.5, 5.0, 8.5 ] },
								"west": { "texture": "#barber", "uv": [ 4.0, 8.0, 5.0, 9.0 ] },
								"up": { "texture": "#barber", "uv": [ 4.0, 7.5, 5.0, 8.0 ], "rotation": 90 }
							}
						},
						{
							"name": "Front-FoldL3",
							"from": [ 0.0, 0.5, 2.19 ],
							"to": [ 0.2, 1.5, 3.19 ],
							"autoUnwrap": false,
							"uv": [ 2.0, 3.0 ],
							"rotationOrigin": [ 0.0, 0.5, 3.2 ],
							"rotationY": 2.0,
							"rotationZ": 5.0,
							"faces": {
								"north": { "texture": "#barber", "uv": [ 6.0, 7.5, 6.5, 8.5 ], "windMode": [-1,-1,-1,-1] },
								"east": { "texture": "#barber", "uv": [ 6.0, 6.0, 7.0, 7.0 ], "windMode": [-1,-1,-1,-1] },
								"south": { "texture": "#barber", "uv": [ 6.5, 7.5, 7.0, 8.5 ] },
								"west": { "texture": "#barber", "uv": [ 6.0, 8.0, 7.0, 9.0 ] },
								"up": { "texture": "#barber", "uv": [ 6.0, 7.5, 7.0, 8.0 ], "rotation": 90 }
							}
						},
						{
							"name": "StrapL",
							"from": [ 0.0, 0.9, 0.7 ],
							"to": [ 0.2, 1.1, 2.7 ],
							"autoUnwrap": false,
							"uv": [ 0.5, 3.0 ],
							"rotationOrigin": [ 0.1, 1.0, 1.6 ],
							"rotationZ": -45.0,
							"faces": {
								"north": { "texture": "#barber", "uv": [ 0.0, 1.0, 0.5, 1.5 ], "windMode": [-1,-1,-1,-1] },
								"east": { "texture": "#barber", "uv": [ 0.0, 1.0, 2.0, 1.5 ], "windMode": [-1,-1,-1,-1] },
								"south": { "texture": "#barber", "uv": [ 1.5, 1.0, 2.0, 1.5 ], "windMode": [-1,-1,-1,-1] },
								"west": { "texture": "#barber", "uv": [ 0.0, 1.5, 2.0, 2.0 ], "windMode": [-1,-1,-1,-1] },
								"up": { "texture": "#barber", "uv": [ 0.0, 1.0, 2.0, 1.5 ], "rotation": 90, "windMode": [-1,-1,-1,-1] },
								"down": { "texture": "#barber", "uv": [ 0.0, 1.5, 2.0, 2.0 ], "rotation": 90, "windMode": [-1,-1,-1,-1] }
							}
						}
					]
				}
			]
		}
	]}