{
	"editor": {
		"allAngles": false,
		"entityTextureMode": true
	},
	"textureWidth": 16,
	"textureHeight": 16,
	"textureSizes": {
		"peasant": [16,16]
	},
	"textures": {
		"peasant": "entity/humanoid/villagerclothes/foot/peasantbrown"
	},
	"elements": [
		{
			"name": "shoeR",
			"stepParentName": "PawR",
			"from": [ -0.1, -0.1, -0.1 ],
			"to": [ 3.1, 0.9, 3.1 ],
			"autoUnwrap": false,
			"uv": [ 0.0, 12.0 ],
			"rotationOrigin": [ 2.0, 0.0, 1.5 ],
			"faces": {
				"north": { "texture": "#peasant", "uv": [ 0.0, 15.0, 3.0, 16.0 ] },
				"east": { "texture": "#peasant", "uv": [ 11.0, 15.0, 14.0, 16.0 ] },
				"south": { "texture": "#peasant", "uv": [ 7.0, 15.0, 10.0, 16.0 ] },
				"west": { "texture": "#peasant", "uv": [ 4.0, 15.0, 7.0, 16.0 ] },
				"up": { "texture": "#peasant", "uv": [ 12.0, 3.0, 15.0, 6.0 ] },
				"down": { "texture": "#peasant", "uv": [ 12.0, 0.0, 15.0, 3.0 ] }
			},
			"children": [
				{
					"name": "N-foldR",
					"from": [ 0.0, 1.0, 0.0 ],
					"to": [ 3.2, 2.5, 0.2 ],
					"autoUnwrap": false,
					"uv": [ 3.5, 7.5 ],
					"rotationOrigin": [ 0.0, 1.0, 0.0 ],
					"rotationX": -5.0,
					"faces": {
						"north": { "texture": "#peasant", "uv": [ 0.0, 13.5, 3.0, 15.0 ] },
						"east": { "texture": "#peasant", "uv": [ 0.0, 13.5, 0.5, 15.0 ] },
						"south": { "texture": "#peasant", "uv": [ 0.0, 11.5, 3.0, 13.0 ] },
						"west": { "texture": "#peasant", "uv": [ 3.5, 13.5, 4.0, 15.0 ] },
						"up": { "texture": "#peasant", "uv": [ 0.0, 13.5, 3.0, 14.0 ] }
					}
				},
				{
					"name": "Front-FoldR",
					"from": [ 0.0, 1.0, 0.0 ],
					"to": [ 0.2, 2.5, 3.2 ],
					"autoUnwrap": false,
					"uv": [ 3.0, 9.5 ],
					"rotationOrigin": [ 0.0, 1.0, 2.0 ],
					"rotationZ": 8.0,
					"faces": {
						"north": { "texture": "#peasant", "uv": [ 4.0, 13.5, 4.5, 15.0 ] },
						"east": { "texture": "#peasant", "uv": [ 4.0, 11.5, 7.0, 13.0 ], "windMode": [-1,-1,-1,-1] },
						"south": { "texture": "#peasant", "uv": [ 6.5, 13.5, 7.0, 15.0 ] },
						"west": { "texture": "#peasant", "uv": [ 4.0, 13.5, 7.0, 15.0 ] },
						"up": { "texture": "#peasant", "uv": [ 4.0, 13.5, 7.0, 14.0 ], "rotation": 90 }
					}
				},
				{
					"name": "Back-FoldR",
					"from": [ 3.0, 1.0, 0.0 ],
					"to": [ 3.2, 2.5, 3.2 ],
					"autoUnwrap": false,
					"uv": [ 7.0, 5.0 ],
					"rotationOrigin": [ 3.2, 1.0, 2.0 ],
					"rotationZ": -5.0,
					"faces": {
						"north": { "texture": "#peasant", "uv": [ 11.0, 13.5, 11.5, 15.0 ] },
						"east": { "texture": "#peasant", "uv": [ 11.0, 13.5, 14.0, 15.0 ] },
						"south": { "texture": "#peasant", "uv": [ 13.5, 13.5, 14.0, 15.0 ] },
						"west": { "texture": "#peasant", "uv": [ 11.0, 11.5, 14.0, 13.0 ] },
						"up": { "texture": "#peasant", "uv": [ 11.0, 13.5, 14.0, 14.0 ], "rotation": 90 }
					}
				},
				{
					"name": "S-foldR",
					"from": [ 0.0, 1.0, 3.0 ],
					"to": [ 3.2, 1.5, 3.2 ],
					"autoUnwrap": false,
					"uv": [ 4.5, 8.5 ],
					"rotationOrigin": [ 0.0, 1.0, 3.2 ],
					"rotationX": 5.0,
					"faces": {
						"north": { "texture": "#peasant", "uv": [ 7.0, 12.5, 10.0, 13.0 ] },
						"east": { "texture": "#peasant", "uv": [ 7.0, 14.5, 7.5, 15.0 ] },
						"south": { "texture": "#peasant", "uv": [ 7.0, 14.5, 10.0, 15.0 ] },
						"west": { "texture": "#peasant", "uv": [ 10.5, 14.5, 11.0, 15.0 ] },
						"up": { "texture": "#peasant", "uv": [ 7.0, 14.0, 10.0, 14.5 ] }
					},
					"children": [
						{
							"name": "Strap-R",
							"from": [ 1.0, 1.0, 0.0 ],
							"to": [ 2.5, 1.5, 0.2 ],
							"autoUnwrap": false,
							"uv": [ 6.5, 8.5 ],
							"rotationOrigin": [ 0.0, 1.0, 0.0 ],
							"faces": {
								"north": { "texture": "#peasant", "uv": [ 8.0, 11.5, 9.5, 12.0 ] },
								"south": { "texture": "#peasant", "uv": [ 8.0, 13.5, 9.5, 14.0 ] },
								"up": { "texture": "#peasant", "uv": [ 8.0, 13.5, 9.5, 14.0 ] },
								"down": { "texture": "#peasant", "uv": [ 8.0, 14.0, 9.5, 14.5 ] }
							}
						},
						{
							"name": "S-foldR2",
							"from": [ 0.0, 0.5, 0.0 ],
							"to": [ 1.0, 1.5, 0.2 ],
							"autoUnwrap": false,
							"uv": [ 8.5, 7.0 ],
							"rotationOrigin": [ 0.0, 0.5, 0.0 ],
							"faces": {
								"north": { "texture": "#peasant", "uv": [ 7.0, 11.5, 8.0, 12.5 ] },
								"east": { "texture": "#peasant", "uv": [ 7.5, 13.5, 8.0, 14.5 ] },
								"south": { "texture": "#peasant", "uv": [ 7.0, 13.5, 8.0, 14.5 ] },
								"west": { "texture": "#peasant", "uv": [ 6.5, 13.5, 7.0, 14.5 ] },
								"up": { "texture": "#peasant", "uv": [ 7.0, 13.5, 8.0, 14.0 ] }
							}
						},
						{
							"name": "S-foldR3",
							"from": [ 2.5, 0.5, 0.0 ],
							"to": [ 3.2, 1.5, 0.2 ],
							"autoUnwrap": false,
							"uv": [ 8.5, 7.0 ],
							"rotationOrigin": [ 2.5, 0.5, 0.0 ],
							"faces": {
								"north": { "texture": "#peasant", "uv": [ 10.5, 11.5, 11.0, 12.5 ], "windMode": [-1,-1,-1,-1] },
								"east": { "texture": "#peasant", "uv": [ 10.5, 13.5, 11.0, 14.5 ] },
								"south": { "texture": "#peasant", "uv": [ 10.5, 13.5, 11.0, 14.5 ] },
								"west": { "texture": "#peasant", "uv": [ 6.5, 13.5, 7.0, 14.5 ] },
								"up": { "texture": "#peasant", "uv": [ 10.5, 13.5, 11.0, 14.0 ] }
							}
						}
					]
				}
			]
		},
		{
			"name": "shoeL",
			"stepParentName": "PawL",
			"from": [ -0.1, -0.1, -0.1 ],
			"to": [ 3.1, 0.9, 3.1 ],
			"autoUnwrap": false,
			"uv": [ 0.0, 7.0 ],
			"rotationOrigin": [ 2.0, 0.0, 1.5 ],
			"faces": {
				"north": { "texture": "#peasant", "uv": [ 0.0, 10.0, 3.0, 11.0 ] },
				"east": { "texture": "#peasant", "uv": [ 11.0, 10.0, 14.0, 11.0 ] },
				"south": { "texture": "#peasant", "uv": [ 7.0, 10.0, 10.0, 11.0 ] },
				"west": { "texture": "#peasant", "uv": [ 4.0, 10.0, 7.0, 11.0 ] },
				"up": { "texture": "#peasant", "uv": [ 7.0, 3.0, 10.0, 6.0 ] },
				"down": { "texture": "#peasant", "uv": [ 7.0, 0.0, 10.0, 3.0 ] }
			},
			"children": [
				{
					"name": "Front-FoldL",
					"from": [ 0.0, 1.0, 0.0 ],
					"to": [ 0.2, 2.5, 3.2 ],
					"autoUnwrap": false,
					"uv": [ 0.0, 5.5 ],
					"rotationOrigin": [ 0.0, 1.0, 2.0 ],
					"rotationZ": 8.0,
					"faces": {
						"north": { "texture": "#peasant", "uv": [ 4.0, 8.5, 4.5, 10.0 ] },
						"east": { "texture": "#peasant", "uv": [ 4.0, 6.5, 7.0, 8.0 ] },
						"south": { "texture": "#peasant", "uv": [ 6.5, 8.5, 7.0, 10.0 ] },
						"west": { "texture": "#peasant", "uv": [ 4.0, 8.5, 7.0, 10.0 ] },
						"up": { "texture": "#peasant", "uv": [ 4.0, 8.5, 7.0, 9.0 ], "rotation": 90 }
					}
				},
				{
					"name": "Back-FoldL",
					"from": [ 3.0, 1.0, 0.0 ],
					"to": [ 3.2, 2.5, 3.2 ],
					"autoUnwrap": false,
					"uv": [ 0.0, 1.0 ],
					"rotationOrigin": [ 3.2, 1.0, 2.0 ],
					"rotationZ": -5.0,
					"faces": {
						"north": { "texture": "#peasant", "uv": [ 11.0, 8.5, 11.5, 10.0 ] },
						"east": { "texture": "#peasant", "uv": [ 11.0, 8.5, 14.0, 10.0 ] },
						"south": { "texture": "#peasant", "uv": [ 13.5, 8.5, 14.0, 10.0 ] },
						"west": { "texture": "#peasant", "uv": [ 11.0, 6.5, 14.0, 8.0 ] },
						"up": { "texture": "#peasant", "uv": [ 11.0, 8.5, 14.0, 9.0 ], "rotation": 90 }
					}
				},
				{
					"name": "S-foldL",
					"from": [ 0.0, 1.0, 3.0 ],
					"to": [ 3.2, 2.5, 3.2 ],
					"autoUnwrap": false,
					"uv": [ 0.0, 4.5 ],
					"rotationOrigin": [ 0.0, 1.0, 3.2 ],
					"rotationX": 5.0,
					"faces": {
						"north": { "texture": "#peasant", "uv": [ 7.0, 6.5, 10.0, 8.0 ] },
						"east": { "texture": "#peasant", "uv": [ 7.0, 8.5, 7.5, 10.0 ] },
						"south": { "texture": "#peasant", "uv": [ 7.0, 8.5, 10.0, 10.0 ] },
						"west": { "texture": "#peasant", "uv": [ 10.5, 8.5, 11.0, 10.0 ] },
						"up": { "texture": "#peasant", "uv": [ 7.0, 8.5, 10.0, 9.0 ] }
					}
				},
				{
					"name": "N-foldL",
					"from": [ 0.0, 1.0, 0.0 ],
					"to": [ 3.2, 1.5, 0.2 ],
					"autoUnwrap": false,
					"uv": [ 0.5, 5.5 ],
					"rotationOrigin": [ 0.0, 1.0, 0.0 ],
					"rotationX": -5.0,
					"faces": {
						"north": { "texture": "#peasant", "uv": [ 0.0, 9.5, 3.0, 10.0 ] },
						"east": { "texture": "#peasant", "uv": [ 3.5, 9.5, 4.0, 10.0 ] },
						"south": { "texture": "#peasant", "uv": [ 0.0, 7.5, 3.0, 8.0 ] },
						"west": { "texture": "#peasant", "uv": [ 0.0, 9.5, 0.5, 10.0 ] },
						"up": { "texture": "#peasant", "uv": [ 0.0, 8.5, 3.0, 9.0 ] }
					},
					"children": [
						{
							"name": "N-strapL",
							"from": [ 1.0, 1.0, 0.0 ],
							"to": [ 2.5, 1.5, 0.2 ],
							"autoUnwrap": false,
							"uv": [ 0.0, 4.5 ],
							"rotationOrigin": [ 0.0, 1.0, 0.0 ],
							"faces": {
								"north": { "texture": "#peasant", "uv": [ 0.5, 8.5, 2.0, 9.0 ] },
								"south": { "texture": "#peasant", "uv": [ 0.5, 6.5, 2.0, 7.0 ] },
								"up": { "texture": "#peasant", "uv": [ 0.5, 8.5, 2.0, 9.0 ] },
								"down": { "texture": "#peasant", "uv": [ 0.5, 9.0, 2.0, 9.5 ] }
							}
						},
						{
							"name": "N-foldL2",
							"from": [ 0.0, 0.5, 0.0 ],
							"to": [ 1.0, 1.5, 0.2 ],
							"autoUnwrap": false,
							"uv": [ 1.5, 6.5 ],
							"rotationOrigin": [ 0.0, 0.5, 0.0 ],
							"faces": {
								"north": { "texture": "#peasant", "uv": [ 3.0, 8.5, 4.0, 9.5 ] },
								"east": { "texture": "#peasant", "uv": [ 3.0, 9.0, 3.5, 10.0 ] },
								"south": { "texture": "#peasant", "uv": [ 3.0, 6.5, 4.0, 7.5 ] },
								"west": { "texture": "#peasant", "uv": [ 3.5, 8.5, 4.0, 9.5 ] },
								"up": { "texture": "#peasant", "uv": [ 3.0, 8.5, 4.0, 9.0 ] }
							}
						},
						{
							"name": "N-foldL3",
							"from": [ 2.5, 0.5, 0.0 ],
							"to": [ 3.2, 1.5, 0.2 ],
							"autoUnwrap": false,
							"uv": [ 1.5, 6.5 ],
							"rotationOrigin": [ 2.5, 0.5, 0.0 ],
							"faces": {
								"north": { "texture": "#peasant", "uv": [ 0.0, 8.5, 0.5, 9.5 ] },
								"east": { "texture": "#peasant", "uv": [ 0.0, 8.5, 0.5, 9.5 ] },
								"south": { "texture": "#peasant", "uv": [ 0.0, 6.5, 0.5, 7.5 ], "windMode": [-1,-1,-1,-1] },
								"west": { "texture": "#peasant", "uv": [ 0.5, 9.0, 1.0, 10.0 ], "windMode": [-1,-1,-1,-1] },
								"up": { "texture": "#peasant", "uv": [ 0.0, 8.5, 0.5, 9.0 ] }
							}
						}
					]
				}
			]
		}
	],
	"animations": [
	]
}