{
	"editor": {
		"backDropShape": "entity/animal/mammal/hooved/odocoileini/rangiferfennicus/adult",
		"allAngles": true,
		"entityTextureMode": true
	},
	"textureWidth": 56,
	"textureHeight": 80,
	"textureSizes": {
		"skin": [56,80]
	},
	"textures": {
		"skin": "entity/animal/mammal/hooved/odocoileini/rangiferfennicus-adult"
	},
	"elements": [
		{
			"name": "skin attachment",
			"stepParentName": "head",
			"from": [ 1.0, 3.0, 1.95 ],
			"to": [ 2.1, 4.1, 3.05 ],
			"uv": [ 0.0, 0.0 ],
			"rotationOrigin": [ 1.0, 3.0, 1.95 ],
			"faces": {
			},
			"children": [
				{
					"name": "R antler base 1",
					"from": [ 0.2, 0.7, -1.5 ],
					"to": [ 1.2, 2.2, -0.5 ],
					"unwrapMode": 4,
					"uv": [ 28.5, 7.0 ],
					"rotationOrigin": [ 0.2, 0.7, -0.5 ],
					"rotationX": -25.0,
					"rotationZ": -30.0,
					"faces": {
						"north": { "texture": "#skin", "uv": [ 28.5, 8.0, 29.5, 9.5 ] },
						"east": { "texture": "#skin", "uv": [ 31.5, 8.0, 32.5, 9.5 ] },
						"south": { "texture": "#skin", "uv": [ 30.5, 8.0, 31.5, 9.5 ] },
						"west": { "texture": "#skin", "uv": [ 29.5, 8.0, 30.5, 9.5 ], "windMode": [-1,-1,-1,-1], "windData": [0,1,1,1] },
						"up": { "texture": "#skin", "uv": [ 29.5, 7.0, 30.5, 8.0 ], "rotation": 90 }
					},
					"children": [
						{
							"name": "R antler base 2",
							"from": [ 0.15, 1.4, 0.15 ],
							"to": [ 0.85, 2.4, 0.85 ],
							"unwrapMode": 4,
							"uv": [ 54.0, 77.5 ],
							"rotationOrigin": [ 0.15, 1.4, 0.9 ],
							"rotationZ": 4.0,
							"faces": {
								"north": { "texture": "#skin", "uv": [ 54.0, 78.0, 54.5, 79.0 ] },
								"east": { "texture": "#skin", "uv": [ 55.5, 78.0, 56.0, 79.0 ] },
								"south": { "texture": "#skin", "uv": [ 55.0, 78.0, 55.5, 79.0 ] },
								"west": { "texture": "#skin", "uv": [ 54.5, 78.0, 55.0, 79.0 ] },
								"up": { "texture": "#skin", "uv": [ 54.5, 77.5, 55.0, 78.0 ], "rotation": 90 },
								"down": { "texture": "#skin", "uv": [ 54.5, 79.0, 55.0, 79.5 ], "rotation": 90 }
							},
							"children": [
								{
									"name": "R antler base 3",
									"from": [ 0.0, 0.9, 0.05 ],
									"to": [ 0.6, 2.9, 0.65 ],
									"unwrapMode": 4,
									"uv": [ 54.0, 72.0 ],
									"rotationOrigin": [ 0.0, 0.9, 0.6 ],
									"rotationX": -10.0,
									"rotationZ": -30.0,
									"faces": {
										"north": { "texture": "#skin", "uv": [ 54.0, 72.5, 54.5, 74.5 ] },
										"east": { "texture": "#skin", "uv": [ 55.5, 72.5, 56.0, 74.5 ] },
										"south": { "texture": "#skin", "uv": [ 55.0, 72.5, 55.5, 74.5 ] },
										"west": { "texture": "#skin", "uv": [ 54.5, 72.5, 55.0, 74.5 ] },
										"up": { "texture": "#skin", "uv": [ 54.5, 72.0, 55.0, 72.5 ], "rotation": 90 },
										"down": { "texture": "#skin", "uv": [ 54.5, 74.5, 55.0, 75.0 ], "rotation": 90 }
									},
									"children": [
										{
											"name": "R antler base 4",
											"from": [ 0.0, 2.0, 0.0 ],
											"to": [ 0.6, 4.0, 0.6 ],
											"unwrapMode": 4,
											"uv": [ 54.0, 67.5 ],
											"rotationOrigin": [ 0.6, 2.0, 0.0 ],
											"rotationX": 1.0,
											"rotationZ": 45.0,
											"faces": {
												"north": { "texture": "#skin", "uv": [ 54.0, 68.0, 54.5, 70.0 ] },
												"east": { "texture": "#skin", "uv": [ 55.5, 68.0, 56.0, 70.0 ] },
												"south": { "texture": "#skin", "uv": [ 55.0, 68.0, 55.5, 70.0 ] },
												"west": { "texture": "#skin", "uv": [ 54.5, 68.0, 55.0, 70.0 ] },
												"up": { "texture": "#skin", "uv": [ 54.5, 67.5, 55.0, 68.0 ], "rotation": 90 },
												"down": { "texture": "#skin", "uv": [ 54.5, 70.0, 55.0, 70.5 ], "rotation": 90 }
											},
											"children": [
												{
													"name": "R antler base 5",
													"from": [ 0.2, 1.5, 0.0 ],
													"to": [ 0.8, 3.5, 0.6 ],
													"unwrapMode": 4,
													"uv": [ 54.0, 63.0 ],
													"rotationOrigin": [ 0.2, 1.5, 0.6 ],
													"rotationX": 10.0,
													"rotationY": 10.0,
													"rotationZ": 40.0,
													"faces": {
														"north": { "texture": "#skin", "uv": [ 54.0, 63.5, 54.5, 65.5 ] },
														"east": { "texture": "#skin", "uv": [ 55.5, 63.5, 56.0, 65.5 ] },
														"south": { "texture": "#skin", "uv": [ 55.0, 63.5, 55.5, 65.5 ] },
														"west": { "texture": "#skin", "uv": [ 54.5, 63.5, 55.0, 65.5 ] },
														"up": { "texture": "#skin", "uv": [ 54.5, 63.0, 55.0, 63.5 ], "rotation": 90 },
														"down": { "texture": "#skin", "uv": [ 54.5, 65.5, 55.0, 66.0 ], "rotation": 90 }
													},
													"children": [
														{
															"name": "RTine3A",
															"from": [ 0.2, 2.0, 0.0 ],
															"to": [ 0.7, 3.0, 0.6 ],
															"unwrapMode": 3,
															"uv": [ 44.0, 35.0 ],
															"rotationOrigin": [ 0.2, 2.0, 0.0 ],
															"rotationY": -1.0,
															"rotationZ": -45.0,
															"faces": {
																"north": { "texture": "#skin", "uv": [ 45.5, 35.5, 46.0, 36.5 ] },
																"east": { "texture": "#skin", "uv": [ 45.0, 35.5, 45.5, 36.5 ] },
																"south": { "texture": "#skin", "uv": [ 44.5, 35.5, 45.0, 36.5 ] },
																"west": { "texture": "#skin", "uv": [ 44.0, 35.5, 44.5, 36.5 ] },
																"up": { "texture": "#skin", "uv": [ 44.5, 35.0, 45.0, 35.5 ] },
																"down": { "texture": "#skin", "uv": [ 44.5, 36.5, 45.0, 37.0 ], "rotation": 180 }
															}
														},
														{
															"name": "RTine3E",
															"from": [ -0.1, 1.9, 0.05 ],
															"to": [ 0.4, 3.4, 0.55 ],
															"unwrapMode": 3,
															"uv": [ 47.0, 35.0 ],
															"rotationOrigin": [ 0.4, 1.9, 0.05 ],
															"rotationZ": 45.0,
															"faces": {
																"north": { "texture": "#skin", "uv": [ 48.5, 35.5, 49.0, 37.0 ] },
																"east": { "texture": "#skin", "uv": [ 48.0, 35.5, 48.5, 37.0 ], "windMode": [-1,-1,-1,-1] },
																"south": { "texture": "#skin", "uv": [ 47.5, 35.5, 48.0, 37.0 ] },
																"west": { "texture": "#skin", "uv": [ 47.0, 35.5, 47.5, 37.0 ] },
																"up": { "texture": "#skin", "uv": [ 47.5, 35.0, 48.0, 35.5 ] }
															}
														}
													]
												}
											]
										}
									]
								},
								{
									"name": "RBeam2A",
									"from": [ -2.0, 0.4, 0.1 ],
									"to": [ 0.5, 1.0, 0.7 ],
									"unwrapMode": 3,
									"unwrapRotation": 1,
									"uv": [ 54.0, 60.0 ],
									"rotationOrigin": [ 0.5, 1.0, 0.7 ],
									"rotationY": -15.0,
									"rotationZ": -26.0,
									"faces": {
										"north": { "texture": "#skin", "uv": [ 55.5, 60.5, 56.0, 63.0 ], "rotation": 270 },
										"east": { "texture": "#skin", "uv": [ 54.5, 60.0, 55.0, 60.5 ], "rotation": 90 },
										"south": { "texture": "#skin", "uv": [ 54.5, 60.5, 55.0, 63.0 ], "rotation": 90 },
										"west": { "texture": "#skin", "uv": [ 54.5, 63.0, 55.0, 63.5 ], "rotation": 90, "windMode": [-1,-1,-1,-1], "windData": [1,1,1,1] },
										"up": { "texture": "#skin", "uv": [ 54.0, 60.5, 54.5, 63.0 ], "rotation": 90 },
										"down": { "texture": "#skin", "uv": [ 55.0, 60.5, 55.5, 63.0 ], "rotation": 270 }
									},
									"children": [
										{
											"name": "RBeam2B",
											"from": [ -2.0, 0.0, 0.05 ],
											"to": [ 0.0, 0.5, 0.55 ],
											"unwrapMode": 3,
											"unwrapRotation": 1,
											"uv": [ 54.0, 57.0 ],
											"rotationOrigin": [ 0.0, 0.5, 0.05 ],
											"rotationY": 15.0,
											"rotationZ": 28.0,
											"faces": {
												"north": { "texture": "#skin", "uv": [ 55.5, 57.5, 56.0, 59.5 ], "rotation": 270 },
												"east": { "texture": "#skin", "uv": [ 54.5, 57.0, 55.0, 57.5 ], "rotation": 90, "windMode": [-1,-1,-1,-1] },
												"south": { "texture": "#skin", "uv": [ 54.5, 57.5, 55.0, 59.5 ], "rotation": 90 },
												"west": { "texture": "#skin", "uv": [ 54.5, 59.5, 55.0, 60.0 ], "rotation": 90 },
												"up": { "texture": "#skin", "uv": [ 54.0, 57.5, 54.5, 59.5 ], "rotation": 90, "windMode": [-1,-1,-1,-1] },
												"down": { "texture": "#skin", "uv": [ 55.0, 57.5, 55.5, 59.5 ], "rotation": 270 }
											},
											"children": [
												{
													"name": "RTine2B",
													"from": [ 1.5, 0.6, 0.0 ],
													"to": [ 2.0, 1.6, 0.5 ],
													"unwrapMode": 3,
													"uv": [ 54.0, 53.5 ],
													"rotationOrigin": [ 2.0, 0.6, 0.5 ],
													"rotationX": 5.0,
													"rotationZ": 30.0,
													"faces": {
														"north": { "texture": "#skin", "uv": [ 55.5, 54.0, 56.0, 55.0 ] },
														"east": { "texture": "#skin", "uv": [ 55.0, 54.0, 55.5, 55.0 ] },
														"south": { "texture": "#skin", "uv": [ 54.5, 54.0, 55.0, 55.0 ] },
														"west": { "texture": "#skin", "uv": [ 54.0, 54.0, 54.5, 55.0 ] },
														"up": { "texture": "#skin", "uv": [ 54.5, 53.5, 55.0, 54.0 ] }
													}
												}
											]
										}
									]
								}
							]
						}
					]
				},
				{
					"name": "L antler base 1",
					"from": [ 0.2, 0.7, 0.4 ],
					"to": [ 1.2, 2.2, 1.4 ],
					"unwrapMode": 4,
					"uv": [ 22.5, 7.0 ],
					"rotationOrigin": [ 0.2, 0.7, 0.4 ],
					"rotationX": 25.0,
					"rotationZ": -30.0,
					"faces": {
						"north": { "texture": "#skin", "uv": [ 22.5, 8.0, 23.5, 9.5 ] },
						"east": { "texture": "#skin", "uv": [ 25.5, 8.0, 26.5, 9.5 ] },
						"south": { "texture": "#skin", "uv": [ 24.5, 8.0, 25.5, 9.5 ] },
						"west": { "texture": "#skin", "uv": [ 23.5, 8.0, 24.5, 9.5 ], "windMode": [-1,-1,-1,-1], "windData": [0,0,1,1] },
						"up": { "texture": "#skin", "uv": [ 23.5, 7.0, 24.5, 8.0 ], "rotation": 90 }
					},
					"children": [
						{
							"name": "L antler base 2",
							"from": [ 0.15, 1.4, 0.15 ],
							"to": [ 0.85, 2.4, 0.85 ],
							"unwrapMode": 4,
							"uv": [ 52.0, 77.5 ],
							"rotationOrigin": [ 0.15, 1.4, 0.15 ],
							"rotationZ": 4.0,
							"faces": {
								"north": { "texture": "#skin", "uv": [ 52.0, 78.0, 52.5, 79.0 ] },
								"east": { "texture": "#skin", "uv": [ 53.5, 78.0, 54.0, 79.0 ] },
								"south": { "texture": "#skin", "uv": [ 53.0, 78.0, 53.5, 79.0 ] },
								"west": { "texture": "#skin", "uv": [ 52.5, 78.0, 53.0, 79.0 ] },
								"up": { "texture": "#skin", "uv": [ 52.5, 77.5, 53.0, 78.0 ], "rotation": 90 },
								"down": { "texture": "#skin", "uv": [ 52.5, 79.0, 53.0, 79.5 ], "rotation": 90 }
							},
							"children": [
								{
									"name": "LBeam3A",
									"from": [ 0.0, 0.9, 0.05 ],
									"to": [ 0.6, 2.9, 0.65 ],
									"unwrapMode": 4,
									"uv": [ 52.0, 72.0 ],
									"rotationOrigin": [ 0.0, 0.9, 0.1 ],
									"rotationX": 10.0,
									"rotationZ": -30.0,
									"faces": {
										"north": { "texture": "#skin", "uv": [ 52.0, 72.5, 52.5, 74.5 ] },
										"east": { "texture": "#skin", "uv": [ 53.5, 72.5, 54.0, 74.5 ] },
										"south": { "texture": "#skin", "uv": [ 53.0, 72.5, 53.5, 74.5 ] },
										"west": { "texture": "#skin", "uv": [ 52.5, 72.5, 53.0, 74.5 ] },
										"up": { "texture": "#skin", "uv": [ 52.5, 72.0, 53.0, 72.5 ], "rotation": 90 },
										"down": { "texture": "#skin", "uv": [ 52.5, 74.5, 53.0, 75.0 ], "rotation": 90 }
									},
									"children": [
										{
											"name": "LBeam3B",
											"from": [ 0.0, 2.0, 0.0 ],
											"to": [ 0.6, 4.0, 0.6 ],
											"unwrapMode": 4,
											"uv": [ 52.0, 67.5 ],
											"rotationOrigin": [ 0.6, 2.0, 0.0 ],
											"rotationX": -1.0,
											"rotationZ": 45.0,
											"faces": {
												"north": { "texture": "#skin", "uv": [ 52.0, 68.0, 52.5, 70.0 ] },
												"east": { "texture": "#skin", "uv": [ 53.5, 68.0, 54.0, 70.0 ] },
												"south": { "texture": "#skin", "uv": [ 53.0, 68.0, 53.5, 70.0 ] },
												"west": { "texture": "#skin", "uv": [ 52.5, 68.0, 53.0, 70.0 ] },
												"up": { "texture": "#skin", "uv": [ 52.5, 67.5, 53.0, 68.0 ], "rotation": 90 },
												"down": { "texture": "#skin", "uv": [ 52.5, 70.0, 53.0, 70.5 ], "rotation": 90 }
											},
											"children": [
												{
													"name": "LBeam3C",
													"from": [ 0.2, 1.5, 0.0 ],
													"to": [ 0.8, 3.5, 0.6 ],
													"unwrapMode": 4,
													"uv": [ 52.0, 63.0 ],
													"rotationOrigin": [ 0.2, 1.5, 0.1 ],
													"rotationX": -10.0,
													"rotationY": -10.0,
													"rotationZ": 40.0,
													"faces": {
														"north": { "texture": "#skin", "uv": [ 52.0, 63.5, 52.5, 65.5 ] },
														"east": { "texture": "#skin", "uv": [ 53.5, 63.5, 54.0, 65.5 ] },
														"south": { "texture": "#skin", "uv": [ 53.0, 63.5, 53.5, 65.5 ] },
														"west": { "texture": "#skin", "uv": [ 52.5, 63.5, 53.0, 65.5 ] },
														"up": { "texture": "#skin", "uv": [ 52.5, 63.0, 53.0, 63.5 ], "rotation": 90 },
														"down": { "texture": "#skin", "uv": [ 52.5, 65.5, 53.0, 66.0 ], "rotation": 90 }
													},
													"children": [
														{
															"name": "LTine3D",
															"from": [ -0.1, 2.0, 0.05 ],
															"to": [ 0.4, 3.5, 0.55 ],
															"unwrapMode": 3,
															"uv": [ 53.5, 39.5 ],
															"rotationOrigin": [ 0.4, 2.0, 0.05 ],
															"rotationZ": 45.0,
															"faces": {
																"north": { "texture": "#skin", "uv": [ 55.0, 40.0, 55.5, 41.5 ], "windMode": [-1,-1,-1,-1] },
																"east": { "texture": "#skin", "uv": [ 54.5, 40.0, 55.0, 41.5 ], "windMode": [-1,-1,-1,-1] },
																"south": { "texture": "#skin", "uv": [ 54.0, 40.0, 54.5, 41.5 ] },
																"west": { "texture": "#skin", "uv": [ 53.5, 40.0, 54.0, 41.5 ] },
																"up": { "texture": "#skin", "uv": [ 54.0, 39.5, 54.5, 40.0 ] }
															}
														},
														{
															"name": "LTine3E",
															"from": [ 0.2, 2.0, 0.05 ],
															"to": [ 0.7, 3.0, 0.55 ],
															"unwrapMode": 3,
															"uv": [ 50.5, 40.0 ],
															"rotationOrigin": [ 0.2, 2.0, 0.55 ],
															"rotationY": 1.0,
															"rotationZ": -45.0,
															"faces": {
																"north": { "texture": "#skin", "uv": [ 52.0, 40.5, 52.5, 41.5 ] },
																"east": { "texture": "#skin", "uv": [ 51.5, 40.5, 52.0, 41.5 ] },
																"south": { "texture": "#skin", "uv": [ 51.0, 40.5, 51.5, 41.5 ] },
																"west": { "texture": "#skin", "uv": [ 50.5, 40.5, 51.0, 41.5 ] },
																"up": { "texture": "#skin", "uv": [ 51.0, 40.0, 51.5, 40.5 ] }
															}
														}
													]
												}
											]
										}
									]
								},
								{
									"name": "LBeam2A",
									"from": [ -2.0, 0.4, 0.0 ],
									"to": [ 0.5, 1.0, 0.6 ],
									"unwrapMode": 3,
									"unwrapRotation": 1,
									"uv": [ 52.0, 60.5 ],
									"rotationOrigin": [ 0.5, 1.0, 0.0 ],
									"rotationY": 15.0,
									"rotationZ": -26.0,
									"faces": {
										"north": { "texture": "#skin", "uv": [ 53.5, 60.5, 54.0, 63.0 ], "rotation": 270 },
										"south": { "texture": "#skin", "uv": [ 52.5, 60.5, 53.0, 63.0 ], "rotation": 90 },
										"west": { "texture": "#skin", "uv": [ 52.5, 63.0, 53.0, 63.5 ], "rotation": 90 },
										"up": { "texture": "#skin", "uv": [ 52.0, 60.5, 52.5, 63.0 ], "rotation": 90 },
										"down": { "texture": "#skin", "uv": [ 53.0, 60.5, 53.5, 63.0 ], "rotation": 270 }
									},
									"children": [
										{
											"name": "LBeam2B",
											"from": [ -2.0, 0.0, 0.05 ],
											"to": [ 0.0, 0.5, 0.55 ],
											"unwrapMode": 3,
											"unwrapRotation": 1,
											"uv": [ 52.0, 57.0 ],
											"rotationOrigin": [ 0.0, 0.5, 0.55 ],
											"rotationY": -15.0,
											"rotationZ": 28.0,
											"faces": {
												"north": { "texture": "#skin", "uv": [ 53.5, 57.5, 54.0, 59.5 ], "rotation": 270 },
												"east": { "texture": "#skin", "uv": [ 52.5, 57.0, 53.0, 57.5 ], "rotation": 90 },
												"south": { "texture": "#skin", "uv": [ 52.5, 57.5, 53.0, 59.5 ], "rotation": 90 },
												"west": { "texture": "#skin", "uv": [ 52.5, 59.5, 53.0, 60.0 ], "rotation": 90 },
												"up": { "texture": "#skin", "uv": [ 52.0, 57.5, 52.5, 59.5 ], "rotation": 90 },
												"down": { "texture": "#skin", "uv": [ 53.0, 57.5, 53.5, 59.5 ], "rotation": 270 }
											},
											"children": [
												{
													"name": "LTine2B",
													"from": [ 1.5, 0.6, 0.0 ],
													"to": [ 2.0, 1.6, 0.5 ],
													"unwrapMode": 3,
													"uv": [ 52.0, 53.5 ],
													"rotationOrigin": [ 2.0, 0.6, 0.5 ],
													"rotationX": -5.0,
													"rotationZ": 30.0,
													"faces": {
														"north": { "texture": "#skin", "uv": [ 53.5, 54.0, 54.0, 55.0 ] },
														"east": { "texture": "#skin", "uv": [ 53.0, 54.0, 53.5, 55.0 ] },
														"south": { "texture": "#skin", "uv": [ 52.5, 54.0, 53.0, 55.0 ] },
														"west": { "texture": "#skin", "uv": [ 52.0, 54.0, 52.5, 55.0 ] },
														"up": { "texture": "#skin", "uv": [ 52.5, 53.5, 53.0, 54.0 ] }
													}
												}
											]
										}
									]
								}
							]
						}
					]
				}
			]
		}
	],
	"animations": [
		{
			"name": "Walk",
			"code": "walk",
			"quantityframes": 30,
			"onActivityStopped": "Rewind",
			"onAnimationEnd": "Repeat",
			"keyframes": [

			]
		}
	]
}