[
{
  "file": "thecritterpack:itemtypes/duck-eggs.json",
  "op": "addmerge",
  "path": "/combustibleProps",
  "value": {
    "meltingPoint": 200,
    "meltingDuration": 15,
    "smeltedRatio": 1,
    "smeltingType": "cook",
    "smeltedStack": { "type": "item", "code": "pemmican:egg-cooked" },
    "requiresContainer": false
  },
  "dependsOn": [
    { "modid": "longtermfood" },
    { "modid": "thecritterpack" }
  ]
},
{
    "file": "thecritterpack:itemtypes/crow-eggs.json",
    "op": "addmerge",
    "path": "/combustibleProps",
    "value": {
      "meltingPoint": 200,
      "meltingDuration": 15,
      "smeltedRatio": 1,
      "smeltingType": "cook",
      "smeltedStack": {
        "type": "item",
        "code": "pemmican:egg-cooked"
      },
      "requiresContainer": false
    },
	"dependsOn": [ { "modid": "longtermfood" }, { "modid": "thecritterpack" } ]
  },
  {
    "file": "pemmican:recipes/barrel/egg.json",
    "op": "addmerge",
    "path": "/-",
    "side": "server",
    "value":
      {
        "code": "glazed-egg-critters",
        "enabled": true,
        "sealHours": 336,
        "ingredients": [
          {
            "type": "item",
            "code": "game:limewaterportion",
            "litres": 1,
            "consumeLitres": 1
          },
          {
            "type": "item",
            "code": "thecritterpack:egg-pekin-raw",
            "quantity": 1
          }
        ],
        "output": {
          "type": "item",
          "code": "pemmican:egg-glazed",
          "stackSize": 1
        }
      },
    "dependsOn": [ { "modid": "thecritterpack" }, { "modid": "longtermfood" } ]
  },
  {
    "file": "pemmican:recipes/cooking/egg.json",
    "op": "addmerge",
    "path": "/-",
    "side": "server",
    "value": 
     {
			"code": "egg boiled critter",
			"perishableProps": {
				"type": "Perish",
				"freshHours": { "avg": 120 },
				"transitionHours": { "avg": 48 },
				"transitionRatio": 0.5,
				"transitionedStack": { "type": "item", "code": "game:rot" }
			},
			"shape": { "base": "game:block/food/meal/liquid" },
			"ingredients": [
				{ 
					"code": "egg raw", 
					"validStacks": [ {"type": "item","code": "thecritterpack:egg-pekin-raw"}],
					"minQuantity": 1,
					"maxQuantity": 1
				},
				{ 
					"code": "water portion", 
					"validStacks": [ {"type": "item", "code": "game:waterportion", "shapeElement": "game:bowl/water"}],
					"minQuantity": 1,
					"maxQuantity": 1,
					"portionSizeLitres": 1
				}
			],
			"cooksInto": { "type": "item", "code": "pemmican:egg-boiled", "quantity": 1 }
		},
    "dependsOn": [ { "modid": "thecritterpack" }, { "modid": "longtermfood" } ]
  },
  {
    "file": "pemmican:recipes/barrel/egg.json",
    "op": "addmerge",
    "path": "/-",
    "side": "server",
    "value":
      {
        "code": "glazed-egg-critters",
        "enabled": true,
        "sealHours": 336,
        "ingredients": [
          {
            "type": "item",
            "code": "game:limewaterportion",
            "litres": 1,
            "consumeLitres": 1
          },
          {
            "type": "item",
            "code": "thecritterpack:egg-call-raw",
            "quantity": 1
          }
        ],
        "output": {
          "type": "item",
          "code": "pemmican:egg-glazed",
          "stackSize": 1
        }
      },
    "dependsOn": [ { "modid": "thecritterpack" }, { "modid": "longtermfood" } ]
  },
  {
    "file": "pemmican:recipes/cooking/egg.json",
    "op": "addmerge",
    "path": "/-",
    "side": "server",
    "value": 
     {
			"code": "egg boiled critter",
			"perishableProps": {
				"type": "Perish",
				"freshHours": { "avg": 120 },
				"transitionHours": { "avg": 48 },
				"transitionRatio": 0.5,
				"transitionedStack": { "type": "item", "code": "game:rot" }
			},
			"shape": { "base": "game:block/food/meal/liquid" },
			"ingredients": [
				{ 
					"code": "egg raw", 
					"validStacks": [ {"type": "item","code": "thecritterpack:egg-call-raw"}],
					"minQuantity": 1,
					"maxQuantity": 1
				},
				{ 
					"code": "water portion", 
					"validStacks": [ {"type": "item", "code": "game:waterportion", "shapeElement": "game:bowl/water"}],
					"minQuantity": 1,
					"maxQuantity": 1,
					"portionSizeLitres": 1
				}
			],
			"cooksInto": { "type": "item", "code": "pemmican:egg-boiled", "quantity": 1 }
		},
    "dependsOn": [ { "modid": "thecritterpack" }, { "modid": "longtermfood" } ]
  } ,
  {
    "file": "pemmican:recipes/barrel/egg.json",
    "op": "addmerge",
    "path": "/-",
    "side": "server",
    "value":
      {
        "code": "glazed-egg-critters",
        "enabled": true,
        "sealHours": 336,
        "ingredients": [
          {
            "type": "item",
            "code": "game:limewaterportion",
            "litres": 1,
            "consumeLitres": 1
          },
          {
            "type": "item",
            "code": "thecritterpack:egg-mallard-raw",
            "quantity": 1
          }
        ],
        "output": {
          "type": "item",
          "code": "pemmican:egg-glazed",
          "stackSize": 1
        }
      },
    "dependsOn": [ { "modid": "thecritterpack" }, { "modid": "longtermfood" } ]
  },
  {
    "file": "pemmican:recipes/cooking/egg.json",
    "op": "addmerge",
    "path": "/-",
    "side": "server",
    "value": 
     {
			"code": "egg boiled critter",
			"perishableProps": {
				"type": "Perish",
				"freshHours": { "avg": 120 },
				"transitionHours": { "avg": 48 },
				"transitionRatio": 0.5,
				"transitionedStack": { "type": "item", "code": "game:rot" }
			},
			"shape": { "base": "game:block/food/meal/liquid" },
			"ingredients": [
				{ 
					"code": "egg raw", 
					"validStacks": [ {"type": "item","code": "thecritterpack:egg-mallard-raw"}],
					"minQuantity": 1,
					"maxQuantity": 1
				},
				{ 
					"code": "water portion", 
					"validStacks": [ {"type": "item", "code": "game:waterportion", "shapeElement": "game:bowl/water"}],
					"minQuantity": 1,
					"maxQuantity": 1,
					"portionSizeLitres": 1
				}
			],
			"cooksInto": { "type": "item", "code": "pemmican:egg-boiled", "quantity": 1 }
		},
    "dependsOn": [ { "modid": "thecritterpack" }, { "modid": "longtermfood" } ]
  } ,
  {
    "file": "pemmican:recipes/barrel/egg.json",
    "op": "addmerge",
    "path": "/-",
    "side": "server",
    "value":
      {
        "code": "glazed-egg-critters",
        "enabled": true,
        "sealHours": 336,
        "ingredients": [
          {
            "type": "item",
            "code": "game:limewaterportion",
            "litres": 1,
            "consumeLitres": 1
          },
          {
            "type": "item",
            "code": "thecritterpack:egg-crow-raw",
            "quantity": 1
          }
        ],
        "output": {
          "type": "item",
          "code": "pemmican:egg-glazed",
          "stackSize": 1
        }
      },
    "dependsOn": [ { "modid": "thecritterpack" }, { "modid": "longtermfood" } ]
  },
  {
    "file": "pemmican:recipes/cooking/egg.json",
    "op": "addmerge",
    "path": "/-",
    "side": "server",
    "value": 
     {
			"code": "egg boiled critter",
			"perishableProps": {
				"type": "Perish",
				"freshHours": { "avg": 120 },
				"transitionHours": { "avg": 48 },
				"transitionRatio": 0.5,
				"transitionedStack": { "type": "item", "code": "game:rot" }
			},
			"shape": { "base": "game:block/food/meal/liquid" },
			"ingredients": [
				{ 
					"code": "egg raw", 
					"validStacks": [ {"type": "item","code": "thecritterpack:egg-crow-raw"}],
					"minQuantity": 1,
					"maxQuantity": 1
				},
				{ 
					"code": "water portion", 
					"validStacks": [ {"type": "item", "code": "game:waterportion", "shapeElement": "game:bowl/water"}],
					"minQuantity": 1,
					"maxQuantity": 1,
					"portionSizeLitres": 1
				}
			],
			"cooksInto": { "type": "item", "code": "pemmican:egg-boiled", "quantity": 1 }
		},
    "dependsOn": [ { "modid": "thecritterpack" }, { "modid": "longtermfood" } ]
  } 
]