{
  "game:bow-long": { "origin": { "x": 0.5, "y": 0, "z": 0.5 }, "translation": { "x": 0.865, "y": 0.0185, "z": -0.125 }, "scaleXYZ": { "x": 1.1, "y": 1, "z": 1 }, "rotation": { "x": 10, "y": 0, "z": 0 } },
  "game:bow-recurve": { "origin": { "x": 0.5, "y": 0, "z": 0.5 }, "translation": { "x": 0.865, "y": 0.005, "z": 0 }, "scaleXYZ": { "x": 1.1, "y": 1, "z": 1 }, "rotation": { "x": 15, "y": 0, "z": 0 } },
  "game:spear-generic-hacking": { "origin": { "x": 0.5, "y": 0, "z": 0.5 }, "translation": { "x": 0.95, "y": -0.015, "z": 0.04 }, "rotation": { "x": 0, "y": -1, "z": -0.009 }, "scale": 0.85 },
  "game:spear-generic-chert": { "origin": { "x": 0.5, "y": 0, "z": 0.5 }, "translation": { "x": 0.95, "y": -0.03, "z": 0.04 }, "rotation": { "x": 0, "y": -1, "z": -0.009 }, "scaleXYZ": { "x": 0.9, "y": 0.825, "z": 0.825 } },
  "game:spear-generic-granite": { "origin": { "x": 0.5, "y": 0, "z": 0.5 }, "translation": { "x": 0.95, "y": -0.03, "z": 0.04 }, "rotation": { "x": 0, "y": -1, "z": -0.009 }, "scaleXYZ": { "x": 0.9, "y": 0.825, "z": 0.825 } },
  "game:spear-generic-andesite": { "origin": { "x": 0.5, "y": 0, "z": 0.5 }, "translation": { "x": 0.95, "y": -0.03, "z": 0.04 }, "rotation": { "x": 0, "y": -1, "z": -0.009 }, "scaleXYZ": { "x": 0.9, "y": 0.825, "z": 0.825 } },
  "game:spear-generic-basalt": { "origin": { "x": 0.5, "y": 0, "z": 0.5 }, "translation": { "x": 0.95, "y": -0.03, "z": 0.04 }, "rotation": { "x": 0, "y": -1, "z": -0.009 }, "scaleXYZ": { "x": 0.9, "y": 0.825, "z": 0.825 } },
  "game:spear-generic-obsidian": { "origin": { "x": 0.5, "y": 0, "z": 0.5 }, "translation": { "x": 0.95, "y": -0.03, "z": 0.04 }, "rotation": { "x": 0, "y": -1, "z": -0.009 }, "scaleXYZ": { "x": 0.9, "y": 0.825, "z": 0.825 } },
  "game:spear-generic-peridotite": { "origin": { "x": 0.5, "y": 0, "z": 0.5 }, "translation": { "x": 0.95, "y": -0.03, "z": 0.04 }, "rotation": { "x": 0, "y": -1, "z": -0.009 }, "scaleXYZ": { "x": 0.9, "y": 0.825, "z": 0.825 } },
  "game:spear-generic-flint": { "origin": { "x": 0.5, "y": 0, "z": 0.5 }, "translation": { "x": 0.95, "y": -0.03, "z": 0.04 }, "rotation": { "x": 0, "y": -1, "z": -0.009 }, "scaleXYZ": { "x": 0.9, "y": 0.825, "z": 0.825 } },
  "game:spear-generic-*": { "origin": { "x": 0.5, "y": 0, "z": 0.5 }, "translation": { "x": 1.05, "y": -0.03, "z": 0.04 }, "rotation": { "x": 0, "y": -1, "z": -0.009 }, "scale": 0.825 },
  "game:spear-scrap-scrap": { "origin": { "x": 0.5, "y": 0, "z": 0.5 }, "translation": { "x": 0.75, "y": -0.005, "z": 0.04 }, "rotation": { "x": 0, "y": -1, "z": -0.009 }, "scale": 0.85 },
  "game:spear-voulge-ruined": { "origin": { "x": 0.5, "y": 0, "z": 0.5 }, "translation": { "x": 1.05, "y": 0.015, "z": 0.04 }, "rotation": { "x": 0, "y": -1, "z": -0.009 }, "scale": 0.85 },
  "game:spear-boar-ruined": { "origin": { "x": 0.5, "y": 0, "z": 0.5 }, "translation": { "x": 1.05, "y": 0.015, "z": 0.04 }, "rotation": { "x": 0, "y": -1, "z": -0.009 }, "scale": 0.85 },
  "game:club-*": { "origin": { "x": 0.5, "y": 0, "z": 0.5 }, "translation": { "x": 0.3, "y": 0, "z": -0.005 }, "scale": 0.75 },

  "armory:sword-long-plain-steel": { "origin": { "x": 0.5, "y": 0, "z": 0.5 }, "translation": { "x": 0.4, "y": 0, "z": -0.025 }, "scale": 0.6 },
  "armory:sword-long-plain-*": { "origin": { "x": 0.5, "y": 0, "z": 0.5 }, "translation": { "x": 0.45, "y": 0, "z": -0.025 }, "scale": 0.6 },
  "armory:sword-great-plain-*": { "origin": { "x": 0.5, "y": 0, "z": 0.5 }, "translation": { "x": 0.2, "y": 0, "z": -0.025 }, "scale": 0.6 },
  "armory:club-plain-steel": { "origin": { "x": 0.5, "y": 0, "z": 0.5 }, "translation": { "x": 0.2, "y": 0, "z": -0.005 }, "scale": 0.75 },
  "armory:club-plain-*": { "origin": { "x": 0.5, "y": 0, "z": 0.5 }, "translation": { "x": 0.3, "y": 0, "z": -0.005 }, "scale": 0.75 },
  "armory:poleaxe-plain-*": { "origin": { "x": 0.5, "y": 0, "z": 0.5 }, "translation": { "x": 1.75, "y": 0, "z": -0.005 }, "scale": 0.7 },
  "armory:halberd-plain-*": { "origin": { "x": 0.5, "y": 0, "z": 0.5 }, "translation": { "x": 2.1, "y": 0, "z": -0.005 }, "scale": 0.8 },
  "armory:quarterstaff-plain-*": { "origin": { "x": 0.5, "y": 0, "z": 0.5 }, "translation": { "x": 2, "y": 0, "z": -0.005 }, "scale": 0.8 }
}