{
  "textureWidth":16,
  "textureHeight":16,
  "textures":{
    "material":"game:item/tool/material/string"
  },
  "textureSizes":{
    "material":[
      32,
      32
    ]
  },
  "elements":[
    {
      "name":"origin",
      "from":[
        10.79720687866211,
        0.493141233921051,
        8.155803859233856
      ],
      "to":[
        10.79720687866211,
        0.493141233921051,
        8.155803859233856
      ],
      "rotationOrigin":[
        8.0,
        0.0,
        8.0
      ],
      "group":"fine_string_metalhead",
      "faces":{
        "north":{
          "texture":"#0",
          "uv":[
            0,
            0,
            4,
            4
          ],
          "autoUv":false
        },
        "east":{
          "texture":"#0",
          "uv":[
            0,
            0,
            4,
            4
          ],
          "autoUv":false
        },
        "south":{
          "texture":"#0",
          "uv":[
            0,
            0,
            4,
            4
          ],
          "autoUv":false
        },
        "west":{
          "texture":"#0",
          "uv":[
            0,
            0,
            4,
            4
          ],
          "autoUv":false
        },
        "up":{
          "texture":"#material",
          "uv":[
            0.0,
            0.0,
            1.0,
            1.0
          ],
          "autoUv":false,
          "rotation":180
        },
        "down":{
          "texture":"#0",
          "uv":[
            0,
            0,
            4,
            4
          ],
          "autoUv":false
        }
      },
      "children":[
        {
          "name":"fine_string_metalhead 01",
          "from":[
            -3.5861951261758804,
            -0.7584130167961121,
            -0.8533965349197388
          ],
          "to":[
            -3.120374545454979,
            1.1956514716148376,
            0.4493129253387451
          ],
          "rotationOrigin":[
            -3.3532848358154297,
            0.2186192274093628,
            -0.20204180479049683
          ],
          "rotationY":11.441038996597735,
          "group":"fine_string_metalhead",
          "faces":{
            "north":{
              "texture":"#material",
              "uv":[
                13.503095626831055,
                21.40650749206543,
                18.496902465820312,
                27.71887493133545
              ],
              "autoUv":false,
              "rotation":270
            },
            "east":{
              "texture":"#material",
              "uv":[
                7.0,
                7.0,
                9.0,
                10.0
              ],
              "autoUv":false
            },
            "south":{
              "texture":"#material",
              "uv":[
                13.503097534179688,
                12.281126022338867,
                18.496904373168945,
                18.59349250793457
              ],
              "autoUv":false,
              "rotation":270
            },
            "west":{
              "texture":"#material",
              "uv":[
                9.0,
                8.0,
                12.000000953674316,
                10.0
              ],
              "autoUv":false,
              "rotation":270
            },
            "up":{
              "texture":"#material",
              "uv":[
                10.0,
                8.0,
                11.0,
                10.000001907348633
              ],
              "autoUv":false
            },
            "down":{
              "texture":"#material",
              "uv":[
                10.0,
                10.000001907348633,
                9.0,
                8.0
              ],
              "autoUv":false
            }
          },
          "children":[]
        },
        {
          "name":"fine_string_metalhead 02",
          "from":[
            -3.747697487473488,
            -0.4327356219291687,
            -1.1628946512937546
          ],
          "to":[
            -3.2818769067525864,
            0.8699740767478943,
            -0.8372172862291336
          ],
          "rotationOrigin":[
            -3.514787197113037,
            0.2186192274093628,
            -1.000055968761444
          ],
          "rotationY":11.441038996597735,
          "group":"fine_string_metalhead",
          "faces":{
            "north":{
              "texture":"#material",
              "uv":[
                7.0,
                8.0,
                8.0,
                10.000001907348633
              ],
              "autoUv":false
            },
            "east":{
              "texture":"#material",
              "uv":[
                17.0,
                8.0,
                20.0,
                9.0
              ],
              "autoUv":false,
              "rotation":270
            },
            "south":{
              "texture":"#material",
              "uv":[
                11.439449310302734,
                13.602106094360352,
                14.053946495056152,
                16.906930923461914
              ],
              "autoUv":false,
              "rotation":270
            },
            "west":{
              "texture":"#material",
              "uv":[
                15.0,
                6.0,
                16.0,
                9.0
              ],
              "autoUv":false
            },
            "up":{
              "texture":"#material",
              "uv":[
                14.053945541381836,
                13.602106094360352,
                16.66844367980957,
                16.906930923461914
              ],
              "autoUv":false,
              "rotation":270
            },
            "down":{
              "texture":"#material",
              "uv":[
                11.439449310302734,
                16.906930923461914,
                8.824951171875,
                13.602106094360352
              ],
              "autoUv":false,
              "rotation":270
            }
          },
          "children":[]
        },
        {
          "name":"fine_string_metalhead 03",
          "from":[
            -3.4246918112039566,
            -0.4327356219291687,
            0.43313415348529816
          ],
          "to":[
            -2.958871230483055,
            0.8699740767478943,
            0.7588115185499191
          ],
          "rotationOrigin":[
            -3.191781520843506,
            0.2186192274093628,
            0.5959728360176086
          ],
          "rotationY":11.441038996597735,
          "group":"fine_string_metalhead",
          "faces":{
            "north":{
              "texture":"#material",
              "uv":[
                17.870914459228516,
                21.189156532287598,
                21.949893951416016,
                26.345142364501953
              ],
              "autoUv":false,
              "rotation":270
            },
            "east":{
              "texture":"#material",
              "uv":[
                7.0,
                3.0,
                8.0,
                6.0
              ],
              "autoUv":false
            },
            "south":{
              "texture":"#material",
              "uv":[
                12.0,
                8.0,
                13.0,
                10.000001907348633
              ],
              "autoUv":false
            },
            "west":{
              "texture":"#material",
              "uv":[
                8.0,
                3.0,
                9.0,
                6.0
              ],
              "autoUv":false
            },
            "up":{
              "texture":"#material",
              "uv":[
                22.151803970336914,
                16.81692886352539,
                24.191295623779297,
                19.39492130279541
              ],
              "autoUv":false,
              "rotation":270
            },
            "down":{
              "texture":"#material",
              "uv":[
                17.669002532958984,
                19.39492130279541,
                15.629512786865234,
                16.81692886352539
              ],
              "autoUv":false,
              "rotation":270
            }
          },
          "children":[]
        },
        {
          "name":"fine_string_metalhead 04",
          "from":[
            -3.724933758378029,
            -0.7109945677220821,
            -1.0505603551864624
          ],
          "to":[
            -3.2605341523885727,
            -0.24853279814124107,
            -0.7248830795288086
          ],
          "rotationOrigin":[
            -3.492733955383301,
            -0.4797636829316616,
            -0.8877217173576355
          ],
          "rotationX":-45.574946086003244,
          "rotationY":8.06296403689283,
          "rotationZ":8.144005938942323,
          "group":"fine_string_metalhead",
          "faces":{
            "north":{
              "texture":"#material",
              "uv":[
                9.0,
                6.002956390380859,
                10.0,
                7.0
              ],
              "autoUv":false,
              "rotation":270
            },
            "east":{
              "texture":"#material",
              "uv":[
                18.0,
                9.0,
                19.0,
                10.0
              ],
              "autoUv":false,
              "rotation":270
            },
            "south":{
              "texture":"#material",
              "uv":[
                9.687779426574707,
                14.245357513427734,
                11.849477767944336,
                16.969493865966797
              ],
              "autoUv":false,
              "rotation":270
            },
            "west":{
              "texture":"#material",
              "uv":[
                17.0,
                9.0,
                18.0,
                10.0
              ],
              "autoUv":false
            },
            "up":{
              "texture":"#material",
              "uv":[
                11.849477767944336,
                14.245357513427734,
                14.011177062988281,
                16.969493865966797
              ],
              "autoUv":false,
              "rotation":270
            },
            "down":{
              "texture":"#material",
              "uv":[
                9.687779426574707,
                16.96949291229248,
                7.52608060836792,
                14.245357513427734
              ],
              "autoUv":false,
              "rotation":270
            }
          },
          "children":[]
        },
        {
          "name":"fine_string_metalhead 05",
          "from":[
            -3.724669113755226,
            0.6871037781238556,
            -1.0492538213729858
          ],
          "to":[
            -3.26026950776577,
            1.1495655477046967,
            -0.723576545715332
          ],
          "rotationOrigin":[
            -3.492469310760498,
            0.9183346629142761,
            -0.8864151835441589
          ],
          "rotationX":45.574946086003244,
          "rotationY":8.06296403689283,
          "rotationZ":-8.144005938942323,
          "group":"fine_string_metalhead",
          "faces":{
            "north":{
              "texture":"#material",
              "uv":[
                11.0,
                6.002956390380859,
                12.0,
                7.0
              ],
              "autoUv":false,
              "rotation":270
            },
            "east":{
              "texture":"#material",
              "uv":[
                24.0,
                10.0,
                25.0,
                11.0
              ],
              "autoUv":false,
              "rotation":270
            },
            "south":{
              "texture":"#material",
              "uv":[
                10.402830123901367,
                13.172782897949219,
                12.564528465270996,
                15.896919250488281
              ],
              "autoUv":false,
              "rotation":270
            },
            "west":{
              "texture":"#material",
              "uv":[
                23.0,
                10.0,
                24.0,
                11.0
              ],
              "autoUv":false
            },
            "up":{
              "texture":"#material",
              "uv":[
                12.564528465270996,
                13.172782897949219,
                14.726226806640625,
                15.896919250488281
              ],
              "autoUv":false,
              "rotation":270
            },
            "down":{
              "texture":"#material",
              "uv":[
                10.402830123901367,
                15.896919250488281,
                8.241130828857422,
                13.172782897949219
              ],
              "autoUv":false,
              "rotation":270
            }
          },
          "children":[]
        },
        {
          "name":"fine_string_metalhead 06",
          "from":[
            -3.447607174515724,
            0.6871037781238556,
            0.3197585344314575
          ],
          "to":[
            -2.983207568526268,
            1.1495655477046967,
            0.6454358100891113
          ],
          "rotationOrigin":[
            -3.215407371520996,
            0.9183346629142761,
            0.4825971722602844
          ],
          "rotationX":-45.574946086003244,
          "rotationY":8.06296403689283,
          "rotationZ":8.144005938942323,
          "group":"fine_string_metalhead",
          "faces":{
            "north":{
              "texture":"#material",
              "uv":[
                20.003515243530273,
                20.772950172424316,
                22.433433532714844,
                23.835092544555664
              ],
              "autoUv":false,
              "rotation":270
            },
            "east":{
              "texture":"#material",
              "uv":[
                26.0,
                10.0,
                27.0,
                11.0
              ],
              "autoUv":false,
              "rotation":270
            },
            "south":{
              "texture":"#material",
              "uv":[
                12.0,
                6.002956390380859,
                13.0,
                7.0
              ],
              "autoUv":false,
              "rotation":90
            },
            "west":{
              "texture":"#material",
              "uv":[
                25.0,
                10.0,
                26.0,
                11.0
              ],
              "autoUv":false
            },
            "up":{
              "texture":"#material",
              "uv":[
                22.4948673248291,
                17.025388717651367,
                24.53400993347168,
                19.595081329345703
              ],
              "autoUv":false,
              "rotation":270
            },
            "down":{
              "texture":"#material",
              "uv":[
                19.942081451416016,
                19.595081329345703,
                17.902938842773438,
                17.025388717651367
              ],
              "autoUv":false,
              "rotation":270
            }
          },
          "children":[]
        },
        {
          "name":"fine_string_metalhead 07",
          "from":[
            -3.447343483567238,
            -0.7109945677220821,
            0.3210641145706177
          ],
          "to":[
            -2.9829438775777817,
            -0.24853279814124107,
            0.6467413902282715
          ],
          "rotationOrigin":[
            -3.2151436805725098,
            -0.4797636829316616,
            0.4839027523994446
          ],
          "rotationX":45.574946086003244,
          "rotationY":8.06296403689283,
          "rotationZ":-8.144005938942323,
          "group":"fine_string_metalhead",
          "faces":{
            "north":{
              "texture":"#material",
              "uv":[
                20.003515243530273,
                20.772950172424316,
                22.433433532714844,
                23.835092544555664
              ],
              "autoUv":false,
              "rotation":270
            },
            "east":{
              "texture":"#material",
              "uv":[
                15.0,
                10.0,
                16.0,
                11.0
              ],
              "autoUv":false,
              "rotation":270
            },
            "south":{
              "texture":"#material",
              "uv":[
                13.0,
                6.004281997680664,
                14.0,
                6.998674392700195
              ],
              "autoUv":false,
              "rotation":90
            },
            "west":{
              "texture":"#material",
              "uv":[
                15.0,
                9.0,
                16.0,
                10.0
              ],
              "autoUv":false
            },
            "up":{
              "texture":"#material",
              "uv":[
                22.4948673248291,
                17.025388717651367,
                24.53400993347168,
                19.595081329345703
              ],
              "autoUv":false,
              "rotation":270
            },
            "down":{
              "texture":"#material",
              "uv":[
                19.942081451416016,
                19.595081329345703,
                17.902938842773438,
                17.025388717651367
              ],
              "autoUv":false,
              "rotation":270
            }
          },
          "children":[]
        },
        {
          "name":"fine_string_metalhead 08",
          "from":[
            -2.907539129257202,
            -0.7788342237472534,
            -0.8670092821121216
          ],
          "to":[
            -2.431986093521118,
            1.2160568237304688,
            0.4629180431365967
          ],
          "rotationOrigin":[
            -2.66976261138916,
            0.21861129999160767,
            -0.20204561948776245
          ],
          "rotationY":-6.785367334245012,
          "group":"fine_string_metalhead",
          "faces":{
            "north":{
              "texture":"#material",
              "uv":[
                20.496904373168945,
                21.40650749206543,
                15.503097534179688,
                27.71887493133545
              ],
              "autoUv":false,
              "rotation":270
            },
            "east":{
              "texture":"#material",
              "uv":[
                27.0,
                7.0,
                25.0,
                10.0
              ],
              "autoUv":false
            },
            "south":{
              "texture":"#material",
              "uv":[
                20.496902465820312,
                12.281126022338867,
                15.503095626831055,
                18.59349250793457
              ],
              "autoUv":false,
              "rotation":270
            },
            "west":{
              "texture":"#material",
              "uv":[
                25.0,
                8.0,
                22.0,
                10.0
              ],
              "autoUv":false,
              "rotation":270
            },
            "up":{
              "texture":"#material",
              "uv":[
                24.0,
                8.0,
                23.0,
                10.000001907348633
              ],
              "autoUv":false
            },
            "down":{
              "texture":"#material",
              "uv":[
                24.0,
                10.000001907348633,
                25.0,
                8.0
              ],
              "autoUv":false
            }
          },
          "children":[]
        },
        {
          "name":"fine_string_metalhead 09",
          "from":[
            -2.809330701828003,
            -0.44635236263275146,
            -1.1936682909727097
          ],
          "to":[
            -2.333777666091919,
            0.8835749626159668,
            -0.8611864596605301
          ],
          "rotationOrigin":[
            -2.571554183959961,
            0.21861129999160767,
            -1.0274273753166199
          ],
          "rotationY":-6.785367334245012,
          "group":"fine_string_metalhead",
          "faces":{
            "north":{
              "texture":"#material",
              "uv":[
                27.0,
                8.0,
                26.0,
                10.000001907348633
              ],
              "autoUv":false
            },
            "east":{
              "texture":"#material",
              "uv":[
                17.0,
                8.0,
                14.0,
                9.0
              ],
              "autoUv":false,
              "rotation":270
            },
            "south":{
              "texture":"#material",
              "uv":[
                22.560550689697266,
                13.602106094360352,
                19.94605255126953,
                16.906930923461914
              ],
              "autoUv":false,
              "rotation":270
            },
            "west":{
              "texture":"#material",
              "uv":[
                19.0,
                6.0,
                18.0,
                9.0
              ],
              "autoUv":false
            },
            "up":{
              "texture":"#material",
              "uv":[
                19.946054458618164,
                13.602106094360352,
                17.33155632019043,
                16.906930923461914
              ],
              "autoUv":false,
              "rotation":270
            },
            "down":{
              "texture":"#material",
              "uv":[
                22.560550689697266,
                16.906930923461914,
                25.175048828125,
                13.602106094360352
              ],
              "autoUv":false,
              "rotation":270
            }
          },
          "children":[]
        },
        {
          "name":"fine_string_metalhead 10",
          "from":[
            -3.0057456493377686,
            -0.44635236263275146,
            0.457094743847847
          ],
          "to":[
            -2.5301926136016846,
            0.8835749626159668,
            0.7895765751600266
          ],
          "rotationOrigin":[
            -2.7679691314697266,
            0.21861129999160767,
            0.6233356595039368
          ],
          "rotationY":-6.785367334245012,
          "group":"fine_string_metalhead",
          "faces":{
            "north":{
              "texture":"#material",
              "uv":[
                16.129085540771484,
                21.189156532287598,
                12.050106048583984,
                26.345142364501953
              ],
              "autoUv":false,
              "rotation":270
            },
            "east":{
              "texture":"#material",
              "uv":[
                27.0,
                3.0,
                26.0,
                6.0
              ],
              "autoUv":false
            },
            "south":{
              "texture":"#material",
              "uv":[
                22.0,
                8.0,
                21.0,
                10.000001907348633
              ],
              "autoUv":false
            },
            "west":{
              "texture":"#material",
              "uv":[
                26.0,
                3.0,
                25.0,
                6.0
              ],
              "autoUv":false
            },
            "up":{
              "texture":"#material",
              "uv":[
                11.848196029663086,
                16.81692886352539,
                9.808704376220703,
                19.39492130279541
              ],
              "autoUv":false,
              "rotation":270
            },
            "down":{
              "texture":"#material",
              "uv":[
                16.330997467041016,
                19.39492130279541,
                18.370487213134766,
                16.81692886352539
              ],
              "autoUv":false,
              "rotation":270
            }
          },
          "children":[]
        },
        {
          "name":"fine_string_metalhead 11",
          "from":[
            -2.8230877965688705,
            -0.7304249703884125,
            -1.0777453035116196
          ],
          "to":[
            -2.349779024720192,
            -0.25830093026161194,
            -0.7452635914087296
          ],
          "rotationOrigin":[
            -2.5864334106445312,
            -0.4943629503250122,
            -0.9115044474601746
          ],
          "rotationX":-45.201365474254814,
          "rotationY":-4.792357834909842,
          "rotationZ":-4.809209192252732,
          "group":"fine_string_metalhead",
          "faces":{
            "north":{
              "texture":"#material",
              "uv":[
                25.0,
                6.004627227783203,
                24.0,
                7.0
              ],
              "autoUv":false,
              "rotation":270
            },
            "east":{
              "texture":"#material",
              "uv":[
                16.0,
                9.0,
                15.0,
                10.0
              ],
              "autoUv":false,
              "rotation":270
            },
            "south":{
              "texture":"#material",
              "uv":[
                24.31222152709961,
                14.245357513427734,
                22.150522232055664,
                16.964933395385742
              ],
              "autoUv":false,
              "rotation":270
            },
            "west":{
              "texture":"#material",
              "uv":[
                17.0,
                9.0,
                16.0,
                10.0
              ],
              "autoUv":false
            },
            "up":{
              "texture":"#material",
              "uv":[
                22.150522232055664,
                14.245357513427734,
                19.98882293701172,
                16.964933395385742
              ],
              "autoUv":false,
              "rotation":270
            },
            "down":{
              "texture":"#material",
              "uv":[
                24.31222152709961,
                16.964933395385742,
                26.473918914794922,
                14.245357513427734
              ],
              "autoUv":false,
              "rotation":270
            }
          },
          "children":[]
        },
        {
          "name":"fine_string_metalhead 12",
          "from":[
            -2.823248967528343,
            0.6968840062618256,
            -1.0763944238424301
          ],
          "to":[
            -2.3499401956796646,
            1.169008046388626,
            -0.7439127117395401
          ],
          "rotationOrigin":[
            -2.586594581604004,
            0.9329460263252258,
            -0.9101535677909851
          ],
          "rotationX":45.201365474254814,
          "rotationY":-4.792357834909842,
          "rotationZ":4.809209192252732,
          "group":"fine_string_metalhead",
          "faces":{
            "north":{
              "texture":"#material",
              "uv":[
                23.0,
                6.004627227783203,
                22.0,
                7.0
              ],
              "autoUv":false,
              "rotation":270
            },
            "east":{
              "texture":"#material",
              "uv":[
                10.0,
                10.0,
                9.0,
                11.0
              ],
              "autoUv":false,
              "rotation":270
            },
            "south":{
              "texture":"#material",
              "uv":[
                23.597171783447266,
                13.172782897949219,
                21.435470581054688,
                15.892358779907227
              ],
              "autoUv":false,
              "rotation":270
            },
            "west":{
              "texture":"#material",
              "uv":[
                11.0,
                10.0,
                10.0,
                11.0
              ],
              "autoUv":false
            },
            "up":{
              "texture":"#material",
              "uv":[
                21.435470581054688,
                13.172782897949219,
                19.273773193359375,
                15.892358779907227
              ],
              "autoUv":false,
              "rotation":270
            },
            "down":{
              "texture":"#material",
              "uv":[
                23.597169876098633,
                15.892358779907227,
                25.758869171142578,
                13.172782897949219
              ],
              "autoUv":false,
              "rotation":270
            }
          },
          "children":[]
        },
        {
          "name":"fine_string_metalhead 13",
          "from":[
            -2.9917250722646713,
            0.6968840062618256,
            0.33956779539585114
          ],
          "to":[
            -2.5184163004159927,
            1.169008046388626,
            0.6720495074987411
          ],
          "rotationOrigin":[
            -2.755070686340332,
            0.9329460263252258,
            0.5058086514472961
          ],
          "rotationX":-45.201365474254814,
          "rotationY":-4.792357834909842,
          "rotationZ":-4.809209192252732,
          "group":"fine_string_metalhead",
          "faces":{
            "north":{
              "texture":"#material",
              "uv":[
                13.996484756469727,
                20.778076171875,
                11.566566467285156,
                23.835092544555664
              ],
              "autoUv":false,
              "rotation":270
            },
            "east":{
              "texture":"#material",
              "uv":[
                8.0,
                10.0,
                7.0,
                11.0
              ],
              "autoUv":false,
              "rotation":270
            },
            "south":{
              "texture":"#material",
              "uv":[
                22.0,
                6.004627227783203,
                21.0,
                7.0
              ],
              "autoUv":false,
              "rotation":90
            },
            "west":{
              "texture":"#material",
              "uv":[
                9.0,
                10.0,
                8.0,
                11.0
              ],
              "autoUv":false
            },
            "up":{
              "texture":"#material",
              "uv":[
                11.505132675170898,
                17.025388717651367,
                9.46599006652832,
                19.59078025817871
              ],
              "autoUv":false,
              "rotation":270
            },
            "down":{
              "texture":"#material",
              "uv":[
                14.057918548583984,
                19.59078025817871,
                16.097061157226562,
                17.025388717651367
              ],
              "autoUv":false,
              "rotation":270
            }
          },
          "children":[]
        },
        {
          "name":"fine_string_metalhead 14",
          "from":[
            -2.991886243224144,
            -0.7304249703884125,
            0.340917244553566
          ],
          "to":[
            -2.5185774713754654,
            -0.25830093026161194,
            0.673398956656456
          ],
          "rotationOrigin":[
            -2.7552318572998047,
            -0.4943629503250122,
            0.507158100605011
          ],
          "rotationX":45.201365474254814,
          "rotationY":-4.792357834909842,
          "rotationZ":4.809209192252732,
          "group":"fine_string_metalhead",
          "faces":{
            "north":{
              "texture":"#material",
              "uv":[
                13.996484756469727,
                20.778076171875,
                11.566566467285156,
                23.835092544555664
              ],
              "autoUv":false,
              "rotation":270
            },
            "east":{
              "texture":"#material",
              "uv":[
                19.0,
                10.0,
                18.0,
                11.0
              ],
              "autoUv":false,
              "rotation":270
            },
            "south":{
              "texture":"#material",
              "uv":[
                21.0,
                6.005950927734375,
                20.0,
                6.998674392700195
              ],
              "autoUv":false,
              "rotation":90
            },
            "west":{
              "texture":"#material",
              "uv":[
                19.0,
                9.0,
                18.0,
                10.0
              ],
              "autoUv":false
            },
            "up":{
              "texture":"#material",
              "uv":[
                11.505132675170898,
                17.025388717651367,
                9.46599006652832,
                19.59078025817871
              ],
              "autoUv":false,
              "rotation":270
            },
            "down":{
              "texture":"#material",
              "uv":[
                14.057918548583984,
                19.59078025817871,
                16.097061157226562,
                17.025388717651367
              ],
              "autoUv":false,
              "rotation":270
            }
          },
          "children":[]
        },
        {
          "name":"fine_string_metalhead 15",
          "from":[
            2.9517605304718018,
            -0.7788342237472534,
            -0.8904358148574829
          ],
          "to":[
            3.4273135662078857,
            1.2160568237304688,
            0.43949151039123535
          ],
          "rotationOrigin":[
            3.1895370483398438,
            0.21861129999160767,
            -0.22547215223312378
          ],
          "rotationY":-3.723729062371272,
          "group":"fine_string_metalhead",
          "faces":{
            "north":{
              "texture":"#material",
              "uv":[
                13.503095626831055,
                21.40650749206543,
                18.496902465820312,
                27.718875885009766
              ],
              "autoUv":false,
              "rotation":270
            },
            "east":{
              "texture":"#material",
              "uv":[
                7.0,
                7.0,
                9.0,
                10.0
              ],
              "autoUv":false
            },
            "south":{
              "texture":"#material",
              "uv":[
                13.503097534179688,
                12.281126022338867,
                18.496904373168945,
                18.59349250793457
              ],
              "autoUv":false,
              "rotation":270
            },
            "west":{
              "texture":"#material",
              "uv":[
                9.0,
                8.0,
                12.0,
                10.0
              ],
              "autoUv":false,
              "rotation":270
            },
            "up":{
              "texture":"#material",
              "uv":[
                10.0,
                8.0,
                11.0,
                10.000001907348633
              ],
              "autoUv":false
            },
            "down":{
              "texture":"#material",
              "uv":[
                10.0,
                10.000001907348633,
                9.0,
                8.0
              ],
              "autoUv":false
            }
          },
          "children":[]
        },
        {
          "name":"fine_string_metalhead 16",
          "from":[
            3.0057432651519775,
            -0.44635236263275146,
            -1.2211612910032272
          ],
          "to":[
            3.4812963008880615,
            0.8835749626159668,
            -0.8886794596910477
          ],
          "rotationOrigin":[
            3.2435197830200195,
            0.21861129999160767,
            -1.0549203753471375
          ],
          "rotationY":-3.723729062371272,
          "group":"fine_string_metalhead",
          "faces":{
            "north":{
              "texture":"#material",
              "uv":[
                7.0,
                8.0,
                8.0,
                10.000001907348633
              ],
              "autoUv":false
            },
            "east":{
              "texture":"#material",
              "uv":[
                17.0,
                8.0,
                20.0,
                9.0
              ],
              "autoUv":false,
              "rotation":270
            },
            "south":{
              "texture":"#material",
              "uv":[
                11.439449310302734,
                13.602106094360352,
                14.053947448730469,
                16.906930923461914
              ],
              "autoUv":false,
              "rotation":270
            },
            "west":{
              "texture":"#material",
              "uv":[
                15.0,
                6.0,
                16.0,
                9.0
              ],
              "autoUv":false
            },
            "up":{
              "texture":"#material",
              "uv":[
                14.053945541381836,
                13.602106094360352,
                16.66844367980957,
                16.906930923461914
              ],
              "autoUv":false,
              "rotation":270
            },
            "down":{
              "texture":"#material",
              "uv":[
                11.439449310302734,
                16.906930923461914,
                8.824951171875,
                13.602106094360352
              ],
              "autoUv":false,
              "rotation":270
            }
          },
          "children":[]
        },
        {
          "name":"fine_string_metalhead 17",
          "from":[
            2.8977787494659424,
            -0.44635236263275146,
            0.4377361088991165
          ],
          "to":[
            3.3733317852020264,
            0.8835749626159668,
            0.7702179402112961
          ],
          "rotationOrigin":[
            3.1355552673339844,
            0.21861129999160767,
            0.6039770245552063
          ],
          "rotationY":-3.723729062371272,
          "group":"fine_string_metalhead",
          "faces":{
            "north":{
              "texture":"#material",
              "uv":[
                17.870914459228516,
                21.18915557861328,
                21.949893951416016,
                26.345142364501953
              ],
              "autoUv":false,
              "rotation":270
            },
            "east":{
              "texture":"#material",
              "uv":[
                7.0,
                3.0,
                8.0,
                6.0
              ],
              "autoUv":false
            },
            "south":{
              "texture":"#material",
              "uv":[
                12.0,
                8.0,
                13.0,
                10.000001907348633
              ],
              "autoUv":false
            },
            "west":{
              "texture":"#material",
              "uv":[
                8.0,
                3.0,
                9.0,
                6.0
              ],
              "autoUv":false
            },
            "up":{
              "texture":"#material",
              "uv":[
                22.151803970336914,
                16.81692886352539,
                24.191295623779297,
                19.394920349121094
              ],
              "autoUv":false,
              "rotation":270
            },
            "down":{
              "texture":"#material",
              "uv":[
                17.669002532958984,
                19.394920349121094,
                15.629512786865234,
                16.81692886352539
              ],
              "autoUv":false,
              "rotation":270
            }
          },
          "children":[]
        },
        {
          "name":"fine_string_metalhead 18",
          "from":[
            2.998200312256813,
            -0.7304249629378319,
            -1.1046098321676254
          ],
          "to":[
            3.4715090841054916,
            -0.25830092281103134,
            -0.7721281200647354
          ],
          "rotationOrigin":[
            3.2348546981811523,
            -0.4943629428744316,
            -0.9383689761161804
          ],
          "rotationX":-45.06054404904208,
          "rotationY":-2.632145945022994,
          "rotationZ":-2.6349281798927167,
          "group":"fine_string_metalhead",
          "faces":{
            "north":{
              "texture":"#material",
              "uv":[
                9.0,
                6.004627227783203,
                10.0,
                7.0
              ],
              "autoUv":false,
              "rotation":270
            },
            "east":{
              "texture":"#material",
              "uv":[
                18.0,
                9.0,
                19.0,
                10.0
              ],
              "autoUv":false,
              "rotation":270
            },
            "south":{
              "texture":"#material",
              "uv":[
                9.68777847290039,
                14.245357513427734,
                11.849477767944336,
                16.964933395385742
              ],
              "autoUv":false,
              "rotation":270
            },
            "west":{
              "texture":"#material",
              "uv":[
                17.0,
                9.0,
                18.0,
                10.0
              ],
              "autoUv":false
            },
            "up":{
              "texture":"#material",
              "uv":[
                11.849477767944336,
                14.245357513427734,
                14.011177062988281,
                16.964933395385742
              ],
              "autoUv":false,
              "rotation":270
            },
            "down":{
              "texture":"#material",
              "uv":[
                9.68777847290039,
                16.964933395385742,
                7.526081085205078,
                14.245357513427734
              ],
              "autoUv":false,
              "rotation":270
            }
          },
          "children":[]
        },
        {
          "name":"fine_string_metalhead 19",
          "from":[
            2.9981116205453873,
            0.6968840062618256,
            -1.1032527536153793
          ],
          "to":[
            3.471420392394066,
            1.169008046388626,
            -0.7707710415124893
          ],
          "rotationOrigin":[
            3.2347660064697266,
            0.9329460263252258,
            -0.9370118975639343
          ],
          "rotationX":45.06054404904208,
          "rotationY":-2.632145945022994,
          "rotationZ":2.6349281798927167,
          "group":"fine_string_metalhead",
          "faces":{
            "north":{
              "texture":"#material",
              "uv":[
                11.0,
                6.004627227783203,
                12.0,
                7.0
              ],
              "autoUv":false,
              "rotation":270
            },
            "east":{
              "texture":"#material",
              "uv":[
                24.0,
                10.0,
                25.0,
                11.0
              ],
              "autoUv":false,
              "rotation":270
            },
            "south":{
              "texture":"#material",
              "uv":[
                10.402828216552734,
                13.172782897949219,
                12.564529418945312,
                15.892358779907227
              ],
              "autoUv":false,
              "rotation":270
            },
            "west":{
              "texture":"#material",
              "uv":[
                23.0,
                10.0,
                24.0,
                11.0
              ],
              "autoUv":false
            },
            "up":{
              "texture":"#material",
              "uv":[
                12.564529418945312,
                13.172782897949219,
                14.726226806640625,
                15.892358779907227
              ],
              "autoUv":false,
              "rotation":270
            },
            "down":{
              "texture":"#material",
              "uv":[
                10.402830123901367,
                15.892358779907227,
                8.241130828857422,
                13.172782897949219
              ],
              "autoUv":false,
              "rotation":270
            }
          },
          "children":[]
        },
        {
          "name":"fine_string_metalhead 20",
          "from":[
            2.905502215027809,
            0.6968840062618256,
            0.31968750059604645
          ],
          "to":[
            3.3788109868764877,
            1.169008046388626,
            0.6521692126989365
          ],
          "rotationOrigin":[
            3.1421566009521484,
            0.9329460263252258,
            0.48592835664749146
          ],
          "rotationX":-45.06054404904208,
          "rotationY":-2.632145945022994,
          "rotationZ":-2.6349281798927167,
          "group":"fine_string_metalhead",
          "faces":{
            "north":{
              "texture":"#material",
              "uv":[
                20.003515243530273,
                20.778076171875,
                22.433433532714844,
                23.835092544555664
              ],
              "autoUv":false,
              "rotation":270
            },
            "east":{
              "texture":"#material",
              "uv":[
                26.0,
                10.0,
                27.0,
                11.0
              ],
              "autoUv":false,
              "rotation":270
            },
            "south":{
              "texture":"#material",
              "uv":[
                12.0,
                6.004627227783203,
                13.0,
                7.0
              ],
              "autoUv":false,
              "rotation":90
            },
            "west":{
              "texture":"#material",
              "uv":[
                25.0,
                10.0,
                26.0,
                11.0
              ],
              "autoUv":false
            },
            "up":{
              "texture":"#material",
              "uv":[
                22.4948673248291,
                17.025388717651367,
                24.53400993347168,
                19.59078025817871
              ],
              "autoUv":false,
              "rotation":270
            },
            "down":{
              "texture":"#material",
              "uv":[
                19.942081451416016,
                19.59078025817871,
                17.902938842773438,
                17.025388717651367
              ],
              "autoUv":false,
              "rotation":270
            }
          },
          "children":[]
        },
        {
          "name":"fine_string_metalhead 21",
          "from":[
            2.905412569642067,
            -0.7304249629378319,
            0.32104362547397614
          ],
          "to":[
            3.3787213414907455,
            -0.25830092281103134,
            0.6535253375768661
          ],
          "rotationOrigin":[
            3.1420669555664062,
            -0.4943629428744316,
            0.48728448152542114
          ],
          "rotationX":45.06054404904208,
          "rotationY":-2.632145945022994,
          "rotationZ":2.6349281798927167,
          "group":"fine_string_metalhead",
          "faces":{
            "north":{
              "texture":"#material",
              "uv":[
                20.003515243530273,
                20.778076171875,
                22.433433532714844,
                23.835092544555664
              ],
              "autoUv":false,
              "rotation":270
            },
            "east":{
              "texture":"#material",
              "uv":[
                15.0,
                10.0,
                16.0,
                11.0
              ],
              "autoUv":false,
              "rotation":270
            },
            "south":{
              "texture":"#material",
              "uv":[
                13.0,
                6.005950927734375,
                14.0,
                6.998674392700195
              ],
              "autoUv":false,
              "rotation":90
            },
            "west":{
              "texture":"#material",
              "uv":[
                15.0,
                9.0,
                16.0,
                10.0
              ],
              "autoUv":false
            },
            "up":{
              "texture":"#material",
              "uv":[
                22.4948673248291,
                17.025388717651367,
                24.53400993347168,
                19.59078025817871
              ],
              "autoUv":false,
              "rotation":270
            },
            "down":{
              "texture":"#material",
              "uv":[
                19.942081451416016,
                19.59078025817871,
                17.902938842773438,
                17.025388717651367
              ],
              "autoUv":false,
              "rotation":270
            }
          },
          "children":[]
        },
        {
          "name":"fine_string_metalhead 22",
          "from":[
            2.321860894560814,
            -0.7432020902633667,
            -0.8312196731567383
          ],
          "to":[
            2.7804321199655533,
            1.1804524660110474,
            0.45121634006500244
          ],
          "rotationOrigin":[
            2.5511465072631836,
            0.21862518787384033,
            -0.19000166654586792
          ],
          "rotationY":10.863802634367032,
          "group":"fine_string_metalhead",
          "faces":{
            "north":{
              "texture":"#material",
              "uv":[
                20.496904373168945,
                21.40650749206543,
                15.503097534179688,
                27.718875885009766
              ],
              "autoUv":false,
              "rotation":270
            },
            "east":{
              "texture":"#material",
              "uv":[
                27.0,
                7.0,
                25.0,
                10.0
              ],
              "autoUv":false
            },
            "south":{
              "texture":"#material",
              "uv":[
                20.496902465820312,
                12.281126022338867,
                15.503095626831055,
                18.59349250793457
              ],
              "autoUv":false,
              "rotation":270
            },
            "west":{
              "texture":"#material",
              "uv":[
                25.0,
                8.0,
                22.0,
                10.0
              ],
              "autoUv":false,
              "rotation":270
            },
            "up":{
              "texture":"#material",
              "uv":[
                24.0,
                8.0,
                23.0,
                10.000001907348633
              ],
              "autoUv":false
            },
            "down":{
              "texture":"#material",
              "uv":[
                24.0,
                10.000001907348633,
                25.0,
                8.0
              ],
              "autoUv":false
            }
          },
          "children":[]
        },
        {
          "name":"fine_string_metalhead 23",
          "from":[
            2.1707931607961655,
            -0.4225929379463196,
            -1.1374632269144058
          ],
          "to":[
            2.629364386200905,
            0.8598433136940002,
            -0.8168542236089706
          ],
          "rotationOrigin":[
            2.400078773498535,
            0.21862518787384033,
            -0.9771587252616882
          ],
          "rotationY":10.863802634367032,
          "group":"fine_string_metalhead",
          "faces":{
            "north":{
              "texture":"#material",
              "uv":[
                27.0,
                8.0,
                26.0,
                10.000001907348633
              ],
              "autoUv":false
            },
            "east":{
              "texture":"#material",
              "uv":[
                17.0,
                8.0,
                14.0,
                9.0
              ],
              "autoUv":false,
              "rotation":270
            },
            "south":{
              "texture":"#material",
              "uv":[
                22.560550689697266,
                13.602106094360352,
                19.94605255126953,
                16.906930923461914
              ],
              "autoUv":false,
              "rotation":270
            },
            "west":{
              "texture":"#material",
              "uv":[
                19.0,
                6.0,
                18.0,
                9.0
              ],
              "autoUv":false
            },
            "up":{
              "texture":"#material",
              "uv":[
                19.946054458618164,
                13.602106094360352,
                17.33155632019043,
                16.906930923461914
              ],
              "autoUv":false,
              "rotation":270
            },
            "down":{
              "texture":"#material",
              "uv":[
                22.560550689697266,
                16.906930923461914,
                25.175048828125,
                13.602106094360352
              ],
              "autoUv":false,
              "rotation":270
            }
          },
          "children":[]
        },
        {
          "name":"fine_string_metalhead 24",
          "from":[
            2.4729286283254623,
            -0.4225929379463196,
            0.4368508905172348
          ],
          "to":[
            2.9314998537302017,
            0.8598433136940002,
            0.75745989382267
          ],
          "rotationOrigin":[
            2.702214241027832,
            0.21862518787384033,
            0.5971553921699524
          ],
          "rotationY":10.863802634367032,
          "group":"fine_string_metalhead",
          "faces":{
            "north":{
              "texture":"#material",
              "uv":[
                16.129085540771484,
                21.18915557861328,
                12.050106048583984,
                26.345142364501953
              ],
              "autoUv":false,
              "rotation":270
            },
            "east":{
              "texture":"#material",
              "uv":[
                27.0,
                3.0,
                26.0,
                6.0
              ],
              "autoUv":false
            },
            "south":{
              "texture":"#material",
              "uv":[
                22.0,
                8.0,
                21.0,
                10.000001907348633
              ],
              "autoUv":false
            },
            "west":{
              "texture":"#material",
              "uv":[
                26.0,
                3.0,
                25.0,
                6.0
              ],
              "autoUv":false
            },
            "up":{
              "texture":"#material",
              "uv":[
                11.848196029663086,
                16.81692886352539,
                9.808704376220703,
                19.394920349121094
              ],
              "autoUv":false,
              "rotation":270
            },
            "down":{
              "texture":"#material",
              "uv":[
                16.330997467041016,
                19.394920349121094,
                18.370487213134766,
                16.81692886352539
              ],
              "autoUv":false,
              "rotation":270
            }
          },
          "children":[]
        },
        {
          "name":"fine_string_metalhead 25",
          "from":[
            2.192095994949341,
            -0.6965215243399143,
            -1.0265914350748062
          ],
          "to":[
            2.648503065109253,
            -0.24125683680176735,
            -0.705982431769371
          ],
          "rotationOrigin":[
            2.420299530029297,
            -0.46888918057084084,
            -0.8662869334220886
          ],
          "rotationX":-45.51807110078455,
          "rotationY":7.658705630487284,
          "rotationZ":7.728061932640532,
          "group":"fine_string_metalhead",
          "faces":{
            "north":{
              "texture":"#material",
              "uv":[
                25.0,
                6.004627227783203,
                24.0,
                7.0
              ],
              "autoUv":false,
              "rotation":270
            },
            "east":{
              "texture":"#material",
              "uv":[
                16.0,
                9.0,
                15.0,
                10.0
              ],
              "autoUv":false,
              "rotation":270
            },
            "south":{
              "texture":"#material",
              "uv":[
                24.31222152709961,
                14.245357513427734,
                22.150522232055664,
                16.964933395385742
              ],
              "autoUv":false,
              "rotation":270
            },
            "west":{
              "texture":"#material",
              "uv":[
                17.0,
                9.0,
                16.0,
                10.0
              ],
              "autoUv":false
            },
            "up":{
              "texture":"#material",
              "uv":[
                22.150522232055664,
                14.245357513427734,
                19.98882293701172,
                16.964933395385742
              ],
              "autoUv":false,
              "rotation":270
            },
            "down":{
              "texture":"#material",
              "uv":[
                24.31222152709961,
                16.964933395385742,
                26.473918914794922,
                14.245357513427734
              ],
              "autoUv":false,
              "rotation":270
            }
          },
          "children":[]
        },
        {
          "name":"fine_string_metalhead 26",
          "from":[
            2.1923420429229736,
            0.6798189878463745,
            -1.0253039747476578
          ],
          "to":[
            2.6487491130828857,
            1.1350836753845215,
            -0.7046949714422226
          ],
          "rotationOrigin":[
            2.4205455780029297,
            0.907451331615448,
            -0.8649994730949402
          ],
          "rotationX":45.51807110078455,
          "rotationY":7.658705630487284,
          "rotationZ":-7.728061932640532,
          "group":"fine_string_metalhead",
          "faces":{
            "north":{
              "texture":"#material",
              "uv":[
                23.0,
                6.004627227783203,
                22.0,
                7.0
              ],
              "autoUv":false,
              "rotation":270
            },
            "east":{
              "texture":"#material",
              "uv":[
                10.0,
                10.0,
                9.0,
                11.0
              ],
              "autoUv":false,
              "rotation":270
            },
            "south":{
              "texture":"#material",
              "uv":[
                23.597171783447266,
                13.172782897949219,
                21.435470581054688,
                15.892358779907227
              ],
              "autoUv":false,
              "rotation":270
            },
            "west":{
              "texture":"#material",
              "uv":[
                11.0,
                10.0,
                10.0,
                11.0
              ],
              "autoUv":false
            },
            "up":{
              "texture":"#material",
              "uv":[
                21.435470581054688,
                13.172782897949219,
                19.273773193359375,
                15.892358779907227
              ],
              "autoUv":false,
              "rotation":270
            },
            "down":{
              "texture":"#material",
              "uv":[
                23.597169876098633,
                15.892358779907227,
                25.758869171142578,
                13.172782897949219
              ],
              "autoUv":false,
              "rotation":270
            }
          },
          "children":[]
        },
        {
          "name":"fine_string_metalhead 27",
          "from":[
            2.4515011310577393,
            0.6798189878463745,
            0.3250831216573715
          ],
          "to":[
            2.9079082012176514,
            1.1350836753845215,
            0.6456921249628067
          ],
          "rotationOrigin":[
            2.6797046661376953,
            0.907451331615448,
            0.4853876233100891
          ],
          "rotationX":-45.51807110078455,
          "rotationY":7.658705630487284,
          "rotationZ":7.728061932640532,
          "group":"fine_string_metalhead",
          "faces":{
            "north":{
              "texture":"#material",
              "uv":[
                13.996484756469727,
                20.778076171875,
                11.566566467285156,
                23.835092544555664
              ],
              "autoUv":false,
              "rotation":270
            },
            "east":{
              "texture":"#material",
              "uv":[
                8.0,
                10.0,
                7.0,
                11.0
              ],
              "autoUv":false,
              "rotation":270
            },
            "south":{
              "texture":"#material",
              "uv":[
                22.0,
                6.004627227783203,
                21.0,
                7.0
              ],
              "autoUv":false,
              "rotation":90
            },
            "west":{
              "texture":"#material",
              "uv":[
                9.0,
                10.0,
                8.0,
                11.0
              ],
              "autoUv":false
            },
            "up":{
              "texture":"#material",
              "uv":[
                11.505132675170898,
                17.025388717651367,
                9.46599006652832,
                19.59078025817871
              ],
              "autoUv":false,
              "rotation":270
            },
            "down":{
              "texture":"#material",
              "uv":[
                14.057918548583984,
                19.59078025817871,
                16.097061157226562,
                17.025388717651367
              ],
              "autoUv":false,
              "rotation":270
            }
          },
          "children":[]
        },
        {
          "name":"fine_string_metalhead 28",
          "from":[
            2.451747179031372,
            -0.6965215168893337,
            0.32637058198451996
          ],
          "to":[
            2.908154249191284,
            -0.24125682935118675,
            0.6469795852899551
          ],
          "rotationOrigin":[
            2.679950714111328,
            -0.46888917312026024,
            0.48667508363723755
          ],
          "rotationX":45.51807110078455,
          "rotationY":7.658705630487284,
          "rotationZ":-7.728061932640532,
          "group":"fine_string_metalhead",
          "faces":{
            "north":{
              "texture":"#material",
              "uv":[
                13.996484756469727,
                20.778076171875,
                11.566566467285156,
                23.835092544555664
              ],
              "autoUv":false,
              "rotation":270
            },
            "east":{
              "texture":"#material",
              "uv":[
                19.0,
                10.0,
                18.0,
                11.0
              ],
              "autoUv":false,
              "rotation":270
            },
            "south":{
              "texture":"#material",
              "uv":[
                21.0,
                6.005950927734375,
                20.0,
                6.998674392700195
              ],
              "autoUv":false,
              "rotation":90
            },
            "west":{
              "texture":"#material",
              "uv":[
                19.0,
                9.0,
                18.0,
                10.0
              ],
              "autoUv":false
            },
            "up":{
              "texture":"#material",
              "uv":[
                11.505132675170898,
                17.025388717651367,
                9.46599006652832,
                19.59078025817871
              ],
              "autoUv":false,
              "rotation":270
            },
            "down":{
              "texture":"#material",
              "uv":[
                14.057918548583984,
                19.59078025817871,
                16.097061157226562,
                17.025388717651367
              ],
              "autoUv":false,
              "rotation":270
            }
          },
          "children":[]
        },
        {
          "name":"fine_string_metalhead 29",
          "from":[
            2.685590475797653,
            -0.6355338841676712,
            0.035738587379455566
          ],
          "to":[
            3.0410444736480713,
            -0.3064240962266922,
            1.065688133239746
          ],
          "rotationOrigin":[
            2.8633174896240234,
            -0.4709789752960205,
            0.5507133603096008
          ],
          "rotationX":60.10072646934229,
          "rotationY":-4.05408226063634,
          "rotationZ":-85.91169032392949,
          "group":"fine_string_metalhead",
          "faces":{
            "north":{
              "texture":"#material",
              "uv":[
                12.0,
                1.9999980926513672,
                13.0,
                3.0
              ],
              "autoUv":false
            },
            "east":{
              "texture":"#material",
              "uv":[
                2.0,
                2.0,
                4.0,
                3.0
              ],
              "autoUv":false,
              "rotation":180
            },
            "south":{
              "texture":"#material",
              "uv":[
                19.0,
                2.0,
                19.999998092651367,
                3.0
              ],
              "autoUv":false,
              "rotation":180
            },
            "west":{
              "texture":"#material",
              "uv":[
                6.0,
                2.000001907348633,
                7.999999523162842,
                3.0
              ],
              "autoUv":false
            },
            "up":{
              "texture":"#material",
              "uv":[
                1.0,
                0.9999980926513672,
                2.000000476837158,
                3.0
              ],
              "autoUv":false
            },
            "down":{
              "texture":"#material",
              "uv":[
                6.999999523162842,
                11.000001907348633,
                6.0,
                8.999998092651367
              ],
              "autoUv":false,
              "rotation":180
            }
          },
          "children":[]
        }
      ]
    }
  ],
  "groups":[]
}