{"GameVersion":"1.21.5","SizeX":1,"SizeY":1,"SizeZ":1,"BlockCodes":{"8606":"game:clutter"},"ItemCodes":{},"Indices":[0],"BlockIds":[8606],"DecorIndices":[],"DecorIds":[],"BlockEntities":{"0":"!<d@[F*Nr-#64c-E,TfC!rr<$!<d@[F*at<#64o6@VfsmCI<#NAHu^]F`__:EWlSfH#R='CggjbATBA2B4YU.\":&scFCB9&=9&=$!!EUFATMNNDJ*csgCME@\":&scFCB9&=o\\O&!!rsADes6$@ru9m!!E[MAT2'lE`7'gFCbFP!!!-,De<U&ATV#S!!!!%#B+3dF(KGrz\":&jWAohO*=o\\O&!!!"},"Entities":[],"ReplaceMode":2,"EntranceRotation":-1,"OriginalPos":{"X":516244,"Z":513197,"InternalY":3}}