{
	code: "clothes",
	class: "ItemWearable",
	variantgroups: [
		{ code: "category",  states: ["shoulder"] },		
		{ code: "shoulder", combine: "SelectiveMultiply", onVariant: "category", states: ["unstablethrone-crow","unstablethrone-sammy"] }
	],
	attributes: {
		wearableAttachment: true,
		clothescategory: "shoulder",
		disableElementsByType: {
			"*-marketeer": ["hoodupperover", "ponytailhigh", "ponytaillow", "hair-uncovered", "hidehat"],
			
		},
		keepElementsByType: {
			
			"*-marketeer": ["hair-covered"]
			
		},
		warmthByType: {
			
			"*-unstablethrone-crow": 1,
			"*-unstablethrone-sammy": 0.5
			
		}
	},
	storageFlags: 128,
	shapeByType: {
		
		"*-unstablethrone-crow": { base: "clothes/crowshoulder" },
		"*-unstablethrone-sammy": { base: "clothes/sammyshoulder" }
	},
	texturesByType: {
		"*": {			
			"seraph": { base: "game:block/transparent" }
			
		}
		
	},
	creativeinventory: { "general": ["*"], "items": ["*"], "clothing": ["*"],"unstablethrone": ["*"] },
	renderAlphaTest: 0.25,
	fpHandTransform: {
		translation: { x: -0.15, y: -0.8, z: 0.3 },
		rotation: { x: 180, y: 150, z: 180 },
		scale: 2
	},
	tpHandTransformByType: {
		
		"*": {
			translation: { x: 0, y: -0.7, z: -0.7 },
			rotation: { x: -81, y: 180, z: 91 },
			scale: 0.59
		}
	},
	guiTransformByType: {
				"*-sammy": 	{
		translation: { x: 26, y: 26, z: 12 },
		rotation: { x: -178, y: -51, z: -10 },
		origin: { x: 0.5, y: 1.4, z: 0.5 },
		scale: 6
	},
		"*": {
			rotate: false,
			translation: { x: 2, y: 0, z: 17 },
			rotation: { x: -178, y: -65, z: 10 },
			origin: { x: 0.5, y: 1.4, z: 0.5 },
			scale: 2.2
		}
	},
	groundTransform: {
		translation: { x: 0.05, y: 0.1, z: 0 },
		rotation: { x: 0, y: 0, z: -87 },
		origin: { x: 0.5, y: 0.5, z: 0.5299 },
		scale: 2.19
	}
}