{
  "code": "tuningcylinder",
  behaviors: [
    {
      name: "GroundStorable",
      properties: {
        layout: 'Quadrants',
        collisionBox: {
          x1: 0,
          y1: 0,
          z1: 0,
          x2: 1,
          y2: 0.125,
          z2: 1
        }
      }
    }
  ],
  attributes: {
    scrollrackable: true,
    onscrollrackTransform: {
      translation: {
        x: -0.52,
        y: -0.28,
        z: 0.5
      },
      rotation: {
        x: -47,
        y: 5,
        z: -95
      },
      origin: {
        x: 0.5,
        y: 0.2,
        z: 0.5
      }
    },
    isPlayableDisc: true,
    musicTrackByType: {
      "*-us1": "unstablethrone:music/goblinjuice.ogg",
      "*-us2": "unstablethrone:music/unstablethrone.ogg",
      "*-us3": "unstablethrone:music/sammy.ogg",
      "*-us4": "unstablethrone:music/redactedalt.ogg",
      "*-us5": "unstablethrone:music/redactedclub.ogg",
      "*-us6": "unstablethrone:music/redactedfinale.ogg",
      "*-us7": "unstablethrone:music/discoveringchiseltools.ogg",
      "*-us8": "unstablethrone:music/sammyepic.ogg",
    }
  },
  creativeinventory: { "unstablethrone": [ "*" ] },
  variantgroups: [
    {
      code: "type",
      states: [ "us1","us2","us3","us4","us5","us6","us7","us8" ]
    }
  ],
  shape: { base: "unstablethrone:cylinder" },
  textures: {
    colorByType: {
      "*-us1": { base: "unstablethrone:cylinderhead-goblin" },
      "*-us2": { base: "game:block/liquid/dye/black" },
      "*-us3": { base: "unstablethrone:cylinderhead-sammy" },
      "*-us4": { base: "unstablethrone:cylinderhead-redacted" },
      "*-us5": { base: "unstablethrone:cylinderhead-redacted" },
      "*-us6": { base: "unstablethrone:cylinderhead-redacted" },
      "*-us7": { base: "unstablethrone:cylinderhead-gold" },
      "*-us8": { base: "unstablethrone:cylinderhead-sammycrown" }

    }
  },
  maxstacksize: 1,
  guiTransform: {
    translation: {
      x: 2,
      y: 0,
      z: 0
    },
    rotation: {
      x: 147,
      y: -14,
      z: -31
    },
    origin: {
      x: 0.5,
      y: 0.3,
      z: 0.5
    },
    scale: 2.39
  },
  fpHandTransform: {
    translation: {
      x: -0.05,
      y: 0,
      z: 0
    },
    rotation: {
      x: 15,
      y: 99,
      z: -30
    },
    origin: {
      x: 0.5,
      y: 0.1,
      z: 0.5
    },
    scale: 1.75
  },
  tpHandTransform: {
    translation: {
      x: -1.1,
      y: -0.7,
      z: -0.7
    },
    rotation: {
      x: 95,
      y: -1,
      z: -76
    },
    scale: 0.65
  },
  groundTransform: {
    translation: {
      x: 0,
      y: 0,
      z: 0
    },
    rotation: {
      x: 90,
      y: 0,
      z: 0
    },
    origin: {
      x: 0.5,
      y: 0.5,
      z: 0.58
    },
    scale: 4.1
  }
}
