{
    "code": "crow_flying",
    "class": "EntityAgent",
	tags: ["animal", "huntable", "habitat-land"],	
    "hitboxSize": {
        "x": 0.52,
        "y": 1.0
    },
    "deadHitboxSize": {
        "x": 0.6,
        "y": 0.6
    },
    "eyeHeight": 0.6,
    "swimmingEyeHeight": 20,
    "drops": [],
	"weight": 0.056,	
	canClimb: true,
	canClimbAnywhere: true,
	climbTouchDistance: 0.1,	
    "habitat": "Air",
    "fallDamageMultiplier": 0.25,	
    "attributes": {
        "basketCatchable": true,
        "trapChance": 0.2,
        "trapDestroyChance": 0.08,
        "creatureDiet": {
            "foodCategories": [
                "Fruit"
            ],
            "foodTags": [
                "lootableSweet",
                "sweetBerryBush"
            ],
            "skipFoodTags": [
                "honeycomb"
            ]
        },
        "handbook": {
            "groupcode": "thecritterpack:creaturegroup-crow"
        },
        "physics": {}
    },
    "client": {
        "renderer": "Shape",
        "shape": {
            "base": "entity/air/crow/crow2-0c"
        },
        "texture": {
            "base": "entity/crow/crow-redo-2"
        },
        "size": 1.15,
        "behaviors": [
            {
                "code": "repulseagents"
            },
            {
                "code": "controlledphysics",
                "stepHeight": 1.8251,
            },
            {
                "code": "interpolateposition"
            },
            {
                "code": "harvestable"
            },
            {
                "code": "floatupwhenstuck",
                "onlyWhenDead": false,
            },		
			{ 
				code: "passivephysics", 
				groundDragFactor: 0,
				airDragFactor: -0.5,
				gravityFactor: -0.003
			}, 
        ],
        "animations": [
            {
                "code": "hurt",
                "animation": "hurt",
                "animationSpeed": 2.2,
                "weight": 10,
                "blendMode": "AddAverage"
            },
            {
                "code": "die",
                "animation": "death",
                "animationSpeed": 1.25,
                "weight": 10,
                "blendMode": "Average",
                "triggeredBy": {
                    "onControls": [
                        "dead"
                    ]
                }
            },
            {
                "code": "idle",
                "animation": "idle",
                "blendMode": "addAverage",
                "easeOutSpeed": 4,
                "animationSpeed": 1,
                "supressDefaultAnimation": true
            },
            {
                "code": "sleep",
                "animation": "sleep",
                "easeInSpeed": 4,
                "easeOutSpeed": 4,
                "blendMode": "Average"
            },
            {
                "code": "sit",
                "animation": "sit",
                "easeInSpeed": 4,
                "easeOutSpeed": 4,
                "triggeredBy": {
                    "onControls": [
                        "floorsitting"
                    ],
                    "matchExact": true
                },
                "blendMode": "Average"
            },
            {
                "code": "eat",
                "animation": "Eat",
                "easeInSpeed": 12,
                "easeOutSpeed": 12,
                "blendMode": "addAverage"
            },
            {
                "code": "fly",
                "animation": "fly",
                "animationSpeed": 2.45,
                "weight": 0.1,
                "blendMode": "Average",
                "triggeredBy": {
                    "defaultAnim": true
                }
            }
        ]
    },
    "server": {
        "attributes": {},
        "behaviors": [
            {
                "code": "repulseagents"
            },
            {
                "code": "despawn",
                "belowLightLevel": 8,
                "minSeconds": 100
            },
            {
                "code": "controlledphysics",
                "stepHeight": 1.8251,
            },
            {
                "code": "health",
                "currenthealth": 4,
                "maxhealth": 4
            },
            {
                "code": "deaddecay",
                "hoursToDecay": 0.05
            },
            {
                "code": "floatupwhenstuck",
                "onlyWhenDead": false,
            },
            {
                "code": "harvestable",
                "drops": [
                    {
                        "type": "item",
                        "code": "poultry-raw",
                        "quantity": {
                            "avg": 1.25,
                            "var": 1.25
                        }
                    },
                    {
                        "type": "item",
                        "code": "feather",
                        "quantity": {
                            "avg": 12,
                            "var": 4
                        }
                    },
                    {
                        "type": "item",
                        "code": "bone",
                        "quantity": {
                            "avg": 0.5,
                            "var": 0
                        }
                    }
                ]
            },
            {
                "code": "emotionstates",
                "states": [
                    {
                        "code": "aggressiveondamage",
                        "duration": 20,
                        "chance": 0.4,
                        "slot": 0,
                        "priority": 2,
                        "accumType": "noaccum"
                    },
                    {
                        "code": "fleeondamage",
                        "duration": 15,
                        "chance": 1,
                        "slot": 0,
                        "priority": 1,
                        "accumType": "max"
                    }
                ]
            },
            {
                "code": "taskai",
				"aiCreatureType": "Humanoid",
                "aitasks": [
                    {
                        "code": "fleeentity",
                        "entityCodes": [
                            "player",
                            "wolf-male",
                            "wolf-female",
                            "fox-*",
                            "bear-*",
                            "little-scarecrow",
                            "bear-*",
							"fresh-scarecrow-entity"
                        ],
                        "priority": 1.8,
                        "movespeed": 0.0412,
                        "animationSpeed": 2.4,
                        "seekingRange": 16,
                        "animation": "fly",
						"sound": "creature/crow/crow1-0*",							
                    },
					{
                        "code": "stayclosetoentity",
                        "priority": 5.0,
                        "entityCode": "bird-crow-adult",
                        "movespeed": 0.027,
                        "maxDistance": 16.0,
                        "searchRange": 20,
                        "animation": "fly",
						"animationSpeed": 1.22
                    },
					{
                        "code": "stayclosetoentity",
                        "priority": 1.0,
                        "entityCode": "crow_flying",
                        "movespeed": 0.027,
                        "maxDistance": 16.0,
                        "searchRange": 20,
                        "animation": "fly",
						"animationSpeed": 1.22
                    },
                    {
                        "code": "wander",
                        "priority": 0.5,
                        "animationSpeed": 1.95,
                        "movespeed": 0.0312,
                        "animation": "Fly",
                        "wanderChance": 0.1,
                        "awaitReached": false,
                        "priorityForCancel": 1.05,	
						"maxHeight": 64,
						"targetDistance": 16,						
                    },
                    {
                        "code": "getoutofwater",
                        "priority": 5.1,
                        "movespeed": 0.0312,
                        "animation": "fly",
                        "animationSpeed": 1
                    },

                ]
            },{ code: "entitystatetags" },			{ 
				code: "passivephysics", 
				groundDragFactor: 0,
				airDragFactor: -0.5,
				gravityFactor: -0.003
			},			{ code: "despawn", minPlayerDistance: 32, minSeconds: 320 },
        ],
        "spawnconditions": {
            "worldgen": {
                "TriesPerChunk": {
                    "avg": 0.001,
                    "var": 0.002
                },
                "tryOnlySurface": true,
                "minLightLevel": 4,
                "maxLightLevel": 8,
                "requiresolidground": true,
                "groupSize": {
                    "dist": "verynarrowgaussian",
                    "avg": 2,
                    "var": 1
                },
                "insideBlockCodes": [
                    "game:air",
                    "game:tallgrass-*"
                ],
                "minTemp": -6,
                "maxTemp": 25,
                "minRain": 0.1,
                "maxRain": 0.9,
                "minForestOrShrubs": 0.10,
                "maxForest": 0.65,
                "maxShrubs": 0.75
            },
            "runtime": {
                "group": "passive",
                "tryOnlySurface": true,
                "chance": 0.00006,			
                "__comment": "Make them spawn in dark places so they don't spawn inside farmland",
				lightLevelType: "MaxTimeOfDayLight",
				minLightLevel: 15,				
                "maxQuantity": 1,
                "MinDistanceToPlayer": 6,				
                "requiresolidground": false,
            "groupSize":{
               "dist":"invexp",
               "avg":1,
               "var":2
            },
                "insideBlockCodes": [
                    "game:tallgrass-*"
                ],
            "minY": 0.7,
            "maxY": 1.4,				
                "minTemp": 2,
                "maxTemp": 24,
                "minRain": 0.1,
                "maxRain": 0.9,
                "minForestOrShrubs": 0.10,
                "maxForest": 0.65,
                "maxShrubs": 0.75,				
            }
        }
    },
    "sounds": {
        "idle": "creature/crow/crow1-0*",
        "hurt": "creature/crow/crow-2hurt"
    },
    "idleSoundChance": 0.12
}