[
	{
		"name": "Debarked Loghalf 3 pieces MN - game (2)",
		"ingredientPattern": "__,LA,LL",
		"ingredients": {
			"A": { "type": "item", "code": "game:axe-*", "isTool": true },
			"L": { "type": "block", "code": "game:debarkedlog-veryaged-ud" }
		},
		"width": 2,
		"height": 3,
		"recipeGroup": 1,
		"output": { "type": "block", "code": "loghalf-debarkedcorner-darkaged-north", "quantity": 3 }
	},
	{
		"name": "Debarked Loghalf 5 pieces MN - game (3)",
		"ingredientPattern": "L__,LA_,LLL",
		"ingredients": {
			"A": { "type": "item", "code": "game:axe-*", "isTool": true },
			"L": { "type": "block", "code": "game:debarkedlog-veryaged-ud" }
		},
		"width": 3,
		"height": 3,
		"recipeGroup": 1,
		"output": { "type": "block", "code": "loghalf-debarkedcorner-darkaged-north", "quantity": 5 }
	},
	{
		"enabled": true,
		"name": "Loghalf Barked Conversion - game -> brady MN (4)",
		"ingredientPattern": "L",
		"ingredients": {
		 "L": { "type": "block", "code": "game:logquad-barkedcorner-aged-north" }
		},
		"width": 1,
		"height": 1,
		"output": { "type": "block", "code": "loghalf-barkedcorner-aged-north" }
	},
	{
		"enabled": true,
		"name": "Loghalf Debarked Conversion - game -> brady MN (5)",
		"ingredientPattern": "L",
		"ingredients": {
		 "L": { "type": "block", "code": "game:logquad-debarkedcorner-aged-north" }
		},
		"width": 1,
		"height": 1,
		"output": { "type": "block", "code": "loghalf-debarkedcorner-aged-north" }
	},
	{
		"enabled": true,
		"name": "Logquad Debarked Conversion - brady MN -> game (7)",
		"ingredientPattern": "L",
		"ingredients": {
		 "L": { "type": "block", "code": "loghalf-debarkedcorner-darkaged-north" }
		},
		"width": 1,
		"height": 1,
		"output": { "type": "block", "code": "game:logquad-debarkedcorner-darkaged-north" }
	},
	{
		"enabled": true,
		"name": "Loghalf Debarked Conversion - game -> brady MN (5)",
		"ingredientPattern": "L",
		"ingredients": {
		 "L": { "type": "block", "code": "game:logquad-debarkedcorner-darkaged-north" }
		},
		"width": 1,
		"height": 1,
		"output": { "type": "block", "code": "loghalf-debarkedcorner-darkaged-north" }
	}
]