{
  "textureWidth":16,
  "textureHeight":16,
  "textures":{
    "wood":"game:block/wood/debarked/oak"
  },
  "textureSizes":{
    "wood":[
      32,
      32
    ]
  },
  "elements":[
    {
      "name":"origin",
      "from":[
        10.79720687866211,
        0.5,
        8.21067351102829
      ],
      "to":[
        10.79720687866211,
        0.5,
        8.21067351102829
      ],
      "rotationOrigin":[
        8.0,
        0.0,
        8.0
      ],
      "group":"Regular",
      "faces":{
        "north":{
          "texture":"#0",
          "uv":[
            0,
            0,
            4,
            4
          ],
          "autoUv":false
        },
        "east":{
          "texture":"#0",
          "uv":[
            0,
            0,
            4,
            4
          ],
          "autoUv":false
        },
        "south":{
          "texture":"#0",
          "uv":[
            0,
            0,
            4,
            4
          ],
          "autoUv":false
        },
        "west":{
          "texture":"#0",
          "uv":[
            0,
            0,
            4,
            4
          ],
          "autoUv":false
        },
        "up":{
          "texture":"#wood",
          "uv":[
            0.0,
            0.0,
            1.0,
            1.0
          ],
          "autoUv":false,
          "rotation":180
        },
        "down":{
          "texture":"#0",
          "uv":[
            0,
            0,
            4,
            4
          ],
          "autoUv":false
        }
      },
      "children":[
        {
          "name":"handle_regular1",
          "from":[
            -7.297208786010742,
            -0.24254459142684937,
            -0.7737380862236023
          ],
          "to":[
            3.541714668273926,
            0.7574554085731506,
            0.2262619137763977
          ],
          "rotationOrigin":[
            -2.0089263916015625,
            0.25745540857315063,
            -0.2737380862236023
          ],
          "group":"Regular",
          "faces":{
            "north":{
              "texture":"#wood",
              "uv":[
                4.404664993286133,
                12.999998092651367,
                29.0,
                16.0
              ],
              "autoUv":false
            },
            "east":{
              "texture":"#wood",
              "uv":[
                6.0,
                0.0,
                8.0,
                4.0
              ],
              "autoUv":false
            },
            "south":{
              "texture":"#wood",
              "uv":[
                2.0,
                22.0,
                26.595333099365234,
                24.999999046325684
              ],
              "autoUv":false
            },
            "west":{
              "texture":"#wood",
              "uv":[
                8.0,
                0.0,
                11.0,
                3.0
              ],
              "autoUv":false
            },
            "up":{
              "texture":"#wood",
              "uv":[
                7.0,
                9.000001907348633,
                31.5953369140625,
                12.0
              ],
              "autoUv":false
            },
            "down":{
              "texture":"#wood",
              "uv":[
                25.0,
                24.0,
                0.404664546251297,
                20.999999046325684
              ],
              "autoUv":false,
              "rotation":180
            }
          },
          "children":[]
        }
      ]
    }
  ],
  "groups":[]
}