{
	"editor": {
		"allAngles": false,
		"entityTextureMode": false
	},
	"textureWidth": 16,
	"textureHeight": 16,
	"textureSizes": {},
	"textures": {
		"surface": "game:block/wood/shelf/surface"
	},
	"elements": [
		{
			"name": "originSeedDrawer",
			"from": [ 0.0, 0.0, 0.0 ],
			"to": [ 0.0, 0.0, 0.0 ],
			"faces": {
			},
			"children": [
				{
					"name": "BackPlank",
					"from": [ 0.0, 0.0, 0.0 ],
					"to": [ 16.0, 16.0, 1.0 ],
					"faces": {
						"north": { "texture": "#surface", "uv": [ 0.0, 3.0, 16.0, 16.0 ], "autoUv": false },
						"east": { "texture": "#surface", "uv": [ 0.0, 3.0, 1.0, 16.0 ], "autoUv": false },
						"south": { "texture": "#surface", "uv": [ 0.0, 3.0, 16.0, 16.0 ], "autoUv": false },
						"west": { "texture": "#surface", "uv": [ 15.0, 3.0, 16.0, 16.0 ], "autoUv": false },
						"up": { "texture": "#surface", "uv": [ 0.0, 15.0, 16.0, 16.0 ] },
						"down": { "texture": "#surface", "uv": [ 0.0, 15.0, 16.0, 16.0 ] }
					},
					"children": [
						{
							"name": "PlankB",
							"from": [ 0.0, 0.0, 1.0 ],
							"to": [ 16.0, 1.0, 12.0 ],
							"rotationOrigin": [ 0.0, 0.0, 1.0 ],
							"faces": {
								"east": { "texture": "#surface", "uv": [ 0.0, 15.0, 11.0, 16.0 ] },
								"south": { "texture": "#surface", "uv": [ 0.0, 15.0, 16.0, 16.0 ] },
								"west": { "texture": "#surface", "uv": [ 5.0, 15.0, 16.0, 16.0 ] },
								"up": { "texture": "#surface", "uv": [ 0.0, 5.0, 16.0, 16.0 ] },
								"down": { "texture": "#surface", "uv": [ 0.0, 5.0, 16.0, 16.0 ] }
							}
						},
						{
							"name": "PlankT",
							"from": [ 0.0, 15.0, 1.0 ],
							"to": [ 16.0, 16.0, 12.0 ],
							"rotationOrigin": [ 0.0, 15.0, 1.0 ],
							"faces": {
								"east": { "texture": "#surface", "uv": [ 0.0, 3.0, 11.0, 4.0 ] },
								"south": { "texture": "#surface", "uv": [ 0.0, 3.0, 16.0, 4.0 ] },
								"west": { "texture": "#surface", "uv": [ 5.0, 3.0, 16.0, 4.0 ] },
								"up": { "texture": "#surface", "uv": [ 0.0, 5.0, 16.0, 16.0 ] },
								"down": { "texture": "#surface", "uv": [ 0.0, 5.0, 16.0, 16.0 ] }
							}
						},
						{
							"name": "PlankL",
							"from": [ 0.0, 1.0, 1.0 ],
							"to": [ 1.0, 15.0, 11.5 ],
							"rotationOrigin": [ 0.0, 1.0, 1.0 ],
							"faces": {
								"east": { "texture": "#surface", "uv": [ 0.0, 4.0, 8.5, 15.0 ], "autoUv": false },
								"south": { "texture": "#surface", "uv": [ 0.0, 4.0, 1.0, 15.0 ], "autoUv": false },
								"west": { "texture": "#surface", "uv": [ 5.5, 4.0, 16.0, 15.0 ], "autoUv": false }
							}
						},
						{
							"name": "PlankR",
							"from": [ 15.0, 1.0, 1.0 ],
							"to": [ 16.0, 15.0, 11.5 ],
							"rotationOrigin": [ 15.0, 1.0, 1.0 ],
							"faces": {
								"east": { "texture": "#surface", "uv": [ 0.0, 4.0, 10.5, 15.0 ], "autoUv": false },
								"south": { "texture": "#surface", "uv": [ 15.0, 4.0, 16.0, 15.0 ], "autoUv": false },
								"west": { "texture": "#surface", "uv": [ 7.5, 4.0, 16.0, 15.0 ], "autoUv": false }
							}
						}
					]
				},
				{
					"name": "DividerB",
					"from": [ 1.0, 4.125, 1.0 ],
					"to": [ 15.0, 4.625, 11.5 ],
					"rotationOrigin": [ 1.0, 1.0, 1.0 ],
					"faces": {
						"south": { "texture": "#surface", "uv": [ 0.0, 3.0, 16.0, 3.5 ], "autoUv": false },
						"up": { "texture": "#surface", "uv": [ 0.0, 5.5, 16.0, 15.5 ], "autoUv": false },
						"down": { "texture": "#surface", "uv": [ 0.0, 5.5, 16.0, 15.5 ], "autoUv": false }
					}
				},
				{
					"name": "DividerM",
					"from": [ 1.0, 7.75, 1.0 ],
					"to": [ 15.0, 8.25, 11.5 ],
					"rotationOrigin": [ 1.0, 1.0, 1.0 ],
					"faces": {
						"south": { "texture": "#surface", "uv": [ 0.0, 3.0, 16.0, 3.5 ], "autoUv": false },
						"up": { "texture": "#surface", "uv": [ 0.0, 5.5, 16.0, 15.5 ], "autoUv": false },
						"down": { "texture": "#surface", "uv": [ 0.0, 5.5, 16.0, 15.5 ], "autoUv": false }
					}
				},
				{
					"name": "DividerT",
					"from": [ 1.0, 11.375, 1.0 ],
					"to": [ 15.0, 11.875, 11.5 ],
					"rotationOrigin": [ 1.0, 1.0, 1.0 ],
					"faces": {
						"south": { "texture": "#surface", "uv": [ 0.0, 3.0, 16.0, 3.5 ], "autoUv": false },
						"up": { "texture": "#surface", "uv": [ 0.0, 5.5, 16.0, 15.5 ], "autoUv": false },
						"down": { "texture": "#surface", "uv": [ 0.0, 5.5, 16.0, 15.5 ], "autoUv": false }
					}
				}
			]
		}
	]}