{
	"editor": {
		"collapsedPaths": "Root/Body/Left Shoulder,Root/Body/Right Shoulder",
		"allAngles": true,
		"entityTextureMode": true
	},
	"textureWidth": 28,
	"textureHeight": 36,
	"textureSizes": {
		"skin": [28,36]
	},
	"textures": {
	},
	"elements": [
		{
			"name": "Neck",
			"from": [ 16.4, 10.1, 7.4 ],
			"to": [ 18.2, 12.6, 8.8 ],
			"unwrapMode": 2,
			"uv": [ 2.5, 7.5 ],
			"rotationOrigin": [ 17.7, 10.0, 8.0 ],
			"rotationZ": 77.0,
			"faces": {
				"north": { "texture": "#skin", "uv": [ 5.0, 9.0, 6.5, 11.5 ], "windMode": [-1,-1,-1,-1], "windData": [0,0,1,0] },
				"east": { "texture": "#skin", "uv": [ 4.0, 9.0, 5.0, 11.5 ], "windMode": [-1,-1,-1,-1], "windData": [1,0,0,1] },
				"south": { "texture": "#skin", "uv": [ 2.5, 9.0, 4.0, 11.5 ] },
				"west": { "texture": "#skin", "uv": [ 6.5, 9.0, 7.5, 11.5 ] },
				"up": { "texture": "#skin", "uv": [ 4.0, 7.5, 5.0, 9.0 ], "rotation": 270 }
			},
			"children": [
				{
					"name": "Neck2",
					"from": [ 0.2, 1.9, 0.05 ],
					"to": [ 1.8, 4.4, 1.35 ],
					"unwrapMode": 2,
					"uv": [ 2.5, 1.0 ],
					"rotationOrigin": [ 1.7, 2.2, 0.75 ],
					"rotationZ": -1.0,
					"faces": {
						"north": { "texture": "#skin", "uv": [ 5.0, 2.5, 6.5, 5.0 ], "windMode": [-1,-1,-1,-1], "windData": [1,1,1,1] },
						"east": { "texture": "#skin", "uv": [ 4.0, 2.5, 5.0, 5.0 ], "windMode": [-1,-1,-1,-1], "windData": [1,1,1,1] },
						"south": { "texture": "#skin", "uv": [ 2.5, 2.5, 4.0, 5.0 ], "windMode": [-1,-1,-1,-1], "windData": [1,1,1,1] },
						"west": { "texture": "#skin", "uv": [ 6.5, 2.5, 7.5, 5.0 ], "windMode": [-1,-1,-1,-1], "windData": [1,1,1,1] },
						"up": { "texture": "#skin", "uv": [ 4.0, 1.0, 5.0, 2.5 ], "rotation": 270, "windMode": [-1,-1,-1,-1], "windData": [1,1,1,1] },
						"down": { "texture": "#skin", "uv": [ 4.0, 5.0, 5.0, 6.5 ], "rotation": 270, "windMode": [-1,-1,-1,-1] }
					},
					"children": [
						{
							"name": "Head",
							"from": [ 1.0, 0.8, -0.2 ],
							"to": [ 2.5, 2.8, 1.4 ],
							"unwrapMode": 4,
							"uv": [ 9.0, 3.5 ],
							"rotationOrigin": [ 1.7, 2.5, 0.7 ],
							"rotationZ": -117.0,
							"faces": {
								"north": { "texture": "#skin", "uv": [ 9.0, 5.0, 10.5, 7.0 ] },
								"east": { "texture": "#skin", "uv": [ 13.5, 5.0, 15.0, 7.0 ] },
								"south": { "texture": "#skin", "uv": [ 12.0, 5.0, 13.5, 7.0 ] },
								"west": { "texture": "#skin", "uv": [ 10.5, 5.0, 12.0, 7.0 ] },
								"up": { "texture": "#skin", "uv": [ 10.5, 3.5, 12.0, 5.0 ], "rotation": 90 },
								"down": { "texture": "#skin", "uv": [ 10.5, 7.0, 12.0, 8.5 ], "rotation": 90 }
							},
							"children": [
								{
									"name": "MouthUp",
									"from": [ -0.7, 0.3, 0.35 ],
									"to": [ 0.5, 0.6, 1.25 ],
									"unwrapMode": 5,
									"unwrapRotation": 1,
									"uv": [ 10.0, 12.0 ],
									"rotationOrigin": [ 0.4, 0.6, 0.75 ],
									"rotationZ": 45.0,
									"faces": {
										"north": { "texture": "#skin", "uv": [ 10.0, 12.0, 10.5, 13.0 ], "rotation": 270 },
										"south": { "texture": "#skin", "uv": [ 11.0, 12.0, 11.5, 13.0 ], "rotation": 90 },
										"west": { "texture": "#skin", "uv": [ 10.5, 13.0, 11.0, 13.5 ] },
										"up": { "texture": "#skin", "uv": [ 10.5, 12.0, 11.0, 13.0 ], "rotation": 90 },
										"down": { "texture": "#skin", "uv": [ 11.5, 12.0, 12.0, 13.0 ], "rotation": 270 }
									},
									"children": [
										{
											"name": "Snout",
											"from": [ -0.2, 0.1, 0.2 ],
											"to": [ 0.3, 0.6, 0.7 ],
											"unwrapMode": 4,
											"uv": [ 13.0, 10.0 ],
											"rotationOrigin": [ -0.2, 0.5, 0.5 ],
											"rotationZ": 12.0,
											"faces": {
												"north": { "texture": "#skin", "uv": [ 13.0, 10.5, 13.5, 11.0 ], "windMode": [-1,-1,-1,-1], "windData": [1,1,1,1] },
												"east": { "texture": "#skin", "uv": [ 14.5, 10.5, 15.0, 11.0 ], "windMode": [-1,-1,-1,-1], "windData": [1,1,1,1] },
												"south": { "texture": "#skin", "uv": [ 14.0, 10.5, 14.5, 11.0 ], "windMode": [-1,-1,-1,-1], "windData": [1,1,1,1] },
												"west": { "texture": "#skin", "uv": [ 13.5, 10.5, 14.0, 11.0 ], "windMode": [-1,-1,-1,-1], "windData": [1,1,1,1] },
												"up": { "texture": "#skin", "uv": [ 13.5, 10.0, 14.0, 10.5 ], "rotation": 90, "windMode": [-1,-1,-1,-1], "windData": [1,1,1,1] },
												"down": { "texture": "#skin", "uv": [ 13.5, 11.0, 14.0, 11.5 ], "rotation": 90, "windMode": [-1,-1,-1,-1], "windData": [1,1,1,1] }
											}
										},
										{
											"name": "Nose",
											"from": [ 0.3, 0.0, 0.1 ],
											"to": [ 2.3, 0.7, 0.8 ],
											"unwrapMode": 5,
											"unwrapRotation": 1,
											"uv": [ 10.0, 9.0 ],
											"rotationOrigin": [ 0.3, 0.0, 0.4 ],
											"rotationZ": 15.0,
											"faces": {
												"north": { "texture": "#skin", "uv": [ 10.0, 9.0, 10.5, 11.0 ], "rotation": 270 },
												"south": { "texture": "#skin", "uv": [ 11.0, 9.0, 11.5, 11.0 ], "rotation": 90 },
												"west": { "texture": "#skin", "uv": [ 10.5, 11.0, 11.0, 11.5 ], "windMode": [-1,-1,-1,-1], "windData": [1,1,1,1] },
												"up": { "texture": "#skin", "uv": [ 10.5, 9.0, 11.0, 11.0 ], "rotation": 90 }
											}
										},
										{
											"name": "Jaw",
											"from": [ 0.1, -0.4, 0.05 ],
											"to": [ 1.1, -0.1, 0.85 ],
											"unwrapMode": 5,
											"unwrapRotation": 1,
											"uv": [ 10.0, 14.0 ],
											"rotationOrigin": [ 1.1, -0.1, 0.5 ],
											"rotationZ": 12.0,
											"faces": {
												"north": { "texture": "#skin", "uv": [ 10.0, 14.0, 10.5, 15.0 ], "rotation": 270 },
												"south": { "texture": "#skin", "uv": [ 11.0, 14.0, 11.5, 15.0 ], "rotation": 90 },
												"west": { "texture": "#skin", "uv": [ 10.5, 15.0, 11.0, 15.5 ] },
												"up": { "texture": "#skin", "uv": [ 10.5, 14.0, 11.0, 15.0 ], "rotation": 90 },
												"down": { "texture": "#skin", "uv": [ 11.5, 14.0, 12.0, 15.0 ], "rotation": 270 }
											}
										}
									]
								},
								{
									"name": "R Ear",
									"from": [ 1.0, 1.4, -0.7 ],
									"to": [ 1.2, 2.2, 0.3 ],
									"unwrapMode": 4,
									"unwrapRotation": 1,
									"uv": [ 12.0, 1.0 ],
									"rotationOrigin": [ 1.2, 1.7, 0.3 ],
									"rotationX": 45.0,
									"rotationZ": 16.0,
									"faces": {
										"north": { "texture": "#skin", "uv": [ 12.5, 2.0, 13.0, 2.5 ], "rotation": 90 },
										"east": { "texture": "#skin", "uv": [ 13.5, 1.0, 14.0, 2.0 ], "rotation": 270 },
										"west": { "texture": "#skin", "uv": [ 12.5, 1.0, 13.0, 2.0 ], "rotation": 90 },
										"up": { "texture": "#skin", "uv": [ 12.0, 1.0, 12.5, 2.0 ], "rotation": 180 },
										"down": { "texture": "#skin", "uv": [ 13.0, 1.0, 13.5, 2.0 ], "rotation": 180 }
									},
									"children": [
										{
											"name": "R Ear2",
											"from": [ 0.0, 0.0, -1.0 ],
											"to": [ 0.2, 0.8, 0.0 ],
											"unwrapMode": 4,
											"unwrapRotation": 1,
											"uv": [ 12.0, 1.0 ],
											"rotationOrigin": [ 0.2, 0.8, 0.0 ],
											"rotationX": -40.0,
											"rotationZ": 2.0,
											"faces": {
												"north": { "texture": "#skin", "uv": [ 12.5, 2.0, 13.0, 2.5 ], "rotation": 90 },
												"east": { "texture": "#skin", "uv": [ 13.5, 1.0, 14.0, 2.0 ], "rotation": 270 },
												"west": { "texture": "#skin", "uv": [ 12.5, 1.0, 13.0, 2.0 ], "rotation": 90 },
												"up": { "texture": "#skin", "uv": [ 12.0, 1.0, 12.5, 2.0 ], "rotation": 180 },
												"down": { "texture": "#skin", "uv": [ 13.0, 1.0, 13.5, 2.0 ], "rotation": 180 }
											}
										},
										{
											"name": "R Ear3",
											"from": [ 0.0, 0.0, -0.3 ],
											"to": [ 0.2, 0.5, 1.0 ],
											"unwrapMode": 4,
											"unwrapRotation": 1,
											"uv": [ 12.0, 1.0 ],
											"rotationOrigin": [ 0.2, 0.0, 1.0 ],
											"rotationX": -21.0,
											"rotationZ": -2.0,
											"faces": {
												"north": { "texture": "#skin", "uv": [ 12.5, 2.0, 13.0, 2.5 ], "rotation": 90 },
												"east": { "texture": "#skin", "uv": [ 13.5, 1.0, 14.0, 2.0 ], "rotation": 270 },
												"west": { "texture": "#skin", "uv": [ 12.5, 1.0, 13.0, 2.0 ], "rotation": 90 },
												"up": { "texture": "#skin", "uv": [ 12.0, 1.0, 12.5, 2.0 ], "rotation": 180 },
												"down": { "texture": "#skin", "uv": [ 13.0, 1.0, 13.5, 2.0 ], "rotation": 180 }
											}
										}
									]
								},
								{
									"name": "L Ear",
									"from": [ 1.0, 1.4, 1.4 ],
									"to": [ 1.2, 2.2, 2.4 ],
									"unwrapMode": 4,
									"unwrapRotation": 1,
									"uv": [ 9.5, 0.5 ],
									"rotationOrigin": [ 1.2, 1.7, 1.4 ],
									"rotationX": -45.0,
									"rotationZ": 14.0,
									"faces": {
										"east": { "texture": "#skin", "uv": [ 11.0, 1.0, 11.5, 2.0 ], "rotation": 270 },
										"south": { "texture": "#skin", "uv": [ 10.0, 0.5, 10.5, 1.0 ], "rotation": 90 },
										"west": { "texture": "#skin", "uv": [ 10.0, 1.0, 10.5, 2.0 ], "rotation": 90 },
										"up": { "texture": "#skin", "uv": [ 9.5, 1.0, 10.0, 2.0 ], "rotation": 180 },
										"down": { "texture": "#skin", "uv": [ 10.5, 1.0, 11.0, 2.0 ], "rotation": 180 }
									},
									"children": [
										{
											"name": "L Ear2",
											"from": [ 0.0, 0.0, 1.0 ],
											"to": [ 0.2, 0.8, 2.0 ],
											"unwrapMode": 4,
											"unwrapRotation": 1,
											"uv": [ 9.5, 0.5 ],
											"rotationOrigin": [ 0.2, 0.8, 1.0 ],
											"rotationX": 40.0,
											"rotationZ": 2.0,
											"faces": {
												"east": { "texture": "#skin", "uv": [ 11.0, 1.0, 11.5, 2.0 ], "rotation": 270 },
												"south": { "texture": "#skin", "uv": [ 10.0, 0.5, 10.5, 1.0 ], "rotation": 90 },
												"west": { "texture": "#skin", "uv": [ 10.0, 1.0, 10.5, 2.0 ], "rotation": 90 },
												"up": { "texture": "#skin", "uv": [ 9.5, 1.0, 10.0, 2.0 ], "rotation": 180 },
												"down": { "texture": "#skin", "uv": [ 10.5, 1.0, 11.0, 2.0 ], "rotation": 180 }
											}
										},
										{
											"name": "L Ear3",
											"from": [ 0.0, 0.0, 0.0 ],
											"to": [ 0.2, 0.5, 1.3 ],
											"unwrapMode": 4,
											"unwrapRotation": 1,
											"uv": [ 9.5, 0.5 ],
											"rotationOrigin": [ 0.2, 0.0, 0.0 ],
											"rotationX": 21.0,
											"rotationZ": -2.0,
											"faces": {
												"east": { "texture": "#skin", "uv": [ 11.0, 1.0, 11.5, 2.0 ], "rotation": 270 },
												"south": { "texture": "#skin", "uv": [ 10.0, 0.5, 10.5, 1.0 ], "rotation": 90 },
												"west": { "texture": "#skin", "uv": [ 10.0, 1.0, 10.5, 2.0 ], "rotation": 90 },
												"up": { "texture": "#skin", "uv": [ 9.5, 1.0, 10.0, 2.0 ], "rotation": 180 },
												"down": { "texture": "#skin", "uv": [ 10.5, 1.0, 11.0, 2.0 ], "rotation": 180 }
											}
										}
									]
								},
								{
									"name": "L Eye",
									"from": [ 0.15, 1.05, 1.39 ],
									"to": [ 0.55, 1.25, 1.61 ],
									"unwrapMode": 3,
									"uv": [ 1.0, 7.0 ],
									"rotationOrigin": [ 0.35, 1.1, 1.4 ],
									"rotationZ": 20.0,
									"faces": {
										"east": { "texture": "#skin", "uv": [ 2.0, 7.0, 2.5, 7.5 ], "windMode": [-1,-1,-1,-1] },
										"south": { "texture": "#skin", "uv": [ 1.5, 7.0, 2.0, 7.5 ], "windMode": [-1,-1,-1,-1] },
										"west": { "texture": "#skin", "uv": [ 1.0, 7.0, 1.5, 7.5 ], "windMode": [-1,-1,-1,-1] },
										"down": { "texture": "#skin", "uv": [ 1.5, 7.5, 2.0, 8.0 ], "rotation": 180, "windMode": [-1,-1,-1,-1] }
									},
									"children": [
										{
											"name": "L Eye2",
											"from": [ 0.0, 0.2, 0.0 ],
											"to": [ 0.4, 0.4, 0.22 ],
											"unwrapMode": 3,
											"uv": [ 1.0, 6.0 ],
											"rotationOrigin": [ 0.0, 0.2, 0.01 ],
											"faces": {
												"east": { "texture": "#skin", "uv": [ 2.0, 6.5, 2.5, 7.0 ], "windMode": [-1,-1,-1,-1] },
												"south": { "texture": "#skin", "uv": [ 1.5, 6.5, 2.0, 7.0 ], "windMode": [-1,-1,-1,-1] },
												"west": { "texture": "#skin", "uv": [ 1.0, 6.5, 1.5, 7.0 ], "windMode": [-1,-1,-1,-1] },
												"up": { "texture": "#skin", "uv": [ 1.5, 6.0, 2.0, 6.5 ], "windMode": [-1,-1,-1,-1] }
											}
										},
										{
											"name": "L Pupil",
											"from": [ 0.1, 0.1, 0.01 ],
											"to": [ 0.3, 0.3, 0.23 ],
											"unwrapMode": 3,
											"uv": [ 0.5, 4.0 ],
											"rotationOrigin": [ 0.1, 0.1, 0.01 ],
											"faces": {
												"east": { "texture": "#skin", "uv": [ 1.5, 4.5, 2.0, 5.0 ], "windMode": [-1,-1,-1,-1] },
												"south": { "texture": "#skin", "uv": [ 1.0, 4.5, 1.5, 5.0 ], "windMode": [-1,-1,-1,-1] },
												"west": { "texture": "#skin", "uv": [ 0.5, 4.5, 1.0, 5.0 ], "windMode": [-1,-1,-1,-1] },
												"up": { "texture": "#skin", "uv": [ 1.0, 4.0, 1.5, 4.5 ], "windMode": [-1,-1,-1,-1] },
												"down": { "texture": "#skin", "uv": [ 1.0, 5.0, 1.5, 5.5 ], "rotation": 180, "windMode": [-1,-1,-1,-1] }
											}
										}
									]
								},
								{
									"name": "R Eye",
									"from": [ 0.15, 1.05, -0.01 ],
									"to": [ 0.55, 1.25, 0.21 ],
									"unwrapMode": 1,
									"uv": [ 1.0, 7.0 ],
									"rotationOrigin": [ 0.35, 1.1, 0.0 ],
									"rotationZ": 20.0,
									"faces": {
										"north": { "texture": "#skin", "uv": [ 1.5, 7.0, 2.0, 7.5 ], "windMode": [-1,-1,-1,-1] },
										"east": { "texture": "#skin", "uv": [ 1.0, 7.0, 1.5, 7.5 ], "windMode": [-1,-1,-1,-1] },
										"west": { "texture": "#skin", "uv": [ 2.0, 7.0, 2.5, 7.5 ], "windMode": [-1,-1,-1,-1] },
										"down": { "texture": "#skin", "uv": [ 1.5, 7.5, 2.0, 8.0 ], "windMode": [-1,-1,-1,-1] }
									},
									"children": [
										{
											"name": "R Eye2",
											"from": [ 0.0, 0.2, 0.0 ],
											"to": [ 0.4, 0.4, 0.22 ],
											"unwrapMode": 1,
											"uv": [ 1.0, 6.0 ],
											"rotationOrigin": [ 0.0, 0.2, 0.01 ],
											"faces": {
												"north": { "texture": "#skin", "uv": [ 1.5, 6.5, 2.0, 7.0 ], "windMode": [-1,-1,-1,-1] },
												"east": { "texture": "#skin", "uv": [ 1.0, 6.5, 1.5, 7.0 ], "windMode": [-1,-1,-1,-1] },
												"west": { "texture": "#skin", "uv": [ 2.0, 6.5, 2.5, 7.0 ], "windMode": [-1,-1,-1,-1] },
												"up": { "texture": "#skin", "uv": [ 1.5, 6.0, 2.0, 6.5 ], "rotation": 180, "windMode": [-1,-1,-1,-1] }
											}
										},
										{
											"name": "R Pupil",
											"from": [ 0.1, 0.1, -0.01 ],
											"to": [ 0.3, 0.3, 0.21 ],
											"unwrapMode": 1,
											"uv": [ 0.5, 4.0 ],
											"rotationOrigin": [ 0.1, 0.1, 0.01 ],
											"faces": {
												"north": { "texture": "#skin", "uv": [ 1.0, 4.5, 1.5, 5.0 ], "windMode": [-1,-1,-1,-1] },
												"east": { "texture": "#skin", "uv": [ 0.5, 4.5, 1.0, 5.0 ], "windMode": [-1,-1,-1,-1] },
												"west": { "texture": "#skin", "uv": [ 1.5, 4.5, 2.0, 5.0 ], "windMode": [-1,-1,-1,-1] },
												"up": { "texture": "#skin", "uv": [ 1.0, 4.0, 1.5, 4.5 ], "rotation": 180, "windMode": [-1,-1,-1,-1] },
												"down": { "texture": "#skin", "uv": [ 1.0, 5.0, 1.5, 5.5 ], "windMode": [-1,-1,-1,-1] }
											}
										}
									]
								}
							]
						}
					]
				}
			]
		}
	]}