{
	"editor": {
		"allAngles": false,
		"entityTextureMode": false
	},
	"textureWidth": 16,
	"textureHeight": 16,
	"textureSizes": {
	},
	"textures": {
		"aspenbolete": "mycodiversity:block/plant/mushroom/aspenbolete/aspenbolete"
	},
	"elements": [
		{
			"name": "origin",
			"from": [ 8.0, 0.0, 8.0 ],
			"to": [ 8.0, 0.0, 8.0 ],
			"rotationOrigin": [ 8.0, 0.0, 8.0 ],
			"faces": {
			},
			"children": [
				{
					"name": "tiny19",
					"from": [ -1.0, 0.0, -1.5 ],
					"to": [ 0.0, 0.5, -0.5 ],
					"rotationOrigin": [ -0.5, 0.0, -1.0 ],
					"rotationY": 7.0,
					"faces": {
						"north": { "texture": "#aspenbolete", "uv": [ 13.0, 11.0, 14.0, 11.5 ] },
						"east": { "texture": "#aspenbolete", "uv": [ 10.5, 10.5, 11.5, 11.0 ] },
						"south": { "texture": "#aspenbolete", "uv": [ 9.0, 8.5, 10.0, 9.0 ] },
						"west": { "texture": "#aspenbolete", "uv": [ 10.0, 13.0, 11.0, 13.5 ] },
						"down": { "texture": "#aspenbolete", "uv": [ 12.5, 11.5, 13.5, 12.5 ] }
					},
					"children": [
						{
							"name": "Cube20",
							"from": [ -0.2, 0.5, -0.2 ],
							"to": [ 1.2, 1.0, 1.2 ],
							"rotationOrigin": [ -0.2, 0.0, -0.2 ],
							"faces": {
								"north": { "texture": "#aspenbolete", "uv": [ 14.0, 6.0, 15.0, 6.5 ] },
								"east": { "texture": "#aspenbolete", "uv": [ 9.0, 5.0, 10.0, 5.5 ] },
								"south": { "texture": "#aspenbolete", "uv": [ 11.5, 5.0, 12.5, 5.5 ] },
								"west": { "texture": "#aspenbolete", "uv": [ 11.0, 5.0, 12.0, 5.5 ] },
								"up": { "texture": "#aspenbolete", "uv": [ 10.0, 5.0, 11.0, 6.0 ] },
								"down": { "texture": "#aspenbolete", "uv": [ 13.0, 2.0, 14.0, 3.0 ] }
							}
						}
					]
				},
				{
					"name": "single voxel25",
					"from": [ -2.6, 0.0, 0.5 ],
					"to": [ -1.6, 0.5, 1.5 ],
					"rotationOrigin": [ -2.1, 0.0, 1.0 ],
					"rotationY": 10.0,
					"faces": {
						"north": { "texture": "#aspenbolete", "uv": [ 0.0, 0.0, 1.0, 0.5 ] },
						"east": { "texture": "#aspenbolete", "uv": [ 0.0, 0.0, 1.0, 0.5 ] },
						"south": { "texture": "#aspenbolete", "uv": [ 0.0, 0.0, 1.0, 0.5 ] },
						"west": { "texture": "#aspenbolete", "uv": [ 0.0, 0.0, 1.0, 0.5 ] },
						"up": { "texture": "#aspenbolete", "uv": [ 0.0, 0.0, 1.0, 1.0 ] },
						"down": { "texture": "#aspenbolete", "uv": [ 6.0, 11.0, 7.0, 12.0 ] }
					}
				},
				{
					"name": "tiny22",
					"from": [ -3.0, -0.1, -4.3 ],
					"to": [ -2.0, 0.4, -3.3 ],
					"rotationOrigin": [ -2.5, -0.1, -3.8 ],
					"rotationX": -4.0,
					"rotationY": 17.0,
					"rotationZ": -6.0,
					"faces": {
						"north": { "texture": "#aspenbolete", "uv": [ 9.5, 14.5, 10.5, 15.0 ] },
						"east": { "texture": "#aspenbolete", "uv": [ 14.0, 10.0, 15.0, 10.5 ] },
						"south": { "texture": "#aspenbolete", "uv": [ 10.5, 10.0, 11.5, 10.5 ] },
						"west": { "texture": "#aspenbolete", "uv": [ 10.5, 10.0, 11.5, 10.5 ] },
						"down": { "texture": "#aspenbolete", "uv": [ 13.0, 12.0, 14.0, 13.0 ] }
					},
					"children": [
						{
							"name": "Cube26",
							"from": [ -0.2, 0.5, -0.2 ],
							"to": [ 1.3, 2.0, 1.3 ],
							"faces": {
								"north": { "texture": "#aspenbolete", "uv": [ 12.5, 4.5, 14.0, 6.0 ] },
								"east": { "texture": "#aspenbolete", "uv": [ 13.5, 5.5, 15.0, 7.0 ] },
								"south": { "texture": "#aspenbolete", "uv": [ 12.0, 1.0, 13.5, 2.5 ] },
								"west": { "texture": "#aspenbolete", "uv": [ 11.5, 4.5, 13.0, 6.0 ] },
								"up": { "texture": "#aspenbolete", "uv": [ 12.0, 3.5, 13.5, 5.0 ] },
								"down": { "texture": "#aspenbolete", "uv": [ 2.5, 11.0, 4.0, 12.5 ] }
							}
						}
					]
				},
				{
					"name": "tiny20",
					"from": [ 0.7, 0.0, 1.1 ],
					"to": [ 1.7, 0.5, 2.1 ],
					"rotationOrigin": [ 1.2, 0.0, 1.6 ],
					"rotationX": 5.0,
					"rotationY": -32.0,
					"rotationZ": 3.0,
					"faces": {
						"north": { "texture": "#aspenbolete", "uv": [ 10.5, 12.0, 11.5, 12.5 ] },
						"east": { "texture": "#aspenbolete", "uv": [ 10.5, 11.0, 11.5, 11.5 ] },
						"south": { "texture": "#aspenbolete", "uv": [ 10.5, 11.5, 11.5, 12.0 ] },
						"west": { "texture": "#aspenbolete", "uv": [ 10.5, 11.0, 11.5, 11.5 ] },
						"down": { "texture": "#aspenbolete", "uv": [ 12.5, 12.0, 13.5, 13.0 ] }
					},
					"children": [
						{
							"name": "Cube21",
							"from": [ -0.4, 0.5, -0.2 ],
							"to": [ 1.1, 1.5, 1.3 ],
							"rotationOrigin": [ -0.2, 0.0, 0.0 ],
							"faces": {
								"north": { "texture": "#aspenbolete", "uv": [ 11.5, 5.5, 13.0, 6.5 ] },
								"east": { "texture": "#aspenbolete", "uv": [ 12.5, 6.5, 14.0, 7.5 ] },
								"south": { "texture": "#aspenbolete", "uv": [ 10.5, 5.0, 12.0, 6.0 ] },
								"west": { "texture": "#aspenbolete", "uv": [ 12.0, 5.5, 13.5, 6.5 ] },
								"up": { "texture": "#aspenbolete", "uv": [ 13.0, 3.5, 14.5, 5.0 ] },
								"down": { "texture": "#aspenbolete", "uv": [ 5.0, 8.5, 6.5, 10.0 ] }
							}
						}
					]
				},
				{
					"name": "tiny21",
					"from": [ 3.7, 0.0, -1.5 ],
					"to": [ 4.7, 0.5, -0.5 ],
					"rotationOrigin": [ 4.2, 0.0, -1.0 ],
					"rotationX": -3.0,
					"rotationY": 29.0,
					"rotationZ": 2.0,
					"faces": {
						"north": { "texture": "#aspenbolete", "uv": [ 12.0, 11.0, 13.0, 11.5 ] },
						"east": { "texture": "#aspenbolete", "uv": [ 9.5, 8.5, 10.5, 9.0 ] },
						"south": { "texture": "#aspenbolete", "uv": [ 9.0, 9.0, 10.0, 9.5 ] },
						"west": { "texture": "#aspenbolete", "uv": [ 9.5, 9.0, 10.5, 9.5 ] },
						"down": { "texture": "#aspenbolete", "uv": [ 12.5, 11.5, 13.5, 12.5 ] }
					},
					"children": [
						{
							"name": "Cube22",
							"from": [ -0.2, 0.5, -0.2 ],
							"to": [ 1.3, 1.0, 1.3 ],
							"faces": {
								"north": { "texture": "#aspenbolete", "uv": [ 9.0, 6.0, 10.5, 6.5 ] },
								"east": { "texture": "#aspenbolete", "uv": [ 4.0, 6.0, 5.5, 6.5 ] },
								"south": { "texture": "#aspenbolete", "uv": [ 4.5, 5.5, 6.0, 6.0 ] },
								"west": { "texture": "#aspenbolete", "uv": [ 5.5, 4.5, 7.0, 5.0 ] },
								"up": { "texture": "#aspenbolete", "uv": [ 10.0, 2.0, 11.5, 3.5 ] },
								"down": { "texture": "#aspenbolete", "uv": [ 4.5, 9.0, 6.0, 10.5 ] }
							}
						}
					]
				},
				{
					"name": "large",
					"from": [ -4.0, -0.4, -3.0 ],
					"to": [ -1.0, 2.1, 0.0 ],
					"rotationOrigin": [ -2.5, -0.4, -1.5 ],
					"rotationX": 10.0,
					"rotationY": -10.0,
					"rotationZ": 4.0,
					"faces": {
						"north": { "texture": "#aspenbolete", "uv": [ 11.5, 9.5, 14.5, 12.0 ] },
						"east": { "texture": "#aspenbolete", "uv": [ 9.5, 11.5, 12.5, 14.0 ] },
						"south": { "texture": "#aspenbolete", "uv": [ 10.5, 11.5, 13.5, 14.0 ] },
						"west": { "texture": "#aspenbolete", "uv": [ 10.0, 11.5, 13.0, 14.0 ] },
						"down": { "texture": "#aspenbolete", "uv": [ 10.5, 13.0, 13.5, 16.0 ] }
					},
					"children": [
						{
							"name": "Cube16",
							"from": [ -0.8, 2.5, -0.8 ],
							"to": [ 3.7, 5.0, 3.7 ],
							"faces": {
								"north": { "texture": "#aspenbolete", "uv": [ 0.5, 3.5, 5.0, 6.0 ] },
								"east": { "texture": "#aspenbolete", "uv": [ 1.0, 2.5, 5.5, 5.0 ] },
								"south": { "texture": "#aspenbolete", "uv": [ 2.0, 2.0, 6.5, 4.5 ] },
								"west": { "texture": "#aspenbolete", "uv": [ 1.5, 2.5, 6.0, 5.0 ] },
								"up": { "texture": "#aspenbolete", "uv": [ 2.5, 1.0, 7.0, 5.5 ] },
								"down": { "texture": "#aspenbolete", "uv": [ 2.0, 9.5, 6.5, 14.0 ] }
							},
							"children": [
								{
									"name": "Cube23",
									"from": [ 0.5, 2.5, 0.5 ],
									"to": [ 4.0, 3.0, 4.0 ],
									"rotationOrigin": [ -3.5, 0.0, -3.5 ],
									"faces": {
										"north": { "texture": "#aspenbolete", "uv": [ 3.5, 5.0, 7.0, 5.5 ] },
										"east": { "texture": "#aspenbolete", "uv": [ 2.5, 5.5, 6.0, 6.0 ] },
										"south": { "texture": "#aspenbolete", "uv": [ 3.5, 1.5, 7.0, 2.0 ] },
										"west": { "texture": "#aspenbolete", "uv": [ 3.0, 5.0, 6.5, 5.5 ] },
										"up": { "texture": "#aspenbolete", "uv": [ 2.0, 2.5, 5.5, 6.0 ] }
									},
									"children": [
										{
											"name": "Cube24",
											"from": [ 0.5, 0.5, 0.5 ],
											"to": [ 3.0, 1.0, 3.0 ],
											"rotationOrigin": [ 3.5, 0.0, 3.5 ],
											"faces": {
												"north": { "texture": "#aspenbolete", "uv": [ 4.0, 4.0, 6.5, 4.5 ] },
												"east": { "texture": "#aspenbolete", "uv": [ 2.5, 2.5, 5.0, 3.0 ] },
												"south": { "texture": "#aspenbolete", "uv": [ 3.5, 3.5, 6.0, 4.0 ] },
												"west": { "texture": "#aspenbolete", "uv": [ 2.5, 4.5, 5.0, 5.0 ] },
												"up": { "texture": "#aspenbolete", "uv": [ 2.5, 3.0, 5.0, 5.5 ] }
											}
										}
									]
								}
							]
						}
					]
				},
				{
					"name": "tiny13",
					"from": [ 2.6, 0.0, -3.0 ],
					"to": [ 3.6, 0.5, -2.0 ],
					"rotationOrigin": [ 3.1, 0.0, -2.5 ],
					"rotationX": -2.0,
					"rotationY": -18.0,
					"rotationZ": 4.0,
					"faces": {
						"north": { "texture": "#aspenbolete", "uv": [ 12.5, 12.0, 13.5, 12.5 ] },
						"east": { "texture": "#aspenbolete", "uv": [ 12.5, 10.5, 13.5, 11.0 ] },
						"south": { "texture": "#aspenbolete", "uv": [ 10.0, 14.0, 11.0, 14.5 ] },
						"west": { "texture": "#aspenbolete", "uv": [ 11.5, 10.0, 12.5, 10.5 ] },
						"down": { "texture": "#aspenbolete", "uv": [ 12.0, 12.5, 13.0, 13.5 ] }
					},
					"children": [
						{
							"name": "Cube14",
							"from": [ -0.2, 0.5, -0.2 ],
							"to": [ 1.3, 2.0, 1.3 ],
							"faces": {
								"north": { "texture": "#aspenbolete", "uv": [ 10.5, 6.0, 12.0, 7.5 ] },
								"east": { "texture": "#aspenbolete", "uv": [ 11.5, 5.5, 13.0, 7.0 ] },
								"south": { "texture": "#aspenbolete", "uv": [ 11.0, 6.0, 12.5, 7.5 ] },
								"west": { "texture": "#aspenbolete", "uv": [ 12.0, 6.0, 13.5, 7.5 ] },
								"up": { "texture": "#aspenbolete", "uv": [ 11.5, 3.5, 13.0, 5.0 ] },
								"down": { "texture": "#aspenbolete", "uv": [ 2.5, 10.5, 4.0, 12.0 ] }
							}
						}
					]
				},
				{
					"name": "tiny",
					"from": [ 0.9, 0.0, 3.7 ],
					"to": [ 1.9, 0.5, 4.7 ],
					"rotationOrigin": [ 1.4, 0.0, 4.2 ],
					"rotationX": 3.0,
					"rotationY": -20.0,
					"rotationZ": 2.0,
					"faces": {
						"north": { "texture": "#aspenbolete", "uv": [ 4.0, 15.0, 5.0, 15.5 ] },
						"east": { "texture": "#aspenbolete", "uv": [ 5.0, 13.5, 6.0, 14.0 ] },
						"south": { "texture": "#aspenbolete", "uv": [ 2.0, 15.0, 3.0, 15.5 ] },
						"west": { "texture": "#aspenbolete", "uv": [ 10.5, 14.0, 11.5, 14.5 ] },
						"down": { "texture": "#aspenbolete", "uv": [ 12.0, 13.5, 13.0, 14.5 ] }
					},
					"children": [
						{
							"name": "Cube8",
							"from": [ -0.2, 0.5, -0.2 ],
							"to": [ 1.3, 1.5, 1.3 ],
							"faces": {
								"north": { "texture": "#aspenbolete", "uv": [ 10.0, 5.5, 11.5, 6.5 ] },
								"east": { "texture": "#aspenbolete", "uv": [ 11.5, 5.0, 13.0, 6.0 ] },
								"south": { "texture": "#aspenbolete", "uv": [ 11.5, 5.0, 13.0, 6.0 ] },
								"west": { "texture": "#aspenbolete", "uv": [ 13.0, 5.0, 14.5, 6.0 ] },
								"up": { "texture": "#aspenbolete", "uv": [ 12.0, 3.0, 13.5, 4.5 ] },
								"down": { "texture": "#aspenbolete", "uv": [ 3.5, 10.5, 5.0, 12.0 ] }
							}
						}
					]
				},
				{
					"name": "medium small",
					"from": [ 2.0, 0.0, 3.0 ],
					"to": [ 3.5, 2.0, 4.5 ],
					"rotationOrigin": [ 2.5, 0.0, 3.5 ],
					"rotationX": -4.0,
					"rotationY": 19.0,
					"faces": {
						"north": { "texture": "#aspenbolete", "uv": [ 10.0, 11.5, 11.5, 13.5 ] },
						"east": { "texture": "#aspenbolete", "uv": [ 13.5, 10.0, 15.0, 12.0 ] },
						"south": { "texture": "#aspenbolete", "uv": [ 12.5, 11.0, 14.0, 13.0 ] },
						"west": { "texture": "#aspenbolete", "uv": [ 10.5, 10.5, 12.0, 12.5 ] },
						"down": { "texture": "#aspenbolete", "uv": [ 12.0, 13.5, 13.5, 15.0 ] }
					},
					"children": [
						{
							"name": "Cube5",
							"from": [ -0.5, 2.0, -0.5 ],
							"to": [ 2.0, 3.5, 2.0 ],
							"faces": {
								"north": { "texture": "#aspenbolete", "uv": [ 9.0, 5.0, 11.5, 6.5 ] },
								"east": { "texture": "#aspenbolete", "uv": [ 13.5, 6.5, 16.0, 8.0 ] },
								"south": { "texture": "#aspenbolete", "uv": [ 8.0, 3.0, 10.5, 4.5 ] },
								"west": { "texture": "#aspenbolete", "uv": [ 7.0, 6.0, 9.5, 7.5 ] },
								"up": { "texture": "#aspenbolete", "uv": [ 7.5, 4.0, 10.0, 6.5 ] },
								"down": { "texture": "#aspenbolete", "uv": [ 2.5, 9.5, 5.0, 12.0 ] }
							},
							"children": [
								{
									"name": "Cube6",
									"from": [ 0.5, 1.5, 0.5 ],
									"to": [ 2.0, 2.0, 2.0 ],
									"rotationOrigin": [ 0.0, -1.0, 0.0 ],
									"faces": {
										"north": { "texture": "#aspenbolete", "uv": [ 11.0, 3.0, 12.5, 3.5 ] },
										"east": { "texture": "#aspenbolete", "uv": [ 10.0, 2.0, 11.5, 2.5 ] },
										"south": { "texture": "#aspenbolete", "uv": [ 7.0, 5.0, 8.5, 5.5 ] },
										"west": { "texture": "#aspenbolete", "uv": [ 8.0, 5.5, 9.5, 6.0 ] },
										"up": { "texture": "#aspenbolete", "uv": [ 10.0, 0.0, 11.5, 1.5 ] }
									}
								}
							]
						}
					]
				}
			]
		}
	]}