{
	"editor": {
		"collapsedPaths": "",
		"allAngles": false,
		"entityTextureMode": true
	},
	"textureWidth": 64,
	"textureHeight": 64,
	"textureSizes": {
	},
	"textures": {
		"blackguard": "game:entity/humanoid/serapharmor/blackguard/blackguard-pristine"
	},
	"elements": [
		{
			"name": "ArmorHead",
			"stepParentName": "Head",
			"from": [ -0.1, -0.2, -0.2 ],
			"to": [ 5.6, 5.2, 5.2 ],
			"autoUnwrap": false,
			"uv": [ 7.0, 0.0 ],
			"rotationOrigin": [ -0.1, -0.2, 2.6 ],
			"faces": {
				"north": { "texture": "#blackguard", "uv": [ 0.0, 6.0, 5.5, 11.0 ] },
				"east": { "texture": "#blackguard", "uv": [ 17.0, 6.0, 22.0, 11.0 ] },
				"south": { "texture": "#blackguard", "uv": [ 11.5, 6.0, 17.0, 11.0 ] },
				"west": { "texture": "#blackguard", "uv": [ 6.0, 6.0, 11.0, 11.0 ] },
				"up": { "texture": "#blackguard", "uv": [ 6.0, 0.0, 11.0, 5.5 ], "rotation": 90 },
				"down": { "texture": "#blackguard", "uv": [ 0.5, 0.0, 5.5, 5.5 ], "rotation": 90 }
			},
			"children": [
				{
					"name": "ArmorNeck",
					"stepParentName": "Neck",
					"from": [ -0.1, 0.8, -0.1 ],
					"to": [ 3.1, 2.4, 3.1 ],
					"autoUnwrap": false,
					"uv": [ 11.5, 3.0 ],
					"rotationOrigin": [ -0.1, 0.8, 1.5 ],
					"faces": {
						"north": { "texture": "#blackguard", "uv": [ 11.0, 0.0, 14.0, 1.5 ] },
						"east": { "texture": "#blackguard", "uv": [ 20.0, 0.0, 23.0, 1.5 ] },
						"south": { "texture": "#blackguard", "uv": [ 17.0, 0.0, 20.0, 1.5 ] },
						"west": { "texture": "#blackguard", "uv": [ 14.0, 0.0, 17.0, 1.5 ] }
					}
				},
				{
					"name": "ArmorVisor",
					"from": [ -0.9, 4.9, 0.1 ],
					"to": [ 4.1, 9.9, 5.3 ],
					"autoUnwrap": false,
					"uv": [ 16.0, -0.5 ],
					"rotationOrigin": [ 0.6, 6.4, 2.6 ],
					"rotationZ": -67.5,
					"faces": {
						"north": { "texture": "#blackguard", "uv": [ 57.5, 6.0, 62.5, 11.0 ] },
						"east": { "texture": "#blackguard", "uv": [ 3.0, 5.0, 8.0, 10.0 ], "windMode": [-1,-1,-1,-1], "windData": [1,1,1,1] },
						"south": { "texture": "#blackguard", "uv": [ 44.0, 6.0, 49.0, 11.0 ] },
						"west": { "texture": "#blackguard", "uv": [ 25.5, 1.0, 30.5, 6.0 ] },
						"up": { "texture": "#blackguard", "uv": [ 6.0, 0.0, 11.0, 5.0 ], "windMode": [-1,-1,-1,-1], "windData": [2,2,1,1] },
						"down": { "texture": "#blackguard", "uv": [ 52.0, 0.5, 57.0, 5.5 ], "rotation": 90 }
					},
					"children": [
						{
							"name": "ArmorVisor2",
							"from": [ 0.9192, -1.2021, 0.1 ],
							"to": [ 3.9192, 1.7979, 5.1 ],
							"autoUnwrap": false,
							"uv": [ 16.0, -0.5 ],
							"rotationOrigin": [ 2.4192, 0.2979, 2.6 ],
							"rotationZ": 45.0,
							"faces": {
								"north": { "texture": "#blackguard", "uv": [ 52.0, 6.5, 55.0, 9.5 ] },
								"south": { "texture": "#blackguard", "uv": [ 46.0, 1.5, 49.0, 4.5 ] },
								"west": { "texture": "#blackguard", "uv": [ 23.0, 37.0, 28.0, 40.0 ] },
								"down": { "texture": "#blackguard", "uv": [ 54.5, 15.5, 59.5, 18.5 ], "rotation": 90 }
							}
						}
					]
				},
				{
					"name": "ArmorHeadCrest1",
					"from": [ -0.2, 4.9, 2.5 ],
					"to": [ 0.4, 5.9, 3.0 ],
					"uv": [ 12.5, 1.5 ],
					"rotationOrigin": [ -0.2, 4.9, 2.8 ],
					"faces": {
						"north": { "texture": "#blackguard", "uv": [ 12.5, 2.0, 13.0, 3.0 ] },
						"east": { "texture": "#blackguard", "uv": [ 13.0, 2.0, 13.5, 3.0 ] },
						"south": { "texture": "#blackguard", "uv": [ 13.5, 2.0, 14.0, 3.0 ], "rotation": 180 },
						"west": { "texture": "#blackguard", "uv": [ 14.0, 2.0, 14.5, 3.0 ] },
						"up": { "texture": "#blackguard", "uv": [ 12.5, 1.5, 13.0, 2.0 ] }
					}
				},
				{
					"name": "ArmorHeadCrest2",
					"from": [ 0.8, 4.9, 2.5 ],
					"to": [ 1.4, 5.9, 3.0 ],
					"uv": [ 12.5, 3.0 ],
					"rotationOrigin": [ 0.8, 4.9, 2.8 ],
					"faces": {
						"north": { "texture": "#blackguard", "uv": [ 12.5, 3.5, 13.0, 4.5 ] },
						"east": { "texture": "#blackguard", "uv": [ 13.0, 3.5, 13.5, 4.5 ] },
						"south": { "texture": "#blackguard", "uv": [ 13.5, 3.5, 14.0, 4.5 ], "rotation": 180 },
						"west": { "texture": "#blackguard", "uv": [ 14.0, 3.5, 14.5, 4.5 ] },
						"up": { "texture": "#blackguard", "uv": [ 12.5, 3.0, 13.0, 3.5 ] }
					}
				},
				{
					"name": "ArmorHeadCrest3",
					"from": [ 1.8, 4.9, 2.5 ],
					"to": [ 2.4, 5.9, 3.0 ],
					"uv": [ 14.5, 1.5 ],
					"rotationOrigin": [ 1.8, 4.9, 2.8 ],
					"faces": {
						"north": { "texture": "#blackguard", "uv": [ 14.5, 2.0, 15.0, 3.0 ] },
						"east": { "texture": "#blackguard", "uv": [ 15.0, 2.0, 15.5, 3.0 ] },
						"south": { "texture": "#blackguard", "uv": [ 15.5, 2.0, 16.0, 3.0 ], "rotation": 180 },
						"west": { "texture": "#blackguard", "uv": [ 16.0, 2.0, 16.5, 3.0 ] },
						"up": { "texture": "#blackguard", "uv": [ 14.5, 1.5, 15.0, 2.0 ] }
					}
				},
				{
					"name": "ArmorHeadCrest4",
					"from": [ 2.8, 4.9, 2.5 ],
					"to": [ 3.4, 5.9, 3.0 ],
					"uv": [ 14.5, 3.0 ],
					"rotationOrigin": [ 2.8, 4.9, 2.8 ],
					"faces": {
						"north": { "texture": "#blackguard", "uv": [ 14.5, 3.5, 15.0, 4.5 ] },
						"east": { "texture": "#blackguard", "uv": [ 15.0, 3.5, 15.5, 4.5 ] },
						"south": { "texture": "#blackguard", "uv": [ 15.5, 3.5, 16.0, 4.5 ], "rotation": 180 },
						"west": { "texture": "#blackguard", "uv": [ 16.0, 3.5, 16.5, 4.5 ] },
						"up": { "texture": "#blackguard", "uv": [ 14.5, 3.0, 15.0, 3.5 ] }
					}
				},
				{
					"name": "ArmorHeadCrest5",
					"from": [ 3.8, 4.9, 2.5 ],
					"to": [ 4.4, 5.9, 3.0 ],
					"uv": [ 16.5, 3.0 ],
					"rotationOrigin": [ 3.8, 4.9, 2.8 ],
					"faces": {
						"north": { "texture": "#blackguard", "uv": [ 16.5, 3.5, 17.0, 4.5 ] },
						"east": { "texture": "#blackguard", "uv": [ 17.0, 3.5, 17.5, 4.5 ] },
						"south": { "texture": "#blackguard", "uv": [ 17.5, 3.5, 18.0, 4.5 ], "rotation": 180 },
						"west": { "texture": "#blackguard", "uv": [ 18.0, 3.5, 18.5, 4.5 ] },
						"up": { "texture": "#blackguard", "uv": [ 16.5, 3.0, 17.0, 3.5 ] }
					}
				},
				{
					"name": "ArmorHeadCrest6",
					"from": [ 4.8, 4.9, 2.5 ],
					"to": [ 5.4, 5.9, 3.0 ],
					"uv": [ 16.5, 1.5 ],
					"rotationOrigin": [ 4.8, 4.9, 2.8 ],
					"faces": {
						"north": { "texture": "#blackguard", "uv": [ 16.5, 2.0, 17.0, 3.0 ] },
						"east": { "texture": "#blackguard", "uv": [ 17.0, 2.0, 17.5, 3.0 ] },
						"south": { "texture": "#blackguard", "uv": [ 17.5, 2.0, 18.0, 3.0 ], "rotation": 180 },
						"west": { "texture": "#blackguard", "uv": [ 18.0, 2.0, 18.5, 3.0 ] },
						"up": { "texture": "#blackguard", "uv": [ 16.5, 1.5, 17.0, 2.0 ] }
					}
				}
			]
		}
	]}