{
  "textureWidth":16,
  "textureHeight":16,
  "textures":{
    "material":"game:block/metal/ingot/copper"
  },
  "textureSizes":{
    "material":[
      32,
      32
    ]
  },
  "elements":[
    {
      "name":"origin",
      "from":[
        15.28004789352417,
        0.5,
        9.914989352226257
      ],
      "to":[
        15.28004789352417,
        0.5,
        9.914989352226257
      ],
      "rotationOrigin":[
        8.0,
        0.0,
        8.000000953674316
      ],
      "group":"simple",
      "faces":{
        "north":{
          "texture":"#0",
          "uv":[
            0,
            0,
            4,
            4
          ],
          "autoUv":false
        },
        "east":{
          "texture":"#0",
          "uv":[
            0,
            0,
            4,
            4
          ],
          "autoUv":false
        },
        "south":{
          "texture":"#0",
          "uv":[
            0,
            0,
            4,
            4
          ],
          "autoUv":false
        },
        "west":{
          "texture":"#0",
          "uv":[
            0,
            0,
            4,
            4
          ],
          "autoUv":false
        },
        "up":{
          "texture":"#material",
          "uv":[
            0.0,
            0.0,
            1.0,
            1.0
          ],
          "autoUv":false,
          "rotation":180
        },
        "down":{
          "texture":"#0",
          "uv":[
            0,
            0,
            4,
            4
          ],
          "autoUv":false
        }
      },
      "children":[
        {
          "name":"simple_head 01",
          "from":[
            -2.260409653186798,
            -1.2843976020812988,
            -2.518078088760376
          ],
          "to":[
            -1.46262326836586,
            2.6461488008499146,
            -1.4972167611122131
          ],
          "rotationOrigin":[
            -1.8615164756774902,
            0.6808745861053467,
            -2.007647395133972
          ],
          "rotationX":90.00002299504568,
          "rotationY":157.49999584510033,
          "rotationZ":-6.202182999492665e-05,
          "group":"simple",
          "faces":{
            "north":{
              "texture":"#material",
              "uv":[
                4.000000476837158,
                -1.174835205078125,
                7.999999523162842,
                17.175167083740234
              ],
              "autoUv":false,
              "rotation":180
            },
            "east":{
              "texture":"#material",
              "uv":[
                8.0,
                -1.1748313903808594,
                7.999999046325684,
                17.175167083740234
              ],
              "autoUv":false,
              "rotation":180
            },
            "south":{
              "texture":"#material",
              "uv":[
                21.000001907348633,
                21.000001907348633,
                8.000000953674316,
                23.0
              ],
              "autoUv":false,
              "rotation":270
            },
            "west":{
              "texture":"#material",
              "uv":[
                4.0,
                -1.174835205078125,
                3.999999523162842,
                17.175169944763184
              ],
              "autoUv":false,
              "rotation":270
            },
            "up":{
              "texture":"#material",
              "uv":[
                14.0,
                17.0,
                16.0,
                19.0
              ],
              "autoUv":false,
              "rotation":90
            },
            "down":{
              "texture":"#material",
              "uv":[
                27.0,
                26.0,
                29.0,
                24.0
              ],
              "autoUv":false,
              "rotation":90
            }
          },
          "children":[]
        },
        {
          "name":"simple_head 02",
          "from":[
            -2.6068051755428314,
            -1.2852212190628052,
            -2.5180771350860596
          ],
          "to":[
            -1.8090187907218933,
            2.6469509601593018,
            -1.4972158074378967
          ],
          "rotationOrigin":[
            -2.207911968231201,
            0.6808652877807617,
            -2.0076464414596558
          ],
          "rotationX":90.00002299504568,
          "rotationY":-157.49999584510033,
          "rotationZ":6.202182999492665e-05,
          "group":"simple",
          "faces":{
            "north":{
              "texture":"#material",
              "uv":[
                7.999999046325684,
                -1.1978874206542969,
                12.000001907348633,
                17.198220252990723
              ],
              "autoUv":false,
              "rotation":180
            },
            "east":{
              "texture":"#material",
              "uv":[
                12.000000953674316,
                -1.1978874206542969,
                12.0,
                17.198222160339355
              ],
              "autoUv":false,
              "rotation":180
            },
            "south":{
              "texture":"#material",
              "uv":[
                21.000001907348633,
                23.0,
                8.000000953674316,
                25.000000953674316
              ],
              "autoUv":false,
              "rotation":270
            },
            "west":{
              "texture":"#material",
              "uv":[
                7.999999523162842,
                -1.1978874206542969,
                8.000000953674316,
                17.198223114013672
              ],
              "autoUv":false,
              "rotation":180
            },
            "up":{
              "texture":"#material",
              "uv":[
                9.0,
                16.0,
                11.0,
                18.0
              ],
              "autoUv":false,
              "rotation":180
            },
            "down":{
              "texture":"#material",
              "uv":[
                22.0,
                25.0,
                24.0,
                23.0
              ],
              "autoUv":false
            }
          },
          "children":[]
        },
        {
          "name":"simple_head 03",
          "from":[
            -2.8517410159111023,
            -1.5285660028457642,
            -2.518077075481415
          ],
          "to":[
            -2.0539548993110657,
            2.4004241228103638,
            -1.497215747833252
          ],
          "rotationOrigin":[
            -2.452847957611084,
            0.4359292984008789,
            -2.0076464414596558
          ],
          "rotationX":89.99998884409983,
          "rotationY":-112.49999117776666,
          "rotationZ":-1.0493601923219836e-05,
          "group":"simple",
          "faces":{
            "north":{
              "texture":"#material",
              "uv":[
                11.999999046325684,
                -1.173553466796875,
                16.000001907348633,
                17.173890113830566
              ],
              "autoUv":false,
              "rotation":180
            },
            "east":{
              "texture":"#material",
              "uv":[
                16.000001907348633,
                -1.1735572814941406,
                16.000001907348633,
                17.173891067504883
              ],
              "autoUv":false,
              "rotation":270
            },
            "south":{
              "texture":"#material",
              "uv":[
                21.000001907348633,
                24.999999523162842,
                8.000000953674316,
                26.999999523162842
              ],
              "autoUv":false,
              "rotation":270
            },
            "west":{
              "texture":"#material",
              "uv":[
                12.0,
                -1.1735572814941406,
                12.0,
                17.17389488220215
              ],
              "autoUv":false,
              "rotation":270
            },
            "up":{
              "texture":"#material",
              "uv":[
                13.0,
                16.0,
                15.0,
                18.0
              ],
              "autoUv":false,
              "rotation":180
            },
            "down":{
              "texture":"#material",
              "uv":[
                26.0,
                25.0,
                28.0,
                23.0
              ],
              "autoUv":false
            }
          },
          "children":[]
        },
        {
          "name":"simple_head 04",
          "from":[
            -2.8517411053180695,
            -1.8760581016540527,
            -2.5180771350860596
          ],
          "to":[
            -2.0539548695087433,
            2.0551328659057617,
            -1.497215747833252
          ],
          "rotationOrigin":[
            -2.452847957611084,
            0.0895376205444336,
            -2.0076464414596558
          ],
          "rotationX":90.00000250447816,
          "rotationY":-67.49999334062217,
          "group":"simple",
          "faces":{
            "north":{
              "texture":"#material",
              "uv":[
                16.0,
                -1.1711044311523438,
                20.0,
                17.171439170837402
              ],
              "autoUv":false,
              "rotation":180
            },
            "east":{
              "texture":"#material",
              "uv":[
                20.0,
                -1.1711006164550781,
                20.0,
                17.17144012451172
              ],
              "autoUv":false,
              "rotation":270
            },
            "south":{
              "texture":"#material",
              "uv":[
                8.000000953674316,
                25.0,
                21.000001907348633,
                27.000000476837158
              ],
              "autoUv":false,
              "rotation":90
            },
            "west":{
              "texture":"#material",
              "uv":[
                15.999999046325684,
                -1.1711044311523438,
                16.0,
                17.171441078186035
              ],
              "autoUv":false,
              "rotation":180
            },
            "up":{
              "texture":"#material",
              "uv":[
                8.0,
                17.0,
                10.0,
                19.0
              ],
              "autoUv":false,
              "rotation":270
            },
            "down":{
              "texture":"#material",
              "uv":[
                21.0,
                26.0,
                23.0,
                24.0
              ],
              "autoUv":false,
              "rotation":270
            }
          },
          "children":[]
        },
        {
          "name":"simple_head 05",
          "from":[
            -2.6068050861358643,
            -2.1205646991729736,
            -2.518077075481415
          ],
          "to":[
            -1.8090187907218933,
            1.809767484664917,
            -1.4972158074378967
          ],
          "rotationOrigin":[
            -2.207911968231201,
            -0.15539836883544922,
            -2.0076464414596558
          ],
          "rotationX":90.00000933466734,
          "rotationY":-22.50000574876142,
          "rotationZ":1.0198545783863831e-06,
          "group":"simple",
          "faces":{
            "north":{
              "texture":"#material",
              "uv":[
                20.0,
                -1.1699790954589844,
                23.999998092651367,
                17.170318603515625
              ],
              "autoUv":false,
              "rotation":180
            },
            "east":{
              "texture":"#material",
              "uv":[
                24.0,
                -1.16998291015625,
                24.000001907348633,
                17.170318603515625
              ],
              "autoUv":false,
              "rotation":180
            },
            "south":{
              "texture":"#material",
              "uv":[
                8.000000953674316,
                23.0,
                21.000001907348633,
                25.000000953674316
              ],
              "autoUv":false,
              "rotation":90
            },
            "west":{
              "texture":"#material",
              "uv":[
                20.000001907348633,
                -1.1699867248535156,
                20.0,
                17.17031955718994
              ],
              "autoUv":false,
              "rotation":180
            },
            "up":{
              "texture":"#material",
              "uv":[
                12.0,
                17.0,
                14.0,
                19.0
              ],
              "autoUv":false,
              "rotation":270
            },
            "down":{
              "texture":"#material",
              "uv":[
                25.0,
                26.0,
                27.0,
                24.0
              ],
              "autoUv":false,
              "rotation":270
            }
          },
          "children":[]
        },
        {
          "name":"simple_head 06",
          "from":[
            -2.2604134380817413,
            -2.122888445854187,
            -2.518077075481415
          ],
          "to":[
            -1.4626271426677704,
            1.8120923042297363,
            -1.4972158074378967
          ],
          "rotationOrigin":[
            -1.8615202903747559,
            -0.15539789199829102,
            -2.0076464414596558
          ],
          "rotationX":89.99998201391065,
          "rotationY":22.499993795930372,
          "rotationZ":4.0794154637685386e-06,
          "group":"simple",
          "faces":{
            "north":{
              "texture":"#material",
              "uv":[
                24.000003814697266,
                -1.17144775390625,
                28.0,
                17.17177963256836
              ],
              "autoUv":false,
              "rotation":180
            },
            "east":{
              "texture":"#material",
              "uv":[
                28.0,
                -1.17144775390625,
                27.999998092651367,
                17.17177963256836
              ],
              "autoUv":false,
              "rotation":180
            },
            "south":{
              "texture":"#material",
              "uv":[
                8.000000953674316,
                21.0,
                21.000001907348633,
                22.999999046325684
              ],
              "autoUv":false,
              "rotation":90
            },
            "west":{
              "texture":"#material",
              "uv":[
                24.000001907348633,
                -1.17144775390625,
                24.0,
                17.17177963256836
              ],
              "autoUv":false,
              "rotation":270
            },
            "up":{
              "texture":"#material",
              "uv":[
                9.0,
                18.0,
                11.0,
                20.0
              ],
              "autoUv":false
            },
            "down":{
              "texture":"#material",
              "uv":[
                22.0,
                27.0,
                24.0,
                25.0
              ],
              "autoUv":false,
              "rotation":180
            }
          },
          "children":[]
        },
        {
          "name":"simple_head 07",
          "from":[
            -2.0154774487018585,
            -1.8758471012115479,
            -2.5180771946907043
          ],
          "to":[
            -1.2176911532878876,
            2.054921865463257,
            -1.4972158074378967
          ],
          "rotationOrigin":[
            -1.616584300994873,
            0.0895376205444336,
            -2.0076464414596558
          ],
          "rotationX":90.00000250447816,
          "rotationY":67.49999334062217,
          "group":"simple",
          "faces":{
            "north":{
              "texture":"#material",
              "uv":[
                27.999998092651367,
                -1.1712684631347656,
                32.000003814697266,
                17.171598434448242
              ],
              "autoUv":false,
              "rotation":180
            },
            "east":{
              "texture":"#material",
              "uv":[
                32.0,
                -1.1712646484375,
                32.0,
                17.171603202819824
              ],
              "autoUv":false,
              "rotation":270
            },
            "south":{
              "texture":"#material",
              "uv":[
                8.000000953674316,
                19.0,
                21.000001907348633,
                21.0
              ],
              "autoUv":false,
              "rotation":90
            },
            "west":{
              "texture":"#material",
              "uv":[
                28.0,
                -1.1712646484375,
                28.0,
                17.171602249145508
              ],
              "autoUv":false,
              "rotation":270
            },
            "up":{
              "texture":"#material",
              "uv":[
                13.0,
                18.0,
                15.0,
                20.0
              ],
              "autoUv":false
            },
            "down":{
              "texture":"#material",
              "uv":[
                26.0,
                27.0,
                28.0,
                25.0
              ],
              "autoUv":false,
              "rotation":180
            }
          },
          "children":[]
        },
        {
          "name":"simple_head 08",
          "from":[
            -3.5821791887283325,
            0.03578653931617737,
            -2.5180779099464417
          ],
          "to":[
            0.3490123748779297,
            0.8360720276832581,
            -1.4972169399261475
          ],
          "rotationOrigin":[
            -1.616584300994873,
            0.4359292984008789,
            -2.007647395133972
          ],
          "rotationX":-89.99998201391065,
          "rotationY":67.49999334062217,
          "rotationZ":-90.00000933466734,
          "group":"simple",
          "faces":{
            "north":{
              "texture":"#material",
              "uv":[
                -4.76837158203125e-07,
                -1.1713485717773438,
                4.000000953674316,
                17.171685218811035
              ],
              "autoUv":false,
              "rotation":90
            },
            "east":{
              "texture":"#material",
              "uv":[
                10.0,
                17.0,
                12.0,
                19.0
              ],
              "autoUv":false,
              "rotation":180
            },
            "south":{
              "texture":"#material",
              "uv":[
                21.000001907348633,
                18.999999046325684,
                8.000000953674316,
                21.000000953674316
              ],
              "autoUv":false
            },
            "west":{
              "texture":"#material",
              "uv":[
                25.0,
                24.0,
                23.0,
                26.0
              ],
              "autoUv":false,
              "rotation":180
            },
            "up":{
              "texture":"#material",
              "uv":[
                0.0,
                -1.1713523864746094,
                0.0,
                17.171687126159668
              ],
              "autoUv":false
            },
            "down":{
              "texture":"#material",
              "uv":[
                4.0,
                17.17168617248535,
                4.0,
                -1.1713485717773438
              ],
              "autoUv":false
            }
          },
          "children":[]
        },
        {
          "name":"simple_head 09",
          "from":[
            -3.7295058965682983,
            -0.33904069662094116,
            -2.582540810108185
          ],
          "to":[
            -2.7794729471206665,
            0.8645076155662537,
            -1.3787168860435486
          ],
          "rotationOrigin":[
            -3.2544894218444824,
            0.26273345947265625,
            -1.9806288480758667
          ],
          "group":"simple",
          "faces":{
            "north":{
              "texture":"#material",
              "uv":[
                16.0,
                17.0,
                14.0,
                20.0
              ],
              "autoUv":false,
              "rotation":180
            },
            "east":{
              "texture":"#material",
              "uv":[
                10.0,
                0.0,
                8.0,
                4.0
              ],
              "autoUv":false,
              "rotation":180
            },
            "south":{
              "texture":"#material",
              "uv":[
                14.0,
                17.0,
                16.0,
                20.0
              ],
              "autoUv":false,
              "rotation":180
            },
            "west":{
              "texture":"#material",
              "uv":[
                8.0,
                0.0,
                6.0,
                4.0
              ],
              "autoUv":false,
              "rotation":180
            },
            "up":{
              "texture":"#material",
              "uv":[
                13.0,
                25.0,
                16.0,
                27.0
              ],
              "autoUv":false,
              "rotation":270
            },
            "down":{
              "texture":"#material",
              "uv":[
                13.0,
                27.0,
                16.0,
                25.0
              ],
              "autoUv":false,
              "rotation":270
            }
          },
          "children":[]
        },
        {
          "name":"simple_head 10",
          "from":[
            -3.1639164686203003,
            -0.22020772099494934,
            -2.7175821661949158
          ],
          "to":[
            -2.121556878089905,
            0.8221498727798462,
            -1.2448256611824036
          ],
          "rotationOrigin":[
            -2.6610989570617676,
            0.1260906457901001,
            -1.9812039136886597
          ],
          "rotationZ":45.00000125223908,
          "group":"simple",
          "faces":{
            "north":{
              "texture":"#material",
              "uv":[
                16.0,
                18.0,
                14.0,
                20.0
              ],
              "autoUv":false,
              "rotation":180
            },
            "east":{
              "texture":"#material",
              "uv":[
                10.0,
                0.9999980926513672,
                8.0,
                4.0
              ],
              "autoUv":false,
              "rotation":180
            },
            "south":{
              "texture":"#material",
              "uv":[
                14.0,
                18.0,
                16.0,
                20.000000953674316
              ],
              "autoUv":false,
              "rotation":180
            },
            "west":{
              "texture":"#material",
              "uv":[
                8.0,
                0.9999980926513672,
                6.0,
                4.0
              ],
              "autoUv":false,
              "rotation":180
            },
            "up":{
              "texture":"#material",
              "uv":[
                13.0,
                25.0,
                16.0,
                27.0
              ],
              "autoUv":false,
              "rotation":270
            },
            "down":{
              "texture":"#material",
              "uv":[
                13.0,
                27.0,
                16.0,
                25.0
              ],
              "autoUv":false,
              "rotation":270
            }
          },
          "children":[]
        }
      ]
    }
  ],
  "groups":[]
}