{
  "textureWidth":16,
  "textureHeight":16,
  "textures":{
    "wood":"game:block/wood/debarked/oak"
  },
  "textureSizes":{
    "wood":[
      32,
      32
    ]
  },
  "elements":[
    {
      "name":"origin",
      "from":[
        11.0,
        0.5,
        7.699999988079071
      ],
      "to":[
        11.0,
        0.5,
        7.699999988079071
      ],
      "rotationOrigin":[
        8.0,
        0.0,
        8.0
      ],
      "group":"Stick",
      "faces":{
        "north":{
          "texture":"#0",
          "uv":[
            0,
            0,
            4,
            4
          ],
          "autoUv":false
        },
        "east":{
          "texture":"#0",
          "uv":[
            0,
            0,
            4,
            4
          ],
          "autoUv":false
        },
        "south":{
          "texture":"#0",
          "uv":[
            0,
            0,
            4,
            4
          ],
          "autoUv":false
        },
        "west":{
          "texture":"#0",
          "uv":[
            0,
            0,
            4,
            4
          ],
          "autoUv":false
        },
        "up":{
          "texture":"#wood",
          "uv":[
            0.0,
            0.0,
            1.0,
            1.0
          ],
          "autoUv":false,
          "rotation":180
        },
        "down":{
          "texture":"#0",
          "uv":[
            0,
            0,
            4,
            4
          ],
          "autoUv":false
        }
      },
      "children":[
        {
          "name":"handle_stick 01",
          "from":[
            -11.146825581789017,
            -0.05265951156616211,
            1.2184075564146042
          ],
          "to":[
            -10.14682599902153,
            0.4473404884338379,
            1.7184073477983475
          ],
          "rotationOrigin":[
            -10.646825790405273,
            0.1973404884338379,
            1.4684074521064758
          ],
          "rotationY":75.07666071521477,
          "group":"Stick",
          "faces":{
            "north":{
              "texture":"#wood",
              "uv":[
                0.0,
                11.0,
                2.0,
                12.0
              ],
              "autoUv":false
            },
            "east":{
              "texture":"#wood",
              "uv":[
                12.0,
                16.0,
                20.0,
                24.0
              ],
              "autoUv":false,
              "rotation":270
            },
            "south":{
              "texture":"#wood",
              "uv":[
                5.0,
                22.0,
                7.0,
                23.0
              ],
              "autoUv":false
            },
            "west":{
              "texture":"#wood",
              "uv":[
                28.0,
                20.0,
                29.0,
                21.0
              ],
              "autoUv":false
            },
            "up":{
              "texture":"#wood",
              "uv":[
                0.0,
                18.0,
                2.0,
                19.0
              ],
              "autoUv":false
            },
            "down":{
              "texture":"#wood",
              "uv":[
                2.0,
                11.0,
                0.0,
                10.0
              ],
              "autoUv":false,
              "rotation":180
            }
          },
          "children":[]
        },
        {
          "name":"handle_stick 02",
          "from":[
            -1.5752410590648651,
            -0.22662878036499023,
            -0.2346927374601364
          ],
          "to":[
            -0.5752411186695099,
            0.27337121963500977,
            0.2653072327375412
          ],
          "rotationOrigin":[
            -1.0752410888671875,
            0.023371219635009766,
            0.015307247638702393
          ],
          "rotationY":-50.91167341285769,
          "group":"Stick",
          "faces":{
            "north":{
              "texture":"#wood",
              "uv":[
                3.0,
                13.0,
                5.0,
                14.0
              ],
              "autoUv":false
            },
            "east":{
              "texture":"#wood",
              "uv":[
                12.0,
                16.0,
                20.0,
                24.0
              ],
              "autoUv":false,
              "rotation":270
            },
            "south":{
              "texture":"#wood",
              "uv":[
                9.0,
                22.0,
                11.0,
                23.0
              ],
              "autoUv":false
            },
            "west":{
              "texture":"#wood",
              "uv":[
                28.0,
                20.0,
                29.0,
                21.0
              ],
              "autoUv":false
            },
            "up":{
              "texture":"#wood",
              "uv":[
                20.0,
                8.0,
                28.0,
                16.0
              ],
              "autoUv":false,
              "rotation":270
            },
            "down":{
              "texture":"#wood",
              "uv":[
                6.0,
                14.0,
                4.0,
                13.0
              ],
              "autoUv":false,
              "rotation":180
            }
          },
          "children":[]
        },
        {
          "name":"handle_stick 03",
          "from":[
            -1.9828700423240662,
            0.27337121963500977,
            -0.4287363737821579
          ],
          "to":[
            -0.4828701615333557,
            0.7733712196350098,
            0.07126359641551971
          ],
          "rotationOrigin":[
            -1.232870101928711,
            0.5233712196350098,
            -0.1787363886833191
          ],
          "rotationY":-50.91167341285769,
          "group":"Stick",
          "faces":{
            "north":{
              "texture":"#wood",
              "uv":[
                3.0,
                11.0,
                6.0,
                12.0
              ],
              "autoUv":false
            },
            "east":{
              "texture":"#wood",
              "uv":[
                12.0,
                16.0,
                20.0,
                24.0
              ],
              "autoUv":false,
              "rotation":270
            },
            "south":{
              "texture":"#wood",
              "uv":[
                0.0,
                21.0,
                3.0,
                22.0
              ],
              "autoUv":false
            },
            "west":{
              "texture":"#wood",
              "uv":[
                28.0,
                19.0,
                29.0,
                20.0
              ],
              "autoUv":false
            },
            "up":{
              "texture":"#wood",
              "uv":[
                0.0,
                17.0,
                3.0,
                18.0
              ],
              "autoUv":false
            },
            "down":{
              "texture":"#wood",
              "uv":[
                3.0,
                11.0,
                0.0,
                10.0
              ],
              "autoUv":false,
              "rotation":180
            }
          },
          "children":[]
        },
        {
          "name":"handle_stick 04",
          "from":[
            -3.6077407002449036,
            0.13752824068069458,
            0.9073551297187805
          ],
          "to":[
            -2.5611111521720886,
            0.6375282406806946,
            1.4073551297187805
          ],
          "rotationOrigin":[
            -3.084425926208496,
            0.3875282406806946,
            1.1573551297187805
          ],
          "rotationX":138.78641133066762,
          "rotationY":-50.91165633738476,
          "rotationZ":-2.2641679741972582e-06,
          "group":"Stick",
          "faces":{
            "north":{
              "texture":"#wood",
              "uv":[
                3.0,
                11.0,
                5.093259334564209,
                12.0
              ],
              "autoUv":false
            },
            "east":{
              "texture":"#wood",
              "uv":[
                12.0,
                16.0,
                20.0,
                24.0
              ],
              "autoUv":false,
              "rotation":270
            },
            "south":{
              "texture":"#wood",
              "uv":[
                0.9067407846450806,
                21.0,
                3.0,
                22.0
              ],
              "autoUv":false
            },
            "west":{
              "texture":"#wood",
              "uv":[
                28.0,
                19.0,
                29.0,
                20.0
              ],
              "autoUv":false
            },
            "up":{
              "texture":"#wood",
              "uv":[
                0.9067407846450806,
                17.0,
                3.0,
                18.0
              ],
              "autoUv":false
            },
            "down":{
              "texture":"#wood",
              "uv":[
                2.093259334564209,
                11.0,
                0.0,
                10.0
              ],
              "autoUv":false,
              "rotation":180
            }
          },
          "children":[]
        },
        {
          "name":"handle_stick 05",
          "from":[
            -7.040322780609131,
            -0.371521532535553,
            -0.046957433223724365
          ],
          "to":[
            4.451547622680664,
            0.8962579369544983,
            1.1358032822608948
          ],
          "rotationOrigin":[
            -1.2943878173828125,
            0.26236820220947266,
            0.5444229245185852
          ],
          "group":"Stick",
          "faces":{
            "north":{
              "texture":"#wood",
              "uv":[
                30.0,
                21.0,
                9.0,
                24.0
              ],
              "autoUv":false
            },
            "east":{
              "texture":"#wood",
              "uv":[
                1.0,
                1.0,
                4.0,
                4.0
              ],
              "autoUv":false
            },
            "south":{
              "texture":"#wood",
              "uv":[
                9.0,
                21.0,
                30.0,
                24.0
              ],
              "autoUv":false
            },
            "west":{
              "texture":"#wood",
              "uv":[
                28.0,
                20.0,
                31.0,
                23.0
              ],
              "autoUv":false
            },
            "up":{
              "texture":"#wood",
              "uv":[
                8.0,
                9.0,
                31.0,
                12.0
              ],
              "autoUv":false
            },
            "down":{
              "texture":"#wood",
              "uv":[
                5.0,
                13.0,
                28.0,
                10.0
              ],
              "autoUv":false,
              "rotation":180
            }
          },
          "children":[]
        },
        {
          "name":"handle_stick 06",
          "from":[
            -13.756032466888428,
            -0.5621662735939026,
            -0.046957433223724365
          ],
          "to":[
            -6.998889207839966,
            0.7056131958961487,
            1.1358032822608948
          ],
          "rotationOrigin":[
            -10.377460956573486,
            0.07172346115112305,
            0.5444229245185852
          ],
          "rotationX":7.223796082348506e-16,
          "rotationY":2.0524994695461307e-17,
          "rotationZ":3.2499999481438815,
          "group":"Stick",
          "faces":{
            "north":{
              "texture":"#wood",
              "uv":[
                20.0,
                21.0,
                6.866701126098633,
                24.0
              ],
              "autoUv":false
            },
            "east":{
              "texture":"#wood",
              "uv":[
                1.0,
                1.0,
                4.0,
                4.0
              ],
              "autoUv":false
            },
            "south":{
              "texture":"#wood",
              "uv":[
                6.866701126098633,
                21.0,
                20.0,
                24.0
              ],
              "autoUv":false
            },
            "west":{
              "texture":"#wood",
              "uv":[
                28.0,
                20.0,
                31.0,
                23.0
              ],
              "autoUv":false
            },
            "up":{
              "texture":"#wood",
              "uv":[
                14.824524879455566,
                9.0,
                1.0,
                12.0
              ],
              "autoUv":false
            },
            "down":{
              "texture":"#wood",
              "uv":[
                15.824525833129883,
                13.0,
                2.0,
                10.0
              ],
              "autoUv":false,
              "rotation":180
            }
          },
          "children":[]
        }
      ]
    }
  ],
  "groups":[]
}