[
  {
    "op": "replace",
    "path": "/enabled",
    "value": true,
    "file": "butchering:itemtypes/butchercreatures/medievalexpansion/aurochs.json",
    "dependsOn": [ { "modid": "medievalexpansionpatch" } ]
  },
  {
    "op": "add",
    "path": "/server/behaviors/-",
    "value": {
      "code": "butcherable",
      "item": "butchering:deadaurochs-female-1-dead"
    },
    "file": "medievalexpansion:entities/land/aurochs-female.json",
    "dependsOn": [ { "modid": "medievalexpansionpatch" } ]
  },
  {
    "op": "add",
    "path": "/client/behaviors/-",
    "value": {
      "code": "butcherable",
      "item": "butchering:deadaurochs-female-1-dead"
    },
    "file": "medievalexpansion:entities/land/aurochs-female.json",
    "dependsOn": [ { "modid": "medievalexpansionpatch" } ]
  },
  {
    "op": "add",
    "path": "/server/behaviors/-",
    "value": {
      "code": "butcherable",
      "item": "butchering:deadaurochs-male-1-dead"
    },
    "file": "medievalexpansion:entities/land/aurochs-male.json",
    "dependsOn": [ { "modid": "medievalexpansionpatch" } ]
  },
  {
    "op": "add",
    "path": "/client/behaviors/-",
    "value": {
      "code": "butcherable",
      "item": "butchering:deadaurochs-male-1-dead"
    },
    "file": "medievalexpansion:entities/land/aurochs-male.json",
    "dependsOn": [ { "modid": "medievalexpansionpatch" } ]
  },
  {
    "op": "add",
    "path": "/server/behaviors/-",
    "value": {
      "code": "butcherable",
      "item": "butchering:deadaurochs-baby-1-dead"
    },
    "file": "medievalexpansion:entities/land/aurochs-lamb.json",
    "dependsOn": [ { "modid": "medievalexpansionpatch" } ]
  },
  {
    "op": "add",
    "path": "/client/behaviors/-",
    "value": {
      "code": "butcherable",
      "item": "butchering:deadaurochs-baby-1-dead"
    },
    "file": "medievalexpansion:entities/land/aurochs-lamb.json",
    "dependsOn": [ { "modid": "medievalexpansionpatch" } ]
  }
]
