{
	"editor": {
		"allAngles": false,
		"entityTextureMode": false
	},
	"textureWidth": 16,
	"textureHeight": 16,
	"textureSizes": {
	},
	"textures": {
		"base": "pemmican:item/food/glazed"
	},
	"elements": [
		{
			"name": "egg",
			"from": [ 7.0, 0.0, 7.0 ],
			"to": [ 9.0, 1.0, 9.0 ],
			"rotationOrigin": [ 8.0, 0.1, 8.0 ],
			"faces": {
				"north": { "texture": "#base", "uv": [ 11.5, 12.5, 4.5, 4.5 ], "autoUv": false },
				"east": { "texture": "#base", "uv": [ 4.5, 4.5, 10.5, 10.5 ], "autoUv": false },
				"south": { "texture": "#base", "uv": [ 5.0, 6.0, 11.0, 12.0 ], "autoUv": false },
				"west": { "texture": "#base", "uv": [ 5.0, 5.5, 11.0, 11.5 ], "autoUv": false },
				"up": { "texture": "#base", "uv": [ 5.0, 7.0, 11.0, 13.0 ], "autoUv": false },
				"down": { "texture": "#base", "uv": [ 5.0, 12.0, 11.0, 6.0 ], "autoUv": false }
			}
		}
	]}