{
	"editor": {
		"collapsedPaths": "Root",
		"allAngles": false,
		"entityTextureMode": false
	},
	"textureWidth": 16,
	"textureHeight": 16,
	"textureSizes": {
	},
	"textures": {
	},
	"elements": [
		{
			"name": "origin",
			"from": [ 8.0, 0.0, 8.0 ],
			"to": [ 8.0, 0.0, 8.0 ],
			"rotationOrigin": [ 8.0, 0.0, 8.0 ],
			"faces": {
			},
			"children": [
				{
					"name": "base",
					"from": [ -3.0, 0.1, -3.0 ],
					"to": [ 3.0, 0.1, 3.0 ],
					"rotationOrigin": [ 1.0, 0.1, 2.0 ],
					"faces": {
						"up": { "texture": "#flour", "uv": [ 3.0, 3.0, 9.0, 9.0 ] }
					}
				},
				{
					"name": "level1",
					"from": [ -3.0, 0.1, -3.0 ],
					"to": [ 3.0, 0.6, 3.0 ],
					"rotationOrigin": [ 0.0, 0.1, 0.0 ],
					"faces": {
						"north": { "texture": "#flour", "uv": [ 9.5, 4.5, 10.0, 10.5 ], "rotation": 90 },
						"east": { "texture": "#flour", "uv": [ 4.5, 5.0, 5.0, 11.0 ], "rotation": 90 },
						"south": { "texture": "#flour", "uv": [ 5.0, 5.0, 11.0, 5.5 ] },
						"west": { "texture": "#flour", "uv": [ 5.0, 10.0, 11.0, 10.5 ] },
						"up": { "texture": "#flour", "uv": [ 5.0, 4.5, 11.0, 10.5 ] }
					}
				},
				{
					"name": "level2",
					"from": [ -2.5, 0.6, -2.5 ],
					"to": [ 2.5, 1.1, 2.5 ],
					"rotationOrigin": [ 0.0, 0.1, 0.0 ],
					"faces": {
						"north": { "texture": "#flour", "uv": [ 9.0, 5.5, 9.5, 10.5 ], "rotation": 90 },
						"east": { "texture": "#flour", "uv": [ 5.0, 5.0, 5.5, 10.0 ], "rotation": 90 },
						"south": { "texture": "#flour", "uv": [ 5.0, 5.0, 10.0, 5.5 ] },
						"west": { "texture": "#flour", "uv": [ 5.0, 10.0, 10.0, 10.5 ] },
						"up": { "texture": "#flour", "uv": [ 5.0, 5.0, 10.0, 10.0 ] }
					}
				},
				{
					"name": "level3",
					"from": [ -2.0, 1.1, -2.0 ],
					"to": [ 2.0, 1.6, 2.0 ],
					"rotationOrigin": [ 0.0, 1.1, 0.0 ],
					"faces": {
						"north": { "texture": "#flour", "uv": [ 8.5, 5.5, 9.0, 9.5 ], "rotation": 90 },
						"east": { "texture": "#flour", "uv": [ 6.0, 5.0, 6.5, 9.0 ], "rotation": 90 },
						"south": { "texture": "#flour", "uv": [ 6.5, 6.0, 10.5, 6.5 ] },
						"west": { "texture": "#flour", "uv": [ 5.5, 9.0, 9.5, 9.5 ] },
						"up": { "texture": "#flour", "uv": [ 5.5, 6.0, 9.5, 10.0 ] }
					}
				},
				{
					"name": "level4",
					"from": [ -1.5, 1.6, -1.5 ],
					"to": [ 1.5, 2.1, 1.5 ],
					"rotationOrigin": [ 0.0, 1.6, 0.0 ],
					"faces": {
						"north": { "texture": "#flour", "uv": [ 8.5, 5.5, 9.0, 8.5 ], "rotation": 90 },
						"east": { "texture": "#flour", "uv": [ 6.0, 5.0, 6.5, 8.0 ], "rotation": 90 },
						"south": { "texture": "#flour", "uv": [ 6.5, 6.0, 9.5, 6.5 ] },
						"west": { "texture": "#flour", "uv": [ 5.5, 9.0, 8.5, 9.5 ] },
						"up": { "texture": "#flour", "uv": [ 5.5, 6.0, 8.5, 9.0 ] }
					}
				},
				{
					"name": "level5",
					"from": [ -1.0, 2.1, -1.0 ],
					"to": [ 0.0, 2.6, 0.0 ],
					"rotationOrigin": [ 0.0, 2.1, 0.0 ],
					"faces": {
						"north": { "texture": "#flour", "uv": [ 8.5, 5.5, 9.0, 6.5 ], "rotation": 90 },
						"east": { "texture": "#flour", "uv": [ 6.0, 5.0, 6.5, 6.0 ], "rotation": 90 },
						"south": { "texture": "#flour", "uv": [ 6.5, 6.0, 7.5, 6.5 ] },
						"west": { "texture": "#flour", "uv": [ 5.5, 9.0, 6.5, 9.5 ] },
						"up": { "texture": "#flour", "uv": [ 5.5, 6.0, 6.5, 7.0 ] }
					}
				},
				{
					"name": "level6",
					"from": [ 0.5, 2.1, 0.5 ],
					"to": [ 1.0, 2.6, 1.0 ],
					"rotationOrigin": [ 0.0, 2.1, 0.0 ],
					"faces": {
						"north": { "texture": "#flour", "uv": [ 8.0, 8.0, 8.5, 8.5 ], "rotation": 90 },
						"east": { "texture": "#flour", "uv": [ 7.5, 6.5, 8.0, 7.0 ], "rotation": 90 },
						"south": { "texture": "#flour", "uv": [ 7.0, 6.5, 7.5, 7.0 ] },
						"west": { "texture": "#flour", "uv": [ 6.5, 9.0, 7.0, 9.5 ] },
						"up": { "texture": "#flour", "uv": [ 7.0, 6.5, 7.5, 7.0 ] }
					}
				}
			]
		}
	]}