[
	{
		"file": "blocktypes/wood/typed/scaffolding.json",
		"op": "addmerge",
		"path": "/shapeByType",
		"value": {
			"*-phyllostachysedulis-*": {
				"base": "compatibility/block/fotsa/scaffold.json",	
				"rotateYByType": {
					"*-north": 0,
					"*-east": 270,
					"*-south": 180,
					"*-west": 90
				}
			},
			"*-trachycarpusfortunei-*": {
				"base": "block/wood/scaffold.json",	
				"rotateYByType": {
					"*-north": 0,
					"*-east": 270,
					"*-south": 180,
					"*-west": 90
				}
			}
		},
		"side": "server"
	},
	{
		"file": "blocktypes/wood/typed/scaffolding.json",
		"op": "move",
		"frompath": "/shapeByType/*",
		"path": "/temp",
		"side": "server"
	},
	{
		"file": "blocktypes/wood/typed/scaffolding.json",
		"op": "move",
		"frompath": "/temp",
		"path": "/shapeByType/*",
		"side": "server"
	},
	{
		"file": "blocktypes/wood/typed/scaffolding.json",
		"op": "addmerge",
		"path": "/texturesByType",
		"value": {
			"*-abieskoreana-*": { 
			"batten": { "base": "floralzoneseastasiaticregion:block/wood/bark/abieskoreana" },
			"bracket": { "base": "game:block/metal/ingot/iron" },
			"support": { "base": "floralzoneseastasiaticregion:block/wood/bark/abieskoreana" }
			},
			"*-phyllostachysedulis-*": { 
				"rope": { "base": "game:item/resource/rope" },
				"support": { "base": "floralzoneseastasiaticregion:block/plant/bamboo/phyllostachysedulis" }
			},
			"*-trachycarpusfortunei-*": { 
				"rope": { "base": "game:item/resource/rope" },
				"support": { "base": "floralzoneseastasiaticregion:block/wood/bark/trachycarpusfortunei" }
			}
		},
		"side": "server"
	},
	{
		"file": "blocktypes/wood/typed/scaffolding.json",
		"op": "move",
		"frompath": "/texturesByType/*",
		"path": "/temp",
		"side": "server"
	},
	{
		"file": "blocktypes/wood/typed/scaffolding.json",
		"op": "move",
		"frompath": "/temp",
		"path": "/texturesByType/*",
		"side": "server"
	}
]