{
	"editor": {
		"backDropShape": "entity/cervini/megalocerosgiganteus/adult",
		"allAngles": true,
		"entityTextureMode": true
	},
	"textureWidth": 108,
	"textureHeight": 136,
	"textureSizes": {
		"skin": [108,136]
	},
	"textures": {
		"skin": "entity/cervini/megalocerosgiganteus-adult"
	},
	"elements": [
		{
			"name": "Horn Attachment",
			"stepParentName": "Head",
			"from": [ 3.0, 7.0, 3.4 ],
			"to": [ 3.0, 7.0, 3.4 ],
			"uv": [ 5.5, 6.0 ],
			"rotationOrigin": [ 3.0, 7.0, 3.4 ],
			"faces": {
			},
			"children": [
				{
					"name": "R Antler Hub",
					"from": [ -1.0, -1.5, 1.8 ],
					"to": [ 1.0, 0.5, 3.8 ],
					"unwrapMode": 3,
					"uv": [ 53.0, 107.0 ],
					"rotationOrigin": [ -1.0, 0.5, 1.8 ],
					"rotationX": -50.0,
					"faces": {
						"east": { "texture": "#skin", "uv": [ 57.0, 109.0, 59.0, 111.0 ] },
						"south": { "texture": "#skin", "uv": [ 55.0, 109.0, 57.0, 111.0 ] },
						"west": { "texture": "#skin", "uv": [ 53.0, 109.0, 55.0, 111.0 ] },
						"up": { "texture": "#skin", "uv": [ 55.0, 107.0, 57.0, 109.0 ] },
						"down": { "texture": "#skin", "uv": [ 55.0, 111.0, 57.0, 113.0 ], "rotation": 180, "windMode": [-1,-1,-1,-1], "windData": [2,2,2,2] }
					},
					"children": [
						{
							"name": "R Antler Beam 1",
							"from": [ 0.2, 0.2, 1.7 ],
							"to": [ 1.8, 1.8, 4.7 ],
							"unwrapMode": 7,
							"unwrapRotation": 1,
							"uv": [ 28.0, 129.5 ],
							"rotationOrigin": [ 0.2, 0.2, 1.7 ],
							"rotationX": 10.0,
							"rotationY": 10.0,
							"faces": {
								"east": { "texture": "#skin", "uv": [ 29.5, 132.5, 32.5, 134.0 ] },
								"south": { "texture": "#skin", "uv": [ 28.0, 131.0, 29.5, 132.5 ], "rotation": 270, "windMode": [-1,-1,-1,-1], "windData": [2,2,2,2] },
								"west": { "texture": "#skin", "uv": [ 29.5, 129.5, 32.5, 131.0 ], "rotation": 180 },
								"up": { "texture": "#skin", "uv": [ 29.5, 131.0, 32.5, 132.5 ], "rotation": 270 },
								"down": { "texture": "#skin", "uv": [ 32.5, 131.0, 35.5, 132.5 ], "rotation": 90 }
							},
							"children": [
								{
									"name": "R Antler Beam 2",
									"from": [ 0.05, 0.05, 3.0 ],
									"to": [ 1.55, 1.55, 6.0 ],
									"unwrapMode": 7,
									"unwrapRotation": 1,
									"uv": [ 21.5, 125.0 ],
									"rotationOrigin": [ 0.05, 0.05, 3.0 ],
									"rotationY": 30.0,
									"faces": {
										"east": { "texture": "#skin", "uv": [ 23.0, 128.0, 26.0, 129.5 ] },
										"south": { "texture": "#skin", "uv": [ 21.5, 126.5, 23.0, 128.0 ], "rotation": 270, "windMode": [-1,-1,-1,-1], "windData": [2,2,2,2] },
										"west": { "texture": "#skin", "uv": [ 23.0, 125.0, 26.0, 126.5 ], "rotation": 180 },
										"up": { "texture": "#skin", "uv": [ 23.0, 126.5, 26.0, 128.0 ], "rotation": 270 },
										"down": { "texture": "#skin", "uv": [ 26.0, 126.5, 29.0, 128.0 ], "rotation": 90 }
									},
									"children": [
										{
											"name": "R Antler Palm 1",
											"from": [ -1.0, 0.1, 3.0 ],
											"to": [ 2.0, 1.4, 6.0 ],
											"unwrapMode": 7,
											"unwrapRotation": 1,
											"uv": [ 27.0, 128.5 ],
											"rotationOrigin": [ 2.0, 0.1, 3.0 ],
											"rotationX": 5.0,
											"rotationY": -50.0,
											"rotationZ": -5.0,
											"faces": {
												"north": { "texture": "#skin", "uv": [ 31.0, 129.5, 32.0, 132.5 ], "rotation": 90 },
												"east": { "texture": "#skin", "uv": [ 28.0, 132.5, 31.0, 133.5 ] },
												"south": { "texture": "#skin", "uv": [ 27.0, 129.5, 28.0, 132.5 ], "rotation": 270 },
												"west": { "texture": "#skin", "uv": [ 28.0, 128.5, 31.0, 129.5 ], "rotation": 180 },
												"up": { "texture": "#skin", "uv": [ 28.0, 129.5, 31.0, 132.5 ], "rotation": 270 },
												"down": { "texture": "#skin", "uv": [ 32.0, 129.5, 35.0, 132.5 ], "rotation": 90 }
											},
											"children": [
												{
													"name": "R Antler Palm 2",
													"from": [ -2.0, 0.1, 0.5 ],
													"to": [ 4.0, 1.2, 4.5 ],
													"unwrapMode": 7,
													"unwrapRotation": 1,
													"uv": [ 13.5, 125.0 ],
													"rotationOrigin": [ 3.0, 0.1, 0.5 ],
													"rotationX": 5.0,
													"rotationY": 33.0,
													"rotationZ": -5.0,
													"faces": {
														"north": { "texture": "#skin", "uv": [ 18.5, 126.0, 19.5, 132.0 ], "rotation": 90 },
														"east": { "texture": "#skin", "uv": [ 14.5, 132.0, 18.5, 133.0 ] },
														"south": { "texture": "#skin", "uv": [ 13.5, 126.0, 14.5, 132.0 ], "rotation": 270 },
														"west": { "texture": "#skin", "uv": [ 14.5, 125.0, 18.5, 126.0 ], "rotation": 180 },
														"up": { "texture": "#skin", "uv": [ 14.5, 126.0, 18.5, 132.0 ], "rotation": 270 },
														"down": { "texture": "#skin", "uv": [ 19.5, 126.0, 23.5, 132.0 ], "rotation": 90 }
													},
													"children": [
														{
															"name": "R Antler Palm 3",
															"from": [ -2.0, 0.05, 4.0 ],
															"to": [ 5.0, 1.05, 10.0 ],
															"unwrapMode": 7,
															"unwrapRotation": 1,
															"uv": [ 1.5, 125.0 ],
															"rotationOrigin": [ 0.0, 0.05, 4.0 ],
															"rotationY": 25.0,
															"faces": {
																"east": { "texture": "#skin", "uv": [ 2.5, 133.0, 8.5, 134.0 ] },
																"south": { "texture": "#skin", "uv": [ 1.5, 126.0, 2.5, 133.0 ], "rotation": 270, "windMode": [-1,-1,-1,-1], "windData": [3,3,3,3] },
																"west": { "texture": "#skin", "uv": [ 2.5, 125.0, 8.5, 126.0 ], "rotation": 180 },
																"up": { "texture": "#skin", "uv": [ 2.5, 126.0, 8.5, 133.0 ], "rotation": 270 },
																"down": { "texture": "#skin", "uv": [ 8.5, 126.0, 14.5, 133.0 ], "rotation": 90 }
															},
															"children": [
																{
																	"name": "R Antler Tine a5",
																	"from": [ -3.0, 0.0, 3.0 ],
																	"to": [ 2.0, 1.2, 5.0 ],
																	"unwrapMode": 7,
																	"unwrapRotation": 1,
																	"uv": [ 44.5, 122.5 ],
																	"rotationOrigin": [ 1.0, 0.0, 4.2 ],
																	"rotationY": 75.0,
																	"faces": {
																		"north": { "texture": "#skin", "uv": [ 47.5, 123.5, 48.5, 128.5 ], "rotation": 90 },
																		"east": { "texture": "#skin", "uv": [ 45.5, 128.5, 47.5, 129.5 ] },
																		"south": { "texture": "#skin", "uv": [ 44.5, 123.5, 45.5, 128.5 ], "rotation": 270 },
																		"west": { "texture": "#skin", "uv": [ 45.5, 122.5, 47.5, 123.5 ], "rotation": 180 },
																		"up": { "texture": "#skin", "uv": [ 45.5, 123.5, 47.5, 128.5 ], "rotation": 270 },
																		"down": { "texture": "#skin", "uv": [ 48.5, 123.5, 50.5, 128.5 ], "rotation": 90 }
																	},
																	"children": [
																		{
																			"name": "R Antler Tine b5",
																			"from": [ -1.0, 0.1, 0.3 ],
																			"to": [ 0.0, 1.1, 1.7 ],
																			"unwrapMode": 7,
																			"unwrapRotation": 1,
																			"uv": [ 51.5, 124.5 ],
																			"rotationOrigin": [ 0.0, 0.1, 1.3 ],
																			"rotationZ": -8.0,
																			"faces": {
																				"north": { "texture": "#skin", "uv": [ 53.5, 125.5, 54.5, 126.5 ], "rotation": 90 },
																				"south": { "texture": "#skin", "uv": [ 51.5, 125.5, 52.5, 126.5 ], "rotation": 270 },
																				"west": { "texture": "#skin", "uv": [ 52.5, 124.5, 53.5, 125.5 ], "rotation": 180 },
																				"up": { "texture": "#skin", "uv": [ 52.5, 125.5, 53.5, 126.5 ], "rotation": 270 },
																				"down": { "texture": "#skin", "uv": [ 54.5, 125.5, 55.5, 126.5 ], "rotation": 90 }
																			}
																		}
																	]
																},
																{
																	"name": "R Antler Tine a6",
																	"from": [ 0.0, 0.1, 5.0 ],
																	"to": [ 4.0, 1.1, 9.5 ],
																	"unwrapMode": 7,
																	"unwrapRotation": 1,
																	"uv": [ 23.5, 122.0 ],
																	"rotationOrigin": [ 3.0, 0.1, 6.2 ],
																	"rotationX": -10.0,
																	"rotationY": 102.0,
																	"faces": {
																		"north": { "texture": "#skin", "uv": [ 28.0, 123.0, 29.0, 127.0 ], "rotation": 90 },
																		"east": { "texture": "#skin", "uv": [ 23.5, 127.0, 28.0, 128.0 ] },
																		"west": { "texture": "#skin", "uv": [ 23.5, 122.0, 28.0, 123.0 ], "rotation": 180 },
																		"up": { "texture": "#skin", "uv": [ 23.5, 123.0, 28.0, 127.0 ], "rotation": 270 },
																		"down": { "texture": "#skin", "uv": [ 29.0, 123.0, 33.5, 127.0 ], "rotation": 90 }
																	},
																	"children": [
																		{
																			"name": "R Antler Tine b6",
																			"from": [ -2.0, 0.1, 0.3 ],
																			"to": [ 0.0, 1.1, 1.3 ],
																			"unwrapMode": 6,
																			"unwrapRotation": 1,
																			"uv": [ 51.5, 124.5 ],
																			"rotationOrigin": [ 0.0, 0.1, 1.3 ],
																			"rotationZ": -28.0,
																			"faces": {
																				"north": { "texture": "#skin", "uv": [ 51.5, 125.5, 52.5, 127.5 ], "rotation": 90 },
																				"south": { "texture": "#skin", "uv": [ 53.5, 125.5, 54.5, 127.5 ], "rotation": 270 },
																				"west": { "texture": "#skin", "uv": [ 52.5, 124.5, 53.5, 125.5 ] },
																				"up": { "texture": "#skin", "uv": [ 54.5, 125.5, 55.5, 127.5 ], "rotation": 270 },
																				"down": { "texture": "#skin", "uv": [ 52.5, 125.5, 53.5, 127.5 ], "rotation": 90 }
																			}
																		},
																		{
																			"name": "R Antler Tine c6",
																			"from": [ -1.0, 0.1, 3.3 ],
																			"to": [ 0.0, 1.1, 4.3 ],
																			"unwrapMode": 7,
																			"unwrapRotation": 1,
																			"uv": [ 51.5, 124.5 ],
																			"rotationOrigin": [ 0.0, 0.1, 3.3 ],
																			"rotationY": 17.0,
																			"rotationZ": -28.0,
																			"faces": {
																				"north": { "texture": "#skin", "uv": [ 53.5, 125.5, 54.5, 126.5 ], "rotation": 90 },
																				"south": { "texture": "#skin", "uv": [ 51.5, 125.5, 52.5, 126.5 ], "rotation": 270 },
																				"west": { "texture": "#skin", "uv": [ 52.5, 124.5, 53.5, 125.5 ], "rotation": 180 },
																				"up": { "texture": "#skin", "uv": [ 52.5, 125.5, 53.5, 126.5 ], "rotation": 270 },
																				"down": { "texture": "#skin", "uv": [ 54.5, 125.5, 55.5, 126.5 ], "rotation": 90 }
																			}
																		}
																	]
																},
																{
																	"name": "R Antler Tine a7",
																	"from": [ 5.0, 0.0, 0.0 ],
																	"to": [ 7.0, 1.2, 2.0 ],
																	"unwrapMode": 7,
																	"unwrapRotation": 1,
																	"uv": [ 44.5, 124.5 ],
																	"rotationOrigin": [ 7.0, 0.0, 1.2 ],
																	"rotationY": 127.0,
																	"rotationZ": -10.0,
																	"faces": {
																		"north": { "texture": "#skin", "uv": [ 47.5, 125.5, 48.5, 127.5 ], "rotation": 90 },
																		"east": { "texture": "#skin", "uv": [ 45.5, 127.5, 47.5, 128.5 ] },
																		"south": { "texture": "#skin", "uv": [ 44.5, 125.5, 45.5, 127.5 ], "rotation": 270 },
																		"west": { "texture": "#skin", "uv": [ 45.5, 124.5, 47.5, 125.5 ], "rotation": 180 },
																		"up": { "texture": "#skin", "uv": [ 45.5, 125.5, 47.5, 127.5 ], "rotation": 270 },
																		"down": { "texture": "#skin", "uv": [ 48.5, 125.5, 50.5, 127.5 ], "rotation": 90 }
																	},
																	"children": [
																		{
																			"name": "R Antler Tine b7",
																			"from": [ -1.0, 0.1, 0.5 ],
																			"to": [ 0.0, 1.1, 1.5 ],
																			"unwrapMode": 7,
																			"unwrapRotation": 1,
																			"uv": [ 51.5, 124.5 ],
																			"rotationOrigin": [ 0.0, 0.1, 1.5 ],
																			"rotationZ": -22.0,
																			"faces": {
																				"north": { "texture": "#skin", "uv": [ 53.5, 125.5, 54.5, 126.5 ], "rotation": 90 },
																				"south": { "texture": "#skin", "uv": [ 51.5, 125.5, 52.5, 126.5 ], "rotation": 270 },
																				"west": { "texture": "#skin", "uv": [ 52.5, 124.5, 53.5, 125.5 ], "rotation": 180 },
																				"up": { "texture": "#skin", "uv": [ 52.5, 125.5, 53.5, 126.5 ], "rotation": 270 },
																				"down": { "texture": "#skin", "uv": [ 54.5, 125.5, 55.5, 126.5 ], "rotation": 90 }
																			}
																		}
																	]
																}
															]
														},
														{
															"name": "R Antler Tine a3",
															"from": [ -2.5, 0.0, 0.0 ],
															"to": [ 0.5, 1.2, 2.0 ],
															"unwrapMode": 7,
															"unwrapRotation": 1,
															"uv": [ 44.5, 124.5 ],
															"rotationOrigin": [ 0.5, 0.0, 1.2 ],
															"rotationY": 22.0,
															"faces": {
																"north": { "texture": "#skin", "uv": [ 47.5, 125.5, 48.5, 128.5 ], "rotation": 90 },
																"east": { "texture": "#skin", "uv": [ 45.5, 128.5, 47.5, 129.5 ] },
																"south": { "texture": "#skin", "uv": [ 44.5, 125.5, 45.5, 128.5 ], "rotation": 270 },
																"west": { "texture": "#skin", "uv": [ 45.5, 124.5, 47.5, 125.5 ], "rotation": 180 },
																"up": { "texture": "#skin", "uv": [ 45.5, 125.5, 47.5, 128.5 ], "rotation": 270 },
																"down": { "texture": "#skin", "uv": [ 48.5, 125.5, 50.5, 128.5 ], "rotation": 90 }
															},
															"children": [
																{
																	"name": "R Antler Tine b3",
																	"from": [ -2.0, 0.1, 0.3 ],
																	"to": [ 0.0, 1.1, 1.7 ],
																	"unwrapMode": 7,
																	"unwrapRotation": 1,
																	"uv": [ 51.5, 124.5 ],
																	"rotationOrigin": [ 0.0, 0.1, 1.3 ],
																	"rotationY": -5.0,
																	"rotationZ": -18.0,
																	"faces": {
																		"north": { "texture": "#skin", "uv": [ 53.5, 125.5, 54.5, 127.5 ], "rotation": 90 },
																		"south": { "texture": "#skin", "uv": [ 51.5, 125.5, 52.5, 127.5 ], "rotation": 270 },
																		"west": { "texture": "#skin", "uv": [ 52.5, 124.5, 53.5, 125.5 ], "rotation": 180, "windMode": [-1,-1,-1,-1], "windData": [3,3,4,4] },
																		"up": { "texture": "#skin", "uv": [ 52.5, 125.5, 53.5, 127.5 ], "rotation": 270 },
																		"down": { "texture": "#skin", "uv": [ 54.5, 125.5, 55.5, 127.5 ], "rotation": 90 }
																	}
																}
															]
														},
														{
															"name": "R Antler Tine a4",
															"from": [ -5.0, 0.0, 2.0 ],
															"to": [ 1.0, 1.2, 4.0 ],
															"unwrapMode": 7,
															"unwrapRotation": 1,
															"uv": [ 44.5, 123.5 ],
															"rotationOrigin": [ 1.0, 0.0, 3.2 ],
															"rotationY": 50.0,
															"faces": {
																"north": { "texture": "#skin", "uv": [ 47.5, 124.5, 48.5, 130.5 ], "rotation": 90 },
																"east": { "texture": "#skin", "uv": [ 45.5, 130.5, 47.5, 131.5 ] },
																"south": { "texture": "#skin", "uv": [ 44.5, 124.5, 45.5, 130.5 ], "rotation": 270 },
																"west": { "texture": "#skin", "uv": [ 45.5, 123.5, 47.5, 124.5 ], "rotation": 180 },
																"up": { "texture": "#skin", "uv": [ 45.5, 124.5, 47.5, 130.5 ], "rotation": 270 },
																"down": { "texture": "#skin", "uv": [ 48.5, 124.5, 50.5, 130.5 ], "rotation": 90 }
															},
															"children": [
																{
																	"name": "R Antler Tine b4",
																	"from": [ -2.0, 0.1, 0.3 ],
																	"to": [ 0.0, 1.1, 1.7 ],
																	"unwrapMode": 7,
																	"unwrapRotation": 1,
																	"uv": [ 51.5, 124.5 ],
																	"rotationOrigin": [ 0.0, 0.1, 1.3 ],
																	"rotationZ": -18.0,
																	"faces": {
																		"north": { "texture": "#skin", "uv": [ 53.5, 125.5, 54.5, 127.5 ], "rotation": 90 },
																		"south": { "texture": "#skin", "uv": [ 51.5, 125.5, 52.5, 127.5 ], "rotation": 270 },
																		"west": { "texture": "#skin", "uv": [ 52.5, 124.5, 53.5, 125.5 ], "rotation": 180 },
																		"up": { "texture": "#skin", "uv": [ 52.5, 125.5, 53.5, 127.5 ], "rotation": 270 },
																		"down": { "texture": "#skin", "uv": [ 54.5, 125.5, 55.5, 127.5 ], "rotation": 90 }
																	}
																}
															]
														}
													]
												},
												{
													"name": "R Antler Tine a2",
													"from": [ -2.5, 0.0, 0.0 ],
													"to": [ 0.5, 1.2, 1.6 ],
													"unwrapMode": 7,
													"unwrapRotation": 1,
													"uv": [ 45.0, 122.5 ],
													"rotationOrigin": [ 0.5, 0.0, 1.2 ],
													"rotationY": 22.0,
													"faces": {
														"north": { "texture": "#skin", "uv": [ 47.5, 123.5, 48.5, 126.5 ], "rotation": 90 },
														"east": { "texture": "#skin", "uv": [ 46.0, 126.5, 47.5, 127.5 ] },
														"south": { "texture": "#skin", "uv": [ 45.0, 123.5, 46.0, 126.5 ], "rotation": 270 },
														"west": { "texture": "#skin", "uv": [ 46.0, 122.5, 47.5, 123.5 ], "rotation": 180 },
														"up": { "texture": "#skin", "uv": [ 46.0, 123.5, 47.5, 126.5 ], "rotation": 270 },
														"down": { "texture": "#skin", "uv": [ 48.5, 123.5, 50.0, 126.5 ], "rotation": 90 }
													},
													"children": [
														{
															"name": "R Antler Tine b2",
															"from": [ -2.0, 0.1, 0.3 ],
															"to": [ 0.0, 1.1, 1.3 ],
															"unwrapMode": 7,
															"unwrapRotation": 1,
															"uv": [ 51.5, 124.5 ],
															"rotationOrigin": [ 0.0, 0.1, 1.3 ],
															"rotationZ": -18.0,
															"faces": {
																"north": { "texture": "#skin", "uv": [ 53.5, 125.5, 54.5, 127.5 ], "rotation": 90 },
																"south": { "texture": "#skin", "uv": [ 51.5, 125.5, 52.5, 127.5 ], "rotation": 270 },
																"west": { "texture": "#skin", "uv": [ 52.5, 124.5, 53.5, 125.5 ], "rotation": 180 },
																"up": { "texture": "#skin", "uv": [ 52.5, 125.5, 53.5, 127.5 ], "rotation": 270 },
																"down": { "texture": "#skin", "uv": [ 54.5, 125.5, 55.5, 127.5 ], "rotation": 90 }
															}
														}
													]
												}
											]
										}
									]
								}
							]
						}
					]
				},
				{
					"name": "L Antler Hub",
					"from": [ -1.0, -1.5, -3.8 ],
					"to": [ 1.0, 0.5, -1.8 ],
					"unwrapMode": 1,
					"uv": [ 53.0, 113.5 ],
					"rotationOrigin": [ -1.0, 0.5, -1.8 ],
					"rotationX": 50.0,
					"faces": {
						"north": { "texture": "#skin", "uv": [ 55.0, 115.5, 57.0, 117.5 ] },
						"east": { "texture": "#skin", "uv": [ 53.0, 115.5, 55.0, 117.5 ] },
						"west": { "texture": "#skin", "uv": [ 57.0, 115.5, 59.0, 117.5 ] },
						"up": { "texture": "#skin", "uv": [ 55.0, 113.5, 57.0, 115.5 ], "rotation": 180 },
						"down": { "texture": "#skin", "uv": [ 55.0, 117.5, 57.0, 119.5 ] }
					},
					"children": [
						{
							"name": "L Antler Beam 1",
							"from": [ 0.2, 0.2, -2.7 ],
							"to": [ 1.8, 1.8, 0.3 ],
							"unwrapMode": 7,
							"unwrapRotation": 1,
							"uv": [ 29.5, 129.5 ],
							"rotationOrigin": [ 0.2, 0.2, 0.3 ],
							"rotationX": -10.0,
							"rotationY": -10.0,
							"faces": {
								"north": { "texture": "#skin", "uv": [ 32.5, 131.0, 34.0, 132.5 ], "rotation": 90 },
								"east": { "texture": "#skin", "uv": [ 29.5, 132.5, 32.5, 134.0 ] },
								"west": { "texture": "#skin", "uv": [ 29.5, 129.5, 32.5, 131.0 ], "rotation": 180 },
								"up": { "texture": "#skin", "uv": [ 29.5, 131.0, 32.5, 132.5 ], "rotation": 270 },
								"down": { "texture": "#skin", "uv": [ 34.0, 131.0, 37.0, 132.5 ], "rotation": 90 }
							},
							"children": [
								{
									"name": "L Antler Beam 2",
									"from": [ 0.05, 0.05, -3.0 ],
									"to": [ 1.55, 1.55, 0.0 ],
									"unwrapMode": 7,
									"unwrapRotation": 1,
									"uv": [ 21.5, 125.0 ],
									"rotationOrigin": [ 0.05, 0.05, 0.0 ],
									"rotationY": -30.0,
									"faces": {
										"north": { "texture": "#skin", "uv": [ 24.5, 126.5, 26.0, 128.0 ], "rotation": 90 },
										"east": { "texture": "#skin", "uv": [ 21.5, 128.0, 24.5, 129.5 ] },
										"west": { "texture": "#skin", "uv": [ 21.5, 125.0, 24.5, 126.5 ], "rotation": 180 },
										"up": { "texture": "#skin", "uv": [ 21.5, 126.5, 24.5, 128.0 ], "rotation": 270 },
										"down": { "texture": "#skin", "uv": [ 26.0, 126.5, 29.0, 128.0 ], "rotation": 90 }
									},
									"children": [
										{
											"name": "L Antler Palm 1",
											"from": [ -1.0, 0.1, -3.0 ],
											"to": [ 2.0, 1.4, 0.0 ],
											"unwrapMode": 7,
											"unwrapRotation": 1,
											"uv": [ 27.0, 128.5 ],
											"rotationOrigin": [ 2.0, 0.1, 0.0 ],
											"rotationX": -5.0,
											"rotationY": 50.0,
											"rotationZ": -5.0,
											"faces": {
												"north": { "texture": "#skin", "uv": [ 31.0, 129.5, 32.0, 132.5 ], "rotation": 90 },
												"east": { "texture": "#skin", "uv": [ 28.0, 132.5, 31.0, 133.5 ] },
												"south": { "texture": "#skin", "uv": [ 27.0, 129.5, 28.0, 132.5 ], "rotation": 270 },
												"west": { "texture": "#skin", "uv": [ 28.0, 128.5, 31.0, 129.5 ], "rotation": 180 },
												"up": { "texture": "#skin", "uv": [ 28.0, 129.5, 31.0, 132.5 ], "rotation": 270 },
												"down": { "texture": "#skin", "uv": [ 32.0, 129.5, 35.0, 132.5 ], "rotation": 90 }
											},
											"children": [
												{
													"name": "L Antler Palm 2",
													"from": [ -2.0, 0.1, -2.5 ],
													"to": [ 4.0, 1.2, 1.5 ],
													"unwrapMode": 7,
													"unwrapRotation": 1,
													"uv": [ 13.5, 125.0 ],
													"rotationOrigin": [ 2.0, 0.1, 1.5 ],
													"rotationX": -5.0,
													"rotationY": -33.0,
													"rotationZ": -5.0,
													"faces": {
														"north": { "texture": "#skin", "uv": [ 18.5, 126.0, 19.5, 132.0 ], "rotation": 90 },
														"east": { "texture": "#skin", "uv": [ 14.5, 132.0, 18.5, 133.0 ] },
														"south": { "texture": "#skin", "uv": [ 13.5, 126.0, 14.5, 132.0 ], "rotation": 270 },
														"west": { "texture": "#skin", "uv": [ 14.5, 125.0, 18.5, 126.0 ], "rotation": 180 },
														"up": { "texture": "#skin", "uv": [ 14.5, 126.0, 18.5, 132.0 ], "rotation": 270 },
														"down": { "texture": "#skin", "uv": [ 19.5, 126.0, 23.5, 132.0 ], "rotation": 90 }
													},
													"children": [
														{
															"name": "L Antler Palm 3",
															"from": [ -2.0, 0.05, -6.0 ],
															"to": [ 5.0, 1.05, 0.0 ],
															"unwrapMode": 7,
															"unwrapRotation": 1,
															"uv": [ 2.5, 125.0 ],
															"rotationOrigin": [ 0.0, 0.05, 0.0 ],
															"rotationY": -25.0,
															"faces": {
																"north": { "texture": "#skin", "uv": [ 8.5, 126.0, 9.5, 133.0 ], "rotation": 90 },
																"east": { "texture": "#skin", "uv": [ 2.5, 133.0, 8.5, 134.0 ] },
																"west": { "texture": "#skin", "uv": [ 2.5, 125.0, 8.5, 126.0 ], "rotation": 180 },
																"up": { "texture": "#skin", "uv": [ 2.5, 126.0, 8.5, 133.0 ], "rotation": 270 },
																"down": { "texture": "#skin", "uv": [ 9.5, 126.0, 15.5, 133.0 ], "rotation": 90 }
															},
															"children": [
																{
																	"name": "L Antler Tine a5",
																	"from": [ -3.0, 0.0, 1.8 ],
																	"to": [ 2.0, 1.2, 3.8 ],
																	"unwrapMode": 7,
																	"unwrapRotation": 1,
																	"uv": [ 44.5, 122.5 ],
																	"rotationOrigin": [ 1.0, 0.0, 3.0 ],
																	"rotationY": -75.0,
																	"faces": {
																		"north": { "texture": "#skin", "uv": [ 47.5, 123.5, 48.5, 128.5 ], "rotation": 90 },
																		"east": { "texture": "#skin", "uv": [ 45.5, 128.5, 47.5, 129.5 ] },
																		"south": { "texture": "#skin", "uv": [ 44.5, 123.5, 45.5, 128.5 ], "rotation": 270 },
																		"west": { "texture": "#skin", "uv": [ 45.5, 122.5, 47.5, 123.5 ], "rotation": 180 },
																		"up": { "texture": "#skin", "uv": [ 45.5, 123.5, 47.5, 128.5 ], "rotation": 270 },
																		"down": { "texture": "#skin", "uv": [ 48.5, 123.5, 50.5, 128.5 ], "rotation": 90 }
																	},
																	"children": [
																		{
																			"name": "L Antler Tine b5",
																			"from": [ -1.0, 0.1, 0.3 ],
																			"to": [ 0.0, 1.1, 1.7 ],
																			"unwrapMode": 7,
																			"unwrapRotation": 1,
																			"uv": [ 51.5, 124.5 ],
																			"rotationOrigin": [ 0.0, 0.1, 1.3 ],
																			"rotationZ": -8.0,
																			"faces": {
																				"north": { "texture": "#skin", "uv": [ 53.5, 125.5, 54.5, 126.5 ], "rotation": 90 },
																				"south": { "texture": "#skin", "uv": [ 51.5, 125.5, 52.5, 126.5 ], "rotation": 270 },
																				"west": { "texture": "#skin", "uv": [ 52.5, 124.5, 53.5, 125.5 ], "rotation": 180 },
																				"up": { "texture": "#skin", "uv": [ 52.5, 125.5, 53.5, 126.5 ], "rotation": 270 },
																				"down": { "texture": "#skin", "uv": [ 54.5, 125.5, 55.5, 126.5 ], "rotation": 90 }
																			}
																		}
																	]
																},
																{
																	"name": "L Antler Tine a6",
																	"from": [ 0.0, 0.1, -2.0 ],
																	"to": [ 4.0, 1.1, 2.5 ],
																	"unwrapMode": 7,
																	"unwrapRotation": 1,
																	"uv": [ 23.5, 122.0 ],
																	"rotationOrigin": [ 3.0, 0.1, 1.2 ],
																	"rotationX": 10.0,
																	"rotationY": -102.0,
																	"faces": {
																		"north": { "texture": "#skin", "uv": [ 28.0, 123.0, 29.0, 127.0 ], "rotation": 90 },
																		"east": { "texture": "#skin", "uv": [ 23.5, 127.0, 28.0, 128.0 ] },
																		"west": { "texture": "#skin", "uv": [ 23.5, 122.0, 28.0, 123.0 ], "rotation": 180 },
																		"up": { "texture": "#skin", "uv": [ 23.5, 123.0, 28.0, 127.0 ], "rotation": 270 },
																		"down": { "texture": "#skin", "uv": [ 29.0, 123.0, 33.5, 127.0 ], "rotation": 90 }
																	},
																	"children": [
																		{
																			"name": "L Antler Tine b6",
																			"from": [ -2.0, 0.1, 3.3 ],
																			"to": [ 0.0, 1.1, 4.3 ],
																			"unwrapMode": 7,
																			"unwrapRotation": 1,
																			"uv": [ 51.5, 124.5 ],
																			"rotationOrigin": [ 0.0, 0.1, 4.3 ],
																			"rotationZ": -28.0,
																			"faces": {
																				"north": { "texture": "#skin", "uv": [ 53.5, 125.5, 54.5, 127.5 ], "rotation": 90 },
																				"south": { "texture": "#skin", "uv": [ 51.5, 125.5, 52.5, 127.5 ], "rotation": 270 },
																				"west": { "texture": "#skin", "uv": [ 52.5, 124.5, 53.5, 125.5 ], "rotation": 180 },
																				"up": { "texture": "#skin", "uv": [ 52.5, 125.5, 53.5, 127.5 ], "rotation": 270 },
																				"down": { "texture": "#skin", "uv": [ 54.5, 125.5, 55.5, 127.5 ], "rotation": 90 }
																			}
																		},
																		{
																			"name": "L Antler Tine c6",
																			"from": [ -1.0, 0.1, 0.3 ],
																			"to": [ 0.0, 1.1, 1.3 ],
																			"unwrapMode": 7,
																			"unwrapRotation": 1,
																			"uv": [ 51.5, 124.5 ],
																			"rotationOrigin": [ 0.0, 0.1, 1.3 ],
																			"rotationY": -17.0,
																			"rotationZ": -28.0,
																			"faces": {
																				"north": { "texture": "#skin", "uv": [ 53.5, 125.5, 54.5, 126.5 ], "rotation": 90 },
																				"south": { "texture": "#skin", "uv": [ 51.5, 125.5, 52.5, 126.5 ], "rotation": 270 },
																				"west": { "texture": "#skin", "uv": [ 52.5, 124.5, 53.5, 125.5 ], "rotation": 180 },
																				"up": { "texture": "#skin", "uv": [ 52.5, 125.5, 53.5, 126.5 ], "rotation": 270 },
																				"down": { "texture": "#skin", "uv": [ 54.5, 125.5, 55.5, 126.5 ], "rotation": 90 }
																			}
																		}
																	]
																},
																{
																	"name": "L Antler Tine a7",
																	"from": [ 5.0, 0.0, 4.0 ],
																	"to": [ 7.0, 1.2, 6.0 ],
																	"unwrapMode": 7,
																	"unwrapRotation": 1,
																	"uv": [ 44.5, 124.5 ],
																	"rotationOrigin": [ 7.0, 0.0, 5.2 ],
																	"rotationY": -127.0,
																	"rotationZ": -10.0,
																	"faces": {
																		"north": { "texture": "#skin", "uv": [ 47.5, 125.5, 48.5, 127.5 ], "rotation": 90 },
																		"east": { "texture": "#skin", "uv": [ 45.5, 127.5, 47.5, 128.5 ] },
																		"south": { "texture": "#skin", "uv": [ 44.5, 125.5, 45.5, 127.5 ], "rotation": 270 },
																		"west": { "texture": "#skin", "uv": [ 45.5, 124.5, 47.5, 125.5 ], "rotation": 180 },
																		"up": { "texture": "#skin", "uv": [ 45.5, 125.5, 47.5, 127.5 ], "rotation": 270 },
																		"down": { "texture": "#skin", "uv": [ 48.5, 125.5, 50.5, 127.5 ], "rotation": 90 }
																	},
																	"children": [
																		{
																			"name": "L Antler Tine b7",
																			"from": [ -1.0, 0.1, 0.5 ],
																			"to": [ 0.0, 1.1, 1.5 ],
																			"unwrapMode": 7,
																			"unwrapRotation": 1,
																			"uv": [ 51.5, 124.5 ],
																			"rotationOrigin": [ 0.0, 0.1, 1.5 ],
																			"rotationZ": -22.0,
																			"faces": {
																				"north": { "texture": "#skin", "uv": [ 53.5, 125.5, 54.5, 126.5 ], "rotation": 90 },
																				"south": { "texture": "#skin", "uv": [ 51.5, 125.5, 52.5, 126.5 ], "rotation": 270 },
																				"west": { "texture": "#skin", "uv": [ 52.5, 124.5, 53.5, 125.5 ], "rotation": 180 },
																				"up": { "texture": "#skin", "uv": [ 52.5, 125.5, 53.5, 126.5 ], "rotation": 270 },
																				"down": { "texture": "#skin", "uv": [ 54.5, 125.5, 55.5, 126.5 ], "rotation": 90 }
																			}
																		}
																	]
																}
															]
														},
														{
															"name": "L Antler Tine a3",
															"from": [ -2.5, 0.0, 2.0 ],
															"to": [ 0.5, 1.2, 4.0 ],
															"unwrapMode": 7,
															"unwrapRotation": 1,
															"uv": [ 44.5, 124.5 ],
															"rotationOrigin": [ 0.5, 0.0, 3.2 ],
															"rotationY": -22.0,
															"faces": {
																"north": { "texture": "#skin", "uv": [ 47.5, 125.5, 48.5, 128.5 ], "rotation": 90 },
																"east": { "texture": "#skin", "uv": [ 45.5, 128.5, 47.5, 129.5 ] },
																"south": { "texture": "#skin", "uv": [ 44.5, 125.5, 45.5, 128.5 ], "rotation": 270 },
																"west": { "texture": "#skin", "uv": [ 45.5, 124.5, 47.5, 125.5 ], "rotation": 180 },
																"up": { "texture": "#skin", "uv": [ 45.5, 125.5, 47.5, 128.5 ], "rotation": 270 },
																"down": { "texture": "#skin", "uv": [ 48.5, 125.5, 50.5, 128.5 ], "rotation": 90 }
															},
															"children": [
																{
																	"name": "L Antler Tine b3",
																	"from": [ -2.0, 0.1, 0.3 ],
																	"to": [ 0.0, 1.1, 1.7 ],
																	"unwrapMode": 7,
																	"unwrapRotation": 1,
																	"uv": [ 51.5, 124.5 ],
																	"rotationOrigin": [ 0.0, 0.1, 1.3 ],
																	"rotationY": -5.0,
																	"rotationZ": -18.0,
																	"faces": {
																		"north": { "texture": "#skin", "uv": [ 53.5, 125.5, 54.5, 127.5 ], "rotation": 90 },
																		"south": { "texture": "#skin", "uv": [ 51.5, 125.5, 52.5, 127.5 ], "rotation": 270 },
																		"west": { "texture": "#skin", "uv": [ 52.5, 124.5, 53.5, 125.5 ], "rotation": 180 },
																		"up": { "texture": "#skin", "uv": [ 52.5, 125.5, 53.5, 127.5 ], "rotation": 270 },
																		"down": { "texture": "#skin", "uv": [ 54.5, 125.5, 55.5, 127.5 ], "rotation": 90 }
																	}
																}
															]
														},
														{
															"name": "L Antler Tine a4",
															"from": [ -5.0, 0.0, 0.0 ],
															"to": [ 1.0, 1.2, 2.0 ],
															"unwrapMode": 7,
															"unwrapRotation": 1,
															"uv": [ 44.5, 123.5 ],
															"rotationOrigin": [ 1.0, 0.0, 1.2 ],
															"rotationY": -50.0,
															"faces": {
																"north": { "texture": "#skin", "uv": [ 47.5, 124.5, 48.5, 130.5 ], "rotation": 90 },
																"east": { "texture": "#skin", "uv": [ 45.5, 130.5, 47.5, 131.5 ] },
																"south": { "texture": "#skin", "uv": [ 44.5, 124.5, 45.5, 130.5 ], "rotation": 270 },
																"west": { "texture": "#skin", "uv": [ 45.5, 123.5, 47.5, 124.5 ], "rotation": 180 },
																"up": { "texture": "#skin", "uv": [ 45.5, 124.5, 47.5, 130.5 ], "rotation": 270 },
																"down": { "texture": "#skin", "uv": [ 48.5, 124.5, 50.5, 130.5 ], "rotation": 90 }
															},
															"children": [
																{
																	"name": "L Antler Tine b4",
																	"from": [ -2.0, 0.1, 0.3 ],
																	"to": [ 0.0, 1.1, 1.7 ],
																	"unwrapMode": 7,
																	"unwrapRotation": 1,
																	"uv": [ 51.5, 124.5 ],
																	"rotationOrigin": [ 0.0, 0.1, 1.3 ],
																	"rotationZ": -18.0,
																	"faces": {
																		"north": { "texture": "#skin", "uv": [ 53.5, 125.5, 54.5, 127.5 ], "rotation": 90 },
																		"south": { "texture": "#skin", "uv": [ 51.5, 125.5, 52.5, 127.5 ], "rotation": 270 },
																		"west": { "texture": "#skin", "uv": [ 52.5, 124.5, 53.5, 125.5 ], "rotation": 180 },
																		"up": { "texture": "#skin", "uv": [ 52.5, 125.5, 53.5, 127.5 ], "rotation": 270 },
																		"down": { "texture": "#skin", "uv": [ 54.5, 125.5, 55.5, 127.5 ], "rotation": 90 }
																	}
																}
															]
														}
													]
												},
												{
													"name": "L Antler Tine a2",
													"from": [ -2.5, 0.0, 2.0 ],
													"to": [ 0.5, 1.2, 3.6 ],
													"unwrapMode": 7,
													"unwrapRotation": 1,
													"uv": [ 44.5, 122.5 ],
													"rotationOrigin": [ 0.5, 0.0, 3.2 ],
													"rotationY": -22.0,
													"faces": {
														"north": { "texture": "#skin", "uv": [ 47.0, 123.5, 48.0, 126.5 ], "rotation": 90 },
														"east": { "texture": "#skin", "uv": [ 45.5, 126.5, 47.0, 127.5 ] },
														"south": { "texture": "#skin", "uv": [ 44.5, 123.5, 45.5, 126.5 ], "rotation": 270 },
														"west": { "texture": "#skin", "uv": [ 45.5, 122.5, 47.0, 123.5 ], "rotation": 180 },
														"up": { "texture": "#skin", "uv": [ 45.5, 123.5, 47.0, 126.5 ], "rotation": 270 },
														"down": { "texture": "#skin", "uv": [ 48.0, 123.5, 49.5, 126.5 ], "rotation": 90 }
													},
													"children": [
														{
															"name": "L Antler Tine b2",
															"from": [ -2.0, 0.1, 0.3 ],
															"to": [ 0.0, 1.1, 1.3 ],
															"unwrapMode": 7,
															"unwrapRotation": 1,
															"uv": [ 51.5, 124.5 ],
															"rotationOrigin": [ 0.0, 0.1, 1.3 ],
															"rotationZ": -18.0,
															"faces": {
																"north": { "texture": "#skin", "uv": [ 53.5, 125.5, 54.5, 127.5 ], "rotation": 90 },
																"south": { "texture": "#skin", "uv": [ 51.5, 125.5, 52.5, 127.5 ], "rotation": 270 },
																"west": { "texture": "#skin", "uv": [ 52.5, 124.5, 53.5, 125.5 ], "rotation": 180 },
																"up": { "texture": "#skin", "uv": [ 52.5, 125.5, 53.5, 127.5 ], "rotation": 270 },
																"down": { "texture": "#skin", "uv": [ 54.5, 125.5, 55.5, 127.5 ], "rotation": 90 }
															}
														}
													]
												}
											]
										}
									]
								}
							]
						}
					]
				}
			]
		}
	],
	"animations": [
	]
}