﻿[
  {
    "enabled": true,
    "dependsOn": [{ "modid": "maltiezcrossbows" }],
    "op": "add",
    "file": "skeletons:config/customplayermodels/reanimated.json",
    "path": "/reanimated/ExclusiveClasses/-",
    "value": "skeletons-crossbowman"
  },
  {
    "enabled": true,
    "dependsOn": [{ "modid": "maltiezcrossbows" }],
    "op": "add",
    "file": "skeletons:config/customplayermodels/reanimated.json",
    "path": "/reanimated/AvailableClasses/-",
    "value": "skeletons-crossbowman"
  }
]
