{
  "textureWidth":16,
  "textureHeight":16,
  "textures":{
    "material":"game:block/metal/ingot/iron"
  },
  "textureSizes":{
    "material":[
      32,
      32
    ]
  },
  "elements":[
    {
      "name":"origin",
      "from":[
        11.0,
        0.6638624668121338,
        7.993711173534393
      ],
      "to":[
        11.0,
        0.6638624668121338,
        7.993711173534393
      ],
      "rotationOrigin":[
        8.0,
        0.0,
        8.0
      ],
      "group":"advanced_head",
      "faces":{
        "north":{
          "texture":"#0",
          "uv":[
            0,
            0,
            4,
            4
          ],
          "autoUv":false
        },
        "east":{
          "texture":"#0",
          "uv":[
            0,
            0,
            4,
            4
          ],
          "autoUv":false
        },
        "south":{
          "texture":"#0",
          "uv":[
            0,
            0,
            4,
            4
          ],
          "autoUv":false
        },
        "west":{
          "texture":"#0",
          "uv":[
            0,
            0,
            4,
            4
          ],
          "autoUv":false
        },
        "up":{
          "texture":"#material",
          "uv":[
            0.0,
            0.0,
            1.0,
            1.0
          ],
          "autoUv":false,
          "rotation":180
        },
        "down":{
          "texture":"#0",
          "uv":[
            0,
            0,
            4,
            4
          ],
          "autoUv":false
        }
      },
      "children":[
        {
          "name":"advanced_head 01",
          "from":[
            6.154671788215637,
            0.2369476854801178,
            -3.3573469519615173
          ],
          "to":[
            9.164168238639832,
            0.736947625875473,
            -1.8603457808494568
          ],
          "rotationOrigin":[
            7.659420013427734,
            0.4869476556777954,
            -2.608846366405487
          ],
          "rotationX":22.28945321476473,
          "rotationY":5.146253841470298,
          "rotationZ":12.343022679332218,
          "group":"advanced_head",
          "faces":{
            "north":{
              "texture":"#material",
              "uv":[
                11.0,
                12.0,
                7.0,
                14.0
              ],
              "autoUv":false
            },
            "east":{
              "texture":"#material",
              "uv":[
                20.03937339782715,
                4.283294677734375,
                23.03937339782715,
                5.283294677734375
              ],
              "autoUv":false
            },
            "south":{
              "texture":"#material",
              "uv":[
                9.189726829528809,
                9.462087631225586,
                9.896825790405273,
                17.974141120910645
              ],
              "autoUv":false,
              "rotation":270
            },
            "west":{
              "texture":"#material",
              "uv":[
                5.0,
                17.0,
                3.0,
                19.0
              ],
              "autoUv":false
            },
            "up":{
              "texture":"#material",
              "uv":[
                7.0,
                10.999944686889648,
                10.999869346618652,
                13.999935150146484
              ],
              "autoUv":false
            },
            "down":{
              "texture":"#material",
              "uv":[
                10.0,
                18.0,
                7.0,
                15.0
              ],
              "autoUv":false
            }
          },
          "children":[]
        },
        {
          "name":"advanced_head 02",
          "from":[
            6.380725383758545,
            -0.2425866425037384,
            -0.6137869358062744
          ],
          "to":[
            12.282742023468018,
            0.38452115654945374,
            0.2507084906101227
          ],
          "rotationOrigin":[
            9.331733703613281,
            0.07096725702285767,
            -0.18153923749923706
          ],
          "rotationX":2.783706113593755e-15,
          "rotationY":3.0828129844368084e-16,
          "rotationZ":12.640005280859896,
          "group":"advanced_head",
          "faces":{
            "north":{
              "texture":"#material",
              "uv":[
                17.0,
                16.0,
                10.0,
                18.0
              ],
              "autoUv":false
            },
            "east":{
              "texture":"#material",
              "uv":[
                22.269893646240234,
                12.924365997314453,
                23.15674591064453,
                15.369499206542969
              ],
              "autoUv":false,
              "rotation":270
            },
            "south":{
              "texture":"#material",
              "uv":[
                9.803820610046387,
                11.669788360595703,
                13.256340026855469,
                12.937252044677734
              ],
              "autoUv":false
            },
            "west":{
              "texture":"#material",
              "uv":[
                7.249842166900635,
                11.497314453125,
                8.501276969909668,
                12.932510375976562
              ],
              "autoUv":false
            },
            "up":{
              "texture":"#material",
              "uv":[
                7.0,
                12.0,
                17.0,
                14.0
              ],
              "autoUv":false
            },
            "down":{
              "texture":"#material",
              "uv":[
                16.00376319885254,
                17.999995231628418,
                6.0,
                16.0
              ],
              "autoUv":false
            }
          },
          "children":[]
        },
        {
          "name":"advanced_head 03",
          "from":[
            6.380725383758545,
            -0.2425866425037384,
            0.25071120262145996
          ],
          "to":[
            12.282742023468018,
            0.38452115654945374,
            1.115206629037857
          ],
          "rotationOrigin":[
            9.331733703613281,
            0.07096725702285767,
            0.6829589009284973
          ],
          "rotationX":2.783706113593755e-15,
          "rotationY":3.0828129844368084e-16,
          "rotationZ":12.640005280859896,
          "group":"advanced_head",
          "faces":{
            "north":{
              "texture":"#material",
              "uv":[
                0.4062926769256592,
                7.647634506225586,
                1.2937580347061157,
                24.352365493774414
              ],
              "autoUv":false,
              "rotation":270
            },
            "east":{
              "texture":"#material",
              "uv":[
                25.371978759765625,
                23.899457931518555,
                26.258832931518555,
                26.34459114074707
              ],
              "autoUv":false,
              "rotation":270
            },
            "south":{
              "texture":"#material",
              "uv":[
                10.0,
                16.0,
                17.0,
                18.0
              ],
              "autoUv":false
            },
            "west":{
              "texture":"#material",
              "uv":[
                12.520769119262695,
                14.267454147338867,
                13.772204399108887,
                15.70265007019043
              ],
              "autoUv":false
            },
            "up":{
              "texture":"#material",
              "uv":[
                7.0,
                14.0,
                17.0,
                16.0
              ],
              "autoUv":false
            },
            "down":{
              "texture":"#material",
              "uv":[
                16.00376319885254,
                16.0,
                6.0,
                13.999992370605469
              ],
              "autoUv":false
            }
          },
          "children":[]
        },
        {
          "name":"advanced_head 04",
          "from":[
            10.831676185131073,
            0.6019125580787659,
            -1.6003937721252441
          ],
          "to":[
            12.05588561296463,
            1.1019126772880554,
            -0.10339057445526123
          ],
          "rotationOrigin":[
            11.443780899047852,
            0.8519126176834106,
            -0.8518921732902527
          ],
          "rotationX":15.80029197491613,
          "rotationY":-15.999702762829237,
          "rotationZ":13.601066684820404,
          "group":"advanced_head",
          "faces":{
            "north":{
              "texture":"#material",
              "uv":[
                10.651764869689941,
                21.80413246154785,
                12.384233474731445,
                23.219304084777832
              ],
              "autoUv":false,
              "rotation":180
            },
            "east":{
              "texture":"#material",
              "uv":[
                17.0,
                7.0,
                20.0,
                8.0
              ],
              "autoUv":false
            },
            "south":{
              "texture":"#material",
              "uv":[
                18.0,
                16.0,
                21.0,
                17.000000953674316
              ],
              "autoUv":false
            },
            "west":{
              "texture":"#material",
              "uv":[
                15.124998092651367,
                17.8125,
                18.124998092651367,
                18.8125
              ],
              "autoUv":false
            },
            "up":{
              "texture":"#material",
              "uv":[
                16.0,
                13.999935150146484,
                18.0,
                16.999871253967285
              ],
              "autoUv":false
            },
            "down":{
              "texture":"#material",
              "uv":[
                15.0,
                18.000001907348633,
                17.0,
                15.500003814697266
              ],
              "autoUv":false,
              "rotation":180
            }
          },
          "children":[]
        },
        {
          "name":"advanced_head 05",
          "from":[
            10.03745722770691,
            0.4670158326625824,
            -1.8016343712806702
          ],
          "to":[
            11.26166844367981,
            0.9670158922672272,
            -0.3046310544013977
          ],
          "rotationOrigin":[
            10.64956283569336,
            0.7170158624649048,
            -1.053132712841034
          ],
          "rotationX":13.460119754881667,
          "rotationY":-6.429750120013713,
          "rotationZ":13.20104470324756,
          "group":"advanced_head",
          "faces":{
            "north":{
              "texture":"#material",
              "uv":[
                19.3636417388916,
                21.478321075439453,
                20.07073974609375,
                24.94087314605713
              ],
              "autoUv":false,
              "rotation":270
            },
            "east":{
              "texture":"#material",
              "uv":[
                17.03937339782715,
                4.283294677734375,
                20.03937339782715,
                5.283294677734375
              ],
              "autoUv":false
            },
            "south":{
              "texture":"#material",
              "uv":[
                16.0,
                16.0,
                20.0,
                17.000000953674316
              ],
              "autoUv":false
            },
            "west":{
              "texture":"#material",
              "uv":[
                7.875,
                10.624998092651367,
                10.875,
                11.624998092651367
              ],
              "autoUv":false
            },
            "up":{
              "texture":"#material",
              "uv":[
                12.999948501586914,
                13.999935150146484,
                15.0,
                16.999871253967285
              ],
              "autoUv":false
            },
            "down":{
              "texture":"#material",
              "uv":[
                14.0,
                15.0,
                12.000000953674316,
                12.0
              ],
              "autoUv":false
            }
          },
          "children":[]
        },
        {
          "name":"advanced_head 06",
          "from":[
            9.002493262290955,
            0.2498091161251068,
            -1.934923529624939
          ],
          "to":[
            10.226705193519592,
            0.7498091757297516,
            -0.43792057037353516
          ],
          "rotationOrigin":[
            9.614599227905273,
            0.4998091459274292,
            -1.186422049999237
          ],
          "rotationX":12.550048274396243,
          "rotationY":-2.499769621832154,
          "rotationZ":13.001032858687491,
          "group":"advanced_head",
          "faces":{
            "north":{
              "texture":"#material",
              "uv":[
                2.493197202682495,
                15.929618835449219,
                4.225666522979736,
                17.344791412353516
              ],
              "autoUv":false,
              "rotation":180
            },
            "east":{
              "texture":"#material",
              "uv":[
                14.091510772705078,
                13.48431396484375,
                17.091510772705078,
                14.48431396484375
              ],
              "autoUv":false
            },
            "south":{
              "texture":"#material",
              "uv":[
                14.0,
                16.0,
                17.0,
                17.000000953674316
              ],
              "autoUv":false
            },
            "west":{
              "texture":"#material",
              "uv":[
                12.270927429199219,
                14.770139694213867,
                15.270927429199219,
                15.770139694213867
              ],
              "autoUv":false
            },
            "up":{
              "texture":"#material",
              "uv":[
                10.999871253967285,
                13.999935150146484,
                12.999948501586914,
                16.999871253967285
              ],
              "autoUv":false
            },
            "down":{
              "texture":"#material",
              "uv":[
                12.000000953674316,
                15.0,
                10.0,
                12.0
              ],
              "autoUv":false
            }
          },
          "children":[]
        },
        {
          "name":"advanced_head 07",
          "from":[
            13.46556094288826,
            1.2174668312072754,
            -1.2433725595474243
          ],
          "to":[
            13.885433167219162,
            1.7174668312072754,
            0.2536308765411377
          ],
          "rotationOrigin":[
            13.675497055053711,
            1.4674668312072754,
            -0.4948708415031433
          ],
          "rotationX":55.351764241324126,
          "rotationY":-55.36075618536645,
          "rotationZ":43.811493695143504,
          "group":"advanced_head",
          "faces":{
            "north":{
              "texture":"#material",
              "uv":[
                20.0,
                12.0,
                20.0,
                14.0
              ],
              "autoUv":false
            },
            "east":{
              "texture":"#material",
              "uv":[
                14.047143936157227,
                19.642240524291992,
                14.754241943359375,
                23.876355171203613
              ],
              "autoUv":false,
              "rotation":270
            },
            "south":{
              "texture":"#material",
              "uv":[
                13.501322746276855,
                27.991056442260742,
                14.208909034729004,
                29.179438591003418
              ],
              "autoUv":false,
              "rotation":270
            },
            "west":{
              "texture":"#material",
              "uv":[
                15.499998092651367,
                9.5,
                18.499998092651367,
                10.5
              ],
              "autoUv":false
            },
            "up":{
              "texture":"#material",
              "uv":[
                20.999948501586914,
                12.0,
                21.999996185302734,
                13.99983024597168
              ],
              "autoUv":false
            },
            "down":{
              "texture":"#material",
              "uv":[
                20.0,
                18.000001907348633,
                21.0,
                15.500003814697266
              ],
              "autoUv":false,
              "rotation":180
            }
          },
          "children":[]
        },
        {
          "name":"advanced_head 08",
          "from":[
            12.704109847545624,
            1.2475418448448181,
            -1.778780460357666
          ],
          "to":[
            13.928317368030548,
            1.7475419640541077,
            -0.2817772626876831
          ],
          "rotationOrigin":[
            13.316213607788086,
            1.497541904449463,
            -1.0302788615226746
          ],
          "rotationX":43.660321118243616,
          "rotationY":-45.845302048825275,
          "rotationZ":32.34222296538517,
          "group":"advanced_head",
          "faces":{
            "north":{
              "texture":"#material",
              "uv":[
                20.0,
                12.0,
                17.0,
                14.0
              ],
              "autoUv":false
            },
            "east":{
              "texture":"#material",
              "uv":[
                20.0,
                7.0,
                23.0,
                8.0
              ],
              "autoUv":false
            },
            "south":{
              "texture":"#material",
              "uv":[
                10.651764869689941,
                2.827566146850586,
                12.384231567382812,
                4.242738723754883
              ],
              "autoUv":false,
              "rotation":180
            },
            "west":{
              "texture":"#material",
              "uv":[
                14.435622215270996,
                17.64664077758789,
                17.435623168945312,
                18.64664077758789
              ],
              "autoUv":false
            },
            "up":{
              "texture":"#material",
              "uv":[
                18.99994659423828,
                11.000116348266602,
                20.999948501586914,
                13.99983024597168
              ],
              "autoUv":false
            },
            "down":{
              "texture":"#material",
              "uv":[
                19.0,
                15.500003814697266,
                21.0,
                13.000001907348633
              ],
              "autoUv":false,
              "rotation":180
            }
          },
          "children":[]
        },
        {
          "name":"advanced_head 09",
          "from":[
            12.033714234828949,
            1.2298378348350525,
            -2.4554543495178223
          ],
          "to":[
            13.257923185825348,
            1.729837954044342,
            -0.9584511518478394
          ],
          "rotationOrigin":[
            12.645818710327148,
            1.4798378944396973,
            -1.7069527506828308
          ],
          "rotationX":33.31197663883816,
          "rotationY":-29.964944888910964,
          "rotationZ":22.355846068591838,
          "group":"advanced_head",
          "faces":{
            "north":{
              "texture":"#material",
              "uv":[
                19.0,
                12.0,
                17.0,
                14.0
              ],
              "autoUv":false
            },
            "east":{
              "texture":"#material",
              "uv":[
                20.0,
                7.0,
                23.0,
                8.0
              ],
              "autoUv":false
            },
            "south":{
              "texture":"#material",
              "uv":[
                10.651765823364258,
                19.09319305419922,
                12.384234428405762,
                20.508365631103516
              ],
              "autoUv":false,
              "rotation":180
            },
            "west":{
              "texture":"#material",
              "uv":[
                17.04802703857422,
                12.536628723144531,
                20.04802703857422,
                13.536628723144531
              ],
              "autoUv":false
            },
            "up":{
              "texture":"#material",
              "uv":[
                16.999998092651367,
                11.000116348266602,
                18.99994659423828,
                13.99983024597168
              ],
              "autoUv":false
            },
            "down":{
              "texture":"#material",
              "uv":[
                17.0,
                15.500003814697266,
                19.0,
                13.000001907348633
              ],
              "autoUv":false,
              "rotation":180
            }
          },
          "children":[]
        },
        {
          "name":"advanced_head 10",
          "from":[
            11.196592688560486,
            1.1268126368522644,
            -2.898195803165436
          ],
          "to":[
            12.420804619789124,
            1.626812756061554,
            -1.4011924862861633
          ],
          "rotationOrigin":[
            11.808698654174805,
            1.3768126964569092,
            -2.1496941447257996
          ],
          "rotationX":26.972649258812133,
          "rotationY":-13.145062765262843,
          "rotationZ":16.444498341958806,
          "group":"advanced_head",
          "faces":{
            "north":{
              "texture":"#material",
              "uv":[
                17.0,
                12.0,
                15.0,
                14.0
              ],
              "autoUv":false
            },
            "east":{
              "texture":"#material",
              "uv":[
                20.0,
                7.0,
                23.0,
                8.0
              ],
              "autoUv":false
            },
            "south":{
              "texture":"#material",
              "uv":[
                2.493197202682495,
                10.507741928100586,
                4.2256669998168945,
                11.922914505004883
              ],
              "autoUv":false,
              "rotation":180
            },
            "west":{
              "texture":"#material",
              "uv":[
                15.140144348144531,
                14.036462783813477,
                18.14014434814453,
                15.036462783813477
              ],
              "autoUv":false
            },
            "up":{
              "texture":"#material",
              "uv":[
                15.0,
                10.999940872192383,
                16.999998092651367,
                13.999935150146484
              ],
              "autoUv":false
            },
            "down":{
              "texture":"#material",
              "uv":[
                15.0,
                15.500003814697266,
                17.0,
                13.000001907348633
              ],
              "autoUv":false,
              "rotation":180
            }
          },
          "children":[]
        },
        {
          "name":"advanced_head 11",
          "from":[
            9.033565938472748,
            0.699443519115448,
            -3.3051400184631348
          ],
          "to":[
            10.257777750492096,
            1.1994433999061584,
            -1.8081368207931519
          ],
          "rotationOrigin":[
            9.645671844482422,
            0.9494434595108032,
            -2.5566384196281433
          ],
          "rotationX":23.45056829819397,
          "rotationY":0.052984552156139224,
          "rotationZ":13.324952018754407,
          "group":"advanced_head",
          "faces":{
            "north":{
              "texture":"#material",
              "uv":[
                13.0,
                12.0,
                11.0,
                14.0
              ],
              "autoUv":false
            },
            "east":{
              "texture":"#material",
              "uv":[
                20.0,
                7.0,
                23.0,
                8.0
              ],
              "autoUv":false
            },
            "south":{
              "texture":"#material",
              "uv":[
                10.651764869689941,
                24.515069484710693,
                12.384234428405762,
                25.930240631103516
              ],
              "autoUv":false,
              "rotation":180
            },
            "west":{
              "texture":"#material",
              "uv":[
                13.749998092651367,
                14.5,
                16.749998092651367,
                15.5
              ],
              "autoUv":false
            },
            "up":{
              "texture":"#material",
              "uv":[
                10.999869346618652,
                10.999944686889648,
                12.999944686889648,
                13.99993896484375
              ],
              "autoUv":false
            },
            "down":{
              "texture":"#material",
              "uv":[
                12.000000953674316,
                18.0,
                10.0,
                15.0
              ],
              "autoUv":false
            }
          },
          "children":[]
        },
        {
          "name":"advanced_head 12",
          "from":[
            6.253388404846191,
            -0.17687451839447021,
            -1.9810659289360046
          ],
          "to":[
            9.26288890838623,
            0.3231254816055298,
            -0.4840633273124695
          ],
          "rotationOrigin":[
            7.758138656616211,
            0.07312548160552979,
            -1.232564628124237
          ],
          "rotationX":11.339950489334253,
          "rotationY":2.7002077128851134,
          "rotationZ":13.00103542000843,
          "group":"advanced_head",
          "faces":{
            "north":{
              "texture":"#material",
              "uv":[
                3.649855375289917,
                29.93694519996643,
                7.908814430236816,
                31.352116465568542
              ],
              "autoUv":false,
              "rotation":180
            },
            "east":{
              "texture":"#material",
              "uv":[
                14.091510772705078,
                13.48431396484375,
                17.091510772705078,
                14.48431396484375
              ],
              "autoUv":false
            },
            "south":{
              "texture":"#material",
              "uv":[
                11.0,
                16.0,
                15.0,
                17.000000953674316
              ],
              "autoUv":false
            },
            "west":{
              "texture":"#material",
              "uv":[
                3.0,
                17.0,
                1.0,
                19.0
              ],
              "autoUv":false
            },
            "up":{
              "texture":"#material",
              "uv":[
                7.0,
                13.999935150146484,
                10.999871253967285,
                16.999871253967285
              ],
              "autoUv":false
            },
            "down":{
              "texture":"#material",
              "uv":[
                10.0,
                15.0,
                7.0,
                12.0
              ],
              "autoUv":false
            }
          },
          "children":[]
        },
        {
          "name":"advanced_head 13",
          "from":[
            6.1546677350997925,
            0.2369476854801178,
            2.3617616295814514
          ],
          "to":[
            9.164164662361145,
            0.736947625875473,
            3.858762800693512
          ],
          "rotationOrigin":[
            7.659416198730469,
            0.4869476556777954,
            3.1102622151374817
          ],
          "rotationX":-22.28945321476473,
          "rotationY":-5.146253841470298,
          "rotationZ":12.343022679332218,
          "group":"advanced_head",
          "faces":{
            "north":{
              "texture":"#material",
              "uv":[
                6.531477928161621,
                9.46208381652832,
                7.238576412200928,
                17.97413730621338
              ],
              "autoUv":false,
              "rotation":270
            },
            "east":{
              "texture":"#material",
              "uv":[
                23.0,
                7.0,
                20.0,
                8.0
              ],
              "autoUv":false
            },
            "south":{
              "texture":"#material",
              "uv":[
                7.0,
                12.0,
                11.0,
                14.0
              ],
              "autoUv":false
            },
            "west":{
              "texture":"#material",
              "uv":[
                3.0,
                17.0,
                5.0,
                19.0
              ],
              "autoUv":false
            },
            "up":{
              "texture":"#material",
              "uv":[
                11.000388145446777,
                10.999944686889648,
                7.0,
                14.000446319580078
              ],
              "autoUv":false,
              "rotation":180
            },
            "down":{
              "texture":"#material",
              "uv":[
                7.0,
                18.0,
                10.0,
                15.0
              ],
              "autoUv":false,
              "rotation":180
            }
          },
          "children":[]
        },
        {
          "name":"advanced_head 14",
          "from":[
            11.403438568115234,
            0.6677930355072021,
            0.1289704442024231
          ],
          "to":[
            12.903724670410156,
            1.1677930355072021,
            1.6259739995002747
          ],
          "rotationOrigin":[
            12.153581619262695,
            0.9177930355072021,
            0.8774722218513489
          ],
          "rotationX":-28.601140526767008,
          "rotationY":50.9994994003003,
          "rotationZ":21.001472490144376,
          "group":"advanced_head",
          "faces":{
            "north":{
              "texture":"#material",
              "uv":[
                22.0,
                16.0,
                20.0,
                17.000000953674316
              ],
              "autoUv":false
            },
            "east":{
              "texture":"#material",
              "uv":[
                20.0,
                7.0,
                17.0,
                8.0
              ],
              "autoUv":false
            },
            "south":{
              "texture":"#material",
              "uv":[
                2.672060966491699,
                18.64055824279785,
                4.795222759246826,
                20.055728912353516
              ],
              "autoUv":false,
              "rotation":180
            },
            "west":{
              "texture":"#material",
              "uv":[
                14.25,
                13.499996185302734,
                11.25,
                14.5
              ],
              "autoUv":false
            },
            "up":{
              "texture":"#material",
              "uv":[
                19.0,
                14.0,
                16.999998092651367,
                17.000000953674316
              ],
              "autoUv":false,
              "rotation":180
            },
            "down":{
              "texture":"#material",
              "uv":[
                20.0,
                18.000001907348633,
                17.0,
                15.500003814697266
              ],
              "autoUv":false
            }
          },
          "children":[]
        },
        {
          "name":"advanced_head 15",
          "from":[
            11.272209525108337,
            0.6596106141805649,
            0.37347573041915894
          ],
          "to":[
            12.496421456336975,
            1.1492816358804703,
            1.8704785704612732
          ],
          "rotationOrigin":[
            11.884315490722656,
            0.9044461250305176,
            1.121977150440216
          ],
          "rotationX":-20.85066532836508,
          "rotationY":33.59961639535491,
          "rotationZ":15.771193661504583,
          "group":"advanced_head",
          "faces":{
            "north":{
              "texture":"#material",
              "uv":[
                22.0,
                16.0,
                19.0,
                17.000000953674316
              ],
              "autoUv":false
            },
            "east":{
              "texture":"#material",
              "uv":[
                20.0,
                7.020656585693359,
                17.0,
                8.0
              ],
              "autoUv":false
            },
            "south":{
              "texture":"#material",
              "uv":[
                10.651764869689941,
                29.93694543838501,
                12.384234428405762,
                31.32288259267807
              ],
              "autoUv":false,
              "rotation":180
            },
            "west":{
              "texture":"#material",
              "uv":[
                15.374996185302734,
                16.020657539367676,
                12.374996185302734,
                17.0
              ],
              "autoUv":false
            },
            "up":{
              "texture":"#material",
              "uv":[
                16.000104904174805,
                14.0,
                14.0,
                17.000258445739746
              ],
              "autoUv":false,
              "rotation":180
            },
            "down":{
              "texture":"#material",
              "uv":[
                14.999999046325684,
                13.0,
                16.999998092651367,
                10.0
              ],
              "autoUv":false,
              "rotation":180
            }
          },
          "children":[]
        },
        {
          "name":"advanced_head 16",
          "from":[
            10.831671118736267,
            0.5997716039419174,
            0.6048063635826111
          ],
          "to":[
            12.055883049964905,
            1.0997709184885025,
            2.1018096804618835
          ],
          "rotationOrigin":[
            11.443777084350586,
            0.84977126121521,
            1.3533080220222473
          ],
          "rotationX":-15.800288559821544,
          "rotationY":16.099715515298442,
          "rotationZ":13.601053024442063,
          "group":"advanced_head",
          "faces":{
            "north":{
              "texture":"#material",
              "uv":[
                21.0,
                16.0,
                18.0,
                17.000000953674316
              ],
              "autoUv":false
            },
            "east":{
              "texture":"#material",
              "uv":[
                20.0,
                7.0,
                17.0,
                8.0
              ],
              "autoUv":false
            },
            "south":{
              "texture":"#material",
              "uv":[
                2.493196487426758,
                7.796804428100586,
                4.225666046142578,
                9.211977005004883
              ],
              "autoUv":false,
              "rotation":180
            },
            "west":{
              "texture":"#material",
              "uv":[
                14.525297164916992,
                18.340015411376953,
                11.525297164916992,
                19.340015411376953
              ],
              "autoUv":false
            },
            "up":{
              "texture":"#material",
              "uv":[
                18.0,
                13.999935150146484,
                16.0,
                17.000388145446777
              ],
              "autoUv":false,
              "rotation":180
            },
            "down":{
              "texture":"#material",
              "uv":[
                17.0,
                18.000001907348633,
                15.0,
                15.500003814697266
              ],
              "autoUv":false
            }
          },
          "children":[]
        },
        {
          "name":"advanced_head 17",
          "from":[
            10.037451565265656,
            0.46701568365097046,
            0.8060484528541565
          ],
          "to":[
            11.261662662029266,
            0.96701580286026,
            2.3030486702919006
          ],
          "rotationOrigin":[
            10.649557113647461,
            0.7170157432556152,
            1.5545485615730286
          ],
          "rotationX":-13.500118196434908,
          "rotationY":6.399757051820894,
          "rotationZ":13.001036273782075,
          "group":"advanced_head",
          "faces":{
            "north":{
              "texture":"#material",
              "uv":[
                20.0,
                16.0,
                16.0,
                17.000000953674316
              ],
              "autoUv":false
            },
            "east":{
              "texture":"#material",
              "uv":[
                20.0,
                7.0,
                17.0,
                8.0
              ],
              "autoUv":false
            },
            "south":{
              "texture":"#material",
              "uv":[
                10.651764869689941,
                13.671316146850586,
                12.384232521057129,
                15.086488723754883
              ],
              "autoUv":false,
              "rotation":180
            },
            "west":{
              "texture":"#material",
              "uv":[
                14.480958938598633,
                14.485319137573242,
                11.480958938598633,
                15.485319137573242
              ],
              "autoUv":false
            },
            "up":{
              "texture":"#material",
              "uv":[
                15.0,
                13.999935150146484,
                12.999948501586914,
                17.000386238098145
              ],
              "autoUv":false,
              "rotation":180
            },
            "down":{
              "texture":"#material",
              "uv":[
                12.000000953674316,
                15.0,
                14.0,
                12.0
              ],
              "autoUv":false,
              "rotation":180
            }
          },
          "children":[]
        },
        {
          "name":"advanced_head 18",
          "from":[
            9.002489686012268,
            0.2498091459274292,
            0.9393349289894104
          ],
          "to":[
            10.226701140403748,
            0.7498091459274292,
            2.4363370537757874
          ],
          "rotationOrigin":[
            9.614595413208008,
            0.4998091459274292,
            1.6878359913825989
          ],
          "rotationX":-12.500066657597381,
          "rotationY":2.499773036926739,
          "rotationZ":13.00104651906583,
          "group":"advanced_head",
          "faces":{
            "north":{
              "texture":"#material",
              "uv":[
                17.0,
                16.0,
                14.0,
                17.000000953674316
              ],
              "autoUv":false
            },
            "east":{
              "texture":"#material",
              "uv":[
                20.0,
                7.0,
                17.0,
                8.0
              ],
              "autoUv":false
            },
            "south":{
              "texture":"#material",
              "uv":[
                2.493196964263916,
                2.374929428100586,
                4.225666522979736,
                3.790102005004883
              ],
              "autoUv":false,
              "rotation":180
            },
            "west":{
              "texture":"#material",
              "uv":[
                15.596053123474121,
                16.4959774017334,
                12.596053123474121,
                17.4959774017334
              ],
              "autoUv":false
            },
            "up":{
              "texture":"#material",
              "uv":[
                13.000160217285156,
                13.999420166015625,
                10.999871253967285,
                16.999871253967285
              ],
              "autoUv":false,
              "rotation":180
            },
            "down":{
              "texture":"#material",
              "uv":[
                10.0,
                15.0,
                12.000000953674316,
                12.0
              ],
              "autoUv":false,
              "rotation":180
            }
          },
          "children":[]
        },
        {
          "name":"advanced_head 19",
          "from":[
            11.775784254074097,
            0.5800735652446747,
            -0.26537978649139404
          ],
          "to":[
            13.504775285720825,
            1.1635566055774689,
            0.7667937874794006
          ],
          "rotationOrigin":[
            12.640279769897461,
            0.8718150854110718,
            0.2507069706916809
          ],
          "rotationX":90.00000933466734,
          "rotationY":-67.59894229112814,
          "rotationZ":90.00000933466734,
          "group":"advanced_head",
          "faces":{
            "north":{
              "texture":"#material",
              "uv":[
                23.071212768554688,
                6.0,
                27.642107009887695,
                7.166961669921875
              ],
              "autoUv":false
            },
            "east":{
              "texture":"#material",
              "uv":[
                17.0,
                16.0,
                19.0,
                18.0
              ],
              "autoUv":false
            },
            "south":{
              "texture":"#material",
              "uv":[
                2.820234775543213,
                24.170608520507812,
                5.267053604125977,
                25.822065353393555
              ],
              "autoUv":false
            },
            "west":{
              "texture":"#material",
              "uv":[
                19.0,
                16.0,
                17.0,
                18.0
              ],
              "autoUv":false
            },
            "up":{
              "texture":"#material",
              "uv":[
                22.0,
                13.0,
                16.999998092651367,
                16.0
              ],
              "autoUv":false,
              "rotation":270
            },
            "down":{
              "texture":"#material",
              "uv":[
                17.999954223632812,
                18.00000286102295,
                15.992475509643555,
                14.0
              ],
              "autoUv":false,
              "rotation":90
            }
          },
          "children":[]
        },
        {
          "name":"advanced_head 20",
          "from":[
            12.704105973243713,
            1.2475420832633972,
            0.7831912040710449
          ],
          "to":[
            13.928313612937927,
            1.7475422024726868,
            2.280194401741028
          ],
          "rotationOrigin":[
            13.31620979309082,
            1.497542142868042,
            1.5316928029060364
          ],
          "rotationX":-43.660321118243616,
          "rotationY":45.845302048825275,
          "rotationZ":32.34222296538517,
          "group":"advanced_head",
          "faces":{
            "north":{
              "texture":"#material",
              "uv":[
                10.651762962341309,
                5.538501739501953,
                12.384230613708496,
                6.95367431640625
              ],
              "autoUv":false,
              "rotation":180
            },
            "east":{
              "texture":"#material",
              "uv":[
                23.0,
                7.0,
                20.0,
                8.0
              ],
              "autoUv":false
            },
            "south":{
              "texture":"#material",
              "uv":[
                16.5,
                12.0,
                20.0,
                14.0
              ],
              "autoUv":false
            },
            "west":{
              "texture":"#material",
              "uv":[
                15.750001907348633,
                14.375,
                12.750001907348633,
                15.375
              ],
              "autoUv":false
            },
            "up":{
              "texture":"#material",
              "uv":[
                21.000158309936523,
                11.000116348266602,
                18.99994659423828,
                14.00033950805664
              ],
              "autoUv":false,
              "rotation":180
            },
            "down":{
              "texture":"#material",
              "uv":[
                21.0,
                15.500003814697266,
                19.0,
                13.000001907348633
              ],
              "autoUv":false
            }
          },
          "children":[]
        },
        {
          "name":"advanced_head 21",
          "from":[
            12.033708930015564,
            1.2298378646373749,
            1.4598669409751892
          ],
          "to":[
            13.257920861244202,
            1.7298379242420197,
            2.9568702578544617
          ],
          "rotationOrigin":[
            12.645814895629883,
            1.4798378944396973,
            2.2083685994148254
          ],
          "rotationX":-33.311969808648996,
          "rotationY":29.964944888910964,
          "rotationZ":22.355844361044547,
          "group":"advanced_head",
          "faces":{
            "north":{
              "texture":"#material",
              "uv":[
                2.493197202682495,
                13.218679428100586,
                4.225666522979736,
                14.633852005004883
              ],
              "autoUv":false,
              "rotation":180
            },
            "east":{
              "texture":"#material",
              "uv":[
                23.0,
                7.0,
                20.0,
                8.0
              ],
              "autoUv":false
            },
            "south":{
              "texture":"#material",
              "uv":[
                17.0,
                12.0,
                19.0,
                14.0
              ],
              "autoUv":false
            },
            "west":{
              "texture":"#material",
              "uv":[
                15.750001907348633,
                14.375,
                12.750001907348633,
                15.375
              ],
              "autoUv":false
            },
            "up":{
              "texture":"#material",
              "uv":[
                19.00015640258789,
                11.000116348266602,
                16.999998092651367,
                14.00033950805664
              ],
              "autoUv":false,
              "rotation":180
            },
            "down":{
              "texture":"#material",
              "uv":[
                19.0,
                15.500003814697266,
                17.0,
                13.000001907348633
              ],
              "autoUv":false
            }
          },
          "children":[]
        },
        {
          "name":"advanced_head 22",
          "from":[
            11.196589052677155,
            1.1268126964569092,
            1.9026086330413818
          ],
          "to":[
            12.420800626277924,
            1.6268126964569092,
            3.3996113538742065
          ],
          "rotationOrigin":[
            11.808694839477539,
            1.3768126964569092,
            2.651109993457794
          ],
          "rotationX":-26.97265950409589,
          "rotationY":13.145055935073673,
          "rotationZ":16.4445000495061,
          "group":"advanced_head",
          "faces":{
            "north":{
              "texture":"#material",
              "uv":[
                10.651764869689941,
                27.22600746154785,
                12.384234428405762,
                28.641179084777832
              ],
              "autoUv":false,
              "rotation":180
            },
            "east":{
              "texture":"#material",
              "uv":[
                23.0,
                7.0,
                20.0,
                8.0
              ],
              "autoUv":false
            },
            "south":{
              "texture":"#material",
              "uv":[
                15.0,
                12.0,
                17.0,
                14.0
              ],
              "autoUv":false
            },
            "west":{
              "texture":"#material",
              "uv":[
                15.750001907348633,
                14.375,
                12.750001907348633,
                15.375
              ],
              "autoUv":false
            },
            "up":{
              "texture":"#material",
              "uv":[
                16.999998092651367,
                10.999940872192383,
                15.0,
                14.000446319580078
              ],
              "autoUv":false,
              "rotation":180
            },
            "down":{
              "texture":"#material",
              "uv":[
                17.0,
                15.500003814697266,
                15.0,
                13.000001907348633
              ],
              "autoUv":false
            }
          },
          "children":[]
        },
        {
          "name":"advanced_head 23",
          "from":[
            10.166211187839508,
            0.9355550408363342,
            2.1636881828308105
          ],
          "to":[
            11.39042180776596,
            1.4355551600456238,
            3.6606913805007935
          ],
          "rotationOrigin":[
            10.778316497802734,
            1.185555100440979,
            2.912189781665802
          ],
          "rotationX":-24.386934299436653,
          "rotationY":3.778017540328649,
          "rotationZ":14.136266647804263,
          "group":"advanced_head",
          "faces":{
            "north":{
              "texture":"#material",
              "uv":[
                10.651763916015625,
                10.960378646850586,
                12.384231567382812,
                12.375551223754883
              ],
              "autoUv":false,
              "rotation":180
            },
            "east":{
              "texture":"#material",
              "uv":[
                23.0,
                7.0,
                20.0,
                8.0
              ],
              "autoUv":false
            },
            "south":{
              "texture":"#material",
              "uv":[
                13.0,
                12.0,
                15.0,
                14.0
              ],
              "autoUv":false
            },
            "west":{
              "texture":"#material",
              "uv":[
                15.750001907348633,
                14.375,
                12.750001907348633,
                15.375
              ],
              "autoUv":false
            },
            "up":{
              "texture":"#material",
              "uv":[
                15.0,
                10.999940872192383,
                12.999944686889648,
                14.000442504882812
              ],
              "autoUv":false,
              "rotation":180
            },
            "down":{
              "texture":"#material",
              "uv":[
                12.000000953674316,
                18.0,
                14.0,
                15.0
              ],
              "autoUv":false,
              "rotation":180
            }
          },
          "children":[]
        },
        {
          "name":"advanced_head 24",
          "from":[
            9.033562064170837,
            0.6994432806968689,
            2.3095545172691345
          ],
          "to":[
            10.257773995399475,
            1.1994433999061584,
            3.806557834148407
          ],
          "rotationOrigin":[
            9.645668029785156,
            0.9494433403015137,
            3.0580561757087708
          ],
          "rotationX":-23.450563175552094,
          "rotationY":-0.05298485231093674,
          "rotationZ":13.324940065923359,
          "group":"advanced_head",
          "faces":{
            "north":{
              "texture":"#material",
              "uv":[
                2.493196964263916,
                5.085866928100586,
                4.225666522979736,
                6.501039505004883
              ],
              "autoUv":false,
              "rotation":180
            },
            "east":{
              "texture":"#material",
              "uv":[
                23.0,
                7.0,
                20.0,
                8.0
              ],
              "autoUv":false
            },
            "south":{
              "texture":"#material",
              "uv":[
                11.0,
                12.0,
                13.0,
                14.0
              ],
              "autoUv":false
            },
            "west":{
              "texture":"#material",
              "uv":[
                20.999998092651367,
                21.625,
                17.999998092651367,
                22.625
              ],
              "autoUv":false
            },
            "up":{
              "texture":"#material",
              "uv":[
                13.000158309936523,
                10.999944686889648,
                10.999869346618652,
                14.000446319580078
              ],
              "autoUv":false,
              "rotation":180
            },
            "down":{
              "texture":"#material",
              "uv":[
                10.0,
                18.0,
                12.000000953674316,
                15.0
              ],
              "autoUv":false,
              "rotation":180
            }
          },
          "children":[]
        },
        {
          "name":"advanced_head 25",
          "from":[
            6.253384590148926,
            -0.1768745630979538,
            0.9854770302772522
          ],
          "to":[
            9.262885093688965,
            0.3231254070997238,
            2.4824801087379456
          ],
          "rotationOrigin":[
            7.758134841918945,
            0.07312542200088501,
            1.7339785695075989
          ],
          "rotationX":-11.299954609101952,
          "rotationY":-2.700216250621576,
          "rotationZ":13.001045665292185,
          "group":"advanced_head",
          "faces":{
            "north":{
              "texture":"#material",
              "uv":[
                15.0,
                16.0,
                11.0,
                17.000000953674316
              ],
              "autoUv":false
            },
            "east":{
              "texture":"#material",
              "uv":[
                13.306671142578125,
                12.590896606445312,
                10.306671142578125,
                13.590896606445312
              ],
              "autoUv":false
            },
            "south":{
              "texture":"#material",
              "uv":[
                3.649855375289917,
                27.226006507873535,
                7.908814430236816,
                28.641178607940674
              ],
              "autoUv":false,
              "rotation":180
            },
            "west":{
              "texture":"#material",
              "uv":[
                1.0,
                17.0,
                3.0,
                19.0
              ],
              "autoUv":false
            },
            "up":{
              "texture":"#material",
              "uv":[
                11.000388145446777,
                13.99942398071289,
                7.0,
                16.999871253967285
              ],
              "autoUv":false,
              "rotation":180
            },
            "down":{
              "texture":"#material",
              "uv":[
                7.0,
                15.0,
                10.0,
                12.0
              ],
              "autoUv":false,
              "rotation":180
            }
          },
          "children":[]
        },
        {
          "name":"advanced_head 26",
          "from":[
            12.89288878440857,
            1.1204413771629333,
            -0.49779510498046875
          ],
          "to":[
            14.621877908706665,
            1.6888213753700256,
            0.9992071390151978
          ],
          "rotationOrigin":[
            13.757383346557617,
            1.4046313762664795,
            0.2507060170173645
          ],
          "rotationX":89.99998884409983,
          "rotationY":-62.12077540694107,
          "rotationZ":89.99998884409983,
          "group":"advanced_head",
          "faces":{
            "north":{
              "texture":"#material",
              "uv":[
                18.0,
                12.0,
                22.0,
                14.0
              ],
              "autoUv":false
            },
            "east":{
              "texture":"#material",
              "uv":[
                19.0,
                16.0,
                21.0,
                18.0
              ],
              "autoUv":false
            },
            "south":{
              "texture":"#material",
              "uv":[
                11.580833435058594,
                17.231210708618164,
                12.384489059448242,
                22.120590209960938
              ],
              "autoUv":false,
              "rotation":90
            },
            "west":{
              "texture":"#material",
              "uv":[
                21.0,
                16.0,
                19.0,
                18.0
              ],
              "autoUv":false
            },
            "up":{
              "texture":"#material",
              "uv":[
                18.0,
                10.0,
                21.000001907348633,
                13.0
              ],
              "autoUv":false,
              "rotation":180
            },
            "down":{
              "texture":"#material",
              "uv":[
                20.0,
                18.00000286102295,
                18.00004768371582,
                14.000003814697266
              ],
              "autoUv":false,
              "rotation":90
            }
          },
          "children":[]
        },
        {
          "name":"advanced_head 27",
          "from":[
            11.403443396091461,
            0.6705798506736755,
            -1.1245597004890442
          ],
          "to":[
            12.90372747182846,
            1.170579969882965,
            0.37244313955307007
          ],
          "rotationOrigin":[
            12.153585433959961,
            0.9205799102783203,
            -0.37605828046798706
          ],
          "rotationX":28.60116101733452,
          "rotationY":-50.89951567613507,
          "rotationZ":21.001496395806473,
          "group":"advanced_head",
          "faces":{
            "north":{
              "texture":"#material",
              "uv":[
                2.67206072807312,
                21.35149574279785,
                4.795223236083984,
                22.766667366027832
              ],
              "autoUv":false
            },
            "east":{
              "texture":"#material",
              "uv":[
                17.0,
                7.0,
                20.0,
                8.0
              ],
              "autoUv":false
            },
            "south":{
              "texture":"#material",
              "uv":[
                20.0,
                16.0,
                22.0,
                17.000000953674316
              ],
              "autoUv":false
            },
            "west":{
              "texture":"#material",
              "uv":[
                14.202888488769531,
                14.18873405456543,
                17.20288848876953,
                15.18873405456543
              ],
              "autoUv":false
            },
            "up":{
              "texture":"#material",
              "uv":[
                16.999998092651367,
                14.0,
                19.0,
                17.000000953674316
              ],
              "autoUv":false
            },
            "down":{
              "texture":"#material",
              "uv":[
                17.0,
                18.000001907348633,
                20.0,
                15.500003814697266
              ],
              "autoUv":false,
              "rotation":270
            }
          },
          "children":[]
        },
        {
          "name":"advanced_head 28",
          "from":[
            10.166216969490051,
            0.9355553090572357,
            -3.159273624420166
          ],
          "to":[
            11.390427470207214,
            1.4355553686618805,
            -1.662270426750183
          ],
          "rotationOrigin":[
            10.778322219848633,
            1.185555338859558,
            -2.4107720255851746
          ],
          "rotationX":24.386942837173116,
          "rotationY":-3.7780179672154723,
          "rotationZ":14.136267501577908,
          "group":"advanced_head",
          "faces":{
            "north":{
              "texture":"#material",
              "uv":[
                15.0,
                12.0,
                13.0,
                14.0
              ],
              "autoUv":false
            },
            "east":{
              "texture":"#material",
              "uv":[
                20.0,
                7.0,
                23.0,
                8.0
              ],
              "autoUv":false
            },
            "south":{
              "texture":"#material",
              "uv":[
                10.651764869689941,
                8.249441146850586,
                12.384232521057129,
                9.664613723754883
              ],
              "autoUv":false,
              "rotation":180
            },
            "west":{
              "texture":"#material",
              "uv":[
                14.767866134643555,
                16.737350463867188,
                17.767866134643555,
                17.737350463867188
              ],
              "autoUv":false
            },
            "up":{
              "texture":"#material",
              "uv":[
                12.999944686889648,
                10.999940872192383,
                15.0,
                13.999935150146484
              ],
              "autoUv":false
            },
            "down":{
              "texture":"#material",
              "uv":[
                14.0,
                18.0,
                12.000000953674316,
                15.0
              ],
              "autoUv":false
            }
          },
          "children":[]
        },
        {
          "name":"advanced_head 29",
          "from":[
            11.272213578224182,
            0.6596103310585022,
            -1.3690636157989502
          ],
          "to":[
            12.496425032615662,
            1.1492814421653748,
            0.1279391050338745
          ],
          "rotationOrigin":[
            11.884319305419922,
            0.9044458866119385,
            -0.6205622553825378
          ],
          "rotationX":20.8506602057232,
          "rotationY":-33.63963105860743,
          "rotationZ":15.771188538862704,
          "group":"advanced_head",
          "faces":{
            "north":{
              "texture":"#material",
              "uv":[
                10.651764869689941,
                16.38225555419922,
                12.384233474731445,
                17.76819133758545
              ],
              "autoUv":false,
              "rotation":180
            },
            "east":{
              "texture":"#material",
              "uv":[
                17.0,
                7.020658493041992,
                20.0,
                8.0
              ],
              "autoUv":false
            },
            "south":{
              "texture":"#material",
              "uv":[
                19.0,
                16.0,
                22.0,
                17.000000953674316
              ],
              "autoUv":false
            },
            "west":{
              "texture":"#material",
              "uv":[
                16.41754150390625,
                14.583145141601562,
                19.41754150390625,
                15.562488555908203
              ],
              "autoUv":false
            },
            "up":{
              "texture":"#material",
              "uv":[
                14.0,
                14.0,
                15.999895095825195,
                16.999741554260254
              ],
              "autoUv":false
            },
            "down":{
              "texture":"#material",
              "uv":[
                14.999999046325684,
                13.0,
                16.999895095825195,
                10.0
              ],
              "autoUv":false,
              "rotation":180
            }
          },
          "children":[]
        },
        {
          "name":"advanced_head 30",
          "from":[
            13.465556159615517,
            1.2174660861492157,
            0.24778693914413452
          ],
          "to":[
            13.885430321097374,
            1.7174661457538605,
            1.744790256023407
          ],
          "rotationOrigin":[
            13.675493240356445,
            1.467466115951538,
            0.9962885975837708
          ],
          "rotationX":-55.35177107151329,
          "rotationY":55.36075618536645,
          "rotationZ":43.811497110238086,
          "group":"advanced_head",
          "faces":{
            "north":{
              "texture":"#material",
              "uv":[
                13.501322746276855,
                30.267553567886353,
                14.208909034729004,
                31.455941259860992
              ],
              "autoUv":false,
              "rotation":270
            },
            "east":{
              "texture":"#material",
              "uv":[
                16.705392837524414,
                19.642240524291992,
                17.412490844726562,
                23.87635612487793
              ],
              "autoUv":false,
              "rotation":270
            },
            "south":{
              "texture":"#material",
              "uv":[
                20.0,
                12.0,
                20.0,
                14.0
              ],
              "autoUv":false,
              "rotation":90
            },
            "west":{
              "texture":"#material",
              "uv":[
                14.375,
                18.749999046325684,
                11.375,
                19.749999046325684
              ],
              "autoUv":false
            },
            "up":{
              "texture":"#material",
              "uv":[
                22.000003814697266,
                12.0,
                20.999948501586914,
                13.999828338623047
              ],
              "autoUv":false,
              "rotation":180
            },
            "down":{
              "texture":"#material",
              "uv":[
                21.0,
                18.000001907348633,
                20.0,
                15.500003814697266
              ],
              "autoUv":false
            }
          },
          "children":[]
        },
        {
          "name":"advanced_head 31",
          "from":[
            6.1004383862018585,
            -0.05884411931037903,
            -3.3481565713882446
          ],
          "to":[
            6.863344877958298,
            0.6734166443347931,
            -1.7876002788543701
          ],
          "rotationOrigin":[
            6.481891632080078,
            0.30728626251220703,
            -2.5678784251213074
          ],
          "rotationX":22.28945321476473,
          "rotationY":5.146253841470298,
          "rotationZ":12.343022679332218,
          "group":"advanced_head",
          "faces":{
            "north":{
              "texture":"#material",
              "uv":[
                7.972702503204346,
                11.190244674682617,
                7.0,
                14.0
              ],
              "autoUv":false
            },
            "east":{
              "texture":"#material",
              "uv":[
                13.999998092651367,
                16.0,
                17.0,
                17.0
              ],
              "autoUv":false
            },
            "south":{
              "texture":"#material",
              "uv":[
                9.189726829528809,
                9.462089538574219,
                10.183115005493164,
                11.532012939453125
              ],
              "autoUv":false,
              "rotation":270
            },
            "west":{
              "texture":"#material",
              "uv":[
                5.0,
                18.0,
                3.0,
                19.0
              ],
              "autoUv":false
            },
            "up":{
              "texture":"#material",
              "uv":[
                7.0,
                10.999944686889648,
                7.972670555114746,
                13.999935150146484
              ],
              "autoUv":false
            },
            "down":{
              "texture":"#material",
              "uv":[
                7.729526996612549,
                18.0,
                7.0,
                15.0
              ],
              "autoUv":false
            }
          },
          "children":[]
        },
        {
          "name":"advanced_head 32",
          "from":[
            6.1995790004730225,
            -0.46463027596473694,
            -1.9924705028533936
          ],
          "to":[
            6.961965799331665,
            0.24926653504371643,
            -0.43191301822662354
          ],
          "rotationOrigin":[
            6.580772399902344,
            -0.10768187046051025,
            -1.2121917605400085
          ],
          "rotationX":11.339950489334253,
          "rotationY":2.7002077128851134,
          "rotationZ":13.00103542000843,
          "group":"advanced_head",
          "faces":{
            "north":{
              "texture":"#material",
              "uv":[
                3.649855375289917,
                29.93694496154785,
                4.684824466705322,
                31.875228583812714
              ],
              "autoUv":false,
              "rotation":180
            },
            "east":{
              "texture":"#material",
              "uv":[
                14.000000953674316,
                16.0,
                17.0,
                17.0
              ],
              "autoUv":false
            },
            "south":{
              "texture":"#material",
              "uv":[
                11.0,
                15.630353927612305,
                11.972039222717285,
                17.000001907348633
              ],
              "autoUv":false
            },
            "west":{
              "texture":"#material",
              "uv":[
                3.0,
                18.0,
                1.0,
                19.0
              ],
              "autoUv":false
            },
            "up":{
              "texture":"#material",
              "uv":[
                7.0,
                13.999935150146484,
                7.972007751464844,
                16.9998722076416
              ],
              "autoUv":false
            },
            "down":{
              "texture":"#material",
              "uv":[
                7.729029178619385,
                15.0,
                7.0,
                12.0
              ],
              "autoUv":false
            }
          },
          "children":[]
        },
        {
          "name":"advanced_head 33",
          "from":[
            6.100438416004181,
            -0.058843910694122314,
            2.2854837775230408
          ],
          "to":[
            6.863344848155975,
            0.673416793346405,
            3.8460399508476257
          ],
          "rotationOrigin":[
            6.481891632080078,
            0.30728644132614136,
            3.0657618641853333
          ],
          "rotationX":-22.289451507217436,
          "rotationY":-5.1462525608098275,
          "rotationZ":12.343023533105864,
          "group":"advanced_head",
          "faces":{
            "north":{
              "texture":"#material",
              "uv":[
                10.183115005493164,
                9.462089538574219,
                9.189726829528809,
                11.532012939453125
              ],
              "autoUv":false,
              "rotation":90
            },
            "east":{
              "texture":"#material",
              "uv":[
                17.0,
                16.0,
                13.999998092651367,
                17.0
              ],
              "autoUv":false
            },
            "south":{
              "texture":"#material",
              "uv":[
                7.0,
                11.190244674682617,
                7.972702503204346,
                14.0
              ],
              "autoUv":false
            },
            "west":{
              "texture":"#material",
              "uv":[
                3.0,
                18.0,
                5.0,
                19.0
              ],
              "autoUv":false
            },
            "up":{
              "texture":"#material",
              "uv":[
                7.972670555114746,
                10.999944686889648,
                7.0,
                13.999935150146484
              ],
              "autoUv":false,
              "rotation":180
            },
            "down":{
              "texture":"#material",
              "uv":[
                7.0,
                18.0,
                7.729526996612549,
                15.0
              ],
              "autoUv":false,
              "rotation":180
            }
          },
          "children":[]
        },
        {
          "name":"advanced_head 34",
          "from":[
            6.1995790004730225,
            -0.46463027596473694,
            0.9297959804534912
          ],
          "to":[
            6.961965799331665,
            0.24926653504371643,
            2.4903534650802612
          ],
          "rotationOrigin":[
            6.580772399902344,
            -0.10768187046051025,
            1.7100747227668762
          ],
          "rotationX":-11.339948781786962,
          "rotationY":-2.70020856665876,
          "rotationZ":13.001037127555723,
          "group":"advanced_head",
          "faces":{
            "north":{
              "texture":"#material",
              "uv":[
                11.972039222717285,
                15.630353927612305,
                11.0,
                17.000001907348633
              ],
              "autoUv":false
            },
            "east":{
              "texture":"#material",
              "uv":[
                17.0,
                16.0,
                14.000000953674316,
                17.0
              ],
              "autoUv":false
            },
            "south":{
              "texture":"#material",
              "uv":[
                4.684824466705322,
                29.93694496154785,
                3.649855375289917,
                31.875228583812714
              ],
              "autoUv":false,
              "rotation":180
            },
            "west":{
              "texture":"#material",
              "uv":[
                1.0,
                18.0,
                3.0,
                19.0
              ],
              "autoUv":false
            },
            "up":{
              "texture":"#material",
              "uv":[
                7.972007751464844,
                13.999935150146484,
                7.0,
                16.9998722076416
              ],
              "autoUv":false,
              "rotation":180
            },
            "down":{
              "texture":"#material",
              "uv":[
                7.0,
                15.0,
                7.729029178619385,
                12.0
              ],
              "autoUv":false,
              "rotation":180
            }
          },
          "children":[]
        },
        {
          "name":"advanced_head 35",
          "from":[
            4.047142148017883,
            -0.651494026184082,
            -0.44748634099960327
          ],
          "to":[
            5.08448588848114,
            0.848505973815918,
            0.9489098191261292
          ],
          "rotationOrigin":[
            4.565814018249512,
            0.09850597381591797,
            0.25071173906326294
          ],
          "group":"advanced_head",
          "faces":{
            "north":{
              "texture":"#material",
              "uv":[
                8.0,
                13.0,
                6.0,
                16.0
              ],
              "autoUv":false
            },
            "east":{
              "texture":"#material",
              "uv":[
                1.0032286643981934,
                1.0,
                3.9967713356018066,
                4.0
              ],
              "autoUv":false
            },
            "south":{
              "texture":"#material",
              "uv":[
                6.0,
                13.0,
                8.0,
                16.0
              ],
              "autoUv":false
            },
            "west":{
              "texture":"#material",
              "uv":[
                28.0,
                20.0,
                31.0,
                23.0
              ],
              "autoUv":false
            },
            "up":{
              "texture":"#material",
              "uv":[
                6.0,
                13.0,
                8.00023078918457,
                15.0
              ],
              "autoUv":false
            },
            "down":{
              "texture":"#material",
              "uv":[
                6.0,
                15.0,
                8.00023078918457,
                13.0
              ],
              "autoUv":false,
              "rotation":180
            }
          },
          "children":[]
        },
        {
          "name":"advanced_head 36",
          "from":[
            4.895559668540955,
            -0.8878852128982544,
            -0.4483591914176941
          ],
          "to":[
            7.260602593421936,
            0.6121141910552979,
            0.94978266954422
          ],
          "rotationOrigin":[
            6.078081130981445,
            -0.13788551092147827,
            0.25071173906326294
          ],
          "rotationX":-2.735526174200042e-15,
          "rotationY":2.975764725454585e-16,
          "rotationZ":-12.399992433425648,
          "group":"advanced_head",
          "faces":{
            "north":{
              "texture":"#material",
              "uv":[
                12.0,
                13.0,
                8.0,
                16.0
              ],
              "autoUv":false
            },
            "east":{
              "texture":"#material",
              "uv":[
                1.0,
                1.0,
                4.0,
                4.0
              ],
              "autoUv":false
            },
            "south":{
              "texture":"#material",
              "uv":[
                8.0,
                13.0,
                12.0,
                16.0
              ],
              "autoUv":false
            },
            "west":{
              "texture":"#material",
              "uv":[
                28.0,
                20.0,
                31.0,
                23.0
              ],
              "autoUv":false
            },
            "up":{
              "texture":"#material",
              "uv":[
                7.999769687652588,
                13.0,
                12.0,
                15.0
              ],
              "autoUv":false
            },
            "down":{
              "texture":"#material",
              "uv":[
                7.0,
                15.0,
                11.000167846679688,
                13.0
              ],
              "autoUv":false,
              "rotation":180
            }
          },
          "children":[]
        },
        {
          "name":"advanced_head 37",
          "from":[
            6.891766309738159,
            -0.9534518122673035,
            -0.44899243116378784
          ],
          "to":[
            8.520591020584106,
            0.3957898020744324,
            0.9504159092903137
          ],
          "rotationOrigin":[
            7.706178665161133,
            -0.27883100509643555,
            0.25071173906326294
          ],
          "rotationX":2.968141596887028e-15,
          "rotationY":3.5108365869658737e-16,
          "rotationZ":13.50000379076631,
          "group":"advanced_head",
          "faces":{
            "north":{
              "texture":"#material",
              "uv":[
                14.0,
                13.0,
                12.0,
                16.0
              ],
              "autoUv":false
            },
            "east":{
              "texture":"#material",
              "uv":[
                1.0,
                1.3015174865722656,
                4.0,
                4.0
              ],
              "autoUv":false
            },
            "south":{
              "texture":"#material",
              "uv":[
                12.0,
                13.0,
                14.0,
                16.0
              ],
              "autoUv":false
            },
            "west":{
              "texture":"#material",
              "uv":[
                28.0,
                20.30151653289795,
                31.0,
                23.0
              ],
              "autoUv":false
            },
            "up":{
              "texture":"#material",
              "uv":[
                10.0,
                13.0,
                12.99986457824707,
                15.0
              ],
              "autoUv":false
            },
            "down":{
              "texture":"#material",
              "uv":[
                10.999832153320312,
                15.0,
                14.000018119812012,
                13.0
              ],
              "autoUv":false,
              "rotation":180
            }
          },
          "children":[]
        },
        {
          "name":"advanced_head 38",
          "from":[
            8.14559417963028,
            -0.6640830636024475,
            -0.4474183917045593
          ],
          "to":[
            8.85073608160019,
            0.4862287640571594,
            0.9488418698310852
          ],
          "rotationOrigin":[
            8.498165130615234,
            -0.08892714977264404,
            0.25071173906326294
          ],
          "rotationZ":45.00000125223908,
          "group":"advanced_head",
          "faces":{
            "north":{
              "texture":"#material",
              "uv":[
                16.0,
                13.0,
                14.0,
                16.0
              ],
              "autoUv":false,
              "rotation":270
            },
            "east":{
              "texture":"#material",
              "uv":[
                13.00013542175293,
                13.0,
                15.0,
                15.0
              ],
              "autoUv":false,
              "rotation":90
            },
            "south":{
              "texture":"#material",
              "uv":[
                14.0,
                13.0,
                16.0,
                16.0
              ],
              "autoUv":false,
              "rotation":90
            },
            "west":{
              "texture":"#material",
              "uv":[
                28.003374099731445,
                20.257062911987305,
                30.996625900268555,
                22.557693481445312
              ],
              "autoUv":false
            },
            "up":{
              "texture":"#material",
              "uv":[
                16.99786949157715,
                14.497795104980469,
                17.995126724243164,
                18.447145462036133
              ],
              "autoUv":false,
              "rotation":180
            },
            "down":{
              "texture":"#material",
              "uv":[
                13.999981880187988,
                15.0,
                15.0,
                13.0
              ],
              "autoUv":false,
              "rotation":180
            }
          },
          "children":[]
        }
      ]
    }
  ],
  "groups":[]
}