{
	"editor": {
		"allAngles": false,
		"entityTextureMode": true
	},
	"textureWidth": 16,
	"textureHeight": 8,
	"textureSizes": {
		"piercingtex": [16,8]
	},
	"textures": {
		"piercingtex": "fluffydreg:parts/earpiercing/gold"
	},
	"elements": [
		{
			"name": "tube",
			"stepParentName": "EarL1",
			"from": [ 2.15, 4.95, 2.02 ],
			"to": [ 3.525, 5.0437, 2.1137 ],
			"autoUnwrap": false,
			"uv": [ 2.0, 4.0 ],
			"rotationOrigin": [ 2.15, 4.95, 2.025 ],
			"rotationY": -9.5,
			"faces": {
				"north": { "texture": "#piercingtex", "uv": [ 1.0, 4.0, 7.0, 5.0 ], "autoUv": false },
				"east": { "texture": "#piercingtex", "uv": [ 0.5, 5.0, 1.0, 6.0 ] },
				"south": { "texture": "#piercingtex", "uv": [ 1.0, 5.0, 7.0, 6.0 ], "autoUv": false },
				"west": { "texture": "#piercingtex", "uv": [ 7.0, 2.0, 7.5, 3.0 ] },
				"up": { "texture": "#piercingtex", "uv": [ 1.0, 2.0, 7.0, 3.0 ], "autoUv": false },
				"down": { "texture": "#piercingtex", "uv": [ 1.0, 3.0, 7.0, 4.0 ], "autoUv": false }
			},
			"children": [
				{
					"name": "bol1",
					"from": [ 1.2846, -0.0344, -0.0321 ],
					"to": [ 1.4096, 0.1219, 0.1241 ],
					"uv": [ 8.0, 0.0 ],
					"rotationOrigin": [ 1.3539, 0.0435, 0.056 ],
					"rotationX": 45.0,
					"faces": {
						"north": { "texture": "#piercingtex", "uv": [ 8.0, 1.0, 8.5, 2.0 ] },
						"east": { "texture": "#piercingtex", "uv": [ 8.5, 1.0, 9.0, 2.0 ] },
						"south": { "texture": "#piercingtex", "uv": [ 9.0, 1.0, 9.5, 2.0 ] },
						"west": { "texture": "#piercingtex", "uv": [ 9.5, 1.0, 10.0, 2.0 ] },
						"up": { "texture": "#piercingtex", "uv": [ 8.0, 0.0, 8.5, 1.0 ] },
						"down": { "texture": "#piercingtex", "uv": [ 8.5, 0.0, 9.0, 1.0 ] }
					}
				},
				{
					"name": "bol2",
					"from": [ -0.0904, -0.0344, -0.0321 ],
					"to": [ 0.0346, 0.1219, 0.1241 ],
					"uv": [ 14.0, 6.0 ],
					"rotationOrigin": [ -0.0211, 0.0435, 0.056 ],
					"rotationX": 45.0,
					"faces": {
						"north": { "texture": "#piercingtex", "uv": [ 14.0, 7.0, 14.5, 8.0 ] },
						"east": { "texture": "#piercingtex", "uv": [ 14.5, 7.0, 15.0, 8.0 ] },
						"south": { "texture": "#piercingtex", "uv": [ 15.0, 7.0, 15.5, 8.0 ] },
						"west": { "texture": "#piercingtex", "uv": [ 15.5, 7.0, 16.0, 8.0 ] },
						"up": { "texture": "#piercingtex", "uv": [ 14.0, 6.0, 14.5, 7.0 ] },
						"down": { "texture": "#piercingtex", "uv": [ 14.5, 6.0, 15.0, 7.0 ] }
					}
				}
			]
		}
	]}