{
	"editor": {
		"allAngles": false,
		"entityTextureMode": true
	},
	"textureWidth": 16,
	"textureHeight": 8,
	"textureSizes": {
		"piercingtex": [16,8]
	},
	"textures": {
		"piercingtex": "fluffydreg:parts/earpiercing/gold"
	},
	"elements": [
		{
			"name": "PiercingRingRight",
			"stepParentName": "EarR1",
			"from": [ 2.8, 0.2, -0.8 ],
			"to": [ 2.8, 0.2, -0.8 ],
			"uv": [ 999.0, 999.0 ],
			"rotationOrigin": [ 2.3, 0.2, -0.9 ],
			"rotationX": -50.0,
			"rotationY": -22.5,
			"rotationZ": 22.5,
			"faces": {
				"north": { "texture": "#null", "uv": [ 0.0, 0.0, 0.5, 0.5 ], "enabled": false },
				"east": { "texture": "#null", "uv": [ 0.0, 0.0, 0.5, 0.5 ], "enabled": false },
				"south": { "texture": "#null", "uv": [ 0.0, 0.0, 0.5, 0.5 ], "enabled": false },
				"west": { "texture": "#null", "uv": [ 0.0, 0.0, 0.5, 0.5 ], "enabled": false },
				"up": { "texture": "#null", "uv": [ 0.0, 0.0, 0.5, 0.5 ], "enabled": false },
				"down": { "texture": "#null", "uv": [ 0.0, 0.0, 0.5, 0.5 ], "enabled": false }
			},
			"children": [
				{
					"name": "prrring1",
					"from": [ -0.825, 0.0, -0.875 ],
					"to": [ -0.225, 0.15, -0.725 ],
					"autoUnwrap": false,
					"uv": [ 3.0, 0.0 ],
					"faces": {
						"north": { "texture": "#piercingtex", "uv": [ 2.5, 3.0, 4.5, 4.0 ], "rotation": 180, "autoUv": false },
						"east": { "texture": "#piercingtex", "uv": [ 2.0, 2.0, 2.5, 3.0 ] },
						"south": { "texture": "#piercingtex", "uv": [ 2.5, 5.0, 4.5, 6.0 ], "autoUv": false },
						"west": { "texture": "#piercingtex", "uv": [ 4.5, 5.0, 5.0, 6.0 ] },
						"up": { "texture": "#piercingtex", "uv": [ 2.5, 2.0, 4.5, 3.0 ], "autoUv": false },
						"down": { "texture": "#piercingtex", "uv": [ 2.5, 4.0, 4.5, 5.0 ], "rotation": 180, "autoUv": false }
					}
				},
				{
					"name": "prrring2",
					"from": [ -1.135, 0.0, -0.476 ],
					"to": [ -0.535, 0.15, -0.326 ],
					"autoUnwrap": false,
					"uv": [ 5.0, 0.0 ],
					"rotationOrigin": [ -0.2, 0.0, 0.425 ],
					"rotationY": -45.0,
					"faces": {
						"north": { "texture": "#piercingtex", "uv": [ 4.0, 3.0, 6.0, 4.0 ], "autoUv": false },
						"east": { "texture": "#piercingtex", "uv": [ 3.5, 2.0, 4.0, 3.0 ] },
						"south": { "texture": "#piercingtex", "uv": [ 4.0, 5.0, 6.0, 6.0 ], "autoUv": false },
						"west": { "texture": "#piercingtex", "uv": [ 6.0, 5.0, 6.5, 6.0 ] },
						"up": { "texture": "#piercingtex", "uv": [ 4.0, 2.0, 6.0, 3.0 ], "autoUv": false },
						"down": { "texture": "#piercingtex", "uv": [ 4.0, 4.0, 6.0, 5.0 ], "autoUv": false }
					}
				},
				{
					"name": "prrring3",
					"from": [ -1.65, 0.0, -0.25 ],
					"to": [ -1.05, 0.15, -0.1 ],
					"autoUnwrap": false,
					"uv": [ 7.0, 0.0 ],
					"rotationOrigin": [ -0.625, 0.0, 0.575 ],
					"rotationY": -90.0,
					"faces": {
						"north": { "texture": "#piercingtex", "uv": [ 5.5, 5.0, 7.5, 6.0 ], "rotation": 180, "autoUv": false },
						"east": { "texture": "#piercingtex", "uv": [ 5.0, 2.0, 5.5, 3.0 ] },
						"south": { "texture": "#piercingtex", "uv": [ 5.5, 3.0, 7.5, 4.0 ], "autoUv": false },
						"west": { "texture": "#piercingtex", "uv": [ 7.5, 5.0, 8.0, 6.0 ] },
						"up": { "texture": "#piercingtex", "uv": [ 5.5, 2.0, 7.5, 3.0 ], "autoUv": false },
						"down": { "texture": "#piercingtex", "uv": [ 5.5, 4.0, 7.5, 5.0 ], "rotation": 180, "autoUv": false }
					}
				},
				{
					"name": "prrring4",
					"from": [ -0.9, 0.0, -1.15 ],
					"to": [ -0.3, 0.15, -1.0 ],
					"autoUnwrap": false,
					"uv": [ 1.0, 0.0 ],
					"rotationOrigin": [ -0.225, 0.0, -0.375 ],
					"rotationY": 45.0,
					"faces": {
						"north": { "texture": "#piercingtex", "uv": [ 1.0, 3.0, 3.0, 4.0 ], "autoUv": false },
						"east": { "texture": "#piercingtex", "uv": [ 0.5, 2.0, 1.0, 3.0 ] },
						"south": { "texture": "#piercingtex", "uv": [ 1.0, 5.0, 3.0, 6.0 ], "autoUv": false },
						"west": { "texture": "#piercingtex", "uv": [ 3.0, 5.0, 3.5, 6.0 ] },
						"up": { "texture": "#piercingtex", "uv": [ 1.0, 2.0, 3.0, 3.0 ], "autoUv": false },
						"down": { "texture": "#piercingtex", "uv": [ 1.0, 4.0, 3.0, 5.0 ], "rotation": 180, "autoUv": false }
					}
				},
				{
					"name": "prrring5",
					"from": [ -0.825, 0.0, 0.427 ],
					"to": [ -0.225, 0.15, 0.577 ],
					"autoUnwrap": false,
					"uv": [ 11.0, 0.0 ],
					"rotationOrigin": [ -1.1, 0.0, 0.025 ],
					"faces": {
						"north": { "texture": "#piercingtex", "uv": [ 8.5, 3.0, 10.5, 4.0 ], "autoUv": false },
						"east": { "texture": "#piercingtex", "uv": [ 8.0, 2.0, 8.5, 3.0 ] },
						"south": { "texture": "#piercingtex", "uv": [ 8.5, 5.0, 10.5, 6.0 ], "autoUv": false },
						"west": { "texture": "#piercingtex", "uv": [ 10.5, 5.0, 11.0, 6.0 ] },
						"up": { "texture": "#piercingtex", "uv": [ 8.5, 2.0, 10.5, 3.0 ], "rotation": 180, "autoUv": false },
						"down": { "texture": "#piercingtex", "uv": [ 8.5, 4.0, 10.5, 5.0 ], "autoUv": false }
					}
				},
				{
					"name": "prrring6",
					"from": [ -0.835, 0.0, -0.003 ],
					"to": [ -0.235, 0.15, 0.147 ],
					"autoUnwrap": false,
					"uv": [ 13.0, 0.0 ],
					"rotationOrigin": [ -1.05, 0.0, -0.35 ],
					"rotationY": -45.0,
					"faces": {
						"north": { "texture": "#piercingtex", "uv": [ 10.0, 3.0, 12.0, 4.0 ], "rotation": 180, "autoUv": false },
						"east": { "texture": "#piercingtex", "uv": [ 9.5, 2.0, 10.0, 3.0 ] },
						"south": { "texture": "#piercingtex", "uv": [ 10.0, 5.0, 12.0, 6.0 ], "autoUv": false },
						"west": { "texture": "#piercingtex", "uv": [ 12.0, 5.0, 12.5, 6.0 ] },
						"up": { "texture": "#piercingtex", "uv": [ 10.0, 2.0, 12.0, 3.0 ], "rotation": 180, "autoUv": false },
						"down": { "texture": "#piercingtex", "uv": [ 10.0, 4.0, 12.0, 5.0 ], "autoUv": false }
					}
				},
				{
					"name": "prrring7",
					"from": [ -0.625, 0.0, -0.025 ],
					"to": [ -0.025, 0.15, 0.125 ],
					"autoUnwrap": false,
					"uv": [ 14.0, 2.0 ],
					"rotationOrigin": [ -0.65, 0.0, -0.475 ],
					"rotationY": -90.0,
					"faces": {
						"north": { "texture": "#piercingtex", "uv": [ 11.5, 3.0, 13.5, 4.0 ], "autoUv": false },
						"east": { "texture": "#piercingtex", "uv": [ 11.0, 2.0, 11.5, 3.0 ] },
						"south": { "texture": "#piercingtex", "uv": [ 11.5, 5.0, 13.5, 6.0 ], "autoUv": false },
						"west": { "texture": "#piercingtex", "uv": [ 13.5, 5.0, 14.0, 6.0 ] },
						"up": { "texture": "#piercingtex", "uv": [ 11.5, 2.0, 13.5, 3.0 ], "rotation": 180, "autoUv": false },
						"down": { "texture": "#piercingtex", "uv": [ 11.5, 4.0, 13.5, 5.0 ], "autoUv": false }
					}
				},
				{
					"name": "prrring8",
					"from": [ -0.565, 0.0, 0.845 ],
					"to": [ 0.035, 0.15, 0.995 ],
					"autoUnwrap": false,
					"uv": [ 9.0, 0.0 ],
					"rotationOrigin": [ -0.9, 0.0, 0.375 ],
					"rotationY": 45.0,
					"faces": {
						"north": { "texture": "#piercingtex", "uv": [ 7.0, 3.0, 9.0, 4.0 ], "autoUv": false },
						"east": { "texture": "#piercingtex", "uv": [ 6.5, 2.0, 7.0, 3.0 ] },
						"south": { "texture": "#piercingtex", "uv": [ 7.0, 5.0, 9.0, 6.0 ], "autoUv": false },
						"west": { "texture": "#piercingtex", "uv": [ 9.0, 5.0, 9.5, 6.0 ] },
						"up": { "texture": "#piercingtex", "uv": [ 7.0, 2.0, 9.0, 3.0 ], "rotation": 180, "autoUv": false },
						"down": { "texture": "#piercingtex", "uv": [ 7.0, 4.0, 9.0, 5.0 ], "autoUv": false }
					}
				}
			]
		}
	]}