{
	"editor": {
		"collapsedPaths": "Root/PiercingRingRight3,Root/PiercingRingRight2",
		"allAngles": false,
		"entityTextureMode": true
	},
	"textureWidth": 16,
	"textureHeight": 8,
	"textureSizes": {
		"piercingtex": [16,8]
	},
	"textures": {
		"piercingtex": "fluffydreg:parts/earpiercing/gold"
	},
	"elements": [
		{
			"name": "PiercingRingLeft",
			"stepParentName": "EarL1",
			"from": [ 2.95, 1.85, 2.42 ],
			"to": [ 2.95, 1.85, 2.42 ],
			"uv": [ 999.0, 999.0 ],
			"rotationOrigin": [ 2.57, 1.85, 2.35 ],
			"rotationX": -102.0,
			"rotationY": 45.0,
			"rotationZ": -180.0,
			"faces": {
				"north": { "texture": "#null", "uv": [ 0.0, 0.0, 0.5, 0.5 ], "enabled": false },
				"east": { "texture": "#null", "uv": [ 0.0, 0.0, 0.5, 0.5 ], "enabled": false },
				"south": { "texture": "#null", "uv": [ 0.0, 0.0, 0.5, 0.5 ], "enabled": false },
				"west": { "texture": "#null", "uv": [ 0.0, 0.0, 0.5, 0.5 ], "enabled": false },
				"up": { "texture": "#null", "uv": [ 0.0, 0.0, 0.5, 0.5 ], "enabled": false },
				"down": { "texture": "#null", "uv": [ 0.0, 0.0, 0.5, 0.5 ], "enabled": false }
			},
			"children": [
				{
					"name": "prrring1",
					"from": [ -0.6187, 0.0, -0.6562 ],
					"to": [ -0.1687, 0.1125, -0.5437 ],
					"autoUnwrap": false,
					"uv": [ 3.0, 0.0 ],
					"faces": {
						"north": { "texture": "#piercingtex", "uv": [ 2.5, 3.0, 4.5, 4.0 ], "rotation": 180, "autoUv": false },
						"east": { "texture": "#piercingtex", "uv": [ 2.0, 2.0, 2.5, 3.0 ] },
						"south": { "texture": "#piercingtex", "uv": [ 2.5, 5.0, 4.5, 6.0 ], "autoUv": false },
						"west": { "texture": "#piercingtex", "uv": [ 4.5, 5.0, 5.0, 6.0 ] },
						"up": { "texture": "#piercingtex", "uv": [ 2.5, 2.0, 4.5, 3.0 ], "autoUv": false },
						"down": { "texture": "#piercingtex", "uv": [ 2.5, 4.0, 4.5, 5.0 ], "rotation": 180, "autoUv": false }
					}
				},
				{
					"name": "prrring2",
					"from": [ -0.8512, 0.0, -0.357 ],
					"to": [ -0.4013, 0.1125, -0.2445 ],
					"autoUnwrap": false,
					"uv": [ 5.0, 0.0 ],
					"rotationOrigin": [ -0.15, 0.0, 0.3188 ],
					"rotationY": -45.0,
					"faces": {
						"north": { "texture": "#piercingtex", "uv": [ 4.0, 3.0, 6.0, 4.0 ], "autoUv": false },
						"east": { "texture": "#piercingtex", "uv": [ 3.5, 2.0, 4.0, 3.0 ] },
						"south": { "texture": "#piercingtex", "uv": [ 4.0, 5.0, 6.0, 6.0 ], "autoUv": false },
						"west": { "texture": "#piercingtex", "uv": [ 6.0, 5.0, 6.5, 6.0 ] },
						"up": { "texture": "#piercingtex", "uv": [ 4.0, 2.0, 6.0, 3.0 ], "autoUv": false },
						"down": { "texture": "#piercingtex", "uv": [ 4.0, 4.0, 6.0, 5.0 ], "autoUv": false }
					}
				},
				{
					"name": "prrring3",
					"from": [ -1.2375, 0.0, -0.1875 ],
					"to": [ -0.7875, 0.1125, -0.075 ],
					"autoUnwrap": false,
					"uv": [ 7.0, 0.0 ],
					"rotationOrigin": [ -0.4687, 0.0, 0.4313 ],
					"rotationY": -90.0,
					"faces": {
						"north": { "texture": "#piercingtex", "uv": [ 5.5, 5.0, 7.5, 6.0 ], "rotation": 180, "autoUv": false },
						"east": { "texture": "#piercingtex", "uv": [ 5.0, 2.0, 5.5, 3.0 ] },
						"south": { "texture": "#piercingtex", "uv": [ 5.5, 3.0, 7.5, 4.0 ], "autoUv": false },
						"west": { "texture": "#piercingtex", "uv": [ 7.5, 5.0, 8.0, 6.0 ] },
						"up": { "texture": "#piercingtex", "uv": [ 5.5, 2.0, 7.5, 3.0 ], "autoUv": false },
						"down": { "texture": "#piercingtex", "uv": [ 5.5, 4.0, 7.5, 5.0 ], "rotation": 180, "autoUv": false }
					}
				},
				{
					"name": "prrring4",
					"from": [ -0.675, 0.0, -0.8625 ],
					"to": [ -0.225, 0.1125, -0.75 ],
					"autoUnwrap": false,
					"uv": [ 1.0, 0.0 ],
					"rotationOrigin": [ -0.1687, 0.0, -0.2812 ],
					"rotationY": 45.0,
					"faces": {
						"north": { "texture": "#piercingtex", "uv": [ 1.0, 3.0, 3.0, 4.0 ], "autoUv": false },
						"east": { "texture": "#piercingtex", "uv": [ 0.5, 2.0, 1.0, 3.0 ] },
						"south": { "texture": "#piercingtex", "uv": [ 1.0, 5.0, 3.0, 6.0 ], "autoUv": false },
						"west": { "texture": "#piercingtex", "uv": [ 3.0, 5.0, 3.5, 6.0 ] },
						"up": { "texture": "#piercingtex", "uv": [ 1.0, 2.0, 3.0, 3.0 ], "autoUv": false },
						"down": { "texture": "#piercingtex", "uv": [ 1.0, 4.0, 3.0, 5.0 ], "rotation": 180, "autoUv": false }
					}
				},
				{
					"name": "prrring5",
					"from": [ -0.6187, 0.0, 0.3203 ],
					"to": [ -0.1687, 0.1125, 0.4328 ],
					"autoUnwrap": false,
					"uv": [ 11.0, 0.0 ],
					"rotationOrigin": [ -0.825, 0.0, 0.0188 ],
					"faces": {
						"north": { "texture": "#piercingtex", "uv": [ 8.5, 3.0, 10.5, 4.0 ], "autoUv": false },
						"east": { "texture": "#piercingtex", "uv": [ 8.0, 2.0, 8.5, 3.0 ] },
						"south": { "texture": "#piercingtex", "uv": [ 8.5, 5.0, 10.5, 6.0 ], "autoUv": false },
						"west": { "texture": "#piercingtex", "uv": [ 10.5, 5.0, 11.0, 6.0 ] },
						"up": { "texture": "#piercingtex", "uv": [ 8.5, 2.0, 10.5, 3.0 ], "rotation": 180, "autoUv": false },
						"down": { "texture": "#piercingtex", "uv": [ 8.5, 4.0, 10.5, 5.0 ], "autoUv": false }
					}
				},
				{
					"name": "prrring6",
					"from": [ -0.6262, 0.0, -0.0023 ],
					"to": [ -0.1763, 0.1125, 0.1102 ],
					"autoUnwrap": false,
					"uv": [ 13.0, 0.0 ],
					"rotationOrigin": [ -0.7875, 0.0, -0.2625 ],
					"rotationY": -45.0,
					"faces": {
						"north": { "texture": "#piercingtex", "uv": [ 10.0, 3.0, 12.0, 4.0 ], "rotation": 180, "autoUv": false },
						"east": { "texture": "#piercingtex", "uv": [ 9.5, 2.0, 10.0, 3.0 ] },
						"south": { "texture": "#piercingtex", "uv": [ 10.0, 5.0, 12.0, 6.0 ], "autoUv": false },
						"west": { "texture": "#piercingtex", "uv": [ 12.0, 5.0, 12.5, 6.0 ] },
						"up": { "texture": "#piercingtex", "uv": [ 10.0, 2.0, 12.0, 3.0 ], "rotation": 180, "autoUv": false },
						"down": { "texture": "#piercingtex", "uv": [ 10.0, 4.0, 12.0, 5.0 ], "autoUv": false }
					}
				},
				{
					"name": "prrring7",
					"from": [ -0.4687, 0.0, -0.0188 ],
					"to": [ -0.0188, 0.1125, 0.0937 ],
					"autoUnwrap": false,
					"uv": [ 14.0, 2.0 ],
					"rotationOrigin": [ -0.4875, 0.0, -0.3562 ],
					"rotationY": -90.0,
					"faces": {
						"north": { "texture": "#piercingtex", "uv": [ 11.5, 3.0, 13.5, 4.0 ], "autoUv": false },
						"east": { "texture": "#piercingtex", "uv": [ 11.0, 2.0, 11.5, 3.0 ] },
						"south": { "texture": "#piercingtex", "uv": [ 11.5, 5.0, 13.5, 6.0 ], "autoUv": false },
						"west": { "texture": "#piercingtex", "uv": [ 13.5, 5.0, 14.0, 6.0 ] },
						"up": { "texture": "#piercingtex", "uv": [ 11.5, 2.0, 13.5, 3.0 ], "rotation": 180, "autoUv": false },
						"down": { "texture": "#piercingtex", "uv": [ 11.5, 4.0, 13.5, 5.0 ], "autoUv": false }
					}
				},
				{
					"name": "prrring8",
					"from": [ -0.4237, 0.0, 0.6338 ],
					"to": [ 0.0262, 0.1125, 0.7463 ],
					"autoUnwrap": false,
					"uv": [ 9.0, 0.0 ],
					"rotationOrigin": [ -0.675, 0.0, 0.2813 ],
					"rotationY": 45.0,
					"faces": {
						"north": { "texture": "#piercingtex", "uv": [ 7.0, 3.0, 9.0, 4.0 ], "autoUv": false },
						"east": { "texture": "#piercingtex", "uv": [ 6.5, 2.0, 7.0, 3.0 ] },
						"south": { "texture": "#piercingtex", "uv": [ 7.0, 5.0, 9.0, 6.0 ], "autoUv": false },
						"west": { "texture": "#piercingtex", "uv": [ 9.0, 5.0, 9.5, 6.0 ] },
						"up": { "texture": "#piercingtex", "uv": [ 7.0, 2.0, 9.0, 3.0 ], "rotation": 180, "autoUv": false },
						"down": { "texture": "#piercingtex", "uv": [ 7.0, 4.0, 9.0, 5.0 ], "autoUv": false }
					}
				},
				{
					"name": "PiercingRingLeft2",
					"from": [ -0.3181, -0.2877, -0.5621 ],
					"to": [ -0.3181, -0.2877, -0.5621 ],
					"uv": [ 999.0, 999.0 ],
					"rotationOrigin": [ -0.6982, -0.2877, -0.6321 ],
					"rotationX": 165.0479,
					"rotationY": 42.959,
					"rotationZ": -166.7769,
					"faces": {
						"north": { "texture": "#null", "uv": [ 0.0, 0.0, 0.5, 0.5 ], "enabled": false },
						"east": { "texture": "#null", "uv": [ 0.0, 0.0, 0.5, 0.5 ], "enabled": false },
						"south": { "texture": "#null", "uv": [ 0.0, 0.0, 0.5, 0.5 ], "enabled": false },
						"west": { "texture": "#null", "uv": [ 0.0, 0.0, 0.5, 0.5 ], "enabled": false },
						"up": { "texture": "#null", "uv": [ 0.0, 0.0, 0.5, 0.5 ], "enabled": false },
						"down": { "texture": "#null", "uv": [ 0.0, 0.0, 0.5, 0.5 ], "enabled": false }
					},
					"children": [
						{
							"name": "prr2ring1",
							"from": [ -0.6187, 0.0, -0.6562 ],
							"to": [ -0.1687, 0.1125, -0.5437 ],
							"autoUnwrap": false,
							"uv": [ 3.0, 0.0 ],
							"faces": {
								"north": { "texture": "#piercingtex", "uv": [ 2.5, 3.0, 4.5, 4.0 ], "rotation": 180, "autoUv": false },
								"east": { "texture": "#piercingtex", "uv": [ 2.0, 2.0, 2.5, 3.0 ] },
								"south": { "texture": "#piercingtex", "uv": [ 2.5, 5.0, 4.5, 6.0 ], "autoUv": false },
								"west": { "texture": "#piercingtex", "uv": [ 4.5, 5.0, 5.0, 6.0 ] },
								"up": { "texture": "#piercingtex", "uv": [ 2.5, 2.0, 4.5, 3.0 ], "autoUv": false },
								"down": { "texture": "#piercingtex", "uv": [ 2.5, 4.0, 4.5, 5.0 ], "rotation": 180, "autoUv": false }
							}
						},
						{
							"name": "prr2ring2",
							"from": [ -0.8512, 0.0, -0.357 ],
							"to": [ -0.4013, 0.1125, -0.2445 ],
							"autoUnwrap": false,
							"uv": [ 5.0, 0.0 ],
							"rotationOrigin": [ -0.15, 0.0, 0.3188 ],
							"rotationY": -45.0,
							"faces": {
								"north": { "texture": "#piercingtex", "uv": [ 4.0, 3.0, 6.0, 4.0 ], "autoUv": false },
								"east": { "texture": "#piercingtex", "uv": [ 3.5, 2.0, 4.0, 3.0 ] },
								"south": { "texture": "#piercingtex", "uv": [ 4.0, 5.0, 6.0, 6.0 ], "autoUv": false },
								"west": { "texture": "#piercingtex", "uv": [ 6.0, 5.0, 6.5, 6.0 ] },
								"up": { "texture": "#piercingtex", "uv": [ 4.0, 2.0, 6.0, 3.0 ], "autoUv": false },
								"down": { "texture": "#piercingtex", "uv": [ 4.0, 4.0, 6.0, 5.0 ], "autoUv": false }
							}
						},
						{
							"name": "prr2ring3",
							"from": [ -1.2375, 0.0, -0.1875 ],
							"to": [ -0.7875, 0.1125, -0.075 ],
							"autoUnwrap": false,
							"uv": [ 7.0, 0.0 ],
							"rotationOrigin": [ -0.4687, 0.0, 0.4313 ],
							"rotationY": -90.0,
							"faces": {
								"north": { "texture": "#piercingtex", "uv": [ 5.5, 5.0, 7.5, 6.0 ], "rotation": 180, "autoUv": false },
								"east": { "texture": "#piercingtex", "uv": [ 5.0, 2.0, 5.5, 3.0 ] },
								"south": { "texture": "#piercingtex", "uv": [ 5.5, 3.0, 7.5, 4.0 ], "autoUv": false },
								"west": { "texture": "#piercingtex", "uv": [ 7.5, 5.0, 8.0, 6.0 ] },
								"up": { "texture": "#piercingtex", "uv": [ 5.5, 2.0, 7.5, 3.0 ], "autoUv": false },
								"down": { "texture": "#piercingtex", "uv": [ 5.5, 4.0, 7.5, 5.0 ], "rotation": 180, "autoUv": false }
							}
						},
						{
							"name": "prr2ring4",
							"from": [ -0.675, 0.0, -0.8625 ],
							"to": [ -0.225, 0.1125, -0.75 ],
							"autoUnwrap": false,
							"uv": [ 1.0, 0.0 ],
							"rotationOrigin": [ -0.1687, 0.0, -0.2812 ],
							"rotationY": 45.0,
							"faces": {
								"north": { "texture": "#piercingtex", "uv": [ 1.0, 3.0, 3.0, 4.0 ], "autoUv": false },
								"east": { "texture": "#piercingtex", "uv": [ 0.5, 2.0, 1.0, 3.0 ] },
								"south": { "texture": "#piercingtex", "uv": [ 1.0, 5.0, 3.0, 6.0 ], "autoUv": false },
								"west": { "texture": "#piercingtex", "uv": [ 3.0, 5.0, 3.5, 6.0 ] },
								"up": { "texture": "#piercingtex", "uv": [ 1.0, 2.0, 3.0, 3.0 ], "autoUv": false },
								"down": { "texture": "#piercingtex", "uv": [ 1.0, 4.0, 3.0, 5.0 ], "rotation": 180, "autoUv": false }
							}
						},
						{
							"name": "prr2ring5",
							"from": [ -0.6187, 0.0, 0.3203 ],
							"to": [ -0.1687, 0.1125, 0.4328 ],
							"autoUnwrap": false,
							"uv": [ 11.0, 0.0 ],
							"rotationOrigin": [ -0.825, 0.0, 0.0188 ],
							"faces": {
								"north": { "texture": "#piercingtex", "uv": [ 8.5, 3.0, 10.5, 4.0 ], "autoUv": false },
								"east": { "texture": "#piercingtex", "uv": [ 8.0, 2.0, 8.5, 3.0 ] },
								"south": { "texture": "#piercingtex", "uv": [ 8.5, 5.0, 10.5, 6.0 ], "autoUv": false },
								"west": { "texture": "#piercingtex", "uv": [ 10.5, 5.0, 11.0, 6.0 ] },
								"up": { "texture": "#piercingtex", "uv": [ 8.5, 2.0, 10.5, 3.0 ], "rotation": 180, "autoUv": false },
								"down": { "texture": "#piercingtex", "uv": [ 8.5, 4.0, 10.5, 5.0 ], "autoUv": false }
							}
						},
						{
							"name": "prr2ring6",
							"from": [ -0.6262, 0.0, -0.0023 ],
							"to": [ -0.1763, 0.1125, 0.1102 ],
							"autoUnwrap": false,
							"uv": [ 13.0, 0.0 ],
							"rotationOrigin": [ -0.7875, 0.0, -0.2625 ],
							"rotationY": -45.0,
							"faces": {
								"north": { "texture": "#piercingtex", "uv": [ 10.0, 3.0, 12.0, 4.0 ], "rotation": 180, "autoUv": false },
								"east": { "texture": "#piercingtex", "uv": [ 9.5, 2.0, 10.0, 3.0 ] },
								"south": { "texture": "#piercingtex", "uv": [ 10.0, 5.0, 12.0, 6.0 ], "autoUv": false },
								"west": { "texture": "#piercingtex", "uv": [ 12.0, 5.0, 12.5, 6.0 ] },
								"up": { "texture": "#piercingtex", "uv": [ 10.0, 2.0, 12.0, 3.0 ], "rotation": 180, "autoUv": false },
								"down": { "texture": "#piercingtex", "uv": [ 10.0, 4.0, 12.0, 5.0 ], "autoUv": false }
							}
						},
						{
							"name": "prr2ring7",
							"from": [ -0.4687, 0.0, -0.0188 ],
							"to": [ -0.0188, 0.1125, 0.0937 ],
							"autoUnwrap": false,
							"uv": [ 14.0, 2.0 ],
							"rotationOrigin": [ -0.4875, 0.0, -0.3562 ],
							"rotationY": -90.0,
							"faces": {
								"north": { "texture": "#piercingtex", "uv": [ 11.5, 3.0, 13.5, 4.0 ], "autoUv": false },
								"east": { "texture": "#piercingtex", "uv": [ 11.0, 2.0, 11.5, 3.0 ] },
								"south": { "texture": "#piercingtex", "uv": [ 11.5, 5.0, 13.5, 6.0 ], "autoUv": false },
								"west": { "texture": "#piercingtex", "uv": [ 13.5, 5.0, 14.0, 6.0 ] },
								"up": { "texture": "#piercingtex", "uv": [ 11.5, 2.0, 13.5, 3.0 ], "rotation": 180, "autoUv": false },
								"down": { "texture": "#piercingtex", "uv": [ 11.5, 4.0, 13.5, 5.0 ], "autoUv": false }
							}
						},
						{
							"name": "prr2ring8",
							"from": [ -0.4237, 0.0, 0.6338 ],
							"to": [ 0.0262, 0.1125, 0.7463 ],
							"autoUnwrap": false,
							"uv": [ 9.0, 0.0 ],
							"rotationOrigin": [ -0.675, 0.0, 0.2813 ],
							"rotationY": 45.0,
							"faces": {
								"north": { "texture": "#piercingtex", "uv": [ 7.0, 3.0, 9.0, 4.0 ], "autoUv": false },
								"east": { "texture": "#piercingtex", "uv": [ 6.5, 2.0, 7.0, 3.0 ] },
								"south": { "texture": "#piercingtex", "uv": [ 7.0, 5.0, 9.0, 6.0 ], "autoUv": false },
								"west": { "texture": "#piercingtex", "uv": [ 9.0, 5.0, 9.5, 6.0 ] },
								"up": { "texture": "#piercingtex", "uv": [ 7.0, 2.0, 9.0, 3.0 ], "rotation": 180, "autoUv": false },
								"down": { "texture": "#piercingtex", "uv": [ 7.0, 4.0, 9.0, 5.0 ], "autoUv": false }
							}
						}
					]
				},
				{
					"name": "PiercingRingLeft3",
					"from": [ -0.7021, -0.6302, -0.721 ],
					"to": [ -0.7021, -0.6302, -0.721 ],
					"uv": [ 999.0, 999.0 ],
					"rotationOrigin": [ -1.0821, -0.6302, -0.791 ],
					"rotationX": -14.2701,
					"rotationY": -42.6117,
					"rotationZ": -5.5899,
					"faces": {
						"north": { "texture": "#null", "uv": [ 0.0, 0.0, 0.5, 0.5 ], "enabled": false },
						"east": { "texture": "#null", "uv": [ 0.0, 0.0, 0.5, 0.5 ], "enabled": false },
						"south": { "texture": "#null", "uv": [ 0.0, 0.0, 0.5, 0.5 ], "enabled": false },
						"west": { "texture": "#null", "uv": [ 0.0, 0.0, 0.5, 0.5 ], "enabled": false },
						"up": { "texture": "#null", "uv": [ 0.0, 0.0, 0.5, 0.5 ], "enabled": false },
						"down": { "texture": "#null", "uv": [ 0.0, 0.0, 0.5, 0.5 ], "enabled": false }
					},
					"children": [
						{
							"name": "prr3ring1",
							"from": [ -0.6187, 0.0, -0.6562 ],
							"to": [ -0.1687, 0.1125, -0.5437 ],
							"autoUnwrap": false,
							"uv": [ 3.0, 0.0 ],
							"faces": {
								"north": { "texture": "#piercingtex", "uv": [ 2.5, 3.0, 4.5, 4.0 ], "rotation": 180, "autoUv": false },
								"east": { "texture": "#piercingtex", "uv": [ 2.0, 2.0, 2.5, 3.0 ] },
								"south": { "texture": "#piercingtex", "uv": [ 2.5, 5.0, 4.5, 6.0 ], "autoUv": false },
								"west": { "texture": "#piercingtex", "uv": [ 4.5, 5.0, 5.0, 6.0 ] },
								"up": { "texture": "#piercingtex", "uv": [ 2.5, 2.0, 4.5, 3.0 ], "autoUv": false },
								"down": { "texture": "#piercingtex", "uv": [ 2.5, 4.0, 4.5, 5.0 ], "rotation": 180, "autoUv": false }
							}
						},
						{
							"name": "prr3ring2",
							"from": [ -0.8512, 0.0, -0.357 ],
							"to": [ -0.4013, 0.1125, -0.2445 ],
							"autoUnwrap": false,
							"uv": [ 5.0, 0.0 ],
							"rotationOrigin": [ -0.15, 0.0, 0.3188 ],
							"rotationY": -45.0,
							"faces": {
								"north": { "texture": "#piercingtex", "uv": [ 4.0, 3.0, 6.0, 4.0 ], "autoUv": false },
								"east": { "texture": "#piercingtex", "uv": [ 3.5, 2.0, 4.0, 3.0 ] },
								"south": { "texture": "#piercingtex", "uv": [ 4.0, 5.0, 6.0, 6.0 ], "autoUv": false },
								"west": { "texture": "#piercingtex", "uv": [ 6.0, 5.0, 6.5, 6.0 ] },
								"up": { "texture": "#piercingtex", "uv": [ 4.0, 2.0, 6.0, 3.0 ], "autoUv": false },
								"down": { "texture": "#piercingtex", "uv": [ 4.0, 4.0, 6.0, 5.0 ], "autoUv": false }
							}
						},
						{
							"name": "prr3ring3",
							"from": [ -1.2375, 0.0, -0.1875 ],
							"to": [ -0.7875, 0.1125, -0.075 ],
							"autoUnwrap": false,
							"uv": [ 7.0, 0.0 ],
							"rotationOrigin": [ -0.4687, 0.0, 0.4313 ],
							"rotationY": -90.0,
							"faces": {
								"north": { "texture": "#piercingtex", "uv": [ 5.5, 5.0, 7.5, 6.0 ], "rotation": 180, "autoUv": false },
								"east": { "texture": "#piercingtex", "uv": [ 5.0, 2.0, 5.5, 3.0 ] },
								"south": { "texture": "#piercingtex", "uv": [ 5.5, 3.0, 7.5, 4.0 ], "autoUv": false },
								"west": { "texture": "#piercingtex", "uv": [ 7.5, 5.0, 8.0, 6.0 ] },
								"up": { "texture": "#piercingtex", "uv": [ 5.5, 2.0, 7.5, 3.0 ], "autoUv": false },
								"down": { "texture": "#piercingtex", "uv": [ 5.5, 4.0, 7.5, 5.0 ], "rotation": 180, "autoUv": false }
							}
						},
						{
							"name": "prr3ring4",
							"from": [ -0.675, 0.0, -0.8625 ],
							"to": [ -0.225, 0.1125, -0.75 ],
							"autoUnwrap": false,
							"uv": [ 1.0, 0.0 ],
							"rotationOrigin": [ -0.1687, 0.0, -0.2812 ],
							"rotationY": 45.0,
							"faces": {
								"north": { "texture": "#piercingtex", "uv": [ 1.0, 3.0, 3.0, 4.0 ], "autoUv": false },
								"east": { "texture": "#piercingtex", "uv": [ 0.5, 2.0, 1.0, 3.0 ] },
								"south": { "texture": "#piercingtex", "uv": [ 1.0, 5.0, 3.0, 6.0 ], "autoUv": false },
								"west": { "texture": "#piercingtex", "uv": [ 3.0, 5.0, 3.5, 6.0 ] },
								"up": { "texture": "#piercingtex", "uv": [ 1.0, 2.0, 3.0, 3.0 ], "autoUv": false },
								"down": { "texture": "#piercingtex", "uv": [ 1.0, 4.0, 3.0, 5.0 ], "rotation": 180, "autoUv": false }
							}
						},
						{
							"name": "prr3ring5",
							"from": [ -0.6187, 0.0, 0.3203 ],
							"to": [ -0.1687, 0.1125, 0.4328 ],
							"autoUnwrap": false,
							"uv": [ 11.0, 0.0 ],
							"rotationOrigin": [ -0.825, 0.0, 0.0188 ],
							"faces": {
								"north": { "texture": "#piercingtex", "uv": [ 8.5, 3.0, 10.5, 4.0 ], "autoUv": false },
								"east": { "texture": "#piercingtex", "uv": [ 8.0, 2.0, 8.5, 3.0 ] },
								"south": { "texture": "#piercingtex", "uv": [ 8.5, 5.0, 10.5, 6.0 ], "autoUv": false },
								"west": { "texture": "#piercingtex", "uv": [ 10.5, 5.0, 11.0, 6.0 ] },
								"up": { "texture": "#piercingtex", "uv": [ 8.5, 2.0, 10.5, 3.0 ], "rotation": 180, "autoUv": false },
								"down": { "texture": "#piercingtex", "uv": [ 8.5, 4.0, 10.5, 5.0 ], "autoUv": false }
							}
						},
						{
							"name": "prr3ring6",
							"from": [ -0.6262, 0.0, -0.0023 ],
							"to": [ -0.1763, 0.1125, 0.1102 ],
							"autoUnwrap": false,
							"uv": [ 13.0, 0.0 ],
							"rotationOrigin": [ -0.7875, 0.0, -0.2625 ],
							"rotationY": -45.0,
							"faces": {
								"north": { "texture": "#piercingtex", "uv": [ 10.0, 3.0, 12.0, 4.0 ], "rotation": 180, "autoUv": false },
								"east": { "texture": "#piercingtex", "uv": [ 9.5, 2.0, 10.0, 3.0 ] },
								"south": { "texture": "#piercingtex", "uv": [ 10.0, 5.0, 12.0, 6.0 ], "autoUv": false },
								"west": { "texture": "#piercingtex", "uv": [ 12.0, 5.0, 12.5, 6.0 ] },
								"up": { "texture": "#piercingtex", "uv": [ 10.0, 2.0, 12.0, 3.0 ], "rotation": 180, "autoUv": false },
								"down": { "texture": "#piercingtex", "uv": [ 10.0, 4.0, 12.0, 5.0 ], "autoUv": false }
							}
						},
						{
							"name": "prr3ring7",
							"from": [ -0.4687, 0.0, -0.0188 ],
							"to": [ -0.0188, 0.1125, 0.0937 ],
							"autoUnwrap": false,
							"uv": [ 14.0, 2.0 ],
							"rotationOrigin": [ -0.4875, 0.0, -0.3562 ],
							"rotationY": -90.0,
							"faces": {
								"north": { "texture": "#piercingtex", "uv": [ 11.5, 3.0, 13.5, 4.0 ], "autoUv": false },
								"east": { "texture": "#piercingtex", "uv": [ 11.0, 2.0, 11.5, 3.0 ] },
								"south": { "texture": "#piercingtex", "uv": [ 11.5, 5.0, 13.5, 6.0 ], "autoUv": false },
								"west": { "texture": "#piercingtex", "uv": [ 13.5, 5.0, 14.0, 6.0 ] },
								"up": { "texture": "#piercingtex", "uv": [ 11.5, 2.0, 13.5, 3.0 ], "rotation": 180, "autoUv": false },
								"down": { "texture": "#piercingtex", "uv": [ 11.5, 4.0, 13.5, 5.0 ], "autoUv": false }
							}
						},
						{
							"name": "prr3ring8",
							"from": [ -0.4237, 0.0, 0.6338 ],
							"to": [ 0.0262, 0.1125, 0.7463 ],
							"autoUnwrap": false,
							"uv": [ 9.0, 0.0 ],
							"rotationOrigin": [ -0.675, 0.0, 0.2813 ],
							"rotationY": 45.0,
							"faces": {
								"north": { "texture": "#piercingtex", "uv": [ 7.0, 3.0, 9.0, 4.0 ], "autoUv": false },
								"east": { "texture": "#piercingtex", "uv": [ 6.5, 2.0, 7.0, 3.0 ] },
								"south": { "texture": "#piercingtex", "uv": [ 7.0, 5.0, 9.0, 6.0 ], "autoUv": false },
								"west": { "texture": "#piercingtex", "uv": [ 9.0, 5.0, 9.5, 6.0 ] },
								"up": { "texture": "#piercingtex", "uv": [ 7.0, 2.0, 9.0, 3.0 ], "rotation": 180, "autoUv": false },
								"down": { "texture": "#piercingtex", "uv": [ 7.0, 4.0, 9.0, 5.0 ], "autoUv": false }
							}
						}
					]
				}
			]
		}
	]}