[
  {
		"enabled": true,
		"code": "lupines-hunter",
		"traits": ["resourceful", "bowyer"],
		"gear": [
			{ "type": "item", "code": "game:clothes-head-hunter-cape" },
			{ "type": "item", "code": "game:clothes-shoulder-hunter-poncho" },
			{ "type": "item", "code": "game:clothes-upperbody-hunter-shirt" },
			{ "type": "item", "code": "game:clothes-upperbodyover-hunter-coat" },
			{ "type": "item", "code": "game:clothes-lowerbody-hunter-leggings" },
			{ "type": "item", "code": "game:clothes-foot-hunter-boots" },
			{ "type": "item", "code": "game:clothes-hand-hunter-gloves" }
		]
	},
  {
		"enabled": true,
		"code": "lupines-scavenger",
		"traits": ["pilferer", "furtive", "improviser"],
		"gear": [
			{ "type": "item", "code": "game:clothes-upperbody-malefactor-shirt" },
			{ "type": "item", "code": "game:clothes-upperbodyover-malefactor-tunic" },
			{ "type": "item", "code": "game:clothes-shoulder-malefactor-cloak" },
			{ "type": "item", "code": "game:clothes-lowerbody-malefactor-trousers" },
			{ "type": "item", "code": "game:clothes-foot-malefactor-boots" },
			{ "type": "item", "code": "game:clothes-face-malefactor-mask" },
			{ "type": "item", "code": "game:clothes-hand-malefactor-gloves" },
			{ "type": "item", "code": "game:clothes-waist-malefactor-sash" }
		]
	},
  {
		"enabled": true,
		"code": "lupines-guard",
		"traits": ["soldier", "merciless"],
		"gear": [
			{ "type": "item", "code": "game:clothes-upperbody-blackguard-shirt" },
			{ "type": "item", "code": "game:clothes-lowerbody-blackguard-leggings" },
			{ "type": "item", "code": "game:clothes-foot-blackguard-shoes" }
		]
	},
  {
		"enabled": false,
		"code": "lupines-savage",
		"traits": ["lupines-co-quick", "merciless"],
		"gear": [
			{ "type": "item", "code": "game:clothes-upperbody-blackguard-shirt" },
			{ "type": "item", "code": "game:clothes-lowerbody-blackguard-leggings" },
			{ "type": "item", "code": "game:clothes-foot-blackguard-shoes" }
		]
	},
  {
		"enabled": false,
		"code": "lupines-smith",
		"traits": [],
		"gear": [
		]
	},
  {
		"enabled": false,
		"code": "lupines-carver",
		"traits": [],
		"gear": [
		]
	}
]
