{
  "lupines:lupine": {
    "game:entity/humanoid/seraph/clothing/face/sheepskull": "lupines:clothing/face/sheepskull",
    "game:entity/humanoid/seraph/clothing/face/malefactor-mask": "lupines:clothing/face/malefactor-mask",
    "game:entity/humanoid/seraph/clothing/head/hunter-cape": "lupines:clothing/head/hunter-cape",
    "game:entity/humanoid/seraph/clothing/foot/hunter-boots": "lupines:clothing/foot/hunter-boots",
    "game:entity/humanoid/seraph/clothing/upperbodyover/shortsleeve": "lupines:clothing/upperbodyover/shortsleeve",
    "game:entity/humanoid/seraph/clothing/lowerbody/pants7": "lupines:clothing/lowerbody/pants7",
    "game:entity/humanoid/seraph/clothing/upperbody/longsleeve": "lupines:clothing/upperbody/longsleeve",
    "game:entity/humanoid/seraph/clothing/upperbodyover/longsleeve": "lupines:clothing/upperbodyover/longsleeve",
    "game:entity/humanoid/seraph/clothing/shoulder/longsleeve-hood": "lupines:clothing/shoulder/longsleeve-hood"
  },
  "lupines:wolp": {
    "game:entity/humanoid/seraph/clothing/face/sheepskull": "lupines:clothing/face/sheepskull",
    "game:entity/humanoid/seraph/clothing/face/malefactor-mask": "lupines:clothing/face/malefactor-mask",
    "game:entity/humanoid/seraph/clothing/head/hunter-cape": "lupines:clothing/head/hunter-cape",
    "game:entity/humanoid/seraph/clothing/foot/hunter-boots": "lupines:clothing/foot/hunter-boots",
    "game:entity/humanoid/seraph/clothing/upperbodyover/shortsleeve": "lupines:clothing/upperbodyover/shortsleeve",
    "game:entity/humanoid/seraph/clothing/lowerbody/pants7": "lupines:clothing/lowerbody/pants7",
    "game:entity/humanoid/seraph/clothing/upperbody/longsleeve": "lupines:clothing/upperbody/longsleeve",
    "game:entity/humanoid/seraph/clothing/upperbodyover/longsleeve": "lupines:clothing/upperbodyover/longsleeve",
    "game:entity/humanoid/seraph/clothing/shoulder/longsleeve-hood": "lupines:clothing/shoulder/longsleeve-hood"
    }
}
