[
  {
		"code": "lupines-agility",
		"type": "mixed",
		"attributes": {
			"maxhealthExtraPoints": -5.0,
			"sprintSpeed": 0.3,
			"jumpHeightMul": 0.21,
      "backwardSpeed": -0.1
		}
	},
  {
		"code": "lupines-hunger",
		"type": "mixed",
		"attributes": {
      "proteinNutritionFactor": 0.5,
      "fruitNutritionFactor": -0.5,
      "vegetableNutritionFactor": -0.5,
      "maxSaturationFactor": 0.33,
  		"wildCropDropRate": -0.5,
			"hungerrate": -0.2
		}
	},
  {
		"code": "lupines-fur",
		"type": "mixed",
		"attributes": {
      "warmthBonus": 12,
      "healingeffectivness": -0.5,
      "fireDamageFactor": 1
		}
	}
]
