{
  "textureWidth":16,
  "textureHeight":16,
  "textures":{
    "material":"game:block/metal/ingot/copper"
  },
  "textureSizes":{
    "material":[
      32,
      32
    ]
  },
  "elements":[
    {
      "name":"origin",
      "from":[
        11.0,
        0.5,
        7.699999988079071
      ],
      "to":[
        11.0,
        0.5,
        7.699999988079071
      ],
      "rotationOrigin":[
        8.0,
        0.0,
        8.0
      ],
      "group":"unv_metal_metalhead",
      "faces":{
        "north":{
          "texture":"#0",
          "uv":[
            0,
            0,
            4,
            4
          ],
          "autoUv":false
        },
        "east":{
          "texture":"#0",
          "uv":[
            0,
            0,
            4,
            4
          ],
          "autoUv":false
        },
        "south":{
          "texture":"#0",
          "uv":[
            0,
            0,
            4,
            4
          ],
          "autoUv":false
        },
        "west":{
          "texture":"#0",
          "uv":[
            0,
            0,
            4,
            4
          ],
          "autoUv":false
        },
        "up":{
          "texture":"#material",
          "uv":[
            0.0,
            0.0,
            1.0,
            1.0
          ],
          "autoUv":false,
          "rotation":180
        },
        "down":{
          "texture":"#0",
          "uv":[
            0,
            0,
            4,
            4
          ],
          "autoUv":false
        }
      },
      "children":[
        {
          "name":"unv_metal_metalhead 1",
          "from":[
            -5.663539916276932,
            -0.08843463659286499,
            0.12608936429023743
          ],
          "to":[
            -5.330884888768196,
            1.1505011916160583,
            0.4587443768978119
          ],
          "rotationOrigin":[
            -5.4972124099731445,
            0.5310332775115967,
            0.29241687059402466
          ],
          "rotationX":90.00002299504568,
          "rotationY":104.38321976436612,
          "rotationZ":-2.3041430581444884e-05,
          "group":"unv_metal_metalhead",
          "faces":{
            "north":{
              "texture":"#material",
              "uv":[
                13.0,
                16.0,
                12.0,
                18.00019931793213
              ],
              "autoUv":false,
              "rotation":270
            },
            "east":{
              "texture":"#material",
              "uv":[
                12.0,
                15.0,
                13.0,
                17.0
              ],
              "autoUv":false,
              "rotation":180
            },
            "south":{
              "texture":"#material",
              "uv":[
                12.0,
                16.0,
                13.0,
                18.00019931793213
              ],
              "autoUv":false,
              "rotation":90
            },
            "west":{
              "texture":"#material",
              "uv":[
                13.0,
                15.0,
                12.0,
                17.0
              ],
              "autoUv":false,
              "rotation":180
            },
            "up":{
              "texture":"#material",
              "uv":[
                19.0,
                15.0,
                20.0,
                16.0
              ],
              "autoUv":false,
              "rotation":90
            },
            "down":{
              "texture":"#material",
              "uv":[
                19.0,
                16.0,
                20.0,
                15.0
              ],
              "autoUv":false,
              "rotation":90
            }
          },
          "children":[]
        },
        {
          "name":"unv_metal_metalhead 2",
          "from":[
            -9.100249290466309,
            -0.069557785987854,
            0.13039568066596985
          ],
          "to":[
            -4.992819547653198,
            1.0695576667785645,
            0.4844072610139847
          ],
          "rotationOrigin":[
            -7.046534538269043,
            0.4999999403953552,
            0.30740147829055786
          ],
          "group":"unv_metal_metalhead",
          "faces":{
            "north":{
              "texture":"#material",
              "uv":[
                15.0,
                15.0,
                6.0,
                18.0
              ],
              "autoUv":false
            },
            "east":{
              "texture":"#material",
              "uv":[
                11.0,
                12.0,
                13.0,
                16.0
              ],
              "autoUv":false,
              "rotation":180
            },
            "south":{
              "texture":"#material",
              "uv":[
                6.0,
                15.0,
                15.0,
                18.0
              ],
              "autoUv":false
            },
            "west":{
              "texture":"#material",
              "uv":[
                12.0,
                13.0,
                11.0,
                16.0
              ],
              "autoUv":false,
              "rotation":180
            },
            "up":{
              "texture":"#material",
              "uv":[
                15.0,
                14.0,
                6.0,
                15.0
              ],
              "autoUv":false
            },
            "down":{
              "texture":"#material",
              "uv":[
                15.0,
                15.0,
                6.0,
                14.0
              ],
              "autoUv":false,
              "rotation":180
            }
          },
          "children":[]
        }
      ]
    }
  ],
  "groups":[]
}