{
	"editor": {
		"allAngles": true,
		"entityTextureMode": true
	},
	"textureWidth": 64,
	"textureHeight": 64,
	"textureSizes": {
	},
	"textures": {
	},
	"elements": [
		{
			"name": "_ArmorUpperLegR",
			"stepParentName": "UpperFootR",
			"from": [ -0.19, -0.5, -0.1 ],
			"to": [ 4.41, 9.0, 3.4 ],
			"autoUnwrap": false,
			"uv": [ 17.5, 40.5 ],
			"rotationOrigin": [ -0.2, -0.5, -0.1 ],
			"faces": {
				"north": { "texture": "#default", "uv": [ 16.0, 40.0, 20.5, 49.5 ] },
				"east": { "texture": "#default", "uv": [ 20.5, 40.0, 24.0, 49.5 ] },
				"south": { "texture": "#default", "uv": [ 24.0, 40.0, 28.5, 49.5 ] },
				"west": { "texture": "#default", "uv": [ 28.5, 40.0, 32.0, 49.5 ] },
				"up": { "texture": "#default", "uv": [ 32.0, 4.0, 36.5, 7.5 ] },
				"down": { "texture": "#default", "uv": [ 36.5, 4.0, 41.0, 7.5 ] }
			},
			"children": [
				{
					"name": "ArmorUpperLegR-Base",
					"from": [ 0.0, 0.0, 0.0 ],
					"to": [ 4.6, 9.5, 3.5 ],
					"autoUnwrap": false,
					"uv": [ 17.5, 40.5 ],
					"rotationOrigin": [ -0.01, 0.0, 0.0 ],
					"faces": {
						"north": { "texture": "#material1", "uv": [ 16.0, 40.0, 20.5, 49.5 ] },
						"east": { "texture": "#material1", "uv": [ 20.5, 40.0, 24.0, 49.5 ] },
						"south": { "texture": "#material1", "uv": [ 24.0, 40.0, 28.5, 49.5 ] },
						"west": { "texture": "#material1", "uv": [ 28.5, 40.0, 32.0, 49.5 ] },
						"up": { "texture": "#material1", "uv": [ 32.0, 4.0, 36.5, 7.5 ] },
						"down": { "texture": "#material1", "uv": [ 36.5, 4.0, 41.0, 7.5 ] }
					}
				}
			]
		},
		{
			"name": "_ArmorUpperLegL",
			"stepParentName": "UpperFootL",
			"from": [ -0.19, -0.5, -0.2 ],
			"to": [ 4.41, 9.0, 3.3 ],
			"autoUnwrap": false,
			"uv": [ 0.0, 40.0 ],
			"rotationOrigin": [ -0.2, -0.5, -0.2 ],
			"faces": {
				"north": { "texture": "#default", "uv": [ 0.0, 40.0, 4.5, 49.5 ] },
				"east": { "texture": "#default", "uv": [ 4.5, 40.0, 8.0, 49.5 ] },
				"south": { "texture": "#default", "uv": [ 8.0, 40.0, 12.5, 49.5 ] },
				"west": { "texture": "#default", "uv": [ 12.5, 40.0, 16.0, 49.5 ] },
				"up": { "texture": "#default", "uv": [ 32.0, 0.5, 36.5, 4.0 ] },
				"down": { "texture": "#default", "uv": [ 36.5, 0.5, 41.0, 4.0 ] }
			},
			"children": [
				{
					"name": "ArmorUpperLegL-Base",
					"from": [ 0.0, 0.0, 0.0 ],
					"to": [ 4.6, 9.5, 3.5 ],
					"autoUnwrap": false,
					"uv": [ 0.0, 40.0 ],
					"rotationOrigin": [ -0.01, 0.0, 0.0 ],
					"faces": {
						"north": { "texture": "#material1", "uv": [ 0.0, 40.0, 4.5, 49.5 ] },
						"east": { "texture": "#material1", "uv": [ 4.5, 40.0, 8.0, 49.5 ] },
						"south": { "texture": "#material1", "uv": [ 8.0, 40.0, 12.5, 49.5 ] },
						"west": { "texture": "#material1", "uv": [ 12.5, 40.0, 16.0, 49.5 ] },
						"up": { "texture": "#material1", "uv": [ 32.0, 0.5, 36.5, 4.0 ] },
						"down": { "texture": "#material1", "uv": [ 36.5, 0.5, 41.0, 4.0 ] }
					}
				}
			]
		},
		{
			"name": "_ArmorLowerLegR",
			"stepParentName": "LowerFootR",
			"from": [ -0.3, -0.2, -0.15 ],
			"to": [ 3.4, 5.3, 3.35 ],
			"uv": [ 16.0, 51.0 ],
			"rotationOrigin": [ -0.3, -0.2, -0.3 ],
			"faces": {
				"north": { "texture": "#default", "uv": [ 16.0, 54.5, 19.5, 60.0 ] },
				"east": { "texture": "#default", "uv": [ 19.5, 54.5, 23.0, 60.0 ] },
				"south": { "texture": "#default", "uv": [ 23.0, 54.5, 26.5, 60.0 ] },
				"west": { "texture": "#default", "uv": [ 26.5, 54.5, 30.0, 60.0 ] },
				"up": { "texture": "#default", "uv": [ 16.0, 51.0, 19.5, 54.5 ] },
				"down": { "texture": "#default", "uv": [ 19.5, 51.0, 23.0, 54.5 ] }
			},
			"children": [
				{
					"name": "ArmorLowerLegR-Base",
					"from": [ 0.0, 0.0, 0.0 ],
					"to": [ 3.7, 5.21, 3.5 ],
					"uv": [ 16.0, 51.0 ],
					"rotationOrigin": [ 0.0, 0.0, -0.15 ],
					"faces": {
						"north": { "texture": "#material1", "uv": [ 16.0, 54.5, 19.5, 59.5 ] },
						"east": { "texture": "#material1", "uv": [ 19.5, 54.5, 23.0, 59.5 ] },
						"south": { "texture": "#material1", "uv": [ 23.0, 54.5, 26.5, 59.5 ] },
						"west": { "texture": "#material1", "uv": [ 26.5, 54.5, 30.0, 59.5 ] },
						"up": { "texture": "#material1", "uv": [ 16.0, 51.0, 19.5, 54.5 ] },
						"down": { "texture": "#material1", "uv": [ 19.5, 51.0, 23.0, 54.5 ] }
					},
					"children": [
						{
							"name": "ArmorLowerLegR-Base-1",
							"from": [ -0.01, -0.01, -0.01 ],
							"to": [ 3.71, 2.49, 3.51 ],
							"uv": [ 16.0, 51.0 ],
							"rotationOrigin": [ 0.0, 0.0, -0.15 ],
							"faces": {
								"north": { "texture": "#material2", "uv": [ 16.0, 54.5, 19.5, 57.0 ] },
								"east": { "texture": "#material2", "uv": [ 19.5, 54.5, 23.0, 57.0 ] },
								"south": { "texture": "#material2", "uv": [ 23.0, 54.5, 26.5, 57.0 ] },
								"west": { "texture": "#material2", "uv": [ 26.5, 54.5, 30.0, 57.0 ] },
								"up": { "texture": "#material2", "uv": [ 16.0, 51.0, 19.5, 54.5 ] },
								"down": { "texture": "#material2", "uv": [ 19.5, 51.0, 23.0, 54.5 ] }
							}
						},
						{
							"name": "ArmorLowerLegR-Base-2",
							"from": [ 0.2, 4.0, 0.09 ],
							"to": [ 4.1, 6.21, 3.2 ],
							"uv": [ 16.0, 51.0 ],
							"rotationOrigin": [ 0.2, 4.0, -0.05 ],
							"faces": {
								"north": { "texture": "#material1", "uv": [ 16.0, 54.0, 19.5, 56.0 ] },
								"east": { "texture": "#material1", "uv": [ 19.5, 54.0, 22.5, 56.0 ] },
								"south": { "texture": "#material1", "uv": [ 22.5, 54.0, 26.0, 56.0 ] },
								"west": { "texture": "#material1", "uv": [ 26.0, 54.0, 29.0, 56.0 ] },
								"up": { "texture": "#material1", "uv": [ 16.0, 51.0, 19.5, 54.0 ] },
								"down": { "texture": "#material1", "uv": [ 19.5, 51.0, 23.0, 54.0 ] }
							}
						},
						{
							"name": "ArmorLowerLegR-Base-48",
							"from": [ -0.02, -0.02, -0.02 ],
							"to": [ 3.72, 1.98, 3.52 ],
							"uv": [ 16.0, 51.0 ],
							"rotationOrigin": [ 0.0, 0.0, -0.15 ],
							"faces": {
								"north": { "texture": "#material4", "uv": [ 16.0, 54.5, 19.5, 56.5 ] },
								"east": { "texture": "#material4", "uv": [ 19.5, 54.5, 23.0, 56.5 ] },
								"south": { "texture": "#material4", "uv": [ 23.0, 54.5, 26.5, 56.5 ] },
								"west": { "texture": "#material4", "uv": [ 26.5, 54.5, 30.0, 56.5 ] },
								"up": { "texture": "#material4", "uv": [ 16.0, 51.0, 19.5, 54.5 ] },
								"down": { "texture": "#material4", "uv": [ 19.5, 51.0, 23.0, 54.5 ] }
							}
						}
					]
				}
			]
		},
		{
			"name": "_ArmorLowerLegL",
			"stepParentName": "LowerFootL",
			"from": [ -0.3, -0.2, -0.35 ],
			"to": [ 3.4, 5.3, 3.16 ],
			"uv": [ 0.0, 51.0 ],
			"rotationOrigin": [ -0.3, -0.2, -0.5 ],
			"faces": {
				"north": { "texture": "#default", "uv": [ 0.0, 54.5, 3.5, 60.0 ] },
				"east": { "texture": "#default", "uv": [ 3.5, 54.5, 7.0, 60.0 ] },
				"south": { "texture": "#default", "uv": [ 7.0, 54.5, 10.5, 60.0 ] },
				"west": { "texture": "#default", "uv": [ 10.5, 54.5, 14.0, 60.0 ] },
				"up": { "texture": "#default", "uv": [ 0.0, 51.0, 3.5, 54.5 ] },
				"down": { "texture": "#default", "uv": [ 3.5, 51.0, 7.0, 54.5 ] }
			},
			"children": [
				{
					"name": "ArmorLowerLegL-Base",
					"from": [ 0.0, 0.0, 0.0 ],
					"to": [ 3.7, 5.21, 3.5 ],
					"uv": [ 0.0, 51.0 ],
					"rotationOrigin": [ 0.0, 0.0, -0.15 ],
					"faces": {
						"north": { "texture": "#material1", "uv": [ 0.0, 54.5, 3.5, 59.5 ] },
						"east": { "texture": "#material1", "uv": [ 3.5, 54.5, 7.0, 59.5 ] },
						"south": { "texture": "#material1", "uv": [ 7.0, 54.5, 10.5, 59.5 ] },
						"west": { "texture": "#material1", "uv": [ 10.5, 54.5, 14.0, 59.5 ] },
						"up": { "texture": "#material1", "uv": [ 0.0, 51.0, 3.5, 54.5 ] },
						"down": { "texture": "#material1", "uv": [ 3.5, 51.0, 7.0, 54.5 ] }
					},
					"children": [
						{
							"name": "ArmorLowerLegL-Base-1",
							"from": [ -0.01, -0.01, -0.01 ],
							"to": [ 3.71, 2.49, 3.51 ],
							"uv": [ 0.0, 51.0 ],
							"rotationOrigin": [ 0.0, 0.0, -0.15 ],
							"faces": {
								"north": { "texture": "#material2", "uv": [ 0.0, 54.5, 3.5, 57.0 ] },
								"east": { "texture": "#material2", "uv": [ 3.5, 54.5, 7.0, 57.0 ] },
								"south": { "texture": "#material2", "uv": [ 7.0, 54.5, 10.5, 57.0 ] },
								"west": { "texture": "#material2", "uv": [ 10.5, 54.5, 14.0, 57.0 ] },
								"up": { "texture": "#material2", "uv": [ 0.0, 51.0, 3.5, 54.5 ] },
								"down": { "texture": "#material2", "uv": [ 3.5, 51.0, 7.0, 54.5 ] }
							}
						},
						{
							"name": "ArmorLowerLegL-Base-2",
							"from": [ 0.2, 4.0, 0.3 ],
							"to": [ 4.1, 6.21, 3.41 ],
							"uv": [ 0.0, 51.0 ],
							"rotationOrigin": [ 0.2, 4.0, 0.15 ],
							"faces": {
								"north": { "texture": "#material1", "uv": [ 0.0, 54.0, 3.5, 56.0 ] },
								"east": { "texture": "#material1", "uv": [ 3.5, 54.0, 6.5, 56.0 ] },
								"south": { "texture": "#material1", "uv": [ 6.5, 54.0, 10.0, 56.0 ] },
								"west": { "texture": "#material1", "uv": [ 10.0, 54.0, 13.0, 56.0 ] },
								"up": { "texture": "#material1", "uv": [ 0.0, 51.0, 3.5, 54.0 ] },
								"down": { "texture": "#material1", "uv": [ 3.5, 51.0, 7.0, 54.0 ] }
							}
						},
						{
							"name": "ArmorLowerLegL-Base-47",
							"from": [ -0.02, -0.02, -0.02 ],
							"to": [ 3.72, 1.98, 3.52 ],
							"uv": [ 0.0, 51.0 ],
							"rotationOrigin": [ 0.0, 0.0, -0.15 ],
							"faces": {
								"north": { "texture": "#material4", "uv": [ 0.0, 54.5, 3.5, 56.5 ] },
								"east": { "texture": "#material4", "uv": [ 3.5, 54.5, 7.0, 56.5 ] },
								"south": { "texture": "#material4", "uv": [ 7.0, 54.5, 10.5, 56.5 ] },
								"west": { "texture": "#material4", "uv": [ 10.5, 54.5, 14.0, 56.5 ] },
								"up": { "texture": "#material4", "uv": [ 0.0, 51.0, 3.5, 54.5 ] },
								"down": { "texture": "#material4", "uv": [ 3.5, 51.0, 7.0, 54.5 ] }
							}
						}
					]
				}
			]
		}
	]}