{
	"editor": {
		"collapsedPaths": ",Root/root/LowerTorso/UpperTorso/Neck/Head/EarBR,Root/root/LowerTorso/UpperTorso/Neck/Head/EarR,Root/root/LowerTorso/UpperTorso/Neck/Head/Snoot,Root/root/LowerTorso/UpperTorso/Neck/Head/MuzzleB,Root/headbase",
		"allAngles": true,
		"entityTextureMode": true
	},
	"textureWidth": 32,
	"textureHeight": 76,
	"textureSizes": {
		"fur-main": [32,76]
	},
	"textures": {
		"fur-main": "C:/Users/domin/AppData/Roaming/VintagestoryData/Mods/LupineRace/assets/lupines/textures/fur/fur-main"
	},
	"elements": [
		{
			"name": "root",
			"from": [ 0.0, 0.0, 0.0 ],
			"to": [ 0.0, 0.0, 0.0 ],
			"uv": [ 69.0, 69.0 ],
			"rotationOrigin": [ 8.0, 0.0, 8.0 ],
			"faces": {
				"north": { "texture": "#fur-main", "uv": [ 0.0, 0.0, 0.5, 0.5 ], "enabled": false },
				"east": { "texture": "#fur-main", "uv": [ 0.0, 0.0, 0.5, 0.5 ], "enabled": false },
				"south": { "texture": "#fur-main", "uv": [ 0.0, 0.0, 0.5, 0.5 ], "enabled": false },
				"west": { "texture": "#fur-main", "uv": [ 0.0, 0.0, 0.5, 0.5 ], "enabled": false },
				"up": { "texture": "#fur-main", "uv": [ 0.0, 0.0, 0.5, 0.5 ], "enabled": false },
				"down": { "texture": "#fur-main", "uv": [ 0.0, 0.0, 0.5, 0.5 ], "enabled": false }
			},
			"children": [
				{
					"name": "LowerTorso",
					"from": [ 6.5, 15.0, 5.75 ],
					"to": [ 10.5, 21.0, 10.25 ],
					"autoUnwrap": false,
					"uv": [ 15.0, 0.0 ],
					"rotationOrigin": [ 8.0, 16.0, 8.0 ],
					"rotationZ": 6.0,
					"faces": {
						"north": { "texture": "#fur-main", "uv": [ 15.0, 4.0, 19.0, 10.0 ] },
						"east": { "texture": "#fur-main", "uv": [ 27.5, 4.0, 32.0, 10.0 ] },
						"south": { "texture": "#fur-main", "uv": [ 23.5, 4.0, 27.5, 10.0 ] },
						"west": { "texture": "#fur-main", "uv": [ 19.0, 4.0, 23.5, 10.0 ] },
						"up": { "texture": "#fur-main", "uv": [ 15.0, 0.0, 19.5, 4.0 ], "rotation": 90, "windMode": [-1,-1,-1,-1], "windData": [1,1,1,1] },
						"down": { "texture": "#fur-main", "uv": [ 19.5, 0.0, 24.0, 4.0 ], "rotation": 90, "windMode": [-1,-1,-1,-1] }
					},
					"children": [
						{
							"name": "UpperTorso",
							"from": [ -0.5, 5.3, -0.5 ],
							"to": [ 4.5, 10.8, 5.0 ],
							"autoUnwrap": false,
							"uv": [ 0.0, 12.0 ],
							"rotationOrigin": [ 2.0, 6.0, 2.25 ],
							"rotationZ": -10.0,
							"faces": {
								"north": { "texture": "#fur-main", "uv": [ 0.0, 10.0, 5.0, 15.5 ] },
								"east": { "texture": "#fur-main", "uv": [ 5.5, 15.5, 11.0, 21.0 ] },
								"south": { "texture": "#fur-main", "uv": [ 10.5, 10.0, 15.5, 15.5 ] },
								"west": { "texture": "#fur-main", "uv": [ 5.0, 10.0, 10.5, 15.5 ] },
								"up": { "texture": "#fur-main", "uv": [ 0.0, 15.5, 5.5, 20.5 ], "rotation": 90 },
								"down": { "texture": "#fur-main", "uv": [ 11.0, 15.5, 16.5, 20.5 ], "rotation": 90 }
							},
							"children": [
								{
									"name": "UpperArmR",
									"from": [ 1.0, -2.1, -1.5 ],
									"to": [ 4.0, 4.9, 1.0 ],
									"unwrapMode": 4,
									"autoUnwrap": false,
									"uv": [ 0.0, 24.0 ],
									"rotationOrigin": [ 2.0, 4.7, 0.0 ],
									"rotationX": 10.0,
									"rotationZ": 7.0,
									"faces": {
										"north": { "texture": "#fur-main", "uv": [ 0.0, 2.5, 3.0, 9.5 ], "enabled": false },
										"east": { "texture": "#fur-main", "uv": [ 3.0, 2.5, 5.5, 9.5 ], "enabled": false },
										"south": { "texture": "#fur-main", "uv": [ 5.5, 2.5, 8.5, 9.5 ], "enabled": false },
										"west": { "texture": "#fur-main", "uv": [ 8.5, 2.5, 11.0, 9.5 ], "enabled": false },
										"up": { "texture": "#fur-main", "uv": [ 0.0, 0.0, 3.0, 2.5 ], "windMode": [-1,-1,-1,-1], "windData": [1,1,1,1], "enabled": false },
										"down": { "texture": "#fur-main", "uv": [ 3.0, 0.0, 6.0, 2.5 ], "windMode": [-1,-1,-1,-1], "windData": [1,1,1,1], "enabled": false }
									},
									"children": [
										{
											"name": "LowerArmR",
											"from": [ 0.2, -7.3, 0.3 ],
											"to": [ 2.7, 0.7, 2.3 ],
											"unwrapMode": 4,
											"autoUnwrap": false,
											"uv": [ 0.0, 31.0 ],
											"rotationOrigin": [ 1.4, 0.7, 1.3 ],
											"rotationX": -6.0,
											"rotationZ": -8.0,
											"faces": {
												"north": { "texture": "#fur-main", "uv": [ 0.0, 36.0, 2.5, 44.0 ] },
												"east": { "texture": "#fur-main", "uv": [ 7.0, 36.0, 9.0, 44.0 ] },
												"south": { "texture": "#fur-main", "uv": [ 4.5, 36.0, 7.0, 44.0 ] },
												"west": { "texture": "#fur-main", "uv": [ 2.5, 36.0, 4.5, 44.0 ] },
												"up": { "texture": "#fur-main", "uv": [ 18.0, 41.5, 20.0, 44.0 ], "rotation": 90 },
												"down": { "texture": "#fur-main", "uv": [ 20.0, 41.5, 22.0, 44.0 ], "rotation": 90 }
											},
											"children": [
												{
													"name": "PawR",
													"from": [ 0.25, -2.5, -0.5 ],
													"to": [ 2.25, 0.5, 0.5 ],
													"unwrapMode": 1,
													"uv": [ 0.0, 71.0 ],
													"rotationOrigin": [ 1.0, 0.5, 0.0 ],
													"rotationZ": 3.0,
													"faces": {
														"north": { "texture": "#fur-main", "uv": [ 0.0, 0.0, 2.0, 3.0 ], "enabled": false },
														"east": { "texture": "#fur-main", "uv": [ 0.0, 0.0, 1.0, 3.0 ], "enabled": false },
														"south": { "texture": "#fur-main", "uv": [ 0.0, 0.0, 2.0, 3.0 ], "enabled": false },
														"west": { "texture": "#fur-main", "uv": [ 0.0, 0.0, 1.0, 3.0 ], "enabled": false },
														"up": { "texture": "#fur-main", "uv": [ 0.0, 0.0, 2.0, 1.0 ], "rotation": 180, "enabled": false },
														"down": { "texture": "#fur-main", "uv": [ 0.0, 0.0, 2.0, 1.0 ], "enabled": false }
													},
													"children": [
														{
															"name": "ItemAnchor",
															"from": [ 1.5262, 3.0, 0.5 ],
															"to": [ 1.5262, 3.0, 0.5 ],
															"uv": [ 0.0, 0.0 ],
															"rotationOrigin": [ 1.0262, 1.5, 0.5 ],
															"rotationZ": -3.0,
															"faces": {
																"north": { "texture": "#fur-main", "uv": [ 0.0, 0.0, 0.5, 0.5 ], "enabled": false },
																"east": { "texture": "#fur-main", "uv": [ 0.0, 0.0, 0.5, 0.5 ], "enabled": false },
																"south": { "texture": "#fur-main", "uv": [ 0.0, 0.0, 0.5, 0.5 ], "enabled": false },
																"west": { "texture": "#fur-main", "uv": [ 0.0, 0.0, 0.5, 0.5 ], "enabled": false },
																"up": { "texture": "#fur-main", "uv": [ 0.0, 0.0, 0.5, 0.5 ], "enabled": false },
																"down": { "texture": "#fur-main", "uv": [ 0.0, 0.0, 0.5, 0.5 ], "enabled": false }
															},
															"attachmentpoints": [
																{
																	"code": "RightHand",
																	"posX": "0.0","posY": "0.0","posZ": "0.0",
																	"rotationX": "0.0","rotationY": "-180.0","rotationZ": "0.0"
																}
															]
														}
													]
												}
											]
										},
										{
											"name": "UpperArmRV",
											"from": [ 0.0, 2.0, 0.0 ],
											"to": [ 3.0, 7.0, 2.5 ],
											"unwrapMode": 4,
											"autoUnwrap": false,
											"uv": [ 1.5, 21.0 ],
											"rotationOrigin": [ 0.0, 2.0, 0.0 ],
											"faces": {
												"north": { "texture": "#fur-main", "uv": [ 0.0, 29.0, 3.0, 34.0 ] },
												"east": { "texture": "#fur-main", "uv": [ 8.5, 29.0, 11.0, 34.0 ] },
												"south": { "texture": "#fur-main", "uv": [ 5.5, 29.0, 8.5, 34.0 ] },
												"west": { "texture": "#fur-main", "uv": [ 3.0, 29.0, 5.5, 34.0 ] },
												"up": { "texture": "#fur-main", "uv": [ 22.0, 30.0, 24.5, 33.0 ], "rotation": 90 },
												"down": { "texture": "#fur-main", "uv": [ 24.5, 30.0, 27.0, 33.0 ], "rotation": 90 }
											},
											"children": [
												{
													"name": "UpperArmFluffR",
													"from": [ 0.0, -1.0, 0.0 ],
													"to": [ 3.0, 0.0, 2.5 ],
													"unwrapMode": 1,
													"uv": [ 18.0, 40.5 ],
													"rotationOrigin": [ 0.0, -1.0, 0.0 ],
													"faces": {
														"north": { "texture": "#fur-main", "uv": [ 20.5, 40.5, 23.5, 41.5 ] },
														"east": { "texture": "#fur-main", "uv": [ 18.0, 40.5, 20.5, 41.5 ] },
														"south": { "texture": "#fur-main", "uv": [ 26.0, 40.5, 29.0, 41.5 ], "enabled": false },
														"west": { "texture": "#fur-main", "uv": [ 23.5, 40.5, 26.0, 41.5 ] },
														"up": { "texture": "#fur-main", "uv": [ 20.5, 40.5, 23.5, 43.0 ], "rotation": 180, "enabled": false },
														"down": { "texture": "#fur-main", "uv": [ 20.5, 41.5, 23.5, 44.0 ], "enabled": false }
													}
												},
												{
													"name": "MidArmBitR",
													"from": [ 0.25, -2.0, 0.25 ],
													"to": [ 2.75, 0.0, 2.25 ],
													"unwrapMode": 4,
													"autoUnwrap": false,
													"uv": [ 20.5, 34.5 ],
													"rotationOrigin": [ 0.25, -2.0, 0.25 ],
													"faces": {
														"north": { "texture": "#fur-main", "uv": [ 0.0, 34.0, 2.5, 36.0 ] },
														"east": { "texture": "#fur-main", "uv": [ 7.0, 34.0, 9.0, 36.0 ] },
														"south": { "texture": "#fur-main", "uv": [ 4.5, 34.0, 7.0, 36.0 ] },
														"west": { "texture": "#fur-main", "uv": [ 2.5, 34.0, 4.5, 36.0 ] },
														"up": { "texture": "#fur-main", "uv": [ 23.0, 34.5, 25.0, 37.0 ], "rotation": 90, "enabled": false },
														"down": { "texture": "#fur-main", "uv": [ 18.0, 41.5, 20.0, 44.0 ], "rotation": 90 }
													}
												}
											]
										}
									]
								},
								{
									"name": "UpperArmL",
									"from": [ 1.0, -2.1, 4.5 ],
									"to": [ 4.0, 4.9, 7.0 ],
									"unwrapMode": 4,
									"autoUnwrap": false,
									"uv": [ 13.5, 23.0 ],
									"rotationOrigin": [ 2.0, 4.7, 5.5 ],
									"rotationX": -10.0,
									"rotationZ": 7.0,
									"faces": {
										"north": { "texture": "#fur-main", "uv": [ 0.0, 2.5, 3.0, 9.5 ], "enabled": false },
										"east": { "texture": "#fur-main", "uv": [ 3.0, 2.5, 5.5, 9.5 ], "enabled": false },
										"south": { "texture": "#fur-main", "uv": [ 5.5, 2.5, 8.5, 9.5 ], "enabled": false },
										"west": { "texture": "#fur-main", "uv": [ 8.5, 2.5, 11.0, 9.5 ], "enabled": false },
										"up": { "texture": "#fur-main", "uv": [ 0.0, 0.0, 3.0, 2.5 ], "enabled": false },
										"down": { "texture": "#fur-main", "uv": [ 3.0, 0.0, 6.0, 2.5 ], "enabled": false }
									},
									"children": [
										{
											"name": "LowerArmL",
											"from": [ 0.2, -7.3, 0.2 ],
											"to": [ 2.7, 0.7, 2.2 ],
											"unwrapMode": 4,
											"autoUnwrap": false,
											"uv": [ 11.5, 31.0 ],
											"rotationOrigin": [ 1.4, 0.7, 1.2 ],
											"rotationX": 6.0,
											"rotationZ": -8.0,
											"faces": {
												"north": { "texture": "#fur-main", "uv": [ 11.0, 36.0, 13.5, 44.0 ] },
												"east": { "texture": "#fur-main", "uv": [ 9.0, 36.0, 11.0, 44.0 ] },
												"south": { "texture": "#fur-main", "uv": [ 15.5, 36.0, 18.0, 44.0 ] },
												"west": { "texture": "#fur-main", "uv": [ 13.5, 36.0, 15.5, 44.0 ] },
												"up": { "texture": "#fur-main", "uv": [ 24.0, 41.5, 26.0, 44.0 ], "rotation": 90, "windMode": [-1,-1,-1,-1], "windData": [1,1,1,1] },
												"down": { "texture": "#fur-main", "uv": [ 22.0, 41.5, 24.0, 44.0 ], "rotation": 90, "windMode": [-1,-1,-1,-1] }
											},
											"children": [
												{
													"name": "PawL",
													"from": [ 0.25, -2.5, 1.5 ],
													"to": [ 2.25, 0.5, 2.5 ],
													"unwrapMode": 3,
													"uv": [ 6.0, 71.0 ],
													"rotationOrigin": [ 1.0, 0.5, 1.0 ],
													"rotationZ": 3.0,
													"faces": {
														"north": { "texture": "#fur-main", "uv": [ 0.0, 0.0, 2.0, 3.0 ], "enabled": false },
														"east": { "texture": "#fur-main", "uv": [ 0.0, 0.0, 1.0, 3.0 ], "enabled": false },
														"south": { "texture": "#fur-main", "uv": [ 0.0, 0.0, 2.0, 3.0 ], "enabled": false },
														"west": { "texture": "#fur-main", "uv": [ 0.0, 0.0, 1.0, 3.0 ], "enabled": false },
														"up": { "texture": "#fur-main", "uv": [ 0.0, 0.0, 2.0, 1.0 ], "enabled": false },
														"down": { "texture": "#fur-main", "uv": [ 0.0, 0.0, 2.0, 1.0 ], "rotation": 180, "enabled": false }
													},
													"children": [
														{
															"name": "ItemAnchorL",
															"from": [ 1.5262, 2.9993, 0.5 ],
															"to": [ 1.5262, 2.9993, 0.5 ],
															"uv": [ 0.0, 0.0 ],
															"rotationOrigin": [ 1.0262, 1.5, 0.5 ],
															"rotationZ": -3.0,
															"faces": {
																"north": { "texture": "#fur-main", "uv": [ 0.0, 0.0, 0.5, 0.5 ], "enabled": false },
																"east": { "texture": "#fur-main", "uv": [ 0.0, 0.0, 0.5, 0.5 ], "enabled": false },
																"south": { "texture": "#fur-main", "uv": [ 0.0, 0.0, 0.5, 0.5 ], "enabled": false },
																"west": { "texture": "#fur-main", "uv": [ 0.0, 0.0, 0.5, 0.5 ], "enabled": false },
																"up": { "texture": "#fur-main", "uv": [ 0.0, 0.0, 0.5, 0.5 ], "enabled": false },
																"down": { "texture": "#fur-main", "uv": [ 0.0, 0.0, 0.5, 0.5 ], "enabled": false }
															},
															"attachmentpoints": [
																{
																	"code": "LeftHand",
																	"posX": "0.0","posY": "0.0","posZ": "0.0",
																	"rotationX": "0.0","rotationY": "-180.0","rotationZ": "0.0"
																}
															]
														}
													]
												}
											]
										},
										{
											"name": "ShoulderAttachment",
											"from": [ 3.0, 5.0, 2.0 ],
											"to": [ 3.0, 5.0, 2.0 ],
											"uv": [ 0.0, 0.0 ],
											"rotationOrigin": [ 3.0, 5.0, 2.0 ],
											"faces": {
												"north": { "texture": "#fur-main", "uv": [ 0.0, 0.0, 0.5, 0.5 ], "enabled": false },
												"east": { "texture": "#fur-main", "uv": [ 0.0, 0.0, 0.5, 0.5 ], "enabled": false },
												"south": { "texture": "#fur-main", "uv": [ 0.0, 0.0, 0.5, 0.5 ], "enabled": false },
												"west": { "texture": "#fur-main", "uv": [ 0.0, 0.0, 0.5, 0.5 ], "enabled": false },
												"up": { "texture": "#fur-main", "uv": [ 0.0, 0.0, 0.5, 0.5 ], "enabled": false },
												"down": { "texture": "#fur-main", "uv": [ 0.0, 0.0, 0.5, 0.5 ], "enabled": false }
											}
										},
										{
											"name": "UpperArmLV",
											"from": [ 0.0, 2.0, 0.0 ],
											"to": [ 3.0, 7.0, 2.5 ],
											"unwrapMode": 4,
											"autoUnwrap": false,
											"uv": [ 13.5, 20.0 ],
											"rotationOrigin": [ 0.0, 2.0, 0.0 ],
											"faces": {
												"north": { "texture": "#fur-main", "uv": [ 13.5, 29.0, 16.5, 34.0 ] },
												"east": { "texture": "#fur-main", "uv": [ 11.0, 29.0, 13.5, 34.0 ] },
												"south": { "texture": "#fur-main", "uv": [ 19.0, 29.0, 22.0, 34.0 ] },
												"west": { "texture": "#fur-main", "uv": [ 16.5, 29.0, 19.0, 34.0 ] },
												"up": { "texture": "#fur-main", "uv": [ 29.5, 30.0, 32.0, 33.0 ], "rotation": 90 },
												"down": { "texture": "#fur-main", "uv": [ 27.0, 30.0, 29.5, 33.0 ], "rotation": 90 }
											},
											"children": [
												{
													"name": "UpperArmFluffL",
													"from": [ 0.0, -1.0, 0.0 ],
													"to": [ 3.0, 0.0, 2.5 ],
													"unwrapMode": 3,
													"uv": [ 18.0, 39.5 ],
													"rotationOrigin": [ 0.0, -1.0, 0.0 ],
													"faces": {
														"north": { "texture": "#fur-main", "uv": [ 26.0, 39.5, 29.0, 40.5 ], "enabled": false },
														"east": { "texture": "#fur-main", "uv": [ 23.5, 39.5, 26.0, 40.5 ] },
														"south": { "texture": "#fur-main", "uv": [ 20.5, 39.5, 23.5, 40.5 ] },
														"west": { "texture": "#fur-main", "uv": [ 18.0, 39.5, 20.5, 40.5 ] },
														"up": { "texture": "#fur-main", "uv": [ 20.5, 39.5, 23.5, 42.0 ], "enabled": false },
														"down": { "texture": "#fur-main", "uv": [ 20.5, 40.5, 23.5, 43.0 ], "rotation": 180, "enabled": false }
													}
												},
												{
													"name": "MidArmBitL",
													"from": [ 0.25, -2.0, 0.25 ],
													"to": [ 2.75, 0.0, 2.25 ],
													"unwrapMode": 4,
													"autoUnwrap": false,
													"uv": [ 13.5, 24.5 ],
													"rotationOrigin": [ 0.25, -2.0, 0.25 ],
													"faces": {
														"north": { "texture": "#fur-main", "uv": [ 11.0, 34.0, 13.5, 36.0 ] },
														"east": { "texture": "#fur-main", "uv": [ 9.0, 34.0, 11.0, 36.0 ] },
														"south": { "texture": "#fur-main", "uv": [ 15.5, 34.0, 18.0, 36.0 ] },
														"west": { "texture": "#fur-main", "uv": [ 13.5, 34.0, 15.5, 36.0 ] },
														"up": { "texture": "#fur-main", "uv": [ 16.0, 24.5, 18.0, 27.0 ], "rotation": 90, "enabled": false },
														"down": { "texture": "#fur-main", "uv": [ 24.0, 41.5, 26.0, 44.0 ], "rotation": 90 }
													}
												}
											]
										}
									]
								},
								{
									"name": "Neck",
									"from": [ 1.5, 4.3, 1.25 ],
									"to": [ 4.5, 8.3, 4.25 ],
									"unwrapMode": 4,
									"uv": [ 16.0, 10.0 ],
									"rotationOrigin": [ 3.2, 4.6, 2.75 ],
									"rotationZ": 18.0,
									"faces": {
										"north": { "texture": "#fur-main", "uv": [ 16.0, 10.0, 19.0, 14.0 ] },
										"east": { "texture": "#fur-main", "uv": [ 25.0, 10.0, 28.0, 14.0 ] },
										"south": { "texture": "#fur-main", "uv": [ 22.0, 10.0, 25.0, 14.0 ] },
										"west": { "texture": "#fur-main", "uv": [ 19.0, 10.0, 22.0, 14.0 ] },
										"up": { "texture": "#fur-main", "uv": [ 19.0, 10.0, 22.0, 13.0 ], "rotation": 90, "enabled": false },
										"down": { "texture": "#fur-main", "uv": [ 19.0, 14.0, 22.0, 17.0 ], "rotation": 90, "enabled": false }
									},
									"children": [
										{
											"name": "Head",
											"from": [ -1.0, 2.1, -0.75 ],
											"to": [ 4.0, 6.1, 3.75 ],
											"unwrapMode": 4,
											"autoUnwrap": false,
											"uv": [ 0.0, -5.0 ],
											"rotationOrigin": [ 2.7, 2.1, 1.5 ],
											"rotationZ": -7.0,
											"faces": {
												"north": { "texture": "#fur-main", "uv": [ 0.0, 0.0, 5.0, 4.0 ] },
												"east": { "texture": "#fur-main", "uv": [ 9.5, 4.0, 14.0, 8.0 ] },
												"south": { "texture": "#fur-main", "uv": [ 9.5, 0.0, 14.5, 4.0 ] },
												"west": { "texture": "#fur-main", "uv": [ 5.0, 0.0, 9.5, 4.0 ] },
												"up": { "texture": "#fur-main", "uv": [ 0.0, 4.0, 4.5, 9.0 ], "rotation": 90 },
												"down": { "texture": "#fur-main", "uv": [ 5.0, 4.0, 9.5, 9.0 ], "rotation": 90 }
											},
											"children": [
												{
													"name": "Snout",
													"from": [ 0.0, 0.9, 2.25 ],
													"to": [ 0.0, 0.9, 2.25 ],
													"uv": [ 0.5, 0.0 ],
													"rotationOrigin": [ 0.0, 0.9, 2.25 ],
													"faces": {
														"north": { "texture": "#fur-main", "uv": [ 0.0, 0.0, 0.5, 0.5 ], "enabled": false },
														"east": { "texture": "#fur-main", "uv": [ 0.0, 0.0, 0.5, 0.5 ], "enabled": false },
														"south": { "texture": "#fur-main", "uv": [ 0.0, 0.0, 0.5, 0.5 ], "enabled": false },
														"west": { "texture": "#fur-main", "uv": [ 0.0, 0.0, 0.5, 0.5 ], "enabled": false },
														"up": { "texture": "#fur-main", "uv": [ 0.0, 0.0, 0.5, 0.5 ], "enabled": false },
														"down": { "texture": "#fur-main", "uv": [ 0.0, 0.0, 0.5, 0.5 ], "enabled": false }
													},
													"children": [
														{
															"name": "MuzzleT",
															"from": [ -3.1, 0.4, -1.0 ],
															"to": [ 0.9, 1.9, 1.0 ],
															"unwrapMode": 5,
															"autoUnwrap": false,
															"uv": [ 24.5, 16.5 ],
															"rotationOrigin": [ 1.0, 1.0, 0.0 ],
															"rotationZ": 13.0,
															"faces": {
																"north": { "texture": "#fur-main", "uv": [ 26.0, 16.5, 30.0, 18.0 ], "rotation": 180 },
																"east": { "texture": "#fur-main", "uv": [ 30.0, 18.0, 31.5, 20.0 ], "rotation": 90 },
																"south": { "texture": "#fur-main", "uv": [ 26.0, 20.0, 30.0, 21.5 ] },
																"west": { "texture": "#fur-main", "uv": [ 24.5, 18.0, 26.0, 20.0 ], "rotation": 270 },
																"up": { "texture": "#fur-main", "uv": [ 26.0, 18.0, 30.0, 20.0 ], "windMode": [-1,-1,-1,-1], "windData": [1,1,1,1] },
																"down": { "texture": "#fur-main", "uv": [ 20.5, 18.0, 24.5, 20.0 ] }
															}
														},
														{
															"name": "MuzzleL",
															"from": [ -3.0, -0.5, 0.0 ],
															"to": [ 1.0, 1.0, 1.0 ],
															"unwrapMode": 1,
															"autoUnwrap": false,
															"uv": [ 21.0, 17.5 ],
															"rotationOrigin": [ -3.0, 0.0, 1.0 ],
															"rotationY": -15.0,
															"faces": {
																"north": { "texture": "#fur-main", "uv": [ 31.0, 15.0, 27.0, 16.5 ], "autoUv": false },
																"east": { "texture": "#fur-main", "uv": [ 22.0, 15.0, 21.0, 16.5 ], "autoUv": false, "windMode": [-1,-1,-1,-1], "windData": [1,1,1,1] },
																"south": { "texture": "#fur-main", "uv": [ 26.0, 15.0, 22.0, 16.5 ], "autoUv": false },
																"west": { "texture": "#fur-main", "uv": [ 27.0, 15.0, 26.0, 16.5 ], "autoUv": false, "windMode": [-1,-1,-1,-1], "windData": [1,1,1,1] },
																"up": { "texture": "#fur-main", "uv": [ 22.0, 15.0, 26.0, 14.0 ], "rotation": 180, "autoUv": false },
																"down": { "texture": "#fur-main", "uv": [ 22.0, 17.5, 26.0, 16.5 ], "autoUv": false }
															}
														},
														{
															"name": "MuzzleR",
															"from": [ -3.0, -0.5, -1.0 ],
															"to": [ 1.0, 1.0, 0.0 ],
															"unwrapMode": 1,
															"uv": [ 21.0, 14.0 ],
															"rotationOrigin": [ -3.0, 0.0, -1.0 ],
															"rotationY": 15.0,
															"faces": {
																"north": { "texture": "#fur-main", "uv": [ 22.0, 15.0, 26.0, 16.5 ], "windMode": [-1,-1,-1,-1], "windData": [1,1,1,1] },
																"east": { "texture": "#fur-main", "uv": [ 21.0, 15.0, 22.0, 16.5 ], "windMode": [-1,-1,-1,-1], "windData": [1,1,1,1] },
																"south": { "texture": "#fur-main", "uv": [ 27.0, 15.0, 31.0, 16.5 ] },
																"west": { "texture": "#fur-main", "uv": [ 26.0, 15.0, 27.0, 16.5 ] },
																"up": { "texture": "#fur-main", "uv": [ 22.0, 14.0, 26.0, 15.0 ], "rotation": 180 },
																"down": { "texture": "#fur-main", "uv": [ 22.0, 16.5, 26.0, 17.5 ] }
															}
														},
														{
															"name": "TeethT",
															"from": [ -2.6, -0.8, -0.9 ],
															"to": [ 0.4, -0.3, 0.9 ],
															"unwrapMode": 4,
															"autoUnwrap": false,
															"uv": [ 27.0, 10.0 ],
															"rotationOrigin": [ 0.1, -1.0, 0.0 ],
															"faces": {
																"north": { "texture": "#fur-main", "uv": [ 29.0, 10.5, 32.0, 11.0 ] },
																"east": { "texture": "#fur-main", "uv": [ 0.0, 0.0, 1.5, 0.5 ], "enabled": false },
																"south": { "texture": "#fur-main", "uv": [ 32.0, 10.5, 29.0, 11.0 ], "autoUv": false, "windMode": [-1,-1,-1,-1], "windData": [1,1,1,1] },
																"west": { "texture": "#fur-main", "uv": [ 30.5, 10.0, 32.0, 10.5 ] },
																"up": { "texture": "#fur-main", "uv": [ 0.0, 0.0, 3.0, 1.5 ], "enabled": false },
																"down": { "texture": "#fur-main", "uv": [ 0.0, 0.0, 3.0, 1.5 ], "enabled": false }
															}
														}
													]
												},
												{
													"name": "MuzzleB",
													"from": [ -2.8, -0.1, 1.25 ],
													"to": [ 1.2, 0.4, 3.25 ],
													"unwrapMode": 5,
													"uv": [ 23.0, 21.5 ],
													"rotationOrigin": [ 0.3, 0.4, 2.15 ],
													"faces": {
														"north": { "texture": "#fur-main", "uv": [ 23.5, 21.5, 27.5, 22.0 ], "rotation": 180 },
														"east": { "texture": "#fur-main", "uv": [ 27.5, 22.0, 28.0, 24.0 ], "rotation": 90 },
														"south": { "texture": "#fur-main", "uv": [ 23.5, 24.0, 27.5, 24.5 ] },
														"west": { "texture": "#fur-main", "uv": [ 23.0, 22.0, 23.5, 24.0 ], "rotation": 270 },
														"up": { "texture": "#fur-main", "uv": [ 23.5, 22.0, 27.5, 24.0 ], "windMode": [-1,-1,-1,-1], "windData": [1,1,1,1] },
														"down": { "texture": "#fur-main", "uv": [ 28.0, 22.0, 32.0, 24.0 ] }
													},
													"children": [
														{
															"name": "TeethBL",
															"from": [ 0.2, 0.5, 0.1 ],
															"to": [ 1.2, 1.0, 0.1 ],
															"uv": [ 30.5, 10.0 ],
															"rotationOrigin": [ 0.2, 0.0, 0.1 ],
															"faces": {
																"north": { "texture": "#fur-main", "uv": [ 0.0, 0.0, 1.5, 0.5 ], "enabled": false },
																"east": { "texture": "#fur-main", "uv": [ 0.0, 0.0, 0.5, 0.5 ], "enabled": false },
																"south": { "texture": "#fur-main", "uv": [ 30.5, 10.0, 31.5, 10.5 ] },
																"west": { "texture": "#fur-main", "uv": [ 0.0, 0.0, 0.5, 0.5 ], "enabled": false },
																"up": { "texture": "#fur-main", "uv": [ 0.0, 0.0, 1.5, 0.5 ], "enabled": false },
																"down": { "texture": "#fur-main", "uv": [ 0.0, 0.0, 1.5, 0.5 ], "enabled": false }
															}
														},
														{
															"name": "TeethBR",
															"from": [ 0.2, 0.5, 1.9 ],
															"to": [ 1.2, 1.0, 1.9 ],
															"uv": [ 30.5, 10.0 ],
															"rotationOrigin": [ 0.2, 0.0, 1.9 ],
															"faces": {
																"north": { "texture": "#fur-main", "uv": [ 0.0, 0.0, 1.5, 0.5 ], "enabled": false },
																"east": { "texture": "#fur-main", "uv": [ 0.0, 0.0, 0.5, 0.5 ], "enabled": false },
																"south": { "texture": "#fur-main", "uv": [ 30.5, 10.0, 31.5, 10.5 ] },
																"west": { "texture": "#fur-main", "uv": [ 0.0, 0.0, 0.5, 0.5 ], "enabled": false },
																"up": { "texture": "#fur-main", "uv": [ 0.0, 0.0, 1.5, 0.5 ], "enabled": false },
																"down": { "texture": "#fur-main", "uv": [ 0.0, 0.0, 1.5, 0.5 ], "enabled": false }
															}
														}
													]
												},
												{
													"name": "R Eye",
													"from": [ -0.01, 2.2, 0.4 ],
													"to": [ 0.99, 2.5, 1.2 ],
													"uv": [ 28.5, 13.0 ],
													"rotationOrigin": [ 0.0, 2.2, 1.2 ],
													"rotationX": 6.0,
													"faces": {
														"north": { "texture": "#fur-main", "uv": [ 0.0, 0.0, 1.0, 0.5 ], "enabled": false },
														"east": { "texture": "#fur-main", "uv": [ 0.0, 0.0, 0.5, 0.5 ], "enabled": false },
														"south": { "texture": "#fur-main", "uv": [ 0.0, 0.0, 1.0, 0.5 ], "enabled": false },
														"west": { "texture": "#fur-main", "uv": [ 28.5, 13.0, 29.0, 13.5 ], "windMode": [-1,-1,-1,-1] },
														"up": { "texture": "#fur-main", "uv": [ 0.0, 0.0, 1.0, 0.5 ], "enabled": false },
														"down": { "texture": "#fur-main", "uv": [ 0.0, 0.0, 1.0, 0.5 ], "enabled": false }
													},
													"children": [
														{
															"name": "R Pupil",
															"from": [ -0.01, 0.11, 0.2 ],
															"to": [ 0.99, 0.41, 0.7 ],
															"uv": [ 29.0, 13.0 ],
															"rotationOrigin": [ 0.01, 0.0, 0.8 ],
															"faces": {
																"north": { "texture": "#fur-main", "uv": [ 0.0, 0.0, 1.0, 0.5 ], "enabled": false },
																"east": { "texture": "#fur-main", "uv": [ 0.0, 0.0, 0.5, 0.5 ], "enabled": false },
																"south": { "texture": "#fur-main", "uv": [ 0.0, 0.0, 1.0, 0.5 ], "enabled": false },
																"west": { "texture": "#fur-main", "uv": [ 29.0, 13.0, 29.5, 13.5 ] },
																"up": { "texture": "#fur-main", "uv": [ 0.0, 0.0, 1.0, 0.5 ], "enabled": false },
																"down": { "texture": "#fur-main", "uv": [ 0.0, 0.0, 1.0, 0.5 ], "enabled": false }
															}
														},
														{
															"name": "R EyeUpper",
															"from": [ 0.0, 0.3, 0.0 ],
															"to": [ 1.0, 0.6, 0.8 ],
															"uv": [ 28.5, 12.5 ],
															"rotationOrigin": [ 0.01, 0.3, 0.9 ],
															"faces": {
																"north": { "texture": "#fur-main", "uv": [ 0.0, 0.0, 1.0, 0.5 ], "enabled": false },
																"east": { "texture": "#fur-main", "uv": [ 0.0, 0.0, 0.5, 0.5 ], "enabled": false },
																"south": { "texture": "#fur-main", "uv": [ 0.0, 0.0, 1.0, 0.5 ], "enabled": false },
																"west": { "texture": "#fur-main", "uv": [ 28.5, 12.5, 29.0, 13.0 ] },
																"up": { "texture": "#fur-main", "uv": [ 0.0, 0.0, 1.0, 0.5 ], "enabled": false },
																"down": { "texture": "#fur-main", "uv": [ 0.0, 0.0, 1.0, 0.5 ], "enabled": false }
															},
															"children": [
																{
																	"name": "R UpperPupil",
																	"from": [ -0.01, 0.11, 0.2 ],
																	"to": [ 0.99, 0.31, 0.7 ],
																	"uv": [ 29.0, 12.5 ],
																	"rotationOrigin": [ 0.01, 0.1, 0.7 ],
																	"rotationZ": -0.1,
																	"faces": {
																		"north": { "texture": "#fur-main", "uv": [ 0.0, 0.0, 1.0, 0.5 ], "enabled": false },
																		"east": { "texture": "#fur-main", "uv": [ 0.0, 0.0, 0.5, 0.5 ], "enabled": false },
																		"south": { "texture": "#fur-main", "uv": [ 0.0, 0.0, 1.0, 0.5 ], "enabled": false },
																		"west": { "texture": "#fur-main", "uv": [ 29.0, 12.5, 29.5, 13.0 ] },
																		"up": { "texture": "#fur-main", "uv": [ 0.0, 0.0, 1.0, 0.5 ], "enabled": false },
																		"down": { "texture": "#fur-main", "uv": [ 0.0, 0.0, 1.0, 0.5 ], "enabled": false }
																	}
																}
															]
														},
														{
															"name": "Rsleepline",
															"from": [ 0.1, 0.0, 0.0 ],
															"to": [ 1.1, 0.2, 0.8 ],
															"uv": [ 29.0, 11.0 ],
															"rotationOrigin": [ 0.1, 0.0, 0.0 ],
															"faces": {
																"north": { "texture": "#fur-main", "uv": [ 0.0, 0.0, 1.0, 0.5 ], "enabled": false },
																"east": { "texture": "#fur-main", "uv": [ 0.0, 0.0, 0.5, 0.5 ], "enabled": false },
																"south": { "texture": "#fur-main", "uv": [ 0.0, 0.0, 1.0, 0.5 ], "enabled": false },
																"west": { "texture": "#fur-main", "uv": [ 29.0, 11.0, 29.5, 11.5 ], "windMode": [-1,-1,-1,-1] },
																"up": { "texture": "#fur-main", "uv": [ 0.0, 0.0, 1.0, 0.5 ], "enabled": false },
																"down": { "texture": "#fur-main", "uv": [ 0.0, 0.0, 1.0, 0.5 ], "enabled": false }
															}
														}
													]
												},
												{
													"name": "L Eye",
													"from": [ -0.01, 2.2, 3.3 ],
													"to": [ 0.99, 2.5, 4.1 ],
													"uv": [ 30.0, 13.0 ],
													"rotationOrigin": [ 0.0, 2.2, 3.3 ],
													"rotationX": -6.0,
													"faces": {
														"north": { "texture": "#fur-main", "uv": [ 0.0, 0.0, 1.0, 0.5 ], "enabled": false },
														"east": { "texture": "#fur-main", "uv": [ 0.0, 0.0, 0.5, 0.5 ], "enabled": false },
														"south": { "texture": "#fur-main", "uv": [ 0.0, 0.0, 1.0, 0.5 ], "enabled": false },
														"west": { "texture": "#fur-main", "uv": [ 30.0, 13.0, 30.5, 13.5 ] },
														"up": { "texture": "#fur-main", "uv": [ 0.0, 0.0, 1.0, 0.5 ], "enabled": false },
														"down": { "texture": "#fur-main", "uv": [ 0.0, 0.0, 1.0, 0.5 ], "enabled": false }
													},
													"children": [
														{
															"name": "L Pupil",
															"from": [ -0.01, 0.11, 0.1 ],
															"to": [ 0.99, 0.41, 0.6 ],
															"uv": [ 29.5, 13.0 ],
															"rotationOrigin": [ 0.01, 0.0, 0.1 ],
															"faces": {
																"north": { "texture": "#fur-main", "uv": [ 0.0, 0.0, 1.0, 0.5 ], "enabled": false },
																"east": { "texture": "#fur-main", "uv": [ 0.0, 0.0, 0.5, 0.5 ], "enabled": false },
																"south": { "texture": "#fur-main", "uv": [ 0.0, 0.0, 1.0, 0.5 ], "enabled": false },
																"west": { "texture": "#fur-main", "uv": [ 29.5, 13.0, 30.0, 13.5 ] },
																"up": { "texture": "#fur-main", "uv": [ 0.0, 0.0, 1.0, 0.5 ], "enabled": false },
																"down": { "texture": "#fur-main", "uv": [ 0.0, 0.0, 1.0, 0.5 ], "enabled": false }
															}
														},
														{
															"name": "L EyeUpper",
															"from": [ 0.0, 0.3, 0.0 ],
															"to": [ 1.0, 0.6, 0.8 ],
															"uv": [ 30.0, 12.5 ],
															"rotationOrigin": [ 0.01, 0.3, 0.0 ],
															"faces": {
																"north": { "texture": "#fur-main", "uv": [ 0.0, 0.0, 1.0, 0.5 ], "enabled": false },
																"east": { "texture": "#fur-main", "uv": [ 0.0, 0.0, 0.5, 0.5 ], "enabled": false },
																"south": { "texture": "#fur-main", "uv": [ 0.0, 0.0, 1.0, 0.5 ], "enabled": false },
																"west": { "texture": "#fur-main", "uv": [ 30.0, 12.5, 30.5, 13.0 ] },
																"up": { "texture": "#fur-main", "uv": [ 0.0, 0.0, 1.0, 0.5 ], "enabled": false },
																"down": { "texture": "#fur-main", "uv": [ 0.0, 0.0, 1.0, 0.5 ], "enabled": false }
															},
															"children": [
																{
																	"name": "L UpperPupil",
																	"from": [ -0.01, 0.11, 0.1 ],
																	"to": [ 0.99, 0.31, 0.6 ],
																	"uv": [ 28.5, 12.5 ],
																	"rotationOrigin": [ 0.01, 0.1, 0.1 ],
																	"rotationZ": -0.1,
																	"faces": {
																		"north": { "texture": "#fur-main", "uv": [ 0.0, 0.0, 1.0, 0.5 ], "enabled": false },
																		"east": { "texture": "#fur-main", "uv": [ 0.0, 0.0, 0.5, 0.5 ], "enabled": false },
																		"south": { "texture": "#fur-main", "uv": [ 0.0, 0.0, 1.0, 0.5 ], "enabled": false },
																		"west": { "texture": "#fur-main", "uv": [ 29.5, 12.5, 30.0, 13.0 ] },
																		"up": { "texture": "#fur-main", "uv": [ 0.0, 0.0, 1.0, 0.5 ], "enabled": false },
																		"down": { "texture": "#fur-main", "uv": [ 0.0, 0.0, 1.0, 0.5 ], "enabled": false }
																	}
																}
															]
														},
														{
															"name": "Lsleepline",
															"from": [ 0.1, 0.0, 0.0 ],
															"to": [ 1.1, 0.2, 0.8 ],
															"uv": [ 29.5, 11.0 ],
															"rotationOrigin": [ 0.1, 0.0, 0.0 ],
															"faces": {
																"north": { "texture": "#fur-main", "uv": [ 0.0, 0.0, 1.0, 0.5 ], "enabled": false },
																"east": { "texture": "#fur-main", "uv": [ 0.0, 0.0, 0.5, 0.5 ], "enabled": false },
																"south": { "texture": "#fur-main", "uv": [ 0.0, 0.0, 1.0, 0.5 ], "enabled": false },
																"west": { "texture": "#fur-main", "uv": [ 29.5, 11.0, 30.0, 11.5 ], "windMode": [-1,-1,-1,-1] },
																"up": { "texture": "#fur-main", "uv": [ 0.0, 0.0, 1.0, 0.5 ], "enabled": false },
																"down": { "texture": "#fur-main", "uv": [ 0.0, 0.0, 1.0, 0.5 ], "enabled": false }
															}
														}
													]
												},
												{
													"name": "AboveSnout",
													"from": [ -3.3, 2.0, 0.0 ],
													"to": [ 0.0, 4.0, 4.5 ],
													"uv": [ 0.0, 0.0 ],
													"rotationOrigin": [ -3.3, 2.0, 0.0 ],
													"faces": {
														"north": { "texture": "#fur-main", "uv": [ 0.0, 0.0, 3.0, 2.0 ], "enabled": false },
														"east": { "texture": "#fur-main", "uv": [ 0.0, 0.0, 5.0, 2.0 ], "enabled": false },
														"south": { "texture": "#fur-main", "uv": [ 0.0, 0.0, 3.0, 2.0 ], "enabled": false },
														"west": { "texture": "#fur-main", "uv": [ 0.0, 0.0, 5.0, 2.0 ], "enabled": false },
														"up": { "texture": "#fur-main", "uv": [ 0.0, 0.0, 3.0, 5.0 ], "enabled": false },
														"down": { "texture": "#fur-main", "uv": [ 0.0, 0.0, 3.0, 5.0 ], "enabled": false }
													}
												},
												{
													"name": "HeadWithSnout",
													"from": [ -3.0, 0.0, 0.0 ],
													"to": [ 5.0, 4.0, 4.5 ],
													"uv": [ 0.0, 0.0 ],
													"rotationOrigin": [ -3.0, 0.0, 0.0 ],
													"faces": {
														"north": { "texture": "#fur-main", "uv": [ 0.0, 0.0, 8.0, 4.0 ], "enabled": false },
														"east": { "texture": "#fur-main", "uv": [ 0.0, 0.0, 5.0, 4.0 ], "enabled": false },
														"south": { "texture": "#fur-main", "uv": [ 0.0, 0.0, 8.0, 4.0 ], "enabled": false },
														"west": { "texture": "#fur-main", "uv": [ 0.0, 0.0, 5.0, 4.0 ], "enabled": false },
														"up": { "texture": "#fur-main", "uv": [ 0.0, 0.0, 8.0, 5.0 ], "enabled": false },
														"down": { "texture": "#fur-main", "uv": [ 0.0, 0.0, 8.0, 5.0 ], "enabled": false }
													}
												},
												{
													"name": "SnoutHeadWide",
													"from": [ -3.0, 0.0, 0.0 ],
													"to": [ 0.0, 2.0, 4.5 ],
													"uv": [ 0.0, 0.0 ],
													"rotationOrigin": [ 0.0, 2.0, 2.5 ],
													"faces": {
														"north": { "texture": "#fur-main", "uv": [ 0.0, 0.0, 3.0, 2.0 ], "enabled": false },
														"east": { "texture": "#fur-main", "uv": [ 0.0, 0.0, 5.0, 2.0 ], "enabled": false },
														"south": { "texture": "#fur-main", "uv": [ 0.0, 0.0, 3.0, 2.0 ], "enabled": false },
														"west": { "texture": "#fur-main", "uv": [ 0.0, 0.0, 5.0, 2.0 ], "enabled": false },
														"up": { "texture": "#fur-main", "uv": [ 0.0, 0.0, 3.0, 5.0 ], "enabled": false },
														"down": { "texture": "#fur-main", "uv": [ 0.0, 0.0, 3.0, 5.0 ], "enabled": false }
													}
												},
												{
													"name": "EarR",
													"from": [ 3.0, 2.7, 0.0 ],
													"to": [ 4.0, 3.7, 1.0 ],
													"uv": [ 0.0, 0.0 ],
													"rotationOrigin": [ 3.0, 2.7, 0.0 ],
													"rotationZ": 18.0,
													"faces": {
														"north": { "texture": "#fur-main", "uv": [ 0.0, 1.0, 1.0, 2.0 ], "enabled": false },
														"east": { "texture": "#fur-main", "uv": [ 1.0, 1.0, 2.0, 2.0 ], "enabled": false },
														"south": { "texture": "#fur-main", "uv": [ 2.0, 1.0, 3.0, 2.0 ], "enabled": false },
														"west": { "texture": "#fur-main", "uv": [ 3.0, 1.0, 4.0, 2.0 ], "enabled": false },
														"up": { "texture": "#fur-main", "uv": [ 0.0, 0.0, 1.0, 1.0 ], "enabled": false },
														"down": { "texture": "#fur-main", "uv": [ 1.0, 0.0, 2.0, 1.0 ], "enabled": false }
													},
													"children": [
														{
															"name": "EarBR",
															"from": [ 0.0, 0.0, 0.0 ],
															"to": [ 0.5, 2.5, 1.5 ],
															"unwrapMode": 4,
															"uv": [ 24.0, 0.5 ],
															"rotationOrigin": [ 0.0, 0.0, 0.0 ],
															"rotationX": -28.0,
															"rotationY": -20.0,
															"faces": {
																"north": { "texture": "#fur-main", "uv": [ 24.0, 1.0, 24.5, 3.5 ] },
																"east": { "texture": "#fur-main", "uv": [ 26.5, 1.0, 28.0, 3.5 ] },
																"south": { "texture": "#fur-main", "uv": [ 26.0, 1.0, 26.5, 3.5 ] },
																"west": { "texture": "#fur-main", "uv": [ 24.5, 1.0, 26.0, 3.5 ] },
																"up": { "texture": "#fur-main", "uv": [ 24.5, 0.5, 26.0, 1.0 ], "rotation": 90 },
																"down": { "texture": "#fur-main", "uv": [ 24.5, 3.5, 26.0, 4.0 ], "rotation": 90 }
															},
															"children": [
																{
																	"name": "EarTR",
																	"from": [ 0.0, 2.5, 0.5 ],
																	"to": [ 0.5, 3.5, 1.5 ],
																	"unwrapMode": 4,
																	"uv": [ 28.5, 1.0 ],
																	"rotationOrigin": [ 0.5, 2.5, 0.5 ],
																	"faces": {
																		"north": { "texture": "#fur-main", "uv": [ 28.5, 1.5, 29.0, 2.5 ] },
																		"east": { "texture": "#fur-main", "uv": [ 30.5, 1.5, 31.5, 2.5 ] },
																		"south": { "texture": "#fur-main", "uv": [ 30.0, 1.5, 30.5, 2.5 ] },
																		"west": { "texture": "#fur-main", "uv": [ 29.0, 1.5, 30.0, 2.5 ] },
																		"up": { "texture": "#fur-main", "uv": [ 29.0, 1.0, 30.0, 1.5 ], "rotation": 90 },
																		"down": { "texture": "#fur-main", "uv": [ 29.0, 2.5, 30.0, 3.0 ], "rotation": 90 }
																	}
																},
																{
																	"name": "EarRFT",
																	"from": [ -0.5, 0.0, 1.5 ],
																	"to": [ 0.0, 2.0, 1.5 ],
																	"uv": [ 26.0, 2.0 ],
																	"rotationOrigin": [ -0.5, 0.0, 1.5 ],
																	"faces": {
																		"north": { "texture": "#fur-main", "uv": [ 0.0, 0.0, 0.5, 2.0 ], "enabled": false },
																		"east": { "texture": "#fur-main", "uv": [ 0.0, 0.0, 0.5, 2.0 ], "enabled": false },
																		"south": { "texture": "#fur-main", "uv": [ 26.0, 2.0, 26.5, 4.0 ] },
																		"west": { "texture": "#fur-main", "uv": [ 0.0, 0.0, 0.5, 2.0 ], "enabled": false },
																		"up": { "texture": "#fur-main", "uv": [ 0.0, 0.0, 0.5, 0.5 ], "enabled": false },
																		"down": { "texture": "#fur-main", "uv": [ 0.0, 0.0, 0.5, 0.5 ], "enabled": false }
																	}
																},
																{
																	"name": "EarRFB",
																	"from": [ 0.0, -1.0, 0.0 ],
																	"to": [ 0.5, 1.5, 0.0 ],
																	"uv": [ 24.0, 1.5 ],
																	"rotationOrigin": [ 0.0, -0.5, 0.0 ],
																	"rotationY": 90.0,
																	"faces": {
																		"north": { "texture": "#fur-main", "uv": [ 0.0, 0.0, 0.5, 2.0 ], "enabled": false },
																		"east": { "texture": "#fur-main", "uv": [ 0.0, 0.0, 0.5, 2.0 ], "enabled": false },
																		"south": { "texture": "#fur-main", "uv": [ 24.0, 1.5, 24.5, 4.0 ] },
																		"west": { "texture": "#fur-main", "uv": [ 0.0, 0.0, 0.5, 2.0 ], "enabled": false },
																		"up": { "texture": "#fur-main", "uv": [ 0.0, 0.0, 0.5, 0.5 ], "enabled": false },
																		"down": { "texture": "#fur-main", "uv": [ 0.0, 0.0, 0.5, 0.5 ], "enabled": false }
																	}
																}
															]
														}
													]
												},
												{
													"name": "EarL",
													"from": [ 3.0, 2.7, 4.5 ],
													"to": [ 4.0, 3.7, 5.5 ],
													"uv": [ 0.0, 0.0 ],
													"rotationOrigin": [ 3.0, 2.7, 4.5 ],
													"rotationZ": 18.0,
													"faces": {
														"north": { "texture": "#fur-main", "uv": [ 0.0, 1.0, 1.0, 2.0 ], "enabled": false },
														"east": { "texture": "#fur-main", "uv": [ 1.0, 1.0, 2.0, 2.0 ], "enabled": false },
														"south": { "texture": "#fur-main", "uv": [ 2.0, 1.0, 3.0, 2.0 ], "enabled": false },
														"west": { "texture": "#fur-main", "uv": [ 3.0, 1.0, 4.0, 2.0 ], "enabled": false },
														"up": { "texture": "#fur-main", "uv": [ 0.0, 0.0, 1.0, 1.0 ], "enabled": false },
														"down": { "texture": "#fur-main", "uv": [ 1.0, 0.0, 2.0, 1.0 ], "enabled": false }
													},
													"children": [
														{
															"name": "EarBL",
															"from": [ 0.0, 0.0, -1.5 ],
															"to": [ 0.5, 2.5, 0.0 ],
															"autoUnwrap": false,
															"uv": [ 15.5, 38.5 ],
															"rotationOrigin": [ 0.0, 0.0, 0.0 ],
															"rotationX": 28.0,
															"rotationY": 20.0,
															"faces": {
																"north": { "texture": "#fur-main", "uv": [ 26.5, 1.0, 26.0, 3.5 ], "autoUv": false, "windMode": [-1,-1,-1,-1], "windData": [1,1,2,1] },
																"east": { "texture": "#fur-main", "uv": [ 28.0, 1.0, 26.5, 3.5 ], "autoUv": false, "windMode": [-1,-1,-1,-1], "windData": [1,2,1,1] },
																"south": { "texture": "#fur-main", "uv": [ 24.5, 1.0, 24.0, 3.5 ], "autoUv": false, "windMode": [-1,-1,-1,-1], "windData": [1,1,1,1] },
																"west": { "texture": "#fur-main", "uv": [ 26.0, 1.0, 24.5, 3.5 ], "autoUv": false, "windMode": [-1,-1,-1,-1], "windData": [1,1,1,1] },
																"up": { "texture": "#fur-main", "uv": [ 26.0, 0.5, 24.5, 1.0 ], "rotation": 90, "autoUv": false, "windMode": [-1,-1,-1,-1], "windData": [1,1,1,2] },
																"down": { "texture": "#fur-main", "uv": [ 26.0, 3.5, 24.5, 4.0 ], "rotation": 90, "autoUv": false, "windMode": [-1,-1,-1,-1], "windData": [1,1,1,1] }
															},
															"children": [
																{
																	"name": "EarTL",
																	"from": [ 0.0, 2.5, 0.0 ],
																	"to": [ 0.5, 3.5, 1.0 ],
																	"unwrapMode": 4,
																	"autoUnwrap": false,
																	"uv": [ 27.5, 12.5 ],
																	"rotationOrigin": [ 0.5, 2.5, 1.0 ],
																	"faces": {
																		"north": { "texture": "#fur-main", "uv": [ 30.0, 1.5, 30.5, 2.5 ], "windMode": [-1,-1,-1,-1], "windData": [1,2,2,2] },
																		"east": { "texture": "#fur-main", "uv": [ 31.5, 1.5, 30.5, 2.5 ], "autoUv": false, "windMode": [-1,-1,-1,-1], "windData": [2,2,2,1] },
																		"south": { "texture": "#fur-main", "uv": [ 30.0, 1.5, 30.5, 2.5 ], "autoUv": false, "windMode": [-1,-1,-1,-1], "windData": [1,1,2,2] },
																		"west": { "texture": "#fur-main", "uv": [ 30.0, 1.5, 29.0, 2.5 ], "autoUv": false, "windMode": [-1,-1,-1,-1], "windData": [1,1,2,2] },
																		"up": { "texture": "#fur-main", "uv": [ 29.0, 1.0, 30.0, 1.5 ], "rotation": 90, "autoUv": false, "windMode": [-1,-1,-1,-1], "windData": [2,2,2,2] },
																		"down": { "texture": "#fur-main", "uv": [ 29.0, 2.5, 30.0, 3.0 ], "rotation": 90, "autoUv": false, "windMode": [-1,-1,-1,-1], "windData": [1,2,1,1] }
																	}
																},
																{
																	"name": "EarLFT",
																	"from": [ -0.5, 0.0, 0.0 ],
																	"to": [ 0.0, 2.0, 0.0 ],
																	"uv": [ 26.0, 2.0 ],
																	"faces": {
																		"north": { "texture": "#fur-main", "uv": [ 0.0, 0.0, 0.5, 2.0 ], "enabled": false },
																		"east": { "texture": "#fur-main", "uv": [ 0.0, 0.0, 0.5, 2.0 ], "enabled": false },
																		"south": { "texture": "#fur-main", "uv": [ 26.0, 2.0, 26.5, 4.0 ] },
																		"west": { "texture": "#fur-main", "uv": [ 0.0, 0.0, 0.5, 2.0 ], "enabled": false },
																		"up": { "texture": "#fur-main", "uv": [ 0.0, 0.0, 0.5, 0.5 ], "enabled": false },
																		"down": { "texture": "#fur-main", "uv": [ 0.0, 0.0, 0.5, 0.5 ], "enabled": false }
																	}
																},
																{
																	"name": "EarLFB",
																	"from": [ 0.0, -1.0, 1.5 ],
																	"to": [ 0.5, 1.5, 1.5 ],
																	"uv": [ 24.0, 1.5 ],
																	"rotationOrigin": [ 0.0, -0.5, 1.5 ],
																	"rotationY": -90.0,
																	"faces": {
																		"north": { "texture": "#fur-main", "uv": [ 0.0, 0.0, 0.5, 2.0 ], "enabled": false },
																		"east": { "texture": "#fur-main", "uv": [ 0.0, 0.0, 0.5, 2.0 ], "enabled": false },
																		"south": { "texture": "#fur-main", "uv": [ 24.0, 1.5, 24.5, 4.0 ] },
																		"west": { "texture": "#fur-main", "uv": [ 0.0, 0.0, 0.5, 2.0 ], "enabled": false },
																		"up": { "texture": "#fur-main", "uv": [ 0.0, 0.0, 0.5, 0.5 ], "enabled": false },
																		"down": { "texture": "#fur-main", "uv": [ 0.0, 0.0, 0.5, 0.5 ], "enabled": false }
																	}
																}
															]
														}
													]
												}
											],
											"attachmentpoints": [
												{
													"code": "Eyes",
													"posX": "1.3","posY": "3.5","posZ": "2.5",
													"rotationX": "0.0","rotationY": "-90.0","rotationZ": "0.0"
												}
											]
										}
									]
								},
								{
									"name": "UpperBackAttachment",
									"from": [ 5.0, 3.0, 3.0 ],
									"to": [ 5.0, 3.0, 3.0 ],
									"uv": [ 0.0, 0.0 ],
									"rotationOrigin": [ 5.0, 3.0, 2.5 ],
									"faces": {
										"north": { "texture": "#fur-main", "uv": [ 0.0, 0.0, 0.5, 0.5 ], "enabled": false },
										"east": { "texture": "#fur-main", "uv": [ 0.0, 0.0, 0.5, 0.5 ], "enabled": false },
										"south": { "texture": "#fur-main", "uv": [ 0.0, 0.0, 0.5, 0.5 ], "enabled": false },
										"west": { "texture": "#fur-main", "uv": [ 0.0, 0.0, 0.5, 0.5 ], "enabled": false },
										"up": { "texture": "#fur-main", "uv": [ 0.0, 0.0, 0.5, 0.5 ], "enabled": false },
										"down": { "texture": "#fur-main", "uv": [ 0.0, 0.0, 0.5, 0.5 ], "enabled": false }
									}
								}
							],
							"attachmentpoints": [
								{
									"code": "Back",
									"posX": "5.0","posY": "3.0","posZ": "3.0",
									"rotationX": "0.0","rotationY": "0.0","rotationZ": "0.0"
								}
							]
						},
						{
							"name": "UpperFootL",
							"from": [ -0.3, -6.5, 2.25 ],
							"to": [ 4.7, 1.5, 5.25 ],
							"unwrapMode": 4,
							"autoUnwrap": false,
							"uv": [ 16.0, 32.0 ],
							"rotationOrigin": [ 1.0, 1.5, 3.75 ],
							"rotationX": -3.0,
							"rotationY": 10.0,
							"rotationZ": -24.0,
							"faces": {
								"north": { "texture": "#fur-main", "uv": [ 19.0, 44.0, 24.0, 52.0 ], "windMode": [-1,-1,-1,-1], "windData": [0,1,0,0] },
								"east": { "texture": "#fur-main", "uv": [ 16.0, 44.0, 19.0, 52.0 ], "windMode": [-1,-1,-1,-1] },
								"south": { "texture": "#fur-main", "uv": [ 27.0, 44.0, 32.0, 52.0 ], "windMode": [-1,-1,-1,-1], "windData": [0,0,0,1] },
								"west": { "texture": "#fur-main", "uv": [ 24.0, 44.0, 27.0, 52.0 ], "windMode": [-1,-1,-1,-1], "windData": [0,0,1,1] },
								"up": { "texture": "#fur-main", "uv": [ 29.0, 39.0, 32.0, 44.0 ], "rotation": 90, "windMode": [-1,-1,-1,-1], "windData": [1,1,0,0] },
								"down": { "texture": "#fur-main", "uv": [ 29.0, 52.0, 32.0, 57.0 ], "rotation": 90, "windMode": [-1,-1,-1,-1] }
							},
							"children": [
								{
									"name": "MiddleFootL",
									"from": [ 0.5, -5.5, 0.2 ],
									"to": [ 3.5, 0.0, 2.7 ],
									"unwrapMode": 2,
									"autoUnwrap": false,
									"uv": [ 14.0, 47.0 ],
									"rotationOrigin": [ 0.5, 0.0, 1.0 ],
									"rotationX": 5.0,
									"rotationZ": 58.0,
									"faces": {
										"north": { "texture": "#fur-main", "uv": [ 19.0, 52.0, 22.0, 57.5 ], "windMode": [-1,-1,-1,-1] },
										"east": { "texture": "#fur-main", "uv": [ 16.5, 52.0, 19.0, 57.5 ], "windMode": [-1,-1,-1,-1] },
										"south": { "texture": "#fur-main", "uv": [ 13.5, 52.0, 16.5, 57.5 ], "windMode": [-1,-1,-1,-1] },
										"west": { "texture": "#fur-main", "uv": [ 11.0, 52.0, 13.5, 57.5 ], "windMode": [-1,-1,-1,-1] },
										"up": { "texture": "#fur-main", "uv": [ 27.5, 57.5, 30.0, 60.5 ], "rotation": 270, "windMode": [-1,-1,-1,-1] },
										"down": { "texture": "#fur-main", "uv": [ 25.0, 57.5, 27.5, 60.5 ], "rotation": 270, "windMode": [-1,-1,-1,-1] }
									},
									"children": [
										{
											"name": "LowerFootL",
											"from": [ 0.0, -7.0, 0.1 ],
											"to": [ 3.0, 0.0, 2.1 ],
											"unwrapMode": 4,
											"autoUnwrap": false,
											"uv": [ 13.0, 54.0 ],
											"rotationOrigin": [ 3.0, 0.0, 1.0 ],
											"rotationY": 3.0,
											"rotationZ": -50.0,
											"faces": {
												"north": { "texture": "#fur-main", "uv": [ 12.0, 57.5, 15.0, 64.5 ], "windMode": [-1,-1,-1,-1] },
												"east": { "texture": "#fur-main", "uv": [ 10.0, 57.5, 12.0, 64.5 ], "windMode": [-1,-1,-1,-1] },
												"south": { "texture": "#fur-main", "uv": [ 17.0, 57.5, 20.0, 64.5 ], "windMode": [-1,-1,-1,-1] },
												"west": { "texture": "#fur-main", "uv": [ 15.0, 57.5, 17.0, 64.5 ], "windMode": [-1,-1,-1,-1] },
												"up": { "texture": "#fur-main", "uv": [ 6.0, 64.5, 8.0, 67.5 ], "rotation": 90, "windMode": [-1,-1,-1,-1] },
												"down": { "texture": "#fur-main", "uv": [ 4.0, 64.5, 6.0, 67.5 ], "rotation": 90, "windMode": [-1,-1,-1,-1] }
											},
											"children": [
												{
													"name": "PawPalmL",
													"from": [ 0.0, 0.2, 0.0 ],
													"to": [ 0.0, 0.2, 0.0 ],
													"uv": [ 999.0, 999.0 ],
													"rotationOrigin": [ 3.0, 0.0, 1.0 ],
													"rotationX": 2.0,
													"rotationZ": 8.0,
													"faces": {
														"north": { "texture": "#fur-main", "uv": [ 0.0, 0.0, 0.5, 0.5 ], "enabled": false },
														"east": { "texture": "#fur-main", "uv": [ 0.0, 0.0, 0.5, 0.5 ], "enabled": false },
														"south": { "texture": "#fur-main", "uv": [ 0.0, 0.0, 0.5, 0.5 ], "enabled": false },
														"west": { "texture": "#fur-main", "uv": [ 0.0, 0.0, 0.5, 0.5 ], "enabled": false },
														"up": { "texture": "#fur-main", "uv": [ 0.0, 0.0, 0.5, 0.5 ], "enabled": false },
														"down": { "texture": "#fur-main", "uv": [ 0.0, 0.0, 0.5, 0.5 ], "enabled": false }
													},
													"children": [
														{
															"name": "FRL",
															"from": [ -0.7, -0.3, 0.0 ],
															"to": [ 0.3, 2.2, 1.0 ],
															"unwrapMode": 4,
															"autoUnwrap": false,
															"uv": [ 5.0, 71.5 ],
															"rotationOrigin": [ 0.3, -0.1, 1.0 ],
															"rotationY": -18.0,
															"faces": {
																"north": { "texture": "#fur-main", "uv": [ 5.0, 72.5, 6.0, 75.0 ], "windMode": [-1,-1,-1,-1] },
																"east": { "texture": "#fur-main", "uv": [ 4.0, 72.5, 5.0, 75.0 ] },
																"south": { "texture": "#fur-main", "uv": [ 7.0, 72.5, 8.0, 75.0 ], "windMode": [-1,-1,-1,-1] },
																"west": { "texture": "#fur-main", "uv": [ 7.0, 72.5, 6.0, 75.0 ], "autoUv": false },
																"up": { "texture": "#fur-main", "uv": [ 6.0, 71.5, 7.0, 72.5 ], "rotation": 90 },
																"down": { "texture": "#fur-main", "uv": [ 6.0, 75.0, 7.0, 76.0 ] }
															}
														},
														{
															"name": "FML",
															"from": [ -0.7, -0.3, 1.0 ],
															"to": [ 0.3, 2.2, 2.0 ],
															"unwrapMode": 4,
															"autoUnwrap": false,
															"uv": [ 5.0, 71.5 ],
															"rotationOrigin": [ 0.3, -0.1, 1.0 ],
															"rotationY": 18.0,
															"faces": {
																"north": { "texture": "#fur-main", "uv": [ 5.0, 72.5, 6.0, 75.0 ], "windMode": [-1,-1,-1,-1] },
																"east": { "texture": "#fur-main", "uv": [ 4.0, 72.5, 5.0, 75.0 ], "windMode": [-1,-1,-1,-1] },
																"south": { "texture": "#fur-main", "uv": [ 7.0, 72.5, 8.0, 75.0 ], "windMode": [-1,-1,-1,-1] },
																"west": { "texture": "#fur-main", "uv": [ 6.0, 72.5, 7.0, 75.0 ], "windMode": [-1,-1,-1,-1] },
																"up": { "texture": "#fur-main", "uv": [ 7.0, 71.5, 6.0, 72.5 ], "rotation": 90, "autoUv": false, "windMode": [-1,-1,-1,-1] },
																"down": { "texture": "#fur-main", "uv": [ 6.0, 75.0, 7.0, 76.0 ], "rotation": 90, "windMode": [-1,-1,-1,-1] }
															}
														},
														{
															"name": "FPL",
															"from": [ -0.7, -0.2, 1.2 ],
															"to": [ 0.3, 1.8, 2.2 ],
															"unwrapMode": 4,
															"autoUnwrap": false,
															"uv": [ 5.0, 67.5 ],
															"rotationOrigin": [ 1.0, 0.0, 1.0 ],
															"rotationY": 48.0,
															"faces": {
																"north": { "texture": "#fur-main", "uv": [ 5.0, 68.5, 6.0, 70.5 ], "windMode": [-1,-1,-1,-1] },
																"east": { "texture": "#fur-main", "uv": [ 4.0, 68.5, 5.0, 70.5 ], "windMode": [-1,-1,-1,-1] },
																"south": { "texture": "#fur-main", "uv": [ 7.0, 68.5, 8.0, 70.5 ], "windMode": [-1,-1,-1,-1] },
																"west": { "texture": "#fur-main", "uv": [ 6.0, 68.5, 7.0, 70.5 ], "windMode": [-1,-1,-1,-1] },
																"up": { "texture": "#fur-main", "uv": [ 6.0, 67.5, 7.0, 68.5 ], "rotation": 90, "windMode": [-1,-1,-1,-1] },
																"down": { "texture": "#fur-main", "uv": [ 6.0, 70.5, 7.0, 71.5 ], "rotation": 90, "windMode": [-1,-1,-1,-1] }
															}
														},
														{
															"name": "FSL",
															"from": [ -0.7, -0.2, -0.2 ],
															"to": [ 0.3, 1.8, 0.8 ],
															"unwrapMode": 4,
															"autoUnwrap": false,
															"uv": [ 5.0, 67.5 ],
															"rotationOrigin": [ 1.0, 0.0, 1.0 ],
															"rotationY": -48.0,
															"faces": {
																"north": { "texture": "#fur-main", "uv": [ 5.0, 68.5, 6.0, 70.5 ] },
																"east": { "texture": "#fur-main", "uv": [ 4.0, 68.5, 5.0, 70.5 ] },
																"south": { "texture": "#fur-main", "uv": [ 7.0, 68.5, 8.0, 70.5 ] },
																"west": { "texture": "#fur-main", "uv": [ 7.0, 68.5, 6.0, 70.5 ], "autoUv": false },
																"up": { "texture": "#fur-main", "uv": [ 6.0, 67.5, 7.0, 68.5 ], "rotation": 90 },
																"down": { "texture": "#fur-main", "uv": [ 6.0, 70.5, 7.0, 71.5 ] }
															}
														}
													]
												}
											]
										}
									]
								},
								{
									"name": "FootAttachmentL",
									"from": [ 2.0, 5.0, 2.2 ],
									"to": [ 2.0, 5.0, 2.2 ],
									"uv": [ 0.0, 0.0 ],
									"rotationOrigin": [ 2.0, 5.0, 2.2 ],
									"faces": {
										"north": { "texture": "#fur-main", "uv": [ 0.0, 0.0, 0.5, 0.5 ], "enabled": false },
										"east": { "texture": "#fur-main", "uv": [ 0.0, 0.0, 0.5, 0.5 ], "enabled": false },
										"south": { "texture": "#fur-main", "uv": [ 0.0, 0.0, 0.5, 0.5 ], "enabled": false },
										"west": { "texture": "#fur-main", "uv": [ 0.0, 0.0, 0.5, 0.5 ], "enabled": false },
										"up": { "texture": "#fur-main", "uv": [ 0.0, 0.0, 0.5, 0.5 ], "enabled": false },
										"down": { "texture": "#fur-main", "uv": [ 0.0, 0.0, 0.5, 0.5 ], "enabled": false }
									}
								}
							]
						},
						{
							"name": "UpperFootR",
							"from": [ -0.3, -6.5, -0.75 ],
							"to": [ 4.7, 1.5, 2.25 ],
							"unwrapMode": 4,
							"autoUnwrap": false,
							"uv": [ 1.5, 32.0 ],
							"rotationOrigin": [ 1.0, 1.5, 0.75 ],
							"rotationX": 3.0,
							"rotationY": -10.0,
							"rotationZ": -24.0,
							"faces": {
								"north": { "texture": "#fur-main", "uv": [ 0.0, 44.0, 5.0, 52.0 ], "windMode": [-1,-1,-1,-1] },
								"east": { "texture": "#fur-main", "uv": [ 13.0, 44.0, 16.0, 52.0 ] },
								"south": { "texture": "#fur-main", "uv": [ 8.0, 44.0, 13.0, 52.0 ] },
								"west": { "texture": "#fur-main", "uv": [ 5.0, 44.0, 8.0, 52.0 ] },
								"up": { "texture": "#fur-main", "uv": [ 26.0, 39.0, 29.0, 44.0 ], "rotation": 90 },
								"down": { "texture": "#fur-main", "uv": [ 26.0, 52.0, 29.0, 57.0 ], "rotation": 90 }
							},
							"children": [
								{
									"name": "MiddleFootR",
									"from": [ 0.5, -5.5, 0.3 ],
									"to": [ 3.5, 0.0, 2.8 ],
									"unwrapMode": 2,
									"autoUnwrap": false,
									"uv": [ 0.0, 47.0 ],
									"rotationOrigin": [ 0.5, 0.0, 2.0 ],
									"rotationX": -5.0,
									"rotationZ": 58.0,
									"faces": {
										"north": { "texture": "#fur-main", "uv": [ 5.5, 52.0, 8.5, 57.5 ], "windMode": [-1,-1,-1,-1] },
										"east": { "texture": "#fur-main", "uv": [ 3.0, 52.0, 5.5, 57.5 ] },
										"south": { "texture": "#fur-main", "uv": [ 0.0, 52.0, 3.0, 57.5 ] },
										"west": { "texture": "#fur-main", "uv": [ 8.5, 52.0, 11.0, 57.5 ] },
										"up": { "texture": "#fur-main", "uv": [ 20.0, 57.5, 22.5, 60.5 ], "rotation": 270 },
										"down": { "texture": "#fur-main", "uv": [ 22.5, 57.5, 25.0, 60.5 ], "rotation": 270 }
									},
									"children": [
										{
											"name": "LowerFootR",
											"from": [ 0.0, -7.0, 0.4 ],
											"to": [ 3.0, 0.0, 2.4 ],
											"unwrapMode": 4,
											"autoUnwrap": false,
											"uv": [ 0.0, 47.5 ],
											"rotationOrigin": [ 3.0, 0.0, 1.5 ],
											"rotationY": -3.0,
											"rotationZ": -50.0,
											"faces": {
												"north": { "texture": "#fur-main", "uv": [ 0.0, 57.5, 3.0, 64.5 ] },
												"east": { "texture": "#fur-main", "uv": [ 8.0, 57.5, 10.0, 64.5 ] },
												"south": { "texture": "#fur-main", "uv": [ 5.0, 57.5, 8.0, 64.5 ] },
												"west": { "texture": "#fur-main", "uv": [ 3.0, 57.5, 5.0, 64.5 ] },
												"up": { "texture": "#fur-main", "uv": [ 0.0, 64.5, 2.0, 67.5 ], "rotation": 90, "windMode": [-1,-1,-1,-1] },
												"down": { "texture": "#fur-main", "uv": [ 2.0, 64.5, 4.0, 67.5 ], "rotation": 90, "windMode": [-1,-1,-1,-1] }
											},
											"children": [
												{
													"name": "PawPalmR",
													"from": [ 0.0, 0.2, 0.0 ],
													"to": [ 0.0, 0.2, 0.0 ],
													"uv": [ 999.0, 999.0 ],
													"rotationOrigin": [ 3.0, 0.0, 1.0 ],
													"rotationX": -2.0,
													"rotationZ": 8.0,
													"faces": {
														"north": { "texture": "#fur-main", "uv": [ 0.0, 0.0, 0.5, 0.5 ], "enabled": false },
														"east": { "texture": "#fur-main", "uv": [ 0.0, 0.0, 0.5, 0.5 ], "enabled": false },
														"south": { "texture": "#fur-main", "uv": [ 0.0, 0.0, 0.5, 0.5 ], "enabled": false },
														"west": { "texture": "#fur-main", "uv": [ 0.0, 0.0, 0.5, 0.5 ], "enabled": false },
														"up": { "texture": "#fur-main", "uv": [ 0.0, 0.0, 0.5, 0.5 ], "enabled": false },
														"down": { "texture": "#fur-main", "uv": [ 0.0, 0.0, 0.5, 0.5 ], "enabled": false }
													},
													"children": [
														{
															"name": "FRR",
															"from": [ -0.7, -0.3, 0.0 ],
															"to": [ 0.3, 2.2, 1.0 ],
															"unwrapMode": 4,
															"uv": [ 0.0, 71.5 ],
															"rotationOrigin": [ 0.3, -0.1, 1.0 ],
															"rotationY": -18.0,
															"faces": {
																"north": { "texture": "#fur-main", "uv": [ 0.0, 72.5, 1.0, 75.0 ] },
																"east": { "texture": "#fur-main", "uv": [ 3.0, 72.5, 4.0, 75.0 ] },
																"south": { "texture": "#fur-main", "uv": [ 2.0, 72.5, 3.0, 75.0 ] },
																"west": { "texture": "#fur-main", "uv": [ 1.0, 72.5, 2.0, 75.0 ] },
																"up": { "texture": "#fur-main", "uv": [ 1.0, 71.5, 2.0, 72.5 ], "rotation": 90 },
																"down": { "texture": "#fur-main", "uv": [ 1.0, 75.0, 2.0, 76.0 ], "rotation": 90 }
															}
														},
														{
															"name": "FMR",
															"from": [ -0.7, -0.3, 1.0 ],
															"to": [ 0.3, 2.2, 2.0 ],
															"unwrapMode": 4,
															"autoUnwrap": false,
															"uv": [ 8.0, 59.5 ],
															"rotationOrigin": [ 0.3, -0.1, 1.0 ],
															"rotationY": 18.0,
															"faces": {
																"north": { "texture": "#fur-main", "uv": [ 3.0, 72.5, 2.0, 75.0 ], "autoUv": false, "windMode": [-1,-1,-1,-1] },
																"east": { "texture": "#fur-main", "uv": [ 4.0, 72.5, 3.0, 75.0 ], "autoUv": false, "windMode": [-1,-1,-1,-1] },
																"south": { "texture": "#fur-main", "uv": [ 1.0, 72.5, 0.0, 75.0 ], "autoUv": false, "windMode": [-1,-1,-1,-1] },
																"west": { "texture": "#fur-main", "uv": [ 2.0, 72.5, 1.0, 75.0 ], "autoUv": false, "windMode": [-1,-1,-1,-1] },
																"up": { "texture": "#fur-main", "uv": [ 2.0, 71.5, 1.0, 72.5 ], "rotation": 90, "autoUv": false, "windMode": [-1,-1,-1,-1] },
																"down": { "texture": "#fur-main", "uv": [ 2.0, 75.0, 1.0, 76.0 ], "rotation": 90, "autoUv": false, "windMode": [-1,-1,-1,-1] }
															}
														},
														{
															"name": "FPR",
															"from": [ -0.7, -0.2, 1.2 ],
															"to": [ 0.3, 1.8, 2.2 ],
															"unwrapMode": 4,
															"autoUnwrap": false,
															"uv": [ 0.0, 67.5 ],
															"rotationOrigin": [ 1.0, 0.0, 1.0 ],
															"rotationY": 48.0,
															"faces": {
																"north": { "texture": "#fur-main", "uv": [ 0.0, 68.5, 1.0, 70.5 ], "windMode": [-1,-1,-1,-1] },
																"east": { "texture": "#fur-main", "uv": [ 3.0, 68.5, 4.0, 70.5 ], "windMode": [-1,-1,-1,-1] },
																"south": { "texture": "#fur-main", "uv": [ 2.0, 68.5, 3.0, 70.5 ], "windMode": [-1,-1,-1,-1] },
																"west": { "texture": "#fur-main", "uv": [ 2.0, 68.5, 1.0, 70.5 ], "autoUv": false, "windMode": [-1,-1,-1,-1] },
																"up": { "texture": "#fur-main", "uv": [ 1.0, 67.5, 2.0, 68.5 ], "rotation": 90, "windMode": [-1,-1,-1,-1] },
																"down": { "texture": "#fur-main", "uv": [ 1.0, 70.5, 2.0, 71.5 ], "rotation": 180, "windMode": [-1,-1,-1,-1] }
															}
														},
														{
															"name": "FSR",
															"from": [ -0.7, -0.2, -0.2 ],
															"to": [ 0.3, 1.8, 0.8 ],
															"unwrapMode": 4,
															"uv": [ 0.0, 67.5 ],
															"rotationOrigin": [ 1.0, 0.0, 1.0 ],
															"rotationY": -48.0,
															"faces": {
																"north": { "texture": "#fur-main", "uv": [ 0.0, 68.5, 1.0, 70.5 ] },
																"east": { "texture": "#fur-main", "uv": [ 3.0, 68.5, 4.0, 70.5 ], "windMode": [-1,-1,-1,-1] },
																"south": { "texture": "#fur-main", "uv": [ 2.0, 68.5, 3.0, 70.5 ] },
																"west": { "texture": "#fur-main", "uv": [ 1.0, 68.5, 2.0, 70.5 ] },
																"up": { "texture": "#fur-main", "uv": [ 1.0, 67.5, 2.0, 68.5 ], "rotation": 90 },
																"down": { "texture": "#fur-main", "uv": [ 1.0, 70.5, 2.0, 71.5 ], "rotation": 90 }
															}
														}
													]
												}
											]
										}
									]
								},
								{
									"name": "FootAttachmentR",
									"from": [ 2.0, 5.0, -0.2 ],
									"to": [ 2.0, 5.0, -0.2 ],
									"uv": [ 0.0, 0.0 ],
									"rotationOrigin": [ 2.0, 5.0, -0.2 ],
									"faces": {
										"north": { "texture": "#fur-main", "uv": [ 0.0, 0.0, 0.5, 0.5 ], "enabled": false },
										"east": { "texture": "#fur-main", "uv": [ 0.0, 0.0, 0.5, 0.5 ], "enabled": false },
										"south": { "texture": "#fur-main", "uv": [ 0.0, 0.0, 0.5, 0.5 ], "enabled": false },
										"west": { "texture": "#fur-main", "uv": [ 0.0, 0.0, 0.5, 0.5 ], "enabled": false },
										"up": { "texture": "#fur-main", "uv": [ 0.0, 0.0, 0.5, 0.5 ], "enabled": false },
										"down": { "texture": "#fur-main", "uv": [ 0.0, 0.0, 0.5, 0.5 ], "enabled": false }
									}
								}
							]
						},
						{
							"name": "LowerBackAttachment",
							"from": [ 5.4, 1.4, 3.0 ],
							"to": [ 5.4, 1.4, 3.0 ],
							"uv": [ 0.0, 0.0 ],
							"rotationOrigin": [ 5.4, 1.4, 3.0 ],
							"faces": {
								"north": { "texture": "#fur-main", "uv": [ 0.0, 0.0, 0.5, 0.5 ], "enabled": false },
								"east": { "texture": "#fur-main", "uv": [ 0.0, 0.0, 0.5, 0.5 ], "enabled": false },
								"south": { "texture": "#fur-main", "uv": [ 0.0, 0.0, 0.5, 0.5 ], "enabled": false },
								"west": { "texture": "#fur-main", "uv": [ 0.0, 0.0, 0.5, 0.5 ], "enabled": false },
								"up": { "texture": "#fur-main", "uv": [ 0.0, 0.0, 0.5, 0.5 ], "enabled": false },
								"down": { "texture": "#fur-main", "uv": [ 0.0, 0.0, 0.5, 0.5 ], "enabled": false }
							}
						},
						{
							"name": "Tail",
							"from": [ 2.0, -2.0, 1.25 ],
							"to": [ 4.0, 2.0, 3.25 ],
							"unwrapMode": 4,
							"autoUnwrap": false,
							"uv": [ 12.0, 69.5 ],
							"rotationOrigin": [ 3.0, 2.0, 2.25 ],
							"rotationZ": 10.0,
							"faces": {
								"north": { "texture": "#fur-main", "uv": [ 12.0, 72.0, 14.0, 76.0 ] },
								"east": { "texture": "#fur-main", "uv": [ 18.0, 72.0, 20.0, 76.0 ] },
								"south": { "texture": "#fur-main", "uv": [ 16.0, 72.0, 18.0, 76.0 ] },
								"west": { "texture": "#fur-main", "uv": [ 14.0, 72.0, 16.0, 76.0 ] },
								"up": { "texture": "#fur-main", "uv": [ 20.0, 72.0, 22.0, 74.0 ], "rotation": 90 },
								"down": { "texture": "#fur-main", "uv": [ 20.0, 74.0, 22.0, 76.0 ], "rotation": 90 }
							},
							"children": [
								{
									"name": "Tail2",
									"from": [ -0.25, -4.0, -0.25 ],
									"to": [ 2.25, 1.0, 2.25 ],
									"unwrapMode": 4,
									"autoUnwrap": false,
									"uv": [ 19.0, 61.5 ],
									"rotationOrigin": [ 1.0, 1.0, 1.0 ],
									"rotationZ": 10.0,
									"faces": {
										"north": { "texture": "#fur-main", "uv": [ 19.5, 66.0, 22.0, 71.0 ] },
										"east": { "texture": "#fur-main", "uv": [ 27.0, 66.0, 29.5, 71.0 ], "autoUv": false },
										"south": { "texture": "#fur-main", "uv": [ 24.5, 66.0, 27.0, 71.0 ] },
										"west": { "texture": "#fur-main", "uv": [ 22.0, 66.0, 24.5, 71.0 ] },
										"up": { "texture": "#fur-main", "uv": [ 29.5, 66.0, 32.0, 68.5 ], "rotation": 90 },
										"down": { "texture": "#fur-main", "uv": [ 29.5, 68.5, 32.0, 71.0 ], "rotation": 90 }
									},
									"children": [
										{
											"name": "Tail3",
											"from": [ 0.25, -3.5, 0.25 ],
											"to": [ 2.25, 0.5, 2.25 ],
											"unwrapMode": 4,
											"autoUnwrap": false,
											"uv": [ 22.0, 69.5 ],
											"rotationOrigin": [ 1.25, 0.5, 1.25 ],
											"rotationZ": 10.0,
											"faces": {
												"north": { "texture": "#fur-main", "uv": [ 22.0, 72.0, 24.0, 76.0 ] },
												"east": { "texture": "#fur-main", "uv": [ 28.0, 72.0, 30.0, 76.0 ] },
												"south": { "texture": "#fur-main", "uv": [ 26.0, 72.0, 28.0, 76.0 ] },
												"west": { "texture": "#fur-main", "uv": [ 24.0, 72.0, 26.0, 76.0 ] },
												"up": { "texture": "#fur-main", "uv": [ 30.0, 72.0, 32.0, 74.0 ], "rotation": 90 },
												"down": { "texture": "#fur-main", "uv": [ 30.0, 74.0, 32.0, 76.0 ], "rotation": 90 }
											},
											"children": [
												{
													"name": "Tail3D",
													"from": [ 0.0, -1.0, 0.0 ],
													"to": [ 2.0, 0.0, 2.0 ],
													"autoUnwrap": false,
													"uv": [ 22.0, 71.0 ],
													"rotationOrigin": [ 0.0, -1.0, 0.0 ],
													"faces": {
														"north": { "texture": "#fur-main", "uv": [ 26.0, 71.0, 28.0, 72.0 ] },
														"east": { "texture": "#fur-main", "uv": [ 24.0, 71.0, 26.0, 72.0 ] },
														"south": { "texture": "#fur-main", "uv": [ 22.0, 71.0, 24.0, 72.0 ] },
														"west": { "texture": "#fur-main", "uv": [ 6.0, 2.0, 8.0, 3.0 ], "enabled": false },
														"up": { "texture": "#fur-main", "uv": [ 0.0, 0.0, 2.0, 2.0 ], "enabled": false },
														"down": { "texture": "#fur-main", "uv": [ 2.0, 0.0, 4.0, 2.0 ], "enabled": false }
													}
												}
											]
										},
										{
											"name": "Tail2D",
											"from": [ 0.0, -1.0, 0.0 ],
											"to": [ 2.5, 0.0, 2.5 ],
											"autoUnwrap": false,
											"uv": [ 12.5, 71.0 ],
											"rotationOrigin": [ 0.0, -1.0, 0.0 ],
											"faces": {
												"north": { "texture": "#fur-main", "uv": [ 17.5, 71.0, 20.0, 72.0 ] },
												"east": { "texture": "#fur-main", "uv": [ 15.0, 71.0, 17.5, 72.0 ] },
												"south": { "texture": "#fur-main", "uv": [ 12.5, 71.0, 15.0, 72.0 ] },
												"west": { "texture": "#fur-main", "uv": [ 7.5, 2.5, 10.0, 3.5 ], "enabled": false },
												"up": { "texture": "#fur-main", "uv": [ 0.0, 0.0, 2.5, 2.5 ], "enabled": false },
												"down": { "texture": "#fur-main", "uv": [ 2.5, 0.0, 5.0, 2.5 ], "enabled": false }
											}
										}
									]
								}
							]
						}
					]
				}
			]
		},
		{
			"name": "headbase",
			"stepParentName": "Head",
			"from": [ 0.0, 0.0, 0.0 ],
			"to": [ 1.0, 1.0, 1.0 ],
			"uv": [ 0.0, 0.0 ],
			"renderInEditor": false,
			"faces": {
				"north": { "texture": "#fur-main", "uv": [ 0.0, 1.0, 1.0, 2.0 ], "enabled": false },
				"east": { "texture": "#fur-main", "uv": [ 1.0, 1.0, 2.0, 2.0 ], "enabled": false },
				"south": { "texture": "#fur-main", "uv": [ 2.0, 1.0, 3.0, 2.0 ], "enabled": false },
				"west": { "texture": "#fur-main", "uv": [ 3.0, 1.0, 4.0, 2.0 ], "enabled": false },
				"up": { "texture": "#fur-main", "uv": [ 0.0, 0.0, 1.0, 1.0 ], "enabled": false },
				"down": { "texture": "#fur-main", "uv": [ 1.0, 0.0, 2.0, 1.0 ], "enabled": false }
			},
			"children": [
				{
					"name": "Cube2",
					"from": [ 5.0, 1.75, 0.25 ],
					"to": [ 8.0, 3.75, 4.25 ],
					"unwrapMode": 5,
					"autoUnwrap": false,
					"uv": [ 26.0, 50.0 ],
					"rotationOrigin": [ 5.0, 3.75, 0.25 ],
					"rotationZ": -10.0,
					"faces": {
						"north": { "texture": "#fur-main", "uv": [ 6.0, 26.0, 8.0, 29.0 ], "rotation": 90 },
						"east": { "texture": "#fur-main", "uv": [ 28.0, 53.0, 30.0, 57.0 ], "rotation": 90, "enabled": false },
						"south": { "texture": "#fur-main", "uv": [ 0.0, 26.0, 2.0, 29.0 ], "rotation": 270 },
						"west": { "texture": "#fur-main", "uv": [ 26.0, 53.0, 28.0, 57.0 ], "rotation": 270, "enabled": false },
						"up": { "texture": "#fur-main", "uv": [ 2.0, 26.0, 6.0, 29.0 ], "rotation": 270 },
						"down": { "texture": "#fur-main", "uv": [ 28.0, 53.0, 31.0, 57.0 ], "enabled": false }
					}
				},
				{
					"name": "Cube5",
					"from": [ 5.0, 0.5, 0.5 ],
					"to": [ 7.5, 2.5, 4.0 ],
					"unwrapMode": 5,
					"autoUnwrap": false,
					"uv": [ 26.0, 50.0 ],
					"rotationOrigin": [ 5.0, 2.5, 0.5 ],
					"rotationZ": -20.0,
					"faces": {
						"north": { "texture": "#fur-main", "uv": [ 5.5, 23.5, 7.5, 26.0 ], "rotation": 90 },
						"east": { "texture": "#fur-main", "uv": [ 28.0, 53.0, 30.0, 56.5 ], "rotation": 90, "enabled": false },
						"south": { "texture": "#fur-main", "uv": [ 0.0, 23.5, 2.0, 26.0 ], "rotation": 270 },
						"west": { "texture": "#fur-main", "uv": [ 26.0, 53.0, 28.0, 56.5 ], "rotation": 270, "enabled": false },
						"up": { "texture": "#fur-main", "uv": [ 2.0, 23.5, 5.5, 26.0 ], "rotation": 270 },
						"down": { "texture": "#fur-main", "uv": [ 28.0, 53.0, 30.5, 56.5 ], "enabled": false }
					}
				},
				{
					"name": "Cube6",
					"from": [ 5.0, -0.5, 1.0 ],
					"to": [ 7.0, 1.5, 3.5 ],
					"unwrapMode": 5,
					"autoUnwrap": false,
					"uv": [ 26.0, 50.0 ],
					"rotationOrigin": [ 5.0, 1.5, 1.0 ],
					"rotationZ": -30.0,
					"faces": {
						"north": { "texture": "#fur-main", "uv": [ 4.5, 21.5, 6.5, 23.5 ], "rotation": 90 },
						"east": { "texture": "#fur-main", "uv": [ 28.0, 53.0, 30.0, 55.5 ], "rotation": 90, "enabled": false },
						"south": { "texture": "#fur-main", "uv": [ 0.0, 21.5, 2.0, 23.5 ], "rotation": 270 },
						"west": { "texture": "#fur-main", "uv": [ 26.0, 53.0, 28.0, 55.5 ], "rotation": 270, "enabled": false },
						"up": { "texture": "#fur-main", "uv": [ 2.0, 21.5, 4.5, 23.5 ], "rotation": 270 },
						"down": { "texture": "#fur-main", "uv": [ 28.0, 53.0, 30.0, 55.5 ], "enabled": false }
					}
				}
			]
		},
		{
			"name": "headbase",
			"stepParentName": "Head",
			"from": [ 0.0, 0.0, 0.0 ],
			"to": [ 1.0, 1.0, 1.0 ],
			"uv": [ 0.0, 0.0 ],
			"faces": {
				"north": { "texture": "#fur-main", "uv": [ 0.0, 1.0, 1.0, 2.0 ], "enabled": false },
				"east": { "texture": "#fur-main", "uv": [ 1.0, 1.0, 2.0, 2.0 ], "enabled": false },
				"south": { "texture": "#fur-main", "uv": [ 2.0, 1.0, 3.0, 2.0 ], "enabled": false },
				"west": { "texture": "#fur-main", "uv": [ 3.0, 1.0, 4.0, 2.0 ], "enabled": false },
				"up": { "texture": "#fur-main", "uv": [ 0.0, 0.0, 1.0, 1.0 ], "enabled": false },
				"down": { "texture": "#fur-main", "uv": [ 1.0, 0.0, 2.0, 1.0 ], "enabled": false }
			},
			"children": [
				{
					"name": "Cube24",
					"from": [ 5.0, 1.75, 0.25 ],
					"to": [ 7.5, 3.75, 4.25 ],
					"unwrapMode": 5,
					"autoUnwrap": false,
					"uv": [ 26.0, 50.0 ],
					"rotationOrigin": [ 5.0, 3.75, 0.25 ],
					"rotationZ": -10.0,
					"faces": {
						"north": { "texture": "#fur-main", "uv": [ 6.0, 26.5, 8.0, 29.0 ], "rotation": 90 },
						"east": { "texture": "#fur-main", "uv": [ 28.0, 53.0, 30.0, 57.0 ], "rotation": 90, "enabled": false },
						"south": { "texture": "#fur-main", "uv": [ 0.0, 26.5, 2.0, 29.0 ], "rotation": 270 },
						"west": { "texture": "#fur-main", "uv": [ 26.0, 53.0, 28.0, 57.0 ], "rotation": 270, "enabled": false },
						"up": { "texture": "#fur-main", "uv": [ 2.0, 26.5, 6.0, 29.0 ], "rotation": 270 },
						"down": { "texture": "#fur-main", "uv": [ 28.0, 53.0, 30.5, 57.0 ], "enabled": false }
					}
				},
				{
					"name": "Cube54",
					"from": [ 5.0, 0.5, 0.5 ],
					"to": [ 7.5, 2.5, 4.0 ],
					"unwrapMode": 5,
					"autoUnwrap": false,
					"uv": [ 26.0, 50.0 ],
					"rotationOrigin": [ 5.0, 2.5, 0.5 ],
					"rotationZ": -20.0,
					"faces": {
						"north": { "texture": "#fur-main", "uv": [ 5.5, 23.5, 7.5, 26.0 ], "rotation": 90 },
						"east": { "texture": "#fur-main", "uv": [ 28.0, 53.0, 30.0, 56.5 ], "rotation": 90, "enabled": false },
						"south": { "texture": "#fur-main", "uv": [ 0.0, 23.5, 2.0, 26.0 ], "rotation": 270 },
						"west": { "texture": "#fur-main", "uv": [ 26.0, 53.0, 28.0, 56.5 ], "rotation": 270, "enabled": false },
						"up": { "texture": "#fur-main", "uv": [ 2.0, 23.5, 5.5, 26.0 ], "rotation": 270 },
						"down": { "texture": "#fur-main", "uv": [ 28.0, 53.0, 30.5, 56.5 ], "enabled": false }
					}
				},
				{
					"name": "Cube64",
					"from": [ 5.0, -0.5, 1.0 ],
					"to": [ 7.0, 1.5, 3.5 ],
					"unwrapMode": 5,
					"autoUnwrap": false,
					"uv": [ 26.0, 50.0 ],
					"rotationOrigin": [ 5.0, 1.5, 1.0 ],
					"rotationZ": -30.0,
					"faces": {
						"north": { "texture": "#fur-main", "uv": [ 4.5, 21.5, 6.5, 23.5 ], "rotation": 90 },
						"east": { "texture": "#fur-main", "uv": [ 28.0, 53.0, 30.0, 55.5 ], "rotation": 90, "enabled": false },
						"south": { "texture": "#fur-main", "uv": [ 0.0, 21.5, 2.0, 23.5 ], "rotation": 270 },
						"west": { "texture": "#fur-main", "uv": [ 26.0, 53.0, 28.0, 55.5 ], "rotation": 270, "enabled": false },
						"up": { "texture": "#fur-main", "uv": [ 2.0, 21.5, 4.5, 23.5 ], "rotation": 270 },
						"down": { "texture": "#fur-main", "uv": [ 28.0, 53.0, 30.0, 55.5 ], "enabled": false }
					}
				},
				{
					"name": "Cube34",
					"from": [ 3.2, 2.05, 0.15 ],
					"to": [ 6.2, 4.05, 4.35 ],
					"unwrapMode": 5,
					"autoUnwrap": false,
					"uv": [ 26.0, 50.0 ],
					"rotationOrigin": [ 3.2, 4.05, 0.15 ],
					"rotationZ": 10.0,
					"faces": {
						"north": { "texture": "#fur-main", "uv": [ 6.0, 26.0, 8.0, 29.0 ], "rotation": 90 },
						"east": { "texture": "#fur-main", "uv": [ 28.0, 53.0, 30.0, 57.0 ], "rotation": 90, "enabled": false },
						"south": { "texture": "#fur-main", "uv": [ 0.0, 26.0, 2.0, 29.0 ], "rotation": 270 },
						"west": { "texture": "#fur-main", "uv": [ 26.0, 53.0, 28.0, 57.0 ], "rotation": 270, "enabled": false },
						"up": { "texture": "#fur-main", "uv": [ 6.0, 26.0, 2.0, 29.0 ], "rotation": 270, "autoUv": false },
						"down": { "texture": "#fur-main", "uv": [ 28.0, 53.0, 31.0, 57.0 ], "enabled": false }
					}
				}
			]
		},
		{
			"name": "headbase",
			"stepParentName": "Head",
			"from": [ 0.0, 0.0, 0.0 ],
			"to": [ 1.0, 1.0, 1.0 ],
			"uv": [ 0.0, 0.0 ],
			"faces": {
				"north": { "texture": "#fur-main", "uv": [ 0.0, 1.0, 1.0, 2.0 ], "enabled": false },
				"east": { "texture": "#fur-main", "uv": [ 1.0, 1.0, 2.0, 2.0 ], "enabled": false },
				"south": { "texture": "#fur-main", "uv": [ 2.0, 1.0, 3.0, 2.0 ], "enabled": false },
				"west": { "texture": "#fur-main", "uv": [ 3.0, 1.0, 4.0, 2.0 ], "enabled": false },
				"up": { "texture": "#fur-main", "uv": [ 0.0, 0.0, 1.0, 1.0 ], "enabled": false },
				"down": { "texture": "#fur-main", "uv": [ 1.0, 0.0, 2.0, 1.0 ], "enabled": false }
			},
			"children": [
				{
					"name": "Cube25",
					"from": [ 0.5, 1.75, 0.0 ],
					"to": [ 3.0, 2.75, 4.0 ],
					"unwrapMode": 5,
					"autoUnwrap": false,
					"uv": [ 26.0, 50.0 ],
					"rotationOrigin": [ 0.5, 2.75, 0.0 ],
					"rotationY": 90.0,
					"rotationZ": -69.0,
					"faces": {
						"north": { "texture": "#fur-main", "uv": [ 31.0, 25.0, 32.0, 27.5 ], "rotation": 90 },
						"east": { "texture": "#fur-main", "uv": [ 28.0, 53.0, 29.0, 57.0 ], "rotation": 90, "enabled": false },
						"south": { "texture": "#fur-main", "uv": [ 26.0, 25.0, 27.0, 27.5 ], "rotation": 270 },
						"west": { "texture": "#fur-main", "uv": [ 26.0, 53.0, 27.0, 57.0 ], "rotation": 270, "enabled": false },
						"up": { "texture": "#fur-main", "uv": [ 27.0, 25.0, 31.0, 27.5 ], "rotation": 270 },
						"down": { "texture": "#fur-main", "uv": [ 28.0, 53.0, 30.5, 57.0 ], "enabled": false }
					}
				},
				{
					"name": "Cube35",
					"from": [ 4.5, 1.75, 4.5 ],
					"to": [ 7.0, 2.75, 8.5 ],
					"unwrapMode": 5,
					"autoUnwrap": false,
					"uv": [ 26.0, 50.0 ],
					"rotationOrigin": [ 4.5, 2.75, 4.5 ],
					"rotationY": -90.0,
					"rotationZ": -69.0,
					"faces": {
						"north": { "texture": "#fur-main", "uv": [ 31.0, 27.5, 32.0, 30.0 ], "rotation": 90 },
						"east": { "texture": "#fur-main", "uv": [ 28.0, 53.0, 29.0, 57.0 ], "rotation": 90, "enabled": false },
						"south": { "texture": "#fur-main", "uv": [ 26.0, 27.5, 27.0, 30.0 ], "rotation": 270 },
						"west": { "texture": "#fur-main", "uv": [ 26.0, 53.0, 27.0, 57.0 ], "rotation": 270, "enabled": false },
						"up": { "texture": "#fur-main", "uv": [ 27.0, 27.5, 31.0, 30.0 ], "rotation": 270 },
						"down": { "texture": "#fur-main", "uv": [ 28.0, 53.0, 30.5, 57.0 ], "enabled": false }
					}
				}
			]
		},
		{
			"name": "headbase",
			"stepParentName": "Head",
			"from": [ 0.0, 0.0, 0.0 ],
			"to": [ 1.0, 1.0, 1.0 ],
			"uv": [ 0.0, 0.0 ],
			"faces": {
				"north": { "texture": "#fur-main", "uv": [ 0.0, 1.0, 1.0, 2.0 ], "enabled": false },
				"east": { "texture": "#fur-main", "uv": [ 1.0, 1.0, 2.0, 2.0 ], "enabled": false },
				"south": { "texture": "#fur-main", "uv": [ 2.0, 1.0, 3.0, 2.0 ], "enabled": false },
				"west": { "texture": "#fur-main", "uv": [ 3.0, 1.0, 4.0, 2.0 ], "enabled": false },
				"up": { "texture": "#fur-main", "uv": [ 0.0, 0.0, 1.0, 1.0 ], "enabled": false },
				"down": { "texture": "#fur-main", "uv": [ 1.0, 0.0, 2.0, 1.0 ], "enabled": false }
			},
			"children": [
				{
					"name": "R1",
					"from": [ 0.5, 1.0, 0.25 ],
					"to": [ 3.0, 2.0, 4.25 ],
					"unwrapMode": 5,
					"autoUnwrap": false,
					"uv": [ 26.0, 50.0 ],
					"rotationOrigin": [ 0.5, 2.0, 0.25 ],
					"rotationY": 90.0,
					"rotationZ": -69.0,
					"faces": {
						"north": { "texture": "#fur-main", "uv": [ 31.0, 25.0, 32.0, 27.5 ], "rotation": 90 },
						"east": { "texture": "#fur-main", "uv": [ 28.0, 53.0, 29.0, 57.0 ], "rotation": 90, "enabled": false },
						"south": { "texture": "#fur-main", "uv": [ 26.0, 25.0, 27.0, 27.5 ], "rotation": 270 },
						"west": { "texture": "#fur-main", "uv": [ 26.0, 53.0, 27.0, 57.0 ], "rotation": 270, "enabled": false },
						"up": { "texture": "#fur-main", "uv": [ 27.0, 25.0, 31.0, 27.5 ], "rotation": 270 },
						"down": { "texture": "#fur-main", "uv": [ 28.0, 53.0, 30.5, 57.0 ], "enabled": false }
					}
				},
				{
					"name": "L1",
					"from": [ 4.5, 1.0, 4.25 ],
					"to": [ 7.0, 2.0, 8.25 ],
					"unwrapMode": 5,
					"autoUnwrap": false,
					"uv": [ 26.0, 50.0 ],
					"rotationOrigin": [ 4.5, 2.0, 4.25 ],
					"rotationY": -90.0,
					"rotationZ": -69.0,
					"faces": {
						"north": { "texture": "#fur-main", "uv": [ 31.0, 27.5, 32.0, 30.0 ], "rotation": 90 },
						"east": { "texture": "#fur-main", "uv": [ 28.0, 53.0, 29.0, 57.0 ], "rotation": 90, "enabled": false },
						"south": { "texture": "#fur-main", "uv": [ 26.0, 27.5, 27.0, 30.0 ], "rotation": 270 },
						"west": { "texture": "#fur-main", "uv": [ 26.0, 53.0, 27.0, 57.0 ], "rotation": 270, "enabled": false },
						"up": { "texture": "#fur-main", "uv": [ 27.0, 27.5, 31.0, 30.0 ], "rotation": 270 },
						"down": { "texture": "#fur-main", "uv": [ 28.0, 53.0, 30.5, 57.0 ], "enabled": false }
					}
				},
				{
					"name": "anorhL",
					"from": [ 0.0, -0.5, 0.0 ],
					"to": [ 1.0, 0.5, 1.0 ],
					"uv": [ 0.0, 0.0 ],
					"rotationOrigin": [ 0.5, 2.5, 0.0 ],
					"rotationZ": 17.0,
					"faces": {
						"north": { "texture": "#null", "uv": [ 0.0, 1.0, 1.0, 2.0 ], "enabled": false },
						"east": { "texture": "#null", "uv": [ 1.0, 1.0, 2.0, 2.0 ], "enabled": false },
						"south": { "texture": "#null", "uv": [ 2.0, 1.0, 3.0, 2.0 ], "enabled": false },
						"west": { "texture": "#null", "uv": [ 3.0, 1.0, 4.0, 2.0 ], "enabled": false },
						"up": { "texture": "#null", "uv": [ 0.0, 0.0, 1.0, 1.0 ], "enabled": false },
						"down": { "texture": "#null", "uv": [ 1.0, 0.0, 2.0, 1.0 ], "enabled": false }
					},
					"children": [
						{
							"name": "L2",
							"from": [ 4.5, 1.75, 4.5 ],
							"to": [ 7.0, 2.75, 8.5 ],
							"unwrapMode": 5,
							"autoUnwrap": false,
							"uv": [ 26.0, 50.0 ],
							"rotationOrigin": [ 4.5, 2.75, 4.5 ],
							"rotationY": -90.0,
							"rotationZ": -69.0,
							"faces": {
								"north": { "texture": "#fur-main", "uv": [ 31.0, 27.5, 32.0, 30.0 ], "rotation": 90 },
								"east": { "texture": "#fur-main", "uv": [ 28.0, 53.0, 29.0, 57.0 ], "rotation": 90, "enabled": false },
								"south": { "texture": "#fur-main", "uv": [ 26.0, 27.5, 27.0, 30.0 ], "rotation": 270 },
								"west": { "texture": "#fur-main", "uv": [ 26.0, 53.0, 27.0, 57.0 ], "rotation": 270, "enabled": false },
								"up": { "texture": "#fur-main", "uv": [ 27.0, 27.5, 31.0, 30.0 ], "rotation": 270 },
								"down": { "texture": "#fur-main", "uv": [ 28.0, 53.0, 30.5, 57.0 ], "enabled": false }
							}
						}
					]
				},
				{
					"name": "anorhR",
					"from": [ 0.0, -0.5, 0.0 ],
					"to": [ 1.0, 0.5, 1.0 ],
					"uv": [ 0.0, 0.0 ],
					"rotationOrigin": [ 0.5, 2.5, 0.0 ],
					"rotationZ": 17.0,
					"faces": {
						"north": { "texture": "#null", "uv": [ 0.0, 1.0, 1.0, 2.0 ], "enabled": false },
						"east": { "texture": "#null", "uv": [ 1.0, 1.0, 2.0, 2.0 ], "enabled": false },
						"south": { "texture": "#null", "uv": [ 2.0, 1.0, 3.0, 2.0 ], "enabled": false },
						"west": { "texture": "#null", "uv": [ 3.0, 1.0, 4.0, 2.0 ], "enabled": false },
						"up": { "texture": "#null", "uv": [ 0.0, 0.0, 1.0, 1.0 ], "enabled": false },
						"down": { "texture": "#null", "uv": [ 1.0, 0.0, 2.0, 1.0 ], "enabled": false }
					},
					"children": [
						{
							"name": "R2",
							"from": [ 0.5, 1.75, 0.0 ],
							"to": [ 3.0, 2.75, 4.0 ],
							"unwrapMode": 5,
							"autoUnwrap": false,
							"uv": [ 26.0, 50.0 ],
							"rotationOrigin": [ 0.5, 2.75, 0.0 ],
							"rotationY": 90.0,
							"rotationZ": -69.0,
							"faces": {
								"north": { "texture": "#fur-main", "uv": [ 31.0, 25.0, 32.0, 27.5 ], "rotation": 90 },
								"east": { "texture": "#fur-main", "uv": [ 28.0, 53.0, 29.0, 57.0 ], "rotation": 90, "enabled": false },
								"south": { "texture": "#fur-main", "uv": [ 26.0, 25.0, 27.0, 27.5 ], "rotation": 270 },
								"west": { "texture": "#fur-main", "uv": [ 26.0, 53.0, 27.0, 57.0 ], "rotation": 270, "enabled": false },
								"up": { "texture": "#fur-main", "uv": [ 27.0, 25.0, 31.0, 27.5 ], "rotation": 270 },
								"down": { "texture": "#fur-main", "uv": [ 28.0, 53.0, 30.5, 57.0 ], "enabled": false }
							}
						}
					]
				}
			]
		},
		{
			"name": "bodybase",
			"stepParentName": "UpperTorso",
			"from": [ 0.0, 0.0, 0.0 ],
			"to": [ 1.0, 1.0, 1.0 ],
			"uv": [ 0.0, 0.0 ],
			"faces": {
				"north": { "texture": "#fur-main", "uv": [ 0.0, 1.0, 1.0, 2.0 ], "enabled": false },
				"east": { "texture": "#fur-main", "uv": [ 1.0, 1.0, 2.0, 2.0 ], "enabled": false },
				"south": { "texture": "#fur-main", "uv": [ 2.0, 1.0, 3.0, 2.0 ], "enabled": false },
				"west": { "texture": "#fur-main", "uv": [ 3.0, 1.0, 4.0, 2.0 ], "enabled": false },
				"up": { "texture": "#fur-main", "uv": [ 0.0, 0.0, 1.0, 1.0 ], "enabled": false },
				"down": { "texture": "#fur-main", "uv": [ 1.0, 0.0, 2.0, 1.0 ], "enabled": false }
			},
			"children": [
				{
					"name": "Cube7",
					"from": [ 5.0, 4.0, 0.75 ],
					"to": [ 8.0, 5.5, 4.75 ],
					"unwrapMode": 5,
					"autoUnwrap": false,
					"uv": [ 26.0, 50.0 ],
					"rotationOrigin": [ 5.0, 5.5, 0.75 ],
					"rotationZ": -45.0,
					"faces": {
						"north": { "texture": "#fur-main", "uv": [ 13.5, 23.0, 15.0, 26.0 ], "rotation": 90 },
						"east": { "texture": "#fur-main", "uv": [ 28.0, 53.0, 29.5, 57.0 ], "rotation": 90, "enabled": false },
						"south": { "texture": "#fur-main", "uv": [ 8.0, 23.0, 9.5, 26.0 ], "rotation": 270 },
						"west": { "texture": "#fur-main", "uv": [ 26.0, 53.0, 27.5, 57.0 ], "rotation": 270, "enabled": false },
						"up": { "texture": "#fur-main", "uv": [ 9.5, 23.0, 13.5, 26.0 ], "rotation": 270 },
						"down": { "texture": "#fur-main", "uv": [ 28.0, 53.0, 31.0, 57.0 ], "enabled": false }
					}
				},
				{
					"name": "Cube8",
					"from": [ 5.0, 2.8, 1.0 ],
					"to": [ 8.0, 4.3, 4.5 ],
					"unwrapMode": 5,
					"autoUnwrap": false,
					"uv": [ 26.0, 50.0 ],
					"rotationOrigin": [ 5.0, 4.3, 1.0 ],
					"rotationZ": -60.0,
					"faces": {
						"north": { "texture": "#fur-main", "uv": [ 13.0, 26.0, 14.5, 29.0 ], "rotation": 90 },
						"east": { "texture": "#fur-main", "uv": [ 28.0, 53.0, 29.5, 56.5 ], "rotation": 90, "enabled": false },
						"south": { "texture": "#fur-main", "uv": [ 8.0, 26.0, 9.5, 29.0 ], "rotation": 270 },
						"west": { "texture": "#fur-main", "uv": [ 26.0, 53.0, 27.5, 56.5 ], "rotation": 270, "enabled": false },
						"up": { "texture": "#fur-main", "uv": [ 9.5, 26.0, 13.0, 29.0 ], "rotation": 270 },
						"down": { "texture": "#fur-main", "uv": [ 28.0, 53.0, 31.0, 56.5 ], "enabled": false }
					}
				}
			]
		}
	]}