{
  "textureWidth":16,
  "textureHeight":16,
  "textures":{
    "material":"game:block/metal/ingot/iron"
  },
  "textureSizes":{
    "material":[
      32,
      32
    ]
  },
  "elements":[
    {
      "name":"origin",
      "from":[
        15.28004789352417,
        0.5,
        9.914989352226257
      ],
      "to":[
        15.28004789352417,
        0.5,
        9.914989352226257
      ],
      "rotationOrigin":[
        8.0,
        0.0,
        8.000000953674316
      ],
      "group":"advanced",
      "faces":{
        "north":{
          "texture":"#0",
          "uv":[
            0,
            0,
            4,
            4
          ],
          "autoUv":false
        },
        "east":{
          "texture":"#0",
          "uv":[
            0,
            0,
            4,
            4
          ],
          "autoUv":false
        },
        "south":{
          "texture":"#0",
          "uv":[
            0,
            0,
            4,
            4
          ],
          "autoUv":false
        },
        "west":{
          "texture":"#0",
          "uv":[
            0,
            0,
            4,
            4
          ],
          "autoUv":false
        },
        "up":{
          "texture":"#material",
          "uv":[
            0.0,
            0.0,
            1.0,
            1.0
          ],
          "autoUv":false,
          "rotation":180
        },
        "down":{
          "texture":"#0",
          "uv":[
            0,
            0,
            4,
            4
          ],
          "autoUv":false
        }
      },
      "children":[
        {
          "name":"advanced_head 01",
          "from":[
            9.642041981220245,
            -0.4947442412376404,
            -1.6013014316558838
          ],
          "to":[
            11.236022174358368,
            0.9949025511741638,
            -0.45819807052612305
          ],
          "rotationOrigin":[
            10.439032077789307,
            0.2500791549682617,
            -1.0297497510910034
          ],
          "rotationX":-2.6723191652481484e-13,
          "rotationY":-8.998734957904071,
          "rotationZ":5.713817953836221e-12,
          "group":"advanced",
          "faces":{
            "north":{
              "texture":"#material",
              "uv":[
                17.127235412597656,
                13.893096923828125,
                14.87276554107666,
                18.106904983520508
              ],
              "autoUv":false
            },
            "east":{
              "texture":"#material",
              "uv":[
                22.285507202148438,
                21.36988067626953,
                19.944538116455078,
                24.458553791046143
              ],
              "autoUv":false
            },
            "south":{
              "texture":"#material",
              "uv":[
                14.87276554107666,
                13.893096923828125,
                17.127235412597656,
                18.106904983520508
              ],
              "autoUv":false
            },
            "west":{
              "texture":"#material",
              "uv":[
                19.427593231201172,
                21.369876861572266,
                21.768566131591797,
                24.458553791046143
              ],
              "autoUv":false
            },
            "up":{
              "texture":"#material",
              "uv":[
                18.0,
                28.0,
                20.999998092651367,
                29.0
              ],
              "autoUv":false,
              "rotation":180
            },
            "down":{
              "texture":"#material",
              "uv":[
                18.0,
                29.0,
                20.999998092651367,
                28.0
              ],
              "autoUv":false
            }
          },
          "children":[]
        },
        {
          "name":"advanced_head 02",
          "from":[
            9.451958239078522,
            -0.6535961031913757,
            -0.6513680815696716
          ],
          "to":[
            11.064495503902435,
            1.1535959839820862,
            1.1558238863945007
          ],
          "rotationOrigin":[
            10.258226871490479,
            0.24999994039535522,
            0.25222790241241455
          ],
          "rotationX":-2.164532079288772e-12,
          "rotationY":-7.954545029102631,
          "rotationZ":-9.334673342165405e-06,
          "group":"advanced",
          "faces":{
            "north":{
              "texture":"#material",
              "uv":[
                21.23760414123535,
                10.523597717285156,
                21.415435791015625,
                13.068876266479492
              ],
              "autoUv":false,
              "rotation":270
            },
            "east":{
              "texture":"#material",
              "uv":[
                25.601499557495117,
                21.040842056274414,
                21.890472412109375,
                24.78792428970337
              ],
              "autoUv":false
            },
            "south":{
              "texture":"#material",
              "uv":[
                22.66387176513672,
                10.92218017578125,
                22.84170150756836,
                13.467466354370117
              ],
              "autoUv":false,
              "rotation":90
            },
            "west":{
              "texture":"#material",
              "uv":[
                21.427776336669922,
                21.04084014892578,
                25.138805389404297,
                24.787922382354736
              ],
              "autoUv":false
            },
            "up":{
              "texture":"#material",
              "uv":[
                18.0,
                26.0,
                20.999998092651367,
                29.0
              ],
              "autoUv":false,
              "rotation":180
            },
            "down":{
              "texture":"#material",
              "uv":[
                18.0,
                29.0,
                20.999998092651367,
                26.0
              ],
              "autoUv":false
            }
          },
          "children":[]
        },
        {
          "name":"advanced_head 03",
          "from":[
            9.57765382528305,
            0.6600131094455719,
            -0.8471173048019409
          ],
          "to":[
            11.188963949680328,
            1.0689104795455933,
            -0.4382198005914688
          ],
          "rotationOrigin":[
            10.38330888748169,
            0.8644617795944214,
            -0.642668604850769
          ],
          "rotationX":45.27696883817769,
          "rotationY":-5.615653469537546,
          "rotationZ":5.6428073134697545,
          "group":"advanced",
          "faces":{
            "north":{
              "texture":"#material",
              "uv":[
                18.0,
                28.0,
                20.999998092651367,
                28.5
              ],
              "autoUv":false
            },
            "east":{
              "texture":"#material",
              "uv":[
                22.48403549194336,
                21.640338897705078,
                21.29657554626465,
                21.640338897705078
              ],
              "autoUv":false,
              "rotation":90
            },
            "south":{
              "texture":"#material",
              "uv":[
                21.465864181518555,
                10.524494171142578,
                21.415376663208008,
                13.131610870361328
              ],
              "autoUv":false,
              "rotation":90
            },
            "west":{
              "texture":"#material",
              "uv":[
                21.427961349487305,
                21.04084014892578,
                21.427961349487305,
                22.239839553833008
              ],
              "autoUv":false
            },
            "up":{
              "texture":"#material",
              "uv":[
                21.23767852783203,
                10.588264465332031,
                21.643556594848633,
                13.067840576171875
              ],
              "autoUv":false,
              "rotation":90
            },
            "down":{
              "texture":"#material",
              "uv":[
                21.187183380126953,
                13.067840576171875,
                21.23767852783203,
                10.460721969604492
              ],
              "autoUv":false,
              "rotation":90
            }
          },
          "children":[]
        },
        {
          "name":"advanced_head 04",
          "from":[
            9.57765382528305,
            -0.5689105689525604,
            -0.8471174091100693
          ],
          "to":[
            11.188963949680328,
            -0.1600131094455719,
            -0.4382198005914688
          ],
          "rotationOrigin":[
            10.38330888748169,
            -0.36446183919906616,
            -0.642668604850769
          ],
          "rotationX":45.27696883817769,
          "rotationY":-5.615653469537546,
          "rotationZ":5.6428073134697545,
          "group":"advanced",
          "faces":{
            "north":{
              "texture":"#material",
              "uv":[
                21.009490966796875,
                10.524494171142578,
                21.415376663208008,
                13.004068374633789
              ],
              "autoUv":false,
              "rotation":270
            },
            "east":{
              "texture":"#material",
              "uv":[
                22.48403549194336,
                24.18842363357544,
                21.29657554626465,
                24.18842363357544
              ],
              "autoUv":false,
              "rotation":90
            },
            "south":{
              "texture":"#material",
              "uv":[
                21.465864181518555,
                10.524494171142578,
                21.415376663208008,
                13.131610870361328
              ],
              "autoUv":false,
              "rotation":90
            },
            "west":{
              "texture":"#material",
              "uv":[
                21.427961349487305,
                23.58892250061035,
                21.427961349487305,
                24.787922382354736
              ],
              "autoUv":false
            },
            "up":{
              "texture":"#material",
              "uv":[
                21.23767852783203,
                10.588264465332031,
                21.643556594848633,
                13.067840576171875
              ],
              "autoUv":false,
              "rotation":90
            },
            "down":{
              "texture":"#material",
              "uv":[
                18.0,
                28.5,
                20.999998092651367,
                28.0
              ],
              "autoUv":false
            }
          },
          "children":[]
        },
        {
          "name":"advanced_head 05",
          "from":[
            9.591854572296143,
            -0.36446166038513184,
            -0.9309949278831482
          ],
          "to":[
            11.196533918380737,
            0.8644618988037109,
            -0.5220974087715149
          ],
          "rotationOrigin":[
            10.394985675811768,
            0.25000011920928955,
            -0.7265461683273315
          ],
          "rotationX":-2.2555226548683363e-12,
          "rotationY":-7.954545029102631,
          "rotationZ":-9.334671713721408e-06,
          "group":"advanced",
          "faces":{
            "north":{
              "texture":"#material",
              "uv":[
                15.96066665649414,
                10.73271369934082,
                14.213153839111328,
                15.466917037963867
              ],
              "autoUv":false,
              "rotation":270
            },
            "east":{
              "texture":"#material",
              "uv":[
                22.13640022277832,
                21.640338897705078,
                21.296741485595703,
                24.18842363357544
              ],
              "autoUv":false
            },
            "south":{
              "texture":"#material",
              "uv":[
                21.332469940185547,
                10.557451248168945,
                21.50943374633789,
                13.090335845947266
              ],
              "autoUv":false,
              "rotation":90
            },
            "west":{
              "texture":"#material",
              "uv":[
                20.83404541015625,
                21.640335083007812,
                21.6737060546875,
                24.18842077255249
              ],
              "autoUv":false
            },
            "up":{
              "texture":"#material",
              "uv":[
                21.009763717651367,
                10.557453155517578,
                21.509431838989258,
                13.000152587890625
              ],
              "autoUv":false,
              "rotation":90
            },
            "down":{
              "texture":"#material",
              "uv":[
                21.18671989440918,
                13.090335845947266,
                21.332469940185547,
                10.46727180480957
              ],
              "autoUv":false,
              "rotation":90
            }
          },
          "children":[]
        },
        {
          "name":"advanced_head 06",
          "from":[
            9.331862032413483,
            -0.3889372944831848,
            0.5081347227096558
          ],
          "to":[
            10.933676183223724,
            0.8889383673667908,
            1.7860091924667358
          ],
          "rotationOrigin":[
            10.132769107818604,
            0.250000536441803,
            1.1470719575881958
          ],
          "rotationX":45.27697566836686,
          "rotationY":-5.615654750198016,
          "rotationZ":5.642809874790694,
          "group":"advanced",
          "faces":{
            "north":{
              "texture":"#material",
              "uv":[
                21.238147735595703,
                10.532705307006836,
                21.4148006439209,
                13.06106185913086
              ],
              "autoUv":false,
              "rotation":270
            },
            "east":{
              "texture":"#material",
              "uv":[
                27.455354690551758,
                22.914379119873047,
                23.744333267211914,
                22.91438102722168
              ],
              "autoUv":false
            },
            "south":{
              "texture":"#material",
              "uv":[
                20.999998092651367,
                24.0,
                18.0,
                26.0
              ],
              "autoUv":false
            },
            "west":{
              "texture":"#material",
              "uv":[
                25.140220642089844,
                21.040842056274414,
                25.140220642089844,
                24.78791570663452
              ],
              "autoUv":false
            },
            "up":{
              "texture":"#material",
              "uv":[
                18.0,
                24.0,
                20.999998092651367,
                26.0
              ],
              "autoUv":false,
              "rotation":180
            },
            "down":{
              "texture":"#material",
              "uv":[
                13.609617233276367,
                15.461563110351562,
                15.495771408081055,
                10.735815048217773
              ],
              "autoUv":false,
              "rotation":90
            }
          },
          "children":[]
        },
        {
          "name":"advanced_head 07",
          "from":[
            9.157426357269287,
            7.915496826171875e-05,
            -3.295969784259796
          ],
          "to":[
            11.247214794158936,
            0.5000791549682617,
            -1.4079894423484802
          ],
          "rotationOrigin":[
            10.202320575714111,
            0.2500791549682617,
            -2.351979613304138
          ],
          "rotationX":9.027212867456975e-15,
          "rotationY":-15.454124327401543,
          "rotationZ":8.304378965385648e-13,
          "group":"advanced",
          "faces":{
            "north":{
              "texture":"#material",
              "uv":[
                19.036771774291992,
                15.292818069458008,
                16.081045150756836,
                16.707181930541992
              ],
              "autoUv":false
            },
            "east":{
              "texture":"#material",
              "uv":[
                19.3391056060791,
                15.292818069458008,
                16.66880989074707,
                16.707181930541992
              ],
              "autoUv":false
            },
            "south":{
              "texture":"#material",
              "uv":[
                13.30036449432373,
                12.716753005981445,
                16.196809768676758,
                14.154741287231445
              ],
              "autoUv":false
            },
            "west":{
              "texture":"#material",
              "uv":[
                16.66880989074707,
                15.292818069458008,
                19.3391056060791,
                16.707181930541992
              ],
              "autoUv":false
            },
            "up":{
              "texture":"#material",
              "uv":[
                17.197032928466797,
                22.613709449768066,
                19.827991485595703,
                26.294775009155273
              ],
              "autoUv":false
            },
            "down":{
              "texture":"#material",
              "uv":[
                18.199644088745117,
                26.37485408782959,
                21.967424392700195,
                24.3978853225708
              ],
              "autoUv":false,
              "rotation":180
            }
          },
          "children":[]
        },
        {
          "name":"advanced_head 08",
          "from":[
            11.336939543485641,
            7.915496826171875e-05,
            -5.211109161376953
          ],
          "to":[
            11.967340737581253,
            0.5000791549682617,
            -3.0430686473846436
          ],
          "rotationOrigin":[
            11.652140140533447,
            0.2500791549682617,
            -4.127088904380798
          ],
          "rotationX":-7.4052997185275e-14,
          "rotationY":-3.9248717301258007,
          "rotationZ":8.126413303336998e-13,
          "group":"advanced",
          "faces":{
            "north":{
              "texture":"#material",
              "uv":[
                16.594411849975586,
                15.292818069458008,
                15.70279312133789,
                16.707181930541992
              ],
              "autoUv":false
            },
            "east":{
              "texture":"#material",
              "uv":[
                19.12123680114746,
                23.596379280090332,
                20.583513259887695,
                26.759217262268066
              ],
              "autoUv":false,
              "rotation":90
            },
            "south":{
              "texture":"#material",
              "uv":[
                15.70279312133789,
                15.292818069458008,
                16.594411849975586,
                16.707181930541992
              ],
              "autoUv":false
            },
            "west":{
              "texture":"#material",
              "uv":[
                14.466797828674316,
                15.292818069458008,
                17.533199310302734,
                16.707181930541992
              ],
              "autoUv":false
            },
            "up":{
              "texture":"#material",
              "uv":[
                20.618379592895508,
                19.996285438537598,
                21.45499038696289,
                23.413301467895508
              ],
              "autoUv":false
            },
            "down":{
              "texture":"#material",
              "uv":[
                20.360017776489258,
                23.346466064453125,
                21.713356018066406,
                20.063117027282715
              ],
              "autoUv":false,
              "rotation":180
            }
          },
          "children":[]
        },
        {
          "name":"advanced_head 09",
          "from":[
            11.094286650419235,
            -0.0005401670932769775,
            -3.0876388549804688
          ],
          "to":[
            11.724687844514847,
            0.5006984770298004,
            -0.9195983409881592
          ],
          "rotationOrigin":[
            11.409487247467041,
            0.2500791549682617,
            -2.003618597984314
          ],
          "rotationX":-3.7360707134953644e-14,
          "rotationY":-9.113053541589867,
          "rotationZ":8.164166860127222e-13,
          "group":"advanced",
          "faces":{
            "north":{
              "texture":"#material",
              "uv":[
                24.574283599853516,
                15.291065216064453,
                23.68266487121582,
                16.70893383026123
              ],
              "autoUv":false
            },
            "east":{
              "texture":"#material",
              "uv":[
                19.12123680114746,
                26.759217262268066,
                20.583513259887695,
                29.88947582244873
              ],
              "autoUv":false,
              "rotation":90
            },
            "south":{
              "texture":"#material",
              "uv":[
                16.196809768676758,
                12.724540710449219,
                17.082185745239258,
                14.146953582763672
              ],
              "autoUv":false
            },
            "west":{
              "texture":"#material",
              "uv":[
                23.13896942138672,
                15.291065216064453,
                26.205371856689453,
                16.70893383026123
              ],
              "autoUv":false
            },
            "up":{
              "texture":"#material",
              "uv":[
                20.371295928955078,
                23.25865364074707,
                20.85715103149414,
                26.728975296020508
              ],
              "autoUv":false
            },
            "down":{
              "texture":"#material",
              "uv":[
                19.77345848083496,
                26.57432746887207,
                21.454988479614258,
                23.413301467895508
              ],
              "autoUv":false,
              "rotation":180
            }
          },
          "children":[]
        },
        {
          "name":"advanced_head 10",
          "from":[
            9.385546326637268,
            0.0011839121580123901,
            -1.8838196396827698
          ],
          "to":[
            10.979524970054626,
            0.49897439777851105,
            -0.7836338877677917
          ],
          "rotationOrigin":[
            10.182535648345947,
            0.2500791549682617,
            -1.3337267637252808
          ],
          "rotationX":-2.21206544376691e-13,
          "rotationY":15.56921472246355,
          "rotationZ":8.596804023705729e-13,
          "group":"advanced",
          "faces":{
            "north":{
              "texture":"#material",
              "uv":[
                17.127256393432617,
                15.292804718017578,
                14.872743606567383,
                16.70719623565674
              ],
              "autoUv":false
            },
            "east":{
              "texture":"#material",
              "uv":[
                16.778047561645508,
                15.292804718017578,
                15.221951484680176,
                16.70719623565674
              ],
              "autoUv":false
            },
            "south":{
              "texture":"#material",
              "uv":[
                14.872743606567383,
                15.292804718017578,
                17.127256393432617,
                16.70719623565674
              ],
              "autoUv":false
            },
            "west":{
              "texture":"#material",
              "uv":[
                28.39185905456543,
                14.459510803222656,
                29.096031188964844,
                17.572150230407715
              ],
              "autoUv":false,
              "rotation":270
            },
            "up":{
              "texture":"#material",
              "uv":[
                18.199644088745117,
                26.37485408782959,
                21.967424392700195,
                27.437247276306152
              ],
              "autoUv":false
            },
            "down":{
              "texture":"#material",
              "uv":[
                28.39185905456543,
                17.572150230407715,
                26.137020111083984,
                14.459510803222656
              ],
              "autoUv":false,
              "rotation":180
            }
          },
          "children":[]
        },
        {
          "name":"advanced_head 11",
          "from":[
            9.849449813365936,
            0.25891056656837463,
            -3.2404432892799377
          ],
          "to":[
            11.443428337574005,
            0.7584970891475677,
            -1.4801241159439087
          ],
          "rotationOrigin":[
            10.64643907546997,
            0.5087038278579712,
            -2.3602837324142456
          ],
          "rotationX":-16.44816273844852,
          "rotationY":-8.636146681851129,
          "rotationZ":-2.5383388463015697,
          "group":"advanced",
          "faces":{
            "north":{
              "texture":"#material",
              "uv":[
                17.127235412597656,
                15.293401718139648,
                14.87276554107666,
                16.706597328186035
              ],
              "autoUv":false
            },
            "east":{
              "texture":"#material",
              "uv":[
                19.9434814453125,
                21.36988639831543,
                16.769046783447266,
                23.38606834411621
              ],
              "autoUv":false
            },
            "south":{
              "texture":"#material",
              "uv":[
                14.87276554107666,
                15.293401718139648,
                17.127235412597656,
                16.706597328186035
              ],
              "autoUv":false
            },
            "west":{
              "texture":"#material",
              "uv":[
                15.965696334838867,
                22.36432647705078,
                19.712942123413086,
                22.391626358032227
              ],
              "autoUv":false,
              "rotation":90
            },
            "up":{
              "texture":"#material",
              "uv":[
                18.0,
                29.0,
                20.999998092651367,
                31.0
              ],
              "autoUv":false,
              "rotation":180
            },
            "down":{
              "texture":"#material",
              "uv":[
                12.100353240966797,
                18.76771831512451,
                14.51115608215332,
                14.262371063232422
              ],
              "autoUv":false,
              "rotation":90
            }
          },
          "children":[]
        },
        {
          "name":"advanced_head 12",
          "from":[
            9.849066734313965,
            -0.2590574771165848,
            -3.235467791557312
          ],
          "to":[
            11.443044662475586,
            0.24053235352039337,
            -1.4802559614181519
          ],
          "rotationOrigin":[
            10.646055698394775,
            -0.009262561798095703,
            -2.357861876487732
          ],
          "rotationX":16.448167861090397,
          "rotationY":-8.636149243172067,
          "rotationZ":2.538342688282978,
          "group":"advanced",
          "faces":{
            "north":{
              "texture":"#material",
              "uv":[
                17.127233505249023,
                15.293397903442383,
                14.87276554107666,
                16.706603050231934
              ],
              "autoUv":false
            },
            "east":{
              "texture":"#material",
              "uv":[
                19.9434814453125,
                22.445331573486328,
                16.779088973999023,
                24.458555698394775
              ],
              "autoUv":false
            },
            "south":{
              "texture":"#material",
              "uv":[
                14.87276554107666,
                15.293397903442383,
                17.127233505249023,
                16.706603050231934
              ],
              "autoUv":false
            },
            "west":{
              "texture":"#material",
              "uv":[
                15.975736618041992,
                23.439777374267578,
                19.71294403076172,
                23.464107513427734
              ],
              "autoUv":false,
              "rotation":270
            },
            "up":{
              "texture":"#material",
              "uv":[
                12.100353240966797,
                14.262371063232422,
                14.51115608215332,
                18.76771831512451
              ],
              "autoUv":false,
              "rotation":90
            },
            "down":{
              "texture":"#material",
              "uv":[
                18.0,
                31.0,
                20.999998092651367,
                29.0
              ],
              "autoUv":false
            }
          },
          "children":[]
        },
        {
          "name":"advanced_head 13",
          "from":[
            9.539374113082886,
            0.0007387250661849976,
            -5.383713960647583
          ],
          "to":[
            11.629163980484009,
            0.49941958487033844,
            -3.0941405296325684
          ],
          "rotationOrigin":[
            10.584269046783447,
            0.2500791549682617,
            -4.238927245140076
          ],
          "rotationX":-4.3939910601414034e-14,
          "rotationY":-8.189097994069101,
          "rotationZ":8.15249796718882e-13,
          "group":"advanced",
          "faces":{
            "north":{
              "texture":"#material",
              "uv":[
                17.477863311767578,
                15.294683456420898,
                14.522135734558105,
                16.7053165435791
              ],
              "autoUv":false
            },
            "east":{
              "texture":"#material",
              "uv":[
                17.6191463470459,
                15.294683456420898,
                14.380852699279785,
                16.7053165435791
              ],
              "autoUv":false
            },
            "south":{
              "texture":"#material",
              "uv":[
                14.522135734558105,
                15.294683456420898,
                17.477863311767578,
                16.7053165435791
              ],
              "autoUv":false
            },
            "west":{
              "texture":"#material",
              "uv":[
                14.380852699279785,
                15.294683456420898,
                17.6191463470459,
                16.7053165435791
              ],
              "autoUv":false
            },
            "up":{
              "texture":"#material",
              "uv":[
                17.660751342773438,
                19.54596519470215,
                20.694238662719727,
                23.51716423034668
              ],
              "autoUv":false
            },
            "down":{
              "texture":"#material",
              "uv":[
                17.09294891357422,
                23.056105613708496,
                21.262039184570312,
                20.007025718688965
              ],
              "autoUv":false,
              "rotation":180
            }
          },
          "children":[]
        },
        {
          "name":"advanced_head 14",
          "from":[
            9.82345324754715,
            0.0014341771602630615,
            -7.630829572677612
          ],
          "to":[
            11.592094123363495,
            0.4987241327762604,
            -5.341256141662598
          ],
          "rotationOrigin":[
            10.707773685455322,
            0.2500791549682617,
            -6.486042857170105
          ],
          "rotationX":-5.742400578045857e-14,
          "rotationY":-6.284547982222058,
          "rotationZ":8.135243593929836e-13,
          "group":"advanced",
          "faces":{
            "north":{
              "texture":"#material",
              "uv":[
                17.25081443786621,
                15.296615600585938,
                14.749185562133789,
                16.703384399414062
              ],
              "autoUv":false
            },
            "east":{
              "texture":"#material",
              "uv":[
                17.61922836303711,
                15.296615600585938,
                14.38077163696289,
                16.703384399414062
              ],
              "autoUv":false
            },
            "south":{
              "texture":"#material",
              "uv":[
                14.749185562133789,
                15.296615600585938,
                17.25081443786621,
                16.703384399414062
              ],
              "autoUv":false
            },
            "west":{
              "texture":"#material",
              "uv":[
                14.38077163696289,
                15.296615600585938,
                17.61922836303711,
                16.703384399414062
              ],
              "autoUv":false
            },
            "up":{
              "texture":"#material",
              "uv":[
                18.080324172973633,
                16.138596534729004,
                20.704715728759766,
                19.963459014892578
              ],
              "autoUv":false
            },
            "down":{
              "texture":"#material",
              "uv":[
                17.643964767456055,
                19.663585662841797,
                21.141071319580078,
                16.4384708404541
              ],
              "autoUv":false,
              "rotation":180
            }
          },
          "children":[]
        },
        {
          "name":"advanced_head 15",
          "from":[
            9.9231036901474,
            0.0007387250661849976,
            -9.734992742538452
          ],
          "to":[
            11.472008347511292,
            0.49941958487033844,
            -7.4454193115234375
          ],
          "rotationOrigin":[
            10.697556018829346,
            0.2500791549682617,
            -8.590206027030945
          ],
          "rotationX":-1.0794707515849136e-13,
          "rotationY":0.8664271052975714,
          "rotationZ":8.150856634801627e-13,
          "group":"advanced",
          "faces":{
            "north":{
              "texture":"#material",
              "uv":[
                17.09535789489746,
                15.294683456420898,
                14.904641151428223,
                16.7053165435791
              ],
              "autoUv":false
            },
            "east":{
              "texture":"#material",
              "uv":[
                17.6191463470459,
                15.294683456420898,
                14.380852699279785,
                16.7053165435791
              ],
              "autoUv":false
            },
            "south":{
              "texture":"#material",
              "uv":[
                14.904641151428223,
                15.294683456420898,
                17.09535789489746,
                16.7053165435791
              ],
              "autoUv":false
            },
            "west":{
              "texture":"#material",
              "uv":[
                14.380852699279785,
                15.294683456420898,
                17.6191463470459,
                16.7053165435791
              ],
              "autoUv":false
            },
            "up":{
              "texture":"#material",
              "uv":[
                17.996400833129883,
                13.037097930908203,
                20.75305938720703,
                16.546714782714844
              ],
              "autoUv":false
            },
            "down":{
              "texture":"#material",
              "uv":[
                18.056678771972656,
                16.582993507385254,
                20.692779541015625,
                13.000822067260742
              ],
              "autoUv":false,
              "rotation":180
            }
          },
          "children":[]
        },
        {
          "name":"advanced_head 16",
          "from":[
            9.77585619688034,
            0.0014801174402236938,
            -11.839741468429565
          ],
          "to":[
            11.1776664853096,
            0.49867819249629974,
            -9.55016803741455
          ],
          "rotationOrigin":[
            10.47676134109497,
            0.2500791549682617,
            -10.694954752922058
          ],
          "rotationX":-1.5372129724441164e-13,
          "rotationY":7.133646790873601,
          "rotationZ":8.269680946357036e-13,
          "group":"advanced",
          "faces":{
            "north":{
              "texture":"#material",
              "uv":[
                16.991336822509766,
                15.29677963256836,
                15.00866413116455,
                16.703219413757324
              ],
              "autoUv":false
            },
            "east":{
              "texture":"#material",
              "uv":[
                17.6191463470459,
                15.29677963256836,
                14.380852699279785,
                16.703219413757324
              ],
              "autoUv":false
            },
            "south":{
              "texture":"#material",
              "uv":[
                15.00866413116455,
                15.29677963256836,
                16.991336822509766,
                16.703219413757324
              ],
              "autoUv":false
            },
            "west":{
              "texture":"#material",
              "uv":[
                14.380852699279785,
                15.29677963256836,
                17.6191463470459,
                16.703219413757324
              ],
              "autoUv":false
            },
            "up":{
              "texture":"#material",
              "uv":[
                17.53195571899414,
                9.907272338867188,
                20.448680877685547,
                13.156486511230469
              ],
              "autoUv":false
            },
            "down":{
              "texture":"#material",
              "uv":[
                18.026979446411133,
                13.426124572753906,
                19.953659057617188,
                9.637638092041016
              ],
              "autoUv":false,
              "rotation":180
            }
          },
          "children":[]
        },
        {
          "name":"advanced_head 17",
          "from":[
            9.414423525333405,
            0.0007387250661849976,
            -13.906778931617737
          ],
          "to":[
            10.48330157995224,
            0.49941958487033844,
            -11.617205739021301
          ],
          "rotationOrigin":[
            9.948862552642822,
            0.2500791549682617,
            -12.761992335319519
          ],
          "rotationX":-1.9622605510027767e-13,
          "rotationY":12.57876153589333,
          "rotationZ":8.457392686761574e-13,
          "group":"advanced",
          "faces":{
            "north":{
              "texture":"#material",
              "uv":[
                16.755891799926758,
                15.294683456420898,
                15.244107246398926,
                16.7053165435791
              ],
              "autoUv":false
            },
            "east":{
              "texture":"#material",
              "uv":[
                17.6191463470459,
                15.294683456420898,
                14.380851745605469,
                16.7053165435791
              ],
              "autoUv":false
            },
            "south":{
              "texture":"#material",
              "uv":[
                15.244107246398926,
                15.294683456420898,
                16.755891799926758,
                16.7053165435791
              ],
              "autoUv":false
            },
            "west":{
              "texture":"#material",
              "uv":[
                14.380851745605469,
                15.294683456420898,
                17.6191463470459,
                16.7053165435791
              ],
              "autoUv":false
            },
            "up":{
              "texture":"#material",
              "uv":[
                16.729028701782227,
                6.779949188232422,
                19.41343879699707,
                9.880578994750977
              ],
              "autoUv":false
            },
            "down":{
              "texture":"#material",
              "uv":[
                17.597152709960938,
                10.241134643554688,
                18.545312881469727,
                6.419395446777344
              ],
              "autoUv":false,
              "rotation":180
            }
          },
          "children":[]
        },
        {
          "name":"advanced_head 18",
          "from":[
            8.85017466545105,
            7.915496826171875e-05,
            -15.800427079200745
          ],
          "to":[
            9.480575799942017,
            0.5000791549682617,
            -13.510853886604309
          ],
          "rotationOrigin":[
            9.165375232696533,
            0.2500791549682617,
            -14.655640482902527
          ],
          "rotationX":-2.622239357530625e-13,
          "rotationY":20.11940307770871,
          "rotationZ":8.86366370429294e-13,
          "group":"advanced",
          "faces":{
            "north":{
              "texture":"#material",
              "uv":[
                16.44580841064453,
                15.292818069458008,
                15.554191589355469,
                16.707181930541992
              ],
              "autoUv":false
            },
            "east":{
              "texture":"#material",
              "uv":[
                17.6191463470459,
                15.292818069458008,
                14.380851745605469,
                16.707181930541992
              ],
              "autoUv":false
            },
            "south":{
              "texture":"#material",
              "uv":[
                15.554191589355469,
                15.292818069458008,
                16.44580841064453,
                16.707181930541992
              ],
              "autoUv":false
            },
            "west":{
              "texture":"#material",
              "uv":[
                14.380851745605469,
                15.292818069458008,
                17.6191463470459,
                16.707181930541992
              ],
              "autoUv":false
            },
            "up":{
              "texture":"#material",
              "uv":[
                15.5062837600708,
                3.9001922607421875,
                17.908029556274414,
                6.894222259521484
              ],
              "autoUv":false
            },
            "down":{
              "texture":"#material",
              "uv":[
                16.536861419677734,
                7.230091094970703,
                16.877458572387695,
                3.5643234252929688
              ],
              "autoUv":false,
              "rotation":90
            }
          },
          "children":[]
        },
        {
          "name":"advanced_head 19",
          "from":[
            8.246716052293777,
            0.0007387250661849976,
            -16.594755709171295
          ],
          "to":[
            8.721882313489914,
            0.49941958487033844,
            -15.536219894886017
          ],
          "rotationOrigin":[
            8.484299182891846,
            0.2500791549682617,
            -16.06548774242401
          ],
          "rotationX":-3.868604178591115e-13,
          "rotationY":31.360581347681766,
          "rotationZ":9.86982375272063e-13,
          "group":"advanced",
          "faces":{
            "north":{
              "texture":"#material",
              "uv":[
                16.336029052734375,
                15.294683456420898,
                15.663969993591309,
                16.7053165435791
              ],
              "autoUv":false
            },
            "east":{
              "texture":"#material",
              "uv":[
                16.748577117919922,
                15.294683456420898,
                15.251420021057129,
                16.7053165435791
              ],
              "autoUv":false
            },
            "south":{
              "texture":"#material",
              "uv":[
                15.663969993591309,
                15.294683456420898,
                16.336029052734375,
                16.7053165435791
              ],
              "autoUv":false
            },
            "west":{
              "texture":"#material",
              "uv":[
                15.251420974731445,
                15.294683456420898,
                16.748577117919922,
                16.7053165435791
              ],
              "autoUv":false
            },
            "up":{
              "texture":"#material",
              "uv":[
                14.688624382019043,
                2.7050018310546875,
                16.354154586791992,
                3.722013473510742
              ],
              "autoUv":false
            },
            "down":{
              "texture":"#material",
              "uv":[
                15.395044326782227,
                4.105037689208984,
                15.64772891998291,
                2.321979522705078
              ],
              "autoUv":false,
              "rotation":90
            }
          },
          "children":[]
        },
        {
          "name":"advanced_head 20",
          "from":[
            9.185078382492065,
            -0.0005401670932769775,
            -15.957449555397034
          ],
          "to":[
            9.815479516983032,
            0.5006984770298004,
            -13.667876362800598
          ],
          "rotationOrigin":[
            9.500278949737549,
            0.2500791549682617,
            -14.812662959098816
          ],
          "rotationX":-3.77858301798595e-13,
          "rotationY":30.664960731661818,
          "rotationZ":9.79030988568404e-13,
          "group":"advanced",
          "faces":{
            "north":{
              "texture":"#material",
              "uv":[
                16.594411849975586,
                15.291065216064453,
                15.702794075012207,
                16.70893383026123
              ],
              "autoUv":false
            },
            "east":{
              "texture":"#material",
              "uv":[
                19.12123680114746,
                7.846012115478516,
                20.583513259887695,
                10.725830078125
              ],
              "autoUv":false,
              "rotation":90
            },
            "south":{
              "texture":"#material",
              "uv":[
                15.702794075012207,
                15.291065216064453,
                16.594411849975586,
                16.70893383026123
              ],
              "autoUv":false
            },
            "west":{
              "texture":"#material",
              "uv":[
                14.380853652954102,
                15.291065216064453,
                17.61914825439453,
                16.70893383026123
              ],
              "autoUv":false
            },
            "up":{
              "texture":"#material",
              "uv":[
                15.801684379577637,
                3.877788543701172,
                18.778791427612305,
                6.430200576782227
              ],
              "autoUv":false
            },
            "down":{
              "texture":"#material",
              "uv":[
                16.745758056640625,
                6.928192138671875,
                17.834718704223633,
                3.379802703857422
              ],
              "autoUv":false,
              "rotation":90
            }
          },
          "children":[]
        },
        {
          "name":"advanced_head 21",
          "from":[
            10.211842268705368,
            7.915496826171875e-05,
            -13.957680344581604
          ],
          "to":[
            10.84224346280098,
            0.5000791549682617,
            -11.631096959114075
          ],
          "rotationOrigin":[
            10.527042865753174,
            0.2500791549682617,
            -12.79438865184784
          ],
          "rotationX":-2.9654059493842954e-13,
          "rotationY":23.58531939278186,
          "rotationZ":9.116236707525273e-13,
          "group":"advanced",
          "faces":{
            "north":{
              "texture":"#material",
              "uv":[
                16.594411849975586,
                15.292818069458008,
                15.702794075012207,
                16.707181930541992
              ],
              "autoUv":false
            },
            "east":{
              "texture":"#material",
              "uv":[
                19.12123680114746,
                10.72889518737793,
                20.583513259887695,
                13.846807479858398
              ],
              "autoUv":false,
              "rotation":90
            },
            "south":{
              "texture":"#material",
              "uv":[
                15.702794075012207,
                15.292818069458008,
                16.594411849975586,
                16.707181930541992
              ],
              "autoUv":false
            },
            "west":{
              "texture":"#material",
              "uv":[
                14.354679107666016,
                15.292818069458008,
                17.645320892333984,
                16.707181930541992
              ],
              "autoUv":false
            },
            "up":{
              "texture":"#material",
              "uv":[
                17.764564514160156,
                6.824129104614258,
                20.391155242919922,
                9.736043930053711
              ],
              "autoUv":false
            },
            "down":{
              "texture":"#material",
              "uv":[
                18.770435333251953,
                10.126726150512695,
                19.38528823852539,
                6.433446884155273
              ],
              "autoUv":false,
              "rotation":90
            }
          },
          "children":[]
        },
        {
          "name":"advanced_head 22",
          "from":[
            10.942188948392868,
            -0.0005401670932769775,
            -11.812028646469116
          ],
          "to":[
            11.57259014248848,
            0.5006984770298004,
            -9.522455215454102
          ],
          "rotationOrigin":[
            11.257389545440674,
            0.2500791549682617,
            -10.667241930961609
          ],
          "rotationX":-2.099127507292597e-13,
          "rotationY":14.23747212205728,
          "rotationZ":8.531377855230775e-13,
          "group":"advanced",
          "faces":{
            "north":{
              "texture":"#material",
              "uv":[
                16.594411849975586,
                15.291065216064453,
                15.702794075012207,
                16.70893383026123
              ],
              "autoUv":false
            },
            "east":{
              "texture":"#material",
              "uv":[
                19.12123680114746,
                13.846807479858398,
                20.583513259887695,
                17.091960906982422
              ],
              "autoUv":false,
              "rotation":90
            },
            "south":{
              "texture":"#material",
              "uv":[
                15.702794075012207,
                15.291065216064453,
                16.594411849975586,
                16.70893383026123
              ],
              "autoUv":false
            },
            "west":{
              "texture":"#material",
              "uv":[
                14.380853652954102,
                15.291065216064453,
                17.61914825439453,
                16.70893383026123
              ],
              "autoUv":false
            },
            "up":{
              "texture":"#material",
              "uv":[
                19.327308654785156,
                9.976188659667969,
                21.37152099609375,
                13.173423767089844
              ],
              "autoUv":false
            },
            "down":{
              "texture":"#material",
              "uv":[
                20.30768394470215,
                13.41356086730957,
                20.39114761352539,
                9.736043930053711
              ],
              "autoUv":false,
              "rotation":180
            }
          },
          "children":[]
        },
        {
          "name":"advanced_head 23",
          "from":[
            11.319203108549118,
            7.915496826171875e-05,
            -9.611266851425171
          ],
          "to":[
            11.94960430264473,
            0.5000791549682617,
            -7.321693420410156
          ],
          "rotationOrigin":[
            11.634403705596924,
            0.2500791549682617,
            -8.466480135917664
          ],
          "rotationX":-1.3935688469878382e-13,
          "rotationY":5.204317706491399,
          "rotationZ":8.222377378119388e-13,
          "group":"advanced",
          "faces":{
            "north":{
              "texture":"#material",
              "uv":[
                16.594411849975586,
                15.292818069458008,
                15.702794075012207,
                16.707181930541992
              ],
              "autoUv":false
            },
            "east":{
              "texture":"#material",
              "uv":[
                19.12123680114746,
                17.091960906982422,
                20.583513259887695,
                20.426149368286133
              ],
              "autoUv":false,
              "rotation":90
            },
            "south":{
              "texture":"#material",
              "uv":[
                15.702794075012207,
                15.292818069458008,
                16.594411849975586,
                16.707181930541992
              ],
              "autoUv":false
            },
            "west":{
              "texture":"#material",
              "uv":[
                14.380852699279785,
                15.292818069458008,
                17.6191463470459,
                16.707181930541992
              ],
              "autoUv":false
            },
            "up":{
              "texture":"#material",
              "uv":[
                20.27851104736328,
                13.261991500854492,
                21.733108520507812,
                16.705102920532227
              ],
              "autoUv":false
            },
            "down":{
              "texture":"#material",
              "uv":[
                20.640087127685547,
                16.793668746948242,
                21.37152862548828,
                13.173423767089844
              ],
              "autoUv":false,
              "rotation":180
            }
          },
          "children":[]
        },
        {
          "name":"advanced_head 24",
          "from":[
            11.416073888540268,
            -0.0005401670932769775,
            -7.356665730476379
          ],
          "to":[
            12.046474367380142,
            0.5006984770298004,
            -5.18862783908844
          ],
          "rotationOrigin":[
            11.731274127960205,
            0.2500791549682617,
            -6.27264678478241
          ],
          "rotationX":-9.964942895602929e-14,
          "rotationY":-0.29980112177736623,
          "rotationZ":8.139694409814801e-13,
          "group":"advanced",
          "faces":{
            "north":{
              "texture":"#material",
              "uv":[
                16.594411849975586,
                15.291065216064453,
                15.702794075012207,
                16.70893383026123
              ],
              "autoUv":false
            },
            "east":{
              "texture":"#material",
              "uv":[
                19.12123680114746,
                20.426149368286133,
                20.583513259887695,
                23.596379280090332
              ],
              "autoUv":false,
              "rotation":90
            },
            "south":{
              "texture":"#material",
              "uv":[
                15.702794075012207,
                15.291065216064453,
                16.594411849975586,
                16.70893383026123
              ],
              "autoUv":false
            },
            "west":{
              "texture":"#material",
              "uv":[
                14.466798782348633,
                15.291065216064453,
                17.533201217651367,
                16.70893383026123
              ],
              "autoUv":false
            },
            "up":{
              "texture":"#material",
              "uv":[
                20.635570526123047,
                16.699992179870605,
                21.713354110717773,
                20.063117027282715
              ],
              "autoUv":false
            },
            "down":{
              "texture":"#material",
              "uv":[
                20.61582374572754,
                20.058003425598145,
                21.73310661315918,
                16.705102920532227
              ],
              "autoUv":false,
              "rotation":180
            }
          },
          "children":[]
        },
        {
          "name":"advanced_head 25",
          "from":[
            8.169154554605484,
            7.915496826171875e-05,
            -17.655146718025208
          ],
          "to":[
            8.51506194472313,
            0.5000791549682617,
            -15.554571747779846
          ],
          "rotationOrigin":[
            8.342108249664307,
            0.2500791549682617,
            -16.604859232902527
          ],
          "rotationX":-5.82556619125259e-13,
          "rotationY":43.23386801213011,
          "rotationZ":1.1729291252491195e-12,
          "group":"advanced",
          "faces":{
            "north":{
              "texture":"#material",
              "uv":[
                16.326160430908203,
                15.292818069458008,
                15.836919784545898,
                16.707181930541992
              ],
              "autoUv":false
            },
            "east":{
              "texture":"#material",
              "uv":[
                19.12123680114746,
                5.6081390380859375,
                20.583511352539062,
                7.846012115478516
              ],
              "autoUv":false,
              "rotation":90
            },
            "south":{
              "texture":"#material",
              "uv":[
                15.836919784545898,
                15.292818069458008,
                16.326160430908203,
                16.707181930541992
              ],
              "autoUv":false
            },
            "west":{
              "texture":"#material",
              "uv":[
                14.514509201049805,
                15.292818069458008,
                17.485490798950195,
                16.707181930541992
              ],
              "autoUv":false
            },
            "up":{
              "texture":"#material",
              "uv":[
                13.801912307739258,
                1.3763618469238281,
                16.745752334594727,
                3.379802703857422
              ],
              "autoUv":false
            },
            "down":{
              "texture":"#material",
              "uv":[
                14.240673065185547,
                3.7467880249023438,
                16.30698585510254,
                1.009368896484375
              ],
              "autoUv":false,
              "rotation":90
            }
          },
          "children":[]
        },
        {
          "name":"advanced_head 26",
          "from":[
            7.70832234621048,
            0.0009628832340240479,
            -17.45416110754013
          ],
          "to":[
            8.012511432170868,
            0.4991954267024994,
            -16.395625412464142
          ],
          "rotationOrigin":[
            7.860416889190674,
            0.2500791549682617,
            -16.924893260002136
          ],
          "rotationX":-3.868604178591115e-13,
          "rotationY":31.360581347681766,
          "rotationZ":9.86982375272063e-13,
          "group":"advanced",
          "faces":{
            "north":{
              "texture":"#material",
              "uv":[
                16.215116500854492,
                15.295316696166992,
                15.784881591796875,
                16.70468235015869
              ],
              "autoUv":false
            },
            "east":{
              "texture":"#material",
              "uv":[
                16.748577117919922,
                15.295316696166992,
                15.251420974731445,
                16.70468235015869
              ],
              "autoUv":false
            },
            "south":{
              "texture":"#material",
              "uv":[
                15.784881591796875,
                15.295316696166992,
                16.215116500854492,
                16.70468235015869
              ],
              "autoUv":false
            },
            "west":{
              "texture":"#material",
              "uv":[
                15.251420974731445,
                15.295316696166992,
                16.748577117919922,
                16.70468235015869
              ],
              "autoUv":false
            },
            "up":{
              "texture":"#material",
              "uv":[
                13.729527473449707,
                1.3049659729003906,
                15.140859603881836,
                2.459796905517578
              ],
              "autoUv":false
            },
            "down":{
              "texture":"#material",
              "uv":[
                14.18175220489502,
                2.7050018310546875,
                14.688632011413574,
                1.0597705841064453
              ],
              "autoUv":false,
              "rotation":90
            }
          },
          "children":[]
        },
        {
          "name":"advanced_head 27",
          "from":[
            7.48029188811779,
            0.0006988942623138428,
            -17.519525304436684
          ],
          "to":[
            7.723089650273323,
            0.4994591772556305,
            -17.26679228246212
          ],
          "rotationOrigin":[
            7.601690769195557,
            0.25007903575897217,
            -17.393158793449402
          ],
          "rotationX":-7.972929342901368e-15,
          "rotationY":-13.173114352184085,
          "rotationZ":8.241577375724988e-13,
          "group":"advanced",
          "faces":{
            "north":{
              "texture":"#material",
              "uv":[
                19.121234893798828,
                5.5272216796875,
                20.583511352539062,
                5.6081390380859375
              ],
              "autoUv":false,
              "rotation":90
            },
            "east":{
              "texture":"#material",
              "uv":[
                15.167795181274414,
                15.294570922851562,
                14.810338973999023,
                16.705429077148438
              ],
              "autoUv":false
            },
            "south":{
              "texture":"#material",
              "uv":[
                14.820878028869629,
                15.294570922851562,
                15.16428279876709,
                16.705429077148438
              ],
              "autoUv":false
            },
            "west":{
              "texture":"#material",
              "uv":[
                20.208511352539062,
                5.5272216796875,
                18.746234893798828,
                5.887065887451172
              ],
              "autoUv":false,
              "rotation":270
            },
            "up":{
              "texture":"#material",
              "uv":[
                13.829080581665039,
                0.9236602783203125,
                14.140403747558594,
                1.3905181884765625
              ],
              "autoUv":false
            },
            "down":{
              "texture":"#material",
              "uv":[
                13.728805541992188,
                1.3048171997070312,
                14.240679740905762,
                1.0093650817871094
              ],
              "autoUv":false,
              "rotation":180
            }
          },
          "children":[]
        },
        {
          "name":"advanced_head 28",
          "from":[
            9.018427833914757,
            0.07330305874347687,
            -3.574400782585144
          ],
          "to":[
            9.371980682015419,
            0.4268557280302048,
            -1.6864184141159058
          ],
          "rotationOrigin":[
            9.195204257965088,
            0.2500793933868408,
            -2.630409598350525
          ],
          "rotationX":1.164784363889566e-06,
          "rotationY":-15.454124327401543,
          "rotationZ":45.000021742806595,
          "group":"advanced",
          "faces":{
            "north":{
              "texture":"#material",
              "uv":[
                16.187519073486328,
                15.374935150146484,
                15.687466621398926,
                16.375041007995605
              ],
              "autoUv":false
            },
            "east":{
              "texture":"#material",
              "uv":[
                17.335147857666016,
                15.374935150146484,
                14.664851188659668,
                16.375041007995605
              ],
              "autoUv":false
            },
            "south":{
              "texture":"#material",
              "uv":[
                15.687466621398926,
                15.374935150146484,
                16.187519073486328,
                16.375041007995605
              ],
              "autoUv":false
            },
            "west":{
              "texture":"#material",
              "uv":[
                25.73619842529297,
                11.03948974609375,
                23.640579223632812,
                12.329559326171875
              ],
              "autoUv":false,
              "rotation":180
            },
            "up":{
              "texture":"#material",
              "uv":[
                23.640579223632812,
                11.03948974609375,
                25.73619842529297,
                12.329559326171875
              ],
              "autoUv":false,
              "rotation":90
            },
            "down":{
              "texture":"#material",
              "uv":[
                14.664852142333984,
                16.625067710876465,
                17.335147857666016,
                15.624961853027344
              ],
              "autoUv":false,
              "rotation":90
            }
          },
          "children":[]
        },
        {
          "name":"advanced_head 29",
          "from":[
            9.37401668727398,
            0.07362189888954163,
            -5.532504320144653
          ],
          "to":[
            9.726669386029243,
            0.4271737039089203,
            -3.2429308891296387
          ],
          "rotationOrigin":[
            9.550343036651611,
            0.25039780139923096,
            -4.387717604637146
          ],
          "rotationX":-4.646052908043098e-06,
          "rotationY":-8.189097994069101,
          "rotationZ":44.9999978371445,
          "group":"advanced",
          "faces":{
            "north":{
              "texture":"#material",
              "uv":[
                16.187042236328125,
                15.366737365722656,
                15.688262939453125,
                16.366840362548828
              ],
              "autoUv":false
            },
            "east":{
              "texture":"#material",
              "uv":[
                17.61914825439453,
                15.366737365722656,
                14.380853652954102,
                16.366840362548828
              ],
              "autoUv":false
            },
            "south":{
              "texture":"#material",
              "uv":[
                15.688262939453125,
                15.366737365722656,
                16.187042236328125,
                16.366840362548828
              ],
              "autoUv":false
            },
            "west":{
              "texture":"#material",
              "uv":[
                23.987468719482422,
                11.03948974609375,
                21.377647399902344,
                12.329559326171875
              ],
              "autoUv":false,
              "rotation":180
            },
            "up":{
              "texture":"#material",
              "uv":[
                21.377647399902344,
                11.03948974609375,
                23.987468719482422,
                12.329559326171875
              ],
              "autoUv":false,
              "rotation":90
            },
            "down":{
              "texture":"#material",
              "uv":[
                14.380853652954102,
                16.615276336669922,
                17.61914825439453,
                15.617717742919922
              ],
              "autoUv":false,
              "rotation":90
            }
          },
          "children":[]
        },
        {
          "name":"advanced_head 30",
          "from":[
            9.653838038444519,
            0.07317224144935608,
            -7.72752833366394
          ],
          "to":[
            10.005590558052063,
            0.4276237189769745,
            -5.437954902648926
          ],
          "rotationOrigin":[
            9.829714298248291,
            0.2503979802131653,
            -6.582741618156433
          ],
          "rotationX":-7.863778961068816e-07,
          "rotationY":-6.284541578919711,
          "rotationZ":45.00000466733367,
          "group":"advanced",
          "faces":{
            "north":{
              "texture":"#material",
              "uv":[
                16.186565399169922,
                15.34874153137207,
                15.689058303833008,
                16.35138988494873
              ],
              "autoUv":false
            },
            "east":{
              "texture":"#material",
              "uv":[
                17.6191463470459,
                15.34874153137207,
                14.380852699279785,
                16.35138988494873
              ],
              "autoUv":false
            },
            "south":{
              "texture":"#material",
              "uv":[
                15.689058303833008,
                15.34874153137207,
                16.186565399169922,
                16.35138988494873
              ],
              "autoUv":false
            },
            "west":{
              "texture":"#material",
              "uv":[
                21.469942092895508,
                11.03948974609375,
                18.849084854125977,
                12.329559326171875
              ],
              "autoUv":false,
              "rotation":180
            },
            "up":{
              "texture":"#material",
              "uv":[
                18.849084854125977,
                11.03948974609375,
                21.469942092895508,
                12.329559326171875
              ],
              "autoUv":false,
              "rotation":90
            },
            "down":{
              "texture":"#material",
              "uv":[
                14.380853652954102,
                16.597280502319336,
                17.61914825439453,
                15.602266311645508
              ],
              "autoUv":false,
              "rotation":90
            }
          },
          "children":[]
        },
        {
          "name":"advanced_head 31",
          "from":[
            9.749856367707253,
            0.06499643623828888,
            -9.723334074020386
          ],
          "to":[
            10.103408440947533,
            0.42828111350536346,
            -7.433760643005371
          ],
          "rotationOrigin":[
            9.926632404327393,
            0.24663877487182617,
            -8.578547358512878
          ],
          "rotationX":-5.466545026552358e-07,
          "rotationY":0.8664244372549269,
          "rotationZ":45.000014912617424,
          "group":"advanced",
          "faces":{
            "north":{
              "texture":"#material",
              "uv":[
                16.187519073486328,
                15.269004821777344,
                15.687467575073242,
                16.296640396118164
              ],
              "autoUv":false
            },
            "east":{
              "texture":"#material",
              "uv":[
                17.61914825439453,
                15.269004821777344,
                14.380853652954102,
                16.296640396118164
              ],
              "autoUv":false
            },
            "south":{
              "texture":"#material",
              "uv":[
                15.687467575073242,
                15.269004821777344,
                16.187519073486328,
                16.296640396118164
              ],
              "autoUv":false
            },
            "west":{
              "texture":"#material",
              "uv":[
                19.197172164916992,
                11.03948974609375,
                16.56077003479004,
                12.329559326171875
              ],
              "autoUv":false,
              "rotation":180
            },
            "up":{
              "texture":"#material",
              "uv":[
                16.56077003479004,
                11.03948974609375,
                19.197172164916992,
                12.329559326171875
              ],
              "autoUv":false,
              "rotation":90
            },
            "down":{
              "texture":"#material",
              "uv":[
                14.380852699279785,
                16.536341667175293,
                17.6191463470459,
                15.536237716674805
              ],
              "autoUv":false,
              "rotation":90
            }
          },
          "children":[]
        },
        {
          "name":"advanced_head 32",
          "from":[
            9.604500398039818,
            0.0733022540807724,
            -11.752700567245483
          ],
          "to":[
            9.958053961396217,
            0.4268554598093033,
            -9.463127136230469
          ],
          "rotationOrigin":[
            9.781277179718018,
            0.25007885694503784,
            -10.607913851737976
          ],
          "rotationX":3.1582472887052295e-07,
          "rotationY":7.133645083326309,
          "rotationZ":45.00001149752284,
          "group":"advanced",
          "faces":{
            "north":{
              "texture":"#material",
              "uv":[
                16.18752098083496,
                15.374935150146484,
                15.687466621398926,
                16.375041961669922
              ],
              "autoUv":false
            },
            "east":{
              "texture":"#material",
              "uv":[
                17.6191463470459,
                15.374935150146484,
                14.380852699279785,
                16.375041961669922
              ],
              "autoUv":false
            },
            "south":{
              "texture":"#material",
              "uv":[
                15.687466621398926,
                15.374935150146484,
                16.18752098083496,
                16.375041961669922
              ],
              "autoUv":false
            },
            "west":{
              "texture":"#material",
              "uv":[
                16.865772247314453,
                11.03948974609375,
                14.249478340148926,
                12.329559326171875
              ],
              "autoUv":false,
              "rotation":180
            },
            "up":{
              "texture":"#material",
              "uv":[
                14.249478340148926,
                11.03948974609375,
                16.865772247314453,
                12.329559326171875
              ],
              "autoUv":false,
              "rotation":90
            },
            "down":{
              "texture":"#material",
              "uv":[
                14.380852699279785,
                16.62506866455078,
                17.6191463470459,
                15.624961853027344
              ],
              "autoUv":false,
              "rotation":90
            }
          },
          "children":[]
        },
        {
          "name":"advanced_head 33",
          "from":[
            9.259890794754028,
            0.06990978121757507,
            -13.79158091545105
          ],
          "to":[
            9.6052987575531,
            0.43081167340278625,
            -11.502007484436035
          ],
          "rotationOrigin":[
            9.432594776153564,
            0.25036072731018066,
            -12.646794199943542
          ],
          "rotationX":-1.7477464503443923e-06,
          "rotationY":12.57874787551499,
          "rotationZ":45.00000125223908,
          "group":"advanced",
          "faces":{
            "north":{
              "texture":"#material",
              "uv":[
                16.18320083618164,
                15.220697402954102,
                15.694666862487793,
                16.241592407226562
              ],
              "autoUv":false
            },
            "east":{
              "texture":"#material",
              "uv":[
                17.6191463470459,
                15.220697402954102,
                14.380852699279785,
                16.241592407226562
              ],
              "autoUv":false
            },
            "south":{
              "texture":"#material",
              "uv":[
                15.694666862487793,
                15.220697402954102,
                16.18320083618164,
                16.241592407226562
              ],
              "autoUv":false
            },
            "west":{
              "texture":"#material",
              "uv":[
                14.509082794189453,
                11.03948974609375,
                11.93566608428955,
                12.329559326171875
              ],
              "autoUv":false,
              "rotation":180
            },
            "up":{
              "texture":"#material",
              "uv":[
                11.93566608428955,
                11.03948974609375,
                14.509082794189453,
                12.329559326171875
              ],
              "autoUv":false,
              "rotation":90
            },
            "down":{
              "texture":"#material",
              "uv":[
                14.380853652954102,
                16.469423294067383,
                17.61914825439453,
                15.49235725402832
              ],
              "autoUv":false,
              "rotation":90
            }
          },
          "children":[]
        },
        {
          "name":"advanced_head 34",
          "from":[
            8.692633524537086,
            0.0733027458190918,
            -15.692005634307861
          ],
          "to":[
            9.046186551451683,
            0.42685556411743164,
            -13.402432680130005
          ],
          "rotationOrigin":[
            8.869410037994385,
            0.2500791549682617,
            -14.547219157218933
          ],
          "rotationX":-1.44316391360647e-06,
          "rotationY":20.11940307770871,
          "rotationZ":45.00000125223908,
          "group":"advanced",
          "faces":{
            "north":{
              "texture":"#material",
              "uv":[
                16.18752098083496,
                15.374937057495117,
                15.687466621398926,
                16.375041961669922
              ],
              "autoUv":false
            },
            "east":{
              "texture":"#material",
              "uv":[
                17.6191463470459,
                15.374937057495117,
                14.380851745605469,
                16.375041961669922
              ],
              "autoUv":false
            },
            "south":{
              "texture":"#material",
              "uv":[
                15.687466621398926,
                15.374937057495117,
                16.18752098083496,
                16.375041961669922
              ],
              "autoUv":false
            },
            "west":{
              "texture":"#material",
              "uv":[
                12.290611267089844,
                11.03948974609375,
                9.839956283569336,
                12.329559326171875
              ],
              "autoUv":false,
              "rotation":180
            },
            "up":{
              "texture":"#material",
              "uv":[
                9.839956283569336,
                11.03948974609375,
                12.290611267089844,
                12.329559326171875
              ],
              "autoUv":false,
              "rotation":90
            },
            "down":{
              "texture":"#material",
              "uv":[
                14.380851745605469,
                16.625069618225098,
                17.6191463470459,
                15.624961853027344
              ],
              "autoUv":false,
              "rotation":90
            }
          },
          "children":[]
        },
        {
          "name":"advanced_head 35",
          "from":[
            8.064221546053886,
            0.07311004400253296,
            -16.459633260965347
          ],
          "to":[
            8.417388752102852,
            0.4270482659339905,
            -15.556310027837753
          ],
          "rotationOrigin":[
            8.24080514907837,
            0.2500791549682617,
            -16.00797164440155
          ],
          "rotationX":-4.310053208383803e-06,
          "rotationY":31.360554026925087,
          "rotationZ":45.00000466733367,
          "group":"advanced",
          "faces":{
            "north":{
              "texture":"#material",
              "uv":[
                16.187314987182617,
                15.367223739624023,
                15.6878080368042,
                16.368420600891113
              ],
              "autoUv":false
            },
            "east":{
              "texture":"#material",
              "uv":[
                16.63881492614746,
                15.367223739624023,
                15.361185073852539,
                16.368420600891113
              ],
              "autoUv":false
            },
            "south":{
              "texture":"#material",
              "uv":[
                15.6878080368042,
                15.367223739624023,
                16.187314987182617,
                16.368420600891113
              ],
              "autoUv":false
            },
            "west":{
              "texture":"#material",
              "uv":[
                9.839956283569336,
                11.03948974609375,
                8.951652526855469,
                12.329559326171875
              ],
              "autoUv":false,
              "rotation":180
            },
            "up":{
              "texture":"#material",
              "uv":[
                8.951652526855469,
                11.03948974609375,
                9.839956283569336,
                12.329559326171875
              ],
              "autoUv":false,
              "rotation":90
            },
            "down":{
              "texture":"#material",
              "uv":[
                15.361185073852539,
                16.617356300354004,
                16.63881492614746,
                15.618341445922852
              ],
              "autoUv":false,
              "rotation":90
            }
          },
          "children":[]
        },
        {
          "name":"advanced_head 36",
          "from":[
            7.553660541772842,
            0.07329176366329193,
            -17.374826908111572
          ],
          "to":[
            7.90682777762413,
            0.4270172268152237,
            -16.316291093826294
          ],
          "rotationOrigin":[
            7.730244159698486,
            0.2501544952392578,
            -16.845559000968933
          ],
          "rotationX":-4.310053208383803e-06,
          "rotationY":31.360554026925087,
          "rotationZ":45.00000466733367,
          "group":"advanced",
          "faces":{
            "north":{
              "texture":"#material",
              "uv":[
                16.187314987182617,
                15.36954116821289,
                15.687807083129883,
                16.37013530731201
              ],
              "autoUv":false
            },
            "east":{
              "texture":"#material",
              "uv":[
                16.748577117919922,
                15.36954116821289,
                15.251420974731445,
                16.37013530731201
              ],
              "autoUv":false
            },
            "south":{
              "texture":"#material",
              "uv":[
                15.687807083129883,
                15.36954116821289,
                16.187314987182617,
                16.37013530731201
              ],
              "autoUv":false
            },
            "west":{
              "texture":"#material",
              "uv":[
                8.951652526855469,
                11.03948974609375,
                7.910761833190918,
                12.329559326171875
              ],
              "autoUv":false,
              "rotation":180
            },
            "up":{
              "texture":"#material",
              "uv":[
                7.910761833190918,
                11.03948974609375,
                8.951652526855469,
                12.329559326171875
              ],
              "autoUv":false,
              "rotation":90
            },
            "down":{
              "texture":"#material",
              "uv":[
                15.251420021057129,
                16.61929702758789,
                16.748577117919922,
                15.620281219482422
              ],
              "autoUv":false,
              "rotation":90
            }
          },
          "children":[]
        }
      ]
    }
  ],
  "groups":[]
}