﻿[
    // Ferocidon
    {
        "side": "server",
        "file": "ferocidons:entities/land/ferocidon",
        "op": "add",
        "path": "/server/behaviors/-",
        "value": {
            "code": "EntityBleedingBehavior"
        }
    },
    {
        "side": "server",
        "file": "ferocidons:entities/land/ferocidon",
        "op": "add",
        "path": "/client/behaviors/-",
        "value": {
            "code": "EntityBleedingBehaviorParticles"
        }
    }
]