{
	"code": "walkway",
	"class": "BlockStairs",
	"blockmaterial": "Wood",
	"drawtype": "JSON",
	"variantgroups": [
		{ "code": "material", "states": [ "aged", "bamboo", "wood" ], "loadFromProperties": "game:block/wood" },
		{ "code": "part", "states": [ "stairs" ] },
		{ "loadFromProperties": "game:abstract/verticalorientation" },
		{ "loadFromProperties": "game:abstract/horizontalorientation" },
		{ "code": "cover", "states": [ "free", "snow" ] }
	],
	"skipVariants": [ "*-darkaged-*", "*-lightaged-*" ],
	"attributesByType": {
		"*-up-north-free": {
			"handbook": { "groupBy": ["walkway-*-{part}-*"] }
		},
		"*": {
			"handbook": { "exclude": true },
			"partialAttachable": true
		}
	},
	"creativeinventory": { "bradysthings": [ "*-up-north-free" ], "construction": [ "*-up-north-free" ], "general": [ "*-up-north-free" ] },
	"shapeByType": {
		"*-bamboo-*-down-*": {
			"base": "block/{material}/walkway/{cover}/stairs-{verticalorientation}.json",	
			"rotateYByType": {
				"*-north-*": 0,
				"*-east-*": 270,
				"*-south-*": 180,
				"*-west-*": 90
			}
		},
		"*-bamboo-*-up-*": {
			"base": "block/{material}/walkway/{cover}/stairs-{verticalorientation}.json",	
			"rotateYByType": {
				"*-north-*": 0,
				"*-east-*": 270,
				"*-south-*": 180,
				"*-west-*": 90
			}
		},
		"*-wood-*-down-*": {
			"base": "block/wood/walkway/{cover}/stairs-{verticalorientation}.json",	
			"rotateYByType": {
				"*-north-*": 0,
				"*-east-*": 270,
				"*-south-*": 180,
				"*-west-*": 90
			}
		},
		"*-wood-*-up-*": {
			"base": "block/wood/walkway/{cover}/stairs-{verticalorientation}.json",	
			"rotateYByType": {
				"*-north-*": 0,
				"*-east-*": 270,
				"*-south-*": 180,
				"*-west-*": 90
			}
		},
		"*-down-*": {
			"base": "block/wood/typed/walkway/{cover}/stairs-{verticalorientation}.json",	
			"rotateYByType": {
				"*-north-*": 0,
				"*-east-*": 270,
				"*-south-*": 180,
				"*-west-*": 90
			}
		},
		"*-up-*": {
			"base": "block/wood/typed/walkway/{cover}/stairs-{verticalorientation}.json",	
			"rotateYByType": {
				"*-north-*": 0,
				"*-east-*": 270,
				"*-south-*": 180,
				"*-west-*": 90
			}
		}
	},
	"texturesByType": {
		"*-bamboo-*": {
			"rope": { "base": "game:item/resource/rope" },
			"snowcover": { "base": "game:block/liquid/snow/normal1",
				"alternates": [
					{ "base": "game:block/liquid/snow/normal2" },
					{ "base": "game:block/liquid/snow/normal3" },
					{ "base": "game:block/liquid/snow/normal4" },
					{ "base": "game:block/liquid/snow/normal5"},
					{ "base": "game:block/liquid/snow/normal6"}
				]
			},
			"support": { "base": "game:block/plant/bamboo/stem-brown" },
			"walkway": { "base": "game:block/plant/bamboo/stem-brown" }
		},
		"*-wood-*": { 
			"rope": { "base": "game:item/resource/rope" },
			"bark": { "base": "game:block/wood/bark/oak-h" },
			"end": { "base": "game:block/wood/treetrunk/aged", "overlays": [ "game:block/slightlydarker" ] },
			"endp": { "base": "game:block/wood/treetrunk/oak" },
			"snowcover": { "base": "game:block/liquid/snow/normal1",
				"alternates": [
					{ "base": "game:block/liquid/snow/normal2" },
					{ "base": "game:block/liquid/snow/normal3" },
					{ "base": "game:block/liquid/snow/normal4" },
					{ "base": "game:block/liquid/snow/normal5"},
					{ "base": "game:block/liquid/snow/normal6"}
				]
			},
			"walkway": { "base": "game:block/wood/debarked/oak" }
		},
		"*": { 
			"material": { "base": "game:block/wood/debarked/{material}", "//overlays": [ "game:block/slightlydarker" ] },
			"material2": { "base": "game:block/wood/debarked/{material}" },
			"metal": { "base": "game:block/metal/sheet/iron1" },
			"snowcover": { "base": "game:block/liquid/snow/normal1",
				"alternates": [
					{ "base": "game:block/liquid/snow/normal2" },
					{ "base": "game:block/liquid/snow/normal3" },
					{ "base": "game:block/liquid/snow/normal4" },
					{ "base": "game:block/liquid/snow/normal5"},
					{ "base": "game:block/liquid/snow/normal6"}
				]
			}
		}
	},
	"sideSolidOpaqueAo": { "all": false },
	"faceCullModeByType": {
		"*-free": "Stairs",
		"*-snow": "NeverCull"
	},
	"resistance": 3.5,
	"sounds": {
		"place": "game:block/planks",
		"hit": "game:block/planks",
		"break": "game:block/planks",
		"walk": "game:walk/wood"
	},
	"combustibleProps": {
		"burnTemperature": 600,
		"burnDuration": 12,
	},
	"guiTransform": {
		"translation": { "x": -1, "y": -2.5, "z": 0 },
		"rotation": { "x": -22.6, "y": -130, "z": 0 },
		"scale": 0.9
	},
	"tpHandTransformByType": {
		"@.*-(bamboo|wood)-.*": {
			"translation": { "x": -1.12, "y": -0.5, "z": -0.85 },
			"rotation": { "x": -180, "y": -44, "z": -86 },
			"scale": 0.5
		},
		"*": {
			"translation": { "x": -0.8, "y": -0.5, "z": -1.35 },
			"rotation": { "x": -180, "y": -180, "z": -89 },
			"scale": 0.5
		}
	},
	"groundTransform": {
		"translation": { "x": 0, "y": 0.25, "z": 0 },
		"rotation": { "x": 135, "y": -69, "z": 0 },
		"origin": { "x": 0.5, "y": 0, "z": 0.5 },
		"scale": 2.42
	},
	"collisionSelectionBoxesByType": {
		"//*-wood-*-up-*": [
			{ "x1": 0, "y1": 0, "z1": 0, "x2": 1, "y2": 0.167, "z2": 0.9002 },
			{ "x1": 0, "y1": 0.167, "z1": 0, "x2": 1, "y2": 0.334, "z2": 0.7311 },
			{ "x1": 0, "y1": 0.334, "z1": 0, "x2": 1, "y2": 0.501, "z2": 0.5625 },
			{ "x1": 0, "y1": 0.501, "z1": 0, "x2": 1, "y2": 0.668, "z2": 0.3939 },
			{ "x1": 0, "y1": 0.668, "z1": 0, "x2": 1, "y2": 0.835, "z2": 0.2248 },
			{ "x1": 0, "y1": 0.835, "z1": 0, "x2": 1, "y2": 1, "z2": 0 },
		],
		"*-down-*": [
			{ "x1": 0, "y1": 0, "z1": 0, "x2": 1, "y2": 0.25, "z2": 0.4,
				"rotateYByType": {
					"*-north": 0,
					"*-east-*": 270,
					"*-south-*": 180,
					"*-west-*": 90
				}
			},
			{ "x1": 0, "y1": 0.25, "z1": 0.25, "x2": 1, "y2": 0.5, "z2": 0.55,
				"rotateYByType": {
					"*-north": 0,
					"*-east-*": 270,
					"*-south-*": 180,
					"*-west-*": 90
				}
			},
			{ "x1": 0, "y1": 0.5, "z1": 0.5, "x2": 1, "y2": 0.75, "z2": 0.88,
				"rotateYByType": {
					"*-north": 0,
					"*-east-*": 270,
					"*-south-*": 180,
					"*-west-*": 90
				}
			},
			{ "x1": 0, "y1": 0.75, "z1": 0.75, "x2": 1, "y2": 1, "z2": 1,
				"rotateYByType": {
					"*-north": 0,
					"*-east-*": 270,
					"*-south-*": 180,
					"*-west-*": 90
				}
			}
		],
		"*": [
			{ "x1": 0, "y1": 0, "z1": 0.61, "x2": 1, "y2": 0.25, "z2": 1,
				"rotateYByType": {
					"*-north": 0,
					"*-east-*": 270,
					"*-south-*": 180,
					"*-west-*": 90
				}
			},
			{ "x1": 0, "y1": 0.25, "z1": 0.5, "x2": 1, "y2": 0.5, "z2": 0.75,
				"rotateYByType": {
					"*-north": 0,
					"*-east-*": 270,
					"*-south-*": 180,
					"*-west-*": 90
				}
			},
			{ "x1": 0, "y1": 0.5, "z1": 0.125, "x2": 1, "y2": 0.75, "z2": 0.5,
				"rotateYByType": {
					"*-north": 0,
					"*-east-*": 270,
					"*-south-*": 180,
					"*-west-*": 90
				}
			},
			{ "x1": 0, "y1": 0.75, "z1": 0, "x2": 1, "y2": 1, "z2": 0.25,
				"rotateYByType": {
					"*-north": 0,
					"*-east-*": 270,
					"*-south-*": 180,
					"*-west-*": 90
				}
			}
		]
	}
}