{
	"code": "walkway",
	"behaviors": [ { "name": "HorizontalOrientable", "properties": {
			"handleDrops": false } } ],
	"blockmaterial": "Wood",
	"drawtype": "JSON",
	"variantgroups": [
		{ "code": "material", "states": [ "aged", "bamboo", "wood" ], "loadFromProperties": "game:block/wood" },
		{ "code": "part", "states": [ "corner-inner", "corner-outer", "straight" ] },
		{ "code": "side", "loadFromProperties": "game:abstract/horizontalorientation" },
		{ "code": "cover", "states": [ "free", "snow" ] }
	],
	"skipVariants": [ "*-corner-inner-*", "*-darkaged-*", "*-lightaged-*" ],
	"attributesByType": {
		"*-north-free": {
			"handbook": { "groupBy": [ "walkway-*-{part}-*" ] }
		},
		"*": {
			"handbook": { "exclude": true }
		}
	},
	/*"//creativeinventoryByType": "",*/
	"creativeinventory": { "bradysthings": [ "*-north-free" ], "construction": [ "*-north-free" ], "general": [ "*-north-free" ] },
	"shapeByType": {
		"*-bamboo-corner-inner-*": {
			"base": "block/{material}/walkway/{cover}/corner-inner.json",
				"rotateYByType": {
				"*-north-*": 180,
				"*-east-*": 90,
				"*-south-*": 0,
				"*-west-*": 270
			}
		},
		"*-bamboo-corner-outer-*": {
			"base": "block/{material}/walkway/{cover}/corner-outer.json",
				"rotateYByType": {
				"*-north-*": 0,
				"*-east-*": 270,
				"*-south-*": 180,
				"*-west-*": 90
			}
		},
		"*-bamboo-straight-north-*": {
			"base": "block/{material}/walkway/{cover}/straight/1.json", "rotateY": 0,
			"alternates": [
				{ "rotateY": 180 },
				{ "base": "block/{material}/walkway/{cover}/straight/2.json", "rotateY": 0 },
				{ "base": "block/{material}/walkway/{cover}/straight/2.json", "rotateY": 180 }
			]
		},
		"*-bamboo-straight-east-*": {
			"base": "block/{material}/walkway/{cover}/straight/1.json", "rotateY": 270,
			"alternates": [
				{ "rotateY": 90 },
				{ "base": "block/{material}/walkway/{cover}/straight/2.json", "rotateY": 270 },
				{ "base": "block/{material}/walkway/{cover}/straight/2.json", "rotateY": 90 }
			]
		},
		"*-bamboo-straight-south-*": {
			"base": "block/{material}/walkway/{cover}/straight/1.json", "rotateY": 180,
			"alternates": [
				{ "rotateY": 0 },
				{ "base": "block/{material}/walkway/{cover}/straight/2.json", "rotateY": 180 },
				{ "base": "block/{material}/walkway/{cover}/straight/2.json", "rotateY": 0 }
			]
		},
		"*-bamboo-straight-west-*": {
			"base": "block/{material}/walkway/{cover}/straight/1.json", "rotateY": 90,
			"alternates": [
				{ "rotateY": 270 },
				{ "base": "block/{material}/walkway/{cover}/straight/2.json", "rotateY": 90 },
				{ "base": "block/{material}/walkway/{cover}/straight/2.json", "rotateY": 270 }
			]
		},
		"*-wood-corner-inner-*": {
			"base": "block/{material}/walkway/{cover}/corner-inner.json",
				"rotateYByType": {
				"*-north-*": 180,
				"*-east-*": 90,
				"*-south-*": 0,
				"*-west-*": 270
			}
		},
		"*-wood-corner-outer-*": {
			"base": "block/{material}/walkway/{cover}/corner-outer.json",
				"rotateYByType": {
				"*-north-*": 0,
				"*-east-*": 270,
				"*-south-*": 180,
				"*-west-*": 90
			}
		},
		"*-wood-straight-*": {
			"base": "block/{material}/walkway/{cover}/straight.json",
				"rotateYByType": {
				"*-north-*": 0,
				"*-east-*": 270,
				"*-south-*": 180,
				"*-west-*": 90
			}
		},
		"*-corner-inner-*": {
			"base": "block/wood/typed/walkway/{cover}/corner-inner.json",
				"rotateYByType": {
				"*-north-*": 180,
				"*-east-*": 90,
				"*-south-*": 0,
				"*-west-*": 270
			}
		},
		"*-corner-outer-*": {
			"base": "block/wood/typed/walkway/{cover}/corner-outer.json",
				"rotateYByType": {
				"*-north-*": 0,
				"*-east-*": 270,
				"*-south-*": 180,
				"*-west-*": 90
			}
		},
		"*-straight-*": {
			"base": "block/wood/typed/walkway/{cover}/straight.json",
				"rotateYByType": {
				"*-north-*": 0,
				"*-east-*": 270,
				"*-south-*": 180,
				"*-west-*": 90
			}
		}
	},
	"texturesByType": {
		"*-bamboo-*": {
			"bamboo": { "base": "game:block/plant/bamboo/stem-brown" },
			"rope": { "base": "game:item/resource/rope" },
			"snowcover": { "base": "game:block/liquid/snow/normal1",
				"alternates": [
					{ "base": "game:block/liquid/snow/normal2" },
					{ "base": "game:block/liquid/snow/normal3" },
					{ "base": "game:block/liquid/snow/normal4" },
					{ "base": "game:block/liquid/snow/normal5"},
					{ "base": "game:block/liquid/snow/normal6"}
				]
			},
			"support": { "base": "game:block/plant/bamboo/stem-brown" }
		},
		"*-wood-*": { 
			"rope": { "base": "game:item/resource/rope" },
			"bark": { "base": "game:block/wood/bark/oak-h" },
			"end": { "base": "game:block/wood/treetrunk/aged", "overlays": [ "game:block/slightlydarker" ] },
			"endp": { "base": "game:block/wood/treetrunk/oak" },
			"snowcover": { "base": "game:block/liquid/snow/normal1",
				"alternates": [
					{ "base": "game:block/liquid/snow/normal2" },
					{ "base": "game:block/liquid/snow/normal3" },
					{ "base": "game:block/liquid/snow/normal4" },
					{ "base": "game:block/liquid/snow/normal5"},
					{ "base": "game:block/liquid/snow/normal6"}
				]
			},
			"walkway": { "base": "game:block/wood/debarked/oak" }
		},
		"*": { 
			"material": { "base": "game:block/wood/debarked/{material}", "overlays": [ "game:block/slightlydarker" ] },
			"material2": { "base": "game:block/wood/debarked/{material}" },
			"metal": { "base": "game:block/metal/sheet/iron1" },
			"snowcover": { "base": "game:block/liquid/snow/normal1",
				"alternates": [
					{ "base": "game:block/liquid/snow/normal2" },
					{ "base": "game:block/liquid/snow/normal3" },
					{ "base": "game:block/liquid/snow/normal4" },
					{ "base": "game:block/liquid/snow/normal5"},
					{ "base": "game:block/liquid/snow/normal6"}
				]
			}
		}
	},
	"sideopaque": { "all": false },
	"sideAO": { "all": false },
	"//comment": "Floating torches but the ability to attach rope ladders to the walkways. Unfortunately the latter doesn't outweigh the former.",
	"sideSolid": { "up": true },
	"resistance": 3.5,
	"sounds": {
		"place": "game:block/planks",
		"hit": "game:block/planks",
		"break": "game:block/planks",
		"walk": "game:walk/wood"
	},
	"combustibleProps": {
		"burnTemperature": 600,
		"burnDuration": 12,
	},
	"heldTpIdleAnimationByType": {
		"*-corner-*": "holdbothhandslarge"
	},
	"guiTransform": {
		"translation": { "x": 0, "y": 12, "z": 0 },
		"rotation": { "x": -22, "y": 48, "z": 0 }
	},
	"tpHandTransformByType": {
		"*-corner-*": {
			"translation": { "x": -1.1, "y": -1.55, "z": -0.8 },
			"rotation": { "x": 12, "y": 11, "z": 9 },
			"scale": 0.45
		},
		"*-straight-*": {
			"translation": { "x": -1.03, "y": -0.5, "z": -1.35 },
			"rotation": { "x": 0, "y": -92, "z": 92 },
			"scale": 0.5
		}
	},
	"groundTransform": {
		"translation": { "x": 0, "y": -0.46, "z": 0 },
		"rotation": { "x": -1, "y": -69, "z": 1 },
		"origin": { "x": 0.5, "y": 0, "z": 0.5 },
		"scale": 3
	},
	"collisionSelectionBoxes": [ { "x1": 0, "y1": 1, "z1": 0, "x2": 1, "y2": 0.75, "z2": 1 } ]
}