{
	"editor": {
		"collapsedPaths": "",
		"allAngles": true,
		"entityTextureMode": true
	},
	"textureWidth": 36,
	"textureHeight": 36,
	"textureSizes": {
		"skin": [36,36]
	},
	"textures": {
	},
	"elements": [
		{
			"name": "Neck",
			"from": [ 15.4, 10.0, 7.25 ],
			"to": [ 17.9, 13.1, 8.85 ],
			"unwrapMode": 2,
			"autoUnwrap": false,
			"uv": [ 5.5, 5.0 ],
			"rotationOrigin": [ 17.6, 10.0, 8.05 ],
			"rotationZ": 78.0,
			"faces": {
				"north": { "texture": "#skin", "uv": [ 7.0, 6.5, 9.5, 9.5 ], "windMode": [-1,-1,-1,-1], "windData": [0,0,1,0] },
				"east": { "texture": "#skin", "uv": [ 5.5, 6.5, 7.0, 9.5 ], "windMode": [-1,-1,-1,-1], "windData": [1,0,0,1] },
				"south": { "texture": "#skin", "uv": [ 3.0, 6.5, 5.5, 9.5 ] },
				"west": { "texture": "#skin", "uv": [ 9.5, 6.5, 11.0, 9.5 ] },
				"up": { "texture": "#skin", "uv": [ 1.0, 6.5, 2.5, 9.0 ], "rotation": 90 }
			},
			"children": [
				{
					"name": "Neck2",
					"from": [ 0.2, 2.3, 0.05 ],
					"to": [ 2.2, 5.4, 1.55 ],
					"unwrapMode": 2,
					"uv": [ 3.5, 1.0 ],
					"rotationOrigin": [ 2.0, 2.3, 0.8 ],
					"rotationZ": -8.0,
					"faces": {
						"north": { "texture": "#skin", "uv": [ 7.0, 3.0, 9.0, 6.0 ] },
						"east": { "texture": "#skin", "uv": [ 5.5, 3.0, 7.0, 6.0 ] },
						"south": { "texture": "#skin", "uv": [ 3.5, 3.0, 5.5, 6.0 ] },
						"west": { "texture": "#skin", "uv": [ 9.0, 3.0, 10.5, 6.0 ] },
						"up": { "texture": "#skin", "uv": [ 5.5, 1.0, 7.0, 3.0 ], "rotation": 270 }
					},
					"children": [
						{
							"name": "Head",
							"from": [ 0.4, 0.9, -0.05 ],
							"to": [ 2.0, 3.2, 1.55 ],
							"unwrapMode": 4,
							"uv": [ 5.0, 29.0 ],
							"rotationOrigin": [ 1.9, 3.1, 0.75 ],
							"rotationZ": -65.0,
							"faces": {
								"north": { "texture": "#skin", "uv": [ 5.0, 30.5, 6.5, 32.5 ] },
								"east": { "texture": "#skin", "uv": [ 9.5, 30.5, 11.0, 32.5 ] },
								"south": { "texture": "#skin", "uv": [ 8.0, 30.5, 9.5, 32.5 ] },
								"west": { "texture": "#skin", "uv": [ 6.5, 30.5, 8.0, 32.5 ] },
								"up": { "texture": "#skin", "uv": [ 6.5, 29.0, 8.0, 30.5 ], "rotation": 90 },
								"down": { "texture": "#skin", "uv": [ 6.5, 32.5, 8.0, 34.0 ], "rotation": 90 }
							},
							"children": [
								{
									"name": "MouthUp",
									"from": [ -2.0, 0.2, 0.25 ],
									"to": [ 0.2, 0.7, 1.35 ],
									"unwrapMode": 5,
									"unwrapRotation": 1,
									"uv": [ 11.5, 30.5 ],
									"rotationOrigin": [ -0.1, 0.7, 0.8 ],
									"rotationZ": 30.0,
									"faces": {
										"north": { "texture": "#skin", "uv": [ 11.5, 30.5, 12.0, 32.5 ], "rotation": 270 },
										"south": { "texture": "#skin", "uv": [ 13.0, 30.5, 13.5, 32.5 ], "rotation": 90 },
										"west": { "texture": "#skin", "uv": [ 12.0, 32.5, 13.0, 33.0 ] },
										"up": { "texture": "#skin", "uv": [ 12.0, 30.5, 13.0, 32.5 ], "rotation": 90, "windMode": [-1,-1,-1,-1], "windData": [1,1,1,1] },
										"down": { "texture": "#skin", "uv": [ 13.5, 30.5, 14.5, 32.5 ], "rotation": 270 }
									},
									"children": [
										{
											"name": "Nose",
											"from": [ 0.2, 0.0, 0.05 ],
											"to": [ 2.5, 1.0, 1.05 ],
											"unwrapMode": 5,
											"unwrapRotation": 1,
											"uv": [ 1.5, 28.5 ],
											"rotationOrigin": [ 0.2, 1.0, 0.5 ],
											"rotationZ": 16.0,
											"faces": {
												"north": { "texture": "#skin", "uv": [ 1.5, 28.5, 2.5, 30.5 ], "rotation": 270, "windMode": [-1,-1,-1,-1], "windData": [1,1,1,1] },
												"south": { "texture": "#skin", "uv": [ 3.5, 28.5, 4.5, 30.5 ], "rotation": 90 },
												"west": { "texture": "#skin", "uv": [ 2.5, 30.5, 3.5, 31.5 ], "windMode": [-1,-1,-1,-1], "windData": [1,1,1,1] },
												"up": { "texture": "#skin", "uv": [ 2.5, 28.5, 3.5, 30.5 ], "rotation": 90 }
											},
											"children": [
												{
													"name": "Snout",
													"from": [ -0.5, 0.4, 0.1 ],
													"to": [ 0.1, 0.9, 0.9 ],
													"unwrapMode": 4,
													"uv": [ 2.5, 32.0 ],
													"rotationOrigin": [ 0.2, 1.0, 0.5 ],
													"rotationZ": 4.0,
													"faces": {
														"north": { "texture": "#skin", "uv": [ 2.5, 32.5, 3.0, 33.0 ], "windMode": [-1,-1,-1,-1], "windData": [1,1,1,1] },
														"east": { "texture": "#skin", "uv": [ 4.0, 32.5, 4.5, 33.0 ], "windMode": [-1,-1,-1,-1], "windData": [1,1,1,1] },
														"south": { "texture": "#skin", "uv": [ 3.5, 32.5, 4.0, 33.0 ], "windMode": [-1,-1,-1,-1], "windData": [1,1,1,1] },
														"west": { "texture": "#skin", "uv": [ 3.0, 32.5, 3.5, 33.0 ], "windMode": [-1,-1,-1,-1], "windData": [1,1,1,1] },
														"up": { "texture": "#skin", "uv": [ 3.0, 32.0, 3.5, 32.5 ], "rotation": 90, "windMode": [-1,-1,-1,-1], "windData": [1,1,1,1] },
														"down": { "texture": "#skin", "uv": [ 3.0, 33.0, 3.5, 33.5 ], "rotation": 90, "windMode": [-1,-1,-1,-1], "windData": [1,1,1,1] }
													}
												},
												{
													"name": "NoseBridge",
													"from": [ 1.9, 0.2, -0.25 ],
													"to": [ 2.7, 0.9, 1.25 ],
													"unwrapMode": 5,
													"unwrapRotation": 1,
													"uv": [ 1.5, 26.5 ],
													"rotationOrigin": [ 1.9, 0.9, -0.25 ],
													"rotationZ": 22.0,
													"faces": {
														"north": { "texture": "#skin", "uv": [ 1.5, 27.0, 2.0, 27.5 ], "rotation": 270 },
														"east": { "texture": "#skin", "uv": [ 2.0, 26.5, 3.5, 27.0 ], "rotation": 180 },
														"south": { "texture": "#skin", "uv": [ 3.5, 27.0, 4.0, 27.5 ], "rotation": 90 },
														"west": { "texture": "#skin", "uv": [ 2.0, 27.5, 3.5, 28.0 ] },
														"up": { "texture": "#skin", "uv": [ 2.0, 27.0, 3.5, 27.5 ], "rotation": 90 }
													},
													"children": [
														{
															"name": "AntlerBase",
															"from": [ 0.5, 0.5, 0.7 ],
															"to": [ 0.5, 0.5, 0.7 ],
															"uv": [ 0.0, 0.0 ],
															"rotationOrigin": [ 0.5, 0.5, 0.7 ],
															"faces": {
															}
														}
													]
												}
											]
										}
									]
								},
								{
									"name": "L Ear",
									"from": [ 0.75, 2.0, 0.9 ],
									"to": [ 1.05, 3.8, 1.9 ],
									"unwrapMode": 4,
									"uv": [ 23.5, 15.5 ],
									"rotationOrigin": [ 0.9, 2.0, 1.2 ],
									"rotationX": 55.0,
									"rotationY": 45.0,
									"faces": {
										"north": { "texture": "#skin", "uv": [ 23.5, 16.0, 24.0, 17.5 ], "windMode": [-1,-1,-1,-1], "windData": [1,1,1,1] },
										"east": { "texture": "#skin", "uv": [ 25.5, 16.0, 26.5, 17.5 ] },
										"south": { "texture": "#skin", "uv": [ 25.0, 16.0, 25.5, 17.5 ], "windMode": [-1,-1,-1,-1], "windData": [1,1,1,1] },
										"west": { "texture": "#skin", "uv": [ 24.0, 16.0, 25.0, 17.5 ] },
										"up": { "texture": "#skin", "uv": [ 24.0, 15.5, 25.0, 16.0 ], "rotation": 90 },
										"down": { "texture": "#skin", "uv": [ 24.0, 17.5, 25.0, 18.0 ], "rotation": 90 }
									},
									"children": [
										{
											"name": "L Ear3",
											"from": [ 0.0, 1.8, 0.0 ],
											"to": [ 0.3, 3.0, 0.6 ],
											"unwrapMode": 4,
											"uv": [ 23.0, 13.0 ],
											"rotationOrigin": [ 0.15, 1.8, 0.0 ],
											"rotationX": 26.0,
											"rotationY": 1.0,
											"faces": {
												"north": { "texture": "#skin", "uv": [ 23.0, 13.5, 23.5, 14.5 ] },
												"east": { "texture": "#skin", "uv": [ 24.5, 13.5, 25.0, 14.5 ] },
												"south": { "texture": "#skin", "uv": [ 24.0, 13.5, 24.5, 14.5 ] },
												"west": { "texture": "#skin", "uv": [ 23.5, 13.5, 24.0, 14.5 ] },
												"up": { "texture": "#skin", "uv": [ 23.5, 13.0, 24.0, 13.5 ], "rotation": 90 },
												"down": { "texture": "#skin", "uv": [ 23.5, 14.5, 24.0, 15.0 ], "rotation": 90 }
											}
										},
										{
											"name": "L Ear2",
											"from": [ 0.0, 1.65, 0.75 ],
											"to": [ 0.3, 2.55, 1.65 ],
											"unwrapMode": 4,
											"uv": [ 21.5, 11.5 ],
											"rotationOrigin": [ 0.15, 1.65, 1.35 ],
											"rotationX": -37.0,
											"rotationY": -1.0,
											"faces": {
												"north": { "texture": "#skin", "uv": [ 21.5, 12.0, 22.0, 12.5 ] },
												"east": { "texture": "#skin", "uv": [ 23.0, 12.0, 23.5, 12.5 ] },
												"south": { "texture": "#skin", "uv": [ 22.5, 12.0, 23.0, 12.5 ] },
												"west": { "texture": "#skin", "uv": [ 22.0, 12.0, 22.5, 12.5 ] },
												"up": { "texture": "#skin", "uv": [ 22.0, 11.5, 22.5, 12.0 ], "rotation": 90 },
												"down": { "texture": "#skin", "uv": [ 22.0, 12.5, 22.5, 13.0 ], "rotation": 90 }
											},
											"children": [
												{
													"name": "L Ear1",
													"from": [ 0.0, -1.8, 0.0 ],
													"to": [ 0.3, 0.0, 0.9 ],
													"unwrapMode": 4,
													"uv": [ 21.0, 15.5 ],
													"rotationOrigin": [ 0.15, 0.0, 0.9 ],
													"rotationX": 55.0,
													"rotationY": -1.0,
													"faces": {
														"north": { "texture": "#skin", "uv": [ 21.0, 16.0, 21.5, 17.5 ] },
														"east": { "texture": "#skin", "uv": [ 22.5, 16.0, 23.0, 17.5 ] },
														"south": { "texture": "#skin", "uv": [ 22.0, 16.0, 22.5, 17.5 ] },
														"west": { "texture": "#skin", "uv": [ 21.5, 16.0, 22.0, 17.5 ] },
														"up": { "texture": "#skin", "uv": [ 21.5, 15.5, 22.0, 16.0 ], "rotation": 90 },
														"down": { "texture": "#skin", "uv": [ 21.5, 17.5, 22.0, 18.0 ], "rotation": 90 }
													}
												}
											]
										}
									]
								},
								{
									"name": "R Eye",
									"from": [ -0.01, 1.3, -0.01 ],
									"to": [ 0.39, 1.5, 0.19 ],
									"unwrapMode": 5,
									"uv": [ 0.5, 24.5 ],
									"rotationOrigin": [ -0.01, 1.5, -0.01 ],
									"faces": {
										"north": { "texture": "#skin", "uv": [ 1.0, 24.5, 1.5, 25.0 ], "rotation": 180 },
										"east": { "texture": "#skin", "uv": [ 1.5, 25.0, 2.0, 25.5 ], "rotation": 90 },
										"west": { "texture": "#skin", "uv": [ 0.5, 25.0, 1.0, 25.5 ], "rotation": 270 },
										"up": { "texture": "#skin", "uv": [ 1.0, 25.0, 1.5, 25.5 ] },
										"down": { "texture": "#skin", "uv": [ 2.0, 25.0, 2.5, 25.5 ] }
									},
									"children": [
										{
											"name": "R Eye2",
											"from": [ 0.0, 0.2, 0.0 ],
											"to": [ 0.4, 0.4, 0.2 ],
											"unwrapMode": 5,
											"uv": [ 1.5, 22.5 ],
											"rotationOrigin": [ 0.0, 0.5, 0.0 ],
											"faces": {
												"north": { "texture": "#skin", "uv": [ 2.0, 22.5, 2.5, 23.0 ], "rotation": 180 },
												"east": { "texture": "#skin", "uv": [ 2.5, 23.0, 3.0, 23.5 ], "rotation": 90 },
												"west": { "texture": "#skin", "uv": [ 1.5, 23.0, 2.0, 23.5 ], "rotation": 270 },
												"up": { "texture": "#skin", "uv": [ 2.0, 23.0, 2.5, 23.5 ] },
												"down": { "texture": "#skin", "uv": [ 3.0, 23.0, 3.5, 23.5 ] }
											},
											"children": [
												{
													"name": "R Pupil",
													"from": [ -0.01, -0.1, -0.01 ],
													"to": [ 0.19, 0.1, 0.09 ],
													"unwrapMode": 5,
													"uv": [ 0.5, 20.5 ],
													"rotationOrigin": [ -0.01, -0.1, -0.01 ],
													"faces": {
														"north": { "texture": "#skin", "uv": [ 1.0, 20.5, 1.5, 21.0 ], "rotation": 180, "windMode": [-1,-1,-1,-1], "windData": [1,1,1,1] },
														"east": { "texture": "#skin", "uv": [ 1.5, 21.0, 2.0, 21.5 ], "rotation": 90 },
														"west": { "texture": "#skin", "uv": [ 0.5, 21.0, 1.0, 21.5 ], "rotation": 270 },
														"up": { "texture": "#skin", "uv": [ 1.0, 21.0, 1.5, 21.5 ] },
														"down": { "texture": "#skin", "uv": [ 2.0, 21.0, 2.5, 21.5 ] }
													}
												}
											]
										}
									]
								},
								{
									"name": "R Ear",
									"from": [ 0.75, 2.0, -0.35 ],
									"to": [ 1.05, 3.8, 0.65 ],
									"unwrapMode": 4,
									"uv": [ 11.5, 3.5 ],
									"rotationOrigin": [ 0.9, 2.0, 0.35 ],
									"rotationX": -55.0,
									"rotationY": -45.0,
									"faces": {
										"north": { "texture": "#skin", "uv": [ 11.5, 4.0, 12.0, 5.5 ] },
										"east": { "texture": "#skin", "uv": [ 13.5, 4.0, 14.5, 5.5 ] },
										"south": { "texture": "#skin", "uv": [ 13.0, 4.0, 13.5, 5.5 ], "windMode": [-1,-1,-1,-1], "windData": [1,1,1,1] },
										"west": { "texture": "#skin", "uv": [ 12.0, 4.0, 13.0, 5.5 ] },
										"up": { "texture": "#skin", "uv": [ 12.0, 3.5, 13.0, 4.0 ], "rotation": 90 },
										"down": { "texture": "#skin", "uv": [ 12.0, 5.5, 13.0, 6.0 ], "rotation": 90 }
									},
									"children": [
										{
											"name": "R Ear2",
											"from": [ 0.0, 1.65, -0.65 ],
											"to": [ 0.3, 2.55, 0.25 ],
											"unwrapMode": 4,
											"uv": [ 14.0, 1.0 ],
											"rotationOrigin": [ 0.15, 1.65, -0.35 ],
											"rotationX": 37.0,
											"rotationY": 1.0,
											"faces": {
												"north": { "texture": "#skin", "uv": [ 14.0, 1.5, 14.5, 2.0 ] },
												"east": { "texture": "#skin", "uv": [ 15.5, 1.5, 16.0, 2.0 ] },
												"south": { "texture": "#skin", "uv": [ 15.0, 1.5, 15.5, 2.0 ] },
												"west": { "texture": "#skin", "uv": [ 14.5, 1.5, 15.0, 2.0 ] },
												"up": { "texture": "#skin", "uv": [ 14.5, 1.0, 15.0, 1.5 ], "rotation": 90 },
												"down": { "texture": "#skin", "uv": [ 14.5, 2.0, 15.0, 2.5 ], "rotation": 90 }
											},
											"children": [
												{
													"name": "R Ear1",
													"from": [ 0.0, -1.8, 0.0 ],
													"to": [ 0.3, 0.0, 0.9 ],
													"unwrapMode": 4,
													"uv": [ 15.0, 3.5 ],
													"rotationOrigin": [ 0.15, 0.0, 0.0 ],
													"rotationX": -55.0,
													"rotationY": 1.0,
													"faces": {
														"north": { "texture": "#skin", "uv": [ 15.0, 4.0, 15.5, 5.5 ] },
														"east": { "texture": "#skin", "uv": [ 16.5, 4.0, 17.0, 5.5 ] },
														"south": { "texture": "#skin", "uv": [ 16.0, 4.0, 16.5, 5.5 ] },
														"west": { "texture": "#skin", "uv": [ 15.5, 4.0, 16.0, 5.5 ] },
														"up": { "texture": "#skin", "uv": [ 15.5, 3.5, 16.0, 4.0 ], "rotation": 90 },
														"down": { "texture": "#skin", "uv": [ 15.5, 5.5, 16.0, 6.0 ], "rotation": 90 }
													}
												}
											]
										},
										{
											"name": "R Ear3",
											"from": [ 0.0, 1.8, 0.4 ],
											"to": [ 0.3, 3.0, 1.0 ],
											"unwrapMode": 4,
											"uv": [ 11.5, 1.0 ],
											"rotationOrigin": [ 0.15, 1.8, 1.0 ],
											"rotationX": -26.0,
											"rotationY": -1.0,
											"faces": {
												"north": { "texture": "#skin", "uv": [ 11.5, 1.5, 12.0, 2.5 ] },
												"east": { "texture": "#skin", "uv": [ 13.0, 1.5, 13.5, 2.5 ] },
												"south": { "texture": "#skin", "uv": [ 12.5, 1.5, 13.0, 2.5 ] },
												"west": { "texture": "#skin", "uv": [ 12.0, 1.5, 12.5, 2.5 ] },
												"up": { "texture": "#skin", "uv": [ 12.0, 1.0, 12.5, 1.5 ], "rotation": 90 },
												"down": { "texture": "#skin", "uv": [ 12.0, 2.5, 12.5, 3.0 ], "rotation": 90 }
											}
										}
									]
								},
								{
									"name": "L Eye",
									"from": [ -0.01, 1.3, 1.41 ],
									"to": [ 0.39, 1.5, 1.61 ],
									"unwrapMode": 5,
									"uv": [ 0.5, 25.5 ],
									"rotationOrigin": [ -0.01, 1.4, 1.41 ],
									"faces": {
										"east": { "texture": "#skin", "uv": [ 1.5, 25.5, 2.0, 26.0 ], "rotation": 90 },
										"south": { "texture": "#skin", "uv": [ 1.0, 26.0, 1.5, 26.5 ] },
										"west": { "texture": "#skin", "uv": [ 0.5, 25.5, 1.0, 26.0 ], "rotation": 270 },
										"up": { "texture": "#skin", "uv": [ 1.0, 25.5, 1.5, 26.0 ] },
										"down": { "texture": "#skin", "uv": [ 2.0, 25.5, 2.5, 26.0 ] }
									},
									"children": [
										{
											"name": "L Eye2",
											"from": [ 0.0, 0.2, 0.0 ],
											"to": [ 0.4, 0.4, 0.2 ],
											"unwrapMode": 5,
											"uv": [ 1.5, 23.5 ],
											"rotationOrigin": [ 0.0, 0.5, -0.1 ],
											"faces": {
												"east": { "texture": "#skin", "uv": [ 2.5, 23.5, 3.0, 24.0 ], "rotation": 90 },
												"south": { "texture": "#skin", "uv": [ 2.0, 24.0, 2.5, 24.5 ] },
												"west": { "texture": "#skin", "uv": [ 1.5, 23.5, 2.0, 24.0 ], "rotation": 270 },
												"up": { "texture": "#skin", "uv": [ 2.0, 23.5, 2.5, 24.0 ] },
												"down": { "texture": "#skin", "uv": [ 3.0, 23.5, 3.5, 24.0 ] }
											},
											"children": [
												{
													"name": "L Pupil",
													"from": [ -0.01, -0.1, 0.11 ],
													"to": [ 0.19, 0.1, 0.21 ],
													"unwrapMode": 5,
													"uv": [ 0.5, 21.5 ],
													"rotationOrigin": [ -0.01, -0.1, 0.11 ],
													"faces": {
														"east": { "texture": "#skin", "uv": [ 1.5, 21.5, 2.0, 22.0 ], "rotation": 90 },
														"south": { "texture": "#skin", "uv": [ 1.0, 22.0, 1.5, 22.5 ] },
														"west": { "texture": "#skin", "uv": [ 0.5, 21.5, 1.0, 22.0 ], "rotation": 270 },
														"up": { "texture": "#skin", "uv": [ 1.0, 21.5, 1.5, 22.0 ] },
														"down": { "texture": "#skin", "uv": [ 2.0, 21.5, 2.5, 22.0 ] }
													}
												}
											]
										}
									]
								},
								{
									"name": "Jaw",
									"from": [ -0.6, -0.1, 0.3 ],
									"to": [ 1.1, 0.7, 1.3 ],
									"unwrapMode": 5,
									"unwrapRotation": 1,
									"uv": [ 12.5, 33.5 ],
									"rotationOrigin": [ 0.6, 0.4, 0.8 ],
									"rotationZ": 14.0,
									"faces": {
										"north": { "texture": "#skin", "uv": [ 12.5, 33.5, 13.0, 35.0 ], "rotation": 270 },
										"south": { "texture": "#skin", "uv": [ 14.0, 33.5, 14.5, 35.0 ], "rotation": 90 },
										"west": { "texture": "#skin", "uv": [ 13.0, 35.0, 14.0, 35.5 ] },
										"up": { "texture": "#skin", "uv": [ 13.0, 33.5, 14.0, 35.0 ], "rotation": 90 },
										"down": { "texture": "#skin", "uv": [ 14.5, 33.5, 15.5, 35.0 ], "rotation": 270 }
									},
									"children": [
										{
											"name": "Jaw2",
											"from": [ -0.8, 0.0, 0.1 ],
											"to": [ 0.1, 0.5, 0.9 ],
											"unwrapMode": 5,
											"unwrapRotation": 1,
											"uv": [ 10.0, 34.5 ],
											"rotationOrigin": [ 0.0, 0.4, 0.5 ],
											"rotationX": 1.0,
											"rotationZ": 17.0,
											"faces": {
												"north": { "texture": "#skin", "uv": [ 10.0, 34.5, 10.5, 35.0 ], "rotation": 270 },
												"south": { "texture": "#skin", "uv": [ 11.0, 34.5, 11.5, 35.0 ], "rotation": 90 },
												"west": { "texture": "#skin", "uv": [ 10.5, 35.0, 11.0, 35.5 ] },
												"up": { "texture": "#skin", "uv": [ 10.5, 34.5, 11.0, 35.0 ], "rotation": 90 },
												"down": { "texture": "#skin", "uv": [ 11.5, 34.5, 12.0, 35.0 ], "rotation": 270 }
											}
										}
									]
								}
							]
						}
					],
					"attachmentpoints": [
						{
							"code": "rope",
							"posX": "0.0","posY": "1.0","posZ": "0.6",
							"rotationX": "0.0","rotationY": "0.0","rotationZ": "0.0"
						}
					]
				}
			]
		}
	]}