{
	"code": "mushroom",
	"variants": [
		{ "code": "aniseedfunnel" },
		{ "code": "artistsconk" },
		{ "code": "aspenbolete" },
		{ "code": "beefsteakfungus" },
		{ "code": "birchbolete" },
		{ "code": "blewit" },
		{ "code": "bluechanterelle" },
		{ "code": "candycap" },
		{ "code": "coccora" },
		{ "code": "desertshaggymane" },
		{ "code": "destroyingangel" },
		{ "code": "dyerspolypore" },
		{ "code": "falseearthstar" },
		{ "code": "flattoppedclubcoral" },
		{ "code": "friedchickenmushroom" },
		{ "code": "greenearthtongue" },
		{ "code": "hawkwing" },
		{ "code": "hedgehogmushroom" },
		{ "code": "honeymushroom" },
		{ "code": "matsutake" },
		{ "code": "northernreddye" },
		{ "code": "parasol" },
		{ "code": "purplefairyclub" },
		{ "code": "queenbolete" },
		{ "code": "questionablestropharia" },
		{ "code": "redbeltedconk" },
		{ "code": "redramaria" },
		{ "code": "shaggymane" },
		{ "code": "shrimpmushroom" },
		{ "code": "slipperyjack" },
		{ "code": "stinkhorn" },
		{ "code": "sulfurtuft" },
		{ "code": "turkeytail" },
		{ "code": "westernvarnishedconk" },
		{ "code": "winterchanterelle" },
		{ "code": "yellowramaria" },
		{ "code": "yellowstainer" }
	]
}