{
	"enabled": false,
	"inheritFrom": "blocktypes/wood/typed/walkwaytoo.json",
	"code": "shelter",
	"variantgroups": [
		{ "code": "material", "states": [ "bamboo", "wood" ] },
		{ "loadFromProperties": "game:abstract/horizontalorientation" },
		{ "code": "cover", "states": [ "free", "snow" ] }
	],
	"attributesByType": { "*": { "handbook": { "exclude": false } } },
	"creativeinventory": { "bradysthings": [ "*-north-free" ] },
	"shapeByType": {
		"*-bamboo-*": {
			"base": "block/{material}/shelter/{cover}/shelter.json",	
			"rotateYByType": {
				"*-north-*": 0,
				"*-east-*": 270,
				"*-south-*": 180,
				"*-west-*": 90
			},
			"alternates": [
				{ "base": "block/{material}/shelter/{cover}/shelter2.json",	
				   "rotateYByType": {
						"*-north-*": 0,
						"*-east-*": 270,
						"*-south-*": 180,
						"*-west-*": 90
					}
				}
			]
		},
		"*-wood-*": {
			"base": "block/{material}/shelter/{cover}/shelter.json",	
			"rotateYByType": {
				"*-north-*": 0,
				"*-east-*": 270,
				"*-south-*": 180,
				"*-west-*": 90
			},
			"alternates": [
				{ "base": "block/{material}/shelter/{cover}/shelter2.json",	
				   "rotateYByType": {
						"*-north-*": 0,
						"*-east-*": 270,
						"*-south-*": 180,
						"*-west-*": 90
					}
				},
				{ "base": "block/{material}/shelter/{cover}/shelter3.json",	
				   "rotateYByType": {
						"*-north-*": 0,
						"*-east-*": 270,
						"*-south-*": 180,
						"*-west-*": 90
					}
				}
			]
		}
	},
	"collisionSelectionBoxesByType": {
		"*": [
			{ "x1": 0, "y1": 0, "z1": 0, "x2": 1, "y2": 0.25, "z2": 0.4,
				"rotateYByType": {
					"*-north-*": 180,
					"*-east-*": 90,
					"*-south-*": 0,
					"*-west-*": 270
				}
			},
			{ "x1": 0, "y1": 0.25, "z1": 0.25, "x2": 1, "y2": 0.5, "z2": 0.7,
				"rotateYByType": {
					"*-north-*": 180,
					"*-east-*": 90,
					"*-south-*": 0,
					"*-west-*": 270
				}
			},
			{ "x1": 0, "y1": 0.5, "z1": 0.5, "x2": 1, "y2": 0.75, "z2": 0.9,
				"rotateYByType": {
					"*-north-*": 180,
					"*-east-*": 90,
					"*-south-*": 0,
					"*-west-*": 270
				}
			},
			{ "x1": 0, "y1": 0.75, "z1": 0.75, "x2": 1, "y2": 1, "z2": 1,
				"rotateYByType": {
					"*-north-*": 180,
					"*-east-*": 90,
					"*-south-*": 0,
					"*-west-*": 270
				}
			}
		]
	}
}