[
  {
    "file": "game:blocktypes/legacy/crate",
    "side": "Server",
    "op": "add",
    "path": "/behaviors",
    "value": [
      {
        "name": "Carryable",
        "properties": {
          "translation": [
            -0.0625,
            0,
            0
          ],
          "slots": {
            "Hands": {},
            "Back": {
              "walkSpeedModifier": -0.2,
              "keepWhenTrue": "carryon:AllowCratesOnBack"            
            }
          }
        }        
      }
    ],
    "condition": {
      "when": "carryon:CrateEnabled",
      "isValue": "true"
    }
  }
]