[
  {
    "file": "game:blocktypes/wood/moldrack",
    "side": "Server",
    "op": "add",
    "path": "/behaviors/-",
    "value": {
      "name": "Carryable",
      "properties": {
        "translation": [
          0.0625,
          0,
          0
        ],
        "rotation": [
          0,
          180,
          0
        ],
        "slots": {
          "Hands": {},
          "Back": {}
        }
      }
    },
    "condition": {
      "when": "carryon:MoldRackEnabled",
      "isValue": "true"
    }
  }
]