[
  {
    "file": "game:blocktypes/wood/sign",
    "side": "Server",
    "op": "add",
    "path": "/behaviors",
    "value": [
      {
        "name": "Carryable",
        "properties": {
          "translation": [
            0.0625,
            0,
            0
          ],
          "rotation": [
            0,
            -90,
            0
          ],
          "slots": {
            "Hands": {}
          }
        }
      }
    ],
    "condition": {
      "when": "carryon:SignEnabled",
      "isValue": "true"
    }
  }
]