{
  "textureWidth":16,
  "textureHeight":16,
  "textures":{
    "bone":"game:block/creature/bone-yellow"
  },
  "textureSizes":{
    "bone":[
      32,
      32
    ]
  },
  "elements":[
    {
      "name":"origin",
      "from":[
        8.0,
        0.0,
        8.0
      ],
      "to":[
        8.0,
        0.0,
        8.0
      ],
      "rotationOrigin":[
        8.0,
        0.0,
        8.0
      ],
      "group":"Bone",
      "faces":{
        "north":{
          "texture":"#0",
          "uv":[
            0,
            0,
            4,
            4
          ],
          "autoUv":false
        },
        "east":{
          "texture":"#0",
          "uv":[
            0,
            0,
            4,
            4
          ],
          "autoUv":false
        },
        "south":{
          "texture":"#0",
          "uv":[
            0,
            0,
            4,
            4
          ],
          "autoUv":false
        },
        "west":{
          "texture":"#0",
          "uv":[
            0,
            0,
            4,
            4
          ],
          "autoUv":false
        },
        "up":{
          "texture":"#bone",
          "uv":[
            0.0,
            0.0,
            1.0,
            1.0
          ],
          "autoUv":false,
          "rotation":180
        },
        "down":{
          "texture":"#0",
          "uv":[
            0,
            0,
            4,
            4
          ],
          "autoUv":false
        }
      },
      "children":[
        {
          "name":"handle_bone 01",
          "from":[
            5.462987542152405,
            -0.04337507486343384,
            -0.8866937160491943
          ],
          "to":[
            9.051584601402283,
            1.6066250205039978,
            0.7633063793182373
          ],
          "rotationOrigin":[
            7.257286071777344,
            0.781624972820282,
            -0.061693668365478516
          ],
          "group":"Bone",
          "faces":{
            "north":{
              "texture":"#bone",
              "uv":[
                2.3212077617645264,
                16.0,
                8.845930099487305,
                18.999999046325684
              ],
              "autoUv":false
            },
            "east":{
              "texture":"#bone",
              "uv":[
                21.0,
                23.0,
                24.0,
                26.0
              ],
              "autoUv":false
            },
            "south":{
              "texture":"#bone",
              "uv":[
                1.1540710926055908,
                23.999999046325684,
                7.6787919998168945,
                27.0
              ],
              "autoUv":false
            },
            "west":{
              "texture":"#bone",
              "uv":[
                21.0,
                23.0,
                24.0,
                26.0
              ],
              "autoUv":false
            },
            "up":{
              "texture":"#bone",
              "uv":[
                1.1540710926055908,
                19.999999046325684,
                7.6787919998168945,
                23.0
              ],
              "autoUv":false
            },
            "down":{
              "texture":"#bone",
              "uv":[
                8.845930099487305,
                30.0,
                2.3212077617645264,
                27.0
              ],
              "autoUv":false,
              "rotation":180
            }
          },
          "children":[]
        },
        {
          "name":"handle_bone 02",
          "from":[
            -8.37175065279007,
            -0.04337507486343384,
            -0.8866937160491943
          ],
          "to":[
            -7.271750628948212,
            1.6066250205039978,
            0.7633063793182373
          ],
          "rotationOrigin":[
            -7.821750640869141,
            0.781624972820282,
            -0.061693668365478516
          ],
          "group":"Bone",
          "faces":{
            "north":{
              "texture":"#bone",
              "uv":[
                27.0,
                14.0,
                29.0,
                17.0
              ],
              "autoUv":false
            },
            "east":{
              "texture":"#bone",
              "uv":[
                7.0,
                17.0,
                10.0,
                20.0
              ],
              "autoUv":false
            },
            "south":{
              "texture":"#bone",
              "uv":[
                20.0,
                4.0,
                22.0,
                7.0
              ],
              "autoUv":false
            },
            "west":{
              "texture":"#bone",
              "uv":[
                12.0,
                0.0,
                20.0,
                8.0
              ],
              "autoUv":false,
              "rotation":270
            },
            "up":{
              "texture":"#bone",
              "uv":[
                0.0,
                12.0,
                2.0,
                15.0
              ],
              "autoUv":false
            },
            "down":{
              "texture":"#bone",
              "uv":[
                11.0,
                21.0,
                9.0,
                18.0
              ],
              "autoUv":false,
              "rotation":180
            }
          },
          "children":[]
        },
        {
          "name":"handle_bone 03",
          "from":[
            9.051582857966423,
            -0.04337507486343384,
            -0.8866937756538391
          ],
          "to":[
            9.27509255707264,
            1.056624948978424,
            0.2133062481880188
          ],
          "rotationOrigin":[
            9.163337707519531,
            0.5066249370574951,
            -0.33669376373291016
          ],
          "group":"Bone",
          "faces":{
            "north":{
              "texture":"#bone",
              "uv":[
                7.593618869781494,
                19.0,
                8.0,
                21.0
              ],
              "autoUv":false
            },
            "east":{
              "texture":"#bone",
              "uv":[
                19.0,
                5.0,
                21.0,
                7.0
              ],
              "autoUv":false
            },
            "south":{
              "texture":"#bone",
              "uv":[
                13.0,
                8.0,
                13.406381607055664,
                10.0
              ],
              "autoUv":false
            },
            "west":{
              "texture":"#bone",
              "uv":[
                12.0,
                0.0,
                20.0,
                8.0
              ],
              "autoUv":false,
              "rotation":270
            },
            "up":{
              "texture":"#bone",
              "uv":[
                21.0,
                23.0,
                21.40637969970703,
                25.0
              ],
              "autoUv":false
            },
            "down":{
              "texture":"#bone",
              "uv":[
                16.0,
                17.0,
                15.593618392944336,
                15.0
              ],
              "autoUv":false,
              "rotation":180
            }
          },
          "children":[]
        },
        {
          "name":"handle_bone 04",
          "from":[
            9.05158457159996,
            1.0566249787807465,
            -0.8866937756538391
          ],
          "to":[
            9.32408681511879,
            1.6066249907016754,
            0.2133062481880188
          ],
          "rotationOrigin":[
            9.187835693359375,
            1.331624984741211,
            -0.33669376373291016
          ],
          "group":"Bone",
          "faces":{
            "north":{
              "texture":"#bone",
              "uv":[
                16.504541397094727,
                17.0,
                17.0,
                18.0
              ],
              "autoUv":false
            },
            "east":{
              "texture":"#bone",
              "uv":[
                12.0,
                6.0,
                14.0,
                7.0
              ],
              "autoUv":false
            },
            "south":{
              "texture":"#bone",
              "uv":[
                9.0,
                16.0,
                9.495458602905273,
                17.0
              ],
              "autoUv":false
            },
            "west":{
              "texture":"#bone",
              "uv":[
                12.0,
                0.0,
                20.0,
                8.0
              ],
              "autoUv":false,
              "rotation":270
            },
            "up":{
              "texture":"#bone",
              "uv":[
                10.0,
                6.0,
                10.495458602905273,
                8.0
              ],
              "autoUv":false
            },
            "down":{
              "texture":"#bone",
              "uv":[
                12.0,
                9.321222305297852,
                4.0,
                8.0
              ],
              "autoUv":false,
              "rotation":270
            }
          },
          "children":[]
        },
        {
          "name":"handle_bone 05",
          "from":[
            9.051583290100098,
            0.5066248774528503,
            0.21330603957176208
          ],
          "to":[
            9.212340354919434,
            1.6066249012947083,
            0.763306051492691
          ],
          "rotationOrigin":[
            9.131961822509766,
            1.0566248893737793,
            0.48830604553222656
          ],
          "group":"Bone",
          "faces":{
            "north":{
              "texture":"#bone",
              "uv":[
                12.0,
                30.830857753753662,
                20.0,
                32.0
              ],
              "autoUv":false,
              "rotation":270
            },
            "east":{
              "texture":"#bone",
              "uv":[
                11.0,
                13.0,
                12.0,
                15.0
              ],
              "autoUv":false
            },
            "south":{
              "texture":"#bone",
              "uv":[
                7.0,
                9.0,
                7.292285919189453,
                11.0
              ],
              "autoUv":false
            },
            "west":{
              "texture":"#bone",
              "uv":[
                12.0,
                0.0,
                20.0,
                8.0
              ],
              "autoUv":false,
              "rotation":270
            },
            "up":{
              "texture":"#bone",
              "uv":[
                6.0,
                12.0,
                6.292285442352295,
                13.0
              ],
              "autoUv":false
            },
            "down":{
              "texture":"#bone",
              "uv":[
                10.0,
                9.0,
                9.707714080810547,
                8.0
              ],
              "autoUv":false,
              "rotation":180
            }
          },
          "children":[]
        },
        {
          "name":"handle_bone 06",
          "from":[
            -10.021750688552856,
            -0.04337507486343384,
            -0.6116936802864075
          ],
          "to":[
            -8.371750593185425,
            1.6066250205039978,
            0.48830634355545044
          ],
          "rotationOrigin":[
            -9.19675064086914,
            0.781624972820282,
            -0.061693668365478516
          ],
          "group":"Bone",
          "faces":{
            "north":{
              "texture":"#bone",
              "uv":[
                12.0,
                24.0,
                20.0,
                32.0
              ],
              "autoUv":false,
              "rotation":270
            },
            "east":{
              "texture":"#bone",
              "uv":[
                12.0,
                16.0,
                20.0,
                24.0
              ],
              "autoUv":false,
              "rotation":270
            },
            "south":{
              "texture":"#bone",
              "uv":[
                12.0,
                8.0,
                20.0,
                16.0
              ],
              "autoUv":false,
              "rotation":270
            },
            "west":{
              "texture":"#bone",
              "uv":[
                7.0,
                18.0,
                9.0,
                21.0
              ],
              "autoUv":false
            },
            "up":{
              "texture":"#bone",
              "uv":[
                20.0,
                8.0,
                23.0,
                10.0
              ],
              "autoUv":false
            },
            "down":{
              "texture":"#bone",
              "uv":[
                11.0,
                13.0,
                8.0,
                11.0
              ],
              "autoUv":false,
              "rotation":180
            }
          },
          "children":[]
        },
        {
          "name":"handle_bone 07",
          "from":[
            -9.95534610748291,
            1.6066248714923859,
            -1.3198640942573547
          ],
          "to":[
            -8.58034610748291,
            2.2666248977184296,
            -0.38486403226852417
          ],
          "rotationOrigin":[
            -9.26784610748291,
            1.9366248846054077,
            -0.8523640632629395
          ],
          "rotationY":-5.999994617436511,
          "group":"Bone",
          "faces":{
            "north":{
              "texture":"#bone",
              "uv":[
                6.0,
                14.0,
                8.0,
                15.0
              ],
              "autoUv":false
            },
            "east":{
              "texture":"#bone",
              "uv":[
                8.0,
                17.0,
                9.0,
                18.0
              ],
              "autoUv":false
            },
            "south":{
              "texture":"#bone",
              "uv":[
                9.0,
                12.0,
                11.0,
                13.0
              ],
              "autoUv":false
            },
            "west":{
              "texture":"#bone",
              "uv":[
                7.0,
                13.0,
                8.0,
                14.0
              ],
              "autoUv":false
            },
            "up":{
              "texture":"#bone",
              "uv":[
                19.0,
                12.0,
                21.0,
                13.0
              ],
              "autoUv":false
            },
            "down":{
              "texture":"#bone",
              "uv":[
                12.0,
                16.0,
                4.0,
                8.0
              ],
              "autoUv":false,
              "rotation":270
            }
          },
          "children":[]
        },
        {
          "name":"handle_bone 08",
          "from":[
            -9.963862657546997,
            -0.0323750376701355,
            -1.2947875261306763
          ],
          "to":[
            -8.313862562179565,
            1.5956249833106995,
            -0.46978747844696045
          ],
          "rotationOrigin":[
            -9.138862609863281,
            0.781624972820282,
            -0.8822875022888184
          ],
          "rotationY":-8.999994274032293,
          "group":"Bone",
          "faces":{
            "north":{
              "texture":"#bone",
              "uv":[
                9.0,
                14.0,
                12.0,
                16.0
              ],
              "autoUv":false
            },
            "east":{
              "texture":"#bone",
              "uv":[
                8.0,
                5.0,
                9.0,
                7.0
              ],
              "autoUv":false
            },
            "south":{
              "texture":"#bone",
              "uv":[
                12.0,
                8.0,
                20.0,
                16.0
              ],
              "autoUv":false,
              "rotation":270
            },
            "west":{
              "texture":"#bone",
              "uv":[
                20.0,
                16.0,
                21.0,
                18.0
              ],
              "autoUv":false
            },
            "up":{
              "texture":"#bone",
              "uv":[
                0.0,
                0.0,
                3.0,
                1.0
              ],
              "autoUv":false
            },
            "down":{
              "texture":"#bone",
              "uv":[
                16.0,
                21.0,
                13.0,
                20.0
              ],
              "autoUv":false,
              "rotation":180
            }
          },
          "children":[]
        },
        {
          "name":"handle_bone 09",
          "from":[
            -9.968793153762817,
            -0.0323750376701355,
            0.35172784328460693
          ],
          "to":[
            -8.318793058395386,
            1.5956249833106995,
            1.1767278909683228
          ],
          "rotationOrigin":[
            -9.143793106079102,
            0.781624972820282,
            0.7642278671264648
          ],
          "rotationY":8.999994274032293,
          "group":"Bone",
          "faces":{
            "north":{
              "texture":"#bone",
              "uv":[
                12.0,
                24.0,
                20.0,
                32.0
              ],
              "autoUv":false,
              "rotation":270
            },
            "east":{
              "texture":"#bone",
              "uv":[
                21.0,
                14.0,
                22.0,
                16.0
              ],
              "autoUv":false
            },
            "south":{
              "texture":"#bone",
              "uv":[
                8.0,
                11.0,
                11.0,
                13.0
              ],
              "autoUv":false
            },
            "west":{
              "texture":"#bone",
              "uv":[
                21.0,
                15.0,
                22.0,
                17.0
              ],
              "autoUv":false
            },
            "up":{
              "texture":"#bone",
              "uv":[
                0.0,
                0.0,
                3.0,
                1.0
              ],
              "autoUv":false
            },
            "down":{
              "texture":"#bone",
              "uv":[
                19.0,
                26.0,
                16.0,
                25.0
              ],
              "autoUv":false,
              "rotation":180
            }
          },
          "children":[]
        },
        {
          "name":"handle_bone 10",
          "from":[
            2.695651054382324,
            0.7420782148838043,
            -0.6556940078735352
          ],
          "to":[
            5.544964790344238,
            1.2920781075954437,
            0.4223060607910156
          ],
          "rotationOrigin":[
            4.120307922363281,
            1.017078161239624,
            -0.11669397354125977
          ],
          "rotationZ":10.000005685508444,
          "group":"Bone",
          "faces":{
            "north":{
              "texture":"#bone",
              "uv":[
                0.8194280862808228,
                0.0,
                6.0,
                1.0
              ],
              "autoUv":false
            },
            "east":{
              "texture":"#bone",
              "uv":[
                12.0,
                16.0,
                20.0,
                24.0
              ],
              "autoUv":false,
              "rotation":270
            },
            "south":{
              "texture":"#bone",
              "uv":[
                4.0,
                0.0,
                9.180572509765625,
                1.0
              ],
              "autoUv":false
            },
            "west":{
              "texture":"#bone",
              "uv":[
                12.0,
                0.0,
                20.0,
                8.0
              ],
              "autoUv":false,
              "rotation":270
            },
            "up":{
              "texture":"#bone",
              "uv":[
                21.0,
                23.0,
                26.180572509765625,
                24.0
              ],
              "autoUv":false
            },
            "down":{
              "texture":"#bone",
              "uv":[
                12.0,
                14.907428741455078,
                4.0,
                8.0
              ],
              "autoUv":false,
              "rotation":270
            }
          },
          "children":[]
        },
        {
          "name":"handle_bone 11",
          "from":[
            2.8838136196136475,
            -0.0323750376701355,
            0.03415355086326599
          ],
          "to":[
            5.97481369972229,
            1.056624948978424,
            0.584153562784195
          ],
          "rotationOrigin":[
            4.429313659667969,
            0.5121249556541443,
            0.30915355682373047
          ],
          "rotationY":-5.999994617436511,
          "group":"Bone",
          "faces":{
            "north":{
              "texture":"#bone",
              "uv":[
                12.0,
                24.0,
                20.0,
                32.0
              ],
              "autoUv":false,
              "rotation":270
            },
            "east":{
              "texture":"#bone",
              "uv":[
                12.0,
                16.0,
                20.0,
                24.0
              ],
              "autoUv":false,
              "rotation":270
            },
            "south":{
              "texture":"#bone",
              "uv":[
                20.0,
                22.0,
                25.0,
                24.0
              ],
              "autoUv":false
            },
            "west":{
              "texture":"#bone",
              "uv":[
                12.0,
                0.0,
                20.0,
                8.0
              ],
              "autoUv":false,
              "rotation":270
            },
            "up":{
              "texture":"#bone",
              "uv":[
                4.0,
                0.0,
                9.0,
                1.0
              ],
              "autoUv":false
            },
            "down":{
              "texture":"#bone",
              "uv":[
                9.0,
                1.0,
                4.0,
                0.0
              ],
              "autoUv":false,
              "rotation":180
            }
          },
          "children":[]
        },
        {
          "name":"handle_bone 12",
          "from":[
            2.8717055320739746,
            -0.0323750376701355,
            -0.7649759948253632
          ],
          "to":[
            5.962706089019775,
            1.056624948978424,
            -0.21497586369514465
          ],
          "rotationOrigin":[
            4.417205810546875,
            0.5121249556541443,
            -0.4899759292602539
          ],
          "rotationY":3.9999948463726556,
          "group":"Bone",
          "faces":{
            "north":{
              "texture":"#bone",
              "uv":[
                20.0,
                14.0,
                25.0,
                16.0
              ],
              "autoUv":false
            },
            "east":{
              "texture":"#bone",
              "uv":[
                12.0,
                16.0,
                20.0,
                24.0
              ],
              "autoUv":false,
              "rotation":270
            },
            "south":{
              "texture":"#bone",
              "uv":[
                12.0,
                8.0,
                20.0,
                16.0
              ],
              "autoUv":false,
              "rotation":270
            },
            "west":{
              "texture":"#bone",
              "uv":[
                12.0,
                0.0,
                20.0,
                8.0
              ],
              "autoUv":false,
              "rotation":270
            },
            "up":{
              "texture":"#bone",
              "uv":[
                4.0,
                0.0,
                9.0,
                1.0
              ],
              "autoUv":false
            },
            "down":{
              "texture":"#bone",
              "uv":[
                9.0,
                1.0,
                4.0,
                0.0
              ],
              "autoUv":false,
              "rotation":180
            }
          },
          "children":[]
        },
        {
          "name":"handle_bone 13",
          "from":[
            -7.415559530258179,
            0.7910431623458862,
            -0.6666939854621887
          ],
          "to":[
            -5.7655603885650635,
            1.3410428762435913,
            0.4333060383796692
          ],
          "rotationOrigin":[
            -6.590559959411621,
            1.0660430192947388,
            -0.11669397354125977
          ],
          "rotationZ":-20.000002833280426,
          "group":"Bone",
          "faces":{
            "north":{
              "texture":"#bone",
              "uv":[
                0.0,
                0.0,
                3.0,
                1.0
              ],
              "autoUv":false
            },
            "east":{
              "texture":"#bone",
              "uv":[
                12.0,
                16.0,
                20.0,
                24.0
              ],
              "autoUv":false,
              "rotation":270
            },
            "south":{
              "texture":"#bone",
              "uv":[
                0.0,
                0.0,
                3.0,
                1.0
              ],
              "autoUv":false
            },
            "west":{
              "texture":"#bone",
              "uv":[
                12.0,
                0.0,
                20.0,
                8.0
              ],
              "autoUv":false,
              "rotation":270
            },
            "up":{
              "texture":"#bone",
              "uv":[
                9.0,
                6.0,
                12.0,
                8.0
              ],
              "autoUv":false
            },
            "down":{
              "texture":"#bone",
              "uv":[
                12.0,
                16.0,
                4.0,
                8.0
              ],
              "autoUv":false,
              "rotation":270
            }
          },
          "children":[]
        },
        {
          "name":"handle_bone 14",
          "from":[
            -7.343852639198303,
            -0.0323750376701355,
            -0.7686642408370972
          ],
          "to":[
            -5.693852782249451,
            1.056624948978424,
            -0.218664288520813
          ],
          "rotationOrigin":[
            -6.518852710723877,
            0.5121249556541443,
            -0.4936642646789551
          ],
          "rotationY":-8.000004206897298,
          "group":"Bone",
          "faces":{
            "north":{
              "texture":"#bone",
              "uv":[
                0.0,
                16.0,
                3.0,
                18.0
              ],
              "autoUv":false
            },
            "east":{
              "texture":"#bone",
              "uv":[
                12.0,
                16.0,
                20.0,
                24.0
              ],
              "autoUv":false,
              "rotation":270
            },
            "south":{
              "texture":"#bone",
              "uv":[
                12.0,
                8.0,
                20.0,
                16.0
              ],
              "autoUv":false,
              "rotation":270
            },
            "west":{
              "texture":"#bone",
              "uv":[
                12.0,
                0.0,
                20.0,
                8.0
              ],
              "autoUv":false,
              "rotation":270
            },
            "up":{
              "texture":"#bone",
              "uv":[
                0.0,
                0.0,
                3.0,
                1.0
              ],
              "autoUv":false
            },
            "down":{
              "texture":"#bone",
              "uv":[
                3.0,
                1.0,
                0.0,
                0.0
              ],
              "autoUv":false,
              "rotation":180
            }
          },
          "children":[]
        },
        {
          "name":"handle_bone 15",
          "from":[
            -7.344435691833496,
            -0.0323750376701355,
            0.0508362352848053
          ],
          "to":[
            -5.694436073303223,
            1.056624948978424,
            0.6008361279964447
          ],
          "rotationOrigin":[
            -6.519435882568359,
            0.5121249556541443,
            0.325836181640625
          ],
          "rotationY":11.000003436606256,
          "group":"Bone",
          "faces":{
            "north":{
              "texture":"#bone",
              "uv":[
                12.0,
                24.0,
                20.0,
                32.0
              ],
              "autoUv":false,
              "rotation":270
            },
            "east":{
              "texture":"#bone",
              "uv":[
                12.0,
                16.0,
                20.0,
                24.0
              ],
              "autoUv":false,
              "rotation":270
            },
            "south":{
              "texture":"#bone",
              "uv":[
                10.0,
                15.0,
                13.0,
                17.0
              ],
              "autoUv":false
            },
            "west":{
              "texture":"#bone",
              "uv":[
                12.0,
                0.0,
                20.0,
                8.0
              ],
              "autoUv":false,
              "rotation":270
            },
            "up":{
              "texture":"#bone",
              "uv":[
                0.0,
                0.0,
                3.0,
                1.0
              ],
              "autoUv":false
            },
            "down":{
              "texture":"#bone",
              "uv":[
                3.0,
                1.0,
                0.0,
                0.0
              ],
              "autoUv":false,
              "rotation":180
            }
          },
          "children":[]
        },
        {
          "name":"handle_bone 16",
          "from":[
            -7.271751403808594,
            -0.04082590341567993,
            -0.6666939854621887
          ],
          "to":[
            5.928249359130859,
            1.056624948978424,
            0.4333060383796692
          ],
          "rotationOrigin":[
            -0.6717510223388672,
            0.5078995227813721,
            -0.11669397354125977
          ],
          "group":"Bone",
          "faces":{
            "north":{
              "texture":"#bone",
              "uv":[
                0.0,
                13.0,
                24.0,
                14.995363235473633
              ],
              "autoUv":false
            },
            "east":{
              "texture":"#bone",
              "uv":[
                12.018539428710938,
                16.0,
                20.0,
                24.0
              ],
              "autoUv":false,
              "rotation":270
            },
            "south":{
              "texture":"#bone",
              "uv":[
                0.0,
                4.0,
                24.0,
                5.995365142822266
              ],
              "autoUv":false
            },
            "west":{
              "texture":"#bone",
              "uv":[
                12.018539428710938,
                0.0,
                20.0,
                8.0
              ],
              "autoUv":false,
              "rotation":270
            },
            "up":{
              "texture":"#bone",
              "uv":[
                0.0,
                0.0,
                24.0,
                2.0
              ],
              "autoUv":false
            },
            "down":{
              "texture":"#bone",
              "uv":[
                24.0,
                2.0,
                0.0,
                0.0
              ],
              "autoUv":false,
              "rotation":180
            }
          },
          "children":[]
        },
        {
          "name":"handle_bone 17",
          "from":[
            -9.967611312866211,
            1.6066248714923859,
            0.3113543391227722
          ],
          "to":[
            -8.592611312866211,
            2.2666248977184296,
            1.2463544011116028
          ],
          "rotationOrigin":[
            -9.280111312866211,
            1.9366248846054077,
            0.7788543701171875
          ],
          "rotationY":5.999994617436511,
          "group":"Bone",
          "faces":{
            "north":{
              "texture":"#bone",
              "uv":[
                8.0,
                14.0,
                10.0,
                15.0
              ],
              "autoUv":false
            },
            "east":{
              "texture":"#bone",
              "uv":[
                22.0,
                23.0,
                23.0,
                24.0
              ],
              "autoUv":false
            },
            "south":{
              "texture":"#bone",
              "uv":[
                6.0,
                16.0,
                8.0,
                17.0
              ],
              "autoUv":false
            },
            "west":{
              "texture":"#bone",
              "uv":[
                9.0,
                14.0,
                10.0,
                15.0
              ],
              "autoUv":false
            },
            "up":{
              "texture":"#bone",
              "uv":[
                11.0,
                12.0,
                13.0,
                13.0
              ],
              "autoUv":false
            },
            "down":{
              "texture":"#bone",
              "uv":[
                12.0,
                16.0,
                4.0,
                8.0
              ],
              "autoUv":false,
              "rotation":270
            }
          },
          "children":[]
        },
        {
          "name":"handle_bone 18",
          "from":[
            4.879625141620636,
            0.19826233386993408,
            -0.8845212459564209
          ],
          "to":[
            6.046350657939911,
            1.364987850189209,
            0.7611339092254639
          ],
          "rotationOrigin":[
            5.462987899780273,
            0.7816250920295715,
            -0.061693668365478516
          ],
          "rotationZ":45.00000125223908,
          "group":"Bone",
          "faces":{
            "north":{
              "texture":"#bone",
              "uv":[
                2.3212077617645264,
                16.0,
                4.442528247833252,
                18.121320724487305
              ],
              "autoUv":false
            },
            "east":{
              "texture":"#bone",
              "uv":[
                21.003950119018555,
                23.0,
                23.996049880981445,
                25.121320724487305
              ],
              "autoUv":false
            },
            "south":{
              "texture":"#bone",
              "uv":[
                5.557472229003906,
                24.0,
                7.6787919998168945,
                26.121320247650146
              ],
              "autoUv":false
            },
            "west":{
              "texture":"#bone",
              "uv":[
                21.003950119018555,
                23.0,
                23.996049880981445,
                25.121320724487305
              ],
              "autoUv":false
            },
            "up":{
              "texture":"#bone",
              "uv":[
                5.557472229003906,
                20.003950119018555,
                7.6787919998168945,
                22.996049880981445
              ],
              "autoUv":false
            },
            "down":{
              "texture":"#bone",
              "uv":[
                4.44252872467041,
                29.996050119400024,
                2.3212077617645264,
                27.003950119018555
              ],
              "autoUv":false,
              "rotation":180
            }
          },
          "children":[]
        },
        {
          "name":"handle_bone 19",
          "from":[
            5.747595548629761,
            -0.04069161415100098,
            -0.9731614589691162
          ],
          "to":[
            6.7426674365997314,
            1.6028330326080322,
            0.041589438915252686
          ],
          "rotationOrigin":[
            6.245131492614746,
            0.7810701727867126,
            -0.4657859802246094
          ],
          "rotationX":-179.9997864429029,
          "rotationY":-19.750016202110668,
          "rotationZ":8.365988036383156e-07,
          "group":"Bone",
          "faces":{
            "north":{
              "texture":"#bone",
              "uv":[
                18.89479637145996,
                11.32160758972168,
                20.871957778930664,
                14.171670913696289
              ],
              "autoUv":false
            },
            "east":{
              "texture":"#bone",
              "uv":[
                1.1771202087402344,
                2.42938232421875,
                4.844511032104492,
                7.55323600769043
              ],
              "autoUv":false
            },
            "south":{
              "texture":"#bone",
              "uv":[
                4.620992660522461,
                11.054357528686523,
                2.686494827270508,
                13.982833862304688
              ],
              "autoUv":false,
              "rotation":180
            },
            "west":{
              "texture":"#bone",
              "uv":[
                25.551908493041992,
                21.312569618225098,
                27.57996940612793,
                24.146052837371826
              ],
              "autoUv":false
            },
            "up":{
              "texture":"#bone",
              "uv":[
                18.02279281616211,
                13.18121337890625,
                21.404483795166016,
                16.629779815673828
              ],
              "autoUv":false,
              "rotation":180
            },
            "down":{
              "texture":"#bone",
              "uv":[
                20.129962921142578,
                25.892333984375,
                16.74565887451172,
                22.44110107421875
              ],
              "autoUv":false,
              "rotation":180
            }
          },
          "children":[]
        },
        {
          "name":"handle_bone 20",
          "from":[
            5.74757981300354,
            -0.04070490598678589,
            -0.14803475141525269
          ],
          "to":[
            6.742651700973511,
            1.602821946144104,
            0.8667161464691162
          ],
          "rotationOrigin":[
            6.245115280151367,
            0.7810590863227844,
            0.3593406677246094
          ],
          "rotationX":0.00020991459947669993,
          "rotationY":160.24998026910922,
          "rotationZ":0.00010427405023367872,
          "group":"Bone",
          "faces":{
            "north":{
              "texture":"#bone",
              "uv":[
                20.935144424438477,
                20.998988151550293,
                22.869632720947266,
                23.927465438842773
              ],
              "autoUv":false
            },
            "east":{
              "texture":"#bone",
              "uv":[
                1.177120566368103,
                2.4294166564941406,
                4.844510078430176,
                7.553272247314453
              ],
              "autoUv":false,
              "rotation":180
            },
            "south":{
              "texture":"#bone",
              "uv":[
                14.645196914672852,
                26.693994998931885,
                16.57634925842285,
                29.617321491241455
              ],
              "autoUv":false,
              "rotation":180
            },
            "west":{
              "texture":"#bone",
              "uv":[
                24.32289695739746,
                25.742177486419678,
                26.352819442749023,
                28.578260898590088
              ],
              "autoUv":false,
              "rotation":180
            },
            "up":{
              "texture":"#bone",
              "uv":[
                21.404483795166016,
                17.26434326171875,
                18.02279281616211,
                20.712909698486328
              ],
              "autoUv":false,
              "rotation":180
            },
            "down":{
              "texture":"#bone",
              "uv":[
                23.294105529785156,
                31.764301300048828,
                19.697677612304688,
                28.09674835205078
              ],
              "autoUv":false,
              "rotation":180
            }
          },
          "children":[]
        },
        {
          "name":"handle_bone 21",
          "from":[
            6.541936039924622,
            -0.0402337908744812,
            -1.1109967231750488
          ],
          "to":[
            8.110827803611755,
            1.6020178198814392,
            1.0045514106750488
          ],
          "rotationOrigin":[
            7.326381683349609,
            0.780892014503479,
            -0.05322265625
          ],
          "rotationX":-179.9997864429029,
          "group":"Bone",
          "faces":{
            "north":{
              "texture":"#bone",
              "uv":[
                25.0,
                21.0,
                28.0,
                24.0
              ],
              "autoUv":false,
              "rotation":180
            },
            "east":{
              "texture":"#bone",
              "uv":[
                1.177120566368103,
                2.0,
                6.0,
                5.0
              ],
              "autoUv":false
            },
            "south":{
              "texture":"#bone",
              "uv":[
                10.0,
                11.0,
                7.0,
                14.0
              ],
              "autoUv":false,
              "rotation":180
            },
            "west":{
              "texture":"#bone",
              "uv":[
                25.0,
                25.0,
                29.0,
                28.0
              ],
              "autoUv":false
            },
            "up":{
              "texture":"#bone",
              "uv":[
                3.0,
                9.0,
                6.0,
                14.0
              ],
              "autoUv":false,
              "rotation":180
            },
            "down":{
              "texture":"#bone",
              "uv":[
                27.0,
                13.0,
                24.0,
                9.0
              ],
              "autoUv":false,
              "rotation":180
            }
          },
          "children":[]
        }
      ]
    }
  ],
  "groups":[]
}