{
	"editor": {
		"allAngles": false,
		"entityTextureMode": true
	},
	"textureWidth": 32,
	"textureHeight": 32,
	"textureSizes": {
		"seraph.012": [128,128],
		"seraph": [32,32]
	},
	"textures": {
		"seraph": "entity/humanoid/seraph-naked"
	},
	"elements": [
		{
			"name": "hidehat",
			"stepParentName": "Head",
			"from": [ 0.0, 0.0, 0.0 ],
			"to": [ 5.5, 5.0, 5.0 ],
			"uv": [ 999.0, 999.0 ],
			"faces": {
			},
			"children": [
				{
					"name": "L ears 11.006",
					"from": [ 1.7458, 2.6812, 5.1622 ],
					"to": [ 2.3329, 3.0354, 5.5163 ],
					"uv": [ 15.5, 6.25 ],
					"rotationOrigin": [ 2.0393, 2.8583, 5.3392 ],
					"rotationX": 18.7631,
					"rotationY": -35.8515,
					"rotationZ": -37.8247,
					"faces": {
						"north": { "texture": "#seraph", "uv": [ 15.5, 6.5, 16.0, 6.75 ] },
						"east": { "texture": "#seraph", "uv": [ 16.0, 6.5, 16.25, 6.75 ] },
						"south": { "texture": "#seraph", "uv": [ 16.25, 6.5, 16.75, 6.75 ] },
						"west": { "texture": "#seraph", "uv": [ 16.75, 6.5, 17.0, 6.75 ] },
						"up": { "texture": "#seraph", "uv": [ 15.5, 6.25, 16.0, 6.5 ] },
						"down": { "texture": "#seraph", "uv": [ 16.0, 6.25, 16.5, 6.5 ], "rotation": 180 }
					}
				},
				{
					"name": "L ears 11.007",
					"from": [ 1.9157, 2.311, 5.1548 ],
					"to": [ 2.5028, 2.6652, 5.5089 ],
					"uv": [ 15.5, 6.5 ],
					"rotationOrigin": [ 2.2092, 2.488, 5.3318 ],
					"rotationX": 21.1709,
					"rotationY": -37.0158,
					"rotationZ": -84.6877,
					"faces": {
						"north": { "texture": "#seraph", "uv": [ 15.5, 6.75, 16.0, 7.0 ] },
						"east": { "texture": "#seraph", "uv": [ 16.0, 6.75, 16.25, 7.0 ] },
						"south": { "texture": "#seraph", "uv": [ 16.25, 6.75, 16.75, 7.0 ] },
						"west": { "texture": "#seraph", "uv": [ 16.75, 6.75, 17.0, 7.0 ] },
						"up": { "texture": "#seraph", "uv": [ 15.5, 6.5, 16.0, 6.75 ] },
						"down": { "texture": "#seraph", "uv": [ 16.0, 6.5, 16.5, 6.75 ], "rotation": 180 }
					}
				},
				{
					"name": "L ears 11.008",
					"from": [ 1.7458, 2.6812, -0.5163 ],
					"to": [ 2.3329, 3.0354, -0.1622 ],
					"uv": [ 16.5, 6.75 ],
					"rotationOrigin": [ 2.0393, 2.8583, -0.3392 ],
					"rotationX": -18.7631,
					"rotationY": 35.8515,
					"rotationZ": 142.1753,
					"faces": {
						"north": { "texture": "#seraph", "uv": [ 16.5, 7.0, 17.0, 7.25 ] },
						"east": { "texture": "#seraph", "uv": [ 17.0, 7.0, 17.25, 7.25 ] },
						"south": { "texture": "#seraph", "uv": [ 17.25, 7.0, 17.75, 7.25 ] },
						"west": { "texture": "#seraph", "uv": [ 17.75, 7.0, 18.0, 7.25 ] },
						"up": { "texture": "#seraph", "uv": [ 16.5, 6.75, 17.0, 7.0 ], "rotation": 180 },
						"down": { "texture": "#seraph", "uv": [ 17.0, 6.75, 17.5, 7.0 ] }
					}
				},
				{
					"name": "L ears 11.009",
					"from": [ 1.9157, 2.311, -0.5089 ],
					"to": [ 2.5028, 2.6652, -0.1548 ],
					"uv": [ 16.5, 7.25 ],
					"rotationOrigin": [ 2.2092, 2.488, -0.3318 ],
					"rotationX": -21.1709,
					"rotationY": 37.0158,
					"rotationZ": 95.3123,
					"faces": {
						"north": { "texture": "#seraph", "uv": [ 16.5, 7.5, 17.0, 7.75 ] },
						"east": { "texture": "#seraph", "uv": [ 17.0, 7.5, 17.25, 7.75 ] },
						"south": { "texture": "#seraph", "uv": [ 17.25, 7.5, 17.75, 7.75 ] },
						"west": { "texture": "#seraph", "uv": [ 17.75, 7.5, 18.0, 7.75 ] },
						"up": { "texture": "#seraph", "uv": [ 16.5, 7.25, 17.0, 7.5 ], "rotation": 180 },
						"down": { "texture": "#seraph", "uv": [ 17.0, 7.25, 17.5, 7.5 ] }
					}
				},
				{
					"name": "L ears 2.009",
					"from": [ 1.7228, 3.0067, 5.2444 ],
					"to": [ 3.6476, 3.4605, 5.7423 ],
					"uv": [ 15.0, 7.0 ],
					"rotationOrigin": [ 2.6852, 3.2337, 5.4934 ],
					"rotationX": -18.8808,
					"rotationY": -18.581,
					"rotationZ": -5.5092,
					"faces": {
						"north": { "texture": "#seraph", "uv": [ 15.0, 7.25, 16.75, 7.5 ] },
						"east": { "texture": "#seraph", "uv": [ 16.75, 7.25, 17.0, 7.5 ] },
						"south": { "texture": "#seraph", "uv": [ 17.0, 7.25, 18.75, 7.5 ] },
						"west": { "texture": "#seraph", "uv": [ 18.75, 7.25, 19.0, 7.5 ] },
						"up": { "texture": "#seraph", "uv": [ 15.0, 7.0, 16.75, 7.25 ] },
						"down": { "texture": "#seraph", "uv": [ 16.75, 7.0, 18.5, 7.25 ], "rotation": 180 }
					}
				},
				{
					"name": "L ears 2.010",
					"from": [ 3.3246, 2.7793, 5.6147 ],
					"to": [ 4.5715, 3.2331, 6.1126 ],
					"uv": [ 14.75, 6.0 ],
					"rotationOrigin": [ 3.948, 3.0063, 5.8637 ],
					"rotationX": -12.7829,
					"rotationY": -5.9592,
					"rotationZ": -29.1033,
					"faces": {
						"north": { "texture": "#seraph", "uv": [ 14.75, 6.25, 15.75, 6.5 ] },
						"east": { "texture": "#seraph", "uv": [ 15.75, 6.25, 16.0, 6.5 ] },
						"south": { "texture": "#seraph", "uv": [ 16.0, 6.25, 17.0, 6.5 ] },
						"west": { "texture": "#seraph", "uv": [ 17.0, 6.25, 17.25, 6.5 ] },
						"up": { "texture": "#seraph", "uv": [ 14.75, 6.0, 15.75, 6.25 ] },
						"down": { "texture": "#seraph", "uv": [ 15.75, 6.0, 16.75, 6.25 ], "rotation": 180 }
					}
				},
				{
					"name": "L ears 2.011",
					"from": [ 2.722, 2.1218, 5.5208 ],
					"to": [ 4.6469, 2.5756, 6.0187 ],
					"uv": [ 15.0, 6.25 ],
					"rotationOrigin": [ 3.6845, 2.3488, 5.7698 ],
					"rotationX": -14.1684,
					"rotationY": -19.3383,
					"rotationZ": 24.351,
					"faces": {
						"north": { "texture": "#seraph", "uv": [ 15.0, 6.5, 16.75, 6.75 ] },
						"east": { "texture": "#seraph", "uv": [ 16.75, 6.5, 17.0, 6.75 ] },
						"south": { "texture": "#seraph", "uv": [ 17.0, 6.5, 18.75, 6.75 ] },
						"west": { "texture": "#seraph", "uv": [ 18.75, 6.5, 19.0, 6.75 ] },
						"up": { "texture": "#seraph", "uv": [ 15.0, 6.25, 16.75, 6.5 ] },
						"down": { "texture": "#seraph", "uv": [ 16.75, 6.25, 18.5, 6.5 ], "rotation": 180 }
					}
				},
				{
					"name": "L ears 2.012",
					"from": [ 1.7637, 1.3075, 5.0963 ],
					"to": [ 3.176, 1.7614, 5.5942 ],
					"uv": [ 14.75, 6.0 ],
					"rotationOrigin": [ 2.4698, 1.5345, 5.3453 ],
					"rotationX": -5.8993,
					"rotationY": -33.162,
					"rotationZ": 36.1745,
					"faces": {
						"north": { "texture": "#seraph", "uv": [ 14.75, 6.25, 16.0, 6.5 ] },
						"east": { "texture": "#seraph", "uv": [ 16.0, 6.25, 16.25, 6.5 ] },
						"south": { "texture": "#seraph", "uv": [ 16.25, 6.25, 17.5, 6.5 ] },
						"west": { "texture": "#seraph", "uv": [ 17.5, 6.25, 17.75, 6.5 ] },
						"up": { "texture": "#seraph", "uv": [ 14.75, 6.0, 16.0, 6.25 ] },
						"down": { "texture": "#seraph", "uv": [ 16.0, 6.0, 17.25, 6.25 ], "rotation": 180 }
					}
				},
				{
					"name": "L ears 2.013",
					"from": [ 1.3529, 1.0595, 4.7835 ],
					"to": [ 2.1975, 1.5133, 5.2814 ],
					"uv": [ 16.0, 6.25 ],
					"rotationOrigin": [ 1.7752, 1.2865, 5.0325 ],
					"rotationX": 2.1035,
					"rotationY": -22.9299,
					"rotationZ": -16.8386,
					"faces": {
						"north": { "texture": "#seraph", "uv": [ 16.0, 6.5, 16.75, 6.75 ] },
						"east": { "texture": "#seraph", "uv": [ 16.75, 6.5, 17.0, 6.75 ] },
						"south": { "texture": "#seraph", "uv": [ 17.0, 6.5, 17.75, 6.75 ] },
						"west": { "texture": "#seraph", "uv": [ 17.75, 6.5, 18.0, 6.75 ] },
						"up": { "texture": "#seraph", "uv": [ 16.0, 6.25, 16.75, 6.5 ] },
						"down": { "texture": "#seraph", "uv": [ 16.75, 6.25, 17.5, 6.5 ], "rotation": 180 }
					}
				},
				{
					"name": "L ears 2.014",
					"from": [ 1.7228, 3.0067, -0.7423 ],
					"to": [ 3.6476, 3.4605, -0.2444 ],
					"uv": [ 14.75, 6.5 ],
					"rotationOrigin": [ 2.6852, 3.2337, -0.4934 ],
					"rotationX": 18.8808,
					"rotationY": 18.581,
					"rotationZ": 174.4908,
					"faces": {
						"north": { "texture": "#seraph", "uv": [ 14.75, 6.75, 16.5, 7.0 ] },
						"east": { "texture": "#seraph", "uv": [ 16.5, 6.75, 16.75, 7.0 ] },
						"south": { "texture": "#seraph", "uv": [ 16.75, 6.75, 18.5, 7.0 ] },
						"west": { "texture": "#seraph", "uv": [ 18.5, 6.75, 18.75, 7.0 ] },
						"up": { "texture": "#seraph", "uv": [ 14.75, 6.5, 16.5, 6.75 ], "rotation": 180 },
						"down": { "texture": "#seraph", "uv": [ 16.5, 6.5, 18.25, 6.75 ] }
					}
				},
				{
					"name": "L ears 2.015",
					"from": [ 3.3246, 2.7793, -1.1126 ],
					"to": [ 4.5715, 3.2331, -0.6147 ],
					"uv": [ 15.75, 6.25 ],
					"rotationOrigin": [ 3.948, 3.0063, -0.8637 ],
					"rotationX": 12.7829,
					"rotationY": 5.9592,
					"rotationZ": 150.8967,
					"faces": {
						"north": { "texture": "#seraph", "uv": [ 15.75, 6.5, 16.75, 6.75 ] },
						"east": { "texture": "#seraph", "uv": [ 16.75, 6.5, 17.0, 6.75 ] },
						"south": { "texture": "#seraph", "uv": [ 17.0, 6.5, 18.0, 6.75 ] },
						"west": { "texture": "#seraph", "uv": [ 18.0, 6.5, 18.25, 6.75 ] },
						"up": { "texture": "#seraph", "uv": [ 15.75, 6.25, 16.75, 6.5 ], "rotation": 180 },
						"down": { "texture": "#seraph", "uv": [ 16.75, 6.25, 17.75, 6.5 ] }
					}
				},
				{
					"name": "L ears 2.016",
					"from": [ 2.722, 2.1218, -1.0187 ],
					"to": [ 4.6469, 2.5756, -0.5208 ],
					"uv": [ 15.25, 7.0 ],
					"rotationOrigin": [ 3.6845, 2.3488, -0.7698 ],
					"rotationX": 14.1684,
					"rotationY": 19.3383,
					"rotationZ": -155.649,
					"faces": {
						"north": { "texture": "#seraph", "uv": [ 15.25, 7.25, 17.0, 7.5 ] },
						"east": { "texture": "#seraph", "uv": [ 17.0, 7.25, 17.25, 7.5 ] },
						"south": { "texture": "#seraph", "uv": [ 17.25, 7.25, 19.0, 7.5 ] },
						"west": { "texture": "#seraph", "uv": [ 19.0, 7.25, 19.25, 7.5 ] },
						"up": { "texture": "#seraph", "uv": [ 15.25, 7.0, 17.0, 7.25 ], "rotation": 180 },
						"down": { "texture": "#seraph", "uv": [ 17.0, 7.0, 18.75, 7.25 ] }
					}
				},
				{
					"name": "L ears 2.017",
					"from": [ 1.7637, 1.3075, -0.5942 ],
					"to": [ 3.176, 1.7614, -0.0963 ],
					"uv": [ 14.75, 7.0 ],
					"rotationOrigin": [ 2.4698, 1.5345, -0.3453 ],
					"rotationX": 5.8993,
					"rotationY": 33.162,
					"rotationZ": -143.8255,
					"faces": {
						"north": { "texture": "#seraph", "uv": [ 14.75, 7.25, 16.0, 7.5 ] },
						"east": { "texture": "#seraph", "uv": [ 16.0, 7.25, 16.25, 7.5 ] },
						"south": { "texture": "#seraph", "uv": [ 16.25, 7.25, 17.5, 7.5 ] },
						"west": { "texture": "#seraph", "uv": [ 17.5, 7.25, 17.75, 7.5 ] },
						"up": { "texture": "#seraph", "uv": [ 14.75, 7.0, 16.0, 7.25 ], "rotation": 180 },
						"down": { "texture": "#seraph", "uv": [ 16.0, 7.0, 17.25, 7.25 ] }
					}
				},
				{
					"name": "L ears 2.018",
					"from": [ 1.3529, 1.0595, -0.2814 ],
					"to": [ 2.1975, 1.5133, 0.2165 ],
					"uv": [ 16.5, 7.0 ],
					"rotationOrigin": [ 1.7752, 1.2865, -0.0325 ],
					"rotationX": -2.1035,
					"rotationY": 22.9299,
					"rotationZ": 163.1614,
					"faces": {
						"north": { "texture": "#seraph", "uv": [ 16.5, 7.25, 17.25, 7.5 ] },
						"east": { "texture": "#seraph", "uv": [ 17.25, 7.25, 17.5, 7.5 ] },
						"south": { "texture": "#seraph", "uv": [ 17.5, 7.25, 18.25, 7.5 ] },
						"west": { "texture": "#seraph", "uv": [ 18.25, 7.25, 18.5, 7.5 ] },
						"up": { "texture": "#seraph", "uv": [ 16.5, 7.0, 17.25, 7.25 ], "rotation": 180 },
						"down": { "texture": "#seraph", "uv": [ 17.25, 7.0, 18.0, 7.25 ] }
					}
				},
				{
					"name": "L ears 4.011",
					"from": [ 0.8497, 2.7172, 4.8618 ],
					"to": [ 2.0266, 3.171, 5.3904 ],
					"uv": [ 15.5, 6.25 ],
					"rotationOrigin": [ 1.4381, 2.9411, 5.1248 ],
					"rotationX": -16.1638,
					"rotationY": -16.1314,
					"rotationZ": 31.0582,
					"faces": {
						"north": { "texture": "#seraph", "uv": [ 15.5, 6.75, 16.5, 7.0 ] },
						"east": { "texture": "#seraph", "uv": [ 16.5, 6.75, 17.0, 7.0 ] },
						"south": { "texture": "#seraph", "uv": [ 17.0, 6.75, 18.0, 7.0 ] },
						"west": { "texture": "#seraph", "uv": [ 18.0, 6.75, 18.5, 7.0 ] },
						"up": { "texture": "#seraph", "uv": [ 15.5, 6.25, 16.5, 6.75 ] },
						"down": { "texture": "#seraph", "uv": [ 16.5, 6.25, 17.5, 6.75 ], "rotation": 180 }
					}
				},
				{
					"name": "L ears 4.012",
					"from": [ 0.8497, 2.7172, -0.3904 ],
					"to": [ 2.0266, 3.171, 0.1382 ],
					"uv": [ 15.25, 6.25 ],
					"rotationOrigin": [ 1.4381, 2.9411, -0.1248 ],
					"rotationX": 16.1638,
					"rotationY": 16.1314,
					"rotationZ": -148.9418,
					"faces": {
						"north": { "texture": "#seraph", "uv": [ 15.25, 6.75, 16.25, 7.0 ] },
						"east": { "texture": "#seraph", "uv": [ 16.25, 6.75, 16.75, 7.0 ] },
						"south": { "texture": "#seraph", "uv": [ 16.75, 6.75, 17.75, 7.0 ] },
						"west": { "texture": "#seraph", "uv": [ 17.75, 6.75, 18.25, 7.0 ] },
						"up": { "texture": "#seraph", "uv": [ 15.25, 6.25, 16.25, 6.75 ], "rotation": 180 },
						"down": { "texture": "#seraph", "uv": [ 16.25, 6.25, 17.25, 6.75 ] }
					}
				},
				{
					"name": "L ears 5.009",
					"from": [ 0.8234, 2.3598, 4.7919 ],
					"to": [ 1.224, 2.7198, 5.4838 ],
					"uv": [ 16.0, 7.25 ],
					"rotationOrigin": [ 1.0236, 2.5398, 5.1378 ],
					"rotationX": 46.2417,
					"rotationY": -23.0195,
					"rotationZ": -38.9297,
					"faces": {
						"north": { "texture": "#seraph", "uv": [ 16.0, 7.75, 16.25, 8.0 ] },
						"east": { "texture": "#seraph", "uv": [ 16.25, 7.75, 16.75, 8.0 ] },
						"south": { "texture": "#seraph", "uv": [ 16.75, 7.75, 17.0, 8.0 ] },
						"west": { "texture": "#seraph", "uv": [ 17.0, 7.75, 17.5, 8.0 ] },
						"up": { "texture": "#seraph", "uv": [ 16.0, 7.25, 16.25, 7.75 ] },
						"down": { "texture": "#seraph", "uv": [ 16.25, 7.25, 16.5, 7.75 ], "rotation": 180 }
					}
				},
				{
					"name": "L ears 5.010",
					"from": [ 1.2502, 1.2935, 4.6507 ],
					"to": [ 1.7539, 1.7474, 5.4424 ],
					"uv": [ 15.75, 6.25 ],
					"rotationOrigin": [ 1.502, 1.5205, 5.0465 ],
					"rotationX": 130.9506,
					"rotationY": 15.2788,
					"rotationZ": 9.4484,
					"faces": {
						"north": { "texture": "#seraph", "uv": [ 15.75, 7.0, 16.25, 7.25 ] },
						"east": { "texture": "#seraph", "uv": [ 16.25, 7.0, 17.0, 7.25 ] },
						"south": { "texture": "#seraph", "uv": [ 17.0, 7.0, 17.5, 7.25 ] },
						"west": { "texture": "#seraph", "uv": [ 17.5, 7.0, 18.25, 7.25 ] },
						"up": { "texture": "#seraph", "uv": [ 15.75, 6.25, 16.25, 7.0 ] },
						"down": { "texture": "#seraph", "uv": [ 16.25, 6.25, 16.75, 7.0 ], "rotation": 180 }
					}
				},
				{
					"name": "L ears 5.011",
					"from": [ 0.8234, 2.3598, -0.4838 ],
					"to": [ 1.224, 2.7198, 0.2081 ],
					"uv": [ 16.5, 6.25 ],
					"rotationOrigin": [ 1.0236, 2.5398, -0.1378 ],
					"rotationX": -46.2417,
					"rotationY": 23.0195,
					"rotationZ": 141.0703,
					"faces": {
						"north": { "texture": "#seraph", "uv": [ 16.5, 6.75, 16.75, 7.0 ] },
						"east": { "texture": "#seraph", "uv": [ 16.75, 6.75, 17.25, 7.0 ] },
						"south": { "texture": "#seraph", "uv": [ 17.25, 6.75, 17.5, 7.0 ] },
						"west": { "texture": "#seraph", "uv": [ 17.5, 6.75, 18.0, 7.0 ] },
						"up": { "texture": "#seraph", "uv": [ 16.5, 6.25, 16.75, 6.75 ], "rotation": 180 },
						"down": { "texture": "#seraph", "uv": [ 16.75, 6.25, 17.0, 6.75 ] }
					}
				},
				{
					"name": "L ears 5.012",
					"from": [ 1.2502, 1.2935, -0.4424 ],
					"to": [ 1.7539, 1.7474, 0.3493 ],
					"uv": [ 16.0, 6.25 ],
					"rotationOrigin": [ 1.502, 1.5205, -0.0465 ],
					"rotationX": 49.0495,
					"rotationY": -164.7212,
					"rotationZ": 9.4484,
					"faces": {
						"north": { "texture": "#seraph", "uv": [ 16.0, 7.0, 16.5, 7.25 ] },
						"east": { "texture": "#seraph", "uv": [ 16.5, 7.0, 17.25, 7.25 ] },
						"south": { "texture": "#seraph", "uv": [ 17.25, 7.0, 17.75, 7.25 ] },
						"west": { "texture": "#seraph", "uv": [ 17.75, 7.0, 18.5, 7.25 ] },
						"up": { "texture": "#seraph", "uv": [ 16.0, 6.25, 16.5, 7.0 ], "rotation": 180 },
						"down": { "texture": "#seraph", "uv": [ 16.5, 6.25, 17.0, 7.0 ] }
					}
				},
				{
					"name": "L ears 8.007",
					"from": [ 2.5125, 2.2306, 5.4589 ],
					"to": [ 3.9309, 2.8877, 5.6185 ],
					"uv": [ 15.5, 6.75 ],
					"rotationOrigin": [ 3.2217, 2.5592, 5.5388 ],
					"rotationX": 1.5755,
					"rotationY": -17.9225,
					"rotationZ": 27.4604,
					"faces": {
						"north": { "texture": "#seraph", "uv": [ 15.5, 7.0, 16.75, 7.5 ] },
						"east": { "texture": "#seraph", "uv": [ 16.75, 7.0, 17.0, 7.5 ] },
						"south": { "texture": "#seraph", "uv": [ 17.0, 7.0, 18.25, 7.5 ] },
						"west": { "texture": "#seraph", "uv": [ 18.25, 7.0, 18.5, 7.5 ] },
						"up": { "texture": "#seraph", "uv": [ 15.5, 6.75, 16.75, 7.0 ] },
						"down": { "texture": "#seraph", "uv": [ 16.75, 6.75, 18.0, 7.0 ], "rotation": 180 }
					}
				},
				{
					"name": "L ears 8.008",
					"from": [ 1.2716, 1.4038, 4.9161 ],
					"to": [ 2.69, 3.0273, 5.0689 ],
					"uv": [ 15.75, 6.0 ],
					"rotationOrigin": [ 1.9808, 2.2156, 4.9925 ],
					"rotationX": 7.3844,
					"rotationY": -18.7238,
					"rotationZ": 36.1516,
					"faces": {
						"north": { "texture": "#seraph", "uv": [ 15.75, 6.25, 17.0, 7.75 ] },
						"east": { "texture": "#seraph", "uv": [ 17.0, 6.25, 17.25, 7.75 ] },
						"south": { "texture": "#seraph", "uv": [ 17.25, 6.25, 18.5, 7.75 ] },
						"west": { "texture": "#seraph", "uv": [ 18.5, 6.25, 18.75, 7.75 ] },
						"up": { "texture": "#seraph", "uv": [ 15.75, 6.0, 17.0, 6.25 ] },
						"down": { "texture": "#seraph", "uv": [ 17.0, 6.0, 18.25, 6.25 ], "rotation": 180 }
					}
				},
				{
					"name": "L ears 8.009",
					"from": [ 2.0926, 2.4935, 5.3372 ],
					"to": [ 3.511, 3.1505, 5.4968 ],
					"uv": [ 15.75, 7.0 ],
					"rotationOrigin": [ 2.8018, 2.8221, 5.417 ],
					"rotationX": 7.1828,
					"rotationY": -16.6482,
					"rotationZ": 8.7771,
					"faces": {
						"north": { "texture": "#seraph", "uv": [ 15.75, 7.25, 17.0, 7.75 ] },
						"east": { "texture": "#seraph", "uv": [ 17.0, 7.25, 17.25, 7.75 ] },
						"south": { "texture": "#seraph", "uv": [ 17.25, 7.25, 18.5, 7.75 ] },
						"west": { "texture": "#seraph", "uv": [ 18.5, 7.25, 18.75, 7.75 ] },
						"up": { "texture": "#seraph", "uv": [ 15.75, 7.0, 17.0, 7.25 ] },
						"down": { "texture": "#seraph", "uv": [ 17.0, 7.0, 18.25, 7.25 ], "rotation": 180 }
					}
				},
				{
					"name": "L ears 8.010",
					"from": [ 1.2716, 1.4038, -0.0689 ],
					"to": [ 2.69, 3.0273, 0.0839 ],
					"uv": [ 16.0, 5.75 ],
					"rotationOrigin": [ 1.9808, 2.2156, 0.0075 ],
					"rotationX": -7.3844,
					"rotationY": 18.7238,
					"rotationZ": -143.8484,
					"faces": {
						"north": { "texture": "#seraph", "uv": [ 16.0, 6.0, 17.25, 7.5 ] },
						"east": { "texture": "#seraph", "uv": [ 17.25, 6.0, 17.5, 7.5 ] },
						"south": { "texture": "#seraph", "uv": [ 17.5, 6.0, 18.75, 7.5 ] },
						"west": { "texture": "#seraph", "uv": [ 18.75, 6.0, 19.0, 7.5 ] },
						"up": { "texture": "#seraph", "uv": [ 16.0, 5.75, 17.25, 6.0 ], "rotation": 180 },
						"down": { "texture": "#seraph", "uv": [ 17.25, 5.75, 18.5, 6.0 ] }
					}
				},
				{
					"name": "L ears 8.011",
					"from": [ 2.5125, 2.2306, -0.6185 ],
					"to": [ 3.9309, 2.8877, -0.4589 ],
					"uv": [ 16.0, 6.75 ],
					"rotationOrigin": [ 3.2217, 2.5592, -0.5388 ],
					"rotationX": -1.5755,
					"rotationY": 17.9225,
					"rotationZ": -152.5396,
					"faces": {
						"north": { "texture": "#seraph", "uv": [ 16.0, 7.0, 17.25, 7.5 ] },
						"east": { "texture": "#seraph", "uv": [ 17.25, 7.0, 17.5, 7.5 ] },
						"south": { "texture": "#seraph", "uv": [ 17.5, 7.0, 18.75, 7.5 ] },
						"west": { "texture": "#seraph", "uv": [ 18.75, 7.0, 19.0, 7.5 ] },
						"up": { "texture": "#seraph", "uv": [ 16.0, 6.75, 17.25, 7.0 ], "rotation": 180 },
						"down": { "texture": "#seraph", "uv": [ 17.25, 6.75, 18.5, 7.0 ] }
					}
				},
				{
					"name": "L ears 8.012",
					"from": [ 2.0926, 2.4935, -0.4968 ],
					"to": [ 3.511, 3.1505, -0.3372 ],
					"uv": [ 15.25, 6.75 ],
					"rotationOrigin": [ 2.8018, 2.8221, -0.417 ],
					"rotationX": -7.1828,
					"rotationY": 16.6482,
					"rotationZ": -171.2229,
					"faces": {
						"north": { "texture": "#seraph", "uv": [ 15.25, 7.0, 16.5, 7.5 ] },
						"east": { "texture": "#seraph", "uv": [ 16.5, 7.0, 16.75, 7.5 ] },
						"south": { "texture": "#seraph", "uv": [ 16.75, 7.0, 18.0, 7.5 ] },
						"west": { "texture": "#seraph", "uv": [ 18.0, 7.0, 18.25, 7.5 ] },
						"up": { "texture": "#seraph", "uv": [ 15.25, 6.75, 16.5, 7.0 ], "rotation": 180 },
						"down": { "texture": "#seraph", "uv": [ 16.5, 6.75, 17.75, 7.0 ] }
					}
				}
			],
			"attachmentpoints": [
				{
					"code": "Eyes.017",
					"posX": "1.6063003540039062","posY": "3.4234249591827393","posZ": "2.5",
					"rotationX": "0.0","rotationY": "-90.0","rotationZ": "0.0"
				}
			]
		}
	]}