{
	"editor": {
		"backDropShape": "entity/animal/mammal/hooved/odocoileini/hippocamelusbisulcus/adult",
		"allAngles": true,
		"entityTextureMode": true
	},
	"textureWidth": 52,
	"textureHeight": 64,
	"textureSizes": {
		"skin": [52,64]
	},
	"textures": {
		"skin": "entity/animal/mammal/hooved/odocoileini/hippocamelusbisulcus-male"
	},
	"elements": [
		{
			"name": "Horn attachment",
			"stepParentName": "head",
			"from": [ 0.0, 3.5, 1.25 ],
			"to": [ 0.9, 4.4, 2.15 ],
			"uv": [ 0.0, 0.0 ],
			"rotationOrigin": [ 0.0, 3.5, 1.25 ],
			"rotationZ": -22.0,
			"faces": {
			},
			"children": [
				{
					"name": "R antler base",
					"from": [ 0.1, -0.1, -1.2 ],
					"to": [ 0.7, 1.2, -0.6 ],
					"unwrapMode": 4,
					"uv": [ 38.5, 61.5 ],
					"rotationOrigin": [ 0.1, 0.7, -0.6 ],
					"rotationY": -25.0,
					"rotationZ": 25.0,
					"faces": {
						"north": { "texture": "#skin", "uv": [ 38.5, 62.0, 39.0, 63.0 ] },
						"east": { "texture": "#skin", "uv": [ 40.0, 62.0, 40.5, 63.0 ] },
						"south": { "texture": "#skin", "uv": [ 39.5, 62.0, 40.0, 63.0 ] },
						"west": { "texture": "#skin", "uv": [ 39.0, 62.0, 39.5, 63.0 ] },
						"up": { "texture": "#skin", "uv": [ 39.0, 61.5, 39.5, 62.0 ], "rotation": 90 }
					},
					"children": [
						{
							"name": "R antler branch 1",
							"from": [ 0.1, 1.4, 0.0 ],
							"to": [ 0.6, 2.9, 0.5 ],
							"unwrapMode": 4,
							"uv": [ 38.5, 59.0 ],
							"rotationOrigin": [ 0.1, 1.4, 0.6 ],
							"rotationZ": -15.0,
							"faces": {
								"north": { "texture": "#skin", "uv": [ 38.5, 59.5, 39.0, 61.0 ] },
								"east": { "texture": "#skin", "uv": [ 40.0, 59.5, 40.5, 61.0 ] },
								"south": { "texture": "#skin", "uv": [ 39.5, 59.5, 40.0, 61.0 ] },
								"west": { "texture": "#skin", "uv": [ 39.0, 59.5, 39.5, 61.0 ] },
								"up": { "texture": "#skin", "uv": [ 39.0, 59.0, 39.5, 59.5 ], "rotation": 90 }
							},
							"children": [
								{
									"name": "R antler point 1",
									"from": [ 0.05, 1.5, 0.05 ],
									"to": [ 0.45, 4.0, 0.45 ],
									"unwrapMode": 4,
									"uv": [ 38.5, 55.0 ],
									"rotationOrigin": [ 0.45, 1.5, 0.45 ],
									"rotationZ": 5.0,
									"faces": {
										"north": { "texture": "#skin", "uv": [ 38.5, 55.5, 39.0, 58.0 ] },
										"east": { "texture": "#skin", "uv": [ 40.0, 55.5, 40.5, 58.0 ] },
										"south": { "texture": "#skin", "uv": [ 39.5, 55.5, 40.0, 58.0 ] },
										"west": { "texture": "#skin", "uv": [ 39.0, 55.5, 39.5, 58.0 ] },
										"up": { "texture": "#skin", "uv": [ 39.0, 55.0, 39.5, 55.5 ], "rotation": 90 }
									}
								}
							]
						},
						{
							"name": "R antler branch 2",
							"from": [ 0.0, 0.9, 0.0 ],
							"to": [ 0.5, 1.9, 0.5 ],
							"unwrapMode": 4,
							"uv": [ 38.5, 52.5 ],
							"rotationOrigin": [ 0.0, 0.9, 0.0 ],
							"rotationY": -1.0,
							"rotationZ": 45.0,
							"faces": {
								"north": { "texture": "#skin", "uv": [ 38.5, 53.0, 39.0, 54.0 ] },
								"east": { "texture": "#skin", "uv": [ 40.0, 53.0, 40.5, 54.0 ] },
								"south": { "texture": "#skin", "uv": [ 39.5, 53.0, 40.0, 54.0 ] },
								"west": { "texture": "#skin", "uv": [ 39.0, 53.0, 39.5, 54.0 ] },
								"up": { "texture": "#skin", "uv": [ 39.0, 52.5, 39.5, 53.0 ], "rotation": 90 }
							},
							"children": [
								{
									"name": "R antler point 2",
									"from": [ 0.05, 1.0, 0.05 ],
									"to": [ 0.45, 3.0, 0.45 ],
									"unwrapMode": 4,
									"uv": [ 36.5, 49.5 ],
									"rotationOrigin": [ 0.05, 1.0, 0.05 ],
									"rotationZ": -25.0,
									"faces": {
										"north": { "texture": "#skin", "uv": [ 36.5, 50.0, 37.0, 52.0 ] },
										"east": { "texture": "#skin", "uv": [ 38.0, 50.0, 38.5, 52.0 ] },
										"south": { "texture": "#skin", "uv": [ 37.5, 50.0, 38.0, 52.0 ] },
										"west": { "texture": "#skin", "uv": [ 37.0, 50.0, 37.5, 52.0 ] },
										"up": { "texture": "#skin", "uv": [ 37.0, 49.5, 37.5, 50.0 ], "rotation": 90 }
									}
								}
							]
						}
					]
				},
				{
					"name": "L antler base",
					"from": [ 0.1, -0.1, 0.6 ],
					"to": [ 0.7, 1.2, 1.2 ],
					"unwrapMode": 4,
					"uv": [ 36.5, 61.5 ],
					"rotationOrigin": [ 0.1, 0.7, 0.6 ],
					"rotationY": 25.0,
					"rotationZ": 25.0,
					"faces": {
						"north": { "texture": "#skin", "uv": [ 36.5, 62.0, 37.0, 63.0 ] },
						"east": { "texture": "#skin", "uv": [ 38.0, 62.0, 38.5, 63.0 ] },
						"south": { "texture": "#skin", "uv": [ 37.5, 62.0, 38.0, 63.0 ] },
						"west": { "texture": "#skin", "uv": [ 37.0, 62.0, 37.5, 63.0 ] },
						"up": { "texture": "#skin", "uv": [ 37.0, 61.5, 37.5, 62.0 ], "rotation": 90, "windMode": [-1,-1,-1,-1], "windData": [1,1,1,1] }
					},
					"children": [
						{
							"name": "L antler branch 1",
							"from": [ 0.1, 1.4, 0.0 ],
							"to": [ 0.6, 2.9, 0.5 ],
							"unwrapMode": 4,
							"uv": [ 36.5, 59.0 ],
							"rotationOrigin": [ 0.1, 1.4, 0.1 ],
							"rotationZ": -15.0,
							"faces": {
								"north": { "texture": "#skin", "uv": [ 36.5, 59.5, 37.0, 61.0 ] },
								"east": { "texture": "#skin", "uv": [ 38.0, 59.5, 38.5, 61.0 ] },
								"south": { "texture": "#skin", "uv": [ 37.5, 59.5, 38.0, 61.0 ] },
								"west": { "texture": "#skin", "uv": [ 37.0, 59.5, 37.5, 61.0 ] },
								"up": { "texture": "#skin", "uv": [ 37.0, 59.0, 37.5, 59.5 ], "rotation": 90 }
							},
							"children": [
								{
									"name": "L antler point 1",
									"from": [ 0.05, 1.4, 0.05 ],
									"to": [ 0.45, 3.9, 0.45 ],
									"unwrapMode": 4,
									"uv": [ 36.5, 55.0 ],
									"rotationOrigin": [ 0.05, 1.4, 0.05 ],
									"rotationZ": 5.0,
									"faces": {
										"north": { "texture": "#skin", "uv": [ 36.5, 55.5, 37.0, 58.0 ] },
										"east": { "texture": "#skin", "uv": [ 38.0, 55.5, 38.5, 58.0 ] },
										"south": { "texture": "#skin", "uv": [ 37.5, 55.5, 38.0, 58.0 ] },
										"west": { "texture": "#skin", "uv": [ 37.0, 55.5, 37.5, 58.0 ] },
										"up": { "texture": "#skin", "uv": [ 37.0, 55.0, 37.5, 55.5 ], "rotation": 90 }
									}
								}
							]
						},
						{
							"name": "L antlerbranch 2",
							"from": [ 0.0, 0.9, 0.0 ],
							"to": [ 0.5, 1.9, 0.5 ],
							"unwrapMode": 4,
							"uv": [ 36.5, 52.5 ],
							"rotationOrigin": [ 0.0, 0.9, 0.8 ],
							"rotationY": 1.0,
							"rotationZ": 45.0,
							"faces": {
								"north": { "texture": "#skin", "uv": [ 36.5, 53.0, 37.0, 54.0 ] },
								"east": { "texture": "#skin", "uv": [ 38.0, 53.0, 38.5, 54.0 ] },
								"south": { "texture": "#skin", "uv": [ 37.5, 53.0, 38.0, 54.0 ] },
								"west": { "texture": "#skin", "uv": [ 37.0, 53.0, 37.5, 54.0 ] },
								"up": { "texture": "#skin", "uv": [ 37.0, 52.5, 37.5, 53.0 ], "rotation": 90 }
							},
							"children": [
								{
									"name": "L antler point 2",
									"from": [ 0.05, 1.0, 0.05 ],
									"to": [ 0.45, 3.0, 0.45 ],
									"unwrapMode": 4,
									"uv": [ 38.5, 49.5 ],
									"rotationOrigin": [ 0.05, 1.0, 0.45 ],
									"rotationZ": -25.0,
									"faces": {
										"north": { "texture": "#skin", "uv": [ 38.5, 50.0, 39.0, 52.0 ] },
										"east": { "texture": "#skin", "uv": [ 40.0, 50.0, 40.5, 52.0 ] },
										"south": { "texture": "#skin", "uv": [ 39.5, 50.0, 40.0, 52.0 ] },
										"west": { "texture": "#skin", "uv": [ 39.0, 50.0, 39.5, 52.0 ] },
										"up": { "texture": "#skin", "uv": [ 39.0, 49.5, 39.5, 50.0 ], "rotation": 90 }
									}
								}
							]
						}
					]
				}
			]
		}
	],
	"animations": [
		{
			"name": "Walk",
			"code": "walk",
			"quantityframes": 30,
			"onActivityStopped": "Rewind",
			"onAnimationEnd": "Repeat",
			"keyframes": [

			]
		}
	]
}