{
	"editor": {
		"collapsedPaths": ",Root/walkway,Root/Cube3/walkway2,Root/origin/barG1,Root/walkway1,Root/origin/logA1,Root/walkway/walkway8,Root/walkway/walkway4,Root/walkway/walkway5,Root/walkway/walkway6,Root/walkway/walkway7,Root/straight/walkway/walkway4,Root/walkway/walkway1,Root/straight/walkway/walkway3,Root/Walkway/Support,Root/walkway/walkway2,Root/straight/walkway/walkway2,Root/walkway/walkway3,Root/supporr2,Root/straight/walkway/walkway1,Root/straight/walkway,Root/base/walkway,Root/suppor2,Root/origin/walkway1,Root/origin/logB1,Root/Walkway/Support1,Root/straight/walkway/walkway1/walkway3,Root/straight/walkway/walkway1/walkway4,Root/straight/walkway/walkway1/walkway5,Root/Walkway/barF1,Root/straight/walkway/walkway1/walkway6,Root/base/walkway3,Root/straight/walkway/walkway1/walkway7,Root/origin/barE1,Root/base/walkway2,Root/straight/walkway/walkway8,Root/straight/walkway/walkway7,Root/straight/walkway/walkway6,Root/straight/walkway/walkway5,Root/origin/logC1,Root/base/walkway35,Root/base/walkway36,Root/walkway/Support,Root/walkway/Support1,Root/base/walkway7,Root/base/walkway5,Root/support1,Root/base/walkway6,Root/origin/logD1,Root/straight/walkway/walkway1/walkway2,Root/Walkway/Support1/Support11,Root/Walkway/barG1/barG2",
		"allAngles": false,
		"entityTextureMode": false
	},
	"textureWidth": 16,
	"textureHeight": 16,
	"textureSizes": {
	},
	"textures": {
		"bamboo": "block/plant/bamboo/stem-brown"
	},
	"elements": [
		{
			"name": "straight",
			"from": [ 0.0, 15.0, 0.0 ],
			"to": [ 0.0, 15.0, 0.0 ],
			"rotationOrigin": [ 0.0, 15.0, 0.0 ],
			"faces": {
				"north": { "texture": "#bamboo", "uv": [ 0.0, 0.0, 0.5, 0.5 ] },
				"east": { "texture": "#bamboo", "uv": [ 0.0, 0.0, 0.5, 0.5 ] },
				"south": { "texture": "#bamboo", "uv": [ 0.0, 0.0, 0.5, 0.5 ] },
				"west": { "texture": "#bamboo", "uv": [ 0.0, 0.0, 0.5, 0.5 ] },
				"up": { "texture": "#bamboo", "uv": [ 0.0, 0.0, 0.5, 0.5 ] },
				"down": { "texture": "#bamboo", "uv": [ 0.0, 0.0, 0.5, 0.5 ] }
			},
			"children": [
				{
					"name": "walkway",
					"from": [ -16.0, 1.0, 0.0 ],
					"to": [ -16.0, 1.0, 0.0 ],
					"rotationOrigin": [ 0.0, 1.0, 0.0 ],
					"rotationZ": 180.0,
					"faces": {
						"north": { "texture": "#bamboo", "uv": [ 0.0, 0.0, 0.5, 0.5 ] },
						"east": { "texture": "#bamboo", "uv": [ 0.0, 0.0, 0.5, 0.5 ] },
						"south": { "texture": "#bamboo", "uv": [ 0.0, 0.0, 0.5, 0.5 ] },
						"west": { "texture": "#bamboo", "uv": [ 0.0, 0.0, 0.5, 0.5 ] },
						"up": { "texture": "#bamboo", "uv": [ 0.0, 0.0, 0.5, 0.5 ] },
						"down": { "texture": "#bamboo", "uv": [ 0.0, 0.0, 0.5, 0.5 ] }
					},
					"children": [
						{
							"name": "walkway1",
							"from": [ 0.0, 0.0, 0.0 ],
							"to": [ 1.5, 1.5, 8.0 ],
							"faces": {
								"north": { "texture": "#bamboo", "uv": [ 13.0, 8.5, 16.0, 11.5 ], "autoUv": false },
								"east": { "texture": "#bamboo", "uv": [ 3.0, 0.0, 4.5, 8.0 ], "rotation": 90 },
								"west": { "texture": "#bamboo", "uv": [ 1.5, 0.0, 3.0, 8.0 ], "rotation": 270 },
								"up": { "texture": "#bamboo", "uv": [ 0.0, 0.0, 1.5, 8.0 ] },
								"down": { "texture": "#bamboo", "uv": [ 4.5, 0.0, 6.0, 8.0 ] }
							},
							"children": [
								{
									"name": "walkway1.1",
									"from": [ 0.0, 0.0, 8.0 ],
									"to": [ 1.5, 1.5, 16.0 ],
									"faces": {
										"east": { "texture": "#bamboo", "uv": [ 3.0, 8.0, 4.5, 16.0 ], "rotation": 90 },
										"south": { "texture": "#bamboo", "uv": [ 13.0, 11.0, 16.0, 14.0 ], "autoUv": false },
										"west": { "texture": "#bamboo", "uv": [ 1.5, 8.0, 3.0, 16.0 ], "rotation": 270 },
										"up": { "texture": "#bamboo", "uv": [ 0.0, 8.0, 1.5, 16.0 ] },
										"down": { "texture": "#bamboo", "uv": [ 4.5, 8.0, 6.0, 16.0 ] }
									}
								},
								{
									"name": "walkway2",
									"from": [ 2.14, 0.0, 0.0 ],
									"to": [ 3.64, 1.5, 8.0 ],
									"rotationOrigin": [ 1.8, 0.0, 0.0 ],
									"faces": {
										"north": { "texture": "#bamboo", "uv": [ 13.0, 6.0, 16.0, 9.0 ], "autoUv": false },
										"east": { "texture": "#bamboo", "uv": [ 3.0, 1.0, 4.5, 9.0 ], "rotation": 90 },
										"west": { "texture": "#bamboo", "uv": [ 1.5, 1.0, 3.0, 9.0 ], "rotation": 270 },
										"up": { "texture": "#bamboo", "uv": [ 0.0, 1.0, 1.5, 9.0 ] },
										"down": { "texture": "#bamboo", "uv": [ 4.5, 1.0, 6.0, 9.0 ] }
									},
									"children": [
										{
											"name": "walkway2.1",
											"from": [ 0.0, 0.0, 8.0 ],
											"to": [ 1.5, 1.5, 16.0 ],
											"faces": {
												"east": { "texture": "#bamboo", "uv": [ 0.0, 11.0, 8.0, 12.5 ] },
												"south": { "texture": "#bamboo", "uv": [ 13.0, 11.0, 16.0, 14.0 ], "autoUv": false },
												"west": { "texture": "#bamboo", "uv": [ 0.0, 12.5, 8.0, 14.0 ] },
												"up": { "texture": "#bamboo", "uv": [ 0.0, 14.0, 8.0, 15.5 ], "rotation": 90 },
												"down": { "texture": "#bamboo", "uv": [ 0.0, 9.5, 8.0, 11.0 ], "rotation": 90 }
											}
										}
									]
								},
								{
									"name": "walkway3",
									"from": [ 4.203, 0.0, 0.0 ],
									"to": [ 5.703, 1.5, 8.0 ],
									"rotationOrigin": [ 2.083, 0.0, 0.0 ],
									"faces": {
										"north": { "texture": "#bamboo", "uv": [ 13.0, 11.0, 16.0, 14.0 ], "autoUv": false },
										"east": { "texture": "#bamboo", "uv": [ 0.0, 4.0, 8.0, 5.5 ] },
										"west": { "texture": "#bamboo", "uv": [ 0.0, 2.5, 8.0, 4.0 ] },
										"up": { "texture": "#bamboo", "uv": [ 0.0, 1.0, 8.0, 2.5 ], "rotation": 90 },
										"down": { "texture": "#bamboo", "uv": [ 0.0, 5.5, 8.0, 7.0 ], "rotation": 90 }
									},
									"children": [
										{
											"name": "walkway3.1",
											"from": [ 0.0, 0.0, 8.0 ],
											"to": [ 1.5, 1.5, 16.0 ],
											"faces": {
												"east": { "texture": "#bamboo", "uv": [ 0.0, 12.0, 8.0, 13.5 ] },
												"south": { "texture": "#bamboo", "uv": [ 13.0, 11.0, 16.0, 14.0 ], "autoUv": false },
												"west": { "texture": "#bamboo", "uv": [ 0.0, 10.5, 8.0, 12.0 ] },
												"up": { "texture": "#bamboo", "uv": [ 0.0, 9.0, 8.0, 10.5 ], "rotation": 270 },
												"down": { "texture": "#bamboo", "uv": [ 0.0, 13.5, 8.0, 15.0 ], "rotation": 90 }
											}
										}
									]
								},
								{
									"name": "walkway4",
									"from": [ 6.263, 0.0, 0.0 ],
									"to": [ 7.763, 1.5, 8.0 ],
									"rotationOrigin": [ 2.083, 0.0, 0.0 ],
									"faces": {
										"north": { "texture": "#bamboo", "uv": [ 13.0, 11.0, 16.0, 14.0 ], "autoUv": false },
										"east": { "texture": "#bamboo", "uv": [ 3.0, 8.0, 4.5, 16.0 ], "rotation": 270 },
										"west": { "texture": "#bamboo", "uv": [ 1.5, 8.0, 3.0, 16.0 ], "rotation": 90 },
										"up": { "texture": "#bamboo", "uv": [ 0.0, 8.0, 1.5, 16.0 ], "rotation": 180 },
										"down": { "texture": "#bamboo", "uv": [ 5.0, 8.0, 6.5, 16.0 ], "rotation": 180 }
									},
									"children": [
										{
											"name": "walkway4.1",
											"from": [ 0.0, 0.0, 8.0 ],
											"to": [ 1.5, 1.5, 16.0 ],
											"faces": {
												"east": { "texture": "#bamboo", "uv": [ 3.0, 0.0, 4.5, 8.0 ], "rotation": 90 },
												"south": { "texture": "#bamboo", "uv": [ 13.0, 11.0, 16.0, 14.0 ], "autoUv": false },
												"west": { "texture": "#bamboo", "uv": [ 1.5, 0.0, 3.0, 8.0 ], "rotation": 270 },
												"up": { "texture": "#bamboo", "uv": [ 0.0, 0.0, 1.5, 8.0 ], "rotation": 180 },
												"down": { "texture": "#bamboo", "uv": [ 4.5, 0.0, 6.0, 8.0 ], "rotation": 180 }
											}
										}
									]
								},
								{
									"name": "walkway5",
									"from": [ 8.323, 0.0, 0.0 ],
									"to": [ 9.823, 1.5, 8.0 ],
									"rotationOrigin": [ 2.083, 0.0, 0.0 ],
									"faces": {
										"north": { "texture": "#bamboo", "uv": [ 10.5, 11.0, 13.5, 14.0 ], "autoUv": false },
										"east": { "texture": "#bamboo", "uv": [ 3.0, 5.0, 4.5, 13.0 ], "rotation": 90 },
										"west": { "texture": "#bamboo", "uv": [ 1.5, 5.0, 3.0, 13.0 ], "rotation": 270 },
										"up": { "texture": "#bamboo", "uv": [ 0.0, 5.0, 1.5, 13.0 ] },
										"down": { "texture": "#bamboo", "uv": [ 5.0, 5.0, 6.5, 13.0 ] }
									},
									"children": [
										{
											"name": "walkway5.1",
											"from": [ 0.0, 0.0, 8.0 ],
											"to": [ 1.5, 1.5, 16.0 ],
											"faces": {
												"east": { "texture": "#bamboo", "uv": [ 0.5, 11.0, 8.5, 12.5 ], "rotation": 180 },
												"south": { "texture": "#bamboo", "uv": [ 13.0, 11.0, 16.0, 14.0 ], "autoUv": false },
												"west": { "texture": "#bamboo", "uv": [ 0.5, 12.5, 8.5, 14.0 ] },
												"up": { "texture": "#bamboo", "uv": [ 0.5, 14.0, 8.5, 15.5 ], "rotation": 90 },
												"down": { "texture": "#bamboo", "uv": [ 0.5, 9.5, 8.5, 11.0 ], "rotation": 90 }
											}
										}
									]
								},
								{
									"name": "walkway6",
									"from": [ 10.383, 0.0, 0.0 ],
									"to": [ 11.883, 1.5, 8.0 ],
									"rotationOrigin": [ 2.083, 0.0, 0.0 ],
									"faces": {
										"north": { "texture": "#bamboo", "uv": [ 13.0, 6.0, 16.0, 9.0 ], "autoUv": false },
										"east": { "texture": "#bamboo", "uv": [ 0.0, 11.0, 8.0, 12.5 ] },
										"west": { "texture": "#bamboo", "uv": [ 0.0, 12.5, 8.0, 14.0 ] },
										"up": { "texture": "#bamboo", "uv": [ 0.0, 14.0, 8.0, 15.5 ], "rotation": 90 },
										"down": { "texture": "#bamboo", "uv": [ 0.0, 9.5, 8.0, 11.0 ], "rotation": 90 }
									},
									"children": [
										{
											"name": "walkway6.1",
											"from": [ 0.0, 0.0, 8.0 ],
											"to": [ 1.5, 1.5, 16.0 ],
											"faces": {
												"east": { "texture": "#bamboo", "uv": [ 0.0, 3.0, 8.0, 4.5 ] },
												"south": { "texture": "#bamboo", "uv": [ 13.0, 11.0, 16.0, 14.0 ], "autoUv": false },
												"west": { "texture": "#bamboo", "uv": [ 0.0, 4.5, 8.0, 6.0 ] },
												"up": { "texture": "#bamboo", "uv": [ 0.0, 6.0, 8.0, 7.5 ], "rotation": 270 },
												"down": { "texture": "#bamboo", "uv": [ 0.0, 1.5, 8.0, 3.0 ], "rotation": 90 }
											}
										}
									]
								},
								{
									"name": "walkway7",
									"from": [ 12.443, 0.0, 0.0 ],
									"to": [ 13.943, 1.5, 8.0 ],
									"rotationOrigin": [ 2.083, 0.0, 0.0 ],
									"faces": {
										"north": { "texture": "#bamboo", "uv": [ 8.0, 11.0, 11.0, 14.0 ], "autoUv": false },
										"east": { "texture": "#bamboo", "uv": [ 0.0, 9.0, 8.0, 10.5 ] },
										"west": { "texture": "#bamboo", "uv": [ 0.0, 10.5, 8.0, 12.0 ] },
										"up": { "texture": "#bamboo", "uv": [ 0.0, 12.0, 8.0, 13.5 ], "rotation": 90 },
										"down": { "texture": "#bamboo", "uv": [ 0.0, 13.5, 8.0, 15.0 ], "rotation": 90 }
									},
									"children": [
										{
											"name": "walkway7.1",
											"from": [ 0.0, 0.0, 8.0 ],
											"to": [ 1.5, 1.5, 16.0 ],
											"faces": {
												"east": { "texture": "#bamboo", "uv": [ 0.0, 4.0, 1.5, 12.0 ], "rotation": 90 },
												"south": { "texture": "#bamboo", "uv": [ 13.0, 11.0, 16.0, 14.0 ], "autoUv": false },
												"west": { "texture": "#bamboo", "uv": [ 1.5, 4.0, 3.0, 12.0 ], "rotation": 270 },
												"up": { "texture": "#bamboo", "uv": [ 3.0, 4.0, 4.5, 12.0 ] },
												"down": { "texture": "#bamboo", "uv": [ 4.5, 4.0, 6.0, 12.0 ] }
											}
										}
									]
								}
							]
						},
						{
							"name": "walkway8",
							"from": [ 14.5, 0.0, 0.0 ],
							"to": [ 16.0, 1.5, 8.0 ],
							"rotationOrigin": [ 2.0, 0.0, 0.0 ],
							"faces": {
								"north": { "texture": "#bamboo", "uv": [ 13.0, 8.5, 16.0, 11.5 ], "rotation": 180, "autoUv": false },
								"east": { "texture": "#bamboo", "uv": [ 0.0, 3.5, 8.0, 5.0 ], "rotation": 180 },
								"west": { "texture": "#bamboo", "uv": [ 0.0, 3.5, 8.0, 5.0 ], "rotation": 180 },
								"up": { "texture": "#bamboo", "uv": [ 0.0, 3.5, 8.0, 5.0 ], "rotation": 270 },
								"down": { "texture": "#bamboo", "uv": [ 0.0, 3.5, 8.0, 5.0 ], "rotation": 90 }
							},
							"children": [
								{
									"name": "walkway8.1",
									"from": [ 0.0, 0.0, 8.0 ],
									"to": [ 1.5, 1.5, 16.0 ],
									"faces": {
										"east": { "texture": "#bamboo", "uv": [ 0.0, 6.5, 1.5, 14.5 ], "rotation": 90 },
										"south": { "texture": "#bamboo", "uv": [ 13.0, 11.0, 16.0, 14.0 ], "autoUv": false },
										"west": { "texture": "#bamboo", "uv": [ 0.0, 6.5, 1.5, 14.5 ], "rotation": 270 },
										"up": { "texture": "#bamboo", "uv": [ 0.0, 6.5, 1.5, 14.5 ] },
										"down": { "texture": "#bamboo", "uv": [ 0.0, 6.5, 1.5, 14.5 ] }
									}
								}
							]
						}
					]
				},
				{
					"name": "support1",
					"from": [ 8.0, -3.0, 1.75 ],
					"to": [ 17.0, 0.0, 4.75 ],
					"rotationOrigin": [ 9.5, -3.0, 1.75 ],
					"faces": {
						"north": { "texture": "#bamboo", "uv": [ 1.5, 6.5, 4.5, 15.5 ], "rotation": 270 },
						"east": { "texture": "#bamboo", "uv": [ 13.0, 11.0, 16.0, 14.0 ] },
						"south": { "texture": "#bamboo", "uv": [ 1.5, 6.5, 4.5, 15.5 ], "rotation": 90 },
						"west": { "texture": "#bamboo", "uv": [ 13.5, 11.5, 15.5, 13.5 ], "autoUv": false, "windMode": [-1,-1,-1,-1] },
						"up": { "texture": "#bamboo", "uv": [ 1.5, 6.5, 4.5, 15.5 ], "rotation": 90 },
						"down": { "texture": "#bamboo", "uv": [ 2.0, 6.5, 5.0, 15.5 ], "rotation": 270 }
					},
					"children": [
						{
							"name": "support1.1",
							"from": [ -9.0, 0.01, 0.01 ],
							"to": [ 0.0, 2.99, 2.99 ],
							"rotationOrigin": [ -8.0, 0.0, 0.05 ],
							"faces": {
								"north": { "texture": "#bamboo", "uv": [ 0.0, 1.0, 2.5, 10.0 ], "rotation": 270 },
								"south": { "texture": "#bamboo", "uv": [ 0.0, 1.0, 2.5, 10.0 ], "rotation": 90 },
								"west": { "texture": "#bamboo", "uv": [ 8.0, 11.0, 11.0, 14.0 ], "autoUv": false },
								"up": { "texture": "#bamboo", "uv": [ 0.0, 1.0, 2.5, 10.0 ], "rotation": 90 },
								"down": { "texture": "#bamboo", "uv": [ 0.0, 1.0, 2.5, 10.0 ], "rotation": 270 }
							}
						}
					]
				},
				{
					"name": "support2",
					"from": [ 8.0, -3.0, 11.25 ],
					"to": [ 17.0, 0.0, 14.25 ],
					"rotationOrigin": [ 9.5, -3.0, 11.25 ],
					"faces": {
						"north": { "texture": "#bamboo", "uv": [ 1.5, 6.5, 4.5, 15.5 ], "rotation": 270 },
						"east": { "texture": "#bamboo", "uv": [ 10.5, 11.0, 13.5, 14.0 ] },
						"south": { "texture": "#bamboo", "uv": [ 1.5, 6.5, 4.5, 15.5 ], "rotation": 90 },
						"west": { "texture": "#bamboo", "uv": [ 13.5, 11.5, 15.5, 13.5 ], "autoUv": false, "windMode": [-1,-1,-1,-1] },
						"up": { "texture": "#bamboo", "uv": [ 1.5, 6.5, 4.5, 15.5 ], "rotation": 90 },
						"down": { "texture": "#bamboo", "uv": [ 2.0, 6.5, 5.0, 15.5 ], "rotation": 270 }
					},
					"children": [
						{
							"name": "support2.1",
							"from": [ -9.0, 0.01, 0.01 ],
							"to": [ 0.0, 2.99, 2.99 ],
							"rotationOrigin": [ -8.0, 0.0, 0.05 ],
							"faces": {
								"north": { "texture": "#bamboo", "uv": [ 0.0, 1.0, 2.5, 10.0 ], "rotation": 270 },
								"south": { "texture": "#bamboo", "uv": [ 0.0, 1.0, 2.5, 10.0 ], "rotation": 90 },
								"west": { "texture": "#bamboo", "uv": [ 13.0, 11.0, 16.0, 14.0 ], "autoUv": false },
								"up": { "texture": "#bamboo", "uv": [ 0.0, 1.0, 2.5, 10.0 ], "rotation": 90 },
								"down": { "texture": "#bamboo", "uv": [ 0.0, 1.0, 2.5, 10.0 ], "rotation": 270 }
							}
						}
					]
				}
			]
		}
	]}