{
  hideExactFoodPoints: false,
  hints: [ "hint-pie", "hint-meal" ],
  achievements: {
    "meal-category" : {
      points: 10,
      bonusAt: 6,
      bonus: 100,
      add: [
        {
          dependsOn: [ { modId: "expandedfoods" }],
          // augratin, compote, meatysalad, pastacold, pastahot, riceandbeans, and yogurtmeal
          points: 0,
          bonusAt: 7,
          bonus: 50,
          description: "expandedfoods-meal-desc"
        }
      ]
    },
    "bread-perfect" : {
      points: 2,
      // 7 total
      bonusAt: 7,
      bonus: 50,
      add: [
        {
          dependsOn: [ { modId: "expandedfoods" } ],
          points: 0,
          // fruitbread, fruitbread-syrup, muffin, muffin-syrup, and soft bread
          bonusAt: 5,
          bonus: 30,
        },
        {
          dependsOn: [ { modId: "wildcraftfruit" } ],
          points: 0,
          // acorn bread
          bonusAt: 1,
          bonus: 10
        },
        {
          dependsOn: [ { modId: "floralzonescaribbeanregion" } ],
          points: 0,
          // palmetto bread
          bonusAt: 1,
          bonus: 10
        },
        {
          dependsOn: [ { modId: "floralzoneseastasiaticregion" } ],
          points: 0,
          // kudzu bread
          bonusAt: 1,
          bonus: 10
        },
        {
          dependsOn: [ { modId: "floralzonescentralaustralianregion" } ],
          points: 0,
          // red oat bread
          bonusAt: 1,
          bonus: 10
        },
        {
          dependsOn: [ { modId: "floralzonescosmopolitanregion" } ],
          points: 0,
          // corn bread, coconut bread, sweet potato bread,
          bonusAt: 3,
          bonus: 20
        },
        {
          dependsOn: [ { modId: "newworldcrops" } ],
          points: 0,
          // oat bread, corn bread, and potato
          bonusAt: 3,
          bonus: 20
        }
      ]
    },
    "cheese" : {
      points: 10,
      // 3 total
      bonusAt: 3,
      bonus: 50,
      add: [
        {
          dependsOn: [ { modId: "capreolinae" } ],
          points: 0,
          // deer cheese, moose cheese and reindeer cheese. Cheddar, blue, and cottage variants.
          bonusAt: 9,
          bonus: 100,
        }
      ]
    },
    "flatbread-perfect" : {
      dependsOn: [ { modId: "artofcooking" } ],
      points: 2,
      // 7 total
      bonusAt: 7,
      bonus: 50
    },
    "lavash-perfect" : {
      dependsOn: [ { modId: "artofcooking" } ],
      points: 2,
      // 7 total
      bonusAt: 7,
      bonus: 50
    },
    "shawarma-perfect" : {
      dependsOn: [ { modId: "artofcooking" } ],
      points: 2,
      // 7 total
      bonusAt: 7,
      bonus: 50
    },
    "hardtack-bake" : {
      dependsOn: [ { modId: "expandedfoods" } ],
      points: 2,
      bonusAt: 4,
      bonus: 10,
    },
    "pie-category" : {
      points: 2,
      // 42 total in the base game as of 1.21.0 rc3.
      bonusAt: 32,
      bonus: 100,
      add: [
        {
          dependsOn: [ { modId: "expandedfoods" } ],
          points: 0,
          // There are a total of 241 possible pies with Expanded Foods installed.
          // In total the completion bonus allows 20 of them to be skipped.
          bonusAt: 189,
          bonus: 200
        },
        {
          dependsOn: [ { modId: "wildcraftfruit" } ],
          points: 0,
          // Adds 135 pies
          bonusAt: 115,
          bonus: 350
        },
        {
          dependsOn: [ { modId: "expandedfoods" }, { modId: "wildcraftfruit" } ],
          points: 0,
          // There are a total of 663 possible pies with Expanded Foods and
          // Wildcraft Fruits and Nuts installed. That is 287 more than with
          // either mod installed alone.
          // In total the completion bonus allows 40 of them to be skipped.
          bonusAt: 287,
          bonus: 850
        },
        {
          dependsOn: [ { modId: "primitivesurvival" } ],
          points: 0,
          // As of 1.21.0 RC3, there are 76 total pies with primitive survival installed. That's 34 additional pies.
          // In total the completion bonus allows 4 of them to be skipped.
          bonusAt: 30,
          bonus: 100
        },
      ]
    },
    "sweetsavory" : {
      dependsOn: [ { modId: "expandedfoods" } ],
      points: 2,
      bonusAt: 7,
      bonus: 100,
    },
    "sushi" : {
      dependsOn: [ { modId: "expandedfoods" } ],
      points: 2,
      bonusAt: 8,
      bonus: 50,
    },
    "pickled-food" : {
      points: 10,
      // 8 total
      bonusAt: 7,
      bonus: 100,
      add: [
        {
          dependsOn: [ { modId: "expandedfoods" } ],
          // Pickled egg
          points: 0,
          bonusAt: 1,
        },
        {
          dependsOn: [ { modId: "newworldcrops" } ],
          // Pickled corn, greenbeans, cauliflower, beats, and bell pepper
          points: 0,
          bonusAt: 4,
          bonus: 48,
        },
        {
          dependsOn: [ { modId: "floralzonesmediterraneanregion" } ],
          // Adds 2
          points: 0,
          bonusAt: 2,
          bonus: 24,
        },
        {
          dependsOn: [ { modId: "wildcraftfruit" } ],
          // Adds 3
          points: 0,
          bonusAt: 3,
          bonus: 36,
        }
      ]
    },
    "fried" : {
      dependsOn: [ { modId: "expandedfoods" } ],
      points: 10,
      bonusAt: 9,
      bonus: 100,
    },
    "deluxe" : {
      dependsOn: [ { modId: "expandedfoods" } ],
      points: 3,
      bonusAt: 9,
      bonus: 100,
    },
    "floralzones-fruit" : {
      points: 2,
      bonusAt: 0,
      bonus: 0,
      hideIfNoBonusAt: true,
      add: [
        {
          dependsOn: [ { modId: "floralzonescaperegion" } ],
          // contains 3 fruits
          points: 0,
          bonusAt: 3,
          bonus: 10
        },
        {
          dependsOn: [ { modId: "floralzonesmediterraneanregion" } ],
          // contains 8 fruits
          points: 0,
          bonusAt: 7,
          bonus: 23
        },
        {
          dependsOn: [ { modId: "floralzonesneozeylandicregion" } ],
          // contains 1 fruit
          points: 0,
          bonusAt: 1,
          bonus: 3
        },
        {
          dependsOn: [ { modId: "floralzoneseastasiaticregion" } ],
          // contains 1 fruit
          points: 0,
          bonusAt: 1,
          bonus: 3
        },
        {
          dependsOn: [ { modId: "floralzonescentralaustralianregion" } ],
          // contains 1 fruit
          points: 0,
          bonusAt: 1,
          bonus: 3
        },
        {
          dependsOn: [ { modId: "floralzonescaribbeanregion" } ],
          // contains 10 fruits
          points: 0,
          bonusAt: 8,
          bonus: 25
        },
      ]
    },
    "floralzones-vegetable" : {
      points: 2,
      bonusAt: 0,
      bonus: 0,
      hideIfNoBonusAt: true,
      add: [
        {
          dependsOn: [ { modId: "floralzonescaperegion" } ],
          // contains 1 vegetable
          points: 0,
          bonusAt: 1,
          bonus: 3
        },
        {
          dependsOn: [ { modId: "floralzonesmediterraneanregion" } ],
          // contains 7 vegetables
          points: 0,
          bonusAt: 6,
          bonus: 20
        },
        {
          dependsOn: [ { modId: "floralzonesneozeylandicregion" } ],
          // contains 2 vegetables
          points: 0,
          bonusAt: 2,
          bonus: 6
        },
        {
          dependsOn: [ { modId: "floralzoneseastasiaticregion" } ],
          // contains 4 vegetables
          points: 0,
          bonusAt: 4,
          bonus: 12
        },
        {
          dependsOn: [ { modId: "floralzonescentralaustralianregion" } ],
          // contains 1 vegetable
          points: 0,
          bonusAt: 1,
          bonus: 3
        },
        {
          dependsOn: [ { modId: "floralzonescaribbeanregion" } ],
          // contains 3 vegetables
          points: 0,
          bonusAt: 3,
          bonus: 10
        },
      ]
    },
    "wildcraftfruit-fruit" : {
      dependsOn: [ { modId: "wildcraftfruit" } ],
      points: 2,
      // 103 total foods
      bonusAt: 100,
      // About 2 points per food
      bonus: 150
    },
    "wildcraftfruit-nut" : {
      dependsOn: [ { modId: "wildcraftfruit" } ],
      points: 2,
      // 25 total foods
      bonusAt: 23,
      // About 10 points per 3 foods
      bonus: 80
    },
    "granola-bar" : {
      dependsOn: [ { modId: "wildcraftfruit" } ],
      points: 2,
      // 19 total foods
      bonusAt: 15,
      // About 10 points per 3 foods
      bonus: 50
    },
    "climate-spanning" : {
      points: 50,
    },
    "mushroom" : {
      points: 2,
      // 37 total
      bonusAt: 30,
      bonus: 100,
      add: [
        {
          dependsOn: [ { modId: "mycodiversity" } ],
          // adds 37 mushrooms
          points: 0,
          bonusAt: 30,
          bonus: 100
        },
      ]
    },
    "juice" : {
      points: 2,
      // 16 total in base game
      bonusAt: 12,
      bonus: 100,
      add: [
        {
          dependsOn: [ { modId: "floralzonesmediterraneanregion" } ],
          // contains apple cactus, mexican breadfruit, palmetto, dragon fruit, and agavetequilana (aquamiel).
          points: 0,
          bonusAt: 5,
          bonus: 40
        },
        {
          dependsOn: [ { modId: "floralzoneseastasiaticregion" } ],
          // contains goji.
          points: 0,
          bonusAt: 1,
          bonus: 5
        },
        {
          dependsOn: [ { modId: "floralzonescaribbeanregion" } ],
          // contains red grape and write grape
          points: 0,
          bonusAt: 2,
          bonus: 10
        },
        {
          dependsOn: [ { modId: "wildcraftfruit" } ],
          // contains 97 juices
          points: 0,
          bonusAt: 90,
          bonus: 900
        },
      ]
    },
    "vegetablejuice" : {
      dependsOn: [ { modId: "expandedfoods" } ],
      points: 2,
      bonusAt: 8,
      bonus: 30
    },
    "tea" : {
      dependsOn: [ { modId: "maketeaforked" } ],
      points: 2,
      // Contains 17 teas
      bonusAt: 15,
      bonus: 50
    },
    "cider" : {
      points: 3,
      // 22 in base game
      bonusAt: 18,
      bonus: 100,
      add: [
        {
          dependsOn: [ { modId: "floralzonesmediterraneanregion" } ],
          // contains apple cactus, mexican breadfruit, palmetto, dragon fruit, and agavetequilana (aquamiel).
          points: 0,
          bonusAt: 5,
          bonus: 40
        },
        {
          dependsOn: [ { modId: "floralzoneseastasiaticregion" } ],
          // contains goji.
          points: 0,
          bonusAt: 1,
          bonus: 5
        },
        {
          dependsOn: [ { modId: "floralzonescaribbeanregion" } ],
          // contains red grape and write grape
          points: 0,
          bonusAt: 2,
          bonus: 10
        },
        {
          dependsOn: [ { modId: "wildcraftfruit" } ],
          // contains 98 ciders
          points: 0,
          bonusAt: 90,
          bonus: 450
        },
      ]
    },
    "alcohol" : {
      points: 5,
      // 3 total in base game
      bonusAt: 3,
      bonus: 50,
      add: [
        {
          // Both expandedfoods and wildcraftfruit provide fine wine.
          dependsOnAny: [ { modId: "expandedfoods" }, { modId: "wildcraftfruit" } ],
          points: 0,
          bonusAt: 1,
          bonus: 10
        },
        {
          dependsOn: [ { modId: "expandedfoods" } ],
          points: 0,
          bonusAt: 3,
          bonus: 40,
          description: "expandedfoods-alcohol-desc"
        }
      ]
    },
    "poison" : {
      points: 5,
      hideMissing: false
    },
    "cookedfish" : {
      dependsOn: [ { modId: "primitivesurvival" } ],
      points: 2,
      // Leave out mutant fish, because it is too hard to obtain.
      bonusAt: 9,
      bonus: 30,
    },
    "food" : {
      points: 1
    }
  },
  // Defines the piecewise function to convert diversity points into health
  // points.
  healthPoints: [
    {
      points: 0,
      health: 0
    },
    {
      points: 100,
      health: 3
    },
    {
      points: 1000,
      health: 21
    }
  ]
}
