{
	"code": "crop",
	"class": "BlockCrop",
	"behaviors": [{"name": "Unstable"}],
	"variantgroups": [
		{ "code": "type", "states": ["potato"] },
		{ "code": "stage", "states": ["1", "2", "3", "4", "5", "6", "7"] }
	],
	"creativeinventory": { "general": [""], "plants": [""] },
	"renderpass": "OpaqueNoCull",
	"shape": { "base": "block/plant/potato/stage{stage}" },
	"blockmaterial": "Plant",
	"textures": {
		"e": { "base": "game:block/plant/crop/potato/e{stage}" },
		"w": { "base": "game:block/plant/crop/potato/w{stage}" }
	},
	"attributes": {
		"foodTags": ["nibbleCrop"],
		"butterflyFeedByType": {
			"*-1": false,
			"*-7": false,
			"*": true
		},
		"beeFeedByType": {
			"*-1": false,
			"*-7": false,
			"*": true
		},
		"sitHeight": 0.35,
		"tickGrowthProbability": 0.05,
		"handbook": {
			"include": true
		}
	},
	"sideopaque": {
		"all": false
	},
	"sidesolid": {
		"all": false
	},
	"replaceable": 3000,
	"lightAbsorption": 0,
	"resistance": 0.5,
	"sounds": {
		"place": "game:block/plant",
		"break": "game:block/plant",
		"hit": "game:block/plant"
	},
	"rainPermeable": false,
	"dropsByType": {
		"*-6": [
			{ "type": "item", "code": "seeds-potato", "quantity": { "avg": 0.8 }  },
			{ "type": "item", "code": "potato-raw", "quantity": { "avg": 2, "var": 1 }  }
		],
		"*-7": [
			{ "type": "item", "code": "seeds-potato", "quantity": { "avg": 1 }  },
			{ "type": "item", "code": "potato-raw", "quantity": { "avg": 6, "var": 2 }  }
		],
		"*": [
			{ "type": "item", "code": "seeds-potato", "quantity": { "avg": 0.5 }  }
		]
	},
	"cropProps": {
		"requiredNutrient": "K",
		"nutrientConsumption": 40,
		"growthStages": 7,
		"totalGrowthMonths": 1,
		"coldDamageBelow": -15,
		"damageGrowthStuntMul": 0.75,
		"coldDamageRipeMul": 0.75,
		"heatDamageAbove": 35
	},
	"collisionbox": null,
	"selectionbox": { "x1": 0.0625, "y1": 0, "z1": 0.0625, "x2": 0.9375, "y2": 0.25, "z2": 0.9375 },
	"materialDensity": 200,
	"combustibleProps": {
		"burnTemperature": 600,
		"burnDuration": 10
	},
	"frostable": true
}
