{
  "textureWidth":16,
  "textureHeight":16,
  "textures":{
    "grip":"game:block/leather/plain"
  },
  "textureSizes":{
    "grip":[
      32,
      32
    ]
  },
  "elements":[
    {
      "name":"origin",
      "from":[
        10.79720687866211,
        0.493141233921051,
        8.155803859233856
      ],
      "to":[
        10.79720687866211,
        0.493141233921051,
        8.155803859233856
      ],
      "rotationOrigin":[
        8.0,
        0.0,
        8.0
      ],
      "group":"fine_fabric",
      "faces":{
        "north":{
          "texture":"#0",
          "uv":[
            0,
            0,
            4,
            4
          ],
          "autoUv":false
        },
        "east":{
          "texture":"#0",
          "uv":[
            0,
            0,
            4,
            4
          ],
          "autoUv":false
        },
        "south":{
          "texture":"#0",
          "uv":[
            0,
            0,
            4,
            4
          ],
          "autoUv":false
        },
        "west":{
          "texture":"#0",
          "uv":[
            0,
            0,
            4,
            4
          ],
          "autoUv":false
        },
        "up":{
          "texture":"#grip",
          "uv":[
            0.0,
            0.0,
            1.0,
            1.0
          ],
          "autoUv":false,
          "rotation":180
        },
        "down":{
          "texture":"#0",
          "uv":[
            0,
            0,
            4,
            4
          ],
          "autoUv":false
        }
      },
      "children":[
        {
          "name":"fine_fabric 01",
          "from":[
            -9.64305830001831,
            -0.6249908208847046,
            -0.7716735005378723
          ],
          "to":[
            -3.970053195953369,
            1.058009147644043,
            0.3503264784812927
          ],
          "rotationOrigin":[
            -6.80655574798584,
            0.2165091633796692,
            -0.2106735110282898
          ],
          "group":"fine_fabric",
          "faces":{
            "north":{
              "texture":"#grip",
              "uv":[
                13.503095626831055,
                21.40650749206543,
                18.496902465820312,
                27.71887493133545
              ],
              "autoUv":false,
              "rotation":270
            },
            "east":{
              "texture":"#grip",
              "uv":[
                14.751547813415527,
                18.751547813415527,
                17.248451232910156,
                21.248452186584473
              ],
              "autoUv":false,
              "rotation":270
            },
            "south":{
              "texture":"#grip",
              "uv":[
                13.503097534179688,
                12.281126022338867,
                18.496904373168945,
                18.59349250793457
              ],
              "autoUv":false,
              "rotation":270
            },
            "west":{
              "texture":"#grip",
              "uv":[
                23.52273941040039,
                19.456591606140137,
                25.561450958251953,
                22.51466178894043
              ],
              "autoUv":false
            },
            "up":{
              "texture":"#grip",
              "uv":[
                14.0,
                10.0,
                17.0,
                21.0
              ],
              "autoUv":false,
              "rotation":90
            },
            "down":{
              "texture":"#grip",
              "uv":[
                19.0,
                21.0,
                22.0,
                10.0
              ],
              "autoUv":false,
              "rotation":90
            }
          },
          "children":[]
        },
        {
          "name":"fine_fabric 02",
          "from":[
            -9.64305830001831,
            -0.34449082612991333,
            -1.0521735846996307
          ],
          "to":[
            -3.970053195953369,
            0.7775091528892517,
            -0.7716735899448395
          ],
          "rotationOrigin":[
            -6.80655574798584,
            0.2165091633796692,
            -0.9119235873222351
          ],
          "group":"fine_fabric",
          "faces":{
            "north":{
              "texture":"#grip",
              "uv":[
                22.0,
                16.0,
                11.0,
                19.0
              ],
              "autoUv":false
            },
            "east":{
              "texture":"#grip",
              "uv":[
                12.284515380859375,
                17.35819149017334,
                13.208879470825195,
                18.282556533813477
              ],
              "autoUv":false,
              "rotation":270
            },
            "south":{
              "texture":"#grip",
              "uv":[
                11.439449310302734,
                13.602106094360352,
                14.053946495056152,
                16.906930923461914
              ],
              "autoUv":false,
              "rotation":270
            },
            "west":{
              "texture":"#grip",
              "uv":[
                17.038822174072266,
                17.53626537322998,
                17.692447662353516,
                18.84351348876953
              ],
              "autoUv":false
            },
            "up":{
              "texture":"#grip",
              "uv":[
                14.053945541381836,
                13.602106094360352,
                16.66844367980957,
                16.906930923461914
              ],
              "autoUv":false,
              "rotation":270
            },
            "down":{
              "texture":"#grip",
              "uv":[
                11.439449310302734,
                16.906930923461914,
                8.824951171875,
                13.602106094360352
              ],
              "autoUv":false,
              "rotation":270
            }
          },
          "children":[]
        },
        {
          "name":"fine_fabric 03",
          "from":[
            -9.64305830001831,
            -0.34449082612991333,
            0.3503265678882599
          ],
          "to":[
            -3.970053195953369,
            0.7775091528892517,
            0.6308265626430511
          ],
          "rotationOrigin":[
            -6.80655574798584,
            0.2165091633796692,
            0.4905765652656555
          ],
          "group":"fine_fabric",
          "faces":{
            "north":{
              "texture":"#grip",
              "uv":[
                17.870914459228516,
                21.189156532287598,
                21.949893951416016,
                26.345142364501953
              ],
              "autoUv":false,
              "rotation":270
            },
            "east":{
              "texture":"#grip",
              "uv":[
                19.400531768798828,
                20.426664352416992,
                20.420276641845703,
                21.446409225463867
              ],
              "autoUv":false,
              "rotation":270
            },
            "south":{
              "texture":"#grip",
              "uv":[
                11.0,
                16.0,
                22.0,
                19.0
              ],
              "autoUv":false
            },
            "west":{
              "texture":"#grip",
              "uv":[
                24.645410537719727,
                20.623112678527832,
                25.366477966308594,
                22.065248489379883
              ],
              "autoUv":false
            },
            "up":{
              "texture":"#grip",
              "uv":[
                22.151803970336914,
                16.81692886352539,
                24.191295623779297,
                19.39492130279541
              ],
              "autoUv":false,
              "rotation":270
            },
            "down":{
              "texture":"#grip",
              "uv":[
                17.669002532958984,
                19.39492130279541,
                15.629512786865234,
                16.81692886352539
              ],
              "autoUv":false,
              "rotation":270
            }
          },
          "children":[]
        },
        {
          "name":"fine_fabric 04",
          "from":[
            -9.642528057098389,
            -0.5841501802206039,
            -0.9535759836435318
          ],
          "to":[
            -3.970053195953369,
            -0.18584038317203522,
            -0.6730761379003525
          ],
          "rotationOrigin":[
            -6.806290626525879,
            -0.3849952816963196,
            -0.8133260607719421
          ],
          "rotationX":-45.00000125223908,
          "group":"fine_fabric",
          "faces":{
            "north":{
              "texture":"#grip",
              "uv":[
                19.0,
                10.0,
                17.998851776123047,
                21.0
              ],
              "autoUv":false,
              "rotation":270
            },
            "east":{
              "texture":"#grip",
              "uv":[
                10.467052459716797,
                17.288411140441895,
                11.070204734802246,
                17.891563415527344
              ],
              "autoUv":false,
              "rotation":270
            },
            "south":{
              "texture":"#grip",
              "uv":[
                9.687779426574707,
                14.245357513427734,
                11.849477767944336,
                16.97757339477539
              ],
              "autoUv":false,
              "rotation":270
            },
            "west":{
              "texture":"#grip",
              "uv":[
                13.459037780761719,
                18.000788688659668,
                14.062190055847168,
                18.603940963745117
              ],
              "autoUv":false
            },
            "up":{
              "texture":"#grip",
              "uv":[
                11.849477767944336,
                14.245357513427734,
                14.011177062988281,
                16.977572441101074
              ],
              "autoUv":false,
              "rotation":270
            },
            "down":{
              "texture":"#grip",
              "uv":[
                9.687779426574707,
                16.977572441101074,
                7.52608060836792,
                14.245357513427734
              ],
              "autoUv":false,
              "rotation":270
            }
          },
          "children":[]
        },
        {
          "name":"fine_fabric 05",
          "from":[
            -9.642528057098389,
            0.620006337761879,
            -0.9524282366037369
          ],
          "to":[
            -3.970053195953369,
            1.0183161348104477,
            -0.6719283908605576
          ],
          "rotationOrigin":[
            -6.806290626525879,
            0.8191612362861633,
            -0.8121783137321472
          ],
          "rotationX":45.00000125223908,
          "group":"fine_fabric",
          "faces":{
            "north":{
              "texture":"#grip",
              "uv":[
                13.001147270202637,
                10.0,
                14.0,
                21.0
              ],
              "autoUv":false,
              "rotation":270
            },
            "east":{
              "texture":"#grip",
              "uv":[
                11.182103157043457,
                16.215835571289062,
                11.785255432128906,
                16.818988800048828
              ],
              "autoUv":false,
              "rotation":270
            },
            "south":{
              "texture":"#grip",
              "uv":[
                10.402830123901367,
                13.172782897949219,
                12.564528465270996,
                15.904998779296875
              ],
              "autoUv":false,
              "rotation":270
            },
            "west":{
              "texture":"#grip",
              "uv":[
                14.74399185180664,
                16.358311653137207,
                15.34714412689209,
                16.961463928222656
              ],
              "autoUv":false
            },
            "up":{
              "texture":"#grip",
              "uv":[
                12.564528465270996,
                13.172782897949219,
                14.726226806640625,
                15.904998779296875
              ],
              "autoUv":false,
              "rotation":270
            },
            "down":{
              "texture":"#grip",
              "uv":[
                10.402830123901367,
                15.904998779296875,
                8.241130828857422,
                13.172782897949219
              ],
              "autoUv":false,
              "rotation":270
            }
          },
          "children":[]
        },
        {
          "name":"fine_fabric 06",
          "from":[
            -9.642528057098389,
            0.620006337761879,
            0.25058089196681976
          ],
          "to":[
            -3.970053195953369,
            1.0183161348104477,
            0.5310807377099991
          ],
          "rotationOrigin":[
            -6.806290626525879,
            0.8191612362861633,
            0.3908308148384094
          ],
          "rotationX":-45.00000125223908,
          "group":"fine_fabric",
          "faces":{
            "north":{
              "texture":"#grip",
              "uv":[
                20.003515243530273,
                20.76386833190918,
                22.433433532714844,
                23.835092544555664
              ],
              "autoUv":false,
              "rotation":270
            },
            "east":{
              "texture":"#grip",
              "uv":[
                20.91473388671875,
                20.003023147583008,
                21.522214889526367,
                20.61050319671631
              ],
              "autoUv":false,
              "rotation":270
            },
            "south":{
              "texture":"#grip",
              "uv":[
                17.0,
                10.0,
                17.99885368347168,
                21.0
              ],
              "autoUv":false,
              "rotation":90
            },
            "west":{
              "texture":"#grip",
              "uv":[
                24.502178192138672,
                20.14652156829834,
                25.10965919494629,
                20.75400161743164
              ],
              "autoUv":false
            },
            "up":{
              "texture":"#grip",
              "uv":[
                22.4948673248291,
                17.025388717651367,
                24.53400993347168,
                19.602703094482422
              ],
              "autoUv":false,
              "rotation":270
            },
            "down":{
              "texture":"#grip",
              "uv":[
                19.942081451416016,
                19.602703094482422,
                17.902938842773438,
                17.025388717651367
              ],
              "autoUv":false,
              "rotation":270
            }
          },
          "children":[]
        },
        {
          "name":"fine_fabric 07",
          "from":[
            -9.642528057098389,
            -0.5841501802206039,
            0.2517281621694565
          ],
          "to":[
            -3.970053195953369,
            -0.18584038317203522,
            0.5322280079126358
          ],
          "rotationOrigin":[
            -6.806290626525879,
            -0.3849952816963196,
            0.39197808504104614
          ],
          "rotationX":45.00000125223908,
          "group":"fine_fabric",
          "faces":{
            "north":{
              "texture":"#grip",
              "uv":[
                20.003515243530273,
                20.76386833190918,
                22.433433532714844,
                23.835092544555664
              ],
              "autoUv":false,
              "rotation":270
            },
            "east":{
              "texture":"#grip",
              "uv":[
                20.91473388671875,
                20.003023147583008,
                21.522214889526367,
                20.61050319671631
              ],
              "autoUv":false,
              "rotation":270
            },
            "south":{
              "texture":"#grip",
              "uv":[
                23.00114631652832,
                10.0,
                22.0,
                21.0
              ],
              "autoUv":false,
              "rotation":90
            },
            "west":{
              "texture":"#grip",
              "uv":[
                23.928186416625977,
                20.72051239013672,
                24.535667419433594,
                21.32799243927002
              ],
              "autoUv":false
            },
            "up":{
              "texture":"#grip",
              "uv":[
                22.4948673248291,
                17.025388717651367,
                24.53400993347168,
                19.602703094482422
              ],
              "autoUv":false,
              "rotation":270
            },
            "down":{
              "texture":"#grip",
              "uv":[
                19.942081451416016,
                19.602703094482422,
                17.902938842773438,
                17.025388717651367
              ],
              "autoUv":false,
              "rotation":270
            }
          },
          "children":[]
        }
      ]
    }
  ],
  "groups":[]
}