{
	"editor": {
		"backDropShape": "lupinecanvas",
		"allAngles": false,
		"entityTextureMode": true
	},
	"textureWidth": 28,
	"textureHeight": 56,
	"textureSizes": {
		"shirt": [28,56]
	},
	"textures": {
		"shirt": "entity/humanoid/seraphclothes/upperbody/shirt"
	},
	"elements": [
		{
			"name": "UpperTorsoOrigin",
			"stepParentName": "UpperTorso",
			"from": [ -0.02, -0.022, -0.0177 ],
			"to": [ 5.02, 5.522, 5.5177 ],
			"autoUnwrap": false,
			"uv": [ 1.0, 0.5 ],
			"rotationOrigin": [ 2.0, 2.2, 2.8831 ],
			"faces": {
				"north": { "texture": "#shirt", "uv": [ 1.0, 5.5, 6.0, 11.0 ], "windMode": [-1,-1,-1,-1], "windData": [1,1,1,1] },
				"east": { "texture": "#shirt", "uv": [ 17.0, 5.5, 23.0, 11.0 ], "autoUv": false, "windMode": [-1,-1,-1,-1] },
				"south": { "texture": "#shirt", "uv": [ 12.0, 5.5, 17.0, 11.0 ] },
				"west": { "texture": "#shirt", "uv": [ 6.0, 5.5, 12.0, 11.0 ], "autoUv": false },
				"up": { "texture": "#shirt", "uv": [ 6.0, 0.5, 12.0, 5.5 ], "rotation": 90, "autoUv": false },
				"down": { "texture": "#shirt", "uv": [ 19.0, 31.5, 24.5, 36.5 ], "rotation": 90, "windMode": [-1,-1,-1,-1] }
			},
			"children": [
				{
					"name": "Blackout",
					"from": [ 0.1, 0.88, 0.5323 ],
					"to": [ 4.9, 5.28, 4.9677 ],
					"uv": [ 0.0, 0.0 ],
					"rotationOrigin": [ 0.1, 0.88, 0.5323 ],
					"faces": {
						"north": { "texture": "#shirt", "uv": [ 0.0, 0.0, 4.5, 4.0 ], "autoUv": false },
						"east": { "texture": "#shirt", "uv": [ 1.0, 0.0, 5.0, 5.0 ], "rotation": 90, "autoUv": false, "windMode": [-1,-1,-1,-1], "windData": [1,1,1,1] },
						"south": { "texture": "#shirt", "uv": [ 0.0, 1.0, 4.5, 5.0 ], "autoUv": false, "windMode": [-1,-1,-1,-1], "windData": [1,1,1,1] },
						"west": { "texture": "#shirt", "uv": [ 0.5, 0.0, 4.5, 5.0 ], "rotation": 90, "autoUv": false, "windMode": [-1,-1,-1,-1], "windData": [1,1,1,1] },
						"up": { "texture": "#shirt", "uv": [ 0.0, 0.0, 4.5, 5.0 ], "autoUv": false },
						"down": { "texture": "#shirt", "uv": [ 0.5, 0.0, 5.0, 5.0 ], "autoUv": false }
					}
				},
				{
					"name": "Cube2",
					"from": [ -0.005, -0.0055, 2.546 ],
					"to": [ 0.995, 5.544, 2.9895 ],
					"uv": [ 27.0, 5.5 ],
					"rotationOrigin": [ 0.0, 0.0, 2.546 ],
					"faces": {
						"north": { "texture": "#shirt", "uv": [ 0.0, 0.5, 1.0, 6.0 ], "enabled": false },
						"east": { "texture": "#shirt", "uv": [ 1.0, 0.5, 1.5, 6.0 ], "enabled": false },
						"south": { "texture": "#shirt", "uv": [ 1.5, 0.5, 2.5, 6.0 ], "enabled": false },
						"west": { "texture": "#shirt", "uv": [ 27.0, 5.5, 27.5, 10.5 ], "autoUv": false },
						"up": { "texture": "#shirt", "uv": [ 0.0, 0.0, 1.0, 0.5 ], "enabled": false },
						"down": { "texture": "#shirt", "uv": [ 27.0, 10.0, 27.5, 11.0 ], "rotation": 90, "autoUv": false, "windMode": [-1,-1,-1,-1], "windData": [1,1,1,1] }
					}
				}
			]
		},
		{
			"name": "LowerTorsoOrigin",
			"stepParentName": "LowerTorso",
			"from": [ -0.016, -0.024, -0.015 ],
			"to": [ 4.016, 6.024, 4.515 ],
			"autoUnwrap": false,
			"uv": [ 0.0, 10.5 ],
			"rotationOrigin": [ 2.4, 3.6, 2.25 ],
			"faces": {
				"north": { "texture": "#shirt", "uv": [ 1.5, 9.5, 5.5, 15.5 ] },
				"east": { "texture": "#shirt", "uv": [ 17.5, 9.5, 22.5, 15.5 ], "autoUv": false },
				"south": { "texture": "#shirt", "uv": [ 12.5, 9.5, 16.5, 15.5 ] },
				"west": { "texture": "#shirt", "uv": [ 6.5, 9.5, 11.5, 15.5 ], "autoUv": false },
				"up": { "texture": "#shirt", "uv": [ 19.5, 32.0, 24.0, 36.0 ], "rotation": 270, "windMode": [-1,-1,-1,-1], "windData": [1,1,1,1] },
				"down": { "texture": "#shirt", "uv": [ 0.5, 32.0, 5.0, 36.0 ], "rotation": 90, "windMode": [-1,-1,-1,-1] }
			},
			"children": [
				{
					"name": "ShirtFrontTile",
					"from": [ 0.0, -7.1067, 0.0 ],
					"to": [ 0.8482, 0.0, 4.53 ],
					"uv": [ 5.0, 15.5 ],
					"rotationOrigin": [ 0.0, 0.0, 2.25 ],
					"rotationZ": -3.5,
					"faces": {
						"north": { "texture": "#shirt", "uv": [ 5.0, 15.5, 6.0, 21.5 ], "windMode": [-1,-1,-1,-1] },
						"east": { "texture": "#shirt", "uv": [ 0.5, 4.5, 5.0, 11.5 ], "enabled": false },
						"south": { "texture": "#shirt", "uv": [ 12.0, 15.5, 13.0, 21.5 ], "windMode": [-1,-1,-1,-1] },
						"west": { "texture": "#shirt", "uv": [ 6.0, 15.5, 12.0, 21.5 ], "windMode": [-1,-1,-1,-1] },
						"up": { "texture": "#shirt", "uv": [ 0.0, 0.0, 0.5, 4.5 ], "enabled": false },
						"down": { "texture": "#shirt", "uv": [ 0.5, 0.0, 1.0, 4.5 ], "enabled": false }
					}
				},
				{
					"name": "ShirtBackTile",
					"from": [ 3.1769, -7.0658, 0.0 ],
					"to": [ 4.032, 0.048, 4.53 ],
					"uv": [ 1.0, 15.5 ],
					"rotationOrigin": [ 4.032, 0.048, 2.25 ],
					"rotationZ": -5.0,
					"faces": {
						"north": { "texture": "#shirt", "uv": [ 1.0, 15.5, 2.0, 21.5 ], "autoUv": false, "windMode": [-1,-1,-1,-1] },
						"east": { "texture": "#shirt", "uv": [ 17.0, 15.5, 23.0, 21.5 ], "autoUv": false, "windMode": [-1,-1,-1,-1] },
						"south": { "texture": "#shirt", "uv": [ 16.0, 15.5, 17.0, 21.5 ], "autoUv": false, "windMode": [-1,-1,-1,-1] },
						"west": { "texture": "#shirt", "uv": [ 5.5, 4.5, 10.0, 11.5 ], "enabled": false },
						"up": { "texture": "#shirt", "uv": [ 0.0, 0.0, 0.5, 4.5 ], "enabled": false },
						"down": { "texture": "#shirt", "uv": [ 0.5, 0.0, 1.0, 4.5 ], "enabled": false }
					}
				},
				{
					"name": "Cube3",
					"from": [ -0.004, -0.006, 2.0775 ],
					"to": [ 0.796, 6.042, 2.4525 ],
					"uv": [ 27.0, 10.0 ],
					"rotationOrigin": [ 0.0, 0.0, 2.0775 ],
					"faces": {
						"north": { "texture": "#shirt", "uv": [ 0.0, 0.5, 0.5, 6.5 ], "enabled": false },
						"east": { "texture": "#shirt", "uv": [ 0.5, 0.5, 1.0, 6.5 ], "enabled": false },
						"south": { "texture": "#shirt", "uv": [ 1.0, 0.5, 1.5, 6.5 ], "enabled": false },
						"west": { "texture": "#shirt", "uv": [ 27.0, 10.0, 27.5, 15.0 ], "autoUv": false },
						"up": { "texture": "#shirt", "uv": [ 0.0, 0.0, 0.5, 0.5 ], "enabled": false },
						"down": { "texture": "#shirt", "uv": [ 0.5, 0.0, 1.0, 0.5 ], "enabled": false }
					}
				}
			]
		},
		{
			"name": "UpperFootLorigin",
			"stepParentName": "UpperFootL",
			"from": [ -0.0238, -0.0178, -0.0188 ],
			"to": [ 5.0238, 8.0178, 3.0188 ],
			"autoUnwrap": false,
			"uv": [ 9.5, 11.5 ],
			"rotationOrigin": [ 2.381, 8.0, 3.0 ],
			"faces": {
				"north": { "texture": "#shirt", "uv": [ 0.0, 3.0, 5.0, 11.0 ], "enabled": false },
				"east": { "texture": "#shirt", "uv": [ 20.0, 22.0, 23.0, 30.0 ], "windMode": [-1,-1,-1,-1] },
				"south": { "texture": "#shirt", "uv": [ 15.5, 22.0, 20.5, 30.0 ], "windMode": [-1,-1,-1,-1] },
				"west": { "texture": "#shirt", "uv": [ 13.0, 22.0, 16.0, 30.0 ] },
				"up": { "texture": "#shirt", "uv": [ 12.0, 11.5, 17.0, 14.5 ], "windMode": [-1,-1,-1,-1], "windData": [1,1,1,1] },
				"down": { "texture": "#shirt", "uv": [ 5.0, 0.0, 10.0, 3.0 ], "enabled": false }
			}
		},
		{
			"name": "UpperFootRorigin",
			"stepParentName": "UpperFootR",
			"from": [ -0.0238, -0.0178, -0.0187 ],
			"to": [ 5.0238, 8.0178, 3.0187 ],
			"autoUnwrap": false,
			"uv": [ 1.0, 11.5 ],
			"rotationOrigin": [ 2.381, 8.0, 0.0 ],
			"faces": {
				"north": { "texture": "#shirt", "uv": [ 3.5, 22.0, 8.5, 30.0 ], "windMode": [-1,-1,-1,-1], "windData": [0,1,1,0] },
				"east": { "texture": "#shirt", "uv": [ 1.0, 22.0, 4.0, 30.0 ], "windMode": [-1,-1,-1,-1] },
				"south": { "texture": "#shirt", "uv": [ 8.0, 3.0, 13.0, 11.0 ], "enabled": false },
				"west": { "texture": "#shirt", "uv": [ 8.0, 22.0, 11.0, 30.0 ], "windMode": [-1,-1,-1,-1] },
				"up": { "texture": "#shirt", "uv": [ 1.0, 11.5, 6.0, 14.5 ], "rotation": 180, "windMode": [-1,-1,-1,-1], "windData": [1,1,1,1] },
				"down": { "texture": "#shirt", "uv": [ 5.0, 0.0, 10.0, 3.0 ], "enabled": false }
			}
		},
		{
			"name": "UpperArmROrigin",
			"stepParentName": "UpperArmR",
			"from": [ -0.02, -0.02, -0.025 ],
			"to": [ 3.02, 7.02, 2.525 ],
			"autoUnwrap": false,
			"uv": [ 2.0, 33.5 ],
			"rotationOrigin": [ 1.5, 7.0, 1.25 ],
			"faces": {
				"north": { "texture": "#shirt", "uv": [ 4.0, 37.0, 7.0, 44.0 ] },
				"east": { "texture": "#shirt", "uv": [ 2.0, 37.0, 4.5, 44.0 ] },
				"south": { "texture": "#shirt", "uv": [ 9.0, 37.0, 12.0, 44.0 ] },
				"west": { "texture": "#shirt", "uv": [ 7.0, 37.0, 9.5, 44.0 ] },
				"up": { "texture": "#shirt", "uv": [ 7.0, 34.0, 9.5, 37.0 ], "rotation": 90, "windMode": [-1,-1,-1,-1] },
				"down": { "texture": "#shirt", "uv": [ 10.0, 33.5, 12.5, 36.5 ], "rotation": 90, "windMode": [-1,-1,-1,-1] }
			}
		},
		{
			"name": "UpperArmLorigin",
			"stepParentName": "UpperArmL",
			"from": [ -0.02, -0.02, -0.025 ],
			"to": [ 3.02, 7.02, 2.525 ],
			"autoUnwrap": false,
			"uv": [ 13.0, 33.5 ],
			"rotationOrigin": [ 1.5, 6.9, 1.25 ],
			"faces": {
				"north": { "texture": "#shirt", "uv": [ 13.0, 37.0, 16.0, 44.0 ] },
				"east": { "texture": "#shirt", "uv": [ 20.5, 37.0, 23.0, 44.0 ], "windMode": [-1,-1,-1,-1] },
				"south": { "texture": "#shirt", "uv": [ 18.0, 37.0, 21.0, 44.0 ], "windMode": [-1,-1,-1,-1] },
				"west": { "texture": "#shirt", "uv": [ 15.5, 37.0, 18.0, 44.0 ] },
				"up": { "texture": "#shirt", "uv": [ 15.5, 34.0, 18.0, 37.0 ], "rotation": 90, "windMode": [-1,-1,-1,-1] },
				"down": { "texture": "#shirt", "uv": [ 12.5, 33.5, 15.0, 36.5 ], "rotation": 90, "windMode": [-1,-1,-1,-1] }
			}
		},
		{
			"name": "LowerArmROrigin",
			"stepParentName": "LowerArmR",
			"from": [ -0.02, -0.02, -0.02 ],
			"to": [ 2.52, 8.02, 2.02 ],
			"uv": [ 2.0, 33.5 ],
			"rotationOrigin": [ 1.3, 7.8, 1.0 ],
			"faces": {
				"north": { "texture": "#shirt", "uv": [ 4.5, 44.0, 7.0, 52.0 ] },
				"east": { "texture": "#shirt", "uv": [ 2.0, 44.0, 4.0, 52.0 ] },
				"south": { "texture": "#shirt", "uv": [ 9.0, 44.0, 11.5, 52.0 ] },
				"west": { "texture": "#shirt", "uv": [ 7.0, 44.0, 9.0, 52.0 ] },
				"up": { "texture": "#shirt", "uv": [ 10.0, 33.5, 12.0, 36.0 ], "rotation": 90, "windMode": [-1,-1,-1,-1] },
				"down": { "texture": "#shirt", "uv": [ 7.0, 52.0, 9.0, 54.5 ], "rotation": 90, "windMode": [-1,-1,-1,-1] }
			}
		},
		{
			"name": "LowerArmLorigin",
			"stepParentName": "LowerArmL",
			"from": [ -0.02, -0.02, -0.02 ],
			"to": [ 2.52, 8.02, 2.02 ],
			"uv": [ 13.0, 33.5 ],
			"rotationOrigin": [ 1.3, 7.8, 1.0 ],
			"faces": {
				"north": { "texture": "#shirt", "uv": [ 13.5, 44.0, 16.0, 52.0 ], "autoUv": false },
				"east": { "texture": "#shirt", "uv": [ 21.0, 44.0, 23.0, 52.0 ], "autoUv": false, "windMode": [-1,-1,-1,-1] },
				"south": { "texture": "#shirt", "uv": [ 18.0, 44.0, 20.5, 52.0 ], "autoUv": false },
				"west": { "texture": "#shirt", "uv": [ 16.0, 44.0, 18.0, 52.0 ], "autoUv": false },
				"up": { "texture": "#shirt", "uv": [ 13.0, 33.5, 15.0, 36.0 ], "rotation": 90, "autoUv": false, "windMode": [-1,-1,-1,-1] },
				"down": { "texture": "#shirt", "uv": [ 16.0, 52.0, 18.0, 54.5 ], "rotation": 90, "autoUv": false, "windMode": [-1,-1,-1,-1] }
			}
		},
		{
			"name": "hidecollar",
			"stepParentName": "Neck",
			"from": [ -0.02, 0.5, -0.02 ],
			"to": [ 3.02, 2.5, 3.02 ],
			"uv": [ 13.0, 2.5 ],
			"rotationOrigin": [ 0.0, 0.5, 0.0 ],
			"faces": {
				"north": { "texture": "#shirt", "uv": [ 13.0, 2.5, 16.0, 4.5 ], "autoUv": false },
				"east": { "texture": "#shirt", "uv": [ 22.0, 2.5, 25.0, 4.5 ], "autoUv": false },
				"south": { "texture": "#shirt", "uv": [ 19.0, 2.5, 22.0, 4.5 ], "autoUv": false },
				"west": { "texture": "#shirt", "uv": [ 16.0, 2.5, 19.0, 4.5 ], "autoUv": false },
				"up": { "texture": "#shirt", "uv": [ 0.0, 0.0, 3.0, 3.0 ], "enabled": false },
				"down": { "texture": "#shirt", "uv": [ 3.0, 0.0, 6.0, 3.0 ], "enabled": false }
			}
		},
		{
			"name": "tail",
			"stepParentName": "Tail",
			"from": [ 0.0, 1.5, -0.02 ],
			"to": [ 2.04, 4.04, 2.02 ],
			"unwrapMode": 2,
			"autoUnwrap": false,
			"uv": [ 17.0, 9.0 ],
			"rotationOrigin": [ 0.0, 1.5, 0.0 ],
			"faces": {
				"north": { "texture": "#shirt", "uv": [ 21.0, 11.0, 23.0, 13.5 ] },
				"east": { "texture": "#shirt", "uv": [ 19.0, 11.0, 21.0, 13.5 ], "windMode": [-1,-1,-1,-1], "windData": [0,1,1,0] },
				"south": { "texture": "#shirt", "uv": [ 17.0, 11.0, 19.0, 13.5 ] },
				"west": { "texture": "#shirt", "uv": [ 19.0, 13.0, 21.0, 15.5 ] },
				"up": { "texture": "#shirt", "uv": [ 19.0, 9.0, 21.0, 11.0 ], "rotation": 270 },
				"down": { "texture": "#shirt", "uv": [ 19.0, 13.5, 21.0, 15.5 ], "rotation": 270 }
			}
		}
	]}
