{
	"editor": {
		"backDropShape": "entity/humanoid/seraph-hairless",
		"allAngles": true,
		"entityTextureMode": false
	},
	"textureWidth": 16,
	"textureHeight": 16,
	"textureSizes": {
	},
	"textures": {
		"steel": "block/metal/tarnished/steel"
	},
	"elements": [
		{
			"name": "hidefacialhair",
			"stepParentName": "Head",
			"from": [ 0.0, 1.2, 2.5 ],
			"to": [ 0.0, 1.2, 2.5 ],
			"rotationOrigin": [ 0.0, 1.2, 2.5 ],
			"faces": {
			},
			"children": [
				{
					"name": "L1",
					"from": [ -1.0, -0.15, 1.0 ],
					"to": [ 0.0, 0.15, 1.3 ],
					"rotationOrigin": [ 0.0, 0.0, 1.0 ],
					"rotationY": 22.0,
					"rotationZ": 22.0,
					"faces": {
						"north": { "texture": "#steel", "uv": [ 0.0, 3.0, 1.0, 3.5 ] },
						"south": { "texture": "#steel", "uv": [ 13.5, 4.0, 14.5, 4.5 ] },
						"west": { "texture": "#steel", "uv": [ 2.0, 8.0, 2.5, 8.5 ] },
						"up": { "texture": "#steel", "uv": [ 4.0, 13.5, 5.0, 14.0 ] },
						"down": { "texture": "#steel", "uv": [ 12.0, 0.0, 13.0, 0.5 ] }
					},
					"children": [
						{
							"name": "L2",
							"from": [ -1.0, 0.05, 0.1 ],
							"to": [ 0.0, 0.25, 0.3 ],
							"rotationOrigin": [ 0.0, 0.1, 0.3 ],
							"rotationY": -39.0,
							"rotationZ": -25.0,
							"faces": {
								"north": { "texture": "#steel", "uv": [ 2.0, 1.5, 3.0, 2.0 ] },
								"south": { "texture": "#steel", "uv": [ 7.5, 9.0, 8.5, 9.5 ] },
								"west": { "texture": "#steel", "uv": [ 10.0, 8.0, 10.5, 8.5 ] },
								"up": { "texture": "#steel", "uv": [ 14.5, 8.5, 15.5, 9.0 ] },
								"down": { "texture": "#steel", "uv": [ 6.5, 4.5, 7.5, 5.0 ] }
							}
						}
					]
				},
				{
					"name": "R1",
					"from": [ -0.9, -0.15, -1.2 ],
					"to": [ 0.1, 0.15, -0.9 ],
					"rotationOrigin": [ 0.1, 0.0, -1.0 ],
					"rotationY": -19.0,
					"rotationZ": 17.0,
					"faces": {
						"north": { "texture": "#steel", "uv": [ 14.0, 9.5, 15.0, 10.0 ] },
						"south": { "texture": "#steel", "uv": [ 0.0, 3.0, 1.0, 3.5 ] },
						"west": { "texture": "#steel", "uv": [ 4.0, 3.0, 4.5, 3.5 ] },
						"up": { "texture": "#steel", "uv": [ 0.5, 15.0, 1.5, 15.5 ] },
						"down": { "texture": "#steel", "uv": [ 2.0, 5.5, 3.0, 6.0 ] }
					},
					"children": [
						{
							"name": "R2",
							"from": [ -1.0, 0.05, 0.0 ],
							"to": [ 0.0, 0.25, 0.2 ],
							"rotationOrigin": [ 0.0, 0.2, 0.0 ],
							"rotationY": 44.0,
							"rotationZ": -42.0,
							"faces": {
								"north": { "texture": "#steel", "uv": [ 8.0, 13.5, 9.0, 14.0 ] },
								"south": { "texture": "#steel", "uv": [ 6.0, 7.0, 7.0, 7.5 ] },
								"west": { "texture": "#steel", "uv": [ 9.0, 8.0, 9.5, 8.5 ] },
								"up": { "texture": "#steel", "uv": [ 12.0, 14.0, 13.0, 14.5 ] },
								"down": { "texture": "#steel", "uv": [ 9.5, 12.5, 10.5, 13.0 ] }
							}
						}
					]
				}
			]
		}
	]}