{
	"editor": {
		"backDropShape": "entity/humanoid/seraph-hairless",
		"allAngles": true,
		"entityTextureMode": false
	},
	"textureWidth": 16,
	"textureHeight": 16,
	"textureSizes": {
	},
	"textures": {
		"steel": "block/metal/tarnished/steel"
	},
	"elements": [
		{
			"name": "hidefacialhair",
			"stepParentName": "Head",
			"from": [ 0.0, 1.2, 2.5 ],
			"to": [ 0.0, 1.2, 2.5 ],
			"rotationOrigin": [ 0.0, 1.2, 2.5 ],
			"faces": {
			},
			"children": [
				{
					"name": "mid",
					"from": [ -0.2, -0.1, -1.0 ],
					"to": [ 0.1, 0.2, 1.0 ],
					"rotationOrigin": [ 0.0, 0.1, 0.0 ],
					"rotationX": 3.0,
					"rotationZ": 1.0,
					"faces": {
						"north": { "texture": "#steel", "uv": [ 4.5, 6.5, 5.0, 7.0 ] },
						"south": { "texture": "#steel", "uv": [ 12.0, 4.0, 12.5, 4.5 ] },
						"west": { "texture": "#steel", "uv": [ 0.0, 7.5, 2.0, 8.0 ] },
						"up": { "texture": "#steel", "uv": [ 13.0, 4.5, 13.5, 6.5 ] },
						"down": { "texture": "#steel", "uv": [ 1.5, 11.5, 2.0, 13.5 ] }
					},
					"children": [
						{
							"name": "L1",
							"from": [ 0.0, -0.7, 0.0 ],
							"to": [ 0.3, 0.3, 0.3 ],
							"rotationOrigin": [ 0.2, 0.3, 0.15 ],
							"rotationX": 25.0,
							"rotationZ": -6.0,
							"faces": {
								"north": { "texture": "#steel", "uv": [ 4.0, 5.0, 4.5, 6.0 ] },
								"south": { "texture": "#steel", "uv": [ 0.5, 14.5, 1.0, 15.5 ] },
								"west": { "texture": "#steel", "uv": [ 4.0, 14.5, 4.5, 15.5 ] },
								"up": { "texture": "#steel", "uv": [ 5.0, 13.0, 5.5, 13.5 ] },
								"down": { "texture": "#steel", "uv": [ 10.0, 2.0, 10.5, 2.5 ] }
							},
							"children": [
								{
									"name": "L2",
									"from": [ 0.0, -1.0, 0.0 ],
									"to": [ 0.3, 0.0, 0.3 ],
									"rotationOrigin": [ 0.0, 0.0, 0.0 ],
									"rotationX": -55.0,
									"rotationZ": 3.0,
									"faces": {
										"north": { "texture": "#steel", "uv": [ 5.5, 0.5, 6.0, 1.5 ] },
										"east": { "texture": "#steel", "uv": [ 12.0, 8.0, 12.5, 9.0 ] },
										"south": { "texture": "#steel", "uv": [ 7.5, 6.5, 8.0, 7.5 ] },
										"west": { "texture": "#steel", "uv": [ 0.0, 5.5, 0.5, 6.5 ] },
										"up": { "texture": "#steel", "uv": [ 12.0, 14.5, 12.5, 15.0 ] },
										"down": { "texture": "#steel", "uv": [ 12.5, 14.0, 13.0, 14.5 ] }
									}
								}
							]
						},
						{
							"name": "R1",
							"from": [ 0.0, -0.9, 1.7 ],
							"to": [ 0.3, 0.4, 2.0 ],
							"rotationOrigin": [ 0.1, 0.3, 2.0 ],
							"rotationX": -42.0,
							"rotationZ": -6.0,
							"faces": {
								"north": { "texture": "#steel", "uv": [ 8.0, 3.0, 8.5, 4.0 ] },
								"south": { "texture": "#steel", "uv": [ 8.5, 7.5, 9.0, 8.5 ] },
								"west": { "texture": "#steel", "uv": [ 1.0, 6.5, 1.5, 7.5 ] },
								"up": { "texture": "#steel", "uv": [ 8.0, 15.0, 8.5, 15.5 ] },
								"down": { "texture": "#steel", "uv": [ 7.5, 4.5, 8.0, 5.0 ] }
							},
							"children": [
								{
									"name": "R2",
									"from": [ 0.0, -0.7, 0.0 ],
									"to": [ 0.3, 0.0, 0.3 ],
									"rotationOrigin": [ 0.0, 0.0, 0.3 ],
									"rotationX": 50.0,
									"rotationZ": -22.0,
									"faces": {
										"north": { "texture": "#steel", "uv": [ 2.5, 0.0, 3.0, 0.5 ] },
										"east": { "texture": "#steel", "uv": [ 4.0, 1.0, 4.5, 1.5 ] },
										"south": { "texture": "#steel", "uv": [ 7.0, 2.0, 7.5, 2.5 ] },
										"west": { "texture": "#steel", "uv": [ 2.5, 12.0, 3.0, 12.5 ] },
										"up": { "texture": "#steel", "uv": [ 11.0, 1.0, 11.5, 1.5 ] },
										"down": { "texture": "#steel", "uv": [ 13.0, 11.5, 13.5, 12.0 ] }
									}
								}
							]
						}
					]
				}
			]
		}
	]}