{
	"editor": {
		"allAngles": true,
		"entityTextureMode": false
	},
	"textureWidth": 16,
	"textureHeight": 16,
	"textureSizes": {
	},
	"textures": {
		"friedchickenmushroom": "mycodiversity:block/plant/mushroom/friedchickenmushroom/friedchickenmushroom"
	},
	"elements": [
		{
			"name": "origin",
			"from": [ 0.0, 0.0, 0.0 ],
			"to": [ 0.0, 0.0, 0.0 ],
			"rotationOrigin": [ 8.0, 0.0, 8.0 ],
			"faces": {
			},
			"children": [
				{
					"name": "large",
					"from": [ 7.0, -0.3, 8.0 ],
					"to": [ 8.5, 0.7, 9.5 ],
					"rotationOrigin": [ 7.7, -0.3, 8.7 ],
					"rotationX": -8.0,
					"rotationY": -11.0,
					"faces": {
						"north": { "texture": "#friedchickenmushroom", "uv": [ 12.5, 13.5, 14.0, 14.5 ] },
						"east": { "texture": "#friedchickenmushroom", "uv": [ 2.0, 13.5, 3.5, 14.5 ] },
						"south": { "texture": "#friedchickenmushroom", "uv": [ 10.0, 13.5, 11.5, 14.5 ] },
						"west": { "texture": "#friedchickenmushroom", "uv": [ 3.5, 13.5, 5.0, 14.5 ] },
						"down": { "texture": "#friedchickenmushroom", "uv": [ 2.0, 14.0, 3.5, 15.5 ] }
					},
					"children": [
						{
							"name": "stem3",
							"from": [ 0.0, 0.9, 0.0 ],
							"to": [ 1.5, 2.4, 1.5 ],
							"rotationOrigin": [ 0.8, 0.9, 0.7 ],
							"rotationX": 7.0,
							"rotationZ": 0.1,
							"faces": {
								"north": { "texture": "#friedchickenmushroom", "uv": [ 8.0, 10.0, 9.5, 11.5 ] },
								"east": { "texture": "#friedchickenmushroom", "uv": [ 4.5, 10.0, 6.0, 11.5 ] },
								"south": { "texture": "#friedchickenmushroom", "uv": [ 10.0, 11.5, 11.5, 13.0 ] },
								"west": { "texture": "#friedchickenmushroom", "uv": [ 7.5, 10.5, 9.0, 12.0 ] },
								"down": { "texture": "#friedchickenmushroom", "uv": [ 7.5, 9.5, 9.0, 11.0 ] }
							},
							"children": [
								{
									"name": "Cube1",
									"from": [ -0.3, 1.5, -0.3 ],
									"to": [ 1.7, 3.0, 1.7 ],
									"rotationOrigin": [ 0.7, 1.5, 0.7 ],
									"faces": {
										"north": { "texture": "#friedchickenmushroom", "uv": [ 7.0, 12.0, 9.0, 13.5 ] },
										"east": { "texture": "#friedchickenmushroom", "uv": [ 5.5, 9.0, 7.5, 10.5 ] },
										"south": { "texture": "#friedchickenmushroom", "uv": [ 7.0, 10.5, 9.0, 12.0 ] },
										"west": { "texture": "#friedchickenmushroom", "uv": [ 1.0, 11.5, 3.0, 13.0 ] },
										"down": { "texture": "#friedchickenmushroom", "uv": [ 6.5, 9.0, 8.5, 11.0 ] }
									},
									"children": [
										{
											"name": "cap large",
											"from": [ -0.5, 1.5, -0.5 ],
											"to": [ 2.5, 2.5, 2.5 ],
											"rotationOrigin": [ 1.0, 1.5, 1.0 ],
											"faces": {
												"up": { "texture": "#friedchickenmushroom", "uv": [ 3.0, 2.5, 6.0, 5.5 ] },
												"down": { "texture": "#friedchickenmushroom", "uv": [ 10.5, 11.0, 13.5, 14.0 ] }
											},
											"children": [
												{
													"name": "Cube29",
													"from": [ 3.0, 0.0, 0.0 ],
													"to": [ 4.0, 1.0, 3.0 ],
													"rotationOrigin": [ 3.0, 1.0, 2.0 ],
													"rotationZ": -14.0,
													"faces": {
														"north": { "texture": "#friedchickenmushroom", "uv": [ 7.0, 3.5, 8.0, 4.5 ] },
														"east": { "texture": "#friedchickenmushroom", "uv": [ 6.5, 4.0, 9.5, 5.0 ] },
														"south": { "texture": "#friedchickenmushroom", "uv": [ 9.0, 4.5, 10.0, 5.5 ] },
														"up": { "texture": "#friedchickenmushroom", "uv": [ 5.5, 2.5, 6.5, 5.5 ] },
														"down": { "texture": "#friedchickenmushroom", "uv": [ 11.0, 8.5, 12.0, 11.5 ] }
													}
												},
												{
													"name": "Cube30",
													"from": [ -1.0, 0.0, 0.0 ],
													"to": [ 0.0, 1.0, 3.0 ],
													"rotationOrigin": [ 0.0, 1.0, 1.0 ],
													"rotationZ": 33.0,
													"faces": {
														"north": { "texture": "#friedchickenmushroom", "uv": [ 6.0, 2.5, 7.0, 3.5 ] },
														"south": { "texture": "#friedchickenmushroom", "uv": [ 5.0, 4.0, 6.0, 5.0 ] },
														"west": { "texture": "#friedchickenmushroom", "uv": [ 7.0, 4.5, 10.0, 5.5 ] },
														"up": { "texture": "#friedchickenmushroom", "uv": [ 7.5, 2.5, 8.5, 5.5 ] },
														"down": { "texture": "#friedchickenmushroom", "uv": [ 11.0, 8.5, 12.0, 11.5 ] }
													}
												},
												{
													"name": "Cube31",
													"from": [ 0.0, 0.0, -1.0 ],
													"to": [ 3.0, 1.0, 0.0 ],
													"rotationOrigin": [ 1.6, 1.0, 0.0 ],
													"rotationX": -28.0,
													"faces": {
														"north": { "texture": "#friedchickenmushroom", "uv": [ 5.0, 6.0, 8.0, 7.0 ] },
														"east": { "texture": "#friedchickenmushroom", "uv": [ 3.0, 0.5, 4.0, 1.5 ] },
														"west": { "texture": "#friedchickenmushroom", "uv": [ 4.5, 2.5, 5.5, 3.5 ] },
														"up": { "texture": "#friedchickenmushroom", "uv": [ 4.5, 4.5, 7.5, 5.5 ] },
														"down": { "texture": "#friedchickenmushroom", "uv": [ 11.0, 11.0, 14.0, 12.0 ] }
													}
												},
												{
													"name": "Cube32",
													"from": [ 0.0, 0.0, 3.0 ],
													"to": [ 3.0, 1.0, 4.0 ],
													"rotationOrigin": [ 2.0, 1.0, 3.0 ],
													"rotationX": 33.0,
													"faces": {
														"east": { "texture": "#friedchickenmushroom", "uv": [ 5.5, 4.0, 6.5, 5.0 ] },
														"south": { "texture": "#friedchickenmushroom", "uv": [ 8.0, 5.5, 11.0, 6.5 ] },
														"west": { "texture": "#friedchickenmushroom", "uv": [ 6.0, 5.0, 7.0, 6.0 ] },
														"up": { "texture": "#friedchickenmushroom", "uv": [ 3.0, 5.0, 6.0, 6.0 ] },
														"down": { "texture": "#friedchickenmushroom", "uv": [ 11.0, 10.0, 14.0, 11.0 ] }
													}
												}
											]
										}
									]
								}
							]
						}
					]
				},
				{
					"name": "medium small",
					"from": [ 7.3, -0.2, 6.3 ],
					"to": [ 8.3, 1.3, 7.3 ],
					"rotationOrigin": [ 7.8, -0.2, 6.8 ],
					"rotationX": -36.0,
					"faces": {
						"north": { "texture": "#friedchickenmushroom", "uv": [ 1.0, 14.0, 2.0, 15.5 ] },
						"east": { "texture": "#friedchickenmushroom", "uv": [ 11.5, 13.0, 12.5, 14.5 ] },
						"south": { "texture": "#friedchickenmushroom", "uv": [ 5.0, 14.0, 6.0, 15.5 ] },
						"west": { "texture": "#friedchickenmushroom", "uv": [ 12.5, 14.5, 13.5, 16.0 ] },
						"down": { "texture": "#friedchickenmushroom", "uv": [ 2.0, 14.0, 3.0, 15.0 ] }
					},
					"children": [
						{
							"name": "stem",
							"from": [ 0.0, 1.2, 0.0 ],
							"to": [ 1.0, 2.7, 1.0 ],
							"rotationOrigin": [ 0.5, 1.2, 0.5 ],
							"rotationX": 19.0,
							"rotationZ": 14.0,
							"faces": {
								"north": { "texture": "#friedchickenmushroom", "uv": [ 6.0, 14.5, 7.0, 16.0 ] },
								"east": { "texture": "#friedchickenmushroom", "uv": [ 3.5, 10.0, 4.5, 11.5 ] },
								"south": { "texture": "#friedchickenmushroom", "uv": [ 6.5, 14.5, 7.5, 16.0 ] },
								"west": { "texture": "#friedchickenmushroom", "uv": [ 13.5, 13.5, 14.5, 15.0 ] }
							},
							"children": [
								{
									"name": "cap",
									"from": [ -0.8, 1.3, -0.65 ],
									"to": [ 1.7, 1.8, 1.85 ],
									"rotationOrigin": [ 0.5024, 1.3016, 0.5519 ],
									"rotationX": 19.0,
									"rotationY": -41.096,
									"rotationZ": -8.0,
									"faces": {
										"north": { "texture": "#friedchickenmushroom", "uv": [ 13.0, 3.0, 15.5, 3.5 ] },
										"east": { "texture": "#friedchickenmushroom", "uv": [ 9.0, 7.0, 11.5, 7.5 ] },
										"south": { "texture": "#friedchickenmushroom", "uv": [ 10.0, 8.0, 12.5, 8.5 ] },
										"west": { "texture": "#friedchickenmushroom", "uv": [ 9.0, 7.0, 11.5, 7.5 ] },
										"up": { "texture": "#friedchickenmushroom", "uv": [ 3.0, 3.0, 5.5, 5.5 ] },
										"down": { "texture": "#friedchickenmushroom", "uv": [ 8.5, 9.5, 11.0, 12.0 ] }
									}
								}
							]
						}
					]
				},
				{
					"name": "tiny13",
					"from": [ 8.5, -0.3, 7.0 ],
					"to": [ 9.5, 1.2, 8.0 ],
					"rotationOrigin": [ 9.0, -0.3, 7.5 ],
					"rotationY": 8.0,
					"rotationZ": -17.0,
					"faces": {
						"north": { "texture": "#friedchickenmushroom", "uv": [ 11.0, 13.5, 12.0, 15.0 ] },
						"east": { "texture": "#friedchickenmushroom", "uv": [ 9.5, 9.0, 10.5, 10.5 ] },
						"south": { "texture": "#friedchickenmushroom", "uv": [ 5.5, 10.5, 6.5, 12.0 ] },
						"west": { "texture": "#friedchickenmushroom", "uv": [ 8.5, 11.0, 9.5, 12.5 ] },
						"down": { "texture": "#friedchickenmushroom", "uv": [ 2.0, 14.0, 3.0, 15.0 ] }
					},
					"children": [
						{
							"name": "stem2",
							"from": [ 0.0, 1.3, 0.0 ],
							"to": [ 1.0, 2.8, 1.0 ],
							"rotationOrigin": [ 0.5, 1.3, 0.5 ],
							"rotationY": 0.1,
							"rotationZ": 14.0,
							"faces": {
								"north": { "texture": "#friedchickenmushroom", "uv": [ 5.5, 12.5, 6.5, 14.0 ] },
								"east": { "texture": "#friedchickenmushroom", "uv": [ 4.5, 10.5, 5.5, 12.0 ] },
								"south": { "texture": "#friedchickenmushroom", "uv": [ 4.0, 11.0, 5.0, 12.5 ] },
								"west": { "texture": "#friedchickenmushroom", "uv": [ 4.5, 13.0, 5.5, 14.5 ] },
								"down": { "texture": "#friedchickenmushroom", "uv": [ 7.5, 11.0, 8.5, 12.0 ] }
							},
							"children": [
								{
									"name": "cap3",
									"from": [ -0.49, 1.31, -0.4997 ],
									"to": [ 1.51, 1.81, 1.5003 ],
									"rotationOrigin": [ 0.5086, 1.313, 0.5003 ],
									"rotationX": -14.0,
									"rotationY": -0.097,
									"rotationZ": 6.0,
									"faces": {
										"north": { "texture": "#friedchickenmushroom", "uv": [ 4.5, 4.0, 6.5, 4.5 ] },
										"east": { "texture": "#friedchickenmushroom", "uv": [ 3.0, 5.5, 5.0, 6.0 ] },
										"south": { "texture": "#friedchickenmushroom", "uv": [ 5.0, 6.5, 7.0, 7.0 ] },
										"west": { "texture": "#friedchickenmushroom", "uv": [ 7.0, 5.5, 9.0, 6.0 ] },
										"up": { "texture": "#friedchickenmushroom", "uv": [ 8.0, 3.0, 10.0, 5.0 ] },
										"down": { "texture": "#friedchickenmushroom", "uv": [ 11.0, 9.5, 13.0, 11.5 ] }
									}
								}
							]
						}
					]
				},
				{
					"name": "medium small21",
					"from": [ 8.6, -0.3, 9.1 ],
					"to": [ 9.6, 0.7, 10.1 ],
					"rotationOrigin": [ 9.1, -0.3, 9.6 ],
					"rotationX": 19.0,
					"rotationZ": -28.0,
					"faces": {
						"north": { "texture": "#friedchickenmushroom", "uv": [ 1.0, 14.0, 2.0, 15.0 ] },
						"east": { "texture": "#friedchickenmushroom", "uv": [ 14.0, 14.0, 15.0, 15.0 ] },
						"south": { "texture": "#friedchickenmushroom", "uv": [ 7.0, 14.0, 8.0, 15.0 ] },
						"west": { "texture": "#friedchickenmushroom", "uv": [ 12.5, 14.0, 13.5, 15.0 ] },
						"down": { "texture": "#friedchickenmushroom", "uv": [ 2.0, 14.0, 3.0, 15.0 ] }
					},
					"children": [
						{
							"name": "cap22",
							"from": [ -1.1, 2.3, -1.0 ],
							"to": [ 1.4, 2.8, 1.5 ],
							"rotationOrigin": [ 0.4, 2.3, 0.5 ],
							"rotationX": -18.0,
							"rotationY": -46.0,
							"faces": {
								"north": { "texture": "#friedchickenmushroom", "uv": [ 11.0, 1.5, 13.5, 2.0 ] },
								"east": { "texture": "#friedchickenmushroom", "uv": [ 7.0, 5.0, 9.5, 5.5 ] },
								"south": { "texture": "#friedchickenmushroom", "uv": [ 9.5, 5.5, 12.0, 6.0 ] },
								"west": { "texture": "#friedchickenmushroom", "uv": [ 9.0, 7.0, 11.5, 7.5 ] },
								"up": { "texture": "#friedchickenmushroom", "uv": [ 4.0, 3.0, 6.5, 5.5 ] },
								"down": { "texture": "#friedchickenmushroom", "uv": [ 9.0, 10.0, 11.5, 12.5 ] }
							}
						},
						{
							"name": "stem23",
							"from": [ 0.0, 0.8, 0.1 ],
							"to": [ 1.0, 2.3, 1.1 ],
							"rotationOrigin": [ 0.5, 0.8, 0.6 ],
							"rotationX": -28.0,
							"rotationZ": 0.1,
							"faces": {
								"north": { "texture": "#friedchickenmushroom", "uv": [ 5.5, 14.0, 6.5, 15.5 ] },
								"east": { "texture": "#friedchickenmushroom", "uv": [ 4.5, 11.0, 5.5, 12.5 ] },
								"south": { "texture": "#friedchickenmushroom", "uv": [ 7.5, 10.5, 8.5, 12.0 ] },
								"west": { "texture": "#friedchickenmushroom", "uv": [ 13.0, 12.0, 14.0, 13.5 ] }
							}
						}
					]
				},
				{
					"name": "medium small24",
					"from": [ 7.5, -0.3, 10.3 ],
					"to": [ 8.0, 0.7, 10.8 ],
					"rotationOrigin": [ 7.7, -0.3, 10.6 ],
					"rotationY": 42.0,
					"rotationZ": 25.0,
					"faces": {
						"north": { "texture": "#friedchickenmushroom", "uv": [ 1.0, 14.0, 1.5, 15.0 ] },
						"east": { "texture": "#friedchickenmushroom", "uv": [ 14.0, 14.0, 14.5, 15.0 ] },
						"south": { "texture": "#friedchickenmushroom", "uv": [ 7.0, 14.0, 7.5, 15.0 ] },
						"west": { "texture": "#friedchickenmushroom", "uv": [ 12.5, 14.0, 13.0, 15.0 ] },
						"down": { "texture": "#friedchickenmushroom", "uv": [ 2.0, 14.0, 2.5, 14.5 ] }
					},
					"children": [
						{
							"name": "stem26",
							"from": [ 0.0, 0.8, 0.0 ],
							"to": [ 0.5, 1.8, 0.5 ],
							"rotationOrigin": [ 0.3, 0.8, 0.2 ],
							"rotationX": -25.0,
							"rotationZ": -6.0,
							"faces": {
								"north": { "texture": "#friedchickenmushroom", "uv": [ 5.0, 10.0, 5.5, 11.0 ] },
								"east": { "texture": "#friedchickenmushroom", "uv": [ 11.5, 14.0, 12.0, 15.0 ] },
								"south": { "texture": "#friedchickenmushroom", "uv": [ 6.5, 14.5, 7.0, 15.5 ] },
								"west": { "texture": "#friedchickenmushroom", "uv": [ 13.5, 13.5, 14.0, 14.5 ] }
							},
							"children": [
								{
									"name": "cap25",
									"from": [ -0.19, 0.8637, -0.3016 ],
									"to": [ 0.81, 1.3637, 0.6984 ],
									"rotationOrigin": [ 0.3076, 0.8637, 0.1984 ],
									"rotationX": -0.309,
									"rotationY": 1.979,
									"rotationZ": 22.004,
									"faces": {
										"north": { "texture": "#friedchickenmushroom", "uv": [ 10.5, 1.5, 11.5, 2.0 ] },
										"east": { "texture": "#friedchickenmushroom", "uv": [ 9.0, 3.0, 10.0, 3.5 ] },
										"south": { "texture": "#friedchickenmushroom", "uv": [ 9.0, 3.0, 10.0, 3.5 ] },
										"west": { "texture": "#friedchickenmushroom", "uv": [ 9.0, 4.5, 10.0, 5.0 ] },
										"up": { "texture": "#friedchickenmushroom", "uv": [ 5.0, 5.0, 6.0, 6.0 ] },
										"down": { "texture": "#friedchickenmushroom", "uv": [ 9.0, 10.0, 10.0, 11.0 ] }
									}
								}
							]
						}
					]
				},
				{
					"name": "tiny",
					"from": [ 5.0, 0.0, 6.5 ],
					"to": [ 6.0, 1.0, 7.5 ],
					"rotationOrigin": [ 5.5, 0.0, 7.0 ],
					"rotationX": -9.0,
					"rotationY": 34.0,
					"rotationZ": 8.0,
					"faces": {
						"north": { "texture": "#friedchickenmushroom", "uv": [ 4.5, 12.0, 5.5, 13.0 ] },
						"east": { "texture": "#friedchickenmushroom", "uv": [ 10.0, 11.0, 11.0, 12.0 ] },
						"south": { "texture": "#friedchickenmushroom", "uv": [ 7.5, 8.0, 8.5, 9.0 ] },
						"west": { "texture": "#friedchickenmushroom", "uv": [ 9.0, 9.0, 10.0, 10.0 ] },
						"down": { "texture": "#friedchickenmushroom", "uv": [ 2.0, 14.0, 3.0, 15.0 ] }
					},
					"children": [
						{
							"name": "cap2",
							"from": [ -0.5, 1.0, -0.5 ],
							"to": [ 1.5, 1.5, 1.5 ],
							"rotationOrigin": [ 0.5, 1.0, 0.5 ],
							"faces": {
								"up": { "texture": "#friedchickenmushroom", "uv": [ 8.0, 4.0, 10.0, 6.0 ] },
								"down": { "texture": "#friedchickenmushroom", "uv": [ 9.5, 9.0, 11.5, 11.0 ] }
							},
							"children": [
								{
									"name": "cap18",
									"from": [ 0.0, 0.0, -0.5 ],
									"to": [ 2.0, 0.5, 0.0 ],
									"rotationOrigin": [ 1.0, 0.5, 0.0 ],
									"rotationX": -17.0,
									"rotationY": 0.0,
									"rotationZ": 0.0,
									"faces": {
										"north": { "texture": "#friedchickenmushroom", "uv": [ 8.5, 5.5, 10.5, 6.0 ] },
										"east": { "texture": "#friedchickenmushroom", "uv": [ 6.0, 3.0, 6.5, 3.5 ] },
										"west": { "texture": "#friedchickenmushroom", "uv": [ 5.0, 5.0, 5.5, 5.5 ] },
										"up": { "texture": "#friedchickenmushroom", "uv": [ 8.0, 4.0, 10.0, 4.5 ] },
										"down": { "texture": "#friedchickenmushroom", "uv": [ 12.0, 12.0, 14.0, 12.5 ] }
									}
								},
								{
									"name": "cap17",
									"from": [ 2.0, 0.0, 0.0 ],
									"to": [ 2.5, 0.5, 2.0 ],
									"rotationOrigin": [ 2.0, 0.5, 1.0 ],
									"rotationZ": -18.0,
									"faces": {
										"north": { "texture": "#friedchickenmushroom", "uv": [ 10.0, 6.0, 10.5, 6.5 ] },
										"east": { "texture": "#friedchickenmushroom", "uv": [ 6.5, 3.0, 8.5, 3.5 ] },
										"south": { "texture": "#friedchickenmushroom", "uv": [ 8.0, 4.5, 8.5, 5.0 ] },
										"up": { "texture": "#friedchickenmushroom", "uv": [ 8.0, 4.0, 8.5, 6.0 ] },
										"down": { "texture": "#friedchickenmushroom", "uv": [ 14.0, 10.5, 14.5, 12.5 ] }
									}
								},
								{
									"name": "cap19",
									"from": [ 0.0, 0.0, 2.0 ],
									"to": [ 2.0, 0.5, 2.5 ],
									"rotationOrigin": [ 1.0, 0.5, 2.0 ],
									"rotationX": 18.0,
									"faces": {
										"east": { "texture": "#friedchickenmushroom", "uv": [ 5.5, 6.0, 6.0, 6.5 ] },
										"south": { "texture": "#friedchickenmushroom", "uv": [ 6.0, 6.5, 8.0, 7.0 ] },
										"west": { "texture": "#friedchickenmushroom", "uv": [ 4.0, 3.0, 4.5, 3.5 ] },
										"up": { "texture": "#friedchickenmushroom", "uv": [ 8.0, 2.0, 10.0, 2.5 ] },
										"down": { "texture": "#friedchickenmushroom", "uv": [ 10.5, 12.0, 12.5, 12.5 ] }
									}
								},
								{
									"name": "cap20",
									"from": [ -0.5, 0.0, 0.0 ],
									"to": [ 0.0, 0.5, 2.0 ],
									"rotationOrigin": [ 0.0, 0.5, 1.0 ],
									"rotationZ": 18.0,
									"faces": {
										"north": { "texture": "#friedchickenmushroom", "uv": [ 10.5, 6.5, 11.0, 7.0 ] },
										"south": { "texture": "#friedchickenmushroom", "uv": [ 8.0, 2.5, 8.5, 3.0 ] },
										"west": { "texture": "#friedchickenmushroom", "uv": [ 8.0, 4.0, 10.0, 4.5 ] },
										"up": { "texture": "#friedchickenmushroom", "uv": [ 8.0, 4.0, 8.5, 6.0 ] },
										"down": { "texture": "#friedchickenmushroom", "uv": [ 11.5, 10.5, 12.0, 12.5 ] }
									}
								}
							]
						}
					]
				},
				{
					"name": "tiny20",
					"from": [ 5.0, 0.0, 9.0 ],
					"to": [ 6.0, 0.5, 10.0 ],
					"rotationOrigin": [ 5.5, 0.0, 9.5 ],
					"rotationY": -39.0,
					"faces": {
						"north": { "texture": "#friedchickenmushroom", "uv": [ 3.0, 13.0, 4.0, 13.5 ] },
						"east": { "texture": "#friedchickenmushroom", "uv": [ 8.5, 9.5, 9.5, 10.0 ] },
						"south": { "texture": "#friedchickenmushroom", "uv": [ 5.0, 8.5, 6.0, 9.0 ] },
						"west": { "texture": "#friedchickenmushroom", "uv": [ 9.0, 9.0, 10.0, 9.5 ] },
						"down": { "texture": "#friedchickenmushroom", "uv": [ 2.0, 14.0, 3.0, 15.0 ] }
					},
					"children": [
						{
							"name": "cap6",
							"from": [ -0.2, 0.5, -0.2 ],
							"to": [ 1.3, 1.0, 1.3 ],
							"rotationOrigin": [ 0.5, 0.5, 0.5 ],
							"faces": {
								"north": { "texture": "#friedchickenmushroom", "uv": [ 4.0, 4.0, 5.5, 4.5 ] },
								"east": { "texture": "#friedchickenmushroom", "uv": [ 4.0, 3.5, 5.5, 4.0 ] },
								"south": { "texture": "#friedchickenmushroom", "uv": [ 5.5, 5.5, 7.0, 6.0 ] },
								"west": { "texture": "#friedchickenmushroom", "uv": [ 5.0, 6.0, 6.5, 6.5 ] },
								"up": { "texture": "#friedchickenmushroom", "uv": [ 13.0, 4.0, 14.5, 5.5 ] },
								"down": { "texture": "#friedchickenmushroom", "uv": [ 9.0, 10.5, 10.5, 12.0 ] }
							}
						}
					]
				},
				{
					"name": "single voxel",
					"from": [ 1.9, 0.0, 4.2 ],
					"to": [ 2.9, 0.5, 5.2 ],
					"rotationOrigin": [ 2.5, 0.0, 4.8 ],
					"rotationY": -16.0,
					"faces": {
						"north": { "texture": "#friedchickenmushroom", "uv": [ 7.5, 6.0, 8.5, 6.5 ] },
						"east": { "texture": "#friedchickenmushroom", "uv": [ 10.0, 6.0, 11.0, 6.5 ] },
						"south": { "texture": "#friedchickenmushroom", "uv": [ 6.5, 6.0, 7.5, 6.5 ] },
						"west": { "texture": "#friedchickenmushroom", "uv": [ 6.0, 6.0, 7.0, 6.5 ] },
						"up": { "texture": "#friedchickenmushroom", "uv": [ 4.0, 5.5, 5.0, 6.5 ] },
						"down": { "texture": "#friedchickenmushroom", "uv": [ 11.0, 8.0, 12.0, 9.0 ] }
					}
				},
				{
					"name": "single voxel27",
					"from": [ 11.2, 0.0, 8.6 ],
					"to": [ 12.2, 0.5, 9.6 ],
					"rotationOrigin": [ 11.8, 0.0, 9.1 ],
					"rotationY": 20.0,
					"faces": {
						"north": { "texture": "#friedchickenmushroom", "uv": [ 12.0, 3.0, 13.0, 3.5 ] },
						"east": { "texture": "#friedchickenmushroom", "uv": [ 7.0, 2.0, 8.0, 2.5 ] },
						"south": { "texture": "#friedchickenmushroom", "uv": [ 10.0, 1.0, 11.0, 1.5 ] },
						"west": { "texture": "#friedchickenmushroom", "uv": [ 7.0, 4.0, 8.0, 4.5 ] },
						"up": { "texture": "#friedchickenmushroom", "uv": [ 0.0, 2.0, 1.0, 3.0 ] },
						"down": { "texture": "#friedchickenmushroom", "uv": [ 6.0, 7.0, 7.0, 8.0 ] }
					}
				},
				{
					"name": "single voxel25",
					"from": [ 11.0, 0.0, 13.0 ],
					"to": [ 12.0, 0.5, 14.0 ],
					"rotationOrigin": [ 11.5, 0.0, 13.5 ],
					"rotationY": 20.0,
					"faces": {
						"north": { "texture": "#friedchickenmushroom", "uv": [ 12.0, 3.0, 13.0, 3.5 ] },
						"east": { "texture": "#friedchickenmushroom", "uv": [ 7.0, 2.0, 8.0, 2.5 ] },
						"south": { "texture": "#friedchickenmushroom", "uv": [ 10.0, 1.0, 11.0, 1.5 ] },
						"west": { "texture": "#friedchickenmushroom", "uv": [ 7.0, 4.0, 8.0, 4.5 ] },
						"up": { "texture": "#friedchickenmushroom", "uv": [ 0.0, 2.0, 1.0, 3.0 ] },
						"down": { "texture": "#friedchickenmushroom", "uv": [ 6.0, 7.0, 7.0, 8.0 ] }
					}
				},
				{
					"name": "medium small33",
					"from": [ 3.3, -0.2, 10.3 ],
					"to": [ 4.3, 1.3, 11.3 ],
					"rotationOrigin": [ 3.8, -0.2, 10.8 ],
					"rotationX": 6.0,
					"rotationZ": 6.0,
					"faces": {
						"north": { "texture": "#friedchickenmushroom", "uv": [ 1.0, 14.0, 2.0, 15.5 ] },
						"east": { "texture": "#friedchickenmushroom", "uv": [ 11.5, 13.0, 12.5, 14.5 ] },
						"south": { "texture": "#friedchickenmushroom", "uv": [ 5.0, 14.0, 6.0, 15.5 ] },
						"west": { "texture": "#friedchickenmushroom", "uv": [ 12.5, 14.5, 13.5, 16.0 ] },
						"down": { "texture": "#friedchickenmushroom", "uv": [ 2.0, 14.0, 3.0, 15.0 ] }
					},
					"children": [
						{
							"name": "stem34",
							"from": [ -0.1, 1.1, 0.0 ],
							"to": [ 0.9, 2.6, 1.0 ],
							"rotationOrigin": [ 0.4, 1.1, 0.5 ],
							"rotationX": -8.0,
							"rotationZ": -25.0,
							"faces": {
								"north": { "texture": "#friedchickenmushroom", "uv": [ 6.0, 14.5, 7.0, 16.0 ] },
								"east": { "texture": "#friedchickenmushroom", "uv": [ 3.5, 10.0, 4.5, 11.5 ] },
								"south": { "texture": "#friedchickenmushroom", "uv": [ 6.5, 14.5, 7.5, 16.0 ] },
								"west": { "texture": "#friedchickenmushroom", "uv": [ 13.5, 13.5, 14.5, 15.0 ] }
							},
							"children": [
								{
									"name": "cap35",
									"from": [ -0.8, 1.3, -0.65 ],
									"to": [ 1.7, 1.8, 1.85 ],
									"rotationOrigin": [ 0.5024, 1.3016, 0.5519 ],
									"rotationX": 11.0,
									"rotationZ": 3.0,
									"faces": {
										"north": { "texture": "#friedchickenmushroom", "uv": [ 13.0, 3.0, 15.5, 3.5 ] },
										"east": { "texture": "#friedchickenmushroom", "uv": [ 9.0, 7.0, 11.5, 7.5 ] },
										"south": { "texture": "#friedchickenmushroom", "uv": [ 10.0, 7.5, 12.5, 8.0 ] },
										"west": { "texture": "#friedchickenmushroom", "uv": [ 9.0, 7.0, 11.5, 7.5 ] },
										"up": { "texture": "#friedchickenmushroom", "uv": [ 3.0, 3.0, 5.5, 5.5 ] },
										"down": { "texture": "#friedchickenmushroom", "uv": [ 8.5, 9.5, 11.0, 12.0 ] }
									}
								}
							]
						}
					]
				}
			]
		}
	]}