{
	"editor": {
		"collapsedPaths": ",Root/support/support2,Root/support/walkway9,Root/Walkway/ChainSupport/ChainSupport13,Root/base/Support1,Root/Walkway/ChainSupport/ChainSupport2/ChainSupport3,Root/walkway,Root/Cube2/walkway,Root/Walkway/ChainSupport/ChainSupport9,Root/support2,Root/Walkway2,Root/Walkway/ChainSupport/ChainSupport5,Root/support1,Root/Walkway3,Root/Cube3,Root/Walkway/ChainSupport/ChainSupport2,Root/Walkway/Chain/ChainSupport,Root/support,Root/Cube2/support,Root/support/support1/support1.2,Root/support/support1,Root/base/Support",
		"allAngles": false,
		"entityTextureMode": false
	},
	"textureWidth": 16,
	"textureHeight": 16,
	"textureSizes": {
		"walkway": [32,32],
		"support": [16,16],
		"bark": [16,16],
		"endp": [16,16],
		"metal": [16,16]
	},
	"textures": {
		"snowcover": "block/liquid/snow/normal1",
		"walkway": "block/plant/bamboo/stem-brown",
		"support": "block/plant/bamboo/stem-brown"
	},
	"elements": [
		{
			"name": "walkway",
			"from": [ 16.0, -1.3, 14.94 ],
			"to": [ 16.0, -1.3, 14.94 ],
			"rotationOrigin": [ 16.0, -1.3, 14.94 ],
			"rotationX": -134.4,
			"rotationZ": 180.0,
			"faces": {
				"north": { "texture": "#walkway", "uv": [ 0.0, 0.0, 1.0, 1.0 ] },
				"east": { "texture": "#walkway", "uv": [ 0.0, 0.0, 1.0, 1.0 ] },
				"south": { "texture": "#walkway", "uv": [ 0.0, 0.0, 1.0, 1.0 ] },
				"west": { "texture": "#walkway", "uv": [ 0.0, 0.0, 1.0, 1.0 ] },
				"up": { "texture": "#walkway", "uv": [ 0.0, 0.0, 1.0, 1.0 ] },
				"down": { "texture": "#walkway", "uv": [ 0.0, 0.0, 1.0, 1.0 ] }
			},
			"children": [
				{
					"name": "walkway1",
					"from": [ 0.02, 0.0, 0.0 ],
					"to": [ 1.52, 1.5, 11.35 ],
					"faces": {
						"north": { "texture": "#walkway", "uv": [ 16.0, 28.0, 20.0, 32.0 ], "autoUv": false },
						"east": { "texture": "#walkway", "uv": [ 3.0, 0.0, 6.0, 16.0 ], "rotation": 90, "autoUv": false },
						"south": { "texture": "#null", "uv": [ 0.0, 0.0, 1.5, 1.5 ], "enabled": false },
						"west": { "texture": "#walkway", "uv": [ 2.0, 0.0, 5.0, 16.0 ], "rotation": 270, "autoUv": false },
						"up": { "texture": "#walkway", "uv": [ 0.0, 0.0, 3.0, 16.0 ], "autoUv": false },
						"down": { "texture": "#walkway", "uv": [ 5.0, 0.0, 8.0, 16.0 ], "autoUv": false }
					},
					"children": [
						{
							"name": "walkway1.1",
							"from": [ 0.0, 0.0, 11.35 ],
							"to": [ 1.5, 1.5, 22.74 ],
							"faces": {
								"north": { "texture": "#null", "uv": [ 0.0, 0.0, 1.5, 1.5 ], "enabled": false },
								"east": { "texture": "#walkway", "uv": [ 0.0, 8.0, 3.0, 24.0 ], "rotation": 90, "autoUv": false },
								"south": { "texture": "#walkway", "uv": [ 16.0, 28.0, 20.0, 32.0 ], "autoUv": false },
								"west": { "texture": "#walkway", "uv": [ 0.0, 8.0, 3.0, 24.0 ], "rotation": 270, "autoUv": false },
								"up": { "texture": "#walkway", "uv": [ 0.0, 8.0, 3.0, 24.0 ], "autoUv": false },
								"down": { "texture": "#walkway", "uv": [ 0.0, 8.0, 3.0, 24.0 ], "autoUv": false }
							}
						}
					]
				},
				{
					"name": "walkway2",
					"from": [ 2.057, 0.0, 0.0 ],
					"to": [ 3.557, 1.5, 11.35 ],
					"rotationOrigin": [ 2.0, 0.0, 0.0 ],
					"faces": {
						"north": { "texture": "#walkway", "uv": [ 16.0, 28.0, 20.0, 32.0 ], "autoUv": false },
						"east": { "texture": "#walkway", "uv": [ 0.0, 1.0, 3.0, 17.0 ], "rotation": 90, "autoUv": false },
						"south": { "texture": "#null", "uv": [ 0.0, 0.0, 1.5, 1.5 ], "enabled": false },
						"west": { "texture": "#walkway", "uv": [ 0.0, 1.0, 3.0, 17.0 ], "rotation": 270, "autoUv": false },
						"up": { "texture": "#walkway", "uv": [ 0.0, 1.0, 3.0, 17.0 ], "autoUv": false },
						"down": { "texture": "#walkway", "uv": [ 0.0, 1.0, 3.0, 17.0 ], "autoUv": false }
					},
					"children": [
						{
							"name": "walkway2.1",
							"from": [ 0.0, 0.0, 11.35 ],
							"to": [ 1.5, 1.5, 22.74 ],
							"faces": {
								"north": { "texture": "#null", "uv": [ 0.0, 0.0, 1.5, 1.5 ], "enabled": false },
								"east": { "texture": "#walkway", "uv": [ 0.0, 12.0, 16.0, 15.0 ], "autoUv": false },
								"south": { "texture": "#walkway", "uv": [ 16.0, 28.0, 20.0, 32.0 ], "autoUv": false },
								"west": { "texture": "#walkway", "uv": [ 0.0, 12.0, 16.0, 15.0 ], "autoUv": false },
								"up": { "texture": "#walkway", "uv": [ 0.0, 12.0, 16.0, 15.0 ], "rotation": 90, "autoUv": false },
								"down": { "texture": "#walkway", "uv": [ 0.0, 12.0, 16.0, 15.0 ], "rotation": 90, "autoUv": false }
							}
						}
					]
				},
				{
					"name": "walkway3",
					"from": [ 4.12, 0.0, 0.0 ],
					"to": [ 5.62, 1.5, 11.35 ],
					"rotationOrigin": [ 2.0, 0.0, 0.0 ],
					"faces": {
						"north": { "texture": "#walkway", "uv": [ 16.0, 28.0, 20.0, 32.0 ], "autoUv": false },
						"east": { "texture": "#walkway", "uv": [ 0.0, 1.0, 16.0, 4.0 ], "autoUv": false },
						"south": { "texture": "#null", "uv": [ 0.0, 0.0, 1.5, 1.5 ], "enabled": false },
						"west": { "texture": "#walkway", "uv": [ 0.0, 1.0, 16.0, 4.0 ], "autoUv": false },
						"up": { "texture": "#walkway", "uv": [ 0.0, 1.0, 16.0, 4.0 ], "rotation": 90, "autoUv": false },
						"down": { "texture": "#walkway", "uv": [ 0.0, 1.0, 16.0, 4.0 ], "rotation": 90, "autoUv": false }
					},
					"children": [
						{
							"name": "walkway3.1",
							"from": [ 0.0, 0.0, 11.35 ],
							"to": [ 1.5, 1.5, 22.74 ],
							"faces": {
								"north": { "texture": "#null", "uv": [ 0.0, 0.0, 1.5, 1.5 ], "enabled": false },
								"east": { "texture": "#walkway", "uv": [ 0.0, 9.0, 16.0, 12.0 ], "autoUv": false },
								"south": { "texture": "#walkway", "uv": [ 16.0, 28.0, 20.0, 32.0 ], "autoUv": false },
								"west": { "texture": "#walkway", "uv": [ 0.0, 9.0, 16.0, 12.0 ], "autoUv": false },
								"up": { "texture": "#walkway", "uv": [ 0.0, 9.0, 16.0, 12.0 ], "rotation": 270, "autoUv": false },
								"down": { "texture": "#walkway", "uv": [ 0.0, 9.0, 16.0, 12.0 ], "rotation": 90, "autoUv": false }
							}
						}
					]
				},
				{
					"name": "walkway4",
					"from": [ 6.18, 0.0, 0.0 ],
					"to": [ 7.68, 1.5, 11.35 ],
					"rotationOrigin": [ 2.0, 0.0, 0.0 ],
					"faces": {
						"north": { "texture": "#walkway", "uv": [ 16.0, 28.0, 20.0, 32.0 ], "autoUv": false },
						"east": { "texture": "#walkway", "uv": [ 0.0, 8.0, 3.0, 24.0 ], "rotation": 270, "autoUv": false },
						"south": { "texture": "#null", "uv": [ 0.0, 0.0, 1.5, 1.5 ], "enabled": false },
						"west": { "texture": "#walkway", "uv": [ 0.0, 8.0, 3.0, 24.0 ], "rotation": 90, "autoUv": false },
						"up": { "texture": "#walkway", "uv": [ 0.0, 8.0, 3.0, 24.0 ], "rotation": 180, "autoUv": false },
						"down": { "texture": "#walkway", "uv": [ 0.0, 8.0, 3.0, 24.0 ], "rotation": 180, "autoUv": false }
					},
					"children": [
						{
							"name": "walkway4.1",
							"from": [ 0.0, 0.0, 11.35 ],
							"to": [ 1.5, 1.5, 22.74 ],
							"faces": {
								"north": { "texture": "#null", "uv": [ 0.0, 0.0, 1.5, 1.5 ], "enabled": false },
								"east": { "texture": "#walkway", "uv": [ 0.0, 0.0, 3.0, 16.0 ], "rotation": 90, "autoUv": false },
								"south": { "texture": "#walkway", "uv": [ 16.0, 28.0, 20.0, 32.0 ], "autoUv": false },
								"west": { "texture": "#walkway", "uv": [ 0.0, 0.0, 3.0, 16.0 ], "rotation": 270, "autoUv": false },
								"up": { "texture": "#walkway", "uv": [ 0.0, 0.0, 3.0, 16.0 ], "rotation": 180, "autoUv": false },
								"down": { "texture": "#walkway", "uv": [ 0.0, 0.0, 3.0, 16.0 ], "rotation": 180, "autoUv": false }
							}
						}
					]
				},
				{
					"name": "walkway5",
					"from": [ 8.24, 0.0, 0.0 ],
					"to": [ 9.74, 1.5, 11.35 ],
					"rotationOrigin": [ 2.0, 0.0, 0.0 ],
					"faces": {
						"north": { "texture": "#walkway", "uv": [ 16.0, 28.0, 20.0, 32.0 ], "autoUv": false },
						"east": { "texture": "#walkway", "uv": [ 0.0, 5.0, 3.0, 21.0 ], "rotation": 90, "autoUv": false },
						"south": { "texture": "#null", "uv": [ 0.0, 0.0, 1.5, 1.5 ], "enabled": false },
						"west": { "texture": "#walkway", "uv": [ 0.0, 5.0, 3.0, 21.0 ], "rotation": 270, "autoUv": false },
						"up": { "texture": "#walkway", "uv": [ 0.0, 5.0, 3.0, 21.0 ], "autoUv": false },
						"down": { "texture": "#walkway", "uv": [ 0.0, 5.0, 3.0, 21.0 ], "autoUv": false }
					},
					"children": [
						{
							"name": "walkway5.1",
							"from": [ 0.0, 0.0, 11.35 ],
							"to": [ 1.5, 1.5, 22.74 ],
							"faces": {
								"north": { "texture": "#null", "uv": [ 0.0, 0.0, 1.5, 1.5 ], "enabled": false },
								"east": { "texture": "#walkway", "uv": [ 0.0, 12.0, 16.0, 15.0 ], "rotation": 180, "autoUv": false },
								"south": { "texture": "#walkway", "uv": [ 16.0, 28.0, 20.0, 32.0 ], "autoUv": false },
								"west": { "texture": "#walkway", "uv": [ 0.0, 12.0, 16.0, 15.0 ], "autoUv": false },
								"up": { "texture": "#walkway", "uv": [ 0.0, 12.0, 16.0, 15.0 ], "rotation": 90, "autoUv": false },
								"down": { "texture": "#walkway", "uv": [ 0.0, 12.0, 16.0, 15.0 ], "rotation": 90, "autoUv": false }
							}
						}
					]
				},
				{
					"name": "walkway6",
					"from": [ 10.3, 0.0, 0.0 ],
					"to": [ 11.8, 1.5, 11.35 ],
					"rotationOrigin": [ 2.0, 0.0, 0.0 ],
					"faces": {
						"north": { "texture": "#walkway", "uv": [ 16.0, 28.0, 20.0, 32.0 ], "autoUv": false },
						"east": { "texture": "#walkway", "uv": [ 0.0, 12.0, 16.0, 15.0 ], "autoUv": false },
						"south": { "texture": "#null", "uv": [ 0.0, 0.0, 1.5, 1.5 ], "enabled": false },
						"west": { "texture": "#walkway", "uv": [ 0.0, 12.0, 16.0, 15.0 ], "autoUv": false },
						"up": { "texture": "#walkway", "uv": [ 0.0, 12.0, 16.0, 15.0 ], "rotation": 90, "autoUv": false },
						"down": { "texture": "#walkway", "uv": [ 0.0, 12.0, 16.0, 15.0 ], "rotation": 90, "autoUv": false }
					},
					"children": [
						{
							"name": "walkway6.1",
							"from": [ 0.0, 0.0, 11.35 ],
							"to": [ 1.5, 1.5, 22.74 ],
							"faces": {
								"north": { "texture": "#null", "uv": [ 0.0, 0.0, 1.5, 1.5 ], "enabled": false },
								"east": { "texture": "#walkway", "uv": [ 0.0, 6.0, 16.0, 9.0 ], "autoUv": false },
								"south": { "texture": "#walkway", "uv": [ 16.0, 28.0, 20.0, 32.0 ], "autoUv": false },
								"west": { "texture": "#walkway", "uv": [ 0.0, 6.0, 16.0, 9.0 ], "autoUv": false },
								"up": { "texture": "#walkway", "uv": [ 0.0, 6.0, 16.0, 9.0 ], "rotation": 270, "autoUv": false },
								"down": { "texture": "#walkway", "uv": [ 0.0, 6.0, 16.0, 9.0 ], "rotation": 90, "autoUv": false }
							}
						}
					]
				},
				{
					"name": "walkway7",
					"from": [ 12.36, 0.0, 0.0 ],
					"to": [ 13.86, 1.5, 11.35 ],
					"rotationOrigin": [ 2.0, 0.0, 0.0 ],
					"faces": {
						"north": { "texture": "#walkway", "uv": [ 16.0, 28.0, 20.0, 32.0 ], "autoUv": false },
						"east": { "texture": "#walkway", "uv": [ 0.0, 12.0, 16.0, 15.0 ], "autoUv": false },
						"south": { "texture": "#null", "uv": [ 0.0, 0.0, 1.5, 1.5 ], "enabled": false },
						"west": { "texture": "#walkway", "uv": [ 0.0, 12.0, 16.0, 15.0 ], "autoUv": false },
						"up": { "texture": "#walkway", "uv": [ 0.0, 12.0, 16.0, 15.0 ], "rotation": 90, "autoUv": false },
						"down": { "texture": "#walkway", "uv": [ 0.0, 12.0, 16.0, 15.0 ], "rotation": 90, "autoUv": false }
					},
					"children": [
						{
							"name": "walkway7.1",
							"from": [ 0.0, 0.0, 11.35 ],
							"to": [ 1.5, 1.5, 22.74 ],
							"faces": {
								"north": { "texture": "#null", "uv": [ 0.0, 0.0, 1.5, 1.5 ], "enabled": false },
								"east": { "texture": "#walkway", "uv": [ 3.0, 4.0, 6.0, 20.0 ], "rotation": 90, "autoUv": false },
								"south": { "texture": "#walkway", "uv": [ 16.0, 28.0, 20.0, 32.0 ], "autoUv": false },
								"west": { "texture": "#walkway", "uv": [ 3.0, 4.0, 6.0, 20.0 ], "rotation": 270, "autoUv": false },
								"up": { "texture": "#walkway", "uv": [ 3.0, 4.0, 6.0, 20.0 ], "autoUv": false },
								"down": { "texture": "#walkway", "uv": [ 3.0, 4.0, 6.0, 20.0 ], "autoUv": false }
							}
						}
					]
				},
				{
					"name": "walkway8",
					"from": [ 14.48, 0.0, 0.0 ],
					"to": [ 15.98, 1.5, 11.35 ],
					"rotationOrigin": [ 2.0, 0.0, 0.0 ],
					"faces": {
						"north": { "texture": "#walkway", "uv": [ 16.0, 28.0, 20.0, 32.0 ], "rotation": 180, "autoUv": false },
						"east": { "texture": "#walkway", "uv": [ 0.0, 8.0, 16.0, 11.0 ], "rotation": 180, "autoUv": false },
						"south": { "texture": "#null", "uv": [ 0.0, 0.0, 1.5, 1.5 ], "enabled": false },
						"west": { "texture": "#walkway", "uv": [ 0.0, 5.0, 16.0, 8.0 ], "rotation": 180, "autoUv": false },
						"up": { "texture": "#walkway", "uv": [ 0.0, 2.0, 16.0, 5.0 ], "rotation": 270, "autoUv": false },
						"down": { "texture": "#walkway", "uv": [ 0.0, 10.0, 16.0, 13.0 ], "rotation": 90, "autoUv": false }
					},
					"children": [
						{
							"name": "walkway8.1",
							"from": [ 0.0, 0.0, 11.35 ],
							"to": [ 1.5, 1.5, 22.74 ],
							"faces": {
								"north": { "texture": "#null", "uv": [ 0.0, 0.0, 1.5, 1.5 ], "enabled": false },
								"east": { "texture": "#walkway", "uv": [ 0.0, 22.0, 16.0, 25.0 ], "autoUv": false },
								"south": { "texture": "#walkway", "uv": [ 16.0, 28.0, 20.0, 32.0 ], "autoUv": false },
								"west": { "texture": "#walkway", "uv": [ 0.0, 25.0, 16.0, 28.0 ], "rotation": 180, "autoUv": false },
								"up": { "texture": "#walkway", "uv": [ 0.0, 28.0, 16.0, 31.0 ], "rotation": 90, "autoUv": false },
								"down": { "texture": "#walkway", "uv": [ 0.0, 19.0, 16.0, 22.0 ], "rotation": 90, "autoUv": false }
							}
						}
					]
				}
			]
		},
		{
			"name": "support",
			"from": [ 17.0, 12.0, 14.25 ],
			"to": [ 17.0, 12.0, 14.25 ],
			"rotationOrigin": [ 17.0, 12.0, 14.25 ],
			"rotationX": -180.0,
			"rotationZ": -180.0,
			"faces": {
				"north": { "texture": "#walkway", "uv": [ 0.0, 0.0, 1.0, 1.0 ] },
				"east": { "texture": "#walkway", "uv": [ 0.0, 0.0, 1.0, 1.0 ] },
				"south": { "texture": "#walkway", "uv": [ 0.0, 0.0, 1.0, 1.0 ] },
				"west": { "texture": "#walkway", "uv": [ 0.0, 0.0, 1.0, 1.0 ] },
				"up": { "texture": "#walkway", "uv": [ 0.0, 0.0, 1.0, 1.0 ] },
				"down": { "texture": "#walkway", "uv": [ 0.0, 0.0, 1.0, 1.0 ] }
			},
			"children": [
				{
					"name": "support1",
					"from": [ 5.3, -14.65, 2.0 ],
					"to": [ 16.8, -11.65, 5.0 ],
					"rotationOrigin": [ 6.3, -14.65, 2.05 ],
					"rotationX": -45.5,
					"rotationY": -90.0,
					"faces": {
						"north": { "texture": "#support", "uv": [ 0.0, 1.0, 3.0, 12.5 ], "rotation": 270 },
						"east": { "texture": "#null", "uv": [ 0.0, 0.0, 3.0, 3.0 ], "enabled": false },
						"south": { "texture": "#support", "uv": [ 0.0, 1.0, 3.0, 12.5 ], "rotation": 90 },
						"west": { "texture": "#support", "uv": [ 8.0, 11.0, 11.0, 14.0 ] },
						"up": { "texture": "#support", "uv": [ 0.0, 1.0, 3.0, 12.5 ], "rotation": 90 },
						"down": { "texture": "#support", "uv": [ 0.0, 1.0, 3.0, 12.5 ], "rotation": 270 }
					},
					"children": [
						{
							"name": "support1.1",
							"from": [ 11.5, 0.0, 0.0 ],
							"to": [ 22.66, 3.0, 3.0 ],
							"rotationOrigin": [ 13.5, 0.0, 0.0 ],
							"faces": {
								"north": { "texture": "#support", "uv": [ 1.5, 5.0, 4.5, 16.0 ], "rotation": 270 },
								"east": { "texture": "#support", "uv": [ 13.0, 11.0, 16.0, 14.0 ] },
								"south": { "texture": "#support", "uv": [ 1.5, 5.0, 4.5, 16.0 ], "rotation": 90 },
								"west": { "texture": "#null", "uv": [ 0.0, 0.0, 3.0, 3.0 ], "enabled": false },
								"up": { "texture": "#support", "uv": [ 1.5, 5.0, 4.5, 16.0 ], "rotation": 90 },
								"down": { "texture": "#support", "uv": [ 2.0, 5.0, 5.0, 16.0 ], "rotation": 270 }
							}
						},
						{
							"name": "support1.2",
							"from": [ 6.3966, 2.5693, 7.35 ],
							"to": [ 7.3966, 3.5693, 15.35 ],
							"rotationOrigin": [ 6.3966, 2.5693, 6.35 ],
							"rotationX": -180.0,
							"rotationZ": -89.5,
							"faces": {
								"north": { "texture": "#walkway", "uv": [ 16.0, 28.0, 20.0, 32.0 ], "autoUv": false },
								"east": { "texture": "#walkway", "uv": [ 3.0, 0.0, 6.0, 16.0 ], "rotation": 90, "autoUv": false },
								"south": { "texture": "#null", "uv": [ 0.0, 0.0, 1.0, 1.0 ], "enabled": false },
								"west": { "texture": "#walkway", "uv": [ 2.0, 0.0, 5.0, 16.0 ], "rotation": 270, "autoUv": false },
								"up": { "texture": "#walkway", "uv": [ 0.0, 0.0, 3.0, 16.0 ], "autoUv": false },
								"down": { "texture": "#walkway", "uv": [ 5.0, 0.0, 8.0, 16.0 ], "autoUv": false }
							},
							"children": [
								{
									"name": "support1.2.1",
									"from": [ 0.0, 0.0, 8.0 ],
									"to": [ 1.0, 1.0, 16.0 ],
									"faces": {
										"north": { "texture": "#null", "uv": [ 0.0, 0.0, 1.0, 1.0 ], "enabled": false },
										"east": { "texture": "#walkway", "uv": [ 0.0, 8.0, 3.0, 24.0 ], "rotation": 90, "autoUv": false },
										"south": { "texture": "#walkway", "uv": [ 16.0, 28.0, 20.0, 32.0 ], "autoUv": false },
										"west": { "texture": "#walkway", "uv": [ 0.0, 8.0, 3.0, 24.0 ], "rotation": 270, "autoUv": false },
										"up": { "texture": "#walkway", "uv": [ 0.0, 8.0, 3.0, 24.0 ], "autoUv": false },
										"down": { "texture": "#walkway", "uv": [ 0.0, 8.0, 3.0, 24.0 ], "autoUv": false }
									}
								}
							]
						}
					]
				},
				{
					"name": "support2",
					"from": [ 13.6, -14.65, 2.0 ],
					"to": [ 25.1, -11.65, 5.0 ],
					"rotationOrigin": [ 14.6, -14.65, 2.05 ],
					"rotationX": -45.5,
					"rotationY": -90.0,
					"faces": {
						"north": { "texture": "#support", "uv": [ 0.0, 1.0, 3.0, 12.5 ], "rotation": 270 },
						"east": { "texture": "#null", "uv": [ 0.0, 0.0, 3.0, 3.0 ], "enabled": false },
						"south": { "texture": "#support", "uv": [ 0.0, 1.0, 3.0, 12.5 ], "rotation": 90 },
						"west": { "texture": "#support", "uv": [ 13.0, 11.0, 16.0, 14.0 ] },
						"up": { "texture": "#support", "uv": [ 0.0, 1.0, 3.0, 12.5 ], "rotation": 90 },
						"down": { "texture": "#support", "uv": [ 0.0, 1.0, 3.0, 12.5 ], "rotation": 270 }
					},
					"children": [
						{
							"name": "support2.1",
							"from": [ 11.5, 0.0, 0.0 ],
							"to": [ 22.66, 3.0, 3.0 ],
							"rotationOrigin": [ 10.5, 0.0, 0.0 ],
							"faces": {
								"north": { "texture": "#support", "uv": [ 1.5, 5.0, 4.5, 16.0 ], "rotation": 270 },
								"east": { "texture": "#support", "uv": [ 10.5, 11.0, 13.5, 14.0 ] },
								"south": { "texture": "#support", "uv": [ 1.5, 5.0, 4.5, 16.0 ], "rotation": 90 },
								"west": { "texture": "#null", "uv": [ 0.0, 0.0, 3.0, 3.0 ], "enabled": false },
								"up": { "texture": "#support", "uv": [ 1.5, 5.0, 4.5, 16.0 ], "rotation": 90 },
								"down": { "texture": "#support", "uv": [ 2.0, 5.0, 5.0, 16.0 ], "rotation": 270 }
							}
						},
						{
							"name": "support2.2",
							"from": [ 17.0, 2.5693, 15.65 ],
							"to": [ 18.0, 3.5693, 23.65 ],
							"rotationOrigin": [ 16.9966, 2.5693, 14.65 ],
							"rotationX": -180.0,
							"rotationZ": -89.5,
							"faces": {
								"north": { "texture": "#walkway", "uv": [ 16.0, 28.0, 20.0, 32.0 ], "autoUv": false },
								"east": { "texture": "#walkway", "uv": [ 3.0, 0.0, 6.0, 16.0 ], "rotation": 90, "autoUv": false },
								"south": { "texture": "#null", "uv": [ 0.0, 0.0, 1.0, 1.0 ], "enabled": false },
								"west": { "texture": "#walkway", "uv": [ 2.0, 0.0, 5.0, 16.0 ], "rotation": 270, "autoUv": false },
								"up": { "texture": "#walkway", "uv": [ 0.0, 0.0, 3.0, 16.0 ], "autoUv": false },
								"down": { "texture": "#walkway", "uv": [ 5.0, 0.0, 8.0, 16.0 ], "autoUv": false }
							},
							"children": [
								{
									"name": "support2.2.1",
									"from": [ 0.0, 0.0, 8.0 ],
									"to": [ 1.0, 1.0, 16.0 ],
									"faces": {
										"north": { "texture": "#null", "uv": [ 0.0, 0.0, 1.0, 1.0 ], "enabled": false },
										"east": { "texture": "#walkway", "uv": [ 0.0, 8.0, 3.0, 24.0 ], "rotation": 90, "autoUv": false },
										"south": { "texture": "#walkway", "uv": [ 16.0, 28.0, 20.0, 32.0 ], "autoUv": false },
										"west": { "texture": "#walkway", "uv": [ 0.0, 8.0, 3.0, 24.0 ], "rotation": 270, "autoUv": false },
										"up": { "texture": "#walkway", "uv": [ 0.0, 8.0, 3.0, 24.0 ], "autoUv": false },
										"down": { "texture": "#walkway", "uv": [ 0.0, 8.0, 3.0, 24.0 ], "autoUv": false }
									}
								}
							]
						}
					]
				}
			]
		},
		{
			"name": "snow",
			"from": [ 0.0, 0.0, 16.0 ],
			"to": [ 1.0, 1.5, 32.0 ],
			"rotationOrigin": [ 0.0, 0.0, 16.0 ],
			"rotationY": 90.0,
			"faces": {
				"north": { "texture": "#snowcover", "uv": [ 0.0, 0.0, 1.0, 1.0 ] },
				"east": { "texture": "#snowcover", "uv": [ 0.0, 0.0, 16.0, 1.0 ] },
				"south": { "texture": "#snowcover", "uv": [ 0.0, 0.0, 1.0, 1.0 ] },
				"west": { "texture": "#snowcover", "uv": [ 0.0, 0.0, 16.0, 1.0 ] },
				"up": { "texture": "#snowcover", "uv": [ 0.0, 0.0, 1.0, 16.0 ], "rotation": 180 },
				"down": { "texture": "#snowcover", "uv": [ 0.0, 0.0, 1.0, 16.0 ], "autoUv": false, "windMode": [-1,-1,-1,-1] }
			},
			"children": [
				{
					"name": "snow2",
					"from": [ 1.0, 0.8, 0.0 ],
					"to": [ 2.0, 2.3, 16.0 ],
					"rotationOrigin": [ 1.0, 0.8, 0.0 ],
					"faces": {
						"north": { "texture": "#snowcover", "uv": [ 0.0, 0.0, 1.0, 1.0 ] },
						"east": { "texture": "#snowcover", "uv": [ 0.0, 0.0, 16.0, 1.0 ] },
						"south": { "texture": "#snowcover", "uv": [ 0.0, 0.0, 1.0, 1.0 ] },
						"west": { "texture": "#snowcover", "uv": [ 0.0, 0.0, 16.0, 1.0 ] },
						"up": { "texture": "#snowcover", "uv": [ 0.0, 0.0, 1.0, 16.0 ], "rotation": 180 },
						"down": { "texture": "#snowcover", "uv": [ 0.0, 0.0, 1.0, 16.0 ], "autoUv": false, "windMode": [-1,-1,-1,-1] }
					}
				},
				{
					"name": "snow3",
					"from": [ 2.0, 1.8, 0.0 ],
					"to": [ 3.0, 3.3, 16.0 ],
					"rotationOrigin": [ 2.0, 1.8, 0.0 ],
					"faces": {
						"north": { "texture": "#snowcover", "uv": [ 0.0, 0.0, 1.0, 1.0 ] },
						"east": { "texture": "#snowcover", "uv": [ 0.0, 0.0, 16.0, 1.0 ] },
						"south": { "texture": "#snowcover", "uv": [ 0.0, 0.0, 1.0, 1.0 ] },
						"west": { "texture": "#snowcover", "uv": [ 0.0, 0.0, 16.0, 1.0 ] },
						"up": { "texture": "#snowcover", "uv": [ 0.0, 0.0, 1.0, 16.0 ], "rotation": 180 },
						"down": { "texture": "#snowcover", "uv": [ 0.0, 0.0, 1.0, 16.0 ], "autoUv": false, "windMode": [-1,-1,-1,-1] }
					},
					"children": [
						{
							"name": "snow4",
							"from": [ 1.0, 0.8, 0.0 ],
							"to": [ 2.0, 2.3, 16.0 ],
							"rotationOrigin": [ 1.0, 0.8, 0.0 ],
							"faces": {
								"north": { "texture": "#snowcover", "uv": [ 0.0, 0.0, 1.0, 1.0 ] },
								"east": { "texture": "#snowcover", "uv": [ 0.0, 0.0, 16.0, 1.0 ] },
								"south": { "texture": "#snowcover", "uv": [ 0.0, 0.0, 1.0, 1.0 ] },
								"west": { "texture": "#snowcover", "uv": [ 0.0, 0.0, 16.0, 1.0 ] },
								"up": { "texture": "#snowcover", "uv": [ 0.0, 0.0, 1.0, 16.0 ], "rotation": 180 },
								"down": { "texture": "#snowcover", "uv": [ 0.0, 0.0, 1.0, 16.0 ], "autoUv": false, "windMode": [-1,-1,-1,-1] }
							}
						}
					]
				},
				{
					"name": "snow5",
					"from": [ 4.0, 3.8, 0.0 ],
					"to": [ 5.0, 5.3, 16.0 ],
					"rotationOrigin": [ 4.0, 3.8, 0.0 ],
					"faces": {
						"north": { "texture": "#snowcover", "uv": [ 0.0, 0.0, 1.0, 1.5 ] },
						"east": { "texture": "#snowcover", "uv": [ 0.0, 0.0, 16.0, 1.5 ] },
						"south": { "texture": "#snowcover", "uv": [ 0.0, 0.0, 1.0, 1.5 ] },
						"west": { "texture": "#snowcover", "uv": [ 0.0, 0.0, 16.0, 1.5 ] },
						"up": { "texture": "#snowcover", "uv": [ 0.0, 0.0, 1.0, 16.0 ], "rotation": 180 },
						"down": { "texture": "#snowcover", "uv": [ 0.0, 0.0, 1.0, 16.0 ], "autoUv": false, "windMode": [-1,-1,-1,-1] }
					},
					"children": [
						{
							"name": "snow6",
							"from": [ 1.0, 0.8, 0.0 ],
							"to": [ 2.0, 2.3, 16.0 ],
							"rotationOrigin": [ 1.0, 0.8, 0.0 ],
							"faces": {
								"north": { "texture": "#snowcover", "uv": [ 0.0, 0.0, 1.0, 1.0 ] },
								"east": { "texture": "#snowcover", "uv": [ 0.0, 0.0, 16.0, 1.0 ] },
								"south": { "texture": "#snowcover", "uv": [ 0.0, 0.0, 1.0, 1.0 ] },
								"west": { "texture": "#snowcover", "uv": [ 0.0, 0.0, 16.0, 1.0 ] },
								"up": { "texture": "#snowcover", "uv": [ 0.0, 0.0, 1.0, 16.0 ], "rotation": 180 },
								"down": { "texture": "#snowcover", "uv": [ 0.0, 0.0, 1.0, 16.0 ], "autoUv": false, "windMode": [-1,-1,-1,-1] }
							}
						}
					]
				},
				{
					"name": "snow7",
					"from": [ 6.0, 5.8, 0.0 ],
					"to": [ 7.0, 7.3, 16.0 ],
					"rotationOrigin": [ 6.0, 5.8, 0.0 ],
					"faces": {
						"north": { "texture": "#snowcover", "uv": [ 0.0, 0.0, 1.0, 1.0 ] },
						"east": { "texture": "#snowcover", "uv": [ 0.0, 0.0, 16.0, 1.0 ] },
						"south": { "texture": "#snowcover", "uv": [ 0.0, 0.0, 1.0, 1.0 ] },
						"west": { "texture": "#snowcover", "uv": [ 0.0, 0.0, 16.0, 1.0 ] },
						"up": { "texture": "#snowcover", "uv": [ 0.0, 0.0, 1.0, 16.0 ], "rotation": 180 },
						"down": { "texture": "#snowcover", "uv": [ 0.0, 0.0, 1.0, 16.0 ], "autoUv": false, "windMode": [-1,-1,-1,-1] }
					},
					"children": [
						{
							"name": "snow8",
							"from": [ 1.0, 0.8, 0.0 ],
							"to": [ 2.0, 2.3, 16.0 ],
							"rotationOrigin": [ 1.0, 0.8, 0.0 ],
							"faces": {
								"north": { "texture": "#snowcover", "uv": [ 0.0, 0.0, 1.0, 1.0 ] },
								"east": { "texture": "#snowcover", "uv": [ 0.0, 0.0, 16.0, 1.0 ] },
								"south": { "texture": "#snowcover", "uv": [ 0.0, 0.0, 1.0, 1.0 ] },
								"west": { "texture": "#snowcover", "uv": [ 0.0, 0.0, 16.0, 1.0 ] },
								"up": { "texture": "#snowcover", "uv": [ 0.0, 0.0, 1.0, 16.0 ], "rotation": 180 },
								"down": { "texture": "#snowcover", "uv": [ 0.0, 0.0, 1.0, 16.0 ], "autoUv": false, "windMode": [-1,-1,-1,-1] }
							}
						}
					]
				},
				{
					"name": "snow9",
					"from": [ 8.0, 7.8, 0.0 ],
					"to": [ 9.0, 9.3, 16.0 ],
					"rotationOrigin": [ 8.0, 7.8, 0.0 ],
					"faces": {
						"north": { "texture": "#snowcover", "uv": [ 0.0, 0.0, 1.0, 1.0 ] },
						"east": { "texture": "#snowcover", "uv": [ 0.0, 0.0, 16.0, 1.0 ] },
						"south": { "texture": "#snowcover", "uv": [ 0.0, 0.0, 1.0, 1.0 ] },
						"west": { "texture": "#snowcover", "uv": [ 0.0, 0.0, 16.0, 1.0 ] },
						"up": { "texture": "#snowcover", "uv": [ 0.0, 0.0, 1.0, 16.0 ], "rotation": 180 },
						"down": { "texture": "#snowcover", "uv": [ 0.0, 0.0, 1.0, 16.0 ], "autoUv": false, "windMode": [-1,-1,-1,-1] }
					},
					"children": [
						{
							"name": "snow10",
							"from": [ 1.0, 0.8, 0.0 ],
							"to": [ 2.0, 2.3, 16.0 ],
							"rotationOrigin": [ 1.0, 0.8, 0.0 ],
							"faces": {
								"north": { "texture": "#snowcover", "uv": [ 0.0, 0.0, 1.0, 1.0 ] },
								"east": { "texture": "#snowcover", "uv": [ 0.0, 0.0, 16.0, 1.0 ] },
								"south": { "texture": "#snowcover", "uv": [ 0.0, 0.0, 1.0, 1.0 ] },
								"west": { "texture": "#snowcover", "uv": [ 0.0, 0.0, 16.0, 1.0 ] },
								"up": { "texture": "#snowcover", "uv": [ 0.0, 0.0, 1.0, 16.0 ], "rotation": 180 },
								"down": { "texture": "#snowcover", "uv": [ 0.0, 0.0, 1.0, 16.0 ], "autoUv": false, "windMode": [-1,-1,-1,-1] }
							}
						}
					]
				},
				{
					"name": "snow11",
					"from": [ 10.0, 9.8, 0.0 ],
					"to": [ 11.0, 11.3, 16.0 ],
					"rotationOrigin": [ 10.0, 9.8, 0.0 ],
					"faces": {
						"north": { "texture": "#snowcover", "uv": [ 0.0, 0.0, 1.0, 1.0 ] },
						"east": { "texture": "#snowcover", "uv": [ 0.0, 0.0, 16.0, 1.0 ] },
						"south": { "texture": "#snowcover", "uv": [ 0.0, 0.0, 1.0, 1.0 ] },
						"west": { "texture": "#snowcover", "uv": [ 0.0, 0.0, 16.0, 1.0 ] },
						"up": { "texture": "#snowcover", "uv": [ 0.0, 0.0, 1.0, 16.0 ], "rotation": 180 },
						"down": { "texture": "#snowcover", "uv": [ 0.0, 0.0, 1.0, 16.0 ], "autoUv": false, "windMode": [-1,-1,-1,-1] }
					},
					"children": [
						{
							"name": "snow12",
							"from": [ 1.0, 0.8, 0.0 ],
							"to": [ 2.0, 2.3, 16.0 ],
							"rotationOrigin": [ 1.0, 0.8, 0.0 ],
							"faces": {
								"north": { "texture": "#snowcover", "uv": [ 0.0, 0.0, 1.0, 1.0 ] },
								"east": { "texture": "#snowcover", "uv": [ 0.0, 0.0, 16.0, 1.0 ] },
								"south": { "texture": "#snowcover", "uv": [ 0.0, 0.0, 1.0, 1.0 ] },
								"west": { "texture": "#snowcover", "uv": [ 0.0, 0.0, 16.0, 1.0 ] },
								"up": { "texture": "#snowcover", "uv": [ 0.0, 0.0, 1.0, 16.0 ], "rotation": 180 },
								"down": { "texture": "#snowcover", "uv": [ 0.0, 0.0, 1.0, 16.0 ], "autoUv": false, "windMode": [-1,-1,-1,-1] }
							}
						}
					]
				},
				{
					"name": "snow13",
					"from": [ 12.0, 11.8, 0.0 ],
					"to": [ 13.0, 13.3, 16.0 ],
					"rotationOrigin": [ 12.0, 11.8, 0.0 ],
					"faces": {
						"north": { "texture": "#snowcover", "uv": [ 0.0, 0.0, 1.0, 1.0 ] },
						"east": { "texture": "#snowcover", "uv": [ 0.0, 0.0, 16.0, 1.0 ] },
						"south": { "texture": "#snowcover", "uv": [ 0.0, 0.0, 1.0, 1.0 ] },
						"west": { "texture": "#snowcover", "uv": [ 0.0, 0.0, 16.0, 1.0 ] },
						"up": { "texture": "#snowcover", "uv": [ 0.0, 0.0, 1.0, 16.0 ], "rotation": 180 },
						"down": { "texture": "#snowcover", "uv": [ 0.0, 0.0, 1.0, 16.0 ], "autoUv": false, "windMode": [-1,-1,-1,-1] }
					},
					"children": [
						{
							"name": "snow14",
							"from": [ 1.0, 0.8, 0.0 ],
							"to": [ 2.0, 2.3, 16.0 ],
							"rotationOrigin": [ 1.0, 0.8, 0.0 ],
							"faces": {
								"north": { "texture": "#snowcover", "uv": [ 0.0, 0.0, 1.0, 1.0 ] },
								"east": { "texture": "#snowcover", "uv": [ 0.0, 0.0, 16.0, 1.0 ] },
								"south": { "texture": "#snowcover", "uv": [ 0.0, 0.0, 1.0, 1.0 ] },
								"west": { "texture": "#snowcover", "uv": [ 0.0, 0.0, 16.0, 1.0 ] },
								"up": { "texture": "#snowcover", "uv": [ 0.0, 0.0, 1.0, 16.0 ], "rotation": 180 },
								"down": { "texture": "#snowcover", "uv": [ 0.0, 0.0, 1.0, 16.0 ], "autoUv": false, "windMode": [-1,-1,-1,-1] }
							}
						}
					]
				},
				{
					"name": "snow15",
					"from": [ 14.0, 13.8, 0.0 ],
					"to": [ 15.0, 15.3, 16.0 ],
					"rotationOrigin": [ 14.0, 13.8, 0.0 ],
					"faces": {
						"north": { "texture": "#snowcover", "uv": [ 0.0, 0.0, 1.0, 1.0 ] },
						"east": { "texture": "#snowcover", "uv": [ 0.0, 0.0, 16.0, 1.0 ] },
						"south": { "texture": "#snowcover", "uv": [ 0.0, 0.0, 1.0, 1.0 ] },
						"west": { "texture": "#snowcover", "uv": [ 0.0, 0.0, 16.0, 1.0 ] },
						"up": { "texture": "#snowcover", "uv": [ 0.0, 0.0, 1.0, 16.0 ], "rotation": 180 },
						"down": { "texture": "#snowcover", "uv": [ 0.0, 0.0, 1.0, 16.0 ], "autoUv": false, "windMode": [-1,-1,-1,-1] }
					},
					"children": [
						{
							"name": "snow16",
							"from": [ 1.0, 0.8, 0.0 ],
							"to": [ 2.0, 2.3, 16.0 ],
							"rotationOrigin": [ 1.0, 0.8, 0.0 ],
							"faces": {
								"north": { "texture": "#snowcover", "uv": [ 0.0, 0.0, 1.0, 1.0 ] },
								"east": { "texture": "#snowcover", "uv": [ 0.0, 0.0, 16.0, 1.0 ] },
								"south": { "texture": "#snowcover", "uv": [ 0.0, 0.0, 1.0, 1.0 ] },
								"west": { "texture": "#snowcover", "uv": [ 0.0, 0.0, 16.0, 1.0 ] },
								"up": { "texture": "#snowcover", "uv": [ 0.0, 0.0, 1.0, 16.0 ], "rotation": 180 },
								"down": { "texture": "#snowcover", "uv": [ 0.0, 0.0, 1.0, 16.0 ], "autoUv": false, "windMode": [-1,-1,-1,-1] }
							}
						}
					]
				},
				{
					"name": "cover",
					"from": [ 0.01, -1.4, 0.0 ],
					"to": [ 15.99, 10.6, 1.1 ],
					"rotationOrigin": [ 0.0, -1.4, 0.0 ],
					"rotationX": -90.0,
					"rotationY": -45.0,
					"rotationZ": -90.0,
					"faces": {
						"north": { "texture": "#snowcover", "uv": [ 0.0, 0.0, 15.0, 12.0 ] },
						"east": { "texture": "#snowcover", "uv": [ 0.0, 0.0, 1.0, 12.0 ] },
						"south": { "texture": "#snowcover", "uv": [ 0.0, 0.0, 15.0, 12.0 ] },
						"west": { "texture": "#snowcover", "uv": [ 0.0, 0.0, 1.0, 12.0 ] },
						"up": { "texture": "#snowcover", "uv": [ 0.0, 0.0, 15.0, 1.0 ] },
						"down": { "texture": "#snowcover", "uv": [ 0.0, 0.0, 15.0, 1.0 ] }
					},
					"children": [
						{
							"name": "Cube3",
							"from": [ 0.0, 12.0, 0.0 ],
							"to": [ 15.98, 23.55, 1.0 ],
							"rotationOrigin": [ -0.01, 11.0, 0.0 ],
							"faces": {
								"north": { "texture": "#snowcover", "uv": [ 0.0, 0.0, 15.0, 11.0 ] },
								"east": { "texture": "#snowcover", "uv": [ 0.0, 0.0, 1.0, 11.0 ] },
								"south": { "texture": "#snowcover", "uv": [ 0.0, 0.0, 15.0, 11.0 ] },
								"west": { "texture": "#snowcover", "uv": [ 0.0, 0.0, 1.0, 11.0 ] },
								"up": { "texture": "#snowcover", "uv": [ 0.0, 0.0, 15.0, 1.0 ] },
								"down": { "texture": "#snowcover", "uv": [ 0.0, 0.0, 15.0, 1.0 ] }
							}
						},
						{
							"name": "Cube4",
							"from": [ 0.01, 0.0808, 0.0707 ],
							"to": [ 15.97, 1.0808, 1.0707 ],
							"rotationOrigin": [ 0.0, 0.0708, 0.0707 ],
							"rotationX": 45.0,
							"faces": {
								"north": { "texture": "#snowcover", "uv": [ 0.0, 0.0, 15.0, 1.0 ] },
								"east": { "texture": "#snowcover", "uv": [ 0.0, 0.0, 1.0, 1.0 ] },
								"south": { "texture": "#snowcover", "uv": [ 0.0, 0.0, 15.0, 1.0 ] },
								"west": { "texture": "#snowcover", "uv": [ 0.0, 0.0, 1.0, 1.0 ] },
								"up": { "texture": "#snowcover", "uv": [ 0.0, 0.0, 15.0, 1.0 ] },
								"down": { "texture": "#snowcover", "uv": [ 0.0, 0.0, 15.0, 1.0 ] }
							}
						},
						{
							"name": "Cube25",
							"from": [ 0.01, 23.4739, -0.0778 ],
							"to": [ 15.97, 24.4639, 0.9222 ],
							"rotationOrigin": [ 0.0, 23.9639, -0.0778 ],
							"rotationX": 45.0,
							"faces": {
								"north": { "texture": "#snowcover", "uv": [ 0.0, 0.0, 15.0, 1.0 ] },
								"east": { "texture": "#snowcover", "uv": [ 0.0, 0.0, 1.0, 1.0 ] },
								"south": { "texture": "#snowcover", "uv": [ 0.0, 0.0, 15.0, 1.0 ] },
								"west": { "texture": "#snowcover", "uv": [ 0.0, 0.0, 1.0, 1.0 ] },
								"up": { "texture": "#snowcover", "uv": [ 0.0, 0.0, 15.0, 1.0 ] },
								"down": { "texture": "#snowcover", "uv": [ 0.0, 0.0, 15.0, 1.0 ] }
							}
						}
					]
				}
			]
		}
	]}