{
	"editor": {
		"backDropShape": "entity/animal/mammal/hooved/odocoileini/rangifercaribou/adult",
		"allAngles": true,
		"entityTextureMode": true
	},
	"textureWidth": 68,
	"textureHeight": 76,
	"textureSizes": {
		"skin": [68,76]
	},
	"textures": {
		"skin": "entity/animal/mammal/hooved/odocoileini/rangifercaribou-adult"
	},
	"elements": [
		{
			"name": "skin attachment",
			"stepParentName": "head",
			"from": [ 1.1, 3.3, 2.1 ],
			"to": [ 2.3, 4.5, 3.3 ],
			"uv": [ 0.0, 0.0 ],
			"rotationOrigin": [ 1.1, 3.3, 2.1 ],
			"faces": {
			},
			"children": [
				{
					"name": "R antler base 1",
					"from": [ 0.2, 0.7, -1.5 ],
					"to": [ 1.2, 2.2, -0.5 ],
					"unwrapMode": 4,
					"uv": [ 5.5, 54.0 ],
					"rotationOrigin": [ 0.2, 0.7, -0.5 ],
					"rotationX": -25.0,
					"rotationZ": -30.0,
					"faces": {
						"north": { "texture": "#skin", "uv": [ 5.5, 55.0, 6.5, 56.5 ] },
						"east": { "texture": "#skin", "uv": [ 8.5, 55.0, 9.5, 56.5 ] },
						"south": { "texture": "#skin", "uv": [ 7.5, 55.0, 8.5, 56.5 ] },
						"west": { "texture": "#skin", "uv": [ 6.5, 55.0, 7.5, 56.5 ], "windMode": [-1,-1,-1,-1], "windData": [0,1,1,1] },
						"up": { "texture": "#skin", "uv": [ 6.5, 54.0, 7.5, 55.0 ], "rotation": 90 }
					},
					"children": [
						{
							"name": "R antler base 2",
							"from": [ 0.15, 1.4, 0.15 ],
							"to": [ 0.85, 2.4, 0.85 ],
							"unwrapMode": 4,
							"uv": [ 46.5, 63.0 ],
							"rotationOrigin": [ 0.15, 1.4, 0.9 ],
							"rotationZ": 4.0,
							"faces": {
								"north": { "texture": "#skin", "uv": [ 46.5, 63.5, 47.0, 64.5 ] },
								"east": { "texture": "#skin", "uv": [ 48.0, 63.5, 48.5, 64.5 ] },
								"south": { "texture": "#skin", "uv": [ 47.5, 63.5, 48.0, 64.5 ] },
								"west": { "texture": "#skin", "uv": [ 47.0, 63.5, 47.5, 64.5 ] },
								"up": { "texture": "#skin", "uv": [ 47.0, 63.0, 47.5, 63.5 ], "rotation": 90 },
								"down": { "texture": "#skin", "uv": [ 47.0, 64.5, 47.5, 65.0 ], "rotation": 90 }
							},
							"children": [
								{
									"name": "R antler base 3",
									"from": [ 0.0, 0.9, 0.05 ],
									"to": [ 0.6, 2.9, 0.65 ],
									"unwrapMode": 4,
									"uv": [ 46.5, 60.5 ],
									"rotationOrigin": [ 0.0, 0.9, 0.6 ],
									"rotationX": -10.0,
									"rotationZ": -30.0,
									"faces": {
										"north": { "texture": "#skin", "uv": [ 46.5, 61.0, 47.0, 63.0 ] },
										"east": { "texture": "#skin", "uv": [ 48.0, 61.0, 48.5, 63.0 ] },
										"south": { "texture": "#skin", "uv": [ 47.5, 61.0, 48.0, 63.0 ] },
										"west": { "texture": "#skin", "uv": [ 47.0, 61.0, 47.5, 63.0 ] },
										"up": { "texture": "#skin", "uv": [ 47.0, 60.5, 47.5, 61.0 ], "rotation": 90 },
										"down": { "texture": "#skin", "uv": [ 47.0, 63.0, 47.5, 63.5 ], "rotation": 90 }
									},
									"children": [
										{
											"name": "R antler base 4",
											"from": [ 0.0, 2.0, 0.0 ],
											"to": [ 0.6, 4.0, 0.6 ],
											"unwrapMode": 4,
											"uv": [ 46.5, 58.0 ],
											"rotationOrigin": [ 0.6, 2.0, 0.0 ],
											"rotationX": 1.0,
											"rotationZ": 45.0,
											"faces": {
												"north": { "texture": "#skin", "uv": [ 46.5, 58.5, 47.0, 60.5 ] },
												"east": { "texture": "#skin", "uv": [ 48.0, 58.5, 48.5, 60.5 ] },
												"south": { "texture": "#skin", "uv": [ 47.5, 58.5, 48.0, 60.5 ] },
												"west": { "texture": "#skin", "uv": [ 47.0, 58.5, 47.5, 60.5 ] },
												"up": { "texture": "#skin", "uv": [ 47.0, 58.0, 47.5, 58.5 ], "rotation": 90 },
												"down": { "texture": "#skin", "uv": [ 47.0, 60.5, 47.5, 61.0 ], "rotation": 90 }
											},
											"children": [
												{
													"name": "R antler base 5",
													"from": [ 0.2, 1.5, 0.0 ],
													"to": [ 0.8, 3.5, 0.6 ],
													"unwrapMode": 4,
													"uv": [ 46.5, 55.5 ],
													"rotationOrigin": [ 0.2, 1.5, 0.6 ],
													"rotationX": 10.0,
													"rotationY": 10.0,
													"rotationZ": 40.0,
													"faces": {
														"north": { "texture": "#skin", "uv": [ 46.5, 56.0, 47.0, 58.0 ] },
														"east": { "texture": "#skin", "uv": [ 48.0, 56.0, 48.5, 58.0 ] },
														"south": { "texture": "#skin", "uv": [ 47.5, 56.0, 48.0, 58.0 ] },
														"west": { "texture": "#skin", "uv": [ 47.0, 56.0, 47.5, 58.0 ] },
														"up": { "texture": "#skin", "uv": [ 47.0, 55.5, 47.5, 56.0 ], "rotation": 90 },
														"down": { "texture": "#skin", "uv": [ 47.0, 58.0, 47.5, 58.5 ], "rotation": 90 }
													},
													"children": [
														{
															"name": "RTine3A",
															"from": [ 0.2, 2.0, 0.0 ],
															"to": [ 0.7, 3.0, 0.6 ],
															"unwrapMode": 3,
															"uv": [ 45.5, 32.0 ],
															"rotationOrigin": [ 0.2, 2.0, 0.0 ],
															"rotationY": -1.0,
															"rotationZ": -45.0,
															"faces": {
																"north": { "texture": "#skin", "uv": [ 47.0, 32.5, 47.5, 33.5 ] },
																"east": { "texture": "#skin", "uv": [ 46.5, 32.5, 47.0, 33.5 ] },
																"south": { "texture": "#skin", "uv": [ 46.0, 32.5, 46.5, 33.5 ] },
																"west": { "texture": "#skin", "uv": [ 45.5, 32.5, 46.0, 33.5 ] },
																"up": { "texture": "#skin", "uv": [ 46.0, 32.0, 46.5, 32.5 ] },
																"down": { "texture": "#skin", "uv": [ 46.0, 33.5, 46.5, 34.0 ], "rotation": 180 }
															}
														},
														{
															"name": "RTine3E",
															"from": [ -0.1, 1.9, 0.05 ],
															"to": [ 0.4, 3.4, 0.55 ],
															"unwrapMode": 3,
															"uv": [ 47.5, 32.0 ],
															"rotationOrigin": [ 0.4, 1.9, 0.05 ],
															"rotationZ": 45.0,
															"faces": {
																"north": { "texture": "#skin", "uv": [ 49.0, 32.5, 49.5, 34.0 ] },
																"east": { "texture": "#skin", "uv": [ 48.5, 32.5, 49.0, 34.0 ], "windMode": [-1,-1,-1,-1] },
																"south": { "texture": "#skin", "uv": [ 48.0, 32.5, 48.5, 34.0 ] },
																"west": { "texture": "#skin", "uv": [ 47.5, 32.5, 48.0, 34.0 ] },
																"up": { "texture": "#skin", "uv": [ 48.0, 32.0, 48.5, 32.5 ] }
															}
														}
													]
												}
											]
										}
									]
								},
								{
									"name": "RBeam2A",
									"from": [ -2.0, 0.4, 0.1 ],
									"to": [ 0.5, 1.0, 0.7 ],
									"unwrapMode": 3,
									"unwrapRotation": 1,
									"uv": [ 46.5, 52.5 ],
									"rotationOrigin": [ 0.5, 1.0, 0.7 ],
									"rotationY": -15.0,
									"rotationZ": -26.0,
									"faces": {
										"north": { "texture": "#skin", "uv": [ 48.0, 53.0, 48.5, 55.5 ], "rotation": 270 },
										"east": { "texture": "#skin", "uv": [ 47.0, 52.5, 47.5, 53.0 ], "rotation": 90 },
										"south": { "texture": "#skin", "uv": [ 47.0, 53.0, 47.5, 55.5 ], "rotation": 90 },
										"west": { "texture": "#skin", "uv": [ 47.0, 55.5, 47.5, 56.0 ], "rotation": 90, "windMode": [-1,-1,-1,-1], "windData": [1,1,1,1] },
										"up": { "texture": "#skin", "uv": [ 46.5, 53.0, 47.0, 55.5 ], "rotation": 90 },
										"down": { "texture": "#skin", "uv": [ 47.5, 53.0, 48.0, 55.5 ], "rotation": 270 }
									},
									"children": [
										{
											"name": "RBeam2B",
											"from": [ -2.0, 0.0, 0.05 ],
											"to": [ 0.0, 0.5, 0.55 ],
											"unwrapMode": 3,
											"unwrapRotation": 1,
											"uv": [ 46.5, 50.0 ],
											"rotationOrigin": [ 0.0, 0.5, 0.05 ],
											"rotationY": 15.0,
											"rotationZ": 28.0,
											"faces": {
												"north": { "texture": "#skin", "uv": [ 48.0, 50.5, 48.5, 52.5 ], "rotation": 270 },
												"east": { "texture": "#skin", "uv": [ 47.0, 50.0, 47.5, 50.5 ], "rotation": 90, "windMode": [-1,-1,-1,-1] },
												"south": { "texture": "#skin", "uv": [ 47.0, 50.5, 47.5, 52.5 ], "rotation": 90 },
												"west": { "texture": "#skin", "uv": [ 47.0, 52.5, 47.5, 53.0 ], "rotation": 90 },
												"up": { "texture": "#skin", "uv": [ 46.5, 50.5, 47.0, 52.5 ], "rotation": 90, "windMode": [-1,-1,-1,-1] },
												"down": { "texture": "#skin", "uv": [ 47.5, 50.5, 48.0, 52.5 ], "rotation": 270 }
											},
											"children": [
												{
													"name": "RTine2B",
													"from": [ 1.5, 0.6, 0.0 ],
													"to": [ 2.0, 1.6, 0.5 ],
													"unwrapMode": 3,
													"uv": [ 46.5, 48.5 ],
													"rotationOrigin": [ 2.0, 0.6, 0.5 ],
													"rotationX": 5.0,
													"rotationZ": 30.0,
													"faces": {
														"north": { "texture": "#skin", "uv": [ 48.0, 49.0, 48.5, 50.0 ] },
														"east": { "texture": "#skin", "uv": [ 47.5, 49.0, 48.0, 50.0 ] },
														"south": { "texture": "#skin", "uv": [ 47.0, 49.0, 47.5, 50.0 ] },
														"west": { "texture": "#skin", "uv": [ 46.5, 49.0, 47.0, 50.0 ] },
														"up": { "texture": "#skin", "uv": [ 47.0, 48.5, 47.5, 49.0 ] }
													}
												}
											]
										}
									]
								}
							]
						}
					]
				},
				{
					"name": "L antler base 1",
					"from": [ 0.2, 0.7, 0.4 ],
					"to": [ 1.2, 2.2, 1.4 ],
					"unwrapMode": 4,
					"uv": [ 1.0, 54.0 ],
					"rotationOrigin": [ 0.2, 0.7, 0.4 ],
					"rotationX": 25.0,
					"rotationZ": -30.0,
					"faces": {
						"north": { "texture": "#skin", "uv": [ 1.0, 55.0, 2.0, 56.5 ] },
						"east": { "texture": "#skin", "uv": [ 4.0, 55.0, 5.0, 56.5 ] },
						"south": { "texture": "#skin", "uv": [ 3.0, 55.0, 4.0, 56.5 ] },
						"west": { "texture": "#skin", "uv": [ 2.0, 55.0, 3.0, 56.5 ], "windMode": [-1,-1,-1,-1], "windData": [0,0,1,1] },
						"up": { "texture": "#skin", "uv": [ 2.0, 54.0, 3.0, 55.0 ], "rotation": 90 }
					},
					"children": [
						{
							"name": "L antler base 2",
							"from": [ 0.15, 1.4, 0.15 ],
							"to": [ 0.85, 2.4, 0.85 ],
							"unwrapMode": 4,
							"uv": [ 44.5, 63.0 ],
							"rotationOrigin": [ 0.15, 1.4, 0.15 ],
							"rotationZ": 4.0,
							"faces": {
								"north": { "texture": "#skin", "uv": [ 44.5, 63.5, 45.0, 64.5 ] },
								"east": { "texture": "#skin", "uv": [ 46.0, 63.5, 46.5, 64.5 ] },
								"south": { "texture": "#skin", "uv": [ 45.5, 63.5, 46.0, 64.5 ] },
								"west": { "texture": "#skin", "uv": [ 45.0, 63.5, 45.5, 64.5 ] },
								"up": { "texture": "#skin", "uv": [ 45.0, 63.0, 45.5, 63.5 ], "rotation": 90 },
								"down": { "texture": "#skin", "uv": [ 45.0, 64.5, 45.5, 65.0 ], "rotation": 90 }
							},
							"children": [
								{
									"name": "LBeam3A",
									"from": [ 0.0, 0.9, 0.05 ],
									"to": [ 0.6, 2.9, 0.65 ],
									"unwrapMode": 4,
									"uv": [ 44.5, 60.5 ],
									"rotationOrigin": [ 0.0, 0.9, 0.1 ],
									"rotationX": 10.0,
									"rotationZ": -30.0,
									"faces": {
										"north": { "texture": "#skin", "uv": [ 44.5, 61.0, 45.0, 63.0 ] },
										"east": { "texture": "#skin", "uv": [ 46.0, 61.0, 46.5, 63.0 ] },
										"south": { "texture": "#skin", "uv": [ 45.5, 61.0, 46.0, 63.0 ] },
										"west": { "texture": "#skin", "uv": [ 45.0, 61.0, 45.5, 63.0 ] },
										"up": { "texture": "#skin", "uv": [ 45.0, 60.5, 45.5, 61.0 ], "rotation": 90 },
										"down": { "texture": "#skin", "uv": [ 45.0, 63.0, 45.5, 63.5 ], "rotation": 90 }
									},
									"children": [
										{
											"name": "LBeam3B",
											"from": [ 0.0, 2.0, 0.0 ],
											"to": [ 0.6, 4.0, 0.6 ],
											"unwrapMode": 4,
											"uv": [ 44.5, 58.0 ],
											"rotationOrigin": [ 0.6, 2.0, 0.0 ],
											"rotationX": -1.0,
											"rotationZ": 45.0,
											"faces": {
												"north": { "texture": "#skin", "uv": [ 44.5, 58.5, 45.0, 60.5 ] },
												"east": { "texture": "#skin", "uv": [ 46.0, 58.5, 46.5, 60.5 ] },
												"south": { "texture": "#skin", "uv": [ 45.5, 58.5, 46.0, 60.5 ] },
												"west": { "texture": "#skin", "uv": [ 45.0, 58.5, 45.5, 60.5 ] },
												"up": { "texture": "#skin", "uv": [ 45.0, 58.0, 45.5, 58.5 ], "rotation": 90 },
												"down": { "texture": "#skin", "uv": [ 45.0, 60.5, 45.5, 61.0 ], "rotation": 90 }
											},
											"children": [
												{
													"name": "LBeam3C",
													"from": [ 0.2, 1.5, 0.0 ],
													"to": [ 0.8, 3.5, 0.6 ],
													"unwrapMode": 4,
													"uv": [ 44.5, 55.5 ],
													"rotationOrigin": [ 0.2, 1.5, 0.1 ],
													"rotationX": -10.0,
													"rotationY": -10.0,
													"rotationZ": 40.0,
													"faces": {
														"north": { "texture": "#skin", "uv": [ 44.5, 56.0, 45.0, 58.0 ] },
														"east": { "texture": "#skin", "uv": [ 46.0, 56.0, 46.5, 58.0 ] },
														"south": { "texture": "#skin", "uv": [ 45.5, 56.0, 46.0, 58.0 ] },
														"west": { "texture": "#skin", "uv": [ 45.0, 56.0, 45.5, 58.0 ] },
														"up": { "texture": "#skin", "uv": [ 45.0, 55.5, 45.5, 56.0 ], "rotation": 90 },
														"down": { "texture": "#skin", "uv": [ 45.0, 58.0, 45.5, 58.5 ], "rotation": 90 }
													},
													"children": [
														{
															"name": "LTine3D",
															"from": [ -0.1, 2.0, 0.05 ],
															"to": [ 0.4, 3.5, 0.55 ],
															"unwrapMode": 3,
															"uv": [ 51.5, 32.0 ],
															"rotationOrigin": [ 0.4, 2.0, 0.05 ],
															"rotationZ": 45.0,
															"faces": {
																"north": { "texture": "#skin", "uv": [ 53.0, 32.5, 53.5, 34.0 ], "windMode": [-1,-1,-1,-1] },
																"east": { "texture": "#skin", "uv": [ 52.5, 32.5, 53.0, 34.0 ], "windMode": [-1,-1,-1,-1] },
																"south": { "texture": "#skin", "uv": [ 52.0, 32.5, 52.5, 34.0 ] },
																"west": { "texture": "#skin", "uv": [ 51.5, 32.5, 52.0, 34.0 ] },
																"up": { "texture": "#skin", "uv": [ 52.0, 32.0, 52.5, 32.5 ] }
															}
														},
														{
															"name": "LTine3E",
															"from": [ 0.2, 2.0, 0.05 ],
															"to": [ 0.7, 3.0, 0.55 ],
															"unwrapMode": 3,
															"uv": [ 49.5, 32.5 ],
															"rotationOrigin": [ 0.2, 2.0, 0.55 ],
															"rotationY": 1.0,
															"rotationZ": -45.0,
															"faces": {
																"north": { "texture": "#skin", "uv": [ 51.0, 33.0, 51.5, 34.0 ] },
																"east": { "texture": "#skin", "uv": [ 50.5, 33.0, 51.0, 34.0 ] },
																"south": { "texture": "#skin", "uv": [ 50.0, 33.0, 50.5, 34.0 ] },
																"west": { "texture": "#skin", "uv": [ 49.5, 33.0, 50.0, 34.0 ] },
																"up": { "texture": "#skin", "uv": [ 50.0, 32.5, 50.5, 33.0 ] }
															}
														}
													]
												}
											]
										}
									]
								},
								{
									"name": "LBeam2A",
									"from": [ -2.0, 0.4, 0.0 ],
									"to": [ 0.5, 1.0, 0.6 ],
									"unwrapMode": 3,
									"unwrapRotation": 1,
									"uv": [ 44.5, 53.0 ],
									"rotationOrigin": [ 0.5, 1.0, 0.0 ],
									"rotationY": 15.0,
									"rotationZ": -26.0,
									"faces": {
										"north": { "texture": "#skin", "uv": [ 46.0, 53.0, 46.5, 55.5 ], "rotation": 270 },
										"south": { "texture": "#skin", "uv": [ 45.0, 53.0, 45.5, 55.5 ], "rotation": 90 },
										"west": { "texture": "#skin", "uv": [ 45.0, 55.5, 45.5, 56.0 ], "rotation": 90 },
										"up": { "texture": "#skin", "uv": [ 44.5, 53.0, 45.0, 55.5 ], "rotation": 90 },
										"down": { "texture": "#skin", "uv": [ 45.5, 53.0, 46.0, 55.5 ], "rotation": 270 }
									},
									"children": [
										{
											"name": "LBeam2B",
											"from": [ -2.0, 0.0, 0.05 ],
											"to": [ 0.0, 0.5, 0.55 ],
											"unwrapMode": 3,
											"unwrapRotation": 1,
											"uv": [ 44.5, 50.0 ],
											"rotationOrigin": [ 0.0, 0.5, 0.55 ],
											"rotationY": -15.0,
											"rotationZ": 28.0,
											"faces": {
												"north": { "texture": "#skin", "uv": [ 46.0, 50.5, 46.5, 52.5 ], "rotation": 270 },
												"east": { "texture": "#skin", "uv": [ 45.0, 50.0, 45.5, 50.5 ], "rotation": 90 },
												"south": { "texture": "#skin", "uv": [ 45.0, 50.5, 45.5, 52.5 ], "rotation": 90 },
												"west": { "texture": "#skin", "uv": [ 45.0, 52.5, 45.5, 53.0 ], "rotation": 90 },
												"up": { "texture": "#skin", "uv": [ 44.5, 50.5, 45.0, 52.5 ], "rotation": 90 },
												"down": { "texture": "#skin", "uv": [ 45.5, 50.5, 46.0, 52.5 ], "rotation": 270 }
											},
											"children": [
												{
													"name": "LTine2B",
													"from": [ 1.5, 0.6, 0.0 ],
													"to": [ 2.0, 1.6, 0.5 ],
													"unwrapMode": 3,
													"uv": [ 44.5, 48.5 ],
													"rotationOrigin": [ 2.0, 0.6, 0.5 ],
													"rotationX": -5.0,
													"rotationZ": 30.0,
													"faces": {
														"north": { "texture": "#skin", "uv": [ 46.0, 49.0, 46.5, 50.0 ] },
														"east": { "texture": "#skin", "uv": [ 45.5, 49.0, 46.0, 50.0 ] },
														"south": { "texture": "#skin", "uv": [ 45.0, 49.0, 45.5, 50.0 ] },
														"west": { "texture": "#skin", "uv": [ 44.5, 49.0, 45.0, 50.0 ] },
														"up": { "texture": "#skin", "uv": [ 45.0, 48.5, 45.5, 49.0 ] }
													}
												}
											]
										}
									]
								}
							]
						}
					]
				}
			]
		}
	],
	"animations": [
	]
}