[
  {
    "file": "game:blocktypes/aquatic/coral-anemone.json",
    "op": "add",
    "path": "/",
    "value": {
      "grindingProps": { "groundStack": { "type": "item", "code": "game:lime", "stacksize": 2 } },
      }
  },
  {
    "file": "game:blocktypes/aquatic/coral-brain.json",
    "op": "add",
    "path": "/",
    "value": {
      "grindingProps": { "groundStack": { "type": "item", "code": "game:lime", "stacksize": 2 } },
      }
  },
  {
    "file": "game:blocktypes/aquatic/coral-branched.json",
    "op": "add",
    "path": "/",
    "value": {
      "grindingProps": { "groundStack": { "type": "item", "code": "game:lime", "stacksize": 2 } },
      }
  },
  {
    "file": "game:blocktypes/aquatic/coral-fan.json",
    "op": "add",
    "path": "/",
    "value": {
      "grindingProps": { "groundStack": { "type": "item", "code": "game:lime", "stacksize": 1 } },
      }
  },
  {
    "file": "game:blocktypes/aquatic/coral-shelf.json",
    "op": "add",
    "path": "/",
    "value": {
      "grindingProps": { "groundStack": { "type": "item", "code": "game:lime", "stacksize": 2 } },
      }
  },
  {
    "file": "game:blocktypes/aquatic/coral-sponge.json",
    "op": "add",
    "path": "/",
    "value": {
      "grindingProps": { "groundStack": { "type": "item", "code": "game:lime", "stacksize": 1 } },
      }
  },
  {
    "file": "game:blocktypes/aquatic/coral-tube.json",
    "op": "add",
    "path": "/",
    "value": {
      "grindingProps": { "groundStack": { "type": "item", "code": "game:lime", "stacksize": 2 } },
      }
  },
  
]


