[
  {
    "file": "game:recipes/cooking/meatystew.json",
    "op": "addmerge",
    "path": "/ingredients/0/validStacks",
    "value": [{ "type": "item", "code": "pemmican:pemmican-cooked",  "shapeElement": "bowl/meat stew/*", "textureMapping": [ "meat", "group6"] },
			 { "type": "item", "code": "pemmican:pemmican-bar",  "shapeElement": "bowl/meat stew/*", "textureMapping": [ "meat", "group6"] },
			 { "type": "item", "code": "pemmican:pemmican-salt",  "shapeElement": "bowl/meat stew/*", "textureMapping": [ "meat", "group6"] },
			 { "type": "item", "code": "pemmican:egg-glazed",  "shapeElement": "bowl/egg/*", "textureMapping": [ "egg", "group6"] },
				{ "type": "item", "code": "pemmican:egg-boiled",  "shapeElement": "bowl/egg/*", "textureMapping": [ "egg", "group6"] },
				{ "type": "item", "code": "pemmican:egg-cooked",  "shapeElement": "bowl/egg/*", "textureMapping": [ "egg", "group6"] },
			]
  },
  {
    "file": "game:recipes/cooking/meatystew.json",
    "op": "addmerge",
    "path": "/ingredients/3/validStacks",
    "value": [{ "type": "item", "code": "pemmican:pemmican-raw",  "shapeElement": "bowl/meat stew/*", "textureMapping": [ "meat", "group6"] },
			 { "type": "item", "code": "pemmican:pemmican-cooked",  "shapeElement": "bowl/meat stew/*", "textureMapping": [ "meat", "group6"] },
			 { "type": "item", "code": "pemmican:pemmican-bar",  "shapeElement": "bowl/meat stew/*", "textureMapping": [ "meat", "group6"] },
			 { "type": "item", "code": "pemmican:pemmican-salt",  "shapeElement": "bowl/meat stew/*", "textureMapping": [ "meat", "group6"] },
			 { "type": "item", "code": "pemmican:egg-glazed",  "shapeElement": "bowl/egg/*", "textureMapping": [ "egg", "group6"] },
				{ "type": "item", "code": "pemmican:egg-boiled",  "shapeElement": "bowl/egg/*", "textureMapping": [ "egg", "group6"] },
				{ "type": "item", "code": "pemmican:egg-cooked",  "shapeElement": "bowl/egg/*", "textureMapping": [ "egg", "group6"] },
			]
  },
  {
    "file": "game:recipes/cooking/meatystew.json",
    "op": "addmerge",
    "path": "/ingredients/4/validStacks",
    "value": [{ "type": "item", "code": "pemmican:pemmican-raw",  "shapeElement": "bowl/meat stew/*", "textureMapping": [ "meat", "group6"] },
			 { "type": "item", "code": "pemmican:pemmican-cooked",  "shapeElement": "bowl/meat stew/*", "textureMapping": [ "meat", "group6"] },
			 { "type": "item", "code": "pemmican:pemmican-bar",  "shapeElement": "bowl/meat stew/*", "textureMapping": [ "meat", "group6"] },
			 { "type": "item", "code": "pemmican:pemmican-salt",  "shapeElement": "bowl/meat stew/*", "textureMapping": [ "meat", "group6"] },
			 { "type": "item", "code": "pemmican:egg-glazed",  "shapeElement": "bowl/egg/*" },
				{ "type": "item", "code": "pemmican:egg-boiled",  "shapeElement": "bowl/egg/*", "textureMapping": [ "egg", "group6"]},
				{ "type": "item", "code": "pemmican:egg-cooked",  "shapeElement": "bowl/egg/*", "textureMapping": [ "egg", "group6"] },
			]
  },
  {
    "file": "game:recipes/cooking/meatystew.json",
    "op": "addmerge",
    "path": "/ingredients/5/validStacks",
    "value": [{ "type": "item", "code": "pemmican:mushroompate-dry",  "shapeElement": "bowl/vegetable 1/*", "textureMapping": ["vegetable", "group2"] },
			 { "type": "item", "code": "pemmican:mushroompatebar",  "shapeElement": "bowl/vegetable 1/*", "textureMapping": ["vegetable", "group2"] },
			 { "type": "item", "code": "pemmican:mushroomclean-raw",  "shapeElement": "bowl/vegetable 1/*", "textureMapping": ["vegetable", "group2"] },
			 { "type": "item", "code": "pemmican:mushroomclean-pickled",  "shapeElement": "bowl/vegetable 1/*", "textureMapping": ["vegetable", "group2"] },
			 { "type": "item", "code": "pemmican:rusks-*-dry", "shapeElement": "bowl/meat stew/*", "textureMapping": ["meat", "group6"] },
			 { "type": "item", "code": "pemmican:chips-potato", "shapeElement": "bowl/meat stew/*", "textureMapping": ["meat", "group6"] },
			 { "type": "item", "code": "pemmican:mushroompate-dry",  "shapeElement": "bowl/vegetable 1/*", "textureMapping": ["vegetable", "group2"] },
			 { "type": "item", "code": "pemmican:mushroompatebar",  "shapeElement": "bowl/vegetable 1/*", "textureMapping": ["vegetable", "group2"] },
			 { "type": "item", "code": "pemmican:mushroomclean-raw",  "shapeElement": "bowl/vegetable 1/*", "textureMapping": ["vegetable", "group2"] },
			 { "type": "item", "code": "pemmican:mushroomclean-pickled",  "shapeElement": "bowl/vegetable 1/*", "textureMapping": ["vegetable", "group2"] },
			 { "type": "item", "code": "pemmican:algae-grind-green",  "shapeElement": "bowl/vegetable 1/*", "textureMapping": ["vegetable", "group2"] },
			 { "type": "item", "code": "pemmican:algae-grind-salt",  "shapeElement": "bowl/vegetable 1/*", "textureMapping": ["vegetable", "group2"] },
			    { "type": "item", "code": "pemmican:vegetable-corn-*",  "shapeElement": "bowl/vegetable 1/*", "textureMapping": ["vegetable", "group2"] },
				{ "type": "item", "code": "pemmican:vegetable-sugarbeet-*",  "shapeElement": "bowl/vegetable 1/*", "textureMapping": ["vegetable", "group2"] },
				{ "type": "item", "code": "pemmican:vegetable-potato-*",  "shapeElement": "bowl/vegetable 1/*", "textureMapping": ["vegetable", "group2"] },
				{ "type": "item", "code": "pemmican:pickledvegetable-pickledpotato",  "shapeElement": "bowl/vegetable 1/*", "textureMapping": ["vegetable", "group2"] },
				{ "type": "item", "code": "pemmican:choppedvegetable-*",  "shapeElement": "bowl/vegetable 1/*", "textureMapping": ["vegetable", "group2"] },
				{ "type": "item", "code": "pemmican:cookedchoppedvegetable-*",  "shapeElement": "bowl/vegetable 1/*", "textureMapping": ["vegetable", "group2"] },
				{ "type": "item", "code": "pemmican:cookedvegetable-corn-*",  "shapeElement": "bowl/vegetable 1/*", "textureMapping": ["vegetable", "group2"] },
				{ "type": "item", "code": "pemmican:cookedvegetable-potato-*",  "shapeElement": "bowl/vegetable 1/*", "textureMapping": ["vegetable", "group2"] },
				{ "type": "item", "code": "pemmican:cookedvegetable-pickledpotato-*",  "shapeElement": "bowl/vegetable 1/*", "textureMapping": ["vegetable", "group2"] },
				{ "type": "item", "code": "pemmican:starch-*",  "shapeElement": "bowl/egg/*", "textureMapping": [ "egg", "group6"] },
			]
  },
  {
    "file": "game:recipes/cooking/meatystew.json",
    "op": "addmerge",
    "path": "/ingredients/6/validStacks",
    "value": [{ "type": "item", "code": "pemmican:mushroompate-dry",  "shapeElement": "bowl/vegetable 1/*", "textureMapping": ["vegetable", "group2"] },
			 { "type": "item", "code": "pemmican:mushroomclean-raw",  "shapeElement": "bowl/vegetable 1/*", "textureMapping": ["vegetable", "group2"] },
			 { "type": "item", "code": "pemmican:mushroomclean-pickled",  "shapeElement": "bowl/vegetable 1/*", "textureMapping": ["vegetable", "group2"] },
			 { "type": "item", "code": "pemmican:rusks-*-dry", "shapeElement": "bowl/meat stew/*", "textureMapping": ["meat", "group6"] },
			 { "type": "item", "code": "pemmican:chips-potato", "shapeElement": "bowl/meat stew/*", "textureMapping": ["meat", "group6"] },
			 { "type": "item", "code": "pemmican:mushroompate-dry",  "shapeElement": "bowl/vegetable 1/*", "textureMapping": ["vegetable", "group2"] },
			 { "type": "item", "code": "pemmican:mushroompatebar",  "shapeElement": "bowl/vegetable 1/*", "textureMapping": ["vegetable", "group2"] },
			 { "type": "item", "code": "pemmican:mushroomclean-raw",  "shapeElement": "bowl/vegetable 1/*", "textureMapping": ["vegetable", "group2"] },
			 { "type": "item", "code": "pemmican:mushroomclean-pickled",  "shapeElement": "bowl/vegetable 1/*", "textureMapping": ["vegetable", "group2"] },
			 { "type": "item", "code": "pemmican:algae-grind-green",  "shapeElement": "bowl/vegetable 1/*", "textureMapping": ["vegetable", "group2"] },
			 { "type": "item", "code": "pemmican:algae-grind-salt",  "shapeElement": "bowl/vegetable 1/*", "textureMapping": ["vegetable", "group2"] },
			 { "type": "item", "code": "pemmican:vegetable-corn-*",  "shapeElement": "bowl/vegetable 1/*", "textureMapping": ["vegetable", "group2"] },
			 { "type": "item", "code": "pemmican:vegetable-sugarbeet-*",  "shapeElement": "bowl/vegetable 1/*", "textureMapping": ["vegetable", "group2"] },
				{ "type": "item", "code": "pemmican:vegetable-potato-*",  "shapeElement": "bowl/vegetable 1/*", "textureMapping": ["vegetable", "group2"] },
				{ "type": "item", "code": "pemmican:pickledvegetable-pickledpotato",  "shapeElement": "bowl/vegetable 1/*", "textureMapping": ["vegetable", "group2"] },
				{ "type": "item", "code": "pemmican:choppedvegetable-*",  "shapeElement": "bowl/vegetable 1/*", "textureMapping": ["vegetable", "group2"] },
				{ "type": "item", "code": "pemmican:cookedchoppedvegetable-*",  "shapeElement": "bowl/vegetable 1/*", "textureMapping": ["vegetable", "group2"] },
				{ "type": "item", "code": "pemmican:cookedvegetable-corn-*",  "shapeElement": "bowl/vegetable 1/*", "textureMapping": ["vegetable", "group2"] },
				{ "type": "item", "code": "pemmican:cookedvegetable-potato-*",  "shapeElement": "bowl/vegetable 1/*", "textureMapping": ["vegetable", "group2"] },
				{ "type": "item", "code": "pemmican:cookedvegetable-pickledpotato-*",  "shapeElement": "bowl/vegetable 1/*", "textureMapping": ["vegetable", "group2"] },
				{ "type": "item", "code": "pemmican:starch-*",  "shapeElement": "bowl/egg/*", "textureMapping": [ "egg", "group6"] },
		]
  },
  {
    "file": "game:recipes/cooking/meatystew.json",
    "op": "addmerge",
    "path": "/ingredients/7/validStacks",
    "value": [
			{ "type": "item", "code": "pemmican:caramel-raw",  "shapeElement": "bowl/fruit 1/*", "textureMapping": ["vegetable", "group2"]},
			{ "type": "item", "code": "pemmican:caramel-dry",  "shapeElement": "bowl/fruit 1/*", "textureMapping": ["vegetable", "group2"]},
			{ "type": "item", "code": "pemmican:caramel-cooked",  "shapeElement": "bowl/fruit 1/*", "textureMapping": ["vegetable", "group2"]},
			{ "type": "item", "code": "pemmican:sugar",  "shapeElement": "game:bowl/fruit 1/*", "textureMapping": ["vegetable", "group2"]},
			]
  },
   {
	"file": "game:recipes/cooking/meatystew.json",
	"op": "addmerge",
	"path": "/ingredients/8/validStacks",
	"value": [
		{ "type": "item", "code": "pemmican:syrup-cane", "shapeElement": "bowl/topping/fruit", "textureMapping": [ "topping", "group7" ] },
		{ "type": "item", "code": "pemmican:syrup-beet", "shapeElement": "bowl/topping/fruit", "textureMapping": [ "topping", "group7" ] }
	]
	}
]
