[
  {
    "file": "game:recipes/cooking/porridge.json",
    "op": "addmerge",
    "path": "/ingredients/0/validStacks",
    "value": [{ "type": "item", "code": "pemmican:choppedvegetable-corn",  "shapeElement": "bowl/grain/*", "textureMapping": [ "grain", "group4"] },
			]
  },
  {
    "file": "game:recipes/cooking/porridge.json",
    "op": "addmerge",
    "path": "/ingredients/1/validStacks",
    "value": [
			{ "type": "item", "code": "pemmican:sugar",  "shapeElement": "game:bowl/fruit 1/*", "textureMapping": [ "fruit", "group5"]},
			{ "type": "item", "code": "pemmican:caramel-raw",  "shapeElement": "bowl/fruit 1/*", "cookedStack": { "type": "item", "code": "jamhoneyportion" }, "textureMapping": [ "fruit", "group5"] },
			{ "type": "item", "code": "pemmican:caramel-dry",  "shapeElement": "bowl/fruit 1/*", "cookedStack": { "type": "item", "code": "jamhoneyportion" }, "textureMapping": [ "fruit", "group5"] },
			{ "type": "item", "code": "pemmican:caramel-cooked",  "shapeElement": "bowl/fruit 1/*", "cookedStack": { "type": "item", "code": "jamhoneyportion" }, "textureMapping": [ "fruit", "group5"] },
	]
  },
  {
    "file": "game:recipes/cooking/porridge.json",
    "op": "addmerge",
    "path": "/ingredients/2/validStacks",
    "value": [
	{ "type": "item", "code": "pemmican:sugar",  "shapeElement": "game:bowl/fruit 1/*", "textureMapping": [ "fruit", "group5"]},
	{ "type": "item", "code": "pemmican:caramel-raw",  "shapeElement": "bowl/fruit 1/*", "cookedStack": { "type": "item", "code": "jamhoneyportion" }, "textureMapping": [ "fruit", "group5"] },
			{ "type": "item", "code": "pemmican:caramel-dry",  "shapeElement": "bowl/fruit 1/*", "cookedStack": { "type": "item", "code": "jamhoneyportion" }, "textureMapping": [ "fruit", "group5"] },
			{ "type": "item", "code": "pemmican:caramel-cooked",  "shapeElement": "bowl/fruit 1/*", "cookedStack": { "type": "item", "code": "jamhoneyportion" }, "textureMapping": [ "fruit", "group5"]},
	]
  },
  {
    "file": "game:recipes/cooking/porridge.json",
    "op": "addmerge",
    "path": "/ingredients/3/validStacks",
    "value": [
			{ "type": "item", "code": "pemmican:mushroompate-dry",  "shapeElement": "bowl/vegetable 1/*", "textureMapping": [ "vegetable", "group6"] },
			{ "type": "item", "code": "pemmican:mushroompatebar",  "shapeElement": "bowl/vegetable 1/*", "textureMapping": [ "vegetable", "group6"]  },
			{ "type": "item", "code": "pemmican:mushroomclean-raw",  "shapeElement": "bowl/vegetable 1/*", "textureMapping": [ "vegetable", "group6"]  },
			{ "type": "item", "code": "pemmican:mushroomclean-pickled",  "shapeElement": "bowl/vegetable 1/*", "textureMapping": [ "vegetable", "group6"]  },
			 { "type": "item", "code": "pemmican:algae-grind-green",  "shapeElement": "bowl/vegetable 1/*", "textureMapping": [ "vegetable", "group6"]  },
			 { "type": "item", "code": "pemmican:algae-grind-salt",  "shapeElement": "bowl/vegetable 1/*", "textureMapping": [ "vegetable", "group6"]  },
			    { "type": "item", "code": "pemmican:vegetable-corn-*",  "shapeElement": "bowl/vegetable 1/*", "textureMapping": [ "vegetable", "group6"]  },
				{ "type": "item", "code": "pemmican:vegetable-potato-*",  "shapeElement": "bowl/vegetable 1/*", "textureMapping": [ "vegetable", "group6"]  },
				{ "type": "item", "code": "pemmican:pickledvegetable-pickledpotato",  "shapeElement": "bowl/vegetable 1/*", "textureMapping": [ "vegetable", "group6"]  },
				{ "type": "item", "code": "pemmican:choppedvegetable-*",  "shapeElement": "bowl/vegetable 1/*", "textureMapping": [ "vegetable", "group6"]  },
				{ "type": "item", "code": "pemmican:cookedchoppedvegetable-*",  "shapeElement": "bowl/vegetable 1/*", "textureMapping": [ "vegetable", "group6"]  },
				{ "type": "item", "code": "pemmican:cookedvegetable-corn-*",  "shapeElement": "bowl/vegetable 1/*", "textureMapping": [ "vegetable", "group6"]  },
				{ "type": "item", "code": "pemmican:cookedvegetable-potato-*",  "shapeElement": "bowl/vegetable 1/*", "textureMapping": [ "vegetable", "group6"]  },
				{ "type": "item", "code": "pemmican:cookedvegetable-pickledpotato-*",  "shapeElement": "bowl/vegetable 1/*", "textureMapping": [ "vegetable", "group6"]  },
				{ "type": "item", "code": "pemmican:mushroompate-dry",  "shapeElement": "bowl/vegetable 1/*", "textureMapping": [ "vegetable", "group6"]  },
			 { "type": "item", "code": "pemmican:mushroompatebar",  "shapeElement": "bowl/vegetable 1/*", "textureMapping": [ "vegetable", "group6"]  },
			 { "type": "item", "code": "pemmican:mushroomclean-raw",  "shapeElement": "bowl/vegetable 1/*", "textureMapping": [ "vegetable", "group6"]  },
			 { "type": "item", "code": "pemmican:mushroomclean-pickled",  "shapeElement": "bowl/vegetable 1/*", "textureMapping": [ "vegetable", "group6"]  },
			 { "type": "item", "code": "pemmican:pemmican-cooked",  "shapeElement": "bowl/fruit 2/*", "textureMapping": [ "fruit", "group5"]},
			 { "type": "item", "code": "pemmican:pemmican-bar",  "shapeElement": "bowl/fruit 2/*", "textureMapping": [ "fruit", "group5"]},
			 { "type": "item", "code": "pemmican:pemmican-salt",  "shapeElement": "bowl/fruit 2/*", "textureMapping": [ "fruit", "group5"]},
			 { "type": "item", "code": "pemmican:chips-potato", "shapeElement": "bowl/fruit 2/*", "textureMapping": [ "fruit", "group5"]},
				{ "type": "item", "code": "pemmican:egg-boiled",  "shapeElement": "bowl/fruit 2/*", "textureMapping": [ "fruit", "group5"]},
				{ "type": "item", "code": "pemmican:egg-cooked",  "shapeElement": "bowl/fruit 2/*", "textureMapping": [ "fruit", "group5"]},
				{ "type": "item", "code": "pemmican:vegetable-sugarbeet-*",  "shapeElement": "bowl/vegetable 1/*", "textureMapping": [ "vegetable", "group6"]  },
				{ "type": "item", "code": "game:redmeat-raw",  "shapeElement": "bowl/meat stew/*", "textureMapping": ["meat", "group6"] },
				{ "type": "item", "code": "game:redmeat-cured",  "shapeElement": "bowl/meat stew/*", "textureMapping": ["meat", "group6"] },
				{ "type": "item", "code": "game:fish-raw",  "shapeElement": "bowl/meat stew/*", "textureMapping": ["meat", "group4"] },
				{ "type": "item", "code": "game:fish-cured",  "shapeElement": "bowl/meat stew/*", "textureMapping": ["meat", "group4"] },
				{ "type": "item", "code": "game:poultry-raw",  "shapeElement": "bowl/meat stew/*", "textureMapping": ["meat", "group5"] },
				{ "type": "item", "code": "game:poultry-cured",  "shapeElement": "bowl/meat stew/*", "textureMapping": ["meat", "group5"] },
			
			]
  },
  {
    "file": "game:recipes/cooking/porridge.json",
    "op": "addmerge",
    "path": "/ingredients/4/validStacks",
    "value": [
			{ "type": "item", "code": "pemmican:mushroompate-dry",  "shapeElement": "bowl/vegetable 2/*", "textureMapping": [ "vegetable", "group6"]  },
			{ "type": "item", "code": "pemmican:mushroompatebar",  "shapeElement": "bowl/vegetable 2/*", "textureMapping": [ "vegetable", "group6"]  },
			{ "type": "item", "code": "pemmican:mushroomclean-raw",  "shapeElement": "bowl/vegetable 2/*", "textureMapping": [ "vegetable", "group6"]  },
			{ "type": "item", "code": "pemmican:mushroomclean-pickled",  "shapeElement": "bowl/vegetable 2/*", "textureMapping": [ "vegetable", "group6"]  },
			 { "type": "item", "code": "pemmican:algae-grind-green",  "shapeElement": "bowl/vegetable 2/*", "textureMapping": [ "vegetable", "group6"]  },
			 { "type": "item", "code": "pemmican:algae-grind-salt",  "shapeElement": "bowl/vegetable 2/*", "textureMapping": [ "vegetable", "group6"]  },
			    { "type": "item", "code": "pemmican:vegetable-corn-*",  "shapeElement": "bowl/vegetable 2/*", "textureMapping": [ "vegetable", "group6"]  },
				{ "type": "item", "code": "pemmican:vegetable-potato-*",  "shapeElement": "bowl/vegetable 2/*", "textureMapping": [ "vegetable", "group6"]  },
				{ "type": "item", "code": "pemmican:pickledvegetable-pickledpotato",  "shapeElement": "bowl/vegetable 2/*", "textureMapping": [ "vegetable", "group6"]  },
				{ "type": "item", "code": "pemmican:choppedvegetable-*",  "shapeElement": "bowl/vegetable 2/*", "textureMapping": [ "vegetable", "group6"]  },
				{ "type": "item", "code": "pemmican:cookedchoppedvegetable-*",  "shapeElement": "bowl/vegetable 2/*", "textureMapping": [ "vegetable", "group6"]  },
				{ "type": "item", "code": "pemmican:cookedvegetable-corn-*",  "shapeElement": "bowl/vegetable 2/*", "textureMapping": [ "vegetable", "group6"]  },
				{ "type": "item", "code": "pemmican:cookedvegetable-potato-*",  "shapeElement": "bowl/vegetable 2/*", "textureMapping": [ "vegetable", "group6"]  },
				{ "type": "item", "code": "pemmican:cookedvegetable-pickledpotato-*",  "shapeElement": "bowl/vegetable 2/*", "textureMapping": [ "vegetable", "group6"]  },
				{ "type": "item", "code": "pemmican:mushroompate-dry",  "shapeElement": "bowl/vegetable 2/*", "textureMapping": [ "vegetable", "group6"]  },
			 { "type": "item", "code": "pemmican:mushroompatebar",  "shapeElement": "bowl/vegetable 2/*", "textureMapping": [ "vegetable", "group6"]  },
			 { "type": "item", "code": "pemmican:mushroomclean-raw",  "shapeElement": "bowl/vegetable 2/*", "textureMapping": [ "vegetable", "group6"]  },
			 { "type": "item", "code": "pemmican:mushroomclean-pickled",  "shapeElement": "bowl/vegetable 2/*", "textureMapping": [ "vegetable", "group6"]  },
			{ "type": "item", "code": "pemmican:pemmican-cooked",  "shapeElement": "bowl/fruit 2/*", "textureMapping": [ "fruit", "group5"] },
			 { "type": "item", "code": "pemmican:pemmican-bar",  "shapeElement": "bowl/fruit 2/*", "textureMapping": [ "fruit", "group5"] },
			 { "type": "item", "code": "pemmican:pemmican-salt",  "shapeElement": "bowl/fruit 2/*", "textureMapping": [ "fruit", "group5"] },
			 { "type": "item", "code": "pemmican:chips-potato", "shapeElement": "bowl/fruit 2/*", "textureMapping": [ "fruit", "group5"]},
				{ "type": "item", "code": "pemmican:egg-boiled",  "shapeElement": "bowl/fruit 2/*", "textureMapping": [ "fruit", "group5"]},
				{ "type": "item", "code": "pemmican:egg-cooked",  "shapeElement": "bowl/fruit 2/*", "textureMapping": [ "fruit", "group5"]},
				{ "type": "item", "code": "pemmican:starch-*",  "shapeElement": "bowl/fruit 2/*", "textureMapping": [ "fruit", "group5"]},
				{ "type": "item", "code": "pemmican:vegetable-sugarbeet-*",  "shapeElement": "bowl/vegetable 2/*", "textureMapping": [ "vegetable", "group6"] },
				{ "type": "item", "code": "game:redmeat-raw",  "shapeElement": "bowl/meat stew/*", "textureMapping": ["meat", "group6"] },
				{ "type": "item", "code": "game:redmeat-cured",  "shapeElement": "bowl/meat stew/*", "textureMapping": ["meat", "group6"] },
				{ "type": "item", "code": "game:fish-raw",  "shapeElement": "bowl/meat stew/*", "textureMapping": ["meat", "group4"] },
				{ "type": "item", "code": "game:fish-cured",  "shapeElement": "bowl/meat stew/*", "textureMapping": ["meat", "group4"] },
				{ "type": "item", "code": "game:poultry-raw",  "shapeElement": "bowl/meat stew/*", "textureMapping": ["meat", "group5"] },
				{ "type": "item", "code": "game:poultry-cured",  "shapeElement": "bowl/meat stew/*", "textureMapping": ["meat", "group5"] },
			]
  },
  {
    "file": "game:recipes/cooking/porridge.json",
    "op": "addmerge",
    "path": "/ingredients/5/validStacks",
    "value": [
			{ "type": "item", "code": "pemmican:syrup-cane",  "shapeElement": "game:bowl/topping/fruit", "cookedStack": { "type": "item", "code": "jamhoneyportion"}, "textureMapping": [ "topping", "group7"] },
			{ "type": "item", "code": "pemmican:syrup-beet",  "shapeElement": "game:bowl/topping/fruit", "cookedStack": { "type": "item", "code": "jamhoneyportion"}, "textureMapping": [ "topping", "group7"] },
			]
  },
]
