[
  {
    "file": "game:blocktypes/plant/aquatic/seaweed.json",
    "op": "addmerge",
    "path": "/",
    "value": {
      "grindingPropsByType": {
        "*-top": { "groundStack": { "type": "item", "code": "pemmican:algae-grind-green" }},
        "*-section": { "groundStack": { "type": "item", "code": "pemmican:algae-grind-green" }}
      }
    }
  },
  {
  "file": "game:blocktypes/plant/aquatic/seaweed.json",
  "op": "replace",
  "path": "/drops",
  "value": [
    { "type": "block", "code": "seaweed-section", "quantity": { "avg": 1, "var": 0 }, "tool": "knife" },
    { "type": "block", "code": "seaweed-section", "quantity": { "avg": 1 } }
  ]
}
]
