[

  {
    "file": "game:recipes/cooking/soup.json",
    "op": "addmerge",
    "path": "/ingredients/1/validStacks",
    "value": [{ "type": "item", "code": "pemmican:mushroompate-dry",  "shapeElement": "bowl/vegetable base 1/*", "textureMapping": ["vegetable", "group2"] },
				{ "type": "item", "code": "pemmican:mushroompatebar",  "shapeElement": "bowl/vegetable base 1/*", "textureMapping": ["vegetable", "group2"] },
				{ "type": "item", "code": "pemmican:mushroomclean-raw",  "shapeElement": "bowl/vegetable base 1/*", "textureMapping": ["vegetable", "group2"] },
				{ "type": "item", "code": "pemmican:mushroomclean-pickled",  "shapeElement": "bowl/vegetable base 1/*", "textureMapping": ["vegetable", "group2"] },
				{ "type": "item", "code": "pemmican:algae-grind-green",  "shapeElement": "bowl/vegetable base 1/*", "textureMapping": ["vegetable", "group2"] },
				{ "type": "item", "code": "pemmican:algae-grind-salt",  "shapeElement": "bowl/vegetable base 1/*", "textureMapping": ["vegetable", "group2"] },
				{ "type": "item", "code": "pemmican:vegetable-corn-*",  "shapeElement": "bowl/vegetable base 1/*", "textureMapping": ["vegetable", "group2"] },
				{ "type": "item", "code": "pemmican:vegetable-sugarbeet-*",  "shapeElement": "bowl/vegetable base 1/*", "textureMapping": ["vegetable", "group2"] },
				{ "type": "item", "code": "pemmican:vegetable-potato-*",  "shapeElement": "bowl/vegetable base 1/*", "textureMapping": ["vegetable", "group2"] },
				{ "type": "item", "code": "pemmican:pickledvegetable-pickledpotato",  "shapeElement": "bowl/vegetable base 1/*", "textureMapping": ["vegetable", "group2"] },
				{ "type": "item", "code": "pemmican:choppedvegetable-*",  "shapeElement": "bowl/vegetable base 1/*", "textureMapping": ["vegetable", "group2"] },
				{ "type": "item", "code": "pemmican:cookedchoppedvegetable-*",  "shapeElement": "bowl/vegetable base 1/*", "textureMapping": ["vegetable", "group2"] },
				{ "type": "item", "code": "pemmican:cookedvegetable-corn-*",  "shapeElement": "bowl/vegetable base 1/*", "textureMapping": ["vegetable", "group2"] },
				{ "type": "item", "code": "pemmican:cookedvegetable-potato-*",  "shapeElement": "bowl/vegetable base 1/*", "textureMapping": ["vegetable", "group2"] },
				{ "type": "item", "code": "pemmican:cookedvegetable-pickledpotato-*",  "shapeElement": "bowl/vegetable base 1/*", "textureMapping": ["vegetable", "group2"] },
			]
  },
  {
    "file": "game:recipes/cooking/soup.json",
    "op": "addmerge",
    "path": "/ingredients/2/validStacks",
    "value": [{ "type": "item", "code": "pemmican:mushroompate-dry",  "shapeElement": "bowl/vegetable base 2/*", "textureMapping": ["vegetable", "group2"] },
				{ "type": "item", "code": "pemmican:mushroompatebar",  "shapeElement": "bowl/vegetable base 2/*", "textureMapping": ["vegetable", "group2"] },
				{ "type": "item", "code": "pemmican:mushroomclean-raw",  "shapeElement": "bowl/vegetable base 2/*", "textureMapping": ["vegetable", "group2"] },
				{ "type": "item", "code": "pemmican:mushroomclean-pickled",  "shapeElement": "bowl/vegetable base 2/*", "textureMapping": ["vegetable", "group2"] },
				{ "type": "item", "code": "pemmican:algae-grind-green",  "shapeElement": "bowl/vegetable base 2/*", "textureMapping": ["vegetable", "group2"] },
				{ "type": "item", "code": "pemmican:algae-grind-salt",  "shapeElement": "bowl/vegetable base 2/*", "textureMapping": ["vegetable", "group2"] },
				{ "type": "item", "code": "pemmican:vegetable-corn-*",  "shapeElement": "bowl/vegetable base 2/*", "textureMapping": ["vegetable", "group2"] },
				{ "type": "item", "code": "pemmican:vegetable-sugarbeet-*",  "shapeElement": "bowl/vegetable base 2/*", "textureMapping": ["vegetable", "group2"] },
				{ "type": "item", "code": "pemmican:vegetable-potato-*",  "shapeElement": "bowl/vegetable base 2/*", "textureMapping": ["vegetable", "group2"] },
				{ "type": "item", "code": "pemmican:pickledvegetable-pickledpotato",  "shapeElement": "bowl/vegetable base 2/*", "textureMapping": ["vegetable", "group2"] },
				{ "type": "item", "code": "pemmican:choppedvegetable-*",  "shapeElement": "bowl/vegetable base 2/*", "textureMapping": ["vegetable", "group2"] },
				{ "type": "item", "code": "pemmican:cookedchoppedvegetable-*",  "shapeElement": "bowl/vegetable base 2/*", "textureMapping": ["vegetable", "group2"] },
				{ "type": "item", "code": "pemmican:cookedvegetable-corn-*",  "shapeElement": "bowl/vegetable base 2/*", "textureMapping": ["vegetable", "group2"] },
				{ "type": "item", "code": "pemmican:cookedvegetable-potato-*",  "shapeElement": "bowl/vegetable base 2/*", "textureMapping": ["vegetable", "group2"] },
				{ "type": "item", "code": "pemmican:cookedvegetable-pickledpotato-*",  "shapeElement": "bowl/vegetable base 2/*", "textureMapping": ["vegetable", "group2"] },
				{ "type": "item", "code": "pemmican:starch-*",  "shapeElement": "bowl/egg/*" },
			]
  },
  {
    "file": "game:recipes/cooking/soup.json",
    "op": "addmerge",
    "path": "/ingredients/3/validStacks",
    "value": [
				{ "type": "item", "code": "pemmican:mushroomclean-raw",  "shapeElement": "bowl/vegetable base 3/*", "textureMapping": ["vegetable", "group2"] },
				{ "type": "item", "code": "pemmican:mushroomclean-pickled",  "shapeElement": "bowl/vegetable base 3/*", "textureMapping": ["vegetable", "group2"] },
				{ "type": "item", "code": "pemmican:rusks-*-dry", "shapeElement": "bowl/meat/*", "textureMapping": ["meat", "group2"] },
				{ "type": "item", "code": "pemmican:chips-potato", "shapeElement": "bowl/meat/*", "textureMapping": ["meat", "group2"] },				
				{ "type": "item", "code": "pemmican:mushroompate-dry",  "shapeElement": "bowl/vegetable base 3/*", "textureMapping": ["vegetable", "group2"] },
				{ "type": "item", "code": "pemmican:mushroompatebar",  "shapeElement": "bowl/vegetable base 3/*", "textureMapping": ["vegetable", "group2"] },
				{ "type": "item", "code": "pemmican:algae-grind-*",  "shapeElement": "bowl/vegetable base 3/*", "textureMapping": ["vegetable", "group2"] },
				{ "type": "item", "code": "pemmican:vegetable-corn-*",  "shapeElement": "bowl/vegetable base 3/*", "textureMapping": ["vegetable", "group2"] },
				{ "type": "item", "code": "pemmican:vegetable-sugarbeet-*",  "shapeElement": "bowl/vegetable base 3/*", "textureMapping": ["vegetable", "group2"] },
				{ "type": "item", "code": "pemmican:vegetable-potato-*",  "shapeElement": "bowl/vegetable base 3/*", "textureMapping": ["vegetable", "group2"] },
				{ "type": "item", "code": "pemmican:pickledvegetable-pickledpotato",  "shapeElement": "bowl/vegetable base 3/*", "textureMapping": ["vegetable", "group2"] },
				{ "type": "item", "code": "pemmican:choppedvegetable-*",  "shapeElement": "bowl/vegetable base 3/*", "textureMapping": ["vegetable", "group2"] },
				{ "type": "item", "code": "pemmican:cookedchoppedvegetable-*",  "shapeElement": "bowl/vegetable base 3/*", "textureMapping": ["vegetable", "group2"] },
				{ "type": "item", "code": "pemmican:cookedvegetable-corn-*",  "shapeElement": "bowl/vegetable base 3/*", "textureMapping": ["vegetable", "group2"] },
				{ "type": "item", "code": "pemmican:cookedvegetable-potato-*",  "shapeElement": "bowl/vegetable base 3/*", "textureMapping": ["vegetable", "group2"] },
				{ "type": "item", "code": "pemmican:cookedvegetable-pickledpotato-*",  "shapeElement": "bowl/vegetable base 3/*", "textureMapping": ["vegetable", "group2"] },
				{ "type": "item", "code": "pemmican:starch-*",  "shapeElement": "bowl/egg/*" },
			]
  },
  {
    "file": "game:recipes/cooking/soup.json",
    "op": "addmerge",
    "path": "/ingredients/4/validStacks",
    "value": [{ "type": "item", "code": "pemmican:pemmican-raw",  "shapeElement": "bowl/meat/*" },
				{ "type": "item", "code": "pemmican:pemmican-cooked",  "shapeElement": "bowl/meat/*" },
				{ "type": "item", "code": "pemmican:pemmican-bar",  "shapeElement": "bowl/meat/*" },
				{ "type": "item", "code": "pemmican:pemmican-salt",  "shapeElement": "bowl/meat/*" },
				{ "type": "item", "code": "pemmican:mushroompate-dry",  "shapeElement": "bowl/vegetable base 3/*", "textureMapping": ["vegetable", "group2"] },
				{ "type": "item", "code": "pemmican:mushroompatebar",  "shapeElement": "bowl/vegetable base 3/*", "textureMapping": ["vegetable", "group2"] },
				{ "type": "item", "code": "pemmican:mushroomclean-raw",  "shapeElement": "bowl/vegetable base 3/*", "textureMapping": ["vegetable", "group2"] },
				{ "type": "item", "code": "pemmican:mushroomclean-pickled",  "shapeElement": "bowl/vegetable base 3/*", "textureMapping": ["vegetable", "group2"] },
				{ "type": "item", "code": "pemmican:egg-glazed",  "shapeElement": "bowl/egg/*" },
				{ "type": "item", "code": "pemmican:egg-boiled",  "shapeElement": "bowl/egg/*" },
				{ "type": "item", "code": "pemmican:egg-cooked",  "shapeElement": "bowl/egg/*" },
			]
  }
]
