[
 {
    "op": "addmerge",
    "path": "/attributes/contentConfig/-",
    "value": {
      "code": "sugarcane",
      "content": {
        "type": "item",
        "code": "pemmican:pressedmash-sugarcane"
      },
      "quantityPerFillLevel": 2,
      "maxFillLevels": 8,
      "shapesPerFillLevel": [
        "block/wood/trough/large/legumefill1",
        "block/wood/trough/large/legumefill1",
        "block/wood/trough/large/legumefill2",
        "block/wood/trough/large/legumefill2",
        "block/wood/trough/large/legumefill3",
        "block/wood/trough/large/legumefill3",
        "block/wood/trough/large/legumefill4",
        "block/wood/trough/large/legumefill4"
      ],
      "textureCode": "contents-cane"
    },
    "side": "server",
    "file": "blocktypes/wood/trough-large.json"
  },
  {
    "op": "addmerge",
    "path": "/attributes/contentConfig/-",
    "value": {
      "code": "sugarcane",
      "content": {
        "type": "item",
        "code": "pemmican:pressedmash-potato"
      },
      "quantityPerFillLevel": 2,
      "maxFillLevels": 8,
      "shapesPerFillLevel": [
        "block/wood/trough/large/legumefill1",
        "block/wood/trough/large/legumefill1",
        "block/wood/trough/large/legumefill2",
        "block/wood/trough/large/legumefill2",
        "block/wood/trough/large/legumefill3",
        "block/wood/trough/large/legumefill3",
        "block/wood/trough/large/legumefill4",
        "block/wood/trough/large/legumefill4"
      ],
      "textureCode": "contents-potato"
    },
    "side": "server",
    "file": "blocktypes/wood/trough-large.json"
  },
  {
    "op": "addmerge",
    "path": "/attributes/contentConfig/-",
    "value": {
      "code": "sugarbeet",
      "content": {
        "type": "item",
        "code": "pemmican:pressedmash-sugarbeet"
      },
      "quantityPerFillLevel": 2,
      "maxFillLevels": 8,
      "shapesPerFillLevel": [
        "block/wood/trough/large/legumefill1",
        "block/wood/trough/large/legumefill1",
        "block/wood/trough/large/legumefill2",
        "block/wood/trough/large/legumefill2",
        "block/wood/trough/large/legumefill3",
        "block/wood/trough/large/legumefill3",
        "block/wood/trough/large/legumefill4",
        "block/wood/trough/large/legumefill4"
      ],
      "textureCode": "contents-beet"
    },
    "side": "server",
    "file": "blocktypes/wood/trough-large.json"
  },
   {
    "op": "addmerge",
    "path": "/textures/contents-cane",
    "value": {
      "base": "pemmican:resource/pressed-sugarcane",
	  "overlays": ["block/wood/trough/large/shadow"]
    },
    "side": "server",
    "file": "blocktypes/wood/trough-large.json"
  },
   {
    "op": "addmerge",
    "path": "/textures/contents-beet",
    "value": {
      "base": "pemmican:resource/pressed-sugarbeet",
	  "overlays": ["block/wood/trough/large/shadow"]
    },
    "side": "server",
    "file": "blocktypes/wood/trough-large.json"
  },
   {
    "op": "addmerge",
    "path": "/textures/contents-potato",
    "value": {
      "base": "pemmican:resource/pressed-potato",
	  "overlays": ["block/wood/trough/large/shadow"]
    },
    "side": "server",
    "file": "blocktypes/wood/trough-large.json"
  }
  ]