[
  {
    "file": "game:recipes/cooking/vegetablestew.json",
    "op": "addmerge",
    "path": "/ingredients/0/validStacks",
    "value": [
		{ "type": "item", "code": "pemmican:mushroompate-dry",  "shapeElement": "bowl/vegetable 1/*", "textureMapping": [ "vegetable", "group6"]  },
        { "type": "item", "code": "pemmican:mushroompatebar",  "shapeElement": "bowl/vegetable 1/*", "textureMapping": [ "vegetable", "group6"]  },
		{ "type": "item", "code": "pemmican:mushroomclean-raw",  "shapeElement": "bowl/vegetable 1/*", "textureMapping": [ "vegetable", "group6"]  },
		{ "type": "item", "code": "pemmican:mushroomclean-pickled",  "shapeElement": "bowl/vegetable 1/*", "textureMapping": [ "vegetable", "group6"]  },
		{ "type": "item", "code": "pemmican:algae-grind-green",  "shapeElement": "bowl/vegetable 1/*", "textureMapping": [ "vegetable", "group6"]  },
		{ "type": "item", "code": "pemmican:algae-grind-salt",  "shapeElement": "bowl/vegetable 1/*", "textureMapping": [ "vegetable", "group6"]  },
		{ "type": "item", "code": "pemmican:vegetable-corn-*",  "shapeElement": "bowl/vegetable 1/*", "textureMapping": [ "vegetable", "group6"]  },
				{ "type": "item", "code": "pemmican:vegetable-potato-*",  "shapeElement": "bowl/vegetable 1/*", "textureMapping": [ "vegetable", "group6"]  },
				{ "type": "item", "code": "pemmican:pickledvegetable-pickledpotato",  "shapeElement": "bowl/vegetable 1/*", "textureMapping": [ "vegetable", "group6"]  },
				{ "type": "item", "code": "pemmican:choppedvegetable-*",  "shapeElement": "bowl/vegetable 1/*", "textureMapping": [ "vegetable", "group6"]  },
				{ "type": "item", "code": "pemmican:cookedchoppedvegetable-*",  "shapeElement": "bowl/vegetable 1/*", "textureMapping": [ "vegetable", "group6"]  },
				{ "type": "item", "code": "pemmican:cookedvegetable-corn-*",  "shapeElement": "bowl/vegetable 1/*", "textureMapping": [ "vegetable", "group6"]  },
				{ "type": "item", "code": "pemmican:cookedvegetable-potato-*",  "shapeElement": "bowl/vegetable 1/*", "textureMapping": [ "vegetable", "group6"]  },
				{ "type": "item", "code": "pemmican:cookedvegetable-pickledpotato-*",  "shapeElement": "bowl/vegetable 1/*", "textureMapping": [ "vegetable", "group6"]  },
				{ "type": "item", "code": "pemmican:vegetable-sugarbeet-*",  "shapeElement": "bowl/vegetable 1/*", "textureMapping": [ "vegetable", "group6"]  },
      ]
  },
  {
    "file": "game:recipes/cooking/vegetablestew.json",
    "op": "addmerge",
    "path": "/ingredients/1/validStacks",
    "value": [
		{ "type": "item", "code": "pemmican:mushroompate-dry",  "shapeElement": "bowl/vegetable 2/*", "textureMapping": [ "vegetable", "group6"], "textureMapping": [ "vegetable", "group6"], "textureMapping": [ "vegetable", "group6"]  },
		{ "type": "item", "code": "pemmican:mushroompatebar",  "shapeElement": "bowl/vegetable 2/*", "textureMapping": [ "vegetable", "group6"], "textureMapping": [ "vegetable", "group6"] },
		{ "type": "item", "code": "pemmican:mushroomclean-raw",  "shapeElement": "bowl/vegetable 2/*", "textureMapping": [ "vegetable", "group6"], "textureMapping": [ "vegetable", "group6"] },
		{ "type": "item", "code": "pemmican:mushroomclean-pickled",  "shapeElement": "bowl/vegetable 2/*", "textureMapping": [ "vegetable", "group6"], "textureMapping": [ "vegetable", "group6"] },
		{ "type": "item", "code": "pemmican:algae-grind-green",  "shapeElement": "bowl/vegetable 2/*", "textureMapping": [ "vegetable", "group6"], "textureMapping": [ "vegetable", "group6"] },
		{ "type": "item", "code": "pemmican:algae-grind-salt",  "shapeElement": "bowl/vegetable 2/*", "textureMapping": [ "vegetable", "group6"], "textureMapping": [ "vegetable", "group6"] },
		{ "type": "item", "code": "pemmican:vegetable-corn-*",  "shapeElement": "bowl/vegetable 2/*", "textureMapping": [ "vegetable", "group6"] },
				{ "type": "item", "code": "pemmican:vegetable-potato-*",  "shapeElement": "bowl/vegetable 2/*", "textureMapping": [ "vegetable", "group6"] },
				{ "type": "item", "code": "pemmican:pickledvegetable-pickledpotato",  "shapeElement": "bowl/vegetable 2/*", "textureMapping": [ "vegetable", "group6"] },
				{ "type": "item", "code": "pemmican:choppedvegetable-*",  "shapeElement": "bowl/vegetable 2/*", "textureMapping": [ "vegetable", "group6"] },
				{ "type": "item", "code": "pemmican:cookedchoppedvegetable-*",  "shapeElement": "bowl/vegetable 2/*", "textureMapping": [ "vegetable", "group6"] },
				{ "type": "item", "code": "pemmican:cookedvegetable-corn-*",  "shapeElement": "bowl/vegetable 2/*", "textureMapping": [ "vegetable", "group6"] },
				{ "type": "item", "code": "pemmican:cookedvegetable-potato-*",  "shapeElement": "bowl/vegetable 2/*", "textureMapping": [ "vegetable", "group6"] },
				{ "type": "item", "code": "pemmican:cookedvegetable-pickledpotato-*",  "shapeElement": "bowl/vegetable 2/*", "textureMapping": [ "vegetable", "group6"] },
				{ "type": "item", "code": "pemmican:vegetable-sugarbeet-*",  "shapeElement": "bowl/vegetable 2/*", "textureMapping": [ "vegetable", "group6"] },
      ]
  },
  {
    "file": "game:recipes/cooking/vegetablestew.json",
    "op": "addmerge",
    "path": "/ingredients/2/validStacks",
    "value": [
		{ "type": "item", "code": "pemmican:mushroompate-dry",  "shapeElement": "bowl/vegetable 3/*", "textureMapping": [ "vegetable", "group6"] },
		{ "type": "item", "code": "pemmican:mushroomclean-raw",  "shapeElement": "bowl/vegetable 3/*", "textureMapping": [ "vegetable", "group6"] },
		{ "type": "item", "code": "pemmican:mushroomclean-pickled",  "shapeElement": "bowl/vegetable 3/*", "textureMapping": [ "vegetable", "group6"] },
		{ "type": "item", "code": "pemmican:algae-grind-green",  "shapeElement": "bowl/vegetable 3/*", "textureMapping": [ "vegetable", "group6"] },
		{ "type": "item", "code": "pemmican:algae-grind-salt",  "shapeElement": "bowl/vegetable 3/*", "textureMapping": [ "vegetable", "group6"] },
		{ "type": "item", "code": "pemmican:vegetable-corn-*",  "shapeElement": "bowl/vegetable 3/*", "textureMapping": [ "vegetable", "group6"] },
				{ "type": "item", "code": "pemmican:vegetable-potato-*",  "shapeElement": "bowl/vegetable 3/*", "textureMapping": [ "vegetable", "group6"] },
				{ "type": "item", "code": "pemmican:pickledvegetable-pickledpotato",  "shapeElement": "bowl/vegetable 3/*", "textureMapping": [ "vegetable", "group6"] },
				{ "type": "item", "code": "pemmican:choppedvegetable-*",  "shapeElement": "bowl/vegetable 3/*", "textureMapping": [ "vegetable", "group6"] },
				{ "type": "item", "code": "pemmican:cookedchoppedvegetable-*",  "shapeElement": "bowl/vegetable 3/*", "textureMapping": [ "vegetable", "group6"] },
				{ "type": "item", "code": "pemmican:cookedvegetable-corn-*",  "shapeElement": "bowl/vegetable 3/*", "textureMapping": [ "vegetable", "group6"] },
				{ "type": "item", "code": "pemmican:cookedvegetable-potato-*",  "shapeElement": "bowl/vegetable 3/*", "textureMapping": [ "vegetable", "group6"] },
				{ "type": "item", "code": "pemmican:cookedvegetable-pickledpotato-*",  "shapeElement": "bowl/vegetable 3/*", "textureMapping": [ "vegetable", "group6"] },
								{ "type": "item", "code": "pemmican:starch-*",  "shapeElement": "bowl/vegetable 3/*", "textureMapping": [ "vegetable", "group6"] },
								{ "type": "item", "code": "pemmican:vegetable-sugarbeet-*",  "shapeElement": "bowl/vegetable 3/*", "textureMapping": [ "vegetable", "group6"] },
      ]
  },
  {
    "file": "game:recipes/cooking/vegetablestew.json",
    "op": "addmerge",
    "path": "/ingredients/3/validStacks",
    "value": [
		{ "type": "item", "code": "pemmican:mushroompate-dry",  "shapeElement": "bowl/vegetable 4/*", "textureMapping": [ "vegetable", "group6"] },
		{ "type": "item", "code": "pemmican:mushroomclean-raw",  "shapeElement": "bowl/vegetable 4/*", "textureMapping": [ "vegetable", "group6"] },
		{ "type": "item", "code": "pemmican:mushroomclean-pickled",  "shapeElement": "bowl/vegetable 4/*", "textureMapping": [ "vegetable", "group6"] },
		{ "type": "item", "code": "pemmican:algae-grind-green",  "shapeElement": "bowl/vegetable 4/*", "textureMapping": [ "vegetable", "group6"] },
		{ "type": "item", "code": "pemmican:algae-grind-salt",  "shapeElement": "bowl/vegetable 4/*", "textureMapping": [ "vegetable", "group6"] },
		{ "type": "item", "code": "pemmican:vegetable-corn-*",  "shapeElement": "bowl/vegetable 4/*", "textureMapping": [ "vegetable", "group6"] },
				{ "type": "item", "code": "pemmican:vegetable-potato-*",  "shapeElement": "bowl/vegetable 4/*", "textureMapping": [ "vegetable", "group6"] },
				{ "type": "item", "code": "pemmican:pickledvegetable-pickledpotato",  "shapeElement": "bowl/vegetable 4/*", "textureMapping": [ "vegetable", "group6"] },
				{ "type": "item", "code": "pemmican:choppedvegetable-*",  "shapeElement": "bowl/vegetable 4/*", "textureMapping": [ "vegetable", "group6"] },
				{ "type": "item", "code": "pemmican:cookedchoppedvegetable-*",  "shapeElement": "bowl/vegetable 4/*", "textureMapping": [ "vegetable", "group6"] },
				{ "type": "item", "code": "pemmican:cookedvegetable-corn-*",  "shapeElement": "bowl/vegetable 4/*", "textureMapping": [ "vegetable", "group6"] },
				{ "type": "item", "code": "pemmican:cookedvegetable-potato-*",  "shapeElement": "bowl/vegetable 4/*", "textureMapping": [ "vegetable", "group6"] },
				{ "type": "item", "code": "pemmican:cookedvegetable-pickledpotato-*",  "shapeElement": "bowl/vegetable 4/*", "textureMapping": [ "vegetable", "group6"] },
				{ "type": "item", "code": "pemmican:starch-*",  "shapeElement": "bowl/vegetable 4/*", "textureMapping": [ "vegetable", "group6"] },
				{ "type": "item", "code": "pemmican:vegetable-sugarbeet-*",  "shapeElement": "bowl/vegetable 4/*", "textureMapping": [ "vegetable", "group6"] },
      ]
  }
]
