{
  "fluffdreg": {
	"Enabled": true,
	"Group": "beasts",
	"GroupIcon": "playermodellib:icons/beasts",
	"Icon": "fluffydreg:icons/fluffdreg",
	"ShapePath": "fluffydreg:entity/fluffdreg",
	"ExtraTraits": [ "fluffdreg-nimble", "fluffdreg-fluffy", "fluffdreg-goodmetabolism", "fluffdreg-weak", "fluffdreg-flammable" ],
	"RemoveTags": ["seraph"],
	"AddTags": ["beast"],
	"SizeRange": [ 0.8, 1.1 ],
	"MaxCollisionBox": [0.80, 1.99],
	"MinCollisionBox": [0.1, 0.1],
	"ScaleColliderWithSizeHorizontally": true,
	"ScaleColliderWithSizeVertically": true,
	"MaxEyeHeight": 1.95,
	"MinEyeHeight": 0.1,
	"ModelSizeFactor": 0.9,
	"HeadBobbingScale": 0.9,
	"GuiModelScale": 0.9,
	"SkinnableParts": [
			{
				"code": "fluffdreg-fur",
				"type": "texture",
				"textureTarget": "fluffdregtex",
				"overlayTexture": false,
				"targetSkinParts": [ "base", "fluffdreg-expression", "fluffdreg-headfluff", "fluffdreg-tail" ],
				"textureTemplate": "fluffydreg:entity/skins/{code}",
				"variants": [
					{ "code": "skin1", "color": "050103137" },
					{ "code": "skin2", "color": "137050064" },
					{ "code": "skin3", "color": "050138050" },
					{ "code": "skin4", "color": "112082039" },
					{ "code": "skin5", "color": "153146029" },
					{ "code": "skin6", "color": "123077122" },
					{ "code": "skin7", "color": "067095056" },
					{ "code": "skin8", "color": "090089086" },
					{ "code": "skin9", "color": "031035036" },
					{ "code": "skin10", "color": "115018019" },
					{ "code": "skin11", "color": "209226236" },
					{ "code": "skin12", "color": "235146063" },
					{ "code": "skin13", "color": "030030030" },
					{ "code": "skin14", "color": "213137054" },
					{ "code": "skin15", "color": "248216098" },
					{ "code": "skin16", "color": "021021059" },
					{ "code": "custom1", "color": "147068063" }
				]
			},
			{
				"code": "eyecolor",
				"type": "texture",
				"textureTarget": "playermodellib-iris",
				"targetSkinParts": [ "fluffdreg-expression" ],
				"variants": [
					{ "code": "acid-green", "texture": "playermodellib:eyes/acid-green" },
					{ "code": "aquamarine", "texture": "playermodellib:eyes/aquamarine" },
					{ "code": "azure", "texture": "playermodellib:eyes/azure" },
					{ "code": "bitter-lemon", "texture": "playermodellib:eyes/bitter-lemon" },
					{ "code": "cadmium-orange", "texture": "playermodellib:eyes/cadmium-orange" },
					{ "code": "citron", "texture": "playermodellib:eyes/citron" },
					{ "code": "dark-green", "texture": "playermodellib:eyes/dark-green" },
					{ "code": "forest-green", "texture": "playermodellib:eyes/forest-green" },
					{ "code": "goldenrod", "texture": "playermodellib:eyes/goldenrod" },
					{ "code": "jade", "texture": "playermodellib:eyes/jade" },
					{ "code": "lavander", "texture": "playermodellib:eyes/lavander" },
					{ "code": "malachite", "texture": "playermodellib:eyes/malachite" },
					{ "code": "mantis", "texture": "playermodellib:eyes/mantis" },
					{ "code": "midnight", "texture": "playermodellib:eyes/midnight" },
					{ "code": "phthalo-blue", "texture": "playermodellib:eyes/phthalo-blue" },
					{ "code": "purple", "texture": "playermodellib:eyes/purple" },
					{ "code": "sand", "texture": "playermodellib:eyes/sand" },
					{ "code": "sapphire", "texture": "playermodellib:eyes/sapphire" },
					{ "code": "white", "texture": "playermodellib:eyes/white" },
					{ "code": "ruby", "texture": "playermodellib:eyes/ruby" },
					{ "code": "topaz", "texture": "playermodellib:eyes/topaz" }
				]
			},
			{
				"code": "haircolor",
				"type": "texture",
				"textureTarget": "hair",
				"targetSkinParts": [ "hairbase", "hairextra" ],
				"textureTemplate": "game:entity/humanoid/seraphskinparts/hair/{code}",
				"variants": [
					{ "code": "lightgray" },
					{ "code": "silverchalice" },
					{ "code": "slategray" },
					{ "code": "eerieblack" },
					{ "code": "mossgreen" },
					{ "code": "seagreen" },
					{ "code": "wintergreendream" },
					{ "code": "steelblue" },
					{ "code": "queenblue" },
					{ "code": "indigodye" },
					{ "code": "heliotropegray" },
					{ "code": "palatinatepurple" },
					{ "code": "darkpurple" },
					{ "code": "wheat" },
					{ "code": "ecru" },
					{ "code": "sanddune" },
					{ "code": "harvestgold" },
					{ "code": "cordovan" },
					{ "code": "rosewood" },
					{ "code": "russet" },
					{ "code": "liver" },
					{ "code": "oldburgundy" }
				]
			},
			{
				"code": "fluffdreg-earpiercing-color",
				"type": "texture",
				"textureTarget": "piercingtex",
				"targetSkinParts": [ "fluffdreg-earpiercing" ],
				"textureTemplate": "fluffydreg:parts/earpiercing/{code}",
				"variants": [
					{ "code": "gold" },
					{ "code": "silver" },
					{ "code": "stainlesssteel" },
					{ "code": "iron" },
					{ "code": "blackmetal" },
					{ "code": "platinum" },
					{ "code": "blackbronze" },
					{ "code": "brass" },
					{ "code": "electrum" }
				]
			},
			{
				"code": "fluffdreg-face",
				"type": "texture",
				"textureTarget": "fluffdregface",
				"targetSkinParts": [ "base" ],
				"textureTemplate": "fluffydreg:parts/face/{code}",
				"useDropDown": true,
				"variants": [
					{ "code": "none" },
					{ "code": "cat" },
					{ "code": "catwide" },
					{ "code": "dubious" },
					{ "code": "happy" },
					{ "code": "mischievous" },
					{ "code": "neutral" },
					{ "code": "sad" },
					{ "code": "catsmirk" },
					{ "code": "smirk" },
					{ "code": "unamused" },
					{ "code": "smile" },
					{ "code": "wobbly" },
					{ "code": "verywobbly" }
				]
			},
			{
				"code": "fluffdreg-horns-color",
				"type": "texture",
				"textureTarget": "hornstex",
				"targetSkinParts": [ "fluffdreg-horns" ],
				"textureTemplate": "fluffydreg:parts/horns/{code}",
				"colbreak": true,
				"variants": [
					{ "code": "grey" },
					{ "code": "black" },
					{ "code": "darkblack" },
					{ "code": "cyan" },
					{ "code": "darkcyan" },
					{ "code": "lightblue" },
					{ "code": "blue" },
					{ "code": "darkgreen" },
					{ "code": "green" },
					{ "code": "lightgreen" },
					{ "code": "brown" },
					{ "code": "purple" },
					{ "code": "darkpurple" },
					{ "code": "red" }
				]
			},
			{
				"code": "hairbase",
				"type": "shape",
				"shapeTemplate": { "base": "game:entity/humanoid/seraphskinparts/hair-base/{code}" },
				"variants": [
					{ "code": "bald" },
					{ "code": "balding" },
					{ "code": "afro" },
					{ "code": "combed" },
					{ "code": "dreadlocks" },
					{ "code": "indigenousbalding" },
					{ "code": "iroquois" },
					{ "code": "kniaz" },
					{ "code": "layered" },
					{ "code": "longflowing" },
					{ "code": "longwithstrands" },
					{ "code": "mediumlength-bangs" },
					{ "code": "messy" },
					{ "code": "messy2" },
					{ "code": "classic" },
					{ "code": "short" },
					{ "code": "short-parted" },
					{ "code": "shortspiky" },
					{ "code": "short-trimmed" },
					{ "code": "tonsure" }
				]
			},
			{
				"code": "hairextra",
				"type": "shape",
				"shapeTemplate": { "base": "game:entity/humanoid/seraphskinparts/hair-extra/{code}" },
				"variants": [
					{ "code": "none" },
					{ "code": "backbun" },
					{ "code": "braidedup" },
					{ "code": "elaboratestickbun" },
					{ "code": "headsidebraid" },
					{ "code": "largestickbun" },
					{ "code": "neatbraid" },
					{ "code": "classicponytail" },
					{ "code": "ponytail" },
					{ "code": "rolledbraidwithbun" },
					{ "code": "shortmessybraid" },
					{ "code": "sidebraids" },
					{ "code": "sidebuns" },
					{ "code": "siderolls" },
					{ "code": "snood" },
					{ "code": "thicklongfrenchbraid" },
					{ "code": "tiedback" },
					{ "code": "tieddreads" },
					{ "code": "tiedtopknot" },
					{ "code": "topbun" },
					{ "code": "topknot" },
					{ "code": "unkempt" },
					{ "code": "vikingtopbraid" }
				]
			},
			{
				"code": "fluffdreg-headfluff",
				"type": "shape",
				"shapeTemplate": { "base": "fluffydreg:parts/headfluff/{code}" },
				"variants": [
					{ "code": "full" },
					{ "code": "shorttop" },
					{ "code": "notop" },
					{ "code": "shortside" },
					{ "code": "shortside-shorttop" },
					{ "code": "shortside-notop" }
				]
			},
			{
				"code": "fluffdreg-earpiercing",
				"type": "shape",
				"useDropDown": true,
				"shapeTemplate": { "base": "fluffydreg:parts/earpiercing/{code}" },
				"variants": [
					{ "code": "none" },
					{ "code": "ring-top-right" },
					{ "code": "ring-top-left" },
					{ "code": "ring-top-both" },
					{ "code": "ring-bot-right" },
					{ "code": "ring-bot-left" },
					{ "code": "ring-bot-both" },
					{ "code": "ring-triple-right" },
					{ "code": "ring-triple-left" },
					{ "code": "bar-top-right" },
					{ "code": "bar-top-left" }
				]
			},
			{
				"code": "fluffdreg-horns",
				"type": "shape",
				"useDropDown": true,
				"shapeTemplate": { "base": "fluffydreg:parts/horns/{code}" },
				"variants": [
					{ "code": "none" },
					{ "code": "ram" },
					{ "code": "curly" },
					{ "code": "curlyout" },
					{ "code": "smallpointy" },
					{ "code": "small" },
					{ "code": "double" },
					{ "code": "wavy" },
					{ "code": "wavygold" },
					{ "code": "punished" },
					{ "code": "frontspikes" }
				]
			},
			{
				"code": "fluffdreg-expression",
				"type": "shape",
				"shapeTemplate": { "base": "fluffydreg:parts/expression/{code}" },
				"variants": [
					{ "code": "adequate" },
					{ "code": "angry" },
					{ "code": "caring" },
					{ "code": "determined" },
					{ "code": "exhausted" },
					{ "code": "fierce" },
					{ "code": "grin" },
					{ "code": "indifferent" },
					{ "code": "kind" },
					{ "code": "mellow" },
					{ "code": "neutral" },
					{ "code": "sad" },
					{ "code": "serious" },
					{ "code": "smirk" },
					{ "code": "thoughtful" },
					{ "code": "tired" },
					{ "code": "upset" },
					{ "code": "weary" },
					{ "code": "very-sad" },
					{ "code": "thekisser" }
				]
			},
			{
				"code": "fluffdreg-tail",
				"type": "shape",
				"useDropDown": true,
				"shapeTemplate": { "base": "fluffydreg:parts/tail/{code}" },
				"variants": [
					{ "code": "default" },
					{ "code": "legacy" },
					{ "code": "kobold" },
					{ "code": "fox" }
				]
			},
			{
				"code": "voicetype",
				"type": "voice", 
				"useDropDown": true,
				"variants": [
					{ "code": "altoflute", "sound": "sounds/voice/altoflute" },
					{ "code": "harmonica", "sound": "sounds/voice/harmonica" },
					{ "code": "oboe", "sound": "sounds/voice/oboe" },
					{ "code": "clarinet", "sound": "sounds/voice/clarinet" },
					{ "code": "accordion", "sound": "sounds/voice/accordion" },
					{ "code": "trumpet", "sound": "sounds/voice/trumpet" },
					{ "code": "sax", "sound": "sounds/voice/sax" },
					{ "code": "tuba", "sound": "sounds/voice/tuba" }
				]
			},
			{
				"code": "voicepitch",
				"type": "voice", 
				"useDropDown": true,
				"variants": [
					{ "code": "verylow" },
					{ "code": "low" },
					{ "code": "medium" },
					{ "code": "high" }
				]
			},
			{
				"code": "underwear",
				"type": "texture", 
				"useDropDown": true,
				"textureTarget": "fluffdregtex",
				"overlayTexture": true,
				"overlayMode": "normal",
				"variants": [
					{ "code": "twopiece", "texture": "fluffydreg:parts/underwear/twopiece" },
					{ "code": "leotard", "texture": "fluffydreg:parts/underwear/leotard" },
					{ "code": "breeches", "texture": "fluffydreg:parts/underwear/breeches" },
					{ "code": "none", "texture": "fluffydreg:parts/underwear/none" }
				]
			}
		]
  }
}