{
	"editor": {
		"collapsedPaths": "Root/shoefluffL,Root/shoeL/hideshoel,Root/hideshoel,Root/shoeL/front16,Root/shoeL/LacesR1,Root/shoeR/shoefluffR,Root/shoeR/hideshoer,Root/shoeL/shoefluffL,Root/shoeL/LacesL1",
		"allAngles": true,
		"entityTextureMode": true
	},
	"textureWidth": 16,
	"textureHeight": 28,
	"textureSizes": {
		"shoes": [16,28]
	},
	"textures": {
		"shoes": "entity/humanoid/seraphclothes/foot/knee-high-fur-boots"
	},
	"elements": [
		{
			"name": "shoeR",
			"stepParentName": "PawR",
			"from": [ -0.1, -0.1, -0.1 ],
			"to": [ 3.1, 7.4, 3.1 ],
			"unwrapMode": 4,
			"autoUnwrap": false,
			"uv": [ 1.0, 16.5 ],
			"rotationOrigin": [ -0.1, -0.1, -0.1 ],
			"faces": {
				"north": { "texture": "#shoes", "uv": [ 1.0, 20.5, 4.0, 28.0 ], "windMode": [-1,-1,-1,-1] },
				"east": { "texture": "#shoes", "uv": [ 12.0, 20.5, 15.0, 28.0 ] },
				"south": { "texture": "#shoes", "uv": [ 8.0, 20.5, 11.0, 28.0 ] },
				"west": { "texture": "#shoes", "uv": [ 5.0, 20.5, 8.0, 28.0 ] },
				"up": { "texture": "#shoes", "uv": [ 13.0, 0.0, 16.0, 3.0 ], "rotation": 90 },
				"down": { "texture": "#shoes", "uv": [ 0.0, 4.0, 3.0, 7.0 ], "rotation": 90 }
			}
		},
		{
			"name": "shoeL",
			"stepParentName": "PawL",
			"from": [ -0.1, -0.1, -0.1 ],
			"to": [ 3.1, 7.4, 3.1 ],
			"unwrapMode": 4,
			"autoUnwrap": false,
			"uv": [ 1.0, 7.0 ],
			"rotationOrigin": [ -0.1, -0.1, -0.1 ],
			"faces": {
				"north": { "texture": "#shoes", "uv": [ 1.0, 10.5, 4.0, 18.0 ] },
				"east": { "texture": "#shoes", "uv": [ 12.0, 10.5, 15.0, 18.0 ] },
				"south": { "texture": "#shoes", "uv": [ 8.0, 10.5, 11.0, 18.0 ] },
				"west": { "texture": "#shoes", "uv": [ 5.0, 10.5, 8.0, 18.0 ] },
				"up": { "texture": "#shoes", "uv": [ 10.0, 0.0, 13.0, 3.0 ], "rotation": 90 },
				"down": { "texture": "#shoes", "uv": [ 4.0, 4.0, 7.0, 7.0 ], "rotation": 90 }
			}
		},
		{
			"name": "hideshoel",
			"stepParentName": "LowerFootL",
			"from": [ 0.0, 0.0, 0.0 ],
			"to": [ 1.0, 1.0, 1.0 ],
			"uv": [ 3.0, 1.5 ],
			"faces": {
			},
			"children": [
				{
					"name": "LlipELower",
					"from": [ 3.2, 0.0, 0.0 ],
					"to": [ 3.4, 2.0, 3.2 ],
					"unwrapMode": 2,
					"autoUnwrap": false,
					"uv": [ 11.5, 9.0 ],
					"rotationOrigin": [ 3.2, 0.0, 0.0 ],
					"rotationZ": -6.0,
					"faces": {
						"north": { "texture": "#shoes", "uv": [ 15.0, 9.5, 15.5, 11.5 ] },
						"east": { "texture": "#shoes", "uv": [ 12.0, 9.5, 15.0, 11.5 ] },
						"south": { "texture": "#shoes", "uv": [ 11.5, 9.5, 12.0, 11.5 ] },
						"west": { "texture": "#shoes", "uv": [ 4.0, 2.0, 7.0, 4.0 ] },
						"up": { "texture": "#shoes", "uv": [ 12.0, 9.0, 15.0, 9.5 ], "rotation": 270 }
					}
				},
				{
					"name": "LlipSLower",
					"from": [ 0.0, -0.01, 3.0 ],
					"to": [ 3.4, 1.99, 3.2 ],
					"unwrapMode": 3,
					"autoUnwrap": false,
					"uv": [ 7.5, 9.5 ],
					"rotationOrigin": [ 0.0, 0.0, 3.0 ],
					"rotationX": 6.0,
					"faces": {
						"north": { "texture": "#shoes", "uv": [ 6.0, 0.5, 9.0, 2.5 ] },
						"east": { "texture": "#shoes", "uv": [ 12.0, 9.5, 12.5, 11.5 ] },
						"south": { "texture": "#shoes", "uv": [ 8.0, 9.5, 11.0, 11.5 ] },
						"west": { "texture": "#shoes", "uv": [ 7.5, 9.5, 8.0, 11.5 ] },
						"up": { "texture": "#shoes", "uv": [ 8.0, 9.0, 11.0, 9.5 ], "windMode": [-1,-1,-1,-1] }
					}
				},
				{
					"name": "LLipNLower",
					"from": [ 0.0, 0.0, 0.0 ],
					"to": [ 3.4, 2.0, 0.2 ],
					"unwrapMode": 1,
					"autoUnwrap": false,
					"uv": [ 0.5, 8.0 ],
					"rotationOrigin": [ 0.0, 0.0, 0.2 ],
					"rotationX": -6.0,
					"faces": {
						"north": { "texture": "#shoes", "uv": [ 1.0, 9.5, 4.0, 11.5 ] },
						"east": { "texture": "#shoes", "uv": [ 0.5, 9.5, 1.0, 11.5 ] },
						"south": { "texture": "#shoes", "uv": [ 0.0, 0.0, 3.0, 2.0 ], "windMode": [-1,-1,-1,-1] },
						"west": { "texture": "#shoes", "uv": [ 5.0, 9.5, 5.5, 11.5 ] },
						"up": { "texture": "#shoes", "uv": [ 1.0, 9.0, 4.0, 9.5 ], "windMode": [-1,-1,-1,-1] }
					}
				},
				{
					"name": "LlipWLower",
					"from": [ 0.0, 0.0, 0.0 ],
					"to": [ 0.2, 2.0, 3.2 ],
					"unwrapMode": 4,
					"autoUnwrap": false,
					"uv": [ 4.5, 9.0 ],
					"rotationOrigin": [ 0.2, 0.0, 0.0 ],
					"rotationZ": 6.0,
					"faces": {
						"north": { "texture": "#shoes", "uv": [ 4.5, 9.5, 5.0, 11.5 ] },
						"east": { "texture": "#shoes", "uv": [ 6.0, 0.0, 9.0, 2.0 ] },
						"south": { "texture": "#shoes", "uv": [ 8.0, 9.5, 8.5, 11.5 ] },
						"west": { "texture": "#shoes", "uv": [ 5.0, 9.5, 8.0, 11.5 ] },
						"up": { "texture": "#shoes", "uv": [ 5.0, 9.0, 8.0, 9.5 ], "rotation": 90, "windMode": [-1,-1,-1,-1] }
					}
				}
			]
		},
		{
			"name": "shoefluffL",
			"stepParentName": "LowerFootL",
			"from": [ 0.0, -7.0, 0.0 ],
			"to": [ 1.0, -6.0, 1.0 ],
			"uv": [ 0.0, 0.0 ],
			"rotationOrigin": [ 0.0, -7.0, 0.0 ],
			"faces": {
			},
			"children": [
				{
					"name": "LeftEFur",
					"from": [ 3.49, 8.2797, -0.1 ],
					"to": [ 4.49, 9.2797, 3.3 ],
					"unwrapMode": 2,
					"uv": [ 1.0, 1.0 ],
					"rotationOrigin": [ 3.4876, 8.2797, -0.1 ],
					"rotationZ": 39.0,
					"faces": {
						"north": { "texture": "#shoes", "uv": [ 5.0, 2.0, 6.0, 3.0 ] },
						"east": { "texture": "#shoes", "uv": [ 2.0, 2.0, 5.0, 3.0 ] },
						"south": { "texture": "#shoes", "uv": [ 1.0, 2.0, 2.0, 3.0 ] },
						"west": { "texture": "#shoes", "uv": [ 6.0, 2.0, 9.0, 3.0 ] },
						"up": { "texture": "#shoes", "uv": [ 2.0, 1.0, 5.0, 2.0 ], "rotation": 270 },
						"down": { "texture": "#shoes", "uv": [ 2.0, 3.0, 5.0, 4.0 ], "rotation": 270 }
					}
				},
				{
					"name": "LeftSFur",
					"from": [ -0.1, 8.2697, 3.2876 ],
					"to": [ 3.5, 9.2697, 4.2876 ],
					"unwrapMode": 3,
					"uv": [ 0.0, 0.0 ],
					"rotationOrigin": [ -0.1, 8.2797, 3.2876 ],
					"rotationX": -39.0,
					"faces": {
						"north": { "texture": "#shoes", "uv": [ 5.5, 1.0, 9.0, 2.0 ], "windMode": [-1,-1,-1,-1] },
						"east": { "texture": "#shoes", "uv": [ 4.5, 1.0, 5.5, 2.0 ] },
						"south": { "texture": "#shoes", "uv": [ 1.0, 1.0, 4.5, 2.0 ] },
						"west": { "texture": "#shoes", "uv": [ 0.0, 1.0, 1.0, 2.0 ] },
						"up": { "texture": "#shoes", "uv": [ 1.0, 0.0, 4.5, 1.0 ] },
						"down": { "texture": "#shoes", "uv": [ 1.0, 2.0, 4.5, 3.0 ], "rotation": 180, "windMode": [-1,-1,-1,-1] }
					}
				},
				{
					"name": "LeftNFur",
					"from": [ -0.1, 8.2797, -0.0876 ],
					"to": [ 3.5, 9.2797, 0.9124 ],
					"unwrapMode": 5,
					"uv": [ 1.5, 0.0 ],
					"rotationOrigin": [ -0.1, 8.2797, -0.0876 ],
					"rotationX": -51.0,
					"faces": {
						"north": { "texture": "#shoes", "uv": [ 2.5, 0.0, 6.0, 1.0 ], "rotation": 180 },
						"east": { "texture": "#shoes", "uv": [ 6.0, 1.0, 7.0, 2.0 ], "rotation": 90 },
						"south": { "texture": "#shoes", "uv": [ 2.5, 2.0, 6.0, 3.0 ] },
						"west": { "texture": "#shoes", "uv": [ 1.5, 1.0, 2.5, 2.0 ], "rotation": 270 },
						"up": { "texture": "#shoes", "uv": [ 2.5, 1.0, 6.0, 2.0 ] }
					}
				},
				{
					"name": "LeftWFur",
					"from": [ -0.0876, 8.2797, -0.1 ],
					"to": [ 0.9124, 9.2797, 3.3 ],
					"unwrapMode": 4,
					"uv": [ 2.0, 1.0 ],
					"rotationOrigin": [ -0.0876, 8.2797, -0.1 ],
					"rotationZ": 51.0,
					"faces": {
						"north": { "texture": "#shoes", "uv": [ 2.0, 2.0, 3.0, 3.0 ] },
						"east": { "texture": "#shoes", "uv": [ 7.0, 2.0, 10.0, 3.0 ] },
						"south": { "texture": "#shoes", "uv": [ 6.0, 2.0, 7.0, 3.0 ] },
						"west": { "texture": "#shoes", "uv": [ 3.0, 2.0, 6.0, 3.0 ] },
						"up": { "texture": "#shoes", "uv": [ 3.0, 1.0, 6.0, 2.0 ], "rotation": 90 },
						"down": { "texture": "#shoes", "uv": [ 3.0, 3.0, 6.0, 4.0 ], "rotation": 90 }
					}
				}
			]
		},
		{
			"name": "showshoeL",
			"stepParentName": "LowerFootL",
			"from": [ 0.0, 0.0, 0.0 ],
			"to": [ 3.4, 2.0, 3.2 ],
			"uv": [ 1.0, 9.5 ],
			"faces": {
				"north": { "texture": "#shoes", "uv": [ 1.0, 9.5, 4.0, 11.5 ] },
				"east": { "texture": "#shoes", "uv": [ 4.0, 9.5, 7.0, 11.5 ] },
				"south": { "texture": "#shoes", "uv": [ 7.0, 9.5, 10.0, 11.5 ] },
				"west": { "texture": "#shoes", "uv": [ 10.0, 9.5, 13.0, 11.5 ] }
			}
		},
		{
			"name": "hideshoer",
			"stepParentName": "LowerFootR",
			"from": [ 0.0, 0.0, 0.0 ],
			"to": [ 1.0, 1.0, 1.0 ],
			"uv": [ 3.0, 1.5 ],
			"faces": {
			},
			"children": [
				{
					"name": "LlipELower2",
					"from": [ 3.2, 0.0, 0.0 ],
					"to": [ 3.4, 2.0, 3.2 ],
					"unwrapMode": 2,
					"autoUnwrap": false,
					"uv": [ 11.5, 19.0 ],
					"rotationOrigin": [ 3.2, 0.0, 0.0 ],
					"rotationZ": -6.0,
					"faces": {
						"north": { "texture": "#shoes", "uv": [ 15.0, 19.5, 15.5, 21.5 ] },
						"east": { "texture": "#shoes", "uv": [ 12.0, 19.5, 15.0, 21.5 ] },
						"south": { "texture": "#shoes", "uv": [ 11.5, 19.5, 12.0, 21.5 ] },
						"west": { "texture": "#shoes", "uv": [ 3.5, 0.0, 6.5, 2.0 ] },
						"up": { "texture": "#shoes", "uv": [ 12.0, 19.0, 15.0, 19.5 ], "rotation": 270 }
					}
				},
				{
					"name": "LlipSLower2",
					"from": [ 0.0, -0.01, 3.0 ],
					"to": [ 3.4, 1.99, 3.2 ],
					"unwrapMode": 3,
					"autoUnwrap": false,
					"uv": [ 7.5, 19.0 ],
					"rotationOrigin": [ 0.0, 0.0, 3.0 ],
					"rotationX": 6.0,
					"faces": {
						"north": { "texture": "#shoes", "uv": [ 6.0, 2.0, 9.0, 4.0 ] },
						"east": { "texture": "#shoes", "uv": [ 12.0, 19.5, 12.5, 21.5 ] },
						"south": { "texture": "#shoes", "uv": [ 8.0, 19.5, 11.0, 21.5 ] },
						"west": { "texture": "#shoes", "uv": [ 7.5, 19.5, 8.0, 21.5 ] },
						"up": { "texture": "#shoes", "uv": [ 8.0, 19.0, 11.0, 19.5 ] }
					}
				},
				{
					"name": "LLipNLower2",
					"from": [ 0.0, 0.0, 0.0 ],
					"to": [ 3.4, 2.0, 0.2 ],
					"unwrapMode": 1,
					"autoUnwrap": false,
					"uv": [ 0.5, 19.0 ],
					"rotationOrigin": [ 0.0, 0.0, 0.2 ],
					"rotationX": -6.0,
					"faces": {
						"north": { "texture": "#shoes", "uv": [ 1.0, 19.5, 4.0, 21.5 ] },
						"east": { "texture": "#shoes", "uv": [ 0.5, 19.5, 1.0, 21.5 ] },
						"south": { "texture": "#shoes", "uv": [ 0.0, 2.0, 3.0, 4.0 ] },
						"west": { "texture": "#shoes", "uv": [ 5.0, 19.5, 5.5, 21.5 ] },
						"up": { "texture": "#shoes", "uv": [ 1.0, 19.0, 4.0, 19.5 ], "rotation": 180 }
					}
				},
				{
					"name": "RLlipWLower",
					"from": [ 0.0, 0.0, 0.0 ],
					"to": [ 0.2, 2.0, 3.2 ],
					"unwrapMode": 4,
					"autoUnwrap": false,
					"uv": [ 4.5, 19.0 ],
					"rotationOrigin": [ 0.2, 0.0, 0.0 ],
					"rotationZ": 6.0,
					"faces": {
						"north": { "texture": "#shoes", "uv": [ 4.5, 19.5, 5.0, 21.5 ] },
						"east": { "texture": "#shoes", "uv": [ 6.0, 2.0, 9.0, 4.0 ] },
						"south": { "texture": "#shoes", "uv": [ 8.0, 19.5, 8.5, 21.5 ] },
						"west": { "texture": "#shoes", "uv": [ 5.0, 19.5, 8.0, 21.5 ] },
						"up": { "texture": "#shoes", "uv": [ 5.0, 19.0, 8.0, 19.5 ], "rotation": 90 }
					}
				}
			]
		},
		{
			"name": "showshoeR",
			"stepParentName": "LowerFootR",
			"from": [ 0.0, 0.0, 0.0 ],
			"to": [ 3.4, 2.0, 3.2 ],
			"unwrapMode": 4,
			"uv": [ 1.0, 15.5 ],
			"faces": {
				"north": { "texture": "#shoes", "uv": [ 1.0, 15.5, 4.0, 17.5 ] },
				"east": { "texture": "#shoes", "uv": [ 10.0, 15.5, 13.0, 17.5 ] },
				"south": { "texture": "#shoes", "uv": [ 7.0, 15.5, 10.0, 17.5 ] },
				"west": { "texture": "#shoes", "uv": [ 4.0, 15.5, 7.0, 17.5 ] }
			}
		},
		{
			"name": "shoefluffR",
			"stepParentName": "LowerFootR",
			"from": [ 0.0, 1.0, 0.0 ],
			"to": [ 1.0, 2.0, 1.0 ],
			"uv": [ 0.0, 0.0 ],
			"rotationOrigin": [ 0.0, 1.0, 0.0 ],
			"faces": {
			},
			"children": [
				{
					"name": "Cube4",
					"from": [ -0.1, 0.2697, 3.2866 ],
					"to": [ 3.5, 1.2697, 4.2866 ],
					"uv": [ 0.0, 1.5 ],
					"rotationOrigin": [ -0.1, 0.2697, 3.2866 ],
					"rotationX": -39.0,
					"faces": {
						"north": { "texture": "#shoes", "uv": [ 0.0, 2.5, 3.5, 3.5 ] },
						"east": { "texture": "#shoes", "uv": [ 3.5, 2.5, 4.5, 3.5 ] },
						"south": { "texture": "#shoes", "uv": [ 4.5, 2.5, 8.0, 3.5 ] },
						"west": { "texture": "#shoes", "uv": [ 8.0, 2.5, 9.0, 3.5 ] },
						"up": { "texture": "#shoes", "uv": [ 0.0, 1.5, 3.5, 2.5 ] },
						"down": { "texture": "#shoes", "uv": [ 3.5, 1.5, 7.0, 2.5 ] }
					}
				},
				{
					"name": "Cube3",
					"from": [ -0.1, 0.2797, -0.0876 ],
					"to": [ 3.5, 1.2797, 0.9124 ],
					"uv": [ 0.0, 0.0 ],
					"rotationOrigin": [ -0.1, 0.2797, -0.0876 ],
					"rotationX": -51.0,
					"faces": {
						"north": { "texture": "#shoes", "uv": [ 0.0, 1.0, 3.5, 2.0 ] },
						"east": { "texture": "#shoes", "uv": [ 3.5, 1.0, 4.5, 2.0 ] },
						"south": { "texture": "#shoes", "uv": [ 4.5, 1.0, 8.0, 2.0 ] },
						"west": { "texture": "#shoes", "uv": [ 8.0, 1.0, 9.0, 2.0 ] },
						"up": { "texture": "#shoes", "uv": [ 0.0, 0.0, 3.5, 1.0 ] },
						"down": { "texture": "#shoes", "uv": [ 3.5, 0.0, 7.0, 1.0 ] }
					}
				},
				{
					"name": "Cube5",
					"from": [ 3.49, 0.2797, -0.1 ],
					"to": [ 4.49, 1.2797, 3.3 ],
					"unwrapMode": 2,
					"uv": [ 2.0, 0.5 ],
					"rotationOrigin": [ 3.4876, 0.2797, -0.1 ],
					"rotationZ": 39.0,
					"faces": {
						"north": { "texture": "#shoes", "uv": [ 6.0, 1.5, 7.0, 2.5 ] },
						"east": { "texture": "#shoes", "uv": [ 3.0, 1.5, 6.0, 2.5 ] },
						"south": { "texture": "#shoes", "uv": [ 2.0, 1.5, 3.0, 2.5 ] },
						"west": { "texture": "#shoes", "uv": [ 7.0, 1.5, 10.0, 2.5 ] },
						"up": { "texture": "#shoes", "uv": [ 3.0, 0.5, 6.0, 1.5 ], "rotation": 270 },
						"down": { "texture": "#shoes", "uv": [ 3.0, 2.5, 6.0, 3.5 ], "rotation": 270 }
					}
				},
				{
					"name": "Cube2",
					"from": [ -0.0876, 0.2797, -0.1 ],
					"to": [ 0.9124, 1.2797, 3.3 ],
					"uv": [ 1.0, 0.0 ],
					"rotationOrigin": [ -0.0876, 0.2797, -0.1 ],
					"rotationZ": 51.0,
					"faces": {
						"north": { "texture": "#shoes", "uv": [ 1.0, 3.0, 2.0, 4.0 ] },
						"east": { "texture": "#shoes", "uv": [ 2.0, 3.0, 5.0, 4.0 ] },
						"south": { "texture": "#shoes", "uv": [ 5.0, 3.0, 6.0, 4.0 ] },
						"west": { "texture": "#shoes", "uv": [ 6.0, 3.0, 9.0, 4.0 ] },
						"up": { "texture": "#shoes", "uv": [ 1.0, 0.0, 2.0, 3.0 ] },
						"down": { "texture": "#shoes", "uv": [ 2.0, 0.0, 3.0, 3.0 ] }
					}
				}
			]
		}
	],
	"animations": [
	]
}