{
	"editor": {
		"collapsedPaths": "Root/shoeL/hideshoeL,Root/lowerlegLanchor",
		"allAngles": true,
		"entityTextureMode": true
	},
	"textureWidth": 16,
	"textureHeight": 16,
	"textureSizes": {
		"shoes-malefactor-R": [16,16],
		"shoes-malefactor-L": [16,16],
		"linen": [64,64]
	},
	"textures": {
		"shoes-malefactor-L": "entity/humanoid/seraphclothes/foot/malefactor-boots-l",
		"shoes-malefactor-R": "entity/humanoid/seraphclothes/foot/malefactor-boots-r"
	},
	"elements": [
		{
			"name": "shoeR",
			"stepParentName": "PawR",
			"from": [ -0.1, -0.1, -0.1 ],
			"to": [ 3.1, 7.1, 3.1 ],
			"autoUnwrap": false,
			"uv": [ 0.0, 0.0 ],
			"rotationOrigin": [ -0.1, -0.1, -0.1 ],
			"faces": {
				"north": { "texture": "#shoes-malefactor-R", "uv": [ 3.0, 9.0, 6.0, 16.0 ] },
				"east": { "texture": "#shoes-malefactor-R", "uv": [ 0.0, 9.0, 3.0, 16.0 ] },
				"south": { "texture": "#shoes-malefactor-R", "uv": [ 10.0, 9.0, 13.0, 16.0 ] },
				"west": { "texture": "#shoes-malefactor-R", "uv": [ 7.0, 9.0, 10.0, 16.0 ] },
				"up": { "texture": "#shoes-malefactor-R", "uv": [ 4.0, 0.0, 7.0, 3.0 ], "rotation": 90 },
				"down": { "texture": "#shoes-malefactor-R", "uv": [ 0.0, 0.0, 3.0, 3.0 ], "rotation": 90 }
			}
		},
		{
			"name": "shoeL",
			"stepParentName": "PawL",
			"from": [ -0.1, -0.1, -0.1 ],
			"to": [ 3.1, 7.1, 3.1 ],
			"autoUnwrap": false,
			"uv": [ 0.0, 0.0 ],
			"rotationOrigin": [ -0.1, -0.1, -0.1 ],
			"faces": {
				"north": { "texture": "#shoes-malefactor-L", "uv": [ 0.0, 9.0, 3.0, 16.0 ] },
				"east": { "texture": "#shoes-malefactor-L", "uv": [ 11.0, 9.0, 14.0, 16.0 ] },
				"south": { "texture": "#shoes-malefactor-L", "uv": [ 7.0, 9.0, 10.0, 16.0 ] },
				"west": { "texture": "#shoes-malefactor-L", "uv": [ 4.0, 9.0, 7.0, 16.0 ] },
				"up": { "texture": "#shoes-malefactor-L", "uv": [ 4.0, 0.0, 7.0, 3.0 ], "rotation": 90, "windMode": [-1,-1,-1,-1] },
				"down": { "texture": "#shoes-malefactor-L", "uv": [ 0.0, 0.0, 3.0, 3.0 ], "rotation": 90 }
			}
		},
		{
			"name": "lowerlegLanchor",
			"stepParentName": "LowerFootL",
			"from": [ 0.0, -6.5, 0.0 ],
			"to": [ 0.0, -6.5, 0.0 ],
			"uv": [ 0.0, 0.0 ],
			"rotationOrigin": [ 0.0, -6.5, 0.0 ],
			"faces": {
				"north": { "texture": "#shoes-malefactor-L", "uv": [ 0.0, 0.5, 0.5, 1.0 ] },
				"east": { "texture": "#shoes-malefactor-L", "uv": [ 0.5, 0.5, 1.0, 1.0 ] },
				"south": { "texture": "#shoes-malefactor-L", "uv": [ 1.0, 0.5, 1.5, 1.0 ] },
				"west": { "texture": "#shoes-malefactor-L", "uv": [ 1.5, 0.5, 2.0, 1.0 ] },
				"up": { "texture": "#shoes-malefactor-L", "uv": [ 0.0, 0.0, 0.5, 0.5 ] },
				"down": { "texture": "#shoes-malefactor-L", "uv": [ 0.5, 0.0, 1.0, 0.5 ] }
			},
			"children": [
				{
					"name": "hideshoeL",
					"from": [ 0.0, 0.0, 0.0 ],
					"to": [ 1.0, 1.0, 1.0 ],
					"uv": [ 999.0, 999.0 ],
					"rotationOrigin": [ 0.0, 0.0, 0.0 ],
					"rotationX": 0.0,
					"rotationY": 0.0,
					"rotationZ": 0.0,
					"faces": {
					},
					"children": [
						{
							"name": "N fold 2",
							"from": [ 0.0, 6.5, 0.0 ],
							"to": [ 3.4, 9.0, 0.2 ],
							"autoUnwrap": false,
							"uv": [ 0.0, 0.5 ],
							"rotationOrigin": [ 0.0, 6.5, 0.2 ],
							"rotationX": -4.0,
							"faces": {
								"north": { "texture": "#shoes-malefactor-L", "uv": [ 0.0, 7.0, 3.0, 9.5 ] },
								"east": { "texture": "#shoes-malefactor-L", "uv": [ 0.0, 7.0, 0.5, 9.5 ] },
								"south": { "texture": "#shoes-malefactor-L", "uv": [ 11.0, 0.5, 14.0, 3.0 ] },
								"west": { "texture": "#shoes-malefactor-L", "uv": [ 3.5, 7.0, 4.0, 9.5 ] },
								"up": { "texture": "#shoes-malefactor-L", "uv": [ 0.0, 7.0, 3.0, 7.5 ], "rotation": 180 },
								"down": { "texture": "#shoes-malefactor-L", "uv": [ 3.5, 1.5, 6.5, 2.0 ] }
							}
						},
						{
							"name": "S fold 2",
							"from": [ 0.0, 6.5, 3.0 ],
							"to": [ 3.4, 9.0, 3.2 ],
							"autoUnwrap": false,
							"uv": [ 7.0, 1.0 ],
							"rotationOrigin": [ 0.0, 6.5, 3.0 ],
							"rotationX": 6.0,
							"faces": {
								"north": { "texture": "#shoes-malefactor-L", "uv": [ 7.0, 1.0, 10.0, 3.5 ] },
								"east": { "texture": "#shoes-malefactor-L", "uv": [ 10.5, 7.0, 11.0, 9.5 ] },
								"south": { "texture": "#shoes-malefactor-L", "uv": [ 7.0, 7.0, 10.0, 9.5 ] },
								"west": { "texture": "#shoes-malefactor-L", "uv": [ 7.0, 7.0, 7.5, 9.5 ] },
								"up": { "texture": "#shoes-malefactor-L", "uv": [ 7.0, 7.0, 10.0, 7.5 ] },
								"down": { "texture": "#shoes-malefactor-L", "uv": [ 8.5, 2.0, 11.5, 2.5 ] }
							}
						},
						{
							"name": "back fold 2",
							"from": [ 3.0, 6.5, 0.0 ],
							"to": [ 3.4, 9.0, 3.2 ],
							"autoUnwrap": false,
							"uv": [ 4.0, 0.5 ],
							"rotationOrigin": [ 3.0, 6.5, 0.0 ],
							"rotationZ": -6.0,
							"faces": {
								"north": { "texture": "#shoes-malefactor-L", "uv": [ 13.5, 7.0, 14.0, 9.5 ] },
								"east": { "texture": "#shoes-malefactor-L", "uv": [ 11.0, 7.0, 14.0, 9.5 ] },
								"south": { "texture": "#shoes-malefactor-L", "uv": [ 11.0, 7.0, 11.5, 9.5 ] },
								"west": { "texture": "#shoes-malefactor-L", "uv": [ 8.5, 1.0, 11.5, 3.5 ] },
								"up": { "texture": "#shoes-malefactor-L", "uv": [ 11.0, 7.0, 14.0, 7.5 ], "rotation": 270 },
								"down": { "texture": "#shoes-malefactor-L", "uv": [ 4.0, 0.5, 4.5, 3.5 ] }
							}
						},
						{
							"name": "front fold 2",
							"from": [ 0.0, 6.5, 0.0 ],
							"to": [ 0.2, 9.0, 3.2 ],
							"autoUnwrap": false,
							"uv": [ 4.0, 0.0 ],
							"rotationOrigin": [ 0.2, 6.5, 0.0 ],
							"rotationZ": 6.0,
							"faces": {
								"north": { "texture": "#shoes-malefactor-L", "uv": [ 4.0, 7.0, 4.5, 9.5 ] },
								"east": { "texture": "#shoes-malefactor-L", "uv": [ 7.5, 1.0, 10.5, 3.5 ] },
								"south": { "texture": "#shoes-malefactor-L", "uv": [ 6.5, 7.0, 7.0, 9.5 ] },
								"west": { "texture": "#shoes-malefactor-L", "uv": [ 4.0, 7.0, 7.0, 9.5 ] },
								"up": { "texture": "#shoes-malefactor-L", "uv": [ 4.0, 7.0, 7.0, 7.5 ], "rotation": 90 },
								"down": { "texture": "#shoes-malefactor-L", "uv": [ 10.5, 0.0, 11.0, 3.0 ] }
							}
						}
					]
				},
				{
					"name": "showshoeL",
					"from": [ 0.0, 6.5, 0.0 ],
					"to": [ 3.4, 9.0, 3.2 ],
					"autoUnwrap": false,
					"uv": [ 0.0, 0.0 ],
					"rotationOrigin": [ 0.0, 6.5, 0.0 ],
					"rotationX": 0.0,
					"rotationY": 0.0,
					"rotationZ": 0.0,
					"faces": {
						"north": { "texture": "#shoes-malefactor-L", "uv": [ 0.0, 7.0, 3.0, 9.5 ] },
						"east": { "texture": "#shoes-malefactor-L", "uv": [ 11.0, 7.0, 14.0, 9.5 ] },
						"south": { "texture": "#shoes-malefactor-L", "uv": [ 7.0, 7.0, 10.0, 9.5 ] },
						"west": { "texture": "#shoes-malefactor-L", "uv": [ 4.0, 7.0, 7.0, 9.5 ] },
						"up": { "texture": "#shoes-malefactor-L", "uv": [ 0.0, 0.0, 3.0, 3.0 ], "rotation": 90, "windMode": [-1,-1,-1,-1] }
					}
				}
			]
		},
		{
			"name": "lowerlegRanchor",
			"stepParentName": "LowerFootR",
			"from": [ 0.0, -6.2, -0.1 ],
			"to": [ 0.0, -6.2, -0.1 ],
			"uv": [ 0.0, 0.0 ],
			"rotationOrigin": [ 0.0, -6.2, -0.1 ],
			"faces": {
				"north": { "texture": "#shoes-malefactor-L", "uv": [ 0.0, 0.5, 0.5, 1.0 ] },
				"east": { "texture": "#shoes-malefactor-L", "uv": [ 0.5, 0.5, 1.0, 1.0 ] },
				"south": { "texture": "#shoes-malefactor-L", "uv": [ 1.0, 0.5, 1.5, 1.0 ] },
				"west": { "texture": "#shoes-malefactor-L", "uv": [ 1.5, 0.5, 2.0, 1.0 ] },
				"up": { "texture": "#shoes-malefactor-L", "uv": [ 0.0, 0.0, 0.5, 0.5 ] },
				"down": { "texture": "#shoes-malefactor-L", "uv": [ 0.5, 0.0, 1.0, 0.5 ] }
			},
			"children": [
				{
					"name": "hideshoeR",
					"from": [ 0.0, 0.0, 0.0 ],
					"to": [ 1.0, 1.0, 1.0 ],
					"uv": [ 999.0, 999.0 ],
					"faces": {
					},
					"children": [
						{
							"name": "N fold 1",
							"from": [ 0.0, 6.5, 0.0 ],
							"to": [ 3.4, 9.0, 0.2 ],
							"autoUnwrap": false,
							"uv": [ 3.0, 0.0 ],
							"rotationOrigin": [ 0.0, 6.5, 0.2 ],
							"rotationX": -6.0,
							"faces": {
								"north": { "texture": "#shoes-malefactor-R", "uv": [ 3.0, 7.0, 6.0, 9.5 ] },
								"east": { "texture": "#shoes-malefactor-R", "uv": [ 3.0, 7.0, 3.5, 9.5 ] },
								"south": { "texture": "#shoes-malefactor-R", "uv": [ 9.5, 1.0, 12.5, 3.5 ] },
								"west": { "texture": "#shoes-malefactor-R", "uv": [ 6.5, 7.0, 7.0, 9.5 ] },
								"up": { "texture": "#shoes-malefactor-R", "uv": [ 3.0, 7.0, 6.0, 7.5 ], "rotation": 180 },
								"down": { "texture": "#shoes-malefactor-R", "uv": [ 4.5, 0.0, 7.5, 0.5 ] }
							}
						},
						{
							"name": "S fold 1",
							"from": [ 0.0, 6.5, 3.0 ],
							"to": [ 3.4, 9.0, 3.2 ],
							"autoUnwrap": false,
							"uv": [ 4.0, 1.5 ],
							"rotationOrigin": [ 0.0, 6.5, 3.0 ],
							"rotationX": 4.0,
							"faces": {
								"north": { "texture": "#shoes-malefactor-R", "uv": [ 9.5, 1.5, 12.5, 4.0 ] },
								"east": { "texture": "#shoes-malefactor-R", "uv": [ 13.5, 7.0, 14.0, 9.5 ] },
								"south": { "texture": "#shoes-malefactor-R", "uv": [ 10.0, 7.0, 13.0, 9.5 ] },
								"west": { "texture": "#shoes-malefactor-R", "uv": [ 10.0, 7.0, 10.5, 9.5 ] },
								"up": { "texture": "#shoes-malefactor-R", "uv": [ 10.0, 7.0, 13.0, 7.5 ] },
								"down": { "texture": "#shoes-malefactor-R", "uv": [ 4.0, 2.5, 7.0, 3.0 ] }
							}
						},
						{
							"name": "back fold 1",
							"from": [ 3.2, 6.5, 0.0 ],
							"to": [ 3.4, 9.0, 3.2 ],
							"autoUnwrap": false,
							"uv": [ 0.0, 0.0 ],
							"rotationOrigin": [ 3.2, 6.5, 0.0 ],
							"rotationZ": -6.0,
							"faces": {
								"north": { "texture": "#shoes-malefactor-R", "uv": [ 2.5, 7.0, 3.0, 9.5 ] },
								"east": { "texture": "#shoes-malefactor-R", "uv": [ 0.0, 7.0, 3.0, 9.5 ] },
								"south": { "texture": "#shoes-malefactor-R", "uv": [ 0.0, 7.0, 0.5, 9.5 ] },
								"west": { "texture": "#shoes-malefactor-R", "uv": [ 7.5, 0.0, 10.5, 2.5 ] },
								"up": { "texture": "#shoes-malefactor-R", "uv": [ 0.0, 7.0, 3.0, 7.5 ], "rotation": 270 },
								"down": { "texture": "#shoes-malefactor-R", "uv": [ 0.0, 0.0, 0.5, 3.0 ] }
							}
						},
						{
							"name": "front fold 1",
							"from": [ 0.0, 6.5, 0.0 ],
							"to": [ 0.2, 9.0, 3.2 ],
							"autoUnwrap": false,
							"uv": [ 0.0, 0.0 ],
							"rotationOrigin": [ 0.2, 6.5, 0.0 ],
							"rotationZ": 6.0,
							"faces": {
								"north": { "texture": "#shoes-malefactor-R", "uv": [ 6.5, 7.0, 7.0, 9.5 ] },
								"east": { "texture": "#shoes-malefactor-R", "uv": [ 7.5, 1.0, 10.5, 3.5 ] },
								"south": { "texture": "#shoes-malefactor-R", "uv": [ 9.5, 7.0, 10.0, 9.5 ] },
								"west": { "texture": "#shoes-malefactor-R", "uv": [ 7.0, 7.0, 10.0, 9.5 ] },
								"up": { "texture": "#shoes-malefactor-R", "uv": [ 7.0, 7.0, 10.0, 7.5 ], "rotation": 90 },
								"down": { "texture": "#shoes-malefactor-R", "uv": [ 0.0, 0.0, 0.5, 3.0 ] }
							}
						}
					]
				},
				{
					"name": "showshoeR",
					"from": [ 0.0, 6.0, 0.0 ],
					"to": [ 3.4, 8.5, 3.2 ],
					"autoUnwrap": false,
					"uv": [ 0.0, 0.0 ],
					"rotationOrigin": [ 0.0, 6.0, 0.0 ],
					"faces": {
						"north": { "texture": "#shoes-malefactor-L", "uv": [ 3.0, 7.0, 6.0, 9.5 ] },
						"east": { "texture": "#shoes-malefactor-L", "uv": [ 0.0, 7.0, 3.0, 9.5 ] },
						"south": { "texture": "#shoes-malefactor-L", "uv": [ 10.0, 7.0, 13.0, 9.5 ] },
						"west": { "texture": "#shoes-malefactor-L", "uv": [ 7.0, 7.0, 10.0, 9.5 ] },
						"up": { "texture": "#shoes-malefactor-L", "uv": [ 0.0, 0.0, 3.0, 3.0 ], "rotation": 90, "windMode": [-1,-1,-1,-1] }
					}
				}
			]
		}
	],
	"animations": [
	]
}