{
	"editor": {
		"collapsedPaths": "Root/shoeL/front16,Root/shoeL/LacesR1,Root/shoeL/LacesL1",
		"allAngles": true,
		"entityTextureMode": true
	},
	"textureWidth": 16,
	"textureHeight": 24,
	"textureSizes": {
		"shoes": [16,24]
	},
	"textures": {
		"shoes": "entity/humanoid/seraphclothes/foot/minstrel-boots"
	},
	"elements": [
		{
			"name": "shoeR",
			"stepParentName": "PawR",
			"from": [ -0.1, -0.1, -0.1 ],
			"to": [ 3.1, 5.4, 3.1 ],
			"unwrapMode": 4,
			"autoUnwrap": false,
			"uv": [ 1.0, 16.5 ],
			"rotationOrigin": [ -0.1, -0.1, -0.1 ],
			"faces": {
				"north": { "texture": "#shoes", "uv": [ 1.0, 18.5, 4.0, 24.0 ], "windMode": [-1,-1,-1,-1] },
				"east": { "texture": "#shoes", "uv": [ 12.0, 18.5, 15.0, 24.0 ] },
				"south": { "texture": "#shoes", "uv": [ 8.0, 18.5, 11.0, 24.0 ] },
				"west": { "texture": "#shoes", "uv": [ 5.0, 18.5, 8.0, 24.0 ] },
				"down": { "texture": "#shoes", "uv": [ 0.0, 4.0, 3.0, 7.0 ], "rotation": 90 }
			},
			"children": [
				{
					"name": "hideshoeR",
					"from": [ -0.0046, 5.5, 0.0 ],
					"to": [ 0.9954, 6.5, 1.0 ],
					"uv": [ 3.0, 1.5 ],
					"rotationOrigin": [ -0.0046, 5.5, 0.0 ],
					"faces": {
					},
					"children": [
						{
							"name": "LlipELower2",
							"from": [ 3.0, 0.0, 0.0 ],
							"to": [ 3.2, 0.5, 3.2 ],
							"unwrapMode": 2,
							"autoUnwrap": false,
							"uv": [ 11.5, 18.0 ],
							"rotationOrigin": [ 3.0, 0.0, 0.0 ],
							"rotationZ": -8.0,
							"faces": {
								"north": { "texture": "#shoes", "uv": [ 15.0, 18.0, 15.5, 18.5 ] },
								"east": { "texture": "#shoes", "uv": [ 12.0, 18.0, 15.0, 18.5 ] },
								"south": { "texture": "#shoes", "uv": [ 11.5, 18.0, 12.0, 18.5 ] },
								"west": { "texture": "#shoes", "uv": [ 6.0, 3.0, 9.0, 3.5 ] }
							},
							"children": [
								{
									"name": "LlipEChecked2",
									"from": [ -0.1, 0.5, 0.0 ],
									"to": [ 0.4, 1.5, 3.2 ],
									"unwrapMode": 2,
									"autoUnwrap": false,
									"uv": [ 11.5, 16.5 ],
									"rotationOrigin": [ -0.1, 0.5, 0.0 ],
									"faces": {
										"north": { "texture": "#shoes", "uv": [ 15.0, 17.0, 15.5, 18.0 ] },
										"east": { "texture": "#shoes", "uv": [ 12.0, 17.0, 15.0, 18.0 ] },
										"south": { "texture": "#shoes", "uv": [ 11.5, 17.0, 12.0, 18.0 ] },
										"west": { "texture": "#shoes", "uv": [ 12.0, 17.0, 15.0, 18.0 ] },
										"up": { "texture": "#shoes", "uv": [ 12.0, 16.5, 15.0, 17.0 ], "rotation": 270 },
										"down": { "texture": "#shoes", "uv": [ 12.0, 18.0, 15.0, 18.5 ], "rotation": 270 }
									}
								}
							]
						},
						{
							"name": "LlipSLower2",
							"from": [ 0.0, -0.01, 3.0 ],
							"to": [ 3.2, 0.49, 3.2 ],
							"unwrapMode": 3,
							"autoUnwrap": false,
							"uv": [ 7.5, 18.0 ],
							"rotationOrigin": [ 0.0, 0.0, 3.0 ],
							"rotationX": 8.0,
							"faces": {
								"north": { "texture": "#shoes", "uv": [ 6.0, 2.5, 9.0, 3.0 ] },
								"east": { "texture": "#shoes", "uv": [ 12.0, 18.0, 12.5, 18.5 ] },
								"south": { "texture": "#shoes", "uv": [ 8.0, 18.0, 11.0, 18.5 ] },
								"west": { "texture": "#shoes", "uv": [ 7.5, 18.0, 8.0, 18.5 ] }
							},
							"children": [
								{
									"name": "LlipSChecked2",
									"from": [ 0.0, 0.5, -0.1 ],
									"to": [ 3.2, 1.5, 0.4 ],
									"unwrapMode": 3,
									"autoUnwrap": false,
									"uv": [ 7.5, 16.5 ],
									"rotationOrigin": [ 0.0, 0.5, -0.1 ],
									"faces": {
										"north": { "texture": "#shoes", "uv": [ 12.0, 17.0, 15.0, 18.0 ] },
										"east": { "texture": "#shoes", "uv": [ 12.0, 17.0, 12.5, 18.0 ] },
										"south": { "texture": "#shoes", "uv": [ 8.0, 17.0, 11.0, 18.0 ] },
										"west": { "texture": "#shoes", "uv": [ 7.5, 17.0, 8.0, 18.0 ] },
										"up": { "texture": "#shoes", "uv": [ 8.0, 16.5, 11.0, 17.0 ] },
										"down": { "texture": "#shoes", "uv": [ 8.0, 18.0, 11.0, 18.5 ], "rotation": 180 }
									}
								}
							]
						},
						{
							"name": "LLipNLower2",
							"from": [ 0.0, -0.01, 0.0 ],
							"to": [ 3.2, 0.49, 0.2 ],
							"unwrapMode": 1,
							"autoUnwrap": false,
							"uv": [ 0.5, 17.0 ],
							"rotationOrigin": [ 0.0, -0.01, 0.2 ],
							"rotationX": -8.0,
							"faces": {
								"north": { "texture": "#shoes", "uv": [ 1.0, 18.0, 4.0, 18.5 ] },
								"east": { "texture": "#shoes", "uv": [ 0.5, 18.0, 1.0, 18.5 ] },
								"south": { "texture": "#shoes", "uv": [ 6.0, 3.5, 9.0, 4.0 ] },
								"west": { "texture": "#shoes", "uv": [ 5.0, 18.0, 5.5, 18.5 ] }
							},
							"children": [
								{
									"name": "LLipNChecked2",
									"from": [ 0.0, 0.5, -0.2 ],
									"to": [ 3.2, 1.5, 0.3 ],
									"unwrapMode": 1,
									"uv": [ 0.5, 16.5 ],
									"rotationOrigin": [ 0.0, 0.5, -0.2 ],
									"faces": {
										"north": { "texture": "#shoes", "uv": [ 1.0, 17.0, 4.0, 18.0 ] },
										"east": { "texture": "#shoes", "uv": [ 0.5, 17.0, 1.0, 18.0 ] },
										"south": { "texture": "#shoes", "uv": [ 4.5, 17.0, 7.5, 18.0 ] },
										"west": { "texture": "#shoes", "uv": [ 4.0, 17.0, 4.5, 18.0 ] },
										"up": { "texture": "#shoes", "uv": [ 1.0, 16.5, 4.0, 17.0 ], "rotation": 180 },
										"down": { "texture": "#shoes", "uv": [ 1.0, 18.0, 4.0, 18.5 ] }
									}
								}
							]
						},
						{
							"name": "LlipWLower2",
							"from": [ 0.0, -0.2, 0.0 ],
							"to": [ 0.2, 0.3, 3.2 ],
							"unwrapMode": 4,
							"autoUnwrap": false,
							"uv": [ 4.5, 18.0 ],
							"rotationOrigin": [ 0.2, -0.2, 0.0 ],
							"rotationZ": 50.0,
							"faces": {
								"north": { "texture": "#shoes", "uv": [ 4.5, 18.0, 5.0, 18.5 ] },
								"east": { "texture": "#shoes", "uv": [ 6.0, 2.0, 9.0, 2.5 ] },
								"south": { "texture": "#shoes", "uv": [ 8.0, 18.0, 8.5, 18.5 ] },
								"west": { "texture": "#shoes", "uv": [ 5.0, 18.0, 8.0, 18.5 ] }
							},
							"children": [
								{
									"name": "WlipUpper2",
									"from": [ -0.2, 0.5, 0.0 ],
									"to": [ 0.3, 1.5, 3.3 ],
									"unwrapMode": 4,
									"uv": [ 4.5, 16.5 ],
									"rotationOrigin": [ -0.2, 0.5, 0.0 ],
									"faces": {
										"north": { "texture": "#shoes", "uv": [ 4.5, 17.0, 5.0, 18.0 ] },
										"east": { "texture": "#shoes", "uv": [ 8.5, 17.0, 11.5, 18.0 ] },
										"south": { "texture": "#shoes", "uv": [ 8.0, 17.0, 8.5, 18.0 ] },
										"west": { "texture": "#shoes", "uv": [ 5.0, 17.0, 8.0, 18.0 ] },
										"up": { "texture": "#shoes", "uv": [ 5.0, 16.5, 8.0, 17.0 ], "rotation": 90 },
										"down": { "texture": "#shoes", "uv": [ 5.0, 18.0, 8.0, 18.5 ], "rotation": 90 }
									}
								}
							]
						}
					]
				},
				{
					"name": "RLiner",
					"from": [ 0.2, 0.0, 0.2 ],
					"to": [ 3.0, 5.5, 3.0 ],
					"unwrapMode": 4,
					"unwrapRotation": 1,
					"autoUnwrap": false,
					"uv": [ 5.0, 0.5 ],
					"rotationOrigin": [ 0.2, 0.0, 0.2 ],
					"faces": {
						"north": { "texture": "#shoes", "uv": [ 8.0, 0.5, 13.5, 3.0 ], "rotation": 90 },
						"east": { "texture": "#shoes", "uv": [ 9.0, 0.0, 14.5, 2.5 ], "rotation": 270 },
						"south": { "texture": "#shoes", "uv": [ 10.5, 0.0, 16.0, 2.5 ], "rotation": 90 },
						"west": { "texture": "#shoes", "uv": [ 10.0, 1.0, 15.5, 3.5 ], "rotation": 90 }
					}
				},
				{
					"name": "showshoeR",
					"from": [ 0.0, 5.5, 0.0 ],
					"to": [ 3.2, 7.0, 3.2 ],
					"unwrapMode": 4,
					"uv": [ 1.0, 17.0 ],
					"rotationOrigin": [ 0.0, 5.5, 0.0 ],
					"faces": {
						"north": { "texture": "#shoes", "uv": [ 1.0, 17.0, 4.0, 18.5 ] },
						"east": { "texture": "#shoes", "uv": [ 10.0, 17.0, 13.0, 18.5 ] },
						"south": { "texture": "#shoes", "uv": [ 7.0, 17.0, 10.0, 18.5 ] },
						"west": { "texture": "#shoes", "uv": [ 4.0, 17.0, 7.0, 18.5 ] }
					}
				}
			]
		},
		{
			"name": "shoeL",
			"stepParentName": "PawL",
			"from": [ -0.1, -0.1, -0.2 ],
			"to": [ 3.1, 5.4, 3.0 ],
			"unwrapMode": 4,
			"autoUnwrap": false,
			"uv": [ 1.0, 7.0 ],
			"rotationOrigin": [ -0.1, -0.1, -0.2 ],
			"faces": {
				"north": { "texture": "#shoes", "uv": [ 1.0, 10.5, 4.0, 16.0 ] },
				"east": { "texture": "#shoes", "uv": [ 12.0, 10.5, 15.0, 16.0 ] },
				"south": { "texture": "#shoes", "uv": [ 8.0, 10.5, 11.0, 16.0 ] },
				"west": { "texture": "#shoes", "uv": [ 5.0, 10.5, 8.0, 16.0 ] },
				"down": { "texture": "#shoes", "uv": [ 4.0, 4.0, 7.0, 7.0 ], "rotation": 90 }
			},
			"children": [
				{
					"name": "hideshoeL",
					"from": [ 0.0, 5.5, 0.0 ],
					"to": [ 1.0, 6.5, 1.0 ],
					"uv": [ 3.0, 1.5 ],
					"rotationOrigin": [ 0.0, 5.5, 0.0 ],
					"faces": {
					},
					"children": [
						{
							"name": "LlipELower",
							"from": [ 3.0, 0.0, 0.0 ],
							"to": [ 3.2, 0.5, 3.2 ],
							"unwrapMode": 2,
							"autoUnwrap": false,
							"uv": [ 11.5, 9.5 ],
							"rotationOrigin": [ 3.0, 0.0, 0.0 ],
							"rotationZ": -8.0,
							"faces": {
								"north": { "texture": "#shoes", "uv": [ 15.0, 10.0, 15.5, 10.5 ] },
								"east": { "texture": "#shoes", "uv": [ 12.0, 10.0, 15.0, 10.5 ] },
								"south": { "texture": "#shoes", "uv": [ 11.5, 10.0, 12.0, 10.5 ] },
								"west": { "texture": "#shoes", "uv": [ 6.0, 0.0, 9.0, 0.5 ] },
								"up": { "texture": "#shoes", "uv": [ 12.0, 9.5, 15.0, 10.0 ], "rotation": 270 },
								"down": { "texture": "#shoes", "uv": [ 12.0, 10.5, 15.0, 11.0 ], "rotation": 270, "windMode": [-1,-1,-1,-1] }
							},
							"children": [
								{
									"name": "LlipEChecked",
									"from": [ -0.1, 0.5, 0.0 ],
									"to": [ 0.4, 1.5, 3.2 ],
									"unwrapMode": 2,
									"autoUnwrap": false,
									"uv": [ 11.5, 8.5 ],
									"rotationOrigin": [ -0.1, 0.5, 0.0 ],
									"faces": {
										"north": { "texture": "#shoes", "uv": [ 15.0, 9.0, 15.5, 10.0 ] },
										"east": { "texture": "#shoes", "uv": [ 12.0, 9.0, 15.0, 10.0 ] },
										"south": { "texture": "#shoes", "uv": [ 11.5, 9.0, 12.0, 10.0 ] },
										"west": { "texture": "#shoes", "uv": [ 12.0, 9.0, 15.0, 10.0 ] },
										"up": { "texture": "#shoes", "uv": [ 12.0, 8.5, 15.0, 9.0 ], "rotation": 270, "windMode": [-1,-1,-1,-1] },
										"down": { "texture": "#shoes", "uv": [ 12.0, 10.0, 15.0, 10.5 ], "rotation": 270, "windMode": [-1,-1,-1,-1] }
									}
								}
							]
						},
						{
							"name": "LlipSLower",
							"from": [ 0.0, -0.01, 3.0 ],
							"to": [ 3.2, 0.49, 3.2 ],
							"unwrapMode": 3,
							"autoUnwrap": false,
							"uv": [ 7.5, 9.5 ],
							"rotationOrigin": [ 0.0, 0.0, 3.0 ],
							"rotationX": 8.0,
							"faces": {
								"north": { "texture": "#shoes", "uv": [ 6.0, 0.5, 9.0, 1.0 ] },
								"east": { "texture": "#shoes", "uv": [ 12.0, 9.5, 12.5, 10.0 ] },
								"south": { "texture": "#shoes", "uv": [ 8.0, 9.5, 11.0, 10.0 ] },
								"west": { "texture": "#shoes", "uv": [ 7.5, 9.5, 8.0, 10.0 ] }
							},
							"children": [
								{
									"name": "LlipSChecked",
									"from": [ 0.0, 0.5, -0.1 ],
									"to": [ 3.2, 1.5, 0.4 ],
									"unwrapMode": 3,
									"autoUnwrap": false,
									"uv": [ 7.5, 8.5 ],
									"rotationOrigin": [ 0.0, 0.5, -0.1 ],
									"faces": {
										"north": { "texture": "#shoes", "uv": [ 8.0, 9.0, 11.0, 10.0 ] },
										"east": { "texture": "#shoes", "uv": [ 12.0, 9.0, 12.5, 10.0 ] },
										"south": { "texture": "#shoes", "uv": [ 8.0, 9.0, 11.0, 10.0 ] },
										"west": { "texture": "#shoes", "uv": [ 7.5, 9.0, 8.0, 10.0 ] },
										"up": { "texture": "#shoes", "uv": [ 8.0, 8.5, 11.0, 9.0 ], "windMode": [-1,-1,-1,-1] },
										"down": { "texture": "#shoes", "uv": [ 8.0, 10.0, 11.0, 10.5 ], "rotation": 180, "windMode": [-1,-1,-1,-1] }
									}
								}
							]
						},
						{
							"name": "LLipNLower",
							"from": [ 0.0, -0.01, 0.0 ],
							"to": [ 3.2, 0.49, 0.2 ],
							"unwrapMode": 1,
							"autoUnwrap": false,
							"uv": [ 0.5, 8.0 ],
							"rotationOrigin": [ 0.0, -0.01, 0.2 ],
							"rotationX": -8.0,
							"faces": {
								"north": { "texture": "#shoes", "uv": [ 1.0, 10.0, 4.0, 10.5 ] },
								"east": { "texture": "#shoes", "uv": [ 0.5, 10.0, 1.0, 10.5 ] },
								"south": { "texture": "#shoes", "uv": [ 6.0, 1.5, 9.0, 2.0 ], "windMode": [-1,-1,-1,-1] },
								"west": { "texture": "#shoes", "uv": [ 5.0, 10.0, 5.5, 10.5 ] }
							},
							"children": [
								{
									"name": "LLipNChecked",
									"from": [ 0.0, 0.5, -0.2 ],
									"to": [ 3.2, 1.5, 0.3 ],
									"unwrapMode": 1,
									"uv": [ 0.5, 8.5 ],
									"rotationOrigin": [ 0.0, 0.5, -0.2 ],
									"faces": {
										"north": { "texture": "#shoes", "uv": [ 1.0, 9.0, 4.0, 10.0 ] },
										"east": { "texture": "#shoes", "uv": [ 0.5, 9.0, 1.0, 10.0 ] },
										"south": { "texture": "#shoes", "uv": [ 4.5, 9.0, 7.5, 10.0 ] },
										"west": { "texture": "#shoes", "uv": [ 4.0, 9.0, 4.5, 10.0 ] },
										"up": { "texture": "#shoes", "uv": [ 1.0, 8.5, 4.0, 9.0 ], "rotation": 180, "windMode": [-1,-1,-1,-1] },
										"down": { "texture": "#shoes", "uv": [ 1.0, 10.0, 4.0, 10.5 ], "windMode": [-1,-1,-1,-1] }
									}
								}
							]
						},
						{
							"name": "LlipWLower",
							"from": [ 0.0, -0.2, 0.0 ],
							"to": [ 0.2, 0.3, 3.2 ],
							"unwrapMode": 4,
							"autoUnwrap": false,
							"uv": [ 4.5, 11.0 ],
							"rotationOrigin": [ 0.2, -0.2, 0.0 ],
							"rotationZ": 50.0,
							"faces": {
								"north": { "texture": "#shoes", "uv": [ 4.5, 10.0, 5.0, 10.5 ] },
								"east": { "texture": "#shoes", "uv": [ 6.0, 1.0, 9.0, 1.5 ] },
								"south": { "texture": "#shoes", "uv": [ 8.0, 10.0, 8.5, 10.5 ] },
								"west": { "texture": "#shoes", "uv": [ 5.0, 10.0, 8.0, 10.5 ] }
							},
							"children": [
								{
									"name": "WlipUpper",
									"from": [ -0.2, 0.5, 0.0 ],
									"to": [ 0.3, 1.5, 3.3 ],
									"unwrapMode": 4,
									"uv": [ 4.5, 8.5 ],
									"rotationOrigin": [ -0.2, 0.5, 0.0 ],
									"faces": {
										"north": { "texture": "#shoes", "uv": [ 4.5, 9.0, 5.0, 10.0 ] },
										"east": { "texture": "#shoes", "uv": [ 8.5, 9.0, 11.5, 10.0 ] },
										"south": { "texture": "#shoes", "uv": [ 8.0, 9.0, 8.5, 10.0 ] },
										"west": { "texture": "#shoes", "uv": [ 5.0, 9.0, 8.0, 10.0 ] },
										"up": { "texture": "#shoes", "uv": [ 5.0, 8.5, 8.0, 9.0 ], "rotation": 90, "windMode": [-1,-1,-1,-1] },
										"down": { "texture": "#shoes", "uv": [ 5.0, 10.0, 8.0, 10.5 ], "rotation": 90, "windMode": [-1,-1,-1,-1] }
									}
								}
							]
						}
					]
				},
				{
					"name": "LLiner",
					"from": [ 0.2, 0.0, 0.2 ],
					"to": [ 3.0, 5.5, 3.0 ],
					"unwrapMode": 4,
					"unwrapRotation": 1,
					"autoUnwrap": false,
					"uv": [ 2.0, 0.5 ],
					"rotationOrigin": [ 0.2, 0.0, 0.2 ],
					"faces": {
						"north": { "texture": "#shoes", "uv": [ 1.5, 0.5, 7.0, 3.0 ], "rotation": 90 },
						"east": { "texture": "#shoes", "uv": [ 2.5, 0.0, 8.0, 2.5 ], "rotation": 270 },
						"south": { "texture": "#shoes", "uv": [ 0.0, 0.0, 5.5, 2.5 ], "rotation": 90 },
						"west": { "texture": "#shoes", "uv": [ 0.0, 1.5, 5.5, 4.0 ], "rotation": 90 }
					}
				},
				{
					"name": "Cube2",
					"from": [ 0.0, 5.5, 0.0 ],
					"to": [ 3.2, 7.0, 3.2 ],
					"unwrapMode": 4,
					"uv": [ 1.0, 9.0 ],
					"rotationOrigin": [ 0.0, 5.5, 0.0 ],
					"faces": {
						"north": { "texture": "#shoes", "uv": [ 1.0, 9.0, 4.0, 10.5 ] },
						"east": { "texture": "#shoes", "uv": [ 10.0, 9.0, 13.0, 10.5 ] },
						"south": { "texture": "#shoes", "uv": [ 7.0, 9.0, 10.0, 10.5 ] },
						"west": { "texture": "#shoes", "uv": [ 4.0, 9.0, 7.0, 10.5 ] }
					}
				}
			]
		}
	]}