{
	"editor": {
		"collapsedPaths": "Root/shoeL/front16,Root/shoeL/LacesR1,Root/shoeL/LacesL1",
		"allAngles": true,
		"entityTextureMode": true
	},
	"textureWidth": 16,
	"textureHeight": 20,
	"textureSizes": {
		"shoes": [16,20]
	},
	"textures": {
		"shoes": "entity/humanoid/seraphclothes/foot/rottenking"
	},
	"elements": [
		{
			"name": "shoeR",
			"stepParentName": "PawR",
			"from": [ -0.1, -0.1, -0.1 ],
			"to": [ 3.1, 3.9, 3.1 ],
			"autoUnwrap": false,
			"uv": [ 0.0, 7.0 ],
			"rotationOrigin": [ -0.1, -0.1, -0.1 ],
			"faces": {
				"north": { "texture": "#shoes", "uv": [ 0.0, 10.0, 3.0, 14.0 ] },
				"east": { "texture": "#shoes", "uv": [ 3.0, 10.0, 6.0, 14.0 ] },
				"south": { "texture": "#shoes", "uv": [ 6.0, 10.0, 9.0, 14.0 ] },
				"west": { "texture": "#shoes", "uv": [ 9.0, 10.0, 12.0, 14.0 ] },
				"up": { "texture": "#shoes", "uv": [ 4.0, 4.0, 7.0, 7.0 ], "rotation": 90, "windMode": [-1,-1,-1,-1] },
				"down": { "texture": "#shoes", "uv": [ 3.5, 0.0, 6.5, 3.0 ], "rotation": 90 }
			},
			"children": [
				{
					"name": "hideshoeR",
					"from": [ 0.0, 4.0, 0.0 ],
					"to": [ 1.0, 5.0, 1.0 ],
					"uv": [ 0.0, 0.0 ],
					"rotationOrigin": [ 0.0, 4.0, 0.0 ],
					"faces": {
					},
					"children": [
						{
							"name": "N fold 20",
							"from": [ 0.0, 0.0, 0.0 ],
							"to": [ 3.2, 0.5, 0.2 ],
							"unwrapMode": 4,
							"autoUnwrap": false,
							"uv": [ 2.5, 14.5 ],
							"rotationOrigin": [ 0.0, 0.0, 0.2 ],
							"rotationX": -8.0,
							"faces": {
								"north": { "texture": "#shoes", "uv": [ 3.0, 15.5, 6.0, 16.0 ] },
								"east": { "texture": "#shoes", "uv": [ 7.0, 15.5, 7.5, 16.0 ] },
								"south": { "texture": "#shoes", "uv": [ 5.5, 0.5, 8.5, 1.0 ] },
								"west": { "texture": "#shoes", "uv": [ 2.5, 15.5, 3.0, 16.0 ] }
							},
							"children": [
								{
									"name": "N fold 21",
									"from": [ 0.0, 0.5, 0.0 ],
									"to": [ 3.2, 1.0, 0.2 ],
									"uv": [ 2.5, 2.0 ],
									"rotationOrigin": [ 0.0, 0.5, 0.2 ],
									"faces": {
										"north": { "texture": "#shoes", "uv": [ 2.5, 2.5, 5.5, 3.0 ] },
										"east": { "texture": "#shoes", "uv": [ 5.5, 2.5, 6.0, 3.0 ] },
										"south": { "texture": "#shoes", "uv": [ 6.0, 2.5, 9.0, 3.0 ] },
										"west": { "texture": "#shoes", "uv": [ 9.0, 2.5, 9.5, 3.0 ] },
										"up": { "texture": "#shoes", "uv": [ 2.5, 2.0, 5.5, 2.5 ] }
									}
								}
							]
						},
						{
							"name": "S fold 21",
							"from": [ 1.1, 0.0, 3.0 ],
							"to": [ 3.2, 0.5, 3.2 ],
							"uv": [ 7.0, 1.5 ],
							"rotationOrigin": [ 1.1, 0.0, 3.0 ],
							"rotationX": 8.0,
							"faces": {
								"north": { "texture": "#shoes", "uv": [ 7.0, 1.5, 10.0, 2.0 ] },
								"east": { "texture": "#shoes", "uv": [ 13.5, 12.0, 14.0, 12.5 ] },
								"south": { "texture": "#shoes", "uv": [ 11.0, 15.5, 14.0, 16.0 ] },
								"west": { "texture": "#shoes", "uv": [ 9.5, 12.0, 10.0, 12.5 ] },
								"up": { "texture": "#shoes", "uv": [ 11.0, 15.5, 14.0, 16.0 ] }
							},
							"children": [
								{
									"name": "S fold 22",
									"from": [ 0.0, 0.5, 0.0 ],
									"to": [ 1.6, 1.0, 0.2 ],
									"uv": [ 7.0, 1.5 ],
									"rotationOrigin": [ 0.0, 0.5, 0.0 ],
									"faces": {
										"north": { "texture": "#shoes", "uv": [ 7.0, 1.5, 8.5, 2.0 ] },
										"east": { "texture": "#shoes", "uv": [ 12.0, 15.0, 12.5, 15.5 ] },
										"south": { "texture": "#shoes", "uv": [ 11.0, 15.0, 12.5, 15.5 ] },
										"west": { "texture": "#shoes", "uv": [ 11.0, 15.0, 11.5, 15.5 ] },
										"up": { "texture": "#shoes", "uv": [ 11.0, 15.0, 12.5, 15.5 ] }
									}
								},
								{
									"name": "S fold 23",
									"from": [ -1.1, 0.0, 0.0 ],
									"to": [ -0.6, 0.5, 0.2 ],
									"uv": [ 7.0, 1.5 ],
									"rotationOrigin": [ -1.1, 0.0, 0.0 ],
									"faces": {
										"north": { "texture": "#shoes", "uv": [ 7.0, 1.5, 7.5, 2.0 ] },
										"east": { "texture": "#shoes", "uv": [ 10.0, 15.5, 10.5, 16.0 ] },
										"south": { "texture": "#shoes", "uv": [ 10.0, 15.5, 10.5, 16.0 ] },
										"west": { "texture": "#shoes", "uv": [ 10.0, 15.5, 10.5, 16.0 ] },
										"up": { "texture": "#shoes", "uv": [ 10.0, 15.5, 10.5, 16.0 ] }
									}
								},
								{
									"name": "S fold 27",
									"from": [ 1.1, 0.5, 0.0 ],
									"to": [ 2.1, 1.0, 0.2 ],
									"uv": [ 7.0, 1.5 ],
									"rotationOrigin": [ 1.1, 0.5, 0.0 ],
									"faces": {
										"north": { "texture": "#shoes", "uv": [ 7.0, 2.0, 8.0, 2.5 ] },
										"east": { "texture": "#shoes", "uv": [ 8.0, 2.0, 8.5, 2.5 ] },
										"south": { "texture": "#shoes", "uv": [ 8.5, 2.0, 9.5, 2.5 ] },
										"west": { "texture": "#shoes", "uv": [ 9.5, 2.0, 10.0, 2.5 ] },
										"up": { "texture": "#shoes", "uv": [ 7.0, 1.5, 8.0, 2.0 ] }
									}
								}
							]
						},
						{
							"name": "back fold 1",
							"from": [ 3.0, 0.0, 0.0 ],
							"to": [ 3.2, 0.5, 3.2 ],
							"uv": [ 0.0, 2.0 ],
							"rotationOrigin": [ 3.0, 0.0, 0.0 ],
							"rotationZ": -7.0,
							"faces": {
								"north": { "texture": "#shoes", "uv": [ 0.0, 2.5, 0.5, 3.0 ] },
								"east": { "texture": "#shoes", "uv": [ 0.5, 2.5, 3.5, 3.0 ] },
								"south": { "texture": "#shoes", "uv": [ 3.5, 2.5, 4.0, 3.0 ] },
								"west": { "texture": "#shoes", "uv": [ 4.0, 2.5, 7.0, 3.0 ] },
								"up": { "texture": "#shoes", "uv": [ 0.0, 2.0, 3.0, 2.5 ], "rotation": 270 }
							},
							"children": [
								{
									"name": "back fold 2",
									"from": [ 0.0, 0.5, 0.0 ],
									"to": [ 0.2, 1.0, 1.1 ],
									"uv": [ 2.0, 1.5 ],
									"rotationOrigin": [ 0.0, 0.5, 0.0 ],
									"faces": {
										"north": { "texture": "#shoes", "uv": [ 2.5, 9.0, 3.0, 9.5 ] },
										"east": { "texture": "#shoes", "uv": [ 2.0, 9.0, 3.0, 9.5 ] },
										"south": { "texture": "#shoes", "uv": [ 2.0, 9.0, 2.5, 9.5 ] },
										"west": { "texture": "#shoes", "uv": [ 7.0, 1.5, 8.0, 2.0 ] },
										"up": { "texture": "#shoes", "uv": [ 2.0, 9.0, 3.0, 9.5 ], "rotation": 270 }
									}
								},
								{
									"name": "back fold 3",
									"from": [ 0.0, 0.5, 2.1 ],
									"to": [ 0.2, 1.0, 3.2 ],
									"uv": [ 0.0, 1.5 ],
									"rotationOrigin": [ 0.0, 0.5, 2.1 ],
									"faces": {
										"north": { "texture": "#shoes", "uv": [ 0.0, 9.0, 0.5, 9.5 ] },
										"east": { "texture": "#shoes", "uv": [ 0.0, 9.0, 1.0, 9.5 ] },
										"south": { "texture": "#shoes", "uv": [ 0.5, 9.0, 1.0, 9.5 ] },
										"west": { "texture": "#shoes", "uv": [ 7.0, 1.5, 8.0, 2.0 ] },
										"up": { "texture": "#shoes", "uv": [ 0.0, 9.0, 1.0, 9.5 ], "rotation": 270 }
									}
								}
							]
						},
						{
							"name": "front 1",
							"from": [ 0.0, 0.0, 0.0 ],
							"to": [ 0.2, 0.5, 1.1 ],
							"uv": [ 7.0, 1.0 ],
							"rotationOrigin": [ 0.2, 0.0, 0.0 ],
							"rotationZ": 8.0,
							"faces": {
								"north": { "texture": "#shoes", "uv": [ 7.0, 15.5, 7.5, 16.0 ] },
								"east": { "texture": "#shoes", "uv": [ 7.5, 1.0, 8.5, 1.5 ] },
								"south": { "texture": "#shoes", "uv": [ 7.5, 15.5, 8.0, 16.0 ] },
								"west": { "texture": "#shoes", "uv": [ 7.0, 15.5, 8.0, 16.0 ] },
								"up": { "texture": "#shoes", "uv": [ 7.0, 15.5, 8.0, 16.0 ], "rotation": 90 }
							},
							"children": [
								{
									"name": "front 2",
									"from": [ 0.0, 0.0, 1.6 ],
									"to": [ 0.2, 0.5, 2.1 ],
									"uv": [ 7.5, 1.0 ],
									"rotationOrigin": [ 0.2, 0.0, 1.6 ],
									"faces": {
										"north": { "texture": "#shoes", "uv": [ 8.5, 15.5, 9.0, 16.0 ] },
										"east": { "texture": "#shoes", "uv": [ 7.5, 1.0, 8.0, 1.5 ] },
										"south": { "texture": "#shoes", "uv": [ 8.5, 15.5, 9.0, 16.0 ] },
										"west": { "texture": "#shoes", "uv": [ 8.5, 15.5, 9.0, 16.0 ] },
										"up": { "texture": "#shoes", "uv": [ 8.5, 15.5, 9.0, 16.0 ], "rotation": 90 }
									}
								},
								{
									"name": "front 3",
									"from": [ 0.0, 0.0, 2.7 ],
									"to": [ 0.2, 0.5, 3.2 ],
									"uv": [ 7.5, 1.0 ],
									"rotationOrigin": [ 0.2, 0.0, 2.7 ],
									"faces": {
										"north": { "texture": "#shoes", "uv": [ 9.5, 15.5, 10.0, 16.0 ] },
										"east": { "texture": "#shoes", "uv": [ 7.5, 1.0, 8.0, 1.5 ] },
										"south": { "texture": "#shoes", "uv": [ 9.5, 15.5, 10.0, 16.0 ] },
										"west": { "texture": "#shoes", "uv": [ 9.5, 15.5, 10.0, 16.0 ] },
										"up": { "texture": "#shoes", "uv": [ 9.5, 15.5, 10.0, 16.0 ], "rotation": 90 }
									}
								},
								{
									"name": "front 4",
									"from": [ 0.0, 0.5, 0.0 ],
									"to": [ 0.2, 1.0, 1.6 ],
									"uv": [ 7.0, 1.0 ],
									"rotationOrigin": [ 0.2, 0.5, 0.0 ],
									"faces": {
										"north": { "texture": "#shoes", "uv": [ 7.0, 15.0, 7.5, 15.5 ], "windMode": [-1,-1,-1,-1] },
										"east": { "texture": "#shoes", "uv": [ 7.5, 1.0, 9.0, 1.5 ] },
										"south": { "texture": "#shoes", "uv": [ 8.0, 15.0, 8.5, 15.5 ] },
										"west": { "texture": "#shoes", "uv": [ 7.0, 15.0, 8.5, 15.5 ] },
										"up": { "texture": "#shoes", "uv": [ 7.0, 15.0, 8.5, 15.5 ], "rotation": 90 },
										"down": { "texture": "#shoes", "uv": [ 7.0, 15.0, 8.5, 15.5 ], "rotation": 90, "windMode": [-1,-1,-1,-1] }
									}
								}
							]
						}
					]
				},
				{
					"name": "showshoeR",
					"from": [ 0.0, 4.0, 0.0 ],
					"to": [ 3.2, 5.0, 3.2 ],
					"unwrapMode": 4,
					"autoUnwrap": false,
					"uv": [ 3.0, 15.0 ],
					"rotationOrigin": [ 0.0, 4.0, 0.0 ],
					"faces": {
						"north": { "texture": "#shoes", "uv": [ 3.0, 15.0, 6.0, 16.0 ] },
						"east": { "texture": "#shoes", "uv": [ 0.0, 15.0, 3.0, 16.0 ] },
						"south": { "texture": "#shoes", "uv": [ 10.0, 15.0, 13.0, 16.0 ] },
						"west": { "texture": "#shoes", "uv": [ 7.0, 15.0, 10.0, 16.0 ] }
					}
				}
			]
		},
		{
			"name": "shoeL",
			"stepParentName": "PawL",
			"from": [ -0.1, -0.1, -0.1 ],
			"to": [ 3.1, 3.9, 3.1 ],
			"autoUnwrap": false,
			"uv": [ 0.0, 13.0 ],
			"rotationOrigin": [ -0.1, -0.1, -0.1 ],
			"faces": {
				"north": { "texture": "#shoes", "uv": [ 0.0, 16.0, 3.0, 20.0 ] },
				"east": { "texture": "#shoes", "uv": [ 3.0, 16.0, 6.0, 20.0 ] },
				"south": { "texture": "#shoes", "uv": [ 6.0, 16.0, 9.0, 20.0 ] },
				"west": { "texture": "#shoes", "uv": [ 9.0, 16.0, 12.0, 20.0 ] },
				"up": { "texture": "#shoes", "uv": [ 9.5, -0.5, 12.5, 2.5 ], "rotation": 90 },
				"down": { "texture": "#shoes", "uv": [ 13.0, 0.0, 16.0, 3.0 ], "rotation": 90 }
			},
			"children": [
				{
					"name": "hideshoeL",
					"from": [ 0.0, 4.0, 0.0 ],
					"to": [ 1.0, 5.0, 1.0 ],
					"uv": [ 0.0, 0.0 ],
					"rotationOrigin": [ 0.0, 4.0, 0.0 ],
					"faces": {
					},
					"children": [
						{
							"name": "N fold 23",
							"from": [ 0.0, 0.0, 0.0 ],
							"to": [ 3.2, 0.5, 0.2 ],
							"uv": [ 0.0, 1.0 ],
							"rotationOrigin": [ 0.0, 0.0, 0.2 ],
							"rotationX": -8.0,
							"faces": {
								"north": { "texture": "#shoes", "uv": [ 0.0, 1.5, 3.0, 2.0 ] },
								"east": { "texture": "#shoes", "uv": [ 3.0, 1.5, 3.5, 2.0 ] },
								"south": { "texture": "#shoes", "uv": [ 3.5, 1.5, 6.5, 2.0 ] },
								"west": { "texture": "#shoes", "uv": [ 6.5, 1.5, 7.0, 2.0 ] },
								"up": { "texture": "#shoes", "uv": [ 0.0, 1.0, 3.0, 1.5 ] }
							},
							"children": [
								{
									"name": "N fold 24",
									"from": [ 0.5, 0.5, 0.0 ],
									"to": [ 3.2, 1.0, 0.2 ],
									"uv": [ 0.0, 1.0 ],
									"rotationOrigin": [ 0.5, 0.5, 0.2 ],
									"faces": {
										"north": { "texture": "#shoes", "uv": [ 0.0, 1.5, 2.5, 2.0 ] },
										"east": { "texture": "#shoes", "uv": [ 2.5, 1.5, 3.0, 2.0 ] },
										"south": { "texture": "#shoes", "uv": [ 3.0, 1.5, 5.5, 2.0 ] },
										"west": { "texture": "#shoes", "uv": [ 5.5, 1.5, 6.0, 2.0 ] },
										"up": { "texture": "#shoes", "uv": [ 0.0, 1.0, 2.5, 1.5 ] }
									}
								}
							]
						},
						{
							"name": "S fold 24",
							"from": [ 0.0, 0.0, 3.0 ],
							"to": [ 3.2, 0.5, 3.2 ],
							"uv": [ 7.0, 2.0 ],
							"rotationOrigin": [ 0.0, 0.0, 3.0 ],
							"rotationX": 8.0,
							"faces": {
								"north": { "texture": "#shoes", "uv": [ 7.0, 2.5, 10.0, 3.0 ] },
								"east": { "texture": "#shoes", "uv": [ 10.0, 2.5, 10.5, 3.0 ] },
								"south": { "texture": "#shoes", "uv": [ 10.5, 2.5, 13.5, 3.0 ] },
								"west": { "texture": "#shoes", "uv": [ 13.5, 2.5, 14.0, 3.0 ] },
								"up": { "texture": "#shoes", "uv": [ 7.0, 2.0, 10.0, 2.5 ] }
							},
							"children": [
								{
									"name": "S fold 25",
									"from": [ 0.5, 0.5, 0.0 ],
									"to": [ 2.1, 1.0, 0.2 ],
									"uv": [ 7.5, 2.0 ],
									"rotationOrigin": [ 0.5, 0.5, 0.0 ],
									"faces": {
										"north": { "texture": "#shoes", "uv": [ 9.5, 2.0, 11.0, 2.5 ] },
										"east": { "texture": "#shoes", "uv": [ 7.5, 9.0, 8.0, 9.5 ] },
										"south": { "texture": "#shoes", "uv": [ 7.5, 9.0, 9.0, 9.5 ] },
										"west": { "texture": "#shoes", "uv": [ 8.5, 9.0, 9.0, 9.5 ] },
										"up": { "texture": "#shoes", "uv": [ 7.5, 9.0, 9.0, 9.5 ] }
									}
								},
								{
									"name": "S fold 26",
									"from": [ 1.7, 0.5, 0.0 ],
									"to": [ 3.2, 1.0, 0.2 ],
									"uv": [ 9.5, 2.0 ],
									"rotationOrigin": [ 1.7, 0.5, 0.0 ],
									"faces": {
										"north": { "texture": "#shoes", "uv": [ 9.5, 2.5, 11.0, 3.0 ] },
										"east": { "texture": "#shoes", "uv": [ 11.0, 2.5, 11.5, 3.0 ] },
										"south": { "texture": "#shoes", "uv": [ 11.5, 2.5, 13.0, 3.0 ] },
										"west": { "texture": "#shoes", "uv": [ 13.0, 2.5, 13.5, 3.0 ] },
										"up": { "texture": "#shoes", "uv": [ 9.5, 2.0, 11.0, 2.5 ] }
									}
								}
							]
						},
						{
							"name": "back fold 25",
							"from": [ 3.0, 0.0, 0.0 ],
							"to": [ 3.2, 0.5, 3.2 ],
							"uv": [ 6.5, 2.5 ],
							"rotationOrigin": [ 3.0, 0.0, 0.0 ],
							"rotationZ": -7.0,
							"faces": {
								"north": { "texture": "#shoes", "uv": [ 6.5, 3.0, 7.0, 3.5 ] },
								"east": { "texture": "#shoes", "uv": [ 7.0, 3.0, 10.0, 3.5 ] },
								"south": { "texture": "#shoes", "uv": [ 10.0, 3.0, 10.5, 3.5 ] },
								"west": { "texture": "#shoes", "uv": [ 10.5, 3.0, 13.5, 3.5 ] },
								"up": { "texture": "#shoes", "uv": [ 6.5, 2.5, 9.5, 3.0 ], "rotation": 270 }
							},
							"children": [
								{
									"name": "back fold 26",
									"from": [ 0.0, 0.5, 0.0 ],
									"to": [ 0.2, 1.0, 2.1 ],
									"uv": [ 0.0, 0.0 ],
									"rotationOrigin": [ 0.0, 0.5, 0.0 ],
									"faces": {
										"north": { "texture": "#shoes", "uv": [ 13.5, 9.0, 14.0, 9.5 ] },
										"east": { "texture": "#shoes", "uv": [ 12.0, 9.0, 14.0, 9.5 ] },
										"south": { "texture": "#shoes", "uv": [ 12.0, 9.0, 12.5, 9.5 ] },
										"west": { "texture": "#shoes", "uv": [ 0.0, 0.0, 2.0, 0.5 ] },
										"up": { "texture": "#shoes", "uv": [ 12.0, 9.0, 14.0, 9.5 ], "rotation": 270 }
									}
								},
								{
									"name": "back fold 27",
									"from": [ 0.0, 0.5, 2.7 ],
									"to": [ 0.2, 1.0, 3.2 ],
									"uv": [ 0.0, 0.0 ],
									"rotationOrigin": [ 0.0, 0.5, 2.7 ],
									"faces": {
										"north": { "texture": "#shoes", "uv": [ 11.0, 9.0, 11.5, 9.5 ] },
										"east": { "texture": "#shoes", "uv": [ 11.0, 9.0, 11.5, 9.5 ] },
										"south": { "texture": "#shoes", "uv": [ 11.0, 9.0, 11.5, 9.5 ] },
										"west": { "texture": "#shoes", "uv": [ 0.0, 0.0, 0.5, 0.5 ] },
										"up": { "texture": "#shoes", "uv": [ 11.0, 9.0, 11.5, 9.5 ], "rotation": 270 }
									}
								}
							]
						},
						{
							"name": "front fold 26",
							"from": [ 0.0, 0.0, 0.0 ],
							"to": [ 0.2, 0.5, 2.7 ],
							"uv": [ 4.0, 2.0 ],
							"rotationOrigin": [ 0.2, 0.0, 0.0 ],
							"rotationZ": 8.0,
							"faces": {
								"north": { "texture": "#shoes", "uv": [ 4.0, 9.5, 4.5, 10.0 ] },
								"east": { "texture": "#shoes", "uv": [ 9.5, 2.0, 12.0, 2.5 ] },
								"south": { "texture": "#shoes", "uv": [ 6.0, 9.5, 6.5, 10.0 ] },
								"west": { "texture": "#shoes", "uv": [ 4.0, 9.5, 6.5, 10.0 ] },
								"up": { "texture": "#shoes", "uv": [ 4.0, 9.5, 6.5, 10.0 ], "rotation": 90 }
							},
							"children": [
								{
									"name": "front fold 27",
									"from": [ 0.0, 0.5, 2.2 ],
									"to": [ 0.2, 1.0, 3.2 ],
									"uv": [ 6.0, 2.0 ],
									"rotationOrigin": [ 0.2, 0.5, 2.2 ],
									"faces": {
										"north": { "texture": "#shoes", "uv": [ 6.0, 9.0, 6.5, 9.5 ] },
										"east": { "texture": "#shoes", "uv": [ 9.5, 2.0, 10.5, 2.5 ] },
										"south": { "texture": "#shoes", "uv": [ 6.5, 9.0, 7.0, 9.5 ] },
										"west": { "texture": "#shoes", "uv": [ 6.0, 9.0, 7.0, 9.5 ] },
										"up": { "texture": "#shoes", "uv": [ 6.0, 9.0, 7.0, 9.5 ], "rotation": 90 }
									}
								},
								{
									"name": "front fold 30",
									"from": [ 0.0, 0.5, 0.0 ],
									"to": [ 0.2, 1.0, 1.6 ],
									"uv": [ 4.0, 2.0 ],
									"rotationOrigin": [ 0.2, 0.5, 0.0 ],
									"faces": {
										"north": { "texture": "#shoes", "uv": [ 4.0, 9.0, 4.5, 9.5 ] },
										"east": { "texture": "#shoes", "uv": [ 9.5, 2.0, 11.0, 2.5 ] },
										"south": { "texture": "#shoes", "uv": [ 5.0, 9.0, 5.5, 9.5 ] },
										"west": { "texture": "#shoes", "uv": [ 4.0, 9.0, 5.5, 9.5 ] },
										"up": { "texture": "#shoes", "uv": [ 4.0, 9.0, 5.5, 9.5 ], "rotation": 90 }
									}
								}
							]
						}
					]
				},
				{
					"name": "showshoeL",
					"from": [ 0.0, 4.0, 0.0 ],
					"to": [ 3.2, 5.0, 3.2 ],
					"unwrapMode": 4,
					"uv": [ 0.0, 9.0 ],
					"rotationOrigin": [ 0.0, 4.0, 0.0 ],
					"faces": {
						"north": { "texture": "#shoes", "uv": [ 0.0, 9.0, 3.0, 10.0 ] },
						"east": { "texture": "#shoes", "uv": [ 9.0, 9.0, 12.0, 10.0 ] },
						"south": { "texture": "#shoes", "uv": [ 6.0, 9.0, 9.0, 10.0 ] },
						"west": { "texture": "#shoes", "uv": [ 3.0, 9.0, 6.0, 10.0 ] }
					}
				}
			]
		}
	],
	"animations": [
	]
}