{
	"editor": {
		"allAngles": true,
		"entityTextureMode": true
	},
	"textureWidth": 16,
	"textureHeight": 16,
	"textureSizes": {
	},
	"textures": {
		"shoes-malefactor-L": "entity/humanoid/seraphclothes/foot/rotwalker-L",
		"shoes-malefactor-R": "entity/humanoid/seraphclothes/foot/rotwalker-R"
	},
	"elements": [
		{
			"name": "shoeR",
			"stepParentName": "PawR",
			"from": [ -0.1, -0.1, -0.2 ],
			"to": [ 3.1, 6.4, 3.0 ],
			"autoUnwrap": false,
			"uv": [ 0.0, 0.0 ],
			"rotationOrigin": [ -0.1, -0.1, -0.2 ],
			"faces": {
				"north": { "texture": "#shoes-malefactor-R", "uv": [ 3.0, 9.5, 6.0, 16.0 ] },
				"east": { "texture": "#shoes-malefactor-R", "uv": [ 0.0, 9.5, 3.0, 16.0 ] },
				"south": { "texture": "#shoes-malefactor-R", "uv": [ 10.0, 9.5, 13.0, 16.0 ] },
				"west": { "texture": "#shoes-malefactor-R", "uv": [ 7.0, 9.5, 10.0, 16.0 ] },
				"up": { "texture": "#shoes-malefactor-R", "uv": [ 4.0, 0.0, 7.0, 3.0 ], "rotation": 90 },
				"down": { "texture": "#shoes-malefactor-R", "uv": [ 0.0, 0.0, 3.0, 3.0 ], "rotation": 90 }
			},
			"children": [
				{
					"name": "hideshoeR",
					"from": [ 0.0, 7.0, 0.0 ],
					"to": [ 1.0, 8.0, 1.0 ],
					"uv": [ 0.0, 0.0 ],
					"rotationOrigin": [ 0.0, 7.0, 0.0 ],
					"faces": {
					},
					"children": [
						{
							"name": "N fold 1",
							"from": [ 0.0, -0.5, 0.0 ],
							"to": [ 3.2, 2.0, 0.2 ],
							"uv": [ 3.0, 0.0 ],
							"rotationOrigin": [ 0.0, -0.5, 0.2 ],
							"rotationX": -6.0,
							"faces": {
								"north": { "texture": "#shoes-malefactor-R", "uv": [ 3.0, 0.5, 6.0, 3.0 ] },
								"east": { "texture": "#shoes-malefactor-R", "uv": [ 6.0, 0.5, 6.5, 3.0 ] },
								"south": { "texture": "#shoes-malefactor-R", "uv": [ 6.5, 0.5, 9.5, 3.0 ] },
								"west": { "texture": "#shoes-malefactor-R", "uv": [ 9.5, 0.5, 10.0, 3.0 ] },
								"up": { "texture": "#shoes-malefactor-R", "uv": [ 3.0, 0.0, 6.0, 0.5 ], "rotation": 180 },
								"down": { "texture": "#shoes-malefactor-R", "uv": [ 6.0, 0.0, 9.0, 0.5 ] }
							}
						},
						{
							"name": "S fold 1",
							"from": [ 0.0, -0.5, 3.0 ],
							"to": [ 3.2, 2.0, 3.2 ],
							"uv": [ 4.0, 1.5 ],
							"rotationOrigin": [ 0.0, -0.5, 3.0 ],
							"rotationX": 4.0,
							"faces": {
								"north": { "texture": "#shoes-malefactor-R", "uv": [ 4.0, 2.0, 7.0, 4.5 ] },
								"east": { "texture": "#shoes-malefactor-R", "uv": [ 7.0, 2.0, 7.5, 4.5 ] },
								"south": { "texture": "#shoes-malefactor-R", "uv": [ 7.5, 2.0, 10.5, 4.5 ] },
								"west": { "texture": "#shoes-malefactor-R", "uv": [ 10.5, 2.0, 11.0, 4.5 ] },
								"up": { "texture": "#shoes-malefactor-R", "uv": [ 4.0, 1.5, 7.0, 2.0 ] },
								"down": { "texture": "#shoes-malefactor-R", "uv": [ 7.0, 1.5, 10.0, 2.0 ] }
							}
						},
						{
							"name": "back fold 1",
							"from": [ 3.0, -0.5, 0.0 ],
							"to": [ 3.2, 2.0, 3.2 ],
							"uv": [ 0.0, 0.0 ],
							"rotationOrigin": [ 3.0, -0.5, 0.0 ],
							"rotationZ": -6.0,
							"faces": {
								"north": { "texture": "#shoes-malefactor-R", "uv": [ 0.0, 3.0, 0.5, 5.5 ] },
								"east": { "texture": "#shoes-malefactor-R", "uv": [ 0.5, 3.0, 3.5, 5.5 ] },
								"south": { "texture": "#shoes-malefactor-R", "uv": [ 3.5, 3.0, 4.0, 5.5 ] },
								"west": { "texture": "#shoes-malefactor-R", "uv": [ 4.0, 3.0, 7.0, 5.5 ] },
								"up": { "texture": "#shoes-malefactor-R", "uv": [ 0.0, 0.0, 3.0, 0.5 ], "rotation": 270 },
								"down": { "texture": "#shoes-malefactor-R", "uv": [ 3.0, 0.0, 3.5, 3.0 ] }
							}
						},
						{
							"name": "front fold 1",
							"from": [ 0.0, -1.6, 0.0 ],
							"to": [ 0.2, 0.9, 3.2 ],
							"uv": [ 4.5, 10.5 ],
							"rotationOrigin": [ 0.2, -1.6, 0.0 ],
							"rotationZ": 50.0,
							"faces": {
								"north": { "texture": "#shoes-malefactor-R", "uv": [ 4.5, 13.5, 5.0, 16.0 ] },
								"east": { "texture": "#shoes-malefactor-R", "uv": [ 5.0, 13.5, 8.0, 16.0 ] },
								"south": { "texture": "#shoes-malefactor-R", "uv": [ 8.0, 13.5, 8.5, 16.0 ] },
								"west": { "texture": "#shoes-malefactor-R", "uv": [ 8.5, 13.5, 11.5, 16.0 ] },
								"up": { "texture": "#shoes-malefactor-R", "uv": [ 4.5, 10.5, 7.5, 11.0 ], "rotation": 90 },
								"down": { "texture": "#shoes-malefactor-R", "uv": [ 7.5, 10.5, 8.0, 13.5 ] }
							}
						},
						{
							"name": "Cube1",
							"from": [ -0.1, -2.0, -0.05 ],
							"to": [ 2.9, -1.5, 3.25 ],
							"uv": [ 0.0, 0.5 ],
							"rotationOrigin": [ -0.0995, -2.0, -0.1 ],
							"faces": {
								"north": { "texture": "#shoes-malefactor-R", "uv": [ 4.5, 10.5, 7.5, 11.0 ] },
								"east": { "texture": "#shoes-malefactor-R", "uv": [ 2.5, 10.5, 5.5, 11.0 ] },
								"south": { "texture": "#shoes-malefactor-R", "uv": [ 10.5, 10.5, 13.5, 11.0 ] },
								"west": { "texture": "#shoes-malefactor-R", "uv": [ 7.5, 10.5, 10.5, 11.0 ] },
								"up": { "texture": "#shoes-malefactor-R", "uv": [ 0.0, 0.5, 3.0, 3.5 ] },
								"down": { "texture": "#shoes-malefactor-R", "uv": [ 1.0, 9.0, 4.0, 12.0 ], "rotation": 90 }
							}
						},
						{
							"name": "Cube12",
							"from": [ -0.1, -3.5, 1.05 ],
							"to": [ 2.9, -3.0, 3.25 ],
							"uv": [ 0.0, 0.5 ],
							"rotationOrigin": [ -0.0995, -3.5, 1.05 ],
							"faces": {
								"north": { "texture": "#shoes-malefactor-R", "uv": [ 4.5, 10.5, 7.5, 11.0 ] },
								"east": { "texture": "#shoes-malefactor-R", "uv": [ 5.0, 12.0, 7.0, 12.5 ] },
								"south": { "texture": "#shoes-malefactor-R", "uv": [ 10.0, 12.0, 13.0, 12.5 ] },
								"west": { "texture": "#shoes-malefactor-R", "uv": [ 8.0, 12.0, 10.0, 12.5 ] },
								"up": { "texture": "#shoes-malefactor-R", "uv": [ 0.0, 0.5, 3.0, 2.5 ] },
								"down": { "texture": "#shoes-malefactor-R", "uv": [ 1.0, 9.0, 3.0, 12.0 ], "rotation": 90 }
							}
						},
						{
							"name": "Cube13",
							"from": [ 1.05, -4.5, -0.05 ],
							"to": [ 3.25, -4.0, 3.15 ],
							"uv": [ 0.0, 0.5 ],
							"rotationOrigin": [ 1.1005, -4.5, -0.1 ],
							"faces": {
								"north": { "texture": "#shoes-malefactor-R", "uv": [ 0.0, 3.5, 2.0, 4.0 ] },
								"east": { "texture": "#shoes-malefactor-R", "uv": [ 2.0, 3.5, 5.0, 4.0 ] },
								"south": { "texture": "#shoes-malefactor-R", "uv": [ 5.0, 3.5, 7.0, 4.0 ] },
								"west": { "texture": "#shoes-malefactor-R", "uv": [ 7.0, 3.5, 10.0, 4.0 ] },
								"up": { "texture": "#shoes-malefactor-R", "uv": [ 0.0, 0.5, 2.0, 3.5 ] },
								"down": { "texture": "#shoes-malefactor-R", "uv": [ 2.0, 0.5, 5.0, 2.5 ], "rotation": 90 }
							}
						}
					]
				},
				{
					"name": "showshoeR",
					"from": [ 0.0, 6.5, 0.0 ],
					"to": [ 3.2, 9.0, 3.2 ],
					"unwrapMode": 1,
					"uv": [ 0.0, 7.0 ],
					"rotationOrigin": [ 0.0, 6.5, 0.0 ],
					"faces": {
						"north": { "texture": "#shoes-malefactor-R", "uv": [ 3.0, 7.0, 6.0, 9.5 ] },
						"east": { "texture": "#shoes-malefactor-R", "uv": [ 0.0, 7.0, 3.0, 9.5 ] },
						"south": { "texture": "#shoes-malefactor-R", "uv": [ 9.0, 7.0, 12.0, 9.5 ] },
						"west": { "texture": "#shoes-malefactor-R", "uv": [ 6.0, 7.0, 9.0, 9.5 ] }
					}
				}
			]
		},
		{
			"name": "shoeL",
			"stepParentName": "PawL",
			"from": [ -0.1, -0.1, -0.2 ],
			"to": [ 3.1, 6.4, 3.0 ],
			"autoUnwrap": false,
			"uv": [ 0.0, 0.0 ],
			"rotationOrigin": [ -0.1, -0.1, -0.2 ],
			"faces": {
				"north": { "texture": "#shoes-malefactor-L", "uv": [ 0.0, 9.5, 3.0, 16.0 ] },
				"east": { "texture": "#shoes-malefactor-L", "uv": [ 11.0, 9.5, 14.0, 16.0 ] },
				"south": { "texture": "#shoes-malefactor-L", "uv": [ 7.0, 9.5, 10.0, 16.0 ] },
				"west": { "texture": "#shoes-malefactor-L", "uv": [ 4.0, 9.5, 7.0, 16.0 ] },
				"up": { "texture": "#shoes-malefactor-L", "uv": [ 4.0, 0.0, 7.0, 3.0 ], "rotation": 90 },
				"down": { "texture": "#shoes-malefactor-L", "uv": [ 0.0, 0.0, 3.0, 3.0 ], "rotation": 90 }
			},
			"children": [
				{
					"name": "hideshoeL",
					"from": [ 0.0, 7.0, 0.0 ],
					"to": [ 1.0, 8.0, 1.0 ],
					"uv": [ 0.0, 0.0 ],
					"rotationOrigin": [ 0.0, 7.0, 0.0 ],
					"faces": {
					},
					"children": [
						{
							"name": "N fold 2",
							"from": [ 0.0, -0.5, 0.0 ],
							"to": [ 3.2, 2.0, 0.2 ],
							"uv": [ 0.0, 0.5 ],
							"rotationOrigin": [ 0.0, -0.5, 0.2 ],
							"rotationX": -4.0,
							"faces": {
								"north": { "texture": "#shoes-malefactor-L", "uv": [ 0.0, 1.0, 3.0, 3.5 ] },
								"east": { "texture": "#shoes-malefactor-L", "uv": [ 3.0, 1.0, 3.5, 3.5 ] },
								"south": { "texture": "#shoes-malefactor-L", "uv": [ 3.5, 1.0, 6.5, 3.5 ] },
								"west": { "texture": "#shoes-malefactor-L", "uv": [ 6.5, 1.0, 7.0, 3.5 ] },
								"up": { "texture": "#shoes-malefactor-L", "uv": [ 0.0, 0.5, 3.0, 1.0 ], "rotation": 180 },
								"down": { "texture": "#shoes-malefactor-L", "uv": [ 3.0, 0.5, 6.0, 1.0 ] }
							}
						},
						{
							"name": "S fold 2",
							"from": [ 0.0, -0.5, 3.0 ],
							"to": [ 3.2, 2.0, 3.2 ],
							"uv": [ 7.0, 1.0 ],
							"rotationOrigin": [ 0.0, -0.5, 3.0 ],
							"rotationX": 6.0,
							"faces": {
								"north": { "texture": "#shoes-malefactor-L", "uv": [ 7.0, 1.5, 10.0, 4.0 ] },
								"east": { "texture": "#shoes-malefactor-L", "uv": [ 10.0, 1.5, 10.5, 4.0 ] },
								"south": { "texture": "#shoes-malefactor-L", "uv": [ 10.5, 1.5, 13.5, 4.0 ] },
								"west": { "texture": "#shoes-malefactor-L", "uv": [ 13.5, 1.5, 14.0, 4.0 ] },
								"up": { "texture": "#shoes-malefactor-L", "uv": [ 7.0, 1.0, 10.0, 1.5 ] },
								"down": { "texture": "#shoes-malefactor-L", "uv": [ 10.0, 1.0, 13.0, 1.5 ] }
							}
						},
						{
							"name": "back fold 2",
							"from": [ 3.0, -0.5, 0.0 ],
							"to": [ 3.2, 2.0, 3.2 ],
							"uv": [ 4.0, 0.5 ],
							"rotationOrigin": [ 3.0, -0.5, 0.0 ],
							"rotationZ": -6.0,
							"faces": {
								"north": { "texture": "#shoes-malefactor-L", "uv": [ 4.0, 3.5, 4.5, 6.0 ] },
								"east": { "texture": "#shoes-malefactor-L", "uv": [ 4.5, 3.5, 7.5, 6.0 ] },
								"south": { "texture": "#shoes-malefactor-L", "uv": [ 7.5, 3.5, 8.0, 6.0 ] },
								"west": { "texture": "#shoes-malefactor-L", "uv": [ 8.0, 3.5, 11.0, 6.0 ] },
								"up": { "texture": "#shoes-malefactor-L", "uv": [ 4.0, 0.5, 7.0, 1.0 ], "rotation": 270 },
								"down": { "texture": "#shoes-malefactor-L", "uv": [ 7.0, 0.5, 7.5, 3.5 ] }
							}
						},
						{
							"name": "front fold 2",
							"from": [ 0.0, -1.6, 0.0 ],
							"to": [ 0.2, 0.9, 3.2 ],
							"uv": [ 6.5, 9.5 ],
							"rotationOrigin": [ 0.2, -1.6, 0.0 ],
							"rotationZ": 55.0,
							"faces": {
								"north": { "texture": "#shoes-malefactor-L", "uv": [ 6.5, 12.5, 7.0, 15.0 ] },
								"east": { "texture": "#shoes-malefactor-L", "uv": [ 7.0, 12.5, 10.0, 15.0 ] },
								"south": { "texture": "#shoes-malefactor-L", "uv": [ 10.0, 12.5, 10.5, 15.0 ] },
								"west": { "texture": "#shoes-malefactor-L", "uv": [ 10.5, 12.5, 13.5, 15.0 ] },
								"up": { "texture": "#shoes-malefactor-L", "uv": [ 6.5, 9.5, 9.5, 10.0 ], "rotation": 90 },
								"down": { "texture": "#shoes-malefactor-L", "uv": [ 9.5, 9.5, 10.0, 12.5 ] }
							}
						},
						{
							"name": "Cube14",
							"from": [ -0.1, -1.5, -0.05 ],
							"to": [ 3.1, -1.0, 3.25 ],
							"uv": [ 0.0, 0.0 ],
							"rotationOrigin": [ -0.1, -1.5, -0.1 ],
							"faces": {
								"north": { "texture": "#shoes-malefactor-L", "uv": [ 1.0, 10.0, 4.0, 10.5 ] },
								"east": { "texture": "#shoes-malefactor-L", "uv": [ 7.5, 10.0, 10.5, 10.5 ] },
								"south": { "texture": "#shoes-malefactor-L", "uv": [ 7.0, 10.0, 10.0, 10.5 ] },
								"west": { "texture": "#shoes-malefactor-L", "uv": [ 4.0, 10.0, 7.0, 10.5 ] },
								"up": { "texture": "#shoes-malefactor-L", "uv": [ 0.0, 0.0, 3.0, 3.0 ] },
								"down": { "texture": "#shoes-malefactor-L", "uv": [ 0.0, 0.0, 3.0, 3.0 ] }
							}
						},
						{
							"name": "Cube15",
							"from": [ -0.1, -2.5, -0.05 ],
							"to": [ 3.1, -2.0, 3.25 ],
							"uv": [ 0.0, 0.0 ],
							"rotationOrigin": [ -0.1, -2.5, -0.1 ],
							"faces": {
								"north": { "texture": "#shoes-malefactor-L", "uv": [ 1.0, 11.0, 4.0, 11.5 ] },
								"east": { "texture": "#shoes-malefactor-L", "uv": [ 7.5, 11.0, 10.5, 11.5 ] },
								"south": { "texture": "#shoes-malefactor-L", "uv": [ 7.0, 11.0, 10.0, 11.5 ] },
								"west": { "texture": "#shoes-malefactor-L", "uv": [ 4.0, 11.0, 7.0, 11.5 ] },
								"up": { "texture": "#shoes-malefactor-L", "uv": [ 0.0, 0.0, 3.0, 3.0 ] },
								"down": { "texture": "#shoes-malefactor-L", "uv": [ 0.0, 0.0, 3.0, 3.0 ] }
							}
						}
					]
				},
				{
					"name": "showshoeL",
					"from": [ 0.0, 6.5, 0.0 ],
					"to": [ 3.2, 9.0, 3.2 ],
					"unwrapMode": 4,
					"uv": [ 0.0, 7.0 ],
					"rotationOrigin": [ 0.0, 6.5, 0.0 ],
					"faces": {
						"north": { "texture": "#shoes-malefactor-L", "uv": [ 0.0, 7.0, 3.0, 9.5 ] },
						"east": { "texture": "#shoes-malefactor-L", "uv": [ 9.0, 7.0, 12.0, 9.5 ] },
						"south": { "texture": "#shoes-malefactor-L", "uv": [ 6.0, 7.0, 9.0, 9.5 ] },
						"west": { "texture": "#shoes-malefactor-L", "uv": [ 3.0, 7.0, 6.0, 9.5 ] }
					}
				}
			]
		}
	],
	"animations": [
	]
}