{
	"editor": {
		"collapsedPaths": "Root/shoeR/hideshoeR/N fold 20,Root/shoeR/hideshoeR/RfoldS,Root/shoeL/hideshoeL,Root/shoeL/front16,Root/shoeL/LacesR1,Root/shoeR/hideshoeR/front 1,Root/shoeR/hideshoeR/RbackFold,Root/shoeR/hideshoeR,Root/shoeR/hideshoeR/Rbuckle1Bottom,Root/shoeL/LacesL1",
		"allAngles": true,
		"entityTextureMode": true
	},
	"textureWidth": 16,
	"textureHeight": 28,
	"textureSizes": {
		"shoes": [16,28]
	},
	"textures": {
		"shoes": "entity/humanoid/seraphclothes/foot/squire-boots"
	},
	"elements": [
		{
			"name": "shoeR",
			"stepParentName": "PawR",
			"from": [ -0.1, -0.1, -0.2 ],
			"to": [ 3.1, 6.8, 3.0 ],
			"autoUnwrap": false,
			"uv": [ 0.0, 0.5 ],
			"rotationOrigin": [ -0.1, -0.1, -0.2 ],
			"faces": {
				"north": { "texture": "#shoes", "uv": [ 3.0, 21.5, 6.0, 28.0 ] },
				"east": { "texture": "#shoes", "uv": [ 0.0, 21.5, 3.0, 28.0 ] },
				"south": { "texture": "#shoes", "uv": [ 10.0, 21.5, 13.0, 28.0 ] },
				"west": { "texture": "#shoes", "uv": [ 7.0, 21.5, 10.0, 28.0 ] },
				"up": { "texture": "#shoes", "uv": [ 12.5, 0.5, 15.5, 3.5 ] },
				"down": { "texture": "#shoes", "uv": [ 0.0, 4.0, 3.0, 7.0 ], "rotation": 90 }
			},
			"children": [
				{
					"name": "front 1",
					"from": [ 0.0, 5.4, 0.0 ],
					"to": [ 0.2, 6.9, 3.2 ],
					"uv": [ 7.0, 1.0 ],
					"rotationOrigin": [ 0.2, 5.4, 0.0 ],
					"rotationX": 0.0,
					"rotationY": 0.0,
					"rotationZ": 53.0,
					"faces": {
						"north": { "texture": "#shoes", "uv": [ 7.0, 1.5, 7.5, 3.0 ] },
						"east": { "texture": "#shoes", "uv": [ 7.5, 1.5, 10.5, 3.0 ] },
						"south": { "texture": "#shoes", "uv": [ 10.5, 1.5, 11.0, 3.0 ] },
						"west": { "texture": "#shoes", "uv": [ 11.0, 1.5, 14.0, 3.0 ] },
						"up": { "texture": "#shoes", "uv": [ 7.0, 1.0, 10.0, 1.5 ], "rotation": 90 }
					},
					"children": [
						{
							"name": "RfrontFrill",
							"from": [ -0.3, 1.5, 0.0 ],
							"to": [ 0.4, 3.0, 3.2 ],
							"uv": [ 7.0, 18.5 ],
							"rotationOrigin": [ 0.0, 2.5, 0.0 ],
							"faces": {
								"north": { "texture": "#shoes", "uv": [ 7.5, 18.5, 8.0, 20.0 ], "windMode": [-1,-1,-1,-1] },
								"east": { "texture": "#shoes", "uv": [ 7.0, 18.5, 10.0, 20.0 ], "windMode": [-1,-1,-1,-1] },
								"south": { "texture": "#shoes", "uv": [ 10.0, 18.5, 10.5, 20.0 ], "windMode": [-1,-1,-1,-1] },
								"west": { "texture": "#shoes", "uv": [ 7.0, 18.5, 10.0, 20.0 ], "windMode": [-1,-1,-1,-1] },
								"up": { "texture": "#shoes", "uv": [ 7.5, 18.5, 10.5, 19.0 ], "rotation": 90 },
								"down": { "texture": "#shoes", "uv": [ 7.0, 19.5, 10.0, 20.0 ], "rotation": 90, "windMode": [-1,-1,-1,-1] }
							}
						}
					]
				},
				{
					"name": "Rbuckle1Bottom",
					"from": [ 0.0, 2.0, -0.2 ],
					"to": [ 2.7, 2.5, 0.0 ],
					"uv": [ 8.0, 15.5 ],
					"rotationOrigin": [ 0.0, 2.0, -0.2 ],
					"rotationX": 0.0,
					"rotationY": 0.0,
					"rotationZ": 0.0,
					"faces": {
						"north": { "texture": "#shoes", "uv": [ 8.0, 16.0, 10.5, 16.5 ] },
						"east": { "texture": "#shoes", "uv": [ 10.5, 16.0, 11.0, 16.5 ] },
						"west": { "texture": "#shoes", "uv": [ 11.0, 16.0, 11.5, 16.5 ] },
						"up": { "texture": "#shoes", "uv": [ 8.0, 15.5, 10.5, 16.0 ] },
						"down": { "texture": "#shoes", "uv": [ 10.5, 15.5, 13.0, 16.0 ] }
					},
					"children": [
						{
							"name": "Rbuckle2",
							"from": [ 0.0, 1.5, 0.0 ],
							"to": [ 2.7, 2.0, 0.2 ],
							"uv": [ 8.0, 15.5 ],
							"rotationOrigin": [ 0.0, 1.5, 0.0 ],
							"faces": {
								"north": { "texture": "#shoes", "uv": [ 8.0, 15.5, 10.5, 16.0 ] },
								"east": { "texture": "#shoes", "uv": [ 8.0, 15.5, 8.5, 16.0 ] },
								"west": { "texture": "#shoes", "uv": [ 10.0, 15.5, 10.5, 16.0 ] },
								"up": { "texture": "#shoes", "uv": [ 8.0, 15.5, 10.5, 16.0 ] },
								"down": { "texture": "#shoes", "uv": [ 8.0, 15.5, 10.5, 16.0 ] }
							}
						},
						{
							"name": "Rbuckle3",
							"from": [ 0.0, 3.0, 0.0 ],
							"to": [ 2.7, 3.5, 0.2 ],
							"uv": [ 8.0, 15.5 ],
							"rotationOrigin": [ 0.0, 3.0, 0.0 ],
							"faces": {
								"north": { "texture": "#shoes", "uv": [ 8.0, 15.5, 10.5, 16.0 ] },
								"east": { "texture": "#shoes", "uv": [ 8.0, 15.5, 8.5, 16.0 ] },
								"west": { "texture": "#shoes", "uv": [ 10.0, 15.5, 10.5, 16.0 ] },
								"up": { "texture": "#shoes", "uv": [ 8.0, 15.5, 10.5, 16.0 ] },
								"down": { "texture": "#shoes", "uv": [ 8.0, 15.5, 10.5, 16.0 ] }
							}
						},
						{
							"name": "Rbuckle4",
							"from": [ 0.0, 4.5, 0.0 ],
							"to": [ 2.7, 5.0, 0.2 ],
							"uv": [ 8.0, 15.5 ],
							"rotationOrigin": [ 0.0, 4.5, 0.2 ],
							"rotationX": -8.0,
							"faces": {
								"north": { "texture": "#shoes", "uv": [ 8.0, 15.5, 10.5, 16.0 ] },
								"east": { "texture": "#shoes", "uv": [ 8.0, 15.5, 8.5, 16.0 ] },
								"west": { "texture": "#shoes", "uv": [ 10.0, 15.5, 10.5, 16.0 ] },
								"up": { "texture": "#shoes", "uv": [ 8.0, 15.5, 10.5, 16.0 ] },
								"down": { "texture": "#shoes", "uv": [ 8.0, 15.5, 10.5, 16.0 ] }
							}
						}
					]
				}
			]
		},
		{
			"name": "shoeL",
			"stepParentName": "PawL",
			"from": [ -0.1, -0.1, -0.2 ],
			"to": [ 3.1, 6.8, 3.0 ],
			"autoUnwrap": false,
			"uv": [ 0.0, 0.5 ],
			"rotationOrigin": [ -0.1, -0.1, -0.2 ],
			"faces": {
				"north": { "texture": "#shoes", "uv": [ 0.0, 11.5, 3.0, 18.0 ] },
				"east": { "texture": "#shoes", "uv": [ 11.0, 11.5, 14.0, 18.0 ] },
				"south": { "texture": "#shoes", "uv": [ 7.5, 11.5, 10.5, 18.0 ] },
				"west": { "texture": "#shoes", "uv": [ 4.0, 11.5, 7.0, 18.0 ] },
				"up": { "texture": "#shoes", "uv": [ 1.5, 0.5, 4.5, 3.5 ] },
				"down": { "texture": "#shoes", "uv": [ 4.0, 4.0, 7.0, 7.0 ], "rotation": 90 }
			},
			"children": [
				{
					"name": "front fold 26",
					"from": [ 0.0, 5.4, 0.0 ],
					"to": [ 0.2, 6.9, 3.2 ],
					"uv": [ 4.0, 1.5 ],
					"rotationOrigin": [ 0.2, 5.4, 0.0 ],
					"rotationX": 0.0,
					"rotationY": 0.0,
					"rotationZ": 53.0,
					"faces": {
						"north": { "texture": "#shoes", "uv": [ 4.0, 2.0, 4.5, 3.5 ] },
						"east": { "texture": "#shoes", "uv": [ 4.5, 2.0, 7.5, 3.5 ] },
						"south": { "texture": "#shoes", "uv": [ 7.5, 2.0, 8.0, 3.5 ] },
						"west": { "texture": "#shoes", "uv": [ 8.0, 2.0, 11.0, 3.5 ] },
						"up": { "texture": "#shoes", "uv": [ 4.0, 1.5, 7.0, 2.0 ], "rotation": 90 }
					},
					"children": [
						{
							"name": "front fold 30",
							"from": [ -0.3, 1.5, 0.0 ],
							"to": [ 0.4, 3.0, 3.2 ],
							"uv": [ 1.5, 8.5 ],
							"rotationOrigin": [ 0.0, 2.5, 0.0 ],
							"faces": {
								"north": { "texture": "#shoes", "uv": [ 1.5, 8.5, 2.0, 10.0 ], "windMode": [-1,-1,-1,-1] },
								"east": { "texture": "#shoes", "uv": [ 3.5, 8.5, 6.5, 10.0 ], "windMode": [-1,-1,-1,-1] },
								"south": { "texture": "#shoes", "uv": [ 1.5, 8.5, 2.0, 10.0 ], "windMode": [-1,-1,-1,-1] },
								"west": { "texture": "#shoes", "uv": [ 4.0, 8.5, 7.0, 10.0 ] },
								"up": { "texture": "#shoes", "uv": [ 4.0, 8.5, 7.0, 9.0 ], "rotation": 90 },
								"down": { "texture": "#shoes", "uv": [ 4.0, 9.5, 7.0, 10.0 ], "rotation": 90, "windMode": [-1,-1,-1,-1] }
							}
						}
					]
				},
				{
					"name": "Lbuckle1Bottom",
					"from": [ 0.0, 2.0, 3.2 ],
					"to": [ 2.7, 2.5, 3.4 ],
					"uv": [ 8.0, 15.5 ],
					"rotationOrigin": [ 0.0, 2.0, 3.2 ],
					"rotationX": 0.0,
					"rotationY": 0.0,
					"rotationZ": 0.0,
					"faces": {
						"east": { "texture": "#shoes", "uv": [ 8.0, 15.5, 8.5, 16.0 ] },
						"south": { "texture": "#shoes", "uv": [ 8.0, 15.5, 10.5, 16.0 ] },
						"west": { "texture": "#shoes", "uv": [ 10.0, 15.5, 10.5, 16.0 ] },
						"up": { "texture": "#shoes", "uv": [ 8.0, 15.5, 10.5, 16.0 ] },
						"down": { "texture": "#shoes", "uv": [ 8.0, 15.5, 10.5, 16.0 ] }
					},
					"children": [
						{
							"name": "Lbuckle2",
							"from": [ 0.0, 1.5, 0.0 ],
							"to": [ 2.7, 2.0, 0.2 ],
							"uv": [ 8.0, 15.5 ],
							"rotationOrigin": [ 0.0, 1.5, 0.0 ],
							"faces": {
								"east": { "texture": "#shoes", "uv": [ 8.0, 15.5, 8.5, 16.0 ] },
								"south": { "texture": "#shoes", "uv": [ 8.0, 15.5, 10.5, 16.0 ] },
								"west": { "texture": "#shoes", "uv": [ 10.0, 15.5, 10.5, 16.0 ] },
								"up": { "texture": "#shoes", "uv": [ 8.0, 15.5, 10.5, 16.0 ] },
								"down": { "texture": "#shoes", "uv": [ 8.0, 15.5, 10.5, 16.0 ] }
							}
						},
						{
							"name": "Lbuckle3",
							"from": [ 0.0, 3.0, 0.0 ],
							"to": [ 2.7, 3.5, 0.2 ],
							"uv": [ 8.0, 15.5 ],
							"rotationOrigin": [ 0.0, 3.0, 0.0 ],
							"faces": {
								"east": { "texture": "#shoes", "uv": [ 8.0, 15.5, 8.5, 16.0 ] },
								"south": { "texture": "#shoes", "uv": [ 8.0, 15.5, 10.5, 16.0 ] },
								"west": { "texture": "#shoes", "uv": [ 10.0, 15.5, 10.5, 16.0 ] },
								"up": { "texture": "#shoes", "uv": [ 8.0, 15.5, 10.5, 16.0 ] },
								"down": { "texture": "#shoes", "uv": [ 8.0, 15.5, 10.5, 16.0 ] }
							}
						},
						{
							"name": "Lbuckle4",
							"from": [ 0.0, 4.5, 0.0 ],
							"to": [ 2.7, 5.0, 0.2 ],
							"uv": [ 8.0, 15.5 ],
							"rotationOrigin": [ 0.0, 4.5, 0.0 ],
							"rotationX": 8.0,
							"faces": {
								"east": { "texture": "#shoes", "uv": [ 8.0, 15.5, 8.5, 16.0 ] },
								"south": { "texture": "#shoes", "uv": [ 8.0, 15.5, 10.5, 16.0 ] },
								"west": { "texture": "#shoes", "uv": [ 10.0, 15.5, 10.5, 16.0 ] },
								"up": { "texture": "#shoes", "uv": [ 8.0, 15.5, 10.5, 16.0 ] },
								"down": { "texture": "#shoes", "uv": [ 8.0, 15.5, 10.5, 16.0 ] }
							}
						}
					]
				}
			]
		},
		{
			"name": "ShoeRanchor",
			"stepParentName": "LowerFootR",
			"from": [ 0.0, 0.0, 0.0 ],
			"to": [ 0.0, 0.0, 0.0 ],
			"uv": [ 0.0, 0.0 ],
			"faces": {
				"north": { "texture": "#shoes", "uv": [ 0.0, 0.5, 0.5, 1.0 ] },
				"east": { "texture": "#shoes", "uv": [ 0.5, 0.5, 1.0, 1.0 ] },
				"south": { "texture": "#shoes", "uv": [ 1.0, 0.5, 1.5, 1.0 ] },
				"west": { "texture": "#shoes", "uv": [ 1.5, 0.5, 2.0, 1.0 ] },
				"up": { "texture": "#shoes", "uv": [ 0.0, 0.0, 0.5, 0.5 ] },
				"down": { "texture": "#shoes", "uv": [ 0.5, 0.0, 1.0, 0.5 ] }
			},
			"children": [
				{
					"name": "showshoeR",
					"from": [ 0.0, 0.0, 0.0 ],
					"to": [ 3.4, 3.0, 3.2 ],
					"unwrapMode": 1,
					"uv": [ 0.0, 18.5 ],
					"faces": {
						"north": { "texture": "#shoes", "uv": [ 0.0, 18.5, 3.0, 21.5 ] },
						"south": { "texture": "#shoes", "uv": [ 6.0, 18.5, 9.0, 21.5 ] },
						"west": { "texture": "#shoes", "uv": [ 3.0, 18.5, 6.0, 21.5 ] }
					}
				},
				{
					"name": "hideshoeR",
					"from": [ 0.0, 0.0, 0.0 ],
					"to": [ 1.0, 1.0, 1.0 ],
					"uv": [ 0.0, 0.0 ],
					"faces": {
					},
					"children": [
						{
							"name": "N fold 20",
							"from": [ 0.0, 0.0, 0.0 ],
							"to": [ 3.2, 1.5, 0.2 ],
							"uv": [ 7.0, 8.5 ],
							"rotationOrigin": [ 0.0, 0.0, 0.2 ],
							"rotationX": -8.0,
							"faces": {
								"north": { "texture": "#shoes", "uv": [ 7.0, 9.0, 10.0, 10.5 ] },
								"east": { "texture": "#shoes", "uv": [ 10.0, 9.0, 10.5, 10.5 ] },
								"south": { "texture": "#shoes", "uv": [ 10.5, 9.0, 13.5, 10.5 ] },
								"west": { "texture": "#shoes", "uv": [ 13.5, 9.0, 14.0, 10.5 ] },
								"up": { "texture": "#shoes", "uv": [ 7.0, 8.5, 10.0, 9.0 ] }
							},
							"children": [
								{
									"name": "N fold 21",
									"from": [ 0.0, 1.5, -0.2 ],
									"to": [ 3.2, 3.0, 0.5 ],
									"uv": [ 2.5, 16.0 ],
									"rotationOrigin": [ 0.0, 2.5, 0.1 ],
									"faces": {
										"north": { "texture": "#shoes", "uv": [ 2.5, 16.5, 5.5, 18.0 ] },
										"east": { "texture": "#shoes", "uv": [ 5.5, 16.5, 6.0, 18.0 ], "windMode": [-1,-1,-1,-1] },
										"south": { "texture": "#shoes", "uv": [ 6.0, 16.5, 9.0, 18.0 ], "windMode": [-1,-1,-1,-1] },
										"west": { "texture": "#shoes", "uv": [ 9.0, 16.5, 9.5, 18.0 ], "windMode": [-1,-1,-1,-1] },
										"up": { "texture": "#shoes", "uv": [ 2.5, 16.0, 5.5, 16.5 ] },
										"down": { "texture": "#shoes", "uv": [ 5.5, 16.0, 8.5, 16.5 ], "windMode": [-1,-1,-1,-1] }
									}
								}
							]
						},
						{
							"name": "RfoldS",
							"from": [ 0.0, 0.0, 3.0 ],
							"to": [ 3.2, 1.5, 3.2 ],
							"uv": [ 4.0, 8.5 ],
							"rotationOrigin": [ 0.0, 0.0, 3.0 ],
							"rotationX": 8.0,
							"faces": {
								"north": { "texture": "#shoes", "uv": [ 4.0, 9.0, 7.0, 10.5 ] },
								"east": { "texture": "#shoes", "uv": [ 7.0, 9.0, 7.5, 10.5 ] },
								"south": { "texture": "#shoes", "uv": [ 7.5, 9.0, 10.5, 10.5 ] },
								"west": { "texture": "#shoes", "uv": [ 10.5, 9.0, 11.0, 10.5 ] },
								"up": { "texture": "#shoes", "uv": [ 4.0, 8.5, 7.0, 9.0 ] }
							},
							"children": [
								{
									"name": "RfoldFrill",
									"from": [ 0.0, 1.5, -0.3 ],
									"to": [ 3.2, 3.0, 0.4 ],
									"uv": [ 6.5, 18.5 ],
									"rotationOrigin": [ 0.0, 2.5, -0.3 ],
									"faces": {
										"north": { "texture": "#shoes", "uv": [ 6.5, 19.0, 9.5, 20.5 ], "windMode": [-1,-1,-1,-1] },
										"east": { "texture": "#shoes", "uv": [ 9.5, 19.0, 10.0, 20.5 ], "windMode": [-1,-1,-1,-1] },
										"south": { "texture": "#shoes", "uv": [ 10.0, 19.0, 13.0, 20.5 ] },
										"west": { "texture": "#shoes", "uv": [ 13.0, 19.0, 13.5, 20.5 ], "windMode": [-1,-1,-1,-1] },
										"up": { "texture": "#shoes", "uv": [ 6.5, 18.5, 9.5, 19.0 ] },
										"down": { "texture": "#shoes", "uv": [ 9.5, 18.5, 12.5, 19.0 ], "windMode": [-1,-1,-1,-1] }
									}
								}
							]
						},
						{
							"name": "RbackFold",
							"from": [ 3.2, -0.5, 0.0 ],
							"to": [ 3.4, 1.0, 3.2 ],
							"uv": [ 2.0, 8.5 ],
							"rotationOrigin": [ 3.2, -0.5, 0.0 ],
							"rotationZ": -7.0,
							"faces": {
								"north": { "texture": "#shoes", "uv": [ 2.0, 9.0, 2.5, 10.5 ] },
								"east": { "texture": "#shoes", "uv": [ 2.5, 9.0, 5.5, 10.5 ] },
								"south": { "texture": "#shoes", "uv": [ 5.5, 9.0, 6.0, 10.5 ] },
								"west": { "texture": "#shoes", "uv": [ 6.0, 9.0, 9.0, 10.5 ] },
								"up": { "texture": "#shoes", "uv": [ 2.0, 8.5, 5.0, 9.0 ], "rotation": 270 }
							},
							"children": [
								{
									"name": "RbackFrill",
									"from": [ -0.3, 1.5, 0.0 ],
									"to": [ 0.4, 3.0, 3.2 ],
									"uv": [ 11.0, 8.5 ],
									"rotationOrigin": [ -0.3, 2.5, 0.0 ],
									"faces": {
										"north": { "texture": "#shoes", "uv": [ 11.0, 8.5, 11.5, 10.0 ], "windMode": [-1,-1,-1,-1] },
										"east": { "texture": "#shoes", "uv": [ 11.0, 8.5, 14.0, 10.0 ] },
										"south": { "texture": "#shoes", "uv": [ 13.5, 8.5, 14.0, 10.0 ], "windMode": [-1,-1,-1,-1] },
										"west": { "texture": "#shoes", "uv": [ 11.0, 8.5, 14.0, 10.0 ], "windMode": [-1,-1,-1,-1] },
										"up": { "texture": "#shoes", "uv": [ 11.0, 8.5, 14.0, 9.0 ], "rotation": 270 },
										"down": { "texture": "#shoes", "uv": [ 11.0, 9.5, 14.0, 10.0 ], "rotation": 90, "windMode": [-1,-1,-1,-1] }
									}
								}
							]
						}
					]
				}
			]
		},
		{
			"name": "ShoeLanchor",
			"stepParentName": "LowerFootL",
			"from": [ 0.0, -7.0, 0.0 ],
			"to": [ 0.0, -7.0, 0.0 ],
			"uv": [ 0.0, 0.0 ],
			"rotationOrigin": [ 0.0, -7.0, 0.0 ],
			"faces": {
				"north": { "texture": "#shoes", "uv": [ 0.0, 0.5, 0.5, 1.0 ] },
				"east": { "texture": "#shoes", "uv": [ 0.5, 0.5, 1.0, 1.0 ] },
				"south": { "texture": "#shoes", "uv": [ 1.0, 0.5, 1.5, 1.0 ] },
				"west": { "texture": "#shoes", "uv": [ 1.5, 0.5, 2.0, 1.0 ] },
				"up": { "texture": "#shoes", "uv": [ 0.0, 0.0, 0.5, 0.5 ] },
				"down": { "texture": "#shoes", "uv": [ 0.5, 0.0, 1.0, 0.5 ] }
			},
			"children": [
				{
					"name": "hideshoeL",
					"from": [ 0.0, 0.0, 0.0 ],
					"to": [ 1.0, 1.0, 1.0 ],
					"uv": [ 0.0, 0.0 ],
					"faces": {
					},
					"children": [
						{
							"name": "N fold 23",
							"from": [ 0.0, 6.5, 0.0 ],
							"to": [ 3.2, 8.0, 0.2 ],
							"uv": [ 0.0, 8.5 ],
							"rotationOrigin": [ 0.0, 6.5, 0.2 ],
							"rotationX": -8.0,
							"faces": {
								"north": { "texture": "#shoes", "uv": [ 0.0, 9.0, 3.0, 10.5 ] },
								"east": { "texture": "#shoes", "uv": [ 3.0, 9.0, 3.5, 10.5 ] },
								"south": { "texture": "#shoes", "uv": [ 3.5, 9.0, 6.5, 10.5 ] },
								"west": { "texture": "#shoes", "uv": [ 6.5, 9.0, 7.0, 10.5 ] },
								"up": { "texture": "#shoes", "uv": [ 0.0, 8.5, 3.0, 9.0 ] }
							},
							"children": [
								{
									"name": "LfoldN",
									"from": [ 0.0, 1.5, -0.1 ],
									"to": [ 3.2, 3.0, 0.6 ],
									"uv": [ 0.0, 8.5 ],
									"rotationOrigin": [ 0.0, 2.5, 0.2 ],
									"faces": {
										"north": { "texture": "#shoes", "uv": [ 0.0, 9.0, 3.0, 10.5 ] },
										"east": { "texture": "#shoes", "uv": [ 3.0, 9.0, 3.5, 10.5 ], "windMode": [-1,-1,-1,-1] },
										"south": { "texture": "#shoes", "uv": [ 3.5, 9.0, 6.5, 10.5 ], "windMode": [-1,-1,-1,-1] },
										"west": { "texture": "#shoes", "uv": [ 6.5, 9.0, 7.0, 10.5 ], "windMode": [-1,-1,-1,-1] },
										"up": { "texture": "#shoes", "uv": [ 0.0, 8.5, 3.0, 9.0 ] },
										"down": { "texture": "#shoes", "uv": [ 3.0, 8.5, 6.0, 9.0 ], "windMode": [-1,-1,-1,-1] }
									}
								}
							]
						},
						{
							"name": "S fold 24",
							"from": [ 0.0, 6.5, 3.0 ],
							"to": [ 3.2, 8.0, 3.2 ],
							"uv": [ 5.5, 8.5 ],
							"rotationOrigin": [ 0.0, 6.5, 3.0 ],
							"rotationX": 8.0,
							"faces": {
								"north": { "texture": "#shoes", "uv": [ 5.5, 9.0, 8.5, 10.5 ] },
								"east": { "texture": "#shoes", "uv": [ 8.5, 9.0, 9.0, 10.5 ] },
								"south": { "texture": "#shoes", "uv": [ 9.0, 9.0, 12.0, 10.5 ] },
								"west": { "texture": "#shoes", "uv": [ 12.0, 9.0, 12.5, 10.5 ] },
								"up": { "texture": "#shoes", "uv": [ 5.5, 8.5, 8.5, 9.0 ] }
							},
							"children": [
								{
									"name": "S frill",
									"from": [ -0.1, 1.5, -0.3 ],
									"to": [ 3.4, 3.0, 0.4 ],
									"uv": [ 2.5, 8.5 ],
									"rotationOrigin": [ -0.1, 2.5, -0.3 ],
									"faces": {
										"north": { "texture": "#shoes", "uv": [ 2.5, 9.0, 6.0, 10.5 ], "windMode": [-1,-1,-1,-1] },
										"east": { "texture": "#shoes", "uv": [ 6.0, 9.0, 6.5, 10.5 ], "windMode": [-1,-1,-1,-1] },
										"south": { "texture": "#shoes", "uv": [ 6.5, 9.0, 10.0, 10.5 ] },
										"west": { "texture": "#shoes", "uv": [ 10.0, 9.0, 10.5, 10.5 ], "windMode": [-1,-1,-1,-1] },
										"up": { "texture": "#shoes", "uv": [ 2.5, 8.5, 6.0, 9.0 ] },
										"down": { "texture": "#shoes", "uv": [ 6.0, 8.5, 9.5, 9.0 ], "windMode": [-1,-1,-1,-1] }
									}
								}
							]
						},
						{
							"name": "Lback fold 25",
							"from": [ 3.2, 6.5, 0.0 ],
							"to": [ 3.4, 8.0, 3.2 ],
							"uv": [ 0.0, 18.5 ],
							"rotationOrigin": [ 3.2, 6.5, 0.0 ],
							"rotationZ": -7.0,
							"faces": {
								"north": { "texture": "#shoes", "uv": [ 0.0, 19.0, 0.5, 20.5 ] },
								"east": { "texture": "#shoes", "uv": [ 0.5, 19.0, 3.5, 20.5 ] },
								"south": { "texture": "#shoes", "uv": [ 3.5, 19.0, 4.0, 20.5 ] },
								"west": { "texture": "#shoes", "uv": [ 4.0, 19.0, 7.0, 20.5 ] },
								"up": { "texture": "#shoes", "uv": [ 0.0, 18.5, 3.0, 19.0 ], "rotation": 270 }
							},
							"children": [
								{
									"name": "Lback frill",
									"from": [ -0.3, 1.5, 0.0 ],
									"to": [ 0.4, 3.0, 3.2 ],
									"uv": [ 11.0, 8.5 ],
									"rotationOrigin": [ -0.3, 2.5, 0.0 ],
									"faces": {
										"north": { "texture": "#shoes", "uv": [ 11.5, 18.5, 12.0, 20.0 ], "windMode": [-1,-1,-1,-1] },
										"east": { "texture": "#shoes", "uv": [ 11.0, 8.5, 14.0, 10.0 ], "windMode": [-1,-1,-1,-1] },
										"south": { "texture": "#shoes", "uv": [ 13.5, 18.5, 14.0, 20.0 ], "windMode": [-1,-1,-1,-1] },
										"west": { "texture": "#shoes", "uv": [ 11.0, 8.5, 14.0, 10.0 ], "windMode": [-1,-1,-1,-1] },
										"up": { "texture": "#shoes", "uv": [ 11.0, 8.5, 14.0, 9.0 ], "rotation": 270 },
										"down": { "texture": "#shoes", "uv": [ 11.0, 9.5, 14.0, 10.0 ], "rotation": 90, "windMode": [-1,-1,-1,-1] }
									}
								}
							]
						}
					]
				},
				{
					"name": "showshoeL",
					"from": [ 0.0, 7.0, 0.0 ],
					"to": [ 3.4, 10.0, 3.2 ],
					"unwrapMode": 4,
					"uv": [ 0.0, 8.5 ],
					"rotationOrigin": [ 0.0, 7.0, 0.0 ],
					"faces": {
						"north": { "texture": "#shoes", "uv": [ 0.0, 8.5, 3.0, 11.5 ] },
						"east": { "texture": "#shoes", "uv": [ 9.0, 8.5, 12.0, 11.5 ] },
						"south": { "texture": "#shoes", "uv": [ 6.0, 8.5, 9.0, 11.5 ] },
						"west": { "texture": "#shoes", "uv": [ 3.0, 8.5, 6.0, 11.5 ] }
					}
				}
			]
		}
	],
	"animations": [
	]
}