{
	"code": "bovinae",
	"class": "EntityAgent",
	"tagsByType": {"*-bubalusbubalis-*":["animal", "huntable", "adult","domesticated", "tamed", "habitat-land"],"*":["animal", "huntable", "adult", "tamed", "habitat-land"]},
	"fallDamageMultiplierByType": { "*-bos*" :4,"*-bubalusarnee*" :4,"*-bubalusbubalis-*" :3,"*-bubalus*" :2},
	"variantgroups": [
		{"code": "age","states": [ "adult"]},
		{"code": "gender","states": [ "female","male"]},
		{"code": "type","states": ["bubalusarnee","bubalusbubalis"]},
		{"code": "behavior","states": [ "tamed"]}
	],
	"hitBoxSizeByType": {
		"*-adult-female-bosprimigeniusprimigenius-*": {	"x": 1.4,"y": 1.4},"*-adult-male-bosprimigeniusprimigenius-*": {	"x": 1.6,"y": 1.6},
		"*-adult-female-bubalusarnee": {	"x": 1.4,"y": 1.4},"*-adult-male-bubalusarnee": {	"x": 1.6,"y": 1.6},
		"*-adult-female-bubalusbubalis-*": {	"x": 1.4,"y": 1.3},"*-adult-male-bubalusbubalis-*": {	"x": 1.4,"y": 1.4}
	},
	"deadhitBoxSizeByType": {
		"*-adult-female-bosprimigeniusprimigenius-*": {	"x": 1.5,"y": 0.7},"*-adult-male-bosprimigeniusprimigenius-*": {	"x": 1.5,"y": 0.8},
		"*-adult-female-bubalusarnee": {	"x": 1.5,"y": 0.7},"*-adult-male-bubalusarnee": {	"x": 1.5,"y": 0.8},
		"*-adult-female-bubalusbubalis-*": {	"x": 1.4,"y": 0.65},"*-adult-male-bubalusbubalis-*": {	"x": 1.4,"y": 0.7}
	},
	"eyeHeightByType": {
		"*-adult-female-bosprimigeniusprimigenius-*": 1.4,"*-adult-male-bosprimigeniusprimigenius-*": 1.5,
		"*-adult-female-bubalusarnee": 1.4,"*-adult-male-bubalusarnee": 1.5,
		"*-adult-female-bubalusbubalis-*": 1.3,"*-adult-male-bubalusbubalis-*": 1.4
	},
	"weightByType": {
		"*-adult-female-bosprimigeniusprimigenius-*": 500,"*-adult-male-bosprimigeniusprimigenius-*": 800,
		"*-adult-female-bubalusarnee": 500,"*-adult-male-bubalusarnee": 900,
		"*-adult-female-bubalusbubalis-*": 350,"*-adult-male-bubalusbubalis-*": 450
	},	
	"knockbackResistanceByType": {
		"*-bos*": 1,
		"*-bubalus*": 1,
		"*-adult-*": 1
	},	
	"attributes": {
		"killedByInfoText": "deadcreature-killed",
		"trappableByType": {
			"*": {
				"small": { "trapChance": 0.0,	"trapDestroyChance": 0.3 },
				"large": { "trapChance": 0.0,	"trapDestroyChance": 0.05 }
			}
		},
		"creatureDietByType": {
			"@.*-(bosdomesticus|bosjavanicus)":{
			"foodCategories": ["Fruit","Grain","Vegetable"],
			"weightedFoodTags": [
				{ "weight": 1, "code": "fruit" },
				{ "weight": 0.9, "code": "fruitmash" },
				{ "weight": 0.1, "code": "grass" },
				{ "weight": 0.5, "code": "nibbleCrop" },
				{ "weight": 1, "code": "sweetBerryBush" },
				{ "weight": 1, "code": "tastyvegetable" }
			]
		},
			"*":{
			"foodCategories": ["Grain","Vegetable"],
			"weightedFoodTags": [
				{ "weight": 0.1, "code": "grass" },
				{ "weight": 0.5, "code": "nibbleCrop" },
				{ "weight": 1, "code": "tastyvegetable" }
			]
		}},
		"minGenerationToAllowHealing": 0,
		"handbook": {
			"groupcode": "creaturegroup-bovinae"
		}
	},
	"behaviorConfigs": {
		"controlledphysics": { 
			"stepHeight": 2.1251,
			"stepUpSpeed": 0.1
		},
		"floatupwhenstuck": { "onlyWhenDead": true },
		"rideableaccessories": {
			"wearableSlots": [
				{ "code": "head", "forCategoryCodes": ["bridle"], "attachmentPointCode": "HeadAP" }, 
				{ "code": "face", "forCategoryCodes": ["face"], "attachmentPointCode": "FaceAP" }, 
				{ "code": "neck", "forCategoryCodes": ["lantern"], "attachmentPointCode": "NeckAP" },
				{ "code": "middleback", "forCategoryCodes": ["saddle"], "attachmentPointCode": "MidAP" },
				{ "code": "middlebackunder", "forCategoryCodes": ["blanket"], "attachmentPointCode": "MidUnderAP" },
				{ "code": "lowerback", "forCategoryCodes": ["bedroll"], "attachmentPointCode": "RearAP" },
				{ "code": "lowerbackside", "forCategoryCodes": ["sidebags"], "attachmentPointCode": "RearSideAP" },
				{ "code": "frontrightside", "forCategoryCodes": ["utilities"], "attachmentPointCode": "RFrontAP" },
				{ "code": "frontleftside", "forCategoryCodes": ["utilities"], "attachmentPointCode": "LFrontAP" },
				{ "code": "gearleft", "forCategoryCodes": ["gear"], "attachmentPointCode": "TempGear1AP" }, 
				{ "code": "gearback", "forCategoryCodes": ["gear"], "attachmentPointCode": "TempGear2AP" }, 
				{ "code": "gearright", "forCategoryCodes": ["gear"], "attachmentPointCode": "TempGear3AP" }
			]},
		"selectionboxes": {
			"selectionBoxes": ["HeadAP", "FaceAP", "NeckAP", "MidAP", "MidUnderAP", "RearAP", "RearSideAP", "RFrontAP", "LFrontAP", "TempGear1AP", "TempGear2AP", "TempGear3AP"]
		},
		"gait": {
			"idleGait": "idle",
			"gaits": [
				{
					"code": "walkback",
					"movespeed": 0.011,
					"backwards": true,
					"yawMultiplier": 1,
					"sound": "game:creature/hooved/trot"
				},
				{
					"code": "idle",
					"yawMultiplier": 1
				},
				{
					"code": "walk",
					"movespeed": 0.019,
					"yawMultiplier": 1,
					"sound": "game:creature/hooved/trot"
				},
				{
					"code": "trot",
					"movespeed": 0.036,
					"yawMultiplier": 0.85,
					"fallbackGaitCode": "walk",
					"sound": "game:creature/hooved/trot"
				},
				{
					"code": "canter",
					"movespeed": 0.075,
					"yawMultiplier": 0.75,
					"fallbackGaitCode": "trot",
					"sound": "game:creature/hooved/trot"
				},
				{
					"code": "sprint",
					"movespeed": 0.1067,
					"yawMultiplier": 1,
					"isSprint": true,
					"fallbackGaitCode": "walk",
					"sound": "game:creature/hooved/gallop"
				},
				{
					"code": "swim",
					"movespeed": 0.02,
					"yawMultiplier": 1,
					"fallbackGaitCode": "idle",
					"sound": "game:creature/hooved/gallop"
				},
				{
					"code": "swimback",
					"movespeed": 0.02,
					"backwards": true,
					"yawMultiplier": 1,
					"fallbackGaitCode": "idle",
					"sound": "game:creature/hooved/gallop"
				},
				{
					"code": "jump",
					"movespeed": 0.1067,
					"yawMultiplier": 1,
					"fallbackGaitCode": "walk",
					"sound": "game:creature/hooved/gallop"
				}
			]
		},
		"rideable": {
			"trotSound": "game:sounds/creature/hooved/trot",
			"gallopSound": "game:sounds/creature/hooved/gallop",
			"interactMountAnySeat": true,
			"seats": [
				{ "apName": "Rider", "selectionBox": "MidAP", "bodyYawLimit": 0.2, "controllable": true,
					"mountOffsetByType": {"*": {"x":0,"y":0.0,"z":0} } }
			],
			"rideableGaitOrder": ["walkback", "idle", "walk", "sprint"],
			"controls": {
				"idle": {
					"weight": 1,
					"riderAnim": {
						"animation": "rideelk-idle",
						"animationSpeed": 1,
						"weight": 1,
						"withFpVariant": true,
						"blendMode": "Average", 
						"elementWeight": {
							"LowerTorso": 80,
							"UpperTorso": 80,
							"UpperFootR": 80,
							"UpperFootL": 80,
							"LowerFootR": 80,
							"LowerFootL": 80
						},
						"elementBlendMode": {
							"LowerTorso": "Average",
							"UpperTorso": "Average",
							"UpperFootR": "Average",
							"UpperFootL": "Average",
							"LowerFootR": "Average",
							"LowerFootL": "Average"
						}
					}
				},
				"swim": {
					"animation": "Swim",
					"animationSpeed": 1,
					"movespeed": 0.02,
					"weight": 10,
					"blendMode": "Average",
					"riderAnim": {
						"animation": "rideelk-walk",
						"animationSpeed": 1,
						"weight": 1,	
						"withFpVariant": true,
						"blendMode": "Average", 
						"elementWeight": {
							"LowerTorso": 80,
							"UpperTorso": 80,
							"UpperFootR": 80,
							"UpperFootL": 80,
							"LowerFootR": 80,
							"LowerFootL": 80
						},
						"elementBlendMode": {
							"LowerTorso": "Average",
							"UpperTorso": "Average",
							"UpperFootR": "Average",
							"UpperFootL": "Average",
							"LowerFootR": "Average",
							"LowerFootL": "Average"
						}
					}
				},
				"swimback": {
					"moveSpeedMultiplier": 1,
					"animation": "Swim",
					"animationSpeed": 1,
					"weight": 10,
					"blendMode": "Average",
					"riderAnim": {
						"animation": "rideelk-walk",
						"animationSpeed": 1,
						"weight": 1,	
						"withFpVariant": true,
						"blendMode": "Average", 
						"elementWeight": {
							"LowerTorso": 80,
							"UpperTorso": 80,
							"UpperFootR": 80,
							"UpperFootL": 80,
							"LowerFootR": 80,
							"LowerFootL": 80
						},
						"elementBlendMode": {
							"LowerTorso": "Average",
							"UpperTorso": "Average",
							"UpperFootR": "Average",
							"UpperFootL": "Average",
							"LowerFootR": "Average",
							"LowerFootL": "Average"
						}
					}
				},	
				"walk": {
					"animation": "trot",
					"weight": 10,
						"movespeedByType": {
							"*-bubalusbubalis-*": 0.012
						},
						"animationSpeedByType": {
							"*-bubalusbubalis-*": 0.9,
							"*": 3
						},
					"blendMode": "Average",
					"riderAnim": {
						"animation": "rideelk-walk",
						"animationSpeed": 1,
						"weight": 1,	
						"withFpVariant": true,
						"blendMode": "Average", 
						"elementWeight": {
							"LowerTorso": 80,
							"UpperTorso": 80,
							"UpperFootR": 80,
							"UpperFootL": 80,
							"LowerFootR": 80,
							"LowerFootL": 80
						},
						"elementBlendMode": {
							"LowerTorso": "Average",
							"UpperTorso": "Average",
							"UpperFootR": "Average",
							"UpperFootL": "Average",
							"LowerFootR": "Average",
							"LowerFootL": "Average"
						}
					}
				},
				"walkback": {
					"animation": "walkback",
					"weight": 10,
						"movespeedByType": {
							"*-bubalusbubalis-*": 0.011
						},
						"animationSpeedByType": {
							"*-bubalusbubalis-*": 2.7,
							"*": 3
						},
					"easeInSpeed": 1,
					"easeOutSpeed": 3,
					"blendMode": "Average",
					"riderAnim": {
						"animation": "rideelk-walk",
						"animationSpeed": 1,
						"weight": 1,
						"withFpVariant": true,
						"blendMode": "Average", 
						"elementWeight": {
							"LowerTorso": 80,
							"UpperTorso": 80,
							"UpperFootR": 80,
							"UpperFootL": 80,
							"LowerFootR": 80,
							"LowerFootL": 80
						},
						"elementBlendMode": {
							"LowerTorso": "Average",
							"UpperTorso": "Average",
							"UpperFootR": "Average",
							"UpperFootL": "Average",
							"LowerFootR": "Average",
							"LowerFootL": "Average"
						}
					}
				},
				"sprint": {
					"animation": "Canter",
					"weight": 10,
						"movespeedByType": {
							"*-bubalusbubalis-*": 0.096
						},
						"animationSpeedByType": {
							"*-bubalusbubalis-*": 2,
							"*": 3
						},
					"blendMode": "Average",
					"riderAnim": {
						"animation": "rideelk-run",
						"animationSpeed": 2,
						"weight": 1,
						"withFpVariant": true,
						"blendMode": "Average", 
						"elementWeight": {
							"LowerTorso": 80,
							"UpperTorso": 80,
							"UpperFootR": 80,
							"UpperFootL": 80,
							"LowerFootR": 80,
							"LowerFootL": 80
						},
						"elementBlendMode": {
							"LowerTorso": "Average",
							"UpperTorso": "Average",
							"UpperFootR": "Average",
							"UpperFootL": "Average",
							"LowerFootR": "Average",
							"LowerFootL": "Average"
						}
					}
				},
				"jump": {
					"animation": "jump",
					"weight": 50,
					"easeOutSpeed": 40,
					"blendMode": "Average",
					"animationSpeed": 1,
					"movespeed": 0.08,
					"riderAnim": {
						"animation": "rideelk-jump",
						"animationSpeed": 1,
						"weight": 10,
						"withFpVariant": true,
						"blendMode": "Average", 
						"elementWeight": {
							"LowerTorso": 160,
							"UpperTorso": 160,
							"UpperFootR": 160,
							"UpperFootL": 160,
							"LowerFootR": 160,
							"LowerFootL": 160
						},
						"elementBlendMode": {
							"LowerTorso": "Average",
							"UpperTorso": "Average",
							"UpperFootR": "Average",
							"UpperFootL": "Average",
							"LowerFootR": "Average",
							"LowerFootL": "Average"
						}
					}
				}
			}
		},
		"health": {
			"maxhealthByType": {
					"*-adult-female-bosprimigeniusprimigenius-*": 30,"*-adult-male-bosprimigeniusprimigenius-*": 42,
					"*-adult-female-bubalusarnee": 30,"*-adult-male-bubalusarnee": 44,
					"*-adult-female-bubalusbubalis-*": 24,"*-adult-male-bubalusbubalis-*": 28
			}
		},
		"ownable": {
			"groupCode": "mountableanimal"
		}
	},
	"drops": [],
	"client": {
		"renderer": "Shape",
		"shapeByType": {
			"@.*-(bubalusbubalis)-.*": { "base": "entity/bovinae/{type}/adult" },
			"*-adult-*": { "base": "entity/bovinae/{type}/{gender}" }
		},
		"textureByType": {
			"*-adult-*": { "base": "entity/bovinae/{type}-{gender}" }
		},
		"sizeByType": {
			"*-adult-female-bubalusarnee": 1.05, "*-adult-male-bubalusarnee": 1.05,
			"*-adult-female-bubalusbubalis-*": 0.95
		},
		"behaviors": [
			{"code": "repulseagents" },
			{"code": "controlledphysics","stepHeightByType": {"*":2.1251}},
			{"code": "mortallywoundable" },
			{"code": "health" },
			{"code": "floatupwhenstuck","onlyWhenDead": true},
			{"code": "interpolateposition" },
			{"code": "harvestable","quantitySlots": 8},
			{ "code": "multiply", "enabledByType": { "*-adult-female-*": true, "*": false } },
			{ "code": "milkable", "enabledByType": {"*-adult-female-*": true, "*": false } },
			{ "code": "antlergrowth", "enabledByType": {"*-adult-*": true, "*": false }},
			{ "code": "selectionboxes" },
			{ "code": "ownable" },
			{ "code": "rideableaccessories" },
			{ "code": "gait" },
			{ "code": "rideable", "enabledByType": {"*": false} },
			{ "code": "ropetieable"}
		],
		"animations": [
			{"code": "attack","animation": "Attack","animationSpeed": 2.2,"weight": 10,"blendMode": "AddAverage"},
			{"code": "charge","animation": "Charge","animationSpeed": 2.2,"weight": 10,"blendMode": "Average"},
			{"code": "die","animation": "Die","animationSpeed": 1.25,"weight": 10,"blendMode": "Average","triggeredBy": { "onControls": [ "dead" ] }},
			{"code": "eat","animation": "Eat","easeInSpeed": 4,"easeOutSpeed": 4,"blendMode": "Average"},
			{"code": "hurt","animation": "Hurt","animationSpeed": 2.2,"weight": 10,"blendMode": "AddAverage"},
			{"code": "idle","animation": "Idle","blendMode": "AddAverage","easeOutSpeed": 4,"triggeredBy": { "defaultAnim": true }},
			{"code": "chew","animation": "Chew","blendMode": "AddAverage","easeOutSpeed": 4},
			{"code": "roar","animation": "Roar","animationSpeed": 2.2,"weight": 10,"blendMode": "AddAverage"},
			{"code": "sit","animation": "Sit","easeInSpeed": 4,"easeOutSpeed": 4,"blendMode": "Average"},
			{"code": "sleep","animation": "Sleep","easeInSpeed": 4,"easeOutSpeed": 4,"blendMode": "Average"},
			{"code": "swim","animation": "Swim","supressDefaultAnimation": true,"blendMode": "Average"},
			{"code": "walk","animation": "Walk","supressDefaultAnimation": true,"blendMode": "Average"},
			{"code": "trot","animation": "Trot","supressDefaultAnimation": true,"blendMode": "Average"},
			{"code": "canter","animation": "Canter","supressDefaultAnimation": true,"blendMode": "Average"},
			{"code": "run","animation": "Run","supressDefaultAnimation": true,"blendMode": "Average"},
			{"code": "turn-left","animation": "turn-left","easeInSpeed": 3,"easeOutSpeed": 10,"weight": 0.01,"blendMode": "Average","elementWeight": {"Head": 80,"Neck": 80,"Neck2": 80},"elementBlendMode": {"Head": "AddAverage","Neck": "AddAverage","Neck2": "AddAverage"}},
			{"code": "turn-right","animation": "turn-right","easeInSpeed": 3,"easeOutSpeed": 10,"weight": 0.01,"blendMode": "Average","elementWeight": {"Head": 80,"Neck": 80,"Neck2": 80},"elementBlendMode": {"Head": "AddAverage","Neck": "AddAverage","Neck2": "AddAverage"}},
			{"code": "wounded-idle","animation": "wounded-idle","easeInSpeed": 3,"weight": 10,"blendMode": "Average"},
			{"code": "wounded-resthead","animation": "wounded-resthead","easeInSpeed": 3,"weight": 10,"blendMode": "Average"},
			{"code": "wounded-trystand","animation": "wounded-resthead","easeInSpeed": 3,"weight": 100,"blendMode": "Average"},
			{"code": "wounded-look","animation": "wounded-look","easeInSpeed": 3,"weight": 100,"blendMode": "Average"},
			{"code": "wounded-stand","animation": "wounded-stand","easeInSpeed": 3,"weight": 10,"blendMode": "Average"},
			{"code": "dead","animation": "dead","easeInSpeed": 3,"weight": 10,"blendMode": "Average"},
			{"code": "idle-turn-left","animation": "turn-left","easeInSpeed": 3,"easeOutSpeed": 10,"weight": 0.01,"blendMode": "Average","elementWeight": {"Head": 80,"Neck": 80,"Neck2": 80},"elementBlendMode": {"Head": "AddAverage","Neck": "AddAverage","Neck2": "AddAverage"}},
			{"code": "idle-turn-right","animation": "turn-right","easeInSpeed": 3,"easeOutSpeed": 10,"weight": 0.01,"blendMode": "Average","elementWeight": {"Head": 80,"Neck": 80,"Neck2": 80},"elementBlendMode": {"Head": "AddAverage","Neck": "AddAverage","Neck2": "AddAverage"}}
		]
	},
	"server": {
		"attributes": {
			"pathfinder": {
				"minTurnAnglePerSec": 90,
				"maxTurnAnglePerSec": 180
			}
		},
		"behaviors": [
			{ "code": "repulseagents" },
			{"code": "controlledphysics","stepHeightByType": {"*":2.1251}},
			{"code": "health",
				"maxhealthByType": {
					"*-adult-female-bosprimigeniusprimigenius-*": 30,"*-adult-male-bosprimigeniusprimigenius-*": 42,
					"*-adult-female-bubalusarnee": 30,"*-adult-male-bubalusarnee": 44,
					"*-adult-female-bubalusbubalis-*": 24,"*-adult-male-bubalusbubalis-*": 28
				}
			},
			{"code": "deaddecay",
				"hoursToDecay": 96,
				"decayedBlockByType": {
				"*-adult-*": "carcass-large"
				}
			},
			{"code": "floatupwhenstuck","onlyWhenDead": true},
			{"code": "harvestable",
				"quantitySlots": 8,
				"drops": [
					{
						"type": "item",
						"code": "game:redmeat-raw",
						"quantityByType": {
							"*-adult-female-bosprimigeniusprimigenius-*": {"avg": 34,"var": 3},"*-adult-male-bosprimigeniusprimigenius-*": {"avg": 54,"var": 6},
							"*-adult-female-bubalusarnee": {"avg": 34,"var": 3},"*-adult-male-bubalusarnee": {"avg": 61,"var": 6},
							"*-adult-female-bubalusbubalis-*": {"avg": 28,"var": 3},"*-adult-male-bubalusbubalis-*": {"avg": 33,"var": 3}
						}
					},
					{
						"type": "item",
						"code": "game:fat",
						"quantityByType": {
							"*-adult-female-bosprimigeniusprimigenius-*": {"avg": 7,"var": 1},"*-adult-male-bosprimigeniusprimigenius-*": {"avg": 10,"var": 1},
							"*-adult-female-bubalusarnee": {"avg": 7,"var": 1},"*-adult-male-bubalusarnee": {"avg": 10,"var": 1},
							"*-adult-female-bubalusbubalis-*": {"avg": 4.5,"var": 1},"*-adult-male-bubalusbubalis-*": {"avg": 7,"var": 1}
						}
					},
					{
						"type": "item",
						"code": "bovinae:pelt-{gender}-{type}",
						"quantityByType": {
							"*-adult-*": { "offset": 1, "avg": 0, "var": 0 },
							"*": {"avg": 0.0,"var": 0.0}
						}
					}
				]
			},
			{"code": "breathe" },
			{"code": "multiply",
				"enabledByType": {
					"*-adult-female-*": true,
					"*": false
				},
				"spawnEntityCodesByType": {
				"*-adult-female-bubalusarnee-*": [ {"code": "bovinae:bovinae-baby-male-bubalusbubalis"},{ "code":"bovinae:bovinae-baby-female-bubalusbubalis"},{"code": "bovinae:bovinae-baby-male-{type}"},{ "code":"bovinae:bovinae-baby-female-{type}"},{"code": "bovinae:bovinae-baby-male-{type}"},{ "code":"bovinae:bovinae-baby-female-{type}"},{"code": "bovinae:bovinae-baby-male-{type}"},{ "code":"bovinae:bovinae-baby-female-{type}"} ],
				"*-adult-female-*": [ {"code": "bovinae:bovinae-baby-male-{type}"},{ "code":"bovinae:bovinae-baby-female-{type}"} ]},
				"requiresNearbyEntityCodeByType": {
					"*-adult-female-bos*": "bovinae:bovinae-adult-male-bos*","*-adult-female-bubalus*": "bovinae:bovinae-adult-male-bubalus*"},
				"requiresNearbyEntityRange": 10,
				"spawnQuantityMin": 1,
				"spawnQuantityMaxByType": {"*": 1},
				"pregnancyDaysByType": {"*-bubalusbubalis-*": 62,"*": 57},
				"multiplyCooldownDaysMinByType": {"*": 8},
				"multiplyCooldownDaysMaxByType": {"*": 22},
				"portionsEatenForMultiplyByType": {"*-bosprimigeniusprimigenius-*": 30,"*-bubalusarnee-*": 30,"*-bubalusbubalis-*": 23}
			},
			{ "code": "milkable", "enabledByType": {"*-adult-female-*": true, "*": false } },
			{ "code": "selectionboxes" },
			{ "code": "ownable" },
			{ "code": "rideableaccessories" },
			{ "code": "gait" },
			{ "code": "rideable", "enabledByType": {"*": false} },
			{"code": "emotionstates",
				"states": [
					{"code": "fleeondamage","duration": 60,"chanceByType": {"*": 1},
						"slot": 2,"priority": 4,"accumType": "max","whenHealthRelBelow": 0.6},
					{"code": "aggressiveondamage","duration": 60,
						"chanceByType": {
							"*-male-bos*": 0.3,
							"*-female-bos*": 0.2,
							"*-male-bubalus*": 0.3,
							"*-female-bubalus*": 0.2,
							"*": 0.125
						},
						"slot": 2,"priority": 3,"accumType": "noaccum"},
					{"code": "fleeondamage","duration": 60,"slot": 2,"chance": 1,"priority": 1,"accumType": "max"},
					{"code": "alarmherdondamage","chance": 1,"slot": 1,"priority": 1.5,"accumType": "max"},
					{"code": "saturated","duration": 1200,"chance": 1,"slot": 0,"priority": 1,"accumType": "sum"},
					{ "code": "aggressivearoundentities", "duration": 60, "chanceByType": {"*-male-bos*": 0.005,"*-male-bubalus*": 0.005,"*": 0.0001}, "slot": 2, "priority": 4, "entityCodes": ["bovinae:bovinae-adult-female-{type}"] }
				]
			},
			{
				"code": "taskai",
				"aiCreatureType": "LandCreature",
				"aitasks": [
				{
					"code": "cometoowner",
					"priority": 4,
					"animation": "trot",
						"movespeedByType": {
							"*-female-bosprimigeniusprimigenius-*": 0.012,"*-male-bosprimigeniusprimigenius-*": 0.014,
							"*-female-bubalusarnee-*": 0.012,"*-male-bubalusarnee-*": 0.014,
							"*-adult-female-bubalusbubalis-*": 0.012,"*-adult-male-bubalusbubalis-*": 0.012
						},
						"animationSpeedByType": {
							"*-adult-male-bubalusbubalis-*": 0.9,
							"*": 1
						},
					"__allowTeleport": true,
					"teleportMaxRange": 1000,
					"teleportAfterRange": 200,
					"teleportToRange": 25
				},
					{
						"code": "meleeattack",
						"animation": "Attack",
						"entityCodesByType": {
							"*-adult-*": [ "bear-*","fox-*","hyena-*", "wolf-*", "caninae-canina-adult-*","felinae-adult-*", "machairodontinae-adult-*", "pantherinae-*","thylacoleonidae-*", "ursidae-*" ]},
						"priority": 1.9,
						"slot": 1,
						"damageByType": {
							"*-adult-female-bosprimigeniusprimigenius-*":15,"*-adult-male-bosprimigeniusprimigenius-*":17,
							"*-adult-female-bubalusarnee":15,"*-adult-male-bubalusarnee":17,
							"*-adult-female-bubalusbubalis-*":12,"*-adult-male-bubalusbubalis-*":14
						},
						"knockbackStrengthByType": {"*":0.5},
						"damageTierByType": {"*":2},
						"mincooldown": 1500,
						"maxcooldown": 2500,
						"minDistByType": {"*":2},
						"minVerDistByType": {"*":2},
						"attackDurationMs": 1250,
						"damagePlayerAtMs": 500,
						"animationSpeed": 1.5,
						"whenInEmotionState": "aggressiveondamage|aggressivearoundentities",
						"soundByType": {
							"*-bosprimigeniusprimigenius-*": "creature/bos/roar*",
							"@.*-(bubalusarnee|bubalusbubalis)": "creature/bubalus/buffalo-moo*",
							"*":"game:creature/hooved/generic/sniff*"}
					},
					{
						"code": "fleeentity",
						"animation": "Canter",
						"entityCodesByType": {
							"@.*-(male-bos*|male-bubalusarnee)":["bear-male-polar","bear-female-polar","bear-male-brown","bear-female-brown","machairodontinae-adult-*","pantherinae-panthera-adult-*","thylacoleonidae-adult-*"],
							"@.*-(bos*|bubalusarnee)":["bear-male-polar","bear-female-polar","bear-male-brown","bear-female-brown","hyena-male","hyena-female","wolf-male","wolf-female","caninae-canina-adult-*","machairodontinae-adult-*","pantherinae-panthera-adult-*","thylacoleonidae-adult-*"],
							"*":["bear-*","hyena-male","hyena-female","wolf-male","wolf-female","caninae-canina-adult-*","felinae-adult-*","machairodontinae-adult-*","pantherinae-panthera-adult-*","thylacoleonidae-adult-*"]
						},
						"priority": 1.8,
						"movespeedByType": {
							"*-adult-female-bosprimigeniusprimigenius-*": 0.0864,"*-adult-male-bosprimigeniusprimigenius-*": 0.096,
							"*-female-bubalusarnee-*": 0.0864,"*-male-bubalusarnee-*": 0.096,
							"*-adult-female-bubalusbubalis-*": 0.096,"*-adult-male-bubalusbubalis-*": 0.096
						},
						"animationSpeedByType": {
							"*-adult-*-bubalusbubalis-*": 2,
							"*-adult-*": 2.5,
							"*": 4
						},
						"seekingRangeByType": {"*":15},
						"soundByType": {
							"@.*-(bubalusarnee|bubalusbubalis)": "creature/bubalus/buffalo-moo*"},
						"whenNotInEmotionState": "aggressiveondamage|aggressivearoundentities|fleeondamage"
					},
					{
						"code": "fleeentity",
						"animation": "Trot",
						"entityCodesByType": {
							"*": ["bell-*","bowtorn-*","drifter-*","shiver-*","elephantidae-adult-*","rhinocerotidae-adult-*"]
						},
						"priority": 1.75,
						"movespeedByType": {
							"*-adult-female-bosprimigeniusprimigenius-*": 0.012,"*-adult-male-bosprimigeniusprimigenius-*": 0.0144,
							"*-adult-female-bubalusarnee-*": 0.012,"*-adult-male-bubalusarnee-*": 0.0144,
							"*-adult-female-bubalusbubalis-*": 0.012,"*-adult-male-bubalusbubalis-*": 0.012
						},
						"animationSpeedByType": {
							"*-adult-male-bubalusbubalis-*": 0.9,
							"*": 1
						},
						"seekingRange": 5,
						"whenNotInEmotionState": "aggressiveondamage|fleeondamage"
					},
					{
						"code": "seekentity",
						"animation": "Charge",
						"entityCodesByType": {
							"*": ["bear-*","hyena-*", "wolf-*","caninae-canina-adult-*","felinae-adult-*","machairodontinae-adult-*","pantherinae-*","thylacoleonidae-*" ]
						},
						"priority": 1.82,
						"mincooldown": 600,
						"maxcooldown": 650,
						"seekingRange": 4,
						"movespeedByType": {
							"*-adult-female-bosprimigeniusprimigenius-*": 0.048,"*-adult-male-bosprimigeniusprimigenius-*": 0.06,
							"*-adult-female-bubalusarnee-*": 0.048,"*-adult-male-bubalusarnee-*": 0.06,
							"*-adult-female-bubalusbubalis-*": 0.048,"*-adult-male-bubalusbubalis-*": 0.048
						},
						"animationSpeedByType": {
							"*-adult-male-bubalusbubalis-*": 1.8,
							"*": 2
						},
						"soundByType": {
							"*-bosprimigeniusprimigenius-*": "creature/bos/roar*",
							"@.*-(bubalusarnee|bubalusbubalis)": "creature/bubalus/buffalo-moo*",
							"*-adult-*":"game:creature/sheep/idle"
						},
						"whenInEmotionState": "aggressivearoundentities"
					},
					{
						"code": "seekentity",
						"animation": "Charge",
						"entityCodesByType": {
							"*-adult-*": [ "player","bear-*","hyena-*",  "wolf-*", "caninae-canina-adult-*", "felinae-adult-*", "machairodontinae-adult-*", "pantherinae-*","thylacoleonidae-*" ]
						},
						"priority": 1.83,
						"mincooldown": 6000,
						"maxcooldown": 6500,
						"seekingRange": 35,
						"movespeedByType": {
							"*-adult-female-bosprimigeniusprimigenius-*": 0.048,"*-adult-male-bosprimigeniusprimigenius-*": 0.06,
							"*-adult-female-bubalusarnee-*": 0.048,"*-adult-male-bubalusarnee-*": 0.06,
							"*-adult-female-bubalusbubalis-*": 0.048,"*-adult-male-bubalusbubalis-*": 0.048
						},
						"animationSpeedByType": {
							"*-adult-male-bubalusbubalis-*": 1.8,
							"*": 2
						},
						"soundByType": {
							"*-bosprimigeniusprimigenius-*": "creature/bos/roar*",
							"@.*-(bubalusarnee|bubalusbubalis)": "creature/bubalus/buffalo-moo*",
							"*":"game:creature/hooved/generic/sniff*"},
						"whenInEmotionState": "aggressiveondamage"
					},
					{
						"code": "seekentity",
						"animation": "Canter",
						"entityCodesByType": {
							"*": ["bear-*","hyena-*", "wolf-*","caninae-canina-adult-*","felinae-adult-*","machairodontinae-adult-*","pantherinae-*","thylacoleonidae-*" ]
						},
						"priority": 1.81,
						"priorityForCancel": 1.82,
						"mincooldown": 6000,
						"maxcooldown": 6500,
						"seekingRange": 12,
						"movespeedByType": {
							"*-adult-female-bosprimigeniusprimigenius-*": 0.048,"*-adult-male-bosprimigeniusprimigenius-*": 0.06,
							"*-adult-female-bubalusarnee-*": 0.048,"*-adult-male-bubalusarnee-*": 0.06,
							"*-adult-female-bubalusbubalis-*": 0.048,"*-adult-male-bubalusbubalis-*": 0.048
						},
						"animationSpeedByType": {
							"*-adult-male-bubalusbubalis-*": 1.8,
							"*": 2
						},
						"soundByType": {
							"*-bosprimigeniusprimigenius-*": "creature/bos/roar*",
							"@.*-(bubalusarnee|bubalusbubalis)": "creature/bubalus/buffalo-moo*",
							"*":"game:creature/hooved/generic/sniff*"},
						"whenInEmotionState": "aggressivearoundentities"
					},
					{
						"code": "fleeentity",
						"animation": "Run",
						"entityCodesByType": {
							"*": [ ]
						},
						"priority": 1.85,
						"priorityForCancel": 1.87,
						"movespeedByType": {
							"*-adult-female-bosprimigeniusprimigenius-*": 0.096,"*-adult-male-bosprimigeniusprimigenius-*": 0.118,
							"*-adult-female-bubalusarnee-*": 0.096,"*-adult-male-bubalusarnee-*": 0.118,
							"*-adult-female-bubalusbubalis-*": 0.096,"*-adult-male-bubalusbubalis-*": 0.096
						},
						"animationSpeedByType": {
							"*-bosprimigeniusprimigenius-*": 2.5,
							"*-bubalusbubalis-*": 2.5,
							"*": 3
						},
						"seekingRange": 25,
						"soundByType": {
							"*-bosprimigeniusprimigenius-*": "creature/bos/roar*",
							"@.*-(bubalusarnee|bubalusbubalis)": "creature/bubalus/buffalo-moo*",
							"*":"game:creature/hooved/generic/sniff*"},
						"whenInEmotionState": "fleeondamage"
					},
				{
					"code": "followleadholder",
					"priority": 1.45,
					"animation": "trot",
						"movespeedByType": {
							"*-female-bosprimigeniusprimigenius-*": 0.012,"*-male-bosprimigeniusprimigenius-*": 0.014,
							"*-female-bubalusarnee-*": 0.012,"*-male-bubalusarnee-*": 0.014,
							"*-adult-female-bubalusbubalis-*": 0.012,"*-adult-male-bubalusbubalis-*": 0.012
						},
						"animationSpeedByType": {
							"*-adult-male-bubalusbubalis-*": 0.9,
							"*": 1
						}
				},
					{
						"code": "getoutofwater",
						"animation": "Swim",
						"priority": 1.4,
						"movespeedByType": {
							"*-adult-*": 0.05},
						"animationSpeed": 1.5
					},
					{
						"code": "stayclosetoentity",
						"animation": "Canter",
						"priority": 1.39,
						"priorityForCancel": 1.4,
						"entityCode": "bovinae-adult-male-{type}",
						"movespeedByType": {
							"*-adult-female-bosprimigeniusprimigenius-*": 0.048,"*-adult-male-bosprimigeniusprimigenius-*": 0.06,
							"*-adult-female-bubalusarnee-*": 0.048,"*-adult-male-bubalusarnee-*": 0.06,
							"*-adult-female-bubalusbubalis-*": 0.048,"*-adult-male-bubalusbubalis-*": 0.048
							},
						"maxDistanceByType": {"*-female-*": 15,"*-male-*": 25},
						"searchRange": 35,
						"animationSpeedByType": {
							"*": 2
						},
						"soundByType": {
							"*": "game:creature/hooved/generic/sniff*"
						}
					},
					{
						"code": "idle",
						"animation": "Sleep",
						"priority": 1.3,
						"priorityForCancel": 1.35,
						"minduration": 200000,
						"maxduration": 800000,
						"mincooldown": 10000,
						"maxcooldown": 30000,
						"animationSpeed": 0.3,
						"whenNotInEmotionState": "aggressiveondamage|aggressivearoundentities|fleeondamage",
						"duringDayTimeFramesByType": {
							"*":[{"fromHour": 20,"toHour": 24},{"fromHour": 0,"toHour": 6}]},
						"stopOnNearbyEntityCodes": [ "player" ],
						"stopRange": 2,
						"stopOnHurt": true
					},
					{
						"code": "seekfoodandeat",
						"animation": "Walk",
						"eatAnimation": "Eat",
						"movespeedByType": {
							"*-female-bosprimigeniusprimigenius-*": 0.004,"*-male-bosprimigeniusprimigenius-*": 0.0048,
							"*-female-bubalusarnee-*": 0.004,"*-male-bubalusarnee-*": 0.0048,
							"*-adult-female-bubalusbubalis-*": 0.0045,"*-adult-male-bubalusbubalis-*": 0.0045
						},
						"priority": 1.34,
						"eatSoundByType": {
							"*":"game:creature/animal-eat-small"},
						"eatTime": 1.5,
						"eatLooseItems": true,
						"animationSpeed": 1.0,
						"mincooldownHours": 1,
						"maxcooldownHours": 4,
						"whenNotInEmotionState": "aggressiveondamage|aggressivearoundentities|fleeondamage"
					},
					{
						"code": "idle",
						"animation": "Eat",
						"priority": 1.2,
						"priorityForCancel": 1.35,
						"minduration": 3000,
						"maxduration": 24000,
						"mincooldown": 6000,
						"maxcooldown": 20000,
						"animationSpeed": 0.75,
						"eatSoundByType": {
							"*":"game:creature/animal-eat-small"},
						"whenNotInEmotionState": "aggressiveondamage|aggressivearoundentities|fleeondamage"
					},
					{
						"code": "idle",
						"animation": "Idle",
						"priority": 1.2,
						"priorityForCancel": 1.35,
						"minduration": 3000,
						"maxduration": 12000,
						"mincooldown": 6000,
						"maxcooldown": 20000,
						"animationSpeed": 0.5,
						"eatSoundByType": {
							"*":"game:creature/animal-eat-small"},
						"whenNotInEmotionState": "aggressiveondamage|aggressivearoundentities|fleeondamage"
					},
					{
						"code": "idle",
						"animation": "Chew",
						"priority": 1.2,
						"priorityForCancel": 1.35,
						"minduration": 3000,
						"maxduration": 12000,
						"mincooldown": 6000,
						"maxcooldown": 20000,
						"animationSpeed": 0.5,
						"eatSoundByType": {
							"*":"game:creature/animal-eat-small"},
						"whenNotInEmotionState": "aggressiveondamage|aggressivearoundentities|fleeondamage"
					},
					{
						"code": "idle",
						"animation": "Roar",
						"priority": 1.0,
						"priorityForCancel": 1.35,
						"minduration": 4667,
						"maxduration": 4667,
						"chance": 0.05,
						"mincooldown": 8000,
						"maxcooldown": 50000,
						"animationSpeedByType": {"*":1.5},
						"soundByType": {
							"*-bosprimigeniusprimigenius-*": "creature/bos/roar*",
							"@.*-(bubalusarnee|bubalusbubalis)": "creature/bubalus/buffalo-moo*",
							"*": "game:creature/hooved/generic/sniff*"
						},
						"soundRangeByType": {
							"*-adult-*": 60,
							"*": 30
						},
						"whenNotInEmotionState": "aggressiveondamage|aggressivearoundentities|fleeondamage"
					},
					{
						"code": "wander",
						"animation": "Walk",
						"priority": 1.0,
						"priorityForCancel": 1.35,
						"wanderChance": 0.25,
						"movespeedByType": {
							"*-female-bosprimigeniusprimigenius-*": 0.004,"*-male-bosprimigeniusprimigenius-*": 0.0048,
							"*-female-bubalusarnee-*": 0.004,"*-male-bubalusarnee-*": 0.0048,
							"*-adult-female-bubalusbubalis-*": 0.0045,"*-adult-male-bubalusbubalis-*": 0.0045
						},
						"animationSpeedByType": {
							"*-adult-male-bubalusbubalis-*": 0.9,
							"*": 1
						},
						"preferredLightLevel": 24,
						"whenNotInEmotionState": "aggressiveondamage|aggressivearoundentities|fleeondamage"
					},
					{
						"code": "wander",
						"animation": "Trot",
						"priority": 1.01,
						"priorityForCancel": 1.35,
						"wanderChance": 0.001,
						"movespeedByType": {
							"*-female-bosprimigeniusprimigenius-*": 0.012,"*-male-bosprimigeniusprimigenius-*": 0.014,
							"*-female-bubalusarnee-*": 0.012,"*-male-bubalusarnee-*": 0.014,
							"*-adult-female-bubalusbubalis-*": 0.012,"*-adult-male-bubalusbubalis-*": 0.012
						},
						"animationSpeedByType": {
							"*-adult-male-bubalusbubalis-*": 0.9,
							"*": 1
						},
						"preferredLightLevel": 24,
						"soundByType": {
							"*-bos*": "creature/bos/moo*",
							"@.*-(bubalusarnee|bubalusbubalis)": "creature/bubalus/buffalo-moo*",
							"*-syncerus*": "creature/syncerus/growl*"
						},
						"wanderRangeMaxByType": {"*-adult-male-*":250,"*adult-female-*":50},
						"whenNotInEmotionState": "aggressiveondamage|aggressivearoundentities|fleeondamage"
					},
					{
						"code": "idle",
						"animation": "Sit",
						"priority": 0.9,
						"minduration": 6000,
						"maxduration": 45000,
						"mincooldown": 6000,
						"maxcooldown": 120000,
						"priorityForCancel": 1.28,
						"stopOnNearbyEntityCodes": [ "player", "wolf-male", "wolf-female", "hyena-male", "hyena-female", "bear-*" ],
						"stopRange": 10,
						"stopOnHurt": true,
						"whenNotInEmotionState": "aggressiveondamage|aggressivearoundentities|fleeondamage"
					}
				]
			},
			{"code": "ropetieable","minGeneration": 2},
			{"code": "pettable","minGeneration": 1},
			{
				"code": "antlergrowth",
				"enabledByType": {"*-adult-*": true, "*": false },
				"variantsByType": {
					"*-adult-male-bosprimigeniusprimigenius-*":["01", "02", "03", "04","05","06"],"*-adult-female-bosprimigeniusprimigenius-*":["01", "02", "03", "04"],
					"*-adult-male-bubalusarnee-*":["01", "02", "03", "04","05","06","07","08"],"*-adult-female-bubalusarnee-*":["01", "02", "03", "04", "05"],
					"*-adult-male-bubalusbubalis-*":["01", "02", "03", "04","05","06"],"*-adult-female-bubalusbubalis-*":["01", "02", "03","04","05"]},
				"beginGrowMonth": -1,				
				"growDurationMonths": 6
			}
		]
	},
	"soundsByType": {
"*-bosprimigeniusprimigenius-*":{"hurt": "creature/bos/hurt*","death": "creature/bos/roar*","idle": "creature/bos/moo*"},
"*-bubalusbubalis-*":{"hurt": "creature/bubalus/buffalo-moo*","death": "creature/bubalus/buffalo-moo*","idle": "creature/bubalus/buffalo-idle*"},
"*-bubalusmurrensis":{"hurt": "creature/bubalus/buffalo-moo*","death": "creature/bubalus/buffalo-moo*","idle": "creature/bubalus/buffalo-idle*"}},
	"idleSoundChance": 0.01
}