[
  {
    "ingredientPattern": "B,B",
    "width": 2,
    "height": 1,
    "shapeless": false,
    "ingredients": {
      "B": {
        "type": "block",
        "code": "game:crackedrock-*",
        "name": "rock"
      }
    },
    "output": {
      "type": "block",
      "code": "terrainslabs:crackedrock-game-{rock}",
      "quantity": 2
    }
  },
  {
    "ingredientPattern": "B",
    "width": 1,
    "height": 1,
    "shapeless": false,
    "ingredients": {
      "B": {
        "type": "block",
        "code": "terrainslabs:crackedrock-game-*",
        "name": "rock"
      }
    },
    "output": {
      "type": "block",
      "code": "game:crackedrock-{rock}",
      "quantity": 1
    }
  }
]
