[
  {
    "ingredientPattern": "B,B",
    "width": 2,
    "height": 1,
    "shapeless": false,
    "ingredients": {
      "B": {
        "type": "block",
        "code": "game:muddygravel"
      }
    },
    "output": {
      "type": "block",
      "code": "terrainslabs:muddygravel-game",
      "quantity": 2
    }
  },
  {
    "ingredientPattern": "B",
    "width": 1,
    "height": 1,
    "shapeless": false,
    "ingredients": {
      "B": {
        "type": "block",
        "code": "terrainslabs:muddygravel-game"
      }
    },
    "output": {
      "type": "block",
      "code": "game:muddygravel",
      "quantity": 1
    }
  }
]
