{
  "textureWidth":16,
  "textureHeight":16,
  "textures":{
    "material":"game:block/metal/ingot/iron"
  },
  "textureSizes":{
    "material":[
      32,
      32
    ]
  },
  "elements":[
    {
      "name":"origin",
      "from":[
        11.0,
        0.5,
        7.699999988079071
      ],
      "to":[
        11.0,
        0.5,
        7.699999988079071
      ],
      "rotationOrigin":[
        8.0,
        0.0,
        8.0
      ],
      "group":"advanced_head",
      "faces":{
        "north":{
          "texture":"#0",
          "uv":[
            0,
            0,
            4,
            4
          ],
          "autoUv":false
        },
        "east":{
          "texture":"#0",
          "uv":[
            0,
            0,
            4,
            4
          ],
          "autoUv":false
        },
        "south":{
          "texture":"#0",
          "uv":[
            0,
            0,
            4,
            4
          ],
          "autoUv":false
        },
        "west":{
          "texture":"#0",
          "uv":[
            0,
            0,
            4,
            4
          ],
          "autoUv":false
        },
        "up":{
          "texture":"#material",
          "uv":[
            0.0,
            0.0,
            1.0,
            1.0
          ],
          "autoUv":false,
          "rotation":180
        },
        "down":{
          "texture":"#0",
          "uv":[
            0,
            0,
            4,
            4
          ],
          "autoUv":false
        }
      },
      "children":[
        {
          "name":"advanced_head 01",
          "from":[
            4.9549241065979,
            0.03464996814727783,
            1.5918025076389313
          ],
          "to":[
            6.915994167327881,
            1.0039206743240356,
            2.5610730350017548
          ],
          "rotationOrigin":[
            5.935459136962891,
            0.5192853212356567,
            2.076437771320343
          ],
          "rotationX":45.00000125223908,
          "rotationY":-4.8296738104685974e-06,
          "rotationZ":4.829674217579596e-06,
          "group":"advanced_head",
          "faces":{
            "north":{
              "texture":"#material",
              "uv":[
                7.313863277435303,
                6.0,
                10.75606918334961,
                9.0
              ],
              "autoUv":false
            },
            "east":{
              "texture":"#material",
              "uv":[
                1.0,
                22.0,
                3.0,
                24.5
              ],
              "autoUv":false,
              "rotation":90
            },
            "south":{
              "texture":"#material",
              "uv":[
                10.858112335205078,
                13.0,
                14.300315856933594,
                16.0
              ],
              "autoUv":false
            },
            "west":{
              "texture":"#material",
              "uv":[
                1.0,
                22.0,
                3.0,
                24.5
              ],
              "autoUv":false,
              "rotation":90
            },
            "up":{
              "texture":"#material",
              "uv":[
                23.999998092651367,
                6.999431610107422,
                26.0,
                11.000568389892578
              ],
              "autoUv":false,
              "rotation":90
            },
            "down":{
              "texture":"#material",
              "uv":[
                12.75606918334961,
                6.431087493896484,
                9.313863754272461,
                5.0
              ],
              "autoUv":false,
              "rotation":180
            }
          },
          "children":[]
        },
        {
          "name":"advanced_head 02",
          "from":[
            4.9545981884002686,
            -0.048501163721084595,
            1.391059398651123
          ],
          "to":[
            6.912356913089752,
            0.5192854702472687,
            2.7618162035942078
          ],
          "rotationOrigin":[
            5.935459136962891,
            0.23539215326309204,
            2.076437771320343
          ],
          "rotationY":-6.830189170012751e-06,
          "group":"advanced_head",
          "faces":{
            "north":{
              "texture":"#material",
              "uv":[
                7.313746929168701,
                6.0,
                10.756309509277344,
                9.0
              ],
              "autoUv":false
            },
            "east":{
              "texture":"#material",
              "uv":[
                1.0,
                24.0,
                3.0,
                25.0
              ],
              "autoUv":false
            },
            "south":{
              "texture":"#material",
              "uv":[
                24.0,
                7.0,
                23.0,
                11.0
              ],
              "autoUv":false,
              "rotation":90
            },
            "west":{
              "texture":"#material",
              "uv":[
                1.0,
                24.0,
                3.0,
                25.0
              ],
              "autoUv":false
            },
            "up":{
              "texture":"#material",
              "uv":[
                1.1078710556030273,
                3.375001907348633,
                4.550432205200195,
                4.806087493896484
              ],
              "autoUv":false
            },
            "down":{
              "texture":"#material",
              "uv":[
                12.756309509277344,
                6.431087493896484,
                9.31374740600586,
                5.0
              ],
              "autoUv":false,
              "rotation":180
            }
          },
          "children":[]
        },
        {
          "name":"advanced_head 03",
          "from":[
            4.959975779056549,
            -0.048501163721084595,
            -0.7968602180480957
          ],
          "to":[
            6.909553945064545,
            0.5192854702472687,
            0.573896586894989
          ],
          "rotationOrigin":[
            5.934764862060547,
            0.23539215326309204,
            -0.11148184537887573
          ],
          "rotationY":-6.830189170012751e-06,
          "group":"advanced_head",
          "faces":{
            "north":{
              "texture":"#material",
              "uv":[
                7.325623035430908,
                6.0,
                10.746875762939453,
                9.0
              ],
              "autoUv":false
            },
            "east":{
              "texture":"#material",
              "uv":[
                8.0,
                24.0,
                10.0,
                25.0
              ],
              "autoUv":false
            },
            "south":{
              "texture":"#material",
              "uv":[
                11.523374557495117,
                16.724763870239258,
                10.720434188842773,
                22.23878765106201
              ],
              "autoUv":false,
              "rotation":90
            },
            "west":{
              "texture":"#material",
              "uv":[
                8.0,
                24.0,
                10.0,
                25.0
              ],
              "autoUv":false
            },
            "up":{
              "texture":"#material",
              "uv":[
                1.1173057556152344,
                3.375001907348633,
                4.53855562210083,
                4.806087493896484
              ],
              "autoUv":false
            },
            "down":{
              "texture":"#material",
              "uv":[
                12.746875762939453,
                6.431087493896484,
                9.325624465942383,
                5.0
              ],
              "autoUv":false,
              "rotation":180
            }
          },
          "children":[]
        },
        {
          "name":"advanced_head 04",
          "from":[
            3.8812131881713867,
            -0.2662771940231323,
            1.927762657403946
          ],
          "to":[
            5.472250938415527,
            0.7370615005493164,
            2.4106826335191727
          ],
          "rotationOrigin":[
            4.676732063293457,
            0.23539215326309204,
            2.16922265291214
          ],
          "rotationY":-6.830189170012751e-06,
          "group":"advanced_head",
          "faces":{
            "north":{
              "texture":"#material",
              "uv":[
                8.0,
                6.0,
                10.0,
                8.999998092651367
              ],
              "autoUv":false
            },
            "east":{
              "texture":"#material",
              "uv":[
                12.999998092651367,
                13.0,
                11.999999046325684,
                16.0
              ],
              "autoUv":false
            },
            "south":{
              "texture":"#material",
              "uv":[
                4.0,
                22.0,
                6.0,
                25.0
              ],
              "autoUv":false
            },
            "west":{
              "texture":"#material",
              "uv":[
                11.999999046325684,
                13.0,
                12.999998092651367,
                16.0
              ],
              "autoUv":false
            },
            "up":{
              "texture":"#material",
              "uv":[
                11.999999046325684,
                10.0,
                12.999998092651367,
                15.0
              ],
              "autoUv":false,
              "rotation":90
            },
            "down":{
              "texture":"#material",
              "uv":[
                11.999999046325684,
                15.0,
                12.999998092651367,
                10.0
              ],
              "autoUv":false,
              "rotation":90
            }
          },
          "children":[]
        },
        {
          "name":"advanced_head 05",
          "from":[
            3.5264786395271788,
            -0.11934168012536439,
            1.9300525337457657
          ],
          "to":[
            4.235945829466962,
            0.5901259866515485,
            2.409522622823715
          ],
          "rotationOrigin":[
            3.8812122344970703,
            0.23539215326309204,
            2.168642818927765
          ],
          "rotationX":-6.453221984774839e-14,
          "rotationY":-6.83018998423475e-06,
          "rotationZ":45.00000125223908,
          "group":"advanced_head",
          "faces":{
            "north":{
              "texture":"#material",
              "uv":[
                7.0,
                6.0,
                10.0,
                8.999998092651367
              ],
              "autoUv":false
            },
            "east":{
              "texture":"#material",
              "uv":[
                12.999999046325684,
                12.0,
                12.0,
                16.0
              ],
              "autoUv":false
            },
            "south":{
              "texture":"#material",
              "uv":[
                6.0,
                23.0,
                9.0,
                26.0
              ],
              "autoUv":false
            },
            "west":{
              "texture":"#material",
              "uv":[
                12.999999046325684,
                15.0,
                12.0,
                17.000000953674316
              ],
              "autoUv":false,
              "rotation":180
            },
            "up":{
              "texture":"#material",
              "uv":[
                12.0,
                15.0,
                12.999999046325684,
                17.000000953674316
              ],
              "autoUv":false,
              "rotation":90
            },
            "down":{
              "texture":"#material",
              "uv":[
                12.0,
                17.000000953674316,
                12.999999046325684,
                10.0
              ],
              "autoUv":false,
              "rotation":90
            }
          },
          "children":[]
        },
        {
          "name":"advanced_head 06",
          "from":[
            4.956158757209778,
            -0.5331364274024963,
            1.5918025076389313
          ],
          "to":[
            6.914759516716003,
            0.4361342787742615,
            2.5610730350017548
          ],
          "rotationOrigin":[
            5.935459136962891,
            -0.04850107431411743,
            2.076437771320343
          ],
          "rotationX":45.00000125223908,
          "rotationY":-4.8296738104685974e-06,
          "rotationZ":4.829674217579596e-06,
          "group":"advanced_head",
          "faces":{
            "north":{
              "texture":"#material",
              "uv":[
                7.31430196762085,
                6.0,
                10.755155563354492,
                9.0
              ],
              "autoUv":false
            },
            "east":{
              "texture":"#material",
              "uv":[
                1.0,
                24.5,
                3.0,
                26.0
              ],
              "autoUv":false,
              "rotation":90
            },
            "south":{
              "texture":"#material",
              "uv":[
                26.0,
                7.002023696899414,
                23.999998092651367,
                10.997983932495117
              ],
              "autoUv":false,
              "rotation":90
            },
            "west":{
              "texture":"#material",
              "uv":[
                1.0,
                24.5,
                3.0,
                26.0
              ],
              "autoUv":false,
              "rotation":90
            },
            "up":{
              "texture":"#material",
              "uv":[
                1.1090240478515625,
                3.375001907348633,
                4.549876689910889,
                4.806087493896484
              ],
              "autoUv":false
            },
            "down":{
              "texture":"#material",
              "uv":[
                12.755157470703125,
                6.431087493896484,
                9.31430435180664,
                5.0
              ],
              "autoUv":false,
              "rotation":180
            }
          },
          "children":[]
        },
        {
          "name":"advanced_head 07",
          "from":[
            4.954926013946533,
            0.03464996814727783,
            -0.5961171090602875
          ],
          "to":[
            6.915996074676514,
            1.0039206743240356,
            0.373153418302536
          ],
          "rotationOrigin":[
            5.935461044311523,
            0.5192853212356567,
            -0.11148184537887573
          ],
          "rotationX":45.00000125223908,
          "rotationY":-4.8296738104685974e-06,
          "rotationZ":4.829674217579596e-06,
          "group":"advanced_head",
          "faces":{
            "north":{
              "texture":"#material",
              "uv":[
                18.0,
                6.999431610107422,
                20.0,
                11.000568389892578
              ],
              "autoUv":false,
              "rotation":270
            },
            "east":{
              "texture":"#material",
              "uv":[
                8.0,
                22.0,
                10.0,
                24.5
              ],
              "autoUv":false,
              "rotation":90
            },
            "south":{
              "texture":"#material",
              "uv":[
                10.858112335205078,
                13.0,
                14.300315856933594,
                16.0
              ],
              "autoUv":false
            },
            "west":{
              "texture":"#material",
              "uv":[
                8.0,
                22.0,
                10.0,
                24.5
              ],
              "autoUv":false,
              "rotation":90
            },
            "up":{
              "texture":"#material",
              "uv":[
                1.1081113815307617,
                3.375001907348633,
                4.550315856933594,
                4.806087493896484
              ],
              "autoUv":false
            },
            "down":{
              "texture":"#material",
              "uv":[
                12.75606918334961,
                6.431087493896484,
                9.313863754272461,
                5.0
              ],
              "autoUv":false,
              "rotation":180
            }
          },
          "children":[]
        },
        {
          "name":"advanced_head 08",
          "from":[
            4.956160664558411,
            -0.5331364274024963,
            -0.5961171090602875
          ],
          "to":[
            6.914761424064636,
            0.4361342787742615,
            0.373153418302536
          ],
          "rotationOrigin":[
            5.935461044311523,
            -0.04850107431411743,
            -0.11148184537887573
          ],
          "rotationX":45.00000125223908,
          "rotationY":-4.8296738104685974e-06,
          "rotationZ":4.829674217579596e-06,
          "group":"advanced_head",
          "faces":{
            "north":{
              "texture":"#material",
              "uv":[
                7.31430196762085,
                6.0,
                10.755155563354492,
                9.0
              ],
              "autoUv":false
            },
            "east":{
              "texture":"#material",
              "uv":[
                8.0,
                24.5,
                10.0,
                26.0
              ],
              "autoUv":false,
              "rotation":90
            },
            "south":{
              "texture":"#material",
              "uv":[
                10.859025955200195,
                13.0,
                14.29987907409668,
                16.0
              ],
              "autoUv":false
            },
            "west":{
              "texture":"#material",
              "uv":[
                8.0,
                24.5,
                10.0,
                26.0
              ],
              "autoUv":false,
              "rotation":90
            },
            "up":{
              "texture":"#material",
              "uv":[
                1.1090240478515625,
                3.375001907348633,
                4.549876689910889,
                4.806087493896484
              ],
              "autoUv":false
            },
            "down":{
              "texture":"#material",
              "uv":[
                18.0,
                10.997983932495117,
                20.0,
                7.002023696899414
              ],
              "autoUv":false,
              "rotation":90
            }
          },
          "children":[]
        },
        {
          "name":"advanced_head 09",
          "from":[
            3.040708363056183,
            -0.04812237620353699,
            -4.039697468280792
          ],
          "to":[
            3.770672023296356,
            0.5189066827297211,
            -3.291192591190338
          ],
          "rotationOrigin":[
            3.4056901931762695,
            0.23539215326309204,
            -3.665445029735565
          ],
          "rotationY":22.043679102765577,
          "group":"advanced_head",
          "faces":{
            "north":{
              "texture":"#material",
              "uv":[
                10.181596755981445,
                12.174249649047852,
                11.132867813110352,
                13.911474227905273
              ],
              "autoUv":false
            },
            "east":{
              "texture":"#material",
              "uv":[
                8.697101593017578,
                16.25811004638672,
                7.953507900238037,
                17.76689052581787
              ],
              "autoUv":false
            },
            "south":{
              "texture":"#material",
              "uv":[
                9.768993377685547,
                16.25810718536377,
                8.697101593017578,
                17.76689052581787
              ],
              "autoUv":false
            },
            "west":{
              "texture":"#material",
              "uv":[
                3.0,
                23.0,
                4.0,
                25.0
              ],
              "autoUv":false
            },
            "up":{
              "texture":"#material",
              "uv":[
                11.984861373901367,
                13.55459213256836,
                12.863615036010742,
                15.558843612670898
              ],
              "autoUv":false,
              "rotation":90
            },
            "down":{
              "texture":"#material",
              "uv":[
                11.984861373901367,
                15.558843612670898,
                12.863615036010742,
                13.55459213256836
              ],
              "autoUv":false,
              "rotation":90
            }
          },
          "children":[]
        },
        {
          "name":"advanced_head 10",
          "from":[
            3.272128462791443,
            -0.04789331555366516,
            -3.6755245327949524
          ],
          "to":[
            4.460816025733948,
            0.5186776220798492,
            -3.0185237526893616
          ],
          "rotationOrigin":[
            3.8664722442626953,
            0.23539215326309204,
            -3.347024142742157
          ],
          "rotationY":-14.828137489969874,
          "group":"advanced_head",
          "faces":{
            "north":{
              "texture":"#material",
              "uv":[
                8.892459869384766,
                12.174949645996094,
                10.441524505615234,
                13.910774230957031
              ],
              "autoUv":false
            },
            "east":{
              "texture":"#material",
              "uv":[
                8.697101593017578,
                16.258718490600586,
                7.953507900238037,
                17.766282081604004
              ],
              "autoUv":false
            },
            "south":{
              "texture":"#material",
              "uv":[
                2.0,
                23.0,
                4.0,
                24.0
              ],
              "autoUv":false
            },
            "west":{
              "texture":"#material",
              "uv":[
                7.554391384124756,
                12.160804748535156,
                8.410573959350586,
                13.896631240844727
              ],
              "autoUv":false
            },
            "up":{
              "texture":"#material",
              "uv":[
                12.107660293579102,
                12.565570831298828,
                14.073827743530273,
                14.618881225585938
              ],
              "autoUv":false,
              "rotation":90
            },
            "down":{
              "texture":"#material",
              "uv":[
                12.107660293579102,
                14.618881225585938,
                14.073827743530273,
                12.565570831298828
              ],
              "autoUv":false,
              "rotation":90
            }
          },
          "children":[]
        },
        {
          "name":"advanced_head 11",
          "from":[
            4.314782053232193,
            -0.047242194414138794,
            -3.6687563061714172
          ],
          "to":[
            5.2823916375637054,
            0.5180265009403229,
            -2.6707311272621155
          ],
          "rotationOrigin":[
            4.798586845397949,
            0.23539215326309204,
            -3.1697437167167664
          ],
          "rotationY":-36.909850501128666,
          "group":"advanced_head",
          "faces":{
            "north":{
              "texture":"#material",
              "uv":[
                10.181594848632812,
                12.176946640014648,
                11.442558288574219,
                13.90877914428711
              ],
              "autoUv":false
            },
            "east":{
              "texture":"#material",
              "uv":[
                8.697101593017578,
                16.260452270507812,
                7.5675368309021,
                17.764548301696777
              ],
              "autoUv":false
            },
            "south":{
              "texture":"#material",
              "uv":[
                4.0,
                23.0,
                5.0,
                24.0
              ],
              "autoUv":false
            },
            "west":{
              "texture":"#material",
              "uv":[
                7.109978199005127,
                12.162801742553711,
                8.410573959350586,
                13.89463996887207
              ],
              "autoUv":false
            },
            "up":{
              "texture":"#material",
              "uv":[
                12.018472671508789,
                11.458736419677734,
                14.905160903930664,
                11.82359504699707
              ],
              "autoUv":false,
              "rotation":90
            },
            "down":{
              "texture":"#material",
              "uv":[
                12.018472671508789,
                11.82359504699707,
                14.905160903930664,
                11.458736419677734
              ],
              "autoUv":false,
              "rotation":90
            }
          },
          "children":[]
        },
        {
          "name":"advanced_head 12",
          "from":[
            4.880787213484364,
            -0.04660025238990784,
            -2.873026649445272
          ],
          "to":[
            5.542117754777355,
            0.5173845589160919,
            -2.2160259084999794
          ],
          "rotationOrigin":[
            5.211452484130859,
            0.23539215326309204,
            -2.5445262789726257
          ],
          "rotationY":-53.68356566862938,
          "group":"advanced_head",
          "faces":{
            "north":{
              "texture":"#material",
              "uv":[
                10.181596755981445,
                12.178913116455078,
                11.043424606323242,
                13.90681266784668
              ],
              "autoUv":false
            },
            "east":{
              "texture":"#material",
              "uv":[
                8.697101593017578,
                16.262161254882812,
                7.953506946563721,
                17.76284122467041
              ],
              "autoUv":false
            },
            "south":{
              "texture":"#material",
              "uv":[
                5.0,
                23.0,
                6.0,
                24.0
              ],
              "autoUv":false
            },
            "west":{
              "texture":"#material",
              "uv":[
                7.554391384124756,
                12.164766311645508,
                8.410573959350586,
                13.892671585083008
              ],
              "autoUv":false
            },
            "up":{
              "texture":"#material",
              "uv":[
                13.80557632446289,
                10.63284683227539,
                15.735420227050781,
                10.921102523803711
              ],
              "autoUv":false
            },
            "down":{
              "texture":"#material",
              "uv":[
                13.80557632446289,
                10.921102523803711,
                15.735420227050781,
                10.63284683227539
              ],
              "autoUv":false,
              "rotation":180
            }
          },
          "children":[]
        },
        {
          "name":"advanced_head 13",
          "from":[
            5.111063301563263,
            -0.04610246419906616,
            -2.395876705646515
          ],
          "to":[
            5.772393882274628,
            0.5168867707252502,
            -1.738875925540924
          ],
          "rotationOrigin":[
            5.441728591918945,
            0.23539215326309204,
            -2.0673763155937195
          ],
          "rotationY":-74.79137737396168,
          "group":"advanced_head",
          "faces":{
            "north":{
              "texture":"#material",
              "uv":[
                10.181594848632812,
                12.180440902709961,
                11.043424606323242,
                13.90528678894043
              ],
              "autoUv":false
            },
            "east":{
              "texture":"#material",
              "uv":[
                8.697101593017578,
                16.263484001159668,
                7.953507900238037,
                17.761515617370605
              ],
              "autoUv":false
            },
            "south":{
              "texture":"#material",
              "uv":[
                6.0,
                23.0,
                7.0,
                24.0
              ],
              "autoUv":false
            },
            "west":{
              "texture":"#material",
              "uv":[
                7.554389476776123,
                12.166292190551758,
                8.410572052001953,
                13.891145706176758
              ],
              "autoUv":false
            },
            "up":{
              "texture":"#material",
              "uv":[
                14.920965194702148,
                9.81302261352539,
                16.617517471313477,
                10.776922225952148
              ],
              "autoUv":false
            },
            "down":{
              "texture":"#material",
              "uv":[
                14.920965194702148,
                10.776922225952148,
                16.617517471313477,
                9.81302261352539
              ],
              "autoUv":false,
              "rotation":180
            }
          },
          "children":[]
        },
        {
          "name":"advanced_head 14",
          "from":[
            5.168379127979279,
            -0.04660025238990784,
            -1.8511341214179993
          ],
          "to":[
            5.829709708690643,
            0.5173845589160919,
            -1.1941333413124084
          ],
          "rotationOrigin":[
            5.499044418334961,
            0.23539215326309204,
            -1.5226337313652039
          ],
          "rotationY":-93.19625099828816,
          "group":"advanced_head",
          "faces":{
            "north":{
              "texture":"#material",
              "uv":[
                10.181596755981445,
                12.178913116455078,
                11.043424606323242,
                13.90681266784668
              ],
              "autoUv":false
            },
            "east":{
              "texture":"#material",
              "uv":[
                8.697101593017578,
                16.262161254882812,
                7.953506946563721,
                17.76284122467041
              ],
              "autoUv":false
            },
            "south":{
              "texture":"#material",
              "uv":[
                7.0,
                23.0,
                8.0,
                24.0
              ],
              "autoUv":false
            },
            "west":{
              "texture":"#material",
              "uv":[
                7.554391384124756,
                12.164766311645508,
                8.410573959350586,
                13.892671585083008
              ],
              "autoUv":false
            },
            "up":{
              "texture":"#material",
              "uv":[
                16.256755828857422,
                9.44987678527832,
                17.562192916870117,
                10.900123596191406
              ],
              "autoUv":false
            },
            "down":{
              "texture":"#material",
              "uv":[
                16.256755828857422,
                10.900123596191406,
                17.562192916870117,
                9.44987678527832
              ],
              "autoUv":false,
              "rotation":180
            }
          },
          "children":[]
        },
        {
          "name":"advanced_head 15",
          "from":[
            5.051714241504669,
            -0.04700872302055359,
            -1.3140133023262024
          ],
          "to":[
            5.713044822216034,
            0.5177930295467377,
            -0.6570125222206116
          ],
          "rotationOrigin":[
            5.382379531860352,
            0.23539215326309204,
            -0.985512912273407
          ],
          "rotationY":-111.31291796039679,
          "group":"advanced_head",
          "faces":{
            "north":{
              "texture":"#material",
              "uv":[
                10.181596755981445,
                12.177667617797852,
                11.043420791625977,
                13.908065795898438
              ],
              "autoUv":false
            },
            "east":{
              "texture":"#material",
              "uv":[
                8.697101593017578,
                16.261072158813477,
                7.95350980758667,
                17.76392650604248
              ],
              "autoUv":false
            },
            "south":{
              "texture":"#material",
              "uv":[
                8.0,
                23.0,
                9.0,
                24.0
              ],
              "autoUv":false
            },
            "west":{
              "texture":"#material",
              "uv":[
                7.554392337799072,
                12.16351318359375,
                8.410573959350586,
                13.893918991088867
              ],
              "autoUv":false
            },
            "up":{
              "texture":"#material",
              "uv":[
                17.638870239257812,
                9.527055740356445,
                18.428632736206055,
                11.31134033203125
              ],
              "autoUv":false
            },
            "down":{
              "texture":"#material",
              "uv":[
                17.638870239257812,
                11.31134033203125,
                18.428632736206055,
                9.527055740356445
              ],
              "autoUv":false,
              "rotation":180
            }
          },
          "children":[]
        },
        {
          "name":"advanced_head 16",
          "from":[
            2.9012617468833923,
            0.034608468413352966,
            -4.213431805372238
          ],
          "to":[
            3.6291127800941467,
            0.4360942989587784,
            -3.811945825815201
          ],
          "rotationOrigin":[
            3.2651872634887695,
            0.23535138368606567,
            -4.0126888155937195
          ],
          "rotationX":47.163426105800184,
          "rotationY":15.396655115725055,
          "rotationZ":-15.986255827900774,
          "group":"advanced_head",
          "faces":{
            "north":{
              "texture":"#material",
              "uv":[
                11.0,
                15.0,
                11.999999046325684,
                16.0
              ],
              "autoUv":false,
              "rotation":270
            },
            "east":{
              "texture":"#material",
              "uv":[
                0.5635032653808594,
                6.6911773681640625,
                1.0828146934509277,
                8.8125
              ],
              "autoUv":false
            },
            "south":{
              "texture":"#material",
              "uv":[
                8.97625732421875,
                16.711145401000977,
                9.12455940246582,
                16.890321731567383
              ],
              "autoUv":false
            },
            "west":{
              "texture":"#material",
              "uv":[
                5.0,
                17.0,
                6.0,
                18.0
              ],
              "autoUv":false,
              "rotation":90
            },
            "up":{
              "texture":"#material",
              "uv":[
                8.92916488647461,
                16.531970024108887,
                9.171649932861328,
                16.71114730834961
              ],
              "autoUv":false
            },
            "down":{
              "texture":"#material",
              "uv":[
                11.0,
                16.0,
                11.999999046325684,
                15.0
              ],
              "autoUv":false,
              "rotation":90
            }
          },
          "children":[]
        },
        {
          "name":"advanced_head 17",
          "from":[
            3.7731516361236572,
            -0.04825577139854431,
            -4.292503654956818
          ],
          "to":[
            4.4344823360443115,
            0.5190400779247284,
            -3.18611341714859
          ],
          "rotationOrigin":[
            4.103816986083984,
            0.23539215326309204,
            -3.739308536052704
          ],
          "rotationY":19.643665034091693,
          "group":"advanced_head",
          "faces":{
            "north":{
              "texture":"#material",
              "uv":[
                9.649295806884766,
                12.182754516601562,
                10.523326873779297,
                13.902973175048828
              ],
              "autoUv":false
            },
            "east":{
              "texture":"#material",
              "uv":[
                8.805442810058594,
                16.257755279541016,
                7.522335529327393,
                17.767245292663574
              ],
              "autoUv":false
            },
            "south":{
              "texture":"#material",
              "uv":[
                9.236616134643555,
                16.257755279541016,
                8.805442810058594,
                17.76724624633789
              ],
              "autoUv":false
            },
            "west":{
              "texture":"#material",
              "uv":[
                7.953507900238037,
                16.257753372192383,
                9.236616134643555,
                17.767245292663574
              ],
              "autoUv":false
            },
            "up":{
              "texture":"#material",
              "uv":[
                11.411766052246094,
                12.054317474365234,
                13.127485275268555,
                14.136541366577148
              ],
              "autoUv":false,
              "rotation":90
            },
            "down":{
              "texture":"#material",
              "uv":[
                11.411766052246094,
                14.136541366577148,
                13.127485275268555,
                12.054317474365234
              ],
              "autoUv":false,
              "rotation":90
            }
          },
          "children":[]
        },
        {
          "name":"advanced_head 18",
          "from":[
            3.5656604766845703,
            0.03457029163837433,
            -4.4585107445274055
          ],
          "to":[
            4.245397567749023,
            0.4360561817884445,
            -4.057024982615881
          ],
          "rotationOrigin":[
            3.905529022216797,
            0.23531323671340942,
            -4.257767856121063
          ],
          "rotationX":46.704536431318296,
          "rotationY":13.774311871796838,
          "rotationZ":-14.122094005276486,
          "group":"advanced_head",
          "faces":{
            "north":{
              "texture":"#material",
              "uv":[
                11.0,
                13.0,
                11.999999046325684,
                15.0
              ],
              "autoUv":false,
              "rotation":270
            },
            "east":{
              "texture":"#material",
              "uv":[
                0.5635032653808594,
                6.691179275512695,
                1.0828142166137695,
                8.8125
              ],
              "autoUv":false
            },
            "south":{
              "texture":"#material",
              "uv":[
                9.163398742675781,
                16.71114730834961,
                9.306476593017578,
                16.890321731567383
              ],
              "autoUv":false
            },
            "west":{
              "texture":"#material",
              "uv":[
                5.718865871429443,
                4.878679275512695,
                6.2381768226623535,
                7.0
              ],
              "autoUv":false
            },
            "up":{
              "texture":"#material",
              "uv":[
                9.119495391845703,
                16.531972885131836,
                9.350379943847656,
                16.71114730834961
              ],
              "autoUv":false
            },
            "down":{
              "texture":"#material",
              "uv":[
                11.0,
                15.0,
                11.999999046325684,
                13.0
              ],
              "autoUv":false,
              "rotation":90
            }
          },
          "children":[]
        },
        {
          "name":"advanced_head 19",
          "from":[
            4.314253171125966,
            -0.047859370708465576,
            -4.427639153409302
          ],
          "to":[
            4.975583712418956,
            0.5184113383293152,
            -3.3212492199656367
          ],
          "rotationOrigin":[
            4.644918441772461,
            0.2352759838104248,
            -3.8744441866874695
          ],
          "rotationY":9.207131713443976,
          "group":"advanced_head",
          "faces":{
            "north":{
              "texture":"#material",
              "uv":[
                9.076292037963867,
                12.219154357910156,
                9.986379623413086,
                13.868593215942383
              ],
              "autoUv":false
            },
            "east":{
              "texture":"#material",
              "uv":[
                8.62513542175293,
                16.260043144226074,
                7.2342848777771,
                17.766804695129395
              ],
              "autoUv":false
            },
            "south":{
              "texture":"#material",
              "uv":[
                8.913187026977539,
                16.260043144226074,
                8.625137329101562,
                17.766804695129395
              ],
              "autoUv":false
            },
            "west":{
              "texture":"#material",
              "uv":[
                7.522334575653076,
                16.260043144226074,
                8.913188934326172,
                17.766804695129395
              ],
              "autoUv":false
            },
            "up":{
              "texture":"#material",
              "uv":[
                10.954511642456055,
                11.094327926635742,
                13.019035339355469,
                12.83131217956543
              ],
              "autoUv":false,
              "rotation":90
            },
            "down":{
              "texture":"#material",
              "uv":[
                10.954511642456055,
                12.83131217956543,
                13.019035339355469,
                11.094327926635742
              ],
              "autoUv":false,
              "rotation":90
            }
          },
          "children":[]
        },
        {
          "name":"advanced_head 20",
          "from":[
            4.17110475897789,
            0.034796252846717834,
            -4.617088022783803
          ],
          "to":[
            4.886491447687149,
            0.4362820237874985,
            -4.215601620122386
          ],
          "rotationOrigin":[
            4.5287981033325195,
            0.23553913831710815,
            -4.4163448214530945
          ],
          "rotationX":45.35055388120082,
          "rotationY":6.49551587709765,
          "rotationZ":-6.542470012546903,
          "group":"advanced_head",
          "faces":{
            "north":{
              "texture":"#material",
              "uv":[
                11.0,
                12.0,
                11.999999046325684,
                13.0
              ],
              "autoUv":false,
              "rotation":270
            },
            "east":{
              "texture":"#material",
              "uv":[
                0.5635030269622803,
                6.691179275512695,
                1.082815170288086,
                8.8125
              ],
              "autoUv":false
            },
            "south":{
              "texture":"#material",
              "uv":[
                9.319686889648438,
                16.71114730834961,
                9.503669738769531,
                16.890321731567383
              ],
              "autoUv":false
            },
            "west":{
              "texture":"#material",
              "uv":[
                5.718865871429443,
                4.878679275512695,
                6.2381768226623535,
                7.0
              ],
              "autoUv":false
            },
            "up":{
              "texture":"#material",
              "uv":[
                9.290359497070312,
                16.531972885131836,
                9.532999038696289,
                16.71114730834961
              ],
              "autoUv":false
            },
            "down":{
              "texture":"#material",
              "uv":[
                11.0,
                13.0,
                11.999999046325684,
                12.0
              ],
              "autoUv":false,
              "rotation":90
            }
          },
          "children":[]
        },
        {
          "name":"advanced_head 21",
          "from":[
            4.927402913570404,
            -0.04819628596305847,
            -4.510032832622528
          ],
          "to":[
            5.58873325586319,
            0.5190995633602142,
            -3.4036428332328796
          ],
          "rotationOrigin":[
            5.258068084716797,
            0.23545163869857788,
            -3.956837832927704
          ],
          "rotationY":5.8775288987313585,
          "group":"advanced_head",
          "faces":{
            "north":{
              "texture":"#material",
              "uv":[
                8.477075576782227,
                12.23651123046875,
                9.405061721801758,
                13.84921646118164
              ],
              "autoUv":false
            },
            "east":{
              "texture":"#material",
              "uv":[
                8.54715347290039,
                16.257755279541016,
                7.094010829925537,
                17.76724624633789
              ],
              "autoUv":false
            },
            "south":{
              "texture":"#material",
              "uv":[
                8.687429428100586,
                16.257755279541016,
                8.54715347290039,
                17.76724624633789
              ],
              "autoUv":false
            },
            "west":{
              "texture":"#material",
              "uv":[
                7.234286785125732,
                16.257755279541016,
                8.687429428100586,
                17.76724624633789
              ],
              "autoUv":false
            },
            "up":{
              "texture":"#material",
              "uv":[
                10.733341217041016,
                9.872329711914062,
                12.895259857177734,
                11.486471176147461
              ],
              "autoUv":false,
              "rotation":90
            },
            "down":{
              "texture":"#material",
              "uv":[
                10.733341217041016,
                11.486471176147461,
                12.895259857177734,
                9.872329711914062
              ],
              "autoUv":false,
              "rotation":90
            }
          },
          "children":[]
        },
        {
          "name":"advanced_head 22",
          "from":[
            4.812583587148673,
            0.03467327356338501,
            -4.7049703150987625
          ],
          "to":[
            5.531879761239999,
            0.43615978956222534,
            -4.303485319018364
          ],
          "rotationOrigin":[
            5.172231674194336,
            0.23541653156280518,
            -4.504227817058563
          ],
          "rotationX":45.14257462097393,
          "rotationY":4.1517744563350325,
          "rotationZ":-4.161755497146537,
          "group":"advanced_head",
          "faces":{
            "north":{
              "texture":"#material",
              "uv":[
                11.0,
                11.0,
                11.999999046325684,
                12.0
              ],
              "autoUv":false,
              "rotation":270
            },
            "east":{
              "texture":"#material",
              "uv":[
                0.5635032653808594,
                6.69117546081543,
                1.0828132629394531,
                8.8125
              ],
              "autoUv":false
            },
            "south":{
              "texture":"#material",
              "uv":[
                9.499893188476562,
                16.71114730834961,
                9.709693908691406,
                16.890321731567383
              ],
              "autoUv":false
            },
            "west":{
              "texture":"#material",
              "uv":[
                5.718867778778076,
                4.87867546081543,
                6.2381768226623535,
                7.0
              ],
              "autoUv":false
            },
            "up":{
              "texture":"#material",
              "uv":[
                9.485610961914062,
                16.531972885131836,
                9.723976135253906,
                16.71114730834961
              ],
              "autoUv":false
            },
            "down":{
              "texture":"#material",
              "uv":[
                11.0,
                12.0,
                11.999999046325684,
                11.0
              ],
              "autoUv":false,
              "rotation":90
            }
          },
          "children":[]
        },
        {
          "name":"advanced_head 23",
          "from":[
            5.536429286003113,
            -0.04850113391876221,
            -4.552142798900604
          ],
          "to":[
            6.246575474739075,
            0.5192854404449463,
            -3.445752799510956
          ],
          "rotationOrigin":[
            5.891502380371094,
            0.23539215326309204,
            -3.99894779920578
          ],
          "rotationY":1.9122627895238677,
          "group":"advanced_head",
          "faces":{
            "north":{
              "texture":"#material",
              "uv":[
                7.866267681121826,
                12.239675521850586,
                8.870767593383789,
                13.846052169799805
              ],
              "autoUv":false
            },
            "east":{
              "texture":"#material",
              "uv":[
                8.57642936706543,
                16.257102966308594,
                7.104565143585205,
                17.76789951324463
              ],
              "autoUv":false
            },
            "south":{
              "texture":"#material",
              "uv":[
                8.565876007080078,
                16.257102966308594,
                8.57642936706543,
                17.76789951324463
              ],
              "autoUv":false
            },
            "west":{
              "texture":"#material",
              "uv":[
                7.094010829925537,
                16.257102966308594,
                8.565876007080078,
                17.767898559570312
              ],
              "autoUv":false
            },
            "up":{
              "texture":"#material",
              "uv":[
                10.593690872192383,
                8.572074890136719,
                12.858644485473633,
                10.134973526000977
              ],
              "autoUv":false,
              "rotation":90
            },
            "down":{
              "texture":"#material",
              "uv":[
                10.593690872192383,
                10.134973526000977,
                12.858644485473633,
                8.572074890136719
              ],
              "autoUv":false,
              "rotation":90
            }
          },
          "children":[]
        },
        {
          "name":"advanced_head 24",
          "from":[
            5.510251364635263,
            0.034640759229660034,
            -4.752505451440811
          ],
          "to":[
            6.227812447620597,
            0.4361265003681183,
            -4.351020067930222
          ],
          "rotationOrigin":[
            5.86903190612793,
            0.23538362979888916,
            -4.551762759685516
          ],
          "rotationX":45.01413632872642,
          "rotationY":1.3600090181212503,
          "rotationZ":-1.3602799845322295,
          "group":"advanced_head",
          "faces":{
            "north":{
              "texture":"#material",
              "uv":[
                11.0,
                10.0,
                11.999999046325684,
                11.0
              ],
              "autoUv":false,
              "rotation":270
            },
            "east":{
              "texture":"#material",
              "uv":[
                0.5635032653808594,
                6.691179275512695,
                1.0828142166137695,
                8.8125
              ],
              "autoUv":false
            },
            "south":{
              "texture":"#material",
              "uv":[
                9.690876007080078,
                16.71114730834961,
                9.918373107910156,
                16.890321731567383
              ],
              "autoUv":false
            },
            "west":{
              "texture":"#material",
              "uv":[
                5.71886682510376,
                4.878679275512695,
                6.2381768226623535,
                7.0
              ],
              "autoUv":false
            },
            "up":{
              "texture":"#material",
              "uv":[
                9.691949844360352,
                16.531972885131836,
                9.91729736328125,
                16.71114730834961
              ],
              "autoUv":false
            },
            "down":{
              "texture":"#material",
              "uv":[
                11.0,
                11.0,
                11.999999046325684,
                10.0
              ],
              "autoUv":false,
              "rotation":90
            }
          },
          "children":[]
        },
        {
          "name":"advanced_head 25",
          "from":[
            6.194641411304474,
            -0.04825577139854431,
            -4.54559725522995
          ],
          "to":[
            6.855971992015839,
            0.5190400779247284,
            -3.4392072558403015
          ],
          "rotationOrigin":[
            6.525306701660156,
            0.23539215326309204,
            -3.9924022555351257
          ],
          "rotationY":-3.32773753273897,
          "group":"advanced_head",
          "faces":{
            "north":{
              "texture":"#material",
              "uv":[
                7.2571539878845215,
                12.23651123046875,
                8.192131042480469,
                13.84921646118164
              ],
              "autoUv":false
            },
            "east":{
              "texture":"#material",
              "uv":[
                8.659601211547852,
                16.25775718688965,
                7.195516109466553,
                17.76724624633789
              ],
              "autoUv":false
            },
            "south":{
              "texture":"#material",
              "uv":[
                8.56865119934082,
                16.257755279541016,
                8.659601211547852,
                17.76724624633789
              ],
              "autoUv":false
            },
            "west":{
              "texture":"#material",
              "uv":[
                7.104565143585205,
                16.257755279541016,
                8.56865119934082,
                17.76724624633789
              ],
              "autoUv":false
            },
            "up":{
              "texture":"#material",
              "uv":[
                10.543720245361328,
                7.403116226196289,
                12.936014175415039,
                8.650623321533203
              ],
              "autoUv":false,
              "rotation":90
            },
            "down":{
              "texture":"#material",
              "uv":[
                10.543720245361328,
                8.650623321533203,
                12.936014175415039,
                7.403116226196289
              ],
              "autoUv":false,
              "rotation":90
            }
          },
          "children":[]
        },
        {
          "name":"advanced_head 26",
          "from":[
            6.198106110095978,
            0.03463350236415863,
            -4.746123790740967
          ],
          "to":[
            6.88842648267746,
            0.4361194521188736,
            -4.344637766480446
          ],
          "rotationOrigin":[
            6.543266296386719,
            0.2353764772415161,
            -4.545380771160126
          ],
          "rotationX":45.044619462992195,
          "rotationY":-2.352891099486084,
          "rotationZ":2.3538708047451578,
          "group":"advanced_head",
          "faces":{
            "north":{
              "texture":"#material",
              "uv":[
                11.0,
                9.0,
                11.999999046325684,
                10.0
              ],
              "autoUv":false,
              "rotation":270
            },
            "east":{
              "texture":"#material",
              "uv":[
                0.5635032653808594,
                6.691179275512695,
                1.0828146934509277,
                8.8125
              ],
              "autoUv":false
            },
            "south":{
              "texture":"#material",
              "uv":[
                9.900012969970703,
                16.71114730834961,
                10.125947952270508,
                16.890321731567383
              ],
              "autoUv":false
            },
            "west":{
              "texture":"#material",
              "uv":[
                5.718865871429443,
                4.878679275512695,
                6.2381768226623535,
                7.0
              ],
              "autoUv":false
            },
            "up":{
              "texture":"#material",
              "uv":[
                9.909273147583008,
                16.531972885131836,
                10.116687774658203,
                16.71114730834961
              ],
              "autoUv":false
            },
            "down":{
              "texture":"#material",
              "uv":[
                11.0,
                10.0,
                11.999999046325684,
                9.0
              ],
              "autoUv":false,
              "rotation":90
            }
          },
          "children":[]
        },
        {
          "name":"advanced_head 27",
          "from":[
            6.840470314025879,
            -0.051061153411865234,
            -4.450959622859955
          ],
          "to":[
            7.800871849060059,
            0.5192854404449463,
            -4.012070596218109
          ],
          "rotationOrigin":[
            7.320671081542969,
            0.23411214351654053,
            -4.231515109539032
          ],
          "rotationY":-9.497739187155094,
          "group":"advanced_head",
          "faces":{
            "north":{
              "texture":"#material",
              "uv":[
                6.316543102264404,
                12.231916427612305,
                7.6575446128845215,
                13.861124038696289
              ],
              "autoUv":false
            },
            "east":{
              "texture":"#material",
              "uv":[
                6.0,
                9.003284454345703,
                7.0,
                11.0
              ],
              "autoUv":false
            },
            "south":{
              "texture":"#material",
              "uv":[
                7.766353130340576,
                16.257102966308594,
                11.769790649414062,
                17.77471160888672
              ],
              "autoUv":false
            },
            "west":{
              "texture":"#material",
              "uv":[
                7.19551420211792,
                16.257102966308594,
                7.766354084014893,
                17.774712562561035
              ],
              "autoUv":false
            },
            "up":{
              "texture":"#material",
              "uv":[
                10.620473861694336,
                5.446489334106445,
                11.858257293701172,
                7.277612686157227
              ],
              "autoUv":false,
              "rotation":90
            },
            "down":{
              "texture":"#material",
              "uv":[
                10.620473861694336,
                7.277612686157227,
                11.858257293701172,
                5.446489334106445
              ],
              "autoUv":false,
              "rotation":90
            }
          },
          "children":[]
        },
        {
          "name":"advanced_head 28",
          "from":[
            6.672266185283661,
            -0.0504077672958374,
            -4.258284628391266
          ],
          "to":[
            7.62852269411087,
            0.5229669809341431,
            -3.499575912952423
          ],
          "rotationOrigin":[
            7.150394439697266,
            0.23627960681915283,
            -3.8789302706718445
          ],
          "rotationY":-33.07911499946492,
          "group":"advanced_head",
          "faces":{
            "north":{
              "texture":"#material",
              "uv":[
                8.497665405273438,
                12.221397399902344,
                9.832880020141602,
                13.859256744384766
              ],
              "autoUv":false
            },
            "east":{
              "texture":"#material",
              "uv":[
                5.0,
                8.992496490478516,
                6.0,
                11.0
              ],
              "autoUv":false
            },
            "south":{
              "texture":"#material",
              "uv":[
                7.766354084014893,
                16.247305870056152,
                11.752513885498047,
                17.772971153259277
              ],
              "autoUv":false
            },
            "west":{
              "texture":"#material",
              "uv":[
                7.17296838760376,
                16.247307777404785,
                7.766355037689209,
                17.772972106933594
              ],
              "autoUv":false
            },
            "up":{
              "texture":"#material",
              "uv":[
                10.765792846679688,
                6.313262939453125,
                13.18895149230957,
                7.1236572265625
              ],
              "autoUv":false,
              "rotation":90
            },
            "down":{
              "texture":"#material",
              "uv":[
                10.765792846679688,
                7.1236572265625,
                13.18895149230957,
                6.313262939453125
              ],
              "autoUv":false,
              "rotation":90
            }
          },
          "children":[]
        },
        {
          "name":"advanced_head 29",
          "from":[
            6.3275081515312195,
            -0.04941350221633911,
            -3.681646764278412
          ],
          "to":[
            7.2879093289375305,
            0.5219699740409851,
            -2.679637849330902
          ],
          "rotationOrigin":[
            6.807708740234375,
            0.236278235912323,
            -3.180642306804657
          ],
          "rotationY":-21.336967967080817,
          "group":"advanced_head",
          "faces":{
            "north":{
              "texture":"#material",
              "uv":[
                7.861913204193115,
                12.224250793457031,
                9.202917098999023,
                13.856416702270508
              ],
              "autoUv":false
            },
            "east":{
              "texture":"#material",
              "uv":[
                4.0,
                8.995418548583984,
                5.0,
                11.0
              ],
              "autoUv":false
            },
            "south":{
              "texture":"#material",
              "uv":[
                7.76635217666626,
                16.249960899353027,
                11.769790649414062,
                17.7703275680542
              ],
              "autoUv":false
            },
            "west":{
              "texture":"#material",
              "uv":[
                7.1955132484436035,
                16.24995994567871,
                7.766353130340576,
                17.770329475402832
              ],
              "autoUv":false
            },
            "up":{
              "texture":"#material",
              "uv":[
                12.09648609161377,
                6.881086349487305,
                14.781530380249023,
                7.990434646606445
              ],
              "autoUv":false,
              "rotation":90
            },
            "down":{
              "texture":"#material",
              "uv":[
                12.09648609161377,
                7.990434646606445,
                14.781530380249023,
                6.881086349487305
              ],
              "autoUv":false,
              "rotation":90
            }
          },
          "children":[]
        },
        {
          "name":"advanced_head 30",
          "from":[
            6.054116249084473,
            -0.048856496810913086,
            -2.794111907482147
          ],
          "to":[
            7.014517784118652,
            0.5196408033370972,
            -1.7921025156974792
          ],
          "rotationOrigin":[
            6.5343170166015625,
            0.23539215326309204,
            -2.2931072115898132
          ],
          "rotationY":-12.90444715363434,
          "group":"advanced_head",
          "faces":{
            "north":{
              "texture":"#material",
              "uv":[
                6.316543102264404,
                12.230901718139648,
                7.657545566558838,
                13.854827880859375
              ],
              "autoUv":false
            },
            "east":{
              "texture":"#material",
              "uv":[
                3.0,
                9.002243041992188,
                4.0,
                11.0
              ],
              "autoUv":false
            },
            "south":{
              "texture":"#material",
              "uv":[
                7.766353130340576,
                16.256157875061035,
                11.769790649414062,
                17.768845558166504
              ],
              "autoUv":false
            },
            "west":{
              "texture":"#material",
              "uv":[
                7.1955132484436035,
                16.25615882873535,
                7.766354084014893,
                17.768847465515137
              ],
              "autoUv":false
            },
            "up":{
              "texture":"#material",
              "uv":[
                14.050088882446289,
                7.262458801269531,
                16.543426513671875,
                8.753564834594727
              ],
              "autoUv":false,
              "rotation":90
            },
            "down":{
              "texture":"#material",
              "uv":[
                14.050088882446289,
                8.753564834594727,
                16.543426513671875,
                7.262458801269531
              ],
              "autoUv":false,
              "rotation":90
            }
          },
          "children":[]
        },
        {
          "name":"advanced_head 31",
          "from":[
            5.954358100891113,
            -0.04850113391876221,
            -1.911995530128479
          ],
          "to":[
            6.914759635925293,
            0.5192854404449463,
            -0.7968614101409912
          ],
          "rotationOrigin":[
            6.434558868408203,
            0.23539215326309204,
            -1.354428470134735
          ],
          "rotationY":-6.830189170012751e-06,
          "group":"advanced_head",
          "faces":{
            "north":{
              "texture":"#material",
              "uv":[
                6.316543102264404,
                12.231916427612305,
                7.657545566558838,
                13.853811264038086
              ],
              "autoUv":false
            },
            "east":{
              "texture":"#material",
              "uv":[
                2.0,
                9.003284454345703,
                3.0,
                11.0
              ],
              "autoUv":false
            },
            "south":{
              "texture":"#material",
              "uv":[
                7.702475070953369,
                16.257102966308594,
                11.769790649414062,
                17.76789951324463
              ],
              "autoUv":false
            },
            "west":{
              "texture":"#material",
              "uv":[
                7.19551420211792,
                16.257102966308594,
                7.7024760246276855,
                17.767900466918945
              ],
              "autoUv":false
            },
            "up":{
              "texture":"#material",
              "uv":[
                16.094480514526367,
                7.2116851806640625,
                18.428632736206055,
                9.221956253051758
              ],
              "autoUv":false,
              "rotation":90
            },
            "down":{
              "texture":"#material",
              "uv":[
                16.094480514526367,
                9.221956253051758,
                18.428632736206055,
                7.2116851806640625
              ],
              "autoUv":false,
              "rotation":90
            }
          },
          "children":[]
        },
        {
          "name":"advanced_head 32",
          "from":[
            6.846269905567169,
            0.034828901290893555,
            -4.649779587984085
          ],
          "to":[
            7.834577262401581,
            0.43631434440612793,
            -4.248293966054916
          ],
          "rotationOrigin":[
            7.340423583984375,
            0.23557162284851074,
            -4.449036777019501
          ],
          "rotationX":45.39099884637105,
          "rotationY":-6.726387370101482,
          "rotationZ":6.776901741655604,
          "group":"advanced_head",
          "faces":{
            "north":{
              "texture":"#material",
              "uv":[
                11.0,
                7.0,
                11.999999046325684,
                9.0
              ],
              "autoUv":false,
              "rotation":270
            },
            "east":{
              "texture":"#material",
              "uv":[
                5.0,
                9.003284454345703,
                6.0,
                10.0
              ],
              "autoUv":false,
              "rotation":90
            },
            "south":{
              "texture":"#material",
              "uv":[
                10.096160888671875,
                16.71114730834961,
                10.419904708862305,
                16.890321731567383
              ],
              "autoUv":false
            },
            "west":{
              "texture":"#material",
              "uv":[
                8.569480895996094,
                4.878683090209961,
                9.08879280090332,
                6.999996185302734
              ],
              "autoUv":false
            },
            "up":{
              "texture":"#material",
              "uv":[
                10.115009307861328,
                16.531972885131836,
                10.401058197021484,
                16.71114730834961
              ],
              "autoUv":false
            },
            "down":{
              "texture":"#material",
              "uv":[
                11.0,
                9.0,
                11.999999046325684,
                7.0
              ],
              "autoUv":false,
              "rotation":90
            }
          },
          "children":[]
        },
        {
          "name":"advanced_head 33",
          "from":[
            5.269888520240784,
            -0.04794970154762268,
            -3.7680358290672302
          ],
          "to":[
            6.563916563987732,
            0.5187340080738068,
            -0.7968620657920837
          ],
          "rotationOrigin":[
            5.916902542114258,
            0.23539215326309204,
            -2.282448947429657
          ],
          "rotationY":-6.830189170012751e-06,
          "group":"advanced_head",
          "faces":{
            "north":{
              "texture":"#material",
              "uv":[
                8.042102813720703,
                31.16892719268799,
                8.042104721069336,
                31.46696949005127
              ],
              "autoUv":false
            },
            "east":{
              "texture":"#material",
              "uv":[
                11.152532577514648,
                26.952418327331543,
                6.949522495269775,
                28.555672645568848
              ],
              "autoUv":false
            },
            "south":{
              "texture":"#material",
              "uv":[
                8.233236312866211,
                26.952414512634277,
                10.277416229248047,
                28.555670738220215
              ],
              "autoUv":false
            },
            "west":{
              "texture":"#material",
              "uv":[
                6.949522495269775,
                26.952414512634277,
                11.152532577514648,
                28.555670738220215
              ],
              "autoUv":false
            },
            "up":{
              "texture":"#material",
              "uv":[
                12.209501266479492,
                7.946054458618164,
                18.428632736206055,
                10.654655456542969
              ],
              "autoUv":false,
              "rotation":90
            },
            "down":{
              "texture":"#material",
              "uv":[
                12.209501266479492,
                10.654655456542969,
                18.428632736206055,
                7.946054458618164
              ],
              "autoUv":false,
              "rotation":90
            }
          },
          "children":[]
        },
        {
          "name":"advanced_head 34",
          "from":[
            4.250916957855225,
            -0.7328501343727112,
            0.30844151973724365
          ],
          "to":[
            5.658934116363525,
            1.2036340832710266,
            1.7164585590362549
          ],
          "rotationOrigin":[
            4.954925537109375,
            0.23539197444915771,
            1.0124500393867493
          ],
          "rotationY":-45.00000125223908,
          "group":"advanced_head",
          "faces":{
            "north":{
              "texture":"#material",
              "uv":[
                7.313467502593994,
                6.002220153808594,
                10.756891250610352,
                10.18089485168457
              ],
              "autoUv":false
            },
            "east":{
              "texture":"#material",
              "uv":[
                11.661291122436523,
                15.597063064575195,
                8.54736328125,
                23.283045768737793
              ],
              "autoUv":false
            },
            "south":{
              "texture":"#material",
              "uv":[
                9.0,
                12.999998092651367,
                13.0,
                16.000000953674316
              ],
              "autoUv":false,
              "rotation":90
            },
            "west":{
              "texture":"#material",
              "uv":[
                9.0,
                16.0,
                13.0,
                19.0
              ],
              "autoUv":false,
              "rotation":90
            },
            "up":{
              "texture":"#material",
              "uv":[
                20.131816864013672,
                11.313922882080078,
                24.299787521362305,
                11.313922882080078
              ],
              "autoUv":false,
              "rotation":90
            },
            "down":{
              "texture":"#material",
              "uv":[
                22.215797424316406,
                13.397911071777344,
                22.215797424316406,
                9.229938507080078
              ],
              "autoUv":false,
              "rotation":90
            }
          },
          "children":[]
        },
        {
          "name":"advanced_head 35",
          "from":[
            4.953808069229126,
            -0.7338796257972717,
            -0.11148267984390259
          ],
          "to":[
            6.917110204696655,
            1.2046638131141663,
            2.07643860578537
          ],
          "rotationOrigin":[
            5.935459136962891,
            0.23539209365844727,
            0.9824779629707336
          ],
          "rotationY":-6.830189170012751e-06,
          "group":"advanced_head",
          "faces":{
            "north":{
              "texture":"#material",
              "uv":[
                7.313466548919678,
                6.0,
                10.756891250610352,
                9.0
              ],
              "autoUv":false
            },
            "east":{
              "texture":"#material",
              "uv":[
                3.0,
                22.0,
                8.0,
                26.0
              ],
              "autoUv":false
            },
            "south":{
              "texture":"#material",
              "uv":[
                10.857290267944336,
                13.0,
                14.300714492797852,
                16.0
              ],
              "autoUv":false
            },
            "west":{
              "texture":"#material",
              "uv":[
                3.0,
                22.0,
                8.0,
                26.0
              ],
              "autoUv":false
            },
            "up":{
              "texture":"#material",
              "uv":[
                20.0,
                6.997097015380859,
                23.999998092651367,
                11.00290298461914
              ],
              "autoUv":false,
              "rotation":90
            },
            "down":{
              "texture":"#material",
              "uv":[
                20.0,
                11.00290298461914,
                23.999998092651367,
                6.997097015380859
              ],
              "autoUv":false,
              "rotation":90
            }
          },
          "children":[]
        }
      ]
    }
  ],
  "groups":[]
}