{
  "textureWidth":16,
  "textureHeight":16,
  "textures":{
    "material":"game:block/metal/ingot/copper"
  },
  "textureSizes":{
    "material":[
      32,
      32
    ]
  },
  "elements":[
    {
      "name":"origin",
      "from":[
        11.0,
        0.5,
        7.699999988079071
      ],
      "to":[
        11.0,
        0.5,
        7.699999988079071
      ],
      "rotationOrigin":[
        8.0,
        0.0,
        8.0
      ],
      "group":"simple_head",
      "faces":{
        "north":{
          "texture":"#0",
          "uv":[
            0,
            0,
            4,
            4
          ],
          "autoUv":false
        },
        "east":{
          "texture":"#0",
          "uv":[
            0,
            0,
            4,
            4
          ],
          "autoUv":false
        },
        "south":{
          "texture":"#0",
          "uv":[
            0,
            0,
            4,
            4
          ],
          "autoUv":false
        },
        "west":{
          "texture":"#0",
          "uv":[
            0,
            0,
            4,
            4
          ],
          "autoUv":false
        },
        "up":{
          "texture":"#material",
          "uv":[
            0.0,
            0.0,
            1.0,
            1.0
          ],
          "autoUv":false,
          "rotation":180
        },
        "down":{
          "texture":"#0",
          "uv":[
            0,
            0,
            4,
            4
          ],
          "autoUv":false
        }
      },
      "children":[
        {
          "name":"simple_head 01",
          "from":[
            5.052418581066785,
            0.0506095258060153,
            -0.39573470079271544
          ],
          "to":[
            6.770196982574014,
            0.9428197177585869,
            0.49647578918306223
          ],
          "rotationOrigin":[
            5.909389495849609,
            0.49671459197998047,
            0.05037051439285278
          ],
          "rotationX":45.00935519630742,
          "rotationY":1.0354345867808363,
          "rotationZ":-1.0356008591984438,
          "group":"simple_head",
          "faces":{
            "north":{
              "texture":"#material",
              "uv":[
                12.0,
                21.999177932739258,
                11.0,
                25.994319438934326
              ],
              "autoUv":false,
              "rotation":270
            },
            "east":{
              "texture":"#material",
              "uv":[
                10.100778579711914,
                26.089372158050537,
                12.851631164550781,
                26.089372158050537
              ],
              "autoUv":false,
              "rotation":90
            },
            "south":{
              "texture":"#material",
              "uv":[
                18.72442054748535,
                13.0,
                22.0,
                16.0
              ],
              "autoUv":false
            },
            "west":{
              "texture":"#material",
              "uv":[
                11.476205825805664,
                24.71394634246826,
                11.476205825805664,
                27.46479845046997
              ],
              "autoUv":false,
              "rotation":270
            },
            "up":{
              "texture":"#material",
              "uv":[
                2.724421977996826,
                16.0,
                6.0,
                17.431086540222168
              ],
              "autoUv":false
            },
            "down":{
              "texture":"#material",
              "uv":[
                19.275577545166016,
                6.431087493896484,
                16.0,
                5.0
              ],
              "autoUv":false,
              "rotation":180
            }
          },
          "children":[]
        },
        {
          "name":"simple_head 02",
          "from":[
            5.052856257913405,
            -0.472035411232401,
            -0.39571941220133233
          ],
          "to":[
            6.76906038163666,
            0.4201895924735144,
            0.4965057107138655
          ],
          "rotationOrigin":[
            5.908821105957031,
            -0.025930255651474,
            0.05038577318191528
          ],
          "rotationX":45.00935519630742,
          "rotationY":1.0354345867808363,
          "rotationZ":-1.0356008591984438,
          "group":"simple_head",
          "faces":{
            "north":{
              "texture":"#material",
              "uv":[
                14.0,
                6.0,
                17.276256561279297,
                9.0
              ],
              "autoUv":false
            },
            "east":{
              "texture":"#material",
              "uv":[
                10.100778579711914,
                27.228814601898193,
                12.851631164550781,
                27.228814601898193
              ],
              "autoUv":false,
              "rotation":90
            },
            "south":{
              "texture":"#material",
              "uv":[
                18.723745346069336,
                13.0,
                22.0,
                16.0
              ],
              "autoUv":false
            },
            "west":{
              "texture":"#material",
              "uv":[
                11.476205825805664,
                25.853389263153076,
                11.476205825805664,
                28.60423994064331
              ],
              "autoUv":false,
              "rotation":270
            },
            "up":{
              "texture":"#material",
              "uv":[
                2.7237439155578613,
                16.0,
                6.0,
                17.431086540222168
              ],
              "autoUv":false
            },
            "down":{
              "texture":"#material",
              "uv":[
                12.0,
                25.994325637817383,
                11.0,
                22.001728057861328
              ],
              "autoUv":false,
              "rotation":90
            }
          },
          "children":[]
        },
        {
          "name":"simple_head 03",
          "from":[
            5.014729849104281,
            -0.02542269229888916,
            -2.9870266489205974
          ],
          "to":[
            6.734869607682828,
            0.4962073564529419,
            0.43957908670288504
          ],
          "rotationOrigin":[
            5.874799728393555,
            0.23539233207702637,
            -1.2737237811088562
          ],
          "rotationY":1.4643993882399038,
          "group":"simple_head",
          "faces":{
            "north":{
              "texture":"#material",
              "uv":[
                15.235013008117676,
                16.443601608276367,
                15.235013961791992,
                16.74164581298828
              ],
              "autoUv":false
            },
            "east":{
              "texture":"#material",
              "uv":[
                11.0,
                26.0,
                17.0,
                27.0
              ],
              "autoUv":false
            },
            "south":{
              "texture":"#material",
              "uv":[
                15.680136680603027,
                12.227088928222656,
                17.751951217651367,
                13.830345153808594
              ],
              "autoUv":false
            },
            "west":{
              "texture":"#material",
              "uv":[
                18.0,
                26.0,
                11.0,
                27.0
              ],
              "autoUv":false
            },
            "up":{
              "texture":"#material",
              "uv":[
                17.242244720458984,
                21.628933906555176,
                9.565109252929688,
                25.48281717300415
              ],
              "autoUv":false,
              "rotation":90
            },
            "down":{
              "texture":"#material",
              "uv":[
                17.242244720458984,
                25.48281764984131,
                9.565109252929688,
                21.628933906555176
              ],
              "autoUv":false,
              "rotation":90
            }
          },
          "children":[]
        },
        {
          "name":"simple_head 04",
          "from":[
            4.295486301183701,
            -0.02423277497291565,
            -3.645440399646759
          ],
          "to":[
            4.904239803552628,
            0.4950174391269684,
            -0.5322714447975159
          ],
          "rotationOrigin":[
            4.599863052368164,
            0.23539233207702637,
            -2.0888559222221375
          ],
          "rotationY":30.764398040693447,
          "group":"simple_head",
          "faces":{
            "north":{
              "texture":"#material",
              "uv":[
                16.842205047607422,
                12.182754516601562,
                17.716236114501953,
                13.902973175048828
              ],
              "autoUv":false
            },
            "east":{
              "texture":"#material",
              "uv":[
                15.99835205078125,
                16.257755279541016,
                14.715245246887207,
                17.767245292663574
              ],
              "autoUv":false
            },
            "south":{
              "texture":"#material",
              "uv":[
                16.42952537536621,
                16.257755279541016,
                15.99835205078125,
                17.76724624633789
              ],
              "autoUv":false
            },
            "west":{
              "texture":"#material",
              "uv":[
                19.0,
                20.0,
                20.0,
                26.000000476837158
              ],
              "autoUv":false,
              "rotation":270
            },
            "up":{
              "texture":"#material",
              "uv":[
                19.30929183959961,
                25.432981491088867,
                12.255268096923828,
                26.785974502563477
              ],
              "autoUv":false,
              "rotation":90
            },
            "down":{
              "texture":"#material",
              "uv":[
                19.30929183959961,
                26.785974502563477,
                12.255268096923828,
                25.432981491088867
              ],
              "autoUv":false,
              "rotation":90
            }
          },
          "children":[]
        },
        {
          "name":"simple_head 05",
          "from":[
            4.272268176078796,
            -0.02531611919403076,
            -3.4743173718452454
          ],
          "to":[
            4.881021618843079,
            0.4957238435745239,
            -0.3611484169960022
          ],
          "rotationOrigin":[
            4.5766448974609375,
            0.23520386219024658,
            -1.9177328944206238
          ],
          "rotationY":69.88730154989253,
          "group":"simple_head",
          "faces":{
            "north":{
              "texture":"#material",
              "uv":[
                16.842205047607422,
                12.184652328491211,
                17.716236114501953,
                13.901071548461914
              ],
              "autoUv":false
            },
            "east":{
              "texture":"#material",
              "uv":[
                15.99835205078125,
                16.259421348571777,
                14.715245246887207,
                17.76557731628418
              ],
              "autoUv":false
            },
            "south":{
              "texture":"#material",
              "uv":[
                16.42952537536621,
                16.259421348571777,
                15.99835205078125,
                17.765578269958496
              ],
              "autoUv":false
            },
            "west":{
              "texture":"#material",
              "uv":[
                17.999998092651367,
                20.0,
                19.0,
                26.000000476837158
              ],
              "autoUv":false,
              "rotation":270
            },
            "up":{
              "texture":"#material",
              "uv":[
                19.801448822021484,
                26.323606491088867,
                12.20566177368164,
                27.676599502563477
              ],
              "autoUv":false,
              "rotation":90
            },
            "down":{
              "texture":"#material",
              "uv":[
                19.801448822021484,
                27.676599502563477,
                12.20566177368164,
                26.323606491088867
              ],
              "autoUv":false,
              "rotation":90
            }
          },
          "children":[]
        },
        {
          "name":"simple_head 06",
          "from":[
            4.589607119560242,
            -0.02386474609375,
            -3.788122236728668
          ],
          "to":[
            5.198360562324524,
            0.49464941024780273,
            -0.6749537587165833
          ],
          "rotationOrigin":[
            4.893983840942383,
            0.23539233207702637,
            -2.2315379977226257
          ],
          "rotationY":20.56440185496609,
          "group":"simple_head",
          "faces":{
            "north":{
              "texture":"#material",
              "uv":[
                16.269201278686523,
                12.215936660766602,
                17.179288864135742,
                13.869791030883789
              ],
              "autoUv":false
            },
            "east":{
              "texture":"#material",
              "uv":[
                15.818046569824219,
                16.257102966308594,
                14.42719554901123,
                17.767898559570312
              ],
              "autoUv":false
            },
            "south":{
              "texture":"#material",
              "uv":[
                16.106098175048828,
                16.257102966308594,
                15.818046569824219,
                17.767898559570312
              ],
              "autoUv":false
            },
            "west":{
              "texture":"#material",
              "uv":[
                14.71524429321289,
                16.257102966308594,
                16.106098175048828,
                17.767898559570312
              ],
              "autoUv":false
            },
            "up":{
              "texture":"#material",
              "uv":[
                19.260177612304688,
                25.056034564971924,
                12.255268096923828,
                26.418103218078613
              ],
              "autoUv":false,
              "rotation":90
            },
            "down":{
              "texture":"#material",
              "uv":[
                19.260177612304688,
                26.418103218078613,
                12.255268096923828,
                25.056034564971924
              ],
              "autoUv":false,
              "rotation":90
            }
          },
          "children":[]
        },
        {
          "name":"simple_head 07",
          "from":[
            4.410414546728134,
            -0.025032222270965576,
            -3.7705941796302795
          ],
          "to":[
            5.019168049097061,
            0.4959491491317749,
            -0.6574257016181946
          ],
          "rotationOrigin":[
            4.714791297912598,
            0.23520386219024658,
            -2.214009940624237
          ],
          "rotationY":59.687329269827266,
          "group":"simple_head",
          "faces":{
            "north":{
              "texture":"#material",
              "uv":[
                16.269201278686523,
                12.217763900756836,
                17.179288864135742,
                13.867963790893555
              ],
              "autoUv":false
            },
            "east":{
              "texture":"#material",
              "uv":[
                15.818046569824219,
                16.258771896362305,
                14.42719554901123,
                17.7662296295166
              ],
              "autoUv":false
            },
            "south":{
              "texture":"#material",
              "uv":[
                16.106098175048828,
                16.258771896362305,
                15.818046569824219,
                17.7662296295166
              ],
              "autoUv":false
            },
            "west":{
              "texture":"#material",
              "uv":[
                14.71524429321289,
                16.258771896362305,
                16.106098175048828,
                17.7662296295166
              ],
              "autoUv":false
            },
            "up":{
              "texture":"#material",
              "uv":[
                19.851055145263672,
                25.056034564971924,
                12.255268096923828,
                26.418103218078613
              ],
              "autoUv":false,
              "rotation":90
            },
            "down":{
              "texture":"#material",
              "uv":[
                19.851055145263672,
                26.418103218078613,
                12.255268096923828,
                25.056034564971924
              ],
              "autoUv":false,
              "rotation":90
            }
          },
          "children":[]
        },
        {
          "name":"simple_head 08",
          "from":[
            4.720380872488022,
            -0.025704383850097656,
            -3.8608083724975586
          ],
          "to":[
            5.329133898019791,
            0.4964890480041504,
            -2.8423789739608765
          ],
          "rotationOrigin":[
            5.024757385253906,
            0.23539233207702637,
            -3.3515936732292175
          ],
          "rotationY":10.63439792448746,
          "group":"simple_head",
          "faces":{
            "north":{
              "texture":"#material",
              "uv":[
                15.6699857711792,
                12.23651123046875,
                16.597970962524414,
                13.84921646118164
              ],
              "autoUv":false
            },
            "east":{
              "texture":"#material",
              "uv":[
                15.740062713623047,
                16.257755279541016,
                14.286920547485352,
                17.76724624633789
              ],
              "autoUv":false
            },
            "south":{
              "texture":"#material",
              "uv":[
                15.880339622497559,
                16.257755279541016,
                15.740062713623047,
                17.76724624633789
              ],
              "autoUv":false
            },
            "west":{
              "texture":"#material",
              "uv":[
                14.427196502685547,
                16.257755279541016,
                15.880339622497559,
                17.76724624633789
              ],
              "autoUv":false
            },
            "up":{
              "texture":"#material",
              "uv":[
                20.150020599365234,
                25.934982776641846,
                17.86920928955078,
                27.29830837249756
              ],
              "autoUv":false,
              "rotation":90
            },
            "down":{
              "texture":"#material",
              "uv":[
                20.150020599365234,
                27.29830837249756,
                17.86920928955078,
                25.934982776641846
              ],
              "autoUv":false,
              "rotation":90
            }
          },
          "children":[]
        },
        {
          "name":"simple_head 09",
          "from":[
            5.23666940953593,
            -0.025930255651474,
            -3.912414997266847
          ],
          "to":[
            5.84542287562032,
            0.49671491980552673,
            -2.8939856594332873
          ],
          "rotationOrigin":[
            5.541046142578125,
            0.23539233207702637,
            -3.403200328350067
          ],
          "rotationY":0.7744002313502872,
          "group":"simple_head",
          "faces":{
            "north":{
              "texture":"#material",
              "uv":[
                15.05917739868164,
                12.239675521850586,
                15.994626998901367,
                13.846050262451172
              ],
              "autoUv":false
            },
            "east":{
              "texture":"#material",
              "uv":[
                15.769338607788086,
                16.257102966308594,
                14.29747486114502,
                17.76789951324463
              ],
              "autoUv":false
            },
            "south":{
              "texture":"#material",
              "uv":[
                15.758785247802734,
                16.257102966308594,
                15.769338607788086,
                17.76789951324463
              ],
              "autoUv":false
            },
            "west":{
              "texture":"#material",
              "uv":[
                14.286920547485352,
                16.257102966308594,
                15.758785247802734,
                17.767898559570312
              ],
              "autoUv":false
            },
            "up":{
              "texture":"#material",
              "uv":[
                20.408300399780273,
                24.400458335876465,
                18.12672996520996,
                25.76423740386963
              ],
              "autoUv":false,
              "rotation":90
            },
            "down":{
              "texture":"#material",
              "uv":[
                20.408300399780273,
                25.76423740386963,
                18.12672996520996,
                24.400458335876465
              ],
              "autoUv":false,
              "rotation":90
            }
          },
          "children":[]
        },
        {
          "name":"simple_head 10",
          "from":[
            5.7973842322826385,
            -0.025704383850097656,
            -3.894503116607666
          ],
          "to":[
            6.4061374962329865,
            0.4964890480041504,
            -2.876073718070984
          ],
          "rotationOrigin":[
            6.1017608642578125,
            0.23539233207702637,
            -3.385288417339325
          ],
          "rotationY":-4.4655977430350235,
          "group":"simple_head",
          "faces":{
            "north":{
              "texture":"#material",
              "uv":[
                14.450063705444336,
                12.23651123046875,
                15.385040283203125,
                13.84921646118164
              ],
              "autoUv":false
            },
            "east":{
              "texture":"#material",
              "uv":[
                15.852510452270508,
                16.25775718688965,
                14.388425827026367,
                17.76724624633789
              ],
              "autoUv":false
            },
            "south":{
              "texture":"#material",
              "uv":[
                15.761560440063477,
                16.257755279541016,
                15.852510452270508,
                17.76724624633789
              ],
              "autoUv":false
            },
            "west":{
              "texture":"#material",
              "uv":[
                14.29747486114502,
                16.257755279541016,
                15.761560440063477,
                17.76724624633789
              ],
              "autoUv":false
            },
            "up":{
              "texture":"#material",
              "uv":[
                20.533180236816406,
                22.88361644744873,
                18.263652801513672,
                24.240198612213135
              ],
              "autoUv":false,
              "rotation":90
            },
            "down":{
              "texture":"#material",
              "uv":[
                20.533180236816406,
                24.240198612213135,
                18.263652801513672,
                22.88361644744873
              ],
              "autoUv":false,
              "rotation":90
            }
          },
          "children":[]
        },
        {
          "name":"simple_head 11",
          "from":[
            6.152189638735287,
            -0.025751173496246338,
            -3.815510360984149
          ],
          "to":[
            7.03623733270026,
            0.4965358376502991,
            -0.7684486224371767
          ],
          "rotationOrigin":[
            6.594213485717773,
            0.23539233207702637,
            -2.291979491710663
          ],
          "rotationY":-10.635601745328675,
          "group":"simple_head",
          "faces":{
            "north":{
              "texture":"#material",
              "uv":[
                13.509452819824219,
                12.231916427612305,
                14.850455284118652,
                13.853811264038086
              ],
              "autoUv":false
            },
            "east":{
              "texture":"#material",
              "uv":[
                13.0,
                26.0,
                19.0,
                27.0
              ],
              "autoUv":false
            },
            "south":{
              "texture":"#material",
              "uv":[
                18.693870544433594,
                16.257102966308594,
                18.96269989013672,
                17.76789951324463
              ],
              "autoUv":false
            },
            "west":{
              "texture":"#material",
              "uv":[
                14.388423919677734,
                16.257102966308594,
                18.693870544433594,
                17.76789951324463
              ],
              "autoUv":false
            },
            "up":{
              "texture":"#material",
              "uv":[
                19.298046112060547,
                22.031344413757324,
                12.422501564025879,
                24.011759757995605
              ],
              "autoUv":false,
              "rotation":90
            },
            "down":{
              "texture":"#material",
              "uv":[
                19.298046112060547,
                24.011759757995605,
                12.422501564025879,
                22.031344413757324
              ],
              "autoUv":false,
              "rotation":90
            }
          },
          "children":[]
        },
        {
          "name":"simple_head 12",
          "from":[
            3.4801308810710907,
            0.05053652822971344,
            -3.606691226363182
          ],
          "to":[
            4.105827629566193,
            0.42010293900966644,
            -3.2371249347925186
          ],
          "rotationOrigin":[
            3.7929792404174805,
            0.23531973361968994,
            -3.4219080805778503
          ],
          "rotationX":49.31941971354432,
          "rotationY":21.22865824231734,
          "rotationZ":-22.783818891795665,
          "group":"simple_head",
          "faces":{
            "north":{
              "texture":"#material",
              "uv":[
                22.0,
                24.066397666931152,
                23.0,
                25.059252738952637
              ],
              "autoUv":false
            },
            "east":{
              "texture":"#material",
              "uv":[
                3.568913459777832,
                4.878679275512695,
                4.088224411010742,
                7.0
              ],
              "autoUv":false
            },
            "south":{
              "texture":"#material",
              "uv":[
                16.356307983398438,
                16.71114730834961,
                16.499385833740234,
                16.890321731567383
              ],
              "autoUv":false
            },
            "west":{
              "texture":"#material",
              "uv":[
                12.911775588989258,
                4.878679275512695,
                13.431086540222168,
                7.0
              ],
              "autoUv":false
            },
            "up":{
              "texture":"#material",
              "uv":[
                16.31240463256836,
                16.531972885131836,
                16.543289184570312,
                16.71114730834961
              ],
              "autoUv":false
            },
            "down":{
              "texture":"#material",
              "uv":[
                23.0,
                26.052117347717285,
                22.0,
                25.059252738952637
              ],
              "autoUv":false,
              "rotation":180
            }
          },
          "children":[]
        },
        {
          "name":"simple_head 13",
          "from":[
            2.79668390750885,
            0.050348058342933655,
            -2.627556085586548
          ],
          "to":[
            3.422380805015564,
            0.41991423070430756,
            -2.257990002632141
          ],
          "rotationOrigin":[
            3.109532356262207,
            0.2351311445236206,
            -2.4427730441093445
          ],
          "rotationX":71.036112047532,
          "rotationY":41.628698425096246,
          "rotationZ":-62.589012195302125,
          "group":"simple_head",
          "faces":{
            "north":{
              "texture":"#material",
              "uv":[
                22.0,
                24.066397666931152,
                23.0,
                25.059252738952637
              ],
              "autoUv":false
            },
            "east":{
              "texture":"#material",
              "uv":[
                3.568913459777832,
                4.878679275512695,
                4.088224411010742,
                7.0
              ],
              "autoUv":false
            },
            "south":{
              "texture":"#material",
              "uv":[
                16.356307983398438,
                16.71114730834961,
                16.499385833740234,
                16.890321731567383
              ],
              "autoUv":false
            },
            "west":{
              "texture":"#material",
              "uv":[
                19.0,
                26.000000476837158,
                20.0,
                27.0
              ],
              "autoUv":false
            },
            "up":{
              "texture":"#material",
              "uv":[
                16.31240463256836,
                16.531972885131836,
                16.543289184570312,
                16.71114730834961
              ],
              "autoUv":false
            },
            "down":{
              "texture":"#material",
              "uv":[
                23.0,
                26.052117347717285,
                22.0,
                25.059252738952637
              ],
              "autoUv":false,
              "rotation":180
            }
          },
          "children":[]
        },
        {
          "name":"simple_head 14",
          "from":[
            3.993800163269043,
            0.05053223669528961,
            -3.8649522552023257
          ],
          "to":[
            4.652312248945236,
            0.4200984090566635,
            -3.495385359810797
          ],
          "rotationOrigin":[
            4.323056221008301,
            0.23531532287597656,
            -3.6801688075065613
          ],
          "rotationX":46.86355006538536,
          "rotationY":14.383760259926968,
          "rotationZ":-14.858407180824079,
          "group":"simple_head",
          "faces":{
            "north":{
              "texture":"#material",
              "uv":[
                20.999998092651367,
                24.066397666931152,
                22.0,
                25.059252738952637
              ],
              "autoUv":false
            },
            "east":{
              "texture":"#material",
              "uv":[
                3.568913221359253,
                4.878679275512695,
                4.088225364685059,
                7.0
              ],
              "autoUv":false
            },
            "south":{
              "texture":"#material",
              "uv":[
                16.512596130371094,
                16.71114730834961,
                16.696578979492188,
                16.890321731567383
              ],
              "autoUv":false
            },
            "west":{
              "texture":"#material",
              "uv":[
                12.911775588989258,
                4.878679275512695,
                13.431086540222168,
                7.0
              ],
              "autoUv":false
            },
            "up":{
              "texture":"#material",
              "uv":[
                16.48326873779297,
                16.531972885131836,
                16.725908279418945,
                16.71114730834961
              ],
              "autoUv":false
            },
            "down":{
              "texture":"#material",
              "uv":[
                22.0,
                26.052117347717285,
                20.999998092651367,
                25.059252738952637
              ],
              "autoUv":false,
              "rotation":180
            }
          },
          "children":[]
        },
        {
          "name":"simple_head 15",
          "from":[
            3.0285474359989166,
            0.050344109535217285,
            -3.162383258342743
          ],
          "to":[
            3.6870592832565308,
            0.4199100732803345,
            -2.7928163409233093
          ],
          "rotationOrigin":[
            3.3578033447265625,
            0.23512709140777588,
            -2.977599799633026
          ],
          "rotationX":63.19941254104783,
          "rotationY":37.63468042113417,
          "rotationZ":-50.40971939565887,
          "group":"simple_head",
          "faces":{
            "north":{
              "texture":"#material",
              "uv":[
                20.999998092651367,
                24.066397666931152,
                22.0,
                25.059252738952637
              ],
              "autoUv":false
            },
            "east":{
              "texture":"#material",
              "uv":[
                3.568913221359253,
                4.878679275512695,
                4.088225364685059,
                7.0
              ],
              "autoUv":false
            },
            "south":{
              "texture":"#material",
              "uv":[
                16.512596130371094,
                16.71114730834961,
                16.696578979492188,
                16.890321731567383
              ],
              "autoUv":false
            },
            "west":{
              "texture":"#material",
              "uv":[
                12.911775588989258,
                4.878679275512695,
                13.431086540222168,
                7.0
              ],
              "autoUv":false
            },
            "up":{
              "texture":"#material",
              "uv":[
                16.48326873779297,
                16.531972885131836,
                16.725908279418945,
                16.71114730834961
              ],
              "autoUv":false
            },
            "down":{
              "texture":"#material",
              "uv":[
                22.0,
                26.052117347717285,
                20.999998092651367,
                25.059252738952637
              ],
              "autoUv":false,
              "rotation":180
            }
          },
          "children":[]
        },
        {
          "name":"simple_head 16",
          "from":[
            4.573175609111786,
            0.05057660846611434,
            -4.031956657767296
          ],
          "to":[
            5.23528653383255,
            0.4201434442530019,
            -3.6623910814523697
          ],
          "rotationOrigin":[
            4.904231071472168,
            0.2353600263595581,
            -3.8471738696098328
          ],
          "rotationX":45.487786042004714,
          "rotationY":7.497826501003157,
          "rotationZ":-7.560911835724688,
          "group":"simple_head",
          "faces":{
            "north":{
              "texture":"#material",
              "uv":[
                20.0,
                24.066397666931152,
                20.999998092651367,
                25.059264183044434
              ],
              "autoUv":false
            },
            "east":{
              "texture":"#material",
              "uv":[
                3.568913459777832,
                4.87867546081543,
                4.088223457336426,
                7.0
              ],
              "autoUv":false
            },
            "south":{
              "texture":"#material",
              "uv":[
                16.69280242919922,
                16.71114730834961,
                16.902603149414062,
                16.890321731567383
              ],
              "autoUv":false
            },
            "west":{
              "texture":"#material",
              "uv":[
                12.91177749633789,
                4.87867546081543,
                13.431086540222168,
                7.0
              ],
              "autoUv":false
            },
            "up":{
              "texture":"#material",
              "uv":[
                16.67852020263672,
                16.531972885131836,
                16.916885375976562,
                16.71114730834961
              ],
              "autoUv":false
            },
            "down":{
              "texture":"#material",
              "uv":[
                20.999998092651367,
                26.052117347717285,
                20.0,
                25.059264183044434
              ],
              "autoUv":false,
              "rotation":180
            }
          },
          "children":[]
        },
        {
          "name":"simple_head 17",
          "from":[
            5.177750259637833,
            0.050601135777426975,
            -4.096854850649834
          ],
          "to":[
            5.838263839483261,
            0.42016755433182595,
            -3.727288916707039
          ],
          "rotationOrigin":[
            5.508007049560547,
            0.23538434505462646,
            -3.9120718836784363
          ],
          "rotationX":45.00068427115608,
          "rotationY":0.5555128388537712,
          "rotationZ":-0.5554805021769195,
          "group":"simple_head",
          "faces":{
            "north":{
              "texture":"#material",
              "uv":[
                19.0,
                24.066397666931152,
                20.0,
                25.059264183044434
              ],
              "autoUv":false
            },
            "east":{
              "texture":"#material",
              "uv":[
                3.568913459777832,
                4.878679275512695,
                4.088224411010742,
                7.0
              ],
              "autoUv":false
            },
            "south":{
              "texture":"#material",
              "uv":[
                16.883785247802734,
                16.71114730834961,
                17.111282348632812,
                16.890321731567383
              ],
              "autoUv":false
            },
            "west":{
              "texture":"#material",
              "uv":[
                12.911776542663574,
                4.878679275512695,
                13.431086540222168,
                7.0
              ],
              "autoUv":false
            },
            "up":{
              "texture":"#material",
              "uv":[
                16.884859085083008,
                16.531972885131836,
                17.110206604003906,
                16.71114730834961
              ],
              "autoUv":false
            },
            "down":{
              "texture":"#material",
              "uv":[
                20.0,
                26.052117347717285,
                19.0,
                25.059264183044434
              ],
              "autoUv":false,
              "rotation":180
            }
          },
          "children":[]
        },
        {
          "name":"simple_head 18",
          "from":[
            5.8106798231601715,
            0.05059468746185303,
            -4.078656662417455
          ],
          "to":[
            6.446117967367172,
            0.4201611280441284,
            -3.7090901246537733
          ],
          "rotationOrigin":[
            6.128398895263672,
            0.23537790775299072,
            -3.893873393535614
          ],
          "rotationX":45.08337737143743,
          "rotationY":-3.156600739781954,
          "rotationZ":3.160292243584934,
          "group":"simple_head",
          "faces":{
            "north":{
              "texture":"#material",
              "uv":[
                18.0,
                24.066397666931152,
                19.0,
                25.059252738952637
              ],
              "autoUv":false
            },
            "east":{
              "texture":"#material",
              "uv":[
                3.568913459777832,
                4.878679275512695,
                4.0882248878479,
                7.0
              ],
              "autoUv":false
            },
            "south":{
              "texture":"#material",
              "uv":[
                17.09292221069336,
                16.71114730834961,
                17.318857192993164,
                16.890321731567383
              ],
              "autoUv":false
            },
            "west":{
              "texture":"#material",
              "uv":[
                12.911775588989258,
                4.878679275512695,
                13.431086540222168,
                7.0
              ],
              "autoUv":false
            },
            "up":{
              "texture":"#material",
              "uv":[
                17.102182388305664,
                16.531972885131836,
                17.30959701538086,
                16.71114730834961
              ],
              "autoUv":false
            },
            "down":{
              "texture":"#material",
              "uv":[
                19.0,
                26.052117347717285,
                18.0,
                25.059252738952637
              ],
              "autoUv":false,
              "rotation":180
            }
          },
          "children":[]
        },
        {
          "name":"simple_head 19",
          "from":[
            6.405387786392232,
            0.05077250301837921,
            -3.9752004146575928
          ],
          "to":[
            7.317516418930033,
            0.42033855617046356,
            -3.6056333780288696
          ],
          "rotationOrigin":[
            6.861452102661133,
            0.2355555295944214,
            -3.790416896343231
          ],
          "rotationX":45.49235202346487,
          "rotationY":-7.524747691616763,
          "rotationZ":7.593965682439318,
          "group":"simple_head",
          "faces":{
            "north":{
              "texture":"#material",
              "uv":[
                17.0,
                24.066397666931152,
                18.0,
                25.059252738952637
              ],
              "autoUv":false
            },
            "east":{
              "texture":"#material",
              "uv":[
                18.004560470581055,
                26.0,
                19.97858428955078,
                27.0
              ],
              "autoUv":false
            },
            "south":{
              "texture":"#material",
              "uv":[
                17.28907012939453,
                16.71114730834961,
                17.613616943359375,
                16.890321731567383
              ],
              "autoUv":false
            },
            "west":{
              "texture":"#material",
              "uv":[
                15.76239013671875,
                4.878683090209961,
                16.281702041625977,
                6.999996185302734
              ],
              "autoUv":false
            },
            "up":{
              "texture":"#material",
              "uv":[
                17.307918548583984,
                16.531972885131836,
                17.594768524169922,
                16.71114730834961
              ],
              "autoUv":false
            },
            "down":{
              "texture":"#material",
              "uv":[
                18.0,
                26.052117347717285,
                17.0,
                25.059252738952637
              ],
              "autoUv":false,
              "rotation":180
            }
          },
          "children":[]
        },
        {
          "name":"simple_head 20",
          "from":[
            5.618257820606232,
            -0.09578574536244489,
            1.7664474546909332
          ],
          "to":[
            6.301126211881638,
            1.6248806798259459,
            2.269530564546585
          ],
          "rotationOrigin":[
            5.959692001342773,
            0.7645474672317505,
            2.0179889798164368
          ],
          "rotationX":112.49337955465009,
          "rotationY":-0.5603577374919846,
          "rotationZ":-91.3529263752743,
          "group":"simple_head",
          "faces":{
            "north":{
              "texture":"#material",
              "uv":[
                11.0,
                22.000239372253418,
                13.0,
                26.00185251235962
              ],
              "autoUv":false
            },
            "east":{
              "texture":"#material",
              "uv":[
                29.16748809814453,
                10.757453918457031,
                29.1674861907959,
                14.983816146850586
              ],
              "autoUv":false,
              "rotation":180
            },
            "south":{
              "texture":"#material",
              "uv":[
                29.16748809814453,
                10.757452011108398,
                28.071746826171875,
                14.983816146850586
              ],
              "autoUv":false,
              "rotation":180
            },
            "west":{
              "texture":"#material",
              "uv":[
                28.071746826171875,
                10.757453918457031,
                28.071746826171875,
                14.983816146850586
              ],
              "autoUv":false,
              "rotation":270
            },
            "up":{
              "texture":"#material",
              "uv":[
                28.071746826171875,
                14.987503051757812,
                29.1674861907959,
                14.987503051757812
              ],
              "autoUv":false
            },
            "down":{
              "texture":"#material",
              "uv":[
                29.1674861907959,
                8.54196548461914,
                28.071746826171875,
                8.541963577270508
              ],
              "autoUv":false
            }
          },
          "children":[]
        },
        {
          "name":"simple_head 21",
          "from":[
            5.10577683817354,
            0.1131410002708435,
            2.0763133764266968
          ],
          "to":[
            6.829445787558882,
            0.7960096001625061,
            2.5793964862823486
          ],
          "rotationOrigin":[
            5.967611312866211,
            0.4545753002166748,
            2.3278549313545227
          ],
          "rotationX":157.49338422198375,
          "rotationY":-1.3529323018108825,
          "rotationZ":-0.5604878312513322,
          "group":"simple_head",
          "faces":{
            "north":{
              "texture":"#material",
              "uv":[
                13.0,
                21.996875762939453,
                14.0,
                26.005216121673584
              ],
              "autoUv":false,
              "rotation":270
            },
            "east":{
              "texture":"#material",
              "uv":[
                24.42929458618164,
                14.987497329711914,
                25.525033950805664,
                14.987499237060547
              ],
              "autoUv":false,
              "rotation":180
            },
            "south":{
              "texture":"#material",
              "uv":[
                25.525033950805664,
                10.753761291503906,
                24.42929458618164,
                14.987497329711914
              ],
              "autoUv":false,
              "rotation":270
            },
            "west":{
              "texture":"#material",
              "uv":[
                24.42929458618164,
                8.541959762573242,
                25.525033950805664,
                8.541959762573242
              ],
              "autoUv":false,
              "rotation":180
            },
            "up":{
              "texture":"#material",
              "uv":[
                24.42929458618164,
                10.753761291503906,
                24.42929458618164,
                14.987499237060547
              ],
              "autoUv":false
            },
            "down":{
              "texture":"#material",
              "uv":[
                25.525033950805664,
                14.987497329711914,
                25.525033950805664,
                10.753759384155273
              ],
              "autoUv":false
            }
          },
          "children":[]
        },
        {
          "name":"simple_head 22",
          "from":[
            5.1014244556427,
            -0.6351973116397858,
            1.7664454877376556
          ],
          "to":[
            6.817955732345581,
            0.04767102003097534,
            2.26952862739563
          ],
          "rotationOrigin":[
            5.959690093994141,
            -0.293763130903244,
            2.017987072467804
          ],
          "rotationX":67.50661862411708,
          "rotationY":0.56032534745428,
          "rotationZ":-1.353006259952989,
          "group":"simple_head",
          "faces":{
            "north":{
              "texture":"#material",
              "uv":[
                18.11711883544922,
                10.762523651123047,
                17.021381378173828,
                14.978729248046875
              ],
              "autoUv":false,
              "rotation":90
            },
            "east":{
              "texture":"#material",
              "uv":[
                17.021379470825195,
                14.987495422363281,
                18.11711883544922,
                14.987497329711914
              ],
              "autoUv":false,
              "rotation":270
            },
            "south":{
              "texture":"#material",
              "uv":[
                13.0,
                22.004871368408203,
                11.0,
                25.997219562530518
              ],
              "autoUv":false,
              "rotation":90
            },
            "west":{
              "texture":"#material",
              "uv":[
                17.021379470825195,
                8.54195785522461,
                18.11711883544922,
                8.541959762573242
              ],
              "autoUv":false,
              "rotation":270
            },
            "up":{
              "texture":"#material",
              "uv":[
                18.11711883544922,
                10.762527465820312,
                18.11711883544922,
                14.978729248046875
              ],
              "autoUv":false
            },
            "down":{
              "texture":"#material",
              "uv":[
                17.021381378173828,
                14.978727340698242,
                17.021379470825195,
                10.762523651123047
              ],
              "autoUv":false,
              "rotation":270
            }
          },
          "children":[]
        },
        {
          "name":"simple_head 23",
          "from":[
            5.107278040667374,
            -0.32522547245025635,
            2.0763133764266968
          ],
          "to":[
            6.827944525460406,
            0.3576430082321167,
            2.5793964862823486
          ],
          "rotationOrigin":[
            5.967611312866211,
            0.016208767890930176,
            2.3278549313545227
          ],
          "rotationX":22.506627617161747,
          "rotationY":1.352900818907677,
          "rotationZ":-0.5605282254169704,
          "group":"simple_head",
          "faces":{
            "north":{
              "texture":"#material",
              "uv":[
                21.75956153869629,
                10.7574462890625,
                20.663820266723633,
                14.983808517456055
              ],
              "autoUv":false,
              "rotation":90
            },
            "east":{
              "texture":"#material",
              "uv":[
                20.663820266723633,
                14.987495422363281,
                21.75956153869629,
                14.987497329711914
              ],
              "autoUv":false
            },
            "south":{
              "texture":"#material",
              "uv":[
                14.0,
                22.000239372253418,
                13.0,
                26.00185251235962
              ],
              "autoUv":false,
              "rotation":90
            },
            "west":{
              "texture":"#material",
              "uv":[
                20.663820266723633,
                8.54195785522461,
                21.75956153869629,
                8.54195785522461
              ],
              "autoUv":false
            },
            "up":{
              "texture":"#material",
              "uv":[
                21.75956153869629,
                10.7574462890625,
                21.759559631347656,
                14.983808517456055
              ],
              "autoUv":false,
              "rotation":270
            },
            "down":{
              "texture":"#material",
              "uv":[
                20.663820266723633,
                14.983810424804688,
                20.663820266723633,
                10.7574462890625
              ],
              "autoUv":false
            }
          },
          "children":[]
        },
        {
          "name":"simple_head 24",
          "from":[
            5.069903186669038,
            -0.6568182706832886,
            0.05008011308541782
          ],
          "to":[
            6.793572612891509,
            1.1276029348373413,
            1.799156971303315
          ],
          "rotationOrigin":[
            5.931737899780273,
            0.23539233207702637,
            0.9246185421943665
          ],
          "rotationY":1.4643993882399038,
          "group":"simple_head",
          "faces":{
            "north":{
              "texture":"#material",
              "uv":[
                14.0,
                6.0,
                17.284238815307617,
                9.0
              ],
              "autoUv":false
            },
            "east":{
              "texture":"#material",
              "uv":[
                7.662973403930664,
                24.71394634246826,
                11.476205825805664,
                28.604240894317627
              ],
              "autoUv":false
            },
            "south":{
              "texture":"#material",
              "uv":[
                18.715761184692383,
                13.0,
                22.0,
                16.0
              ],
              "autoUv":false
            },
            "west":{
              "texture":"#material",
              "uv":[
                11.476205825805664,
                24.71394634246826,
                7.662973403930664,
                28.60423994064331
              ],
              "autoUv":false
            },
            "up":{
              "texture":"#material",
              "uv":[
                11.0,
                21.996875762939453,
                6.999999523162842,
                26.005216121673584
              ],
              "autoUv":false,
              "rotation":90
            },
            "down":{
              "texture":"#material",
              "uv":[
                11.0,
                26.005216121673584,
                6.999999523162842,
                21.996875762939453
              ],
              "autoUv":false,
              "rotation":90
            }
          },
          "children":[]
        },
        {
          "name":"simple_head 25",
          "from":[
            3.881212055683136,
            -0.26627737283706665,
            1.9277625977993011
          ],
          "to":[
            5.472250163555145,
            0.7370613217353821,
            2.4106826931238174
          ],
          "rotationOrigin":[
            4.676731109619141,
            0.23539197444915771,
            2.16922265291214
          ],
          "rotationY":-6.830189170012751e-06,
          "group":"simple_head",
          "faces":{
            "north":{
              "texture":"#material",
              "uv":[
                8.0,
                6.0,
                10.0,
                8.999998092651367
              ],
              "autoUv":false
            },
            "east":{
              "texture":"#material",
              "uv":[
                13.00739860534668,
                13.0,
                11.999999046325684,
                16.0
              ],
              "autoUv":false
            },
            "south":{
              "texture":"#material",
              "uv":[
                5.0,
                22.0,
                7.0,
                25.0
              ],
              "autoUv":false
            },
            "west":{
              "texture":"#material",
              "uv":[
                11.999999046325684,
                13.0,
                13.00739860534668,
                16.0
              ],
              "autoUv":false
            },
            "up":{
              "texture":"#material",
              "uv":[
                11.999999046325684,
                11.0,
                12.992597579956055,
                15.0
              ],
              "autoUv":false,
              "rotation":90
            },
            "down":{
              "texture":"#material",
              "uv":[
                11.999999046325684,
                15.0,
                12.992597579956055,
                11.0
              ],
              "autoUv":false,
              "rotation":90
            }
          },
          "children":[]
        }
      ]
    }
  ],
  "groups":[]
}