{
	"editor": {
		"allAngles": false,
		"entityTextureMode": false
	},
	"textureWidth": 16,
	"textureHeight": 16,
	"textureSizes": {
	},
	"textures": {
		"corn2": "pemmican:block/plant/crop/corn/corn2",
		"corn1": "pemmican:block/plant/crop/corn/corn1"
	},
	"elements": [
		{
			"name": "origin",
			"from": [ 8.0, 0.0, 8.0 ], 
			"to": [ 8.0, 0.0, 8.0 ], 
			"rotationOrigin": [ 8.0, 0.0, 8.0 ],
			"faces": {
				"north": { "texture": "#corn1", "uv": [ 0.0, 0.0, 0.5, 0.5 ], "enabled": false },
				"east": { "texture": "#corn1", "uv": [ 0.0, 0.0, 0.5, 0.5 ], "enabled": false },
				"south": { "texture": "#corn1", "uv": [ 0.0, 0.0, 0.5, 0.5 ], "enabled": false },
				"west": { "texture": "#corn1", "uv": [ 0.0, 0.0, 0.5, 0.5 ], "enabled": false },
				"up": { "texture": "#corn1", "uv": [ 0.0, 0.0, 0.5, 0.5 ], "enabled": false },
				"down": { "texture": "#corn1", "uv": [ 0.0, 0.0, 0.5, 0.5 ], "enabled": false }
			},
			"children": [
				{
					"name": "stemdown",
					"from": [ -4.5, -0.1, -4.5 ], 
					"to": [ -3.7, 10.9, -3.7 ], 
					"rotationOrigin": [ -4.0, -0.1, -4.0 ],
					"rotationY": -45.0,
					"faces": {
						"north": { "texture": "#corn1", "uv": [ 0.0, 0.0, 0.5, 11.0 ], "windMode": [0,4,4,0] },
						"east": { "texture": "#corn1", "uv": [ 0.0, 0.0, 0.5, 11.0 ], "windMode": [0,4,4,0] },
						"south": { "texture": "#corn1", "uv": [ 1.0, 0.0, 1.5, 11.0 ], "windMode": [0,0,4,4] },
						"west": { "texture": "#corn1", "uv": [ 0.0, 0.0, 0.5, 11.0 ], "windMode": [0,0,4,4] },
						"up": { "texture": "#corn1", "uv": [ 0.0, 0.0, 0.5, 0.5 ], "windMode": [4,4,4,4] },
						"down": { "texture": "#corn1", "uv": [ 0.5, 14.5, 1.0, 15.0 ], "windMode": [0,0,0,0] }
					},
					"children": [
						{
							"name": "Leaf1",
							"from": [ -0.7, 5.0, -10.2 ], 
							"to": [ 1.3, 5.0, 0.3 ], 
							"shade": false,
							"renderPass": 2,
							"rotationOrigin": [ -0.5, 5.0, 0.0 ],
							"rotationX": 67.5,
							"faces": {
								"north": { "texture": "#corn1", "uv": [ 0.0, 0.0, 2.0, 0.5 ], "enabled": false },
								"east": { "texture": "#corn1", "uv": [ 0.0, 0.0, 10.5, 0.5 ], "enabled": false },
								"south": { "texture": "#corn1", "uv": [ 0.0, 0.0, 2.0, 0.5 ], "enabled": false },
								"west": { "texture": "#corn1", "uv": [ 0.0, 0.0, 10.5, 0.5 ], "enabled": false },
								"up": { "texture": "#corn1", "uv": [ 12.0, 5.5, 14.0, 16.0 ], "windMode": [1,4,4,1] },
								"down": { "texture": "#null", "uv": [ 10.5, 12.5, 12.5, 23.0 ], "enabled": false, "windMode": [1,1,4,4] }
							}
						},
						{
							"name": "Leaf2",
							"from": [ -1.7, 7.0, -6.4 ], 
							"to": [ 0.3, 7.0, 1.6 ], 
							"shade": false,
							"renderPass": 2,
							"rotationOrigin": [ -0.5, 7.0, 0.5 ],
							"rotationX": 90.0,
							"rotationY": 29.0,
							"rotationZ": 90.0,
							"faces": {
								"north": { "texture": "#corn2", "uv": [ 0.0, 0.0, 2.0, 0.5 ], "enabled": false },
								"east": { "texture": "#corn2", "uv": [ 0.0, 0.0, 8.0, 0.5 ], "enabled": false },
								"south": { "texture": "#corn2", "uv": [ 0.0, 0.0, 2.0, 0.5 ], "enabled": false },
								"west": { "texture": "#corn2", "uv": [ 0.0, 0.0, 8.0, 0.5 ], "enabled": false },
								"up": { "texture": "#corn2", "uv": [ 6.0, 8.0, 8.0, 16.0 ], "windMode": [1,4,4,1] },
								"down": { "texture": "#corn2", "uv": [ 10.5, 12.5, 12.5, 20.5 ], "enabled": false, "windMode": [1,1,4,4] }
							}
						},
						{
							"name": "Leaf3",
							"from": [ -2.3, 2.0, -11.9 ], 
							"to": [ -0.3, 2.0, -1.4 ], 
							"shade": false,
							"renderPass": 2,
							"rotationOrigin": [ -0.5, 2.0, 0.0 ],
							"rotationX": -67.5,
							"rotationY": -180.0,
							"faces": {
								"north": { "texture": "#corn1", "uv": [ 0.0, 0.0, 2.0, 0.5 ], "enabled": false },
								"east": { "texture": "#corn1", "uv": [ 0.0, 0.0, 10.5, 0.5 ], "enabled": false },
								"south": { "texture": "#corn1", "uv": [ 0.0, 0.0, 2.0, 0.5 ], "enabled": false },
								"west": { "texture": "#corn1", "uv": [ 0.0, 0.0, 10.5, 0.5 ], "enabled": false },
								"up": { "texture": "#corn1", "uv": [ 12.0, 5.5, 14.0, 16.0 ], "windMode": [1,4,4,1] },
								"down": { "texture": "#null", "uv": [ 10.5, 12.5, 12.5, 23.0 ], "enabled": false, "windMode": [1,1,4,4] }
							}
						},
						{
							"name": "Leaf4",
							"from": [ -1.1, 8.0, -6.8 ], 
							"to": [ 0.9, 8.0, 1.2 ], 
							"shade": false,
							"renderPass": 2,
							"rotationOrigin": [ -0.5, 8.0, 0.5 ],
							"rotationX": -67.5,
							"rotationY": 157.5,
							"rotationZ": -135.0,
							"faces": {
								"north": { "texture": "#corn2", "uv": [ 0.0, 0.0, 2.0, 0.5 ], "enabled": false },
								"east": { "texture": "#corn2", "uv": [ 0.0, 0.0, 8.0, 0.5 ], "enabled": false },
								"south": { "texture": "#corn2", "uv": [ 0.0, 0.0, 2.0, 0.5 ], "enabled": false },
								"west": { "texture": "#corn2", "uv": [ 0.0, 0.0, 8.0, 0.5 ], "enabled": false },
								"up": { "texture": "#corn2", "uv": [ 6.0, 8.0, 8.0, 16.0 ], "windMode": [1,4,4,1] },
								"down": { "texture": "#corn2", "uv": [ 10.5, 12.5, 12.5, 20.5 ], "enabled": false, "windMode": [1,1,4,4] }
							}
						},
						{
							"name": "Leaf5",
							"from": [ -0.6, 9.0, -7.5 ], 
							"to": [ 1.4, 9.0, 0.5 ], 
							"shade": false,
							"renderPass": 2,
							"rotationOrigin": [ 0.5, 9.0, 0.5 ],
							"rotationX": -80.0,
							"rotationY": -150.0,
							"rotationZ": -67.5,
							"faces": {
								"north": { "texture": "#corn2", "uv": [ 0.0, 0.0, 2.0, 0.5 ], "enabled": false },
								"east": { "texture": "#corn2", "uv": [ 0.0, 0.0, 8.0, 0.5 ], "enabled": false },
								"south": { "texture": "#corn2", "uv": [ 0.0, 0.0, 2.0, 0.5 ], "enabled": false },
								"west": { "texture": "#corn2", "uv": [ 0.0, 0.0, 8.0, 0.5 ], "enabled": false },
								"up": { "texture": "#corn2", "uv": [ 8.5, 6.0, 10.5, 14.0 ], "windMode": [1,4,4,1] },
								"down": { "texture": "#corn2", "uv": [ 11.0, 12.5, 13.0, 20.5 ], "enabled": false, "windMode": [1,1,4,4] }
							}
						},
						{
							"name": "Tuft1",
							"from": [ -1.5, 10.6, -5.7 ], 
							"to": [ 3.0, 10.6, 0.8 ], 
							"shade": false,
							"renderPass": 2,
							"rotationOrigin": [ 0.5, 10.6, 0.6 ],
							"rotationX": 90.0,
							"rotationZ": -119.0,
							"faces": {
								"north": { "texture": "#corn2", "uv": [ 0.0, 0.0, 4.5, 0.5 ], "enabled": false },
								"east": { "texture": "#corn2", "uv": [ 0.0, 0.0, 6.5, 0.5 ], "enabled": false },
								"south": { "texture": "#corn2", "uv": [ 0.0, 0.0, 4.5, 0.5 ], "enabled": false },
								"west": { "texture": "#corn2", "uv": [ 0.0, 0.0, 6.5, 0.5 ], "enabled": false },
								"up": { "texture": "#corn2", "uv": [ 0.0, 7.0, 4.5, 13.5 ], "windMode": [1,4,4,1], "windData": [1,0,0,1] },
								"down": { "texture": "#corn2", "uv": [ 4.5, 6.5, 9.0, 13.0 ], "enabled": false, "windMode": [1,1,4,4] }
							}
						},
						{
							"name": "Tuft2",
							"from": [ -1.8, 10.35, -5.7 ], 
							"to": [ 2.7, 10.35, 0.8 ], 
							"shade": false,
							"renderPass": 2,
							"rotationOrigin": [ 0.5, 10.6, 0.6 ],
							"rotationX": 90.0,
							"rotationZ": -22.5,
							"faces": {
								"north": { "texture": "#corn2", "uv": [ 0.0, 0.0, 4.5, 0.5 ], "enabled": false },
								"east": { "texture": "#corn2", "uv": [ 0.0, 0.0, 6.5, 0.5 ], "enabled": false },
								"south": { "texture": "#corn2", "uv": [ 0.0, 0.0, 4.5, 0.5 ], "enabled": false },
								"west": { "texture": "#corn2", "uv": [ 0.0, 0.0, 6.5, 0.5 ], "enabled": false },
								"up": { "texture": "#corn2", "uv": [ 0.0, 7.0, 4.5, 13.5 ], "windMode": [1,4,4,1], "windData": [1,0,0,1] },
								"down": { "texture": "#corn2", "uv": [ 4.5, 6.5, 9.0, 13.0 ], "enabled": false }
							}
						}
					]
				},
				{
					"name": "stemdown15",
					"from": [ 4.5, -0.3, -4.5 ], 
					"to": [ 5.3, 9.7, -3.7 ], 
					"rotationOrigin": [ 5.0, -0.3, -4.0 ],
					"rotationX": 1.0,
					"rotationY": -42.0,
					"faces": {
						"north": { "texture": "#corn1", "uv": [ 0.0, 0.0, 0.5, 10.0 ], "windMode": [0,4,4,0] },
						"east": { "texture": "#corn1", "uv": [ 0.0, 0.0, 0.5, 10.0 ], "windMode": [0,4,4,0] },
						"south": { "texture": "#corn1", "uv": [ 0.0, 0.0, 0.5, 10.0 ], "windMode": [0,0,4,4] },
						"west": { "texture": "#corn1", "uv": [ 0.0, 0.0, 0.5, 10.0 ], "windMode": [0,0,4,4] },
						"up": { "texture": "#corn1", "uv": [ 0.0, 0.0, 0.5, 0.5 ], "windMode": [4,4,4,4] },
						"down": { "texture": "#corn1", "uv": [ 0.5, 14.5, 1.0, 15.0 ], "windMode": [0,0,0,0] }
					},
					"children": [
						{
							"name": "Leaf22",
							"from": [ -0.5, 3.0, -10.5 ], 
							"to": [ 1.5, 3.0, 0.0 ], 
							"shade": false,
							"renderPass": 2,
							"rotationOrigin": [ 0.5, 3.0, 0.0 ],
							"rotationX": 60.0,
							"rotationY": 1.0,
							"rotationZ": 19.0,
							"faces": {
								"north": { "texture": "#corn1", "uv": [ 0.0, 0.0, 2.0, 0.5 ], "enabled": false },
								"east": { "texture": "#corn1", "uv": [ 0.0, 0.0, 10.5, 0.5 ], "enabled": false },
								"south": { "texture": "#corn1", "uv": [ 0.0, 0.0, 2.0, 0.5 ], "enabled": false },
								"west": { "texture": "#corn1", "uv": [ 0.0, 0.0, 10.5, 0.5 ], "enabled": false },
								"up": { "texture": "#corn1", "uv": [ 12.0, 5.5, 14.0, 16.0 ], "windMode": [1,4,4,1] },
								"down": { "texture": "#null", "uv": [ 10.5, 12.5, 12.5, 23.0 ], "enabled": false, "windMode": [1,1,4,4] }
							}
						},
						{
							"name": "Leaf23",
							"from": [ -0.4, 6.0, -7.9 ], 
							"to": [ 1.6, 6.0, 0.1 ], 
							"shade": false,
							"renderPass": 2,
							"rotationOrigin": [ 0.5, 6.0, 0.5 ],
							"rotationX": 90.0,
							"rotationY": 35.0,
							"rotationZ": -90.0,
							"faces": {
								"north": { "texture": "#corn2", "uv": [ 0.0, 0.0, 2.0, 0.5 ], "enabled": false },
								"east": { "texture": "#corn2", "uv": [ 0.0, 0.0, 8.0, 0.5 ], "enabled": false },
								"south": { "texture": "#corn2", "uv": [ 0.0, 0.0, 2.0, 0.5 ], "enabled": false },
								"west": { "texture": "#corn2", "uv": [ 0.0, 0.0, 8.0, 0.5 ], "enabled": false },
								"up": { "texture": "#corn2", "uv": [ 6.0, 8.0, 8.0, 16.0 ], "windMode": [1,4,4,1] },
								"down": { "texture": "#corn2", "uv": [ 10.5, 12.5, 12.5, 20.5 ], "enabled": false, "windMode": [1,1,4,4] }
							}
						},
						{
							"name": "Leaf24",
							"from": [ -0.4, 2.0, -8.9 ], 
							"to": [ 1.6, 2.0, 1.6 ], 
							"shade": false,
							"renderPass": 2,
							"rotationOrigin": [ 0.5, 2.0, 1.0 ],
							"rotationX": -67.5,
							"rotationY": -180.0,
							"faces": {
								"north": { "texture": "#corn1", "uv": [ 0.0, 0.0, 2.0, 0.5 ], "enabled": false },
								"east": { "texture": "#corn1", "uv": [ 0.0, 0.0, 10.5, 0.5 ], "enabled": false },
								"south": { "texture": "#corn1", "uv": [ 0.0, 0.0, 2.0, 0.5 ], "enabled": false },
								"west": { "texture": "#corn1", "uv": [ 0.0, 0.0, 10.5, 0.5 ], "enabled": false },
								"up": { "texture": "#corn1", "uv": [ 12.0, 5.5, 14.0, 16.0 ], "windMode": [1,4,4,1] },
								"down": { "texture": "#null", "uv": [ 10.5, 12.5, 12.5, 23.0 ], "enabled": false, "windMode": [1,1,4,4] }
							}
						},
						{
							"name": "Leaf25",
							"from": [ -0.5, 8.0, -7.5 ], 
							"to": [ 1.5, 8.0, 0.5 ], 
							"shade": false,
							"renderPass": 2,
							"rotationOrigin": [ 0.5, 8.0, 0.5 ],
							"rotationX": -60.0,
							"rotationY": 163.0,
							"faces": {
								"north": { "texture": "#corn2", "uv": [ 0.0, 0.0, 2.0, 0.5 ], "enabled": false },
								"east": { "texture": "#corn2", "uv": [ 0.0, 0.0, 8.0, 0.5 ], "enabled": false },
								"south": { "texture": "#corn2", "uv": [ 0.0, 0.0, 2.0, 0.5 ], "enabled": false },
								"west": { "texture": "#corn2", "uv": [ 0.0, 0.0, 8.0, 0.5 ], "enabled": false },
								"up": { "texture": "#corn2", "uv": [ 8.5, 6.0, 10.5, 14.0 ], "windMode": [1,4,4,1] },
								"down": { "texture": "#corn2", "uv": [ 10.5, 12.5, 12.5, 20.5 ], "enabled": false, "windMode": [1,1,4,4] }
							}
						},
						{
							"name": "Leaf26",
							"from": [ -0.5, 6.0, -7.5 ], 
							"to": [ 1.5, 6.0, 0.5 ], 
							"shade": false,
							"renderPass": 2,
							"rotationOrigin": [ 0.5, 6.0, 0.5 ],
							"rotationX": -67.5,
							"rotationY": -157.5,
							"rotationZ": -45.0,
							"faces": {
								"north": { "texture": "#corn2", "uv": [ 0.0, 0.0, 2.0, 0.5 ], "enabled": false },
								"east": { "texture": "#corn2", "uv": [ 0.0, 0.0, 8.0, 0.5 ], "enabled": false },
								"south": { "texture": "#corn2", "uv": [ 0.0, 0.0, 2.0, 0.5 ], "enabled": false },
								"west": { "texture": "#corn2", "uv": [ 0.0, 0.0, 8.0, 0.5 ], "enabled": false },
								"up": { "texture": "#corn2", "uv": [ 6.0, 8.0, 8.0, 16.0 ], "windMode": [1,4,4,1] },
								"down": { "texture": "#corn2", "uv": [ 10.5, 12.5, 12.5, 20.5 ], "enabled": false, "windMode": [1,1,4,4] }
							}
						},
						{
							"name": "Leaf27",
							"from": [ -0.4, 8.0, -6.4 ], 
							"to": [ 1.6, 8.0, 1.6 ], 
							"shade": false,
							"renderPass": 2,
							"rotationOrigin": [ 1.5, 8.0, 0.5 ],
							"rotationX": 67.5,
							"rotationY": -22.5,
							"rotationZ": 45.0,
							"faces": {
								"north": { "texture": "#corn2", "uv": [ 0.0, 0.0, 2.0, 0.5 ], "enabled": false },
								"east": { "texture": "#corn2", "uv": [ 0.0, 0.0, 8.0, 0.5 ], "enabled": false },
								"south": { "texture": "#corn2", "uv": [ 0.0, 0.0, 2.0, 0.5 ], "enabled": false },
								"west": { "texture": "#corn2", "uv": [ 0.0, 0.0, 8.0, 0.5 ], "enabled": false },
								"up": { "texture": "#corn2", "uv": [ 8.5, 6.0, 10.5, 14.0 ], "windMode": [1,4,4,1] },
								"down": { "texture": "#corn2", "uv": [ 10.5, 12.5, 12.5, 20.5 ], "enabled": false, "windMode": [1,1,4,4] }
							}
						},
						{
							"name": "Tuft3",
							"from": [ -2.0, 10.7, -4.8 ], 
							"to": [ 2.5, 10.7, 1.7 ], 
							"shade": false,
							"renderPass": 2,
							"rotationOrigin": [ 0.6, 10.7, 0.4 ],
							"rotationX": -90.0,
							"rotationY": -180.0,
							"rotationZ": 180.0,
							"faces": {
								"north": { "texture": "#corn2", "uv": [ 0.0, 0.0, 4.5, 0.5 ], "enabled": false },
								"east": { "texture": "#corn2", "uv": [ 0.0, 0.0, 6.5, 0.5 ], "enabled": false },
								"south": { "texture": "#corn2", "uv": [ 0.0, 0.0, 4.5, 0.5 ], "enabled": false },
								"west": { "texture": "#corn2", "uv": [ 0.0, 0.0, 6.5, 0.5 ], "enabled": false },
								"up": { "texture": "#corn2", "uv": [ 0.0, 7.0, 4.5, 13.5 ], "windMode": [1,4,4,1] },
								"down": { "texture": "#corn2", "uv": [ 4.5, 6.0, 9.0, 12.5 ], "enabled": false, "windMode": [1,1,4,4] }
							}
						},
						{
							"name": "Tuft4",
							"from": [ -0.6, 9.4, -4.8 ], 
							"to": [ 3.9, 9.4, 1.7 ], 
							"shade": false,
							"renderPass": 2,
							"rotationOrigin": [ 0.6, 9.7, 1.4 ],
							"rotationX": -90.0,
							"rotationY": -180.0,
							"rotationZ": 90.0,
							"faces": {
								"north": { "texture": "#corn2", "uv": [ 0.0, 0.0, 4.5, 0.5 ], "enabled": false },
								"east": { "texture": "#corn2", "uv": [ 0.0, 0.0, 6.5, 0.5 ], "enabled": false },
								"south": { "texture": "#corn2", "uv": [ 0.0, 0.0, 4.5, 0.5 ], "enabled": false },
								"west": { "texture": "#corn2", "uv": [ 0.0, 0.0, 6.5, 0.5 ], "enabled": false },
								"up": { "texture": "#corn2", "uv": [ 0.0, 7.0, 4.5, 13.5 ], "windMode": [1,4,4,1] },
								"down": { "texture": "#corn2", "uv": [ 4.5, 6.0, 9.0, 12.5 ], "enabled": false }
							}
						}
					]
				},
				{
					"name": "stemdown28",
					"from": [ 4.5, -0.3, 4.5 ], 
					"to": [ 5.3, 10.7, 5.3 ], 
					"rotationOrigin": [ 5.0, -0.3, 5.0 ],
					"rotationX": -3.0,
					"rotationY": -39.0,
					"rotationZ": -2.0,
					"faces": {
						"north": { "texture": "#corn1", "uv": [ 0.0, 0.0, 0.5, 11.0 ], "windMode": [0,4,4,0] },
						"east": { "texture": "#corn1", "uv": [ 0.0, 0.0, 0.5, 11.0 ], "windMode": [0,4,4,0] },
						"south": { "texture": "#corn1", "uv": [ 0.0, 0.0, 0.5, 11.0 ], "windMode": [0,0,4,4] },
						"west": { "texture": "#corn1", "uv": [ 0.0, 0.0, 0.5, 11.0 ], "windMode": [0,0,4,4] },
						"up": { "texture": "#corn1", "uv": [ 0.0, 0.0, 0.5, 0.5 ], "windMode": [4,4,4,4] },
						"down": { "texture": "#corn1", "uv": [ 0.5, 14.5, 1.0, 15.0 ], "windMode": [0,0,0,0] }
					},
					"children": [
						{
							"name": "Leaf35",
							"from": [ -0.5, 4.0, -10.3 ], 
							"to": [ 1.5, 4.0, 0.2 ], 
							"shade": false,
							"renderPass": 2,
							"rotationOrigin": [ 0.5, 4.0, 0.0 ],
							"rotationX": 61.0,
							"faces": {
								"north": { "texture": "#corn1", "uv": [ 0.0, 4.0, 2.0, 4.5 ], "enabled": false },
								"east": { "texture": "#corn1", "uv": [ 0.0, 0.0, 10.5, 0.5 ], "enabled": false },
								"south": { "texture": "#corn1", "uv": [ 0.0, 0.0, 2.0, 0.5 ], "enabled": false },
								"west": { "texture": "#corn1", "uv": [ 0.0, 0.0, 10.5, 0.5 ], "enabled": false },
								"up": { "texture": "#corn1", "uv": [ 12.0, 5.5, 14.0, 16.0 ], "windMode": [1,4,4,1] },
								"down": { "texture": "#null", "uv": [ 10.5, 12.5, 12.5, 23.0 ], "enabled": false, "windMode": [1,1,4,4] }
							}
						},
						{
							"name": "Leaf36",
							"from": [ -0.6, 9.0, -7.9 ], 
							"to": [ 1.4, 9.0, 0.1 ], 
							"shade": false,
							"renderPass": 2,
							"rotationOrigin": [ 0.5, 9.0, 0.5 ],
							"rotationX": 65.0,
							"rotationZ": -6.0,
							"faces": {
								"north": { "texture": "#corn2", "uv": [ 0.0, 0.0, 2.0, 0.5 ], "enabled": false },
								"east": { "texture": "#corn2", "uv": [ 0.0, 0.0, 8.0, 0.5 ], "enabled": false },
								"south": { "texture": "#corn2", "uv": [ 0.0, 0.0, 2.0, 0.5 ], "enabled": false },
								"west": { "texture": "#corn2", "uv": [ 0.0, 0.0, 8.0, 0.5 ], "enabled": false },
								"up": { "texture": "#corn2", "uv": [ 8.5, 6.0, 10.5, 14.0 ], "windMode": [1,4,4,1] },
								"down": { "texture": "#corn2", "uv": [ 10.5, 12.5, 12.5, 20.5 ], "enabled": false, "windMode": [1,1,4,4] }
							}
						},
						{
							"name": "Leaf37",
							"from": [ -0.5, 2.0, -9.2 ], 
							"to": [ 1.5, 2.0, 1.3 ], 
							"shade": false,
							"renderPass": 2,
							"rotationOrigin": [ 0.5, 2.0, 1.0 ],
							"rotationX": -60.0,
							"rotationY": -180.0,
							"faces": {
								"north": { "texture": "#corn1", "uv": [ 0.0, 0.0, 2.0, 0.5 ], "enabled": false },
								"east": { "texture": "#corn1", "uv": [ 0.0, 0.0, 10.5, 0.5 ], "enabled": false },
								"south": { "texture": "#corn1", "uv": [ 0.0, 0.0, 2.0, 0.5 ], "enabled": false },
								"west": { "texture": "#corn1", "uv": [ 0.0, 0.0, 10.5, 0.5 ], "enabled": false },
								"up": { "texture": "#corn1", "uv": [ 12.0, 5.5, 14.0, 16.0 ], "windMode": [1,4,4,1] },
								"down": { "texture": "#null", "uv": [ 10.5, 12.5, 12.5, 23.0 ], "enabled": false, "windMode": [1,1,4,4] }
							}
						},
						{
							"name": "Leaf38",
							"from": [ -0.4, 7.0, -7.9 ], 
							"to": [ 1.6, 7.0, 0.1 ], 
							"shade": false,
							"renderPass": 2,
							"rotationOrigin": [ 0.5, 7.0, 0.5 ],
							"rotationX": 125.0,
							"rotationY": 22.5,
							"rotationZ": -157.5,
							"faces": {
								"north": { "texture": "#corn2", "uv": [ 0.0, 0.0, 2.0, 0.5 ], "enabled": false },
								"east": { "texture": "#corn2", "uv": [ 0.0, 0.0, 8.0, 0.5 ], "enabled": false },
								"south": { "texture": "#corn2", "uv": [ 0.0, 0.0, 2.0, 0.5 ], "enabled": false },
								"west": { "texture": "#corn2", "uv": [ 0.0, 0.0, 8.0, 0.5 ], "enabled": false },
								"up": { "texture": "#corn2", "uv": [ 6.0, 8.0, 8.0, 16.0 ], "windMode": [1,4,4,1] },
								"down": { "texture": "#corn2", "uv": [ 10.5, 12.5, 12.5, 20.5 ], "enabled": false, "windMode": [1,1,4,4] }
							}
						},
						{
							"name": "Leaf39",
							"from": [ -0.3, 6.0, -7.7 ], 
							"to": [ 1.7, 6.0, 0.3 ], 
							"shade": false,
							"renderPass": 2,
							"rotationOrigin": [ 0.5, 6.0, 0.5 ],
							"rotationX": -67.5,
							"rotationY": -145.0,
							"rotationZ": 112.5,
							"faces": {
								"north": { "texture": "#corn2", "uv": [ 0.0, 0.0, 2.0, 0.5 ], "enabled": false },
								"east": { "texture": "#corn2", "uv": [ 0.0, 0.0, 8.0, 0.5 ], "enabled": false },
								"south": { "texture": "#corn2", "uv": [ 0.0, 0.0, 2.0, 0.5 ], "enabled": false },
								"west": { "texture": "#corn2", "uv": [ 0.0, 0.0, 8.0, 0.5 ], "enabled": false },
								"up": { "texture": "#corn2", "uv": [ 6.0, 8.0, 8.0, 16.0 ], "windMode": [1,4,4,1] },
								"down": { "texture": "#corn2", "uv": [ 10.5, 12.5, 12.5, 20.5 ], "enabled": false, "windMode": [1,1,4,4] }
							}
						},
						{
							"name": "Leaf40",
							"from": [ -0.5, 8.0, -7.5 ], 
							"to": [ 1.5, 8.0, 0.5 ], 
							"shade": false,
							"renderPass": 2,
							"rotationOrigin": [ 0.5, 8.0, 0.5 ],
							"rotationX": -112.5,
							"rotationY": -145.0,
							"rotationZ": -112.5,
							"faces": {
								"north": { "texture": "#corn2", "uv": [ 0.0, 0.0, 2.0, 0.5 ], "enabled": false },
								"east": { "texture": "#corn2", "uv": [ 0.0, 0.0, 8.0, 0.5 ], "enabled": false },
								"south": { "texture": "#corn2", "uv": [ 0.0, 0.0, 2.0, 0.5 ], "enabled": false },
								"west": { "texture": "#corn2", "uv": [ 0.0, 0.0, 8.0, 0.5 ], "enabled": false },
								"up": { "texture": "#corn2", "uv": [ 8.5, 6.0, 10.5, 14.0 ], "windMode": [1,4,4,1] },
								"down": { "texture": "#corn2", "uv": [ 10.5, 12.5, 12.5, 20.5 ], "enabled": false, "windMode": [1,1,4,4] }
							}
						},
						{
							"name": "Tuft5",
							"from": [ -2.4, 10.95, -6.6 ], 
							"to": [ 2.1, 10.95, -0.1 ], 
							"shade": false,
							"renderPass": 2,
							"rotationOrigin": [ -0.2, 10.3, 0.4 ],
							"rotationX": 92.0,
							"rotationZ": -81.0,
							"faces": {
								"north": { "texture": "#corn2", "uv": [ 0.0, 0.0, 4.5, 0.5 ], "enabled": false },
								"east": { "texture": "#corn2", "uv": [ 0.0, 0.0, 6.5, 0.5 ], "enabled": false },
								"south": { "texture": "#corn2", "uv": [ 0.0, 0.0, 4.5, 0.5 ], "enabled": false },
								"west": { "texture": "#corn2", "uv": [ 0.0, 0.0, 6.5, 0.5 ], "enabled": false },
								"up": { "texture": "#corn2", "uv": [ 0.0, 6.5, 4.5, 13.0 ], "windMode": [1,4,4,1], "windData": [1,0,0,1] },
								"down": { "texture": "#corn2", "uv": [ 4.5, 6.0, 9.0, 12.5 ], "enabled": false, "windMode": [1,1,4,4] }
							}
						},
						{
							"name": "Tuft6",
							"from": [ -1.7, 11.4, -7.6 ], 
							"to": [ 2.8, 11.4, -1.1 ], 
							"shade": false,
							"renderPass": 2,
							"rotationOrigin": [ 0.8, 10.3, -0.6 ],
							"rotationX": 92.0,
							"rotationZ": 8.0,
							"faces": {
								"north": { "texture": "#corn2", "uv": [ 0.0, 0.0, 4.5, 0.5 ], "enabled": false },
								"east": { "texture": "#corn2", "uv": [ 0.0, 0.0, 6.5, 0.5 ], "enabled": false },
								"south": { "texture": "#corn2", "uv": [ 0.0, 0.0, 4.5, 0.5 ], "enabled": false },
								"west": { "texture": "#corn2", "uv": [ 0.0, 0.0, 6.5, 0.5 ], "enabled": false },
								"up": { "texture": "#corn2", "uv": [ 0.0, 6.5, 4.5, 13.0 ], "windMode": [1,4,4,1], "windData": [1,0,0,1] },
								"down": { "texture": "#corn2", "uv": [ 4.5, 6.0, 9.0, 12.5 ], "enabled": false }
							}
						}
					]
				},
				{
					"name": "stemdown41",
					"from": [ -4.5, -0.3, 4.5 ], 
					"to": [ -3.7, 11.7, 5.3 ], 
					"rotationOrigin": [ -4.0, -0.3, 5.0 ],
					"rotationX": -2.0,
					"rotationY": -30.0,
					"rotationZ": 1.0,
					"faces": {
						"north": { "texture": "#corn1", "uv": [ 0.0, 0.0, 0.5, 12.0 ], "windMode": [0,4,4,0] },
						"east": { "texture": "#corn1", "uv": [ 0.0, 0.0, 0.5, 12.0 ], "windMode": [0,4,4,0] },
						"south": { "texture": "#corn1", "uv": [ 0.0, 0.0, 0.5, 12.0 ], "windMode": [0,0,4,4] },
						"west": { "texture": "#corn1", "uv": [ 0.0, 0.0, 0.5, 12.0 ], "windMode": [0,0,4,4] },
						"up": { "texture": "#corn1", "uv": [ 0.0, 0.0, 0.5, 0.5 ], "windMode": [4,4,4,4] },
						"down": { "texture": "#corn1", "uv": [ 0.5, 14.5, 1.0, 15.0 ], "windMode": [0,0,0,0] }
					},
					"children": [
						{
							"name": "Leaf48",
							"from": [ -0.5, 7.0, -8.0 ], 
							"to": [ 1.5, 7.0, 0.0 ], 
							"shade": false,
							"renderPass": 2,
							"rotationOrigin": [ 0.5, 7.0, 0.5 ],
							"rotationX": 67.5,
							"faces": {
								"north": { "texture": "#corn2", "uv": [ 0.0, 0.0, 2.0, 0.5 ], "enabled": false },
								"east": { "texture": "#corn2", "uv": [ 0.0, 0.0, 8.0, 0.5 ], "enabled": false },
								"south": { "texture": "#corn2", "uv": [ 0.0, 0.0, 2.0, 0.5 ], "enabled": false },
								"west": { "texture": "#corn2", "uv": [ 0.0, 0.0, 8.0, 0.5 ], "enabled": false },
								"up": { "texture": "#corn2", "uv": [ 6.0, 8.0, 8.0, 16.0 ], "windMode": [1,4,4,1] },
								"down": { "texture": "#corn2", "uv": [ 10.5, 12.5, 12.5, 20.5 ], "enabled": false, "windMode": [1,1,4,4] }
							}
						},
						{
							"name": "Leaf49",
							"from": [ -1.5, 6.0, -6.1 ], 
							"to": [ 0.5, 6.0, 1.9 ], 
							"shade": false,
							"renderPass": 2,
							"rotationOrigin": [ -0.5, 6.0, 0.5 ],
							"rotationX": 90.0,
							"rotationY": 22.5,
							"rotationZ": 90.0,
							"faces": {
								"north": { "texture": "#corn2", "uv": [ 0.0, 0.0, 2.0, 0.5 ], "enabled": false },
								"east": { "texture": "#corn2", "uv": [ 0.0, 0.0, 8.0, 0.5 ], "enabled": false },
								"south": { "texture": "#corn2", "uv": [ 0.0, 0.0, 2.0, 0.5 ], "enabled": false },
								"west": { "texture": "#corn2", "uv": [ 0.0, 0.0, 8.0, 0.5 ], "enabled": false },
								"up": { "texture": "#corn2", "uv": [ 6.0, 8.0, 8.0, 16.0 ], "windMode": [1,4,4,1] },
								"down": { "texture": "#corn2", "uv": [ 10.5, 12.5, 12.5, 20.5 ], "enabled": false, "windMode": [1,1,4,4] }
							}
						},
						{
							"name": "Leaf50",
							"from": [ -0.6, 3.0, -8.9 ], 
							"to": [ 1.4, 3.0, 1.6 ], 
							"shade": false,
							"renderPass": 2,
							"rotationOrigin": [ 0.5, 3.0, 1.0 ],
							"rotationX": -67.5,
							"rotationY": -180.0,
							"faces": {
								"north": { "texture": "#corn1", "uv": [ 0.0, 0.0, 2.0, 0.5 ], "enabled": false },
								"east": { "texture": "#corn1", "uv": [ 0.0, 0.0, 10.5, 0.5 ], "enabled": false },
								"south": { "texture": "#corn1", "uv": [ 0.0, 0.0, 2.0, 0.5 ], "enabled": false },
								"west": { "texture": "#corn1", "uv": [ 0.0, 0.0, 10.5, 0.5 ], "enabled": false },
								"up": { "texture": "#corn1", "uv": [ 12.0, 5.5, 14.0, 16.0 ], "windMode": [1,4,4,1] },
								"down": { "texture": "#null", "uv": [ 10.5, 12.5, 12.5, 23.0 ], "enabled": false, "windMode": [1,1,4,4] }
							}
						},
						{
							"name": "Leaf51",
							"from": [ -0.5, 9.0, -7.8 ], 
							"to": [ 1.5, 9.0, 0.2 ], 
							"shade": false,
							"renderPass": 2,
							"rotationOrigin": [ 0.5, 9.0, 0.5 ],
							"rotationX": -67.5,
							"rotationY": 170.0,
							"rotationZ": 22.5,
							"faces": {
								"north": { "texture": "#corn2", "uv": [ 0.0, 0.0, 2.0, 0.5 ], "enabled": false },
								"east": { "texture": "#corn2", "uv": [ 0.0, 0.0, 8.0, 0.5 ], "enabled": false },
								"south": { "texture": "#corn2", "uv": [ 0.0, 0.0, 2.0, 0.5 ], "enabled": false },
								"west": { "texture": "#corn2", "uv": [ 0.0, 0.0, 8.0, 0.5 ], "enabled": false },
								"up": { "texture": "#corn2", "uv": [ 8.5, 6.0, 10.5, 14.0 ], "windMode": [1,4,4,1] },
								"down": { "texture": "#corn2", "uv": [ 10.5, 12.5, 12.5, 20.5 ], "enabled": false, "windMode": [1,1,4,4] }
							}
						},
						{
							"name": "Leaf52",
							"from": [ -0.5, 7.0, -7.8 ], 
							"to": [ 1.5, 7.0, 0.2 ], 
							"shade": false,
							"renderPass": 2,
							"rotationOrigin": [ 0.5, 7.0, 0.5 ],
							"rotationX": -90.0,
							"rotationY": -145.0,
							"rotationZ": -67.5,
							"faces": {
								"north": { "texture": "#corn2", "uv": [ 0.0, 0.0, 2.0, 0.5 ], "enabled": false },
								"east": { "texture": "#corn2", "uv": [ 0.0, 0.0, 8.0, 0.5 ], "enabled": false },
								"south": { "texture": "#corn2", "uv": [ 0.0, 0.0, 2.0, 0.5 ], "enabled": false },
								"west": { "texture": "#corn2", "uv": [ 0.0, 0.0, 8.0, 0.5 ], "enabled": false },
								"up": { "texture": "#corn2", "uv": [ 6.0, 8.0, 8.0, 16.0 ], "windMode": [1,4,4,1] },
								"down": { "texture": "#corn2", "uv": [ 10.5, 12.5, 12.5, 20.5 ], "enabled": false, "windMode": [1,1,4,4] }
							}
						},
						{
							"name": "Leaf53",
							"from": [ -0.7, 10.0, -8.4 ], 
							"to": [ 1.3, 10.0, -0.4 ], 
							"shade": false,
							"renderPass": 2,
							"rotationOrigin": [ -0.5, 10.0, 0.5 ],
							"rotationX": 70.0,
							"rotationY": 3.0,
							"faces": {
								"north": { "texture": "#corn2", "uv": [ 0.0, 0.0, 2.0, 0.5 ], "enabled": false },
								"east": { "texture": "#corn2", "uv": [ 0.0, 0.0, 8.0, 0.5 ], "enabled": false },
								"south": { "texture": "#corn2", "uv": [ 0.0, 0.0, 2.0, 0.5 ], "enabled": false },
								"west": { "texture": "#corn2", "uv": [ 0.0, 0.0, 8.0, 0.5 ], "enabled": false },
								"up": { "texture": "#corn2", "uv": [ 8.5, 6.0, 10.5, 14.0 ], "windMode": [1,4,4,1] },
								"down": { "texture": "#corn2", "uv": [ 10.5, 12.5, 12.5, 20.5 ], "enabled": false, "windMode": [1,1,4,4] }
							}
						},
						{
							"name": "Tuft7",
							"from": [ -1.1, 14.5, -1.9 ], 
							"to": [ 3.4, 14.5, 4.6 ], 
							"shade": false,
							"renderPass": 2,
							"rotationOrigin": [ 0.3, 14.7, 1.3 ],
							"rotationX": 90.0,
							"rotationZ": -70.0,
							"faces": {
								"north": { "texture": "#corn2", "uv": [ 0.0, 0.0, 4.5, 0.5 ], "enabled": false },
								"east": { "texture": "#corn2", "uv": [ 0.0, 0.0, 6.5, 0.5 ], "enabled": false },
								"south": { "texture": "#corn2", "uv": [ 0.0, 0.0, 4.5, 0.5 ], "enabled": false },
								"west": { "texture": "#corn2", "uv": [ 0.0, 0.0, 6.5, 0.5 ], "enabled": false },
								"up": { "texture": "#corn2", "uv": [ 0.0, 7.0, 4.5, 13.5 ], "windMode": [1,4,4,1], "windData": [1,0,0,1] },
								"down": { "texture": "#corn2", "uv": [ 4.5, 6.0, 9.0, 12.5 ], "enabled": false, "windMode": [1,1,4,4] }
							}
						},
						{
							"name": "Tuft8",
							"from": [ -1.85, 14.5, -2.9 ], 
							"to": [ 2.65, 14.5, 3.6 ], 
							"shade": false,
							"renderPass": 2,
							"rotationOrigin": [ -0.7, 14.7, 0.3 ],
							"rotationX": 90.0,
							"rotationZ": 17.0,
							"faces": {
								"north": { "texture": "#corn2", "uv": [ 0.0, 0.0, 4.5, 0.5 ], "enabled": false },
								"east": { "texture": "#corn2", "uv": [ 0.0, 0.0, 6.5, 0.5 ], "enabled": false },
								"south": { "texture": "#corn2", "uv": [ 0.0, 0.0, 4.5, 0.5 ], "enabled": false },
								"west": { "texture": "#corn2", "uv": [ 0.0, 0.0, 6.5, 0.5 ], "enabled": false },
								"up": { "texture": "#corn2", "uv": [ 0.0, 7.0, 4.5, 13.5 ], "windMode": [1,4,4,1], "windData": [1,0,0,1] },
								"down": { "texture": "#corn2", "uv": [ 4.5, 6.0, 9.0, 12.5 ], "enabled": false }
							}
						}
					]
				}
			]
		}
	]}