[
  { "file": "game:shapes/entity/humanoid/seraph-faceless", "op": "add", "path": "/animations/-", "value": {
    "name": "CanoeKneel",
    "code": "CanoeKneel",
    "quantityframes": 60,
    "onActivityStopped": "EaseOut",
    "onAnimationEnd": "Repeat",
    "keyframes": [ 
	{
					"frame": 0,
					"elements": {
						"LowerFootL": { "offsetX": 1.0, "offsetY": 0.0, "offsetZ": 0.0, "rotationX": 0.0, "rotationY": 0.0, "rotationZ": 122.0 },
						"LowerFootR": { "offsetX": 1.0, "offsetY": 0.0, "offsetZ": 0.0, "rotationX": 0.0, "rotationY": 0.0, "rotationZ": 114.0 },
						"UpperFootL": { "offsetX": 0.0, "offsetY": -0.5, "offsetZ": 0.0, "rotationX": -3.0, "rotationY": 22.0, "rotationZ": 0.0 },
						"UpperFootR": { "rotationX": 17.0, "rotationY": -25.0, "rotationZ": -22.0 },
						"LowerTorso": { "offsetX": 0.0, "offsetY": -8.5, "offsetZ": -2.0, "rotationX": -8.0, "rotationY": 0.0, "rotationZ": -3.0 },
						"UpperTorso": { "rotationX": 8.0, "rotationY": 0.0, "rotationZ": 6.0 }
					}
				},
				{
					"frame": 30,
					"elements": {
						"LowerTorso": { "offsetX": 0.0, "offsetY": -8.5, "offsetZ": -2.0, "rotationX": -8.0, "rotationY": 0.0, "rotationZ": -3.0 },
						"UpperTorso": { "rotationX": 8.0, "rotationY": 0.0, "rotationZ": 5.0 },
						"UpperFootL": { "offsetX": 0.0, "offsetY": -0.5, "offsetZ": 0.0, "rotationX": -3.0, "rotationY": 22.0, "rotationZ": 0.0 },
						"LowerFootL": { "offsetX": 1.0, "offsetY": 0.0, "offsetZ": 0.0, "rotationX": 0.0, "rotationY": 0.0, "rotationZ": 123.0 },
						"UpperFootR": { "rotationX": 17.0, "rotationY": -25.0, "rotationZ": -22.0 },
						"LowerFootR": { "offsetX": 1.0, "offsetY": 0.0, "offsetZ": 0.0, "rotationX": 0.0, "rotationY": 0.0, "rotationZ": 114.0 }
					}
				}
    ]
  } 
 },
   { "file": "game:entities/humanoid/player", "op": "add", "path": "/client/animations/-", "value": {
    "code": "CanoeKneel",
    "side": "server",
    "animation": "CanoeKneel",
    "blendMode": "Add",
    "elementWeight": {
      "LowerTorso": 4,
      "UpperTorso": 4,
      "LowerFootL": 12,
      "LowerFootR": 12,
      "UpperFootL": 12,
      "UpperFootR": 12
    },
    "elementBlendMode": {
      "LowerFootL": "AddAverage",
      "LowerFootR": "AddAverage",
      "UpperFootL": "AddAverage",
      "UpperFootR": "AddAverage",
	  "LowerTorso": "AddAverage",
      "UpperTorso": "AddAverage"
    }
  } },
    { "file": "game:shapes/entity/humanoid/seraph-faceless", "op": "add", "path": "/animations/-", "value": {
    "name": "CanoeOarForward",
    "code": "CanoeOarForward",
    "quantityframes": 30,
    "onActivityStopped": "EaseOut",
    "onAnimationEnd": "Repeat",
						"keyframes": [
				{
					"frame": 0,
					"elements": {
						"UpperTorso": { "rotationX": -3.0, "rotationY": 0.0, "rotationZ": 11.0 },
						"UpperArmR": { "offsetX": -0.1, "offsetY": 0.1, "offsetZ": 0.0, "rotationX": 64.0, "rotationY": -17.0, "rotationZ": -39.0 },
						"LowerArmR": { "offsetX": 0.0, "offsetY": 1.0, "offsetZ": 0.0, "rotationX": -33.0, "rotationY": -28.0, "rotationZ": -19.0 },
						"ItemAnchor": { "offsetX": 2.6, "offsetY": 1.0, "offsetZ": 0.0, "rotationX": 0.0, "rotationY": 21.0, "rotationZ": 133.0 },
						"UpperArmL": { "offsetX": -0.1, "offsetY": -0.6, "offsetZ": 0.0, "rotationX": -33.0, "rotationY": -3.0, "rotationZ": -133.0 },
						"LowerArmL": { "offsetX": 0.0, "offsetY": 1.0, "offsetZ": 0.0, "rotationX": 0.0, "rotationY": -3.0, "rotationZ": -8.0 },
						"Head": { "rotationX": 0.0, "rotationY": 0.0, "rotationZ": -3.0 },
					}
				},
				{
					"frame": 7,
					"elements": {
						"UpperArmL": { "rotationX": -42.0, "rotationY": -6.0, "rotationZ": -100.0 },
						"LowerArmL": { "rotationX": 0.0, "rotationY": -6.0, "rotationZ": -47.0 }
					}
				},
				{
					"frame": 15,
					"elements": {
						"UpperTorso": { "rotationX": -4.0, "rotationY": -24.0, "rotationZ": -1.0 },
						"UpperArmR": { "offsetX": -0.1, "offsetY": 0.1, "offsetZ": 0.0, "rotationX": 58.0, "rotationY": 16.0, "rotationZ": 14.0 },
						"LowerArmR": { "offsetX": 0.0, "offsetY": 1.0, "offsetZ": 0.0, "rotationX": -33.0, "rotationY": 3.0, "rotationZ": -94.0 },
						"ItemAnchor": { "offsetX": 2.6, "offsetY": 1.0, "offsetZ": 0.0, "rotationX": 0.0, "rotationY": 42.0, "rotationZ": 172.0 },
						"UpperArmL": { "offsetX": -0.1, "offsetY": 0.1, "offsetZ": 0.0, "rotationX": -25.0, "rotationY": -14.0, "rotationZ": -69.0 },
						"LowerArmL": { "offsetX": 0.0, "offsetY": 1.0, "offsetZ": 0.0, "rotationX": 0.0, "rotationY": -8.0, "rotationZ": -72.0 },
						"Head": { "rotationX": 5.0, "rotationY": 25.0, "rotationZ": -3.0 }
					}
				},
				{
					"frame": 19,
					"elements": {
						"UpperArmR": { "rotationX": 69.0, "rotationY": 8.0, "rotationZ": -8.0 },
						"UpperArmL": { "offsetX": 0.0, "offsetY": 0.2, "offsetZ": 0.0, "rotationX": -17.0, "rotationY": -8.0, "rotationZ": -61.0 },
						"LowerArmL": { "rotationX": 3.0, "rotationY": -3.0, "rotationZ": -91.0 },
						"LowerArmR": { "rotationX": -30.0, "rotationY": 1.5, "rotationZ": -82.0 }
					}
				},
				{
					"frame": 23,
					"elements": {
						"UpperTorso": { "rotationX": 2.0, "rotationY": -7.0, "rotationZ": 3.0 },
						"UpperArmR": { "offsetX": -0.4, "offsetY": 0.3, "offsetZ": 0.0, "rotationX": 53.0, "rotationY": -3.0, "rotationZ": -30.0 },
						"LowerArmR": { "rotationX": -17.0, "rotationY": 0.0, "rotationZ": -75.0 },
						"UpperArmL": { "offsetX": 0.0, "offsetY": 0.0, "offsetZ": 0.0, "rotationX": -8.0, "rotationY": 3.0, "rotationZ": -66.0 },
						"LowerArmL": { "rotationX": 0.0, "rotationY": 0.0, "rotationZ": -114.0 }
					}
				},
				{
					"frame": 26,
					"elements": {
						"UpperArmL": { "rotationX": -19.0, "rotationY": 3.0, "rotationZ": -102.0 },
						"LowerArmL": { "rotationX": 0.0, "rotationY": -8.0, "rotationZ": -66.0 }
					}
				}
			]
  } 
 },
    { "file": "game:entities/humanoid/player", "op": "add", "path": "/client/animations/-", "value": {
    "code": "CanoeOarForward",
    "side": "server",
    "animation": "CanoeOarForward",
    "blendMode": "Add",
    "elementWeight": {
		"Head": 1000,
		"UpperTorso": 1000,
		"UpperArmR": 1000,
		"LowerArmR": 1000,
		"UpperArmL": 1000,
		"LowerArmL": 1000,
		"ItemAnchor": 1000
    },
    "elementBlendMode": {
      "UpperTorso": "AddAverage",
      "UpperArmR": "AddAverage",
      "LowerArmR": "AddAverage",
      "ItemAnchor": "AddAverage",
	  "LowerArmL": "AddAverage",
      "UpperArmL": "AddAverage",
      "Head": "AddAverage"
    }
  } },
        { "file": "game:shapes/entity/humanoid/seraph-faceless", "op": "add", "path": "/animations/-", "value": {
    "name": "CanoeOarForward-fp",
    "code": "CanoeOarForward-fp",
    "quantityframes": 30,
    "onActivityStopped": "EaseOut",
    "onAnimationEnd": "Repeat",
			"keyframes": [
				{
					"frame": 0,
					"elements": {
						"UpperTorso": { "rotationX": -3.0, "rotationY": 0.0, "rotationZ": 11.0 },
						"UpperArmR": { "offsetX": 2.6, "offsetY": 0.3, "offsetZ": 5.0, "rotationX": 64.0, "rotationY": -17.0, "rotationZ": -39.0 },
						"LowerArmR": { "offsetX": 0.0, "offsetY": 1.0, "offsetZ": 0.0, "rotationX": -33.0, "rotationY": -28.0, "rotationZ": -19.0 },
						"ItemAnchor": { "offsetX": 2.6, "offsetY": 1.0, "offsetZ": 0.0, "rotationX": 0.0, "rotationY": 21.0, "rotationZ": 133.0 },
						"UpperArmL": { "offsetX": 3.0, "offsetY": 1.0, "offsetZ": -4.0, "rotationX": -33.0, "rotationY": -3.0, "rotationZ": -127.0 },
						"LowerArmL": { "offsetX": 0.0, "offsetY": 1.0, "offsetZ": 0.0, "rotationX": 0.0, "rotationY": -3.0, "rotationZ": -24.0 },
						"Head": { "rotationX": 0.0, "rotationY": 0.0, "rotationZ": -3.0 }
					}
				},
				{
					"frame": 7,
					"elements": {
						"UpperArmL": { "offsetX": 3.0564, "offsetY": -0.3436, "offsetZ": -3.4727, "rotationX": -25.0, "rotationY": -6.0, "rotationZ": -96.0 },
						"LowerArmL": { "rotationX": 0.0, "rotationY": 0.0, "rotationZ": -46.0 }
					}
				},
				{
					"frame": 11,
					"elements": {
						"UpperArmL": { "offsetX": 2.56, "offsetY": -1.44, "offsetZ": -2.5, "rotationX": -22.0, "rotationY": -11.0, "rotationZ": -80.0 },
						"LowerArmL": { "rotationX": 0.0, "rotationY": 0.0, "rotationZ": -58.0 }
					}
				},
				{
					"frame": 15,
					"elements": {
						"UpperTorso": { "rotationX": -4.0, "rotationY": -24.0, "rotationZ": -1.0 },
						"UpperArmR": { "offsetX": -2.5, "offsetY": -0.5, "offsetZ": 3.6, "rotationX": 58.0, "rotationY": 16.0, "rotationZ": 14.0 },
						"LowerArmR": { "offsetX": 0.0, "offsetY": 1.0, "offsetZ": 0.0, "rotationX": -33.0, "rotationY": 3.0, "rotationZ": -94.0 },
						"ItemAnchor": { "offsetX": 2.6, "offsetY": 1.0, "offsetZ": 0.0, "rotationX": 0.0, "rotationY": 42.0, "rotationZ": 172.0 },
						"UpperArmL": { "offsetX": 2.2, "offsetY": -2.2, "offsetZ": -2.2, "rotationX": -19.0, "rotationY": -14.0, "rotationZ": -69.0 },
						"LowerArmL": { "offsetX": 0.0, "offsetY": 1.0, "offsetZ": 0.0, "rotationX": 0.0, "rotationY": 0.0, "rotationZ": -66.0 },
						"Head": { "rotationX": 5.0, "rotationY": 25.0, "rotationZ": -3.0 }
					}
				},
				{
					"frame": 19,
					"elements": {
						"UpperArmR": { "rotationX": 69.0, "rotationY": 8.0, "rotationZ": -8.0 },
						"UpperArmL": { "rotationX": 0.0, "rotationY": -5.0, "rotationZ": -72.0 },
						"LowerArmL": { "rotationX": -6.0, "rotationY": -3.0, "rotationZ": -69.0 },
						"LowerArmR": { "rotationX": -30.0, "rotationY": 1.5, "rotationZ": -82.0 }
					}
				},
				{
					"frame": 23,
					"elements": {
						"UpperTorso": { "rotationX": 2.0, "rotationY": -7.0, "rotationZ": 3.0 },
						"UpperArmR": { "offsetX": 0.3, "offsetY": -1.9, "offsetZ": 3.0, "rotationX": 53.0, "rotationY": -3.0, "rotationZ": -30.0 },
						"LowerArmR": { "rotationX": -17.0, "rotationY": 0.0, "rotationZ": -75.0 },
						"UpperArmL": { "offsetX": 4.6, "offsetY": 0.4, "offsetZ": -1.3, "rotationX": -11.0, "rotationY": 3.0, "rotationZ": -83.0 },
						"LowerArmL": { "rotationX": 0.0, "rotationY": 0.0, "rotationZ": -86.0 }
					}
				},
				{
					"frame": 26,
					"elements": {
						"UpperArmL": { "rotationX": -19.0, "rotationY": 5.0, "rotationZ": -100.0 },
						"LowerArmL": { "rotationX": 0.0, "rotationY": -6.0, "rotationZ": -64.0 }
					}
				}
			]
  } 
 },
     { "file": "game:entities/humanoid/player", "op": "add", "path": "/client/animations/-", "value": {
    "code": "CanoeOarForward-fp",
    "side": "server",
    "animation": "CanoeOarForward-fp",
    "blendMode": "Add",
    "elementWeight": {
		"Head": 1000,
		"UpperTorso": 1000,
		"UpperArmR": 1000,
		"LowerArmR": 1000,
		"UpperArmL": 1000,
		"LowerArmL": 1000,
		"ItemAnchor": 1000
    },
    "elementBlendMode": {
      "UpperTorso": "AddAverage",
      "UpperArmR": "AddAverage",
      "LowerArmR": "AddAverage",
      "ItemAnchor": "AddAverage",
	  "LowerArmL": "AddAverage",
      "UpperArmL": "AddAverage",
      "Head": "AddAverage"
    }
  } },
  
      { "file": "game:shapes/entity/humanoid/seraph-faceless", "op": "add", "path": "/animations/-", "value": {
    "name": "CanoeOarBackward",
    "code": "CanoeOarBackward",
    "quantityframes": 30,
    "onActivityStopped": "EaseOut",
    "onAnimationEnd": "Repeat",
			"keyframes": [
				{
					"frame": 0,
					"elements": {
						"UpperTorso": { "rotationX": -4.0, "rotationY": -11.0, "rotationZ": 16.0 },
						"UpperArmR": { "offsetX": -0.5, "offsetY": 0.0, "offsetZ": 0.0, "rotationX": 58.0, "rotationY": -14.0, "rotationZ": 4.0 },
						"LowerArmR": { "offsetX": 0.0, "offsetY": 1.0, "offsetZ": 0.0, "rotationX": -19.0, "rotationY": 23.0, "rotationZ": -100.0 },
						"ItemAnchor": { "offsetX": 2.6, "offsetY": 1.0, "offsetZ": 0.0, "rotationX": 0.0, "rotationY": 29.0, "rotationZ": 186.0 },
						"UpperArmL": { "offsetX": 0.0, "offsetY": 0.0, "offsetZ": 0.0, "rotationX": -28.0, "rotationY": -11.0, "rotationZ": -75.0 },
						"LowerArmL": { "offsetX": 0.0, "offsetY": 1.0, "offsetZ": 0.0, "rotationX": 5.0, "rotationY": 6.0, "rotationZ": -94.0 },
						"Head": { "rotationX": 0.0, "rotationY": 4.0, "rotationZ": -11.0 }
					}
				},
				{
					"frame": 15,
					"elements": {
						"UpperTorso": { "rotationX": -2.0, "rotationY": 5.0, "rotationZ": -6.0 },
						"UpperArmR": { "offsetX": -0.3, "offsetY": 0.0, "offsetZ": 0.0, "rotationX": 44.0, "rotationY": -14.0, "rotationZ": -41.0 },
						"LowerArmR": { "offsetX": 0.0, "offsetY": 1.0, "offsetZ": 0.0, "rotationX": -19.0, "rotationY": 3.0, "rotationZ": -34.0 },
						"ItemAnchor": { "rotationX": 0.0, "rotationY": 29.0, "rotationZ": 140.0 },
						"UpperArmL": { "offsetX": 0.0, "offsetY": 0.0, "offsetZ": 0.0, "rotationX": -36.0, "rotationY": -11.0, "rotationZ": -83.0 },
						"LowerArmL": { "offsetX": 0.0, "offsetY": 1.0, "offsetZ": 0.0, "rotationX": -14.0, "rotationY": 0.0, "rotationZ": -69.0 },
						"Head": { "rotationX": 0.0, "rotationY": -6.0, "rotationZ": 8.0 }
					}
				},
				{
					"frame": 21,
					"elements": {
						"UpperTorso": { "rotationX": 0.0, "rotationY": 7.0, "rotationZ": 0.0 },
						"UpperArmR": { "rotationX": 66.0, "rotationY": -23.0, "rotationZ": 11.0 },
						"LowerArmR": { "rotationX": -1.0, "rotationY": 17.0, "rotationZ": -80.0 },
						"UpperArmL": { "rotationX": -28.0, "rotationY": -36.0, "rotationZ": -66.0 },
						"LowerArmL": { "rotationX": 0.0, "rotationY": 0.0, "rotationZ": -83.0 }
					}
				}
			]
  } 
 },
    { "file": "game:entities/humanoid/player", "op": "add", "path": "/client/animations/-", "value": {
    "code": "CanoeOarBackward",
    "side": "server",
    "animation": "CanoeOarBackward",
    "blendMode": "Add",
    "elementWeight": {
		"Head": 1000,
		"UpperTorso": 1000,
		"UpperArmR": 1000,
		"LowerArmR": 1000,
		"UpperArmL": 1000,
		"LowerArmL": 1000,
		"ItemAnchor": 1000
	  
    },
    "elementBlendMode": {
      "UpperTorso": "AddAverage",
      "UpperArmR": "AddAverage",
      "LowerArmR": "AddAverage",
      "ItemAnchor": "AddAverage",
	  "LowerArmL": "AddAverage",
      "UpperArmL": "AddAverage",
      "Head": "AddAverage"
    }
  } },
  
      { "file": "game:shapes/entity/humanoid/seraph-faceless", "op": "add", "path": "/animations/-", "value": {
    "name": "CanoeOarBackward-fp",
    "code": "CanoeOarBackward-fp",
    "quantityframes": 30,
    "onActivityStopped": "EaseOut",
    "onAnimationEnd": "Repeat",
			"keyframes": [
				{
					"frame": 0,
					"elements": {
						"UpperTorso": { "rotationX": -4.0, "rotationY": -11.0, "rotationZ": 16.0 },
						"UpperArmR": { "offsetX": -0.5, "offsetY": -3.0, "offsetZ": 5.0, "rotationX": 58.0, "rotationY": -11.0, "rotationZ": -8.0 },
						"LowerArmR": { "offsetX": 0.0, "offsetY": 1.0, "offsetZ": 0.0, "rotationX": -19.0, "rotationY": 23.0, "rotationZ": -100.0 },
						"ItemAnchor": { "offsetX": 2.6, "offsetY": 1.0, "offsetZ": 0.0, "rotationX": 0.0, "rotationY": 29.0, "rotationZ": 186.0 },
						"UpperArmL": { "offsetX": 3.5, "offsetY": -1.5, "offsetZ": -2.8, "rotationX": -22.0, "rotationY": -11.0, "rotationZ": -72.0 },
						"LowerArmL": { "offsetX": 0.0, "offsetY": 1.0, "offsetZ": 0.0, "rotationX": -3.0, "rotationY": 8.0, "rotationZ": -83.0 },
						"Head": { "rotationX": 0.0, "rotationY": 4.0, "rotationZ": -11.0 }
					}
				},
				{
					"frame": 8,
					"elements": {
						"UpperArmL": { "rotationX": -20.7333, "rotationY": -14.2, "rotationZ": -72.0 },
						"LowerArmL": { "rotationX": -11.0, "rotationY": 3.0, "rotationZ": -72.0 }
					}
				},
				{
					"frame": 15,
					"elements": {
						"UpperTorso": { "rotationX": -2.0, "rotationY": 5.0, "rotationZ": -6.0 },
						"UpperArmR": { "offsetX": 3.2, "offsetY": -2.0, "offsetZ": 4.6, "rotationX": 44.0, "rotationY": -14.0, "rotationZ": -41.0 },
						"LowerArmR": { "rotationX": -19.0, "rotationY": 3.0, "rotationZ": -34.0 },
						"ItemAnchor": { "rotationX": 0.0, "rotationY": 29.0, "rotationZ": 140.0 },
						"UpperArmL": { "offsetX": 4.7, "offsetY": -1.6, "offsetZ": -2.4, "rotationX": -17.0, "rotationY": -17.0, "rotationZ": -80.0 },
						"LowerArmL": { "offsetX": 0.0, "offsetY": 1.0, "offsetZ": 0.0, "rotationX": -19.0, "rotationY": -8.0, "rotationZ": -72.0 },
						"Head": { "rotationX": 0.0, "rotationY": -6.0, "rotationZ": 8.0 }
					}
				},
				{
					"frame": 21,
					"elements": {
						"UpperTorso": { "rotationX": 0.0, "rotationY": 7.0, "rotationZ": 0.0 },
						"UpperArmR": { "rotationX": 66.0, "rotationY": -23.0, "rotationZ": 11.0 },
						"LowerArmR": { "rotationX": -1.0, "rotationY": 17.0, "rotationZ": -80.0 },
						"UpperArmL": { "offsetX": 3.62, "offsetY": -2.42, "offsetZ": -0.06, "rotationX": 3.0, "rotationY": -30.0, "rotationZ": -55.0 },
						"LowerArmL": { "rotationX": 0.0, "rotationY": -17.0, "rotationZ": -69.0 }
					}
				}
			]
  } 
 },
    { "file": "game:entities/humanoid/player", "op": "add", "path": "/client/animations/-", "value": {
    "code": "CanoeOarBackward-fp",
    "side": "server",
    "animation": "CanoeOarBackward-fp",
    "blendMode": "Add",
    "elementWeight": {
		"Head": 100,
		"UpperTorso": 100,
		"UpperArmR": 100,
		"LowerArmR": 100,
		"UpperArmL": 100,
		"LowerArmL": 100,
		"ItemAnchor": 100
    },
    "elementBlendMode": {
      "UpperTorso": "AddAverage",
      "UpperArmR": "AddAverage",
      "LowerArmR": "AddAverage",
      "ItemAnchor": "AddAverage",
	  "LowerArmL": "AddAverage",
      "UpperArmL": "AddAverage",
      "Head": "AddAverage"
    }
  } },
         { "file": "game:shapes/entity/humanoid/seraph-faceless", "op": "add", "path": "/animations/-", "value": {
    "name": "CanoeOarReady",
    "code": "CanoeOarReady",
    "quantityframes": 30,
    "onActivityStopped": "EaseOut",
    "onAnimationEnd": "Repeat",
			"keyframes": [
				{
					"frame": 0,
					"elements": {
						"UpperTorso": { "rotationX": 0.0, "rotationY": 0.0, "rotationZ": 0.0 },
						"UpperArmR": { "offsetX": -0.1, "offsetY": 0.1, "offsetZ": 0.0, "rotationX": 0.0, "rotationY": -6.0, "rotationZ": -54.0 },
						"LowerArmR": { "offsetX": 0.0, "offsetY": 1.0, "offsetZ": 0.0, "rotationX": 0.0, "rotationY": 0.0, "rotationZ": -63.0 },
						"ItemAnchor": { "offsetX": 2.6, "offsetY": 1.0, "offsetZ": 0.0, "rotationX": 0.0, "rotationY": 61.0, "rotationZ": 172.0 },
						"UpperArmL": { "offsetX": -0.1, "offsetY": 0.1, "offsetZ": 0.0, "rotationX": 0.0, "rotationY": 16.0, "rotationZ": -86.0 },
						"LowerArmL": { "offsetX": 0.0, "offsetY": 1.0, "offsetZ": 0.0, "rotationX": 0.0, "rotationY": -8.0, "rotationZ": -53.0 }
					}
				},
				{
					"frame": 16,
					"elements": {
						"UpperTorso": { "rotationX": 0.0, "rotationY": 0.0, "rotationZ": -1.0 },
						"UpperArmL": { "rotationX": 0.0, "rotationY": 15.0, "rotationZ": -85.0 },
						"UpperArmR": { "rotationX": 0.0, "rotationY": -6.0, "rotationZ": -53.0 }
					}
				}
			]
  } 
 },
     { "file": "game:entities/humanoid/player", "op": "add", "path": "/client/animations/-", "value": {
    "code": "CanoeOarReady",
    "side": "server",
    "animation": "CanoeOarReady",
    "blendMode": "Add",
    "elementWeight": {
		"Head": 1000,
		"UpperTorso": 1000,
		"UpperArmR": 1000,
		"LowerArmR": 1000,
		"UpperArmL": 1000,
		"LowerArmL": 1000,
		"ItemAnchor": 1000
    },
    "elementBlendMode": {
      "UpperTorso": "AddAverage",
      "UpperArmR": "AddAverage",
      "LowerArmR": "AddAverage",
      "ItemAnchor": "AddAverage",
	  "LowerArmL": "AddAverage",
      "UpperArmL": "AddAverage",
      "Head": "AddAverage"
    }
  } },
           { "file": "game:shapes/entity/humanoid/seraph-faceless", "op": "add", "path": "/animations/-", "value": {
    "name": "CanoeOarReady-fp",
    "code": "CanoeOarReady-fp",
    "quantityframes": 30,
    "onActivityStopped": "EaseOut",
    "onAnimationEnd": "Repeat",
			"keyframes": [
				{
					"frame": 0,
					"elements": {
						"UpperTorso": { "rotationX": 0.0, "rotationY": 0.0, "rotationZ": 0.0 },
						"UpperArmR": { "offsetX": 1.5, "offsetY": -5.0, "offsetZ": -5.0, "rotationX": 0.0, "rotationY": -6.0, "rotationZ": -54.0 },
						"LowerArmR": { "offsetX": 0.0, "offsetY": 1.0, "offsetZ": 0.0, "rotationX": 0.0, "rotationY": 0.0, "rotationZ": -63.0 },
						"ItemAnchor": { "offsetX": 10.0, "offsetY": 3.1, "offsetZ": 0.0, "rotationX": 0.0, "rotationY": 61.0, "rotationZ": 172.0 },
						"UpperArmL": { "offsetX": 0.9, "offsetY": -1.9, "offsetZ": 5.0, "rotationX": -2.0, "rotationY": -11.0, "rotationZ": -86.0 },
						"LowerArmL": { "offsetX": 0.0, "offsetY": 1.0, "offsetZ": 0.0, "rotationX": 0.0, "rotationY": -3.0, "rotationZ": -66.0 }
					}
				},
				{
					"frame": 16,
					"elements": {
						"UpperTorso": { "rotationX": 0.0, "rotationY": 0.0, "rotationZ": -1.0 },
						"UpperArmR": { "rotationX": 0.0, "rotationY": -6.0, "rotationZ": -53.0 },
						"UpperArmL": { "rotationX": -2.0, "rotationY": -11.0, "rotationZ": -85.0 }
					}
				}
			]
  } 
 },
     { "file": "game:entities/humanoid/player", "op": "add", "path": "/client/animations/-", "value": {
    "code": "CanoeOarReady-fp",
    "side": "server",
    "animation": "CanoeOarReady-fp",
    "blendMode": "Add",
    "elementWeight": {
		"Head": 1000,
		"UpperTorso": 1000,
		"UpperArmR": 1000,
		"LowerArmR": 1000,
		"UpperArmL": 1000,
		"LowerArmL": 1000,
		"ItemAnchor": 1000
    },
    "elementBlendMode": {
      "UpperTorso": "AddAverage",
      "UpperArmR": "AddAverage",
      "LowerArmR": "AddAverage",
      "ItemAnchor": "AddAverage",
	  "LowerArmL": "AddAverage",
      "UpperArmL": "AddAverage",
      "Head": "AddAverage"
    }
  } },
  
  
  
             { "file": "game:shapes/entity/humanoid/seraph-faceless", "op": "add", "path": "/animations/-", "value": {
    "name": "CanoeOverHead",
    "code": "CanoeOverHead",
    "quantityframes": 30,
    "onActivityStopped": "EaseOut",
    "onAnimationEnd": "Repeat",
			"keyframes": [
				{
					"frame": 12,
					"elements": {
						"UpperArmR": { "offsetX": 0.0, "offsetY": 0.0, "offsetZ": 0.0, "rotationX": 11.0, "rotationY": -36.0, "rotationZ": -116.0 },
						"UpperArmL": { "offsetX": 0.0, "offsetY": 0.0, "offsetZ": 0.0, "rotationX": -17.0, "rotationY": 47.0, "rotationZ": -111.0 },
						"LowerArmR": { "rotationX": 3.0, "rotationY": 3.0, "rotationZ": 0.0 },
						"LowerArmL": { "rotationX": 6.0, "rotationY": 0.0, "rotationZ": 0.0 }
					}
				}
			]
  } 
 },
     { "file": "game:entities/humanoid/player", "op": "add", "path": "/client/animations/-", "value": {
    "code": "CanoeOverHead",
    "side": "server",
    "animation": "CanoeOverHead",
    "blendMode": "Add",
    "elementWeight": {
		"UpperArmR": 1000,
		"LowerArmR": 1000,
		"UpperArmL": 1000,
		"LowerArmL": 1000,
		"ItemAnchor": 1000
    },
    "elementBlendMode": {
      "UpperArmR": "AddAverage",
      "LowerArmR": "AddAverage",
      "ItemAnchor": "AddAverage",
	  "LowerArmL": "AddAverage",
      "UpperArmL": "AddAverage",
    }
  } },
]
