{
	"editor": {
		"backDropShape": "entity/humanoid/seraph-hairless",
		"allAngles": true,
		"entityTextureMode": true
	},
	"textureWidth": 16,
	"textureHeight": 16,
	"textureSizes": {
	},
	"textures": {
		"hair": "block/devastation/bush-base"
	},
	"elements": [
		{
			"name": "HairBase",
			"stepParentName": "Head",
			"from": [ -0.25, -0.35, 1.4 ],
			"to": [ 5.55, 5.05, 3.4 ],
			"autoUnwrap": false,
			"uv": [ 1.5, 10.5 ],
			"rotationOrigin": [ 2.8, 2.7, 2.5 ],
			"faces": {
				"east": { "texture": "#hair", "uv": [ 3.0, 11.0, 8.0, 13.0 ], "rotation": 90 },
				"up": { "texture": "#hair", "uv": [ 3.5, 8.0, 9.0, 10.0 ] }
			},
			"children": [
				{
					"name": "hair-uncovered",
					"from": [ 0.0, 0.0, -1.5 ],
					"to": [ 1.0, 1.0, -0.5 ],
					"uv": [ 0.0, 0.0 ],
					"rotationOrigin": [ 0.0, 0.0, -1.5 ],
					"faces": {
					},
					"children": [
						{
							"name": "BackR",
							"from": [ 5.3, 0.0, 2.6 ],
							"to": [ 7.3, 6.0, 2.6 ],
							"autoUnwrap": false,
							"uv": [ 13.0, 15.5 ],
							"rotationOrigin": [ 5.3, 3.0, 2.6 ],
							"rotationY": 11.0,
							"faces": {
								"north": { "texture": "#hair", "uv": [ 3.0, 14.0, 9.0, 16.0 ], "rotation": 90 }
							}
						},
						{
							"name": "BackL",
							"from": [ 5.3, 0.0, 2.6 ],
							"to": [ 7.3, 6.0, 2.6 ],
							"autoUnwrap": false,
							"uv": [ 13.0, 15.5 ],
							"rotationOrigin": [ 5.3, 3.0, 2.6 ],
							"rotationY": -22.0,
							"faces": {
								"north": { "texture": "#hair", "uv": [ 4.0, 5.0, 10.0, 7.0 ], "rotation": 90 }
							}
						},
						{
							"name": "SpikyBack",
							"from": [ 5.2, 0.0, 2.6 ],
							"to": [ 7.2, 6.0, 2.6 ],
							"autoUnwrap": false,
							"uv": [ 13.0, 15.5 ],
							"rotationOrigin": [ 5.2, 0.0, 2.6 ],
							"faces": {
								"north": { "texture": "#hair", "uv": [ 4.5, 4.0, 10.5, 6.0 ], "rotation": 90 }
							}
						},
						{
							"name": "SpikyTop",
							"from": [ 0.0, 5.0, 2.5 ],
							"to": [ 5.9, 7.0, 2.5 ],
							"autoUnwrap": false,
							"uv": [ 20.0, 11.5 ],
							"rotationOrigin": [ 0.0, 5.0, 2.5 ],
							"faces": {
								"north": { "texture": "#hair", "uv": [ 9.0, 0.5, 14.5, 2.5 ], "rotation": 180 }
							}
						},
						{
							"name": "TopL",
							"from": [ 0.0, 4.3, 2.6 ],
							"to": [ 6.4, 6.3, 2.6 ],
							"autoUnwrap": false,
							"uv": [ 20.0, 11.5 ],
							"rotationOrigin": [ 3.0, 4.3, 2.6 ],
							"rotationX": 22.0,
							"faces": {
								"north": { "texture": "#hair", "uv": [ 9.0, 9.5, 15.0, 11.5 ], "rotation": 180 }
							}
						},
						{
							"name": "TopR",
							"from": [ 0.0, 4.3, 2.6 ],
							"to": [ 6.4, 6.3, 2.6 ],
							"autoUnwrap": false,
							"uv": [ 20.0, 11.5 ],
							"rotationOrigin": [ 3.0, 4.3, 2.6 ],
							"rotationX": -22.0,
							"faces": {
								"north": { "texture": "#hair", "uv": [ 1.0, 0.5, 7.0, 2.5 ], "rotation": 180 }
							}
						},
						{
							"name": "Front",
							"from": [ 0.2, 3.3, 2.0 ],
							"to": [ 0.2, 5.3, 3.0 ],
							"uv": [ 9.5, 11.5 ],
							"rotationOrigin": [ 0.2, 5.3, 2.5 ],
							"rotationZ": -14.0,
							"faces": {
								"west": { "texture": "#hair", "uv": [ 9.5, 11.5, 10.5, 13.5 ] }
							}
						}
					]
				}
			]
		}
	]}