{
	"editor": {
		"allAngles": false,
		"entityTextureMode": false
	},
	"textureWidth": 16,
	"textureHeight": 16,
	"textureSizes": {
	},
	"textures": {
		"e2": "block/plant/crop/potato/e2",
		"w2": "block/plant/crop/potato/w2"
	},
	"elements": [
		{
			"name": "potato 1",
			"from": [ 3.0, 0.0, 8.0 ],
			"to": [ 4.5, 1.0, 9.5 ],
			"rotationOrigin": [ 3.0, 0.0, 8.0 ],
			"rotationY": 45.0,
			"faces": {
			},
			"children": [
				{
					"name": "s1",
					"from": [ -7.0, 0.0, 1.0 ],
					"to": [ 9.0, 16.0, 1.0 ],
					"shade": false,
					"rotationOrigin": [ 1.0, 0.0, 1.0 ],
					"faces": {
						"south": { "texture": "#e2", "uv": [ 0.0, 0.0, 16.0, 16.0 ], "autoUv": false, "windMode": [0,0,2,2] }
					}
				},
				{
					"name": "n1",
					"from": [ -7.0, 0.0, 1.0 ],
					"to": [ 9.0, 16.0, 1.0 ],
					"shade": false,
					"rotationOrigin": [ 1.0, 0.0, 1.0 ],
					"rotationY": 90.0,
					"faces": {
						"south": { "texture": "#w2", "uv": [ 0.0, 0.0, 16.0, 16.0 ], "autoUv": false, "windMode": [0,0,2,2] }
					}
				}
			]
		},
		{
			"name": "potato 2",
			"from": [ 13.0, 0.0, 8.0 ],
			"to": [ 14.5, 1.0, 9.5 ],
			"rotationOrigin": [ 13.0, 0.0, 8.0 ],
			"rotationY": -135.0,
			"faces": {
			},
			"children": [
				{
					"name": "s2",
					"from": [ -7.0, 0.0, 1.0 ],
					"to": [ 9.0, 16.0, 1.0 ],
					"shade": false,
					"rotationOrigin": [ 1.0, 0.0, 1.0 ],
					"faces": {
						"south": { "texture": "#e2", "uv": [ 0.0, 0.0, 16.0, 16.0 ], "autoUv": false, "windMode": [0,0,2,2] }
					}
				},
				{
					"name": "n2",
					"from": [ -7.0, 0.0, 1.0 ],
					"to": [ 9.0, 16.0, 1.0 ],
					"shade": false,
					"rotationOrigin": [ 1.0, 0.0, 1.0 ],
					"rotationY": 90.0,
					"faces": {
						"south": { "texture": "#w2", "uv": [ 0.0, 0.0, 16.0, 16.0 ], "autoUv": false, "windMode": [0,0,2,2] }
					}
				}
			]
		}
	]}