{
  "textureWidth":16,
  "textureHeight":16,
  "textures":{
    "grip":"game:block/leather/plain"
  },
  "textureSizes":{
    "grip":[
      32,
      32
    ]
  },
  "elements":[
    {
      "name":"origin",
      "from":[
        11.0,
        0.5,
        7.699999988079071
      ],
      "to":[
        11.0,
        0.5,
        7.699999988079071
      ],
      "rotationOrigin":[
        8.0,
        0.0,
        8.0
      ],
      "group":"bone_fabric",
      "faces":{
        "north":{
          "texture":"#0",
          "uv":[
            0,
            0,
            4,
            4
          ],
          "autoUv":false
        },
        "east":{
          "texture":"#0",
          "uv":[
            0,
            0,
            4,
            4
          ],
          "autoUv":false
        },
        "south":{
          "texture":"#0",
          "uv":[
            0,
            0,
            4,
            4
          ],
          "autoUv":false
        },
        "west":{
          "texture":"#0",
          "uv":[
            0,
            0,
            4,
            4
          ],
          "autoUv":false
        },
        "up":{
          "texture":"#grip",
          "uv":[
            0.0,
            0.0,
            1.0,
            1.0
          ],
          "autoUv":false,
          "rotation":180
        },
        "down":{
          "texture":"#0",
          "uv":[
            0,
            0,
            4,
            4
          ],
          "autoUv":false
        }
      },
      "children":[
        {
          "name":"bone_fabric1",
          "from":[
            -9.723844289779663,
            -0.5058237314224243,
            -5.274925172328949
          ],
          "to":[
            -8.661651849746704,
            1.0555492639541626,
            -1.3407291769981384
          ],
          "rotationOrigin":[
            -9.192748069763184,
            0.27486276626586914,
            -3.3078271746635437
          ],
          "rotationY":0.30298316283737237,
          "group":"bone_fabric",
          "faces":{
            "north":{
              "texture":"#grip",
              "uv":[
                0.0,
                0.030063629150390625,
                2.0,
                2.9699363708496094
              ],
              "autoUv":false
            },
            "east":{
              "texture":"#grip",
              "uv":[
                5.728603363037109,
                11.03006362915039,
                18.000001907348633,
                13.969934463500977
              ],
              "autoUv":false
            },
            "south":{
              "texture":"#grip",
              "uv":[
                0.0,
                0.030063629150390625,
                2.0,
                2.9699363708496094
              ],
              "autoUv":false
            },
            "west":{
              "texture":"#grip",
              "uv":[
                10.0,
                9.03006362915039,
                22.27139663696289,
                11.969934463500977
              ],
              "autoUv":false
            },
            "up":{
              "texture":"#grip",
              "uv":[
                0.0,
                12.0,
                12.271395683288574,
                14.0
              ],
              "autoUv":false,
              "rotation":90
            },
            "down":{
              "texture":"#grip",
              "uv":[
                24.27139663696289,
                24.0,
                12.0,
                22.0
              ],
              "autoUv":false,
              "rotation":270
            }
          },
          "children":[]
        }
      ]
    }
  ],
  "groups":[]
}