{
	"editor": {
		"allAngles": true,
		"entityTextureMode": true
	},
	"textureWidth": 64,
	"textureHeight": 76,
	"textureSizes": {
		"bottom": [16,16],
		"skin": [64,76]
	},
	"textures": {
	},
	"elements": [
		{
			"name": "Rotation Point",
			"from": [ 0.0, 0.0, 0.0 ],
			"to": [ 0.0, 0.0, 0.0 ],
			"uv": [ 0.0, 0.0 ],
			"faces": {
			},
			"children": [
				{
					"name": "Base",
					"from": [ 0.0, 0.0, 8.0 ],
					"to": [ 0.0, 0.0, 8.0 ],
					"autoUnwrap": false,
					"uv": [ 0.0, 0.0 ],
					"rotationOrigin": [ 0.0, 0.0, 8.0 ],
					"rotationX": 0.25,
					"rotationZ": 0.25,
					"faces": {
					},
					"children": [
						{
							"name": "PeltBody",
							"from": [ 0.0, 0.0, -3.2 ],
							"to": [ 7.4, 0.42, 3.2 ],
							"unwrapMode": 7,
							"unwrapRotation": 1,
							"autoUnwrap": false,
							"uv": [ 10.0, 17.5 ],
							"rotationOrigin": [ 0.0, 0.0, -3.2 ],
							"faces": {
								"north": { "texture": "#skin", "uv": [ 15.0, 31.5, 15.5, 38.5 ], "rotation": 90, "windMode": [-1,-1,-1,-1] },
								"east": { "texture": "#skin", "uv": [ 9.5, 38.0, 15.5, 38.5 ], "windMode": [-1,-1,-1,-1] },
								"south": { "texture": "#skin", "uv": [ 9.5, 31.5, 10.0, 38.5 ], "rotation": 270, "windMode": [-1,-1,-1,-1] },
								"west": { "texture": "#skin", "uv": [ 9.5, 31.5, 15.5, 32.0 ], "rotation": 180, "windMode": [-1,-1,-1,-1] },
								"up": { "texture": "#skin", "uv": [ 9.5, 31.5, 15.5, 38.5 ], "rotation": 270, "windMode": [-1,-1,-1,-1] },
								"down": { "texture": "#bottom", "uv": [ 0.0, 0.0, 6.0, 7.0 ], "rotation": 90, "windMode": [-1,-1,-1,-1] }
							},
							"children": [
								{
									"name": "LBody",
									"from": [ 0.0, 0.01, 5.9 ],
									"to": [ 7.4, 0.41, 14.4 ],
									"unwrapMode": 7,
									"unwrapRotation": 1,
									"autoUnwrap": false,
									"uv": [ 0.0, 17.5 ],
									"rotationOrigin": [ 0.0, -0.01, 5.9 ],
									"rotationY": -3.0,
									"faces": {
										"east": { "texture": "#skin", "uv": [ 1.0, 38.0, 9.5, 38.5 ], "windMode": [-1,-1,-1,-1] },
										"south": { "texture": "#skin", "uv": [ 1.0, 31.5, 1.5, 38.5 ], "rotation": 270, "windMode": [-1,-1,-1,-1] },
										"west": { "texture": "#skin", "uv": [ 1.0, 31.5, 9.5, 32.0 ], "rotation": 180, "windMode": [-1,-1,-1,-1] },
										"up": { "texture": "#skin", "uv": [ 1.0, 31.5, 9.5, 38.5 ], "rotation": 270, "windMode": [-1,-1,-1,-1] },
										"down": { "texture": "#bottom", "uv": [ 0.0, 0.0, 8.5, 7.0 ], "rotation": 90 }
									},
									"children": [
										{
											"name": "LArm",
											"from": [ 0.0, 0.01, 6.5 ],
											"to": [ 1.5, 0.39, 13.5 ],
											"unwrapMode": 5,
											"autoUnwrap": false,
											"uv": [ 42.0, 17.0 ],
											"rotationOrigin": [ 0.0, 0.01, 6.5 ],
											"rotationY": -30.0,
											"faces": {
												"east": { "texture": "#skin", "uv": [ 47.5, 12.0, 48.0, 19.0 ], "rotation": 90 },
												"south": { "texture": "#skin", "uv": [ 44.5, 19.0, 46.0, 19.5 ], "windMode": [-1,-1,-1,-1] },
												"west": { "texture": "#skin", "uv": [ 46.0, 12.0, 46.5, 19.0 ], "rotation": 270, "windMode": [-1,-1,-1,-1] },
												"up": { "texture": "#skin", "uv": [ 44.5, 12.0, 46.0, 19.0 ], "windMode": [-1,-1,-1,-1] },
												"down": { "texture": "#bottom", "uv": [ 0.0, 0.0, 1.5, 7.0 ], "windMode": [-1,-1,-1,-1] }
											},
											"children": [
												{
													"name": "LArmLower",
													"from": [ 1.5, 0.01, -0.3 ],
													"to": [ 3.0, 0.37, 6.7 ],
													"unwrapMode": 5,
													"autoUnwrap": false,
													"uv": [ 42.5, 17.0 ],
													"rotationOrigin": [ 2.5, 0.01, -0.3 ],
													"rotationY": -10.0,
													"faces": {
														"east": { "texture": "#skin", "uv": [ 44.0, 12.0, 44.5, 19.0 ], "rotation": 90 },
														"south": { "texture": "#skin", "uv": [ 45.0, 19.0, 46.5, 19.5 ], "windMode": [-1,-1,-1,-1] },
														"up": { "texture": "#skin", "uv": [ 46.0, 12.0, 47.5, 19.0 ], "windMode": [-1,-1,-1,-1] },
														"down": { "texture": "#bottom", "uv": [ 0.0, 0.0, 1.5, 7.0 ], "windMode": [-1,-1,-1,-1] }
													}
												}
											]
										}
									]
								},
								{
									"name": "RBody",
									"from": [ 0.0, -0.41, 0.5 ],
									"to": [ 7.4, -0.01, 9.0 ],
									"unwrapMode": 6,
									"unwrapRotation": 1,
									"autoUnwrap": false,
									"uv": [ 18.0, 17.5 ],
									"rotationOrigin": [ 0.0, 0.0, 0.5 ],
									"rotationX": 180.0,
									"rotationY": -3.0,
									"faces": {
										"east": { "texture": "#skin", "uv": [ 15.5, 38.0, 24.0, 38.5 ], "rotation": 180 },
										"south": { "texture": "#skin", "uv": [ 23.5, 31.5, 24.0, 38.5 ], "rotation": 270, "windMode": [-1,-1,-1,-1] },
										"west": { "texture": "#skin", "uv": [ 15.5, 31.5, 24.0, 32.0 ], "windMode": [-1,-1,-1,-1] },
										"up": { "texture": "#bottom", "uv": [ 0.0, 0.0, 8.5, 7.0 ], "rotation": 270, "windMode": [-1,-1,-1,-1] },
										"down": { "texture": "#skin", "uv": [ 15.5, 31.5, 24.0, 38.5 ], "rotation": 90, "windMode": [-1,-1,-1,-1] }
									},
									"children": [
										{
											"name": "RArm",
											"from": [ 0.0, 0.01, 6.5 ],
											"to": [ 1.5, 0.39, 13.5 ],
											"unwrapMode": 6,
											"autoUnwrap": false,
											"uv": [ 48.0, 12.0 ],
											"rotationOrigin": [ 0.0, 0.39, 6.5 ],
											"rotationY": -30.0,
											"faces": {
												"east": { "texture": "#skin", "uv": [ 56.0, 12.0, 56.5, 19.0 ], "rotation": 90 },
												"south": { "texture": "#skin", "uv": [ 55.5, 19.0, 57.0, 19.5 ], "rotation": 180, "windMode": [-1,-1,-1,-1] },
												"west": { "texture": "#skin", "uv": [ 59.0, 12.0, 59.5, 19.0 ], "rotation": 270, "windMode": [-1,-1,-1,-1] },
												"up": { "texture": "#bottom", "uv": [ 0.0, 0.0, 1.5, 7.0 ], "windMode": [-1,-1,-1,-1] },
												"down": { "texture": "#skin", "uv": [ 54.5, 12.0, 56.0, 19.0 ], "windMode": [-1,-1,-1,-1] }
											},
											"children": [
												{
													"name": "RArmLower",
													"from": [ 1.5, 0.01, -0.3 ],
													"to": [ 3.0, 0.37, 6.7 ],
													"unwrapMode": 5,
													"autoUnwrap": false,
													"uv": [ 49.5, 12.0 ],
													"rotationOrigin": [ 2.5, 0.37, -0.3 ],
													"rotationY": -10.0,
													"faces": {
														"east": { "texture": "#skin", "uv": [ 54.5, 12.0, 55.0, 19.0 ], "rotation": 90, "windMode": [-1,-1,-1,-1] },
														"south": { "texture": "#skin", "uv": [ 56.0, 19.0, 57.5, 19.5 ], "windMode": [-1,-1,-1,-1] },
														"up": { "texture": "#bottom", "uv": [ 0.0, 0.0, 1.5, 7.0 ], "windMode": [-1,-1,-1,-1] },
														"down": { "texture": "#skin", "uv": [ 59.0, 12.0, 60.5, 19.0 ], "windMode": [-1,-1,-1,-1] }
													}
												}
											]
										}
									]
								},
								{
									"name": "PeltAbdomen",
									"from": [ 6.4, 0.01, 0.25 ],
									"to": [ 13.8, 0.41, 6.15 ],
									"unwrapMode": 7,
									"unwrapRotation": 1,
									"autoUnwrap": false,
									"uv": [ 10.0, 25.0 ],
									"rotationOrigin": [ 6.4, 0.01, 0.25 ],
									"faces": {
										"north": { "texture": "#skin", "uv": [ 14.5, 39.5, 15.0, 46.5 ], "rotation": 90, "windMode": [-1,-1,-1,-1] },
										"east": { "texture": "#skin", "uv": [ 9.5, 46.0, 15.0, 46.5 ], "windMode": [-1,-1,-1,-1] },
										"south": { "texture": "#skin", "uv": [ 9.0, 39.5, 9.5, 46.5 ], "rotation": 270, "windMode": [-1,-1,-1,-1] },
										"up": { "texture": "#skin", "uv": [ 9.5, 39.5, 15.0, 46.5 ], "rotation": 270, "windMode": [-1,-1,-1,-1] },
										"down": { "texture": "#bottom", "uv": [ 0.0, 0.0, 5.5, 7.0 ], "rotation": 90, "windMode": [-1,-1,-1,-1] }
									},
									"children": [
										{
											"name": "LAbdomen",
											"from": [ 0.0, 0.01, 5.4 ],
											"to": [ 7.4, 0.39, 13.6 ],
											"unwrapMode": 7,
											"unwrapRotation": 1,
											"autoUnwrap": false,
											"uv": [ 0.5, 24.5 ],
											"rotationOrigin": [ 0.0, 0.01, 5.4 ],
											"rotationY": -3.0,
											"faces": {
												"east": { "texture": "#skin", "uv": [ 1.5, 46.0, 9.5, 46.5 ] },
												"south": { "texture": "#skin", "uv": [ 1.5, 39.5, 2.0, 46.5 ], "rotation": 270, "windMode": [-1,-1,-1,-1] },
												"west": { "texture": "#skin", "uv": [ 1.5, 39.5, 9.5, 40.0 ], "rotation": 180, "windMode": [-1,-1,-1,-1] },
												"up": { "texture": "#skin", "uv": [ 1.5, 39.5, 9.5, 46.5 ], "rotation": 270, "windMode": [-1,-1,-1,-1] },
												"down": { "texture": "#bottom", "uv": [ 0.0, 0.0, 8.0, 7.0 ], "rotation": 90, "windMode": [-1,-1,-1,-1] }
											}
										},
										{
											"name": "RAbdomen",
											"from": [ 0.0, -0.37, 0.5 ],
											"to": [ 7.4, 0.01, 8.7 ],
											"unwrapMode": 6,
											"unwrapRotation": 1,
											"autoUnwrap": false,
											"uv": [ 18.0, 24.5 ],
											"rotationOrigin": [ 0.0, 0.01, 0.5 ],
											"rotationX": 180.0,
											"rotationY": -3.0,
											"faces": {
												"east": { "texture": "#skin", "uv": [ 15.0, 46.0, 23.0, 46.5 ], "rotation": 180 },
												"south": { "texture": "#skin", "uv": [ 22.5, 39.5, 23.0, 46.5 ], "rotation": 270, "windMode": [-1,-1,-1,-1] },
												"west": { "texture": "#skin", "uv": [ 15.0, 39.5, 23.0, 40.0 ], "windMode": [-1,-1,-1,-1] },
												"up": { "texture": "#bottom", "uv": [ 0.0, 0.0, 8.0, 7.0 ], "rotation": 270, "windMode": [-1,-1,-1,-1] },
												"down": { "texture": "#skin", "uv": [ 15.0, 39.5, 23.0, 46.5 ], "rotation": 90, "windMode": [-1,-1,-1,-1] }
											}
										},
										{
											"name": "PeltRear",
											"from": [ 7.4, 0.0, -0.05 ],
											"to": [ 14.4, 0.4, 5.95 ],
											"unwrapMode": 7,
											"unwrapRotation": 1,
											"autoUnwrap": false,
											"uv": [ 10.0, 33.0 ],
											"rotationOrigin": [ 7.4, 0.0, -0.05 ],
											"faces": {
												"north": { "texture": "#skin", "uv": [ 15.5, 47.5, 16.0, 54.5 ], "rotation": 90, "windMode": [-1,-1,-1,-1] },
												"east": { "texture": "#skin", "uv": [ 9.5, 54.0, 15.5, 54.5 ], "windMode": [-1,-1,-1,-1] },
												"south": { "texture": "#skin", "uv": [ 9.0, 47.5, 9.5, 54.5 ], "rotation": 270, "windMode": [-1,-1,-1,-1] },
												"up": { "texture": "#skin", "uv": [ 9.5, 47.5, 15.5, 54.5 ], "rotation": 270, "windMode": [-1,-1,-1,-1] },
												"down": { "texture": "#bottom", "uv": [ 0.0, 0.0, 6.0, 7.0 ], "rotation": 90, "windMode": [-1,-1,-1,-1] }
											},
											"children": [
												{
													"name": "LRear",
													"from": [ 0.0, 0.01, 5.5 ],
													"to": [ 7.0, 0.39, 14.1 ],
													"unwrapMode": 7,
													"unwrapRotation": 1,
													"autoUnwrap": false,
													"uv": [ 20.0, 32.5 ],
													"rotationOrigin": [ 0.0, 0.01, 5.5 ],
													"rotationY": -3.0,
													"faces": {
														"east": { "texture": "#skin", "uv": [ 1.0, 54.0, 9.5, 54.5 ] },
														"south": { "texture": "#skin", "uv": [ 1.0, 47.5, 1.5, 54.5 ], "rotation": 270, "windMode": [-1,-1,-1,-1] },
														"west": { "texture": "#skin", "uv": [ 1.0, 47.5, 9.5, 48.0 ], "rotation": 180, "windMode": [-1,-1,-1,-1] },
														"up": { "texture": "#skin", "uv": [ 1.0, 47.5, 9.5, 54.5 ], "rotation": 270, "windMode": [-1,-1,-1,-1] },
														"down": { "texture": "#bottom", "uv": [ 0.0, 0.0, 8.5, 7.0 ], "rotation": 90, "windMode": [-1,-1,-1,-1] }
													},
													"children": [
														{
															"name": "LLeg",
															"from": [ 4.4, 0.01, 8.4 ],
															"to": [ 9.4, 0.37, 15.9 ],
															"unwrapMode": 5,
															"autoUnwrap": false,
															"uv": [ 0.0, 5.5 ],
															"rotationOrigin": [ 4.4, 0.01, 8.4 ],
															"rotationY": 72.0,
															"faces": {
																"east": { "texture": "#skin", "uv": [ 33.0, 39.0, 33.5, 46.5 ], "rotation": 90, "windMode": [-1,-1,-1,-1] },
																"south": { "texture": "#skin", "uv": [ 33.5, 46.5, 38.5, 47.0 ], "windMode": [-1,-1,-1,-1] },
																"west": { "texture": "#skin", "uv": [ 38.5, 39.0, 39.0, 46.5 ], "rotation": 270, "windMode": [-1,-1,-1,-1] },
																"up": { "texture": "#skin", "uv": [ 33.5, 39.0, 38.5, 46.5 ], "windMode": [-1,-1,-1,-1] },
																"down": { "texture": "#bottom", "uv": [ 0.0, 0.0, 5.0, 7.5 ], "windMode": [-1,-1,-1,-1] }
															}
														}
													]
												},
												{
													"name": "RRear",
													"from": [ 0.0, -0.37, 0.5 ],
													"to": [ 7.0, 0.01, 9.1 ],
													"unwrapMode": 6,
													"unwrapRotation": 1,
													"autoUnwrap": false,
													"uv": [ 18.0, 32.5 ],
													"rotationOrigin": [ 0.0, 0.01, 0.5 ],
													"rotationX": 180.0,
													"rotationY": -3.0,
													"faces": {
														"east": { "texture": "#skin", "uv": [ 15.5, 54.0, 24.0, 54.5 ], "rotation": 180 },
														"south": { "texture": "#skin", "uv": [ 23.5, 47.5, 24.0, 54.5 ], "rotation": 270, "windMode": [-1,-1,-1,-1] },
														"west": { "texture": "#skin", "uv": [ 15.5, 47.5, 24.0, 48.0 ], "windMode": [-1,-1,-1,-1] },
														"up": { "texture": "#bottom", "uv": [ 0.0, 0.0, 8.5, 7.0 ], "rotation": 270, "windMode": [-1,-1,-1,-1] },
														"down": { "texture": "#skin", "uv": [ 15.5, 47.5, 24.0, 54.5 ], "rotation": 90, "windMode": [-1,-1,-1,-1] }
													},
													"children": [
														{
															"name": "RLeg",
															"from": [ 4.4, 0.01, 8.4 ],
															"to": [ 9.4, 0.37, 15.9 ],
															"unwrapMode": 5,
															"autoUnwrap": false,
															"uv": [ 43.0, 45.0 ],
															"rotationOrigin": [ 4.4, 0.37, 8.4 ],
															"rotationY": 72.0,
															"faces": {
																"east": { "texture": "#skin", "uv": [ 55.0, 39.0, 55.5, 46.5 ], "rotation": 90 },
																"south": { "texture": "#skin", "uv": [ 50.0, 46.5, 55.0, 47.0 ], "windMode": [-1,-1,-1,-1] },
																"west": { "texture": "#skin", "uv": [ 49.5, 39.0, 50.0, 46.5 ], "rotation": 270, "windMode": [-1,-1,-1,-1] },
																"up": { "texture": "#bottom", "uv": [ 0.0, 0.0, 5.0, 7.5 ], "windMode": [-1,-1,-1,-1] },
																"down": { "texture": "#skin", "uv": [ 50.0, 39.0, 55.0, 46.5 ], "windMode": [-1,-1,-1,-1] }
															}
														}
													]
												},
												{
													"name": "PeltTail",
													"from": [ 7.0, 0.01, 2.4 ],
													"to": [ 9.4, 0.39, 3.6 ],
													"unwrapMode": 7,
													"unwrapRotation": 1,
													"autoUnwrap": false,
													"uv": [ 43.0, 48.5 ],
													"rotationOrigin": [ 7.0, 0.01, 3.0 ],
													"faces": {
														"north": { "texture": "#skin", "uv": [ 44.5, 48.5, 45.0, 50.5 ], "rotation": 90 },
														"east": { "texture": "#skin", "uv": [ 43.5, 50.5, 44.5, 51.0 ], "windMode": [-1,-1,-1,-1] },
														"south": { "texture": "#skin", "uv": [ 43.0, 48.5, 43.5, 50.5 ], "rotation": 270, "windMode": [-1,-1,-1,-1] },
														"up": { "texture": "#skin", "uv": [ 43.5, 48.5, 44.5, 50.5 ], "rotation": 270, "windMode": [-1,-1,-1,-1] },
														"down": { "texture": "#skin", "uv": [ 45.5, 48.5, 46.5, 50.5 ], "rotation": 90, "windMode": [-1,-1,-1,-1] }
													},
													"children": [
														{
															"name": "PeltTailEnd",
															"from": [ 2.2, -0.01, -0.1 ],
															"to": [ 5.4, 0.38, 1.3 ],
															"unwrapMode": 7,
															"unwrapRotation": 1,
															"uv": [ 43.0, 53.0 ],
															"rotationOrigin": [ 2.2, -0.01, -0.15 ],
															"faces": {
																"north": { "texture": "#skin", "uv": [ 44.5, 53.0, 45.0, 56.0 ], "rotation": 90, "windMode": [-1,-1,-1,-1] },
																"east": { "texture": "#skin", "uv": [ 43.5, 56.0, 44.5, 56.5 ], "windMode": [-1,-1,-1,-1] },
																"south": { "texture": "#skin", "uv": [ 43.0, 53.0, 43.5, 56.0 ], "rotation": 270, "windMode": [-1,-1,-1,-1] },
																"up": { "texture": "#skin", "uv": [ 43.5, 53.0, 44.5, 56.0 ], "rotation": 270, "windMode": [-1,-1,-1,-1] },
																"down": { "texture": "#skin", "uv": [ 45.0, 53.0, 46.0, 56.0 ], "rotation": 90, "windMode": [-1,-1,-1,-1] }
															}
														}
													]
												}
											]
										}
									]
								},
								{
									"name": "LNeck",
									"from": [ -6.4, 0.02, 3.2 ],
									"to": [ 0.0, 0.4, 7.9 ],
									"unwrapMode": 7,
									"unwrapRotation": 1,
									"autoUnwrap": false,
									"uv": [ 6.0, 11.0 ],
									"rotationOrigin": [ 0.0, 0.02, 3.2 ],
									"rotationY": 22.0,
									"faces": {
										"north": { "texture": "#skin", "uv": [ 10.5, 16.0, 11.0, 22.0 ], "rotation": 90 },
										"south": { "texture": "#skin", "uv": [ 6.5, 16.0, 7.0, 22.0 ], "rotation": 270, "windMode": [-1,-1,-1,-1] },
										"west": { "texture": "#skin", "uv": [ 6.5, 16.0, 11.0, 16.5 ], "rotation": 180, "windMode": [-1,-1,-1,-1] },
										"up": { "texture": "#skin", "uv": [ 6.5, 16.0, 11.0, 22.0 ], "rotation": 270, "windMode": [-1,-1,-1,-1] },
										"down": { "texture": "#bottom", "uv": [ 0.0, 0.0, 4.5, 6.0 ], "rotation": 90, "windMode": [-1,-1,-1,-1] }
									}
								},
								{
									"name": "RNeck",
									"from": [ -6.4, -0.36, 3.2 ],
									"to": [ 0.0, 0.02, 7.9 ],
									"unwrapMode": 6,
									"unwrapRotation": 1,
									"autoUnwrap": false,
									"uv": [ 15.5, 11.0 ],
									"rotationOrigin": [ 0.0, 0.02, 3.2 ],
									"rotationX": 180.0,
									"rotationY": 22.0,
									"faces": {
										"north": { "texture": "#skin", "uv": [ 14.0, 16.0, 14.5, 22.0 ], "rotation": 90 },
										"south": { "texture": "#skin", "uv": [ 18.0, 16.0, 18.5, 22.0 ], "rotation": 270, "windMode": [-1,-1,-1,-1] },
										"west": { "texture": "#skin", "uv": [ 14.0, 16.0, 18.5, 16.5 ], "windMode": [-1,-1,-1,-1] },
										"up": { "texture": "#bottom", "uv": [ 0.0, 0.0, 4.5, 6.0 ], "rotation": 270, "windMode": [-1,-1,-1,-1] },
										"down": { "texture": "#skin", "uv": [ 14.0, 16.0, 18.5, 22.0 ], "rotation": 90, "windMode": [-1,-1,-1,-1] }
									}
								}
							]
						}
					]
				}
			]
		}
	]}