[
  {
    "op": "remove",
    "path": "/attributes/onAntlerMountTransformByType/*",
    "file": "game:itemtypes/resource/antler.json",
    "side": "Server"
  },
  {
    "op": "remove",
    "path": "/groundTransformByType/*",
    "file": "game:itemtypes/resource/antler.json",
    "side": "Server"
  },
  {
    "op": "remove",
    "path": "/shapeByType/*",
    "file": "game:itemtypes/resource/antler.json",
    "side": "Server"
  },
  {
    "op": "remove",
    "path": "/tpHandTransformByType/*",
    "file": "game:itemtypes/resource/antler.json",
    "side": "Server"
  },


  {
    "op": "addmerge",
    "path": "/attributes/onAntlerMountTransformByType/antler-ceratotheriumsimum-*",
    "value": {
      "translation": {
        "x": 0.2,
        "y": 0.1,
        "z": 0.4
      },
      "rotation": {
        "x": 180,
        "y": 1,
        "z": -90
      },
      "origin": {
        "x": 0.12,
        "y": 0.3,
        "z": 0.1
      }
    },
    "file": "game:itemtypes/resource/antler.json",
    "side": "Server"
  },
  {
    "op": "addmerge",
    "path": "/groundTransformByType/antler-ceratotheriumsimum-*",
    "value": {
      "translation": {
        "x": 0,
        "y": -0.06,
        "z": 0
      },
      "rotation": {
        "x": 0,
        "y": 0,
        "z": -2
      },
      "origin": {
        "x": 0.0,
        "y": 0.0,
        "z": 0.0
      },
      "scale": 5
    },
    "file": "game:itemtypes/resource/antler.json",
    "side": "Server"
  },
  {
    "op": "addmerge",
    "path": "/guiTransformByType/antler-ceratotheriumsimum-*",
    "value": {
      "translation": {
        "x": 0,
        "y": 0,
        "z": 0
      },
      "rotation": {
        "x": -2,
        "y": -48,
        "z": -148
      },
      "origin": {
        "x": 0.1,
        "y": 0.2,
        "z": 0.1
      },
      "scaleXyz": {
        "x": -1.34,
        "y": 1.34,
        "z": 1.34
      }
    },
    "file": "game:itemtypes/resource/antler.json",
    "side": "Server"
  },
  {
    "op": "addmerge",
    "path": "/shapeByType/antler-ceratotheriumsimum-*",
    "value": {
      "base": "rhinocerotidae:entity/land/rhinocerotidae/ceratotheriumsimum/antlers{size}"
    },
    "file": "game:itemtypes/resource/antler.json",
    "side": "Server"
  },
  {
    "op": "addmerge",
    "path": "/tpHandTransformByType/antler-ceratotheriumsimum-*",
    "value": {
      "translation": {
        "x": 0.1,
        "y": -0.5,
        "z": -0.1
      },
      "rotation": {
        "x": -7,
        "y": -5,
        "z": 107
      },
      "origin": {
        "x": 0.02,
        "y": 0.13,
        "z": 0.08
      },
      "scale": 0.71
    },
    "file": "game:itemtypes/resource/antler.json",
    "side": "Server"
  },
  {
    "op": "addmerge",
    "path": "/variantgroups/0/states/-",
    "value": "ceratotheriumsimum",
    "file": "game:itemtypes/resource/antler.json",
    "side": "Server"
  },


  {
    "op": "addmerge",
    "path": "/attributes/onAntlerMountTransformByType/antler-coelodontaantiquitatis-*",
    "value": {
      "translation": {
        "x": 0.2,
        "y": 0.1,
        "z": 0.4
      },
      "rotation": {
        "x": 180,
        "y": 1,
        "z": -90
      },
      "origin": {
        "x": 0.12,
        "y": 0.3,
        "z": 0.1
      }
    },
    "file": "game:itemtypes/resource/antler.json",
    "side": "Server"
  },
  {
    "op": "addmerge",
    "path": "/groundTransformByType/antler-coelodontaantiquitatis-*",
    "value": {
      "translation": {
        "x": 0,
        "y": -0.06,
        "z": 0
      },
      "rotation": {
        "x": 0,
        "y": 0,
        "z": -2
      },
      "origin": {
        "x": 0.0,
        "y": 0.0,
        "z": 0.0
      },
      "scale": 5
    },
    "file": "game:itemtypes/resource/antler.json",
    "side": "Server"
  },
  {
    "op": "addmerge",
    "path": "/guiTransformByType/antler-coelodontaantiquitatis-*",
    "value": {
      "translation": {
        "x": 0,
        "y": 0,
        "z": 0
      },
      "rotation": {
        "x": -2,
        "y": -48,
        "z": -148
      },
      "origin": {
        "x": 0.1,
        "y": 0.2,
        "z": 0.1
      },
      "scaleXyz": {
        "x": -1.34,
        "y": 1.34,
        "z": 1.34
      }
    },
    "file": "game:itemtypes/resource/antler.json",
    "side": "Server"
  },
  {
    "op": "addmerge",
    "path": "/shapeByType/antler-coelodontaantiquitatis-*",
    "value": {
      "base": "rhinocerotidae:entity/land/rhinocerotidae/coelodontaantiquitatis/antlers{size}"
    },
    "file": "game:itemtypes/resource/antler.json",
    "side": "Server"
  },
  {
    "op": "addmerge",
    "path": "/tpHandTransformByType/antler-coelodontaantiquitatis-*",
    "value": {
      "translation": {
        "x": 0.1,
        "y": -0.5,
        "z": -0.1
      },
      "rotation": {
        "x": -7,
        "y": -5,
        "z": 107
      },
      "origin": {
        "x": 0.02,
        "y": 0.13,
        "z": 0.08
      },
      "scale": 0.71
    },
    "file": "game:itemtypes/resource/antler.json",
    "side": "Server"
  },
  {
    "op": "addmerge",
    "path": "/variantgroups/0/states/-",
    "value": "coelodontaantiquitatis",
    "file": "game:itemtypes/resource/antler.json",
    "side": "Server"
  },

  
  
  {
    "op": "addmerge",
    "path": "/skipVariants/-",
    "value": "antler-dicerorhinussumatrensis-06",
    "file": "game:itemtypes/resource/antler.json",
    "side": "Server"
  },
  {
    "op": "addmerge",
    "path": "/skipVariants/-",
    "value": "antler-dicerorhinussumatrensis-07",
    "file": "game:itemtypes/resource/antler.json",
    "side": "Server"
  },
  {
    "op": "addmerge",
    "path": "/skipVariants/-",
    "value": "antler-dicerorhinussumatrensis-08",
    "file": "game:itemtypes/resource/antler.json",
    "side": "Server"
  },
  {
    "op": "addmerge",
    "path": "/skipVariants/-",
    "value": "antler-dicerorhinussumatrensis-09",
    "file": "game:itemtypes/resource/antler.json",
    "side": "Server"
  },


  {
    "op": "addmerge",
    "path": "/attributes/onAntlerMountTransformByType/antler-dicerorhinussumatrensis-*",
    "value": {
      "translation": {
        "x": 0.22,
        "y": 0.2,
        "z": 0.41
      },
      "rotation": {
        "x": 180,
        "y": 1,
        "z": -90
      },
      "origin": {
        "x": 0.12,
        "y": 0.3,
        "z": 0.1
      }
    },
    "file": "game:itemtypes/resource/antler.json",
    "side": "Server"
  },
  {
    "op": "addmerge",
    "path": "/groundTransformByType/antler-dicerorhinussumatrensis-*",
    "value": {
      "translation": {
        "x": 0,
        "y": -0.06,
        "z": 0
      },
      "rotation": {
        "x": 0,
        "y": 0,
        "z": -2
      },
      "origin": {
        "x": 0.0,
        "y": 0.0,
        "z": 0.0
      },
      "scale": 5
    },
    "file": "game:itemtypes/resource/antler.json",
    "side": "Server"
  },
  {
    "op": "addmerge",
    "path": "/guiTransformByType/antler-dicerorhinussumatrensis-*",
     "value": {
      "translation": {
        "x": 0,
        "y": 0,
        "z": 0
      },
      "rotation": {
        "x": -2,
        "y": -48,
        "z": -148
      },
      "origin": {
        "x": 0.1,
        "y": 0.2,
        "z": 0.1
      },
      "scaleXyz": {
        "x": -2.34,
        "y": 2.34,
        "z": 2.34
      }
    },
    "file": "game:itemtypes/resource/antler.json",
    "side": "Server"
  },
  {
    "op": "addmerge",
    "path": "/shapeByType/antler-dicerorhinussumatrensis-*",
    "value": {
      "base": "rhinocerotidae:entity/land/rhinocerotidae/dicerorhinussumatrensis/antlers{size}"
    },
    "file": "game:itemtypes/resource/antler.json",
    "side": "Server"
  },
  {
    "op": "addmerge",
    "path": "/tpHandTransformByType/antler-dicerorhinussumatrensis-*",
    "value": {
      "translation": {
        "x": 0.1,
        "y": -0.5,
        "z": -0.1
      },
      "rotation": {
        "x": -7,
        "y": -5,
        "z": 107
      },
      "origin": {
        "x": 0.02,
        "y": 0.13,
        "z": 0.08
      },
      "scale": 0.71
    },
    "file": "game:itemtypes/resource/antler.json",
    "side": "Server"
  },
  {
    "op": "addmerge",
    "path": "/variantgroups/0/states/-",
    "value": "dicerorhinussumatrensis",
    "file": "game:itemtypes/resource/antler.json",
    "side": "Server"
  },


  {
    "op": "addmerge",
    "path": "/attributes/onAntlerMountTransformByType/antler-dicerosbicornis-*",
    "value": {
      "translation": {
        "x": 0.2,
        "y": 0.1,
        "z": 0.4
      },
      "rotation": {
        "x": 180,
        "y": 1,
        "z": -90
      },
      "origin": {
        "x": 0.12,
        "y": 0.3,
        "z": 0.1
      }
    },
    "file": "game:itemtypes/resource/antler.json",
    "side": "Server"
  },
  {
    "op": "addmerge",
    "path": "/groundTransformByType/antler-dicerosbicornis-*",
    "value": {
      "translation": {
        "x": 0,
        "y": -0.06,
        "z": 0
      },
      "rotation": {
        "x": 0,
        "y": 0,
        "z": -2
      },
      "origin": {
        "x": 0.0,
        "y": 0.0,
        "z": 0.0
      },
      "scale": 5
    },
    "file": "game:itemtypes/resource/antler.json",
    "side": "Server"
  },
  {
    "op": "addmerge",
    "path": "/guiTransformByType/antler-dicerosbicornis-*",
    "value": {
      "translation": {
        "x": 0,
        "y": 0,
        "z": 0
      },
      "rotation": {
        "x": -2,
        "y": -48,
        "z": -148
      },
      "origin": {
        "x": 0.1,
        "y": 0.2,
        "z": 0.1
      },
      "scaleXyz": {
        "x": -1.34,
        "y": 1.34,
        "z": 1.34
      }
    },
    "file": "game:itemtypes/resource/antler.json",
    "side": "Server"
  },
  {
    "op": "addmerge",
    "path": "/shapeByType/antler-dicerosbicornis-*",
    "value": {
      "base": "rhinocerotidae:entity/land/rhinocerotidae/dicerosbicornis/antlers{size}"
    },
    "file": "game:itemtypes/resource/antler.json",
    "side": "Server"
  },
  {
    "op": "addmerge",
    "path": "/tpHandTransformByType/antler-dicerosbicornis-*",
    "value": {
      "translation": {
        "x": 0.1,
        "y": -0.5,
        "z": -0.1
      },
      "rotation": {
        "x": -7,
        "y": -5,
        "z": 107
      },
      "origin": {
        "x": 0.02,
        "y": 0.13,
        "z": 0.08
      },
      "scale": 0.71
    },
    "file": "game:itemtypes/resource/antler.json",
    "side": "Server"
  },
  {
    "op": "addmerge",
    "path": "/variantgroups/0/states/-",
    "value": "dicerosbicornis",
    "file": "game:itemtypes/resource/antler.json",
    "side": "Server"
  },

  
  
  {
    "op": "addmerge",
    "path": "/skipVariants/-",
    "value": "antler-rhinocerossondaicus-06",
    "file": "game:itemtypes/resource/antler.json",
    "side": "Server"
  },
  {
    "op": "addmerge",
    "path": "/skipVariants/-",
    "value": "antler-rhinocerossondaicus-07",
    "file": "game:itemtypes/resource/antler.json",
    "side": "Server"
  },
  {
    "op": "addmerge",
    "path": "/skipVariants/-",
    "value": "antler-rhinocerossondaicus-08",
    "file": "game:itemtypes/resource/antler.json",
    "side": "Server"
  },
  {
    "op": "addmerge",
    "path": "/skipVariants/-",
    "value": "antler-rhinocerossondaicus-09",
    "file": "game:itemtypes/resource/antler.json",
    "side": "Server"
  },


  {
    "op": "addmerge",
    "path": "/attributes/onAntlerMountTransformByType/antler-rhinocerossondaicus-*",
    "value": {
      "translation": {
        "x": 0.22,
        "y": 0.2,
        "z": 0.41
      },
      "rotation": {
        "x": 180,
        "y": 1,
        "z": -90
      },
      "origin": {
        "x": 0.12,
        "y": 0.3,
        "z": 0.1
      }
    },
    "file": "game:itemtypes/resource/antler.json",
    "side": "Server"
  },
  {
    "op": "addmerge",
    "path": "/groundTransformByType/antler-rhinocerossondaicus-*",
    "value": {
      "translation": {
        "x": 0,
        "y": -0.06,
        "z": 0
      },
      "rotation": {
        "x": 0,
        "y": 0,
        "z": -2
      },
      "origin": {
        "x": 0.0,
        "y": 0.0,
        "z": 0.0
      },
      "scale": 5
    },
    "file": "game:itemtypes/resource/antler.json",
    "side": "Server"
  },
  {
    "op": "addmerge",
    "path": "/guiTransformByType/antler-rhinocerossondaicus-*",
    "value": {
      "translation": {
        "x": 0,
        "y": 0,
        "z": 0
      },
      "rotation": {
        "x": -2,
        "y": -48,
        "z": -148
      },
      "origin": {
        "x": 0.1,
        "y": 0.2,
        "z": 0.1
      },
      "scaleXyz": {
        "x": -2.34,
        "y": 2.34,
        "z": 2.34
      }
    },
    "file": "game:itemtypes/resource/antler.json",
    "side": "Server"
  },
  {
    "op": "addmerge",
    "path": "/shapeByType/antler-rhinocerossondaicus-*",
    "value": {
      "base": "rhinocerotidae:entity/land/rhinocerotidae/rhinocerossondaicus/antlers{size}"
    },
    "file": "game:itemtypes/resource/antler.json",
    "side": "Server"
  },
  {
    "op": "addmerge",
    "path": "/tpHandTransformByType/antler-rhinocerossondaicus-*",
    "value": {
      "translation": {
        "x": 0.1,
        "y": -0.5,
        "z": -0.1
      },
      "rotation": {
        "x": -7,
        "y": -5,
        "z": 107
      },
      "origin": {
        "x": 0.02,
        "y": 0.13,
        "z": 0.08
      },
      "scale": 0.71
    },
    "file": "game:itemtypes/resource/antler.json",
    "side": "Server"
  },
  {
    "op": "addmerge",
    "path": "/variantgroups/0/states/-",
    "value": "rhinocerossondaicus",
    "file": "game:itemtypes/resource/antler.json",
    "side": "Server"
  },


  {
    "op": "addmerge",
    "path": "/attributes/onAntlerMountTransformByType/antler-rhinocerosunicornis-*",
    "value": {
       "translation": {
        "x": 0.22,
        "y": 0.2,
        "z": 0.41
      },
      "rotation": {
        "x": 180,
        "y": 1,
        "z": -90
      },
      "origin": {
        "x": 0.12,
        "y": 0.3,
        "z": 0.1
      }
    },
    "file": "game:itemtypes/resource/antler.json",
    "side": "Server"
  },
  {
    "op": "addmerge",
    "path": "/groundTransformByType/antler-rhinocerosunicornis-*",
    "value": {
      "translation": {
        "x": 0,
        "y": -0.06,
        "z": 0
      },
      "rotation": {
        "x": 0,
        "y": 0,
        "z": -2
      },
      "origin": {
        "x": 0.0,
        "y": 0.0,
        "z": 0.0
      },
      "scale": 5
    },
    "file": "game:itemtypes/resource/antler.json",
    "side": "Server"
  },
  {
    "op": "addmerge",
    "path": "/guiTransformByType/antler-rhinocerosunicornis-*",
    "value": {
      "translation": {
        "x": 0,
        "y": 0,
        "z": 0
      },
      "rotation": {
        "x": -2,
        "y": -48,
        "z": -148
      },
      "origin": {
        "x": 0.1,
        "y": 0.2,
        "z": 0.1
      },
      "scaleXyz": {
        "x": -2.34,
        "y": 2.34,
        "z": 2.34
      }
    },
    "file": "game:itemtypes/resource/antler.json",
    "side": "Server"
  },
  {
    "op": "addmerge",
    "path": "/shapeByType/antler-rhinocerosunicornis-*",
    "value": {
      "base": "rhinocerotidae:entity/land/rhinocerotidae/rhinocerosunicornis/antlers{size}"
    },
    "file": "game:itemtypes/resource/antler.json",
    "side": "Server"
  },
  {
    "op": "addmerge",
    "path": "/tpHandTransformByType/antler-rhinocerosunicornis-*",
    "value": {
      "translation": {
        "x": -0.1,
        "y": -0.4,
        "z": -0.5
      },
      "rotation": {
        "x": -74,
        "y": -36,
        "z": -48
      },
      "origin": {
        "x": 0.12,
        "y": 0.33,
        "z": 0.28
      },
      "scale": 0.71
    },
    "file": "game:itemtypes/resource/antler.json",
    "side": "Server"
  },
  {
    "op": "addmerge",
    "path": "/variantgroups/0/states/-",
    "value": "rhinocerosunicornis",
    "file": "game:itemtypes/resource/antler.json",
    "side": "Server"
  },




  
  


  {
    "op": "addmerge",
    "path": "/attributes/onAntlerMountTransformByType/*",
    "value": {
      "translation": {"x": -0.1,"y": 0.133,"z": 0.42},
      "rotation": {"x": -180,"y": 0,"z": -63},
      "origin": {"x": 0.2,"y": 0.2,"z": 0.2}
    },
    "file": "game:itemtypes/resource/antler.json",
    "side": "Server"
  },
  {
    "op": "addmerge",
    "path": "/groundTransformByType/*",
    "value": {
      "translation": {"x": 0,"y": 0.04,"z": 0},
      "rotation": {"x": 0,"y": 0,"z": 0},
      "origin": {"x": 0.5,"y": 0.6,"z": 0.5},
      "scale": 5
    },
    "file": "game:itemtypes/resource/antler.json",
    "side": "Server"
  },
  {
    "op": "addmerge",
    "path": "/shapeByType/*",
    "value": {
      "base": "entity/animal/mammal/hooved/deer/{type}/antlers{size}"
    },
    "file": "game:itemtypes/resource/antler.json",
    "side": "Server"
  },
  {
    "op": "addmerge",
    "path": "/tpHandTransformByType/*",
    "value": {
      "translation": {"x": -0.15,"y": -0.9,"z": -0.26},
      "rotation": {"x": 0,"y": -94,"z": -144},
      "origin": {"x": 0.53,"y": 0.42,"z": 0.52},
      "scale": 1.0
    },
    "file": "game:itemtypes/resource/antler.json",
    "side": "Server"
  }
]