[
	{
		"op": "addmerge",
		"path": "/shapeByType/*-meteoricsteel",
		"value": {
			"base": "toolsmith:item/parts/hammer/heads/advanced"
		},
		"file": "game:itemtypes/toolhead/hammerhead.json",
		"condition": { "when": "Toolsmith_MultiPartRendering", "isValue": "true" }
	},
	{
		"op": "remove",
		"path": "/shapeByType/*",
		"file": "game:itemtypes/toolhead/hammerhead.json",
		"condition": { "when": "Toolsmith_MultiPartRendering", "isValue": "true" }
	},
	{
		"op": "addmerge",
		"path": "/shapeByType/*",
		"value": {
			"base": "toolsmith:item/parts/hammer/heads/simple"
		},
		"file": "game:itemtypes/toolhead/hammerhead.json",
		"condition": { "when": "Toolsmith_MultiPartRendering", "isValue": "true" }
	}
]