[
{
    "file": "pemmican:itemtypes/food/rusks.json",
    "op": "addmerge",
    "path": "/variantgroups/0/states/-",
    "value": "sabalpalmetto",
	"dependsOn": [ { "modid": "floralzonescaribbeanregion" } ]
 },
 {
    "file": "pemmican:itemtypes/food/rusks.json",
    "op": "addmerge",
    "path": "/texturesbytype/rusks-sabalpalmetto-raw",
    "value": {
      "bread": { "base": "floralzonescaribbeanregion:item/food/grain/sabalpalmettobread" }
    },
	"dependsOn": [ { "modid": "floralzonescaribbeanregion" } ]
 },
 {
    "file": "pemmican:itemtypes/food/rusks.json",
    "op": "addmerge",
    "path": "/texturesbytype/rusks-sabalpalmetto-dry",
    "value": {
      "bread": { "base": "floralzonescaribbeanregion:item/food/grain/sabalpalmettobread1" }
    },
	"dependsOn": [ { "modid": "floralzonescaribbeanregion" } ]
 },
 {
    "file": "pemmican:recipes/grid/cracker.json",
    "op": "addmerge",
    "path": "/-",
    "value": {
	"ingredientPattern": "K,B",
	"ingredients": {
		"K": { "type": "item", "code": "game:knife-*", "isTool": true, "toolDurabilityCost": 1 },
		"B": { "type": "item", "code": "floralzonescaribbeanregion:bread-sabalpalmetto-perfect" },
	},
	"width": 1,
	"height": 2,
	"shapeless": true,
	"output": { "type": "item", "code": "pemmican:rusks-sabalpalmetto-raw", "quantity": 1 }
    },
	"dependsOn": [ { "modid": "floralzonescaribbeanregion" } ]
 },
]
