{
  "wolp":{
		"Enabled": true,
    "Group": "beasts",
		"Icon": "lupines:icons/wolp",
    "GroupIcon": "playermodellib:icons/beasts",
    "ShapePath": "lupines:lupine",
		"BaseShapeCode": "playermodellib:digitigrade",
    "MainTextureCode": "fur-main",
		"ModelSizeFactor": 1,
		"CollisionBox": [ 0.42, 1.8 ],
		"SizeRange": [0.9, 1.1],
    "ScaleColliderWithSizeHorizontally": true,
    "ScaleColliderWithSizeVertically": true,
    "SneakEyeHeightMultiplier": 0.7,
    "EyeHeight": 1.8,
    "RemoveTags": ["seraph"],
		"AddTags": ["beast", "lupine"],
    "SkinnableParts": [
      {
        "code": "lupine-furcolor",
				"type": "texture",
				"textureTarget": "fur-main",
				"targetSkinParts": ["base", "hairbase", "hairextra", "ear", "manetorso"],
				"overlayTexture": false,
				"textureTemplate": "lupines:fur/variant-{code}",
				"variants": [
					{ "code": "0" },
					{ "code": "1" },
					{ "code": "2" },
					{ "code": "3" },
					{ "code": "4" },
					{ "code": "5" }
				]
      },
      {
        "code": "lupine-pattern",
				"type": "texture",
				"textureTarget": "fur-main",
				"targetSkinParts": ["base", "hairbase", "hairextra", "ear", "manetorso"],
				"overlayTexture": true,
				"overlayMode": "normal",
				"textureTemplate": "lupines:pattern/variant-{code}",
				"variants": [
					{ "code": "none" },
					{ "code": "0" },
					{ "code": "1" },
					{ "code": "2" },
					{ "code": "3" },
					{ "code": "4" },
					{ "code": "5" },
					{ "code": "6" },
					{ "code": "7" },
					{ "code": "8" },
					{ "code": "9" }
				]
      },
      {
        "code": "lupine-patternsecondary",
				"type": "texture",
				"textureTarget": "fur-main",
				"targetSkinParts": ["base", "hairbase", "hairextra", "ear", "manetorso"],
				"overlayTexture": true,
				"overlayMode": "normal",
				"textureTemplate": "lupines:pattern/variant-{code}",
				"variants": [
					{ "code": "none" },
					{ "code": "0" },
					{ "code": "1" },
					{ "code": "2" },
					{ "code": "3" },
					{ "code": "4" },
					{ "code": "5" },
					{ "code": "6" },
					{ "code": "7" },
					{ "code": "8" },
					{ "code": "9" }
				]
      },
      {
        "code": "lupine-eyecolor",
				"type": "texture",
				"textureTarget": "fur-main",
				"targetSkinParts": ["base"],
				"overlayTexture": true,
				"overlayMode": "normal",
				"textureTemplate": "lupines:eyes/variant-{code}",
				"variants": [
					{ "code": "0", "color": "140200200" },
					{ "code": "1", "color": "190200140" },
					{ "code": "2", "color": "240220120" },
					{ "code": "3", "color": "240160060" },
					{ "code": "4", "color": "060240120" }
				]
      },
      {
        "code": "lupine-eyeliner",
				"type": "texture",
				"textureTarget": "fur-main",
				"targetSkinParts": ["base"],
				"overlayTexture": true,
				"overlayMode": "normal",
				"textureTemplate": "lupines:eyeliner/variant-{code}",
				"variants": [
					{ "code": "none" },
					{ "code": "0" },
  				{ "code": "1" },
  				{ "code": "2" }
				]
      },
      {
        "code": "lupine-pigmentcolor",
				"type": "texture",
				"textureTarget": "fur-main",
				"targetSkinParts": ["base", "ear"],
				"overlayTexture": true,
				"overlayMode": "normal",
				"textureTemplate": "lupines:pigment/variant-{code}",
				"variants": [
					{ "code": "0", "color": "030030030" },
					{ "code": "1", "color": "200160170" }
				]
      },
      {
				"colbreak": true,
        "code": "lupine-decalcolor",
				"type": "texture",
				"textureTarget": "fur-main",
				"targetSkinParts": ["base"],
				"overlayTexture": true,
				"overlayMode": "normal",
				"textureTemplate": "lupines:universal/variant-{code}",
				"variants": [
					{ "code": "0" }
				]
      },
			{
				"code": "ear",
				"type": "shape",
				"shapeTemplate": { "base": "lupines:lupineparts/ear/variant-{code}" },
				"variants": [
					{ "code": "0" }
				]
			},
			{
				"code": "hairbase",
				"type": "shape",
				"shapeTemplate": { "base": "lupines:lupineparts/mane/{code}" },
				"variants": [
					{ "code": "none" },
					{ "code": "mane01" },
					{ "code": "mane02" }
				]
			},
			{
				"code": "hairextra",
				"type": "shape",
				"shapeTemplate": { "base": "lupines:lupineparts/maneface/{code}" },
				"variants": [
					{ "code": "none" },
					{ "code": "maneextra01" },
					{ "code": "maneextra02" }
				]
			},
			{
				"code": "manetorso",
				"type": "shape",
				"shapeTemplate": { "base": "lupines:lupineparts/manetorso/{code}" },
				"variants": [
					{ "code": "none" },
					{ "code": "manetorso01" }
				]
			},
			{
				"code": "voicetype",
				"type": "voice",
				"useDropDown": true,
				"variants": [
					{ "code": "niuch", "sound": "lupines:sounds/voice/niuch" },
					{ "code": "uhm", "sound": "lupines:sounds/voice/uhm" },
					{ "code": "niuhuh", "sound": "lupines:sounds/voice/niuhuh" },
					{ "code": "uhmh", "sound": "lupines:sounds/voice/uhmh" },
					{ "code": "uhoh", "sound": "lupines:sounds/voice/uhoh" }
				]
			},
			{
				"code": "voicepitch",
				"type": "voice",
				"useDropDown": true,
				"variants": [
					{ "code": "verylow" },
					{ "code": "low" },
					{ "code": "medium" },
					{ "code": "high" }
				]
			}
    ],
		"CombatOverhaulConfig": {
			"Colliders": {
				"elements": {
					"Torso": ["LowerTorso", "UpperTorso"],
					"Head": ["Head"],
					"Arm": ["UpperArmR", "UpperArmL", "LowerArmR", "LowerArmL"],
					"Leg": ["UpperFootL", "UpperFootR", "LowerFootL", "LowerFootR"],
					"Critical": ["Neck"]
				},
				"defaultPenetrationResistance": 3,
				"penetrationResistances": {"LowerTorso": 9, "UpperTorso": 9, "Head": 9},
				"resistantCollidersStopProjectiles": true
			},
			"DamageModel": {
				"secondChanceCooldownSec": 300,
				"secondChanceAvailable": true,
				"secondChanceGracePeriodSec": 8,
        "bodyParts": {
          "LowerTorso": "Torso",
          "UpperTorso": "Torso",
          "Head": "Head",
          "Neck": "Neck",
          "UpperArmR": "RightArm",
          "UpperArmL": "LeftArm",
          "LowerArmR": "RightHand",
          "LowerArmL": "LeftHand",
          "UpperFootL": "LeftLeg",
          "UpperFootR": "RightLeg",
          "LowerFootL": "LeftFoot",
          "LowerFootR": "RightFoot"
        },
        "damageModel": {
          "Zones": [
            {"Zone": "Torso", "Coverage": 100, "Top": 90, "Bottom": 90, "Left": 180, "Right": 180, "DamageMultiplier": 1},
            {"Zone": "Head", "Coverage": 60, "Top": 90, "Bottom": 15, "Left": 180, "Right": 180, "DamageMultiplier": 2},
            {"Zone": "Neck", "Coverage": 5, "Top": 30, "Bottom": 15, "Left": 180, "Right": 180, "DamageMultiplier": 2},
            {"Zone": "Face", "Coverage": 10, "Top": 60, "Bottom": 60, "Left": 60, "Right": 60, "DamageMultiplier": 1.5},
            {"Zone": "LeftArm", "Coverage": 15, "Top": 90, "Bottom": 90, "Left": 180, "Right": 0, "DamageMultiplier": 0.5},
            {"Zone": "RightArm", "Coverage": 15, "Top": 90, "Bottom": 90, "Left": 0, "Right": 180, "DamageMultiplier": 0.5},
            {"Zone": "LeftHand", "Coverage": 15, "Top": 90, "Bottom": 90, "Left": 180, "Right": 0, "DamageMultiplier": 0.5},
            {"Zone": "RightHand", "Coverage": 15, "Top": 90, "Bottom": 90, "Left": 0, "Right": 180, "DamageMultiplier": 0.5},
            {"Zone": "LeftLeg", "Coverage": 15, "Top": 60, "Bottom": 90, "Left": 180, "Right": 0, "DamageMultiplier": 0.5},
            {"Zone": "RightLeg", "Coverage": 15, "Top": 60, "Bottom": 90, "Left": 0, "Right": 180, "DamageMultiplier": 0.5},
            {"Zone": "LeftFoot", "Coverage": 15, "Top": 60, "Bottom": 90, "Left": 180, "Right": 0, "DamageMultiplier": 0.5},
            {"Zone": "RightFoot", "Coverage": 15, "Top": 60, "Bottom": 90, "Left": 0, "Right": 180, "DamageMultiplier": 0.5}
          ]
        }
			}
		}
  }
}
