{
  "code": "wildseeds",
  "class": "wildseed",
  "behaviors": [
    {
      "name": "GroundStorable",
      "properties": {
        "layout": "Quadrants",
        "ctrlKey": true,
        "selectionBox": {
          "x1": 0,
          "y1": 0,
          "z1": 0,
          "x2": 1,
          "y2": 0.1,
          "z2": 1
        },
        "collisionBox": {
          "x1": 0,
          "y1": 0,
          "z1": 0,
          "x2": 0,
          "y2": 0,
          "z2": 0
        },
        "scale": 0.5
      }
    }
  ],
  "creativeinventory": {
    "general": [ "*" ],
    "items": [ "*" ],
    "wildfarming": [ "*" ]
  },
  "attributes": {
    "handbook": {
      "groupBy": [ "wildseeds-*" ]
    },
    "groundStorageTransform": {
      "translation": {
        "x": 0,
        "y": -0.25,
        "z": 0
      },
      "scale": 0.5
    }
  },
  "maxstacksize": 64,
  "variantgroups": [
    {
      "code": "type",
      "states": [ "flower-rafflesia" ]
    },
    {
      "code": "color",
      "states": [ "brown", "red" ]
    }
  ],
  "shape": { "base": "game:item/resource/seeds/seedbag" },
  "textures": {
    "seed": { "base": "item/wildseeds-rafflesia-{color}" }
  },
  "fpHandTransform": {
    "translation": {
      "x": 0,
      "y": 0,
      "z": 0
    },
    "rotation": {
      "x": 180,
      "y": 90,
      "z": 13
    }
  },
  "materialDensity": 450,
  "guiTransform": {
    "translation": {
      "x": 0,
      "y": 0,
      "z": 0
    },
    "rotation": {
      "x": 159,
      "y": -145,
      "z": 0
    },
    "origin": {
      "x": 0.53,
      "y": 0.37,
      "z": 0.5
    },
    "scale": 1.99
  },
  "tpHandTransform": {
    "translation": {
      "x": -1.67,
      "y": -1.25,
      "z": -0.8
    },
    "rotation": {
      "x": 70,
      "y": 11,
      "z": -65
    },
    "scale": 0.41
  },
  "groundTransform": {
    "translation": {
      "x": 0,
      "y": 0.2,
      "z": 0
    },
    "rotation": {
      "x": -4,
      "y": 8,
      "z": 0
    },
    "origin": {
      "x": 0.5,
      "y": 0.5,
      "z": 0.5299
    },
    "scale": 1.92
  }
}

