{
	"editor": {
		"collapsedPaths": ",Root/Walkway20/Support,Root/base,Root/base/walkway3,Root/support2,Root/base/walkway2,Root/base/walkway7,Root/Walkway20/Walkway21,Root/base/walkway5,Root/base/walkway6,Root/Walkway20,Root/suppor2,Root/base/walkway35,Root/base/walkway36,Root/Support1,Root/base/Support",
		"allAngles": false,
		"entityTextureMode": false
	},
	"textureWidth": 16,
	"textureHeight": 16,
	"textureSizes": {
	},
	"textures": {
		"bamboo": "block/plant/bamboo/stem-brown"
	},
	"elements": [
		{
			"name": "walkway",
			"from": [ 0.0, 14.5, 0.0 ],
			"to": [ 0.0, 14.5, 0.0 ],
			"rotationOrigin": [ 0.0, 14.5, 0.0 ],
			"faces": {
				"north": { "texture": "#bamboo", "uv": [ 0.0, 0.0, 0.5, 0.5 ] },
				"east": { "texture": "#bamboo", "uv": [ 0.0, 0.0, 0.5, 0.5 ] },
				"south": { "texture": "#bamboo", "uv": [ 0.0, 0.0, 0.5, 0.5 ] },
				"west": { "texture": "#bamboo", "uv": [ 0.0, 0.0, 0.5, 0.5 ] },
				"up": { "texture": "#bamboo", "uv": [ 0.0, 0.0, 0.5, 0.5 ] },
				"down": { "texture": "#bamboo", "uv": [ 0.0, 0.0, 0.5, 0.5 ] }
			},
			"children": [
				{
					"name": "walkway1",
					"from": [ 0.0, 0.0, 0.0 ],
					"to": [ 1.5, 1.5, 8.0 ],
					"faces": {
						"north": { "texture": "#bamboo", "uv": [ 13.0, 8.5, 16.0, 11.5 ], "autoUv": false },
						"east": { "texture": "#bamboo", "uv": [ 3.0, 0.0, 4.5, 8.0 ], "rotation": 90 },
						"west": { "texture": "#bamboo", "uv": [ 1.5, 0.0, 3.0, 8.0 ], "rotation": 270 },
						"up": { "texture": "#bamboo", "uv": [ 0.0, 0.0, 1.5, 8.0 ] },
						"down": { "texture": "#bamboo", "uv": [ 4.5, 0.0, 6.0, 8.0 ] }
					},
					"children": [
						{
							"name": "walkway1.1",
							"from": [ 0.0, 0.0, 8.0 ],
							"to": [ 1.5, 1.5, 16.0 ],
							"faces": {
								"east": { "texture": "#bamboo", "uv": [ 3.0, 8.0, 4.5, 16.0 ], "rotation": 90 },
								"south": { "texture": "#bamboo", "uv": [ 13.0, 11.0, 16.0, 14.0 ], "autoUv": false },
								"west": { "texture": "#bamboo", "uv": [ 1.5, 8.0, 3.0, 16.0 ], "rotation": 270 },
								"up": { "texture": "#bamboo", "uv": [ 0.0, 8.0, 1.5, 16.0 ] },
								"down": { "texture": "#bamboo", "uv": [ 4.5, 8.0, 6.0, 16.0 ] }
							}
						}
					]
				},
				{
					"name": "walkway2",
					"from": [ 2.057, 0.0, 0.0 ],
					"to": [ 3.557, 1.5, 8.0 ],
					"rotationOrigin": [ 2.0, 0.0, 0.0 ],
					"faces": {
						"north": { "texture": "#bamboo", "uv": [ 13.0, 6.0, 16.0, 9.0 ], "autoUv": false },
						"east": { "texture": "#bamboo", "uv": [ 3.0, 1.0, 4.5, 9.0 ], "rotation": 90 },
						"west": { "texture": "#bamboo", "uv": [ 1.5, 1.0, 3.0, 9.0 ], "rotation": 270 },
						"up": { "texture": "#bamboo", "uv": [ 0.0, 1.0, 1.5, 9.0 ] },
						"down": { "texture": "#bamboo", "uv": [ 4.5, 1.0, 6.0, 9.0 ] }
					},
					"children": [
						{
							"name": "walkway2.1",
							"from": [ 0.0, 0.0, 8.0 ],
							"to": [ 1.5, 1.5, 16.0 ],
							"faces": {
								"east": { "texture": "#bamboo", "uv": [ 0.0, 11.0, 8.0, 12.5 ] },
								"south": { "texture": "#bamboo", "uv": [ 13.0, 11.0, 16.0, 14.0 ], "autoUv": false },
								"west": { "texture": "#bamboo", "uv": [ 0.0, 12.5, 8.0, 14.0 ] },
								"up": { "texture": "#bamboo", "uv": [ 0.0, 14.0, 8.0, 15.5 ], "rotation": 90 },
								"down": { "texture": "#bamboo", "uv": [ 0.0, 9.5, 8.0, 11.0 ], "rotation": 90 }
							}
						}
					]
				},
				{
					"name": "walkway3",
					"from": [ 4.12, 0.0, 0.0 ],
					"to": [ 5.62, 1.5, 8.0 ],
					"rotationOrigin": [ 2.0, 0.0, 0.0 ],
					"faces": {
						"north": { "texture": "#bamboo", "uv": [ 13.0, 11.0, 16.0, 14.0 ], "autoUv": false },
						"east": { "texture": "#bamboo", "uv": [ 0.5, 9.0, 8.5, 10.5 ] },
						"west": { "texture": "#bamboo", "uv": [ 0.5, 9.0, 8.5, 10.5 ], "rotation": 180 },
						"up": { "texture": "#bamboo", "uv": [ 0.5, 9.0, 8.5, 10.5 ], "rotation": 270 },
						"down": { "texture": "#bamboo", "uv": [ 0.5, 9.0, 8.5, 10.5 ], "rotation": 270 }
					},
					"children": [
						{
							"name": "walkway3.1",
							"from": [ 0.0, 0.0, 8.0 ],
							"to": [ 1.5, 1.5, 16.0 ],
							"faces": {
								"east": { "texture": "#bamboo", "uv": [ 0.0, 12.0, 8.0, 13.5 ] },
								"south": { "texture": "#bamboo", "uv": [ 13.0, 11.0, 16.0, 14.0 ], "autoUv": false },
								"west": { "texture": "#bamboo", "uv": [ 0.0, 10.5, 8.0, 12.0 ] },
								"up": { "texture": "#bamboo", "uv": [ 0.0, 9.0, 8.0, 10.5 ], "rotation": 270 },
								"down": { "texture": "#bamboo", "uv": [ 0.0, 13.5, 8.0, 15.0 ], "rotation": 90 }
							}
						}
					]
				},
				{
					"name": "walkway4",
					"from": [ 6.18, 0.0, 0.0 ],
					"to": [ 7.68, 1.5, 8.0 ],
					"rotationOrigin": [ 2.0, 0.0, 0.0 ],
					"faces": {
						"north": { "texture": "#bamboo", "uv": [ 13.0, 11.0, 16.0, 14.0 ], "autoUv": false },
						"east": { "texture": "#bamboo", "uv": [ 3.0, 8.0, 4.5, 16.0 ], "rotation": 270 },
						"west": { "texture": "#bamboo", "uv": [ 1.5, 8.0, 3.0, 16.0 ], "rotation": 90 },
						"up": { "texture": "#bamboo", "uv": [ 0.0, 8.0, 1.5, 16.0 ], "rotation": 180 },
						"down": { "texture": "#bamboo", "uv": [ 5.0, 8.0, 6.5, 16.0 ], "rotation": 180 }
					},
					"children": [
						{
							"name": "walkway4.1",
							"from": [ 0.0, 0.0, 8.0 ],
							"to": [ 1.5, 1.5, 16.0 ],
							"faces": {
								"east": { "texture": "#bamboo", "uv": [ 3.0, 0.0, 4.5, 8.0 ], "rotation": 90 },
								"south": { "texture": "#bamboo", "uv": [ 13.0, 11.0, 16.0, 14.0 ], "autoUv": false },
								"west": { "texture": "#bamboo", "uv": [ 1.5, 0.0, 3.0, 8.0 ], "rotation": 270 },
								"up": { "texture": "#bamboo", "uv": [ 0.0, 0.0, 1.5, 8.0 ], "rotation": 180 },
								"down": { "texture": "#bamboo", "uv": [ 4.5, 0.0, 6.0, 8.0 ], "rotation": 180 }
							}
						}
					]
				},
				{
					"name": "walkway5",
					"from": [ 8.24, 0.0, 0.0 ],
					"to": [ 9.74, 1.5, 8.0 ],
					"rotationOrigin": [ 2.0, 0.0, 0.0 ],
					"faces": {
						"north": { "texture": "#bamboo", "uv": [ 10.5, 11.0, 13.5, 14.0 ], "autoUv": false },
						"east": { "texture": "#bamboo", "uv": [ 3.0, 5.0, 4.5, 13.0 ], "rotation": 90 },
						"west": { "texture": "#bamboo", "uv": [ 1.5, 5.0, 3.0, 13.0 ], "rotation": 270 },
						"up": { "texture": "#bamboo", "uv": [ 0.0, 5.0, 1.5, 13.0 ] },
						"down": { "texture": "#bamboo", "uv": [ 5.0, 5.0, 6.5, 13.0 ] }
					},
					"children": [
						{
							"name": "walkway5.1",
							"from": [ 0.0, 0.0, 8.0 ],
							"to": [ 1.5, 1.5, 16.0 ],
							"faces": {
								"east": { "texture": "#bamboo", "uv": [ 0.5, 11.0, 8.5, 12.5 ], "rotation": 180 },
								"south": { "texture": "#bamboo", "uv": [ 13.0, 11.0, 16.0, 14.0 ], "autoUv": false },
								"west": { "texture": "#bamboo", "uv": [ 0.5, 12.5, 8.5, 14.0 ] },
								"up": { "texture": "#bamboo", "uv": [ 0.5, 14.0, 8.5, 15.5 ], "rotation": 90 },
								"down": { "texture": "#bamboo", "uv": [ 0.5, 9.5, 8.5, 11.0 ], "rotation": 90 }
							}
						}
					]
				},
				{
					"name": "walkway6",
					"from": [ 10.3, 0.0, 0.0 ],
					"to": [ 11.8, 1.5, 8.0 ],
					"rotationOrigin": [ 2.0, 0.0, 0.0 ],
					"faces": {
						"north": { "texture": "#bamboo", "uv": [ 13.0, 6.0, 16.0, 9.0 ], "autoUv": false },
						"east": { "texture": "#bamboo", "uv": [ 0.0, 11.0, 8.0, 12.5 ] },
						"west": { "texture": "#bamboo", "uv": [ 0.0, 12.5, 8.0, 14.0 ] },
						"up": { "texture": "#bamboo", "uv": [ 0.0, 14.0, 8.0, 15.5 ], "rotation": 90 },
						"down": { "texture": "#bamboo", "uv": [ 0.0, 9.5, 8.0, 11.0 ], "rotation": 90 }
					},
					"children": [
						{
							"name": "walkway6.1",
							"from": [ 0.0, 0.0, 8.0 ],
							"to": [ 1.5, 1.5, 16.0 ],
							"faces": {
								"east": { "texture": "#bamboo", "uv": [ 0.0, 3.0, 8.0, 4.5 ] },
								"south": { "texture": "#bamboo", "uv": [ 13.0, 11.0, 16.0, 14.0 ], "autoUv": false },
								"west": { "texture": "#bamboo", "uv": [ 0.0, 4.5, 8.0, 6.0 ] },
								"up": { "texture": "#bamboo", "uv": [ 0.0, 6.0, 8.0, 7.5 ], "rotation": 270 },
								"down": { "texture": "#bamboo", "uv": [ 0.0, 1.5, 8.0, 3.0 ], "rotation": 90 }
							}
						}
					]
				},
				{
					"name": "walkway7",
					"from": [ 12.36, 0.0, 0.0 ],
					"to": [ 13.86, 1.5, 8.0 ],
					"rotationOrigin": [ 2.0, 0.0, 0.0 ],
					"faces": {
						"north": { "texture": "#bamboo", "uv": [ 8.0, 11.0, 11.0, 14.0 ], "autoUv": false },
						"east": { "texture": "#bamboo", "uv": [ 0.0, 9.0, 8.0, 10.5 ] },
						"west": { "texture": "#bamboo", "uv": [ 0.0, 10.5, 8.0, 12.0 ] },
						"up": { "texture": "#bamboo", "uv": [ 0.0, 12.0, 8.0, 13.5 ], "rotation": 90 },
						"down": { "texture": "#bamboo", "uv": [ 0.0, 13.5, 8.0, 15.0 ], "rotation": 90 }
					},
					"children": [
						{
							"name": "walkway7.1",
							"from": [ 0.0, 0.0, 8.0 ],
							"to": [ 1.5, 1.5, 16.0 ],
							"faces": {
								"east": { "texture": "#bamboo", "uv": [ 0.0, 4.0, 1.5, 12.0 ], "rotation": 90 },
								"south": { "texture": "#bamboo", "uv": [ 13.0, 11.0, 16.0, 14.0 ], "autoUv": false },
								"west": { "texture": "#bamboo", "uv": [ 1.5, 4.0, 3.0, 12.0 ], "rotation": 270 },
								"up": { "texture": "#bamboo", "uv": [ 3.0, 4.0, 4.5, 12.0 ] },
								"down": { "texture": "#bamboo", "uv": [ 4.5, 4.0, 6.0, 12.0 ] }
							}
						}
					]
				},
				{
					"name": "walkway8",
					"from": [ 14.5, 0.0, 0.0 ],
					"to": [ 16.0, 1.5, 8.0 ],
					"rotationOrigin": [ 2.0, 0.0, 0.0 ],
					"faces": {
						"north": { "texture": "#bamboo", "uv": [ 13.0, 8.5, 16.0, 11.5 ], "rotation": 180, "autoUv": false },
						"east": { "texture": "#bamboo", "uv": [ 0.0, 3.5, 8.0, 5.0 ], "rotation": 180 },
						"west": { "texture": "#bamboo", "uv": [ 0.0, 3.5, 8.0, 5.0 ], "rotation": 180 },
						"up": { "texture": "#bamboo", "uv": [ 0.0, 3.5, 8.0, 5.0 ], "rotation": 270 },
						"down": { "texture": "#bamboo", "uv": [ 0.0, 3.5, 8.0, 5.0 ], "rotation": 90 }
					},
					"children": [
						{
							"name": "walkway8.1",
							"from": [ 0.0, 0.0, 8.0 ],
							"to": [ 1.5, 1.5, 16.0 ],
							"faces": {
								"east": { "texture": "#bamboo", "uv": [ 0.0, 6.5, 1.5, 14.5 ], "rotation": 90 },
								"south": { "texture": "#bamboo", "uv": [ 13.0, 11.0, 16.0, 14.0 ], "autoUv": false },
								"west": { "texture": "#bamboo", "uv": [ 0.0, 6.5, 1.5, 14.5 ], "rotation": 270 },
								"up": { "texture": "#bamboo", "uv": [ 0.0, 6.5, 1.5, 14.5 ] },
								"down": { "texture": "#bamboo", "uv": [ 0.0, 6.5, 1.5, 14.5 ] }
							}
						}
					]
				}
			]
		},
		{
			"name": "support1",
			"from": [ -0.01, 12.01, -1.04 ],
			"to": [ 12.31, 14.99, 1.94 ],
			"rotationOrigin": [ 1.0, 12.0, -1.0 ],
			"rotationY": -45.0,
			"faces": {
				"north": { "texture": "#bamboo", "uv": [ 0.0, 1.0, 2.5, 13.0 ], "rotation": 270 },
				"south": { "texture": "#bamboo", "uv": [ 0.0, 1.0, 2.5, 13.0 ], "rotation": 90 },
				"west": { "texture": "#bamboo", "uv": [ 8.0, 11.0, 11.0, 14.0 ], "autoUv": false },
				"up": { "texture": "#bamboo", "uv": [ 0.0, 1.0, 2.5, 13.0 ], "rotation": 90 },
				"down": { "texture": "#bamboo", "uv": [ 0.0, 1.0, 2.5, 13.0 ], "rotation": 270 }
			},
			"children": [
				{
					"name": "support1.1",
					"from": [ 12.32, 0.0, 0.0 ],
					"to": [ 24.64, 2.98, 2.98 ],
					"rotationOrigin": [ 10.5, 0.0, 0.0 ],
					"faces": {
						"north": { "texture": "#bamboo", "uv": [ 0.0, 3.5, 2.5, 15.5 ], "rotation": 270 },
						"east": { "texture": "#bamboo", "uv": [ 13.0, 11.0, 16.0, 14.0 ], "autoUv": false },
						"south": { "texture": "#bamboo", "uv": [ 5.0, 3.5, 7.5, 15.5 ], "rotation": 90 },
						"up": { "texture": "#bamboo", "uv": [ 0.0, 3.5, 2.5, 15.5 ], "rotation": 90 },
						"down": { "texture": "#bamboo", "uv": [ 5.0, 3.5, 7.5, 15.5 ], "rotation": 270 }
					}
				}
			]
		},
		{
			"name": "support2",
			"from": [ -2.32, 12.0, 15.29 ],
			"to": [ 8.9, 15.0, 18.29 ],
			"rotationOrigin": [ -1.3, 12.0, 15.3 ],
			"rotationY": 45.0,
			"faces": {
				"north": { "texture": "#bamboo", "uv": [ 0.0, 1.0, 3.0, 12.0 ], "rotation": 270 },
				"south": { "texture": "#bamboo", "uv": [ 0.0, 1.0, 3.0, 12.0 ], "rotation": 90 },
				"west": { "texture": "#bamboo", "uv": [ 13.0, 11.0, 16.0, 14.0 ] },
				"up": { "texture": "#bamboo", "uv": [ 0.0, 1.0, 3.0, 12.0 ], "rotation": 90 },
				"down": { "texture": "#bamboo", "uv": [ 0.0, 1.0, 3.0, 12.0 ], "rotation": 270 }
			},
			"children": [
				{
					"name": "support2.1",
					"from": [ 14.22, 0.0, 0.0 ],
					"to": [ 25.44, 3.0, 3.0 ],
					"rotationOrigin": [ 11.5, 0.0, 0.0 ],
					"faces": {
						"north": { "texture": "#bamboo", "uv": [ 0.0, 5.0, 3.0, 16.0 ], "rotation": 270 },
						"east": { "texture": "#bamboo", "uv": [ 10.5, 11.0, 13.5, 14.0 ] },
						"south": { "texture": "#bamboo", "uv": [ 5.0, 5.0, 8.0, 16.0 ], "rotation": 90 },
						"up": { "texture": "#bamboo", "uv": [ 0.0, 5.0, 3.0, 16.0 ], "rotation": 90 },
						"down": { "texture": "#bamboo", "uv": [ 5.0, 5.0, 8.0, 16.0 ], "rotation": 270 }
					}
				}
			]
		}
	]}