{
	"editor": {
		"backDropShape": "entity/bovinae/bubalusdepressicornis/adult",
		"allAngles": true,
		"entityTextureMode": true
	},
	"textureWidth": 48,
	"textureHeight": 56,
	"textureSizes": {
		"skin": [48,56]
	},
	"textures": {
		"skin": "entity/bovinae/bubalusdepressicornis-male"
	},
	"elements": [
		{
			"name": "RHorn1",
			"stepParentName": "AntlerBase",
			"from": [ -0.25, 0.25, -1.25 ],
			"to": [ 0.75, 1.5, -0.25 ],
			"unwrapMode": 2,
			"uv": [ 21.0, 10.5 ],
			"rotationOrigin": [ 0.125, 0.25, -0.75 ],
			"rotationX": -83.0,
			"rotationY": -3.0,
			"rotationZ": -75.0,
			"faces": {
				"north": { "texture": "#skin", "uv": [ 23.0, 11.5, 24.0, 12.5 ] },
				"east": { "texture": "#skin", "uv": [ 22.0, 11.5, 23.0, 12.5 ] },
				"south": { "texture": "#skin", "uv": [ 21.0, 11.5, 22.0, 12.5 ] },
				"west": { "texture": "#skin", "uv": [ 24.0, 11.5, 25.0, 12.5 ] },
				"up": { "texture": "#skin", "uv": [ 22.0, 10.5, 23.0, 11.5 ], "rotation": 270 }
			},
			"children": [
				{
					"name": "RHorn2",
					"from": [ 0.05, 1.1, 0.05 ],
					"to": [ 0.95, 2.1, 0.95 ],
					"unwrapMode": 2,
					"uv": [ 23.0, 10.0 ],
					"rotationOrigin": [ 0.5, 1.1, 0.5 ],
					"rotationX": 1.0,
					"rotationY": -1.0,
					"rotationZ": -1.0,
					"faces": {
						"north": { "texture": "#skin", "uv": [ 24.0, 10.5, 24.5, 11.5 ] },
						"east": { "texture": "#skin", "uv": [ 23.5, 10.5, 24.0, 11.5 ] },
						"south": { "texture": "#skin", "uv": [ 23.0, 10.5, 23.5, 11.5 ] },
						"west": { "texture": "#skin", "uv": [ 24.5, 10.5, 25.0, 11.5 ] },
						"up": { "texture": "#skin", "uv": [ 23.5, 10.0, 24.0, 10.5 ], "rotation": 270 }
					},
					"children": [
						{
							"name": "RHorn3",
							"from": [ 0.05, 0.75, 0.05 ],
							"to": [ 0.85, 1.75, 0.85 ],
							"unwrapMode": 2,
							"uv": [ 23.0, 9.0 ],
							"rotationOrigin": [ 0.45, 0.75, 0.45 ],
							"rotationY": 1.0,
							"rotationZ": -1.0,
							"faces": {
								"north": { "texture": "#skin", "uv": [ 24.0, 9.5, 24.5, 10.5 ] },
								"east": { "texture": "#skin", "uv": [ 23.5, 9.5, 24.0, 10.5 ] },
								"south": { "texture": "#skin", "uv": [ 23.0, 9.5, 23.5, 10.5 ] },
								"west": { "texture": "#skin", "uv": [ 24.5, 9.5, 25.0, 10.5 ] },
								"up": { "texture": "#skin", "uv": [ 23.5, 9.0, 24.0, 9.5 ], "rotation": 270 }
							},
							"children": [
								{
									"name": "RHorn4",
									"from": [ 0.05, 0.6, 0.05 ],
									"to": [ 0.75, 1.6, 0.75 ],
									"unwrapMode": 3,
									"uv": [ 23.0, 8.0 ],
									"rotationOrigin": [ 0.4, 0.6, 0.4 ],
									"rotationY": 1.0,
									"rotationZ": -1.0,
									"faces": {
										"north": { "texture": "#skin", "uv": [ 24.5, 8.5, 25.0, 9.5 ] },
										"east": { "texture": "#skin", "uv": [ 24.0, 8.5, 24.5, 9.5 ] },
										"south": { "texture": "#skin", "uv": [ 23.5, 8.5, 24.0, 9.5 ] },
										"west": { "texture": "#skin", "uv": [ 23.0, 8.5, 23.5, 9.5 ] },
										"up": { "texture": "#skin", "uv": [ 23.5, 8.0, 24.0, 8.5 ] }
									},
									"children": [
										{
											"name": "RHorn5",
											"from": [ 0.05, 0.75, 0.05 ],
											"to": [ 0.65, 1.75, 0.65 ],
											"unwrapMode": 1,
											"uv": [ 23.0, 7.0 ],
											"rotationOrigin": [ 0.35, 0.75, 0.35 ],
											"rotationX": 1.0,
											"rotationY": 1.0,
											"rotationZ": -1.0,
											"faces": {
												"north": { "texture": "#skin", "uv": [ 23.5, 7.5, 24.0, 8.5 ] },
												"east": { "texture": "#skin", "uv": [ 23.0, 7.5, 23.5, 8.5 ] },
												"south": { "texture": "#skin", "uv": [ 24.5, 7.5, 25.0, 8.5 ] },
												"west": { "texture": "#skin", "uv": [ 24.0, 7.5, 24.5, 8.5 ] },
												"up": { "texture": "#skin", "uv": [ 23.5, 7.0, 24.0, 7.5 ], "rotation": 180 }
											},
											"children": [
												{
													"name": "RHorn6",
													"from": [ 0.05, 0.75, 0.05 ],
													"to": [ 0.55, 1.75, 0.55 ],
													"unwrapMode": 1,
													"uv": [ 23.0, 6.0 ],
													"rotationOrigin": [ 0.3, 0.75, 0.3 ],
													"rotationX": 1.0,
													"rotationY": 1.0,
													"rotationZ": -1.0,
													"faces": {
														"north": { "texture": "#skin", "uv": [ 23.5, 6.5, 24.0, 7.5 ] },
														"east": { "texture": "#skin", "uv": [ 23.0, 6.5, 23.5, 7.5 ] },
														"south": { "texture": "#skin", "uv": [ 24.5, 6.5, 25.0, 7.5 ] },
														"west": { "texture": "#skin", "uv": [ 24.0, 6.5, 24.5, 7.5 ] },
														"up": { "texture": "#skin", "uv": [ 23.5, 6.0, 24.0, 6.5 ], "rotation": 180 }
													},
													"children": [
														{
															"name": "RHorn7",
															"from": [ 0.05, 0.75, 0.05 ],
															"to": [ 0.45, 1.75, 0.45 ],
															"unwrapMode": 1,
															"uv": [ 23.0, 5.0 ],
															"rotationOrigin": [ 0.25, 0.75, 0.25 ],
															"rotationX": 1.0,
															"rotationY": 1.0,
															"rotationZ": 1.0,
															"faces": {
																"north": { "texture": "#skin", "uv": [ 23.5, 5.5, 24.0, 6.5 ] },
																"east": { "texture": "#skin", "uv": [ 23.0, 5.5, 23.5, 6.5 ] },
																"south": { "texture": "#skin", "uv": [ 24.5, 5.5, 25.0, 6.5 ] },
																"west": { "texture": "#skin", "uv": [ 24.0, 5.5, 24.5, 6.5 ] },
																"up": { "texture": "#skin", "uv": [ 23.5, 5.0, 24.0, 5.5 ], "rotation": 180 }
															},
															"children": [
																{
																	"name": "RHorn8",
																	"from": [ 0.05, 0.9, 0.05 ],
																	"to": [ 0.35, 1.3, 0.35 ],
																	"unwrapMode": 1,
																	"uv": [ 23.0, 4.5 ],
																	"rotationOrigin": [ 0.4, 0.9, 0.4 ],
																	"rotationX": 1.0,
																	"rotationY": 1.0,
																	"rotationZ": 1.0,
																	"faces": {
																		"north": { "texture": "#skin", "uv": [ 23.5, 5.0, 24.0, 5.5 ] },
																		"east": { "texture": "#skin", "uv": [ 23.0, 5.0, 23.5, 5.5 ] },
																		"south": { "texture": "#skin", "uv": [ 24.5, 5.0, 25.0, 5.5 ] },
																		"west": { "texture": "#skin", "uv": [ 24.0, 5.0, 24.5, 5.5 ] },
																		"up": { "texture": "#skin", "uv": [ 23.5, 4.5, 24.0, 5.0 ], "rotation": 180 }
																	}
																}
															]
														}
													]
												}
											]
										}
									]
								}
							]
						}
					]
				}
			]
		},
		{
			"name": "LHorn1",
			"stepParentName": "AntlerBase",
			"from": [ -0.25, 0.25, 0.25 ],
			"to": [ 0.75, 1.5, 1.25 ],
			"unwrapMode": 2,
			"uv": [ 20.0, 10.5 ],
			"rotationOrigin": [ 0.125, 0.25, 0.75 ],
			"rotationX": 83.0,
			"rotationY": 3.0,
			"rotationZ": -75.0,
			"faces": {
				"north": { "texture": "#skin", "uv": [ 22.0, 11.5, 23.0, 12.5 ] },
				"east": { "texture": "#skin", "uv": [ 21.0, 11.5, 22.0, 12.5 ] },
				"south": { "texture": "#skin", "uv": [ 20.0, 11.5, 21.0, 12.5 ] },
				"west": { "texture": "#skin", "uv": [ 23.0, 11.5, 24.0, 12.5 ] },
				"up": { "texture": "#skin", "uv": [ 21.0, 10.5, 22.0, 11.5 ], "rotation": 270 }
			},
			"children": [
				{
					"name": "LHorn2",
					"from": [ 0.05, 1.1, 0.05 ],
					"to": [ 0.95, 2.1, 0.95 ],
					"unwrapMode": 2,
					"uv": [ 20.0, 10.0 ],
					"rotationOrigin": [ 0.5, 1.1, 0.3 ],
					"rotationX": -1.0,
					"rotationY": 1.0,
					"rotationZ": -1.0,
					"faces": {
						"north": { "texture": "#skin", "uv": [ 21.0, 10.5, 21.5, 11.5 ] },
						"east": { "texture": "#skin", "uv": [ 20.5, 10.5, 21.0, 11.5 ] },
						"south": { "texture": "#skin", "uv": [ 20.0, 10.5, 20.5, 11.5 ] },
						"west": { "texture": "#skin", "uv": [ 21.5, 10.5, 22.0, 11.5 ] },
						"up": { "texture": "#skin", "uv": [ 20.5, 10.0, 21.0, 10.5 ], "rotation": 270 }
					},
					"children": [
						{
							"name": "LHorn3",
							"from": [ 0.05, 0.75, 0.05 ],
							"to": [ 0.85, 1.75, 0.85 ],
							"unwrapMode": 2,
							"uv": [ 20.0, 9.0 ],
							"rotationOrigin": [ 0.45, 0.75, 0.45 ],
							"rotationY": -1.0,
							"rotationZ": -1.0,
							"faces": {
								"north": { "texture": "#skin", "uv": [ 21.0, 9.5, 21.5, 10.5 ] },
								"east": { "texture": "#skin", "uv": [ 20.5, 9.5, 21.0, 10.5 ] },
								"south": { "texture": "#skin", "uv": [ 20.0, 9.5, 20.5, 10.5 ] },
								"west": { "texture": "#skin", "uv": [ 21.5, 9.5, 22.0, 10.5 ] },
								"up": { "texture": "#skin", "uv": [ 20.5, 9.0, 21.0, 9.5 ], "rotation": 270 }
							},
							"children": [
								{
									"name": "LHorn4",
									"from": [ 0.05, 0.6, 0.05 ],
									"to": [ 0.75, 1.6, 0.75 ],
									"unwrapMode": 1,
									"uv": [ 20.0, 8.0 ],
									"rotationOrigin": [ 0.4, 0.6, 0.4 ],
									"rotationY": -1.0,
									"rotationZ": -1.0,
									"faces": {
										"north": { "texture": "#skin", "uv": [ 20.5, 8.5, 21.0, 9.5 ] },
										"east": { "texture": "#skin", "uv": [ 20.0, 8.5, 20.5, 9.5 ] },
										"south": { "texture": "#skin", "uv": [ 21.5, 8.5, 22.0, 9.5 ] },
										"west": { "texture": "#skin", "uv": [ 21.0, 8.5, 21.5, 9.5 ] },
										"up": { "texture": "#skin", "uv": [ 20.5, 8.0, 21.0, 8.5 ], "rotation": 180 }
									},
									"children": [
										{
											"name": "LHorn5",
											"from": [ 0.05, 0.75, 0.05 ],
											"to": [ 0.65, 1.75, 0.65 ],
											"unwrapMode": 3,
											"uv": [ 20.0, 7.0 ],
											"rotationOrigin": [ 0.35, 0.75, 0.35 ],
											"rotationX": -1.0,
											"rotationY": -1.0,
											"rotationZ": -1.0,
											"faces": {
												"north": { "texture": "#skin", "uv": [ 21.5, 7.5, 22.0, 8.5 ] },
												"east": { "texture": "#skin", "uv": [ 21.0, 7.5, 21.5, 8.5 ] },
												"south": { "texture": "#skin", "uv": [ 20.5, 7.5, 21.0, 8.5 ] },
												"west": { "texture": "#skin", "uv": [ 20.0, 7.5, 20.5, 8.5 ] },
												"up": { "texture": "#skin", "uv": [ 20.5, 7.0, 21.0, 7.5 ] }
											},
											"children": [
												{
													"name": "LHorn6",
													"from": [ 0.05, 0.75, 0.05 ],
													"to": [ 0.55, 1.75, 0.55 ],
													"unwrapMode": 3,
													"uv": [ 20.0, 6.0 ],
													"rotationOrigin": [ 0.3, 0.75, 0.3 ],
													"rotationX": -1.0,
													"rotationY": -1.0,
													"rotationZ": -1.0,
													"faces": {
														"north": { "texture": "#skin", "uv": [ 21.5, 6.5, 22.0, 7.5 ] },
														"east": { "texture": "#skin", "uv": [ 21.0, 6.5, 21.5, 7.5 ] },
														"south": { "texture": "#skin", "uv": [ 20.5, 6.5, 21.0, 7.5 ] },
														"west": { "texture": "#skin", "uv": [ 20.0, 6.5, 20.5, 7.5 ] },
														"up": { "texture": "#skin", "uv": [ 20.5, 6.0, 21.0, 6.5 ] }
													},
													"children": [
														{
															"name": "LHorn7",
															"from": [ 0.05, 0.75, 0.05 ],
															"to": [ 0.45, 1.75, 0.45 ],
															"unwrapMode": 3,
															"uv": [ 20.0, 5.0 ],
															"rotationOrigin": [ 0.25, 0.75, 0.25 ],
															"rotationX": -1.0,
															"rotationY": -1.0,
															"rotationZ": 1.0,
															"faces": {
																"north": { "texture": "#skin", "uv": [ 21.5, 5.5, 22.0, 6.5 ] },
																"east": { "texture": "#skin", "uv": [ 21.0, 5.5, 21.5, 6.5 ] },
																"south": { "texture": "#skin", "uv": [ 20.5, 5.5, 21.0, 6.5 ] },
																"west": { "texture": "#skin", "uv": [ 20.0, 5.5, 20.5, 6.5 ] },
																"up": { "texture": "#skin", "uv": [ 20.5, 5.0, 21.0, 5.5 ] }
															},
															"children": [
																{
																	"name": "LHorn8",
																	"from": [ 0.05, 0.9, 0.05 ],
																	"to": [ 0.35, 1.3, 0.35 ],
																	"unwrapMode": 3,
																	"uv": [ 20.0, 4.5 ],
																	"rotationOrigin": [ 0.4, 0.9, 0.4 ],
																	"rotationX": -1.0,
																	"rotationY": -1.0,
																	"rotationZ": 1.0,
																	"faces": {
																		"north": { "texture": "#skin", "uv": [ 21.5, 5.0, 22.0, 5.5 ] },
																		"east": { "texture": "#skin", "uv": [ 21.0, 5.0, 21.5, 5.5 ] },
																		"south": { "texture": "#skin", "uv": [ 20.5, 5.0, 21.0, 5.5 ] },
																		"west": { "texture": "#skin", "uv": [ 20.0, 5.0, 20.5, 5.5 ] },
																		"up": { "texture": "#skin", "uv": [ 20.5, 4.5, 21.0, 5.0 ] }
																	}
																}
															]
														}
													]
												}
											]
										}
									]
								}
							]
						}
					]
				}
			]
		}
	],
	"animations": [
	]
}