{
  "code": "saltmilkportion",
  "class": "ItemLiquidPortion",
  "matterState": "liquid",
  "attributes": {
    "handbook": {
      "ignoreCreativeInvStacks": true
    },
    "inBowlShape": { "base": "game:block/food/meal/liquid" },
    "waterTightContainerProps": {
      "containable": true,
      "itemsPerLitre": 100,
      "isopaque": true,
      "texture": { "base": "game:block/food/dairy/milk" },
      "allowSpill": true,
      "whenSpilled": { 
        "action": "DropContents",
        "stack": { "type": "item", "code": "pemmican:saltmilkportion" } 
      },
      "nutritionPropsPerLitre": {
        "saturation": 150,
		"hydration": 140,
        "foodcategory": "Dairy"
      }
    }
  },
  "shape": { "base": "game:item/liquid" },
  "texture": { "base": "game:block/food/dairy/milk" },
  "creativeinventoryStacks": [
    {
      "tabs": [ "general", "liquids", "Long-term food" ],
      "stacks": [
        {
          "type": "block",
          "code": "game:woodbucket",
          "attributes": {
            "ucontents": [
              {
                "type": "item",
                "code": "pemmican:saltmilkportion",
                "makefull": true
              }
            ]
          }
        }

      ]
    }
  ],
  "maxstacksize": 5000,
  "materialDensity": 200,
  "transitionableProps": [
    {
      "type": "Perish",
      "freshHours": { "avg": 96 },
      "transitionHours": { "avg": 96 },
      "transitionedStack": { "type": "item", "code": "game:rot" },
      "transitionRatio": 0.002
    }
  ],
  "guiTransform": {
    "translation": { "x": 0, "y": 1, "z": 0 },
    "rotation": { "x": 123, "y": -33, "z": -13 },
    "origin": { "x": 0.5, "y": 0, "z": 0.5 },
    "scale": 1.4
  },
  "fpHandTransform": {
    "translation": { "x": 0, "y": 0, "z": 0 },
    "rotation": { "x": 25, "y": 157, "z": -5 }
  },
  "tpHandTransform": {
    "translation": { "x": -1.5, "y": -1, "z": -1.4 }
  }
}
