[
   { 
        "file": "pemmican:recipes/cooking/egg.json",
        "enabled": true,
        "op": "replace", 
        "path": "/0/enabled", 
        "value": false,
        "dependsOn": [ { "modid": "expandedfoods" } ]
    },
	{ 
        "file": "pemmican:recipes/barrel/egg.json",
        "enabled": true,
        "op": "replace", 
        "path": "/0/enabled", 
        "value": false,
        "dependsOn": [ { "modid": "expandedfoods" } ]
    },
	{ 
        "file": "pemmican:recipes/barrel/egg.json",
        "enabled": true,
        "op": "replace", 
        "path": "/1/enabled", 
        "value": false,
        "dependsOn": [ { "modid": "expandedfoods" } ]
    },
	{ 
        "file": "pemmican:itemtypes/food/egg.json",
        "enabled": true,
        "op": "replace", 
        "path": "/enabled", 
        "value": false,
        "dependsOn": [ { "modid": "expandedfoods" } ]
    },
	{ 
        "file": "pemmican:game/patches/egg.json",
        "enabled": true,
        "op": "replace", 
        "path": "/enabled", 
        "value": false,
        "dependsOn": [ { "modid": "expandedfoods" } ]
    }
]