{
	"editor": {
	},
	"textureWidth": 16,
	"textureHeight": 16,
	"textureSizes": {
	},
	"textures": {
		"stone": "game:block/stone/polishedrock-old/inside/andesite"
	},
	"elements": [
		{
			"name": "Origin",
			"from": [ 0.0, 0.0, 0.0 ],
			"to": [ 0.0, 0.0, 0.0 ],
			"shade": false,
			"rotationOrigin": [ 8.0, 0.0, 8.0 ],
			"faces": {
			},
			"children": [
				{
					"name": "Houju",
					"from": [ 3.0, -9.2, 3.0 ],
					"to": [ 3.0, -9.2, 3.0 ],
					"rotationOrigin": [ 8.0, 0.0, 8.0 ],
					"faces": {
						"south": { "texture": "#null", "uv": [ 12.5, 9.5, 13.0, 10.0 ], "autoUv": false }
					},
					"children": [
						{
							"name": "Cube64",
							"from": [ 3.6, 9.18, 3.6 ],
							"to": [ 6.0, 9.36, 6.0 ],
							"rotationOrigin": [ 4.8, 9.18, 4.8 ],
							"faces": {
								"north": { "texture": "#stone", "uv": [ 10.0, 15.0, 14.0, 15.5 ], "autoUv": false },
								"east": { "texture": "#stone", "uv": [ 10.5, 2.0, 14.5, 2.5 ], "autoUv": false },
								"south": { "texture": "#stone", "uv": [ 0.5, 15.0, 4.5, 15.5 ], "autoUv": false },
								"west": { "texture": "#stone", "uv": [ 11.0, 13.0, 15.0, 13.5 ], "autoUv": false }
							}
						},
						{
							"name": "Cube65",
							"from": [ 3.48, 9.36, 3.48 ],
							"to": [ 6.12, 9.48, 6.12 ],
							"rotationOrigin": [ 4.68, 9.36, 4.68 ],
							"faces": {
								"north": { "texture": "#stone", "uv": [ 2.0, 12.5, 6.0, 13.0 ], "autoUv": false },
								"east": { "texture": "#stone", "uv": [ 4.5, 7.5, 8.5, 8.0 ], "autoUv": false },
								"south": { "texture": "#stone", "uv": [ 9.5, 15.0, 13.5, 15.5 ], "autoUv": false },
								"west": { "texture": "#stone", "uv": [ 11.0, 1.0, 15.0, 1.5 ], "autoUv": false },
								"down": { "texture": "#stone", "uv": [ 10.5, 10.5, 14.5, 14.5 ], "autoUv": false }
							}
						},
						{
							"name": "Cube66",
							"from": [ 3.36, 9.48, 3.36 ],
							"to": [ 6.24, 9.72, 6.24 ],
							"rotationOrigin": [ 4.56, 9.48, 4.56 ],
							"faces": {
								"north": { "texture": "#stone", "uv": [ 7.0, 3.5, 11.5, 4.0 ], "autoUv": false },
								"east": { "texture": "#stone", "uv": [ 6.5, 5.5, 11.0, 6.0 ], "autoUv": false },
								"south": { "texture": "#stone", "uv": [ 5.5, 11.0, 10.0, 11.5 ], "autoUv": false },
								"west": { "texture": "#stone", "uv": [ 8.0, 6.5, 12.5, 7.0 ], "autoUv": false },
								"down": { "texture": "#stone", "uv": [ 3.5, 7.0, 8.0, 11.5 ], "autoUv": false }
							}
						},
						{
							"name": "Cube67",
							"from": [ 3.24, 9.72, 3.24 ],
							"to": [ 6.36, 10.56, 6.36 ],
							"rotationOrigin": [ 4.44, 9.72, 4.44 ],
							"faces": {
								"north": { "texture": "#stone", "uv": [ 6.5, 2.5, 11.5, 3.5 ], "autoUv": false },
								"east": { "texture": "#stone", "uv": [ 7.0, 0.0, 12.0, 1.0 ], "autoUv": false },
								"south": { "texture": "#stone", "uv": [ 9.5, 11.0, 14.5, 12.0 ], "autoUv": false },
								"west": { "texture": "#stone", "uv": [ 8.0, 6.0, 13.0, 7.0 ], "autoUv": false },
								"up": { "texture": "#stone", "uv": [ 7.0, 3.5, 12.0, 8.5 ], "autoUv": false },
								"down": { "texture": "#stone", "uv": [ 2.0, 10.5, 7.0, 15.5 ], "autoUv": false }
							}
						},
						{
							"name": "Cube68",
							"from": [ 3.36, 10.56, 3.36 ],
							"to": [ 6.24, 10.8, 6.24 ],
							"rotationOrigin": [ 4.56, 10.56, 4.56 ],
							"faces": {
								"north": { "texture": "#stone", "uv": [ 4.0, 15.0, 8.5, 15.5 ], "autoUv": false },
								"east": { "texture": "#stone", "uv": [ 8.5, 0.0, 13.0, 0.5 ], "autoUv": false },
								"south": { "texture": "#stone", "uv": [ 3.5, 14.5, 8.0, 15.0 ], "autoUv": false },
								"west": { "texture": "#stone", "uv": [ 7.0, 3.0, 11.5, 3.5 ], "autoUv": false },
								"up": { "texture": "#stone", "uv": [ 10.5, 6.0, 15.0, 10.5 ], "autoUv": false }
							}
						},
						{
							"name": "Cube69",
							"from": [ 3.48, 10.8, 3.48 ],
							"to": [ 6.12, 10.92, 6.12 ],
							"rotationOrigin": [ 4.68, 10.8, 4.68 ],
							"faces": {
								"north": { "texture": "#stone", "uv": [ 7.5, 0.0, 11.5, 0.5 ], "autoUv": false },
								"east": { "texture": "#stone", "uv": [ 3.0, 11.5, 7.0, 12.0 ], "autoUv": false },
								"south": { "texture": "#stone", "uv": [ 1.0, 2.5, 5.0, 3.0 ], "autoUv": false },
								"west": { "texture": "#stone", "uv": [ 11.0, 6.5, 15.0, 7.0 ], "autoUv": false },
								"up": { "texture": "#stone", "uv": [ 7.5, 7.5, 11.5, 11.5 ], "autoUv": false }
							}
						},
						{
							"name": "Cube70",
							"from": [ 3.6, 10.92, 3.6 ],
							"to": [ 6.0, 11.04, 6.0 ],
							"rotationOrigin": [ 4.8, 10.92, 4.8 ],
							"faces": {
								"north": { "texture": "#stone", "uv": [ 10.0, 5.5, 14.0, 6.0 ], "autoUv": false },
								"east": { "texture": "#stone", "uv": [ 4.5, 7.0, 8.5, 7.5 ], "autoUv": false },
								"south": { "texture": "#stone", "uv": [ 2.0, 7.5, 6.0, 8.0 ], "autoUv": false },
								"west": { "texture": "#stone", "uv": [ 9.5, 9.5, 13.5, 10.0 ], "autoUv": false },
								"up": { "texture": "#stone", "uv": [ 4.0, 1.5, 8.0, 5.5 ], "autoUv": false }
							}
						},
						{
							"name": "Cube71",
							"from": [ 3.8, 11.02, 3.8 ],
							"to": [ 5.8, 11.24, 5.8 ],
							"rotationOrigin": [ 5.0, 11.02, 5.0 ],
							"faces": {
								"north": { "texture": "#stone", "uv": [ 7.0, 0.0, 11.0, 0.5 ], "autoUv": false },
								"east": { "texture": "#stone", "uv": [ 3.5, 0.5, 7.5, 1.0 ], "autoUv": false },
								"south": { "texture": "#stone", "uv": [ 11.5, 3.5, 15.5, 4.0 ], "autoUv": false },
								"west": { "texture": "#stone", "uv": [ 0.5, 12.5, 4.5, 13.0 ], "autoUv": false },
								"up": { "texture": "#stone", "uv": [ 0.0, 4.0, 4.0, 8.0 ], "autoUv": false }
							}
						},
						{
							"name": "Cube72",
							"from": [ 4.0, 11.22, 4.0 ],
							"to": [ 5.6, 11.54, 5.6 ],
							"rotationOrigin": [ 5.2, 11.22, 5.2 ],
							"faces": {
								"north": { "texture": "#stone", "uv": [ 3.0, 0.5, 7.0, 1.0 ], "autoUv": false },
								"east": { "texture": "#stone", "uv": [ 5.0, 15.0, 9.0, 15.5 ], "autoUv": false },
								"south": { "texture": "#stone", "uv": [ 9.0, 7.0, 13.0, 7.5 ], "autoUv": false },
								"west": { "texture": "#stone", "uv": [ 2.5, 15.0, 6.5, 15.5 ], "autoUv": false },
								"up": { "texture": "#stone", "uv": [ 10.5, 8.0, 14.5, 12.0 ], "autoUv": false }
							}
						},
						{
							"name": "Cube73",
							"from": [ 4.2, 11.52, 4.2 ],
							"to": [ 5.4, 11.94, 5.4 ],
							"rotationOrigin": [ 5.4, 11.52, 5.4 ],
							"faces": {
								"north": { "texture": "#stone", "uv": [ 7.5, 8.5, 11.5, 9.0 ], "autoUv": false },
								"east": { "texture": "#stone", "uv": [ 10.5, 8.0, 14.5, 8.5 ], "autoUv": false },
								"south": { "texture": "#stone", "uv": [ 7.0, 6.5, 11.0, 7.0 ], "autoUv": false },
								"west": { "texture": "#stone", "uv": [ 4.0, 8.0, 8.0, 8.5 ], "autoUv": false },
								"up": { "texture": "#stone", "uv": [ 4.5, 2.5, 8.5, 6.5 ], "autoUv": false }
							}
						},
						{
							"name": "Cube74",
							"from": [ 4.4, 11.92, 4.4 ],
							"to": [ 5.2, 12.34, 5.2 ],
							"rotationOrigin": [ 5.6, 11.92, 5.6 ],
							"faces": {
								"north": { "texture": "#stone", "uv": [ 7.5, 11.0, 11.5, 11.5 ], "autoUv": false },
								"east": { "texture": "#stone", "uv": [ 11.5, 5.5, 15.5, 6.0 ], "autoUv": false },
								"south": { "texture": "#stone", "uv": [ 8.5, 1.5, 12.5, 2.0 ], "autoUv": false },
								"west": { "texture": "#stone", "uv": [ 4.0, 10.5, 8.0, 11.0 ], "autoUv": false },
								"up": { "texture": "#stone", "uv": [ 4.5, 8.0, 8.5, 12.0 ], "autoUv": false }
							}
						},
						{
							"name": "Cube75",
							"from": [ 4.5, 12.32, 4.5 ],
							"to": [ 5.1, 12.84, 5.1 ],
							"rotationOrigin": [ 5.7, 12.32, 5.7 ],
							"faces": {
								"north": { "texture": "#stone", "uv": [ 7.0, 15.0, 11.0, 15.5 ], "autoUv": false },
								"east": { "texture": "#stone", "uv": [ 4.0, 14.0, 8.0, 14.5 ], "autoUv": false },
								"south": { "texture": "#stone", "uv": [ 6.5, 15.0, 10.5, 15.5 ], "autoUv": false },
								"west": { "texture": "#stone", "uv": [ 4.0, 8.5, 8.0, 9.0 ], "autoUv": false },
								"up": { "texture": "#stone", "uv": [ 5.0, 9.5, 9.0, 13.5 ], "autoUv": false }
							}
						},
						{
							"name": "Cube76",
							"from": [ 4.6, 12.82, 4.6 ],
							"to": [ 5.0, 13.54, 5.0 ],
							"rotationOrigin": [ 5.8, 12.82, 5.8 ],
							"faces": {
								"north": { "texture": "#stone", "uv": [ 2.5, 11.0, 6.5, 11.5 ], "autoUv": false },
								"east": { "texture": "#stone", "uv": [ 10.5, 9.0, 14.5, 9.5 ], "autoUv": false },
								"south": { "texture": "#stone", "uv": [ 8.5, 14.0, 12.5, 14.5 ], "autoUv": false },
								"west": { "texture": "#stone", "uv": [ 9.0, 7.0, 13.0, 7.5 ], "autoUv": false },
								"up": { "texture": "#stone", "uv": [ 1.0, 10.0, 5.0, 14.0 ], "autoUv": false }
							}
						}
					]
				}
			]
		}
	]}