{
	"editor": {
	},
	"textureWidth": 16,
	"textureHeight": 16,
	"textureSizes": {
	},
	"textures": {
		"stone": "game:block/stone/polishedrock-old/inside/andesite"
	},
	"elements": [
		{
			"name": "Origin",
			"from": [ 0.0, 0.0, 0.0 ],
			"to": [ 0.0, 0.0, 0.0 ],
			"shade": false,
			"rotationOrigin": [ 8.0, 0.0, 8.0 ],
			"faces": {
			},
			"children": [
				{
					"name": "Kasa",
					"from": [ 0.0, -14.0, 0.0 ],
					"to": [ 0.0, -14.0, 0.0 ],
					"shade": false,
					"rotationOrigin": [ 8.0, 0.0, 8.0 ],
					"faces": {
					},
					"children": [
						{
							"name": "Cube54",
							"from": [ 1.0, 13.4, 1.0 ],
							"to": [ 15.0, 14.4, 15.0 ],
							"rotationOrigin": [ 1.0, 13.4, 1.0 ],
							"faces": {
								"north": { "texture": "#stone", "uv": [ 0.0, 4.5, 14.0, 5.5 ] },
								"east": { "texture": "#stone", "uv": [ 0.5, 10.5, 14.5, 11.5 ] },
								"south": { "texture": "#stone", "uv": [ 0.0, 12.0, 14.0, 13.0 ] },
								"west": { "texture": "#stone", "uv": [ 0.5, 5.5, 14.5, 6.5 ] },
								"up": { "texture": "#stone", "uv": [ 1.5, 0.5, 15.5, 14.5 ] },
								"down": { "texture": "#stone", "uv": [ 0.5, 0.5, 14.5, 14.5 ] }
							}
						},
						{
							"name": "Cube57",
							"from": [ 1.3, 14.4, 1.3 ],
							"to": [ 14.7, 14.7, 14.7 ],
							"rotationOrigin": [ 0.9, 14.4, 0.9 ],
							"faces": {
								"north": { "texture": "#stone", "uv": [ 1.0, 9.5, 14.0, 10.0 ] },
								"east": { "texture": "#stone", "uv": [ 1.0, 5.5, 14.0, 6.0 ] },
								"south": { "texture": "#stone", "uv": [ 1.0, 15.0, 14.0, 15.5 ] },
								"west": { "texture": "#stone", "uv": [ 1.0, 2.5, 14.0, 3.0 ] },
								"up": { "texture": "#stone", "uv": [ 0.5, 0.0, 13.5, 13.0 ] }
							}
						},
						{
							"name": "Cube61",
							"from": [ 1.7, 14.7, 1.7 ],
							"to": [ 14.3, 15.0, 14.3 ],
							"rotationOrigin": [ 0.9, 14.7, 0.9 ],
							"faces": {
								"north": { "texture": "#stone", "uv": [ 1.5, 2.0, 14.0, 2.5 ] },
								"east": { "texture": "#stone", "uv": [ 2.5, 3.5, 15.0, 4.0 ] },
								"south": { "texture": "#stone", "uv": [ 0.5, 14.5, 13.0, 15.0 ] },
								"west": { "texture": "#stone", "uv": [ 2.5, 10.0, 15.0, 10.5 ] },
								"up": { "texture": "#stone", "uv": [ 1.0, 0.0, 13.5, 12.5 ] }
							}
						},
						{
							"name": "Cube63",
							"from": [ 2.1, 15.0, 2.1 ],
							"to": [ 13.9, 15.3, 13.9 ],
							"rotationOrigin": [ 1.1, 15.0, 1.1 ],
							"faces": {
								"north": { "texture": "#stone", "uv": [ 2.5, 5.5, 14.0, 6.0 ] },
								"east": { "texture": "#stone", "uv": [ 2.5, 12.0, 14.0, 12.5 ] },
								"south": { "texture": "#stone", "uv": [ 1.0, 5.5, 12.5, 6.0 ] },
								"west": { "texture": "#stone", "uv": [ 2.5, 13.0, 14.0, 13.5 ] },
								"up": { "texture": "#stone", "uv": [ 1.0, 1.5, 12.5, 13.0 ] }
							}
						}
					]
				}
			]
		}
	]}