{
 "editor": {"backDropShape": "","entityTextureMode": true},
  "textures": {
    "shouldertexture": "entity/humanoid/seraphclothes/shoulder/hunter-poncho"
  },
  "elements": [
    {
      "name": "UpperTorsoOrigin",
      "from": [
        -0.040000000000000036,
        -0.04400000000000004,
        -0.035483872059356436
      ],
      "to": [
        5.04,
        5.5440000000000005,
        5.535484041259644
      ],
      "shade": true,
      "gradientShade": false,
      "faces": {
        "north": {
          "texture": "#shouldertexture",
          "uv": [
            1.0,
            5.5,
            6.0,
            10.5
          ],
          "reflectiveMode": 0,
          "windMode": [
            -1,
            -1,
            -1,
            -1
          ],
          "windData": [
            1,
            1,
            1,
            1
          ],
          "rotation": 0.0,
          "glow": 0,
          "enabled": true
        , "autoUv": false},
        "east": {
          "texture": "#shouldertexture",
          "uv": [
            17.0,
            5.5,
            23.0,
            10.5
          ],
          "reflectiveMode": 0,
          "windMode": [
            -1,
            -1,
            -1,
            -1
          ],
          "windData": null,
          "rotation": 0.0,
          "glow": 0,
          "enabled": true
        , "autoUv": false},
        "south": {
          "texture": "#shouldertexture",
          "uv": [
            12.0,
            5.5,
            17.0,
            10.5
          ],
          "reflectiveMode": 0,
          "windMode": null,
          "windData": null,
          "rotation": 0.0,
          "glow": 0,
          "enabled": true
        , "autoUv": false},
        "west": {
          "texture": "#shouldertexture",
          "uv": [
            6.0,
            5.5,
            12.0,
            10.5
          ],
          "reflectiveMode": 0,
          "windMode": null,
          "windData": null,
          "rotation": 0.0,
          "glow": 0,
          "enabled": true
        , "autoUv": false},
        "up": {
          "texture": "#shouldertexture",
          "uv": [
            6.0,
            0.5,
            12.0,
            5.5
          ],
          "reflectiveMode": 0,
          "windMode": null,
          "windData": null,
          "rotation": 90.0,
          "glow": 0,
          "enabled": true
        , "autoUv": false},
        "down": {
          "texture": "#shouldertexture",
          "uv": [
            19.0,
            16.0,
            25.0,
            21.0
          ],
          "reflectiveMode": 0,
          "windMode": [
            -1,
            -1,
            -1,
            -1
          ],
          "windData": null,
          "rotation": 90.0,
          "glow": 0,
          "enabled": true
        , "autoUv": false}
      },
      "rotationOrigin": [
        2.0,
        2.2,
        2.883064604822731
      ],
      "rotationX": 0.0,
      "rotationY": 0.0,
      "rotationZ": 0.0,
      "scaleX": 1.0,
      "scaleY": 1.0,
      "scaleZ": 1.0,
      "climateColorMap": null,
      "seasonColorMap": null,
      "renderPass": -1,
      "zOffset": 0,
      "disableRandomDrawOffset": false,
      "children": [
        {
          "name": "Blackout",
          "from": [
            0.1,
            0.8800000000000001,
            0.5322580808903503
          ],
          "to": [
            4.9,
            5.28,
            4.967742088309937
          ],
          "shade": true,
          "gradientShade": false,
          "faces": {
            "north": {
              "texture": "#shouldertexture",
              "uv": [
                0.0,
                0.0,
                4.5,
                4.0
              ],
              "reflectiveMode": 0,
              "windMode": null,
              "windData": null,
              "rotation": 0.0,
              "glow": 0,
              "enabled": true
            , "autoUv": false},
            "east": {
              "texture": "#shouldertexture",
              "uv": [
                1.0,
                0.0,
                5.0,
                5.0
              ],
              "reflectiveMode": 0,
              "windMode": [
                -1,
                -1,
                -1,
                -1
              ],
              "windData": [
                1,
                1,
                1,
                1
              ],
              "rotation": 90.0,
              "glow": 0,
              "enabled": true
            , "autoUv": false},
            "south": {
              "texture": "#shouldertexture",
              "uv": [
                0.0,
                1.0,
                4.5,
                5.0
              ],
              "reflectiveMode": 0,
              "windMode": [
                -1,
                -1,
                -1,
                -1
              ],
              "windData": [
                1,
                1,
                1,
                1
              ],
              "rotation": 0.0,
              "glow": 0,
              "enabled": true
            , "autoUv": false},
            "west": {
              "texture": "#shouldertexture",
              "uv": [
                0.5,
                0.0,
                4.5,
                5.0
              ],
              "reflectiveMode": 0,
              "windMode": [
                -1,
                -1,
                -1,
                -1
              ],
              "windData": [
                1,
                1,
                1,
                1
              ],
              "rotation": 90.0,
              "glow": 0,
              "enabled": true
            , "autoUv": false},
            "up": {
              "texture": "#shouldertexture",
              "uv": [
                0.0,
                0.0,
                4.5,
                5.0
              ],
              "reflectiveMode": 0,
              "windMode": null,
              "windData": null,
              "rotation": 0.0,
              "glow": 0,
              "enabled": true
            , "autoUv": false},
            "down": {
              "texture": "#shouldertexture",
              "uv": [
                0.5,
                0.0,
                5.0,
                5.0
              ],
              "reflectiveMode": 0,
              "windMode": null,
              "windData": null,
              "rotation": 0.0,
              "glow": 0,
              "enabled": true
            , "autoUv": false}
          },
          "rotationOrigin": [
            0.1,
            0.8800000000000001,
            0.5322580808903503
          ],
          "rotationX": 0.0,
          "rotationY": 0.0,
          "rotationZ": 0.0,
          "scaleX": 1.0,
          "scaleY": 1.0,
          "scaleZ": 1.0,
          "climateColorMap": null,
          "seasonColorMap": null,
          "renderPass": -1,
          "zOffset": 0,
          "disableRandomDrawOffset": false,
          "children": null,
          "attachmentPoints": null,
          "stepParentName": null
        }
      ],
      "attachmentPoints": null,
      "stepParentName": "UpperTorso"
    },
    {
      "name": "LowerTorsoOrigin",
      "from": [
        -0.03200000000000003,
        -0.04800000000000004,
        -0.03000000000000025
      ],
      "to": [
        4.032,
        6.048,
        4.53
      ],
      "shade": true,
      "gradientShade": false,
      "faces": {
        "north": {
          "texture": "#shouldertexture",
          "uv": [
            1.0,
            10.0,
            6.0,
            15.0
          ],
          "reflectiveMode": 0,
          "windMode": null,
          "windData": null,
          "rotation": 0.0,
          "glow": 0,
          "enabled": true
        , "autoUv": false},
        "east": {
          "texture": "#shouldertexture",
          "uv": [
            17.0,
            10.0,
            23.0,
            15.0
          ],
          "reflectiveMode": 0,
          "windMode": null,
          "windData": null,
          "rotation": 0.0,
          "glow": 0,
          "enabled": true
        , "autoUv": false},
        "south": {
          "texture": "#shouldertexture",
          "uv": [
            12.0,
            10.0,
            17.0,
            15.0
          ],
          "reflectiveMode": 0,
          "windMode": null,
          "windData": null,
          "rotation": 0.0,
          "glow": 0,
          "enabled": true
        , "autoUv": false},
        "west": {
          "texture": "#shouldertexture",
          "uv": [
            6.0,
            10.0,
            12.0,
            15.0
          ],
          "reflectiveMode": 0,
          "windMode": null,
          "windData": null,
          "rotation": 0.0,
          "glow": 0,
          "enabled": true
        , "autoUv": false},
        "up": {
          "texture": "#shouldertexture",
          "uv": [
            19.0,
            16.0,
            25.0,
            21.0
          ],
          "reflectiveMode": 0,
          "windMode": [
            -1,
            -1,
            -1,
            -1
          ],
          "windData": [
            1,
            1,
            1,
            1
          ],
          "rotation": 90.0,
          "glow": 0,
          "enabled": true
        , "autoUv": false}
      },
      "rotationOrigin": [
        2.4000000000000004,
        3.5999999999999996,
        2.25
      ],
      "rotationX": 0.0,
      "rotationY": 0.0,
      "rotationZ": 0.0,
      "scaleX": 1.0,
      "scaleY": 1.0,
      "scaleZ": 1.0,
      "climateColorMap": null,
      "seasonColorMap": null,
      "renderPass": -1,
      "zOffset": 0,
      "disableRandomDrawOffset": false,
      "children": null,
      "attachmentPoints": null,
      "stepParentName": "LowerTorso"
    },
    {
      "name": "hidecollar",
      "from": [
        -0.040000000000000036,
        0.5,
        -0.040000000000000036
      ],
      "to": [
        3.04,
        2.5,
        3.04
      ],
      "shade": true,
      "gradientShade": false,
      "faces": {
        "north": {
          "texture": "#shouldertexture",
          "uv": [
            13.0,
            2.5,
            16.0,
            4.5
          ],
          "reflectiveMode": 0,
          "windMode": null,
          "windData": null,
          "rotation": 0.0,
          "glow": 0,
          "enabled": true
        , "autoUv": false},
        "east": {
          "texture": "#shouldertexture",
          "uv": [
            22.0,
            2.5,
            25.0,
            4.5
          ],
          "reflectiveMode": 0,
          "windMode": null,
          "windData": null,
          "rotation": 0.0,
          "glow": 0,
          "enabled": true
        , "autoUv": false},
        "south": {
          "texture": "#shouldertexture",
          "uv": [
            19.0,
            2.5,
            22.0,
            4.5
          ],
          "reflectiveMode": 0,
          "windMode": null,
          "windData": null,
          "rotation": 0.0,
          "glow": 0,
          "enabled": true
        , "autoUv": false},
        "west": {
          "texture": "#shouldertexture",
          "uv": [
            16.0,
            2.5,
            19.0,
            4.5
          ],
          "reflectiveMode": 0,
          "windMode": null,
          "windData": null,
          "rotation": 0.0,
          "glow": 0,
          "enabled": true
        , "autoUv": false}
      },
      "rotationOrigin": [
        1.5,
        2.7,
        1.5
      ],
      "rotationX": 0.0,
      "rotationY": 0.0,
      "rotationZ": 0.0,
      "scaleX": 1.0,
      "scaleY": 1.0,
      "scaleZ": 1.0,
      "climateColorMap": null,
      "seasonColorMap": null,
      "renderPass": -1,
      "zOffset": 0,
      "disableRandomDrawOffset": false,
      "children": null,
      "attachmentPoints": null,
      "stepParentName": "Neck"
    },
    {
      "name": "UpperArmROrigin",
      "from": [
        -0.040000000000000036,
        -0.040000000000000036,
        -0.050000000000000044
      ],
      "to": [
        3.04,
        7.04,
        2.55
      ],
      "shade": true,
      "gradientShade": false,
      "faces": {
        "north": {
          "texture": "#shouldertexture",
          "uv": [
            4.0,
            21.5,
            7.0,
            28.5
          ],
          "reflectiveMode": 0,
          "windMode": null,
          "windData": null,
          "rotation": 0.0,
          "glow": 0,
          "enabled": true
        , "autoUv": false},
        "east": {
          "texture": "#shouldertexture",
          "uv": [
            2.0,
            21.5,
            4.0,
            28.5
          ],
          "reflectiveMode": 0,
          "windMode": null,
          "windData": null,
          "rotation": 0.0,
          "glow": 0,
          "enabled": true
        , "autoUv": false},
        "south": {
          "texture": "#shouldertexture",
          "uv": [
            9.0,
            21.5,
            12.0,
            28.5
          ],
          "reflectiveMode": 0,
          "windMode": null,
          "windData": null,
          "rotation": 0.0,
          "glow": 0,
          "enabled": true
        , "autoUv": false},
        "west": {
          "texture": "#shouldertexture",
          "uv": [
            7.0,
            21.5,
            9.0,
            28.5
          ],
          "reflectiveMode": 0,
          "windMode": null,
          "windData": null,
          "rotation": 0.0,
          "glow": 0,
          "enabled": true
        , "autoUv": false},
        "up": {
          "texture": "#shouldertexture",
          "uv": [
            7.0,
            18.5,
            9.0,
            21.5
          ],
          "reflectiveMode": 0,
          "windMode": [
            -1,
            -1,
            -1,
            -1
          ],
          "windData": null,
          "rotation": 90.0,
          "glow": 0,
          "enabled": true
        , "autoUv": false},
        "down": {
          "texture": "#shouldertexture",
          "uv": [
            10.0,
            18.0,
            12.0,
            21.0
          ],
          "reflectiveMode": 0,
          "windMode": [
            -1,
            -1,
            -1,
            -1
          ],
          "windData": null,
          "rotation": 90.0,
          "glow": 0,
          "enabled": true
        , "autoUv": false}
      },
      "rotationOrigin": [
        1.5,
        7.0,
        1.25
      ],
      "rotationX": 0.0,
      "rotationY": 0.0,
      "rotationZ": 0.0,
      "scaleX": 1.0,
      "scaleY": 1.0,
      "scaleZ": 1.0,
      "climateColorMap": null,
      "seasonColorMap": null,
      "renderPass": -1,
      "zOffset": 0,
      "disableRandomDrawOffset": false,
      "children": null,
      "attachmentPoints": null,
      "stepParentName": "UpperArmR"
    },
    {
      "name": "UpperArmLorigin",
      "from": [
        -0.040000000000000036,
        -0.040000000000000036,
        -0.050000000000000044
      ],
      "to": [
        3.04,
        7.04,
        2.55
      ],
      "shade": true,
      "gradientShade": false,
      "faces": {
        "north": {
          "texture": "#shouldertexture",
          "uv": [
            13.0,
            21.5,
            16.0,
            28.5
          ],
          "reflectiveMode": 0,
          "windMode": null,
          "windData": null,
          "rotation": 0.0,
          "glow": 0,
          "enabled": true
        , "autoUv": false},
        "east": {
          "texture": "#shouldertexture",
          "uv": [
            21.0,
            21.5,
            23.0,
            28.5
          ],
          "reflectiveMode": 0,
          "windMode": [
            -1,
            -1,
            -1,
            -1
          ],
          "windData": null,
          "rotation": 0.0,
          "glow": 0,
          "enabled": true
        , "autoUv": false},
        "south": {
          "texture": "#shouldertexture",
          "uv": [
            18.0,
            21.5,
            21.0,
            28.5
          ],
          "reflectiveMode": 0,
          "windMode": [
            -1,
            -1,
            -1,
            -1
          ],
          "windData": null,
          "rotation": 0.0,
          "glow": 0,
          "enabled": true
        , "autoUv": false},
        "west": {
          "texture": "#shouldertexture",
          "uv": [
            16.0,
            21.5,
            18.0,
            28.5
          ],
          "reflectiveMode": 0,
          "windMode": null,
          "windData": null,
          "rotation": 0.0,
          "glow": 0,
          "enabled": true
        , "autoUv": false},
        "up": {
          "texture": "#shouldertexture",
          "uv": [
            16.0,
            18.5,
            18.0,
            21.5
          ],
          "reflectiveMode": 0,
          "windMode": [
            -1,
            -1,
            -1,
            -1
          ],
          "windData": null,
          "rotation": 90.0,
          "glow": 0,
          "enabled": true
        , "autoUv": false},
        "down": {
          "texture": "#shouldertexture",
          "uv": [
            13.0,
            18.0,
            15.0,
            21.0
          ],
          "reflectiveMode": 0,
          "windMode": [
            -1,
            -1,
            -1,
            -1
          ],
          "windData": null,
          "rotation": 90.0,
          "glow": 0,
          "enabled": true
        , "autoUv": false}
      },
      "rotationOrigin": [
        1.5,
        6.9,
        1.25
      ],
      "rotationX": 0.0,
      "rotationY": 0.0,
      "rotationZ": 0.0,
      "scaleX": 1.0,
      "scaleY": 1.0,
      "scaleZ": 1.0,
      "climateColorMap": null,
      "seasonColorMap": null,
      "renderPass": -1,
      "zOffset": 0,
      "disableRandomDrawOffset": false,
      "children": null,
      "attachmentPoints": null,
      "stepParentName": "UpperArmL"
    }
  ],
  "animations": null,
  "textureWidth": 28,
  "textureHeight": 32,
  "textureSizes": {
    "shouldertexture": [
      28,
      32
    ]
  }
}