{
	"editor": {
		"backDropShape": "lupine",
		"allAngles": false,
		"entityTextureMode": true
	},
	"textureWidth": 16,
	"textureHeight": 16,
	"textureSizes": {
		"shoes-hunter-R": [16,16],
		"shoes-hunter-L": [16,16]
	},
	"textures": {
		"shoes-hunter-L": "entity/humanoid/seraphclothes/foot/shoes-hunter-L",
		"shoes-hunter-R": "entity/humanoid/seraphclothes/foot/shoes-hunter-R"
	},
	"elements": [
		{
			"name": "shoeR",
			"stepParentName": "LowerFootR",
			"from": [ -0.075, -0.07, -0.0667 ],
			"to": [ 3.075, 4.48, 2.0667 ],
			"autoUnwrap": false,
			"uv": [ 1.0, -0.5 ],
			"rotationOrigin": [ -0.075, -0.07, -0.0667 ],
			"faces": {
				"north": { "texture": "#shoes-hunter-R", "uv": [ 3.0, 9.5, 6.0, 14.0 ] },
				"east": { "texture": "#shoes-hunter-R", "uv": [ 0.0, 9.5, 2.0, 14.0 ] },
				"south": { "texture": "#shoes-hunter-R", "uv": [ 10.0, 9.5, 13.0, 14.0 ] },
				"west": { "texture": "#shoes-hunter-R", "uv": [ 7.0, 9.5, 9.0, 14.0 ] },
				"up": { "texture": "#shoes-hunter-R", "uv": [ 4.0, 0.0, 6.0, 3.0 ], "rotation": 90 },
				"down": { "texture": "#shoes-hunter-R", "uv": [ 0.0, 0.0, 2.0, 3.0 ], "rotation": 90, "windMode": [-1,-1,-1,-1] }
			},
			"children": [
				{
					"name": "hideshoeR",
					"from": [ 0.0, 4.55, 0.0 ],
					"to": [ 0.75, 5.25, 0.6667 ],
					"uv": [ 999.0, 999.0 ],
					"rotationOrigin": [ 0.0, 4.55, 0.0 ],
					"faces": {
						"north": { "texture": "#shoes-hunter-R", "uv": [ 0.0, 0.5, 0.5, 1.0 ], "enabled": false },
						"east": { "texture": "#shoes-hunter-R", "uv": [ 0.5, 0.5, 1.0, 1.0 ], "enabled": false },
						"south": { "texture": "#shoes-hunter-R", "uv": [ 1.0, 0.5, 1.5, 1.0 ], "enabled": false },
						"west": { "texture": "#shoes-hunter-R", "uv": [ 1.5, 0.5, 2.0, 1.0 ], "enabled": false },
						"up": { "texture": "#shoes-hunter-R", "uv": [ 0.0, 0.0, 0.5, 0.5 ], "enabled": false },
						"down": { "texture": "#shoes-hunter-R", "uv": [ 0.5, 0.0, 1.0, 0.5 ], "enabled": false }
					},
					"children": [
						{
							"name": "N fold 1",
							"from": [ 0.0, 0.0, -0.0013 ],
							"to": [ 3.15, 0.6933, 0.1333 ],
							"autoUnwrap": false,
							"uv": [ 3.0, 0.0 ],
							"rotationOrigin": [ 0.0, 0.0, 0.1333 ],
							"rotationX": -18.0,
							"faces": {
								"north": { "texture": "#shoes-hunter-R", "uv": [ 3.0, 8.5, 6.0, 9.0 ] },
								"east": { "texture": "#shoes-hunter-R", "uv": [ 3.0, 8.5, 3.5, 9.0 ] },
								"south": { "texture": "#shoes-hunter-R", "uv": [ 9.5, 2.0, 12.5, 2.5 ] },
								"west": { "texture": "#shoes-hunter-R", "uv": [ 6.5, 8.5, 7.0, 9.0 ] },
								"up": { "texture": "#shoes-hunter-R", "uv": [ 3.0, 8.5, 6.0, 9.0 ], "rotation": 180 },
								"down": { "texture": "#shoes-hunter-R", "uv": [ 4.5, 0.0, 7.5, 0.5 ] }
							}
						},
						{
							"name": "S fold 1",
							"from": [ 0.0, 0.0, 2.0 ],
							"to": [ 3.15, 0.6933, 2.1347 ],
							"autoUnwrap": false,
							"uv": [ 0.0, 0.0 ],
							"rotationOrigin": [ 0.0, 0.0, 2.0 ],
							"rotationX": 18.0,
							"faces": {
								"north": { "texture": "#shoes-hunter-R", "uv": [ 9.5, 2.5, 12.5, 3.0 ] },
								"east": { "texture": "#shoes-hunter-R", "uv": [ 13.5, 8.5, 14.0, 9.0 ] },
								"south": { "texture": "#shoes-hunter-R", "uv": [ 10.0, 8.5, 13.0, 9.0 ] },
								"west": { "texture": "#shoes-hunter-R", "uv": [ 10.0, 8.5, 10.5, 9.0 ] },
								"up": { "texture": "#shoes-hunter-R", "uv": [ 10.0, 8.5, 13.0, 9.0 ] },
								"down": { "texture": "#shoes-hunter-R", "uv": [ 0.0, 0.0, 3.0, 0.5 ] }
							}
						},
						{
							"name": "back fold 1",
							"from": [ 3.0, 0.0, 0.0 ],
							"to": [ 3.148, 0.71, 2.1333 ],
							"autoUnwrap": false,
							"uv": [ 0.0, 0.0 ],
							"rotationOrigin": [ 3.0, 0.0, 0.0 ],
							"rotationZ": -18.0,
							"faces": {
								"north": { "texture": "#shoes-hunter-R", "uv": [ 2.5, 8.5, 3.0, 9.0 ] },
								"east": { "texture": "#shoes-hunter-R", "uv": [ 0.0, 8.5, 2.0, 9.0 ] },
								"south": { "texture": "#shoes-hunter-R", "uv": [ 0.0, 8.5, 0.5, 9.0 ] },
								"west": { "texture": "#shoes-hunter-R", "uv": [ 7.5, 0.0, 9.5, 0.5 ] },
								"up": { "texture": "#shoes-hunter-R", "uv": [ 0.0, 8.5, 2.0, 9.0 ], "rotation": 270 },
								"down": { "texture": "#shoes-hunter-R", "uv": [ 0.0, 0.0, 0.5, 2.0 ] }
							}
						},
						{
							"name": "front fold 1",
							"from": [ 0.002, 0.0, 0.0 ],
							"to": [ 0.15, 0.71, 2.1333 ],
							"autoUnwrap": false,
							"uv": [ 0.0, 0.0 ],
							"rotationOrigin": [ 0.15, 0.0, 0.0 ],
							"rotationZ": 18.0,
							"faces": {
								"north": { "texture": "#shoes-hunter-R", "uv": [ 7.0, 8.5, 7.5, 9.0 ] },
								"east": { "texture": "#shoes-hunter-R", "uv": [ 7.5, 1.0, 9.5, 1.5 ] },
								"south": { "texture": "#shoes-hunter-R", "uv": [ 10.0, 9.0, 10.5, 9.5 ] },
								"west": { "texture": "#shoes-hunter-R", "uv": [ 7.0, 8.5, 9.0, 9.0 ] },
								"up": { "texture": "#shoes-hunter-R", "uv": [ 7.0, 8.5, 9.0, 9.0 ], "rotation": 90 },
								"down": { "texture": "#shoes-hunter-R", "uv": [ 0.0, 0.0, 0.5, 2.0 ] }
							}
						},
						{
							"name": "N fold 11",
							"from": [ 0.0, 0.0, 0.0667 ],
							"to": [ 3.15, 1.7426, 0.0667 ],
							"autoUnwrap": false,
							"uv": [ 3.0, 7.0 ],
							"rotationOrigin": [ 0.0, 0.0, 0.0667 ],
							"rotationX": -8.0,
							"faces": {
								"north": { "texture": "#shoes-hunter-R", "uv": [ 3.0, 7.5, 6.0, 9.0 ] },
								"east": { "texture": "#shoes-hunter-R", "uv": [ 3.0, 0.5, 3.5, 2.0 ], "enabled": false },
								"south": { "texture": "#shoes-hunter-R", "uv": [ 3.5, 0.5, 6.5, 2.0 ], "enabled": false },
								"west": { "texture": "#shoes-hunter-R", "uv": [ 6.5, 0.5, 7.0, 2.0 ], "enabled": false },
								"up": { "texture": "#shoes-hunter-R", "uv": [ 0.0, 0.0, 3.0, 0.5 ], "enabled": false },
								"down": { "texture": "#shoes-hunter-R", "uv": [ 3.0, 0.0, 6.0, 0.5 ], "enabled": false }
							}
						},
						{
							"name": "S fold 12",
							"from": [ 0.0, 0.0, 2.0667 ],
							"to": [ 3.15, 1.7426, 2.0667 ],
							"uv": [ 10.0, 7.5 ],
							"rotationOrigin": [ 0.0, 0.0, 2.0667 ],
							"rotationX": 8.0,
							"faces": {
								"north": { "texture": "#shoes-hunter-R", "uv": [ 0.0, 0.5, 3.0, 2.0 ], "enabled": false },
								"east": { "texture": "#shoes-hunter-R", "uv": [ 3.0, 0.5, 3.5, 2.0 ], "enabled": false },
								"south": { "texture": "#shoes-hunter-R", "uv": [ 10.0, 7.5, 13.0, 9.0 ] },
								"west": { "texture": "#shoes-hunter-R", "uv": [ 6.5, 0.5, 7.0, 2.0 ], "enabled": false },
								"up": { "texture": "#shoes-hunter-R", "uv": [ 0.0, 0.0, 3.0, 0.5 ], "enabled": false },
								"down": { "texture": "#shoes-hunter-R", "uv": [ 3.0, 0.0, 6.0, 0.5 ], "enabled": false }
							}
						},
						{
							"name": "front fold 13",
							"from": [ 9.0E-4, 0.0, 0.0 ],
							"to": [ 9.0E-4, 1.7611, 2.1333 ],
							"uv": [ 7.0, 7.5 ],
							"rotationOrigin": [ 0.15, 0.0, 0.0 ],
							"rotationZ": 8.0,
							"faces": {
								"north": { "texture": "#shoes-hunter-R", "uv": [ 0.0, 2.0, 0.5, 3.5 ], "enabled": false },
								"east": { "texture": "#shoes-hunter-R", "uv": [ 0.5, 2.0, 2.5, 3.5 ], "enabled": false },
								"south": { "texture": "#shoes-hunter-R", "uv": [ 2.5, 2.0, 3.0, 3.5 ], "enabled": false },
								"west": { "texture": "#shoes-hunter-R", "uv": [ 7.0, 7.5, 9.0, 9.0 ] },
								"up": { "texture": "#shoes-hunter-R", "uv": [ 0.0, 0.0, 0.5, 2.0 ], "enabled": false },
								"down": { "texture": "#shoes-hunter-R", "uv": [ 0.5, 0.0, 1.0, 2.0 ], "enabled": false }
							}
						},
						{
							"name": "back fold 14",
							"from": [ 3.075, 0.0, 0.0 ],
							"to": [ 3.075, 1.7611, 2.1333 ],
							"uv": [ 0.0, 7.5 ],
							"rotationOrigin": [ 3.075, 0.0, 0.0 ],
							"rotationZ": -8.0,
							"faces": {
								"north": { "texture": "#shoes-hunter-R", "uv": [ 0.0, 2.0, 0.5, 3.5 ], "enabled": false },
								"east": { "texture": "#shoes-hunter-R", "uv": [ 0.0, 7.5, 2.0, 9.0 ] },
								"south": { "texture": "#shoes-hunter-R", "uv": [ 2.5, 2.0, 3.0, 3.5 ], "enabled": false },
								"west": { "texture": "#shoes-hunter-R", "uv": [ 3.0, 2.0, 5.0, 3.5 ], "enabled": false },
								"up": { "texture": "#shoes-hunter-R", "uv": [ 0.0, 0.0, 0.5, 2.0 ], "enabled": false },
								"down": { "texture": "#shoes-hunter-R", "uv": [ 0.5, 0.0, 1.0, 2.0 ], "enabled": false }
							}
						}
					]
				},
				{
					"name": "showshoeR",
					"from": [ 0.0, 4.55, 0.0 ],
					"to": [ 3.15, 6.3, 2.1333 ],
					"autoUnwrap": false,
					"uv": [ 0.0, 7.0 ],
					"rotationOrigin": [ 0.0, 4.55, 0.0 ],
					"faces": {
						"north": { "texture": "#shoes-hunter-R", "uv": [ 3.0, 7.5, 6.0, 9.0 ] },
						"east": { "texture": "#shoes-hunter-R", "uv": [ 0.0, 7.5, 2.0, 9.0 ] },
						"south": { "texture": "#shoes-hunter-R", "uv": [ 10.0, 7.5, 13.0, 9.0 ] },
						"west": { "texture": "#shoes-hunter-R", "uv": [ 7.0, 7.5, 9.0, 9.0 ] },
						"up": { "texture": "#shoes-hunter-R", "uv": [ 0.0, 0.0, 3.0, 2.0 ], "enabled": false },
						"down": { "texture": "#shoes-hunter-R", "uv": [ 3.0, 0.0, 6.0, 2.0 ], "enabled": false }
					}
				}
			]
		},
		{
			"name": "shoeL",
			"stepParentName": "LowerFootL",
			"from": [ -0.075, -0.07, -0.0667 ],
			"to": [ 3.075, 4.48, 2.0667 ],
			"autoUnwrap": false,
			"uv": [ 0.5, 0.5 ],
			"rotationOrigin": [ -0.075, -0.07, -0.0667 ],
			"faces": {
				"north": { "texture": "#shoes-hunter-L", "uv": [ 0.0, 9.5, 3.0, 14.0 ] },
				"east": { "texture": "#shoes-hunter-L", "uv": [ 11.0, 9.5, 13.0, 14.0 ] },
				"south": { "texture": "#shoes-hunter-L", "uv": [ 7.0, 9.5, 10.0, 14.0 ] },
				"west": { "texture": "#shoes-hunter-L", "uv": [ 4.0, 9.5, 6.0, 14.0 ] },
				"up": { "texture": "#shoes-hunter-L", "uv": [ 4.0, 0.0, 6.0, 3.0 ], "rotation": 90 },
				"down": { "texture": "#shoes-hunter-L", "uv": [ 0.0, 0.0, 2.0, 3.0 ], "rotation": 90 }
			},
			"children": [
				{
					"name": "hideshoeL",
					"from": [ 0.0, 4.55, 0.0 ],
					"to": [ 0.75, 5.25, 0.6667 ],
					"uv": [ 999.0, 999.0 ],
					"rotationOrigin": [ 0.0, 4.55, 0.0 ],
					"faces": {
						"north": { "texture": "#shoes-hunter-L", "uv": [ 0.0, 0.5, 0.5, 1.0 ], "enabled": false },
						"east": { "texture": "#shoes-hunter-L", "uv": [ 0.5, 0.5, 1.0, 1.0 ], "enabled": false },
						"south": { "texture": "#shoes-hunter-L", "uv": [ 1.0, 0.5, 1.5, 1.0 ], "enabled": false },
						"west": { "texture": "#shoes-hunter-L", "uv": [ 1.5, 0.5, 2.0, 1.0 ], "enabled": false },
						"up": { "texture": "#shoes-hunter-L", "uv": [ 0.0, 0.0, 0.5, 0.5 ], "enabled": false },
						"down": { "texture": "#shoes-hunter-L", "uv": [ 0.5, 0.0, 1.0, 0.5 ], "enabled": false }
					},
					"children": [
						{
							"name": "N fold 2",
							"from": [ 0.0, 0.0, -0.0013 ],
							"to": [ 3.15, 0.6933, 0.1333 ],
							"uv": [ 0.0, 0.0 ],
							"rotationOrigin": [ 0.0, 0.0, 0.1333 ],
							"rotationX": -18.0,
							"faces": {
								"north": { "texture": "#shoes-hunter-L", "uv": [ 0.0, 8.5, 4.0, 9.5 ], "autoUv": false },
								"east": { "texture": "#shoes-hunter-L", "uv": [ 0.0, 8.5, 0.5, 9.5 ], "autoUv": false },
								"south": { "texture": "#shoes-hunter-L", "uv": [ 10.0, 2.0, 14.0, 3.0 ], "autoUv": false },
								"west": { "texture": "#shoes-hunter-L", "uv": [ 3.5, 8.5, 4.0, 9.5 ], "autoUv": false },
								"up": { "texture": "#shoes-hunter-L", "uv": [ 0.0, 8.5, 4.0, 9.0 ], "rotation": 180, "autoUv": false },
								"down": { "texture": "#shoes-hunter-L", "uv": [ 0.0, 0.0, 4.0, 0.5 ], "autoUv": false }
							}
						},
						{
							"name": "S fold 2",
							"from": [ 0.0, 0.0, 2.0 ],
							"to": [ 3.15, 0.6933, 2.1347 ],
							"autoUnwrap": false,
							"uv": [ 0.0, 0.0 ],
							"rotationOrigin": [ 0.0, 0.0, 2.0 ],
							"rotationX": 18.0,
							"faces": {
								"north": { "texture": "#shoes-hunter-L", "uv": [ 9.5, 2.0, 12.5, 2.5 ] },
								"east": { "texture": "#shoes-hunter-L", "uv": [ 10.5, 8.5, 11.0, 9.0 ] },
								"south": { "texture": "#shoes-hunter-L", "uv": [ 7.0, 8.5, 10.0, 9.0 ] },
								"west": { "texture": "#shoes-hunter-L", "uv": [ 7.0, 8.5, 7.5, 9.0 ] },
								"up": { "texture": "#shoes-hunter-L", "uv": [ 7.0, 8.5, 10.0, 9.0 ] },
								"down": { "texture": "#shoes-hunter-L", "uv": [ 0.0, 0.0, 3.0, 0.5 ] }
							}
						},
						{
							"name": "back fold 2",
							"from": [ 3.0, 0.0, 0.0 ],
							"to": [ 3.148, 0.71, 2.1333 ],
							"autoUnwrap": false,
							"uv": [ 0.0, 0.0 ],
							"rotationOrigin": [ 3.0, 0.0, 0.0 ],
							"rotationZ": -18.0,
							"faces": {
								"north": { "texture": "#shoes-hunter-L", "uv": [ 13.5, 8.5, 14.0, 9.0 ] },
								"east": { "texture": "#shoes-hunter-L", "uv": [ 11.0, 8.5, 13.0, 9.0 ] },
								"south": { "texture": "#shoes-hunter-L", "uv": [ 11.0, 8.5, 11.5, 9.0 ] },
								"west": { "texture": "#shoes-hunter-L", "uv": [ 8.5, 1.0, 10.5, 1.5 ] },
								"up": { "texture": "#shoes-hunter-L", "uv": [ 11.0, 8.5, 13.0, 9.0 ], "rotation": 270 },
								"down": { "texture": "#shoes-hunter-L", "uv": [ 0.0, 0.0, 0.5, 2.0 ] }
							}
						},
						{
							"name": "front fold 2",
							"from": [ 0.002, 0.0, 0.0 ],
							"to": [ 0.15, 0.71, 2.1333 ],
							"autoUnwrap": false,
							"uv": [ 0.0, 0.0 ],
							"rotationOrigin": [ 0.15, 0.0, 0.0 ],
							"rotationZ": 18.0,
							"faces": {
								"north": { "texture": "#shoes-hunter-L", "uv": [ 4.0, 8.5, 4.5, 9.0 ] },
								"east": { "texture": "#shoes-hunter-L", "uv": [ 7.5, 1.0, 9.5, 1.5 ] },
								"south": { "texture": "#shoes-hunter-L", "uv": [ 6.5, 8.5, 7.0, 9.0 ] },
								"west": { "texture": "#shoes-hunter-L", "uv": [ 4.0, 8.5, 6.0, 9.0 ] },
								"up": { "texture": "#shoes-hunter-L", "uv": [ 4.0, 8.5, 6.0, 9.0 ], "rotation": 90 },
								"down": { "texture": "#shoes-hunter-L", "uv": [ 0.0, 0.0, 0.5, 2.0 ] }
							}
						},
						{
							"name": "front fold 15",
							"from": [ 9.0E-4, 0.0, 0.0 ],
							"to": [ 9.0E-4, 1.7611, 2.1333 ],
							"uv": [ 11.0, 7.5 ],
							"rotationOrigin": [ 0.15, 0.0, 0.0 ],
							"rotationZ": 8.0,
							"faces": {
								"north": { "texture": "#shoes-hunter-L", "uv": [ 0.0, 2.0, 0.5, 3.5 ], "enabled": false },
								"east": { "texture": "#shoes-hunter-L", "uv": [ 0.5, 2.0, 2.5, 3.5 ], "enabled": false },
								"south": { "texture": "#shoes-hunter-L", "uv": [ 2.5, 2.0, 3.0, 3.5 ], "enabled": false },
								"west": { "texture": "#shoes-hunter-L", "uv": [ 11.0, 7.5, 13.0, 9.0 ] },
								"up": { "texture": "#shoes-hunter-L", "uv": [ 0.0, 0.0, 0.5, 2.0 ], "enabled": false },
								"down": { "texture": "#shoes-hunter-L", "uv": [ 0.5, 0.0, 1.0, 2.0 ], "enabled": false }
							}
						},
						{
							"name": "S fold 16",
							"from": [ 0.0, 0.0, 2.0667 ],
							"to": [ 3.15, 1.7426, 2.0667 ],
							"uv": [ 7.0, 7.5 ],
							"rotationOrigin": [ 0.0, 0.0, 2.0667 ],
							"rotationX": 8.0,
							"faces": {
								"north": { "texture": "#shoes-hunter-L", "uv": [ 0.0, 0.5, 3.0, 2.0 ], "enabled": false },
								"east": { "texture": "#shoes-hunter-L", "uv": [ 3.0, 0.5, 3.5, 2.0 ], "enabled": false },
								"south": { "texture": "#shoes-hunter-L", "uv": [ 7.0, 7.5, 10.0, 9.0 ] },
								"west": { "texture": "#shoes-hunter-L", "uv": [ 6.5, 0.5, 7.0, 2.0 ], "enabled": false },
								"up": { "texture": "#shoes-hunter-L", "uv": [ 0.0, 0.0, 3.0, 0.5 ], "enabled": false },
								"down": { "texture": "#shoes-hunter-L", "uv": [ 3.0, 0.0, 6.0, 0.5 ], "enabled": false }
							}
						},
						{
							"name": "back fold 17",
							"from": [ 3.075, 0.0, 0.0 ],
							"to": [ 3.075, 1.7611, 2.1333 ],
							"uv": [ 4.0, 7.5 ],
							"rotationOrigin": [ 3.075, 0.0, 0.0 ],
							"rotationZ": -8.0,
							"faces": {
								"north": { "texture": "#shoes-hunter-L", "uv": [ 0.0, 2.0, 0.5, 3.5 ], "enabled": false },
								"east": { "texture": "#shoes-hunter-L", "uv": [ 4.0, 7.5, 6.0, 9.0 ] },
								"south": { "texture": "#shoes-hunter-L", "uv": [ 2.5, 2.0, 3.0, 3.5 ], "enabled": false },
								"west": { "texture": "#shoes-hunter-L", "uv": [ 3.0, 2.0, 5.0, 3.5 ], "enabled": false },
								"up": { "texture": "#shoes-hunter-L", "uv": [ 0.0, 0.0, 0.5, 2.0 ], "enabled": false },
								"down": { "texture": "#shoes-hunter-L", "uv": [ 0.5, 0.0, 1.0, 2.0 ], "enabled": false }
							}
						},
						{
							"name": "N fold 18",
							"from": [ 0.0, 0.0, 0.0661 ],
							"to": [ 3.15, 1.7426, 0.0661 ],
							"uv": [ 0.0, 7.5 ],
							"rotationOrigin": [ 0.0, 0.0, 0.2 ],
							"rotationX": -8.0,
							"faces": {
								"north": { "texture": "#shoes-hunter-L", "uv": [ 0.0, 7.5, 3.0, 9.0 ] },
								"east": { "texture": "#shoes-hunter-L", "uv": [ 3.0, 0.5, 3.5, 2.0 ], "enabled": false },
								"south": { "texture": "#shoes-hunter-L", "uv": [ 3.5, 0.5, 6.5, 2.0 ], "enabled": false },
								"west": { "texture": "#shoes-hunter-L", "uv": [ 6.5, 0.5, 7.0, 2.0 ], "enabled": false },
								"up": { "texture": "#shoes-hunter-L", "uv": [ 0.0, 0.0, 3.0, 0.5 ], "enabled": false },
								"down": { "texture": "#shoes-hunter-L", "uv": [ 3.0, 0.0, 6.0, 0.5 ], "enabled": false }
							}
						}
					]
				},
				{
					"name": "showshoeL",
					"from": [ 0.0, 4.55, 0.0 ],
					"to": [ 3.15, 6.3, 2.1333 ],
					"autoUnwrap": false,
					"uv": [ 0.0, 7.0 ],
					"rotationOrigin": [ 0.0, 4.55, 0.0 ],
					"faces": {
						"north": { "texture": "#shoes-hunter-L", "uv": [ 0.0, 7.5, 3.0, 9.0 ] },
						"east": { "texture": "#shoes-hunter-L", "uv": [ 4.0, 7.5, 6.0, 9.0 ] },
						"south": { "texture": "#shoes-hunter-L", "uv": [ 7.0, 7.5, 10.0, 9.0 ] },
						"west": { "texture": "#shoes-hunter-L", "uv": [ 11.0, 7.5, 13.0, 9.0 ] },
						"up": { "texture": "#shoes-hunter-L", "uv": [ 0.0, 0.0, 3.0, 2.0 ], "enabled": false },
						"down": { "texture": "#shoes-hunter-L", "uv": [ 3.0, 0.0, 6.0, 2.0 ], "enabled": false }
					}
				}
			]
		}
	],
	"animations": [
	]
}
