{
	"editor": {
		"collapsedPaths": ",Root/base22/short,Root/Cube2,Root/FrameUp,Root/FrameDown,Root/dontlookatthis,Root/Frame,Root/FrameLeft,Root/Putty,Root/FrameRight",
		"allAngles": false,
		"entityTextureMode": false
	},
	"textureWidth": 16,
	"textureHeight": 16,
	"textureSizes": {
	},
	"textures": {
	},
	"elements": [
		{
			"name": "Glass",
			"from": [ 7.9, 1.5, 1.5 ],
			"to": [ 8.1, 14.5, 14.5 ],
			"renderPass": 3,
			"rotationOrigin": [ 0.0, 1.0, 0.0 ],
			"faces": {
				"east": { "texture": "#glass", "uv": [ 0.0, 0.0, 16.0, 16.0 ] },
				"west": { "texture": "#glass", "uv": [ 0.0, 0.0, 16.0, 16.0 ] }
			}
		},
		{
			"name": "FrameWhole",
			"from": [ 7.7, -0.1, 16.0 ],
			"to": [ 7.7, -0.1, 16.0 ],
			"rotationOrigin": [ 7.7, -0.1, 15.8 ],
			"rotationX": -90.0,
			"faces": {
				"north": { "texture": "#oak", "uv": [ 0.0, 0.0, 0.5, 0.5 ] },
				"east": { "texture": "#oak", "uv": [ 0.0, 0.0, 0.5, 0.5 ] },
				"south": { "texture": "#oak", "uv": [ 0.0, 0.0, 0.5, 0.5 ] },
				"west": { "texture": "#oak", "uv": [ 0.0, 0.0, 0.5, 0.5 ] },
				"up": { "texture": "#oak", "uv": [ 0.0, 0.0, 0.5, 0.5 ] },
				"down": { "texture": "#oak", "uv": [ 0.0, 0.0, 0.5, 0.5 ] }
			},
			"children": [
				{
					"name": "FrameUp",
					"from": [ 0.1, 15.3, 15.4 ],
					"to": [ 0.6, 15.8, 15.9 ],
					"rotationOrigin": [ 0.0, 15.7, 15.9 ],
					"faces": {
						"north": { "texture": "#oak", "uv": [ 0.0, 0.0, 0.5, 0.5 ] },
						"east": { "texture": "#oak", "uv": [ 0.0, 0.0, 0.5, 0.5 ] },
						"south": { "texture": "#oak", "uv": [ 0.0, 0.0, 0.5, 0.5 ] },
						"west": { "texture": "#oak", "uv": [ 0.0, 0.0, 0.5, 0.5 ] },
						"up": { "texture": "#oak", "uv": [ 0.0, 0.0, 0.5, 0.5 ] },
						"down": { "texture": "#oak", "uv": [ 0.0, 0.0, 0.5, 0.5 ] }
					},
					"children": [
						{
							"name": "FrameUp1",
							"from": [ -0.5, 0.0, -1.0 ],
							"to": [ 1.0, 0.5, 0.0 ],
							"rotationOrigin": [ 0.0, -1.0, -1.0 ],
							"faces": {
								"north": { "texture": "#oak", "uv": [ 0.0, 0.0, 1.5, 0.5 ] },
								"east": { "texture": "#oak", "uv": [ 0.0, 0.0, 1.0, 0.5 ] },
								"south": { "texture": "#oak", "uv": [ 0.0, 0.0, 1.5, 0.5 ] },
								"west": { "texture": "#oak", "uv": [ 0.0, 0.0, 1.0, 0.5 ] },
								"up": { "texture": "#oak", "uv": [ 0.0, 0.0, 1.5, 1.0 ] },
								"down": { "texture": "#oak", "uv": [ 0.0, 0.0, 1.5, 1.0 ] }
							}
						},
						{
							"name": "FrameUp2",
							"from": [ 0.0, 0.0, -2.0 ],
							"to": [ 0.5, 0.5, -1.0 ],
							"rotationOrigin": [ 0.0, -1.0, -2.0 ],
							"faces": {
								"north": { "texture": "#oak", "uv": [ 0.0, 0.0, 0.5, 0.5 ] },
								"east": { "texture": "#oak", "uv": [ 0.0, 0.0, 1.0, 0.5 ] },
								"south": { "texture": "#oak", "uv": [ 0.0, 0.0, 0.5, 0.5 ] },
								"west": { "texture": "#oak", "uv": [ 0.0, 0.0, 1.0, 0.5 ] },
								"up": { "texture": "#oak", "uv": [ 0.0, 0.0, 0.5, 1.0 ] },
								"down": { "texture": "#oak", "uv": [ 0.0, 0.0, 0.5, 1.0 ] }
							}
						},
						{
							"name": "FrameUp3",
							"from": [ -1.0, 0.0, -2.0 ],
							"to": [ 0.5, 0.5, 10.0 ],
							"rotationOrigin": [ 0.0, 0.0, -2.0 ],
							"rotationY": -180.0,
							"faces": {
								"north": { "texture": "#oak", "uv": [ 0.0, 0.0, 1.5, 0.5 ] },
								"east": { "texture": "#oak", "uv": [ 0.0, 0.0, 12.0, 0.5 ] },
								"south": { "texture": "#oak", "uv": [ 0.0, 0.0, 1.5, 0.5 ] },
								"west": { "texture": "#oak", "uv": [ 0.0, 0.0, 12.0, 0.5 ] },
								"up": { "texture": "#oak", "uv": [ 0.0, 0.0, 1.5, 12.0 ] },
								"down": { "texture": "#oak", "uv": [ 0.0, 0.0, 1.5, 12.0 ] }
							}
						},
						{
							"name": "FrameUp4",
							"from": [ -1.0, -1.0, -0.5 ],
							"to": [ 0.5, 0.0, 14.0 ],
							"rotationOrigin": [ 0.0, -1.0, 0.0 ],
							"rotationY": -180.0,
							"faces": {
								"north": { "texture": "#oak", "uv": [ 0.0, 0.0, 1.5, 1.0 ] },
								"east": { "texture": "#oak", "uv": [ 1.0, 6.5, 15.5, 7.5 ] },
								"south": { "texture": "#oak", "uv": [ 0.0, 0.0, 1.5, 1.0 ] },
								"west": { "texture": "#oak", "uv": [ 0.0, 0.0, 14.5, 1.0 ] },
								"up": { "texture": "#oak", "uv": [ 0.0, 0.0, 1.5, 14.5 ] },
								"down": { "texture": "#oak", "uv": [ 0.0, 0.0, 1.5, 14.5 ] }
							}
						},
						{
							"name": "FrameUpDetail1",
							"from": [ -0.2, -0.9, -12.6 ],
							"to": [ 4.8, 0.1, -12.4 ],
							"rotationOrigin": [ -0.35, -0.9, -12.6 ],
							"rotationX": -90.0,
							"rotationY": -88.0,
							"rotationZ": -92.0,
							"faces": {
								"north": { "texture": "#oak", "uv": [ 0.0, 0.0, 5.0, 1.0 ] },
								"east": { "texture": "#oak", "uv": [ 0.0, 0.0, 0.5, 1.0 ] },
								"south": { "texture": "#oak", "uv": [ 0.0, 0.0, 5.0, 1.0 ] },
								"west": { "texture": "#oak", "uv": [ 0.0, 0.0, 0.5, 1.0 ] },
								"up": { "texture": "#oak", "uv": [ 2.5, 4.0, 7.5, 4.5 ] },
								"down": { "texture": "#oak", "uv": [ 0.0, 0.0, 5.0, 0.5 ] }
							}
						},
						{
							"name": "FrameUpDetail2",
							"from": [ -0.31, -1.0, -4.4 ],
							"to": [ 0.09, -0.5, -0.2 ],
							"rotationOrigin": [ -0.3, -1.0, -4.4 ],
							"rotationX": 30.0,
							"faces": {
								"north": { "texture": "#oak", "uv": [ 0.0, 0.0, 0.5, 0.5 ] },
								"east": { "texture": "#oak", "uv": [ 0.0, 0.0, 4.0, 0.5 ] },
								"south": { "texture": "#oak", "uv": [ 0.0, 0.0, 0.5, 0.5 ] },
								"west": { "texture": "#oak", "uv": [ 0.0, 0.0, 4.0, 0.5 ] },
								"up": { "texture": "#oak", "uv": [ 0.0, 0.0, 0.5, 4.0 ] },
								"down": { "texture": "#oak", "uv": [ 0.0, 0.0, 0.5, 4.0 ] }
							}
						},
						{
							"name": "FrameUpDetail3",
							"from": [ -0.11, -0.28, -3.3 ],
							"to": [ -0.01, 0.22, -1.9 ],
							"rotationOrigin": [ -0.3, -0.3, -3.3 ],
							"rotationX": 77.0,
							"faces": {
								"north": { "texture": "#oak", "uv": [ 0.0, 0.0, 0.5, 0.5 ] },
								"east": { "texture": "#oak", "uv": [ 0.0, 0.0, 1.0, 0.5 ] },
								"south": { "texture": "#oak", "uv": [ 0.0, 0.0, 0.5, 0.5 ] },
								"west": { "texture": "#oak", "uv": [ 0.0, 0.0, 1.0, 0.5 ] },
								"up": { "texture": "#oak", "uv": [ 0.0, 0.0, 0.5, 1.0 ] },
								"down": { "texture": "#oak", "uv": [ 0.0, 0.0, 0.5, 1.0 ] }
							}
						}
					]
				},
				{
					"name": "FrameLeft",
					"from": [ 1.1, 15.8, 1.4 ],
					"to": [ 2.1, 17.3, 15.9 ],
					"rotationOrigin": [ 1.1, 15.8, 1.4 ],
					"rotationX": 90.0,
					"rotationZ": 180.0,
					"faces": {
						"north": { "texture": "#oak", "uv": [ 0.0, 0.0, 1.0, 1.5 ] },
						"east": { "texture": "#oak", "uv": [ 0.0, 0.0, 14.5, 1.5 ] },
						"south": { "texture": "#oak", "uv": [ 0.0, 0.0, 1.0, 1.5 ] },
						"west": { "texture": "#oak", "uv": [ 0.0, 0.0, 14.5, 1.5 ] },
						"up": { "texture": "#oak", "uv": [ 0.0, 0.0, 1.0, 14.5 ] },
						"down": { "texture": "#oak", "uv": [ 0.0, 0.0, 1.0, 14.5 ] }
					},
					"children": [
						{
							"name": "FrameLeft1",
							"from": [ 1.0, 0.0, 0.0 ],
							"to": [ 1.2, 1.5, 14.0 ],
							"rotationOrigin": [ 1.0, 0.0, 0.0 ],
							"faces": {
								"north": { "texture": "#oak", "uv": [ 0.0, 0.0, 0.5, 1.5 ] },
								"east": { "texture": "#oak", "uv": [ 0.0, 0.0, 14.0, 1.5 ] },
								"south": { "texture": "#oak", "uv": [ 0.0, 0.0, 0.5, 1.5 ] },
								"west": { "texture": "#oak", "uv": [ 0.0, 0.0, 14.0, 1.5 ] },
								"up": { "texture": "#oak", "uv": [ 0.0, 0.0, 0.5, 14.0 ] },
								"down": { "texture": "#oak", "uv": [ 0.0, 0.0, 0.5, 14.0 ] }
							}
						},
						{
							"name": "FrameLeftDetail1",
							"from": [ 1.2, 0.7, 5.0 ],
							"to": [ 1.35, 1.2, 9.6 ],
							"rotationOrigin": [ 1.2, 0.7, 5.0 ],
							"faces": {
								"north": { "texture": "#oak", "uv": [ 0.0, 0.0, 0.5, 0.5 ] },
								"east": { "texture": "#oak", "uv": [ 0.0, 0.0, 4.5, 0.5 ] },
								"south": { "texture": "#oak", "uv": [ 0.0, 0.0, 0.5, 0.5 ] },
								"west": { "texture": "#oak", "uv": [ 0.0, 0.0, 4.5, 0.5 ] },
								"up": { "texture": "#oak", "uv": [ 0.0, 0.0, 0.5, 4.5 ] },
								"down": { "texture": "#oak", "uv": [ 0.0, 0.0, 0.5, 4.5 ] }
							}
						},
						{
							"name": "FrameLeftDetail2",
							"from": [ 0.43, 0.01, 14.15 ],
							"to": [ 0.93, 1.49, 14.95 ],
							"rotationOrigin": [ 0.4, 0.0, 13.7 ],
							"rotationY": 30.0,
							"faces": {
								"north": { "texture": "#oak", "uv": [ 0.0, 0.0, 0.5, 1.0 ] },
								"east": { "texture": "#oak", "uv": [ 0.0, 0.0, 0.5, 1.0 ] },
								"south": { "texture": "#oak", "uv": [ 0.0, 0.0, 0.5, 1.0 ] },
								"west": { "texture": "#oak", "uv": [ 0.0, 0.0, 0.5, 1.0 ] },
								"up": { "texture": "#oak", "uv": [ 0.0, 0.0, 0.5, 0.5 ] },
								"down": { "texture": "#oak", "uv": [ 0.0, 0.0, 0.5, 0.5 ] }
							}
						}
					]
				},
				{
					"name": "FrameDown",
					"from": [ -0.4, 0.3, -0.1 ],
					"to": [ 1.1, 1.3, 15.9 ],
					"rotationOrigin": [ -0.4, 0.7, -0.6 ],
					"faces": {
						"north": { "texture": "#oak", "uv": [ 0.0, 0.0, 1.5, 1.0 ] },
						"east": { "texture": "#oak", "uv": [ 0.0, 0.0, 16.0, 1.0 ] },
						"south": { "texture": "#oak", "uv": [ 0.0, 0.0, 1.5, 1.0 ] },
						"west": { "texture": "#oak", "uv": [ 0.0, 0.0, 16.0, 1.0 ] },
						"up": { "texture": "#oak", "uv": [ 0.0, 0.0, 1.5, 16.0 ] },
						"down": { "texture": "#oak", "uv": [ 0.0, 0.0, 1.5, 16.0 ] }
					},
					"children": [
						{
							"name": "FrameDown1",
							"from": [ 0.0, -0.5, 0.0 ],
							"to": [ 1.5, 0.0, 4.0 ],
							"rotationOrigin": [ 0.0, -0.1, -0.5 ],
							"faces": {
								"north": { "texture": "#oak", "uv": [ 0.0, 0.0, 1.5, 0.5 ] },
								"east": { "texture": "#oak", "uv": [ 0.0, 0.0, 4.0, 0.5 ] },
								"south": { "texture": "#oak", "uv": [ 0.0, 0.0, 1.5, 0.5 ] },
								"west": { "texture": "#oak", "uv": [ 0.0, 0.0, 4.0, 0.5 ] },
								"up": { "texture": "#oak", "uv": [ 0.0, 0.0, 1.5, 4.0 ] },
								"down": { "texture": "#oak", "uv": [ 0.0, 0.0, 1.5, 4.0 ] }
							}
						},
						{
							"name": "FrameDown2",
							"from": [ 1.0, -0.5, 4.0 ],
							"to": [ 1.5, 0.0, 10.0 ],
							"rotationOrigin": [ 0.0, -0.1, 3.5 ],
							"faces": {
								"north": { "texture": "#oak", "uv": [ 0.0, 0.0, 0.5, 0.5 ] },
								"east": { "texture": "#oak", "uv": [ 0.0, 0.0, 6.0, 0.5 ] },
								"south": { "texture": "#oak", "uv": [ 0.0, 0.0, 0.5, 0.5 ] },
								"west": { "texture": "#oak", "uv": [ 0.0, 0.0, 6.0, 0.5 ] },
								"up": { "texture": "#oak", "uv": [ 0.0, 0.0, 0.5, 6.0 ] },
								"down": { "texture": "#oak", "uv": [ 0.0, 0.0, 0.5, 6.0 ] }
							}
						},
						{
							"name": "FrameDown3",
							"from": [ 0.5, -0.5, 6.0 ],
							"to": [ 1.0, 0.0, 16.0 ],
							"rotationOrigin": [ -0.1, -0.1, 5.5 ],
							"faces": {
								"north": { "texture": "#oak", "uv": [ 0.0, 0.0, 0.5, 0.5 ] },
								"east": { "texture": "#oak", "uv": [ 0.0, 0.0, 10.0, 0.5 ] },
								"south": { "texture": "#oak", "uv": [ 0.0, 0.0, 0.5, 0.5 ] },
								"west": { "texture": "#oak", "uv": [ 0.0, 0.0, 10.0, 0.5 ] },
								"up": { "texture": "#oak", "uv": [ 0.0, 0.0, 0.5, 10.0 ] },
								"down": { "texture": "#oak", "uv": [ 0.0, 0.0, 0.5, 10.0 ] }
							}
						},
						{
							"name": "FrameDown4",
							"from": [ 0.0, -0.5, 7.0 ],
							"to": [ 0.5, 0.0, 11.0 ],
							"rotationOrigin": [ 0.9, -0.1, 6.5 ],
							"faces": {
								"north": { "texture": "#oak", "uv": [ 0.0, 0.0, 0.5, 0.5 ] },
								"east": { "texture": "#oak", "uv": [ 0.0, 0.0, 4.0, 0.5 ] },
								"south": { "texture": "#oak", "uv": [ 0.0, 0.0, 0.5, 0.5 ] },
								"west": { "texture": "#oak", "uv": [ 0.0, 0.0, 4.0, 0.5 ] },
								"up": { "texture": "#oak", "uv": [ 0.0, 0.0, 0.5, 4.0 ] },
								"down": { "texture": "#oak", "uv": [ 0.0, 0.0, 0.5, 4.0 ] }
							}
						},
						{
							"name": "FrameDown5",
							"from": [ -1.3, -0.53, 17.01 ],
							"to": [ -0.81, -0.03, 22.01 ],
							"rotationOrigin": [ -0.4, -0.1, 16.5 ],
							"rotationX": 4.0,
							"rotationY": -180.0,
							"faces": {
								"north": { "texture": "#oak", "uv": [ 0.0, 0.0, 0.5, 0.5 ] },
								"east": { "texture": "#oak", "uv": [ 0.0, 0.0, 5.0, 0.5 ] },
								"south": { "texture": "#oak", "uv": [ 0.0, 0.0, 0.5, 0.5 ] },
								"west": { "texture": "#oak", "uv": [ 0.0, 0.0, 5.0, 0.5 ] },
								"up": { "texture": "#oak", "uv": [ 0.0, 0.0, 0.5, 5.0 ] },
								"down": { "texture": "#oak", "uv": [ 0.0, 0.0, 0.5, 5.0 ] }
							}
						},
						{
							"name": "FrameDownDetail1",
							"from": [ 0.05, 0.6, 1.5 ],
							"to": [ 0.55, 1.1, 9.5 ],
							"rotationOrigin": [ -0.9, 1.0, 1.0 ],
							"rotationY": -0.5,
							"faces": {
								"north": { "texture": "#oak", "uv": [ 0.0, 0.0, 0.5, 0.5 ] },
								"east": { "texture": "#oak", "uv": [ 0.0, 0.0, 8.0, 0.5 ] },
								"south": { "texture": "#oak", "uv": [ 0.0, 0.0, 0.5, 0.5 ] },
								"west": { "texture": "#oak", "uv": [ 0.0, 0.0, 8.0, 0.5 ] },
								"up": { "texture": "#oak", "uv": [ 0.0, 0.0, 0.5, 8.0 ] },
								"down": { "texture": "#oak", "uv": [ 0.0, 0.0, 0.5, 8.0 ] }
							}
						}
					]
				},
				{
					"name": "FrameRight",
					"from": [ -0.4, 1.3, 14.9 ],
					"to": [ 0.6, 12.3, 15.9 ],
					"rotationOrigin": [ -0.9, 1.3, 14.9 ],
					"faces": {
						"north": { "texture": "#oak", "uv": [ 0.0, 0.0, 1.0, 11.0 ] },
						"east": { "texture": "#oak", "uv": [ 0.0, 0.0, 1.0, 11.0 ] },
						"south": { "texture": "#oak", "uv": [ 0.0, 0.0, 1.0, 11.0 ] },
						"west": { "texture": "#oak", "uv": [ 0.0, 0.0, 1.0, 11.0 ] },
						"up": { "texture": "#oak", "uv": [ 0.0, 0.0, 1.0, 1.0 ] },
						"down": { "texture": "#oak", "uv": [ 0.0, 0.0, 1.0, 1.0 ] }
					},
					"children": [
						{
							"name": "FrameRight2",
							"from": [ 0.5, 11.0, 0.0 ],
							"to": [ 1.0, 13.0, 0.5 ],
							"rotationOrigin": [ 0.5, 11.0, 0.5 ],
							"faces": {
								"north": { "texture": "#oak", "uv": [ 0.0, 0.0, 0.5, 2.0 ] },
								"east": { "texture": "#oak", "uv": [ 0.0, 0.0, 0.5, 2.0 ] },
								"south": { "texture": "#oak", "uv": [ 0.0, 0.0, 0.5, 2.0 ] },
								"west": { "texture": "#oak", "uv": [ 0.0, 0.0, 0.5, 2.0 ] },
								"up": { "texture": "#oak", "uv": [ 0.0, 0.0, 0.5, 0.5 ] },
								"down": { "texture": "#oak", "uv": [ 0.0, 0.0, 0.5, 0.5 ] }
							}
						},
						{
							"name": "FrameRight1",
							"from": [ 0.2, 11.0, 0.5 ],
							"to": [ 1.0, 13.0, 1.0 ],
							"rotationOrigin": [ 0.7, 11.0, 0.5 ],
							"faces": {
								"north": { "texture": "#oak", "uv": [ 0.0, 0.0, 0.5, 2.0 ] },
								"east": { "texture": "#oak", "uv": [ 0.0, 0.0, 0.5, 2.0 ] },
								"south": { "texture": "#oak", "uv": [ 0.0, 0.0, 0.5, 2.0 ] },
								"west": { "texture": "#oak", "uv": [ 0.0, 0.0, 0.5, 2.0 ] },
								"up": { "texture": "#oak", "uv": [ 0.0, 0.0, 0.5, 0.5 ] },
								"down": { "texture": "#oak", "uv": [ 0.0, 0.0, 0.5, 0.5 ] }
							}
						},
						{
							"name": "FrameRight3",
							"from": [ 0.0, 0.0, -0.5 ],
							"to": [ 1.0, 13.0, 0.0 ],
							"rotationOrigin": [ -0.5, 0.0, -1.0 ],
							"faces": {
								"north": { "texture": "#oak", "uv": [ 0.0, 0.0, 1.0, 13.0 ] },
								"east": { "texture": "#oak", "uv": [ 0.0, 0.0, 0.5, 13.0 ] },
								"south": { "texture": "#oak", "uv": [ 0.0, 0.0, 1.0, 13.0 ] },
								"west": { "texture": "#oak", "uv": [ 0.0, 0.0, 0.5, 13.0 ] },
								"up": { "texture": "#oak", "uv": [ 0.0, 0.0, 1.0, 0.5 ] },
								"down": { "texture": "#oak", "uv": [ 0.0, 0.0, 1.0, 0.5 ] }
							}
						},
						{
							"name": "FrameRightDetail1",
							"from": [ 0.3, 3.2, -0.55 ],
							"to": [ 1.0, 11.2, -0.4 ],
							"rotationOrigin": [ -0.2, 3.2, -1.1 ],
							"rotationX": -0.4,
							"faces": {
								"north": { "texture": "#oak", "uv": [ 0.0, 0.0, 0.5, 8.0 ] },
								"east": { "texture": "#oak", "uv": [ 0.0, 0.0, 0.5, 8.0 ] },
								"south": { "texture": "#oak", "uv": [ 0.0, 0.0, 0.5, 8.0 ] },
								"west": { "texture": "#oak", "uv": [ 0.0, 0.0, 0.5, 8.0 ] },
								"up": { "texture": "#oak", "uv": [ 0.0, 0.0, 0.5, 0.5 ] },
								"down": { "texture": "#oak", "uv": [ 0.0, 0.0, 0.5, 0.5 ] }
							}
						},
						{
							"name": "FrameRightDetail2",
							"from": [ 0.995, -0.1, -0.5 ],
							"to": [ 1.495, 13.0, 0.3 ],
							"rotationOrigin": [ 0.5, -0.1, -1.0 ],
							"rotationZ": 1.8,
							"faces": {
								"north": { "texture": "#oak", "uv": [ 0.0, 0.0, 0.5, 13.0 ] },
								"east": { "texture": "#oak", "uv": [ 13.5, 1.0, 14.0, 14.0 ] },
								"south": { "texture": "#oak", "uv": [ 0.0, 0.0, 0.5, 13.0 ] },
								"west": { "texture": "#oak", "uv": [ 0.0, 0.0, 0.5, 13.0 ] },
								"up": { "texture": "#oak", "uv": [ 0.0, 0.0, 0.5, 0.5 ] },
								"down": { "texture": "#oak", "uv": [ 0.0, 0.0, 0.5, 0.5 ] }
							}
						},
						{
							"name": "FrameRightDetail3",
							"from": [ 1.0, 13.08, 1.7 ],
							"to": [ 1.5, 17.08, 2.1 ],
							"rotationOrigin": [ 0.5, 13.1, 1.2 ],
							"rotationX": -180.0,
							"rotationY": -5.0,
							"rotationZ": 7.0,
							"faces": {
								"north": { "texture": "#oak", "uv": [ 0.0, 0.0, 0.5, 4.0 ] },
								"east": { "texture": "#oak", "uv": [ 0.0, 0.0, 0.5, 4.0 ] },
								"south": { "texture": "#oak", "uv": [ 0.0, 0.0, 0.5, 4.0 ] },
								"west": { "texture": "#oak", "uv": [ 0.0, 0.0, 0.5, 4.0 ] },
								"up": { "texture": "#oak", "uv": [ 0.0, 0.0, 0.5, 0.5 ] },
								"down": { "texture": "#oak", "uv": [ 0.0, 0.0, 0.5, 0.5 ] }
							}
						}
					]
				}
			]
		}
	]}