{
	"editor": {
		"collapsedPaths": "Root/Origin/Hook/TopRing/RingUL,Root/Origin/TopPoint/String/String1/Frame/Frame2/String2,Root/Origin/Hook/TopRing/RingDL,Root/Origin/TopPoint/String/String1/Frame/Frame2/String3,Root/Origin/Hook/TopRing/RingUR,Root/Origin/Hook/TopRing/RingDR,Root/Origin/TopPoint/String/String1/Frame/Frame2/String4,Root/Origin/TopPoint/String/String1/Frame/Frame2/String6",
		"allAngles": false,
		"entityTextureMode": false
	},
	"textureWidth": 16,
	"textureHeight": 16,
	"textureSizes": {
		"Hammered01-64-dark": [16,16],
		"darkcopper01-64": [16,16]
	},
	"textures": {
		"cadet-grey": "block/cloth/banner/cadet-grey",
		"copper": "block/metal/anvil/copper",
		"web-01": "block/overlay/web-01",
		"acacia": "block/wood/roughfence/acacia",
		"bloodredglidermale": "entity/animal/invertebrate/butterfly/bloodredglidermale",
		"cherry": "item/food/fruit/cherry",
		"feather": "item/resource/feather",
		"rope": "item/resource/rope",
		"tuft-tinted": "item/resource/tuft-tinted"
	},
	"elements": [
		{
			"name": "Origin",
			"from": [ 8.0, 17.0, 8.0 ],
			"to": [ 8.0, 17.0, 8.0 ],
			"rotationOrigin": [ 8.0, 17.0, 8.0 ],
			"faces": {
			},
			"children": [
				{
					"name": "TopPoint",
					"from": [ 0.0, 0.0, 0.0 ],
					"to": [ 0.0, 0.0, 0.0 ],
					"shade": false,
					"rotationOrigin": [ 0.0, 0.0, 0.0 ],
					"rotationX": -180.0,
					"faces": {
					},
					"children": [
						{
							"name": "String",
							"from": [ 0.0, 1.0, 0.0 ],
							"to": [ 0.0, 1.0, 0.0 ],
							"rotationOrigin": [ 0.0, 1.0, 0.0 ],
							"faces": {
							},
							"children": [
								{
									"name": "String1",
									"from": [ -0.1, -1.0, -0.1 ],
									"to": [ 0.1, 4.0, 0.1 ],
									"rotationOrigin": [ 0.0, -1.0, 0.0 ],
									"faces": {
										"north": { "texture": "#rope", "uv": [ 0.0, 0.0, 0.5, 5.0 ], "windMode": [0,9,9,0] },
										"east": { "texture": "#rope", "uv": [ 0.0, 0.0, 0.5, 5.0 ], "windMode": [0,9,9,0] },
										"south": { "texture": "#rope", "uv": [ 0.0, 0.0, 0.5, 5.0 ], "windMode": [0,0,9,9] },
										"west": { "texture": "#rope", "uv": [ 0.0, 0.0, 0.5, 5.0 ], "windMode": [0,0,9,9] },
										"up": { "texture": "#rope", "uv": [ 0.0, 0.0, 0.5, 0.5 ], "windMode": [9,9,9,9] },
										"down": { "texture": "#rope", "uv": [ 0.0, 0.0, 0.5, 0.5 ], "windMode": [0,0,0,0] }
									},
									"children": [
										{
											"name": "Frame",
											"from": [ 0.0, 2.0, 0.0 ],
											"to": [ 0.0, 2.0, 0.0 ],
											"rotationOrigin": [ 0.1, 4.5, 0.1 ],
											"faces": {
											},
											"children": [
												{
													"name": "Frame2",
													"from": [ -5.0, 7.5, -0.1 ],
													"to": [ 5.0, 7.9, 0.3 ],
													"rotationOrigin": [ -1.9, 3.9, 0.1 ],
													"faces": {
														"north": { "texture": "#acacia", "uv": [ 3.5, 2.5, 4.0, 12.5 ], "rotation": 90, "windMode": [9,9,9,9] },
														"east": { "texture": "#acacia", "uv": [ 14.0, 13.5, 14.5, 14.0 ], "windMode": [9,9,9,9] },
														"south": { "texture": "#acacia", "uv": [ 3.0, 4.5, 3.5, 14.5 ], "rotation": 90, "windMode": [9,9,9,9] },
														"west": { "texture": "#acacia", "uv": [ 4.0, 8.0, 4.5, 8.5 ], "windMode": [9,9,9,9] },
														"up": { "texture": "#acacia", "uv": [ 3.0, 3.0, 3.5, 13.0 ], "rotation": 90, "windMode": [9,9,9,9] },
														"down": { "texture": "#acacia", "uv": [ 12.5, 1.0, 13.0, 11.0 ], "rotation": 90, "windMode": [9,9,9,9] }
													},
													"children": [
														{
															"name": "String2",
															"from": [ 0.3, 0.3, 0.1 ],
															"to": [ 0.5, 2.3, 0.3 ],
															"rotationOrigin": [ 0.4, 0.4, 0.2 ],
															"faces": {
																"north": { "texture": "#rope", "uv": [ 0.0, 0.0, 0.5, 2.0 ], "windMode": [9,9,9,9] },
																"east": { "texture": "#rope", "uv": [ 0.0, 0.0, 0.5, 2.0 ], "windMode": [9,9,9,9] },
																"south": { "texture": "#rope", "uv": [ 0.0, 0.0, 0.5, 2.0 ], "windMode": [9,9,9,9] },
																"west": { "texture": "#rope", "uv": [ 0.0, 0.0, 0.5, 2.0 ], "windMode": [9,9,9,9] },
																"up": { "texture": "#rope", "uv": [ 0.0, 0.0, 0.5, 0.5 ], "windMode": [9,9,9,9] },
																"down": { "texture": "#rope", "uv": [ 0.0, 0.0, 0.5, 0.5 ], "windMode": [9,9,9,9] }
															},
															"children": [
																{
																	"name": "Feather1",
																	"from": [ -0.8, 1.4, 0.1 ],
																	"to": [ 0.2, 4.2, 0.1 ],
																	"renderPass": 1,
																	"rotationOrigin": [ 0.1, 1.4, 0.1 ],
																	"rotationZ": -7.5,
																	"faces": {
																		"south": { "texture": "#feather", "uv": [ 0.0, 8.7, 5.0, 15.9 ], "rotation": 90, "autoUv": false, "windMode": [9,9,9,9] }
																	}
																},
																{
																	"name": "Feather2",
																	"from": [ -0.8, 1.4, 0.11 ],
																	"to": [ 0.2, 4.4, 0.11 ],
																	"renderPass": 1,
																	"rotationOrigin": [ 0.1, 1.4, 0.1 ],
																	"rotationY": -180.0,
																	"rotationZ": -7.5,
																	"faces": {
																		"south": { "texture": "#feather", "uv": [ 0.0, 8.7, 5.0, 15.9 ], "rotation": 90, "autoUv": false, "windMode": [9,9,9,9] }
																	}
																},
																{
																	"name": "Feather3",
																	"from": [ -0.8, 1.4, 0.1 ],
																	"to": [ 0.2, 4.2, 0.1 ],
																	"renderPass": 1,
																	"rotationOrigin": [ 0.1, 1.4, 0.1 ],
																	"rotationY": 45.0,
																	"rotationZ": -7.5,
																	"faces": {
																		"south": { "texture": "#feather", "uv": [ 0.0, 8.7, 5.0, 15.9 ], "rotation": 90, "autoUv": false, "windMode": [9,9,9,9] }
																	}
																},
																{
																	"name": "Feather4",
																	"from": [ -0.8, 1.4, 0.1 ],
																	"to": [ 0.2, 4.4, 0.1 ],
																	"renderPass": 1,
																	"rotationOrigin": [ 0.1, 1.4, 0.1 ],
																	"rotationY": -45.0,
																	"rotationZ": -7.5,
																	"faces": {
																		"south": { "texture": "#feather", "uv": [ 0.0, 8.7, 5.0, 15.9 ], "rotation": 90, "autoUv": false, "windMode": [9,9,9,9] }
																	}
																},
																{
																	"name": "Knot1",
																	"from": [ -0.1, 1.3, -0.1 ],
																	"to": [ 0.3, 2.1, 0.3 ],
																	"rotationOrigin": [ 0.1, 1.4, 0.1 ],
																	"faces": {
																		"north": { "texture": "#copper", "uv": [ 10.5, 7.0, 11.4, 7.9 ], "autoUv": false, "windMode": [9,9,9,9] },
																		"east": { "texture": "#copper", "uv": [ 9.0, 2.0, 9.9, 2.9 ], "autoUv": false, "windMode": [9,9,9,9] },
																		"south": { "texture": "#copper", "uv": [ 11.5, 3.0, 12.4, 3.9 ], "autoUv": false, "windMode": [9,9,9,9] },
																		"west": { "texture": "#copper", "uv": [ 4.0, 9.0, 4.9, 9.9 ], "autoUv": false, "windMode": [9,9,9,9] },
																		"up": { "texture": "#copper", "uv": [ 14.5, 15.0, 15.4, 15.9 ], "autoUv": false, "windMode": [9,9,9,9] },
																		"down": { "texture": "#copper", "uv": [ 3.5, 4.0, 4.4, 4.9 ], "autoUv": false, "windMode": [9,9,9,9] }
																	}
																},
																{
																	"name": "Knot4",
																	"from": [ -0.15, 1.2, -0.15 ],
																	"to": [ 0.35, 1.6, 0.35 ],
																	"rotationOrigin": [ 0.1, 1.3, 0.1 ],
																	"faces": {
																		"north": { "texture": "#feather", "uv": [ 10.5, 1.0, 11.4, 1.9 ], "autoUv": false, "windMode": [9,9,9,9] },
																		"east": { "texture": "#feather", "uv": [ 9.5, 1.0, 10.4, 1.9 ], "autoUv": false, "windMode": [9,9,9,9] },
																		"south": { "texture": "#feather", "uv": [ 10.5, 0.5, 11.4, 1.4 ], "autoUv": false, "windMode": [9,9,9,9] },
																		"west": { "texture": "#feather", "uv": [ 10.0, 1.0, 10.9, 1.9 ], "autoUv": false, "windMode": [9,9,9,9] },
																		"up": { "texture": "#feather", "uv": [ 10.0, 1.0, 10.9, 1.9 ], "autoUv": false, "windMode": [9,9,9,9] },
																		"down": { "texture": "#feather", "uv": [ 7.5, 0.5, 8.4, 1.4 ], "autoUv": false, "windMode": [9,9,9,9] }
																	}
																}
															]
														},
														{
															"name": "String3",
															"from": [ 5.2, 0.2, 0.1 ],
															"to": [ 5.4, 2.9, 0.3 ],
															"rotationOrigin": [ 5.3, 0.3, 0.2 ],
															"faces": {
																"north": { "texture": "#rope", "uv": [ 0.0, 0.0, 0.5, 2.5 ], "windMode": [9,9,9,9] },
																"east": { "texture": "#rope", "uv": [ 0.0, 0.0, 0.5, 2.5 ], "windMode": [9,9,9,9] },
																"south": { "texture": "#rope", "uv": [ 0.0, 0.0, 0.5, 2.5 ], "windMode": [9,9,9,9] },
																"west": { "texture": "#rope", "uv": [ 0.0, 0.0, 0.5, 2.5 ], "windMode": [9,9,9,9] },
																"up": { "texture": "#rope", "uv": [ 0.0, 0.0, 0.5, 0.5 ], "windMode": [9,9,9,9] },
																"down": { "texture": "#rope", "uv": [ 0.0, 0.0, 0.5, 0.5 ], "windMode": [9,9,9,9] }
															},
															"children": [
																{
																	"name": "Feather5",
																	"from": [ -0.8, 2.4, 0.1 ],
																	"to": [ 0.2, 5.2, 0.1 ],
																	"renderPass": 1,
																	"rotationOrigin": [ 0.1, 2.4, 0.1 ],
																	"rotationZ": -7.5,
																	"faces": {
																		"south": { "texture": "#feather", "uv": [ 0.0, 8.7, 5.0, 15.9 ], "rotation": 90, "autoUv": false, "windMode": [9,9,9,9] }
																	}
																},
																{
																	"name": "Feather6",
																	"from": [ -0.8, 2.4, 0.11 ],
																	"to": [ 0.2, 5.5, 0.11 ],
																	"renderPass": 1,
																	"rotationOrigin": [ 0.1, 2.4, 0.1 ],
																	"rotationY": -180.0,
																	"rotationZ": -7.5,
																	"faces": {
																		"south": { "texture": "#feather", "uv": [ 0.0, 8.7, 5.0, 15.9 ], "rotation": 90, "autoUv": false, "windMode": [9,9,9,9] }
																	}
																},
																{
																	"name": "Feather7",
																	"from": [ -0.8, 2.4, 0.1 ],
																	"to": [ 0.2, 5.2, 0.1 ],
																	"renderPass": 1,
																	"rotationOrigin": [ 0.1, 2.4, 0.1 ],
																	"rotationY": 45.0,
																	"rotationZ": -7.5,
																	"faces": {
																		"south": { "texture": "#feather", "uv": [ 0.0, 8.7, 5.0, 15.9 ], "rotation": 90, "autoUv": false, "windMode": [9,9,9,9] }
																	}
																},
																{
																	"name": "Feather8",
																	"from": [ -0.8, 2.4, 0.1 ],
																	"to": [ 0.2, 5.5, 0.1 ],
																	"renderPass": 1,
																	"rotationOrigin": [ 0.1, 2.4, 0.1 ],
																	"rotationY": -45.0,
																	"rotationZ": -7.5,
																	"faces": {
																		"south": { "texture": "#feather", "uv": [ 0.0, 8.7, 5.0, 15.9 ], "rotation": 90, "autoUv": false, "windMode": [9,9,9,9] }
																	}
																},
																{
																	"name": "Knot2",
																	"from": [ -0.1, 2.3, -0.1 ],
																	"to": [ 0.3, 3.1, 0.3 ],
																	"rotationOrigin": [ 0.1, 2.4, 0.1 ],
																	"faces": {
																		"north": { "texture": "#copper", "uv": [ 3.5, 8.5, 4.4, 9.4 ], "autoUv": false, "windMode": [9,9,9,9] },
																		"east": { "texture": "#copper", "uv": [ 13.5, 5.5, 14.4, 6.4 ], "autoUv": false, "windMode": [9,9,9,9] },
																		"south": { "texture": "#copper", "uv": [ 10.5, 14.5, 11.4, 15.4 ], "autoUv": false, "windMode": [9,9,9,9] },
																		"west": { "texture": "#copper", "uv": [ 3.5, 13.5, 4.4, 14.4 ], "autoUv": false, "windMode": [9,9,9,9] },
																		"up": { "texture": "#copper", "uv": [ 7.0, 14.0, 7.9, 14.9 ], "autoUv": false, "windMode": [9,9,9,9] },
																		"down": { "texture": "#copper", "uv": [ 8.0, 0.5, 8.9, 1.4 ], "autoUv": false, "windMode": [9,9,9,9] }
																	}
																},
																{
																	"name": "Knot5",
																	"from": [ -0.15, 2.2, -0.15 ],
																	"to": [ 0.35, 2.6, 0.35 ],
																	"rotationOrigin": [ 0.1, 2.3, 0.1 ],
																	"faces": {
																		"north": { "texture": "#feather", "uv": [ 10.5, 1.0, 11.4, 1.9 ], "autoUv": false, "windMode": [9,9,9,9] },
																		"east": { "texture": "#feather", "uv": [ 9.5, 1.0, 10.4, 1.9 ], "autoUv": false, "windMode": [9,9,9,9] },
																		"south": { "texture": "#feather", "uv": [ 10.5, 0.5, 11.4, 1.4 ], "autoUv": false, "windMode": [9,9,9,9] },
																		"west": { "texture": "#feather", "uv": [ 10.0, 1.0, 10.9, 1.9 ], "autoUv": false, "windMode": [9,9,9,9] },
																		"up": { "texture": "#feather", "uv": [ 10.0, 1.0, 10.9, 1.9 ], "autoUv": false, "windMode": [9,9,9,9] },
																		"down": { "texture": "#feather", "uv": [ 7.5, 0.5, 8.4, 1.4 ], "autoUv": false, "windMode": [9,9,9,9] }
																	}
																}
															]
														},
														{
															"name": "String4",
															"from": [ 2.5, 0.2, 0.2 ],
															"to": [ 2.7, 3.2, 0.3 ],
															"rotationOrigin": [ 2.6, 0.3, 0.3 ],
															"faces": {
																"north": { "texture": "#rope", "uv": [ 0.0, 0.0, 0.5, 3.0 ], "windMode": [9,9,9,9] },
																"east": { "texture": "#rope", "uv": [ 0.0, 0.0, 0.5, 3.0 ], "windMode": [9,9,9,9] },
																"south": { "texture": "#rope", "uv": [ 0.0, 0.0, 0.5, 3.0 ], "windMode": [9,9,9,9] },
																"west": { "texture": "#rope", "uv": [ 0.0, 0.0, 0.5, 3.0 ], "windMode": [9,9,9,9] },
																"up": { "texture": "#rope", "uv": [ 0.0, 0.0, 0.5, 0.5 ], "windMode": [9,9,9,9] },
																"down": { "texture": "#rope", "uv": [ 0.0, 0.0, 0.5, 0.5 ], "windMode": [9,9,9,9] }
															},
															"children": [
																{
																	"name": "Feather9",
																	"from": [ -0.8, 2.4, 0.1 ],
																	"to": [ 0.2, 6.5, 0.1 ],
																	"renderPass": 1,
																	"rotationOrigin": [ 0.1, 2.4, 0.1 ],
																	"rotationZ": -7.5,
																	"faces": {
																		"south": { "texture": "#feather", "uv": [ 6.0, 8.0, 11.0, 15.9 ], "rotation": 90, "autoUv": false, "windMode": [9,9,9,9] }
																	}
																},
																{
																	"name": "Feather10",
																	"from": [ -0.8, 2.4, 0.11 ],
																	"to": [ 0.2, 6.2, 0.11 ],
																	"renderPass": 1,
																	"rotationOrigin": [ 0.1, 2.4, 0.1 ],
																	"rotationY": -180.0,
																	"rotationZ": -7.5,
																	"faces": {
																		"south": { "texture": "#feather", "uv": [ 6.0, 8.0, 11.0, 15.9 ], "rotation": 90, "autoUv": false, "windMode": [9,9,9,9] }
																	}
																},
																{
																	"name": "Feather11",
																	"from": [ -0.8, 2.4, 0.1 ],
																	"to": [ 0.2, 6.5, 0.1 ],
																	"renderPass": 1,
																	"rotationOrigin": [ 0.1, 2.4, 0.1 ],
																	"rotationY": 45.0,
																	"rotationZ": -7.5,
																	"faces": {
																		"south": { "texture": "#feather", "uv": [ 6.0, 8.1, 11.0, 15.9 ], "rotation": 90, "autoUv": false, "windMode": [9,9,9,9] }
																	}
																},
																{
																	"name": "Feather12",
																	"from": [ -0.8, 2.4, 0.1 ],
																	"to": [ 0.2, 6.2, 0.1 ],
																	"renderPass": 1,
																	"rotationOrigin": [ 0.1, 2.4, 0.1 ],
																	"rotationY": -45.0,
																	"rotationZ": -7.5,
																	"faces": {
																		"south": { "texture": "#feather", "uv": [ 6.0, 8.0, 11.0, 15.9 ], "rotation": 90, "autoUv": false, "windMode": [9,9,9,9] }
																	}
																},
																{
																	"name": "Knot3",
																	"from": [ -0.1, 2.1, -0.1 ],
																	"to": [ 0.3, 2.9, 0.3 ],
																	"rotationOrigin": [ 0.1, 2.2, 0.1 ],
																	"faces": {
																		"north": { "texture": "#copper", "uv": [ 13.5, 0.5, 14.3, 1.4 ], "autoUv": false, "windMode": [9,9,9,9] },
																		"east": { "texture": "#copper", "uv": [ 9.0, 12.0, 9.9, 12.9 ], "autoUv": false, "windMode": [9,9,9,9] },
																		"south": { "texture": "#copper", "uv": [ 6.0, 3.0, 6.9, 3.9 ], "autoUv": false, "windMode": [9,9,9,9] },
																		"west": { "texture": "#copper", "uv": [ 12.5, 6.5, 13.4, 7.4 ], "autoUv": false, "windMode": [9,9,9,9] },
																		"up": { "texture": "#copper", "uv": [ 6.5, 12.0, 7.4, 12.9 ], "autoUv": false, "windMode": [9,9,9,9] },
																		"down": { "texture": "#copper", "uv": [ 0.0, 5.5, 0.9, 6.4 ], "autoUv": false, "windMode": [9,9,9,9] }
																	}
																},
																{
																	"name": "Knot6",
																	"from": [ -0.15, 2.0, -0.15 ],
																	"to": [ 0.35, 2.4, 0.35 ],
																	"rotationOrigin": [ 0.1, 2.1, 0.1 ],
																	"faces": {
																		"north": { "texture": "#feather", "uv": [ 10.5, 1.0, 11.4, 1.9 ], "autoUv": false, "windMode": [9,9,9,9] },
																		"east": { "texture": "#feather", "uv": [ 9.5, 1.0, 10.4, 1.9 ], "autoUv": false, "windMode": [9,9,9,9] },
																		"south": { "texture": "#feather", "uv": [ 10.5, 0.5, 11.4, 1.4 ], "autoUv": false, "windMode": [9,9,9,9] },
																		"west": { "texture": "#feather", "uv": [ 10.0, 1.0, 10.9, 1.9 ], "autoUv": false, "windMode": [9,9,9,9] },
																		"up": { "texture": "#feather", "uv": [ 10.0, 1.0, 10.9, 1.9 ], "autoUv": false, "windMode": [9,9,9,9] },
																		"down": { "texture": "#feather", "uv": [ 7.5, 0.5, 8.4, 1.4 ], "autoUv": false, "windMode": [9,9,9,9] }
																	}
																}
															]
														},
														{
															"name": "RedBead",
															"from": [ 1.0, -0.1, -0.1 ],
															"to": [ 1.6, 0.5, 0.5 ],
															"rotationOrigin": [ 1.3, 0.2, 0.2 ],
															"faces": {
																"north": { "texture": "#cherry", "uv": [ 1.0, 2.0, 5.5, 6.5 ], "autoUv": false, "windMode": [9,9,9,9] },
																"east": { "texture": "#cherry", "uv": [ 3.0, 0.0, 7.0, 4.0 ], "autoUv": false, "windMode": [9,9,9,9] },
																"south": { "texture": "#cherry", "uv": [ 4.0, 1.0, 8.0, 5.0 ], "autoUv": false, "windMode": [9,9,9,9] },
																"west": { "texture": "#cherry", "uv": [ 2.0, 2.0, 6.0, 6.0 ], "autoUv": false, "windMode": [9,9,9,9] },
																"up": { "texture": "#cherry", "uv": [ 1.0, 1.0, 5.0, 5.0 ], "autoUv": false, "windMode": [9,9,9,9] },
																"down": { "texture": "#cherry", "uv": [ 2.0, 3.0, 6.0, 7.0 ], "autoUv": false, "windMode": [9,9,9,9] }
															}
														},
														{
															"name": "String5",
															"from": [ 6.9, 0.2, 0.2 ],
															"to": [ 7.1, 2.6, 0.3 ],
															"rotationOrigin": [ 7.0, 0.3, 0.3 ],
															"faces": {
																"north": { "texture": "#rope", "uv": [ 0.0, 0.0, 0.5, 2.0 ], "windMode": [9,0,0,9], "windData": [5,0,0,5] },
																"east": { "texture": "#rope", "uv": [ 0.0, 0.0, 0.5, 2.0 ], "windMode": [9,0,0,9], "windData": [5,0,0,5] },
																"south": { "texture": "#rope", "uv": [ 0.0, 0.0, 0.5, 2.0 ], "windMode": [9,0,0,9], "windData": [5,0,0,5] },
																"west": { "texture": "#rope", "uv": [ 0.0, 0.0, 0.5, 2.0 ], "windMode": [9,0,0,9], "windData": [5,0,0,5] },
																"up": { "texture": "#rope", "uv": [ 0.0, 0.0, 0.5, 0.5 ], "windMode": [9,9,9,9], "windData": [10,10,10,10] },
																"down": { "texture": "#rope", "uv": [ 0.0, 0.0, 0.5, 0.5 ], "windMode": [9,9,9,9], "windData": [10,10,10,10] }
															},
															"children": [
																{
																	"name": "Feather13",
																	"from": [ -0.8, 2.4, 0.1 ],
																	"to": [ 0.2, 6.5, 0.1 ],
																	"renderPass": 1,
																	"renderInEditor": false,
																	"rotationOrigin": [ 0.1, 2.4, 0.1 ],
																	"rotationZ": -7.5,
																	"faces": {
																		"south": { "texture": "#feather", "uv": [ 6.0, 8.0, 11.0, 15.9 ], "rotation": 90, "autoUv": false, "windMode": [0,0,1,1] }
																	}
																},
																{
																	"name": "Feather14",
																	"from": [ -0.8, 2.4, 0.11 ],
																	"to": [ 0.2, 6.2, 0.11 ],
																	"renderPass": 1,
																	"renderInEditor": false,
																	"rotationOrigin": [ 0.1, 2.4, 0.1 ],
																	"rotationY": -180.0,
																	"rotationZ": -7.5,
																	"faces": {
																		"south": { "texture": "#feather", "uv": [ 6.0, 8.0, 11.0, 15.9 ], "rotation": 90, "autoUv": false, "windMode": [0,0,1,1] }
																	}
																},
																{
																	"name": "Feather15",
																	"from": [ -0.8, 2.4, 0.1 ],
																	"to": [ 0.2, 6.5, 0.1 ],
																	"renderPass": 1,
																	"renderInEditor": false,
																	"rotationOrigin": [ 0.1, 2.4, 0.1 ],
																	"rotationY": 45.0,
																	"rotationZ": -7.5,
																	"faces": {
																		"south": { "texture": "#feather", "uv": [ 6.0, 8.1, 11.0, 15.9 ], "rotation": 90, "autoUv": false, "windMode": [0,0,1,1] }
																	}
																},
																{
																	"name": "Feather16",
																	"from": [ -0.8, 2.4, 0.1 ],
																	"to": [ 0.2, 6.2, 0.1 ],
																	"renderPass": 1,
																	"renderInEditor": false,
																	"rotationOrigin": [ 0.1, 2.4, 0.1 ],
																	"rotationY": -45.0,
																	"rotationZ": -7.5,
																	"faces": {
																		"south": { "texture": "#feather", "uv": [ 6.0, 8.0, 11.0, 15.9 ], "rotation": 90, "autoUv": false, "windMode": [0,0,1,1] }
																	}
																},
																{
																	"name": "Knot7",
																	"from": [ -0.1, 2.1, -0.1 ],
																	"to": [ 0.3, 2.9, 0.3 ],
																	"renderInEditor": false,
																	"rotationOrigin": [ 0.1, 2.2, 0.1 ],
																	"faces": {
																		"north": { "texture": "#copper", "uv": [ 13.5, 0.5, 14.3, 1.4 ], "autoUv": false, "windMode": [0,4,4,0] },
																		"east": { "texture": "#copper", "uv": [ 9.0, 12.0, 9.9, 12.9 ], "autoUv": false, "windMode": [0,4,4,0] },
																		"south": { "texture": "#copper", "uv": [ 6.0, 3.0, 6.9, 3.9 ], "autoUv": false, "windMode": [0,0,4,4] },
																		"west": { "texture": "#copper", "uv": [ 12.5, 6.5, 13.4, 7.4 ], "autoUv": false, "windMode": [0,0,4,4] },
																		"up": { "texture": "#copper", "uv": [ 6.5, 12.0, 7.4, 12.9 ], "autoUv": false, "windMode": [4,4,4,4] },
																		"down": { "texture": "#copper", "uv": [ 0.0, 5.5, 0.9, 6.4 ], "autoUv": false, "windMode": [0,0,0,0] }
																	}
																},
																{
																	"name": "Knot8",
																	"from": [ -0.15, 2.0, -0.15 ],
																	"to": [ 0.35, 2.4, 0.35 ],
																	"renderInEditor": false,
																	"rotationOrigin": [ 0.1, 2.1, 0.1 ],
																	"faces": {
																		"north": { "texture": "#feather", "uv": [ 10.5, 1.0, 11.4, 1.9 ], "autoUv": false, "windMode": [0,0,0,0] },
																		"east": { "texture": "#feather", "uv": [ 9.5, 1.0, 10.4, 1.9 ], "autoUv": false, "windMode": [0,0,0,0] },
																		"south": { "texture": "#feather", "uv": [ 10.5, 0.5, 11.4, 1.4 ], "autoUv": false, "windMode": [0,0,0,0] },
																		"west": { "texture": "#feather", "uv": [ 10.0, 1.0, 10.9, 1.9 ], "autoUv": false, "windMode": [0,0,0,0] },
																		"up": { "texture": "#feather", "uv": [ 10.0, 1.0, 10.9, 1.9 ], "autoUv": false, "windMode": [0,0,0,0] },
																		"down": { "texture": "#feather", "uv": [ 7.5, 0.5, 8.4, 1.4 ], "autoUv": false, "windMode": [0,0,0,0] }
																	}
																}
															]
														},
														{
															"name": "String6",
															"from": [ 8.9, 0.3, 0.1 ],
															"to": [ 9.1, 2.3, 0.3 ],
															"rotationOrigin": [ 9.0, 0.4, 0.2 ],
															"faces": {
																"north": { "texture": "#rope", "uv": [ 0.0, 0.0, 0.5, 2.0 ], "windMode": [9,9,9,9] },
																"east": { "texture": "#rope", "uv": [ 0.0, 0.0, 0.5, 2.0 ], "windMode": [9,9,9,9] },
																"south": { "texture": "#rope", "uv": [ 0.0, 0.0, 0.5, 2.0 ], "windMode": [9,9,9,9] },
																"west": { "texture": "#rope", "uv": [ 0.0, 0.0, 0.5, 2.0 ], "windMode": [9,9,9,9] },
																"up": { "texture": "#rope", "uv": [ 0.0, 0.0, 0.5, 0.5 ], "windMode": [9,9,9,9] },
																"down": { "texture": "#rope", "uv": [ 0.0, 0.0, 0.5, 0.5 ], "windMode": [9,9,9,9] }
															},
															"children": [
																{
																	"name": "Feather17",
																	"from": [ -0.8, 1.4, 0.1 ],
																	"to": [ 0.2, 4.2, 0.1 ],
																	"renderPass": 1,
																	"rotationOrigin": [ 0.1, 1.4, 0.1 ],
																	"rotationZ": -7.5,
																	"faces": {
																		"south": { "texture": "#feather", "uv": [ 0.0, 8.7, 5.0, 15.9 ], "rotation": 90, "autoUv": false, "windMode": [9,9,9,9] }
																	}
																},
																{
																	"name": "Feather18",
																	"from": [ -0.8, 1.4, 0.11 ],
																	"to": [ 0.2, 4.4, 0.11 ],
																	"renderPass": 1,
																	"rotationOrigin": [ 0.1, 1.4, 0.1 ],
																	"rotationY": -180.0,
																	"rotationZ": -7.5,
																	"faces": {
																		"south": { "texture": "#feather", "uv": [ 0.0, 8.7, 5.0, 15.9 ], "rotation": 90, "autoUv": false, "windMode": [9,9,9,9] }
																	}
																},
																{
																	"name": "Feather19",
																	"from": [ -0.8, 1.4, 0.1 ],
																	"to": [ 0.2, 4.2, 0.1 ],
																	"renderPass": 1,
																	"rotationOrigin": [ 0.1, 1.4, 0.1 ],
																	"rotationY": 45.0,
																	"rotationZ": -7.5,
																	"faces": {
																		"south": { "texture": "#feather", "uv": [ 0.0, 8.7, 5.0, 15.9 ], "rotation": 90, "autoUv": false, "windMode": [9,9,9,9] }
																	}
																},
																{
																	"name": "Feather20",
																	"from": [ -0.8, 1.4, 0.1 ],
																	"to": [ 0.2, 4.4, 0.1 ],
																	"renderPass": 1,
																	"rotationOrigin": [ 0.1, 1.4, 0.1 ],
																	"rotationY": -45.0,
																	"rotationZ": -7.5,
																	"faces": {
																		"south": { "texture": "#feather", "uv": [ 0.0, 8.7, 5.0, 15.9 ], "rotation": 90, "autoUv": false, "windMode": [9,9,9,9] }
																	}
																},
																{
																	"name": "Knot9",
																	"from": [ -0.1, 1.3, -0.1 ],
																	"to": [ 0.3, 2.1, 0.3 ],
																	"rotationOrigin": [ 0.1, 1.4, 0.1 ],
																	"faces": {
																		"north": { "texture": "#copper", "uv": [ 10.5, 7.0, 11.4, 7.9 ], "autoUv": false, "windMode": [9,9,9,9] },
																		"east": { "texture": "#copper", "uv": [ 9.0, 2.0, 9.9, 2.9 ], "autoUv": false, "windMode": [9,9,9,9] },
																		"south": { "texture": "#copper", "uv": [ 11.5, 3.0, 12.4, 3.9 ], "autoUv": false, "windMode": [9,9,9,9] },
																		"west": { "texture": "#copper", "uv": [ 4.0, 9.0, 4.9, 9.9 ], "autoUv": false, "windMode": [9,9,9,9] },
																		"up": { "texture": "#copper", "uv": [ 14.5, 15.0, 15.4, 15.9 ], "autoUv": false, "windMode": [9,9,9,9] },
																		"down": { "texture": "#copper", "uv": [ 3.5, 4.0, 4.4, 4.9 ], "autoUv": false, "windMode": [9,9,9,9] }
																	}
																},
																{
																	"name": "Knot10",
																	"from": [ -0.15, 1.2, -0.15 ],
																	"to": [ 0.35, 1.6, 0.35 ],
																	"rotationOrigin": [ 0.1, 1.3, 0.1 ],
																	"faces": {
																		"north": { "texture": "#feather", "uv": [ 10.5, 1.0, 11.4, 1.9 ], "autoUv": false, "windMode": [9,9,9,9] },
																		"east": { "texture": "#feather", "uv": [ 9.5, 1.0, 10.4, 1.9 ], "autoUv": false, "windMode": [9,9,9,9] },
																		"south": { "texture": "#feather", "uv": [ 10.5, 0.5, 11.4, 1.4 ], "autoUv": false, "windMode": [9,9,9,9] },
																		"west": { "texture": "#feather", "uv": [ 10.0, 1.0, 10.9, 1.9 ], "autoUv": false, "windMode": [9,9,9,9] },
																		"up": { "texture": "#feather", "uv": [ 10.0, 1.0, 10.9, 1.9 ], "autoUv": false, "windMode": [9,9,9,9] },
																		"down": { "texture": "#feather", "uv": [ 7.5, 0.5, 8.4, 1.4 ], "autoUv": false, "windMode": [9,9,9,9] }
																	}
																}
															]
														},
														{
															"name": "Butterfly1",
															"from": [ 0.0, -3.0, 0.1 ],
															"to": [ 2.0, -0.5, 0.1 ],
															"renderPass": 1,
															"rotationOrigin": [ 2.0, -2.0, 0.1 ],
															"rotationX": 14.0,
															"rotationY": -13.0,
															"rotationZ": 45.0,
															"faces": {
																"south": { "texture": "#bloodredglidermale", "uv": [ 1.0, 16.0, 12.0, 0.1 ], "autoUv": false, "windMode": [9,9,9,9] }
															}
														},
														{
															"name": "Butterfly2",
															"from": [ 0.0, -3.0, 0.1 ],
															"to": [ 2.0, -0.5, 0.1 ],
															"renderPass": 1,
															"rotationOrigin": [ 2.0, -2.0, 0.1 ],
															"rotationX": -8.0,
															"rotationZ": 45.0,
															"faces": {
																"south": { "texture": "#bloodredglidermale", "uv": [ 1.0, 16.0, 12.0, 0.1 ], "autoUv": false, "windMode": [9,9,9,9] }
															}
														}
													]
												},
												{
													"name": "Frame3",
													"from": [ -0.2, 2.9, -0.12 ],
													"to": [ 0.2, 9.8, 0.29 ],
													"rotationOrigin": [ 0.1, 2.9, 0.1 ],
													"rotationZ": 45.0,
													"faces": {
														"north": { "texture": "#acacia", "uv": [ 11.5, 1.0, 12.0, 7.5 ], "windMode": [9,9,9,9] },
														"east": { "texture": "#acacia", "uv": [ 7.0, 8.0, 7.5, 14.5 ], "windMode": [9,9,9,9] },
														"south": { "texture": "#acacia", "uv": [ 12.0, 6.5, 12.5, 13.0 ], "windMode": [9,9,9,9] },
														"west": { "texture": "#acacia", "uv": [ 7.5, 2.0, 8.0, 8.5 ], "windMode": [9,9,9,9] },
														"up": { "texture": "#acacia", "uv": [ 12.5, 7.0, 13.0, 7.5 ], "windMode": [9,9,9,9] },
														"down": { "texture": "#acacia", "uv": [ 7.5, 9.5, 8.0, 10.0 ], "windMode": [9,9,9,9] }
													},
													"children": [
														{
															"name": "Green1",
															"from": [ -0.8, 0.0, 0.2 ],
															"to": [ 1.2, 3.0, 0.2 ],
															"renderPass": 1,
															"rotationOrigin": [ 0.2, 0.0, 0.2 ],
															"rotationY": 45.0,
															"faces": {
																"south": { "texture": "#tuft-tinted", "uv": [ 0.5, 0.0, 7.0, 5.0 ], "autoUv": false, "windMode": [9,9,9,9] }
															}
														},
														{
															"name": "Green2",
															"from": [ -0.8, 0.0, 0.2 ],
															"to": [ 1.2, 3.0, 0.2 ],
															"renderPass": 1,
															"rotationOrigin": [ 0.2, 0.0, 0.2 ],
															"rotationY": -45.0,
															"faces": {
																"south": { "texture": "#tuft-tinted", "uv": [ 0.5, 0.0, 7.0, 5.0 ], "autoUv": false, "windMode": [9,9,9,9] }
															}
														},
														{
															"name": "Green3",
															"from": [ -0.8, 0.0, 0.2 ],
															"to": [ 1.2, 2.5, 0.2 ],
															"renderPass": 1,
															"rotationOrigin": [ 0.2, 0.0, 0.2 ],
															"rotationY": 90.0,
															"faces": {
																"south": { "texture": "#tuft-tinted", "uv": [ 0.5, 0.0, 7.0, 5.0 ], "autoUv": false, "windMode": [9,9,9,9] }
															}
														},
														{
															"name": "CopperBead1",
															"from": [ 3.0, -0.3, -0.1 ],
															"to": [ 3.6, 0.3, 0.5 ],
															"rotationOrigin": [ 3.3, 0.0, 0.2 ],
															"faces": {
																"north": { "texture": "#copper", "uv": [ 1.0, 2.0, 5.5, 6.5 ], "autoUv": false, "windMode": [9,9,9,9] },
																"east": { "texture": "#copper", "uv": [ 3.0, 0.0, 7.0, 4.0 ], "autoUv": false, "windMode": [9,9,9,9] },
																"south": { "texture": "#copper", "uv": [ 4.0, 1.0, 8.0, 5.0 ], "autoUv": false, "windMode": [9,9,9,9] },
																"west": { "texture": "#copper", "uv": [ 2.0, 2.0, 6.0, 6.0 ], "autoUv": false, "windMode": [9,9,9,9] },
																"up": { "texture": "#copper", "uv": [ 1.0, 1.0, 5.0, 5.0 ], "autoUv": false, "windMode": [9,9,9,9] },
																"down": { "texture": "#copper", "uv": [ 2.0, 3.0, 6.0, 7.0 ], "autoUv": false, "windMode": [9,9,9,9] }
															}
														},
														{
															"name": "BlueBead2",
															"from": [ -0.1, 1.1, -0.1 ],
															"to": [ 0.5, 1.7, 0.5 ],
															"rotationOrigin": [ 0.2, 1.4, 0.2 ],
															"faces": {
																"north": { "texture": "#cadet-grey", "uv": [ 1.0, 2.0, 5.5, 6.5 ], "autoUv": false, "windMode": [9,9,9,9] },
																"east": { "texture": "#cadet-grey", "uv": [ 3.0, 0.0, 7.0, 4.0 ], "autoUv": false, "windMode": [9,9,9,9] },
																"south": { "texture": "#cadet-grey", "uv": [ 4.0, 1.0, 8.0, 5.0 ], "autoUv": false, "windMode": [9,9,9,9] },
																"west": { "texture": "#cadet-grey", "uv": [ 2.0, 2.0, 6.0, 6.0 ], "autoUv": false, "windMode": [9,9,9,9] },
																"up": { "texture": "#cadet-grey", "uv": [ 1.0, 1.0, 5.0, 5.0 ], "autoUv": false, "windMode": [9,9,9,9] },
																"down": { "texture": "#cadet-grey", "uv": [ 2.0, 3.0, 6.0, 7.0 ], "autoUv": false, "windMode": [9,9,9,9] }
															}
														}
													]
												},
												{
													"name": "Frame4",
													"from": [ -0.1, 2.9, -0.2 ],
													"to": [ 0.3, 9.7, 0.22 ],
													"rotationOrigin": [ 0.1, 2.9, 0.1 ],
													"rotationZ": -45.0,
													"faces": {
														"north": { "texture": "#acacia", "uv": [ 11.5, 1.0, 12.0, 7.5 ], "windMode": [9,9,9,9] },
														"east": { "texture": "#acacia", "uv": [ 7.0, 8.0, 7.5, 14.5 ], "windMode": [9,9,9,9] },
														"south": { "texture": "#acacia", "uv": [ 12.0, 6.5, 12.5, 13.0 ], "windMode": [9,9,9,9] },
														"west": { "texture": "#acacia", "uv": [ 7.5, 2.0, 8.0, 8.5 ], "windMode": [9,9,9,9] },
														"up": { "texture": "#acacia", "uv": [ 12.5, 7.0, 13.0, 7.5 ], "windMode": [9,9,9,9] },
														"down": { "texture": "#acacia", "uv": [ 7.5, 9.5, 8.0, 10.0 ], "windMode": [9,9,9,9] }
													},
													"children": [
														{
															"name": "GreenBead1",
															"from": [ -0.1, 6.4, -0.1 ],
															"to": [ 0.5, 7.0, 0.6 ],
															"rotationOrigin": [ 0.2, 6.7, 0.2 ],
															"faces": {
																"north": { "texture": "#cherry", "uv": [ 9.0, 3.0, 13.5, 7.5 ], "autoUv": false, "windMode": [9,9,9,9] },
																"east": { "texture": "#cherry", "uv": [ 10.0, 4.0, 14.0, 8.0 ], "autoUv": false, "windMode": [9,9,9,9] },
																"south": { "texture": "#cherry", "uv": [ 9.0, 3.0, 13.0, 7.0 ], "autoUv": false, "windMode": [9,9,9,9] },
																"west": { "texture": "#cherry", "uv": [ 10.0, 4.0, 14.0, 8.0 ], "autoUv": false, "windMode": [9,9,9,9] },
																"up": { "texture": "#cherry", "uv": [ 4.0, 9.0, 8.0, 13.0 ], "autoUv": false, "windMode": [9,9,9,9] },
																"down": { "texture": "#cherry", "uv": [ 4.0, 10.0, 8.0, 14.0 ], "autoUv": false, "windMode": [9,9,9,9] }
															}
														},
														{
															"name": "Green4",
															"from": [ -0.8, 0.0, 0.2 ],
															"to": [ 1.2, 3.0, 0.2 ],
															"renderPass": 1,
															"rotationOrigin": [ 0.2, 0.0, 0.2 ],
															"rotationY": 45.0,
															"faces": {
																"south": { "texture": "#tuft-tinted", "uv": [ 0.5, 0.0, 7.0, 5.0 ], "autoUv": false, "windMode": [9,9,9,9] }
															}
														},
														{
															"name": "Green5",
															"from": [ -0.8, 0.0, 0.2 ],
															"to": [ 1.2, 3.0, 0.2 ],
															"renderPass": 1,
															"rotationOrigin": [ 0.2, 0.0, 0.2 ],
															"rotationY": -45.0,
															"faces": {
																"south": { "texture": "#tuft-tinted", "uv": [ 0.5, 0.0, 7.0, 5.0 ], "autoUv": false, "windMode": [9,9,9,9] }
															}
														},
														{
															"name": "Green6",
															"from": [ -0.8, 0.0, 0.2 ],
															"to": [ 1.2, 2.5, 0.2 ],
															"renderPass": 1,
															"rotationOrigin": [ 0.2, 0.0, 0.2 ],
															"rotationY": 90.0,
															"faces": {
																"south": { "texture": "#tuft-tinted", "uv": [ 0.5, 0.0, 7.0, 5.0 ], "autoUv": false, "windMode": [9,9,9,9] }
															}
														}
													]
												},
												{
													"name": "Mesh",
													"from": [ -3.8, 3.6, 0.05 ],
													"to": [ 3.9, 7.9, 0.15 ],
													"renderPass": 3,
													"rotationOrigin": [ -1.1, 3.6, 0.1 ],
													"faces": {
														"north": { "texture": "#web-01", "uv": [ 0.0, 0.0, 16.0, 12.0 ], "rotation": 180, "autoUv": false, "windMode": [9,9,9,9] },
														"south": { "texture": "#web-01", "uv": [ 0.0, 12.0, 16.0, 0.0 ], "autoUv": false, "windMode": [9,9,9,9] }
													}
												}
											]
										}
									]
								}
							]
						}
					]
				}
			]
		}
	]}