[{
	"code": "chem-fiber",
	"perishableProps": {
		"type": "None",
		"freshHours": { "avg": 72 },
		"transitionHours": { "avg": 48 },
		"transitionRatio": 1,
		"transitionedStack": { "type": "item", "code": "game:rot" }
	},
	"shape": { "base": "game:block/food/meal/liquid" },
	"ingredients": [
		{ 
			"code": "alginate", 
			"validStacks": [ 
				{ 
					"type": "item", 
					"code": "pemmican:algae-grind-brown", 
					"shapeElement": "game:bowl/water"
				}
			],
			"minQuantity": 2,
			"maxQuantity": 2,
		},
		{
			"code": "lime", 
			"validStacks": [ 
				{ 
					"type": "item", 
					"code": "game:limewaterportion", 
					"shapeElement": "game:bowl/water"
				}
			],
			"minQuantity": 2,
			"maxQuantity": 2,
			"portionSizeLitres": 1
		}
	],
	"cooksInto": { "type": "item", "code": "pemmican:algae-fiber", "quantity": 1 }
}
]