[{
	"code": "chips1",
	"perishableProps": {
		"type": "Perish",
		"freshHours": { "avg": 2156 },
		"transitionHours": { "avg": 48 },
		"transitionRatio": 1,
		"transitionedStack": { "type": "item", "code": "game:rot" }
	},
	"shape": { "base": "game:block/food/meal/liquid" },
	"isfood": true,
	"ingredients": [
		{ 
			"code": "pickled-potato", 
			"validStacks": [ 
				{ 
					"type": "item", 
					"code": "pemmican:choppedvegetable-pickledpotato", 
					"shapeElement": "game:bowl/water"
				}
			],
			"minQuantity": 1,
			"maxQuantity": 1,

		},
		{ 
			"code": "oil", 
			"validStacks": [ 
				{ 
					"type": "item", 
					"code": "pemmican:foodoilportion-corn", 
					"shapeElement": "game:bowl/water"
				}
			],
			"minQuantity": 1,
			"maxQuantity": 1,
			"portionSizeLitres": 0.1
		}
	],
	"cooksInto": { "type": "item", "code": "pemmican:chips-potato", "quantity": 1 }
},
{
	"code": "chips2",
	"perishableProps": {
		"type": "Perish",
		"freshHours": { "avg": 2156 },
		"transitionHours": { "avg": 200 },
		"transitionRatio": 1,
		"transitionedStack": { "type": "item", "code": "game:rot" }
	},
	"shape": { "base": "game:block/food/meal/liquid" },
	"isfood": true,
	"ingredients": [
		{ 
			"code": "pickled-potato", 
			"validStacks": [ 
				{ 
					"type": "item", 
					"code": "pemmican:choppedvegetable-pickledpotato", 
					"shapeElement": "game:bowl/water"
				}
			],
			"minQuantity": 2,
			"maxQuantity": 2,

		},
		{ 
			"code": "oil", 
			"validStacks": [ 
				{ 
					"type": "item", 
					"code": "pemmican:foodoilportion-corn", 
					"shapeElement": "game:bowl/water"
				}
			],
			"minQuantity": 2,
			"maxQuantity": 2,
			"portionSizeLitres": 0.1
		}
	],
	"cooksInto": { "type": "item", "code": "pemmican:chips-potato", "quantity": 2 }
},
{
	"code": "chips3",
	"perishableProps": {
		"type": "Perish",
		"freshHours": { "avg": 2156 },
		"transitionHours": { "avg": 48 },
		"transitionRatio": 1,
		"transitionedStack": { "type": "item", "code": "game:rot" }
	},
	"shape": { "base": "game:block/food/meal/liquid" },
	"isfood": true,
	"ingredients": [
		{ 
			"code": "potato", 
			"validStacks": [ 
				{ 
					"type": "item", 
					"code": "pemmican:choppedvegetable-potato", 
					"shapeElement": "game:bowl/water"
				}
			],
			"minQuantity": 1,
			"maxQuantity": 1,

		},
		{ 
			"code": "oil", 
			"validStacks": [ 
				{ 
					"type": "item", 
					"code": "pemmican:foodoilportion-corn", 
					"shapeElement": "game:bowl/water"
				}
			],
			"minQuantity": 1,
			"maxQuantity": 1,
			"portionSizeLitres": 0.1
		},
		{ 
			"code": "salt", 
			"validStacks": [ 
				{ 
					"type": "item", 
					"code": "game:salt", 
					"shapeElement": "game:bowl/water"
				}
			],
			"minQuantity": 2,
			"maxQuantity": 2,

		},
	],
	"cooksInto": { "type": "item", "code": "pemmican:chips-potato", "quantity": 1 }
},
]
