{
	"code": "green-candle",
	"perishableProps": {
		"type": "None",
		"freshHours": { "avg": 48 },
		"transitionHours": { "avg": 48 },
		"transitionRatio": 1,
		"transitionedStack": { "type": "item", "code": "game:candle" }
	},
	"shape": { "base": "game:block/food/meal/liquid" },
	"ingredients": [
		{
			"code": "wax",
			"validStacks": [ { "type": "item", "code": "game:beeswax" } ],
			"minQuantity": 3,
			"maxQuantity": 3
		},
		{
			"code": "flax",
			"validStacks": [ { "type": "item", "code": "pemmican:algae-fiber" } ],
			"minQuantity": 1,
			"maxQuantity": 1
		}
	],
	"cooksInto": { "type": "Item", "code": "game:candle", "quantity": 1 }
}
