[{
	"code": "normalmilk",
	"perishableProps": {
		"freshHours": { "avg": 72 },
		"transitionHours": { "avg": 48 },
		"transitionRatio": 1,
		"transitionedStack": { "type": "item", "code": "game:rot" }
	},
	"shape": { "base": "game:block/food/meal/liquid" },
	"isfood": true,
	"ingredients": [
		{ 
			"code": "drymilk", 
			"validStacks": [{ "type": "item", "code": "pemmican:longmilk-dry" }],
			"minQuantity": 1,
			"maxQuantity": 1,
		},
		{ 
			"code": "water", 
			"validStacks": [ 
				{ 
					"type": "item", 
					"code": "game:waterportion", 
					"shapeElement": "game:bowl/water"
				}
			],
			"minQuantity": 1,
			"maxQuantity": 1,
			"portionSizeLitres": 1
		}
		
	],
	"cooksInto": { "type": "item", "code": "game:milkportion", "quantity": 100 }
},
{
	"code": "normalmilk",
	"perishableProps": {
		"freshHours": { "avg": 72 },
		"transitionHours": { "avg": 48 },
		"transitionRatio": 1,
		"transitionedStack": { "type": "item", "code": "game:rot" }
	},
	"shape": { "base": "game:block/food/meal/liquid" },
	"isfood": true,
	"ingredients": [
		{ 
			"code": "drymilk", 
			"validStacks": [{ "type": "item", "code": "pemmican:longmilk-dry" }],
			"minQuantity": 2,
			"maxQuantity": 2,
		},
		{ 
			"code": "water", 
			"validStacks": [ 
				{ 
					"type": "item", 
					"code": "game:waterportion", 
					"shapeElement": "game:bowl/water"
				}
			],
			"minQuantity": 2,
			"maxQuantity": 2,
			"portionSizeLitres": 1
		}
		
	],
	"cooksInto": { "type": "item", "code": "game:milkportion", "quantity": 200 }
}
]



