[
	{
		"file": "recipes/grid/oilbrazier",
		"op": "replace",
		"path": "/0/ingredients/F/quantity",
		"value": "250",
		"side": "server",
		"dependsOn": [ { "modid": "elephantidae" } ]
	},
	{
		"file": "recipes/grid/oilbrazier",
		"op": "replace",
		"path": "/0/ingredients/F/quantity",
		"value": "100",
		"side": "server",
		"dependsOn": [ { "modid": "rhinocerotidae" } ]
	},
	{
		"file": "recipes/grid/oilbrazier",
		"op": "replace",
		"path": "/0/ingredients/F/quantity",
		"value": "50",
		"side": "server",
		"dependsOn": [ { "modid": "sirenia" } ]
	}
]