[
	{
		"file": "recipes/grid/wood/scaffolding",
		"op": "add",
		"path": "/1/ingredients/P/skipVariants",
		"value": [ "scrapped" ],
		"side": "server",
		"dependsOn": [ { "modid": "somedisassemblyrequired" } ]
	},
	{
		"file": "recipes/grid/wood/walkway/typed",
		"op": "add",
		"path": "/0/ingredients/P/skipVariants",
		"value": [ "scrapped" ],
		"side": "server",
		"dependsOn": [ { "modid": "somedisassemblyrequired" } ]
	},
	{
		"file": "recipes/grid/wood/walkway/typed",
		"op": "add",
		"path": "/1/ingredients/P/skipVariants",
		"value": [ "scrapped" ],
		"side": "server",
		"dependsOn": [ { "modid": "somedisassemblyrequired" } ]
	},
	{
		"file": "recipes/grid/wood/walkway/typed",
		"op": "add",
		"path": "/2/ingredients/P/skipVariants",
		"value": [ "scrapped" ],
		"side": "server",
		"dependsOn": [ { "modid": "somedisassemblyrequired" } ]
	},
	{
		"file": "recipes/grid/wood/walkway/typed",
		"op": "add",
		"path": "/3/ingredients/P/skipVariants",
		"value": [ "scrapped" ],
		"side": "server",
		"dependsOn": [ { "modid": "somedisassemblyrequired" } ]
	}
]