{
	"editor": {
		"collapsedPaths": "Root/Body/Left Shoulder,Root/Body/Right Shoulder",
		"allAngles": true,
		"entityTextureMode": true
	},
	"textureWidth": 52,
	"textureHeight": 64,
	"textureSizes": {
		"skin": [52,64]
	},
	"textures": {
	},
	"elements": [
		{
			"name": "Origin",
			"from": [ 8.0, 2.5, 8.0 ],
			"to": [ 8.0, 2.5, 8.0 ],
			"uv": [ 0.0, 0.0 ],
			"rotationOrigin": [ 8.0, 0.0, 8.0 ],
			"faces": {
			},
			"children": [
				{
					"name": "Rear",
					"from": [ 2.1, -2.0, -2.6 ],
					"to": [ 7.1, 4.0, 2.6 ],
					"unwrapMode": 7,
					"unwrapRotation": 1,
					"autoUnwrap": false,
					"uv": [ 0.5, 32.0 ],
					"rotationOrigin": [ 4.0, 15.0, 0.0 ],
					"rotationX": 3.0,
					"rotationY": -11.0,
					"rotationZ": -11.0,
					"faces": {
						"north": { "texture": "#skin", "uv": [ 12.5, 39.0, 18.5, 44.0 ], "rotation": 90 },
						"east": { "texture": "#skin", "uv": [ 7.5, 44.0, 12.5, 50.0 ] },
						"south": { "texture": "#skin", "uv": [ 1.5, 39.0, 7.5, 44.0 ], "rotation": 270 },
						"west": { "texture": "#skin", "uv": [ 20.0, 53.0, 25.0, 59.0 ], "rotation": 180 },
						"up": { "texture": "#skin", "uv": [ 7.5, 39.0, 12.5, 44.0 ], "rotation": 270 },
						"down": { "texture": "#skin", "uv": [ 19.5, 39.0, 24.5, 44.0 ], "rotation": 90 }
					},
					"children": [
						{
							"name": "L Haunch",
							"from": [ 1.3, -0.13, 3.8 ],
							"to": [ 5.3, 5.87, 5.8 ],
							"unwrapMode": 3,
							"uv": [ 27.0, 30.5 ],
							"rotationOrigin": [ 3.3, 3.5, 4.8 ],
							"rotationX": -15.0,
							"rotationY": 1.0,
							"rotationZ": 8.0,
							"faces": {
								"north": { "texture": "#skin", "uv": [ 35.0, 32.5, 39.0, 38.5 ] },
								"east": { "texture": "#skin", "uv": [ 33.0, 32.5, 35.0, 38.5 ] },
								"south": { "texture": "#skin", "uv": [ 29.0, 32.5, 33.0, 38.5 ] },
								"west": { "texture": "#skin", "uv": [ 27.0, 32.5, 29.0, 38.5 ] },
								"up": { "texture": "#skin", "uv": [ 29.0, 30.5, 33.0, 32.5 ], "windMode": [-1,-1,-1,-1], "windData": [0,0,1,1] },
								"down": { "texture": "#skin", "uv": [ 29.0, 38.5, 33.0, 40.5 ], "rotation": 180 }
							},
							"children": [
								{
									"name": "L LegUp",
									"from": [ 0.1, -4.9, 0.3 ],
									"to": [ 2.1, 0.1, 1.7 ],
									"unwrapMode": 3,
									"uv": [ 29.0, 42.0 ],
									"rotationOrigin": [ 0.2, 0.0, 1.0 ],
									"rotationX": -12.0,
									"rotationZ": 83.0,
									"faces": {
										"north": { "texture": "#skin", "uv": [ 33.0, 43.0, 35.0, 48.0 ] },
										"east": { "texture": "#skin", "uv": [ 32.0, 43.0, 33.0, 48.0 ] },
										"south": { "texture": "#skin", "uv": [ 30.0, 43.0, 32.0, 48.0 ] },
										"west": { "texture": "#skin", "uv": [ 29.0, 43.0, 30.0, 48.0 ] },
										"up": { "texture": "#skin", "uv": [ 30.0, 42.0, 32.0, 43.0 ] },
										"down": { "texture": "#skin", "uv": [ 30.0, 48.0, 32.0, 49.0 ], "rotation": 180 }
									},
									"children": [
										{
											"name": "L LegLow",
											"from": [ 1.3, -4.8, 0.2 ],
											"to": [ 2.5, 0.7, 1.2 ],
											"unwrapMode": 3,
											"uv": [ 29.5, 50.0 ],
											"rotationOrigin": [ 1.6, 0.7, 0.7 ],
											"rotationX": 4.0,
											"rotationY": -22.0,
											"rotationZ": -172.0,
											"faces": {
												"north": { "texture": "#skin", "uv": [ 32.5, 51.0, 33.5, 56.5 ] },
												"east": { "texture": "#skin", "uv": [ 31.5, 51.0, 32.5, 56.5 ] },
												"south": { "texture": "#skin", "uv": [ 30.5, 51.0, 31.5, 56.5 ] },
												"west": { "texture": "#skin", "uv": [ 29.5, 51.0, 30.5, 56.5 ] },
												"up": { "texture": "#skin", "uv": [ 30.5, 50.0, 31.5, 51.0 ] },
												"down": { "texture": "#skin", "uv": [ 30.5, 56.5, 31.5, 57.5 ], "rotation": 180 }
											},
											"children": [
												{
													"name": "L Hind Pastern",
													"from": [ 0.1, -1.4, 0.05 ],
													"to": [ 1.1, 0.6, 0.95 ],
													"unwrapMode": 3,
													"uv": [ 30.0, 59.5 ],
													"rotationOrigin": [ 0.7, 0.3, 0.6 ],
													"rotationZ": 23.0,
													"faces": {
														"north": { "texture": "#skin", "uv": [ 32.0, 60.0, 33.0, 62.0 ] },
														"east": { "texture": "#skin", "uv": [ 31.5, 60.0, 32.0, 62.0 ] },
														"south": { "texture": "#skin", "uv": [ 30.5, 60.0, 31.5, 62.0 ] },
														"west": { "texture": "#skin", "uv": [ 30.0, 60.0, 30.5, 62.0 ] },
														"up": { "texture": "#skin", "uv": [ 30.5, 59.5, 31.5, 60.0 ] },
														"down": { "texture": "#skin", "uv": [ 30.5, 62.0, 31.5, 62.5 ], "rotation": 180 }
													},
													"children": [
														{
															"name": "L Hind Hoof",
															"from": [ 0.6, 0.8, 0.55 ],
															"to": [ 0.6, 0.8, 0.55 ],
															"uv": [ 0.0, 0.0 ],
															"rotationOrigin": [ 0.6, 0.8, 0.5 ],
															"rotationZ": 33.0,
															"faces": {
															},
															"children": [
																{
																	"name": "L Hind Hoof1",
																	"from": [ -1.6, -0.3, -0.5 ],
																	"to": [ -0.3, 0.2, 0.3 ],
																	"unwrapMode": 5,
																	"uv": [ 48.5, 57.5 ],
																	"rotationOrigin": [ -0.2, 0.1, 0.3 ],
																	"rotationY": -0.5,
																	"rotationZ": 55.0,
																	"faces": {
																		"north": { "texture": "#skin", "uv": [ 49.0, 57.5, 50.0, 58.0 ], "rotation": 180 },
																		"east": { "texture": "#skin", "uv": [ 50.0, 58.0, 50.5, 58.5 ], "rotation": 90 },
																		"south": { "texture": "#skin", "uv": [ 49.0, 58.5, 50.0, 59.0 ] },
																		"west": { "texture": "#skin", "uv": [ 48.5, 58.0, 49.0, 58.5 ], "rotation": 270 },
																		"up": { "texture": "#skin", "uv": [ 49.0, 58.0, 50.0, 58.5 ] },
																		"down": { "texture": "#skin", "uv": [ 50.5, 58.0, 51.5, 58.5 ] }
																	}
																},
																{
																	"name": "L Hind Hoof2",
																	"from": [ -1.0, -0.8, -0.51 ],
																	"to": [ 0.3, -0.3, 0.29 ],
																	"unwrapMode": 5,
																	"uv": [ 49.0, 59.0 ],
																	"rotationOrigin": [ 0.2, -0.3, 0.2 ],
																	"rotationZ": 27.0,
																	"faces": {
																		"north": { "texture": "#skin", "uv": [ 49.5, 59.0, 50.5, 59.5 ], "rotation": 180 },
																		"east": { "texture": "#skin", "uv": [ 50.5, 59.5, 51.0, 60.0 ], "rotation": 90 },
																		"south": { "texture": "#skin", "uv": [ 49.5, 60.0, 50.5, 60.5 ] },
																		"west": { "texture": "#skin", "uv": [ 49.0, 59.5, 49.5, 60.0 ], "rotation": 270 },
																		"up": { "texture": "#skin", "uv": [ 49.5, 59.5, 50.5, 60.0 ] },
																		"down": { "texture": "#skin", "uv": [ 51.0, 59.5, 52.0, 60.0 ] }
																	}
																}
															]
														}
													]
												}
											]
										}
									]
								}
							]
						},
						{
							"name": "Tail",
							"from": [ 4.0, 5.0, 1.8 ],
							"to": [ 5.0, 6.0, 3.4 ],
							"unwrapMode": 2,
							"uv": [ 14.5, 46.5 ],
							"rotationOrigin": [ 5.0, 6.0, 2.6 ],
							"rotationZ": 32.0,
							"faces": {
								"north": { "texture": "#skin", "uv": [ 17.0, 47.5, 18.0, 48.5 ], "windMode": [-1,-1,-1,-1], "windData": [0,1,1,0] },
								"east": { "texture": "#skin", "uv": [ 15.5, 47.5, 17.0, 48.5 ], "windMode": [-1,-1,-1,-1], "windData": [0,1,1,0] },
								"south": { "texture": "#skin", "uv": [ 14.5, 47.5, 15.5, 48.5 ] },
								"west": { "texture": "#skin", "uv": [ 18.0, 47.5, 19.5, 48.5 ], "windMode": [-1,-1,-1,-1], "windData": [0,0,1,1] },
								"up": { "texture": "#skin", "uv": [ 15.5, 46.5, 17.0, 47.5 ], "rotation": 270, "windMode": [-1,-1,-1,-1], "windData": [1,1,1,1] },
								"down": { "texture": "#skin", "uv": [ 15.5, 48.5, 17.0, 49.5 ], "rotation": 270, "windMode": [-1,-1,-1,-1] }
							},
							"children": [
								{
									"name": "Tail2",
									"from": [ 0.0, -1.6, 0.25 ],
									"to": [ 1.0, 0.0, 1.35 ],
									"unwrapMode": 2,
									"uv": [ 20.5, 46.5 ],
									"rotationOrigin": [ 1.0, 0.0, 0.8 ],
									"rotationZ": -22.0,
									"faces": {
										"north": { "texture": "#skin", "uv": [ 22.5, 47.5, 23.5, 49.0 ] },
										"east": { "texture": "#skin", "uv": [ 21.5, 47.5, 22.5, 49.0 ] },
										"south": { "texture": "#skin", "uv": [ 20.5, 47.5, 21.5, 49.0 ] },
										"west": { "texture": "#skin", "uv": [ 23.5, 47.5, 24.5, 49.0 ] },
										"up": { "texture": "#skin", "uv": [ 21.5, 46.5, 22.5, 47.5 ], "rotation": 270, "windMode": [-1,-1,-1,-1], "windData": [1,1,1,1] },
										"down": { "texture": "#skin", "uv": [ 21.5, 49.0, 22.5, 50.0 ], "rotation": 270 }
									}
								}
							]
						},
						{
							"name": "R Haunch",
							"from": [ 1.3, -0.8, -0.7 ],
							"to": [ 5.3, 5.2, 1.3 ],
							"unwrapMode": 1,
							"uv": [ 39.5, 30.5 ],
							"rotationOrigin": [ 3.3, 3.5, 0.2 ],
							"rotationX": 10.0,
							"rotationZ": -14.0,
							"faces": {
								"north": { "texture": "#skin", "uv": [ 41.5, 32.5, 45.5, 38.5 ] },
								"east": { "texture": "#skin", "uv": [ 39.5, 32.5, 41.5, 38.5 ] },
								"south": { "texture": "#skin", "uv": [ 47.5, 32.5, 51.5, 38.5 ] },
								"west": { "texture": "#skin", "uv": [ 45.5, 32.5, 47.5, 38.5 ] },
								"up": { "texture": "#skin", "uv": [ 41.5, 30.5, 45.5, 32.5 ], "rotation": 180 },
								"down": { "texture": "#skin", "uv": [ 41.5, 38.5, 45.5, 40.5 ] }
							},
							"children": [
								{
									"name": "R LegUp",
									"from": [ 0.1, -4.9, 0.3 ],
									"to": [ 2.1, 0.1, 1.7 ],
									"unwrapMode": 1,
									"uv": [ 41.5, 42.0 ],
									"rotationOrigin": [ 0.2, 0.0, 1.0 ],
									"rotationX": -1.0,
									"rotationZ": 89.0,
									"faces": {
										"north": { "texture": "#skin", "uv": [ 42.5, 43.0, 44.5, 48.0 ] },
										"east": { "texture": "#skin", "uv": [ 41.5, 43.0, 42.5, 48.0 ] },
										"south": { "texture": "#skin", "uv": [ 45.5, 43.0, 47.5, 48.0 ] },
										"west": { "texture": "#skin", "uv": [ 44.5, 43.0, 45.5, 48.0 ] },
										"up": { "texture": "#skin", "uv": [ 42.5, 42.0, 44.5, 43.0 ], "rotation": 180 },
										"down": { "texture": "#skin", "uv": [ 42.5, 48.0, 44.5, 49.0 ] }
									},
									"children": [
										{
											"name": "R LegLow",
											"from": [ 0.8, -4.8, 0.2 ],
											"to": [ 2.0, 0.7, 1.2 ],
											"unwrapMode": 1,
											"uv": [ 42.0, 50.0 ],
											"rotationOrigin": [ 1.6, 0.7, 0.8 ],
											"rotationX": 14.0,
											"rotationY": -19.0,
											"rotationZ": -154.0,
											"faces": {
												"north": { "texture": "#skin", "uv": [ 43.0, 51.0, 44.0, 56.5 ] },
												"east": { "texture": "#skin", "uv": [ 42.0, 51.0, 43.0, 56.5 ] },
												"south": { "texture": "#skin", "uv": [ 45.0, 51.0, 46.0, 56.5 ] },
												"west": { "texture": "#skin", "uv": [ 44.0, 51.0, 45.0, 56.5 ] },
												"up": { "texture": "#skin", "uv": [ 43.0, 50.0, 44.0, 51.0 ], "rotation": 180 },
												"down": { "texture": "#skin", "uv": [ 43.0, 56.5, 44.0, 57.5 ] }
											},
											"children": [
												{
													"name": "R Hind Pastern",
													"from": [ 0.1, -1.4, 0.05 ],
													"to": [ 1.1, 0.6, 0.95 ],
													"unwrapMode": 1,
													"uv": [ 42.5, 59.33 ],
													"rotationOrigin": [ 0.7, 0.3, 0.6 ],
													"rotationZ": 13.0,
													"faces": {
														"north": { "texture": "#skin", "uv": [ 43.0, 60.0, 44.0, 62.0 ] },
														"east": { "texture": "#skin", "uv": [ 42.5, 60.0, 43.0, 62.0 ] },
														"south": { "texture": "#skin", "uv": [ 44.5, 60.0, 45.5, 62.0 ] },
														"west": { "texture": "#skin", "uv": [ 44.0, 60.0, 44.5, 62.0 ] },
														"up": { "texture": "#skin", "uv": [ 43.0, 59.5, 44.0, 60.0 ], "rotation": 180 },
														"down": { "texture": "#skin", "uv": [ 43.0, 62.0, 44.0, 62.5 ] }
													},
													"children": [
														{
															"name": "R Hind Hoof",
															"from": [ 0.6, 0.8, 0.55 ],
															"to": [ 0.6, 0.8, 0.55 ],
															"uv": [ 0.0, 0.0 ],
															"rotationOrigin": [ 0.6, 0.8, 0.5 ],
															"rotationZ": 16.0,
															"faces": {
															},
															"children": [
																{
																	"name": "R Hind Hoof1",
																	"from": [ -1.6, -0.3, -0.5 ],
																	"to": [ -0.3, 0.2, 0.3 ],
																	"unwrapMode": 5,
																	"uv": [ 48.5, 61.0 ],
																	"rotationOrigin": [ -0.2, 0.1, 0.3 ],
																	"rotationY": 0.5,
																	"rotationZ": 55.0,
																	"faces": {
																		"north": { "texture": "#skin", "uv": [ 49.0, 61.0, 50.0, 61.5 ], "rotation": 180 },
																		"east": { "texture": "#skin", "uv": [ 50.0, 61.5, 50.5, 62.0 ], "rotation": 90 },
																		"south": { "texture": "#skin", "uv": [ 49.0, 62.0, 50.0, 62.5 ] },
																		"west": { "texture": "#skin", "uv": [ 48.5, 61.5, 49.0, 62.0 ], "rotation": 270 },
																		"up": { "texture": "#skin", "uv": [ 49.0, 61.5, 50.0, 62.0 ] },
																		"down": { "texture": "#skin", "uv": [ 50.5, 61.5, 51.5, 62.0 ] }
																	}
																},
																{
																	"name": "R Hind Hoof2",
																	"from": [ -1.0, -0.8, -0.5 ],
																	"to": [ 0.3, -0.3, 0.3 ],
																	"unwrapMode": 5,
																	"uv": [ 49.0, 62.5 ],
																	"rotationOrigin": [ 0.2, -0.3, 0.2 ],
																	"rotationZ": 27.0,
																	"faces": {
																		"north": { "texture": "#skin", "uv": [ 49.5, 62.5, 50.5, 63.0 ], "rotation": 180 },
																		"east": { "texture": "#skin", "uv": [ 50.5, 63.0, 51.0, 63.5 ], "rotation": 90 },
																		"south": { "texture": "#skin", "uv": [ 49.5, 63.5, 50.5, 64.0 ] },
																		"west": { "texture": "#skin", "uv": [ 49.0, 63.0, 49.5, 63.5 ], "rotation": 270 },
																		"up": { "texture": "#skin", "uv": [ 49.5, 63.0, 50.5, 63.5 ] },
																		"down": { "texture": "#skin", "uv": [ 51.0, 63.0, 52.0, 63.5 ] }
																	}
																}
															]
														}
													]
												}
											]
										}
									]
								}
							]
						},
						{
							"name": "Midsection",
							"from": [ -5.0, -0.2, -0.1 ],
							"to": [ 0.5, 6.0, 5.3 ],
							"unwrapMode": 7,
							"unwrapRotation": 1,
							"autoUnwrap": false,
							"uv": [ 1.0, 25.5 ],
							"rotationOrigin": [ 0.0, 5.6, 2.6 ],
							"rotationZ": 13.0,
							"faces": {
								"north": { "texture": "#skin", "uv": [ 12.5, 32.0, 18.5, 37.5 ], "rotation": 90 },
								"east": { "texture": "#skin", "uv": [ 14.0, 53.0, 19.0, 59.0 ], "windMode": [-1,-1,-1,-1] },
								"south": { "texture": "#skin", "uv": [ 1.5, 32.0, 7.5, 37.5 ], "rotation": 270 },
								"west": { "texture": "#skin", "uv": [ 7.5, 53.0, 12.5, 59.0 ], "rotation": 180, "windMode": [-1,-1,-1,-1] },
								"up": { "texture": "#skin", "uv": [ 7.5, 32.0, 12.5, 37.5 ], "rotation": 270 },
								"down": { "texture": "#skin", "uv": [ 19.0, 32.0, 24.0, 37.5 ], "rotation": 90 }
							},
							"children": [
								{
									"name": "Chest",
									"from": [ -4.9, 0.4, 0.75 ],
									"to": [ 0.5, 6.4, 6.05 ],
									"unwrapMode": 7,
									"unwrapRotation": 1,
									"autoUnwrap": false,
									"uv": [ 0.5, 18.0 ],
									"rotationOrigin": [ 0.4, 4.4, 2.7 ],
									"rotationX": -11.0,
									"rotationZ": -3.0,
									"faces": {
										"north": { "texture": "#skin", "uv": [ 12.5, 26.0, 18.5, 31.0 ], "rotation": 90 },
										"east": { "texture": "#skin", "uv": [ 1.0, 53.0, 6.0, 59.0 ] },
										"south": { "texture": "#skin", "uv": [ 1.5, 26.0, 7.5, 31.0 ], "rotation": 270 },
										"west": { "texture": "#skin", "uv": [ 7.5, 20.0, 12.5, 26.0 ], "rotation": 180 },
										"up": { "texture": "#skin", "uv": [ 7.5, 26.0, 12.5, 31.0 ], "rotation": 270 },
										"down": { "texture": "#skin", "uv": [ 19.5, 26.0, 24.5, 31.0 ], "rotation": 90 }
									},
									"children": [
										{
											"name": "Neck",
											"from": [ -0.1, 3.4, 1.4 ],
											"to": [ 3.4, 8.8, 3.9 ],
											"unwrapMode": 2,
											"uv": [ 5.0, 9.0 ],
											"rotationOrigin": [ 3.1, 3.4, 2.65 ],
											"rotationX": 12.0,
											"rotationY": 6.0,
											"rotationZ": 43.0,
											"faces": {
												"north": { "texture": "#skin", "uv": [ 11.0, 12.5, 14.5, 17.5 ], "windMode": [-1,-1,-1,-1], "windData": [0,0,1,0] },
												"east": { "texture": "#skin", "uv": [ 8.5, 12.5, 11.0, 17.5 ], "windMode": [-1,-1,-1,-1], "windData": [1,0,0,1] },
												"south": { "texture": "#skin", "uv": [ 5.0, 12.5, 8.5, 17.5 ] },
												"west": { "texture": "#skin", "uv": [ 14.5, 12.5, 17.0, 17.5 ] },
												"up": { "texture": "#skin", "uv": [ 8.5, 9.0, 11.0, 12.5 ], "rotation": 270 }
											},
											"children": [
												{
													"name": "Neck2",
													"from": [ 0.4, 3.2, 0.1 ],
													"to": [ 3.4, 8.6, 2.4 ],
													"unwrapMode": 2,
													"uv": [ 5.5, 0.0 ],
													"rotationOrigin": [ 3.1, 4.8, 1.25 ],
													"rotationX": 21.0,
													"rotationY": 18.0,
													"rotationZ": -15.0,
													"faces": {
														"north": { "texture": "#skin", "uv": [ 10.5, 3.0, 13.5, 8.0 ], "windMode": [-1,-1,-1,-1], "windData": [1,1,1,1] },
														"east": { "texture": "#skin", "uv": [ 8.5, 3.0, 10.5, 8.0 ], "windMode": [-1,-1,-1,-1], "windData": [1,1,1,1] },
														"south": { "texture": "#skin", "uv": [ 5.5, 3.0, 8.5, 8.0 ], "windMode": [-1,-1,-1,-1], "windData": [1,1,1,1] },
														"west": { "texture": "#skin", "uv": [ 13.5, 3.0, 15.5, 8.0 ], "windMode": [-1,-1,-1,-1], "windData": [1,1,1,1] },
														"up": { "texture": "#skin", "uv": [ 8.5, 0.0, 10.5, 3.0 ], "rotation": 270, "windMode": [-1,-1,-1,-1], "windData": [1,1,1,1] }
													},
													"children": [
														{
															"name": "Head",
															"from": [ 0.6, 2.75, -0.5 ],
															"to": [ 3.1, 6.45, 2.0 ],
															"unwrapMode": 4,
															"uv": [ 18.5, 2.5 ],
															"rotationOrigin": [ 2.9, 5.9, 1.15 ],
															"rotationX": 8.0,
															"rotationY": 8.0,
															"rotationZ": -40.0,
															"faces": {
																"north": { "texture": "#skin", "uv": [ 18.5, 5.0, 21.0, 8.5 ] },
																"east": { "texture": "#skin", "uv": [ 26.0, 5.0, 28.5, 8.5 ] },
																"south": { "texture": "#skin", "uv": [ 23.5, 5.0, 26.0, 8.5 ] },
																"west": { "texture": "#skin", "uv": [ 21.0, 5.0, 23.5, 8.5 ] },
																"up": { "texture": "#skin", "uv": [ 21.0, 2.5, 23.5, 5.0 ], "rotation": 90 },
																"down": { "texture": "#skin", "uv": [ 21.0, 8.5, 23.5, 11.0 ], "rotation": 90 }
															},
															"children": [
																{
																	"name": "MouthUp",
																	"from": [ -2.0, 0.5, 0.6 ],
																	"to": [ 0.5, 1.5, 1.9 ],
																	"unwrapMode": 5,
																	"unwrapRotation": 1,
																	"uv": [ 21.0, 16.0 ],
																	"rotationOrigin": [ 0.4, 1.1, 1.25 ],
																	"rotationZ": 25.0,
																	"faces": {
																		"north": { "texture": "#skin", "uv": [ 21.0, 16.0, 22.0, 18.5 ], "rotation": 270 },
																		"south": { "texture": "#skin", "uv": [ 23.0, 16.0, 24.0, 18.5 ], "rotation": 90 },
																		"west": { "texture": "#skin", "uv": [ 22.0, 18.5, 23.0, 19.5 ] },
																		"up": { "texture": "#skin", "uv": [ 22.0, 16.0, 23.0, 18.5 ], "rotation": 90 },
																		"down": { "texture": "#skin", "uv": [ 24.0, 16.0, 25.0, 18.5 ], "rotation": 270 }
																	},
																	"children": [
																		{
																			"name": "Nose",
																			"from": [ 1.0, 0.0, 0.1 ],
																			"to": [ 4.5, 1.2, 1.2 ],
																			"unwrapMode": 5,
																			"unwrapRotation": 1,
																			"uv": [ 17.5, 10.5 ],
																			"rotationOrigin": [ 1.0, 0.0, 0.65 ],
																			"rotationZ": 35.0,
																			"faces": {
																				"north": { "texture": "#skin", "uv": [ 17.5, 10.5, 18.5, 14.0 ], "rotation": 270 },
																				"south": { "texture": "#skin", "uv": [ 19.5, 10.5, 20.5, 14.0 ], "rotation": 90 },
																				"west": { "texture": "#skin", "uv": [ 18.5, 14.0, 19.5, 15.0 ], "windMode": [-1,-1,-1,-1], "windData": [1,1,1,1] },
																				"up": { "texture": "#skin", "uv": [ 18.5, 10.5, 19.5, 14.0 ], "rotation": 90 }
																			},
																			"children": [
																				{
																					"name": "Snout",
																					"from": [ -0.5, 0.3, 0.05 ],
																					"to": [ 0.6, 1.1, 1.05 ],
																					"unwrapMode": 4,
																					"uv": [ 0.0, 9.0 ],
																					"rotationOrigin": [ 0.6, 1.1, 0.6 ],
																					"rotationZ": -25.0,
																					"faces": {
																						"north": { "texture": "#skin", "uv": [ 0.0, 10.0, 1.0, 10.5 ], "windMode": [-1,-1,-1,-1], "windData": [1,1,1,1] },
																						"east": { "texture": "#skin", "uv": [ 3.0, 10.0, 4.0, 10.5 ], "windMode": [-1,-1,-1,-1], "windData": [1,1,1,1] },
																						"south": { "texture": "#skin", "uv": [ 2.0, 10.0, 3.0, 10.5 ], "windMode": [-1,-1,-1,-1], "windData": [1,1,1,1] },
																						"west": { "texture": "#skin", "uv": [ 1.0, 10.0, 2.0, 10.5 ], "windMode": [-1,-1,-1,-1], "windData": [1,1,1,1] },
																						"up": { "texture": "#skin", "uv": [ 1.0, 9.0, 2.0, 10.0 ], "rotation": 90, "windMode": [-1,-1,-1,-1], "windData": [1,1,1,1] },
																						"down": { "texture": "#skin", "uv": [ 1.0, 10.5, 2.0, 11.5 ], "rotation": 90, "windMode": [-1,-1,-1,-1], "windData": [1,1,1,1] }
																					}
																				}
																			]
																		},
																		{
																			"name": "Jaw",
																			"from": [ 1.3, -0.6537, 0.05 ],
																			"to": [ 2.7, 0.3463, 1.25 ],
																			"unwrapMode": 5,
																			"unwrapRotation": 1,
																			"autoUnwrap": false,
																			"uv": [ 21.0, 20.0 ],
																			"rotationOrigin": [ 2.3, -0.1537, 0.8 ],
																			"rotationZ": -13.0,
																			"faces": {
																				"north": { "texture": "#skin", "uv": [ 24.5, 20.0, 25.5, 21.0 ], "rotation": 270 },
																				"south": { "texture": "#skin", "uv": [ 23.0, 20.0, 24.0, 21.0 ], "rotation": 90 },
																				"west": { "texture": "#skin", "uv": [ 22.0, 21.0, 23.0, 22.0 ] },
																				"up": { "texture": "#skin", "uv": [ 22.0, 20.0, 23.0, 21.0 ], "rotation": 90 },
																				"down": { "texture": "#skin", "uv": [ 24.0, 20.0, 25.0, 21.0 ], "rotation": 270 }
																			},
																			"children": [
																				{
																					"name": "Jaw2",
																					"from": [ -1.2, 0.0, 0.01 ],
																					"to": [ 0.0, 0.5, 1.19 ],
																					"unwrapMode": 5,
																					"unwrapRotation": 1,
																					"uv": [ 21.5, 21.0 ],
																					"rotationOrigin": [ 0.0, 0.5, 0.75 ],
																					"rotationZ": 10.0,
																					"faces": {
																						"north": { "texture": "#skin", "uv": [ 21.5, 21.0, 22.0, 22.0 ], "rotation": 270 },
																						"south": { "texture": "#skin", "uv": [ 23.0, 21.0, 23.5, 22.0 ], "rotation": 90 },
																						"west": { "texture": "#skin", "uv": [ 22.0, 22.0, 23.0, 22.5 ] },
																						"up": { "texture": "#skin", "uv": [ 22.0, 21.0, 23.0, 22.0 ], "rotation": 90 },
																						"down": { "texture": "#skin", "uv": [ 23.5, 21.0, 24.5, 22.0 ], "rotation": 270, "windMode": [-1,-1,-1,-1], "windData": [1,1,1,1] }
																					}
																				}
																			]
																		}
																	]
																},
																{
																	"name": "R Ear",
																	"from": [ 1.4, 2.8, -1.2 ],
																	"to": [ 1.7, 3.8, 0.3 ],
																	"unwrapMode": 4,
																	"unwrapRotation": 1,
																	"uv": [ 28.5, 1.0 ],
																	"rotationOrigin": [ 1.6, 3.3, 0.3 ],
																	"rotationX": 45.0,
																	"rotationZ": 22.0,
																	"faces": {
																		"north": { "texture": "#skin", "uv": [ 29.0, 2.5, 30.0, 3.0 ], "rotation": 90 },
																		"east": { "texture": "#skin", "uv": [ 30.5, 1.0, 31.5, 2.5 ], "rotation": 270 },
																		"west": { "texture": "#skin", "uv": [ 29.0, 1.0, 30.0, 2.5 ], "rotation": 90 },
																		"up": { "texture": "#skin", "uv": [ 28.5, 1.0, 29.0, 2.5 ], "rotation": 180 },
																		"down": { "texture": "#skin", "uv": [ 30.0, 1.0, 30.5, 2.5 ], "rotation": 180 }
																	},
																	"children": [
																		{
																			"name": "R Ear2",
																			"from": [ 0.0, 0.3, -1.5 ],
																			"to": [ 0.3, 1.0, 0.0 ],
																			"unwrapMode": 4,
																			"unwrapRotation": 1,
																			"autoUnwrap": false,
																			"uv": [ 29.0, 2.0 ],
																			"rotationOrigin": [ 0.2, 1.0, 0.0 ],
																			"rotationX": -12.0,
																			"rotationZ": -2.0,
																			"faces": {
																				"north": { "texture": "#skin", "uv": [ 29.0, 3.5, 29.5, 4.0 ], "rotation": 90 },
																				"east": { "texture": "#skin", "uv": [ 30.0, 2.0, 30.5, 3.5 ], "rotation": 270 },
																				"west": { "texture": "#skin", "uv": [ 29.0, 2.0, 29.5, 3.5 ], "rotation": 90 },
																				"up": { "texture": "#skin", "uv": [ 28.5, 2.0, 29.0, 3.5 ], "rotation": 180 },
																				"down": { "texture": "#skin", "uv": [ 29.5, 2.0, 30.0, 3.5 ], "rotation": 180 }
																			}
																		},
																		{
																			"name": "R Ear3",
																			"from": [ 0.0, 0.0, 0.0 ],
																			"to": [ 0.3, 1.0, 1.0 ],
																			"unwrapMode": 4,
																			"unwrapRotation": 1,
																			"uv": [ 28.5, 1.5 ],
																			"rotationOrigin": [ 0.2, 0.0, 1.0 ],
																			"rotationX": -30.0,
																			"rotationZ": -2.0,
																			"faces": {
																				"north": { "texture": "#skin", "uv": [ 29.0, 2.5, 30.0, 3.0 ], "rotation": 90 },
																				"east": { "texture": "#skin", "uv": [ 30.5, 1.5, 31.5, 2.5 ], "rotation": 270 },
																				"west": { "texture": "#skin", "uv": [ 29.0, 1.5, 30.0, 2.5 ], "rotation": 90 },
																				"up": { "texture": "#skin", "uv": [ 28.5, 1.5, 29.0, 2.5 ], "rotation": 180 },
																				"down": { "texture": "#skin", "uv": [ 30.0, 1.5, 30.5, 2.5 ], "rotation": 180 }
																			},
																			"children": [
																				{
																					"name": "R Ear4",
																					"from": [ 0.0, 0.0, -1.6 ],
																					"to": [ 0.3, 0.7, 0.0 ],
																					"unwrapMode": 4,
																					"unwrapRotation": 1,
																					"uv": [ 29.0, 2.0 ],
																					"rotationOrigin": [ 0.0, 0.0, 0.0 ],
																					"rotationX": 47.0,
																					"rotationZ": 2.0,
																					"faces": {
																						"north": { "texture": "#skin", "uv": [ 29.5, 3.5, 30.0, 4.0 ], "rotation": 90 },
																						"east": { "texture": "#skin", "uv": [ 30.5, 2.0, 31.0, 3.5 ], "rotation": 270 },
																						"west": { "texture": "#skin", "uv": [ 29.5, 2.0, 30.0, 3.5 ], "rotation": 90 },
																						"up": { "texture": "#skin", "uv": [ 29.0, 2.0, 29.5, 3.5 ], "rotation": 180 },
																						"down": { "texture": "#skin", "uv": [ 30.0, 2.0, 30.5, 3.5 ], "rotation": 180 }
																					}
																				}
																			]
																		}
																	]
																},
																{
																	"name": "L Ear",
																	"from": [ 1.4, 2.8, 2.2 ],
																	"to": [ 1.7, 3.8, 3.7 ],
																	"unwrapMode": 4,
																	"unwrapRotation": 1,
																	"uv": [ 25.0, 1.5 ],
																	"rotationOrigin": [ 1.6, 3.3, 2.2 ],
																	"rotationX": -45.0,
																	"rotationZ": 22.0,
																	"faces": {
																		"east": { "texture": "#skin", "uv": [ 27.0, 2.0, 28.0, 3.5 ], "rotation": 270 },
																		"south": { "texture": "#skin", "uv": [ 25.5, 1.5, 26.5, 2.0 ], "rotation": 90 },
																		"west": { "texture": "#skin", "uv": [ 25.5, 2.0, 26.5, 3.5 ], "rotation": 90 },
																		"up": { "texture": "#skin", "uv": [ 25.0, 2.0, 25.5, 3.5 ], "rotation": 180 },
																		"down": { "texture": "#skin", "uv": [ 26.5, 2.0, 27.0, 3.5 ], "rotation": 180 }
																	},
																	"children": [
																		{
																			"name": "L Ear2",
																			"from": [ 0.0, 0.3, 1.5 ],
																			"to": [ 0.3, 1.0, 3.0 ],
																			"unwrapMode": 4,
																			"unwrapRotation": 1,
																			"uv": [ 25.0, 0.5 ],
																			"rotationOrigin": [ 0.0, 1.0, 1.5 ],
																			"rotationX": 12.0,
																			"rotationZ": 2.0,
																			"faces": {
																				"east": { "texture": "#skin", "uv": [ 26.5, 1.0, 27.0, 2.5 ], "rotation": 270 },
																				"south": { "texture": "#skin", "uv": [ 25.5, 0.5, 26.0, 1.0 ], "rotation": 90 },
																				"west": { "texture": "#skin", "uv": [ 25.5, 1.0, 26.0, 2.5 ], "rotation": 90 },
																				"up": { "texture": "#skin", "uv": [ 25.0, 1.0, 25.5, 2.5 ], "rotation": 180 },
																				"down": { "texture": "#skin", "uv": [ 26.0, 1.0, 26.5, 2.5 ], "rotation": 180 }
																			}
																		},
																		{
																			"name": "L Ear3",
																			"from": [ 0.0, 0.0, 0.3 ],
																			"to": [ 0.3, 1.0, 1.3 ],
																			"unwrapMode": 4,
																			"unwrapRotation": 1,
																			"uv": [ 25.0, 2.0 ],
																			"rotationOrigin": [ 0.0, 0.0, 0.3 ],
																			"rotationX": 30.0,
																			"rotationZ": -2.0,
																			"faces": {
																				"east": { "texture": "#skin", "uv": [ 27.0, 2.5, 28.0, 3.5 ], "rotation": 270 },
																				"south": { "texture": "#skin", "uv": [ 25.5, 2.0, 26.5, 2.5 ], "rotation": 90 },
																				"west": { "texture": "#skin", "uv": [ 25.5, 2.5, 26.5, 3.5 ], "rotation": 90 },
																				"up": { "texture": "#skin", "uv": [ 25.0, 2.5, 25.5, 3.5 ], "rotation": 180 },
																				"down": { "texture": "#skin", "uv": [ 26.5, 2.5, 27.0, 3.5 ], "rotation": 180 }
																			},
																			"children": [
																				{
																					"name": "L Ear4",
																					"from": [ 0.0, 0.0, 1.0 ],
																					"to": [ 0.3, 0.7, 2.7 ],
																					"unwrapMode": 4,
																					"unwrapRotation": 1,
																					"uv": [ 25.5, 0.5 ],
																					"rotationOrigin": [ 0.0, 0.0, 1.0 ],
																					"rotationX": -47.0,
																					"rotationZ": -2.0,
																					"faces": {
																						"east": { "texture": "#skin", "uv": [ 27.0, 1.0, 27.5, 2.5 ], "rotation": 270 },
																						"south": { "texture": "#skin", "uv": [ 26.0, 0.5, 26.5, 1.0 ], "rotation": 90 },
																						"west": { "texture": "#skin", "uv": [ 26.0, 1.0, 26.5, 2.5 ], "rotation": 90 },
																						"up": { "texture": "#skin", "uv": [ 25.5, 1.0, 26.0, 2.5 ], "rotation": 180 },
																						"down": { "texture": "#skin", "uv": [ 26.5, 1.0, 27.0, 2.5 ], "rotation": 180 }
																					}
																				}
																			]
																		}
																	]
																},
																{
																	"name": "R Eye",
																	"from": [ 0.29, 2.2, -0.01 ],
																	"to": [ 0.89, 2.5, 0.21 ],
																	"unwrapMode": 1,
																	"uv": [ 2.0, 3.0 ],
																	"rotationOrigin": [ 0.2, 2.2, 0.0 ],
																	"rotationZ": 20.0,
																	"faces": {
																		"north": { "texture": "#skin", "uv": [ 2.5, 3.0, 3.0, 3.5 ] },
																		"east": { "texture": "#skin", "uv": [ 2.0, 3.0, 2.5, 3.5 ], "windMode": [-1,-1,-1,-1], "windData": [1,1,1,1] },
																		"west": { "texture": "#skin", "uv": [ 3.0, 3.0, 3.5, 3.5 ], "windMode": [-1,-1,-1,-1], "windData": [1,1,1,1] },
																		"down": { "texture": "#skin", "uv": [ 2.5, 3.5, 3.0, 4.0 ], "windMode": [-1,-1,-1,-1], "windData": [1,1,1,1] }
																	},
																	"children": [
																		{
																			"name": "R Eye2",
																			"from": [ 0.0, 0.3, 0.0 ],
																			"to": [ 0.6, 0.6, 0.22 ],
																			"unwrapMode": 1,
																			"uv": [ 2.0, 2.0 ],
																			"rotationOrigin": [ -0.09, 0.3, 0.01 ],
																			"faces": {
																				"north": { "texture": "#skin", "uv": [ 2.5, 2.5, 3.0, 3.0 ] },
																				"east": { "texture": "#skin", "uv": [ 2.0, 2.5, 2.5, 3.0 ], "windMode": [-1,-1,-1,-1], "windData": [1,1,1,1] },
																				"west": { "texture": "#skin", "uv": [ 3.0, 2.5, 3.5, 3.0 ], "windMode": [-1,-1,-1,-1], "windData": [1,1,1,1] },
																				"up": { "texture": "#skin", "uv": [ 2.5, 2.0, 3.0, 2.5 ], "rotation": 180, "windMode": [-1,-1,-1,-1], "windData": [1,1,1,1] }
																			}
																		},
																		{
																			"name": "R Pupil",
																			"from": [ 0.1, 0.15, -0.01 ],
																			"to": [ 0.5, 0.45, 0.21 ],
																			"unwrapMode": 1,
																			"uv": [ 4.5, 1.0 ],
																			"rotationOrigin": [ 0.01, 0.1, -0.01 ],
																			"faces": {
																				"north": { "texture": "#skin", "uv": [ 5.0, 1.5, 5.5, 2.0 ] },
																				"east": { "texture": "#skin", "uv": [ 4.5, 1.5, 5.0, 2.0 ], "windMode": [-1,-1,-1,-1], "windData": [1,1,1,1] },
																				"west": { "texture": "#skin", "uv": [ 5.5, 1.5, 6.0, 2.0 ], "windMode": [-1,-1,-1,-1], "windData": [1,1,1,1] },
																				"up": { "texture": "#skin", "uv": [ 5.0, 1.0, 5.5, 1.5 ], "rotation": 180, "windMode": [-1,-1,-1,-1], "windData": [1,1,1,1] },
																				"down": { "texture": "#skin", "uv": [ 5.0, 2.0, 5.5, 2.5 ], "windMode": [-1,-1,-1,-1], "windData": [1,1,1,1] }
																			}
																		}
																	]
																},
																{
																	"name": "L Eye",
																	"from": [ 0.29, 2.2, 2.29 ],
																	"to": [ 0.89, 2.5, 2.51 ],
																	"unwrapMode": 3,
																	"uv": [ 2.0, 3.0 ],
																	"rotationOrigin": [ 0.2, 2.2, 2.3 ],
																	"rotationZ": 20.0,
																	"faces": {
																		"east": { "texture": "#skin", "uv": [ 3.0, 3.0, 3.5, 3.5 ], "windMode": [-1,-1,-1,-1], "windData": [1,1,1,1] },
																		"south": { "texture": "#skin", "uv": [ 2.5, 3.0, 3.0, 3.5 ] },
																		"west": { "texture": "#skin", "uv": [ 2.0, 3.0, 2.5, 3.5 ], "windMode": [-1,-1,-1,-1], "windData": [1,1,1,1] },
																		"down": { "texture": "#skin", "uv": [ 2.5, 3.5, 3.0, 4.0 ], "rotation": 180, "windMode": [-1,-1,-1,-1], "windData": [1,1,1,1] }
																	},
																	"children": [
																		{
																			"name": "L Eye2",
																			"from": [ 0.0, 0.3, 0.0 ],
																			"to": [ 0.6, 0.6, 0.22 ],
																			"unwrapMode": 3,
																			"uv": [ 2.0, 2.0 ],
																			"rotationOrigin": [ -0.09, 0.3, 0.01 ],
																			"faces": {
																				"east": { "texture": "#skin", "uv": [ 3.0, 2.5, 3.5, 3.0 ], "windMode": [-1,-1,-1,-1], "windData": [1,1,1,1] },
																				"south": { "texture": "#skin", "uv": [ 2.5, 2.5, 3.0, 3.0 ] },
																				"west": { "texture": "#skin", "uv": [ 2.0, 2.5, 2.5, 3.0 ], "windMode": [-1,-1,-1,-1], "windData": [1,1,1,1] },
																				"up": { "texture": "#skin", "uv": [ 2.5, 2.0, 3.0, 2.5 ], "windMode": [-1,-1,-1,-1], "windData": [1,1,1,1] }
																			}
																		},
																		{
																			"name": "L Pupil",
																			"from": [ 0.1, 0.15, 0.01 ],
																			"to": [ 0.5, 0.45, 0.23 ],
																			"unwrapMode": 3,
																			"uv": [ 4.5, 1.0 ],
																			"rotationOrigin": [ 0.01, 0.1, 0.01 ],
																			"faces": {
																				"east": { "texture": "#skin", "uv": [ 5.5, 1.5, 6.0, 2.0 ], "windMode": [-1,-1,-1,-1], "windData": [1,1,1,1] },
																				"south": { "texture": "#skin", "uv": [ 5.0, 1.5, 5.5, 2.0 ] },
																				"west": { "texture": "#skin", "uv": [ 4.5, 1.5, 5.0, 2.0 ], "windMode": [-1,-1,-1,-1], "windData": [1,1,1,1] },
																				"up": { "texture": "#skin", "uv": [ 5.0, 1.0, 5.5, 1.5 ], "windMode": [-1,-1,-1,-1], "windData": [1,1,1,1] },
																				"down": { "texture": "#skin", "uv": [ 5.0, 2.0, 5.5, 2.5 ], "rotation": 180, "windMode": [-1,-1,-1,-1], "windData": [1,1,1,1] }
																			}
																		}
																	]
																},
																{
																	"name": "Horn attachment",
																	"from": [ -0.2, 3.5, 1.25 ],
																	"to": [ 0.7, 4.4, 2.15 ],
																	"uv": [ 0.0, 0.0 ],
																	"rotationOrigin": [ -0.2, 3.5, 1.25 ],
																	"rotationZ": -22.0,
																	"faces": {
																	},
																	"children": [
																		{
																			"name": "R antler base",
																			"from": [ 0.1, -0.1, -1.2 ],
																			"to": [ 0.7, 1.2, -0.6 ],
																			"unwrapMode": 4,
																			"uv": [ 38.5, 62.0 ],
																			"rotationOrigin": [ 0.1, 0.7, -0.6 ],
																			"rotationY": -25.0,
																			"rotationZ": 25.0,
																			"faces": {
																				"north": { "texture": "#skin", "uv": [ 38.5, 62.5, 39.0, 63.5 ] },
																				"east": { "texture": "#skin", "uv": [ 40.0, 62.5, 40.5, 63.5 ] },
																				"south": { "texture": "#skin", "uv": [ 39.5, 62.5, 40.0, 63.5 ] },
																				"west": { "texture": "#skin", "uv": [ 39.0, 62.5, 39.5, 63.5 ] },
																				"up": { "texture": "#skin", "uv": [ 39.0, 62.0, 39.5, 62.5 ], "rotation": 90 }
																			},
																			"children": [
																				{
																					"name": "R antler branch 1",
																					"from": [ 0.1, 1.2, 0.0 ],
																					"to": [ 0.6, 3.2, 0.5 ],
																					"unwrapMode": 4,
																					"uv": [ 38.5, 59.5 ],
																					"rotationOrigin": [ 0.1, 1.2, 0.6 ],
																					"rotationZ": -15.0,
																					"faces": {
																						"north": { "texture": "#skin", "uv": [ 38.5, 60.0, 39.0, 62.0 ] },
																						"east": { "texture": "#skin", "uv": [ 40.0, 60.0, 40.5, 62.0 ] },
																						"south": { "texture": "#skin", "uv": [ 39.5, 60.0, 40.0, 62.0 ] },
																						"west": { "texture": "#skin", "uv": [ 39.0, 60.0, 39.5, 62.0 ] },
																						"up": { "texture": "#skin", "uv": [ 39.0, 59.5, 39.5, 60.0 ], "rotation": 90 }
																					},
																					"children": [
																						{
																							"name": "R antler branch 1b",
																							"from": [ 0.05, 2.0, 0.05 ],
																							"to": [ 0.45, 3.1, 0.45 ],
																							"unwrapMode": 4,
																							"uv": [ 38.5, 54.5 ],
																							"rotationOrigin": [ 0.45, 2.0, 0.45 ],
																							"rotationZ": 5.0,
																							"faces": {
																								"north": { "texture": "#skin", "uv": [ 38.5, 55.0, 39.0, 56.0 ] },
																								"east": { "texture": "#skin", "uv": [ 40.0, 55.0, 40.5, 56.0 ] },
																								"south": { "texture": "#skin", "uv": [ 39.5, 55.0, 40.0, 56.0 ] },
																								"west": { "texture": "#skin", "uv": [ 39.0, 55.0, 39.5, 56.0 ] },
																								"up": { "texture": "#skin", "uv": [ 39.0, 54.5, 39.5, 55.0 ], "rotation": 90 }
																							},
																							"children": [
																								{
																									"name": "R antler point 1",
																									"from": [ 0.0, 1.0, 0.0 ],
																									"to": [ 0.3, 2.0, 0.3 ],
																									"unwrapMode": 4,
																									"uv": [ 36.5, 45.0 ],
																									"rotationOrigin": [ 0.0, 1.0, 0.0 ],
																									"rotationX": 2.0,
																									"rotationY": -2.0,
																									"rotationZ": 25.0,
																									"faces": {
																										"north": { "texture": "#skin", "uv": [ 36.5, 45.5, 37.0, 46.5 ] },
																										"east": { "texture": "#skin", "uv": [ 38.0, 45.5, 38.5, 46.5 ] },
																										"south": { "texture": "#skin", "uv": [ 37.5, 45.5, 38.0, 46.5 ] },
																										"west": { "texture": "#skin", "uv": [ 37.0, 45.5, 37.5, 46.5 ] },
																										"up": { "texture": "#skin", "uv": [ 37.0, 45.0, 37.5, 45.5 ], "rotation": 90 }
																									}
																								}
																							]
																						},
																						{
																							"name": "R antler branch 2",
																							"from": [ 0.05, 0.5, 0.0 ],
																							"to": [ 0.55, 1.0, 0.5 ],
																							"unwrapMode": 4,
																							"uv": [ 38.5, 51.0 ],
																							"rotationOrigin": [ 0.05, 0.5, 0.0 ],
																							"rotationX": 0.2588,
																							"rotationY": -0.9659,
																							"rotationZ": 60.0022,
																							"faces": {
																								"north": { "texture": "#skin", "uv": [ 38.5, 51.5, 39.0, 52.0 ] },
																								"east": { "texture": "#skin", "uv": [ 40.0, 51.5, 40.5, 52.0 ] },
																								"south": { "texture": "#skin", "uv": [ 39.5, 51.5, 40.0, 52.0 ] },
																								"west": { "texture": "#skin", "uv": [ 39.0, 51.5, 39.5, 52.0 ] },
																								"up": { "texture": "#skin", "uv": [ 39.0, 51.0, 39.5, 51.5 ], "rotation": 90 }
																							},
																							"children": [
																								{
																									"name": "R antler point 2",
																									"from": [ 0.1, 0.5, 0.1 ],
																									"to": [ 0.4, 1.5, 0.4 ],
																									"unwrapMode": 4,
																									"uv": [ 36.5, 48.0 ],
																									"rotationOrigin": [ 0.1, 0.5, 0.1 ],
																									"rotationZ": -25.0,
																									"faces": {
																										"north": { "texture": "#skin", "uv": [ 36.5, 48.5, 37.0, 49.5 ] },
																										"east": { "texture": "#skin", "uv": [ 38.0, 48.5, 38.5, 49.5 ] },
																										"south": { "texture": "#skin", "uv": [ 37.5, 48.5, 38.0, 49.5 ] },
																										"west": { "texture": "#skin", "uv": [ 37.0, 48.5, 37.5, 49.5 ] },
																										"up": { "texture": "#skin", "uv": [ 37.0, 48.0, 37.5, 48.5 ], "rotation": 90 }
																									}
																								}
																							]
																						}
																					]
																				}
																			]
																		},
																		{
																			"name": "L antler base",
																			"from": [ 0.1, -0.1, 0.6 ],
																			"to": [ 0.7, 1.2, 1.2 ],
																			"unwrapMode": 4,
																			"uv": [ 36.5, 62.0 ],
																			"rotationOrigin": [ 0.1, 0.7, 0.6 ],
																			"rotationY": 25.0,
																			"rotationZ": 25.0,
																			"faces": {
																				"north": { "texture": "#skin", "uv": [ 36.5, 62.5, 37.0, 63.5 ] },
																				"east": { "texture": "#skin", "uv": [ 38.0, 62.5, 38.5, 63.5 ] },
																				"south": { "texture": "#skin", "uv": [ 37.5, 62.5, 38.0, 63.5 ] },
																				"west": { "texture": "#skin", "uv": [ 37.0, 62.5, 37.5, 63.5 ] },
																				"up": { "texture": "#skin", "uv": [ 37.0, 62.0, 37.5, 62.5 ], "rotation": 90, "windMode": [-1,-1,-1,-1], "windData": [1,1,1,1] }
																			},
																			"children": [
																				{
																					"name": "L antler branch 1",
																					"from": [ 0.1, 1.2, 0.0 ],
																					"to": [ 0.6, 3.2, 0.5 ],
																					"unwrapMode": 4,
																					"uv": [ 36.5, 59.5 ],
																					"rotationOrigin": [ 0.1, 1.2, 0.1 ],
																					"rotationZ": -15.0,
																					"faces": {
																						"north": { "texture": "#skin", "uv": [ 36.5, 60.0, 37.0, 62.0 ] },
																						"east": { "texture": "#skin", "uv": [ 38.0, 60.0, 38.5, 62.0 ] },
																						"south": { "texture": "#skin", "uv": [ 37.5, 60.0, 38.0, 62.0 ] },
																						"west": { "texture": "#skin", "uv": [ 37.0, 60.0, 37.5, 62.0 ] },
																						"up": { "texture": "#skin", "uv": [ 37.0, 59.5, 37.5, 60.0 ], "rotation": 90 }
																					},
																					"children": [
																						{
																							"name": "L antler branch 1b",
																							"from": [ 0.05, 1.9, 0.05 ],
																							"to": [ 0.45, 3.0, 0.45 ],
																							"unwrapMode": 4,
																							"uv": [ 36.5, 54.5 ],
																							"rotationOrigin": [ 0.05, 1.9, 0.05 ],
																							"rotationZ": 5.0,
																							"faces": {
																								"north": { "texture": "#skin", "uv": [ 36.5, 55.0, 37.0, 56.0 ] },
																								"east": { "texture": "#skin", "uv": [ 38.0, 55.0, 38.5, 56.0 ] },
																								"south": { "texture": "#skin", "uv": [ 37.5, 55.0, 38.0, 56.0 ] },
																								"west": { "texture": "#skin", "uv": [ 37.0, 55.0, 37.5, 56.0 ] },
																								"up": { "texture": "#skin", "uv": [ 37.0, 54.5, 37.5, 55.0 ], "rotation": 90 }
																							},
																							"children": [
																								{
																									"name": "L antler point 1",
																									"from": [ 0.0, 1.0, 0.0 ],
																									"to": [ 0.3, 2.0, 0.3 ],
																									"unwrapMode": 4,
																									"uv": [ 38.5, 47.5 ],
																									"rotationOrigin": [ 0.0, 1.0, 0.4 ],
																									"rotationX": -2.0,
																									"rotationY": 2.0,
																									"rotationZ": 25.0,
																									"faces": {
																										"north": { "texture": "#skin", "uv": [ 38.5, 48.0, 39.0, 49.0 ] },
																										"east": { "texture": "#skin", "uv": [ 40.0, 48.0, 40.5, 49.0 ] },
																										"south": { "texture": "#skin", "uv": [ 39.5, 48.0, 40.0, 49.0 ] },
																										"west": { "texture": "#skin", "uv": [ 39.0, 48.0, 39.5, 49.0 ] },
																										"up": { "texture": "#skin", "uv": [ 39.0, 47.5, 39.5, 48.0 ], "rotation": 90 }
																									}
																								}
																							]
																						},
																						{
																							"name": "L antlerbranch 2",
																							"from": [ 0.05, 0.5, 0.0 ],
																							"to": [ 0.55, 1.0, 0.5 ],
																							"unwrapMode": 4,
																							"uv": [ 36.5, 51.5 ],
																							"rotationOrigin": [ 0.05, 0.5, 0.8 ],
																							"rotationX": -0.2588,
																							"rotationY": 0.9659,
																							"rotationZ": 60.0022,
																							"faces": {
																								"north": { "texture": "#skin", "uv": [ 36.5, 52.0, 37.0, 52.5 ] },
																								"east": { "texture": "#skin", "uv": [ 38.0, 52.0, 38.5, 52.5 ] },
																								"south": { "texture": "#skin", "uv": [ 37.5, 52.0, 38.0, 52.5 ] },
																								"west": { "texture": "#skin", "uv": [ 37.0, 52.0, 37.5, 52.5 ] },
																								"up": { "texture": "#skin", "uv": [ 37.0, 51.5, 37.5, 52.0 ], "rotation": 90 }
																							},
																							"children": [
																								{
																									"name": "L antler point 2",
																									"from": [ 0.1, 0.5, 0.1 ],
																									"to": [ 0.4, 1.5, 0.4 ],
																									"unwrapMode": 4,
																									"uv": [ 38.5, 45.0 ],
																									"rotationOrigin": [ 0.1, 0.5, 0.5 ],
																									"rotationZ": -25.0,
																									"faces": {
																										"north": { "texture": "#skin", "uv": [ 38.5, 45.5, 39.0, 46.5 ] },
																										"east": { "texture": "#skin", "uv": [ 40.0, 45.5, 40.5, 46.5 ] },
																										"south": { "texture": "#skin", "uv": [ 39.5, 45.5, 40.0, 46.5 ] },
																										"west": { "texture": "#skin", "uv": [ 39.0, 45.5, 39.5, 46.5 ] },
																										"up": { "texture": "#skin", "uv": [ 39.0, 45.0, 39.5, 45.5 ], "rotation": 90 }
																									}
																								}
																							]
																						}
																					]
																				}
																			]
																		}
																	]
																}
															]
														}
													]
												}
											]
										},
										{
											"name": "L Shoulder",
											"from": [ 0.7, -0.4, 4.5 ],
											"to": [ 4.0, 5.6, 6.1 ],
											"unwrapMode": 3,
											"uv": [ 32.5, 0.5 ],
											"rotationOrigin": [ 2.2, 2.6, 5.4 ],
											"rotationX": 3.0,
											"rotationZ": -10.0,
											"faces": {
												"north": { "texture": "#skin", "uv": [ 38.5, 2.0, 41.5, 8.0 ] },
												"east": { "texture": "#skin", "uv": [ 37.0, 2.0, 38.5, 8.0 ] },
												"south": { "texture": "#skin", "uv": [ 34.0, 2.0, 37.0, 8.0 ] },
												"west": { "texture": "#skin", "uv": [ 32.5, 2.0, 34.0, 8.0 ] },
												"up": { "texture": "#skin", "uv": [ 34.0, 0.5, 37.0, 2.0 ], "windMode": [-1,-1,-1,-1] },
												"down": { "texture": "#skin", "uv": [ 34.0, 8.0, 37.0, 9.5 ], "rotation": 180 }
											},
											"children": [
												{
													"name": "L ArmUp",
													"from": [ 0.0, 0.0, -0.2 ],
													"to": [ 4.0, 2.0, 1.4 ],
													"unwrapMode": 3,
													"autoUnwrap": false,
													"uv": [ 0.0, 18.0 ],
													"rotationOrigin": [ 0.0, 0.0, 0.7 ],
													"rotationZ": -1.0,
													"faces": {
														"north": { "texture": "#skin", "uv": [ 1.5, 23.0, 5.5, 25.0 ] },
														"east": { "texture": "#skin", "uv": [ 5.5, 19.5, 7.0, 21.5 ] },
														"south": { "texture": "#skin", "uv": [ 1.5, 19.5, 5.5, 21.5 ] },
														"west": { "texture": "#skin", "uv": [ 0.0, 19.5, 1.5, 21.5 ] },
														"up": { "texture": "#skin", "uv": [ 1.5, 18.0, 5.5, 19.5 ], "windMode": [-1,-1,-1,-1] },
														"down": { "texture": "#skin", "uv": [ 1.5, 21.5, 5.5, 23.0 ], "rotation": 180 }
													},
													"children": [
														{
															"name": "L ArmMid",
															"from": [ 3.4, -4.2, 0.2 ],
															"to": [ 5.1, 1.1, 1.4 ],
															"unwrapMode": 3,
															"uv": [ 34.0, 10.5 ],
															"rotationOrigin": [ 3.7, 1.1, 0.8 ],
															"rotationZ": -67.0,
															"faces": {
																"north": { "texture": "#skin", "uv": [ 37.5, 11.5, 39.0, 16.5 ] },
																"east": { "texture": "#skin", "uv": [ 36.5, 11.5, 37.5, 16.5 ] },
																"south": { "texture": "#skin", "uv": [ 35.0, 11.5, 36.5, 16.5 ] },
																"west": { "texture": "#skin", "uv": [ 34.0, 11.5, 35.0, 16.5 ] },
																"up": { "texture": "#skin", "uv": [ 35.0, 10.5, 36.5, 11.5 ] },
																"down": { "texture": "#skin", "uv": [ 35.0, 16.5, 36.5, 17.5 ], "rotation": 180 }
															},
															"children": [
																{
																	"name": "L ArmLow",
																	"from": [ 0.4, -3.6375, 0.1 ],
																	"to": [ 1.4, 0.3625, 1.1 ],
																	"unwrapMode": 3,
																	"uv": [ 34.5, 18.5 ],
																	"rotationOrigin": [ 0.9, 0.4, 0.6 ],
																	"rotationX": 3.0,
																	"rotationZ": 165.0,
																	"faces": {
																		"north": { "texture": "#skin", "uv": [ 37.5, 19.5, 38.5, 23.5 ] },
																		"east": { "texture": "#skin", "uv": [ 36.5, 19.5, 37.5, 23.5 ] },
																		"south": { "texture": "#skin", "uv": [ 35.5, 19.5, 36.5, 23.5 ] },
																		"west": { "texture": "#skin", "uv": [ 34.5, 19.5, 35.5, 23.5 ] },
																		"up": { "texture": "#skin", "uv": [ 35.5, 18.5, 36.5, 19.5 ] },
																		"down": { "texture": "#skin", "uv": [ 35.5, 23.5, 36.5, 24.5 ], "rotation": 180 }
																	},
																	"children": [
																		{
																			"name": "L Front Pastern",
																			"from": [ 0.0, -1.7, 0.0 ],
																			"to": [ 1.0, 0.3, 1.0 ],
																			"unwrapMode": 3,
																			"uv": [ 34.5, 25.5 ],
																			"rotationOrigin": [ 0.6, 0.1, 0.5 ],
																			"rotationX": -1.0,
																			"rotationZ": -1.0,
																			"faces": {
																				"north": { "texture": "#skin", "uv": [ 37.5, 26.5, 38.5, 28.5 ] },
																				"east": { "texture": "#skin", "uv": [ 36.5, 26.5, 37.5, 28.5 ] },
																				"south": { "texture": "#skin", "uv": [ 35.5, 26.5, 36.5, 28.5 ] },
																				"west": { "texture": "#skin", "uv": [ 34.5, 26.5, 35.5, 28.5 ] },
																				"up": { "texture": "#skin", "uv": [ 35.5, 25.5, 36.5, 26.5 ] },
																				"down": { "texture": "#skin", "uv": [ 35.5, 28.5, 36.5, 29.5 ], "rotation": 180 }
																			},
																			"children": [
																				{
																					"name": "L Front Hoof",
																					"from": [ 0.5, 0.6, 0.6 ],
																					"to": [ 0.5, 0.6, 0.6 ],
																					"uv": [ 0.0, 0.0 ],
																					"rotationOrigin": [ 0.5, 0.6, 0.6 ],
																					"rotationZ": 40.0,
																					"faces": {
																					},
																					"children": [
																						{
																							"name": "L Front Hoof1",
																							"from": [ -1.6, -0.3, -0.5 ],
																							"to": [ -0.3, 0.1, 0.3 ],
																							"unwrapMode": 5,
																							"uv": [ 48.5, 50.0 ],
																							"rotationOrigin": [ -0.2, 0.1, 0.3 ],
																							"rotationY": 0.5,
																							"rotationZ": 55.0,
																							"faces": {
																								"north": { "texture": "#skin", "uv": [ 49.0, 50.0, 50.0, 50.5 ], "rotation": 180 },
																								"east": { "texture": "#skin", "uv": [ 50.0, 50.5, 50.5, 51.0 ], "rotation": 90 },
																								"south": { "texture": "#skin", "uv": [ 49.0, 51.0, 50.0, 51.5 ] },
																								"west": { "texture": "#skin", "uv": [ 48.5, 50.5, 49.0, 51.0 ], "rotation": 270 },
																								"up": { "texture": "#skin", "uv": [ 49.0, 50.5, 50.0, 51.0 ] },
																								"down": { "texture": "#skin", "uv": [ 50.5, 50.5, 51.5, 51.0 ] }
																							}
																						},
																						{
																							"name": "L Front Hoof2",
																							"from": [ -1.0, -0.8, -0.51 ],
																							"to": [ 0.3, -0.3, 0.29 ],
																							"unwrapMode": 5,
																							"uv": [ 49.0, 51.5 ],
																							"rotationOrigin": [ 0.2, -0.3, 0.2 ],
																							"rotationZ": 27.0,
																							"faces": {
																								"north": { "texture": "#skin", "uv": [ 49.5, 51.5, 50.5, 52.0 ], "rotation": 180 },
																								"east": { "texture": "#skin", "uv": [ 50.5, 52.0, 51.0, 52.5 ], "rotation": 90 },
																								"south": { "texture": "#skin", "uv": [ 49.5, 52.5, 50.5, 53.0 ] },
																								"west": { "texture": "#skin", "uv": [ 49.0, 52.0, 49.5, 52.5 ], "rotation": 270 },
																								"up": { "texture": "#skin", "uv": [ 49.5, 52.0, 50.5, 52.5 ] },
																								"down": { "texture": "#skin", "uv": [ 51.0, 52.0, 52.0, 52.5 ] }
																							}
																						}
																					]
																				}
																			]
																		}
																	]
																}
															]
														}
													]
												}
											]
										},
										{
											"name": "R Shoulder",
											"from": [ 0.7, -0.4, -0.6 ],
											"to": [ 4.0, 5.6, 1.0 ],
											"unwrapMode": 1,
											"uv": [ 42.5, 0.5 ],
											"rotationOrigin": [ 2.2, 2.6, 0.0 ],
											"rotationX": 3.0,
											"rotationZ": -18.0,
											"faces": {
												"north": { "texture": "#skin", "uv": [ 44.0, 2.0, 47.0, 8.0 ] },
												"east": { "texture": "#skin", "uv": [ 42.5, 2.0, 44.0, 8.0 ] },
												"south": { "texture": "#skin", "uv": [ 48.5, 2.0, 51.5, 8.0 ] },
												"west": { "texture": "#skin", "uv": [ 47.0, 2.0, 48.5, 8.0 ] },
												"up": { "texture": "#skin", "uv": [ 44.0, 0.5, 47.0, 2.0 ], "rotation": 180 },
												"down": { "texture": "#skin", "uv": [ 44.0, 8.0, 47.0, 9.5 ] }
											},
											"children": [
												{
													"name": "R ArmUp",
													"from": [ 0.0, 0.0, 0.2 ],
													"to": [ 4.0, 2.0, 1.8 ],
													"unwrapMode": 1,
													"autoUnwrap": false,
													"uv": [ 13.5, 18.0 ],
													"rotationOrigin": [ 0.0, 0.0, 0.9 ],
													"rotationZ": -4.0,
													"faces": {
														"north": { "texture": "#skin", "uv": [ 15.0, 19.5, 19.0, 21.5 ] },
														"east": { "texture": "#skin", "uv": [ 13.5, 19.5, 15.0, 21.5 ] },
														"south": { "texture": "#skin", "uv": [ 15.0, 23.0, 19.0, 25.0 ] },
														"west": { "texture": "#skin", "uv": [ 19.0, 19.5, 20.5, 21.5 ] },
														"up": { "texture": "#skin", "uv": [ 15.0, 18.0, 19.0, 19.5 ], "rotation": 180 },
														"down": { "texture": "#skin", "uv": [ 15.0, 21.5, 19.0, 23.0 ] }
													},
													"children": [
														{
															"name": "R ArmMid",
															"from": [ 3.2, -4.0, 0.2 ],
															"to": [ 4.9, 1.3, 1.4 ],
															"unwrapMode": 1,
															"uv": [ 43.5, 10.5 ],
															"rotationOrigin": [ 3.7, 1.1, 0.8 ],
															"rotationZ": -67.0,
															"faces": {
																"north": { "texture": "#skin", "uv": [ 44.5, 11.5, 46.0, 16.5 ] },
																"east": { "texture": "#skin", "uv": [ 43.5, 11.5, 44.5, 16.5 ] },
																"south": { "texture": "#skin", "uv": [ 47.0, 11.5, 48.5, 16.5 ] },
																"west": { "texture": "#skin", "uv": [ 46.0, 11.5, 47.0, 16.5 ] },
																"up": { "texture": "#skin", "uv": [ 44.5, 10.5, 46.0, 11.5 ], "rotation": 180 },
																"down": { "texture": "#skin", "uv": [ 44.5, 16.5, 46.0, 17.5 ] }
															},
															"children": [
																{
																	"name": "R ArmLow",
																	"from": [ 0.4, -3.5, 0.1 ],
																	"to": [ 1.4, 0.5, 1.1 ],
																	"unwrapMode": 1,
																	"uv": [ 44.0, 18.5 ],
																	"rotationOrigin": [ 0.9, 0.4, 0.6 ],
																	"rotationX": -11.0,
																	"rotationZ": 173.0,
																	"faces": {
																		"north": { "texture": "#skin", "uv": [ 45.0, 19.5, 46.0, 23.5 ] },
																		"east": { "texture": "#skin", "uv": [ 44.0, 19.5, 45.0, 23.5 ] },
																		"south": { "texture": "#skin", "uv": [ 47.0, 19.5, 48.0, 23.5 ] },
																		"west": { "texture": "#skin", "uv": [ 46.0, 19.5, 47.0, 23.5 ] },
																		"up": { "texture": "#skin", "uv": [ 45.0, 18.5, 46.0, 19.5 ], "rotation": 180 },
																		"down": { "texture": "#skin", "uv": [ 45.0, 23.5, 46.0, 24.5 ] }
																	},
																	"children": [
																		{
																			"name": "R Front Pastern",
																			"from": [ 0.0, -1.7, 0.0 ],
																			"to": [ 1.0, 0.3, 1.0 ],
																			"unwrapMode": 1,
																			"uv": [ 44.0, 25.5 ],
																			"rotationOrigin": [ 0.6, 0.1, 0.5 ],
																			"rotationX": -1.0,
																			"rotationZ": 12.0,
																			"faces": {
																				"north": { "texture": "#skin", "uv": [ 45.0, 26.5, 46.0, 28.5 ] },
																				"east": { "texture": "#skin", "uv": [ 44.0, 26.5, 45.0, 28.5 ] },
																				"south": { "texture": "#skin", "uv": [ 47.0, 26.5, 48.0, 28.5 ] },
																				"west": { "texture": "#skin", "uv": [ 46.0, 26.5, 47.0, 28.5 ] },
																				"up": { "texture": "#skin", "uv": [ 45.0, 25.5, 46.0, 26.5 ], "rotation": 180 },
																				"down": { "texture": "#skin", "uv": [ 45.0, 28.5, 46.0, 29.5 ] }
																			},
																			"children": [
																				{
																					"name": "R Front Hoof",
																					"from": [ 0.5, 0.6, 0.6 ],
																					"to": [ 0.5, 0.6, 0.6 ],
																					"uv": [ 0.0, 0.0 ],
																					"rotationOrigin": [ 0.5, 0.6, 0.6 ],
																					"rotationZ": 38.0,
																					"faces": {
																					},
																					"children": [
																						{
																							"name": "R Front Hoof1",
																							"from": [ -1.6, -0.3, -0.5 ],
																							"to": [ -0.3, 0.1, 0.3 ],
																							"unwrapMode": 5,
																							"uv": [ 48.5, 53.5 ],
																							"rotationOrigin": [ -0.2, 0.1, 0.3 ],
																							"rotationY": -0.5,
																							"rotationZ": 55.0,
																							"faces": {
																								"north": { "texture": "#skin", "uv": [ 49.0, 53.5, 50.0, 54.0 ], "rotation": 180 },
																								"east": { "texture": "#skin", "uv": [ 50.0, 54.0, 50.5, 54.5 ], "rotation": 90 },
																								"south": { "texture": "#skin", "uv": [ 49.0, 54.5, 50.0, 55.0 ] },
																								"west": { "texture": "#skin", "uv": [ 48.5, 54.0, 49.0, 54.5 ], "rotation": 270 },
																								"up": { "texture": "#skin", "uv": [ 49.0, 54.0, 50.0, 54.5 ] },
																								"down": { "texture": "#skin", "uv": [ 50.5, 54.0, 51.5, 54.5 ] }
																							}
																						},
																						{
																							"name": "R Front Hoof2",
																							"from": [ -1.0, -0.8, -0.5 ],
																							"to": [ 0.3, -0.3, 0.3 ],
																							"unwrapMode": 5,
																							"uv": [ 49.0, 55.0 ],
																							"rotationOrigin": [ 0.2, -0.3, 0.2 ],
																							"rotationZ": 27.0,
																							"faces": {
																								"north": { "texture": "#skin", "uv": [ 49.5, 55.0, 50.5, 55.5 ], "rotation": 180 },
																								"east": { "texture": "#skin", "uv": [ 50.5, 55.5, 51.0, 56.0 ], "rotation": 90 },
																								"south": { "texture": "#skin", "uv": [ 49.5, 56.0, 50.5, 56.5 ] },
																								"west": { "texture": "#skin", "uv": [ 49.0, 55.5, 49.5, 56.0 ], "rotation": 270 },
																								"up": { "texture": "#skin", "uv": [ 49.5, 55.5, 50.5, 56.0 ] },
																								"down": { "texture": "#skin", "uv": [ 51.0, 55.5, 52.0, 56.0 ] }
																							}
																						}
																					]
																				}
																			]
																		}
																	]
																}
															]
														}
													]
												}
											]
										}
									],
									"attachmentpoints": [
										{
											"code": "Center",
											"posX": "7.5","posY": "2.5","posZ": "5.0",
											"rotationX": "0.0","rotationY": "0.0","rotationZ": "0.0"
										}
									]
								}
							]
						}
					]
				}
			]
		}
	]}