[
  {
    "op": "add",
    "path": "/client/behaviors/-",
    "value": {
	"code": "shearable",
	"enabledByType": {
		"rhinocerotidae-adult-*-coelodontaantiquitatis": true,
		"*": false
	},
	"hoursPerUnitByType" : {
		"*": 42
	},
	"hoursPerUnitGenerationalReduction" : 0.5,
	"hoursPerUnitMaxReduction" : 8.0,
	"maxGenBonusByType" : {
		"*": 4
	},
	"generationalMaxGrowthBonus" : 2,
	"generationalScratchChanceReduction" : 0.05,
	"minQuantityByType": {
		"*": 8
	},
	"maxQuantityByType": {
		"*": 16
	},
	"minGen": 2,
	"shearsBonusByType": {
		"*": 2
	},
	"scratchChance": 0.45,
	"dropByType": {
		"*": "wool:fleece-generic-brown"
	},
    "dropSecondByType": {
        "rhinocerotidae-adult-*-coelodontaantiquitatis": "wool:fleece-generic-black",
        "*": null
    },
	"shearSound": "game:sounds/player/scrape.ogg"
    },
    "file": "entities/land/rhinocerotidae.json",
    "side": "Server",
    "dependsOn": [{ "modid": "wool" }]
  },

  {
    "op": "add",
    "path": "/server/behaviors/-",
    "value": {
	"code": "shearable",
	"enabledByType": {
		"rhinocerotidae-adult-*-coelodontaantiquitatis": true,
		"*": false
	},
	"hoursPerUnitByType" : {
		"*": 42
	},
	"hoursPerUnitGenerationalReduction" : 0.5,
	"hoursPerUnitMaxReduction" : 8.0,
	"maxGenBonusByType" : {
		"*": 4
	},
	"generationalMaxGrowthBonus" : 2,
	"generationalScratchChanceReduction" : 0.05,
	"minQuantityByType": {
		"*": 8
	},
	"maxQuantityByType": {
		"*": 16
	},
	"minGen": 2,
	"shearsBonusByType": {
		"*": 2
	},
	"scratchChance": 0.45,
	"dropByType": {
		"*": "wool:fleece-generic-brown"
	},
    "dropSecondByType": {
        "rhinocerotidae-adult-*-coelodontaantiquitatis": "wool:fleece-generic-black",
        "*": null
    },
	"shearSound": "game:sounds/player/scrape.ogg"
    },
    "file": "entities/land/rhinocerotidae.json",
    "side": "Server",
    "dependsOn": [{ "modid": "wool" }]
  },
    {
      "side": "Server",
      "dependsOn": [{"modid": "wool"}],
      "file": "rhinocerotidae:entities/land/rhinocerotidae",
      "op": "addeach",
      "path": "/server/behaviors/6/drops/-",
      "value": [
          { "type": "item", "code": "wool:fleece-generic-brown",
          "quantityByType": {
   		  "*-adult-*-coelodontaantiquitatis": {"avg": 18,"var":4},
  		  "*-baby-*-coelodontaantiquitatis": {"avg": 3,"var":1},			
           	  "*": { "avg": 0, "var": 0 }
            } },
          { "type": "item", "code": "wool:fleece-generic-black",
          "quantityByType": {
   		  "*-adult-*-coelodontaantiquitatis": {"avg": 6,"var":2},			
           	  "*": { "avg": 0, "var": 0 }
            } },
          { "type": "item", "code": "wool:fleece-generic-lightbrown",
          "quantityByType": {
  		  "*-baby-*-coelodontaantiquitatis": {"avg": 6,"var":2},		
          	  "*": { "avg": 0, "var": 0 }
            } }
      ]
    }
]

