{
  "textureWidth":16,
  "textureHeight":16,
  "textures":{
    "material":"game:block/metal/ingot/copper",
    "wood":"game:block/wood/debarked/oak"
  },
  "textureSizes":{
    "material":[
      32,
      32
    ],
    "wood":[
      32,
      32
    ]
  },
  "elements":[
    {
      "name":"origin",
      "from":[
        11.0,
        0.5,
        7.699999988079071
      ],
      "to":[
        11.0,
        0.5,
        7.699999988079071
      ],
      "rotationOrigin":[
        8.0,
        0.0,
        8.0
      ],
      "group":"crude_metal_metalhead",
      "faces":{
        "north":{
          "texture":"#0",
          "uv":[
            0,
            0,
            4,
            4
          ],
          "autoUv":false
        },
        "east":{
          "texture":"#0",
          "uv":[
            0,
            0,
            4,
            4
          ],
          "autoUv":false
        },
        "south":{
          "texture":"#0",
          "uv":[
            0,
            0,
            4,
            4
          ],
          "autoUv":false
        },
        "west":{
          "texture":"#0",
          "uv":[
            0,
            0,
            4,
            4
          ],
          "autoUv":false
        },
        "up":{
          "texture":"#material",
          "uv":[
            0.0,
            0.0,
            1.0,
            1.0
          ],
          "autoUv":false,
          "rotation":180
        },
        "down":{
          "texture":"#0",
          "uv":[
            0,
            0,
            4,
            4
          ],
          "autoUv":false
        }
      },
      "children":[
        {
          "name":"crude_metal_metalhead 01",
          "from":[
            -13.822439908981323,
            -0.8373484909534454,
            -0.17288422584533691
          ],
          "to":[
            -12.33126187324524,
            0.6611628234386444,
            1.2532232999801636
          ],
          "rotationOrigin":[
            -13.076850891113281,
            -0.08809283375740051,
            0.5401695370674133
          ],
          "rotationX":-2.7943812353288045e-17,
          "rotationY":4.090263565127348e-17,
          "rotationZ":2.7776311087783814,
          "group":"crude_metal_metalhead",
          "faces":{
            "north":{
              "texture":"#material",
              "uv":[
                18.0,
                20.000000953674316,
                15.999998092651367,
                22.999998092651367
              ],
              "autoUv":false
            },
            "east":{
              "texture":"#material",
              "uv":[
                16.14166259765625,
                8.894052505493164,
                17.99448585510254,
                9.1029052734375
              ],
              "autoUv":false,
              "rotation":180
            },
            "south":{
              "texture":"#material",
              "uv":[
                16.0,
                20.000000953674316,
                18.0,
                23.000000953674316
              ],
              "autoUv":false
            },
            "west":{
              "texture":"#material",
              "uv":[
                13.0,
                12.0,
                16.0,
                15.0
              ],
              "autoUv":false
            },
            "up":{
              "texture":"#material",
              "uv":[
                16.0,
                12.0,
                19.004514694213867,
                15.0
              ],
              "autoUv":false,
              "rotation":90
            },
            "down":{
              "texture":"#material",
              "uv":[
                16.0,
                15.0,
                19.0045166015625,
                12.0
              ],
              "autoUv":false,
              "rotation":90
            }
          },
          "children":[]
        },
        {
          "name":"crude_metal_metalhead 02",
          "from":[
            -17.50570696592331,
            -0.7715425193309784,
            -1.6185006499290466
          ],
          "to":[
            -16.838554203510284,
            -0.02372249960899353,
            2.711679995059967
          ],
          "rotationOrigin":[
            -17.172130584716797,
            -0.39763250946998596,
            0.5465896725654602
          ],
          "rotationX":2.6180109595947696e-16,
          "rotationY":2.6941758196760857e-18,
          "rotationZ":4.253913105183403,
          "group":"crude_metal_metalhead",
          "faces":{
            "north":{
              "texture":"#wood",
              "uv":[
                22.39177894592285,
                23.58827781677246,
                21.15997886657715,
                24.969011783599854
              ],
              "autoUv":false
            },
            "east":{
              "texture":"#wood",
              "uv":[
                23.227819442749023,
                18.040990829467773,
                13.82135009765625,
                19.304475784301758
              ],
              "autoUv":false,
              "rotation":180
            },
            "south":{
              "texture":"#wood",
              "uv":[
                22.39177894592285,
                28.73584508895874,
                21.15997886657715,
                30.11658477783203
              ],
              "autoUv":false
            },
            "west":{
              "texture":"#wood",
              "uv":[
                23.227819442749023,
                15.650312423706055,
                13.82135009765625,
                16.91379451751709
              ],
              "autoUv":false
            },
            "up":{
              "texture":"#wood",
              "uv":[
                23.227819442749023,
                19.304475784301758,
                13.82135009765625,
                20.431666374206543
              ],
              "autoUv":false,
              "rotation":90
            },
            "down":{
              "texture":"#wood",
              "uv":[
                13.82135009765625,
                18.040990829467773,
                23.227819442749023,
                16.91379451751709
              ],
              "autoUv":false,
              "rotation":270
            }
          },
          "children":[]
        },
        {
          "name":"crude_metal_metalhead 03",
          "from":[
            -12.992676436901093,
            -0.8830002546310425,
            0.3835526555776596
          ],
          "to":[
            -12.670935928821564,
            0.7373603582382202,
            0.7052931785583496
          ],
          "rotationOrigin":[
            -12.831806182861328,
            -0.07281994819641113,
            0.5444229245185852
          ],
          "rotationX":89.99998201391065,
          "rotationY":-22.03209851702782,
          "rotationZ":-3.982304427345849e-06,
          "group":"crude_metal_metalhead",
          "faces":{
            "north":{
              "texture":"#material",
              "uv":[
                9.856292724609375,
                12.126638412475586,
                12.268707275390625,
                13.107383728027344
              ],
              "autoUv":false,
              "rotation":270
            },
            "east":{
              "texture":"#material",
              "uv":[
                12.268707275390625,
                12.126638412475586,
                9.856292724609375,
                12.517616271972656
              ],
              "autoUv":false,
              "rotation":90
            },
            "south":{
              "texture":"#material",
              "uv":[
                12.268707275390625,
                12.517616271972656,
                9.856292724609375,
                13.498363494873047
              ],
              "autoUv":false,
              "rotation":90
            },
            "west":{
              "texture":"#material",
              "uv":[
                9.856292724609375,
                13.107383728027344,
                12.268707275390625,
                13.498361587524414
              ],
              "autoUv":false,
              "rotation":270
            },
            "up":{
              "texture":"#material",
              "uv":[
                11.343744277954102,
                12.170015335083008,
                11.798734664916992,
                13.079994201660156
              ],
              "autoUv":false,
              "rotation":90
            },
            "down":{
              "texture":"#material",
              "uv":[
                11.343744277954102,
                13.079994201660156,
                10.888755798339844,
                12.170015335083008
              ],
              "autoUv":false
            }
          },
          "children":[]
        },
        {
          "name":"crude_metal_metalhead 04",
          "from":[
            -12.861940681934357,
            -0.5817651450634003,
            -0.16693514585494995
          ],
          "to":[
            -11.802333533763885,
            0.4778423607349396,
            1.2472741603851318
          ],
          "rotationOrigin":[
            -12.332137107849121,
            -0.05196139216423035,
            0.5401695370674133
          ],
          "rotationX":-6.788656632481276e-17,
          "rotationY":5.586959130555925e-17,
          "rotationZ":47.77765818767026,
          "group":"crude_metal_metalhead",
          "faces":{
            "north":{
              "texture":"#material",
              "uv":[
                20.0,
                20.000000953674316,
                18.0,
                23.000000953674316
              ],
              "autoUv":false
            },
            "east":{
              "texture":"#material",
              "uv":[
                16.004512786865234,
                9.0,
                18.995485305786133,
                12.0
              ],
              "autoUv":false,
              "rotation":180
            },
            "south":{
              "texture":"#material",
              "uv":[
                18.0,
                20.000000953674316,
                20.0,
                23.000000953674316
              ],
              "autoUv":false
            },
            "west":{
              "texture":"#material",
              "uv":[
                17.98675537109375,
                8.894052505493164,
                16.14939308166504,
                10.94256591796875
              ],
              "autoUv":false,
              "rotation":180
            },
            "up":{
              "texture":"#material",
              "uv":[
                16.149391174316406,
                9.1029052734375,
                17.98675537109375,
                10.942567825317383
              ],
              "autoUv":false,
              "rotation":90
            },
            "down":{
              "texture":"#material",
              "uv":[
                16.004512786865234,
                12.0,
                18.995485305786133,
                9.0
              ],
              "autoUv":false,
              "rotation":90
            }
          },
          "children":[]
        },
        {
          "name":"crude_metal_metalhead 05",
          "from":[
            -13.957477778196335,
            -0.7017103433609009,
            -0.2860635221004486
          ],
          "to":[
            -13.080308705568314,
            0.3780566453933716,
            0.4512186348438263
          ],
          "rotationOrigin":[
            -13.518893241882324,
            -0.16182684898376465,
            0.08257752656936646
          ],
          "rotationX":12.895076134093083,
          "rotationY":-78.45503620324317,
          "rotationZ":-76.84792001229584,
          "group":"crude_metal_metalhead",
          "faces":{
            "north":{
              "texture":"#material",
              "uv":[
                17.0,
                17.0,
                15.0,
                19.0
              ],
              "autoUv":false,
              "rotation":90
            },
            "east":{
              "texture":"#material",
              "uv":[
                15.0,
                16.0,
                17.000001907348633,
                17.0
              ],
              "autoUv":false,
              "rotation":180
            },
            "south":{
              "texture":"#material",
              "uv":[
                15.0,
                17.0,
                17.0,
                19.0
              ],
              "autoUv":false,
              "rotation":270
            },
            "west":{
              "texture":"#material",
              "uv":[
                17.000001907348633,
                16.0,
                15.0,
                17.0
              ],
              "autoUv":false,
              "rotation":180
            },
            "up":{
              "texture":"#material",
              "uv":[
                1.7160100936889648,
                4.491329193115234,
                1.716010332107544,
                11.508674621582031
              ],
              "autoUv":false
            },
            "down":{
              "texture":"#material",
              "uv":[
                7.2507147789001465,
                11.50868034362793,
                7.2507147789001465,
                4.491329193115234
              ],
              "autoUv":false
            }
          },
          "children":[]
        },
        {
          "name":"crude_metal_metalhead 06",
          "from":[
            -15.899734497070312,
            -0.6836380958557129,
            -2.12893944978714
          ],
          "to":[
            -14.819967269897461,
            0.19198906421661377,
            -1.391658365726471
          ],
          "rotationOrigin":[
            -15.359850883483887,
            -0.24582451581954956,
            -1.7602989077568054
          ],
          "rotationX":0.5191906398995839,
          "rotationY":-11.238159326359908,
          "rotationZ":-177.33885402529265,
          "group":"crude_metal_metalhead",
          "faces":{
            "north":{
              "texture":"#material",
              "uv":[
                11.0,
                17.0,
                9.0,
                19.0
              ],
              "autoUv":false,
              "rotation":180
            },
            "east":{
              "texture":"#material",
              "uv":[
                27.279390335083008,
                4.497106552124023,
                27.279388427734375,
                11.502164840698242
              ],
              "autoUv":false,
              "rotation":180
            },
            "south":{
              "texture":"#material",
              "uv":[
                9.0,
                17.0,
                11.0,
                19.0
              ],
              "autoUv":false,
              "rotation":180
            },
            "west":{
              "texture":"#material",
              "uv":[
                21.74468421936035,
                4.497463226318359,
                21.744678497314453,
                11.50242805480957
              ],
              "autoUv":false,
              "rotation":180
            },
            "up":{
              "texture":"#material",
              "uv":[
                8.999999046325684,
                16.0,
                11.000000953674316,
                17.0
              ],
              "autoUv":false,
              "rotation":90
            },
            "down":{
              "texture":"#material",
              "uv":[
                8.999999046325684,
                17.0,
                11.000000953674316,
                16.0
              ],
              "autoUv":false,
              "rotation":90
            }
          },
          "children":[]
        },
        {
          "name":"crude_metal_metalhead 07",
          "from":[
            -14.306553542613983,
            -0.7176944315433502,
            -1.131598711013794
          ],
          "to":[
            -13.430926620960236,
            0.3620702922344208,
            -0.39431682229042053
          ],
          "rotationOrigin":[
            -13.86874008178711,
            -0.17781206965446472,
            -0.762957751750946
          ],
          "rotationX":3.900148152877647,
          "rotationY":123.83829644528458,
          "rotationZ":85.30979356370045,
          "group":"crude_metal_metalhead",
          "faces":{
            "north":{
              "texture":"#material",
              "uv":[
                13.0,
                17.0,
                15.0,
                19.0
              ],
              "autoUv":false,
              "rotation":270
            },
            "east":{
              "texture":"#material",
              "uv":[
                15.000001907348633,
                16.0,
                13.0,
                17.0
              ],
              "autoUv":false,
              "rotation":180
            },
            "south":{
              "texture":"#material",
              "uv":[
                15.0,
                17.0,
                13.0,
                19.0
              ],
              "autoUv":false,
              "rotation":90
            },
            "west":{
              "texture":"#material",
              "uv":[
                13.0,
                16.0,
                15.000001907348633,
                17.0
              ],
              "autoUv":false,
              "rotation":180
            },
            "up":{
              "texture":"#material",
              "uv":[
                10.152421951293945,
                4.497884750366211,
                10.152421951293945,
                11.502721786499023
              ],
              "autoUv":false,
              "rotation":180
            },
            "down":{
              "texture":"#material",
              "uv":[
                15.687129020690918,
                11.502727508544922,
                15.687127113342285,
                4.497526168823242
              ],
              "autoUv":false,
              "rotation":90
            }
          },
          "children":[]
        },
        {
          "name":"crude_metal_metalhead 08",
          "from":[
            -17.654430150985718,
            -0.7664107233285904,
            -2.2271832823753357
          ],
          "to":[
            -15.818889856338501,
            0.10994289815425873,
            -1.4899010062217712
          ],
          "rotationOrigin":[
            -16.73666000366211,
            -0.32823391258716583,
            -1.8585421442985535
          ],
          "rotationX":179.99973180138954,
          "rotationY":4.8605303815440335e-06,
          "rotationZ":-3.84473568191498,
          "group":"crude_metal_metalhead",
          "faces":{
            "north":{
              "texture":"#material",
              "uv":[
                6.0,
                17.0,
                9.0,
                19.0
              ],
              "autoUv":false,
              "rotation":180
            },
            "east":{
              "texture":"#material",
              "uv":[
                27.214038848876953,
                4.491336822509766,
                27.214040756225586,
                11.508686065673828
              ],
              "autoUv":false,
              "rotation":270
            },
            "south":{
              "texture":"#material",
              "uv":[
                9.0,
                17.0,
                6.0,
                19.0
              ],
              "autoUv":false,
              "rotation":180
            },
            "west":{
              "texture":"#material",
              "uv":[
                10.0,
                15.0,
                8.0,
                17.0
              ],
              "autoUv":false,
              "rotation":180
            },
            "up":{
              "texture":"#material",
              "uv":[
                5.999999046325684,
                14.0,
                8.000000953674316,
                17.0
              ],
              "autoUv":false,
              "rotation":270
            },
            "down":{
              "texture":"#material",
              "uv":[
                5.999999046325684,
                17.0,
                8.000000953674316,
                14.0
              ],
              "autoUv":false,
              "rotation":270
            }
          },
          "children":[]
        },
        {
          "name":"crude_metal_metalhead 09",
          "from":[
            -15.05509865283966,
            -0.6458299160003662,
            -1.7787164449691772
          ],
          "to":[
            -13.97533118724823,
            0.23133903741836548,
            -1.0414342284202576
          ],
          "rotationOrigin":[
            -14.515214920043945,
            -0.20724543929100037,
            -1.4100753664970398
          ],
          "rotationX":1.7428600108423884,
          "rotationY":146.28970198300678,
          "rotationZ":-3.138149624069399,
          "group":"crude_metal_metalhead",
          "faces":{
            "north":{
              "texture":"#material",
              "uv":[
                11.0,
                17.0,
                13.0,
                19.0
              ],
              "autoUv":false
            },
            "east":{
              "texture":"#material",
              "uv":[
                22.613344192504883,
                4.491331100463867,
                22.613344192504883,
                11.508684158325195
              ],
              "autoUv":false,
              "rotation":90
            },
            "south":{
              "texture":"#material",
              "uv":[
                13.0,
                17.0,
                11.0,
                19.0
              ],
              "autoUv":false
            },
            "west":{
              "texture":"#material",
              "uv":[
                17.07863998413086,
                4.4913330078125,
                17.07863998413086,
                11.508682250976562
              ],
              "autoUv":false,
              "rotation":90
            },
            "up":{
              "texture":"#material",
              "uv":[
                13.000001907348633,
                16.0,
                11.0,
                17.0
              ],
              "autoUv":false,
              "rotation":90
            },
            "down":{
              "texture":"#material",
              "uv":[
                13.000001907348633,
                17.0,
                11.0,
                16.0
              ],
              "autoUv":false,
              "rotation":90
            }
          },
          "children":[]
        },
        {
          "name":"crude_metal_metalhead 10",
          "from":[
            -13.957474917173386,
            -0.7017105519771576,
            0.629128098487854
          ],
          "to":[
            -13.080305844545364,
            0.37805643677711487,
            1.3664101958274841
          ],
          "rotationOrigin":[
            -13.518890380859375,
            -0.16182705760002136,
            0.9977691769599915
          ],
          "rotationX":-12.895064181262036,
          "rotationY":78.45499522210814,
          "rotationZ":103.15219427968721,
          "group":"crude_metal_metalhead",
          "faces":{
            "north":{
              "texture":"#material",
              "uv":[
                17.0,
                17.0,
                15.0,
                19.0
              ],
              "autoUv":false,
              "rotation":270
            },
            "east":{
              "texture":"#material",
              "uv":[
                15.0,
                16.0,
                17.000001907348633,
                17.0
              ],
              "autoUv":false
            },
            "south":{
              "texture":"#material",
              "uv":[
                15.0,
                17.0,
                17.0,
                19.0
              ],
              "autoUv":false,
              "rotation":90
            },
            "west":{
              "texture":"#material",
              "uv":[
                17.000001907348633,
                16.0,
                15.0,
                17.0
              ],
              "autoUv":false
            },
            "up":{
              "texture":"#material",
              "uv":[
                7.2507147789001465,
                4.491329193115234,
                7.2507147789001465,
                11.50868034362793
              ],
              "autoUv":false,
              "rotation":90
            },
            "down":{
              "texture":"#material",
              "uv":[
                1.716010332107544,
                11.508674621582031,
                1.7160100936889648,
                4.491329193115234
              ],
              "autoUv":false,
              "rotation":90
            }
          },
          "children":[]
        },
        {
          "name":"crude_metal_metalhead 11",
          "from":[
            -15.899737358093262,
            -0.6836379170417786,
            2.471993625164032
          ],
          "to":[
            -14.81997013092041,
            0.1919892430305481,
            3.209274709224701
          ],
          "rotationOrigin":[
            -15.359853744506836,
            -0.24582433700561523,
            2.8406341671943665
          ],
          "rotationX":-0.5191903197344666,
          "rotationY":11.238159326359908,
          "rotationZ":2.6611462879086334,
          "group":"crude_metal_metalhead",
          "faces":{
            "north":{
              "texture":"#material",
              "uv":[
                11.0,
                17.0,
                9.0,
                19.0
              ],
              "autoUv":false
            },
            "east":{
              "texture":"#material",
              "uv":[
                21.744678497314453,
                4.497463226318359,
                21.74468421936035,
                11.50242805480957
              ],
              "autoUv":false
            },
            "south":{
              "texture":"#material",
              "uv":[
                9.0,
                17.0,
                11.0,
                19.0
              ],
              "autoUv":false
            },
            "west":{
              "texture":"#material",
              "uv":[
                27.279388427734375,
                4.497106552124023,
                27.279390335083008,
                11.502164840698242
              ],
              "autoUv":false
            },
            "up":{
              "texture":"#material",
              "uv":[
                8.999999046325684,
                16.0,
                11.000000953674316,
                17.0
              ],
              "autoUv":false,
              "rotation":270
            },
            "down":{
              "texture":"#material",
              "uv":[
                8.999999046325684,
                17.0,
                11.000000953674316,
                16.0
              ],
              "autoUv":false,
              "rotation":270
            }
          },
          "children":[]
        },
        {
          "name":"crude_metal_metalhead 12",
          "from":[
            -14.306550770998001,
            -0.7177348136901855,
            1.4746559262275696
          ],
          "to":[
            -13.43092367053032,
            0.36203038692474365,
            2.211937755346298
          ],
          "rotationOrigin":[
            -13.86873722076416,
            -0.17785227298736572,
            1.8432968258857727
          ],
          "rotationX":-3.9000277707935256,
          "rotationY":-123.83829644528458,
          "rotationZ":-94.69136574722562,
          "group":"crude_metal_metalhead",
          "faces":{
            "north":{
              "texture":"#material",
              "uv":[
                13.0,
                17.0,
                15.0,
                19.0
              ],
              "autoUv":false,
              "rotation":90
            },
            "east":{
              "texture":"#material",
              "uv":[
                15.000001907348633,
                16.0,
                13.0,
                17.0
              ],
              "autoUv":false
            },
            "south":{
              "texture":"#material",
              "uv":[
                15.0,
                17.0,
                13.0,
                19.0
              ],
              "autoUv":false,
              "rotation":270
            },
            "west":{
              "texture":"#material",
              "uv":[
                13.0,
                16.0,
                15.000001907348633,
                17.0
              ],
              "autoUv":false
            },
            "up":{
              "texture":"#material",
              "uv":[
                15.687129020690918,
                4.497526168823242,
                15.687127113342285,
                11.502727508544922
              ],
              "autoUv":false,
              "rotation":270
            },
            "down":{
              "texture":"#material",
              "uv":[
                10.152421951293945,
                11.502721786499023,
                10.152421951293945,
                4.497884750366211
              ],
              "autoUv":false,
              "rotation":180
            }
          },
          "children":[]
        },
        {
          "name":"crude_metal_metalhead 13",
          "from":[
            -17.654431223869324,
            -0.7663667052984238,
            2.570240557193756
          ],
          "to":[
            -15.818890690803528,
            0.1099870353937149,
            3.3075228333473206
          ],
          "rotationOrigin":[
            -16.736660957336426,
            -0.32818983495235443,
            2.9388816952705383
          ],
          "rotationX":-4.860531602877031e-06,
          "rotationY":-179.99973180138954,
          "rotationZ":-3.844172618195277,
          "group":"crude_metal_metalhead",
          "faces":{
            "north":{
              "texture":"#material",
              "uv":[
                6.0,
                17.0,
                9.0,
                19.0
              ],
              "autoUv":false
            },
            "east":{
              "texture":"#material",
              "uv":[
                8.0,
                15.0,
                10.0,
                17.0
              ],
              "autoUv":false
            },
            "south":{
              "texture":"#material",
              "uv":[
                9.0,
                17.0,
                6.0,
                19.0
              ],
              "autoUv":false
            },
            "west":{
              "texture":"#material",
              "uv":[
                27.214038848876953,
                4.491336822509766,
                27.214040756225586,
                11.508686065673828
              ],
              "autoUv":false
            },
            "up":{
              "texture":"#material",
              "uv":[
                5.999999046325684,
                14.0,
                8.000000953674316,
                17.0
              ],
              "autoUv":false,
              "rotation":90
            },
            "down":{
              "texture":"#material",
              "uv":[
                5.999999046325684,
                17.0,
                8.000000953674316,
                14.0
              ],
              "autoUv":false,
              "rotation":90
            }
          },
          "children":[]
        },
        {
          "name":"crude_metal_metalhead 14",
          "from":[
            -15.055098474025726,
            -0.645829826593399,
            2.121769607067108
          ],
          "to":[
            -13.975331366062164,
            0.23133912682533264,
            2.8590516448020935
          ],
          "rotationOrigin":[
            -14.515214920043945,
            -0.2072453498840332,
            2.490410625934601
          ],
          "rotationX":178.25713197806584,
          "rotationY":-33.71028253538204,
          "rotationZ":-3.13815111817328,
          "group":"crude_metal_metalhead",
          "faces":{
            "north":{
              "texture":"#material",
              "uv":[
                11.0,
                17.0,
                13.0,
                19.0
              ],
              "autoUv":false,
              "rotation":180
            },
            "east":{
              "texture":"#material",
              "uv":[
                17.07863998413086,
                4.4913330078125,
                17.07863998413086,
                11.508682250976562
              ],
              "autoUv":false,
              "rotation":180
            },
            "south":{
              "texture":"#material",
              "uv":[
                13.0,
                17.0,
                11.0,
                19.0
              ],
              "autoUv":false,
              "rotation":180
            },
            "west":{
              "texture":"#material",
              "uv":[
                22.613344192504883,
                4.491331100463867,
                22.613344192504883,
                11.508684158325195
              ],
              "autoUv":false,
              "rotation":180
            },
            "up":{
              "texture":"#material",
              "uv":[
                13.000001907348633,
                16.0,
                11.0,
                17.0
              ],
              "autoUv":false,
              "rotation":270
            },
            "down":{
              "texture":"#material",
              "uv":[
                13.000001907348633,
                17.0,
                11.0,
                16.0
              ],
              "autoUv":false,
              "rotation":270
            }
          },
          "children":[]
        },
        {
          "name":"crude_metal_metalhead 15",
          "from":[
            1.923379436135292,
            -0.5774794816970825,
            0.3611348420381546
          ],
          "to":[
            2.2947163432836533,
            1.102216362953186,
            0.7324717491865158
          ],
          "rotationOrigin":[
            2.1090478897094727,
            0.26236844062805176,
            0.5468032956123352
          ],
          "rotationY":46.76727513393945,
          "group":"crude_metal_metalhead",
          "faces":{
            "north":{
              "texture":"#material",
              "uv":[
                23.000003814697266,
                11.999996185302734,
                22.000003814697266,
                14.999994277954102
              ],
              "autoUv":false
            },
            "east":{
              "texture":"#material",
              "uv":[
                17.00000762939453,
                7.999998092651367,
                17.9999942779541,
                11.000001907348633
              ],
              "autoUv":false
            },
            "south":{
              "texture":"#material",
              "uv":[
                21.999996185302734,
                11.999992370605469,
                23.000003814697266,
                14.999996185302734
              ],
              "autoUv":false
            },
            "west":{
              "texture":"#material",
              "uv":[
                24.000003814697266,
                11.999998092651367,
                25.0,
                15.0
              ],
              "autoUv":false
            },
            "up":{
              "texture":"#material",
              "uv":[
                23.0,
                10.0,
                24.0,
                11.0
              ],
              "autoUv":false,
              "rotation":90
            },
            "down":{
              "texture":"#material",
              "uv":[
                23.0,
                11.0,
                24.0,
                10.0
              ],
              "autoUv":false,
              "rotation":90
            }
          },
          "children":[]
        },
        {
          "name":"crude_metal_metalhead 16",
          "from":[
            3.0357203632593155,
            -0.5774794816970825,
            0.3611348420381546
          ],
          "to":[
            3.4070572704076767,
            1.102216362953186,
            0.7324717491865158
          ],
          "rotationOrigin":[
            3.221388816833496,
            0.26236844062805176,
            0.5468032956123352
          ],
          "rotationY":63.504469279948104,
          "group":"crude_metal_metalhead",
          "faces":{
            "north":{
              "texture":"#material",
              "uv":[
                23.000003814697266,
                11.999996185302734,
                22.000003814697266,
                14.999994277954102
              ],
              "autoUv":false
            },
            "east":{
              "texture":"#material",
              "uv":[
                17.00000762939453,
                7.999998092651367,
                17.9999942779541,
                11.000001907348633
              ],
              "autoUv":false
            },
            "south":{
              "texture":"#material",
              "uv":[
                21.999996185302734,
                11.999992370605469,
                23.000003814697266,
                15.0
              ],
              "autoUv":false
            },
            "west":{
              "texture":"#material",
              "uv":[
                24.000003814697266,
                11.999998092651367,
                25.0,
                15.0
              ],
              "autoUv":false
            },
            "up":{
              "texture":"#material",
              "uv":[
                23.0,
                10.0,
                24.0,
                11.0
              ],
              "autoUv":false,
              "rotation":90
            },
            "down":{
              "texture":"#material",
              "uv":[
                23.0,
                11.0,
                24.0,
                10.0
              ],
              "autoUv":false,
              "rotation":90
            }
          },
          "children":[]
        },
        {
          "name":"crude_metal_metalhead 17",
          "from":[
            1.4964746236801147,
            -0.47798722982406616,
            0.2061523199081421
          ],
          "to":[
            4.932181000709534,
            1.0027239918708801,
            0.9126923084259033
          ],
          "rotationOrigin":[
            3.214327812194824,
            0.262368381023407,
            0.5594223141670227
          ],
          "group":"crude_metal_metalhead",
          "faces":{
            "north":{
              "texture":"#material",
              "uv":[
                18.0,
                16.000000953674316,
                14.996274948120117,
                22.0
              ],
              "autoUv":false,
              "rotation":90
            },
            "east":{
              "texture":"#material",
              "uv":[
                4.0,
                10.05451774597168,
                5.0,
                13.022533416748047
              ],
              "autoUv":false
            },
            "south":{
              "texture":"#material",
              "uv":[
                14.996274948120117,
                16.000000953674316,
                18.0,
                22.0
              ],
              "autoUv":false,
              "rotation":270
            },
            "west":{
              "texture":"#material",
              "uv":[
                25.47951889038086,
                22.670263290405273,
                26.47951889038086,
                25.638275146484375
              ],
              "autoUv":false
            },
            "up":{
              "texture":"#material",
              "uv":[
                20.0,
                15.0,
                18.0,
                22.0
              ],
              "autoUv":false,
              "rotation":270
            },
            "down":{
              "texture":"#material",
              "uv":[
                20.0,
                22.0,
                18.0,
                15.0
              ],
              "autoUv":false,
              "rotation":270
            }
          },
          "children":[]
        },
        {
          "name":"crude_metal_metalhead 18",
          "from":[
            1.246674805879593,
            -0.47545039653778076,
            0.30962352454662323
          ],
          "to":[
            1.7462737262248993,
            1.0001871585845947,
            0.8092211037874222
          ],
          "rotationOrigin":[
            1.496474266052246,
            0.262368381023407,
            0.5594223141670227
          ],
          "rotationY":-45.00000125223908,
          "group":"crude_metal_metalhead",
          "faces":{
            "north":{
              "texture":"#material",
              "uv":[
                20.60757827758789,
                24.372376441955566,
                19.608243942260742,
                27.324047565460205
              ],
              "autoUv":false
            },
            "east":{
              "texture":"#material",
              "uv":[
                4.29289436340332,
                10.059602737426758,
                5.0,
                13.017450332641602
              ],
              "autoUv":false
            },
            "south":{
              "texture":"#material",
              "uv":[
                15.003725051879883,
                15.0,
                18.0,
                16.000000953674316
              ],
              "autoUv":false,
              "rotation":270
            },
            "west":{
              "texture":"#material",
              "uv":[
                18.0,
                15.0,
                15.003725051879883,
                16.000000953674316
              ],
              "autoUv":false,
              "rotation":90
            },
            "up":{
              "texture":"#material",
              "uv":[
                20.0,
                15.0,
                18.0,
                16.000000953674316
              ],
              "autoUv":false,
              "rotation":270
            },
            "down":{
              "texture":"#material",
              "uv":[
                20.0,
                16.0,
                18.0,
                15.0
              ],
              "autoUv":false,
              "rotation":270
            }
          },
          "children":[]
        },
        {
          "name":"crude_metal_metalhead 19",
          "from":[
            4.448100581765175,
            -0.5774794816970825,
            0.3611367493867874
          ],
          "to":[
            4.819437488913536,
            1.102216362953186,
            0.7324736565351486
          ],
          "rotationOrigin":[
            4.6337690353393555,
            0.26236844062805176,
            0.546805202960968
          ],
          "rotationY":-33.59999888594843,
          "group":"crude_metal_metalhead",
          "faces":{
            "north":{
              "texture":"#material",
              "uv":[
                28.000001907348633,
                25.999995231628418,
                27.0000057220459,
                28.999993801116943
              ],
              "autoUv":false
            },
            "east":{
              "texture":"#material",
              "uv":[
                23.00000762939453,
                20.999999046325684,
                23.9999942779541,
                24.000000953674316
              ],
              "autoUv":false
            },
            "south":{
              "texture":"#material",
              "uv":[
                26.9999942779541,
                25.999991416931152,
                28.000001907348633,
                28.999999523162842
              ],
              "autoUv":false
            },
            "west":{
              "texture":"#material",
              "uv":[
                30.000003814697266,
                25.999999046325684,
                31.0,
                29.0
              ],
              "autoUv":false
            },
            "up":{
              "texture":"#material",
              "uv":[
                29.0,
                23.0,
                30.0,
                24.0
              ],
              "autoUv":false,
              "rotation":90
            },
            "down":{
              "texture":"#material",
              "uv":[
                29.0,
                24.0,
                30.0,
                23.0
              ],
              "autoUv":false,
              "rotation":90
            }
          },
          "children":[]
        },
        {
          "name":"crude_metal_metalhead 20",
          "from":[
            7.652589648962021,
            0.6477920711040497,
            0.42754673957824707
          ],
          "to":[
            7.892187267541885,
            0.9116418659687042,
            0.6660636737942696
          ],
          "rotationOrigin":[
            7.772388458251953,
            0.779716968536377,
            0.546805202960968
          ],
          "rotationX":5.870917067756606e-15,
          "rotationY":1.4356197656100738e-15,
          "rotationZ":27.50000304198694,
          "group":"crude_metal_metalhead",
          "faces":{
            "north":{
              "texture":"#material",
              "uv":[
                17.0,
                13.0,
                16.0,
                14.0
              ],
              "autoUv":false
            },
            "east":{
              "texture":"#material",
              "uv":[
                13.0,
                11.000001907348633,
                14.0,
                12.0
              ],
              "autoUv":false
            },
            "south":{
              "texture":"#material",
              "uv":[
                16.0,
                13.0,
                17.0,
                14.0
              ],
              "autoUv":false
            },
            "west":{
              "texture":"#material",
              "uv":[
                18.0,
                13.0,
                18.999998092651367,
                13.961851119995117
              ],
              "autoUv":false
            },
            "up":{
              "texture":"#material",
              "uv":[
                17.552331924438477,
                11.734773635864258,
                17.869321823120117,
                12.455570220947266
              ],
              "autoUv":false,
              "rotation":90
            },
            "down":{
              "texture":"#material",
              "uv":[
                17.552331924438477,
                12.30440902709961,
                17.869319915771484,
                11.583610534667969
              ],
              "autoUv":false,
              "rotation":90
            }
          },
          "children":[]
        },
        {
          "name":"crude_metal_metalhead 21",
          "from":[
            7.699973896145821,
            0.4540870785713196,
            0.4270063787698746
          ],
          "to":[
            7.9395715445280075,
            0.7179369330406189,
            0.6666040346026421
          ],
          "rotationOrigin":[
            7.819772720336914,
            0.5860120058059692,
            0.546805202960968
          ],
          "group":"crude_metal_metalhead",
          "faces":{
            "north":{
              "texture":"#material",
              "uv":[
                14.000001907348633,
                13.0,
                13.000001907348633,
                14.0
              ],
              "autoUv":false
            },
            "east":{
              "texture":"#material",
              "uv":[
                13.0,
                11.0,
                14.0,
                12.0
              ],
              "autoUv":false
            },
            "south":{
              "texture":"#material",
              "uv":[
                13.000001907348633,
                13.0,
                14.000001907348633,
                14.0
              ],
              "autoUv":false
            },
            "west":{
              "texture":"#material",
              "uv":[
                15.0,
                12.0,
                16.0,
                13.0
              ],
              "autoUv":false
            },
            "up":{
              "texture":"#material",
              "uv":[
                17.551612854003906,
                11.734773635864258,
                17.870040893554688,
                12.455572128295898
              ],
              "autoUv":false,
              "rotation":90
            },
            "down":{
              "texture":"#material",
              "uv":[
                17.551612854003906,
                12.30440902709961,
                17.870038986206055,
                11.583612442016602
              ],
              "autoUv":false,
              "rotation":90
            }
          },
          "children":[]
        },
        {
          "name":"crude_metal_metalhead 22",
          "from":[
            7.529797121882439,
            0.8498065695166588,
            0.3611367493867874
          ],
          "to":[
            7.901133969426155,
            0.9285983815789223,
            0.7324736565351486
          ],
          "rotationOrigin":[
            7.715465545654297,
            0.8892024755477905,
            0.546805202960968
          ],
          "rotationX":5.870917067756606e-15,
          "rotationY":1.4356197656100738e-15,
          "rotationZ":27.50000304198694,
          "group":"crude_metal_metalhead",
          "faces":{
            "north":{
              "texture":"#material",
              "uv":[
                22.0,
                11.999998092651367,
                21.0,
                13.0
              ],
              "autoUv":false
            },
            "east":{
              "texture":"#material",
              "uv":[
                17.0,
                8.0,
                18.0,
                9.0
              ],
              "autoUv":false
            },
            "south":{
              "texture":"#material",
              "uv":[
                21.0,
                11.999998092651367,
                22.0,
                13.0
              ],
              "autoUv":false
            },
            "west":{
              "texture":"#material",
              "uv":[
                24.0,
                13.0,
                24.999998092651367,
                14.000001907348633
              ],
              "autoUv":false
            },
            "up":{
              "texture":"#material",
              "uv":[
                23.0,
                10.0,
                24.0,
                11.0
              ],
              "autoUv":false,
              "rotation":90
            },
            "down":{
              "texture":"#material",
              "uv":[
                23.0,
                11.0,
                24.0,
                10.0
              ],
              "autoUv":false,
              "rotation":90
            }
          },
          "children":[]
        }
      ]
    }
  ],
  "groups":[]
}