{
  "textureWidth":16,
  "textureHeight":16,
  "textures":{
    "material":"game:block/metal/ingot/copper",
    "wood":"game:block/wood/debarked/veryaged"
  },
  "textureSizes":{
    "material":[
      32,
      32
    ],
    "wood":[
      32,
      32
    ]
  },
  "elements":[
    {
      "name":"origin",
      "from":[
        11.0,
        0.5,
        7.699999988079071
      ],
      "to":[
        11.0,
        0.5,
        7.699999988079071
      ],
      "rotationOrigin":[
        8.0,
        0.0,
        8.0
      ],
      "group":"crude_metal_stonehead",
      "faces":{
        "north":{
          "texture":"#0",
          "uv":[
            0,
            0,
            4,
            4
          ],
          "autoUv":false
        },
        "east":{
          "texture":"#0",
          "uv":[
            0,
            0,
            4,
            4
          ],
          "autoUv":false
        },
        "south":{
          "texture":"#0",
          "uv":[
            0,
            0,
            4,
            4
          ],
          "autoUv":false
        },
        "west":{
          "texture":"#0",
          "uv":[
            0,
            0,
            4,
            4
          ],
          "autoUv":false
        },
        "up":{
          "texture":"#material",
          "uv":[
            0.0,
            0.0,
            1.0,
            1.0
          ],
          "autoUv":false,
          "rotation":180
        },
        "down":{
          "texture":"#0",
          "uv":[
            0,
            0,
            4,
            4
          ],
          "autoUv":false
        }
      },
      "children":[
        {
          "name":"crude_metal_stonehead 01",
          "from":[
            3.017374038696289,
            0.04937588748115829,
            -0.2518616558672875
          ],
          "to":[
            4.563442230224609,
            0.47883892479758927,
            1.3455350042941063
          ],
          "rotationOrigin":[
            3.790408134460449,
            0.2641074061393738,
            0.5468366742134094
          ],
          "rotationX":89.03185051038554,
          "rotationY":-0.016017153789436914,
          "rotationZ":90.0001800893966,
          "group":"crude_metal_stonehead",
          "faces":{
            "north":{
              "texture":"#material",
              "uv":[
                11.0,
                2.0,
                14.0,
                3.0
              ],
              "autoUv":false
            },
            "east":{
              "texture":"#material",
              "uv":[
                6.0,
                9.0,
                9.0,
                10.0
              ],
              "autoUv":false,
              "rotation":180
            },
            "south":{
              "texture":"#material",
              "uv":[
                11.0,
                4.000001907348633,
                14.0,
                5.0
              ],
              "autoUv":false,
              "rotation":180
            },
            "west":{
              "texture":"#material",
              "uv":[
                1.0,
                15.0,
                4.0,
                16.0
              ],
              "autoUv":false
            },
            "up":{
              "texture":"#material",
              "uv":[
                2.0008692741394043,
                6.0,
                4.999130725860596,
                9.0
              ],
              "autoUv":false
            },
            "down":{
              "texture":"#material",
              "uv":[
                9.000868797302246,
                14.0,
                5.999131202697754,
                11.0
              ],
              "autoUv":false,
              "rotation":180
            }
          },
          "children":[]
        },
        {
          "name":"crude_metal_stonehead 02",
          "from":[
            2.4652296900749207,
            0.05533546209335327,
            -0.26794594526290894
          ],
          "to":[
            4.070964157581329,
            0.48479872941970825,
            1.320561707019806
          ],
          "rotationOrigin":[
            3.268096923828125,
            0.27006709575653076,
            0.5263078808784485
          ],
          "rotationX":87.968608622668,
          "rotationY":0.2031676320804523,
          "rotationZ":111.0260841662021,
          "group":"crude_metal_stonehead",
          "faces":{
            "north":{
              "texture":"#material",
              "uv":[
                10.0,
                1.0,
                14.0,
                2.0
              ],
              "autoUv":false
            },
            "east":{
              "texture":"#material",
              "uv":[
                10.0,
                11.000791549682617,
                13.0,
                12.0
              ],
              "autoUv":false,
              "rotation":180
            },
            "south":{
              "texture":"#material",
              "uv":[
                17.000001907348633,
                1.0,
                21.0,
                2.0
              ],
              "autoUv":false,
              "rotation":180
            },
            "west":{
              "texture":"#material",
              "uv":[
                20.0,
                5.0,
                23.0,
                6.000789642333984
              ],
              "autoUv":false
            },
            "up":{
              "texture":"#material",
              "uv":[
                12.001611709594727,
                4.0,
                15.99838924407959,
                6.999998092651367
              ],
              "autoUv":false
            },
            "down":{
              "texture":"#material",
              "uv":[
                10.0,
                15.0,
                5.998388767242432,
                12.0
              ],
              "autoUv":false,
              "rotation":180
            }
          },
          "children":[]
        },
        {
          "name":"crude_metal_stonehead 03",
          "from":[
            4.894226640462875,
            -0.6283267736434937,
            -0.32394570112228394
          ],
          "to":[
            5.313292890787125,
            1.1856449842453003,
            1.3523191213607788
          ],
          "rotationOrigin":[
            5.103759765625,
            0.2786591053009033,
            0.514186680316925
          ],
          "rotationY":-171.92009612650634,
          "group":"crude_metal_stonehead",
          "faces":{
            "north":{
              "texture":"#material",
              "uv":[
                21.0,
                3.0,
                24.0,
                4.0
              ],
              "autoUv":false,
              "rotation":90
            },
            "east":{
              "texture":"#material",
              "uv":[
                4.0,
                2.0,
                8.0,
                5.0
              ],
              "autoUv":false
            },
            "south":{
              "texture":"#material",
              "uv":[
                6.0,
                3.0,
                9.0,
                4.0
              ],
              "autoUv":false,
              "rotation":90
            },
            "west":{
              "texture":"#material",
              "uv":[
                8.0,
                7.0,
                12.0,
                10.0
              ],
              "autoUv":false
            },
            "up":{
              "texture":"#material",
              "uv":[
                4.0,
                2.0,
                5.0,
                6.0
              ],
              "autoUv":false
            },
            "down":{
              "texture":"#material",
              "uv":[
                5.0,
                6.0,
                4.0,
                2.0
              ],
              "autoUv":false,
              "rotation":180
            }
          },
          "children":[]
        },
        {
          "name":"crude_metal_stonehead 04",
          "from":[
            4.554487705230713,
            0.036135936613611364,
            -0.418728768825531
          ],
          "to":[
            6.2103705406188965,
            0.45006475365585885,
            1.375685214996338
          ],
          "rotationOrigin":[
            5.382429122924805,
            0.2431003451347351,
            0.47847825288772583
          ],
          "rotationX":88.04107692976183,
          "rotationY":0.07912357938807224,
          "rotationZ":116.08629128450858,
          "group":"crude_metal_stonehead",
          "faces":{
            "north":{
              "texture":"#material",
              "uv":[
                10.0,
                3.0,
                14.0,
                4.0
              ],
              "autoUv":false
            },
            "east":{
              "texture":"#material",
              "uv":[
                1.0,
                1.00091552734375,
                3.999999523162842,
                1.99908447265625
              ],
              "autoUv":false,
              "rotation":180
            },
            "south":{
              "texture":"#material",
              "uv":[
                13.0,
                3.0,
                17.0,
                4.0
              ],
              "autoUv":false,
              "rotation":180
            },
            "west":{
              "texture":"#material",
              "uv":[
                5.000937461853027,
                0.9999980926513672,
                8.0,
                2.0
              ],
              "autoUv":false
            },
            "up":{
              "texture":"#material",
              "uv":[
                1.0,
                0.0,
                4.997188568115234,
                2.999998092651367
              ],
              "autoUv":false
            },
            "down":{
              "texture":"#material",
              "uv":[
                5.001874923706055,
                10.0,
                1.0,
                7.0
              ],
              "autoUv":false,
              "rotation":180
            }
          },
          "children":[]
        },
        {
          "name":"crude_metal_stonehead 05",
          "from":[
            3.768162727355957,
            0.02509830753315434,
            -0.3359750644467212
          ],
          "to":[
            5.484349250793457,
            0.5018164082337524,
            1.4371881620190479
          ],
          "rotationOrigin":[
            4.626255989074707,
            0.26345735788345337,
            0.5506065487861633
          ],
          "rotationX":89.03185051038554,
          "rotationY":-0.016017153789436914,
          "rotationZ":90.0001800893966,
          "group":"crude_metal_stonehead",
          "faces":{
            "north":{
              "texture":"#material",
              "uv":[
                10.0,
                2.0,
                13.0,
                3.0
              ],
              "autoUv":false
            },
            "east":{
              "texture":"#material",
              "uv":[
                3.0,
                2.0,
                6.0,
                3.0
              ],
              "autoUv":false,
              "rotation":180
            },
            "south":{
              "texture":"#material",
              "uv":[
                6.0,
                4.000001907348633,
                9.0,
                5.0
              ],
              "autoUv":false,
              "rotation":180
            },
            "west":{
              "texture":"#material",
              "uv":[
                1.0,
                8.0,
                4.0,
                9.0
              ],
              "autoUv":false
            },
            "up":{
              "texture":"#material",
              "uv":[
                1.0,
                7.0,
                4.0,
                10.0
              ],
              "autoUv":false
            },
            "down":{
              "texture":"#material",
              "uv":[
                8.0,
                7.999998092651367,
                5.0,
                5.0
              ],
              "autoUv":false,
              "rotation":180
            }
          },
          "children":[]
        },
        {
          "name":"crude_metal_stonehead 06",
          "from":[
            -17.611315459012985,
            -0.786490620451648,
            -2.6623048186302185
          ],
          "to":[
            -16.611315995454788,
            0.19221794732161257,
            3.739746630191803
          ],
          "rotationOrigin":[
            -17.111315727233887,
            -0.2971363365650177,
            0.5387209057807922
          ],
          "rotationX":-3.4079496311227564e-09,
          "rotationY":-2.634909396872499,
          "rotationZ":3.100003871328524,
          "group":"crude_metal_stonehead",
          "faces":{
            "north":{
              "texture":"#wood",
              "uv":[
                2.0,
                17.0,
                4.0,
                19.0
              ],
              "autoUv":false
            },
            "east":{
              "texture":"#wood",
              "uv":[
                25.0,
                15.0,
                15.0,
                17.0
              ],
              "autoUv":false
            },
            "south":{
              "texture":"#wood",
              "uv":[
                6.0,
                10.0,
                8.0,
                12.0
              ],
              "autoUv":false
            },
            "west":{
              "texture":"#wood",
              "uv":[
                15.0,
                15.0,
                25.0,
                17.0
              ],
              "autoUv":false
            },
            "up":{
              "texture":"#wood",
              "uv":[
                14.0,
                10.0,
                23.0,
                12.0
              ],
              "autoUv":false,
              "rotation":90
            },
            "down":{
              "texture":"#wood",
              "uv":[
                25.0,
                13.0,
                16.0,
                11.0
              ],
              "autoUv":false,
              "rotation":270
            }
          },
          "children":[]
        },
        {
          "name":"crude_metal_stonehead 07",
          "from":[
            -16.904736787080765,
            -0.9957553446292877,
            -0.24981036949588287
          ],
          "to":[
            -16.49586746096611,
            0.4761742055416107,
            1.2221172170682095
          ],
          "rotationOrigin":[
            -16.700302124023438,
            -0.2597905695438385,
            0.48615342378616333
          ],
          "rotationX":1.0010185442136115,
          "rotationY":-2.5845085772133287,
          "rotationZ":3.1460177885498424,
          "group":"crude_metal_stonehead",
          "faces":{
            "north":{
              "texture":"#material",
              "uv":[
                2.0,
                1.0,
                5.0,
                2.0
              ],
              "autoUv":false,
              "rotation":90
            },
            "east":{
              "texture":"#material",
              "uv":[
                0.0,
                4.0,
                3.0,
                7.0
              ],
              "autoUv":false
            },
            "south":{
              "texture":"#material",
              "uv":[
                0.0,
                5.0,
                3.0,
                6.0
              ],
              "autoUv":false,
              "rotation":90
            },
            "west":{
              "texture":"#material",
              "uv":[
                4.0,
                5.0,
                7.0,
                8.0
              ],
              "autoUv":false
            },
            "up":{
              "texture":"#material",
              "uv":[
                9.0,
                0.0,
                12.0,
                1.0
              ],
              "autoUv":false,
              "rotation":90
            },
            "down":{
              "texture":"#material",
              "uv":[
                8.0,
                5.0,
                5.0,
                4.0
              ],
              "autoUv":false,
              "rotation":270
            }
          },
          "children":[]
        },
        {
          "name":"crude_metal_stonehead 08",
          "from":[
            -17.33710691332817,
            -0.8609306812286377,
            -0.30930310223428137
          ],
          "to":[
            -16.928237706422806,
            0.3656773567199707,
            1.7350420329364908
          ],
          "rotationOrigin":[
            -17.13267230987549,
            -0.2476266622543335,
            0.7128694653511047
          ],
          "rotationX":3.690272234495611,
          "rotationY":-29.62958943085251,
          "rotationZ":3.6902696731746722,
          "group":"crude_metal_stonehead",
          "faces":{
            "north":{
              "texture":"#material",
              "uv":[
                0.0,
                1.0,
                3.0,
                2.0
              ],
              "autoUv":false,
              "rotation":90
            },
            "east":{
              "texture":"#material",
              "uv":[
                0.0,
                0.0,
                5.0,
                3.0
              ],
              "autoUv":false
            },
            "south":{
              "texture":"#material",
              "uv":[
                4.0,
                1.0,
                7.0,
                2.0
              ],
              "autoUv":false,
              "rotation":90
            },
            "west":{
              "texture":"#material",
              "uv":[
                0.0,
                8.0,
                5.0,
                11.0
              ],
              "autoUv":false
            },
            "up":{
              "texture":"#material",
              "uv":[
                10.0,
                3.0,
                15.0,
                4.0
              ],
              "autoUv":false,
              "rotation":90
            },
            "down":{
              "texture":"#material",
              "uv":[
                18.0,
                4.0,
                13.0,
                3.0
              ],
              "autoUv":false,
              "rotation":270
            }
          },
          "children":[]
        },
        {
          "name":"crude_metal_stonehead 09",
          "from":[
            -17.33437669277191,
            -0.8316037952899933,
            -0.6882190108299255
          ],
          "to":[
            -16.925585389137268,
            0.40158435702323914,
            1.3557963967323303
          ],
          "rotationOrigin":[
            -17.12998104095459,
            -0.21500971913337708,
            0.3337886929512024
          ],
          "rotationX":-2.4111103513108034,
          "rotationY":22.267478788657506,
          "rotationZ":3.3378342598795414,
          "group":"crude_metal_stonehead",
          "faces":{
            "north":{
              "texture":"#material",
              "uv":[
                17.0,
                1.0,
                20.0,
                2.0
              ],
              "autoUv":false,
              "rotation":90
            },
            "east":{
              "texture":"#material",
              "uv":[
                0.0,
                0.0,
                5.0,
                3.0
              ],
              "autoUv":false
            },
            "south":{
              "texture":"#material",
              "uv":[
                2.0,
                1.0,
                5.0,
                2.0
              ],
              "autoUv":false,
              "rotation":90
            },
            "west":{
              "texture":"#material",
              "uv":[
                4.0,
                5.0,
                9.0,
                8.0
              ],
              "autoUv":false
            },
            "up":{
              "texture":"#material",
              "uv":[
                0.0,
                0.0,
                1.0,
                5.0
              ],
              "autoUv":false
            },
            "down":{
              "texture":"#material",
              "uv":[
                1.0,
                5.0,
                0.0,
                0.0
              ],
              "autoUv":false,
              "rotation":180
            }
          },
          "children":[]
        },
        {
          "name":"crude_metal_stonehead 10",
          "from":[
            -17.073243355222388,
            -0.8518659174442291,
            0.08412909507751465
          ],
          "to":[
            -16.664374137453393,
            0.3747421205043793,
            1.719606339931488
          ],
          "rotationOrigin":[
            -16.86880874633789,
            -0.23856189846992493,
            0.901867687702179
          ],
          "rotationX":-7.1924888705732615,
          "rotationY":69.38872506123828,
          "rotationZ":9.532742199104117,
          "group":"crude_metal_stonehead",
          "faces":{
            "north":{
              "texture":"#material",
              "uv":[
                10.0,
                11.0,
                13.0,
                12.0
              ],
              "autoUv":false,
              "rotation":90
            },
            "east":{
              "texture":"#material",
              "uv":[
                12.0,
                4.0,
                16.0,
                7.0
              ],
              "autoUv":false
            },
            "south":{
              "texture":"#material",
              "uv":[
                20.0,
                5.0,
                23.0,
                6.0
              ],
              "autoUv":false,
              "rotation":90
            },
            "west":{
              "texture":"#material",
              "uv":[
                6.0,
                12.0,
                10.0,
                15.0
              ],
              "autoUv":false
            },
            "up":{
              "texture":"#material",
              "uv":[
                10.0,
                1.0,
                14.0,
                2.0
              ],
              "autoUv":false,
              "rotation":90
            },
            "down":{
              "texture":"#material",
              "uv":[
                21.0,
                2.0,
                17.0,
                1.0
              ],
              "autoUv":false,
              "rotation":270
            }
          },
          "children":[]
        },
        {
          "name":"crude_metal_stonehead 11",
          "from":[
            -16.071303486824036,
            -0.9502998292446136,
            -0.2429517724826482
          ],
          "to":[
            -15.662434458732605,
            0.5216297209262848,
            1.392523787291303
          ],
          "rotationOrigin":[
            -15.86686897277832,
            -0.21433505415916443,
            0.5747860074043274
          ],
          "rotationX":3.950000849855924,
          "rotationY":-31.999999752116263,
          "rotationZ":3.700000985194648,
          "group":"crude_metal_stonehead",
          "faces":{
            "north":{
              "texture":"#material",
              "uv":[
                0.0,
                1.0,
                3.0,
                2.0
              ],
              "autoUv":false,
              "rotation":90
            },
            "east":{
              "texture":"#material",
              "uv":[
                0.0,
                0.0,
                4.0,
                3.0
              ],
              "autoUv":false
            },
            "south":{
              "texture":"#material",
              "uv":[
                4.0,
                1.0,
                7.0,
                2.0
              ],
              "autoUv":false,
              "rotation":90
            },
            "west":{
              "texture":"#material",
              "uv":[
                0.0,
                8.0,
                4.0,
                11.0
              ],
              "autoUv":false
            },
            "up":{
              "texture":"#material",
              "uv":[
                10.0,
                3.0,
                14.0,
                4.0
              ],
              "autoUv":false,
              "rotation":90
            },
            "down":{
              "texture":"#material",
              "uv":[
                17.0,
                4.0,
                13.0,
                3.0
              ],
              "autoUv":false,
              "rotation":270
            }
          },
          "children":[]
        },
        {
          "name":"crude_metal_stonehead 12",
          "from":[
            -15.166314363479614,
            -0.8929893689198565,
            -0.29883873462677
          ],
          "to":[
            -14.757445096969604,
            0.5789383368535113,
            1.3366381525993347
          ],
          "rotationOrigin":[
            -14.96187973022461,
            -0.1570255160331726,
            0.5188997387886047
          ],
          "rotationX":0.33000139016195945,
          "rotationY":28.000001917535847,
          "rotationZ":3.5500023470583515,
          "group":"crude_metal_stonehead",
          "faces":{
            "north":{
              "texture":"#material",
              "uv":[
                10.0,
                11.0,
                13.0,
                12.0
              ],
              "autoUv":false,
              "rotation":90
            },
            "east":{
              "texture":"#material",
              "uv":[
                12.0,
                4.0,
                16.0,
                7.0
              ],
              "autoUv":false
            },
            "south":{
              "texture":"#material",
              "uv":[
                20.0,
                5.0,
                23.0,
                6.0
              ],
              "autoUv":false,
              "rotation":90
            },
            "west":{
              "texture":"#material",
              "uv":[
                6.0,
                12.0,
                10.0,
                15.0
              ],
              "autoUv":false
            },
            "up":{
              "texture":"#material",
              "uv":[
                10.0,
                1.0,
                14.0,
                2.0
              ],
              "autoUv":false,
              "rotation":90
            },
            "down":{
              "texture":"#material",
              "uv":[
                21.0,
                2.0,
                17.0,
                1.0
              ],
              "autoUv":false,
              "rotation":270
            }
          },
          "children":[]
        },
        {
          "name":"crude_metal_stonehead 13",
          "from":[
            -14.538522005081177,
            -0.8258044123649597,
            -0.19893282651901245
          ],
          "to":[
            -14.129652738571167,
            0.6461250185966492,
            1.2729966640472412
          ],
          "rotationOrigin":[
            -14.334087371826172,
            -0.08983969688415527,
            0.5370319485664368
          ],
          "rotationX":1.5999996674406958,
          "rotationY":-10.900001783194453,
          "rotationZ":3.19999912143798,
          "group":"crude_metal_stonehead",
          "faces":{
            "north":{
              "texture":"#material",
              "uv":[
                2.0,
                1.0,
                5.0,
                2.0
              ],
              "autoUv":false,
              "rotation":90
            },
            "east":{
              "texture":"#material",
              "uv":[
                0.0,
                4.0,
                3.0,
                7.0
              ],
              "autoUv":false
            },
            "south":{
              "texture":"#material",
              "uv":[
                0.0,
                5.0,
                3.0,
                6.0
              ],
              "autoUv":false,
              "rotation":90
            },
            "west":{
              "texture":"#material",
              "uv":[
                4.0,
                5.0,
                7.0,
                8.0
              ],
              "autoUv":false
            },
            "up":{
              "texture":"#material",
              "uv":[
                9.0,
                0.0,
                12.0,
                1.0
              ],
              "autoUv":false,
              "rotation":90
            },
            "down":{
              "texture":"#material",
              "uv":[
                8.0,
                5.0,
                5.0,
                4.0
              ],
              "autoUv":false,
              "rotation":270
            }
          },
          "children":[]
        },
        {
          "name":"crude_metal_stonehead 14",
          "from":[
            -13.603680555340365,
            -0.8619482815265656,
            -0.17533981800079346
          ],
          "to":[
            -13.1756258564028,
            0.645420640707016,
            1.2407137751579285
          ],
          "rotationOrigin":[
            -13.389653205871582,
            -0.10826382040977478,
            0.5326870083808899
          ],
          "rotationX":-0.15999978264912712,
          "rotationY":2.900000137618095,
          "rotationZ":3.100000456233939,
          "group":"crude_metal_stonehead",
          "faces":{
            "north":{
              "texture":"#material",
              "uv":[
                17.0,
                1.0,
                20.0,
                2.0
              ],
              "autoUv":false,
              "rotation":90
            },
            "east":{
              "texture":"#material",
              "uv":[
                0.0,
                0.0,
                4.0,
                3.0
              ],
              "autoUv":false
            },
            "south":{
              "texture":"#material",
              "uv":[
                2.0,
                1.0,
                5.0,
                2.0
              ],
              "autoUv":false,
              "rotation":90
            },
            "west":{
              "texture":"#material",
              "uv":[
                4.0,
                5.0,
                8.0,
                8.0
              ],
              "autoUv":false
            },
            "up":{
              "texture":"#material",
              "uv":[
                0.0,
                0.0,
                1.0,
                4.0
              ],
              "autoUv":false
            },
            "down":{
              "texture":"#material",
              "uv":[
                1.0,
                4.0,
                0.0,
                0.0
              ],
              "autoUv":false,
              "rotation":180
            }
          },
          "children":[]
        },
        {
          "name":"crude_metal_stonehead 15",
          "from":[
            4.100943684577942,
            -0.4291936755180359,
            -0.03713184595108032
          ],
          "to":[
            7.831589579582214,
            1.0914378762245178,
            1.1259776949882507
          ],
          "rotationOrigin":[
            5.966266632080078,
            0.33112210035324097,
            0.5444229245185852
          ],
          "rotationY":-6.830189170012751e-06,
          "group":"crude_metal_stonehead",
          "faces":{
            "north":{
              "texture":"#wood",
              "uv":[
                24.0,
                12.001476287841797,
                17.999998092651367,
                15.0
              ],
              "autoUv":false
            },
            "east":{
              "texture":"#wood",
              "uv":[
                8.0,
                10.0,
                4.0,
                12.0
              ],
              "autoUv":false
            },
            "south":{
              "texture":"#wood",
              "uv":[
                14.0,
                12.01468276977539,
                24.0,
                15.000001907348633
              ],
              "autoUv":false
            },
            "west":{
              "texture":"#wood",
              "uv":[
                18.0,
                12.0,
                14.0,
                15.0
              ],
              "autoUv":false
            },
            "up":{
              "texture":"#wood",
              "uv":[
                9.000001907348633,
                13.999324798583984,
                19.0,
                17.000676155090332
              ],
              "autoUv":false
            },
            "down":{
              "texture":"#wood",
              "uv":[
                8.999999046325684,
                17.000676155090332,
                19.0,
                13.99932861328125
              ],
              "autoUv":false,
              "rotation":180
            }
          },
          "children":[]
        },
        {
          "name":"crude_metal_stonehead 16",
          "from":[
            7.251072893204203,
            -0.31005453103581004,
            -0.036319077014923096
          ],
          "to":[
            8.412104716239448,
            0.8509788417200141,
            1.1251669526100159
          ],
          "rotationOrigin":[
            7.8315887451171875,
            0.27046215534210205,
            0.5444238781929016
          ],
          "rotationX":4.8296762531345925e-06,
          "rotationY":-4.8296786958005884e-06,
          "rotationZ":45.00000125223908,
          "group":"crude_metal_stonehead",
          "faces":{
            "north":{
              "texture":"#wood",
              "uv":[
                27.0,
                12.01468276977539,
                24.0,
                15.0
              ],
              "autoUv":false
            },
            "east":{
              "texture":"#wood",
              "uv":[
                15.999999046325684,
                14.000679016113281,
                19.0,
                16.9993257522583
              ],
              "autoUv":false,
              "rotation":90
            },
            "south":{
              "texture":"#wood",
              "uv":[
                24.0,
                12.01468276977539,
                27.000001907348633,
                15.0
              ],
              "autoUv":false
            },
            "west":{
              "texture":"#wood",
              "uv":[
                16.0,
                4.302942276000977,
                12.0,
                6.0
              ],
              "autoUv":false
            },
            "up":{
              "texture":"#wood",
              "uv":[
                15.999999046325684,
                15.30294418334961,
                12.0,
                17.0
              ],
              "autoUv":false,
              "rotation":90
            },
            "down":{
              "texture":"#wood",
              "uv":[
                15.999999046325684,
                16.9993257522583,
                19.0,
                14.000679016113281
              ],
              "autoUv":false,
              "rotation":180
            }
          },
          "children":[]
        },
        {
          "name":"crude_metal_stonehead 17",
          "from":[
            -16.730199813842773,
            -0.14483696222305298,
            -0.046957433223724365
          ],
          "to":[
            -13.41135025024414,
            1.1229424476623535,
            1.1358032822608948
          ],
          "rotationOrigin":[
            -3.0,
            -0.5,
            0.30000001192092896
          ],
          "rotationX":7.223796082348506e-16,
          "rotationY":2.0524994695461307e-17,
          "rotationZ":3.2499999481438815,
          "group":"crude_metal_stonehead",
          "faces":{
            "north":{
              "texture":"#wood",
              "uv":[
                7.450572490692139,
                21.0,
                1.0,
                24.0
              ],
              "autoUv":false
            },
            "east":{
              "texture":"#wood",
              "uv":[
                1.0,
                1.0,
                4.0,
                4.0
              ],
              "autoUv":false
            },
            "south":{
              "texture":"#wood",
              "uv":[
                1.0,
                21.0,
                7.450572490692139,
                24.000000953674316
              ],
              "autoUv":false
            },
            "west":{
              "texture":"#wood",
              "uv":[
                28.0,
                20.0,
                31.0,
                23.0
              ],
              "autoUv":false
            },
            "up":{
              "texture":"#wood",
              "uv":[
                21.0,
                9.0,
                14.20992374420166,
                12.0
              ],
              "autoUv":false
            },
            "down":{
              "texture":"#wood",
              "uv":[
                22.0,
                13.0,
                15.20992374420166,
                9.999998092651367
              ],
              "autoUv":false,
              "rotation":180
            }
          },
          "children":[]
        }
      ]
    }
  ],
  "groups":[]
}