[
  {
    // Hijacked by anvil workable behavior, ingot ingredient is not used directly
    "ingredient": {
      "type": "item",
      "code": "game:ingot-*",
      "recipeAttributes": {
        "nuggetRecipe": true
      },
      "name": "metal",
      "allowedVariants": [
        "copper",
        "tinbronze",
        "bismuthbronze",
        "blackbronze",
        "silver",
        "gold",
        "iron",
        "meteoriciron",
        "steel"
      ]
    },
    "pattern": [
      [
        "____",
        "_##_",
        "_#__",
        "____"
      ]
    ],
    "name": "1 Arrowhead",
    "output": {
      "type": "item",
      "code": "game:arrowhead-{metal}",
      "stacksize": 1
    }
  }
]
