[
{
	"enabled": true,
	"op": "addmerge",
	"path": "/attributesByType/claypot-blue-cooked/textureMapping",
	"value": { "fruit-redgrapes": ["fruit","fruit-redgrapes"], "fruit-greengrapes": ["fruit","fruit-greengrapes"] },
	"file": "game:blocktypes/clay/fired/pot.json",
	"side": "server"
},
{
	"enabled": true,
	"op": "addmerge",
	"path": "/textures",
	"value": { "fruit-redgrapes": { "base": "block/food/pie/fill-redgrapes" }, "fruit-greengrapes": { "base": "block/food/pie/fill-greengrapes" } },
	"file": "game:blocktypes/clay/fired/pot.json",
	"side": "server"
}
]