{
    "code": "waxwing_g",
    "class": "EntityAgent",
    "hitboxSize": {
        "x": 0.3,
        "y": 0.4
    },
    "deadHitboxSize": {
        "x": 0.5,
        "y": 0.25
    },
    "eyeHeight": 0.5,
    "weight": 35,
    "drops": [],
    "fallDamageMultiplier": 0.25,
    "attributes": {
        "basketCatchable": true,
        "trapChance": 0.7,
        "trapDestroyChance": 0.07,
        "creatureDiet": {
            "foodCategories": [
                "Fruit"
            ],
            "foodTags": [
                "lootableSweet",
                "sweetBerryBush"
            ],
            "skipFoodTags": [
                "honeycomb"
            ]
        },
        "handbook": {
            "groupcode": "thecritterpack:creaturegroup-waxwing"
        }
    },
    "client": {
        "renderer": "Shape",
        "shape": {
            "base": "entity/air/waxwing/waxwing3"
        },
        "texture": {
            "base": "entity/waxwing/waxwing_t"
        },
        "size": 1.2,
        "behaviors": [
            {
                "code": "repulseagents"
            },
            {
                "code": "controlledphysics",
                "stepHeight": 1.4551
            },
            {
                "code": "floatupwhenstuck",
                "onlyWhenDead": true
            },
            {
                "code": "interpolateposition"
            },
            {
                "code": "multiplybase"
            },
            {
                "code": "harvestable"
            },
            {
                "code": "despawn",
                "minPlayerDistance": 8,
                "belowLightLevel": 8,
                "minSeconds": 300
            }
        ],
        "animations": [
            {
                "code": "hurt",
                "animation": "hurt",
                "animationSpeed": 2.2,
                "weight": 10,
                "blendMode": "AddAverage"
            },
            {
                "code": "eat",
                "animation": "eat",
                "animationSpeed": 1,
                "weight": 4,
                "easeOutSpeed": 8,
                "easeInSpeed": 5,
                "blendMode": "AddAverage"
            },
            {
                "code": "idle",
                "animation": "idle",
                "blendMode": "AddAverage",
                "easeOutSpeed": 4,
                "triggeredBy": {
                    "defaultAnim": true
                }
            },
            {
                "code": "die",
                "animation": "death",
                "animationSpeed": 1.25,
                "weight": 10,
                "blendMode": "Average",
                "triggeredBy": {
                    "onControls": [
                        "dead"
                    ]
                }
            },
            {
                "code": "sleep",
                "animation": "sleep",
                "easeInSpeed": 4,
                "easeOutSpeed": 4,
                "blendMode": "Average"
            },
            {
                "code": "land",
                "animation": "fly",
                "triggeredBy": {
                    "onControls": [
                        "Fall"
                    ]
                },
                "blendMode": "Average"
            },
            {
                "code": "glide",
                "animation": "fly",
                "triggeredBy": {
                    "onControls": [
                        "Fly"
                    ]
                },
                "blendMode": "Average"
            },
            {
                "code": "sit",
                "animation": "sit",
                "easeInSpeed": 4,
                "easeOutSpeed": 4,
                "blendMode": "Average"
            }
        ]
    },
    "server": {
        "attributes": {
            "pathfinder": {
                "minTurnAnglePerSec": 720,
                "maxTurnAnglePerSec": 1440
            }
        },
        "behaviors": [
            {
                "code": "repulseagents"
            },
            {
                "code": "controlledphysics",
                "stepHeight": 1.4551
            },
            {
                "code": "despawn",
                "minPlayerDistance": 8,
                "belowLightLevel": 8,
                "minSeconds": 300
            },
            {
                "code": "health",
                "currenthealth": 3,
                "maxhealth": 3
            },
            {
                "code": "deaddecay",
                "hoursToDecay": 96,
                "decayedBlock": "carcass-tiny"
            },
            {
                "code": "harvestable",
                "drops": [
                    {
                        "type": "item",
                        "code": "poultry-raw",
                        "quantity": {
                            "avg": 0,
                            "var": 1.25
                        }
                    },
                    {
                        "type": "item",
                        "code": "feather",
                        "quantity": {
                            "avg": 6,
                            "var": 6
                        }
                    }
                ]
            },
            {
                "code": "floatupwhenstuck",
                "onlyWhenDead": true
            },
            {
                "code": "breathe"
            },
            {
                "code": "emotionstates",
                "states": [
                    {
                        "code": "alarmherdondamage",
                        "chance": 1,
                        "slot": 1,
                        "priority": 1,
                        "accumType": "max"
                    },
                    {
                        "code": "fleeondamage",
                        "duration": 15,
                        "chance": 1,
                        "slot": 0,
                        "priority": 1,
                        "accumType": "max"
                    }
                ]
            },
            {
                "code": "taskai",
                "aitasks": [
                    {
                        "code": "fleeentity",
                        "entityCodes": [
                            "wolf-male",
                            "wolf-female",
                            "fox-*",
                            "bear-*",
                            "little-scarecrow"
                        ],
                        "priority": 1.6,
                        "movespeed": 0.027,
                        "animationSpeed": 2.4,
                        "seekingRange": 8,
                        "animation": "fly",
                        "leapAtTarget": true,
                        "leapAnimation": "fly",
                        "leapChance": 1
                    },
                    {
                        "code": "fleeentity",
                        "entityCodes": [
                            "scarecrow"
                        ],
                        "priority": 1.75,
                        "movespeed": 0.047,
                        "animationSpeed": 2.4,
                        "seekingRange": 12,
                        "animation": "fly",
                        "leapAtTarget": true,
                        "leapAnimation": "fly",
                        "leapChance": 1
                    },
                    {
                        "code": "fleeentity",
                        "entityCodes": [
                            "strawdummy"
                        ],
                        "priority": 1.5,
                        "movespeed": 0.027,
                        "animationSpeed": 2.4,
                        "seekingRange": 5,
                        "animation": "fly",
                        "leapAtTarget": true,
                        "leapAnimation": "fly",
                        "leapChance": 1
                    },
                    {
                        "code": "getoutofwater",
                        "priority": 1.4,
                        "movespeed": 0.012,
                        "animation": "Fly"
                    },
                    {
                        "code": "seekfoodandeat",
                        "priority": 1.35,
                        "eatSound": "creature/animal-eat-small",
                        "eatTime": 1.5,
                        "movespeed": 0.0065,
                        "animation": "hopping",
                        "stopOnNearbyEntityCodes": [
                            "wolf-male",
                            "wolf-female",
                            "fox-*",
                            "little-scarecrow",
                            "scarecrow"
                        ],
                        "eatAnimation": "Eat",
                        "mincooldownHours": 6,
                        "maxcooldownHours": 13
                    },
                    {
                        "code": "idle",
                        "priority": 1.25,
                        "minduration": 5000000,
                        "maxduration": 5000000,
                        "mincooldown": 5000,
                        "maxcooldown": 15000,
                        "priorityForCancel": 1.38,
                        "animation": "Sleep",
                        "whenNotInEmotionState": "aggressiveondamage",
                        "duringDayTimeFrames": [
                            {
                                "fromHour": 20,
                                "toHour": 24
                            },
                            {
                                "fromHour": 0,
                                "toHour": 6
                            }
                        ],
                        "stopOnNearbyEntityCodes": [
                            "player",
                            "wolf-male",
                            "wolf-female",
                            "fox-*"
                        ],
                        "stopRange": 8,
                        "stopOnHurt": true
                    },
                    {
                        "code": "idle",
                        "priority": 1.2,
                        "minduration": 500,
                        "maxduration": 1200,
                        "mincooldown": 2500,
                        "maxcooldown": 10000,
                        "priorityForCancel": 1.29,
                        "animation": "Eat"
                    },
                    {
                        "code": "idle",
                        "priority": 1.1,
                        "minduration": 1000,
                        "maxduration": 3000,
                        "mincooldown": 2000,
                        "maxcooldown": 30000,
                        "animation": "Idle"
                    },
                    {
                        "code": "wander",
                        "priority": 1,
                        "movespeed": 0.011,
                        "animation": "hopping",
                        "wanderChance": 0.02,
                        "preferredLightLevel": 19,
                        "animationSpeed": 1.2,
                        "leapAtTarget": true,
                        "leapAnimation": "fly",
                        "leapChance": 0.01
                    },
                    {
                        "code": "idle",
                        "priority": 0.9,
                        "minduration": 6000,
                        "maxduration": 40000,
                        "mincooldown": 2000,
                        "maxcooldown": 120000,
                        "priorityForCancel": 1.29,
                        "animation": "Sit"
                    },
                    {
                        "code": "lookaround",
                        "priority": 0.5
                    }
                ]
            },
            {
                "code": "ropetieable",
                "minGeneration": 2
            },
            {
                "code": "pettable",
                "minGeneration": 1
            }
        ],
        "spawnconditionsByType": {
            "runtime": {
                "group": "neutral",
                "tryOnlySurface": true,
                "chance": 0.0005,
                "maxQuantity": 2,
                "maxLightLevel": 7,
                "groupSize": {
                    "dist": "verynarrowgaussian",
                    "avg": 4,
                    "var": 5
                },
                "insideBlockCodes": [
                    "air",
                    "tallgrass-*"
                ],
                "minTemp": -10,
                "maxTemp": 6,
                "minRain": 0.32,
                "minShrubs": 0.5,
                "companions": [
                    "thecritterpack:waxwing_f",
                    "thecritterpack:waxwing_f",
                    "thecritterpack:waxwing_g"
                ]
            }
        }
    },
    "sounds": {
        "idle": "creature/waxwing/waxwing_call-*"
    },
    "idleSoundChance": 0.03
}