{
  "textureWidth":16,
  "textureHeight":16,
  "textures":{
    "grip":"game:block/leather/plain"
  },
  "textureSizes":{
    "grip":[
      32,
      32
    ]
  },
  "elements":[
    {
      "name":"origin",
      "from":[
        8.40546441078186,
        0.5,
        8.21067351102829
      ],
      "to":[
        8.40546441078186,
        0.5,
        8.21067351102829
      ],
      "rotationOrigin":[
        8.0,
        0.0,
        8.0
      ],
      "group":"fine_fabric",
      "faces":{
        "north":{
          "texture":"#0",
          "uv":[
            0,
            0,
            4,
            4
          ],
          "autoUv":false
        },
        "east":{
          "texture":"#0",
          "uv":[
            0,
            0,
            4,
            4
          ],
          "autoUv":false
        },
        "south":{
          "texture":"#0",
          "uv":[
            0,
            0,
            4,
            4
          ],
          "autoUv":false
        },
        "west":{
          "texture":"#0",
          "uv":[
            0,
            0,
            4,
            4
          ],
          "autoUv":false
        },
        "up":{
          "texture":"#grip",
          "uv":[
            0.0,
            0.0,
            1.0,
            1.0
          ],
          "autoUv":false,
          "rotation":180
        },
        "down":{
          "texture":"#0",
          "uv":[
            0,
            0,
            4,
            4
          ],
          "autoUv":false
        }
      },
      "children":[
        {
          "name":"fine_fabric 01",
          "from":[
            -10.853407144546509,
            -0.5484610199928284,
            -0.7206735014915466
          ],
          "to":[
            -4.889320611953735,
            0.9815389513969421,
            0.29932647943496704
          ],
          "rotationOrigin":[
            -7.871363878250122,
            0.21653896570205688,
            -0.2106735110282898
          ],
          "group":"fine_fabric",
          "faces":{
            "north":{
              "texture":"#grip",
              "uv":[
                13.503095626831055,
                21.40650749206543,
                18.496902465820312,
                27.71887493133545
              ],
              "autoUv":false,
              "rotation":270
            },
            "east":{
              "texture":"#grip",
              "uv":[
                14.751547813415527,
                18.751547813415527,
                17.248451232910156,
                21.248452186584473
              ],
              "autoUv":false,
              "rotation":270
            },
            "south":{
              "texture":"#grip",
              "uv":[
                13.503097534179688,
                12.281126022338867,
                18.496904373168945,
                18.59349250793457
              ],
              "autoUv":false,
              "rotation":270
            },
            "west":{
              "texture":"#grip",
              "uv":[
                23.52273941040039,
                19.456591606140137,
                25.561450958251953,
                22.51466178894043
              ],
              "autoUv":false
            },
            "up":{
              "texture":"#grip",
              "uv":[
                14.0,
                10.0,
                17.0,
                21.0
              ],
              "autoUv":false,
              "rotation":90
            },
            "down":{
              "texture":"#grip",
              "uv":[
                19.0,
                21.0,
                22.0,
                10.0
              ],
              "autoUv":false,
              "rotation":90
            }
          },
          "children":[]
        },
        {
          "name":"fine_fabric 02",
          "from":[
            -10.853407144546509,
            -0.29346102476119995,
            -0.9756733179092407
          ],
          "to":[
            -4.889320611953735,
            0.7265389561653137,
            -0.7206733226776123
          ],
          "rotationOrigin":[
            -7.871363878250122,
            0.21653896570205688,
            -0.8481733202934265
          ],
          "group":"fine_fabric",
          "faces":{
            "north":{
              "texture":"#grip",
              "uv":[
                22.0,
                16.0,
                11.0,
                19.0
              ],
              "autoUv":false
            },
            "east":{
              "texture":"#grip",
              "uv":[
                12.284515380859375,
                17.35819149017334,
                13.208879470825195,
                18.282556533813477
              ],
              "autoUv":false,
              "rotation":270
            },
            "south":{
              "texture":"#grip",
              "uv":[
                11.439449310302734,
                13.602106094360352,
                14.053946495056152,
                16.906930923461914
              ],
              "autoUv":false,
              "rotation":270
            },
            "west":{
              "texture":"#grip",
              "uv":[
                17.038822174072266,
                17.53626537322998,
                17.692447662353516,
                18.84351348876953
              ],
              "autoUv":false
            },
            "up":{
              "texture":"#grip",
              "uv":[
                14.053945541381836,
                13.602106094360352,
                16.66844367980957,
                16.906930923461914
              ],
              "autoUv":false,
              "rotation":270
            },
            "down":{
              "texture":"#grip",
              "uv":[
                11.439449310302734,
                16.906930923461914,
                8.824951171875,
                13.602106094360352
              ],
              "autoUv":false,
              "rotation":270
            }
          },
          "children":[]
        },
        {
          "name":"fine_fabric 03",
          "from":[
            -10.853407144546509,
            -0.29346102476119995,
            0.2993263006210327
          ],
          "to":[
            -4.889320611953735,
            0.7265389561653137,
            0.5543262958526611
          ],
          "rotationOrigin":[
            -7.871363878250122,
            0.21653896570205688,
            0.4268262982368469
          ],
          "group":"fine_fabric",
          "faces":{
            "north":{
              "texture":"#grip",
              "uv":[
                17.870914459228516,
                21.189156532287598,
                21.949893951416016,
                26.345142364501953
              ],
              "autoUv":false,
              "rotation":270
            },
            "east":{
              "texture":"#grip",
              "uv":[
                19.400531768798828,
                20.426664352416992,
                20.420276641845703,
                21.446409225463867
              ],
              "autoUv":false,
              "rotation":270
            },
            "south":{
              "texture":"#grip",
              "uv":[
                11.0,
                16.0,
                22.0,
                19.0
              ],
              "autoUv":false
            },
            "west":{
              "texture":"#grip",
              "uv":[
                24.645410537719727,
                20.623112678527832,
                25.366477966308594,
                22.065248489379883
              ],
              "autoUv":false
            },
            "up":{
              "texture":"#grip",
              "uv":[
                22.151803970336914,
                16.81692886352539,
                24.191295623779297,
                19.39492130279541
              ],
              "autoUv":false,
              "rotation":270
            },
            "down":{
              "texture":"#grip",
              "uv":[
                17.669002532958984,
                19.39492130279541,
                15.629512786865234,
                16.81692886352539
              ],
              "autoUv":false,
              "rotation":270
            }
          },
          "children":[]
        },
        {
          "name":"fine_fabric 04",
          "from":[
            -10.85284948348999,
            -0.5113330632448196,
            -0.8860392272472382
          ],
          "to":[
            -4.889320373535156,
            -0.1492333859205246,
            -0.6310395300388336
          ],
          "rotationOrigin":[
            -7.871084928512573,
            -0.3302832245826721,
            -0.7585393786430359
          ],
          "rotationX":-45.00000125223908,
          "group":"fine_fabric",
          "faces":{
            "north":{
              "texture":"#grip",
              "uv":[
                19.0,
                10.0,
                17.998851776123047,
                21.0
              ],
              "autoUv":false,
              "rotation":270
            },
            "east":{
              "texture":"#grip",
              "uv":[
                10.467052459716797,
                17.288411140441895,
                11.070204734802246,
                17.891563415527344
              ],
              "autoUv":false,
              "rotation":270
            },
            "south":{
              "texture":"#grip",
              "uv":[
                9.687779426574707,
                14.245357513427734,
                11.849477767944336,
                16.97757339477539
              ],
              "autoUv":false,
              "rotation":270
            },
            "west":{
              "texture":"#grip",
              "uv":[
                13.459037780761719,
                18.000788688659668,
                14.062190055847168,
                18.603940963745117
              ],
              "autoUv":false
            },
            "up":{
              "texture":"#grip",
              "uv":[
                11.849477767944336,
                14.245357513427734,
                14.011177062988281,
                16.977572441101074
              ],
              "autoUv":false,
              "rotation":270
            },
            "down":{
              "texture":"#grip",
              "uv":[
                9.687779426574707,
                16.977572441101074,
                7.52608060836792,
                14.245357513427734
              ],
              "autoUv":false,
              "rotation":270
            }
          },
          "children":[]
        },
        {
          "name":"fine_fabric 05",
          "from":[
            -10.85284948348999,
            0.583354577422142,
            -0.8849959075450897
          ],
          "to":[
            -4.889320373535156,
            0.9454542547464371,
            -0.6299962103366852
          ],
          "rotationOrigin":[
            -7.871084928512573,
            0.7644044160842896,
            -0.7574960589408875
          ],
          "rotationX":45.00000125223908,
          "group":"fine_fabric",
          "faces":{
            "north":{
              "texture":"#grip",
              "uv":[
                13.001147270202637,
                10.0,
                14.0,
                21.0
              ],
              "autoUv":false,
              "rotation":270
            },
            "east":{
              "texture":"#grip",
              "uv":[
                11.182103157043457,
                16.215835571289062,
                11.785255432128906,
                16.818988800048828
              ],
              "autoUv":false,
              "rotation":270
            },
            "south":{
              "texture":"#grip",
              "uv":[
                10.402830123901367,
                13.172782897949219,
                12.564528465270996,
                15.904998779296875
              ],
              "autoUv":false,
              "rotation":270
            },
            "west":{
              "texture":"#grip",
              "uv":[
                14.74399185180664,
                16.358311653137207,
                15.34714412689209,
                16.961463928222656
              ],
              "autoUv":false
            },
            "up":{
              "texture":"#grip",
              "uv":[
                12.564528465270996,
                13.172782897949219,
                14.726226806640625,
                15.904998779296875
              ],
              "autoUv":false,
              "rotation":270
            },
            "down":{
              "texture":"#grip",
              "uv":[
                10.402830123901367,
                15.904998779296875,
                8.241130828857422,
                13.172782897949219
              ],
              "autoUv":false,
              "rotation":270
            }
          },
          "children":[]
        },
        {
          "name":"fine_fabric 06",
          "from":[
            -10.85284948348999,
            0.583354577422142,
            0.2086491882801056
          ],
          "to":[
            -4.889320373535156,
            0.9454542547464371,
            0.46364888548851013
          ],
          "rotationOrigin":[
            -7.871084928512573,
            0.7644044160842896,
            0.33614903688430786
          ],
          "rotationX":-45.00000125223908,
          "group":"fine_fabric",
          "faces":{
            "north":{
              "texture":"#grip",
              "uv":[
                20.003515243530273,
                20.76386833190918,
                22.433433532714844,
                23.835092544555664
              ],
              "autoUv":false,
              "rotation":270
            },
            "east":{
              "texture":"#grip",
              "uv":[
                20.91473388671875,
                20.003023147583008,
                21.522214889526367,
                20.61050319671631
              ],
              "autoUv":false,
              "rotation":270
            },
            "south":{
              "texture":"#grip",
              "uv":[
                17.0,
                10.0,
                17.99885368347168,
                21.0
              ],
              "autoUv":false,
              "rotation":90
            },
            "west":{
              "texture":"#grip",
              "uv":[
                24.502178192138672,
                20.14652156829834,
                25.10965919494629,
                20.75400161743164
              ],
              "autoUv":false
            },
            "up":{
              "texture":"#grip",
              "uv":[
                22.4948673248291,
                17.025388717651367,
                24.53400993347168,
                19.602703094482422
              ],
              "autoUv":false,
              "rotation":270
            },
            "down":{
              "texture":"#grip",
              "uv":[
                19.942081451416016,
                19.602703094482422,
                17.902938842773438,
                17.025388717651367
              ],
              "autoUv":false,
              "rotation":270
            }
          },
          "children":[]
        },
        {
          "name":"fine_fabric 07",
          "from":[
            -10.85284948348999,
            -0.5113330632448196,
            0.20969155430793762
          ],
          "to":[
            -4.889320373535156,
            -0.1492333859205246,
            0.46469125151634216
          ],
          "rotationOrigin":[
            -7.871084928512573,
            -0.3302832245826721,
            0.3371914029121399
          ],
          "rotationX":45.00000125223908,
          "group":"fine_fabric",
          "faces":{
            "north":{
              "texture":"#grip",
              "uv":[
                20.003515243530273,
                20.76386833190918,
                22.433433532714844,
                23.835092544555664
              ],
              "autoUv":false,
              "rotation":270
            },
            "east":{
              "texture":"#grip",
              "uv":[
                20.91473388671875,
                20.003023147583008,
                21.522214889526367,
                20.61050319671631
              ],
              "autoUv":false,
              "rotation":270
            },
            "south":{
              "texture":"#grip",
              "uv":[
                23.00114631652832,
                10.0,
                22.0,
                21.0
              ],
              "autoUv":false,
              "rotation":90
            },
            "west":{
              "texture":"#grip",
              "uv":[
                23.928186416625977,
                20.72051239013672,
                24.535667419433594,
                21.32799243927002
              ],
              "autoUv":false
            },
            "up":{
              "texture":"#grip",
              "uv":[
                22.4948673248291,
                17.025388717651367,
                24.53400993347168,
                19.602703094482422
              ],
              "autoUv":false,
              "rotation":270
            },
            "down":{
              "texture":"#grip",
              "uv":[
                19.942081451416016,
                19.602703094482422,
                17.902938842773438,
                17.025388717651367
              ],
              "autoUv":false,
              "rotation":270
            }
          },
          "children":[]
        }
      ]
    }
  ],
  "groups":[]
}