{
	"editor": {
		"backDropShape": "C:/Users/Jesus/Documents/VintageMod/MyShapes/CHARmod/dwarf-faceless",
		"collapsedPaths": "Root/side2,Root/Belt,Root/наплечник,Root/boolL/boolL12,Root/ArmorCoatR,Root/boolL,Root/наплечник2,Root/ArmorCoatL,Root/ArmorLowerLegL,Root/boolL/boolL6,Root/boolL/boolL7,Root/boolL/boolL2,Root/ArmorLowerLegR,Root/наруч2,Root/bool,Root/bool2,Root/backside,Root/bottomtors,Root/side,Root/наруч,Root/front",
		"allAngles": true,
		"entityTextureMode": true
	},
	"textureWidth": 64,
	"textureHeight": 64,
	"textureSizes": {
		"templarlegs": [64,64],
		"steel": [64,64],
		"templarbody": [64,64],
		"textile": [64,64]
	},
	"textures": {
	},
	"elements": [
		{
			"name": "bool",
			"stepParentName": "LowerFootL",
			"from": [ -0.05, 0.0, -0.05 ],
			"to": [ 4.05, 2.1, 3.05 ],
			"autoUnwrap": false,
			"uv": [ 0.0, 0.0 ],
			"rotationOrigin": [ -0.1, 0.0, -0.1 ],
			"faces": {
				"north": { "texture": "#steel", "uv": [ 0.0, 2.0, 14.0, 10.0 ], "autoUv": false, "windMode": [-1,-1,-1,-1] },
				"east": { "texture": "#steel", "uv": [ 2.0, 2.0, 12.0, 10.0 ], "autoUv": false, "windMode": [-1,-1,-1,-1] },
				"south": { "texture": "#steel", "uv": [ 0.0, 2.0, 14.0, 10.0 ], "autoUv": false, "windMode": [-1,-1,-1,-1] },
				"west": { "texture": "#steel", "uv": [ 4.0, 2.0, 6.0, 7.0 ], "autoUv": false, "windMode": [-1,-1,-1,-1] },
				"up": { "texture": "#steel", "uv": [ 0.0, 0.0, 4.0, 2.0 ] },
				"down": { "texture": "#steel", "uv": [ 2.0, 0.0, 6.0, 2.0 ] }
			},
			"children": [
				{
					"name": "boolL2",
					"from": [ -0.7, 1.5, 0.7 ],
					"to": [ 0.0, 2.0, 2.4 ],
					"autoUnwrap": false,
					"uv": [ 0.0, 0.0 ],
					"rotationOrigin": [ -0.75, 1.5, 0.65 ],
					"faces": {
						"north": { "texture": "#steel", "uv": [ 0.0, 2.0, 2.0, 4.0 ] },
						"east": { "texture": "#steel", "uv": [ 2.0, 2.0, 4.0, 4.0 ] },
						"south": { "texture": "#steel", "uv": [ 2.0, 2.0, 4.0, 4.0 ] },
						"west": { "texture": "#steel", "uv": [ 4.0, 2.0, 6.0, 4.0 ] },
						"up": { "texture": "#steel", "uv": [ 0.0, 0.0, 4.0, 4.0 ], "autoUv": false, "windMode": [-1,-1,-1,-1] },
						"down": { "texture": "#steel", "uv": [ 2.0, 0.0, 4.0, 2.0 ] }
					},
					"children": [
						{
							"name": "boolL3",
							"from": [ 0.0, 0.0, 1.7 ],
							"to": [ 0.7, 0.5, 2.7 ],
							"autoUnwrap": false,
							"uv": [ 0.0, 0.0 ],
							"rotationOrigin": [ 0.0, 0.5, 1.7 ],
							"rotationX": 45.0,
							"faces": {
								"north": { "texture": "#steel", "uv": [ 0.0, 2.0, 2.0, 4.0 ] },
								"east": { "texture": "#steel", "uv": [ 2.0, 2.0, 4.0, 4.0 ] },
								"south": { "texture": "#steel", "uv": [ 2.0, 2.0, 4.0, 4.0 ] },
								"west": { "texture": "#steel", "uv": [ 4.0, 2.0, 6.0, 4.0 ] },
								"up": { "texture": "#steel", "uv": [ 0.0, 0.0, 4.0, 4.0 ], "autoUv": false, "windMode": [-1,-1,-1,-1] },
								"down": { "texture": "#steel", "uv": [ 2.0, 0.0, 4.0, 2.0 ] }
							},
							"children": [
								{
									"name": "boolL4",
									"from": [ 0.0, 0.0, 1.0 ],
									"to": [ 0.7, 0.5, 2.3 ],
									"autoUnwrap": false,
									"uv": [ 0.0, 0.0 ],
									"rotationOrigin": [ 0.0, 0.5, 1.0 ],
									"rotationX": 45.0,
									"faces": {
										"north": { "texture": "#steel", "uv": [ 0.0, 2.0, 2.0, 4.0 ] },
										"east": { "texture": "#steel", "uv": [ 2.0, 2.0, 4.0, 4.0 ] },
										"south": { "texture": "#steel", "uv": [ 2.0, 2.0, 4.0, 4.0 ] },
										"west": { "texture": "#steel", "uv": [ 4.0, 2.0, 6.0, 4.0 ] },
										"up": { "texture": "#steel", "uv": [ 0.0, 0.0, 4.0, 4.0 ], "autoUv": false, "windMode": [-1,-1,-1,-1] },
										"down": { "texture": "#steel", "uv": [ 2.0, 0.0, 4.0, 2.0 ] }
									}
								}
							]
						},
						{
							"name": "boolL6",
							"from": [ 0.0, 0.0, -1.0 ],
							"to": [ 0.7, 0.5, 0.0 ],
							"autoUnwrap": false,
							"uv": [ 0.0, 0.0 ],
							"rotationOrigin": [ 0.0, 0.5, 0.0 ],
							"rotationX": -45.0,
							"faces": {
								"north": { "texture": "#steel", "uv": [ 0.0, 2.0, 2.0, 4.0 ] },
								"east": { "texture": "#steel", "uv": [ 2.0, 2.0, 4.0, 4.0 ] },
								"south": { "texture": "#steel", "uv": [ 2.0, 2.0, 4.0, 4.0 ] },
								"west": { "texture": "#steel", "uv": [ 4.0, 2.0, 6.0, 4.0 ] },
								"up": { "texture": "#steel", "uv": [ 0.0, 0.0, 4.0, 4.0 ], "autoUv": false, "windMode": [-1,-1,-1,-1] },
								"down": { "texture": "#steel", "uv": [ 2.0, 0.0, 4.0, 2.0 ] }
							},
							"children": [
								{
									"name": "boolL5",
									"from": [ 0.0, 0.0, -1.3 ],
									"to": [ 0.7, 0.5, 0.0 ],
									"autoUnwrap": false,
									"uv": [ 0.0, 0.0 ],
									"rotationOrigin": [ 0.0, 0.5, 0.0 ],
									"rotationX": -45.0,
									"faces": {
										"north": { "texture": "#steel", "uv": [ 0.0, 2.0, 2.0, 4.0 ] },
										"east": { "texture": "#steel", "uv": [ 2.0, 2.0, 4.0, 4.0 ] },
										"south": { "texture": "#steel", "uv": [ 2.0, 2.0, 4.0, 4.0 ] },
										"west": { "texture": "#steel", "uv": [ 4.0, 2.0, 6.0, 4.0 ] },
										"up": { "texture": "#steel", "uv": [ 0.0, 0.0, 4.0, 4.0 ], "autoUv": false, "windMode": [-1,-1,-1,-1] },
										"down": { "texture": "#steel", "uv": [ 2.0, 0.0, 4.0, 2.0 ] }
									}
								}
							]
						}
					]
				},
				{
					"name": "boolL7",
					"from": [ -1.4, 1.3, 0.7 ],
					"to": [ -0.7, 1.8, 2.4 ],
					"autoUnwrap": false,
					"uv": [ 0.0, 0.0 ],
					"rotationOrigin": [ -1.45, 1.3, 0.65 ],
					"faces": {
						"north": { "texture": "#steel", "uv": [ 0.0, 2.0, 2.0, 4.0 ] },
						"east": { "texture": "#steel", "uv": [ 2.0, 2.0, 4.0, 4.0 ] },
						"south": { "texture": "#steel", "uv": [ 2.0, 2.0, 4.0, 4.0 ] },
						"west": { "texture": "#steel", "uv": [ 4.0, 2.0, 6.0, 4.0 ] },
						"up": { "texture": "#steel", "uv": [ 0.0, 0.0, 4.0, 4.0 ], "autoUv": false, "windMode": [-1,-1,-1,-1] },
						"down": { "texture": "#steel", "uv": [ 2.0, 0.0, 4.0, 2.0 ] }
					},
					"children": [
						{
							"name": "boolL8",
							"from": [ 0.0, 0.0, 1.7 ],
							"to": [ 0.7, 0.5, 2.7 ],
							"autoUnwrap": false,
							"uv": [ 0.0, 0.0 ],
							"rotationOrigin": [ 0.0, 0.5, 1.7 ],
							"rotationX": 45.0,
							"faces": {
								"north": { "texture": "#steel", "uv": [ 0.0, 2.0, 2.0, 4.0 ] },
								"east": { "texture": "#steel", "uv": [ 2.0, 2.0, 4.0, 4.0 ] },
								"south": { "texture": "#steel", "uv": [ 2.0, 2.0, 4.0, 4.0 ] },
								"west": { "texture": "#steel", "uv": [ 4.0, 2.0, 6.0, 4.0 ] },
								"up": { "texture": "#steel", "uv": [ 0.0, 0.0, 4.0, 4.0 ], "autoUv": false, "windMode": [-1,-1,-1,-1] },
								"down": { "texture": "#steel", "uv": [ 2.0, 0.0, 4.0, 2.0 ] }
							},
							"children": [
								{
									"name": "boolL9",
									"from": [ 0.0, 0.0, 1.0 ],
									"to": [ 0.7, 0.5, 2.1 ],
									"autoUnwrap": false,
									"uv": [ 0.0, 0.0 ],
									"rotationOrigin": [ 0.0, 0.5, 1.0 ],
									"rotationX": 45.0,
									"faces": {
										"north": { "texture": "#steel", "uv": [ 0.0, 2.0, 2.0, 4.0 ] },
										"east": { "texture": "#steel", "uv": [ 2.0, 2.0, 4.0, 4.0 ] },
										"south": { "texture": "#steel", "uv": [ 2.0, 2.0, 4.0, 4.0 ] },
										"west": { "texture": "#steel", "uv": [ 4.0, 2.0, 6.0, 4.0 ] },
										"up": { "texture": "#steel", "uv": [ 0.0, 0.0, 4.0, 4.0 ], "autoUv": false, "windMode": [-1,-1,-1,-1] },
										"down": { "texture": "#steel", "uv": [ 2.0, 0.0, 4.0, 2.0 ] }
									}
								}
							]
						},
						{
							"name": "boolL10",
							"from": [ 0.0, 0.0, -1.0 ],
							"to": [ 0.7, 0.5, 0.0 ],
							"autoUnwrap": false,
							"uv": [ 0.0, 0.0 ],
							"rotationOrigin": [ 0.0, 0.5, 0.0 ],
							"rotationX": -45.0,
							"faces": {
								"north": { "texture": "#steel", "uv": [ 0.0, 2.0, 2.0, 4.0 ] },
								"east": { "texture": "#steel", "uv": [ 2.0, 2.0, 4.0, 4.0 ] },
								"south": { "texture": "#steel", "uv": [ 2.0, 2.0, 4.0, 4.0 ] },
								"west": { "texture": "#steel", "uv": [ 4.0, 2.0, 6.0, 4.0 ] },
								"up": { "texture": "#steel", "uv": [ 0.0, 0.0, 4.0, 4.0 ], "autoUv": false, "windMode": [-1,-1,-1,-1] },
								"down": { "texture": "#steel", "uv": [ 2.0, 0.0, 4.0, 2.0 ] }
							},
							"children": [
								{
									"name": "boolL11",
									"from": [ 0.0, 0.0, -1.1 ],
									"to": [ 0.7, 0.5, 0.0 ],
									"autoUnwrap": false,
									"uv": [ 0.0, 0.0 ],
									"rotationOrigin": [ 0.0, 0.5, 0.0 ],
									"rotationX": -45.0,
									"faces": {
										"north": { "texture": "#steel", "uv": [ 0.0, 2.0, 2.0, 4.0 ] },
										"east": { "texture": "#steel", "uv": [ 2.0, 2.0, 4.0, 4.0 ] },
										"south": { "texture": "#steel", "uv": [ 2.0, 2.0, 4.0, 4.0 ] },
										"west": { "texture": "#steel", "uv": [ 4.0, 2.0, 6.0, 4.0 ] },
										"up": { "texture": "#steel", "uv": [ 0.0, 0.0, 4.0, 4.0 ], "autoUv": false, "windMode": [-1,-1,-1,-1] },
										"down": { "texture": "#steel", "uv": [ 2.0, 0.0, 4.0, 2.0 ] }
									}
								}
							]
						}
					]
				},
				{
					"name": "boolL12",
					"from": [ -2.1, 1.1, 0.7 ],
					"to": [ -1.4, 1.6, 2.4 ],
					"autoUnwrap": false,
					"uv": [ 0.0, 0.0 ],
					"rotationOrigin": [ -2.15, 1.1, 0.65 ],
					"faces": {
						"north": { "texture": "#steel", "uv": [ 0.0, 2.0, 2.0, 4.0 ] },
						"east": { "texture": "#steel", "uv": [ 2.0, 2.0, 4.0, 4.0 ] },
						"south": { "texture": "#steel", "uv": [ 2.0, 2.0, 4.0, 4.0 ] },
						"west": { "texture": "#steel", "uv": [ 4.0, 2.0, 6.0, 4.0 ] },
						"up": { "texture": "#steel", "uv": [ 0.0, 0.0, 4.0, 4.0 ], "autoUv": false, "windMode": [-1,-1,-1,-1] },
						"down": { "texture": "#steel", "uv": [ 2.0, 0.0, 4.0, 2.0 ] }
					},
					"children": [
						{
							"name": "boolL13",
							"from": [ 0.0, 0.0, 1.7 ],
							"to": [ 0.7, 0.5, 2.7 ],
							"autoUnwrap": false,
							"uv": [ 0.0, 0.0 ],
							"rotationOrigin": [ 0.0, 0.5, 1.7 ],
							"rotationX": 45.0,
							"faces": {
								"north": { "texture": "#steel", "uv": [ 0.0, 2.0, 2.0, 4.0 ] },
								"east": { "texture": "#steel", "uv": [ 2.0, 2.0, 4.0, 4.0 ] },
								"south": { "texture": "#steel", "uv": [ 2.0, 2.0, 4.0, 4.0 ] },
								"west": { "texture": "#steel", "uv": [ 4.0, 2.0, 6.0, 4.0 ] },
								"up": { "texture": "#steel", "uv": [ 0.0, 0.0, 4.0, 4.0 ], "autoUv": false, "windMode": [-1,-1,-1,-1] },
								"down": { "texture": "#steel", "uv": [ 2.0, 0.0, 4.0, 2.0 ] }
							},
							"children": [
								{
									"name": "boolL14",
									"from": [ 0.0, 0.0, 1.0 ],
									"to": [ 0.7, 0.5, 1.9 ],
									"autoUnwrap": false,
									"uv": [ 0.0, 0.0 ],
									"rotationOrigin": [ 0.0, 0.5, 1.0 ],
									"rotationX": 45.0,
									"faces": {
										"north": { "texture": "#steel", "uv": [ 0.0, 2.0, 2.0, 4.0 ] },
										"east": { "texture": "#steel", "uv": [ 2.0, 2.0, 4.0, 4.0 ] },
										"south": { "texture": "#steel", "uv": [ 2.0, 2.0, 4.0, 4.0 ] },
										"west": { "texture": "#steel", "uv": [ 4.0, 2.0, 6.0, 4.0 ] },
										"up": { "texture": "#steel", "uv": [ 0.0, 0.0, 4.0, 4.0 ], "autoUv": false, "windMode": [-1,-1,-1,-1] },
										"down": { "texture": "#steel", "uv": [ 2.0, 0.0, 4.0, 2.0 ] }
									}
								}
							]
						},
						{
							"name": "boolL15",
							"from": [ 0.0, 0.0, -1.0 ],
							"to": [ 0.7, 0.5, 0.0 ],
							"autoUnwrap": false,
							"uv": [ 0.0, 0.0 ],
							"rotationOrigin": [ 0.0, 0.5, 0.0 ],
							"rotationX": -45.0,
							"faces": {
								"north": { "texture": "#steel", "uv": [ 0.0, 2.0, 2.0, 4.0 ] },
								"east": { "texture": "#steel", "uv": [ 2.0, 2.0, 4.0, 4.0 ] },
								"south": { "texture": "#steel", "uv": [ 2.0, 2.0, 4.0, 4.0 ] },
								"west": { "texture": "#steel", "uv": [ 4.0, 2.0, 6.0, 4.0 ] },
								"up": { "texture": "#steel", "uv": [ 0.0, 0.0, 4.0, 4.0 ], "autoUv": false, "windMode": [-1,-1,-1,-1] },
								"down": { "texture": "#steel", "uv": [ 2.0, 0.0, 4.0, 2.0 ] }
							},
							"children": [
								{
									"name": "boolL16",
									"from": [ 0.0, 0.0, -0.9 ],
									"to": [ 0.7, 0.5, 0.0 ],
									"autoUnwrap": false,
									"uv": [ 0.0, 0.0 ],
									"rotationOrigin": [ 0.0, 0.5, 0.0 ],
									"rotationX": -45.0,
									"faces": {
										"north": { "texture": "#steel", "uv": [ 0.0, 2.0, 2.0, 4.0 ] },
										"east": { "texture": "#steel", "uv": [ 2.0, 2.0, 4.0, 4.0 ] },
										"south": { "texture": "#steel", "uv": [ 2.0, 2.0, 4.0, 4.0 ] },
										"west": { "texture": "#steel", "uv": [ 4.0, 2.0, 6.0, 4.0 ] },
										"up": { "texture": "#steel", "uv": [ 0.0, 0.0, 4.0, 4.0 ], "autoUv": false, "windMode": [-1,-1,-1,-1] },
										"down": { "texture": "#steel", "uv": [ 2.0, 0.0, 4.0, 2.0 ] }
									}
								}
							]
						},
						{
							"name": "Cube15",
							"from": [ -0.5, -1.1, -0.7 ],
							"to": [ 0.0, -0.1, 0.0 ],
							"autoUnwrap": false,
							"uv": [ 0.0, 0.0 ],
							"rotationOrigin": [ -0.5, -1.1, -0.7 ],
							"rotationZ": -14.0,
							"faces": {
								"north": { "texture": "#steel", "uv": [ 0.0, 2.0, 2.0, 4.0 ] },
								"east": { "texture": "#steel", "uv": [ 2.0, 2.0, 4.0, 4.0 ] },
								"south": { "texture": "#steel", "uv": [ 4.0, 2.0, 6.0, 4.0 ] },
								"west": { "texture": "#steel", "uv": [ 6.0, 2.0, 10.0, 8.0 ], "autoUv": false, "windMode": [-1,-1,-1,-1] },
								"up": { "texture": "#steel", "uv": [ 0.0, 0.0, 2.0, 2.0 ] },
								"down": { "texture": "#steel", "uv": [ 2.0, 0.0, 4.0, 2.0 ] }
							}
						},
						{
							"name": "Cube16",
							"from": [ -0.5, -1.1, 1.7 ],
							"to": [ 0.0, -0.1, 2.4 ],
							"autoUnwrap": false,
							"uv": [ 0.0, 0.0 ],
							"rotationOrigin": [ -0.5, -1.1, 1.7 ],
							"rotationZ": -14.0,
							"faces": {
								"north": { "texture": "#steel", "uv": [ 0.0, 2.0, 2.0, 4.0 ] },
								"east": { "texture": "#steel", "uv": [ 2.0, 2.0, 4.0, 4.0 ] },
								"south": { "texture": "#steel", "uv": [ 4.0, 2.0, 6.0, 4.0 ] },
								"west": { "texture": "#steel", "uv": [ 6.0, 2.0, 10.0, 8.0 ], "rotation": 180, "autoUv": false, "windMode": [-1,-1,-1,-1] },
								"up": { "texture": "#steel", "uv": [ 0.0, 0.0, 2.0, 2.0 ] },
								"down": { "texture": "#steel", "uv": [ 2.0, 0.0, 4.0, 2.0 ] }
							}
						},
						{
							"name": "Cube23",
							"from": [ -0.5, -1.1, 0.0 ],
							"to": [ 0.0, 0.4, 0.85 ],
							"autoUnwrap": false,
							"uv": [ 0.0, 0.0 ],
							"rotationOrigin": [ -0.5, -1.1, 0.0 ],
							"rotationZ": -12.0,
							"faces": {
								"north": { "texture": "#steel", "uv": [ 0.0, 2.0, 2.0, 4.0 ] },
								"east": { "texture": "#steel", "uv": [ 2.0, 2.0, 4.0, 4.0 ] },
								"south": { "texture": "#steel", "uv": [ 4.0, 2.0, 6.0, 4.0 ] },
								"west": { "texture": "#steel", "uv": [ 6.0, 2.0, 10.0, 10.0 ], "autoUv": false, "windMode": [-1,-1,-1,-1] },
								"up": { "texture": "#steel", "uv": [ 0.0, 0.0, 2.0, 2.0 ] },
								"down": { "texture": "#steel", "uv": [ 2.0, 0.0, 4.0, 2.0 ] }
							}
						},
						{
							"name": "Cube24",
							"from": [ -0.5, -1.1, 0.85 ],
							"to": [ 0.0, 0.4, 1.7 ],
							"autoUnwrap": false,
							"uv": [ 0.0, 0.0 ],
							"rotationOrigin": [ -0.5, -1.1, 0.8 ],
							"rotationZ": -12.0,
							"faces": {
								"north": { "texture": "#steel", "uv": [ 0.0, 2.0, 2.0, 4.0 ] },
								"east": { "texture": "#steel", "uv": [ 2.0, 2.0, 4.0, 4.0 ] },
								"south": { "texture": "#steel", "uv": [ 4.0, 2.0, 6.0, 4.0 ] },
								"west": { "texture": "#steel", "uv": [ 6.0, 2.0, 10.0, 10.0 ], "rotation": 180, "autoUv": false, "windMode": [-1,-1,-1,-1] },
								"up": { "texture": "#steel", "uv": [ 0.0, 0.0, 2.0, 2.0 ] },
								"down": { "texture": "#steel", "uv": [ 2.0, 0.0, 4.0, 2.0 ] }
							}
						}
					]
				},
				{
					"name": "Cube35",
					"from": [ -2.1, -0.1, 0.0 ],
					"to": [ 4.1, 0.0, 3.1 ],
					"uv": [ 0.0, 0.0 ],
					"rotationOrigin": [ -2.1, -0.1, 0.0 ],
					"faces": {
						"north": { "texture": "#steel", "uv": [ 0.0, 2.0, 6.0, 4.0 ] },
						"east": { "texture": "#steel", "uv": [ 6.0, 2.0, 8.0, 4.0 ] },
						"south": { "texture": "#steel", "uv": [ 8.0, 2.0, 14.0, 4.0 ] },
						"west": { "texture": "#steel", "uv": [ 14.0, 2.0, 16.0, 4.0 ] },
						"up": { "texture": "#steel", "uv": [ 0.0, 0.0, 6.0, 2.0 ] },
						"down": { "texture": "#steel", "uv": [ 6.0, 0.0, 12.0, 2.0 ] }
					}
				}
			]
		},
		{
			"name": "bool2",
			"stepParentName": "LowerFootR",
			"from": [ -0.05, 0.0, -0.05 ],
			"to": [ 4.05, 2.1, 3.05 ],
			"autoUnwrap": false,
			"uv": [ 0.0, 0.0 ],
			"rotationOrigin": [ -0.1, 0.0, -0.1 ],
			"faces": {
				"north": { "texture": "#steel", "uv": [ 0.0, 2.0, 12.0, 10.0 ], "autoUv": false, "windMode": [-1,-1,-1,-1] },
				"east": { "texture": "#steel", "uv": [ 2.0, 2.0, 12.0, 10.0 ], "rotation": 180, "autoUv": false, "windMode": [-1,-1,-1,-1] },
				"south": { "texture": "#steel", "uv": [ 2.0, 2.0, 14.0, 10.0 ], "autoUv": false, "windMode": [-1,-1,-1,-1] },
				"west": { "texture": "#steel", "uv": [ 4.0, 2.0, 6.0, 4.0 ] },
				"up": { "texture": "#steel", "uv": [ 0.0, 0.0, 4.0, 2.0 ] },
				"down": { "texture": "#steel", "uv": [ 2.0, 0.0, 6.0, 2.0 ] }
			},
			"children": [
				{
					"name": "boolL17",
					"from": [ -0.7, 1.5, 0.7 ],
					"to": [ 0.0, 2.0, 2.4 ],
					"autoUnwrap": false,
					"uv": [ 0.0, 0.0 ],
					"rotationOrigin": [ -0.75, 1.5, 0.65 ],
					"faces": {
						"north": { "texture": "#steel", "uv": [ 0.0, 2.0, 2.0, 4.0 ] },
						"east": { "texture": "#steel", "uv": [ 2.0, 2.0, 4.0, 4.0 ] },
						"south": { "texture": "#steel", "uv": [ 2.0, 2.0, 4.0, 4.0 ] },
						"west": { "texture": "#steel", "uv": [ 4.0, 2.0, 6.0, 4.0 ] },
						"up": { "texture": "#steel", "uv": [ 0.0, 0.0, 4.0, 4.0 ], "autoUv": false, "windMode": [-1,-1,-1,-1] },
						"down": { "texture": "#steel", "uv": [ 2.0, 0.0, 4.0, 2.0 ] }
					},
					"children": [
						{
							"name": "boolL18",
							"from": [ 0.0, 0.0, 1.7 ],
							"to": [ 0.7, 0.5, 2.7 ],
							"autoUnwrap": false,
							"uv": [ 0.0, 0.0 ],
							"rotationOrigin": [ 0.0, 0.5, 1.7 ],
							"rotationX": 45.0,
							"faces": {
								"north": { "texture": "#steel", "uv": [ 0.0, 2.0, 2.0, 4.0 ] },
								"east": { "texture": "#steel", "uv": [ 2.0, 2.0, 4.0, 4.0 ] },
								"south": { "texture": "#steel", "uv": [ 2.0, 2.0, 4.0, 4.0 ] },
								"west": { "texture": "#steel", "uv": [ 4.0, 2.0, 6.0, 4.0 ] },
								"up": { "texture": "#steel", "uv": [ 0.0, 0.0, 4.0, 4.0 ], "autoUv": false, "windMode": [-1,-1,-1,-1] },
								"down": { "texture": "#steel", "uv": [ 2.0, 0.0, 4.0, 2.0 ] }
							},
							"children": [
								{
									"name": "boolL19",
									"from": [ 0.0, 0.0, 1.0 ],
									"to": [ 0.7, 0.5, 2.3 ],
									"autoUnwrap": false,
									"uv": [ 0.0, 0.0 ],
									"rotationOrigin": [ 0.0, 0.5, 1.0 ],
									"rotationX": 45.0,
									"faces": {
										"north": { "texture": "#steel", "uv": [ 0.0, 2.0, 2.0, 4.0 ] },
										"east": { "texture": "#steel", "uv": [ 2.0, 2.0, 4.0, 4.0 ] },
										"south": { "texture": "#steel", "uv": [ 2.0, 2.0, 4.0, 4.0 ] },
										"west": { "texture": "#steel", "uv": [ 4.0, 2.0, 6.0, 4.0 ] },
										"up": { "texture": "#steel", "uv": [ 0.0, 0.0, 4.0, 4.0 ], "autoUv": false, "windMode": [-1,-1,-1,-1] },
										"down": { "texture": "#steel", "uv": [ 2.0, 0.0, 4.0, 2.0 ] }
									}
								}
							]
						},
						{
							"name": "boolL20",
							"from": [ 0.0, 0.0, -1.0 ],
							"to": [ 0.7, 0.5, 0.0 ],
							"autoUnwrap": false,
							"uv": [ 0.0, 0.0 ],
							"rotationOrigin": [ 0.0, 0.5, 0.0 ],
							"rotationX": -45.0,
							"faces": {
								"north": { "texture": "#steel", "uv": [ 0.0, 2.0, 2.0, 4.0 ] },
								"east": { "texture": "#steel", "uv": [ 2.0, 2.0, 4.0, 4.0 ] },
								"south": { "texture": "#steel", "uv": [ 2.0, 2.0, 4.0, 4.0 ] },
								"west": { "texture": "#steel", "uv": [ 4.0, 2.0, 6.0, 4.0 ] },
								"up": { "texture": "#steel", "uv": [ 0.0, 0.0, 4.0, 4.0 ], "autoUv": false, "windMode": [-1,-1,-1,-1] },
								"down": { "texture": "#steel", "uv": [ 2.0, 0.0, 4.0, 2.0 ] }
							},
							"children": [
								{
									"name": "boolL21",
									"from": [ 0.0, 0.0, -1.3 ],
									"to": [ 0.7, 0.5, 0.0 ],
									"autoUnwrap": false,
									"uv": [ 0.0, 0.0 ],
									"rotationOrigin": [ 0.0, 0.5, 0.0 ],
									"rotationX": -45.0,
									"faces": {
										"north": { "texture": "#steel", "uv": [ 0.0, 2.0, 2.0, 4.0 ] },
										"east": { "texture": "#steel", "uv": [ 2.0, 2.0, 4.0, 4.0 ] },
										"south": { "texture": "#steel", "uv": [ 2.0, 2.0, 4.0, 4.0 ] },
										"west": { "texture": "#steel", "uv": [ 4.0, 2.0, 6.0, 4.0 ] },
										"up": { "texture": "#steel", "uv": [ 0.0, 0.0, 4.0, 4.0 ], "autoUv": false, "windMode": [-1,-1,-1,-1] },
										"down": { "texture": "#steel", "uv": [ 2.0, 0.0, 4.0, 2.0 ] }
									}
								}
							]
						}
					]
				},
				{
					"name": "boolL22",
					"from": [ -1.4, 1.3, 0.7 ],
					"to": [ -0.7, 1.8, 2.4 ],
					"autoUnwrap": false,
					"uv": [ 0.0, 0.0 ],
					"rotationOrigin": [ -1.45, 1.3, 0.65 ],
					"faces": {
						"north": { "texture": "#steel", "uv": [ 0.0, 2.0, 2.0, 4.0 ] },
						"east": { "texture": "#steel", "uv": [ 2.0, 2.0, 4.0, 4.0 ] },
						"south": { "texture": "#steel", "uv": [ 2.0, 2.0, 4.0, 4.0 ] },
						"west": { "texture": "#steel", "uv": [ 4.0, 2.0, 6.0, 4.0 ] },
						"up": { "texture": "#steel", "uv": [ 0.0, 0.0, 4.0, 4.0 ], "autoUv": false, "windMode": [-1,-1,-1,-1] },
						"down": { "texture": "#steel", "uv": [ 2.0, 0.0, 4.0, 2.0 ] }
					},
					"children": [
						{
							"name": "boolL23",
							"from": [ 0.0, 0.0, 1.7 ],
							"to": [ 0.7, 0.5, 2.7 ],
							"autoUnwrap": false,
							"uv": [ 0.0, 0.0 ],
							"rotationOrigin": [ 0.0, 0.5, 1.7 ],
							"rotationX": 45.0,
							"faces": {
								"north": { "texture": "#steel", "uv": [ 0.0, 2.0, 2.0, 4.0 ] },
								"east": { "texture": "#steel", "uv": [ 2.0, 2.0, 4.0, 4.0 ] },
								"south": { "texture": "#steel", "uv": [ 2.0, 2.0, 4.0, 4.0 ] },
								"west": { "texture": "#steel", "uv": [ 4.0, 2.0, 6.0, 4.0 ] },
								"up": { "texture": "#steel", "uv": [ 0.0, 0.0, 4.0, 4.0 ], "autoUv": false, "windMode": [-1,-1,-1,-1] },
								"down": { "texture": "#steel", "uv": [ 2.0, 0.0, 4.0, 2.0 ] }
							},
							"children": [
								{
									"name": "boolL24",
									"from": [ 0.0, 0.0, 1.0 ],
									"to": [ 0.7, 0.5, 2.1 ],
									"autoUnwrap": false,
									"uv": [ 0.0, 0.0 ],
									"rotationOrigin": [ 0.0, 0.5, 1.0 ],
									"rotationX": 45.0,
									"faces": {
										"north": { "texture": "#steel", "uv": [ 0.0, 2.0, 2.0, 4.0 ] },
										"east": { "texture": "#steel", "uv": [ 2.0, 2.0, 4.0, 4.0 ] },
										"south": { "texture": "#steel", "uv": [ 2.0, 2.0, 4.0, 4.0 ] },
										"west": { "texture": "#steel", "uv": [ 4.0, 2.0, 6.0, 4.0 ] },
										"up": { "texture": "#steel", "uv": [ 0.0, 0.0, 4.0, 4.0 ], "autoUv": false, "windMode": [-1,-1,-1,-1] },
										"down": { "texture": "#steel", "uv": [ 2.0, 0.0, 4.0, 2.0 ] }
									}
								}
							]
						},
						{
							"name": "boolL25",
							"from": [ 0.0, 0.0, -1.0 ],
							"to": [ 0.7, 0.5, 0.0 ],
							"autoUnwrap": false,
							"uv": [ 0.0, 0.0 ],
							"rotationOrigin": [ 0.0, 0.5, 0.0 ],
							"rotationX": -45.0,
							"faces": {
								"north": { "texture": "#steel", "uv": [ 0.0, 2.0, 2.0, 4.0 ] },
								"east": { "texture": "#steel", "uv": [ 2.0, 2.0, 4.0, 4.0 ] },
								"south": { "texture": "#steel", "uv": [ 2.0, 2.0, 4.0, 4.0 ] },
								"west": { "texture": "#steel", "uv": [ 4.0, 2.0, 6.0, 4.0 ] },
								"up": { "texture": "#steel", "uv": [ 0.0, 0.0, 4.0, 4.0 ], "autoUv": false, "windMode": [-1,-1,-1,-1] },
								"down": { "texture": "#steel", "uv": [ 2.0, 0.0, 4.0, 2.0 ] }
							},
							"children": [
								{
									"name": "boolL26",
									"from": [ 0.0, 0.0, -1.1 ],
									"to": [ 0.7, 0.5, 0.0 ],
									"autoUnwrap": false,
									"uv": [ 0.0, 0.0 ],
									"rotationOrigin": [ 0.0, 0.5, 0.0 ],
									"rotationX": -45.0,
									"faces": {
										"north": { "texture": "#steel", "uv": [ 0.0, 2.0, 2.0, 4.0 ] },
										"east": { "texture": "#steel", "uv": [ 2.0, 2.0, 4.0, 4.0 ] },
										"south": { "texture": "#steel", "uv": [ 2.0, 2.0, 4.0, 4.0 ] },
										"west": { "texture": "#steel", "uv": [ 4.0, 2.0, 6.0, 4.0 ] },
										"up": { "texture": "#steel", "uv": [ 0.0, 0.0, 4.0, 4.0 ], "autoUv": false, "windMode": [-1,-1,-1,-1] },
										"down": { "texture": "#steel", "uv": [ 2.0, 0.0, 4.0, 2.0 ] }
									}
								}
							]
						}
					]
				},
				{
					"name": "boolL27",
					"from": [ -2.1, 1.1, 0.7 ],
					"to": [ -1.4, 1.6, 2.4 ],
					"autoUnwrap": false,
					"uv": [ 0.0, 0.0 ],
					"rotationOrigin": [ -2.15, 1.1, 0.65 ],
					"faces": {
						"north": { "texture": "#steel", "uv": [ 0.0, 2.0, 2.0, 4.0 ] },
						"east": { "texture": "#steel", "uv": [ 2.0, 2.0, 4.0, 4.0 ] },
						"south": { "texture": "#steel", "uv": [ 2.0, 2.0, 4.0, 4.0 ] },
						"west": { "texture": "#steel", "uv": [ 4.0, 2.0, 6.0, 4.0 ] },
						"up": { "texture": "#steel", "uv": [ 0.0, 0.0, 4.0, 4.0 ], "autoUv": false, "windMode": [-1,-1,-1,-1] },
						"down": { "texture": "#steel", "uv": [ 2.0, 0.0, 4.0, 2.0 ] }
					},
					"children": [
						{
							"name": "boolL28",
							"from": [ 0.0, 0.0, 1.7 ],
							"to": [ 0.7, 0.5, 2.7 ],
							"autoUnwrap": false,
							"uv": [ 0.0, 0.0 ],
							"rotationOrigin": [ 0.0, 0.5, 1.7 ],
							"rotationX": 45.0,
							"faces": {
								"north": { "texture": "#steel", "uv": [ 0.0, 2.0, 2.0, 4.0 ] },
								"east": { "texture": "#steel", "uv": [ 2.0, 2.0, 4.0, 4.0 ] },
								"south": { "texture": "#steel", "uv": [ 2.0, 2.0, 4.0, 4.0 ] },
								"west": { "texture": "#steel", "uv": [ 4.0, 2.0, 6.0, 4.0 ] },
								"up": { "texture": "#steel", "uv": [ 0.0, 0.0, 4.0, 4.0 ], "autoUv": false, "windMode": [-1,-1,-1,-1] },
								"down": { "texture": "#steel", "uv": [ 2.0, 0.0, 4.0, 2.0 ] }
							},
							"children": [
								{
									"name": "boolL29",
									"from": [ 0.0, 0.0, 1.0 ],
									"to": [ 0.7, 0.5, 1.9 ],
									"autoUnwrap": false,
									"uv": [ 0.0, 0.0 ],
									"rotationOrigin": [ 0.0, 0.5, 1.0 ],
									"rotationX": 45.0,
									"faces": {
										"north": { "texture": "#steel", "uv": [ 0.0, 2.0, 2.0, 4.0 ] },
										"east": { "texture": "#steel", "uv": [ 2.0, 2.0, 4.0, 4.0 ] },
										"south": { "texture": "#steel", "uv": [ 2.0, 2.0, 4.0, 4.0 ] },
										"west": { "texture": "#steel", "uv": [ 4.0, 2.0, 6.0, 4.0 ] },
										"up": { "texture": "#steel", "uv": [ 0.0, 0.0, 4.0, 4.0 ], "autoUv": false, "windMode": [-1,-1,-1,-1] },
										"down": { "texture": "#steel", "uv": [ 2.0, 0.0, 4.0, 2.0 ] }
									}
								}
							]
						},
						{
							"name": "boolL30",
							"from": [ 0.0, 0.0, -1.0 ],
							"to": [ 0.7, 0.5, 0.0 ],
							"autoUnwrap": false,
							"uv": [ 0.0, 0.0 ],
							"rotationOrigin": [ 0.0, 0.5, 0.0 ],
							"rotationX": -45.0,
							"faces": {
								"north": { "texture": "#steel", "uv": [ 0.0, 2.0, 2.0, 4.0 ] },
								"east": { "texture": "#steel", "uv": [ 2.0, 2.0, 4.0, 4.0 ] },
								"south": { "texture": "#steel", "uv": [ 2.0, 2.0, 4.0, 4.0 ] },
								"west": { "texture": "#steel", "uv": [ 4.0, 2.0, 6.0, 4.0 ] },
								"up": { "texture": "#steel", "uv": [ 0.0, 0.0, 4.0, 4.0 ], "autoUv": false, "windMode": [-1,-1,-1,-1] },
								"down": { "texture": "#steel", "uv": [ 2.0, 0.0, 4.0, 2.0 ] }
							},
							"children": [
								{
									"name": "boolL31",
									"from": [ 0.0, 0.0, -0.9 ],
									"to": [ 0.7, 0.5, 0.0 ],
									"autoUnwrap": false,
									"uv": [ 0.0, 0.0 ],
									"rotationOrigin": [ 0.0, 0.5, 0.0 ],
									"rotationX": -45.0,
									"faces": {
										"north": { "texture": "#steel", "uv": [ 0.0, 2.0, 2.0, 4.0 ] },
										"east": { "texture": "#steel", "uv": [ 2.0, 2.0, 4.0, 4.0 ] },
										"south": { "texture": "#steel", "uv": [ 2.0, 2.0, 4.0, 4.0 ] },
										"west": { "texture": "#steel", "uv": [ 4.0, 2.0, 6.0, 4.0 ] },
										"up": { "texture": "#steel", "uv": [ 0.0, 0.0, 4.0, 4.0 ], "autoUv": false, "windMode": [-1,-1,-1,-1] },
										"down": { "texture": "#steel", "uv": [ 2.0, 0.0, 4.0, 2.0 ] }
									}
								}
							]
						},
						{
							"name": "Cube25",
							"from": [ -0.5, -1.1, -0.7 ],
							"to": [ 0.0, -0.1, 0.0 ],
							"autoUnwrap": false,
							"uv": [ 0.0, 0.0 ],
							"rotationOrigin": [ -0.5, -1.1, -0.7 ],
							"rotationZ": -14.0,
							"faces": {
								"north": { "texture": "#steel", "uv": [ 0.0, 2.0, 2.0, 4.0 ] },
								"east": { "texture": "#steel", "uv": [ 2.0, 2.0, 4.0, 4.0 ] },
								"south": { "texture": "#steel", "uv": [ 4.0, 2.0, 6.0, 4.0 ] },
								"west": { "texture": "#steel", "uv": [ 6.0, 2.0, 10.0, 8.0 ], "autoUv": false, "windMode": [-1,-1,-1,-1] },
								"up": { "texture": "#steel", "uv": [ 0.0, 0.0, 2.0, 2.0 ] },
								"down": { "texture": "#steel", "uv": [ 2.0, 0.0, 4.0, 2.0 ] }
							}
						},
						{
							"name": "Cube26",
							"from": [ -0.5, -1.1, 1.7 ],
							"to": [ 0.0, -0.1, 2.4 ],
							"autoUnwrap": false,
							"uv": [ 0.0, 0.0 ],
							"rotationOrigin": [ -0.5, -1.1, 1.7 ],
							"rotationZ": -14.0,
							"faces": {
								"north": { "texture": "#steel", "uv": [ 0.0, 2.0, 2.0, 4.0 ] },
								"east": { "texture": "#steel", "uv": [ 2.0, 2.0, 4.0, 4.0 ] },
								"south": { "texture": "#steel", "uv": [ 4.0, 2.0, 6.0, 4.0 ] },
								"west": { "texture": "#steel", "uv": [ 6.0, 2.0, 10.0, 8.0 ], "rotation": 180, "autoUv": false, "windMode": [-1,-1,-1,-1] },
								"up": { "texture": "#steel", "uv": [ 0.0, 0.0, 2.0, 2.0 ] },
								"down": { "texture": "#steel", "uv": [ 2.0, 0.0, 4.0, 2.0 ] }
							}
						},
						{
							"name": "Cube27",
							"from": [ -0.5, -1.1, 0.0 ],
							"to": [ 0.0, 0.4, 0.85 ],
							"autoUnwrap": false,
							"uv": [ 0.0, 0.0 ],
							"rotationOrigin": [ -0.5, -1.1, 0.0 ],
							"rotationZ": -12.0,
							"faces": {
								"north": { "texture": "#steel", "uv": [ 0.0, 2.0, 2.0, 4.0 ] },
								"east": { "texture": "#steel", "uv": [ 2.0, 2.0, 4.0, 4.0 ] },
								"south": { "texture": "#steel", "uv": [ 4.0, 2.0, 6.0, 4.0 ] },
								"west": { "texture": "#steel", "uv": [ 6.0, 2.0, 10.0, 10.0 ], "autoUv": false, "windMode": [-1,-1,-1,-1] },
								"up": { "texture": "#steel", "uv": [ 0.0, 0.0, 2.0, 2.0 ] },
								"down": { "texture": "#steel", "uv": [ 2.0, 0.0, 4.0, 2.0 ] }
							}
						},
						{
							"name": "Cube28",
							"from": [ -0.5, -1.1, 0.85 ],
							"to": [ 0.0, 0.4, 1.7 ],
							"autoUnwrap": false,
							"uv": [ 0.0, 0.0 ],
							"rotationOrigin": [ -0.5, -1.1, 0.8 ],
							"rotationZ": -12.0,
							"faces": {
								"north": { "texture": "#steel", "uv": [ 0.0, 2.0, 2.0, 4.0 ] },
								"east": { "texture": "#steel", "uv": [ 2.0, 2.0, 4.0, 4.0 ] },
								"south": { "texture": "#steel", "uv": [ 4.0, 2.0, 6.0, 4.0 ] },
								"west": { "texture": "#steel", "uv": [ 6.0, 2.0, 10.0, 10.0 ], "rotation": 180, "autoUv": false, "windMode": [-1,-1,-1,-1] },
								"up": { "texture": "#steel", "uv": [ 0.0, 0.0, 2.0, 2.0 ] },
								"down": { "texture": "#steel", "uv": [ 2.0, 0.0, 4.0, 2.0 ] }
							}
						}
					]
				},
				{
					"name": "Cube34",
					"from": [ -2.1, -0.1, 0.0 ],
					"to": [ 4.1, 0.0, 3.1 ],
					"uv": [ 0.0, 0.0 ],
					"rotationOrigin": [ -2.1, -0.1, 0.0 ],
					"faces": {
						"north": { "texture": "#steel", "uv": [ 0.0, 2.0, 6.0, 4.0 ] },
						"east": { "texture": "#steel", "uv": [ 6.0, 2.0, 8.0, 4.0 ] },
						"south": { "texture": "#steel", "uv": [ 8.0, 2.0, 14.0, 4.0 ] },
						"west": { "texture": "#steel", "uv": [ 14.0, 2.0, 16.0, 4.0 ] },
						"up": { "texture": "#steel", "uv": [ 0.0, 0.0, 6.0, 2.0 ] },
						"down": { "texture": "#steel", "uv": [ 6.0, 0.0, 12.0, 2.0 ] }
					}
				}
			]
		},
		{
			"name": "leg",
			"stepParentName": "LowerFootL",
			"from": [ -0.2, 2.0, -0.2 ],
			"to": [ 4.2, 7.1, 3.2 ],
			"autoUnwrap": false,
			"uv": [ 0.0, 0.0 ],
			"rotationOrigin": [ -0.2, 2.0, -0.2 ],
			"faces": {
				"north": { "texture": "#steel", "uv": [ 0.0, 2.0, 13.0, 27.0 ], "autoUv": false, "windMode": [-1,-1,-1,-1] },
				"east": { "texture": "#steel", "uv": [ 4.0, 2.0, 14.0, 27.0 ], "autoUv": false, "windMode": [-1,-1,-1,-1] },
				"south": { "texture": "#steel", "uv": [ 6.0, 2.0, 20.0, 27.0 ], "autoUv": false, "windMode": [-1,-1,-1,-1] },
				"west": { "texture": "#steel", "uv": [ 8.0, 2.0, 18.0, 27.0 ], "autoUv": false, "windMode": [-1,-1,-1,-1] },
				"up": { "texture": "#steel", "uv": [ 0.0, 0.0, 4.0, 3.0 ] },
				"down": { "texture": "#steel", "uv": [ 4.0, 0.0, 8.0, 3.0 ] }
			},
			"children": [
				{
					"name": "Cube31",
					"from": [ 0.0, 0.0, 0.1 ],
					"to": [ 2.2, 1.1, 3.3 ],
					"uv": [ 0.0, 0.0 ],
					"rotationOrigin": [ 0.0, 0.0, 3.3 ],
					"rotationZ": -45.0,
					"faces": {
						"north": { "texture": "#steel", "uv": [ 0.0, 2.0, 2.0, 4.0 ] },
						"east": { "texture": "#steel", "uv": [ 2.0, 2.0, 4.0, 4.0 ] },
						"south": { "texture": "#steel", "uv": [ 4.0, 2.0, 6.0, 4.0 ] },
						"west": { "texture": "#steel", "uv": [ 6.0, 2.0, 8.0, 4.0 ] },
						"up": { "texture": "#steel", "uv": [ 0.0, 0.0, 2.0, 2.0 ] },
						"down": { "texture": "#steel", "uv": [ 2.0, 0.0, 4.0, 2.0 ] }
					},
					"children": [
						{
							"name": "Cube29",
							"from": [ -0.1, 0.0, 0.0 ],
							"to": [ 0.0, 0.2, 3.3 ],
							"uv": [ 0.0, 0.0 ],
							"rotationOrigin": [ 0.0, 0.0, 0.0 ],
							"rotationZ": 45.0,
							"faces": {
								"north": { "texture": "#steel", "uv": [ 0.0, 2.0, 2.0, 4.0 ] },
								"east": { "texture": "#steel", "uv": [ 2.0, 2.0, 4.0, 4.0 ] },
								"south": { "texture": "#steel", "uv": [ 4.0, 2.0, 6.0, 4.0 ] },
								"west": { "texture": "#steel", "uv": [ 6.0, 2.0, 8.0, 4.0 ] },
								"up": { "texture": "#steel", "uv": [ 0.0, 0.0, 2.0, 2.0 ] },
								"down": { "texture": "#steel", "uv": [ 2.0, 0.0, 4.0, 2.0 ] }
							}
						}
					]
				},
				{
					"name": "Cube32",
					"from": [ 2.2, 0.0, 0.1 ],
					"to": [ 4.4, 1.1, 3.3 ],
					"uv": [ 0.0, 0.0 ],
					"rotationOrigin": [ 4.4, 0.0, 3.3 ],
					"rotationZ": 45.0,
					"faces": {
						"north": { "texture": "#steel", "uv": [ 0.0, 2.0, 2.0, 4.0 ] },
						"east": { "texture": "#steel", "uv": [ 2.0, 2.0, 4.0, 4.0 ] },
						"south": { "texture": "#steel", "uv": [ 4.0, 2.0, 6.0, 4.0 ] },
						"west": { "texture": "#steel", "uv": [ 6.0, 2.0, 8.0, 4.0 ] },
						"up": { "texture": "#steel", "uv": [ 0.0, 0.0, 2.0, 2.0 ] },
						"down": { "texture": "#steel", "uv": [ 2.0, 0.0, 4.0, 2.0 ] }
					},
					"children": [
						{
							"name": "Cube33",
							"from": [ -1.3, 0.0, 0.0 ],
							"to": [ 0.0, 1.6, 3.2 ],
							"uv": [ 0.0, 0.0 ],
							"rotationOrigin": [ 0.0, 0.0, 10.2 ],
							"rotationZ": -45.0,
							"faces": {
								"north": { "texture": "#steel", "uv": [ 0.0, 2.0, 2.0, 4.0 ] },
								"east": { "texture": "#steel", "uv": [ 2.0, 2.0, 4.0, 4.0 ] },
								"south": { "texture": "#steel", "uv": [ 4.0, 2.0, 6.0, 4.0 ] },
								"west": { "texture": "#steel", "uv": [ 6.0, 2.0, 8.0, 4.0 ] },
								"up": { "texture": "#steel", "uv": [ 0.0, 0.0, 2.0, 2.0 ] },
								"down": { "texture": "#steel", "uv": [ 2.0, 0.0, 4.0, 2.0 ] }
							}
						}
					]
				},
				{
					"name": "Cube30",
					"from": [ -0.1, 0.4, 0.0 ],
					"to": [ 0.0, 7.0, 3.4 ],
					"autoUnwrap": false,
					"uv": [ 0.0, 0.0 ],
					"rotationOrigin": [ -0.1, 10.4, 0.0 ],
					"rotationZ": -2.0,
					"faces": {
						"north": { "texture": "#blackcloth", "uv": [ 0.0, 2.0, 2.0, 6.0 ], "autoUv": false },
						"east": { "texture": "#blackcloth", "uv": [ 2.0, 2.0, 32.0, 64.0 ], "autoUv": false, "windMode": [-1,-1,-1,-1] },
						"south": { "texture": "#blackcloth", "uv": [ 4.0, 2.0, 4.5, 8.5 ] },
						"west": { "texture": "#blackcloth", "uv": [ 6.0, 0.0, 32.0, 64.0 ], "autoUv": false, "windMode": [-1,-1,-1,-1] },
						"up": { "texture": "#blackcloth", "uv": [ 0.0, 0.0, 0.5, 3.0 ] },
						"down": { "texture": "#blackcloth", "uv": [ 2.0, 0.0, 2.5, 3.0 ] }
					},
					"children": [
						{
							"name": "Cube45",
							"from": [ 0.0, 6.6, 0.01 ],
							"to": [ 2.1, 10.2, 3.41 ],
							"autoUnwrap": false,
							"uv": [ 0.0, 0.0 ],
							"rotationOrigin": [ 0.0, 6.6, 0.0 ],
							"rotationZ": -55.0,
							"faces": {
								"north": { "texture": "#blackcloth", "uv": [ 0.0, 2.0, 2.0, 6.0 ], "autoUv": false },
								"east": { "texture": "#blackcloth", "uv": [ 2.0, 2.0, 32.0, 64.0 ], "autoUv": false, "windMode": [-1,-1,-1,-1] },
								"south": { "texture": "#blackcloth", "uv": [ 4.0, 2.0, 6.0, 4.0 ] },
								"west": { "texture": "#blackcloth", "uv": [ 6.0, 0.0, 32.0, 64.0 ], "autoUv": false, "windMode": [-1,-1,-1,-1] },
								"up": { "texture": "#blackcloth", "uv": [ 0.0, 0.0, 2.0, 2.0 ] },
								"down": { "texture": "#blackcloth", "uv": [ 2.0, 0.0, 4.0, 2.0 ] }
							}
						}
					]
				},
				{
					"name": "Cube36",
					"from": [ 4.4, 0.4, 0.0 ],
					"to": [ 4.5, 7.0, 3.4 ],
					"autoUnwrap": false,
					"uv": [ 0.0, 0.0 ],
					"rotationOrigin": [ 4.4, 10.4, 0.0 ],
					"rotationZ": 2.0,
					"faces": {
						"north": { "texture": "#blackcloth", "uv": [ 0.0, 2.0, 2.0, 6.0 ], "autoUv": false },
						"east": { "texture": "#blackcloth", "uv": [ 2.0, 2.0, 32.0, 64.0 ], "autoUv": false, "windMode": [-1,-1,-1,-1] },
						"south": { "texture": "#blackcloth", "uv": [ 4.0, 2.0, 4.5, 8.5 ] },
						"west": { "texture": "#blackcloth", "uv": [ 6.0, 0.0, 32.0, 64.0 ], "autoUv": false, "windMode": [-1,-1,-1,-1] },
						"up": { "texture": "#blackcloth", "uv": [ 0.0, 0.0, 0.5, 3.0 ] },
						"down": { "texture": "#blackcloth", "uv": [ 2.0, 0.0, 2.5, 3.0 ] }
					}
				},
				{
					"name": "Cube37",
					"from": [ 0.0, 0.4, 3.4 ],
					"to": [ 4.5, 7.0, 3.5 ],
					"autoUnwrap": false,
					"uv": [ 0.0, 0.0 ],
					"rotationOrigin": [ 0.0, 10.4, 3.4 ],
					"rotationX": -2.0,
					"faces": {
						"north": { "texture": "#blackcloth", "uv": [ 0.0, 2.0, 2.0, 6.0 ], "autoUv": false },
						"east": { "texture": "#blackcloth", "uv": [ 2.0, 2.0, 3.0, 3.0 ], "autoUv": false, "windMode": [-1,-1,-1,-1] },
						"south": { "texture": "#blackcloth", "uv": [ 4.0, 2.0, 35.5, 64.0 ], "autoUv": false, "windMode": [-1,-1,-1,-1] },
						"west": { "texture": "#blackcloth", "uv": [ 4.0, 0.0, 0.0, 64.0 ], "autoUv": false, "windMode": [-1,-1,-1,-1] },
						"up": { "texture": "#blackcloth", "uv": [ 0.0, 0.0, 4.5, 0.5 ] },
						"down": { "texture": "#blackcloth", "uv": [ 2.0, 0.0, 6.5, 0.5 ] }
					}
				}
			]
		},
		{
			"name": "leg2",
			"stepParentName": "LowerFootR",
			"from": [ 4.2, 2.0, 3.2 ],
			"to": [ 8.6, 7.1, 6.6 ],
			"autoUnwrap": false,
			"uv": [ 0.0, 0.0 ],
			"rotationOrigin": [ 4.2, 2.0, 3.2 ],
			"rotationY": -180.0,
			"faces": {
				"north": { "texture": "#steel", "uv": [ 0.0, 2.0, 8.0, 18.0 ], "autoUv": false, "windMode": [-1,-1,-1,-1] },
				"east": { "texture": "#steel", "uv": [ 4.0, 2.0, 16.0, 33.0 ], "autoUv": false, "windMode": [-1,-1,-1,-1] },
				"south": { "texture": "#steel", "uv": [ 6.0, 2.0, 22.0, 33.0 ], "autoUv": false, "windMode": [-1,-1,-1,-1] },
				"west": { "texture": "#steel", "uv": [ 8.0, 2.0, 18.0, 33.0 ], "autoUv": false, "windMode": [-1,-1,-1,-1] },
				"up": { "texture": "#steel", "uv": [ 0.0, 0.0, 4.0, 3.0 ] },
				"down": { "texture": "#steel", "uv": [ 4.0, 0.0, 8.0, 3.0 ] }
			},
			"children": [
				{
					"name": "Cube38",
					"from": [ 0.0, 0.0, 0.1 ],
					"to": [ 2.2, 1.1, 3.3 ],
					"uv": [ 0.0, 0.0 ],
					"rotationOrigin": [ 0.0, 0.0, 3.3 ],
					"rotationZ": -45.0,
					"faces": {
						"north": { "texture": "#steel", "uv": [ 0.0, 2.0, 2.0, 4.0 ] },
						"east": { "texture": "#steel", "uv": [ 2.0, 2.0, 4.0, 4.0 ] },
						"south": { "texture": "#steel", "uv": [ 4.0, 2.0, 6.0, 4.0 ] },
						"west": { "texture": "#steel", "uv": [ 6.0, 2.0, 8.0, 4.0 ] },
						"up": { "texture": "#steel", "uv": [ 0.0, 0.0, 2.0, 2.0 ] },
						"down": { "texture": "#steel", "uv": [ 2.0, 0.0, 4.0, 2.0 ] }
					},
					"children": [
						{
							"name": "Cube39",
							"from": [ -0.1, 0.0, 0.0 ],
							"to": [ 0.0, 0.2, 3.3 ],
							"uv": [ 0.0, 0.0 ],
							"rotationOrigin": [ 0.0, 0.0, 0.0 ],
							"rotationZ": 45.0,
							"faces": {
								"north": { "texture": "#steel", "uv": [ 0.0, 2.0, 2.0, 4.0 ] },
								"east": { "texture": "#steel", "uv": [ 2.0, 2.0, 4.0, 4.0 ] },
								"south": { "texture": "#steel", "uv": [ 4.0, 2.0, 6.0, 4.0 ] },
								"west": { "texture": "#steel", "uv": [ 6.0, 2.0, 8.0, 4.0 ] },
								"up": { "texture": "#steel", "uv": [ 0.0, 0.0, 2.0, 2.0 ] },
								"down": { "texture": "#steel", "uv": [ 2.0, 0.0, 4.0, 2.0 ] }
							}
						}
					]
				},
				{
					"name": "Cube40",
					"from": [ 2.2, 0.0, 0.1 ],
					"to": [ 4.4, 1.1, 3.3 ],
					"uv": [ 0.0, 0.0 ],
					"rotationOrigin": [ 4.4, 0.0, 3.3 ],
					"rotationZ": 45.0,
					"faces": {
						"north": { "texture": "#steel", "uv": [ 0.0, 2.0, 2.0, 4.0 ] },
						"east": { "texture": "#steel", "uv": [ 2.0, 2.0, 4.0, 4.0 ] },
						"south": { "texture": "#steel", "uv": [ 4.0, 2.0, 6.0, 4.0 ] },
						"west": { "texture": "#steel", "uv": [ 6.0, 2.0, 8.0, 4.0 ] },
						"up": { "texture": "#steel", "uv": [ 0.0, 0.0, 2.0, 2.0 ] },
						"down": { "texture": "#steel", "uv": [ 2.0, 0.0, 4.0, 2.0 ] }
					},
					"children": [
						{
							"name": "Cube41",
							"from": [ -1.3, 0.0, 0.0 ],
							"to": [ 0.0, 1.6, 3.2 ],
							"uv": [ 0.0, 0.0 ],
							"rotationOrigin": [ 0.0, 0.0, 10.2 ],
							"rotationZ": -45.0,
							"faces": {
								"north": { "texture": "#steel", "uv": [ 0.0, 2.0, 2.0, 4.0 ] },
								"east": { "texture": "#steel", "uv": [ 2.0, 2.0, 4.0, 4.0 ] },
								"south": { "texture": "#steel", "uv": [ 4.0, 2.0, 6.0, 4.0 ] },
								"west": { "texture": "#steel", "uv": [ 6.0, 2.0, 8.0, 4.0 ] },
								"up": { "texture": "#steel", "uv": [ 0.0, 0.0, 2.0, 2.0 ] },
								"down": { "texture": "#steel", "uv": [ 2.0, 0.0, 4.0, 2.0 ] }
							}
						}
					]
				},
				{
					"name": "Cube42",
					"from": [ -0.1, 0.4, 0.0 ],
					"to": [ 0.0, 7.0, 3.4 ],
					"autoUnwrap": false,
					"uv": [ 0.0, 0.0 ],
					"rotationOrigin": [ -0.1, 10.4, 0.0 ],
					"rotationZ": -2.0,
					"faces": {
						"north": { "texture": "#blackcloth", "uv": [ 0.0, 2.0, 2.0, 6.0 ], "autoUv": false },
						"east": { "texture": "#blackcloth", "uv": [ 2.0, 2.0, 32.0, 64.0 ], "autoUv": false, "windMode": [-1,-1,-1,-1] },
						"south": { "texture": "#blackcloth", "uv": [ 4.0, 2.0, 4.5, 8.5 ] },
						"west": { "texture": "#blackcloth", "uv": [ 6.0, 0.0, 32.0, 64.0 ], "autoUv": false, "windMode": [-1,-1,-1,-1] },
						"up": { "texture": "#blackcloth", "uv": [ 0.0, 0.0, 0.5, 3.0 ] },
						"down": { "texture": "#blackcloth", "uv": [ 2.0, 0.0, 2.5, 3.0 ] }
					}
				},
				{
					"name": "Cube43",
					"from": [ 4.4, 0.4, 0.0 ],
					"to": [ 4.5, 7.0, 3.4 ],
					"autoUnwrap": false,
					"uv": [ 0.0, 0.0 ],
					"rotationOrigin": [ 4.4, 10.4, 0.0 ],
					"rotationZ": 2.0,
					"faces": {
						"north": { "texture": "#blackcloth", "uv": [ 0.0, 2.0, 2.0, 6.0 ], "autoUv": false },
						"east": { "texture": "#blackcloth", "uv": [ 2.0, 2.0, 32.0, 64.0 ], "autoUv": false, "windMode": [-1,-1,-1,-1] },
						"south": { "texture": "#blackcloth", "uv": [ 4.0, 2.0, 4.5, 8.5 ] },
						"west": { "texture": "#blackcloth", "uv": [ 6.0, 0.0, 32.0, 64.0 ], "autoUv": false, "windMode": [-1,-1,-1,-1] },
						"up": { "texture": "#blackcloth", "uv": [ 0.0, 0.0, 0.5, 3.0 ] },
						"down": { "texture": "#blackcloth", "uv": [ 2.0, 0.0, 2.5, 3.0 ] }
					},
					"children": [
						{
							"name": "Cube46",
							"from": [ -2.0, 6.6, 0.01 ],
							"to": [ 0.1, 10.2, 3.41 ],
							"autoUnwrap": false,
							"uv": [ 0.0, 0.0 ],
							"rotationOrigin": [ 0.1, 6.6, 0.0 ],
							"rotationZ": 55.0,
							"faces": {
								"north": { "texture": "#blackcloth", "uv": [ 0.0, 2.0, 2.0, 6.0 ], "autoUv": false },
								"east": { "texture": "#blackcloth", "uv": [ 2.0, 2.0, 32.0, 64.0 ], "autoUv": false, "windMode": [-1,-1,-1,-1] },
								"south": { "texture": "#blackcloth", "uv": [ 4.0, 2.0, 6.0, 4.0 ] },
								"west": { "texture": "#blackcloth", "uv": [ 6.0, 0.0, 32.0, 64.0 ], "autoUv": false, "windMode": [-1,-1,-1,-1] },
								"up": { "texture": "#blackcloth", "uv": [ 0.0, 0.0, 2.0, 2.0 ] },
								"down": { "texture": "#blackcloth", "uv": [ 2.0, 0.0, 4.0, 2.0 ] }
							}
						}
					]
				},
				{
					"name": "Cube44",
					"from": [ 0.0, 0.4, 3.4 ],
					"to": [ 4.5, 7.0, 3.5 ],
					"autoUnwrap": false,
					"uv": [ 0.0, 0.0 ],
					"rotationOrigin": [ 0.0, 10.4, 3.4 ],
					"rotationX": -2.0,
					"faces": {
						"north": { "texture": "#blackcloth", "uv": [ 0.0, 2.0, 2.0, 6.0 ], "autoUv": false },
						"east": { "texture": "#blackcloth", "uv": [ 2.0, 2.0, 3.0, 3.0 ], "autoUv": false, "windMode": [-1,-1,-1,-1] },
						"south": { "texture": "#blackcloth", "uv": [ 4.0, 2.0, 35.5, 64.0 ], "autoUv": false, "windMode": [-1,-1,-1,-1] },
						"west": { "texture": "#blackcloth", "uv": [ 4.0, 0.0, 0.0, 64.0 ], "autoUv": false, "windMode": [-1,-1,-1,-1] },
						"up": { "texture": "#blackcloth", "uv": [ 0.0, 0.0, 4.5, 0.5 ] },
						"down": { "texture": "#blackcloth", "uv": [ 2.0, 0.0, 6.5, 0.5 ] }
					}
				}
			]
		},
		{
			"name": "Cube2",
			"stepParentName": "UpperFootL",
			"from": [ -0.2, -0.1, -0.1 ],
			"to": [ 4.4, 5.4, 3.4 ],
			"autoUnwrap": false,
			"uv": [ 0.0, 0.0 ],
			"rotationOrigin": [ -0.2, -0.1, -0.1 ],
			"faces": {
				"north": { "texture": "#blackcloth", "uv": [ 0.0, 2.0, 6.0, 18.0 ], "autoUv": false },
				"east": { "texture": "#blackcloth", "uv": [ 4.0, 2.0, 29.0, 28.0 ], "autoUv": false, "windMode": [-1,-1,-1,-1] },
				"south": { "texture": "#blackcloth", "uv": [ 6.0, 2.0, 38.0, 28.0 ], "autoUv": false, "windMode": [-1,-1,-1,-1] },
				"west": { "texture": "#blackcloth", "uv": [ 10.0, 2.0, 32.0, 25.0 ], "autoUv": false, "windMode": [-1,-1,-1,-1] },
				"up": { "texture": "#blackcloth", "uv": [ 0.0, 0.0, 4.5, 3.5 ] },
				"down": { "texture": "#blackcloth", "uv": [ 4.0, 0.0, 8.5, 3.5 ] }
			}
		},
		{
			"name": "Cube3",
			"stepParentName": "UpperFootR",
			"from": [ -0.2, -0.1, -0.2 ],
			"to": [ 4.4, 5.4, 3.3 ],
			"autoUnwrap": false,
			"uv": [ 0.0, 0.0 ],
			"rotationOrigin": [ -0.2, -0.1, -0.2 ],
			"faces": {
				"north": { "texture": "#blackcloth", "uv": [ 0.0, 2.0, 36.0, 34.0 ], "autoUv": false, "windMode": [-1,-1,-1,-1] },
				"east": { "texture": "#blackcloth", "uv": [ 4.0, 2.0, 29.0, 28.0 ], "autoUv": false, "windMode": [-1,-1,-1,-1] },
				"south": { "texture": "#blackcloth", "uv": [ 6.0, 2.0, 38.0, 28.0 ], "autoUv": false, "windMode": [-1,-1,-1,-1] },
				"west": { "texture": "#blackcloth", "uv": [ 10.0, 2.0, 32.0, 25.0 ], "autoUv": false, "windMode": [-1,-1,-1,-1] },
				"up": { "texture": "#blackcloth", "uv": [ 0.0, 0.0, 4.5, 3.5 ] },
				"down": { "texture": "#blackcloth", "uv": [ 4.0, 0.0, 8.5, 3.5 ] }
			}
		}
	]}