{
	"editor": {
		"allAngles": false,
		"entityTextureMode": false
	},
	"textureWidth": 16,
	"textureHeight": 16,
	"textureSizes": {
	},
	"textures": {
		"bread": "game:item/food/grain/flaxbread"
	},
	"elements": [
		{
			"name": "flaxbread 19",
			"from": [ 7.25, 0.0, 5.5 ],
			"to": [ 8.75, 1.3, 6.0 ],
			"rotationOrigin": [ 9.0, 0.5, 6.0 ],
			"rotationX": -90.0,
			"faces": {
				"north": { "texture": "#bread", "uv": [ 2.0, 6.0, 3.5, 7.0 ] },
				"east": { "texture": "#bread", "uv": [ 0.0, 6.0, 0.5, 7.0 ] },
				"south": { "texture": "#bread", "uv": [ 0.5, 6.0, 2.0, 7.0 ] },
				"west": { "texture": "#bread", "uv": [ 0.0, 6.0, 0.5, 7.0 ] },
				"up": { "texture": "#bread", "uv": [ 0.5, 1.5, 2.0, 2.0 ] },
				"down": { "texture": "#bread", "uv": [ 4.0, 0.0, 5.5, 0.5 ] }
			}
		},
		{
			"name": "flaxbread 20",
			"from": [ 6.75, 0.0, 7.0 ],
			"to": [ 9.25, 1.5, 7.5 ],
			"rotationOrigin": [ 8.5, 0.0, 7.0 ],
			"rotationX": -45.0,
			"faces": {
				"north": { "texture": "#bread", "uv": [ 2.0, 6.0, 4.5, 7.5 ] },
				"east": { "texture": "#bread", "uv": [ 0.0, 6.0, 0.5, 7.5 ] },
				"south": { "texture": "#bread", "uv": [ 0.5, 6.0, 3.0, 7.5 ] },
				"west": { "texture": "#bread", "uv": [ 0.0, 6.0, 0.5, 7.5 ] },
				"up": { "texture": "#bread", "uv": [ 0.5, 1.5, 3.0, 2.0 ] },
				"down": { "texture": "#bread", "uv": [ 4.0, 0.0, 6.5, 0.5 ] }
			},
			"children": [
				{
					"name": "flaxbread 1 top21",
					"from": [ 0.5, 1.5, 0.0 ],
					"to": [ 2.0, 2.0, 0.5 ],
					"faces": {
						"north": { "texture": "#bread", "uv": [ 1.0, 1.5, 2.5, 2.0 ] },
						"east": { "texture": "#bread", "uv": [ 0.5, 2.0, 1.0, 2.5 ], "rotation": 90 },
						"south": { "texture": "#bread", "uv": [ 1.0, 5.5, 2.5, 6.0 ] },
						"west": { "texture": "#bread", "uv": [ 3.5, 2.0, 4.0, 2.5 ], "rotation": 90 },
						"up": { "texture": "#bread", "uv": [ 1.0, 2.0, 2.5, 2.5 ] }
					}
				}
			]
		},
		{
			"name": "flaxbread 21",
			"from": [ 6.25, 0.2, 7.8 ],
			"to": [ 9.75, 1.7, 8.3 ],
			"rotationOrigin": [ 8.0, 0.0, 8.0 ],
			"rotationX": -45.0,
			"faces": {
				"north": { "texture": "#bread", "uv": [ 2.0, 6.0, 5.5, 7.5 ] },
				"east": { "texture": "#bread", "uv": [ 0.0, 6.0, 0.5, 7.5 ] },
				"south": { "texture": "#bread", "uv": [ 0.5, 6.0, 4.0, 7.5 ] },
				"west": { "texture": "#bread", "uv": [ 0.0, 6.0, 0.5, 7.5 ] },
				"up": { "texture": "#bread", "uv": [ 0.5, 1.5, 4.0, 2.0 ] },
				"down": { "texture": "#bread", "uv": [ 4.0, 0.0, 7.5, 0.5 ] }
			},
			"children": [
				{
					"name": "flaxbread 1 top22",
					"from": [ 0.5, 1.5, 0.0 ],
					"to": [ 3.0, 2.0, 0.5 ],
					"faces": {
						"north": { "texture": "#bread", "uv": [ 1.0, 1.5, 3.5, 2.0 ] },
						"east": { "texture": "#bread", "uv": [ 0.5, 2.0, 1.0, 2.5 ], "rotation": 90 },
						"south": { "texture": "#bread", "uv": [ 1.0, 5.5, 3.5, 6.0 ] },
						"west": { "texture": "#bread", "uv": [ 3.5, 2.0, 4.0, 2.5 ], "rotation": 90 },
						"up": { "texture": "#bread", "uv": [ 1.0, 2.0, 3.5, 2.5 ] }
					}
				}
			]
		},
		{
			"name": "flaxbread 22",
			"from": [ 6.25, 0.0, 8.4 ],
			"to": [ 9.75, 1.5, 8.9 ],
			"rotationOrigin": [ 8.0, 0.0, 8.5 ],
			"rotationX": -45.0,
			"faces": {
				"north": { "texture": "#bread", "uv": [ 2.0, 6.0, 5.5, 7.5 ] },
				"east": { "texture": "#bread", "uv": [ 0.0, 6.0, 0.5, 7.5 ] },
				"south": { "texture": "#bread", "uv": [ 0.5, 6.0, 4.0, 7.5 ] },
				"west": { "texture": "#bread", "uv": [ 0.0, 6.0, 0.5, 7.5 ] },
				"up": { "texture": "#bread", "uv": [ 0.5, 1.5, 4.0, 2.0 ] },
				"down": { "texture": "#bread", "uv": [ 4.0, 0.0, 7.5, 0.5 ] }
			},
			"children": [
				{
					"name": "flaxbread 1 top23",
					"from": [ 0.5, 1.5, 0.0 ],
					"to": [ 3.0, 2.0, 0.5 ],
					"faces": {
						"north": { "texture": "#bread", "uv": [ 1.0, 1.5, 3.5, 2.0 ] },
						"east": { "texture": "#bread", "uv": [ 0.5, 2.0, 1.0, 2.5 ], "rotation": 90 },
						"south": { "texture": "#bread", "uv": [ 1.0, 5.5, 3.5, 6.0 ] },
						"west": { "texture": "#bread", "uv": [ 3.5, 2.0, 4.0, 2.5 ], "rotation": 90 },
						"up": { "texture": "#bread", "uv": [ 1.0, 2.0, 3.5, 2.5 ] }
					}
				}
			]
		},
		{
			"name": "flaxbread 23",
			"from": [ 6.25, 0.6, 9.3 ],
			"to": [ 9.75, 2.1, 9.8 ],
			"rotationOrigin": [ 8.0, 0.0, 10.0 ],
			"rotationX": -45.0,
			"faces": {
				"north": { "texture": "#bread", "uv": [ 2.0, 6.0, 5.5, 7.5 ] },
				"east": { "texture": "#bread", "uv": [ 0.0, 6.0, 0.5, 7.5 ] },
				"south": { "texture": "#bread", "uv": [ 0.5, 6.0, 4.0, 7.5 ] },
				"west": { "texture": "#bread", "uv": [ 0.0, 6.0, 0.5, 7.5 ] },
				"up": { "texture": "#bread", "uv": [ 0.5, 1.5, 4.0, 2.0 ] },
				"down": { "texture": "#bread", "uv": [ 4.0, 0.0, 7.5, 0.5 ] }
			},
			"children": [
				{
					"name": "flaxbread 1 top24",
					"from": [ 0.5, 1.5, 0.0 ],
					"to": [ 3.0, 2.0, 0.5 ],
					"faces": {
						"north": { "texture": "#bread", "uv": [ 1.0, 1.5, 3.5, 2.0 ] },
						"east": { "texture": "#bread", "uv": [ 0.5, 2.0, 1.0, 2.5 ], "rotation": 90 },
						"south": { "texture": "#bread", "uv": [ 1.0, 5.5, 3.5, 6.0 ] },
						"west": { "texture": "#bread", "uv": [ 3.5, 2.0, 4.0, 2.5 ], "rotation": 90 },
						"up": { "texture": "#bread", "uv": [ 1.0, 2.0, 3.5, 2.5 ] }
					}
				}
			]
		},
		{
			"name": "flaxbread 24",
			"from": [ 6.75, 0.8, 10.1 ],
			"to": [ 9.25, 2.3, 10.6 ],
			"rotationOrigin": [ 8.5, 0.0, 11.0 ],
			"rotationX": -45.0,
			"faces": {
				"north": { "texture": "#bread", "uv": [ 2.0, 6.0, 4.5, 7.5 ] },
				"east": { "texture": "#bread", "uv": [ 0.0, 6.0, 0.5, 7.5 ] },
				"south": { "texture": "#bread", "uv": [ 0.5, 6.0, 3.0, 7.5 ] },
				"west": { "texture": "#bread", "uv": [ 0.0, 6.0, 0.5, 7.5 ] },
				"up": { "texture": "#bread", "uv": [ 0.5, 1.5, 3.0, 2.0 ] },
				"down": { "texture": "#bread", "uv": [ 4.0, 0.0, 6.5, 0.5 ] }
			},
			"children": [
				{
					"name": "flaxbread 1 top25",
					"from": [ 0.5, 1.5, 0.0 ],
					"to": [ 2.0, 2.0, 0.5 ],
					"faces": {
						"north": { "texture": "#bread", "uv": [ 1.0, 1.5, 2.5, 2.0 ] },
						"east": { "texture": "#bread", "uv": [ 0.5, 2.0, 1.0, 2.5 ], "rotation": 90 },
						"south": { "texture": "#bread", "uv": [ 1.0, 5.5, 2.5, 6.0 ] },
						"west": { "texture": "#bread", "uv": [ 3.5, 2.0, 4.0, 2.5 ], "rotation": 90 },
						"up": { "texture": "#bread", "uv": [ 1.0, 2.0, 2.5, 2.5 ] }
					}
				}
			]
		},
		{
			"name": "flaxbread 25",
			"from": [ 7.25, 1.0, 10.9 ],
			"to": [ 8.75, 2.5, 11.4 ],
			"rotationOrigin": [ 9.0, 0.0, 12.0 ],
			"rotationX": -45.0,
			"faces": {
				"north": { "texture": "#bread", "uv": [ 2.0, 6.0, 3.5, 7.5 ] },
				"east": { "texture": "#bread", "uv": [ 0.0, 6.0, 0.5, 7.5 ] },
				"south": { "texture": "#bread", "uv": [ 0.5, 6.0, 2.0, 7.5 ] },
				"west": { "texture": "#bread", "uv": [ 0.0, 6.0, 0.5, 7.5 ] },
				"up": { "texture": "#bread", "uv": [ 0.5, 1.5, 2.0, 2.0 ] },
				"down": { "texture": "#bread", "uv": [ 4.0, 0.0, 5.5, 0.5 ] }
			}
		}
	]}