[
  {
    "file": "game:blocktypes/wood/woodtyped/trapdoor",
    "side": "Server",
    "op": "add",
    "path": "/behaviors/-",
    "value": {
      "name": "CarryableInteract"
    },
    "condition": {
      "when": "carryon:InteractDoorEnabled",
      "isValue": "true"
    }  
  },
  {
    "file": "game:blocktypes/metal/trapdoor",
    "side": "Server",
    "op": "add",
    "path": "/behaviors/-",
    "value": {
      "name": "CarryableInteract"
    },
    "condition": {
      "when": "carryon:InteractDoorEnabled",
      "isValue": "true"
    }  
  }  
]