﻿[
    // Pachycephalosauria
    {
        "side": "server",
        "file": "pachycephalosauria:entities/land/pachycephalosauria",
        "op": "add",
        "path": "/server/behaviors/-",
        "value": {
            "code": "EntityBleedingBehavior"
        }
    },
    {
        "side": "server",
        "file":  "pachycephalosauria:entities/land/pachycephalosauria",
        "op": "add",
        "path": "/client/behaviors/-",
        "value": {
            "code": "EntityBleedingBehaviorParticles"
        }
    }
]