{
  "textureWidth":16,
  "textureHeight":16,
  "textures":{
    "material":"game:block/metal/ingot/copper"
  },
  "textureSizes":{
    "material":[
      32,
      32
    ]
  },
  "elements":[
    {
      "name":"origin",
      "from":[
        10.0,
        -6.257323741912842,
        7.699999988079071
      ],
      "to":[
        10.0,
        -6.257323741912842,
        7.699999988079071
      ],
      "rotationOrigin":[
        8.0,
        0.0,
        8.0
      ],
      "group":"simple",
      "faces":{
        "north":{
          "texture":"#0",
          "uv":[
            0,
            0,
            4,
            4
          ],
          "autoUv":false
        },
        "east":{
          "texture":"#0",
          "uv":[
            0,
            0,
            4,
            4
          ],
          "autoUv":false
        },
        "south":{
          "texture":"#0",
          "uv":[
            0,
            0,
            4,
            4
          ],
          "autoUv":false
        },
        "west":{
          "texture":"#0",
          "uv":[
            0,
            0,
            4,
            4
          ],
          "autoUv":false
        },
        "up":{
          "texture":"#material",
          "uv":[
            0.0,
            0.0,
            1.0,
            1.0
          ],
          "autoUv":false,
          "rotation":180
        },
        "down":{
          "texture":"#0",
          "uv":[
            0,
            0,
            4,
            4
          ],
          "autoUv":false
        }
      },
      "children":[
        {
          "name":"simple_head 01",
          "from":[
            -1.0,
            6.999999903142452,
            2.300000011920929
          ],
          "to":[
            -0.5,
            7.1999999061226845,
            2.800000011920929
          ],
          "rotationOrigin":[
            -0.75,
            7.099999904632568,
            2.550000011920929
          ],
          "group":"simple",
          "faces":{
            "north":{
              "texture":"#material",
              "uv":[
                12.0,
                24.0,
                20.0,
                32.0
              ],
              "autoUv":false,
              "rotation":270
            },
            "east":{
              "texture":"#material",
              "uv":[
                6.5,
                8.0,
                7.5,
                8.0
              ],
              "autoUv":false,
              "rotation":90
            },
            "south":{
              "texture":"#material",
              "uv":[
                21.1856746673584,
                26.000000476837158,
                22.27345848083496,
                27.0
              ],
              "autoUv":false
            },
            "west":{
              "texture":"#material",
              "uv":[
                10.0,
                27.0,
                11.0,
                27.0
              ],
              "autoUv":false,
              "rotation":90
            },
            "up":{
              "texture":"#material",
              "uv":[
                21.174943923950195,
                26.0,
                22.276235580444336,
                27.5615873336792
              ],
              "autoUv":false
            },
            "down":{
              "texture":"#material",
              "uv":[
                21.174943923950195,
                27.5615873336792,
                22.276235580444336,
                26.0
              ],
              "autoUv":false,
              "rotation":180
            }
          },
          "children":[]
        },
        {
          "name":"simple_head 02",
          "from":[
            -2.0,
            6.999999903142452,
            2.300000011920929
          ],
          "to":[
            -1.5,
            7.1999999061226845,
            2.800000011920929
          ],
          "rotationOrigin":[
            -1.75,
            7.099999904632568,
            2.550000011920929
          ],
          "group":"simple",
          "faces":{
            "north":{
              "texture":"#material",
              "uv":[
                12.0,
                24.0,
                20.0,
                32.0
              ],
              "autoUv":false,
              "rotation":270
            },
            "east":{
              "texture":"#material",
              "uv":[
                18.5,
                16.0,
                19.5,
                16.0
              ],
              "autoUv":false,
              "rotation":90
            },
            "south":{
              "texture":"#material",
              "uv":[
                19.01011085510254,
                26.000000476837158,
                20.09789276123047,
                27.0
              ],
              "autoUv":false
            },
            "west":{
              "texture":"#material",
              "uv":[
                10.0,
                10.0,
                11.0,
                10.0
              ],
              "autoUv":false,
              "rotation":90
            },
            "up":{
              "texture":"#material",
              "uv":[
                18.972349166870117,
                26.0,
                20.073652267456055,
                27.5615873336792
              ],
              "autoUv":false
            },
            "down":{
              "texture":"#material",
              "uv":[
                18.972349166870117,
                27.5615873336792,
                20.073652267456055,
                26.0
              ],
              "autoUv":false,
              "rotation":180
            }
          },
          "children":[]
        },
        {
          "name":"simple_head 03",
          "from":[
            -3.0,
            6.999999903142452,
            2.300000011920929
          ],
          "to":[
            -2.5,
            7.1999999061226845,
            2.800000011920929
          ],
          "rotationOrigin":[
            -2.75,
            7.099999904632568,
            2.550000011920929
          ],
          "group":"simple",
          "faces":{
            "north":{
              "texture":"#material",
              "uv":[
                12.0,
                24.0,
                20.0,
                32.0
              ],
              "autoUv":false,
              "rotation":270
            },
            "east":{
              "texture":"#material",
              "uv":[
                27.0,
                11.0,
                28.0,
                11.0
              ],
              "autoUv":false,
              "rotation":90
            },
            "south":{
              "texture":"#material",
              "uv":[
                16.83454704284668,
                26.000000476837158,
                17.92232894897461,
                27.0
              ],
              "autoUv":false
            },
            "west":{
              "texture":"#material",
              "uv":[
                4.5,
                4.0,
                5.5,
                4.0
              ],
              "autoUv":false,
              "rotation":90
            },
            "up":{
              "texture":"#material",
              "uv":[
                16.769773483276367,
                26.0,
                17.871057510375977,
                27.5615873336792
              ],
              "autoUv":false
            },
            "down":{
              "texture":"#material",
              "uv":[
                16.769773483276367,
                27.5615873336792,
                17.871057510375977,
                26.0
              ],
              "autoUv":false,
              "rotation":180
            }
          },
          "children":[]
        },
        {
          "name":"simple_head 04",
          "from":[
            -4.0,
            6.999999903142452,
            2.300000011920929
          ],
          "to":[
            -3.5,
            7.1999999061226845,
            2.800000011920929
          ],
          "rotationOrigin":[
            -3.75,
            7.099999904632568,
            2.550000011920929
          ],
          "group":"simple",
          "faces":{
            "north":{
              "texture":"#material",
              "uv":[
                12.0,
                24.0,
                20.0,
                32.0
              ],
              "autoUv":false,
              "rotation":270
            },
            "east":{
              "texture":"#material",
              "uv":[
                7.5,
                15.0,
                8.5,
                15.0
              ],
              "autoUv":false,
              "rotation":90
            },
            "south":{
              "texture":"#material",
              "uv":[
                14.65898323059082,
                26.000000476837158,
                15.74676513671875,
                27.0
              ],
              "autoUv":false
            },
            "west":{
              "texture":"#material",
              "uv":[
                0.0,
                7.0,
                1.0,
                7.0
              ],
              "autoUv":false,
              "rotation":90
            },
            "up":{
              "texture":"#material",
              "uv":[
                14.567184448242188,
                26.0,
                15.668476104736328,
                27.5615873336792
              ],
              "autoUv":false
            },
            "down":{
              "texture":"#material",
              "uv":[
                14.567184448242188,
                27.5615873336792,
                15.668476104736328,
                26.0
              ],
              "autoUv":false,
              "rotation":180
            }
          },
          "children":[]
        },
        {
          "name":"simple_head 05",
          "from":[
            -5.0,
            6.999999903142452,
            2.300000011920929
          ],
          "to":[
            -4.5,
            7.1999999061226845,
            2.800000011920929
          ],
          "rotationOrigin":[
            -4.75,
            7.099999904632568,
            2.550000011920929
          ],
          "group":"simple",
          "faces":{
            "north":{
              "texture":"#material",
              "uv":[
                12.0,
                24.0,
                20.0,
                32.0
              ],
              "autoUv":false,
              "rotation":270
            },
            "east":{
              "texture":"#material",
              "uv":[
                18.0,
                27.0,
                19.0,
                27.0
              ],
              "autoUv":false,
              "rotation":90
            },
            "south":{
              "texture":"#material",
              "uv":[
                12.483417510986328,
                26.000000476837158,
                13.571199417114258,
                27.0
              ],
              "autoUv":false
            },
            "west":{
              "texture":"#material",
              "uv":[
                19.0,
                17.0,
                20.0,
                17.0
              ],
              "autoUv":false,
              "rotation":90
            },
            "up":{
              "texture":"#material",
              "uv":[
                12.364601135253906,
                26.0,
                13.465892791748047,
                27.5615873336792
              ],
              "autoUv":false
            },
            "down":{
              "texture":"#material",
              "uv":[
                12.364601135253906,
                27.5615873336792,
                13.465892791748047,
                26.0
              ],
              "autoUv":false,
              "rotation":180
            }
          },
          "children":[]
        },
        {
          "name":"simple_head 06",
          "from":[
            -6.0,
            6.999999903142452,
            2.300000011920929
          ],
          "to":[
            -5.5,
            7.1999999061226845,
            2.800000011920929
          ],
          "rotationOrigin":[
            -5.75,
            7.099999904632568,
            2.550000011920929
          ],
          "group":"simple",
          "faces":{
            "north":{
              "texture":"#material",
              "uv":[
                12.0,
                24.0,
                20.0,
                32.0
              ],
              "autoUv":false,
              "rotation":270
            },
            "east":{
              "texture":"#material",
              "uv":[
                4.5,
                1.0,
                5.5,
                1.0
              ],
              "autoUv":false,
              "rotation":90
            },
            "south":{
              "texture":"#material",
              "uv":[
                10.307855606079102,
                26.000000476837158,
                11.395635604858398,
                27.0
              ],
              "autoUv":false
            },
            "west":{
              "texture":"#material",
              "uv":[
                13.5,
                3.0,
                14.5,
                3.0
              ],
              "autoUv":false,
              "rotation":90
            },
            "up":{
              "texture":"#material",
              "uv":[
                10.162012100219727,
                26.0,
                11.26330280303955,
                27.5615873336792
              ],
              "autoUv":false
            },
            "down":{
              "texture":"#material",
              "uv":[
                10.162012100219727,
                27.5615873336792,
                11.26330280303955,
                26.0
              ],
              "autoUv":false,
              "rotation":180
            }
          },
          "children":[]
        },
        {
          "name":"simple_head 07",
          "from":[
            -7.0,
            6.999999903142452,
            2.300000011920929
          ],
          "to":[
            -6.5,
            7.1999999061226845,
            2.800000011920929
          ],
          "rotationOrigin":[
            -6.75,
            7.099999904632568,
            2.550000011920929
          ],
          "group":"simple",
          "faces":{
            "north":{
              "texture":"#material",
              "uv":[
                12.0,
                24.0,
                20.0,
                32.0
              ],
              "autoUv":false,
              "rotation":270
            },
            "east":{
              "texture":"#material",
              "uv":[
                0.0,
                8.0,
                1.0,
                8.0
              ],
              "autoUv":false,
              "rotation":90
            },
            "south":{
              "texture":"#material",
              "uv":[
                8.132288932800293,
                26.000000476837158,
                9.220072746276855,
                27.0
              ],
              "autoUv":false
            },
            "west":{
              "texture":"#material",
              "uv":[
                2.5,
                29.0,
                3.5,
                29.0
              ],
              "autoUv":false,
              "rotation":90
            },
            "up":{
              "texture":"#material",
              "uv":[
                7.959423542022705,
                26.0,
                9.060721397399902,
                27.5615873336792
              ],
              "autoUv":false
            },
            "down":{
              "texture":"#material",
              "uv":[
                7.959423542022705,
                27.5615873336792,
                9.060721397399902,
                26.0
              ],
              "autoUv":false,
              "rotation":180
            }
          },
          "children":[]
        },
        {
          "name":"simple_head 08",
          "from":[
            3.0,
            6.999999903142452,
            2.300000011920929
          ],
          "to":[
            3.5,
            7.1999999061226845,
            2.800000011920929
          ],
          "rotationOrigin":[
            3.25,
            7.099999904632568,
            2.550000011920929
          ],
          "group":"simple",
          "faces":{
            "north":{
              "texture":"#material",
              "uv":[
                12.0,
                24.0,
                20.0,
                32.0
              ],
              "autoUv":false,
              "rotation":270
            },
            "east":{
              "texture":"#material",
              "uv":[
                9.0,
                3.0,
                10.0,
                3.0
              ],
              "autoUv":false,
              "rotation":90
            },
            "south":{
              "texture":"#material",
              "uv":[
                29.88793182373047,
                26.000000476837158,
                31.0,
                27.0
              ],
              "autoUv":false
            },
            "west":{
              "texture":"#material",
              "uv":[
                26.5,
                19.0,
                27.5,
                19.0
              ],
              "autoUv":false,
              "rotation":90
            },
            "up":{
              "texture":"#material",
              "uv":[
                29.98527717590332,
                26.0,
                31.0,
                27.5615873336792
              ],
              "autoUv":false
            },
            "down":{
              "texture":"#material",
              "uv":[
                29.98527717590332,
                27.5615873336792,
                31.0,
                26.0
              ],
              "autoUv":false,
              "rotation":180
            }
          },
          "children":[]
        },
        {
          "name":"simple_head 09",
          "from":[
            2.0,
            6.999999903142452,
            2.300000011920929
          ],
          "to":[
            2.5,
            7.1999999061226845,
            2.800000011920929
          ],
          "rotationOrigin":[
            2.25,
            7.099999904632568,
            2.550000011920929
          ],
          "group":"simple",
          "faces":{
            "north":{
              "texture":"#material",
              "uv":[
                12.0,
                24.0,
                20.0,
                32.0
              ],
              "autoUv":false,
              "rotation":270
            },
            "east":{
              "texture":"#material",
              "uv":[
                8.0,
                27.0,
                9.0,
                27.0
              ],
              "autoUv":false,
              "rotation":90
            },
            "south":{
              "texture":"#material",
              "uv":[
                27.71236801147461,
                26.000000476837158,
                28.80014991760254,
                27.0
              ],
              "autoUv":false
            },
            "west":{
              "texture":"#material",
              "uv":[
                19.0,
                28.0,
                20.0,
                28.0
              ],
              "autoUv":false,
              "rotation":90
            },
            "up":{
              "texture":"#material",
              "uv":[
                27.782695770263672,
                26.0,
                28.883996963500977,
                27.5615873336792
              ],
              "autoUv":false
            },
            "down":{
              "texture":"#material",
              "uv":[
                27.782695770263672,
                27.5615873336792,
                28.883996963500977,
                26.0
              ],
              "autoUv":false,
              "rotation":180
            }
          },
          "children":[]
        },
        {
          "name":"simple_head 10",
          "from":[
            1.0,
            6.999999903142452,
            2.300000011920929
          ],
          "to":[
            1.5,
            7.1999999061226845,
            2.800000011920929
          ],
          "rotationOrigin":[
            1.25,
            7.099999904632568,
            2.550000011920929
          ],
          "group":"simple",
          "faces":{
            "north":{
              "texture":"#material",
              "uv":[
                12.0,
                24.0,
                20.0,
                32.0
              ],
              "autoUv":false,
              "rotation":270
            },
            "east":{
              "texture":"#material",
              "uv":[
                29.5,
                21.0,
                30.5,
                21.0
              ],
              "autoUv":false,
              "rotation":90
            },
            "south":{
              "texture":"#material",
              "uv":[
                25.536800384521484,
                26.000000476837158,
                26.624584197998047,
                27.0
              ],
              "autoUv":false
            },
            "west":{
              "texture":"#material",
              "uv":[
                24.5,
                24.0,
                25.5,
                24.0
              ],
              "autoUv":false,
              "rotation":90
            },
            "up":{
              "texture":"#material",
              "uv":[
                25.58011245727539,
                26.0,
                26.681400299072266,
                27.5615873336792
              ],
              "autoUv":false
            },
            "down":{
              "texture":"#material",
              "uv":[
                25.58011245727539,
                27.5615873336792,
                26.681400299072266,
                26.0
              ],
              "autoUv":false,
              "rotation":180
            }
          },
          "children":[]
        },
        {
          "name":"simple_head 11",
          "from":[
            0.0,
            6.999999903142452,
            2.300000011920929
          ],
          "to":[
            0.5,
            7.1999999061226845,
            2.800000011920929
          ],
          "rotationOrigin":[
            0.25,
            7.099999904632568,
            2.550000011920929
          ],
          "group":"simple",
          "faces":{
            "north":{
              "texture":"#material",
              "uv":[
                12.0,
                24.0,
                20.0,
                32.0
              ],
              "autoUv":false,
              "rotation":270
            },
            "east":{
              "texture":"#material",
              "uv":[
                22.5,
                28.0,
                23.5,
                28.0
              ],
              "autoUv":false,
              "rotation":90
            },
            "south":{
              "texture":"#material",
              "uv":[
                23.361238479614258,
                26.000000476837158,
                24.449020385742188,
                27.0
              ],
              "autoUv":false
            },
            "west":{
              "texture":"#material",
              "uv":[
                0.5,
                14.0,
                1.5,
                14.0
              ],
              "autoUv":false,
              "rotation":90
            },
            "up":{
              "texture":"#material",
              "uv":[
                23.37752914428711,
                26.0,
                24.47882080078125,
                27.5615873336792
              ],
              "autoUv":false
            },
            "down":{
              "texture":"#material",
              "uv":[
                23.37752914428711,
                27.5615873336792,
                24.47882080078125,
                26.0
              ],
              "autoUv":false,
              "rotation":180
            }
          },
          "children":[]
        },
        {
          "name":"simple_head 12",
          "from":[
            -8.0,
            6.999999903142452,
            2.300000011920929
          ],
          "to":[
            -7.5,
            7.1999999061226845,
            2.800000011920929
          ],
          "rotationOrigin":[
            -7.75,
            7.099999904632568,
            2.550000011920929
          ],
          "group":"simple",
          "faces":{
            "north":{
              "texture":"#material",
              "uv":[
                12.0,
                24.0,
                20.0,
                32.0
              ],
              "autoUv":false,
              "rotation":270
            },
            "east":{
              "texture":"#material",
              "uv":[
                9.0,
                5.0,
                10.0,
                6.0
              ],
              "autoUv":false
            },
            "south":{
              "texture":"#material",
              "uv":[
                6.0,
                26.000000476837158,
                7.044507026672363,
                27.0
              ],
              "autoUv":false
            },
            "west":{
              "texture":"#material",
              "uv":[
                8.0,
                19.0,
                9.0,
                20.0
              ],
              "autoUv":false
            },
            "up":{
              "texture":"#material",
              "uv":[
                6.0,
                26.0,
                7.0,
                27.5615873336792
              ],
              "autoUv":false
            },
            "down":{
              "texture":"#material",
              "uv":[
                6.0,
                27.5615873336792,
                7.0,
                26.0
              ],
              "autoUv":false,
              "rotation":180
            }
          },
          "children":[]
        },
        {
          "name":"simple_head 13",
          "from":[
            -8.0,
            7.0,
            1.300000011920929
          ],
          "to":[
            3.5,
            7.199999809265137,
            2.300000011920929
          ],
          "rotationOrigin":[
            -2.25,
            7.100000381469727,
            1.800000011920929
          ],
          "group":"simple",
          "faces":{
            "north":{
              "texture":"#material",
              "uv":[
                31.0,
                26.000000476837158,
                6.0,
                27.0
              ],
              "autoUv":false
            },
            "east":{
              "texture":"#material",
              "uv":[
                31.0,
                23.0,
                32.0,
                26.0
              ],
              "autoUv":false,
              "rotation":270
            },
            "south":{
              "texture":"#material",
              "uv":[
                6.0,
                26.000000476837158,
                31.0,
                27.0
              ],
              "autoUv":false
            },
            "west":{
              "texture":"#material",
              "uv":[
                5.0,
                23.0,
                6.0,
                26.0
              ],
              "autoUv":false,
              "rotation":270
            },
            "up":{
              "texture":"#material",
              "uv":[
                6.0,
                22.999999046325684,
                31.0,
                26.0
              ],
              "autoUv":false
            },
            "down":{
              "texture":"#material",
              "uv":[
                6.0,
                26.0,
                31.0,
                23.000001907348633
              ],
              "autoUv":false,
              "rotation":180
            }
          },
          "children":[]
        }
      ]
    }
  ],
  "groups":[]
}