[
	{
		"enabled": false,
		"comment": "Please just don't. ;-(",
		"file": "compatibility/bricklayers/blocktypes/clay/bucketcoloured.json",
		"op": "replace",
		"path": "/enabled",
		"value": "false",
		"side": "server"
	},
	{
		"enabled": true,
		"file": "compatibility/bricklayers/blocktypes/clay/bucketcoloured.json",
		"op": "addeach",
		"path": "/skipVariants/-",
		"value": [ "*-white-raw", "*-yellow-raw" ],
		"side": "server"
	},
	{
		"enabled": true,
		"file": "compatibility/bricklayers/recipes/clayforming/bucket.json",
		"op": "remove",
		"path": "/ingredient/allowedVariants/0",
		"side": "server"
	}
]