{
	"editor": {
		"allAngles": false,
		"entityTextureMode": false
	},
	"textureWidth": 16,
	"textureHeight": 16,
	"textureSizes": {},
	"textures": {
		"surface": "game:block/wood/shelf/surface"
	},
	"elements": [
		{
			"name": "BackPlank",
			"from": [ 2.0, 4.0, 0.0 ],
			"to": [ 14.0, 16.0, 1.0 ],
			"rotationOrigin": [ 2.0, 4.0, 0.0 ],
			"faces": {
				"north": { "texture": "#surface", "uv": [ 2.0, 3.5, 14.0, 15.5 ] },
				"east": { "texture": "#surface", "uv": [ 0.0, 3.5, 1.0, 15.5 ] },
				"south": { "texture": "#surface", "uv": [ 2.0, 3.5, 14.0, 15.5 ] },
				"west": { "texture": "#surface", "uv": [ 15.0, 3.5, 16.0, 15.5 ] },
				"up": { "texture": "#surface", "uv": [ 2.0, 2.5, 14.0, 3.5 ] },
				"down": { "texture": "#surface", "uv": [ 2.0, 2.5, 14.0, 3.5 ] }
			},
			"children": [
				{
					"name": "Holder",
					"from": [ 5.5, 10.0, 1.0 ],
					"to": [ 6.5, 11.0, 7.8 ],
					"rotationOrigin": [ 6.0, 10.0, 1.0 ],
					"faces": {
						"east": { "texture": "#surface", "uv": [ 2.0, 3.0, 8.5, 4.0 ] },
						"south": { "texture": "#surface", "uv": [ 8.0, 3.0, 9.0, 4.0 ] },
						"west": { "texture": "#surface", "uv": [ 6.0, 3.0, 12.5, 4.0 ] },
						"up": { "texture": "#surface", "uv": [ 8.0, 8.0, 9.0, 14.5 ] },
						"down": { "texture": "#surface", "uv": [ 5.0, 8.0, 6.0, 14.5 ] }
					}
				},
				{
					"name": "Holder2",
					"from": [ 5.5, 5.0, 1.0 ],
					"to": [ 6.5, 6.0, 5.0 ],
					"rotationOrigin": [ 6.0, 5.0, 1.0 ],
					"rotationX": -60.0,
					"faces": {
						"east": { "texture": "#surface", "uv": [ 2.0, 3.0, 6.0, 4.0 ] },
						"west": { "texture": "#surface", "uv": [ 6.0, 3.0, 10.0, 4.0 ] },
						"up": { "texture": "#surface", "uv": [ 8.0, 8.0, 9.0, 12.0 ] },
						"down": { "texture": "#surface", "uv": [ 5.0, 8.0, 6.0, 12.0 ] }
					}
				},
				{
					"name": "Holder3",
					"from": [ 5.51, 8.02, 2.5 ],
					"to": [ 6.49, 9.02, 9.5 ],
					"rotationOrigin": [ 6.0, 7.95, 2.5 ],
					"rotationX": -20.0,
					"faces": {
						"east": { "texture": "#surface", "uv": [ 2.0, 3.0, 9.0, 4.0 ] },
						"south": { "texture": "#surface", "uv": [ 8.5, 3.0, 9.5, 4.0 ], "autoUv": false, "windMode": [-1,-1,-1,-1] },
						"west": { "texture": "#surface", "uv": [ 6.0, 3.0, 13.0, 4.0 ] },
						"up": { "texture": "#surface", "uv": [ 8.0, 8.0, 9.0, 15.0 ], "autoUv": false },
						"down": { "texture": "#surface", "uv": [ 5.0, 8.0, 6.0, 15.0 ], "autoUv": false }
					}
				}
			]
		}
	]}