[
  {
    "op": "addmerge",
    "path": "/server/behaviors/9/aitasks/2/entityCodesByType/*/-",
    "value": "cervidae-alceini-*",
    "file": "game:entities/animal/mammal/bear-adult.json",
    "side": "Server"
  },
  {
    "op": "addmerge",
    "path": "/server/behaviors/9/aitasks/2/entityCodesByType/*/-",
    "value": "cervidae-capreolini-*",
    "file": "game:entities/animal/mammal/bear-adult.json",
    "side": "Server"
  },
  {
    "op": "addmerge",
    "path": "/server/behaviors/9/aitasks/2/entityCodesByType/*/-",
    "value": "cervidae-odocoileini-*",
    "file": "game:entities/animal/mammal/bear-adult.json",
    "side": "Server"
  },
  {
    "op": "addmerge",
    "path": "/server/behaviors/9/aitasks/3/entityCodes/-",
    "value": "cervidae-alceini-*",
    "file": "game:entities/animal/mammal/bear-adult.json",
    "side": "Server"
  },
  {
    "op": "addmerge",
    "path": "/server/behaviors/9/aitasks/3/entityCodes/-",
    "value": "cervidae-capreolini-*",
    "file": "game:entities/animal/mammal/bear-adult.json",
    "side": "Server"
  },
  {
    "op": "addmerge",
    "path": "/server/behaviors/9/aitasks/3/entityCodes/-",
    "value": "cervidae-odocoileini-*",
    "file": "game:entities/animal/mammal/bear-adult.json",
    "side": "Server"
  }
]