{
  "textureWidth":16,
  "textureHeight":16,
  "textures":{
    "material":"game:block/metal/ingot/copper",
    "wood":"game:block/wood/debarked/veryaged"
  },
  "textureSizes":{
    "material":[
      32,
      32
    ],
    "wood":[
      32,
      32
    ]
  },
  "elements":[
    {
      "name":"origin",
      "from":[
        11.0,
        0.8657576441764832,
        7.699999988079071
      ],
      "to":[
        11.0,
        0.8657576441764832,
        7.699999988079071
      ],
      "rotationOrigin":[
        8.0,
        0.0,
        8.0
      ],
      "group":"bone_metal_metalhead",
      "faces":{
        "north":{
          "texture":"#0",
          "uv":[
            0,
            0,
            4,
            4
          ],
          "autoUv":false
        },
        "east":{
          "texture":"#0",
          "uv":[
            0,
            0,
            4,
            4
          ],
          "autoUv":false
        },
        "south":{
          "texture":"#0",
          "uv":[
            0,
            0,
            4,
            4
          ],
          "autoUv":false
        },
        "west":{
          "texture":"#0",
          "uv":[
            0,
            0,
            4,
            4
          ],
          "autoUv":false
        },
        "up":{
          "texture":"#material",
          "uv":[
            0.0,
            0.0,
            1.0,
            1.0
          ],
          "autoUv":false,
          "rotation":180
        },
        "down":{
          "texture":"#0",
          "uv":[
            0,
            0,
            4,
            4
          ],
          "autoUv":false
        }
      },
      "children":[
        {
          "name":"bone_metal_metalhead 01",
          "from":[
            -13.822439908981323,
            -1.2031061351299286,
            -0.17288422584533691
          ],
          "to":[
            -12.33126187324524,
            0.29540517926216125,
            1.2532232999801636
          ],
          "rotationOrigin":[
            -13.076850891113281,
            -0.45385047793388367,
            0.5401695370674133
          ],
          "rotationX":-2.7943812353288045e-17,
          "rotationY":4.090263565127348e-17,
          "rotationZ":2.7776311087783814,
          "group":"bone_metal_metalhead",
          "faces":{
            "north":{
              "texture":"#material",
              "uv":[
                18.0,
                20.000000953674316,
                15.999998092651367,
                22.999998092651367
              ],
              "autoUv":false
            },
            "east":{
              "texture":"#material",
              "uv":[
                16.14166259765625,
                8.894052505493164,
                17.99448585510254,
                9.1029052734375
              ],
              "autoUv":false,
              "rotation":180
            },
            "south":{
              "texture":"#material",
              "uv":[
                16.0,
                20.000000953674316,
                18.0,
                23.000000953674316
              ],
              "autoUv":false
            },
            "west":{
              "texture":"#material",
              "uv":[
                13.0,
                12.0,
                16.0,
                15.0
              ],
              "autoUv":false
            },
            "up":{
              "texture":"#material",
              "uv":[
                16.0,
                12.0,
                19.004514694213867,
                15.0
              ],
              "autoUv":false,
              "rotation":90
            },
            "down":{
              "texture":"#material",
              "uv":[
                16.0,
                15.0,
                19.0045166015625,
                12.0
              ],
              "autoUv":false,
              "rotation":90
            }
          },
          "children":[]
        },
        {
          "name":"bone_metal_metalhead 02",
          "from":[
            -12.992676436901093,
            -1.2487578988075256,
            0.3835526555776596
          ],
          "to":[
            -12.670935928821564,
            0.37160271406173706,
            0.7052931785583496
          ],
          "rotationOrigin":[
            -12.831806182861328,
            -0.4385775923728943,
            0.5444229245185852
          ],
          "rotationX":89.99998201391065,
          "rotationY":-22.03209851702782,
          "rotationZ":-3.982304427345849e-06,
          "group":"bone_metal_metalhead",
          "faces":{
            "north":{
              "texture":"#material",
              "uv":[
                9.856292724609375,
                12.126638412475586,
                12.268707275390625,
                13.107383728027344
              ],
              "autoUv":false,
              "rotation":270
            },
            "east":{
              "texture":"#material",
              "uv":[
                12.268707275390625,
                12.126638412475586,
                9.856292724609375,
                12.517616271972656
              ],
              "autoUv":false,
              "rotation":90
            },
            "south":{
              "texture":"#material",
              "uv":[
                12.268707275390625,
                12.517616271972656,
                9.856292724609375,
                13.498363494873047
              ],
              "autoUv":false,
              "rotation":90
            },
            "west":{
              "texture":"#material",
              "uv":[
                9.856292724609375,
                13.107383728027344,
                12.268707275390625,
                13.498361587524414
              ],
              "autoUv":false,
              "rotation":270
            },
            "up":{
              "texture":"#material",
              "uv":[
                11.343744277954102,
                12.170015335083008,
                11.798734664916992,
                13.079994201660156
              ],
              "autoUv":false,
              "rotation":90
            },
            "down":{
              "texture":"#material",
              "uv":[
                11.343744277954102,
                13.079994201660156,
                10.888755798339844,
                12.170015335083008
              ],
              "autoUv":false
            }
          },
          "children":[]
        },
        {
          "name":"bone_metal_metalhead 03",
          "from":[
            -12.861940681934357,
            -0.9475227892398834,
            -0.16693514585494995
          ],
          "to":[
            -11.802333533763885,
            0.11208471655845642,
            1.2472741603851318
          ],
          "rotationOrigin":[
            -12.332137107849121,
            -0.4177190363407135,
            0.5401695370674133
          ],
          "rotationX":-6.788656632481276e-17,
          "rotationY":5.586959130555925e-17,
          "rotationZ":47.77765818767026,
          "group":"bone_metal_metalhead",
          "faces":{
            "north":{
              "texture":"#material",
              "uv":[
                20.0,
                20.000000953674316,
                18.0,
                23.000000953674316
              ],
              "autoUv":false
            },
            "east":{
              "texture":"#material",
              "uv":[
                16.004512786865234,
                9.0,
                18.995485305786133,
                12.0
              ],
              "autoUv":false,
              "rotation":180
            },
            "south":{
              "texture":"#material",
              "uv":[
                18.0,
                20.000000953674316,
                20.0,
                23.000000953674316
              ],
              "autoUv":false
            },
            "west":{
              "texture":"#material",
              "uv":[
                17.98675537109375,
                8.894052505493164,
                16.14939308166504,
                10.94256591796875
              ],
              "autoUv":false,
              "rotation":180
            },
            "up":{
              "texture":"#material",
              "uv":[
                16.149391174316406,
                9.1029052734375,
                17.98675537109375,
                10.942567825317383
              ],
              "autoUv":false,
              "rotation":90
            },
            "down":{
              "texture":"#material",
              "uv":[
                16.004512786865234,
                12.0,
                18.995485305786133,
                9.0
              ],
              "autoUv":false,
              "rotation":90
            }
          },
          "children":[]
        },
        {
          "name":"bone_metal_metalhead 04",
          "from":[
            1.923379436135292,
            -0.9259559512138367,
            0.3611348420381546
          ],
          "to":[
            2.2947163432836533,
            1.1022160649299622,
            0.7324717491865158
          ],
          "rotationOrigin":[
            2.1090478897094727,
            0.08813005685806274,
            0.5468032956123352
          ],
          "rotationY":46.76727513393945,
          "group":"bone_metal_metalhead",
          "faces":{
            "north":{
              "texture":"#material",
              "uv":[
                23.000003814697266,
                11.999996185302734,
                22.000003814697266,
                14.999994277954102
              ],
              "autoUv":false
            },
            "east":{
              "texture":"#material",
              "uv":[
                17.00000762939453,
                7.999998092651367,
                17.9999942779541,
                11.000001907348633
              ],
              "autoUv":false
            },
            "south":{
              "texture":"#material",
              "uv":[
                21.999996185302734,
                11.999992370605469,
                23.000003814697266,
                14.999996185302734
              ],
              "autoUv":false
            },
            "west":{
              "texture":"#material",
              "uv":[
                24.000003814697266,
                11.999998092651367,
                25.0,
                15.0
              ],
              "autoUv":false
            },
            "up":{
              "texture":"#material",
              "uv":[
                23.0,
                10.0,
                24.0,
                11.0
              ],
              "autoUv":false,
              "rotation":90
            },
            "down":{
              "texture":"#material",
              "uv":[
                23.0,
                11.0,
                24.0,
                10.0
              ],
              "autoUv":false,
              "rotation":90
            }
          },
          "children":[]
        },
        {
          "name":"bone_metal_metalhead 05",
          "from":[
            1.4964745044708252,
            -0.8428421020507812,
            0.2061523199081421
          ],
          "to":[
            3.9878337383270264,
            1.0027239322662354,
            0.9126923084259033
          ],
          "rotationOrigin":[
            2.742154121398926,
            0.07994091510772705,
            0.5594223141670227
          ],
          "group":"bone_metal_metalhead",
          "faces":{
            "north":{
              "texture":"#material",
              "uv":[
                18.0,
                16.000000953674316,
                14.996274948120117,
                20.213394165039062
              ],
              "autoUv":false,
              "rotation":90
            },
            "east":{
              "texture":"#material",
              "uv":[
                4.0,
                10.05451774597168,
                5.0,
                13.022533416748047
              ],
              "autoUv":false
            },
            "south":{
              "texture":"#material",
              "uv":[
                14.996274948120117,
                16.000000953674316,
                18.0,
                20.3508243560791
              ],
              "autoUv":false,
              "rotation":270
            },
            "west":{
              "texture":"#material",
              "uv":[
                25.47951889038086,
                22.670263290405273,
                26.47951889038086,
                25.638275146484375
              ],
              "autoUv":false
            },
            "up":{
              "texture":"#material",
              "uv":[
                20.0,
                15.0,
                18.0,
                20.07596206665039
              ],
              "autoUv":false,
              "rotation":270
            },
            "down":{
              "texture":"#material",
              "uv":[
                20.0,
                20.07596206665039,
                18.0,
                15.0
              ],
              "autoUv":false,
              "rotation":270
            }
          },
          "children":[]
        },
        {
          "name":"bone_metal_metalhead 06",
          "from":[
            1.246674805879593,
            -0.8403053283691406,
            0.30962352454662323
          ],
          "to":[
            1.7462737262248993,
            1.0001871585845947,
            0.8092211037874222
          ],
          "rotationOrigin":[
            1.496474266052246,
            0.07994091510772705,
            0.5594223141670227
          ],
          "rotationY":-45.00000125223908,
          "group":"bone_metal_metalhead",
          "faces":{
            "north":{
              "texture":"#material",
              "uv":[
                20.60757827758789,
                24.372376441955566,
                19.608243942260742,
                27.324047565460205
              ],
              "autoUv":false
            },
            "east":{
              "texture":"#material",
              "uv":[
                4.29289436340332,
                10.059602737426758,
                5.0,
                13.017450332641602
              ],
              "autoUv":false
            },
            "south":{
              "texture":"#material",
              "uv":[
                15.003725051879883,
                15.0,
                18.0,
                16.000000953674316
              ],
              "autoUv":false,
              "rotation":270
            },
            "west":{
              "texture":"#material",
              "uv":[
                18.0,
                15.0,
                15.003725051879883,
                16.000000953674316
              ],
              "autoUv":false,
              "rotation":90
            },
            "up":{
              "texture":"#material",
              "uv":[
                20.0,
                15.0,
                18.0,
                16.000000953674316
              ],
              "autoUv":false,
              "rotation":270
            },
            "down":{
              "texture":"#material",
              "uv":[
                20.0,
                16.0,
                18.0,
                15.0
              ],
              "autoUv":false,
              "rotation":270
            }
          },
          "children":[]
        },
        {
          "name":"bone_metal_metalhead 07",
          "from":[
            7.652589648962021,
            0.28203442692756653,
            0.42754673957824707
          ],
          "to":[
            7.892187267541885,
            0.5458842217922211,
            0.6660636737942696
          ],
          "rotationOrigin":[
            7.772388458251953,
            0.4139593243598938,
            0.546805202960968
          ],
          "rotationX":5.870917067756606e-15,
          "rotationY":1.4356197656100738e-15,
          "rotationZ":27.50000304198694,
          "group":"bone_metal_metalhead",
          "faces":{
            "north":{
              "texture":"#material",
              "uv":[
                17.0,
                13.0,
                16.0,
                14.0
              ],
              "autoUv":false
            },
            "east":{
              "texture":"#material",
              "uv":[
                13.0,
                11.000001907348633,
                14.0,
                12.0
              ],
              "autoUv":false
            },
            "south":{
              "texture":"#material",
              "uv":[
                16.0,
                13.0,
                17.0,
                14.0
              ],
              "autoUv":false
            },
            "west":{
              "texture":"#material",
              "uv":[
                18.0,
                13.0,
                18.999998092651367,
                13.961851119995117
              ],
              "autoUv":false
            },
            "up":{
              "texture":"#material",
              "uv":[
                17.552331924438477,
                11.734773635864258,
                17.869321823120117,
                12.455570220947266
              ],
              "autoUv":false,
              "rotation":90
            },
            "down":{
              "texture":"#material",
              "uv":[
                17.552331924438477,
                12.30440902709961,
                17.869319915771484,
                11.583610534667969
              ],
              "autoUv":false,
              "rotation":90
            }
          },
          "children":[]
        },
        {
          "name":"bone_metal_metalhead 08",
          "from":[
            7.699973896145821,
            0.08832943439483643,
            0.4270063787698746
          ],
          "to":[
            7.9395715445280075,
            0.35217928886413574,
            0.6666040346026421
          ],
          "rotationOrigin":[
            7.819772720336914,
            0.22025436162948608,
            0.546805202960968
          ],
          "group":"bone_metal_metalhead",
          "faces":{
            "north":{
              "texture":"#material",
              "uv":[
                14.000001907348633,
                13.0,
                13.000001907348633,
                14.0
              ],
              "autoUv":false
            },
            "east":{
              "texture":"#material",
              "uv":[
                13.0,
                11.0,
                14.0,
                12.0
              ],
              "autoUv":false
            },
            "south":{
              "texture":"#material",
              "uv":[
                13.000001907348633,
                13.0,
                14.000001907348633,
                14.0
              ],
              "autoUv":false
            },
            "west":{
              "texture":"#material",
              "uv":[
                15.0,
                12.0,
                16.0,
                13.0
              ],
              "autoUv":false
            },
            "up":{
              "texture":"#material",
              "uv":[
                17.551612854003906,
                11.734773635864258,
                17.870040893554688,
                12.455572128295898
              ],
              "autoUv":false,
              "rotation":90
            },
            "down":{
              "texture":"#material",
              "uv":[
                17.551612854003906,
                12.30440902709961,
                17.870038986206055,
                11.583612442016602
              ],
              "autoUv":false,
              "rotation":90
            }
          },
          "children":[]
        },
        {
          "name":"bone_metal_metalhead 09",
          "from":[
            7.529797121882439,
            0.48404892534017563,
            0.3611367493867874
          ],
          "to":[
            7.901133969426155,
            0.5628407374024391,
            0.7324736565351486
          ],
          "rotationOrigin":[
            7.715465545654297,
            0.5234448313713074,
            0.546805202960968
          ],
          "rotationX":5.870917067756606e-15,
          "rotationY":1.4356197656100738e-15,
          "rotationZ":27.50000304198694,
          "group":"bone_metal_metalhead",
          "faces":{
            "north":{
              "texture":"#material",
              "uv":[
                22.0,
                11.999998092651367,
                21.0,
                13.0
              ],
              "autoUv":false
            },
            "east":{
              "texture":"#material",
              "uv":[
                17.0,
                8.0,
                18.0,
                9.0
              ],
              "autoUv":false
            },
            "south":{
              "texture":"#material",
              "uv":[
                21.0,
                11.999998092651367,
                22.0,
                13.0
              ],
              "autoUv":false
            },
            "west":{
              "texture":"#material",
              "uv":[
                24.0,
                13.0,
                24.999998092651367,
                14.000001907348633
              ],
              "autoUv":false
            },
            "up":{
              "texture":"#material",
              "uv":[
                23.0,
                10.0,
                24.0,
                11.0
              ],
              "autoUv":false,
              "rotation":90
            },
            "down":{
              "texture":"#material",
              "uv":[
                23.0,
                11.0,
                24.0,
                10.0
              ],
              "autoUv":false,
              "rotation":90
            }
          },
          "children":[]
        },
        {
          "name":"bone_metal_metalhead 10",
          "from":[
            -17.20307767391205,
            -1.0446864664554596,
            2.9575951993465424
          ],
          "to":[
            -16.008256494998932,
            0.0694034993648529,
            3.80193367600441
          ],
          "rotationOrigin":[
            -16.605667114257812,
            -0.48764148354530334,
            3.3797643780708313
          ],
          "rotationX":15.01450432411555,
          "rotationY":102.478498570903,
          "rotationZ":-15.360800037677073,
          "group":"bone_metal_metalhead",
          "faces":{
            "north":{
              "texture":"#wood",
              "uv":[
                19.0,
                16.0,
                21.0,
                19.0
              ],
              "autoUv":false
            },
            "east":{
              "texture":"#wood",
              "uv":[
                0.0,
                32.0,
                0.0,
                32.0
              ],
              "autoUv":false,
              "rotation":90
            },
            "south":{
              "texture":"#wood",
              "uv":[
                21.0,
                16.0,
                19.0,
                19.0
              ],
              "autoUv":false
            },
            "west":{
              "texture":"#wood",
              "uv":[
                14.0,
                16.0,
                16.0,
                19.0
              ],
              "autoUv":false
            },
            "up":{
              "texture":"#wood",
              "uv":[
                18.0,
                16.0,
                20.0,
                18.000001907348633
              ],
              "autoUv":false,
              "rotation":180
            },
            "down":{
              "texture":"#wood",
              "uv":[
                18.0,
                18.000001907348633,
                20.0,
                16.0
              ],
              "autoUv":false
            }
          },
          "children":[]
        },
        {
          "name":"bone_metal_metalhead 11",
          "from":[
            -17.16271209716797,
            -1.0850522220134735,
            -2.7087542116642
          ],
          "to":[
            -16.048622131347656,
            0.10976937413215637,
            -1.8644157648086548
          ],
          "rotationOrigin":[
            -16.605667114257812,
            -0.48764148354530334,
            -2.286585032939911
          ],
          "rotationX":-15.014516276946598,
          "rotationY":77.52153375881001,
          "rotationZ":105.36083157045921,
          "group":"bone_metal_metalhead",
          "faces":{
            "north":{
              "texture":"#wood",
              "uv":[
                9.0,
                16.0,
                11.0,
                19.0
              ],
              "autoUv":false,
              "rotation":270
            },
            "east":{
              "texture":"#wood",
              "uv":[
                8.0,
                16.0,
                10.0,
                18.000001907348633
              ],
              "autoUv":false,
              "rotation":270
            },
            "south":{
              "texture":"#wood",
              "uv":[
                11.0,
                16.0,
                9.0,
                19.0
              ],
              "autoUv":false,
              "rotation":90
            },
            "west":{
              "texture":"#wood",
              "uv":[
                10.0,
                16.0,
                8.0,
                18.000001907348633
              ],
              "autoUv":false,
              "rotation":90
            },
            "up":{
              "texture":"#wood",
              "uv":[
                0.0,
                32.0,
                0.0,
                32.0
              ],
              "autoUv":false
            },
            "down":{
              "texture":"#wood",
              "uv":[
                14.0,
                19.0,
                16.0,
                16.0
              ],
              "autoUv":false,
              "rotation":90
            }
          },
          "children":[]
        },
        {
          "name":"bone_metal_metalhead 12",
          "from":[
            -17.370876371860504,
            -1.0911922752857208,
            -1.5628856718540192
          ],
          "to":[
            -16.264118134975433,
            0.09162065386772156,
            -0.7185649573802948
          ],
          "rotationOrigin":[
            -16.81749725341797,
            -0.49978581070899963,
            -1.140725314617157
          ],
          "rotationX":-20.121885851472012,
          "rotationY":80.53061457879414,
          "rotationZ":-69.65607232573092,
          "group":"bone_metal_metalhead",
          "faces":{
            "north":{
              "texture":"#wood",
              "uv":[
                11.0,
                16.0,
                13.0,
                19.0
              ],
              "autoUv":false,
              "rotation":90
            },
            "east":{
              "texture":"#wood",
              "uv":[
                12.0,
                16.0,
                10.0,
                18.000001907348633
              ],
              "autoUv":false,
              "rotation":270
            },
            "south":{
              "texture":"#wood",
              "uv":[
                13.0,
                16.0,
                11.0,
                19.0
              ],
              "autoUv":false,
              "rotation":270
            },
            "west":{
              "texture":"#wood",
              "uv":[
                10.0,
                16.0,
                12.0,
                18.000001907348633
              ],
              "autoUv":false,
              "rotation":90
            },
            "up":{
              "texture":"#wood",
              "uv":[
                0.0,
                32.0,
                0.0,
                32.0
              ],
              "autoUv":false
            },
            "down":{
              "texture":"#wood",
              "uv":[
                0.0,
                32.0,
                0.0,
                32.0
              ],
              "autoUv":false,
              "rotation":180
            }
          },
          "children":[]
        },
        {
          "name":"bone_metal_metalhead 13",
          "from":[
            -17.525692105293274,
            -1.0638740062713623,
            0.682941734790802
          ],
          "to":[
            -16.35500329732895,
            0.050215959548950195,
            1.5272801518440247
          ],
          "rotationOrigin":[
            -16.94034767150879,
            -0.506829023361206,
            1.1051109433174133
          ],
          "rotationX":43.14409200567946,
          "rotationY":-85.2076754054196,
          "rotationZ":43.24421574872268,
          "group":"bone_metal_metalhead",
          "faces":{
            "north":{
              "texture":"#wood",
              "uv":[
                17.0,
                16.0,
                15.0,
                19.0
              ],
              "autoUv":false
            },
            "east":{
              "texture":"#wood",
              "uv":[
                0.0,
                32.0,
                0.0,
                32.0
              ],
              "autoUv":false,
              "rotation":270
            },
            "south":{
              "texture":"#wood",
              "uv":[
                15.0,
                16.0,
                17.0,
                19.0
              ],
              "autoUv":false
            },
            "west":{
              "texture":"#wood",
              "uv":[
                0.0,
                32.0,
                0.0,
                32.0
              ],
              "autoUv":false,
              "rotation":90
            },
            "up":{
              "texture":"#wood",
              "uv":[
                14.0,
                16.0,
                16.0,
                18.000001907348633
              ],
              "autoUv":false
            },
            "down":{
              "texture":"#wood",
              "uv":[
                14.0,
                18.000001907348633,
                16.0,
                16.0
              ],
              "autoUv":false,
              "rotation":180
            }
          },
          "children":[]
        },
        {
          "name":"bone_metal_metalhead 14",
          "from":[
            -17.497392654418945,
            -1.0921732783317566,
            -0.4341013431549072
          ],
          "to":[
            -16.383302688598633,
            0.07851529121398926,
            0.410237193107605
          ],
          "rotationOrigin":[
            -16.94034767150879,
            -0.506829023361206,
            -0.011932075023651123
          ],
          "rotationX":-43.14406468492278,
          "rotationY":85.20766857523041,
          "rotationZ":-46.755814076512166,
          "group":"bone_metal_metalhead",
          "faces":{
            "north":{
              "texture":"#wood",
              "uv":[
                13.0,
                16.0,
                15.0,
                19.0
              ],
              "autoUv":false,
              "rotation":90
            },
            "east":{
              "texture":"#wood",
              "uv":[
                14.0,
                16.0,
                12.0,
                18.000001907348633
              ],
              "autoUv":false,
              "rotation":270
            },
            "south":{
              "texture":"#wood",
              "uv":[
                15.0,
                16.0,
                13.0,
                19.0
              ],
              "autoUv":false,
              "rotation":270
            },
            "west":{
              "texture":"#wood",
              "uv":[
                12.0,
                16.0,
                14.0,
                18.000001907348633
              ],
              "autoUv":false,
              "rotation":90
            },
            "up":{
              "texture":"#wood",
              "uv":[
                0.0,
                32.0,
                0.0,
                32.0
              ],
              "autoUv":false
            },
            "down":{
              "texture":"#wood",
              "uv":[
                0.0,
                32.0,
                0.0,
                32.0
              ],
              "autoUv":false,
              "rotation":180
            }
          },
          "children":[]
        },
        {
          "name":"bone_metal_metalhead 15",
          "from":[
            -17.408903896808624,
            -1.0531650185585022,
            1.8117443025112152
          ],
          "to":[
            -16.226090729236603,
            0.053593218326568604,
            2.656064987182617
          ],
          "rotationOrigin":[
            -16.81749725341797,
            -0.4997859001159668,
            2.2339046597480774
          ],
          "rotationX":20.0523511106267,
          "rotationY":-80.49917521804458,
          "rotationZ":20.28978726919656,
          "group":"bone_metal_metalhead",
          "faces":{
            "north":{
              "texture":"#wood",
              "uv":[
                19.0,
                16.0,
                17.0,
                19.0
              ],
              "autoUv":false
            },
            "east":{
              "texture":"#wood",
              "uv":[
                0.0,
                32.0,
                0.0,
                32.0
              ],
              "autoUv":false,
              "rotation":270
            },
            "south":{
              "texture":"#wood",
              "uv":[
                17.0,
                16.0,
                19.0,
                19.0
              ],
              "autoUv":false
            },
            "west":{
              "texture":"#wood",
              "uv":[
                0.0,
                32.0,
                0.0,
                32.0
              ],
              "autoUv":false,
              "rotation":90
            },
            "up":{
              "texture":"#wood",
              "uv":[
                16.0,
                16.0,
                18.0,
                18.000001907348633
              ],
              "autoUv":false
            },
            "down":{
              "texture":"#wood",
              "uv":[
                16.0,
                18.000001907348633,
                18.0,
                16.0
              ],
              "autoUv":false,
              "rotation":180
            }
          },
          "children":[]
        }
      ]
    }
  ],
  "groups":[]
}