{
  "textureWidth":16,
  "textureHeight":16,
  "textures":{
    "material":"game:block/metal/ingot/copper",
    "wood":"game:block/wood/debarked/veryaged"
  },
  "textureSizes":{
    "material":[
      32,
      32
    ],
    "wood":[
      32,
      32
    ]
  },
  "elements":[
    {
      "name":"origin",
      "from":[
        11.0,
        0.5,
        7.699999988079071
      ],
      "to":[
        11.0,
        0.5,
        7.699999988079071
      ],
      "rotationOrigin":[
        8.0,
        0.0,
        8.0
      ],
      "group":"bone_metal_stonehead",
      "faces":{
        "north":{
          "texture":"#0",
          "uv":[
            0,
            0,
            4,
            4
          ],
          "autoUv":false
        },
        "east":{
          "texture":"#0",
          "uv":[
            0,
            0,
            4,
            4
          ],
          "autoUv":false
        },
        "south":{
          "texture":"#0",
          "uv":[
            0,
            0,
            4,
            4
          ],
          "autoUv":false
        },
        "west":{
          "texture":"#0",
          "uv":[
            0,
            0,
            4,
            4
          ],
          "autoUv":false
        },
        "up":{
          "texture":"#material",
          "uv":[
            0.0,
            0.0,
            1.0,
            1.0
          ],
          "autoUv":false,
          "rotation":180
        },
        "down":{
          "texture":"#0",
          "uv":[
            0,
            0,
            4,
            4
          ],
          "autoUv":false
        }
      },
      "children":[
        {
          "name":"bone_metal_stonehead 01",
          "from":[
            6.067112416028976,
            -0.07844513654708862,
            -2.467490315437317
          ],
          "to":[
            7.049102336168289,
            0.7660972476005554,
            -0.5334694385528564
          ],
          "rotationOrigin":[
            6.558107376098633,
            0.3438260555267334,
            -1.5004798769950867
          ],
          "rotationX":8.962694610974854,
          "rotationY":-6.151241607270349e-06,
          "rotationZ":4.012076352941593e-07,
          "group":"bone_metal_stonehead",
          "faces":{
            "north":{
              "texture":"#material",
              "uv":[
                15.0,
                13.990798950195312,
                4.0,
                15.0
              ],
              "autoUv":false
            },
            "east":{
              "texture":"#material",
              "uv":[
                13.0,
                11.0,
                9.0,
                13.0
              ],
              "autoUv":false
            },
            "south":{
              "texture":"#material",
              "uv":[
                13.0,
                9.990798950195312,
                2.0,
                11.0
              ],
              "autoUv":false
            },
            "west":{
              "texture":"#material",
              "uv":[
                9.0,
                11.0,
                13.0,
                13.0
              ],
              "autoUv":false
            },
            "up":{
              "texture":"#material",
              "uv":[
                9.0,
                15.000286102294922,
                13.0,
                16.999784469604492
              ],
              "autoUv":false,
              "rotation":90
            },
            "down":{
              "texture":"#material",
              "uv":[
                9.0,
                16.999784469604492,
                13.0,
                15.000286102294922
              ],
              "autoUv":false,
              "rotation":90
            }
          },
          "children":[]
        },
        {
          "name":"bone_metal_stonehead 02",
          "from":[
            6.066117644309998,
            -0.27014821767807007,
            -0.5848153829574585
          ],
          "to":[
            7.049925446510315,
            0.5730921626091003,
            0.6923151016235352
          ],
          "rotationOrigin":[
            6.558021545410156,
            0.15147197246551514,
            0.05374985933303833
          ],
          "rotationX":3.9824199158645666,
          "rotationY":-6.815913415713846e-06,
          "rotationZ":4.7661461745941685e-07,
          "group":"bone_metal_stonehead",
          "faces":{
            "north":{
              "texture":"#material",
              "uv":[
                14.999999046325684,
                14.012567520141602,
                4.0,
                15.017959594726562
              ],
              "autoUv":false
            },
            "east":{
              "texture":"#material",
              "uv":[
                15.0,
                11.0,
                13.0,
                13.0
              ],
              "autoUv":false
            },
            "south":{
              "texture":"#material",
              "uv":[
                12.999999046325684,
                10.012567520141602,
                2.0,
                11.017961502075195
              ],
              "autoUv":false
            },
            "west":{
              "texture":"#material",
              "uv":[
                13.0,
                11.0,
                15.0,
                13.0
              ],
              "autoUv":false
            },
            "up":{
              "texture":"#material",
              "uv":[
                13.0,
                14.999130249023438,
                15.0,
                17.001185417175293
              ],
              "autoUv":false,
              "rotation":90
            },
            "down":{
              "texture":"#material",
              "uv":[
                13.0,
                17.001185417175293,
                15.0,
                14.999130249023438
              ],
              "autoUv":false,
              "rotation":90
            }
          },
          "children":[]
        },
        {
          "name":"bone_metal_stonehead 03",
          "from":[
            6.067112416028976,
            -0.07844510674476624,
            1.6223153471946716
          ],
          "to":[
            7.049102336168289,
            0.766097217798233,
            3.5563361048698425
          ],
          "rotationOrigin":[
            6.558107376098633,
            0.3438260555267334,
            2.589325726032257
          ],
          "rotationX":-8.962694610974854,
          "rotationY":6.151243642825345e-06,
          "rotationZ":4.012074317386597e-07,
          "group":"bone_metal_stonehead",
          "faces":{
            "north":{
              "texture":"#material",
              "uv":[
                2.0,
                9.990798950195312,
                13.0,
                11.0
              ],
              "autoUv":false
            },
            "east":{
              "texture":"#material",
              "uv":[
                9.0,
                11.0,
                13.0,
                13.0
              ],
              "autoUv":false
            },
            "south":{
              "texture":"#material",
              "uv":[
                4.0,
                13.990798950195312,
                15.0,
                15.0
              ],
              "autoUv":false
            },
            "west":{
              "texture":"#material",
              "uv":[
                13.0,
                11.0,
                9.0,
                13.0
              ],
              "autoUv":false
            },
            "up":{
              "texture":"#material",
              "uv":[
                13.0,
                15.000286102294922,
                9.0,
                16.999784469604492
              ],
              "autoUv":false,
              "rotation":90
            },
            "down":{
              "texture":"#material",
              "uv":[
                13.0,
                16.999784469604492,
                9.0,
                15.000286102294922
              ],
              "autoUv":false,
              "rotation":90
            }
          },
          "children":[]
        },
        {
          "name":"bone_metal_stonehead 04",
          "from":[
            6.066117644309998,
            -0.27014821767807007,
            0.39653074741363525
          ],
          "to":[
            7.049925446510315,
            0.5730921626091003,
            1.673661231994629
          ],
          "rotationOrigin":[
            6.558021545410156,
            0.15147197246551514,
            1.035095989704132
          ],
          "rotationX":-3.98241906209092,
          "rotationY":6.815912601491847e-06,
          "rotationZ":4.7661451568166707e-07,
          "group":"bone_metal_stonehead",
          "faces":{
            "north":{
              "texture":"#material",
              "uv":[
                2.0,
                10.012567520141602,
                12.999999046325684,
                11.017961502075195
              ],
              "autoUv":false
            },
            "east":{
              "texture":"#material",
              "uv":[
                13.0,
                11.0,
                15.0,
                13.0
              ],
              "autoUv":false
            },
            "south":{
              "texture":"#material",
              "uv":[
                4.0,
                14.012567520141602,
                14.999999046325684,
                15.017959594726562
              ],
              "autoUv":false
            },
            "west":{
              "texture":"#material",
              "uv":[
                15.0,
                11.0,
                13.0,
                13.0
              ],
              "autoUv":false
            },
            "up":{
              "texture":"#material",
              "uv":[
                15.0,
                14.999130249023438,
                13.0,
                17.001185417175293
              ],
              "autoUv":false,
              "rotation":90
            },
            "down":{
              "texture":"#material",
              "uv":[
                15.0,
                17.001185417175293,
                13.0,
                14.999130249023438
              ],
              "autoUv":false,
              "rotation":90
            }
          },
          "children":[]
        },
        {
          "name":"bone_metal_stonehead 05",
          "from":[
            6.0676471292972565,
            0.14543843269348145,
            -2.9843940436840057
          ],
          "to":[
            7.048891872167587,
            0.9822285175323486,
            -2.388404279947281
          ],
          "rotationOrigin":[
            6.558269500732422,
            0.563833475112915,
            -2.6863991618156433
          ],
          "rotationX":16.731202362559262,
          "rotationY":-5.134380108950285e-06,
          "rotationZ":1.6930588735960607e-07,
          "group":"bone_metal_stonehead",
          "faces":{
            "north":{
              "texture":"#material",
              "uv":[
                13.0,
                11.013860702514648,
                11.0,
                12.986139297485352
              ],
              "autoUv":false
            },
            "east":{
              "texture":"#material",
              "uv":[
                9.0,
                11.0,
                7.0,
                13.0
              ],
              "autoUv":false
            },
            "south":{
              "texture":"#material",
              "uv":[
                10.389289855957031,
                0.027723312377929688,
                0.6107110977172852,
                1.027658462524414
              ],
              "autoUv":false
            },
            "west":{
              "texture":"#material",
              "uv":[
                7.0,
                11.0,
                9.0,
                13.0
              ],
              "autoUv":false
            },
            "up":{
              "texture":"#material",
              "uv":[
                7.0,
                15.00058364868164,
                9.0,
                16.99903392791748
              ],
              "autoUv":false,
              "rotation":90
            },
            "down":{
              "texture":"#material",
              "uv":[
                7.0,
                16.99903392791748,
                9.0,
                15.00058364868164
              ],
              "autoUv":false,
              "rotation":90
            }
          },
          "children":[]
        },
        {
          "name":"bone_metal_stonehead 06",
          "from":[
            6.0676471292972565,
            0.14543843269348145,
            3.477249652147293
          ],
          "to":[
            7.048891872167587,
            0.9822285175323486,
            4.073239415884018
          ],
          "rotationOrigin":[
            6.558269500732422,
            0.563833475112915,
            3.7752445340156555
          ],
          "rotationX":-16.731198947464677,
          "rotationY":5.1343792947282865e-06,
          "rotationZ":1.6930657435941727e-07,
          "group":"bone_metal_stonehead",
          "faces":{
            "north":{
              "texture":"#material",
              "uv":[
                0.6107110977172852,
                0.027723312377929688,
                10.389289855957031,
                1.027658462524414
              ],
              "autoUv":false
            },
            "east":{
              "texture":"#material",
              "uv":[
                7.0,
                11.0,
                9.0,
                13.0
              ],
              "autoUv":false
            },
            "south":{
              "texture":"#material",
              "uv":[
                11.0,
                11.013860702514648,
                13.0,
                12.986139297485352
              ],
              "autoUv":false
            },
            "west":{
              "texture":"#material",
              "uv":[
                9.0,
                11.0,
                7.0,
                13.0
              ],
              "autoUv":false
            },
            "up":{
              "texture":"#material",
              "uv":[
                9.0,
                15.00058364868164,
                7.0,
                16.99903392791748
              ],
              "autoUv":false,
              "rotation":90
            },
            "down":{
              "texture":"#material",
              "uv":[
                9.0,
                16.99903392791748,
                7.0,
                15.00058364868164
              ],
              "autoUv":false,
              "rotation":90
            }
          },
          "children":[]
        },
        {
          "name":"bone_metal_stonehead 07",
          "from":[
            4.047142148017883,
            -0.48763155937194824,
            -0.153775155544281
          ],
          "to":[
            5.08448588848114,
            1.0123684406280518,
            1.2426210045814514
          ],
          "rotationOrigin":[
            4.565814018249512,
            0.26236844062805176,
            0.5444229245185852
          ],
          "group":"bone_metal_stonehead",
          "faces":{
            "north":{
              "texture":"#material",
              "uv":[
                8.0,
                13.0,
                6.0,
                16.0
              ],
              "autoUv":false
            },
            "east":{
              "texture":"#material",
              "uv":[
                1.0032286643981934,
                1.0,
                3.9967713356018066,
                4.0
              ],
              "autoUv":false
            },
            "south":{
              "texture":"#material",
              "uv":[
                6.0,
                13.0,
                8.0,
                16.0
              ],
              "autoUv":false
            },
            "west":{
              "texture":"#material",
              "uv":[
                28.0,
                20.0,
                31.0,
                23.0
              ],
              "autoUv":false
            },
            "up":{
              "texture":"#material",
              "uv":[
                6.0,
                13.0,
                8.00023078918457,
                15.0
              ],
              "autoUv":false
            },
            "down":{
              "texture":"#material",
              "uv":[
                6.0,
                15.0,
                8.00023078918457,
                13.0
              ],
              "autoUv":false,
              "rotation":180
            }
          },
          "children":[]
        },
        {
          "name":"bone_metal_stonehead 08",
          "from":[
            4.900145173072815,
            -0.6109153628349304,
            -0.15464800596237183
          ],
          "to":[
            7.265187621116638,
            0.8890838027000427,
            1.2434938549995422
          ],
          "rotationOrigin":[
            6.082666397094727,
            0.13908421993255615,
            0.5444229245185852
          ],
          "rotationX":-1.3772104091107799e-15,
          "rotationY":7.476351849346197e-17,
          "rotationZ":-6.197898921750807,
          "group":"bone_metal_stonehead",
          "faces":{
            "north":{
              "texture":"#material",
              "uv":[
                12.0,
                13.0,
                8.0,
                16.0
              ],
              "autoUv":false
            },
            "east":{
              "texture":"#material",
              "uv":[
                1.0,
                1.0,
                4.0,
                4.0
              ],
              "autoUv":false
            },
            "south":{
              "texture":"#material",
              "uv":[
                8.0,
                13.0,
                12.0,
                16.0
              ],
              "autoUv":false
            },
            "west":{
              "texture":"#material",
              "uv":[
                28.0,
                20.0,
                31.0,
                23.0
              ],
              "autoUv":false
            },
            "up":{
              "texture":"#material",
              "uv":[
                7.999769687652588,
                13.0,
                12.0,
                15.0
              ],
              "autoUv":false
            },
            "down":{
              "texture":"#material",
              "uv":[
                7.0,
                15.0,
                11.000167846679688,
                13.0
              ],
              "autoUv":false,
              "rotation":180
            }
          },
          "children":[]
        },
        {
          "name":"bone_metal_stonehead 09",
          "from":[
            6.902048826217651,
            -0.49976450204849243,
            -0.15528124570846558
          ],
          "to":[
            8.530873537063599,
            0.8494771122932434,
            1.244127094745636
          ],
          "rotationOrigin":[
            7.716461181640625,
            0.1748563051223755,
            0.5444229245185852
          ],
          "rotationX":4.28729459703058e-15,
          "rotationY":7.441574162969953e-16,
          "rotationZ":19.702105840177612,
          "group":"bone_metal_stonehead",
          "faces":{
            "north":{
              "texture":"#material",
              "uv":[
                14.0,
                13.0,
                12.0,
                16.0
              ],
              "autoUv":false
            },
            "east":{
              "texture":"#material",
              "uv":[
                1.0,
                1.3015174865722656,
                4.0,
                4.0
              ],
              "autoUv":false
            },
            "south":{
              "texture":"#material",
              "uv":[
                12.0,
                13.0,
                14.0,
                16.0
              ],
              "autoUv":false
            },
            "west":{
              "texture":"#material",
              "uv":[
                28.0,
                20.30151653289795,
                31.0,
                23.0
              ],
              "autoUv":false
            },
            "up":{
              "texture":"#material",
              "uv":[
                10.0,
                13.0,
                12.99986457824707,
                15.0
              ],
              "autoUv":false
            },
            "down":{
              "texture":"#material",
              "uv":[
                10.999832153320312,
                15.0,
                14.000018119812012,
                13.0
              ],
              "autoUv":false,
              "rotation":180
            }
          },
          "children":[]
        },
        {
          "name":"bone_metal_stonehead 10",
          "from":[
            8.130726486444473,
            -0.12594425678253174,
            -0.15370720624923706
          ],
          "to":[
            8.835868209600449,
            1.0243672132492065,
            1.2425530552864075
          ],
          "rotationOrigin":[
            8.483297348022461,
            0.4492114782333374,
            0.5444229245185852
          ],
          "rotationX":1.3744538817259134e-15,
          "rotationY":7.446315928467287e-17,
          "rotationZ":51.20210671674497,
          "group":"bone_metal_stonehead",
          "faces":{
            "north":{
              "texture":"#material",
              "uv":[
                16.0,
                13.0,
                14.0,
                16.0
              ],
              "autoUv":false,
              "rotation":270
            },
            "east":{
              "texture":"#material",
              "uv":[
                13.00013542175293,
                13.0,
                15.0,
                15.0
              ],
              "autoUv":false,
              "rotation":90
            },
            "south":{
              "texture":"#material",
              "uv":[
                14.0,
                13.0,
                16.0,
                16.0
              ],
              "autoUv":false,
              "rotation":90
            },
            "west":{
              "texture":"#material",
              "uv":[
                28.003374099731445,
                20.257062911987305,
                30.996625900268555,
                22.557693481445312
              ],
              "autoUv":false
            },
            "up":{
              "texture":"#material",
              "uv":[
                16.99786949157715,
                14.497795104980469,
                17.995126724243164,
                18.447145462036133
              ],
              "autoUv":false,
              "rotation":180
            },
            "down":{
              "texture":"#material",
              "uv":[
                13.999981880187988,
                15.0,
                15.0,
                13.0
              ],
              "autoUv":false,
              "rotation":180
            }
          },
          "children":[]
        },
        {
          "name":"bone_metal_stonehead 11",
          "from":[
            4.448100581765175,
            -0.5774794816970825,
            0.3611367493867874
          ],
          "to":[
            4.819437488913536,
            1.102216362953186,
            0.7324736565351486
          ],
          "rotationOrigin":[
            4.6337690353393555,
            0.26236844062805176,
            0.546805202960968
          ],
          "rotationY":-33.59999888594843,
          "group":"bone_metal_stonehead",
          "faces":{
            "north":{
              "texture":"#material",
              "uv":[
                28.478666305541992,
                25.42331314086914,
                27.881677627563477,
                29.602124214172363
              ],
              "autoUv":false
            },
            "east":{
              "texture":"#material",
              "uv":[
                23.461999893188477,
                21.55010223388672,
                24.283689498901367,
                24.586124420166016
              ],
              "autoUv":false
            },
            "south":{
              "texture":"#material",
              "uv":[
                27.881669998168945,
                25.423309326171875,
                28.478666305541992,
                29.60212993621826
              ],
              "autoUv":false
            },
            "west":{
              "texture":"#material",
              "uv":[
                30.13896369934082,
                26.24871826171875,
                30.96067237854004,
                29.284709930419922
              ],
              "autoUv":false
            },
            "up":{
              "texture":"#material",
              "uv":[
                29.52019691467285,
                23.14002227783203,
                30.013797760009766,
                24.25735092163086
              ],
              "autoUv":false,
              "rotation":90
            },
            "down":{
              "texture":"#material",
              "uv":[
                29.52019691467285,
                24.031539916992188,
                30.013797760009766,
                22.91421127319336
              ],
              "autoUv":false,
              "rotation":90
            }
          },
          "children":[]
        },
        {
          "name":"bone_metal_stonehead 12",
          "from":[
            -17.20307767391205,
            -0.6789288222789764,
            2.9575951993465424
          ],
          "to":[
            -16.008256494998932,
            0.43516114354133606,
            3.80193367600441
          ],
          "rotationOrigin":[
            -16.605667114257812,
            -0.12188383936882019,
            3.3797643780708313
          ],
          "rotationX":15.014502616568258,
          "rotationY":102.478498570903,
          "rotationZ":-15.360798330129782,
          "group":"bone_metal_stonehead",
          "faces":{
            "north":{
              "texture":"#wood",
              "uv":[
                19.0,
                16.0,
                21.0,
                19.0
              ],
              "autoUv":false
            },
            "east":{
              "texture":"#wood",
              "uv":[
                0.0,
                32.0,
                0.0,
                32.0
              ],
              "autoUv":false,
              "rotation":90
            },
            "south":{
              "texture":"#wood",
              "uv":[
                21.0,
                16.0,
                19.0,
                19.0
              ],
              "autoUv":false
            },
            "west":{
              "texture":"#wood",
              "uv":[
                14.0,
                16.0,
                16.0,
                19.0
              ],
              "autoUv":false
            },
            "up":{
              "texture":"#wood",
              "uv":[
                18.0,
                16.0,
                20.0,
                18.000001907348633
              ],
              "autoUv":false,
              "rotation":180
            },
            "down":{
              "texture":"#wood",
              "uv":[
                18.0,
                18.000001907348633,
                20.0,
                16.0
              ],
              "autoUv":false
            }
          },
          "children":[]
        },
        {
          "name":"bone_metal_stonehead 13",
          "from":[
            -17.16271209716797,
            -0.7192945778369904,
            -2.708754241466522
          ],
          "to":[
            -16.048622131347656,
            0.4755270183086395,
            -1.8644157350063324
          ],
          "rotationOrigin":[
            -16.605667114257812,
            -0.12188383936882019,
            -2.286585032939911
          ],
          "rotationX":-15.014492371284502,
          "rotationY":77.52153375881001,
          "rotationZ":105.3608110798917,
          "group":"bone_metal_stonehead",
          "faces":{
            "north":{
              "texture":"#wood",
              "uv":[
                9.0,
                16.0,
                11.0,
                19.0
              ],
              "autoUv":false,
              "rotation":270
            },
            "east":{
              "texture":"#wood",
              "uv":[
                8.0,
                16.0,
                10.0,
                18.000001907348633
              ],
              "autoUv":false,
              "rotation":270
            },
            "south":{
              "texture":"#wood",
              "uv":[
                11.0,
                16.0,
                9.0,
                19.0
              ],
              "autoUv":false,
              "rotation":90
            },
            "west":{
              "texture":"#wood",
              "uv":[
                10.0,
                16.0,
                8.0,
                18.000001907348633
              ],
              "autoUv":false,
              "rotation":90
            },
            "up":{
              "texture":"#wood",
              "uv":[
                0.0,
                32.0,
                0.0,
                32.0
              ],
              "autoUv":false
            },
            "down":{
              "texture":"#wood",
              "uv":[
                14.0,
                19.0,
                16.0,
                16.0
              ],
              "autoUv":false,
              "rotation":90
            }
          },
          "children":[]
        },
        {
          "name":"bone_metal_stonehead 14",
          "from":[
            -17.370876371860504,
            -0.7254346311092377,
            -1.5628857016563416
          ],
          "to":[
            -16.264118134975433,
            0.4573782980442047,
            -0.7185649275779724
          ],
          "rotationOrigin":[
            -16.81749725341797,
            -0.13402816653251648,
            -1.140725314617157
          ],
          "rotationX":-20.121908049586814,
          "rotationY":80.53061457879414,
          "rotationZ":-69.65605183516341,
          "group":"bone_metal_stonehead",
          "faces":{
            "north":{
              "texture":"#wood",
              "uv":[
                11.0,
                16.0,
                13.0,
                19.0
              ],
              "autoUv":false,
              "rotation":90
            },
            "east":{
              "texture":"#wood",
              "uv":[
                12.0,
                16.0,
                10.0,
                18.000001907348633
              ],
              "autoUv":false,
              "rotation":270
            },
            "south":{
              "texture":"#wood",
              "uv":[
                13.0,
                16.0,
                11.0,
                19.0
              ],
              "autoUv":false,
              "rotation":270
            },
            "west":{
              "texture":"#wood",
              "uv":[
                10.0,
                16.0,
                12.0,
                18.000001907348633
              ],
              "autoUv":false,
              "rotation":90
            },
            "up":{
              "texture":"#wood",
              "uv":[
                0.0,
                32.0,
                0.0,
                32.0
              ],
              "autoUv":false
            },
            "down":{
              "texture":"#wood",
              "uv":[
                0.0,
                32.0,
                0.0,
                32.0
              ],
              "autoUv":false,
              "rotation":180
            }
          },
          "children":[]
        },
        {
          "name":"bone_metal_stonehead 15",
          "from":[
            -17.525692105293274,
            -0.6981163620948792,
            0.682941734790802
          ],
          "to":[
            -16.35500329732895,
            0.41597360372543335,
            1.5272801518440247
          ],
          "rotationOrigin":[
            -16.94034767150879,
            -0.1410713791847229,
            1.1051109433174133
          ],
          "rotationX":43.1440851754903,
          "rotationY":-85.2076754054196,
          "rotationZ":43.24421574872268,
          "group":"bone_metal_stonehead",
          "faces":{
            "north":{
              "texture":"#wood",
              "uv":[
                17.0,
                16.0,
                15.0,
                19.0
              ],
              "autoUv":false
            },
            "east":{
              "texture":"#wood",
              "uv":[
                0.0,
                32.0,
                0.0,
                32.0
              ],
              "autoUv":false,
              "rotation":270
            },
            "south":{
              "texture":"#wood",
              "uv":[
                15.0,
                16.0,
                17.0,
                19.0
              ],
              "autoUv":false
            },
            "west":{
              "texture":"#wood",
              "uv":[
                0.0,
                32.0,
                0.0,
                32.0
              ],
              "autoUv":false,
              "rotation":90
            },
            "up":{
              "texture":"#wood",
              "uv":[
                14.0,
                16.0,
                16.0,
                18.000001907348633
              ],
              "autoUv":false
            },
            "down":{
              "texture":"#wood",
              "uv":[
                14.0,
                18.000001907348633,
                16.0,
                16.0
              ],
              "autoUv":false,
              "rotation":180
            }
          },
          "children":[]
        },
        {
          "name":"bone_metal_stonehead 16",
          "from":[
            -17.497392654418945,
            -0.7264156341552734,
            -0.4341013431549072
          ],
          "to":[
            -16.383302688598633,
            0.4442729353904724,
            0.410237193107605
          ],
          "rotationOrigin":[
            -16.94034767150879,
            -0.1410713791847229,
            -0.011932075023651123
          ],
          "rotationX":-43.14406468492278,
          "rotationY":85.20766857523041,
          "rotationZ":-46.755814076512166,
          "group":"bone_metal_stonehead",
          "faces":{
            "north":{
              "texture":"#wood",
              "uv":[
                13.0,
                16.0,
                15.0,
                19.0
              ],
              "autoUv":false,
              "rotation":90
            },
            "east":{
              "texture":"#wood",
              "uv":[
                14.0,
                16.0,
                12.0,
                18.000001907348633
              ],
              "autoUv":false,
              "rotation":270
            },
            "south":{
              "texture":"#wood",
              "uv":[
                15.0,
                16.0,
                13.0,
                19.0
              ],
              "autoUv":false,
              "rotation":270
            },
            "west":{
              "texture":"#wood",
              "uv":[
                12.0,
                16.0,
                14.0,
                18.000001907348633
              ],
              "autoUv":false,
              "rotation":90
            },
            "up":{
              "texture":"#wood",
              "uv":[
                0.0,
                32.0,
                0.0,
                32.0
              ],
              "autoUv":false
            },
            "down":{
              "texture":"#wood",
              "uv":[
                0.0,
                32.0,
                0.0,
                32.0
              ],
              "autoUv":false,
              "rotation":180
            }
          },
          "children":[]
        },
        {
          "name":"bone_metal_stonehead 17",
          "from":[
            -17.408903896808624,
            -0.687407374382019,
            1.8117443025112152
          ],
          "to":[
            -16.226090729236603,
            0.41935086250305176,
            2.656064987182617
          ],
          "rotationOrigin":[
            -16.81749725341797,
            -0.13402825593948364,
            2.2339046597480774
          ],
          "rotationX":20.0523511106267,
          "rotationY":-80.49917521804458,
          "rotationZ":20.28978726919656,
          "group":"bone_metal_stonehead",
          "faces":{
            "north":{
              "texture":"#wood",
              "uv":[
                19.0,
                16.0,
                17.0,
                19.0
              ],
              "autoUv":false
            },
            "east":{
              "texture":"#wood",
              "uv":[
                0.0,
                32.0,
                0.0,
                32.0
              ],
              "autoUv":false,
              "rotation":270
            },
            "south":{
              "texture":"#wood",
              "uv":[
                17.0,
                16.0,
                19.0,
                19.0
              ],
              "autoUv":false
            },
            "west":{
              "texture":"#wood",
              "uv":[
                0.0,
                32.0,
                0.0,
                32.0
              ],
              "autoUv":false,
              "rotation":90
            },
            "up":{
              "texture":"#wood",
              "uv":[
                16.0,
                16.0,
                18.0,
                18.000001907348633
              ],
              "autoUv":false
            },
            "down":{
              "texture":"#wood",
              "uv":[
                16.0,
                18.000001907348633,
                18.0,
                16.0
              ],
              "autoUv":false,
              "rotation":180
            }
          },
          "children":[]
        },
        {
          "name":"bone_metal_stonehead 18",
          "from":[
            -13.725642263889313,
            -0.6041929125785828,
            -0.13946259021759033
          ],
          "to":[
            -12.621935784816742,
            0.4513161778450012,
            1.231755018234253
          ],
          "rotationOrigin":[
            -13.173789024353027,
            -0.07643836736679077,
            0.5461462140083313
          ],
          "rotationX":90.06518982991678,
          "rotationY":2.6644847563088887,
          "rotationZ":-90.07131650960227,
          "group":"bone_metal_stonehead",
          "faces":{
            "north":{
              "texture":"#material",
              "uv":[
                12.0,
                16.0,
                14.0,
                18.0
              ],
              "autoUv":false,
              "rotation":270
            },
            "east":{
              "texture":"#material",
              "uv":[
                12.0,
                18.01020622253418,
                14.0,
                20.989792823791504
              ],
              "autoUv":false,
              "rotation":90
            },
            "south":{
              "texture":"#material",
              "uv":[
                12.0,
                16.0,
                14.0,
                18.0
              ],
              "autoUv":false,
              "rotation":90
            },
            "west":{
              "texture":"#material",
              "uv":[
                12.0,
                18.0,
                14.000000953674316,
                21.0
              ],
              "autoUv":false,
              "rotation":270
            },
            "up":{
              "texture":"#material",
              "uv":[
                15.0,
                22.0,
                17.0,
                24.0
              ],
              "autoUv":false,
              "rotation":270
            },
            "down":{
              "texture":"#material",
              "uv":[
                17.0,
                19.0,
                15.0,
                17.0
              ],
              "autoUv":false,
              "rotation":90
            }
          },
          "children":[]
        },
        {
          "name":"bone_metal_stonehead 19",
          "from":[
            -13.83457612991333,
            -0.27729788422584534,
            0.34528669714927673
          ],
          "to":[
            -12.513001918792725,
            0.1244211494922638,
            0.7470057308673859
          ],
          "rotationOrigin":[
            -13.173789024353027,
            -0.07643836736679077,
            0.5461462140083313
          ],
          "rotationX":90.07197220776258,
          "rotationY":-25.208792179244067,
          "rotationZ":-90.03752756377821,
          "group":"bone_metal_stonehead",
          "faces":{
            "north":{
              "texture":"#material",
              "uv":[
                16.0,
                17.0,
                17.0,
                20.0
              ],
              "autoUv":false,
              "rotation":90
            },
            "east":{
              "texture":"#material",
              "uv":[
                15.0,
                17.000000953674316,
                16.0,
                17.999999046325684
              ],
              "autoUv":false,
              "rotation":90
            },
            "south":{
              "texture":"#material",
              "uv":[
                16.0,
                17.0,
                17.0,
                20.0
              ],
              "autoUv":false,
              "rotation":90
            },
            "west":{
              "texture":"#material",
              "uv":[
                15.0,
                17.000001907348633,
                16.0,
                18.0
              ],
              "autoUv":false,
              "rotation":90
            },
            "up":{
              "texture":"#material",
              "uv":[
                14.0,
                19.0,
                17.0,
                20.0
              ],
              "autoUv":false
            },
            "down":{
              "texture":"#material",
              "uv":[
                17.0,
                20.0,
                14.0,
                19.0
              ],
              "autoUv":false
            }
          },
          "children":[]
        }
      ]
    }
  ],
  "groups":[]
}