{
  "textureWidth":16,
  "textureHeight":16,
  "textures":{
    "material":"game:item/tool/material/string",
    "wood":"game:block/wood/debarked/veryaged"
  },
  "textureSizes":{
    "material":[
      32,
      32
    ],
    "wood":[
      32,
      32
    ]
  },
  "elements":[
    {
      "name":"origin",
      "from":[
        11.0,
        0.6638624668121338,
        7.993711173534393
      ],
      "to":[
        11.0,
        0.6638624668121338,
        7.993711173534393
      ],
      "rotationOrigin":[
        8.0,
        0.0,
        8.0
      ],
      "group":"bone_string_stonehead",
      "faces":{
        "north":{
          "texture":"#0",
          "uv":[
            0,
            0,
            4,
            4
          ],
          "autoUv":false
        },
        "east":{
          "texture":"#0",
          "uv":[
            0,
            0,
            4,
            4
          ],
          "autoUv":false
        },
        "south":{
          "texture":"#0",
          "uv":[
            0,
            0,
            4,
            4
          ],
          "autoUv":false
        },
        "west":{
          "texture":"#0",
          "uv":[
            0,
            0,
            4,
            4
          ],
          "autoUv":false
        },
        "up":{
          "texture":"#material",
          "uv":[
            0.0,
            0.0,
            1.0,
            1.0
          ],
          "autoUv":false,
          "rotation":180
        },
        "down":{
          "texture":"#0",
          "uv":[
            0,
            0,
            4,
            4
          ],
          "autoUv":false
        }
      },
      "children":[
        {
          "name":"bone_string_stonehead 01",
          "from":[
            5.24300791323185,
            -0.7458475828170776,
            -0.7385134696960449
          ],
          "to":[
            5.71972630918026,
            0.9828046560287476,
            1.1683599352836609
          ],
          "rotationOrigin":[
            5.481367111206055,
            0.11847853660583496,
            0.2149232029914856
          ],
          "rotationY":-167.99999101464758,
          "group":"bone_string_stonehead",
          "faces":{
            "north":{
              "texture":"#material",
              "uv":[
                21.0,
                3.0,
                24.0,
                4.0
              ],
              "autoUv":false,
              "rotation":90
            },
            "east":{
              "texture":"#material",
              "uv":[
                4.0,
                2.0,
                8.0,
                5.0
              ],
              "autoUv":false
            },
            "south":{
              "texture":"#material",
              "uv":[
                6.0,
                3.0,
                9.0,
                4.0
              ],
              "autoUv":false,
              "rotation":90
            },
            "west":{
              "texture":"#material",
              "uv":[
                8.0,
                7.0,
                12.0,
                10.0
              ],
              "autoUv":false
            },
            "up":{
              "texture":"#material",
              "uv":[
                4.0,
                2.0,
                5.0,
                6.0
              ],
              "autoUv":false
            },
            "down":{
              "texture":"#material",
              "uv":[
                5.0,
                6.0,
                4.0,
                2.0
              ],
              "autoUv":false,
              "rotation":180
            }
          },
          "children":[]
        },
        {
          "name":"bone_string_stonehead 02",
          "from":[
            4.42893373966217,
            -0.13220803439617157,
            -0.7658882737159729
          ],
          "to":[
            6.335924506187439,
            0.34451811015605927,
            1.1354223489761353
          ],
          "rotationOrigin":[
            5.382429122924805,
            0.10615503787994385,
            0.18476706743240356
          ],
          "rotationX":88.04107692976183,
          "rotationY":0.07912357938807224,
          "rotationZ":116.08629128450858,
          "group":"bone_string_stonehead",
          "faces":{
            "north":{
              "texture":"#material",
              "uv":[
                10.0,
                3.0,
                14.0,
                4.0
              ],
              "autoUv":false
            },
            "east":{
              "texture":"#material",
              "uv":[
                1.0,
                1.00091552734375,
                3.999999523162842,
                1.99908447265625
              ],
              "autoUv":false,
              "rotation":180
            },
            "south":{
              "texture":"#material",
              "uv":[
                13.0,
                3.0,
                17.0,
                4.0
              ],
              "autoUv":false,
              "rotation":180
            },
            "west":{
              "texture":"#material",
              "uv":[
                5.000937461853027,
                0.9999980926513672,
                8.0,
                2.0
              ],
              "autoUv":false
            },
            "up":{
              "texture":"#material",
              "uv":[
                1.0,
                0.0,
                4.997188568115234,
                2.999998092651367
              ],
              "autoUv":false
            },
            "down":{
              "texture":"#material",
              "uv":[
                5.001874923706055,
                10.0,
                1.0,
                7.0
              ],
              "autoUv":false,
              "rotation":180
            }
          },
          "children":[]
        },
        {
          "name":"bone_string_stonehead 03",
          "from":[
            3.768145263195038,
            -0.1007397323846817,
            -0.6910872459411621
          ],
          "to":[
            5.484366714954376,
            0.37597836554050446,
            1.2048779726028442
          ],
          "rotationOrigin":[
            4.626255989074707,
            0.13761931657791138,
            0.25689536333084106
          ],
          "rotationX":89.0318368500072,
          "rotationY":-0.016022329792167313,
          "rotationZ":90.00038499507168,
          "group":"bone_string_stonehead",
          "faces":{
            "north":{
              "texture":"#material",
              "uv":[
                10.0,
                2.0,
                13.0,
                3.0
              ],
              "autoUv":false
            },
            "east":{
              "texture":"#material",
              "uv":[
                3.0,
                2.0,
                6.0,
                3.0
              ],
              "autoUv":false,
              "rotation":180
            },
            "south":{
              "texture":"#material",
              "uv":[
                6.0,
                4.000001907348633,
                9.0,
                5.0
              ],
              "autoUv":false,
              "rotation":180
            },
            "west":{
              "texture":"#material",
              "uv":[
                1.0,
                8.0,
                4.0,
                9.0
              ],
              "autoUv":false
            },
            "up":{
              "texture":"#material",
              "uv":[
                1.0,
                7.0,
                4.0,
                10.0
              ],
              "autoUv":false
            },
            "down":{
              "texture":"#material",
              "uv":[
                8.0,
                7.999998092651367,
                5.0,
                5.0
              ],
              "autoUv":false,
              "rotation":180
            }
          },
          "children":[]
        },
        {
          "name":"bone_string_stonehead 04",
          "from":[
            -17.611315459012985,
            -0.9503530859947205,
            -2.9560160040855408
          ],
          "to":[
            -16.611315995454788,
            0.02835547924041748,
            3.4460354447364807
          ],
          "rotationOrigin":[
            -17.111315727233887,
            -0.4609988033771515,
            0.24500972032546997
          ],
          "rotationX":3.2650089438437556e-09,
          "rotationY":-2.634909396872499,
          "rotationZ":3.100003871328524,
          "group":"bone_string_stonehead",
          "faces":{
            "north":{
              "texture":"#wood",
              "uv":[
                2.0,
                17.0,
                4.0,
                19.0
              ],
              "autoUv":false
            },
            "east":{
              "texture":"#wood",
              "uv":[
                25.0,
                15.0,
                15.0,
                17.0
              ],
              "autoUv":false
            },
            "south":{
              "texture":"#wood",
              "uv":[
                6.0,
                10.0,
                8.0,
                12.0
              ],
              "autoUv":false
            },
            "west":{
              "texture":"#wood",
              "uv":[
                15.0,
                15.0,
                25.0,
                17.0
              ],
              "autoUv":false
            },
            "up":{
              "texture":"#wood",
              "uv":[
                14.0,
                10.0,
                23.0,
                12.0
              ],
              "autoUv":false,
              "rotation":90
            },
            "down":{
              "texture":"#wood",
              "uv":[
                25.0,
                13.0,
                16.0,
                11.0
              ],
              "autoUv":false,
              "rotation":270
            }
          },
          "children":[]
        },
        {
          "name":"bone_string_stonehead 05",
          "from":[
            -13.823863908648491,
            -0.9691295921802521,
            -0.4289805293083191
          ],
          "to":[
            -13.495470121502876,
            0.4317065179347992,
            0.88355952501297
          ],
          "rotationOrigin":[
            -13.659667015075684,
            -0.26871153712272644,
            0.22728949785232544
          ],
          "rotationX":0.3300021905747528,
          "rotationY":27.999995087346676,
          "rotationZ":3.5500010663978823,
          "group":"bone_string_stonehead",
          "faces":{
            "north":{
              "texture":"#material",
              "uv":[
                10.0,
                11.0,
                13.0,
                12.0
              ],
              "autoUv":false,
              "rotation":90
            },
            "east":{
              "texture":"#material",
              "uv":[
                12.0,
                4.0,
                16.0,
                7.0
              ],
              "autoUv":false
            },
            "south":{
              "texture":"#material",
              "uv":[
                20.0,
                5.0,
                23.0,
                6.0
              ],
              "autoUv":false,
              "rotation":90
            },
            "west":{
              "texture":"#material",
              "uv":[
                6.0,
                12.0,
                10.0,
                15.0
              ],
              "autoUv":false
            },
            "up":{
              "texture":"#material",
              "uv":[
                10.0,
                1.0,
                14.0,
                2.0
              ],
              "autoUv":false,
              "rotation":90
            },
            "down":{
              "texture":"#material",
              "uv":[
                21.0,
                2.0,
                17.0,
                1.0
              ],
              "autoUv":false,
              "rotation":270
            }
          },
          "children":[]
        },
        {
          "name":"bone_string_stonehead 06",
          "from":[
            -13.3199862241745,
            -0.9052451848983765,
            -0.34888285398483276
          ],
          "to":[
            -12.991693615913391,
            0.49578702449798584,
            0.8325660824775696
          ],
          "rotationOrigin":[
            -13.155839920043945,
            -0.2047290802001953,
            0.2418416142463684
          ],
          "rotationX":1.5999996674406958,
          "rotationY":-10.900001783194453,
          "rotationZ":3.19999912143798,
          "group":"bone_string_stonehead",
          "faces":{
            "north":{
              "texture":"#material",
              "uv":[
                2.0,
                1.0,
                5.0,
                2.0
              ],
              "autoUv":false,
              "rotation":90
            },
            "east":{
              "texture":"#material",
              "uv":[
                0.0,
                4.0,
                3.0,
                7.0
              ],
              "autoUv":false
            },
            "south":{
              "texture":"#material",
              "uv":[
                0.0,
                5.0,
                3.0,
                6.0
              ],
              "autoUv":false,
              "rotation":90
            },
            "west":{
              "texture":"#material",
              "uv":[
                4.0,
                5.0,
                7.0,
                8.0
              ],
              "autoUv":false
            },
            "up":{
              "texture":"#material",
              "uv":[
                9.0,
                0.0,
                12.0,
                1.0
              ],
              "autoUv":false,
              "rotation":90
            },
            "down":{
              "texture":"#material",
              "uv":[
                8.0,
                5.0,
                5.0,
                4.0
              ],
              "autoUv":false,
              "rotation":270
            }
          },
          "children":[]
        },
        {
          "name":"bone_string_stonehead 07",
          "from":[
            -12.880635499954224,
            -0.9072648584842682,
            -0.41791385412216187
          ],
          "to":[
            -12.552321195602417,
            0.46271535754203796,
            0.8946218490600586
          ],
          "rotationOrigin":[
            -12.71647834777832,
            -0.2222747504711151,
            0.23835402727127075
          ],
          "rotationX":-0.15999978264912712,
          "rotationY":2.900000137618095,
          "rotationZ":3.100000456233939,
          "group":"bone_string_stonehead",
          "faces":{
            "north":{
              "texture":"#material",
              "uv":[
                17.0,
                1.0,
                20.0,
                2.0
              ],
              "autoUv":false,
              "rotation":90
            },
            "east":{
              "texture":"#material",
              "uv":[
                0.0,
                0.0,
                4.0,
                3.0
              ],
              "autoUv":false
            },
            "south":{
              "texture":"#material",
              "uv":[
                2.0,
                1.0,
                5.0,
                2.0
              ],
              "autoUv":false,
              "rotation":90
            },
            "west":{
              "texture":"#material",
              "uv":[
                4.0,
                5.0,
                8.0,
                8.0
              ],
              "autoUv":false
            },
            "up":{
              "texture":"#material",
              "uv":[
                0.0,
                0.0,
                1.0,
                4.0
              ],
              "autoUv":false
            },
            "down":{
              "texture":"#material",
              "uv":[
                1.0,
                4.0,
                0.0,
                0.0
              ],
              "autoUv":false,
              "rotation":180
            }
          },
          "children":[]
        },
        {
          "name":"bone_string_stonehead 08",
          "from":[
            6.067112416028976,
            -0.2423076033592224,
            -2.761201500892639
          ],
          "to":[
            7.049102336168289,
            0.6022347807884216,
            -0.8271806240081787
          ],
          "rotationOrigin":[
            6.558107376098633,
            0.1799635887145996,
            -1.794191062450409
          ],
          "rotationX":8.962697172295792,
          "rotationY":-6.15124120015935e-06,
          "rotationZ":4.012074317386597e-07,
          "group":"bone_string_stonehead",
          "faces":{
            "north":{
              "texture":"#wood",
              "uv":[
                15.0,
                13.990798950195312,
                4.0,
                15.0
              ],
              "autoUv":false
            },
            "east":{
              "texture":"#wood",
              "uv":[
                13.0,
                11.0,
                9.0,
                13.0
              ],
              "autoUv":false
            },
            "south":{
              "texture":"#wood",
              "uv":[
                13.0,
                9.990798950195312,
                2.0,
                11.0
              ],
              "autoUv":false
            },
            "west":{
              "texture":"#wood",
              "uv":[
                9.0,
                11.0,
                13.0,
                13.0
              ],
              "autoUv":false
            },
            "up":{
              "texture":"#wood",
              "uv":[
                9.0,
                15.000286102294922,
                13.0,
                16.999784469604492
              ],
              "autoUv":false,
              "rotation":90
            },
            "down":{
              "texture":"#wood",
              "uv":[
                9.0,
                16.999784469604492,
                13.0,
                15.000286102294922
              ],
              "autoUv":false,
              "rotation":90
            }
          },
          "children":[]
        },
        {
          "name":"bone_string_stonehead 09",
          "from":[
            6.066117644309998,
            -0.43401068449020386,
            -0.8785265684127808
          ],
          "to":[
            7.049925446510315,
            0.40922969579696655,
            0.3986039161682129
          ],
          "rotationOrigin":[
            6.558021545410156,
            -0.012390494346618652,
            -0.23996132612228394
          ],
          "rotationX":3.982421196525036,
          "rotationY":-6.815914229935844e-06,
          "rotationZ":4.7661477012604154e-07,
          "group":"bone_string_stonehead",
          "faces":{
            "north":{
              "texture":"#wood",
              "uv":[
                14.999999046325684,
                14.012567520141602,
                4.0,
                15.017959594726562
              ],
              "autoUv":false
            },
            "east":{
              "texture":"#wood",
              "uv":[
                15.0,
                11.0,
                13.0,
                13.0
              ],
              "autoUv":false
            },
            "south":{
              "texture":"#wood",
              "uv":[
                12.999999046325684,
                10.012567520141602,
                2.0,
                11.017961502075195
              ],
              "autoUv":false
            },
            "west":{
              "texture":"#wood",
              "uv":[
                13.0,
                11.0,
                15.0,
                13.0
              ],
              "autoUv":false
            },
            "up":{
              "texture":"#wood",
              "uv":[
                13.0,
                14.999130249023438,
                15.0,
                17.001185417175293
              ],
              "autoUv":false,
              "rotation":90
            },
            "down":{
              "texture":"#wood",
              "uv":[
                13.0,
                17.001185417175293,
                15.0,
                14.999130249023438
              ],
              "autoUv":false,
              "rotation":90
            }
          },
          "children":[]
        },
        {
          "name":"bone_string_stonehead 10",
          "from":[
            6.067112416028976,
            -0.24230757355690002,
            1.3286041617393494
          ],
          "to":[
            7.049102336168289,
            0.6022347509860992,
            3.2626249194145203
          ],
          "rotationOrigin":[
            6.558107376098633,
            0.1799635887145996,
            2.295614540576935
          ],
          "rotationX":-8.962697172295792,
          "rotationY":6.151243642825345e-06,
          "rotationZ":4.0120730451647245e-07,
          "group":"bone_string_stonehead",
          "faces":{
            "north":{
              "texture":"#wood",
              "uv":[
                2.0,
                9.990798950195312,
                13.0,
                11.0
              ],
              "autoUv":false
            },
            "east":{
              "texture":"#wood",
              "uv":[
                9.0,
                11.0,
                13.0,
                13.0
              ],
              "autoUv":false
            },
            "south":{
              "texture":"#wood",
              "uv":[
                4.0,
                13.990798950195312,
                15.0,
                15.0
              ],
              "autoUv":false
            },
            "west":{
              "texture":"#wood",
              "uv":[
                13.0,
                11.0,
                9.0,
                13.0
              ],
              "autoUv":false
            },
            "up":{
              "texture":"#wood",
              "uv":[
                13.0,
                15.000286102294922,
                9.0,
                16.999784469604492
              ],
              "autoUv":false,
              "rotation":90
            },
            "down":{
              "texture":"#wood",
              "uv":[
                13.0,
                16.999784469604492,
                9.0,
                15.000286102294922
              ],
              "autoUv":false,
              "rotation":90
            }
          },
          "children":[]
        },
        {
          "name":"bone_string_stonehead 11",
          "from":[
            6.066117644309998,
            -0.43401068449020386,
            0.10281956195831299
          ],
          "to":[
            7.049925446510315,
            0.40922969579696655,
            1.3799500465393066
          ],
          "rotationOrigin":[
            6.558021545410156,
            -0.012390494346618652,
            0.7413848042488098
          ],
          "rotationX":-3.98242034275139,
          "rotationY":6.815913415713846e-06,
          "rotationZ":4.7661466834829177e-07,
          "group":"bone_string_stonehead",
          "faces":{
            "north":{
              "texture":"#wood",
              "uv":[
                2.0,
                10.012567520141602,
                12.999999046325684,
                11.017961502075195
              ],
              "autoUv":false
            },
            "east":{
              "texture":"#wood",
              "uv":[
                13.0,
                11.0,
                15.0,
                13.0
              ],
              "autoUv":false
            },
            "south":{
              "texture":"#wood",
              "uv":[
                4.0,
                14.012567520141602,
                14.999999046325684,
                15.017959594726562
              ],
              "autoUv":false
            },
            "west":{
              "texture":"#wood",
              "uv":[
                15.0,
                11.0,
                13.0,
                13.0
              ],
              "autoUv":false
            },
            "up":{
              "texture":"#wood",
              "uv":[
                15.0,
                14.999130249023438,
                13.0,
                17.001185417175293
              ],
              "autoUv":false,
              "rotation":90
            },
            "down":{
              "texture":"#wood",
              "uv":[
                15.0,
                17.001185417175293,
                13.0,
                14.999130249023438
              ],
              "autoUv":false,
              "rotation":90
            }
          },
          "children":[]
        },
        {
          "name":"bone_string_stonehead 12",
          "from":[
            4.079742431640625,
            -0.7166020274162292,
            -0.48796409368515015
          ],
          "to":[
            8.157955169677734,
            0.927575409412384,
            0.989387571811676
          ],
          "rotationOrigin":[
            6.11884880065918,
            0.10548669099807739,
            0.25071173906326294
          ],
          "rotationY":-6.830189170012751e-06,
          "group":"bone_string_stonehead",
          "faces":{
            "north":{
              "texture":"#wood",
              "uv":[
                24.0,
                12.001476287841797,
                17.999998092651367,
                15.0
              ],
              "autoUv":false
            },
            "east":{
              "texture":"#wood",
              "uv":[
                8.0,
                10.0,
                4.0,
                12.0
              ],
              "autoUv":false
            },
            "south":{
              "texture":"#wood",
              "uv":[
                14.0,
                12.01468276977539,
                24.0,
                15.000001907348633
              ],
              "autoUv":false
            },
            "west":{
              "texture":"#wood",
              "uv":[
                18.0,
                12.0,
                14.0,
                15.0
              ],
              "autoUv":false
            },
            "up":{
              "texture":"#wood",
              "uv":[
                9.000001907348633,
                13.999324798583984,
                19.0,
                17.000676155090332
              ],
              "autoUv":false
            },
            "down":{
              "texture":"#wood",
              "uv":[
                8.999999046325684,
                17.000676155090332,
                19.0,
                13.99932861328125
              ],
              "autoUv":false,
              "rotation":180
            }
          },
          "children":[]
        },
        {
          "name":"bone_string_stonehead 13",
          "from":[
            6.0676471292972565,
            -0.018424034118652344,
            -3.278105229139328
          ],
          "to":[
            7.048891872167587,
            0.8183660507202148,
            -2.682115465402603
          ],
          "rotationOrigin":[
            6.558269500732422,
            0.39997100830078125,
            -2.9801103472709656
          ],
          "rotationX":16.731202362559262,
          "rotationY":-5.134380108950285e-06,
          "rotationZ":1.6930588735960607e-07,
          "group":"bone_string_stonehead",
          "faces":{
            "north":{
              "texture":"#wood",
              "uv":[
                13.0,
                11.013860702514648,
                11.0,
                12.986139297485352
              ],
              "autoUv":false
            },
            "east":{
              "texture":"#wood",
              "uv":[
                9.0,
                11.0,
                7.0,
                13.0
              ],
              "autoUv":false
            },
            "south":{
              "texture":"#wood",
              "uv":[
                9.889289855957031,
                0.027723312377929688,
                0.11071109771728516,
                1.027658462524414
              ],
              "autoUv":false
            },
            "west":{
              "texture":"#wood",
              "uv":[
                7.0,
                11.0,
                9.0,
                13.0
              ],
              "autoUv":false
            },
            "up":{
              "texture":"#wood",
              "uv":[
                7.0,
                15.00058364868164,
                9.0,
                16.99903392791748
              ],
              "autoUv":false,
              "rotation":90
            },
            "down":{
              "texture":"#wood",
              "uv":[
                7.0,
                16.99903392791748,
                9.0,
                15.00058364868164
              ],
              "autoUv":false,
              "rotation":90
            }
          },
          "children":[]
        },
        {
          "name":"bone_string_stonehead 14",
          "from":[
            6.0676471292972565,
            -0.018424034118652344,
            3.183538466691971
          ],
          "to":[
            7.048891872167587,
            0.8183660507202148,
            3.7795282304286957
          ],
          "rotationOrigin":[
            6.558269500732422,
            0.39997100830078125,
            3.4815333485603333
          ],
          "rotationX":-16.731198947464677,
          "rotationY":5.1343792947282865e-06,
          "rotationZ":1.6930657435941727e-07,
          "group":"bone_string_stonehead",
          "faces":{
            "north":{
              "texture":"#wood",
              "uv":[
                0.11071109771728516,
                0.027723312377929688,
                9.889289855957031,
                1.027658462524414
              ],
              "autoUv":false
            },
            "east":{
              "texture":"#wood",
              "uv":[
                7.0,
                11.0,
                9.0,
                13.0
              ],
              "autoUv":false
            },
            "south":{
              "texture":"#wood",
              "uv":[
                11.0,
                11.013860702514648,
                13.0,
                12.986139297485352
              ],
              "autoUv":false
            },
            "west":{
              "texture":"#wood",
              "uv":[
                9.0,
                11.0,
                7.0,
                13.0
              ],
              "autoUv":false
            },
            "up":{
              "texture":"#wood",
              "uv":[
                9.0,
                15.00058364868164,
                7.0,
                16.99903392791748
              ],
              "autoUv":false,
              "rotation":90
            },
            "down":{
              "texture":"#wood",
              "uv":[
                9.0,
                16.99903392791748,
                7.0,
                15.00058364868164
              ],
              "autoUv":false,
              "rotation":90
            }
          },
          "children":[]
        },
        {
          "name":"bone_string_stonehead 15",
          "from":[
            7.577439308166504,
            -0.47391700744628906,
            -0.48693203926086426
          ],
          "to":[
            8.738471150398254,
            0.6871163845062256,
            0.9883573651313782
          ],
          "rotationOrigin":[
            8.157955169677734,
            0.10659968852996826,
            0.25071269273757935
          ],
          "rotationX":4.8296762531345925e-06,
          "rotationY":-4.829679917133586e-06,
          "rotationZ":45.00000125223908,
          "group":"bone_string_stonehead",
          "faces":{
            "north":{
              "texture":"#wood",
              "uv":[
                27.0,
                12.01468276977539,
                24.0,
                15.0
              ],
              "autoUv":false
            },
            "east":{
              "texture":"#wood",
              "uv":[
                15.999999046325684,
                14.000679016113281,
                19.0,
                16.9993257522583
              ],
              "autoUv":false,
              "rotation":90
            },
            "south":{
              "texture":"#wood",
              "uv":[
                24.0,
                12.01468276977539,
                27.000001907348633,
                15.0
              ],
              "autoUv":false
            },
            "west":{
              "texture":"#wood",
              "uv":[
                16.0,
                4.302942276000977,
                12.0,
                6.0
              ],
              "autoUv":false
            },
            "up":{
              "texture":"#wood",
              "uv":[
                15.999999046325684,
                15.30294418334961,
                12.0,
                17.0
              ],
              "autoUv":false,
              "rotation":90
            },
            "down":{
              "texture":"#wood",
              "uv":[
                15.999999046325684,
                16.9993257522583,
                19.0,
                14.000679016113281
              ],
              "autoUv":false,
              "rotation":180
            }
          },
          "children":[]
        },
        {
          "name":"bone_string_stonehead 16",
          "from":[
            -4.681512951850891,
            -0.45122286677360535,
            -0.3290550112724304
          ],
          "to":[
            -2.8224695920944214,
            0.0809069573879242,
            -0.10177439451217651
          ],
          "rotationOrigin":[
            -3.7519912719726562,
            -0.18515795469284058,
            -0.21541470289230347
          ],
          "rotationX":1.0787181431149968e-15,
          "rotationY":4.581530672325661e-17,
          "rotationZ":94.86396462755184,
          "group":"bone_string_stonehead",
          "faces":{
            "north":{
              "texture":"#material",
              "uv":[
                4.000000953674316,
                2.0,
                1.0000009536743164,
                3.0
              ],
              "autoUv":false
            },
            "east":{
              "texture":"#material",
              "uv":[
                11.000000953674316,
                2.0,
                10.394617080688477,
                3.0
              ],
              "autoUv":false,
              "rotation":180
            },
            "south":{
              "texture":"#material",
              "uv":[
                8.000000953674316,
                4.000001907348633,
                5.000000953674316,
                5.0
              ],
              "autoUv":false,
              "rotation":180
            },
            "west":{
              "texture":"#material",
              "uv":[
                13.000000953674316,
                8.0,
                12.394617080688477,
                9.0
              ],
              "autoUv":false
            },
            "up":{
              "texture":"#material",
              "uv":[
                13.000000953674316,
                7.0,
                10.000000953674316,
                7.605382919311523
              ],
              "autoUv":false
            },
            "down":{
              "texture":"#material",
              "uv":[
                6.000000953674316,
                5.605382919311523,
                9.000000953674316,
                5.0
              ],
              "autoUv":false,
              "rotation":180
            }
          },
          "children":[]
        },
        {
          "name":"bone_string_stonehead 17",
          "from":[
            -4.681512951850891,
            -0.45122286677360535,
            0.588649570941925
          ],
          "to":[
            -2.8224695920944214,
            0.0809069573879242,
            0.815930187702179
          ],
          "rotationOrigin":[
            -3.7519912719726562,
            -0.18515795469284058,
            0.702289879322052
          ],
          "rotationX":1.0787181431149968e-15,
          "rotationY":4.581530672325661e-17,
          "rotationZ":94.86396462755184,
          "group":"bone_string_stonehead",
          "faces":{
            "north":{
              "texture":"#material",
              "uv":[
                4.000000953674316,
                2.0,
                1.0000009536743164,
                3.0
              ],
              "autoUv":false
            },
            "east":{
              "texture":"#material",
              "uv":[
                11.000000953674316,
                2.0,
                10.394617080688477,
                3.0
              ],
              "autoUv":false,
              "rotation":180
            },
            "south":{
              "texture":"#material",
              "uv":[
                8.000000953674316,
                4.000001907348633,
                5.000000953674316,
                5.0
              ],
              "autoUv":false,
              "rotation":180
            },
            "west":{
              "texture":"#material",
              "uv":[
                13.000000953674316,
                8.0,
                12.394617080688477,
                9.0
              ],
              "autoUv":false
            },
            "up":{
              "texture":"#material",
              "uv":[
                13.000000953674316,
                7.0,
                10.000000953674316,
                7.605382919311523
              ],
              "autoUv":false
            },
            "down":{
              "texture":"#material",
              "uv":[
                6.000000953674316,
                5.605382919311523,
                9.000000953674316,
                5.0
              ],
              "autoUv":false,
              "rotation":180
            }
          },
          "children":[]
        },
        {
          "name":"bone_string_stonehead 18",
          "from":[
            -4.16638308763504,
            0.36172017455101013,
            0.12979776412248611
          ],
          "to":[
            -3.475958526134491,
            0.8938499987125397,
            0.3570783659815788
          ],
          "rotationOrigin":[
            -3.8211708068847656,
            0.6277850866317749,
            0.24343806505203247
          ],
          "rotationX":89.999995674289,
          "rotationY":4.863942059392984,
          "rotationZ":90.00000250447816,
          "group":"bone_string_stonehead",
          "faces":{
            "north":{
              "texture":"#material",
              "uv":[
                3.0000009536743164,
                2.0,
                1.0000009536743164,
                3.0
              ],
              "autoUv":false
            },
            "east":{
              "texture":"#material",
              "uv":[
                11.000000953674316,
                2.0,
                9.000000953674316,
                3.0
              ],
              "autoUv":false,
              "rotation":180
            },
            "south":{
              "texture":"#material",
              "uv":[
                6.000000953674316,
                4.0,
                4.000000953674316,
                5.0
              ],
              "autoUv":false,
              "rotation":180
            },
            "west":{
              "texture":"#material",
              "uv":[
                13.000000953674316,
                8.0,
                12.000000953674316,
                9.0
              ],
              "autoUv":false
            },
            "up":{
              "texture":"#material",
              "uv":[
                13.000000953674316,
                7.0,
                11.000001907348633,
                8.0
              ],
              "autoUv":false
            },
            "down":{
              "texture":"#material",
              "uv":[
                6.000000953674316,
                6.0,
                8.000000953674316,
                5.0
              ],
              "autoUv":false,
              "rotation":180
            }
          },
          "children":[]
        },
        {
          "name":"bone_string_stonehead 19",
          "from":[
            -4.028025925159454,
            -1.2641659677028656,
            0.12979776412248611
          ],
          "to":[
            -3.337601363658905,
            -0.7320361435413361,
            0.3570783659815788
          ],
          "rotationOrigin":[
            -3.6828136444091797,
            -0.9981010556221008,
            0.24343806505203247
          ],
          "rotationX":89.999995674289,
          "rotationY":4.863942059392984,
          "rotationZ":90.00000250447816,
          "group":"bone_string_stonehead",
          "faces":{
            "north":{
              "texture":"#material",
              "uv":[
                3.0000009536743164,
                2.0,
                1.0000009536743164,
                3.0
              ],
              "autoUv":false
            },
            "east":{
              "texture":"#material",
              "uv":[
                11.000000953674316,
                2.0,
                9.000000953674316,
                3.0
              ],
              "autoUv":false,
              "rotation":180
            },
            "south":{
              "texture":"#material",
              "uv":[
                6.000000953674316,
                4.0,
                4.000000953674316,
                5.0
              ],
              "autoUv":false,
              "rotation":180
            },
            "west":{
              "texture":"#material",
              "uv":[
                13.000000953674316,
                8.0,
                12.000000953674316,
                9.0
              ],
              "autoUv":false
            },
            "up":{
              "texture":"#material",
              "uv":[
                13.000000953674316,
                7.0,
                11.000001907348633,
                8.0
              ],
              "autoUv":false
            },
            "down":{
              "texture":"#material",
              "uv":[
                6.000000953674316,
                6.0,
                8.000000953674316,
                5.0
              ],
              "autoUv":false,
              "rotation":180
            }
          },
          "children":[]
        },
        {
          "name":"bone_string_stonehead 20",
          "from":[
            -3.9793863892555237,
            -0.41344451904296875,
            -0.3290550112724304
          ],
          "to":[
            -2.1203431487083435,
            0.11868524551391602,
            -0.10177439451217651
          ],
          "rotationOrigin":[
            -3.0498647689819336,
            -0.14737963676452637,
            -0.21541470289230347
          ],
          "rotationX":-1.4098042766905597e-15,
          "rotationY":7.835479566048267e-17,
          "rotationZ":83.63774959450299,
          "group":"bone_string_stonehead",
          "faces":{
            "north":{
              "texture":"#material",
              "uv":[
                10.0,
                2.0,
                13.0,
                3.0
              ],
              "autoUv":false
            },
            "east":{
              "texture":"#material",
              "uv":[
                3.0,
                2.0,
                3.6053833961486816,
                3.0
              ],
              "autoUv":false,
              "rotation":180
            },
            "south":{
              "texture":"#material",
              "uv":[
                6.0,
                4.000001907348633,
                9.0,
                5.0
              ],
              "autoUv":false,
              "rotation":180
            },
            "west":{
              "texture":"#material",
              "uv":[
                1.0,
                8.0,
                1.6053833961486816,
                9.0
              ],
              "autoUv":false
            },
            "up":{
              "texture":"#material",
              "uv":[
                1.0,
                7.0,
                4.0,
                7.605382919311523
              ],
              "autoUv":false
            },
            "down":{
              "texture":"#material",
              "uv":[
                8.0,
                5.605382919311523,
                5.0,
                5.0
              ],
              "autoUv":false,
              "rotation":180
            }
          },
          "children":[]
        },
        {
          "name":"bone_string_stonehead 21",
          "from":[
            -3.9793863892555237,
            -0.41344451904296875,
            0.588649570941925
          ],
          "to":[
            -2.1203431487083435,
            0.11868524551391602,
            0.815930187702179
          ],
          "rotationOrigin":[
            -3.0498647689819336,
            -0.14737963676452637,
            0.702289879322052
          ],
          "rotationX":-1.4098042766905597e-15,
          "rotationY":7.835479566048267e-17,
          "rotationZ":83.63774959450299,
          "group":"bone_string_stonehead",
          "faces":{
            "north":{
              "texture":"#material",
              "uv":[
                10.0,
                2.0,
                13.0,
                3.0
              ],
              "autoUv":false
            },
            "east":{
              "texture":"#material",
              "uv":[
                3.0,
                2.0,
                3.6053833961486816,
                3.0
              ],
              "autoUv":false,
              "rotation":180
            },
            "south":{
              "texture":"#material",
              "uv":[
                6.0,
                4.000001907348633,
                9.0,
                5.0
              ],
              "autoUv":false,
              "rotation":180
            },
            "west":{
              "texture":"#material",
              "uv":[
                1.0,
                8.0,
                1.6053833961486816,
                9.0
              ],
              "autoUv":false
            },
            "up":{
              "texture":"#material",
              "uv":[
                1.0,
                7.0,
                4.0,
                7.605382919311523
              ],
              "autoUv":false
            },
            "down":{
              "texture":"#material",
              "uv":[
                8.0,
                5.605382919311523,
                5.0,
                5.0
              ],
              "autoUv":false,
              "rotation":180
            }
          },
          "children":[]
        },
        {
          "name":"bone_string_stonehead 22",
          "from":[
            -3.304666817188263,
            0.3974120616912842,
            0.1297977715730667
          ],
          "to":[
            -2.6142422556877136,
            0.929541826248169,
            0.35707835853099823
          ],
          "rotationOrigin":[
            -2.9594545364379883,
            0.6634769439697266,
            0.24343806505203247
          ],
          "rotationX":90.00000933466734,
          "rotationY":-6.362242664691422,
          "rotationZ":90.00003665542401,
          "group":"bone_string_stonehead",
          "faces":{
            "north":{
              "texture":"#material",
              "uv":[
                11.0,
                2.0,
                13.0,
                3.0
              ],
              "autoUv":false
            },
            "east":{
              "texture":"#material",
              "uv":[
                3.0,
                2.0,
                5.0,
                3.0
              ],
              "autoUv":false,
              "rotation":180
            },
            "south":{
              "texture":"#material",
              "uv":[
                8.0,
                4.0,
                10.0,
                5.0
              ],
              "autoUv":false,
              "rotation":180
            },
            "west":{
              "texture":"#material",
              "uv":[
                1.0,
                8.0,
                2.0,
                9.0
              ],
              "autoUv":false
            },
            "up":{
              "texture":"#material",
              "uv":[
                1.0,
                7.0,
                2.999999761581421,
                8.0
              ],
              "autoUv":false
            },
            "down":{
              "texture":"#material",
              "uv":[
                8.0,
                6.0,
                6.0,
                5.0
              ],
              "autoUv":false,
              "rotation":180
            }
          },
          "children":[]
        },
        {
          "name":"bone_string_stonehead 23",
          "from":[
            -3.4854891896247864,
            -1.2243006229400635,
            0.1297977715730667
          ],
          "to":[
            -2.795064628124237,
            -0.6921708583831787,
            0.35707835853099823
          ],
          "rotationOrigin":[
            -3.1402769088745117,
            -0.9582357406616211,
            0.24343806505203247
          ],
          "rotationX":90.00000933466734,
          "rotationY":-6.362242664691422,
          "rotationZ":90.00003665542401,
          "group":"bone_string_stonehead",
          "faces":{
            "north":{
              "texture":"#material",
              "uv":[
                11.0,
                2.0,
                13.0,
                3.0
              ],
              "autoUv":false
            },
            "east":{
              "texture":"#material",
              "uv":[
                3.0,
                2.0,
                5.0,
                3.0
              ],
              "autoUv":false,
              "rotation":180
            },
            "south":{
              "texture":"#material",
              "uv":[
                8.0,
                4.0,
                10.0,
                5.0
              ],
              "autoUv":false,
              "rotation":180
            },
            "west":{
              "texture":"#material",
              "uv":[
                1.0,
                8.0,
                2.0,
                9.0
              ],
              "autoUv":false
            },
            "up":{
              "texture":"#material",
              "uv":[
                1.0,
                7.0,
                2.999999761581421,
                8.0
              ],
              "autoUv":false
            },
            "down":{
              "texture":"#material",
              "uv":[
                8.0,
                6.0,
                6.0,
                5.0
              ],
              "autoUv":false,
              "rotation":180
            }
          },
          "children":[]
        }
      ]
    }
  ],
  "groups":[]
}