{
	"code": "arrow",
	"class": "EntityProjectile",
	"tags": [ "projectile", "inanimate" ],
	"hitboxSize": {
		"x": 0.125,
		"y": 0.125
	},
	"variantgroups": [
		{
			"code": "material",
			"states": [ "bone" ]
		}
	],
	"attributes": { "isProjectile": true },
	"client": {
		"size": 0.75,
		"renderer": "Shape",
		"shapeByType": {
			"arrow-bone": { "base": "butchering:items/tools/arrow-bone" }
		},
		"texturesByType": {
			"arrow-bone": { "material": { "base": "game:block/creature/bone/bone1" } }
		},
		"behaviors": [
			{
				"code": "passivephysics",
				"groundDragFactor": 1,
				"airDragFactor": 0.25,
				"gravityFactor": 0.75
			},
			{ "code": "interpolateposition" }
		]
	},
	"server": {
		"behaviors": [
			{
				"code": "passivephysics",
				"groundDragFactor": 1,
				"airDragFactor": 0.25,
				"gravityFactor": 0.75
			},
			{
				"code": "despawn",
				"minSeconds": 600
			}
		]
	},
	"sounds": {}
}