[
  {
    "op": "replace",
    "path": "/structures/0/requireLandform",
    "value": "eternalrockyconcaveimmortalhillslake",
    "file": "game:worldgen/storystructures.json",
    "side": "Server"
  },
  {
    "op": "replace",
    "path": "/structures/1/requireLandform",
    "value": "ultraflats",
    "file": "game:worldgen/storystructures.json",
    "side": "Server"
  },
  {
    "op": "replace",
    "path": "/structures/2/requireLandform",
    "value": "ultraflats",
    "file": "game:worldgen/storystructures.json",
    "side": "Server"
  },
  {
    "op": "replace",
    "path": "/structures/3/requireLandform",
    "value": "ultraflats",
    "file": "game:worldgen/storystructures.json",
    "side": "Server"
  },
  {
    "op": "replace",
    "path": "/structures/4/requireLandform",
    "value": "ultraflats",
    "file": "game:worldgen/storystructures.json",
    "side": "Server"
  },
  {
    "op": "replace",
    "path": "/structures/5/requireLandform",
    "value": "ultraflats",
    "file": "game:worldgen/storystructures.json",
    "side": "Server"
  },
  {
    "op": "replace",
    "path": "/structures/5/landformRadius",
    "value": 100,
    "file": "game:worldgen/storystructures.json",
    "side": "Server"
  }
]