{
	"editor": {
		"allAngles": true,
		"entityTextureMode": false
	},
	"textureWidth": 16,
	"textureHeight": 16,
	"textureSizes": {
	},
	"textures": {
		"friedchickenmushroom": "mycodiversity:block/plant/mushroom/friedchickenmushroom/friedchickenmushroom"
	},
	"elements": [
		{
			"name": "origin",
			"from": [ 0.0, 0.0, 0.0 ],
			"to": [ 0.0, 0.0, 0.0 ],
			"rotationOrigin": [ 8.0, 0.0, 8.0 ],
			"faces": {
			},
			"children": [
				{
					"name": "small stem",
					"from": [ 7.3, -0.2, 5.3 ],
					"to": [ 8.3, 1.3, 6.3 ],
					"rotationOrigin": [ 7.8, -0.2, 5.8 ],
					"rotationX": -13.0,
					"rotationZ": 19.0,
					"faces": {
						"north": { "texture": "#friedchickenmushroom", "uv": [ 1.0, 14.0, 2.0, 15.5 ] },
						"east": { "texture": "#friedchickenmushroom", "uv": [ 11.5, 13.0, 12.5, 14.5 ] },
						"south": { "texture": "#friedchickenmushroom", "uv": [ 5.0, 14.0, 6.0, 15.5 ] },
						"west": { "texture": "#friedchickenmushroom", "uv": [ 12.5, 14.5, 13.5, 16.0 ] },
						"down": { "texture": "#friedchickenmushroom", "uv": [ 2.0, 14.0, 3.0, 15.0 ] }
					},
					"children": [
						{
							"name": "stem",
							"from": [ -0.1, 1.3, 0.0 ],
							"to": [ 0.9, 2.8, 1.0 ],
							"rotationOrigin": [ 0.4, 1.2, 0.6 ],
							"rotationX": 5.0,
							"rotationZ": -19.0,
							"faces": {
								"north": { "texture": "#friedchickenmushroom", "uv": [ 6.0, 14.5, 7.0, 16.0 ] },
								"east": { "texture": "#friedchickenmushroom", "uv": [ 3.5, 10.0, 4.5, 11.5 ] },
								"south": { "texture": "#friedchickenmushroom", "uv": [ 6.5, 14.5, 7.5, 16.0 ] },
								"west": { "texture": "#friedchickenmushroom", "uv": [ 13.5, 13.5, 14.5, 15.0 ] },
								"down": { "texture": "#friedchickenmushroom", "uv": [ 8.0, 10.0, 9.0, 11.0 ] }
							},
							"children": [
								{
									"name": "cap",
									"from": [ -1.0, 1.2, -0.6 ],
									"to": [ 1.5, 1.7, 1.9 ],
									"rotationOrigin": [ 0.3, 1.2, 0.8 ],
									"rotationX": 18.6,
									"rotationY": -42.8,
									"rotationZ": 26.3,
									"faces": {
										"north": { "texture": "#friedchickenmushroom", "uv": [ 13.0, 3.0, 15.5, 3.5 ] },
										"east": { "texture": "#friedchickenmushroom", "uv": [ 9.0, 7.0, 11.5, 7.5 ] },
										"south": { "texture": "#friedchickenmushroom", "uv": [ 10.0, 8.0, 12.5, 8.5 ] },
										"west": { "texture": "#friedchickenmushroom", "uv": [ 9.0, 7.0, 11.5, 7.5 ] },
										"up": { "texture": "#friedchickenmushroom", "uv": [ 9.5, 1.5, 12.0, 4.0 ] },
										"down": { "texture": "#friedchickenmushroom", "uv": [ 8.5, 9.5, 11.0, 12.0 ] }
									}
								}
							]
						}
					]
				},
				{
					"name": "single voxel",
					"from": [ 7.6, 0.0, 11.7 ],
					"to": [ 8.6, 0.5, 12.7 ],
					"rotationOrigin": [ 8.1, 0.0, 12.2 ],
					"rotationY": -19.0,
					"faces": {
						"north": { "texture": "#friedchickenmushroom", "uv": [ 6.0, 4.5, 7.0, 5.0 ] },
						"east": { "texture": "#friedchickenmushroom", "uv": [ 5.5, 2.5, 6.5, 3.0 ] },
						"south": { "texture": "#friedchickenmushroom", "uv": [ 6.5, 2.5, 7.5, 3.0 ] },
						"west": { "texture": "#friedchickenmushroom", "uv": [ 4.5, 5.5, 5.5, 6.0 ] },
						"up": { "texture": "#friedchickenmushroom", "uv": [ 5.0, 6.0, 6.0, 7.0 ] },
						"down": { "texture": "#friedchickenmushroom", "uv": [ 12.0, 10.0, 13.0, 11.0 ] }
					}
				},
				{
					"name": "single voxel2",
					"from": [ 3.4, 0.0, 7.5 ],
					"to": [ 4.4, 0.5, 8.5 ],
					"rotationOrigin": [ 3.9, 0.0, 8.0 ],
					"rotationY": -83.0,
					"faces": {
						"north": { "texture": "#friedchickenmushroom", "uv": [ 6.0, 4.5, 7.0, 5.0 ] },
						"east": { "texture": "#friedchickenmushroom", "uv": [ 5.5, 2.5, 6.5, 3.0 ] },
						"south": { "texture": "#friedchickenmushroom", "uv": [ 6.5, 2.5, 7.5, 3.0 ] },
						"west": { "texture": "#friedchickenmushroom", "uv": [ 4.5, 5.5, 5.5, 6.0 ] },
						"up": { "texture": "#friedchickenmushroom", "uv": [ 5.0, 6.0, 6.0, 7.0 ] },
						"down": { "texture": "#friedchickenmushroom", "uv": [ 12.0, 10.0, 13.0, 11.0 ] }
					}
				},
				{
					"name": "single voxel8",
					"from": [ 10.7, 0.0, 5.0 ],
					"to": [ 11.7, 0.5, 6.0 ],
					"rotationOrigin": [ 11.2, 0.0, 5.5 ],
					"rotationY": -78.0,
					"faces": {
						"north": { "texture": "#friedchickenmushroom", "uv": [ 6.0, 4.5, 7.0, 5.0 ] },
						"east": { "texture": "#friedchickenmushroom", "uv": [ 5.5, 2.5, 6.5, 3.0 ] },
						"south": { "texture": "#friedchickenmushroom", "uv": [ 6.5, 2.5, 7.5, 3.0 ] },
						"west": { "texture": "#friedchickenmushroom", "uv": [ 4.5, 5.5, 5.5, 6.0 ] },
						"up": { "texture": "#friedchickenmushroom", "uv": [ 5.0, 6.0, 6.0, 7.0 ] },
						"down": { "texture": "#friedchickenmushroom", "uv": [ 12.0, 10.0, 13.0, 11.0 ] }
					}
				},
				{
					"name": "medium stem",
					"from": [ 9.0, -0.5, 7.9 ],
					"to": [ 10.5, 1.5, 9.4 ],
					"rotationOrigin": [ 9.8, -0.5, 8.7 ],
					"rotationX": 8.0,
					"rotationY": -163.0,
					"rotationZ": 8.0,
					"faces": {
						"north": { "texture": "#friedchickenmushroom", "uv": [ 7.5, 13.0, 9.0, 15.0 ] },
						"east": { "texture": "#friedchickenmushroom", "uv": [ 6.0, 9.5, 7.5, 11.5 ] },
						"south": { "texture": "#friedchickenmushroom", "uv": [ 6.0, 9.0, 7.5, 11.0 ] },
						"west": { "texture": "#friedchickenmushroom", "uv": [ 5.5, 9.5, 7.0, 11.5 ] },
						"down": { "texture": "#friedchickenmushroom", "uv": [ 6.5, 10.0, 8.0, 11.5 ] }
					},
					"children": [
						{
							"name": "medium stem up",
							"from": [ 0.0, 1.8, 0.0 ],
							"to": [ 1.5, 3.3, 1.5 ],
							"rotationOrigin": [ 0.8, 1.8, 0.8 ],
							"rotationX": -5.0,
							"rotationZ": -6.0,
							"faces": {
								"north": { "texture": "#friedchickenmushroom", "uv": [ 5.5, 9.5, 7.0, 11.0 ] },
								"east": { "texture": "#friedchickenmushroom", "uv": [ 5.0, 11.5, 6.5, 13.0 ] },
								"south": { "texture": "#friedchickenmushroom", "uv": [ 6.0, 9.0, 7.5, 10.5 ] },
								"west": { "texture": "#friedchickenmushroom", "uv": [ 8.0, 10.0, 9.5, 11.5 ] }
							},
							"children": [
								{
									"name": "medium cap",
									"from": [ -0.8, 2.0, -0.8 ],
									"to": [ 2.2, 2.5, 2.2 ],
									"rotationOrigin": [ 0.7, 2.0, 0.7 ],
									"faces": {
										"up": { "texture": "#friedchickenmushroom", "uv": [ 10.5, 2.5, 13.5, 5.5 ] },
										"down": { "texture": "#friedchickenmushroom", "uv": [ 12.0, 8.5, 15.0, 11.5 ] }
									},
									"children": [
										{
											"name": "Cube21",
											"from": [ 0.0, 0.0, 3.0 ],
											"to": [ 3.0, 0.5, 4.0 ],
											"rotationOrigin": [ 1.0, 0.5, 3.0 ],
											"rotationX": 28.0,
											"faces": {
												"east": { "texture": "#friedchickenmushroom", "uv": [ 7.0, 4.5, 8.0, 5.0 ] },
												"south": { "texture": "#friedchickenmushroom", "uv": [ 5.0, 3.5, 8.0, 4.0 ] },
												"west": { "texture": "#friedchickenmushroom", "uv": [ 8.0, 5.5, 9.0, 6.0 ] },
												"up": { "texture": "#friedchickenmushroom", "uv": [ 2.5, 1.5, 5.5, 2.5 ] },
												"down": { "texture": "#friedchickenmushroom", "uv": [ 9.5, 10.0, 12.5, 11.0 ] }
											}
										},
										{
											"name": "Cube22",
											"from": [ 0.0, 0.0, -1.0 ],
											"to": [ 3.0, 0.5, 0.0 ],
											"rotationOrigin": [ 1.0, 0.5, 0.0 ],
											"rotationX": -47.0,
											"faces": {
												"north": { "texture": "#friedchickenmushroom", "uv": [ 13.0, 6.5, 16.0, 7.0 ] },
												"east": { "texture": "#friedchickenmushroom", "uv": [ 8.5, 3.0, 9.5, 3.5 ] },
												"west": { "texture": "#friedchickenmushroom", "uv": [ 6.5, 6.5, 7.5, 7.0 ] },
												"up": { "texture": "#friedchickenmushroom", "uv": [ 11.0, 3.5, 14.0, 4.5 ] },
												"down": { "texture": "#friedchickenmushroom", "uv": [ 9.5, 9.0, 12.5, 10.0 ] }
											}
										},
										{
											"name": "Cube23",
											"from": [ -1.0, 0.0, 0.0 ],
											"to": [ 0.0, 0.5, 3.0 ],
											"rotationOrigin": [ 0.0, 0.5, 1.0 ],
											"rotationZ": 36.0,
											"faces": {
												"north": { "texture": "#friedchickenmushroom", "uv": [ 7.5, 2.5, 8.5, 3.0 ] },
												"south": { "texture": "#friedchickenmushroom", "uv": [ 5.5, 3.0, 6.5, 3.5 ] },
												"west": { "texture": "#friedchickenmushroom", "uv": [ 7.5, 2.5, 10.5, 3.0 ] },
												"up": { "texture": "#friedchickenmushroom", "uv": [ 6.5, 3.5, 7.5, 6.5 ] },
												"down": { "texture": "#friedchickenmushroom", "uv": [ 12.5, 11.0, 13.5, 14.0 ] }
											}
										},
										{
											"name": "Cube24",
											"from": [ 3.0, 0.0, 0.0 ],
											"to": [ 4.0, 0.5, 3.0 ],
											"rotationOrigin": [ 3.0, 0.5, 1.0 ],
											"rotationZ": -33.0,
											"faces": {
												"north": { "texture": "#friedchickenmushroom", "uv": [ 9.0, 4.5, 10.0, 5.0 ] },
												"east": { "texture": "#friedchickenmushroom", "uv": [ 8.5, 4.0, 11.5, 4.5 ] },
												"south": { "texture": "#friedchickenmushroom", "uv": [ 7.5, 5.5, 8.5, 6.0 ] },
												"up": { "texture": "#friedchickenmushroom", "uv": [ 4.0, 2.0, 5.0, 5.0 ] },
												"down": { "texture": "#friedchickenmushroom", "uv": [ 12.0, 10.0, 13.0, 13.0 ] }
											}
										}
									]
								},
								{
									"name": "Cube25",
									"from": [ -0.3, 1.0, -0.3 ],
									"to": [ 1.7, 2.0, 1.7 ],
									"rotationOrigin": [ 0.7, 1.0, 0.7 ],
									"faces": {
										"north": { "texture": "#friedchickenmushroom", "uv": [ 4.5, 10.5, 6.5, 11.5 ] },
										"east": { "texture": "#friedchickenmushroom", "uv": [ 6.5, 11.0, 8.5, 12.0 ] },
										"south": { "texture": "#friedchickenmushroom", "uv": [ 3.0, 9.0, 5.0, 10.0 ] },
										"west": { "texture": "#friedchickenmushroom", "uv": [ 1.0, 13.0, 3.0, 14.0 ] },
										"up": { "texture": "#friedchickenmushroom", "uv": [ 1.5, 10.0, 3.5, 12.0 ] },
										"down": { "texture": "#friedchickenmushroom", "uv": [ 9.5, 10.0, 11.5, 12.0 ] }
									}
								}
							]
						}
					]
				},
				{
					"name": "small 1",
					"from": [ 10.2, -0.3, 10.9 ],
					"to": [ 11.2, 1.2, 11.9 ],
					"rotationOrigin": [ 10.7, -0.3, 11.4 ],
					"rotationX": 14.0,
					"rotationZ": -19.0,
					"faces": {
						"north": { "texture": "#friedchickenmushroom", "uv": [ 6.0, 9.0, 7.0, 10.5 ] },
						"east": { "texture": "#friedchickenmushroom", "uv": [ 5.0, 8.0, 6.0, 9.5 ] },
						"south": { "texture": "#friedchickenmushroom", "uv": [ 7.0, 11.0, 8.0, 12.5 ] },
						"west": { "texture": "#friedchickenmushroom", "uv": [ 5.0, 10.0, 6.0, 11.5 ] },
						"down": { "texture": "#friedchickenmushroom", "uv": [ 8.0, 9.0, 9.0, 10.0 ] }
					},
					"children": [
						{
							"name": "small 1 cap",
							"from": [ -0.5, 1.5, -0.5 ],
							"to": [ 1.5, 2.0, 1.5 ],
							"rotationOrigin": [ 0.5, 1.5, 0.5 ],
							"faces": {
								"north": { "texture": "#friedchickenmushroom", "uv": [ 0.0, 0.0, 2.0, 0.5 ] },
								"east": { "texture": "#friedchickenmushroom", "uv": [ 0.0, 0.0, 2.0, 0.5 ] },
								"south": { "texture": "#friedchickenmushroom", "uv": [ 0.0, 0.0, 2.0, 0.5 ] },
								"west": { "texture": "#friedchickenmushroom", "uv": [ 0.0, 0.0, 2.0, 0.5 ] },
								"up": { "texture": "#friedchickenmushroom", "uv": [ 3.5, 3.5, 5.5, 5.5 ] },
								"down": { "texture": "#friedchickenmushroom", "uv": [ 0.0, 0.0, 2.0, 2.0 ] }
							}
						}
					]
				},
				{
					"name": "small stem26",
					"from": [ 11.8, -0.3, 7.0 ],
					"to": [ 12.8, 0.7, 8.0 ],
					"rotationOrigin": [ 12.3, -0.3, 7.5 ],
					"rotationX": 3.0,
					"rotationY": 6.0,
					"rotationZ": -8.0,
					"faces": {
						"north": { "texture": "#friedchickenmushroom", "uv": [ 1.0, 14.0, 2.0, 15.0 ] },
						"east": { "texture": "#friedchickenmushroom", "uv": [ 11.5, 13.0, 12.5, 14.0 ] },
						"south": { "texture": "#friedchickenmushroom", "uv": [ 5.0, 14.0, 6.0, 15.0 ] },
						"west": { "texture": "#friedchickenmushroom", "uv": [ 12.5, 14.5, 13.5, 15.5 ] },
						"down": { "texture": "#friedchickenmushroom", "uv": [ 2.0, 14.0, 3.0, 15.0 ] }
					},
					"children": [
						{
							"name": "stem27",
							"from": [ -0.1, 0.7, 0.1 ],
							"to": [ 0.9, 1.7, 1.1 ],
							"rotationOrigin": [ 0.4, 0.6, 0.7 ],
							"rotationX": -28.0,
							"rotationZ": -19.0,
							"faces": {
								"north": { "texture": "#friedchickenmushroom", "uv": [ 6.0, 14.5, 7.0, 15.5 ] },
								"east": { "texture": "#friedchickenmushroom", "uv": [ 3.5, 10.0, 4.5, 11.0 ] },
								"south": { "texture": "#friedchickenmushroom", "uv": [ 6.5, 14.5, 7.5, 15.5 ] },
								"west": { "texture": "#friedchickenmushroom", "uv": [ 13.5, 13.5, 14.5, 14.5 ] },
								"down": { "texture": "#friedchickenmushroom", "uv": [ 8.0, 10.0, 9.0, 11.0 ] }
							},
							"children": [
								{
									"name": "cap28",
									"from": [ -0.7, 0.7, -0.5 ],
									"to": [ 1.3, 1.2, 1.5 ],
									"rotationOrigin": [ 0.3, 0.7, 0.8 ],
									"rotationX": 14.0,
									"rotationY": -42.8,
									"rotationZ": 17.0,
									"faces": {
										"north": { "texture": "#friedchickenmushroom", "uv": [ 13.0, 3.0, 15.0, 3.5 ] },
										"east": { "texture": "#friedchickenmushroom", "uv": [ 9.0, 7.0, 11.0, 7.5 ] },
										"south": { "texture": "#friedchickenmushroom", "uv": [ 10.0, 8.0, 12.0, 8.5 ] },
										"west": { "texture": "#friedchickenmushroom", "uv": [ 9.0, 7.0, 11.0, 7.5 ] },
										"up": { "texture": "#friedchickenmushroom", "uv": [ 3.5, 3.5, 5.5, 5.5 ] },
										"down": { "texture": "#friedchickenmushroom", "uv": [ 8.5, 9.5, 10.5, 11.5 ] }
									}
								}
							]
						}
					]
				},
				{
					"name": "small 29",
					"from": [ 8.5, -0.5, 6.6 ],
					"to": [ 9.5, 1.0, 7.6 ],
					"rotationOrigin": [ 9.0, -0.5, 7.1 ],
					"rotationX": -22.0,
					"rotationY": -133.0,
					"rotationZ": 22.0,
					"faces": {
						"north": { "texture": "#friedchickenmushroom", "uv": [ 6.0, 9.0, 7.0, 10.5 ] },
						"east": { "texture": "#friedchickenmushroom", "uv": [ 5.0, 8.0, 6.0, 9.5 ] },
						"south": { "texture": "#friedchickenmushroom", "uv": [ 7.0, 11.0, 8.0, 12.5 ] },
						"west": { "texture": "#friedchickenmushroom", "uv": [ 5.0, 10.0, 6.0, 11.5 ] },
						"down": { "texture": "#friedchickenmushroom", "uv": [ 8.0, 9.0, 9.0, 10.0 ] }
					},
					"children": [
						{
							"name": "small 1 cap30",
							"from": [ -0.5, 1.5, -0.5 ],
							"to": [ 1.5, 2.0, 1.5 ],
							"rotationOrigin": [ 0.5, 1.5, 0.5 ],
							"faces": {
								"north": { "texture": "#friedchickenmushroom", "uv": [ 0.0, 0.0, 2.0, 0.5 ] },
								"east": { "texture": "#friedchickenmushroom", "uv": [ 0.0, 0.0, 2.0, 0.5 ] },
								"south": { "texture": "#friedchickenmushroom", "uv": [ 0.0, 0.0, 2.0, 0.5 ] },
								"west": { "texture": "#friedchickenmushroom", "uv": [ 0.0, 0.0, 2.0, 0.5 ] },
								"up": { "texture": "#friedchickenmushroom", "uv": [ 0.0, 0.0, 2.0, 2.0 ] },
								"down": { "texture": "#friedchickenmushroom", "uv": [ 0.0, 0.0, 2.0, 2.0 ] }
							}
						}
					]
				},
				{
					"name": "small stem32",
					"from": [ 5.7, -0.2, 9.8 ],
					"to": [ 6.7, 1.3, 10.8 ],
					"rotationOrigin": [ 6.2, -0.2, 10.3 ],
					"rotationX": -13.0,
					"rotationZ": -28.0,
					"faces": {
						"north": { "texture": "#friedchickenmushroom", "uv": [ 1.0, 14.0, 2.0, 15.5 ] },
						"east": { "texture": "#friedchickenmushroom", "uv": [ 11.5, 13.0, 12.5, 14.5 ] },
						"south": { "texture": "#friedchickenmushroom", "uv": [ 5.0, 14.0, 6.0, 15.5 ] },
						"west": { "texture": "#friedchickenmushroom", "uv": [ 12.5, 14.5, 13.5, 16.0 ] },
						"down": { "texture": "#friedchickenmushroom", "uv": [ 2.0, 14.0, 3.0, 15.0 ] }
					},
					"children": [
						{
							"name": "stem33",
							"from": [ -0.1, 1.0, -0.2 ],
							"to": [ 0.9, 2.5, 0.8 ],
							"rotationOrigin": [ 0.4, 0.9, 0.4 ],
							"rotationX": 33.0,
							"rotationZ": 3.0,
							"faces": {
								"north": { "texture": "#friedchickenmushroom", "uv": [ 6.0, 14.5, 7.0, 16.0 ] },
								"east": { "texture": "#friedchickenmushroom", "uv": [ 3.5, 10.0, 4.5, 11.5 ] },
								"south": { "texture": "#friedchickenmushroom", "uv": [ 6.5, 14.5, 7.5, 16.0 ] },
								"west": { "texture": "#friedchickenmushroom", "uv": [ 13.5, 13.5, 14.5, 15.0 ] },
								"down": { "texture": "#friedchickenmushroom", "uv": [ 8.0, 10.0, 9.0, 11.0 ] }
							},
							"children": [
								{
									"name": "cap34",
									"from": [ -0.9, 1.3, -1.0 ],
									"to": [ 1.6, 1.8, 1.5 ],
									"rotationOrigin": [ 0.4, 1.3, 0.3 ],
									"rotationX": 6.0,
									"rotationY": -44.0,
									"rotationZ": 26.3,
									"faces": {
										"north": { "texture": "#friedchickenmushroom", "uv": [ 13.0, 3.0, 15.5, 3.5 ] },
										"east": { "texture": "#friedchickenmushroom", "uv": [ 9.0, 7.0, 11.5, 7.5 ] },
										"south": { "texture": "#friedchickenmushroom", "uv": [ 10.0, 8.0, 12.5, 8.5 ] },
										"west": { "texture": "#friedchickenmushroom", "uv": [ 9.0, 7.0, 11.5, 7.5 ] },
										"up": { "texture": "#friedchickenmushroom", "uv": [ 9.5, 1.5, 12.0, 4.0 ] },
										"down": { "texture": "#friedchickenmushroom", "uv": [ 8.5, 9.5, 11.0, 12.0 ] }
									}
								}
							]
						}
					]
				},
				{
					"name": "small 35",
					"from": [ 3.9, -0.5, 9.4 ],
					"to": [ 4.9, 1.0, 10.4 ],
					"rotationOrigin": [ 4.4, -0.5, 9.9 ],
					"rotationX": 6.0,
					"rotationY": -158.0,
					"rotationZ": -8.0,
					"faces": {
						"north": { "texture": "#friedchickenmushroom", "uv": [ 6.0, 9.0, 7.0, 10.5 ] },
						"east": { "texture": "#friedchickenmushroom", "uv": [ 5.0, 8.0, 6.0, 9.5 ] },
						"south": { "texture": "#friedchickenmushroom", "uv": [ 7.0, 11.0, 8.0, 12.5 ] },
						"west": { "texture": "#friedchickenmushroom", "uv": [ 5.0, 10.0, 6.0, 11.5 ] },
						"down": { "texture": "#friedchickenmushroom", "uv": [ 8.0, 9.0, 9.0, 10.0 ] }
					},
					"children": [
						{
							"name": "small 1 cap36",
							"from": [ -0.5, 1.5, -0.5 ],
							"to": [ 1.5, 2.0, 1.5 ],
							"rotationOrigin": [ 0.5, 1.5, 0.5 ],
							"faces": {
								"north": { "texture": "#friedchickenmushroom", "uv": [ 0.0, 0.0, 2.0, 0.5 ] },
								"east": { "texture": "#friedchickenmushroom", "uv": [ 0.0, 0.0, 2.0, 0.5 ] },
								"south": { "texture": "#friedchickenmushroom", "uv": [ 0.0, 0.0, 2.0, 0.5 ] },
								"west": { "texture": "#friedchickenmushroom", "uv": [ 0.0, 0.0, 2.0, 0.5 ] },
								"up": { "texture": "#friedchickenmushroom", "uv": [ 0.0, 0.0, 2.0, 2.0 ] },
								"down": { "texture": "#friedchickenmushroom", "uv": [ 0.0, 0.0, 2.0, 2.0 ] }
							}
						}
					]
				},
				{
					"name": "small 2",
					"from": [ 5.7, -0.3, 11.3 ],
					"to": [ 6.7, 1.2, 12.3 ],
					"rotationOrigin": [ 6.2, -0.3, 11.8 ],
					"rotationX": 14.0,
					"rotationY": -102.0,
					"rotationZ": -19.0,
					"faces": {
						"north": { "texture": "#friedchickenmushroom", "uv": [ 6.0, 9.0, 7.0, 10.5 ] },
						"east": { "texture": "#friedchickenmushroom", "uv": [ 5.0, 8.0, 6.0, 9.5 ] },
						"south": { "texture": "#friedchickenmushroom", "uv": [ 7.0, 11.0, 8.0, 12.5 ] },
						"west": { "texture": "#friedchickenmushroom", "uv": [ 5.0, 10.0, 6.0, 11.5 ] },
						"down": { "texture": "#friedchickenmushroom", "uv": [ 8.0, 9.0, 9.0, 10.0 ] }
					},
					"children": [
						{
							"name": "small 1 cap2",
							"from": [ -0.5, 1.5, -0.5 ],
							"to": [ 1.5, 2.0, 1.5 ],
							"rotationOrigin": [ 0.5, 1.5, 0.5 ],
							"faces": {
								"north": { "texture": "#friedchickenmushroom", "uv": [ 0.0, 0.0, 2.0, 0.5 ] },
								"east": { "texture": "#friedchickenmushroom", "uv": [ 0.0, 0.0, 2.0, 0.5 ] },
								"south": { "texture": "#friedchickenmushroom", "uv": [ 0.0, 0.0, 2.0, 0.5 ] },
								"west": { "texture": "#friedchickenmushroom", "uv": [ 0.0, 0.0, 2.0, 0.5 ] },
								"up": { "texture": "#friedchickenmushroom", "uv": [ 3.5, 3.5, 5.5, 5.5 ] },
								"down": { "texture": "#friedchickenmushroom", "uv": [ 0.0, 0.0, 2.0, 2.0 ] }
							}
						}
					]
				},
				{
					"name": "small 3",
					"from": [ 8.5, -0.3, 9.6 ],
					"to": [ 9.5, 1.2, 10.6 ],
					"rotationOrigin": [ 9.0, -0.3, 10.1 ],
					"rotationX": 14.0,
					"rotationY": -136.0,
					"rotationZ": -19.0,
					"faces": {
						"north": { "texture": "#friedchickenmushroom", "uv": [ 6.0, 9.0, 7.0, 10.5 ] },
						"east": { "texture": "#friedchickenmushroom", "uv": [ 5.0, 8.0, 6.0, 9.5 ] },
						"south": { "texture": "#friedchickenmushroom", "uv": [ 7.0, 11.0, 8.0, 12.5 ] },
						"west": { "texture": "#friedchickenmushroom", "uv": [ 5.0, 10.0, 6.0, 11.5 ] },
						"down": { "texture": "#friedchickenmushroom", "uv": [ 8.0, 9.0, 9.0, 10.0 ] }
					},
					"children": [
						{
							"name": "small 1 cap3",
							"from": [ -0.5, 1.5, -0.5 ],
							"to": [ 1.5, 2.0, 1.5 ],
							"rotationOrigin": [ 0.5, 1.5, 0.5 ],
							"faces": {
								"north": { "texture": "#friedchickenmushroom", "uv": [ 0.0, 0.0, 2.0, 0.5 ] },
								"east": { "texture": "#friedchickenmushroom", "uv": [ 0.0, 0.0, 2.0, 0.5 ] },
								"south": { "texture": "#friedchickenmushroom", "uv": [ 0.0, 0.0, 2.0, 0.5 ] },
								"west": { "texture": "#friedchickenmushroom", "uv": [ 0.0, 0.0, 2.0, 0.5 ] },
								"up": { "texture": "#friedchickenmushroom", "uv": [ 3.5, 3.5, 5.5, 5.5 ] },
								"down": { "texture": "#friedchickenmushroom", "uv": [ 0.0, 0.0, 2.0, 2.0 ] }
							}
						}
					]
				},
				{
					"name": "medium stem2",
					"from": [ 5.5, -0.6, 7.0 ],
					"to": [ 7.0, 1.4, 8.5 ],
					"rotationOrigin": [ 6.3, -0.6, 7.8 ],
					"rotationX": 17.0,
					"rotationY": -44.0,
					"rotationZ": 22.0,
					"faces": {
						"north": { "texture": "#friedchickenmushroom", "uv": [ 7.5, 13.0, 9.0, 15.0 ] },
						"east": { "texture": "#friedchickenmushroom", "uv": [ 6.0, 9.5, 7.5, 11.5 ] },
						"south": { "texture": "#friedchickenmushroom", "uv": [ 6.0, 9.0, 7.5, 11.0 ] },
						"west": { "texture": "#friedchickenmushroom", "uv": [ 5.5, 9.5, 7.0, 11.5 ] },
						"down": { "texture": "#friedchickenmushroom", "uv": [ 6.5, 10.0, 8.0, 11.5 ] }
					},
					"children": [
						{
							"name": "medium stem up2",
							"from": [ 0.0, 1.8, 0.0 ],
							"to": [ 1.5, 3.3, 1.5 ],
							"rotationOrigin": [ 0.8, 1.8, 0.8 ],
							"rotationX": -5.0,
							"rotationZ": -6.0,
							"faces": {
								"north": { "texture": "#friedchickenmushroom", "uv": [ 5.5, 9.5, 7.0, 11.0 ] },
								"east": { "texture": "#friedchickenmushroom", "uv": [ 5.0, 11.5, 6.5, 13.0 ] },
								"south": { "texture": "#friedchickenmushroom", "uv": [ 6.0, 9.0, 7.5, 10.5 ] },
								"west": { "texture": "#friedchickenmushroom", "uv": [ 8.0, 10.0, 9.5, 11.5 ] }
							},
							"children": [
								{
									"name": "medium cap2",
									"from": [ -0.8, 2.0, -0.8 ],
									"to": [ 2.2, 2.5, 2.2 ],
									"rotationOrigin": [ 0.7, 2.0, 0.7 ],
									"faces": {
										"up": { "texture": "#friedchickenmushroom", "uv": [ 10.5, 2.5, 13.5, 5.5 ] },
										"down": { "texture": "#friedchickenmushroom", "uv": [ 12.0, 8.5, 15.0, 11.5 ] }
									},
									"children": [
										{
											"name": "Cube26",
											"from": [ 0.0, 0.0, 3.0 ],
											"to": [ 3.0, 0.5, 4.0 ],
											"rotationOrigin": [ 1.0, 0.5, 3.0 ],
											"rotationX": 28.0,
											"faces": {
												"east": { "texture": "#friedchickenmushroom", "uv": [ 7.0, 4.5, 8.0, 5.0 ] },
												"south": { "texture": "#friedchickenmushroom", "uv": [ 5.0, 3.5, 8.0, 4.0 ] },
												"west": { "texture": "#friedchickenmushroom", "uv": [ 8.0, 5.5, 9.0, 6.0 ] },
												"up": { "texture": "#friedchickenmushroom", "uv": [ 2.5, 1.5, 5.5, 2.5 ] },
												"down": { "texture": "#friedchickenmushroom", "uv": [ 9.5, 10.0, 12.5, 11.0 ] }
											}
										},
										{
											"name": "Cube27",
											"from": [ 0.0, 0.0, -1.0 ],
											"to": [ 3.0, 0.5, 0.0 ],
											"rotationOrigin": [ 1.0, 0.5, 0.0 ],
											"rotationX": -47.0,
											"faces": {
												"north": { "texture": "#friedchickenmushroom", "uv": [ 13.0, 6.5, 16.0, 7.0 ] },
												"east": { "texture": "#friedchickenmushroom", "uv": [ 8.5, 3.0, 9.5, 3.5 ] },
												"west": { "texture": "#friedchickenmushroom", "uv": [ 6.5, 6.5, 7.5, 7.0 ] },
												"up": { "texture": "#friedchickenmushroom", "uv": [ 11.0, 3.5, 14.0, 4.5 ] },
												"down": { "texture": "#friedchickenmushroom", "uv": [ 9.5, 9.0, 12.5, 10.0 ] }
											}
										},
										{
											"name": "Cube28",
											"from": [ -1.0, 0.0, 0.0 ],
											"to": [ 0.0, 0.5, 3.0 ],
											"rotationOrigin": [ 0.0, 0.5, 1.0 ],
											"rotationZ": 36.0,
											"faces": {
												"north": { "texture": "#friedchickenmushroom", "uv": [ 7.5, 2.5, 8.5, 3.0 ] },
												"south": { "texture": "#friedchickenmushroom", "uv": [ 5.5, 3.0, 6.5, 3.5 ] },
												"west": { "texture": "#friedchickenmushroom", "uv": [ 7.5, 2.5, 10.5, 3.0 ] },
												"up": { "texture": "#friedchickenmushroom", "uv": [ 6.5, 3.5, 7.5, 6.5 ] },
												"down": { "texture": "#friedchickenmushroom", "uv": [ 12.5, 11.0, 13.5, 14.0 ] }
											}
										},
										{
											"name": "Cube29",
											"from": [ 3.0, 0.0, 0.0 ],
											"to": [ 4.0, 0.5, 3.0 ],
											"rotationOrigin": [ 3.0, 0.5, 1.0 ],
											"rotationZ": -33.0,
											"faces": {
												"north": { "texture": "#friedchickenmushroom", "uv": [ 9.0, 4.5, 10.0, 5.0 ] },
												"east": { "texture": "#friedchickenmushroom", "uv": [ 8.5, 4.0, 11.5, 4.5 ] },
												"south": { "texture": "#friedchickenmushroom", "uv": [ 7.5, 5.5, 8.5, 6.0 ] },
												"up": { "texture": "#friedchickenmushroom", "uv": [ 4.0, 2.0, 5.0, 5.0 ] },
												"down": { "texture": "#friedchickenmushroom", "uv": [ 12.0, 10.0, 13.0, 13.0 ] }
											}
										}
									]
								},
								{
									"name": "Cube30",
									"from": [ -0.3, 1.0, -0.3 ],
									"to": [ 1.7, 2.0, 1.7 ],
									"rotationOrigin": [ 0.7, 1.0, 0.7 ],
									"faces": {
										"north": { "texture": "#friedchickenmushroom", "uv": [ 4.5, 10.5, 6.5, 11.5 ] },
										"east": { "texture": "#friedchickenmushroom", "uv": [ 6.5, 11.0, 8.5, 12.0 ] },
										"south": { "texture": "#friedchickenmushroom", "uv": [ 3.0, 9.0, 5.0, 10.0 ] },
										"west": { "texture": "#friedchickenmushroom", "uv": [ 1.0, 13.0, 3.0, 14.0 ] },
										"up": { "texture": "#friedchickenmushroom", "uv": [ 1.5, 10.0, 3.5, 12.0 ] },
										"down": { "texture": "#friedchickenmushroom", "uv": [ 9.5, 10.0, 11.5, 12.0 ] }
									}
								}
							]
						}
					]
				}
			]
		}
	]}