[
  // Controller Adding RealSmoke
  {
    "side": "server",
    "dependsOn": [ { "modid": "realsmoke" } ],
    "file": "stonebakeoven:blocktypes/ovencontrollerbrick.json",
    "op": "addmerge",
    "path": "/entityBehaviors",
    "value": [
      {
        "name": "BlockEntityBehaviorRealSmokeEmitter",
        "properties": {
          "smokeProduction": 3,
          "isSmoking": "IsBurning",
          "extinguishFunction": "CoolNow",
          "temperatureFunction": "furnaceTemperature",
          "ventAbove": 1,
          "canVentSideways": false,
          "canVentFront": true
        }
      }
    ]
  },
  {
    "side": "server",
    "dependsOn": [ { "modid": "realsmoke" } ],
    "file": "stonebakeoven:blocktypes/ovencontrollercobble.json",
    "op": "addmerge",
    "path": "/entityBehaviors",
    "value": [
      {
        "name": "BlockEntityBehaviorRealSmokeEmitter",
        "properties": {
          "smokeProduction": 3,
          "isSmoking": "IsBurning",
          "extinguishFunction": "CoolNow",
          "temperatureFunction": "furnaceTemperature",
          "ventAbove": 1,
          "canVentSideways": false,
          "canVentFront": true
        }
      }
    ]
  },
  {
    "side": "server",
    "dependsOn": [ { "modid": "realsmoke" } ],
    "file": "stonebakeoven:blocktypes/ovencontrollerplain.json",
    "op": "addmerge",
    "path": "/entityBehaviors",
    "value": [
      {
        "name": "BlockEntityBehaviorRealSmokeEmitter",
        "properties": {
          "smokeProduction": 3,
          "isSmoking": "IsBurning",
          "extinguishFunction": "CoolNow",
          "temperatureFunction": "furnaceTemperature",
          "ventAbove": 1,
          "canVentSideways": false,
          "canVentFront": true
        }
      }
    ]
  },
  // Controller Removing BaseSmoke
  {
    "side": "server",
    "dependsOn": [ { "modid": "realsmoke" } ],
    "file": "stonebakeoven:blocktypes/ovencontrollerbrick.json",
    "op": "remove",
    "path": "/particlePropertiesByType/*-lit-*/1"
  },
  {
    "side": "server",
    "dependsOn": [ { "modid": "realsmoke" } ],
    "file": "stonebakeoven:blocktypes/ovencontrollercobble.json",
    "op": "remove",
    "path": "/particlePropertiesByType/*-lit-*/1"
  },
  {
    "side": "server",
    "dependsOn": [ { "modid": "realsmoke" } ],
    "file": "stonebakeoven:blocktypes/ovencontrollerplain.json",
    "op": "remove",
    "path": "/particlePropertiesByType/*-lit-*/1"
  },
  // Grill Adding RealSmoke
  {
    "side": "server",
    "dependsOn": [ { "modid": "realsmoke" } ],
    "file": "stonebakeoven:blocktypes/ovengrillbrick.json",
    "op": "addmerge",
    "path": "/entityBehaviorsByType",
    "value": {
      "*-hot-*": [
        {
          "name": "BlockEntityBehaviorRealSmokeEmitter",
          "properties": {
            "smokeProduction": 1,
            "temperature": "100",
            "ventAbove": 1,
            "canVentSideways": false,
            "canVentFront": false
          }
        }
      ]
    }
  },
  {
    "side": "server",
    "dependsOn": [ { "modid": "realsmoke" } ],
    "file": "stonebakeoven:blocktypes/ovengrillbrickextra.json",
    "op": "addmerge",
    "path": "/entityBehaviorsByType",
    "value": {
      "*-hot-*": [
        {
          "name": "BlockEntityBehaviorRealSmokeEmitter",
          "properties": {
            "smokeProduction": 1,
            "temperature": "100",
            "ventAbove": 1,
            "canVentSideways": false,
            "canVentFront": false
          }
        }
      ]
    }
  },
  {
    "side": "server",
    "dependsOn": [ { "modid": "realsmoke" } ],
    "file": "stonebakeoven:blocktypes/ovengrillcobble.json",
    "op": "addmerge",
    "path": "/entityBehaviorsByType",
    "value": {
      "*-hot-*": [
        {
          "name": "BlockEntityBehaviorRealSmokeEmitter",
          "properties": {
            "smokeProduction": 1,
            "temperature": "100",
            "ventAbove": 1,
            "canVentSideways": false,
            "canVentFront": false
          }
        }
      ]
    }
  },
  {
    "side": "server",
    "dependsOn": [ { "modid": "realsmoke" } ],
    "file": "stonebakeoven:blocktypes/ovengrillcobbleextra.json",
    "op": "addmerge",
    "path": "/entityBehaviorsByType",
    "value": {
      "*-hot-*": [
        {
          "name": "BlockEntityBehaviorRealSmokeEmitter",
          "properties": {
            "smokeProduction": 1,
            "temperature": "100",
            "ventAbove": 1,
            "canVentSideways": false,
            "canVentFront": false
          }
        }
      ]
    }
  },
  {
    "side": "server",
    "dependsOn": [ { "modid": "realsmoke" } ],
    "file": "stonebakeoven:blocktypes/ovengrillplain.json",
    "op": "addmerge",
    "path": "/entityBehaviorsByType",
    "value": {
      "*-hot-*": [
        {
          "name": "BlockEntityBehaviorRealSmokeEmitter",
          "properties": {
            "smokeProduction": 1,
            "temperature": "100",
            "ventAbove": 1,
            "canVentSideways": false,
            "canVentFront": false
          }
        }
      ]
    }
  },
  {
    "side": "server",
    "dependsOn": [ { "modid": "realsmoke" } ],
    "file": "stonebakeoven:blocktypes/ovengrillplainextra.json",
    "op": "addmerge",
    "path": "/entityBehaviorsByType",
    "value": {
      "*-hot-*": [
        {
          "name": "BlockEntityBehaviorRealSmokeEmitter",
          "properties": {
            "smokeProduction": 1,
            "temperature": "100",
            "ventAbove": 1,
            "canVentSideways": false,
            "canVentFront": false
          }
        }
      ]
    }
  },
  // Grill Removing BaseSmoke
  {
    "side": "server",
    "dependsOn": [ { "modid": "realsmoke" } ],
    "file": "stonebakeoven:blocktypes/ovengrillbrick.json",
    "op": "remove",
    "path": "/particlePropertiesByType"
  },
  {
    "side": "server",
    "dependsOn": [ { "modid": "realsmoke" } ],
    "file": "stonebakeoven:blocktypes/ovengrillbrickextra.json",
    "op": "remove",
    "path": "/particlePropertiesByType"
  },
  {
    "side": "server",
    "dependsOn": [ { "modid": "realsmoke" } ],
    "file": "stonebakeoven:blocktypes/ovengrillcobble.json",
    "op": "remove",
    "path": "/particlePropertiesByType"
  },
  {
    "side": "server",
    "dependsOn": [ { "modid": "realsmoke" } ],
    "file": "stonebakeoven:blocktypes/ovengrillcobbleextra.json",
    "op": "remove",
    "path": "/particlePropertiesByType"
  },
  {
    "side": "server",
    "dependsOn": [ { "modid": "realsmoke" } ],
    "file": "stonebakeoven:blocktypes/ovengrillplain.json",
    "op": "remove",
    "path": "/particlePropertiesByType"
  },
  {
    "side": "server",
    "dependsOn": [ { "modid": "realsmoke" } ],
    "file": "stonebakeoven:blocktypes/ovengrillplainextra.json",
    "op": "remove",
    "path": "/particlePropertiesByType"
  }
]