{
	code: "canoe",
	class: "EntityBoat",
	variantgroups: [
		{ code: "type", states: ["barkcanoe"] },
		{ code: "material", states: ["aged"], loadFromProperties: "block/wood" }
	],
	attributes: {
		deconstructible: true,
		deconstructDropsByType: {
			"canoe-barkcanoe-*": [
				{ type: "block", code: "log-placed-{material}-ud", quantity: 2 },
				{ type: "item", code: "rope", quantity: 1 }
			]
		},
		shouldSwivelFromMotion: false,
		swimmingOffsetYByType: {
			"canoe-barkcanoe-*": 0.6,
		},
		requiresPaddlingToolByType: {
			"canoe-barkcanoe-*": true
		},
		rightClickPickupByType: {
			"canoe-barkcanoe-*": true
		},
		mountAnimationsByType: {
			"canoe-barkcanoe-*": {
				idle: "CanoeKneel",
				ready: "CanoeOarReady",
				forwards: "CanoeOarForward",
				backwards: "CanoeOarBackward"
			}
		}
	},
	hitboxSizeByType: {
		"canoe-barkcanoe-*": { x: 2, y: 0.8, z: 1.5 },
	},
	behaviorConfigs: {
		"passivephysicsmultibox": {
			collisionBoxesByType: {
				"canoe-barkcanoe-*": [
					{ x1: -0.6, y1: 0, z1: 1.0, x2: 0.6, y2: 0.8, z2: 2.5 },
					{ x1: -0.6, y1: 0, z1: -2.5, x2: 0.6, y2: 0.8, z2: -1.0 },
					{ x1: -0.6, y1: 0, z1: -0.75, x2: 0.6, y2: 0.8, z2: 0.75 }
				]
			},
			groundDragFactor: 1,
			airDragFallingFactor: 0.5,
			gravityFactor: 1.0
		},
		"creaturecarrier": {
			seatsByType: {
				"canoe-barkcanoe-*": [
					{
						"apName": "BackSeatAP",
						"controllable": false,
						"mountRotation": { y: 180 },
						"bodyYawLimit": null,
						"eyeHeight": 1.25
					},
					{
						"apName": "MiddleSeat2AP",
						"controllable": true,
						"mountRotation": { y: 180 },
						"bodyYawLimit": null,
						"eyeHeight": 1.25
					},
					{
						"apName": "MiddleSeat1AP",
						"controllable": true,
						"mountRotation": { y: 180 },
						"bodyYawLimit": null,
						"eyeHeight": 1.25
					},
					{
						"apName": "FrontSeatAP",
						"controllable": false,
						"mountRotation": { y: 180 },
						"bodyYawLimit": null,
						"eyeHeight": 1.25
					}
				],
			}
		},
		"rideableaccessories": {
			"dropContentsOnDeath": true,
			"__comment": "These need to be in the same order as the selectionBoxes array further down",
			wearableSlotsByType: {
				"canoe-barkcanoe-*": [
					{
						code: "Front Seat",
						forCategoryCodes: ["basket"],
						attachmentPointCode: "FrontSeatAP",
						stepParentTo: {
							"": { elementName: "FrontSeat" }
						},
						emptyInteractPassThrough: true
					},
					{
						code: "Middle Seat 2",
						forCategoryCodes: ["chest","basket"],
						attachmentPointCode: "MiddleSeat2AP",
						stepParentTo: {
							"": { elementName: "MiddleSeat2" }
						},
						emptyInteractPassThrough: true
					},
					{
						code: "Middle Seat 1",
						forCategoryCodes: ["chest","basket"],
						attachmentPointCode: "MiddleSeat1AP",
						stepParentTo: {
							"": { elementName: "MiddleSeat1" }
						},
					},
					{
						code: "backseat",
						forCategoryCodes: ["basket"],
						attachmentPointCode: "BackSeatAP",
						stepParentTo: {
							"": { elementName: "BackSeat" }
						},
						emptyInteractPassThrough: true
					},
					{
						code: "Oar Rack",
						forCategoryCodes: ["carvedoar"],
						attachmentPointCode: "OarAP",
						stepParentTo: {
							"": { elementName: "OarStorage" }
						}
					},
					{
						code: "lanternspot",
						forCategoryCodes: ["oillamp"],
						attachmentPointCode: "LanternStorageAP",
						stepParentTo: {
							"": { elementName: "lanternspot" }
						}
					}
				]
			}
		},
		"selectionboxes": {
			"__comment": "Modders, make sure the selectionBoxes are in the same order as the wearableSlots, or things can go haywire. Placed chest contents dont get synced properly for example, if wrongly ordered.",
			selectionBoxesByType: {
				"canoe-barkcanoe-*": ["FrontSeatAP", "MiddleSeat2AP", "MiddleSeat1AP", "BackSeatAP", "OarAP", "LanternStorageAP"]
			}
		}
	},
	client: {
		size: 1,
		renderer: "Shape",
		shapeByType: {
			"canoe-barkcanoe-*": { base: "entity/water/boat/barkcanoe", ignoreElements: ["hideWater"] }
		},
		animations: [
		],
		texturesByType: {
			"*": {
				"oak": { base: "game:block/wood/debarked/{material}" }
			}
		},
		behaviors: [
			{ code: "ellipsoidalrepulseagents", enabledByType: { "x": true, "*": false } },
			{ code: "repulseagents", enabledByType: { "x": false, "*": true } },
			{ code: "passivephysicsmultibox" },
			{ code: "interpolateposition" },
			{ code: "hidewatersurface", hideWaterElement: "Origin/hideWater/*", enabledByType: { "canoe-barkcanoe-*": true, "*": false } },
			{ code: "selectionboxes" },
			{ code: "rideableaccessories" },
			{ code: "creaturecarrier" }
		]
	},
	server: {
		behaviors: [
			{ code: "repulseagents" },
			{ code: "passivephysicsmultibox" },
			{ code: "selectionboxes" },
			{ code: "rideableaccessories" },
			{ code: "creaturecarrier" }
		]
	},
	sounds: { }
}
