{
	"editor": {
		"backDropShape": "E:/Programs/VSModelCreator/skeleton",
		"collapsedPaths": ",Root/FemurR/TibiaR,Root/FemurL,Root/origin/Spine/Cube16,Root/root/LowerTorso/UpperFootR/LowerFootR/LowerFootRBones2,Root/root/LowerTorso/UpperTorso/UpperArmR,Root/root/LowerTorso/Spine,Root/root/LowerTorso/UpperTorso/UpperArmL,Root/origin/Spine/FemurR,Root/origin/Spine,Root/root/LowerTorso/UpperFootR/UpperFootR_bones,Root/origin/Spine/FemurL,Root/root/LowerTorso/UpperTorso/UpperArmR/UpperArmRBones2,Root/origin/Spine/Cube33,Root/root/LowerTorso/UpperTorso/UpperTorsoBones/UT_bones_0/UT_ribs_0,Root/root/LowerTorso/UpperTorso/UpperTorsoBones/UT_bones_0/UT_ribs_1,Root/root/LowerTorso/UT_bones_2,Root/origin/Spine/HipboneR,Root/root/LowerTorso/UpperTorso/UpperTorsoBones/UT_bones_0/UT_ribs_0/UT_ribs_1/UT_bones_10,Root/origin/Spine/HipboneL,Root/FemurR/Cube51,Root/origin/Spine/Cube9,Root/root/LowerTorso/UpperTorso/UpperTorsoBones/UT_bones_2/ShoulderR2,Root/ArmboneL/ForearmL,Root/root/LowerTorso/UpperTorso/UpperArmR/LowerArmR/LowerArmRBones2,Root/root/LowerTorso/UpperTorso/UpperTorsoBones,Root/root/LowerTorso/UpperTorso/UpperTorsoBones/UT_bones_0/UT_bones_1,Root/origin/Spine/Cube43,Root/origin/Spine/Cube44,Root/origin/Spine/ArmboneR,Root/origin/Spine/ShoulderL,Root/root/LowerTorso/UpperTorso/UpperTorsoBones/UT_bones_0/UT_ribs_0/UT_bones_3,Root/root/LowerTorso/UpperTorso/UpperTorsoBones/UT_bones_0/UT_ribs_0/UT_bones_7,Root/origin/Spine/ShoulderR,Root/origin/Spine/ArmboneL,Root/root/LowerTorso/UpperTorso/UpperTorsoBones/UT_bones_0/UT_ribs_0/UT_bones_5,Root/root/LowerTorso/UpperTorso/UpperTorsoBones/UT_bones_0/UT_ribs_0/UT_bones_9,Root/root/LowerTorso/UpperFootL,Root/root/LowerTorso/UpperFootR,Root/root/LowerTorso/UpperTorso/UpperTorsoBones/UT_bones_0/ShoulderL,Root/root/LowerTorso/UpperTorso/UpperTorsoBones/RibCage2/UT_ribs_2,Root/origin/Spine/Cube10,Root/root/LowerTorso/UpperTorso/UpperTorsoBones/UT_bones_0/ShoulderR,Root/origin/Spine/Cube13,Root/ArmboneL",
		"allAngles": false,
		"entityTextureMode": false
	},
	"textureWidth": 16,
	"textureHeight": 16,
	"textureSizes": {
	},
	"textures": {
		"bone-skull-inside": "bone-skull-inside",
		"bone-main": "bone/variant-0"
	},
	"elements": [
		{
			"name": "Skull",
			"stepParentName": "Head",
			"from": [ 0.0, 0.0, 0.0 ],
			"to": [ 0.0, 0.0, 0.0 ],
			"faces": {
			},
			"children": [
				{
					"name": "skull_0",
					"from": [ 0.2, -0.5, 0.0 ],
					"to": [ 5.2, 4.5, 5.0 ],
					"renderPass": 1,
					"rotationOrigin": [ 0.2, -0.5, 0.0 ],
					"faces": {
					},
					"children": [
						{
							"name": "skull_top",
							"from": [ 0.0, 4.5, 0.0 ],
							"to": [ 5.0, 5.0, 5.0 ],
							"renderPass": 1,
							"rotationOrigin": [ 0.0, 4.5, 0.0 ],
							"faces": {
								"north": { "texture": "#bone-main", "uv": [ 3.0, 11.0, 8.0, 11.5 ] },
								"east": { "texture": "#bone-main", "uv": [ 5.5, 11.0, 10.5, 11.5 ] },
								"south": { "texture": "#bone-main", "uv": [ 8.0, 11.0, 13.0, 11.5 ] },
								"west": { "texture": "#bone-main", "uv": [ 2.0, 1.5, 7.0, 2.0 ] },
								"up": { "texture": "#bone-main", "uv": [ 11.0, 0.0, 16.0, 5.0 ], "rotation": 90 },
								"down": { "texture": "#bone-skull-inside", "uv": [ 0.0, 0.0, 5.0, 5.0 ], "windMode": [-1,-1,-1,-1], "windData": [1,1,1,1] }
							}
						},
						{
							"name": "skull_back",
							"from": [ 4.5, 1.0, 0.5 ],
							"to": [ 5.0, 4.5, 4.5 ],
							"renderPass": 1,
							"rotationOrigin": [ 4.5, 1.0, 0.5 ],
							"faces": {
								"north": { "texture": "#bone-main", "uv": [ 10.0, 11.5, 10.5, 15.0 ] },
								"east": { "texture": "#bone-main", "uv": [ 6.0, 11.5, 10.0, 15.0 ] },
								"south": { "texture": "#bone-main", "uv": [ 5.5, 11.5, 6.0, 15.0 ] },
								"west": { "texture": "#bone-skull-inside", "uv": [ 2.5, 2.0, 6.5, 5.5 ] },
								"up": { "texture": "#bone-main", "uv": [ 6.0, 11.0, 10.0, 11.5 ], "rotation": 90 },
								"down": { "texture": "#bone-main", "uv": [ 6.0, 15.5, 10.0, 16.0 ], "rotation": 90, "windMode": [-1,-1,-1,-1], "windData": [1,1,1,1] }
							},
							"children": [
								{
									"name": "skull_back_0",
									"from": [ -1.5, 0.0, 0.0 ],
									"to": [ 0.5, 0.5, 4.0 ],
									"renderPass": 1,
									"rotationOrigin": [ 0.5, 0.0, 0.0 ],
									"rotationZ": 14.0,
									"faces": {
										"north": { "texture": "#bone-main", "uv": [ 10.0, 11.5, 12.0, 12.0 ] },
										"east": { "texture": "#bone-main", "uv": [ 6.0, 11.5, 10.0, 12.0 ] },
										"south": { "texture": "#bone-main", "uv": [ 5.5, 11.5, 7.5, 12.0 ] },
										"west": { "texture": "#bone-main", "uv": [ 2.5, 2.0, 6.5, 2.5 ] },
										"up": { "texture": "#bone-skull-inside", "uv": [ 6.0, 11.0, 10.0, 13.0 ], "rotation": 90 },
										"down": { "texture": "#bone-main", "uv": [ 5.5, 14.0, 9.5, 16.0 ], "rotation": 90, "windMode": [-1,-1,-1,-1], "windData": [1,1,1,1] }
									},
									"children": [
										{
											"name": "skull_back_1",
											"from": [ 0.0, 0.5, 0.0 ],
											"to": [ 2.0, 1.0, 4.0 ],
											"renderPass": 1,
											"rotationOrigin": [ 2.0, 0.5, 0.0 ],
											"faces": {
												"north": { "texture": "#bone-main", "uv": [ 10.0, 11.5, 12.0, 12.0 ] },
												"east": { "texture": "#bone-main", "uv": [ 6.0, 11.5, 10.0, 12.0 ] },
												"south": { "texture": "#bone-main", "uv": [ 5.5, 11.5, 7.5, 12.0 ] },
												"west": { "texture": "#bone-skull-inside", "uv": [ 2.5, 2.0, 6.5, 2.5 ] },
												"up": { "texture": "#bone-skull-inside", "uv": [ 6.0, 11.0, 10.0, 13.0 ], "rotation": 90 },
												"down": { "texture": "#bone-main", "uv": [ 5.5, 14.0, 9.5, 16.0 ], "rotation": 90, "windMode": [-1,-1,-1,-1], "windData": [1,1,1,1] }
											}
										}
									]
								}
							]
						},
						{
							"name": "skull_right",
							"from": [ 0.0, 1.5, 0.0 ],
							"to": [ 5.0, 4.5, 0.5 ],
							"renderPass": 1,
							"rotationOrigin": [ 0.0, 1.5, 0.0 ],
							"faces": {
								"north": { "texture": "#bone-main", "uv": [ 10.5, 11.5, 15.5, 14.5 ] },
								"east": { "texture": "#bone-main", "uv": [ 15.5, 11.5, 16.0, 14.5 ] },
								"south": { "texture": "#bone-skull-inside", "uv": [ 10.5, 11.0, 15.5, 14.0 ] },
								"west": { "texture": "#bone-main", "uv": [ 11.0, 11.0, 11.5, 14.0 ] },
								"up": { "texture": "#bone-main", "uv": [ 11.0, 0.0, 11.5, 5.0 ], "rotation": 90 },
								"down": { "texture": "#bone-main", "uv": [ 0.0, 0.0, 5.0, 0.5 ], "windMode": [-1,-1,-1,-1], "windData": [1,1,1,1] }
							},
							"children": [
								{
									"name": "skull_right_0",
									"from": [ 1.0, -0.5, 0.0 ],
									"to": [ 5.0, 0.0, 0.5 ],
									"renderPass": 1,
									"rotationOrigin": [ 1.0, -0.5, 0.0 ],
									"faces": {
										"north": { "texture": "#bone-main", "uv": [ 10.5, 14.5, 14.5, 15.0 ] },
										"east": { "texture": "#bone-main", "uv": [ 13.0, 11.5, 13.5, 12.0 ] },
										"south": { "texture": "#bone-skull-inside", "uv": [ 10.5, 11.0, 14.5, 11.5 ] },
										"west": { "texture": "#bone-main", "uv": [ 15.5, 11.0, 16.0, 11.5 ] },
										"up": { "texture": "#bone-main", "uv": [ 11.0, 0.0, 11.5, 4.0 ], "rotation": 90 },
										"down": { "texture": "#bone-main", "uv": [ 0.0, 0.0, 4.0, 0.5 ], "windMode": [-1,-1,-1,-1], "windData": [1,1,1,1] }
									}
								}
							]
						},
						{
							"name": "skull_left",
							"from": [ 0.0, 1.5, 4.5 ],
							"to": [ 5.0, 4.5, 5.0 ],
							"renderPass": 1,
							"rotationOrigin": [ 0.0, 1.5, 4.5 ],
							"faces": {
								"north": { "texture": "#bone-skull-inside", "uv": [ 3.0, 11.0, 8.0, 14.0 ] },
								"east": { "texture": "#bone-main", "uv": [ 5.5, 11.5, 6.0, 14.5 ] },
								"south": { "texture": "#bone-main", "uv": [ 0.5, 11.5, 5.5, 14.5 ] },
								"west": { "texture": "#bone-main", "uv": [ 0.0, 11.5, 0.5, 14.5 ] },
								"up": { "texture": "#bone-main", "uv": [ 11.0, 0.0, 11.5, 5.0 ], "rotation": 90 },
								"down": { "texture": "#bone-main", "uv": [ 0.0, 0.0, 5.0, 0.5 ], "windMode": [-1,-1,-1,-1], "windData": [1,1,1,1] }
							},
							"children": [
								{
									"name": "skull_left_0",
									"from": [ 1.0, -0.5, 0.0 ],
									"to": [ 5.0, 0.0, 0.5 ],
									"renderPass": 1,
									"rotationOrigin": [ 1.0, -0.5, 0.0 ],
									"faces": {
										"north": { "texture": "#bone-skull-inside", "uv": [ 3.0, 11.0, 7.0, 11.5 ] },
										"east": { "texture": "#bone-main", "uv": [ 5.5, 11.5, 6.0, 12.0 ] },
										"south": { "texture": "#bone-main", "uv": [ 0.5, 14.5, 4.5, 15.0 ] },
										"west": { "texture": "#bone-main", "uv": [ 0.0, 11.5, 0.5, 12.0 ] },
										"up": { "texture": "#bone-main", "uv": [ 11.0, 0.0, 11.5, 4.0 ], "rotation": 90 },
										"down": { "texture": "#bone-main", "uv": [ 0.0, 0.0, 4.0, 0.5 ], "windMode": [-1,-1,-1,-1], "windData": [1,1,1,1] }
									}
								}
							]
						},
						{
							"name": "skull_front",
							"from": [ 0.0, 4.0, 0.5 ],
							"to": [ 0.0, 4.0, 0.5 ],
							"renderPass": 1,
							"rotationOrigin": [ 0.0, 4.0, 0.5 ],
							"faces": {
								"north": { "texture": "#bone-main", "uv": [ 3.0, 11.0, 3.5, 11.5 ] },
								"east": { "texture": "#bone-skull-inside", "uv": [ 5.5, 11.0, 6.0, 11.5 ] },
								"south": { "texture": "#bone-main", "uv": [ 8.0, 11.0, 8.5, 11.5 ] },
								"west": { "texture": "#bone-main", "uv": [ 2.5, 2.0, 3.0, 2.5 ] },
								"up": { "texture": "#bone-main", "uv": [ 11.0, 0.0, 11.5, 0.5 ], "rotation": 90 },
								"down": { "texture": "#bone-main", "uv": [ 0.0, 0.0, 0.5, 0.5 ], "windMode": [-1,-1,-1,-1], "windData": [1,1,1,1] }
							},
							"children": [
								{
									"name": "skull_front_7",
									"from": [ 0.0, 0.0, 0.0 ],
									"to": [ 0.5, 0.5, 1.5 ],
									"renderPass": 1,
									"faces": {
										"north": { "texture": "#bone-main", "uv": [ 3.0, 11.0, 3.5, 11.5 ] },
										"east": { "texture": "#bone-skull-inside", "uv": [ 5.5, 11.0, 7.0, 11.5 ] },
										"south": { "texture": "#bone-main", "uv": [ 8.0, 11.0, 8.5, 11.5 ] },
										"west": { "texture": "#bone-main", "uv": [ 2.5, 2.0, 4.0, 2.5 ] },
										"up": { "texture": "#bone-main", "uv": [ 11.0, 0.0, 12.5, 0.5 ], "rotation": 90 },
										"down": { "texture": "#bone-main", "uv": [ 0.0, 0.0, 0.5, 1.5 ], "windMode": [-1,-1,-1,-1], "windData": [1,1,1,1] }
									}
								},
								{
									"name": "skull_front_8",
									"from": [ 0.0, 0.0, 2.5 ],
									"to": [ 0.5, 0.5, 4.0 ],
									"renderPass": 1,
									"rotationOrigin": [ 0.0, 0.0, 2.5 ],
									"faces": {
										"north": { "texture": "#bone-main", "uv": [ 3.0, 11.0, 3.5, 11.5 ] },
										"east": { "texture": "#bone-skull-inside", "uv": [ 5.5, 11.0, 7.0, 11.5 ] },
										"south": { "texture": "#bone-main", "uv": [ 8.0, 11.0, 8.5, 11.5 ] },
										"west": { "texture": "#bone-main", "uv": [ 2.5, 2.0, 4.0, 2.5 ] },
										"up": { "texture": "#bone-main", "uv": [ 11.0, 0.0, 12.5, 0.5 ], "rotation": 90 },
										"down": { "texture": "#bone-main", "uv": [ 0.0, 0.0, 0.5, 1.5 ], "windMode": [-1,-1,-1,-1], "windData": [1,1,1,1] }
									}
								},
								{
									"name": "skull_front_9",
									"from": [ 0.0, -0.5, 0.0 ],
									"to": [ 0.5, 0.0, 0.5 ],
									"renderPass": 1,
									"rotationOrigin": [ 0.0, -0.5, 0.0 ],
									"faces": {
										"north": { "texture": "#bone-main", "uv": [ 3.0, 11.0, 3.5, 11.5 ] },
										"east": { "texture": "#bone-skull-inside", "uv": [ 5.5, 11.0, 6.0, 11.5 ] },
										"south": { "texture": "#bone-main", "uv": [ 8.0, 11.0, 8.5, 11.5 ] },
										"west": { "texture": "#bone-main", "uv": [ 2.5, 2.0, 3.0, 2.5 ] },
										"up": { "texture": "#bone-main", "uv": [ 11.0, 0.0, 11.5, 0.5 ], "rotation": 90 },
										"down": { "texture": "#bone-main", "uv": [ 0.0, 0.0, 0.5, 0.5 ], "windMode": [-1,-1,-1,-1], "windData": [1,1,1,1] }
									}
								},
								{
									"name": "skull_front_10",
									"from": [ 0.0, -0.5, 3.5 ],
									"to": [ 0.5, 0.0, 4.0 ],
									"renderPass": 1,
									"rotationOrigin": [ 0.0, -0.5, 3.5 ],
									"faces": {
										"north": { "texture": "#bone-main", "uv": [ 3.0, 11.0, 3.5, 11.5 ] },
										"east": { "texture": "#bone-skull-inside", "uv": [ 5.5, 11.0, 6.0, 11.5 ] },
										"south": { "texture": "#bone-main", "uv": [ 8.0, 11.0, 8.5, 11.5 ] },
										"west": { "texture": "#bone-main", "uv": [ 2.5, 2.0, 3.0, 2.5 ] },
										"up": { "texture": "#bone-main", "uv": [ 11.0, 0.0, 11.5, 0.5 ], "rotation": 90 },
										"down": { "texture": "#bone-main", "uv": [ 0.0, 0.0, 0.5, 0.5 ], "windMode": [-1,-1,-1,-1], "windData": [1,1,1,1] }
									}
								}
							]
						}
					]
				}
			],
			"attachmentpoints": [
				{
					"code": "Eyes",
					"posX": "1.3","posY": "3.5","posZ": "2.5",
					"rotationX": "0.0","rotationY": "-90.0","rotationZ": "0.0"
				}
			]
		}
	]}