{
	"editor": {
		"allAngles": true,
		"entityTextureMode": true
	},
	"textureWidth": 36,
	"textureHeight": 52,
	"textureSizes": {
		"skin": [36,52]
	},
	"textures": {
	},
	"elements": [
		{
			"name": "Neck",
			"from": [ 15.0, 10.0, 7.0 ],
			"to": [ 17.5, 14.1, 9.0 ],
			"unwrapMode": 2,
			"uv": [ 4.0, 6.5 ],
			"rotationOrigin": [ 17.7, 10.0, 8.0 ],
			"rotationZ": 56.0,
			"faces": {
				"north": { "texture": "#skin", "uv": [ 8.5, 9.0, 11.0, 13.0 ], "windMode": [-1,-1,-1,-1], "windData": [0,0,1,0] },
				"east": { "texture": "#skin", "uv": [ 6.5, 9.0, 8.5, 13.0 ], "windMode": [-1,-1,-1,-1], "windData": [1,0,0,1] },
				"south": { "texture": "#skin", "uv": [ 4.0, 9.0, 6.5, 13.0 ] },
				"west": { "texture": "#skin", "uv": [ 11.0, 9.0, 13.0, 13.0 ] },
				"up": { "texture": "#skin", "uv": [ 6.5, 6.5, 8.5, 9.0 ], "rotation": 270 }
			},
			"children": [
				{
					"name": "Neck2",
					"from": [ 0.3, 2.4, 0.1 ],
					"to": [ 2.4, 5.4, 1.9 ],
					"unwrapMode": 2,
					"uv": [ 4.0, 1.0 ],
					"rotationOrigin": [ 2.4, 3.6, 1.1 ],
					"rotationZ": -31.5,
					"faces": {
						"north": { "texture": "#skin", "uv": [ 7.5, 3.0, 9.5, 6.0 ], "windMode": [-1,-1,-1,-1], "windData": [1,1,1,1] },
						"east": { "texture": "#skin", "uv": [ 6.0, 3.0, 7.5, 6.0 ], "windMode": [-1,-1,-1,-1], "windData": [1,1,1,1] },
						"south": { "texture": "#skin", "uv": [ 4.0, 3.0, 6.0, 6.0 ], "windMode": [-1,-1,-1,-1], "windData": [1,1,1,1] },
						"west": { "texture": "#skin", "uv": [ 9.5, 3.0, 11.0, 6.0 ], "windMode": [-1,-1,-1,-1], "windData": [1,1,1,1] },
						"up": { "texture": "#skin", "uv": [ 6.0, 1.0, 7.5, 3.0 ], "rotation": 270, "windMode": [-1,-1,-1,-1], "windData": [1,1,1,1] }
					},
					"children": [
						{
							"name": "Head",
							"from": [ 0.3, 0.9, -0.1 ],
							"to": [ 2.0, 3.4, 1.9 ],
							"unwrapMode": 4,
							"uv": [ 15.0, 3.5 ],
							"rotationOrigin": [ 1.9, 3.3, 0.9 ],
							"rotationZ": -40.0,
							"faces": {
								"north": { "texture": "#skin", "uv": [ 15.0, 5.0, 16.5, 7.5 ] },
								"east": { "texture": "#skin", "uv": [ 20.0, 5.0, 22.0, 7.5 ] },
								"south": { "texture": "#skin", "uv": [ 18.5, 5.0, 20.0, 7.5 ] },
								"west": { "texture": "#skin", "uv": [ 16.5, 5.0, 18.5, 7.5 ] },
								"up": { "texture": "#skin", "uv": [ 16.5, 3.5, 18.5, 5.0 ], "rotation": 90 },
								"down": { "texture": "#skin", "uv": [ 16.5, 7.5, 18.5, 9.0 ], "rotation": 90 }
							},
							"children": [
								{
									"name": "MouthUp",
									"from": [ -1.8, 0.4, 0.4 ],
									"to": [ 0.7, 1.0, 1.5 ],
									"unwrapMode": 5,
									"unwrapRotation": 1,
									"autoUnwrap": false,
									"uv": [ 14.0, 10.0 ],
									"rotationOrigin": [ 0.8, 0.8, 1.0 ],
									"rotationZ": 30.0,
									"faces": {
										"north": { "texture": "#skin", "uv": [ 14.0, 10.0, 14.5, 12.5 ], "rotation": 270 },
										"south": { "texture": "#skin", "uv": [ 16.5, 10.0, 17.0, 12.5 ], "rotation": 90, "windMode": [-1,-1,-1,-1] },
										"west": { "texture": "#skin", "uv": [ 15.0, 12.5, 16.0, 13.0 ], "windMode": [-1,-1,-1,-1] },
										"up": { "texture": "#skin", "uv": [ 15.0, 10.0, 16.0, 12.5 ], "rotation": 90, "windMode": [-1,-1,-1,-1] },
										"down": { "texture": "#skin", "uv": [ 17.0, 10.0, 18.0, 12.5 ], "rotation": 270, "windMode": [-1,-1,-1,-1] }
									},
									"children": [
										{
											"name": "Nose",
											"from": [ 0.2, -0.15, 0.05 ],
											"to": [ 3.2, 0.85, 1.05 ],
											"unwrapMode": 5,
											"unwrapRotation": 1,
											"uv": [ 19.5, 9.0 ],
											"rotationOrigin": [ 0.2, 0.8, 0.05 ],
											"rotationZ": 27.0,
											"faces": {
												"north": { "texture": "#skin", "uv": [ 19.5, 9.0, 20.5, 12.0 ], "rotation": 270 },
												"south": { "texture": "#skin", "uv": [ 21.5, 9.0, 22.5, 12.0 ], "rotation": 90 },
												"west": { "texture": "#skin", "uv": [ 20.5, 12.0, 21.5, 13.0 ], "windMode": [-1,-1,-1,-1] },
												"up": { "texture": "#skin", "uv": [ 20.5, 9.0, 21.5, 12.0 ], "rotation": 90 }
											},
											"children": [
												{
													"name": "Snout",
													"from": [ -0.41, 0.4328, 0.17 ],
													"to": [ 0.29, 1.0328, 0.87 ],
													"unwrapMode": 4,
													"uv": [ 3.0, 6.5 ],
													"rotationOrigin": [ -0.4088, 1.0328, 0.45 ],
													"rotationZ": -9.0,
													"faces": {
														"north": { "texture": "#skin", "uv": [ 3.0, 7.0, 3.5, 7.5 ], "windMode": [-1,-1,-1,-1], "windData": [1,1,1,1] },
														"east": { "texture": "#skin", "uv": [ 4.5, 7.0, 5.0, 7.5 ], "windMode": [-1,-1,-1,-1], "windData": [1,1,1,1] },
														"south": { "texture": "#skin", "uv": [ 4.0, 7.0, 4.5, 7.5 ], "windMode": [-1,-1,-1,-1], "windData": [1,1,1,1] },
														"west": { "texture": "#skin", "uv": [ 3.5, 7.0, 4.0, 7.5 ], "windMode": [-1,-1,-1,-1], "windData": [1,1,1,1] },
														"up": { "texture": "#skin", "uv": [ 3.5, 6.5, 4.0, 7.0 ], "rotation": 90, "windMode": [-1,-1,-1,-1], "windData": [1,1,1,1] },
														"down": { "texture": "#skin", "uv": [ 3.5, 7.5, 4.0, 8.0 ], "rotation": 90, "windMode": [-1,-1,-1,-1], "windData": [1,1,1,1] }
													}
												}
											]
										}
									]
								},
								{
									"name": "R Ear",
									"from": [ 0.9, 1.3, -0.9 ],
									"to": [ 1.1, 2.4, 0.1 ],
									"unwrapMode": 4,
									"uv": [ 18.0, 0.5 ],
									"rotationOrigin": [ 1.1, 2.2, 0.1 ],
									"rotationX": 55.0,
									"rotationZ": 22.0,
									"faces": {
										"north": { "texture": "#skin", "uv": [ 18.0, 1.0, 18.5, 2.0 ] },
										"east": { "texture": "#skin", "uv": [ 20.0, 1.0, 21.0, 2.0 ], "windMode": [-1,-1,-1,-1], "windData": [0,1,0,0] },
										"south": { "texture": "#skin", "uv": [ 19.5, 1.0, 20.0, 2.0 ], "windMode": [-1,-1,-1,-1], "windData": [0,0,0,0] },
										"west": { "texture": "#skin", "uv": [ 18.5, 1.0, 19.5, 2.0 ], "windMode": [-1,-1,-1,-1], "windData": [0,0,0,1] },
										"up": { "texture": "#skin", "uv": [ 18.5, 0.5, 19.5, 1.0 ], "rotation": 90, "windMode": [-1,-1,-1,-1], "windData": [1,0,0,1] },
										"down": { "texture": "#skin", "uv": [ 18.5, 2.0, 19.5, 2.5 ], "rotation": 90, "windMode": [-1,-1,-1,-1] }
									},
									"children": [
										{
											"name": "R Ear2",
											"from": [ 0.0, 0.0, -1.0 ],
											"to": [ 0.2, 1.1, 0.0 ],
											"unwrapMode": 4,
											"uv": [ 18.0, 0.5 ],
											"rotationOrigin": [ 0.2, 1.1, 0.0 ],
											"rotationX": -40.0,
											"rotationZ": 2.0,
											"faces": {
												"north": { "texture": "#skin", "uv": [ 18.0, 1.0, 18.5, 2.0 ] },
												"east": { "texture": "#skin", "uv": [ 20.0, 1.0, 21.0, 2.0 ] },
												"south": { "texture": "#skin", "uv": [ 19.5, 1.0, 20.0, 2.0 ], "windMode": [-1,-1,-1,-1], "windData": [0,0,0,0] },
												"west": { "texture": "#skin", "uv": [ 18.5, 1.0, 19.5, 2.0 ] },
												"up": { "texture": "#skin", "uv": [ 18.5, 0.5, 19.5, 1.0 ], "rotation": 90 },
												"down": { "texture": "#skin", "uv": [ 18.5, 2.0, 19.5, 2.5 ], "rotation": 90 }
											}
										},
										{
											"name": "R Ear3",
											"from": [ 0.0, 0.0, -0.1 ],
											"to": [ 0.2, 0.5, 1.0 ],
											"unwrapMode": 4,
											"unwrapRotation": 1,
											"autoUnwrap": false,
											"uv": [ 18.0, 0.5 ],
											"rotationOrigin": [ 0.2, 0.0, 1.0 ],
											"rotationX": -21.0,
											"rotationZ": -2.0,
											"faces": {
												"north": { "texture": "#skin", "uv": [ 18.5, 2.0, 19.0, 2.5 ], "rotation": 90 },
												"east": { "texture": "#skin", "uv": [ 20.0, 1.0, 20.5, 2.0 ], "rotation": 90 },
												"south": { "texture": "#skin", "uv": [ 18.5, 0.5, 19.0, 1.0 ], "rotation": 270, "windMode": [-1,-1,-1,-1], "windData": [0,0,0,0] },
												"west": { "texture": "#skin", "uv": [ 18.5, 1.0, 19.0, 2.0 ], "rotation": 270 },
												"up": { "texture": "#skin", "uv": [ 18.0, 1.0, 18.5, 2.0 ] },
												"down": { "texture": "#skin", "uv": [ 19.5, 1.0, 20.0, 2.0 ] }
											}
										}
									]
								},
								{
									"name": "L Ear",
									"from": [ 0.9, 1.3, 1.9 ],
									"to": [ 1.1, 2.4, 2.9 ],
									"unwrapMode": 4,
									"unwrapRotation": 1,
									"uv": [ 14.0, 1.0 ],
									"rotationOrigin": [ 1.1, 2.2, 1.9 ],
									"rotationX": -55.0,
									"rotationZ": 22.0,
									"faces": {
										"north": { "texture": "#skin", "uv": [ 14.5, 2.5, 15.5, 3.0 ], "rotation": 90, "windMode": [-1,-1,-1,-1] },
										"east": { "texture": "#skin", "uv": [ 16.0, 1.5, 17.0, 2.5 ], "rotation": 270 },
										"south": { "texture": "#skin", "uv": [ 14.5, 1.0, 15.5, 1.5 ], "rotation": 90, "windMode": [-1,-1,-1,-1] },
										"west": { "texture": "#skin", "uv": [ 14.5, 1.5, 15.5, 2.5 ], "rotation": 90 },
										"up": { "texture": "#skin", "uv": [ 14.0, 1.5, 14.5, 2.5 ], "rotation": 180 },
										"down": { "texture": "#skin", "uv": [ 15.5, 1.5, 16.0, 2.5 ], "rotation": 180 }
									},
									"children": [
										{
											"name": "L Ear2",
											"from": [ 0.0, 0.0, 1.0 ],
											"to": [ 0.2, 1.1, 2.0 ],
											"unwrapMode": 4,
											"unwrapRotation": 1,
											"uv": [ 14.0, 0.5 ],
											"rotationOrigin": [ 0.2, 1.1, 1.0 ],
											"rotationX": 40.0,
											"rotationZ": 2.0,
											"faces": {
												"north": { "texture": "#skin", "uv": [ 14.5, 2.0, 15.5, 2.5 ], "rotation": 90, "windMode": [-1,-1,-1,-1] },
												"east": { "texture": "#skin", "uv": [ 16.0, 1.0, 17.0, 2.0 ], "rotation": 270 },
												"south": { "texture": "#skin", "uv": [ 14.5, 0.5, 15.5, 1.0 ], "rotation": 90, "windMode": [-1,-1,-1,-1] },
												"west": { "texture": "#skin", "uv": [ 14.5, 1.0, 15.5, 2.0 ], "rotation": 90 },
												"up": { "texture": "#skin", "uv": [ 14.0, 1.0, 14.5, 2.0 ], "rotation": 180 },
												"down": { "texture": "#skin", "uv": [ 15.5, 1.0, 16.0, 2.0 ], "rotation": 180 }
											}
										},
										{
											"name": "L Ear3",
											"from": [ 0.0, 0.0, 0.0 ],
											"to": [ 0.2, 0.5, 1.1 ],
											"unwrapMode": 4,
											"unwrapRotation": 1,
											"uv": [ 14.5, 0.5 ],
											"rotationOrigin": [ 0.2, 0.0, 0.0 ],
											"rotationX": 21.0,
											"rotationZ": -2.0,
											"faces": {
												"north": { "texture": "#skin", "uv": [ 15.0, 2.0, 15.5, 2.5 ], "rotation": 90, "windMode": [-1,-1,-1,-1] },
												"east": { "texture": "#skin", "uv": [ 16.0, 1.0, 16.5, 2.0 ], "rotation": 270 },
												"south": { "texture": "#skin", "uv": [ 15.0, 0.5, 15.5, 1.0 ], "rotation": 90, "windMode": [-1,-1,-1,-1] },
												"west": { "texture": "#skin", "uv": [ 15.0, 1.0, 15.5, 2.0 ], "rotation": 90 },
												"up": { "texture": "#skin", "uv": [ 14.5, 1.0, 15.0, 2.0 ], "rotation": 180 },
												"down": { "texture": "#skin", "uv": [ 15.5, 1.0, 16.0, 2.0 ], "rotation": 180 }
											}
										}
									]
								},
								{
									"name": "Jaw",
									"from": [ -0.4, 0.1, 0.5 ],
									"to": [ 1.6, 1.2, 1.4 ],
									"unwrapMode": 5,
									"unwrapRotation": 1,
									"uv": [ 11.5, 5.0 ],
									"rotationOrigin": [ 1.1, 0.7, 1.0 ],
									"rotationZ": 27.0,
									"faces": {
										"north": { "texture": "#skin", "uv": [ 11.5, 5.0, 12.5, 7.0 ], "rotation": 270 },
										"south": { "texture": "#skin", "uv": [ 13.0, 5.0, 14.0, 7.0 ], "rotation": 90 },
										"west": { "texture": "#skin", "uv": [ 12.5, 7.0, 13.0, 8.0 ] },
										"up": { "texture": "#skin", "uv": [ 12.5, 5.0, 13.0, 7.0 ], "rotation": 90 },
										"down": { "texture": "#skin", "uv": [ 14.0, 5.0, 14.5, 7.0 ], "rotation": 270 }
									},
									"children": [
										{
											"name": "Jaw2",
											"from": [ -1.0, 0.0, 0.0 ],
											"to": [ 0.0, 0.5, 0.9 ],
											"unwrapMode": 5,
											"unwrapRotation": 1,
											"uv": [ 12.0, 6.5 ],
											"rotationOrigin": [ 0.0, 0.0, 0.5 ],
											"rotationZ": -4.0,
											"faces": {
												"north": { "texture": "#skin", "uv": [ 12.0, 6.5, 12.5, 7.5 ], "rotation": 270 },
												"south": { "texture": "#skin", "uv": [ 13.0, 6.5, 13.5, 7.5 ], "rotation": 90 },
												"west": { "texture": "#skin", "uv": [ 12.5, 7.5, 13.0, 8.0 ] },
												"up": { "texture": "#skin", "uv": [ 12.5, 6.5, 13.0, 7.5 ], "rotation": 90 },
												"down": { "texture": "#skin", "uv": [ 13.5, 6.5, 14.0, 7.5 ], "rotation": 270 }
											}
										}
									]
								},
								{
									"name": "R Eye",
									"from": [ 0.1, 1.3, -0.01 ],
									"to": [ 0.5, 1.5, 0.21 ],
									"unwrapMode": 1,
									"uv": [ 2.0, 1.0 ],
									"rotationOrigin": [ 0.3, 1.5, 0.0 ],
									"rotationZ": 25.0,
									"faces": {
										"north": { "texture": "#skin", "uv": [ 2.5, 1.0, 3.0, 1.5 ] },
										"east": { "texture": "#skin", "uv": [ 2.0, 1.0, 2.5, 1.5 ], "windMode": [-1,-1,-1,-1] },
										"west": { "texture": "#skin", "uv": [ 3.0, 1.0, 3.5, 1.5 ], "windMode": [-1,-1,-1,-1] },
										"down": { "texture": "#skin", "uv": [ 2.5, 1.5, 3.0, 2.0 ], "windMode": [-1,-1,-1,-1] }
									},
									"children": [
										{
											"name": "R Eye2",
											"from": [ 0.0, 0.2, 0.0 ],
											"to": [ 0.4, 0.4, 0.22 ],
											"unwrapMode": 1,
											"uv": [ 2.0, 0.0 ],
											"rotationOrigin": [ 0.0, 0.2, 0.01 ],
											"faces": {
												"north": { "texture": "#skin", "uv": [ 2.5, 0.5, 3.0, 1.0 ] },
												"east": { "texture": "#skin", "uv": [ 2.0, 0.5, 2.5, 1.0 ], "windMode": [-1,-1,-1,-1] },
												"west": { "texture": "#skin", "uv": [ 3.0, 0.5, 3.5, 1.0 ], "windMode": [-1,-1,-1,-1] },
												"up": { "texture": "#skin", "uv": [ 2.5, 0.0, 3.0, 0.5 ], "rotation": 180, "windMode": [-1,-1,-1,-1] }
											}
										},
										{
											"name": "R Pupil",
											"from": [ 0.1, 0.1, -0.01 ],
											"to": [ 0.3, 0.3, 0.21 ],
											"unwrapMode": 1,
											"uv": [ 0.0, 0.0 ],
											"rotationOrigin": [ 0.1, 0.1, -0.01 ],
											"faces": {
												"north": { "texture": "#skin", "uv": [ 0.5, 0.5, 1.0, 1.0 ] },
												"east": { "texture": "#skin", "uv": [ 0.0, 0.5, 0.5, 1.0 ], "windMode": [-1,-1,-1,-1] },
												"west": { "texture": "#skin", "uv": [ 1.0, 0.5, 1.5, 1.0 ], "windMode": [-1,-1,-1,-1] },
												"up": { "texture": "#skin", "uv": [ 0.5, 0.0, 1.0, 0.5 ], "rotation": 180, "windMode": [-1,-1,-1,-1] },
												"down": { "texture": "#skin", "uv": [ 0.5, 1.0, 1.0, 1.5 ], "windMode": [-1,-1,-1,-1] }
											}
										}
									]
								},
								{
									"name": "L Eye",
									"from": [ 0.1, 1.3, 1.79 ],
									"to": [ 0.5, 1.5, 2.01 ],
									"unwrapMode": 3,
									"uv": [ 2.0, 1.0 ],
									"rotationOrigin": [ 0.3, 1.5, 1.8 ],
									"rotationZ": 25.0,
									"faces": {
										"east": { "texture": "#skin", "uv": [ 3.0, 1.0, 3.5, 1.5 ], "windMode": [-1,-1,-1,-1] },
										"south": { "texture": "#skin", "uv": [ 2.5, 1.0, 3.0, 1.5 ] },
										"west": { "texture": "#skin", "uv": [ 2.0, 1.0, 2.5, 1.5 ], "windMode": [-1,-1,-1,-1] },
										"down": { "texture": "#skin", "uv": [ 2.5, 1.5, 3.0, 2.0 ], "rotation": 180, "windMode": [-1,-1,-1,-1] }
									},
									"children": [
										{
											"name": "L Eye2",
											"from": [ 0.0, 0.2, 0.0 ],
											"to": [ 0.4, 0.4, 0.22 ],
											"unwrapMode": 3,
											"uv": [ 2.0, 0.0 ],
											"rotationOrigin": [ 0.0, 0.2, 0.01 ],
											"faces": {
												"east": { "texture": "#skin", "uv": [ 3.0, 0.5, 3.5, 1.0 ], "windMode": [-1,-1,-1,-1] },
												"south": { "texture": "#skin", "uv": [ 2.5, 0.5, 3.0, 1.0 ], "windMode": [-1,-1,-1,-1] },
												"west": { "texture": "#skin", "uv": [ 2.0, 0.5, 2.5, 1.0 ], "windMode": [-1,-1,-1,-1] },
												"up": { "texture": "#skin", "uv": [ 2.5, 0.0, 3.0, 0.5 ], "windMode": [-1,-1,-1,-1] }
											}
										},
										{
											"name": "L Pupil",
											"from": [ 0.1, 0.1, 0.01 ],
											"to": [ 0.3, 0.3, 0.23 ],
											"unwrapMode": 3,
											"uv": [ 0.0, 0.0 ],
											"rotationOrigin": [ 0.1, 0.1, 0.01 ],
											"faces": {
												"east": { "texture": "#skin", "uv": [ 1.0, 0.5, 1.5, 1.0 ], "windMode": [-1,-1,-1,-1] },
												"south": { "texture": "#skin", "uv": [ 0.5, 0.5, 1.0, 1.0 ], "windMode": [-1,-1,-1,-1] },
												"west": { "texture": "#skin", "uv": [ 0.0, 0.5, 0.5, 1.0 ], "windMode": [-1,-1,-1,-1] },
												"up": { "texture": "#skin", "uv": [ 0.5, 0.0, 1.0, 0.5 ], "windMode": [-1,-1,-1,-1] },
												"down": { "texture": "#skin", "uv": [ 0.5, 1.0, 1.0, 1.5 ], "rotation": 180, "windMode": [-1,-1,-1,-1] }
											}
										}
									]
								}
							]
						}
					]
				}
			]
		}
	]}