{
	"editor": {
		"collapsedPaths": ",Root/stairs/support,Root/walkway,Root/Walkway/ChainSupport/ChainSupport9,Root/stairs/walkway,Root/snow1,Root/base/Support1,Root/Walkway/ChainSupport/ChainSupport5,Root/Walkway/ChainSupport/ChainSupport2,Root/Walkway/Chain/ChainSupport,Root/Walkway2,Root/Walkway3,Root/base/Support,Root/stairs/snow4,Root/Walkway/ChainSupport/ChainSupport13,Root/Walkway/ChainSupport/ChainSupport2/ChainSupport3,Root/support2,Root/stairs/snow1,Root/support1,Root/Cube3,Root/support",
		"allAngles": false,
		"entityTextureMode": false
	},
	"textureWidth": 16,
	"textureHeight": 16,
	"textureSizes": {
		"walkway": [32,32],
		"support": [16,16],
		"material2": [16,32],
		"material": [16,16],
		"metal": [16,16],
		"normal1": [16,16]
	},
	"textures": {
		"snowcover": "block/liquid/snow/normal1",
		"walkway": "block/plant/bamboo/stem-brown",
		"support": "block/plant/bamboo/stem-brown"
	},
	"elements": [
		{
			"name": "stairs",
			"from": [ 0.0, 0.0, 0.0 ],
			"to": [ 0.0, 0.0, 0.0 ],
			"faces": {
				"north": { "texture": "#snowcover", "uv": [ 0.0, 0.0, 0.5, 0.5 ] },
				"east": { "texture": "#snowcover", "uv": [ 0.0, 0.0, 0.5, 0.5 ] },
				"south": { "texture": "#snowcover", "uv": [ 0.0, 0.0, 0.5, 0.5 ] },
				"west": { "texture": "#snowcover", "uv": [ 0.0, 0.0, 0.5, 0.5 ] },
				"up": { "texture": "#snowcover", "uv": [ 0.0, 0.0, 0.5, 0.5 ] },
				"down": { "texture": "#snowcover", "uv": [ 0.0, 0.0, 0.5, 0.5 ] }
			},
			"children": [
				{
					"name": "walkway",
					"from": [ 0.0, -1.3, 1.06 ],
					"to": [ 0.0, -1.3, 1.06 ],
					"rotationOrigin": [ 0.0, -1.3, 1.06 ],
					"rotationX": -45.6,
					"faces": {
						"north": { "texture": "#walkway", "uv": [ 0.0, 0.0, 1.0, 1.0 ] },
						"east": { "texture": "#walkway", "uv": [ 0.0, 0.0, 1.0, 1.0 ] },
						"south": { "texture": "#walkway", "uv": [ 0.0, 0.0, 1.0, 1.0 ] },
						"west": { "texture": "#walkway", "uv": [ 0.0, 0.0, 1.0, 1.0 ] },
						"up": { "texture": "#walkway", "uv": [ 0.0, 0.0, 1.0, 1.0 ] },
						"down": { "texture": "#walkway", "uv": [ 0.0, 0.0, 1.0, 1.0 ] }
					},
					"children": [
						{
							"name": "walkway1",
							"from": [ -0.01, 0.0, 0.0 ],
							"to": [ 1.51, 1.5, 11.35 ],
							"faces": {
								"north": { "texture": "#walkway", "uv": [ 16.0, 28.0, 20.0, 32.0 ], "autoUv": false },
								"east": { "texture": "#walkway", "uv": [ 3.0, 0.0, 6.0, 16.0 ], "rotation": 90, "autoUv": false },
								"west": { "texture": "#walkway", "uv": [ 2.0, 0.0, 5.0, 16.0 ], "rotation": 270, "autoUv": false },
								"up": { "texture": "#walkway", "uv": [ 0.0, 0.0, 3.0, 16.0 ], "autoUv": false },
								"down": { "texture": "#walkway", "uv": [ 5.0, 0.0, 8.0, 16.0 ], "autoUv": false }
							},
							"children": [
								{
									"name": "walkway1.1",
									"from": [ 0.0, 0.0, 11.35 ],
									"to": [ 1.5, 1.5, 22.74 ],
									"faces": {
										"east": { "texture": "#walkway", "uv": [ 0.0, 8.0, 3.0, 24.0 ], "rotation": 90, "autoUv": false },
										"south": { "texture": "#walkway", "uv": [ 16.0, 28.0, 20.0, 32.0 ], "autoUv": false },
										"west": { "texture": "#walkway", "uv": [ 0.0, 8.0, 3.0, 24.0 ], "rotation": 270, "autoUv": false },
										"up": { "texture": "#walkway", "uv": [ 0.0, 8.0, 3.0, 24.0 ], "autoUv": false },
										"down": { "texture": "#walkway", "uv": [ 0.0, 8.0, 3.0, 24.0 ], "autoUv": false }
									}
								}
							]
						},
						{
							"name": "walkway2",
							"from": [ 2.057, 0.0, 0.0 ],
							"to": [ 3.557, 1.5, 11.35 ],
							"rotationOrigin": [ 2.0, 0.0, 0.0 ],
							"faces": {
								"north": { "texture": "#walkway", "uv": [ 16.0, 28.0, 20.0, 32.0 ], "autoUv": false },
								"east": { "texture": "#walkway", "uv": [ 0.0, 1.0, 3.0, 17.0 ], "rotation": 90, "autoUv": false },
								"west": { "texture": "#walkway", "uv": [ 0.0, 1.0, 3.0, 17.0 ], "rotation": 270, "autoUv": false },
								"up": { "texture": "#walkway", "uv": [ 0.0, 1.0, 3.0, 17.0 ], "autoUv": false },
								"down": { "texture": "#walkway", "uv": [ 0.0, 1.0, 3.0, 17.0 ], "autoUv": false }
							},
							"children": [
								{
									"name": "walkway2.1",
									"from": [ 0.0, 0.0, 11.35 ],
									"to": [ 1.5, 1.5, 22.74 ],
									"faces": {
										"east": { "texture": "#walkway", "uv": [ 0.0, 12.0, 16.0, 15.0 ], "autoUv": false },
										"south": { "texture": "#walkway", "uv": [ 16.0, 28.0, 20.0, 32.0 ], "autoUv": false },
										"west": { "texture": "#walkway", "uv": [ 0.0, 12.0, 16.0, 15.0 ], "autoUv": false },
										"up": { "texture": "#walkway", "uv": [ 0.0, 12.0, 16.0, 15.0 ], "rotation": 90, "autoUv": false },
										"down": { "texture": "#walkway", "uv": [ 0.0, 12.0, 16.0, 15.0 ], "rotation": 90, "autoUv": false }
									}
								}
							]
						},
						{
							"name": "walkway3",
							"from": [ 4.12, 0.0, 0.0 ],
							"to": [ 5.62, 1.5, 11.35 ],
							"rotationOrigin": [ 2.0, 0.0, 0.0 ],
							"faces": {
								"north": { "texture": "#walkway", "uv": [ 16.0, 28.0, 20.0, 32.0 ], "autoUv": false },
								"east": { "texture": "#walkway", "uv": [ 0.0, 1.0, 16.0, 4.0 ], "autoUv": false },
								"west": { "texture": "#walkway", "uv": [ 0.0, 1.0, 16.0, 4.0 ], "autoUv": false },
								"up": { "texture": "#walkway", "uv": [ 0.0, 1.0, 16.0, 4.0 ], "rotation": 90, "autoUv": false },
								"down": { "texture": "#walkway", "uv": [ 0.0, 1.0, 16.0, 4.0 ], "rotation": 90, "autoUv": false }
							},
							"children": [
								{
									"name": "walkway3.1",
									"from": [ 0.0, 0.0, 11.35 ],
									"to": [ 1.5, 1.5, 22.74 ],
									"faces": {
										"east": { "texture": "#walkway", "uv": [ 0.0, 9.0, 16.0, 12.0 ], "autoUv": false },
										"south": { "texture": "#walkway", "uv": [ 16.0, 28.0, 20.0, 32.0 ], "autoUv": false },
										"west": { "texture": "#walkway", "uv": [ 0.0, 9.0, 16.0, 12.0 ], "autoUv": false },
										"up": { "texture": "#walkway", "uv": [ 0.0, 9.0, 16.0, 12.0 ], "rotation": 270, "autoUv": false },
										"down": { "texture": "#walkway", "uv": [ 0.0, 9.0, 16.0, 12.0 ], "rotation": 90, "autoUv": false }
									}
								}
							]
						},
						{
							"name": "walkway4",
							"from": [ 6.18, 0.0, 0.0 ],
							"to": [ 7.68, 1.5, 11.35 ],
							"rotationOrigin": [ 2.0, 0.0, 0.0 ],
							"faces": {
								"north": { "texture": "#walkway", "uv": [ 16.0, 28.0, 20.0, 32.0 ], "autoUv": false },
								"east": { "texture": "#walkway", "uv": [ 0.0, 8.0, 3.0, 24.0 ], "rotation": 270, "autoUv": false },
								"west": { "texture": "#walkway", "uv": [ 0.0, 8.0, 3.0, 24.0 ], "rotation": 90, "autoUv": false },
								"up": { "texture": "#walkway", "uv": [ 0.0, 8.0, 3.0, 24.0 ], "rotation": 180, "autoUv": false },
								"down": { "texture": "#walkway", "uv": [ 0.0, 8.0, 3.0, 24.0 ], "rotation": 180, "autoUv": false }
							},
							"children": [
								{
									"name": "walkway4.1",
									"from": [ 0.0, 0.0, 11.35 ],
									"to": [ 1.5, 1.5, 22.74 ],
									"faces": {
										"east": { "texture": "#walkway", "uv": [ 0.0, 0.0, 3.0, 16.0 ], "rotation": 90, "autoUv": false },
										"south": { "texture": "#walkway", "uv": [ 16.0, 28.0, 20.0, 32.0 ], "autoUv": false },
										"west": { "texture": "#walkway", "uv": [ 0.0, 0.0, 3.0, 16.0 ], "rotation": 270, "autoUv": false },
										"up": { "texture": "#walkway", "uv": [ 0.0, 0.0, 3.0, 16.0 ], "rotation": 180, "autoUv": false },
										"down": { "texture": "#walkway", "uv": [ 0.0, 0.0, 3.0, 16.0 ], "rotation": 180, "autoUv": false }
									}
								}
							]
						},
						{
							"name": "walkway5",
							"from": [ 8.24, 0.0, 0.0 ],
							"to": [ 9.74, 1.5, 11.35 ],
							"rotationOrigin": [ 2.0, 0.0, 0.0 ],
							"faces": {
								"north": { "texture": "#walkway", "uv": [ 16.0, 28.0, 20.0, 32.0 ], "autoUv": false },
								"east": { "texture": "#walkway", "uv": [ 0.0, 5.0, 3.0, 21.0 ], "rotation": 90, "autoUv": false },
								"west": { "texture": "#walkway", "uv": [ 0.0, 5.0, 3.0, 21.0 ], "rotation": 270, "autoUv": false },
								"up": { "texture": "#walkway", "uv": [ 0.0, 5.0, 3.0, 21.0 ], "autoUv": false },
								"down": { "texture": "#walkway", "uv": [ 0.0, 5.0, 3.0, 21.0 ], "autoUv": false }
							},
							"children": [
								{
									"name": "walkway5.1",
									"from": [ 0.0, 0.0, 11.35 ],
									"to": [ 1.5, 1.5, 22.74 ],
									"faces": {
										"east": { "texture": "#walkway", "uv": [ 0.0, 12.0, 16.0, 15.0 ], "rotation": 180, "autoUv": false },
										"south": { "texture": "#walkway", "uv": [ 16.0, 28.0, 20.0, 32.0 ], "autoUv": false },
										"west": { "texture": "#walkway", "uv": [ 0.0, 12.0, 16.0, 15.0 ], "autoUv": false },
										"up": { "texture": "#walkway", "uv": [ 0.0, 12.0, 16.0, 15.0 ], "rotation": 90, "autoUv": false },
										"down": { "texture": "#walkway", "uv": [ 0.0, 12.0, 16.0, 15.0 ], "rotation": 90, "autoUv": false }
									}
								}
							]
						},
						{
							"name": "walkway6",
							"from": [ 10.3, 0.0, 0.0 ],
							"to": [ 11.8, 1.5, 11.35 ],
							"rotationOrigin": [ 2.0, 0.0, 0.0 ],
							"faces": {
								"north": { "texture": "#walkway", "uv": [ 16.0, 28.0, 20.0, 32.0 ], "autoUv": false },
								"east": { "texture": "#walkway", "uv": [ 0.0, 12.0, 16.0, 15.0 ], "autoUv": false },
								"west": { "texture": "#walkway", "uv": [ 0.0, 12.0, 16.0, 15.0 ], "autoUv": false },
								"up": { "texture": "#walkway", "uv": [ 0.0, 12.0, 16.0, 15.0 ], "rotation": 90, "autoUv": false },
								"down": { "texture": "#walkway", "uv": [ 0.0, 12.0, 16.0, 15.0 ], "rotation": 90, "autoUv": false }
							},
							"children": [
								{
									"name": "walkway6.1",
									"from": [ 0.0, 0.0, 11.35 ],
									"to": [ 1.5, 1.5, 22.74 ],
									"faces": {
										"east": { "texture": "#walkway", "uv": [ 0.0, 6.0, 16.0, 9.0 ], "autoUv": false },
										"south": { "texture": "#walkway", "uv": [ 16.0, 28.0, 20.0, 32.0 ], "autoUv": false },
										"west": { "texture": "#walkway", "uv": [ 0.0, 6.0, 16.0, 9.0 ], "autoUv": false },
										"up": { "texture": "#walkway", "uv": [ 0.0, 6.0, 16.0, 9.0 ], "rotation": 270, "autoUv": false },
										"down": { "texture": "#walkway", "uv": [ 0.0, 6.0, 16.0, 9.0 ], "rotation": 90, "autoUv": false }
									}
								}
							]
						},
						{
							"name": "walkway7",
							"from": [ 12.36, 0.0, 0.0 ],
							"to": [ 13.86, 1.5, 11.35 ],
							"rotationOrigin": [ 2.0, 0.0, 0.0 ],
							"faces": {
								"north": { "texture": "#walkway", "uv": [ 16.0, 28.0, 20.0, 32.0 ], "autoUv": false },
								"east": { "texture": "#walkway", "uv": [ 0.0, 12.0, 16.0, 15.0 ], "autoUv": false },
								"west": { "texture": "#walkway", "uv": [ 0.0, 12.0, 16.0, 15.0 ], "autoUv": false },
								"up": { "texture": "#walkway", "uv": [ 0.0, 12.0, 16.0, 15.0 ], "rotation": 90, "autoUv": false },
								"down": { "texture": "#walkway", "uv": [ 0.0, 12.0, 16.0, 15.0 ], "rotation": 90, "autoUv": false }
							},
							"children": [
								{
									"name": "walkway7.1",
									"from": [ 0.0, 0.0, 11.35 ],
									"to": [ 1.5, 1.5, 22.74 ],
									"faces": {
										"east": { "texture": "#walkway", "uv": [ 3.0, 4.0, 6.0, 20.0 ], "rotation": 90, "autoUv": false },
										"south": { "texture": "#walkway", "uv": [ 16.0, 28.0, 20.0, 32.0 ], "autoUv": false },
										"west": { "texture": "#walkway", "uv": [ 3.0, 4.0, 6.0, 20.0 ], "rotation": 270, "autoUv": false },
										"up": { "texture": "#walkway", "uv": [ 3.0, 4.0, 6.0, 20.0 ], "autoUv": false },
										"down": { "texture": "#walkway", "uv": [ 3.0, 4.0, 6.0, 20.0 ], "autoUv": false }
									}
								}
							]
						},
						{
							"name": "walkway8",
							"from": [ 14.49, 0.0, 0.0 ],
							"to": [ 16.01, 1.5, 11.35 ],
							"rotationOrigin": [ 2.0, 0.0, 0.0 ],
							"faces": {
								"north": { "texture": "#walkway", "uv": [ 16.0, 28.0, 20.0, 32.0 ], "rotation": 180, "autoUv": false },
								"east": { "texture": "#walkway", "uv": [ 0.0, 8.0, 16.0, 11.0 ], "rotation": 180, "autoUv": false },
								"west": { "texture": "#walkway", "uv": [ 0.0, 5.0, 16.0, 8.0 ], "rotation": 180, "autoUv": false },
								"up": { "texture": "#walkway", "uv": [ 0.0, 2.0, 16.0, 5.0 ], "rotation": 270, "autoUv": false },
								"down": { "texture": "#walkway", "uv": [ 0.0, 10.0, 16.0, 13.0 ], "rotation": 90, "autoUv": false }
							},
							"children": [
								{
									"name": "walkway8.1",
									"from": [ 0.0, 0.0, 11.35 ],
									"to": [ 1.5, 1.5, 22.74 ],
									"faces": {
										"east": { "texture": "#walkway", "uv": [ 0.0, 22.0, 16.0, 25.0 ], "autoUv": false },
										"south": { "texture": "#walkway", "uv": [ 16.0, 28.0, 20.0, 32.0 ], "autoUv": false },
										"west": { "texture": "#walkway", "uv": [ 0.0, 25.0, 16.0, 28.0 ], "rotation": 180, "autoUv": false },
										"up": { "texture": "#walkway", "uv": [ 0.0, 28.0, 16.0, 31.0 ], "rotation": 90, "autoUv": false },
										"down": { "texture": "#walkway", "uv": [ 0.0, 19.0, 16.0, 22.0 ], "rotation": 90, "autoUv": false }
									}
								}
							]
						}
					]
				},
				{
					"name": "support",
					"from": [ -1.0, -0.8, 3.25 ],
					"to": [ -1.0, -0.8, 3.25 ],
					"rotationOrigin": [ -1.0, -0.8, 3.25 ],
					"faces": {
						"north": { "texture": "#walkway", "uv": [ 0.0, 0.0, 1.0, 1.0 ] },
						"east": { "texture": "#walkway", "uv": [ 0.0, 0.0, 1.0, 1.0 ] },
						"south": { "texture": "#walkway", "uv": [ 0.0, 0.0, 1.0, 1.0 ] },
						"west": { "texture": "#walkway", "uv": [ 0.0, 0.0, 1.0, 1.0 ] },
						"up": { "texture": "#walkway", "uv": [ 0.0, 0.0, 1.0, 1.0 ] },
						"down": { "texture": "#walkway", "uv": [ 0.0, 0.0, 1.0, 1.0 ] }
					},
					"children": [
						{
							"name": "support1",
							"from": [ 0.0, 0.05, 0.0 ],
							"to": [ 9.0, 3.05, 3.0 ],
							"rotationOrigin": [ 0.0, 0.05, 0.0 ],
							"faces": {
								"north": { "texture": "#support", "uv": [ 0.0, 1.0, 3.0, 10.0 ], "rotation": 270 },
								"south": { "texture": "#support", "uv": [ 0.0, 1.0, 3.0, 10.0 ], "rotation": 90 },
								"west": { "texture": "#support", "uv": [ 8.0, 11.0, 11.0, 14.0 ] },
								"up": { "texture": "#support", "uv": [ 0.0, 1.0, 3.0, 10.0 ], "rotation": 90 },
								"down": { "texture": "#support", "uv": [ 0.0, 1.0, 3.0, 10.0 ], "rotation": 270 }
							},
							"children": [
								{
									"name": "support1.1",
									"from": [ 9.0, 0.0, 0.0 ],
									"to": [ 18.0, 3.0, 3.0 ],
									"rotationOrigin": [ 10.5, 0.0, 0.0 ],
									"faces": {
										"north": { "texture": "#support", "uv": [ 1.5, 6.5, 4.5, 15.5 ], "rotation": 270 },
										"east": { "texture": "#support", "uv": [ 13.0, 11.0, 16.0, 14.0 ] },
										"south": { "texture": "#support", "uv": [ 1.5, 6.5, 4.5, 15.5 ], "rotation": 90 },
										"up": { "texture": "#support", "uv": [ 1.5, 6.5, 4.5, 15.5 ], "rotation": 90 },
										"down": { "texture": "#support", "uv": [ 2.0, 6.5, 5.0, 15.5 ], "rotation": 270 }
									}
								}
							]
						},
						{
							"name": "support2",
							"from": [ 0.0, 7.85, 7.8 ],
							"to": [ 9.0, 10.85, 10.8 ],
							"rotationOrigin": [ 0.0, 7.85, 7.8 ],
							"faces": {
								"north": { "texture": "#support", "uv": [ 0.0, 1.0, 3.0, 10.0 ], "rotation": 270 },
								"south": { "texture": "#support", "uv": [ 0.0, 1.0, 3.0, 10.0 ], "rotation": 90 },
								"west": { "texture": "#support", "uv": [ 13.0, 11.0, 16.0, 14.0 ] },
								"up": { "texture": "#support", "uv": [ 0.0, 1.0, 3.0, 10.0 ], "rotation": 90 },
								"down": { "texture": "#support", "uv": [ 0.0, 1.0, 3.0, 10.0 ], "rotation": 270 }
							},
							"children": [
								{
									"name": "support2.1",
									"from": [ 9.0, 0.0, 0.0 ],
									"to": [ 18.0, 3.0, 3.0 ],
									"rotationOrigin": [ 10.5, 0.0, 0.0 ],
									"faces": {
										"north": { "texture": "#support", "uv": [ 1.5, 6.5, 4.5, 15.5 ], "rotation": 270 },
										"east": { "texture": "#support", "uv": [ 10.5, 11.0, 13.5, 14.0 ] },
										"south": { "texture": "#support", "uv": [ 1.5, 6.5, 4.5, 15.5 ], "rotation": 90 },
										"up": { "texture": "#support", "uv": [ 1.5, 6.5, 4.5, 15.5 ], "rotation": 90 },
										"down": { "texture": "#support", "uv": [ 2.0, 6.5, 5.0, 15.5 ], "rotation": 270 }
									}
								}
							]
						}
					]
				},
				{
					"name": "snow1",
					"from": [ -15.99, 2.25, 6.25 ],
					"to": [ -0.01, 2.35, 9.25 ],
					"rotationOrigin": [ 0.0, 2.25, 6.25 ],
					"rotationX": -180.0,
					"rotationZ": 180.0,
					"faces": {
						"north": { "texture": "#snowcover", "uv": [ 0.0, 0.0, 15.5, 0.5 ] },
						"east": { "texture": "#snowcover", "uv": [ 0.0, 0.0, 3.0, 0.5 ] },
						"south": { "texture": "#snowcover", "uv": [ 0.0, 0.0, 15.5, 0.5 ] },
						"west": { "texture": "#snowcover", "uv": [ 0.0, 0.0, 3.0, 0.5 ] },
						"up": { "texture": "#snowcover", "uv": [ 0.0, 0.0, 15.5, 3.0 ], "rotation": 180 }
					},
					"children": [
						{
							"name": "snow1.1",
							"from": [ -1.01, 0.0, 0.0 ],
							"to": [ -0.01, 0.3, 3.0 ],
							"faces": {
								"north": { "texture": "#snowcover", "uv": [ 0.0, 0.0, 1.0, 0.5 ] },
								"east": { "texture": "#snowcover", "uv": [ 0.0, 0.0, 3.0, 0.5 ] },
								"south": { "texture": "#snowcover", "uv": [ 0.0, 0.0, 1.0, 0.5 ] },
								"west": { "texture": "#snowcover", "uv": [ 0.0, 0.0, 3.0, 0.5 ] },
								"up": { "texture": "#snowcover", "uv": [ 0.0, 0.0, 1.0, 3.0 ], "rotation": 180 }
							}
						},
						{
							"name": "snow1.2",
							"from": [ 1.5, 0.0, 0.0 ],
							"to": [ 2.13, 0.3, 3.0 ],
							"rotationOrigin": [ 1.5, 0.0, 0.0 ],
							"faces": {
								"north": { "texture": "#snowcover", "uv": [ 0.0, 0.0, 0.5, 0.5 ] },
								"east": { "texture": "#snowcover", "uv": [ 0.0, 0.0, 3.0, 0.5 ] },
								"south": { "texture": "#snowcover", "uv": [ 0.0, 0.0, 0.5, 0.5 ] },
								"west": { "texture": "#snowcover", "uv": [ 0.0, 0.0, 3.0, 0.5 ] },
								"up": { "texture": "#snowcover", "uv": [ 0.0, 0.0, 0.5, 3.0 ], "rotation": 180 }
							}
						},
						{
							"name": "snow1.3",
							"from": [ 3.63, 0.0, 0.0 ],
							"to": [ 4.19, 0.3, 3.0 ],
							"rotationOrigin": [ 3.63, 0.0, 0.0 ],
							"faces": {
								"north": { "texture": "#snowcover", "uv": [ 0.0, 0.0, 0.5, 0.5 ] },
								"east": { "texture": "#snowcover", "uv": [ 0.0, 0.0, 3.0, 0.5 ] },
								"south": { "texture": "#snowcover", "uv": [ 0.0, 0.0, 0.5, 0.5 ] },
								"west": { "texture": "#snowcover", "uv": [ 0.0, 0.0, 3.0, 0.5 ] },
								"up": { "texture": "#snowcover", "uv": [ 0.0, 0.0, 0.5, 3.0 ], "rotation": 180 }
							}
						},
						{
							"name": "snow1.4",
							"from": [ 5.69, 0.0, 0.0 ],
							"to": [ 6.25, 0.3, 3.0 ],
							"rotationOrigin": [ 5.69, 0.0, 0.0 ],
							"faces": {
								"north": { "texture": "#snowcover", "uv": [ 0.0, 0.0, 0.5, 0.5 ] },
								"east": { "texture": "#snowcover", "uv": [ 0.0, 0.0, 3.0, 0.5 ] },
								"south": { "texture": "#snowcover", "uv": [ 0.0, 0.0, 0.5, 0.5 ] },
								"west": { "texture": "#snowcover", "uv": [ 0.0, 0.0, 3.0, 0.5 ] },
								"up": { "texture": "#snowcover", "uv": [ 0.0, 0.0, 0.5, 3.0 ], "rotation": 180 }
							}
						},
						{
							"name": "snow1.5",
							"from": [ 7.75, 0.0, 0.0 ],
							"to": [ 8.31, 0.3, 3.0 ],
							"rotationOrigin": [ 7.75, 0.0, 0.0 ],
							"faces": {
								"north": { "texture": "#snowcover", "uv": [ 0.0, 0.0, 0.5, 0.5 ] },
								"east": { "texture": "#snowcover", "uv": [ 0.0, 0.0, 3.0, 0.5 ] },
								"south": { "texture": "#snowcover", "uv": [ 0.0, 0.0, 0.5, 0.5 ] },
								"west": { "texture": "#snowcover", "uv": [ 0.0, 0.0, 3.0, 0.5 ] },
								"up": { "texture": "#snowcover", "uv": [ 0.0, 0.0, 0.5, 3.0 ], "rotation": 180 }
							}
						},
						{
							"name": "snow1.6",
							"from": [ 9.81, 0.0, 0.0 ],
							"to": [ 10.37, 0.3, 3.0 ],
							"rotationOrigin": [ 9.81, 0.0, 0.0 ],
							"faces": {
								"north": { "texture": "#snowcover", "uv": [ 0.0, 0.0, 0.5, 0.5 ] },
								"east": { "texture": "#snowcover", "uv": [ 0.0, 0.0, 3.0, 0.5 ] },
								"south": { "texture": "#snowcover", "uv": [ 0.0, 0.0, 0.5, 0.5 ] },
								"west": { "texture": "#snowcover", "uv": [ 0.0, 0.0, 3.0, 0.5 ] },
								"up": { "texture": "#snowcover", "uv": [ 0.0, 0.0, 0.5, 3.0 ], "rotation": 180 }
							}
						},
						{
							"name": "snow1.7",
							"from": [ 11.87, 0.0, 0.0 ],
							"to": [ 12.43, 0.3, 3.0 ],
							"rotationOrigin": [ 11.87, 0.0, 0.0 ],
							"faces": {
								"north": { "texture": "#snowcover", "uv": [ 0.0, 0.0, 0.5, 0.5 ] },
								"east": { "texture": "#snowcover", "uv": [ 0.0, 0.0, 3.0, 0.5 ] },
								"south": { "texture": "#snowcover", "uv": [ 0.0, 0.0, 0.5, 0.5 ] },
								"west": { "texture": "#snowcover", "uv": [ 0.0, 0.0, 3.0, 0.5 ] },
								"up": { "texture": "#snowcover", "uv": [ 0.0, 0.0, 0.5, 3.0 ], "rotation": 180 }
							}
						},
						{
							"name": "snow1.8",
							"from": [ 13.93, 0.0, 0.0 ],
							"to": [ 14.48, 0.3, 3.0 ],
							"rotationOrigin": [ 13.93, 0.0, 0.0 ],
							"faces": {
								"north": { "texture": "#snowcover", "uv": [ 0.0, 0.0, 0.5, 0.5 ] },
								"east": { "texture": "#snowcover", "uv": [ 0.0, 0.0, 3.0, 0.5 ] },
								"south": { "texture": "#snowcover", "uv": [ 0.0, 0.0, 0.5, 0.5 ] },
								"west": { "texture": "#snowcover", "uv": [ 0.0, 0.0, 3.0, 0.5 ] },
								"up": { "texture": "#snowcover", "uv": [ 0.0, 0.0, 0.5, 3.0 ], "rotation": 180 }
							}
						},
						{
							"name": "snow1.9",
							"from": [ 15.98, 0.0, 0.0 ],
							"to": [ 16.99, 0.3, 3.0 ],
							"rotationOrigin": [ 15.98, 0.0, 0.0 ],
							"faces": {
								"north": { "texture": "#snowcover", "uv": [ 0.0, 0.0, 1.0, 0.5 ] },
								"east": { "texture": "#snowcover", "uv": [ 0.0, 0.0, 3.0, 0.5 ] },
								"south": { "texture": "#snowcover", "uv": [ 0.0, 0.0, 1.0, 0.5 ] },
								"west": { "texture": "#snowcover", "uv": [ 0.0, 0.0, 3.0, 0.5 ] },
								"up": { "texture": "#snowcover", "uv": [ 0.0, 0.0, 1.0, 3.0 ], "rotation": 180 }
							}
						},
						{
							"name": "snow2",
							"from": [ 0.0, 7.8, -7.8 ],
							"to": [ 15.98, 7.9, -4.8 ],
							"rotationOrigin": [ 15.99, 7.8, -7.8 ],
							"faces": {
								"north": { "texture": "#snowcover", "uv": [ 0.0, 0.0, 15.5, 0.5 ] },
								"east": { "texture": "#snowcover", "uv": [ 0.0, 0.0, 3.0, 0.5 ] },
								"south": { "texture": "#snowcover", "uv": [ 0.0, 0.0, 15.5, 0.5 ] },
								"west": { "texture": "#snowcover", "uv": [ 0.0, 0.0, 3.0, 0.5 ] },
								"up": { "texture": "#snowcover", "uv": [ 0.0, 0.0, 15.5, 3.0 ], "rotation": 180 }
							},
							"children": [
								{
									"name": "snow2.1",
									"from": [ -1.01, 0.0, 0.0 ],
									"to": [ -0.01, 0.3, 3.0 ],
									"faces": {
										"north": { "texture": "#snowcover", "uv": [ 0.0, 0.0, 1.0, 0.5 ] },
										"east": { "texture": "#snowcover", "uv": [ 0.0, 0.0, 3.0, 0.5 ] },
										"south": { "texture": "#snowcover", "uv": [ 0.0, 0.0, 1.0, 0.5 ] },
										"west": { "texture": "#snowcover", "uv": [ 0.0, 0.0, 3.0, 0.5 ] },
										"up": { "texture": "#snowcover", "uv": [ 0.0, 0.0, 1.0, 3.0 ], "rotation": 180 }
									}
								},
								{
									"name": "snow2.2",
									"from": [ 1.5, 0.0, 0.0 ],
									"to": [ 2.13, 0.3, 3.0 ],
									"rotationOrigin": [ 1.5, 0.0, 0.0 ],
									"faces": {
										"north": { "texture": "#snowcover", "uv": [ 0.0, 0.0, 0.5, 0.5 ] },
										"east": { "texture": "#snowcover", "uv": [ 0.0, 0.0, 3.0, 0.5 ] },
										"south": { "texture": "#snowcover", "uv": [ 0.0, 0.0, 0.5, 0.5 ] },
										"west": { "texture": "#snowcover", "uv": [ 0.0, 0.0, 3.0, 0.5 ] },
										"up": { "texture": "#snowcover", "uv": [ 0.0, 0.0, 0.5, 3.0 ], "rotation": 180 }
									}
								},
								{
									"name": "snow2.3",
									"from": [ 3.63, 0.0, 0.0 ],
									"to": [ 4.19, 0.3, 3.0 ],
									"rotationOrigin": [ 3.63, 0.0, 0.0 ],
									"faces": {
										"north": { "texture": "#snowcover", "uv": [ 0.0, 0.0, 0.5, 0.5 ] },
										"east": { "texture": "#snowcover", "uv": [ 0.0, 0.0, 3.0, 0.5 ] },
										"south": { "texture": "#snowcover", "uv": [ 0.0, 0.0, 0.5, 0.5 ] },
										"west": { "texture": "#snowcover", "uv": [ 0.0, 0.0, 3.0, 0.5 ] },
										"up": { "texture": "#snowcover", "uv": [ 0.0, 0.0, 0.5, 3.0 ], "rotation": 180 }
									}
								},
								{
									"name": "snow2.4",
									"from": [ 5.69, 0.0, 0.0 ],
									"to": [ 6.25, 0.3, 3.0 ],
									"rotationOrigin": [ 5.69, 0.0, 0.0 ],
									"faces": {
										"north": { "texture": "#snowcover", "uv": [ 0.0, 0.0, 0.5, 0.5 ] },
										"east": { "texture": "#snowcover", "uv": [ 0.0, 0.0, 3.0, 0.5 ] },
										"south": { "texture": "#snowcover", "uv": [ 0.0, 0.0, 0.5, 0.5 ] },
										"west": { "texture": "#snowcover", "uv": [ 0.0, 0.0, 3.0, 0.5 ] },
										"up": { "texture": "#snowcover", "uv": [ 0.0, 0.0, 0.5, 3.0 ], "rotation": 180 }
									}
								},
								{
									"name": "snow2.5",
									"from": [ 7.75, 0.0, 0.0 ],
									"to": [ 8.31, 0.3, 3.0 ],
									"rotationOrigin": [ 7.75, 0.0, 0.0 ],
									"faces": {
										"north": { "texture": "#snowcover", "uv": [ 0.0, 0.0, 0.5, 0.5 ] },
										"east": { "texture": "#snowcover", "uv": [ 0.0, 0.0, 3.0, 0.5 ] },
										"south": { "texture": "#snowcover", "uv": [ 0.0, 0.0, 0.5, 0.5 ] },
										"west": { "texture": "#snowcover", "uv": [ 0.0, 0.0, 3.0, 0.5 ] },
										"up": { "texture": "#snowcover", "uv": [ 0.0, 0.0, 0.5, 3.0 ], "rotation": 180 }
									}
								},
								{
									"name": "snow2.6",
									"from": [ 9.81, 0.0, 0.0 ],
									"to": [ 10.37, 0.3, 3.0 ],
									"rotationOrigin": [ 9.81, 0.0, 0.0 ],
									"faces": {
										"north": { "texture": "#snowcover", "uv": [ 0.0, 0.0, 0.5, 0.5 ] },
										"east": { "texture": "#snowcover", "uv": [ 0.0, 0.0, 3.0, 0.5 ] },
										"south": { "texture": "#snowcover", "uv": [ 0.0, 0.0, 0.5, 0.5 ] },
										"west": { "texture": "#snowcover", "uv": [ 0.0, 0.0, 3.0, 0.5 ] },
										"up": { "texture": "#snowcover", "uv": [ 0.0, 0.0, 0.5, 3.0 ], "rotation": 180 }
									}
								},
								{
									"name": "snow2.7",
									"from": [ 11.87, 0.0, 0.0 ],
									"to": [ 12.43, 0.3, 3.0 ],
									"rotationOrigin": [ 11.87, 0.0, 0.0 ],
									"faces": {
										"north": { "texture": "#snowcover", "uv": [ 0.0, 0.0, 0.5, 0.5 ] },
										"east": { "texture": "#snowcover", "uv": [ 0.0, 0.0, 3.0, 0.5 ] },
										"south": { "texture": "#snowcover", "uv": [ 0.0, 0.0, 0.5, 0.5 ] },
										"west": { "texture": "#snowcover", "uv": [ 0.0, 0.0, 3.0, 0.5 ] },
										"up": { "texture": "#snowcover", "uv": [ 0.0, 0.0, 0.5, 3.0 ], "rotation": 180 }
									}
								},
								{
									"name": "snow2.8",
									"from": [ 13.93, 0.0, 0.0 ],
									"to": [ 14.48, 0.3, 3.0 ],
									"rotationOrigin": [ 13.93, 0.0, 0.0 ],
									"faces": {
										"north": { "texture": "#snowcover", "uv": [ 0.0, 0.0, 0.5, 0.5 ] },
										"east": { "texture": "#snowcover", "uv": [ 0.0, 0.0, 3.0, 0.5 ] },
										"south": { "texture": "#snowcover", "uv": [ 0.0, 0.0, 0.5, 0.5 ] },
										"west": { "texture": "#snowcover", "uv": [ 0.0, 0.0, 3.0, 0.5 ] },
										"up": { "texture": "#snowcover", "uv": [ 0.0, 0.0, 0.5, 3.0 ], "rotation": 180 }
									}
								},
								{
									"name": "snow2.9",
									"from": [ 15.98, 0.0, 0.0 ],
									"to": [ 16.99, 0.3, 3.0 ],
									"rotationOrigin": [ 15.98, 0.0, 0.0 ],
									"faces": {
										"north": { "texture": "#snowcover", "uv": [ 0.0, 0.0, 1.0, 0.5 ] },
										"east": { "texture": "#snowcover", "uv": [ 0.0, 0.0, 3.0, 0.5 ] },
										"south": { "texture": "#snowcover", "uv": [ 0.0, 0.0, 1.0, 0.5 ] },
										"west": { "texture": "#snowcover", "uv": [ 0.0, 0.0, 3.0, 0.5 ] },
										"up": { "texture": "#snowcover", "uv": [ 0.0, 0.0, 1.0, 3.0 ], "rotation": 180 }
									}
								}
							]
						}
					]
				},
				{
					"name": "snow4",
					"from": [ 0.0, -0.25, 0.0 ],
					"to": [ 16.0, 0.75, 1.25 ],
					"rotationOrigin": [ 0.0, -8.0, -16.0 ],
					"faces": {
						"north": { "texture": "#snowcover", "uv": [ 0.0, 0.0, 16.0, 1.0 ], "enabled": false },
						"east": { "texture": "#snowcover", "uv": [ 0.0, 0.0, 1.0, 1.0 ], "enabled": false },
						"west": { "texture": "#snowcover", "uv": [ 0.0, 0.0, 1.0, 1.0 ], "enabled": false },
						"down": { "texture": "#snowcover", "uv": [ 0.0, 0.0, 16.0, 1.0 ], "enabled": false }
					},
					"children": [
						{
							"name": "snow5",
							"from": [ 0.0, 1.0, 0.0 ],
							"to": [ 16.0, 1.5, 3.05 ],
							"rotationOrigin": [ 0.0, -6.75, -16.0 ],
							"faces": {
								"north": { "texture": "#snowcover", "uv": [ 0.0, 0.0, 16.0, 0.5 ], "enabled": false },
								"east": { "texture": "#snowcover", "uv": [ 0.0, 0.0, 3.0, 0.5 ], "enabled": false },
								"west": { "texture": "#snowcover", "uv": [ 0.0, 0.0, 3.0, 0.5 ], "enabled": false }
							},
							"children": [
								{
									"name": "snow6",
									"from": [ 0.0, 0.5, 0.0 ],
									"to": [ 16.0, 1.25, 3.25 ],
									"rotationOrigin": [ 0.0, -6.75, -16.0 ],
									"faces": {
										"north": { "texture": "#snowcover", "uv": [ 0.0, 0.0, 16.0, 0.5 ], "enabled": false },
										"east": { "texture": "#snowcover", "uv": [ 0.0, 0.0, 3.0, 0.5 ], "enabled": false },
										"west": { "texture": "#snowcover", "uv": [ 0.0, 0.0, 3.0, 0.5 ], "enabled": false },
										"up": { "texture": "#snowcover", "uv": [ 0.0, 0.0, 16.0, 3.0 ], "rotation": 180, "enabled": false }
									}
								}
							]
						}
					]
				}
			]
		}
	]}