{
	"code": "algae",
  "maxstacksize": 64,
  "variantgroups": [
    {
      "code": "type",
      "states": ["fiber"]
    }
  ],
  "attributes": {
    "onshelfTransform": {
      "rotation": { "x": 0, "y": 0, "z": 0 },
      "origin": { "x": 0.51, "y": 0, "z": 0.5 },
	  "scale": 0.84
    },
    "displaycaseable": true,
    "shelvable": true
  },
  "shapeByType": {
    "*-fiber": { "base": "pemmican:item/algae/algae-fibers" },
  },
  "creativeinventory": {
    "general": ["*"],
    "items": ["*"],
    "Long-term food": ["*"]
  },
  "materialDensity": 600,
  	"guiTransform": {
		"translation": { "x": 1.5, "y": -4, "z": 0 },
		"rotation": { "x": 137, "y": 131, "z": 0 },
		"origin": { "x": 0.5, "y": 0.2, "z": 0.5 },
		"scale": 2
	},
	"tpHandTransform": {
		"translation": { "x": -1.1, "y": -0.14, "z": -0.9 },
		"rotation": { "x": -87, "y": 7, "z": 32 },
		"origin": { "x": 0.5, "y": 0.1, "z": 0.5 },
		"scale": 0.5
	},
	"groundTransform": {
		"translation": { "x": 0, "y": 0, "z": 0 },
		"rotation": { "x": 0, "y": 0, "z": 0 },
		"origin": { "x": 0.5, "y": 0, "z": 0.5 },
		"scale": 3
	}
}