{
	"code": "sugargrind",
	"maxstacksize": 64,
	"variantgroups": [
		{ "code": "type", "states": ["sugarcane", "sugarbeet", "potato"] }
	],
	"attributesByType": {
		"*-sugarcane": {
			"displaycaseable": true,
			"shelvable": true,
			"onshelfTransform": {
			"rotation": { "x": 0, "y": 90, "z": 0 },
			"origin": { "x": 0.5, "y": 0, "z": 0.45 },
			"scale": 0.65
			},
			"foodTags": ["fruitmash"],
			"juiceableProperties": {
				"litresPerItem": 0.15625,
				"liquidStack": { "type": "item", "code": "pemmican:sugarjuice-cane", "stacksize": 1 },
				"pressedStack": { "type": "item", "code": "pemmican:pressedmash-{type}", "stacksize": 1 }
			}
		},
		"*-sugarbeet": {
			"displaycaseable": true,
			"shelvable": true,
			"onshelfTransform": {
			"rotation": { "x": 0, "y": 90, "z": 0 },
			"origin": { "x": 0.5, "y": 0, "z": 0.45 },
			"scale": 0.65
			},
			"foodTags": ["fruitmash"],
			"juiceableProperties": {
				"litresPerItem": 0.15625,
				"liquidStack": { "type": "item", "code": "pemmican:sugarjuice-beet", "stacksize": 1 },
				"pressedStack": { "type": "item", "code": "pemmican:pressedmash-{type}", "stacksize": 1 }
			}
		},
		"*-potato": {
			"displaycaseable": true,
			"shelvable": true,
			"onshelfTransform": {
			"rotation": { "x": 0, "y": 90, "z": 0 },
			"origin": { "x": 0.5, "y": 0, "z": 0.45 },
			"scale": 0.65
			},
			"foodTags": ["fruitmash"],
			"juiceableProperties": {
				"litresPerItem": 0.15625,
				"liquidStack": { "type": "item", "code": "pemmican:sugarjuice-potato", "stacksize": 1 },
				"pressedStack": { "type": "item", "code": "pemmican:pressedmash-{type}", "stacksize": 1 }
			}
		}
	},
	"shape": { "base": "pemmican:item/food/flour" },
	"texturesByType": {
		"*-sugarbeet": { "flour": { "base": "pemmican:resource/pressed-sugarbeet" } },
		"*-sugarcane": { "flour": { "base": "pemmican:resource/pressed-sugarcane" } },
		"*-potato": { "flour": { "base": "pemmican:resource/pressed-sugarbeet" } }
	},
	"creativeinventory": { "general": ["*"], "items": ["*"], "Long-term food": ["*"] },
	"materialDensity": 450,
	"transitionableProps": [{
		"type": "Perish",
		"freshHours": { "avg": 48 },
		"transitionHours": { "avg": 24 },
		"transitionedStack": { "type": "item", "code": "game:rot" },
		"transitionRatio": 1
	}],
	"nutritionPropsByType": {
		"*-sugarcane": {
			"saturation": 40,
			"foodcategory": "Fruit"
		},
		"*-sugarbeet": {
			"saturation": 20,
			"foodcategory": "Vegetable"
		},
		"*-potato": {
			"saturation": 20,
			"foodcategory": "Vegetable"
		}
	},
	"guiTransform": {
		"translation": { "x": 0, "y": 0, "z": -25 },
		"rotation": { "x": 171, "y": 57, "z": -20 },
		"origin": { "x": 0.46, "y": 0.08, "z": 0.48 },
		"scale": 2.75
	},
	"fpHandTransform": {
		"translation": { "x": 0.1, "y": 0.16, "z": 0 },
		"rotation": { "x": 37, "y": 77, "z": 2 },
		"origin": { "x": 0.5, "y": 0.1, "z": 0.5 },
		"scale": 1.95
	},
	"tpHandTransform": {
		"translation": { "x": -0.04, "y": -0.6, "z": -0.8 },
		"rotation": { "x": 119, "y": -7, "z": -72 },
		"origin": { "x": -0.1, "y": 0.32, "z": 0.82 },
		"scale": 0.48
	},
	"groundTransform": {
		"translation": { "x": 0, "y": 0, "z": 0 },
		"rotation": { "x": 0, "y": 0, "z": 0 },
		"origin": { "x": 0.5, "y": 0, "z": 0.5 },
		"scale": 3
	},
	"heldRightReadyAnimationByType": {
		"*": "holdbothhands"
	},
	"heldTpIdleAnimationByType": {
		"*": "holdbothhands"
    }
}
