[
	{
		"id": "plantoil-flax",
		"treatmentStatTag": "oil",
		"dryingHours": 24,
		"isLiquid": true,
		"litersUsed": 0.1
	},
	{
		"id": "plantoil-walnut",
		"treatmentStatTag": "oil",
		"dryingHours": 24,
		"isLiquid": true,
		"litersUsed": 0.1
	},
	{
		"id": "woodfinish-flax",
		"treatmentStatTag": "oil",
		"dryingHours": 24,
		"isLiquid": true,
		"litersUsed": 0.05
	},
	{
		"id": "woodfinish-walnut",
		"treatmentStatTag": "oil",
		"dryingHours": 24,
		"isLiquid": true,
		"litersUsed": 0.05
	}
]