{
	"editor": {
	},
	"textureWidth": 16,
	"textureHeight": 16,
	"textureSizes": {
	},
	"textures": {
		"candle": "game:block/candle",
		"stone": "game:block/stone/polishedrock-old/inside/andesite"
	},
	"elements": [
		{
			"name": "Origin",
			"from": [ 0.0, 0.0, 0.0 ],
			"to": [ 0.0, 0.0, 0.0 ],
			"shade": false,
			"rotationOrigin": [ 8.0, 0.0, 8.0 ],
			"faces": {
			},
			"children": [
				{
					"name": "Ashi",
					"from": [ 0.0, 0.0, 0.0 ],
					"to": [ 0.0, 0.0, 0.0 ],
					"shade": false,
					"faces": {
					},
					"children": [
						{
							"name": "Foot1",
							"from": [ 2.0, 0.0, 2.0 ],
							"to": [ 2.0, 0.0, 2.0 ],
							"shade": false,
							"rotationOrigin": [ 2.0, 0.0, 2.0 ],
							"faces": {
							},
							"children": [
								{
									"name": "Cube2",
									"from": [ 0.0, 0.0, 0.0 ],
									"to": [ 2.0, 2.0, 2.0 ],
									"rotationOrigin": [ 1.0, 0.0, 1.0 ],
									"faces": {
										"north": { "texture": "#stone", "uv": [ 3.5, 11.5, 5.5, 13.5 ] },
										"east": { "texture": "#stone", "uv": [ 9.5, 1.5, 11.5, 3.5 ] },
										"south": { "texture": "#stone", "uv": [ 4.5, 7.5, 6.5, 9.5 ] },
										"west": { "texture": "#stone", "uv": [ 12.0, 4.5, 14.0, 6.5 ] },
										"up": { "texture": "#stone", "uv": [ 12.5, 5.5, 14.5, 7.5 ] },
										"down": { "texture": "#stone", "uv": [ 13.5, 10.5, 15.5, 12.5 ] }
									}
								},
								{
									"name": "Cube3",
									"from": [ -0.03, 1.8, -0.03 ],
									"to": [ 1.99, 3.4, 1.99 ],
									"rotationOrigin": [ 1.0, 1.8, 1.0 ],
									"rotationX": 5.0,
									"rotationY": -1.0,
									"rotationZ": -5.0,
									"faces": {
										"north": { "texture": "#stone", "uv": [ 1.0, 1.5, 3.0, 3.0 ] },
										"east": { "texture": "#stone", "uv": [ 6.5, 6.0, 8.5, 7.5 ] },
										"south": { "texture": "#stone", "uv": [ 7.0, 4.5, 9.0, 6.0 ] },
										"west": { "texture": "#stone", "uv": [ 12.5, 2.5, 14.5, 4.0 ] },
										"up": { "texture": "#stone", "uv": [ 4.0, 7.5, 6.0, 9.5 ] },
										"down": { "texture": "#stone", "uv": [ 2.0, 0.0, 4.0, 2.0 ] }
									}
								},
								{
									"name": "Cube4",
									"from": [ 0.08, 3.2, 0.08 ],
									"to": [ 2.1, 4.5, 2.1 ],
									"rotationOrigin": [ 1.1, 3.2, 1.1 ],
									"rotationX": 10.0,
									"rotationY": -2.0,
									"rotationZ": -10.0,
									"faces": {
										"north": { "texture": "#stone", "uv": [ 7.0, 8.5, 9.0, 9.5 ] },
										"east": { "texture": "#stone", "uv": [ 5.5, 6.5, 7.5, 7.5 ] },
										"south": { "texture": "#stone", "uv": [ 8.5, 11.5, 10.5, 12.5 ] },
										"west": { "texture": "#stone", "uv": [ 7.5, 6.5, 9.5, 7.5 ] },
										"up": { "texture": "#stone", "uv": [ 5.5, 10.5, 7.5, 12.5 ] },
										"down": { "texture": "#stone", "uv": [ 13.5, 5.0, 15.5, 7.0 ] }
									}
								},
								{
									"name": "Cube5",
									"from": [ 0.24, 4.3, 0.24 ],
									"to": [ 2.34, 5.3, 2.34 ],
									"rotationOrigin": [ 1.2, 4.3, 1.2 ],
									"rotationX": 17.0,
									"rotationY": -3.0,
									"rotationZ": -17.0,
									"faces": {
										"north": { "texture": "#stone", "uv": [ 12.5, 8.5, 14.5, 9.5 ] },
										"east": { "texture": "#stone", "uv": [ 10.5, 4.0, 12.5, 5.0 ] },
										"south": { "texture": "#stone", "uv": [ 1.5, 8.5, 3.5, 9.5 ] },
										"west": { "texture": "#stone", "uv": [ 3.0, 0.0, 5.0, 1.0 ] },
										"up": { "texture": "#stone", "uv": [ 5.0, 12.5, 7.0, 14.5 ] },
										"down": { "texture": "#stone", "uv": [ 2.0, 7.0, 4.0, 9.0 ] }
									}
								},
								{
									"name": "Cube6",
									"from": [ 0.42, 5.0, 0.42 ],
									"to": [ 2.56, 5.8, 2.56 ],
									"rotationOrigin": [ 1.4, 5.0, 1.4 ],
									"rotationX": 22.0,
									"rotationY": -4.0,
									"rotationZ": -22.0,
									"faces": {
										"north": { "texture": "#stone", "uv": [ 10.5, 8.0, 12.5, 8.5 ] },
										"east": { "texture": "#stone", "uv": [ 10.5, 1.5, 12.5, 2.0 ] },
										"south": { "texture": "#stone", "uv": [ 0.0, 12.0, 2.0, 12.5 ] },
										"west": { "texture": "#stone", "uv": [ 7.0, 1.5, 9.0, 2.0 ] },
										"up": { "texture": "#stone", "uv": [ 2.0, 0.5, 4.0, 2.5 ] },
										"down": { "texture": "#stone", "uv": [ 5.0, 6.0, 7.0, 8.0 ] }
									}
								},
								{
									"name": "Cube7",
									"from": [ 0.6, 5.5, 0.6 ],
									"to": [ 2.76, 6.13, 2.76 ],
									"rotationOrigin": [ 1.6, 5.5, 1.6 ],
									"rotationX": 28.0,
									"rotationY": -5.0,
									"rotationZ": -28.0,
									"faces": {
										"north": { "texture": "#stone", "uv": [ 13.0, 3.5, 15.0, 4.0 ] },
										"east": { "texture": "#stone", "uv": [ 11.5, 13.5, 13.5, 14.0 ] },
										"south": { "texture": "#stone", "uv": [ 0.0, 13.5, 2.0, 14.0 ] },
										"west": { "texture": "#stone", "uv": [ 2.5, 15.0, 4.5, 15.5 ] },
										"up": { "texture": "#stone", "uv": [ 13.5, 13.5, 15.5, 15.5 ] },
										"down": { "texture": "#stone", "uv": [ 2.5, 1.0, 4.5, 3.0 ] }
									}
								},
								{
									"name": "Cube8",
									"from": [ 0.8, 5.89, 0.8 ],
									"to": [ 2.96, 6.71, 2.96 ],
									"rotationOrigin": [ 1.8, 5.9, 1.8 ],
									"rotationX": 32.0,
									"rotationY": -7.0,
									"rotationZ": -32.0,
									"faces": {
										"north": { "texture": "#stone", "uv": [ 11.5, 6.0, 13.5, 6.5 ] },
										"east": { "texture": "#stone", "uv": [ 6.5, 7.5, 8.5, 8.0 ] },
										"south": { "texture": "#stone", "uv": [ 0.0, 5.5, 2.0, 6.0 ] },
										"west": { "texture": "#stone", "uv": [ 4.5, 14.5, 6.5, 15.0 ] },
										"up": { "texture": "#stone", "uv": [ 0.5, 5.0, 2.5, 7.0 ] },
										"down": { "texture": "#stone", "uv": [ 6.5, 4.5, 8.5, 6.5 ] }
									}
								},
								{
									"name": "Cube9",
									"from": [ 1.1, 6.4, 1.1 ],
									"to": [ 3.26, 7.3, 3.26 ],
									"rotationOrigin": [ 2.1, 6.4, 2.1 ],
									"rotationX": 36.0,
									"rotationY": -11.0,
									"rotationZ": -36.0,
									"faces": {
										"north": { "texture": "#stone", "uv": [ 2.0, 5.0, 4.0, 5.5 ] },
										"east": { "texture": "#stone", "uv": [ 2.5, 13.5, 4.5, 14.0 ] },
										"south": { "texture": "#stone", "uv": [ 3.0, 8.0, 5.0, 8.5 ] },
										"west": { "texture": "#stone", "uv": [ 12.5, 8.0, 14.5, 8.5 ] },
										"up": { "texture": "#stone", "uv": [ 5.0, 1.5, 7.0, 3.5 ] },
										"down": { "texture": "#stone", "uv": [ 6.5, 2.5, 8.5, 4.5 ] }
									}
								},
								{
									"name": "Cube10",
									"from": [ 1.41, 6.8, 1.41 ],
									"to": [ 3.57, 7.8, 3.57 ],
									"rotationOrigin": [ 2.4, 6.8, 2.4 ],
									"rotationX": 42.0,
									"rotationY": -14.0,
									"rotationZ": -42.0,
									"faces": {
										"north": { "texture": "#stone", "uv": [ 1.0, 12.0, 3.0, 13.0 ] },
										"east": { "texture": "#stone", "uv": [ 13.0, 12.5, 15.0, 13.5 ] },
										"south": { "texture": "#stone", "uv": [ 8.0, 3.5, 10.0, 4.5 ] },
										"west": { "texture": "#stone", "uv": [ 8.0, 4.5, 10.0, 5.5 ] },
										"up": { "texture": "#stone", "uv": [ 5.0, 0.0, 7.0, 2.0 ] },
										"down": { "texture": "#stone", "uv": [ 9.0, 12.0, 11.0, 14.0 ] }
									}
								}
							]
						},
						{
							"name": "Foot2",
							"from": [ 2.0, 0.0, 14.0 ],
							"to": [ 2.0, 0.0, 14.0 ],
							"shade": false,
							"rotationOrigin": [ 2.0, 0.0, 14.0 ],
							"rotationY": 90.0,
							"faces": {
							},
							"children": [
								{
									"name": "Cube12",
									"from": [ 0.0, 0.0, 0.0 ],
									"to": [ 2.0, 2.0, 2.0 ],
									"rotationOrigin": [ 1.0, 0.0, 1.0 ],
									"faces": {
										"north": { "texture": "#stone", "uv": [ 7.0, 12.5, 9.0, 14.5 ] },
										"east": { "texture": "#stone", "uv": [ 10.0, 6.0, 12.0, 8.0 ] },
										"south": { "texture": "#stone", "uv": [ 9.5, 11.5, 11.5, 13.5 ] },
										"west": { "texture": "#stone", "uv": [ 4.0, 13.5, 6.0, 15.5 ] },
										"up": { "texture": "#stone", "uv": [ 3.5, 11.5, 5.5, 13.5 ] },
										"down": { "texture": "#stone", "uv": [ 9.5, 3.0, 11.5, 5.0 ] }
									}
								},
								{
									"name": "Cube13",
									"from": [ -0.03, 1.8, -0.03 ],
									"to": [ 1.99, 3.4, 1.99 ],
									"rotationOrigin": [ 1.0, 1.8, 1.0 ],
									"rotationX": 5.0,
									"rotationY": -1.0,
									"rotationZ": -5.0,
									"faces": {
										"north": { "texture": "#stone", "uv": [ 12.0, 8.0, 14.0, 9.5 ] },
										"east": { "texture": "#stone", "uv": [ 11.0, 1.0, 13.0, 2.5 ] },
										"south": { "texture": "#stone", "uv": [ 1.5, 9.0, 3.5, 10.5 ] },
										"west": { "texture": "#stone", "uv": [ 8.0, 11.5, 10.0, 13.0 ] },
										"up": { "texture": "#stone", "uv": [ 7.5, 7.5, 9.5, 9.5 ] },
										"down": { "texture": "#stone", "uv": [ 4.5, 11.5, 6.5, 13.5 ] }
									}
								},
								{
									"name": "Cube14",
									"from": [ 0.08, 3.2, 0.08 ],
									"to": [ 2.1, 4.5, 2.1 ],
									"rotationOrigin": [ 1.1, 3.2, 1.1 ],
									"rotationX": 10.0,
									"rotationY": -2.0,
									"rotationZ": -10.0,
									"faces": {
										"north": { "texture": "#stone", "uv": [ 10.0, 14.5, 12.0, 15.5 ] },
										"east": { "texture": "#stone", "uv": [ 1.5, 0.5, 3.5, 1.5 ] },
										"south": { "texture": "#stone", "uv": [ 1.5, 13.5, 3.5, 14.5 ] },
										"west": { "texture": "#stone", "uv": [ 3.0, 3.5, 5.0, 4.5 ] },
										"up": { "texture": "#stone", "uv": [ 6.5, 2.0, 8.5, 4.0 ] },
										"down": { "texture": "#stone", "uv": [ 3.0, 13.0, 5.0, 15.0 ] }
									}
								},
								{
									"name": "Cube15",
									"from": [ 0.24, 4.3, 0.24 ],
									"to": [ 2.34, 5.3, 2.34 ],
									"rotationOrigin": [ 1.2, 4.3, 1.2 ],
									"rotationX": 17.0,
									"rotationY": -3.0,
									"rotationZ": -17.0,
									"faces": {
										"north": { "texture": "#stone", "uv": [ 12.0, 3.0, 14.0, 4.0 ] },
										"east": { "texture": "#stone", "uv": [ 1.0, 2.0, 3.0, 3.0 ] },
										"south": { "texture": "#stone", "uv": [ 2.5, 11.0, 4.5, 12.0 ] },
										"west": { "texture": "#stone", "uv": [ 10.5, 10.5, 12.5, 11.5 ] },
										"up": { "texture": "#stone", "uv": [ 7.0, 1.0, 9.0, 3.0 ] },
										"down": { "texture": "#stone", "uv": [ 12.0, 10.5, 14.0, 12.5 ] }
									}
								},
								{
									"name": "Cube16",
									"from": [ 0.42, 5.0, 0.42 ],
									"to": [ 2.56, 5.8, 2.56 ],
									"rotationOrigin": [ 1.4, 5.0, 1.4 ],
									"rotationX": 22.0,
									"rotationY": -4.0,
									"rotationZ": -22.0,
									"faces": {
										"north": { "texture": "#stone", "uv": [ 10.5, 4.5, 12.5, 5.0 ] },
										"east": { "texture": "#stone", "uv": [ 3.0, 13.5, 5.0, 14.0 ] },
										"south": { "texture": "#stone", "uv": [ 10.5, 5.5, 12.5, 6.0 ] },
										"west": { "texture": "#stone", "uv": [ 5.5, 0.0, 7.5, 0.5 ] },
										"up": { "texture": "#stone", "uv": [ 6.0, 9.0, 8.0, 11.0 ] },
										"down": { "texture": "#stone", "uv": [ 7.5, 4.5, 9.5, 6.5 ] }
									}
								},
								{
									"name": "Cube17",
									"from": [ 0.6, 5.5, 0.6 ],
									"to": [ 2.76, 6.13, 2.76 ],
									"rotationOrigin": [ 1.6, 5.5, 1.6 ],
									"rotationX": 28.0,
									"rotationY": -5.0,
									"rotationZ": -28.0,
									"faces": {
										"north": { "texture": "#stone", "uv": [ 8.5, 14.5, 10.5, 15.0 ] },
										"east": { "texture": "#stone", "uv": [ 4.5, 15.0, 6.5, 15.5 ] },
										"south": { "texture": "#stone", "uv": [ 8.5, 2.0, 10.5, 2.5 ] },
										"west": { "texture": "#stone", "uv": [ 2.5, 4.5, 4.5, 5.0 ] },
										"up": { "texture": "#stone", "uv": [ 10.5, 12.0, 12.5, 14.0 ] },
										"down": { "texture": "#stone", "uv": [ 12.5, 3.0, 14.5, 5.0 ] }
									}
								},
								{
									"name": "Cube18",
									"from": [ 0.8, 5.89, 0.8 ],
									"to": [ 2.96, 6.71, 2.96 ],
									"rotationOrigin": [ 1.8, 5.9, 1.8 ],
									"rotationX": 32.0,
									"rotationY": -7.0,
									"rotationZ": -32.0,
									"faces": {
										"north": { "texture": "#stone", "uv": [ 11.5, 6.0, 13.5, 6.5 ] },
										"east": { "texture": "#stone", "uv": [ 12.5, 0.0, 14.5, 0.5 ] },
										"south": { "texture": "#stone", "uv": [ 12.0, 12.0, 14.0, 12.5 ] },
										"west": { "texture": "#stone", "uv": [ 9.5, 10.5, 11.5, 11.0 ] },
										"up": { "texture": "#stone", "uv": [ 9.5, 2.0, 11.5, 4.0 ] },
										"down": { "texture": "#stone", "uv": [ 5.0, 8.0, 7.0, 10.0 ] }
									}
								},
								{
									"name": "Cube19",
									"from": [ 1.1, 6.4, 1.1 ],
									"to": [ 3.26, 7.3, 3.26 ],
									"rotationOrigin": [ 2.1, 6.4, 2.1 ],
									"rotationX": 36.0,
									"rotationY": -11.0,
									"rotationZ": -36.0,
									"faces": {
										"north": { "texture": "#stone", "uv": [ 13.5, 8.0, 15.5, 8.5 ] },
										"east": { "texture": "#stone", "uv": [ 0.5, 13.0, 2.5, 13.5 ] },
										"south": { "texture": "#stone", "uv": [ 0.5, 5.0, 2.5, 5.5 ] },
										"west": { "texture": "#stone", "uv": [ 4.5, 10.0, 6.5, 10.5 ] },
										"up": { "texture": "#stone", "uv": [ 11.0, 4.5, 13.0, 6.5 ] },
										"down": { "texture": "#stone", "uv": [ 1.0, 10.0, 3.0, 12.0 ] }
									}
								},
								{
									"name": "Cube20",
									"from": [ 1.41, 6.8, 1.41 ],
									"to": [ 3.57, 7.8, 3.57 ],
									"rotationOrigin": [ 2.4, 6.8, 2.4 ],
									"rotationX": 42.0,
									"rotationY": -14.0,
									"rotationZ": -42.0,
									"faces": {
										"north": { "texture": "#stone", "uv": [ 12.0, 0.5, 14.0, 1.5 ] },
										"east": { "texture": "#stone", "uv": [ 8.5, 3.5, 10.5, 4.5 ] },
										"south": { "texture": "#stone", "uv": [ 10.0, 8.5, 12.0, 9.5 ] },
										"west": { "texture": "#stone", "uv": [ 6.5, 11.5, 8.5, 12.5 ] },
										"up": { "texture": "#stone", "uv": [ 12.0, 11.0, 14.0, 13.0 ] },
										"down": { "texture": "#stone", "uv": [ 8.0, 11.5, 10.0, 13.5 ] }
									}
								}
							]
						},
						{
							"name": "Foot3",
							"from": [ 14.0, 0.0, 2.0 ],
							"to": [ 14.0, 0.0, 2.0 ],
							"shade": false,
							"rotationOrigin": [ 14.0, 0.0, 2.0 ],
							"rotationY": -90.0,
							"faces": {
							},
							"children": [
								{
									"name": "Cube22",
									"from": [ 0.0, 0.0, 0.0 ],
									"to": [ 2.0, 2.0, 2.0 ],
									"rotationOrigin": [ 1.0, 0.0, 1.0 ],
									"faces": {
										"north": { "texture": "#stone", "uv": [ 6.5, 6.5, 8.5, 8.5 ] },
										"east": { "texture": "#stone", "uv": [ 5.0, 7.0, 7.0, 9.0 ] },
										"south": { "texture": "#stone", "uv": [ 1.5, 0.0, 3.5, 2.0 ] },
										"west": { "texture": "#stone", "uv": [ 4.5, 10.0, 6.5, 12.0 ] },
										"up": { "texture": "#stone", "uv": [ 11.5, 8.5, 13.5, 10.5 ] },
										"down": { "texture": "#stone", "uv": [ 2.0, 10.0, 4.0, 12.0 ] }
									}
								},
								{
									"name": "Cube23",
									"from": [ -0.03, 1.8, -0.03 ],
									"to": [ 1.99, 3.4, 1.99 ],
									"rotationOrigin": [ 1.0, 1.8, 1.0 ],
									"rotationX": 5.0,
									"rotationY": -1.0,
									"rotationZ": -5.0,
									"faces": {
										"north": { "texture": "#stone", "uv": [ 8.5, 8.0, 10.5, 9.5 ] },
										"east": { "texture": "#stone", "uv": [ 7.0, 9.5, 9.0, 11.0 ] },
										"south": { "texture": "#stone", "uv": [ 12.5, 7.5, 14.5, 9.0 ] },
										"west": { "texture": "#stone", "uv": [ 9.0, 3.5, 11.0, 5.0 ] },
										"up": { "texture": "#stone", "uv": [ 10.0, 6.0, 12.0, 8.0 ] },
										"down": { "texture": "#stone", "uv": [ 2.0, 6.0, 4.0, 8.0 ] }
									}
								},
								{
									"name": "Cube24",
									"from": [ 0.08, 3.2, 0.08 ],
									"to": [ 2.1, 4.5, 2.1 ],
									"rotationOrigin": [ 1.1, 3.2, 1.1 ],
									"rotationX": 10.0,
									"rotationY": -2.0,
									"rotationZ": -10.0,
									"faces": {
										"north": { "texture": "#stone", "uv": [ 3.5, 0.5, 5.5, 1.5 ] },
										"east": { "texture": "#stone", "uv": [ 5.5, 10.5, 7.5, 11.5 ] },
										"south": { "texture": "#stone", "uv": [ 0.0, 12.0, 2.0, 13.0 ] },
										"west": { "texture": "#stone", "uv": [ 12.0, 12.0, 14.0, 13.0 ] },
										"up": { "texture": "#stone", "uv": [ 1.5, 4.0, 3.5, 6.0 ] },
										"down": { "texture": "#stone", "uv": [ 10.5, 3.5, 12.5, 5.5 ] }
									}
								},
								{
									"name": "Cube25",
									"from": [ 0.24, 4.3, 0.24 ],
									"to": [ 2.34, 5.3, 2.34 ],
									"rotationOrigin": [ 1.2, 4.3, 1.2 ],
									"rotationX": 17.0,
									"rotationY": -3.0,
									"rotationZ": -17.0,
									"faces": {
										"north": { "texture": "#stone", "uv": [ 2.5, 13.0, 4.5, 14.0 ] },
										"east": { "texture": "#stone", "uv": [ 6.0, 4.0, 8.0, 5.0 ] },
										"south": { "texture": "#stone", "uv": [ 5.0, 6.0, 7.0, 7.0 ] },
										"west": { "texture": "#stone", "uv": [ 0.5, 7.5, 2.5, 8.5 ] },
										"up": { "texture": "#stone", "uv": [ 2.0, 9.0, 4.0, 11.0 ] },
										"down": { "texture": "#stone", "uv": [ 6.5, 2.5, 8.5, 4.5 ] }
									}
								},
								{
									"name": "Cube26",
									"from": [ 0.42, 5.0, 0.42 ],
									"to": [ 2.56, 5.8, 2.56 ],
									"rotationOrigin": [ 1.4, 5.0, 1.4 ],
									"rotationX": 22.0,
									"rotationY": -4.0,
									"rotationZ": -22.0,
									"faces": {
										"north": { "texture": "#stone", "uv": [ 4.5, 9.0, 6.5, 9.5 ] },
										"east": { "texture": "#stone", "uv": [ 12.5, 7.5, 14.5, 8.0 ] },
										"south": { "texture": "#stone", "uv": [ 2.0, 9.5, 4.0, 10.0 ] },
										"west": { "texture": "#stone", "uv": [ 6.5, 11.0, 8.5, 11.5 ] },
										"up": { "texture": "#stone", "uv": [ 12.5, 13.0, 14.5, 15.0 ] },
										"down": { "texture": "#stone", "uv": [ 10.5, 13.0, 12.5, 15.0 ] }
									}
								},
								{
									"name": "Cube27",
									"from": [ 0.6, 5.5, 0.6 ],
									"to": [ 2.76, 6.13, 2.76 ],
									"rotationOrigin": [ 1.6, 5.5, 1.6 ],
									"rotationX": 28.0,
									"rotationY": -5.0,
									"rotationZ": -28.0,
									"faces": {
										"north": { "texture": "#stone", "uv": [ 2.0, 9.0, 4.0, 9.5 ] },
										"east": { "texture": "#stone", "uv": [ 13.5, 7.5, 15.5, 8.0 ] },
										"south": { "texture": "#stone", "uv": [ 5.5, 7.5, 7.5, 8.0 ] },
										"west": { "texture": "#stone", "uv": [ 9.0, 1.0, 11.0, 1.5 ] },
										"up": { "texture": "#stone", "uv": [ 12.0, 9.0, 14.0, 11.0 ] },
										"down": { "texture": "#stone", "uv": [ 13.0, 2.0, 15.0, 4.0 ] }
									}
								},
								{
									"name": "Cube28",
									"from": [ 0.8, 5.89, 0.8 ],
									"to": [ 2.96, 6.71, 2.96 ],
									"rotationOrigin": [ 1.8, 5.9, 1.8 ],
									"rotationX": 32.0,
									"rotationY": -7.0,
									"rotationZ": -32.0,
									"faces": {
										"north": { "texture": "#stone", "uv": [ 2.5, 7.5, 4.5, 8.0 ] },
										"east": { "texture": "#stone", "uv": [ 7.5, 0.5, 9.5, 1.0 ] },
										"south": { "texture": "#stone", "uv": [ 9.5, 0.0, 11.5, 0.5 ] },
										"west": { "texture": "#stone", "uv": [ 2.0, 9.5, 4.0, 10.0 ] },
										"up": { "texture": "#stone", "uv": [ 11.5, 11.5, 13.5, 13.5 ] },
										"down": { "texture": "#stone", "uv": [ 13.0, 13.5, 15.0, 15.5 ] }
									}
								},
								{
									"name": "Cube29",
									"from": [ 1.1, 6.4, 1.1 ],
									"to": [ 3.26, 7.3, 3.26 ],
									"rotationOrigin": [ 2.1, 6.4, 2.1 ],
									"rotationX": 36.0,
									"rotationY": -11.0,
									"rotationZ": -36.0,
									"faces": {
										"north": { "texture": "#stone", "uv": [ 13.0, 6.0, 15.0, 6.5 ] },
										"east": { "texture": "#stone", "uv": [ 12.0, 7.5, 14.0, 8.0 ] },
										"south": { "texture": "#stone", "uv": [ 4.0, 10.0, 6.0, 10.5 ] },
										"west": { "texture": "#stone", "uv": [ 9.5, 3.5, 11.5, 4.0 ] },
										"up": { "texture": "#stone", "uv": [ 2.0, 9.5, 4.0, 11.5 ] },
										"down": { "texture": "#stone", "uv": [ 13.0, 3.0, 15.0, 5.0 ] }
									}
								},
								{
									"name": "Cube30",
									"from": [ 1.41, 6.8, 1.41 ],
									"to": [ 3.57, 7.8, 3.57 ],
									"rotationOrigin": [ 2.4, 6.8, 2.4 ],
									"rotationX": 42.0,
									"rotationY": -14.0,
									"rotationZ": -42.0,
									"faces": {
										"north": { "texture": "#stone", "uv": [ 10.5, 7.0, 12.5, 8.0 ] },
										"east": { "texture": "#stone", "uv": [ 6.5, 12.0, 8.5, 13.0 ] },
										"south": { "texture": "#stone", "uv": [ 5.0, 4.0, 7.0, 5.0 ] },
										"west": { "texture": "#stone", "uv": [ 4.0, 10.0, 6.0, 11.0 ] },
										"up": { "texture": "#stone", "uv": [ 4.5, 10.5, 6.5, 12.5 ] },
										"down": { "texture": "#stone", "uv": [ 13.0, 4.0, 15.0, 6.0 ] }
									}
								}
							]
						},
						{
							"name": "Foot4",
							"from": [ 14.0, 0.0, 14.0 ],
							"to": [ 14.0, 0.0, 14.0 ],
							"shade": false,
							"rotationOrigin": [ 14.0, 0.0, 14.0 ],
							"rotationY": -180.0,
							"faces": {
							},
							"children": [
								{
									"name": "Cube32",
									"from": [ 0.0, 0.0, 0.0 ],
									"to": [ 2.0, 2.0, 2.0 ],
									"rotationOrigin": [ 1.0, 0.0, 1.0 ],
									"faces": {
										"north": { "texture": "#stone", "uv": [ 0.5, 10.5, 2.5, 12.5 ] },
										"east": { "texture": "#stone", "uv": [ 8.5, 3.0, 10.5, 5.0 ] },
										"south": { "texture": "#stone", "uv": [ 2.0, 2.0, 4.0, 4.0 ] },
										"west": { "texture": "#stone", "uv": [ 2.0, 12.0, 4.0, 14.0 ] },
										"up": { "texture": "#stone", "uv": [ 10.5, 10.0, 12.5, 12.0 ] },
										"down": { "texture": "#stone", "uv": [ 9.5, 6.0, 11.5, 8.0 ] }
									}
								},
								{
									"name": "Cube33",
									"from": [ -0.03, 1.8, -0.03 ],
									"to": [ 1.99, 3.4, 1.99 ],
									"rotationOrigin": [ 1.0, 1.8, 1.0 ],
									"rotationX": 5.0,
									"rotationY": -1.0,
									"rotationZ": -5.0,
									"faces": {
										"north": { "texture": "#stone", "uv": [ 11.5, 3.0, 13.5, 4.5 ] },
										"east": { "texture": "#stone", "uv": [ 2.5, 4.0, 4.5, 5.5 ] },
										"south": { "texture": "#stone", "uv": [ 12.5, 6.0, 14.5, 7.5 ] },
										"west": { "texture": "#stone", "uv": [ 12.0, 10.5, 14.0, 12.0 ] },
										"up": { "texture": "#stone", "uv": [ 4.5, 7.5, 6.5, 9.5 ] },
										"down": { "texture": "#stone", "uv": [ 1.0, 2.0, 3.0, 4.0 ] }
									}
								},
								{
									"name": "Cube34",
									"from": [ 0.08, 3.2, 0.08 ],
									"to": [ 2.1, 4.5, 2.1 ],
									"rotationOrigin": [ 1.1, 3.2, 1.1 ],
									"rotationX": 10.0,
									"rotationY": -2.0,
									"rotationZ": -10.0,
									"faces": {
										"north": { "texture": "#stone", "uv": [ 6.5, 14.0, 8.5, 15.0 ] },
										"east": { "texture": "#stone", "uv": [ 6.5, 13.0, 8.5, 14.0 ] },
										"south": { "texture": "#stone", "uv": [ 4.0, 13.0, 6.0, 14.0 ] },
										"west": { "texture": "#stone", "uv": [ 7.5, 1.0, 9.5, 2.0 ] },
										"up": { "texture": "#stone", "uv": [ 0.0, 5.5, 2.0, 7.5 ] },
										"down": { "texture": "#stone", "uv": [ 8.5, 12.0, 10.5, 14.0 ] }
									}
								},
								{
									"name": "Cube35",
									"from": [ 0.24, 4.3, 0.24 ],
									"to": [ 2.34, 5.3, 2.34 ],
									"rotationOrigin": [ 1.2, 4.3, 1.2 ],
									"rotationX": 17.0,
									"rotationY": -3.0,
									"rotationZ": -17.0,
									"faces": {
										"north": { "texture": "#stone", "uv": [ 1.0, 4.5, 3.0, 5.5 ] },
										"east": { "texture": "#stone", "uv": [ 12.0, 5.0, 14.0, 6.0 ] },
										"south": { "texture": "#stone", "uv": [ 8.0, 13.5, 10.0, 14.5 ] },
										"west": { "texture": "#stone", "uv": [ 12.5, 9.0, 14.5, 10.0 ] },
										"up": { "texture": "#stone", "uv": [ 3.0, 12.5, 5.0, 14.5 ] },
										"down": { "texture": "#stone", "uv": [ 13.0, 10.5, 15.0, 12.5 ] }
									}
								},
								{
									"name": "Cube36",
									"from": [ 0.42, 5.0, 0.42 ],
									"to": [ 2.56, 5.8, 2.56 ],
									"rotationOrigin": [ 1.4, 5.0, 1.4 ],
									"rotationX": 22.0,
									"rotationY": -4.0,
									"rotationZ": -22.0,
									"faces": {
										"north": { "texture": "#stone", "uv": [ 2.0, 10.0, 4.0, 10.5 ] },
										"east": { "texture": "#stone", "uv": [ 3.5, 5.0, 5.5, 5.5 ] },
										"south": { "texture": "#stone", "uv": [ 4.0, 4.0, 6.0, 4.5 ] },
										"west": { "texture": "#stone", "uv": [ 9.0, 0.0, 11.0, 0.5 ] },
										"up": { "texture": "#stone", "uv": [ 7.0, 3.0, 9.0, 5.0 ] },
										"down": { "texture": "#stone", "uv": [ 9.0, 11.0, 11.0, 13.0 ] }
									}
								},
								{
									"name": "Cube37",
									"from": [ 0.6, 5.5, 0.6 ],
									"to": [ 2.76, 6.13, 2.76 ],
									"rotationOrigin": [ 1.6, 5.5, 1.6 ],
									"rotationX": 28.0,
									"rotationY": -5.0,
									"rotationZ": -28.0,
									"faces": {
										"north": { "texture": "#stone", "uv": [ 10.0, 8.5, 12.0, 9.0 ] },
										"east": { "texture": "#stone", "uv": [ 5.0, 10.0, 7.0, 10.5 ] },
										"south": { "texture": "#stone", "uv": [ 4.0, 9.5, 6.0, 10.0 ] },
										"west": { "texture": "#stone", "uv": [ 0.5, 4.5, 2.5, 5.0 ] },
										"up": { "texture": "#stone", "uv": [ 8.0, 0.5, 10.0, 2.5 ] },
										"down": { "texture": "#stone", "uv": [ 12.0, 0.0, 14.0, 2.0 ] }
									}
								},
								{
									"name": "Cube38",
									"from": [ 0.8, 5.89, 0.8 ],
									"to": [ 2.96, 6.71, 2.96 ],
									"rotationOrigin": [ 1.8, 5.9, 1.8 ],
									"rotationX": 32.0,
									"rotationY": -7.0,
									"rotationZ": -32.0,
									"faces": {
										"north": { "texture": "#stone", "uv": [ 3.0, 13.5, 5.0, 14.0 ] },
										"east": { "texture": "#stone", "uv": [ 7.0, 8.0, 9.0, 8.5 ] },
										"south": { "texture": "#stone", "uv": [ 3.5, 7.0, 5.5, 7.5 ] },
										"west": { "texture": "#stone", "uv": [ 9.0, 9.0, 11.0, 9.5 ] },
										"up": { "texture": "#stone", "uv": [ 3.0, 3.0, 5.0, 5.0 ] },
										"down": { "texture": "#stone", "uv": [ 3.0, 8.0, 5.0, 10.0 ] }
									}
								},
								{
									"name": "Cube39",
									"from": [ 1.1, 6.4, 1.1 ],
									"to": [ 3.26, 7.3, 3.26 ],
									"rotationOrigin": [ 2.1, 6.4, 2.1 ],
									"rotationX": 36.0,
									"rotationY": -11.0,
									"rotationZ": -36.0,
									"faces": {
										"north": { "texture": "#stone", "uv": [ 10.5, 6.0, 12.5, 6.5 ] },
										"east": { "texture": "#stone", "uv": [ 8.0, 1.0, 10.0, 1.5 ] },
										"south": { "texture": "#stone", "uv": [ 10.0, 5.5, 12.0, 6.0 ] },
										"west": { "texture": "#stone", "uv": [ 10.0, 3.5, 12.0, 4.0 ] },
										"up": { "texture": "#stone", "uv": [ 2.5, 6.5, 4.5, 8.5 ] },
										"down": { "texture": "#stone", "uv": [ 6.0, 10.5, 8.0, 12.5 ] }
									}
								},
								{
									"name": "Cube40",
									"from": [ 1.41, 6.8, 1.41 ],
									"to": [ 3.57, 7.8, 3.57 ],
									"rotationOrigin": [ 2.4, 6.8, 2.4 ],
									"rotationX": 42.0,
									"rotationY": -14.0,
									"rotationZ": -42.0,
									"faces": {
										"north": { "texture": "#stone", "uv": [ 9.5, 1.0, 11.5, 2.0 ] },
										"east": { "texture": "#stone", "uv": [ 11.0, 9.0, 13.0, 10.0 ] },
										"south": { "texture": "#stone", "uv": [ 5.0, 5.0, 7.0, 6.0 ] },
										"west": { "texture": "#stone", "uv": [ 10.5, 14.0, 12.5, 15.0 ] },
										"up": { "texture": "#stone", "uv": [ 13.0, 11.5, 15.0, 13.5 ] },
										"down": { "texture": "#stone", "uv": [ 6.0, 9.0, 8.0, 11.0 ] }
									}
								}
							]
						},
						{
							"name": "BasePlate",
							"from": [ 2.5, 6.0, 2.5 ],
							"to": [ 13.5, 8.0, 13.5 ],
							"rotationOrigin": [ 2.5, 6.0, 2.5 ],
							"faces": {
								"north": { "texture": "#stone", "uv": [ 2.0, 13.0, 13.0, 15.0 ] },
								"east": { "texture": "#stone", "uv": [ 3.0, 0.0, 14.0, 2.0 ] },
								"south": { "texture": "#stone", "uv": [ 4.0, 1.5, 15.0, 3.5 ] },
								"west": { "texture": "#stone", "uv": [ 2.0, 10.0, 13.0, 12.0 ] },
								"up": { "texture": "#stone", "uv": [ 2.0, 0.5, 13.0, 11.5 ] },
								"down": { "texture": "#stone", "uv": [ 2.0, 2.5, 13.0, 13.5 ] }
							}
						}
					]
				},
				{
					"name": "Hibukuro",
					"from": [ 0.0, 0.0, 0.0 ],
					"to": [ 0.0, 0.0, 0.0 ],
					"shade": false,
					"faces": {
					},
					"children": [
						{
							"name": "Cube42",
							"from": [ 3.0, 8.0, 3.0 ],
							"to": [ 13.0, 9.0, 4.0 ],
							"rotationOrigin": [ 3.0, 8.0, 3.0 ],
							"faces": {
								"north": { "texture": "#stone", "uv": [ 3.0, 4.5, 13.0, 5.5 ] },
								"east": { "texture": "#stone", "uv": [ 11.5, 5.5, 12.5, 6.5 ] },
								"south": { "texture": "#stone", "uv": [ 2.5, 9.5, 12.5, 10.5 ] },
								"west": { "texture": "#stone", "uv": [ 12.5, 14.5, 13.5, 15.5 ] },
								"up": { "texture": "#stone", "uv": [ 5.0, 6.0, 15.0, 7.0 ] },
								"down": { "texture": "#stone", "uv": [ 0.5, 2.5, 10.5, 3.5 ] }
							}
						},
						{
							"name": "Cube43",
							"from": [ 3.0, 8.0, 12.0 ],
							"to": [ 13.0, 9.0, 13.0 ],
							"rotationOrigin": [ 3.0, 8.0, 12.0 ],
							"faces": {
								"north": { "texture": "#stone", "uv": [ 4.5, 12.5, 14.5, 13.5 ] },
								"east": { "texture": "#stone", "uv": [ 5.5, 14.0, 6.5, 15.0 ] },
								"south": { "texture": "#stone", "uv": [ 3.0, 13.0, 13.0, 14.0 ] },
								"west": { "texture": "#stone", "uv": [ 11.5, 9.5, 12.5, 10.5 ] },
								"up": { "texture": "#stone", "uv": [ 3.5, 1.5, 13.5, 2.5 ] },
								"down": { "texture": "#stone", "uv": [ 3.5, 0.5, 13.5, 1.5 ] }
							}
						},
						{
							"name": "Cube44",
							"from": [ 3.0, 8.0, 4.0 ],
							"to": [ 4.0, 9.0, 12.0 ],
							"rotationOrigin": [ 3.0, 8.0, 4.0 ],
							"faces": {
								"north": { "texture": "#stone", "uv": [ 13.0, 6.0, 14.0, 7.0 ] },
								"east": { "texture": "#stone", "uv": [ 3.0, 8.5, 11.0, 9.5 ] },
								"south": { "texture": "#stone", "uv": [ 8.5, 8.0, 9.5, 9.0 ] },
								"west": { "texture": "#stone", "uv": [ 2.0, 10.0, 10.0, 11.0 ] },
								"up": { "texture": "#stone", "uv": [ 3.5, 4.0, 4.5, 12.0 ] },
								"down": { "texture": "#stone", "uv": [ 11.0, 0.5, 12.0, 8.5 ] }
							}
						},
						{
							"name": "Cube45",
							"from": [ 12.0, 8.0, 4.0 ],
							"to": [ 13.0, 9.0, 12.0 ],
							"rotationOrigin": [ 12.0, 8.0, 4.0 ],
							"faces": {
								"north": { "texture": "#stone", "uv": [ 5.5, 12.5, 6.5, 13.5 ] },
								"east": { "texture": "#stone", "uv": [ 0.5, 2.0, 8.5, 3.0 ] },
								"south": { "texture": "#stone", "uv": [ 8.5, 9.5, 9.5, 10.5 ] },
								"west": { "texture": "#stone", "uv": [ 6.5, 14.5, 14.5, 15.5 ] },
								"up": { "texture": "#stone", "uv": [ 9.5, 2.0, 10.5, 10.0 ] },
								"down": { "texture": "#stone", "uv": [ 8.5, 3.0, 9.5, 11.0 ] }
							}
						},
						{
							"name": "Cube46",
							"from": [ 12.0, 9.0, 3.0 ],
							"to": [ 13.0, 13.4, 6.0 ],
							"rotationOrigin": [ 12.0, 9.0, 3.0 ],
							"faces": {
								"north": { "texture": "#stone", "uv": [ 7.5, 0.5, 8.5, 4.5 ] },
								"east": { "texture": "#stone", "uv": [ 3.5, 6.5, 6.5, 10.5 ] },
								"south": { "texture": "#stone", "uv": [ 1.0, 9.0, 2.0, 13.0 ] },
								"west": { "texture": "#stone", "uv": [ 11.5, 0.5, 14.5, 4.5 ] },
								"up": { "texture": "#stone", "uv": [ 1.5, 0.5, 2.5, 3.5 ] },
								"down": { "texture": "#stone", "uv": [ 6.0, 8.5, 7.0, 11.5 ] }
							}
						},
						{
							"name": "Cube47",
							"from": [ 12.0, 9.0, 10.0 ],
							"to": [ 13.0, 13.4, 13.0 ],
							"rotationOrigin": [ 12.0, 9.0, 10.0 ],
							"faces": {
								"north": { "texture": "#stone", "uv": [ 13.5, 2.0, 14.5, 6.0 ] },
								"east": { "texture": "#stone", "uv": [ 8.5, 0.5, 11.5, 4.5 ] },
								"south": { "texture": "#stone", "uv": [ 6.5, 2.0, 7.5, 6.0 ] },
								"west": { "texture": "#stone", "uv": [ 7.0, 8.0, 10.0, 12.0 ] },
								"up": { "texture": "#stone", "uv": [ 7.5, 8.0, 8.5, 11.0 ] },
								"down": { "texture": "#stone", "uv": [ 9.5, 8.0, 10.5, 11.0 ] }
							}
						},
						{
							"name": "Cube48",
							"from": [ 3.0, 9.0, 10.0 ],
							"to": [ 4.0, 13.4, 13.0 ],
							"rotationOrigin": [ 3.0, 9.0, 10.0 ],
							"faces": {
								"north": { "texture": "#stone", "uv": [ 11.0, 5.0, 12.0, 9.0 ] },
								"east": { "texture": "#stone", "uv": [ 8.5, 6.5, 11.5, 10.5 ] },
								"south": { "texture": "#stone", "uv": [ 7.5, 1.0, 8.5, 5.0 ] },
								"west": { "texture": "#stone", "uv": [ 1.5, 2.0, 4.5, 6.0 ] },
								"up": { "texture": "#stone", "uv": [ 4.0, 10.0, 5.0, 13.0 ] },
								"down": { "texture": "#stone", "uv": [ 13.5, 10.5, 14.5, 13.5 ] }
							}
						},
						{
							"name": "Cube49",
							"from": [ 3.0, 9.0, 3.0 ],
							"to": [ 4.0, 13.4, 6.0 ],
							"rotationOrigin": [ 3.0, 9.0, 3.0 ],
							"faces": {
								"north": { "texture": "#stone", "uv": [ 12.0, 3.0, 13.0, 7.0 ] },
								"east": { "texture": "#stone", "uv": [ 9.5, 7.0, 12.5, 11.0 ] },
								"south": { "texture": "#stone", "uv": [ 14.0, 4.5, 15.0, 8.5 ] },
								"west": { "texture": "#stone", "uv": [ 11.0, 6.5, 14.0, 10.5 ] },
								"up": { "texture": "#stone", "uv": [ 2.5, 8.5, 3.5, 11.5 ] },
								"down": { "texture": "#stone", "uv": [ 0.5, 5.0, 1.5, 8.0 ] }
							}
						},
						{
							"name": "Cube50",
							"from": [ 4.0, 9.0, 3.0 ],
							"to": [ 6.0, 13.4, 4.0 ],
							"rotationOrigin": [ 4.0, 9.0, 3.0 ],
							"faces": {
								"north": { "texture": "#stone", "uv": [ 2.5, 6.5, 4.5, 10.5 ] },
								"east": { "texture": "#stone", "uv": [ 0.0, 8.5, 1.0, 12.5 ] },
								"south": { "texture": "#stone", "uv": [ 5.0, 7.5, 7.0, 11.5 ] },
								"west": { "texture": "#stone", "uv": [ 12.0, 8.5, 13.0, 12.5 ] },
								"up": { "texture": "#stone", "uv": [ 4.5, 13.0, 6.5, 14.0 ] },
								"down": { "texture": "#stone", "uv": [ 10.5, 11.0, 12.5, 12.0 ] }
							}
						},
						{
							"name": "Cube51",
							"from": [ 10.0, 9.0, 3.0 ],
							"to": [ 12.0, 13.4, 4.0 ],
							"rotationOrigin": [ 10.0, 9.0, 3.0 ],
							"faces": {
								"north": { "texture": "#stone", "uv": [ 8.0, 11.5, 10.0, 15.5 ] },
								"east": { "texture": "#stone", "uv": [ 5.0, 10.0, 6.0, 14.0 ] },
								"south": { "texture": "#stone", "uv": [ 5.5, 9.0, 7.5, 13.0 ] },
								"west": { "texture": "#stone", "uv": [ 0.0, 2.5, 1.0, 6.5 ] },
								"up": { "texture": "#stone", "uv": [ 9.5, 7.0, 11.5, 8.0 ] },
								"down": { "texture": "#stone", "uv": [ 6.5, 13.0, 8.5, 14.0 ] }
							}
						},
						{
							"name": "Cube52",
							"from": [ 10.0, 9.0, 12.0 ],
							"to": [ 12.0, 13.4, 13.0 ],
							"rotationOrigin": [ 10.0, 9.0, 12.0 ],
							"faces": {
								"north": { "texture": "#stone", "uv": [ 5.5, 5.5, 7.5, 9.5 ] },
								"east": { "texture": "#stone", "uv": [ 9.5, 1.5, 10.5, 5.5 ] },
								"south": { "texture": "#stone", "uv": [ 10.0, 2.0, 12.0, 6.0 ] },
								"west": { "texture": "#stone", "uv": [ 3.0, 11.0, 4.0, 15.0 ] },
								"up": { "texture": "#stone", "uv": [ 5.5, 1.5, 7.5, 2.5 ] },
								"down": { "texture": "#stone", "uv": [ 1.0, 2.5, 3.0, 3.5 ] }
							}
						},
						{
							"name": "Cube53",
							"from": [ 4.0, 9.0, 12.0 ],
							"to": [ 6.0, 13.4, 13.0 ],
							"rotationOrigin": [ 4.0, 9.0, 12.0 ],
							"faces": {
								"north": { "texture": "#stone", "uv": [ 3.0, 6.0, 5.0, 10.0 ] },
								"east": { "texture": "#stone", "uv": [ 3.5, 9.5, 4.5, 13.5 ] },
								"south": { "texture": "#stone", "uv": [ 8.5, 0.5, 10.5, 4.5 ] },
								"west": { "texture": "#stone", "uv": [ 12.0, 0.5, 13.0, 4.5 ] },
								"up": { "texture": "#stone", "uv": [ 8.5, 0.0, 10.5, 1.0 ] },
								"down": { "texture": "#stone", "uv": [ 10.0, 3.5, 12.0, 4.5 ] }
							}
						},
						{
							"name": "Cube55",
							"from": [ 12.0, 12.4, 6.0 ],
							"to": [ 13.0, 13.4, 10.0 ],
							"rotationOrigin": [ 12.0, 12.4, 6.0 ],
							"faces": {
								"north": { "texture": "#stone", "uv": [ 5.5, 12.5, 6.5, 13.5 ] },
								"east": { "texture": "#stone", "uv": [ 0.5, 2.0, 4.5, 3.0 ] },
								"south": { "texture": "#stone", "uv": [ 8.5, 9.5, 9.5, 10.5 ] },
								"west": { "texture": "#stone", "uv": [ 6.5, 14.5, 10.5, 15.5 ] },
								"up": { "texture": "#stone", "uv": [ 9.5, 2.0, 10.5, 6.0 ] },
								"down": { "texture": "#stone", "uv": [ 8.5, 3.0, 9.5, 7.0 ] }
							}
						},
						{
							"name": "Cube56",
							"from": [ 3.0, 12.4, 6.0 ],
							"to": [ 4.0, 13.4, 10.0 ],
							"rotationOrigin": [ 3.0, 12.4, 6.0 ],
							"faces": {
								"north": { "texture": "#stone", "uv": [ 13.0, 6.0, 14.0, 7.0 ] },
								"east": { "texture": "#stone", "uv": [ 3.0, 8.5, 7.0, 9.5 ] },
								"south": { "texture": "#stone", "uv": [ 8.5, 8.0, 9.5, 9.0 ] },
								"west": { "texture": "#stone", "uv": [ 2.0, 10.0, 6.0, 11.0 ] },
								"up": { "texture": "#stone", "uv": [ 3.5, 4.0, 4.5, 8.0 ] },
								"down": { "texture": "#stone", "uv": [ 11.0, 0.5, 12.0, 4.5 ] }
							}
						},
						{
							"name": "Cube58",
							"from": [ 6.0, 12.4, 12.0 ],
							"to": [ 10.0, 13.4, 13.0 ],
							"rotationOrigin": [ 6.0, 12.4, 12.0 ],
							"faces": {
								"north": { "texture": "#stone", "uv": [ 4.5, 12.5, 8.5, 13.5 ] },
								"east": { "texture": "#stone", "uv": [ 5.5, 14.0, 6.5, 15.0 ] },
								"south": { "texture": "#stone", "uv": [ 3.0, 13.0, 7.0, 14.0 ] },
								"west": { "texture": "#stone", "uv": [ 11.5, 9.5, 12.5, 10.5 ] },
								"up": { "texture": "#stone", "uv": [ 3.5, 1.5, 7.5, 2.5 ] },
								"down": { "texture": "#stone", "uv": [ 3.5, 0.5, 7.5, 1.5 ] }
							}
						},
						{
							"name": "Cube59",
							"from": [ 6.0, 12.4, 3.0 ],
							"to": [ 10.0, 13.4, 4.0 ],
							"rotationOrigin": [ 6.0, 12.4, 3.0 ],
							"faces": {
								"north": { "texture": "#stone", "uv": [ 3.0, 4.5, 7.0, 5.5 ] },
								"east": { "texture": "#stone", "uv": [ 11.5, 5.5, 12.5, 6.5 ] },
								"south": { "texture": "#stone", "uv": [ 2.5, 9.5, 6.5, 10.5 ] },
								"west": { "texture": "#stone", "uv": [ 12.5, 14.5, 13.5, 15.5 ] },
								"up": { "texture": "#stone", "uv": [ 5.0, 6.0, 9.0, 7.0 ] },
								"down": { "texture": "#stone", "uv": [ 0.5, 2.5, 4.5, 3.5 ] }
							}
						},
						{
							"name": "Candle",
							"from": [ 0.0, 6.3, 0.0 ],
							"to": [ 0.0, 6.3, 0.0 ],
							"rotationOrigin": [ 8.0, 8.3, 8.0 ],
							"faces": {
							},
							"children": [
								{
									"name": "Candle1",
									"from": [ 7.0, 2.0, 7.0 ],
									"to": [ 9.0, 4.0, 9.0 ],
									"rotationOrigin": [ 7.0, 2.0, 7.0 ],
									"faces": {
										"north": { "texture": "#candle", "uv": [ 2.0, 0.0, 5.0, 6.0 ], "autoUv": false },
										"east": { "texture": "#candle", "uv": [ 2.0, 0.0, 5.0, 6.0 ], "autoUv": false },
										"south": { "texture": "#candle", "uv": [ 2.0, 0.0, 5.0, 6.0 ], "autoUv": false },
										"west": { "texture": "#candle", "uv": [ 2.0, 0.0, 5.0, 6.0 ], "autoUv": false },
										"up": { "texture": "#candle", "uv": [ 2.0, 0.0, 5.0, 6.0 ], "autoUv": false }
									}
								},
								{
									"name": "Flame",
									"from": [ 7.75, 4.0, 7.75 ],
									"to": [ 8.25, 4.8, 8.25 ],
									"shade": false,
									"rotationOrigin": [ 7.7, 4.0, 7.7 ],
									"faces": {
										"north": { "texture": "#candle", "uv": [ 0.0, 0.0, 2.0, 2.5 ], "glow": 128, "autoUv": false },
										"east": { "texture": "#candle", "uv": [ 0.0, 0.0, 2.0, 2.5 ], "glow": 128, "autoUv": false },
										"south": { "texture": "#candle", "uv": [ 0.0, 0.0, 2.0, 2.5 ], "glow": 128, "autoUv": false },
										"west": { "texture": "#candle", "uv": [ 0.0, 0.0, 2.0, 2.5 ], "glow": 128, "autoUv": false },
										"up": { "texture": "#candle", "uv": [ 0.0, 0.0, 2.0, 2.5 ], "glow": 128, "autoUv": false }
									}
								},
								{
									"name": "Candle2",
									"from": [ 6.3, 2.0, 7.0 ],
									"to": [ 7.3, 3.0, 9.0 ],
									"rotationOrigin": [ 6.3, 2.0, 7.0 ],
									"rotationY": 7.0,
									"rotationZ": -4.0,
									"faces": {
										"north": { "texture": "#candle", "uv": [ 2.0, 0.0, 5.0, 6.0 ], "autoUv": false },
										"east": { "texture": "#candle", "uv": [ 2.0, 0.0, 5.0, 6.0 ], "autoUv": false },
										"south": { "texture": "#candle", "uv": [ 2.0, 0.0, 5.0, 6.0 ], "autoUv": false },
										"west": { "texture": "#candle", "uv": [ 2.0, 0.0, 5.0, 6.0 ], "autoUv": false },
										"up": { "texture": "#candle", "uv": [ 2.0, 0.0, 5.0, 6.0 ], "autoUv": false }
									}
								},
								{
									"name": "Candle3",
									"from": [ 8.6, 1.8, 7.0 ],
									"to": [ 9.6, 2.8, 9.0 ],
									"rotationOrigin": [ 8.6, 1.8, 7.0 ],
									"rotationY": 5.0,
									"rotationZ": 6.0,
									"faces": {
										"north": { "texture": "#candle", "uv": [ 2.0, 0.0, 5.0, 6.0 ], "autoUv": false },
										"east": { "texture": "#candle", "uv": [ 2.0, 0.0, 5.0, 6.0 ], "autoUv": false },
										"south": { "texture": "#candle", "uv": [ 2.0, 0.0, 5.0, 6.0 ], "autoUv": false },
										"west": { "texture": "#candle", "uv": [ 2.0, 0.0, 5.0, 6.0 ], "autoUv": false },
										"up": { "texture": "#candle", "uv": [ 2.0, 0.0, 5.0, 6.0 ], "autoUv": false }
									}
								},
								{
									"name": "Candle4",
									"from": [ 6.9, 1.8, 6.2 ],
									"to": [ 9.1, 2.8, 7.4 ],
									"rotationOrigin": [ 6.9, 1.8, 6.2 ],
									"rotationY": 5.0,
									"rotationZ": 6.0,
									"faces": {
										"north": { "texture": "#candle", "uv": [ 2.0, 0.0, 5.0, 6.0 ], "autoUv": false },
										"east": { "texture": "#candle", "uv": [ 2.0, 0.0, 5.0, 6.0 ], "autoUv": false },
										"south": { "texture": "#candle", "uv": [ 2.0, 0.0, 5.0, 6.0 ], "autoUv": false },
										"west": { "texture": "#candle", "uv": [ 2.0, 0.0, 5.0, 6.0 ], "autoUv": false },
										"up": { "texture": "#candle", "uv": [ 2.0, 0.0, 5.0, 6.0 ], "autoUv": false }
									}
								},
								{
									"name": "Candle5",
									"from": [ 6.9, 1.8, 8.2 ],
									"to": [ 9.1, 2.8, 9.4 ],
									"rotationOrigin": [ 6.9, 1.8, 8.2 ],
									"rotationY": 5.0,
									"rotationZ": 6.0,
									"faces": {
										"north": { "texture": "#candle", "uv": [ 2.0, 0.0, 5.0, 6.0 ], "autoUv": false },
										"east": { "texture": "#candle", "uv": [ 2.0, 0.0, 5.0, 6.0 ], "autoUv": false },
										"south": { "texture": "#candle", "uv": [ 2.0, 0.0, 5.0, 6.0 ], "autoUv": false },
										"west": { "texture": "#candle", "uv": [ 2.0, 0.0, 5.0, 6.0 ], "autoUv": false },
										"up": { "texture": "#candle", "uv": [ 2.0, 0.0, 5.0, 6.0 ], "autoUv": false }
									}
								},
								{
									"name": "Candle6",
									"from": [ 5.8, 2.0, 7.0 ],
									"to": [ 6.5, 2.6, 7.8 ],
									"rotationOrigin": [ 5.8, 2.0, 7.0 ],
									"rotationY": 7.0,
									"rotationZ": -4.0,
									"faces": {
										"north": { "texture": "#candle", "uv": [ 2.0, 0.0, 5.0, 6.0 ], "autoUv": false },
										"east": { "texture": "#candle", "uv": [ 2.0, 0.0, 5.0, 6.0 ], "autoUv": false },
										"south": { "texture": "#candle", "uv": [ 2.0, 0.0, 5.0, 6.0 ], "autoUv": false },
										"west": { "texture": "#candle", "uv": [ 2.0, 0.0, 5.0, 6.0 ], "autoUv": false },
										"up": { "texture": "#candle", "uv": [ 2.0, 0.0, 5.0, 6.0 ], "autoUv": false }
									}
								},
								{
									"name": "Candle7",
									"from": [ 6.2, 1.8, 5.8 ],
									"to": [ 7.1, 2.3, 6.7 ],
									"rotationOrigin": [ 6.2, 1.8, 5.8 ],
									"rotationX": 5.0,
									"rotationY": 22.5,
									"faces": {
										"north": { "texture": "#candle", "uv": [ 2.0, 0.0, 5.0, 6.0 ], "autoUv": false },
										"east": { "texture": "#candle", "uv": [ 2.0, 0.0, 5.0, 6.0 ], "autoUv": false },
										"south": { "texture": "#candle", "uv": [ 2.0, 0.0, 5.0, 6.0 ], "autoUv": false },
										"west": { "texture": "#candle", "uv": [ 2.0, 0.0, 5.0, 6.0 ], "autoUv": false },
										"up": { "texture": "#candle", "uv": [ 2.0, 0.0, 5.0, 6.0 ], "autoUv": false }
									}
								},
								{
									"name": "Candle8",
									"from": [ 9.2, 1.8, 6.8 ],
									"to": [ 10.1, 2.3, 7.7 ],
									"rotationOrigin": [ 9.2, 1.8, 6.8 ],
									"rotationX": 5.0,
									"rotationY": 45.0,
									"faces": {
										"north": { "texture": "#candle", "uv": [ 2.0, 0.0, 5.0, 6.0 ], "autoUv": false },
										"east": { "texture": "#candle", "uv": [ 2.0, 0.0, 5.0, 6.0 ], "autoUv": false },
										"south": { "texture": "#candle", "uv": [ 2.0, 0.0, 5.0, 6.0 ], "autoUv": false },
										"west": { "texture": "#candle", "uv": [ 2.0, 0.0, 5.0, 6.0 ], "autoUv": false },
										"up": { "texture": "#candle", "uv": [ 2.0, 0.0, 5.0, 6.0 ], "autoUv": false }
									}
								},
								{
									"name": "Candle9",
									"from": [ 9.2, 1.8, 7.8 ],
									"to": [ 10.1, 2.3, 8.7 ],
									"rotationOrigin": [ 9.2, 1.8, 7.8 ],
									"rotationX": 5.0,
									"rotationY": -22.5,
									"faces": {
										"north": { "texture": "#candle", "uv": [ 2.0, 0.0, 5.0, 6.0 ], "autoUv": false },
										"east": { "texture": "#candle", "uv": [ 2.0, 0.0, 5.0, 6.0 ], "autoUv": false },
										"south": { "texture": "#candle", "uv": [ 2.0, 0.0, 5.0, 6.0 ], "autoUv": false },
										"west": { "texture": "#candle", "uv": [ 2.0, 0.0, 5.0, 6.0 ], "autoUv": false },
										"up": { "texture": "#candle", "uv": [ 2.0, 0.0, 5.0, 6.0 ], "autoUv": false }
									}
								},
								{
									"name": "Candle10",
									"from": [ 8.2, 1.8, 8.8 ],
									"to": [ 9.1, 2.3, 9.7 ],
									"rotationOrigin": [ 8.2, 1.8, 8.8 ],
									"rotationX": 5.0,
									"rotationY": -22.5,
									"faces": {
										"north": { "texture": "#candle", "uv": [ 2.0, 0.0, 5.0, 6.0 ], "autoUv": false },
										"east": { "texture": "#candle", "uv": [ 2.0, 0.0, 5.0, 6.0 ], "autoUv": false },
										"south": { "texture": "#candle", "uv": [ 2.0, 0.0, 5.0, 6.0 ], "autoUv": false },
										"west": { "texture": "#candle", "uv": [ 2.0, 0.0, 5.0, 6.0 ], "autoUv": false },
										"up": { "texture": "#candle", "uv": [ 2.0, 0.0, 5.0, 6.0 ], "autoUv": false }
									}
								},
								{
									"name": "Candle11",
									"from": [ 7.2, 1.8, 8.8 ],
									"to": [ 8.1, 2.3, 9.7 ],
									"rotationOrigin": [ 7.2, 1.8, 8.8 ],
									"rotationX": 5.0,
									"rotationY": -45.0,
									"faces": {
										"north": { "texture": "#candle", "uv": [ 2.0, 0.0, 5.0, 6.0 ], "autoUv": false },
										"east": { "texture": "#candle", "uv": [ 2.0, 0.0, 5.0, 6.0 ], "autoUv": false },
										"south": { "texture": "#candle", "uv": [ 2.0, 0.0, 5.0, 6.0 ], "autoUv": false },
										"west": { "texture": "#candle", "uv": [ 2.0, 0.0, 5.0, 6.0 ], "autoUv": false },
										"up": { "texture": "#candle", "uv": [ 2.0, 0.0, 5.0, 6.0 ], "autoUv": false }
									}
								},
								{
									"name": "Candle12",
									"from": [ 6.2, 1.8, 8.1 ],
									"to": [ 7.1, 2.3, 9.0 ],
									"rotationOrigin": [ 6.2, 1.8, 8.1 ],
									"rotationX": 5.0,
									"rotationY": -45.0,
									"faces": {
										"north": { "texture": "#candle", "uv": [ 2.0, 0.0, 5.0, 6.0 ], "autoUv": false },
										"east": { "texture": "#candle", "uv": [ 2.0, 0.0, 5.0, 6.0 ], "autoUv": false },
										"south": { "texture": "#candle", "uv": [ 2.0, 0.0, 5.0, 6.0 ], "autoUv": false },
										"west": { "texture": "#candle", "uv": [ 2.0, 0.0, 5.0, 6.0 ], "autoUv": false },
										"up": { "texture": "#candle", "uv": [ 2.0, 0.0, 5.0, 6.0 ], "autoUv": false }
									}
								}
							]
						}
					]
				},
				{
					"name": "Kasa",
					"from": [ 0.0, 0.0, 0.0 ],
					"to": [ 0.0, 0.0, 0.0 ],
					"shade": false,
					"faces": {
					},
					"children": [
						{
							"name": "Cube54",
							"from": [ 1.0, 13.4, 1.0 ],
							"to": [ 15.0, 14.4, 15.0 ],
							"rotationOrigin": [ 1.0, 13.4, 1.0 ],
							"faces": {
								"north": { "texture": "#stone", "uv": [ 0.0, 4.5, 14.0, 5.5 ] },
								"east": { "texture": "#stone", "uv": [ 0.5, 10.5, 14.5, 11.5 ] },
								"south": { "texture": "#stone", "uv": [ 0.0, 12.0, 14.0, 13.0 ] },
								"west": { "texture": "#stone", "uv": [ 0.5, 5.5, 14.5, 6.5 ] },
								"up": { "texture": "#stone", "uv": [ 1.5, 0.5, 15.5, 14.5 ] },
								"down": { "texture": "#stone", "uv": [ 0.5, 0.5, 14.5, 14.5 ] }
							}
						},
						{
							"name": "Cube57",
							"from": [ 1.3, 14.4, 1.3 ],
							"to": [ 14.7, 14.7, 14.7 ],
							"rotationOrigin": [ 0.9, 14.4, 0.9 ],
							"faces": {
								"north": { "texture": "#stone", "uv": [ 1.0, 9.5, 14.0, 10.0 ] },
								"east": { "texture": "#stone", "uv": [ 1.0, 5.5, 14.0, 6.0 ] },
								"south": { "texture": "#stone", "uv": [ 1.0, 15.0, 14.0, 15.5 ] },
								"west": { "texture": "#stone", "uv": [ 1.0, 2.5, 14.0, 3.0 ] },
								"up": { "texture": "#stone", "uv": [ 0.5, 0.0, 13.5, 13.0 ] }
							}
						},
						{
							"name": "Cube61",
							"from": [ 1.7, 14.7, 1.7 ],
							"to": [ 14.3, 15.0, 14.3 ],
							"rotationOrigin": [ 0.9, 14.7, 0.9 ],
							"faces": {
								"north": { "texture": "#stone", "uv": [ 1.5, 2.0, 14.0, 2.5 ] },
								"east": { "texture": "#stone", "uv": [ 2.5, 3.5, 15.0, 4.0 ] },
								"south": { "texture": "#stone", "uv": [ 0.5, 14.5, 13.0, 15.0 ] },
								"west": { "texture": "#stone", "uv": [ 2.5, 10.0, 15.0, 10.5 ] },
								"up": { "texture": "#stone", "uv": [ 1.0, 0.0, 13.5, 12.5 ] }
							}
						},
						{
							"name": "Cube63",
							"from": [ 2.1, 15.0, 2.1 ],
							"to": [ 13.9, 15.3, 13.9 ],
							"rotationOrigin": [ 1.1, 15.0, 1.1 ],
							"faces": {
								"north": { "texture": "#stone", "uv": [ 2.5, 5.5, 14.0, 6.0 ] },
								"east": { "texture": "#stone", "uv": [ 2.5, 12.0, 14.0, 12.5 ] },
								"south": { "texture": "#stone", "uv": [ 1.0, 5.5, 12.5, 6.0 ] },
								"west": { "texture": "#stone", "uv": [ 2.5, 13.0, 14.0, 13.5 ] },
								"up": { "texture": "#stone", "uv": [ 1.0, 1.5, 12.5, 13.0 ] }
							}
						},
						{
							"name": "Houju",
							"from": [ 3.0, 6.0, 3.0 ],
							"to": [ 3.0, 6.0, 3.0 ],
							"rotationOrigin": [ 8.0, 15.0, 8.0 ],
							"faces": {
								"south": { "texture": "#null", "uv": [ 12.5, 9.5, 13.0, 10.0 ], "autoUv": false }
							},
							"children": [
								{
									"name": "Cube64",
									"from": [ 3.6, 9.18, 3.6 ],
									"to": [ 6.0, 9.36, 6.0 ],
									"rotationOrigin": [ 4.8, 9.18, 4.8 ],
									"faces": {
										"north": { "texture": "#stone", "uv": [ 10.0, 15.0, 14.0, 15.5 ], "autoUv": false },
										"east": { "texture": "#stone", "uv": [ 10.5, 2.0, 14.5, 2.5 ], "autoUv": false },
										"south": { "texture": "#stone", "uv": [ 0.5, 15.0, 4.5, 15.5 ], "autoUv": false },
										"west": { "texture": "#stone", "uv": [ 11.0, 13.0, 15.0, 13.5 ], "autoUv": false }
									}
								},
								{
									"name": "Cube65",
									"from": [ 3.48, 9.36, 3.48 ],
									"to": [ 6.12, 9.48, 6.12 ],
									"rotationOrigin": [ 4.68, 9.36, 4.68 ],
									"faces": {
										"north": { "texture": "#stone", "uv": [ 2.0, 12.5, 6.0, 13.0 ], "autoUv": false },
										"east": { "texture": "#stone", "uv": [ 4.5, 7.5, 8.5, 8.0 ], "autoUv": false },
										"south": { "texture": "#stone", "uv": [ 9.5, 15.0, 13.5, 15.5 ], "autoUv": false },
										"west": { "texture": "#stone", "uv": [ 11.0, 1.0, 15.0, 1.5 ], "autoUv": false },
										"down": { "texture": "#stone", "uv": [ 10.5, 10.5, 14.5, 14.5 ], "autoUv": false }
									}
								},
								{
									"name": "Cube66",
									"from": [ 3.36, 9.48, 3.36 ],
									"to": [ 6.24, 9.72, 6.24 ],
									"rotationOrigin": [ 4.56, 9.48, 4.56 ],
									"faces": {
										"north": { "texture": "#stone", "uv": [ 7.0, 3.5, 11.5, 4.0 ], "autoUv": false },
										"east": { "texture": "#stone", "uv": [ 6.5, 5.5, 11.0, 6.0 ], "autoUv": false },
										"south": { "texture": "#stone", "uv": [ 5.5, 11.0, 10.0, 11.5 ], "autoUv": false },
										"west": { "texture": "#stone", "uv": [ 8.0, 6.5, 12.5, 7.0 ], "autoUv": false },
										"down": { "texture": "#stone", "uv": [ 3.5, 7.0, 8.0, 11.5 ], "autoUv": false }
									}
								},
								{
									"name": "Cube67",
									"from": [ 3.24, 9.72, 3.24 ],
									"to": [ 6.36, 10.56, 6.36 ],
									"rotationOrigin": [ 4.44, 9.72, 4.44 ],
									"faces": {
										"north": { "texture": "#stone", "uv": [ 6.5, 2.5, 11.5, 3.5 ], "autoUv": false },
										"east": { "texture": "#stone", "uv": [ 7.0, 0.0, 12.0, 1.0 ], "autoUv": false },
										"south": { "texture": "#stone", "uv": [ 9.5, 11.0, 14.5, 12.0 ], "autoUv": false },
										"west": { "texture": "#stone", "uv": [ 8.0, 6.0, 13.0, 7.0 ], "autoUv": false },
										"up": { "texture": "#stone", "uv": [ 7.0, 3.5, 12.0, 8.5 ], "autoUv": false },
										"down": { "texture": "#stone", "uv": [ 2.0, 10.5, 7.0, 15.5 ], "autoUv": false }
									}
								},
								{
									"name": "Cube68",
									"from": [ 3.36, 10.56, 3.36 ],
									"to": [ 6.24, 10.8, 6.24 ],
									"rotationOrigin": [ 4.56, 10.56, 4.56 ],
									"faces": {
										"north": { "texture": "#stone", "uv": [ 4.0, 15.0, 8.5, 15.5 ], "autoUv": false },
										"east": { "texture": "#stone", "uv": [ 8.5, 0.0, 13.0, 0.5 ], "autoUv": false },
										"south": { "texture": "#stone", "uv": [ 3.5, 14.5, 8.0, 15.0 ], "autoUv": false },
										"west": { "texture": "#stone", "uv": [ 7.0, 3.0, 11.5, 3.5 ], "autoUv": false },
										"up": { "texture": "#stone", "uv": [ 10.5, 6.0, 15.0, 10.5 ], "autoUv": false }
									}
								},
								{
									"name": "Cube69",
									"from": [ 3.48, 10.8, 3.48 ],
									"to": [ 6.12, 10.92, 6.12 ],
									"rotationOrigin": [ 4.68, 10.8, 4.68 ],
									"faces": {
										"north": { "texture": "#stone", "uv": [ 7.5, 0.0, 11.5, 0.5 ], "autoUv": false },
										"east": { "texture": "#stone", "uv": [ 3.0, 11.5, 7.0, 12.0 ], "autoUv": false },
										"south": { "texture": "#stone", "uv": [ 1.0, 2.5, 5.0, 3.0 ], "autoUv": false },
										"west": { "texture": "#stone", "uv": [ 11.0, 6.5, 15.0, 7.0 ], "autoUv": false },
										"up": { "texture": "#stone", "uv": [ 7.5, 7.5, 11.5, 11.5 ], "autoUv": false }
									}
								},
								{
									"name": "Cube70",
									"from": [ 3.6, 10.92, 3.6 ],
									"to": [ 6.0, 11.04, 6.0 ],
									"rotationOrigin": [ 4.8, 10.92, 4.8 ],
									"faces": {
										"north": { "texture": "#stone", "uv": [ 10.0, 5.5, 14.0, 6.0 ], "autoUv": false },
										"east": { "texture": "#stone", "uv": [ 4.5, 7.0, 8.5, 7.5 ], "autoUv": false },
										"south": { "texture": "#stone", "uv": [ 2.0, 7.5, 6.0, 8.0 ], "autoUv": false },
										"west": { "texture": "#stone", "uv": [ 9.5, 9.5, 13.5, 10.0 ], "autoUv": false },
										"up": { "texture": "#stone", "uv": [ 4.0, 1.5, 8.0, 5.5 ], "autoUv": false }
									}
								},
								{
									"name": "Cube71",
									"from": [ 3.8, 11.02, 3.8 ],
									"to": [ 5.8, 11.24, 5.8 ],
									"rotationOrigin": [ 5.0, 11.02, 5.0 ],
									"faces": {
										"north": { "texture": "#stone", "uv": [ 7.0, 0.0, 11.0, 0.5 ], "autoUv": false },
										"east": { "texture": "#stone", "uv": [ 3.5, 0.5, 7.5, 1.0 ], "autoUv": false },
										"south": { "texture": "#stone", "uv": [ 11.5, 3.5, 15.5, 4.0 ], "autoUv": false },
										"west": { "texture": "#stone", "uv": [ 0.5, 12.5, 4.5, 13.0 ], "autoUv": false },
										"up": { "texture": "#stone", "uv": [ 0.0, 4.0, 4.0, 8.0 ], "autoUv": false }
									}
								},
								{
									"name": "Cube72",
									"from": [ 4.0, 11.22, 4.0 ],
									"to": [ 5.6, 11.54, 5.6 ],
									"rotationOrigin": [ 5.2, 11.22, 5.2 ],
									"faces": {
										"north": { "texture": "#stone", "uv": [ 3.0, 0.5, 7.0, 1.0 ], "autoUv": false },
										"east": { "texture": "#stone", "uv": [ 5.0, 15.0, 9.0, 15.5 ], "autoUv": false },
										"south": { "texture": "#stone", "uv": [ 9.0, 7.0, 13.0, 7.5 ], "autoUv": false },
										"west": { "texture": "#stone", "uv": [ 2.5, 15.0, 6.5, 15.5 ], "autoUv": false },
										"up": { "texture": "#stone", "uv": [ 10.5, 8.0, 14.5, 12.0 ], "autoUv": false }
									}
								},
								{
									"name": "Cube73",
									"from": [ 4.2, 11.52, 4.2 ],
									"to": [ 5.4, 11.94, 5.4 ],
									"rotationOrigin": [ 5.4, 11.52, 5.4 ],
									"faces": {
										"north": { "texture": "#stone", "uv": [ 7.5, 8.5, 11.5, 9.0 ], "autoUv": false },
										"east": { "texture": "#stone", "uv": [ 10.5, 8.0, 14.5, 8.5 ], "autoUv": false },
										"south": { "texture": "#stone", "uv": [ 7.0, 6.5, 11.0, 7.0 ], "autoUv": false },
										"west": { "texture": "#stone", "uv": [ 4.0, 8.0, 8.0, 8.5 ], "autoUv": false },
										"up": { "texture": "#stone", "uv": [ 4.5, 2.5, 8.5, 6.5 ], "autoUv": false }
									}
								},
								{
									"name": "Cube74",
									"from": [ 4.4, 11.92, 4.4 ],
									"to": [ 5.2, 12.34, 5.2 ],
									"rotationOrigin": [ 5.6, 11.92, 5.6 ],
									"faces": {
										"north": { "texture": "#stone", "uv": [ 7.5, 11.0, 11.5, 11.5 ], "autoUv": false },
										"east": { "texture": "#stone", "uv": [ 11.5, 5.5, 15.5, 6.0 ], "autoUv": false },
										"south": { "texture": "#stone", "uv": [ 8.5, 1.5, 12.5, 2.0 ], "autoUv": false },
										"west": { "texture": "#stone", "uv": [ 4.0, 10.5, 8.0, 11.0 ], "autoUv": false },
										"up": { "texture": "#stone", "uv": [ 4.5, 8.0, 8.5, 12.0 ], "autoUv": false }
									}
								},
								{
									"name": "Cube75",
									"from": [ 4.5, 12.32, 4.5 ],
									"to": [ 5.1, 12.84, 5.1 ],
									"rotationOrigin": [ 5.7, 12.32, 5.7 ],
									"faces": {
										"north": { "texture": "#stone", "uv": [ 7.0, 15.0, 11.0, 15.5 ], "autoUv": false },
										"east": { "texture": "#stone", "uv": [ 4.0, 14.0, 8.0, 14.5 ], "autoUv": false },
										"south": { "texture": "#stone", "uv": [ 6.5, 15.0, 10.5, 15.5 ], "autoUv": false },
										"west": { "texture": "#stone", "uv": [ 4.0, 8.5, 8.0, 9.0 ], "autoUv": false },
										"up": { "texture": "#stone", "uv": [ 5.0, 9.5, 9.0, 13.5 ], "autoUv": false }
									}
								},
								{
									"name": "Cube76",
									"from": [ 4.6, 12.82, 4.6 ],
									"to": [ 5.0, 13.54, 5.0 ],
									"rotationOrigin": [ 5.8, 12.82, 5.8 ],
									"faces": {
										"north": { "texture": "#stone", "uv": [ 2.5, 11.0, 6.5, 11.5 ], "autoUv": false },
										"east": { "texture": "#stone", "uv": [ 10.5, 9.0, 14.5, 9.5 ], "autoUv": false },
										"south": { "texture": "#stone", "uv": [ 8.5, 14.0, 12.5, 14.5 ], "autoUv": false },
										"west": { "texture": "#stone", "uv": [ 9.0, 7.0, 13.0, 7.5 ], "autoUv": false },
										"up": { "texture": "#stone", "uv": [ 1.0, 10.0, 5.0, 14.0 ], "autoUv": false }
									}
								}
							]
						}
					]
				}
			]
		}
	]}