{
  "code": "cob",
  "class": "BlockSoilSlab",
  "variantgroups": [
    {
      "code": "domain",
      "states": ["game"]
    },
    { "loadFromProperties": "abstract/grasscoverage" }
  ],
  "behaviors": [
    { "name": "NameFromFullBlock" }
  ],
  "creativeinventory": { "general": ["*"], "flora": ["*"], "terrain": ["*"] },
  "shape": { "base": "game:block/basic/slab/slab-down" },
  "drawtype": "TopSoil",
  "renderpass": "TopSoil",
  "blockmaterial": "Soil",
  "textures": {
    "all": { "base": "game:block/soil/cob/normal*" },
    "snowed": { "base": "game:block/plant/grasscoverage/snow/normal" },
    "specialSecondTexture": {
      "base": "game:block/plant/grasscoverage/{grasscoverage}"
    }
  },
  "attributes": {
    "mapColorCode": "settlement",
    "ignoreTintInventory": true,
    "growthBlockLayer": "l1soilwithgrass",
    "growthLightLevel": 7,
    "growOnlyWhereRainfallExposed": true,
    "preventsDecay": true,
    "tallGrassGrowthChance": 0.3,
    "growthChanceOnTick": 0.1,
    "spreadsGrassByType": {
      "*-none": false,
      "*": true
    }
  },
  "texturesInventory": {
    "down": { "base": "game:block/soil/cob/normal*" },
    "horizontals": {
      "base": "game:block/soil/cob/normal*",
      "overlays": [
        "game:block/plant/grasscoverage/inventory/side_{grasscoverage}"
      ]
    },
    "up": {
      "base": "game:block/soil/cob/normal*",
      "overlays": [
        "game:block/plant/grasscoverage/inventory/top_{grasscoverage}"
      ]
    }
  },
  "climateColorMapByType": {
    "*-none": null,
    "*": "climatePlantTint"
  },
  "seasonColorMapByType": {
    "*-none": null,
    "*": "seasonalGrass"
  },
  "frostable": true,
  "replaceable": 400,
  "fertility": 30,
  "resistance": 1.8,
  "faceCullMode": "FlushExceptTop",
  "sideOpaque": {
    "all": false,
    "down": true
  },
  "sideSolid": {
    "all": false,
    "down": true
  },
  "emitSideAo": { "all": false },
  "selectionbox": { "x1": 0, "y1": 0, "z1": 0, "x2": 1, "y2": 0.5, "z2": 1 },
  "collisionbox": { "x1": 0, "y1": 0, "z1": 0, "x2": 1, "y2": 0.5, "z2": 1 },
  "sounds": {
    "place": "game:block/dirt",
    "break": "game:block/dirt",
    "hit": "game:block/dirt",
    "walk": "game:walk/grass"
  },
  "heldTpIdleAnimation": "holdbothhandslarge",
  "heldRightReadyAnimation": "heldblockready",
  "heldTpUseAnimation": "twohandplaceblock",
  "tpHandTransform": {
    "translation": { "x": -1.23, "y": -0.91, "z": -0.8 },
    "rotation": { "x": -2, "y": 25, "z": -78 },
    "scale": 0.4
  },
  "drops": [
    {
      "type": "block",
      "code": "game:cob-none",
      "quantity": { "avg": 0.85, "var": 0 }
    }
  ]
}
