{
  "code": "crackedrock",
  "class": "BlockTerrainSlab",
  "behaviors": [
    {
      "name": "UnstableRock",
      "properties": {
        "collapsedBlock": "game:crackedrock-{rock}",
        "fallSound": "game:effect/rockslide"
      }
    },
    { "name": "NameFromFullBlock" }
  ],
  "storageFlags": 5,
  "attributes": {
    "propickable": true,
    "handbook": {
      "extraSections": [
        {
          "title": "handbook-item-sources",
          "text": "Full block can be obtained by breaking all adjacent blocks."
        }
      ]
    }
  },
  "variantgroups": [
    {
      "code": "domain",
      "states": ["game"]
    },
    { "code": "rock", "loadFromProperties": "block/rockwithdeposit" }
  ],
  "creativeinventory": {
    "general": ["*"],
    "terrain": ["*"],
    "construction": ["*"]
  },
  "shape": { "base": "game:block/basic/slab/slab-down" },
  "replaceable": 90,
  "requiredMiningTier": 2,
  "fertility": 0,
  "texturesByType": {
    "*-kimberlite": {
      "all": {
        "base": "game:block/stone/rock/{rock}1",
        "overlays": ["game:block/overlay/rock/cracked1"],
        "alternates": [
          {
            "base": "game:block/stone/rock/{rock}1",
            "overlays": ["game:block/overlay/rock/cracked2"]
          },
          {
            "base": "game:block/stone/rock/{rock}1",
            "overlays": ["game:block/overlay/rock/cracked3"]
          },
          {
            "base": "game:block/stone/rock/{rock}1",
            "overlays": ["game:block/overlay/rock/cracked4"]
          },
          {
            "base": "game:block/stone/rock/{rock}1",
            "overlays": ["game:block/overlay/rock/cracked5"]
          },
          {
            "base": "game:block/stone/rock/{rock}1",
            "overlays": ["game:block/overlay/rock/cracked6"]
          }
        ]
      }
    },
    "*-obsidian": {
      "all": {
        "base": "game:block/stone/rock/{rock}1",
        "overlays": ["game:block/overlay/rock/cracked1"],
        "alternates": [
          {
            "base": "game:block/stone/rock/{rock}1",
            "overlays": ["game:block/overlay/rock/cracked2"]
          },
          {
            "base": "game:block/stone/rock/{rock}1",
            "overlays": ["game:block/overlay/rock/cracked3"]
          },
          {
            "base": "game:block/stone/rock/{rock}1",
            "overlays": ["game:block/overlay/rock/cracked4"]
          },
          {
            "base": "game:block/stone/rock/{rock}1",
            "overlays": ["game:block/overlay/rock/cracked5"]
          },
          {
            "base": "game:block/stone/rock/{rock}1",
            "overlays": ["game:block/overlay/rock/cracked6"]
          }
        ]
      }
    },
    "*-suevite": {
      "all": {
        "base": "game:block/stone/rock/{rock}1",
        "overlays": ["game:block/overlay/rock/cracked1"],
        "alternates": [
          {
            "base": "game:block/stone/rock/{rock}2",
            "overlays": ["game:block/overlay/rock/cracked2"]
          },
          {
            "base": "game:block/stone/rock/{rock}1",
            "overlays": ["game:block/overlay/rock/cracked3"]
          },
          {
            "base": "game:block/stone/rock/{rock}2",
            "overlays": ["game:block/overlay/rock/cracked4"]
          },
          {
            "base": "game:block/stone/rock/{rock}1",
            "overlays": ["game:block/overlay/rock/cracked5"]
          },
          {
            "base": "game:block/stone/rock/{rock}2",
            "overlays": ["game:block/overlay/rock/cracked6"]
          }
        ]
      }
    },
    "*": {
      "all": {
        "base": "game:block/stone/rock/{rock}1",
        "overlays": ["game:block/overlay/rock/cracked1"],
        "alternates": [
          {
            "base": "game:block/stone/rock/{rock}2",
            "overlays": ["game:block/overlay/rock/cracked2"]
          },
          {
            "base": "game:block/stone/rock/{rock}3",
            "overlays": ["game:block/overlay/rock/cracked3"]
          },
          {
            "base": "game:block/stone/rock/{rock}4",
            "overlays": ["game:block/overlay/rock/cracked4"]
          },
          {
            "base": "game:block/stone/rock/{rock}3",
            "overlays": ["game:block/overlay/rock/cracked5"]
          },
          {
            "base": "game:block/stone/rock/{rock}2",
            "overlays": ["game:block/overlay/rock/cracked6"]
          }
        ]
      }
    }
  },
  "faceCullMode": "FlushExceptTop",
  "sideOpaque": {
    "all": false,
    "down": true
  },
  "sideSolid": {
    "all": false,
    "down": true
  },
  "emitSideAo": { "all": false },
  "selectionbox": { "x1": 0, "y1": 0, "z1": 0, "x2": 1, "y2": 0.5, "z2": 1 },
  "collisionbox": { "x1": 0, "y1": 0, "z1": 0, "x2": 1, "y2": 0.5, "z2": 1 },
  "sounds": {
    "walk": "game:walk/stone",
    "byTool": {
      "Pickaxe": {
        "hit": "game:block/rock-hit-pickaxe",
        "break": "game:block/rock-break-pickaxe"
      }
    }
  },
  "dropsByType": {
    "rock-suevite": [
      {
        "type": "item",
        "code": "game:stone-{rock}",
        "quantity": { "avg": 2.5, "var": 0.5 }
      },
      {
        "type": "item",
        "code": "game:gem-diamond-rough",
        "attributes": { "potential": "low" },
        "quantity": { "avg": 0.005, "var": 0 }
      }
    ],
    "*": [
      {
        "type": "item",
        "code": "game:stone-{rock}",
        "quantity": { "avg": 2.5, "var": 0.5 }
      }
    ]
  },
  "heldTpIdleAnimation": "holdbothhandslarge",
  "heldRightReadyAnimation": "heldblockready",
  "heldTpUseAnimation": "twohandplaceblock",
  "tpHandTransform": {
    "translation": { "x": -1.23, "y": -0.91, "z": -0.8 },
    "rotation": { "x": -2, "y": 25, "z": -78 },
    "scale": 0.4
  }
}
