{
  "code": "gravel",
  "class": "BlockTerrainSlab",
  "behaviors": [
    {
      "name": "UnstableFallingSlab",
      "properties": {
        "fallingBlock": "game:gravel-{rock}",
        "fallSound": "game:effect/rockslide",
        "dustIntensity": 1,
        "fallSidewaysChance": 0.75
      }
    },
    { "name": "NameFromFullBlock" }
  ],
  "variantgroups": [
    {
      "code": "domain",
      "states": ["game"]
    },
    { "loadFromProperties": "block/rock", "code": "rock" }
  ],
  "creativeinventory": { "general": ["*"], "terrain": ["*"] },
  "shape": {
    "base": "game:block/basic/slab/slab-down",
    "alternates": [
      { "base": "game:block/basic/slab/slab-down", "rotateY": 90 },
      { "base": "game:block/basic/slab/slab-down", "rotateY": 180 },
      { "base": "game:block/basic/slab/slab-down", "rotateY": 270 }
    ]
  },
  "drawtype": "Json",
  "blockmaterial": "Gravel",
  "textures": {
    "all": { "base": "game:block/stone/gravel/{rock}" }
  },
  "attributes": {
    "mapColorCode": "desert",
    "pannable": true,
    "pannedBlock": "game:gravel-{rock}-land-3",
    "preventsDecay": true,
    "allowUnstablePlacement": true,
    "handbook": { "groupBy": ["gravel-*"] }
  },
  "replaceable": 400,
  "fertility": 5,
  "resistance": 2.4,
  "faceCullMode": "FlushExceptTop",
  "sideOpaque": {
    "all": false,
    "down": true
  },
  "sideSolid": {
    "all": false,
    "down": true
  },
  "emitSideAo": { "all": false },
  "selectionbox": { "x1": 0, "y1": 0, "z1": 0, "x2": 1, "y2": 0.5, "z2": 1 },
  "collisionbox": { "x1": 0, "y1": 0, "z1": 0, "x2": 1, "y2": 0.5, "z2": 1 },
  "sounds": {
    "place": "game:block/gravel",
    "break": "game:block/gravel",
    "hit": "game:block/gravel",
    "walk": "game:walk/gravel"
  },
  "drops": [
    {
      "type": "block",
      "code": "game:gravel-{rock}",
      "quantity": { "avg": 1, "var": 0 }
    }
  ],
  "heldTpIdleAnimation": "holdbothhandslarge",
  "heldRightReadyAnimation": "heldblockready",
  "heldTpUseAnimation": "twohandplaceblock",
  "tpHandTransform": {
    "translation": { "x": -1.23, "y": -0.91, "z": -0.8 },
    "rotation": { "x": -2, "y": 25, "z": -78 },
    "scale": 0.4
  }
}
