[
    {
        "file": "game:blocktypes/clay/pot.json",
        "op": "addmerge",
        "path": "/attributes/attachableToEntity/attachedShapeBySlotCode",
        "value": {
            "frontrightside-megalocerosgiganteus": {
                "base": "cervinae:item/wearable/megalocerosgiganteus/cookpotr-megalocerosgiganteus"
            },
            "frontleftside-megalocerosgiganteus": {
                "base": "cervinae:item/wearable/megalocerosgiganteus/cookpotl-megalocerosgiganteus"
            }

        },
        "side": "server"
    },
    {
        "file": "game:blocktypes/metal/lantern.json",
        "op": "addmerge",
        "path": "/attributesByType/*-up/attachableToEntity/attachedShapeBySlotCode",
        "value": {
            "neck-megalocerosgiganteus": {
                "base": "cervinae:item/wearable/megalocerosgiganteus/lantern1-megalocerosgiganteus"
            }
        },
        "side": "server"
    }
]