[
  {
    "file": "expandedfoods:recipes/simmering/cookedvegetable.json",
    "op": "addmerge",
    "path": "/-",
    "dependsOn": [{ "modid": "expandedfoods" }],
    "value": {
      "Ingredients": [
        { "type": "item", "code": "game:waterportion", "quantity": 50 },
        {
          "type": "item",
          "code": "brazilpiratefoods:potato-raw",
          "quantity": 1
        }
      ],
      "Simmering": {
        "meltingPoint": 200,
        "meltingDuration": 110,
        "smeltedRatio": 1,
        "smeltingType": "bake",
        "smeltedStack": {
          "type": "item",
          "code": "brazilpiratefoods:potato-baked",
          "quantity": 1
        },
        "requiresContainer": false
      }
    }
  },
  {
    "file": "expandedfoods:recipes/grid/choppedvegetable.json",
    "op": "addmerge",
    "path": "/-",
    "dependsOn": [{ "modid": "expandedfoods" }],
    "value": {
      "ingredientPattern": "KV",
      "recipeGroup": 1,
      "ingredients": {
        "K": {
          "type": "item",
          "code": "game:knife-*",
          "isTool": true
        },
        "V": {
          "type": "item",
          "code": "brazilpiratefoods:potato-raw*",
          "name": "type"
        }
      },
      "width": 2,
      "height": 1,
      "output": {
        "type": "item",
        "code": "brazilpiratefoods:choppedvegetable-potato"
      }
    }
  },
  {
    "file": "expandedfoods:recipes/grid/choppedvegetable.json",
    "op": "addmerge",
    "path": "/-",
    "dependsOn": [{ "modid": "expandedfoods" }],
    "value": {
      "ingredientPattern": "KV",
      "recipeGroup": 1,
      "ingredients": {
        "K": {
          "type": "item",
          "code": "game:cleaver-*",
          "isTool": true
        },
        "V": {
          "type": "item",
          "code": "brazilpiratefoods:potato-raw*",
          "name": "type"
        }
      },
      "width": 2,
      "height": 1,
      "output": {
        "type": "item",
        "code": "brazilpiratefoods:choppedvegetable-potato"
      }
    }
  },

  {
    "file": "expandedfoods:recipes/simmering/cookedvegetable.json",
    "op": "addmerge",
    "path": "/-",
    "dependsOn": [{ "modid": "expandedfoods" }],
    "value": {
      "Ingredients": [
        {
          "type": "item",
          "code": "expandedfoods:foodoilportion-*",
          "quantity": 20
        },
        {
          "type": "item",
          "code": "brazilpiratefoods:choppedvegetable-fries",
          "quantity": 1,
          "name": "vegetable"
        }
      ],
      "Simmering": {
        "meltingPoint": 200,
        "meltingDuration": 110,
        "smeltedRatio": 1,
        "smeltingType": "bake",
        "smeltedStack": {
          "type": "item",
          "code": "brazilpiratefoods:cookedchoppedvegetable-fries-perfect",
          "quantity": 1
        },
        "requiresContainer": false
      }
    }
  },
  {
    "file": "expandedfoods:recipes/grid/choppedvegetable.json",
    "op": "addmerge",
    "path": "/-",
    "dependsOn": [{ "modid": "expandedfoods" }],
    "value": {
      "ingredientPattern": "VK",
      "recipeGroup": 1,
      "ingredients": {
        "K": {
          "type": "item",
          "code": "game:knife-*",
          "isTool": true
        },
        "V": {
          "type": "item",
          "code": "brazilpiratefoods:potato-raw*",
          "name": "type"
        }
      },
      "width": 2,
      "height": 1,
      "output": {
        "type": "item",
        "code": "brazilpiratefoods:choppedvegetable-fries"
      }
    }
  },
  {
    "file": "expandedfoods:recipes/grid/choppedvegetable.json",
    "op": "addmerge",
    "path": "/-",
    "dependsOn": [{ "modid": "expandedfoods" }],
    "value": {
      "ingredientPattern": "VK",
      "recipeGroup": 1,
      "ingredients": {
        "K": {
          "type": "item",
          "code": "game:cleaver-*",
          "isTool": true
        },
        "V": {
          "type": "item",
          "code": "brazilpiratefoods:potato-raw*",
          "name": "type"
        }
      },
      "width": 2,
      "height": 1,
      "output": {
        "type": "item",
        "code": "brazilpiratefoods:choppedvegetable-fries"
      }
    }
  },

  {
    "file": "expandedfoods:recipes/grid/cookedchoppedvegetable.json",
    "op": "addmerge",
    "path": "/-",
    "dependsOn": [{ "modid": "expandedfoods" }],
    "value": {
      "ingredientPattern": "BCP",
      "recipeGroup": 1,
      "ingredients": {
        "C": {
          "type": "item",
          "code": "game:cheese-cheddar-1slice",
          "name": "type",
          "quantity": 1
        },
        "P": {
          "type": "item",
          "code": "brazilpiratefoods:cookedchoppedvegetable-fries-perfect",
          "name": "type",
          "quantity": 1
        },
        "B": {
          "type": "block",
          "code": "game:bowl-fired"
        }
      },
      "width": 1,
      "height": 3,
      "attributes": {
        "liquidContainerProps": {
          "requiresContent": {
            "type": "item",
            "code": "expandedfoods:brothportion-meat*"
          },
          "requiresLitres": 0.1
        }
      },
      "shapeless": true,
      "output": {
        "type": "item",
        "code": "brazilpiratefoods:poutine-perfect"
      }
    }
  }
]
