{
	"inheritFrom": "blocktypes/wood/crude-advanced",
	"variantgroups": [
		{ "code": "material", "states": [ "aged" ], "loadFromProperties": "game:block/wood" },
		{ "code": "type", "states": [ "", "straw" ] }
	],
	"skipVariants": [ "*-oak*" ],
	"attributesByType": {
		"*-straw-*": {
			"airtight": true
		}
	},
	"textures": {
		"bottom": {
			"base": "game:block/wood/debarked/{material}",
			"blendedOverlays": [ { "base": "vanvar:block/door/rough-bottom", "blendMode": "Normal" } ]
		},
		"top": {
			"base": "game:block/wood/debarked/{material}",
			"blendedOverlays": [ { "base": "vanvar:block/door/rough-top", "blendMode": "Normal" } ]
		}
	},
	"dropsByType": {
		"*-straw": [ { "type": "item", "code": "caspart-{material}" } ],
		"*-advanced-*": [ { "type": "block", "code": "vanvar:door-crude-{material}" } ]
	}
}