{"GameVersion":"1.21.5","SizeX":5,"SizeY":1,"SizeZ":6,"BlockCodes":{"6179":"game:rock-granite","9320":"game:metalblock-corroded-plain-rusty-iron","9321":"game:metalblock-corroded-riveted-rusty-iron","456":"game:chiseledblock","8606":"game:clutter","8611":"game:meta-filler","3920":"game:crackedrock-granite"},"ItemCodes":{},"Indices":[0,1024,2048,3072,4096,5120,1,1025,2049,3073,4097,5121,2,1026,2050,3074,4098,5122,3,1027,2051,3075,4099,5123,4,1028,2052,3076,4100,5124],"BlockIds":[6179,6179,6179,456,6179,6179,6179,8606,8611,8611,8611,3920,6179,8611,8611,8606,8611,456,6179,8606,8611,8611,8611,456,6179,6179,6179,456,3920,6179],"DecorIndices":[],"DecorIds":[],"BlockEntities":{"3072":"!<d@[F*P4O#64c-E,TfC!rr<$!<d@[F*`Pi#64o6@VfsmCI<#NAIW-_Bldj%ARo7dDe!Pj$#O*mATDKnCi]^Z!!\"5\\!!$[X!!$^Y!!\"5\\!!!$*A7]7hE`-gtz!=3^aFCB9*Df,QJ\"TSo8@s)7!Bk28pzqu6X)qQBo.oj7_\"n4s$:k*#g`k*H+Ok*lD>k+;Y_erg(tfolG!erKl+fq/=.accc+[BBQ9$>\"'gFAlmaAO158!'^_qF(o/r;f?JdA,uZp#S1ujA7\\&CD/XK;;f?JdA,uZp\"USXSDe!QX@;TQr6ZQUFCLq$!B6%EuBlmo/@<6*u@<*K\"Ci<g!EsidmG%#*$9jr-TEbSru;0?;bFD5i2ATItS!!!!1!!!!1!!!!1!!!!1!!!!","1025":"!<d@[F*P7P#64c-E,TfC!rr<$!<d@[F*`Jg#64o6@VfsmCI<#NAHu^]F`__:EWlSfH#R='CggjbATBA2B4YU.\":&scFCB9&=9&=$!!EUFATMNNDJ*csz\":&scFCB9&=o\\O&!!rsADes6$@ru9m!!E[MAT2'lE`7'gFCbFP!!!-,De<U&ATV#S!!!!%#B+3dF(KGrz\":&jWAohO*=o\\O&!!!","3074":"!<d@[F*P:Q#64c-E,TfC!rr<$!<d@[F*`Pi#64o6@VfsmCI<#NAHu^]F`__:EWlSfH#R=/@q]:bDK@I@BOPUm/TYK5FD5Z2\":&scFCB9&=9&=$!!EUFATMNNDJ*csz\":&scFCB9&=o\\O&!!rsADes6$@ru9m!!E[MAT2'lE`7'gFCbFP!!!-,De<U&ATV#S!!!!%#B+3dF(KGrz\":&jWAohO*=o\\O&!!!","5122":"!<d@[F*P:Q#64c-E,TfC!rr<$!<d@[F*`Vk#64o6@VfsmCI<#NAIW-_Bldj%ARo7dDe!Pj$#O*mATDKnCi]UW!!\"5\\!!!$*A7]7hE`-gtz!=3^aFCB9*Df,QJ\"TSo8@s)7!Bk28cznG`Io$>\"'gFAlmaAO158!'^_qF(o/r;f?JdA,uZp#S1ujA7\\&CD/XK;;f?JdA,uZp\"USXSDe!QX@;TQr6ZQUFCLq$!B6%EuBlmo/@<6*u@<*K\"Ci<g!EsidmG%#*$9jr-TEbSru;0?;bFD5i2ATIkP!!!!1!!!!","1027":"!<d@[F*P=R#64c-E,TfC!rr<$!<d@[F*`Jg#64o6@VfsmCI<#NAHu^]F`__:EWlSfH#R=2E+s9&/Tt]GH#e%KFCeu7FtI9BE--@.#BFa)@<?'_z\":8pVF(djWB5D,Z!!!!%#BFa)@<?'az#mk*[Ci!ZmFCet_\":K6]E+*I$;flGiAH2]1!!EOFAnH*qFBAMC!!!-,De<U&ATV&T!!!!%#B+3dF(KGsz!!","5123":"!<d@[F*P=R#64c-E,TfC!rr<$!<d@[F*`Vk#64o6@VfsmCI<#NAIW-_Bldj%ARo7dDe!Pj$#O*mATDKnCi]UW!!\"5\\!!!$*A7]7hE`-gtz!=3^aFCB9*Df,QJ\"TSo8@s)7!Bk28cznG`Io$>\"'gFAlmaAO158!'^_qF(o/r;f?JdA,uZp#S1ujA7\\&CD/XK;;f?JdA,uZp\"USXSDe!QX@;TQr6ZQUFCLq$!B6%EuBlmo/@<6*u@<*K\"Ci<g!EsidmG%#*$9jr-TEbSru;0?;bFD5i2ATIkP!!!!1!!!!","3076":"!<d@[F*P@S#64c-E,TfC!rr<$!<d@[F*`Pi#64o6@VfsmCI<#NAIW-_Bldj%ARo7dDe!Pj$#O*mATDKnCi][Y!!\"5\\!!$[X!!$^Y!!!$*A7]7hE`-gtz!=3^aFCB9*Df,QJ\"TSo8@s)7!Bk28pzn4s#a2.$@a3j/Paqu6X>(6\\c-(7,&q(7P?`(7tU/2Ne+s-=['32kL.<2K&XQ2Icdkore?$$>\"'gFAlmaAO158!'^_qF(o/r;f?JdA,uZp#S1ujA7\\&CD/XK;;f?JdA,uZp\"USXSDe!QX@;TQr6ZQUFCLq$!B6%EuBlmo/@<6*u@<*K\"Ci<g!EsidmG%#*$9jr-TEbSru;0?;bFD5i2ATIqR!!!!1!!!!1!!!!1!!!!"},"Entities":[],"ReplaceMode":2,"EntranceRotation":-1,"OriginalPos":{"X":515768,"Z":513154,"InternalY":3}}