{
  "textureWidth":16,
  "textureHeight":16,
  "textures":{
    "material":"game:block/metal/ingot/copper"
  },
  "textureSizes":{
    "material":[
      32,
      32
    ]
  },
  "elements":[
    {
      "name":"origin",
      "from":[
        11.0,
        0.5,
        7.699999988079071
      ],
      "to":[
        11.0,
        0.5,
        7.699999988079071
      ],
      "rotationOrigin":[
        8.0,
        0.0,
        8.0
      ],
      "group":"bone_metal_stonehead",
      "faces":{
        "north":{
          "texture":"#0",
          "uv":[
            0,
            0,
            4,
            4
          ],
          "autoUv":false
        },
        "east":{
          "texture":"#0",
          "uv":[
            0,
            0,
            4,
            4
          ],
          "autoUv":false
        },
        "south":{
          "texture":"#0",
          "uv":[
            0,
            0,
            4,
            4
          ],
          "autoUv":false
        },
        "west":{
          "texture":"#0",
          "uv":[
            0,
            0,
            4,
            4
          ],
          "autoUv":false
        },
        "up":{
          "texture":"#material",
          "uv":[
            0.0,
            0.0,
            1.0,
            1.0
          ],
          "autoUv":false,
          "rotation":180
        },
        "down":{
          "texture":"#0",
          "uv":[
            0,
            0,
            4,
            4
          ],
          "autoUv":false
        }
      },
      "children":[
        {
          "name":"bone_metal_stonehead1",
          "from":[
            -5.546153411269188,
            -0.11619311571121216,
            -0.2699333429336548
          ],
          "to":[
            -5.070901408791542,
            1.1161931157112122,
            0.8699324131011963
          ],
          "rotationOrigin":[
            -5.30852746963501,
            0.5,
            0.29999953508377075
          ],
          "rotationY":-179.9998957259296,
          "group":"bone_metal_stonehead",
          "faces":{
            "north":{
              "texture":"#material",
              "uv":[
                3.0,
                8.0,
                5.0,
                12.0
              ],
              "autoUv":false
            },
            "east":{
              "texture":"#material",
              "uv":[
                6.0,
                8.0,
                9.0,
                11.0
              ],
              "autoUv":false
            },
            "south":{
              "texture":"#material",
              "uv":[
                1.0,
                8.0,
                3.0,
                12.0
              ],
              "autoUv":false
            },
            "west":{
              "texture":"#material",
              "uv":[
                6.0,
                8.0,
                9.0,
                11.0
              ],
              "autoUv":false
            },
            "up":{
              "texture":"#material",
              "uv":[
                1.0,
                4.999998092651367,
                3.0,
                8.999998092651367
              ],
              "autoUv":false
            },
            "down":{
              "texture":"#material",
              "uv":[
                5.0,
                9.0,
                2.999999761581421,
                5.0
              ],
              "autoUv":false,
              "rotation":180
            }
          },
          "children":[]
        },
        {
          "name":"bone_metal_stonehead2",
          "from":[
            -6.241906255483627,
            -0.0868692398071289,
            -0.2735525369644165
          ],
          "to":[
            -5.706557184457779,
            1.086869239807129,
            0.8882906436920166
          ],
          "rotationOrigin":[
            -5.974231719970703,
            0.5,
            0.30736905336380005
          ],
          "rotationY":89.99998201391065,
          "group":"bone_metal_stonehead",
          "faces":{
            "north":{
              "texture":"#material",
              "uv":[
                6.999999523162842,
                4.0,
                9.0,
                7.999998092651367
              ],
              "autoUv":false
            },
            "east":{
              "texture":"#material",
              "uv":[
                6.0,
                1.0,
                9.0,
                4.0
              ],
              "autoUv":false
            },
            "south":{
              "texture":"#material",
              "uv":[
                1.0000001192092896,
                17.999999046325684,
                3.0,
                21.999999046325684
              ],
              "autoUv":false
            },
            "west":{
              "texture":"#material",
              "uv":[
                6.0,
                1.0,
                9.0,
                4.0
              ],
              "autoUv":false
            },
            "up":{
              "texture":"#material",
              "uv":[
                2.0,
                4.999998092651367,
                3.0,
                8.999998092651367
              ],
              "autoUv":false
            },
            "down":{
              "texture":"#material",
              "uv":[
                8.0,
                12.0,
                6.999999523162842,
                8.0
              ],
              "autoUv":false,
              "rotation":180
            }
          },
          "children":[]
        },
        {
          "name":"bone_metal_stonehead3",
          "from":[
            -6.744427815079689,
            -0.08634275197982788,
            0.11809520423412323
          ],
          "to":[
            -6.365878909826279,
            1.0863427519798279,
            0.49664296209812164
          ],
          "rotationOrigin":[
            -6.5551533699035645,
            0.5,
            0.30736905336380005
          ],
          "rotationY":44.999994422049916,
          "group":"bone_metal_stonehead",
          "faces":{
            "north":{
              "texture":"#material",
              "uv":[
                8.0,
                4.0,
                9.0,
                7.999998092651367
              ],
              "autoUv":false
            },
            "east":{
              "texture":"#material",
              "uv":[
                6.0,
                0.0,
                6.999999523162842,
                3.0
              ],
              "autoUv":false
            },
            "south":{
              "texture":"#material",
              "uv":[
                1.0000001192092896,
                17.999999046325684,
                2.0,
                21.999999046325684
              ],
              "autoUv":false
            },
            "west":{
              "texture":"#material",
              "uv":[
                8.0,
                0.0,
                9.0,
                4.0
              ],
              "autoUv":false
            },
            "up":{
              "texture":"#material",
              "uv":[
                2.0,
                8.0,
                3.0,
                8.999998092651367
              ],
              "autoUv":false
            },
            "down":{
              "texture":"#material",
              "uv":[
                9.0,
                9.0,
                8.0,
                8.0
              ],
              "autoUv":false,
              "rotation":180
            }
          },
          "children":[]
        },
        {
          "name":"bone_metal_stonehead4",
          "from":[
            -6.00467823445797,
            -0.1706984043121338,
            0.12131386995315552
          ],
          "to":[
            -5.632567897439003,
            1.1706984043121338,
            0.4934242367744446
          ],
          "rotationOrigin":[
            -5.818623065948486,
            0.5,
            0.30736905336380005
          ],
          "rotationY":89.99998201391065,
          "group":"bone_metal_stonehead",
          "faces":{
            "north":{
              "texture":"#material",
              "uv":[
                6.999999523162842,
                8.0,
                8.0,
                11.0
              ],
              "autoUv":false
            },
            "east":{
              "texture":"#material",
              "uv":[
                6.0,
                0.0,
                7.0,
                3.0
              ],
              "autoUv":false
            },
            "south":{
              "texture":"#material",
              "uv":[
                2.0,
                17.999999046325684,
                3.0,
                21.0
              ],
              "autoUv":false
            },
            "west":{
              "texture":"#material",
              "uv":[
                6.0,
                0.0,
                7.0,
                3.0
              ],
              "autoUv":false
            },
            "up":{
              "texture":"#material",
              "uv":[
                2.0,
                4.999998092651367,
                3.0,
                6.0
              ],
              "autoUv":false
            },
            "down":{
              "texture":"#material",
              "uv":[
                8.0,
                15.0,
                6.999999523162842,
                14.0
              ],
              "autoUv":false,
              "rotation":180
            }
          },
          "children":[]
        },
        {
          "name":"bone_metal_stonehead5",
          "from":[
            -4.183317646384239,
            -0.051153600215911865,
            0.12131386995315552
          ],
          "to":[
            -3.8112073093652725,
            0.8534137606620789,
            0.4934242367744446
          ],
          "rotationOrigin":[
            -3.997262477874756,
            0.4011300802230835,
            0.30736905336380005
          ],
          "rotationX":90.00000933466734,
          "rotationY":127.86351816846987,
          "rotationZ":-1.0449780495263005e-05,
          "group":"bone_metal_stonehead",
          "faces":{
            "north":{
              "texture":"#material",
              "uv":[
                6.999999523162842,
                8.0,
                8.0,
                11.0
              ],
              "autoUv":false
            },
            "east":{
              "texture":"#material",
              "uv":[
                6.0,
                0.0,
                7.0,
                3.0
              ],
              "autoUv":false
            },
            "south":{
              "texture":"#material",
              "uv":[
                2.0,
                17.999999046325684,
                3.0,
                21.0
              ],
              "autoUv":false
            },
            "west":{
              "texture":"#material",
              "uv":[
                6.0,
                0.0,
                7.0,
                3.0
              ],
              "autoUv":false
            },
            "up":{
              "texture":"#material",
              "uv":[
                2.0,
                4.999998092651367,
                3.0,
                6.0
              ],
              "autoUv":false
            },
            "down":{
              "texture":"#material",
              "uv":[
                8.0,
                15.0,
                6.999999523162842,
                14.0
              ],
              "autoUv":false,
              "rotation":180
            }
          },
          "children":[]
        }
      ]
    }
  ],
  "groups":[]
}