[
  {
    "file": "foodshelves:config/restrictions/glassware/meatfreezer.json",
    "op": "addmerge", "path": "/CollectibleCodes", "side": "server",
    "value": [
      "primitivesurvival:crabmeat-raw",
      "primitivesurvival:snakemeat-raw",
      "primitivesurvival:fishfillet-raw"
    ],
    "dependsOn": [ { "modid": "primitivesurvival" } ]
  },
  {
    "file": "foodshelves:config/restrictions/other/buckethook.json",
    "op": "addmerge", "path": "/CollectibleCodes/-", "side": "server",
    "value": "primitivesurvival:metalbucket-*",
    "dependsOn": [ { "modid": "primitivesurvival" } ]
  }
]