[
	{
		"file": "game:recipes/cooking/riceandbeans.json",
		"op": "addmerge",
		"path": "/ingredients/2/validStacks/-",
		"dependsOn": [{ "modid": "expandedfoods" }],
		"value": { "type": "item", "code": "brazilpiratefoods:choppedvegetable-potato", "shapeElement": "bowl/vegetable 1/*", "textureMapping": ["vegetable", "group6"] }
	},
	{
		"file": "game:recipes/cooking/riceandbeans.json",
		"op": "addmerge",
		"path": "/ingredients/3/validStacks/-",
		"dependsOn": [{ "modid": "expandedfoods" }],
		"value": { "type": "item", "code": "brazilpiratefoods:choppedvegetable-potato", "shapeElement": "bowl/vegetable 2/*", "textureMapping": ["vegetable", "group6"] }
	},
]