{
  "textureWidth":16,
  "textureHeight":16,
  "textures":{
    "grip":"game:block/leather/plain"
  },
  "textureSizes":{
    "grip":[
      32,
      32
    ]
  },
  "elements":[
    {
      "name":"origin",
      "from":[
        13.765359878540039,
        0.6221328973770142,
        8.087415345013142
      ],
      "to":[
        13.765359878540039,
        0.6221328973770142,
        8.087415345013142
      ],
      "rotationOrigin":[
        8.0,
        0.0,
        8.0
      ],
      "group":"fine_fabric",
      "faces":{
        "north":{
          "texture":"#0",
          "uv":[
            0,
            0,
            4,
            4
          ],
          "autoUv":false
        },
        "east":{
          "texture":"#0",
          "uv":[
            0,
            0,
            4,
            4
          ],
          "autoUv":false
        },
        "south":{
          "texture":"#0",
          "uv":[
            0,
            0,
            4,
            4
          ],
          "autoUv":false
        },
        "west":{
          "texture":"#0",
          "uv":[
            0,
            0,
            4,
            4
          ],
          "autoUv":false
        },
        "up":{
          "texture":"#grip",
          "uv":[
            0.0,
            0.0,
            1.0,
            1.0
          ],
          "autoUv":false,
          "rotation":180
        },
        "down":{
          "texture":"#0",
          "uv":[
            0,
            0,
            4,
            4
          ],
          "autoUv":false
        }
      },
      "children":[
        {
          "name":"fine_fabric 01",
          "from":[
            -8.987878799438477,
            -0.39325082302093506,
            -0.5167284682393074
          ],
          "to":[
            -4.048924446105957,
            0.7037711143493652,
            0.2146194502711296
          ],
          "rotationOrigin":[
            -6.518401622772217,
            0.1552601456642151,
            -0.1510545089840889
          ],
          "group":"fine_fabric",
          "faces":{
            "north":{
              "texture":"#grip",
              "uv":[
                13.503095626831055,
                21.40650749206543,
                18.496902465820312,
                27.71887493133545
              ],
              "autoUv":false,
              "rotation":270
            },
            "east":{
              "texture":"#grip",
              "uv":[
                14.751547813415527,
                18.751547813415527,
                17.248451232910156,
                21.248452186584473
              ],
              "autoUv":false,
              "rotation":270
            },
            "south":{
              "texture":"#grip",
              "uv":[
                13.503097534179688,
                12.281126022338867,
                18.496904373168945,
                18.59349250793457
              ],
              "autoUv":false,
              "rotation":270
            },
            "west":{
              "texture":"#grip",
              "uv":[
                23.52273941040039,
                19.456591606140137,
                25.561450958251953,
                22.51466178894043
              ],
              "autoUv":false
            },
            "up":{
              "texture":"#grip",
              "uv":[
                13.0,
                9.0,
                17.0,
                22.000000953674316
              ],
              "autoUv":false,
              "rotation":90
            },
            "down":{
              "texture":"#grip",
              "uv":[
                19.0,
                22.000000953674316,
                23.0,
                9.0
              ],
              "autoUv":false,
              "rotation":90
            }
          },
          "children":[]
        },
        {
          "name":"fine_fabric 02",
          "from":[
            -8.987878799438477,
            -0.21041381359100342,
            -0.6995657607913017
          ],
          "to":[
            -4.048924446105957,
            0.5209341049194336,
            -0.5167287811636925
          ],
          "rotationOrigin":[
            -6.518401622772217,
            0.1552601456642151,
            -0.6081472709774971
          ],
          "group":"fine_fabric",
          "faces":{
            "north":{
              "texture":"#grip",
              "uv":[
                22.0,
                16.0,
                11.0,
                19.0
              ],
              "autoUv":false
            },
            "east":{
              "texture":"#grip",
              "uv":[
                12.284515380859375,
                17.35819149017334,
                13.208879470825195,
                18.282556533813477
              ],
              "autoUv":false,
              "rotation":270
            },
            "south":{
              "texture":"#grip",
              "uv":[
                11.439449310302734,
                13.602106094360352,
                14.053946495056152,
                16.906930923461914
              ],
              "autoUv":false,
              "rotation":270
            },
            "west":{
              "texture":"#grip",
              "uv":[
                17.038822174072266,
                17.53626537322998,
                17.692447662353516,
                18.84351348876953
              ],
              "autoUv":false
            },
            "up":{
              "texture":"#grip",
              "uv":[
                14.053945541381836,
                13.602106094360352,
                16.66844367980957,
                16.906930923461914
              ],
              "autoUv":false,
              "rotation":270
            },
            "down":{
              "texture":"#grip",
              "uv":[
                11.439449310302734,
                16.906930923461914,
                8.824951171875,
                13.602106094360352
              ],
              "autoUv":false,
              "rotation":270
            }
          },
          "children":[]
        },
        {
          "name":"fine_fabric 03",
          "from":[
            -8.987878799438477,
            -0.21041381359100342,
            0.21461785584688187
          ],
          "to":[
            -4.048924446105957,
            0.5209341049194336,
            0.3974548354744911
          ],
          "rotationOrigin":[
            -6.518401622772217,
            0.1552601456642151,
            0.3060363456606865
          ],
          "group":"fine_fabric",
          "faces":{
            "north":{
              "texture":"#grip",
              "uv":[
                17.870914459228516,
                21.189156532287598,
                21.949893951416016,
                26.345142364501953
              ],
              "autoUv":false,
              "rotation":270
            },
            "east":{
              "texture":"#grip",
              "uv":[
                19.400531768798828,
                20.426664352416992,
                20.420276641845703,
                21.446409225463867
              ],
              "autoUv":false,
              "rotation":270
            },
            "south":{
              "texture":"#grip",
              "uv":[
                11.0,
                16.0,
                22.0,
                19.0
              ],
              "autoUv":false
            },
            "west":{
              "texture":"#grip",
              "uv":[
                24.645410537719727,
                20.623112678527832,
                25.366477966308594,
                22.065248489379883
              ],
              "autoUv":false
            },
            "up":{
              "texture":"#grip",
              "uv":[
                22.151803970336914,
                16.81692886352539,
                24.191295623779297,
                19.39492130279541
              ],
              "autoUv":false,
              "rotation":270
            },
            "down":{
              "texture":"#grip",
              "uv":[
                17.669002532958984,
                19.39492130279541,
                15.629512786865234,
                16.81692886352539
              ],
              "autoUv":false,
              "rotation":270
            }
          },
          "children":[]
        },
        {
          "name":"fine_fabric 04",
          "from":[
            -8.98741602897644,
            -0.36662982404232025,
            -0.6352975815534592
          ],
          "to":[
            -4.04892373085022,
            -0.10700149834156036,
            -0.45246073603630066
          ],
          "rotationOrigin":[
            -6.51816987991333,
            -0.2368156611919403,
            -0.5438791587948799
          ],
          "rotationX":-45.00000125223908,
          "group":"fine_fabric",
          "faces":{
            "north":{
              "texture":"#grip",
              "uv":[
                19.0,
                9.0,
                18.0,
                22.000000953674316
              ],
              "autoUv":false,
              "rotation":270
            },
            "east":{
              "texture":"#grip",
              "uv":[
                10.467052459716797,
                17.288411140441895,
                11.070204734802246,
                17.891563415527344
              ],
              "autoUv":false,
              "rotation":270
            },
            "south":{
              "texture":"#grip",
              "uv":[
                9.687779426574707,
                14.245357513427734,
                11.849477767944336,
                16.97757339477539
              ],
              "autoUv":false,
              "rotation":270
            },
            "west":{
              "texture":"#grip",
              "uv":[
                13.459037780761719,
                18.000788688659668,
                14.062190055847168,
                18.603940963745117
              ],
              "autoUv":false
            },
            "up":{
              "texture":"#grip",
              "uv":[
                11.849477767944336,
                14.245357513427734,
                14.011177062988281,
                16.977572441101074
              ],
              "autoUv":false,
              "rotation":270
            },
            "down":{
              "texture":"#grip",
              "uv":[
                9.687779426574707,
                16.977572441101074,
                7.52608060836792,
                14.245357513427734
              ],
              "autoUv":false,
              "rotation":270
            }
          },
          "children":[]
        },
        {
          "name":"fine_fabric 05",
          "from":[
            -8.98741602897644,
            0.41826973855495453,
            -0.6345494240522385
          ],
          "to":[
            -4.04892373085022,
            0.6778980642557144,
            -0.45171257853507996
          ],
          "rotationOrigin":[
            -6.51816987991333,
            0.5480839014053345,
            -0.5431310012936592
          ],
          "rotationX":45.00000125223908,
          "group":"fine_fabric",
          "faces":{
            "north":{
              "texture":"#grip",
              "uv":[
                12.0,
                9.0,
                13.0,
                22.000000953674316
              ],
              "autoUv":false,
              "rotation":270
            },
            "east":{
              "texture":"#grip",
              "uv":[
                11.182103157043457,
                16.215835571289062,
                11.785255432128906,
                16.818988800048828
              ],
              "autoUv":false,
              "rotation":270
            },
            "south":{
              "texture":"#grip",
              "uv":[
                10.402830123901367,
                13.172782897949219,
                12.564528465270996,
                15.904998779296875
              ],
              "autoUv":false,
              "rotation":270
            },
            "west":{
              "texture":"#grip",
              "uv":[
                14.74399185180664,
                16.358311653137207,
                15.34714412689209,
                16.961463928222656
              ],
              "autoUv":false
            },
            "up":{
              "texture":"#grip",
              "uv":[
                12.564528465270996,
                13.172782897949219,
                14.726226806640625,
                15.904998779296875
              ],
              "autoUv":false,
              "rotation":270
            },
            "down":{
              "texture":"#grip",
              "uv":[
                10.402830123901367,
                15.904998779296875,
                8.241130828857422,
                13.172782897949219
              ],
              "autoUv":false,
              "rotation":270
            }
          },
          "children":[]
        },
        {
          "name":"fine_fabric 06",
          "from":[
            -8.98741602897644,
            0.41826973855495453,
            0.14960213005542755
          ],
          "to":[
            -4.04892373085022,
            0.6778980642557144,
            0.33243897557258606
          ],
          "rotationOrigin":[
            -6.51816987991333,
            0.5480839014053345,
            0.2410205528140068
          ],
          "rotationX":-45.00000125223908,
          "group":"fine_fabric",
          "faces":{
            "north":{
              "texture":"#grip",
              "uv":[
                20.003515243530273,
                20.76386833190918,
                22.433433532714844,
                23.835092544555664
              ],
              "autoUv":false,
              "rotation":270
            },
            "east":{
              "texture":"#grip",
              "uv":[
                20.91473388671875,
                20.003023147583008,
                21.522214889526367,
                20.61050319671631
              ],
              "autoUv":false,
              "rotation":270
            },
            "south":{
              "texture":"#grip",
              "uv":[
                17.0,
                9.0,
                18.000001907348633,
                22.000000953674316
              ],
              "autoUv":false,
              "rotation":90
            },
            "west":{
              "texture":"#grip",
              "uv":[
                24.502178192138672,
                20.14652156829834,
                25.10965919494629,
                20.75400161743164
              ],
              "autoUv":false
            },
            "up":{
              "texture":"#grip",
              "uv":[
                22.4948673248291,
                17.025388717651367,
                24.53400993347168,
                19.602703094482422
              ],
              "autoUv":false,
              "rotation":270
            },
            "down":{
              "texture":"#grip",
              "uv":[
                19.942081451416016,
                19.602703094482422,
                17.902938842773438,
                17.025388717651367
              ],
              "autoUv":false,
              "rotation":270
            }
          },
          "children":[]
        },
        {
          "name":"fine_fabric 07",
          "from":[
            -8.98741602897644,
            -0.36662982404232025,
            0.15034981071949005
          ],
          "to":[
            -4.04892373085022,
            -0.10700149834156036,
            0.33318665623664856
          ],
          "rotationOrigin":[
            -6.51816987991333,
            -0.2368156611919403,
            0.2417682334780693
          ],
          "rotationX":45.00000125223908,
          "group":"fine_fabric",
          "faces":{
            "north":{
              "texture":"#grip",
              "uv":[
                20.003515243530273,
                20.76386833190918,
                22.433433532714844,
                23.835092544555664
              ],
              "autoUv":false,
              "rotation":270
            },
            "east":{
              "texture":"#grip",
              "uv":[
                20.91473388671875,
                20.003023147583008,
                21.522214889526367,
                20.61050319671631
              ],
              "autoUv":false,
              "rotation":270
            },
            "south":{
              "texture":"#grip",
              "uv":[
                24.001375198364258,
                9.0,
                23.0,
                22.000000953674316
              ],
              "autoUv":false,
              "rotation":90
            },
            "west":{
              "texture":"#grip",
              "uv":[
                23.928186416625977,
                20.72051239013672,
                24.535667419433594,
                21.32799243927002
              ],
              "autoUv":false
            },
            "up":{
              "texture":"#grip",
              "uv":[
                22.4948673248291,
                17.025388717651367,
                24.53400993347168,
                19.602703094482422
              ],
              "autoUv":false,
              "rotation":270
            },
            "down":{
              "texture":"#grip",
              "uv":[
                19.942081451416016,
                19.602703094482422,
                17.902938842773438,
                17.025388717651367
              ],
              "autoUv":false,
              "rotation":270
            }
          },
          "children":[]
        }
      ]
    }
  ],
  "groups":[]
}