{
	"editor": {
		"backDropShape": "entity/nonliving/boat/sailed",
		"allAngles": true,
		"entityTextureMode": false
	},
	"textureWidth": 16,
	"textureHeight": 16,
	"textureSizes": {
		"leather": [16,16]
	},
	"textures": {
		"leather": "block/leather/plain",
		"iron1": "block/metal/sheet-plain/iron1",
		"tinbronze1": "block/metal/sheet-plain/tinbronze1",
		"rustyglow": "entity/humanoid/seraphclothes/neck/gem/topaz"
	},
	"elements": [
		{
			"name": "boatORIGIN",
			"stepParentName": "MedalionStorage",
			"from": [ 0.0, 0.0, 0.0 ],
			"to": [ 1.0, 1.0, 1.0 ],
			"faces": {
			},
			"children": [
				{
					"name": "Medallion",
					"from": [ 2.6, 3.5, 0.8 ],
					"to": [ 3.8, 3.7, 2.0 ],
					"rotationOrigin": [ 2.6, 3.5, 0.8 ],
					"rotationX": -90.0,
					"rotationY": -45.0,
					"faces": {
						"north": { "texture": "#tinbronze1", "uv": [ 8.0, 8.0, 9.0, 8.5 ] },
						"east": { "texture": "#tinbronze1", "uv": [ 9.5, 15.0, 10.5, 15.5 ] },
						"south": { "texture": "#tinbronze1", "uv": [ 4.5, 5.0, 5.5, 5.5 ] },
						"west": { "texture": "#tinbronze1", "uv": [ 8.0, 14.0, 9.0, 14.5 ] },
						"up": { "texture": "#tinbronze1", "uv": [ 11.5, 6.0, 12.5, 7.0 ] }
					},
					"children": [
						{
							"name": "strap",
							"from": [ 1.6, 0.0, 0.21 ],
							"to": [ 2.2, 0.1, 0.81 ],
							"rotationOrigin": [ 0.8, 0.0, -0.1 ],
							"rotationY": -45.0,
							"faces": {
								"north": { "texture": "#leather", "uv": [ 2.0, 3.0, 2.5, 3.5 ] },
								"east": { "texture": "#leather", "uv": [ 0.0, 0.0, 0.5, 0.5 ], "windMode": [-1,-1,-1,-1], "windData": [1,1,1,1] },
								"south": { "texture": "#leather", "uv": [ 11.5, 2.0, 12.0, 2.5 ] },
								"up": { "texture": "#leather", "uv": [ 5.5, 4.0, 6.0, 4.5 ] },
								"down": { "texture": "#leather", "uv": [ 2.5, 15.0, 3.0, 15.5 ] }
							}
						},
						{
							"name": "Cube3",
							"from": [ -0.4, -0.01, -0.4 ],
							"to": [ 0.4, 0.19, 0.4 ],
							"rotationOrigin": [ 0.0, -0.1, 0.0 ],
							"faces": {
								"north": { "texture": "#tinbronze1", "uv": [ 3.5, 7.5, 4.0, 8.0 ] },
								"east": { "texture": "#tinbronze1", "uv": [ 14.5, 5.0, 15.0, 5.5 ] },
								"south": { "texture": "#tinbronze1", "uv": [ 13.5, 8.0, 14.0, 8.5 ] },
								"west": { "texture": "#tinbronze1", "uv": [ 8.0, 14.5, 8.5, 15.0 ] },
								"up": { "texture": "#tinbronze1", "uv": [ 8.0, 9.0, 8.5, 9.5 ] }
							},
							"children": [
								{
									"name": "gem2",
									"from": [ 0.2, 0.2, 0.2 ],
									"to": [ 0.6, 0.3, 0.6 ],
									"rotationOrigin": [ 0.4, 0.2, 0.4 ],
									"faces": {
										"north": { "texture": "#rustyglow", "uv": [ 0.0, 0.0, 0.5, 0.5 ] },
										"east": { "texture": "#rustyglow", "uv": [ 0.0, 0.0, 0.5, 0.5 ] },
										"south": { "texture": "#rustyglow", "uv": [ 0.0, 0.0, 0.5, 0.5 ] },
										"west": { "texture": "#rustyglow", "uv": [ 0.0, 0.0, 0.5, 0.5 ] },
										"up": { "texture": "#rustyglow", "uv": [ 0.0, 0.0, 0.5, 0.5 ] },
										"down": { "texture": "#rustyglow", "uv": [ 0.0, 0.0, 0.5, 0.5 ] }
									}
								}
							]
						},
						{
							"name": "Cube4",
							"from": [ -0.6, -0.02, -0.6 ],
							"to": [ -0.2, 0.18, -0.2 ],
							"rotationOrigin": [ -0.2, -0.1, -0.2 ],
							"faces": {
								"north": { "texture": "#tinbronze1", "uv": [ 5.5, 9.5, 6.0, 10.0 ] },
								"east": { "texture": "#tinbronze1", "uv": [ 0.5, 0.0, 1.0, 0.5 ] },
								"south": { "texture": "#tinbronze1", "uv": [ 6.0, 7.5, 6.5, 8.0 ] },
								"west": { "texture": "#tinbronze1", "uv": [ 5.5, 4.5, 6.0, 5.0 ] },
								"up": { "texture": "#tinbronze1", "uv": [ 10.0, 14.5, 10.5, 15.0 ] }
							}
						},
						{
							"name": "gem1",
							"from": [ 0.3, 0.2, 0.3 ],
							"to": [ 0.9, 0.4, 0.9 ],
							"rotationOrigin": [ 0.6, 0.2, 0.6 ],
							"faces": {
								"north": { "texture": "#rustyglow", "uv": [ 5.5, 4.0, 6.0, 4.5 ] },
								"east": { "texture": "#rustyglow", "uv": [ 11.5, 4.0, 12.0, 4.5 ] },
								"south": { "texture": "#rustyglow", "uv": [ 10.5, 15.0, 11.0, 15.5 ] },
								"west": { "texture": "#rustyglow", "uv": [ 13.5, 11.5, 14.0, 12.0 ] },
								"up": { "texture": "#rustyglow", "uv": [ 0.0, 0.5, 0.5, 1.0 ] }
							}
						},
						{
							"name": "Cube2",
							"from": [ 0.0, -0.1, 0.0 ],
							"to": [ 0.4, 0.1, 1.5 ],
							"rotationOrigin": [ 0.0, 0.0, 0.0 ],
							"rotationY": -25.0,
							"faces": {
								"east": { "texture": "#tinbronze1", "uv": [ 0.0, 0.0, 1.5, 0.5 ] },
								"south": { "texture": "#tinbronze1", "uv": [ 0.0, 0.0, 0.5, 0.5 ] },
								"west": { "texture": "#tinbronze1", "uv": [ 0.0, 0.0, 1.5, 0.5 ] },
								"up": { "texture": "#tinbronze1", "uv": [ 0.0, 0.0, 0.5, 1.5 ] },
								"down": { "texture": "#tinbronze1", "uv": [ 0.0, 0.0, 0.5, 1.5 ] }
							}
						},
						{
							"name": "Cube5",
							"from": [ 0.0, -0.1, 0.0 ],
							"to": [ 1.5, 0.1, 0.4 ],
							"rotationOrigin": [ 0.0, 0.0, 0.0 ],
							"rotationY": 25.0,
							"faces": {
								"north": { "texture": "#tinbronze1", "uv": [ 0.0, 0.0, 1.5, 0.5 ], "windMode": [-1,-1,-1,-1], "windData": [1,1,1,1] },
								"east": { "texture": "#tinbronze1", "uv": [ 0.0, 0.0, 0.5, 0.5 ] },
								"south": { "texture": "#tinbronze1", "uv": [ 0.0, 0.0, 1.5, 0.5 ], "windMode": [-1,-1,-1,-1], "windData": [1,1,1,1] },
								"up": { "texture": "#tinbronze1", "uv": [ 0.0, 0.0, 1.5, 0.5 ] },
								"down": { "texture": "#tinbronze1", "uv": [ 0.0, 0.0, 1.5, 0.5 ] }
							}
						}
					]
				}
			]
		},
		{
			"name": "headstrap",
			"stepParentName": "MedalionStorage",
			"from": [ 2.3, 5.19, 2.4 ],
			"to": [ 3.9, 5.39, 3.0 ],
			"rotationOrigin": [ 2.3, 5.2, 2.4 ],
			"rotationX": -90.0,
			"rotationY": 90.0,
			"rotationZ": 90.0,
			"faces": {
				"north": { "texture": "#leather", "uv": [ 5.5, 4.0, 7.0, 4.5 ] },
				"south": { "texture": "#leather", "uv": [ 2.5, 4.0, 4.0, 4.5 ] },
				"west": { "texture": "#leather", "uv": [ 5.5, 13.5, 6.0, 14.0 ], "windMode": [-1,-1,-1,-1] },
				"up": { "texture": "#leather", "uv": [ 0.0, 9.0, 1.5, 9.5 ] }
			},
			"children": [
				{
					"name": "nail",
					"from": [ 0.4, 0.2, 0.2 ],
					"to": [ 0.6, 0.3, 0.4 ],
					"rotationOrigin": [ 0.4, 0.2, 0.2 ],
					"faces": {
						"north": { "texture": "#iron1", "uv": [ 0.0, 0.0, 0.5, 0.5 ] },
						"east": { "texture": "#iron1", "uv": [ 0.0, 0.0, 0.5, 0.5 ] },
						"south": { "texture": "#iron1", "uv": [ 0.0, 0.0, 0.5, 0.5 ] },
						"west": { "texture": "#iron1", "uv": [ 0.0, 0.0, 0.5, 0.5 ] },
						"up": { "texture": "#iron1", "uv": [ 0.0, 0.0, 0.5, 0.5 ] },
						"down": { "texture": "#iron1", "uv": [ 0.0, 0.0, 0.5, 0.5 ] }
					}
				}
			]
		}
	]}