{
	"editor": {
		"collapsedPaths": ",Root/Walkway20/Support,Root/base/walkway3,Root/base/walkway2,Root/Walkway20/Walkway21,Root/base/walkway6,Root/Walkway20,Root/Support1,Root/base/Support",
		"allAngles": false,
		"entityTextureMode": false
	},
	"textureWidth": 16,
	"textureHeight": 16,
	"textureSizes": {
		"metal": [16,16],
		"aged": [16,16]
	},
	"textures": {
		"snowcover": "block/liquid/snow/normal1",
		"bark": "block/wood/bark/oak-h",
		"walkway": "block/wood/debarked/oak",
		"endp": "block/wood/treetrunk/aged"
	},
	"elements": [
		{
			"name": "base",
			"from": [ 0.0, 0.4, 0.0 ],
			"to": [ 0.0, 0.4, 0.0 ],
			"rotationOrigin": [ 0.0, 0.4, 0.0 ],
			"faces": {
				"north": { "texture": "#walkway", "uv": [ 0.0, 0.0, 0.5, 0.5 ] },
				"east": { "texture": "#walkway", "uv": [ 0.0, 0.0, 0.5, 0.5 ] },
				"south": { "texture": "#walkway", "uv": [ 0.0, 0.0, 0.5, 0.5 ] },
				"west": { "texture": "#walkway", "uv": [ 0.0, 0.0, 0.5, 0.5 ] },
				"up": { "texture": "#walkway", "uv": [ 0.0, 0.0, 0.5, 0.5 ] },
				"down": { "texture": "#walkway", "uv": [ 0.0, 0.0, 0.5, 0.5 ] }
			},
			"children": [
				{
					"name": "walkway",
					"from": [ 0.01, 15.0, 15.4 ],
					"to": [ 8.01, 17.0, 16.4 ],
					"rotationOrigin": [ 8.0, 15.0, 15.9 ],
					"rotationX": -90.0,
					"faces": {
						"north": { "texture": "#walkway", "uv": [ 6.0, 11.5, 14.0, 13.5 ] },
						"south": { "texture": "#walkway", "uv": [ 0.0, 12.0, 8.0, 14.0 ] },
						"west": { "texture": "#walkway", "uv": [ 13.5, 0.0, 14.5, 2.0 ] },
						"up": { "texture": "#walkway", "uv": [ 0.0, 1.0, 8.0, 2.0 ] },
						"down": { "texture": "#walkway", "uv": [ 0.0, 0.0, 8.0, 1.0 ] }
					},
					"children": [
						{
							"name": "walkway31",
							"from": [ 7.98, 0.0, 0.0 ],
							"to": [ 15.98, 2.0, 1.0 ],
							"rotationOrigin": [ 7.99, 0.2, 0.5 ],
							"rotationX": 4.0,
							"faces": {
								"north": { "texture": "#walkway", "uv": [ 0.0, 11.0, 8.0, 13.0 ] },
								"east": { "texture": "#walkway", "uv": [ 0.0, 0.0, 1.0, 2.0 ] },
								"south": { "texture": "#walkway", "uv": [ 6.0, 11.0, 14.0, 13.0 ] },
								"west": { "texture": "#walkway", "uv": [ 0.0, 0.0, 1.0, 2.0 ] },
								"up": { "texture": "#walkway", "uv": [ 6.0, 0.5, 14.0, 1.5 ] },
								"down": { "texture": "#walkway", "uv": [ 6.0, 0.0, 14.0, 1.0 ] }
							}
						}
					]
				},
				{
					"name": "walkway2",
					"from": [ 0.01, 14.9, 12.9 ],
					"to": [ 8.01, 16.4, 13.9 ],
					"rotationOrigin": [ 8.0, 14.9, 13.4 ],
					"rotationX": -91.0,
					"rotationY": 1.0,
					"faces": {
						"north": { "texture": "#walkway", "uv": [ 6.0, 11.5, 14.0, 13.0 ] },
						"east": { "texture": "#walkway", "uv": [ 0.0, 0.0, 1.0, 1.5 ] },
						"south": { "texture": "#walkway", "uv": [ 0.0, 12.0, 8.0, 13.5 ] },
						"west": { "texture": "#walkway", "uv": [ 0.0, 0.0, 1.0, 1.5 ] },
						"up": { "texture": "#walkway", "uv": [ 0.0, 0.0, 8.0, 1.0 ] },
						"down": { "texture": "#walkway", "uv": [ 0.0, 0.0, 8.0, 1.0 ] }
					},
					"children": [
						{
							"name": "walkway34",
							"from": [ 7.99, 0.0, 0.0 ],
							"to": [ 15.99, 1.5, 1.0 ],
							"rotationOrigin": [ 8.0, 0.0, 0.5 ],
							"rotationX": 2.0012,
							"rotationY": -1.9988,
							"rotationZ": 1.0698,
							"faces": {
								"north": { "texture": "#walkway", "uv": [ 0.0, 11.5, 8.0, 13.0 ] },
								"east": { "texture": "#walkway", "uv": [ 0.0, 0.0, 1.0, 1.5 ] },
								"south": { "texture": "#walkway", "uv": [ 6.0, 12.0, 14.0, 13.5 ] },
								"west": { "texture": "#walkway", "uv": [ 0.0, 0.0, 1.0, 1.5 ] },
								"up": { "texture": "#walkway", "uv": [ 6.0, 0.0, 14.0, 1.0 ] },
								"down": { "texture": "#walkway", "uv": [ 6.0, 0.0, 14.0, 1.0 ] }
							}
						}
					]
				},
				{
					"name": "walkway3",
					"from": [ 0.01, 14.8, 11.2 ],
					"to": [ 8.01, 16.8, 12.2 ],
					"rotationOrigin": [ 8.0, 14.8, 11.7 ],
					"rotationX": -87.0,
					"rotationY": 1.0,
					"faces": {
						"north": { "texture": "#walkway", "uv": [ 6.0, 11.0, 14.0, 13.0 ] },
						"east": { "texture": "#walkway", "uv": [ 0.0, 0.0, 1.0, 2.0 ] },
						"south": { "texture": "#walkway", "uv": [ 0.0, 11.0, 8.0, 13.0 ] },
						"west": { "texture": "#walkway", "uv": [ 0.0, 0.0, 1.0, 2.0 ] },
						"up": { "texture": "#walkway", "uv": [ 0.0, 0.5, 8.0, 1.5 ] },
						"down": { "texture": "#walkway", "uv": [ 0.0, 0.0, 8.0, 1.0 ] }
					},
					"children": [
						{
							"name": "walkway19",
							"from": [ 7.99, 0.0, 0.2 ],
							"to": [ 15.99, 2.0, 1.2 ],
							"rotationOrigin": [ 8.0, 0.0, 0.7 ],
							"rotationX": -4.0006,
							"rotationY": -0.9976,
							"rotationZ": 1.9302,
							"faces": {
								"north": { "texture": "#walkway", "uv": [ 0.0, 11.0, 8.0, 13.0 ] },
								"east": { "texture": "#walkway", "uv": [ 0.0, 0.0, 1.0, 2.0 ] },
								"south": { "texture": "#walkway", "uv": [ 6.0, 11.0, 14.0, 13.0 ] },
								"west": { "texture": "#walkway", "uv": [ 0.0, 0.0, 1.0, 2.0 ] },
								"up": { "texture": "#walkway", "uv": [ 6.0, 0.5, 14.0, 1.5 ] },
								"down": { "texture": "#walkway", "uv": [ 6.0, 0.0, 14.0, 1.0 ] }
							}
						}
					]
				},
				{
					"name": "walkway35",
					"from": [ 0.02, 14.7, 8.9 ],
					"to": [ 8.0, 15.7, 9.9 ],
					"rotationOrigin": [ 8.0, 14.7, 9.4 ],
					"rotationX": -89.0,
					"faces": {
						"north": { "texture": "#walkway", "uv": [ 0.0, 11.5, 7.5, 12.5 ] },
						"east": { "texture": "#walkway", "uv": [ 0.0, 0.0, 1.0, 1.0 ] },
						"south": { "texture": "#walkway", "uv": [ 6.0, 12.0, 13.5, 13.0 ] },
						"west": { "texture": "#walkway", "uv": [ 0.0, 0.0, 1.0, 1.0 ] },
						"up": { "texture": "#walkway", "uv": [ 6.0, 0.0, 13.5, 1.0 ] },
						"down": { "texture": "#walkway", "uv": [ 6.0, 0.0, 13.5, 1.0 ] }
					},
					"children": [
						{
							"name": "walkway20",
							"from": [ 7.98, 0.0, 0.0 ],
							"to": [ 15.96, 1.0, 1.0 ],
							"rotationOrigin": [ 8.0, 0.0, 0.5 ],
							"rotationX": -4.0,
							"faces": {
								"north": { "texture": "#walkway", "uv": [ 0.0, 11.5, 7.5, 12.5 ] },
								"east": { "texture": "#walkway", "uv": [ 0.0, 0.0, 1.0, 1.0 ] },
								"south": { "texture": "#walkway", "uv": [ 6.0, 12.0, 13.5, 13.0 ] },
								"west": { "texture": "#walkway", "uv": [ 0.0, 0.0, 1.0, 1.0 ] },
								"up": { "texture": "#walkway", "uv": [ 6.0, 0.0, 13.5, 1.0 ] },
								"down": { "texture": "#walkway", "uv": [ 6.0, 0.0, 13.5, 1.0 ] }
							}
						}
					]
				},
				{
					"name": "walkway5",
					"from": [ 0.05, 14.9, 7.4 ],
					"to": [ 8.05, 16.9, 8.4 ],
					"rotationOrigin": [ 8.0, 14.9, 7.9 ],
					"rotationX": -92.0,
					"rotationY": 2.0,
					"rotationZ": 1.0,
					"faces": {
						"north": { "texture": "#walkway", "uv": [ 6.0, 11.0, 14.0, 13.0 ] },
						"east": { "texture": "#walkway", "uv": [ 0.0, 0.0, 1.0, 2.0 ] },
						"south": { "texture": "#walkway", "uv": [ 0.0, 11.0, 8.0, 13.0 ] },
						"west": { "texture": "#walkway", "uv": [ 0.0, 0.0, 1.0, 2.0 ] },
						"up": { "texture": "#walkway", "uv": [ 0.0, 0.5, 8.0, 1.5 ] },
						"down": { "texture": "#walkway", "uv": [ 0.0, 0.0, 8.0, 1.0 ] }
					},
					"children": [
						{
							"name": "walkway22",
							"from": [ 7.95, 0.0, 0.1 ],
							"to": [ 15.93, 2.0, 1.1 ],
							"rotationOrigin": [ 8.0, 0.0, 0.6 ],
							"rotationX": 4.0,
							"rotationY": -1.0993,
							"rotationZ": -0.6272,
							"faces": {
								"north": { "texture": "#walkway", "uv": [ 0.0, 11.0, 7.5, 13.0 ] },
								"east": { "texture": "#walkway", "uv": [ 0.0, 0.0, 1.0, 2.0 ] },
								"south": { "texture": "#walkway", "uv": [ 6.0, 11.0, 13.5, 13.0 ] },
								"west": { "texture": "#walkway", "uv": [ 0.0, 0.0, 1.0, 2.0 ] },
								"up": { "texture": "#walkway", "uv": [ 6.0, 0.5, 13.5, 1.5 ] },
								"down": { "texture": "#walkway", "uv": [ 6.0, 0.0, 13.5, 1.0 ] }
							}
						}
					]
				},
				{
					"name": "walkway6",
					"from": [ 0.02, 14.9, 4.9 ],
					"to": [ 8.0, 16.4, 5.9 ],
					"rotationOrigin": [ 8.0, 14.9, 5.4 ],
					"rotationX": -85.0,
					"faces": {
						"north": { "texture": "#walkway", "uv": [ 6.0, 11.5, 13.5, 13.0 ] },
						"east": { "texture": "#walkway", "uv": [ 0.0, 0.0, 1.0, 1.5 ] },
						"south": { "texture": "#walkway", "uv": [ 0.0, 12.0, 7.5, 13.5 ] },
						"west": { "texture": "#walkway", "uv": [ 0.0, 0.0, 1.0, 1.5 ] },
						"up": { "texture": "#walkway", "uv": [ 0.0, 0.0, 7.5, 1.0 ] },
						"down": { "texture": "#walkway", "uv": [ 0.0, 0.0, 7.5, 1.0 ] }
					},
					"children": [
						{
							"name": "walkway23",
							"from": [ 8.0, 0.0, 0.0 ],
							"to": [ 16.0, 1.5, 1.0 ],
							"rotationOrigin": [ 8.0, 0.0, 0.5 ],
							"rotationX": -3.0,
							"rotationY": 2.0,
							"rotationZ": 1.0,
							"faces": {
								"north": { "texture": "#walkway", "uv": [ 0.0, 11.5, 8.0, 13.0 ] },
								"east": { "texture": "#walkway", "uv": [ 0.0, 0.0, 1.0, 1.5 ] },
								"south": { "texture": "#walkway", "uv": [ 6.0, 12.0, 14.0, 13.5 ] },
								"west": { "texture": "#walkway", "uv": [ 0.0, 0.0, 1.0, 1.5 ] },
								"up": { "texture": "#walkway", "uv": [ 6.0, 0.0, 14.0, 1.0 ] },
								"down": { "texture": "#walkway", "uv": [ 6.0, 0.0, 14.0, 1.0 ] }
							}
						}
					]
				},
				{
					"name": "walkway7",
					"from": [ 0.2, 15.0, 2.9 ],
					"to": [ 8.18, 17.0, 3.9 ],
					"rotationOrigin": [ 8.0, 15.0, 3.4 ],
					"rotationX": -89.0,
					"rotationZ": 3.0,
					"faces": {
						"north": { "texture": "#walkway", "uv": [ 6.0, 11.0, 13.5, 13.0 ] },
						"east": { "texture": "#walkway", "uv": [ 0.0, 0.0, 1.0, 2.0 ] },
						"south": { "texture": "#walkway", "uv": [ 0.0, 11.0, 7.5, 13.0 ] },
						"west": { "texture": "#walkway", "uv": [ 0.0, 0.0, 1.0, 2.0 ] },
						"up": { "texture": "#walkway", "uv": [ 0.0, 0.5, 7.5, 1.5 ] },
						"down": { "texture": "#walkway", "uv": [ 0.0, 0.0, 7.5, 1.0 ] }
					},
					"children": [
						{
							"name": "walkway24",
							"from": [ 7.86, 0.0, 0.0 ],
							"to": [ 15.78, 2.0, 1.0 ],
							"rotationOrigin": [ 8.0, 0.0, 0.5 ],
							"rotationX": -2.9959,
							"rotationY": 0.1569,
							"rotationZ": -1.9959,
							"faces": {
								"north": { "texture": "#walkway", "uv": [ 0.0, 11.0, 7.5, 13.0 ] },
								"east": { "texture": "#walkway", "uv": [ 0.0, 0.0, 1.0, 2.0 ] },
								"south": { "texture": "#walkway", "uv": [ 6.0, 11.5, 13.5, 13.5 ] },
								"west": { "texture": "#walkway", "uv": [ 0.0, 0.0, 1.0, 2.0 ] },
								"up": { "texture": "#walkway", "uv": [ 6.0, 0.5, 13.5, 1.5 ] },
								"down": { "texture": "#walkway", "uv": [ 6.0, 0.0, 13.5, 1.0 ] }
							}
						}
					]
				},
				{
					"name": "walkway36",
					"from": [ 0.02, 14.5, 0.1 ],
					"to": [ 8.0, 15.5, 1.1 ],
					"rotationOrigin": [ 8.0, 14.5, 0.6 ],
					"faces": {
						"north": { "texture": "#walkway", "uv": [ 0.0, 11.5, 7.5, 12.5 ] },
						"east": { "texture": "#walkway", "uv": [ 0.0, 0.0, 1.0, 1.0 ] },
						"south": { "texture": "#walkway", "uv": [ 6.0, 12.0, 13.5, 13.0 ] },
						"west": { "texture": "#walkway", "uv": [ 0.0, 0.0, 1.0, 1.0 ] },
						"up": { "texture": "#walkway", "uv": [ 6.0, 0.0, 13.5, 1.0 ] },
						"down": { "texture": "#walkway", "uv": [ 6.0, 0.0, 13.5, 1.0 ] }
					},
					"children": [
						{
							"name": "walkway21",
							"from": [ 7.98, 0.0, 0.0 ],
							"to": [ 15.96, 1.0, 1.0 ],
							"rotationOrigin": [ 8.0, 0.0, 0.5 ],
							"rotationX": -4.0,
							"faces": {
								"north": { "texture": "#walkway", "uv": [ 0.0, 11.5, 7.5, 12.5 ] },
								"east": { "texture": "#walkway", "uv": [ 0.0, 0.0, 1.0, 1.0 ] },
								"south": { "texture": "#walkway", "uv": [ 6.0, 12.0, 13.5, 13.0 ] },
								"west": { "texture": "#walkway", "uv": [ 0.0, 0.0, 1.0, 1.0 ] },
								"up": { "texture": "#walkway", "uv": [ 6.0, 0.0, 13.5, 1.0 ] },
								"down": { "texture": "#walkway", "uv": [ 6.0, 0.0, 13.5, 1.0 ] }
							}
						}
					]
				}
			]
		},
		{
			"name": "Support2",
			"from": [ 6.48, 11.92, -4.9 ],
			"to": [ 9.48, 14.9, 6.32 ],
			"rotationOrigin": [ 7.7, 13.4, 8.0 ],
			"rotationY": -45.0,
			"faces": {
				"north": { "texture": "#endp", "uv": [ 0.0, 0.0, 16.0, 16.0 ], "autoUv": false },
				"east": { "texture": "#bark", "uv": [ 0.0, 13.5, 11.0, 16.0 ] },
				"west": { "texture": "#bark", "uv": [ 5.0, 13.5, 16.0, 16.0 ] },
				"up": { "texture": "#bark", "uv": [ 5.0, 13.0, 16.0, 16.0 ], "rotation": 90 },
				"down": { "texture": "#bark", "uv": [ 3.0, 13.0, 14.0, 16.0 ], "rotation": 90 }
			},
			"children": [
				{
					"name": "Support3",
					"from": [ 0.0, 0.0, 14.22 ],
					"to": [ 3.0, 2.98, 25.44 ],
					"rotationOrigin": [ 1.5, 1.5, 14.3 ],
					"faces": {
						"east": { "texture": "#bark", "uv": [ 4.0, 13.5, 15.0, 16.0 ] },
						"south": { "texture": "#endp", "uv": [ 0.0, 0.0, 16.0, 16.0 ], "autoUv": false },
						"west": { "texture": "#bark", "uv": [ 0.0, 13.5, 11.0, 16.0 ] },
						"up": { "texture": "#bark", "uv": [ -0.5, 13.0, 10.5, 16.0 ], "rotation": 90 },
						"down": { "texture": "#bark", "uv": [ 2.5, 13.0, 13.5, 16.0 ], "rotation": 90 }
					},
					"children": [
						{
							"name": "chunk26",
							"from": [ 0.5, 1.0, 9.9 ],
							"to": [ 1.5, 2.0, 11.4 ],
							"rotationOrigin": [ 0.5, 1.0, 10.9 ],
							"faces": {
							}
						},
						{
							"name": "chunk36",
							"from": [ 1.0, 0.01, 9.9 ],
							"to": [ 2.5, 1.01, 11.9 ],
							"rotationOrigin": [ 1.0, 0.0, 12.0 ],
							"faces": {
							}
						},
						{
							"name": "chunk37",
							"from": [ 1.89, 1.89, 10.7 ],
							"to": [ 2.89, 2.89, 11.7 ],
							"rotationOrigin": [ 1.9, 1.9, 8.8 ],
							"faces": {
							}
						}
					]
				},
				{
					"name": "chunk38",
					"from": [ 0.01, 0.5, -2.0 ],
					"to": [ 1.01, 1.5, 0.0 ],
					"rotationOrigin": [ 0.0, 0.5, -2.0 ],
					"faces": {
					}
				},
				{
					"name": "chunk39",
					"from": [ 0.99, 0.99, -1.0 ],
					"to": [ 2.99, 2.99, 0.0 ],
					"rotationOrigin": [ 1.0, 1.0, -1.0 ],
					"faces": {
					}
				}
			]
		},
		{
			"name": "Support4",
			"from": [ 6.76, 11.91, -4.2 ],
			"to": [ 9.74, 14.89, 10.02 ],
			"rotationOrigin": [ 8.0, 13.4, 8.4 ],
			"rotationY": 45.0,
			"faces": {
				"north": { "texture": "#endp", "uv": [ 0.0, 0.0, 16.0, 16.0 ], "autoUv": false },
				"east": { "texture": "#bark", "uv": [ 0.5, 13.5, 14.5, 16.0 ] },
				"west": { "texture": "#bark", "uv": [ 0.0, 13.5, 14.0, 16.0 ] },
				"up": { "texture": "#bark", "uv": [ 0.5, 13.0, 14.5, 15.5 ], "rotation": 90 },
				"down": { "texture": "#bark", "uv": [ 0.0, 13.0, 14.0, 15.5 ], "rotation": 90 }
			},
			"children": [
				{
					"name": "Support5",
					"from": [ 0.0, 0.0, 14.2 ],
					"to": [ 2.98, 2.98, 24.62 ],
					"rotationOrigin": [ 1.5, 1.5, 14.2 ],
					"faces": {
						"east": { "texture": "#bark", "uv": [ 4.0, 13.5, 14.0, 16.0 ] },
						"south": { "texture": "#endp", "uv": [ 0.0, 0.0, 16.0, 16.0 ], "autoUv": false },
						"west": { "texture": "#bark", "uv": [ 2.0, 13.5, 12.0, 16.0 ] },
						"up": { "texture": "#bark", "uv": [ 0.5, 13.0, 10.5, 15.5 ], "rotation": 90 },
						"down": { "texture": "#bark", "uv": [ 5.5, 13.0, 15.5, 15.5 ], "rotation": 90 }
					},
					"children": [
						{
							"name": "chunk27",
							"from": [ 0.5, 1.0, 10.0 ],
							"to": [ 1.5, 2.0, 11.5 ],
							"rotationOrigin": [ 0.5, 1.0, 10.5 ],
							"faces": {
							}
						},
						{
							"name": "chunk41",
							"from": [ 1.9, 1.8, 10.6 ],
							"to": [ 2.9, 2.8, 11.6 ],
							"rotationOrigin": [ 1.9, 1.8, 8.0 ],
							"faces": {
							}
						}
					]
				},
				{
					"name": "chunk42",
					"from": [ 0.01, 0.5, -2.0 ],
					"to": [ 1.01, 1.5, 0.0 ],
					"rotationOrigin": [ 0.0, 0.5, -2.0 ],
					"faces": {
					}
				},
				{
					"name": "chunk43",
					"from": [ 0.99, 0.99, -1.0 ],
					"to": [ 2.99, 2.99, 0.0 ],
					"rotationOrigin": [ 1.0, 1.0, -1.0 ],
					"faces": {
					}
				}
			]
		},
		{
			"name": "snow",
			"from": [ 0.0, 15.5, 0.0 ],
			"to": [ 16.0, 18.0, 16.0 ],
			"rotationOrigin": [ 0.0, 23.5, 0.0 ],
			"faces": {
				"north": { "texture": "#snowcover", "uv": [ 0.0, 0.0, 16.0, 2.5 ] },
				"east": { "texture": "#snowcover", "uv": [ 0.0, 0.0, 16.0, 2.5 ] },
				"south": { "texture": "#snowcover", "uv": [ 0.0, 0.0, 16.0, 2.5 ] },
				"west": { "texture": "#snowcover", "uv": [ 0.0, 0.0, 16.0, 2.5 ] },
				"up": { "texture": "#snowcover", "uv": [ 0.0, 0.0, 16.0, 16.0 ], "rotation": 180 },
				"down": { "texture": "#snowcover", "uv": [ 0.0, 0.0, 16.0, 16.0 ], "rotation": 180 }
			}
		}
	]}