{
	"editor": {
		"collapsedPaths": ",Root/base/snow/snow17,Root/snow17,Root/stairs/support0/snowbase0,Root/Walkway/ChainSupport/ChainSupport9,Root/base/walkway2,Root/Walkway2,Root/Walkway3,Root/stairs/support0,Root/base/snow,Root/base,Root/Walkway/ChainSupport/ChainSupport13,Root/stairs/support0/snow0,Root/base/Support1,Root/Walkway/ChainSupport/ChainSupport2/ChainSupport3,Root/stairs/snow1,Root/Walkway/ChainSupport/ChainSupport5,Root/stairs/Supportxx,Root/Walkway/ChainSupport/ChainSupport2,Root/Walkway/Chain/ChainSupport,Root/base/Support/Support1,Root/base/snow/snow12,Root/stairs/support1/snowbase1,Root/base/snowb4",
		"allAngles": false,
		"entityTextureMode": false
	},
	"textureWidth": 32,
	"textureHeight": 32,
	"textureSizes": {
		"bark": [16,16],
		"endp": [16,16],
		"walkway": [32,32],
		"support": [16,16],
		"normal1": [16,16],
		"snowcover": [32,32]
	},
	"textures": {
		"snowcover": "block/liquid/snow/normal1",
		"bark": "block/wood/bark/oak-h",
		"walkway": "block/wood/debarked/oak",
		"endp": "block/wood/treetrunk/oak"
	},
	"elements": [
		{
			"name": "stairs",
			"from": [ 0.0, 0.0, 0.0 ],
			"to": [ 0.0, 0.0, 0.0 ],
			"faces": {
				"north": { "texture": "#walkway", "uv": [ 0.0, 0.0, 0.5, 0.5 ] },
				"east": { "texture": "#walkway", "uv": [ 0.0, 0.0, 0.5, 0.5 ] },
				"south": { "texture": "#walkway", "uv": [ 0.0, 0.0, 0.5, 0.5 ] },
				"west": { "texture": "#walkway", "uv": [ 0.0, 0.0, 0.5, 0.5 ] },
				"up": { "texture": "#walkway", "uv": [ 0.0, 0.0, 0.5, 0.5 ] },
				"down": { "texture": "#walkway", "uv": [ 0.0, 0.0, 0.5, 0.5 ] }
			},
			"children": [
				{
					"name": "walkwaybase",
					"from": [ 0.0, 2.0, 0.0 ],
					"to": [ 0.0, 2.0, 0.0 ],
					"rotationOrigin": [ 0.0, 2.0, 0.0 ],
					"faces": {
						"north": { "texture": "#walkway", "uv": [ 0.0, 0.0, 0.5, 0.5 ] },
						"east": { "texture": "#walkway", "uv": [ 0.0, 0.0, 0.5, 0.5 ] },
						"south": { "texture": "#walkway", "uv": [ 0.0, 0.0, 0.5, 0.5 ] },
						"west": { "texture": "#walkway", "uv": [ 0.0, 0.0, 0.5, 0.5 ] },
						"up": { "texture": "#walkway", "uv": [ 0.0, 0.0, 0.5, 0.5 ] },
						"down": { "texture": "#walkway", "uv": [ 0.0, 0.0, 0.5, 0.5 ] }
					},
					"children": [
						{
							"name": "walkway0",
							"from": [ 0.1, 0.0, 0.0 ],
							"to": [ 1.1, 20.76, 1.0 ],
							"rotationOrigin": [ 0.1, 0.0, 0.0 ],
							"rotationX": 47.59,
							"faces": {
								"north": { "texture": "#walkway", "uv": [ 0.0, 0.0, 1.0, 20.76 ], "autoUv": false },
								"east": { "texture": "#walkway", "uv": [ 0.0, 0.0, 1.0, 20.76 ], "autoUv": false },
								"south": { "texture": "#walkway", "uv": [ 0.0, 0.0, 1.0, 20.76 ], "autoUv": false },
								"west": { "texture": "#walkway", "uv": [ 0.0, 0.0, 1.0, 20.76 ], "autoUv": false },
								"up": { "texture": "#walkway", "uv": [ 0.0, 0.0, 1.0, 1.0 ], "autoUv": false },
								"down": { "texture": "#walkway", "uv": [ 0.0, 0.0, 2.0, 2.0 ], "autoUv": false }
							}
						},
						{
							"name": "walkway1",
							"from": [ 1.4, 0.0, 0.0 ],
							"to": [ 3.4, 20.76, 1.0 ],
							"rotationOrigin": [ 1.4, 0.0, 0.0 ],
							"rotationX": 47.59,
							"faces": {
								"north": { "texture": "#walkway", "uv": [ 1.0, 0.0, 3.0, 20.76 ], "autoUv": false },
								"east": { "texture": "#walkway", "uv": [ 1.0, 0.0, 2.0, 20.76 ], "autoUv": false },
								"south": { "texture": "#walkway", "uv": [ 1.0, 0.0, 3.0, 20.76 ], "autoUv": false },
								"west": { "texture": "#walkway", "uv": [ 1.0, 0.0, 2.0, 20.76 ], "autoUv": false },
								"up": { "texture": "#walkway", "uv": [ 0.0, 0.0, 2.0, 1.0 ], "autoUv": false },
								"down": { "texture": "#walkway", "uv": [ 0.0, 0.0, 2.0, 1.0 ], "autoUv": false }
							}
						},
						{
							"name": "walkway2",
							"from": [ 1.4, 0.0, 0.0 ],
							"to": [ 3.4, 20.76, 1.0 ],
							"rotationOrigin": [ 1.4, 0.0, 0.0 ],
							"rotationX": 47.59,
							"faces": {
								"north": { "texture": "#walkway", "uv": [ 0.0, 0.0, 2.0, 20.76 ], "autoUv": false },
								"east": { "texture": "#walkway", "uv": [ 0.0, 0.0, 2.0, 20.76 ], "autoUv": false },
								"south": { "texture": "#walkway", "uv": [ 0.0, 0.0, 2.0, 20.76 ], "autoUv": false },
								"west": { "texture": "#walkway", "uv": [ 0.0, 0.0, 2.0, 20.76 ], "autoUv": false },
								"up": { "texture": "#walkway", "uv": [ 0.0, 0.0, 2.0, 2.0 ], "autoUv": false },
								"down": { "texture": "#walkway", "uv": [ 0.0, 0.0, 2.0, 2.0 ], "autoUv": false }
							}
						},
						{
							"name": "walkway3",
							"from": [ 3.9, 0.0, 0.0 ],
							"to": [ 5.4, 20.76, 1.0 ],
							"rotationOrigin": [ 3.9, 0.0, 0.0 ],
							"rotationX": 47.59,
							"faces": {
								"north": { "texture": "#walkway", "uv": [ 4.5, 0.0, 5.5, 20.76 ], "autoUv": false },
								"east": { "texture": "#walkway", "uv": [ 2.0, 0.0, 3.0, 20.76 ], "autoUv": false },
								"south": { "texture": "#walkway", "uv": [ 4.5, 0.0, 5.5, 20.76 ], "autoUv": false },
								"west": { "texture": "#walkway", "uv": [ 2.0, 0.0, 3.0, 20.76 ], "autoUv": false },
								"up": { "texture": "#walkway", "uv": [ 0.0, 0.0, 1.5, 1.0 ], "rotation": 180, "autoUv": false },
								"down": { "texture": "#walkway", "uv": [ 0.0, 0.0, 1.5, 1.0 ], "rotation": 180, "autoUv": false }
							}
						},
						{
							"name": "walkway4",
							"from": [ 5.8, 0.0, 0.0 ],
							"to": [ 7.8, 20.76, 1.0 ],
							"rotationOrigin": [ 5.8, 0.0, 0.0 ],
							"rotationX": 47.59,
							"faces": {
								"north": { "texture": "#walkway", "uv": [ 5.0, 0.0, 7.0, 20.76 ], "autoUv": false },
								"east": { "texture": "#walkway", "uv": [ 3.0, 0.0, 4.0, 20.76 ], "autoUv": false },
								"south": { "texture": "#walkway", "uv": [ 5.0, 0.0, 7.0, 20.76 ], "autoUv": false },
								"west": { "texture": "#walkway", "uv": [ 3.0, 0.0, 4.0, 20.76 ], "autoUv": false },
								"up": { "texture": "#walkway", "uv": [ 0.0, 0.0, 2.0, 1.0 ], "autoUv": false },
								"down": { "texture": "#walkway", "uv": [ 0.0, 0.0, 2.0, 1.0 ], "autoUv": false }
							}
						},
						{
							"name": "walkway5",
							"from": [ 8.4, 0.0, 0.0 ],
							"to": [ 9.4, 20.76, 1.0 ],
							"rotationOrigin": [ 8.4, 0.0, 0.0 ],
							"rotationX": 47.59,
							"faces": {
								"north": { "texture": "#walkway", "uv": [ 7.0, 0.0, 8.0, 20.76 ], "autoUv": false },
								"east": { "texture": "#walkway", "uv": [ 4.0, 0.0, 5.0, 20.76 ], "autoUv": false },
								"south": { "texture": "#walkway", "uv": [ 7.0, 0.0, 8.0, 20.76 ], "autoUv": false },
								"west": { "texture": "#walkway", "uv": [ 4.0, 0.0, 5.0, 20.76 ], "autoUv": false },
								"up": { "texture": "#walkway", "uv": [ 0.0, 0.0, 1.0, 1.0 ] },
								"down": { "texture": "#walkway", "uv": [ 0.0, 0.0, 1.0, 1.0 ] }
							}
						},
						{
							"name": "walkway6",
							"from": [ 9.7, 0.0, 0.0 ],
							"to": [ 11.7, 20.76, 1.0 ],
							"rotationOrigin": [ 9.7, 0.0, 0.0 ],
							"rotationX": 47.59,
							"faces": {
								"north": { "texture": "#walkway", "uv": [ 8.0, 0.0, 10.0, 20.76 ], "autoUv": false },
								"east": { "texture": "#walkway", "uv": [ 5.0, 0.0, 6.0, 20.76 ], "autoUv": false },
								"south": { "texture": "#walkway", "uv": [ 8.0, 0.0, 10.0, 20.76 ], "autoUv": false },
								"west": { "texture": "#walkway", "uv": [ 5.0, 0.0, 6.0, 20.76 ], "autoUv": false },
								"up": { "texture": "#walkway", "uv": [ 0.0, 0.0, 2.0, 1.0 ], "autoUv": false },
								"down": { "texture": "#walkway", "uv": [ 0.0, 0.0, 2.0, 1.0 ], "autoUv": false }
							}
						},
						{
							"name": "walkway7",
							"from": [ 11.9, 0.0, 0.0 ],
							"to": [ 13.4, 20.76, 1.0 ],
							"rotationOrigin": [ 11.9, 0.0, 0.0 ],
							"rotationX": 47.59,
							"faces": {
								"north": { "texture": "#walkway", "uv": [ 10.0, 0.0, 12.0, 20.76 ], "autoUv": false },
								"east": { "texture": "#walkway", "uv": [ 6.0, 0.0, 7.0, 20.76 ], "autoUv": false },
								"south": { "texture": "#walkway", "uv": [ 10.0, 0.0, 12.0, 20.76 ], "autoUv": false },
								"west": { "texture": "#walkway", "uv": [ 6.0, 0.0, 7.0, 20.76 ], "autoUv": false },
								"up": { "texture": "#walkway", "uv": [ 0.0, 0.0, 2.0, 1.0 ], "autoUv": false },
								"down": { "texture": "#walkway", "uv": [ 0.0, 0.0, 2.0, 1.0 ], "autoUv": false }
							}
						},
						{
							"name": "walkway8",
							"from": [ 13.9, 0.0, 0.0 ],
							"to": [ 15.9, 20.76, 1.0 ],
							"rotationOrigin": [ 13.9, 0.0, 0.0 ],
							"rotationX": 47.59,
							"faces": {
								"north": { "texture": "#walkway", "uv": [ 12.0, 0.0, 14.0, 20.76 ], "autoUv": false },
								"east": { "texture": "#walkway", "uv": [ 7.0, 0.0, 8.0, 20.76 ], "autoUv": false },
								"south": { "texture": "#walkway", "uv": [ 12.0, 0.0, 14.0, 20.76 ], "autoUv": false },
								"west": { "texture": "#walkway", "uv": [ 7.0, 0.0, 8.0, 20.76 ], "autoUv": false },
								"up": { "texture": "#walkway", "uv": [ 0.0, 0.0, 2.0, 1.0 ], "autoUv": false },
								"down": { "texture": "#walkway", "uv": [ 0.0, 0.0, 2.0, 1.0 ], "autoUv": false }
							}
						}
					]
				},
				{
					"name": "support0",
					"from": [ -1.0, -1.0, 0.0 ],
					"to": [ 8.0, 2.0, 3.0 ],
					"rotationOrigin": [ -1.0, -1.0, 0.0 ],
					"faces": {
						"north": { "texture": "#bark", "uv": [ 0.0, 0.0, 9.0, 3.0 ] },
						"east": { "texture": "#endp", "uv": [ 0.0, 0.0, 16.0, 16.0 ], "autoUv": false },
						"south": { "texture": "#bark", "uv": [ 0.0, 0.0, 9.0, 3.0 ] },
						"west": { "texture": "#endp", "uv": [ 0.0, 0.0, 16.0, 16.0 ], "autoUv": false },
						"up": { "texture": "#bark", "uv": [ 0.0, 0.0, 9.0, 3.0 ] },
						"down": { "texture": "#bark", "uv": [ 0.0, 0.0, 9.0, 3.0 ] }
					},
					"children": [
						{
							"name": "support0.1",
							"from": [ 9.0, 0.0, 0.0 ],
							"to": [ 18.0, 3.0, 3.0 ],
							"rotationOrigin": [ 1.0, 1.0, 0.0 ],
							"faces": {
								"north": { "texture": "#bark", "uv": [ 0.0, 0.0, 9.0, 3.0 ] },
								"east": { "texture": "#endp", "uv": [ 0.0, 0.0, 16.0, 16.0 ], "autoUv": false },
								"south": { "texture": "#bark", "uv": [ 0.0, 0.0, 9.0, 3.0 ] },
								"west": { "texture": "#endp", "uv": [ 0.0, 0.0, 16.0, 16.0 ], "autoUv": false },
								"up": { "texture": "#bark", "uv": [ 0.0, 0.0, 9.0, 3.0 ] },
								"down": { "texture": "#bark", "uv": [ 0.0, 0.0, 9.0, 3.0 ] }
							}
						},
						{
							"name": "snowbase0",
							"from": [ 16.9, 3.0, 3.01 ],
							"to": [ 32.7, 3.1, 5.5 ],
							"rotationOrigin": [ 16.9, 3.0, 3.0 ],
							"rotationX": 180.0,
							"rotationZ": 180.0,
							"faces": {
								"north": { "texture": "#snowcover", "uv": [ 0.0, 0.0, 15.5, 1.0 ] },
								"east": { "texture": "#snowcover", "uv": [ 0.0, 0.0, 2.0, 1.0 ] },
								"south": { "texture": "#snowcover", "uv": [ 0.0, 0.0, 15.5, 1.0 ] },
								"west": { "texture": "#snowcover", "uv": [ 0.0, 0.0, 2.0, 1.0 ] },
								"up": { "texture": "#snowcover", "uv": [ 0.0, 0.0, 15.0, 2.0 ], "rotation": 180 }
							},
							"children": [
								{
									"name": "snow0.1",
									"from": [ -1.1, 0.0, -0.01 ],
									"to": [ 0.0, 0.3, 2.99 ],
									"rotationOrigin": [ -1.1, 0.0, -0.01 ],
									"faces": {
										"north": { "texture": "#snowcover", "uv": [ 0.0, 0.0, 1.0, 1.0 ] },
										"east": { "texture": "#snowcover", "uv": [ 0.0, 0.0, 3.0, 1.0 ] },
										"south": { "texture": "#snowcover", "uv": [ 0.0, 0.0, 1.0, 1.0 ] },
										"west": { "texture": "#snowcover", "uv": [ 0.0, 0.0, 3.0, 1.0 ] },
										"up": { "texture": "#snowcover", "uv": [ 0.0, 0.0, 1.0, 3.0 ], "rotation": 180 }
									}
								},
								{
									"name": "snow0.2",
									"from": [ 2.0, 0.0, -0.01 ],
									"to": [ 2.5, 0.3, 2.99 ],
									"rotationOrigin": [ 2.0, 0.0, -0.01 ],
									"faces": {
										"north": { "texture": "#snowcover", "uv": [ 0.0, 0.0, 0.5, 1.0 ] },
										"east": { "texture": "#snowcover", "uv": [ 0.0, 0.0, 3.0, 1.0 ] },
										"south": { "texture": "#snowcover", "uv": [ 0.0, 0.0, 0.5, 1.0 ] },
										"west": { "texture": "#snowcover", "uv": [ 0.0, 0.0, 3.0, 1.0 ] },
										"up": { "texture": "#snowcover", "uv": [ 0.0, 0.0, 1.0, 3.0 ], "rotation": 180 }
									}
								},
								{
									"name": "snow0.3",
									"from": [ 4.0, 0.0, -0.01 ],
									"to": [ 4.2, 0.3, 2.99 ],
									"rotationOrigin": [ 4.0, 0.0, -0.01 ],
									"faces": {
										"north": { "texture": "#snowcover", "uv": [ 0.0, 0.0, 0.5, 1.0 ] },
										"east": { "texture": "#snowcover", "uv": [ 0.0, 0.0, 3.0, 1.0 ] },
										"south": { "texture": "#snowcover", "uv": [ 0.0, 0.0, 0.5, 1.0 ] },
										"west": { "texture": "#snowcover", "uv": [ 0.0, 0.0, 3.0, 1.0 ] },
										"up": { "texture": "#snowcover", "uv": [ 0.0, 0.0, 1.0, 3.0 ], "rotation": 180 }
									}
								},
								{
									"name": "snow0.4",
									"from": [ 6.2, 0.0, -0.01 ],
									"to": [ 6.5, 0.3, 2.99 ],
									"rotationOrigin": [ 6.2, 0.0, -0.01 ],
									"faces": {
										"north": { "texture": "#snowcover", "uv": [ 0.0, 0.0, 0.5, 1.0 ] },
										"east": { "texture": "#snowcover", "uv": [ 0.0, 0.0, 3.0, 1.0 ] },
										"south": { "texture": "#snowcover", "uv": [ 0.0, 0.0, 0.5, 1.0 ] },
										"west": { "texture": "#snowcover", "uv": [ 0.0, 0.0, 3.0, 1.0 ] },
										"up": { "texture": "#snowcover", "uv": [ 0.0, 0.0, 1.0, 3.0 ], "rotation": 180 }
									}
								},
								{
									"name": "snow0.5",
									"from": [ 7.5, 0.0, -0.01 ],
									"to": [ 8.1, 0.3, 2.99 ],
									"rotationOrigin": [ 7.5, 0.0, -0.01 ],
									"faces": {
										"north": { "texture": "#snowcover", "uv": [ 0.0, 0.0, 0.5, 1.0 ] },
										"east": { "texture": "#snowcover", "uv": [ 0.0, 0.0, 3.0, 1.0 ] },
										"south": { "texture": "#snowcover", "uv": [ 0.0, 0.0, 0.5, 1.0 ] },
										"west": { "texture": "#snowcover", "uv": [ 0.0, 0.0, 3.0, 1.0 ] },
										"up": { "texture": "#snowcover", "uv": [ 0.0, 0.0, 1.0, 3.0 ], "rotation": 180 }
									}
								},
								{
									"name": "snow0.6",
									"from": [ 10.1, 0.0, -0.01 ],
									"to": [ 10.5, 0.3, 2.99 ],
									"rotationOrigin": [ 10.1, 0.0, -0.01 ],
									"faces": {
										"north": { "texture": "#snowcover", "uv": [ 0.0, 0.0, 0.5, 1.0 ] },
										"east": { "texture": "#snowcover", "uv": [ 0.0, 0.0, 3.0, 1.0 ] },
										"south": { "texture": "#snowcover", "uv": [ 0.0, 0.0, 0.5, 1.0 ] },
										"west": { "texture": "#snowcover", "uv": [ 0.0, 0.0, 3.0, 1.0 ] },
										"up": { "texture": "#snowcover", "uv": [ 0.0, 0.0, 1.0, 3.0 ], "rotation": 180 }
									}
								},
								{
									"name": "snow0.7",
									"from": [ 12.0, 0.0, -0.01 ],
									"to": [ 12.5, 0.3, 2.99 ],
									"rotationOrigin": [ 12.0, 0.0, -0.01 ],
									"faces": {
										"north": { "texture": "#snowcover", "uv": [ 0.0, 0.0, 0.5, 1.0 ] },
										"east": { "texture": "#snowcover", "uv": [ 0.0, 0.0, 3.0, 1.0 ] },
										"south": { "texture": "#snowcover", "uv": [ 0.0, 0.0, 0.5, 1.0 ] },
										"west": { "texture": "#snowcover", "uv": [ 0.0, 0.0, 3.0, 1.0 ] },
										"up": { "texture": "#snowcover", "uv": [ 0.0, 0.0, 1.0, 3.0 ], "rotation": 180 }
									}
								},
								{
									"name": "snow0.8",
									"from": [ 14.5, 0.0, -0.01 ],
									"to": [ 14.8, 0.3, 2.99 ],
									"rotationOrigin": [ 14.5, 0.0, -0.01 ],
									"faces": {
										"north": { "texture": "#snowcover", "uv": [ 0.0, 0.0, 0.5, 1.0 ] },
										"east": { "texture": "#snowcover", "uv": [ 0.0, 0.0, 3.0, 1.0 ] },
										"south": { "texture": "#snowcover", "uv": [ 0.0, 0.0, 0.5, 1.0 ] },
										"west": { "texture": "#snowcover", "uv": [ 0.0, 0.0, 3.0, 1.0 ] },
										"up": { "texture": "#snowcover", "uv": [ 0.0, 0.0, 1.0, 3.0 ], "rotation": 180 }
									}
								},
								{
									"name": "snow0.9",
									"from": [ 15.8, 0.0, -0.01 ],
									"to": [ 16.9, 0.3, 2.99 ],
									"rotationOrigin": [ 15.8, 0.0, -0.01 ],
									"faces": {
										"north": { "texture": "#snowcover", "uv": [ 0.0, 0.0, 1.0, 1.0 ] },
										"east": { "texture": "#snowcover", "uv": [ 0.0, 0.0, 3.0, 1.0 ] },
										"south": { "texture": "#snowcover", "uv": [ 0.0, 0.0, 1.0, 1.0 ] },
										"west": { "texture": "#snowcover", "uv": [ 0.0, 0.0, 3.0, 1.0 ] },
										"up": { "texture": "#snowcover", "uv": [ 0.0, 0.0, 1.0, 3.0 ], "rotation": 180 }
									}
								}
							]
						}
					]
				},
				{
					"name": "support1",
					"from": [ -1.0, 10.55, 13.0 ],
					"to": [ 8.0, 13.55, 16.0 ],
					"rotationOrigin": [ -1.0, 10.6, 13.0 ],
					"faces": {
						"north": { "texture": "#bark", "uv": [ 0.0, 0.0, 16.0, 8.0 ], "autoUv": false },
						"east": { "texture": "#endp", "uv": [ 0.0, 0.0, 16.0, 16.0 ], "autoUv": false, "windMode": [-1,-1,-1,-1] },
						"south": { "texture": "#bark", "uv": [ 0.0, 0.0, 16.0, 8.0 ], "autoUv": false },
						"west": { "texture": "#endp", "uv": [ 0.0, 0.0, 16.0, 16.0 ], "autoUv": false },
						"up": { "texture": "#bark", "uv": [ 0.0, 0.0, 16.0, 8.0 ], "autoUv": false },
						"down": { "texture": "#bark", "uv": [ 0.0, 0.0, 16.0, 8.0 ], "autoUv": false }
					},
					"children": [
						{
							"name": "support1.1",
							"from": [ 9.0, 0.0, 0.0 ],
							"to": [ 18.0, 3.0, 3.0 ],
							"rotationOrigin": [ 1.0, 1.0, 0.0 ],
							"faces": {
								"north": { "texture": "#bark", "uv": [ 0.0, 0.0, 16.0, 8.0 ], "autoUv": false },
								"east": { "texture": "#endp", "uv": [ 0.0, 0.0, 16.0, 16.0 ], "autoUv": false },
								"south": { "texture": "#bark", "uv": [ 0.0, 0.0, 16.0, 8.0 ], "autoUv": false },
								"west": { "texture": "#endp", "uv": [ 0.0, 0.0, 16.0, 16.0 ], "autoUv": false },
								"up": { "texture": "#bark", "uv": [ 0.0, 0.0, 16.0, 8.0 ], "autoUv": false },
								"down": { "texture": "#bark", "uv": [ 0.0, 0.0, 16.0, 8.0 ], "autoUv": false }
							}
						},
						{
							"name": "snowbase1",
							"from": [ 16.9, 3.0, 3.01 ],
							"to": [ 32.7, 3.1, 5.5 ],
							"rotationOrigin": [ 16.9, 3.0, 3.0 ],
							"rotationX": 180.0,
							"rotationZ": 180.0,
							"faces": {
								"north": { "texture": "#snowcover", "uv": [ 0.0, 0.0, 15.5, 1.0 ] },
								"east": { "texture": "#snowcover", "uv": [ 0.0, 0.0, 2.0, 1.0 ] },
								"south": { "texture": "#snowcover", "uv": [ 0.0, 0.0, 15.5, 1.0 ] },
								"west": { "texture": "#snowcover", "uv": [ 0.0, 0.0, 2.0, 1.0 ] },
								"up": { "texture": "#snowcover", "uv": [ 0.0, 0.0, 15.0, 2.0 ], "rotation": 180 }
							},
							"children": [
								{
									"name": "snow1.1",
									"from": [ -1.1, 0.0, -0.01 ],
									"to": [ 0.0, 0.3, 2.99 ],
									"rotationOrigin": [ -1.1, 0.0, -0.01 ],
									"faces": {
										"north": { "texture": "#snowcover", "uv": [ 0.0, 0.0, 1.0, 1.0 ] },
										"east": { "texture": "#snowcover", "uv": [ 0.0, 0.0, 3.0, 1.0 ] },
										"south": { "texture": "#snowcover", "uv": [ 0.0, 0.0, 1.0, 1.0 ] },
										"west": { "texture": "#snowcover", "uv": [ 0.0, 0.0, 3.0, 1.0 ] },
										"up": { "texture": "#snowcover", "uv": [ 0.0, 0.0, 1.0, 3.0 ], "rotation": 180 }
									}
								},
								{
									"name": "snow1.2",
									"from": [ 2.0, 0.0, -0.01 ],
									"to": [ 2.5, 0.3, 2.99 ],
									"rotationOrigin": [ 2.0, 0.0, -0.01 ],
									"faces": {
										"north": { "texture": "#snowcover", "uv": [ 0.0, 0.0, 0.5, 1.0 ] },
										"east": { "texture": "#snowcover", "uv": [ 0.0, 0.0, 3.0, 1.0 ] },
										"south": { "texture": "#snowcover", "uv": [ 0.0, 0.0, 0.5, 1.0 ] },
										"west": { "texture": "#snowcover", "uv": [ 0.0, 0.0, 3.0, 1.0 ] },
										"up": { "texture": "#snowcover", "uv": [ 0.0, 0.0, 1.0, 3.0 ], "rotation": 180 }
									}
								},
								{
									"name": "snow1.3",
									"from": [ 4.0, 0.0, -0.01 ],
									"to": [ 4.2, 0.3, 2.99 ],
									"rotationOrigin": [ 4.0, 0.0, -0.01 ],
									"faces": {
										"north": { "texture": "#snowcover", "uv": [ 0.0, 0.0, 0.5, 1.0 ] },
										"east": { "texture": "#snowcover", "uv": [ 0.0, 0.0, 3.0, 1.0 ] },
										"south": { "texture": "#snowcover", "uv": [ 0.0, 0.0, 0.5, 1.0 ] },
										"west": { "texture": "#snowcover", "uv": [ 0.0, 0.0, 3.0, 1.0 ] },
										"up": { "texture": "#snowcover", "uv": [ 0.0, 0.0, 1.0, 3.0 ], "rotation": 180 }
									}
								},
								{
									"name": "snow1.4",
									"from": [ 6.2, 0.0, -0.01 ],
									"to": [ 6.5, 0.3, 2.99 ],
									"rotationOrigin": [ 6.2, 0.0, -0.01 ],
									"faces": {
										"north": { "texture": "#snowcover", "uv": [ 0.0, 0.0, 0.5, 1.0 ] },
										"east": { "texture": "#snowcover", "uv": [ 0.0, 0.0, 3.0, 1.0 ] },
										"south": { "texture": "#snowcover", "uv": [ 0.0, 0.0, 0.5, 1.0 ] },
										"west": { "texture": "#snowcover", "uv": [ 0.0, 0.0, 3.0, 1.0 ] },
										"up": { "texture": "#snowcover", "uv": [ 0.0, 0.0, 1.0, 3.0 ], "rotation": 180 }
									}
								},
								{
									"name": "snow1.5",
									"from": [ 7.5, 0.0, -0.01 ],
									"to": [ 7.9, 0.3, 2.99 ],
									"rotationOrigin": [ 7.5, 0.0, -0.01 ],
									"faces": {
										"north": { "texture": "#snowcover", "uv": [ 0.0, 0.0, 0.5, 1.0 ] },
										"east": { "texture": "#snowcover", "uv": [ 0.0, 0.0, 3.0, 1.0 ] },
										"south": { "texture": "#snowcover", "uv": [ 0.0, 0.0, 0.5, 1.0 ] },
										"west": { "texture": "#snowcover", "uv": [ 0.0, 0.0, 3.0, 1.0 ] },
										"up": { "texture": "#snowcover", "uv": [ 0.0, 0.0, 1.0, 3.0 ], "rotation": 180 }
									}
								},
								{
									"name": "snow1.6",
									"from": [ 9.9, 0.0, -0.01 ],
									"to": [ 10.5, 0.3, 2.99 ],
									"rotationOrigin": [ 9.9, 0.0, -0.01 ],
									"faces": {
										"north": { "texture": "#snowcover", "uv": [ 0.0, 0.0, 0.5, 1.0 ] },
										"east": { "texture": "#snowcover", "uv": [ 0.0, 0.0, 3.0, 1.0 ] },
										"south": { "texture": "#snowcover", "uv": [ 0.0, 0.0, 0.5, 1.0 ] },
										"west": { "texture": "#snowcover", "uv": [ 0.0, 0.0, 3.0, 1.0 ] },
										"up": { "texture": "#snowcover", "uv": [ 0.0, 0.0, 1.0, 3.0 ], "rotation": 180 }
									}
								},
								{
									"name": "snow1.7",
									"from": [ 12.05, 0.0, -0.01 ],
									"to": [ 12.5, 0.3, 2.99 ],
									"rotationOrigin": [ 12.0, 0.0, -0.01 ],
									"faces": {
										"north": { "texture": "#snowcover", "uv": [ 0.0, 0.0, 0.5, 1.0 ] },
										"east": { "texture": "#snowcover", "uv": [ 0.0, 0.0, 3.0, 1.0 ] },
										"south": { "texture": "#snowcover", "uv": [ 0.0, 0.0, 0.5, 1.0 ] },
										"west": { "texture": "#snowcover", "uv": [ 0.0, 0.0, 3.0, 1.0 ] },
										"up": { "texture": "#snowcover", "uv": [ 0.0, 0.0, 1.0, 3.0 ], "rotation": 180 }
									}
								},
								{
									"name": "snow1.8",
									"from": [ 14.5, 0.0, -0.01 ],
									"to": [ 14.8, 0.3, 2.99 ],
									"rotationOrigin": [ 14.5, 0.0, -0.01 ],
									"faces": {
										"north": { "texture": "#snowcover", "uv": [ 0.0, 0.0, 0.5, 1.0 ] },
										"east": { "texture": "#snowcover", "uv": [ 0.0, 0.0, 3.0, 1.0 ] },
										"south": { "texture": "#snowcover", "uv": [ 0.0, 0.0, 0.5, 1.0 ] },
										"west": { "texture": "#snowcover", "uv": [ 0.0, 0.0, 3.0, 1.0 ] },
										"up": { "texture": "#snowcover", "uv": [ 0.0, 0.0, 1.0, 3.0 ], "rotation": 180 }
									}
								},
								{
									"name": "snow1.9",
									"from": [ 15.8, 0.0, -0.01 ],
									"to": [ 16.9, 0.3, 2.99 ],
									"rotationOrigin": [ 15.8, 0.0, -0.01 ],
									"faces": {
										"north": { "texture": "#snowcover", "uv": [ 0.0, 0.0, 1.0, 1.0 ] },
										"east": { "texture": "#snowcover", "uv": [ 0.0, 0.0, 3.0, 1.0 ] },
										"south": { "texture": "#snowcover", "uv": [ 0.0, 0.0, 1.0, 1.0 ] },
										"west": { "texture": "#snowcover", "uv": [ 0.0, 0.0, 3.0, 1.0 ] },
										"up": { "texture": "#snowcover", "uv": [ 0.0, 0.0, 1.0, 3.0 ], "rotation": 180 }
									}
								}
							]
						}
					]
				}
			]
		}
	]}