{
	"editor": {
		"collapsedPaths": ",Root/Walkway/ChainSupport/ChainSupport13,Root/Walkway/ChainSupport/ChainSupport2/ChainSupport3,Root/Walkway/ChainSupport/ChainSupport9,Root/Support,Root/Walkway2,Root/Walkway/ChainSupport/ChainSupport5,Root/Walkway3,Root/Walkway/ChainSupport/ChainSupport2,Root/Walkway/Chain/ChainSupport,Root/Support1,Root/Walkway/Chain",
		"allAngles": false,
		"entityTextureMode": false
	},
	"textureWidth": 32,
	"textureHeight": 32,
	"textureSizes": {
		"bark": [16,16],
		"endp": [16,16],
		"walkway": [32,16]
	},
	"textures": {
		"bark": "block/wood/bark/oak-h",
		"endp": "block/wood/treetrunk/oak",
		"walkway": "block/wood/debarked/oak"
	},
	"elements": [
		{
			"name": "base",
			"from": [ 16.0, 1.9, -8.0 ],
			"to": [ 16.0, 1.9, -8.0 ],
			"rotationOrigin": [ 16.0, 1.9, -8.0 ],
			"rotationY": -90.0,
			"rotationZ": -45.0,
			"faces": {
				"north": { "texture": "#walkway", "uv": [ 0.0, 0.0, 0.5, 0.5 ] },
				"east": { "texture": "#walkway", "uv": [ 0.0, 0.0, 0.5, 0.5 ] },
				"south": { "texture": "#walkway", "uv": [ 0.0, 0.0, 0.5, 0.5 ] },
				"west": { "texture": "#walkway", "uv": [ 0.0, 0.0, 0.5, 0.5 ] },
				"up": { "texture": "#walkway", "uv": [ 0.0, 0.0, 0.5, 0.5 ] },
				"down": { "texture": "#walkway", "uv": [ 0.0, 0.0, 0.5, 0.5 ] }
			},
			"children": [
				{
					"name": "walkway2",
					"from": [ -4.24, 14.9, 12.9 ],
					"to": [ 18.81, 16.4, 13.9 ],
					"rotationOrigin": [ 3.8, 14.9, 13.4 ],
					"rotationX": -91.0,
					"rotationY": 1.0,
					"faces": {
						"north": { "texture": "#walkway", "uv": [ 6.0, 11.5, 29.0, 13.0 ] },
						"east": { "texture": "#walkway", "uv": [ 0.0, 0.0, 1.0, 1.5 ] },
						"south": { "texture": "#walkway", "uv": [ 0.0, 12.0, 23.0, 13.5 ] },
						"west": { "texture": "#walkway", "uv": [ 0.0, 0.0, 1.0, 1.5 ] },
						"up": { "texture": "#walkway", "uv": [ 0.0, 0.0, 23.0, 1.0 ] },
						"down": { "texture": "#walkway", "uv": [ 0.0, 0.0, 23.0, 1.0 ] }
					}
				},
				{
					"name": "walkway3",
					"from": [ -4.24, 14.8, 11.2 ],
					"to": [ 18.81, 16.8, 12.2 ],
					"rotationOrigin": [ 8.0, 14.8, 11.7 ],
					"rotationX": -87.0,
					"rotationY": 1.0,
					"faces": {
						"north": { "texture": "#walkway", "uv": [ 6.0, 11.0, 29.0, 13.0 ] },
						"east": { "texture": "#walkway", "uv": [ 0.0, 0.0, 1.0, 2.0 ] },
						"south": { "texture": "#walkway", "uv": [ 0.0, 11.0, 23.0, 13.0 ] },
						"west": { "texture": "#walkway", "uv": [ 0.0, 0.0, 1.0, 2.0 ] },
						"up": { "texture": "#walkway", "uv": [ 0.0, 0.5, 23.0, 1.5 ] },
						"down": { "texture": "#walkway", "uv": [ 0.0, 0.0, 23.0, 1.0 ] }
					}
				},
				{
					"name": "walkway35",
					"from": [ -4.24, 14.7, 8.9 ],
					"to": [ 18.81, 15.7, 9.9 ],
					"rotationOrigin": [ 8.0, 14.7, 9.4 ],
					"rotationX": -89.0,
					"faces": {
						"north": { "texture": "#walkway", "uv": [ 0.0, 11.5, 23.0, 12.5 ] },
						"east": { "texture": "#walkway", "uv": [ 0.0, 0.0, 1.0, 1.0 ] },
						"south": { "texture": "#walkway", "uv": [ 6.0, 12.0, 29.0, 13.0 ] },
						"west": { "texture": "#walkway", "uv": [ 0.0, 0.0, 1.0, 1.0 ] },
						"up": { "texture": "#walkway", "uv": [ 6.0, 0.0, 29.0, 1.0 ] },
						"down": { "texture": "#walkway", "uv": [ 6.0, 0.0, 29.0, 1.0 ] }
					}
				},
				{
					"name": "walkway5",
					"from": [ -4.24, 14.9, 7.4 ],
					"to": [ 18.81, 16.9, 8.4 ],
					"rotationOrigin": [ 8.0, 14.9, 7.9 ],
					"rotationX": -92.0,
					"rotationY": 2.0,
					"rotationZ": 1.0,
					"faces": {
						"north": { "texture": "#walkway", "uv": [ 6.0, 11.0, 29.0, 13.0 ] },
						"east": { "texture": "#walkway", "uv": [ 0.0, 0.0, 1.0, 2.0 ] },
						"south": { "texture": "#walkway", "uv": [ 0.0, 11.0, 23.0, 13.0 ] },
						"west": { "texture": "#walkway", "uv": [ 0.0, 0.0, 1.0, 2.0 ] },
						"up": { "texture": "#walkway", "uv": [ 0.0, 0.5, 23.0, 1.5 ] },
						"down": { "texture": "#walkway", "uv": [ 0.0, 0.0, 23.0, 1.0 ] }
					}
				},
				{
					"name": "walkway6",
					"from": [ -4.24, 14.9, 4.9 ],
					"to": [ 18.56, 16.4, 5.9 ],
					"rotationOrigin": [ 8.0, 14.9, 5.4 ],
					"rotationX": -85.0,
					"faces": {
						"north": { "texture": "#walkway", "uv": [ 6.0, 11.5, 28.0, 13.0 ] },
						"east": { "texture": "#walkway", "uv": [ 0.0, 0.0, 1.0, 1.5 ] },
						"south": { "texture": "#walkway", "uv": [ 0.0, 12.0, 22.0, 13.5 ] },
						"west": { "texture": "#walkway", "uv": [ 0.0, 0.0, 1.0, 1.5 ] },
						"up": { "texture": "#walkway", "uv": [ 0.0, 0.0, 22.0, 1.0 ] },
						"down": { "texture": "#walkway", "uv": [ 0.0, 0.0, 22.0, 1.0 ] }
					}
				},
				{
					"name": "walkway7",
					"from": [ -4.24, 15.0, 2.9 ],
					"to": [ 18.46, 17.0, 3.9 ],
					"rotationOrigin": [ 8.0, 15.0, 3.4 ],
					"rotationX": -89.0,
					"faces": {
						"north": { "texture": "#walkway", "uv": [ 6.0, 11.0, 28.0, 13.0 ] },
						"east": { "texture": "#walkway", "uv": [ 0.0, 0.0, 1.0, 2.0 ] },
						"south": { "texture": "#walkway", "uv": [ 0.0, 11.0, 22.0, 13.0 ] },
						"west": { "texture": "#walkway", "uv": [ 0.0, 0.0, 1.0, 2.0 ] },
						"up": { "texture": "#walkway", "uv": [ 0.0, 0.5, 22.0, 1.5 ] },
						"down": { "texture": "#walkway", "uv": [ 0.0, 0.0, 22.0, 1.0 ] }
					}
				},
				{
					"name": "walkway36",
					"from": [ -4.24, 14.5, 0.1 ],
					"to": [ 18.46, 15.5, 1.1 ],
					"rotationOrigin": [ 8.0, 14.5, 0.6 ],
					"faces": {
						"north": { "texture": "#walkway", "uv": [ 0.0, 11.5, 22.0, 12.5 ] },
						"east": { "texture": "#walkway", "uv": [ 0.0, 0.0, 1.0, 1.0 ] },
						"south": { "texture": "#walkway", "uv": [ 6.0, 12.0, 28.0, 13.0 ] },
						"west": { "texture": "#walkway", "uv": [ 0.0, 0.0, 1.0, 1.0 ] },
						"up": { "texture": "#walkway", "uv": [ 6.0, 0.0, 28.0, 1.0 ] },
						"down": { "texture": "#walkway", "uv": [ 6.0, 0.0, 28.0, 1.0 ] }
					}
				},
				{
					"name": "walkway",
					"from": [ -4.24, 15.0, 15.4 ],
					"to": [ 18.46, 17.0, 16.4 ],
					"rotationOrigin": [ 3.0, 15.0, 15.9 ],
					"rotationX": -90.0,
					"faces": {
						"north": { "texture": "#walkway", "uv": [ 6.0, 11.5, 28.0, 13.5 ] },
						"east": { "texture": "#walkway", "uv": [ 0.0, 0.0, 1.0, 2.0 ] },
						"south": { "texture": "#walkway", "uv": [ 0.0, 12.0, 22.0, 14.0 ] },
						"west": { "texture": "#walkway", "uv": [ 14.0, 0.0, 15.0, 2.0 ] },
						"up": { "texture": "#walkway", "uv": [ 0.0, 1.0, 22.0, 2.0 ] },
						"down": { "texture": "#walkway", "uv": [ 0.0, 0.0, 22.0, 1.0 ] }
					}
				},
				{
					"name": "Support",
					"from": [ 13.0336, 11.1365, -1.0 ],
					"to": [ 16.0336, 14.1365, 9.0 ],
					"rotationOrigin": [ 14.2836, 12.5865, 11.0 ],
					"rotationX": -0.016,
					"rotationY": -0.0117,
					"rotationZ": 45.0,
					"faces": {
						"north": { "texture": "#endp", "uv": [ 0.0, 0.0, 16.0, 16.0 ], "autoUv": false },
						"east": { "texture": "#bark", "uv": [ 0.0, 13.0, 10.0, 16.0 ] },
						"west": { "texture": "#bark", "uv": [ 0.0, 13.0, 10.0, 16.0 ] },
						"up": { "texture": "#bark", "uv": [ 0.0, 13.0, 10.0, 16.0 ], "rotation": 90 },
						"down": { "texture": "#bark", "uv": [ 0.0, 13.0, 10.0, 16.0 ], "rotation": 90 }
					},
					"children": [
						{
							"name": "Support01",
							"from": [ 0.0, 0.0, 10.0 ],
							"to": [ 3.0, 3.0, 18.0 ],
							"rotationOrigin": [ 1.5, 1.5, 10.0 ],
							"faces": {
								"east": { "texture": "#bark", "uv": [ 4.5, 13.0, 12.5, 16.0 ] },
								"south": { "texture": "#endp", "uv": [ 0.0, 0.0, 16.0, 16.0 ] },
								"west": { "texture": "#bark", "uv": [ 0.5, 13.0, 8.5, 16.0 ] },
								"up": { "texture": "#bark", "uv": [ 0.0, 13.0, 8.0, 16.0 ], "rotation": 90 },
								"down": { "texture": "#bark", "uv": [ 6.0, 13.0, 14.0, 16.0 ], "rotation": 90 }
							},
							"children": [
								{
									"name": "chunk22",
									"from": [ 0.5, 1.0, 8.0 ],
									"to": [ 1.5, 2.0, 9.5 ],
									"rotationOrigin": [ 0.5, 1.0, 8.0 ],
									"faces": {
									}
								},
								{
									"name": "chunk23",
									"from": [ 1.0, 0.0, 8.0 ],
									"to": [ 2.5, 1.0, 10.0 ],
									"rotationOrigin": [ 1.0, 0.0, 8.0 ],
									"faces": {
									}
								},
								{
									"name": "chunk24",
									"from": [ 2.0, 2.0, 8.0 ],
									"to": [ 3.0, 3.0, 9.0 ],
									"rotationOrigin": [ 2.0, 2.0, 8.0 ],
									"faces": {
									}
								}
							]
						},
						{
							"name": "chunk25",
							"from": [ 0.0, 0.5, -2.0 ],
							"to": [ 1.0, 1.5, 0.0 ],
							"rotationOrigin": [ 0.0, 0.5, -2.0 ],
							"faces": {
							}
						},
						{
							"name": "chunk27",
							"from": [ 1.0, 1.0, -1.0 ],
							"to": [ 3.0, 3.0, 0.0 ],
							"rotationOrigin": [ 1.0, 1.0, -1.0 ],
							"faces": {
							}
						}
					]
				},
				{
					"name": "Support1",
					"from": [ 0.9138, 11.3119, -1.0 ],
					"to": [ 3.9138, 14.3119, 9.0 ],
					"rotationOrigin": [ 2.8638, 11.6319, 11.0 ],
					"rotationZ": -45.0,
					"faces": {
						"north": { "texture": "#endp", "uv": [ 0.0, 0.0, 16.0, 16.0 ] },
						"east": { "texture": "#bark", "uv": [ 0.0, 13.0, 10.0, 16.0 ] },
						"west": { "texture": "#bark", "uv": [ 0.0, 13.0, 10.0, 16.0 ] },
						"up": { "texture": "#bark", "uv": [ 0.0, 13.0, 10.0, 16.0 ], "rotation": 90 },
						"down": { "texture": "#bark", "uv": [ 0.0, 13.0, 10.0, 16.0 ], "rotation": 90 }
					},
					"children": [
						{
							"name": "Support11",
							"from": [ 0.0, 0.0, 10.0 ],
							"to": [ 3.0, 3.0, 18.0 ],
							"rotationOrigin": [ 1.5, 1.5, 10.0 ],
							"faces": {
								"east": { "texture": "#bark", "uv": [ 7.0, 13.0, 15.0, 16.0 ] },
								"south": { "texture": "#endp", "uv": [ 0.0, 0.0, 16.0, 16.0 ] },
								"west": { "texture": "#bark", "uv": [ 2.5, 13.0, 10.5, 16.0 ] },
								"up": { "texture": "#bark", "uv": [ 4.0, 13.0, 12.0, 16.0 ], "rotation": 90 },
								"down": { "texture": "#bark", "uv": [ 6.5, 13.0, 14.5, 16.0 ], "rotation": 90 }
							},
							"children": [
								{
									"name": "chunk28",
									"from": [ 0.0, 2.0, 8.0 ],
									"to": [ 1.0, 3.0, 10.0 ],
									"rotationOrigin": [ 0.0, 2.0, 8.0 ],
									"faces": {
									}
								},
								{
									"name": "chunk29",
									"from": [ 1.0, 1.0, 8.0 ],
									"to": [ 2.0, 2.0, 9.0 ],
									"rotationOrigin": [ 1.0, 1.0, 8.0 ],
									"faces": {
									}
								},
								{
									"name": "chunk30",
									"from": [ 1.5, 1.5, 8.0 ],
									"to": [ 3.0, 3.0, 9.5 ],
									"rotationOrigin": [ 1.5, 2.0, 8.0 ],
									"faces": {
									}
								},
								{
									"name": "chunk31",
									"from": [ 1.5, 0.0, 8.0 ],
									"to": [ 2.5, 1.0, 10.0 ],
									"rotationOrigin": [ 1.5, 0.0, 8.0 ],
									"faces": {
									}
								}
							]
						},
						{
							"name": "chunk32",
							"from": [ 0.0, 0.0, -2.0 ],
							"to": [ 2.0, 2.0, 0.0 ],
							"rotationOrigin": [ 0.0, 0.0, -2.0 ],
							"faces": {
							}
						},
						{
							"name": "chunk33",
							"from": [ 1.5, 1.5, -3.0 ],
							"to": [ 2.5, 2.5, 0.0 ],
							"rotationOrigin": [ 1.5, 1.5, -2.0 ],
							"faces": {
							}
						},
						{
							"name": "chunk34",
							"from": [ 1.5, 1.5, -3.0 ],
							"to": [ 2.5, 2.5, 0.0 ],
							"rotationOrigin": [ 1.5, 1.5, -2.0 ],
							"faces": {
							}
						},
						{
							"name": "chunk35",
							"from": [ 2.0, 0.0, -1.0 ],
							"to": [ 3.0, 1.0, 0.0 ],
							"rotationOrigin": [ 2.0, 0.0, 0.0 ],
							"faces": {
							}
						}
					]
				}
			]
		}
	]}