{
	"editor": {
		"allAngles": true,
		"entityTextureMode": true
	},
	"textureWidth": 64,
	"textureHeight": 64,
	"textureSizes": {
	},
	"textures": {
		"templarhead": "armor/entity/templar_helmets_steel",
		"plume": "block/plume/plumered"
	},
	"elements": [
		{
			"name": "ArmorHelmet",
			"stepParentName": "Head",
			"from": [ 1.3, 7.0, -0.7 ],
			"to": [ 8.3, 9.0, 5.8 ],
			"autoUnwrap": false,
			"uv": [ 27.0, 14.0 ],
			"rotationOrigin": [ 1.3, 7.0, -0.7 ],
			"rotationZ": -28.0,
			"faces": {
				"north": { "texture": "#templarhead", "uv": [ 26.5, 24.5, 33.5, 26.5 ], "windMode": [-1,-1,-1,-1], "windData": [1,1,1,1] },
				"east": { "texture": "#templarhead", "uv": [ 45.0, 24.5, 51.5, 26.5 ], "windMode": [-1,-1,-1,-1], "windData": [0,0,0,0] },
				"south": { "texture": "#templarhead", "uv": [ 38.5, 24.5, 45.5, 26.5 ], "windMode": [-1,-1,-1,-1], "windData": [1,1,1,1] },
				"west": { "texture": "#templarhead", "uv": [ 33.0, 21.0, 39.5, 23.0 ], "autoUv": false, "windMode": [-1,-1,-1,-1], "windData": [1,1,1,1] },
				"up": { "texture": "#templarhead", "uv": [ 33.0, 20.5, 39.5, 27.5 ], "rotation": 90, "windMode": [-1,-1,-1,-1], "windData": [1,1,1,1] },
				"down": { "texture": "#templarhead", "uv": [ 33.0, 26.0, 39.5, 33.0 ], "rotation": 90, "windMode": [-1,-1,-1,-1], "windData": [1,1,1,1] }
			},
			"children": [
				{
					"name": "ArmorHelmetTop",
					"from": [ 0.6, 2.0, 0.6 ],
					"to": [ 6.2, 2.2, 5.9 ],
					"unwrapMode": 4,
					"autoUnwrap": false,
					"uv": [ 23.5, 7.5 ],
					"rotationOrigin": [ 0.6, 2.0, 0.6 ],
					"faces": {
						"north": { "texture": "#templarhead", "uv": [ 33.5, 16.0, 39.0, 16.5 ], "windMode": [-1,-1,-1,-1], "windData": [1,1,1,1] },
						"east": { "texture": "#templarhead", "uv": [ 34.0, 16.0, 39.0, 16.5 ], "windMode": [-1,-1,-1,-1], "windData": [1,1,1,1] },
						"south": { "texture": "#templarhead", "uv": [ 33.0, 16.0, 38.5, 16.5 ], "windMode": [-1,-1,-1,-1], "windData": [1,1,1,1] },
						"west": { "texture": "#templarhead", "uv": [ 33.5, 19.5, 38.5, 20.0 ], "windMode": [-1,-1,-1,-1], "windData": [1,1,1,1] },
						"up": { "texture": "#templarhead", "uv": [ 33.5, 14.5, 38.5, 20.0 ], "rotation": 90, "windMode": [-1,-1,-1,-1], "windData": [1,1,1,1] },
						"down": { "texture": "#null", "uv": [ 5.5, 0.0, 11.0, 5.0 ], "enabled": false }
					}
				},
				{
					"name": "FaceMask1",
					"from": [ -0.5, -2.2, 3.3 ],
					"to": [ 0.0, -1.3, 6.11 ],
					"autoUnwrap": false,
					"uv": [ 32.0, 36.0 ],
					"rotationOrigin": [ -0.5, -2.2, 3.3 ],
					"rotationY": 5.0,
					"rotationZ": -21.0,
					"faces": {
						"north": { "texture": "#templarhead", "uv": [ 32.0, 38.5, 32.5, 39.0 ] },
						"east": { "texture": "#templarhead", "uv": [ 32.5, 38.5, 35.0, 39.0 ] },
						"south": { "texture": "#templarhead", "uv": [ 35.0, 38.5, 35.5, 39.0 ], "autoUv": false },
						"west": { "texture": "#templarhead", "uv": [ 34.5, 38.0, 39.0, 39.3 ], "autoUv": false },
						"up": { "texture": "#templarhead", "uv": [ 32.0, 36.0, 32.5, 38.5 ] },
						"down": { "texture": "#templarhead", "uv": [ 32.5, 36.0, 33.0, 38.5 ] }
					}
				},
				{
					"name": "FaceMask2",
					"from": [ -0.5, -2.2, 0.29 ],
					"to": [ 0.0, -1.3, 3.09 ],
					"autoUnwrap": false,
					"uv": [ 27.5, 36.0 ],
					"rotationOrigin": [ -0.5, -2.2, 3.5 ],
					"rotationY": -5.0,
					"rotationZ": -21.0,
					"faces": {
						"north": { "texture": "#templarhead", "uv": [ 28.5, 38.5, 29.0, 39.0 ] },
						"east": { "texture": "#templarhead", "uv": [ 28.5, 38.5, 31.0, 39.0 ] },
						"south": { "texture": "#templarhead", "uv": [ 30.5, 38.5, 31.0, 39.0 ] },
						"west": { "texture": "#templarhead", "uv": [ 30.0, 38.0, 34.2, 39.3 ], "autoUv": false },
						"up": { "texture": "#templarhead", "uv": [ 27.5, 36.0, 28.0, 38.5 ] },
						"down": { "texture": "#templarhead", "uv": [ 28.0, 36.0, 28.5, 38.5 ] }
					}
				},
				{
					"name": "FaceMask3",
					"from": [ -0.5, -3.5, 0.3 ],
					"to": [ 0.1, -2.2, 3.1 ],
					"autoUnwrap": false,
					"uv": [ 27.5, 36.0 ],
					"rotationOrigin": [ -0.5, -3.5, 3.5 ],
					"rotationY": -5.0,
					"faces": {
						"north": { "texture": "#templarhead", "uv": [ 28.5, 38.5, 28.0, 39.5 ], "autoUv": false },
						"east": { "texture": "#templarhead", "uv": [ 28.0, 38.5, 30.5, 39.5 ], "autoUv": false },
						"south": { "texture": "#templarhead", "uv": [ 30.5, 38.5, 31.0, 39.5 ] },
						"west": { "texture": "#templarhead", "uv": [ 30.1, 37.2, 34.2, 39.2 ], "autoUv": false },
						"up": { "texture": "#templarhead", "uv": [ 27.5, 36.0, 28.0, 38.5 ] },
						"down": { "texture": "#templarhead", "uv": [ 28.0, 36.0, 28.5, 38.5 ] }
					}
				},
				{
					"name": "FaceMask4",
					"from": [ -0.48, -3.5, 3.3 ],
					"to": [ 0.12, -2.2, 6.1 ],
					"autoUnwrap": false,
					"uv": [ 32.5, 35.5 ],
					"rotationOrigin": [ -0.5, -3.5, 3.3 ],
					"rotationY": 5.0,
					"rotationZ": 1.0,
					"faces": {
						"north": { "texture": "#templarhead", "uv": [ 32.5, 38.0, 33.0, 39.0 ] },
						"east": { "texture": "#templarhead", "uv": [ 33.0, 38.0, 35.5, 39.0 ], "autoUv": false },
						"south": { "texture": "#templarhead", "uv": [ 36.0, 38.0, 36.5, 39.0 ] },
						"west": { "texture": "#templarhead", "uv": [ 34.5, 37.3, 39.0, 39.5 ], "autoUv": false, "windMode": [-1,-1,-1,-1], "windData": [1,1,1,1] },
						"up": { "texture": "#templarhead", "uv": [ 32.5, 35.5, 33.0, 38.0 ] },
						"down": { "texture": "#templarhead", "uv": [ 33.0, 35.5, 33.5, 38.0 ] }
					}
				},
				{
					"name": "FaceMask5",
					"from": [ 0.07, -4.7, 3.3 ],
					"to": [ 0.77, -3.4, 6.0 ],
					"autoUnwrap": false,
					"uv": [ 32.0, 34.5 ],
					"rotationOrigin": [ 0.1, -4.7, 3.3 ],
					"rotationY": 5.0,
					"rotationZ": 20.0,
					"faces": {
						"north": { "texture": "#templarhead", "uv": [ 32.0, 37.0, 32.5, 38.0 ] },
						"east": { "texture": "#templarhead", "uv": [ 32.5, 37.0, 35.0, 38.0 ] },
						"south": { "texture": "#templarhead", "uv": [ 35.0, 37.0, 35.5, 38.0 ] },
						"west": { "texture": "#templarhead", "uv": [ 34.7, 36.4, 39.0, 38.4 ], "autoUv": false },
						"up": { "texture": "#templarhead", "uv": [ 32.0, 34.5, 32.5, 37.0 ] },
						"down": { "texture": "#templarhead", "uv": [ 32.5, 34.5, 33.0, 37.0 ] }
					}
				},
				{
					"name": "FaceMask6",
					"from": [ 0.05, -4.7, 0.4 ],
					"to": [ 0.75, -3.4, 3.1 ],
					"autoUnwrap": false,
					"uv": [ 29.0, 35.5 ],
					"rotationOrigin": [ 0.1, -4.7, 3.6 ],
					"rotationY": -5.0,
					"rotationZ": 20.0,
					"faces": {
						"north": { "texture": "#templarhead", "uv": [ 29.0, 38.0, 29.5, 39.0 ] },
						"east": { "texture": "#templarhead", "uv": [ 29.5, 38.0, 32.0, 39.0 ] },
						"south": { "texture": "#templarhead", "uv": [ 32.0, 38.0, 32.5, 39.0 ] },
						"west": { "texture": "#templarhead", "uv": [ 30.2, 37.3, 34.0, 39.3 ], "autoUv": false },
						"up": { "texture": "#templarhead", "uv": [ 29.0, 35.5, 29.5, 38.0 ] },
						"down": { "texture": "#templarhead", "uv": [ 29.5, 35.5, 30.0, 38.0 ] }
					}
				},
				{
					"name": "FaceCoverL1",
					"from": [ 0.21, -2.8, 6.0 ],
					"to": [ 1.11, 0.1, 6.4 ],
					"uv": [ 28.5, 20.5 ],
					"rotationOrigin": [ 0.2, -3.8, 6.0 ],
					"faces": {
						"north": { "texture": "#templarhead", "uv": [ 28.5, 21.0, 29.0, 23.5 ] },
						"east": { "texture": "#templarhead", "uv": [ 29.0, 21.0, 29.5, 23.5 ] },
						"south": { "texture": "#templarhead", "uv": [ 29.5, 21.0, 30.0, 23.5 ] },
						"west": { "texture": "#templarhead", "uv": [ 30.0, 21.0, 30.5, 23.5 ] },
						"up": { "texture": "#templarhead", "uv": [ 28.5, 20.5, 29.0, 21.0 ] },
						"down": { "texture": "#templarhead", "uv": [ 29.0, 20.5, 29.5, 21.0 ] }
					},
					"children": [
						{
							"name": "FaceCoverL2",
							"from": [ 0.21, -1.39, -0.22 ],
							"to": [ 1.61, 0.21, 0.38 ],
							"uv": [ 40.0, 24.5 ],
							"rotationOrigin": [ 0.2069, -1.3907, -0.2209 ],
							"rotationX": 2.9995,
							"rotationY": 0.0523,
							"rotationZ": 17.9986,
							"faces": {
								"north": { "texture": "#templarhead", "uv": [ 40.0, 25.0, 41.0, 26.5 ] },
								"east": { "texture": "#templarhead", "uv": [ 41.0, 25.0, 41.5, 26.5 ] },
								"south": { "texture": "#templarhead", "uv": [ 41.5, 25.0, 42.5, 26.5 ] },
								"west": { "texture": "#templarhead", "uv": [ 42.5, 25.0, 43.0, 26.5 ] },
								"up": { "texture": "#templarhead", "uv": [ 40.0, 24.5, 41.0, 25.0 ] },
								"down": { "texture": "#templarhead", "uv": [ 41.0, 24.5, 42.0, 25.0 ] }
							}
						}
					]
				},
				{
					"name": "FaceCoverR1",
					"from": [ 0.2, -2.8, 0.1 ],
					"to": [ 1.1, 0.1, 0.5 ],
					"uv": [ 45.2, 20.3 ],
					"rotationOrigin": [ 0.2, -3.8, 0.1 ],
					"faces": {
						"north": { "texture": "#templarhead", "uv": [ 45.0, 21.0, 45.5, 23.5 ] },
						"east": { "texture": "#templarhead", "uv": [ 46.0, 21.0, 46.5, 23.5 ] },
						"south": { "texture": "#templarhead", "uv": [ 46.5, 21.0, 47.0, 23.5 ] },
						"west": { "texture": "#templarhead", "uv": [ 47.0, 21.0, 47.5, 23.5 ] },
						"up": { "texture": "#templarhead", "uv": [ 45.0, 20.5, 45.5, 21.0 ] },
						"down": { "texture": "#templarhead", "uv": [ 46.0, 20.5, 46.5, 21.0 ] }
					},
					"children": [
						{
							"name": "FaceCoverR2",
							"from": [ 0.21, -1.39, -0.2 ],
							"to": [ 1.61, 0.21, 0.4 ],
							"uv": [ 26.9, 24.5 ],
							"rotationOrigin": [ 0.2069, -1.3907, -0.1209 ],
							"rotationX": 2.9995,
							"rotationY": 0.0523,
							"rotationZ": 17.9986,
							"faces": {
								"north": { "texture": "#templarhead", "uv": [ 27.0, 25.0, 28.0, 26.5 ] },
								"east": { "texture": "#templarhead", "uv": [ 28.0, 25.0, 28.5, 26.5 ] },
								"south": { "texture": "#templarhead", "uv": [ 28.5, 25.0, 29.5, 26.5 ] },
								"west": { "texture": "#templarhead", "uv": [ 29.5, 25.0, 30.0, 26.5 ] },
								"up": { "texture": "#templarhead", "uv": [ 27.0, 24.5, 28.0, 25.0 ] },
								"down": { "texture": "#templarhead", "uv": [ 28.0, 24.5, 29.0, 25.0 ] }
							}
						},
						{
							"name": "WreathCenter",
							"from": [ 2.8616, 4.0892, 3.2181 ],
							"to": [ 2.8616, 4.0892, 3.2181 ],
							"uv": [ 12.5, 20.9 ],
							"rotationOrigin": [ 2.8616, 4.0892, 3.2181 ],
							"rotationX": 2.9995,
							"rotationY": 0.0523,
							"rotationZ": 0.9986,
							"faces": {
								"north": { "texture": "#plume", "uv": [ 12.5, 21.5, 13.0, 22.0 ] },
								"east": { "texture": "#plume", "uv": [ 13.0, 21.5, 13.5, 22.0 ] },
								"south": { "texture": "#plume", "uv": [ 13.5, 21.5, 14.0, 22.0 ] },
								"west": { "texture": "#plume", "uv": [ 14.0, 21.5, 14.5, 22.0 ] },
								"up": { "texture": "#plume", "uv": [ 12.5, 21.0, 13.0, 21.5 ] },
								"down": { "texture": "#plume", "uv": [ 13.0, 21.0, 13.5, 21.5 ] }
							},
							"children": [
								{
									"name": "Cube20",
									"from": [ -0.8005, -5.1, 3.9 ],
									"to": [ -0.3005, -1.0, 5.9 ],
									"uv": [ 0.0, 29.9 ],
									"rotationOrigin": [ -0.8002, -4.4, 3.9001 ],
									"rotationX": -187.0,
									"rotationY": 89.02,
									"rotationZ": 173.0,
									"faces": {
										"north": { "texture": "#plume", "uv": [ 0.0, 32.0, 0.5, 36.0 ] },
										"east": { "texture": "#plume", "uv": [ 0.5, 32.0, 2.5, 36.0 ] },
										"south": { "texture": "#plume", "uv": [ 2.5, 32.0, 3.0, 36.0 ] },
										"west": { "texture": "#plume", "uv": [ 3.0, 32.0, 5.0, 36.0 ] },
										"up": { "texture": "#plume", "uv": [ 0.0, 30.0, 0.5, 32.0 ] },
										"down": { "texture": "#plume", "uv": [ 0.5, 30.0, 1.0, 32.0 ] }
									},
									"children": [
										{
											"name": "Cube21",
											"from": [ -0.4, -1.7, 0.0 ],
											"to": [ 0.1, 0.7, 2.0 ],
											"uv": [ 0.0, 33.5 ],
											"rotationOrigin": [ -0.3997, -1.0, -0.0014 ],
											"rotationX": 1.0,
											"rotationY": 5.0,
											"rotationZ": -11.0,
											"faces": {
												"north": { "texture": "#plume", "uv": [ 0.0, 35.5, 0.5, 37.5 ] },
												"east": { "texture": "#plume", "uv": [ 0.5, 35.5, 2.5, 37.5 ] },
												"south": { "texture": "#plume", "uv": [ 2.5, 35.5, 3.0, 37.5 ] },
												"west": { "texture": "#plume", "uv": [ 3.0, 35.5, 5.0, 37.5 ] },
												"up": { "texture": "#plume", "uv": [ 0.0, 33.5, 0.5, 35.5 ] },
												"down": { "texture": "#plume", "uv": [ 0.5, 33.5, 1.0, 35.5 ] }
											}
										}
									]
								},
								{
									"name": "Cube22",
									"from": [ -0.13, -4.4086, 2.94 ],
									"to": [ 0.37, -0.9086, 4.54 ],
									"uv": [ 3.5, 35.0 ],
									"rotationOrigin": [ 0.7687, -3.8062, 2.936 ],
									"rotationX": 167.21,
									"rotationY": 85.9,
									"rotationZ": 177.1222,
									"faces": {
										"north": { "texture": "#plume", "uv": [ 3.5, 36.5, 4.0, 40.0 ] },
										"east": { "texture": "#plume", "uv": [ 4.0, 36.5, 5.5, 40.0 ] },
										"south": { "texture": "#plume", "uv": [ 5.5, 36.5, 6.0, 40.0 ] },
										"west": { "texture": "#plume", "uv": [ 6.0, 36.5, 7.5, 40.0 ] },
										"up": { "texture": "#plume", "uv": [ 3.5, 35.0, 4.0, 36.5 ] },
										"down": { "texture": "#plume", "uv": [ 4.0, 35.0, 4.5, 36.5 ] }
									},
									"children": [
										{
											"name": "Cube23",
											"from": [ -0.2, -2.3, 0.0 ],
											"to": [ 0.3, 0.0, 1.6 ],
											"uv": [ 3.4, 32.3 ],
											"rotationOrigin": [ 0.6979, -1.6976, -0.004 ],
											"rotationY": -3.0,
											"rotationZ": -8.0,
											"faces": {
												"north": { "texture": "#plume", "uv": [ 3.5, 34.0, 4.0, 36.0 ] },
												"east": { "texture": "#plume", "uv": [ 4.0, 34.0, 5.5, 36.0 ] },
												"south": { "texture": "#plume", "uv": [ 5.5, 34.0, 6.0, 36.0 ] },
												"west": { "texture": "#plume", "uv": [ 6.0, 34.0, 7.5, 36.0 ] },
												"up": { "texture": "#plume", "uv": [ 3.5, 32.5, 4.0, 34.0 ] },
												"down": { "texture": "#plume", "uv": [ 4.0, 32.5, 4.5, 34.0 ] }
											}
										}
									]
								},
								{
									"name": "Cube25",
									"from": [ 2.3, -4.9, 3.9 ],
									"to": [ 2.8, -0.9, 5.2 ],
									"uv": [ 0.0, 35.2 ],
									"rotationOrigin": [ 2.3, -4.2, 3.9 ],
									"rotationX": 175.0,
									"rotationY": 89.0,
									"rotationZ": 169.9999,
									"faces": {
										"north": { "texture": "#plume", "uv": [ 0.0, 36.5, 0.5, 40.5 ] },
										"east": { "texture": "#plume", "uv": [ 0.5, 36.5, 1.5, 40.5 ] },
										"south": { "texture": "#plume", "uv": [ 1.5, 36.5, 2.0, 40.5 ] },
										"west": { "texture": "#plume", "uv": [ 2.0, 36.5, 3.0, 40.5 ] },
										"up": { "texture": "#plume", "uv": [ 0.0, 35.0, 0.5, 36.0 ] },
										"down": { "texture": "#plume", "uv": [ 0.5, 35.0, 1.0, 36.0 ] }
									},
									"children": [
										{
											"name": "Cube24",
											"from": [ -0.2, -1.5, -0.1 ],
											"to": [ 0.3, 0.5, 1.5 ],
											"uv": [ 2.0, 32.5 ],
											"rotationOrigin": [ -0.2, -0.8, -0.1 ],
											"rotationY": -1.0,
											"rotationZ": -13.0,
											"faces": {
												"north": { "texture": "#plume", "uv": [ 2.0, 34.0, 2.5, 36.0 ] },
												"east": { "texture": "#plume", "uv": [ 2.5, 34.0, 4.0, 36.0 ] },
												"south": { "texture": "#plume", "uv": [ 4.0, 34.0, 4.5, 36.0 ] },
												"west": { "texture": "#plume", "uv": [ 4.5, 34.0, 6.0, 36.0 ] },
												"up": { "texture": "#plume", "uv": [ 2.0, 32.5, 2.5, 34.0 ] },
												"down": { "texture": "#plume", "uv": [ 2.5, 32.5, 3.0, 34.0 ] }
											}
										}
									]
								},
								{
									"name": "Cube26",
									"from": [ 4.3, -4.9, 3.23 ],
									"to": [ 4.8, -0.9, 4.53 ],
									"uv": [ 0.0, 33.5 ],
									"rotationOrigin": [ 4.3021, -4.2, 3.1636 ],
									"rotationX": -176.5031,
									"rotationY": 9.94,
									"rotationZ": 167.4728,
									"faces": {
										"north": { "texture": "#plume", "uv": [ 0.0, 34.5, 0.5, 38.5 ] },
										"east": { "texture": "#plume", "uv": [ 0.5, 34.5, 1.5, 38.5 ] },
										"south": { "texture": "#plume", "uv": [ 1.5, 34.5, 2.0, 38.5 ] },
										"west": { "texture": "#plume", "uv": [ 2.0, 34.5, 3.0, 38.5 ] },
										"up": { "texture": "#plume", "uv": [ 0.0, 33.5, 0.5, 34.5 ] },
										"down": { "texture": "#plume", "uv": [ 0.5, 33.5, 1.0, 34.5 ] }
									},
									"children": [
										{
											"name": "Cube27",
											"from": [ -0.2, -1.5, -0.1 ],
											"to": [ 0.3, 0.5, 1.3 ],
											"uv": [ 6.0, 34.4 ],
											"rotationOrigin": [ -0.2, -0.8, -0.1 ],
											"rotationY": -1.0,
											"rotationZ": -13.0,
											"faces": {
												"north": { "texture": "#plume", "uv": [ 6.0, 35.5, 6.5, 37.5 ] },
												"east": { "texture": "#plume", "uv": [ 6.5, 35.5, 7.5, 37.5 ] },
												"south": { "texture": "#plume", "uv": [ 7.5, 35.5, 8.0, 37.5 ] },
												"west": { "texture": "#plume", "uv": [ 8.0, 35.5, 9.0, 37.5 ] },
												"up": { "texture": "#plume", "uv": [ 6.0, 34.5, 6.5, 35.5 ] },
												"down": { "texture": "#plume", "uv": [ 6.5, 34.5, 7.0, 35.5 ] }
											}
										}
									]
								},
								{
									"name": "Cube33",
									"from": [ 4.2, -5.0, 0.8016 ],
									"to": [ 4.7, -0.9, 2.8016 ],
									"uv": [ 0.0, 31.3 ],
									"rotationOrigin": [ 4.2001, -4.3, 0.8002 ],
									"rotationX": 180.0,
									"rotationY": -2.9802,
									"rotationZ": 173.0,
									"faces": {
										"north": { "texture": "#plume", "uv": [ 0.0, 33.5, 0.5, 37.5 ] },
										"east": { "texture": "#plume", "uv": [ 0.5, 33.5, 2.5, 37.5 ] },
										"south": { "texture": "#plume", "uv": [ 2.5, 33.5, 3.0, 37.5 ] },
										"west": { "texture": "#plume", "uv": [ 3.0, 33.5, 5.0, 37.5 ] },
										"up": { "texture": "#plume", "uv": [ 0.0, 31.5, 0.5, 33.5 ] },
										"down": { "texture": "#plume", "uv": [ 0.5, 31.5, 1.0, 33.5 ] }
									},
									"children": [
										{
											"name": "Cube34",
											"from": [ -0.4, -1.7, 0.0 ],
											"to": [ 0.1, 0.7, 2.0 ],
											"uv": [ 0.0, 32.0 ],
											"rotationOrigin": [ -0.3997, -1.0, -0.0014 ],
											"rotationX": 1.0,
											"rotationY": 5.0,
											"rotationZ": -11.0,
											"faces": {
												"north": { "texture": "#plume", "uv": [ 0.0, 34.0, 0.5, 36.0 ] },
												"east": { "texture": "#plume", "uv": [ 0.5, 34.0, 2.5, 36.0 ] },
												"south": { "texture": "#plume", "uv": [ 2.5, 34.0, 3.0, 36.0 ] },
												"west": { "texture": "#plume", "uv": [ 3.0, 34.0, 5.0, 36.0 ] },
												"up": { "texture": "#plume", "uv": [ 0.0, 32.0, 0.5, 34.0 ] },
												"down": { "texture": "#plume", "uv": [ 0.5, 32.0, 1.0, 34.0 ] }
											}
										}
									]
								},
								{
									"name": "Cube36",
									"from": [ 2.62, -4.4086, -0.7647 ],
									"to": [ 3.12, -0.9086, 0.8353 ],
									"uv": [ 0.5, 33.5 ],
									"rotationOrigin": [ 3.436, -3.8062, -0.7687 ],
									"rotationX": 178.0,
									"rotationY": -8.0,
									"rotationZ": 171.0,
									"faces": {
										"north": { "texture": "#plume", "uv": [ 0.5, 35.0, 1.0, 38.5 ] },
										"east": { "texture": "#plume", "uv": [ 1.0, 35.0, 2.5, 38.5 ] },
										"south": { "texture": "#plume", "uv": [ 2.5, 35.0, 3.0, 38.5 ] },
										"west": { "texture": "#plume", "uv": [ 3.0, 35.0, 4.5, 38.5 ] },
										"up": { "texture": "#plume", "uv": [ 0.5, 33.5, 1.0, 35.0 ] },
										"down": { "texture": "#plume", "uv": [ 1.0, 33.5, 1.5, 35.0 ] }
									},
									"children": [
										{
											"name": "Cube37",
											"from": [ -0.2, -2.3, 0.0 ],
											"to": [ 0.3, 0.0, 1.6 ],
											"uv": [ 1.0, 31.0 ],
											"rotationOrigin": [ 0.6979, -1.6976, -0.004 ],
											"rotationY": -3.0,
											"rotationZ": -8.0,
											"faces": {
												"north": { "texture": "#plume", "uv": [ 1.0, 32.5, 1.5, 34.5 ] },
												"east": { "texture": "#plume", "uv": [ 1.5, 32.5, 3.0, 34.5 ] },
												"south": { "texture": "#plume", "uv": [ 3.0, 32.5, 3.5, 34.5 ] },
												"west": { "texture": "#plume", "uv": [ 3.5, 32.5, 5.0, 34.5 ] },
												"up": { "texture": "#plume", "uv": [ 1.0, 31.0, 1.5, 32.5 ] },
												"down": { "texture": "#plume", "uv": [ 1.5, 31.0, 2.0, 32.5 ] }
											}
										}
									]
								},
								{
									"name": "Cube39",
									"from": [ 2.42, -4.2, -0.8965 ],
									"to": [ 2.92, -0.7, 0.9035 ],
									"uv": [ 6.0, 30.0 ],
									"rotationOrigin": [ 3.2864, -3.6, 0.7035 ],
									"rotationX": 180.0,
									"rotationZ": 172.0,
									"faces": {
										"north": { "texture": "#plume", "uv": [ 6.0, 31.5, 6.5, 35.0 ] },
										"east": { "texture": "#plume", "uv": [ 6.5, 31.5, 8.0, 35.0 ] },
										"south": { "texture": "#plume", "uv": [ 8.0, 31.5, 8.5, 35.0 ] },
										"west": { "texture": "#plume", "uv": [ 8.5, 31.5, 10.0, 35.0 ] },
										"up": { "texture": "#plume", "uv": [ 6.0, 30.0, 6.5, 31.5 ] },
										"down": { "texture": "#plume", "uv": [ 6.5, 30.0, 7.0, 31.5 ] }
									},
									"children": [
										{
											"name": "Cube40",
											"from": [ -0.0321, -2.4081, 0.0 ],
											"to": [ 0.4679, -0.0081, 1.8 ],
											"uv": [ 2.0, 32.0 ],
											"rotationOrigin": [ 0.8679, -1.8081, 1.6 ],
											"rotationX": -0.4201,
											"rotationY": 5.9853,
											"rotationZ": -1.978,
											"faces": {
												"north": { "texture": "#plume", "uv": [ 2.0, 33.5, 2.5, 35.5 ] },
												"east": { "texture": "#plume", "uv": [ 2.5, 33.5, 4.0, 35.5 ] },
												"south": { "texture": "#plume", "uv": [ 4.0, 33.5, 4.5, 35.5 ] },
												"west": { "texture": "#plume", "uv": [ 4.5, 33.5, 6.0, 35.5 ] },
												"up": { "texture": "#plume", "uv": [ 2.0, 32.0, 2.5, 33.5 ] },
												"down": { "texture": "#plume", "uv": [ 2.5, 32.0, 3.0, 33.5 ] }
											}
										}
									]
								},
								{
									"name": "Cube42",
									"from": [ 4.45, -4.9, -1.9 ],
									"to": [ 4.95, -1.0, -0.6 ],
									"uv": [ 4.0, 32.6 ],
									"rotationOrigin": [ 4.4, -4.2, -1.9 ],
									"rotationX": 179.9999,
									"rotationY": -8.0,
									"rotationZ": 170.0,
									"faces": {
										"north": { "texture": "#plume", "uv": [ 4.0, 34.0, 4.5, 37.5 ] },
										"east": { "texture": "#plume", "uv": [ 4.5, 34.0, 5.5, 37.5 ] },
										"south": { "texture": "#plume", "uv": [ 5.5, 34.0, 6.0, 37.5 ] },
										"west": { "texture": "#plume", "uv": [ 6.0, 34.0, 7.0, 37.5 ] },
										"up": { "texture": "#plume", "uv": [ 4.0, 32.5, 4.5, 33.5 ] },
										"down": { "texture": "#plume", "uv": [ 4.5, 32.5, 5.0, 33.5 ] }
									},
									"children": [
										{
											"name": "Cube43",
											"from": [ -0.2, -1.5, -0.1 ],
											"to": [ 0.3, 0.5, 1.5 ],
											"uv": [ 2.0, 34.0 ],
											"rotationOrigin": [ -0.2, -0.8, -0.1 ],
											"rotationY": -1.0,
											"rotationZ": -13.0,
											"faces": {
												"north": { "texture": "#plume", "uv": [ 2.0, 35.5, 2.5, 37.5 ] },
												"east": { "texture": "#plume", "uv": [ 2.5, 35.5, 4.0, 37.5 ] },
												"south": { "texture": "#plume", "uv": [ 4.0, 35.5, 4.5, 37.5 ] },
												"west": { "texture": "#plume", "uv": [ 4.5, 35.5, 6.0, 37.5 ] },
												"up": { "texture": "#plume", "uv": [ 2.0, 34.0, 2.5, 35.5 ] },
												"down": { "texture": "#plume", "uv": [ 2.5, 34.0, 3.0, 35.5 ] }
											}
										}
									]
								},
								{
									"name": "Cube44",
									"from": [ 3.53, -4.9, -3.5 ],
									"to": [ 4.03, -0.9, -2.2 ],
									"uv": [ 0.0, 36.0 ],
									"rotationOrigin": [ 3.5636, -4.2, -3.5021 ],
									"rotationX": -174.621,
									"rotationY": -77.9,
									"rotationZ": 173.89,
									"faces": {
										"north": { "texture": "#plume", "uv": [ 0.0, 37.0, 0.5, 41.0 ] },
										"east": { "texture": "#plume", "uv": [ 0.5, 37.0, 1.5, 41.0 ] },
										"south": { "texture": "#plume", "uv": [ 1.5, 37.0, 2.0, 41.0 ] },
										"west": { "texture": "#plume", "uv": [ 2.0, 37.0, 3.0, 41.0 ] },
										"up": { "texture": "#plume", "uv": [ 0.0, 36.0, 0.5, 37.0 ] },
										"down": { "texture": "#plume", "uv": [ 0.5, 36.0, 1.0, 37.0 ] }
									},
									"children": [
										{
											"name": "Cube45",
											"from": [ -0.2, -1.5, -0.1 ],
											"to": [ 0.3, 0.5, 1.3 ],
											"uv": [ 0.0, 33.4 ],
											"rotationOrigin": [ -0.2, -0.8, -0.1 ],
											"rotationY": -1.0,
											"rotationZ": -13.0,
											"faces": {
												"north": { "texture": "#plume", "uv": [ 0.0, 34.5, 0.5, 36.5 ] },
												"east": { "texture": "#plume", "uv": [ 0.5, 34.5, 1.5, 36.5 ] },
												"south": { "texture": "#plume", "uv": [ 1.5, 34.5, 2.0, 36.5 ] },
												"west": { "texture": "#plume", "uv": [ 2.0, 34.5, 3.0, 36.5 ] },
												"up": { "texture": "#plume", "uv": [ 0.0, 33.5, 0.5, 34.5 ] },
												"down": { "texture": "#plume", "uv": [ 0.5, 33.5, 1.0, 34.5 ] }
											}
										}
									]
								},
								{
									"name": "Cube29",
									"from": [ 0.8001, -5.0, -3.6 ],
									"to": [ 1.3001, -0.9, -1.6 ],
									"uv": [ 0.0, 33.5 ],
									"rotationOrigin": [ 0.8004, -4.3, -3.6014 ],
									"rotationY": -87.0,
									"rotationZ": -7.0,
									"faces": {
										"north": { "texture": "#plume", "uv": [ 0.0, 35.5, 0.5, 39.5 ] },
										"east": { "texture": "#plume", "uv": [ 0.5, 35.5, 2.5, 39.5 ] },
										"south": { "texture": "#plume", "uv": [ 2.5, 35.5, 3.0, 39.5 ] },
										"west": { "texture": "#plume", "uv": [ 3.0, 35.5, 5.0, 39.5 ] },
										"up": { "texture": "#plume", "uv": [ 0.0, 33.5, 0.5, 35.5 ] },
										"down": { "texture": "#plume", "uv": [ 0.5, 33.5, 1.0, 35.5 ] }
									},
									"children": [
										{
											"name": "Cube30",
											"from": [ -0.4, -1.7, 0.0 ],
											"to": [ 0.1, 0.7, 2.0 ],
											"uv": [ 0.0, 31.0 ],
											"rotationOrigin": [ -0.3997, -1.0, -0.0014 ],
											"rotationX": 1.0,
											"rotationY": 5.0,
											"rotationZ": -11.0,
											"faces": {
												"north": { "texture": "#plume", "uv": [ 0.0, 33.0, 0.5, 35.0 ] },
												"east": { "texture": "#plume", "uv": [ 0.5, 33.0, 2.5, 35.0 ] },
												"south": { "texture": "#plume", "uv": [ 2.5, 33.0, 3.0, 35.0 ] },
												"west": { "texture": "#plume", "uv": [ 3.0, 33.0, 5.0, 35.0 ] },
												"up": { "texture": "#plume", "uv": [ 0.0, 31.0, 0.5, 33.0 ] },
												"down": { "texture": "#plume", "uv": [ 0.5, 31.0, 1.0, 33.0 ] }
											}
										}
									]
								},
								{
									"name": "Cube49",
									"from": [ -0.04, -4.3, -4.18 ],
									"to": [ 0.46, -1.1, -2.38 ],
									"uv": [ 2.0, 31.0 ],
									"rotationOrigin": [ 0.8553, -3.7, -2.5796 ],
									"rotationX": 176.0,
									"rotationY": -85.0,
									"rotationZ": 170.0,
									"faces": {
										"north": { "texture": "#plume", "uv": [ 2.0, 32.5, 2.5, 35.5 ] },
										"east": { "texture": "#plume", "uv": [ 2.5, 32.5, 4.0, 35.5 ] },
										"south": { "texture": "#plume", "uv": [ 4.0, 32.5, 4.5, 35.5 ] },
										"west": { "texture": "#plume", "uv": [ 4.5, 32.5, 6.0, 35.5 ] },
										"up": { "texture": "#plume", "uv": [ 2.0, 31.0, 2.5, 32.5 ] },
										"down": { "texture": "#plume", "uv": [ 2.5, 31.0, 3.0, 32.5 ] }
									},
									"children": [
										{
											"name": "Cube50",
											"from": [ -0.33, -2.41, 0.0 ],
											"to": [ 0.17, -0.01, 1.8 ],
											"uv": [ 0.5, 32.2 ],
											"rotationOrigin": [ 0.5679, -1.8081, 1.6 ],
											"rotationX": -0.4201,
											"rotationY": 5.9853,
											"rotationZ": -9.98,
											"faces": {
												"north": { "texture": "#plume", "uv": [ 0.5, 34.0, 1.0, 36.0 ] },
												"east": { "texture": "#plume", "uv": [ 1.0, 34.0, 2.5, 36.0 ] },
												"south": { "texture": "#plume", "uv": [ 2.5, 34.0, 3.0, 36.0 ] },
												"west": { "texture": "#plume", "uv": [ 3.0, 34.0, 4.5, 36.0 ] },
												"up": { "texture": "#plume", "uv": [ 0.5, 32.0, 1.0, 33.5 ] },
												"down": { "texture": "#plume", "uv": [ 1.0, 32.0, 1.5, 33.5 ] }
											}
										}
									]
								}
							]
						}
					]
				},
				{
					"name": "ArmorNeck1",
					"from": [ 1.5492, -5.6701, 1.3 ],
					"to": [ 5.1492, -3.8701, 4.9 ],
					"unwrapMode": 4,
					"uv": [ 5.5, 26.5 ],
					"rotationOrigin": [ 1.5492, -3.6701, 1.3 ],
					"rotationZ": 7.0,
					"faces": {
						"north": { "texture": "#templarhead", "uv": [ 5.5, 26.5, 9.0, 28.0 ] },
						"east": { "texture": "#templarhead", "uv": [ 16.0, 26.5, 19.5, 28.0 ] },
						"south": { "texture": "#templarhead", "uv": [ 12.5, 26.5, 16.0, 28.0 ] },
						"west": { "texture": "#templarhead", "uv": [ 9.0, 26.5, 12.5, 28.0 ] },
						"up": { "texture": "#null", "uv": [ 9.0, 26.5, 12.5, 30.0 ], "rotation": 90, "enabled": false },
						"down": { "texture": "#null", "uv": [ 9.0, 31.5, 12.5, 35.0 ], "rotation": 90, "enabled": false }
					}
				},
				{
					"name": "InnerCowl",
					"from": [ 0.5, -3.7, 0.2 ],
					"to": [ 6.8, 0.6, 6.28 ],
					"autoUnwrap": false,
					"uv": [ 53.5, 46.0 ],
					"rotationOrigin": [ 0.5, -3.7, 0.2 ],
					"faces": {
						"north": { "texture": "#templarhead", "uv": [ 53.5, 51.5, 59.5, 55.5 ] },
						"east": { "texture": "#templarhead", "uv": [ 57.0, 51.5, 63.0, 55.5 ] },
						"south": { "texture": "#templarhead", "uv": [ 56.0, 51.5, 62.0, 55.0 ], "autoUv": false, "windMode": [-1,-1,-1,-1], "windData": [1,1,1,1] },
						"west": { "texture": "#templarhead", "uv": [ 56.0, 51.5, 62.0, 55.5 ], "windMode": [-1,-1,-1,-1], "windData": [1,1,1,1] },
						"up": { "texture": "#templarhead", "uv": [ 53.5, 44.0, 59.5, 50.0 ], "windMode": [-1,-1,-1,-1], "windData": [1,1,1,1] },
						"down": { "texture": "#templarhead", "uv": [ 57.0, 44.0, 63.0, 50.0 ], "windMode": [-1,-1,-1,-1], "windData": [1,1,1,1] }
					}
				},
				{
					"name": "FaceMask7",
					"from": [ 0.0, -1.5, 0.3 ],
					"to": [ 0.4, 0.1, 3.1 ],
					"autoUnwrap": false,
					"uv": [ 18.4, 30.1 ],
					"rotationOrigin": [ 0.0, -1.5, 3.1 ],
					"rotationY": -2.0,
					"faces": {
						"north": { "texture": "#templarhead", "uv": [ 20.5, 26.5, 21.0, 28.0 ] },
						"east": { "texture": "#templarhead", "uv": [ 22.5, 26.5, 25.0, 28.0 ] },
						"south": { "texture": "#templarhead", "uv": [ 21.5, 33.0, 22.0, 34.5 ] },
						"west": { "texture": "#templarhead", "uv": [ 21.6, 32.0, 24.5, 35.5 ], "autoUv": false },
						"up": { "texture": "#templarhead", "uv": [ 19.5, 24.5, 20.0, 27.0 ] },
						"down": { "texture": "#templarhead", "uv": [ 20.0, 26.5, 20.5, 29.0 ] }
					}
				},
				{
					"name": "FaceMask8",
					"from": [ 0.0, -1.5, 3.3 ],
					"to": [ 0.4, 0.1, 6.1 ],
					"autoUnwrap": false,
					"uv": [ 23.0, 30.5 ],
					"rotationOrigin": [ 0.0, -1.5, 3.3 ],
					"rotationY": 2.0,
					"rotationZ": 1.0,
					"faces": {
						"north": { "texture": "#templarhead", "uv": [ 23.0, 33.0, 23.5, 34.5 ] },
						"east": { "texture": "#templarhead", "uv": [ 23.5, 33.0, 26.0, 34.5 ] },
						"south": { "texture": "#templarhead", "uv": [ 26.0, 35.0, 26.5, 36.5 ] },
						"west": { "texture": "#templarhead", "uv": [ 26.5, 32.0, 29.4, 35.5 ], "autoUv": false, "windMode": [-1,-1,-1,-1], "windData": [1,1,1,1] },
						"up": { "texture": "#templarhead", "uv": [ 23.0, 30.5, 23.5, 33.0 ] },
						"down": { "texture": "#templarhead", "uv": [ 23.5, 30.5, 24.0, 33.0 ] }
					}
				},
				{
					"name": "Nose1",
					"from": [ -0.6, -1.5, 2.8 ],
					"to": [ 0.0, 0.1, 3.6 ],
					"uv": [ 5.5, 18.5 ],
					"rotationOrigin": [ -0.6, -1.5, 2.8 ],
					"rotationY": 2.0,
					"rotationZ": -3.0,
					"faces": {
						"north": { "texture": "#templarhead", "uv": [ 5.5, 19.0, 6.0, 20.5 ] },
						"east": { "texture": "#templarhead", "uv": [ 6.0, 19.0, 6.5, 20.5 ] },
						"south": { "texture": "#templarhead", "uv": [ 6.5, 19.0, 7.0, 20.5 ] },
						"west": { "texture": "#templarhead", "uv": [ 7.0, 19.0, 7.5, 20.5 ], "windMode": [-1,-1,-1,-1], "windData": [1,1,1,1] },
						"up": { "texture": "#templarhead", "uv": [ 5.5, 18.5, 6.0, 19.0 ] },
						"down": { "texture": "#templarhead", "uv": [ 6.0, 18.5, 6.5, 19.0 ] }
					}
				},
				{
					"name": "Nose2",
					"from": [ -0.5, 0.1, 2.8 ],
					"to": [ 0.1, 2.5, 3.6 ],
					"uv": [ 5.5, 19.0 ],
					"rotationOrigin": [ -0.5, 0.1, 2.8 ],
					"rotationY": 2.0,
					"rotationZ": -11.0,
					"faces": {
						"north": { "texture": "#templarhead", "uv": [ 5.5, 19.5, 6.0, 21.5 ] },
						"east": { "texture": "#templarhead", "uv": [ 6.0, 19.5, 6.5, 21.5 ] },
						"south": { "texture": "#templarhead", "uv": [ 6.5, 19.5, 7.0, 21.5 ] },
						"west": { "texture": "#templarhead", "uv": [ 7.0, 19.5, 7.5, 21.5 ], "windMode": [-1,-1,-1,-1], "windData": [1,1,1,1] },
						"up": { "texture": "#templarhead", "uv": [ 5.5, 19.0, 6.0, 19.5 ] },
						"down": { "texture": "#templarhead", "uv": [ 6.0, 19.0, 6.5, 19.5 ] }
					}
				},
				{
					"name": "Nose3",
					"from": [ -0.9, -2.7, 2.8 ],
					"to": [ -0.3, -1.4, 3.6 ],
					"uv": [ 6.5, 20.0 ],
					"rotationOrigin": [ -0.9, -2.7, 2.8 ],
					"rotationY": 2.0,
					"rotationZ": -12.0,
					"faces": {
						"north": { "texture": "#templarhead", "uv": [ 6.5, 20.5, 7.0, 21.5 ] },
						"east": { "texture": "#templarhead", "uv": [ 7.0, 20.5, 7.5, 21.5 ] },
						"south": { "texture": "#templarhead", "uv": [ 7.5, 20.5, 8.0, 21.5 ] },
						"west": { "texture": "#templarhead", "uv": [ 8.0, 20.5, 8.5, 21.5 ], "windMode": [-1,-1,-1,-1], "windData": [1,1,1,1] },
						"up": { "texture": "#templarhead", "uv": [ 6.5, 20.0, 7.0, 20.5 ] },
						"down": { "texture": "#templarhead", "uv": [ 7.0, 20.0, 7.5, 20.5 ] }
					}
				},
				{
					"name": "Nose4",
					"from": [ -0.8, -4.0, 2.8 ],
					"to": [ -0.2, -2.7, 3.6 ],
					"uv": [ 8.0, 20.5 ],
					"rotationOrigin": [ -0.8, -4.0, 2.8 ],
					"rotationY": 2.0,
					"rotationZ": 1.0,
					"faces": {
						"north": { "texture": "#templarhead", "uv": [ 8.0, 21.0, 8.5, 22.0 ] },
						"east": { "texture": "#templarhead", "uv": [ 8.5, 21.0, 9.0, 22.0 ] },
						"south": { "texture": "#templarhead", "uv": [ 9.0, 21.0, 9.5, 22.0 ] },
						"west": { "texture": "#templarhead", "uv": [ 9.5, 21.0, 10.0, 22.0 ], "windMode": [-1,-1,-1,-1], "windData": [1,1,1,1] },
						"up": { "texture": "#templarhead", "uv": [ 8.0, 20.5, 8.5, 21.0 ] },
						"down": { "texture": "#templarhead", "uv": [ 8.5, 20.5, 9.0, 21.0 ] }
					}
				},
				{
					"name": "Nose5",
					"from": [ -0.1, -5.2, 2.8 ],
					"to": [ 0.5, -3.9, 3.6 ],
					"uv": [ 7.5, 21.0 ],
					"rotationOrigin": [ -0.1, -5.2, 2.8 ],
					"rotationY": 2.0,
					"rotationZ": 30.0,
					"faces": {
						"north": { "texture": "#templarhead", "uv": [ 7.5, 21.5, 8.0, 22.5 ] },
						"east": { "texture": "#templarhead", "uv": [ 8.0, 21.5, 8.5, 22.5 ] },
						"south": { "texture": "#templarhead", "uv": [ 8.5, 21.5, 9.0, 22.5 ] },
						"west": { "texture": "#templarhead", "uv": [ 9.0, 21.5, 9.5, 22.5 ], "windMode": [-1,-1,-1,-1], "windData": [1,1,1,1] },
						"up": { "texture": "#templarhead", "uv": [ 7.5, 21.0, 8.0, 21.5 ] },
						"down": { "texture": "#templarhead", "uv": [ 8.0, 21.0, 8.5, 21.5 ] }
					}
				},
				{
					"name": "Nose6",
					"from": [ -0.1, -4.9, 2.5 ],
					"to": [ 0.5, -4.2, 3.9 ],
					"uv": [ 7.5, 18.5 ],
					"rotationOrigin": [ -0.1, -4.9, 2.5 ],
					"rotationY": 2.0,
					"rotationZ": 30.0,
					"faces": {
						"north": { "texture": "#templarhead", "uv": [ 7.5, 19.5, 8.0, 20.0 ] },
						"east": { "texture": "#templarhead", "uv": [ 8.0, 19.5, 9.0, 20.0 ] },
						"south": { "texture": "#templarhead", "uv": [ 9.0, 19.5, 9.5, 20.0 ] },
						"west": { "texture": "#templarhead", "uv": [ 9.5, 19.5, 10.5, 20.0 ], "windMode": [-1,-1,-1,-1], "windData": [1,1,1,1] },
						"up": { "texture": "#templarhead", "uv": [ 7.5, 18.5, 8.0, 19.5 ] },
						"down": { "texture": "#templarhead", "uv": [ 8.0, 18.5, 8.5, 19.5 ] }
					}
				},
				{
					"name": "Nose7",
					"from": [ -0.3, 1.0, 2.5 ],
					"to": [ 0.3, 1.7, 3.9 ],
					"uv": [ 6.0, 23.0 ],
					"rotationOrigin": [ -0.3, 1.0, 2.5 ],
					"rotationY": 2.0,
					"rotationZ": -11.0,
					"faces": {
						"north": { "texture": "#templarhead", "uv": [ 6.0, 24.0, 6.5, 24.5 ] },
						"east": { "texture": "#templarhead", "uv": [ 6.5, 24.0, 7.5, 24.5 ] },
						"south": { "texture": "#templarhead", "uv": [ 7.5, 24.0, 8.0, 24.5 ] },
						"west": { "texture": "#templarhead", "uv": [ 8.0, 24.0, 9.0, 24.5 ], "windMode": [-1,-1,-1,-1], "windData": [1,1,1,1] },
						"up": { "texture": "#templarhead", "uv": [ 6.0, 23.0, 6.5, 24.0 ] },
						"down": { "texture": "#templarhead", "uv": [ 6.5, 23.0, 7.0, 24.0 ] }
					}
				},
				{
					"name": "Nose8",
					"from": [ -0.6, -1.6, 3.6 ],
					"to": [ 0.0, -0.7, 6.1 ],
					"autoUnwrap": false,
					"uv": [ 19.5, 32.0 ],
					"rotationOrigin": [ -0.6, -1.6, 3.6 ],
					"rotationY": 12.0,
					"rotationZ": -3.0,
					"faces": {
						"north": { "texture": "#templarhead", "uv": [ 21.5, 34.5, 22.0, 35.0 ] },
						"east": { "texture": "#templarhead", "uv": [ 21.5, 34.5, 24.0, 35.0 ] },
						"south": { "texture": "#templarhead", "uv": [ 22.5, 34.5, 23.0, 35.0 ] },
						"west": { "texture": "#templarhead", "uv": [ 25.5, 33.7, 29.5, 34.7 ], "autoUv": false, "windMode": [-1,-1,-1,-1], "windData": [1,1,1,1] },
						"up": { "texture": "#templarhead", "uv": [ 26.2, 33.6, 28.5, 33.9 ], "autoUv": false },
						"down": { "texture": "#templarhead", "uv": [ 21.5, 32.0, 22.0, 34.5 ] }
					}
				},
				{
					"name": "Nose9",
					"from": [ -0.6, -1.6, 0.3 ],
					"to": [ 0.0, -0.7, 2.8 ],
					"autoUnwrap": false,
					"uv": [ 20.5, 32.0 ],
					"rotationOrigin": [ -0.6, -1.6, 2.8 ],
					"rotationY": -12.0,
					"rotationZ": -3.0,
					"faces": {
						"north": { "texture": "#templarhead", "uv": [ 20.5, 34.5, 21.0, 35.0 ] },
						"east": { "texture": "#templarhead", "uv": [ 21.0, 34.5, 23.5, 35.0 ] },
						"south": { "texture": "#templarhead", "uv": [ 23.5, 34.5, 24.0, 35.0 ] },
						"west": { "texture": "#templarhead", "uv": [ 21.5, 33.7, 25.5, 34.7 ], "autoUv": false, "windMode": [-1,-1,-1,-1], "windData": [1,1,1,1] },
						"up": { "texture": "#templarhead", "uv": [ 22.0, 35.0, 22.2, 34.6 ], "autoUv": false },
						"down": { "texture": "#templarhead", "uv": [ 21.0, 32.0, 21.5, 34.5 ] }
					}
				}
			]
		}
	],
	"animations": [
	]
}