{
	"editor": {
		"collapsedPaths": "Root/origin/Bottom",
		"allAngles": false,
		"entityTextureMode": false
	},
	"textureWidth": 16,
	"textureHeight": 16,
	"textureSizes": {
	},
	"textures": {
		"red": "game:block/cloth/linen/red",
		"charred": "game:block/wood/charred"
	},
	"elements": [
		{
			"name": "origin",
			"from": [ 2.0, 0.0, 2.0 ],
			"to": [ 2.0, 0.0, 2.0 ],
			"faces": {
				"south": { "texture": "#null", "uv": [ 0.0, 0.0, 0.5, 0.5 ], "autoUv": false }
			},
			"children": [
				{
					"name": "Top",
					"from": [ 3.8063, 9.375, 3.8063 ],
					"to": [ 8.0813, 10.8, 8.0813 ],
					"rotationOrigin": [ 6.0, 10.5375, 6.0 ],
					"faces": {
						"north": { "texture": "#charred", "uv": [ 0.0, 0.0, 6.0, 2.0 ], "autoUv": false },
						"east": { "texture": "#charred", "uv": [ 0.0, 0.0, 6.0, 2.0 ], "autoUv": false },
						"south": { "texture": "#charred", "uv": [ 0.0, 0.0, 6.0, 2.0 ], "autoUv": false },
						"west": { "texture": "#charred", "uv": [ 0.0, 0.0, 6.0, 2.0 ], "autoUv": false },
						"up": { "texture": "#charred", "uv": [ 0.0, 0.0, 6.0, 6.0 ], "autoUv": false }
					},
					"children": [
						{
							"name": "N-T",
							"from": [ 0.1781, 0.0, -0.2137 ],
							"to": [ 4.0969, 1.425, 0.0 ],
							"rotationOrigin": [ 2.1019, 0.0, 2.4581 ],
							"faces": {
								"north": { "texture": "#charred", "uv": [ 0.0, 0.0, 5.5, 2.0 ], "autoUv": false },
								"east": { "texture": "#charred", "uv": [ 0.0, 0.0, 0.5, 2.0 ], "autoUv": false },
								"west": { "texture": "#charred", "uv": [ 0.0, 0.0, 0.5, 2.0 ], "autoUv": false },
								"up": { "texture": "#charred", "uv": [ 0.0, 0.0, 5.5, 0.5 ], "autoUv": false }
							},
							"children": [
								{
									"name": "N-T2",
									"from": [ 0.3562, 0.0, -0.2137 ],
									"to": [ 3.5625, 1.425, 0.0 ],
									"rotationOrigin": [ 2.1019, 0.0, 2.4581 ],
									"faces": {
										"north": { "texture": "#charred", "uv": [ 0.0, 0.0, 4.5, 2.0 ], "autoUv": false },
										"east": { "texture": "#charred", "uv": [ 0.0, 0.0, 0.5, 2.0 ], "autoUv": false },
										"west": { "texture": "#charred", "uv": [ 0.0, 0.0, 0.5, 2.0 ], "autoUv": false },
										"up": { "texture": "#charred", "uv": [ 0.0, 0.0, 4.5, 0.5 ], "autoUv": false }
									}
								}
							]
						},
						{
							"name": "S-T",
							"from": [ 0.1781, 0.0, 4.275 ],
							"to": [ 4.0969, 1.425, 4.4888 ],
							"rotationOrigin": [ 2.3156, 0.0, 2.3156 ],
							"faces": {
								"east": { "texture": "#charred", "uv": [ 5.5, 5.5, 6.0, 7.5 ], "autoUv": false },
								"south": { "texture": "#charred", "uv": [ 6.0, 5.5, 11.5, 7.5 ], "autoUv": false },
								"west": { "texture": "#charred", "uv": [ 11.5, 5.5, 12.0, 7.5 ], "autoUv": false },
								"up": { "texture": "#charred", "uv": [ 0.0, 0.0, 0.5, 5.5 ], "rotation": 90, "autoUv": false }
							},
							"children": [
								{
									"name": "S-T2",
									"from": [ 0.3562, 0.0, 0.2138 ],
									"to": [ 3.5625, 1.425, 0.4275 ],
									"rotationOrigin": [ 2.1375, 0.0, -2.1375 ],
									"faces": {
										"east": { "texture": "#charred", "uv": [ 12.5, 0.5, 13.0, 2.5 ], "autoUv": false },
										"south": { "texture": "#charred", "uv": [ 7.0, 0.5, 13.5, 2.5 ], "autoUv": false },
										"west": { "texture": "#charred", "uv": [ 12.5, 0.5, 13.0, 2.5 ], "autoUv": false },
										"up": { "texture": "#charred", "uv": [ 8.0, 0.0, 12.5, 0.5 ], "autoUv": false }
									}
								}
							]
						},
						{
							"name": "E-T",
							"from": [ 4.275, 0.0, 0.1781 ],
							"to": [ 4.4888, 1.425, 4.0969 ],
							"rotationOrigin": [ 2.3156, 0.0, 2.3156 ],
							"faces": {
								"north": { "texture": "#charred", "uv": [ 0.0, 7.5, 0.5, 9.5 ], "autoUv": false },
								"east": { "texture": "#charred", "uv": [ 0.5, 7.5, 2.5, 13.0 ], "rotation": 270, "autoUv": false },
								"south": { "texture": "#charred", "uv": [ 2.5, 7.5, 3.0, 9.5 ], "rotation": 180, "autoUv": false },
								"up": { "texture": "#charred", "uv": [ 0.0, 2.0, 0.5, 7.5 ], "rotation": 180, "autoUv": false }
							},
							"children": [
								{
									"name": "E-T2",
									"from": [ 0.2138, 0.0, 0.3562 ],
									"to": [ 0.4275, 1.425, 3.5625 ],
									"rotationOrigin": [ -1.7456, 0.0, 2.3156 ],
									"faces": {
										"north": { "texture": "#charred", "uv": [ 0.0, 0.0, 0.5, 2.0 ], "autoUv": false },
										"east": { "texture": "#charred", "uv": [ 0.0, 0.0, 4.5, 2.0 ], "autoUv": false },
										"south": { "texture": "#charred", "uv": [ 0.0, 0.0, 0.5, 2.0 ], "autoUv": false },
										"up": { "texture": "#charred", "uv": [ 0.0, 0.0, 0.5, 4.5 ], "autoUv": false }
									}
								}
							]
						},
						{
							"name": "W-T",
							"from": [ -0.2137, 0.0, 0.1781 ],
							"to": [ 0.0, 1.425, 4.0969 ],
							"rotationOrigin": [ 2.4581, 0.0, 2.3156 ],
							"faces": {
								"north": { "texture": "#charred", "uv": [ 0.0, 0.0, 0.5, 2.0 ], "autoUv": false },
								"south": { "texture": "#charred", "uv": [ 0.0, 0.0, 0.5, 2.0 ], "autoUv": false },
								"west": { "texture": "#charred", "uv": [ 0.0, 0.0, 5.5, 2.0 ], "autoUv": false },
								"up": { "texture": "#charred", "uv": [ 0.0, 0.0, 0.5, 5.5 ], "autoUv": false }
							},
							"children": [
								{
									"name": "W-T2",
									"from": [ -0.2137, 0.0, 0.3562 ],
									"to": [ 0.0, 1.425, 3.5625 ],
									"rotationOrigin": [ 2.4581, 0.0, 2.3156 ],
									"faces": {
										"north": { "texture": "#charred", "uv": [ 0.0, 0.0, 0.5, 2.0 ], "autoUv": false },
										"south": { "texture": "#charred", "uv": [ 0.0, 0.0, 0.5, 2.0 ], "autoUv": false },
										"west": { "texture": "#charred", "uv": [ 0.0, 0.0, 4.5, 2.0 ], "autoUv": false },
										"up": { "texture": "#charred", "uv": [ 0.0, 0.0, 0.5, 4.5 ], "autoUv": false }
									}
								}
							]
						}
					]
				},
				{
					"name": "Bottom",
					"from": [ 3.9375, 0.0, 3.9375 ],
					"to": [ 7.9875, 1.125, 7.9875 ],
					"rotationOrigin": [ 6.0, 0.5063, 6.0 ],
					"faces": {
						"north": { "texture": "#charred", "uv": [ 0.0, 0.0, 5.0, 1.5 ], "autoUv": false },
						"east": { "texture": "#charred", "uv": [ 0.0, 0.0, 5.0, 1.5 ], "autoUv": false },
						"south": { "texture": "#charred", "uv": [ 0.0, 0.0, 5.0, 1.5 ], "autoUv": false },
						"west": { "texture": "#charred", "uv": [ 0.0, 0.0, 5.0, 1.5 ], "autoUv": false },
						"down": { "texture": "#charred", "uv": [ 0.0, 0.0, 5.0, 5.0 ], "autoUv": false }
					},
					"children": [
						{
							"name": "N-B",
							"from": [ 0.1688, 0.0, -0.2025 ],
							"to": [ 3.8813, 1.125, 0.0 ],
							"rotationOrigin": [ 2.1937, 0.0, 2.3288 ],
							"faces": {
								"north": { "texture": "#charred", "uv": [ 0.0, 0.0, 4.5, 1.5 ], "autoUv": false },
								"east": { "texture": "#charred", "uv": [ 0.0, 0.0, 0.5, 1.5 ], "autoUv": false },
								"south": { "texture": "#charred", "uv": [ 0.0, 0.0, 4.5, 1.5 ], "autoUv": false },
								"west": { "texture": "#charred", "uv": [ 0.0, 0.0, 0.5, 1.5 ], "autoUv": false },
								"down": { "texture": "#charred", "uv": [ 0.0, 0.0, 4.5, 0.5 ], "autoUv": false }
							},
							"children": [
								{
									"name": "N-B2",
									"from": [ 0.3375, 0.0, -0.2025 ],
									"to": [ 3.375, 1.125, 0.0 ],
									"rotationOrigin": [ 2.1937, 0.0, 2.3288 ],
									"faces": {
										"north": { "texture": "#charred", "uv": [ 0.0, 0.0, 4.0, 1.5 ], "autoUv": false },
										"east": { "texture": "#charred", "uv": [ 0.0, 0.0, 0.5, 1.5 ], "autoUv": false },
										"south": { "texture": "#charred", "uv": [ 0.0, 0.0, 4.0, 1.5 ], "autoUv": false },
										"west": { "texture": "#charred", "uv": [ 0.0, 0.0, 0.5, 1.5 ], "autoUv": false },
										"down": { "texture": "#charred", "uv": [ 0.0, 0.0, 4.0, 0.5 ], "autoUv": false }
									}
								}
							]
						},
						{
							"name": "S-B",
							"from": [ 0.1688, 0.0, 4.05 ],
							"to": [ 3.8813, 1.125, 4.2525 ],
							"rotationOrigin": [ 2.1937, 0.0, 1.8563 ],
							"faces": {
								"north": { "texture": "#charred", "uv": [ 0.0, 0.0, 4.5, 1.5 ], "autoUv": false },
								"east": { "texture": "#charred", "uv": [ 0.0, 0.0, 0.5, 1.5 ], "autoUv": false },
								"south": { "texture": "#charred", "uv": [ 0.0, 0.0, 4.5, 1.5 ], "autoUv": false },
								"west": { "texture": "#charred", "uv": [ 0.0, 0.0, 0.5, 1.5 ], "autoUv": false },
								"down": { "texture": "#charred", "uv": [ 0.0, 0.0, 4.5, 0.5 ], "autoUv": false }
							},
							"children": [
								{
									"name": "S-B2",
									"from": [ 0.3375, 0.0, 0.2025 ],
									"to": [ 3.375, 1.125, 0.405 ],
									"rotationOrigin": [ 2.1937, 0.0, -1.9912 ],
									"faces": {
										"north": { "texture": "#charred", "uv": [ 0.0, 0.0, 4.0, 1.5 ], "autoUv": false },
										"east": { "texture": "#charred", "uv": [ 0.0, 0.0, 0.5, 1.5 ], "autoUv": false },
										"south": { "texture": "#charred", "uv": [ 0.0, 0.0, 4.0, 1.5 ], "autoUv": false },
										"west": { "texture": "#charred", "uv": [ 0.0, 0.0, 0.5, 1.5 ], "autoUv": false },
										"down": { "texture": "#charred", "uv": [ 0.0, 0.0, 4.0, 0.5 ], "autoUv": false }
									}
								}
							]
						},
						{
							"name": "E-B",
							"from": [ 4.05, 0.0, 0.1688 ],
							"to": [ 4.2525, 1.125, 3.8813 ],
							"rotationOrigin": [ 1.8563, 0.0, 2.0588 ],
							"faces": {
								"north": { "texture": "#charred", "uv": [ 0.0, 0.0, 0.5, 1.5 ], "autoUv": false },
								"east": { "texture": "#charred", "uv": [ 0.0, 0.0, 4.5, 1.5 ], "autoUv": false },
								"south": { "texture": "#charred", "uv": [ 0.0, 0.0, 0.5, 1.5 ], "autoUv": false },
								"west": { "texture": "#charred", "uv": [ 0.0, 0.0, 4.5, 1.5 ], "autoUv": false },
								"down": { "texture": "#charred", "uv": [ 0.0, 0.0, 0.5, 4.5 ], "autoUv": false }
							},
							"children": [
								{
									"name": "E-B2",
									"from": [ 0.2025, 0.0, 0.3375 ],
									"to": [ 0.405, 1.125, 3.375 ],
									"rotationOrigin": [ -1.9912, 0.0, 2.0588 ],
									"faces": {
										"north": { "texture": "#charred", "uv": [ 0.0, 0.0, 0.5, 1.5 ], "autoUv": false },
										"east": { "texture": "#charred", "uv": [ 0.0, 0.0, 4.0, 1.5 ], "autoUv": false },
										"south": { "texture": "#charred", "uv": [ 0.0, 0.0, 0.5, 1.5 ], "autoUv": false },
										"west": { "texture": "#charred", "uv": [ 0.0, 0.0, 4.0, 1.5 ], "autoUv": false },
										"down": { "texture": "#charred", "uv": [ 0.0, 0.0, 0.5, 4.0 ], "autoUv": false }
									}
								}
							]
						},
						{
							"name": "W-B",
							"from": [ -0.2025, 0.0, 0.1688 ],
							"to": [ 0.0, 1.125, 3.8813 ],
							"rotationOrigin": [ 2.3288, 0.0, 2.1262 ],
							"faces": {
								"north": { "texture": "#charred", "uv": [ 0.0, 0.0, 0.5, 1.5 ], "autoUv": false },
								"east": { "texture": "#charred", "uv": [ 0.0, 0.0, 4.5, 1.5 ], "autoUv": false },
								"south": { "texture": "#charred", "uv": [ 0.0, 0.0, 0.5, 1.5 ], "autoUv": false },
								"west": { "texture": "#charred", "uv": [ 0.0, 0.0, 4.5, 1.5 ], "autoUv": false },
								"down": { "texture": "#charred", "uv": [ 0.0, 0.0, 0.5, 4.5 ], "autoUv": false }
							},
							"children": [
								{
									"name": "W-B2",
									"from": [ -0.2025, 0.0, 0.3712 ],
									"to": [ 0.0, 1.125, 3.4087 ],
									"rotationOrigin": [ 2.3288, 0.0, 2.1262 ],
									"faces": {
										"north": { "texture": "#charred", "uv": [ 0.0, 0.0, 0.5, 1.5 ], "autoUv": false },
										"east": { "texture": "#charred", "uv": [ 0.0, 0.0, 4.0, 1.5 ], "autoUv": false },
										"south": { "texture": "#charred", "uv": [ 0.0, 0.0, 0.5, 1.5 ], "autoUv": false },
										"west": { "texture": "#charred", "uv": [ 0.0, 0.0, 4.0, 1.5 ], "autoUv": false },
										"down": { "texture": "#charred", "uv": [ 0.0, 0.0, 0.5, 4.0 ], "autoUv": false }
									}
								}
							]
						}
					]
				},
				{
					"name": "MidSection",
					"from": [ 0.0, 0.0, 0.0 ],
					"to": [ 0.0, 0.0, 0.0 ],
					"shade": false,
					"faces": {
						"south": { "texture": "#null", "uv": [ 0.0, 0.0, 0.5, 0.5 ] }
					},
					"children": [
						{
							"name": "Cube1",
							"from": [ 3.0, 8.1, 2.1 ],
							"to": [ 9.0, 10.1, 4.1 ],
							"rotationOrigin": [ 3.0, 8.1, 2.1 ],
							"rotationX": 45.0,
							"faces": {
								"north": { "texture": "#red", "uv": [ 0.0, 0.0, 6.0, 2.0 ] },
								"east": { "texture": "#red", "uv": [ 0.0, 0.0, 2.0, 2.0 ] },
								"south": { "texture": "#red", "uv": [ 0.0, 0.0, 6.0, 2.0 ] },
								"west": { "texture": "#red", "uv": [ 0.0, 0.0, 2.0, 2.0 ] },
								"up": { "texture": "#red", "uv": [ 0.0, 0.0, 6.0, 2.0 ] },
								"down": { "texture": "#red", "uv": [ 0.0, 0.0, 6.0, 2.0 ] }
							}
						},
						{
							"name": "Cube2",
							"from": [ 3.0, 6.1, 2.1 ],
							"to": [ 9.0, 8.1, 4.1 ],
							"rotationOrigin": [ 3.0, 6.1, 2.1 ],
							"rotationX": 45.0,
							"faces": {
								"north": { "texture": "#red", "uv": [ 0.0, 0.0, 6.0, 2.0 ] },
								"east": { "texture": "#red", "uv": [ 0.0, 0.0, 2.0, 2.0 ] },
								"south": { "texture": "#red", "uv": [ 0.0, 0.0, 6.0, 2.0 ] },
								"west": { "texture": "#red", "uv": [ 0.0, 0.0, 2.0, 2.0 ] },
								"up": { "texture": "#red", "uv": [ 0.0, 0.0, 6.0, 2.0 ] },
								"down": { "texture": "#red", "uv": [ 0.0, 0.0, 6.0, 2.0 ] }
							}
						},
						{
							"name": "Cube3",
							"from": [ 3.0, 4.1, 2.1 ],
							"to": [ 9.0, 6.1, 4.1 ],
							"rotationOrigin": [ 3.0, 4.1, 2.1 ],
							"rotationX": 45.0,
							"faces": {
								"north": { "texture": "#red", "uv": [ 0.0, 0.0, 6.0, 2.0 ] },
								"east": { "texture": "#red", "uv": [ 0.0, 0.0, 2.0, 2.0 ] },
								"south": { "texture": "#red", "uv": [ 0.0, 0.0, 6.0, 2.0 ] },
								"west": { "texture": "#red", "uv": [ 0.0, 0.0, 2.0, 2.0 ] },
								"up": { "texture": "#red", "uv": [ 0.0, 0.0, 6.0, 2.0 ] },
								"down": { "texture": "#red", "uv": [ 0.0, 0.0, 6.0, 2.0 ] }
							}
						},
						{
							"name": "Cube4",
							"from": [ 3.0, 2.1, 2.1 ],
							"to": [ 9.0, 4.1, 4.1 ],
							"rotationOrigin": [ 3.0, 2.1, 2.1 ],
							"rotationX": 45.0,
							"faces": {
								"north": { "texture": "#red", "uv": [ 0.0, 0.0, 6.0, 2.0 ] },
								"east": { "texture": "#red", "uv": [ 0.0, 0.0, 2.0, 2.0 ] },
								"south": { "texture": "#red", "uv": [ 0.0, 0.0, 6.0, 2.0 ] },
								"west": { "texture": "#red", "uv": [ 0.0, 0.0, 2.0, 2.0 ] },
								"up": { "texture": "#red", "uv": [ 0.0, 0.0, 6.0, 2.0 ] },
								"down": { "texture": "#red", "uv": [ 0.0, 0.0, 6.0, 2.0 ] }
							}
						},
						{
							"name": "Cube5",
							"from": [ 3.0, 8.1, 7.0 ],
							"to": [ 9.0, 10.1, 9.0 ],
							"rotationOrigin": [ 3.0, 8.1, 7.0 ],
							"rotationX": 45.0,
							"faces": {
								"north": { "texture": "#red", "uv": [ 0.0, 0.0, 6.0, 2.0 ] },
								"east": { "texture": "#red", "uv": [ 0.0, 0.0, 2.0, 2.0 ] },
								"south": { "texture": "#red", "uv": [ 0.0, 0.0, 6.0, 2.0 ] },
								"west": { "texture": "#red", "uv": [ 0.0, 0.0, 2.0, 2.0 ] },
								"up": { "texture": "#red", "uv": [ 0.0, 0.0, 6.0, 2.0 ] },
								"down": { "texture": "#red", "uv": [ 0.0, 0.0, 6.0, 2.0 ] }
							}
						},
						{
							"name": "Cube6",
							"from": [ 3.0, 6.1, 7.0 ],
							"to": [ 9.0, 8.1, 9.0 ],
							"rotationOrigin": [ 3.0, 6.1, 7.0 ],
							"rotationX": 45.0,
							"faces": {
								"north": { "texture": "#red", "uv": [ 0.0, 0.0, 6.0, 2.0 ] },
								"east": { "texture": "#red", "uv": [ 0.0, 0.0, 2.0, 2.0 ] },
								"south": { "texture": "#red", "uv": [ 0.0, 0.0, 6.0, 2.0 ] },
								"west": { "texture": "#red", "uv": [ 0.0, 0.0, 2.0, 2.0 ] },
								"up": { "texture": "#red", "uv": [ 0.0, 0.0, 6.0, 2.0 ] },
								"down": { "texture": "#red", "uv": [ 0.0, 0.0, 6.0, 2.0 ] }
							}
						},
						{
							"name": "Cube7",
							"from": [ 3.0, 4.1, 7.0 ],
							"to": [ 9.0, 6.1, 9.0 ],
							"rotationOrigin": [ 3.0, 4.1, 7.0 ],
							"rotationX": 45.0,
							"faces": {
								"north": { "texture": "#red", "uv": [ 0.0, 0.0, 6.0, 2.0 ] },
								"east": { "texture": "#red", "uv": [ 0.0, 0.0, 2.0, 2.0 ] },
								"south": { "texture": "#red", "uv": [ 0.0, 0.0, 6.0, 2.0 ] },
								"west": { "texture": "#red", "uv": [ 0.0, 0.0, 2.0, 2.0 ] },
								"up": { "texture": "#red", "uv": [ 0.0, 0.0, 6.0, 2.0 ] },
								"down": { "texture": "#red", "uv": [ 0.0, 0.0, 6.0, 2.0 ] }
							}
						},
						{
							"name": "Cube8",
							"from": [ 3.0, 2.1, 7.0 ],
							"to": [ 9.0, 4.1, 9.0 ],
							"rotationOrigin": [ 3.0, 2.1, 7.0 ],
							"rotationX": 45.0,
							"faces": {
								"north": { "texture": "#red", "uv": [ 0.0, 0.0, 6.0, 2.0 ] },
								"east": { "texture": "#red", "uv": [ 0.0, 0.0, 2.0, 2.0 ] },
								"south": { "texture": "#red", "uv": [ 0.0, 0.0, 6.0, 2.0 ] },
								"west": { "texture": "#red", "uv": [ 0.0, 0.0, 2.0, 2.0 ] },
								"up": { "texture": "#red", "uv": [ 0.0, 0.0, 6.0, 2.0 ] },
								"down": { "texture": "#red", "uv": [ 0.0, 0.0, 6.0, 2.0 ] }
							}
						},
						{
							"name": "Cube9",
							"from": [ 2.0, 8.1, 3.5 ],
							"to": [ 4.0, 10.1, 8.4 ],
							"rotationOrigin": [ 2.0, 8.1, 3.5 ],
							"rotationZ": -45.0,
							"faces": {
								"north": { "texture": "#red", "uv": [ 0.0, 0.0, 2.0, 2.0 ] },
								"east": { "texture": "#red", "uv": [ 0.0, 0.0, 4.5, 2.0 ] },
								"south": { "texture": "#red", "uv": [ 0.0, 0.0, 2.0, 2.0 ] },
								"west": { "texture": "#red", "uv": [ 0.0, 0.0, 4.5, 2.0 ] },
								"up": { "texture": "#red", "uv": [ 0.0, 0.0, 2.0, 4.5 ] },
								"down": { "texture": "#red", "uv": [ 0.0, 0.0, 2.0, 4.5 ] }
							}
						},
						{
							"name": "Cube10",
							"from": [ 2.0, 6.1, 3.5 ],
							"to": [ 4.0, 8.1, 8.4 ],
							"rotationOrigin": [ 2.0, 6.1, 3.5 ],
							"rotationZ": -45.0,
							"faces": {
								"north": { "texture": "#red", "uv": [ 0.0, 0.0, 2.0, 2.0 ] },
								"east": { "texture": "#red", "uv": [ 0.0, 0.0, 4.5, 2.0 ] },
								"south": { "texture": "#red", "uv": [ 0.0, 0.0, 2.0, 2.0 ] },
								"west": { "texture": "#red", "uv": [ 0.0, 0.0, 4.5, 2.0 ] },
								"up": { "texture": "#red", "uv": [ 0.0, 0.0, 2.0, 4.5 ] },
								"down": { "texture": "#red", "uv": [ 0.0, 0.0, 2.0, 4.5 ] }
							}
						},
						{
							"name": "Cube11",
							"from": [ 2.0, 4.1, 3.5 ],
							"to": [ 4.0, 6.1, 8.4 ],
							"rotationOrigin": [ 2.0, 4.1, 3.5 ],
							"rotationZ": -45.0,
							"faces": {
								"north": { "texture": "#red", "uv": [ 0.0, 0.0, 2.0, 2.0 ] },
								"east": { "texture": "#red", "uv": [ 0.0, 0.0, 4.5, 2.0 ] },
								"south": { "texture": "#red", "uv": [ 0.0, 0.0, 2.0, 2.0 ] },
								"west": { "texture": "#red", "uv": [ 0.0, 0.0, 4.5, 2.0 ] },
								"up": { "texture": "#red", "uv": [ 0.0, 0.0, 2.0, 4.5 ] },
								"down": { "texture": "#red", "uv": [ 0.0, 0.0, 2.0, 4.5 ] }
							}
						},
						{
							"name": "Cube12",
							"from": [ 2.0, 2.1, 3.5 ],
							"to": [ 4.0, 4.1, 8.4 ],
							"rotationOrigin": [ 2.0, 2.1, 3.5 ],
							"rotationZ": -45.0,
							"faces": {
								"north": { "texture": "#red", "uv": [ 0.0, 0.0, 2.0, 2.0 ] },
								"east": { "texture": "#red", "uv": [ 0.0, 0.0, 4.5, 2.0 ] },
								"south": { "texture": "#red", "uv": [ 0.0, 0.0, 2.0, 2.0 ] },
								"west": { "texture": "#red", "uv": [ 0.0, 0.0, 4.5, 2.0 ] },
								"up": { "texture": "#red", "uv": [ 0.0, 0.0, 2.0, 4.5 ] },
								"down": { "texture": "#red", "uv": [ 0.0, 0.0, 2.0, 4.5 ] }
							}
						},
						{
							"name": "Cube13",
							"from": [ 7.0, 8.1, 3.5 ],
							"to": [ 9.0, 10.1, 8.4 ],
							"rotationOrigin": [ 7.0, 8.1, 3.5 ],
							"rotationZ": -45.0,
							"faces": {
								"north": { "texture": "#red", "uv": [ 0.0, 0.0, 2.0, 2.0 ] },
								"east": { "texture": "#red", "uv": [ 0.0, 0.0, 4.5, 2.0 ] },
								"south": { "texture": "#red", "uv": [ 0.0, 0.0, 2.0, 2.0 ] },
								"west": { "texture": "#red", "uv": [ 0.0, 0.0, 4.5, 2.0 ] },
								"up": { "texture": "#red", "uv": [ 0.0, 0.0, 2.0, 4.5 ] },
								"down": { "texture": "#red", "uv": [ 0.0, 0.0, 2.0, 4.5 ] }
							}
						},
						{
							"name": "Cube14",
							"from": [ 7.0, 6.1, 3.5 ],
							"to": [ 9.0, 8.1, 8.4 ],
							"rotationOrigin": [ 7.0, 6.1, 3.5 ],
							"rotationZ": -45.0,
							"faces": {
								"north": { "texture": "#red", "uv": [ 0.0, 0.0, 2.0, 2.0 ] },
								"east": { "texture": "#red", "uv": [ 0.0, 0.0, 4.5, 2.0 ] },
								"south": { "texture": "#red", "uv": [ 0.0, 0.0, 2.0, 2.0 ] },
								"west": { "texture": "#red", "uv": [ 0.0, 0.0, 4.5, 2.0 ] },
								"up": { "texture": "#red", "uv": [ 0.0, 0.0, 2.0, 4.5 ] },
								"down": { "texture": "#red", "uv": [ 0.0, 0.0, 2.0, 4.5 ] }
							}
						},
						{
							"name": "Cube15",
							"from": [ 7.0, 4.1, 3.5 ],
							"to": [ 9.0, 6.1, 8.4 ],
							"rotationOrigin": [ 7.0, 4.1, 3.5 ],
							"rotationZ": -45.0,
							"faces": {
								"north": { "texture": "#red", "uv": [ 0.0, 0.0, 2.0, 2.0 ] },
								"east": { "texture": "#red", "uv": [ 0.0, 0.0, 4.5, 2.0 ] },
								"south": { "texture": "#red", "uv": [ 0.0, 0.0, 2.0, 2.0 ] },
								"west": { "texture": "#red", "uv": [ 0.0, 0.0, 4.5, 2.0 ] },
								"up": { "texture": "#red", "uv": [ 0.0, 0.0, 2.0, 4.5 ] },
								"down": { "texture": "#red", "uv": [ 0.0, 0.0, 2.0, 4.5 ] }
							}
						},
						{
							"name": "Cube16",
							"from": [ 7.0, 2.1, 3.5 ],
							"to": [ 9.0, 4.1, 8.4 ],
							"rotationOrigin": [ 7.0, 2.1, 3.5 ],
							"rotationZ": -45.0,
							"faces": {
								"north": { "texture": "#red", "uv": [ 0.0, 0.0, 2.0, 2.0 ] },
								"east": { "texture": "#red", "uv": [ 0.0, 0.0, 4.5, 2.0 ] },
								"south": { "texture": "#red", "uv": [ 0.0, 0.0, 2.0, 2.0 ] },
								"west": { "texture": "#red", "uv": [ 0.0, 0.0, 4.5, 2.0 ] },
								"up": { "texture": "#red", "uv": [ 0.0, 0.0, 2.0, 4.5 ] },
								"down": { "texture": "#red", "uv": [ 0.0, 0.0, 2.0, 4.5 ] }
							}
						}
					]
				}
			]
		}
	]}