{
	"editor": {
		"allAngles": false,
		"entityTextureMode": false
	},
	"textureWidth": 16,
	"textureHeight": 16,
	"textureSizes": {
	},
	"textures": {
		"candle": "game:block/candle",
		"white1": "game:block/cloth/wool/white1",
		"aged": "game:block/wood/debarked/aged"
	},
	"elements": [
		{
			"name": "Origin",
			"from": [ 2.33, 0.0, 2.33 ],
			"to": [ 2.33, 0.0, 2.33 ],
			"shade": false,
			"faces": {
			},
			"children": [
				{
					"name": "Bottom",
					"from": [ 0.0, 0.0, 0.0 ],
					"to": [ 0.0, 0.0, 0.0 ],
					"shade": false,
					"faces": {
					},
					"children": [
						{
							"name": "Cube2",
							"from": [ 1.4, 0.693, 3.92 ],
							"to": [ 4.9, 1.393, 4.9 ],
							"rotationOrigin": [ 1.4, 0.7, 3.92 ],
							"rotationY": 45.0,
							"faces": {
								"north": { "texture": "#aged", "uv": [ 0.0, 0.0, 5.0, 1.0 ], "autoUv": false },
								"up": { "texture": "#aged", "uv": [ 0.0, 0.0, 5.0, 1.0 ], "autoUv": false },
								"down": { "texture": "#aged", "uv": [ 0.0, 0.0, 5.0, 1.0 ], "autoUv": false }
							}
						},
						{
							"name": "Cube3",
							"from": [ 3.85, 0.7, 1.463 ],
							"to": [ 7.35, 1.4, 2.793 ],
							"rotationOrigin": [ 3.85, 0.7, 1.47 ],
							"faces": {
								"north": { "texture": "#aged", "uv": [ 0.0, 0.0, 5.0, 1.0 ], "autoUv": false },
								"up": { "texture": "#aged", "uv": [ 0.0, 0.0, 5.0, 1.5 ], "autoUv": false },
								"down": { "texture": "#aged", "uv": [ 0.0, 0.0, 5.0, 1.5 ], "autoUv": false }
							}
						},
						{
							"name": "Cube4",
							"from": [ 7.35, 0.693, 1.47 ],
							"to": [ 10.85, 1.393, 2.52 ],
							"rotationOrigin": [ 7.35, 0.7, 1.47 ],
							"rotationY": -45.0,
							"faces": {
								"north": { "texture": "#aged", "uv": [ 0.0, 0.0, 5.0, 1.0 ], "autoUv": false },
								"east": { "texture": "#aged", "uv": [ 0.0, 0.0, 1.5, 1.0 ], "autoUv": false },
								"up": { "texture": "#aged", "uv": [ 0.0, 0.0, 5.0, 1.5 ], "autoUv": false },
								"down": { "texture": "#aged", "uv": [ 0.0, 0.0, 5.0, 1.5 ], "autoUv": false }
							}
						},
						{
							"name": "Cube5",
							"from": [ 9.8, 0.7, 3.99 ],
							"to": [ 13.3, 1.4, 5.39 ],
							"rotationOrigin": [ 9.8, 0.7, 3.99 ],
							"rotationY": -90.0,
							"faces": {
								"north": { "texture": "#aged", "uv": [ 0.0, 0.0, 5.0, 1.0 ], "autoUv": false },
								"east": { "texture": "#aged", "uv": [ 0.0, 0.0, 2.0, 1.0 ], "autoUv": false },
								"west": { "texture": "#aged", "uv": [ 0.0, 0.0, 2.0, 1.0 ], "autoUv": false },
								"up": { "texture": "#aged", "uv": [ 0.0, 0.0, 5.0, 2.0 ], "autoUv": false },
								"down": { "texture": "#aged", "uv": [ 0.0, 0.0, 5.0, 2.0 ], "autoUv": false }
							}
						},
						{
							"name": "Cube6",
							"from": [ 9.8, 0.693, 7.49 ],
							"to": [ 13.3, 1.393, 8.61 ],
							"rotationOrigin": [ 9.8, 0.7, 7.49 ],
							"rotationY": -135.0,
							"faces": {
								"north": { "texture": "#aged", "uv": [ 0.0, 0.0, 5.0, 1.0 ], "autoUv": false },
								"east": { "texture": "#aged", "uv": [ 0.0, 0.0, 1.5, 1.0 ], "autoUv": false },
								"west": { "texture": "#aged", "uv": [ 0.0, 0.0, 1.5, 1.0 ], "autoUv": false },
								"up": { "texture": "#aged", "uv": [ 0.0, 0.0, 5.0, 1.5 ], "autoUv": false },
								"down": { "texture": "#aged", "uv": [ 0.0, 0.0, 5.0, 1.5 ], "autoUv": false }
							}
						},
						{
							"name": "Cube7",
							"from": [ 7.35, 0.7, 9.94 ],
							"to": [ 10.85, 1.4, 11.34 ],
							"rotationOrigin": [ 7.35, 0.7, 9.94 ],
							"rotationY": -180.0,
							"faces": {
								"north": { "texture": "#aged", "uv": [ 0.0, 0.0, 5.0, 1.0 ], "autoUv": false },
								"east": { "texture": "#aged", "uv": [ 0.0, 0.0, 2.0, 1.0 ], "autoUv": false },
								"west": { "texture": "#aged", "uv": [ 0.0, 0.0, 2.0, 1.0 ], "autoUv": false },
								"up": { "texture": "#aged", "uv": [ 0.0, 0.0, 5.0, 2.0 ], "autoUv": false },
								"down": { "texture": "#aged", "uv": [ 0.0, 0.0, 5.0, 2.0 ], "autoUv": false }
							}
						},
						{
							"name": "Cube8",
							"from": [ 3.85, 0.693, 9.94 ],
							"to": [ 7.35, 1.393, 11.34 ],
							"rotationOrigin": [ 3.85, 0.7, 9.94 ],
							"rotationY": 135.0,
							"faces": {
								"north": { "texture": "#aged", "uv": [ 0.0, 0.0, 5.0, 1.0 ], "autoUv": false },
								"east": { "texture": "#aged", "uv": [ 0.0, 0.0, 2.0, 1.0 ], "autoUv": false },
								"west": { "texture": "#aged", "uv": [ 0.0, 0.0, 2.0, 1.0 ], "autoUv": false },
								"up": { "texture": "#aged", "uv": [ 0.0, 0.0, 5.0, 2.0 ], "autoUv": false },
								"down": { "texture": "#aged", "uv": [ 0.0, 0.0, 5.0, 2.0 ], "autoUv": false }
							}
						},
						{
							"name": "Cube9",
							"from": [ 1.4, 0.7, 7.42 ],
							"to": [ 4.9, 1.4, 8.82 ],
							"rotationOrigin": [ 1.4, 0.7, 7.42 ],
							"rotationY": 90.0,
							"faces": {
								"north": { "texture": "#aged", "uv": [ 0.0, 0.0, 5.0, 1.0 ], "autoUv": false },
								"east": { "texture": "#aged", "uv": [ 0.0, 0.0, 2.0, 1.0 ], "autoUv": false },
								"west": { "texture": "#aged", "uv": [ 0.0, 0.0, 2.0, 1.0 ], "autoUv": false },
								"up": { "texture": "#aged", "uv": [ 0.0, 0.0, 5.0, 2.0 ], "autoUv": false },
								"down": { "texture": "#aged", "uv": [ 0.0, 0.0, 5.0, 2.0 ], "autoUv": false }
							}
						},
						{
							"name": "Cube10",
							"from": [ 2.8, 0.707, 2.8 ],
							"to": [ 8.4, 1.407, 8.61 ],
							"rotationOrigin": [ 2.8, 0.7, 2.8 ],
							"faces": {
								"up": { "texture": "#aged", "uv": [ 0.0, 0.0, 10.0, 10.0 ], "autoUv": false },
								"down": { "texture": "#aged", "uv": [ 0.0, 0.0, 9.0, 9.0 ], "autoUv": false }
							}
						}
					]
				},
				{
					"name": "Sticks",
					"from": [ 1.4, 0.0, 4.2 ],
					"to": [ 1.4, 0.0, 4.2 ],
					"rotationOrigin": [ 1.4, 0.0, 4.2 ],
					"faces": {
					},
					"children": [
						{
							"name": "Cube11",
							"from": [ 0.56, 0.0, -0.07 ],
							"to": [ 1.26, 9.8, 0.63 ],
							"rotationOrigin": [ 0.56, 0.0, -0.07 ],
							"rotationY": 22.5,
							"faces": {
								"north": { "texture": "#aged", "uv": [ 0.0, 0.0, 1.0, 14.0 ], "autoUv": false },
								"east": { "texture": "#aged", "uv": [ 0.0, 0.0, 1.0, 14.0 ], "autoUv": false },
								"south": { "texture": "#aged", "uv": [ 0.0, 0.0, 1.0, 14.0 ], "autoUv": false },
								"west": { "texture": "#aged", "uv": [ 0.0, 0.0, 1.0, 14.0 ], "autoUv": false },
								"up": { "texture": "#aged", "uv": [ 0.0, 0.0, 1.0, 1.0 ], "autoUv": false },
								"down": { "texture": "#aged", "uv": [ 0.0, 0.0, 1.0, 1.0 ], "autoUv": false }
							}
						},
						{
							"name": "Cube21",
							"from": [ 0.63, 0.0, 3.22 ],
							"to": [ 1.33, 9.8, 3.92 ],
							"rotationOrigin": [ 0.63, 0.0, 3.22 ],
							"rotationY": 67.5,
							"faces": {
								"north": { "texture": "#aged", "uv": [ 0.0, 0.0, 1.0, 14.0 ], "autoUv": false },
								"east": { "texture": "#aged", "uv": [ 0.0, 0.0, 1.0, 14.0 ], "autoUv": false },
								"south": { "texture": "#aged", "uv": [ 0.0, 0.0, 1.0, 14.0 ], "autoUv": false },
								"west": { "texture": "#aged", "uv": [ 0.0, 0.0, 1.0, 14.0 ], "autoUv": false },
								"up": { "texture": "#aged", "uv": [ 0.0, 0.0, 1.0, 1.0 ], "autoUv": false },
								"down": { "texture": "#aged", "uv": [ 0.0, 0.0, 1.0, 1.0 ], "autoUv": false }
							}
						},
						{
							"name": "Cube22",
							"from": [ 2.59, 0.0, 4.55 ],
							"to": [ 3.29, 9.8, 5.25 ],
							"rotationOrigin": [ 2.59, 0.0, 4.55 ],
							"rotationY": 22.5,
							"faces": {
								"north": { "texture": "#aged", "uv": [ 0.0, 0.0, 1.0, 14.0 ], "autoUv": false },
								"east": { "texture": "#aged", "uv": [ 0.0, 0.0, 1.0, 14.0 ], "autoUv": false },
								"south": { "texture": "#aged", "uv": [ 0.0, 0.0, 1.0, 14.0 ], "autoUv": false },
								"west": { "texture": "#aged", "uv": [ 0.0, 0.0, 1.0, 14.0 ], "autoUv": false },
								"up": { "texture": "#aged", "uv": [ 0.0, 0.0, 1.0, 1.0 ], "autoUv": false },
								"down": { "texture": "#aged", "uv": [ 0.0, 0.0, 1.0, 1.0 ], "autoUv": false }
							}
						},
						{
							"name": "Cube23",
							"from": [ 5.81, 0.0, 5.11 ],
							"to": [ 6.51, 9.8, 5.81 ],
							"rotationOrigin": [ 5.81, 0.0, 5.11 ],
							"rotationY": 157.5,
							"faces": {
								"north": { "texture": "#aged", "uv": [ 0.0, 0.0, 1.0, 14.0 ], "autoUv": false },
								"east": { "texture": "#aged", "uv": [ 0.0, 0.0, 1.0, 14.0 ], "autoUv": false },
								"south": { "texture": "#aged", "uv": [ 0.0, 0.0, 1.0, 14.0 ], "autoUv": false },
								"west": { "texture": "#aged", "uv": [ 0.0, 0.0, 1.0, 14.0 ], "autoUv": false },
								"up": { "texture": "#aged", "uv": [ 0.0, 0.0, 1.0, 1.0 ], "autoUv": false },
								"down": { "texture": "#aged", "uv": [ 0.0, 0.0, 1.0, 1.0 ], "autoUv": false }
							}
						},
						{
							"name": "Cube24",
							"from": [ 7.91, 0.0, 3.08 ],
							"to": [ 8.61, 9.8, 3.78 ],
							"rotationOrigin": [ 7.91, 0.0, 3.08 ],
							"rotationY": -157.5,
							"faces": {
								"north": { "texture": "#aged", "uv": [ 0.0, 0.0, 1.0, 14.0 ], "autoUv": false },
								"east": { "texture": "#aged", "uv": [ 0.0, 0.0, 1.0, 14.0 ], "autoUv": false },
								"south": { "texture": "#aged", "uv": [ 0.0, 0.0, 1.0, 14.0 ], "autoUv": false },
								"west": { "texture": "#aged", "uv": [ 0.0, 0.0, 1.0, 14.0 ], "autoUv": false },
								"up": { "texture": "#aged", "uv": [ 0.0, 0.0, 1.0, 1.0 ], "autoUv": false },
								"down": { "texture": "#aged", "uv": [ 0.0, 0.0, 1.0, 1.0 ], "autoUv": false }
							}
						},
						{
							"name": "Cube25",
							"from": [ 7.91, 0.0, -0.07 ],
							"to": [ 8.61, 9.8, 0.63 ],
							"rotationOrigin": [ 7.91, 0.0, -0.07 ],
							"rotationY": -112.5,
							"faces": {
								"north": { "texture": "#aged", "uv": [ 0.0, 0.0, 1.0, 14.0 ], "autoUv": false },
								"east": { "texture": "#aged", "uv": [ 0.0, 0.0, 1.0, 14.0 ], "autoUv": false },
								"south": { "texture": "#aged", "uv": [ 0.0, 0.0, 1.0, 14.0 ], "autoUv": false },
								"west": { "texture": "#aged", "uv": [ 0.0, 0.0, 1.0, 14.0 ], "autoUv": false },
								"up": { "texture": "#aged", "uv": [ 0.0, 0.0, 1.0, 1.0 ], "autoUv": false },
								"down": { "texture": "#aged", "uv": [ 0.0, 0.0, 1.0, 1.0 ], "autoUv": false }
							}
						},
						{
							"name": "Cube26",
							"from": [ 5.74, 0.0, -2.31 ],
							"to": [ 6.44, 9.8, -1.61 ],
							"rotationOrigin": [ 5.74, 0.0, -2.31 ],
							"rotationY": -67.5,
							"faces": {
								"north": { "texture": "#aged", "uv": [ 0.0, 0.0, 1.0, 14.0 ], "autoUv": false },
								"east": { "texture": "#aged", "uv": [ 0.0, 0.0, 1.0, 14.0 ], "autoUv": false },
								"south": { "texture": "#aged", "uv": [ 0.0, 0.0, 1.0, 14.0 ], "autoUv": false },
								"west": { "texture": "#aged", "uv": [ 0.0, 0.0, 1.0, 14.0 ], "autoUv": false },
								"up": { "texture": "#aged", "uv": [ 0.0, 0.0, 1.0, 1.0 ], "autoUv": false },
								"down": { "texture": "#aged", "uv": [ 0.0, 0.0, 1.0, 1.0 ], "autoUv": false }
							}
						},
						{
							"name": "Cube27",
							"from": [ 2.59, 0.0, -2.24 ],
							"to": [ 3.29, 9.8, -1.54 ],
							"rotationOrigin": [ 2.59, 0.0, -2.24 ],
							"rotationY": -22.5,
							"faces": {
								"north": { "texture": "#aged", "uv": [ 0.0, 0.0, 1.0, 14.0 ], "autoUv": false },
								"east": { "texture": "#aged", "uv": [ 0.0, 0.0, 1.0, 14.0 ], "autoUv": false },
								"south": { "texture": "#aged", "uv": [ 0.0, 0.0, 1.0, 14.0 ], "autoUv": false },
								"west": { "texture": "#aged", "uv": [ 0.0, 0.0, 1.0, 14.0 ], "autoUv": false },
								"up": { "texture": "#aged", "uv": [ 0.0, 0.0, 1.0, 1.0 ], "autoUv": false },
								"down": { "texture": "#aged", "uv": [ 0.0, 0.0, 1.0, 1.0 ], "autoUv": false }
							}
						}
					]
				},
				{
					"name": "Candle",
					"from": [ 0.0, 0.0, 0.0 ],
					"to": [ 0.0, 0.0, 0.0 ],
					"rotationOrigin": [ 5.6, 1.4, 5.6 ],
					"faces": {
					},
					"children": [
						{
							"name": "Candle1",
							"from": [ 4.9, 1.4, 4.9 ],
							"to": [ 6.3, 4.2, 6.3 ],
							"shade": false,
							"rotationOrigin": [ 4.9, 1.4, 4.9 ],
							"faces": {
								"north": { "texture": "#candle", "uv": [ 2.0, 0.0, 5.0, 6.0 ], "autoUv": false },
								"east": { "texture": "#candle", "uv": [ 2.0, 0.0, 5.0, 6.0 ], "autoUv": false },
								"south": { "texture": "#candle", "uv": [ 2.0, 0.0, 5.0, 6.0 ], "autoUv": false },
								"west": { "texture": "#candle", "uv": [ 2.0, 0.0, 5.0, 6.0 ], "autoUv": false },
								"up": { "texture": "#candle", "uv": [ 2.0, 0.0, 5.0, 6.0 ], "autoUv": false }
							}
						},
						{
							"name": "Flame",
							"from": [ 5.425, 4.2, 5.425 ],
							"to": [ 5.775, 4.9, 5.775 ],
							"shade": false,
							"rotationOrigin": [ 5.39, 4.2, 5.39 ],
							"faces": {
								"north": { "texture": "#candle", "uv": [ 0.0, 0.0, 2.0, 2.5 ], "glow": 128, "autoUv": false },
								"east": { "texture": "#candle", "uv": [ 0.0, 0.0, 2.0, 2.5 ], "glow": 128, "autoUv": false },
								"south": { "texture": "#candle", "uv": [ 0.0, 0.0, 2.0, 2.5 ], "glow": 128, "autoUv": false },
								"west": { "texture": "#candle", "uv": [ 0.0, 0.0, 2.0, 2.5 ], "glow": 128, "autoUv": false },
								"up": { "texture": "#candle", "uv": [ 0.0, 0.0, 2.0, 2.5 ], "glow": 128, "autoUv": false }
							}
						},
						{
							"name": "Candle2",
							"from": [ 4.41, 1.4, 4.9 ],
							"to": [ 5.11, 2.1, 6.3 ],
							"shade": false,
							"rotationOrigin": [ 4.41, 1.4, 4.9 ],
							"rotationY": 7.0,
							"rotationZ": -4.0,
							"faces": {
								"north": { "texture": "#candle", "uv": [ 2.0, 0.0, 5.0, 6.0 ], "autoUv": false },
								"east": { "texture": "#candle", "uv": [ 2.0, 0.0, 5.0, 6.0 ], "autoUv": false },
								"south": { "texture": "#candle", "uv": [ 2.0, 0.0, 5.0, 6.0 ], "autoUv": false },
								"west": { "texture": "#candle", "uv": [ 2.0, 0.0, 5.0, 6.0 ], "autoUv": false },
								"up": { "texture": "#candle", "uv": [ 2.0, 0.0, 5.0, 6.0 ], "autoUv": false }
							}
						},
						{
							"name": "Candle3",
							"from": [ 6.02, 1.26, 4.9 ],
							"to": [ 6.72, 1.96, 6.3 ],
							"shade": false,
							"rotationOrigin": [ 6.02, 1.26, 4.9 ],
							"rotationY": 5.0,
							"rotationZ": 6.0,
							"faces": {
								"north": { "texture": "#candle", "uv": [ 2.0, 0.0, 5.0, 6.0 ], "autoUv": false },
								"east": { "texture": "#candle", "uv": [ 2.0, 0.0, 5.0, 6.0 ], "autoUv": false },
								"south": { "texture": "#candle", "uv": [ 2.0, 0.0, 5.0, 6.0 ], "autoUv": false },
								"west": { "texture": "#candle", "uv": [ 2.0, 0.0, 5.0, 6.0 ], "autoUv": false },
								"up": { "texture": "#candle", "uv": [ 2.0, 0.0, 5.0, 6.0 ], "autoUv": false }
							}
						},
						{
							"name": "Candle4",
							"from": [ 4.83, 1.26, 4.34 ],
							"to": [ 6.37, 1.96, 5.18 ],
							"shade": false,
							"rotationOrigin": [ 4.83, 1.26, 4.34 ],
							"rotationY": 5.0,
							"rotationZ": 6.0,
							"faces": {
								"north": { "texture": "#candle", "uv": [ 2.0, 0.0, 5.0, 6.0 ], "autoUv": false },
								"east": { "texture": "#candle", "uv": [ 2.0, 0.0, 5.0, 6.0 ], "autoUv": false },
								"south": { "texture": "#candle", "uv": [ 2.0, 0.0, 5.0, 6.0 ], "autoUv": false },
								"west": { "texture": "#candle", "uv": [ 2.0, 0.0, 5.0, 6.0 ], "autoUv": false },
								"up": { "texture": "#candle", "uv": [ 2.0, 0.0, 5.0, 6.0 ], "autoUv": false }
							}
						},
						{
							"name": "Candle5",
							"from": [ 4.83, 1.26, 5.74 ],
							"to": [ 6.37, 1.96, 6.58 ],
							"shade": false,
							"rotationOrigin": [ 4.83, 1.26, 5.74 ],
							"rotationY": 5.0,
							"rotationZ": 6.0,
							"faces": {
								"north": { "texture": "#candle", "uv": [ 2.0, 0.0, 5.0, 6.0 ], "autoUv": false },
								"east": { "texture": "#candle", "uv": [ 2.0, 0.0, 5.0, 6.0 ], "autoUv": false },
								"south": { "texture": "#candle", "uv": [ 2.0, 0.0, 5.0, 6.0 ], "autoUv": false },
								"west": { "texture": "#candle", "uv": [ 2.0, 0.0, 5.0, 6.0 ], "autoUv": false },
								"up": { "texture": "#candle", "uv": [ 2.0, 0.0, 5.0, 6.0 ], "autoUv": false }
							}
						},
						{
							"name": "Candle6",
							"from": [ 4.06, 1.4, 4.9 ],
							"to": [ 4.55, 1.82, 5.46 ],
							"shade": false,
							"rotationOrigin": [ 4.06, 1.4, 4.9 ],
							"rotationY": 7.0,
							"rotationZ": -4.0,
							"faces": {
								"north": { "texture": "#candle", "uv": [ 2.0, 0.0, 5.0, 6.0 ], "autoUv": false },
								"east": { "texture": "#candle", "uv": [ 2.0, 0.0, 5.0, 6.0 ], "autoUv": false },
								"south": { "texture": "#candle", "uv": [ 2.0, 0.0, 5.0, 6.0 ], "autoUv": false },
								"west": { "texture": "#candle", "uv": [ 2.0, 0.0, 5.0, 6.0 ], "autoUv": false },
								"up": { "texture": "#candle", "uv": [ 2.0, 0.0, 5.0, 6.0 ], "autoUv": false }
							}
						},
						{
							"name": "Candle7",
							"from": [ 4.34, 1.26, 4.06 ],
							"to": [ 4.97, 1.61, 4.69 ],
							"shade": false,
							"rotationOrigin": [ 4.34, 1.26, 4.06 ],
							"rotationX": 5.0,
							"rotationY": 22.5,
							"faces": {
								"north": { "texture": "#candle", "uv": [ 2.0, 0.0, 5.0, 6.0 ], "autoUv": false },
								"east": { "texture": "#candle", "uv": [ 2.0, 0.0, 5.0, 6.0 ], "autoUv": false },
								"south": { "texture": "#candle", "uv": [ 2.0, 0.0, 5.0, 6.0 ], "autoUv": false },
								"west": { "texture": "#candle", "uv": [ 2.0, 0.0, 5.0, 6.0 ], "autoUv": false },
								"up": { "texture": "#candle", "uv": [ 2.0, 0.0, 5.0, 6.0 ], "autoUv": false }
							}
						},
						{
							"name": "Candle8",
							"from": [ 6.44, 1.26, 4.76 ],
							"to": [ 7.07, 1.61, 5.39 ],
							"shade": false,
							"rotationOrigin": [ 6.44, 1.26, 4.76 ],
							"rotationX": 5.0,
							"rotationY": 45.0,
							"faces": {
								"north": { "texture": "#candle", "uv": [ 2.0, 0.0, 5.0, 6.0 ], "autoUv": false },
								"east": { "texture": "#candle", "uv": [ 2.0, 0.0, 5.0, 6.0 ], "autoUv": false },
								"south": { "texture": "#candle", "uv": [ 2.0, 0.0, 5.0, 6.0 ], "autoUv": false },
								"west": { "texture": "#candle", "uv": [ 2.0, 0.0, 5.0, 6.0 ], "autoUv": false },
								"up": { "texture": "#candle", "uv": [ 2.0, 0.0, 5.0, 6.0 ], "autoUv": false }
							}
						},
						{
							"name": "Candle9",
							"from": [ 6.44, 1.26, 5.46 ],
							"to": [ 7.07, 1.61, 6.09 ],
							"shade": false,
							"rotationOrigin": [ 6.44, 1.26, 5.46 ],
							"rotationX": 5.0,
							"rotationY": -22.5,
							"faces": {
								"north": { "texture": "#candle", "uv": [ 2.0, 0.0, 5.0, 6.0 ], "autoUv": false },
								"east": { "texture": "#candle", "uv": [ 2.0, 0.0, 5.0, 6.0 ], "autoUv": false },
								"south": { "texture": "#candle", "uv": [ 2.0, 0.0, 5.0, 6.0 ], "autoUv": false },
								"west": { "texture": "#candle", "uv": [ 2.0, 0.0, 5.0, 6.0 ], "autoUv": false },
								"up": { "texture": "#candle", "uv": [ 2.0, 0.0, 5.0, 6.0 ], "autoUv": false }
							}
						},
						{
							"name": "Candle10",
							"from": [ 5.74, 1.26, 6.16 ],
							"to": [ 6.37, 1.61, 6.79 ],
							"shade": false,
							"rotationOrigin": [ 5.74, 1.26, 6.16 ],
							"rotationX": 5.0,
							"rotationY": -22.5,
							"faces": {
								"north": { "texture": "#candle", "uv": [ 2.0, 0.0, 5.0, 6.0 ], "autoUv": false },
								"east": { "texture": "#candle", "uv": [ 2.0, 0.0, 5.0, 6.0 ], "autoUv": false },
								"south": { "texture": "#candle", "uv": [ 2.0, 0.0, 5.0, 6.0 ], "autoUv": false },
								"west": { "texture": "#candle", "uv": [ 2.0, 0.0, 5.0, 6.0 ], "autoUv": false },
								"up": { "texture": "#candle", "uv": [ 2.0, 0.0, 5.0, 6.0 ], "autoUv": false }
							}
						},
						{
							"name": "Candle11",
							"from": [ 5.04, 1.26, 6.16 ],
							"to": [ 5.67, 1.61, 6.79 ],
							"shade": false,
							"rotationOrigin": [ 5.04, 1.26, 6.16 ],
							"rotationX": 5.0,
							"rotationY": -45.0,
							"faces": {
								"north": { "texture": "#candle", "uv": [ 2.0, 0.0, 5.0, 6.0 ], "autoUv": false },
								"east": { "texture": "#candle", "uv": [ 2.0, 0.0, 5.0, 6.0 ], "autoUv": false },
								"south": { "texture": "#candle", "uv": [ 2.0, 0.0, 5.0, 6.0 ], "autoUv": false },
								"west": { "texture": "#candle", "uv": [ 2.0, 0.0, 5.0, 6.0 ], "autoUv": false },
								"up": { "texture": "#candle", "uv": [ 2.0, 0.0, 5.0, 6.0 ], "autoUv": false }
							}
						},
						{
							"name": "Candle12",
							"from": [ 4.34, 1.26, 5.67 ],
							"to": [ 4.97, 1.61, 6.3 ],
							"shade": false,
							"rotationOrigin": [ 4.34, 1.26, 5.67 ],
							"rotationX": 5.0,
							"rotationY": -45.0,
							"faces": {
								"north": { "texture": "#candle", "uv": [ 2.0, 0.0, 5.0, 6.0 ], "autoUv": false },
								"east": { "texture": "#candle", "uv": [ 2.0, 0.0, 5.0, 6.0 ], "autoUv": false },
								"south": { "texture": "#candle", "uv": [ 2.0, 0.0, 5.0, 6.0 ], "autoUv": false },
								"west": { "texture": "#candle", "uv": [ 2.0, 0.0, 5.0, 6.0 ], "autoUv": false },
								"up": { "texture": "#candle", "uv": [ 2.0, 0.0, 5.0, 6.0 ], "autoUv": false }
							}
						}
					]
				},
				{
					"name": "Top",
					"from": [ 0.0, 7.7, 0.0 ],
					"to": [ 0.0, 7.7, 0.0 ],
					"shade": false,
					"rotationOrigin": [ 0.0, 7.7, 0.0 ],
					"faces": {
					},
					"children": [
						{
							"name": "Cube12",
							"from": [ 1.4, 0.693, 3.92 ],
							"to": [ 4.9, 1.393, 4.9 ],
							"rotationOrigin": [ 1.4, 0.7, 3.92 ],
							"rotationY": 45.0,
							"faces": {
								"north": { "texture": "#aged", "uv": [ 0.0, 0.0, 5.0, 1.0 ], "autoUv": false },
								"up": { "texture": "#aged", "uv": [ 0.0, 0.0, 5.0, 1.0 ], "autoUv": false },
								"down": { "texture": "#aged", "uv": [ 0.0, 0.0, 5.0, 1.0 ], "autoUv": false }
							}
						},
						{
							"name": "Cube13",
							"from": [ 3.85, 0.7, 1.463 ],
							"to": [ 7.35, 1.4, 2.793 ],
							"rotationOrigin": [ 3.85, 0.7, 1.47 ],
							"faces": {
								"north": { "texture": "#aged", "uv": [ 0.0, 0.0, 5.0, 1.0 ], "autoUv": false },
								"up": { "texture": "#aged", "uv": [ 0.0, 0.0, 5.0, 1.5 ], "autoUv": false },
								"down": { "texture": "#aged", "uv": [ 0.0, 0.0, 5.0, 1.5 ], "autoUv": false }
							}
						},
						{
							"name": "Cube14",
							"from": [ 7.35, 0.693, 1.47 ],
							"to": [ 10.85, 1.393, 2.52 ],
							"rotationOrigin": [ 7.35, 0.7, 1.47 ],
							"rotationY": -45.0,
							"faces": {
								"north": { "texture": "#aged", "uv": [ 0.0, 0.0, 5.0, 1.0 ], "autoUv": false },
								"east": { "texture": "#aged", "uv": [ 0.0, 0.0, 1.5, 1.0 ], "autoUv": false },
								"up": { "texture": "#aged", "uv": [ 0.0, 0.0, 5.0, 1.5 ], "autoUv": false },
								"down": { "texture": "#aged", "uv": [ 0.0, 0.0, 5.0, 1.5 ], "autoUv": false }
							}
						},
						{
							"name": "Cube15",
							"from": [ 9.8, 0.7, 3.99 ],
							"to": [ 13.3, 1.4, 5.39 ],
							"rotationOrigin": [ 9.8, 0.7, 3.99 ],
							"rotationY": -90.0,
							"faces": {
								"north": { "texture": "#aged", "uv": [ 0.0, 0.0, 5.0, 1.0 ], "autoUv": false },
								"east": { "texture": "#aged", "uv": [ 0.0, 0.0, 2.0, 1.0 ], "autoUv": false },
								"west": { "texture": "#aged", "uv": [ 0.0, 0.0, 2.0, 1.0 ], "autoUv": false },
								"up": { "texture": "#aged", "uv": [ 0.0, 0.0, 5.0, 2.0 ], "autoUv": false },
								"down": { "texture": "#aged", "uv": [ 0.0, 0.0, 5.0, 2.0 ], "autoUv": false }
							}
						},
						{
							"name": "Cube16",
							"from": [ 9.8, 0.693, 7.49 ],
							"to": [ 13.3, 1.393, 8.61 ],
							"rotationOrigin": [ 9.8, 0.7, 7.49 ],
							"rotationY": -135.0,
							"faces": {
								"north": { "texture": "#aged", "uv": [ 0.0, 0.0, 5.0, 1.0 ], "autoUv": false },
								"east": { "texture": "#aged", "uv": [ 0.0, 0.0, 1.5, 1.0 ], "autoUv": false },
								"west": { "texture": "#aged", "uv": [ 0.0, 0.0, 1.5, 1.0 ], "autoUv": false },
								"up": { "texture": "#aged", "uv": [ 0.0, 0.0, 5.0, 1.5 ], "autoUv": false },
								"down": { "texture": "#aged", "uv": [ 0.0, 0.0, 5.0, 1.5 ], "autoUv": false }
							}
						},
						{
							"name": "Cube17",
							"from": [ 7.35, 0.7, 9.94 ],
							"to": [ 10.85, 1.4, 11.34 ],
							"rotationOrigin": [ 7.35, 0.7, 9.94 ],
							"rotationY": -180.0,
							"faces": {
								"north": { "texture": "#aged", "uv": [ 0.0, 0.0, 5.0, 1.0 ], "autoUv": false },
								"east": { "texture": "#aged", "uv": [ 0.0, 0.0, 2.0, 1.0 ], "autoUv": false },
								"west": { "texture": "#aged", "uv": [ 0.0, 0.0, 2.0, 1.0 ], "autoUv": false },
								"up": { "texture": "#aged", "uv": [ 0.0, 0.0, 5.0, 2.0 ], "autoUv": false },
								"down": { "texture": "#aged", "uv": [ 0.0, 0.0, 5.0, 2.0 ], "autoUv": false }
							}
						},
						{
							"name": "Cube18",
							"from": [ 3.85, 0.693, 9.94 ],
							"to": [ 7.35, 1.393, 11.34 ],
							"rotationOrigin": [ 3.85, 0.7, 9.94 ],
							"rotationY": 135.0,
							"faces": {
								"north": { "texture": "#aged", "uv": [ 0.0, 0.0, 5.0, 1.0 ], "autoUv": false },
								"east": { "texture": "#aged", "uv": [ 0.0, 0.0, 2.0, 1.0 ], "autoUv": false },
								"west": { "texture": "#aged", "uv": [ 0.0, 0.0, 2.0, 1.0 ], "autoUv": false },
								"up": { "texture": "#aged", "uv": [ 0.0, 0.0, 5.0, 2.0 ], "autoUv": false },
								"down": { "texture": "#aged", "uv": [ 0.0, 0.0, 5.0, 2.0 ], "autoUv": false }
							}
						},
						{
							"name": "Cube19",
							"from": [ 1.4, 0.7, 7.42 ],
							"to": [ 4.9, 1.4, 8.82 ],
							"rotationOrigin": [ 1.4, 0.7, 7.42 ],
							"rotationY": 90.0,
							"faces": {
								"north": { "texture": "#aged", "uv": [ 0.0, 0.0, 5.0, 1.0 ], "autoUv": false },
								"east": { "texture": "#aged", "uv": [ 0.0, 0.0, 2.0, 1.0 ], "autoUv": false },
								"west": { "texture": "#aged", "uv": [ 0.0, 0.0, 2.0, 1.0 ], "autoUv": false },
								"up": { "texture": "#aged", "uv": [ 0.0, 0.0, 5.0, 2.0 ], "autoUv": false },
								"down": { "texture": "#aged", "uv": [ 0.0, 0.0, 5.0, 2.0 ], "autoUv": false }
							}
						},
						{
							"name": "Cube20",
							"from": [ 2.8, 0.707, 2.8 ],
							"to": [ 8.4, 1.407, 8.61 ],
							"rotationOrigin": [ 2.8, 0.7, 2.8 ],
							"faces": {
								"up": { "texture": "#aged", "uv": [ 0.0, 0.0, 10.0, 10.0 ], "autoUv": false },
								"down": { "texture": "#aged", "uv": [ 0.0, 0.0, 9.0, 9.0 ], "autoUv": false }
							}
						}
					]
				},
				{
					"name": "Cloth",
					"from": [ 0.0, 0.0, 0.0 ],
					"to": [ 0.0, 0.0, 0.0 ],
					"faces": {
					},
					"children": [
						{
							"name": "Cube28",
							"from": [ 3.99, 2.1, 1.89 ],
							"to": [ 7.14, 7.7, 1.96 ],
							"rotationOrigin": [ 3.99, 2.1, 1.89 ],
							"faces": {
								"north": { "texture": "#white1", "uv": [ 0.0, 0.0, 16.0, 16.0 ], "autoUv": false },
								"east": { "texture": "#white1", "uv": [ 0.0, 0.0, 0.5, 16.0 ], "autoUv": false },
								"south": { "texture": "#white1", "uv": [ 0.0, 0.0, 16.0, 16.0 ], "autoUv": false },
								"west": { "texture": "#white1", "uv": [ 0.0, 0.0, 0.5, 16.0 ], "autoUv": false },
								"up": { "texture": "#white1", "uv": [ 0.0, 0.0, 16.0, 0.5 ], "autoUv": false },
								"down": { "texture": "#white1", "uv": [ 0.0, 0.0, 16.0, 0.5 ], "autoUv": false }
							}
						},
						{
							"name": "Cube29",
							"from": [ 7.14, 2.1, 1.89 ],
							"to": [ 10.29, 7.7, 1.96 ],
							"rotationOrigin": [ 7.14, 2.1, 1.89 ],
							"rotationY": -45.0,
							"faces": {
								"north": { "texture": "#white1", "uv": [ 0.0, 0.0, 16.0, 16.0 ], "autoUv": false },
								"east": { "texture": "#white1", "uv": [ 0.0, 0.0, 0.5, 16.0 ], "autoUv": false },
								"south": { "texture": "#white1", "uv": [ 0.0, 0.0, 16.0, 16.0 ], "autoUv": false },
								"west": { "texture": "#white1", "uv": [ 0.0, 0.0, 0.5, 16.0 ], "autoUv": false },
								"up": { "texture": "#white1", "uv": [ 0.0, 0.0, 16.0, 0.5 ], "autoUv": false },
								"down": { "texture": "#white1", "uv": [ 0.0, 0.0, 16.0, 0.5 ], "autoUv": false }
							}
						},
						{
							"name": "Cube30",
							"from": [ 9.38, 2.1, 4.13 ],
							"to": [ 12.53, 7.7, 4.2 ],
							"rotationOrigin": [ 9.38, 2.1, 4.13 ],
							"rotationY": -90.0,
							"faces": {
								"north": { "texture": "#white1", "uv": [ 0.0, 0.0, 16.0, 16.0 ], "autoUv": false },
								"east": { "texture": "#white1", "uv": [ 0.0, 0.0, 0.5, 16.0 ], "autoUv": false },
								"south": { "texture": "#white1", "uv": [ 0.0, 0.0, 16.0, 16.0 ], "autoUv": false },
								"west": { "texture": "#white1", "uv": [ 0.0, 0.0, 0.5, 16.0 ], "autoUv": false },
								"up": { "texture": "#white1", "uv": [ 0.0, 0.0, 16.0, 0.5 ], "autoUv": false },
								"down": { "texture": "#white1", "uv": [ 0.0, 0.0, 16.0, 0.5 ], "autoUv": false }
							}
						},
						{
							"name": "Cube31",
							"from": [ 9.38, 2.1, 7.28 ],
							"to": [ 12.425, 7.7, 7.35 ],
							"rotationOrigin": [ 9.38, 2.1, 7.28 ],
							"rotationY": -135.0,
							"faces": {
								"north": { "texture": "#white1", "uv": [ 0.0, 0.0, 16.0, 16.0 ], "autoUv": false },
								"east": { "texture": "#white1", "uv": [ 0.0, 0.0, 0.5, 16.0 ], "autoUv": false },
								"south": { "texture": "#white1", "uv": [ 0.0, 0.0, 16.0, 16.0 ], "autoUv": false },
								"west": { "texture": "#white1", "uv": [ 0.0, 0.0, 0.5, 16.0 ], "autoUv": false },
								"up": { "texture": "#white1", "uv": [ 0.0, 0.0, 16.0, 0.5 ], "autoUv": false },
								"down": { "texture": "#white1", "uv": [ 0.0, 0.0, 16.0, 0.5 ], "autoUv": false }
							}
						},
						{
							"name": "Cube32",
							"from": [ 7.21, 2.1, 9.45 ],
							"to": [ 10.15, 7.7, 9.52 ],
							"rotationOrigin": [ 7.21, 2.1, 9.45 ],
							"rotationY": 180.0,
							"faces": {
								"north": { "texture": "#white1", "uv": [ 0.0, 0.0, 16.0, 16.0 ], "autoUv": false },
								"east": { "texture": "#white1", "uv": [ 0.0, 0.0, 0.5, 16.0 ], "autoUv": false },
								"south": { "texture": "#white1", "uv": [ 0.0, 0.0, 16.0, 16.0 ], "autoUv": false },
								"west": { "texture": "#white1", "uv": [ 0.0, 0.0, 0.5, 16.0 ], "autoUv": false },
								"up": { "texture": "#white1", "uv": [ 0.0, 0.0, 16.0, 0.5 ], "autoUv": false },
								"down": { "texture": "#white1", "uv": [ 0.0, 0.0, 16.0, 0.5 ], "autoUv": false }
							}
						},
						{
							"name": "Cube33",
							"from": [ 4.305, 2.1, 9.45 ],
							"to": [ 7.308, 7.7, 9.52 ],
							"rotationOrigin": [ 4.27, 2.1, 9.45 ],
							"rotationY": 139.0,
							"faces": {
								"north": { "texture": "#white1", "uv": [ 0.0, 0.0, 16.0, 16.0 ], "autoUv": false },
								"east": { "texture": "#white1", "uv": [ 0.0, 0.0, 0.5, 16.0 ], "autoUv": false },
								"south": { "texture": "#white1", "uv": [ 0.0, 0.0, 16.0, 16.0 ], "autoUv": false },
								"west": { "texture": "#white1", "uv": [ 0.0, 0.0, 0.5, 16.0 ], "autoUv": false },
								"up": { "texture": "#white1", "uv": [ 0.0, 0.0, 16.0, 0.5 ], "autoUv": false },
								"down": { "texture": "#white1", "uv": [ 0.0, 0.0, 16.0, 0.5 ], "autoUv": false }
							}
						},
						{
							"name": "Cube34",
							"from": [ 1.96, 2.1, 7.434 ],
							"to": [ 5.299, 7.7, 7.504 ],
							"rotationOrigin": [ 1.96, 2.1, 7.42 ],
							"rotationY": 91.0,
							"faces": {
								"north": { "texture": "#white1", "uv": [ 0.0, 0.0, 16.0, 16.0 ], "autoUv": false },
								"east": { "texture": "#white1", "uv": [ 0.0, 0.0, 0.5, 16.0 ], "autoUv": false },
								"south": { "texture": "#white1", "uv": [ 0.0, 0.0, 16.0, 16.0 ], "autoUv": false },
								"west": { "texture": "#white1", "uv": [ 0.0, 0.0, 0.5, 16.0 ], "autoUv": false },
								"up": { "texture": "#white1", "uv": [ 0.0, 0.0, 16.0, 0.5 ], "autoUv": false },
								"down": { "texture": "#white1", "uv": [ 0.0, 0.0, 16.0, 0.5 ], "autoUv": false }
							}
						},
						{
							"name": "Cube35",
							"from": [ 1.96, 2.1, 4.06 ],
							"to": [ 4.9, 7.7, 4.13 ],
							"rotationOrigin": [ 1.96, 2.1, 4.06 ],
							"rotationY": 47.0,
							"faces": {
								"north": { "texture": "#white1", "uv": [ 0.0, 0.0, 16.0, 16.0 ], "autoUv": false },
								"east": { "texture": "#white1", "uv": [ 0.0, 0.0, 0.5, 16.0 ], "autoUv": false },
								"south": { "texture": "#white1", "uv": [ 0.0, 0.0, 16.0, 16.0 ], "autoUv": false },
								"west": { "texture": "#white1", "uv": [ 0.0, 0.0, 0.5, 16.0 ], "autoUv": false },
								"up": { "texture": "#white1", "uv": [ 0.0, 0.0, 16.0, 0.5 ], "autoUv": false },
								"down": { "texture": "#white1", "uv": [ 0.0, 0.0, 16.0, 0.5 ], "autoUv": false }
							}
						}
					]
				}
			]
		}
	]}