{
	"enabled": true,
	"code": "claybucket",
	"class": "Block",
	"behaviors": [ 
		{ "name": "GroundStorable", "properties": { "layout": "SingleCenter" } },
		{ "name": "Unplaceable" },
		{ "name": "RightClickPickup" } 
	],
	"variantgroups": [
		{ "code": "color", "states": [ "blue", "fire", "red" ] },
		{ "code": "state", "states": [ "raw" ] }
	],
	"shape": { "base": "block/clay/bucket/empty" },
	"textures": {
		"all": { "base": "game:block/clay/{color}clay" }
	},
	"attributes": {
		"reinforcable": true
	},
	"attributesByType":{
		"claybucket-blue-raw":{
			"beehivekiln":{
				"0": { "type": "block", "code": "bradycrudebuilding:claybucket-cream-fired" },
				"1": { "type": "block", "code": "bradycrudebuilding:claybucket-gray-fired" },
				"2": { "type": "block", "code": "bradycrudebuilding:claybucket-black-fired" },
				"3": { "type": "block", "code": "bradycrudebuilding:claybucket-black-fired" }
			}
		},
		"claybucket-red-raw":{
			"beehivekiln":{
				"0": { "type": "block", "code": "bradycrudebuilding:claybucket-tan-fired" },
				"1": { "type": "block", "code": "bradycrudebuilding:claybucket-orange-fired" },
				"2": { "type": "block", "code": "bradycrudebuilding:claybucket-red-fired" },
				"3": { "type": "block", "code": "bradycrudebuilding:claybucket-brown-fired" }
			}
		},		
		"claybucket-fire-raw":{
			"beehivekiln":{
				"0": { "type": "block", "code": "bradycrudebuilding:claybucket-fire-fired" },
				"1": { "type": "block", "code": "bradycrudebuilding:claybucket-fire-fired" },
				"2": { "type": "block", "code": "bradycrudebuilding:claybucket-fire-fired" },
				"3": { "type": "block", "code": "bradycrudebuilding:claybucket-fire-fired" }
			}
		}
	},
	"combustibleProps": {
		"meltingPoint": 600,
		"meltingDuration": 30,
		"smeltedRatio": 1,
		"smeltingType": "fire",
		"requiresContainer": false,
		"smeltedStackByType": {
			"claybucket-blue-raw": { "type": "block", "code": "bradycrudebuilding:claybucket-blue-fired" },
			"claybucket-fire-raw": { "type": "block", "code": "bradycrudebuilding:claybucket-fire-fired" },
			"claybucket-red-raw": { "type": "block", "code": "bradycrudebuilding:claybucket-red-fired" }
		}
	},
	"//heldRightReadyAnimation": "helditemreadybucket",
	"heldTpIdleAnimation": "holdbothhandslarge",
	"heldRightReadyAnimation": "heldblockready",
	"heldTpUseAnimation": "twohandplaceblock",
	"creativeinventory": { "bradysthings": [ "*" ], "decorative": [ "*" ], "general": [ "*" ] },
	"sideSolidOpaqueAo": { "all": false	},
	"blockmaterial": "Ceramic",
	"replaceable": 900,
	"resistance": 1.5,
	"maxStackSize": 4,
	"liquidSelectable": 1,
	"lightAbsorption": 0,
	"sounds": {
		"walk": "game:walk/stone",
		"break": "game:block/ceramicplace",
		"hit": "game:block/ceramichit",
		"place": "game:block/ceramicplace"
	},
	"//collisionSelectionBoxes": [
		{ "x1": 0.2185, "y1": 0, "z1": 0.2185, "x2": 0.7815, "y2": 0.5625, "z2": 0.7815 },
		{ "x1": 0.219, "y1": 0.4937, "z1": 0.4118, "x2": 0.1565, "y2": 0.4322, "z2": 0.5935 },
		{ "x1": 0.7815, "y1": 0.4937, "z1": 0.406, "x2": 0.8435, "y2": 0.4322, "z2": 0.5935 },
	],
	"collisionSelectionBoxes": [
		{ "x1": 0.2185, "y1": 0, "z1": 0.2185, "x2": 0.7815, "y2": 0.5625, "z2": 0.7815 }
	],
	"materialDensity": 400,
	"tpHandTransform": {
		"translation": { "x": -1.17, "y": -1.12, "z": -0.66 },
		"rotation": { "x": -83, "y": 25, "z": -104 },
		"scale": 0.48
	},
	"guiTransform": {
		"origin": { "x": 0.5, "y": 0.3, "z": 0.5 },
		"scale": 1.75
	},
	"groundTransform": {
		"origin": { "x": 0.5, "y": 0, "z": 0.5 },
		"scale": 3.88
	}
}