{
	"enabled": false,
	"code": "amphore",
	"class": "BlockBarrel",
	"//entityClass": "Barrel",
	"behaviors": [ 
		{"name": "Lockable"}, 
		{"name": "UnstableFalling"} 
	],
	"shape": { "base": "block/clay/amphore/empty" },
	"creativeinventory": { "bradysthings": ["*"], "decorative": ["*"], "general": ["*"] },
	"blockmaterial": "Wood",
	"replaceable": 900,
	"resistance": 1.5,
	"maxStackSize": 1,
	"lightAbsorption": 1,
	"textures": {
		"lid": { "base": "block/clay/amphore/lid" }
	},
	"attributes": {
		"reinforcable": true,
		"partialAttachable": true,
		"capacityLitres": 36
	},
	"sideao": {
		"all": false
	},
	"sidesolid": {
		"all": false
	},
	"emitsideao": {
		"all": false
	},
	"sideopaque": {
		"all": false
	},
	"collisionbox": {
		"x1": 0, "y1": 0, "z1": 0,
		"x2": 1, "y2": 0.9375, "z2": 1
	},
	"selectionbox": {
		"x1": 0, "y1": 0, "z1": 0, 
		"x2": 1, "y2": 0.9375, "z2": 1
	},
	"combustibleProps": {
		"burnTemperature": 600,
		"burnDuration": 20,
	},
	"sounds": {
		"place": "block/planks",
		"hit": "block/planks",
		"break": "block/planks",
		"walk": "walk/wood"
	},
	"materialDensity": 600,
	"heldTpIdleAnimation": "holdbothhandslarge", "heldRightReadyAnimation": "heldblockready", "heldTpUseAnimation": "twohandplaceblock",
	"tpHandTransform": {
		"translation": { "x": -1.7, "y": -0.95, "z": -0.69 },
		"rotation": { "x": 12, "y": 14, "z": -81 },
		"scale": 0.36
	}
}