{
	"enabled": true,
	"code": "claybucket",
	"class": "BlockBucket",
	"entityClass": "Bucket",
	"behaviors": [
			{ "name": "Lockable" },
			{ "name": "UnstableFalling" }, 
			{ "name": "RightClickPickup" }, 
			{ "name": "MilkingContainer" }
		],
	"variantgroups": [
		{ "code": "color", "states": [ "black", "blue", "brown", "cream", "fire", "gray", "orange", "red", "tan" ] },
		{ "code": "state", "states": [ "fired" ] }
	],
	"shape": { "base": "block/clay/bucket/empty" },
	"textures": {
		"bottom": { "base": "game:block/clay/hardened/{color}*", "overlays": [ "game:block/slightlydarker" ] },
		"inner": { "base": "game:block/clay/hardened/{color}*" },
		"side": { "base": "game:block/clay/hardened/{color}*" }
	},
	"attributes": {
		"handbook": { "groupBy": ["claybucket-*"] },
		"reinforcable": true,
		"liquidContainerProps": {
			"capacityLitres": 10,
			"transferSizeLitres": 1,
			"emptyShapeLoc": "shapes/block/clay/bucket/empty",
			"opaqueContentShapeLoc": "game:shapes/block/wood/bucket/contents",
			"liquidContentShapeLoc": "game:shapes/block/wood/bucket/liquidcontents",
			"liquidMaxYTranslate": 0.4375
		},
		"//breakOnTriggerChance": 1 /*0.08*/
	},
	"//heldRightReadyAnimation": "helditemreadybucket",
	"heldTpIdleAnimation": "holdbothhandslarge",
	"heldRightReadyAnimation": "heldblockready",
	"heldTpUseAnimation": "twohandplaceblock",
	"//creativeinventoryStacks": [
		{ 
			"tabs": [ "bradysthings", "decorative", "general" ],
			"stacks": [
				{ "type": "block", "code": "claybucket-*" }
			]
		}
	],
	"creativeinventory": { "bradysthings": [ "*" ], "decorative": [ "*" ], "general": [ "*" ] },
	"sideSolidOpaqueAo": { "all": false	},
	"blockmaterial": "Ceramic",
	"replaceable": 900,
	"resistance": 1.5,
	"maxStackSize": 4,
	"liquidSelectable": 1,
	"lightAbsorption": 0,
	"sounds": {
		"walk": "game:walk/stone",
		"break": "game:block/ceramicplace",
		"hit": "game:block/ceramichit",
		"place": "game:block/ceramicplace"
	},
	"//collisionSelectionBoxes": [
		{ "x1": 0.2185, "y1": 0, "z1": 0.2185, "x2": 0.7815, "y2": 0.5625, "z2": 0.7815 },
		{ "x1": 0.219, "y1": 0.4937, "z1": 0.4118, "x2": 0.1565, "y2": 0.4322, "z2": 0.5935 },
		{ "x1": 0.7815, "y1": 0.4937, "z1": 0.406, "x2": 0.8435, "y2": 0.4322, "z2": 0.5935 },
	],
	"collisionSelectionBoxes": [
		{ "x1": 0.2185, "y1": 0, "z1": 0.2185, "x2": 0.7815, "y2": 0.5625, "z2": 0.7815 }
	],
	"materialDensity": 400,
	"tpHandTransform": {
		"translation": { "x": -1.17, "y": -1.12, "z": -0.66 },
		"rotation": { "x": -83, "y": 25, "z": -104 },
		"scale": 0.48
	},
	"guiTransform": {
		"origin": { "x": 0.5, "y": 0.3, "z": 0.5 },
		"scale": 1.75
	},
	"groundTransform": {
		"origin": { "x": 0.5, "y": 0, "z": 0.5 },
		"scale": 3.88
	}
}