[
  {
    "op": "addmerge",
    "path": "/schematicYOffsets",
    "value": {
      "overground/main/cold-climate/coldclimate-o1-stadrian-v1": -1,
      "overground/main/cold-climate/coldclimate-o1-stadrian-v2": -1,
      "overground/main/cold-climate/coldclimate-o1-stadrian-v3": -1,
      "overground/main/cold-climate/coldclimate-o2-stadrian-v4": -2,
      "overground/main/cold-climate/coldclimate-o2-stadrian-v5": -2,
      "overground/main/desert-climate/desertclimate-o1-niclass-small1": -1,
      "overground/main/desert-climate/desertclimate-o1-niclass-small2": -1,
      "overground/main/desert-climate/desertclimate-o1-niclass-small3": -1,
      "overground/main/desert-climate/desertclimate-o1-niclass-small4": -1,
      "overground/main/desert-climate/desertclimate-o1-stadrian-deserthouse1": -1,
      "overground/main/desert-climate/desertclimate-o2-dampus-greek1": -2,
      "overground/main/desert-climate/desertclimate-o2-stadrian-cube1": -2,
      "overground/main/desert-climate/desertclimate-o2-stadrian-deserthouse2": -2,
      "overground/main/desert-climate/desertclimate-o20-stadrian-undergroundwithentrance": -20,
      "overground/main/desert-climate/desertclimate-o2-ogdred": -2,
      "overground/main/desert-climate/desertclimate-o3-yapludepatte-0101": -2,
      "overground/main/desert-climate/femuroasiso6": -6,
      "overground/main/desert-climate/mixco-viejo-o6-yapludepatte": -5,
      "overground/main/desert-climate/lzmalpyramid-o6-1": -5,
      "overground/main/desert-climate/desertruin1-virrno-o4": -4,
      "overground/main/desert-climate/desertruin2-virrno-o4": -3,
      "overground/main/desert-climate/wildwest1-virrno-o4": -4,
      "overground/main/desert-climate/desertclimate-o4-femursnapper-japoasis": -3,
      "overground/main/village-desert/desertvillage-par-o2-0102": -2,
      "overground/main/village-desert/desertvillage-par-o2-0103": -2,
      "overground/main/village-desert/desertvillage-par-o2-0105": -2,
      "overground/main/village-desert/desertvillage-par-o2-0106": -2,
      "overground/main/village-desert/desertvillage-par-o3-0104": -3,
      "overground/main/village-desert/desertvillage-par-o6-0101": -6,
      "overground/main/village-forest/all/village-forest-0101-o3-par": -3,
      "overground/main/village-forest/all/village-forest-0102-o3-par": -3,
      "overground/main/village-forest/all/village-forest-0103-o3-par": -3,
      "overground/main/village-forest/all/village-forest-0104-o3-virrno": -3,
      "overground/main/village-forest/all/village-forest-0105-o3-virrno": -3,
      "overground/main/village-forest/all/village-forest-0106-o3-virrno": -3,
      "overground/main/village-forest/all/village-forest-0107-o3-virrno": -3,
      "overground/main/village-forest/all/village-forest-0108-o3-virrno": -3,
      "overground/main/village-forest/all/village-forest-0109-o3-virrno": -3,
      "overground/main/village-forest/all/village-forest-0110-o3-virrno": -3,
      "overground/main/village-forest/all/village-forest-0111-o3-virrno": -3,
      "overground/main/village-forest/all/village-forest-0201-o3-virrno": -3,
      "overground/main/village-forest/all/village-forest-0202-o3-par": -3,
      "overground/main/village-forest/all/village-forest-0203-o3-par": -3,
      "overground/main/village-forest/all/village-forest-0204-o3-par": -3,
      "overground/main/village-forest/all/village-forest-0205-o3-par": -3,
      "overground/main/village-forest/all/village-forest-0206-o3-virrno": -3,
      "overground/main/village-forest/all/village-forest-0207-o3-virrno": -3,
      "overground/main/village-forest/all/village-forest-0208-o3-virrno": -3,
      "overground/main/village-forest/all/village-forest-0209-o5-virrno": -5,
      "overground/main/village-forest/all/village-forest-0210-o6-virrno": -6,
      "overground/main/village-forest/all/village-forest-0211-o5-par": -4,
      "overground/main/village-forest/all/village-forest-0301-o3-virrno": -3,
      "overground/main/village-forest/all/village-forest-0302-o10-virrno": -10,
      "overground/main/village-forest/all/village-forest-0303-o9-virrno": -9,
      "overground/main/village-forest/all/village-forest-0304-o8-virrno": -8,
      "overground/main/village-forest/all/village-forest-0305-o3-ifoz": -3,
      "overground/main/village-forest/windmills/village-forest-0401-o3-virrno": -3,
      "overground/main/village-forest/windmills/village-forest-0402-o3-virrno": -3,
      "overground/main/village-forest/windmills/village-forest-0403-o3-virrno": -3,
      "overground/main/largeruins/0101-femursnapper-largeruin-o7": -5,
      "overground/main/largeruins/0102-femursnapper-largeruin-o7": -6,
      "overground/main/largeruins/0103-femursnapper-largeruin-o7": -6,
      "overground/main/largeruins/0104-freianofvoid-largeruin-o7": -8,
      "overground/main/largeruins/0701-femursnapper-largeruin-o4": -4,
      "overground/main/largeruins/0702-femursnapper-largeruin-o4": -4,
      "overground/main/largeruins/0105-dampus-largeruin-o7": -6,
      "overground/main/largeruins/0106-niclass-largeruin-o7": -6,
      "overground/main/largeruins/0107-niclass-largeruin-o7": -6,
      "overground/main/largeruins/0201-ifoz-largeruin-o11": -10,
      "overground/main/largeruins/0202-ifoz-largeruin-o11": -10,
      "overground/main/largeruins/0203-ifoz-largeruin-o11": -10,
      "overground/main/largeruins/0204-niclass-largeruin-o7": -6,
      "overground/main/largeruins/0205-niclass-largeruin-o7": -6,
      "overground/main/largeruins/0206-samgrey-largeruin-o7": -6,
      "overground/main/largeruins/0207-samgrey-largeruin-o7": -6,
      "overground/main/largeruins/0208-samgrey-largeruin-o7": -6,
      "overground/main/largeruins/0401-samgrey-largeruin-o7": -6,
      "overground/main/largeruins/0402-vil-largeruin-o7": -6,
      "overground/main/largeruins/0403-vil-largeruin-o7": -6,
      "overground/main/largeruins/0404-vil-largeruin-o7": -6,
      "overground/main/largeruins/0405-vil-largeruin-o7": -6,
      "overground/main/largeruins/0406-vil-largeruin-o7": -6,
      "overground/main/largeruins/0407-virrno-largeruin-o7": -6,
      "overground/main/largeruins/0408-virrno-largeruin-o7": -6,
      "overground/main/largeruins/0501-freianofvoid-largeruin-o10": -10,
      "overground/main/largeruins/0601-sirayne-largeruin-o7": -7,
      "overground/main/largeruins/0602-sirayne-largeruin-o7": -7,
      "overground/main/largeruins/0603-sirayne-largeruin-o7": -7,
      "overground/main/largeruins/0604-sirayne-largeruin-o7": -5,
      "overground/main/largeruins/0605-sirayne-largeruin-o7": -6,
      "overground/main/largeruins/0606-sirayne-largeruin-o7": -6,
      "overground/main/largeruins/0607-sirayne-largeruin-o7": -6,
      "overground/main/largeruins/0608-sirayne-largeruin-o7": -6,
      "overground/main/largeruins/0609-sirayne-largeruin-o7": -7,
      "overground/main/largeruins/0610-sirayne-largeruin-o6": -6,
      "overground/main/largeruins/0611-sirayne-largeruin-o6": -6,
      "overground/main/largeruins/0612-sirayne-largeruin-o6": -6,
      "overground/main/largeruins/0613-sirayne-largeruin-o11": -11,
      "overground/main/largeruins/0614-sirayne-largeruin-o6": -4,
      "overground/main/largeruins/0615-sirayne-largeruin-o6": -4,
      "overground/main/largeruins/0617-sirayne-largeruin-o4": -3,
      "overground/main/largeruins/0801-par-largeruin-o5": -4,
      "overground/main/largeruins/0802-par-largeruin-o5": -4,
      "overground/main/largeruins/0108-dampus-largeruin-o8": -8,
      "overground/main/largeruins/0901-rowlyart-largeruin-o4": -3,
      "overground/main/largeruins/1001-ace-roadsideinn-largeruin-o6": -6,
      "overground/main/mediumruins/mediumruins-bell-o1-0304": -1,
      "overground/main/mediumruins/mediumruins-dampus-o1-0804": -1,
      "overground/main/mediumruins/mediumruins-dampus-o1-0904": -1,
      "overground/main/mediumruins/mediumruins-dampus-o2-0503": -2,
      "overground/main/mediumruins/mediumruins-dampus-o2-0603": -2,
      "overground/main/mediumruins/mediumruins-dampus-o2-0704": -2,
      "overground/main/mediumruins/mediumruins-niclass-o2-0101": -2,
      "overground/main/mediumruins/mediumruins-niclass-o2-0102": -2,
      "overground/main/mediumruins/mediumruins-niclass-o2-0202": -2,
      "overground/main/mediumruins/mediumruins-niclass-o2-0301": -2,
      "overground/main/mediumruins/mediumruins-niclass-o2-0302": -2,
      "overground/main/mediumruins/mediumruins-niclass-o2-0303": -2,
      "overground/main/mediumruins/mediumruins-niclass-o2-0401": -2,
      "overground/main/mediumruins/mediumruins-femursnapper-o2-1009": -2,
      "overground/main/mediumruins/mediumruins-femursnapper-o2-1008": -2,
      "overground/main/mediumruins/mediumruins-femursnapper-o4-1007": -4,
      "overground/main/mediumruins/mediumruins-femursnapper-o4-1006": -4,
      "overground/main/mediumruins/mediumruins-femursnapper-o5-1005": -4,
      "overground/main/mediumruins/mediumruins-femursnapper-o3-1004": -3,
      "overground/main/mediumruins/mediumruins-femursnapper-o3-1003": -3,
      "overground/main/mediumruins/mediumruins-femursnapper-o3-1002": -3,
      "overground/main/mediumruins/mediumruins-femursnapper-o4-1001": -3,  
      "overground/main/mediumruins/mediumruins-niclass-o2-0402": -2,
      "overground/main/mediumruins/mediumruins-niclass-o2-0403": -2,
      "overground/main/mediumruins/mediumruins-niclass-o2-0501": -2,
      "overground/main/mediumruins/mediumruins-niclass-o2-0502": -2,
      "overground/main/mediumruins/mediumruins-niclass-o2-0601": -2,
      "overground/main/mediumruins/mediumruins-niclass-o2-0602": -2,
      "overground/main/mediumruins/mediumruins-niclass-o2-0701": -2,
      "overground/main/mediumruins/mediumruins-niclass-o2-0801": -2,
      "overground/main/mediumruins/mediumruins-niclass-o2-0802": -2,
      "overground/main/mediumruins/mediumruins-niclass-o2-0901": -2,
      "overground/main/mediumruins/mediumruins-niclass-o2-0902": -2,
      "overground/main/mediumruins/mediumruins-niclass-o3-0201": -3,
      "overground/main/mediumruins/mediumruins-niclass-o3-0203": -3,
      "overground/main/mediumruins/mediumruins-niclass-o3-0702": -3,
      "overground/main/mediumruins/mediumruins-vil-o2-0103": -2,
      "overground/main/mediumruins/mediumruins-vil-o3-0703": -3,
      "overground/main/mediumruins/mediumruins-vil-o3-0803": -2,
      "overground/main/mediumruins/mediumruins-vil-o3-0903": -3,
      "overground/main/mediumruins/mediumruins-ogdred-o14-0404": -14,
      "overground/main/mediumruins/mediumruins-freian-o2-0105": -2,
      "overground/main/mediumruins/mediumruins-freian-o2-0205": -1,
      "overground/main/mediumruins/mediumruins-freian-o6-0305": -6,
      "overground/main/mediumruins/mediumruins-freian-o22-0504": -22,
      "overground/main/mediumruins/mediumruins-stadrian-o3-0505": -3,
      "overground/main/mediumruins/mediumruins-sirayne-o4-0801": -4,
      "overground/main/mediumruins/normalruin-virrno-o4": -4,
      "overground/main/mediumruins/0616-sirayne-mediumruin-o5": -5,
      "overground/main/mediumruins/mediumruins-grendelbiter-o4-1101": -3,
      "overground/main/mediumruins/mediumruins-bellcross-o2-1301": -2,
      "overground/main/mediumruins/mediumruins-rowlyart-o3-1201": -3,
      "overground/main/mediumruins/mediumruins-nybygget-o3-1501": -3,
      "overground/main/mediumruins/mediumruins-femursnapper-o3-1010": -3,
      "overground/main/village-paths/normal/road-niclass-o1-0101": -1,
      "overground/main/village-paths/normal/road-niclass-o1-0102": -1,
      "overground/main/village-paths/normal/road-niclass-o1-0103": -1,
      "overground/main/village-paths/normal/road-niclass-o1-0104": -1,
      "overground/main/village-paths/normal/road-niclass-o1-0105": -1,
      "overground/main/village-paths/normal/road-niclass-o1-0106": -1,
      "overground/main/village-paths/normal/road-niclass-o1-0107": -1,
      "overground/main/village-paths/normal/road-niclass-o1-0201": -1,
      "overground/main/village-paths/normal/road-niclass-o1-0202": -1,
      "overground/main/village-paths/normal/road-niclass-o1-0203": -1,
      "overground/main/village-paths/normal/road-niclass-o1-0204": -1,
      "overground/main/village-paths/aged/village-paths-0101-o3-niclass": -3,
      "overground/main/village-paths/aged/village-paths-0102-o3-niclass": -3,
      "overground/main/village-paths/aged/village-paths-0103-o3-niclass": -3,
      "overground/main/village-paths/aged/village-paths-0104-o3-niclass": -3,
      "overground/main/village-paths/aged/village-paths-0105-o3-niclass": -3,
      "overground/main/village-paths/aged/village-paths-0106-o3-niclass": -3,
      "overground/main/village-paths/aged/village-paths-0107-o3-niclass": -3,
      "overground/main/village-paths/aged/village-paths-0201-o3-niclass": -3,
      "overground/main/village-paths/aged/village-paths-0202-o3-niclass": -3,
      "overground/main/village-paths/aged/village-paths-0203-o3-niclass": -3,
      "overground/main/village-paths/aged/village-paths-0204-o3-niclass": -3,
        "overground/main/translocators/o1/translocator-niclass-o1-0101": -1,
      "overground/main/translocators/o1/translocator-niclass-o1-0102": -1,
      "overground/main/translocators/o1/translocator-niclass-o1-0103": -1,
      "overground/main/translocators/o1/translocator-niclass-o1-0104": -1,
      "overground/main/translocators/o2/translocator-niclass-o2-0201": -2,
      "overground/main/translocators/o2/translocator-niclass-o2-0203": -2,
      "overground/main/translocators/o2/translocator-niclass-o2-0204": -2,
      "overground/main/translocators/o2/translocator-niclass-o2-0205": -2,
      "overground/main/translocators/o2/translocator-niclass-o2-0206": -2,
      "overground/main/translocators/o2/translocator-niclass-o2-0207": -2,
      "overground/main/translocators/o2/translocator-niclass-o2-0208": -2,
      "overground/main/translocators/o2/translocator-niclass-o2-0209": -2,
      "overground/main/translocators/o2/translocator-niclass-o2-0210": -2,
      "overground/main/translocators/o2/translocator-niclass-o2-0211": -2,
      "overground/main/translocators/o2/translocator-niclass-o2-0212": -2,
      "overground/main/translocators/o4/translocator-niclass-o4-0301": -4,
      "overground/main/translocators/o4/translocator-niclass-o4-0302": -4,
      "overground/main/translocators/o4/translocator-sirayne-o4-1003": -4,
      "overground/main/translocators/o4/translocator-sirayne-o4-1002": -4,
      "overground/main/translocators/o4/translocator-sirayne-o4-1001": -4,
      "overground/main/village-vsvillage/houses/village-vsvillage-0105-o2-niclass": -2,
      "overground/main/village-vsvillage/houses/village-vsvillage-0106-o2-niclass": -2,
      "overground/main/village-vsvillage/houses/village-vsvillage-0107-o2-niclass": -2,
      "overground/main/village-vsvillage/houses/village-vsvillage-0108-o2-niclass": -2,
      "overground/main/village-vsvillage/houses/village-vsvillage-0201-o1-niclass": -1,
      "overground/main/village-vsvillage/houses/village-vsvillage-0202-o1-niclass": -1,
      "overground/main/village-vsvillage/houses/village-vsvillage-0203-o2-niclass": -2,
      "overground/main/village-vsvillage/houses/village-vsvillage-0204-o2-niclass": -2,
      "overground/main/village-vsvillage/houses/village-vsvillage-0205-o2-niclass": -2,
      "overground/main/village-vsvillage/houses/village-vsvillage-0206-o2-niclass": -2,
      "overground/main/village-vsvillage/houses/village-vsvillage-0207-o2-niclass": -2,
      "overground/main/village-vsvillage/houses/village-vsvillage-0208-o2-niclass": -2,
      "overground/main/village-vsvillage/houses/village-vsvillage-0209-o2-niclass": -2,
      "overground/main/village-vsvillage/mainbuildings/village-vsvillage-0103-o3-niclass": -3,
      "overground/main/village-vsvillage/wallsegments/village-vsvillage-0101-o2-niclass": -2,
      "overground/main/village-vsvillage/wallsegments/village-vsvillage-0102-o2-niclass": -2,
      "overground/main/village-vsvillage/wallsegments/research_outpost_1_o7": -7,
      "overground/main/village-vsvillage/wallsegments2/village-vsvillage-0801-o1-sirayne": -1,
      "overground/main/village-vsvillage/wallsegments2/village-vsvillage-0802-o1-sirayne": -1,
      "overground/main/village-vsvillage/wallsegments2/village-vsvillage-0803-o1-sirayne": -1,
      "overground/main/village-vsvillage/wallsegments2/village-vsvillage-0804-o2-sirayne": -2,
      "overground/main/village-vsvillage/wells/village-vsvillage-0104-o10-niclass": -10,
      "overground/main/village-prison/prison-1-long": -2,
      "overground/main/village-prison/prison-2-big": -2,
      "overground/main/village-prison/prison-3-medium": -2,
      "overground/main/village-prison/prison-4-smalldestroyed": -2,
      "overground/main/village-prison/prison-5-field": -2,
      "overground/main/village-prison/prison-6-tinyroad": -2,
      "overground/main/village-prison/prison-7-road": -2,
      "overground/main/village-prison/prison-8-road": -2,
      "overground/main/village-prison/prison-9-road": -2,
      "overground/main/village-samsvillage-fireclay/01/village-samsvillage-0101-o3-samgray": -3,
      "overground/main/village-samsvillage-fireclay/01/village-samsvillage-0102-o3-samgray": -3,
      "overground/main/village-samsvillage-fireclay/01/village-samsvillage-0103-o3-samgray": -3,
      "overground/main/village-samsvillage-fireclay/01/village-samsvillage-0104-o3-samgray": -3,
      "overground/main/village-samsvillage-fireclay/01/village-samsvillage-0105-o3-samgray": -3,
      "overground/main/village-samsvillage-fireclay/01/village-samsvillage-0106-o3-samgray": -3,
      "overground/main/village-samsvillage-fireclay/01/village-samsvillage-0107-o3-samgray": -3,
      "overground/main/village-samsvillage-fireclay/01/village-samsvillage-0108-o3-samgray": -3,
      "overground/main/village-samsvillage-fireclay/01/village-samsvillage-0109-o3-samgray": -3,
      "overground/main/village-samsvillage-fireclay/02/village-samsvillage-0201-o3-samgray": -3,
      "overground/main/village-samsvillage-fireclay/02/village-samsvillage-0202-o3-samgray": -3,
      "overground/main/village-samsvillage-fireclay/02/village-samsvillage-0203-o3-samgray": -3,
      "overground/main/village-samsvillage-fireclay/02/village-samsvillage-0204-o3-samgray": -3,
      "overground/main/village-samsvillage-fireclay/02/village-samsvillage-0205-o3-samgray": -3,
      "overground/main/village-samsvillage-fireclay/02/village-samsvillage-0206-o3-samgray": -3,
      "overground/main/village-samsvillage-fireclay/02/village-samsvillage-0207-o3-samgray": -3,
      "overground/main/village-samsvillage-fireclay/02/village-samsvillage-0208-o3-samgray": -3,
      "overground/main/village-samsvillage-fireclay/03/village-samsvillage-0301-o3-samgray": -3,
      "overground/main/village-samsvillage-fireclay/03/village-samsvillage-0302-o3-samgray": -3,
      "overground/main/village-samsvillage-fireclay/03/village-samsvillage-0303-o3-samgray": -3,
      "overground/main/village-samsvillage-fireclay/03/village-samsvillage-0304-o3-samgray": -3,
      "overground/main/village-samsvillage-fireclay/04/village-samsvillage-0401-o3-samgray": -3,
      "overground/main/village-samsvillage-fireclay/04/village-samsvillage-0402-o3-samgray": -3,
      "overground/main/village-samsvillage-fireclay/04/village-samsvillage-0403-o3-samgray": -3,
      "overground/main/village-samsvillage-fireclay/05/village-samsvillage-0501-o3-samgray": -3,
      "overground/main/village-samsvillage-fireclay/05/village-samsvillage-0502-o3-samgray": -3,
      "overground/main/village-samsvillage-fireclay/05/village-samsvillage-0503-o3-samgray": -3,
      "overground/main/village-samsvillage-fireclay/05/village-samsvillage-0504-o3-samgray": -3,
      "overground/main/village-samsvillage-fireclay/06/village-samsvillage-0601-o3-samgray": -3,
      "overground/main/village-samsvillage-fireclay/06/village-samsvillage-0602-o3-samgray": -3,
      "overground/main/village-samsvillage-fireclay/06/village-samsvillage-0603-o3-samgray": -3,
      "overground/main/village-samsvillage-fireclay/06/village-samsvillage-0604-o3-samgray": -3,
      "overground/main/village-samsvillage-fireclay/07/village-samsvillage-0701-o3-samgray": -3,
      "overground/main/village-samsvillage-fireclay/07/village-samsvillage-0702-o3-samgray": -3,
      "overground/main/village-samsvillage-fireclay/07/village-samsvillage-0703-o3-samgray": -3,
      "overground/main/village-samsvillage-fireclay/07/village-samsvillage-0704-o3-samgray": -3,
      "overground/main/village-samsvillage-fireclay/08/village-samsvillage-0801-o3-samgray": -3,
      "overground/main/village-samsvillage-fireclay/08/village-samsvillage-0802-o3-samgray": -3,
      "overground/main/village-samsvillage-fireclay/08/village-samsvillage-0803-o3-samgray": -3,
      "overground/main/village-samsvillage-fireclay/08/village-samsvillage-0804-o3-samgray": -3,

      "overground/main/village-samsvillage-orangeclay/01/village-samsvillage-0101-o3-samgray": -3,
      "overground/main/village-samsvillage-orangeclay/01/village-samsvillage-0102-o3-samgray": -3,
      "overground/main/village-samsvillage-orangeclay/01/village-samsvillage-0103-o3-samgray": -3,
      "overground/main/village-samsvillage-orangeclay/01/village-samsvillage-0104-o3-samgray": -3,
      "overground/main/village-samsvillage-orangeclay/01/village-samsvillage-0105-o3-samgray": -3,
      "overground/main/village-samsvillage-orangeclay/01/village-samsvillage-0106-o3-samgray": -3,
      "overground/main/village-samsvillage-orangeclay/01/village-samsvillage-0107-o3-samgray": -3,
      "overground/main/village-samsvillage-orangeclay/01/village-samsvillage-0108-o3-samgray": -3,
      "overground/main/village-samsvillage-orangeclay/01/village-samsvillage-0109-o3-samgray": -3,
      "overground/main/village-samsvillage-orangeclay/02/village-samsvillage-0201-o3-samgray": -3,
      "overground/main/village-samsvillage-orangeclay/02/village-samsvillage-0202-o3-samgray": -3,
      "overground/main/village-samsvillage-orangeclay/02/village-samsvillage-0203-o3-samgray": -3,
      "overground/main/village-samsvillage-orangeclay/02/village-samsvillage-0204-o3-samgray": -3,
      "overground/main/village-samsvillage-orangeclay/02/village-samsvillage-0205-o3-samgray": -3,
      "overground/main/village-samsvillage-orangeclay/02/village-samsvillage-0206-o3-samgray": -3,
      "overground/main/village-samsvillage-orangeclay/02/village-samsvillage-0207-o3-samgray": -3,
      "overground/main/village-samsvillage-orangeclay/02/village-samsvillage-0208-o3-samgray": -3,
      "overground/main/village-samsvillage-orangeclay/03/village-samsvillage-0301-o3-samgray": -3,
      "overground/main/village-samsvillage-orangeclay/03/village-samsvillage-0302-o3-samgray": -3,
      "overground/main/village-samsvillage-orangeclay/03/village-samsvillage-0303-o3-samgray": -3,
      "overground/main/village-samsvillage-orangeclay/03/village-samsvillage-0304-o3-samgray": -3,
      "overground/main/village-samsvillage-orangeclay/04/village-samsvillage-0401-o3-samgray": -3,
      "overground/main/village-samsvillage-orangeclay/04/village-samsvillage-0402-o3-samgray": -3,
      "overground/main/village-samsvillage-orangeclay/04/village-samsvillage-0403-o3-samgray": -3,
      "overground/main/village-samsvillage-orangeclay/05/village-samsvillage-0501-o3-samgray": -3,
      "overground/main/village-samsvillage-orangeclay/05/village-samsvillage-0502-o3-samgray": -3,
      "overground/main/village-samsvillage-orangeclay/05/village-samsvillage-0503-o3-samgray": -3,
      "overground/main/village-samsvillage-orangeclay/05/village-samsvillage-0504-o3-samgray": -3,
      "overground/main/village-samsvillage-orangeclay/06/village-samsvillage-0601-o3-samgray": -3,
      "overground/main/village-samsvillage-orangeclay/06/village-samsvillage-0602-o3-samgray": -3,
      "overground/main/village-samsvillage-orangeclay/06/village-samsvillage-0603-o3-samgray": -3,
      "overground/main/village-samsvillage-orangeclay/06/village-samsvillage-0604-o3-samgray": -3,
      "overground/main/village-samsvillage-orangeclay/07/village-samsvillage-0701-o3-samgray": -3,
      "overground/main/village-samsvillage-orangeclay/07/village-samsvillage-0702-o3-samgray": -3,
      "overground/main/village-samsvillage-orangeclay/07/village-samsvillage-0703-o3-samgray": -3,
      "overground/main/village-samsvillage-orangeclay/07/village-samsvillage-0704-o3-samgray": -3,
      "overground/main/village-samsvillage-orangeclay/08/village-samsvillage-0801-o3-samgray": -3,
      "overground/main/village-samsvillage-orangeclay/08/village-samsvillage-0802-o3-samgray": -3,
      "overground/main/village-samsvillage-orangeclay/08/village-samsvillage-0803-o3-samgray": -3,
      "overground/main/village-samsvillage-orangeclay/08/village-samsvillage-0804-o3-samgray": -3,

      "overground/main/village-samsvillage-redclay/01/village-samsvillage-0101-o3-samgray": -3,
      "overground/main/village-samsvillage-redclay/01/village-samsvillage-0102-o3-samgray": -3,
      "overground/main/village-samsvillage-redclay/01/village-samsvillage-0103-o3-samgray": -3,
      "overground/main/village-samsvillage-redclay/01/village-samsvillage-0104-o3-samgray": -3,
      "overground/main/village-samsvillage-redclay/01/village-samsvillage-0105-o3-samgray": -3,
      "overground/main/village-samsvillage-redclay/01/village-samsvillage-0106-o3-samgray": -3,
      "overground/main/village-samsvillage-redclay/01/village-samsvillage-0107-o3-samgray": -3,
      "overground/main/village-samsvillage-redclay/01/village-samsvillage-0108-o3-samgray": -3,
      "overground/main/village-samsvillage-redclay/01/village-samsvillage-0109-o3-samgray": -3,
      "overground/main/village-samsvillage-redclay/02/village-samsvillage-0201-o3-samgray": -3,
      "overground/main/village-samsvillage-redclay/02/village-samsvillage-0202-o3-samgray": -3,
      "overground/main/village-samsvillage-redclay/02/village-samsvillage-0203-o3-samgray": -3,
      "overground/main/village-samsvillage-redclay/02/village-samsvillage-0204-o3-samgray": -3,
      "overground/main/village-samsvillage-redclay/02/village-samsvillage-0205-o3-samgray": -3,
      "overground/main/village-samsvillage-redclay/02/village-samsvillage-0206-o3-samgray": -3,
      "overground/main/village-samsvillage-redclay/02/village-samsvillage-0207-o3-samgray": -3,
      "overground/main/village-samsvillage-redclay/02/village-samsvillage-0208-o3-samgray": -3,
      "overground/main/village-samsvillage-redclay/03/village-samsvillage-0301-o3-samgray": -3,
      "overground/main/village-samsvillage-redclay/03/village-samsvillage-0302-o3-samgray": -3,
      "overground/main/village-samsvillage-redclay/03/village-samsvillage-0303-o3-samgray": -3,
      "overground/main/village-samsvillage-redclay/03/village-samsvillage-0304-o3-samgray": -3,
      "overground/main/village-samsvillage-redclay/04/village-samsvillage-0401-o3-samgray": -3,
      "overground/main/village-samsvillage-redclay/04/village-samsvillage-0402-o3-samgray": -3,
      "overground/main/village-samsvillage-redclay/04/village-samsvillage-0403-o3-samgray": -3,
      "overground/main/village-samsvillage-redclay/05/village-samsvillage-0501-o3-samgray": -3,
      "overground/main/village-samsvillage-redclay/05/village-samsvillage-0502-o3-samgray": -3,
      "overground/main/village-samsvillage-redclay/05/village-samsvillage-0503-o3-samgray": -3,
      "overground/main/village-samsvillage-redclay/05/village-samsvillage-0504-o3-samgray": -3,
      "overground/main/village-samsvillage-redclay/06/village-samsvillage-0601-o3-samgray": -3,
      "overground/main/village-samsvillage-redclay/06/village-samsvillage-0602-o3-samgray": -3,
      "overground/main/village-samsvillage-redclay/06/village-samsvillage-0603-o3-samgray": -3,
      "overground/main/village-samsvillage-redclay/06/village-samsvillage-0604-o3-samgray": -3,
      "overground/main/village-samsvillage-redclay/07/village-samsvillage-0701-o3-samgray": -3,
      "overground/main/village-samsvillage-redclay/07/village-samsvillage-0702-o3-samgray": -3,
      "overground/main/village-samsvillage-redclay/07/village-samsvillage-0703-o3-samgray": -3,
      "overground/main/village-samsvillage-redclay/07/village-samsvillage-0704-o3-samgray": -3,
      "overground/main/village-samsvillage-redclay/08/village-samsvillage-0801-o3-samgray": -3,
      "overground/main/village-samsvillage-redclay/08/village-samsvillage-0802-o3-samgray": -3,
      "overground/main/village-samsvillage-redclay/08/village-samsvillage-0803-o3-samgray": -3,
      "overground/main/village-samsvillage-redclay/08/village-samsvillage-0804-o3-samgray": -3,


      "overground/main/village-samsvillage-creamclay/01/village-samsvillage-0101-o3-samgray": -3,
      "overground/main/village-samsvillage-creamclay/01/village-samsvillage-0102-o3-samgray": -3,
      "overground/main/village-samsvillage-creamclay/01/village-samsvillage-0103-o3-samgray": -3,
      "overground/main/village-samsvillage-creamclay/01/village-samsvillage-0104-o3-samgray": -3,
      "overground/main/village-samsvillage-creamclay/01/village-samsvillage-0105-o3-samgray": -3,
      "overground/main/village-samsvillage-creamclay/01/village-samsvillage-0106-o3-samgray": -3,
      "overground/main/village-samsvillage-creamclay/01/village-samsvillage-0107-o3-samgray": -3,
      "overground/main/village-samsvillage-creamclay/01/village-samsvillage-0108-o3-samgray": -3,
      "overground/main/village-samsvillage-creamclay/01/village-samsvillage-0109-o3-samgray": -3,
      "overground/main/village-samsvillage-creamclay/02/village-samsvillage-0201-o3-samgray": -3,
      "overground/main/village-samsvillage-creamclay/02/village-samsvillage-0202-o3-samgray": -3,
      "overground/main/village-samsvillage-creamclay/02/village-samsvillage-0203-o3-samgray": -3,
      "overground/main/village-samsvillage-creamclay/02/village-samsvillage-0204-o3-samgray": -3,
      "overground/main/village-samsvillage-creamclay/02/village-samsvillage-0205-o3-samgray": -3,
      "overground/main/village-samsvillage-creamclay/02/village-samsvillage-0206-o3-samgray": -3,
      "overground/main/village-samsvillage-creamclay/02/village-samsvillage-0207-o3-samgray": -3,
      "overground/main/village-samsvillage-creamclay/02/village-samsvillage-0208-o3-samgray": -3,
      "overground/main/village-samsvillage-creamclay/03/village-samsvillage-0301-o3-samgray": -3,
      "overground/main/village-samsvillage-creamclay/03/village-samsvillage-0302-o3-samgray": -3,
      "overground/main/village-samsvillage-creamclay/03/village-samsvillage-0303-o3-samgray": -3,
      "overground/main/village-samsvillage-creamclay/03/village-samsvillage-0304-o3-samgray": -3,
      "overground/main/village-samsvillage-creamclay/04/village-samsvillage-0401-o3-samgray": -3,
      "overground/main/village-samsvillage-creamclay/04/village-samsvillage-0402-o3-samgray": -3,
      "overground/main/village-samsvillage-creamclay/04/village-samsvillage-0403-o3-samgray": -3,
      "overground/main/village-samsvillage-creamclay/05/village-samsvillage-0501-o3-samgray": -3,
      "overground/main/village-samsvillage-creamclay/05/village-samsvillage-0502-o3-samgray": -3,
      "overground/main/village-samsvillage-creamclay/05/village-samsvillage-0503-o3-samgray": -3,
      "overground/main/village-samsvillage-creamclay/05/village-samsvillage-0504-o3-samgray": -3,
      "overground/main/village-samsvillage-creamclay/06/village-samsvillage-0601-o3-samgray": -3,
      "overground/main/village-samsvillage-creamclay/06/village-samsvillage-0602-o3-samgray": -3,
      "overground/main/village-samsvillage-creamclay/06/village-samsvillage-0603-o3-samgray": -3,
      "overground/main/village-samsvillage-creamclay/06/village-samsvillage-0604-o3-samgray": -3,
      "overground/main/village-samsvillage-creamclay/07/village-samsvillage-0701-o3-samgray": -3,
      "overground/main/village-samsvillage-creamclay/07/village-samsvillage-0702-o3-samgray": -3,
      "overground/main/village-samsvillage-creamclay/07/village-samsvillage-0703-o3-samgray": -3,
      "overground/main/village-samsvillage-creamclay/07/village-samsvillage-0704-o3-samgray": -3,
      "overground/main/village-samsvillage-creamclay/08/village-samsvillage-0801-o3-samgray": -3,
      "overground/main/village-samsvillage-creamclay/08/village-samsvillage-0802-o3-samgray": -3,
      "overground/main/village-samsvillage-creamclay/08/village-samsvillage-0803-o3-samgray": -3,
      "overground/main/village-samsvillage-creamclay/08/village-samsvillage-0804-o3-samgray": -3,


      "overground/main/village-samsvillage-blackclay/01/village-samsvillage-0101-o3-samgray": -3,
      "overground/main/village-samsvillage-blackclay/01/village-samsvillage-0102-o3-samgray": -3,
      "overground/main/village-samsvillage-blackclay/01/village-samsvillage-0103-o3-samgray": -3,
      "overground/main/village-samsvillage-blackclay/01/village-samsvillage-0104-o3-samgray": -3,
      "overground/main/village-samsvillage-blackclay/01/village-samsvillage-0105-o3-samgray": -3,
      "overground/main/village-samsvillage-blackclay/01/village-samsvillage-0106-o3-samgray": -3,
      "overground/main/village-samsvillage-blackclay/01/village-samsvillage-0107-o3-samgray": -3,
      "overground/main/village-samsvillage-blackclay/01/village-samsvillage-0108-o3-samgray": -3,
      "overground/main/village-samsvillage-blackclay/01/village-samsvillage-0109-o3-samgray": -3,
      "overground/main/village-samsvillage-blackclay/02/village-samsvillage-0201-o3-samgray": -3,
      "overground/main/village-samsvillage-blackclay/02/village-samsvillage-0202-o3-samgray": -3,
      "overground/main/village-samsvillage-blackclay/02/village-samsvillage-0203-o3-samgray": -3,
      "overground/main/village-samsvillage-blackclay/02/village-samsvillage-0204-o3-samgray": -3,
      "overground/main/village-samsvillage-blackclay/02/village-samsvillage-0205-o3-samgray": -3,
      "overground/main/village-samsvillage-blackclay/02/village-samsvillage-0206-o3-samgray": -3,
      "overground/main/village-samsvillage-blackclay/02/village-samsvillage-0207-o3-samgray": -3,
      "overground/main/village-samsvillage-blackclay/02/village-samsvillage-0208-o3-samgray": -3,
      "overground/main/village-samsvillage-blackclay/03/village-samsvillage-0301-o3-samgray": -3,
      "overground/main/village-samsvillage-blackclay/03/village-samsvillage-0302-o3-samgray": -3,
      "overground/main/village-samsvillage-blackclay/03/village-samsvillage-0303-o3-samgray": -3,
      "overground/main/village-samsvillage-blackclay/03/village-samsvillage-0304-o3-samgray": -3,
      "overground/main/village-samsvillage-blackclay/04/village-samsvillage-0401-o3-samgray": -3,
      "overground/main/village-samsvillage-blackclay/04/village-samsvillage-0402-o3-samgray": -3,
      "overground/main/village-samsvillage-blackclay/04/village-samsvillage-0403-o3-samgray": -3,
      "overground/main/village-samsvillage-blackclay/05/village-samsvillage-0501-o3-samgray": -3,
      "overground/main/village-samsvillage-blackclay/05/village-samsvillage-0502-o3-samgray": -3,
      "overground/main/village-samsvillage-blackclay/05/village-samsvillage-0503-o3-samgray": -3,
      "overground/main/village-samsvillage-blackclay/05/village-samsvillage-0504-o3-samgray": -3,
      "overground/main/village-samsvillage-blackclay/06/village-samsvillage-0601-o3-samgray": -3,
      "overground/main/village-samsvillage-blackclay/06/village-samsvillage-0602-o3-samgray": -3,
      "overground/main/village-samsvillage-blackclay/06/village-samsvillage-0603-o3-samgray": -3,
      "overground/main/village-samsvillage-blackclay/06/village-samsvillage-0604-o3-samgray": -3,
      "overground/main/village-samsvillage-blackclay/07/village-samsvillage-0701-o3-samgray": -3,
      "overground/main/village-samsvillage-blackclay/07/village-samsvillage-0702-o3-samgray": -3,
      "overground/main/village-samsvillage-blackclay/07/village-samsvillage-0703-o3-samgray": -3,
      "overground/main/village-samsvillage-blackclay/07/village-samsvillage-0704-o3-samgray": -3,
      "overground/main/village-samsvillage-blackclay/08/village-samsvillage-0801-o3-samgray": -3,
      "overground/main/village-samsvillage-blackclay/08/village-samsvillage-0802-o3-samgray": -3,
      "overground/main/village-samsvillage-blackclay/08/village-samsvillage-0803-o3-samgray": -3,
      "overground/main/village-samsvillage-blackclay/08/village-samsvillage-0804-o3-samgray": -3,

      "overground/main/village-ogdred/main/main1-o2": -2,
      "overground/main/village-ogdred/main/main2-o9": -9,
      "overground/main/village-ogdred/statues/statue1": -1,
      "overground/main/village-ogdred/houses/house1-o5": -4,
      "overground/main/village-ogdred/houses/house2-o2": -2,
      "overground/main/village-ogdred/houses/house3-o6": -5,



      "overground/main/village-femursnapper/chapel1": -4,
      "overground/main/village-femursnapper/galgen1": -4,
      "overground/main/village-femursnapper/house1": -4,
      "overground/main/village-femursnapper/house2": -4,
      "overground/main/village-femursnapper/house3": -4,
      "overground/main/village-femursnapper/house4": -4,
      "overground/main/village-femursnapper/house5": -4,
      "overground/main/village-femursnapper/house6": -4,
      "overground/main/village-femursnapper/house7": -4,
      "overground/main/village-femursnapper/house8": -4,
      "overground/main/village-femursnapper/house9": -4,
      "overground/main/village-femursnapper/ruin1": -4,
      "overground/main/village-femursnapper/ruin2": -4,
      "overground/main/village-femursnapper/ruin3": -4,
      "overground/main/village-femursnapper/wood1": -3,
      "overground/main/village-femursnapper/deco1": -4,
      "overground/main/village-femursnapper/deco2": -4,
      "overground/main/village-femursnapper/deco3": -4,
      "overground/main/village-femursnapper/well1": -7,
      "overground/main/village-femursnapper/house10": -4,



      "overground/main/village-stones-rowlyart/small/small-1-o2": -2,
      "overground/main/village-stones-rowlyart/small/small-2-o3": -3,
      "overground/main/village-stones-rowlyart/small/small-3-o3": -3,
      "overground/main/village-stones-rowlyart/small/small-4-o3": -3,
      "overground/main/village-stones-rowlyart/small/small-5-o4": -4,
      "overground/main/village-stones-rowlyart/small/small-6-o3": -3,
      "overground/main/village-stones-rowlyart/small/small-7-o3": -3,
      "overground/main/village-stones-rowlyart/small/small-8-o4": -4,
      "overground/main/village-stones-rowlyart/small/small-9-o3": -3,
      "overground/main/village-stones-rowlyart/small/small-10-o2": -2,
      "overground/main/village-stones-rowlyart/small/small-11-o2": -2,

      "overground/main/village-stones-rowlyart/medium/medium-1-o4": -4,
      "overground/main/village-stones-rowlyart/medium/medium-2-o4": -4,
      "overground/main/village-stones-rowlyart/medium/medium-3-o4": -4,
      "overground/main/village-stones-rowlyart/medium/medium-4-o4": -4,
      "overground/main/village-stones-rowlyart/medium/medium-5-o4": -4,
      "overground/main/village-stones-rowlyart/medium/medium-6-o5": -5,
      "overground/main/village-stones-rowlyart/medium/medium-7-o5": -5,
      "overground/main/village-stones-rowlyart/medium/medium-8-o4": -3,
      "overground/main/village-stones-rowlyart/medium/medium-9-o3": -3,
      "overground/main/village-stones-rowlyart/medium/medium-10-o3": -3,
      "overground/main/village-stones-rowlyart/medium/medium-11-o4": -4,

      "overground/main/village-stones-rowlyart/large/large-1-o4": -4,
      "overground/main/village-stones-rowlyart/large/large-2-o4": -4,
      "overground/main/village-stones-rowlyart/large/large-3-o4": -4,
      "overground/main/village-stones-rowlyart/large/large-4-o5": -5,
      "overground/main/village-stones-rowlyart/large/large-5-o4": -4


            },
    "file": "game:worldgen/structures.json",
    "side": "Server"
  }
]