{
	"editor": {
		"backDropShape": "entity/animal/mammal/hooved/odocoileini/ozotocerosbezoarticus/adult",
		"allAngles": true,
		"entityTextureMode": true
	},
	"textureWidth": 32,
	"textureHeight": 48,
	"textureSizes": {
		"skin": [32,48]
	},
	"textures": {
		"skin": "entity/animal/mammal/hooved/odocoileini/ozotocerosbezoarticus-adult"
	},
	"elements": [
		{
			"name": "Horn attachment",
			"stepParentName": "head",
			"from": [ 0.0, 2.3, 1.0 ],
			"to": [ 0.7, 3.0, 1.7 ],
			"uv": [ 0.0, 0.0 ],
			"rotationOrigin": [ 0.0, 2.3, 1.0 ],
			"rotationZ": -6.0,
			"faces": {
			},
			"children": [
				{
					"name": "R antler base",
					"from": [ 0.0, 0.0, -1.0 ],
					"to": [ 0.3, 1.0, -0.7 ],
					"unwrapMode": 4,
					"uv": [ 21.5, 46.0 ],
					"rotationOrigin": [ -0.1, 0.5, -0.6 ],
					"rotationX": -10.0,
					"rotationY": -25.0,
					"rotationZ": 25.0,
					"faces": {
						"north": { "texture": "#skin", "uv": [ 21.5, 46.5, 22.0, 47.5 ] },
						"east": { "texture": "#skin", "uv": [ 23.0, 46.5, 23.5, 47.5 ] },
						"south": { "texture": "#skin", "uv": [ 22.5, 46.5, 23.0, 47.5 ] },
						"west": { "texture": "#skin", "uv": [ 22.0, 46.5, 22.5, 47.5 ] },
						"up": { "texture": "#skin", "uv": [ 22.0, 46.0, 22.5, 46.5 ], "rotation": 90 },
						"down": { "texture": "#skin", "uv": [ 22.0, 47.5, 22.5, 48.0 ], "rotation": 90 }
					},
					"children": [
						{
							"name": "R antler branch 1",
							"from": [ 0.05, 1.0, 0.05 ],
							"to": [ 0.25, 2.0, 0.25 ],
							"unwrapMode": 4,
							"uv": [ 21.5, 45.0 ],
							"rotationOrigin": [ 0.05, 1.0, 0.05 ],
							"rotationZ": -5.0,
							"faces": {
								"north": { "texture": "#skin", "uv": [ 21.5, 45.5, 22.0, 46.5 ] },
								"east": { "texture": "#skin", "uv": [ 23.0, 45.5, 23.5, 46.5 ] },
								"south": { "texture": "#skin", "uv": [ 22.5, 45.5, 23.0, 46.5 ] },
								"west": { "texture": "#skin", "uv": [ 22.0, 45.5, 22.5, 46.5 ] },
								"up": { "texture": "#skin", "uv": [ 22.0, 45.0, 22.5, 45.5 ], "rotation": 90 },
								"down": { "texture": "#skin", "uv": [ 22.0, 46.5, 22.5, 47.0 ], "rotation": 90 }
							}
						}
					]
				},
				{
					"name": "L antler base",
					"from": [ 0.0, 0.0, 0.7 ],
					"to": [ 0.3, 1.0, 1.0 ],
					"unwrapMode": 4,
					"uv": [ 19.5, 46.0 ],
					"rotationOrigin": [ -0.1, 0.5, 0.7 ],
					"rotationX": 10.0,
					"rotationY": 25.0,
					"rotationZ": 25.0,
					"faces": {
						"north": { "texture": "#skin", "uv": [ 19.5, 46.5, 20.0, 47.5 ] },
						"east": { "texture": "#skin", "uv": [ 21.0, 46.5, 21.5, 47.5 ] },
						"south": { "texture": "#skin", "uv": [ 20.5, 46.5, 21.0, 47.5 ] },
						"west": { "texture": "#skin", "uv": [ 20.0, 46.5, 20.5, 47.5 ] },
						"up": { "texture": "#skin", "uv": [ 20.0, 46.0, 20.5, 46.5 ], "rotation": 90, "windMode": [-1,-1,-1,-1], "windData": [1,1,1,1] },
						"down": { "texture": "#skin", "uv": [ 20.0, 47.5, 20.5, 48.0 ], "rotation": 90, "windMode": [-1,-1,-1,-1], "windData": [1,1,1,1] }
					},
					"children": [
						{
							"name": "L antler branch 1",
							"from": [ 0.05, 1.0, 0.05 ],
							"to": [ 0.25, 2.0, 0.25 ],
							"unwrapMode": 4,
							"uv": [ 19.5, 45.0 ],
							"rotationOrigin": [ 0.05, 1.0, 0.05 ],
							"rotationZ": -5.0,
							"faces": {
								"north": { "texture": "#skin", "uv": [ 19.5, 45.5, 20.0, 46.5 ] },
								"east": { "texture": "#skin", "uv": [ 21.0, 45.5, 21.5, 46.5 ] },
								"south": { "texture": "#skin", "uv": [ 20.5, 45.5, 21.0, 46.5 ] },
								"west": { "texture": "#skin", "uv": [ 20.0, 45.5, 20.5, 46.5 ] },
								"up": { "texture": "#skin", "uv": [ 20.0, 45.0, 20.5, 45.5 ], "rotation": 90 },
								"down": { "texture": "#skin", "uv": [ 20.0, 46.5, 20.5, 47.0 ], "rotation": 90 }
							}
						}
					]
				}
			]
		}
	]}