[
	{
		"ingredientPattern": "GSG,SHS,GSG",
		"ingredients": {
			"G": { "type": "item", "code": "game:drygrass", "quantity": 2 },
			"H": { "type": "item", "code": "game:hide-scraped-medium" },
			"S": { "type": "item", "code": "game:stick" }
		},
		"width": 3,
		"height": 3,
		"output": { "type": "block", "code": "parchmentpane-scraped-ew", "quantity": 2 }
	},
	{
		"ingredientPattern": "GSG,SHS,GSG",
		"ingredients": {
			"G": { "type": "item", "code": "game:drygrass", "quantity": 2 },
			"H": { "type": "item", "code": "parchment-medium" },
			"S": { "type": "item", "code": "game:stick" }
		},
		"width": 3,
		"height": 3,
		"output": { "type": "block", "code": "parchmentpane-oiled-ew", "quantity": 2 }
	},
	{
		"ingredientPattern": "GSG,SHS,GSG",
		"ingredients": {
			"G": { "type": "item", "code": "game:drygrass", "quantity": 2 },
			"H": { "type": "item", "code": "game:hide-scraped-large" },
			"S": { "type": "item", "code": "game:stick", "quantity": 2 }
		},
		"width": 3,
		"height": 3,
		"output": { "type": "block", "code": "parchmentpane-scraped-ew", "quantity": 4 }
	},
	{
		"ingredientPattern": "GSG,SHS,GSG",
		"ingredients": {
			"G": { "type": "item", "code": "game:drygrass", "quantity": 2 },
			"H": { "type": "item", "code": "parchment-large" },
			"S": { "type": "item", "code": "game:stick", "quantity": 2 }
		},
		"width": 3,
		"height": 3,
		"output": { "type": "block", "code": "parchmentpane-oiled-ew", "quantity": 4 }
	},
	{
		"ingredientPattern": "GSG,SHS,GSG",
		"ingredients": {
			"G": { "type": "item", "code": "game:drygrass", "quantity": 2 },
			"H": { "type": "item", "code": "game:hide-scraped-huge" },
			"S": { "type": "item", "code": "game:stick", "quantity": 4 }
		},
		"width": 3,
		"height": 3,
		"output": { "type": "block", "code": "parchmentpane-scraped-ew", "quantity": 6 }
	},
	{
		"ingredientPattern": "GSG,SHS,GSG",
		"ingredients": {
			"G": { "type": "item", "code": "game:drygrass", "quantity": 2 },
			"H": { "type": "item", "code": "parchment-huge" },
			"S": { "type": "item", "code": "game:stick", "quantity": 4 }
		},
		"width": 3,
		"height": 3,
		"output": { "type": "block", "code": "parchmentpane-oiled-ew", "quantity": 6 }
	}
]




	
	