[
	{
		"name": "Scaffolding (Bamboo) (0)",
		"ingredientPattern": "SSS,SRS,S_S",
		"ingredients": {
			"R": { "type": "item", "code": "game:rope", "quantity": 2 },
			"S": { "type": "item", "code": "game:bamboostakes" }
		},
		"width": 3,
		"height": 3,
		"output": { "type": "block", "code": "scaffolding-bamboo-north", "quantity": 4 }
	},
	{
		"name": "Scaffolding {material} (1)",
		"ingredientPattern": "PPP,PRP,P_P",
		"ingredients": {
			"P": { "type": "item", "code": "game:plank-*", "name": "wuud" },
			"R": { "type": "item", "code": "game:metalnailsandstrips-*", "quantity": 1 }
		},
		"width": 3,
		"height": 3,
		"output": { "type": "block", "code": "scaffolding-{wuud}-north", "quantity": 4 }
	},
	{
		"name": "Scaffolding (Wood) (2)",
		"ingredientPattern": "SSS,SRS,S_S",
		"ingredients": {
			"R": { "type": "item", "code": "game:rope", "quantity": 2 },
			"S": { "type": "item", "code": "game:stick" }
		},
		"width": 3,
		"height": 3,
		"output": { "type": "block", "code": "scaffolding-wood-north", "quantity": 4 }
	}
]