{
  "code": "choppedvegetable-potato",
  "maxstacksize": 64,
  "materialDensity": 600,
  "attributes": {
    "displaycaseable": true,
    "shelvable": true,
    "handbook": { "groupBy": ["choppedvegetable-potato"] },
    "bakingproperties": {
      "temp": 100,
      "levelFrom": 0.0,
      "levelTo": 0.25,
      "startScaleY": 1.0,
      "endScaleY": 1.0,
      "resultCode": "cookedchoppedvegetable-potato-partbaked"
    }
  },

  "texturesByType": {
    "partbaked": {
      "potato": { "base": "item/food/cooked" }
    },
    "charred": {
      "potato": { "base": "item/food/cooked-charred" }
    },
    "perfect": {
      "potato": { "base": "item/food/cooked-perfect" }
    },
    "chopped": {
      "potato": { "base": "item/food/chopped" }
    }
  },

  "shape": { "base": "item/food/chopped/potato" },
  "creativeinventory": {
    "general": ["*"],
    "items": ["*"],
    "expandedfoods": ["*"]
  },
  "nutritionProps": { "satiety": 80, "foodcategory": "Vegetable" },
  "transitionablePropsByType": {
    "*": [
      {
        "type": "Perish",
        "freshHours": { "avg": 380 },
        "spoilHours": { "avg": 48 },
        "transitionedStack": { "type": "item", "code": "game:rot" },
        "transitionRatio": 1
      }
    ]
  },
  "guiTransform": {
    "translation": { "x": 0, "y": 0, "z": 0 },
    "rotation": { "x": -60, "y": 29, "z": 0 },
    "origin": { "x": 0.47, "y": 0, "z": 0.5 },
    "scale": 4,
    "rotate": true
  },
  "tpHandTransform": {
    "translation": { "x": -0.65, "y": -0.14, "z": -0.6 },
    "rotation": { "x": 0, "y": 0, "z": -18 },
    "origin": { "x": 0.5, "y": 0.1, "z": 0.5 },
    "scale": 0.8
  },
  "groundTransform": {
    "translation": { "x": 0, "y": 0, "z": 0 },
    "rotation": { "x": 0, "y": 0, "z": 0 },
    "origin": { "x": 0.47, "y": 0, "z": 0.5 },
    "scale": 4.3
  },
  "combustibleProps": {
    "meltingPoint": 150,
    "meltingDuration": 30,
    "smeltedRatio": 1,
    "smeltingType": "bake",
    "smeltedStack": {
      "type": "item",
      "code": "cookedchoppedvegetable-potato-charred"
    },
    "requiresContainer": false
  }
}
