{
  "code": "choppedvegetable-fries",
  "maxstacksize": 64,
  "materialDensity": 600,
  "attributes": {
    "displaycaseable": true,
    "shelvable": true,
    "handbook": { "groupBy": ["choppedvegetable-fries"] },
    "bakingproperties": {
      "temp": 100,
      "levelFrom": 0.0,
      "levelTo": 0.25,
      "startScaleY": 0.9,
      "endScaleY": 1.0,
      "resultCode": "cookedchoppedvegetable-fries-partbaked"
    }
  },
  "behaviors": [
    {
      "name": "GroundStorable",
      "properties": {
        "layout": "Quadrants",
        "collisionBox": {
          "x1": 0,
          "y1": 0,
          "z1": 0,
          "x2": 1,
          "y2": 0.125,
          "z2": 1
        }
      }
    }
  ],
  "texturesByType": {
    "partbaked": {
      "potato": { "base": "item/food/cooked" }
    },
    "charred": {
      "potato": { "base": "item/food/cooked-charred" }
    },
    "perfect": {
      "potato": { "base": "item/food/cooked-perfect" }
    },
    "chopped": {
      "potato": { "base": "item/food/chopped" }
    }
  },

  "shape": { "base": "item/food/chopped/fries" },
  "creativeinventory": {
    "general": ["*"],
    "items": ["*"],
    "expandedfoods": ["*"],
    "brazilpiratefoods": ["*"]
  },
  "nutritionProps": { "satiety": 80, "foodcategory": "Vegetable" },
  "transitionablePropsByType": {
    "*": [
      {
        "type": "Perish",
        "freshHours": { "avg": 380 },
        "spoilHours": { "avg": 48 },
        "transitionedStack": { "type": "item", "code": "game:rot" },
        "transitionRatio": 1
      }
    ]
  },
  "guiTransform": {
    "translation": { "x": 0, "y": 0, "z": 0 },
    "rotation": { "x": -60, "y": 29, "z": 0 },
    "origin": { "x": 0.47, "y": 0, "z": 0.5 },
    "scale": 3
  },
  "tpHandTransform": {
    "translation": { "x": -0.65, "y": -0.14, "z": -0.6 },
    "rotation": { "x": 0, "y": 0, "z": -18 },
    "origin": { "x": 0.5, "y": 0.1, "z": 0.5 },
    "scale": 0.6
  },
  "groundTransform": {
    "translation": { "x": 0, "y": 0, "z": 0 },
    "rotation": { "x": 0, "y": 0, "z": 0 },
    "origin": { "x": 0.47, "y": 0, "z": 0.5 },
    "scale": 3
  },
  "combustibleProps": {
    "meltingPoint": 150,
    "meltingDuration": 30,
    "smeltedRatio": 1,
    "smeltingType": "bake",
    "smeltedStack": {
      "type": "item",
      "code": "cookedchoppedvegetable-fries-charred"
    },
    "requiresContainer": false
  }
}
