{
	"editor": {
		"collapsedPaths": "",
		"allAngles": true,
		"entityTextureMode": true
	},
	"textureWidth": 36,
	"textureHeight": 44,
	"textureSizes": {
		"skin": [36,44]
	},
	"textures": {
	},
	"elements": [
		{
			"name": "Rotation Point",
			"from": [ 0.0, 0.0, 0.0 ],
			"to": [ 0.0, 0.0, 0.0 ],
			"uv": [ 0.0, 0.0 ],
			"faces": {
			},
			"children": [
				{
					"name": "Base",
					"from": [ 0.0, 0.0, 8.0 ],
					"to": [ 0.0, 0.0, 8.0 ],
					"autoUnwrap": false,
					"uv": [ 0.0, 0.0 ],
					"rotationOrigin": [ 0.0, 0.0, 8.0 ],
					"faces": {
					},
					"children": [
						{
							"name": "PeltBody",
							"from": [ 0.0, 0.0, -1.85 ],
							"to": [ 3.2, 0.462, 1.85 ],
							"unwrapMode": 7,
							"unwrapRotation": 1,
							"autoUnwrap": false,
							"uv": [ 12.0, 63.5 ],
							"rotationOrigin": [ 0.0, 0.0, 0.1 ],
							"faces": {
								"north": { "texture": "#skin", "uv": [ 9.5, 11.0, 10.0, 14.0 ], "rotation": 90, "windMode": [-1,-1,-1,-1] },
								"east": { "texture": "#skin", "uv": [ 14.0, 29.0, 17.5, 29.5 ], "windMode": [-1,-1,-1,-1] },
								"south": { "texture": "#skin", "uv": [ 5.5, 11.0, 6.0, 14.0 ], "rotation": 270, "windMode": [-1,-1,-1,-1] },
								"west": { "texture": "#skin", "uv": [ 10.0, 29.0, 13.5, 29.5 ], "rotation": 180, "windMode": [-1,-1,-1,-1] },
								"up": { "texture": "#skin", "uv": [ 6.0, 11.0, 9.5, 14.0 ], "rotation": 270, "windMode": [-1,-1,-1,-1] },
								"down": { "texture": "#skin", "uv": [ 15.0, 11.0, 18.5, 14.0 ], "rotation": 90, "windMode": [-1,-1,-1,-1] }
							},
							"children": [
								{
									"name": "LBody",
									"from": [ 0.0, 0.011, 3.2 ],
									"to": [ 3.2, 0.451, 9.1 ],
									"unwrapMode": 7,
									"unwrapRotation": 1,
									"autoUnwrap": false,
									"uv": [ 4.5, 63.5 ],
									"rotationOrigin": [ 0.0, -0.011, 3.2 ],
									"rotationY": -3.0,
									"faces": {
										"east": { "texture": "#skin", "uv": [ 0.5, 13.5, 6.0, 14.0 ], "windMode": [-1,-1,-1,-1] },
										"south": { "texture": "#skin", "uv": [ 0.5, 11.0, 1.0, 14.0 ], "rotation": 270, "windMode": [-1,-1,-1,-1] },
										"west": { "texture": "#skin", "uv": [ 10.0, 29.0, 10.5, 34.5 ], "rotation": 90, "windMode": [-1,-1,-1,-1] },
										"up": { "texture": "#skin", "uv": [ 0.5, 11.0, 6.0, 14.0 ], "rotation": 270, "windMode": [-1,-1,-1,-1] },
										"down": { "texture": "#skin", "uv": [ 13.0, 11.0, 18.5, 14.0 ], "rotation": 90, "windMode": [-1,-1,-1,-1] }
									},
									"children": [
										{
											"name": "LArm",
											"from": [ 0.0, 0.011, 4.5 ],
											"to": [ 1.1, 0.429, 8.1 ],
											"unwrapMode": 5,
											"uv": [ 19.0, 10.5 ],
											"rotationOrigin": [ 0.0, 0.011, 4.5 ],
											"rotationY": -20.0,
											"faces": {
												"east": { "texture": "#skin", "uv": [ 20.5, 10.5, 21.0, 14.0 ], "rotation": 90 },
												"south": { "texture": "#skin", "uv": [ 19.5, 14.0, 20.5, 14.5 ], "windMode": [-1,-1,-1,-1] },
												"west": { "texture": "#skin", "uv": [ 19.0, 10.5, 19.5, 14.0 ], "rotation": 270, "windMode": [-1,-1,-1,-1] },
												"up": { "texture": "#skin", "uv": [ 19.5, 10.5, 20.5, 14.0 ], "windMode": [-1,-1,-1,-1] },
												"down": { "texture": "#skin", "uv": [ 21.0, 10.5, 22.0, 14.0 ], "windMode": [-1,-1,-1,-1] }
											},
											"children": [
												{
													"name": "LArmLower",
													"from": [ 1.0, 0.01, -0.02 ],
													"to": [ 2.1, 0.406, 3.58 ],
													"unwrapMode": 5,
													"uv": [ 19.5, 10.5 ],
													"rotationOrigin": [ 1.2, 0.011, -0.02 ],
													"rotationY": -5.0,
													"faces": {
														"east": { "texture": "#skin", "uv": [ 20.5, 10.5, 21.0, 14.0 ], "rotation": 90 },
														"south": { "texture": "#skin", "uv": [ 19.5, 14.0, 20.5, 14.5 ], "windMode": [-1,-1,-1,-1] },
														"up": { "texture": "#skin", "uv": [ 19.5, 10.5, 20.5, 14.0 ], "windMode": [-1,-1,-1,-1] },
														"down": { "texture": "#skin", "uv": [ 21.0, 10.5, 22.0, 14.0 ], "windMode": [-1,-1,-1,-1] }
													}
												}
											]
										}
									]
								},
								{
									"name": "RBody",
									"from": [ 0.0, -0.451, 0.5 ],
									"to": [ 3.2, -0.011, 6.4 ],
									"unwrapMode": 7,
									"unwrapRotation": 1,
									"autoUnwrap": false,
									"uv": [ 25.0, 75.0 ],
									"rotationOrigin": [ 0.0, 0.0, 0.5 ],
									"rotationX": 180.0,
									"rotationY": -3.0,
									"faces": {
										"east": { "texture": "#skin", "uv": [ 9.5, 13.5, 15.0, 14.0 ], "rotation": 180 },
										"south": { "texture": "#skin", "uv": [ 14.5, 11.0, 15.0, 14.0 ], "rotation": 270, "windMode": [-1,-1,-1,-1] },
										"west": { "texture": "#skin", "uv": [ 13.0, 29.0, 13.5, 34.5 ], "rotation": 90, "windMode": [-1,-1,-1,-1] },
										"up": { "texture": "#skin", "uv": [ 13.0, 11.0, 18.5, 14.0 ], "rotation": 270, "windMode": [-1,-1,-1,-1] },
										"down": { "texture": "#skin", "uv": [ 9.5, 11.0, 15.0, 14.0 ], "rotation": 90, "windMode": [-1,-1,-1,-1] }
									},
									"children": [
										{
											"name": "RArm",
											"from": [ 0.0, 0.011, 5.15 ],
											"to": [ 1.1, 0.429, 8.75 ],
											"unwrapMode": 6,
											"uv": [ 26.5, 10.5 ],
											"rotationOrigin": [ 0.0, 0.429, 5.15 ],
											"rotationY": -20.0,
											"faces": {
												"east": { "texture": "#skin", "uv": [ 26.5, 10.5, 27.0, 14.0 ], "rotation": 90 },
												"south": { "texture": "#skin", "uv": [ 27.0, 14.0, 28.0, 14.5 ], "rotation": 180, "windMode": [-1,-1,-1,-1] },
												"west": { "texture": "#skin", "uv": [ 28.0, 10.5, 28.5, 14.0 ], "rotation": 270, "windMode": [-1,-1,-1,-1] },
												"up": { "texture": "#skin", "uv": [ 28.5, 10.5, 29.5, 14.0 ], "windMode": [-1,-1,-1,-1] },
												"down": { "texture": "#skin", "uv": [ 27.0, 10.5, 28.0, 14.0 ], "windMode": [-1,-1,-1,-1] }
											},
											"children": [
												{
													"name": "RArmLower",
													"from": [ 1.0, 0.011, -0.12 ],
													"to": [ 2.1, 0.407, 3.48 ],
													"unwrapMode": 5,
													"uv": [ 27.0, 10.5 ],
													"rotationOrigin": [ 1.2, 0.407, -0.12 ],
													"rotationY": -5.0,
													"faces": {
														"east": { "texture": "#skin", "uv": [ 28.0, 10.5, 28.5, 14.0 ], "rotation": 90, "windMode": [-1,-1,-1,-1] },
														"south": { "texture": "#skin", "uv": [ 27.0, 14.0, 28.0, 14.5 ], "windMode": [-1,-1,-1,-1] },
														"up": { "texture": "#skin", "uv": [ 27.0, 10.5, 28.0, 14.0 ], "windMode": [-1,-1,-1,-1] },
														"down": { "texture": "#skin", "uv": [ 28.5, 10.5, 29.5, 14.0 ], "windMode": [-1,-1,-1,-1] }
													}
												}
											]
										}
									]
								},
								{
									"name": "PeltMidSection",
									"from": [ 2.9, 0.01, -0.1 ],
									"to": [ 5.8, 0.45, 3.8 ],
									"unwrapMode": 7,
									"unwrapRotation": 1,
									"autoUnwrap": false,
									"uv": [ 10.5, 27.5 ],
									"rotationOrigin": [ 2.9, 0.011, -0.1 ],
									"faces": {
										"north": { "texture": "#skin", "uv": [ 9.5, 14.5, 10.0, 17.0 ], "rotation": 90, "windMode": [-1,-1,-1,-1] },
										"east": { "texture": "#skin", "uv": [ 14.0, 22.5, 17.5, 23.0 ], "windMode": [-1,-1,-1,-1] },
										"south": { "texture": "#skin", "uv": [ 5.5, 14.5, 6.0, 17.0 ], "rotation": 270, "windMode": [-1,-1,-1,-1] },
										"up": { "texture": "#skin", "uv": [ 6.0, 14.5, 9.5, 17.0 ], "rotation": 270, "windMode": [-1,-1,-1,-1] },
										"down": { "texture": "#skin", "uv": [ 15.0, 14.5, 18.5, 17.0 ], "rotation": 90, "windMode": [-1,-1,-1,-1] }
									},
									"children": [
										{
											"name": "LMidSection",
											"from": [ 0.0, 0.011, 3.7 ],
											"to": [ 2.9, 0.429, 9.4 ],
											"unwrapMode": 7,
											"unwrapRotation": 1,
											"autoUnwrap": false,
											"uv": [ 2.5, 35.0 ],
											"rotationOrigin": [ 0.0, 0.011, 3.7 ],
											"rotationY": -3.0,
											"faces": {
												"east": { "texture": "#skin", "uv": [ 0.5, 16.5, 6.0, 17.0 ] },
												"south": { "texture": "#skin", "uv": [ 0.5, 14.5, 1.0, 17.0 ], "rotation": 270, "windMode": [-1,-1,-1,-1] },
												"west": { "texture": "#skin", "uv": [ 0.5, 14.5, 6.0, 15.0 ], "rotation": 180, "windMode": [-1,-1,-1,-1] },
												"up": { "texture": "#skin", "uv": [ 0.5, 14.5, 6.0, 17.0 ], "rotation": 270, "windMode": [-1,-1,-1,-1] },
												"down": { "texture": "#skin", "uv": [ 13.0, 14.5, 18.5, 17.0 ], "rotation": 270, "windMode": [-1,-1,-1,-1] }
											}
										},
										{
											"name": "RMidSection",
											"from": [ 0.0, -0.407, 0.5 ],
											"to": [ 2.9, 0.011, 6.2 ],
											"unwrapMode": 7,
											"unwrapRotation": 1,
											"autoUnwrap": false,
											"uv": [ 17.0, 34.0 ],
											"rotationOrigin": [ 0.0, 0.011, 0.5 ],
											"rotationX": 180.0,
											"rotationY": -3.0,
											"faces": {
												"east": { "texture": "#skin", "uv": [ 9.5, 16.5, 15.0, 17.0 ] },
												"south": { "texture": "#skin", "uv": [ 14.5, 14.5, 15.0, 17.0 ], "rotation": 270, "windMode": [-1,-1,-1,-1] },
												"west": { "texture": "#skin", "uv": [ 9.5, 14.5, 15.0, 15.0 ], "rotation": 180, "windMode": [-1,-1,-1,-1] },
												"up": { "texture": "#skin", "uv": [ 13.0, 14.5, 18.5, 17.0 ], "rotation": 270, "windMode": [-1,-1,-1,-1] },
												"down": { "texture": "#skin", "uv": [ 9.5, 14.5, 15.0, 17.0 ], "rotation": 90, "windMode": [-1,-1,-1,-1] }
											}
										},
										{
											"name": "PeltRear",
											"from": [ 2.8, 0.011, 0.1 ],
											"to": [ 7.0, 0.451, 3.8 ],
											"unwrapMode": 7,
											"unwrapRotation": 1,
											"autoUnwrap": false,
											"uv": [ 10.0, 33.0 ],
											"rotationOrigin": [ 2.8, 0.011, 0.1 ],
											"faces": {
												"north": { "texture": "#skin", "uv": [ 9.0, 17.5, 9.5, 21.5 ], "rotation": 90, "windMode": [-1,-1,-1,-1] },
												"east": { "texture": "#skin", "uv": [ 5.5, 27.5, 9.0, 28.0 ], "windMode": [-1,-1,-1,-1] },
												"south": { "texture": "#skin", "uv": [ 5.0, 17.5, 5.5, 21.5 ], "rotation": 270, "windMode": [-1,-1,-1,-1] },
												"up": { "texture": "#skin", "uv": [ 5.5, 17.5, 9.0, 21.5 ], "rotation": 270, "windMode": [-1,-1,-1,-1] },
												"down": { "texture": "#skin", "uv": [ 14.0, 17.5, 17.5, 21.5 ], "rotation": 90, "windMode": [-1,-1,-1,-1] }
											},
											"children": [
												{
													"name": "LRear",
													"from": [ 0.0, 0.011, 3.3 ],
													"to": [ 4.2, 0.429, 8.6 ],
													"unwrapMode": 7,
													"unwrapRotation": 1,
													"autoUnwrap": false,
													"uv": [ 3.5, 42.5 ],
													"rotationOrigin": [ 0.0, 0.011, 3.3 ],
													"rotationY": -3.0,
													"faces": {
														"east": { "texture": "#skin", "uv": [ 0.5, 21.0, 5.5, 21.5 ] },
														"south": { "texture": "#skin", "uv": [ 0.5, 17.5, 1.0, 21.5 ], "rotation": 270, "windMode": [-1,-1,-1,-1] },
														"west": { "texture": "#skin", "uv": [ 0.5, 17.5, 5.5, 18.0 ], "rotation": 180, "windMode": [-1,-1,-1,-1] },
														"up": { "texture": "#skin", "uv": [ 0.5, 17.5, 5.5, 21.5 ], "rotation": 270, "windMode": [-1,-1,-1,-1] },
														"down": { "texture": "#skin", "uv": [ 12.5, 17.5, 17.5, 21.5 ], "rotation": 270, "windMode": [-1,-1,-1,-1] }
													},
													"children": [
														{
															"name": "LLeg",
															"from": [ 2.1, 0.011, 5.1 ],
															"to": [ 4.9, 0.407, 9.3 ],
															"unwrapMode": 5,
															"uv": [ 18.5, 21.5 ],
															"rotationOrigin": [ 2.1, 0.011, 5.1 ],
															"rotationY": 72.0,
															"faces": {
																"east": { "texture": "#skin", "uv": [ 21.5, 21.5, 22.0, 25.5 ], "rotation": 90, "windMode": [-1,-1,-1,-1] },
																"south": { "texture": "#skin", "uv": [ 19.0, 25.5, 21.5, 26.0 ], "windMode": [-1,-1,-1,-1] },
																"west": { "texture": "#skin", "uv": [ 18.5, 21.5, 19.0, 25.5 ], "rotation": 270, "windMode": [-1,-1,-1,-1] },
																"up": { "texture": "#skin", "uv": [ 19.0, 21.5, 21.5, 25.5 ], "windMode": [-1,-1,-1,-1] },
																"down": { "texture": "#skin", "uv": [ 22.0, 21.5, 24.5, 25.5 ], "windMode": [-1,-1,-1,-1] }
															}
														}
													]
												},
												{
													"name": "RRear",
													"from": [ 0.0, -0.407, 0.5 ],
													"to": [ 4.2, 0.011, 5.8 ],
													"unwrapMode": 7,
													"unwrapRotation": 1,
													"autoUnwrap": false,
													"uv": [ 11.0, 43.5 ],
													"rotationOrigin": [ 0.0, 0.011, 0.5 ],
													"rotationX": 180.0,
													"rotationY": -3.0,
													"faces": {
														"east": { "texture": "#skin", "uv": [ 9.0, 21.0, 14.0, 21.5 ] },
														"south": { "texture": "#skin", "uv": [ 13.5, 17.5, 14.0, 21.5 ], "rotation": 270, "windMode": [-1,-1,-1,-1] },
														"west": { "texture": "#skin", "uv": [ 9.0, 17.5, 14.0, 18.0 ], "rotation": 180, "windMode": [-1,-1,-1,-1] },
														"up": { "texture": "#skin", "uv": [ 12.5, 17.5, 17.5, 21.5 ], "rotation": 270, "windMode": [-1,-1,-1,-1] },
														"down": { "texture": "#skin", "uv": [ 9.0, 17.5, 14.0, 21.5 ], "rotation": 90, "windMode": [-1,-1,-1,-1] }
													},
													"children": [
														{
															"name": "RLeg",
															"from": [ 2.1, 0.011, 5.1 ],
															"to": [ 4.9, 0.407, 9.3 ],
															"unwrapMode": 6,
															"uv": [ 26.5, 21.5 ],
															"rotationOrigin": [ 2.1, 0.407, 5.1 ],
															"rotationY": 72.0,
															"faces": {
																"east": { "texture": "#skin", "uv": [ 26.5, 21.5, 27.0, 25.5 ], "rotation": 90 },
																"south": { "texture": "#skin", "uv": [ 27.0, 25.5, 29.5, 26.0 ], "rotation": 180, "windMode": [-1,-1,-1,-1] },
																"west": { "texture": "#skin", "uv": [ 29.5, 21.5, 30.0, 25.5 ], "rotation": 270, "windMode": [-1,-1,-1,-1] },
																"up": { "texture": "#skin", "uv": [ 30.0, 21.5, 32.5, 25.5 ], "windMode": [-1,-1,-1,-1] },
																"down": { "texture": "#skin", "uv": [ 27.0, 21.5, 29.5, 25.5 ], "windMode": [-1,-1,-1,-1] }
															}
														}
													]
												},
												{
													"name": "PeltTail",
													"from": [ 4.0, 0.01, 1.5 ],
													"to": [ 5.7, 0.428, 2.2 ],
													"unwrapMode": 7,
													"unwrapRotation": 1,
													"uv": [ 22.5, 9.0 ],
													"rotationOrigin": [ 4.0, 0.011, 1.75 ],
													"faces": {
														"north": { "texture": "#skin", "uv": [ 23.5, 9.5, 24.0, 11.0 ], "rotation": 90 },
														"east": { "texture": "#skin", "uv": [ 23.0, 11.0, 23.5, 11.5 ], "windMode": [-1,-1,-1,-1] },
														"south": { "texture": "#skin", "uv": [ 22.5, 9.5, 23.0, 11.0 ], "rotation": 270, "windMode": [-1,-1,-1,-1] },
														"west": { "texture": "#skin", "uv": [ 23.0, 9.0, 23.5, 9.5 ], "rotation": 180, "windMode": [-1,-1,-1,-1] },
														"up": { "texture": "#skin", "uv": [ 23.0, 9.5, 23.5, 11.0 ], "rotation": 270, "windMode": [-1,-1,-1,-1] },
														"down": { "texture": "#skin", "uv": [ 24.0, 9.5, 24.5, 11.0 ], "rotation": 90, "windMode": [-1,-1,-1,-1] }
													},
													"children": [
														{
															"name": "PeltTail2",
															"from": [ 1.7, 0.0, 0.0 ],
															"to": [ 2.4, 0.418, 0.7 ],
															"unwrapMode": 7,
															"unwrapRotation": 1,
															"uv": [ 23.5, 12.0 ],
															"rotationOrigin": [ 1.7, 0.0, 0.0 ],
															"rotationX": 0.1,
															"faces": {
																"north": { "texture": "#skin", "uv": [ 24.5, 12.0, 25.0, 12.5 ], "rotation": 90 },
																"east": { "texture": "#skin", "uv": [ 24.0, 12.5, 24.5, 13.0 ], "windMode": [-1,-1,-1,-1] },
																"south": { "texture": "#skin", "uv": [ 23.5, 12.0, 24.0, 12.5 ], "rotation": 270, "windMode": [-1,-1,-1,-1] },
																"up": { "texture": "#skin", "uv": [ 24.0, 12.0, 24.5, 12.5 ], "rotation": 270, "windMode": [-1,-1,-1,-1] },
																"down": { "texture": "#skin", "uv": [ 25.0, 12.0, 25.5, 12.5 ], "rotation": 90, "windMode": [-1,-1,-1,-1] }
															},
															"children": [
																{
																	"name": "PeltTail3",
																	"from": [ 0.7, 0.0, 0.0 ],
																	"to": [ 1.4, 0.418, 0.7 ],
																	"unwrapMode": 7,
																	"unwrapRotation": 1,
																	"uv": [ 23.0, 13.5 ],
																	"rotationOrigin": [ 0.7, 0.0, 0.0 ],
																	"faces": {
																		"north": { "texture": "#skin", "uv": [ 24.0, 13.5, 24.5, 14.0 ], "rotation": 90 },
																		"east": { "texture": "#skin", "uv": [ 23.5, 14.0, 24.0, 14.5 ], "windMode": [-1,-1,-1,-1] },
																		"south": { "texture": "#skin", "uv": [ 23.0, 13.5, 23.5, 14.0 ], "rotation": 270, "windMode": [-1,-1,-1,-1] },
																		"up": { "texture": "#skin", "uv": [ 23.5, 13.5, 24.0, 14.0 ], "rotation": 270, "windMode": [-1,-1,-1,-1] },
																		"down": { "texture": "#skin", "uv": [ 24.5, 13.5, 25.0, 14.0 ], "rotation": 90, "windMode": [-1,-1,-1,-1] }
																	},
																	"children": [
																		{
																			"name": "PeltTail4",
																			"from": [ 0.7, 0.0, 0.05 ],
																			"to": [ 2.0, 0.418, 0.65 ],
																			"unwrapMode": 7,
																			"unwrapRotation": 1,
																			"uv": [ 24.5, 14.0 ],
																			"rotationOrigin": [ 0.7, 0.0, 0.1 ],
																			"faces": {
																				"north": { "texture": "#skin", "uv": [ 25.5, 14.5, 26.0, 15.5 ], "rotation": 90 },
																				"east": { "texture": "#skin", "uv": [ 25.0, 15.5, 25.5, 16.0 ], "windMode": [-1,-1,-1,-1] },
																				"south": { "texture": "#skin", "uv": [ 24.5, 14.5, 25.0, 15.5 ], "rotation": 270, "windMode": [-1,-1,-1,-1] },
																				"up": { "texture": "#skin", "uv": [ 25.0, 14.5, 25.5, 15.5 ], "rotation": 270, "windMode": [-1,-1,-1,-1] },
																				"down": { "texture": "#skin", "uv": [ 26.0, 14.5, 26.5, 15.5 ], "rotation": 90, "windMode": [-1,-1,-1,-1] }
																			},
																			"children": [
																				{
																					"name": "PeltTail5",
																					"from": [ 0.5, 0.0, 0.0 ],
																					"to": [ 1.9, 0.418, 0.6 ],
																					"unwrapMode": 7,
																					"unwrapRotation": 1,
																					"uv": [ 24.0, 16.0 ],
																					"rotationOrigin": [ 0.5, 0.0, 0.0 ],
																					"rotationX": 0.1,
																					"faces": {
																						"north": { "texture": "#skin", "uv": [ 25.0, 16.5, 25.5, 17.5 ], "rotation": 90 },
																						"east": { "texture": "#skin", "uv": [ 24.5, 17.5, 25.0, 18.0 ], "windMode": [-1,-1,-1,-1] },
																						"south": { "texture": "#skin", "uv": [ 24.0, 16.5, 24.5, 17.5 ], "rotation": 270, "windMode": [-1,-1,-1,-1] },
																						"up": { "texture": "#skin", "uv": [ 24.5, 16.5, 25.0, 17.5 ], "rotation": 270, "windMode": [-1,-1,-1,-1] },
																						"down": { "texture": "#skin", "uv": [ 25.5, 16.5, 26.0, 17.5 ], "rotation": 90, "windMode": [-1,-1,-1,-1] }
																					},
																					"children": [
																						{
																							"name": "PeltTail6",
																							"from": [ 1.4, 0.0, -0.1 ],
																							"to": [ 2.0, 0.418, 0.7 ],
																							"unwrapMode": 7,
																							"unwrapRotation": 1,
																							"uv": [ 23.0, 18.0 ],
																							"rotationOrigin": [ 1.4, 0.0, 0.2 ],
																							"faces": {
																								"north": { "texture": "#skin", "uv": [ 24.0, 18.5, 24.5, 19.0 ], "rotation": 90 },
																								"south": { "texture": "#skin", "uv": [ 23.0, 18.5, 23.5, 19.0 ], "rotation": 270, "windMode": [-1,-1,-1,-1] },
																								"west": { "texture": "#skin", "uv": [ 23.5, 18.0, 24.0, 18.5 ], "rotation": 180, "windMode": [-1,-1,-1,-1] },
																								"up": { "texture": "#skin", "uv": [ 23.5, 18.5, 24.0, 19.0 ], "rotation": 270, "windMode": [-1,-1,-1,-1] },
																								"down": { "texture": "#skin", "uv": [ 24.5, 18.5, 25.0, 19.0 ], "rotation": 90, "windMode": [-1,-1,-1,-1] }
																							},
																							"children": [
																								{
																									"name": "PeltTail7",
																									"from": [ 0.3, 0.05, -0.1 ],
																									"to": [ 1.7, 0.37, 0.9 ],
																									"unwrapMode": 7,
																									"unwrapRotation": 1,
																									"uv": [ 22.5, 19.5 ],
																									"rotationOrigin": [ 0.3, 0.1, 0.2 ],
																									"faces": {
																										"north": { "texture": "#skin", "uv": [ 24.0, 20.0, 24.5, 21.0 ], "rotation": 90 },
																										"south": { "texture": "#skin", "uv": [ 22.5, 20.0, 23.0, 21.0 ], "rotation": 270, "windMode": [-1,-1,-1,-1] },
																										"west": { "texture": "#skin", "uv": [ 23.0, 19.5, 24.0, 20.0 ], "rotation": 180, "windMode": [-1,-1,-1,-1] },
																										"up": { "texture": "#skin", "uv": [ 23.0, 20.0, 24.0, 21.0 ], "rotation": 270, "windMode": [-1,-1,-1,-1] },
																										"down": { "texture": "#skin", "uv": [ 24.5, 20.0, 25.5, 21.0 ], "rotation": 90, "windMode": [-1,-1,-1,-1] }
																									},
																									"children": [
																										{
																											"name": "PeltTail8",
																											"from": [ 0.6, 0.05, 0.1 ],
																											"to": [ 2.1, 0.27, 0.9 ],
																											"unwrapMode": 7,
																											"unwrapRotation": 1,
																											"uv": [ 30.5, 18.5 ],
																											"rotationOrigin": [ 0.6, 0.1, 0.2 ],
																											"faces": {
																												"north": { "texture": "#skin", "uv": [ 31.5, 19.0, 32.0, 20.5 ], "rotation": 90 },
																												"south": { "texture": "#skin", "uv": [ 30.5, 19.0, 31.0, 20.5 ], "rotation": 270, "windMode": [-1,-1,-1,-1] },
																												"west": { "texture": "#skin", "uv": [ 31.0, 18.5, 31.5, 19.0 ], "rotation": 180, "windMode": [-1,-1,-1,-1] },
																												"up": { "texture": "#skin", "uv": [ 31.0, 19.0, 31.5, 20.5 ], "rotation": 270, "windMode": [-1,-1,-1,-1] },
																												"down": { "texture": "#skin", "uv": [ 32.0, 19.0, 32.5, 20.5 ], "rotation": 90, "windMode": [-1,-1,-1,-1] }
																											}
																										}
																									]
																								}
																							]
																						}
																					]
																				}
																			]
																		}
																	]
																}
															]
														}
													]
												}
											]
										}
									]
								},
								{
									"name": "LNeck",
									"from": [ -3.8, 0.022, 1.85 ],
									"to": [ 0.0, 0.44, 5.35 ],
									"unwrapMode": 7,
									"unwrapRotation": 1,
									"autoUnwrap": false,
									"uv": [ 17.5, 36.5 ],
									"rotationOrigin": [ 0.0, 0.022, 1.85 ],
									"rotationY": 22.0,
									"faces": {
										"north": { "texture": "#skin", "uv": [ 5.5, 7.0, 6.0, 10.5 ], "rotation": 90 },
										"south": { "texture": "#skin", "uv": [ 14.0, 7.0, 14.5, 10.5 ], "rotation": 270, "windMode": [-1,-1,-1,-1] },
										"west": { "texture": "#skin", "uv": [ 2.5, 7.0, 6.0, 7.5 ], "rotation": 180, "windMode": [-1,-1,-1,-1] },
										"up": { "texture": "#skin", "uv": [ 2.5, 7.0, 6.0, 10.5 ], "rotation": 270, "windMode": [-1,-1,-1,-1] },
										"down": { "texture": "#skin", "uv": [ 11.0, 7.0, 14.5, 10.5 ], "rotation": 90, "windMode": [-1,-1,-1,-1] }
									}
								},
								{
									"name": "RNeck",
									"from": [ -3.8, -0.396, 1.85 ],
									"to": [ 0.0, 0.022, 5.35 ],
									"unwrapMode": 7,
									"unwrapRotation": 1,
									"autoUnwrap": false,
									"uv": [ 25.0, 45.5 ],
									"rotationOrigin": [ 0.0, 0.022, 1.85 ],
									"rotationX": 180.0,
									"rotationY": 22.0,
									"faces": {
										"north": { "texture": "#skin", "uv": [ 8.5, 7.0, 9.0, 10.5 ], "rotation": 90 },
										"south": { "texture": "#skin", "uv": [ 11.5, 7.0, 12.0, 10.5 ], "rotation": 270, "windMode": [-1,-1,-1,-1] },
										"west": { "texture": "#skin", "uv": [ 9.0, 7.0, 12.5, 7.5 ], "rotation": 180, "windMode": [-1,-1,-1,-1] },
										"up": { "texture": "#skin", "uv": [ 11.0, 7.0, 14.5, 10.5 ], "rotation": 270, "windMode": [-1,-1,-1,-1] },
										"down": { "texture": "#skin", "uv": [ 9.0, 7.0, 12.5, 10.5 ], "rotation": 90, "windMode": [-1,-1,-1,-1] }
									}
								}
							]
						}
					]
				}
			]
		}
	]}