{
	"editor": {
		"allAngles": true,
		"entityTextureMode": true
	},
	"textureWidth": 76,
	"textureHeight": 84,
	"textureSizes": {
		"skin": [76,84]
	},
	"textures": {
	},
	"elements": [
		{
			"name": "Neck",
			"from": [ 12.4, 10.0, 5.7 ],
			"to": [ 20.1, 16.9, 10.3 ],
			"unwrapMode": 2,
			"autoUnwrap": false,
			"uv": [ 5.5, 5.0 ],
			"rotationOrigin": [ 19.5, 10.0, 8.0 ],
			"rotationZ": 85.0,
			"faces": {
				"north": { "texture": "#skin", "uv": [ 20.0, 13.5, 27.5, 20.0 ], "windMode": [-1,-1,-1,-1], "windData": [0,0,1,0] },
				"east": { "texture": "#skin", "uv": [ 15.5, 13.5, 20.0, 20.0 ], "windMode": [-1,-1,-1,-1], "windData": [1,0,0,1] },
				"south": { "texture": "#skin", "uv": [ 8.0, 13.5, 15.5, 20.0 ] },
				"west": { "texture": "#skin", "uv": [ 27.5, 13.5, 32.0, 20.0 ] },
				"up": { "texture": "#skin", "uv": [ 2.5, 12.0, 7.0, 19.5 ], "rotation": 90 }
			},
			"children": [
				{
					"name": "Neck2",
					"from": [ 1.1, 4.7, 0.5 ],
					"to": [ 7.7, 10.6, 4.1 ],
					"unwrapMode": 2,
					"uv": [ 9.5, 1.0 ],
					"rotationOrigin": [ 5.2, 4.9, 2.3 ],
					"rotationZ": 2.0,
					"faces": {
						"north": { "texture": "#skin", "uv": [ 19.5, 7.5, 26.0, 13.0 ] },
						"east": { "texture": "#skin", "uv": [ 16.0, 7.5, 19.5, 13.0 ] },
						"south": { "texture": "#skin", "uv": [ 9.5, 7.5, 16.0, 13.0 ] },
						"west": { "texture": "#skin", "uv": [ 26.0, 7.5, 29.5, 13.0 ] },
						"up": { "texture": "#skin", "uv": [ 16.0, 1.0, 19.5, 7.5 ], "rotation": 270 }
					},
					"children": [
						{
							"name": "Head",
							"from": [ 4.8, 0.8, -0.5 ],
							"to": [ 7.5, 6.2, 4.1 ],
							"unwrapMode": 4,
							"uv": [ 8.0, 58.0 ],
							"rotationOrigin": [ 6.6, 6.2, 1.8 ],
							"rotationZ": -70.0,
							"faces": {
								"north": { "texture": "#skin", "uv": [ 8.0, 60.5, 10.5, 65.5 ] },
								"east": { "texture": "#skin", "uv": [ 17.5, 60.5, 22.0, 65.5 ] },
								"south": { "texture": "#skin", "uv": [ 15.0, 60.5, 17.5, 65.5 ] },
								"west": { "texture": "#skin", "uv": [ 10.5, 60.5, 15.0, 65.5 ] },
								"up": { "texture": "#skin", "uv": [ 10.5, 58.0, 15.0, 60.5 ], "rotation": 90 },
								"down": { "texture": "#skin", "uv": [ 10.5, 65.5, 15.0, 68.0 ], "rotation": 90 }
							},
							"children": [
								{
									"name": "MouthUp",
									"from": [ -5.1, 1.5, 0.8 ],
									"to": [ 0.2, 2.7, 3.8 ],
									"unwrapMode": 5,
									"unwrapRotation": 1,
									"uv": [ 3.5, 70.0 ],
									"rotationOrigin": [ -1.5, 2.5, 2.3 ],
									"rotationZ": 4.0,
									"faces": {
										"north": { "texture": "#skin", "uv": [ 3.5, 70.0, 4.5, 75.0 ], "rotation": 270 },
										"south": { "texture": "#skin", "uv": [ 7.5, 70.0, 8.5, 75.0 ], "rotation": 90 },
										"west": { "texture": "#skin", "uv": [ 4.5, 75.0, 7.5, 76.0 ] },
										"up": { "texture": "#skin", "uv": [ 4.5, 70.0, 7.5, 75.0 ], "rotation": 90, "windMode": [-1,-1,-1,-1], "windData": [1,1,1,1] },
										"down": { "texture": "#skin", "uv": [ 8.5, 70.0, 11.5, 75.0 ], "rotation": 270 }
									},
									"children": [
										{
											"name": "Nose",
											"from": [ 0.9, -0.1, 0.25 ],
											"to": [ 5.7, 2.2, 2.75 ],
											"unwrapMode": 5,
											"unwrapRotation": 1,
											"uv": [ 23.0, 72.0 ],
											"rotationOrigin": [ 0.9, 2.0, 0.8 ],
											"rotationZ": 16.0,
											"faces": {
												"north": { "texture": "#skin", "uv": [ 23.0, 72.0, 25.0, 76.5 ], "rotation": 270, "windMode": [-1,-1,-1,-1], "windData": [1,1,1,1] },
												"south": { "texture": "#skin", "uv": [ 27.5, 72.0, 29.5, 76.5 ], "rotation": 90 },
												"west": { "texture": "#skin", "uv": [ 25.0, 76.5, 27.5, 78.5 ], "windMode": [-1,-1,-1,-1], "windData": [1,1,1,1] },
												"up": { "texture": "#skin", "uv": [ 25.0, 72.0, 27.5, 76.5 ], "rotation": 90 }
											},
											"children": [
												{
													"name": "Snout",
													"from": [ -1.5, 0.2, -0.4 ],
													"to": [ 0.2, 2.2, 2.9 ],
													"unwrapMode": 4,
													"uv": [ 34.5, 75.0 ],
													"rotationOrigin": [ 0.0, 2.0, 1.25 ],
													"rotationZ": -9.0,
													"faces": {
														"north": { "texture": "#skin", "uv": [ 34.5, 76.5, 36.0, 78.5 ], "windMode": [-1,-1,-1,-1], "windData": [1,1,1,1] },
														"east": { "texture": "#skin", "uv": [ 40.5, 76.5, 43.5, 78.5 ], "windMode": [-1,-1,-1,-1], "windData": [1,1,1,1] },
														"south": { "texture": "#skin", "uv": [ 39.0, 76.5, 40.5, 78.5 ], "windMode": [-1,-1,-1,-1], "windData": [1,1,1,1] },
														"west": { "texture": "#skin", "uv": [ 36.0, 76.5, 39.0, 78.5 ], "windMode": [-1,-1,-1,-1], "windData": [1,1,1,1] },
														"up": { "texture": "#skin", "uv": [ 36.0, 75.0, 39.0, 76.5 ], "rotation": 90, "windMode": [-1,-1,-1,-1], "windData": [1,1,1,1] },
														"down": { "texture": "#skin", "uv": [ 36.0, 78.5, 39.0, 80.0 ], "rotation": 90, "windMode": [-1,-1,-1,-1], "windData": [1,1,1,1] }
													}
												},
												{
													"name": "NoseBridge",
													"from": [ 3.6, 0.5, -0.7 ],
													"to": [ 4.8, 2.2, 3.2 ],
													"unwrapMode": 7,
													"unwrapRotation": 1,
													"uv": [ 30.0, 72.0 ],
													"rotationOrigin": [ 3.6, 2.2, -0.7 ],
													"rotationZ": 18.0,
													"faces": {
														"north": { "texture": "#skin", "uv": [ 35.0, 73.5, 36.5, 74.5 ], "rotation": 90 },
														"east": { "texture": "#skin", "uv": [ 31.5, 74.5, 35.0, 76.0 ] },
														"south": { "texture": "#skin", "uv": [ 30.0, 73.5, 31.5, 74.5 ], "rotation": 270 },
														"west": { "texture": "#skin", "uv": [ 31.5, 72.0, 35.0, 73.5 ], "rotation": 180 },
														"up": { "texture": "#skin", "uv": [ 31.5, 73.5, 35.0, 74.5 ], "rotation": 270 }
													}
												},
												{
													"name": "FaceStorage",
													"from": [ 0.0, 2.3, 0.05 ],
													"to": [ 4.8, 2.8, 2.45 ],
													"uv": [ 0.0, 0.0 ],
													"rotationOrigin": [ 0.0, 2.3, 0.05 ],
													"faces": {
													},
													"attachmentpoints": [
														{
															"code": "FaceAP",
															"posX": "0.0","posY": "0.0","posZ": "0.0",
															"rotationX": "0.0","rotationY": "0.0","rotationZ": "0.0"
														}
													]
												}
											]
										}
									]
								},
								{
									"name": "L Ear",
									"from": [ 1.7, 3.2, 3.8 ],
									"to": [ 2.0, 4.6, 5.5 ],
									"unwrapMode": 4,
									"uv": [ 0.5, 67.5 ],
									"rotationOrigin": [ 1.8, 3.2, 4.5 ],
									"rotationX": 110.0,
									"rotationY": 14.0,
									"faces": {
										"north": { "texture": "#skin", "uv": [ 0.5, 68.0, 1.0, 69.0 ], "windMode": [-1,-1,-1,-1], "windData": [1,1,1,1] },
										"east": { "texture": "#skin", "uv": [ 3.0, 68.0, 4.5, 69.0 ] },
										"south": { "texture": "#skin", "uv": [ 2.5, 68.0, 3.0, 69.0 ], "windMode": [-1,-1,-1,-1], "windData": [1,1,1,1] },
										"west": { "texture": "#skin", "uv": [ 1.0, 68.0, 2.5, 69.0 ] },
										"up": { "texture": "#skin", "uv": [ 1.0, 67.5, 2.5, 68.0 ], "rotation": 90 },
										"down": { "texture": "#skin", "uv": [ 1.0, 69.0, 2.5, 69.5 ], "rotation": 90 }
									},
									"children": [
										{
											"name": "L Ear3",
											"from": [ 0.0, 1.4, 0.0 ],
											"to": [ 0.3, 3.3, 0.7 ],
											"unwrapMode": 4,
											"uv": [ 4.5, 65.5 ],
											"rotationOrigin": [ 0.2, 1.4, 0.0 ],
											"rotationX": 8.0,
											"rotationY": 1.0,
											"faces": {
												"north": { "texture": "#skin", "uv": [ 4.5, 66.0, 5.0, 67.5 ] },
												"east": { "texture": "#skin", "uv": [ 6.0, 66.0, 6.5, 67.5 ] },
												"south": { "texture": "#skin", "uv": [ 5.5, 66.0, 6.0, 67.5 ] },
												"west": { "texture": "#skin", "uv": [ 5.0, 66.0, 5.5, 67.5 ] },
												"up": { "texture": "#skin", "uv": [ 5.0, 65.5, 5.5, 66.0 ], "rotation": 90 },
												"down": { "texture": "#skin", "uv": [ 5.0, 67.5, 5.5, 68.0 ], "rotation": 90 }
											}
										},
										{
											"name": "L Ear2",
											"from": [ 0.0, 1.4, 0.6 ],
											"to": [ 0.3, 3.3, 1.7 ],
											"unwrapMode": 4,
											"uv": [ 0.5, 64.0 ],
											"rotationOrigin": [ 0.2, 1.4, 1.7 ],
											"rotationX": -10.0,
											"rotationY": -1.0,
											"faces": {
												"north": { "texture": "#skin", "uv": [ 0.5, 64.5, 1.0, 66.0 ] },
												"east": { "texture": "#skin", "uv": [ 2.5, 64.5, 3.5, 66.0 ] },
												"south": { "texture": "#skin", "uv": [ 2.0, 64.5, 2.5, 66.0 ] },
												"west": { "texture": "#skin", "uv": [ 1.0, 64.5, 2.0, 66.0 ] },
												"up": { "texture": "#skin", "uv": [ 1.0, 64.0, 2.0, 64.5 ], "rotation": 90 },
												"down": { "texture": "#skin", "uv": [ 1.0, 66.0, 2.0, 66.5 ], "rotation": 90 }
											}
										}
									]
								},
								{
									"name": "R Eye",
									"from": [ -0.01, 3.5, -0.01 ],
									"to": [ 0.69, 3.8, 0.19 ],
									"unwrapMode": 5,
									"uv": [ 1.0, 48.0 ],
									"rotationOrigin": [ -0.01, 3.9, -0.21 ],
									"faces": {
										"north": { "texture": "#skin", "uv": [ 1.5, 48.0, 2.0, 48.5 ], "rotation": 180 },
										"east": { "texture": "#skin", "uv": [ 2.0, 48.5, 2.5, 49.0 ], "rotation": 90 },
										"west": { "texture": "#skin", "uv": [ 1.0, 48.5, 1.5, 49.0 ], "rotation": 270 },
										"up": { "texture": "#skin", "uv": [ 1.5, 48.5, 2.0, 49.0 ] },
										"down": { "texture": "#skin", "uv": [ 2.5, 48.5, 3.0, 49.0 ] }
									},
									"children": [
										{
											"name": "R Eye2",
											"from": [ 0.0, 0.3, 0.0 ],
											"to": [ 0.7, 0.6, 0.2 ],
											"unwrapMode": 5,
											"uv": [ 1.0, 50.0 ],
											"rotationOrigin": [ 0.0, 0.7, -0.1 ],
											"faces": {
												"north": { "texture": "#skin", "uv": [ 1.5, 50.0, 2.0, 50.5 ], "rotation": 180 },
												"east": { "texture": "#skin", "uv": [ 2.0, 50.5, 2.5, 51.0 ], "rotation": 90 },
												"west": { "texture": "#skin", "uv": [ 1.0, 50.5, 1.5, 51.0 ], "rotation": 270 },
												"up": { "texture": "#skin", "uv": [ 1.5, 50.5, 2.0, 51.0 ] },
												"down": { "texture": "#skin", "uv": [ 2.5, 50.5, 3.0, 51.0 ] }
											},
											"children": [
												{
													"name": "R Pupil",
													"from": [ -0.01, -0.1, -0.01 ],
													"to": [ 0.49, 0.1, 0.19 ],
													"unwrapMode": 5,
													"uv": [ 1.0, 46.0 ],
													"rotationOrigin": [ -0.01, -0.1, -0.01 ],
													"faces": {
														"north": { "texture": "#skin", "uv": [ 1.5, 46.0, 2.0, 46.5 ], "rotation": 180, "windMode": [-1,-1,-1,-1], "windData": [1,1,1,1] },
														"east": { "texture": "#skin", "uv": [ 2.0, 46.5, 2.5, 47.0 ], "rotation": 90 },
														"west": { "texture": "#skin", "uv": [ 1.0, 46.5, 1.5, 47.0 ], "rotation": 270 },
														"up": { "texture": "#skin", "uv": [ 1.5, 46.5, 2.0, 47.0 ] },
														"down": { "texture": "#skin", "uv": [ 2.5, 46.5, 3.0, 47.0 ] }
													}
												}
											]
										}
									]
								},
								{
									"name": "R Ear",
									"from": [ 1.7, 3.2, -0.9 ],
									"to": [ 2.0, 4.6, 0.8 ],
									"unwrapMode": 4,
									"uv": [ 0.5, 61.0 ],
									"rotationOrigin": [ 1.8, 3.2, 0.2 ],
									"rotationX": -110.0,
									"rotationY": -15.0,
									"faces": {
										"north": { "texture": "#skin", "uv": [ 0.5, 61.5, 1.0, 62.5 ] },
										"east": { "texture": "#skin", "uv": [ 3.0, 61.5, 4.5, 62.5 ] },
										"south": { "texture": "#skin", "uv": [ 2.5, 61.5, 3.0, 62.5 ], "windMode": [-1,-1,-1,-1], "windData": [1,1,1,1] },
										"west": { "texture": "#skin", "uv": [ 1.0, 61.5, 2.5, 62.5 ] },
										"up": { "texture": "#skin", "uv": [ 1.0, 61.0, 2.5, 61.5 ], "rotation": 90 },
										"down": { "texture": "#skin", "uv": [ 1.0, 62.5, 2.5, 63.0 ], "rotation": 90 }
									},
									"children": [
										{
											"name": "R Ear2",
											"from": [ 0.0, 1.4, 0.0 ],
											"to": [ 0.3, 3.3, 1.1 ],
											"unwrapMode": 4,
											"uv": [ 0.5, 58.0 ],
											"rotationOrigin": [ 0.2, 1.4, 0.0 ],
											"rotationX": 10.0,
											"rotationY": 1.0,
											"faces": {
												"north": { "texture": "#skin", "uv": [ 0.5, 58.5, 1.0, 60.0 ] },
												"east": { "texture": "#skin", "uv": [ 2.5, 58.5, 3.5, 60.0 ] },
												"south": { "texture": "#skin", "uv": [ 2.0, 58.5, 2.5, 60.0 ] },
												"west": { "texture": "#skin", "uv": [ 1.0, 58.5, 2.0, 60.0 ] },
												"up": { "texture": "#skin", "uv": [ 1.0, 58.0, 2.0, 58.5 ], "rotation": 90 },
												"down": { "texture": "#skin", "uv": [ 1.0, 60.0, 2.0, 60.5 ], "rotation": 90 }
											}
										},
										{
											"name": "R Ear3",
											"from": [ 0.0, 1.4, 1.0 ],
											"to": [ 0.3, 3.3, 1.7 ],
											"unwrapMode": 4,
											"uv": [ 4.0, 58.0 ],
											"rotationOrigin": [ 0.2, 1.4, 1.6 ],
											"rotationX": -8.0,
											"rotationY": -1.0,
											"faces": {
												"north": { "texture": "#skin", "uv": [ 4.0, 58.5, 4.5, 60.0 ] },
												"east": { "texture": "#skin", "uv": [ 5.5, 58.5, 6.0, 60.0 ] },
												"south": { "texture": "#skin", "uv": [ 5.0, 58.5, 5.5, 60.0 ] },
												"west": { "texture": "#skin", "uv": [ 4.5, 58.5, 5.0, 60.0 ] },
												"up": { "texture": "#skin", "uv": [ 4.5, 58.0, 5.0, 58.5 ], "rotation": 90 },
												"down": { "texture": "#skin", "uv": [ 4.5, 60.0, 5.0, 60.5 ], "rotation": 90 }
											}
										}
									]
								},
								{
									"name": "L Eye",
									"from": [ -0.01, 3.5, 4.41 ],
									"to": [ 0.69, 3.8, 4.61 ],
									"unwrapMode": 5,
									"uv": [ 1.0, 48.5 ],
									"rotationOrigin": [ -0.01, 3.9, 4.41 ],
									"faces": {
										"east": { "texture": "#skin", "uv": [ 2.0, 48.5, 2.5, 49.0 ], "rotation": 90 },
										"south": { "texture": "#skin", "uv": [ 1.5, 49.0, 2.0, 49.5 ] },
										"west": { "texture": "#skin", "uv": [ 1.0, 48.5, 1.5, 49.0 ], "rotation": 270 },
										"up": { "texture": "#skin", "uv": [ 1.5, 48.5, 2.0, 49.0 ] },
										"down": { "texture": "#skin", "uv": [ 2.5, 48.5, 3.0, 49.0 ] }
									},
									"children": [
										{
											"name": "L Eye2",
											"from": [ 0.0, 0.3, 0.0 ],
											"to": [ 0.7, 0.6, 0.2 ],
											"unwrapMode": 5,
											"uv": [ 1.0, 50.5 ],
											"rotationOrigin": [ 0.0, 0.8, -0.1 ],
											"faces": {
												"east": { "texture": "#skin", "uv": [ 2.0, 50.5, 2.5, 51.0 ], "rotation": 90 },
												"south": { "texture": "#skin", "uv": [ 1.5, 51.0, 2.0, 51.5 ] },
												"west": { "texture": "#skin", "uv": [ 1.0, 50.5, 1.5, 51.0 ], "rotation": 270 },
												"up": { "texture": "#skin", "uv": [ 1.5, 50.5, 2.0, 51.0 ] },
												"down": { "texture": "#skin", "uv": [ 2.5, 50.5, 3.0, 51.0 ] }
											},
											"children": [
												{
													"name": "L Pupil",
													"from": [ -0.01, -0.1, 0.01 ],
													"to": [ 0.49, 0.1, 0.21 ],
													"unwrapMode": 5,
													"uv": [ 1.0, 46.5 ],
													"rotationOrigin": [ -0.01, -0.1, 0.01 ],
													"faces": {
														"east": { "texture": "#skin", "uv": [ 2.0, 46.5, 2.5, 47.0 ], "rotation": 90 },
														"south": { "texture": "#skin", "uv": [ 1.5, 47.0, 2.0, 47.5 ] },
														"west": { "texture": "#skin", "uv": [ 1.0, 46.5, 1.5, 47.0 ], "rotation": 270 },
														"up": { "texture": "#skin", "uv": [ 1.5, 46.5, 2.0, 47.0 ] },
														"down": { "texture": "#skin", "uv": [ 2.5, 46.5, 3.0, 47.0 ] }
													}
												}
											]
										}
									]
								},
								{
									"name": "Jaw",
									"from": [ -3.5, -0.8, 0.9 ],
									"to": [ 2.3, 1.7, 3.7 ],
									"unwrapMode": 5,
									"unwrapRotation": 1,
									"uv": [ 12.0, 70.0 ],
									"rotationOrigin": [ 1.8, 0.8, 2.1 ],
									"rotationZ": -10.0,
									"faces": {
										"north": { "texture": "#skin", "uv": [ 12.0, 70.0, 14.5, 75.5 ], "rotation": 270 },
										"south": { "texture": "#skin", "uv": [ 17.0, 70.0, 19.5, 75.5 ], "rotation": 90 },
										"west": { "texture": "#skin", "uv": [ 14.5, 75.5, 17.0, 78.0 ] },
										"up": { "texture": "#skin", "uv": [ 14.5, 70.0, 17.0, 75.5 ], "rotation": 90 },
										"down": { "texture": "#skin", "uv": [ 19.5, 70.0, 22.0, 75.5 ], "rotation": 270 }
									},
									"children": [
										{
											"name": "Jaw2",
											"from": [ -1.5, 0.4, 0.3 ],
											"to": [ 1.0, 1.6, 2.5 ],
											"unwrapMode": 5,
											"unwrapRotation": 1,
											"uv": [ 15.5, 66.0 ],
											"rotationOrigin": [ 0.8, 1.1, 1.3 ],
											"rotationZ": 6.0,
											"faces": {
												"north": { "texture": "#skin", "uv": [ 15.5, 66.0, 16.5, 68.5 ], "rotation": 270 },
												"south": { "texture": "#skin", "uv": [ 18.5, 66.0, 19.5, 68.5 ], "rotation": 90 },
												"west": { "texture": "#skin", "uv": [ 16.5, 68.5, 18.5, 69.5 ] },
												"up": { "texture": "#skin", "uv": [ 16.5, 66.0, 18.5, 68.5 ], "rotation": 90 },
												"down": { "texture": "#skin", "uv": [ 19.5, 66.0, 21.5, 68.5 ], "rotation": 270 }
											}
										},
										{
											"name": "Tongue",
											"from": [ -0.7, 1.1, 0.8 ],
											"to": [ 1.1, 2.0, 2.0 ],
											"unwrapMode": 7,
											"unwrapRotation": 1,
											"uv": [ 15.5, 58.0 ],
											"rotationOrigin": [ 1.1, 1.6, 1.2 ],
											"rotationZ": 20.0,
											"faces": {
												"north": { "texture": "#skin", "uv": [ 17.0, 58.5, 17.5, 60.0 ], "rotation": 90 },
												"south": { "texture": "#skin", "uv": [ 15.5, 58.5, 16.0, 60.0 ], "rotation": 270 },
												"west": { "texture": "#skin", "uv": [ 16.0, 58.0, 17.0, 58.5 ], "rotation": 180 },
												"up": { "texture": "#skin", "uv": [ 16.0, 58.5, 17.0, 60.0 ], "rotation": 270 },
												"down": { "texture": "#skin", "uv": [ 17.5, 58.5, 18.5, 60.0 ], "rotation": 90 }
											}
										}
									]
								},
								{
									"name": "AntlerBase",
									"from": [ 0.9, 4.5, 2.3 ],
									"to": [ 0.9, 4.5, 2.3 ],
									"uv": [ 0.0, 0.0 ],
									"rotationOrigin": [ 0.9, 4.5, 2.3 ],
									"faces": {
									},
									"children": [
										{
											"name": "LHorn1",
											"from": [ -0.3, 0.3, 0.8 ],
											"to": [ 1.5, 1.3, 2.1 ],
											"unwrapMode": 2,
											"uv": [ 68.5, 41.5 ],
											"rotationOrigin": [ 0.2, 0.3, 1.2 ],
											"rotationX": 83.0,
											"rotationY": 3.0,
											"rotationZ": -15.0,
											"faces": {
											},
											"children": [
												{
													"name": "LHorn2",
													"from": [ 0.0, 0.8, 0.0 ],
													"to": [ 1.7, 1.8, 1.2 ],
													"unwrapMode": 2,
													"uv": [ 68.5, 39.5 ],
													"rotationOrigin": [ 0.6, 0.8, 0.6 ],
													"rotationX": 5.0,
													"rotationY": 6.0,
													"rotationZ": -3.0,
													"faces": {
														"north": { "texture": "#skin", "uv": [ 71.0, 41.0, 72.5, 42.0 ] },
														"east": { "texture": "#skin", "uv": [ 70.0, 41.0, 71.0, 42.0 ] },
														"south": { "texture": "#skin", "uv": [ 68.5, 41.0, 70.0, 42.0 ] },
														"west": { "texture": "#skin", "uv": [ 72.5, 41.0, 73.5, 42.0 ] },
														"up": { "texture": "#skin", "uv": [ 70.0, 39.5, 71.0, 41.0 ], "rotation": 270 }
													},
													"children": [
														{
															"name": "LHorn3",
															"from": [ 0.0, 0.8, 0.1 ],
															"to": [ 1.6, 1.8, 1.1 ],
															"unwrapMode": 2,
															"uv": [ 68.5, 38.0 ],
															"rotationOrigin": [ 0.5, 0.8, 0.6 ],
															"rotationX": 5.0,
															"rotationY": 8.0,
															"rotationZ": -16.0,
															"faces": {
																"north": { "texture": "#skin", "uv": [ 71.0, 39.5, 72.5, 40.5 ] },
																"east": { "texture": "#skin", "uv": [ 70.0, 39.5, 71.0, 40.5 ] },
																"south": { "texture": "#skin", "uv": [ 68.5, 39.5, 70.0, 40.5 ] },
																"west": { "texture": "#skin", "uv": [ 72.5, 39.5, 73.5, 40.5 ] },
																"up": { "texture": "#skin", "uv": [ 70.0, 38.0, 71.0, 39.5 ], "rotation": 270 }
															},
															"children": [
																{
																	"name": "LHorn4",
																	"from": [ 0.0, 0.9, 0.0 ],
																	"to": [ 1.5, 1.9, 1.0 ],
																	"unwrapMode": 1,
																	"uv": [ 68.5, 37.0 ],
																	"rotationOrigin": [ 0.4, 0.9, 0.4 ],
																	"rotationY": 8.0,
																	"rotationZ": -12.0,
																	"faces": {
																		"north": { "texture": "#skin", "uv": [ 69.5, 38.0, 71.0, 39.0 ] },
																		"east": { "texture": "#skin", "uv": [ 68.5, 38.0, 69.5, 39.0 ] },
																		"south": { "texture": "#skin", "uv": [ 72.0, 38.0, 73.5, 39.0 ] },
																		"west": { "texture": "#skin", "uv": [ 71.0, 38.0, 72.0, 39.0 ] },
																		"up": { "texture": "#skin", "uv": [ 69.5, 37.0, 71.0, 38.0 ], "rotation": 180 }
																	},
																	"children": [
																		{
																			"name": "LHorn5",
																			"from": [ 0.0, 0.8, 0.0 ],
																			"to": [ 1.4, 1.8, 0.8 ],
																			"unwrapMode": 3,
																			"uv": [ 68.5, 36.0 ],
																			"rotationOrigin": [ 0.5, 0.8, 0.5 ],
																			"rotationX": -5.0,
																			"rotationY": 8.0,
																			"rotationZ": -4.0,
																			"faces": {
																				"north": { "texture": "#skin", "uv": [ 70.5, 36.5, 71.5, 37.5 ] },
																				"east": { "texture": "#skin", "uv": [ 70.0, 36.5, 70.5, 37.5 ] },
																				"south": { "texture": "#skin", "uv": [ 69.0, 36.5, 70.0, 37.5 ] },
																				"west": { "texture": "#skin", "uv": [ 68.5, 36.5, 69.0, 37.5 ] },
																				"up": { "texture": "#skin", "uv": [ 69.0, 36.0, 70.0, 36.5 ] }
																			},
																			"children": [
																				{
																					"name": "LHorn6",
																					"from": [ 0.1, 0.9, 0.1 ],
																					"to": [ 1.3, 1.9, 0.7 ],
																					"unwrapMode": 3,
																					"uv": [ 68.5, 35.0 ],
																					"rotationOrigin": [ 0.4, 0.9, 0.4 ],
																					"rotationX": -4.0,
																					"rotationZ": -4.0,
																					"faces": {
																						"north": { "texture": "#skin", "uv": [ 70.5, 35.5, 71.5, 36.5 ] },
																						"east": { "texture": "#skin", "uv": [ 70.0, 35.5, 70.5, 36.5 ] },
																						"south": { "texture": "#skin", "uv": [ 69.0, 35.5, 70.0, 36.5 ] },
																						"west": { "texture": "#skin", "uv": [ 68.5, 35.5, 69.0, 36.5 ] },
																						"up": { "texture": "#skin", "uv": [ 69.0, 35.0, 70.0, 35.5 ] }
																					},
																					"children": [
																						{
																							"name": "LHorn7",
																							"from": [ 0.0, 0.9, 0.05 ],
																							"to": [ 1.0, 1.9, 0.55 ],
																							"unwrapMode": 3,
																							"uv": [ 68.5, 34.0 ],
																							"rotationOrigin": [ 0.2, 0.9, 0.3 ],
																							"rotationX": -2.0,
																							"rotationY": -4.0,
																							"rotationZ": -4.0,
																							"faces": {
																								"north": { "texture": "#skin", "uv": [ 70.5, 34.5, 71.5, 35.5 ] },
																								"east": { "texture": "#skin", "uv": [ 70.0, 34.5, 70.5, 35.5 ] },
																								"south": { "texture": "#skin", "uv": [ 69.0, 34.5, 70.0, 35.5 ] },
																								"west": { "texture": "#skin", "uv": [ 68.5, 34.5, 69.0, 35.5 ] },
																								"up": { "texture": "#skin", "uv": [ 69.0, 34.0, 70.0, 34.5 ] }
																							},
																							"children": [
																								{
																									"name": "LHorn8",
																									"from": [ 0.1, 0.9, 0.1 ],
																									"to": [ 0.8, 1.5, 0.4 ],
																									"unwrapMode": 3,
																									"uv": [ 68.5, 33.5 ],
																									"rotationOrigin": [ 0.2, 0.9, 0.2 ],
																									"rotationX": -2.0,
																									"rotationY": -4.0,
																									"rotationZ": -12.0,
																									"faces": {
																										"north": { "texture": "#skin", "uv": [ 70.0, 34.0, 70.5, 34.5 ] },
																										"east": { "texture": "#skin", "uv": [ 69.5, 34.0, 70.0, 34.5 ] },
																										"south": { "texture": "#skin", "uv": [ 69.0, 34.0, 69.5, 34.5 ] },
																										"west": { "texture": "#skin", "uv": [ 68.5, 34.0, 69.0, 34.5 ] },
																										"up": { "texture": "#skin", "uv": [ 69.0, 33.5, 69.5, 34.0 ] }
																									}
																								}
																							]
																						}
																					]
																				}
																			]
																		}
																	]
																}
															]
														}
													]
												}
											]
										},
										{
											"name": "RHorn1",
											"from": [ -0.3, 0.2, -2.0 ],
											"to": [ 1.5, 1.2, -0.7 ],
											"unwrapMode": 2,
											"uv": [ 70.5, 41.5 ],
											"rotationOrigin": [ 0.2, 0.2, -1.2 ],
											"rotationX": -83.0,
											"rotationY": -3.0,
											"rotationZ": -15.0,
											"faces": {
											},
											"children": [
												{
													"name": "RHorn2",
													"from": [ 0.0, 0.8, 0.1 ],
													"to": [ 1.7, 1.8, 1.3 ],
													"unwrapMode": 2,
													"uv": [ 70.5, 39.5 ],
													"rotationOrigin": [ 0.6, 0.8, 0.9 ],
													"rotationX": -5.0,
													"rotationY": -6.0,
													"rotationZ": -3.0,
													"faces": {
														"north": { "texture": "#skin", "uv": [ 73.0, 41.0, 74.5, 42.0 ] },
														"east": { "texture": "#skin", "uv": [ 72.0, 41.0, 73.0, 42.0 ] },
														"south": { "texture": "#skin", "uv": [ 70.5, 41.0, 72.0, 42.0 ] },
														"west": { "texture": "#skin", "uv": [ 74.5, 41.0, 75.5, 42.0 ] },
														"up": { "texture": "#skin", "uv": [ 72.0, 39.5, 73.0, 41.0 ], "rotation": 270 }
													},
													"children": [
														{
															"name": "RHorn3",
															"from": [ 0.0, 0.8, 0.1 ],
															"to": [ 1.6, 1.8, 1.1 ],
															"unwrapMode": 2,
															"uv": [ 70.5, 38.0 ],
															"rotationOrigin": [ 0.5, 0.8, 0.6 ],
															"rotationX": -5.0,
															"rotationY": -8.0,
															"rotationZ": -16.0,
															"faces": {
																"north": { "texture": "#skin", "uv": [ 73.0, 39.5, 74.5, 40.5 ] },
																"east": { "texture": "#skin", "uv": [ 72.0, 39.5, 73.0, 40.5 ] },
																"south": { "texture": "#skin", "uv": [ 70.5, 39.5, 72.0, 40.5 ] },
																"west": { "texture": "#skin", "uv": [ 74.5, 39.5, 75.5, 40.5 ] },
																"up": { "texture": "#skin", "uv": [ 72.0, 38.0, 73.0, 39.5 ], "rotation": 270 }
															},
															"children": [
																{
																	"name": "RHorn4",
																	"from": [ 0.0, 0.9, 0.0 ],
																	"to": [ 1.5, 1.9, 1.0 ],
																	"unwrapMode": 3,
																	"uv": [ 70.5, 37.0 ],
																	"rotationOrigin": [ 0.4, 0.9, 0.4 ],
																	"rotationY": -8.0,
																	"rotationZ": -12.0,
																	"faces": {
																		"north": { "texture": "#skin", "uv": [ 74.0, 38.0, 75.5, 39.0 ] },
																		"east": { "texture": "#skin", "uv": [ 73.0, 38.0, 74.0, 39.0 ] },
																		"south": { "texture": "#skin", "uv": [ 71.5, 38.0, 73.0, 39.0 ] },
																		"west": { "texture": "#skin", "uv": [ 70.5, 38.0, 71.5, 39.0 ] },
																		"up": { "texture": "#skin", "uv": [ 71.5, 37.0, 73.0, 38.0 ] }
																	},
																	"children": [
																		{
																			"name": "RHorn5",
																			"from": [ 0.0, 0.8, 0.0 ],
																			"to": [ 1.4, 1.8, 0.8 ],
																			"unwrapMode": 1,
																			"uv": [ 72.5, 36.0 ],
																			"rotationOrigin": [ 0.5, 0.8, 0.5 ],
																			"rotationX": 5.0,
																			"rotationY": -8.0,
																			"rotationZ": -4.0,
																			"faces": {
																				"north": { "texture": "#skin", "uv": [ 73.0, 36.5, 74.0, 37.5 ] },
																				"east": { "texture": "#skin", "uv": [ 72.5, 36.5, 73.0, 37.5 ] },
																				"south": { "texture": "#skin", "uv": [ 74.5, 36.5, 75.5, 37.5 ] },
																				"west": { "texture": "#skin", "uv": [ 74.0, 36.5, 74.5, 37.5 ] },
																				"up": { "texture": "#skin", "uv": [ 73.0, 36.0, 74.0, 36.5 ], "rotation": 180 }
																			},
																			"children": [
																				{
																					"name": "RHorn6",
																					"from": [ 0.1, 0.9, 0.1 ],
																					"to": [ 1.3, 1.9, 0.7 ],
																					"unwrapMode": 1,
																					"uv": [ 72.5, 35.0 ],
																					"rotationOrigin": [ 0.4, 0.9, 0.4 ],
																					"rotationX": 4.0,
																					"rotationZ": -4.0,
																					"faces": {
																						"north": { "texture": "#skin", "uv": [ 73.0, 35.5, 74.0, 36.5 ] },
																						"east": { "texture": "#skin", "uv": [ 72.5, 35.5, 73.0, 36.5 ] },
																						"south": { "texture": "#skin", "uv": [ 74.5, 35.5, 75.5, 36.5 ] },
																						"west": { "texture": "#skin", "uv": [ 74.0, 35.5, 74.5, 36.5 ] },
																						"up": { "texture": "#skin", "uv": [ 73.0, 35.0, 74.0, 35.5 ], "rotation": 180 }
																					},
																					"children": [
																						{
																							"name": "RHorn7",
																							"from": [ 0.0, 0.9, 0.05 ],
																							"to": [ 1.0, 1.9, 0.55 ],
																							"unwrapMode": 1,
																							"uv": [ 72.5, 34.0 ],
																							"rotationOrigin": [ 0.2, 0.9, 0.3 ],
																							"rotationX": 2.0,
																							"rotationY": 4.0,
																							"rotationZ": -4.0,
																							"faces": {
																								"north": { "texture": "#skin", "uv": [ 73.0, 34.5, 74.0, 35.5 ] },
																								"east": { "texture": "#skin", "uv": [ 72.5, 34.5, 73.0, 35.5 ] },
																								"south": { "texture": "#skin", "uv": [ 74.5, 34.5, 75.5, 35.5 ] },
																								"west": { "texture": "#skin", "uv": [ 74.0, 34.5, 74.5, 35.5 ] },
																								"up": { "texture": "#skin", "uv": [ 73.0, 34.0, 74.0, 34.5 ], "rotation": 180 }
																							},
																							"children": [
																								{
																									"name": "RHorn8",
																									"from": [ 0.1, 0.9, 0.1 ],
																									"to": [ 0.8, 1.5, 0.4 ],
																									"unwrapMode": 1,
																									"uv": [ 73.5, 33.5 ],
																									"rotationOrigin": [ 0.2, 0.9, 0.2 ],
																									"rotationX": 2.0,
																									"rotationY": 4.0,
																									"rotationZ": -12.0,
																									"faces": {
																										"north": { "texture": "#skin", "uv": [ 74.0, 34.0, 74.5, 34.5 ] },
																										"east": { "texture": "#skin", "uv": [ 73.5, 34.0, 74.0, 34.5 ] },
																										"south": { "texture": "#skin", "uv": [ 75.0, 34.0, 75.5, 34.5 ] },
																										"west": { "texture": "#skin", "uv": [ 74.5, 34.0, 75.0, 34.5 ] },
																										"up": { "texture": "#skin", "uv": [ 74.0, 33.5, 74.5, 34.0 ], "rotation": 180 }
																									}
																								}
																							]
																						}
																					]
																				}
																			]
																		}
																	]
																}
															]
														}
													]
												}
											]
										}
									]
								},
								{
									"name": "HeadStorage",
									"from": [ 0.0, 0.0, -0.7 ],
									"to": [ 4.0, 6.0, 5.3 ],
									"uv": [ 0.0, 0.0 ],
									"rotationOrigin": [ 0.0, 0.0, -0.7 ],
									"faces": {
									},
									"attachmentpoints": [
										{
											"code": "HeadAP",
											"posX": "0.0","posY": "0.0","posZ": "0.0",
											"rotationX": "0.0","rotationY": "0.0","rotationZ": "0.0"
										}
									]
								}
							]
						},
						{
							"name": "Neck Hump2",
							"from": [ 5.7, 0.8, 0.4 ],
							"to": [ 7.5, 5.4, 3.2 ],
							"unwrapMode": 2,
							"uv": [ 28.5, 0.5 ],
							"rotationOrigin": [ 7.5, 1.3, 0.4 ],
							"rotationZ": 10.0,
							"faces": {
								"north": { "texture": "#skin", "uv": [ 32.5, 2.0, 34.0, 6.5 ] },
								"east": { "texture": "#skin", "uv": [ 30.0, 2.0, 32.5, 6.5 ] },
								"south": { "texture": "#skin", "uv": [ 28.5, 2.0, 30.0, 6.5 ] },
								"up": { "texture": "#skin", "uv": [ 30.0, 0.5, 32.5, 2.0 ], "rotation": 270 },
								"down": { "texture": "#skin", "uv": [ 30.0, 6.5, 32.5, 8.0 ], "rotation": 270 }
							}
						}
					],
					"attachmentpoints": [
						{
							"code": "rope",
							"posX": "0.0","posY": "2.0","posZ": "1.8",
							"rotationX": "0.0","rotationY": "0.0","rotationZ": "0.0"
						}
					]
				},
				{
					"name": "Neck Hump",
					"from": [ 8.0, 2.6, 0.55 ],
					"to": [ 9.6, 7.6, 4.05 ],
					"unwrapMode": 2,
					"uv": [ 33.0, 5.5 ],
					"rotationOrigin": [ 9.6, 2.9, 1.7 ],
					"rotationZ": 19.0,
					"faces": {
						"north": { "texture": "#skin", "uv": [ 38.0, 7.0, 39.5, 12.0 ] },
						"east": { "texture": "#skin", "uv": [ 34.5, 7.0, 38.0, 12.0 ] },
						"south": { "texture": "#skin", "uv": [ 33.0, 7.0, 34.5, 12.0 ] },
						"up": { "texture": "#skin", "uv": [ 34.5, 5.5, 38.0, 7.0 ], "rotation": 270 },
						"down": { "texture": "#skin", "uv": [ 34.5, 12.0, 38.0, 13.5 ], "rotation": 270 }
					}
				},
				{
					"name": "NeckStorage",
					"from": [ -2.0, 0.0, -0.7 ],
					"to": [ 1.0, 8.0, 5.3 ],
					"uv": [ 0.0, 0.0 ],
					"rotationOrigin": [ -2.0, 0.0, -0.7 ],
					"faces": {
					},
					"attachmentpoints": [
						{
							"code": "NeckAP",
							"posX": "0.0","posY": "0.0","posZ": "0.0",
							"rotationX": "0.0","rotationY": "0.0","rotationZ": "0.0"
						}
					]
				}
			]
		}
	]}