[
	{
		"code": "dye-brown",
		"sealHours": 24,
		"ingredients": [
			{ "type": "item", "code": "game:waterportion", "litres": 1 },
			{ "type": "item", "code": "game:clay-fire", "quantity": 4 }
		],
		"output": { "type": "item", "code": "game:dye-brown", "litres": 1 }
	},
	{
		"code": "dye-brown",
		"sealHours": 24,
		"ingredients": [
			{ "type": "item", "code": "game:waterportion", "litres": 1 },
			{ "type": "item", "code": "game:nugget-limonite", "quantity": 4 }
		],
		"output": { "type": "item", "code": "game:dye-brown", "litres": 1 }
	},
	{
		"code": "dye-brown",
		"sealHours": 24,
		"ingredients": [
			{ "type": "item", "code": "game:waterportion", "litres": 1 },
			{ "type": "item", "code": "game:treeseed-walnut", "quantity": 4 }
		],
		"output": { "type": "item", "code": "game:dye-brown", "litres": 1 }
	}
]