[
	{
		"code": "dye-cyan",
		"sealHours": 8,
		"ingredients": [
			{ "type": "item", "code": "game:waterportion", "litres": 4 },
			{ "type": "block", "code": "game:flower-lupine-blue-free", "quantity": 4 }
		],
		"output": { "type": "item", "code": "game:dye-cyan", "litres": 4 }
	},
	{
		"code": "dye-cyan",
		"sealHours": 8,
		"ingredients": [
			{ "type": "item", "code": "game:waterportion", "litres": 4 },
			{ "type": "block", "code": "game:flower-lupine-purple-free", "quantity": 4 }
		],
		"output": { "type": "item", "code": "game:dye-cyan", "litres": 4 }
	}
]