[
	{
		"enabled": true,
		"side": "server",
		"op": "addmerge",
		"file": "game:entities/nonliving/boat-sailed.json",
		"path": "/client/behaviors",
		"value": [{ "code": "ownable" }]
	},
	{
		"enabled": true,
		"side": "server",
		"op": "addmerge",
		"file": "game:entities/nonliving/boat-sailed.json",
		"path": "/server/behaviors",
		"value": [{ "code": "ownable" }]
	},
	{
		"enabled": true,
		"side": "server",
		"op": "addmerge",
		"file": "game:entities/nonliving/boat-sailed.json",
		"path": "/behaviorConfigs/rideableaccessories/wearableSlots",
		"value": [
				{
					"code": "boat",
					"forCategoryCodes": ["boat"],
					"attachmentPointCode": "MedalionFP",
					"emptyInteractPassThrough": true
				}
		]
	},
	{
		"enabled": true,
		"side": "server",
		"op": "addmerge",
		"file": "game:entities/nonliving/boat-sailed.json",
		"path": "/behaviorConfigs",
		"value": { "ownable": { "groupCode": "mountableboat" } }
	},
	{
		"enabled": true,
		"side": "server",
		"op": "addmerge",
		"file": "game:entities/nonliving/boat-sailed.json",
		"path": "/behaviorConfigs/selectionboxes/selectionBoxes",
		"value": ["MedalionFP"]
	}
]