{
	"code": "sugarcane",
	"maxstacksize": 64,
	"attributes": {
		"displaycaseable": true,
		"shelvable": true,
		"inContainerTexture": { "base": "pemmican:block/barrel/fill-sugarcane" },
		"onshelfTransform": {
			"translation": { "x": 0, "y": -0.05, "z": 0 },
			"rotation": { "x": 0, "y": 41, "z": 0 },
			"scale": 0.95
		}
	},
	"behaviors": [
		{
			"name": "GroundStorable",
			"properties": {
				"layout": "Stacking",
				"placeRemoveSound": "game:sounds/block/pumpkin",
				"stackingModel": "pemmican:block/plant/sugarcanepile",
				"tessQuantityElements": 1,
				"stackingCapacity": 80,
				"transferQuantity": 1,
				"bulkTransferQuantity": 8,
				"collisionBox": {
					"x1": 0,
					"y1": 0,
					"z1": 0,
					"x2": 1,
					"y2": 0.0625,
					"z2": 1
				},
				"cbScaleYByLayer": 0.2
			}
		},
		{ "name": "Unplaceable" }
	],
	"shape": {
		"base": "pemmican:item/crop/vegetable/sugarcane"
	},
	"grindingProps": 
		{ "groundStack": { "type": "item", "code": "pemmican:sugargrind-sugarcane" } },
	"transitionableProps": [{
    		"type": "Perish",
    		"freshHours": { "avg": 500 },
    		"transitionHours": { "avg": 24 },
    		"transitionedStack": { "type": "item", "code": "game:rot" },
    		"transitionRatio": 0.2
  	}],
	"creativeinventory": { "general": ["*"], "items": ["*"], "Long-term food": ["*"]},
	"groundTransform": {
		"translation": { "x": 0, "y": 0, "z": 0 },
		"rotation": { "x": 90, "y": 0, "z": 0 },
		"origin": { "x": 0.5, "y": 0.5, "z": 0.5299 },
		"scale": 4.42
	},
	"fpHandTransform": {
		"rotation": { "x": 180, "y": 90, "z": -145 },
		"scale": 3.83
	},
	"tpHandTransform": {
		"translation": { "x": -2, "y": -1.4, "z": -1.5 },
		"rotation": { "x": 12, "y": -45, "z": -25 },
	},
	"guiTransform": {
		"translation": { "x": 0, "y": -28, "z": 0 },
		"scale": 3.05
	},
	"materialDensity": 600
}