{
	"editor": {
		"allAngles": false,
		"entityTextureMode": false
	},
	"textureWidth": 16,
	"textureHeight": 16,
	"textureSizes": {
		"bottom": [16,16],
		"sides": [16,16],
		"inner side": [16,16],
		"iron1": [16,16]
	},
	"textures": {
	},
	"elements": [
		{
			"name": "MetalTankardContents",
			"from": [ 6.3, 1.1, 6.3 ],
			"to": [ 9.7, 1.1, 9.7 ],
			"renderPass": 4,
			"rotationOrigin": [ 6.3, 1.1, 6.3 ],
			"faces": {
				"up": { "texture": "#null", "uv": [ 0.0, 0.0, 3.0, 3.0 ] }
			}
		}
	]}