{
	"editor": {
		"collapsedPaths": ",Root/TopBandN/TopBandW,Root/TopBandN/TopBandE,Root/TopBandN2,Root/LowerBand",
		"allAngles": false,
		"entityTextureMode": false
	},
	"textureWidth": 16,
	"textureHeight": 16,
	"textureSizes": {
		"trunk": [16,16],
		"binding": [16,16],
		"bark": [16,16]
	},
	"textures": {
		"bark": "G:/Games/Vintagestory/assets/survival/textures/block/wood/bark/oak",
		"trunk": "G:/Games/Vintagestory/assets/survival/textures/block/wood/treetrunk/oak"
	},
	"elements": [
		{
			"name": "Base",
			"from": [ 6.0, 0.001, 6.0 ],
			"to": [ 10.0, 0.601, 10.0 ],
			"rotationOrigin": [ 5.0, 0.0, 5.5 ],
			"faces": {
				"north": { "texture": "#trunk", "uv": [ 5.5, 0.0, 13.0, 1.0 ], "autoUv": false, "windMode": [-1,-1,-1,-1] },
				"east": { "texture": "#trunk", "uv": [ 5.5, 0.0, 13.0, 1.0 ], "autoUv": false, "windMode": [-1,-1,-1,-1] },
				"south": { "texture": "#trunk", "uv": [ 4.5, 16.0, 12.0, 15.0 ], "autoUv": false, "windMode": [-1,-1,-1,-1] },
				"west": { "texture": "#trunk", "uv": [ 2.0, 15.0, 9.5, 16.0 ], "rotation": 180, "autoUv": false, "windMode": [-1,-1,-1,-1] },
				"up": { "texture": "#trunk", "uv": [ 3.5, 3.5, 11.0, 11.0 ], "autoUv": false, "windMode": [-1,-1,-1,-1] },
				"down": { "texture": "#trunk", "uv": [ 4.5, 4.0, 12.0, 11.5 ], "autoUv": false, "windMode": [-1,-1,-1,-1] }
			}
		},
		{
			"name": "Root",
			"from": [ 7.59, 3.9, 12.4 ],
			"to": [ 7.59, 3.9, 12.4 ],
			"rotationOrigin": [ 7.59, 3.9, 12.4 ],
			"rotationX": 180.0,
			"faces": {
			},
			"children": [
				{
					"name": "N Side",
					"from": [ -1.29, 3.9, 6.8 ],
					"to": [ 2.11, 9.901, 7.5 ],
					"rotationOrigin": [ -1.29, 3.9, 6.8 ],
					"rotationX": -180.0,
					"faces": {
						"north": { "texture": "#bark", "uv": [ 5.5, 2.5, 10.5, 12.5 ], "autoUv": false },
						"east": { "texture": "#bark", "uv": [ 1.5, 1.0, 6.5, 8.0 ], "autoUv": false, "windMode": [-1,-1,-1,-1] },
						"south": { "texture": "#trunk", "uv": [ 3.5, 2.0, 12.5, 14.0 ], "autoUv": false, "windMode": [-1,-1,-1,-1] },
						"west": { "texture": "#bark", "uv": [ 1.5, 1.0, 6.5, 8.0 ], "autoUv": false, "windMode": [-1,-1,-1,-1] },
						"up": { "texture": "#trunk", "uv": [ 6.0, 0.0, 13.0, 2.5 ], "autoUv": false, "windMode": [-1,-1,-1,-1] },
						"down": { "texture": "#trunk", "uv": [ 7.0, 0.0, 14.0, 2.5 ], "autoUv": false }
					}
				},
				{
					"name": "W Side",
					"from": [ -2.09, 3.9, 6.0 ],
					"to": [ -1.39, 9.901, 9.2 ],
					"rotationOrigin": [ -2.09, 3.9, 6.0 ],
					"rotationX": -180.0,
					"faces": {
						"north": { "texture": "#bark", "uv": [ 0.0, 1.0, 1.0, 8.0 ], "autoUv": false },
						"east": { "texture": "#trunk", "uv": [ 3.0, 2.0, 12.0, 14.0 ], "autoUv": false, "windMode": [-1,-1,-1,-1] },
						"south": { "texture": "#bark", "uv": [ 0.0, 1.0, 1.0, 8.0 ], "autoUv": false },
						"west": { "texture": "#bark", "uv": [ 6.0, 2.0, 11.0, 12.0 ], "autoUv": false, "windMode": [-1,-1,-1,-1] },
						"up": { "texture": "#trunk", "uv": [ 0.0, 6.0, 2.5, 13.0 ], "autoUv": false },
						"down": { "texture": "#trunk", "uv": [ 13.5, 3.0, 16.0, 10.0 ], "autoUv": false }
					}
				},
				{
					"name": "S Side",
					"from": [ -1.29, 3.9, 2.7 ],
					"to": [ 2.11, 9.901, 3.4 ],
					"rotationOrigin": [ -1.29, 3.9, 2.7 ],
					"rotationX": -180.0,
					"faces": {
						"north": { "texture": "#trunk", "uv": [ 3.0, 2.0, 12.0, 14.0 ], "autoUv": false, "windMode": [-1,-1,-1,-1] },
						"east": { "texture": "#bark", "uv": [ 8.5, 4.5, 9.0, 10.5 ], "windMode": [-1,-1,-1,-1] },
						"south": { "texture": "#bark", "uv": [ 4.5, 5.5, 9.5, 15.5 ], "autoUv": false, "snapUv": false, "windMode": [-1,-1,-1,-1] },
						"west": { "texture": "#bark", "uv": [ 8.0, 3.0, 8.5, 9.0 ], "windMode": [-1,-1,-1,-1] },
						"up": { "texture": "#trunk", "uv": [ 3.5, 12.5, 12.5, 16.0 ], "autoUv": false, "windMode": [-1,-1,-1,-1] },
						"down": { "texture": "#trunk", "uv": [ 6.0, 13.5, 13.0, 16.0 ], "autoUv": false, "windMode": [-1,-1,-1,-1] }
					}
				},
				{
					"name": "E Side",
					"from": [ 2.21, 3.9, 6.0 ],
					"to": [ 2.91, 9.901, 9.2 ],
					"rotationOrigin": [ 2.21, 3.9, 6.0 ],
					"rotationX": -180.0,
					"faces": {
						"north": { "texture": "#bark", "uv": [ 11.5, 2.0, 12.5, 9.0 ], "autoUv": false },
						"east": { "texture": "#bark", "uv": [ 5.5, 0.0, 10.5, 10.0 ], "autoUv": false, "windMode": [-1,-1,-1,-1] },
						"south": { "texture": "#bark", "uv": [ 0.0, 1.0, 1.0, 8.0 ], "autoUv": false, "windMode": [-1,-1,-1,-1] },
						"west": { "texture": "#trunk", "uv": [ 3.0, 2.0, 12.0, 14.0 ], "autoUv": false, "windMode": [-1,-1,-1,-1] },
						"up": { "texture": "#trunk", "uv": [ 13.5, 5.0, 16.0, 12.0 ], "autoUv": false, "windMode": [-1,-1,-1,-1] },
						"down": { "texture": "#trunk", "uv": [ 0.0, 4.5, 2.5, 11.5 ], "autoUv": false }
					}
				},
				{
					"name": "Handle1",
					"from": [ 0.01, -1.71, 0.3 ],
					"to": [ 0.81, 0.89, 1.1 ],
					"rotationOrigin": [ 0.01, -1.3, 0.4 ],
					"rotationX": 90.0,
					"faces": {
						"north": { "texture": "#trunk", "uv": [ 5.0, 3.0, 7.5, 10.5 ], "autoUv": false },
						"east": { "texture": "#trunk", "uv": [ 5.0, 3.0, 7.5, 10.5 ], "autoUv": false, "windMode": [-1,-1,-1,-1] },
						"south": { "texture": "#bark", "uv": [ 10.5, 3.5, 13.0, 11.0 ], "autoUv": false },
						"west": { "texture": "#trunk", "uv": [ 5.0, 3.0, 7.5, 10.5 ], "autoUv": false },
						"down": { "texture": "#bark", "uv": [ 6.0, 6.0, 8.5, 8.5 ], "autoUv": false }
					}
				},
				{
					"name": "Handle3",
					"from": [ 0.01, 2.2, 0.0 ],
					"to": [ 0.81, 4.6, 0.8 ],
					"rotationOrigin": [ 0.01, 2.2, 0.0 ],
					"rotationX": 75.0,
					"faces": {
						"north": { "texture": "#bark", "uv": [ 11.0, 7.0, 13.5, 14.5 ], "autoUv": false },
						"east": { "texture": "#trunk", "uv": [ 5.0, 3.0, 7.5, 10.5 ], "autoUv": false },
						"south": { "texture": "#trunk", "uv": [ 5.0, 3.0, 7.5, 10.5 ], "autoUv": false },
						"west": { "texture": "#trunk", "uv": [ 5.0, 3.0, 7.5, 10.5 ], "autoUv": false }
					}
				},
				{
					"name": "Handle2",
					"from": [ 0.0, -1.3, 0.0 ],
					"to": [ 0.82, 2.2, 0.8 ],
					"rotationOrigin": [ 0.01, -1.3, 0.0 ],
					"faces": {
						"north": { "texture": "#bark", "uv": [ 11.0, 4.0, 13.5, 11.5 ], "autoUv": false },
						"east": { "texture": "#trunk", "uv": [ 5.0, 3.0, 7.5, 10.5 ], "autoUv": false },
						"south": { "texture": "#trunk", "uv": [ 5.0, 3.0, 7.5, 10.5 ], "autoUv": false },
						"west": { "texture": "#trunk", "uv": [ 5.0, 3.0, 7.5, 10.5 ], "autoUv": false }
					}
				},
				{
					"name": "NW Block",
					"from": [ -2.05, -2.1, 6.15 ],
					"to": [ -1.35, 3.901, 7.28 ],
					"rotationOrigin": [ -2.25, -2.1, 6.125 ],
					"rotationY": 45.0,
					"faces": {
						"east": { "texture": "#trunk", "uv": [ 6.0, 2.5, 9.0, 14.5 ], "autoUv": false, "windMode": [-1,-1,-1,-1] },
						"west": { "texture": "#bark", "uv": [ 7.5, 2.5, 9.5, 13.5 ], "autoUv": false, "windMode": [-1,-1,-1,-1] },
						"up": { "texture": "#trunk", "uv": [ 0.0, 6.0, 2.5, 8.5 ], "autoUv": false, "windMode": [-1,-1,-1,-1] },
						"down": { "texture": "#trunk", "uv": [ 13.5, 5.0, 16.0, 7.5 ], "autoUv": false, "windMode": [-1,-1,-1,-1] }
					}
				},
				{
					"name": "SW Block",
					"from": [ -1.25, -2.1, 1.85 ],
					"to": [ -0.55, 3.901, 2.985 ],
					"rotationOrigin": [ -1.45, -2.1, 1.88 ],
					"rotationY": -45.0,
					"faces": {
						"east": { "texture": "#trunk", "uv": [ 6.0, 2.5, 9.0, 14.5 ], "autoUv": false },
						"west": { "texture": "#bark", "uv": [ 8.0, 1.5, 10.0, 13.5 ], "autoUv": false, "windMode": [-1,-1,-1,-1] },
						"up": { "texture": "#trunk", "uv": [ 0.0, 5.0, 2.5, 7.5 ], "autoUv": false, "windMode": [-1,-1,-1,-1] },
						"down": { "texture": "#trunk", "uv": [ 13.5, 5.0, 16.0, 7.5 ], "autoUv": false, "windMode": [-1,-1,-1,-1] }
					}
				},
				{
					"name": "NE Block",
					"from": [ 2.55, -2.1, 5.39 ],
					"to": [ 3.256, 3.901, 6.52 ],
					"rotationOrigin": [ 2.35, -2.1, 5.28 ],
					"rotationY": -45.0,
					"faces": {
						"east": { "texture": "#bark", "uv": [ 4.5, 1.0, 6.5, 13.0 ], "autoUv": false, "windMode": [-1,-1,-1,-1] },
						"west": { "texture": "#trunk", "uv": [ 6.0, 2.5, 9.0, 14.5 ], "autoUv": false, "windMode": [-1,-1,-1,-1] },
						"up": { "texture": "#trunk", "uv": [ 13.5, 3.5, 16.0, 6.0 ], "autoUv": false, "windMode": [-1,-1,-1,-1] },
						"down": { "texture": "#trunk", "uv": [ 0.0, 7.5, 2.5, 10.0 ], "autoUv": false, "windMode": [-1,-1,-1,-1] }
					}
				},
				{
					"name": "SE Block",
					"from": [ 1.658, -2.1, 2.65 ],
					"to": [ 2.358, 3.901, 3.78 ],
					"rotationOrigin": [ 1.45, -2.1, 2.625 ],
					"rotationY": 45.0,
					"faces": {
						"east": { "texture": "#bark", "uv": [ 9.5, 0.5, 11.5, 13.0 ], "autoUv": false, "windMode": [-1,-1,-1,-1] },
						"west": { "texture": "#trunk", "uv": [ 6.0, 2.5, 9.0, 14.5 ], "autoUv": false, "windMode": [-1,-1,-1,-1] },
						"up": { "texture": "#trunk", "uv": [ 13.5, 11.0, 16.0, 13.5 ], "autoUv": false, "windMode": [-1,-1,-1,-1] },
						"down": { "texture": "#trunk", "uv": [ 0.0, 5.0, 2.5, 7.5 ], "autoUv": false, "windMode": [-1,-1,-1,-1] }
					}
				}
			]
		},
		{
			"name": "TopBandN",
			"from": [ 6.3, 4.3, 5.5 ],
			"to": [ 9.7, 4.8, 5.6 ],
			"rotationOrigin": [ 6.3, 4.3, 5.5 ],
			"faces": {
				"north": { "texture": "#binding", "uv": [ 5.5, 7.5, 9.5, 9.0 ], "autoUv": false, "windMode": [-1,-1,-1,-1] },
				"east": { "texture": "#binding", "uv": [ 0.0, 0.5, 0.5, 1.0 ], "windMode": [-1,-1,-1,-1] },
				"west": { "texture": "#binding", "uv": [ 3.5, 0.5, 4.0, 1.0 ] },
				"up": { "texture": "#binding", "uv": [ 0.0, 0.0, 3.0, 0.5 ] },
				"down": { "texture": "#binding", "uv": [ 3.0, 0.0, 6.0, 0.5 ] }
			},
			"children": [
				{
					"name": "TopBandS",
					"from": [ 0.0, 0.0, 4.9 ],
					"to": [ 3.4, 0.5, 5.0 ],
					"rotationOrigin": [ 0.0, 0.0, 4.9 ],
					"faces": {
						"east": { "texture": "#binding", "uv": [ 3.0, 0.5, 3.5, 1.0 ] },
						"south": { "texture": "#binding", "uv": [ 5.5, 8.5, 9.5, 10.0 ], "autoUv": false, "windMode": [-1,-1,-1,-1] },
						"west": { "texture": "#binding", "uv": [ 6.5, 0.5, 7.0, 1.0 ] },
						"up": { "texture": "#binding", "uv": [ 6.0, 5.5, 9.0, 6.0 ] },
						"down": { "texture": "#binding", "uv": [ 5.5, 6.0, 8.5, 6.5 ] }
					},
					"children": [
						{
							"name": "BoltSW",
							"from": [ 0.7, 0.1, 0.1 ],
							"to": [ 1.0, 0.4, 0.2 ],
							"rotationOrigin": [ 0.7, 0.1, 0.1 ],
							"faces": {
								"east": { "texture": "#binding", "uv": [ 0.0, 0.5, 0.5, 1.0 ], "windMode": [-1,-1,-1,-1] },
								"south": { "texture": "#binding", "uv": [ 6.5, 7.0, 7.0, 7.5 ], "windMode": [-1,-1,-1,-1] },
								"west": { "texture": "#binding", "uv": [ 3.5, 0.5, 4.0, 1.0 ] },
								"up": { "texture": "#binding", "uv": [ 0.0, 0.0, 0.5, 0.5 ] },
								"down": { "texture": "#binding", "uv": [ 2.0, 0.0, 2.5, 0.5 ] }
							}
						},
						{
							"name": "BoltSE",
							"from": [ 2.4, 0.1, 0.1 ],
							"to": [ 2.7, 0.4, 0.2 ],
							"rotationOrigin": [ 2.4, 0.1, 0.1 ],
							"faces": {
								"east": { "texture": "#binding", "uv": [ 0.0, 0.5, 0.5, 1.0 ], "windMode": [-1,-1,-1,-1] },
								"south": { "texture": "#binding", "uv": [ 8.0, 4.0, 8.5, 4.5 ], "windMode": [-1,-1,-1,-1] },
								"west": { "texture": "#binding", "uv": [ 3.5, 0.5, 4.0, 1.0 ] },
								"up": { "texture": "#binding", "uv": [ 0.0, 0.0, 0.5, 0.5 ] },
								"down": { "texture": "#binding", "uv": [ 2.0, 0.0, 2.5, 0.5 ] }
							}
						}
					]
				},
				{
					"name": "TopBandE",
					"from": [ 4.2, 0.0, 0.9 ],
					"to": [ 4.3, 0.5, 4.1 ],
					"rotationOrigin": [ 4.2, 0.0, 0.9 ],
					"faces": {
						"north": { "texture": "#binding", "uv": [ 8.0, 5.0, 8.5, 5.5 ] },
						"east": { "texture": "#binding", "uv": [ 5.5, 7.5, 9.5, 9.0 ], "autoUv": false, "windMode": [-1,-1,-1,-1] },
						"south": { "texture": "#binding", "uv": [ 3.5, 3.0, 4.0, 3.5 ] },
						"up": { "texture": "#binding", "uv": [ 4.5, 4.5, 5.0, 7.5 ] },
						"down": { "texture": "#binding", "uv": [ 0.5, 0.0, 1.0, 3.0 ] }
					},
					"children": [
						{
							"name": "BoltEN",
							"from": [ 0.1, 0.1, 0.7 ],
							"to": [ 0.2, 0.4, 1.0 ],
							"rotationOrigin": [ 0.1, 0.1, 0.7 ],
							"faces": {
								"north": { "texture": "#binding", "uv": [ 8.0, 5.0, 8.5, 5.5 ] },
								"east": { "texture": "#binding", "uv": [ 13.5, 10.0, 14.5, 9.5 ], "autoUv": false, "windMode": [-1,-1,-1,-1] },
								"south": { "texture": "#binding", "uv": [ 3.5, 3.0, 4.0, 3.5 ] },
								"up": { "texture": "#binding", "uv": [ 4.5, 4.5, 5.0, 5.0 ] },
								"down": { "texture": "#binding", "uv": [ 0.5, 0.0, 1.0, 0.5 ] }
							}
						},
						{
							"name": "BoltES",
							"from": [ 0.1, 0.1, 2.2 ],
							"to": [ 0.2, 0.4, 2.5 ],
							"rotationOrigin": [ 0.1, 0.1, 2.2 ],
							"faces": {
								"north": { "texture": "#binding", "uv": [ 6.0, 5.0, 6.5, 5.5 ] },
								"east": { "texture": "#binding", "uv": [ 7.0, 9.5, 7.5, 10.0 ], "autoUv": false, "windMode": [-1,-1,-1,-1] },
								"south": { "texture": "#binding", "uv": [ 3.5, 3.0, 4.0, 3.5 ] },
								"up": { "texture": "#binding", "uv": [ 4.5, 4.5, 5.0, 5.0 ] },
								"down": { "texture": "#binding", "uv": [ 0.5, 0.0, 1.0, 0.5 ] }
							}
						}
					]
				},
				{
					"name": "TopBandW",
					"from": [ -0.9, 0.0, 0.9 ],
					"to": [ -0.8, 0.5, 4.1 ],
					"rotationOrigin": [ -0.9, 0.0, 0.9 ],
					"faces": {
						"north": { "texture": "#binding", "uv": [ 3.0, 3.0, 3.5, 3.5 ] },
						"south": { "texture": "#binding", "uv": [ 6.5, 3.0, 7.0, 3.5 ] },
						"west": { "texture": "#binding", "uv": [ 5.5, 7.5, 9.5, 9.0 ], "autoUv": false, "windMode": [-1,-1,-1,-1] },
						"up": { "texture": "#binding", "uv": [ 7.5, 5.5, 8.0, 8.5 ], "rotation": 180 },
						"down": { "texture": "#binding", "uv": [ 6.5, 8.5, 7.0, 11.5 ] }
					},
					"children": [
						{
							"name": "BoltWS",
							"from": [ -0.1, 0.1, 2.2 ],
							"to": [ 0.0, 0.4, 2.5 ],
							"rotationOrigin": [ -0.1, 0.1, 2.2 ],
							"faces": {
								"north": { "texture": "#binding", "uv": [ 6.0, 5.0, 6.5, 5.5 ] },
								"south": { "texture": "#binding", "uv": [ 3.5, 3.0, 4.0, 3.5 ] },
								"west": { "texture": "#binding", "uv": [ 8.5, 7.5, 9.0, 7.0 ], "autoUv": false, "windMode": [-1,-1,-1,-1] },
								"up": { "texture": "#binding", "uv": [ 4.5, 4.5, 5.0, 5.0 ] },
								"down": { "texture": "#binding", "uv": [ 0.5, 0.0, 1.0, 0.5 ] }
							}
						},
						{
							"name": "BoltWE",
							"from": [ -0.1, 0.1, 0.7 ],
							"to": [ 0.0, 0.4, 1.0 ],
							"rotationOrigin": [ -0.1, 0.1, 0.7 ],
							"faces": {
								"north": { "texture": "#binding", "uv": [ 6.0, 5.0, 6.5, 5.5 ] },
								"south": { "texture": "#binding", "uv": [ 3.5, 3.0, 4.0, 3.5 ] },
								"west": { "texture": "#binding", "uv": [ 8.5, 7.5, 9.0, 7.0 ], "autoUv": false, "windMode": [-1,-1,-1,-1] },
								"up": { "texture": "#binding", "uv": [ 4.5, 4.5, 5.0, 5.0 ] },
								"down": { "texture": "#binding", "uv": [ 0.5, 0.0, 1.0, 0.5 ] }
							}
						}
					]
				},
				{
					"name": "TopBandNE",
					"from": [ 3.35, 0.001, 0.3 ],
					"to": [ 3.45, 0.501, 1.574 ],
					"rotationOrigin": [ 3.06, 0.0, 0.21 ],
					"rotationY": 45.0,
					"faces": {
						"north": { "texture": "#binding", "uv": [ 8.0, 5.0, 9.0, 12.0 ], "autoUv": false },
						"east": { "texture": "#binding", "uv": [ 7.5, 9.0, 9.0, 10.5 ], "autoUv": false, "windMode": [-1,-1,-1,-1] },
						"south": { "texture": "#binding", "uv": [ 6.5, 6.0, 7.5, 13.0 ], "autoUv": false, "windMode": [-1,-1,-1,-1] },
						"up": { "texture": "#binding", "uv": [ 0.0, 0.0, 0.5, 1.0 ] },
						"down": { "texture": "#binding", "uv": [ 0.5, 0.0, 1.0, 1.0 ] }
					}
				},
				{
					"name": "TopBandSE",
					"from": [ 3.383, 0.501, 4.8 ],
					"to": [ 3.483, 1.001, 6.073 ],
					"rotationOrigin": [ 3.14, 0.5, 4.775 ],
					"rotationX": -180.0,
					"rotationY": 45.0,
					"faces": {
						"north": { "texture": "#binding", "uv": [ 9.0, 4.5, 10.0, 11.5 ], "autoUv": false },
						"east": { "texture": "#binding", "uv": [ 7.5, 9.0, 9.0, 10.5 ], "autoUv": false, "windMode": [-1,-1,-1,-1] },
						"south": { "texture": "#binding", "uv": [ 8.0, 4.5, 9.0, 11.5 ], "autoUv": false, "windMode": [-1,-1,-1,-1] },
						"up": { "texture": "#binding", "uv": [ 7.0, 4.5, 7.5, 5.5 ], "windMode": [-1,-1,-1,-1] },
						"down": { "texture": "#binding", "uv": [ 11.5, 3.0, 12.0, 4.0 ], "autoUv": false, "windMode": [-1,-1,-1,-1] }
					}
				},
				{
					"name": "TopBandNW",
					"from": [ -0.82, 0.501, 0.71 ],
					"to": [ -0.72, 1.001, 1.983 ],
					"rotationOrigin": [ -1.06, 0.5, 0.72 ],
					"rotationX": -180.0,
					"rotationY": 45.0,
					"faces": {
						"north": { "texture": "#binding", "uv": [ 0.0, 0.0, 0.5, 0.5 ], "windMode": [-1,-1,-1,-1] },
						"south": { "texture": "#binding", "uv": [ 4.5, 3.5, 5.0, 4.0 ], "windMode": [-1,-1,-1,-1] },
						"west": { "texture": "#binding", "uv": [ 7.5, 9.0, 9.0, 10.5 ], "autoUv": false, "windMode": [-1,-1,-1,-1] },
						"up": { "texture": "#binding", "uv": [ 2.0, 2.0, 2.5, 3.0 ], "windMode": [-1,-1,-1,-1] },
						"down": { "texture": "#binding", "uv": [ 11.0, 2.5, 11.5, 3.5 ], "windMode": [-1,-1,-1,-1] }
					}
				},
				{
					"name": "TopBandSW",
					"from": [ -0.84, 0.001, 4.32 ],
					"to": [ -0.74, 0.501, 5.594 ],
					"rotationOrigin": [ -1.14, 0.0, 4.28 ],
					"rotationY": 45.0,
					"faces": {
						"north": { "texture": "#binding", "uv": [ 8.0, 5.0, 9.0, 12.0 ], "autoUv": false },
						"south": { "texture": "#binding", "uv": [ 6.5, 6.0, 7.5, 13.0 ], "autoUv": false, "windMode": [-1,-1,-1,-1] },
						"west": { "texture": "#binding", "uv": [ 7.5, 9.0, 9.0, 10.5 ], "autoUv": false, "windMode": [-1,-1,-1,-1] },
						"up": { "texture": "#binding", "uv": [ 0.0, 0.0, 0.5, 1.0 ] },
						"down": { "texture": "#binding", "uv": [ 0.5, 2.0, 1.0, 3.0 ] }
					}
				},
				{
					"name": "BoltNE",
					"from": [ 0.7, 0.1, -0.1 ],
					"to": [ 1.0, 0.4, 0.0 ],
					"rotationOrigin": [ 0.7, 0.1, -0.1 ],
					"faces": {
						"north": { "texture": "#binding", "uv": [ 3.0, 6.5, 3.5, 7.0 ], "autoUv": false, "windMode": [-1,-1,-1,-1] },
						"east": { "texture": "#binding", "uv": [ 0.0, 0.5, 0.5, 1.0 ], "windMode": [-1,-1,-1,-1] },
						"west": { "texture": "#binding", "uv": [ 3.5, 0.5, 4.0, 1.0 ] },
						"up": { "texture": "#binding", "uv": [ 0.0, 0.0, 0.5, 0.5 ] },
						"down": { "texture": "#binding", "uv": [ 2.0, 0.0, 2.5, 0.5 ] }
					}
				},
				{
					"name": "BoltNW",
					"from": [ 2.4, 0.1, -0.1 ],
					"to": [ 2.7, 0.4, 0.0 ],
					"rotationOrigin": [ 2.4, 0.1, -0.1 ],
					"faces": {
						"north": { "texture": "#binding", "uv": [ 3.5, 6.0, 4.0, 6.5 ], "autoUv": false, "windMode": [-1,-1,-1,-1] },
						"east": { "texture": "#binding", "uv": [ 0.0, 0.5, 0.5, 1.0 ], "windMode": [-1,-1,-1,-1] },
						"west": { "texture": "#binding", "uv": [ 3.5, 0.5, 4.0, 1.0 ] },
						"up": { "texture": "#binding", "uv": [ 0.0, 0.0, 0.5, 0.5 ] },
						"down": { "texture": "#binding", "uv": [ 2.0, 0.0, 2.5, 0.5 ] }
					}
				}
			]
		},
		{
			"name": "LowerBand",
			"from": [ 6.3, 0.5, 5.5 ],
			"to": [ 9.7, 1.0, 5.6 ],
			"rotationOrigin": [ 6.3, 0.5, 5.5 ],
			"faces": {
				"north": { "texture": "#binding", "uv": [ 5.5, 7.5, 9.5, 9.0 ], "autoUv": false, "windMode": [-1,-1,-1,-1] },
				"east": { "texture": "#binding", "uv": [ 0.0, 0.5, 0.5, 1.0 ], "windMode": [-1,-1,-1,-1] },
				"west": { "texture": "#binding", "uv": [ 3.5, 0.5, 4.0, 1.0 ] },
				"up": { "texture": "#binding", "uv": [ 0.0, 0.0, 3.0, 0.5 ] },
				"down": { "texture": "#binding", "uv": [ 3.0, 0.0, 6.0, 0.5 ] }
			},
			"children": [
				{
					"name": "LowerBandS2",
					"from": [ 0.0, 0.0, 4.9 ],
					"to": [ 3.4, 0.5, 5.0 ],
					"rotationOrigin": [ 0.0, 0.0, 4.9 ],
					"faces": {
						"east": { "texture": "#binding", "uv": [ 3.0, 0.5, 3.5, 1.0 ] },
						"south": { "texture": "#binding", "uv": [ 5.5, 8.5, 9.5, 10.0 ], "autoUv": false, "windMode": [-1,-1,-1,-1] },
						"west": { "texture": "#binding", "uv": [ 6.5, 0.5, 7.0, 1.0 ] },
						"up": { "texture": "#binding", "uv": [ 6.0, 5.5, 9.0, 6.0 ] },
						"down": { "texture": "#binding", "uv": [ 5.5, 6.0, 8.5, 6.5 ] }
					},
					"children": [
						{
							"name": "BoltSW2",
							"from": [ 0.7, 0.1, 0.1 ],
							"to": [ 1.0, 0.4, 0.2 ],
							"rotationOrigin": [ 0.7, 0.1, 0.1 ],
							"faces": {
								"east": { "texture": "#binding", "uv": [ 0.0, 0.5, 0.5, 1.0 ], "windMode": [-1,-1,-1,-1] },
								"south": { "texture": "#binding", "uv": [ 6.5, 6.0, 7.0, 6.5 ], "windMode": [-1,-1,-1,-1] },
								"west": { "texture": "#binding", "uv": [ 3.5, 0.5, 4.0, 1.0 ] },
								"up": { "texture": "#binding", "uv": [ 0.0, 0.0, 0.5, 0.5 ] },
								"down": { "texture": "#binding", "uv": [ 2.0, 0.0, 2.5, 0.5 ] }
							}
						},
						{
							"name": "BoltSE2",
							"from": [ 2.4, 0.1, 0.1 ],
							"to": [ 2.7, 0.4, 0.2 ],
							"rotationOrigin": [ 2.4, 0.1, 0.1 ],
							"faces": {
								"east": { "texture": "#binding", "uv": [ 0.0, 0.5, 0.5, 1.0 ], "windMode": [-1,-1,-1,-1] },
								"south": { "texture": "#binding", "uv": [ 6.0, 5.5, 6.5, 6.0 ], "windMode": [-1,-1,-1,-1] },
								"west": { "texture": "#binding", "uv": [ 3.5, 0.5, 4.0, 1.0 ] },
								"up": { "texture": "#binding", "uv": [ 0.0, 0.0, 0.5, 0.5 ] },
								"down": { "texture": "#binding", "uv": [ 2.0, 0.0, 2.5, 0.5 ] }
							}
						}
					]
				},
				{
					"name": "LowerBandE2",
					"from": [ 4.2, 0.0, 0.9 ],
					"to": [ 4.3, 0.5, 4.1 ],
					"rotationOrigin": [ 4.2, 0.0, 0.9 ],
					"faces": {
						"north": { "texture": "#binding", "uv": [ 8.0, 5.0, 8.5, 5.5 ] },
						"east": { "texture": "#binding", "uv": [ 5.5, 7.5, 9.5, 9.0 ], "autoUv": false, "windMode": [-1,-1,-1,-1] },
						"south": { "texture": "#binding", "uv": [ 3.5, 3.0, 4.0, 3.5 ] },
						"up": { "texture": "#binding", "uv": [ 4.5, 4.5, 5.0, 7.5 ] },
						"down": { "texture": "#binding", "uv": [ 0.5, 0.0, 1.0, 3.0 ] }
					},
					"children": [
						{
							"name": "BoltEN2",
							"from": [ 0.1, 0.1, 0.7 ],
							"to": [ 0.2, 0.4, 1.0 ],
							"rotationOrigin": [ 0.1, 0.1, 0.7 ],
							"faces": {
								"north": { "texture": "#binding", "uv": [ 8.0, 5.0, 8.5, 5.5 ] },
								"east": { "texture": "#binding", "uv": [ 13.5, 10.0, 14.5, 9.5 ], "autoUv": false, "windMode": [-1,-1,-1,-1] },
								"south": { "texture": "#binding", "uv": [ 3.5, 3.0, 4.0, 3.5 ] },
								"up": { "texture": "#binding", "uv": [ 4.5, 4.5, 5.0, 5.0 ] },
								"down": { "texture": "#binding", "uv": [ 0.5, 0.0, 1.0, 0.5 ] }
							}
						},
						{
							"name": "BoltES2",
							"from": [ 0.1, 0.1, 2.2 ],
							"to": [ 0.2, 0.4, 2.5 ],
							"rotationOrigin": [ 0.1, 0.1, 2.2 ],
							"faces": {
								"north": { "texture": "#binding", "uv": [ 6.0, 5.0, 6.5, 5.5 ] },
								"east": { "texture": "#binding", "uv": [ 7.0, 9.5, 7.5, 10.0 ], "autoUv": false, "windMode": [-1,-1,-1,-1] },
								"south": { "texture": "#binding", "uv": [ 3.5, 3.0, 4.0, 3.5 ] },
								"up": { "texture": "#binding", "uv": [ 4.5, 4.5, 5.0, 5.0 ] },
								"down": { "texture": "#binding", "uv": [ 0.5, 0.0, 1.0, 0.5 ] }
							}
						}
					]
				},
				{
					"name": "LowerBandW2",
					"from": [ -0.9, 0.0, 0.9 ],
					"to": [ -0.8, 0.5, 4.1 ],
					"rotationOrigin": [ -0.9, 0.0, 0.9 ],
					"faces": {
						"north": { "texture": "#binding", "uv": [ 3.0, 3.0, 3.5, 3.5 ] },
						"south": { "texture": "#binding", "uv": [ 6.5, 3.0, 7.0, 3.5 ] },
						"west": { "texture": "#binding", "uv": [ 5.5, 7.5, 9.5, 9.0 ], "autoUv": false, "windMode": [-1,-1,-1,-1] },
						"up": { "texture": "#binding", "uv": [ 7.5, 5.5, 8.0, 8.5 ], "rotation": 180 },
						"down": { "texture": "#binding", "uv": [ 6.5, 8.5, 7.0, 11.5 ] }
					},
					"children": [
						{
							"name": "BoltWS2",
							"from": [ -0.1, 0.1, 2.2 ],
							"to": [ 0.0, 0.4, 2.5 ],
							"rotationOrigin": [ -0.1, 0.1, 2.2 ],
							"faces": {
								"north": { "texture": "#binding", "uv": [ 6.0, 5.0, 6.5, 5.5 ] },
								"south": { "texture": "#binding", "uv": [ 3.5, 3.0, 4.0, 3.5 ] },
								"west": { "texture": "#binding", "uv": [ 8.5, 7.5, 9.0, 7.0 ], "autoUv": false, "windMode": [-1,-1,-1,-1] },
								"up": { "texture": "#binding", "uv": [ 4.5, 4.5, 5.0, 5.0 ] },
								"down": { "texture": "#binding", "uv": [ 0.5, 0.0, 1.0, 0.5 ] }
							}
						},
						{
							"name": "BoltWE2",
							"from": [ -0.1, 0.1, 0.7 ],
							"to": [ 0.0, 0.4, 1.0 ],
							"rotationOrigin": [ -0.1, 0.1, 0.7 ],
							"faces": {
								"north": { "texture": "#binding", "uv": [ 6.0, 5.0, 6.5, 5.5 ] },
								"south": { "texture": "#binding", "uv": [ 3.5, 3.0, 4.0, 3.5 ] },
								"west": { "texture": "#binding", "uv": [ 8.5, 7.5, 9.0, 7.0 ], "autoUv": false, "windMode": [-1,-1,-1,-1] },
								"up": { "texture": "#binding", "uv": [ 4.5, 4.5, 5.0, 5.0 ] },
								"down": { "texture": "#binding", "uv": [ 0.5, 0.0, 1.0, 0.5 ] }
							}
						}
					]
				},
				{
					"name": "LowerBandNE2",
					"from": [ 3.35, 0.001, 0.3 ],
					"to": [ 3.45, 0.501, 1.574 ],
					"rotationOrigin": [ 3.06, 0.0, 0.21 ],
					"rotationY": 45.0,
					"faces": {
						"north": { "texture": "#binding", "uv": [ 8.0, 5.0, 9.0, 12.0 ], "autoUv": false },
						"east": { "texture": "#binding", "uv": [ 7.5, 9.0, 9.0, 10.5 ], "autoUv": false, "windMode": [-1,-1,-1,-1] },
						"south": { "texture": "#binding", "uv": [ 6.5, 6.0, 7.5, 13.0 ], "autoUv": false, "windMode": [-1,-1,-1,-1] },
						"up": { "texture": "#binding", "uv": [ 0.0, 0.0, 0.5, 1.0 ] },
						"down": { "texture": "#binding", "uv": [ 0.5, 0.0, 1.0, 1.0 ] }
					}
				},
				{
					"name": "LowerBandSE2",
					"from": [ 3.383, 0.501, 4.8 ],
					"to": [ 3.483, 1.001, 6.073 ],
					"rotationOrigin": [ 3.14, 0.5, 4.775 ],
					"rotationX": -180.0,
					"rotationY": 45.0,
					"faces": {
						"north": { "texture": "#binding", "uv": [ 9.0, 4.5, 10.0, 11.5 ], "autoUv": false },
						"east": { "texture": "#binding", "uv": [ 7.5, 9.0, 9.0, 10.5 ], "autoUv": false, "windMode": [-1,-1,-1,-1] },
						"south": { "texture": "#binding", "uv": [ 8.0, 4.5, 9.0, 11.5 ], "autoUv": false, "windMode": [-1,-1,-1,-1] },
						"up": { "texture": "#binding", "uv": [ 7.0, 4.5, 7.5, 5.5 ], "windMode": [-1,-1,-1,-1] },
						"down": { "texture": "#binding", "uv": [ 11.5, 3.0, 12.0, 4.0 ], "autoUv": false, "windMode": [-1,-1,-1,-1] }
					}
				},
				{
					"name": "LowerBandNW2",
					"from": [ -0.82, 0.501, 0.71 ],
					"to": [ -0.72, 1.001, 1.983 ],
					"rotationOrigin": [ -1.06, 0.5, 0.72 ],
					"rotationX": -180.0,
					"rotationY": 45.0,
					"faces": {
						"north": { "texture": "#binding", "uv": [ 0.0, 0.0, 0.5, 0.5 ], "windMode": [-1,-1,-1,-1] },
						"south": { "texture": "#binding", "uv": [ 4.5, 3.5, 5.0, 4.0 ], "windMode": [-1,-1,-1,-1] },
						"west": { "texture": "#binding", "uv": [ 7.5, 9.0, 9.0, 10.5 ], "autoUv": false, "windMode": [-1,-1,-1,-1] },
						"up": { "texture": "#binding", "uv": [ 2.0, 2.0, 2.5, 3.0 ], "windMode": [-1,-1,-1,-1] },
						"down": { "texture": "#binding", "uv": [ 11.0, 2.5, 11.5, 3.5 ], "windMode": [-1,-1,-1,-1] }
					}
				},
				{
					"name": "LowerBandSW2",
					"from": [ -0.84, 0.001, 4.32 ],
					"to": [ -0.74, 0.501, 5.594 ],
					"rotationOrigin": [ -1.14, 0.0, 4.28 ],
					"rotationY": 45.0,
					"faces": {
						"north": { "texture": "#binding", "uv": [ 8.0, 5.0, 9.0, 12.0 ], "autoUv": false },
						"south": { "texture": "#binding", "uv": [ 6.5, 6.0, 7.5, 13.0 ], "autoUv": false, "windMode": [-1,-1,-1,-1] },
						"west": { "texture": "#binding", "uv": [ 7.5, 9.0, 9.0, 10.5 ], "autoUv": false, "windMode": [-1,-1,-1,-1] },
						"up": { "texture": "#binding", "uv": [ 0.0, 0.0, 0.5, 1.0 ] },
						"down": { "texture": "#binding", "uv": [ 0.5, 2.0, 1.0, 3.0 ] }
					}
				},
				{
					"name": "BoltNE2",
					"from": [ 0.7, 0.1, -0.1 ],
					"to": [ 1.0, 0.4, 0.0 ],
					"rotationOrigin": [ 0.7, 0.1, -0.1 ],
					"faces": {
						"north": { "texture": "#binding", "uv": [ 8.0, 6.0, 8.5, 6.5 ], "autoUv": false, "windMode": [-1,-1,-1,-1] },
						"east": { "texture": "#binding", "uv": [ 0.0, 0.5, 0.5, 1.0 ], "windMode": [-1,-1,-1,-1] },
						"west": { "texture": "#binding", "uv": [ 3.5, 0.5, 4.0, 1.0 ] },
						"up": { "texture": "#binding", "uv": [ 0.0, 0.0, 0.5, 0.5 ] },
						"down": { "texture": "#binding", "uv": [ 2.0, 0.0, 2.5, 0.5 ] }
					}
				},
				{
					"name": "BoltNW2",
					"from": [ 2.4, 0.1, -0.1 ],
					"to": [ 2.7, 0.4, 0.0 ],
					"rotationOrigin": [ 2.4, 0.1, -0.1 ],
					"faces": {
						"north": { "texture": "#binding", "uv": [ 8.0, 8.0, 8.5, 8.5 ], "autoUv": false, "windMode": [-1,-1,-1,-1] },
						"east": { "texture": "#binding", "uv": [ 0.0, 0.5, 0.5, 1.0 ], "windMode": [-1,-1,-1,-1] },
						"west": { "texture": "#binding", "uv": [ 3.5, 0.5, 4.0, 1.0 ] },
						"up": { "texture": "#binding", "uv": [ 0.0, 0.0, 0.5, 0.5 ] },
						"down": { "texture": "#binding", "uv": [ 2.0, 0.0, 2.5, 0.5 ] }
					}
				}
			]
		}
	]}