{
	"editor": {
		"allAngles": true,
		"entityTextureMode": true
	},
	"textureWidth": 84,
	"textureHeight": 104,
	"textureSizes": {
		"bottom": [16,16],
		"skin": [84,104]
	},
	"textures": {
	},
	"elements": [
		{
			"name": "Rotation Point",
			"from": [ 0.0, 0.0, 0.0 ],
			"to": [ 0.0, 0.0, 0.0 ],
			"uv": [ 0.0, 0.0 ],
			"faces": {
			},
			"children": [
				{
					"name": "Base",
					"from": [ 0.0, 0.0, 8.0 ],
					"to": [ 0.0, 0.0, 8.0 ],
					"autoUnwrap": false,
					"uv": [ 0.0, 0.0 ],
					"rotationOrigin": [ 0.0, 0.0, 8.0 ],
					"faces": {
					},
					"children": [
						{
							"name": "PeltBody",
							"from": [ 0.0, 0.0, -5.0 ],
							"to": [ 10.0, 0.42, 5.0 ],
							"unwrapMode": 7,
							"unwrapRotation": 1,
							"autoUnwrap": false,
							"uv": [ 10.0, 17.5 ],
							"rotationOrigin": [ 0.0, 0.0, -5.0 ],
							"rotationX": 0.25,
							"rotationZ": 0.25,
							"faces": {
								"north": { "texture": "#skin", "uv": [ 24.0, 24.0, 24.5, 34.0 ], "rotation": 90, "windMode": [-1,-1,-1,-1] },
								"east": { "texture": "#skin", "uv": [ 14.0, 33.5, 24.0, 34.0 ], "windMode": [-1,-1,-1,-1] },
								"south": { "texture": "#skin", "uv": [ 13.5, 24.0, 14.0, 34.0 ], "rotation": 270, "windMode": [-1,-1,-1,-1] },
								"west": { "texture": "#skin", "uv": [ 14.0, 24.0, 24.0, 24.5 ], "rotation": 180, "windMode": [-1,-1,-1,-1] },
								"up": { "texture": "#skin", "uv": [ 14.0, 24.0, 24.0, 34.0 ], "rotation": 270, "windMode": [-1,-1,-1,-1] },
								"down": { "texture": "#bottom", "uv": [ 0.0, 0.0, 10.0, 10.0 ], "rotation": 90, "windMode": [-1,-1,-1,-1] }
							},
							"children": [
								{
									"name": "LBody",
									"from": [ 0.0, 0.01, 9.5 ],
									"to": [ 10.0, 0.41, 22.9 ],
									"unwrapMode": 7,
									"unwrapRotation": 1,
									"autoUnwrap": false,
									"uv": [ 0.0, 17.5 ],
									"rotationOrigin": [ 0.0, -0.01, 9.5 ],
									"rotationY": -3.0,
									"faces": {
										"east": { "texture": "#skin", "uv": [ 1.0, 33.5, 14.0, 34.0 ], "windMode": [-1,-1,-1,-1] },
										"south": { "texture": "#skin", "uv": [ 1.0, 24.0, 1.5, 34.0 ], "rotation": 270, "windMode": [-1,-1,-1,-1] },
										"west": { "texture": "#skin", "uv": [ 1.0, 24.0, 14.0, 24.5 ], "rotation": 180, "windMode": [-1,-1,-1,-1] },
										"up": { "texture": "#skin", "uv": [ 1.0, 24.0, 14.0, 34.0 ], "rotation": 270, "windMode": [-1,-1,-1,-1] },
										"down": { "texture": "#bottom", "uv": [ 0.0, 0.0, 13.0, 10.0 ], "rotation": 90 }
									},
									"children": [
										{
											"name": "LArm",
											"from": [ 0.0, 0.01, 11.0 ],
											"to": [ 3.0, 0.39, 19.0 ],
											"unwrapMode": 5,
											"autoUnwrap": false,
											"uv": [ 42.0, 17.0 ],
											"rotationOrigin": [ 0.0, 0.01, 11.0 ],
											"rotationY": -30.0,
											"faces": {
												"east": { "texture": "#skin", "uv": [ 53.5, 19.0, 54.0, 27.0 ], "rotation": 90 },
												"south": { "texture": "#skin", "uv": [ 50.5, 27.0, 53.5, 27.5 ], "windMode": [-1,-1,-1,-1] },
												"west": { "texture": "#skin", "uv": [ 50.0, 19.0, 50.5, 27.0 ], "rotation": 270, "windMode": [-1,-1,-1,-1] },
												"up": { "texture": "#skin", "uv": [ 50.5, 19.0, 53.5, 27.0 ], "windMode": [-1,-1,-1,-1] },
												"down": { "texture": "#bottom", "uv": [ 0.0, 0.0, 3.0, 8.0 ], "windMode": [-1,-1,-1,-1] }
											},
											"children": [
												{
													"name": "LArmLower",
													"from": [ 1.5, 0.01, -0.3 ],
													"to": [ 4.5, 0.37, 7.7 ],
													"unwrapMode": 5,
													"autoUnwrap": false,
													"uv": [ 42.5, 17.0 ],
													"rotationOrigin": [ 2.5, 0.01, -0.3 ],
													"rotationY": -10.0,
													"faces": {
														"east": { "texture": "#skin", "uv": [ 57.0, 19.0, 57.5, 27.0 ], "rotation": 90 },
														"south": { "texture": "#skin", "uv": [ 50.5, 29.0, 53.5, 29.5 ], "windMode": [-1,-1,-1,-1] },
														"up": { "texture": "#skin", "uv": [ 54.0, 19.0, 57.0, 27.0 ], "windMode": [-1,-1,-1,-1] },
														"down": { "texture": "#bottom", "uv": [ 0.0, 0.0, 3.0, 8.0 ], "windMode": [-1,-1,-1,-1] }
													}
												}
											]
										}
									]
								},
								{
									"name": "RBody",
									"from": [ 0.0, -0.41, 0.5 ],
									"to": [ 10.0, -0.01, 13.9 ],
									"unwrapMode": 6,
									"unwrapRotation": 1,
									"autoUnwrap": false,
									"uv": [ 18.0, 17.5 ],
									"rotationOrigin": [ 0.0, 0.0, 0.5 ],
									"rotationX": 180.0,
									"rotationY": -3.0,
									"faces": {
										"east": { "texture": "#skin", "uv": [ 24.0, 33.5, 37.0, 34.0 ], "rotation": 180 },
										"south": { "texture": "#skin", "uv": [ 36.5, 24.0, 37.0, 34.0 ], "rotation": 270, "windMode": [-1,-1,-1,-1] },
										"west": { "texture": "#skin", "uv": [ 24.0, 24.0, 37.0, 24.5 ], "windMode": [-1,-1,-1,-1] },
										"up": { "texture": "#bottom", "uv": [ 0.0, 0.0, 13.0, 10.0 ], "rotation": 270, "windMode": [-1,-1,-1,-1] },
										"down": { "texture": "#skin", "uv": [ 24.0, 24.0, 37.0, 34.0 ], "rotation": 90, "windMode": [-1,-1,-1,-1] }
									},
									"children": [
										{
											"name": "RArm",
											"from": [ 0.0, 0.01, 11.1 ],
											"to": [ 3.0, 0.39, 19.1 ],
											"unwrapMode": 6,
											"autoUnwrap": false,
											"uv": [ 48.0, 12.0 ],
											"rotationOrigin": [ 0.0, 0.39, 11.1 ],
											"rotationY": -30.0,
											"faces": {
												"east": { "texture": "#skin", "uv": [ 71.5, 18.5, 72.0, 26.5 ], "rotation": 90 },
												"south": { "texture": "#skin", "uv": [ 68.5, 26.5, 71.5, 27.0 ], "rotation": 180, "windMode": [-1,-1,-1,-1] },
												"west": { "texture": "#skin", "uv": [ 75.0, 18.5, 75.5, 26.5 ], "rotation": 270, "windMode": [-1,-1,-1,-1] },
												"up": { "texture": "#bottom", "uv": [ 0.0, 0.0, 3.0, 8.0 ], "windMode": [-1,-1,-1,-1] },
												"down": { "texture": "#skin", "uv": [ 72.0, 18.5, 75.0, 26.5 ], "windMode": [-1,-1,-1,-1] }
											},
											"children": [
												{
													"name": "RArmLower",
													"from": [ 1.5, 0.01, -0.3 ],
													"to": [ 4.5, 0.37, 7.7 ],
													"unwrapMode": 5,
													"autoUnwrap": false,
													"uv": [ 49.5, 12.0 ],
													"rotationOrigin": [ 2.5, 0.37, -0.3 ],
													"rotationY": -10.0,
													"faces": {
														"east": { "texture": "#skin", "uv": [ 68.0, 18.5, 68.5, 26.5 ], "rotation": 90, "windMode": [-1,-1,-1,-1] },
														"south": { "texture": "#skin", "uv": [ 68.5, 28.5, 71.5, 29.0 ], "windMode": [-1,-1,-1,-1] },
														"up": { "texture": "#bottom", "uv": [ 0.0, 0.0, 3.0, 8.0 ], "windMode": [-1,-1,-1,-1] },
														"down": { "texture": "#skin", "uv": [ 68.5, 18.5, 71.5, 26.5 ], "windMode": [-1,-1,-1,-1] }
													}
												}
											]
										}
									]
								},
								{
									"name": "PeltAbdomen",
									"from": [ 10.0, 0.01, 0.5 ],
									"to": [ 20.0, 0.41, 9.5 ],
									"unwrapMode": 7,
									"unwrapRotation": 1,
									"autoUnwrap": false,
									"uv": [ 10.0, 25.0 ],
									"rotationOrigin": [ 10.0, 0.01, 0.5 ],
									"faces": {
										"north": { "texture": "#skin", "uv": [ 23.5, 34.5, 24.0, 44.5 ], "rotation": 90, "windMode": [-1,-1,-1,-1] },
										"east": { "texture": "#skin", "uv": [ 14.5, 44.0, 23.5, 44.5 ], "windMode": [-1,-1,-1,-1] },
										"south": { "texture": "#skin", "uv": [ 14.0, 34.5, 14.5, 44.5 ], "rotation": 270, "windMode": [-1,-1,-1,-1] },
										"up": { "texture": "#skin", "uv": [ 14.5, 34.5, 23.5, 44.5 ], "rotation": 270, "windMode": [-1,-1,-1,-1] },
										"down": { "texture": "#bottom", "uv": [ 0.0, 0.0, 9.0, 10.0 ], "rotation": 90, "windMode": [-1,-1,-1,-1] }
									},
									"children": [
										{
											"name": "LAbdomen",
											"from": [ 0.0, 0.01, 8.5 ],
											"to": [ 10.0, 0.39, 20.9 ],
											"unwrapMode": 7,
											"unwrapRotation": 1,
											"autoUnwrap": false,
											"uv": [ 0.5, 24.5 ],
											"rotationOrigin": [ 0.0, 0.01, 8.5 ],
											"rotationY": -3.0,
											"faces": {
												"east": { "texture": "#skin", "uv": [ 2.5, 44.0, 14.5, 44.5 ] },
												"south": { "texture": "#skin", "uv": [ 2.5, 34.5, 3.0, 44.5 ], "rotation": 270, "windMode": [-1,-1,-1,-1] },
												"west": { "texture": "#skin", "uv": [ 2.5, 34.5, 14.5, 35.0 ], "rotation": 180, "windMode": [-1,-1,-1,-1] },
												"up": { "texture": "#skin", "uv": [ 2.5, 34.5, 14.5, 44.5 ], "rotation": 270, "windMode": [-1,-1,-1,-1] },
												"down": { "texture": "#bottom", "uv": [ 0.0, 0.0, 12.0, 10.0 ], "rotation": 90, "windMode": [-1,-1,-1,-1] }
											}
										},
										{
											"name": "RAbdomen",
											"from": [ 0.0, -0.37, 0.5 ],
											"to": [ 10.0, 0.01, 12.9 ],
											"unwrapMode": 6,
											"unwrapRotation": 1,
											"autoUnwrap": false,
											"uv": [ 18.0, 24.5 ],
											"rotationOrigin": [ 0.0, 0.01, 0.5 ],
											"rotationX": 180.0,
											"rotationY": -3.0,
											"faces": {
												"east": { "texture": "#skin", "uv": [ 23.5, 44.0, 35.5, 44.5 ], "rotation": 180 },
												"south": { "texture": "#skin", "uv": [ 35.0, 34.5, 35.5, 44.5 ], "rotation": 270, "windMode": [-1,-1,-1,-1] },
												"west": { "texture": "#skin", "uv": [ 23.5, 34.5, 35.5, 35.0 ], "windMode": [-1,-1,-1,-1] },
												"up": { "texture": "#bottom", "uv": [ 0.0, 0.0, 12.0, 10.0 ], "rotation": 270, "windMode": [-1,-1,-1,-1] },
												"down": { "texture": "#skin", "uv": [ 23.5, 34.5, 35.5, 44.5 ], "rotation": 90, "windMode": [-1,-1,-1,-1] }
											}
										},
										{
											"name": "PeltRear",
											"from": [ 10.0, 0.0, 0.5 ],
											"to": [ 20.0, 0.4, 8.5 ],
											"unwrapMode": 7,
											"unwrapRotation": 1,
											"autoUnwrap": false,
											"uv": [ 10.0, 33.0 ],
											"rotationOrigin": [ 10.0, 0.0, 0.5 ],
											"faces": {
												"north": { "texture": "#skin", "uv": [ 23.0, 45.0, 23.5, 55.0 ], "rotation": 90, "windMode": [-1,-1,-1,-1] },
												"east": { "texture": "#skin", "uv": [ 15.0, 55.0, 23.0, 55.5 ], "windMode": [-1,-1,-1,-1] },
												"south": { "texture": "#skin", "uv": [ 14.5, 45.0, 15.0, 55.0 ], "rotation": 270, "windMode": [-1,-1,-1,-1] },
												"up": { "texture": "#skin", "uv": [ 15.0, 45.0, 23.0, 55.0 ], "rotation": 270, "windMode": [-1,-1,-1,-1] },
												"down": { "texture": "#bottom", "uv": [ 0.0, 0.0, 8.0, 10.0 ], "rotation": 90, "windMode": [-1,-1,-1,-1] }
											},
											"children": [
												{
													"name": "LRear",
													"from": [ 0.0, 0.01, 7.5 ],
													"to": [ 10.0, 0.39, 18.9 ],
													"unwrapMode": 7,
													"unwrapRotation": 1,
													"autoUnwrap": false,
													"uv": [ 20.0, 32.5 ],
													"rotationOrigin": [ 0.0, 0.01, 7.5 ],
													"rotationY": -3.0,
													"faces": {
														"east": { "texture": "#skin", "uv": [ 4.0, 54.5, 15.0, 55.0 ] },
														"south": { "texture": "#skin", "uv": [ 4.0, 45.0, 4.5, 55.0 ], "rotation": 270, "windMode": [-1,-1,-1,-1] },
														"west": { "texture": "#skin", "uv": [ 4.0, 45.0, 15.0, 45.5 ], "rotation": 180, "windMode": [-1,-1,-1,-1] },
														"up": { "texture": "#skin", "uv": [ 4.0, 45.0, 15.0, 55.0 ], "rotation": 270, "windMode": [-1,-1,-1,-1] },
														"down": { "texture": "#bottom", "uv": [ 0.0, 0.0, 11.0, 10.0 ], "rotation": 90, "windMode": [-1,-1,-1,-1] }
													},
													"children": [
														{
															"name": "LLeg",
															"from": [ 7.4, 0.01, 11.2 ],
															"to": [ 13.9, 0.37, 21.2 ],
															"unwrapMode": 5,
															"autoUnwrap": false,
															"uv": [ 0.0, 5.5 ],
															"rotationOrigin": [ 7.4, 0.01, 11.2 ],
															"rotationY": 72.0,
															"faces": {
																"east": { "texture": "#skin", "uv": [ 46.5, 50.5, 47.0, 60.5 ], "rotation": 90, "windMode": [-1,-1,-1,-1] },
																"south": { "texture": "#skin", "uv": [ 47.0, 60.5, 53.5, 61.0 ], "windMode": [-1,-1,-1,-1] },
																"west": { "texture": "#skin", "uv": [ 53.5, 50.5, 54.0, 60.5 ], "rotation": 270, "windMode": [-1,-1,-1,-1] },
																"up": { "texture": "#skin", "uv": [ 47.0, 50.5, 53.5, 60.5 ], "windMode": [-1,-1,-1,-1] },
																"down": { "texture": "#bottom", "uv": [ 0.0, 0.0, 6.5, 10.0 ], "windMode": [-1,-1,-1,-1] }
															}
														}
													]
												},
												{
													"name": "RRear",
													"from": [ 0.0, -0.37, 0.5 ],
													"to": [ 10.0, 0.01, 11.9 ],
													"unwrapMode": 6,
													"unwrapRotation": 1,
													"autoUnwrap": false,
													"uv": [ 18.0, 32.5 ],
													"rotationOrigin": [ 0.0, 0.01, 0.5 ],
													"rotationX": 180.0,
													"rotationY": -3.0,
													"faces": {
														"east": { "texture": "#skin", "uv": [ 23.0, 54.5, 34.0, 55.0 ], "rotation": 180 },
														"south": { "texture": "#skin", "uv": [ 33.5, 45.0, 34.0, 55.0 ], "rotation": 270, "windMode": [-1,-1,-1,-1] },
														"west": { "texture": "#skin", "uv": [ 23.0, 45.0, 34.0, 45.5 ], "windMode": [-1,-1,-1,-1] },
														"up": { "texture": "#bottom", "uv": [ 0.0, 0.0, 11.0, 10.0 ], "rotation": 270, "windMode": [-1,-1,-1,-1] },
														"down": { "texture": "#skin", "uv": [ 23.0, 45.0, 34.0, 55.0 ], "rotation": 90, "windMode": [-1,-1,-1,-1] }
													},
													"children": [
														{
															"name": "RLeg",
															"from": [ 7.4, 0.01, 11.3 ],
															"to": [ 13.9, 0.37, 21.3 ],
															"unwrapMode": 5,
															"autoUnwrap": false,
															"uv": [ 43.0, 45.0 ],
															"rotationOrigin": [ 7.4, 0.37, 11.3 ],
															"rotationY": 72.0,
															"faces": {
																"east": { "texture": "#skin", "uv": [ 73.5, 50.5, 74.0, 60.5 ], "rotation": 90 },
																"south": { "texture": "#skin", "uv": [ 67.0, 60.5, 73.5, 61.0 ], "windMode": [-1,-1,-1,-1] },
																"west": { "texture": "#skin", "uv": [ 66.5, 50.5, 67.0, 60.5 ], "rotation": 270, "windMode": [-1,-1,-1,-1] },
																"up": { "texture": "#bottom", "uv": [ 0.0, 0.0, 6.5, 10.0 ], "windMode": [-1,-1,-1,-1] },
																"down": { "texture": "#skin", "uv": [ 67.0, 50.5, 73.5, 60.5 ], "windMode": [-1,-1,-1,-1] }
															}
														}
													]
												},
												{
													"name": "PeltTail",
													"from": [ 10.0, 0.01, 3.0 ],
													"to": [ 12.5, 0.39, 5.0 ],
													"unwrapMode": 1,
													"unwrapRotation": 1,
													"uv": [ 58.5, 40.5 ],
													"rotationOrigin": [ 10.0, 0.01, 4.0 ],
													"faces": {
														"north": { "texture": "#skin", "uv": [ 60.5, 40.5, 61.0, 43.0 ], "rotation": 90 },
														"east": { "texture": "#skin", "uv": [ 60.5, 43.0, 61.0, 45.0 ], "rotation": 90, "windMode": [-1,-1,-1,-1] },
														"south": { "texture": "#skin", "uv": [ 63.0, 40.5, 63.5, 43.0 ], "rotation": 270, "windMode": [-1,-1,-1,-1] },
														"up": { "texture": "#skin", "uv": [ 58.5, 40.5, 60.5, 43.0 ], "rotation": 270, "windMode": [-1,-1,-1,-1] },
														"down": { "texture": "#skin", "uv": [ 61.0, 40.5, 63.0, 43.0 ], "rotation": 90, "windMode": [-1,-1,-1,-1] }
													}
												}
											]
										}
									]
								},
								{
									"name": "LNeck",
									"from": [ -7.5, 0.02, 5.0 ],
									"to": [ 0.0, 0.4, 15.5 ],
									"unwrapMode": 7,
									"unwrapRotation": 1,
									"autoUnwrap": false,
									"uv": [ 6.0, 11.0 ],
									"rotationOrigin": [ 0.0, 0.02, 5.0 ],
									"rotationY": 22.0,
									"faces": {
										"north": { "texture": "#skin", "uv": [ 16.0, 16.0, 16.5, 23.5 ], "rotation": 90 },
										"south": { "texture": "#skin", "uv": [ 6.0, 16.0, 6.5, 23.5 ], "rotation": 270, "windMode": [-1,-1,-1,-1] },
										"west": { "texture": "#skin", "uv": [ 6.0, 16.0, 16.5, 16.5 ], "rotation": 180, "windMode": [-1,-1,-1,-1] },
										"up": { "texture": "#skin", "uv": [ 6.0, 16.0, 16.5, 23.5 ], "rotation": 270, "windMode": [-1,-1,-1,-1] },
										"down": { "texture": "#bottom", "uv": [ 0.0, 0.0, 10.5, 7.5 ], "rotation": 90, "windMode": [-1,-1,-1,-1] }
									}
								},
								{
									"name": "RNeck",
									"from": [ -7.5, -0.36, 5.0 ],
									"to": [ 0.0, 0.02, 15.5 ],
									"unwrapMode": 6,
									"unwrapRotation": 1,
									"autoUnwrap": false,
									"uv": [ 15.5, 11.0 ],
									"rotationOrigin": [ 0.0, 0.02, 5.0 ],
									"rotationX": 180.0,
									"rotationY": 22.0,
									"faces": {
										"north": { "texture": "#skin", "uv": [ 21.0, 16.0, 21.5, 23.5 ], "rotation": 90 },
										"south": { "texture": "#skin", "uv": [ 31.0, 16.0, 31.5, 23.5 ], "rotation": 270, "windMode": [-1,-1,-1,-1] },
										"west": { "texture": "#skin", "uv": [ 21.0, 16.0, 31.5, 16.5 ], "windMode": [-1,-1,-1,-1] },
										"up": { "texture": "#bottom", "uv": [ 0.0, 0.0, 10.5, 7.5 ], "rotation": 270, "windMode": [-1,-1,-1,-1] },
										"down": { "texture": "#skin", "uv": [ 21.0, 16.0, 31.5, 23.5 ], "rotation": 90, "windMode": [-1,-1,-1,-1] }
									}
								}
							]
						}
					]
				}
			]
		}
	]}