{
	"editor": {
		"collapsedPaths": "Root/Body/abdomen/L back Thigh,Root/Body/abdomen/R back Thigh",
		"allAngles": true,
		"entityTextureMode": true
	},
	"textureWidth": 84,
	"textureHeight": 104,
	"textureSizes": {
		"skin": [84,104],
		"moose-antlers": [16,16]
	},
	"textures": {
		"moose-antlers": "game:entity/animal/mammal/hooved/deer/moose-antlers"
	},
	"elements": [
		{
			"name": "Origin",
			"from": [ 8.0, -3.0, 8.0 ],
			"to": [ 8.0, -3.0, 8.0 ],
			"uv": [ 0.0, 0.0 ],
			"rotationOrigin": [ 8.0, 0.0, 8.0 ],
			"faces": {
			},
			"children": [
				{
					"name": "Rear",
					"from": [ 5.5, 12.2, -4.0 ],
					"to": [ 15.5, 23.6, 4.0 ],
					"unwrapMode": 7,
					"unwrapRotation": 1,
					"autoUnwrap": false,
					"uv": [ 2.5, 86.0 ],
					"rotationOrigin": [ 10.0, 24.9, 0.0 ],
					"rotationZ": -20.0,
					"faces": {
						"north": { "texture": "#skin", "uv": [ 23.0, 45.0, 34.0, 55.0 ], "rotation": 90 },
						"east": { "texture": "#skin", "uv": [ 15.0, 55.0, 23.0, 66.0 ] },
						"south": { "texture": "#skin", "uv": [ 4.0, 45.0, 15.0, 55.0 ], "rotation": 270 },
						"west": { "texture": "#skin", "uv": [ 15.0, 67.0, 23.0, 78.0 ], "rotation": 180, "windMode": [-1,-1,-1,-1], "windData": [1,1,1,1] },
						"up": { "texture": "#skin", "uv": [ 15.0, 45.0, 23.0, 55.0 ], "rotation": 270 },
						"down": { "texture": "#skin", "uv": [ 34.0, 45.0, 42.0, 55.0 ], "rotation": 90 }
					},
					"children": [
						{
							"name": "L Haunch",
							"from": [ 4.0, 1.0, 6.0 ],
							"to": [ 10.5, 11.0, 9.0 ],
							"unwrapMode": 3,
							"uv": [ 44.0, 47.5 ],
							"rotationOrigin": [ 7.3, 9.9, 7.5 ],
							"rotationX": 3.0,
							"rotationZ": -22.0,
							"faces": {
								"north": { "texture": "#skin", "uv": [ 56.5, 50.5, 63.0, 60.5 ] },
								"east": { "texture": "#skin", "uv": [ 53.5, 50.5, 56.5, 60.5 ] },
								"south": { "texture": "#skin", "uv": [ 47.0, 50.5, 53.5, 60.5 ] },
								"west": { "texture": "#skin", "uv": [ 44.0, 50.5, 47.0, 60.5 ] },
								"up": { "texture": "#skin", "uv": [ 47.0, 47.5, 53.5, 50.5 ], "windMode": [-1,-1,-1,-1], "windData": [0,0,1,1] },
								"down": { "texture": "#skin", "uv": [ 47.0, 60.5, 53.5, 63.5 ], "rotation": 180 }
							},
							"children": [
								{
									"name": "L LegUp",
									"from": [ 0.1, -8.6, 0.2 ],
									"to": [ 3.1, 0.4, 2.8 ],
									"unwrapMode": 3,
									"uv": [ 46.0, 64.0 ],
									"rotationOrigin": [ 0.1, 0.4, 1.5 ],
									"rotationX": 1.0,
									"rotationZ": 80.0,
									"faces": {
										"north": { "texture": "#skin", "uv": [ 54.0, 64.0, 57.0, 73.0 ] },
										"east": { "texture": "#skin", "uv": [ 51.5, 64.0, 54.0, 73.0 ] },
										"south": { "texture": "#skin", "uv": [ 48.5, 64.0, 51.5, 73.0 ] },
										"west": { "texture": "#skin", "uv": [ 46.0, 64.0, 48.5, 73.0 ] },
										"down": { "texture": "#skin", "uv": [ 48.5, 73.0, 51.5, 75.5 ], "rotation": 180 }
									},
									"children": [
										{
											"name": "L LegLow",
											"from": [ 0.7, -9.3, 0.3 ],
											"to": [ 2.7, 0.7, 2.3 ],
											"unwrapMode": 3,
											"uv": [ 47.0, 76.0 ],
											"rotationOrigin": [ 1.9, 0.5, 1.3 ],
											"rotationX": -4.0,
											"rotationZ": -80.0,
											"faces": {
												"north": { "texture": "#skin", "uv": [ 53.0, 76.0, 55.0, 86.0 ] },
												"east": { "texture": "#skin", "uv": [ 51.0, 76.0, 53.0, 86.0 ] },
												"south": { "texture": "#skin", "uv": [ 49.0, 76.0, 51.0, 86.0 ] },
												"west": { "texture": "#skin", "uv": [ 47.0, 76.0, 49.0, 86.0 ] },
												"down": { "texture": "#skin", "uv": [ 49.0, 86.0, 51.0, 88.0 ], "rotation": 180 }
											},
											"children": [
												{
													"name": "L Hind Pastern",
													"from": [ 0.2, -1.9, 0.2 ],
													"to": [ 1.7, 1.1, 1.8 ],
													"unwrapMode": 3,
													"uv": [ 47.5, 88.5 ],
													"rotationOrigin": [ 1.1, 1.4, 1.0 ],
													"rotationZ": -27.0,
													"faces": {
														"north": { "texture": "#skin", "uv": [ 52.0, 88.5, 53.5, 91.5 ] },
														"east": { "texture": "#skin", "uv": [ 50.5, 88.5, 52.0, 91.5 ] },
														"south": { "texture": "#skin", "uv": [ 49.0, 88.5, 50.5, 91.5 ] },
														"west": { "texture": "#skin", "uv": [ 47.5, 88.5, 49.0, 91.5 ] },
														"down": { "texture": "#skin", "uv": [ 49.0, 91.5, 50.5, 93.0 ], "rotation": 180 }
													},
													"children": [
														{
															"name": "L Hind Hoof",
															"from": [ 1.0, 1.3, 0.95 ],
															"to": [ 1.0, 1.3, 0.95 ],
															"uv": [ 0.0, 0.0 ],
															"rotationOrigin": [ 1.0, 1.3, 0.95 ],
															"rotationZ": 51.0,
															"faces": {
															},
															"children": [
																{
																	"name": "L Hind Hoof1",
																	"from": [ -2.8, -0.9, -0.9 ],
																	"to": [ -0.5, -0.1, 0.6 ],
																	"unwrapMode": 5,
																	"uv": [ 78.5, 61.5 ],
																	"rotationOrigin": [ -0.5, -0.1, 0.6 ],
																	"rotationZ": 45.0,
																	"faces": {
																		"north": { "texture": "#skin", "uv": [ 79.0, 61.5, 81.0, 62.0 ], "rotation": 180 },
																		"east": { "texture": "#skin", "uv": [ 81.0, 62.0, 81.5, 63.5 ], "rotation": 90 },
																		"south": { "texture": "#skin", "uv": [ 79.0, 63.5, 81.0, 64.0 ] },
																		"west": { "texture": "#skin", "uv": [ 78.5, 62.0, 79.0, 63.5 ], "rotation": 270 },
																		"up": { "texture": "#skin", "uv": [ 79.0, 62.0, 81.0, 63.5 ] },
																		"down": { "texture": "#skin", "uv": [ 81.5, 62.0, 83.5, 63.5 ] }
																	}
																},
																{
																	"name": "L Hind Hoof2",
																	"from": [ -2.1136, -1.4864, -0.9 ],
																	"to": [ 0.3864, -0.6864, 0.6 ],
																	"unwrapMode": 5,
																	"uv": [ 78.0, 64.5 ],
																	"rotationOrigin": [ 0.2864, -0.5864, 0.5 ],
																	"rotationZ": 23.0,
																	"faces": {
																		"north": { "texture": "#skin", "uv": [ 78.5, 64.5, 81.0, 65.0 ], "rotation": 180 },
																		"east": { "texture": "#skin", "uv": [ 81.0, 65.0, 81.5, 66.5 ], "rotation": 90 },
																		"south": { "texture": "#skin", "uv": [ 78.5, 66.5, 81.0, 67.0 ] },
																		"west": { "texture": "#skin", "uv": [ 78.0, 65.0, 78.5, 66.5 ], "rotation": 270 },
																		"up": { "texture": "#skin", "uv": [ 78.5, 65.0, 81.0, 66.5 ] },
																		"down": { "texture": "#skin", "uv": [ 81.5, 65.0, 84.0, 66.5 ] }
																	}
																}
															]
														}
													]
												}
											]
										},
										{
											"name": "L LegUp Taper",
											"from": [ 1.5, 2.0, 0.1 ],
											"to": [ 3.0, 8.0, 2.5 ],
											"unwrapMode": 2,
											"uv": [ 50.5, 65.5 ],
											"rotationOrigin": [ 3.0, 2.0, 0.1 ],
											"rotationZ": -16.0,
											"faces": {
												"north": { "texture": "#skin", "uv": [ 54.0, 65.5, 55.5, 71.5 ] },
												"east": { "texture": "#skin", "uv": [ 52.0, 65.5, 54.0, 71.5 ] },
												"south": { "texture": "#skin", "uv": [ 50.5, 65.5, 52.0, 71.5 ] }
											}
										}
									]
								}
							]
						},
						{
							"name": "Tail",
							"from": [ 10.0, 9.9, 3.1 ],
							"to": [ 12.5, 11.4, 5.1 ],
							"unwrapMode": 3,
							"unwrapRotation": 1,
							"uv": [ 58.5, 38.5 ],
							"rotationOrigin": [ 10.0, 11.4, 3.9 ],
							"rotationZ": -60.0,
							"faces": {
								"north": { "texture": "#skin", "uv": [ 64.0, 40.5, 65.5, 43.0 ], "rotation": 270, "windMode": [-1,-1,-1,-1], "windData": [0,1,1,0] },
								"east": { "texture": "#skin", "uv": [ 60.5, 38.5, 62.0, 40.5 ], "rotation": 90, "windMode": [-1,-1,-1,-1], "windData": [0,1,1,0] },
								"south": { "texture": "#skin", "uv": [ 60.5, 40.5, 62.0, 43.0 ], "rotation": 90 },
								"west": { "texture": "#skin", "uv": [ 60.5, 43.0, 62.0, 45.0 ], "rotation": 90, "windMode": [-1,-1,-1,-1], "windData": [0,0,1,1] },
								"up": { "texture": "#skin", "uv": [ 58.5, 40.5, 60.5, 43.0 ], "rotation": 90, "windMode": [-1,-1,-1,-1], "windData": [1,1,1,1] },
								"down": { "texture": "#skin", "uv": [ 62.0, 40.5, 64.0, 43.0 ], "rotation": 270, "windMode": [-1,-1,-1,-1] }
							}
						},
						{
							"name": "R Haunch",
							"from": [ 4.0, 1.0, -1.0 ],
							"to": [ 10.5, 11.0, 2.0 ],
							"unwrapMode": 1,
							"uv": [ 64.0, 47.5 ],
							"rotationOrigin": [ 7.3, 9.9, 0.5 ],
							"rotationX": -3.0,
							"rotationZ": -14.0,
							"faces": {
								"north": { "texture": "#skin", "uv": [ 67.0, 50.5, 73.5, 60.5 ] },
								"east": { "texture": "#skin", "uv": [ 64.0, 50.5, 67.0, 60.5 ] },
								"south": { "texture": "#skin", "uv": [ 76.5, 50.5, 83.0, 60.5 ] },
								"west": { "texture": "#skin", "uv": [ 73.5, 50.5, 76.5, 60.5 ] },
								"up": { "texture": "#skin", "uv": [ 67.0, 47.5, 73.5, 50.5 ], "rotation": 180 },
								"down": { "texture": "#skin", "uv": [ 67.0, 60.5, 73.5, 63.5 ] }
							},
							"children": [
								{
									"name": "R LegUp",
									"from": [ 0.1, -8.6, 0.2 ],
									"to": [ 3.1, 0.4, 2.8 ],
									"unwrapMode": 1,
									"uv": [ 66.5, 64.0 ],
									"rotationOrigin": [ 0.1, 0.4, 1.5 ],
									"rotationX": -1.0,
									"rotationZ": 80.0,
									"faces": {
										"north": { "texture": "#skin", "uv": [ 69.0, 64.0, 72.0, 73.0 ] },
										"east": { "texture": "#skin", "uv": [ 66.5, 64.0, 69.0, 73.0 ] },
										"south": { "texture": "#skin", "uv": [ 74.5, 64.0, 77.5, 73.0 ] },
										"west": { "texture": "#skin", "uv": [ 72.0, 64.0, 74.5, 73.0 ] },
										"down": { "texture": "#skin", "uv": [ 69.0, 73.0, 72.0, 75.5 ] }
									},
									"children": [
										{
											"name": "R LegLow",
											"from": [ 0.7, -9.3, 0.3 ],
											"to": [ 2.7, 0.7, 2.3 ],
											"unwrapMode": 1,
											"uv": [ 67.5, 76.0 ],
											"rotationOrigin": [ 1.9, 0.5, 1.3 ],
											"rotationX": 4.0,
											"rotationZ": -88.0,
											"faces": {
												"north": { "texture": "#skin", "uv": [ 69.5, 76.0, 71.5, 86.0 ] },
												"east": { "texture": "#skin", "uv": [ 67.5, 76.0, 69.5, 86.0 ] },
												"south": { "texture": "#skin", "uv": [ 73.5, 76.0, 75.5, 86.0 ] },
												"west": { "texture": "#skin", "uv": [ 71.5, 76.0, 73.5, 86.0 ] },
												"down": { "texture": "#skin", "uv": [ 69.5, 86.0, 71.5, 88.0 ] }
											},
											"children": [
												{
													"name": "R Hind Pastern",
													"from": [ 0.2, -1.9, 0.2 ],
													"to": [ 1.7, 1.1, 1.8 ],
													"unwrapMode": 1,
													"uv": [ 68.0, 88.5 ],
													"rotationOrigin": [ 1.1, 1.4, 1.0 ],
													"rotationZ": -16.0,
													"faces": {
														"north": { "texture": "#skin", "uv": [ 69.5, 88.5, 71.0, 91.5 ] },
														"east": { "texture": "#skin", "uv": [ 68.0, 88.5, 69.5, 91.5 ] },
														"south": { "texture": "#skin", "uv": [ 72.5, 88.5, 74.0, 91.5 ] },
														"west": { "texture": "#skin", "uv": [ 71.0, 88.5, 72.5, 91.5 ] },
														"down": { "texture": "#skin", "uv": [ 69.5, 91.5, 71.0, 93.0 ] }
													},
													"children": [
														{
															"name": "R Hind Hoof",
															"from": [ 1.0, 1.3, 0.95 ],
															"to": [ 1.0, 1.3, 0.95 ],
															"uv": [ 0.0, 0.0 ],
															"rotationOrigin": [ 1.0, 1.3, 0.95 ],
															"rotationZ": 38.0,
															"faces": {
															},
															"children": [
																{
																	"name": "R Hind Hoof1",
																	"from": [ -2.8, -0.9, -0.9 ],
																	"to": [ -0.5, -0.1, 0.6 ],
																	"unwrapMode": 5,
																	"uv": [ 78.5, 67.5 ],
																	"rotationOrigin": [ -0.5, -0.1, 0.6 ],
																	"rotationZ": 45.0,
																	"faces": {
																		"north": { "texture": "#skin", "uv": [ 79.0, 67.5, 81.0, 68.0 ], "rotation": 180 },
																		"east": { "texture": "#skin", "uv": [ 81.0, 68.0, 81.5, 69.5 ], "rotation": 90 },
																		"south": { "texture": "#skin", "uv": [ 79.0, 69.5, 81.0, 70.0 ] },
																		"west": { "texture": "#skin", "uv": [ 78.5, 68.0, 79.0, 69.5 ], "rotation": 270 },
																		"up": { "texture": "#skin", "uv": [ 79.0, 68.0, 81.0, 69.5 ] },
																		"down": { "texture": "#skin", "uv": [ 81.5, 68.0, 83.5, 69.5 ] }
																	}
																},
																{
																	"name": "R Hind Hoof2",
																	"from": [ -2.1136, -1.4864, -0.9 ],
																	"to": [ 0.3864, -0.6864, 0.6 ],
																	"unwrapMode": 5,
																	"uv": [ 78.0, 70.5 ],
																	"rotationOrigin": [ 0.2864, -0.5864, 0.5 ],
																	"rotationZ": 24.0,
																	"faces": {
																		"north": { "texture": "#skin", "uv": [ 78.5, 70.5, 81.0, 71.0 ], "rotation": 180 },
																		"east": { "texture": "#skin", "uv": [ 81.0, 71.0, 81.5, 72.5 ], "rotation": 90 },
																		"south": { "texture": "#skin", "uv": [ 78.5, 72.5, 81.0, 73.0 ] },
																		"west": { "texture": "#skin", "uv": [ 78.0, 71.0, 78.5, 72.5 ], "rotation": 270 },
																		"up": { "texture": "#skin", "uv": [ 78.5, 71.0, 81.0, 72.5 ] },
																		"down": { "texture": "#skin", "uv": [ 81.5, 71.0, 84.0, 72.5 ] }
																	}
																}
															]
														}
													]
												}
											]
										},
										{
											"name": "R LegUp Taper",
											"from": [ 1.5, 2.0, 0.1 ],
											"to": [ 3.0, 8.0, 2.5 ],
											"unwrapMode": 2,
											"autoUnwrap": false,
											"uv": [ 65.0, 65.5 ],
											"rotationOrigin": [ 3.0, 2.0, 0.1 ],
											"rotationZ": -16.0,
											"faces": {
												"north": { "texture": "#skin", "uv": [ 68.5, 65.5, 70.0, 71.5 ] },
												"east": { "texture": "#skin", "uv": [ 66.5, 65.5, 68.5, 71.5 ] },
												"south": { "texture": "#skin", "uv": [ 76.0, 65.5, 77.5, 71.5 ] }
											}
										}
									]
								}
							]
						},
						{
							"name": "Midsection",
							"from": [ -8.5, -0.9, -0.5 ],
							"to": [ 1.5, 11.5, 8.5 ],
							"unwrapMode": 7,
							"unwrapRotation": 1,
							"autoUnwrap": false,
							"uv": [ 1.0, 75.0 ],
							"rotationOrigin": [ 1.0, 8.6, 4.0 ],
							"rotationZ": 11.0,
							"faces": {
								"north": { "texture": "#skin", "uv": [ 23.5, 34.5, 35.5, 44.5 ], "rotation": 90 },
								"east": { "texture": "#skin", "uv": [ 24.0, 56.0, 33.0, 68.0 ], "windMode": [-1,-1,-1,-1], "windData": [1,1,1,1] },
								"south": { "texture": "#skin", "uv": [ 2.5, 34.5, 14.5, 44.5 ], "rotation": 270 },
								"west": { "texture": "#skin", "uv": [ 33.5, 56.0, 42.5, 68.0 ], "rotation": 180, "windMode": [-1,-1,-1,-1], "windData": [1,1,1,1] },
								"up": { "texture": "#skin", "uv": [ 14.5, 34.5, 23.5, 44.5 ], "rotation": 270 },
								"down": { "texture": "#skin", "uv": [ 35.5, 34.5, 44.5, 44.5 ], "rotation": 90 }
							},
							"children": [
								{
									"name": "Chest",
									"from": [ -6.5, -0.4, -0.5 ],
									"to": [ 3.5, 13.0, 9.5 ],
									"unwrapMode": 7,
									"unwrapRotation": 1,
									"autoUnwrap": false,
									"uv": [ 0.5, 52.0 ],
									"rotationOrigin": [ 2.5, 9.3, 4.5 ],
									"rotationZ": -12.0,
									"faces": {
										"north": { "texture": "#skin", "uv": [ 24.0, 24.0, 37.0, 34.0 ], "rotation": 90 },
										"east": { "texture": "#skin", "uv": [ 24.0, 69.0, 34.0, 82.0 ] },
										"south": { "texture": "#skin", "uv": [ 1.0, 24.0, 14.0, 34.0 ], "rotation": 270 },
										"west": { "texture": "#skin", "uv": [ 34.5, 69.0, 44.5, 82.0 ] },
										"up": { "texture": "#skin", "uv": [ 14.0, 24.0, 24.0, 34.0 ], "rotation": 270 },
										"down": { "texture": "#skin", "uv": [ 37.0, 24.0, 47.0, 34.0 ], "rotation": 90 }
									},
									"children": [
										{
											"name": "L Shoulder",
											"from": [ -0.9, 0.3, 7.8 ],
											"to": [ 5.6, 11.3, 10.8 ],
											"unwrapMode": 3,
											"uv": [ 42.0, 1.0 ],
											"rotationOrigin": [ 2.2, 6.2, 9.4 ],
											"rotationX": 3.0,
											"rotationZ": 9.0,
											"faces": {
												"north": { "texture": "#skin", "uv": [ 54.5, 4.0, 61.0, 15.0 ] },
												"east": { "texture": "#skin", "uv": [ 51.5, 4.0, 54.5, 15.0 ] },
												"south": { "texture": "#skin", "uv": [ 45.0, 4.0, 51.5, 15.0 ] },
												"west": { "texture": "#skin", "uv": [ 42.0, 4.0, 45.0, 15.0 ] },
												"up": { "texture": "#skin", "uv": [ 45.0, 1.0, 51.5, 4.0 ], "windMode": [-1,-1,-1,-1] },
												"down": { "texture": "#skin", "uv": [ 45.0, 15.0, 51.5, 18.0 ], "rotation": 180 }
											},
											"children": [
												{
													"name": "L ArmUp",
													"from": [ 0.0, 0.0, -0.2 ],
													"to": [ 8.0, 3.5, 2.8 ],
													"unwrapMode": 3,
													"uv": [ 43.5, 94.0 ],
													"rotationOrigin": [ 0.0, 0.0, 1.5 ],
													"rotationZ": 7.0,
													"faces": {
														"north": { "texture": "#skin", "uv": [ 57.5, 97.0, 65.5, 100.5 ] },
														"east": { "texture": "#skin", "uv": [ 54.5, 97.0, 57.5, 100.5 ] },
														"south": { "texture": "#skin", "uv": [ 46.5, 97.0, 54.5, 100.5 ] },
														"west": { "texture": "#skin", "uv": [ 43.5, 97.0, 46.5, 100.5 ] },
														"up": { "texture": "#skin", "uv": [ 46.5, 94.0, 54.5, 97.0 ], "windMode": [-1,-1,-1,-1] },
														"down": { "texture": "#skin", "uv": [ 46.5, 100.5, 54.5, 103.5 ], "rotation": 180 }
													},
													"children": [
														{
															"name": "L ArmMid",
															"from": [ 5.7, -5.4, 0.2 ],
															"to": [ 8.7, 2.6, 2.8 ],
															"unwrapMode": 3,
															"uv": [ 48.0, 19.0 ],
															"rotationOrigin": [ 7.4, 2.9, 1.5 ],
															"rotationZ": -62.0041,
															"faces": {
																"north": { "texture": "#skin", "uv": [ 56.0, 19.0, 59.0, 27.0 ] },
																"east": { "texture": "#skin", "uv": [ 53.5, 19.0, 56.0, 27.0 ] },
																"south": { "texture": "#skin", "uv": [ 50.5, 19.0, 53.5, 27.0 ] },
																"west": { "texture": "#skin", "uv": [ 48.0, 19.0, 50.5, 27.0 ] },
																"down": { "texture": "#skin", "uv": [ 50.5, 27.0, 53.5, 29.5 ], "rotation": 180 }
															},
															"children": [
																{
																	"name": "L ArmLow",
																	"from": [ 0.5, -8.5, 0.3 ],
																	"to": [ 2.5, 0.5, 2.3 ],
																	"unwrapMode": 3,
																	"uv": [ 49.5, 30.0 ],
																	"rotationOrigin": [ 1.6, 0.2, 1.3 ],
																	"rotationX": -3.0,
																	"rotationZ": 38.0,
																	"faces": {
																		"north": { "texture": "#skin", "uv": [ 55.5, 30.0, 57.5, 39.0 ] },
																		"east": { "texture": "#skin", "uv": [ 53.5, 30.0, 55.5, 39.0 ] },
																		"south": { "texture": "#skin", "uv": [ 51.5, 30.0, 53.5, 39.0 ] },
																		"west": { "texture": "#skin", "uv": [ 49.5, 30.0, 51.5, 39.0 ] },
																		"down": { "texture": "#skin", "uv": [ 51.5, 39.0, 53.5, 41.0 ], "rotation": 180 }
																	},
																	"children": [
																		{
																			"name": "L Front Pastern",
																			"from": [ 0.3, -1.9, 0.2 ],
																			"to": [ 1.8, 1.1, 1.8 ],
																			"unwrapMode": 3,
																			"uv": [ 50.5, 41.5 ],
																			"rotationOrigin": [ 1.1, 1.0, 1.0 ],
																			"rotationX": -1.0,
																			"rotationZ": 59.0,
																			"faces": {
																				"north": { "texture": "#skin", "uv": [ 55.0, 41.5, 56.5, 44.5 ] },
																				"east": { "texture": "#skin", "uv": [ 53.5, 41.5, 55.0, 44.5 ] },
																				"south": { "texture": "#skin", "uv": [ 52.0, 41.5, 53.5, 44.5 ] },
																				"west": { "texture": "#skin", "uv": [ 50.5, 41.5, 52.0, 44.5 ] },
																				"down": { "texture": "#skin", "uv": [ 52.0, 44.5, 53.5, 46.0 ], "rotation": 180 }
																			},
																			"children": [
																				{
																					"name": "L Front Hoof",
																					"from": [ 1.0, 1.3, 0.95 ],
																					"to": [ 1.0, 1.3, 0.95 ],
																					"uv": [ 0.0, 0.0 ],
																					"rotationOrigin": [ 1.0, 1.3, 0.95 ],
																					"rotationZ": 50.0,
																					"faces": {
																					},
																					"children": [
																						{
																							"name": "L Front Hoof1",
																							"from": [ -2.8, -0.9, -0.9 ],
																							"to": [ -0.5, -0.1, 0.6 ],
																							"unwrapMode": 5,
																							"uv": [ 78.5, 79.5 ],
																							"rotationOrigin": [ -0.5, -0.1, 0.6 ],
																							"rotationZ": 55.0,
																							"faces": {
																								"north": { "texture": "#skin", "uv": [ 79.0, 79.5, 81.0, 80.0 ], "rotation": 180 },
																								"east": { "texture": "#skin", "uv": [ 81.0, 80.0, 81.5, 81.5 ], "rotation": 90 },
																								"south": { "texture": "#skin", "uv": [ 79.0, 81.5, 81.0, 82.0 ] },
																								"west": { "texture": "#skin", "uv": [ 78.5, 80.0, 79.0, 81.5 ], "rotation": 270 },
																								"up": { "texture": "#skin", "uv": [ 79.0, 80.0, 81.0, 81.5 ] },
																								"down": { "texture": "#skin", "uv": [ 81.5, 80.0, 83.5, 81.5 ] }
																							}
																						},
																						{
																							"name": "L Front Hoof2",
																							"from": [ -1.9338, -1.4758, -0.9 ],
																							"to": [ 0.2662, -0.6758, 0.6 ],
																							"unwrapMode": 5,
																							"uv": [ 78.5, 82.5 ],
																							"rotationOrigin": [ 0.2655, -0.5758, 0.5 ],
																							"rotationZ": 32.0,
																							"faces": {
																								"north": { "texture": "#skin", "uv": [ 79.0, 82.5, 81.0, 83.0 ], "rotation": 180 },
																								"east": { "texture": "#skin", "uv": [ 81.0, 83.0, 81.5, 84.5 ], "rotation": 90 },
																								"south": { "texture": "#skin", "uv": [ 79.0, 84.5, 81.0, 85.0 ] },
																								"west": { "texture": "#skin", "uv": [ 78.5, 83.0, 79.0, 84.5 ], "rotation": 270 },
																								"up": { "texture": "#skin", "uv": [ 79.0, 83.0, 81.0, 84.5 ] },
																								"down": { "texture": "#skin", "uv": [ 81.5, 83.0, 83.5, 84.5 ] }
																							}
																						}
																					]
																				}
																			]
																		}
																	]
																}
															]
														}
													]
												}
											]
										},
										{
											"name": "R Shoulder",
											"from": [ -0.9, 0.3, -0.9 ],
											"to": [ 5.6, 11.3, 2.1 ],
											"unwrapMode": 1,
											"uv": [ 62.0, 1.0 ],
											"rotationOrigin": [ 2.2, 6.2, 0.7 ],
											"rotationX": -3.0,
											"rotationZ": 9.0,
											"faces": {
												"north": { "texture": "#skin", "uv": [ 65.0, 4.0, 71.5, 15.0 ] },
												"east": { "texture": "#skin", "uv": [ 62.0, 4.0, 65.0, 15.0 ] },
												"south": { "texture": "#skin", "uv": [ 74.5, 4.0, 81.0, 15.0 ] },
												"west": { "texture": "#skin", "uv": [ 71.5, 4.0, 74.5, 15.0 ] },
												"up": { "texture": "#skin", "uv": [ 65.0, 1.0, 71.5, 4.0 ], "rotation": 180 },
												"down": { "texture": "#skin", "uv": [ 65.0, 15.0, 71.5, 18.0 ] }
											},
											"children": [
												{
													"name": "R ArmUp",
													"from": [ 0.0, 0.0, 0.2 ],
													"to": [ 8.0, 3.5, 3.2 ],
													"unwrapMode": 1,
													"uv": [ 19.5, 94.0 ],
													"rotationOrigin": [ 0.0, 0.0, 1.5 ],
													"rotationZ": 1.0,
													"faces": {
														"north": { "texture": "#skin", "uv": [ 22.5, 97.0, 30.5, 100.5 ] },
														"east": { "texture": "#skin", "uv": [ 19.5, 97.0, 22.5, 100.5 ] },
														"south": { "texture": "#skin", "uv": [ 33.5, 97.0, 41.5, 100.5 ] },
														"west": { "texture": "#skin", "uv": [ 30.5, 97.0, 33.5, 100.5 ] },
														"up": { "texture": "#skin", "uv": [ 22.5, 94.0, 30.5, 97.0 ], "rotation": 180 },
														"down": { "texture": "#skin", "uv": [ 22.5, 100.5, 30.5, 103.5 ] }
													},
													"children": [
														{
															"name": "R ArmMid",
															"from": [ 5.4, -5.6, 0.2 ],
															"to": [ 8.4, 2.4, 2.8 ],
															"unwrapMode": 1,
															"uv": [ 66.0, 18.5 ],
															"rotationOrigin": [ 7.4, 2.9, 1.5 ],
															"rotationZ": -45.0,
															"faces": {
																"north": { "texture": "#skin", "uv": [ 68.5, 18.5, 71.5, 26.5 ] },
																"east": { "texture": "#skin", "uv": [ 66.0, 18.5, 68.5, 26.5 ] },
																"south": { "texture": "#skin", "uv": [ 74.0, 18.5, 77.0, 26.5 ] },
																"west": { "texture": "#skin", "uv": [ 71.5, 18.5, 74.0, 26.5 ] },
																"down": { "texture": "#skin", "uv": [ 68.5, 26.5, 71.5, 29.0 ] }
															},
															"children": [
																{
																	"name": "R ArmLow",
																	"from": [ 0.5, -8.5, 0.3 ],
																	"to": [ 2.5, 0.5, 2.3 ],
																	"unwrapMode": 1,
																	"uv": [ 67.5, 29.5 ],
																	"rotationOrigin": [ 1.6, 0.2, 1.3 ],
																	"rotationX": 3.0,
																	"rotationZ": 46.0,
																	"faces": {
																		"north": { "texture": "#skin", "uv": [ 69.5, 29.5, 71.5, 38.5 ] },
																		"east": { "texture": "#skin", "uv": [ 67.5, 29.5, 69.5, 38.5 ] },
																		"south": { "texture": "#skin", "uv": [ 73.5, 29.5, 75.5, 38.5 ] },
																		"west": { "texture": "#skin", "uv": [ 71.5, 29.5, 73.5, 38.5 ] },
																		"down": { "texture": "#skin", "uv": [ 69.5, 38.5, 71.5, 40.5 ] }
																	},
																	"children": [
																		{
																			"name": "R Front Pastern",
																			"from": [ 0.3, -1.9, 0.2 ],
																			"to": [ 1.8, 1.1, 1.8 ],
																			"unwrapMode": 1,
																			"uv": [ 68.5, 41.0 ],
																			"rotationOrigin": [ 1.1, 1.0, 1.0 ],
																			"rotationX": -1.0,
																			"rotationZ": 61.0,
																			"faces": {
																				"north": { "texture": "#skin", "uv": [ 70.0, 41.0, 71.5, 44.0 ] },
																				"east": { "texture": "#skin", "uv": [ 68.5, 41.0, 70.0, 44.0 ] },
																				"south": { "texture": "#skin", "uv": [ 73.0, 41.0, 74.5, 44.0 ] },
																				"west": { "texture": "#skin", "uv": [ 71.5, 41.0, 73.0, 44.0 ] },
																				"down": { "texture": "#skin", "uv": [ 70.0, 44.0, 71.5, 45.5 ] }
																			},
																			"children": [
																				{
																					"name": "R Front Hoof",
																					"from": [ 1.0, 1.3, 0.95 ],
																					"to": [ 1.0, 1.3, 0.95 ],
																					"uv": [ 0.0, 0.0 ],
																					"rotationOrigin": [ 1.0, 1.3, 0.95 ],
																					"rotationZ": 50.0,
																					"faces": {
																					},
																					"children": [
																						{
																							"name": "R Front Hoof1",
																							"from": [ -2.8, -0.9, -0.9 ],
																							"to": [ -0.5, -0.1, 0.6 ],
																							"unwrapMode": 5,
																							"uv": [ 78.5, 76.5 ],
																							"rotationOrigin": [ -0.5, -0.1, 0.6 ],
																							"rotationZ": 55.0,
																							"faces": {
																								"north": { "texture": "#skin", "uv": [ 79.0, 76.5, 81.0, 77.0 ], "rotation": 180 },
																								"east": { "texture": "#skin", "uv": [ 81.0, 77.0, 81.5, 78.5 ], "rotation": 90 },
																								"south": { "texture": "#skin", "uv": [ 79.0, 78.5, 81.0, 79.0 ] },
																								"west": { "texture": "#skin", "uv": [ 78.5, 77.0, 79.0, 78.5 ], "rotation": 270 },
																								"up": { "texture": "#skin", "uv": [ 79.0, 77.0, 81.0, 78.5 ] },
																								"down": { "texture": "#skin", "uv": [ 81.5, 77.0, 83.5, 78.5 ] }
																							}
																						},
																						{
																							"name": "R Front Hoof2",
																							"from": [ -1.9345, -1.4758, -0.9 ],
																							"to": [ 0.2655, -0.6758, 0.6 ],
																							"unwrapMode": 5,
																							"uv": [ 78.5, 73.5 ],
																							"rotationOrigin": [ 0.2655, -0.5758, 0.5 ],
																							"rotationZ": 32.0,
																							"faces": {
																								"north": { "texture": "#skin", "uv": [ 79.0, 73.5, 81.0, 74.0 ], "rotation": 180 },
																								"east": { "texture": "#skin", "uv": [ 81.0, 74.0, 81.5, 75.5 ], "rotation": 90 },
																								"south": { "texture": "#skin", "uv": [ 79.0, 75.5, 81.0, 76.0 ] },
																								"west": { "texture": "#skin", "uv": [ 78.5, 74.0, 79.0, 75.5 ], "rotation": 270 },
																								"up": { "texture": "#skin", "uv": [ 79.0, 74.0, 81.0, 75.5 ] },
																								"down": { "texture": "#skin", "uv": [ 81.5, 74.0, 83.5, 75.5 ] }
																							}
																						}
																					]
																				}
																			]
																		}
																	]
																}
															]
														}
													]
												}
											]
										},
										{
											"name": "Hump",
											"from": [ 0.0, 10.3, 1.9 ],
											"to": [ 5.0, 13.3, 8.1 ],
											"unwrapMode": 7,
											"unwrapRotation": 1,
											"autoUnwrap": false,
											"uv": [ 13.0, 21.5 ],
											"rotationOrigin": [ 0.0, 13.3, 5.0 ],
											"rotationZ": 22.0,
											"faces": {
												"north": { "texture": "#skin", "uv": [ 22.0, 24.5, 25.0, 29.5 ], "rotation": 90 },
												"east": { "texture": "#skin", "uv": [ 16.0, 29.5, 22.0, 32.5 ] },
												"south": { "texture": "#skin", "uv": [ 13.0, 24.5, 16.0, 29.5 ], "rotation": 270 },
												"west": { "texture": "#skin", "uv": [ 38.0, 20.0, 44.0, 23.0 ] },
												"up": { "texture": "#skin", "uv": [ 16.0, 24.5, 22.0, 29.5 ], "rotation": 270 }
											},
											"children": [
												{
													"name": "Hump2",
													"from": [ 5.0, 1.5, 0.1 ],
													"to": [ 10.0, 3.0, 6.1 ],
													"unwrapMode": 7,
													"unwrapRotation": 1,
													"uv": [ 14.5, 29.0 ],
													"rotationOrigin": [ 5.0, 3.0, 3.1 ],
													"rotationZ": -44.0,
													"faces": {
														"north": { "texture": "#skin", "uv": [ 22.0, 29.0, 23.5, 34.0 ], "rotation": 90 },
														"south": { "texture": "#skin", "uv": [ 14.5, 29.0, 16.0, 34.0 ], "rotation": 270 },
														"up": { "texture": "#skin", "uv": [ 16.0, 29.0, 22.0, 34.0 ], "rotation": 270 }
													}
												}
											]
										},
										{
											"name": "Neck",
											"from": [ -4.2, 3.2, 2.5 ],
											"to": [ 3.3, 13.7, 7.5 ],
											"unwrapMode": 7,
											"unwrapRotation": 1,
											"autoUnwrap": false,
											"uv": [ 6.0, 5.5 ],
											"rotationOrigin": [ 2.3, 10.7, 5.0 ],
											"rotationZ": 8.0,
											"faces": {
												"north": { "texture": "#skin", "uv": [ 21.5, 16.0, 32.0, 23.5 ], "rotation": 90 },
												"south": { "texture": "#skin", "uv": [ 6.0, 16.0, 16.5, 23.5 ], "rotation": 270 },
												"west": { "texture": "#skin", "uv": [ 3.0, 4.5, 8.0, 15.0 ] },
												"up": { "texture": "#skin", "uv": [ 16.5, 16.0, 21.5, 23.5 ], "rotation": 270 },
												"down": { "texture": "#skin", "uv": [ 32.0, 16.0, 37.0, 23.5 ], "rotation": 90 }
											},
											"children": [
												{
													"name": "Neck2",
													"from": [ -4.9, 1.8, 0.5 ],
													"to": [ 1.6, 10.2, 4.5 ],
													"unwrapMode": 7,
													"unwrapRotation": 1,
													"autoUnwrap": false,
													"uv": [ 9.0, 1.0 ],
													"rotationOrigin": [ 1.6, 8.4, 2.6 ],
													"rotationZ": -5.0,
													"faces": {
														"north": { "texture": "#skin", "uv": [ 21.0, 9.0, 29.0, 15.5 ], "rotation": 90 },
														"east": { "texture": "#skin", "uv": [ 3.5, 4.5, 7.5, 12.5 ], "windMode": [-1,-1,-1,-1], "windData": [1,1,1,1] },
														"south": { "texture": "#skin", "uv": [ 9.0, 9.0, 17.0, 15.5 ], "rotation": 270 },
														"west": { "texture": "#skin", "uv": [ 17.0, 1.0, 21.0, 9.0 ], "rotation": 180 },
														"up": { "texture": "#skin", "uv": [ 17.0, 9.0, 21.0, 15.5 ], "rotation": 270 },
														"down": { "texture": "#skin", "uv": [ 29.0, 9.0, 33.0, 15.5 ], "rotation": 90 }
													},
													"children": [
														{
															"name": "Head",
															"from": [ -3.1, 2.2, -0.8 ],
															"to": [ 1.0, 8.2, 4.8 ],
															"unwrapMode": 4,
															"uv": [ 13.0, 79.5 ],
															"rotationOrigin": [ -0.1, 6.6, 2.1 ],
															"rotationZ": 30.0,
															"faces": {
																"north": { "texture": "#skin", "uv": [ 13.0, 83.5, 17.0, 89.5 ] },
																"east": { "texture": "#skin", "uv": [ 26.5, 83.5, 32.0, 89.5 ] },
																"south": { "texture": "#skin", "uv": [ 22.5, 83.5, 26.5, 89.5 ] },
																"west": { "texture": "#skin", "uv": [ 17.0, 83.5, 22.5, 89.5 ] },
																"up": { "texture": "#skin", "uv": [ 17.0, 79.5, 22.5, 83.5 ], "rotation": 90 },
																"down": { "texture": "#skin", "uv": [ 17.0, 89.5, 22.5, 93.5 ], "rotation": 90 }
															},
															"children": [
																{
																	"name": "MouthUp",
																	"from": [ -5.5, 1.9, 1.2 ],
																	"to": [ 0.5, 4.4, 4.4 ],
																	"unwrapMode": 5,
																	"unwrapRotation": 1,
																	"uv": [ 5.0, 90.5 ],
																	"rotationOrigin": [ -0.7, 4.1, 2.8 ],
																	"rotationZ": 10.0,
																	"faces": {
																		"north": { "texture": "#skin", "uv": [ 5.0, 90.5, 7.5, 96.5 ], "rotation": 270 },
																		"south": { "texture": "#skin", "uv": [ 10.5, 90.5, 13.0, 96.5 ], "rotation": 90 },
																		"west": { "texture": "#skin", "uv": [ 7.5, 96.5, 10.5, 99.0 ] },
																		"up": { "texture": "#skin", "uv": [ 7.5, 90.5, 10.5, 96.5 ], "rotation": 90 },
																		"down": { "texture": "#skin", "uv": [ 13.0, 90.5, 16.0, 96.5 ], "rotation": 270 }
																	},
																	"children": [
																		{
																			"name": "Nose",
																			"from": [ 0.0, 2.1, 0.3 ],
																			"to": [ 6.1, 3.6, 2.9 ],
																			"unwrapMode": 5,
																			"unwrapRotation": 1,
																			"uv": [ 11.5, 97.5 ],
																			"rotationOrigin": [ 4.9, 2.1, 1.1 ],
																			"rotationZ": 8.0,
																			"faces": {
																				"north": { "texture": "#skin", "uv": [ 11.5, 97.5, 13.0, 103.5 ], "rotation": 270 },
																				"south": { "texture": "#skin", "uv": [ 15.5, 97.5, 17.0, 103.5 ], "rotation": 90 },
																				"up": { "texture": "#skin", "uv": [ 13.0, 97.5, 15.5, 103.5 ], "rotation": 90 }
																			},
																			"children": [
																				{
																					"name": "Snout",
																					"from": [ -2.7, -1.0, -0.4 ],
																					"to": [ 0.5, 1.8, 3.0 ],
																					"unwrapMode": 4,
																					"uv": [ 33.5, 83.0 ],
																					"rotationOrigin": [ 0.5, 1.5, 1.4 ],
																					"rotationZ": 20.0,
																					"faces": {
																						"north": { "texture": "#skin", "uv": [ 33.5, 86.0, 36.5, 88.5 ] },
																						"east": { "texture": "#skin", "uv": [ 42.5, 86.0, 45.5, 88.5 ] },
																						"south": { "texture": "#skin", "uv": [ 39.5, 86.0, 42.5, 88.5 ] },
																						"west": { "texture": "#skin", "uv": [ 36.5, 86.0, 39.5, 88.5 ] },
																						"up": { "texture": "#skin", "uv": [ 36.5, 83.0, 39.5, 86.0 ], "rotation": 90 },
																						"down": { "texture": "#skin", "uv": [ 36.5, 88.5, 39.5, 91.5 ], "rotation": 90 }
																					},
																					"children": [
																						{
																							"name": "Snout2",
																							"from": [ -2.2, 0.8, -0.01 ],
																							"to": [ 0.0, 2.8, 3.41 ],
																							"unwrapMode": 4,
																							"uv": [ 40.0, 89.5 ],
																							"rotationOrigin": [ 0.0, 2.8, 1.6 ],
																							"rotationZ": 45.0,
																							"faces": {
																								"north": { "texture": "#skin", "uv": [ 40.0, 91.5, 42.0, 93.5 ] },
																								"south": { "texture": "#skin", "uv": [ 45.0, 91.5, 47.0, 93.5 ] },
																								"west": { "texture": "#skin", "uv": [ 42.0, 91.5, 45.0, 93.5 ] },
																								"up": { "texture": "#skin", "uv": [ 42.0, 89.5, 45.0, 91.5 ], "rotation": 90 },
																								"down": { "texture": "#skin", "uv": [ 42.0, 93.5, 45.0, 95.5 ], "rotation": 90 }
																							}
																						},
																						{
																							"name": "Nose2",
																							"from": [ 3.2, 2.3, 0.45 ],
																							"to": [ 6.7, 2.8, 2.95 ],
																							"unwrapMode": 5,
																							"unwrapRotation": 1,
																							"uv": [ 12.5, 100.0 ],
																							"rotationOrigin": [ 3.2, 2.8, 1.7 ],
																							"rotationZ": -24.0,
																							"faces": {
																								"north": { "texture": "#skin", "uv": [ 12.5, 100.0, 13.0, 103.5 ], "rotation": 270 },
																								"south": { "texture": "#skin", "uv": [ 15.5, 100.0, 16.0, 103.5 ], "rotation": 90 },
																								"up": { "texture": "#skin", "uv": [ 13.0, 100.0, 15.5, 103.5 ], "rotation": 90 }
																							}
																						}
																					]
																				}
																			]
																		}
																	]
																},
																{
																	"name": "R Ear",
																	"from": [ 2.9, 4.2, -2.2 ],
																	"to": [ 3.5, 5.6, 0.8 ],
																	"unwrapMode": 4,
																	"unwrapRotation": 1,
																	"uv": [ 57.0, 77.0 ],
																	"rotationOrigin": [ 3.2, 5.4, 0.8 ],
																	"rotationX": 25.0,
																	"rotationY": -22.0,
																	"rotationZ": 112.0,
																	"faces": {
																		"north": { "texture": "#skin", "uv": [ 57.5, 80.0, 58.5, 80.5 ], "rotation": 90 },
																		"east": { "texture": "#skin", "uv": [ 59.0, 77.0, 60.0, 80.0 ], "rotation": 270 },
																		"west": { "texture": "#skin", "uv": [ 57.5, 77.0, 58.5, 80.0 ], "rotation": 90 },
																		"up": { "texture": "#skin", "uv": [ 57.0, 77.0, 57.5, 80.0 ], "rotation": 180 },
																		"down": { "texture": "#skin", "uv": [ 58.5, 77.0, 59.0, 80.0 ], "rotation": 180 }
																	},
																	"children": [
																		{
																			"name": "R Ear2",
																			"from": [ 0.0, 0.4, -3.0 ],
																			"to": [ 0.6, 1.4, 0.0 ],
																			"unwrapMode": 4,
																			"unwrapRotation": 1,
																			"uv": [ 60.5, 80.5 ],
																			"rotationOrigin": [ 0.3, 1.4, 0.0 ],
																			"rotationX": -10.0,
																			"rotationZ": 2.0,
																			"faces": {
																				"north": { "texture": "#skin", "uv": [ 61.0, 83.5, 62.0, 84.0 ], "rotation": 90 },
																				"east": { "texture": "#skin", "uv": [ 62.5, 80.5, 63.5, 83.5 ], "rotation": 270 },
																				"west": { "texture": "#skin", "uv": [ 61.0, 80.5, 62.0, 83.5 ], "rotation": 90 },
																				"up": { "texture": "#skin", "uv": [ 60.5, 80.5, 61.0, 83.5 ], "rotation": 180 },
																				"down": { "texture": "#skin", "uv": [ 62.0, 80.5, 62.5, 83.5 ], "rotation": 180 }
																			}
																		},
																		{
																			"name": "R Ear3",
																			"from": [ 0.0, 0.0, -0.5 ],
																			"to": [ 0.6, 1.5, 2.0 ],
																			"unwrapMode": 4,
																			"unwrapRotation": 1,
																			"uv": [ 60.5, 77.0 ],
																			"rotationOrigin": [ 0.3, 0.0, 2.0 ],
																			"rotationX": -25.0,
																			"rotationZ": -2.0,
																			"faces": {
																				"north": { "texture": "#skin", "uv": [ 61.0, 79.5, 62.5, 80.0 ], "rotation": 90 },
																				"east": { "texture": "#skin", "uv": [ 63.0, 77.0, 64.5, 79.5 ], "rotation": 270 },
																				"west": { "texture": "#skin", "uv": [ 61.0, 77.0, 62.5, 79.5 ], "rotation": 90 },
																				"up": { "texture": "#skin", "uv": [ 60.5, 77.0, 61.0, 79.5 ], "rotation": 180 },
																				"down": { "texture": "#skin", "uv": [ 62.5, 77.0, 63.0, 79.5 ], "rotation": 180 }
																			},
																			"children": [
																				{
																					"name": "R Ear4",
																					"from": [ 0.0, 0.0, -2.7 ],
																					"to": [ 0.6, 1.0, 0.0 ],
																					"unwrapMode": 4,
																					"unwrapRotation": 1,
																					"uv": [ 57.0, 81.0 ],
																					"rotationOrigin": [ 0.3, 0.0, 0.0 ],
																					"rotationX": 45.0,
																					"rotationZ": -2.0,
																					"faces": {
																						"north": { "texture": "#skin", "uv": [ 57.5, 83.5, 58.5, 84.0 ], "rotation": 90 },
																						"east": { "texture": "#skin", "uv": [ 59.0, 81.0, 60.0, 83.5 ], "rotation": 270 },
																						"west": { "texture": "#skin", "uv": [ 57.5, 81.0, 58.5, 83.5 ], "rotation": 90 },
																						"up": { "texture": "#skin", "uv": [ 57.0, 81.0, 57.5, 83.5 ], "rotation": 180 },
																						"down": { "texture": "#skin", "uv": [ 58.5, 81.0, 59.0, 83.5 ], "rotation": 180 }
																					}
																				}
																			]
																		}
																	]
																},
																{
																	"name": "L Ear",
																	"from": [ 2.9, 4.2, 4.8 ],
																	"to": [ 3.5, 5.6, 7.8 ],
																	"unwrapMode": 4,
																	"unwrapRotation": 1,
																	"uv": [ 57.0, 89.5 ],
																	"rotationOrigin": [ 3.2, 5.4, 4.8 ],
																	"rotationX": -25.0,
																	"rotationY": 22.0,
																	"rotationZ": 112.0,
																	"faces": {
																		"east": { "texture": "#skin", "uv": [ 59.0, 90.0, 60.0, 93.0 ], "rotation": 270 },
																		"south": { "texture": "#skin", "uv": [ 57.5, 89.5, 58.5, 90.0 ], "rotation": 90 },
																		"west": { "texture": "#skin", "uv": [ 57.5, 90.0, 58.5, 93.0 ], "rotation": 90 },
																		"up": { "texture": "#skin", "uv": [ 57.0, 90.0, 57.5, 93.0 ], "rotation": 180 },
																		"down": { "texture": "#skin", "uv": [ 58.5, 90.0, 59.0, 93.0 ], "rotation": 180 }
																	},
																	"children": [
																		{
																			"name": "L Ear2",
																			"from": [ 0.0, 0.4, 3.0 ],
																			"to": [ 0.6, 1.4, 6.0 ],
																			"unwrapMode": 4,
																			"unwrapRotation": 1,
																			"uv": [ 60.5, 85.0 ],
																			"rotationOrigin": [ 0.3, 1.4, 3.0 ],
																			"rotationX": 10.0,
																			"rotationZ": 2.0,
																			"faces": {
																				"east": { "texture": "#skin", "uv": [ 62.5, 85.5, 63.5, 88.5 ], "rotation": 270 },
																				"south": { "texture": "#skin", "uv": [ 61.0, 85.0, 62.0, 85.5 ], "rotation": 90 },
																				"west": { "texture": "#skin", "uv": [ 61.0, 85.5, 62.0, 88.5 ], "rotation": 90 },
																				"up": { "texture": "#skin", "uv": [ 60.5, 85.5, 61.0, 88.5 ], "rotation": 180 },
																				"down": { "texture": "#skin", "uv": [ 62.0, 85.5, 62.5, 88.5 ], "rotation": 180 }
																			}
																		},
																		{
																			"name": "L Ear3",
																			"from": [ 0.0, 0.0, 1.0 ],
																			"to": [ 0.6, 1.5, 3.5 ],
																			"unwrapMode": 4,
																			"unwrapRotation": 1,
																			"uv": [ 60.5, 89.0 ],
																			"rotationOrigin": [ 0.3, 0.0, 1.0 ],
																			"rotationX": 25.0,
																			"rotationZ": -2.0,
																			"faces": {
																				"east": { "texture": "#skin", "uv": [ 63.0, 89.5, 64.5, 92.0 ], "rotation": 270 },
																				"south": { "texture": "#skin", "uv": [ 61.0, 89.0, 62.5, 89.5 ], "rotation": 90 },
																				"west": { "texture": "#skin", "uv": [ 61.0, 89.5, 62.5, 92.0 ], "rotation": 90 },
																				"up": { "texture": "#skin", "uv": [ 60.5, 89.5, 61.0, 92.0 ], "rotation": 180 },
																				"down": { "texture": "#skin", "uv": [ 62.5, 89.5, 63.0, 92.0 ], "rotation": 180 }
																			},
																			"children": [
																				{
																					"name": "L Ear4",
																					"from": [ 0.0, 0.0, 2.5 ],
																					"to": [ 0.6, 1.0, 5.2 ],
																					"unwrapMode": 4,
																					"unwrapRotation": 1,
																					"uv": [ 57.0, 85.0 ],
																					"rotationOrigin": [ 0.3, 0.0, 2.5 ],
																					"rotationX": -45.0,
																					"rotationZ": -2.0,
																					"faces": {
																						"east": { "texture": "#skin", "uv": [ 59.0, 85.5, 60.0, 88.0 ], "rotation": 270 },
																						"south": { "texture": "#skin", "uv": [ 57.5, 85.0, 58.5, 85.5 ], "rotation": 90 },
																						"west": { "texture": "#skin", "uv": [ 57.5, 85.5, 58.5, 88.0 ], "rotation": 90 },
																						"up": { "texture": "#skin", "uv": [ 57.0, 85.5, 57.5, 88.0 ], "rotation": 180 },
																						"down": { "texture": "#skin", "uv": [ 58.5, 85.5, 59.0, 88.0 ], "rotation": 180 }
																					}
																				}
																			]
																		}
																	]
																},
																{
																	"name": "Jaw",
																	"from": [ -2.6, -1.1, 1.6 ],
																	"to": [ 3.3, 2.3, 4.2 ],
																	"unwrapMode": 7,
																	"unwrapRotation": 1,
																	"uv": [ 1.5, 75.0 ],
																	"rotationOrigin": [ 1.4, 0.3, 2.9 ],
																	"rotationZ": -18.0,
																	"faces": {
																		"north": { "texture": "#skin", "uv": [ 7.0, 78.0, 10.0, 83.5 ], "rotation": 90 },
																		"south": { "texture": "#skin", "uv": [ 1.5, 78.0, 4.5, 83.5 ], "rotation": 270 },
																		"west": { "texture": "#skin", "uv": [ 4.5, 75.0, 7.0, 78.0 ], "rotation": 180 },
																		"up": { "texture": "#skin", "uv": [ 4.5, 78.0, 7.0, 83.5 ], "rotation": 270 },
																		"down": { "texture": "#skin", "uv": [ 10.0, 78.0, 12.5, 83.5 ], "rotation": 90 }
																	},
																	"children": [
																		{
																			"name": "Jaw2",
																			"from": [ -2.0, 0.1, 0.1 ],
																			"to": [ 0.5, 1.8, 2.5 ],
																			"unwrapMode": 7,
																			"unwrapRotation": 1,
																			"uv": [ 4.0, 70.5 ],
																			"rotationOrigin": [ 0.4, 1.5, 1.3 ],
																			"rotationZ": 16.0,
																			"faces": {
																				"north": { "texture": "#skin", "uv": [ 7.5, 72.0, 9.0, 74.5 ], "rotation": 90 },
																				"south": { "texture": "#skin", "uv": [ 4.0, 72.0, 5.5, 74.5 ], "rotation": 270 },
																				"west": { "texture": "#skin", "uv": [ 5.5, 70.5, 7.5, 72.0 ], "rotation": 180, "windMode": [-1,-1,-1,-1], "windData": [1,1,1,1] },
																				"up": { "texture": "#skin", "uv": [ 5.5, 72.0, 7.5, 74.5 ], "rotation": 270, "windMode": [-1,-1,-1,-1], "windData": [1,1,1,1] },
																				"down": { "texture": "#skin", "uv": [ 9.0, 72.0, 11.0, 74.5 ], "rotation": 90, "windMode": [-1,-1,-1,-1], "windData": [1,1,1,1] }
																			},
																			"children": [
																				{
																					"name": "LowerLip",
																					"from": [ -2.3, 0.0, -0.1 ],
																					"to": [ 0.2, 1.7, 2.5 ],
																					"unwrapMode": 7,
																					"unwrapRotation": 1,
																					"uv": [ 4.0, 66.0 ],
																					"rotationOrigin": [ 0.1, 1.4, 1.1 ],
																					"rotationZ": 25.0,
																					"faces": {
																						"north": { "texture": "#skin", "uv": [ 8.0, 67.5, 9.5, 70.0 ], "rotation": 90 },
																						"south": { "texture": "#skin", "uv": [ 4.0, 67.5, 5.5, 70.0 ], "rotation": 270 },
																						"west": { "texture": "#skin", "uv": [ 5.5, 66.0, 8.0, 67.5 ], "rotation": 180, "windMode": [-1,-1,-1,-1], "windData": [1,1,1,1] },
																						"up": { "texture": "#skin", "uv": [ 5.5, 67.5, 8.0, 70.0 ], "rotation": 270, "windMode": [-1,-1,-1,-1], "windData": [1,1,1,1] },
																						"down": { "texture": "#skin", "uv": [ 9.5, 67.5, 12.0, 70.0 ], "rotation": 90, "windMode": [-1,-1,-1,-1], "windData": [1,1,1,1] }
																					}
																				}
																			]
																		},
																		{
																			"name": "Wattle",
																			"from": [ 1.6, -3.1, 1.0 ],
																			"to": [ 3.8, 0.4, 1.6 ],
																			"unwrapMode": 3,
																			"autoUnwrap": false,
																			"uv": [ 63.5, 104.0 ],
																			"rotationOrigin": [ 2.9, 0.4, 1.3 ],
																			"rotationX": -5.0,
																			"faces": {
																				"north": { "texture": "#skin", "uv": [ 76.5, 94.5, 78.5, 98.0 ] },
																				"east": { "texture": "#skin", "uv": [ 72.0, 94.5, 72.5, 98.0 ], "windMode": [-1,-1,-1,-1], "windData": [1,1,1,1] },
																				"south": { "texture": "#skin", "uv": [ 70.0, 94.5, 72.0, 98.0 ], "windMode": [-1,-1,-1,-1], "windData": [1,1,1,1] },
																				"west": { "texture": "#skin", "uv": [ 69.5, 94.5, 70.0, 98.0 ], "windMode": [-1,-1,-1,-1], "windData": [1,1,1,1] },
																				"down": { "texture": "#skin", "uv": [ 70.0, 98.0, 72.0, 98.5 ], "rotation": 180, "windMode": [-1,-1,-1,-1], "windData": [1,1,1,1] }
																			},
																			"children": [
																				{
																					"name": "Wattle1B",
																					"from": [ -2.0, -0.3, 0.05 ],
																					"to": [ 0.0, 3.4, 0.55 ],
																					"unwrapMode": 3,
																					"autoUnwrap": false,
																					"uv": [ 57.0, 105.0 ],
																					"rotationOrigin": [ -1.9, 3.5, 0.3 ],
																					"rotationZ": 10.0,
																					"faces": {
																						"north": { "texture": "#skin", "uv": [ 78.5, 94.5, 80.5, 98.0 ] },
																						"east": { "texture": "#skin", "uv": [ 70.0, 94.5, 70.5, 98.0 ], "windMode": [-1,-1,-1,-1], "windData": [1,1,1,1] },
																						"south": { "texture": "#skin", "uv": [ 68.0, 94.5, 70.0, 98.0 ], "windMode": [-1,-1,-1,-1], "windData": [1,1,1,1] },
																						"west": { "texture": "#skin", "uv": [ 67.5, 94.5, 68.0, 98.0 ], "windMode": [-1,-1,-1,-1], "windData": [1,1,1,1] },
																						"down": { "texture": "#skin", "uv": [ 68.0, 98.0, 70.0, 98.5 ], "rotation": 180, "windMode": [-1,-1,-1,-1], "windData": [1,1,1,1] }
																					}
																				},
																				{
																					"name": "Wattle1C",
																					"from": [ 2.2, -0.3, 0.05 ],
																					"to": [ 4.2, 3.4, 0.55 ],
																					"unwrapMode": 3,
																					"autoUnwrap": false,
																					"uv": [ 73.0, 105.5 ],
																					"rotationOrigin": [ 4.2, 3.4, 0.3 ],
																					"rotationZ": -10.0,
																					"faces": {
																						"north": { "texture": "#skin", "uv": [ 74.5, 94.5, 76.5, 98.0 ] },
																						"east": { "texture": "#skin", "uv": [ 74.0, 94.5, 74.5, 98.0 ], "windMode": [-1,-1,-1,-1], "windData": [1,1,1,1] },
																						"south": { "texture": "#skin", "uv": [ 72.0, 94.5, 74.0, 98.0 ], "windMode": [-1,-1,-1,-1], "windData": [1,1,1,1] },
																						"west": { "texture": "#skin", "uv": [ 71.5, 94.5, 72.0, 98.0 ], "windMode": [-1,-1,-1,-1], "windData": [1,1,1,1] },
																						"down": { "texture": "#skin", "uv": [ 72.0, 98.0, 74.0, 98.5 ], "rotation": 180, "windMode": [-1,-1,-1,-1], "windData": [1,1,1,1] }
																					}
																				},
																				{
																					"name": "Wattle2",
																					"from": [ 2.3, -3.4, 0.0 ],
																					"to": [ 3.5, 0.1, 0.6 ],
																					"unwrapMode": 3,
																					"autoUnwrap": false,
																					"uv": [ 74.5, 107.5 ],
																					"rotationOrigin": [ 2.6, 0.1, 0.3 ],
																					"faces": {
																						"north": { "texture": "#skin", "uv": [ 75.5, 98.0, 76.5, 101.5 ] },
																						"east": { "texture": "#skin", "uv": [ 73.0, 98.0, 73.5, 101.5 ], "windMode": [-1,-1,-1,-1], "windData": [1,1,1,1] },
																						"south": { "texture": "#skin", "uv": [ 72.0, 98.0, 73.0, 101.5 ], "windMode": [-1,-1,-1,-1], "windData": [1,1,1,1] },
																						"west": { "texture": "#skin", "uv": [ 71.5, 98.0, 72.0, 101.5 ], "windMode": [-1,-1,-1,-1], "windData": [1,1,1,1] },
																						"up": { "texture": "#skin", "uv": [ 72.0, 97.5, 73.0, 98.0 ], "windMode": [-1,-1,-1,-1], "windData": [1,1,1,1] },
																						"down": { "texture": "#skin", "uv": [ 72.0, 101.5, 73.0, 102.0 ], "rotation": 180, "windMode": [-1,-1,-1,-1], "windData": [1,1,1,1] }
																					},
																					"children": [
																						{
																							"name": "Wattle2B",
																							"from": [ -2.0, -0.3, 0.05 ],
																							"to": [ 0.0, 3.4, 0.55 ],
																							"unwrapMode": 3,
																							"autoUnwrap": false,
																							"uv": [ 70.5, 102.5 ],
																							"rotationOrigin": [ -1.9, 3.5, 0.3 ],
																							"rotationZ": 10.0,
																							"faces": {
																								"north": { "texture": "#skin", "uv": [ 76.5, 98.0, 78.5, 101.5 ] },
																								"east": { "texture": "#skin", "uv": [ 72.0, 98.0, 72.5, 101.5 ], "windMode": [-1,-1,-1,-1], "windData": [1,1,1,1] },
																								"south": { "texture": "#skin", "uv": [ 70.0, 98.0, 72.0, 101.5 ], "windMode": [-1,-1,-1,-1], "windData": [1,1,1,1] },
																								"west": { "texture": "#skin", "uv": [ 69.5, 98.0, 70.0, 101.5 ], "windMode": [-1,-1,-1,-1], "windData": [1,1,1,1] },
																								"up": { "texture": "#skin", "uv": [ 70.0, 97.5, 72.0, 98.0 ], "windMode": [-1,-1,-1,-1], "windData": [1,1,1,1] },
																								"down": { "texture": "#skin", "uv": [ 70.0, 101.5, 72.0, 102.0 ], "rotation": 180, "windMode": [-1,-1,-1,-1], "windData": [1,1,1,1] }
																							}
																						}
																					]
																				}
																			]
																		}
																	]
																},
																{
																	"name": "L Eye",
																	"from": [ 0.2, 4.5, 4.99 ],
																	"to": [ 1.0, 4.9, 5.61 ],
																	"unwrapMode": 3,
																	"uv": [ 15.0, 79.5 ],
																	"rotationOrigin": [ 0.2, 4.5, 5.0 ],
																	"faces": {
																		"east": { "texture": "#skin", "uv": [ 16.0, 79.5, 16.5, 80.0 ], "windMode": [-1,-1,-1,-1], "windData": [1,1,1,1] },
																		"south": { "texture": "#skin", "uv": [ 15.5, 79.5, 16.0, 80.0 ], "windMode": [-1,-1,-1,-1], "windData": [1,1,1,1] },
																		"west": { "texture": "#skin", "uv": [ 15.0, 79.5, 15.5, 80.0 ], "windMode": [-1,-1,-1,-1], "windData": [1,1,1,1] },
																		"down": { "texture": "#skin", "uv": [ 15.5, 80.0, 16.0, 80.5 ], "rotation": 180, "windMode": [-1,-1,-1,-1], "windData": [1,1,1,1] }
																	},
																	"children": [
																		{
																			"name": "L Eye2",
																			"from": [ 0.0, 0.4, 0.0 ],
																			"to": [ 0.8, 0.8, 0.62 ],
																			"unwrapMode": 3,
																			"uv": [ 15.0, 78.5 ],
																			"rotationOrigin": [ 0.0, 0.4, 0.01 ],
																			"faces": {
																				"east": { "texture": "#skin", "uv": [ 16.0, 79.0, 16.5, 79.5 ], "windMode": [-1,-1,-1,-1], "windData": [1,1,1,1] },
																				"south": { "texture": "#skin", "uv": [ 15.5, 79.0, 16.0, 79.5 ] },
																				"west": { "texture": "#skin", "uv": [ 15.0, 79.0, 15.5, 79.5 ], "windMode": [-1,-1,-1,-1], "windData": [1,1,1,1] },
																				"up": { "texture": "#skin", "uv": [ 15.5, 78.5, 16.0, 79.0 ], "windMode": [-1,-1,-1,-1], "windData": [1,1,1,1] }
																			}
																		},
																		{
																			"name": "L Pupil",
																			"from": [ 0.1, 0.2, 0.01 ],
																			"to": [ 0.7, 0.6, 0.63 ],
																			"unwrapMode": 3,
																			"uv": [ 15.0, 81.0 ],
																			"rotationOrigin": [ 0.1, 0.2, 0.01 ],
																			"faces": {
																				"east": { "texture": "#skin", "uv": [ 16.0, 81.5, 16.5, 82.0 ], "windMode": [-1,-1,-1,-1], "windData": [1,1,1,1] },
																				"south": { "texture": "#skin", "uv": [ 15.5, 81.5, 16.0, 82.0 ] },
																				"west": { "texture": "#skin", "uv": [ 15.0, 81.5, 15.5, 82.0 ], "windMode": [-1,-1,-1,-1], "windData": [1,1,1,1] },
																				"up": { "texture": "#skin", "uv": [ 15.5, 81.0, 16.0, 81.5 ], "windMode": [-1,-1,-1,-1], "windData": [1,1,1,1] },
																				"down": { "texture": "#skin", "uv": [ 15.5, 82.0, 16.0, 82.5 ], "rotation": 180, "windMode": [-1,-1,-1,-1], "windData": [1,1,1,1] }
																			}
																		}
																	]
																},
																{
																	"name": "R Eye",
																	"from": [ 0.2, 4.5, -0.01 ],
																	"to": [ 1.0, 4.9, 0.61 ],
																	"unwrapMode": 1,
																	"uv": [ 15.0, 79.5 ],
																	"rotationOrigin": [ 0.2, 4.1, 0.0 ],
																	"faces": {
																		"north": { "texture": "#skin", "uv": [ 15.5, 79.5, 16.0, 80.0 ] },
																		"east": { "texture": "#skin", "uv": [ 15.0, 79.5, 15.5, 80.0 ], "windMode": [-1,-1,-1,-1], "windData": [1,1,1,1] },
																		"west": { "texture": "#skin", "uv": [ 16.0, 79.5, 16.5, 80.0 ], "windMode": [-1,-1,-1,-1], "windData": [1,1,1,1] },
																		"down": { "texture": "#skin", "uv": [ 15.5, 80.0, 16.0, 80.5 ], "windMode": [-1,-1,-1,-1], "windData": [1,1,1,1] }
																	},
																	"children": [
																		{
																			"name": "R Eye2",
																			"from": [ 0.0, 0.4, 0.0 ],
																			"to": [ 0.8, 0.8, 0.62 ],
																			"unwrapMode": 1,
																			"uv": [ 15.0, 78.5 ],
																			"rotationOrigin": [ 0.0, 0.4, 0.01 ],
																			"faces": {
																				"north": { "texture": "#skin", "uv": [ 15.5, 79.0, 16.0, 79.5 ] },
																				"east": { "texture": "#skin", "uv": [ 15.0, 79.0, 15.5, 79.5 ], "windMode": [-1,-1,-1,-1], "windData": [1,1,1,1] },
																				"west": { "texture": "#skin", "uv": [ 16.0, 79.0, 16.5, 79.5 ], "windMode": [-1,-1,-1,-1], "windData": [1,1,1,1] },
																				"up": { "texture": "#skin", "uv": [ 15.5, 78.5, 16.0, 79.0 ], "rotation": 180, "windMode": [-1,-1,-1,-1], "windData": [1,1,1,1] }
																			}
																		},
																		{
																			"name": "R Pupil",
																			"from": [ 0.1, 0.2, -0.01 ],
																			"to": [ 0.7, 0.6, 0.61 ],
																			"unwrapMode": 3,
																			"uv": [ 15.0, 81.0 ],
																			"rotationOrigin": [ 0.1, 0.2, -0.01 ],
																			"faces": {
																				"north": { "texture": "#skin", "uv": [ 16.0, 81.5, 16.5, 82.0 ] },
																				"east": { "texture": "#skin", "uv": [ 15.5, 81.5, 16.0, 82.0 ], "windMode": [-1,-1,-1,-1], "windData": [1,1,1,1] },
																				"west": { "texture": "#skin", "uv": [ 15.0, 81.5, 15.5, 82.0 ], "windMode": [-1,-1,-1,-1], "windData": [1,1,1,1] },
																				"up": { "texture": "#skin", "uv": [ 15.5, 81.0, 16.0, 81.5 ], "windMode": [-1,-1,-1,-1], "windData": [1,1,1,1] },
																				"down": { "texture": "#skin", "uv": [ 15.5, 82.0, 16.0, 82.5 ], "rotation": 180, "windMode": [-1,-1,-1,-1], "windData": [1,1,1,1] }
																			}
																		}
																	]
																},
																{
																	"name": "Horn attachment",
																	"from": [ 1.0, 5.3, 2.8 ],
																	"to": [ 2.0, 6.3, 3.8 ],
																	"uv": [ 999.0, 999.0 ],
																	"rotationOrigin": [ 1.0, 5.3, 2.8 ],
																	"faces": {
																	},
																	"children": [
																		{
																			"name": "R antler base",
																			"from": [ 0.5, 0.4, -3.2 ],
																			"to": [ 1.5, 1.4, -2.2 ],
																			"uv": [ 5.5, 0.5 ],
																			"rotationOrigin": [ 0.5, 0.4, -2.4 ],
																			"rotationX": -65.0,
																			"rotationZ": -5.0,
																			"faces": {
																				"north": { "texture": "#moose-antlers", "uv": [ 8.5, 1.5, 9.5, 2.5 ] },
																				"east": { "texture": "#moose-antlers", "uv": [ 15.0, 15.0, 16.0, 16.0 ] },
																				"south": { "texture": "#moose-antlers", "uv": [ 14.5, 3.0, 15.5, 4.0 ] },
																				"west": { "texture": "#moose-antlers", "uv": [ 15.0, 15.0, 16.0, 16.0 ], "windMode": [-1,-1,-1,-1], "windData": [0,1,1,1] },
																				"up": { "texture": "#moose-antlers", "uv": [ 15.0, 0.5, 16.0, 1.5 ], "rotation": 90 },
																				"down": { "texture": "#moose-antlers", "uv": [ 5.5, 14.0, 6.5, 15.0 ], "rotation": 90 }
																			},
																			"children": [
																				{
																					"name": "R antler base 2",
																					"from": [ 0.1, 0.9, 0.1 ],
																					"to": [ 0.9, 2.9, 0.9 ],
																					"uv": [ 2.0, 4.0 ],
																					"rotationOrigin": [ 0.1, 0.9, 1.1 ],
																					"rotationX": -7.0,
																					"faces": {
																						"north": { "texture": "#moose-antlers", "uv": [ 2.0, 10.5, 2.5, 12.5 ] },
																						"east": { "texture": "#moose-antlers", "uv": [ 8.5, 12.0, 9.0, 14.0 ] },
																						"south": { "texture": "#moose-antlers", "uv": [ 10.5, 11.5, 11.0, 13.5 ] },
																						"west": { "texture": "#moose-antlers", "uv": [ 5.0, 11.5, 5.5, 13.5 ] },
																						"up": { "texture": "#moose-antlers", "uv": [ 9.0, 5.0, 9.5, 5.5 ], "rotation": 90 },
																						"down": { "texture": "#moose-antlers", "uv": [ 3.0, 4.0, 3.5, 4.5 ], "rotation": 90, "windMode": [-1,-1,-1,-1] }
																					},
																					"children": [
																						{
																							"name": "R antler base 3",
																							"from": [ 0.1, 2.0, 0.0 ],
																							"to": [ 0.8, 4.0, 0.7 ],
																							"uv": [ 0.0, 5.5 ],
																							"rotationOrigin": [ 0.6, 2.0, 0.0 ],
																							"rotationX": 25.0,
																							"rotationY": 1.0,
																							"rotationZ": -30.0,
																							"faces": {
																								"north": { "texture": "#moose-antlers", "uv": [ 3.5, 12.5, 4.0, 14.5 ] },
																								"east": { "texture": "#moose-antlers", "uv": [ 0.0, 10.0, 0.5, 12.0 ] },
																								"south": { "texture": "#moose-antlers", "uv": [ 0.0, 6.0, 0.5, 8.0 ] },
																								"west": { "texture": "#moose-antlers", "uv": [ 8.5, 5.5, 9.0, 7.5 ] },
																								"up": { "texture": "#moose-antlers", "uv": [ 8.0, 15.0, 8.5, 15.5 ], "rotation": 270 },
																								"down": { "texture": "#moose-antlers", "uv": [ 3.0, 9.5, 3.5, 10.0 ], "rotation": 270 }
																							},
																							"children": [
																								{
																									"name": "R antler base 4",
																									"from": [ 0.1, 2.0, 0.0 ],
																									"to": [ 0.7, 4.0, 0.6 ],
																									"uv": [ 0.0, 3.0 ],
																									"rotationOrigin": [ 0.5, 2.0, 0.0 ],
																									"rotationX": 25.0,
																									"rotationZ": 20.0,
																									"faces": {
																										"north": { "texture": "#moose-antlers", "uv": [ 2.0, 8.0, 2.5, 10.0 ] },
																										"east": { "texture": "#moose-antlers", "uv": [ 3.5, 13.5, 4.0, 15.5 ] },
																										"south": { "texture": "#moose-antlers", "uv": [ 3.0, 9.5, 3.5, 11.5 ] },
																										"west": { "texture": "#moose-antlers", "uv": [ 14.5, 3.0, 15.0, 5.0 ] },
																										"up": { "texture": "#moose-antlers", "uv": [ 6.5, 15.0, 7.0, 15.5 ] },
																										"down": { "texture": "#moose-antlers", "uv": [ 0.0, 6.0, 0.5, 6.5 ], "rotation": 180 }
																									}
																								},
																								{
																									"name": "R antler point 2",
																									"from": [ -0.1011, 0.0, 0.2 ],
																									"to": [ 0.4989, 1.5, 0.8 ],
																									"uv": [ 0.5, 0.0 ],
																									"rotationOrigin": [ 0.3, 0.0, 0.2 ],
																									"rotationZ": 90.0,
																									"faces": {
																										"north": { "texture": "#moose-antlers", "uv": [ 11.5, 14.0, 12.0, 15.5 ] },
																										"east": { "texture": "#moose-antlers", "uv": [ 9.0, 0.0, 9.5, 1.5 ] },
																										"south": { "texture": "#moose-antlers", "uv": [ 1.5, 2.0, 2.0, 3.5 ] },
																										"west": { "texture": "#moose-antlers", "uv": [ 0.5, 6.5, 1.0, 8.0 ] },
																										"up": { "texture": "#moose-antlers", "uv": [ 5.0, 5.0, 5.5, 5.5 ], "rotation": 270 },
																										"down": { "texture": "#moose-antlers", "uv": [ 1.5, 11.0, 2.0, 11.5 ], "rotation": 270 }
																									},
																									"children": [
																										{
																											"name": "R antler point 3",
																											"from": [ 0.0, 1.5, 0.0 ],
																											"to": [ 0.6, 3.0, 0.6 ],
																											"uv": [ 0.5, 2.5 ],
																											"rotationOrigin": [ 0.0, 1.5, 0.0 ],
																											"rotationX": 30.0,
																											"rotationY": 1.0,
																											"rotationZ": -20.0,
																											"faces": {
																												"north": { "texture": "#moose-antlers", "uv": [ 1.5, 4.0, 2.0, 5.5 ] },
																												"east": { "texture": "#moose-antlers", "uv": [ 0.5, 14.0, 1.0, 15.5 ] },
																												"south": { "texture": "#moose-antlers", "uv": [ 6.5, 4.5, 7.0, 6.0 ] },
																												"west": { "texture": "#moose-antlers", "uv": [ 6.5, 13.5, 7.0, 15.0 ] },
																												"up": { "texture": "#moose-antlers", "uv": [ 15.0, 2.5, 15.5, 3.0 ], "rotation": 270 },
																												"down": { "texture": "#moose-antlers", "uv": [ 2.5, 11.0, 3.0, 11.5 ], "rotation": 270 }
																											}
																										}
																									]
																								}
																							]
																						}
																					]
																				}
																			]
																		},
																		{
																			"name": "L antler base",
																			"from": [ 0.5, 0.6, 2.3 ],
																			"to": [ 1.5, 1.6, 3.3 ],
																			"uv": [ 8.5, 1.0 ],
																			"rotationOrigin": [ 0.5, 0.6, 2.3 ],
																			"rotationX": 65.0,
																			"rotationZ": -5.0,
																			"faces": {
																				"north": { "texture": "#moose-antlers", "uv": [ 14.5, 15.0, 15.5, 16.0 ] },
																				"east": { "texture": "#moose-antlers", "uv": [ 15.0, 15.0, 16.0, 16.0 ] },
																				"south": { "texture": "#moose-antlers", "uv": [ 15.0, 14.5, 16.0, 15.5 ] },
																				"west": { "texture": "#moose-antlers", "uv": [ 14.5, 15.0, 15.5, 16.0 ], "windMode": [-1,-1,-1,-1], "windData": [0,0,1,1] },
																				"up": { "texture": "#moose-antlers", "uv": [ 8.5, 1.0, 9.5, 2.0 ], "rotation": 90 },
																				"down": { "texture": "#moose-antlers", "uv": [ 14.5, 6.5, 15.5, 7.5 ], "rotation": 90 }
																			},
																			"children": [
																				{
																					"name": "L antler base 2",
																					"from": [ 0.1, 0.9, 0.1 ],
																					"to": [ 0.9, 2.9, 0.9 ],
																					"uv": [ 0.0, 0.5 ],
																					"rotationOrigin": [ 0.1, 0.9, 0.1 ],
																					"rotationX": 7.0,
																					"faces": {
																						"north": { "texture": "#moose-antlers", "uv": [ 5.5, 11.5, 6.0, 13.5 ] },
																						"east": { "texture": "#moose-antlers", "uv": [ 2.5, 13.0, 3.0, 15.0 ] },
																						"south": { "texture": "#moose-antlers", "uv": [ 0.0, 7.0, 0.5, 9.0 ] },
																						"west": { "texture": "#moose-antlers", "uv": [ 11.0, 0.5, 11.5, 2.5 ] },
																						"up": { "texture": "#moose-antlers", "uv": [ 12.5, 1.0, 13.0, 1.5 ], "rotation": 90 },
																						"down": { "texture": "#moose-antlers", "uv": [ 3.5, 6.5, 4.0, 7.0 ], "rotation": 90 }
																					},
																					"children": [
																						{
																							"name": "L antler base 3",
																							"from": [ 0.1, 1.6, 0.2 ],
																							"to": [ 0.8, 3.6, 0.9 ],
																							"uv": [ 6.0, 7.0 ],
																							"rotationOrigin": [ 0.6, 1.7, 0.6 ],
																							"rotationX": -25.0,
																							"rotationY": -1.0,
																							"rotationZ": -30.0,
																							"faces": {
																								"north": { "texture": "#moose-antlers", "uv": [ 15.0, 9.0, 15.5, 11.0 ] },
																								"east": { "texture": "#moose-antlers", "uv": [ 8.0, 7.0, 8.5, 9.0 ] },
																								"south": { "texture": "#moose-antlers", "uv": [ 6.0, 11.0, 6.5, 13.0 ] },
																								"west": { "texture": "#moose-antlers", "uv": [ 13.5, 7.0, 14.0, 9.0 ] },
																								"up": { "texture": "#moose-antlers", "uv": [ 13.5, 9.5, 14.0, 10.0 ], "rotation": 180 },
																								"down": { "texture": "#moose-antlers", "uv": [ 9.0, 9.5, 9.5, 10.0 ] }
																							},
																							"children": [
																								{
																									"name": "L antler base 4",
																									"from": [ 0.1, 2.0, 0.1 ],
																									"to": [ 0.7, 4.0, 0.7 ],
																									"uv": [ 6.5, 2.0 ],
																									"rotationOrigin": [ 0.5, 2.0, 0.5 ],
																									"rotationX": -25.0,
																									"rotationZ": 20.0,
																									"faces": {
																										"north": { "texture": "#moose-antlers", "uv": [ 8.5, 12.0, 9.0, 14.0 ] },
																										"east": { "texture": "#moose-antlers", "uv": [ 6.5, 13.5, 7.0, 15.5 ] },
																										"south": { "texture": "#moose-antlers", "uv": [ 8.0, 2.0, 8.5, 4.0 ] },
																										"west": { "texture": "#moose-antlers", "uv": [ 12.0, 4.0, 12.5, 6.0 ] },
																										"up": { "texture": "#moose-antlers", "uv": [ 12.5, 2.0, 13.0, 2.5 ], "rotation": 180 },
																										"down": { "texture": "#moose-antlers", "uv": [ 6.5, 9.0, 7.0, 9.5 ] }
																									}
																								},
																								{
																									"name": "L antler point 2",
																									"from": [ -0.3, 0.1, 0.1 ],
																									"to": [ 0.3, 1.6, 0.7 ],
																									"uv": [ 2.5, 2.0 ],
																									"rotationOrigin": [ 0.1, 0.1, 0.1 ],
																									"rotationY": -1.0,
																									"rotationZ": 90.0,
																									"faces": {
																										"north": { "texture": "#moose-antlers", "uv": [ 15.0, 6.0, 15.5, 7.5 ] },
																										"east": { "texture": "#moose-antlers", "uv": [ 6.5, 13.5, 7.0, 15.0 ] },
																										"south": { "texture": "#moose-antlers", "uv": [ 10.0, 4.5, 10.5, 6.0 ] },
																										"west": { "texture": "#moose-antlers", "uv": [ 8.0, 2.0, 8.5, 3.5 ] },
																										"up": { "texture": "#moose-antlers", "uv": [ 2.5, 14.5, 3.0, 15.0 ], "rotation": 270 },
																										"down": { "texture": "#moose-antlers", "uv": [ 12.0, 8.5, 12.5, 9.0 ], "rotation": 270 }
																									},
																									"children": [
																										{
																											"name": "L antler point 3",
																											"from": [ 0.0, 1.5, 0.0 ],
																											"to": [ 0.6, 3.0, 0.6 ],
																											"uv": [ 2.5, 3.0 ],
																											"rotationOrigin": [ 0.0, 1.5, 0.4 ],
																											"rotationX": -30.0,
																											"rotationY": 1.0,
																											"rotationZ": -20.0,
																											"faces": {
																												"north": { "texture": "#moose-antlers", "uv": [ 10.0, 6.5, 10.5, 8.0 ] },
																												"east": { "texture": "#moose-antlers", "uv": [ 8.0, 12.5, 8.5, 14.0 ] },
																												"south": { "texture": "#moose-antlers", "uv": [ 6.0, 3.0, 6.5, 4.5 ] },
																												"west": { "texture": "#moose-antlers", "uv": [ 12.5, 7.5, 13.0, 9.0 ] },
																												"up": { "texture": "#moose-antlers", "uv": [ 8.0, 11.0, 8.5, 11.5 ], "rotation": 270 },
																												"down": { "texture": "#moose-antlers", "uv": [ 2.5, 9.5, 3.0, 10.0 ], "rotation": 270 }
																											}
																										}
																									]
																								}
																							]
																						}
																					]
																				}
																			]
																		}
																	]
																}
															]
														}
													]
												}
											]
										}
									],
									"attachmentpoints": [
										{
											"code": "Center",
											"posX": "12.0","posY": "6.0","posZ": "5.0",
											"rotationX": "0.0","rotationY": "0.0","rotationZ": "0.0"
										}
									]
								}
							]
						}
					]
				}
			]
		}
	]}