{
	"editor": {
		"allAngles": true,
		"entityTextureMode": false
	},
	"textureWidth": 16,
	"textureHeight": 16,
	"textureSizes": {
	},
	"textures": {
		"flyagaric": "game:block/plant/mushroom/flyagaric/flyagaric"
	},
	"elements": [
		{
			"name": "origin",
			"from": [ 8.0, 0.0, 8.0 ],
			"to": [ 8.0, 0.0, 8.0 ],
			"rotationOrigin": [ 8.0, 0.0, 8.0 ],
			"faces": {
			},
			"children": [
				{
					"name": "stem7",
					"from": [ -3.5, -0.2, -3.9 ],
					"to": [ -2.1, 2.3, -2.5 ],
					"rotationOrigin": [ -2.8, -0.2, -3.2 ],
					"rotationY": 14.0,
					"rotationZ": 14.0,
					"faces": {
						"north": { "texture": "#flyagaric", "uv": [ 0.5, 4.0, 1.5, 6.5 ] },
						"east": { "texture": "#flyagaric", "uv": [ 1.0, 5.5, 2.0, 8.0 ] },
						"south": { "texture": "#flyagaric", "uv": [ 1.0, 5.0, 2.0, 7.5 ] },
						"west": { "texture": "#flyagaric", "uv": [ 1.0, 4.0, 2.0, 6.5 ] }
					},
					"children": [
						{
							"name": "foot8",
							"from": [ -0.4, -0.1, -0.4 ],
							"to": [ 1.8, 2.4, 1.8 ],
							"renderPass": 2,
							"rotationOrigin": [ 0.8, -0.1, 0.8 ],
							"faces": {
								"north": { "texture": "#flyagaric", "uv": [ 4.5, 12.5, 6.5, 15.0 ] },
								"east": { "texture": "#flyagaric", "uv": [ 6.0, 12.5, 8.0, 15.0 ] },
								"south": { "texture": "#flyagaric", "uv": [ 3.5, 12.5, 5.5, 15.0 ] },
								"west": { "texture": "#flyagaric", "uv": [ 5.0, 12.5, 7.0, 15.0 ] },
								"down": { "texture": "#flyagaric", "uv": [ 0.0, 13.5, 2.0, 15.5 ] }
							}
						},
						{
							"name": "cap10",
							"from": [ -1.0, 2.4, -1.0 ],
							"to": [ 2.5, 3.9, 2.5 ],
							"rotationOrigin": [ 0.8, 2.4, 0.8 ],
							"rotationX": 6.0,
							"rotationZ": -11.0,
							"faces": {
								"north": { "texture": "#flyagaric", "uv": [ 11.0, 9.5, 14.5, 11.0 ] },
								"east": { "texture": "#flyagaric", "uv": [ 11.5, 8.5, 15.0, 10.0 ] },
								"south": { "texture": "#flyagaric", "uv": [ 10.5, 2.0, 14.0, 3.5 ] },
								"west": { "texture": "#flyagaric", "uv": [ 11.0, 6.5, 14.5, 8.0 ] },
								"up": { "texture": "#flyagaric", "uv": [ 11.5, 2.0, 15.0, 5.5 ] },
								"down": { "texture": "#flyagaric", "uv": [ 5.5, 8.5, 9.0, 12.0 ] }
							},
							"children": [
								{
									"name": "cap11",
									"from": [ 0.5, 1.5, 0.5 ],
									"to": [ 3.0, 2.5, 3.0 ],
									"rotationOrigin": [ 2.0, 0.5, 2.0 ],
									"faces": {
										"north": { "texture": "#flyagaric", "uv": [ 8.5, 4.5, 11.0, 5.5 ] },
										"east": { "texture": "#flyagaric", "uv": [ 11.0, 3.0, 13.5, 4.0 ] },
										"south": { "texture": "#flyagaric", "uv": [ 11.0, 3.5, 13.5, 4.5 ] },
										"west": { "texture": "#flyagaric", "uv": [ 9.0, 5.0, 11.5, 6.0 ] },
										"up": { "texture": "#flyagaric", "uv": [ 11.5, 2.0, 14.0, 4.5 ] }
									}
								}
							]
						}
					]
				},
				{
					"name": "stem11",
					"from": [ 2.7, -0.2, 2.2 ],
					"to": [ 4.1, 2.3, 3.6 ],
					"rotationOrigin": [ 3.4, -0.2, 2.9 ],
					"rotationY": -39.0,
					"rotationZ": -8.0,
					"faces": {
						"north": { "texture": "#flyagaric", "uv": [ 0.5, 4.0, 1.5, 6.5 ] },
						"east": { "texture": "#flyagaric", "uv": [ 1.0, 5.5, 2.0, 8.0 ] },
						"south": { "texture": "#flyagaric", "uv": [ 1.0, 5.0, 2.0, 7.5 ] },
						"west": { "texture": "#flyagaric", "uv": [ 1.0, 4.0, 2.0, 6.5 ] }
					},
					"children": [
						{
							"name": "foot12",
							"from": [ -0.4, -0.1, -0.4 ],
							"to": [ 1.8, 2.4, 1.8 ],
							"renderPass": 2,
							"rotationOrigin": [ 0.8, -0.1, 0.8 ],
							"faces": {
								"north": { "texture": "#flyagaric", "uv": [ 4.5, 12.5, 6.5, 15.0 ] },
								"east": { "texture": "#flyagaric", "uv": [ 6.0, 12.5, 8.0, 15.0 ] },
								"south": { "texture": "#flyagaric", "uv": [ 3.5, 12.5, 5.5, 15.0 ] },
								"west": { "texture": "#flyagaric", "uv": [ 5.0, 12.5, 7.0, 15.0 ] },
								"down": { "texture": "#flyagaric", "uv": [ 0.0, 13.5, 2.0, 15.5 ] }
							}
						},
						{
							"name": "cap13",
							"from": [ -1.0, 2.4, -1.0 ],
							"to": [ 2.5, 3.9, 2.5 ],
							"rotationOrigin": [ 0.8, 2.4, 0.8 ],
							"rotationX": -3.0,
							"rotationY": 25.0,
							"rotationZ": 6.0,
							"faces": {
								"north": { "texture": "#flyagaric", "uv": [ 11.0, 9.5, 14.5, 11.0 ] },
								"east": { "texture": "#flyagaric", "uv": [ 8.5, 4.5, 12.0, 6.0 ] },
								"south": { "texture": "#flyagaric", "uv": [ 4.0, 5.5, 7.5, 7.0 ] },
								"west": { "texture": "#flyagaric", "uv": [ 7.5, 5.5, 11.0, 7.0 ] },
								"up": { "texture": "#flyagaric", "uv": [ 11.5, 2.0, 15.0, 5.5 ] },
								"down": { "texture": "#flyagaric", "uv": [ 4.5, 8.5, 8.0, 12.0 ] }
							},
							"children": [
								{
									"name": "cap14",
									"from": [ 0.5, 1.5, 0.5 ],
									"to": [ 3.0, 2.5, 3.0 ],
									"rotationOrigin": [ 1.8, 0.5, 1.8 ],
									"faces": {
										"north": { "texture": "#flyagaric", "uv": [ 11.0, 3.5, 13.5, 4.5 ] },
										"east": { "texture": "#flyagaric", "uv": [ 12.0, 3.0, 14.5, 4.0 ] },
										"south": { "texture": "#flyagaric", "uv": [ 11.0, 3.5, 13.5, 4.5 ] },
										"west": { "texture": "#flyagaric", "uv": [ 10.5, 4.5, 13.0, 5.5 ] },
										"up": { "texture": "#flyagaric", "uv": [ 11.5, 2.0, 14.0, 4.5 ] }
									}
								}
							]
						}
					]
				},
				{
					"name": "stem15",
					"from": [ -1.8, -0.2, 0.2 ],
					"to": [ -0.4, 2.3, 1.6 ],
					"rotationOrigin": [ -1.1, -0.2, 0.9 ],
					"rotationY": 19.0,
					"rotationZ": 14.0,
					"faces": {
						"north": { "texture": "#flyagaric", "uv": [ 0.5, 4.0, 1.5, 6.5 ] },
						"east": { "texture": "#flyagaric", "uv": [ 1.0, 5.5, 2.0, 8.0 ] },
						"south": { "texture": "#flyagaric", "uv": [ 1.0, 5.0, 2.0, 7.5 ] },
						"west": { "texture": "#flyagaric", "uv": [ 1.0, 4.0, 2.0, 6.5 ] }
					},
					"children": [
						{
							"name": "foot16",
							"from": [ -0.4, -0.1, -0.4 ],
							"to": [ 1.8, 1.9, 1.8 ],
							"renderPass": 2,
							"rotationOrigin": [ 0.8, -0.1, 0.8 ],
							"faces": {
								"north": { "texture": "#flyagaric", "uv": [ 4.5, 12.5, 6.5, 14.5 ] },
								"east": { "texture": "#flyagaric", "uv": [ 6.0, 12.5, 8.0, 14.5 ] },
								"south": { "texture": "#flyagaric", "uv": [ 3.5, 12.5, 5.5, 14.5 ] },
								"west": { "texture": "#flyagaric", "uv": [ 5.0, 12.5, 7.0, 14.5 ] },
								"down": { "texture": "#flyagaric", "uv": [ 0.0, 13.5, 2.0, 15.5 ] }
							}
						},
						{
							"name": "stemup17",
							"from": [ 0.0, 2.2, 0.0 ],
							"to": [ 1.4, 3.7, 1.4 ],
							"rotationOrigin": [ 0.7, 2.2, 0.7 ],
							"rotationX": 4.0,
							"rotationZ": -14.0,
							"faces": {
								"north": { "texture": "#flyagaric", "uv": [ 2.0, 7.0, 3.0, 8.5 ] },
								"east": { "texture": "#flyagaric", "uv": [ 1.5, 6.5, 2.5, 8.0 ] },
								"south": { "texture": "#flyagaric", "uv": [ 1.5, 6.5, 2.5, 8.0 ] },
								"west": { "texture": "#flyagaric", "uv": [ 0.5, 5.5, 1.5, 7.0 ] }
							},
							"children": [
								{
									"name": "cap18",
									"from": [ -1.0, 1.3, -1.0 ],
									"to": [ 2.5, 2.8, 2.5 ],
									"rotationOrigin": [ 0.8, 1.3, 0.8 ],
									"rotationX": -14.0,
									"rotationZ": 8.0,
									"faces": {
										"north": { "texture": "#flyagaric", "uv": [ 11.5, 14.0, 15.0, 15.5 ] },
										"east": { "texture": "#flyagaric", "uv": [ 11.0, 11.0, 14.5, 12.5 ] },
										"south": { "texture": "#flyagaric", "uv": [ 7.5, 4.0, 11.0, 5.5 ] },
										"west": { "texture": "#flyagaric", "uv": [ 11.0, 14.5, 14.5, 16.0 ] },
										"up": { "texture": "#flyagaric", "uv": [ 11.5, 2.0, 15.0, 5.5 ] },
										"down": { "texture": "#flyagaric", "uv": [ 5.0, 8.5, 8.5, 12.0 ] }
									},
									"children": [
										{
											"name": "cap19",
											"from": [ 0.5, 1.5, 0.5 ],
											"to": [ 3.0, 3.0, 3.0 ],
											"rotationOrigin": [ 0.0, 0.5, 0.0 ],
											"faces": {
												"north": { "texture": "#flyagaric", "uv": [ 11.0, 4.5, 13.5, 6.0 ] },
												"east": { "texture": "#flyagaric", "uv": [ 7.5, 5.0, 10.0, 6.5 ] },
												"south": { "texture": "#flyagaric", "uv": [ 9.0, 4.5, 11.5, 6.0 ] },
												"west": { "texture": "#flyagaric", "uv": [ 10.0, 4.5, 12.5, 6.0 ] },
												"up": { "texture": "#flyagaric", "uv": [ 11.5, 2.0, 14.0, 4.5 ] }
											}
										}
									]
								}
							]
						},
						{
							"name": "veil",
							"from": [ -0.1, 2.4, -0.2 ],
							"to": [ 1.7, 2.9, 1.6 ],
							"rotationOrigin": [ -0.1, 2.4, -0.2 ],
							"rotationZ": -3.0,
							"faces": {
								"north": { "texture": "#flyagaric", "uv": [ 0.0, 0.0, 1.5, 0.5 ] },
								"east": { "texture": "#flyagaric", "uv": [ 0.0, 0.0, 1.5, 0.5 ] },
								"south": { "texture": "#flyagaric", "uv": [ 0.0, 0.0, 1.5, 0.5 ] },
								"west": { "texture": "#flyagaric", "uv": [ 0.0, 0.0, 1.5, 0.5 ] },
								"up": { "texture": "#flyagaric", "uv": [ 5.0, 8.5, 6.5, 10.0 ] },
								"down": { "texture": "#flyagaric", "uv": [ 5.0, 9.5, 6.5, 11.0 ] }
							}
						}
					]
				},
				{
					"name": "stem20",
					"from": [ 2.6, -0.2, -2.8 ],
					"to": [ 4.0, 2.3, -1.4 ],
					"rotationOrigin": [ 3.3, -0.2, -2.1 ],
					"rotationY": 42.0,
					"rotationZ": -17.0,
					"faces": {
						"north": { "texture": "#flyagaric", "uv": [ 0.5, 4.0, 1.5, 6.5 ] },
						"east": { "texture": "#flyagaric", "uv": [ 1.0, 5.5, 2.0, 8.0 ] },
						"south": { "texture": "#flyagaric", "uv": [ 1.0, 5.0, 2.0, 7.5 ] },
						"west": { "texture": "#flyagaric", "uv": [ 1.0, 4.0, 2.0, 6.5 ] }
					},
					"children": [
						{
							"name": "foot21",
							"from": [ -0.4, -0.1, -0.4 ],
							"to": [ 1.8, 2.9, 1.8 ],
							"renderPass": 2,
							"rotationOrigin": [ 0.8, -0.1, 0.8 ],
							"faces": {
								"north": { "texture": "#flyagaric", "uv": [ 4.5, 12.5, 6.5, 15.5 ] },
								"east": { "texture": "#flyagaric", "uv": [ 6.0, 12.5, 8.0, 15.5 ] },
								"south": { "texture": "#flyagaric", "uv": [ 3.5, 12.5, 5.5, 15.5 ] },
								"west": { "texture": "#flyagaric", "uv": [ 5.0, 12.5, 7.0, 15.5 ] },
								"down": { "texture": "#flyagaric", "uv": [ 0.0, 13.5, 2.0, 15.5 ] }
							}
						},
						{
							"name": "stemup22",
							"from": [ 0.1, 2.1, 0.0 ],
							"to": [ 1.5, 3.6, 1.4 ],
							"rotationOrigin": [ 0.8, 2.1, 0.7 ],
							"rotationX": -8.0,
							"rotationZ": 22.0,
							"faces": {
								"north": { "texture": "#flyagaric", "uv": [ 2.0, 7.0, 3.0, 8.5 ] },
								"east": { "texture": "#flyagaric", "uv": [ 1.5, 6.5, 2.5, 8.0 ] },
								"south": { "texture": "#flyagaric", "uv": [ 1.5, 6.5, 2.5, 8.0 ] },
								"west": { "texture": "#flyagaric", "uv": [ 0.5, 5.5, 1.5, 7.0 ] }
							},
							"children": [
								{
									"name": "cap23",
									"from": [ -1.5, 1.3, -1.5 ],
									"to": [ 3.0, 1.8, 3.0 ],
									"rotationOrigin": [ 0.8, 1.3, 0.8 ],
									"rotationX": 14.0,
									"rotationY": 6.0,
									"rotationZ": 6.0,
									"faces": {
										"north": { "texture": "#flyagaric", "uv": [ 5.0, 6.0, 9.5, 6.5 ] },
										"east": { "texture": "#flyagaric", "uv": [ 3.5, 6.5, 8.0, 7.0 ] },
										"south": { "texture": "#flyagaric", "uv": [ 6.5, 6.0, 11.0, 6.5 ] },
										"west": { "texture": "#flyagaric", "uv": [ 5.5, 6.0, 10.0, 6.5 ] },
										"up": { "texture": "#flyagaric", "uv": [ 5.0, 2.5, 9.5, 7.0 ] },
										"down": { "texture": "#flyagaric", "uv": [ 3.5, 8.0, 8.0, 12.5 ] }
									},
									"children": [
										{
											"name": "cap24",
											"from": [ 0.5, 0.5, 0.5 ],
											"to": [ 4.0, 1.0, 4.0 ],
											"rotationOrigin": [ 0.0, -0.5, 0.0 ],
											"faces": {
												"north": { "texture": "#flyagaric", "uv": [ 11.0, 4.5, 14.5, 5.0 ] },
												"east": { "texture": "#flyagaric", "uv": [ 11.0, 5.0, 14.5, 5.5 ] },
												"south": { "texture": "#flyagaric", "uv": [ 11.0, 4.5, 14.5, 5.0 ] },
												"west": { "texture": "#flyagaric", "uv": [ 10.5, 4.5, 14.0, 5.0 ] },
												"up": { "texture": "#flyagaric", "uv": [ 11.0, 1.5, 14.5, 5.0 ] }
											}
										}
									]
								}
							]
						}
					]
				},
				{
					"name": "small",
					"from": [ -0.5, -0.1, 2.2 ],
					"to": [ 1.5, 1.9, 4.2 ],
					"rotationOrigin": [ 0.5, -0.1, 3.2 ],
					"rotationY": -33.0,
					"rotationZ": 5.0,
					"faces": {
						"north": { "texture": "#flyagaric", "uv": [ 0.5, 9.5, 2.5, 11.5 ] },
						"east": { "texture": "#flyagaric", "uv": [ 0.5, 10.0, 2.5, 12.0 ] },
						"south": { "texture": "#flyagaric", "uv": [ 0.5, 10.0, 2.5, 12.0 ] },
						"west": { "texture": "#flyagaric", "uv": [ 1.0, 10.0, 3.0, 12.0 ] },
						"up": { "texture": "#flyagaric", "uv": [ 0.5, 7.0, 2.5, 9.0 ] },
						"down": { "texture": "#flyagaric", "uv": [ 0.0, 13.5, 2.0, 15.5 ] }
					},
					"children": [
						{
							"name": "Cube1",
							"from": [ 0.4, 2.0, 0.4 ],
							"to": [ 1.6, 3.0, 1.6 ],
							"rotationOrigin": [ 1.0, 2.0, 0.9 ],
							"faces": {
								"north": { "texture": "#flyagaric", "uv": [ 1.0, 7.0, 2.0, 8.0 ] },
								"east": { "texture": "#flyagaric", "uv": [ 0.5, 7.5, 1.5, 8.5 ] },
								"south": { "texture": "#flyagaric", "uv": [ 0.0, 6.5, 1.0, 7.5 ] },
								"west": { "texture": "#flyagaric", "uv": [ 0.0, 6.5, 1.0, 7.5 ] },
								"up": { "texture": "#flyagaric", "uv": [ 2.5, 6.5, 3.5, 7.5 ] }
							}
						}
					]
				},
				{
					"name": "small22",
					"from": [ -4.9, -0.6, 1.4 ],
					"to": [ -2.9, 1.4, 3.4 ],
					"rotationOrigin": [ -3.9, -0.6, 2.4 ],
					"rotationX": 25.0,
					"rotationY": 8.0,
					"rotationZ": 5.0,
					"faces": {
						"north": { "texture": "#flyagaric", "uv": [ 0.5, 9.5, 2.5, 11.5 ] },
						"east": { "texture": "#flyagaric", "uv": [ 0.5, 10.0, 2.5, 12.0 ] },
						"south": { "texture": "#flyagaric", "uv": [ 0.5, 10.0, 2.5, 12.0 ] },
						"west": { "texture": "#flyagaric", "uv": [ 1.0, 10.0, 3.0, 12.0 ] },
						"up": { "texture": "#flyagaric", "uv": [ 1.0, 5.0, 3.0, 7.0 ] },
						"down": { "texture": "#flyagaric", "uv": [ 0.0, 13.5, 2.0, 15.5 ] }
					},
					"children": [
						{
							"name": "Cube23",
							"from": [ 0.4, 2.0, 0.4 ],
							"to": [ 1.6, 3.0, 1.6 ],
							"rotationOrigin": [ 1.0, 2.0, 0.9 ],
							"faces": {
								"north": { "texture": "#flyagaric", "uv": [ 1.0, 7.0, 2.0, 8.0 ] },
								"east": { "texture": "#flyagaric", "uv": [ 0.5, 7.5, 1.5, 8.5 ] },
								"south": { "texture": "#flyagaric", "uv": [ 0.0, 6.5, 1.0, 7.5 ] },
								"west": { "texture": "#flyagaric", "uv": [ 0.0, 6.5, 1.0, 7.5 ] },
								"up": { "texture": "#flyagaric", "uv": [ 2.5, 6.5, 3.5, 7.5 ] }
							}
						}
					]
				},
				{
					"name": "small24",
					"from": [ -0.8, -0.6, -4.0 ],
					"to": [ 1.2, 1.4, -2.0 ],
					"rotationOrigin": [ 0.2, -0.6, -3.0 ],
					"rotationX": -8.0,
					"rotationY": -39.0,
					"rotationZ": -8.0,
					"faces": {
						"north": { "texture": "#flyagaric", "uv": [ 0.5, 9.5, 2.5, 11.5 ] },
						"east": { "texture": "#flyagaric", "uv": [ 0.5, 10.0, 2.5, 12.0 ] },
						"south": { "texture": "#flyagaric", "uv": [ 0.5, 10.0, 2.5, 12.0 ] },
						"west": { "texture": "#flyagaric", "uv": [ 1.0, 10.0, 3.0, 12.0 ] },
						"up": { "texture": "#flyagaric", "uv": [ 0.5, 6.0, 2.5, 8.0 ] },
						"down": { "texture": "#flyagaric", "uv": [ 0.0, 13.5, 2.0, 15.5 ] }
					},
					"children": [
						{
							"name": "Cube25",
							"from": [ 0.4, 2.0, 0.4 ],
							"to": [ 1.6, 3.0, 1.6 ],
							"rotationOrigin": [ 1.0, 2.0, 0.9 ],
							"faces": {
								"north": { "texture": "#flyagaric", "uv": [ 1.0, 7.0, 2.0, 8.0 ] },
								"east": { "texture": "#flyagaric", "uv": [ 0.5, 7.5, 1.5, 8.5 ] },
								"south": { "texture": "#flyagaric", "uv": [ 0.0, 6.5, 1.0, 7.5 ] },
								"west": { "texture": "#flyagaric", "uv": [ 0.0, 6.5, 1.0, 7.5 ] },
								"up": { "texture": "#flyagaric", "uv": [ 2.5, 6.5, 3.5, 7.5 ] }
							}
						}
					]
				}
			]
		}
	]}