{
	"editor": {
		"allAngles": true,
		"entityTextureMode": false
	},
	"textureWidth": 16,
	"textureHeight": 16,
	"textureSizes": {
	},
	"textures": {
		"parasol": "mycodiversity:block/plant/mushroom/parasol/parasol"
	},
	"elements": [
		{
			"name": "origin2",
			"from": [ 8.0, 0.0, 8.0 ],
			"to": [ 8.0, 0.0, 8.0 ],
			"rotationOrigin": [ 8.0, 0.0, 8.0 ],
			"faces": {
				"north": { "texture": "#parasol", "uv": [ 0.0, 0.0, 0.5, 0.5 ] },
				"east": { "texture": "#parasol", "uv": [ 0.0, 0.0, 0.5, 0.5 ] },
				"south": { "texture": "#parasol", "uv": [ 0.0, 0.0, 0.5, 0.5 ] },
				"west": { "texture": "#parasol", "uv": [ 0.0, 0.0, 0.5, 0.5 ] },
				"up": { "texture": "#parasol", "uv": [ 0.0, 0.0, 0.5, 0.5 ] },
				"down": { "texture": "#parasol", "uv": [ 0.0, 0.0, 0.5, 0.5 ] }
			},
			"children": [
				{
					"name": "Cube10",
					"from": [ 4.0, 0.0, -3.0 ],
					"to": [ 5.0, 6.1, -2.0 ],
					"rotationOrigin": [ 4.0, 0.0, -3.0 ],
					"rotationX": 3.0,
					"rotationY": 83.0,
					"faces": {
						"north": { "texture": "#parasol", "uv": [ 0.0, 0.0, 1.0, 6.0 ] },
						"east": { "texture": "#parasol", "uv": [ 0.0, 0.0, 1.0, 6.0 ] },
						"south": { "texture": "#parasol", "uv": [ 0.0, 0.0, 1.0, 6.0 ] },
						"west": { "texture": "#parasol", "uv": [ 0.0, 0.0, 1.0, 6.0 ] },
						"up": { "texture": "#parasol", "uv": [ 0.0, 0.0, 1.0, 1.0 ] },
						"down": { "texture": "#parasol", "uv": [ 0.0, 0.0, 1.0, 1.0 ] }
					},
					"children": [
						{
							"name": "stem23",
							"from": [ 0.0, 6.0, 0.0 ],
							"to": [ 1.0, 9.6, 1.0 ],
							"rotationOrigin": [ 0.0, 6.0, 0.0 ],
							"rotationX": 6.0,
							"faces": {
								"north": { "texture": "#parasol", "uv": [ 0.0, 0.0, 1.0, 3.5 ] },
								"east": { "texture": "#parasol", "uv": [ 0.0, 0.0, 1.0, 3.5 ] },
								"south": { "texture": "#parasol", "uv": [ 0.0, 0.0, 1.0, 3.5 ] },
								"west": { "texture": "#parasol", "uv": [ 0.0, 0.0, 1.0, 3.5 ] },
								"up": { "texture": "#parasol", "uv": [ 11.0, 10.5, 12.0, 11.5 ] },
								"down": { "texture": "#parasol", "uv": [ 0.0, 0.0, 1.0, 1.0 ] }
							},
							"children": [
								{
									"name": "Cube11",
									"from": [ -2.5, 3.0, -2.5 ],
									"to": [ 3.5, 3.5, 3.5 ],
									"rotationOrigin": [ -2.5, 3.0, -2.5 ],
									"rotationX": 2.0,
									"faces": {
										"north": { "texture": "#parasol", "uv": [ 5.0, 5.5, 11.0, 6.0 ] },
										"east": { "texture": "#parasol", "uv": [ 4.5, 1.0, 10.5, 1.5 ] },
										"south": { "texture": "#parasol", "uv": [ 5.0, 1.5, 11.0, 2.0 ] },
										"west": { "texture": "#parasol", "uv": [ 4.5, 5.0, 10.5, 5.5 ] },
										"up": { "texture": "#parasol", "uv": [ 4.5, 1.0, 10.5, 7.0 ] },
										"down": { "texture": "#parasol", "uv": [ 9.5, 9.5, 15.5, 15.5 ] }
									},
									"children": [
										{
											"name": "Cube12",
											"from": [ 0.0, -0.5, -0.9 ],
											"to": [ 6.0, 0.5, 0.6 ],
											"rotationOrigin": [ 0.0, -0.4, 1.1 ],
											"rotationX": -30.0,
											"faces": {
												"north": { "texture": "#parasol", "uv": [ 10.0, 7.0, 16.0, 8.0 ] },
												"east": { "texture": "#parasol", "uv": [ 5.5, 1.0, 7.0, 2.0 ] },
												"south": { "texture": "#parasol", "uv": [ 9.5, 9.5, 15.5, 10.5 ] },
												"west": { "texture": "#parasol", "uv": [ 0.0, 0.0, 1.5, 1.0 ] },
												"up": { "texture": "#parasol", "uv": [ 5.0, 1.5, 11.0, 3.0 ] },
												"down": { "texture": "#parasol", "uv": [ 9.5, 12.0, 15.5, 13.5 ] }
											}
										},
										{
											"name": "Cube13",
											"from": [ 0.0, -1.0, 6.0 ],
											"to": [ 6.0, 0.0, 7.5 ],
											"rotationOrigin": [ 0.0, 0.0, 6.0 ],
											"rotationX": 33.0,
											"faces": {
												"north": { "texture": "#parasol", "uv": [ 9.5, 11.0, 15.5, 12.0 ] },
												"east": { "texture": "#parasol", "uv": [ 5.5, 2.5, 7.0, 3.5 ] },
												"south": { "texture": "#parasol", "uv": [ 9.5, 7.0, 15.5, 8.0 ] },
												"west": { "texture": "#parasol", "uv": [ 5.0, 1.0, 6.5, 2.0 ] },
												"up": { "texture": "#parasol", "uv": [ 5.0, 1.0, 11.0, 2.5 ] },
												"down": { "texture": "#parasol", "uv": [ 9.5, 10.5, 15.5, 12.0 ] }
											}
										},
										{
											"name": "Cube14",
											"from": [ -1.5, -0.6, 0.0 ],
											"to": [ 0.0, 0.4, 6.0 ],
											"rotationOrigin": [ 0.5, 0.4, 0.0 ],
											"rotationZ": 33.0,
											"faces": {
												"north": { "texture": "#parasol", "uv": [ 5.5, 4.5, 7.0, 5.5 ] },
												"east": { "texture": "#parasol", "uv": [ 8.5, 11.5, 14.5, 12.5 ] },
												"south": { "texture": "#parasol", "uv": [ 8.0, 1.0, 9.5, 2.0 ] },
												"west": { "texture": "#parasol", "uv": [ 9.0, 6.5, 15.0, 7.5 ] },
												"up": { "texture": "#parasol", "uv": [ 5.0, 1.0, 6.5, 7.0 ] },
												"down": { "texture": "#parasol", "uv": [ 10.0, 8.5, 11.5, 14.5 ] }
											}
										},
										{
											"name": "Cube15",
											"from": [ 6.0, -1.0, 0.0 ],
											"to": [ 7.5, 0.0, 6.0 ],
											"rotationOrigin": [ 6.0, 0.0, 0.0 ],
											"rotationZ": -33.0,
											"faces": {
												"north": { "texture": "#parasol", "uv": [ 6.5, 1.0, 8.0, 2.0 ] },
												"east": { "texture": "#parasol", "uv": [ 10.0, 7.0, 16.0, 8.0 ] },
												"south": { "texture": "#parasol", "uv": [ 7.5, 1.5, 9.0, 2.5 ] },
												"west": { "texture": "#parasol", "uv": [ 9.0, 9.5, 15.0, 10.5 ] },
												"up": { "texture": "#parasol", "uv": [ 5.0, 0.5, 6.5, 6.5 ] },
												"down": { "texture": "#parasol", "uv": [ 10.5, 9.5, 12.0, 15.5 ] }
											}
										},
										{
											"name": "Cube16",
											"from": [ 0.7, 0.1, 0.7 ],
											"to": [ 5.2, 0.9, 5.2 ],
											"rotationOrigin": [ 0.7, 1.1, 0.7 ],
											"faces": {
												"north": { "texture": "#parasol", "uv": [ 5.5, 1.5, 10.0, 2.0 ] },
												"east": { "texture": "#parasol", "uv": [ 5.5, 5.0, 10.0, 5.5 ] },
												"south": { "texture": "#parasol", "uv": [ 5.0, 1.0, 9.5, 1.5 ] },
												"west": { "texture": "#parasol", "uv": [ 4.0, 1.0, 8.5, 1.5 ] },
												"up": { "texture": "#parasol", "uv": [ 5.0, 1.0, 9.5, 5.5 ] },
												"down": { "texture": "#parasol", "uv": [ 8.5, 9.5, 13.0, 14.0 ] }
											}
										}
									]
								},
								{
									"name": "Cube17",
									"from": [ -0.25, 3.0, -0.25 ],
									"to": [ 1.25, 3.4, 1.25 ],
									"rotationOrigin": [ -0.3, 3.0, -0.3 ],
									"faces": {
										"north": { "texture": "#parasol", "uv": [ 0.0, 0.0, 1.5, 0.5 ] },
										"east": { "texture": "#parasol", "uv": [ 0.0, 0.0, 1.5, 0.5 ] },
										"south": { "texture": "#parasol", "uv": [ 0.0, 0.0, 1.5, 0.5 ] },
										"west": { "texture": "#parasol", "uv": [ 0.0, 0.0, 1.5, 0.5 ] },
										"up": { "texture": "#parasol", "uv": [ 0.0, 0.0, 1.5, 1.5 ] },
										"down": { "texture": "#parasol", "uv": [ 0.0, 0.0, 1.5, 1.5 ] }
									}
								}
							]
						},
						{
							"name": "Cube18",
							"from": [ -0.2, 5.6, -0.2 ],
							"to": [ 1.2, 6.0, 1.2 ],
							"rotationOrigin": [ -0.2, 5.6, -0.2 ],
							"faces": {
								"north": { "texture": "#parasol", "uv": [ 14.0, 11.5, 15.0, 12.0 ] },
								"east": { "texture": "#parasol", "uv": [ 13.0, 12.5, 14.0, 13.0 ] },
								"south": { "texture": "#parasol", "uv": [ 10.5, 12.0, 11.5, 12.5 ] },
								"west": { "texture": "#parasol", "uv": [ 11.5, 11.0, 12.5, 11.5 ] },
								"up": { "texture": "#parasol", "uv": [ 12.0, 10.0, 13.0, 11.0 ] },
								"down": { "texture": "#parasol", "uv": [ 10.0, 10.0, 11.0, 11.0 ] }
							}
						}
					]
				},
				{
					"name": "Cube19",
					"from": [ -5.0, 0.0, 4.0 ],
					"to": [ -4.0, 4.0, 5.0 ],
					"rotationOrigin": [ -5.0, 0.0, 4.0 ],
					"rotationY": -86.0,
					"faces": {
						"north": { "texture": "#parasol", "uv": [ 0.0, 0.0, 1.0, 4.0 ] },
						"east": { "texture": "#parasol", "uv": [ 0.0, 0.0, 1.0, 4.0 ] },
						"south": { "texture": "#parasol", "uv": [ 0.0, 0.0, 1.0, 4.0 ] },
						"west": { "texture": "#parasol", "uv": [ 0.0, 0.0, 1.0, 4.0 ] },
						"up": { "texture": "#parasol", "uv": [ 0.0, 0.0, 1.0, 1.0 ] },
						"down": { "texture": "#parasol", "uv": [ 0.0, 0.0, 1.0, 1.0 ] }
					},
					"children": [
						{
							"name": "Cube20",
							"from": [ 0.0, 4.0, 0.0 ],
							"to": [ 1.0, 7.0, 1.0 ],
							"rotationOrigin": [ 0.0, 4.0, 0.0 ],
							"rotationX": 6.0,
							"faces": {
								"north": { "texture": "#parasol", "uv": [ 0.0, 0.0, 1.0, 3.0 ] },
								"east": { "texture": "#parasol", "uv": [ 0.0, 0.0, 1.0, 3.0 ] },
								"south": { "texture": "#parasol", "uv": [ 0.0, 0.0, 1.0, 3.0 ] },
								"west": { "texture": "#parasol", "uv": [ 0.0, 0.0, 1.0, 3.0 ] },
								"up": { "texture": "#parasol", "uv": [ 0.0, 0.0, 1.0, 1.0 ] },
								"down": { "texture": "#parasol", "uv": [ 0.0, 0.0, 1.0, 1.0 ] }
							},
							"children": [
								{
									"name": "Cube21",
									"from": [ -1.0, 1.0, -1.0 ],
									"to": [ 2.0, 4.0, 2.0 ],
									"rotationOrigin": [ -1.0, 1.0, -1.0 ],
									"faces": {
										"north": { "texture": "#parasol", "uv": [ 8.5, 2.5, 11.5, 5.5 ] },
										"east": { "texture": "#parasol", "uv": [ 7.0, 0.0, 10.0, 3.0 ] },
										"south": { "texture": "#parasol", "uv": [ 3.5, 3.0, 6.5, 6.0 ] },
										"west": { "texture": "#parasol", "uv": [ 4.0, 3.5, 7.0, 6.5 ] },
										"up": { "texture": "#parasol", "uv": [ 7.5, 3.5, 10.5, 6.5 ] },
										"down": { "texture": "#parasol", "uv": [ 9.0, 9.5, 12.0, 12.5 ] }
									},
									"children": [
										{
											"name": "Cube29",
											"from": [ 0.5, 3.0, 0.5 ],
											"to": [ 2.5, 4.0, 2.5 ],
											"rotationOrigin": [ 0.5, 3.0, 0.5 ],
											"faces": {
												"north": { "texture": "#parasol", "uv": [ 7.0, 4.0, 9.0, 5.0 ] },
												"east": { "texture": "#parasol", "uv": [ 6.5, 2.0, 8.5, 3.0 ] },
												"south": { "texture": "#parasol", "uv": [ 7.0, 2.0, 9.0, 3.0 ] },
												"west": { "texture": "#parasol", "uv": [ 0.0, 0.0, 2.0, 1.0 ] },
												"up": { "texture": "#parasol", "uv": [ 6.5, 2.5, 8.5, 4.5 ] },
												"down": { "texture": "#parasol", "uv": [ 6.5, 3.5, 8.5, 5.5 ] }
											}
										},
										{
											"name": "Cube30",
											"from": [ 0.5, -0.7, 0.5 ],
											"to": [ 2.5, -0.3, 2.5 ],
											"rotationOrigin": [ 0.5, -0.7, 0.5 ],
											"faces": {
												"north": { "texture": "#parasol", "uv": [ 10.5, 9.5, 12.5, 10.0 ] },
												"east": { "texture": "#parasol", "uv": [ 10.0, 10.0, 12.0, 10.5 ] },
												"south": { "texture": "#parasol", "uv": [ 9.5, 10.0, 11.5, 10.5 ] },
												"west": { "texture": "#parasol", "uv": [ 11.0, 11.5, 13.0, 12.0 ] },
												"up": { "texture": "#parasol", "uv": [ 13.0, 9.5, 15.0, 11.5 ] },
												"down": { "texture": "#parasol", "uv": [ 10.0, 9.0, 12.0, 11.0 ] }
											}
										}
									]
								}
							]
						}
					]
				},
				{
					"name": "Cube33",
					"from": [ -4.0, 0.0, 3.0 ],
					"to": [ -3.0, 2.0, 4.0 ],
					"rotationOrigin": [ -4.0, 0.0, 3.0 ],
					"rotationX": 8.0,
					"rotationY": 39.0,
					"faces": {
						"north": { "texture": "#parasol", "uv": [ 0.0, 0.0, 1.0, 2.0 ] },
						"east": { "texture": "#parasol", "uv": [ 0.0, 0.0, 1.0, 2.0 ] },
						"south": { "texture": "#parasol", "uv": [ 0.0, 0.0, 1.0, 2.0 ] },
						"west": { "texture": "#parasol", "uv": [ 0.0, 0.0, 1.0, 2.0 ] },
						"up": { "texture": "#parasol", "uv": [ 0.0, 0.0, 1.0, 1.0 ] },
						"down": { "texture": "#parasol", "uv": [ 0.0, 0.0, 1.0, 1.0 ] }
					},
					"children": [
						{
							"name": "Cube34",
							"from": [ -0.5, 1.3, -0.5 ],
							"to": [ 1.5, 3.3, 1.5 ],
							"rotationOrigin": [ -0.5, 1.3, -0.5 ],
							"faces": {
								"north": { "texture": "#parasol", "uv": [ 5.0, 1.0, 7.0, 3.0 ] },
								"east": { "texture": "#parasol", "uv": [ 7.5, 0.5, 9.5, 2.5 ] },
								"south": { "texture": "#parasol", "uv": [ 8.5, 2.5, 10.5, 4.5 ] },
								"west": { "texture": "#parasol", "uv": [ 4.5, 4.5, 6.5, 6.5 ] },
								"up": { "texture": "#parasol", "uv": [ 12.5, 2.5, 14.5, 4.5 ] },
								"down": { "texture": "#parasol", "uv": [ 10.5, 10.0, 12.5, 12.0 ] }
							}
						}
					]
				},
				{
					"name": "Cube2",
					"from": [ 2.0, -0.2, -2.0 ],
					"to": [ 3.5, 0.8, -0.5 ],
					"rotationOrigin": [ 2.0, -0.2, -2.0 ],
					"faces": {
						"north": { "texture": "#parasol", "uv": [ 9.5, 4.5, 11.0, 5.5 ] },
						"east": { "texture": "#parasol", "uv": [ 4.5, 5.0, 6.0, 6.0 ] },
						"south": { "texture": "#parasol", "uv": [ 4.5, 1.0, 6.0, 2.0 ] },
						"west": { "texture": "#parasol", "uv": [ 9.0, 0.5, 10.5, 1.5 ] },
						"up": { "texture": "#parasol", "uv": [ 4.0, 4.5, 5.5, 6.0 ] },
						"down": { "texture": "#parasol", "uv": [ 12.5, 10.5, 14.0, 12.0 ] }
					}
				},
				{
					"name": "Cube3",
					"from": [ -4.6, -0.3, 5.0 ],
					"to": [ -3.5, 0.7, 6.1 ],
					"rotationOrigin": [ -4.6, -0.3, 5.0 ],
					"rotationX": -360.0,
					"rotationY": -22.0,
					"faces": {
						"north": { "texture": "#parasol", "uv": [ 4.5, 4.0, 5.5, 5.0 ] },
						"east": { "texture": "#parasol", "uv": [ 9.0, 4.5, 10.0, 5.5 ] },
						"south": { "texture": "#parasol", "uv": [ 5.0, 5.0, 6.0, 6.0 ] },
						"west": { "texture": "#parasol", "uv": [ 10.0, 4.0, 11.0, 5.0 ] },
						"up": { "texture": "#parasol", "uv": [ 5.5, 4.5, 6.5, 5.5 ] },
						"down": { "texture": "#parasol", "uv": [ 0.0, 0.0, 1.0, 1.0 ] }
					}
				}
			]
		}
	]}