{
  "textureWidth":16,
  "textureHeight":16,
  "textures":{
    "material":"game:item/tool/material/string"
  },
  "textureSizes":{
    "material":[
      32,
      32
    ]
  },
  "elements":[
    {
      "name":"origin",
      "from":[
        10.79720687866211,
        0.5,
        8.21067351102829
      ],
      "to":[
        10.79720687866211,
        0.5,
        8.21067351102829
      ],
      "rotationOrigin":[
        8.0,
        0.0,
        8.0
      ],
      "group":"unv_string_metalhead",
      "faces":{
        "north":{
          "texture":"#0",
          "uv":[
            0,
            0,
            4,
            4
          ],
          "autoUv":false
        },
        "east":{
          "texture":"#0",
          "uv":[
            0,
            0,
            4,
            4
          ],
          "autoUv":false
        },
        "south":{
          "texture":"#0",
          "uv":[
            0,
            0,
            4,
            4
          ],
          "autoUv":false
        },
        "west":{
          "texture":"#0",
          "uv":[
            0,
            0,
            4,
            4
          ],
          "autoUv":false
        },
        "up":{
          "texture":"#material",
          "uv":[
            0.0,
            0.0,
            1.0,
            1.0
          ],
          "autoUv":false,
          "rotation":180
        },
        "down":{
          "texture":"#0",
          "uv":[
            0,
            0,
            4,
            4
          ],
          "autoUv":false
        }
      },
      "children":[
        {
          "name":"unv_string_metalhead 01",
          "from":[
            13.314201429486275,
            -0.5999999642372131,
            0.8376864194869995
          ],
          "to":[
            13.814201280474663,
            1.1000009179115295,
            2.815305531024933
          ],
          "rotationOrigin":[
            13.564201354980469,
            0.2500004768371582,
            1.8264959454536438
          ],
          "rotationY":-5.78532049116254,
          "group":"unv_string_metalhead",
          "faces":{
            "north":{
              "texture":"#material",
              "uv":[
                17.0,
                1.0,
                20.0,
                2.0
              ],
              "autoUv":false,
              "rotation":90
            },
            "east":{
              "texture":"#material",
              "uv":[
                0.04476133733987808,
                0.0,
                4.0,
                3.0
              ],
              "autoUv":false
            },
            "south":{
              "texture":"#material",
              "uv":[
                2.0,
                1.0,
                5.0,
                2.0
              ],
              "autoUv":false,
              "rotation":90
            },
            "west":{
              "texture":"#material",
              "uv":[
                4.0,
                5.0,
                7.9552388191223145,
                8.0
              ],
              "autoUv":false
            },
            "up":{
              "texture":"#material",
              "uv":[
                0.0,
                0.0,
                1.0,
                3.9552383422851562
              ],
              "autoUv":false
            },
            "down":{
              "texture":"#material",
              "uv":[
                1.0,
                3.9552383422851562,
                0.0,
                0.0
              ],
              "autoUv":false,
              "rotation":180
            }
          },
          "children":[]
        },
        {
          "name":"unv_string_metalhead 02",
          "from":[
            12.426231294870377,
            -0.5878381133079529,
            0.700875997543335
          ],
          "to":[
            12.926231473684311,
            1.1121627688407898,
            2.6485536694526672
          ],
          "rotationOrigin":[
            12.676231384277344,
            0.26216232776641846,
            1.6747148633003235
          ],
          "rotationX":1.9326045869760466,
          "rotationY":-21.54578221793374,
          "rotationZ":-0.16705787602183614,
          "group":"unv_string_metalhead",
          "faces":{
            "north":{
              "texture":"#material",
              "uv":[
                0.0,
                1.0,
                3.0,
                2.0
              ],
              "autoUv":false,
              "rotation":90
            },
            "east":{
              "texture":"#material",
              "uv":[
                0.10464680939912796,
                0.0,
                4.0,
                3.0
              ],
              "autoUv":false
            },
            "south":{
              "texture":"#material",
              "uv":[
                4.0,
                1.0,
                7.0,
                2.0
              ],
              "autoUv":false,
              "rotation":90
            },
            "west":{
              "texture":"#material",
              "uv":[
                0.0,
                8.0,
                3.895353078842163,
                11.0
              ],
              "autoUv":false
            },
            "up":{
              "texture":"#material",
              "uv":[
                6.0,
                1.0000019073486328,
                9.895352363586426,
                2.0
              ],
              "autoUv":false,
              "rotation":90
            },
            "down":{
              "texture":"#material",
              "uv":[
                16.89535140991211,
                2.0,
                13.0,
                1.0000019073486328
              ],
              "autoUv":false,
              "rotation":270
            }
          },
          "children":[]
        },
        {
          "name":"unv_string_metalhead 03",
          "from":[
            12.417262941598892,
            -0.5533729195594788,
            0.6754562258720398
          ],
          "to":[
            12.917263120412827,
            1.0705201029777527,
            2.6754574179649353
          ],
          "rotationOrigin":[
            12.66726303100586,
            0.25857359170913696,
            1.6754568219184875
          ],
          "rotationX":1.0099750566496137,
          "rotationY":8.058777130931611,
          "rotationZ":-0.14160160090263996,
          "group":"unv_string_metalhead",
          "faces":{
            "north":{
              "texture":"#material",
              "uv":[
                2.067195415496826,
                1.0000019073486328,
                4.932887554168701,
                2.0
              ],
              "autoUv":false,
              "rotation":90
            },
            "east":{
              "texture":"#material",
              "uv":[
                0.0,
                4.067195892333984,
                4.0,
                6.932888031005859
              ],
              "autoUv":false
            },
            "south":{
              "texture":"#material",
              "uv":[
                0.06719554215669632,
                5.000001907348633,
                2.932887554168701,
                6.0
              ],
              "autoUv":false,
              "rotation":90
            },
            "west":{
              "texture":"#material",
              "uv":[
                4.0,
                5.067195892333984,
                8.0,
                7.932888031005859
              ],
              "autoUv":false
            },
            "up":{
              "texture":"#material",
              "uv":[
                9.0,
                0.0,
                13.0,
                1.0
              ],
              "autoUv":false,
              "rotation":90
            },
            "down":{
              "texture":"#material",
              "uv":[
                9.0,
                5.0,
                5.0,
                4.0
              ],
              "autoUv":false,
              "rotation":270
            }
          },
          "children":[]
        },
        {
          "name":"unv_string_metalhead 04",
          "from":[
            -10.029204726219177,
            0.025868773460388184,
            -0.8506210446357727
          ],
          "to":[
            -7.529213547706604,
            0.5258650034666061,
            0.9755749106407166
          ],
          "rotationOrigin":[
            -8.77920913696289,
            0.27586692571640015,
            0.062476933002471924
          ],
          "rotationX":93.53198211675097,
          "rotationY":0.7607089037155851,
          "rotationZ":-133.0214038220967,
          "group":"unv_string_metalhead",
          "faces":{
            "north":{
              "texture":"#material",
              "uv":[
                16.997467041015625,
                7.996482849121094,
                21.997467041015625,
                8.996480941772461
              ],
              "autoUv":false
            },
            "east":{
              "texture":"#material",
              "uv":[
                14.94172191619873,
                1.9900779724121094,
                18.164426803588867,
                3.0035152435302734
              ],
              "autoUv":false,
              "rotation":180
            },
            "south":{
              "texture":"#material",
              "uv":[
                5.007147789001465,
                3.990081787109375,
                10.007146835327148,
                4.990079879760742
              ],
              "autoUv":false,
              "rotation":180
            },
            "west":{
              "texture":"#material",
              "uv":[
                -0.05827777460217476,
                5.009918212890625,
                3.164424180984497,
                5.996486663818359
              ],
              "autoUv":false
            },
            "up":{
              "texture":"#material",
              "uv":[
                0.0025334954261779785,
                3.941722869873047,
                4.992852687835693,
                7.164426803588867
              ],
              "autoUv":false
            },
            "down":{
              "texture":"#material",
              "uv":[
                9.007146835327148,
                8.164430618286133,
                3.997467041015625,
                4.941720962524414
              ],
              "autoUv":false,
              "rotation":180
            }
          },
          "children":[]
        },
        {
          "name":"unv_string_metalhead 05",
          "from":[
            -10.146319508552551,
            -0.5798179507255554,
            -0.8818061947822571
          ],
          "to":[
            -9.646319270133972,
            1.0853179097175598,
            1.1181949973106384
          ],
          "rotationOrigin":[
            -9.896319389343262,
            0.2527499794960022,
            0.11819440126419067
          ],
          "rotationX":-1.1844049632598754e-15,
          "rotationY":-5.999991202341925,
          "rotationZ":-2.9684663897504215e-08,
          "group":"unv_string_metalhead",
          "faces":{
            "north":{
              "texture":"#material",
              "uv":[
                0.02591118961572647,
                1.0,
                2.9643847942352295,
                2.000001907348633
              ],
              "autoUv":false,
              "rotation":90
            },
            "east":{
              "texture":"#material",
              "uv":[
                0.0,
                0.025911331176757812,
                4.0,
                2.964384078979492
              ],
              "autoUv":false
            },
            "south":{
              "texture":"#material",
              "uv":[
                4.025911331176758,
                1.0,
                6.964385032653809,
                2.000001907348633
              ],
              "autoUv":false,
              "rotation":90
            },
            "west":{
              "texture":"#material",
              "uv":[
                0.0,
                8.025911331176758,
                4.0,
                10.964385986328125
              ],
              "autoUv":false
            },
            "up":{
              "texture":"#material",
              "uv":[
                6.0,
                1.0,
                10.0,
                2.0
              ],
              "autoUv":false,
              "rotation":90
            },
            "down":{
              "texture":"#material",
              "uv":[
                17.0,
                2.0,
                13.0,
                1.0
              ],
              "autoUv":false,
              "rotation":270
            }
          },
          "children":[]
        },
        {
          "name":"unv_string_metalhead 06",
          "from":[
            -11.454895853996277,
            0.019062191247940063,
            -0.8565666675567627
          ],
          "to":[
            -9.45489501953125,
            0.519061878323555,
            0.935942530632019
          ],
          "rotationOrigin":[
            -10.454895496368408,
            0.2690620422363281,
            0.039687931537628174
          ],
          "rotationX":91.7254653831743,
          "rotationY":-1.8673594183729114,
          "rotationZ":-68.88557234584012,
          "group":"unv_string_metalhead",
          "faces":{
            "north":{
              "texture":"#material",
              "uv":[
                13.001031875610352,
                -0.002605438232421875,
                17.00103187561035,
                0.9973907470703125
              ],
              "autoUv":false
            },
            "east":{
              "texture":"#material",
              "uv":[
                8.05274486541748,
                0.0019931793212890625,
                11.040260314941406,
                1.0026073455810547
              ],
              "autoUv":false,
              "rotation":180
            },
            "south":{
              "texture":"#material",
              "uv":[
                5.00078821182251,
                4.001991271972656,
                9.000787734985352,
                5.001987457275391
              ],
              "autoUv":false,
              "rotation":180
            },
            "west":{
              "texture":"#material",
              "uv":[
                0.05274457111954689,
                4.998004913330078,
                3.040261745452881,
                5.997392654418945
              ],
              "autoUv":false
            },
            "up":{
              "texture":"#material",
              "uv":[
                -0.0010315179824829102,
                4.052745819091797,
                3.9992122650146484,
                7.040264129638672
              ],
              "autoUv":false
            },
            "down":{
              "texture":"#material",
              "uv":[
                8.000787734985352,
                8.040258407592773,
                4.001031875610352,
                5.052745819091797
              ],
              "autoUv":false,
              "rotation":180
            }
          },
          "children":[]
        },
        {
          "name":"unv_string_metalhead 07",
          "from":[
            -20.427190870046616,
            -0.5722646713256836,
            -0.6177745461463928
          ],
          "to":[
            -19.92719069123268,
            1.127734661102295,
            1.8822261691093445
          ],
          "rotationOrigin":[
            -20.17719078063965,
            0.27773499488830566,
            0.6322258114814758
          ],
          "rotationX":1.3593634585229784,
          "rotationY":48.71771078351746,
          "rotationZ":-0.009238711306514942,
          "group":"unv_string_metalhead",
          "faces":{
            "north":{
              "texture":"#material",
              "uv":[
                15.0,
                2.0,
                18.0,
                3.0
              ],
              "autoUv":false,
              "rotation":90
            },
            "east":{
              "texture":"#material",
              "uv":[
                0.0,
                4.0,
                5.0,
                7.0
              ],
              "autoUv":false
            },
            "south":{
              "texture":"#material",
              "uv":[
                0.0,
                5.0,
                3.0,
                6.0
              ],
              "autoUv":false,
              "rotation":90
            },
            "west":{
              "texture":"#material",
              "uv":[
                4.0,
                5.0,
                9.0,
                8.0
              ],
              "autoUv":false
            },
            "up":{
              "texture":"#material",
              "uv":[
                17.0,
                8.0,
                22.0,
                9.0
              ],
              "autoUv":false,
              "rotation":90
            },
            "down":{
              "texture":"#material",
              "uv":[
                10.0,
                5.0,
                5.0,
                4.0
              ],
              "autoUv":false,
              "rotation":270
            }
          },
          "children":[]
        },
        {
          "name":"unv_string_metalhead 08",
          "from":[
            -21.510424971580505,
            -0.21382614970207214,
            -0.19960254430770874
          ],
          "to":[
            -19.010437607765198,
            0.7861665189266205,
            1.6499672532081604
          ],
          "rotationOrigin":[
            -20.26043128967285,
            0.28617018461227417,
            0.7251823544502258
          ],
          "rotationX":86.82498906879773,
          "rotationY":1.417994656132014,
          "rotationZ":-61.71314288708554,
          "group":"unv_string_metalhead",
          "faces":{
            "north":{
              "texture":"#material",
              "uv":[
                7.0,
                6.0,
                12.0,
                8.0
              ],
              "autoUv":false
            },
            "east":{
              "texture":"#material",
              "uv":[
                15.0,
                1.9853343963623047,
                18.263944625854492,
                4.0
              ],
              "autoUv":false,
              "rotation":180
            },
            "south":{
              "texture":"#material",
              "uv":[
                13.988110542297363,
                3.985332489013672,
                18.988113403320312,
                5.985334396362305
              ],
              "autoUv":false,
              "rotation":180
            },
            "west":{
              "texture":"#material",
              "uv":[
                12.0,
                7.0146636962890625,
                15.263945579528809,
                9.0
              ],
              "autoUv":false
            },
            "up":{
              "texture":"#material",
              "uv":[
                0.0,
                4.0,
                5.01188850402832,
                7.263948440551758
              ],
              "autoUv":false
            },
            "down":{
              "texture":"#material",
              "uv":[
                10.988112449645996,
                8.26394271850586,
                6.0,
                5.0
              ],
              "autoUv":false,
              "rotation":180
            }
          },
          "children":[]
        },
        {
          "name":"unv_string_metalhead 09",
          "from":[
            -19.44536030292511,
            -0.5631991028785706,
            -0.40636807680130005
          ],
          "to":[
            -18.94536006450653,
            1.1368017792701721,
            1.5936312079429626
          ],
          "rotationOrigin":[
            -19.19536018371582,
            0.2868013381958008,
            0.5936315655708313
          ],
          "rotationX":-2.3857814485474576,
          "rotationY":-0.2510025150870928,
          "rotationZ":-0.36597004678531925,
          "group":"unv_string_metalhead",
          "faces":{
            "north":{
              "texture":"#material",
              "uv":[
                0.0,
                1.0,
                3.0,
                2.0
              ],
              "autoUv":false,
              "rotation":90
            },
            "east":{
              "texture":"#material",
              "uv":[
                0.0,
                0.0,
                4.0,
                3.0
              ],
              "autoUv":false
            },
            "south":{
              "texture":"#material",
              "uv":[
                4.0,
                1.0,
                7.0,
                2.0
              ],
              "autoUv":false,
              "rotation":90
            },
            "west":{
              "texture":"#material",
              "uv":[
                0.0,
                8.0,
                4.0,
                11.0
              ],
              "autoUv":false
            },
            "up":{
              "texture":"#material",
              "uv":[
                6.0,
                1.0,
                10.0,
                2.0
              ],
              "autoUv":false,
              "rotation":90
            },
            "down":{
              "texture":"#material",
              "uv":[
                17.0,
                2.0,
                13.0,
                1.0
              ],
              "autoUv":false,
              "rotation":270
            }
          },
          "children":[]
        },
        {
          "name":"unv_string_metalhead 10",
          "from":[
            -21.60052089393139,
            -0.594696044921875,
            -0.27089768648147583
          ],
          "to":[
            -21.10052128136158,
            1.2053031921386719,
            1.7291035056114197
          ],
          "rotationOrigin":[
            -21.350521087646484,
            0.30530357360839844,
            0.7291029095649719
          ],
          "rotationX":-1.5171912009954018,
          "rotationY":-15.357712792172228,
          "rotationZ":-2.483338107679807,
          "group":"unv_string_metalhead",
          "faces":{
            "north":{
              "texture":"#material",
              "uv":[
                8.0,
                0.0,
                11.0,
                1.0
              ],
              "autoUv":false,
              "rotation":90
            },
            "east":{
              "texture":"#material",
              "uv":[
                0.0,
                4.0,
                4.0,
                7.0
              ],
              "autoUv":false
            },
            "south":{
              "texture":"#material",
              "uv":[
                0.0,
                5.0,
                3.0,
                6.0
              ],
              "autoUv":false,
              "rotation":90
            },
            "west":{
              "texture":"#material",
              "uv":[
                4.0,
                5.0,
                8.0,
                8.0
              ],
              "autoUv":false
            },
            "up":{
              "texture":"#material",
              "uv":[
                13.0,
                0.0,
                17.0,
                1.0
              ],
              "autoUv":false,
              "rotation":90
            },
            "down":{
              "texture":"#material",
              "uv":[
                9.0,
                5.0,
                5.0,
                4.0
              ],
              "autoUv":false,
              "rotation":270
            }
          },
          "children":[]
        },
        {
          "name":"unv_string_metalhead 11",
          "from":[
            -18.615674778819084,
            -0.6529273390769958,
            -0.5703561902046204
          ],
          "to":[
            -18.115675166249275,
            1.147071897983551,
            1.4296450018882751
          ],
          "rotationOrigin":[
            -18.36567497253418,
            0.2470722794532776,
            0.4296444058418274
          ],
          "rotationX":-1.5171912009954018,
          "rotationY":-15.357712792172228,
          "rotationZ":-2.483338107679807,
          "group":"unv_string_metalhead",
          "faces":{
            "north":{
              "texture":"#material",
              "uv":[
                8.0,
                0.0,
                11.0,
                1.0
              ],
              "autoUv":false,
              "rotation":90
            },
            "east":{
              "texture":"#material",
              "uv":[
                0.0,
                4.0,
                4.0,
                7.0
              ],
              "autoUv":false
            },
            "south":{
              "texture":"#material",
              "uv":[
                0.0,
                5.0,
                3.0,
                6.0
              ],
              "autoUv":false,
              "rotation":90
            },
            "west":{
              "texture":"#material",
              "uv":[
                4.0,
                5.0,
                8.0,
                8.0
              ],
              "autoUv":false
            },
            "up":{
              "texture":"#material",
              "uv":[
                13.0,
                0.0,
                17.0,
                1.0
              ],
              "autoUv":false,
              "rotation":90
            },
            "down":{
              "texture":"#material",
              "uv":[
                9.0,
                5.0,
                5.0,
                4.0
              ],
              "autoUv":false,
              "rotation":270
            }
          },
          "children":[]
        },
        {
          "name":"unv_string_metalhead 12",
          "from":[
            14.519433051347733,
            -0.692506730556488,
            0.5233526825904846
          ],
          "to":[
            15.153952568769455,
            1.2154098153114319,
            3.4312501549720764
          ],
          "rotationOrigin":[
            14.836692810058594,
            0.2614515423774719,
            1.9773014187812805
          ],
          "rotationY":-64.2752424674057,
          "group":"unv_string_metalhead",
          "faces":{
            "north":{
              "texture":"#material",
              "uv":[
                23.41301918029785,
                3.374998092651367,
                26.066139221191406,
                4.375
              ],
              "autoUv":false,
              "rotation":90
            },
            "east":{
              "texture":"#material",
              "uv":[
                5.828383445739746,
                2.850515365600586,
                10.41121768951416,
                5.503641128540039
              ],
              "autoUv":false
            },
            "south":{
              "texture":"#material",
              "uv":[
                8.413019180297852,
                3.374998092651367,
                11.06613826751709,
                4.375
              ],
              "autoUv":false,
              "rotation":90
            },
            "west":{
              "texture":"#material",
              "uv":[
                9.463781356811523,
                7.850515365600586,
                14.046615600585938,
                10.503639221191406
              ],
              "autoUv":false
            },
            "up":{
              "texture":"#material",
              "uv":[
                5.937499523162842,
                1.9012832641601562,
                6.937499523162842,
                6.484113693237305
              ],
              "autoUv":false
            },
            "down":{
              "texture":"#material",
              "uv":[
                6.937499523162842,
                6.484113693237305,
                5.937499523162842,
                1.9012832641601562
              ],
              "autoUv":false,
              "rotation":180
            }
          },
          "children":[]
        },
        {
          "name":"unv_string_metalhead 13",
          "from":[
            14.519480764865875,
            -0.7359083294868469,
            0.7075126767158508
          ],
          "to":[
            15.154000222682953,
            1.262135922908783,
            3.5053051114082336
          ],
          "rotationOrigin":[
            14.836740493774414,
            0.263113796710968,
            2.1064088940620422
          ],
          "rotationY":-128.21146166516866,
          "group":"unv_string_metalhead",
          "faces":{
            "north":{
              "texture":"#material",
              "uv":[
                23.848041534423828,
                2.687501907348633,
                26.626489639282227,
                3.687501907348633
              ],
              "autoUv":false,
              "rotation":90
            },
            "east":{
              "texture":"#material",
              "uv":[
                6.4503374099731445,
                2.0980377197265625,
                10.859646797180176,
                4.876493453979492
              ],
              "autoUv":false
            },
            "south":{
              "texture":"#material",
              "uv":[
                8.848042488098145,
                2.687501907348633,
                11.62649154663086,
                3.687501907348633
              ],
              "autoUv":false,
              "rotation":90
            },
            "west":{
              "texture":"#material",
              "uv":[
                10.015352249145508,
                7.098043441772461,
                14.424663543701172,
                9.876489639282227
              ],
              "autoUv":false
            },
            "up":{
              "texture":"#material",
              "uv":[
                6.4375,
                1.2653541564941406,
                7.4375,
                5.674659729003906
              ],
              "autoUv":false
            },
            "down":{
              "texture":"#material",
              "uv":[
                7.4375,
                5.674659729003906,
                6.4375,
                1.2653541564941406
              ],
              "autoUv":false,
              "rotation":180
            }
          },
          "children":[]
        },
        {
          "name":"unv_string_metalhead 14",
          "from":[
            14.822074294090271,
            -0.023900210857391357,
            -4.263198435306549
          ],
          "to":[
            15.473339676856995,
            0.5725359320640564,
            -1.391567885875702
          ],
          "rotationOrigin":[
            15.147706985473633,
            0.2743178606033325,
            -2.8273832201957703
          ],
          "rotationY":-103.19499224502651,
          "group":"unv_string_metalhead",
          "faces":{
            "north":{
              "texture":"#material",
              "uv":[
                20.661415100097656,
                4.250005722045898,
                21.469480514526367,
                5.25
              ],
              "autoUv":false,
              "rotation":90
            },
            "east":{
              "texture":"#material",
              "uv":[
                2.2628376483917236,
                4.661413192749023,
                6.672146797180176,
                5.469486236572266
              ],
              "autoUv":false
            },
            "south":{
              "texture":"#material",
              "uv":[
                5.661415100097656,
                4.250005722045898,
                6.469483375549316,
                5.25
              ],
              "autoUv":false,
              "rotation":90
            },
            "west":{
              "texture":"#material",
              "uv":[
                5.827852249145508,
                9.661417007446289,
                10.237163543701172,
                10.469482421875
              ],
              "autoUv":false
            },
            "up":{
              "texture":"#material",
              "uv":[
                2.25,
                2.8278541564941406,
                3.25,
                7.237159729003906
              ],
              "autoUv":false
            },
            "down":{
              "texture":"#material",
              "uv":[
                3.25,
                7.237159729003906,
                2.25,
                2.8278541564941406
              ],
              "autoUv":false,
              "rotation":180
            }
          },
          "children":[]
        },
        {
          "name":"unv_string_metalhead 15",
          "from":[
            14.77606150507927,
            -0.08723071217536926,
            -3.949727237224579
          ],
          "to":[
            15.427326709032059,
            0.6358663141727448,
            -1.0780975222587585
          ],
          "rotationOrigin":[
            15.101694107055664,
            0.27431780099868774,
            -2.5139123797416687
          ],
          "rotationY":-86.7369411002071,
          "group":"unv_string_metalhead",
          "faces":{
            "north":{
              "texture":"#material",
              "uv":[
                23.700613021850586,
                3.9375038146972656,
                24.680282592773438,
                4.9375
              ],
              "autoUv":false,
              "rotation":90
            },
            "east":{
              "texture":"#material",
              "uv":[
                5.3878374099731445,
                4.263111114501953,
                9.797146797180176,
                5.242788314819336
              ],
              "autoUv":false
            },
            "south":{
              "texture":"#material",
              "uv":[
                8.700613021850586,
                3.9375038146972656,
                9.680285453796387,
                4.9375
              ],
              "autoUv":false,
              "rotation":90
            },
            "west":{
              "texture":"#material",
              "uv":[
                8.952852249145508,
                9.263113021850586,
                13.362163543701172,
                10.242782592773438
              ],
              "autoUv":false
            },
            "up":{
              "texture":"#material",
              "uv":[
                5.375,
                2.5153541564941406,
                6.375,
                6.924659729003906
              ],
              "autoUv":false
            },
            "down":{
              "texture":"#material",
              "uv":[
                6.375,
                6.924659729003906,
                5.375,
                2.5153541564941406
              ],
              "autoUv":false,
              "rotation":180
            }
          },
          "children":[]
        },
        {
          "name":"unv_string_metalhead 16",
          "from":[
            0.62509386241436,
            -0.5676530003547668,
            -1.0530816912651062
          ],
          "to":[
            1.0843215733766556,
            1.0938807129859924,
            1.167857825756073
          ],
          "rotationOrigin":[
            0.8547077178955078,
            0.2631138563156128,
            0.057388126850128174
          ],
          "rotationY":-150.58511232937943,
          "group":"unv_string_metalhead",
          "faces":{
            "north":{
              "texture":"#material",
              "uv":[
                22.082014083862305,
                3.500001907348633,
                24.39251708984375,
                4.22374153137207
              ],
              "autoUv":false,
              "rotation":90
            },
            "east":{
              "texture":"#material",
              "uv":[
                4.811012268066406,
                3.144512176513672,
                8.311203956604004,
                5.455018997192383
              ],
              "autoUv":false
            },
            "south":{
              "texture":"#material",
              "uv":[
                7.082015037536621,
                3.7762603759765625,
                9.392518997192383,
                4.5
              ],
              "autoUv":false,
              "rotation":90
            },
            "west":{
              "texture":"#material",
              "uv":[
                8.56379508972168,
                8.144514083862305,
                12.063987731933594,
                10.455015182495117
              ],
              "autoUv":false
            },
            "up":{
              "texture":"#material",
              "uv":[
                4.437499523162842,
                2.6262950897216797,
                5.161240577697754,
                6.126483917236328
              ],
              "autoUv":false
            },
            "down":{
              "texture":"#material",
              "uv":[
                5.437499523162842,
                6.126483917236328,
                4.71375846862793,
                2.6262950897216797
              ],
              "autoUv":false,
              "rotation":180
            }
          },
          "children":[]
        },
        {
          "name":"unv_string_metalhead 17",
          "from":[
            0.7197752296924591,
            -0.6279032826423645,
            -0.9201486706733704
          ],
          "to":[
            1.3542947471141815,
            1.1541308760643005,
            1.080209195613861
          ],
          "rotationOrigin":[
            1.0370349884033203,
            0.263113796710968,
            0.08003026247024536
          ],
          "rotationY":152.71809844490437,
          "group":"unv_string_metalhead",
          "faces":{
            "north":{
              "texture":"#material",
              "uv":[
                20.123231887817383,
                3.1250038146972656,
                22.60129737854004,
                4.125
              ],
              "autoUv":false,
              "rotation":90
            },
            "east":{
              "texture":"#material",
              "uv":[
                2.865417718887329,
                2.685731887817383,
                6.017972946166992,
                5.163799285888672
              ],
              "autoUv":false
            },
            "south":{
              "texture":"#material",
              "uv":[
                5.123232841491699,
                3.125001907348633,
                7.601301193237305,
                4.125
              ],
              "autoUv":false,
              "rotation":90
            },
            "west":{
              "texture":"#material",
              "uv":[
                7.107025146484375,
                7.685731887817383,
                10.25958251953125,
                10.163799285888672
              ],
              "autoUv":false
            },
            "up":{
              "texture":"#material",
              "uv":[
                2.562499761581421,
                2.6695289611816406,
                3.5625,
                5.822080612182617
              ],
              "autoUv":false
            },
            "down":{
              "texture":"#material",
              "uv":[
                3.562499761581421,
                5.822080612182617,
                2.562499761581421,
                2.6695289611816406
              ],
              "autoUv":false,
              "rotation":180
            }
          },
          "children":[]
        },
        {
          "name":"unv_string_metalhead 18",
          "from":[
            -9.26774263381958,
            -0.5830680727958679,
            -1.1050979495048523
          ],
          "to":[
            -8.267743587493896,
            1.116931974887848,
            1.3949020504951477
          ],
          "rotationOrigin":[
            -8.767743110656738,
            0.26693195104599,
            0.1449020504951477
          ],
          "rotationX":1.514183047060946e-08,
          "rotationY":-33.99999525431189,
          "rotationZ":1.9999999845072665,
          "group":"unv_string_metalhead",
          "faces":{
            "north":{
              "texture":"#material",
              "uv":[
                15.0,
                2.0,
                18.0,
                4.0
              ],
              "autoUv":false,
              "rotation":90
            },
            "east":{
              "texture":"#material",
              "uv":[
                0.0,
                4.0,
                5.0,
                7.0
              ],
              "autoUv":false
            },
            "south":{
              "texture":"#material",
              "uv":[
                12.0,
                7.0,
                15.0,
                9.0
              ],
              "autoUv":false,
              "rotation":90
            },
            "west":{
              "texture":"#material",
              "uv":[
                6.0,
                5.0,
                11.0,
                8.0
              ],
              "autoUv":false
            },
            "up":{
              "texture":"#material",
              "uv":[
                16.0,
                3.0,
                21.0,
                5.0
              ],
              "autoUv":false,
              "rotation":90
            },
            "down":{
              "texture":"#material",
              "uv":[
                19.0,
                6.0,
                14.0,
                4.0
              ],
              "autoUv":false,
              "rotation":270
            }
          },
          "children":[]
        }
      ]
    }
  ],
  "groups":[]
}