{
	"code": "boattags",
	"class": "ItemMedallion",
	"variantgroups": [
		{ "code": "category",  "states": [ "medalion" ] },
		{ "code": "type", "states": [ "boat1", "boat2", "boat3", "boat4", "boat5", "boat6", "boat7", "boat8", "boat9", "boat10", "boat11", "boat12", "boat13", "boat14", "boat15", "boat16"] }
	],
	"allowedVariants": [
		"boattags-medalion-boat*"
	],
	"attributes": {
		"attachableToEntity": {
			"categoryCodeByType": {
				"boattags-medalion-boat*": "boat"
			},
			"attachedShapeBySlotCodeByType": {
				"*-medalion-boat*": {
					"*": { "base": "boat/tags/{category}/{type}" }
				},
				"*": {
					"*": { "base": "boat/tags/{category}/{type}" }
				}
			}
		},
		"handbook": {
			"groupBy": ["boattags-{category}-*"]
		}
	},
	"shapeByType": {
		"*-boat*": { "base": "boat/tags/{category}/{type}-inventory" }
	},
	"texturesByType": {
		"*": {
			"hide": { "base": "game:block/transparent" },
			"leather": { "base": "game:block/leather/plain" },
			"brass": { "base": "game:block/metal/plate/brass"},
			"iron1": { "base": "game:block/metal/sheet-plain/iron1" },
			"tinbronze1": { "base": "game:block/metal/sheet-plain/tinbronze1" }
		}
	},
	"maxStackSize": 1,
	"creativeinventory": { "general": ["*"], "items": ["*"] },
	"renderAlphaTest": 0.25,
	"guiTransformByType": {
		"boattags-medalion-boat*": {
			"translation": { "x": 0, "y": 0, "z": 0 },
			"rotation": { "x": -44, "y": -130, "z": -180 },
			"origin": { "x": 0.5, "y": 0.05, "z": 0.5 },
			"scale": 5.83
		}
	},
	"tpHandTransformByType": {
		"*-boat*": {
			"translation": { "x": -0.48, "y": -0.03, "z": -0.49 },
			"rotation": { "x": -53, "y": -10, "z": 18 },
			"origin": { "x": 0.5, "y": 0.1, "z": 0.5 },
			"scale": 1.2
		}
	}
}
