[
  {
    "file": "game:entities/humanoid/player",
    "op": "Add",
    "path": "/client/animations/-",
    "value": {
      "code": "airroll",
      "animation": "AirRoll",
      "blendMode": "AddAverage",
      "animationSpeed": 1.3,
      "supressDefaultAnimation": true,
      "weight": 10.0
    }
  },
  {
    "file": "game:shapes/entity/humanoid/seraph-faceless",
    "op": "Add",
    "path": "/animations/-",
    "value": {
      "name": "AirRoll",
      "code": "airroll",
      "quantityframes": 20,
      "onActivityStopped": "EaseOut",
      "onAnimationEnd": "EaseOut",
      "keyframes": [
				{
					"frame": 0,
					"elements": {
						"UpperFootL": { "rotationX": 0.0, "rotationY": 10.0, "rotationZ": -30.0 },
						"UpperFootR": { "rotationX": 0.0, "rotationY": -10.0, "rotationZ": -30.0 },
						"UpperArmL": { "rotationX": 0.0, "rotationY": 0.0, "rotationZ": -75.0 },
						"UpperArmR": { "rotationX": 0.0, "rotationY": 0.0, "rotationZ": -75.0 },
						"LowerFootR": { "rotationX": 0.0, "rotationY": 0.0, "rotationZ": 30.0 },
						"LowerFootL": { "rotationX": 0.0, "rotationY": 0.0, "rotationZ": 30.0 },
						"UpperTorso": { "rotationX": 0.0, "rotationY": 0.0, "rotationZ": -15.0 },
						"LowerTorso": { "rotationX": 0.0, "rotationY": 0.0, "rotationZ": 0.0 }
					}
				},
				{
					"frame": 10,
					"elements": {
						"UpperTorso": { "rotationX": 0.0, "rotationY": 0.0, "rotationZ": 35.0 },
						"UpperArmR": { "rotationX": 0.0, "rotationY": 5.0, "rotationZ": 75.0 },
						"UpperArmL": { "rotationX": 0.0, "rotationY": -5.0, "rotationZ": 75.0 },
						"UpperFootL": { "rotationX": 0.0, "rotationY": 10.0, "rotationZ": -100.0 },
						"LowerFootL": { "rotationX": 0.0, "rotationY": 0.0, "rotationZ": 30.0 },
						"UpperFootR": { "rotationX": 0.0, "rotationY": -10.0, "rotationZ": -100.0 },
						"LowerFootR": { "rotationX": 0.0, "rotationY": 0.0, "rotationZ": 30.0 }
					}
				},
				{
					"frame": 19,
					"elements": {
						"UpperFootR": { "rotationX": 0.0, "rotationY": -10.0, "rotationZ": -130.0 },
						"UpperFootL": { "rotationX": 0.0, "rotationY": 10.0, "rotationZ": -130.0 },
						"UpperArmL": { "rotationX": 0.0, "rotationY": -15.0, "rotationZ": 85.0 },
						"UpperArmR": { "rotationX": 0.0, "rotationY": 15.0, "rotationZ": 85.0 },
						"UpperTorso": { "rotationX": 0.0, "rotationY": 0.0, "rotationZ": 35.0 },
						"LowerTorso": { "rotationX": 0.0, "rotationY": 0.0, "rotationZ": 10.0 }
          }
        }
      ]
    }
  }
]
