[
  {
    "file": "game:entities/humanoid/player",
    "op": "Add",
    "path": "/client/animations/-",
    "value": {
      "code": "vault",
      "animation": "Vault",
      "blendMode": "AddAverage",
      "animationSpeed": 1.0,
      "supressDefaultAnimation": true,
      "weight": 10.0
    }
  },
  {
    "file": "game:shapes/entity/humanoid/seraph-faceless",
    "op": "Add",
    "path": "/animations/-",
    "value": {
      "name": "Vault",
      "code": "vault",
      "quantityframes": 20,
      "onActivityStopped": "EaseOut",
      "onAnimationEnd": "EaseOut",
      "keyframes": [
				{
					"frame": 0,
					"elements": {
						"LowerFootR": { "rotationX": 0.0, "rotationY": 0.0, "rotationZ": 0.0 },
						"UpperFootR": { "offsetX": 0.0, "offsetY": 0.0, "offsetZ": 0.0, "rotationX": 0.0, "rotationY": 0.0, "rotationZ": 0.0 },
						"UpperFootL": { "offsetX": 0.0, "offsetY": 0.0, "offsetZ": 0.0, "rotationX": 0.0, "rotationY": 0.0, "rotationZ": 0.0 },
						"LowerFootL": { "rotationX": 0.0, "rotationY": 0.0, "rotationZ": 0.0 },
						"LowerArmL": { "rotationX": 0.0, "rotationY": 0.0, "rotationZ": 0.0 },
						"LowerArmR": { "rotationX": 0.0, "rotationY": 0.0, "rotationZ": 0.0 },
						"UpperArmL": { "rotationX": 0.0, "rotationY": 0.0, "rotationZ": -150.0 },
						"UpperArmR": { "rotationX": 0.0, "rotationY": 0.0, "rotationZ": -150.0 },
						"LowerTorso": { "offsetX": 0.0, "offsetY": 0.0, "offsetZ": 0.0, "rotationX": 0.0, "rotationY": 0.0, "rotationZ": 0.0 },
						"UpperTorso": { "rotationX": 0.0, "rotationY": 0.0, "rotationZ": 50.0 }
					}
				},
				{
					"frame": 10,
					"elements": {
						"LowerTorso": { "offsetX": 0.0, "offsetY": -13.0, "offsetZ": 0.0, "rotationX": 22.0, "rotationY": 0.0, "rotationZ": 0.0 },
						"UpperTorso": { "rotationX": 0.0, "rotationY": 0.0, "rotationZ": 0.0 },
						"LowerArmR": { "rotationX": 0.0, "rotationY": 0.0, "rotationZ": 0.0 },
						"UpperArmL": { "rotationX": -6.0, "rotationY": 0.0, "rotationZ": -14.0 },
						"LowerArmL": { "rotationX": 0.0, "rotationY": 0.0, "rotationZ": 0.0 },
						"UpperFootL": { "offsetX": 0.0, "offsetY": -1.0, "offsetZ": -1.0, "rotationX": 55.0, "rotationY": 0.0, "rotationZ": -28.0 },
						"LowerFootL": { "rotationX": 0.0, "rotationY": 0.0, "rotationZ": 125.0 },
						"UpperFootR": { "offsetX": 0.0, "offsetY": -2.0, "offsetZ": -1.0, "rotationX": 78.0, "rotationY": 0.0, "rotationZ": 0.0 },
						"LowerFootR": { "rotationX": 0.0, "rotationY": 0.0, "rotationZ": 19.0 }
					}
				},
				{
					"frame": 12,
					"elements": {
						"UpperArmR": { "rotationX": 28.0, "rotationY": 27.6, "rotationZ": -3.0 }
					}
				},
				{
					"frame": 15,
					"elements": {
						"UpperArmR": { "rotationX": 0.0, "rotationY": 15.0, "rotationZ": 30.0 },
						"UpperArmL": { "rotationX": -15.0, "rotationY": 0.0, "rotationZ": 30.0 }
					}
				},
				{
					"frame": 19,
					"elements": {
						"UpperArmL": { "rotationX": -3.0, "rotationY": 0.0, "rotationZ": 0.0 },
						"UpperArmR": { "rotationX": 0.0, "rotationY": 3.0, "rotationZ": 0.0 },
						"LowerTorso": { "offsetX": 0.0, "offsetY": 0.0, "offsetZ": 0.0 },
						"UpperFootL": { "rotationX": 0.0, "rotationY": 0.0, "rotationZ": 3.0 },
						"UpperFootR": { "rotationX": 0.0, "rotationY": 0.0, "rotationZ": 0.0 },
						"LowerFootL": { "rotationX": 0.0, "rotationY": 0.0, "rotationZ": 0.0 },
						"LowerFootR": { "rotationX": 0.0, "rotationY": 0.0, "rotationZ": 0.0 },
						"UpperTorso": { "rotationX": 0.0, "rotationY": 0.0, "rotationZ": 0.0 }
          }
        }
      ]
    }
  }
]
