{
	"editor": {
		"allAngles": true,
		"entityTextureMode": false
	},
	"textureWidth": 16,
	"textureHeight": 16,
	"textureSizes": {
	},
	"textures": {
		"hay-egg": "game:block/wood/henbox/hay-egg",
		"wood": "game:block/wood/planks/generic",
		"singlehay2": "game:item/tool/material/feather"
	},
	"elements": [
		{
			"name": "egg",
			"from": [ 6.2, 0.7, 6.9 ],
			"to": [ 8.2, 1.7, 8.9 ],
			"rotationOrigin": [ 7.2, 0.7, 7.9 ],
			"rotationY": -45.0,
			"rotationZ": 6.0,
			"faces": {
				"north": { "texture": "#hay-egg", "uv": [ 10.5, 2.0, 12.5, 3.0 ] },
				"east": { "texture": "#hay-egg", "uv": [ 11.5, 2.5, 13.5, 3.5 ] },
				"south": { "texture": "#hay-egg", "uv": [ 12.5, 3.0, 14.5, 4.0 ] },
				"west": { "texture": "#hay-egg", "uv": [ 11.0, 3.0, 13.0, 4.0 ] },
				"up": { "texture": "#hay-egg", "uv": [ 10.5, 1.5, 12.5, 3.5 ] }
			}
		},
		{
			"name": "Cube1",
			"from": [ 4.0, 0.0, 5.5 ],
			"to": [ 12.0, 4.0, 5.5 ],
			"renderPass": 2,
			"rotationOrigin": [ 8.0, 0.0, 5.5 ],
			"rotationX": -22.5,
			"faces": {
				"south": { "texture": "#singlehay2", "uv": [ 5.5, 9.0, 13.5, 13.0 ] }
			}
		},
		{
			"name": "Cube7",
			"from": [ 4.0, 0.0, 10.5 ],
			"to": [ 12.0, 4.0, 10.5 ],
			"renderPass": 2,
			"rotationOrigin": [ 8.0, 0.0, 10.5 ],
			"rotationX": 22.5,
			"faces": {
				"south": { "texture": "#singlehay2", "uv": [ 1.0, 1.0, 9.0, 5.0 ] }
			}
		},
		{
			"name": "Cube8",
			"from": [ 7.0, 0.0, 8.5 ],
			"to": [ 15.0, 4.0, 8.5 ],
			"renderPass": 2,
			"rotationOrigin": [ 11.0, 0.0, 8.5 ],
			"rotationX": 90.0,
			"rotationY": 67.5,
			"rotationZ": -90.0,
			"faces": {
				"south": { "texture": "#singlehay2", "uv": [ 5.5, 9.0, 13.5, 13.0 ] }
			}
		},
		{
			"name": "Cube9",
			"from": [ 1.0, 0.0, 8.5 ],
			"to": [ 9.0, 4.0, 8.5 ],
			"renderPass": 2,
			"rotationOrigin": [ 5.0, 0.0, 8.5 ],
			"rotationX": -90.0,
			"rotationY": 67.5,
			"rotationZ": 90.0,
			"faces": {
				"south": { "texture": "#singlehay2", "uv": [ 5.5, 1.0, 13.5, 5.0 ] }
			}
		},
		{
			"name": "Cube10",
			"from": [ 3.9, 0.0, 6.1 ],
			"to": [ 7.9, 5.0, 6.1 ],
			"renderPass": 2,
			"rotationOrigin": [ 5.9, 0.0, 6.1 ],
			"rotationX": -22.5,
			"rotationY": 45.0,
			"rotationZ": 22.5,
			"faces": {
				"south": { "texture": "#singlehay2", "uv": [ 4.5, 0.5, 8.5, 5.5 ] }
			}
		},
		{
			"name": "Cube11",
			"from": [ 8.0, 0.0, 6.1 ],
			"to": [ 12.0, 5.0, 6.1 ],
			"renderPass": 2,
			"rotationOrigin": [ 10.0, 0.0, 6.1 ],
			"rotationX": -22.5,
			"rotationY": -45.0,
			"rotationZ": -22.5,
			"faces": {
				"south": { "texture": "#singlehay2", "uv": [ 9.0, 0.5, 13.0, 5.5 ] }
			}
		},
		{
			"name": "Cube12",
			"from": [ 8.0, 0.0, 10.1 ],
			"to": [ 12.0, 5.0, 10.1 ],
			"renderPass": 2,
			"rotationOrigin": [ 10.0, 0.0, 10.1 ],
			"rotationX": 22.5,
			"rotationY": -135.0,
			"rotationZ": 22.5,
			"faces": {
				"south": { "texture": "#singlehay2", "uv": [ 7.0, 0.5, 11.0, 5.5 ] }
			}
		},
		{
			"name": "Cube13",
			"from": [ 3.8, 0.0, 9.0 ],
			"to": [ 7.8, 5.0, 9.0 ],
			"renderPass": 2,
			"rotationOrigin": [ 5.8, 0.0, 9.0 ],
			"rotationX": 39.0,
			"rotationY": -45.0,
			"rotationZ": 22.5,
			"faces": {
				"south": { "texture": "#singlehay2", "uv": [ 3.5, 9.0, 7.5, 14.0 ] }
			}
		},
		{
			"name": "origin",
			"from": [ 8.0, 0.5, 10.0 ],
			"to": [ 8.0, 0.5, 10.0 ],
			"rotationOrigin": [ 8.0, 1.1, 8.0 ],
			"faces": {
			},
			"children": [
				{
					"name": "stick3",
					"from": [ 1.1, -0.2, -4.5 ],
					"to": [ 1.85, 0.55, 0.75 ],
					"rotationOrigin": [ 1.1, -0.2, -4.5 ],
					"rotationX": 3.0,
					"rotationY": 22.5,
					"faces": {
						"north": { "texture": "#wood", "uv": [ 0.0, 0.0, 1.0, 1.0 ], "autoUv": false },
						"east": { "texture": "#wood", "uv": [ 0.0, 0.0, 7.0, 1.0 ], "autoUv": false },
						"south": { "texture": "#wood", "uv": [ 0.0, 0.0, 1.0, 1.0 ], "autoUv": false },
						"west": { "texture": "#wood", "uv": [ 0.0, 0.0, 7.0, 1.0 ], "autoUv": false },
						"up": { "texture": "#wood", "uv": [ 0.0, 0.0, 7.0, 1.0 ], "rotation": 90, "autoUv": false },
						"down": { "texture": "#wood", "uv": [ 0.0, 0.0, 7.0, 1.0 ], "rotation": 90, "autoUv": false }
					},
					"children": [
						{
							"name": "stick4",
							"from": [ 1.95, 0.15, 2.55 ],
							"to": [ 2.7, 0.9, 4.8 ],
							"rotationOrigin": [ 1.95, 0.15, 2.55 ],
							"rotationX": -180.0,
							"rotationY": -45.0,
							"rotationZ": -180.0,
							"faces": {
								"north": { "texture": "#wood", "uv": [ 0.0, 0.0, 1.0, 1.0 ], "autoUv": false },
								"east": { "texture": "#wood", "uv": [ 0.0, 0.0, 3.0, 1.0 ], "autoUv": false },
								"south": { "texture": "#wood", "uv": [ 0.0, 0.0, 1.0, 1.0 ], "autoUv": false },
								"west": { "texture": "#wood", "uv": [ 0.0, 0.0, 3.0, 1.0 ], "autoUv": false },
								"up": { "texture": "#wood", "uv": [ 0.0, 0.0, 3.0, 1.0 ], "rotation": 90, "autoUv": false },
								"down": { "texture": "#wood", "uv": [ 0.0, 0.0, 3.0, 1.0 ], "rotation": 90, "autoUv": false }
							},
							"children": [
								{
									"name": "stick5",
									"from": [ 0.6334, 0.007, -0.75 ],
									"to": [ 1.3834, 0.757, 3.75 ],
									"rotationOrigin": [ 0.6334, 0.007, -0.747 ],
									"rotationX": -67.5,
									"rotationY": 86.1116,
									"rotationZ": 91.9453,
									"faces": {
										"north": { "texture": "#wood", "uv": [ 0.0, 0.0, 1.0, 1.0 ], "autoUv": false },
										"east": { "texture": "#wood", "uv": [ 0.0, 0.0, 6.0, 1.0 ], "autoUv": false },
										"south": { "texture": "#wood", "uv": [ 0.0, 0.0, 1.0, 1.0 ], "autoUv": false },
										"west": { "texture": "#wood", "uv": [ 0.0, 0.0, 6.0, 1.0 ], "autoUv": false },
										"up": { "texture": "#wood", "uv": [ 0.0, 0.0, 6.0, 1.0 ], "rotation": 90, "autoUv": false },
										"down": { "texture": "#wood", "uv": [ 0.0, 0.0, 6.0, 1.0 ], "rotation": 90, "autoUv": false }
									}
								}
							]
						}
					]
				},
				{
					"name": "stick7",
					"from": [ 3.0, 0.0, 1.5 ],
					"to": [ 3.75, 0.75, 6.75 ],
					"rotationOrigin": [ 3.0, 0.0, 1.5 ],
					"rotationX": -45.0,
					"rotationY": -90.0,
					"faces": {
						"north": { "texture": "#wood", "uv": [ 0.0, 0.0, 1.0, 1.0 ], "autoUv": false },
						"east": { "texture": "#wood", "uv": [ 0.0, 0.0, 7.0, 1.0 ], "autoUv": false },
						"south": { "texture": "#wood", "uv": [ 0.0, 0.0, 1.0, 1.0 ], "autoUv": false },
						"west": { "texture": "#wood", "uv": [ 0.0, 0.0, 7.0, 1.0 ], "autoUv": false },
						"up": { "texture": "#wood", "uv": [ 0.0, 0.0, 7.0, 1.0 ], "rotation": 90, "autoUv": false },
						"down": { "texture": "#wood", "uv": [ 0.0, 0.0, 7.0, 1.0 ], "rotation": 90, "autoUv": false }
					},
					"children": [
						{
							"name": "stick8",
							"from": [ 1.95, 0.15, 2.55 ],
							"to": [ 2.7, 0.9, 4.8 ],
							"rotationOrigin": [ 1.95, 0.15, 2.55 ],
							"rotationX": -180.0,
							"rotationY": -45.0,
							"rotationZ": -180.0,
							"faces": {
								"north": { "texture": "#wood", "uv": [ 0.0, 0.0, 1.0, 1.0 ], "autoUv": false },
								"east": { "texture": "#wood", "uv": [ 0.0, 0.0, 3.0, 1.0 ], "autoUv": false },
								"south": { "texture": "#wood", "uv": [ 0.0, 0.0, 1.0, 1.0 ], "autoUv": false },
								"west": { "texture": "#wood", "uv": [ 0.0, 0.0, 3.0, 1.0 ], "autoUv": false },
								"up": { "texture": "#wood", "uv": [ 0.0, 0.0, 3.0, 1.0 ], "rotation": 90, "autoUv": false },
								"down": { "texture": "#wood", "uv": [ 0.0, 0.0, 3.0, 1.0 ], "rotation": 90, "autoUv": false }
							}
						},
						{
							"name": "stick9",
							"from": [ 1.425, 0.157, 3.525 ],
							"to": [ 2.175, 0.907, 6.525 ],
							"rotationOrigin": [ 1.4304, 0.157, 3.5262 ],
							"rotationX": -45.0,
							"rotationY": -67.5,
							"rotationZ": 0.1393,
							"faces": {
								"north": { "texture": "#wood", "uv": [ 0.0, 0.0, 1.0, 1.0 ], "autoUv": false },
								"east": { "texture": "#wood", "uv": [ 0.0, 0.0, 4.0, 1.0 ], "autoUv": false },
								"south": { "texture": "#wood", "uv": [ 0.0, 0.0, 1.0, 1.0 ], "autoUv": false },
								"west": { "texture": "#wood", "uv": [ 0.0, 0.0, 4.0, 1.0 ], "autoUv": false },
								"up": { "texture": "#wood", "uv": [ 0.0, 0.0, 4.0, 1.0 ], "rotation": 90, "autoUv": false },
								"down": { "texture": "#wood", "uv": [ 0.0, 0.0, 4.0, 1.0 ], "rotation": 90, "autoUv": false }
							}
						}
					]
				},
				{
					"name": "stick10",
					"from": [ 3.0, 0.0, 1.5 ],
					"to": [ 3.75, 0.75, 4.75 ],
					"rotationOrigin": [ 3.0, 0.0, 1.5 ],
					"rotationY": -157.5,
					"rotationZ": -45.0,
					"faces": {
						"north": { "texture": "#wood", "uv": [ 0.0, 0.0, 1.0, 1.0 ], "autoUv": false },
						"east": { "texture": "#wood", "uv": [ 0.0, 0.0, 7.0, 1.0 ], "autoUv": false },
						"south": { "texture": "#wood", "uv": [ 0.0, 0.0, 1.0, 1.0 ], "autoUv": false },
						"west": { "texture": "#wood", "uv": [ 0.0, 0.0, 7.0, 1.0 ], "autoUv": false },
						"up": { "texture": "#wood", "uv": [ 0.0, 0.0, 7.0, 1.0 ], "rotation": 90, "autoUv": false },
						"down": { "texture": "#wood", "uv": [ 0.0, 0.0, 7.0, 1.0 ], "rotation": 90, "autoUv": false }
					},
					"children": [
						{
							"name": "stick11",
							"from": [ 1.95, 0.15, 2.55 ],
							"to": [ 2.7, 0.9, 4.8 ],
							"rotationOrigin": [ 1.95, 0.15, 2.55 ],
							"rotationX": -180.0,
							"rotationY": -45.0,
							"rotationZ": -180.0,
							"faces": {
								"north": { "texture": "#wood", "uv": [ 0.0, 0.0, 1.0, 1.0 ], "autoUv": false },
								"east": { "texture": "#wood", "uv": [ 0.0, 0.0, 3.0, 1.0 ], "autoUv": false },
								"south": { "texture": "#wood", "uv": [ 0.0, 0.0, 1.0, 1.0 ], "autoUv": false },
								"west": { "texture": "#wood", "uv": [ 0.0, 0.0, 3.0, 1.0 ], "autoUv": false },
								"up": { "texture": "#wood", "uv": [ 0.0, 0.0, 3.0, 1.0 ], "rotation": 90, "autoUv": false },
								"down": { "texture": "#wood", "uv": [ 0.0, 0.0, 3.0, 1.0 ], "rotation": 90, "autoUv": false }
							}
						},
						{
							"name": "stick12",
							"from": [ -0.07, -0.75, 4.58 ],
							"to": [ 0.68, 0.0, 6.58 ],
							"rotationOrigin": [ -0.0696, -0.743, 4.5762 ],
							"rotationX": -45.0,
							"rotationY": -67.5,
							"rotationZ": 0.1393,
							"faces": {
								"north": { "texture": "#wood", "uv": [ 0.0, 0.0, 1.0, 1.0 ], "autoUv": false },
								"east": { "texture": "#wood", "uv": [ 0.0, 0.0, 4.0, 1.0 ], "autoUv": false },
								"south": { "texture": "#wood", "uv": [ 0.0, 0.0, 1.0, 1.0 ], "autoUv": false },
								"west": { "texture": "#wood", "uv": [ 0.0, 0.0, 4.0, 1.0 ], "autoUv": false },
								"up": { "texture": "#wood", "uv": [ 0.0, 0.0, 4.0, 1.0 ], "rotation": 90, "autoUv": false },
								"down": { "texture": "#wood", "uv": [ 0.0, 0.0, 4.0, 1.0 ], "rotation": 90, "autoUv": false }
							}
						}
					]
				},
				{
					"name": "origin2",
					"from": [ 0.6, -0.1, -2.8 ],
					"to": [ 0.6, -0.1, -2.8 ],
					"rotationOrigin": [ 0.6, 0.58, -2.8 ],
					"rotationX": -180.0,
					"rotationY": 22.5,
					"rotationZ": -180.0,
					"faces": {
					},
					"children": [
						{
							"name": "stick6",
							"from": [ 1.7, 0.0, -5.1 ],
							"to": [ 2.55, 0.85, -1.15 ],
							"rotationOrigin": [ 1.7, 0.0, -5.1 ],
							"rotationX": 3.0,
							"rotationY": 22.5,
							"faces": {
								"north": { "texture": "#wood", "uv": [ 0.0, 0.0, 1.0, 1.0 ], "autoUv": false },
								"east": { "texture": "#wood", "uv": [ 0.0, 0.0, 7.0, 1.0 ], "autoUv": false },
								"south": { "texture": "#wood", "uv": [ 0.0, 0.0, 1.0, 1.0 ], "autoUv": false },
								"west": { "texture": "#wood", "uv": [ 0.0, 0.0, 7.0, 1.0 ], "autoUv": false },
								"up": { "texture": "#wood", "uv": [ 0.0, 0.0, 7.0, 1.0 ], "rotation": 90, "autoUv": false },
								"down": { "texture": "#wood", "uv": [ 0.0, 0.0, 7.0, 1.0 ], "rotation": 90, "autoUv": false }
							},
							"children": [
								{
									"name": "stick13",
									"from": [ 2.21, 0.17, 2.89 ],
									"to": [ 3.06, 1.02, 5.44 ],
									"rotationOrigin": [ 2.21, 0.17, 2.89 ],
									"rotationX": -180.0,
									"rotationY": -45.0,
									"rotationZ": -180.0,
									"faces": {
										"north": { "texture": "#wood", "uv": [ 0.0, 0.0, 1.0, 1.0 ], "autoUv": false },
										"east": { "texture": "#wood", "uv": [ 0.0, 0.0, 3.0, 1.0 ], "autoUv": false },
										"south": { "texture": "#wood", "uv": [ 0.0, 0.0, 1.0, 1.0 ], "autoUv": false },
										"west": { "texture": "#wood", "uv": [ 0.0, 0.0, 3.0, 1.0 ], "autoUv": false },
										"up": { "texture": "#wood", "uv": [ 0.0, 0.0, 3.0, 1.0 ], "rotation": 90, "autoUv": false },
										"down": { "texture": "#wood", "uv": [ 0.0, 0.0, 3.0, 1.0 ], "rotation": 90, "autoUv": false }
									},
									"children": [
										{
											"name": "stick14",
											"from": [ 0.718, 0.008, -0.25 ],
											"to": [ 1.568, 0.858, 3.85 ],
											"rotationOrigin": [ 0.718, 0.008, -0.2468 ],
											"rotationX": -67.5,
											"rotationY": 86.1116,
											"rotationZ": 91.9453,
											"faces": {
												"north": { "texture": "#wood", "uv": [ 0.0, 0.0, 1.0, 1.0 ], "autoUv": false },
												"east": { "texture": "#wood", "uv": [ 0.0, 0.0, 6.0, 1.0 ], "autoUv": false },
												"south": { "texture": "#wood", "uv": [ 0.0, 0.0, 1.0, 1.0 ], "autoUv": false },
												"west": { "texture": "#wood", "uv": [ 0.0, 0.0, 6.0, 1.0 ], "autoUv": false },
												"up": { "texture": "#wood", "uv": [ 0.0, 0.0, 6.0, 1.0 ], "rotation": 90, "autoUv": false },
												"down": { "texture": "#wood", "uv": [ 0.0, 0.0, 6.0, 1.0 ], "rotation": 90, "autoUv": false }
											}
										}
									]
								}
							]
						},
						{
							"name": "stick15",
							"from": [ 3.4, 0.0, 1.7 ],
							"to": [ 4.25, 0.85, 7.65 ],
							"rotationOrigin": [ 3.4, 0.0, 1.7 ],
							"rotationX": -45.0,
							"rotationY": -90.0,
							"faces": {
								"north": { "texture": "#wood", "uv": [ 0.0, 0.0, 1.0, 1.0 ], "autoUv": false },
								"east": { "texture": "#wood", "uv": [ 0.0, 0.0, 7.0, 1.0 ], "autoUv": false },
								"south": { "texture": "#wood", "uv": [ 0.0, 0.0, 1.0, 1.0 ], "autoUv": false },
								"west": { "texture": "#wood", "uv": [ 0.0, 0.0, 7.0, 1.0 ], "autoUv": false },
								"up": { "texture": "#wood", "uv": [ 0.0, 0.0, 7.0, 1.0 ], "rotation": 90, "autoUv": false },
								"down": { "texture": "#wood", "uv": [ 0.0, 0.0, 7.0, 1.0 ], "rotation": 90, "autoUv": false }
							},
							"children": [
								{
									"name": "stick16",
									"from": [ 2.21, 0.17, 2.89 ],
									"to": [ 3.06, 1.02, 5.44 ],
									"rotationOrigin": [ 2.21, 0.17, 2.89 ],
									"rotationX": -180.0,
									"rotationY": -45.0,
									"rotationZ": -180.0,
									"faces": {
										"north": { "texture": "#wood", "uv": [ 0.0, 0.0, 1.0, 1.0 ], "autoUv": false },
										"east": { "texture": "#wood", "uv": [ 0.0, 0.0, 3.0, 1.0 ], "autoUv": false },
										"south": { "texture": "#wood", "uv": [ 0.0, 0.0, 1.0, 1.0 ], "autoUv": false },
										"west": { "texture": "#wood", "uv": [ 0.0, 0.0, 3.0, 1.0 ], "autoUv": false },
										"up": { "texture": "#wood", "uv": [ 0.0, 0.0, 3.0, 1.0 ], "rotation": 90, "autoUv": false },
										"down": { "texture": "#wood", "uv": [ 0.0, 0.0, 3.0, 1.0 ], "rotation": 90, "autoUv": false }
									}
								},
								{
									"name": "stick17",
									"from": [ 1.615, 0.178, 3.995 ],
									"to": [ 2.465, 1.028, 7.395 ],
									"rotationOrigin": [ 1.621, 0.178, 3.9964 ],
									"rotationX": -45.0,
									"rotationY": -67.5,
									"rotationZ": 0.1393,
									"faces": {
										"north": { "texture": "#wood", "uv": [ 0.0, 0.0, 1.0, 1.0 ], "autoUv": false },
										"east": { "texture": "#wood", "uv": [ 0.0, 0.0, 4.0, 1.0 ], "autoUv": false },
										"south": { "texture": "#wood", "uv": [ 0.0, 0.0, 1.0, 1.0 ], "autoUv": false },
										"west": { "texture": "#wood", "uv": [ 0.0, 0.0, 4.0, 1.0 ], "autoUv": false },
										"up": { "texture": "#wood", "uv": [ 0.0, 0.0, 4.0, 1.0 ], "rotation": 90, "autoUv": false },
										"down": { "texture": "#wood", "uv": [ 0.0, 0.0, 4.0, 1.0 ], "rotation": 90, "autoUv": false }
									}
								}
							]
						},
						{
							"name": "stick18",
							"from": [ 3.4, 0.0, 1.7 ],
							"to": [ 4.25, 0.85, 4.65 ],
							"rotationOrigin": [ 3.4, 0.0, 1.7 ],
							"rotationX": 13.0,
							"rotationY": -180.0,
							"rotationZ": -45.0,
							"faces": {
								"north": { "texture": "#wood", "uv": [ 0.0, 0.0, 1.0, 1.0 ], "autoUv": false },
								"east": { "texture": "#wood", "uv": [ 0.0, 0.0, 7.0, 1.0 ], "autoUv": false },
								"south": { "texture": "#wood", "uv": [ 0.0, 0.0, 1.0, 1.0 ], "autoUv": false },
								"west": { "texture": "#wood", "uv": [ 0.0, 0.0, 7.0, 1.0 ], "autoUv": false },
								"up": { "texture": "#wood", "uv": [ 0.0, 0.0, 7.0, 1.0 ], "rotation": 90, "autoUv": false },
								"down": { "texture": "#wood", "uv": [ 0.0, 0.0, 7.0, 1.0 ], "rotation": 90, "autoUv": false }
							}
						}
					]
				},
				{
					"name": "Cube2",
					"from": [ -3.0, -0.2, -4.0 ],
					"to": [ -2.0, 0.3, 3.0 ],
					"rotationOrigin": [ -3.0, -0.2, -4.0 ],
					"rotationY": 45.0,
					"faces": {
						"north": { "texture": "#wood", "uv": [ 0.0, 0.0, 1.0, 0.5 ] },
						"east": { "texture": "#wood", "uv": [ 0.0, 0.0, 7.0, 0.5 ] },
						"south": { "texture": "#wood", "uv": [ 0.0, 0.0, 1.0, 0.5 ] },
						"west": { "texture": "#wood", "uv": [ 0.0, 0.0, 7.0, 0.5 ] },
						"up": { "texture": "#wood", "uv": [ 0.0, 0.0, 1.0, 7.0 ] },
						"down": { "texture": "#wood", "uv": [ 0.0, 0.0, 1.0, 7.0 ] }
					},
					"children": [
						{
							"name": "Cube3",
							"from": [ 2.1213, 0.0, 2.1213 ],
							"to": [ 3.1213, 0.5, 7.1213 ],
							"rotationOrigin": [ 2.1213, 0.0, 2.1213 ],
							"rotationX": -14.2914,
							"rotationY": -66.9701,
							"rotationZ": -10.8905,
							"faces": {
								"north": { "texture": "#wood", "uv": [ 0.0, 0.0, 1.0, 0.5 ] },
								"east": { "texture": "#wood", "uv": [ 0.0, 0.0, 5.0, 0.5 ] },
								"south": { "texture": "#wood", "uv": [ 0.0, 0.0, 1.0, 0.5 ] },
								"west": { "texture": "#wood", "uv": [ 0.0, 0.0, 5.0, 0.5 ] },
								"up": { "texture": "#wood", "uv": [ 0.0, 0.0, 1.0, 5.0 ] },
								"down": { "texture": "#wood", "uv": [ 0.0, 0.0, 1.0, 5.0 ] }
							}
						},
						{
							"name": "Cube4",
							"from": [ -1.88, 0.0, 2.12 ],
							"to": [ -0.88, 0.5, 7.12 ],
							"rotationOrigin": [ -1.8787, 0.0, 2.1213 ],
							"rotationY": 50.0,
							"rotationZ": -10.8905,
							"faces": {
								"north": { "texture": "#wood", "uv": [ 0.0, 0.0, 1.0, 0.5 ] },
								"east": { "texture": "#wood", "uv": [ 0.0, 0.0, 5.0, 0.5 ] },
								"south": { "texture": "#wood", "uv": [ 0.0, 0.0, 1.0, 0.5 ] },
								"west": { "texture": "#wood", "uv": [ 0.0, 0.0, 5.0, 0.5 ] },
								"up": { "texture": "#wood", "uv": [ 0.0, 0.0, 1.0, 5.0 ] },
								"down": { "texture": "#wood", "uv": [ 0.0, 0.0, 1.0, 5.0 ] }
							}
						}
					]
				}
			],
			"attachmentpoints": [
				{
					"code": "Center",
					"posX": "0.0","posY": "0.0","posZ": "0.0",
					"rotationX": "0.0","rotationY": "0.0","rotationZ": "0.0"
				}
			]
		}
	]}