{
	"editor": {
		"collapsedPaths": "",
		"allAngles": false,
		"entityTextureMode": true
	},
	"textureWidth": 32,
	"textureHeight": 32,
	"textureSizes": {
		"hornstex": [32,32]
	},
	"textures": {
		"hornstex": "fluffydreg:parts/horns/black"
	},
	"elements": [
		{
			"name": "HornR",
			"stepParentName": "Head",
			"from": [ 0.5, 4.7, 1.6 ],
			"to": [ 1.0, 6.7, 2.1 ],
			"autoUnwrap": false,
			"uv": [ 6.0, 4.375 ],
			"rotationOrigin": [ 0.75, 4.7, 1.85 ],
			"rotationX": -5.0,
			"rotationZ": -10.0,
			"faces": {
				"north": { "texture": "#hornstex", "uv": [ 24.0, 2.0, 28.0, 5.0 ], "rotation": 270, "autoUv": false },
				"east": { "texture": "#hornstex", "uv": [ 23.0, 4.0, 27.0, 7.0 ], "rotation": 270, "autoUv": false },
				"south": { "texture": "#hornstex", "uv": [ 23.0, 0.0, 27.0, 3.0 ], "rotation": 270, "autoUv": false },
				"west": { "texture": "#hornstex", "uv": [ 24.0, 6.0, 28.0, 9.0 ], "rotation": 270, "autoUv": false },
				"up": { "texture": "#hornstex", "uv": [ 29.0, 0.0, 31.0, 2.0 ], "autoUv": false },
				"down": { "texture": "#hornstex", "uv": [ 21.0, 0.0, 23.0, 2.0 ], "autoUv": false }
			},
			"children": [
				{
					"name": "HornR2",
					"from": [ 1.3, 0.0, -0.5 ],
					"to": [ 2.3, 3.0, 0.5 ],
					"autoUnwrap": false,
					"uv": [ 6.0, 4.375 ],
					"rotationOrigin": [ 1.55, 0.0, -0.05 ],
					"faces": {
						"north": { "texture": "#hornstex", "uv": [ 12.0, 4.0, 17.0, 7.0 ], "rotation": 270, "autoUv": false },
						"east": { "texture": "#hornstex", "uv": [ 13.0, 2.0, 18.0, 5.0 ], "rotation": 270, "autoUv": false },
						"south": { "texture": "#hornstex", "uv": [ 13.0, 6.0, 18.0, 9.0 ], "rotation": 270, "autoUv": false },
						"west": { "texture": "#hornstex", "uv": [ 12.0, 0.0, 17.0, 3.0 ], "rotation": 270, "autoUv": false },
						"up": { "texture": "#hornstex", "uv": [ 19.0, 0.0, 22.0, 3.0 ], "autoUv": false },
						"down": { "texture": "#hornstex", "uv": [ 8.0, 0.0, 11.0, 3.0 ], "autoUv": false }
					}
				}
			]
		},
		{
			"name": "HornL",
			"stepParentName": "Head",
			"from": [ 0.5, 4.7, 2.9 ],
			"to": [ 1.0, 6.7, 3.4 ],
			"autoUnwrap": false,
			"uv": [ 6.0, 4.375 ],
			"rotationOrigin": [ 0.75, 4.7, 3.15 ],
			"rotationX": 5.0,
			"rotationZ": -10.0,
			"faces": {
				"north": { "texture": "#hornstex", "uv": [ 23.0, 6.0, 27.0, 9.0 ], "rotation": 270, "autoUv": false },
				"east": { "texture": "#hornstex", "uv": [ 23.0, 2.0, 27.0, 5.0 ], "rotation": 270, "autoUv": false },
				"south": { "texture": "#hornstex", "uv": [ 24.0, 0.0, 28.0, 3.0 ], "rotation": 270, "autoUv": false },
				"west": { "texture": "#hornstex", "uv": [ 24.0, 4.0, 28.0, 7.0 ], "rotation": 270, "autoUv": false },
				"up": { "texture": "#hornstex", "uv": [ 29.0, 7.0, 31.0, 9.0 ], "autoUv": false },
				"down": { "texture": "#hornstex", "uv": [ 21.0, 7.0, 23.0, 9.0 ], "autoUv": false }
			},
			"children": [
				{
					"name": "HornL2",
					"from": [ 1.3, 0.0, 0.0 ],
					"to": [ 2.3, 3.0, 1.0 ],
					"autoUnwrap": false,
					"uv": [ 6.0, 4.375 ],
					"rotationOrigin": [ 0.25, 0.0, 0.55 ],
					"faces": {
						"north": { "texture": "#hornstex", "uv": [ 13.0, 0.0, 18.0, 3.0 ], "rotation": 270, "autoUv": false },
						"east": { "texture": "#hornstex", "uv": [ 12.0, 6.0, 17.0, 9.0 ], "rotation": 270, "autoUv": false },
						"south": { "texture": "#hornstex", "uv": [ 12.0, 2.0, 17.0, 5.0 ], "rotation": 270, "autoUv": false },
						"west": { "texture": "#hornstex", "uv": [ 13.0, 4.0, 18.0, 7.0 ], "rotation": 270, "autoUv": false },
						"up": { "texture": "#hornstex", "uv": [ 19.0, 6.0, 22.0, 9.0 ], "autoUv": false },
						"down": { "texture": "#hornstex", "uv": [ 8.0, 6.0, 11.0, 9.0 ], "autoUv": false }
					}
				}
			]
		}
	]}