{
	"editor": {
		"allAngles": false,
		"entityTextureMode": false
	},
	"textureWidth": 8,
	"textureHeight": 8,
	"textureSizes": {
	},
	"textures": {
		"blueberry": "item/food/fruit/blueberry",
		"grapeleaves": "item/food/fruit/grapeleaves",
		"redgrapes": "item/food/fruit/redgrapes"
	},
	"elements": [
		{
			"name": "origin",
			"from": [ 8.0, 0.0, 8.0 ],
			"to": [ 8.0, 0.0, 8.0 ],
			"rotationOrigin": [ 8.0, 0.0, 8.0 ],
			"faces": {
			},
			"children": [
				{
					"name": "branch",
					"from": [ 1.1, 5.5, -1.8 ],
					"to": [ 1.7, 13.5, -1.2 ],
					"rotationOrigin": [ 1.4, 5.5, -1.5 ],
					"rotationX": -10.5,
					"rotationY": -22.5,
					"rotationZ": -17.5,
					"faces": {
						"north": { "texture": "#blueberry", "uv": [ 0.0, 7.0, 8.0, 7.5 ], "rotation": 90 },
						"east": { "texture": "#blueberry", "uv": [ 0.0, 6.0, 8.0, 6.5 ], "rotation": 90 },
						"south": { "texture": "#blueberry", "uv": [ 0.0, 7.5, 8.0, 8.0 ], "rotation": 90 },
						"west": { "texture": "#blueberry", "uv": [ 0.0, 7.0, 8.0, 7.5 ], "rotation": 90 },
						"up": { "texture": "#blueberry", "uv": [ 5.0, 7.5, 5.5, 8.0 ] },
						"down": { "texture": "#blueberry", "uv": [ 2.0, 7.0, 2.5, 7.5 ] }
					},
					"children": [
						{
							"name": "berry1",
							"from": [ 0.3, 3.7, 0.3 ],
							"to": [ 1.6, 5.0, 1.6 ],
							"rotationOrigin": [ 1.3, 4.7, 1.3 ],
							"rotationY": -45.0,
							"faces": {
								"north": { "texture": "#redgrapes", "uv": [ 0.0, 0.0, 4.0, 4.0 ], "autoUv": false },
								"east": { "texture": "#redgrapes", "uv": [ 0.0, 4.0, 4.0, 8.0 ], "autoUv": false },
								"south": { "texture": "#redgrapes", "uv": [ 4.0, 8.0, 8.0, 4.0 ], "autoUv": false },
								"west": { "texture": "#redgrapes", "uv": [ 4.0, 4.0, 8.0, 8.0 ], "autoUv": false },
								"up": { "texture": "#redgrapes", "uv": [ 0.0, 0.0, 4.0, 4.0 ], "autoUv": false },
								"down": { "texture": "#redgrapes", "uv": [ 0.0, 4.0, 4.0, 8.0 ], "autoUv": false }
							}
						},
						{
							"name": "berry2",
							"from": [ -0.7, 0.0, -2.7 ],
							"to": [ 1.3, 2.0, -0.7 ],
							"rotationOrigin": [ 0.3, 1.0, -1.7 ],
							"rotationX": -45.0,
							"faces": {
								"north": { "texture": "#redgrapes", "uv": [ 0.0, 0.0, 2.0, 2.0 ] },
								"east": { "texture": "#redgrapes", "uv": [ 0.0, 0.0, 2.0, 2.0 ] },
								"south": { "texture": "#redgrapes", "uv": [ 0.0, 0.0, 2.0, 2.0 ] },
								"west": { "texture": "#redgrapes", "uv": [ 0.0, 0.0, 2.0, 2.0 ] },
								"up": { "texture": "#redgrapes", "uv": [ 0.0, 2.0, 2.0, 4.0 ] },
								"down": { "texture": "#redgrapes", "uv": [ 0.0, 2.0, 2.0, 4.0 ] }
							}
						},
						{
							"name": "berry3",
							"from": [ 0.3, 2.6, -1.7 ],
							"to": [ 2.1, 4.4, 0.1 ],
							"rotationOrigin": [ 1.3, 3.6, -0.7 ],
							"rotationX": -22.5,
							"rotationY": 22.5,
							"faces": {
								"north": { "texture": "#redgrapes", "uv": [ 0.0, 0.0, 1.5, 1.5 ] },
								"east": { "texture": "#redgrapes", "uv": [ 0.0, 0.0, 1.5, 1.5 ] },
								"south": { "texture": "#redgrapes", "uv": [ 0.0, 0.0, 1.5, 1.5 ] },
								"west": { "texture": "#redgrapes", "uv": [ 0.0, 0.0, 1.5, 1.5 ] },
								"up": { "texture": "#redgrapes", "uv": [ 0.0, 2.0, 1.5, 3.5 ] },
								"down": { "texture": "#redgrapes", "uv": [ 0.0, 2.0, 1.5, 3.5 ] }
							}
						},
						{
							"name": "berry4",
							"from": [ -1.7, 2.7, -0.7 ],
							"to": [ 0.0, 4.4, 1.0 ],
							"rotationOrigin": [ -0.7, 3.7, 0.3 ],
							"rotationY": 9.5,
							"faces": {
								"north": { "texture": "#redgrapes", "uv": [ 0.0, 0.0, 1.5, 1.5 ] },
								"east": { "texture": "#redgrapes", "uv": [ 0.0, 0.0, 1.5, 1.5 ] },
								"south": { "texture": "#redgrapes", "uv": [ 0.0, 0.0, 1.5, 1.5 ] },
								"west": { "texture": "#redgrapes", "uv": [ 0.0, 0.0, 1.5, 1.5 ] },
								"up": { "texture": "#redgrapes", "uv": [ 0.0, 2.0, 1.5, 3.5 ] },
								"down": { "texture": "#redgrapes", "uv": [ 0.0, 2.0, 1.5, 3.5 ] }
							}
						},
						{
							"name": "berry5",
							"from": [ -1.2, -1.5, -0.7 ],
							"to": [ 0.8, 0.5, 1.3 ],
							"rotationOrigin": [ -0.2, -0.5, 0.3 ],
							"rotationY": -45.0,
							"rotationZ": -22.5,
							"faces": {
								"north": { "texture": "#redgrapes", "uv": [ 0.0, 0.0, 2.0, 2.0 ] },
								"east": { "texture": "#redgrapes", "uv": [ 0.0, 0.0, 2.0, 2.0 ] },
								"south": { "texture": "#redgrapes", "uv": [ 0.0, 0.0, 2.0, 2.0 ] },
								"west": { "texture": "#redgrapes", "uv": [ 0.0, 0.0, 2.0, 2.0 ] },
								"up": { "texture": "#redgrapes", "uv": [ 0.0, 2.0, 2.0, 4.0 ] },
								"down": { "texture": "#redgrapes", "uv": [ 0.0, 2.0, 2.0, 4.0 ] }
							}
						},
						{
							"name": "berry6",
							"from": [ -1.7, 0.6, -0.7 ],
							"to": [ 0.2, 2.5, 1.2 ],
							"rotationOrigin": [ -0.7, 1.6, 0.3 ],
							"rotationX": 27.5,
							"rotationY": -45.0,
							"rotationZ": 22.5,
							"faces": {
								"north": { "texture": "#redgrapes", "uv": [ 0.0, 0.0, 1.5, 1.5 ] },
								"east": { "texture": "#redgrapes", "uv": [ 0.0, 0.0, 1.5, 1.5 ] },
								"south": { "texture": "#redgrapes", "uv": [ 0.0, 0.0, 1.5, 1.5 ] },
								"west": { "texture": "#redgrapes", "uv": [ 0.0, 0.0, 1.5, 1.5 ] },
								"up": { "texture": "#redgrapes", "uv": [ 0.0, 2.0, 1.5, 3.5 ] },
								"down": { "texture": "#redgrapes", "uv": [ 0.0, 2.0, 1.5, 3.5 ] }
							}
						},
						{
							"name": "berry7",
							"from": [ 0.3, 1.1, -0.7 ],
							"to": [ 2.0, 2.8, 1.0 ],
							"rotationOrigin": [ 1.3, 2.1, 0.3 ],
							"rotationY": -22.5,
							"rotationZ": 22.5,
							"faces": {
								"north": { "texture": "#redgrapes", "uv": [ 0.0, 0.0, 1.5, 1.5 ] },
								"east": { "texture": "#redgrapes", "uv": [ 0.0, 0.0, 1.5, 1.5 ] },
								"south": { "texture": "#redgrapes", "uv": [ 0.0, 0.0, 1.5, 1.5 ] },
								"west": { "texture": "#redgrapes", "uv": [ 0.0, 0.0, 1.5, 1.5 ] },
								"up": { "texture": "#redgrapes", "uv": [ 0.0, 2.0, 1.5, 3.5 ] },
								"down": { "texture": "#redgrapes", "uv": [ 0.0, 2.0, 1.5, 3.5 ] }
							}
						},
						{
							"name": "berry8",
							"from": [ -0.7, 2.3, 1.1 ],
							"to": [ 1.0, 4.0, 2.8 ],
							"rotationOrigin": [ 0.3, 3.3, 2.1 ],
							"rotationY": 30.0,
							"faces": {
								"north": { "texture": "#redgrapes", "uv": [ 0.0, 0.0, 1.5, 1.5 ] },
								"east": { "texture": "#redgrapes", "uv": [ 0.0, 0.0, 1.5, 1.5 ] },
								"south": { "texture": "#redgrapes", "uv": [ 0.0, 0.0, 1.5, 1.5 ] },
								"west": { "texture": "#redgrapes", "uv": [ 0.0, 0.0, 1.5, 1.5 ] },
								"up": { "texture": "#redgrapes", "uv": [ 0.0, 2.0, 1.5, 3.5 ] },
								"down": { "texture": "#redgrapes", "uv": [ 0.0, 2.0, 1.5, 3.5 ] }
							}
						},
						{
							"name": "leaf1",
							"from": [ -1.8, 6.0, -0.1 ],
							"to": [ 2.1, 10.9, -0.1 ],
							"rotationOrigin": [ 0.7, 6.0, -0.1 ],
							"rotationX": -45.0,
							"rotationZ": 45.0,
							"faces": {
								"south": { "texture": "#grapeleaves", "uv": [ 1.4, 0.5, 8.0, 6.0 ], "autoUv": false }
							}
						},
						{
							"name": "leaf2",
							"from": [ -1.2, 6.0, 0.3 ],
							"to": [ 2.3, 12.0, 0.3 ],
							"rotationOrigin": [ 0.3, 6.0, 0.3 ],
							"rotationX": -45.0,
							"rotationY": -45.0,
							"rotationZ": -45.0,
							"faces": {
								"north": { "texture": "#grapeleaves", "uv": [ 1.5, 0.5, 8.0, 6.0 ], "autoUv": false }
							}
						},
						{
							"name": "berry9",
							"from": [ 0.3, -1.4, -1.7 ],
							"to": [ 2.0, 0.3, 0.0 ],
							"rotationOrigin": [ 1.3, -0.4, -0.7 ],
							"rotationX": -22.5,
							"rotationY": 22.5,
							"faces": {
								"north": { "texture": "#redgrapes", "uv": [ 0.0, 0.0, 1.5, 1.5 ] },
								"east": { "texture": "#redgrapes", "uv": [ 0.0, 0.0, 1.5, 1.5 ] },
								"south": { "texture": "#redgrapes", "uv": [ 0.0, 0.0, 1.5, 1.5 ] },
								"west": { "texture": "#redgrapes", "uv": [ 0.0, 0.0, 1.5, 1.5 ] },
								"up": { "texture": "#redgrapes", "uv": [ 0.0, 2.0, 1.5, 3.5 ] },
								"down": { "texture": "#redgrapes", "uv": [ 0.0, 2.0, 1.5, 3.5 ] }
							}
						},
						{
							"name": "berry10",
							"from": [ 0.3, 2.0, 0.3 ],
							"to": [ 1.8, 3.5, 1.8 ],
							"rotationOrigin": [ 1.3, 3.0, 1.3 ],
							"rotationY": -23.0,
							"faces": {
								"north": { "texture": "#redgrapes", "uv": [ 0.0, 0.0, 1.5, 1.5 ] },
								"east": { "texture": "#redgrapes", "uv": [ 0.0, 0.0, 1.5, 1.5 ] },
								"south": { "texture": "#redgrapes", "uv": [ 0.0, 0.0, 1.5, 1.5 ] },
								"west": { "texture": "#redgrapes", "uv": [ 0.0, 0.0, 1.5, 1.5 ] },
								"up": { "texture": "#redgrapes", "uv": [ 0.0, 2.0, 1.5, 3.5 ] },
								"down": { "texture": "#redgrapes", "uv": [ 0.0, 2.0, 1.5, 3.5 ] }
							}
						},
						{
							"name": "berry11",
							"from": [ -0.4, 0.3, 1.1 ],
							"to": [ 1.2, 1.9, 2.7 ],
							"rotationOrigin": [ 0.6, 1.3, 2.1 ],
							"rotationY": 62.0,
							"faces": {
								"north": { "texture": "#redgrapes", "uv": [ 0.0, 0.0, 1.5, 1.5 ] },
								"east": { "texture": "#redgrapes", "uv": [ 0.0, 0.0, 1.5, 1.5 ] },
								"south": { "texture": "#redgrapes", "uv": [ 0.0, 0.0, 1.5, 1.5 ] },
								"west": { "texture": "#redgrapes", "uv": [ 0.0, 0.0, 1.5, 1.5 ] },
								"up": { "texture": "#redgrapes", "uv": [ 0.0, 2.0, 1.5, 3.5 ] },
								"down": { "texture": "#redgrapes", "uv": [ 0.0, 2.0, 1.5, 3.5 ] }
							}
						},
						{
							"name": "berry12",
							"from": [ 0.4, -0.8, -0.3 ],
							"to": [ 2.1, 0.9, 1.4 ],
							"rotationOrigin": [ 1.4, 0.2, 0.7 ],
							"rotationY": -32.0,
							"rotationZ": 19.5,
							"faces": {
								"north": { "texture": "#redgrapes", "uv": [ 0.0, 0.0, 1.5, 1.5 ] },
								"east": { "texture": "#redgrapes", "uv": [ 0.0, 0.0, 1.5, 1.5 ] },
								"south": { "texture": "#redgrapes", "uv": [ 0.0, 0.0, 1.5, 1.5 ] },
								"west": { "texture": "#redgrapes", "uv": [ 0.0, 0.0, 1.5, 1.5 ] },
								"up": { "texture": "#redgrapes", "uv": [ 0.0, 2.0, 1.5, 3.5 ] },
								"down": { "texture": "#redgrapes", "uv": [ 0.0, 2.0, 1.5, 3.5 ] }
							}
						},
						{
							"name": "berry13",
							"from": [ -2.2, -1.2, -1.0 ],
							"to": [ -0.5, 0.5, 0.7 ],
							"rotationOrigin": [ -1.2, -0.2, 0.0 ],
							"rotationX": 35.5,
							"rotationY": -23.0,
							"rotationZ": 22.5,
							"faces": {
								"north": { "texture": "#redgrapes", "uv": [ 0.0, 0.0, 1.5, 1.5 ] },
								"east": { "texture": "#redgrapes", "uv": [ 0.0, 0.0, 1.5, 1.5 ] },
								"south": { "texture": "#redgrapes", "uv": [ 0.0, 0.0, 1.5, 1.5 ] },
								"west": { "texture": "#redgrapes", "uv": [ 0.0, 0.0, 1.5, 1.5 ] },
								"up": { "texture": "#redgrapes", "uv": [ 0.0, 2.0, 1.5, 3.5 ] },
								"down": { "texture": "#redgrapes", "uv": [ 0.0, 2.0, 1.5, 3.5 ] }
							}
						},
						{
							"name": "berry14",
							"from": [ -0.1, -1.9, 0.8 ],
							"to": [ 1.4, -0.4, 2.3 ],
							"rotationOrigin": [ 0.9, -0.9, 1.8 ],
							"rotationY": 47.0,
							"faces": {
								"north": { "texture": "#redgrapes", "uv": [ 0.0, 0.0, 1.5, 1.5 ] },
								"east": { "texture": "#redgrapes", "uv": [ 0.0, 0.0, 1.5, 1.5 ] },
								"south": { "texture": "#redgrapes", "uv": [ 0.0, 0.0, 1.5, 1.5 ] },
								"west": { "texture": "#redgrapes", "uv": [ 0.0, 0.0, 1.5, 1.5 ] },
								"up": { "texture": "#redgrapes", "uv": [ 0.0, 2.0, 1.5, 3.5 ] },
								"down": { "texture": "#redgrapes", "uv": [ 0.0, 2.0, 1.5, 3.5 ] }
							}
						},
						{
							"name": "berry15",
							"from": [ 0.3, -2.9, 0.3 ],
							"to": [ 1.6, -1.6, 1.6 ],
							"rotationOrigin": [ 1.3, -1.9, 1.3 ],
							"rotationY": -16.0,
							"faces": {
								"north": { "texture": "#redgrapes", "uv": [ 0.0, 0.0, 1.0, 1.0 ] },
								"east": { "texture": "#redgrapes", "uv": [ 0.0, 0.0, 1.0, 1.0 ] },
								"south": { "texture": "#redgrapes", "uv": [ 0.0, 0.0, 1.0, 1.0 ] },
								"west": { "texture": "#redgrapes", "uv": [ 0.0, 0.0, 1.0, 1.0 ] },
								"up": { "texture": "#redgrapes", "uv": [ 0.0, 2.0, 1.0, 3.0 ] },
								"down": { "texture": "#redgrapes", "uv": [ 0.0, 2.0, 1.0, 3.0 ] }
							}
						},
						{
							"name": "berry16",
							"from": [ -1.2, -2.9, -0.7 ],
							"to": [ 0.2, -1.5, 0.7 ],
							"rotationOrigin": [ -0.2, -1.9, 0.3 ],
							"rotationY": -45.0,
							"rotationZ": -22.5,
							"faces": {
								"north": { "texture": "#redgrapes", "uv": [ 0.0, 0.0, 1.0, 1.0 ] },
								"east": { "texture": "#redgrapes", "uv": [ 0.0, 0.0, 1.0, 1.0 ] },
								"south": { "texture": "#redgrapes", "uv": [ 0.0, 0.0, 1.0, 1.0 ] },
								"west": { "texture": "#redgrapes", "uv": [ 0.0, 0.0, 1.0, 1.0 ] },
								"up": { "texture": "#redgrapes", "uv": [ 0.0, 2.0, 1.0, 3.0 ] },
								"down": { "texture": "#redgrapes", "uv": [ 0.0, 2.0, 1.0, 3.0 ] }
							}
						},
						{
							"name": "berry17",
							"from": [ 0.6, -0.3, 0.8 ],
							"to": [ 1.9, 1.0, 2.1 ],
							"rotationOrigin": [ 1.6, 0.7, 1.8 ],
							"rotationY": -62.0,
							"faces": {
								"north": { "texture": "#redgrapes", "uv": [ 0.0, 0.0, 4.0, 4.0 ], "autoUv": false },
								"east": { "texture": "#redgrapes", "uv": [ 0.0, 4.0, 4.0, 8.0 ], "autoUv": false },
								"south": { "texture": "#redgrapes", "uv": [ 4.0, 8.0, 8.0, 4.0 ], "autoUv": false },
								"west": { "texture": "#redgrapes", "uv": [ 4.0, 4.0, 8.0, 8.0 ], "autoUv": false },
								"up": { "texture": "#redgrapes", "uv": [ 0.0, 0.0, 4.0, 4.0 ], "autoUv": false },
								"down": { "texture": "#redgrapes", "uv": [ 0.0, 4.0, 4.0, 8.0 ], "autoUv": false }
							}
						},
						{
							"name": "berry18",
							"from": [ -1.6, 0.3, 0.4 ],
							"to": [ -0.1, 1.8, 1.9 ],
							"rotationOrigin": [ -0.6, 1.3, 1.4 ],
							"rotationY": 86.0,
							"faces": {
								"north": { "texture": "#redgrapes", "uv": [ 0.0, 0.0, 1.5, 1.5 ] },
								"east": { "texture": "#redgrapes", "uv": [ 0.0, 0.0, 1.5, 1.5 ] },
								"south": { "texture": "#redgrapes", "uv": [ 0.0, 0.0, 1.5, 1.5 ] },
								"west": { "texture": "#redgrapes", "uv": [ 0.0, 0.0, 1.5, 1.5 ] },
								"up": { "texture": "#redgrapes", "uv": [ 0.0, 2.0, 1.5, 3.5 ] },
								"down": { "texture": "#redgrapes", "uv": [ 0.0, 2.0, 1.5, 3.5 ] }
							}
						},
						{
							"name": "berry19",
							"from": [ -1.6, -1.7, 0.4 ],
							"to": [ -0.1, -0.2, 1.9 ],
							"rotationOrigin": [ -0.6, -0.7, 1.4 ],
							"rotationY": 59.0,
							"faces": {
								"north": { "texture": "#redgrapes", "uv": [ 0.0, 0.0, 4.0, 4.0 ], "autoUv": false },
								"east": { "texture": "#redgrapes", "uv": [ 0.0, 4.0, 4.0, 8.0 ], "autoUv": false },
								"south": { "texture": "#redgrapes", "uv": [ 4.0, 4.0, 8.0, 8.0 ], "autoUv": false },
								"west": { "texture": "#redgrapes", "uv": [ 0.0, 4.0, 4.0, 8.0 ], "autoUv": false },
								"up": { "texture": "#redgrapes", "uv": [ 0.0, 2.0, 1.5, 3.5 ] },
								"down": { "texture": "#redgrapes", "uv": [ 0.0, 2.0, 1.5, 3.5 ] }
							}
						},
						{
							"name": "berry20",
							"from": [ 1.3, 0.6, -1.7 ],
							"to": [ 2.9, 2.2, -0.1 ],
							"rotationOrigin": [ 2.3, 1.6, -0.7 ],
							"rotationX": -22.5,
							"rotationY": 22.5,
							"faces": {
								"north": { "texture": "#redgrapes", "uv": [ 0.0, 0.0, 1.5, 1.5 ] },
								"east": { "texture": "#redgrapes", "uv": [ 0.0, 0.0, 1.5, 1.5 ] },
								"south": { "texture": "#redgrapes", "uv": [ 0.0, 0.0, 1.5, 1.5 ] },
								"west": { "texture": "#redgrapes", "uv": [ 0.0, 0.0, 1.5, 1.5 ] },
								"up": { "texture": "#redgrapes", "uv": [ 0.0, 2.0, 1.5, 3.5 ] },
								"down": { "texture": "#redgrapes", "uv": [ 0.0, 2.0, 1.5, 3.5 ] }
							}
						},
						{
							"name": "berry21",
							"from": [ -1.1, -2.9, 0.8 ],
							"to": [ 0.4, -1.4, 2.3 ],
							"rotationOrigin": [ -0.1, -1.9, 1.8 ],
							"rotationY": 16.0,
							"faces": {
								"north": { "texture": "#redgrapes", "uv": [ 0.0, 0.0, 1.5, 1.5 ] },
								"east": { "texture": "#redgrapes", "uv": [ 0.0, 0.0, 1.5, 1.5 ] },
								"south": { "texture": "#redgrapes", "uv": [ 0.0, 0.0, 1.5, 1.5 ] },
								"west": { "texture": "#redgrapes", "uv": [ 0.0, 0.0, 1.5, 1.5 ] },
								"up": { "texture": "#redgrapes", "uv": [ 0.0, 2.0, 1.5, 3.5 ] },
								"down": { "texture": "#redgrapes", "uv": [ 0.0, 2.0, 1.5, 3.5 ] }
							}
						},
						{
							"name": "berry22",
							"from": [ -0.4, -3.9, -0.1 ],
							"to": [ 0.9, -2.6, 1.2 ],
							"rotationOrigin": [ 0.6, -2.9, 0.9 ],
							"rotationX": -22.0,
							"rotationY": 22.0,
							"faces": {
								"north": { "texture": "#redgrapes", "uv": [ 0.0, 0.0, 1.0, 1.0 ] },
								"east": { "texture": "#redgrapes", "uv": [ 0.0, 0.0, 1.0, 1.0 ] },
								"south": { "texture": "#redgrapes", "uv": [ 0.0, 0.0, 1.0, 1.0 ] },
								"west": { "texture": "#redgrapes", "uv": [ 0.0, 0.0, 1.0, 1.0 ] },
								"up": { "texture": "#redgrapes", "uv": [ 0.0, 2.0, 1.0, 3.0 ] },
								"down": { "texture": "#redgrapes", "uv": [ 0.0, 2.0, 1.0, 3.0 ] }
							}
						}
					]
				},
				{
					"name": "branch2",
					"from": [ -0.5, 4.0, -0.1 ],
					"to": [ 0.1, 9.0, 0.5 ],
					"rotationOrigin": [ -0.2, 4.0, 0.2 ],
					"rotationX": -30.5,
					"rotationY": -22.5,
					"rotationZ": -30.5,
					"faces": {
						"north": { "texture": "#blueberry", "uv": [ 0.0, 7.0, 5.0, 7.5 ], "rotation": 90 },
						"east": { "texture": "#blueberry", "uv": [ 0.0, 6.0, 5.0, 6.5 ], "rotation": 90 },
						"south": { "texture": "#blueberry", "uv": [ 0.0, 7.5, 5.0, 8.0 ], "rotation": 90 },
						"west": { "texture": "#blueberry", "uv": [ 0.0, 7.0, 5.0, 7.5 ], "rotation": 90 },
						"up": { "texture": "#blueberry", "uv": [ 5.0, 7.5, 5.5, 8.0 ] },
						"down": { "texture": "#blueberry", "uv": [ 2.0, 7.0, 2.5, 7.5 ] }
					},
					"children": [
						{
							"name": "berry23",
							"from": [ 0.3, 3.7, 0.3 ],
							"to": [ 1.6, 5.0, 1.6 ],
							"rotationOrigin": [ 1.3, 4.7, 1.3 ],
							"rotationY": -45.0,
							"faces": {
								"north": { "texture": "#redgrapes", "uv": [ 0.0, 0.0, 4.0, 4.0 ], "autoUv": false },
								"east": { "texture": "#redgrapes", "uv": [ 0.0, 4.0, 4.0, 8.0 ], "autoUv": false },
								"south": { "texture": "#redgrapes", "uv": [ 4.0, 8.0, 8.0, 4.0 ], "autoUv": false },
								"west": { "texture": "#redgrapes", "uv": [ 4.0, 4.0, 8.0, 8.0 ], "autoUv": false },
								"up": { "texture": "#redgrapes", "uv": [ 0.0, 0.0, 4.0, 4.0 ], "autoUv": false },
								"down": { "texture": "#redgrapes", "uv": [ 0.0, 4.0, 4.0, 8.0 ], "autoUv": false }
							}
						},
						{
							"name": "berry24",
							"from": [ -0.7, 0.0, -2.7 ],
							"to": [ 1.3, 2.0, -0.7 ],
							"rotationOrigin": [ 0.3, 1.0, -1.7 ],
							"rotationX": -45.0,
							"faces": {
								"north": { "texture": "#redgrapes", "uv": [ 0.0, 0.0, 2.0, 2.0 ] },
								"east": { "texture": "#redgrapes", "uv": [ 0.0, 0.0, 2.0, 2.0 ] },
								"south": { "texture": "#redgrapes", "uv": [ 0.0, 0.0, 2.0, 2.0 ] },
								"west": { "texture": "#redgrapes", "uv": [ 0.0, 0.0, 2.0, 2.0 ] },
								"up": { "texture": "#redgrapes", "uv": [ 0.0, 2.0, 2.0, 4.0 ] },
								"down": { "texture": "#redgrapes", "uv": [ 0.0, 2.0, 2.0, 4.0 ] }
							}
						},
						{
							"name": "berry25",
							"from": [ 0.3, 2.6, -1.7 ],
							"to": [ 2.1, 4.4, 0.1 ],
							"rotationOrigin": [ 1.3, 3.6, -0.7 ],
							"rotationX": -22.5,
							"rotationY": 22.5,
							"faces": {
								"north": { "texture": "#redgrapes", "uv": [ 0.0, 0.0, 1.5, 1.5 ] },
								"east": { "texture": "#redgrapes", "uv": [ 0.0, 0.0, 1.5, 1.5 ] },
								"south": { "texture": "#redgrapes", "uv": [ 0.0, 0.0, 1.5, 1.5 ] },
								"west": { "texture": "#redgrapes", "uv": [ 0.0, 0.0, 1.5, 1.5 ] },
								"up": { "texture": "#redgrapes", "uv": [ 0.0, 2.0, 1.5, 3.5 ] },
								"down": { "texture": "#redgrapes", "uv": [ 0.0, 2.0, 1.5, 3.5 ] }
							}
						},
						{
							"name": "berry26",
							"from": [ -1.7, 2.7, -0.7 ],
							"to": [ 0.0, 4.4, 1.0 ],
							"rotationOrigin": [ -0.7, 3.7, 0.3 ],
							"rotationY": 9.5,
							"faces": {
								"north": { "texture": "#redgrapes", "uv": [ 0.0, 0.0, 1.5, 1.5 ] },
								"east": { "texture": "#redgrapes", "uv": [ 0.0, 0.0, 1.5, 1.5 ] },
								"south": { "texture": "#redgrapes", "uv": [ 0.0, 0.0, 1.5, 1.5 ] },
								"west": { "texture": "#redgrapes", "uv": [ 0.0, 0.0, 1.5, 1.5 ] },
								"up": { "texture": "#redgrapes", "uv": [ 0.0, 2.0, 1.5, 3.5 ] },
								"down": { "texture": "#redgrapes", "uv": [ 0.0, 2.0, 1.5, 3.5 ] }
							}
						},
						{
							"name": "berry27",
							"from": [ -1.2, -1.5, -0.7 ],
							"to": [ 0.8, 0.5, 1.3 ],
							"rotationOrigin": [ -0.2, -0.5, 0.3 ],
							"rotationY": -45.0,
							"rotationZ": -22.5,
							"faces": {
								"north": { "texture": "#redgrapes", "uv": [ 0.0, 0.0, 2.0, 2.0 ] },
								"east": { "texture": "#redgrapes", "uv": [ 0.0, 0.0, 2.0, 2.0 ] },
								"south": { "texture": "#redgrapes", "uv": [ 0.0, 0.0, 2.0, 2.0 ] },
								"west": { "texture": "#redgrapes", "uv": [ 0.0, 0.0, 2.0, 2.0 ] },
								"up": { "texture": "#redgrapes", "uv": [ 0.0, 2.0, 2.0, 4.0 ] },
								"down": { "texture": "#redgrapes", "uv": [ 0.0, 2.0, 2.0, 4.0 ] }
							}
						},
						{
							"name": "berry28",
							"from": [ -1.7, 0.6, -0.7 ],
							"to": [ 0.2, 2.5, 1.2 ],
							"rotationOrigin": [ -0.7, 1.6, 0.3 ],
							"rotationX": 27.5,
							"rotationY": -45.0,
							"rotationZ": 22.5,
							"faces": {
								"north": { "texture": "#redgrapes", "uv": [ 0.0, 0.0, 1.5, 1.5 ] },
								"east": { "texture": "#redgrapes", "uv": [ 0.0, 0.0, 1.5, 1.5 ] },
								"south": { "texture": "#redgrapes", "uv": [ 0.0, 0.0, 1.5, 1.5 ] },
								"west": { "texture": "#redgrapes", "uv": [ 0.0, 0.0, 1.5, 1.5 ] },
								"up": { "texture": "#redgrapes", "uv": [ 0.0, 2.0, 1.5, 3.5 ] },
								"down": { "texture": "#redgrapes", "uv": [ 0.0, 2.0, 1.5, 3.5 ] }
							}
						},
						{
							"name": "berry29",
							"from": [ 0.3, 1.1, -0.7 ],
							"to": [ 2.0, 2.8, 1.0 ],
							"rotationOrigin": [ 1.3, 2.1, 0.3 ],
							"rotationY": -22.5,
							"rotationZ": 22.5,
							"faces": {
								"north": { "texture": "#redgrapes", "uv": [ 0.0, 0.0, 1.5, 1.5 ] },
								"east": { "texture": "#redgrapes", "uv": [ 0.0, 0.0, 1.5, 1.5 ] },
								"south": { "texture": "#redgrapes", "uv": [ 0.0, 0.0, 1.5, 1.5 ] },
								"west": { "texture": "#redgrapes", "uv": [ 0.0, 0.0, 1.5, 1.5 ] },
								"up": { "texture": "#redgrapes", "uv": [ 0.0, 2.0, 1.5, 3.5 ] },
								"down": { "texture": "#redgrapes", "uv": [ 0.0, 2.0, 1.5, 3.5 ] }
							}
						},
						{
							"name": "berry30",
							"from": [ -0.7, 2.3, 1.1 ],
							"to": [ 1.0, 4.0, 2.8 ],
							"rotationOrigin": [ 0.3, 3.3, 2.1 ],
							"rotationY": 30.0,
							"faces": {
								"north": { "texture": "#redgrapes", "uv": [ 0.0, 0.0, 1.5, 1.5 ] },
								"east": { "texture": "#redgrapes", "uv": [ 0.0, 0.0, 1.5, 1.5 ] },
								"south": { "texture": "#redgrapes", "uv": [ 0.0, 0.0, 1.5, 1.5 ] },
								"west": { "texture": "#redgrapes", "uv": [ 0.0, 0.0, 1.5, 1.5 ] },
								"up": { "texture": "#redgrapes", "uv": [ 0.0, 2.0, 1.5, 3.5 ] },
								"down": { "texture": "#redgrapes", "uv": [ 0.0, 2.0, 1.5, 3.5 ] }
							}
						},
						{
							"name": "berry31",
							"from": [ 0.3, -1.4, -1.7 ],
							"to": [ 2.0, 0.3, 0.0 ],
							"rotationOrigin": [ 1.3, -0.4, -0.7 ],
							"rotationX": -22.5,
							"rotationY": 22.5,
							"faces": {
								"north": { "texture": "#redgrapes", "uv": [ 0.0, 0.0, 1.5, 1.5 ] },
								"east": { "texture": "#redgrapes", "uv": [ 0.0, 0.0, 1.5, 1.5 ] },
								"south": { "texture": "#redgrapes", "uv": [ 0.0, 0.0, 1.5, 1.5 ] },
								"west": { "texture": "#redgrapes", "uv": [ 0.0, 0.0, 1.5, 1.5 ] },
								"up": { "texture": "#redgrapes", "uv": [ 0.0, 2.0, 1.5, 3.5 ] },
								"down": { "texture": "#redgrapes", "uv": [ 0.0, 2.0, 1.5, 3.5 ] }
							}
						},
						{
							"name": "berry32",
							"from": [ 0.3, 2.0, 0.3 ],
							"to": [ 1.8, 3.5, 1.8 ],
							"rotationOrigin": [ 1.3, 3.0, 1.3 ],
							"rotationY": -23.0,
							"faces": {
								"north": { "texture": "#redgrapes", "uv": [ 0.0, 0.0, 1.5, 1.5 ] },
								"east": { "texture": "#redgrapes", "uv": [ 0.0, 0.0, 1.5, 1.5 ] },
								"south": { "texture": "#redgrapes", "uv": [ 0.0, 0.0, 1.5, 1.5 ] },
								"west": { "texture": "#redgrapes", "uv": [ 0.0, 0.0, 1.5, 1.5 ] },
								"up": { "texture": "#redgrapes", "uv": [ 0.0, 2.0, 1.5, 3.5 ] },
								"down": { "texture": "#redgrapes", "uv": [ 0.0, 2.0, 1.5, 3.5 ] }
							}
						},
						{
							"name": "berry33",
							"from": [ -0.4, 0.3, 1.1 ],
							"to": [ 1.2, 1.9, 2.7 ],
							"rotationOrigin": [ 0.6, 1.3, 2.1 ],
							"rotationY": 62.0,
							"faces": {
								"north": { "texture": "#redgrapes", "uv": [ 0.0, 0.0, 1.5, 1.5 ] },
								"east": { "texture": "#redgrapes", "uv": [ 0.0, 0.0, 1.5, 1.5 ] },
								"south": { "texture": "#redgrapes", "uv": [ 0.0, 0.0, 1.5, 1.5 ] },
								"west": { "texture": "#redgrapes", "uv": [ 0.0, 0.0, 1.5, 1.5 ] },
								"up": { "texture": "#redgrapes", "uv": [ 0.0, 2.0, 1.5, 3.5 ] },
								"down": { "texture": "#redgrapes", "uv": [ 0.0, 2.0, 1.5, 3.5 ] }
							}
						},
						{
							"name": "berry34",
							"from": [ 0.4, -0.8, -0.3 ],
							"to": [ 2.1, 0.9, 1.4 ],
							"rotationOrigin": [ 1.4, 0.2, 0.7 ],
							"rotationY": -32.0,
							"rotationZ": 19.5,
							"faces": {
								"north": { "texture": "#redgrapes", "uv": [ 0.0, 0.0, 1.5, 1.5 ] },
								"east": { "texture": "#redgrapes", "uv": [ 0.0, 0.0, 1.5, 1.5 ] },
								"south": { "texture": "#redgrapes", "uv": [ 0.0, 0.0, 1.5, 1.5 ] },
								"west": { "texture": "#redgrapes", "uv": [ 0.0, 0.0, 1.5, 1.5 ] },
								"up": { "texture": "#redgrapes", "uv": [ 0.0, 2.0, 1.5, 3.5 ] },
								"down": { "texture": "#redgrapes", "uv": [ 0.0, 2.0, 1.5, 3.5 ] }
							}
						},
						{
							"name": "berry35",
							"from": [ -2.2, -1.2, -1.0 ],
							"to": [ -0.5, 0.5, 0.7 ],
							"rotationOrigin": [ -1.2, -0.2, 0.0 ],
							"rotationX": 35.5,
							"rotationY": -23.0,
							"rotationZ": 22.5,
							"faces": {
								"north": { "texture": "#redgrapes", "uv": [ 0.0, 0.0, 1.5, 1.5 ] },
								"east": { "texture": "#redgrapes", "uv": [ 0.0, 0.0, 1.5, 1.5 ] },
								"south": { "texture": "#redgrapes", "uv": [ 0.0, 0.0, 1.5, 1.5 ] },
								"west": { "texture": "#redgrapes", "uv": [ 0.0, 0.0, 1.5, 1.5 ] },
								"up": { "texture": "#redgrapes", "uv": [ 0.0, 2.0, 1.5, 3.5 ] },
								"down": { "texture": "#redgrapes", "uv": [ 0.0, 2.0, 1.5, 3.5 ] }
							}
						},
						{
							"name": "berry36",
							"from": [ -0.1, -1.9, 0.8 ],
							"to": [ 1.4, -0.4, 2.3 ],
							"rotationOrigin": [ 0.9, -0.9, 1.8 ],
							"rotationY": 47.0,
							"faces": {
								"north": { "texture": "#redgrapes", "uv": [ 0.0, 0.0, 1.5, 1.5 ] },
								"east": { "texture": "#redgrapes", "uv": [ 0.0, 0.0, 1.5, 1.5 ] },
								"south": { "texture": "#redgrapes", "uv": [ 0.0, 0.0, 1.5, 1.5 ] },
								"west": { "texture": "#redgrapes", "uv": [ 0.0, 0.0, 1.5, 1.5 ] },
								"up": { "texture": "#redgrapes", "uv": [ 0.0, 2.0, 1.5, 3.5 ] },
								"down": { "texture": "#redgrapes", "uv": [ 0.0, 2.0, 1.5, 3.5 ] }
							}
						},
						{
							"name": "berry37",
							"from": [ 0.3, -2.9, 0.3 ],
							"to": [ 1.6, -1.6, 1.6 ],
							"rotationOrigin": [ 1.3, -1.9, 1.3 ],
							"rotationY": -16.0,
							"faces": {
								"north": { "texture": "#redgrapes", "uv": [ 0.0, 0.0, 1.0, 1.0 ] },
								"east": { "texture": "#redgrapes", "uv": [ 0.0, 0.0, 1.0, 1.0 ] },
								"south": { "texture": "#redgrapes", "uv": [ 0.0, 0.0, 1.0, 1.0 ] },
								"west": { "texture": "#redgrapes", "uv": [ 0.0, 0.0, 1.0, 1.0 ] },
								"up": { "texture": "#redgrapes", "uv": [ 0.0, 2.0, 1.0, 3.0 ] },
								"down": { "texture": "#redgrapes", "uv": [ 0.0, 2.0, 1.0, 3.0 ] }
							}
						},
						{
							"name": "berry38",
							"from": [ -1.2, -2.9, -0.7 ],
							"to": [ 0.2, -1.5, 0.7 ],
							"rotationOrigin": [ -0.2, -1.9, 0.3 ],
							"rotationY": -45.0,
							"rotationZ": -22.5,
							"faces": {
								"north": { "texture": "#redgrapes", "uv": [ 0.0, 0.0, 1.0, 1.0 ] },
								"east": { "texture": "#redgrapes", "uv": [ 0.0, 0.0, 1.0, 1.0 ] },
								"south": { "texture": "#redgrapes", "uv": [ 0.0, 0.0, 1.0, 1.0 ] },
								"west": { "texture": "#redgrapes", "uv": [ 0.0, 0.0, 1.0, 1.0 ] },
								"up": { "texture": "#redgrapes", "uv": [ 0.0, 2.0, 1.0, 3.0 ] },
								"down": { "texture": "#redgrapes", "uv": [ 0.0, 2.0, 1.0, 3.0 ] }
							}
						},
						{
							"name": "berry39",
							"from": [ 0.6, -0.3, 0.8 ],
							"to": [ 1.9, 1.0, 2.1 ],
							"rotationOrigin": [ 1.6, 0.7, 1.8 ],
							"rotationY": -62.0,
							"faces": {
								"north": { "texture": "#redgrapes", "uv": [ 0.0, 0.0, 4.0, 4.0 ], "autoUv": false },
								"east": { "texture": "#redgrapes", "uv": [ 0.0, 4.0, 4.0, 8.0 ], "autoUv": false },
								"south": { "texture": "#redgrapes", "uv": [ 4.0, 8.0, 8.0, 4.0 ], "autoUv": false },
								"west": { "texture": "#redgrapes", "uv": [ 4.0, 4.0, 8.0, 8.0 ], "autoUv": false },
								"up": { "texture": "#redgrapes", "uv": [ 0.0, 0.0, 4.0, 4.0 ], "autoUv": false },
								"down": { "texture": "#redgrapes", "uv": [ 0.0, 4.0, 4.0, 8.0 ], "autoUv": false }
							}
						},
						{
							"name": "berry40",
							"from": [ -1.6, 0.3, 0.4 ],
							"to": [ -0.1, 1.8, 1.9 ],
							"rotationOrigin": [ -0.6, 1.3, 1.4 ],
							"rotationY": 86.0,
							"faces": {
								"north": { "texture": "#redgrapes", "uv": [ 0.0, 0.0, 1.5, 1.5 ] },
								"east": { "texture": "#redgrapes", "uv": [ 0.0, 0.0, 1.5, 1.5 ] },
								"south": { "texture": "#redgrapes", "uv": [ 0.0, 0.0, 1.5, 1.5 ] },
								"west": { "texture": "#redgrapes", "uv": [ 0.0, 0.0, 1.5, 1.5 ] },
								"up": { "texture": "#redgrapes", "uv": [ 0.0, 2.0, 1.5, 3.5 ] },
								"down": { "texture": "#redgrapes", "uv": [ 0.0, 2.0, 1.5, 3.5 ] }
							}
						},
						{
							"name": "berry41",
							"from": [ -1.6, -1.7, 0.4 ],
							"to": [ -0.1, -0.2, 1.9 ],
							"rotationOrigin": [ -0.6, -0.7, 1.4 ],
							"rotationY": 59.0,
							"faces": {
								"north": { "texture": "#redgrapes", "uv": [ 0.0, 0.0, 4.0, 4.0 ], "autoUv": false },
								"east": { "texture": "#redgrapes", "uv": [ 0.0, 4.0, 4.0, 8.0 ], "autoUv": false },
								"south": { "texture": "#redgrapes", "uv": [ 4.0, 4.0, 8.0, 8.0 ], "autoUv": false },
								"west": { "texture": "#redgrapes", "uv": [ 0.0, 4.0, 4.0, 8.0 ], "autoUv": false },
								"up": { "texture": "#redgrapes", "uv": [ 0.0, 2.0, 1.5, 3.5 ] },
								"down": { "texture": "#redgrapes", "uv": [ 0.0, 2.0, 1.5, 3.5 ] }
							}
						},
						{
							"name": "berry42",
							"from": [ 1.3, 0.6, -1.7 ],
							"to": [ 2.9, 2.2, -0.1 ],
							"rotationOrigin": [ 2.3, 1.6, -0.7 ],
							"rotationX": -22.5,
							"rotationY": 22.5,
							"faces": {
								"north": { "texture": "#redgrapes", "uv": [ 0.0, 0.0, 1.5, 1.5 ] },
								"east": { "texture": "#redgrapes", "uv": [ 0.0, 0.0, 1.5, 1.5 ] },
								"south": { "texture": "#redgrapes", "uv": [ 0.0, 0.0, 1.5, 1.5 ] },
								"west": { "texture": "#redgrapes", "uv": [ 0.0, 0.0, 1.5, 1.5 ] },
								"up": { "texture": "#redgrapes", "uv": [ 0.0, 2.0, 1.5, 3.5 ] },
								"down": { "texture": "#redgrapes", "uv": [ 0.0, 2.0, 1.5, 3.5 ] }
							}
						},
						{
							"name": "berry43",
							"from": [ -1.1, -2.9, 0.8 ],
							"to": [ 0.4, -1.4, 2.3 ],
							"rotationOrigin": [ -0.1, -1.9, 1.8 ],
							"rotationY": 16.0,
							"faces": {
								"north": { "texture": "#redgrapes", "uv": [ 0.0, 0.0, 1.5, 1.5 ] },
								"east": { "texture": "#redgrapes", "uv": [ 0.0, 0.0, 1.5, 1.5 ] },
								"south": { "texture": "#redgrapes", "uv": [ 0.0, 0.0, 1.5, 1.5 ] },
								"west": { "texture": "#redgrapes", "uv": [ 0.0, 0.0, 1.5, 1.5 ] },
								"up": { "texture": "#redgrapes", "uv": [ 0.0, 2.0, 1.5, 3.5 ] },
								"down": { "texture": "#redgrapes", "uv": [ 0.0, 2.0, 1.5, 3.5 ] }
							}
						},
						{
							"name": "berry44",
							"from": [ -0.4, -3.9, -0.1 ],
							"to": [ 0.9, -2.6, 1.2 ],
							"rotationOrigin": [ 0.6, -2.9, 0.9 ],
							"rotationX": -22.0,
							"rotationY": 22.0,
							"faces": {
								"north": { "texture": "#redgrapes", "uv": [ 0.0, 0.0, 1.0, 1.0 ] },
								"east": { "texture": "#redgrapes", "uv": [ 0.0, 0.0, 1.0, 1.0 ] },
								"south": { "texture": "#redgrapes", "uv": [ 0.0, 0.0, 1.0, 1.0 ] },
								"west": { "texture": "#redgrapes", "uv": [ 0.0, 0.0, 1.0, 1.0 ] },
								"up": { "texture": "#redgrapes", "uv": [ 0.0, 2.0, 1.0, 3.0 ] },
								"down": { "texture": "#redgrapes", "uv": [ 0.0, 2.0, 1.0, 3.0 ] }
							}
						}
					]
				}
			]
		}
	]}