{
	"ork": {
		"ShapePath": "racialequality:entity/humanoid/seraph-faceless",
		"MainTextureCode": "seraph",
		"SizeRange": [ 0.99, 1 ],
		"CollisionBox": [ 0.6, 1.72 ], //[ 0.62, 1.9 ]
		"EyeHeight": 1.65, //1.85
		"ModelSizeFactor": 1.16,
		"AvailableClasses": [],
		"GuiModelScale": 1.16,
		"HeadBobbingScale": 1,
		"SkinnableParts": [
			{
				"code": "baseskin",
				"type": "texture",
				"textureTarget": "seraph",
				"overlayTexture": true,
				"overlayMode": "Normal",
				"targetSkinParts": [ "base", "ears" ],
				"variants": [
					{
						"code": "skin1",
						"texture": "racialequality:entity/humanoid/skinparts/ork/skin1"
					},
					{
						"code": "skin2",
						"texture": "racialequality:entity/humanoid/skinparts/ork/skin2"
					},
					{
						"code": "skin3",
						"texture": "racialequality:entity/humanoid/skinparts/ork/skin3"
					},
					{
						"code": "skin4",
						"texture": "racialequality:entity/humanoid/skinparts/ork/skin4"
					},
					{
						"code": "skin5",
						"texture": "racialequality:entity/humanoid/skinparts/ork/skin5"
					},
					{
						"code": "skin6",
						"texture": "racialequality:entity/humanoid/skinparts/ork/skin6"
					},
					{
						"code": "skin7",
						"texture": "racialequality:entity/humanoid/skinparts/ork/skin7"
					}
				]
			},
			{
				"code": "eyecolor",
				"type": "texture",
				"textureTarget": "playermodellib-iris",
				"targetSkinParts": [ "facialexpression" ],
				"variants": [
					{
						"code": "acid-green",
						"texture": "playermodellib:eyes/acid-green"
					},
					//{ "code": "aquamarine", "texture": "playermodellib:eyes/aquamarine"},
					//{ "code": "azure", "texture": "playermodellib:eyes/azure"},
					{
						"code": "bitter-lemon",
						"texture": "playermodellib:eyes/bitter-lemon"
					},
					{
						"code": "cadmium-orange",
						"texture": "playermodellib:eyes/cadmium-orange"
					},
					{
						"code": "citron",
						"texture": "playermodellib:eyes/citron"
					},
					{
						"code": "dark-green",
						"texture": "playermodellib:eyes/dark-green"
					},
					{
						"code": "forest-green",
						"texture": "playermodellib:eyes/forest-green"
					},
					{
						"code": "goldenrod",
						"texture": "playermodellib:eyes/goldenrod"
					},
					//{ "code": "jade", "texture": "playermodellib:eyes/jade"},
					//{ "code": "lavander", "texture": "playermodellib:eyes/lavander"},
					{
						"code": "malachite",
						"texture": "playermodellib:eyes/malachite"
					},
					{
						"code": "mantis",
						"texture": "playermodellib:eyes/mantis"
					},
					//{ "code": "midnight", "texture": "playermodellib:eyes/midnight"},
					//{ "code": "phthalo-blue", "texture": "playermodellib:eyes/phthalo-blue"},
					//{ "code": "purple", "texture": "playermodellib:eyes/purple"},
					{
						"code": "sand",
						"texture": "playermodellib:eyes/sand"
					}
					//{ "code": "sapphire", "texture": "playermodellib:eyes/sapphire"}
				]
			},
			{
				"code": "underwear",
				"type": "texture",
				"textureTarget": "seraph",
				"overlayTexture": true,
				"useDropDown": true,
				"overlayMode": "Normal",
				"targetSkinParts": [ "base" ],
				"variants": [
					{
						"code": "twopiece",
						"texture": "racialequality:entity/humanoid/underwear/twopiece"
					},
					{
						"code": "leotard",
						"texture": "racialequality:entity/humanoid/underwear/leotard"
					},
					{
						"code": "breeches",
						"texture": "racialequality:entity/humanoid/underwear/breeches"
					}
				]
			},
			{
				"code": "voicetype",
				"type": "voice",
				"useDropDown": true,
				"variants": [
					{
						"code": "altoflute",
						"sound": "sounds/voice/altoflute"
					},
					{
						"code": "harmonica",
						"sound": "sounds/voice/harmonica"
					},
					{
						"code": "oboe",
						"sound": "sounds/voice/oboe"
					},
					{
						"code": "clarinet",
						"sound": "sounds/voice/clarinet"
					},
					{
						"code": "accordion",
						"sound": "sounds/voice/accordion"
					},
					{
						"code": "trumpet",
						"sound": "sounds/voice/trumpet"
					},
					{
						"code": "sax",
						"sound": "sounds/voice/sax"
					},
					{
						"code": "tuba",
						"sound": "sounds/voice/tuba"
					}
				]
			},
			{
				"code": "voicepitch",
				"type": "voice",
				"colbreak": true,
				"useDropDown": true,
				"variants": [
					{ "code": "verylow" },
					{ "code": "low" },
					{ "code": "medium" },
					{ "code": "high" }
				]
			},
			{
				"code": "ears",
				"type": "shape",
				"variants": [
					{
						"code": "arrowears",
						"shape": { "base": "racialequality:entity/humanoid/ears/ork/ork_earsarrow" }
					},
					{
						"code": "neatears",
						"shape": { "base": "racialequality:entity/humanoid/ears/ork/ork_earsneat" }
					},
					{
						"code": "plumpears",
						"shape": { "base": "racialequality:entity/humanoid/ears/ork/ork_earsplump" }
					},
					{
						"code": "pulledears",
						"shape": { "base": "racialequality:entity/humanoid/ears/ork/ork_earspulled" }
					}
				]
			},
			{
				"code": "hairbase",
				"type": "shape",
				"shapeTemplate": { "base": "game:entity/humanoid/seraphskinparts/hair-base/{code}" },
				"variants": [
					//{ "code": "afro" },
					{ "code": "bald" },
					{ "code": "balding" },
					{ "code": "bowlcut" },
					//{ "code": "boxbraids" },
					{ "code": "combed" },
					//{ "code": "dreadlocks" },
					//{ "code": "dreadlocksdense" },
					{ "code": "indigenousbalding" },
					{ "code": "iroquois" },
					{ "code": "kniaz" },
					//{ "code": "layered" },
					//{ "code": "longflowing" },
					//{ "code": "longcurls" },
					//{ "code": "longwithstrands" },
					//{ "code": "mediumcurls" },
					//{ "code": "mediumlength-bangs" },
					//{ "code": "messy" },
					//{ "code": "messy2" },
					{ "code": "classic" },
					{ "code": "rows" },
					{ "code": "rowsdense" },
					{ "code": "short" },
					{ "code": "shortcurls" },
					{ "code": "shortcurls2" },
					{ "code": "short-parted" },
					{ "code": "shortspiky" },
					{ "code": "short-trimmed" },
					{ "code": "tonsure" }
				]
			},
			{
				"code": "hairextra",
				"type": "shape",
				"shapeTemplate": { "base": "game:entity/humanoid/seraphskinparts/hair-extra/{code}" },
				"variants": [
					{ "code": "none" },
					//{ "code": "backbun" },
					{ "code": "backbuncurls" },
					{ "code": "backbunpuffy" },
					{ "code": "bunboxbraid" },
					//{ "code": "braidedup" },
					{ "code": "classicponytail" },
					{ "code": "cobrasidebraids" },
					//{ "code": "elaboratestickbun" },
					//{ "code": "headsidebraid" },
					//{ "code": "largestickbun" },
					//{ "code": "knots" },
					{ "code": "neatbraid" },
					{ "code": "ponytail" },
					{ "code": "ponytailcurly" },
					{ "code": "ponytailcrest" },
					//{ "code": "rolledbraidwithbun" },
					{ "code": "shortmessybraid" },
					{ "code": "segmentedtopknot" },
					//{ "code": "sidebraids" },
					//{ "code": "sidebuns" },
					//{ "code": "sidebunscurly" },
					//{ "code": "sidepuffs" },
					//{ "code": "siderolls" },
					{ "code": "skepbun" },
					//{ "code": "snood" },
					{ "code": "toproll" },
					{ "code": "backroll" },
					{ "code": "backrollbun" },
					{ "code": "thickroll" },
					{ "code": "fishtailbraid" },
					{ "code": "steppesidetails" },
					{ "code": "steppebraidloop" },
					{ "code": "steppebraids" },
					{ "code": "thicklongfrenchbraid" },
					{ "code": "tiedback" },
					{ "code": "tieddreads" },
					{ "code": "tiedtopknot" },
					//{ "code": "topbun" },
					{ "code": "topbuncurly" },
					{ "code": "topbunvoluminous" },
					{ "code": "topknot" },
					{ "code": "unkempt" },
					{ "code": "vikingtopbraid" }
				]
			},
			{
				"code": "facialexpression",
				"type": "shape",
				"variants": [
					{
						"code": "angry",
						"shape": { "base": "racialequality:entity/humanoid/fase/ork/ork_angry" }
					},
					{
						"code": "determined",
						"shape": { "base": "racialequality:entity/humanoid/fase/ork/ork_determined" }
					},
					{
						"code": "sad",
						"shape": { "base": "racialequality:entity/humanoid/fase/ork/ork_sad" }
					},
					{
						"code": "very-sad",
						"shape": { "base": "racialequality:entity/humanoid/fase/ork/ork_very-sad" }
					}
				]
			},
			{
				"code": "mustache",
				"type": "shape",
				"shapeTemplate": { "base": "game:entity/humanoid/seraphskinparts/hair-face/{code}" },
				"variants": [
					{ "code": "none" },
					{ "code": "mst-line01-pencil" },
					{ "code": "mst-line05-seargent" },
					{ "code": "mst-line10-sheriff" },
					{ "code": "mst-line15-eccentric" },
					{ "code": "mst-line20-seagull" },
					{ "code": "mst-u01-horseshoe" },
					{ "code": "mst-u05-stirrups" }
					//{ "code": "mst-walrus05-neat" },
					//{ "code": "mst-walrus30-fat" },
					//{ "code": "mst-whiskbroom" }
				]
			},
			{
				"code": "beard",
				"type": "shape",
				"shapeTemplate": { "base": "game:entity/humanoid/seraphskinparts/hair-face/{code}" },
				"variants": [
					{ "code": "none" },
					//{ "code": "brd-stubble" },
					{ "code": "brd-box05-anchor" },
					{ "code": "brd-box01-chincurtain" },
					//{ "code": "brd-box07-ducktail" },
					//{ "code": "brd-box10-short" },
					//{ "code": "brd-box20-full" },
					//{ "code": "brd-braid05-single" },
					//{ "code": "brd-braid10-double" },
					//{ "code": "brd-braid15-triple" },
					{ "code": "brd-chin01-mouche" },
					{ "code": "brd-chin05-chinpatch" },
					{ "code": "brd-chin10-chinpuff" },
					{ "code": "brd-chin15-goatee" },
					//{ "code": "brd-chin20-goateehorns" },
					//{ "code": "brd-full01-trimmedfull" },
					//{ "code": "brd-full05-cleanfull" },
					//{ "code": "brd-full10-shaggy" },
					{ "code": "brd-mut05-friendly" },
					//{ "code": "brd-mut10-muttonchops" },
					//{ "code": "brd-mut15-wildchops" },
					//{ "code": "brd-side05-sideburns" },
					//{ "code": "brd-side15-sidewhiskers" },
					{ "code": "brd-wisp10-wiseman" }
				]
			},
			{
				"code": "haircolor",
				"type": "texture",
				"textureTarget": "hair",
				"targetSkinParts": [ "hairextra", "hairbase", "mustache", "beard" ],
				"textureTemplate": "game:entity/humanoid/seraphskinparts/hair/{code}",
				"variants": [
					//{ "code": "lightgray" },
					//{ "code": "silverchalice" },
					{ "code": "slategray" },
					{ "code": "eerieblack" },
					//{ "code": "mossgreen" },
					{ "code": "seagreen" },
					//{ "code": "wintergreendream" },
					{ "code": "steelblue" },
					{ "code": "queenblue" },
					{ "code": "indigodye" }
					//{ "code": "heliotropegray" },
					//{ "code": "palatinatepurple" },
					//{ "code": "darkpurple" },
					//{ "code": "wheat" },
					//{ "code": "ecru" },
					//{ "code": "sanddune" },
					//{ "code": "harvestgold" },
					//{ "code": "cordovan" },
					//{ "code": "rosewood" },
					//{ "code": "russet" },
					//{ "code": "liver" },
					//{ "code": "oldburgundy" }
				]
			}
		]
	}
}