{
	"editor": {
		"allAngles": true,
		"entityTextureMode": true
	},
	"textureWidth": 64,
	"textureHeight": 64,
	"textureSizes": {
	},
	"textures": {
		"material": "entity/humanoid/serapharmor/plate/steel"
	},
	"elements": [
		{
			"name": "ArmorHelmet",
			"stepParentName": "Head",
			"from": [ -0.2, -0.5, -0.65 ],
			"to": [ 5.9, 5.5, 5.65 ],
			"unwrapMode": 4,
			"uv": [ 27.0, 14.5 ],
			"rotationOrigin": [ -0.2, -0.5, -0.65 ],
			"faces": {
				"north": { "texture": "#material", "uv": [ 27.0, 20.5, 33.0, 26.5 ] },
				"east": { "texture": "#material", "uv": [ 45.0, 20.5, 51.0, 26.5 ] },
				"south": { "texture": "#material", "uv": [ 39.0, 20.5, 45.0, 26.5 ] },
				"west": { "texture": "#material", "uv": [ 33.0, 20.5, 39.0, 26.5 ] },
				"up": { "texture": "#material", "uv": [ 33.0, 14.5, 39.0, 20.5 ], "rotation": 90 },
				"down": { "texture": "#material", "uv": [ 33.0, 26.5, 39.0, 32.5 ], "rotation": 90 }
			},
			"children": [
				{
					"name": "ArmorHelmetTop",
					"from": [ 0.5, 6.0, 0.5 ],
					"to": [ 5.6, 6.5, 5.8 ],
					"autoUnwrap": false,
					"uv": [ 41.0, 28.5 ],
					"rotationOrigin": [ 0.5, 6.0, 0.5 ],
					"faces": {
						"north": { "texture": "#material", "uv": [ 45.0, 21.0, 50.0, 21.5 ] },
						"east": { "texture": "#material", "uv": [ 46.0, 20.5, 51.0, 21.0 ] },
						"south": { "texture": "#material", "uv": [ 45.5, 25.5, 50.5, 26.0 ] },
						"west": { "texture": "#material", "uv": [ 33.5, 15.0, 38.5, 15.5 ] },
						"up": { "texture": "#material", "uv": [ 45.5, 21.0, 50.5, 26.0 ] }
					}
				},
				{
					"name": "ArmorHelmetFront",
					"from": [ -2.0, -0.1, 0.8 ],
					"to": [ 1.0, 2.4, 5.5 ],
					"autoUnwrap": false,
					"uv": [ 48.5, 26.0 ],
					"rotationOrigin": [ -2.0, -0.1, 0.8 ],
					"rotationZ": 5.0,
					"faces": {
						"north": { "texture": "#material", "uv": [ 32.5, 22.5, 35.5, 25.0 ] },
						"south": { "texture": "#material", "uv": [ 36.0, 22.5, 39.0, 25.0 ] },
						"west": { "texture": "#material", "uv": [ 33.5, 26.0, 38.0, 28.5 ] },
						"up": { "texture": "#material", "uv": [ 23.5, 14.5, 28.0, 17.5 ], "rotation": 90, "windMode": [-1,-1,-1,-1], "windData": [1,1,1,1] },
						"down": { "texture": "#material", "uv": [ 33.0, 28.0, 36.0, 32.5 ] }
					}
				}
			]
		},
		{
			"name": "ArmorNeck",
			"stepParentName": "Neck",
			"from": [ -0.3, 0.6, -0.3 ],
			"to": [ 3.3, 2.4, 3.3 ],
			"unwrapMode": 4,
			"uv": [ 12.0, 5.5 ],
			"rotationOrigin": [ -0.3, 2.6, -0.3 ],
			"faces": {
				"north": { "texture": "#material", "uv": [ 12.0, 5.5, 15.5, 7.0 ] },
				"east": { "texture": "#material", "uv": [ 22.5, 5.5, 26.0, 7.0 ] },
				"south": { "texture": "#material", "uv": [ 19.0, 5.5, 22.5, 7.0 ] },
				"west": { "texture": "#material", "uv": [ 15.5, 5.5, 19.0, 7.0 ] }
			}
		}
	]}