{
	"editor": {
		"allAngles": true,
		"entityTextureMode": true
	},
	"textureWidth": 64,
	"textureHeight": 64,
	"textureSizes": {
	},
	"textures": {
		"gold": "entity/humanoid/serapharmor/plate/gold"
	},
	"elements": [
		{
			"name": "ArmorHelmet",
			"stepParentName": "Head",
			"from": [ -1.2, -0.5, -0.65 ],
			"to": [ 5.9, 5.5, 5.65 ],
			"unwrapMode": 4,
			"autoUnwrap": false,
			"uv": [ 27.0, 14.5 ],
			"rotationOrigin": [ -1.2, -0.5, -0.65 ],
			"faces": {
				"north": { "texture": "#gold", "uv": [ 27.0, 20.5, 34.0, 26.5 ] },
				"east": { "texture": "#gold", "uv": [ 45.5, 20.5, 51.5, 26.5 ] },
				"south": { "texture": "#gold", "uv": [ 39.0, 20.5, 46.0, 26.5 ] },
				"west": { "texture": "#gold", "uv": [ 33.0, 20.5, 39.0, 26.5 ] },
				"up": { "texture": "#gold", "uv": [ 33.0, 14.5, 39.0, 21.5 ], "rotation": 90 },
				"down": { "texture": "#gold", "uv": [ 33.0, 26.5, 39.0, 33.5 ], "rotation": 90 }
			},
			"children": [
				{
					"name": "ArmorHelmetFront",
					"from": [ -2.1, 0.31, 1.3 ],
					"to": [ 2.4, 5.81, 5.6 ],
					"autoUnwrap": false,
					"uv": [ 48.5, 26.0 ],
					"rotationOrigin": [ -0.2, 0.9, 3.3 ],
					"rotationY": 45.0,
					"faces": {
						"north": { "texture": "#gold", "uv": [ 33.5, 21.5, 38.0, 27.0 ] },
						"east": { "texture": "#gold", "uv": [ 46.5, 20.5, 50.5, 26.0 ], "windMode": [-1,-1,-1,-1], "windData": [1,1,1,1] },
						"south": { "texture": "#gold", "uv": [ 38.0, 20.5, 42.5, 26.0 ] },
						"west": { "texture": "#gold", "uv": [ 34.0, 21.5, 38.0, 27.0 ], "windMode": [-1,-1,-1,-1], "windData": [1,1,1,1] },
						"up": { "texture": "#gold", "uv": [ 33.0, 14.5, 37.5, 18.5 ] },
						"down": { "texture": "#gold", "uv": [ 34.5, 14.5, 39.0, 18.5 ] }
					}
				},
				{
					"name": "FaceplateR",
					"from": [ 3.0, 2.0, -0.5 ],
					"to": [ 5.0, 4.0, 0.0 ],
					"autoUnwrap": false,
					"uv": [ 27.0, 8.0 ],
					"rotationOrigin": [ 3.0, 2.0, -0.6 ],
					"rotationZ": 45.0,
					"faces": {
						"north": { "texture": "#gold", "uv": [ 41.5, 8.0, 43.5, 10.0 ] },
						"east": { "texture": "#gold", "uv": [ 42.0, 3.0, 42.5, 5.0 ] },
						"west": { "texture": "#gold", "uv": [ 42.5, 3.0, 43.0, 5.0 ] },
						"up": { "texture": "#gold", "uv": [ 41.5, 1.0, 43.5, 1.5 ] },
						"down": { "texture": "#gold", "uv": [ 41.5, 1.5, 43.5, 2.0 ] }
					}
				},
				{
					"name": "FaceplateL",
					"from": [ 3.0, 2.0, 6.3 ],
					"to": [ 5.0, 4.0, 6.8 ],
					"autoUnwrap": false,
					"uv": [ 33.0, 8.0 ],
					"rotationOrigin": [ 3.0, 2.0, 6.4 ],
					"rotationZ": 45.0,
					"faces": {
						"east": { "texture": "#gold", "uv": [ 41.5, 3.0, 42.0, 5.0 ] },
						"south": { "texture": "#gold", "uv": [ 41.5, 6.0, 43.5, 8.0 ] },
						"west": { "texture": "#gold", "uv": [ 43.0, 3.0, 43.5, 5.0 ] },
						"up": { "texture": "#gold", "uv": [ 41.5, 2.5, 43.5, 3.0 ] },
						"down": { "texture": "#gold", "uv": [ 41.5, 2.0, 43.5, 2.5 ] }
					}
				}
			]
		},
		{
			"name": "ArmorNeck",
			"stepParentName": "Neck",
			"from": [ -0.3, 0.6, -0.3 ],
			"to": [ 3.3, 2.4, 3.3 ],
			"unwrapMode": 4,
			"uv": [ 12.0, 5.5 ],
			"rotationOrigin": [ -0.3, 2.6, -0.3 ],
			"faces": {
				"north": { "texture": "#gold", "uv": [ 12.0, 5.5, 15.5, 7.0 ] },
				"east": { "texture": "#gold", "uv": [ 22.5, 5.5, 26.0, 7.0 ] },
				"south": { "texture": "#gold", "uv": [ 19.0, 5.5, 22.5, 7.0 ] },
				"west": { "texture": "#gold", "uv": [ 15.5, 5.5, 19.0, 7.0 ] }
			}
		}
	]}