[{
	"code": "algae-salt",
	"sealHours": 168,
	"ingredients": [
		{ "type": "item", "code": "game:brineportion", "litres": 1 },
		{ "type": "item", "code": "pemmican:algae-grind-green", "quantity": 1 }
	],
	"output": { "type": "item", "code": "pemmican:algae-grind-salt", "stackSize": 1 }
},
{
	"code": "algae-green-dye",
	"sealHours": 4,
	"ingredients": [
		{ "type": "item", "code": "game:waterportion", "litres": 1 },
		{ "type": "item", "code": "pemmican:algae-grind-green", "quantity": 1 }
	],
	"output": { "type": "item", "code": "game:dye-green", "litres": 1 }
},
{
	"code": "algae-red-dye1",
	"sealHours": 4,
	"ingredients": [
		{ "type": "item", "code": "game:dilutedalumportion", "litres": 1 },
		{ "type": "item", "code": "pemmican:algae-grind-red", "quantity": 1 }
	],
	"output": { "type": "item", "code": "game:dye-red", "litres": 1 }
},
{
	"code": "algae-red-dye2",
	"sealHours": 4,
	"ingredients": [
		{ "type": "item", "code": "game:dilutedchromiteportion", "litres": 1 },
		{ "type": "item", "code": "pemmican:algae-grind-red", "quantity": 1 }
	],
	"output": { "type": "item", "code": "game:dye-red", "litres": 1 }
},
{
	"code": "algae-red-dye3",
	"sealHours": 4,
	"ingredients": [
		{ "type": "item", "code": "game:dilutedcassiteriteportion", "litres": 1 },
		{ "type": "item", "code": "pemmican:algae-grind-red", "quantity": 1 }
	],
	"output": { "type": "item", "code": "game:dye-red", "litres": 1 }
}
]