[
{
	"code": "curdledmilkportion-new",
	"sealHours": 72,
	"ingredients": [
		{ "type": "item", "code": "game:milkportion", "litres": 25 },
		{ "type": "item", "code": "pemmican:choppedvegetable-pickledpotato", "quantity": 1 }
	],
	"output": { "type": "item", "code": "game:curdledmilkportion", "litres": 25 }
},
{
	"code": "curdledmilkportion-new",
	"sealHours": 72,
	"ingredients": [
		{ "type": "item", "code": "game:milkportion", "litres": 20 },
		{ "type": "item", "code": "pemmican:choppedvegetable-pickledpotato", "quantity": 1 }
	],
	"output": { "type": "item", "code": "game:curdledmilkportion", "litres": 20 }
},
{
	"code": "curdledmilkportion-new",
	"sealHours": 72,
	"ingredients": [
		{ "type": "item", "code": "game:milkportion", "litres": 25 },
		{ "type": "item", "code": "pemmican:mushroomclean-pickled", "quantity": 1 }
	],
	"output": { "type": "item", "code": "game:curdledmilkportion", "litres": 25 }
},
{
	"code": "curdledmilkportion-new",
	"sealHours": 72,
	"ingredients": [
		{ "type": "item", "code": "game:milkportion", "litres": 20 },
		{ "type": "item", "code": "pemmican:mushroomclean-pickled", "quantity": 1 }
	],
	"output": { "type": "item", "code": "game:curdledmilkportion", "litres": 20 }
},
{
	"code": "curdledmilkportion-new",
	"sealHours": 72,
	"ingredients": [
		{ "type": "item", "code": "game:milkportion", "litres": 25 },
		{ "type": "item", "code": "pemmican:pickledvegetable-pickledpotato", "quantity": 1 }
	],
	"output": { "type": "item", "code": "game:curdledmilkportion", "litres": 25 }
},
{
	"code": "curdledmilkportion-new",
	"sealHours": 72,
	"ingredients": [
		{ "type": "item", "code": "game:milkportion", "litres": 20 },
		{ "type": "item", "code": "pemmican:pickledvegetable-pickledpotato", "quantity": 1 }
	],
	"output": { "type": "item", "code": "game:curdledmilkportion", "litres": 20 }
},
]