{
	"editor": {
		"backDropShape": "entity/animal/mammal/hooved/odocoileini/hippocamelusantisensis/adult",
		"allAngles": true,
		"entityTextureMode": true
	},
	"textureWidth": 44,
	"textureHeight": 60,
	"textureSizes": {
		"skin": [44,60]
	},
	"textures": {
		"skin": "entity/animal/mammal/hooved/odocoileini/hippocamelusantisensis-adult"
	},
	"elements": [
		{
			"name": "Horn attachment",
			"stepParentName": "head",
			"from": [ 0.0, 3.5, 1.25 ],
			"to": [ 0.9, 4.4, 2.15 ],
			"uv": [ 0.0, 0.0 ],
			"rotationOrigin": [ 0.0, 3.5, 1.25 ],
			"rotationZ": -22.0,
			"faces": {
			},
			"children": [
				{
					"name": "R antler base",
					"from": [ 0.1, -0.1, -1.2 ],
					"to": [ 0.7, 1.2, -0.6 ],
					"unwrapMode": 4,
					"uv": [ 32.5, 49.0 ],
					"rotationOrigin": [ 0.1, 0.7, -0.6 ],
					"rotationY": -25.0,
					"rotationZ": 25.0,
					"faces": {
						"north": { "texture": "#skin", "uv": [ 32.5, 49.5, 33.0, 50.5 ] },
						"east": { "texture": "#skin", "uv": [ 34.0, 49.5, 34.5, 50.5 ] },
						"south": { "texture": "#skin", "uv": [ 33.5, 49.5, 34.0, 50.5 ] },
						"west": { "texture": "#skin", "uv": [ 33.0, 49.5, 33.5, 50.5 ] },
						"up": { "texture": "#skin", "uv": [ 33.0, 49.0, 33.5, 49.5 ], "rotation": 90 }
					},
					"children": [
						{
							"name": "R antler branch 1",
							"from": [ 0.1, 1.4, 0.0 ],
							"to": [ 0.6, 2.9, 0.5 ],
							"unwrapMode": 4,
							"uv": [ 32.5, 46.5 ],
							"rotationOrigin": [ 0.1, 1.4, 0.6 ],
							"rotationZ": -15.0,
							"faces": {
								"north": { "texture": "#skin", "uv": [ 32.5, 47.0, 33.0, 48.5 ] },
								"east": { "texture": "#skin", "uv": [ 34.0, 47.0, 34.5, 48.5 ] },
								"south": { "texture": "#skin", "uv": [ 33.5, 47.0, 34.0, 48.5 ] },
								"west": { "texture": "#skin", "uv": [ 33.0, 47.0, 33.5, 48.5 ] },
								"up": { "texture": "#skin", "uv": [ 33.0, 46.5, 33.5, 47.0 ], "rotation": 90 }
							},
							"children": [
								{
									"name": "R antler point 1",
									"from": [ 0.05, 1.5, 0.05 ],
									"to": [ 0.45, 4.0, 0.45 ],
									"unwrapMode": 4,
									"uv": [ 32.5, 43.0 ],
									"rotationOrigin": [ 0.45, 1.5, 0.45 ],
									"rotationZ": 5.0,
									"faces": {
										"north": { "texture": "#skin", "uv": [ 32.5, 43.5, 33.0, 46.0 ] },
										"east": { "texture": "#skin", "uv": [ 34.0, 43.5, 34.5, 46.0 ] },
										"south": { "texture": "#skin", "uv": [ 33.5, 43.5, 34.0, 46.0 ] },
										"west": { "texture": "#skin", "uv": [ 33.0, 43.5, 33.5, 46.0 ] },
										"up": { "texture": "#skin", "uv": [ 33.0, 43.0, 33.5, 43.5 ], "rotation": 90 }
									}
								}
							]
						},
						{
							"name": "R antler branch 2",
							"from": [ 0.0, 0.9, 0.0 ],
							"to": [ 0.5, 1.9, 0.5 ],
							"unwrapMode": 4,
							"uv": [ 32.5, 40.0 ],
							"rotationOrigin": [ 0.0, 0.9, 0.0 ],
							"rotationY": -1.0,
							"rotationZ": 45.0,
							"faces": {
								"north": { "texture": "#skin", "uv": [ 32.5, 40.5, 33.0, 41.5 ] },
								"east": { "texture": "#skin", "uv": [ 34.0, 40.5, 34.5, 41.5 ] },
								"south": { "texture": "#skin", "uv": [ 33.5, 40.5, 34.0, 41.5 ] },
								"west": { "texture": "#skin", "uv": [ 33.0, 40.5, 33.5, 41.5 ] },
								"up": { "texture": "#skin", "uv": [ 33.0, 40.0, 33.5, 40.5 ], "rotation": 90 }
							},
							"children": [
								{
									"name": "R antler point 2",
									"from": [ 0.05, 1.0, 0.05 ],
									"to": [ 0.45, 3.0, 0.45 ],
									"unwrapMode": 4,
									"uv": [ 30.5, 36.0 ],
									"rotationOrigin": [ 0.05, 1.0, 0.05 ],
									"rotationZ": -25.0,
									"faces": {
										"north": { "texture": "#skin", "uv": [ 30.5, 36.5, 31.0, 38.5 ] },
										"east": { "texture": "#skin", "uv": [ 32.0, 36.5, 32.5, 38.5 ] },
										"south": { "texture": "#skin", "uv": [ 31.5, 36.5, 32.0, 38.5 ] },
										"west": { "texture": "#skin", "uv": [ 31.0, 36.5, 31.5, 38.5 ] },
										"up": { "texture": "#skin", "uv": [ 31.0, 36.0, 31.5, 36.5 ], "rotation": 90 }
									}
								}
							]
						}
					]
				},
				{
					"name": "L antler base",
					"from": [ 0.1, -0.1, 0.6 ],
					"to": [ 0.7, 1.2, 1.2 ],
					"unwrapMode": 4,
					"uv": [ 30.5, 49.0 ],
					"rotationOrigin": [ 0.1, 0.7, 0.6 ],
					"rotationY": 25.0,
					"rotationZ": 25.0,
					"faces": {
						"north": { "texture": "#skin", "uv": [ 30.5, 49.5, 31.0, 50.5 ] },
						"east": { "texture": "#skin", "uv": [ 32.0, 49.5, 32.5, 50.5 ] },
						"south": { "texture": "#skin", "uv": [ 31.5, 49.5, 32.0, 50.5 ] },
						"west": { "texture": "#skin", "uv": [ 31.0, 49.5, 31.5, 50.5 ] },
						"up": { "texture": "#skin", "uv": [ 31.0, 49.0, 31.5, 49.5 ], "rotation": 90, "windMode": [-1,-1,-1,-1], "windData": [1,1,1,1] }
					},
					"children": [
						{
							"name": "L antler branch 1",
							"from": [ 0.1, 1.4, 0.0 ],
							"to": [ 0.6, 2.9, 0.5 ],
							"unwrapMode": 4,
							"uv": [ 30.5, 46.5 ],
							"rotationOrigin": [ 0.1, 1.4, 0.1 ],
							"rotationZ": -15.0,
							"faces": {
								"north": { "texture": "#skin", "uv": [ 30.5, 47.0, 31.0, 48.5 ] },
								"east": { "texture": "#skin", "uv": [ 32.0, 47.0, 32.5, 48.5 ] },
								"south": { "texture": "#skin", "uv": [ 31.5, 47.0, 32.0, 48.5 ] },
								"west": { "texture": "#skin", "uv": [ 31.0, 47.0, 31.5, 48.5 ] },
								"up": { "texture": "#skin", "uv": [ 31.0, 46.5, 31.5, 47.0 ], "rotation": 90 }
							},
							"children": [
								{
									"name": "L antler point 1",
									"from": [ 0.05, 1.4, 0.05 ],
									"to": [ 0.45, 3.9, 0.45 ],
									"unwrapMode": 4,
									"uv": [ 30.5, 43.0 ],
									"rotationOrigin": [ 0.05, 1.4, 0.05 ],
									"rotationZ": 5.0,
									"faces": {
										"north": { "texture": "#skin", "uv": [ 30.5, 43.5, 31.0, 46.0 ] },
										"east": { "texture": "#skin", "uv": [ 32.0, 43.5, 32.5, 46.0 ] },
										"south": { "texture": "#skin", "uv": [ 31.5, 43.5, 32.0, 46.0 ] },
										"west": { "texture": "#skin", "uv": [ 31.0, 43.5, 31.5, 46.0 ] },
										"up": { "texture": "#skin", "uv": [ 31.0, 43.0, 31.5, 43.5 ], "rotation": 90 }
									}
								}
							]
						},
						{
							"name": "L antlerbranch 2",
							"from": [ 0.0, 0.9, 0.0 ],
							"to": [ 0.5, 1.9, 0.5 ],
							"unwrapMode": 4,
							"uv": [ 30.5, 40.0 ],
							"rotationOrigin": [ 0.0, 0.9, 0.8 ],
							"rotationY": 1.0,
							"rotationZ": 45.0,
							"faces": {
								"north": { "texture": "#skin", "uv": [ 30.5, 40.5, 31.0, 41.5 ] },
								"east": { "texture": "#skin", "uv": [ 32.0, 40.5, 32.5, 41.5 ] },
								"south": { "texture": "#skin", "uv": [ 31.5, 40.5, 32.0, 41.5 ] },
								"west": { "texture": "#skin", "uv": [ 31.0, 40.5, 31.5, 41.5 ] },
								"up": { "texture": "#skin", "uv": [ 31.0, 40.0, 31.5, 40.5 ], "rotation": 90 }
							},
							"children": [
								{
									"name": "L antler point 2",
									"from": [ 0.05, 1.0, 0.05 ],
									"to": [ 0.45, 3.0, 0.45 ],
									"unwrapMode": 4,
									"uv": [ 32.5, 36.0 ],
									"rotationOrigin": [ 0.05, 1.0, 0.45 ],
									"rotationZ": -25.0,
									"faces": {
										"north": { "texture": "#skin", "uv": [ 32.5, 36.5, 33.0, 38.5 ] },
										"east": { "texture": "#skin", "uv": [ 34.0, 36.5, 34.5, 38.5 ] },
										"south": { "texture": "#skin", "uv": [ 33.5, 36.5, 34.0, 38.5 ] },
										"west": { "texture": "#skin", "uv": [ 33.0, 36.5, 33.5, 38.5 ] },
										"up": { "texture": "#skin", "uv": [ 33.0, 36.0, 33.5, 36.5 ], "rotation": 90 }
									}
								}
							]
						}
					]
				}
			]
		}
	]
}