{
	"code": "alcohol",
	"class": "ItemLiquidPortion",
	"behaviors": [{"name": "XLibConsumable", "properties": { "unlearnPoints": 1.0 } }],
	"variantgroups": [
		{
			"code": "type",
			"states": [ "beet", "cane", "potato", "corn", "mushroomale", "forest" ]
		}
	],
	"matterState": "liquid",
	"attributes": {
		"handbook": {"ignoreCreativeInvStacks": true},
		"inBowlShape": { "base": "game:block/food/meal/liquid" },
		"waterTightContainerProps": {
			"containable": true,
			"itemsPerLitre": 100,
			"hydration": -50,
			"allowSpill": true,
			"textureByType": { 
				"*-cane": { "base": "pemmican:block/liquid/canealcohol" },
				"*-beet": { "base": "pemmican:block/liquid/beetalcohol" },
				"*-potato": { "base": "pemmican:block/liquid/potatoalcohol" },
				"*-corn": { "base": "pemmican:block/liquid/canealcohol" },
				"*-mushroomale": { "base": "pemmican:block/liquid/canealcohol" },
				"*-forest": { "base": "pemmican:block/liquid/potatoalcohol" }
			},	
			"whenSpilled": {
				"action": "DropContents",
				"stack": { "type": "item", "code": "pemmican:alcohol-{type}" }
			},
			"nutritionPropsPerLitre": {
				"saturation": 250,
				"intoxication": 1.5,
				"foodcategorybytype": {
					"*-cane": "Fruit",
					"*-beet": "Vegetable",
					"*-potato": "Vegetable",
					"*-corn": "Vegetable",
					"*-mushroomale": "Vegetable",
					"*-forest": "Vegetable"
				}
			}
		},
		"distillationPropsbytype": {
			"alcohol-beet": {
				"distilledStack": { "type": "item", "code": "game:alcoholportion" }, 
				"ratio": 0.38
			},
			"alcohol-cane": {
				"distilledStack": { "type": "item", "code": "game:alcoholportion" }, 
				"ratio": 0.38 
			},
			"alcohol-potato": {
				"distilledStack": { "type": "item", "code": "game:alcoholportion" }, 
				"ratio": 0.38 
			},
			"alcohol-corn": {
				"distilledStack": { "type": "item", "code": "game:alcoholportion" }, 
				"ratio": 0.38 
			},
			"alcohol-mushroomale": {
				"distilledStack": { "type": "item", "code": "game:alcoholportion" }, 
				"ratio": 0.38 
			},
			"alcohol-forest": {
				"distilledStack": { "type": "item", "code": "game:alcoholportion" }, 
				"ratio": 0.38 
			}
		}
	},
	"shape": { "base": "game:item/liquid" },
	"textureByType": { 
		"*-cane": { "base": "pemmican:block/liquid/canealcohol" },
		"*-beet": { "base": "pemmican:block/liquid/beetalcohol" },
		"*-potato": { "base": "pemmican:block/liquid/potatoalcohol" },
		"*-corn": { "base": "pemmican:block/liquid/canealcohol" },
		"*-mushroomale": { "base": "pemmican:block/liquid/canealcohol" },
		"*-forest": { "base": "pemmican:block/liquid/potatoalcohol" }
	},
	"creativeinventoryStacks": [
		{
			"tabs": [ "general", "liquids", "Long-term food" ],
			"stacks": [
				{
					"type": "block",
					"code": "game:woodbucket",
					"attributes": {
						"ucontents": [
							{
								"type": "item",
								"code": "pemmican:alcohol-{type}",
								"makefull": true
							}
						]
					}
				}
			]
		}
	],
	"maxstacksize": 5000,
	"materialDensity": 200,
	"guiTransform": {
		"rotation": { "x": 128, "y": 40, "z": 7 },
		"origin": { "x": 0.5, "y": 0, "z": 0.5 },
		"scale": 1.4
	},
	"fpHandTransform": {
		"translation": { "x": 0, "y": 0, "z": 0 },
		"rotation": { "x": 42, "y": 129, "z": -30 }
	},
	"tpHandTransform": {
		"translation": { "x": -1.5, "y": -1, "z": -1.4 }
	}
}
