{
  "code": "foodoilportion",
  "class": "ItemLiquidPortion",
  "matterState": "liquid",
  "variantgroups": [
    { "code": "type", "states": ["corn"] }
  ],
  "attributes": {
    "handbook": {
      "ignoreCreativeInvStacks": true,
      "extraInfo": [ "Можна використовувати для готування" ]
    },
    "inBowlShape": { "base": "game:block/food/meal/liquid" },
    "nutritionPropsPerLitre": { "satiety": 300, "foodcategory": "Vegetable" },
    "nutritionPropsWhenInMeal": { "satiety": 300, "foodcategory": "Vegetable" },
    "waterTightContainerProps": {
      "containable": true,
      "itemsPerLitre": 100,
      "texture": { "base": "pemmican:block/liquid/sugarcanejuice" },
      "allowSpill": true,
      "whenSpilled": {
        "action": "DropContents",
        "stack": { "type": "item", "code": "pemmican:foodoilportion-corn" } 
      }
    }
  },
  "shape": { "base": "game:item/liquid" },
  "texture": { "base": "pemmican:block/liquid/sugarcanejuice" },
  "creativeinventoryStacks": [
    {
      "tabs": ["general", "liquids", "Long-term food"],
      "stacks": [
        {
          "type": "block",
          "code": "game:woodbucket",
          "attributes": {
            "ucontents": [
              { "type": "item", "code": "pemmican:foodoilportion-corn", "makefull": true }
            ]
          }
        }
      ]
    }
  ],
  "maxstacksize": 5000,
  "materialDensity": 200,
  "transitionableProps": [
    {
      "type": "Perish",
      "freshHours": { "avg": 7520 },
      "transitionHours": { "avg": 220 },
      "transitionedStack": { "type": "item", "code": "game:rot" },
      "transitionRatio": 0.002
    }
  ],
  "guiTransform": { "rotation": { "x": 128, "y": 40, "z": 7 }, "origin": { "x": 0.5, "y": 0, "z": 0.5 }, "scale": 1.4 },
  "fpHandTransform": { "translation": { "x": 0, "y": 0, "z": 0 }, "rotation": { "x": 42, "y": 129, "z": -30 } },
  "tpHandTransform": { "translation": { "x": -1.5, "y": -1, "z": -1.4 } }
}
