{
	"code": "sugarjuice",
	"class": "ItemLiquidPortion",
	"variantgroups": [
		{
			"code": "type",
			"states": [ "beet", "cane", "potato" ]
		}
	],
	"matterState": "liquid",
	"attributes": {
		"handbook": {
			"ignoreCreativeInvStacks": true
		},
		"inBowlShape": { "base": "game:block/food/meal/liquid" },
		"nutritionPropsWhenInMeal": { "satiety": 220, "foodcategory": "Fruit" },
		"waterTightContainerProps": {
			"containable": true,
			"itemsPerLitre": 100,
			"allowSpill": true,
			"hydration": 50,
			"textureByType": { 
				"*-cane": { "base": "pemmican:block/liquid/sugarcanejuice" },
				"*-beet": { "base": "pemmican:block/liquid/sugarbeetjuice" },
				"*-potato": { "base": "pemmican:block/liquid/potatojuice" }
			},	
			"whenSpilled": {
				"action": "DropContents",
				"stack": { "type": "item", "code": "pemmican:sugarjuice-{type}" }
			},
			"nutritionPropsPerLitre": {
				"saturation": 160,
				"foodcategory": "Vegetable"
			}
		}
	},
	"transitionableProps": [
		{
			"type": "Perish",
			"freshHours": { "avg": 120 },
			"transitionHours": { "avg": 48 },
			"transitionedStack": { "type": "item", "code": "game:rot" },
			"transitionRatio": 0.002
		}
	],
	"shape": { "base": "game:item/liquid" },
	"textureByType": { 
		"*-cane": { "base": "pemmican:block/liquid/sugarcanejuice" },
		"*-beet": { "base": "pemmican:block/liquid/sugarbeetjuice" },
		"*-potato": { "base": "pemmican:block/liquid/potatojuice" }
	},	
	"creativeinventoryStacks": [
		{
			"tabs": [ "general", "liquids", "Long-term food" ],
			"stacks": [
				{
					"type": "block",
					"code": "game:woodbucket",
					"attributes": {
						"ucontents": [
							{
								"type": "item",
								"code": "pemmican:sugarjuice-{type}",
								"makefull": true
							}
						]
					}
				}
			]
		}
	],
	"maxstacksize": 5000,
	"materialDensity": 200,
	"guiTransform": {
		"rotation": { "x": 128, "y": 40, "z": 7 },
		"origin": { "x": 0.5, "y": 0, "z": 0.5 },
		"scale": 1.4
	},
	"fpHandTransform": {
		"translation": { "x": 0, "y": 0, "z": 0 },
		"rotation": { "x": 42, "y": 129, "z": -30 }
	},
	"tpHandTransform": {
		"translation": { "x": -1.5, "y": -1, "z": -1.4 }
	}
}
