{
  "code": "syrup",
  "class": "ItemLiquidPortion",
  "variantgroups": [
    { "code": "type", "states": ["cane", "beet", "sugar"] }
  ],
  "matterState": "liquid",
  "attributes": {
    "handbook": {
      "ignoreCreativeInvStacks": true
    },
    "inBowlShape": { "base": "game:block/food/meal/liquid" },
	"hydration": -20,
    "waterTightContainerProps": {
	    "nutritionPropsWhenInMealByType": {
			"*-cane": { "satiety": 250, "health": 1, "foodcategory": "Fruit" },
			"*-beet": { "satiety": 250, "health": 1, "foodcategory": "Vegetable" },
			"syrup-sugar": { "satiety": 250, "health": 1, "foodcategory": "Fruit" }
		},
		"nutritionPropsPerLitreByType": {
			"*-cane": { "satiety": 250, "health": 1, "foodcategory": "Fruit" },
			"*-beet": { "satiety": 250, "health": 1, "foodcategory": "Vegetable" },
			"*-sugar": { "satiety": 250, "health": 1, "foodcategory": "Fruit" }
		},
      "containable": true,
      "itemsPerLitre": 100,
      "texturebytype": {
		  "*-cane":{"base": "pemmican:block/liquid/sugarcanesyrup" },
		  "*-beet":{"base": "pemmican:block/liquid/sugarbeetsyrup" },
		  "*-sugar":{"base": "pemmican:block/liquid/sugarsyrup" }
	  },
      "allowSpill": true,
      "whenSpilledByType": {
        "*-cane": {
          "action": "DropContents",
          "stack": { "type": "item", "code": "pemmican:syrup-cane" }
        },
        "*-beet": {
          "action": "DropContents",
          "stack": { "type": "item", "code": "pemmican:syrup-beet" }
        },
        "*-sugar": {
          "action": "DropContents",
          "stack": { "type": "item", "code": "pemmican:syrup-sugar" }
        }
      }
    }
  },
  "transitionableProps": [
    {
      "type": "Perish",
      "freshHours": { "avg": 1550 },
      "transitionHours": { "avg": 200 },
      "transitionedStack": { "type": "item", "code": "game:rot" },
      "transitionRatio": 0.002
    }
  ],
  "shape": { "base": "game:item/liquid" },
  "texturebytype": {
		  "*-cane":{"base": "pemmican:block/liquid/sugarcanesyrup" },
		  "*-beet":{"base": "pemmican:block/liquid/sugarbeetsyrup" },
		  "*-sugar":{"base": "pemmican:block/liquid/sugarsyrup" }
	  },
  "creativeinventoryStacks": [
    {
      "tabs": [ "general", "liquids", "Long-term food" ],
      "stacks": [
        {
          "type": "block",
          "code": "game:woodbucket",
          "attributes": {
            "ucontents": [
              {
                "type": "item",
                "code": "pemmican:syrup-{type}",
                "makefull": true
              }
            ]
          }
        }
      ]
    }
  ],
  "maxstacksize": 5000,
  "materialDensity": 200,
  "guiTransform": {
    "rotation": { "x": 128, "y": 40, "z": 7 },
    "origin": { "x": 0.5, "y": 0, "z": 0.5 },
    "scale": 1.4
  },
  "fpHandTransform": {
    "translation": { "x": 0, "y": 0, "z": 0 },
    "rotation": { "x": 42, "y": 129, "z": -30 }
  },
  "tpHandTransform": {
    "translation": { "x": -1.5, "y": -1, "z": -1.4 }
  }
}