{
    "code": "chainring",
    "shape": {
        "base": "item/chainring"
    },
    "textures": {
        "material": {
            "base": "game:block/metal/sheet/{metal}1"
        }
    },
    "maxstacksize": 64,
    "dimensions": { "width": 0.125, "height": 0.25, "length": 0.125 },
    "storageFlags": 4,
    "attributes": {
        "handbook": {
            "groupBy": [
                "chainring-*"
            ],
            "excludeByType": {
                "*-chromium": true,
                "*-platinum": true,
                "*-titanium": true,
                "*-steel": true,
                "*-iron": true,
                "*-meteoriciron": true,
                "*-stainlesssteel": true,
                "*-uranium": true
            }
        }
    },
    "variantgroups": [
        {
            "code": "metal",
            "loadFromProperties": "game:block/metal"
        }
    ],
    "skipVariants": [
        "*-cupronickel",
        "*-nickel",
        "*-electrum",
		"*-zinc",
		"*-platinum",
		"*-titanium",
		"*-molybdochalkos",
		"*-chromium",
		"*-tin",
		"*-lead",
		"*-brass",
		"*-stainlesssteel",
		"*-bismuth",
        "*-steel",
        "*-iron",
        "*-meteoriciron",
		"*-uranium"
    ],
    "texture": {
        "base": "game:block/metal/ingot/{metal}"
    },
    "creativeinventory": {
        "general": [
            "*"
        ],
        "items": [
            "*"
        ]
    },
    "materialDensityByType": {
        "*-copper": 8960,
        "*-brass": 8500,
        "*-tinbronze": 7600,
        "*-bismuthbronze": 7900,
        "*-blackbronze": 9000,
        "*-iron": 7870,
        "*-gold": 19300,
        "*-lead": 11300,
        "*-tin": 7260,
        "*-chromium": 7150,
        "*-platinum": 21500,
        "*-titanium": 4510,
        "*-zinc": 7140,
        "*-silver": 10500,
        "*-bismuth": 9790,
        "*-molybdochalkos": 9600
    },
    "combustiblePropsByType": {
        "chainring-copper": {
            "meltingPoint": 1084,
            "meltingDuration": 30,
            "smeltedRatio": 8,
            "smeltedStack": {
                "type": "item",
                "code": "game:ingot-copper"
            }
        },
        "chainring-brass": {
            "meltingPoint": 920,
            "meltingDuration": 30,
            "smeltedRatio": 8,
            "smeltedStack": {
                "type": "item",
                "code": "game:ingot-brass",
                "stacksize": 1
            }
        },
        "chainring-tinbronze": {
            "meltingPoint": 950,
            "meltingDuration": 30,
            "smeltedRatio": 8,
            "smeltedStack": {
                "type": "item",
                "code": "game:ingot-tinbronze",
                "stacksize": 1
            }
        },
        "chainring-bismuthbronze": {
            "meltingPoint": 850,
            "meltingDuration": 30,
            "smeltedRatio": 8,
            "smeltedStack": {
                "type": "item",
                "code": "game:ingot-bismuthbronze",
                "stacksize": 1
            }
        },
        "chainring-blackbronze": {
            "meltingPoint": 1020,
            "meltingDuration": 30,
            "smeltedRatio": 8,
            "smeltedStack": {
                "type": "item",
                "code": "game:ingot-blackbronze",
                "stacksize": 1
            }
        },
        "chainring-Frame": {
            "meltingPoint": 1482,
            "meltingDuration": 30,
            "smeltedRatio": 8,
            "smeltedStack": {
                "type": "item",
                "code": "game:ingot-iron",
                "stacksize": 1
            }
        },
        "chainring-gold": {
            "meltingPoint": 1063,
            "meltingDuration": 30,
            "smeltedRatio": 8,
            "smeltedStack": {
                "type": "item",
                "code": "game:ingot-gold",
                "stacksize": 1
            }
        },
        "chainring-lead": {
            "meltingPoint": 327,
            "meltingDuration": 30,
            "smeltedRatio": 8,
            "smeltedStack": {
                "type": "item",
                "code": "game:ingot-lead",
                "stacksize": 1
            }
        },
        "chainring-tin": {
            "meltingPoint": 232,
            "meltingDuration": 30,
            "smeltedRatio": 8,
            "smeltedStack": {
                "type": "item",
                "code": "game:ingot-tin",
                "stacksize": 1
            }
        },
        "chainring-chromium": {
            "meltingPoint": 1907,
            "meltingDuration": 30,
            "smeltedRatio": 8,
            "smeltedStack": {
                "type": "item",
                "code": "game:ingot-chromium",
                "stacksize": 1
            }
        },
        "chainring-platinum": {
            "meltingPoint": 1770,
            "meltingDuration": 30,
            "smeltedRatio": 8,
            "smeltedStack": {
                "type": "item",
                "code": "game:ingot-platinum",
                "stacksize": 1
            }
        },
        "chainring-titanium": {
            "meltingPoint": 1668,
            "meltingDuration": 30,
            "smeltedRatio": 8,
            "smeltedStack": {
                "type": "item",
                "code": "game:ingot-titanium",
                "stacksize": 1
            }
        },
        "chainring-zinc": {
            "meltingPoint": 419,
            "meltingDuration": 30,
            "smeltedRatio": 8,
            "smeltedStack": {
                "type": "item",
                "code": "game:ingot-zinc",
                "stacksize": 1
            }
        },
        "chainring-silver": {
            "meltingPoint": 961,
            "meltingDuration": 30,
            "smeltedRatio": 8,
            "smeltedStack": {
                "type": "item",
                "code": "game:ingot-silver",
                "stacksize": 1
            }
        },
        "chainring-bismuth": {
            "meltingPoint": 271,
            "meltingDuration": 30,
            "smeltedRatio": 8,
            "smeltedStack": {
                "type": "item",
                "code": "game:ingot-bismuth",
                "stacksize": 1
            }
        },
        "chainring-molybdochalkos": {
            "meltingPoint": 902,
            "meltingDuration": 30,
            "smeltedRatio": 8,
            "smeltedStack": {
                "type": "item",
                "code": "game:ingot-molybdochalkos",
                "stacksize": 1
            }
        }
    },
    "fpHandTransform": {
        "translation": {
            "x": -0.35,
            "y": -0.15,
            "z": 0
        },
        "rotation": {
            "x": 0,
            "y": 0,
            "z": 79
        },
        "scale": 1.8
    },
	"guiTransform": {
		"translation": { "x": 0, "y": 0, "z": 0 },
		"rotation": { "x": -25, "y": -44, "z": -180 },
		"origin": { "x": 0.52, "y": 0.1, "z": 0.5 },
		"scale": 3.98
	},
	"groundTransform": {
		"translation": {
			"x": 0,
			"y": 0,
			"z": 0
		},
		"rotation": {
			"x": 0,
			"y": 90,
			"z": 0
		},
		"origin": {
			"x": 0.5,
			"y": 0,
			"z": 0.5
		},
			"scale": 4
	},
	"tpHandTransform": {
		"translation": { "x": -0.7, "y": -0.1, "z": -0.5299 },
		"rotation": { "x": 94, "y": 0, "z": 0 },
		"origin": { "x": 0.5, "y": 0.1, "z": 0.5 },
		"scale": 0.91
		}

}

