[
	{
		"id": "flaxtwine",
		"gripStatTag": "twine",
		"gripShapePath": "fabric",
		"gripTextureOverride": ""
	},
	{
		"id": "linen-diamond-down",
		"gripStatTag": "cloth",
		"gripShapePath": "fabric",
		"gripTextureOverride": "game:block/cloth/linen/diamond1"
	},
	{
		"id": "linen-normal-down",
		"gripStatTag": "cloth",
		"gripShapePath": "fabric",
		"gripTextureOverride": "game:block/cloth/linen/normal1"
	},
	{
		"id": "linen-offset-down",
		"gripStatTag": "cloth",
		"gripShapePath": "fabric",
		"gripTextureOverride": "game:block/cloth/linen/offset1"
	},
	{
		"id": "linen-square-down",
		"gripStatTag": "cloth",
		"gripShapePath": "fabric",
		"gripTextureOverride": "game:block/cloth/linen/square1"
	},
	{
		"id": "cloth-plain",
		"gripStatTag": "cloth",
		"gripShapePath": "fabric",
		"gripTextureOverride": "game:block/cloth/linen/normal1"
	},
	{
		"id": "cloth-mordant",
		"gripStatTag": "cloth",
		"gripShapePath": "fabric",
		"gripTextureOverride": "game:block/cloth/linen/mordant"
	},
	{
		"id": "cloth-blue",
		"gripStatTag": "cloth",
		"gripShapePath": "fabric",
		"gripTextureOverride": "game:block/cloth/linen/blue"
	},
	{
		"id": "cloth-red",
		"gripStatTag": "cloth",
		"gripShapePath": "fabric",
		"gripTextureOverride": "game:block/cloth/linen/red"
	},
	{
		"id": "cloth-yellow",
		"gripStatTag": "cloth",
		"gripShapePath": "fabric",
		"gripTextureOverride": "game:block/cloth/linen/yellow"
	},
	{
		"id": "cloth-green",
		"gripStatTag": "cloth",
		"gripShapePath": "fabric",
		"gripTextureOverride": "game:block/cloth/linen/green"
	},
	{
		"id": "cloth-purple",
		"gripStatTag": "cloth",
		"gripShapePath": "fabric",
		"gripTextureOverride": "game:block/cloth/linen/purple"
	},
	{
		"id": "cloth-pink",
		"gripStatTag": "cloth",
		"gripShapePath": "fabric",
		"gripTextureOverride": "game:block/cloth/linen/pink"
	},
	{
		"id": "cloth-orange",
		"gripStatTag": "cloth",
		"gripShapePath": "fabric",
		"gripTextureOverride": "game:block/cloth/linen/orange"
	},
	{
		"id": "cloth-brown",
		"gripStatTag": "cloth",
		"gripShapePath": "fabric",
		"gripTextureOverride": "game:block/cloth/linen/brown"
	},
	{
		"id": "cloth-gray",
		"gripStatTag": "cloth",
		"gripShapePath": "fabric",
		"gripTextureOverride": "game:block/cloth/linen/gray"
	},
	{
		"id": "cloth-black",
		"gripStatTag": "cloth",
		"gripShapePath": "fabric",
		"gripTextureOverride": "game:block/cloth/linen/black"
	},
	{
		"id": "cloth-white",
		"gripStatTag": "cloth",
		"gripShapePath": "fabric",
		"gripTextureOverride": "game:block/cloth/linen/white"
	},
	{
		"id": "leather-normal-plain",
		"gripStatTag": "leather",
		"gripShapePath": "fabric",
		"gripTextureOverride": ""
	},
	{
		"id": "leather-normal-orange",
		"gripStatTag": "leather",
		"gripShapePath": "fabric",
		"gripTextureOverride": "game:block/leather/orange"
	},
	{
		"id": "leather-normal-black",
		"gripStatTag": "leather",
		"gripShapePath": "fabric",
		"gripTextureOverride": "game:block/leather/black"
	},
	{
		"id": "leather-normal-red",
		"gripStatTag": "leather",
		"gripShapePath": "fabric",
		"gripTextureOverride": "game:block/leather/red"
	},
	{
		"id": "leather-normal-blue",
		"gripStatTag": "leather",
		"gripShapePath": "fabric",
		"gripTextureOverride": "game:block/leather/blue"
	},
	{
		"id": "leather-normal-purple",
		"gripStatTag": "leather",
		"gripShapePath": "fabric",
		"gripTextureOverride": "game:block/leather/purple"
	},
	{
		"id": "leather-normal-pink",
		"gripStatTag": "leather",
		"gripShapePath": "fabric",
		"gripTextureOverride": "game:block/leather/pink"
	},
	{
		"id": "leather-normal-white",
		"gripStatTag": "leather",
		"gripShapePath": "fabric",
		"gripTextureOverride": "game:block/leather/white"
	},
	{
		"id": "leather-normal-yellow",
		"gripStatTag": "leather",
		"gripShapePath": "fabric",
		"gripTextureOverride": "game:block/leather/yellow"
	},
	{
		"id": "leather-normal-gray",
		"gripStatTag": "leather",
		"gripShapePath": "fabric",
		"gripTextureOverride": "game:block/leather/gray"
	},
	{
		"id": "leather-normal-green",
		"gripStatTag": "leather",
		"gripShapePath": "fabric",
		"gripTextureOverride": "game:block/leather/green"
	},
	{
		"id": "leather-sturdy-plain",
		"gripStatTag": "sturdy",
		"gripShapePath": "fabric",
		"gripTextureOverride": ""
	}
]