{
	"editor": {
		"allAngles": true,
		"entityTextureMode": false
	},
	"textureWidth": 16,
	"textureHeight": 16,
	"textureSizes": {
	},
	"textures": {
		"sulfurtuft": "mycodiversity:block/plant/mushroom/sulfurtuft/sulfurtuft"
	},
	"elements": [
		{
			"name": "origin",
			"from": [ 0.0, 0.0, 0.0 ],
			"to": [ 0.0, 0.0, 0.0 ],
			"rotationOrigin": [ 8.0, 0.0, 8.0 ],
			"faces": {
			},
			"children": [
				{
					"name": "medium small",
					"from": [ 6.8, 0.0, 6.6 ],
					"to": [ 7.4, 1.5, 7.2 ],
					"rotationOrigin": [ 7.3, 0.0, 7.1 ],
					"rotationX": -13.0,
					"faces": {
						"north": { "texture": "#sulfurtuft", "uv": [ 1.0, 14.0, 1.5, 15.5 ] },
						"east": { "texture": "#sulfurtuft", "uv": [ 6.5, 13.0, 7.0, 14.5 ] },
						"south": { "texture": "#sulfurtuft", "uv": [ 5.0, 14.0, 5.5, 15.5 ] },
						"west": { "texture": "#sulfurtuft", "uv": [ 5.0, 14.0, 5.5, 15.5 ] },
						"down": { "texture": "#sulfurtuft", "uv": [ 2.0, 14.0, 2.5, 14.5 ] }
					},
					"children": [
						{
							"name": "cap",
							"from": [ -1.1, 2.8, -0.5 ],
							"to": [ 1.4, 3.3, 2.0 ],
							"rotationOrigin": [ 0.4, 2.8, 1.0 ],
							"rotationX": 5.0,
							"rotationY": -46.0,
							"faces": {
								"north": { "texture": "#sulfurtuft", "uv": [ 13.0, 3.0, 15.5, 3.5 ] },
								"east": { "texture": "#sulfurtuft", "uv": [ 9.0, 7.0, 11.5, 7.5 ] },
								"south": { "texture": "#sulfurtuft", "uv": [ 10.0, 7.0, 12.5, 7.5 ] },
								"west": { "texture": "#sulfurtuft", "uv": [ 9.0, 7.0, 11.5, 7.5 ] },
								"up": { "texture": "#sulfurtuft", "uv": [ 3.0, 3.0, 5.5, 5.5 ] },
								"down": { "texture": "#sulfurtuft", "uv": [ 11.5, 8.5, 14.0, 11.0 ] }
							}
						},
						{
							"name": "stem",
							"from": [ 0.0, 1.5, 0.0 ],
							"to": [ 0.6, 3.0, 0.6 ],
							"rotationOrigin": [ 0.5, 1.5, 0.0 ],
							"rotationX": 5.0,
							"rotationZ": 0.1,
							"faces": {
								"north": { "texture": "#sulfurtuft", "uv": [ 6.0, 12.5, 6.5, 14.0 ] },
								"east": { "texture": "#sulfurtuft", "uv": [ 3.5, 10.5, 4.0, 12.0 ] },
								"south": { "texture": "#sulfurtuft", "uv": [ 6.5, 12.5, 7.0, 14.0 ] },
								"west": { "texture": "#sulfurtuft", "uv": [ 6.0, 12.5, 6.5, 14.0 ] },
								"down": { "texture": "#sulfurtuft", "uv": [ 6.0, 10.0, 6.5, 10.5 ] }
							}
						}
					]
				},
				{
					"name": "tiny13",
					"from": [ 5.5, -0.3, 7.0 ],
					"to": [ 6.1, 1.2, 7.6 ],
					"rotationOrigin": [ 6.0, -0.3, 7.5 ],
					"rotationY": 33.0,
					"rotationZ": 26.0,
					"faces": {
						"north": { "texture": "#sulfurtuft", "uv": [ 5.5, 10.5, 6.0, 12.0 ] },
						"east": { "texture": "#sulfurtuft", "uv": [ 6.0, 8.5, 6.5, 10.0 ] },
						"south": { "texture": "#sulfurtuft", "uv": [ 5.5, 10.5, 6.0, 12.0 ] },
						"west": { "texture": "#sulfurtuft", "uv": [ 5.5, 11.0, 6.0, 12.5 ] },
						"down": { "texture": "#sulfurtuft", "uv": [ 2.0, 14.0, 2.5, 14.5 ] }
					},
					"children": [
						{
							"name": "cap3",
							"from": [ -0.2, 2.6, -0.7 ],
							"to": [ 1.8, 3.1, 1.3 ],
							"rotationOrigin": [ 0.8, 2.6, 0.3 ],
							"rotationZ": -14.0,
							"faces": {
								"north": { "texture": "#sulfurtuft", "uv": [ 4.5, 4.0, 6.5, 4.5 ] },
								"east": { "texture": "#sulfurtuft", "uv": [ 3.0, 5.5, 5.0, 6.0 ] },
								"south": { "texture": "#sulfurtuft", "uv": [ 5.0, 6.5, 7.0, 7.0 ] },
								"west": { "texture": "#sulfurtuft", "uv": [ 7.0, 5.5, 9.0, 6.0 ] },
								"up": { "texture": "#sulfurtuft", "uv": [ 3.0, 3.5, 5.0, 5.5 ] },
								"down": { "texture": "#sulfurtuft", "uv": [ 11.0, 13.5, 13.0, 15.5 ] }
							}
						},
						{
							"name": "stem2",
							"from": [ 0.0, 1.5, 0.0 ],
							"to": [ 0.6, 3.0, 0.6 ],
							"rotationOrigin": [ 0.0, 1.5, 0.5 ],
							"rotationY": 0.1,
							"rotationZ": -14.0,
							"faces": {
								"north": { "texture": "#sulfurtuft", "uv": [ 5.5, 12.0, 6.0, 13.5 ] },
								"east": { "texture": "#sulfurtuft", "uv": [ 4.5, 10.5, 5.0, 12.0 ] },
								"south": { "texture": "#sulfurtuft", "uv": [ 4.5, 10.5, 5.0, 12.0 ] },
								"west": { "texture": "#sulfurtuft", "uv": [ 4.5, 12.0, 5.0, 13.5 ] },
								"down": { "texture": "#sulfurtuft", "uv": [ 7.5, 11.0, 8.0, 11.5 ] }
							}
						}
					]
				},
				{
					"name": "medium small21",
					"from": [ 7.6, 0.0, 8.1 ],
					"to": [ 8.2, 2.0, 8.7 ],
					"rotationOrigin": [ 8.1, 0.0, 8.6 ],
					"rotationX": 22.5,
					"rotationZ": -8.0,
					"faces": {
						"north": { "texture": "#sulfurtuft", "uv": [ 1.0, 12.0, 1.5, 14.0 ] },
						"east": { "texture": "#sulfurtuft", "uv": [ 3.0, 13.0, 3.5, 15.0 ] },
						"south": { "texture": "#sulfurtuft", "uv": [ 7.0, 12.5, 7.5, 14.5 ] },
						"west": { "texture": "#sulfurtuft", "uv": [ 6.0, 14.0, 6.5, 16.0 ] },
						"down": { "texture": "#sulfurtuft", "uv": [ 2.0, 14.0, 2.5, 14.5 ] }
					},
					"children": [
						{
							"name": "cap22",
							"from": [ -1.3, 3.3, -1.3 ],
							"to": [ 1.2, 3.8, 1.2 ],
							"rotationOrigin": [ 0.2, 3.3, 0.2 ],
							"rotationX": -18.0,
							"rotationY": -46.0,
							"faces": {
								"north": { "texture": "#sulfurtuft", "uv": [ 11.0, 7.0, 13.5, 7.5 ] },
								"east": { "texture": "#sulfurtuft", "uv": [ 10.5, 6.0, 13.0, 6.5 ] },
								"south": { "texture": "#sulfurtuft", "uv": [ 10.5, 5.5, 13.0, 6.0 ] },
								"west": { "texture": "#sulfurtuft", "uv": [ 11.0, 6.5, 13.5, 7.0 ] },
								"up": { "texture": "#sulfurtuft", "uv": [ 11.0, 2.5, 13.5, 5.0 ] },
								"down": { "texture": "#sulfurtuft", "uv": [ 9.0, 8.5, 11.5, 11.0 ] }
							}
						},
						{
							"name": "stem23",
							"from": [ 0.0, 1.8, 0.0 ],
							"to": [ 0.6, 3.3, 0.6 ],
							"rotationOrigin": [ 0.5, 1.8, 0.5 ],
							"rotationX": -15.0,
							"rotationZ": 0.1,
							"faces": {
								"north": { "texture": "#sulfurtuft", "uv": [ 5.5, 11.0, 6.0, 12.5 ] },
								"east": { "texture": "#sulfurtuft", "uv": [ 4.5, 11.0, 5.0, 12.5 ] },
								"south": { "texture": "#sulfurtuft", "uv": [ 5.5, 10.5, 6.0, 12.0 ] },
								"west": { "texture": "#sulfurtuft", "uv": [ 6.5, 11.0, 7.0, 12.5 ] }
							}
						}
					]
				},
				{
					"name": "medium small24",
					"from": [ 7.5, -0.3, 5.3 ],
					"to": [ 8.0, 0.7, 5.8 ],
					"rotationOrigin": [ 7.7, -0.3, 5.6 ],
					"rotationY": 42.0,
					"rotationZ": -30.0,
					"faces": {
						"north": { "texture": "#sulfurtuft", "uv": [ 1.0, 14.0, 1.5, 15.0 ] },
						"east": { "texture": "#sulfurtuft", "uv": [ 6.5, 13.5, 7.0, 14.5 ] },
						"south": { "texture": "#sulfurtuft", "uv": [ 7.0, 14.0, 7.5, 15.0 ] },
						"west": { "texture": "#sulfurtuft", "uv": [ 7.0, 14.0, 7.5, 15.0 ] },
						"down": { "texture": "#sulfurtuft", "uv": [ 2.0, 14.0, 2.5, 14.5 ] }
					},
					"children": [
						{
							"name": "cap25",
							"from": [ -0.5, 1.9, -0.3 ],
							"to": [ 0.5, 2.4, 0.7 ],
							"rotationOrigin": [ 0.0, 1.9, 0.2 ],
							"rotationY": 2.0,
							"rotationZ": 16.0,
							"faces": {
								"north": { "texture": "#sulfurtuft", "uv": [ 10.5, 1.5, 11.5, 2.0 ] },
								"east": { "texture": "#sulfurtuft", "uv": [ 9.0, 3.0, 10.0, 3.5 ] },
								"south": { "texture": "#sulfurtuft", "uv": [ 9.0, 3.0, 10.0, 3.5 ] },
								"west": { "texture": "#sulfurtuft", "uv": [ 9.0, 4.5, 10.0, 5.0 ] },
								"up": { "texture": "#sulfurtuft", "uv": [ 5.0, 5.0, 6.0, 6.0 ] },
								"down": { "texture": "#sulfurtuft", "uv": [ 9.0, 10.0, 10.0, 11.0 ] }
							}
						},
						{
							"name": "stem26",
							"from": [ 0.0, 1.0, 0.0 ],
							"to": [ 0.5, 2.0, 0.5 ],
							"rotationOrigin": [ 0.5, 1.0, 0.0 ],
							"rotationX": 0.1,
							"rotationZ": 17.0,
							"faces": {
								"north": { "texture": "#sulfurtuft", "uv": [ 5.0, 10.0, 5.5, 11.0 ] },
								"east": { "texture": "#sulfurtuft", "uv": [ 5.5, 10.5, 6.0, 11.5 ] },
								"south": { "texture": "#sulfurtuft", "uv": [ 6.5, 12.0, 7.0, 13.0 ] },
								"west": { "texture": "#sulfurtuft", "uv": [ 6.5, 12.5, 7.0, 13.5 ] }
							}
						}
					]
				},
				{
					"name": "tiny",
					"from": [ 10.3, 0.0, 4.2 ],
					"to": [ 10.9, 1.0, 4.8 ],
					"rotationOrigin": [ 10.8, 0.0, 4.7 ],
					"rotationY": 34.0,
					"faces": {
						"north": { "texture": "#sulfurtuft", "uv": [ 4.5, 12.0, 5.0, 13.0 ] },
						"east": { "texture": "#sulfurtuft", "uv": [ 5.0, 10.5, 5.5, 11.5 ] },
						"south": { "texture": "#sulfurtuft", "uv": [ 6.0, 9.0, 6.5, 10.0 ] },
						"west": { "texture": "#sulfurtuft", "uv": [ 5.5, 9.0, 6.0, 10.0 ] },
						"down": { "texture": "#sulfurtuft", "uv": [ 2.0, 14.0, 2.5, 14.5 ] }
					},
					"children": [
						{
							"name": "cap2",
							"from": [ -0.5, 1.0, -0.7 ],
							"to": [ 1.5, 1.5, 1.3 ],
							"rotationOrigin": [ 0.5, 1.0, 0.3 ],
							"faces": {
								"up": { "texture": "#sulfurtuft", "uv": [ 3.5, 3.5, 5.5, 5.5 ] },
								"down": { "texture": "#sulfurtuft", "uv": [ 11.5, 13.5, 13.5, 15.5 ] }
							}
						},
						{
							"name": "cap17",
							"from": [ 1.5, 1.0, -0.7 ],
							"to": [ 2.0, 1.5, 1.3 ],
							"rotationOrigin": [ 1.5, 1.5, 0.3 ],
							"rotationZ": -18.0,
							"faces": {
								"north": { "texture": "#sulfurtuft", "uv": [ 10.0, 6.0, 10.5, 6.5 ] },
								"east": { "texture": "#sulfurtuft", "uv": [ 6.5, 3.0, 8.5, 3.5 ] },
								"south": { "texture": "#sulfurtuft", "uv": [ 8.0, 4.5, 8.5, 5.0 ] },
								"up": { "texture": "#sulfurtuft", "uv": [ 8.0, 4.0, 8.5, 6.0 ] },
								"down": { "texture": "#sulfurtuft", "uv": [ 15.5, 10.5, 16.0, 12.5 ] }
							}
						},
						{
							"name": "cap18",
							"from": [ -0.5, 1.0, -1.2 ],
							"to": [ 1.5, 1.5, -0.7 ],
							"rotationOrigin": [ 0.5, 1.0, -0.7 ],
							"rotationX": 17.0,
							"faces": {
								"north": { "texture": "#sulfurtuft", "uv": [ 5.5, 7.0, 7.5, 7.5 ] },
								"east": { "texture": "#sulfurtuft", "uv": [ 6.0, 3.0, 6.5, 3.5 ] },
								"west": { "texture": "#sulfurtuft", "uv": [ 5.0, 5.0, 5.5, 5.5 ] },
								"up": { "texture": "#sulfurtuft", "uv": [ 3.5, 3.0, 5.5, 3.5 ] },
								"down": { "texture": "#sulfurtuft", "uv": [ 12.0, 8.5, 14.0, 9.0 ] }
							}
						},
						{
							"name": "cap19",
							"from": [ -0.5, 1.0, 1.3 ],
							"to": [ 1.5, 1.5, 1.8 ],
							"rotationOrigin": [ 0.5, 1.5, 1.3 ],
							"rotationX": 18.0,
							"faces": {
								"east": { "texture": "#sulfurtuft", "uv": [ 5.5, 6.0, 6.0, 6.5 ] },
								"south": { "texture": "#sulfurtuft", "uv": [ 6.0, 6.5, 8.0, 7.0 ] },
								"west": { "texture": "#sulfurtuft", "uv": [ 4.0, 3.0, 4.5, 3.5 ] },
								"up": { "texture": "#sulfurtuft", "uv": [ 8.0, 2.0, 10.0, 2.5 ] },
								"down": { "texture": "#sulfurtuft", "uv": [ 10.5, 8.5, 12.5, 9.0 ] }
							}
						},
						{
							"name": "cap20",
							"from": [ -1.0, 1.0, -0.7 ],
							"to": [ -0.5, 1.5, 1.3 ],
							"rotationOrigin": [ -0.5, 1.5, 0.3 ],
							"rotationZ": 18.0,
							"faces": {
								"north": { "texture": "#sulfurtuft", "uv": [ 10.5, 6.5, 11.0, 7.0 ] },
								"south": { "texture": "#sulfurtuft", "uv": [ 8.0, 2.5, 8.5, 3.0 ] },
								"west": { "texture": "#sulfurtuft", "uv": [ 8.0, 4.0, 10.0, 4.5 ] },
								"up": { "texture": "#sulfurtuft", "uv": [ 8.0, 4.0, 8.5, 6.0 ] },
								"down": { "texture": "#sulfurtuft", "uv": [ 8.5, 10.5, 9.0, 12.5 ] }
							}
						}
					]
				},
				{
					"name": "tiny20",
					"from": [ 4.8, 0.0, 10.0 ],
					"to": [ 5.4, 0.5, 10.6 ],
					"rotationOrigin": [ 5.3, 0.0, 10.5 ],
					"rotationY": -39.0,
					"faces": {
						"north": { "texture": "#sulfurtuft", "uv": [ 3.0, 13.0, 3.5, 13.5 ] },
						"east": { "texture": "#sulfurtuft", "uv": [ 5.5, 9.5, 6.0, 10.0 ] },
						"south": { "texture": "#sulfurtuft", "uv": [ 5.0, 8.5, 5.5, 9.0 ] },
						"west": { "texture": "#sulfurtuft", "uv": [ 5.5, 9.0, 6.0, 9.5 ] },
						"down": { "texture": "#sulfurtuft", "uv": [ 2.0, 14.0, 2.5, 14.5 ] }
					},
					"children": [
						{
							"name": "cap6",
							"from": [ -0.5, 0.5, -0.5 ],
							"to": [ 1.0, 1.0, 1.0 ],
							"rotationOrigin": [ 0.2, 0.5, 0.2 ],
							"faces": {
								"north": { "texture": "#sulfurtuft", "uv": [ 4.0, 4.0, 5.5, 4.5 ] },
								"east": { "texture": "#sulfurtuft", "uv": [ 4.0, 3.5, 5.5, 4.0 ] },
								"south": { "texture": "#sulfurtuft", "uv": [ 5.5, 5.5, 7.0, 6.0 ] },
								"west": { "texture": "#sulfurtuft", "uv": [ 5.0, 6.0, 6.5, 6.5 ] },
								"up": { "texture": "#sulfurtuft", "uv": [ 13.0, 4.0, 14.5, 5.5 ] },
								"down": { "texture": "#sulfurtuft", "uv": [ 9.0, 9.0, 10.5, 10.5 ] }
							}
						}
					]
				},
				{
					"name": "single voxel",
					"from": [ 5.9, 0.0, 4.2 ],
					"to": [ 6.9, 0.5, 5.2 ],
					"rotationOrigin": [ 5.9, 0.0, 4.2 ],
					"rotationY": -16.0,
					"faces": {
						"north": { "texture": "#sulfurtuft", "uv": [ 9.0, 4.0, 10.0, 4.5 ] },
						"east": { "texture": "#sulfurtuft", "uv": [ 12.0, 7.0, 13.0, 7.5 ] },
						"south": { "texture": "#sulfurtuft", "uv": [ 5.0, 6.0, 6.0, 6.5 ] },
						"west": { "texture": "#sulfurtuft", "uv": [ 4.0, 3.0, 5.0, 3.5 ] },
						"up": { "texture": "#sulfurtuft", "uv": [ 3.0, 5.0, 4.0, 6.0 ] },
						"down": { "texture": "#sulfurtuft", "uv": [ 11.0, 8.0, 12.0, 9.0 ] }
					}
				},
				{
					"name": "single voxel27",
					"from": [ 11.8, 0.0, 3.1 ],
					"to": [ 12.3, 0.5, 3.6 ],
					"rotationOrigin": [ 11.8, 0.0, 3.1 ],
					"rotationY": 20.0,
					"faces": {
						"north": { "texture": "#sulfurtuft", "uv": [ 12.0, 3.0, 12.5, 3.5 ] },
						"east": { "texture": "#sulfurtuft", "uv": [ 7.0, 2.0, 7.5, 2.5 ] },
						"south": { "texture": "#sulfurtuft", "uv": [ 10.0, 1.0, 10.5, 1.5 ] },
						"west": { "texture": "#sulfurtuft", "uv": [ 7.0, 4.0, 7.5, 4.5 ] },
						"up": { "texture": "#sulfurtuft", "uv": [ 0.0, 2.0, 0.5, 2.5 ] },
						"down": { "texture": "#sulfurtuft", "uv": [ 6.0, 7.0, 6.5, 7.5 ] }
					}
				},
				{
					"name": "single voxel25",
					"from": [ 12.0, 0.0, 9.0 ],
					"to": [ 13.0, 0.5, 10.0 ],
					"rotationOrigin": [ 12.0, 0.0, 9.0 ],
					"rotationY": 20.0,
					"faces": {
						"north": { "texture": "#sulfurtuft", "uv": [ 12.0, 3.0, 13.0, 3.5 ] },
						"east": { "texture": "#sulfurtuft", "uv": [ 7.0, 2.0, 8.0, 2.5 ] },
						"south": { "texture": "#sulfurtuft", "uv": [ 10.0, 1.0, 11.0, 1.5 ] },
						"west": { "texture": "#sulfurtuft", "uv": [ 7.0, 4.0, 8.0, 4.5 ] },
						"up": { "texture": "#sulfurtuft", "uv": [ 0.0, 2.0, 1.0, 3.0 ] },
						"down": { "texture": "#sulfurtuft", "uv": [ 6.0, 7.0, 7.0, 8.0 ] }
					}
				},
				{
					"name": "medium small22",
					"from": [ 9.9, -0.2, 6.8 ],
					"to": [ 10.5, 1.8, 7.4 ],
					"rotationOrigin": [ 10.4, -0.2, 7.3 ],
					"rotationX": 8.0,
					"rotationY": 28.0,
					"rotationZ": -8.0,
					"faces": {
						"north": { "texture": "#sulfurtuft", "uv": [ 1.0, 13.0, 1.5, 15.0 ] },
						"east": { "texture": "#sulfurtuft", "uv": [ 6.0, 12.5, 6.5, 14.5 ] },
						"south": { "texture": "#sulfurtuft", "uv": [ 4.5, 13.5, 5.0, 15.5 ] },
						"west": { "texture": "#sulfurtuft", "uv": [ 6.0, 13.0, 6.5, 15.0 ] },
						"down": { "texture": "#sulfurtuft", "uv": [ 2.0, 14.0, 2.5, 14.5 ] }
					},
					"children": [
						{
							"name": "cap23",
							"from": [ -1.2, 3.3, -1.3 ],
							"to": [ 1.3, 3.8, 1.2 ],
							"rotationOrigin": [ 0.3, 3.3, 0.2 ],
							"rotationX": -18.0,
							"rotationY": -46.0,
							"faces": {
								"north": { "texture": "#sulfurtuft", "uv": [ 11.0, 1.5, 13.5, 2.0 ] },
								"east": { "texture": "#sulfurtuft", "uv": [ 7.0, 5.0, 9.5, 5.5 ] },
								"south": { "texture": "#sulfurtuft", "uv": [ 9.5, 5.5, 12.0, 6.0 ] },
								"west": { "texture": "#sulfurtuft", "uv": [ 9.0, 7.0, 11.5, 7.5 ] },
								"up": { "texture": "#sulfurtuft", "uv": [ 3.0, 3.0, 5.5, 5.5 ] },
								"down": { "texture": "#sulfurtuft", "uv": [ 9.0, 10.0, 11.5, 12.5 ] }
							}
						},
						{
							"name": "stem24",
							"from": [ 0.0, 1.8, 0.0 ],
							"to": [ 0.6, 3.3, 0.6 ],
							"rotationOrigin": [ 0.5, 1.8, 0.5 ],
							"rotationX": -15.0,
							"rotationZ": 0.1,
							"faces": {
								"north": { "texture": "#sulfurtuft", "uv": [ 5.5, 9.0, 6.0, 10.5 ] },
								"east": { "texture": "#sulfurtuft", "uv": [ 4.5, 9.0, 5.0, 10.5 ] },
								"south": { "texture": "#sulfurtuft", "uv": [ 6.5, 10.5, 7.0, 12.0 ] },
								"west": { "texture": "#sulfurtuft", "uv": [ 4.0, 9.5, 4.5, 11.0 ] }
							}
						}
					]
				},
				{
					"name": "tiny14",
					"from": [ 6.2, -0.8, 8.6 ],
					"to": [ 6.8, 0.7, 9.2 ],
					"rotationOrigin": [ 6.7, -0.8, 9.1 ],
					"rotationY": 78.0,
					"rotationZ": 26.0,
					"faces": {
						"north": { "texture": "#sulfurtuft", "uv": [ 3.0, 12.5, 3.5, 14.0 ] },
						"east": { "texture": "#sulfurtuft", "uv": [ 1.5, 12.5, 2.0, 14.0 ] },
						"south": { "texture": "#sulfurtuft", "uv": [ 5.5, 12.5, 6.0, 14.0 ] },
						"west": { "texture": "#sulfurtuft", "uv": [ 4.5, 11.5, 5.0, 13.0 ] },
						"down": { "texture": "#sulfurtuft", "uv": [ 2.0, 14.0, 2.5, 14.5 ] }
					},
					"children": [
						{
							"name": "cap4",
							"from": [ -0.3, 2.6, -0.7 ],
							"to": [ 1.7, 3.1, 1.3 ],
							"rotationOrigin": [ 0.7, 2.6, 0.3 ],
							"rotationZ": -14.0,
							"faces": {
								"north": { "texture": "#sulfurtuft", "uv": [ 4.5, 4.0, 6.5, 4.5 ] },
								"east": { "texture": "#sulfurtuft", "uv": [ 3.0, 5.5, 5.0, 6.0 ] },
								"south": { "texture": "#sulfurtuft", "uv": [ 5.0, 6.5, 7.0, 7.0 ] },
								"west": { "texture": "#sulfurtuft", "uv": [ 7.0, 5.5, 9.0, 6.0 ] },
								"up": { "texture": "#sulfurtuft", "uv": [ 3.0, 3.5, 5.0, 5.5 ] },
								"down": { "texture": "#sulfurtuft", "uv": [ 11.0, 9.5, 13.0, 11.5 ] }
							}
						},
						{
							"name": "stem3",
							"from": [ 0.0, 1.5, 0.0 ],
							"to": [ 0.6, 3.0, 0.6 ],
							"rotationOrigin": [ 0.0, 1.5, 0.5 ],
							"rotationY": 0.1,
							"rotationZ": -14.0,
							"faces": {
								"north": { "texture": "#sulfurtuft", "uv": [ 5.5, 12.5, 6.0, 14.0 ] },
								"east": { "texture": "#sulfurtuft", "uv": [ 4.5, 10.5, 5.0, 12.0 ] },
								"south": { "texture": "#sulfurtuft", "uv": [ 4.0, 11.0, 4.5, 12.5 ] },
								"west": { "texture": "#sulfurtuft", "uv": [ 4.5, 13.0, 5.0, 14.5 ] },
								"down": { "texture": "#sulfurtuft", "uv": [ 7.5, 11.0, 8.0, 11.5 ] }
							}
						}
					]
				},
				{
					"name": "tiny15",
					"from": [ 9.7, -0.8, 8.4 ],
					"to": [ 10.3, 0.7, 9.0 ],
					"rotationOrigin": [ 10.2, -0.8, 8.9 ],
					"rotationY": 127.0,
					"rotationZ": 26.0,
					"faces": {
						"north": { "texture": "#sulfurtuft", "uv": [ 4.0, 13.0, 4.5, 14.5 ] },
						"east": { "texture": "#sulfurtuft", "uv": [ 4.0, 10.5, 4.5, 12.0 ] },
						"south": { "texture": "#sulfurtuft", "uv": [ 5.5, 10.5, 6.0, 12.0 ] },
						"west": { "texture": "#sulfurtuft", "uv": [ 4.0, 12.0, 4.5, 13.5 ] },
						"down": { "texture": "#sulfurtuft", "uv": [ 2.0, 14.0, 2.5, 14.5 ] }
					},
					"children": [
						{
							"name": "cap5",
							"from": [ -0.4, 2.6, -0.6 ],
							"to": [ 1.6, 3.1, 1.4 ],
							"rotationOrigin": [ 0.6, 2.6, 0.4 ],
							"rotationZ": -14.0,
							"faces": {
								"north": { "texture": "#sulfurtuft", "uv": [ 4.5, 4.0, 6.5, 4.5 ] },
								"east": { "texture": "#sulfurtuft", "uv": [ 3.0, 5.5, 5.0, 6.0 ] },
								"south": { "texture": "#sulfurtuft", "uv": [ 5.0, 6.5, 7.0, 7.0 ] },
								"west": { "texture": "#sulfurtuft", "uv": [ 7.0, 5.5, 9.0, 6.0 ] },
								"up": { "texture": "#sulfurtuft", "uv": [ 11.0, 3.0, 13.0, 5.0 ] },
								"down": { "texture": "#sulfurtuft", "uv": [ 11.0, 9.5, 13.0, 11.5 ] }
							}
						},
						{
							"name": "stem4",
							"from": [ 0.0, 1.5, 0.0 ],
							"to": [ 0.6, 3.0, 0.6 ],
							"rotationOrigin": [ 0.0, 1.5, 0.5 ],
							"rotationY": 0.1,
							"rotationZ": -14.0,
							"faces": {
								"north": { "texture": "#sulfurtuft", "uv": [ 5.5, 12.5, 6.0, 14.0 ] },
								"east": { "texture": "#sulfurtuft", "uv": [ 4.5, 10.5, 5.0, 12.0 ] },
								"south": { "texture": "#sulfurtuft", "uv": [ 4.0, 11.0, 4.5, 12.5 ] },
								"west": { "texture": "#sulfurtuft", "uv": [ 4.5, 13.0, 5.0, 14.5 ] },
								"down": { "texture": "#sulfurtuft", "uv": [ 7.5, 11.0, 8.0, 11.5 ] }
							}
						}
					]
				},
				{
					"name": "medium small25",
					"from": [ 5.4, -0.3, 6.0 ],
					"to": [ 5.9, 0.7, 6.5 ],
					"rotationOrigin": [ 5.6, -0.3, 6.3 ],
					"rotationY": 144.0,
					"rotationZ": -30.0,
					"faces": {
						"north": { "texture": "#sulfurtuft", "uv": [ 1.0, 14.0, 1.5, 15.0 ] },
						"east": { "texture": "#sulfurtuft", "uv": [ 6.5, 14.0, 7.0, 15.0 ] },
						"south": { "texture": "#sulfurtuft", "uv": [ 7.0, 14.0, 7.5, 15.0 ] },
						"west": { "texture": "#sulfurtuft", "uv": [ 7.0, 13.0, 7.5, 14.0 ] },
						"down": { "texture": "#sulfurtuft", "uv": [ 2.0, 14.0, 2.5, 14.5 ] }
					},
					"children": [
						{
							"name": "cap26",
							"from": [ -0.5, 1.9, -0.3 ],
							"to": [ 0.5, 2.4, 0.7 ],
							"rotationOrigin": [ 0.0, 1.9, 0.2 ],
							"rotationY": 2.0,
							"rotationZ": 16.0,
							"faces": {
								"north": { "texture": "#sulfurtuft", "uv": [ 10.5, 1.5, 11.5, 2.0 ] },
								"east": { "texture": "#sulfurtuft", "uv": [ 9.0, 3.0, 10.0, 3.5 ] },
								"south": { "texture": "#sulfurtuft", "uv": [ 9.0, 3.0, 10.0, 3.5 ] },
								"west": { "texture": "#sulfurtuft", "uv": [ 9.0, 4.5, 10.0, 5.0 ] },
								"up": { "texture": "#sulfurtuft", "uv": [ 5.0, 5.0, 6.0, 6.0 ] },
								"down": { "texture": "#sulfurtuft", "uv": [ 9.0, 10.0, 10.0, 11.0 ] }
							}
						},
						{
							"name": "stem27",
							"from": [ 0.0, 1.0, 0.0 ],
							"to": [ 0.5, 2.0, 0.5 ],
							"rotationOrigin": [ 0.5, 1.0, 0.0 ],
							"rotationX": 0.1,
							"rotationZ": 17.0,
							"faces": {
								"north": { "texture": "#sulfurtuft", "uv": [ 5.0, 10.0, 5.5, 11.0 ] },
								"east": { "texture": "#sulfurtuft", "uv": [ 7.5, 14.0, 8.0, 15.0 ] },
								"south": { "texture": "#sulfurtuft", "uv": [ 6.5, 14.5, 7.0, 15.5 ] },
								"west": { "texture": "#sulfurtuft", "uv": [ 7.0, 13.5, 7.5, 14.5 ] }
							}
						}
					]
				},
				{
					"name": "medium small26",
					"from": [ 8.1, -0.3, 10.1 ],
					"to": [ 8.6, 0.7, 10.6 ],
					"rotationOrigin": [ 8.3, -0.3, 10.4 ],
					"rotationY": -72.0,
					"rotationZ": -30.0,
					"faces": {
						"north": { "texture": "#sulfurtuft", "uv": [ 1.0, 14.0, 1.5, 15.0 ] },
						"east": { "texture": "#sulfurtuft", "uv": [ 6.5, 14.0, 7.0, 15.0 ] },
						"south": { "texture": "#sulfurtuft", "uv": [ 7.0, 14.0, 7.5, 15.0 ] },
						"west": { "texture": "#sulfurtuft", "uv": [ 6.5, 14.0, 7.0, 15.0 ] },
						"down": { "texture": "#sulfurtuft", "uv": [ 2.0, 14.0, 2.5, 14.5 ] }
					},
					"children": [
						{
							"name": "cap27",
							"from": [ -0.5, 1.9, -0.3 ],
							"to": [ 0.5, 2.4, 0.7 ],
							"rotationOrigin": [ 0.0, 1.9, 0.2 ],
							"rotationY": 2.0,
							"rotationZ": 16.0,
							"faces": {
								"north": { "texture": "#sulfurtuft", "uv": [ 10.5, 1.5, 11.5, 2.0 ] },
								"east": { "texture": "#sulfurtuft", "uv": [ 9.0, 3.0, 10.0, 3.5 ] },
								"south": { "texture": "#sulfurtuft", "uv": [ 9.0, 3.0, 10.0, 3.5 ] },
								"west": { "texture": "#sulfurtuft", "uv": [ 9.0, 4.5, 10.0, 5.0 ] },
								"up": { "texture": "#sulfurtuft", "uv": [ 5.0, 5.0, 6.0, 6.0 ] },
								"down": { "texture": "#sulfurtuft", "uv": [ 9.0, 10.0, 10.0, 11.0 ] }
							}
						},
						{
							"name": "stem28",
							"from": [ 0.0, 1.0, 0.0 ],
							"to": [ 0.5, 2.0, 0.5 ],
							"rotationOrigin": [ 0.5, 1.0, 0.0 ],
							"rotationX": 0.1,
							"rotationZ": 17.0,
							"faces": {
								"north": { "texture": "#sulfurtuft", "uv": [ 5.0, 10.0, 5.5, 11.0 ] },
								"east": { "texture": "#sulfurtuft", "uv": [ 4.5, 13.0, 5.0, 14.0 ] },
								"south": { "texture": "#sulfurtuft", "uv": [ 4.5, 12.5, 5.0, 13.5 ] },
								"west": { "texture": "#sulfurtuft", "uv": [ 5.0, 12.5, 5.5, 13.5 ] }
							}
						}
					]
				},
				{
					"name": "single voxel26",
					"from": [ 10.9, 0.0, 10.0 ],
					"to": [ 11.9, 0.5, 11.0 ],
					"rotationOrigin": [ 10.9, 0.0, 10.0 ],
					"rotationY": -17.0,
					"faces": {
						"north": { "texture": "#sulfurtuft", "uv": [ 12.0, 3.0, 13.0, 3.5 ] },
						"east": { "texture": "#sulfurtuft", "uv": [ 7.0, 2.0, 8.0, 2.5 ] },
						"south": { "texture": "#sulfurtuft", "uv": [ 10.0, 1.0, 11.0, 1.5 ] },
						"west": { "texture": "#sulfurtuft", "uv": [ 7.0, 4.0, 8.0, 4.5 ] },
						"up": { "texture": "#sulfurtuft", "uv": [ 0.0, 2.0, 1.0, 3.0 ] },
						"down": { "texture": "#sulfurtuft", "uv": [ 6.0, 7.0, 7.0, 8.0 ] }
					}
				},
				{
					"name": "single voxel28",
					"from": [ 8.3, 0.0, 4.5 ],
					"to": [ 8.8, 0.5, 5.0 ],
					"rotationOrigin": [ 8.3, 0.0, 4.5 ],
					"rotationY": 20.0,
					"faces": {
						"north": { "texture": "#sulfurtuft", "uv": [ 12.0, 3.0, 12.5, 3.5 ] },
						"east": { "texture": "#sulfurtuft", "uv": [ 7.0, 2.0, 7.5, 2.5 ] },
						"south": { "texture": "#sulfurtuft", "uv": [ 10.0, 1.0, 10.5, 1.5 ] },
						"west": { "texture": "#sulfurtuft", "uv": [ 7.0, 4.0, 7.5, 4.5 ] },
						"up": { "texture": "#sulfurtuft", "uv": [ 0.0, 2.0, 0.5, 2.5 ] },
						"down": { "texture": "#sulfurtuft", "uv": [ 6.0, 7.0, 6.5, 7.5 ] }
					}
				},
				{
					"name": "tiny21",
					"from": [ 11.8, 0.0, 6.8 ],
					"to": [ 12.4, 0.5, 7.4 ],
					"rotationOrigin": [ 12.3, 0.0, 7.3 ],
					"rotationY": 64.0,
					"faces": {
						"north": { "texture": "#sulfurtuft", "uv": [ 3.0, 13.0, 3.5, 13.5 ] },
						"east": { "texture": "#sulfurtuft", "uv": [ 5.5, 9.5, 6.0, 10.0 ] },
						"south": { "texture": "#sulfurtuft", "uv": [ 5.0, 8.5, 5.5, 9.0 ] },
						"west": { "texture": "#sulfurtuft", "uv": [ 5.5, 9.0, 6.0, 9.5 ] },
						"down": { "texture": "#sulfurtuft", "uv": [ 2.0, 14.0, 2.5, 14.5 ] }
					},
					"children": [
						{
							"name": "cap7",
							"from": [ -0.5, 0.5, -0.5 ],
							"to": [ 1.0, 1.0, 1.0 ],
							"rotationOrigin": [ 0.2, 0.5, 0.2 ],
							"faces": {
								"north": { "texture": "#sulfurtuft", "uv": [ 4.0, 4.0, 5.5, 4.5 ] },
								"east": { "texture": "#sulfurtuft", "uv": [ 4.0, 3.5, 5.5, 4.0 ] },
								"south": { "texture": "#sulfurtuft", "uv": [ 5.5, 5.5, 7.0, 6.0 ] },
								"west": { "texture": "#sulfurtuft", "uv": [ 5.0, 6.0, 6.5, 6.5 ] },
								"up": { "texture": "#sulfurtuft", "uv": [ 11.5, 4.0, 13.0, 5.5 ] },
								"down": { "texture": "#sulfurtuft", "uv": [ 11.0, 9.0, 12.5, 10.5 ] }
							}
						}
					]
				}
			]
		}
	]}