{
	"editor": {
		"backDropShape": "entity/bovinae/taurotragusderbianus/male",
		"collapsedPaths": "",
		"allAngles": true,
		"entityTextureMode": true
	},
	"textureWidth": 108,
	"textureHeight": 116,
	"textureSizes": {
		"horn": [108,116]
	},
	"textures": {
		"horn": "entity/bovinae/taurotragusderbianus-male"
	},
	"elements": [
		{
			"name": "R Antler01",
			"stepParentName": "AntlerBase",
			"from": [ 0.7, -1.3, -1.6 ],
			"to": [ 1.9, 0.5, -0.2 ],
			"unwrapMode": 5,
			"unwrapRotation": 1,
			"uv": [ 101.5, 61.0 ],
			"rotationOrigin": [ 0.7, -0.5, -1.1 ],
			"rotationY": 10.0,
			"rotationZ": 8.0,
			"faces": {
				"north": { "texture": "#horn", "uv": [ 101.5, 62.5, 103.0, 63.5 ], "rotation": 270 },
				"east": { "texture": "#horn", "uv": [ 103.0, 61.0, 104.0, 62.5 ], "rotation": 180 },
				"south": { "texture": "#horn", "uv": [ 104.0, 62.5, 105.5, 63.5 ], "rotation": 90 },
				"up": { "texture": "#horn", "uv": [ 103.0, 62.5, 104.0, 63.5 ], "rotation": 90 },
				"down": { "texture": "#horn", "uv": [ 105.5, 62.5, 106.5, 63.5 ], "rotation": 270, "windMode": [-1,-1,-1,-1], "windData": [1,1,1,1] }
			},
			"children": [
				{
					"name": "R Antler02",
					"from": [ 1.1, 0.4, 0.2 ],
					"to": [ 1.6, 1.4, 1.2 ],
					"unwrapMode": 5,
					"unwrapRotation": 1,
					"uv": [ 101.5, 59.0 ],
					"rotationOrigin": [ 1.1, 0.9, 0.7 ],
					"rotationX": -5.0,
					"rotationY": 10.0,
					"rotationZ": 2.0,
					"faces": {
						"north": { "texture": "#horn", "uv": [ 101.5, 60.0, 102.5, 60.5 ], "rotation": 270 },
						"east": { "texture": "#horn", "uv": [ 102.5, 59.0, 103.5, 60.0 ], "rotation": 180 },
						"south": { "texture": "#horn", "uv": [ 103.5, 60.0, 104.5, 60.5 ], "rotation": 90 },
						"up": { "texture": "#horn", "uv": [ 102.5, 60.0, 103.5, 60.5 ], "rotation": 90 },
						"down": { "texture": "#horn", "uv": [ 104.5, 60.0, 105.5, 60.5 ], "rotation": 270, "windMode": [-1,-1,-1,-1], "windData": [1,1,1,1] }
					}
				}
			]
		},
		{
			"name": "L Antler01",
			"stepParentName": "AntlerBase",
			"from": [ 0.7, -1.3, 0.2 ],
			"to": [ 1.9, 0.5, 1.6 ],
			"unwrapMode": 5,
			"unwrapRotation": 1,
			"uv": [ 101.5, 61.0 ],
			"rotationOrigin": [ 0.7, -0.5, 1.1 ],
			"rotationY": -10.0,
			"rotationZ": 8.0,
			"faces": {
				"north": { "texture": "#horn", "uv": [ 101.5, 62.5, 103.0, 63.5 ], "rotation": 270 },
				"east": { "texture": "#horn", "uv": [ 103.0, 61.0, 104.0, 62.5 ], "rotation": 180 },
				"south": { "texture": "#horn", "uv": [ 104.0, 62.5, 105.5, 63.5 ], "rotation": 90 },
				"up": { "texture": "#horn", "uv": [ 103.0, 62.5, 104.0, 63.5 ], "rotation": 90 },
				"down": { "texture": "#horn", "uv": [ 105.5, 62.5, 106.5, 63.5 ], "rotation": 270, "windMode": [-1,-1,-1,-1], "windData": [1,1,1,1] }
			},
			"children": [
				{
					"name": "L Antler02",
					"from": [ 1.1, 0.4, 0.2 ],
					"to": [ 1.6, 1.4, 1.2 ],
					"unwrapMode": 5,
					"unwrapRotation": 1,
					"uv": [ 101.5, 59.0 ],
					"rotationOrigin": [ 1.1, 0.9, 0.7 ],
					"rotationX": 5.0,
					"rotationY": -10.0,
					"rotationZ": 2.0,
					"faces": {
						"north": { "texture": "#horn", "uv": [ 101.5, 60.0, 102.5, 60.5 ], "rotation": 270 },
						"east": { "texture": "#horn", "uv": [ 102.5, 59.0, 103.5, 60.0 ], "rotation": 180 },
						"south": { "texture": "#horn", "uv": [ 103.5, 60.0, 104.5, 60.5 ], "rotation": 90 },
						"up": { "texture": "#horn", "uv": [ 102.5, 60.0, 103.5, 60.5 ], "rotation": 90 },
						"down": { "texture": "#horn", "uv": [ 104.5, 60.0, 105.5, 60.5 ], "rotation": 270, "windMode": [-1,-1,-1,-1], "windData": [1,1,1,1] }
					}
				}
			]
		}
	],
	"animations": [
	]
}