{
	"editor": {
		"backDropShape": "entity/bovinae/pseudoryxnghetinhensis/adult",
		"collapsedPaths": "",
		"allAngles": true,
		"entityTextureMode": true
	},
	"textureWidth": 44,
	"textureHeight": 52,
	"textureSizes": {
		"skin": [44,52]
	},
	"textures": {
		"skin": "entity/bovinae/pseudoryxnghetinhensis-male"
	},
	"elements": [
		{
			"name": "L Antler01",
			"stepParentName": "AntlerBase",
			"from": [ 0.25, -0.3, 0.15 ],
			"to": [ 0.75, 0.3, 0.75 ],
			"unwrapMode": 5,
			"unwrapRotation": 1,
			"uv": [ 40.0, 28.5 ],
			"rotationOrigin": [ 0.25, -0.05, 0.45 ],
			"rotationY": -4.0,
			"rotationZ": 8.0,
			"faces": {
				"north": { "texture": "#skin", "uv": [ 40.0, 29.0, 40.5, 29.5 ], "rotation": 270 },
				"east": { "texture": "#skin", "uv": [ 40.5, 28.5, 41.0, 29.0 ], "rotation": 180 },
				"south": { "texture": "#skin", "uv": [ 41.0, 29.0, 41.5, 29.5 ], "rotation": 90 },
				"up": { "texture": "#skin", "uv": [ 40.5, 29.0, 41.0, 29.5 ], "rotation": 90 },
				"down": { "texture": "#skin", "uv": [ 41.5, 29.0, 42.0, 29.5 ], "rotation": 270, "windMode": [-1,-1,-1,-1], "windData": [1,1,1,1] }
			},
			"children": [
				{
					"name": "L Antler03",
					"from": [ 0.4, 0.025, 0.07 ],
					"to": [ 0.6, 0.575, 0.52 ],
					"unwrapMode": 5,
					"unwrapRotation": 1,
					"uv": [ 40.0, 26.5 ],
					"rotationOrigin": [ 0.4, 0.275, 0.275 ],
					"rotationZ": -2.0,
					"faces": {
						"north": { "texture": "#skin", "uv": [ 40.0, 27.0, 40.5, 27.5 ], "rotation": 270 },
						"east": { "texture": "#skin", "uv": [ 40.5, 26.5, 41.0, 27.0 ], "rotation": 180 },
						"south": { "texture": "#skin", "uv": [ 41.0, 27.0, 41.5, 27.5 ], "rotation": 90 },
						"up": { "texture": "#skin", "uv": [ 40.5, 27.0, 41.0, 27.5 ], "rotation": 90 },
						"down": { "texture": "#skin", "uv": [ 41.5, 27.0, 42.0, 27.5 ], "rotation": 270, "windMode": [-1,-1,-1,-1], "windData": [1,1,1,1] }
					},
					"children": [
						{
							"name": "L Antler05",
							"from": [ 0.1, 0.025, 0.05 ],
							"to": [ 0.3, 0.475, 0.4 ],
							"unwrapMode": 5,
							"unwrapRotation": 1,
							"uv": [ 40.0, 24.5 ],
							"rotationOrigin": [ 0.1, 0.225, 0.225 ],
							"rotationY": -1.0,
							"rotationZ": -2.0,
							"faces": {
								"north": { "texture": "#skin", "uv": [ 40.0, 25.0, 40.5, 25.5 ], "rotation": 270 },
								"east": { "texture": "#skin", "uv": [ 40.5, 24.5, 41.0, 25.0 ], "rotation": 180 },
								"south": { "texture": "#skin", "uv": [ 41.0, 25.0, 41.5, 25.5 ], "rotation": 90 },
								"up": { "texture": "#skin", "uv": [ 40.5, 25.0, 41.0, 25.5 ], "rotation": 90 },
								"down": { "texture": "#skin", "uv": [ 41.5, 25.0, 42.0, 25.5 ], "rotation": 270, "windMode": [-1,-1,-1,-1], "windData": [1,1,1,1] }
							},
							"children": [
								{
									"name": "L Antler07",
									"from": [ 0.1, 0.02, 0.05 ],
									"to": [ 0.3, 0.32, 0.3 ],
									"unwrapMode": 5,
									"unwrapRotation": 1,
									"uv": [ 40.0, 22.5 ],
									"rotationOrigin": [ 0.1, 0.2, 0.175 ],
									"rotationY": 1.0,
									"faces": {
										"north": { "texture": "#skin", "uv": [ 40.0, 23.0, 40.5, 23.5 ], "rotation": 270 },
										"east": { "texture": "#skin", "uv": [ 40.5, 22.5, 41.0, 23.0 ], "rotation": 180 },
										"south": { "texture": "#skin", "uv": [ 41.0, 23.0, 41.5, 23.5 ], "rotation": 90 },
										"up": { "texture": "#skin", "uv": [ 40.5, 23.0, 41.0, 23.5 ], "rotation": 90 },
										"down": { "texture": "#skin", "uv": [ 41.5, 23.0, 42.0, 23.5 ], "rotation": 270, "windMode": [-1,-1,-1,-1], "windData": [1,1,1,1] }
									},
									"children": [
										{
											"name": "L Antler08",
											"from": [ 0.1, 0.02, 0.025 ],
											"to": [ 0.3, 0.27, 0.225 ],
											"unwrapMode": 5,
											"unwrapRotation": 1,
											"uv": [ 40.0, 21.5 ],
											"rotationOrigin": [ 0.1, 0.15, 0.125 ],
											"rotationY": 1.0,
											"faces": {
												"north": { "texture": "#skin", "uv": [ 40.0, 22.0, 40.5, 22.5 ], "rotation": 270 },
												"east": { "texture": "#skin", "uv": [ 40.5, 21.5, 41.0, 22.0 ], "rotation": 180 },
												"south": { "texture": "#skin", "uv": [ 41.0, 22.0, 41.5, 22.5 ], "rotation": 90 },
												"up": { "texture": "#skin", "uv": [ 40.5, 22.0, 41.0, 22.5 ], "rotation": 90 },
												"down": { "texture": "#skin", "uv": [ 41.5, 22.0, 42.0, 22.5 ], "rotation": 270, "windMode": [-1,-1,-1,-1], "windData": [1,1,1,1] }
											},
											"children": [
												{
													"name": "L Antler09",
													"from": [ 0.1, 0.02, 0.025 ],
													"to": [ 0.3, 0.22, 0.175 ],
													"unwrapMode": 5,
													"unwrapRotation": 1,
													"uv": [ 40.0, 21.0 ],
													"rotationOrigin": [ 0.1, 0.125, 0.1 ],
													"rotationY": 1.0,
													"faces": {
														"north": { "texture": "#skin", "uv": [ 40.0, 21.5, 40.5, 22.0 ], "rotation": 270 },
														"east": { "texture": "#skin", "uv": [ 40.5, 21.0, 41.0, 21.5 ], "rotation": 180 },
														"south": { "texture": "#skin", "uv": [ 41.0, 21.5, 41.5, 22.0 ], "rotation": 90 },
														"up": { "texture": "#skin", "uv": [ 40.5, 21.5, 41.0, 22.0 ], "rotation": 90 },
														"down": { "texture": "#skin", "uv": [ 41.5, 21.5, 42.0, 22.0 ], "rotation": 270, "windMode": [-1,-1,-1,-1], "windData": [1,1,1,1] }
													}
												}
											]
										}
									]
								}
							]
						}
					]
				}
			]
		},
		{
			"name": "R Antler01",
			"stepParentName": "AntlerBase",
			"from": [ 0.25, -0.3, -0.75 ],
			"to": [ 0.75, 0.3, -0.15 ],
			"unwrapMode": 5,
			"unwrapRotation": 1,
			"uv": [ 38.0, 28.5 ],
			"rotationOrigin": [ 0.25, -0.05, -0.45 ],
			"rotationY": 4.0,
			"rotationZ": 8.0,
			"faces": {
				"north": { "texture": "#skin", "uv": [ 38.0, 29.0, 38.5, 29.5 ], "rotation": 270 },
				"east": { "texture": "#skin", "uv": [ 38.5, 28.5, 39.0, 29.0 ], "rotation": 180 },
				"south": { "texture": "#skin", "uv": [ 39.0, 29.0, 39.5, 29.5 ], "rotation": 90 },
				"up": { "texture": "#skin", "uv": [ 38.5, 29.0, 39.0, 29.5 ], "rotation": 90 },
				"down": { "texture": "#skin", "uv": [ 39.5, 29.0, 40.0, 29.5 ], "rotation": 270, "windMode": [-1,-1,-1,-1], "windData": [1,1,1,1] }
			},
			"children": [
				{
					"name": "R Antler03",
					"from": [ 0.4, 0.025, 0.07 ],
					"to": [ 0.6, 0.575, 0.52 ],
					"unwrapMode": 5,
					"unwrapRotation": 1,
					"uv": [ 38.0, 26.5 ],
					"rotationOrigin": [ 0.4, 0.275, 0.275 ],
					"rotationZ": -2.0,
					"faces": {
						"north": { "texture": "#skin", "uv": [ 38.0, 27.0, 38.5, 27.5 ], "rotation": 270 },
						"east": { "texture": "#skin", "uv": [ 38.5, 26.5, 39.0, 27.0 ], "rotation": 180 },
						"south": { "texture": "#skin", "uv": [ 39.0, 27.0, 39.5, 27.5 ], "rotation": 90 },
						"up": { "texture": "#skin", "uv": [ 38.5, 27.0, 39.0, 27.5 ], "rotation": 90 },
						"down": { "texture": "#skin", "uv": [ 39.5, 27.0, 40.0, 27.5 ], "rotation": 270, "windMode": [-1,-1,-1,-1], "windData": [1,1,1,1] }
					},
					"children": [
						{
							"name": "R Antler05",
							"from": [ 0.1, 0.025, 0.05 ],
							"to": [ 0.3, 0.475, 0.4 ],
							"unwrapMode": 3,
							"unwrapRotation": 1,
							"uv": [ 38.0, 24.5 ],
							"rotationOrigin": [ 0.1, 0.225, 0.225 ],
							"rotationY": 1.0,
							"rotationZ": -2.0,
							"faces": {
								"north": { "texture": "#skin", "uv": [ 39.5, 25.0, 40.0, 25.5 ], "rotation": 270 },
								"east": { "texture": "#skin", "uv": [ 38.5, 24.5, 39.0, 25.0 ], "rotation": 90 },
								"south": { "texture": "#skin", "uv": [ 38.5, 25.0, 39.0, 25.5 ], "rotation": 90 },
								"up": { "texture": "#skin", "uv": [ 38.0, 25.0, 38.5, 25.5 ], "rotation": 90 },
								"down": { "texture": "#skin", "uv": [ 39.0, 25.0, 39.5, 25.5 ], "rotation": 270, "windMode": [-1,-1,-1,-1], "windData": [1,1,1,1] }
							},
							"children": [
								{
									"name": "R Antler07",
									"from": [ 0.1, 0.02, 0.05 ],
									"to": [ 0.3, 0.32, 0.3 ],
									"unwrapMode": 3,
									"unwrapRotation": 1,
									"uv": [ 38.0, 22.5 ],
									"rotationOrigin": [ 0.1, 0.2, 0.175 ],
									"rotationY": -1.0,
									"faces": {
										"north": { "texture": "#skin", "uv": [ 39.5, 23.0, 40.0, 23.5 ], "rotation": 270 },
										"east": { "texture": "#skin", "uv": [ 38.5, 22.5, 39.0, 23.0 ], "rotation": 90 },
										"south": { "texture": "#skin", "uv": [ 38.5, 23.0, 39.0, 23.5 ], "rotation": 90 },
										"up": { "texture": "#skin", "uv": [ 38.0, 23.0, 38.5, 23.5 ], "rotation": 90 },
										"down": { "texture": "#skin", "uv": [ 39.0, 23.0, 39.5, 23.5 ], "rotation": 270, "windMode": [-1,-1,-1,-1], "windData": [1,1,1,1] }
									},
									"children": [
										{
											"name": "R Antler08",
											"from": [ 0.1, 0.02, 0.025 ],
											"to": [ 0.3, 0.27, 0.225 ],
											"unwrapMode": 3,
											"unwrapRotation": 1,
											"uv": [ 38.0, 21.5 ],
											"rotationOrigin": [ 0.1, 0.15, 0.125 ],
											"rotationY": -1.0,
											"faces": {
												"north": { "texture": "#skin", "uv": [ 39.5, 22.0, 40.0, 22.5 ], "rotation": 270 },
												"east": { "texture": "#skin", "uv": [ 38.5, 21.5, 39.0, 22.0 ], "rotation": 90 },
												"south": { "texture": "#skin", "uv": [ 38.5, 22.0, 39.0, 22.5 ], "rotation": 90 },
												"up": { "texture": "#skin", "uv": [ 38.0, 22.0, 38.5, 22.5 ], "rotation": 90 },
												"down": { "texture": "#skin", "uv": [ 39.0, 22.0, 39.5, 22.5 ], "rotation": 270, "windMode": [-1,-1,-1,-1], "windData": [1,1,1,1] }
											},
											"children": [
												{
													"name": "R Antler09",
													"from": [ 0.1, 0.02, 0.025 ],
													"to": [ 0.3, 0.22, 0.175 ],
													"unwrapMode": 3,
													"unwrapRotation": 1,
													"uv": [ 38.0, 21.0 ],
													"rotationOrigin": [ 0.1, 0.125, 0.1 ],
													"rotationY": -1.0,
													"faces": {
														"north": { "texture": "#skin", "uv": [ 39.5, 21.5, 40.0, 22.0 ], "rotation": 270 },
														"east": { "texture": "#skin", "uv": [ 38.5, 21.0, 39.0, 21.5 ], "rotation": 90 },
														"south": { "texture": "#skin", "uv": [ 38.5, 21.5, 39.0, 22.0 ], "rotation": 90 },
														"up": { "texture": "#skin", "uv": [ 38.0, 21.5, 38.5, 22.0 ], "rotation": 90 },
														"down": { "texture": "#skin", "uv": [ 39.0, 21.5, 39.5, 22.0 ], "rotation": 270, "windMode": [-1,-1,-1,-1], "windData": [1,1,1,1] }
													}
												}
											]
										}
									]
								}
							]
						}
					]
				}
			]
		}
	],
	"animations": [
	]
}