{
	"editor": {
		"backDropShape": "lupine",
		"allAngles": false,
		"entityTextureMode": true
	},
	"textureWidth": 28,
	"textureHeight": 56,
	"textureSizes": {
		"coat": [28,44],
		"coat": [28,56]
	},
	"textures": {
		"coat": "G:/Games/Vintagestory/assets/survival/textures/entity/humanoid/seraphclothes/upperbodyover/coat"
	},
	"elements": [
		{
			"name": "UpperTorsoOrigin",
			"stepParentName": "UpperTorso",
			"from": [ -0.03, -0.033, -0.0266 ],
			"to": [ 5.03, 5.533, 5.5266 ],
			"autoUnwrap": false,
			"uv": [ 1.0, 0.5 ],
			"rotationOrigin": [ 2.0, 2.2, 2.8831 ],
			"faces": {
				"north": { "texture": "#coat", "uv": [ 1.0, 5.5, 6.0, 11.0 ], "autoUv": false, "windMode": [-1,-1,-1,-1], "windData": [1,1,1,1] },
				"east": { "texture": "#coat", "uv": [ 17.0, 5.5, 23.0, 11.0 ], "autoUv": false, "windMode": [-1,-1,-1,-1] },
				"south": { "texture": "#coat", "uv": [ 12.0, 5.5, 17.0, 11.0 ], "autoUv": false },
				"west": { "texture": "#coat", "uv": [ 6.0, 5.5, 12.0, 11.0 ], "autoUv": false },
				"up": { "texture": "#coat", "uv": [ 6.0, 0.5, 11.5, 5.5 ], "rotation": 90 },
				"down": { "texture": "#coat", "uv": [ 19.0, 31.5, 24.5, 36.5 ], "rotation": 90, "windMode": [-1,-1,-1,-1] }
			},
			"children": [
				{
					"name": "Blackout",
					"from": [ 0.1, 0.88, 0.5323 ],
					"to": [ 4.9, 5.28, 4.9677 ],
					"uv": [ 0.0, 0.0 ],
					"rotationOrigin": [ 0.1, 0.88, 0.5323 ],
					"faces": {
						"north": { "texture": "#coat", "uv": [ 0.0, 0.0, 4.5, 4.0 ], "autoUv": false },
						"east": { "texture": "#coat", "uv": [ 1.0, 0.0, 5.0, 5.0 ], "rotation": 90, "autoUv": false, "windMode": [-1,-1,-1,-1], "windData": [1,1,1,1] },
						"south": { "texture": "#coat", "uv": [ 0.0, 1.0, 4.5, 5.0 ], "autoUv": false, "windMode": [-1,-1,-1,-1], "windData": [1,1,1,1] },
						"west": { "texture": "#coat", "uv": [ 0.5, 0.0, 4.5, 5.0 ], "rotation": 90, "autoUv": false, "windMode": [-1,-1,-1,-1], "windData": [1,1,1,1] },
						"up": { "texture": "#coat", "uv": [ 0.0, 0.0, 4.5, 5.0 ], "autoUv": false },
						"down": { "texture": "#coat", "uv": [ 0.5, 0.0, 5.0, 5.0 ], "autoUv": false }
					}
				}
			]
		},
		{
			"name": "LowerTorsoOrigin",
			"stepParentName": "LowerTorso",
			"from": [ -0.024, -0.036, -0.0225 ],
			"to": [ 4.024, 6.036, 4.5225 ],
			"autoUnwrap": false,
			"uv": [ 0.0, 10.5 ],
			"rotationOrigin": [ 2.4, 3.6, 2.25 ],
			"faces": {
				"north": { "texture": "#coat", "uv": [ 1.5, 9.5, 5.5, 15.5 ] },
				"east": { "texture": "#coat", "uv": [ 17.5, 9.5, 22.5, 15.5 ], "autoUv": false },
				"south": { "texture": "#coat", "uv": [ 12.5, 9.5, 16.5, 15.5 ] },
				"west": { "texture": "#coat", "uv": [ 6.5, 9.5, 11.5, 15.5 ], "autoUv": false },
				"up": { "texture": "#coat", "uv": [ 19.0, 31.5, 23.5, 35.5 ], "rotation": 270, "windMode": [-1,-1,-1,-1], "windData": [1,1,1,1] },
				"down": { "texture": "#coat", "uv": [ 0.0, 31.5, 4.5, 35.5 ], "rotation": 90, "windMode": [-1,-1,-1,-1] }
			},
			"children": [
				{
					"name": "coatFrontTile",
					"from": [ 0.0, -7.1422, 0.0 ],
					"to": [ 0.8645, 0.0355, 4.545 ],
					"uv": [ 5.0, 15.5556 ],
					"rotationOrigin": [ 0.0, 0.0, 2.25 ],
					"rotationZ": -3.5,
					"faces": {
						"north": { "texture": "#coat", "uv": [ 5.0, 15.5556, 6.0, 21.3889 ], "autoUv": false, "windMode": [-1,-1,-1,-1] },
						"east": { "texture": "#coat", "uv": [ 0.5, 4.5, 5.0, 11.5 ], "enabled": false },
						"south": { "texture": "#coat", "uv": [ 12.0, 15.5556, 13.0, 21.3889 ], "autoUv": false, "windMode": [-1,-1,-1,-1] },
						"west": { "texture": "#coat", "uv": [ 6.0, 15.5556, 12.0, 21.3889 ], "autoUv": false, "windMode": [-1,-1,-1,-1] },
						"up": { "texture": "#coat", "uv": [ 0.0, 0.0, 0.5, 4.5 ], "enabled": false },
						"down": { "texture": "#coat", "uv": [ 0.5, 0.0, 1.0, 4.5 ], "enabled": false }
					}
				},
				{
					"name": "coatBackTile",
					"from": [ 3.1764, -7.0667, 0.0 ],
					"to": [ 4.048, 0.0, 4.545 ],
					"uv": [ 1.0, 15.5556 ],
					"rotationOrigin": [ 4.048, 0.0, 2.25 ],
					"rotationZ": -5.0,
					"faces": {
						"north": { "texture": "#coat", "uv": [ 1.0, 15.5556, 2.0, 21.3889 ], "autoUv": false, "windMode": [-1,-1,-1,-1] },
						"east": { "texture": "#coat", "uv": [ 17.0, 15.5556, 23.0, 21.3889 ], "autoUv": false, "windMode": [-1,-1,-1,-1] },
						"south": { "texture": "#coat", "uv": [ 16.0, 15.5556, 17.0, 21.3889 ], "autoUv": false, "windMode": [-1,-1,-1,-1] },
						"west": { "texture": "#coat", "uv": [ 5.5, 4.5, 10.0, 11.5 ], "enabled": false },
						"up": { "texture": "#coat", "uv": [ 0.0, 0.0, 0.5, 4.5 ], "enabled": false },
						"down": { "texture": "#coat", "uv": [ 0.5, 0.0, 1.0, 4.5 ], "enabled": false }
					}
				}
			]
		},
		{
			"name": "UpperFootLorigin",
			"stepParentName": "UpperFootL",
			"from": [ -0.0357, -0.0267, -0.0281 ],
			"to": [ 5.0357, 8.0267, 3.0281 ],
			"uv": [ 12.5, 11.5 ],
			"rotationOrigin": [ 2.381, 8.0, 3.0 ],
			"faces": {
				"north": { "texture": "#coat", "uv": [ 0.0, 3.0, 5.0, 11.0 ], "enabled": false },
				"east": { "texture": "#coat", "uv": [ 20.0, 22.0, 23.0, 31.0 ], "autoUv": false, "windMode": [-1,-1,-1,-1] },
				"south": { "texture": "#coat", "uv": [ 16.0, 22.0, 20.0, 31.0 ], "autoUv": false, "windMode": [-1,-1,-1,-1] },
				"west": { "texture": "#coat", "uv": [ 13.0, 22.0, 16.0, 31.0 ], "autoUv": false },
				"up": { "texture": "#coat", "uv": [ 12.5, 11.5, 16.5, 14.5 ], "autoUv": false, "windMode": [-1,-1,-1,-1], "windData": [1,1,1,1] },
				"down": { "texture": "#coat", "uv": [ 5.0, 0.0, 10.0, 3.0 ], "enabled": false }
			}
		},
		{
			"name": "UpperFootRorigin",
			"stepParentName": "UpperFootR",
			"from": [ -0.0357, -0.0267, -0.0281 ],
			"to": [ 5.0357, 8.0267, 3.0281 ],
			"uv": [ 1.0, 11.5 ],
			"rotationOrigin": [ 2.381, 8.0, 0.0 ],
			"faces": {
				"north": { "texture": "#coat", "uv": [ 4.0, 22.0, 8.0, 31.0 ], "autoUv": false, "windMode": [-1,-1,-1,-1], "windData": [0,1,1,0] },
				"east": { "texture": "#coat", "uv": [ 1.0, 22.0, 4.0, 31.0 ], "autoUv": false, "windMode": [-1,-1,-1,-1] },
				"south": { "texture": "#coat", "uv": [ 8.0, 3.0, 13.0, 11.0 ], "enabled": false },
				"west": { "texture": "#coat", "uv": [ 8.0, 22.0, 11.0, 31.0 ], "autoUv": false, "windMode": [-1,-1,-1,-1] },
				"up": { "texture": "#coat", "uv": [ 1.5, 11.5, 5.5, 14.5 ], "rotation": 180, "autoUv": false, "windMode": [-1,-1,-1,-1], "windData": [1,1,1,1] },
				"down": { "texture": "#coat", "uv": [ 5.0, 0.0, 10.0, 3.0 ], "enabled": false }
			}
		},
		{
			"name": "UpperArmROrigin",
			"stepParentName": "UpperArmR",
			"from": [ -0.03, -0.03, -0.0375 ],
			"to": [ 3.03, 7.03, 2.5375 ],
			"autoUnwrap": false,
			"uv": [ 2.0, 33.5 ],
			"rotationOrigin": [ 1.5, 7.0, 1.25 ],
			"faces": {
				"north": { "texture": "#coat", "uv": [ 4.0, 37.0, 7.0, 44.0 ] },
				"east": { "texture": "#coat", "uv": [ 2.0, 37.0, 4.5, 44.0 ] },
				"south": { "texture": "#coat", "uv": [ 9.0, 37.0, 12.0, 44.0 ] },
				"west": { "texture": "#coat", "uv": [ 7.0, 37.0, 9.5, 44.0 ] },
				"up": { "texture": "#coat", "uv": [ 7.0, 34.0, 9.5, 37.0 ], "rotation": 90, "windMode": [-1,-1,-1,-1] },
				"down": { "texture": "#coat", "uv": [ 10.0, 33.5, 12.5, 36.5 ], "rotation": 90, "windMode": [-1,-1,-1,-1] }
			}
		},
		{
			"name": "UpperArmLorigin",
			"stepParentName": "UpperArmL",
			"from": [ -0.03, -0.03, -0.0375 ],
			"to": [ 3.03, 7.03, 2.5375 ],
			"autoUnwrap": false,
			"uv": [ 13.0, 33.5 ],
			"rotationOrigin": [ 1.5, 6.9, 1.25 ],
			"faces": {
				"north": { "texture": "#coat", "uv": [ 13.0, 37.0, 16.0, 44.0 ] },
				"east": { "texture": "#coat", "uv": [ 20.5, 37.0, 23.0, 44.0 ], "windMode": [-1,-1,-1,-1] },
				"south": { "texture": "#coat", "uv": [ 18.0, 37.0, 21.0, 44.0 ], "windMode": [-1,-1,-1,-1] },
				"west": { "texture": "#coat", "uv": [ 15.5, 37.0, 18.0, 44.0 ] },
				"up": { "texture": "#coat", "uv": [ 15.5, 34.0, 18.0, 37.0 ], "rotation": 90, "windMode": [-1,-1,-1,-1] },
				"down": { "texture": "#coat", "uv": [ 12.5, 33.5, 15.0, 36.5 ], "rotation": 90, "windMode": [-1,-1,-1,-1] }
			}
		},
		{
			"name": "LowerArmROrigin",
			"stepParentName": "LowerArmR",
			"from": [ -0.03, -0.03, -0.03 ],
			"to": [ 2.53, 8.03, 2.03 ],
			"uv": [ 2.0, 34.0 ],
			"rotationOrigin": [ 1.3, 7.8, 1.0 ],
			"faces": {
				"north": { "texture": "#coat", "uv": [ 4.5, 44.0, 7.0, 52.0 ], "autoUv": false },
				"east": { "texture": "#coat", "uv": [ 2.0, 44.0, 4.0, 52.0 ], "autoUv": false },
				"south": { "texture": "#coat", "uv": [ 9.0, 44.0, 11.5, 52.0 ], "autoUv": false },
				"west": { "texture": "#coat", "uv": [ 7.0, 44.0, 9.0, 52.0 ], "autoUv": false },
				"up": { "texture": "#coat", "uv": [ 10.0, 34.0, 12.0, 36.5 ], "rotation": 90, "autoUv": false, "windMode": [-1,-1,-1,-1] },
				"down": { "texture": "#coat", "uv": [ 7.0, 52.0, 9.0, 54.5 ], "rotation": 90, "autoUv": false, "windMode": [-1,-1,-1,-1] }
			}
		},
		{
			"name": "LowerArmLorigin",
			"stepParentName": "LowerArmL",
			"from": [ -0.03, -0.03, -0.03 ],
			"to": [ 2.53, 8.03, 2.03 ],
			"uv": [ 13.0, 34.0 ],
			"rotationOrigin": [ 1.3, 7.8, 1.0 ],
			"faces": {
				"north": { "texture": "#coat", "uv": [ 13.5, 44.0, 16.0, 52.0 ], "autoUv": false },
				"east": { "texture": "#coat", "uv": [ 21.0, 44.0, 23.0, 52.0 ], "autoUv": false, "windMode": [-1,-1,-1,-1] },
				"south": { "texture": "#coat", "uv": [ 18.0, 44.0, 20.5, 52.0 ], "autoUv": false },
				"west": { "texture": "#coat", "uv": [ 16.0, 44.0, 18.0, 52.0 ], "autoUv": false },
				"up": { "texture": "#coat", "uv": [ 13.0, 34.0, 15.0, 36.5 ], "rotation": 90, "autoUv": false, "windMode": [-1,-1,-1,-1] },
				"down": { "texture": "#coat", "uv": [ 16.0, 52.0, 18.0, 54.5 ], "rotation": 90, "autoUv": false, "windMode": [-1,-1,-1,-1] }
			}
		},
		{
			"name": "hidecollar",
			"stepParentName": "Neck",
			"from": [ -0.03, 0.5, -0.03 ],
			"to": [ 3.03, 2.5, 3.03 ],
			"uv": [ 13.0, 2.5 ],
			"rotationOrigin": [ 0.0, 0.5, 0.0 ],
			"faces": {
				"north": { "texture": "#coat", "uv": [ 13.0, 2.5, 16.0, 4.5 ], "autoUv": false },
				"east": { "texture": "#coat", "uv": [ 22.0, 2.5, 25.0, 4.5 ], "autoUv": false },
				"south": { "texture": "#coat", "uv": [ 19.0, 2.5, 22.0, 4.5 ], "autoUv": false },
				"west": { "texture": "#coat", "uv": [ 16.0, 2.5, 19.0, 4.5 ], "autoUv": false },
				"up": { "texture": "#coat", "uv": [ 0.0, 0.0, 3.0, 3.0 ], "enabled": false },
				"down": { "texture": "#coat", "uv": [ 3.0, 0.0, 6.0, 3.0 ], "enabled": false }
			}
		},
		{
			"name": "tail",
			"stepParentName": "Tail",
			"from": [ 0.03, 1.03, -0.03 ],
			"to": [ 2.09, 4.09, 2.03 ],
			"unwrapMode": 2,
			"uv": [ 17.0, 11.0 ],
			"rotationOrigin": [ 0.0, 1.1, 0.0 ],
			"faces": {
				"north": { "texture": "#coat", "uv": [ 21.0, 13.0, 23.0, 16.0 ] },
				"east": { "texture": "#coat", "uv": [ 19.0, 13.0, 21.0, 16.0 ] },
				"south": { "texture": "#coat", "uv": [ 17.0, 13.0, 19.0, 16.0 ] },
				"west": { "texture": "#coat", "uv": [ 23.0, 13.0, 25.0, 16.0 ] },
				"up": { "texture": "#coat", "uv": [ 19.0, 11.0, 21.0, 13.0 ], "rotation": 270 },
				"down": { "texture": "#coat", "uv": [ 19.0, 16.0, 21.0, 18.0 ], "rotation": 270 }
			}
		}
	],
	"animations": [
	]
}
