[
 
    
    
    
    {
        "ingredientPattern": "P,B",
        "ingredients": {
            "P": {type: "Item", code: "game:pickaxe-*" , "isTool": true},
            "B": {type: "Block", code: "game:rock-*", quantity: 8 , name:"rock", skipVariants: ["tuff", "suevite", "scoria", "kimberlite"]}
        },
        "width": 1,
        "height": 2,
        "output": {type: "Block", code: "game:stalagsection-{rock}-14" , quantity: 8}
        
    },
    {
        "ingredientPattern": "P,B",
        "ingredients": {
            "P": {type: "Item", code: "game:pickaxe-*" , "isTool": true},
            "B": {type: "Block", code: "game:stalagsection-*-14", quantity: 8  , name:"rock", skipVariants: ["tuff", "suevite", "scoria", "kimberlite"]}
        },
        "width": 1,
        "height": 2,
        "output": {type: "Block", code: "game:stalagsection-{rock}-12" , quantity: 8}
        
    },
    {
        "ingredientPattern": "P,B",
        "ingredients": {
            "P": {type: "Item", code: "game:pickaxe-*" , "isTool": true},
            "B": {type: "Block", code: "game:stalagsection-*-12", quantity: 8  , name:"rock", skipVariants: ["tuff", "suevite", "scoria", "kimberlite"]}
        },
        "width": 1,
        "height": 2,
        "output": {type: "Block", code: "game:stalagsection-{rock}-10" , quantity: 8}
        
    },
    {
        "ingredientPattern": "P,B",
        "ingredients": {
            "P": {type: "Item", code: "game:pickaxe-*" , "isTool": true},
            "B": {type: "Block", code: "game:stalagsection-*-10", quantity: 8  , name:"rock", skipVariants: ["tuff", "suevite", "scoria", "kimberlite"]}
        },
        "width": 1,
        "height": 2,
        "output": {type: "Block", code: "game:stalagsection-{rock}-08" , quantity: 8}
        
    },
    {
        "ingredientPattern": "P,B",
        "ingredients": {
            "P": {type: "Item", code: "game:pickaxe-*" , "isTool": true},
            "B": {type: "Block", code: "game:stalagsection-*-08", quantity: 8  , name:"rock", skipVariants: ["tuff", "suevite", "scoria", "kimberlite"]}
        },
        "width": 1,
        "height": 2,
        "output": {type: "Block", code: "game:stalagsection-{rock}-06" , quantity: 8}
        
    },
    {
        "ingredientPattern": "P,B",
        "ingredients": {
            "P": {type: "Item", code: "game:pickaxe-*" , "isTool": true},
            "B": {type: "Block", code: "game:stalagsection-*-06", quantity: 8  , name:"rock", skipVariants: ["tuff", "suevite", "scoria", "kimberlite"]}
        },
        "width": 1,
        "height": 2,
        "output": {type: "Block", code: "game:stalagsection-{rock}-04" , quantity: 8}
        
    },







    
    {
        "ingredientPattern": "P,X",
        "ingredients": {
            "X": {type: "Item", code: "br-schematic-stone" },
            "P": {type: "Item", code: "game:stone-*" }
        },
        "width": 1,
        "height": 2,
        "output": {type: "Block", code: "game:overlay-damagedstone" , "quantity": 16}
        
    },




    {
        "ingredientPattern": "P,B,X",
        "enabled": false,
        "ingredients": {
            "X": {type: "Item", code: "br-schematic-stone" },
            "P": {type: "Item", code: "game:chisel-*" , "isTool": true},
            "B": {type: "Block", code: "game:stonebricks-*", name: "rock"}
        },
        "width": 1,
        "height": 3,
        "output": {type: "Block", code: "game:crackedstonebricks-{rock}"}
        
    },
    {
        "ingredientPattern": "P,B,X",
        "ingredients": {
            "X": {type: "Item", code: "br-schematic-stone" },
            "P": {type: "Item", code: "game:chisel-*" , "isTool": true},
            "B": {type: "Block", code: "game:cobblestone-*", name: "rock", skipVariants: ["whitemarble", "suevite", "redmarble", "kimberlite", "greenmarble", "coral"]}
        },
        "width": 1,
        "height": 3,
        "output": {type: "Block", code: "game:agedstonebricks-{rock}"}
        
    },
    {
        "ingredientPattern": "P,B,X",
        "ingredients": {
            "X": {type: "Item", code: "br-schematic-stone" },
            "P": {type: "Item", code: "game:chisel-*" , "isTool": true},
            "B": {type: "Block", code: "game:rockpolished-*", name: "rock", skipVariants: ["suevite","kimberlite","obsidian"]}
        },
        "width": 1,
        "height": 3,
        "output": {type: "Block", code: "game:polishedrockold-full-{rock}"}
        
    },
    {
        "ingredientPattern": "P,B,X",
        "ingredients": {
            "X": {type: "Item", code: "br-schematic-stone" },
            "P": {type: "Item", code: "game:chisel-*" , "isTool": true},
            "B": {type: "Block", code: "game:polishedrockold-full-*", name: "rock"}
        },
        "width": 1,
        "height": 3,
        "output": {type: "Block", code: "game:polishedrockold-cobbled-{rock}"}
        
    },
    {
        "ingredientPattern": "P,B,X",
        "ingredients": {
            "X": {type: "Item", code: "br-schematic-stone" },
            "P": {type: "Item", code: "game:chisel-*" , "isTool": true},
            "B": {type: "Block", code: "game:rock-*", name: "rock"}
        },
        "width": 1,
        "height": 3,
        "output": {type: "Block", code: "game:crackedrock-{rock}"}
        
    },
    {
        "ingredientPattern": "P,B,X",
        "ingredients": {
            "X": {type: "Item", code: "br-schematic-stone" },
            "P": {type: "Item", code: "game:chisel-*" , "isTool": true},
            "B": {type: "Block", code: "game:stonebricks-*", name: "rock", skipVariants: ["suevite","kimberlite","obsidian"]} // bcs of bricklayers
        },
        "width": 1,
        "height": 3,
        "output": {type: "Block", code: "game:crackedstonebricks-{rock}"}
        
    },

    {
        "ingredientPattern": "BPX",
        "ingredients": {
            "X": {type: "Item", code: "br-schematic-stone" },
            "P": {type: "Item", code: "game:mortar" },
            "B": {type: "Block", code: "game:brickcourse-four-running-*" , name: "clay", skipVariants: ["clinker" ], quantity: 16}
        },
        "width": 3,
        "height": 1,
        "output": {type: "Block", code: "game:claybricks-uneven-four-running-{clay}", quantity: 16 }
        
    },
    {
        "ingredientPattern": "BPX",
        "ingredients": {
            "X": {type: "Item", code: "br-schematic-stone" },
            "P": {type: "Item", code: "game:mortar" },
            "B": {type: "Block", code: "game:brickcourse-four-soldier-*" , name: "clay", skipVariants: ["clinker" ], quantity: 16}
        },
        "width": 3,
        "height": 1,
        "output": {type: "Block", code: "game:claybricks-uneven-four-soldier-{clay}", quantity: 16 }
        
    },
    {
        "ingredientPattern": "BPX",
        "ingredients": {
            "X": {type: "Item", code: "br-schematic-stone" },
            "P": {type: "Item", code: "game:mortar" },
            "B": {type: "Block", code: "game:brickcourse-four-header-*" , name: "clay", skipVariants: ["clinker" ], quantity: 16}
        },
        "width": 3,
        "height": 1,
        "output": {type: "Block", code: "game:claybricks-uneven-four-header-{clay}", quantity: 16 }
        
    },


    {
        "ingredientPattern": "PX,B_",
        "ingredients": {
            "X": {type: "Item", code: "br-schematic-stone" },
            "P": {type: "Item", code: "game:hammer-*" , "isTool": true },
            "B": {type: "Block", code: "game:claybricks-uneven-four-running-*" , name: "clay", allowedVariants: ["gray", "brown", "orange", "red", "tan" ], quantity: 1}
        },
        "width": 2,
        "height": 2,
        "output": {type: "Block", code: "game:brickruin-irregular-{clay}" }
        
    },



    {
        "ingredientPattern": "BPX",
        "ingredients": {
            "X": {type: "Item", code: "br-schematic-stone" },
            "P": {type: "Item", code: "game:mortar" },
            "B": {type: "Block", code: "game:claybricks-good-fire", quantity: 16}
        },
        "width": 3,
        "height": 1,
        "output": {type: "Block", code: "game:claybricks-uneven-four-running-fire" , quantity: 16 }
    },
    {
        "ingredientPattern": "XP",
        "ingredients": {
            "X": {type: "Item", code: "br-schematic-stone" },
            "P": {type: "Block", code: "game:claybricks-uneven-four-running-fire" }
        },
        "width": 2,
        "height": 1,
        "output": {type: "Block", code: "game:claybricks-uneven-four-soldier-fire"}
    },
    {
        "ingredientPattern": "XP",
        "ingredients": {
            "X": {type: "Item", code: "br-schematic-stone" },
            "P": {type: "Block", code: "game:claybricks-uneven-four-soldier-fire" }
        },
        "width": 2,
        "height": 1,
        "output": {type: "Block", code: "game:claybricks-uneven-four-header-fire"}
    },
    {
        "ingredientPattern": "XP",
        "ingredients": {
            "X": {type: "Item", code: "br-schematic-stone" },
            "P": {type: "Block", code: "game:claybricks-uneven-four-header-fire" }
        },
        "width": 2,
        "height": 1,
        "output": {type: "Block", code: "game:claybricks-uneven-four-running-fire" }
    },


















    {
        "ingredientPattern": "XC,TP",
        "ingredients": {
            "X": {type: "Item", code: "br-schematic-stone" },
            "T": {type: "Item", code: "game:hammer-*" , "isTool": true },
            "C": {type: "Item", code: "game:clay-*" },
            "P": {type: "Block", code: "game:diamond-stone-clean" , "quantity": 4}
        },
        "width": 2,
        "height": 2,
        "output": {type: "Block", code: "game:diamond-stone-clean-aged" , quantity: 4 }
    },
    {
        "ingredientPattern": "XC,TP",
        "ingredients": {
            "X": {type: "Item", code: "br-schematic-stone" },
            "T": {type: "Item", code: "game:hammer-*" , "isTool": true },
            "C": {type: "Item", code: "game:clay-*" },
            "P": {type: "Block", code: "game:diamond-stone-dark" , "quantity": 4}
        },
        "width": 2,
        "height": 2,
        "output": {type: "Block", code: "game:diamond-stone-dark-aged" , quantity: 4 }
    },
    {
        "ingredientPattern": "XC,TP",
        "ingredients": {
            "X": {type: "Item", code: "br-schematic-stone" },
            "T": {type: "Item", code: "game:hammer-*" , "isTool": true },
            "C": {type: "Item", code: "game:clay-*" },
            "P": {type: "Block", code: "game:diamond-stone-light" , "quantity": 4}
        },
        "width": 2,
        "height": 2,
        "output": {type: "Block", code: "game:diamond-stone-light-aged" , quantity: 4 }
    },
    {
        "ingredientPattern": "XC,TP",
        "ingredients": {
            "X": {type: "Item", code: "br-schematic-stone" },
            "T": {type: "Item", code: "game:hammer-*" , "isTool": true },
            "C": {type: "Item", code: "game:clay-*" },
            "P": {type: "Block", code: "game:diamond-stone-mixed" , "quantity": 4}
        },
        "width": 2,
        "height": 2,
        "output": {type: "Block", code: "game:diamond-stone-mixed-aged" , quantity: 4 }
    },











    {
        "ingredientPattern": "XC_,TPB",
        "ingredients": {
            "X": {type: "Item", code: "br-schematic-stone" },
            "T": {type: "Item", code: "game:stone-*" , name:"rock", skipVariants: ["tuff", "suevite", "scoria", "kimberlite", "meteorite-iron", "obsidian", "halite", "whitemarble", "redmarble", "greenmarble"],"quantity": 4},
            "C": {type: "Item", code: "game:clay-*" },
            "B": {type: "Item", code: "game:bone" ,"quantity": 2 },
            "P": {type: "Block", code: "game:bonysoil"}
        },
        "width": 3,
        "height": 2,
        "output": {type: "Block", code: "game:cobbleskull-{rock}" , quantity: 2 }
    }

]