{
	"editor": {
		"allAngles": false,
		"entityTextureMode": false
	},
	"textureWidth": 16,
	"textureHeight": 16,
	"textureSizes": {
	},
	"textures": {
		"blewit": "mycodiversity:block/plant/mushroom/blewit/blewit"
	},
	"elements": [
		{
			"name": "origin",
			"from": [ 6.7, 0.0, 6.7 ],
			"to": [ 6.7, 0.0, 6.7 ],
			"rotationOrigin": [ 8.0, 0.0, 8.0 ],
			"faces": {
			},
			"children": [
				{
					"name": "stem3",
					"from": [ 0.5, 0.0, 0.5 ],
					"to": [ 2.0, 3.5, 2.0 ],
					"rotationOrigin": [ 0.0, 0.5, 0.0 ],
					"faces": {
						"north": { "texture": "#blewit", "uv": [ 0.5, 11.5, 2.0, 15.0 ] },
						"east": { "texture": "#blewit", "uv": [ 0.5, 12.0, 2.0, 15.5 ] },
						"south": { "texture": "#blewit", "uv": [ 0.0, 12.0, 1.5, 15.5 ] },
						"west": { "texture": "#blewit", "uv": [ 0.5, 11.0, 2.0, 14.5 ] },
						"down": { "texture": "#blewit", "uv": [ 0.0, 13.5, 1.5, 15.0 ] }
					},
					"children": [
						{
							"name": "cap4",
							"from": [ -1.5, 3.5, -1.5 ],
							"to": [ 3.0, 4.5, 3.0 ],
							"rotationOrigin": [ 0.5, 0.0, 0.5 ],
							"faces": {
								"north": { "texture": "#blewit", "uv": [ 9.0, 8.0, 13.5, 9.0 ] },
								"east": { "texture": "#blewit", "uv": [ 9.0, 6.0, 13.5, 7.0 ] },
								"south": { "texture": "#blewit", "uv": [ 9.5, 7.5, 14.0, 8.5 ] },
								"west": { "texture": "#blewit", "uv": [ 8.5, 7.5, 13.0, 8.5 ] },
								"up": { "texture": "#blewit", "uv": [ 3.0, 3.0, 7.5, 7.5 ] },
								"down": { "texture": "#blewit", "uv": [ 4.0, 10.5, 8.5, 15.0 ] }
							},
							"children": [
								{
									"name": "cap5",
									"from": [ 0.5, 1.0, 0.5 ],
									"to": [ 4.0, 1.5, 4.0 ],
									"faces": {
										"north": { "texture": "#blewit", "uv": [ 4.5, 6.0, 8.0, 6.5 ] },
										"east": { "texture": "#blewit", "uv": [ 7.0, 6.5, 10.5, 7.0 ] },
										"south": { "texture": "#blewit", "uv": [ 7.0, 10.0, 10.5, 10.5 ] },
										"west": { "texture": "#blewit", "uv": [ 10.5, 6.0, 14.0, 6.5 ] },
										"up": { "texture": "#blewit", "uv": [ 3.0, 3.5, 6.5, 7.0 ] }
									}
								}
							]
						}
					]
				}
			]
		}
	]}