{
	"editor": {
		"allAngles": true,
		"entityTextureMode": false
	},
	"textureWidth": 16,
	"textureHeight": 16,
	"textureSizes": {
	},
	"textures": {
		"hawkwing": "mycodiversity:block/plant/mushroom/hawkwing/hawkwing"
	},
	"elements": [
		{
			"name": "origin",
			"from": [ 8.0, 0.0, 8.0 ],
			"to": [ 8.0, 0.0, 8.0 ],
			"rotationOrigin": [ 8.0, 0.0, 8.0 ],
			"faces": {
			},
			"children": [
				{
					"name": "large",
					"from": [ -0.31, -0.1, -0.86 ],
					"to": [ 1.19, 1.9, 0.64 ],
					"rotationOrigin": [ 0.1941, -0.1, -0.1619 ],
					"rotationY": -22.5,
					"rotationZ": -6.0,
					"faces": {
						"north": { "texture": "#hawkwing", "uv": [ 3.5, 10.5, 5.0, 12.5 ] },
						"east": { "texture": "#hawkwing", "uv": [ 4.0, 10.0, 5.5, 12.0 ] },
						"south": { "texture": "#hawkwing", "uv": [ 4.0, 10.0, 5.5, 12.0 ] },
						"west": { "texture": "#hawkwing", "uv": [ 4.0, 9.5, 5.5, 11.5 ] },
						"down": { "texture": "#hawkwing", "uv": [ 4.0, 12.5, 5.5, 14.0 ] }
					},
					"children": [
						{
							"name": "cap large",
							"from": [ -2.0, 3.1, -1.8 ],
							"to": [ 2.5, 4.1, 2.7 ],
							"rotationOrigin": [ 0.3, 3.1, 0.5 ],
							"rotationX": -14.0,
							"rotationY": -11.0,
							"rotationZ": -8.0,
							"faces": {
								"north": { "texture": "#hawkwing", "uv": [ 10.0, 9.5, 14.5, 10.5 ] },
								"east": { "texture": "#hawkwing", "uv": [ 9.5, 9.0, 14.0, 10.0 ] },
								"south": { "texture": "#hawkwing", "uv": [ 9.5, 9.5, 14.0, 10.5 ] },
								"west": { "texture": "#hawkwing", "uv": [ 10.0, 12.0, 14.5, 13.0 ] },
								"up": { "texture": "#hawkwing", "uv": [ 10.5, 1.0, 15.0, 5.5 ] },
								"down": { "texture": "#hawkwing", "uv": [ 6.0, 10.5, 10.5, 15.0 ] }
							},
							"children": [
								{
									"name": "Cube17",
									"from": [ 4.1, 0.5, 0.0 ],
									"to": [ 5.1, 1.0, 4.5 ],
									"rotationOrigin": [ 4.1, 1.0, 2.0 ],
									"rotationZ": 44.0,
									"faces": {
										"north": { "texture": "#hawkwing", "uv": [ 10.0, 6.0, 11.0, 6.5 ] },
										"east": { "texture": "#hawkwing", "uv": [ 9.5, 2.5, 14.0, 3.0 ] },
										"south": { "texture": "#hawkwing", "uv": [ 8.5, 6.5, 9.5, 7.0 ] },
										"up": { "texture": "#hawkwing", "uv": [ 10.0, 1.5, 11.0, 6.0 ] },
										"down": { "texture": "#hawkwing", "uv": [ 10.5, 10.0, 11.5, 14.5 ] }
									}
								},
								{
									"name": "Cube18",
									"from": [ -0.5, 0.5, 0.0 ],
									"to": [ 0.5, 1.0, 4.5 ],
									"rotationOrigin": [ 0.5, 1.0, 2.0 ],
									"rotationZ": -42.0,
									"faces": {
										"north": { "texture": "#hawkwing", "uv": [ 9.0, 5.5, 10.0, 6.0 ] },
										"east": { "texture": "#hawkwing", "uv": [ 10.5, 5.5, 15.0, 6.0 ] },
										"south": { "texture": "#hawkwing", "uv": [ 9.0, 6.5, 10.0, 7.0 ] },
										"west": { "texture": "#hawkwing", "uv": [ 7.5, 2.0, 12.0, 2.5 ] },
										"up": { "texture": "#hawkwing", "uv": [ 9.0, 2.0, 10.0, 6.5 ] },
										"down": { "texture": "#hawkwing", "uv": [ 13.0, 8.5, 14.0, 13.0 ] }
									}
								},
								{
									"name": "Cube19",
									"from": [ 0.0, 0.5, 4.2 ],
									"to": [ 4.5, 1.0, 5.2 ],
									"rotationOrigin": [ 1.0, 1.0, 4.2 ],
									"rotationX": -25.0,
									"faces": {
										"east": { "texture": "#hawkwing", "uv": [ 9.0, 2.5, 10.0, 3.0 ] },
										"south": { "texture": "#hawkwing", "uv": [ 7.0, 5.0, 11.5, 5.5 ] },
										"west": { "texture": "#hawkwing", "uv": [ 9.5, 7.0, 10.5, 7.5 ] },
										"up": { "texture": "#hawkwing", "uv": [ 9.0, 2.5, 13.5, 3.5 ] },
										"down": { "texture": "#hawkwing", "uv": [ 10.0, 10.5, 14.5, 11.5 ] }
									}
								},
								{
									"name": "Cube20",
									"from": [ 0.0, 0.5, -0.6 ],
									"to": [ 4.5, 1.0, 0.4 ],
									"rotationOrigin": [ 1.0, 1.0, 0.4 ],
									"rotationX": 47.0,
									"faces": {
										"north": { "texture": "#hawkwing", "uv": [ 10.5, 4.0, 15.0, 4.5 ] },
										"east": { "texture": "#hawkwing", "uv": [ 11.0, 3.0, 12.0, 3.5 ] },
										"west": { "texture": "#hawkwing", "uv": [ 6.5, 3.5, 7.5, 4.0 ] },
										"up": { "texture": "#hawkwing", "uv": [ 11.0, 1.5, 15.5, 2.5 ] },
										"down": { "texture": "#hawkwing", "uv": [ 10.0, 10.5, 14.5, 11.5 ] }
									}
								}
							]
						},
						{
							"name": "Cube1",
							"from": [ -0.2, 1.7, -0.2 ],
							"to": [ 1.8, 3.7, 1.8 ],
							"rotationOrigin": [ 0.8, 1.7, 0.8 ],
							"rotationX": -8.0,
							"rotationZ": 14.0,
							"faces": {
								"north": { "texture": "#hawkwing", "uv": [ 1.0, 8.5, 3.0, 10.5 ] },
								"east": { "texture": "#hawkwing", "uv": [ 2.0, 9.5, 4.0, 11.5 ] },
								"south": { "texture": "#hawkwing", "uv": [ 2.0, 10.0, 4.0, 12.0 ] },
								"west": { "texture": "#hawkwing", "uv": [ 3.5, 10.0, 5.5, 12.0 ] },
								"down": { "texture": "#hawkwing", "uv": [ 4.0, 11.5, 6.0, 13.5 ] }
							}
						}
					]
				}
			]
		}
	]}