{
	"editor": {
		"collapsedPaths": "Root/origin/Stem24",
		"allAngles": true,
		"entityTextureMode": false
	},
	"textureWidth": 16,
	"textureHeight": 16,
	"textureSizes": {
	},
	"textures": {
		"club": "mycodiversity:block/plant/mushroom/club"
	},
	"elements": [
		{
			"name": "origin",
			"from": [ 2.0, 0.0, 3.0 ],
			"to": [ 2.0, 0.0, 3.0 ],
			"rotationOrigin": [ 7.0, 0.0, 6.0 ],
			"faces": {
				"north": { "texture": "#club", "uv": [ 0.0, 0.0, 0.5, 0.5 ] },
				"east": { "texture": "#club", "uv": [ 0.0, 0.0, 0.5, 0.5 ] },
				"south": { "texture": "#club", "uv": [ 0.0, 0.0, 0.5, 0.5 ] },
				"west": { "texture": "#club", "uv": [ 0.0, 0.0, 0.5, 0.5 ] },
				"up": { "texture": "#club", "uv": [ 0.0, 0.0, 0.5, 0.5 ] },
				"down": { "texture": "#club", "uv": [ 0.0, 0.0, 0.5, 0.5 ] }
			},
			"children": [
				{
					"name": "Cube60",
					"from": [ 5.3, 0.0, 4.7 ],
					"to": [ 5.6, 0.8, 5.0 ],
					"rotationOrigin": [ 5.3, 0.0, 4.7 ],
					"rotationY": 150.0,
					"rotationZ": -6.0,
					"faces": {
						"north": { "texture": "#club", "uv": [ 0.0, 11.0, 0.5, 11.5 ] },
						"east": { "texture": "#club", "uv": [ 0.0, 11.0, 0.5, 11.5 ] },
						"south": { "texture": "#club", "uv": [ 0.0, 10.5, 0.5, 11.0 ] },
						"west": { "texture": "#club", "uv": [ 0.0, 9.5, 0.5, 10.0 ] },
						"up": { "texture": "#club", "uv": [ 0.0, 0.0, 0.5, 0.5 ] },
						"down": { "texture": "#club", "uv": [ 0.0, 0.0, 0.5, 0.5 ] }
					},
					"children": [
						{
							"name": "Cube61",
							"from": [ 0.0, 0.7, 0.0 ],
							"to": [ 0.3, 2.5, 0.3 ],
							"rotationOrigin": [ 0.0, 0.7, 0.0 ],
							"rotationZ": 6.0,
							"faces": {
								"north": { "texture": "#club", "uv": [ 1.0, 8.0, 1.5, 9.5 ] },
								"east": { "texture": "#club", "uv": [ 1.0, 7.5, 1.5, 9.0 ] },
								"south": { "texture": "#club", "uv": [ 1.0, 8.0, 1.5, 9.5 ] },
								"west": { "texture": "#club", "uv": [ 1.0, 8.0, 1.5, 9.5 ] },
								"up": { "texture": "#club", "uv": [ 0.0, 0.0, 0.5, 0.5 ] },
								"down": { "texture": "#club", "uv": [ 0.0, 0.0, 0.5, 0.5 ] }
							},
							"children": [
								{
									"name": "Cube62",
									"from": [ 0.0, 1.8, 0.0 ],
									"to": [ 0.3, 2.7, 0.3 ],
									"rotationOrigin": [ 0.0, 1.8, 0.0 ],
									"rotationZ": -3.0,
									"faces": {
										"north": { "texture": "#club", "uv": [ 0.0, 0.0, 0.5, 0.5 ] },
										"east": { "texture": "#club", "uv": [ 0.0, 0.0, 0.5, 0.5 ] },
										"south": { "texture": "#club", "uv": [ 0.0, 0.0, 0.5, 0.5 ] },
										"west": { "texture": "#club", "uv": [ 0.0, 0.0, 0.5, 0.5 ] },
										"up": { "texture": "#club", "uv": [ 0.0, 0.0, 0.5, 0.5 ] },
										"down": { "texture": "#club", "uv": [ 0.0, 0.0, 0.5, 0.5 ] }
									},
									"children": [
										{
											"name": "Cube63",
											"from": [ 0.05, 0.9, 0.05 ],
											"to": [ 0.25, 1.0, 0.25 ],
											"rotationOrigin": [ 0.1, 0.9, 0.1 ],
											"faces": {
												"north": { "texture": "#club", "uv": [ 0.0, 0.0, 0.5, 0.5 ] },
												"east": { "texture": "#club", "uv": [ 0.0, 0.0, 0.5, 0.5 ] },
												"south": { "texture": "#club", "uv": [ 0.0, 0.0, 0.5, 0.5 ] },
												"west": { "texture": "#club", "uv": [ 0.0, 0.0, 0.5, 0.5 ] },
												"up": { "texture": "#club", "uv": [ 0.0, 0.0, 0.5, 0.5 ] },
												"down": { "texture": "#club", "uv": [ 0.0, 0.0, 0.5, 0.5 ] }
											}
										}
									]
								}
							]
						}
					]
				},
				{
					"name": "Cube64",
					"from": [ 6.2, 0.0, 5.0 ],
					"to": [ 6.5, 0.6, 5.3 ],
					"rotationOrigin": [ 6.2, 0.0, 5.0 ],
					"rotationY": 36.0,
					"rotationZ": -6.0,
					"faces": {
						"north": { "texture": "#club", "uv": [ 0.0, 9.0, 0.5, 9.5 ] },
						"east": { "texture": "#club", "uv": [ 0.0, 9.5, 0.5, 10.0 ] },
						"south": { "texture": "#club", "uv": [ 0.0, 10.0, 0.5, 10.5 ] },
						"west": { "texture": "#club", "uv": [ 0.0, 10.0, 0.5, 10.5 ] },
						"up": { "texture": "#club", "uv": [ 0.0, 10.0, 0.5, 10.5 ] },
						"down": { "texture": "#club", "uv": [ 0.0, 8.5, 0.5, 9.0 ] }
					},
					"children": [
						{
							"name": "Cube65",
							"from": [ 0.0, 0.5, 0.0 ],
							"to": [ 0.3, 1.7, 0.3 ],
							"rotationOrigin": [ 0.0, 0.5, 0.0 ],
							"rotationZ": 6.0,
							"faces": {
								"north": { "texture": "#club", "uv": [ 0.0, 7.0, 0.5, 8.0 ] },
								"east": { "texture": "#club", "uv": [ 0.0, 7.0, 0.5, 8.0 ] },
								"south": { "texture": "#club", "uv": [ 0.0, 7.0, 0.5, 8.0 ] },
								"west": { "texture": "#club", "uv": [ 0.0, 7.0, 0.5, 8.0 ] },
								"up": { "texture": "#club", "uv": [ 0.0, 8.0, 0.5, 8.5 ] },
								"down": { "texture": "#club", "uv": [ 0.0, 0.0, 0.5, 0.5 ] }
							},
							"children": [
								{
									"name": "Cube66",
									"from": [ 0.0, 1.2, 0.0 ],
									"to": [ 0.3, 1.9, 0.3 ],
									"rotationOrigin": [ 0.0, 1.2, 0.0 ],
									"rotationZ": -6.0,
									"faces": {
										"north": { "texture": "#club", "uv": [ 0.0, 0.0, 0.5, 0.5 ] },
										"east": { "texture": "#club", "uv": [ 0.0, 0.0, 0.5, 0.5 ] },
										"south": { "texture": "#club", "uv": [ 0.0, 0.0, 0.5, 0.5 ] },
										"west": { "texture": "#club", "uv": [ 0.0, 0.0, 0.5, 0.5 ] },
										"up": { "texture": "#club", "uv": [ 0.0, 0.0, 0.5, 0.5 ] },
										"down": { "texture": "#club", "uv": [ 0.0, 0.0, 0.5, 0.5 ] }
									},
									"children": [
										{
											"name": "Cube67",
											"from": [ 0.05, 0.7, 0.05 ],
											"to": [ 0.25, 0.8, 0.25 ],
											"rotationOrigin": [ 0.1, 0.7, 0.1 ],
											"faces": {
												"north": { "texture": "#club", "uv": [ 0.0, 0.0, 0.5, 0.5 ] },
												"east": { "texture": "#club", "uv": [ 0.0, 0.0, 0.5, 0.5 ] },
												"south": { "texture": "#club", "uv": [ 0.0, 0.0, 0.5, 0.5 ] },
												"west": { "texture": "#club", "uv": [ 0.0, 0.0, 0.5, 0.5 ] },
												"up": { "texture": "#club", "uv": [ 0.0, 0.0, 0.5, 0.5 ] },
												"down": { "texture": "#club", "uv": [ 0.0, 0.0, 0.5, 0.5 ] }
											}
										}
									]
								}
							]
						}
					]
				},
				{
					"name": "Cube68",
					"from": [ 6.1, 0.0, 5.4 ],
					"to": [ 6.4, 0.4, 5.7 ],
					"rotationOrigin": [ 6.1, 0.0, 5.4 ],
					"rotationZ": -6.0,
					"faces": {
						"north": { "texture": "#club", "uv": [ 0.0, 7.5, 0.5, 8.0 ] },
						"east": { "texture": "#club", "uv": [ 0.0, 7.5, 0.5, 8.0 ] },
						"south": { "texture": "#club", "uv": [ 0.0, 7.5, 0.5, 8.0 ] },
						"west": { "texture": "#club", "uv": [ 0.0, 7.5, 0.5, 8.0 ] },
						"up": { "texture": "#club", "uv": [ 0.0, 7.5, 0.5, 8.0 ] },
						"down": { "texture": "#club", "uv": [ 0.0, 0.0, 0.5, 0.5 ] }
					},
					"children": [
						{
							"name": "Cube69",
							"from": [ 0.0, 0.3, 0.0 ],
							"to": [ 0.3, 1.0, 0.3 ],
							"rotationOrigin": [ 0.0, 0.3, 0.0 ],
							"rotationZ": 6.0,
							"faces": {
								"north": { "texture": "#club", "uv": [ 0.0, 5.5, 0.5, 6.0 ] },
								"east": { "texture": "#club", "uv": [ 0.0, 6.0, 0.5, 6.5 ] },
								"south": { "texture": "#club", "uv": [ 0.0, 6.0, 0.5, 6.5 ] },
								"west": { "texture": "#club", "uv": [ 0.0, 6.0, 0.5, 6.5 ] },
								"up": { "texture": "#club", "uv": [ 0.0, 6.5, 0.5, 7.0 ] },
								"down": { "texture": "#club", "uv": [ 0.0, 6.0, 0.5, 6.5 ] }
							},
							"children": [
								{
									"name": "Cube70",
									"from": [ 0.0, 0.7, 0.0 ],
									"to": [ 0.3, 1.1, 0.3 ],
									"rotationOrigin": [ 0.0, 0.7, 0.0 ],
									"rotationZ": -6.0,
									"faces": {
										"north": { "texture": "#club", "uv": [ 0.0, 0.0, 0.5, 0.5 ] },
										"east": { "texture": "#club", "uv": [ 0.0, 0.0, 0.5, 0.5 ] },
										"south": { "texture": "#club", "uv": [ 0.0, 0.0, 0.5, 0.5 ] },
										"west": { "texture": "#club", "uv": [ 0.0, 0.0, 0.5, 0.5 ] },
										"up": { "texture": "#club", "uv": [ 0.0, 0.0, 0.5, 0.5 ] },
										"down": { "texture": "#club", "uv": [ 0.0, 0.0, 0.5, 0.5 ] }
									},
									"children": [
										{
											"name": "Cube71",
											"from": [ 0.05, 0.4, 0.05 ],
											"to": [ 0.25, 0.5, 0.25 ],
											"rotationOrigin": [ 0.1, 0.4, 0.1 ],
											"faces": {
												"north": { "texture": "#club", "uv": [ 0.0, 0.0, 0.5, 0.5 ] },
												"east": { "texture": "#club", "uv": [ 0.0, 0.0, 0.5, 0.5 ] },
												"south": { "texture": "#club", "uv": [ 0.0, 0.0, 0.5, 0.5 ] },
												"west": { "texture": "#club", "uv": [ 0.0, 0.0, 0.5, 0.5 ] },
												"up": { "texture": "#club", "uv": [ 0.0, 0.0, 0.5, 0.5 ] },
												"down": { "texture": "#club", "uv": [ 0.0, 0.0, 0.5, 0.5 ] }
											}
										}
									]
								}
							]
						}
					]
				},
				{
					"name": "Cube72",
					"from": [ 6.0, 0.0, 4.1 ],
					"to": [ 6.3, 0.8, 4.4 ],
					"rotationOrigin": [ 6.0, 0.0, 4.1 ],
					"rotationY": 80.0,
					"rotationZ": -6.0,
					"faces": {
						"north": { "texture": "#club", "uv": [ 0.0, 11.0, 0.5, 11.5 ] },
						"east": { "texture": "#club", "uv": [ 0.0, 11.0, 0.5, 11.5 ] },
						"south": { "texture": "#club", "uv": [ 0.0, 10.5, 0.5, 11.0 ] },
						"west": { "texture": "#club", "uv": [ 0.0, 9.5, 0.5, 10.0 ] },
						"up": { "texture": "#club", "uv": [ 0.0, 0.0, 0.5, 0.5 ] },
						"down": { "texture": "#club", "uv": [ 0.0, 0.0, 0.5, 0.5 ] }
					},
					"children": [
						{
							"name": "Cube73",
							"from": [ 0.0, 0.7, 0.0 ],
							"to": [ 0.3, 2.5, 0.3 ],
							"rotationOrigin": [ 0.0, 0.7, 0.0 ],
							"rotationZ": 6.0,
							"faces": {
								"north": { "texture": "#club", "uv": [ 1.0, 8.0, 1.5, 9.5 ] },
								"east": { "texture": "#club", "uv": [ 1.0, 7.5, 1.5, 9.0 ] },
								"south": { "texture": "#club", "uv": [ 1.0, 8.0, 1.5, 9.5 ] },
								"west": { "texture": "#club", "uv": [ 1.0, 8.0, 1.5, 9.5 ] },
								"up": { "texture": "#club", "uv": [ 0.0, 0.0, 0.5, 0.5 ] },
								"down": { "texture": "#club", "uv": [ 0.0, 0.0, 0.5, 0.5 ] }
							},
							"children": [
								{
									"name": "Cube74",
									"from": [ 0.0, 1.8, 0.0 ],
									"to": [ 0.3, 2.7, 0.3 ],
									"rotationOrigin": [ 0.0, 1.8, 0.0 ],
									"rotationZ": -3.0,
									"faces": {
										"north": { "texture": "#club", "uv": [ 0.0, 0.0, 0.5, 0.5 ] },
										"east": { "texture": "#club", "uv": [ 0.0, 0.0, 0.5, 0.5 ] },
										"south": { "texture": "#club", "uv": [ 0.0, 0.0, 0.5, 0.5 ] },
										"west": { "texture": "#club", "uv": [ 0.0, 0.0, 0.5, 0.5 ] },
										"up": { "texture": "#club", "uv": [ 0.0, 0.0, 0.5, 0.5 ] },
										"down": { "texture": "#club", "uv": [ 0.0, 0.0, 0.5, 0.5 ] }
									},
									"children": [
										{
											"name": "Cube75",
											"from": [ 0.05, 0.9, 0.05 ],
											"to": [ 0.25, 1.0, 0.25 ],
											"rotationOrigin": [ 0.1, 0.9, 0.1 ],
											"faces": {
												"north": { "texture": "#club", "uv": [ 0.0, 0.0, 0.5, 0.5 ] },
												"east": { "texture": "#club", "uv": [ 0.0, 0.0, 0.5, 0.5 ] },
												"south": { "texture": "#club", "uv": [ 0.0, 0.0, 0.5, 0.5 ] },
												"west": { "texture": "#club", "uv": [ 0.0, 0.0, 0.5, 0.5 ] },
												"up": { "texture": "#club", "uv": [ 0.0, 0.0, 0.5, 0.5 ] },
												"down": { "texture": "#club", "uv": [ 0.0, 0.0, 0.5, 0.5 ] }
											}
										}
									]
								}
							]
						}
					]
				},
				{
					"name": "Cube76",
					"from": [ 6.0, 0.0, 5.4 ],
					"to": [ 6.3, 0.8, 5.7 ],
					"rotationOrigin": [ 6.0, 0.0, 5.4 ],
					"rotationY": -133.0,
					"rotationZ": -6.0,
					"faces": {
						"north": { "texture": "#club", "uv": [ 0.0, 11.0, 0.5, 11.5 ] },
						"east": { "texture": "#club", "uv": [ 0.0, 11.0, 0.5, 11.5 ] },
						"south": { "texture": "#club", "uv": [ 0.0, 10.5, 0.5, 11.0 ] },
						"west": { "texture": "#club", "uv": [ 0.0, 9.5, 0.5, 10.0 ] },
						"up": { "texture": "#club", "uv": [ 0.0, 0.0, 0.5, 0.5 ] },
						"down": { "texture": "#club", "uv": [ 0.0, 0.0, 0.5, 0.5 ] }
					},
					"children": [
						{
							"name": "Cube77",
							"from": [ 0.0, 0.7, 0.0 ],
							"to": [ 0.3, 2.5, 0.3 ],
							"rotationOrigin": [ 0.0, 0.7, 0.0 ],
							"rotationZ": 6.0,
							"faces": {
								"north": { "texture": "#club", "uv": [ 1.0, 8.0, 1.5, 9.5 ] },
								"east": { "texture": "#club", "uv": [ 1.0, 7.5, 1.5, 9.0 ] },
								"south": { "texture": "#club", "uv": [ 1.0, 8.0, 1.5, 9.5 ] },
								"west": { "texture": "#club", "uv": [ 1.0, 8.0, 1.5, 9.5 ] },
								"up": { "texture": "#club", "uv": [ 0.0, 0.0, 0.5, 0.5 ] },
								"down": { "texture": "#club", "uv": [ 0.0, 0.0, 0.5, 0.5 ] }
							},
							"children": [
								{
									"name": "Cube78",
									"from": [ 0.0, 1.8, 0.0 ],
									"to": [ 0.3, 2.7, 0.3 ],
									"rotationOrigin": [ 0.0, 1.8, 0.0 ],
									"rotationZ": -3.0,
									"faces": {
										"north": { "texture": "#club", "uv": [ 0.0, 0.0, 0.5, 0.5 ] },
										"east": { "texture": "#club", "uv": [ 0.0, 0.0, 0.5, 0.5 ] },
										"south": { "texture": "#club", "uv": [ 0.0, 0.0, 0.5, 0.5 ] },
										"west": { "texture": "#club", "uv": [ 0.0, 0.0, 0.5, 0.5 ] },
										"up": { "texture": "#club", "uv": [ 0.0, 0.0, 0.5, 0.5 ] },
										"down": { "texture": "#club", "uv": [ 0.0, 0.0, 0.5, 0.5 ] }
									},
									"children": [
										{
											"name": "Cube79",
											"from": [ 0.05, 0.9, 0.05 ],
											"to": [ 0.25, 1.0, 0.25 ],
											"rotationOrigin": [ 0.1, 0.9, 0.1 ],
											"faces": {
												"north": { "texture": "#club", "uv": [ 0.0, 0.0, 0.5, 0.5 ] },
												"east": { "texture": "#club", "uv": [ 0.0, 0.0, 0.5, 0.5 ] },
												"south": { "texture": "#club", "uv": [ 0.0, 0.0, 0.5, 0.5 ] },
												"west": { "texture": "#club", "uv": [ 0.0, 0.0, 0.5, 0.5 ] },
												"up": { "texture": "#club", "uv": [ 0.0, 0.0, 0.5, 0.5 ] },
												"down": { "texture": "#club", "uv": [ 0.0, 0.0, 0.5, 0.5 ] }
											}
										}
									]
								}
							]
						}
					]
				},
				{
					"name": "Cube80",
					"from": [ 6.7, 0.0, 4.0 ],
					"to": [ 7.0, 0.6, 4.3 ],
					"rotationOrigin": [ 6.7, 0.0, 4.0 ],
					"rotationY": 66.0,
					"rotationZ": -6.0,
					"faces": {
						"north": { "texture": "#club", "uv": [ 0.0, 9.0, 0.5, 9.5 ] },
						"east": { "texture": "#club", "uv": [ 0.0, 9.5, 0.5, 10.0 ] },
						"south": { "texture": "#club", "uv": [ 0.0, 10.0, 0.5, 10.5 ] },
						"west": { "texture": "#club", "uv": [ 0.0, 10.0, 0.5, 10.5 ] },
						"up": { "texture": "#club", "uv": [ 0.0, 10.0, 0.5, 10.5 ] },
						"down": { "texture": "#club", "uv": [ 0.0, 8.5, 0.5, 9.0 ] }
					},
					"children": [
						{
							"name": "Cube81",
							"from": [ 0.0, 0.5, 0.0 ],
							"to": [ 0.3, 1.7, 0.3 ],
							"rotationOrigin": [ 0.0, 0.5, 0.0 ],
							"rotationZ": 6.0,
							"faces": {
								"north": { "texture": "#club", "uv": [ 0.0, 7.0, 0.5, 8.0 ] },
								"east": { "texture": "#club", "uv": [ 0.0, 7.0, 0.5, 8.0 ] },
								"south": { "texture": "#club", "uv": [ 0.0, 7.0, 0.5, 8.0 ] },
								"west": { "texture": "#club", "uv": [ 0.0, 7.0, 0.5, 8.0 ] },
								"up": { "texture": "#club", "uv": [ 0.0, 8.0, 0.5, 8.5 ] },
								"down": { "texture": "#club", "uv": [ 0.0, 0.0, 0.5, 0.5 ] }
							},
							"children": [
								{
									"name": "Cube82",
									"from": [ 0.0, 1.2, 0.0 ],
									"to": [ 0.3, 1.9, 0.3 ],
									"rotationOrigin": [ 0.0, 1.2, 0.0 ],
									"rotationZ": -6.0,
									"faces": {
										"north": { "texture": "#club", "uv": [ 0.0, 0.0, 0.5, 0.5 ] },
										"east": { "texture": "#club", "uv": [ 0.0, 0.0, 0.5, 0.5 ] },
										"south": { "texture": "#club", "uv": [ 0.0, 0.0, 0.5, 0.5 ] },
										"west": { "texture": "#club", "uv": [ 0.0, 0.0, 0.5, 0.5 ] },
										"up": { "texture": "#club", "uv": [ 0.0, 0.0, 0.5, 0.5 ] },
										"down": { "texture": "#club", "uv": [ 0.0, 0.0, 0.5, 0.5 ] }
									},
									"children": [
										{
											"name": "Cube83",
											"from": [ 0.05, 0.7, 0.05 ],
											"to": [ 0.25, 0.8, 0.25 ],
											"rotationOrigin": [ 0.1, 0.7, 0.1 ],
											"faces": {
												"north": { "texture": "#club", "uv": [ 0.0, 0.0, 0.5, 0.5 ] },
												"east": { "texture": "#club", "uv": [ 0.0, 0.0, 0.5, 0.5 ] },
												"south": { "texture": "#club", "uv": [ 0.0, 0.0, 0.5, 0.5 ] },
												"west": { "texture": "#club", "uv": [ 0.0, 0.0, 0.5, 0.5 ] },
												"up": { "texture": "#club", "uv": [ 0.0, 0.0, 0.5, 0.5 ] },
												"down": { "texture": "#club", "uv": [ 0.0, 0.0, 0.5, 0.5 ] }
											}
										}
									]
								}
							]
						}
					]
				},
				{
					"name": "Cube116",
					"from": [ 5.5, 0.0, 3.8 ],
					"to": [ 5.8, 0.6, 4.1 ],
					"rotationOrigin": [ 5.5, 0.0, 3.8 ],
					"rotationY": 130.0,
					"rotationZ": -6.0,
					"faces": {
						"north": { "texture": "#club", "uv": [ 0.0, 9.0, 0.5, 9.5 ] },
						"east": { "texture": "#club", "uv": [ 0.0, 9.5, 0.5, 10.0 ] },
						"south": { "texture": "#club", "uv": [ 0.0, 10.0, 0.5, 10.5 ] },
						"west": { "texture": "#club", "uv": [ 0.0, 10.0, 0.5, 10.5 ] },
						"up": { "texture": "#club", "uv": [ 0.0, 10.0, 0.5, 10.5 ] },
						"down": { "texture": "#club", "uv": [ 0.0, 8.5, 0.5, 9.0 ] }
					},
					"children": [
						{
							"name": "Cube117",
							"from": [ 0.0, 0.5, 0.0 ],
							"to": [ 0.3, 1.7, 0.3 ],
							"rotationOrigin": [ 0.0, 0.5, 0.0 ],
							"rotationZ": 6.0,
							"faces": {
								"north": { "texture": "#club", "uv": [ 0.0, 7.0, 0.5, 8.0 ] },
								"east": { "texture": "#club", "uv": [ 0.0, 7.0, 0.5, 8.0 ] },
								"south": { "texture": "#club", "uv": [ 0.0, 7.0, 0.5, 8.0 ] },
								"west": { "texture": "#club", "uv": [ 0.0, 7.0, 0.5, 8.0 ] },
								"up": { "texture": "#club", "uv": [ 0.0, 8.0, 0.5, 8.5 ] },
								"down": { "texture": "#club", "uv": [ 0.0, 0.0, 0.5, 0.5 ] }
							},
							"children": [
								{
									"name": "Cube118",
									"from": [ 0.0, 1.2, 0.0 ],
									"to": [ 0.3, 1.9, 0.3 ],
									"rotationOrigin": [ 0.0, 1.2, 0.0 ],
									"rotationZ": -6.0,
									"faces": {
										"north": { "texture": "#club", "uv": [ 0.0, 0.0, 0.5, 0.5 ] },
										"east": { "texture": "#club", "uv": [ 0.0, 0.0, 0.5, 0.5 ] },
										"south": { "texture": "#club", "uv": [ 0.0, 0.0, 0.5, 0.5 ] },
										"west": { "texture": "#club", "uv": [ 0.0, 0.0, 0.5, 0.5 ] },
										"up": { "texture": "#club", "uv": [ 0.0, 0.0, 0.5, 0.5 ] },
										"down": { "texture": "#club", "uv": [ 0.0, 0.0, 0.5, 0.5 ] }
									},
									"children": [
										{
											"name": "Cube119",
											"from": [ 0.05, 0.7, 0.05 ],
											"to": [ 0.25, 0.8, 0.25 ],
											"rotationOrigin": [ 0.1, 0.7, 0.1 ],
											"faces": {
												"north": { "texture": "#club", "uv": [ 0.0, 0.0, 0.5, 0.5 ] },
												"east": { "texture": "#club", "uv": [ 0.0, 0.0, 0.5, 0.5 ] },
												"south": { "texture": "#club", "uv": [ 0.0, 0.0, 0.5, 0.5 ] },
												"west": { "texture": "#club", "uv": [ 0.0, 0.0, 0.5, 0.5 ] },
												"up": { "texture": "#club", "uv": [ 0.0, 0.0, 0.5, 0.5 ] },
												"down": { "texture": "#club", "uv": [ 0.0, 0.0, 0.5, 0.5 ] }
											}
										}
									]
								}
							]
						}
					]
				},
				{
					"name": "Cube120",
					"from": [ 5.1, 0.0, 5.8 ],
					"to": [ 5.4, 0.6, 6.1 ],
					"rotationOrigin": [ 5.1, 0.0, 5.8 ],
					"rotationY": 130.0,
					"rotationZ": -6.0,
					"faces": {
						"north": { "texture": "#club", "uv": [ 0.0, 9.0, 0.5, 9.5 ] },
						"east": { "texture": "#club", "uv": [ 0.0, 9.5, 0.5, 10.0 ] },
						"south": { "texture": "#club", "uv": [ 0.0, 10.0, 0.5, 10.5 ] },
						"west": { "texture": "#club", "uv": [ 0.0, 10.0, 0.5, 10.5 ] },
						"up": { "texture": "#club", "uv": [ 0.0, 10.0, 0.5, 10.5 ] },
						"down": { "texture": "#club", "uv": [ 0.0, 8.5, 0.5, 9.0 ] }
					},
					"children": [
						{
							"name": "Cube121",
							"from": [ 0.0, 0.5, 0.0 ],
							"to": [ 0.3, 1.7, 0.3 ],
							"rotationOrigin": [ 0.0, 0.5, 0.0 ],
							"rotationZ": 6.0,
							"faces": {
								"north": { "texture": "#club", "uv": [ 0.0, 7.0, 0.5, 8.0 ] },
								"east": { "texture": "#club", "uv": [ 0.0, 7.0, 0.5, 8.0 ] },
								"south": { "texture": "#club", "uv": [ 0.0, 7.0, 0.5, 8.0 ] },
								"west": { "texture": "#club", "uv": [ 0.0, 7.0, 0.5, 8.0 ] },
								"up": { "texture": "#club", "uv": [ 0.0, 8.0, 0.5, 8.5 ] },
								"down": { "texture": "#club", "uv": [ 0.0, 0.0, 0.5, 0.5 ] }
							},
							"children": [
								{
									"name": "Cube122",
									"from": [ 0.0, 1.2, 0.0 ],
									"to": [ 0.3, 1.9, 0.3 ],
									"rotationOrigin": [ 0.0, 1.2, 0.0 ],
									"rotationZ": -6.0,
									"faces": {
										"north": { "texture": "#club", "uv": [ 0.0, 0.0, 0.5, 0.5 ] },
										"east": { "texture": "#club", "uv": [ 0.0, 0.0, 0.5, 0.5 ] },
										"south": { "texture": "#club", "uv": [ 0.0, 0.0, 0.5, 0.5 ] },
										"west": { "texture": "#club", "uv": [ 0.0, 0.0, 0.5, 0.5 ] },
										"up": { "texture": "#club", "uv": [ 0.0, 0.0, 0.5, 0.5 ] },
										"down": { "texture": "#club", "uv": [ 0.0, 0.0, 0.5, 0.5 ] }
									},
									"children": [
										{
											"name": "Cube123",
											"from": [ 0.05, 0.7, 0.05 ],
											"to": [ 0.25, 0.8, 0.25 ],
											"rotationOrigin": [ 0.1, 0.7, 0.1 ],
											"faces": {
												"north": { "texture": "#club", "uv": [ 0.0, 0.0, 0.5, 0.5 ] },
												"east": { "texture": "#club", "uv": [ 0.0, 0.0, 0.5, 0.5 ] },
												"south": { "texture": "#club", "uv": [ 0.0, 0.0, 0.5, 0.5 ] },
												"west": { "texture": "#club", "uv": [ 0.0, 0.0, 0.5, 0.5 ] },
												"up": { "texture": "#club", "uv": [ 0.0, 0.0, 0.5, 0.5 ] },
												"down": { "texture": "#club", "uv": [ 0.0, 0.0, 0.5, 0.5 ] }
											}
										}
									]
								}
							]
						}
					]
				},
				{
					"name": "Cube124",
					"from": [ 4.9, 0.0, 5.0 ],
					"to": [ 5.2, 0.4, 5.3 ],
					"rotationOrigin": [ 4.9, 0.0, 5.0 ],
					"rotationY": -180.0,
					"rotationZ": -6.0,
					"faces": {
						"north": { "texture": "#club", "uv": [ 0.0, 7.5, 0.5, 8.0 ] },
						"east": { "texture": "#club", "uv": [ 0.0, 7.5, 0.5, 8.0 ] },
						"south": { "texture": "#club", "uv": [ 0.0, 7.5, 0.5, 8.0 ] },
						"west": { "texture": "#club", "uv": [ 0.0, 7.5, 0.5, 8.0 ] },
						"up": { "texture": "#club", "uv": [ 0.0, 7.5, 0.5, 8.0 ] },
						"down": { "texture": "#club", "uv": [ 0.0, 0.0, 0.5, 0.5 ] }
					},
					"children": [
						{
							"name": "Cube125",
							"from": [ 0.0, 0.3, 0.0 ],
							"to": [ 0.3, 1.0, 0.3 ],
							"rotationOrigin": [ 0.0, 0.3, 0.0 ],
							"rotationZ": 6.0,
							"faces": {
								"north": { "texture": "#club", "uv": [ 0.0, 5.5, 0.5, 6.0 ] },
								"east": { "texture": "#club", "uv": [ 0.0, 6.0, 0.5, 6.5 ] },
								"south": { "texture": "#club", "uv": [ 0.0, 6.0, 0.5, 6.5 ] },
								"west": { "texture": "#club", "uv": [ 0.0, 6.0, 0.5, 6.5 ] },
								"up": { "texture": "#club", "uv": [ 0.0, 6.5, 0.5, 7.0 ] },
								"down": { "texture": "#club", "uv": [ 0.0, 6.0, 0.5, 6.5 ] }
							},
							"children": [
								{
									"name": "Cube126",
									"from": [ 0.0, 0.7, 0.0 ],
									"to": [ 0.3, 1.1, 0.3 ],
									"rotationOrigin": [ 0.0, 0.7, 0.0 ],
									"rotationZ": -6.0,
									"faces": {
										"north": { "texture": "#club", "uv": [ 0.0, 0.0, 0.5, 0.5 ] },
										"east": { "texture": "#club", "uv": [ 0.0, 0.0, 0.5, 0.5 ] },
										"south": { "texture": "#club", "uv": [ 0.0, 0.0, 0.5, 0.5 ] },
										"west": { "texture": "#club", "uv": [ 0.0, 0.0, 0.5, 0.5 ] },
										"up": { "texture": "#club", "uv": [ 0.0, 0.0, 0.5, 0.5 ] },
										"down": { "texture": "#club", "uv": [ 0.0, 0.0, 0.5, 0.5 ] }
									},
									"children": [
										{
											"name": "Cube127",
											"from": [ 0.05, 0.4, 0.05 ],
											"to": [ 0.25, 0.5, 0.25 ],
											"rotationOrigin": [ 0.1, 0.4, 0.1 ],
											"faces": {
												"north": { "texture": "#club", "uv": [ 0.0, 0.0, 0.5, 0.5 ] },
												"east": { "texture": "#club", "uv": [ 0.0, 0.0, 0.5, 0.5 ] },
												"south": { "texture": "#club", "uv": [ 0.0, 0.0, 0.5, 0.5 ] },
												"west": { "texture": "#club", "uv": [ 0.0, 0.0, 0.5, 0.5 ] },
												"up": { "texture": "#club", "uv": [ 0.0, 0.0, 0.5, 0.5 ] },
												"down": { "texture": "#club", "uv": [ 0.0, 0.0, 0.5, 0.5 ] }
											}
										}
									]
								}
							]
						}
					]
				},
				{
					"name": "Cube128",
					"from": [ 6.8, 0.0, 4.8 ],
					"to": [ 7.1, 0.4, 5.1 ],
					"rotationOrigin": [ 6.8, 0.0, 4.8 ],
					"rotationY": 50.0,
					"rotationZ": -6.0,
					"faces": {
						"north": { "texture": "#club", "uv": [ 0.0, 6.5, 0.5, 7.0 ] },
						"east": { "texture": "#club", "uv": [ 0.0, 6.0, 0.5, 6.5 ] },
						"south": { "texture": "#club", "uv": [ 0.0, 6.0, 0.5, 6.5 ] },
						"west": { "texture": "#club", "uv": [ 0.0, 6.0, 0.5, 6.5 ] },
						"up": { "texture": "#club", "uv": [ 0.0, 6.0, 0.5, 6.5 ] },
						"down": { "texture": "#club", "uv": [ 0.0, 0.0, 0.5, 0.5 ] }
					}
				},
				{
					"name": "Cube129",
					"from": [ 4.6, 0.0, 3.9 ],
					"to": [ 4.9, 0.4, 4.2 ],
					"rotationOrigin": [ 4.6, 0.0, 3.9 ],
					"rotationY": 50.0,
					"rotationZ": -6.0,
					"faces": {
						"north": { "texture": "#club", "uv": [ 0.0, 6.5, 0.5, 7.0 ] },
						"east": { "texture": "#club", "uv": [ 0.0, 6.0, 0.5, 6.5 ] },
						"south": { "texture": "#club", "uv": [ 0.0, 6.0, 0.5, 6.5 ] },
						"west": { "texture": "#club", "uv": [ 0.0, 6.0, 0.5, 6.5 ] },
						"up": { "texture": "#club", "uv": [ 0.0, 6.0, 0.5, 6.5 ] },
						"down": { "texture": "#club", "uv": [ 0.0, 0.0, 0.5, 0.5 ] }
					}
				}
			]
		}
	]}