{
	"editor": {
		"collapsedPaths": "Root/ArmorHelmet/ArmorNose,Root/ArmorHelmet/Fin,Root/ArmorHelmet/Hinge1,Root/ArmorHelmet/ArmorHelmetBottom/Bottom4/BottomFront9,Root/ArmorHelmet/ArmorHelmetBottom/Bottom3,Root/ArmorHelmet/ArmorHelmetBottom/Bottom3/BottomFront6,Root/ArmorHelmet/ArmorHelmetBottom/Bottom4,Root/ArmorHelmet/PlumeBase,Root/ArmorHelmet/Hinge4",
		"allAngles": true,
		"entityTextureMode": true
	},
	"textureWidth": 64,
	"textureHeight": 64,
	"textureSizes": {
	},
	"textures": {
			"gothichead": "armor/entity/gothic_steel",
			"plume": "block/plume/plumered" 
	},
	"elements": [
		{
			"name": "ArmorHelmet",
			"stepParentName": "Head",
			"from": [ -0.2, -0.5, -0.6 ],
			"to": [ 6.4, 5.5, 5.7 ],
			"unwrapMode": 4,
			"uv": [ 26.5, 14.0 ],
			"rotationOrigin": [ -0.2, -0.5, -0.6 ],
			"faces": {
				"north": { "texture": "#gothichead", "uv": [ 26.5, 20.5, 33.0, 26.5 ] },
				"east": { "texture": "#gothichead", "uv": [ 45.5, 20.5, 51.5, 26.5 ], "windMode": [-1,-1,-1,-1], "windData": [1,1,1,1] },
				"south": { "texture": "#gothichead", "uv": [ 39.0, 20.5, 45.5, 26.5 ] },
				"west": { "texture": "#gothichead", "uv": [ 33.0, 20.5, 39.0, 26.5 ], "windMode": [-1,-1,-1,-1], "windData": [1,1,1,1] },
				"up": { "texture": "#gothichead", "uv": [ 33.0, 14.0, 39.0, 20.5 ], "rotation": 90 },
				"down": { "texture": "#gothichead", "uv": [ 33.0, 26.5, 39.0, 33.0 ], "rotation": 90 }
			},
			"children": [
				{
					"name": "ArmorHelmetTop",
					"from": [ 0.5, 5.0, 0.8 ],
					"to": [ 6.1, 6.0, 3.45 ],
					"uv": [ 27.0, 20.5 ],
					"rotationOrigin": [ 0.5, 5.0, 0.8 ],
					"rotationX": -13.0,
					"faces": {
						"north": { "texture": "#gothichead", "uv": [ 27.0, 23.0, 32.5, 24.0 ] },
						"east": { "texture": "#gothichead", "uv": [ 32.5, 23.0, 35.0, 24.0 ] },
						"south": { "texture": "#gothichead", "uv": [ 35.0, 23.0, 40.5, 24.0 ] },
						"west": { "texture": "#gothichead", "uv": [ 40.5, 23.0, 43.0, 24.0 ] },
						"up": { "texture": "#gothichead", "uv": [ 27.0, 20.5, 32.5, 23.0 ] },
						"down": { "texture": "#null", "uv": [ 32.5, 20.5, 38.0, 23.0 ], "enabled": false }
					}
				},
				{
					"name": "ArmorHelmetFront",
					"from": [ -0.7, 1.7, 0.2 ],
					"to": [ 0.1, 5.9, 3.2 ],
					"uv": [ 40.0, 23.5 ],
					"rotationOrigin": [ -0.7, 1.7, 1.6 ],
					"rotationY": -10.0,
					"rotationZ": -7.0,
					"faces": {
						"north": { "texture": "#gothichead", "uv": [ 40.0, 26.5, 40.5, 30.5 ] },
						"east": { "texture": "#null", "uv": [ 40.5, 26.5, 43.5, 30.5 ], "enabled": false },
						"south": { "texture": "#gothichead", "uv": [ 40.5, 26.5, 41.0, 30.5 ] },
						"west": { "texture": "#gothichead", "uv": [ 41.0, 26.5, 44.0, 30.5 ] },
						"up": { "texture": "#gothichead", "uv": [ 40.0, 23.5, 40.5, 26.5 ] },
						"down": { "texture": "#gothichead", "uv": [ 40.5, 23.5, 41.0, 26.5 ] }
					}
				},
				{
					"name": "ArmorHelmetRight",
					"from": [ 1.0, 2.0, -0.7 ],
					"to": [ 5.6, 6.0, 0.3 ],
					"autoUnwrap": false,
					"uv": [ 27.4, 20.5 ],
					"rotationOrigin": [ 1.0, 2.0, -0.2 ],
					"rotationX": 13.0,
					"faces": {
						"north": { "texture": "#gothichead", "uv": [ 27.5, 21.5, 32.0, 25.5 ] },
						"east": { "texture": "#gothichead", "uv": [ 26.5, 21.5, 27.5, 25.5 ], "windMode": [-1,-1,-1,-1], "windData": [1,1,1,1] },
						"south": { "texture": "#null", "uv": [ 5.5, 1.0, 10.0, 5.0 ], "enabled": false },
						"west": { "texture": "#gothichead", "uv": [ 32.0, 21.5, 33.0, 25.5 ], "windMode": [-1,-1,-1,-1], "windData": [1,1,1,1] },
						"up": { "texture": "#null", "uv": [ 0.0, 0.0, 4.5, 1.0 ], "enabled": false },
						"down": { "texture": "#gothichead", "uv": [ 27.5, 20.5, 32.0, 21.5 ] }
					}
				},
				{
					"name": "ArmorHelmetBack",
					"from": [ 5.6, 1.5, 1.0 ],
					"to": [ 6.5, 6.0, 5.3 ],
					"autoUnwrap": false,
					"uv": [ 54.0, 20.5 ],
					"rotationOrigin": [ 5.6, 1.5, 1.0 ],
					"rotationZ": -10.0,
					"faces": {
						"north": { "texture": "#gothichead", "uv": [ 51.0, 21.0, 51.5, 25.5 ] },
						"east": { "texture": "#gothichead", "uv": [ 46.5, 20.5, 50.5, 25.0 ], "windMode": [-1,-1,-1,-1], "windData": [1,1,1,1] },
						"south": { "texture": "#gothichead", "uv": [ 45.5, 20.5, 46.0, 25.0 ] },
						"west": { "texture": "#null", "uv": [ 5.0, 4.0, 9.0, 8.5 ], "enabled": false },
						"up": { "texture": "#gothichead", "uv": [ 46.0, 20.5, 50.0, 21.0 ], "rotation": 90, "windMode": [-1,-1,-1,-1], "windData": [1,1,1,1] },
						"down": { "texture": "#gothichead", "uv": [ 51.0, 21.5, 51.5, 25.5 ] }
					}
				},
				{
					"name": "ArmorHelmetBottom",
					"from": [ -0.9, 1.4, -0.8 ],
					"to": [ -0.9, 1.4, -0.8 ],
					"uv": [ 35.5, 9.0 ],
					"rotationOrigin": [ -0.9, 1.4, -0.8 ],
					"rotationY": -13.0,
					"faces": {
						"north": { "texture": "#gothichead", "uv": [ 35.5, 9.5, 36.0, 10.0 ] },
						"east": { "texture": "#gothichead", "uv": [ 36.0, 9.5, 36.5, 10.0 ] },
						"south": { "texture": "#gothichead", "uv": [ 36.5, 9.5, 37.0, 10.0 ] },
						"west": { "texture": "#gothichead", "uv": [ 37.0, 9.5, 37.5, 10.0 ] },
						"up": { "texture": "#gothichead", "uv": [ 35.5, 9.0, 36.0, 9.5 ] },
						"down": { "texture": "#gothichead", "uv": [ 36.0, 9.0, 36.5, 9.5 ] }
					},
					"children": [
						{
							"name": "Bottom",
							"from": [ 4.9809, -0.5, 2.904 ],
							"to": [ 4.9809, -0.5, 2.904 ],
							"uv": [ 0.0, 0.0 ],
							"rotationOrigin": [ 4.9809, -0.5, 2.904 ],
							"rotationY": 13.0,
							"rotationZ": 10.0,
							"faces": {
								"north": { "texture": "#null", "uv": [ 0.0, 0.5, 0.5, 1.0 ] },
								"east": { "texture": "#null", "uv": [ 0.5, 0.5, 1.0, 1.0 ] },
								"south": { "texture": "#null", "uv": [ 1.0, 0.5, 1.5, 1.0 ] },
								"west": { "texture": "#null", "uv": [ 1.5, 0.5, 2.0, 1.0 ] },
								"up": { "texture": "#null", "uv": [ 0.0, 0.0, 0.5, 0.5 ] },
								"down": { "texture": "#null", "uv": [ 0.5, 0.0, 1.0, 0.5 ] }
							},
							"children": [
								{
									"name": "BottomFront",
									"from": [ -5.73, -0.7, -4.0587 ],
									"to": [ -5.73, -0.7, -4.0587 ],
									"uv": [ 0.0, 0.0 ],
									"rotationOrigin": [ -5.7262, -0.7, -3.86 ],
									"rotationY": -13.0,
									"faces": {
										"north": { "texture": "#null", "uv": [ 0.0, 0.5, 0.5, 1.0 ] },
										"east": { "texture": "#null", "uv": [ 0.5, 0.5, 1.0, 1.0 ] },
										"south": { "texture": "#null", "uv": [ 1.0, 0.5, 1.5, 1.0 ] },
										"west": { "texture": "#null", "uv": [ 1.5, 0.5, 2.0, 1.0 ] },
										"up": { "texture": "#null", "uv": [ 0.0, 0.0, 0.5, 0.5 ] },
										"down": { "texture": "#null", "uv": [ 0.5, 0.0, 1.0, 0.5 ] }
									},
									"children": [
										{
											"name": "BottomFront1",
											"from": [ 0.0, 0.0, 2.0 ],
											"to": [ 5.0, 0.5, 4.3 ],
											"unwrapMode": 4,
											"autoUnwrap": false,
											"uv": [ 32.5, 46.5 ],
											"rotationOrigin": [ -0.05, 0.0, 2.0 ],
											"faces": {
												"north": { "texture": "#gothichead", "uv": [ 19.5, 20.5, 24.5, 21.0 ] },
												"east": { "texture": "#null", "uv": [ 46.0, 51.5, 48.0, 52.0 ], "enabled": false },
												"south": { "texture": "#gothichead", "uv": [ 21.5, 36.5, 26.5, 37.0 ], "windMode": [-1,-1,-1,-1], "windData": [1,1,1,1] },
												"west": { "texture": "#gothichead", "uv": [ 21.0, 19.5, 21.0, 20.0 ], "autoUv": false },
												"up": { "texture": "#gothichead", "uv": [ 49.5, 34.0, 51.5, 39.0 ], "rotation": 90 },
												"down": { "texture": "#gothichead", "uv": [ 49.5, 34.5, 51.5, 39.5 ], "rotation": 90 }
											}
										},
										{
											"name": "BottomFront2",
											"from": [ 0.0, 0.0, 4.2 ],
											"to": [ 5.0, 0.5, 6.3 ],
											"unwrapMode": 4,
											"autoUnwrap": false,
											"uv": [ 50.0, 38.0 ],
											"rotationOrigin": [ -0.0046, 0.0, 4.1974 ],
											"rotationX": -1.0,
											"rotationY": 26.0,
											"faces": {
												"north": { "texture": "#gothichead", "uv": [ 15.5, 20.0, 20.5, 20.5 ] },
												"east": { "texture": "#null", "uv": [ 63.5, 43.0, 65.5, 43.5 ], "enabled": false },
												"south": { "texture": "#gothichead", "uv": [ 17.0, 18.0, 22.0, 18.5 ] },
												"west": { "texture": "#gothichead", "uv": [ 1.5, 24.5, 3.5, 25.0 ] },
												"up": { "texture": "#gothichead", "uv": [ 56.0, 34.0, 58.0, 39.0 ], "rotation": 90 },
												"down": { "texture": "#gothichead", "uv": [ 56.0, 34.5, 58.0, 39.5 ], "rotation": 90 }
											}
										},
										{
											"name": "BottomFrontSlide1",
											"from": [ 0.0, 0.5, 2.0 ],
											"to": [ 0.7, 3.6, 4.15 ],
											"unwrapMode": 4,
											"autoUnwrap": false,
											"uv": [ 6.0, 7.5 ],
											"rotationOrigin": [ 0.0, 0.5, 2.0 ],
											"rotationZ": -15.0,
											"faces": {
												"north": { "texture": "#gothichead", "uv": [ 6.0, 8.0, 6.5, 11.0 ] },
												"east": { "texture": "#gothichead", "uv": [ 10.5, 8.0, 12.5, 11.0 ], "windMode": [-1,-1,-1,-1], "windData": [1,1,1,1] },
												"south": { "texture": "#gothichead", "uv": [ 8.5, 8.0, 9.0, 11.0 ], "windMode": [-1,-1,-1,-1], "windData": [1,1,1,1] },
												"west": { "texture": "#gothichead", "uv": [ 45.0, 14.5, 47.0, 17.5 ], "windMode": [-1,-1,-1,-1], "windData": [1,1,1,1] },
												"up": { "texture": "#gothichead", "uv": [ 6.5, 7.5, 8.5, 8.0 ], "rotation": 90, "windMode": [-1,-1,-1,-1], "windData": [1,1,1,1] },
												"down": { "texture": "#gothichead", "uv": [ 6.5, 11.0, 8.5, 11.5 ], "rotation": 90, "windMode": [-1,-1,-1,-1], "windData": [1,1,1,1] }
											}
										},
										{
											"name": "BottomFrontSlide2",
											"from": [ 0.0, 0.5, 4.25 ],
											"to": [ 0.7, 3.6, 6.3 ],
											"unwrapMode": 2,
											"autoUnwrap": false,
											"uv": [ 18.7, 7.5 ],
											"rotationOrigin": [ -0.0046, 0.5, 4.1974 ],
											"rotationY": 26.0,
											"rotationZ": -15.0,
											"faces": {
												"north": { "texture": "#gothichead", "uv": [ 21.5, 8.0, 22.0, 11.0 ] },
												"east": { "texture": "#gothichead", "uv": [ 19.5, 8.0, 21.5, 11.0 ], "windMode": [-1,-1,-1,-1], "windData": [1,1,1,1] },
												"south": { "texture": "#gothichead", "uv": [ 18.5, 8.0, 19.0, 11.0 ] },
												"west": { "texture": "#gothichead", "uv": [ 58.5, 14.5, 60.5, 17.5 ], "windMode": [-1,-1,-1,-1], "windData": [1,1,1,1] },
												"up": { "texture": "#gothichead", "uv": [ 19.5, 7.5, 21.5, 8.0 ], "rotation": 270, "windMode": [-1,-1,-1,-1], "windData": [1,1,1,1] },
												"down": { "texture": "#gothichead", "uv": [ 19.5, 11.0, 21.5, 11.5 ], "rotation": 270, "windMode": [-1,-1,-1,-1], "windData": [1,1,1,1] }
											}
										}
									]
								}
							]
						},
						{
							"name": "Bottom2",
							"from": [ 4.98, -0.5, 3.0 ],
							"to": [ 4.98, -0.5, 3.0 ],
							"uv": [ 0.0, 0.0 ],
							"rotationOrigin": [ 4.9809, -0.5, 3.2 ],
							"rotationY": -77.0,
							"rotationZ": 10.0,
							"faces": {
								"north": { "texture": "#null", "uv": [ 0.0, 0.5, 0.5, 1.0 ] },
								"east": { "texture": "#null", "uv": [ 0.5, 0.5, 1.0, 1.0 ] },
								"south": { "texture": "#null", "uv": [ 1.0, 0.5, 1.5, 1.0 ] },
								"west": { "texture": "#null", "uv": [ 1.5, 0.5, 2.0, 1.0 ] },
								"up": { "texture": "#null", "uv": [ 0.0, 0.0, 0.5, 0.5 ] },
								"down": { "texture": "#null", "uv": [ 0.5, 0.0, 1.0, 0.5 ] }
							},
							"children": [
								{
									"name": "BottomFront3",
									"from": [ -3.73, 1.3, -4.0587 ],
									"to": [ -3.73, 1.3, -4.0587 ],
									"uv": [ 0.0, 0.0 ],
									"rotationOrigin": [ -3.7262, 1.3, -3.86 ],
									"rotationY": -13.0,
									"faces": {
										"north": { "texture": "#null", "uv": [ 0.0, 0.5, 0.5, 1.0 ] },
										"east": { "texture": "#null", "uv": [ 0.5, 0.5, 1.0, 1.0 ] },
										"south": { "texture": "#null", "uv": [ 1.0, 0.5, 1.5, 1.0 ] },
										"west": { "texture": "#null", "uv": [ 1.5, 0.5, 2.0, 1.0 ] },
										"up": { "texture": "#null", "uv": [ 0.0, 0.0, 0.5, 0.5 ] },
										"down": { "texture": "#null", "uv": [ 0.5, 0.0, 1.0, 0.5 ] }
									},
									"children": [
										{
											"name": "BottomFront4",
											"from": [ 0.0, 0.0, 0.3 ],
											"to": [ 3.0, 0.5, 4.2 ],
											"unwrapMode": 4,
											"uv": [ 46.5, 33.0 ],
											"rotationOrigin": [ -0.05, 0.0, 0.3 ],
											"faces": {
												"north": { "texture": "#gothichead", "uv": [ 46.5, 36.0, 49.5, 36.5 ], "windMode": [-1,-1,-1,-1], "windData": [1,1,1,1] },
												"east": { "texture": "#null", "uv": [ 56.0, 36.0, 59.5, 36.5 ], "enabled": false },
												"south": { "texture": "#gothichead", "uv": [ 53.0, 36.0, 56.0, 36.5 ], "windMode": [-1,-1,-1,-1], "windData": [1,1,1,1] },
												"west": { "texture": "#gothichead", "uv": [ 49.5, 36.0, 53.0, 36.5 ] },
												"up": { "texture": "#gothichead", "uv": [ 49.5, 33.0, 53.0, 36.0 ], "rotation": 90 },
												"down": { "texture": "#gothichead", "uv": [ 49.5, 36.5, 53.0, 39.5 ], "rotation": 90, "windMode": [-1,-1,-1,-1], "windData": [1,1,1,1] }
											}
										},
										{
											"name": "BottomFront5",
											"from": [ 0.0, 0.0, 4.2 ],
											"to": [ 3.0, 0.5, 7.9 ],
											"unwrapMode": 4,
											"uv": [ 53.0, 32.5 ],
											"rotationOrigin": [ -0.0046, 0.0, 4.1974 ],
											"rotationY": 26.0,
											"faces": {
												"north": { "texture": "#gothichead", "uv": [ 53.0, 35.5, 56.0, 36.0 ] },
												"east": { "texture": "#null", "uv": [ 62.5, 35.5, 66.0, 36.0 ], "enabled": false },
												"south": { "texture": "#gothichead", "uv": [ 59.5, 35.5, 62.5, 36.0 ] },
												"west": { "texture": "#gothichead", "uv": [ 56.0, 35.5, 59.5, 36.0 ] },
												"up": { "texture": "#gothichead", "uv": [ 56.0, 32.5, 59.5, 35.5 ], "rotation": 90 },
												"down": { "texture": "#gothichead", "uv": [ 56.0, 36.0, 59.5, 39.0 ], "rotation": 90 }
											}
										},
										{
											"name": "BottomFrontSlide3",
											"from": [ 0.0, 0.5, 0.7 ],
											"to": [ 0.7, 2.0, 4.25 ],
											"unwrapMode": 4,
											"uv": [ 48.0, 30.0 ],
											"rotationOrigin": [ 0.0, 0.5, 0.7 ],
											"rotationZ": -45.0,
											"faces": {
												"north": { "texture": "#gothichead", "uv": [ 48.0, 30.5, 48.5, 32.0 ] },
												"east": { "texture": "#gothichead", "uv": [ 52.5, 30.5, 56.0, 32.0 ], "windMode": [-1,-1,-1,-1], "windData": [1,1,1,1] },
												"south": { "texture": "#gothichead", "uv": [ 52.0, 30.5, 52.5, 32.0 ], "windMode": [-1,-1,-1,-1], "windData": [1,1,1,1] },
												"west": { "texture": "#gothichead", "uv": [ 48.5, 30.5, 52.0, 32.0 ], "windMode": [-1,-1,-1,-1], "windData": [1,1,1,1] },
												"up": { "texture": "#gothichead", "uv": [ 48.5, 30.0, 52.0, 30.5 ], "rotation": 90, "windMode": [-1,-1,-1,-1], "windData": [1,1,1,1] },
												"down": { "texture": "#gothichead", "uv": [ 48.5, 32.0, 52.0, 32.5 ], "rotation": 90, "windMode": [-1,-1,-1,-1], "windData": [1,1,1,1] }
											}
										},
										{
											"name": "BottomFrontSlide4",
											"from": [ 0.0, 0.5, 4.25 ],
											"to": [ 0.7, 2.0, 7.6 ],
											"unwrapMode": 4,
											"uv": [ 51.5, 30.0 ],
											"rotationOrigin": [ -0.0046, 0.5, 4.1974 ],
											"rotationY": 26.0,
											"rotationZ": -45.0,
											"faces": {
												"north": { "texture": "#gothichead", "uv": [ 51.5, 30.5, 52.0, 32.0 ], "windMode": [-1,-1,-1,-1], "windData": [1,1,1,1] },
												"east": { "texture": "#gothichead", "uv": [ 55.5, 30.5, 58.5, 32.0 ], "windMode": [-1,-1,-1,-1], "windData": [1,1,1,1] },
												"south": { "texture": "#gothichead", "uv": [ 55.0, 30.5, 55.5, 32.0 ], "windMode": [-1,-1,-1,-1], "windData": [1,1,1,1] },
												"west": { "texture": "#gothichead", "uv": [ 52.0, 30.5, 55.0, 32.0 ], "windMode": [-1,-1,-1,-1], "windData": [1,1,1,1] },
												"up": { "texture": "#gothichead", "uv": [ 52.0, 30.0, 55.0, 30.5 ], "rotation": 90, "windMode": [-1,-1,-1,-1], "windData": [1,1,1,1] },
												"down": { "texture": "#gothichead", "uv": [ 52.0, 32.0, 55.0, 32.5 ], "rotation": 90, "windMode": [-1,-1,-1,-1], "windData": [1,1,1,1] }
											}
										}
									]
								}
							]
						},
						{
							"name": "Bottom3",
							"from": [ 4.9809, -0.5, 2.6 ],
							"to": [ 4.9809, -0.5, 2.6 ],
							"uv": [ 0.0, 0.0 ],
							"rotationOrigin": [ 4.9809, -0.5, 2.604 ],
							"rotationY": 103.0,
							"rotationZ": 10.0,
							"faces": {
								"north": { "texture": "#null", "uv": [ 0.0, 0.5, 0.5, 1.0 ] },
								"east": { "texture": "#null", "uv": [ 0.5, 0.5, 1.0, 1.0 ] },
								"south": { "texture": "#null", "uv": [ 1.0, 0.5, 1.5, 1.0 ] },
								"west": { "texture": "#null", "uv": [ 1.5, 0.5, 2.0, 1.0 ] },
								"up": { "texture": "#null", "uv": [ 0.0, 0.0, 0.5, 0.5 ] },
								"down": { "texture": "#null", "uv": [ 0.5, 0.0, 1.0, 0.5 ] }
							},
							"children": [
								{
									"name": "BottomFront6",
									"from": [ -3.73, 1.3, -4.0587 ],
									"to": [ -3.73, 1.3, -4.0587 ],
									"uv": [ 0.0, 0.0 ],
									"rotationOrigin": [ -3.7262, 1.3, -3.86 ],
									"rotationY": -13.0,
									"faces": {
										"north": { "texture": "#null", "uv": [ 0.0, 0.5, 0.5, 1.0 ] },
										"east": { "texture": "#null", "uv": [ 0.5, 0.5, 1.0, 1.0 ] },
										"south": { "texture": "#null", "uv": [ 1.0, 0.5, 1.5, 1.0 ] },
										"west": { "texture": "#null", "uv": [ 1.5, 0.5, 2.0, 1.0 ] },
										"up": { "texture": "#null", "uv": [ 0.0, 0.0, 0.5, 0.5 ] },
										"down": { "texture": "#null", "uv": [ 0.5, 0.0, 1.0, 0.5 ] }
									},
									"children": [
										{
											"name": "BottomFront7",
											"from": [ 0.0, 0.0, 0.3 ],
											"to": [ 3.0, 0.5, 4.2 ],
											"unwrapMode": 4,
											"uv": [ 46.5, 33.0 ],
											"rotationOrigin": [ -0.05, 0.0, 0.3 ],
											"faces": {
												"north": { "texture": "#gothichead", "uv": [ 46.5, 36.0, 49.5, 36.5 ] },
												"east": { "texture": "#null", "uv": [ 56.0, 36.0, 59.5, 36.5 ], "enabled": false },
												"south": { "texture": "#gothichead", "uv": [ 53.0, 36.0, 56.0, 36.5 ], "windMode": [-1,-1,-1,-1], "windData": [1,1,1,1] },
												"west": { "texture": "#gothichead", "uv": [ 49.5, 36.0, 53.0, 36.5 ] },
												"up": { "texture": "#gothichead", "uv": [ 49.5, 33.0, 53.0, 36.0 ], "rotation": 90 },
												"down": { "texture": "#gothichead", "uv": [ 49.5, 36.5, 53.0, 39.5 ], "rotation": 90 }
											}
										},
										{
											"name": "BottomFront8",
											"from": [ 0.0, 0.0, 4.2 ],
											"to": [ 3.0, 0.5, 7.9 ],
											"unwrapMode": 4,
											"uv": [ 53.0, 32.5 ],
											"rotationOrigin": [ -0.0046, 0.0, 4.1974 ],
											"rotationY": 26.0,
											"faces": {
												"north": { "texture": "#gothichead", "uv": [ 53.0, 35.5, 56.0, 36.0 ] },
												"east": { "texture": "#null", "uv": [ 62.5, 35.5, 66.0, 36.0 ], "enabled": false },
												"south": { "texture": "#gothichead", "uv": [ 59.5, 35.5, 62.5, 36.0 ] },
												"west": { "texture": "#gothichead", "uv": [ 56.0, 35.5, 59.5, 36.0 ] },
												"up": { "texture": "#gothichead", "uv": [ 56.0, 32.5, 59.5, 35.5 ], "rotation": 90 },
												"down": { "texture": "#gothichead", "uv": [ 56.0, 36.0, 59.5, 39.0 ], "rotation": 90 }
											}
										},
										{
											"name": "BottomFrontSlide5",
											"from": [ 0.0, 0.5, 0.7 ],
											"to": [ 0.7, 2.0, 4.25 ],
											"unwrapMode": 4,
											"uv": [ 48.0, 30.0 ],
											"rotationOrigin": [ 0.0, 0.5, 0.7 ],
											"rotationZ": -45.0,
											"faces": {
												"north": { "texture": "#gothichead", "uv": [ 48.0, 30.5, 48.5, 32.0 ] },
												"east": { "texture": "#gothichead", "uv": [ 52.5, 30.5, 56.0, 32.0 ], "windMode": [-1,-1,-1,-1], "windData": [1,1,1,1] },
												"south": { "texture": "#gothichead", "uv": [ 52.0, 30.5, 52.5, 32.0 ], "windMode": [-1,-1,-1,-1], "windData": [1,1,1,1] },
												"west": { "texture": "#gothichead", "uv": [ 48.5, 30.5, 52.0, 32.0 ], "windMode": [-1,-1,-1,-1], "windData": [1,1,1,1] },
												"up": { "texture": "#gothichead", "uv": [ 48.5, 30.0, 52.0, 30.5 ], "rotation": 90, "windMode": [-1,-1,-1,-1], "windData": [1,1,1,1] },
												"down": { "texture": "#gothichead", "uv": [ 48.5, 32.0, 52.0, 32.5 ], "rotation": 90, "windMode": [-1,-1,-1,-1], "windData": [1,1,1,1] }
											}
										},
										{
											"name": "BottomFrontSlide6",
											"from": [ 0.0, 0.5, 4.25 ],
											"to": [ 0.7, 2.0, 7.6 ],
											"unwrapMode": 4,
											"uv": [ 51.5, 30.0 ],
											"rotationOrigin": [ -0.0046, 0.5, 4.1974 ],
											"rotationY": 26.0,
											"rotationZ": -45.0,
											"faces": {
												"north": { "texture": "#gothichead", "uv": [ 51.5, 30.5, 52.0, 32.0 ] },
												"east": { "texture": "#gothichead", "uv": [ 55.5, 30.5, 58.5, 32.0 ], "windMode": [-1,-1,-1,-1], "windData": [1,1,1,1] },
												"south": { "texture": "#gothichead", "uv": [ 55.0, 30.5, 55.5, 32.0 ], "windMode": [-1,-1,-1,-1], "windData": [1,1,1,1] },
												"west": { "texture": "#gothichead", "uv": [ 52.0, 30.5, 55.0, 32.0 ], "windMode": [-1,-1,-1,-1], "windData": [1,1,1,1] },
												"up": { "texture": "#gothichead", "uv": [ 52.0, 30.0, 55.0, 30.5 ], "rotation": 90 },
												"down": { "texture": "#gothichead", "uv": [ 52.0, 32.0, 55.0, 32.5 ], "rotation": 90 }
											}
										}
									]
								}
							]
						},
						{
							"name": "Bottom4",
							"from": [ 4.78, -0.6, 2.9 ],
							"to": [ 4.78, -0.6, 2.9 ],
							"uv": [ 0.0, 0.0 ],
							"rotationOrigin": [ 4.7809, -0.6, 2.904 ],
							"rotationY": 193.0,
							"rotationZ": 10.0,
							"faces": {
								"north": { "texture": "#null", "uv": [ 0.0, 0.5, 0.5, 1.0 ] },
								"east": { "texture": "#null", "uv": [ 0.5, 0.5, 1.0, 1.0 ] },
								"south": { "texture": "#null", "uv": [ 1.0, 0.5, 1.5, 1.0 ] },
								"west": { "texture": "#null", "uv": [ 1.5, 0.5, 2.0, 1.0 ] },
								"up": { "texture": "#null", "uv": [ 0.0, 0.0, 0.5, 0.5 ] },
								"down": { "texture": "#null", "uv": [ 0.5, 0.0, 1.0, 0.5 ] }
							},
							"children": [
								{
									"name": "BottomFront9",
									"from": [ -3.73, 1.3, -4.0587 ],
									"to": [ -3.73, 1.3, -4.0587 ],
									"uv": [ 0.0, 0.0 ],
									"rotationOrigin": [ -3.7262, 1.3, -3.86 ],
									"rotationY": -13.0,
									"faces": {
										"north": { "texture": "#null", "uv": [ 0.0, 0.5, 0.5, 1.0 ] },
										"east": { "texture": "#null", "uv": [ 0.5, 0.5, 1.0, 1.0 ] },
										"south": { "texture": "#null", "uv": [ 1.0, 0.5, 1.5, 1.0 ] },
										"west": { "texture": "#null", "uv": [ 1.5, 0.5, 2.0, 1.0 ] },
										"up": { "texture": "#null", "uv": [ 0.0, 0.0, 0.5, 0.5 ] },
										"down": { "texture": "#null", "uv": [ 0.5, 0.0, 1.0, 0.5 ] }
									},
									"children": [
										{
											"name": "BottomFront10",
											"from": [ 0.0, 0.0, 0.3 ],
											"to": [ 3.0, 0.5, 4.2 ],
											"unwrapMode": 4,
											"uv": [ 46.5, 33.0 ],
											"rotationOrigin": [ -0.05, 0.0, 0.3 ],
											"faces": {
												"north": { "texture": "#gothichead", "uv": [ 46.5, 36.0, 49.5, 36.5 ] },
												"east": { "texture": "#null", "uv": [ 56.0, 36.0, 59.5, 36.5 ], "enabled": false },
												"south": { "texture": "#null", "uv": [ 53.0, 36.0, 56.0, 36.5 ], "enabled": false },
												"west": { "texture": "#gothichead", "uv": [ 49.5, 36.0, 53.0, 36.5 ] },
												"up": { "texture": "#gothichead", "uv": [ 49.5, 33.0, 53.0, 36.0 ], "rotation": 90 },
												"down": { "texture": "#gothichead", "uv": [ 49.5, 36.5, 53.0, 39.5 ], "rotation": 90 }
											}
										},
										{
											"name": "BottomFront11",
											"from": [ 0.0, 0.0, 4.2 ],
											"to": [ 3.0, 0.5, 7.9 ],
											"unwrapMode": 4,
											"uv": [ 53.0, 32.5 ],
											"rotationOrigin": [ -0.0046, 0.0, 4.1974 ],
											"rotationY": 26.0,
											"faces": {
												"north": { "texture": "#gothichead", "uv": [ 53.0, 35.5, 56.0, 36.0 ] },
												"east": { "texture": "#null", "uv": [ 62.5, 35.5, 66.0, 36.0 ], "enabled": false },
												"south": { "texture": "#gothichead", "uv": [ 59.5, 35.5, 62.5, 36.0 ] },
												"west": { "texture": "#gothichead", "uv": [ 56.0, 35.5, 59.5, 36.0 ] },
												"up": { "texture": "#gothichead", "uv": [ 56.0, 32.5, 59.5, 35.5 ], "rotation": 90 },
												"down": { "texture": "#gothichead", "uv": [ 56.0, 36.0, 59.5, 39.0 ], "rotation": 90 }
											}
										},
										{
											"name": "BottomFrontSlide7",
											"from": [ 0.0, 0.5, 0.7 ],
											"to": [ 0.7, 2.0, 4.25 ],
											"unwrapMode": 4,
											"uv": [ 48.0, 30.0 ],
											"rotationOrigin": [ 0.0, 0.5, 0.7 ],
											"rotationZ": -45.0,
											"faces": {
												"north": { "texture": "#gothichead", "uv": [ 48.0, 30.5, 48.5, 32.0 ], "windMode": [-1,-1,-1,-1], "windData": [1,1,1,1] },
												"east": { "texture": "#gothichead", "uv": [ 52.5, 30.5, 56.0, 32.0 ], "windMode": [-1,-1,-1,-1], "windData": [1,1,1,1] },
												"south": { "texture": "#gothichead", "uv": [ 52.0, 30.5, 52.5, 32.0 ], "windMode": [-1,-1,-1,-1], "windData": [1,1,1,1] },
												"west": { "texture": "#gothichead", "uv": [ 48.5, 30.5, 52.0, 32.0 ], "windMode": [-1,-1,-1,-1], "windData": [1,1,1,1] },
												"up": { "texture": "#gothichead", "uv": [ 48.5, 30.0, 52.0, 30.5 ], "rotation": 90, "windMode": [-1,-1,-1,-1], "windData": [1,1,1,1] },
												"down": { "texture": "#gothichead", "uv": [ 48.5, 32.0, 52.0, 32.5 ], "rotation": 90, "windMode": [-1,-1,-1,-1], "windData": [1,1,1,1] }
											}
										},
										{
											"name": "BottomFrontSlide8",
											"from": [ 0.0, 0.5, 4.25 ],
											"to": [ 0.7, 2.0, 7.6 ],
											"unwrapMode": 4,
											"uv": [ 51.5, 30.0 ],
											"rotationOrigin": [ -0.0046, 0.5, 4.1974 ],
											"rotationY": 26.0,
											"rotationZ": -45.0,
											"faces": {
												"north": { "texture": "#gothichead", "uv": [ 51.5, 30.5, 52.0, 32.0 ] },
												"east": { "texture": "#gothichead", "uv": [ 55.5, 30.5, 58.5, 32.0 ], "windMode": [-1,-1,-1,-1], "windData": [1,1,1,1] },
												"south": { "texture": "#gothichead", "uv": [ 55.0, 30.5, 55.5, 32.0 ], "windMode": [-1,-1,-1,-1], "windData": [1,1,1,1] },
												"west": { "texture": "#gothichead", "uv": [ 52.0, 30.5, 55.0, 32.0 ], "windMode": [-1,-1,-1,-1], "windData": [1,1,1,1] },
												"up": { "texture": "#gothichead", "uv": [ 52.0, 30.0, 55.0, 30.5 ], "rotation": 90 },
												"down": { "texture": "#gothichead", "uv": [ 52.0, 32.0, 55.0, 32.5 ], "rotation": 90 }
											}
										}
									]
								}
							]
						}
					]
				},
				{
					"name": "ArmorHelmetLeft",
					"from": [ 1.0, 2.0, 6.0 ],
					"to": [ 5.6, 6.0, 7.0 ],
					"uv": [ 35.0, 20.5 ],
					"rotationOrigin": [ 1.0, 2.0, 6.5 ],
					"rotationX": -13.0,
					"faces": {
						"north": { "texture": "#gothichead", "uv": [ 35.0, 21.5, 39.5, 25.5 ], "windMode": [-1,-1,-1,-1], "windData": [1,1,1,1] },
						"east": { "texture": "#gothichead", "uv": [ 39.5, 21.5, 40.5, 25.5 ], "windMode": [-1,-1,-1,-1], "windData": [1,1,1,1] },
						"south": { "texture": "#gothichead", "uv": [ 40.5, 21.5, 45.0, 25.5 ], "windMode": [-1,-1,-1,-1], "windData": [1,1,1,1] },
						"west": { "texture": "#gothichead", "uv": [ 45.0, 21.5, 46.0, 25.5 ], "windMode": [-1,-1,-1,-1], "windData": [1,1,1,1] },
						"up": { "texture": "#gothichead", "uv": [ 35.0, 20.5, 39.5, 21.5 ], "windMode": [-1,-1,-1,-1], "windData": [1,1,1,1] },
						"down": { "texture": "#gothichead", "uv": [ 39.5, 20.5, 44.0, 21.5 ], "windMode": [-1,-1,-1,-1], "windData": [1,1,1,1] }
					}
				},
				{
					"name": "ArmorHelmetFront2",
					"from": [ -0.8, 1.7, 3.2 ],
					"to": [ 0.0, 5.9, 6.2 ],
					"uv": [ 43.0, 23.5 ],
					"rotationOrigin": [ -0.8, 1.7, 4.6 ],
					"rotationY": 10.0,
					"rotationZ": -7.9,
					"faces": {
						"north": { "texture": "#null", "uv": [ 43.0, 26.5, 43.5, 30.5 ], "enabled": false },
						"east": { "texture": "#null", "uv": [ 43.5, 26.5, 46.5, 30.5 ], "enabled": false },
						"south": { "texture": "#gothichead", "uv": [ 47.5, 26.5, 48.0, 30.5 ], "windMode": [-1,-1,-1,-1], "windData": [1,1,1,1] },
						"west": { "texture": "#gothichead", "uv": [ 44.0, 26.5, 47.0, 30.5 ], "windMode": [-1,-1,-1,-1], "windData": [1,1,1,1] },
						"up": { "texture": "#null", "uv": [ 43.0, 23.5, 43.5, 26.5 ], "enabled": false },
						"down": { "texture": "#null", "uv": [ 43.5, 23.5, 44.0, 26.5 ], "enabled": false }
					}
				},
				{
					"name": "ArmorHelmetTop2",
					"from": [ 0.52, 5.0, 2.85 ],
					"to": [ 6.11, 6.0, 5.5 ],
					"unwrapMode": 1,
					"autoUnwrap": false,
					"uv": [ 24.0, 20.5 ],
					"rotationOrigin": [ 0.5, 5.0, 5.5 ],
					"rotationX": 13.0,
					"faces": {
						"north": { "texture": "#gothichead", "uv": [ 26.5, 23.0, 32.0, 24.0 ] },
						"east": { "texture": "#gothichead", "uv": [ 28.0, 24.5, 30.5, 25.5 ] },
						"south": { "texture": "#gothichead", "uv": [ 34.5, 23.0, 40.0, 24.0 ] },
						"west": { "texture": "#gothichead", "uv": [ 32.0, 23.0, 34.5, 24.0 ] },
						"up": { "texture": "#gothichead", "uv": [ 26.5, 20.5, 32.0, 23.0 ], "rotation": 180, "windMode": [-1,-1,-1,-1], "windData": [1,1,1,1] },
						"down": { "texture": "#null", "uv": [ 5.5, 0.0, 11.0, 2.5 ], "enabled": false }
					}
				},
				{
					"name": "HingeL",
					"from": [ 3.0, 3.0, 0.3 ],
					"to": [ 4.0, 5.0, 0.8 ],
					"uv": [ 12.0, 21.0 ],
					"rotationOrigin": [ 3.0, 3.0, 0.0 ],
					"rotationX": 8.0,
					"rotationY": 185.0,
					"rotationZ": 70.0,
					"faces": {
						"north": { "texture": "#plume", "uv": [ 12.0, 21.5, 13.0, 23.5 ] },
						"east": { "texture": "#plume", "uv": [ 13.0, 21.5, 13.5, 23.5 ] },
						"south": { "texture": "#plume", "uv": [ 13.5, 21.5, 14.5, 23.5 ] },
						"west": { "texture": "#plume", "uv": [ 14.5, 21.5, 15.0, 23.5 ] },
						"up": { "texture": "#plume", "uv": [ 12.0, 21.0, 13.0, 21.5 ] },
						"down": { "texture": "#plume", "uv": [ 13.0, 21.0, 14.0, 21.5 ] }
					},
					"children": [
						{
							"name": "Hinge3",
							"from": [ -1.5, 0.0, 0.0 ],
							"to": [ -0.5, 0.5, 0.5 ],
							"uv": [ 12.5, 22.0 ],
							"rotationOrigin": [ -1.0, 1.0, -0.3 ],
							"rotationZ": 90.0,
							"faces": {
								"north": { "texture": "#plume", "uv": [ 12.5, 22.5, 13.5, 23.0 ] },
								"east": { "texture": "#plume", "uv": [ 13.5, 22.5, 14.0, 23.0 ] },
								"south": { "texture": "#plume", "uv": [ 14.0, 22.5, 15.0, 23.0 ] },
								"west": { "texture": "#plume", "uv": [ 15.0, 22.5, 15.5, 23.0 ] },
								"up": { "texture": "#plume", "uv": [ 12.5, 22.0, 13.5, 22.5 ] },
								"down": { "texture": "#plume", "uv": [ 13.5, 22.0, 14.5, 22.5 ] }
							}
						},
						{
							"name": "WingL",
							"from": [ 0.8, 0.9, 0.0 ],
							"to": [ 1.8, 1.6, 0.7 ],
							"uv": [ 13.0, 21.0 ],
							"rotationOrigin": [ 0.8, 0.9, 0.0 ],
							"faces": {
								"north": { "texture": "#plume", "uv": [ 13.0, 21.5, 14.0, 22.0 ] },
								"east": { "texture": "#plume", "uv": [ 14.0, 21.5, 14.5, 22.0 ] },
								"south": { "texture": "#plume", "uv": [ 14.5, 21.5, 15.5, 22.0 ] },
								"west": { "texture": "#plume", "uv": [ 15.5, 21.5, 16.0, 22.0 ] },
								"up": { "texture": "#plume", "uv": [ 13.0, 21.0, 14.0, 21.5 ] },
								"down": { "texture": "#plume", "uv": [ 14.0, 21.0, 15.0, 21.5 ] }
							},
							"children": [
								{
									"name": "Winga",
									"from": [ 0.2, 0.2, 0.0 ],
									"to": [ 2.2, 0.9, 0.6 ],
									"uv": [ 4.5, 17.0 ],
									"rotationOrigin": [ 0.1, 0.2, 0.0 ],
									"rotationY": -5.0,
									"rotationZ": 17.0,
									"faces": {
										"north": { "texture": "#plume", "uv": [ 4.5, 17.5, 6.5, 18.0 ] },
										"east": { "texture": "#plume", "uv": [ 6.5, 17.5, 7.0, 18.0 ] },
										"south": { "texture": "#plume", "uv": [ 7.0, 17.5, 9.0, 18.0 ] },
										"west": { "texture": "#plume", "uv": [ 9.0, 17.5, 9.5, 18.0 ] },
										"up": { "texture": "#plume", "uv": [ 4.5, 17.0, 6.5, 17.5 ] },
										"down": { "texture": "#plume", "uv": [ 6.5, 17.0, 8.5, 17.5 ] }
									},
									"children": [
										{
											"name": "Wingb",
											"from": [ 1.655, -0.5, 0.1 ],
											"to": [ 4.955, 0.6, 0.5 ],
											"uv": [ 5.5, 13.5 ],
											"rotationOrigin": [ 1.555, -0.5014, 0.1 ],
											"rotationY": -9.0,
											"rotationZ": 30.0,
											"faces": {
												"north": { "texture": "#plume", "uv": [ 5.5, 14.0, 8.5, 15.0 ] },
												"east": { "texture": "#plume", "uv": [ 8.5, 14.0, 9.0, 15.0 ] },
												"south": { "texture": "#plume", "uv": [ 9.0, 14.0, 12.0, 15.0 ] },
												"west": { "texture": "#plume", "uv": [ 12.0, 14.0, 12.5, 15.0 ] },
												"up": { "texture": "#plume", "uv": [ 5.5, 13.5, 8.5, 14.0 ] },
												"down": { "texture": "#plume", "uv": [ 8.5, 13.5, 11.5, 14.0 ] }
											},
											"children": [
												{
													"name": "Wingc",
													"from": [ 3.2, 0.3, 0.01 ],
													"to": [ 4.0, 0.8, 0.39 ],
													"uv": [ 5.5, 17.5 ],
													"rotationOrigin": [ 3.1, 0.3, 0.0 ],
													"faces": {
														"north": { "texture": "#plume", "uv": [ 5.5, 18.0, 6.0, 18.5 ] },
														"east": { "texture": "#plume", "uv": [ 6.0, 18.0, 6.5, 18.5 ] },
														"south": { "texture": "#plume", "uv": [ 6.5, 18.0, 7.0, 18.5 ] },
														"west": { "texture": "#plume", "uv": [ 7.0, 18.0, 7.5, 18.5 ] },
														"up": { "texture": "#plume", "uv": [ 5.5, 17.5, 6.0, 18.0 ] },
														"down": { "texture": "#plume", "uv": [ 6.0, 17.5, 6.5, 18.0 ] }
													}
												}
											]
										},
										{
											"name": "Wingb2",
											"from": [ 1.75, 0.0, 0.15 ],
											"to": [ 5.85, 1.1, 0.45 ],
											"uv": [ 3.0, 11.5 ],
											"rotationOrigin": [ 1.655, -0.0014, 0.1 ],
											"rotationY": -9.0,
											"rotationZ": 44.0,
											"faces": {
												"north": { "texture": "#plume", "uv": [ 3.0, 12.0, 7.0, 13.0 ] },
												"east": { "texture": "#plume", "uv": [ 7.0, 12.0, 7.5, 13.0 ] },
												"south": { "texture": "#plume", "uv": [ 7.5, 12.0, 11.5, 13.0 ] },
												"west": { "texture": "#plume", "uv": [ 11.5, 12.0, 12.0, 13.0 ] },
												"up": { "texture": "#plume", "uv": [ 3.0, 11.5, 7.0, 12.0 ] },
												"down": { "texture": "#plume", "uv": [ 7.0, 11.5, 11.0, 12.0 ] }
											},
											"children": [
												{
													"name": "Wingc2",
													"from": [ 4.01, 0.28, 0.01 ],
													"to": [ 4.61, 0.78, 0.29 ],
													"uv": [ 6.5, 15.0 ],
													"rotationOrigin": [ 4.0106, 0.2787, -0.05 ],
													"faces": {
														"north": { "texture": "#plume", "uv": [ 6.5, 15.5, 7.0, 16.0 ] },
														"east": { "texture": "#plume", "uv": [ 7.0, 15.5, 7.5, 16.0 ] },
														"south": { "texture": "#plume", "uv": [ 7.5, 15.5, 8.0, 16.0 ] },
														"west": { "texture": "#plume", "uv": [ 8.0, 15.5, 8.5, 16.0 ] },
														"up": { "texture": "#plume", "uv": [ 6.5, 15.0, 7.0, 15.5 ] },
														"down": { "texture": "#plume", "uv": [ 7.0, 15.0, 7.5, 15.5 ] }
													}
												}
											]
										},
										{
											"name": "Wingb3",
											"from": [ 1.55, 0.3, 0.1 ],
											"to": [ 6.45, 1.4, 0.5 ],
											"uv": [ 3.5, 13.0 ],
											"rotationOrigin": [ 1.455, 0.2986, 0.1 ],
											"rotationY": -9.0,
											"rotationZ": 57.0,
											"faces": {
												"north": { "texture": "#plume", "uv": [ 3.5, 13.5, 8.0, 14.5 ] },
												"east": { "texture": "#plume", "uv": [ 8.0, 13.5, 8.5, 14.5 ] },
												"south": { "texture": "#plume", "uv": [ 8.5, 13.5, 13.0, 14.5 ] },
												"west": { "texture": "#plume", "uv": [ 13.0, 13.5, 13.5, 14.5 ] },
												"up": { "texture": "#plume", "uv": [ 3.5, 13.0, 8.0, 13.5 ] },
												"down": { "texture": "#plume", "uv": [ 8.0, 13.0, 12.5, 13.5 ] }
											},
											"children": [
												{
													"name": "Wingc3",
													"from": [ 4.77, 0.29, 0.01 ],
													"to": [ 5.57, 0.89, 0.39 ],
													"uv": [ 7.5, 18.5 ],
													"rotationOrigin": [ 4.7653, 0.289, 0.0 ],
													"faces": {
														"north": { "texture": "#plume", "uv": [ 7.5, 19.0, 8.0, 19.5 ] },
														"east": { "texture": "#plume", "uv": [ 8.0, 19.0, 8.5, 19.5 ] },
														"south": { "texture": "#plume", "uv": [ 8.5, 19.0, 9.0, 19.5 ] },
														"west": { "texture": "#plume", "uv": [ 9.0, 19.0, 9.5, 19.5 ] },
														"up": { "texture": "#plume", "uv": [ 7.5, 18.5, 8.0, 19.0 ] },
														"down": { "texture": "#plume", "uv": [ 8.0, 18.5, 8.5, 19.0 ] }
													}
												}
											]
										},
										{
											"name": "Wingb4",
											"from": [ 1.65, 0.2, 0.15 ],
											"to": [ 7.05, 1.3, 0.45 ],
											"uv": [ 3.0, 15.5 ],
											"rotationOrigin": [ 1.555, 0.1986, 0.1 ],
											"rotationY": -9.0,
											"rotationZ": 73.9,
											"faces": {
												"north": { "texture": "#plume", "uv": [ 3.0, 16.0, 8.0, 17.0 ] },
												"east": { "texture": "#plume", "uv": [ 8.0, 16.0, 8.5, 17.0 ] },
												"south": { "texture": "#plume", "uv": [ 8.5, 16.0, 13.5, 17.0 ] },
												"west": { "texture": "#plume", "uv": [ 13.5, 16.0, 14.0, 17.0 ] },
												"up": { "texture": "#plume", "uv": [ 3.0, 15.5, 8.0, 16.0 ] },
												"down": { "texture": "#plume", "uv": [ 8.0, 15.5, 13.0, 16.0 ] }
											},
											"children": [
												{
													"name": "Wingc4",
													"from": [ 5.26, 0.19, 0.01 ],
													"to": [ 6.16, 0.79, 0.29 ],
													"uv": [ 8.5, 12.0 ],
													"rotationOrigin": [ 5.1612, 0.1936, -0.05 ],
													"faces": {
														"north": { "texture": "#plume", "uv": [ 8.5, 12.5, 9.0, 13.0 ] },
														"east": { "texture": "#plume", "uv": [ 9.0, 12.5, 9.5, 13.0 ] },
														"south": { "texture": "#plume", "uv": [ 9.5, 12.5, 10.0, 13.0 ] },
														"west": { "texture": "#plume", "uv": [ 10.0, 12.5, 10.5, 13.0 ] },
														"up": { "texture": "#plume", "uv": [ 8.5, 12.0, 9.0, 12.5 ] },
														"down": { "texture": "#plume", "uv": [ 9.0, 12.0, 9.5, 12.5 ] }
													}
												}
											]
										},
										{
											"name": "Wingb5",
											"from": [ 1.05, 0.5, 0.15 ],
											"to": [ 5.35, 1.4, 0.45 ],
											"uv": [ 4.5, 18.0 ],
											"rotationOrigin": [ 1.05, 0.5, 0.1 ],
											"rotationY": -9.0,
											"rotationZ": 82.0,
											"faces": {
												"north": { "texture": "#plume", "uv": [ 4.5, 18.5, 8.5, 19.0 ] },
												"east": { "texture": "#plume", "uv": [ 8.5, 18.5, 9.0, 19.0 ] },
												"south": { "texture": "#plume", "uv": [ 9.0, 18.5, 13.0, 19.0 ] },
												"west": { "texture": "#plume", "uv": [ 13.0, 18.5, 13.5, 19.0 ] },
												"up": { "texture": "#plume", "uv": [ 4.5, 18.0, 8.5, 18.5 ] },
												"down": { "texture": "#plume", "uv": [ 8.5, 18.0, 12.5, 18.5 ] }
											},
											"children": [
												{
													"name": "Wingc6",
													"from": [ 4.03, 0.22, 0.01 ],
													"to": [ 4.93, 0.72, 0.29 ],
													"uv": [ 5.5, 17.0 ],
													"rotationOrigin": [ 4.0337, 0.2154, -0.05 ],
													"faces": {
														"north": { "texture": "#plume", "uv": [ 5.5, 17.5, 6.0, 18.0 ] },
														"east": { "texture": "#plume", "uv": [ 6.0, 17.5, 6.5, 18.0 ] },
														"south": { "texture": "#plume", "uv": [ 6.5, 17.5, 7.0, 18.0 ] },
														"west": { "texture": "#plume", "uv": [ 7.0, 17.5, 7.5, 18.0 ] },
														"up": { "texture": "#plume", "uv": [ 5.5, 17.0, 6.0, 17.5 ] },
														"down": { "texture": "#plume", "uv": [ 6.0, 17.0, 6.5, 17.5 ] }
													}
												}
											]
										}
									]
								},
								{
									"name": "Wing3",
									"from": [ 0.0, 0.0, 0.1 ],
									"to": [ 1.2, 0.7, 0.5 ],
									"uv": [ 5.0, 17.0 ],
									"rotationOrigin": [ 0.0, 0.0, 0.1 ],
									"rotationY": -9.0,
									"rotationZ": -79.0,
									"faces": {
										"north": { "texture": "#plume", "uv": [ 5.0, 17.5, 6.0, 18.0 ] },
										"east": { "texture": "#plume", "uv": [ 6.0, 17.5, 6.5, 18.0 ] },
										"south": { "texture": "#plume", "uv": [ 6.5, 17.5, 7.5, 18.0 ] },
										"west": { "texture": "#plume", "uv": [ 7.5, 17.5, 8.0, 18.0 ] },
										"up": { "texture": "#plume", "uv": [ 5.0, 17.0, 6.0, 17.5 ] },
										"down": { "texture": "#plume", "uv": [ 6.0, 17.0, 7.0, 17.5 ] }
									}
								},
								{
									"name": "Wing4a",
									"from": [ 0.0, 0.0, 0.05 ],
									"to": [ 1.3, 0.7, 0.55 ],
									"uv": [ 10.0, 12.5 ],
									"rotationOrigin": [ 0.0, 0.0, 0.1 ],
									"rotationY": -9.0,
									"rotationZ": -48.0,
									"faces": {
										"north": { "texture": "#plume", "uv": [ 10.0, 13.0, 11.0, 13.5 ] },
										"east": { "texture": "#plume", "uv": [ 11.0, 13.0, 11.5, 13.5 ] },
										"south": { "texture": "#plume", "uv": [ 11.5, 13.0, 12.5, 13.5 ] },
										"west": { "texture": "#plume", "uv": [ 12.5, 13.0, 13.0, 13.5 ] },
										"up": { "texture": "#plume", "uv": [ 10.0, 12.5, 11.0, 13.0 ] },
										"down": { "texture": "#plume", "uv": [ 11.0, 12.5, 12.0, 13.0 ] }
									},
									"children": [
										{
											"name": "Wing4b",
											"from": [ 1.3, -0.1, 0.1 ],
											"to": [ 3.4, 0.8, 0.4 ],
											"uv": [ 6.0, 17.5 ],
											"rotationOrigin": [ 1.3, -0.1, 0.15 ],
											"rotationY": -9.0,
											"rotationZ": 30.0,
											"faces": {
												"north": { "texture": "#plume", "uv": [ 6.0, 18.0, 8.0, 18.5 ] },
												"east": { "texture": "#plume", "uv": [ 8.0, 18.0, 8.5, 18.5 ] },
												"south": { "texture": "#plume", "uv": [ 8.5, 18.0, 10.5, 18.5 ] },
												"west": { "texture": "#plume", "uv": [ 10.5, 18.0, 11.0, 18.5 ] },
												"up": { "texture": "#plume", "uv": [ 6.0, 17.5, 8.0, 18.0 ] },
												"down": { "texture": "#plume", "uv": [ 8.0, 17.5, 10.0, 18.0 ] }
											},
											"children": [
												{
													"name": "Wing4c",
													"from": [ 1.9, 0.2, 0.01 ],
													"to": [ 2.7, 0.8, 0.29 ],
													"uv": [ 5.0, 17.0 ],
													"rotationOrigin": [ 1.9, 0.2, 0.05 ],
													"faces": {
														"north": { "texture": "#plume", "uv": [ 5.0, 17.5, 5.5, 18.0 ] },
														"east": { "texture": "#plume", "uv": [ 5.5, 17.5, 6.0, 18.0 ] },
														"south": { "texture": "#plume", "uv": [ 6.0, 17.5, 6.5, 18.0 ] },
														"west": { "texture": "#plume", "uv": [ 6.5, 17.5, 7.0, 18.0 ] },
														"up": { "texture": "#plume", "uv": [ 5.0, 17.0, 5.5, 17.5 ] },
														"down": { "texture": "#plume", "uv": [ 5.5, 17.0, 6.0, 17.5 ] }
													}
												}
											]
										}
									]
								},
								{
									"name": "Wing5",
									"from": [ 0.3, 0.0, 0.1 ],
									"to": [ 1.7, 0.7, 0.5 ],
									"uv": [ 9.0, 11.5 ],
									"rotationOrigin": [ 0.2, 0.0, 0.1 ],
									"rotationY": -9.0,
									"rotationZ": -22.0,
									"faces": {
										"north": { "texture": "#plume", "uv": [ 9.0, 12.0, 10.0, 12.5 ] },
										"east": { "texture": "#plume", "uv": [ 10.0, 12.0, 10.5, 12.5 ] },
										"south": { "texture": "#plume", "uv": [ 10.5, 12.0, 11.5, 12.5 ] },
										"west": { "texture": "#plume", "uv": [ 11.5, 12.0, 12.0, 12.5 ] },
										"up": { "texture": "#plume", "uv": [ 9.0, 11.5, 10.0, 12.0 ] },
										"down": { "texture": "#plume", "uv": [ 10.0, 11.5, 11.0, 12.0 ] }
									},
									"children": [
										{
											"name": "Wing5b",
											"from": [ 1.3, -0.3, 0.05 ],
											"to": [ 3.5, 0.6, 0.35 ],
											"uv": [ 5.0, 16.5 ],
											"rotationOrigin": [ 1.3, -0.3, 0.0 ],
											"rotationY": -9.0,
											"rotationZ": 30.0,
											"faces": {
												"north": { "texture": "#plume", "uv": [ 5.0, 17.0, 7.0, 17.5 ] },
												"east": { "texture": "#plume", "uv": [ 7.0, 17.0, 7.5, 17.5 ] },
												"south": { "texture": "#plume", "uv": [ 7.5, 17.0, 9.5, 17.5 ] },
												"west": { "texture": "#plume", "uv": [ 9.5, 17.0, 10.0, 17.5 ] },
												"up": { "texture": "#plume", "uv": [ 5.0, 16.5, 7.0, 17.0 ] },
												"down": { "texture": "#plume", "uv": [ 7.0, 16.5, 9.0, 17.0 ] }
											},
											"children": [
												{
													"name": "Wing5c",
													"from": [ 2.1, 0.2, 0.01 ],
													"to": [ 2.7, 0.7, 0.29 ],
													"uv": [ 3.0, 18.5 ],
													"rotationOrigin": [ 2.1, 0.2, -0.05 ],
													"faces": {
														"north": { "texture": "#plume", "uv": [ 3.0, 19.0, 3.5, 19.5 ] },
														"east": { "texture": "#plume", "uv": [ 3.5, 19.0, 4.0, 19.5 ] },
														"south": { "texture": "#plume", "uv": [ 4.0, 19.0, 4.5, 19.5 ] },
														"west": { "texture": "#plume", "uv": [ 4.5, 19.0, 5.0, 19.5 ] },
														"up": { "texture": "#plume", "uv": [ 3.0, 18.5, 3.5, 19.0 ] },
														"down": { "texture": "#plume", "uv": [ 3.5, 18.5, 4.0, 19.0 ] }
													}
												}
											]
										}
									]
								},
								{
									"name": "Wing6a",
									"from": [ 0.6, 0.1, 0.05 ],
									"to": [ 2.0, 0.8, 0.55 ],
									"uv": [ 3.0, 13.5 ],
									"rotationOrigin": [ 0.6, 0.1, 0.1 ],
									"rotationY": -9.0,
									"faces": {
										"north": { "texture": "#plume", "uv": [ 3.0, 14.0, 4.0, 14.5 ] },
										"east": { "texture": "#plume", "uv": [ 4.0, 14.0, 4.5, 14.5 ] },
										"south": { "texture": "#plume", "uv": [ 4.5, 14.0, 5.5, 14.5 ] },
										"west": { "texture": "#plume", "uv": [ 5.5, 14.0, 6.0, 14.5 ] },
										"up": { "texture": "#plume", "uv": [ 3.0, 13.5, 4.0, 14.0 ] },
										"down": { "texture": "#plume", "uv": [ 4.0, 13.5, 5.0, 14.0 ] }
									},
									"children": [
										{
											"name": "Wing6b",
											"from": [ 1.3, -0.3, 0.1 ],
											"to": [ 3.5, 0.6, 0.4 ],
											"uv": [ 6.5, 13.0 ],
											"rotationOrigin": [ 1.3, -0.3, 0.15 ],
											"rotationY": -9.0,
											"rotationZ": 30.0,
											"faces": {
												"north": { "texture": "#plume", "uv": [ 6.5, 13.5, 8.5, 14.0 ] },
												"east": { "texture": "#plume", "uv": [ 8.5, 13.5, 9.0, 14.0 ] },
												"south": { "texture": "#plume", "uv": [ 9.0, 13.5, 11.0, 14.0 ] },
												"west": { "texture": "#plume", "uv": [ 11.0, 13.5, 11.5, 14.0 ] },
												"up": { "texture": "#plume", "uv": [ 6.5, 13.0, 8.5, 13.5 ] },
												"down": { "texture": "#plume", "uv": [ 8.5, 13.0, 10.5, 13.5 ] }
											},
											"children": [
												{
													"name": "Wing6c",
													"from": [ 2.1, 0.2, 0.0 ],
													"to": [ 2.8, 0.7, 0.3 ],
													"uv": [ 1.5, 16.5 ],
													"rotationOrigin": [ 2.1, 0.2, 0.05 ],
													"faces": {
														"north": { "texture": "#plume", "uv": [ 1.5, 17.0, 2.0, 17.5 ] },
														"east": { "texture": "#plume", "uv": [ 2.0, 17.0, 2.5, 17.5 ] },
														"south": { "texture": "#plume", "uv": [ 2.5, 17.0, 3.0, 17.5 ] },
														"west": { "texture": "#plume", "uv": [ 3.0, 17.0, 3.5, 17.5 ] },
														"up": { "texture": "#plume", "uv": [ 1.5, 16.5, 2.0, 17.0 ] },
														"down": { "texture": "#plume", "uv": [ 2.0, 16.5, 2.5, 17.0 ] }
													}
												}
											]
										}
									]
								}
							]
						}
					]
				},
				{
					"name": "HingeR",
					"from": [ 3.0, 3.2, 7.6 ],
					"to": [ 4.0, 5.2, 8.1 ],
					"uv": [ 11.0, 20.5 ],
					"rotationOrigin": [ 3.0, 3.2, 7.3 ],
					"rotationX": -8.0,
					"rotationY": 175.0,
					"rotationZ": 70.0,
					"faces": {
						"north": { "texture": "#plume", "uv": [ 11.0, 21.0, 12.0, 23.0 ] },
						"east": { "texture": "#plume", "uv": [ 12.0, 21.0, 12.5, 23.0 ] },
						"south": { "texture": "#plume", "uv": [ 12.5, 21.0, 13.5, 23.0 ] },
						"west": { "texture": "#plume", "uv": [ 13.5, 21.0, 14.0, 23.0 ] },
						"up": { "texture": "#plume", "uv": [ 11.0, 20.5, 12.0, 21.0 ] },
						"down": { "texture": "#plume", "uv": [ 12.0, 20.5, 13.0, 21.0 ] }
					},
					"children": [
						{
							"name": "Hinge6",
							"from": [ -1.5, 0.0, 0.0 ],
							"to": [ -0.5, 0.5, 0.5 ],
							"uv": [ 12.0, 21.0 ],
							"rotationOrigin": [ -1.0, 1.0, -0.3 ],
							"rotationZ": 90.0,
							"faces": {
								"north": { "texture": "#plume", "uv": [ 12.0, 21.5, 13.0, 22.0 ] },
								"east": { "texture": "#plume", "uv": [ 13.0, 21.5, 13.5, 22.0 ] },
								"south": { "texture": "#plume", "uv": [ 13.5, 21.5, 14.5, 22.0 ] },
								"west": { "texture": "#plume", "uv": [ 14.5, 21.5, 15.0, 22.0 ] },
								"up": { "texture": "#plume", "uv": [ 12.0, 21.0, 13.0, 21.5 ] },
								"down": { "texture": "#plume", "uv": [ 13.0, 21.0, 14.0, 21.5 ] }
							}
						},
						{
							"name": "WingR",
							"from": [ 0.8, 0.9, -0.2 ],
							"to": [ 1.8, 1.6, 0.5 ],
							"uv": [ 12.5, 22.0 ],
							"rotationOrigin": [ 0.8, 0.9, -0.2 ],
							"faces": {
								"north": { "texture": "#plume", "uv": [ 12.5, 22.5, 13.5, 23.0 ] },
								"east": { "texture": "#plume", "uv": [ 13.5, 22.5, 14.0, 23.0 ] },
								"south": { "texture": "#plume", "uv": [ 14.0, 22.5, 15.0, 23.0 ] },
								"west": { "texture": "#plume", "uv": [ 15.0, 22.5, 15.5, 23.0 ] },
								"up": { "texture": "#plume", "uv": [ 12.5, 22.0, 13.5, 22.5 ] },
								"down": { "texture": "#plume", "uv": [ 13.5, 22.0, 14.5, 22.5 ] }
							},
							"children": [
								{
									"name": "Winga2",
									"from": [ 0.2, 0.2, 0.1 ],
									"to": [ 2.2, 0.9, 0.7 ],
									"uv": [ 4.0, 14.0 ],
									"rotationOrigin": [ 0.1, 0.2, 0.1 ],
									"rotationY": 5.0,
									"rotationZ": 17.0,
									"faces": {
										"north": { "texture": "#plume", "uv": [ 4.0, 14.5, 6.0, 15.0 ] },
										"east": { "texture": "#plume", "uv": [ 6.0, 14.5, 6.5, 15.0 ] },
										"south": { "texture": "#plume", "uv": [ 6.5, 14.5, 8.5, 15.0 ] },
										"west": { "texture": "#plume", "uv": [ 8.5, 14.5, 9.0, 15.0 ] },
										"up": { "texture": "#plume", "uv": [ 4.0, 14.0, 6.0, 14.5 ] },
										"down": { "texture": "#plume", "uv": [ 6.0, 14.0, 8.0, 14.5 ] }
									},
									"children": [
										{
											"name": "Wingb6",
											"from": [ 1.655, -0.5, 0.1 ],
											"to": [ 4.955, 0.6, 0.5 ],
											"uv": [ 7.0, 13.5 ],
											"rotationOrigin": [ 1.555, -0.5014, 0.1 ],
											"rotationY": 9.0,
											"rotationZ": 30.0,
											"faces": {
												"north": { "texture": "#plume", "uv": [ 7.0, 14.0, 10.0, 15.0 ] },
												"east": { "texture": "#plume", "uv": [ 10.0, 14.0, 10.5, 15.0 ] },
												"south": { "texture": "#plume", "uv": [ 10.5, 14.0, 13.5, 15.0 ] },
												"west": { "texture": "#plume", "uv": [ 13.5, 14.0, 14.0, 15.0 ] },
												"up": { "texture": "#plume", "uv": [ 7.0, 13.5, 10.0, 14.0 ] },
												"down": { "texture": "#plume", "uv": [ 10.0, 13.5, 13.0, 14.0 ] }
											},
											"children": [
												{
													"name": "Wingc5",
													"from": [ 3.2, 0.3, 0.01 ],
													"to": [ 4.0, 0.8, 0.39 ],
													"uv": [ 2.0, 14.0 ],
													"rotationOrigin": [ 3.1, 0.3, 0.0 ],
													"faces": {
														"north": { "texture": "#plume", "uv": [ 2.0, 14.5, 2.5, 15.0 ] },
														"east": { "texture": "#plume", "uv": [ 2.5, 14.5, 3.0, 15.0 ] },
														"south": { "texture": "#plume", "uv": [ 3.0, 14.5, 3.5, 15.0 ] },
														"west": { "texture": "#plume", "uv": [ 3.5, 14.5, 4.0, 15.0 ] },
														"up": { "texture": "#plume", "uv": [ 2.0, 14.0, 2.5, 14.5 ] },
														"down": { "texture": "#plume", "uv": [ 2.5, 14.0, 3.0, 14.5 ] }
													}
												}
											]
										},
										{
											"name": "Wingb7",
											"from": [ 1.75, 0.0, 0.15 ],
											"to": [ 5.85, 1.1, 0.45 ],
											"uv": [ 5.0, 17.0 ],
											"rotationOrigin": [ 1.655, -0.0014, 0.1 ],
											"rotationY": 9.0,
											"rotationZ": 44.0,
											"faces": {
												"north": { "texture": "#plume", "uv": [ 5.0, 17.5, 9.0, 18.5 ] },
												"east": { "texture": "#plume", "uv": [ 9.0, 17.5, 9.5, 18.5 ] },
												"south": { "texture": "#plume", "uv": [ 9.5, 17.5, 13.5, 18.5 ] },
												"west": { "texture": "#plume", "uv": [ 13.5, 17.5, 14.0, 18.5 ] },
												"up": { "texture": "#plume", "uv": [ 5.0, 17.0, 9.0, 17.5 ] },
												"down": { "texture": "#plume", "uv": [ 9.0, 17.0, 13.0, 17.5 ] }
											},
											"children": [
												{
													"name": "Wingc7",
													"from": [ 4.01, 0.28, 0.01 ],
													"to": [ 4.61, 0.78, 0.29 ],
													"uv": [ 4.0, 18.5 ],
													"rotationOrigin": [ 4.0106, 0.2787, -0.05 ],
													"faces": {
														"north": { "texture": "#plume", "uv": [ 4.0, 19.0, 4.5, 19.5 ] },
														"east": { "texture": "#plume", "uv": [ 4.5, 19.0, 5.0, 19.5 ] },
														"south": { "texture": "#plume", "uv": [ 5.0, 19.0, 5.5, 19.5 ] },
														"west": { "texture": "#plume", "uv": [ 5.5, 19.0, 6.0, 19.5 ] },
														"up": { "texture": "#plume", "uv": [ 4.0, 18.5, 4.5, 19.0 ] },
														"down": { "texture": "#plume", "uv": [ 4.5, 18.5, 5.0, 19.0 ] }
													}
												}
											]
										},
										{
											"name": "Wingb8",
											"from": [ 1.55, 0.3, 0.1 ],
											"to": [ 6.45, 1.4, 0.5 ],
											"uv": [ 3.5, 12.0 ],
											"rotationOrigin": [ 1.455, 0.2986, 0.1 ],
											"rotationY": 9.0,
											"rotationZ": 57.0,
											"faces": {
												"north": { "texture": "#plume", "uv": [ 3.5, 12.5, 8.0, 13.5 ] },
												"east": { "texture": "#plume", "uv": [ 8.0, 12.5, 8.5, 13.5 ] },
												"south": { "texture": "#plume", "uv": [ 8.5, 12.5, 13.0, 13.5 ] },
												"west": { "texture": "#plume", "uv": [ 13.0, 12.5, 13.5, 13.5 ] },
												"up": { "texture": "#plume", "uv": [ 3.5, 12.0, 8.0, 12.5 ] },
												"down": { "texture": "#plume", "uv": [ 8.0, 12.0, 12.5, 12.5 ] }
											},
											"children": [
												{
													"name": "Wingc8",
													"from": [ 4.77, 0.29, 0.01 ],
													"to": [ 5.57, 0.89, 0.39 ],
													"uv": [ 10.0, 18.5 ],
													"rotationOrigin": [ 4.7653, 0.289, 0.0 ],
													"faces": {
														"north": { "texture": "#plume", "uv": [ 10.0, 19.0, 10.5, 19.5 ] },
														"east": { "texture": "#plume", "uv": [ 10.5, 19.0, 11.0, 19.5 ] },
														"south": { "texture": "#plume", "uv": [ 11.0, 19.0, 11.5, 19.5 ] },
														"west": { "texture": "#plume", "uv": [ 11.5, 19.0, 12.0, 19.5 ] },
														"up": { "texture": "#plume", "uv": [ 10.0, 18.5, 10.5, 19.0 ] },
														"down": { "texture": "#plume", "uv": [ 10.5, 18.5, 11.0, 19.0 ] }
													}
												}
											]
										},
										{
											"name": "Wingb9",
											"from": [ 1.65, 0.2, 0.15 ],
											"to": [ 7.05, 1.3, 0.45 ],
											"uv": [ 3.0, 17.0 ],
											"rotationOrigin": [ 1.555, 0.1986, 0.1 ],
											"rotationY": 9.0,
											"rotationZ": 73.9,
											"faces": {
												"north": { "texture": "#plume", "uv": [ 3.0, 17.5, 8.0, 18.5 ] },
												"east": { "texture": "#plume", "uv": [ 8.0, 17.5, 8.5, 18.5 ] },
												"south": { "texture": "#plume", "uv": [ 8.5, 17.5, 13.5, 18.5 ] },
												"west": { "texture": "#plume", "uv": [ 13.5, 17.5, 14.0, 18.5 ] },
												"up": { "texture": "#plume", "uv": [ 3.0, 17.0, 8.0, 17.5 ] },
												"down": { "texture": "#plume", "uv": [ 8.0, 17.0, 13.0, 17.5 ] }
											},
											"children": [
												{
													"name": "Wingc9",
													"from": [ 5.26, 0.19, 0.01 ],
													"to": [ 6.16, 0.79, 0.29 ],
													"uv": [ 12.0, 16.5 ],
													"rotationOrigin": [ 5.1612, 0.1936, -0.05 ],
													"faces": {
														"north": { "texture": "#plume", "uv": [ 12.0, 17.0, 12.5, 17.5 ] },
														"east": { "texture": "#plume", "uv": [ 12.5, 17.0, 13.0, 17.5 ] },
														"south": { "texture": "#plume", "uv": [ 13.0, 17.0, 13.5, 17.5 ] },
														"west": { "texture": "#plume", "uv": [ 13.5, 17.0, 14.0, 17.5 ] },
														"up": { "texture": "#plume", "uv": [ 12.0, 16.5, 12.5, 17.0 ] },
														"down": { "texture": "#plume", "uv": [ 12.5, 16.5, 13.0, 17.0 ] }
													}
												}
											]
										},
										{
											"name": "Wingb10",
											"from": [ 1.05, 0.5, 0.15 ],
											"to": [ 5.35, 1.4, 0.45 ],
											"uv": [ 3.0, 14.0 ],
											"rotationOrigin": [ 1.05, 0.5, 0.1 ],
											"rotationY": 9.0,
											"rotationZ": 82.0,
											"faces": {
												"north": { "texture": "#plume", "uv": [ 3.0, 14.5, 7.0, 15.0 ] },
												"east": { "texture": "#plume", "uv": [ 7.0, 14.5, 7.5, 15.0 ] },
												"south": { "texture": "#plume", "uv": [ 7.5, 14.5, 11.5, 15.0 ] },
												"west": { "texture": "#plume", "uv": [ 11.5, 14.5, 12.0, 15.0 ] },
												"up": { "texture": "#plume", "uv": [ 3.0, 14.0, 7.0, 14.5 ] },
												"down": { "texture": "#plume", "uv": [ 7.0, 14.0, 11.0, 14.5 ] }
											},
											"children": [
												{
													"name": "Wingc10",
													"from": [ 4.03, 0.22, 0.01 ],
													"to": [ 4.93, 0.72, 0.29 ],
													"uv": [ 12.5, 13.5 ],
													"rotationOrigin": [ 4.0337, 0.2154, -0.05 ],
													"faces": {
														"north": { "texture": "#plume", "uv": [ 12.5, 14.0, 13.0, 14.5 ] },
														"east": { "texture": "#plume", "uv": [ 13.0, 14.0, 13.5, 14.5 ] },
														"south": { "texture": "#plume", "uv": [ 13.5, 14.0, 14.0, 14.5 ] },
														"west": { "texture": "#plume", "uv": [ 14.0, 14.0, 14.5, 14.5 ] },
														"up": { "texture": "#plume", "uv": [ 12.5, 13.5, 13.0, 14.0 ] },
														"down": { "texture": "#plume", "uv": [ 13.0, 13.5, 13.5, 14.0 ] }
													}
												}
											]
										}
									]
								},
								{
									"name": "Wing4",
									"from": [ 0.0, 0.0, 0.2 ],
									"to": [ 1.2, 0.7, 0.6 ],
									"uv": [ 5.0, 16.5 ],
									"rotationOrigin": [ 0.0, 0.0, 0.2 ],
									"rotationY": 9.0,
									"rotationZ": -79.0,
									"faces": {
										"north": { "texture": "#plume", "uv": [ 5.0, 17.0, 6.0, 17.5 ] },
										"east": { "texture": "#plume", "uv": [ 6.0, 17.0, 6.5, 17.5 ] },
										"south": { "texture": "#plume", "uv": [ 6.5, 17.0, 7.5, 17.5 ] },
										"west": { "texture": "#plume", "uv": [ 7.5, 17.0, 8.0, 17.5 ] },
										"up": { "texture": "#plume", "uv": [ 5.0, 16.5, 6.0, 17.0 ] },
										"down": { "texture": "#plume", "uv": [ 6.0, 16.5, 7.0, 17.0 ] }
									}
								},
								{
									"name": "Wing4a2",
									"from": [ 0.0, 0.0, 0.15 ],
									"to": [ 1.3, 0.7, 0.65 ],
									"uv": [ 2.5, 12.0 ],
									"rotationOrigin": [ 0.0, 0.0, 0.2 ],
									"rotationY": 9.0,
									"rotationZ": -48.0,
									"faces": {
										"north": { "texture": "#plume", "uv": [ 2.5, 12.5, 3.5, 13.0 ] },
										"east": { "texture": "#plume", "uv": [ 3.5, 12.5, 4.0, 13.0 ] },
										"south": { "texture": "#plume", "uv": [ 4.0, 12.5, 5.0, 13.0 ] },
										"west": { "texture": "#plume", "uv": [ 5.0, 12.5, 5.5, 13.0 ] },
										"up": { "texture": "#plume", "uv": [ 2.5, 12.0, 3.5, 12.5 ] },
										"down": { "texture": "#plume", "uv": [ 3.5, 12.0, 4.5, 12.5 ] }
									},
									"children": [
										{
											"name": "Wing4b2",
											"from": [ 1.3, -0.1, 0.1 ],
											"to": [ 3.4, 0.8, 0.4 ],
											"uv": [ 3.5, 17.5 ],
											"rotationOrigin": [ 1.3, -0.1, 0.15 ],
											"rotationY": 9.0,
											"rotationZ": 30.0,
											"faces": {
												"north": { "texture": "#plume", "uv": [ 3.5, 18.0, 5.5, 18.5 ] },
												"east": { "texture": "#plume", "uv": [ 5.5, 18.0, 6.0, 18.5 ] },
												"south": { "texture": "#plume", "uv": [ 6.0, 18.0, 8.0, 18.5 ] },
												"west": { "texture": "#plume", "uv": [ 8.0, 18.0, 8.5, 18.5 ] },
												"up": { "texture": "#plume", "uv": [ 3.5, 17.5, 5.5, 18.0 ] },
												"down": { "texture": "#plume", "uv": [ 5.5, 17.5, 7.5, 18.0 ] }
											},
											"children": [
												{
													"name": "Wing4c2",
													"from": [ 1.9, 0.2, 0.01 ],
													"to": [ 2.7, 0.8, 0.29 ],
													"uv": [ 12.0, 12.0 ],
													"rotationOrigin": [ 1.9, 0.2, 0.05 ],
													"faces": {
														"north": { "texture": "#plume", "uv": [ 12.0, 12.5, 12.5, 13.0 ] },
														"east": { "texture": "#plume", "uv": [ 12.5, 12.5, 13.0, 13.0 ] },
														"south": { "texture": "#plume", "uv": [ 13.0, 12.5, 13.5, 13.0 ] },
														"west": { "texture": "#plume", "uv": [ 13.5, 12.5, 14.0, 13.0 ] },
														"up": { "texture": "#plume", "uv": [ 12.0, 12.0, 12.5, 12.5 ] },
														"down": { "texture": "#plume", "uv": [ 12.5, 12.0, 13.0, 12.5 ] }
													}
												}
											]
										}
									]
								},
								{
									"name": "Wing6",
									"from": [ 0.3, 0.0, 0.2 ],
									"to": [ 1.7, 0.7, 0.6 ],
									"uv": [ 3.0, 12.0 ],
									"rotationOrigin": [ 0.2, 0.0, 0.2 ],
									"rotationY": 9.0,
									"rotationZ": -22.0,
									"faces": {
										"north": { "texture": "#plume", "uv": [ 3.0, 12.5, 4.0, 13.0 ] },
										"east": { "texture": "#plume", "uv": [ 4.0, 12.5, 4.5, 13.0 ] },
										"south": { "texture": "#plume", "uv": [ 4.5, 12.5, 5.5, 13.0 ] },
										"west": { "texture": "#plume", "uv": [ 5.5, 12.5, 6.0, 13.0 ] },
										"up": { "texture": "#plume", "uv": [ 3.0, 12.0, 4.0, 12.5 ] },
										"down": { "texture": "#plume", "uv": [ 4.0, 12.0, 5.0, 12.5 ] }
									},
									"children": [
										{
											"name": "Wing5b2",
											"from": [ 1.3, -0.3, 0.05 ],
											"to": [ 3.5, 0.6, 0.35 ],
											"uv": [ 5.0, 18.5 ],
											"rotationOrigin": [ 1.3, -0.3, 0.0 ],
											"rotationY": 9.0,
											"rotationZ": 30.0,
											"faces": {
												"north": { "texture": "#plume", "uv": [ 5.0, 19.0, 7.0, 19.5 ] },
												"east": { "texture": "#plume", "uv": [ 7.0, 19.0, 7.5, 19.5 ] },
												"south": { "texture": "#plume", "uv": [ 7.5, 19.0, 9.5, 19.5 ] },
												"west": { "texture": "#plume", "uv": [ 9.5, 19.0, 10.0, 19.5 ] },
												"up": { "texture": "#plume", "uv": [ 5.0, 18.5, 7.0, 19.0 ] },
												"down": { "texture": "#plume", "uv": [ 7.0, 18.5, 9.0, 19.0 ] }
											},
											"children": [
												{
													"name": "Wing5c2",
													"from": [ 2.1, 0.2, 0.01 ],
													"to": [ 2.7, 0.7, 0.29 ],
													"uv": [ 13.0, 12.0 ],
													"rotationOrigin": [ 2.1, 0.2, -0.05 ],
													"faces": {
														"north": { "texture": "#plume", "uv": [ 13.0, 12.5, 13.5, 13.0 ] },
														"east": { "texture": "#plume", "uv": [ 13.5, 12.5, 14.0, 13.0 ] },
														"south": { "texture": "#plume", "uv": [ 14.0, 12.5, 14.5, 13.0 ] },
														"west": { "texture": "#plume", "uv": [ 14.5, 12.5, 15.0, 13.0 ] },
														"up": { "texture": "#plume", "uv": [ 13.0, 12.0, 13.5, 12.5 ] },
														"down": { "texture": "#plume", "uv": [ 13.5, 12.0, 14.0, 12.5 ] }
													}
												}
											]
										}
									]
								},
								{
									"name": "Wing6a2",
									"from": [ 0.6, 0.1, 0.15 ],
									"to": [ 2.0, 0.8, 0.65 ],
									"uv": [ 11.5, 19.0 ],
									"rotationOrigin": [ 0.6, 0.1, 0.2 ],
									"rotationY": 9.0,
									"faces": {
										"north": { "texture": "#plume", "uv": [ 11.5, 19.5, 12.5, 20.0 ] },
										"east": { "texture": "#plume", "uv": [ 12.5, 19.5, 13.0, 20.0 ] },
										"south": { "texture": "#plume", "uv": [ 13.0, 19.5, 14.0, 20.0 ] },
										"west": { "texture": "#plume", "uv": [ 14.0, 19.5, 14.5, 20.0 ] },
										"up": { "texture": "#plume", "uv": [ 11.5, 19.0, 12.5, 19.5 ] },
										"down": { "texture": "#plume", "uv": [ 12.5, 19.0, 13.5, 19.5 ] }
									},
									"children": [
										{
											"name": "Wing6b2",
											"from": [ 1.3, -0.3, 0.1 ],
											"to": [ 3.5, 0.6, 0.4 ],
											"uv": [ 10.0, 13.0 ],
											"rotationOrigin": [ 1.3, -0.3, 0.15 ],
											"rotationY": 9.0,
											"rotationZ": 30.0,
											"faces": {
												"north": { "texture": "#plume", "uv": [ 10.0, 13.5, 12.0, 14.0 ] },
												"east": { "texture": "#plume", "uv": [ 12.0, 13.5, 12.5, 14.0 ] },
												"south": { "texture": "#plume", "uv": [ 12.5, 13.5, 14.5, 14.0 ] },
												"west": { "texture": "#plume", "uv": [ 14.5, 13.5, 15.0, 14.0 ] },
												"up": { "texture": "#plume", "uv": [ 10.0, 13.0, 12.0, 13.5 ] },
												"down": { "texture": "#plume", "uv": [ 12.0, 13.0, 14.0, 13.5 ] }
											},
											"children": [
												{
													"name": "Wing6c2",
													"from": [ 2.1, 0.2, 0.0 ],
													"to": [ 2.8, 0.7, 0.3 ],
													"uv": [ 8.5, 17.5 ],
													"rotationOrigin": [ 2.1, 0.2, 0.05 ],
													"faces": {
														"north": { "texture": "#plume", "uv": [ 8.5, 18.0, 9.0, 18.5 ] },
														"east": { "texture": "#plume", "uv": [ 9.0, 18.0, 9.5, 18.5 ] },
														"south": { "texture": "#plume", "uv": [ 9.5, 18.0, 10.0, 18.5 ] },
														"west": { "texture": "#plume", "uv": [ 10.0, 18.0, 10.5, 18.5 ] },
														"up": { "texture": "#plume", "uv": [ 8.5, 17.5, 9.0, 18.0 ] },
														"down": { "texture": "#plume", "uv": [ 9.0, 17.5, 9.5, 18.0 ] }
													}
												}
											]
										}
									]
								}
							]
						}
					]
				},
				{
					"name": "Cube2",
					"from": [ -2.3, -0.2, 1.3 ],
					"to": [ 0.8, 2.7, 5.0 ],
					"autoUnwrap": false,
					"uv": [ 13.5, 26.5 ],
					"rotationOrigin": [ -2.3, -0.2, 1.3 ],
					"faces": {
						"north": { "texture": "#gothichead", "uv": [ 24.5, 13.5, 27.5, 16.0 ] },
						"east": { "texture": "#gothichead", "uv": [ 34.5, 16.0, 38.0, 18.5 ] },
						"south": { "texture": "#gothichead", "uv": [ 34.0, 16.5, 37.0, 19.0 ] },
						"west": { "texture": "#gothichead", "uv": [ 13.0, 13.0, 16.5, 15.5 ] },
						"up": { "texture": "#gothichead", "uv": [ 7.0, 25.0, 10.0, 28.5 ] },
						"down": { "texture": "#gothichead", "uv": [ 19.5, 25.5, 22.5, 29.0 ] }
					}
				}
			]
		},
		{
			"name": "ArmorNeck",
			"stepParentName": "Neck",
			"from": [ -0.3, 0.6, -0.3 ],
			"to": [ 3.3, 2.4, 3.3 ],
			"unwrapMode": 4,
			"uv": [ 12.0, 5.5 ],
			"rotationOrigin": [ -0.3, 2.6, -0.3 ],
			"faces": {
				"north": { "texture": "#gothichead", "uv": [ 12.0, 5.5, 15.5, 7.0 ] },
				"east": { "texture": "#gothichead", "uv": [ 22.5, 5.5, 26.0, 7.0 ] },
				"south": { "texture": "#gothichead", "uv": [ 19.0, 5.5, 22.5, 7.0 ] },
				"west": { "texture": "#gothichead", "uv": [ 15.5, 5.5, 19.0, 7.0 ] },
				"up": { "texture": "#null", "uv": [ 15.5, 5.5, 19.0, 9.0 ], "rotation": 90, "enabled": false },
				"down": { "texture": "#null", "uv": [ 15.5, 10.5, 19.0, 14.0 ], "rotation": 90, "enabled": false }
			}
		}
	],
	"animations": [
	]
}