{
	"code": "colouredpaper",
	"variantgroups": [
		{
			"code": "type",
			"states": [ "parchment" ]
		},
		{
			"code": "colour",
			"states": [ "blue", "red", "green", "yellow", "orange", "brown", "purple", "pink", "cyan", "woad" ]
		}
	],
	"skipVariants": [
		"colouredpaper",
		"colouredpaper-parchment",
		"colouredpaper-blue",
		"colouredpaper-red",
		"colouredpaper-green",
		"colouredpaper-yellow",
		"colouredpaper-orange",
		"colouredpaper-brown",
		"colouredpaper-purple",
		"colouredpaper-pink",
		"colouredpaper-cyan",
		"colouredpaper-woad"
	],
	"allowedVariants": [
		"colouredpaper-parchment-*"
	],
	"behaviors": [
		{
			"name": "GroundStorable",
			"properties": {
				"layout": "Quadrants",
				"collisionBox": {
					"x1": 0,
					"y1": 0,
					"z1": 0,
					"x2": 1,
					"y2": 0.125,
					"z2": 1
				}
			}
		}
	],
	"attributes": {
		"handbook": { "groupBy": "colouredpaper-*" }
	},
	"creativeinventory": {
		"general": [ "*" ],
		"items": [ "*" ]
	},
	"maxstacksize": 32,
	"materialDensity": 210,
	"shape": { "base": "game:block/wood/crate/label-paper" },
	"textures": {
		"labelbase": { "base": "block/wood/crate/label-{colour}" }
	},
	"fpHandTransform": {
		"translation": {
			"x": 0.15,
			"y": -0.5,
			"z": 0
		},
		"rotation": {
			"x": -25,
			"y": -17,
			"z": -16
		},
		"origin": {
			"x": 0.5,
			"y": 0.5,
			"z": 0.1
		},
		"scale": 2.55
	},
	"tpHandTransform": {
		"translation": {
			"x": 0,
			"y": 0,
			"z": 0
		},
		"rotation": {
			"x": 5,
			"y": 180,
			"z": 1
		},
		"origin": {
			"x": -0.8,
			"y": -1.47,
			"z": -0.39
		},
		"scale": 0.65
	},
	"groundTransform": {
		"translation": {
			"x": 0,
			"y": 0,
			"z": 0
		},
		"rotation": {
			"x": 90,
			"y": 0,
			"z": 2
		},
		"origin": {
			"x": 0.5,
			"y": 0.5,
			"z": 0.08
		},
		"scale": 3.2
	},
	"guiTransform": {
		"translation": {
			"x": 0,
			"y": 0,
			"z": 0
		},
		"rotation": {
			"x": 42,
			"y": 34,
			"z": -33
		},
		"origin": {
			"x": 0.53,
			"y": 0.55,
			"z": 0
		},
		"scale": 2.45
	}
}