{
  "textureWidth":16,
  "textureHeight":16,
  "textures":{
    "wood":"game:block/wood/debarked/oak"
  },
  "textureSizes":{
    "wood":[
      32,
      32
    ]
  },
  "elements":[
    {
      "name":"origin",
      "from":[
        11.583430290222168,
        0.5,
        8.21067351102829
      ],
      "to":[
        11.583430290222168,
        0.5,
        8.21067351102829
      ],
      "rotationOrigin":[
        8.0,
        0.0,
        8.0
      ],
      "group":"Fine",
      "faces":{
        "north":{
          "texture":"#0",
          "uv":[
            0,
            0,
            4,
            4
          ],
          "autoUv":false
        },
        "east":{
          "texture":"#0",
          "uv":[
            0,
            0,
            4,
            4
          ],
          "autoUv":false
        },
        "south":{
          "texture":"#0",
          "uv":[
            0,
            0,
            4,
            4
          ],
          "autoUv":false
        },
        "west":{
          "texture":"#0",
          "uv":[
            0,
            0,
            4,
            4
          ],
          "autoUv":false
        },
        "up":{
          "texture":"#wood",
          "uv":[
            0.0,
            0.0,
            1.0,
            1.0
          ],
          "autoUv":false,
          "rotation":180
        },
        "down":{
          "texture":"#0",
          "uv":[
            0,
            0,
            4,
            4
          ],
          "autoUv":false
        }
      },
      "children":[
        {
          "name":"handle_fine 01",
          "from":[
            -8.797206401824951,
            -0.5334551930427551,
            -0.7106735110282898
          ],
          "to":[
            3.3168044090270996,
            0.9665448069572449,
            0.2893264889717102
          ],
          "rotationOrigin":[
            -2.740200996398926,
            0.21654480695724487,
            -0.2106735110282898
          ],
          "group":"Fine",
          "faces":{
            "north":{
              "texture":"#wood",
              "uv":[
                12.0,
                26.0,
                20.0,
                32.0
              ],
              "autoUv":false,
              "rotation":270
            },
            "east":{
              "texture":"#wood",
              "uv":[
                1.0,
                1.0,
                3.0,
                4.0
              ],
              "autoUv":false
            },
            "south":{
              "texture":"#wood",
              "uv":[
                12.0,
                8.0,
                20.0,
                14.0570068359375
              ],
              "autoUv":false,
              "rotation":270
            },
            "west":{
              "texture":"#wood",
              "uv":[
                12.0,
                0.0,
                20.0,
                8.0
              ],
              "autoUv":false,
              "rotation":270
            },
            "up":{
              "texture":"#wood",
              "uv":[
                0.0,
                10.0,
                24.0,
                12.0
              ],
              "autoUv":false
            },
            "down":{
              "texture":"#wood",
              "uv":[
                32.0,
                18.0,
                8.0,
                16.0
              ],
              "autoUv":false,
              "rotation":180
            }
          },
          "children":[]
        },
        {
          "name":"handle_fine 02",
          "from":[
            -19.31714630126953,
            -0.5334551930427551,
            -0.7106735110282898
          ],
          "to":[
            -8.79720687866211,
            0.9665448069572449,
            0.2893264889717102
          ],
          "rotationOrigin":[
            -14.05717658996582,
            0.21654480695724487,
            -0.2106735110282898
          ],
          "group":"Fine",
          "faces":{
            "north":{
              "texture":"#wood",
              "uv":[
                5.641667366027832,
                1.862518310546875,
                15.442068099975586,
                5.588924407958984
              ],
              "autoUv":false,
              "rotation":180
            },
            "east":{
              "texture":"#wood",
              "uv":[
                12.0,
                16.0,
                20.0,
                24.0
              ],
              "autoUv":false,
              "rotation":270
            },
            "south":{
              "texture":"#wood",
              "uv":[
                19.168476104736328,
                1.862518310546875,
                28.968875885009766,
                5.588924407958984
              ],
              "autoUv":false,
              "rotation":180
            },
            "west":{
              "texture":"#wood",
              "uv":[
                28.0,
                20.0,
                30.0,
                23.0
              ],
              "autoUv":false
            },
            "up":{
              "texture":"#wood",
              "uv":[
                1.9800605773925781,
                18.0,
                23.019939422607422,
                20.0
              ],
              "autoUv":false
            },
            "down":{
              "texture":"#wood",
              "uv":[
                30.019939422607422,
                20.0,
                8.980060577392578,
                18.0
              ],
              "autoUv":false,
              "rotation":180
            }
          },
          "children":[]
        },
        {
          "name":"handle_fine 03",
          "from":[
            -8.797206401824951,
            -0.2834551930427551,
            -0.9606735110282898
          ],
          "to":[
            3.404151439666748,
            0.7165448069572449,
            -0.7106735110282898
          ],
          "rotationOrigin":[
            -2.6965274810791016,
            0.21654480695724487,
            -0.8356735110282898
          ],
          "group":"Fine",
          "faces":{
            "north":{
              "texture":"#wood",
              "uv":[
                8.0,
                13.0,
                32.0,
                15.0
              ],
              "autoUv":false
            },
            "east":{
              "texture":"#wood",
              "uv":[
                1.0,
                1.0,
                2.0,
                3.0
              ],
              "autoUv":false
            },
            "south":{
              "texture":"#wood",
              "uv":[
                12.0,
                8.0,
                20.0,
                14.100679397583008
              ],
              "autoUv":false,
              "rotation":270
            },
            "west":{
              "texture":"#wood",
              "uv":[
                12.0,
                0.0,
                20.0,
                8.0
              ],
              "autoUv":false,
              "rotation":270
            },
            "up":{
              "texture":"#wood",
              "uv":[
                20.0,
                8.0,
                28.0,
                14.100679397583008
              ],
              "autoUv":false,
              "rotation":270
            },
            "down":{
              "texture":"#wood",
              "uv":[
                12.0,
                14.100679397583008,
                4.0,
                8.0
              ],
              "autoUv":false,
              "rotation":270
            }
          },
          "children":[]
        },
        {
          "name":"handle_fine 04",
          "from":[
            -19.31714630126953,
            -0.2834551930427551,
            -0.9606735110282898
          ],
          "to":[
            -8.79720687866211,
            0.7165448069572449,
            -0.7106735110282898
          ],
          "rotationOrigin":[
            -14.05717658996582,
            0.21654480695724487,
            -0.8356735110282898
          ],
          "group":"Fine",
          "faces":{
            "north":{
              "texture":"#wood",
              "uv":[
                2.0,
                21.0,
                23.03987693786621,
                23.0
              ],
              "autoUv":false
            },
            "east":{
              "texture":"#wood",
              "uv":[
                12.0,
                16.0,
                20.0,
                24.0
              ],
              "autoUv":false,
              "rotation":270
            },
            "south":{
              "texture":"#wood",
              "uv":[
                25.95733642578125,
                2.8124542236328125,
                30.761089324951172,
                4.638988494873047
              ],
              "autoUv":false,
              "rotation":180
            },
            "west":{
              "texture":"#wood",
              "uv":[
                28.0,
                20.0,
                29.0,
                22.0
              ],
              "autoUv":false
            },
            "up":{
              "texture":"#wood",
              "uv":[
                25.95733642578125,
                4.638988494873047,
                30.761089324951172,
                6.465522766113281
              ],
              "autoUv":false,
              "rotation":180
            },
            "down":{
              "texture":"#wood",
              "uv":[
                30.761089324951172,
                2.8124542236328125,
                25.95733642578125,
                0.9859199523925781
              ],
              "autoUv":false,
              "rotation":180
            }
          },
          "children":[]
        },
        {
          "name":"handle_fine 05",
          "from":[
            -8.797206401824951,
            -0.2834551930427551,
            0.2893264889717102
          ],
          "to":[
            3.404151439666748,
            0.7165448069572449,
            0.5393264889717102
          ],
          "rotationOrigin":[
            -2.6965274810791016,
            0.21654480695724487,
            0.4143264889717102
          ],
          "group":"Fine",
          "faces":{
            "north":{
              "texture":"#wood",
              "uv":[
                12.0,
                26.0,
                20.0,
                32.0
              ],
              "autoUv":false,
              "rotation":270
            },
            "east":{
              "texture":"#wood",
              "uv":[
                1.0,
                1.0,
                2.0,
                3.0
              ],
              "autoUv":false
            },
            "south":{
              "texture":"#wood",
              "uv":[
                0.0,
                19.0,
                25.0,
                21.0
              ],
              "autoUv":false
            },
            "west":{
              "texture":"#wood",
              "uv":[
                12.0,
                0.0,
                20.0,
                8.0
              ],
              "autoUv":false,
              "rotation":270
            },
            "up":{
              "texture":"#wood",
              "uv":[
                20.0,
                8.0,
                28.0,
                14.100679397583008
              ],
              "autoUv":false,
              "rotation":270
            },
            "down":{
              "texture":"#wood",
              "uv":[
                12.0,
                14.100679397583008,
                4.0,
                8.0
              ],
              "autoUv":false,
              "rotation":270
            }
          },
          "children":[]
        },
        {
          "name":"handle_fine 06",
          "from":[
            -19.31714630126953,
            -0.2834551930427551,
            0.2893264889717102
          ],
          "to":[
            -8.79720687866211,
            0.7165448069572449,
            0.5393264889717102
          ],
          "rotationOrigin":[
            -14.05717658996582,
            0.21654480695724487,
            0.4143264889717102
          ],
          "group":"Fine",
          "faces":{
            "north":{
              "texture":"#wood",
              "uv":[
                11.773677825927734,
                2.2029685974121094,
                19.78329849243164,
                5.248470306396484
              ],
              "autoUv":false,
              "rotation":180
            },
            "east":{
              "texture":"#wood",
              "uv":[
                12.0,
                16.0,
                20.0,
                24.0
              ],
              "autoUv":false,
              "rotation":270
            },
            "south":{
              "texture":"#wood",
              "uv":[
                8.960122108459473,
                20.999999046325684,
                30.0,
                23.0
              ],
              "autoUv":false
            },
            "west":{
              "texture":"#wood",
              "uv":[
                28.0,
                20.0,
                29.0,
                22.0
              ],
              "autoUv":false
            },
            "up":{
              "texture":"#wood",
              "uv":[
                21.593231201171875,
                5.117839813232422,
                25.598041534423828,
                6.640590667724609
              ],
              "autoUv":false,
              "rotation":180
            },
            "down":{
              "texture":"#wood",
              "uv":[
                25.598041534423828,
                2.3336029052734375,
                21.593231201171875,
                0.81085205078125
              ],
              "autoUv":false,
              "rotation":180
            }
          },
          "children":[]
        },
        {
          "name":"handle_fine 07",
          "from":[
            -8.797206401824951,
            0.5761679708957672,
            -0.871773824095726
          ],
          "to":[
            3.404151439666748,
            0.9311676919460297,
            -0.621773973107338
          ],
          "rotationOrigin":[
            -2.6965274810791016,
            0.7536678314208984,
            -0.746773898601532
          ],
          "rotationX":45.00000125223908,
          "group":"Fine",
          "faces":{
            "north":{
              "texture":"#wood",
              "uv":[
                8.0,
                12.0,
                32.0,
                13.0
              ],
              "autoUv":false
            },
            "east":{
              "texture":"#wood",
              "uv":[
                1.0,
                1.0,
                2.0,
                2.0
              ],
              "autoUv":false
            },
            "south":{
              "texture":"#wood",
              "uv":[
                12.0,
                8.0,
                20.0,
                14.100679397583008
              ],
              "autoUv":false,
              "rotation":270
            },
            "west":{
              "texture":"#wood",
              "uv":[
                12.0,
                0.0,
                20.0,
                8.0
              ],
              "autoUv":false,
              "rotation":270
            },
            "up":{
              "texture":"#wood",
              "uv":[
                20.0,
                8.0,
                28.0,
                14.100679397583008
              ],
              "autoUv":false,
              "rotation":270
            },
            "down":{
              "texture":"#wood",
              "uv":[
                12.0,
                14.100679397583008,
                4.0,
                8.0
              ],
              "autoUv":false,
              "rotation":270
            }
          },
          "children":[]
        },
        {
          "name":"handle_fine 08",
          "from":[
            -8.797206401824951,
            0.5761679708957672,
            0.20042695105075836
          ],
          "to":[
            3.404151439666748,
            0.9311676919460297,
            0.4504268020391464
          ],
          "rotationOrigin":[
            -2.6965274810791016,
            0.7536678314208984,
            0.3254268765449524
          ],
          "rotationX":-45.00000125223908,
          "group":"Fine",
          "faces":{
            "north":{
              "texture":"#wood",
              "uv":[
                12.0,
                26.0,
                20.0,
                32.0
              ],
              "autoUv":false,
              "rotation":270
            },
            "east":{
              "texture":"#wood",
              "uv":[
                1.0,
                1.0,
                2.0,
                2.0
              ],
              "autoUv":false
            },
            "south":{
              "texture":"#wood",
              "uv":[
                0.0,
                21.0,
                24.4027156829834,
                22.0
              ],
              "autoUv":false
            },
            "west":{
              "texture":"#wood",
              "uv":[
                12.0,
                0.0,
                20.0,
                8.0
              ],
              "autoUv":false,
              "rotation":270
            },
            "up":{
              "texture":"#wood",
              "uv":[
                20.0,
                8.0,
                28.0,
                14.100679397583008
              ],
              "autoUv":false,
              "rotation":270
            },
            "down":{
              "texture":"#wood",
              "uv":[
                12.0,
                14.100679397583008,
                4.0,
                8.0
              ],
              "autoUv":false,
              "rotation":270
            }
          },
          "children":[]
        },
        {
          "name":"handle_fine 09",
          "from":[
            -8.797206401824951,
            -0.4970552772283554,
            -0.8727966398000717
          ],
          "to":[
            3.404151439666748,
            -0.14205555617809296,
            -0.6227967888116837
          ],
          "rotationOrigin":[
            -2.6965274810791016,
            -0.3195554167032242,
            -0.7477967143058777
          ],
          "rotationX":-45.00000125223908,
          "group":"Fine",
          "faces":{
            "north":{
              "texture":"#wood",
              "uv":[
                8.0,
                15.0,
                32.0,
                16.0
              ],
              "autoUv":false
            },
            "east":{
              "texture":"#wood",
              "uv":[
                3.0,
                1.0,
                4.0,
                2.0
              ],
              "autoUv":false
            },
            "south":{
              "texture":"#wood",
              "uv":[
                12.0,
                8.0,
                20.0,
                14.100679397583008
              ],
              "autoUv":false,
              "rotation":270
            },
            "west":{
              "texture":"#wood",
              "uv":[
                12.0,
                0.0,
                20.0,
                8.0
              ],
              "autoUv":false,
              "rotation":270
            },
            "up":{
              "texture":"#wood",
              "uv":[
                20.0,
                8.0,
                28.0,
                14.100679397583008
              ],
              "autoUv":false,
              "rotation":270
            },
            "down":{
              "texture":"#wood",
              "uv":[
                12.0,
                14.100679397583008,
                4.0,
                8.0
              ],
              "autoUv":false,
              "rotation":270
            }
          },
          "children":[]
        },
        {
          "name":"handle_fine 10",
          "from":[
            -8.797206401824951,
            -0.4970552772283554,
            0.20144928991794586
          ],
          "to":[
            3.404151439666748,
            -0.14205555617809296,
            0.4514491409063339
          ],
          "rotationOrigin":[
            -2.6965274810791016,
            -0.3195554167032242,
            0.3264492154121399
          ],
          "rotationX":45.00000125223908,
          "group":"Fine",
          "faces":{
            "north":{
              "texture":"#wood",
              "uv":[
                12.0,
                26.0,
                20.0,
                32.0
              ],
              "autoUv":false,
              "rotation":270
            },
            "east":{
              "texture":"#wood",
              "uv":[
                3.0,
                1.0,
                4.0,
                2.0
              ],
              "autoUv":false
            },
            "south":{
              "texture":"#wood",
              "uv":[
                0.0,
                18.0,
                24.4027156829834,
                19.0
              ],
              "autoUv":false
            },
            "west":{
              "texture":"#wood",
              "uv":[
                12.0,
                0.0,
                20.0,
                8.0
              ],
              "autoUv":false,
              "rotation":270
            },
            "up":{
              "texture":"#wood",
              "uv":[
                20.0,
                8.0,
                28.0,
                14.100679397583008
              ],
              "autoUv":false,
              "rotation":270
            },
            "down":{
              "texture":"#wood",
              "uv":[
                12.0,
                14.100679397583008,
                4.0,
                8.0
              ],
              "autoUv":false,
              "rotation":270
            }
          },
          "children":[]
        },
        {
          "name":"handle_fine 11",
          "from":[
            -19.316673278808594,
            -0.4970552772283554,
            -0.8727966398000717
          ],
          "to":[
            -8.79720687866211,
            -0.14205555617809296,
            -0.6227967888116837
          ],
          "rotationOrigin":[
            -14.056940078735352,
            -0.3195554167032242,
            -0.7477967143058777
          ],
          "rotationX":-45.00000125223908,
          "group":"Fine",
          "faces":{
            "north":{
              "texture":"#wood",
              "uv":[
                2.0,
                23.0,
                23.03893280029297,
                24.000001430511475
              ],
              "autoUv":false
            },
            "east":{
              "texture":"#wood",
              "uv":[
                12.0,
                16.0,
                20.0,
                24.0
              ],
              "autoUv":false,
              "rotation":270
            },
            "south":{
              "texture":"#wood",
              "uv":[
                26.242679595947266,
                2.921051025390625,
                30.475032806396484,
                4.530391693115234
              ],
              "autoUv":false,
              "rotation":180
            },
            "west":{
              "texture":"#wood",
              "uv":[
                26.0,
                22.0,
                27.0,
                23.0
              ],
              "autoUv":false
            },
            "up":{
              "texture":"#wood",
              "uv":[
                26.242679595947266,
                4.530391693115234,
                30.475032806396484,
                6.139732360839844
              ],
              "autoUv":false,
              "rotation":180
            },
            "down":{
              "texture":"#wood",
              "uv":[
                30.475032806396484,
                2.921051025390625,
                26.242679595947266,
                1.3117103576660156
              ],
              "autoUv":false,
              "rotation":180
            }
          },
          "children":[]
        },
        {
          "name":"handle_fine 12",
          "from":[
            -19.316673278808594,
            0.5761679708957672,
            -0.871773824095726
          ],
          "to":[
            -8.79720687866211,
            0.9311676919460297,
            -0.621773973107338
          ],
          "rotationOrigin":[
            -14.056940078735352,
            0.7536678314208984,
            -0.746773898601532
          ],
          "rotationX":45.00000125223908,
          "group":"Fine",
          "faces":{
            "north":{
              "texture":"#wood",
              "uv":[
                2.0,
                20.0,
                23.03893280029297,
                21.000000953674316
              ],
              "autoUv":false
            },
            "east":{
              "texture":"#wood",
              "uv":[
                12.0,
                16.0,
                20.0,
                24.0
              ],
              "autoUv":false,
              "rotation":270
            },
            "south":{
              "texture":"#wood",
              "uv":[
                26.242679595947266,
                2.921051025390625,
                30.475032806396484,
                4.530391693115234
              ],
              "autoUv":false,
              "rotation":180
            },
            "west":{
              "texture":"#wood",
              "uv":[
                28.0,
                20.0,
                29.0,
                21.0
              ],
              "autoUv":false
            },
            "up":{
              "texture":"#wood",
              "uv":[
                26.242679595947266,
                4.530391693115234,
                30.475032806396484,
                6.139732360839844
              ],
              "autoUv":false,
              "rotation":180
            },
            "down":{
              "texture":"#wood",
              "uv":[
                30.475032806396484,
                2.921051025390625,
                26.242679595947266,
                1.3117103576660156
              ],
              "autoUv":false,
              "rotation":180
            }
          },
          "children":[]
        },
        {
          "name":"handle_fine 13",
          "from":[
            -19.316673278808594,
            0.5761679708957672,
            0.20042695105075836
          ],
          "to":[
            -8.79720687866211,
            0.9311676919460297,
            0.4504268020391464
          ],
          "rotationOrigin":[
            -14.056940078735352,
            0.7536678314208984,
            0.3254268765449524
          ],
          "rotationX":-45.00000125223908,
          "group":"Fine",
          "faces":{
            "north":{
              "texture":"#wood",
              "uv":[
                14.670923233032227,
                2.81866455078125,
                19.441802978515625,
                4.632778167724609
              ],
              "autoUv":false,
              "rotation":180
            },
            "east":{
              "texture":"#wood",
              "uv":[
                12.0,
                16.0,
                20.0,
                24.0
              ],
              "autoUv":false,
              "rotation":270
            },
            "south":{
              "texture":"#wood",
              "uv":[
                8.961065292358398,
                24.000000476837158,
                30.0,
                25.0
              ],
              "autoUv":false
            },
            "west":{
              "texture":"#wood",
              "uv":[
                28.0,
                20.0,
                29.0,
                21.0
              ],
              "autoUv":false
            },
            "up":{
              "texture":"#wood",
              "uv":[
                20.95470428466797,
                4.589984893798828,
                24.95833969116211,
                6.112358093261719
              ],
              "autoUv":false,
              "rotation":180
            },
            "down":{
              "texture":"#wood",
              "uv":[
                24.95833969116211,
                2.861461639404297,
                20.95470428466797,
                1.3390884399414062
              ],
              "autoUv":false,
              "rotation":180
            }
          },
          "children":[]
        },
        {
          "name":"handle_fine 14",
          "from":[
            -19.316673278808594,
            -0.4970552772283554,
            0.20144928991794586
          ],
          "to":[
            -8.79720687866211,
            -0.14205555617809296,
            0.4514491409063339
          ],
          "rotationOrigin":[
            -14.056940078735352,
            -0.3195554167032242,
            0.3264492154121399
          ],
          "rotationX":45.00000125223908,
          "group":"Fine",
          "faces":{
            "north":{
              "texture":"#wood",
              "uv":[
                14.670923233032227,
                2.81866455078125,
                19.441802978515625,
                4.632778167724609
              ],
              "autoUv":false,
              "rotation":180
            },
            "east":{
              "texture":"#wood",
              "uv":[
                12.0,
                16.0,
                20.0,
                24.0
              ],
              "autoUv":false,
              "rotation":270
            },
            "south":{
              "texture":"#wood",
              "uv":[
                8.961065292358398,
                20.000000953674316,
                30.0,
                21.0
              ],
              "autoUv":false
            },
            "west":{
              "texture":"#wood",
              "uv":[
                26.0,
                22.0,
                27.0,
                23.0
              ],
              "autoUv":false
            },
            "up":{
              "texture":"#wood",
              "uv":[
                20.95470428466797,
                4.589984893798828,
                24.95833969116211,
                6.112358093261719
              ],
              "autoUv":false,
              "rotation":180
            },
            "down":{
              "texture":"#wood",
              "uv":[
                24.95833969116211,
                2.861461639404297,
                20.95470428466797,
                1.3390884399414062
              ],
              "autoUv":false,
              "rotation":180
            }
          },
          "children":[]
        },
        {
          "name":"handle_fine 15",
          "from":[
            1.8855049014091492,
            -0.2807632088661194,
            0.3354015350341797
          ],
          "to":[
            3.395621120929718,
            0.7150543332099915,
            0.5843559503555298
          ],
          "rotationOrigin":[
            2.6405630111694336,
            0.21714556217193604,
            0.45987874269485474
          ],
          "rotationY":-4.26431377574204,
          "group":"Fine",
          "faces":{
            "north":{
              "texture":"#wood",
              "uv":[
                17.371362686157227,
                20.707759857177734,
                19.068283081054688,
                21.351086616516113
              ],
              "autoUv":false,
              "rotation":270
            },
            "east":{
              "texture":"#wood",
              "uv":[
                17.371362686157227,
                19.01084041595459,
                19.068283081054688,
                20.707759857177734
              ],
              "autoUv":false,
              "rotation":270
            },
            "south":{
              "texture":"#wood",
              "uv":[
                25.0,
                19.0,
                28.0,
                21.0
              ],
              "autoUv":false
            },
            "west":{
              "texture":"#wood",
              "uv":[
                21.18057632446289,
                19.51757526397705,
                21.710683822631836,
                20.577792167663574
              ],
              "autoUv":false
            },
            "up":{
              "texture":"#wood",
              "uv":[
                19.534652709960938,
                18.081799507141113,
                21.034025192260742,
                18.65023422241211
              ],
              "autoUv":false,
              "rotation":270
            },
            "down":{
              "texture":"#wood",
              "uv":[
                16.904993057250977,
                18.65023422241211,
                15.405620574951172,
                18.081799507141113
              ],
              "autoUv":false,
              "rotation":270
            }
          },
          "children":[]
        },
        {
          "name":"handle_fine 16",
          "from":[
            1.892087161540985,
            0.5752644389867783,
            0.2471180483698845
          ],
          "to":[
            3.402203381061554,
            0.9287796169519424,
            0.49607235938310623
          ],
          "rotationOrigin":[
            2.6471452713012695,
            0.7520220279693604,
            0.37159520387649536
          ],
          "rotationX":-45.07943976738092,
          "rotationY":-3.0139317483987274,
          "rotationZ":-3.0181084090761905,
          "group":"Fine",
          "faces":{
            "north":{
              "texture":"#wood",
              "uv":[
                17.746551513671875,
                20.283246994018555,
                18.822277069091797,
                20.691070556640625
              ],
              "autoUv":false,
              "rotation":270
            },
            "east":{
              "texture":"#wood",
              "uv":[
                17.746551513671875,
                19.207521438598633,
                18.822277069091797,
                20.283246994018555
              ],
              "autoUv":false,
              "rotation":270
            },
            "south":{
              "texture":"#wood",
              "uv":[
                20.0,
                20.0,
                23.0,
                21.0
              ],
              "autoUv":false
            },
            "west":{
              "texture":"#wood",
              "uv":[
                20.430580139160156,
                19.51782989501953,
                20.90582847595215,
                19.993077278137207
              ],
              "autoUv":false
            },
            "up":{
              "texture":"#wood",
              "uv":[
                19.012401580810547,
                18.305699348449707,
                20.60767936706543,
                18.910491943359375
              ],
              "autoUv":false,
              "rotation":270
            },
            "down":{
              "texture":"#wood",
              "uv":[
                17.556427001953125,
                18.910491943359375,
                15.961151123046875,
                18.305699348449707
              ],
              "autoUv":false,
              "rotation":270
            }
          },
          "children":[]
        },
        {
          "name":"handle_fine 17",
          "from":[
            1.8920127749443054,
            -0.49347008764743805,
            0.24813275784254074
          ],
          "to":[
            3.4021289944648743,
            -0.13995490968227386,
            0.4970870688557625
          ],
          "rotationOrigin":[
            2.64707088470459,
            -0.31671249866485596,
            0.3726099133491516
          ],
          "rotationX":45.07943976738092,
          "rotationY":-3.0139317483987274,
          "rotationZ":3.0181084090761905,
          "group":"Fine",
          "faces":{
            "north":{
              "texture":"#wood",
              "uv":[
                17.746551513671875,
                19.936857223510742,
                18.822277069091797,
                20.344679832458496
              ],
              "autoUv":false,
              "rotation":270
            },
            "east":{
              "texture":"#wood",
              "uv":[
                17.746551513671875,
                18.861130714416504,
                18.822277069091797,
                19.936857223510742
              ],
              "autoUv":false,
              "rotation":270
            },
            "south":{
              "texture":"#wood",
              "uv":[
                19.0,
                19.0,
                22.0,
                20.0
              ],
              "autoUv":false
            },
            "west":{
              "texture":"#wood",
              "uv":[
                20.049175262451172,
                19.55284595489502,
                20.52442169189453,
                20.02809429168701
              ],
              "autoUv":false
            },
            "up":{
              "texture":"#wood",
              "uv":[
                19.012401580810547,
                17.959309577941895,
                20.60767936706543,
                18.564102172851562
              ],
              "autoUv":false,
              "rotation":270
            },
            "down":{
              "texture":"#wood",
              "uv":[
                17.556427001953125,
                18.564102172851562,
                15.961151123046875,
                17.959309577941895
              ],
              "autoUv":false,
              "rotation":270
            }
          },
          "children":[]
        },
        {
          "name":"handle_fine 18",
          "from":[
            1.8624116778373718,
            -0.5297175049781799,
            0.04434649646282196
          ],
          "to":[
            3.3725278973579407,
            0.965027391910553,
            0.3320111781358719
          ],
          "rotationOrigin":[
            2.6174697875976562,
            0.21765494346618652,
            0.18817883729934692
          ],
          "rotationY":-4.26431377574204,
          "group":"Fine",
          "faces":{
            "north":{
              "texture":"#wood",
              "uv":[
                8.507590293884277,
                23.261213302612305,
                12.918352127075195,
                23.65669345855713
              ],
              "autoUv":false,
              "rotation":270
            },
            "east":{
              "texture":"#wood",
              "uv":[
                8.507593154907227,
                22.21804428100586,
                12.918352127075195,
                23.261213302612305
              ],
              "autoUv":false,
              "rotation":270
            },
            "south":{
              "texture":"#wood",
              "uv":[
                14.347600936889648,
                22.40937614440918,
                16.30294418334961,
                25.135340690612793
              ],
              "autoUv":false
            },
            "west":{
              "texture":"#wood",
              "uv":[
                15.050760269165039,
                22.08213710784912,
                15.577523231506348,
                24.009684562683105
              ],
              "autoUv":false
            },
            "up":{
              "texture":"#wood",
              "uv":[
                14.0,
                19.0,
                15.0,
                22.0
              ],
              "autoUv":false,
              "rotation":270
            },
            "down":{
              "texture":"#wood",
              "uv":[
                11.0,
                22.0,
                10.0,
                19.0
              ],
              "autoUv":false,
              "rotation":270
            }
          },
          "children":[]
        },
        {
          "name":"handle_fine 19",
          "from":[
            1.8855049014091492,
            -0.2807632088661194,
            -1.0057029724121094
          ],
          "to":[
            3.395621120929718,
            0.7150543332099915,
            -0.7567485570907593
          ],
          "rotationOrigin":[
            2.6405630111694336,
            0.21714556217193604,
            -0.8812257647514343
          ],
          "rotationX":2.393558368911397e-13,
          "rotationY":4.26431377574204,
          "rotationZ":-179.99988206555128,
          "group":"Fine",
          "faces":{
            "north":{
              "texture":"#wood",
              "uv":[
                28.0,
                19.0,
                25.0,
                21.0
              ],
              "autoUv":false,
              "rotation":180
            },
            "east":{
              "texture":"#wood",
              "uv":[
                21.710683822631836,
                19.51757526397705,
                21.18057632446289,
                20.577792167663574
              ],
              "autoUv":false,
              "rotation":180
            },
            "south":{
              "texture":"#wood",
              "uv":[
                19.068283081054688,
                20.707759857177734,
                17.371362686157227,
                21.351086616516113
              ],
              "autoUv":false,
              "rotation":270
            },
            "west":{
              "texture":"#wood",
              "uv":[
                19.068283081054688,
                19.01084041595459,
                17.371362686157227,
                20.707759857177734
              ],
              "autoUv":false,
              "rotation":270
            },
            "up":{
              "texture":"#wood",
              "uv":[
                16.904993057250977,
                18.081799507141113,
                15.405620574951172,
                18.65023422241211
              ],
              "autoUv":false,
              "rotation":90
            },
            "down":{
              "texture":"#wood",
              "uv":[
                19.534652709960938,
                18.65023422241211,
                21.034025192260742,
                18.081799507141113
              ],
              "autoUv":false,
              "rotation":90
            }
          },
          "children":[]
        },
        {
          "name":"handle_fine 20",
          "from":[
            1.892087161540985,
            0.5752644538879395,
            -0.9174194037914276
          ],
          "to":[
            3.402203381061554,
            0.9287796020507812,
            -0.6684650480747223
          ],
          "rotationOrigin":[
            2.6471452713012695,
            0.7520220279693604,
            -0.792942225933075
          ],
          "rotationX":45.0794431824755,
          "rotationY":3.0139311080684927,
          "rotationZ":176.9817717354844,
          "group":"Fine",
          "faces":{
            "north":{
              "texture":"#wood",
              "uv":[
                23.0,
                20.0,
                20.0,
                21.0
              ],
              "autoUv":false,
              "rotation":180
            },
            "east":{
              "texture":"#wood",
              "uv":[
                20.90582847595215,
                19.51782989501953,
                20.430580139160156,
                19.993077278137207
              ],
              "autoUv":false,
              "rotation":180
            },
            "south":{
              "texture":"#wood",
              "uv":[
                18.822277069091797,
                20.283246994018555,
                17.746551513671875,
                20.691070556640625
              ],
              "autoUv":false,
              "rotation":270
            },
            "west":{
              "texture":"#wood",
              "uv":[
                18.822277069091797,
                19.207521438598633,
                17.746551513671875,
                20.283246994018555
              ],
              "autoUv":false,
              "rotation":270
            },
            "up":{
              "texture":"#wood",
              "uv":[
                17.556427001953125,
                18.305699348449707,
                15.961151123046875,
                18.910491943359375
              ],
              "autoUv":false,
              "rotation":90
            },
            "down":{
              "texture":"#wood",
              "uv":[
                19.012401580810547,
                18.910491943359375,
                20.60767936706543,
                18.305699348449707
              ],
              "autoUv":false,
              "rotation":90
            }
          },
          "children":[]
        },
        {
          "name":"handle_fine 21",
          "from":[
            1.8920127749443054,
            -0.49347007274627686,
            -0.9184341132640839
          ],
          "to":[
            3.4021289944648743,
            -0.13995492458343506,
            -0.6694797575473785
          ],
          "rotationOrigin":[
            2.64707088470459,
            -0.31671249866485596,
            -0.7939569354057312
          ],
          "rotationX":-45.0794431824755,
          "rotationY":3.0139311080684927,
          "rotationZ":-176.9817717354844,
          "group":"Fine",
          "faces":{
            "north":{
              "texture":"#wood",
              "uv":[
                22.0,
                19.0,
                19.0,
                20.0
              ],
              "autoUv":false,
              "rotation":180
            },
            "east":{
              "texture":"#wood",
              "uv":[
                20.52442169189453,
                19.55284595489502,
                20.049175262451172,
                20.02809429168701
              ],
              "autoUv":false,
              "rotation":180
            },
            "south":{
              "texture":"#wood",
              "uv":[
                18.822277069091797,
                19.936857223510742,
                17.746551513671875,
                20.344679832458496
              ],
              "autoUv":false,
              "rotation":270
            },
            "west":{
              "texture":"#wood",
              "uv":[
                18.822277069091797,
                18.861130714416504,
                17.746551513671875,
                19.936857223510742
              ],
              "autoUv":false,
              "rotation":270
            },
            "up":{
              "texture":"#wood",
              "uv":[
                17.556427001953125,
                17.959309577941895,
                15.961151123046875,
                18.564102172851562
              ],
              "autoUv":false,
              "rotation":90
            },
            "down":{
              "texture":"#wood",
              "uv":[
                19.012401580810547,
                18.564102172851562,
                20.60767936706543,
                17.959309577941895
              ],
              "autoUv":false,
              "rotation":90
            }
          },
          "children":[]
        },
        {
          "name":"handle_fine 22",
          "from":[
            1.8624116778373718,
            -0.5297175049781799,
            -0.7533582001924515
          ],
          "to":[
            3.3725278973579407,
            0.965027391910553,
            -0.46569351851940155
          ],
          "rotationOrigin":[
            2.6174697875976562,
            0.21765494346618652,
            -0.6095258593559265
          ],
          "rotationX":2.393558368911397e-13,
          "rotationY":4.26431377574204,
          "rotationZ":-179.99988206555128,
          "group":"Fine",
          "faces":{
            "north":{
              "texture":"#wood",
              "uv":[
                16.30294418334961,
                22.40937614440918,
                14.347600936889648,
                25.135340690612793
              ],
              "autoUv":false,
              "rotation":180
            },
            "east":{
              "texture":"#wood",
              "uv":[
                15.577523231506348,
                22.08213710784912,
                15.050760269165039,
                24.009684562683105
              ],
              "autoUv":false,
              "rotation":180
            },
            "south":{
              "texture":"#wood",
              "uv":[
                12.918352127075195,
                23.261213302612305,
                8.507590293884277,
                23.65669345855713
              ],
              "autoUv":false,
              "rotation":270
            },
            "west":{
              "texture":"#wood",
              "uv":[
                12.918352127075195,
                22.21804428100586,
                8.507593154907227,
                23.261213302612305
              ],
              "autoUv":false,
              "rotation":270
            },
            "up":{
              "texture":"#wood",
              "uv":[
                11.0,
                19.0,
                10.0,
                22.0
              ],
              "autoUv":false,
              "rotation":90
            },
            "down":{
              "texture":"#wood",
              "uv":[
                14.0,
                22.0,
                15.0,
                19.0
              ],
              "autoUv":false,
              "rotation":90
            }
          },
          "children":[]
        },
        {
          "name":"handle_fine 23",
          "from":[
            3.31680428981781,
            -0.5334551930427551,
            -0.7106729745864868
          ],
          "to":[
            4.571714997291565,
            0.9665448069572449,
            0.2893279194831848
          ],
          "rotationOrigin":[
            3.9442596435546875,
            0.21654480695724487,
            -0.2106725573539734
          ],
          "rotationY":-179.99988206555128,
          "group":"Fine",
          "faces":{
            "north":{
              "texture":"#wood",
              "uv":[
                12.0,
                24.0,
                20.0,
                26.50982141494751
              ],
              "autoUv":false,
              "rotation":270
            },
            "east":{
              "texture":"#wood",
              "uv":[
                12.0,
                16.0,
                20.0,
                24.0
              ],
              "autoUv":false,
              "rotation":270
            },
            "south":{
              "texture":"#wood",
              "uv":[
                12.0,
                13.490179061889648,
                20.0,
                16.0
              ],
              "autoUv":false,
              "rotation":270
            },
            "west":{
              "texture":"#wood",
              "uv":[
                28.000001907348633,
                20.0,
                30.0,
                23.0
              ],
              "autoUv":false
            },
            "up":{
              "texture":"#wood",
              "uv":[
                7.49017858505249,
                18.0,
                10.0,
                20.0
              ],
              "autoUv":false
            },
            "down":{
              "texture":"#wood",
              "uv":[
                24.50982093811035,
                20.0,
                22.0,
                18.0
              ],
              "autoUv":false,
              "rotation":180
            }
          },
          "children":[]
        },
        {
          "name":"handle_fine 24",
          "from":[
            3.31680428981781,
            -0.2834551930427551,
            0.2893269956111908
          ],
          "to":[
            4.571714997291565,
            0.7165448069572449,
            0.5393278896808624
          ],
          "rotationOrigin":[
            3.9442596435546875,
            0.21654480695724487,
            0.4143274426460266
          ],
          "rotationY":-179.99988206555128,
          "group":"Fine",
          "faces":{
            "north":{
              "texture":"#wood",
              "uv":[
                2.0,
                21.0,
                4.50982141494751,
                23.0
              ],
              "autoUv":false
            },
            "east":{
              "texture":"#wood",
              "uv":[
                12.0,
                16.0,
                20.0,
                24.0
              ],
              "autoUv":false,
              "rotation":270
            },
            "south":{
              "texture":"#wood",
              "uv":[
                12.0,
                13.490179061889648,
                20.0,
                16.0
              ],
              "autoUv":false,
              "rotation":270
            },
            "west":{
              "texture":"#wood",
              "uv":[
                28.000003814697266,
                20.0,
                29.0,
                22.0
              ],
              "autoUv":false
            },
            "up":{
              "texture":"#wood",
              "uv":[
                20.0,
                13.490179061889648,
                28.0,
                16.0
              ],
              "autoUv":false,
              "rotation":270
            },
            "down":{
              "texture":"#wood",
              "uv":[
                12.0,
                16.0,
                4.0,
                13.490179061889648
              ],
              "autoUv":false,
              "rotation":270
            }
          },
          "children":[]
        },
        {
          "name":"handle_fine 25",
          "from":[
            3.31680428981781,
            -0.2834551930427551,
            -0.9606734812259674
          ],
          "to":[
            4.571714997291565,
            0.7165448069572449,
            -0.7106725871562958
          ],
          "rotationOrigin":[
            3.9442596435546875,
            0.21654480695724487,
            -0.8356730341911316
          ],
          "rotationY":-179.99988206555128,
          "group":"Fine",
          "faces":{
            "north":{
              "texture":"#wood",
              "uv":[
                12.0,
                24.0,
                20.0,
                26.50982141494751
              ],
              "autoUv":false,
              "rotation":270
            },
            "east":{
              "texture":"#wood",
              "uv":[
                12.0,
                16.0,
                20.0,
                24.0
              ],
              "autoUv":false,
              "rotation":270
            },
            "south":{
              "texture":"#wood",
              "uv":[
                27.490177154541016,
                21.0,
                30.0,
                23.0
              ],
              "autoUv":false
            },
            "west":{
              "texture":"#wood",
              "uv":[
                28.000003814697266,
                20.0,
                29.0,
                22.0
              ],
              "autoUv":false
            },
            "up":{
              "texture":"#wood",
              "uv":[
                20.0,
                13.490179061889648,
                28.0,
                16.0
              ],
              "autoUv":false,
              "rotation":270
            },
            "down":{
              "texture":"#wood",
              "uv":[
                12.0,
                16.0,
                4.0,
                13.490179061889648
              ],
              "autoUv":false,
              "rotation":270
            }
          },
          "children":[]
        },
        {
          "name":"handle_fine 26",
          "from":[
            3.316804051399231,
            -0.497055247426033,
            0.2014492228627205
          ],
          "to":[
            4.5712422132492065,
            -0.14205463230609894,
            0.4514492005109787
          ],
          "rotationOrigin":[
            3.9440231323242188,
            -0.319554939866066,
            0.3264492154121399
          ],
          "rotationX":44.999994422049916,
          "rotationY":-179.999991348578,
          "rotationZ":0.00011686758931489702,
          "group":"Fine",
          "faces":{
            "north":{
              "texture":"#wood",
              "uv":[
                2.0,
                23.0,
                4.508876323699951,
                24.0
              ],
              "autoUv":false
            },
            "east":{
              "texture":"#wood",
              "uv":[
                12.0,
                16.0,
                20.0,
                24.0
              ],
              "autoUv":false,
              "rotation":270
            },
            "south":{
              "texture":"#wood",
              "uv":[
                12.0,
                13.49112319946289,
                20.0,
                16.0
              ],
              "autoUv":false,
              "rotation":270
            },
            "west":{
              "texture":"#wood",
              "uv":[
                26.0,
                22.000001907348633,
                27.000001907348633,
                23.00000286102295
              ],
              "autoUv":false
            },
            "up":{
              "texture":"#wood",
              "uv":[
                20.0,
                13.49112319946289,
                28.0,
                16.0
              ],
              "autoUv":false,
              "rotation":270
            },
            "down":{
              "texture":"#wood",
              "uv":[
                12.0,
                16.0,
                4.0,
                13.49112319946289
              ],
              "autoUv":false,
              "rotation":270
            }
          },
          "children":[]
        },
        {
          "name":"handle_fine 27",
          "from":[
            3.316804051399231,
            0.5761670470237732,
            0.200426883995533
          ],
          "to":[
            4.5712422132492065,
            0.9311676621437073,
            0.4504268616437912
          ],
          "rotationOrigin":[
            3.9440231323242188,
            0.7536673545837402,
            0.3254268765449524
          ],
          "rotationX":-44.999994422049916,
          "rotationY":-179.999991348578,
          "rotationZ":-0.00011686758931489702,
          "group":"Fine",
          "faces":{
            "north":{
              "texture":"#wood",
              "uv":[
                2.0,
                20.0,
                4.508876323699951,
                21.0
              ],
              "autoUv":false
            },
            "east":{
              "texture":"#wood",
              "uv":[
                12.0,
                16.0,
                20.0,
                24.0
              ],
              "autoUv":false,
              "rotation":270
            },
            "south":{
              "texture":"#wood",
              "uv":[
                12.0,
                13.49112319946289,
                20.0,
                16.0
              ],
              "autoUv":false,
              "rotation":270
            },
            "west":{
              "texture":"#wood",
              "uv":[
                28.000001907348633,
                19.99999713897705,
                29.0,
                20.99999713897705
              ],
              "autoUv":false
            },
            "up":{
              "texture":"#wood",
              "uv":[
                20.0,
                13.49112319946289,
                28.0,
                16.0
              ],
              "autoUv":false,
              "rotation":270
            },
            "down":{
              "texture":"#wood",
              "uv":[
                12.0,
                16.0,
                4.0,
                13.49112319946289
              ],
              "autoUv":false,
              "rotation":270
            }
          },
          "children":[]
        },
        {
          "name":"handle_fine 28",
          "from":[
            3.316804051399231,
            0.5761680006980896,
            -0.8717734143137932
          ],
          "to":[
            4.5712422132492065,
            0.9311686158180237,
            -0.621773436665535
          ],
          "rotationOrigin":[
            3.9440231323242188,
            0.7536683082580566,
            -0.7467734217643738
          ],
          "rotationX":44.999994422049916,
          "rotationY":-179.999991348578,
          "rotationZ":0.00011686758931489702,
          "group":"Fine",
          "faces":{
            "north":{
              "texture":"#wood",
              "uv":[
                12.0,
                24.0,
                20.0,
                26.50887632369995
              ],
              "autoUv":false,
              "rotation":270
            },
            "east":{
              "texture":"#wood",
              "uv":[
                12.0,
                16.0,
                20.0,
                24.0
              ],
              "autoUv":false,
              "rotation":270
            },
            "south":{
              "texture":"#wood",
              "uv":[
                27.49112319946289,
                24.0,
                30.0,
                25.0
              ],
              "autoUv":false
            },
            "west":{
              "texture":"#wood",
              "uv":[
                28.0,
                20.00000286102295,
                29.000001907348633,
                21.00000286102295
              ],
              "autoUv":false
            },
            "up":{
              "texture":"#wood",
              "uv":[
                20.0,
                13.49112319946289,
                28.0,
                16.0
              ],
              "autoUv":false,
              "rotation":270
            },
            "down":{
              "texture":"#wood",
              "uv":[
                12.0,
                16.0,
                4.0,
                13.49112319946289
              ],
              "autoUv":false,
              "rotation":270
            }
          },
          "children":[]
        },
        {
          "name":"handle_fine 29",
          "from":[
            3.316804051399231,
            -0.49705617129802704,
            -0.8727957531809807
          ],
          "to":[
            4.5712422132492065,
            -0.14205555617809296,
            -0.6227957755327225
          ],
          "rotationOrigin":[
            3.9440231323242188,
            -0.31955586373806,
            -0.7477957606315613
          ],
          "rotationX":-44.999994422049916,
          "rotationY":-179.999991348578,
          "rotationZ":-0.00011686758931489702,
          "group":"Fine",
          "faces":{
            "north":{
              "texture":"#wood",
              "uv":[
                12.0,
                24.0,
                20.0,
                26.50887632369995
              ],
              "autoUv":false,
              "rotation":270
            },
            "east":{
              "texture":"#wood",
              "uv":[
                12.0,
                16.0,
                20.0,
                24.0
              ],
              "autoUv":false,
              "rotation":270
            },
            "south":{
              "texture":"#wood",
              "uv":[
                27.49112319946289,
                20.0,
                30.0,
                21.0
              ],
              "autoUv":false
            },
            "west":{
              "texture":"#wood",
              "uv":[
                26.000003814697266,
                21.999996185302734,
                27.000001907348633,
                22.999998092651367
              ],
              "autoUv":false
            },
            "up":{
              "texture":"#wood",
              "uv":[
                20.0,
                13.49112319946289,
                28.0,
                16.0
              ],
              "autoUv":false,
              "rotation":270
            },
            "down":{
              "texture":"#wood",
              "uv":[
                12.0,
                16.0,
                4.0,
                13.49112319946289
              ],
              "autoUv":false,
              "rotation":270
            }
          },
          "children":[]
        }
      ]
    }
  ],
  "groups":[]
}