{
	"editor": {
		"backDropShape": "entity/humanoid/seraph-hairless",
		"allAngles": true,
		"entityTextureMode": true
	},
	"textureWidth": 16,
	"textureHeight": 16,
	"textureSizes": {
		"hair": [48,48],
		"bush-base": [16,16]
	},
	"textures": {
		"bush-base": "block/devastation/bush-base",
		"rustyglow": "block/machine/statictranslocator/rustyglow",
		"iron": "block/metal/tarnished/iron"
	},
	"elements": [
		{
			"name": "hair-uncovered",
			"stepParentName": "Head",
			"from": [ 5.5, 5.0, 2.5 ],
			"to": [ 5.5, 5.0, 2.5 ],
			"uv": [ 13.5, 3.0 ],
			"rotationOrigin": [ 5.5, 5.0, 2.5 ],
			"faces": {
				"north": { "texture": "#bush-base", "uv": [ 13.5, 3.5, 14.0, 4.0 ] },
				"east": { "texture": "#bush-base", "uv": [ 14.0, 3.5, 14.5, 4.0 ] },
				"south": { "texture": "#bush-base", "uv": [ 14.5, 3.5, 15.0, 4.0 ] },
				"west": { "texture": "#bush-base", "uv": [ 15.0, 3.5, 15.5, 4.0 ] },
				"up": { "texture": "#bush-base", "uv": [ 13.5, 3.0, 14.0, 3.5 ] },
				"down": { "texture": "#bush-base", "uv": [ 14.0, 3.0, 14.5, 3.5 ] }
			},
			"children": [
				{
					"name": "bun",
					"from": [ 0.0, -1.0, -1.0 ],
					"to": [ 2.0, 1.0, 1.0 ],
					"renderPass": 3,
					"uv": [ 5.5, 8.0 ],
					"rotationOrigin": [ 1.0, 0.0, 0.0 ],
					"rotationZ": 19.0,
					"faces": {
						"north": { "texture": "#bush-base", "uv": [ 5.5, 10.0, 7.5, 12.0 ] },
						"east": { "texture": "#bush-base", "uv": [ 7.5, 10.0, 9.5, 12.0 ] },
						"south": { "texture": "#bush-base", "uv": [ 9.5, 10.0, 11.5, 12.0 ] },
						"west": { "texture": "#bush-base", "uv": [ 11.5, 10.0, 13.5, 12.0 ] },
						"up": { "texture": "#bush-base", "uv": [ 5.5, 8.0, 7.5, 10.0 ] },
						"down": { "texture": "#bush-base", "uv": [ 7.5, 8.0, 9.5, 10.0 ] }
					},
					"children": [
						{
							"name": "fluff1",
							"from": [ -0.5, -0.5, -0.5 ],
							"to": [ 2.5, 2.5, 2.5 ],
							"renderPass": 3,
							"uv": [ 1.0, 8.0 ],
							"rotationOrigin": [ 1.0, 1.0, 1.0 ],
							"rotationY": 45.0,
							"faces": {
								"north": { "texture": "#bush-base", "uv": [ 1.0, 11.0, 4.0, 14.0 ] },
								"east": { "texture": "#bush-base", "uv": [ 4.0, 11.0, 7.0, 14.0 ] },
								"south": { "texture": "#bush-base", "uv": [ 7.0, 11.0, 10.0, 14.0 ] },
								"west": { "texture": "#bush-base", "uv": [ 10.0, 11.0, 13.0, 14.0 ] },
								"up": { "texture": "#bush-base", "uv": [ 1.0, 8.0, 4.0, 11.0 ] },
								"down": { "texture": "#bush-base", "uv": [ 4.0, 8.0, 7.0, 11.0 ] }
							}
						},
						{
							"name": "fluff2",
							"from": [ -0.5, -0.5, -0.5 ],
							"to": [ 2.5, 2.5, 2.5 ],
							"renderPass": 3,
							"autoUnwrap": false,
							"uv": [ 33.0, 25.0 ],
							"rotationOrigin": [ 1.0, 1.0, 1.0 ],
							"rotationZ": -45.0,
							"faces": {
								"north": { "texture": "#bush-base", "uv": [ 0.0, 1.0, 3.0, 4.0 ] },
								"east": { "texture": "#bush-base", "uv": [ 5.0, 10.5, 8.0, 13.5 ] },
								"south": { "texture": "#bush-base", "uv": [ 2.0, 2.5, 5.0, 5.5 ] },
								"west": { "texture": "#bush-base", "uv": [ 6.0, 2.5, 9.0, 5.5 ] },
								"up": { "texture": "#bush-base", "uv": [ 9.5, 1.5, 12.5, 4.5 ] },
								"down": { "texture": "#bush-base", "uv": [ 8.0, 8.0, 11.0, 11.0 ] }
							}
						},
						{
							"name": "glow",
							"from": [ 0.7, 0.7, 0.7 ],
							"to": [ 1.3, 1.3, 1.3 ],
							"uv": [ 0.0, 0.0 ],
							"rotationOrigin": [ 1.0, 1.0, 1.0 ],
							"faces": {
								"north": { "texture": "#rustyglow", "uv": [ 0.0, 0.5, 0.5, 1.0 ], "glow": 200 },
								"east": { "texture": "#rustyglow", "uv": [ 0.5, 0.5, 1.0, 1.0 ], "glow": 200, "windMode": [-1,-1,-1,-1], "windData": [1,1,1,1] },
								"south": { "texture": "#rustyglow", "uv": [ 1.0, 0.5, 1.5, 1.0 ], "glow": 200, "windMode": [-1,-1,-1,-1], "windData": [1,1,1,1] },
								"west": { "texture": "#rustyglow", "uv": [ 1.5, 0.5, 2.0, 1.0 ], "glow": 200, "windMode": [-1,-1,-1,-1], "windData": [1,1,1,1] },
								"up": { "texture": "#rustyglow", "uv": [ 0.0, 0.0, 0.5, 0.5 ], "glow": 200, "windMode": [-1,-1,-1,-1], "windData": [1,1,1,1] },
								"down": { "texture": "#rustyglow", "uv": [ 0.5, 0.0, 1.0, 0.5 ], "glow": 200, "windMode": [-1,-1,-1,-1], "windData": [1,1,1,1] }
							}
						},
						{
							"name": "rod1",
							"from": [ 0.7, -2.5, 1.1 ],
							"to": [ 0.9, 4.5, 1.3 ],
							"uv": [ 2.0, 7.5 ],
							"rotationOrigin": [ 0.8, 1.0, 1.2 ],
							"rotationX": -28.0,
							"rotationZ": -17.0,
							"faces": {
								"north": { "texture": "#iron", "uv": [ 2.0, 8.0, 2.5, 15.0 ] },
								"east": { "texture": "#iron", "uv": [ 2.5, 8.0, 3.0, 15.0 ] },
								"south": { "texture": "#iron", "uv": [ 3.0, 8.0, 3.5, 15.0 ] },
								"west": { "texture": "#iron", "uv": [ 3.5, 8.0, 4.0, 15.0 ] },
								"up": { "texture": "#iron", "uv": [ 2.0, 7.5, 2.5, 8.0 ] },
								"down": { "texture": "#iron", "uv": [ 2.5, 7.5, 3.0, 8.0 ] }
							}
						},
						{
							"name": "rod2",
							"from": [ 0.7, -0.5, 0.1 ],
							"to": [ 0.9, 4.5, 0.3 ],
							"uv": [ 8.0, 1.0 ],
							"rotationOrigin": [ 0.8, 1.0, 0.2 ],
							"rotationX": 28.0,
							"rotationY": -8.0,
							"rotationZ": -8.0,
							"faces": {
								"north": { "texture": "#iron", "uv": [ 8.0, 1.5, 8.5, 6.5 ] },
								"east": { "texture": "#iron", "uv": [ 8.5, 1.5, 9.0, 6.5 ] },
								"south": { "texture": "#iron", "uv": [ 9.0, 1.5, 9.5, 6.5 ] },
								"west": { "texture": "#iron", "uv": [ 9.5, 1.5, 10.0, 6.5 ] },
								"up": { "texture": "#iron", "uv": [ 8.0, 1.0, 8.5, 1.5 ] },
								"down": { "texture": "#iron", "uv": [ 8.5, 1.0, 9.0, 1.5 ] }
							}
						},
						{
							"name": "rod3",
							"from": [ 1.7, -2.5, 1.1 ],
							"to": [ 1.9, 2.5, 1.3 ],
							"uv": [ 12.5, 2.0 ],
							"rotationOrigin": [ 1.8, 0.0, 1.2 ],
							"rotationX": 89.0,
							"rotationY": -8.0,
							"rotationZ": 8.0,
							"faces": {
								"north": { "texture": "#iron", "uv": [ 12.5, 2.5, 13.0, 7.5 ] },
								"east": { "texture": "#iron", "uv": [ 13.0, 2.5, 13.5, 7.5 ] },
								"south": { "texture": "#iron", "uv": [ 13.5, 2.5, 14.0, 7.5 ] },
								"west": { "texture": "#iron", "uv": [ 14.0, 2.5, 14.5, 7.5 ] },
								"up": { "texture": "#iron", "uv": [ 12.5, 2.0, 13.0, 2.5 ] },
								"down": { "texture": "#iron", "uv": [ 13.0, 2.0, 13.5, 2.5 ] }
							}
						},
						{
							"name": "rod4",
							"from": [ 1.7, -1.5, 0.5 ],
							"to": [ 1.9, 3.5, 0.7 ],
							"uv": [ 11.0, 6.5 ],
							"rotationOrigin": [ 1.8, 1.0, 0.6 ],
							"rotationX": -14.0,
							"rotationY": -8.0,
							"rotationZ": 50.0,
							"faces": {
								"north": { "texture": "#iron", "uv": [ 11.0, 7.0, 11.5, 12.0 ] },
								"east": { "texture": "#iron", "uv": [ 11.5, 7.0, 12.0, 12.0 ] },
								"south": { "texture": "#iron", "uv": [ 12.0, 7.0, 12.5, 12.0 ] },
								"west": { "texture": "#iron", "uv": [ 12.5, 7.0, 13.0, 12.0 ] },
								"up": { "texture": "#iron", "uv": [ 11.0, 6.5, 11.5, 7.0 ] },
								"down": { "texture": "#iron", "uv": [ 11.5, 6.5, 12.0, 7.0 ] }
							}
						}
					]
				}
			]
		}
	]}