{
	"editor": {
		"backDropShape": "entity/humanoid/seraph-hairless",
		"allAngles": true,
		"entityTextureMode": true
	},
	"textureWidth": 48,
	"textureHeight": 48,
	"textureSizes": {
		"hair": [48,48],
		"bush-base": [16,16]
	},
	"textures": {
		"bush-base": "block/devastation/bush-base"
	},
	"elements": [
		{
			"name": "Hair-Base",
			"stepParentName": "Head",
			"from": [ -0.3, -3.2, -0.3 ],
			"to": [ 5.7, 5.3, 5.2 ],
			"renderPass": 1,
			"autoUnwrap": false,
			"uv": [ 0.0, 0.0 ],
			"rotationOrigin": [ 2.5, 3.0, 2.5 ],
			"faces": {
			},
			"children": [
				{
					"name": "hair-uncovered",
					"from": [ 2.7, 6.0, 2.9 ],
					"to": [ 2.7, 6.0, 2.9 ],
					"uv": [ 0.0, 0.0 ],
					"rotationOrigin": [ 2.7, 6.0, 2.9 ],
					"faces": {
					},
					"children": [
						{
							"name": "dread1",
							"from": [ -1.5, 2.1, -0.5 ],
							"to": [ -0.5, 5.1, 0.5 ],
							"renderPass": 1,
							"autoUnwrap": false,
							"uv": [ 29.0, 44.0 ],
							"rotationOrigin": [ -1.0, 2.1, 0.0 ],
							"rotationX": 10.0,
							"rotationZ": 45.0,
							"faces": {
								"north": { "texture": "#bush-base", "uv": [ 11.5, 12.0, 12.5, 15.0 ], "rotation": 180 },
								"east": { "texture": "#bush-base", "uv": [ 12.5, 11.5, 13.5, 14.5 ], "rotation": 180 },
								"south": { "texture": "#bush-base", "uv": [ 7.0, 11.5, 8.0, 14.5 ], "rotation": 180 },
								"west": { "texture": "#bush-base", "uv": [ 4.5, 9.5, 5.5, 12.5 ], "rotation": 180 }
							}
						},
						{
							"name": "dread2",
							"from": [ -0.5, 2.1, -1.5 ],
							"to": [ 0.5, 5.1, -0.5 ],
							"renderPass": 1,
							"autoUnwrap": false,
							"uv": [ 29.0, 44.0 ],
							"rotationOrigin": [ 0.0, 2.1, -1.0 ],
							"rotationX": -22.5,
							"rotationZ": 22.5,
							"faces": {
								"north": { "texture": "#bush-base", "uv": [ 1.0, 6.0, 2.0, 9.0 ], "rotation": 180 },
								"east": { "texture": "#bush-base", "uv": [ 3.5, 2.5, 4.5, 5.5 ], "rotation": 180 },
								"south": { "texture": "#bush-base", "uv": [ 8.5, 3.5, 9.5, 6.5 ], "rotation": 180 },
								"west": { "texture": "#bush-base", "uv": [ 0.5, 9.0, 1.5, 12.0 ], "rotation": 180 }
							}
						},
						{
							"name": "dread3",
							"from": [ -0.5, 2.1, 0.0 ],
							"to": [ 0.5, 5.1, 1.0 ],
							"renderPass": 1,
							"autoUnwrap": false,
							"uv": [ 29.0, 44.0 ],
							"rotationOrigin": [ 0.0, 2.1, 0.5 ],
							"rotationX": 30.0,
							"rotationZ": 30.0,
							"faces": {
								"north": { "texture": "#bush-base", "uv": [ 0.5, 0.5, 1.5, 3.5 ], "rotation": 180 },
								"east": { "texture": "#bush-base", "uv": [ 8.0, 8.0, 9.0, 11.0 ], "rotation": 180 },
								"south": { "texture": "#bush-base", "uv": [ 3.5, 3.5, 4.5, 6.5 ], "rotation": 180 },
								"west": { "texture": "#bush-base", "uv": [ 7.0, 5.0, 8.0, 8.0 ], "rotation": 180 }
							}
						},
						{
							"name": "dread4",
							"from": [ -4.0, 2.1, -1.5 ],
							"to": [ -1.0, 3.1, -0.5 ],
							"renderPass": 1,
							"autoUnwrap": false,
							"uv": [ 30.5, 29.0 ],
							"rotationOrigin": [ -1.0, 2.6, -1.0 ],
							"rotationY": -5.0,
							"rotationZ": -10.0,
							"faces": {
								"north": { "texture": "#bush-base", "uv": [ 7.0, 0.0, 8.0, 3.0 ], "rotation": 270 },
								"east": { "texture": "#bush-base", "uv": [ 7.5, 6.0, 8.5, 7.0 ], "windMode": [-1,-1,-1,-1], "windData": [1,1,1,1] },
								"south": { "texture": "#bush-base", "uv": [ 13.0, 1.0, 14.0, 4.0 ], "rotation": 90 },
								"up": { "texture": "#bush-base", "uv": [ 10.0, 12.0, 11.0, 15.0 ], "rotation": 90 },
								"down": { "texture": "#bush-base", "uv": [ 0.5, 12.0, 1.5, 15.0 ], "rotation": 270 }
							}
						},
						{
							"name": "dread5",
							"from": [ -3.5, 0.0, -1.5 ],
							"to": [ -2.5, 3.0, -0.5 ],
							"renderPass": 1,
							"uv": [ 8.0, 1.0 ],
							"rotationOrigin": [ -3.0, 3.0, -1.0 ],
							"rotationX": 10.0,
							"rotationZ": -15.0,
							"faces": {
								"north": { "texture": "#bush-base", "uv": [ 8.0, 2.0, 9.0, 5.0 ] },
								"east": { "texture": "#bush-base", "uv": [ 9.0, 2.0, 10.0, 5.0 ] },
								"south": { "texture": "#bush-base", "uv": [ 10.0, 2.0, 11.0, 5.0 ] },
								"west": { "texture": "#bush-base", "uv": [ 11.0, 2.0, 12.0, 5.0 ] },
								"up": { "texture": "#bush-base", "uv": [ 8.0, 1.0, 9.0, 2.0 ] }
							}
						},
						{
							"name": "dread6",
							"from": [ -4.5, 2.0, -0.5 ],
							"to": [ -0.5, 3.0, 0.5 ],
							"autoUnwrap": false,
							"uv": [ 31.0, 28.0 ],
							"rotationOrigin": [ -2.0, 2.5, 0.0 ],
							"rotationY": 22.5,
							"rotationZ": -22.5,
							"faces": {
								"north": { "texture": "#bush-base", "uv": [ 13.0, 10.0, 14.0, 14.0 ], "rotation": 270 },
								"south": { "texture": "#bush-base", "uv": [ 3.5, 10.0, 4.5, 14.0 ], "rotation": 90 },
								"up": { "texture": "#bush-base", "uv": [ 1.5, 2.0, 2.5, 6.0 ], "rotation": 90 },
								"down": { "texture": "#bush-base", "uv": [ 10.5, 8.0, 11.5, 12.0 ], "rotation": 270 }
							}
						},
						{
							"name": "dread7",
							"from": [ 0.5, 2.1, 0.0 ],
							"to": [ 1.5, 6.1, 1.0 ],
							"renderPass": 1,
							"autoUnwrap": false,
							"uv": [ 29.0, 44.0 ],
							"rotationOrigin": [ 1.0, 2.1, 0.5 ],
							"rotationX": 45.0,
							"rotationY": 22.5,
							"rotationZ": 30.0,
							"faces": {
								"north": { "texture": "#bush-base", "uv": [ 6.0, 9.0, 7.0, 13.0 ], "rotation": 180 },
								"east": { "texture": "#bush-base", "uv": [ 0.5, 3.5, 1.5, 7.5 ], "rotation": 180 },
								"south": { "texture": "#bush-base", "uv": [ 8.0, 9.5, 9.0, 13.5 ], "rotation": 180 },
								"west": { "texture": "#bush-base", "uv": [ 14.5, 8.5, 15.5, 12.5 ], "rotation": 180 }
							}
						},
						{
							"name": "dread8",
							"from": [ -2.0, 1.6, -1.5 ],
							"to": [ 2.0, 2.6, -0.5 ],
							"renderPass": 1,
							"autoUnwrap": false,
							"uv": [ 30.5, 29.0 ],
							"rotationOrigin": [ 2.0, 2.1, -1.0 ],
							"rotationY": -45.0,
							"rotationZ": -45.0,
							"faces": {
								"north": { "texture": "#bush-base", "uv": [ 5.5, 11.5, 6.5, 15.5 ], "rotation": 270 },
								"east": { "texture": "#bush-base", "uv": [ 6.5, 8.0, 7.5, 9.0 ], "windMode": [-1,-1,-1,-1], "windData": [1,1,1,1] },
								"south": { "texture": "#bush-base", "uv": [ 0.5, 7.5, 1.5, 11.5 ], "rotation": 90 },
								"up": { "texture": "#bush-base", "uv": [ 14.0, 3.0, 15.0, 7.0 ], "rotation": 90 },
								"down": { "texture": "#bush-base", "uv": [ 11.5, 10.5, 12.5, 14.5 ], "rotation": 270, "windMode": [-1,-1,-1,-1], "windData": [1,1,1,1] }
							}
						},
						{
							"name": "dread9",
							"from": [ 0.0, 2.1, -0.5 ],
							"to": [ 1.0, 6.1, 0.5 ],
							"renderPass": 1,
							"autoUnwrap": false,
							"uv": [ 29.0, 44.0 ],
							"rotationOrigin": [ 0.5, 2.1, 0.0 ],
							"rotationX": -10.0,
							"rotationZ": 22.5,
							"faces": {
								"north": { "texture": "#bush-base", "uv": [ 6.5, 8.5, 7.5, 12.5 ], "rotation": 180 },
								"east": { "texture": "#bush-base", "uv": [ 1.0, 8.0, 2.0, 12.0 ], "rotation": 180 },
								"south": { "texture": "#bush-base", "uv": [ 6.0, 3.5, 7.0, 7.5 ], "rotation": 180 },
								"west": { "texture": "#bush-base", "uv": [ 8.0, 2.5, 9.0, 6.5 ], "rotation": 180 }
							}
						},
						{
							"name": "hair1",
							"from": [ -4.0, 2.0, -2.5 ],
							"to": [ 1.0, 2.0, 2.5 ],
							"renderPass": 1,
							"autoUnwrap": false,
							"uv": [ 34.0, 36.5 ],
							"rotationOrigin": [ 1.0, 2.0, 0.0 ],
							"rotationZ": -22.5,
							"faces": {
								"up": { "texture": "#bush-base", "uv": [ 4.5, 1.0, 9.5, 6.0 ], "rotation": 90, "windMode": [-1,-1,-1,-1], "windData": [1,1,1,1] }
							}
						},
						{
							"name": "dread10",
							"from": [ -2.5, 0.0, 1.0 ],
							"to": [ -1.5, 3.0, 2.0 ],
							"renderPass": 1,
							"uv": [ 2.0, 5.0 ],
							"rotationOrigin": [ -2.0, 3.0, 1.5 ],
							"rotationX": -22.5,
							"rotationZ": -45.0,
							"faces": {
								"north": { "texture": "#bush-base", "uv": [ 2.0, 6.0, 3.0, 9.0 ] },
								"east": { "texture": "#bush-base", "uv": [ 3.0, 6.0, 4.0, 9.0 ] },
								"south": { "texture": "#bush-base", "uv": [ 4.0, 6.0, 5.0, 9.0 ] },
								"west": { "texture": "#bush-base", "uv": [ 5.0, 6.0, 6.0, 9.0 ] },
								"up": { "texture": "#bush-base", "uv": [ 2.0, 5.0, 3.0, 6.0 ] }
							}
						},
						{
							"name": "dread11",
							"from": [ 1.5, 2.1, -0.5 ],
							"to": [ 2.5, 5.1, 0.5 ],
							"renderPass": 1,
							"autoUnwrap": false,
							"uv": [ 29.0, 44.0 ],
							"rotationOrigin": [ 2.0, 2.1, 0.0 ],
							"rotationX": 30.0,
							"rotationY": 22.5,
							"rotationZ": 30.0,
							"faces": {
								"north": { "texture": "#bush-base", "uv": [ 7.0, 2.0, 8.0, 5.0 ], "rotation": 180 },
								"east": { "texture": "#bush-base", "uv": [ 6.5, 7.0, 7.5, 10.0 ], "rotation": 180 },
								"south": { "texture": "#bush-base", "uv": [ 1.0, 3.0, 2.0, 6.0 ], "rotation": 180 },
								"west": { "texture": "#bush-base", "uv": [ 9.5, 0.0, 10.5, 3.0 ], "rotation": 180 },
								"down": { "texture": "#bush-base", "uv": [ 13.5, 5.5, 14.5, 6.5 ], "windMode": [-1,-1,-1,-1], "windData": [1,1,1,1] }
							}
						},
						{
							"name": "dread12",
							"from": [ 1.0, 2.1, -0.9 ],
							"to": [ 2.0, 4.1, 0.1 ],
							"renderPass": 1,
							"autoUnwrap": false,
							"uv": [ 29.0, 44.0 ],
							"rotationOrigin": [ 1.5, 2.1, -0.4 ],
							"rotationX": -10.0,
							"rotationY": -22.5,
							"faces": {
								"north": { "texture": "#bush-base", "uv": [ 11.0, 1.5, 12.0, 3.5 ], "rotation": 180, "windMode": [-1,-1,-1,-1], "windData": [1,1,1,1] },
								"east": { "texture": "#bush-base", "uv": [ 0.5, 1.5, 1.5, 3.5 ], "rotation": 180 },
								"south": { "texture": "#bush-base", "uv": [ 4.0, 3.5, 5.0, 5.5 ], "rotation": 180, "windMode": [-1,-1,-1,-1], "windData": [1,1,1,1] },
								"west": { "texture": "#bush-base", "uv": [ 13.5, 6.0, 14.5, 8.0 ], "rotation": 180, "windMode": [-1,-1,-1,-1], "windData": [1,1,1,1] }
							}
						},
						{
							"name": "dread13",
							"from": [ -2.5, 2.1, -2.5 ],
							"to": [ 1.5, 3.1, -1.5 ],
							"renderPass": 1,
							"autoUnwrap": false,
							"uv": [ 30.5, 29.0 ],
							"rotationOrigin": [ 0.5, 2.6, -2.0 ],
							"rotationY": -45.0,
							"rotationZ": -10.0,
							"faces": {
								"north": { "texture": "#bush-base", "uv": [ 0.5, 10.0, 1.5, 14.0 ], "rotation": 270 },
								"east": { "texture": "#bush-base", "uv": [ 1.0, 6.5, 2.0, 7.5 ], "windMode": [-1,-1,-1,-1], "windData": [1,1,1,1] },
								"south": { "texture": "#bush-base", "uv": [ 9.0, 3.0, 10.0, 7.0 ], "rotation": 90 },
								"up": { "texture": "#bush-base", "uv": [ 11.0, 2.5, 12.0, 6.5 ], "rotation": 90 },
								"down": { "texture": "#bush-base", "uv": [ 0.5, 3.0, 1.5, 7.0 ], "rotation": 270 }
							}
						},
						{
							"name": "dread14",
							"from": [ -1.5, -1.0, -3.2 ],
							"to": [ -0.5, 2.5, -2.2 ],
							"renderPass": 1,
							"uv": [ 1.0, 2.5 ],
							"rotationOrigin": [ -1.0, 2.0, -2.7 ],
							"rotationX": 28.0,
							"rotationZ": -22.5,
							"faces": {
								"north": { "texture": "#bush-base", "uv": [ 1.0, 3.5, 2.0, 7.0 ] },
								"east": { "texture": "#bush-base", "uv": [ 2.0, 3.5, 3.0, 7.0 ] },
								"south": { "texture": "#bush-base", "uv": [ 3.0, 3.5, 4.0, 7.0 ] },
								"west": { "texture": "#bush-base", "uv": [ 4.0, 3.5, 5.0, 7.0 ], "windMode": [-1,-1,-1,-1], "windData": [1,1,1,1] },
								"up": { "texture": "#bush-base", "uv": [ 1.0, 2.5, 2.0, 3.5 ], "windMode": [-1,-1,-1,-1], "windData": [1,1,1,1] }
							}
						},
						{
							"name": "hair2",
							"from": [ -5.0, 2.0, -2.5 ],
							"to": [ -1.0, 2.0, 2.5 ],
							"renderPass": 1,
							"autoUnwrap": false,
							"uv": [ 34.0, 36.5 ],
							"rotationOrigin": [ -1.0, 2.0, 0.0 ],
							"rotationZ": -15.0,
							"faces": {
								"up": { "texture": "#bush-base", "uv": [ 8.0, 6.5, 13.0, 10.5 ], "rotation": 90, "windMode": [-1,-1,-1,-1], "windData": [1,1,1,1] }
							}
						},
						{
							"name": "hair3",
							"from": [ -6.0, 1.0, 0.0 ],
							"to": [ -2.0, 3.0, 0.0 ],
							"renderPass": 1,
							"autoUnwrap": false,
							"uv": [ 28.0, 27.5 ],
							"rotationOrigin": [ -2.0, 2.0, 0.0 ],
							"rotationY": -45.0,
							"rotationZ": -22.5,
							"faces": {
								"north": { "texture": "#bush-base", "uv": [ 9.0, 10.5, 11.0, 14.5 ], "rotation": 270 }
							}
						},
						{
							"name": "hair4",
							"from": [ -6.0, 1.0, 0.0 ],
							"to": [ -2.0, 3.0, 0.0 ],
							"renderPass": 1,
							"autoUnwrap": false,
							"uv": [ 28.0, 27.5 ],
							"rotationOrigin": [ -2.0, 2.0, 0.0 ],
							"rotationY": 45.0,
							"rotationZ": -10.0,
							"faces": {
								"north": { "texture": "#bush-base", "uv": [ 10.5, 7.5, 12.5, 11.5 ], "rotation": 270 }
							}
						},
						{
							"name": "fringe1",
							"from": [ -2.6, -1.0, -1.5 ],
							"to": [ -2.6, 2.0, -0.5 ],
							"renderPass": 1,
							"uv": [ 0.5, 4.5 ],
							"rotationOrigin": [ -2.6, 2.0, -1.0 ],
							"rotationX": 22.5,
							"rotationZ": -15.0,
							"faces": {
								"west": { "texture": "#bush-base", "uv": [ 0.5, 4.5, 1.5, 7.5 ], "windMode": [-1,-1,-1,-1], "windData": [1,1,1,1] }
							}
						},
						{
							"name": "fringe2",
							"from": [ -2.6, -1.6, -2.3 ],
							"to": [ -2.6, 2.4, -1.3 ],
							"renderPass": 1,
							"uv": [ 8.0, 3.5 ],
							"rotationOrigin": [ -2.6, 2.4, -1.8 ],
							"rotationX": 22.5,
							"rotationY": -45.0,
							"faces": {
								"west": { "texture": "#bush-base", "uv": [ 8.0, 3.5, 9.0, 7.5 ], "windMode": [-1,-1,-1,-1], "windData": [1,1,1,1] }
							}
						}
					]
				}
			]
		}
	]}