{
	"editor": {
		"backDropShape": "entity/humanoid/seraph-hairless",
		"allAngles": true,
		"entityTextureMode": false
	},
	"textureWidth": 16,
	"textureHeight": 16,
	"textureSizes": {
	},
	"textures": {
		"rusty-iron2": "block/metal/tarnished/rusty-iron2"
	},
	"elements": [
		{
			"name": "hair-uncovered",
			"stepParentName": "Head",
			"from": [ 2.0, 3.0, 2.5 ],
			"to": [ 2.0, 3.0, 2.5 ],
			"rotationOrigin": [ 2.0, 3.0, 2.5 ],
			"faces": {
			},
			"children": [
				{
					"name": "gear-origin",
					"from": [ 0.08, -0.18, -1.0 ],
					"to": [ 2.08, 1.82, 1.0 ],
					"rotationOrigin": [ 1.0825, 0.8159, 0.0 ],
					"rotationZ": 100.0,
					"faces": {
					},
					"children": [
						{
							"name": "ShaftUD12",
							"from": [ 0.0, -2.2, 0.0 ],
							"to": [ 2.0, -1.1, 2.0 ],
							"rotationOrigin": [ 1.0, -1.2, 1.0 ],
							"rotationY": 44.0,
							"faces": {
								"north": { "texture": "#rusty-iron2", "uv": [ 5.0, 5.5, 7.0, 6.5 ] },
								"east": { "texture": "#rusty-iron2", "uv": [ 13.5, 11.5, 15.5, 12.5 ] },
								"south": { "texture": "#rusty-iron2", "uv": [ 4.5, 10.5, 6.5, 11.5 ] },
								"west": { "texture": "#rusty-iron2", "uv": [ 5.5, 12.0, 7.5, 13.0 ] },
								"down": { "texture": "#rusty-iron2", "uv": [ 10.0, 2.5, 12.0, 4.5 ] }
							},
							"children": [
								{
									"name": "Spoke12a",
									"from": [ -2.4, 0.3, 0.08 ],
									"to": [ 4.4, 0.9, 1.92 ],
									"rotationOrigin": [ 1.0, 0.3, 1.0 ],
									"faces": {
										"north": { "texture": "#rusty-iron2", "uv": [ 1.5, 12.5, 8.0, 13.0 ] },
										"east": { "texture": "#rusty-iron2", "uv": [ 7.0, 0.0, 8.5, 0.5 ] },
										"south": { "texture": "#rusty-iron2", "uv": [ 5.5, 14.0, 12.0, 14.5 ] },
										"west": { "texture": "#rusty-iron2", "uv": [ 13.0, 0.0, 14.5, 0.5 ] },
										"up": { "texture": "#rusty-iron2", "uv": [ 0.0, 3.0, 6.5, 4.5 ] },
										"down": { "texture": "#rusty-iron2", "uv": [ 0.0, 4.0, 6.5, 5.5 ] }
									},
									"children": [
										{
											"name": "Spoke12b",
											"from": [ 0.0, 0.01, 0.0 ],
											"to": [ 6.8, 0.61, 1.84 ],
											"rotationOrigin": [ 3.4, -0.05, 0.92 ],
											"rotationY": 30.0,
											"faces": {
												"north": { "texture": "#rusty-iron2", "uv": [ 5.5, 7.5, 12.0, 8.0 ] },
												"east": { "texture": "#rusty-iron2", "uv": [ 7.5, 0.0, 9.0, 0.5 ] },
												"south": { "texture": "#rusty-iron2", "uv": [ 9.0, 11.0, 15.5, 11.5 ] },
												"west": { "texture": "#rusty-iron2", "uv": [ 9.5, 0.0, 11.0, 0.5 ] },
												"up": { "texture": "#rusty-iron2", "uv": [ 0.0, 7.5, 6.5, 9.0 ] },
												"down": { "texture": "#rusty-iron2", "uv": [ 0.0, 7.0, 6.5, 8.5 ] }
											}
										},
										{
											"name": "Spoke12c",
											"from": [ 0.0, 0.0, 0.0 ],
											"to": [ 6.8, 0.6, 1.84 ],
											"rotationOrigin": [ 3.4, -0.05, 0.92 ],
											"rotationY": 60.0,
											"faces": {
												"north": { "texture": "#rusty-iron2", "uv": [ 0.0, 12.0, 6.5, 12.5 ] },
												"east": { "texture": "#rusty-iron2", "uv": [ 4.0, 0.0, 5.5, 0.5 ] },
												"south": { "texture": "#rusty-iron2", "uv": [ 0.0, 3.0, 6.5, 3.5 ] },
												"west": { "texture": "#rusty-iron2", "uv": [ 11.0, 0.0, 12.5, 0.5 ] },
												"up": { "texture": "#rusty-iron2", "uv": [ 0.0, 6.5, 6.5, 8.0 ] },
												"down": { "texture": "#rusty-iron2", "uv": [ 0.0, 3.5, 6.5, 5.0 ] }
											}
										},
										{
											"name": "Spoke12d",
											"from": [ 0.0, 0.01, 0.0 ],
											"to": [ 6.8, 0.61, 1.84 ],
											"rotationOrigin": [ 3.4, -0.05, 0.92 ],
											"rotationY": 90.0,
											"faces": {
												"north": { "texture": "#rusty-iron2", "uv": [ 2.5, 3.5, 9.0, 4.0 ] },
												"east": { "texture": "#rusty-iron2", "uv": [ 3.0, 0.0, 4.5, 0.5 ] },
												"south": { "texture": "#rusty-iron2", "uv": [ 4.0, 9.5, 10.5, 10.0 ] },
												"west": { "texture": "#rusty-iron2", "uv": [ 3.0, 0.0, 4.5, 0.5 ] },
												"up": { "texture": "#rusty-iron2", "uv": [ 0.0, 11.5, 6.5, 13.0 ] },
												"down": { "texture": "#rusty-iron2", "uv": [ 0.0, 7.0, 6.5, 8.5 ] }
											}
										},
										{
											"name": "Spoke12e",
											"from": [ 0.0, 0.0, 0.0 ],
											"to": [ 6.8, 0.6, 1.84 ],
											"rotationOrigin": [ 3.4, -0.05, 0.92 ],
											"rotationY": 120.0,
											"faces": {
												"north": { "texture": "#rusty-iron2", "uv": [ 5.0, 1.0, 11.5, 1.5 ] },
												"east": { "texture": "#rusty-iron2", "uv": [ 13.5, 0.0, 15.0, 0.5 ] },
												"south": { "texture": "#rusty-iron2", "uv": [ 3.0, 10.0, 9.5, 10.5 ] },
												"west": { "texture": "#rusty-iron2", "uv": [ 12.5, 0.0, 14.0, 0.5 ] },
												"up": { "texture": "#rusty-iron2", "uv": [ 0.0, 7.0, 6.5, 8.5 ] },
												"down": { "texture": "#rusty-iron2", "uv": [ 0.0, 3.5, 6.5, 5.0 ] }
											}
										},
										{
											"name": "Spoke12f",
											"from": [ 0.0, 0.01, 0.0 ],
											"to": [ 6.8, 0.61, 1.84 ],
											"rotationOrigin": [ 3.4, -0.05, 0.92 ],
											"rotationY": 150.0,
											"faces": {
												"north": { "texture": "#rusty-iron2", "uv": [ 7.0, 11.5, 13.5, 12.0 ] },
												"east": { "texture": "#rusty-iron2", "uv": [ 11.5, 0.0, 13.0, 0.5 ] },
												"south": { "texture": "#rusty-iron2", "uv": [ 3.5, 4.0, 10.0, 4.5 ] },
												"west": { "texture": "#rusty-iron2", "uv": [ 12.0, 0.0, 13.5, 0.5 ] },
												"up": { "texture": "#rusty-iron2", "uv": [ 0.0, 4.0, 6.5, 5.5 ] },
												"down": { "texture": "#rusty-iron2", "uv": [ 0.0, 3.0, 6.5, 4.5 ] }
											}
										}
									]
								},
								{
									"name": "Platter12",
									"from": [ -1.0, 0.09, -1.0 ],
									"to": [ 3.0, 0.72, 3.0 ],
									"rotationOrigin": [ -1.0, 0.3, -1.0 ],
									"faces": {
										"north": { "texture": "#rusty-iron2", "uv": [ 8.0, 6.0, 12.0, 6.5 ] },
										"east": { "texture": "#rusty-iron2", "uv": [ 7.0, 14.0, 11.0, 14.5 ] },
										"south": { "texture": "#rusty-iron2", "uv": [ 3.0, 0.0, 7.0, 0.5 ] },
										"west": { "texture": "#rusty-iron2", "uv": [ 5.0, 0.5, 9.0, 1.0 ] },
										"up": { "texture": "#rusty-iron2", "uv": [ 7.5, 8.0, 11.5, 12.0 ] },
										"down": { "texture": "#rusty-iron2", "uv": [ 0.0, 0.0, 4.0, 4.0 ] }
									}
								},
								{
									"name": "Tooth01",
									"from": [ 3.9, 0.32, 0.5 ],
									"to": [ 5.4, 0.82, 1.5 ],
									"rotationOrigin": [ 1.0, 0.25, 1.0 ],
									"faces": {
										"north": { "texture": "#rusty-iron2", "uv": [ 2.5, 10.5, 4.0, 11.0 ] },
										"east": { "texture": "#rusty-iron2", "uv": [ 12.0, 8.5, 13.0, 9.0 ] },
										"south": { "texture": "#rusty-iron2", "uv": [ 10.5, 12.0, 12.0, 12.5 ] },
										"up": { "texture": "#rusty-iron2", "uv": [ 12.5, 2.0, 14.0, 3.0 ] },
										"down": { "texture": "#rusty-iron2", "uv": [ 0.5, 6.0, 2.0, 7.0 ], "windMode": [-1,-1,-1,-1] }
									},
									"children": [
										{
											"name": "Tooth02",
											"from": [ 0.0, 0.0, 0.0 ],
											"to": [ 1.5, 0.5, 1.0 ],
											"rotationOrigin": [ -2.9, -0.05, 0.5 ],
											"rotationY": 30.0,
											"faces": {
												"north": { "texture": "#rusty-iron2", "uv": [ 5.5, 2.5, 7.0, 3.0 ] },
												"east": { "texture": "#rusty-iron2", "uv": [ 4.0, 3.5, 5.0, 4.0 ] },
												"south": { "texture": "#rusty-iron2", "uv": [ 11.5, 13.5, 13.0, 14.0 ] },
												"up": { "texture": "#rusty-iron2", "uv": [ 8.0, 8.5, 9.5, 9.5 ] },
												"down": { "texture": "#rusty-iron2", "uv": [ 10.0, 7.5, 11.5, 8.5 ] }
											}
										},
										{
											"name": "Tooth03",
											"from": [ 0.0, 0.0, 0.0 ],
											"to": [ 1.5, 0.5, 1.0 ],
											"rotationOrigin": [ -2.9, -0.05, 0.5 ],
											"rotationY": 60.0,
											"faces": {
												"north": { "texture": "#rusty-iron2", "uv": [ 1.0, 11.0, 2.5, 11.5 ] },
												"east": { "texture": "#rusty-iron2", "uv": [ 1.5, 11.5, 2.5, 12.0 ] },
												"south": { "texture": "#rusty-iron2", "uv": [ 14.0, 6.0, 15.5, 6.5 ] },
												"up": { "texture": "#rusty-iron2", "uv": [ 9.0, 13.0, 10.5, 14.0 ] },
												"down": { "texture": "#rusty-iron2", "uv": [ 2.5, 3.0, 4.0, 4.0 ] }
											}
										},
										{
											"name": "Tooth04",
											"from": [ 0.0, 0.0, 0.0 ],
											"to": [ 1.5, 0.5, 1.0 ],
											"rotationOrigin": [ -2.9, -0.05, 0.5 ],
											"rotationY": 90.0,
											"faces": {
												"north": { "texture": "#rusty-iron2", "uv": [ 9.0, 11.5, 10.5, 12.0 ] },
												"east": { "texture": "#rusty-iron2", "uv": [ 0.0, 4.0, 1.0, 4.5 ] },
												"south": { "texture": "#rusty-iron2", "uv": [ 8.5, 10.5, 10.0, 11.0 ] },
												"up": { "texture": "#rusty-iron2", "uv": [ 12.5, 2.5, 14.0, 3.5 ] },
												"down": { "texture": "#rusty-iron2", "uv": [ 12.5, 5.0, 14.0, 6.0 ] }
											}
										},
										{
											"name": "Tooth05",
											"from": [ 0.0, 0.0, 0.0 ],
											"to": [ 1.5, 0.5, 1.0 ],
											"rotationOrigin": [ -2.9, -0.05, 0.5 ],
											"rotationY": 120.0,
											"faces": {
												"north": { "texture": "#rusty-iron2", "uv": [ 7.0, 12.5, 8.5, 13.0 ] },
												"east": { "texture": "#rusty-iron2", "uv": [ 14.0, 11.0, 15.0, 11.5 ] },
												"south": { "texture": "#rusty-iron2", "uv": [ 0.5, 10.5, 2.0, 11.0 ] },
												"up": { "texture": "#rusty-iron2", "uv": [ 1.0, 4.5, 2.5, 5.5 ] },
												"down": { "texture": "#rusty-iron2", "uv": [ 4.5, 12.5, 6.0, 13.5 ] }
											}
										},
										{
											"name": "Tooth06",
											"from": [ 0.0, 0.0, 0.0 ],
											"to": [ 1.5, 0.5, 1.0 ],
											"rotationOrigin": [ -2.9, -0.05, 0.5 ],
											"rotationY": 150.0,
											"faces": {
												"north": { "texture": "#rusty-iron2", "uv": [ 2.5, 4.0, 4.0, 4.5 ] },
												"east": { "texture": "#rusty-iron2", "uv": [ 12.0, 3.5, 13.0, 4.0 ] },
												"south": { "texture": "#rusty-iron2", "uv": [ 9.0, 8.0, 10.5, 8.5 ] },
												"up": { "texture": "#rusty-iron2", "uv": [ 0.5, 6.5, 2.0, 7.5 ] },
												"down": { "texture": "#rusty-iron2", "uv": [ 6.0, 1.0, 7.5, 2.0 ] }
											}
										}
									]
								},
								{
									"name": "Tooth07",
									"from": [ 3.9, 0.32, 0.5 ],
									"to": [ 5.4, 0.82, 1.5 ],
									"rotationOrigin": [ 1.0, 1.65, 1.0 ],
									"rotationY": 180.0,
									"faces": {
										"north": { "texture": "#rusty-iron2", "uv": [ 13.5, 13.0, 15.0, 13.5 ] },
										"east": { "texture": "#rusty-iron2", "uv": [ 8.0, 10.5, 9.0, 11.0 ] },
										"south": { "texture": "#rusty-iron2", "uv": [ 4.5, 12.5, 6.0, 13.0 ] },
										"up": { "texture": "#rusty-iron2", "uv": [ 2.5, 9.0, 4.0, 10.0 ] },
										"down": { "texture": "#rusty-iron2", "uv": [ 10.0, 7.0, 11.5, 8.0 ] }
									},
									"children": [
										{
											"name": "Tooth08",
											"from": [ 0.0, 0.0, 0.0 ],
											"to": [ 1.5, 0.5, 1.0 ],
											"rotationOrigin": [ -2.9, -0.05, 0.5 ],
											"rotationY": 30.0,
											"faces": {
												"north": { "texture": "#rusty-iron2", "uv": [ 12.0, 5.5, 13.5, 6.0 ] },
												"east": { "texture": "#rusty-iron2", "uv": [ 12.5, 6.0, 13.5, 6.5 ] },
												"south": { "texture": "#rusty-iron2", "uv": [ 0.0, 7.5, 1.5, 8.0 ] },
												"up": { "texture": "#rusty-iron2", "uv": [ 4.0, 6.5, 5.5, 7.5 ] },
												"down": { "texture": "#rusty-iron2", "uv": [ 1.0, 11.0, 2.5, 12.0 ] }
											}
										},
										{
											"name": "Tooth09",
											"from": [ 0.0, 0.0, 0.0 ],
											"to": [ 1.5, 0.5, 1.0 ],
											"rotationOrigin": [ -2.9, -0.05, 0.5 ],
											"rotationY": 60.0,
											"faces": {
												"north": { "texture": "#rusty-iron2", "uv": [ 1.0, 2.5, 2.5, 3.0 ] },
												"east": { "texture": "#rusty-iron2", "uv": [ 8.5, 9.5, 9.5, 10.0 ] },
												"south": { "texture": "#rusty-iron2", "uv": [ 14.0, 14.0, 15.5, 14.5 ] },
												"up": { "texture": "#rusty-iron2", "uv": [ 4.0, 14.5, 5.5, 15.5 ] },
												"down": { "texture": "#rusty-iron2", "uv": [ 0.5, 0.5, 2.0, 1.5 ] }
											}
										},
										{
											"name": "Tooth10",
											"from": [ 0.0, 0.0, 0.0 ],
											"to": [ 1.5, 0.5, 1.0 ],
											"rotationOrigin": [ -2.9, -0.05, 0.5 ],
											"rotationY": 90.0,
											"faces": {
												"north": { "texture": "#rusty-iron2", "uv": [ 3.5, 13.5, 5.0, 14.0 ] },
												"east": { "texture": "#rusty-iron2", "uv": [ 14.0, 10.5, 15.0, 11.0 ] },
												"south": { "texture": "#rusty-iron2", "uv": [ 10.5, 10.0, 12.0, 10.5 ] },
												"up": { "texture": "#rusty-iron2", "uv": [ 11.0, 3.5, 12.5, 4.5 ] },
												"down": { "texture": "#rusty-iron2", "uv": [ 0.0, 9.0, 1.5, 10.0 ] }
											}
										},
										{
											"name": "Tooth11",
											"from": [ 0.0, 0.0, 0.0 ],
											"to": [ 1.5, 0.5, 1.0 ],
											"rotationOrigin": [ -2.9, -0.05, 0.5 ],
											"rotationY": 120.0,
											"faces": {
												"north": { "texture": "#rusty-iron2", "uv": [ 1.5, 7.5, 3.0, 8.0 ] },
												"east": { "texture": "#rusty-iron2", "uv": [ 5.0, 12.5, 6.0, 13.0 ] },
												"south": { "texture": "#rusty-iron2", "uv": [ 6.5, 8.5, 8.0, 9.0 ] },
												"up": { "texture": "#rusty-iron2", "uv": [ 9.5, 9.5, 11.0, 10.5 ] },
												"down": { "texture": "#rusty-iron2", "uv": [ 9.0, 3.0, 10.5, 4.0 ] }
											}
										},
										{
											"name": "Tooth12",
											"from": [ 0.0, 0.0, 0.0 ],
											"to": [ 1.5, 0.5, 1.0 ],
											"rotationOrigin": [ -2.9, -0.05, 0.5 ],
											"rotationY": 150.0,
											"faces": {
												"north": { "texture": "#rusty-iron2", "uv": [ 8.5, 1.0, 10.0, 1.5 ] },
												"east": { "texture": "#rusty-iron2", "uv": [ 14.5, 13.5, 15.5, 14.0 ] },
												"south": { "texture": "#rusty-iron2", "uv": [ 4.5, 11.5, 6.0, 12.0 ] },
												"up": { "texture": "#rusty-iron2", "uv": [ 6.0, 3.5, 7.5, 4.5 ] },
												"down": { "texture": "#rusty-iron2", "uv": [ 10.5, 5.0, 12.0, 6.0 ] }
											}
										}
									]
								}
							]
						}
					]
				}
			]
		}
	],
	"animations": [
		{
			"name": "active",
			"code": "active",
			"quantityframes": 30,
			"onActivityStopped": "EaseOut",
			"onAnimationEnd": "Repeat",
			"keyframes": [
				{
					"frame": 0,
					"elements": {
						"ShaftUD12": { "rotationX": 0.0, "rotationY": 0.0, "rotationZ": 0.0 }
					}
				},
				{
					"frame": 29,
					"elements": {
						"ShaftUD12": { "rotationX": 0.0, "rotationY": -348.0, "rotationZ": 0.0 }
					}
				}
			]
		}
	]
}