{
	"editor": {
		"backDropShape": "entity/humanoid/seraph-hairless",
		"allAngles": true,
		"entityTextureMode": false
	},
	"textureWidth": 16,
	"textureHeight": 16,
	"textureSizes": {
		"rust": [16,16]
	},
	"textures": {
		"rust": "block/metal/tarnished/rust"
	},
	"elements": [
		{
			"name": "hair-uncovered",
			"stepParentName": "Head",
			"from": [ 3.0, 4.0, 2.5 ],
			"to": [ 3.0, 4.0, 2.5 ],
			"rotationOrigin": [ 3.0, 4.0, 2.5 ],
			"faces": {
			},
			"children": [
				{
					"name": "cog1",
					"from": [ 1.7, 1.2, -2.0 ],
					"to": [ 1.7, 1.2, -2.0 ],
					"rotationOrigin": [ 1.7, 1.2, -2.0 ],
					"rotationX": -25.0,
					"rotationY": 3.0,
					"rotationZ": 25.0,
					"faces": {
					},
					"children": [
						{
							"name": "cogD1",
							"from": [ -1.5, -1.0, -0.2 ],
							"to": [ 1.5, -0.5, 0.2 ],
							"rotationOrigin": [ 0.0, -0.5, 0.0 ],
							"rotationX": -11.0,
							"faces": {
								"north": { "texture": "#rust", "uv": [ 4.5, 6.0, 7.5, 6.5 ] },
								"east": { "texture": "#rust", "uv": [ 3.5, 13.0, 4.0, 13.5 ] },
								"south": { "texture": "#rust", "uv": [ 10.0, 0.0, 13.0, 0.5 ] },
								"up": { "texture": "#rust", "uv": [ 9.0, 11.5, 12.0, 12.0 ] },
								"down": { "texture": "#rust", "uv": [ 11.0, 4.0, 14.0, 4.5 ] }
							}
						},
						{
							"name": "cogU1",
							"from": [ -1.5, 0.5, -0.2 ],
							"to": [ 1.5, 1.0, 0.2 ],
							"rotationOrigin": [ 0.0, 0.5, 0.0 ],
							"rotationY": -6.0,
							"faces": {
								"north": { "texture": "#rust", "uv": [ 10.5, 14.5, 13.5, 15.0 ] },
								"east": { "texture": "#rust", "uv": [ 10.0, 10.5, 10.5, 11.0 ] },
								"south": { "texture": "#rust", "uv": [ 8.0, 10.0, 11.0, 10.5 ] },
								"west": { "texture": "#rust", "uv": [ 8.0, 14.0, 8.5, 14.5 ] },
								"up": { "texture": "#rust", "uv": [ 0.0, 4.0, 3.0, 4.5 ] },
								"down": { "texture": "#rust", "uv": [ 11.0, 12.0, 14.0, 12.5 ] }
							}
						},
						{
							"name": "cogW1",
							"from": [ -1.0, -1.5, -0.3 ],
							"to": [ -0.5, 1.5, 0.3 ],
							"rotationOrigin": [ -0.5, 0.0, 0.0 ],
							"rotationX": 3.0,
							"faces": {
								"north": { "texture": "#rust", "uv": [ 14.5, 0.0, 15.0, 3.0 ] },
								"east": { "texture": "#rust", "uv": [ 13.0, 0.5, 13.5, 3.5 ] },
								"south": { "texture": "#rust", "uv": [ 9.5, 4.5, 10.0, 7.5 ] },
								"west": { "texture": "#rust", "uv": [ 6.0, 10.0, 6.5, 13.0 ] },
								"up": { "texture": "#rust", "uv": [ 8.5, 6.0, 9.0, 6.5 ] }
							}
						},
						{
							"name": "cogE1",
							"from": [ 0.5, -1.5, -0.3 ],
							"to": [ 1.0, 1.5, 0.3 ],
							"rotationOrigin": [ 0.5, 0.0, 0.0 ],
							"rotationZ": -11.0,
							"faces": {
								"north": { "texture": "#rust", "uv": [ 1.0, 3.0, 1.5, 6.0 ] },
								"east": { "texture": "#rust", "uv": [ 3.5, 4.0, 4.0, 7.0 ] },
								"south": { "texture": "#rust", "uv": [ 5.5, 4.5, 6.0, 7.5 ] },
								"west": { "texture": "#rust", "uv": [ 7.0, 3.0, 7.5, 6.0 ] },
								"up": { "texture": "#rust", "uv": [ 6.0, 13.5, 6.5, 14.0 ] },
								"down": { "texture": "#rust", "uv": [ 9.5, 9.0, 10.0, 9.5 ] }
							}
						}
					]
				},
				{
					"name": "cog2",
					"from": [ -2.8, 1.2, 1.0 ],
					"to": [ -2.8, 1.2, 1.0 ],
					"rotationOrigin": [ -2.8, 1.2, 1.0 ],
					"rotationX": 25.0,
					"rotationY": 3.0,
					"rotationZ": 19.0,
					"faces": {
					},
					"children": [
						{
							"name": "cogD2",
							"from": [ -1.5, -1.0, -0.2 ],
							"to": [ 1.5, -0.5, 0.2 ],
							"rotationOrigin": [ 0.0, -0.5, 0.0 ],
							"rotationZ": -6.0,
							"faces": {
								"north": { "texture": "#rust", "uv": [ 5.0, 3.0, 8.0, 3.5 ] },
								"east": { "texture": "#rust", "uv": [ 5.5, 6.5, 6.0, 7.0 ] },
								"south": { "texture": "#rust", "uv": [ 3.5, 8.5, 6.5, 9.0 ] },
								"west": { "texture": "#rust", "uv": [ 2.5, 11.5, 3.0, 12.0 ] },
								"up": { "texture": "#rust", "uv": [ 7.5, 12.0, 10.5, 12.5 ] },
								"down": { "texture": "#rust", "uv": [ 5.5, 4.5, 8.5, 5.0 ] }
							}
						},
						{
							"name": "cogU2",
							"from": [ -1.5, 0.5, -0.2 ],
							"to": [ 1.5, 1.0, 0.2 ],
							"rotationOrigin": [ 0.0, 0.5, 0.0 ],
							"rotationX": -28.0,
							"faces": {
								"north": { "texture": "#rust", "uv": [ 12.0, 2.0, 15.0, 2.5 ] },
								"east": { "texture": "#rust", "uv": [ 14.5, 5.5, 15.0, 6.0 ] },
								"south": { "texture": "#rust", "uv": [ 0.0, 5.0, 3.0, 5.5 ] },
								"west": { "texture": "#rust", "uv": [ 5.5, 9.5, 6.0, 10.0 ] },
								"up": { "texture": "#rust", "uv": [ 8.0, 5.0, 11.0, 5.5 ] },
								"down": { "texture": "#rust", "uv": [ 6.5, 13.5, 9.5, 14.0 ] }
							}
						},
						{
							"name": "cogW2",
							"from": [ -1.0, -1.5, -0.3 ],
							"to": [ -0.5, 1.5, 0.3 ],
							"rotationOrigin": [ -0.5, 0.0, 0.0 ],
							"rotationZ": 8.0,
							"faces": {
								"north": { "texture": "#rust", "uv": [ 8.5, 4.0, 9.0, 7.0 ] },
								"east": { "texture": "#rust", "uv": [ 14.5, 2.5, 15.0, 5.5 ] },
								"south": { "texture": "#rust", "uv": [ 11.0, 1.5, 11.5, 4.5 ] },
								"west": { "texture": "#rust", "uv": [ 3.0, 6.0, 3.5, 9.0 ] },
								"up": { "texture": "#rust", "uv": [ 3.0, 11.5, 3.5, 12.0 ] },
								"down": { "texture": "#rust", "uv": [ 14.5, 13.0, 15.0, 13.5 ] }
							}
						},
						{
							"name": "cogE2",
							"from": [ 0.5, -1.5, -0.3 ],
							"to": [ 1.0, 1.5, 0.3 ],
							"rotationOrigin": [ 0.5, 0.0, 0.0 ],
							"rotationX": 17.0,
							"faces": {
								"north": { "texture": "#rust", "uv": [ 11.5, 6.5, 12.0, 9.5 ] },
								"east": { "texture": "#rust", "uv": [ 12.0, 6.5, 12.5, 9.5 ] },
								"south": { "texture": "#rust", "uv": [ 11.0, 7.5, 11.5, 10.5 ] },
								"west": { "texture": "#rust", "uv": [ 5.5, 2.5, 6.0, 5.5 ] },
								"up": { "texture": "#rust", "uv": [ 15.0, 4.5, 15.5, 5.0 ] }
							}
						}
					]
				},
				{
					"name": "cog3",
					"from": [ 0.1, -2.0, 2.8 ],
					"to": [ 0.1, -2.0, 2.8 ],
					"rotationOrigin": [ 0.1, -2.0, 2.8 ],
					"rotationX": 17.0,
					"rotationY": 36.0,
					"rotationZ": 30.0,
					"faces": {
					},
					"children": [
						{
							"name": "cogD3",
							"from": [ -0.3, -1.0, -1.5 ],
							"to": [ 0.3, -0.5, 1.5 ],
							"rotationOrigin": [ 0.0, -0.5, 0.0 ],
							"rotationX": -19.0,
							"rotationZ": 11.0,
							"faces": {
								"east": { "texture": "#rust", "uv": [ 4.5, 5.0, 7.5, 5.5 ] },
								"south": { "texture": "#rust", "uv": [ 11.5, 7.0, 12.0, 7.5 ] },
								"west": { "texture": "#rust", "uv": [ 4.0, 5.0, 7.0, 5.5 ] },
								"up": { "texture": "#rust", "uv": [ 3.0, 7.0, 3.5, 10.0 ] },
								"down": { "texture": "#rust", "uv": [ 5.0, 0.5, 5.5, 3.5 ] }
							}
						},
						{
							"name": "cogU3",
							"from": [ -0.3, 0.5, -1.5 ],
							"to": [ 0.3, 1.0, 1.5 ],
							"rotationOrigin": [ 0.0, 0.5, 0.0 ],
							"rotationY": 11.0,
							"faces": {
								"east": { "texture": "#rust", "uv": [ 5.0, 8.0, 8.0, 8.5 ] },
								"south": { "texture": "#rust", "uv": [ 6.5, 6.0, 7.0, 6.5 ] },
								"west": { "texture": "#rust", "uv": [ 2.5, 13.0, 5.5, 13.5 ] },
								"up": { "texture": "#rust", "uv": [ 13.5, 7.0, 14.0, 10.0 ] },
								"down": { "texture": "#rust", "uv": [ 2.5, 9.0, 3.0, 12.0 ] }
							}
						},
						{
							"name": "cogN3",
							"from": [ -0.2, -1.5, -1.0 ],
							"to": [ 0.2, 1.5, -0.5 ],
							"rotationOrigin": [ 0.0, 0.0, -0.5 ],
							"rotationX": 14.0,
							"faces": {
								"north": { "texture": "#rust", "uv": [ 14.0, 9.0, 14.5, 12.0 ] },
								"east": { "texture": "#rust", "uv": [ 2.5, 12.0, 3.0, 15.0 ] },
								"south": { "texture": "#rust", "uv": [ 11.5, 11.0, 12.0, 14.0 ] },
								"west": { "texture": "#rust", "uv": [ 14.0, 12.5, 14.5, 15.5 ] },
								"up": { "texture": "#rust", "uv": [ 8.0, 8.5, 8.5, 9.0 ] }
							}
						},
						{
							"name": "cogS3",
							"from": [ -0.2, -1.5, 0.5 ],
							"to": [ 0.2, 1.5, 1.0 ],
							"rotationOrigin": [ 0.0, 0.0, 0.5 ],
							"rotationZ": -17.0,
							"faces": {
								"north": { "texture": "#rust", "uv": [ 8.5, 6.0, 9.0, 9.0 ] },
								"east": { "texture": "#rust", "uv": [ 2.0, 3.0, 2.5, 6.0 ] },
								"south": { "texture": "#rust", "uv": [ 0.5, 0.5, 1.0, 3.5 ] },
								"west": { "texture": "#rust", "uv": [ 11.0, 10.0, 11.5, 13.0 ] },
								"up": { "texture": "#rust", "uv": [ 6.0, 14.0, 6.5, 14.5 ] },
								"down": { "texture": "#rust", "uv": [ 9.5, 2.5, 10.0, 3.0 ] }
							}
						}
					]
				},
				{
					"name": "cog4",
					"from": [ 2.6, -0.9, 0.0 ],
					"to": [ 2.6, -0.9, 0.0 ],
					"rotationOrigin": [ 2.6, -0.9, 0.0 ],
					"rotationX": 6.0,
					"rotationY": -33.0,
					"rotationZ": -22.0,
					"faces": {
					},
					"children": [
						{
							"name": "cogD4",
							"from": [ -1.5, -1.0, -0.2 ],
							"to": [ 1.5, -0.5, 0.2 ],
							"rotationOrigin": [ 0.0, -0.5, 0.0 ],
							"faces": {
								"north": { "texture": "#rust", "uv": [ 12.0, 14.5, 15.0, 15.0 ] },
								"east": { "texture": "#rust", "uv": [ 6.5, 2.5, 7.0, 3.0 ] },
								"south": { "texture": "#rust", "uv": [ 11.0, 3.5, 14.0, 4.0 ] },
								"up": { "texture": "#rust", "uv": [ 9.5, 11.5, 12.5, 12.0 ] },
								"down": { "texture": "#rust", "uv": [ 1.0, 0.0, 4.0, 0.5 ] }
							}
						},
						{
							"name": "cogU4",
							"from": [ -1.5, 0.5, -0.2 ],
							"to": [ 1.5, 1.0, 0.2 ],
							"rotationOrigin": [ 0.0, 0.5, 0.0 ],
							"rotationZ": 6.0,
							"faces": {
								"north": { "texture": "#rust", "uv": [ 4.5, 6.5, 7.5, 7.0 ] },
								"east": { "texture": "#rust", "uv": [ 9.0, 7.5, 9.5, 8.0 ] },
								"south": { "texture": "#rust", "uv": [ 9.0, 5.0, 12.0, 5.5 ] },
								"up": { "texture": "#rust", "uv": [ 3.0, 3.5, 6.0, 4.0 ] },
								"down": { "texture": "#rust", "uv": [ 9.5, 10.0, 12.5, 10.5 ] }
							}
						},
						{
							"name": "cogW3",
							"from": [ -1.0, -1.1, -0.3 ],
							"to": [ -0.5, 1.9, 0.3 ],
							"rotationOrigin": [ -0.5, 0.4, 0.0 ],
							"faces": {
								"north": { "texture": "#rust", "uv": [ 3.0, 9.5, 3.5, 12.5 ] },
								"east": { "texture": "#rust", "uv": [ 13.0, 0.0, 13.5, 3.0 ] },
								"south": { "texture": "#rust", "uv": [ 1.5, 0.0, 2.0, 3.0 ] },
								"up": { "texture": "#rust", "uv": [ 9.5, 9.0, 10.0, 9.5 ] }
							}
						},
						{
							"name": "cogE3",
							"from": [ 0.5, -1.5, -0.3 ],
							"to": [ 1.0, 1.5, 0.3 ],
							"rotationOrigin": [ 0.5, 0.0, 0.0 ],
							"rotationX": -14.0,
							"rotationY": 19.0,
							"faces": {
								"north": { "texture": "#rust", "uv": [ 15.0, 12.5, 15.5, 15.5 ] },
								"east": { "texture": "#rust", "uv": [ 13.0, 2.5, 13.5, 5.5 ] },
								"south": { "texture": "#rust", "uv": [ 5.5, 5.5, 6.0, 8.5 ] },
								"west": { "texture": "#rust", "uv": [ 12.5, 11.5, 13.0, 14.5 ] },
								"up": { "texture": "#rust", "uv": [ 3.0, 9.5, 3.5, 10.0 ] },
								"down": { "texture": "#rust", "uv": [ 3.5, 3.5, 4.0, 4.0 ] }
							}
						}
					]
				},
				{
					"name": "cog5",
					"from": [ -0.9, -1.0, -2.9 ],
					"to": [ -0.9, -1.0, -2.9 ],
					"rotationOrigin": [ -0.9, -1.0, -2.9 ],
					"rotationX": -17.0,
					"rotationY": 14.0,
					"rotationZ": 11.0,
					"faces": {
					},
					"children": [
						{
							"name": "cogD5",
							"from": [ -0.3, -1.0, -1.5 ],
							"to": [ 0.3, -0.5, 1.5 ],
							"rotationOrigin": [ 0.0, -0.5, 0.0 ],
							"rotationX": 14.0,
							"rotationZ": 14.0,
							"faces": {
								"north": { "texture": "#rust", "uv": [ 9.5, 3.0, 10.0, 3.5 ] },
								"east": { "texture": "#rust", "uv": [ 2.0, 2.0, 5.0, 2.5 ] },
								"west": { "texture": "#rust", "uv": [ 2.5, 5.0, 5.5, 5.5 ] },
								"up": { "texture": "#rust", "uv": [ 3.5, 7.0, 4.0, 10.0 ] },
								"down": { "texture": "#rust", "uv": [ 14.0, 7.5, 14.5, 10.5 ] }
							}
						},
						{
							"name": "cogU5",
							"from": [ -0.3, 0.5, -1.5 ],
							"to": [ 0.3, 1.0, 1.5 ],
							"rotationOrigin": [ 0.0, 0.5, 0.0 ],
							"rotationY": -17.0,
							"faces": {
								"north": { "texture": "#rust", "uv": [ 3.5, 8.0, 4.0, 8.5 ] },
								"east": { "texture": "#rust", "uv": [ 2.5, 5.5, 5.5, 6.0 ] },
								"west": { "texture": "#rust", "uv": [ 1.0, 5.0, 4.0, 5.5 ] },
								"up": { "texture": "#rust", "uv": [ 2.0, 1.0, 2.5, 4.0 ] },
								"down": { "texture": "#rust", "uv": [ 14.0, 4.5, 14.5, 7.5 ] }
							}
						},
						{
							"name": "cogN4",
							"from": [ -0.2, -1.5, -1.0 ],
							"to": [ 0.2, 1.5, -0.5 ],
							"rotationOrigin": [ 0.0, 0.0, -0.5 ],
							"rotationX": 3.0,
							"rotationY": -8.0,
							"faces": {
								"north": { "texture": "#rust", "uv": [ 14.0, 10.5, 14.5, 13.5 ] },
								"east": { "texture": "#rust", "uv": [ 3.5, 11.5, 4.0, 14.5 ] },
								"south": { "texture": "#rust", "uv": [ 1.0, 8.0, 1.5, 11.0 ] },
								"west": { "texture": "#rust", "uv": [ 7.5, 11.0, 8.0, 14.0 ] },
								"up": { "texture": "#rust", "uv": [ 10.0, 10.0, 10.5, 10.5 ] },
								"down": { "texture": "#rust", "uv": [ 3.5, 1.5, 4.0, 2.0 ] }
							}
						},
						{
							"name": "cogS4",
							"from": [ -0.2, -1.5, 0.5 ],
							"to": [ 0.2, 1.5, 1.0 ],
							"rotationOrigin": [ 0.0, 0.0, 0.5 ],
							"faces": {
								"north": { "texture": "#rust", "uv": [ 6.0, 11.0, 6.5, 14.0 ] },
								"east": { "texture": "#rust", "uv": [ 2.5, 2.0, 3.0, 5.0 ] },
								"west": { "texture": "#rust", "uv": [ 8.0, 3.5, 8.5, 6.5 ] },
								"up": { "texture": "#rust", "uv": [ 5.5, 12.0, 6.0, 12.5 ] }
							}
						}
					]
				}
			]
		}
	],
	"animations": [
	]
}