{
	"editor": {
		"backDropShape": "entity/humanoid/seraph-hairless",
		"allAngles": true,
		"entityTextureMode": false
	},
	"textureWidth": 16,
	"textureHeight": 16,
	"textureSizes": {
	},
	"textures": {
		"steel": "block/metal/tarnished/steel"
	},
	"elements": [
		{
			"name": "hair-uncovered",
			"stepParentName": "Head",
			"from": [ 1.0, 3.5, 2.5 ],
			"to": [ 1.0, 3.5, 2.5 ],
			"rotationOrigin": [ 1.0, 3.5, 2.5 ],
			"faces": {
			},
			"children": [
				{
					"name": "spike1",
					"from": [ 0.8, 1.0, -0.2 ],
					"to": [ 1.2, 4.0, 0.2 ],
					"rotationOrigin": [ 1.0, 1.5, 0.0 ],
					"rotationX": -19.0,
					"rotationY": 78.0,
					"rotationZ": 30.0,
					"faces": {
						"north": { "texture": "#steel", "uv": [ 10.0, 5.5, 10.5, 8.5 ] },
						"east": { "texture": "#steel", "uv": [ 5.5, 5.5, 6.0, 8.5 ] },
						"south": { "texture": "#steel", "uv": [ 8.5, 7.0, 9.0, 10.0 ] },
						"west": { "texture": "#steel", "uv": [ 3.5, 8.0, 4.0, 11.0 ] },
						"up": { "texture": "#steel", "uv": [ 5.5, 1.0, 6.0, 1.5 ] }
					},
					"children": [
						{
							"name": "spike2",
							"from": [ 0.0, 3.0, 0.0 ],
							"to": [ 0.4, 4.7, 0.4 ],
							"rotationOrigin": [ 0.0, 3.0, 0.2 ],
							"rotationX": 3.0,
							"rotationZ": -30.0,
							"faces": {
								"north": { "texture": "#steel", "uv": [ 3.0, 2.0, 3.5, 3.5 ] },
								"east": { "texture": "#steel", "uv": [ 6.0, 8.0, 6.5, 9.5 ] },
								"south": { "texture": "#steel", "uv": [ 12.0, 2.5, 12.5, 4.0 ] },
								"west": { "texture": "#steel", "uv": [ 14.0, 7.5, 14.5, 9.0 ] },
								"up": { "texture": "#steel", "uv": [ 12.0, 8.5, 12.5, 9.0 ] },
								"down": { "texture": "#steel", "uv": [ 13.5, 4.5, 14.0, 5.0 ] }
							},
							"children": [
								{
									"name": "spike3",
									"from": [ 0.0, 1.7, 0.0 ],
									"to": [ 0.4, 3.7, 0.4 ],
									"rotationOrigin": [ 0.4, 1.7, 0.2 ],
									"rotationX": -25.0,
									"rotationZ": 33.0,
									"faces": {
										"north": { "texture": "#steel", "uv": [ 4.5, 9.0, 5.0, 11.0 ] },
										"east": { "texture": "#steel", "uv": [ 6.0, 11.0, 6.5, 13.0 ] },
										"south": { "texture": "#steel", "uv": [ 1.5, 5.5, 2.0, 7.5 ] },
										"west": { "texture": "#steel", "uv": [ 9.5, 13.0, 10.0, 15.0 ] },
										"up": { "texture": "#steel", "uv": [ 15.0, 7.5, 15.5, 8.0 ] },
										"down": { "texture": "#steel", "uv": [ 10.0, 9.0, 10.5, 9.5 ] }
									}
								}
							]
						}
					]
				},
				{
					"name": "spike4",
					"from": [ 1.8, 1.0, 1.8 ],
					"to": [ 2.2, 3.0, 2.2 ],
					"rotationOrigin": [ 2.0, 1.5, 2.0 ],
					"rotationX": 17.0,
					"rotationZ": -22.0,
					"faces": {
						"north": { "texture": "#steel", "uv": [ 4.5, 6.0, 5.0, 8.0 ] },
						"east": { "texture": "#steel", "uv": [ 8.5, 3.0, 9.0, 5.0 ] },
						"south": { "texture": "#steel", "uv": [ 0.5, 8.0, 1.0, 10.0 ] },
						"west": { "texture": "#steel", "uv": [ 13.5, 3.5, 14.0, 5.5 ] },
						"up": { "texture": "#steel", "uv": [ 7.0, 14.0, 7.5, 14.5 ] }
					},
					"children": [
						{
							"name": "spike5",
							"from": [ 0.0, 2.0, 0.0 ],
							"to": [ 0.4, 3.7, 0.4 ],
							"rotationOrigin": [ 0.0, 2.0, 0.2 ],
							"rotationX": 3.0,
							"rotationZ": -53.0,
							"faces": {
								"north": { "texture": "#steel", "uv": [ 4.0, 6.0, 4.5, 7.5 ] },
								"east": { "texture": "#steel", "uv": [ 10.5, 3.5, 11.0, 5.0 ] },
								"south": { "texture": "#steel", "uv": [ 6.5, 11.5, 7.0, 13.0 ] },
								"west": { "texture": "#steel", "uv": [ 14.0, 8.0, 14.5, 9.5 ] },
								"up": { "texture": "#steel", "uv": [ 12.0, 15.0, 12.5, 15.5 ] },
								"down": { "texture": "#steel", "uv": [ 5.5, 15.0, 6.0, 15.5 ] }
							},
							"children": [
								{
									"name": "spike6",
									"from": [ 0.0, 1.5, 0.0 ],
									"to": [ 0.4, 3.5, 0.4 ],
									"rotationOrigin": [ 0.2, 1.5, 0.2 ],
									"rotationX": 25.0,
									"rotationZ": -39.0,
									"faces": {
										"north": { "texture": "#steel", "uv": [ 0.0, 0.0, 0.5, 2.0 ] },
										"east": { "texture": "#steel", "uv": [ 14.5, 8.0, 15.0, 10.0 ] },
										"south": { "texture": "#steel", "uv": [ 5.0, 8.0, 5.5, 10.0 ] },
										"west": { "texture": "#steel", "uv": [ 3.0, 0.0, 3.5, 2.0 ] },
										"up": { "texture": "#steel", "uv": [ 10.0, 6.0, 10.5, 6.5 ] },
										"down": { "texture": "#steel", "uv": [ 9.5, 12.5, 10.0, 13.0 ] }
									}
								}
							]
						}
					]
				},
				{
					"name": "spike7",
					"from": [ -3.1, 0.0, -2.0 ],
					"to": [ -0.6, 0.4, -1.6 ],
					"rotationOrigin": [ -0.8, 0.2, -1.8 ],
					"rotationY": -28.0,
					"rotationZ": -25.0,
					"faces": {
						"north": { "texture": "#steel", "uv": [ 9.0, 5.0, 11.5, 5.5 ] },
						"south": { "texture": "#steel", "uv": [ 3.5, 0.5, 6.0, 1.0 ] },
						"west": { "texture": "#steel", "uv": [ 11.0, 13.5, 11.5, 14.0 ] },
						"up": { "texture": "#steel", "uv": [ 0.0, 4.5, 2.5, 5.0 ] },
						"down": { "texture": "#steel", "uv": [ 5.0, 5.5, 7.5, 6.0 ] }
					},
					"children": [
						{
							"name": "spike8",
							"from": [ 0.0, 0.1, 0.0 ],
							"to": [ 0.4, 2.1, 0.4 ],
							"rotationOrigin": [ 0.2, 0.1, 0.2 ],
							"rotationX": -22.0,
							"rotationZ": 47.0,
							"faces": {
								"north": { "texture": "#steel", "uv": [ 6.5, 6.5, 7.0, 8.5 ] },
								"east": { "texture": "#steel", "uv": [ 5.5, 12.0, 6.0, 14.0 ] },
								"south": { "texture": "#steel", "uv": [ 11.5, 9.5, 12.0, 11.5 ] },
								"west": { "texture": "#steel", "uv": [ 13.0, 13.0, 13.5, 15.0 ] },
								"up": { "texture": "#steel", "uv": [ 13.0, 4.0, 13.5, 4.5 ] },
								"down": { "texture": "#steel", "uv": [ 4.5, 2.5, 5.0, 3.0 ] }
							},
							"children": [
								{
									"name": "spike9",
									"from": [ 0.0, 1.8, 0.0 ],
									"to": [ 0.4, 3.6, 0.4 ],
									"rotationOrigin": [ 0.2, 1.8, 0.2 ],
									"rotationY": -44.0,
									"rotationZ": 33.0,
									"faces": {
										"north": { "texture": "#steel", "uv": [ 2.0, 13.0, 2.5, 14.5 ] },
										"east": { "texture": "#steel", "uv": [ 9.5, 6.0, 10.0, 7.5 ] },
										"south": { "texture": "#steel", "uv": [ 12.0, 7.5, 12.5, 9.0 ] },
										"west": { "texture": "#steel", "uv": [ 1.0, 3.5, 1.5, 5.0 ] },
										"up": { "texture": "#steel", "uv": [ 11.0, 6.0, 11.5, 6.5 ] },
										"down": { "texture": "#steel", "uv": [ 9.5, 12.0, 10.0, 12.5 ] }
									}
								}
							]
						}
					]
				},
				{
					"name": "spike10",
					"from": [ -2.6, 0.6, 0.4 ],
					"to": [ -0.7, 1.0, 0.8 ],
					"rotationOrigin": [ -0.8, 0.8, 0.6 ],
					"rotationY": 22.0,
					"rotationZ": -25.0,
					"faces": {
						"north": { "texture": "#steel", "uv": [ 0.0, 14.5, 1.5, 15.0 ] },
						"south": { "texture": "#steel", "uv": [ 6.5, 2.0, 8.0, 2.5 ] },
						"west": { "texture": "#steel", "uv": [ 2.5, 2.5, 3.0, 3.0 ] },
						"up": { "texture": "#steel", "uv": [ 3.0, 11.0, 4.5, 11.5 ] },
						"down": { "texture": "#steel", "uv": [ 6.5, 7.5, 8.0, 8.0 ] }
					},
					"children": [
						{
							"name": "spike11",
							"from": [ 0.0, 0.2, 0.1 ],
							"to": [ 0.4, 1.7, 0.5 ],
							"rotationOrigin": [ 0.2, 0.2, 0.3 ],
							"rotationX": -19.0,
							"rotationY": -28.0,
							"rotationZ": 105.0,
							"faces": {
								"north": { "texture": "#steel", "uv": [ 9.0, 9.5, 9.5, 11.0 ] },
								"east": { "texture": "#steel", "uv": [ 10.0, 7.5, 10.5, 9.0 ] },
								"south": { "texture": "#steel", "uv": [ 4.0, 11.0, 4.5, 12.5 ] },
								"west": { "texture": "#steel", "uv": [ 5.0, 7.5, 5.5, 9.0 ] },
								"up": { "texture": "#steel", "uv": [ 11.5, 6.5, 12.0, 7.0 ] },
								"down": { "texture": "#steel", "uv": [ 3.5, 5.5, 4.0, 6.0 ] }
							},
							"children": [
								{
									"name": "spike12",
									"from": [ 0.0, 1.3, 0.0 ],
									"to": [ 0.4, 3.1, 0.4 ],
									"rotationOrigin": [ 0.2, 1.3, 0.2 ],
									"rotationY": 30.0,
									"rotationZ": 33.0,
									"faces": {
										"north": { "texture": "#steel", "uv": [ 10.5, 3.5, 11.0, 5.0 ] },
										"east": { "texture": "#steel", "uv": [ 4.0, 3.5, 4.5, 5.0 ] },
										"south": { "texture": "#steel", "uv": [ 3.0, 13.5, 3.5, 15.0 ] },
										"west": { "texture": "#steel", "uv": [ 3.5, 7.5, 4.0, 9.0 ] },
										"up": { "texture": "#steel", "uv": [ 11.5, 5.0, 12.0, 5.5 ] },
										"down": { "texture": "#steel", "uv": [ 10.5, 5.0, 11.0, 5.5 ] }
									}
								}
							]
						}
					]
				},
				{
					"name": "spike13",
					"from": [ 2.8, 1.0, -1.2 ],
					"to": [ 3.2, 3.4, -0.8 ],
					"rotationOrigin": [ 3.0, 1.5, -1.0 ],
					"rotationX": -42.0,
					"rotationY": -19.0,
					"rotationZ": 6.0,
					"faces": {
						"north": { "texture": "#steel", "uv": [ 9.5, 2.0, 10.0, 4.0 ] },
						"east": { "texture": "#steel", "uv": [ 5.0, 0.0, 5.5, 2.0 ] },
						"south": { "texture": "#steel", "uv": [ 0.0, 8.5, 0.5, 10.5 ] },
						"west": { "texture": "#steel", "uv": [ 13.5, 13.5, 14.0, 15.5 ] },
						"up": { "texture": "#steel", "uv": [ 9.0, 11.5, 9.5, 12.0 ] }
					},
					"children": [
						{
							"name": "spike14",
							"from": [ 0.0, 2.2, 0.0 ],
							"to": [ 0.4, 3.9, 0.4 ],
							"rotationOrigin": [ 0.2, 2.2, 0.2 ],
							"rotationX": 36.0,
							"rotationZ": -39.0,
							"faces": {
								"north": { "texture": "#steel", "uv": [ 13.0, 5.0, 13.5, 6.5 ] },
								"east": { "texture": "#steel", "uv": [ 6.0, 4.5, 6.5, 6.0 ] },
								"south": { "texture": "#steel", "uv": [ 8.5, 5.5, 9.0, 7.0 ] },
								"west": { "texture": "#steel", "uv": [ 2.5, 2.5, 3.0, 4.0 ] },
								"up": { "texture": "#steel", "uv": [ 7.0, 2.5, 7.5, 3.0 ] },
								"down": { "texture": "#steel", "uv": [ 0.0, 9.5, 0.5, 10.0 ] }
							},
							"children": [
								{
									"name": "spike15",
									"from": [ 0.0, 1.7, 0.0 ],
									"to": [ 0.4, 3.7, 0.4 ],
									"rotationOrigin": [ 0.2, 1.7, 0.2 ],
									"rotationX": 47.0,
									"rotationZ": 28.0,
									"faces": {
										"north": { "texture": "#steel", "uv": [ 5.5, 4.5, 6.0, 6.5 ] },
										"east": { "texture": "#steel", "uv": [ 6.5, 9.5, 7.0, 11.5 ] },
										"south": { "texture": "#steel", "uv": [ 2.5, 6.0, 3.0, 8.0 ] },
										"west": { "texture": "#steel", "uv": [ 5.5, 12.0, 6.0, 14.0 ] },
										"up": { "texture": "#steel", "uv": [ 12.5, 13.0, 13.0, 13.5 ] },
										"down": { "texture": "#steel", "uv": [ 14.0, 6.5, 14.5, 7.0 ] }
									}
								}
							]
						}
					]
				},
				{
					"name": "spike16",
					"from": [ -0.2, 1.0, -1.2 ],
					"to": [ 0.2, 4.0, -0.8 ],
					"rotationOrigin": [ 0.0, 1.2, -1.0 ],
					"rotationX": -30.0,
					"rotationZ": 22.0,
					"faces": {
						"north": { "texture": "#steel", "uv": [ 0.0, 8.0, 0.5, 11.0 ] },
						"east": { "texture": "#steel", "uv": [ 5.5, 0.0, 6.0, 3.0 ] },
						"south": { "texture": "#steel", "uv": [ 7.0, 9.0, 7.5, 12.0 ] },
						"west": { "texture": "#steel", "uv": [ 14.0, 2.5, 14.5, 5.5 ] },
						"up": { "texture": "#steel", "uv": [ 4.0, 2.5, 4.5, 3.0 ] }
					}
				},
				{
					"name": "spike17",
					"from": [ 0.8, -0.2, 2.0 ],
					"to": [ 1.2, 0.2, 5.0 ],
					"rotationOrigin": [ 1.0, 0.0, 2.0 ],
					"rotationX": -17.0,
					"rotationY": -28.0,
					"rotationZ": 14.0,
					"faces": {
						"east": { "texture": "#steel", "uv": [ 1.0, 6.0, 4.0, 6.5 ] },
						"south": { "texture": "#steel", "uv": [ 4.5, 9.5, 5.0, 10.0 ] },
						"west": { "texture": "#steel", "uv": [ 6.0, 0.5, 9.0, 1.0 ] },
						"up": { "texture": "#steel", "uv": [ 9.5, 6.0, 10.0, 9.0 ] },
						"down": { "texture": "#steel", "uv": [ 4.0, 0.0, 4.5, 3.0 ] }
					},
					"children": [
						{
							"name": "spike19",
							"from": [ 0.0, 0.1, 2.6 ],
							"to": [ 0.4, 1.6, 3.0 ],
							"rotationOrigin": [ 0.2, 0.1, 2.8 ],
							"rotationX": 39.0,
							"rotationY": -6.0,
							"rotationZ": 28.0,
							"faces": {
								"north": { "texture": "#steel", "uv": [ 4.0, 5.5, 4.5, 7.0 ] },
								"east": { "texture": "#steel", "uv": [ 12.5, 0.5, 13.0, 2.0 ] },
								"south": { "texture": "#steel", "uv": [ 5.5, 9.0, 6.0, 10.5 ] },
								"west": { "texture": "#steel", "uv": [ 10.0, 13.0, 10.5, 14.5 ] },
								"up": { "texture": "#steel", "uv": [ 14.0, 13.0, 14.5, 13.5 ] },
								"down": { "texture": "#steel", "uv": [ 14.0, 8.0, 14.5, 8.5 ] }
							}
						}
					]
				},
				{
					"name": "spike18",
					"from": [ -0.2, -1.2, 2.0 ],
					"to": [ 0.2, -0.8, 4.0 ],
					"rotationOrigin": [ 0.0, -1.0, 2.0 ],
					"rotationX": 8.0,
					"rotationY": -30.0,
					"rotationZ": 28.0,
					"faces": {
						"east": { "texture": "#steel", "uv": [ 2.5, 12.0, 4.5, 12.5 ] },
						"south": { "texture": "#steel", "uv": [ 5.0, 15.0, 5.5, 15.5 ] },
						"west": { "texture": "#steel", "uv": [ 8.0, 7.5, 10.0, 8.0 ] },
						"up": { "texture": "#steel", "uv": [ 15.0, 1.5, 15.5, 3.5 ] },
						"down": { "texture": "#steel", "uv": [ 3.5, 13.5, 4.0, 15.5 ] }
					}
				},
				{
					"name": "spike20",
					"from": [ 2.3, -0.7, 2.0 ],
					"to": [ 2.7, -0.3, 4.0 ],
					"rotationOrigin": [ 2.5, -0.5, 2.0 ],
					"rotationX": -17.0,
					"rotationY": 6.0,
					"rotationZ": 17.0,
					"faces": {
						"east": { "texture": "#steel", "uv": [ 12.0, 7.5, 14.0, 8.0 ] },
						"south": { "texture": "#steel", "uv": [ 3.5, 12.0, 4.0, 12.5 ] },
						"west": { "texture": "#steel", "uv": [ 7.5, 5.0, 9.5, 5.5 ] },
						"up": { "texture": "#steel", "uv": [ 11.0, 13.0, 11.5, 15.0 ] },
						"down": { "texture": "#steel", "uv": [ 3.5, 5.0, 4.0, 7.0 ] }
					},
					"children": [
						{
							"name": "spike21",
							"from": [ 0.0, 0.1, 1.6 ],
							"to": [ 0.4, 2.1, 2.0 ],
							"rotationOrigin": [ 0.2, 0.1, 1.8 ],
							"rotationX": 39.0,
							"rotationY": -6.0,
							"rotationZ": 28.0,
							"faces": {
								"north": { "texture": "#steel", "uv": [ 11.0, 10.5, 11.5, 12.5 ] },
								"east": { "texture": "#steel", "uv": [ 15.0, 11.5, 15.5, 13.5 ] },
								"south": { "texture": "#steel", "uv": [ 9.0, 5.5, 9.5, 7.5 ] },
								"west": { "texture": "#steel", "uv": [ 0.0, 2.0, 0.5, 4.0 ] },
								"up": { "texture": "#steel", "uv": [ 8.5, 5.5, 9.0, 6.0 ] },
								"down": { "texture": "#steel", "uv": [ 10.5, 9.0, 11.0, 9.5 ] }
							},
							"children": [
								{
									"name": "spike22",
									"from": [ -0.1, 1.8, 0.0 ],
									"to": [ 0.3, 4.8, 0.4 ],
									"rotationOrigin": [ 0.1, 1.8, 0.2 ],
									"rotationX": -44.0,
									"rotationZ": -33.0,
									"faces": {
										"north": { "texture": "#steel", "uv": [ 2.0, 1.0, 2.5, 4.0 ] },
										"east": { "texture": "#steel", "uv": [ 14.5, 5.0, 15.0, 8.0 ] },
										"south": { "texture": "#steel", "uv": [ 3.5, 11.0, 4.0, 14.0 ] },
										"west": { "texture": "#steel", "uv": [ 15.0, 12.5, 15.5, 15.5 ] },
										"up": { "texture": "#steel", "uv": [ 6.5, 13.5, 7.0, 14.0 ] },
										"down": { "texture": "#steel", "uv": [ 1.0, 15.0, 1.5, 15.5 ] }
									}
								}
							]
						}
					]
				},
				{
					"name": "spike23",
					"from": [ 4.0, 0.0, 1.2 ],
					"to": [ 4.4, 2.0, 1.6 ],
					"rotationOrigin": [ 4.2, 0.0, 1.4 ],
					"rotationY": -25.0,
					"rotationZ": -42.0,
					"faces": {
						"north": { "texture": "#steel", "uv": [ 6.5, 11.5, 7.0, 13.5 ] },
						"east": { "texture": "#steel", "uv": [ 7.0, 1.0, 7.5, 3.0 ] },
						"south": { "texture": "#steel", "uv": [ 1.5, 9.0, 2.0, 11.0 ] },
						"west": { "texture": "#steel", "uv": [ 9.0, 13.5, 9.5, 15.5 ] },
						"up": { "texture": "#steel", "uv": [ 11.0, 4.5, 11.5, 5.0 ] }
					},
					"children": [
						{
							"name": "spike24",
							"from": [ -2.4, 1.6, 0.0 ],
							"to": [ 0.2, 2.0, 0.4 ],
							"rotationOrigin": [ 0.2, 1.8, 0.2 ],
							"rotationX": -36.0,
							"rotationY": -14.0,
							"rotationZ": -66.0,
							"faces": {
								"north": { "texture": "#steel", "uv": [ 6.0, 10.0, 8.5, 10.5 ] },
								"east": { "texture": "#steel", "uv": [ 2.5, 12.0, 3.0, 12.5 ] },
								"south": { "texture": "#steel", "uv": [ 0.5, 8.0, 3.0, 8.5 ] },
								"west": { "texture": "#steel", "uv": [ 2.0, 12.5, 2.5, 13.0 ] },
								"up": { "texture": "#steel", "uv": [ 12.5, 1.0, 15.0, 1.5 ] },
								"down": { "texture": "#steel", "uv": [ 3.5, 8.5, 6.0, 9.0 ] }
							},
							"children": [
								{
									"name": "spike25",
									"from": [ 0.0, 0.2, 0.0 ],
									"to": [ 0.4, 2.2, 0.4 ],
									"rotationOrigin": [ 0.2, 0.2, 0.2 ],
									"rotationY": -30.0,
									"rotationZ": 55.0,
									"faces": {
										"north": { "texture": "#steel", "uv": [ 14.0, 5.5, 14.5, 7.5 ] },
										"east": { "texture": "#steel", "uv": [ 7.5, 8.0, 8.0, 10.0 ] },
										"south": { "texture": "#steel", "uv": [ 6.5, 11.0, 7.0, 13.0 ] },
										"west": { "texture": "#steel", "uv": [ 6.5, 1.0, 7.0, 3.0 ] },
										"up": { "texture": "#steel", "uv": [ 9.5, 7.0, 10.0, 7.5 ] },
										"down": { "texture": "#steel", "uv": [ 14.0, 14.5, 14.5, 15.0 ] }
									}
								}
							]
						}
					]
				},
				{
					"name": "spike26",
					"from": [ 4.0, -0.5, -0.3 ],
					"to": [ 6.0, -0.1, 0.1 ],
					"rotationOrigin": [ 4.0, -0.3, -0.1 ],
					"rotationX": -3.0,
					"rotationZ": -19.0,
					"faces": {
						"north": { "texture": "#steel", "uv": [ 5.5, 6.5, 7.5, 7.0 ] },
						"east": { "texture": "#steel", "uv": [ 7.5, 8.5, 8.0, 9.0 ] },
						"south": { "texture": "#steel", "uv": [ 4.0, 3.5, 6.0, 4.0 ] },
						"up": { "texture": "#steel", "uv": [ 11.5, 10.5, 13.5, 11.0 ] },
						"down": { "texture": "#steel", "uv": [ 8.5, 10.5, 10.5, 11.0 ] }
					},
					"children": [
						{
							"name": "spike27",
							"from": [ 1.8, 0.0, 0.0 ],
							"to": [ 3.5, 0.4, 0.4 ],
							"rotationOrigin": [ 1.8, 0.2, 0.2 ],
							"rotationX": 36.0,
							"rotationZ": 33.0,
							"faces": {
								"north": { "texture": "#steel", "uv": [ 1.5, 10.0, 3.0, 10.5 ] },
								"east": { "texture": "#steel", "uv": [ 13.5, 13.0, 14.0, 13.5 ] },
								"south": { "texture": "#steel", "uv": [ 3.0, 2.0, 4.5, 2.5 ] },
								"west": { "texture": "#steel", "uv": [ 2.0, 1.0, 2.5, 1.5 ] },
								"up": { "texture": "#steel", "uv": [ 5.0, 10.5, 6.5, 11.0 ] },
								"down": { "texture": "#steel", "uv": [ 4.5, 15.0, 6.0, 15.5 ] }
							}
						}
					]
				},
				{
					"name": "spike28",
					"from": [ 4.0, 0.2, -1.7 ],
					"to": [ 5.5, 0.6, -1.3 ],
					"rotationOrigin": [ 4.0, 0.4, -1.5 ],
					"rotationX": -3.0,
					"rotationZ": 8.0,
					"faces": {
						"north": { "texture": "#steel", "uv": [ 11.0, 13.0, 12.5, 13.5 ] },
						"east": { "texture": "#steel", "uv": [ 4.5, 8.0, 5.0, 8.5 ] },
						"south": { "texture": "#steel", "uv": [ 9.5, 5.0, 11.0, 5.5 ] },
						"up": { "texture": "#steel", "uv": [ 12.0, 4.5, 13.5, 5.0 ] },
						"down": { "texture": "#steel", "uv": [ 12.0, 4.0, 13.5, 4.5 ] }
					},
					"children": [
						{
							"name": "spike29",
							"from": [ 1.3, 0.0, 0.0 ],
							"to": [ 3.0, 0.4, 0.4 ],
							"rotationOrigin": [ 1.3, 0.2, 0.2 ],
							"rotationX": -47.0,
							"rotationZ": 42.0,
							"faces": {
								"north": { "texture": "#steel", "uv": [ 3.5, 2.5, 5.0, 3.0 ] },
								"east": { "texture": "#steel", "uv": [ 6.0, 15.0, 6.5, 15.5 ] },
								"south": { "texture": "#steel", "uv": [ 10.5, 5.0, 12.0, 5.5 ] },
								"west": { "texture": "#steel", "uv": [ 6.5, 7.5, 7.0, 8.0 ] },
								"up": { "texture": "#steel", "uv": [ 13.5, 10.5, 15.0, 11.0 ] },
								"down": { "texture": "#steel", "uv": [ 6.5, 10.5, 8.0, 11.0 ] }
							},
							"children": [
								{
									"name": "spike30",
									"from": [ 1.4, 0.2, 0.0 ],
									"to": [ 1.8, 2.2, 0.4 ],
									"rotationOrigin": [ 1.6, 0.2, 0.2 ],
									"rotationX": -44.0,
									"rotationZ": -47.0,
									"faces": {
										"north": { "texture": "#steel", "uv": [ 6.0, 9.5, 6.5, 11.5 ] },
										"east": { "texture": "#steel", "uv": [ 8.0, 1.0, 8.5, 3.0 ] },
										"south": { "texture": "#steel", "uv": [ 15.0, 3.5, 15.5, 5.5 ] },
										"west": { "texture": "#steel", "uv": [ 11.5, 10.0, 12.0, 12.0 ] },
										"up": { "texture": "#steel", "uv": [ 6.0, 3.0, 6.5, 3.5 ] },
										"down": { "texture": "#steel", "uv": [ 12.5, 14.5, 13.0, 15.0 ] }
									}
								}
							]
						}
					]
				},
				{
					"name": "spike31",
					"from": [ 2.5, 0.0, -5.0 ],
					"to": [ 2.9, 0.4, -2.0 ],
					"rotationOrigin": [ 2.7, 0.2, -2.0 ],
					"rotationX": -25.0,
					"rotationY": -39.0,
					"rotationZ": 25.0,
					"faces": {
						"north": { "texture": "#steel", "uv": [ 0.0, 0.0, 0.5, 0.5 ] },
						"east": { "texture": "#steel", "uv": [ 0.0, 0.0, 3.0, 0.5 ] },
						"west": { "texture": "#steel", "uv": [ 0.0, 0.0, 3.0, 0.5 ] },
						"up": { "texture": "#steel", "uv": [ 0.0, 0.0, 0.5, 3.0 ] },
						"down": { "texture": "#steel", "uv": [ 0.0, 0.0, 0.5, 3.0 ] }
					},
					"children": [
						{
							"name": "spike32",
							"from": [ 0.0, 0.0, 0.0 ],
							"to": [ 0.4, 2.3, 0.4 ],
							"rotationOrigin": [ 0.2, 0.0, 0.2 ],
							"rotationX": -47.0,
							"rotationZ": -19.0,
							"faces": {
								"north": { "texture": "#steel", "uv": [ 0.0, 0.0, 0.5, 2.0 ] },
								"east": { "texture": "#steel", "uv": [ 0.0, 0.0, 0.5, 2.0 ] },
								"south": { "texture": "#steel", "uv": [ 0.0, 0.0, 0.5, 2.0 ] },
								"west": { "texture": "#steel", "uv": [ 0.0, 0.0, 0.5, 2.0 ] },
								"up": { "texture": "#steel", "uv": [ 0.0, 0.0, 0.5, 0.5 ] },
								"down": { "texture": "#steel", "uv": [ 0.0, 0.0, 0.5, 0.5 ] }
							}
						}
					]
				},
				{
					"name": "spike33",
					"from": [ 1.5, 0.0, -4.0 ],
					"to": [ 1.9, 0.4, -2.0 ],
					"rotationOrigin": [ 1.7, 0.2, -2.0 ],
					"rotationX": 17.0,
					"rotationY": 8.0,
					"rotationZ": -11.0,
					"faces": {
						"north": { "texture": "#steel", "uv": [ 0.0, 0.0, 0.5, 0.5 ] },
						"east": { "texture": "#steel", "uv": [ 0.0, 0.0, 2.0, 0.5 ] },
						"west": { "texture": "#steel", "uv": [ 0.0, 0.0, 2.0, 0.5 ] },
						"up": { "texture": "#steel", "uv": [ 0.0, 0.0, 0.5, 2.0 ] },
						"down": { "texture": "#steel", "uv": [ 0.0, 0.0, 0.5, 2.0 ] }
					},
					"children": [
						{
							"name": "spike34",
							"from": [ 0.0, 0.1, 0.0 ],
							"to": [ 0.4, 2.4, 0.4 ],
							"rotationOrigin": [ 0.2, 0.1, 0.2 ],
							"rotationX": -53.0,
							"rotationZ": 8.0,
							"faces": {
								"north": { "texture": "#steel", "uv": [ 0.0, 0.0, 0.5, 2.0 ] },
								"east": { "texture": "#steel", "uv": [ 0.0, 0.0, 0.5, 2.0 ] },
								"south": { "texture": "#steel", "uv": [ 0.0, 0.0, 0.5, 2.0 ] },
								"west": { "texture": "#steel", "uv": [ 0.0, 0.0, 0.5, 2.0 ] },
								"up": { "texture": "#steel", "uv": [ 0.0, 0.0, 0.5, 0.5 ] },
								"down": { "texture": "#steel", "uv": [ 0.0, 0.0, 0.5, 0.5 ] }
							},
							"children": [
								{
									"name": "spike35",
									"from": [ 0.0, 2.0, 0.0 ],
									"to": [ 0.4, 4.0, 0.4 ],
									"rotationOrigin": [ 0.2, 2.0, 0.2 ],
									"rotationX": 30.0,
									"rotationZ": 8.0,
									"faces": {
										"north": { "texture": "#steel", "uv": [ 0.0, 0.0, 0.5, 2.0 ] },
										"east": { "texture": "#steel", "uv": [ 0.0, 0.0, 0.5, 2.0 ] },
										"south": { "texture": "#steel", "uv": [ 0.0, 0.0, 0.5, 2.0 ] },
										"west": { "texture": "#steel", "uv": [ 0.0, 0.0, 0.5, 2.0 ] },
										"up": { "texture": "#steel", "uv": [ 0.0, 0.0, 0.5, 0.5 ] },
										"down": { "texture": "#steel", "uv": [ 0.0, 0.0, 0.5, 0.5 ] }
									}
								}
							]
						}
					]
				}
			]
		}
	]}