{
	"editor": {
		"backDropShape": "entity/humanoid/seraph-hairless",
		"allAngles": true,
		"entityTextureMode": true
	},
	"textureWidth": 48,
	"textureHeight": 48,
	"textureSizes": {
		"hair": [48,48],
		"bush-base": [16,16],
		"iron": [16,16]
	},
	"textures": {
		"bush-base": "block/devastation/bush-base",
		"iron": "block/metal/tarnished/iron"
	},
	"elements": [
		{
			"name": "sidelow",
			"stepParentName": "Head",
			"from": [ 0.0, 0.0, 0.0 ],
			"to": [ 1.0, 1.0, 1.0 ],
			"uv": [ 0.0, 0.0 ],
			"faces": {
			},
			"children": [
				{
					"name": "BunLeft",
					"from": [ 3.3, 4.4, 5.4 ],
					"to": [ 4.3, 5.4, 6.4 ],
					"uv": [ 9.5, 4.0 ],
					"rotationOrigin": [ 3.8, 4.9, 5.9 ],
					"rotationX": -15.0,
					"rotationY": 20.0,
					"faces": {
						"north": { "texture": "#bush-base", "uv": [ 9.5, 5.0, 10.5, 6.0 ] },
						"east": { "texture": "#bush-base", "uv": [ 10.5, 5.0, 11.5, 6.0 ] },
						"south": { "texture": "#bush-base", "uv": [ 11.5, 5.0, 12.5, 6.0 ] },
						"west": { "texture": "#bush-base", "uv": [ 12.5, 5.0, 13.5, 6.0 ] },
						"up": { "texture": "#bush-base", "uv": [ 9.5, 4.0, 10.5, 5.0 ] },
						"down": { "texture": "#bush-base", "uv": [ 10.5, 4.0, 11.5, 5.0 ] }
					},
					"children": [
						{
							"name": "puffLeft1",
							"from": [ -0.5, -0.5, -0.5 ],
							"to": [ 1.5, 1.5, 1.5 ],
							"uv": [ 4.5, 10.0 ],
							"rotationOrigin": [ 0.5, 0.5, 0.5 ],
							"faces": {
								"north": { "texture": "#bush-base", "uv": [ 4.5, 12.0, 6.5, 14.0 ] },
								"east": { "texture": "#bush-base", "uv": [ 6.5, 12.0, 8.5, 14.0 ] },
								"south": { "texture": "#bush-base", "uv": [ 8.5, 12.0, 10.5, 14.0 ] },
								"west": { "texture": "#bush-base", "uv": [ 10.5, 12.0, 12.5, 14.0 ] },
								"up": { "texture": "#bush-base", "uv": [ 4.5, 10.0, 6.5, 12.0 ] },
								"down": { "texture": "#bush-base", "uv": [ 6.5, 10.0, 8.5, 12.0 ] }
							}
						},
						{
							"name": "puffLeft2",
							"from": [ -0.5, -0.5, -0.5 ],
							"to": [ 1.5, 1.5, 1.5 ],
							"uv": [ 3.5, 1.0 ],
							"rotationOrigin": [ 0.5, 0.5, 0.5 ],
							"rotationX": -45.0,
							"rotationY": 45.0,
							"faces": {
								"north": { "texture": "#bush-base", "uv": [ 3.5, 3.0, 5.5, 5.0 ] },
								"east": { "texture": "#bush-base", "uv": [ 5.5, 3.0, 7.5, 5.0 ] },
								"south": { "texture": "#bush-base", "uv": [ 7.5, 3.0, 9.5, 5.0 ] },
								"west": { "texture": "#bush-base", "uv": [ 9.5, 3.0, 11.5, 5.0 ] },
								"up": { "texture": "#bush-base", "uv": [ 3.5, 1.0, 5.5, 3.0 ] },
								"down": { "texture": "#bush-base", "uv": [ 5.5, 1.0, 7.5, 3.0 ] }
							}
						},
						{
							"name": "rodL1",
							"from": [ 0.2, -1.6, 0.4 ],
							"to": [ 0.4, 2.4, 0.6 ],
							"uv": [ 10.5, 6.5 ],
							"rotationOrigin": [ 0.3, 0.4, 0.5 ],
							"rotationX": 22.0,
							"rotationZ": -28.0,
							"faces": {
								"north": { "texture": "#iron", "uv": [ 10.5, 7.0, 11.0, 11.0 ] },
								"east": { "texture": "#iron", "uv": [ 11.0, 7.0, 11.5, 11.0 ] },
								"south": { "texture": "#iron", "uv": [ 11.5, 7.0, 12.0, 11.0 ] },
								"west": { "texture": "#iron", "uv": [ 12.0, 7.0, 12.5, 11.0 ] },
								"up": { "texture": "#iron", "uv": [ 10.5, 6.5, 11.0, 7.0 ] },
								"down": { "texture": "#iron", "uv": [ 11.0, 6.5, 11.5, 7.0 ] }
							}
						},
						{
							"name": "rodL2",
							"from": [ 0.2, -1.6, 0.9 ],
							"to": [ 0.4, 2.4, 1.1 ],
							"uv": [ 3.0, 4.5 ],
							"rotationOrigin": [ 0.3, 0.4, 1.0 ],
							"rotationX": -39.0,
							"rotationZ": 42.0,
							"faces": {
								"north": { "texture": "#iron", "uv": [ 3.0, 5.0, 3.5, 9.0 ] },
								"east": { "texture": "#iron", "uv": [ 3.5, 5.0, 4.0, 9.0 ] },
								"south": { "texture": "#iron", "uv": [ 4.0, 5.0, 4.5, 9.0 ] },
								"west": { "texture": "#iron", "uv": [ 4.5, 5.0, 5.0, 9.0 ] },
								"up": { "texture": "#iron", "uv": [ 3.0, 4.5, 3.5, 5.0 ] },
								"down": { "texture": "#iron", "uv": [ 3.5, 4.5, 4.0, 5.0 ] }
							}
						},
						{
							"name": "rodL3",
							"from": [ 0.7, -1.7, 0.5 ],
							"to": [ 0.9, 2.3, 0.7 ],
							"uv": [ 12.5, 0.5 ],
							"rotationOrigin": [ 0.8, 0.3, 0.6 ],
							"rotationX": -36.0,
							"rotationZ": -28.0,
							"faces": {
								"north": { "texture": "#iron", "uv": [ 12.5, 1.0, 13.0, 5.0 ] },
								"east": { "texture": "#iron", "uv": [ 13.0, 1.0, 13.5, 5.0 ] },
								"south": { "texture": "#iron", "uv": [ 13.5, 1.0, 14.0, 5.0 ] },
								"west": { "texture": "#iron", "uv": [ 14.0, 1.0, 14.5, 5.0 ] },
								"up": { "texture": "#iron", "uv": [ 12.5, 0.5, 13.0, 1.0 ] },
								"down": { "texture": "#iron", "uv": [ 13.0, 0.5, 13.5, 1.0 ] }
							}
						}
					]
				},
				{
					"name": "BunRight",
					"from": [ 3.3, 4.6, -1.3 ],
					"to": [ 4.3, 5.6, -0.3 ],
					"uv": [ 1.5, 13.5 ],
					"rotationOrigin": [ 3.8, 5.1, -0.8 ],
					"rotationX": 15.0,
					"rotationY": -20.0,
					"faces": {
						"north": { "texture": "#bush-base", "uv": [ 1.5, 14.5, 2.5, 15.5 ] },
						"east": { "texture": "#bush-base", "uv": [ 2.5, 14.5, 3.5, 15.5 ] },
						"south": { "texture": "#bush-base", "uv": [ 3.5, 14.5, 4.5, 15.5 ] },
						"west": { "texture": "#bush-base", "uv": [ 4.5, 14.5, 5.5, 15.5 ] },
						"up": { "texture": "#bush-base", "uv": [ 1.5, 13.5, 2.5, 14.5 ] },
						"down": { "texture": "#bush-base", "uv": [ 2.5, 13.5, 3.5, 14.5 ] }
					},
					"children": [
						{
							"name": "puffRight1",
							"from": [ -0.5, -0.5, -0.5 ],
							"to": [ 1.5, 1.5, 1.5 ],
							"uv": [ 1.0, 10.5 ],
							"rotationOrigin": [ 0.5, 0.5, 0.5 ],
							"faces": {
								"north": { "texture": "#bush-base", "uv": [ 1.0, 12.5, 3.0, 14.5 ] },
								"east": { "texture": "#bush-base", "uv": [ 3.0, 12.5, 5.0, 14.5 ] },
								"south": { "texture": "#bush-base", "uv": [ 5.0, 12.5, 7.0, 14.5 ] },
								"west": { "texture": "#bush-base", "uv": [ 7.0, 12.5, 9.0, 14.5 ] },
								"up": { "texture": "#bush-base", "uv": [ 1.0, 10.5, 3.0, 12.5 ] },
								"down": { "texture": "#bush-base", "uv": [ 3.0, 10.5, 5.0, 12.5 ] }
							}
						},
						{
							"name": "puffRight2",
							"from": [ -0.5, -0.5, -0.5 ],
							"to": [ 1.5, 1.5, 1.5 ],
							"uv": [ 5.5, 6.5 ],
							"rotationOrigin": [ 0.5, 0.5, 0.5 ],
							"rotationX": 45.0,
							"rotationY": 45.0,
							"faces": {
								"north": { "texture": "#bush-base", "uv": [ 5.5, 8.5, 7.5, 10.5 ] },
								"east": { "texture": "#bush-base", "uv": [ 7.5, 8.5, 9.5, 10.5 ] },
								"south": { "texture": "#bush-base", "uv": [ 9.5, 8.5, 11.5, 10.5 ] },
								"west": { "texture": "#bush-base", "uv": [ 11.5, 8.5, 13.5, 10.5 ] },
								"up": { "texture": "#bush-base", "uv": [ 5.5, 6.5, 7.5, 8.5 ] },
								"down": { "texture": "#bush-base", "uv": [ 7.5, 6.5, 9.5, 8.5 ] }
							}
						},
						{
							"name": "rodR1",
							"from": [ 0.0, -1.6, 0.7 ],
							"to": [ 0.2, 2.4, 0.9 ],
							"uv": [ 9.0, 5.0 ],
							"rotationOrigin": [ 0.1, 0.4, 0.8 ],
							"rotationZ": 25.0,
							"faces": {
								"north": { "texture": "#iron", "uv": [ 9.0, 5.5, 9.5, 9.5 ] },
								"east": { "texture": "#iron", "uv": [ 9.5, 5.5, 10.0, 9.5 ] },
								"south": { "texture": "#iron", "uv": [ 10.0, 5.5, 10.5, 9.5 ] },
								"west": { "texture": "#iron", "uv": [ 10.5, 5.5, 11.0, 9.5 ] },
								"up": { "texture": "#iron", "uv": [ 9.0, 5.0, 9.5, 5.5 ] },
								"down": { "texture": "#iron", "uv": [ 9.5, 5.0, 10.0, 5.5 ] }
							}
						},
						{
							"name": "rodR2",
							"from": [ 0.8, -1.6, 0.7 ],
							"to": [ 1.0, 2.4, 0.9 ],
							"uv": [ 2.5, 3.0 ],
							"rotationOrigin": [ 0.9, 0.4, 0.8 ],
							"rotationX": 33.0,
							"rotationZ": -19.0,
							"faces": {
								"north": { "texture": "#iron", "uv": [ 2.5, 3.5, 3.0, 7.5 ] },
								"east": { "texture": "#iron", "uv": [ 3.0, 3.5, 3.5, 7.5 ] },
								"south": { "texture": "#iron", "uv": [ 3.5, 3.5, 4.0, 7.5 ] },
								"west": { "texture": "#iron", "uv": [ 4.0, 3.5, 4.5, 7.5 ] },
								"up": { "texture": "#iron", "uv": [ 2.5, 3.0, 3.0, 3.5 ] },
								"down": { "texture": "#iron", "uv": [ 3.0, 3.0, 3.5, 3.5 ] }
							}
						},
						{
							"name": "rodR3",
							"from": [ 0.8, -1.6, -0.3 ],
							"to": [ 1.0, 2.4, -0.1 ],
							"uv": [ 2.5, 8.5 ],
							"rotationOrigin": [ 0.9, 0.4, -0.2 ],
							"rotationX": -11.0,
							"rotationZ": -83.0,
							"faces": {
								"north": { "texture": "#iron", "uv": [ 2.5, 9.0, 3.0, 13.0 ] },
								"east": { "texture": "#iron", "uv": [ 3.0, 9.0, 3.5, 13.0 ] },
								"south": { "texture": "#iron", "uv": [ 3.5, 9.0, 4.0, 13.0 ] },
								"west": { "texture": "#iron", "uv": [ 4.0, 9.0, 4.5, 13.0 ] },
								"up": { "texture": "#iron", "uv": [ 2.5, 8.5, 3.0, 9.0 ] },
								"down": { "texture": "#iron", "uv": [ 3.0, 8.5, 3.5, 9.0 ] }
							}
						}
					]
				}
			]
		}
	]}