{
	"editor": {
		"allAngles": true,
		"entityTextureMode": false
	},
	"textureWidth": 16,
	"textureHeight": 16,
	"textureSizes": {
	},
	"textures": {
		"questionablestropharia": "mycodiversity:block/plant/mushroom/questionablestropharia/questionablestropharia"
	},
	"elements": [
		{
			"name": "origin",
			"from": [ 8.0, 0.0, 8.0 ],
			"to": [ 8.0, 0.0, 8.0 ],
			"rotationOrigin": [ 8.0, 0.0, 8.0 ],
			"faces": {
			},
			"children": [
				{
					"name": "single voxel25",
					"from": [ -5.25, 0.0, -0.51 ],
					"to": [ -4.25, 0.5, 0.49 ],
					"rotationOrigin": [ -4.8, 0.0, 0.0 ],
					"rotationY": 10.0,
					"faces": {
						"north": { "texture": "#questionablestropharia", "uv": [ 6.0, 2.5, 7.0, 3.0 ] },
						"east": { "texture": "#questionablestropharia", "uv": [ 6.0, 3.0, 7.0, 3.5 ] },
						"south": { "texture": "#questionablestropharia", "uv": [ 11.0, 3.5, 12.0, 4.0 ] },
						"west": { "texture": "#questionablestropharia", "uv": [ 7.5, 3.0, 8.5, 3.5 ] },
						"up": { "texture": "#questionablestropharia", "uv": [ 9.5, 4.0, 10.5, 5.0 ] },
						"down": { "texture": "#questionablestropharia", "uv": [ 0.0, 0.0, 1.0, 1.0 ] }
					}
				},
				{
					"name": "tiny",
					"from": [ 0.55, -0.1, -4.51 ],
					"to": [ 1.55, 0.4, -3.51 ],
					"rotationOrigin": [ 1.0, -0.1, -4.0 ],
					"rotationY": 10.0,
					"faces": {
						"north": { "texture": "#questionablestropharia", "uv": [ 1.0, 13.0, 2.0, 13.5 ] },
						"east": { "texture": "#questionablestropharia", "uv": [ 1.0, 9.0, 2.0, 9.5 ] },
						"south": { "texture": "#questionablestropharia", "uv": [ 0.5, 3.5, 1.5, 4.0 ] },
						"west": { "texture": "#questionablestropharia", "uv": [ 1.0, 9.0, 2.0, 9.5 ] },
						"down": { "texture": "#questionablestropharia", "uv": [ 1.5, 11.5, 2.5, 12.5 ] }
					},
					"children": [
						{
							"name": "Cube8",
							"from": [ -0.2, 0.5, -0.2 ],
							"to": [ 1.3, 1.5, 1.3 ],
							"faces": {
								"north": { "texture": "#questionablestropharia", "uv": [ 5.5, 5.5, 7.0, 6.5 ] },
								"east": { "texture": "#questionablestropharia", "uv": [ 4.5, 7.5, 6.0, 8.5 ] },
								"south": { "texture": "#questionablestropharia", "uv": [ 6.5, 4.5, 8.0, 5.5 ] },
								"west": { "texture": "#questionablestropharia", "uv": [ 4.0, 6.0, 5.5, 7.0 ] },
								"up": { "texture": "#questionablestropharia", "uv": [ 5.0, 5.5, 6.5, 7.0 ] },
								"down": { "texture": "#questionablestropharia", "uv": [ 3.0, 10.0, 4.5, 11.5 ] }
							}
						}
					]
				},
				{
					"name": "single voxel",
					"from": [ -2.2, 0.0, 3.8 ],
					"to": [ -1.2, 0.5, 4.8 ],
					"rotationOrigin": [ -1.7, 0.0, 4.3 ],
					"faces": {
						"north": { "texture": "#questionablestropharia", "uv": [ 6.5, 4.0, 7.5, 4.5 ] },
						"east": { "texture": "#questionablestropharia", "uv": [ 6.5, 3.0, 7.5, 3.5 ] },
						"south": { "texture": "#questionablestropharia", "uv": [ 7.0, 4.5, 8.0, 5.0 ] },
						"west": { "texture": "#questionablestropharia", "uv": [ 7.0, 1.5, 8.0, 2.0 ] },
						"up": { "texture": "#questionablestropharia", "uv": [ 6.5, 4.5, 7.5, 5.5 ] },
						"down": { "texture": "#questionablestropharia", "uv": [ 6.5, 12.0, 7.5, 13.0 ] }
					}
				},
				{
					"name": "tiny22",
					"from": [ -2.7, -0.1, -4.4 ],
					"to": [ -1.7, 0.4, -3.4 ],
					"rotationOrigin": [ -2.2, -0.1, -3.9 ],
					"rotationX": -3.0,
					"rotationY": 44.0,
					"rotationZ": 5.0,
					"faces": {
						"north": { "texture": "#questionablestropharia", "uv": [ 0.5, 5.5, 1.5, 6.0 ] },
						"east": { "texture": "#questionablestropharia", "uv": [ 1.0, 10.5, 2.0, 11.0 ] },
						"south": { "texture": "#questionablestropharia", "uv": [ 1.0, 5.0, 2.0, 5.5 ] },
						"west": { "texture": "#questionablestropharia", "uv": [ 1.0, 8.5, 2.0, 9.0 ] },
						"down": { "texture": "#questionablestropharia", "uv": [ 0.5, 11.5, 1.5, 12.5 ] }
					},
					"children": [
						{
							"name": "Cube26",
							"from": [ -0.2, 0.5, -0.2 ],
							"to": [ 1.3, 2.0, 1.3 ],
							"rotationOrigin": [ 0.5, 0.5, 0.5 ],
							"rotationX": 6.0,
							"faces": {
								"north": { "texture": "#questionablestropharia", "uv": [ 5.5, 4.0, 7.0, 5.5 ] },
								"east": { "texture": "#questionablestropharia", "uv": [ 4.5, 5.0, 6.0, 6.5 ] },
								"south": { "texture": "#questionablestropharia", "uv": [ 7.5, 5.0, 9.0, 6.5 ] },
								"west": { "texture": "#questionablestropharia", "uv": [ 7.0, 5.5, 8.5, 7.0 ] },
								"up": { "texture": "#questionablestropharia", "uv": [ 8.5, 3.5, 10.0, 5.0 ] },
								"down": { "texture": "#questionablestropharia", "uv": [ 5.0, 12.5, 6.5, 14.0 ] }
							}
						}
					]
				},
				{
					"name": "tiny20",
					"from": [ 3.7, -0.1, -1.2 ],
					"to": [ 4.7, 0.4, -0.2 ],
					"rotationOrigin": [ 4.2, -0.1, -0.7 ],
					"rotationX": 5.0,
					"rotationY": -108.0,
					"rotationZ": 1.0,
					"faces": {
						"north": { "texture": "#questionablestropharia", "uv": [ 0.5, 13.0, 1.5, 13.5 ] },
						"east": { "texture": "#questionablestropharia", "uv": [ 0.5, 7.5, 1.5, 8.0 ] },
						"south": { "texture": "#questionablestropharia", "uv": [ 1.0, 9.0, 2.0, 9.5 ] },
						"west": { "texture": "#questionablestropharia", "uv": [ 0.5, 10.0, 1.5, 10.5 ] },
						"down": { "texture": "#questionablestropharia", "uv": [ 0.5, 12.0, 1.5, 13.0 ] }
					},
					"children": [
						{
							"name": "Cube21",
							"from": [ -0.2, 0.5, -0.2 ],
							"to": [ 1.3, 1.0, 1.3 ],
							"faces": {
								"north": { "texture": "#questionablestropharia", "uv": [ 8.5, 4.0, 10.0, 4.5 ] },
								"east": { "texture": "#questionablestropharia", "uv": [ 6.0, 2.5, 7.5, 3.0 ] },
								"south": { "texture": "#questionablestropharia", "uv": [ 7.5, 5.0, 9.0, 5.5 ] },
								"west": { "texture": "#questionablestropharia", "uv": [ 7.5, 6.0, 9.0, 6.5 ] },
								"up": { "texture": "#questionablestropharia", "uv": [ 11.5, 3.5, 13.0, 5.0 ] },
								"down": { "texture": "#questionablestropharia", "uv": [ 5.5, 11.5, 7.0, 13.0 ] }
							}
						}
					]
				},
				{
					"name": "tiny24",
					"from": [ 0.1, -0.1, 3.4 ],
					"to": [ 1.1, 0.4, 4.4 ],
					"rotationOrigin": [ 0.6, -0.1, 3.9 ],
					"rotationX": 6.0,
					"rotationY": -26.0,
					"rotationZ": 4.0,
					"faces": {
						"north": { "texture": "#questionablestropharia", "uv": [ 1.0, 13.0, 2.0, 13.5 ] },
						"east": { "texture": "#questionablestropharia", "uv": [ 0.5, 7.5, 1.5, 8.0 ] },
						"south": { "texture": "#questionablestropharia", "uv": [ 1.0, 1.5, 2.0, 2.0 ] },
						"west": { "texture": "#questionablestropharia", "uv": [ 1.0, 9.5, 2.0, 10.0 ] },
						"down": { "texture": "#questionablestropharia", "uv": [ 0.5, 14.0, 1.5, 15.0 ] }
					},
					"children": [
						{
							"name": "Cube25",
							"from": [ -0.2, 0.5, -0.2 ],
							"to": [ 1.3, 1.5, 1.3 ],
							"faces": {
								"north": { "texture": "#questionablestropharia", "uv": [ 6.0, 3.5, 7.5, 4.5 ] },
								"east": { "texture": "#questionablestropharia", "uv": [ 8.0, 2.0, 9.5, 3.0 ] },
								"south": { "texture": "#questionablestropharia", "uv": [ 6.0, 4.0, 7.5, 5.0 ] },
								"west": { "texture": "#questionablestropharia", "uv": [ 5.5, 3.5, 7.0, 4.5 ] },
								"up": { "texture": "#questionablestropharia", "uv": [ 4.0, 4.0, 5.5, 5.5 ] },
								"down": { "texture": "#questionablestropharia", "uv": [ 3.0, 10.0, 4.5, 11.5 ] }
							}
						}
					]
				},
				{
					"name": "tiny21",
					"from": [ 3.5, 0.0, 1.0 ],
					"to": [ 4.5, 0.5, 2.0 ],
					"rotationOrigin": [ 4.0, 0.0, 1.5 ],
					"rotationX": 4.0,
					"rotationY": -24.0,
					"rotationZ": -5.0,
					"faces": {
						"north": { "texture": "#questionablestropharia", "uv": [ 1.0, 13.0, 2.0, 13.5 ] },
						"east": { "texture": "#questionablestropharia", "uv": [ 1.0, 11.5, 2.0, 12.0 ] },
						"south": { "texture": "#questionablestropharia", "uv": [ 0.5, 11.0, 1.5, 11.5 ] },
						"west": { "texture": "#questionablestropharia", "uv": [ 0.5, 11.5, 1.5, 12.0 ] },
						"down": { "texture": "#questionablestropharia", "uv": [ 1.0, 14.0, 2.0, 15.0 ] }
					},
					"children": [
						{
							"name": "Cube22",
							"from": [ -0.2, 0.5, -0.2 ],
							"to": [ 1.3, 1.0, 1.3 ],
							"rotationOrigin": [ 0.5, 0.5, 0.5 ],
							"faces": {
								"north": { "texture": "#questionablestropharia", "uv": [ 5.0, 5.5, 6.5, 6.0 ] },
								"east": { "texture": "#questionablestropharia", "uv": [ 7.0, 3.5, 8.5, 4.0 ] },
								"south": { "texture": "#questionablestropharia", "uv": [ 6.0, 5.5, 7.5, 6.0 ] },
								"west": { "texture": "#questionablestropharia", "uv": [ 4.0, 6.5, 5.5, 7.0 ] },
								"up": { "texture": "#questionablestropharia", "uv": [ 4.0, 4.5, 5.5, 6.0 ] },
								"down": { "texture": "#questionablestropharia", "uv": [ 3.0, 10.0, 4.5, 11.5 ] }
							}
						}
					]
				},
				{
					"name": "tiny13",
					"from": [ 2.3, -0.1, 3.1 ],
					"to": [ 3.3, 0.4, 4.1 ],
					"rotationOrigin": [ 2.8, -0.1, 3.6 ],
					"rotationX": 5.0,
					"rotationY": 46.0,
					"rotationZ": -7.0,
					"faces": {
						"north": { "texture": "#questionablestropharia", "uv": [ 1.0, 13.0, 2.0, 13.5 ] },
						"east": { "texture": "#questionablestropharia", "uv": [ 0.5, 6.5, 1.5, 7.0 ] },
						"south": { "texture": "#questionablestropharia", "uv": [ 0.5, 10.0, 1.5, 10.5 ] },
						"west": { "texture": "#questionablestropharia", "uv": [ 1.0, 9.0, 2.0, 9.5 ] },
						"down": { "texture": "#questionablestropharia", "uv": [ 0.5, 13.0, 1.5, 14.0 ] }
					},
					"children": [
						{
							"name": "Cube14",
							"from": [ -0.2, 0.5, -0.2 ],
							"to": [ 1.3, 2.5, 1.3 ],
							"rotationOrigin": [ 0.5, 0.5, 0.5 ],
							"faces": {
								"north": { "texture": "#questionablestropharia", "uv": [ 5.0, 5.5, 6.5, 7.5 ] },
								"east": { "texture": "#questionablestropharia", "uv": [ 5.0, 3.0, 6.5, 5.0 ] },
								"south": { "texture": "#questionablestropharia", "uv": [ 6.5, 3.5, 8.0, 5.5 ] },
								"west": { "texture": "#questionablestropharia", "uv": [ 7.0, 2.5, 8.5, 4.5 ] },
								"up": { "texture": "#questionablestropharia", "uv": [ 5.5, 3.0, 7.0, 4.5 ] },
								"down": { "texture": "#questionablestropharia", "uv": [ 5.0, 12.5, 6.5, 14.0 ] }
							}
						}
					]
				},
				{
					"name": "medium small",
					"from": [ -4.6, -0.2, 2.4 ],
					"to": [ -3.6, 1.8, 3.4 ],
					"rotationOrigin": [ -4.1, -0.2, 2.9 ],
					"rotationX": -8.0,
					"rotationY": 29.0,
					"rotationZ": 6.0,
					"faces": {
						"north": { "texture": "#questionablestropharia", "uv": [ 1.0, 14.0, 2.0, 16.0 ] },
						"east": { "texture": "#questionablestropharia", "uv": [ 0.5, 13.5, 1.5, 15.5 ] },
						"south": { "texture": "#questionablestropharia", "uv": [ 0.5, 13.5, 1.5, 15.5 ] },
						"west": { "texture": "#questionablestropharia", "uv": [ 1.0, 13.5, 2.0, 15.5 ] },
						"down": { "texture": "#questionablestropharia", "uv": [ 1.0, 14.0, 2.0, 15.0 ] }
					},
					"children": [
						{
							"name": "Cube5",
							"from": [ -0.7, 1.8, -0.7 ],
							"to": [ 1.8, 2.8, 1.8 ],
							"rotationOrigin": [ 0.5, 1.8, 0.5 ],
							"rotationX": 1.0,
							"rotationZ": 6.0,
							"faces": {
								"north": { "texture": "#questionablestropharia", "uv": [ 13.0, 3.0, 15.5, 4.0 ] },
								"east": { "texture": "#questionablestropharia", "uv": [ 9.0, 7.0, 11.5, 8.0 ] },
								"south": { "texture": "#questionablestropharia", "uv": [ 10.0, 8.0, 12.5, 9.0 ] },
								"west": { "texture": "#questionablestropharia", "uv": [ 9.0, 7.0, 11.5, 8.0 ] },
								"up": { "texture": "#questionablestropharia", "uv": [ 11.0, 2.5, 13.5, 5.0 ] },
								"down": { "texture": "#questionablestropharia", "uv": [ 5.0, 11.5, 7.5, 14.0 ] }
							},
							"children": [
								{
									"name": "Cube6",
									"from": [ 0.5, 1.0, 0.5 ],
									"to": [ 2.0, 1.5, 2.0 ],
									"rotationOrigin": [ 0.0, -1.0, 0.0 ],
									"faces": {
										"north": { "texture": "#questionablestropharia", "uv": [ 14.0, 4.0, 15.5, 4.5 ] },
										"east": { "texture": "#questionablestropharia", "uv": [ 10.5, 5.5, 12.0, 6.0 ] },
										"south": { "texture": "#questionablestropharia", "uv": [ 12.0, 7.0, 13.5, 7.5 ] },
										"west": { "texture": "#questionablestropharia", "uv": [ 9.0, 5.0, 10.5, 5.5 ] },
										"up": { "texture": "#questionablestropharia", "uv": [ 13.0, 5.5, 14.5, 7.0 ] }
									}
								},
								{
									"name": "Face10",
									"from": [ 0.0, -0.1, 1.4 ],
									"to": [ 2.5, 0.4, 2.4 ],
									"renderPass": 2,
									"rotationOrigin": [ 0.0, -0.1, 1.4 ],
									"rotationX": 20.0,
									"faces": {
										"south": { "texture": "#questionablestropharia", "uv": [ 11.0, 13.0, 14.5, 14.5 ], "rotation": 180, "autoUv": false }
									}
								},
								{
									"name": "Face11",
									"from": [ 0.0, 0.5, 0.93 ],
									"to": [ 2.5, 1.0, 1.93 ],
									"renderPass": 2,
									"rotationOrigin": [ 0.0, 0.5, 0.9 ],
									"rotationX": 151.0,
									"faces": {
										"south": { "texture": "#questionablestropharia", "uv": [ 11.5, 13.0, 15.0, 14.5 ], "autoUv": false }
									}
								},
								{
									"name": "Face12",
									"from": [ 1.7, -0.9, 1.0 ],
									"to": [ 2.2, 1.6, 2.0 ],
									"renderPass": 2,
									"rotationOrigin": [ 1.7, 0.6, 1.0 ],
									"rotationX": -90.0,
									"rotationY": 125.0,
									"faces": {
										"south": { "texture": "#questionablestropharia", "uv": [ 10.5, 13.0, 14.0, 14.5 ], "rotation": 90, "autoUv": false }
									}
								},
								{
									"name": "Face13",
									"from": [ 0.87, -1.1, 1.5 ],
									"to": [ 1.37, 1.4, 2.5 ],
									"renderPass": 2,
									"rotationOrigin": [ 0.9, 0.4, 1.5 ],
									"rotationX": 90.0,
									"rotationY": -65.0,
									"faces": {
										"south": { "texture": "#questionablestropharia", "uv": [ 10.5, 13.0, 14.0, 14.5 ], "rotation": 90, "autoUv": false }
									}
								}
							]
						}
					]
				},
				{
					"name": "medium",
					"from": [ -4.3, -0.1, -2.6 ],
					"to": [ -3.3, 1.4, -1.6 ],
					"rotationOrigin": [ -3.8, -0.1, -2.1 ],
					"rotationX": 3.0,
					"rotationY": 19.0,
					"rotationZ": 6.0,
					"faces": {
						"north": { "texture": "#questionablestropharia", "uv": [ 0.0, 13.0, 1.0, 14.5 ] },
						"east": { "texture": "#questionablestropharia", "uv": [ 0.5, 11.5, 1.5, 13.0 ] },
						"south": { "texture": "#questionablestropharia", "uv": [ 0.5, 10.0, 1.5, 11.5 ] },
						"west": { "texture": "#questionablestropharia", "uv": [ 1.0, 13.0, 2.0, 14.5 ] },
						"down": { "texture": "#questionablestropharia", "uv": [ 0.5, 12.0, 1.5, 13.0 ] }
					},
					"children": [
						{
							"name": "Cube2",
							"from": [ -0.7, 1.5, -0.7 ],
							"to": [ 1.8, 3.5, 1.8 ],
							"rotationOrigin": [ 0.5, 1.5, 0.5 ],
							"rotationX": 7.0,
							"rotationZ": -5.0,
							"faces": {
								"north": { "texture": "#questionablestropharia", "uv": [ 8.0, 4.0, 10.5, 6.0 ] },
								"east": { "texture": "#questionablestropharia", "uv": [ 5.0, 3.5, 7.5, 5.5 ] },
								"south": { "texture": "#questionablestropharia", "uv": [ 12.0, 4.0, 14.5, 6.0 ] },
								"west": { "texture": "#questionablestropharia", "uv": [ 7.5, 2.5, 10.0, 4.5 ] },
								"up": { "texture": "#questionablestropharia", "uv": [ 10.0, 2.0, 12.5, 4.5 ] },
								"down": { "texture": "#questionablestropharia", "uv": [ 5.0, 12.0, 7.5, 14.5 ] }
							},
							"children": [
								{
									"name": "Cube3",
									"from": [ 0.5, 2.0, 0.5 ],
									"to": [ 2.0, 2.5, 2.0 ],
									"rotationOrigin": [ 1.2, 0.0, 1.2 ],
									"faces": {
										"north": { "texture": "#questionablestropharia", "uv": [ 5.0, 3.5, 6.5, 4.0 ] },
										"east": { "texture": "#questionablestropharia", "uv": [ 8.5, 2.5, 10.0, 3.0 ] },
										"south": { "texture": "#questionablestropharia", "uv": [ 7.0, 1.5, 8.5, 2.0 ] },
										"west": { "texture": "#questionablestropharia", "uv": [ 6.0, 3.0, 7.5, 3.5 ] },
										"up": { "texture": "#questionablestropharia", "uv": [ 8.0, 1.5, 9.5, 3.0 ] }
									}
								},
								{
									"name": "Face4",
									"from": [ 0.0, -0.2, 1.5 ],
									"to": [ 2.5, 0.3, 2.5 ],
									"renderPass": 2,
									"rotationOrigin": [ 0.0, 0.3, 1.5 ],
									"rotationX": 17.0,
									"faces": {
										"south": { "texture": "#questionablestropharia", "uv": [ 12.0, 13.0, 15.5, 14.5 ], "rotation": 180, "autoUv": false }
									}
								},
								{
									"name": "Face7",
									"from": [ 0.0, -0.7, 1.1 ],
									"to": [ 2.5, -0.2, 2.1 ],
									"renderPass": 2,
									"rotationOrigin": [ 0.0, -0.2, 1.1 ],
									"rotationX": 164.0,
									"faces": {
										"south": { "texture": "#questionablestropharia", "uv": [ 10.5, 13.0, 14.0, 14.5 ], "autoUv": false }
									}
								},
								{
									"name": "Face8",
									"from": [ 1.43, 0.0, 0.0 ],
									"to": [ 1.93, 2.5, 1.0 ],
									"renderPass": 2,
									"rotationOrigin": [ 1.3, 0.0, 0.0 ],
									"rotationX": 90.0,
									"rotationY": 58.0,
									"faces": {
										"south": { "texture": "#questionablestropharia", "uv": [ 12.0, 13.0, 15.5, 14.5 ], "rotation": 270, "autoUv": false }
									}
								},
								{
									"name": "Face9",
									"from": [ 1.03, 0.5, 0.0 ],
									"to": [ 1.53, 3.0, 1.0 ],
									"renderPass": 2,
									"rotationOrigin": [ 0.9, 0.5, 0.0 ],
									"rotationX": 90.0,
									"rotationY": -68.0,
									"faces": {
										"south": { "texture": "#questionablestropharia", "uv": [ 12.0, 13.0, 15.5, 14.5 ], "rotation": 90, "autoUv": false }
									}
								}
							]
						}
					]
				},
				{
					"name": "medium2",
					"from": [ 3.1, -0.1, -3.3 ],
					"to": [ 4.1, 1.4, -2.3 ],
					"rotationOrigin": [ 3.6, -0.1, -2.8 ],
					"rotationX": 3.0,
					"rotationY": -66.0,
					"rotationZ": 6.0,
					"faces": {
						"north": { "texture": "#questionablestropharia", "uv": [ 0.0, 13.0, 1.0, 14.5 ] },
						"east": { "texture": "#questionablestropharia", "uv": [ 0.5, 11.5, 1.5, 13.0 ] },
						"south": { "texture": "#questionablestropharia", "uv": [ 0.5, 10.0, 1.5, 11.5 ] },
						"west": { "texture": "#questionablestropharia", "uv": [ 1.0, 13.0, 2.0, 14.5 ] },
						"down": { "texture": "#questionablestropharia", "uv": [ 0.5, 12.0, 1.5, 13.0 ] }
					},
					"children": [
						{
							"name": "Cube4",
							"from": [ -0.7, 1.5, -0.7 ],
							"to": [ 1.8, 3.5, 1.8 ],
							"rotationOrigin": [ 0.5, 1.5, 0.5 ],
							"rotationX": 7.0,
							"rotationZ": -5.0,
							"faces": {
								"north": { "texture": "#questionablestropharia", "uv": [ 8.0, 4.0, 10.5, 6.0 ] },
								"east": { "texture": "#questionablestropharia", "uv": [ 5.0, 3.5, 7.5, 5.5 ] },
								"south": { "texture": "#questionablestropharia", "uv": [ 12.0, 4.0, 14.5, 6.0 ] },
								"west": { "texture": "#questionablestropharia", "uv": [ 7.5, 2.5, 10.0, 4.5 ] },
								"up": { "texture": "#questionablestropharia", "uv": [ 10.0, 2.0, 12.5, 4.5 ] },
								"down": { "texture": "#questionablestropharia", "uv": [ 5.0, 12.0, 7.5, 14.5 ] }
							},
							"children": [
								{
									"name": "Cube7",
									"from": [ 0.5, 2.0, 0.5 ],
									"to": [ 2.0, 2.5, 2.0 ],
									"rotationOrigin": [ 1.2, 0.0, 1.2 ],
									"faces": {
										"north": { "texture": "#questionablestropharia", "uv": [ 5.0, 3.5, 6.5, 4.0 ] },
										"east": { "texture": "#questionablestropharia", "uv": [ 8.5, 2.5, 10.0, 3.0 ] },
										"south": { "texture": "#questionablestropharia", "uv": [ 7.0, 1.5, 8.5, 2.0 ] },
										"west": { "texture": "#questionablestropharia", "uv": [ 6.0, 3.0, 7.5, 3.5 ] },
										"up": { "texture": "#questionablestropharia", "uv": [ 8.0, 1.5, 9.5, 3.0 ] }
									}
								},
								{
									"name": "Face5",
									"from": [ 0.0, -0.2, 1.5 ],
									"to": [ 2.5, 0.3, 2.5 ],
									"renderPass": 2,
									"rotationOrigin": [ 0.0, 0.3, 1.5 ],
									"rotationX": 17.0,
									"faces": {
										"south": { "texture": "#questionablestropharia", "uv": [ 12.0, 13.0, 15.5, 14.5 ], "rotation": 180, "autoUv": false }
									}
								},
								{
									"name": "Face14",
									"from": [ 0.0, -0.7, 1.1 ],
									"to": [ 2.5, -0.2, 2.1 ],
									"renderPass": 2,
									"rotationOrigin": [ 0.0, -0.2, 1.1 ],
									"rotationX": 164.0,
									"faces": {
										"south": { "texture": "#questionablestropharia", "uv": [ 10.5, 13.0, 14.0, 14.5 ], "autoUv": false }
									}
								},
								{
									"name": "Face15",
									"from": [ 1.43, 0.0, 0.0 ],
									"to": [ 1.93, 2.5, 1.0 ],
									"renderPass": 2,
									"rotationOrigin": [ 1.3, 0.0, 0.0 ],
									"rotationX": 90.0,
									"rotationY": 58.0,
									"faces": {
										"south": { "texture": "#questionablestropharia", "uv": [ 12.0, 13.0, 15.5, 14.5 ], "rotation": 270, "autoUv": false }
									}
								},
								{
									"name": "Face16",
									"from": [ 1.03, 0.5, 0.0 ],
									"to": [ 1.53, 3.0, 1.0 ],
									"renderPass": 2,
									"rotationOrigin": [ 0.9, 0.5, 0.0 ],
									"rotationX": 90.0,
									"rotationY": -68.0,
									"faces": {
										"south": { "texture": "#questionablestropharia", "uv": [ 12.0, 13.0, 15.5, 14.5 ], "rotation": 90, "autoUv": false }
									}
								}
							]
						}
					]
				}
			]
		}
	]}