{
  "textureWidth":16,
  "textureHeight":16,
  "textures":{
    "grip":"game:block/leather/plain"
  },
  "textureSizes":{
    "grip":[
      32,
      32
    ]
  },
  "elements":[
    {
      "name":"origin",
      "from":[
        11.0,
        0.5,
        7.699999988079071
      ],
      "to":[
        11.0,
        0.5,
        7.699999988079071
      ],
      "rotationOrigin":[
        8.0,
        0.0,
        8.0
      ],
      "group":"unv_fabric",
      "faces":{
        "north":{
          "texture":"#0",
          "uv":[
            0,
            0,
            4,
            4
          ],
          "autoUv":false
        },
        "east":{
          "texture":"#0",
          "uv":[
            0,
            0,
            4,
            4
          ],
          "autoUv":false
        },
        "south":{
          "texture":"#0",
          "uv":[
            0,
            0,
            4,
            4
          ],
          "autoUv":false
        },
        "west":{
          "texture":"#0",
          "uv":[
            0,
            0,
            4,
            4
          ],
          "autoUv":false
        },
        "up":{
          "texture":"#grip",
          "uv":[
            0.0,
            0.0,
            1.0,
            1.0
          ],
          "autoUv":false,
          "rotation":180
        },
        "down":{
          "texture":"#0",
          "uv":[
            0,
            0,
            4,
            4
          ],
          "autoUv":false
        }
      },
      "children":[
        {
          "name":"unv_fabric1",
          "from":[
            -4.832205533981323,
            -0.4235203266143799,
            0.1123475432395935
          ],
          "to":[
            -2.5348942279815674,
            0.9353996515274048,
            1.6851889491081238
          ],
          "rotationOrigin":[
            -3.6835498809814453,
            0.25593966245651245,
            0.8987682461738586
          ],
          "rotationY":6.4699999979057745,
          "group":"unv_fabric",
          "faces":{
            "north":{
              "texture":"#grip",
              "uv":[
                14.999999046325684,
                18.0,
                20.0,
                21.0
              ],
              "autoUv":false
            },
            "east":{
              "texture":"#grip",
              "uv":[
                9.0106201171875,
                9.543506622314453,
                11.727733612060547,
                12.688348770141602
              ],
              "autoUv":false,
              "rotation":90
            },
            "south":{
              "texture":"#grip",
              "uv":[
                15.0,
                22.0,
                20.0,
                25.0
              ],
              "autoUv":false
            },
            "west":{
              "texture":"#grip",
              "uv":[
                11.0,
                11.0,
                14.0,
                14.0
              ],
              "autoUv":false,
              "rotation":90
            },
            "up":{
              "texture":"#grip",
              "uv":[
                15.0,
                15.0,
                20.0,
                18.0
              ],
              "autoUv":false
            },
            "down":{
              "texture":"#grip",
              "uv":[
                15.0,
                22.0,
                10.0,
                19.0
              ],
              "autoUv":false
            }
          },
          "children":[]
        },
        {
          "name":"unv_fabric2",
          "from":[
            -2.6308265924453735,
            -0.422504186630249,
            -0.012078404426574707
          ],
          "to":[
            -0.18813741207122803,
            0.9343835115432739,
            1.570845365524292
          ],
          "rotationOrigin":[
            -1.4094820022583008,
            0.25593966245651245,
            0.7793834805488586
          ],
          "group":"unv_fabric",
          "faces":{
            "north":{
              "texture":"#grip",
              "uv":[
                20.0,
                18.0,
                25.000001907348633,
                21.0
              ],
              "autoUv":false
            },
            "east":{
              "texture":"#grip",
              "uv":[
                15.0,
                11.0,
                18.0,
                14.0
              ],
              "autoUv":false,
              "rotation":90
            },
            "south":{
              "texture":"#grip",
              "uv":[
                20.0,
                22.0,
                25.0,
                25.0
              ],
              "autoUv":false
            },
            "west":{
              "texture":"#grip",
              "uv":[
                17.731550216674805,
                10.519464492797852,
                20.44460105895996,
                13.684465408325195
              ],
              "autoUv":false,
              "rotation":90
            },
            "up":{
              "texture":"#grip",
              "uv":[
                10.0,
                14.999998092651367,
                15.0,
                18.0
              ],
              "autoUv":false
            },
            "down":{
              "texture":"#grip",
              "uv":[
                20.0,
                22.000000953674316,
                15.0,
                19.0
              ],
              "autoUv":false
            }
          },
          "children":[]
        }
      ]
    }
  ],
  "groups":[]
}