{
  "textureWidth":16,
  "textureHeight":16,
  "textures":{
    "material":"game:item/tool/material/flint"
  },
  "textureSizes":{
    "material":[
      32,
      32
    ]
  },
  "elements":[
    {
      "name":"origin",
      "from":[
        10.63421630859375,
        0.5,
        7.699999988079071
      ],
      "to":[
        10.63421630859375,
        0.5,
        7.699999988079071
      ],
      "rotationOrigin":[
        8.0,
        0.0,
        8.0
      ],
      "group":"nonmetal_head",
      "faces":{
        "north":{
          "texture":"#0",
          "uv":[
            0,
            0,
            4,
            4
          ],
          "autoUv":false
        },
        "east":{
          "texture":"#0",
          "uv":[
            0,
            0,
            4,
            4
          ],
          "autoUv":false
        },
        "south":{
          "texture":"#0",
          "uv":[
            0,
            0,
            4,
            4
          ],
          "autoUv":false
        },
        "west":{
          "texture":"#0",
          "uv":[
            0,
            0,
            4,
            4
          ],
          "autoUv":false
        },
        "up":{
          "texture":"#material",
          "uv":[
            0.0,
            0.0,
            1.0,
            1.0
          ],
          "autoUv":false,
          "rotation":180
        },
        "down":{
          "texture":"#0",
          "uv":[
            0,
            0,
            4,
            4
          ],
          "autoUv":false
        }
      },
      "children":[
        {
          "name":"nonmetal_head 01",
          "from":[
            -2.602509468793869,
            0.9399135708808899,
            0.06675019860267639
          ],
          "to":[
            -2.075926810503006,
            1.5999409556388855,
            0.5364408195018768
          ],
          "rotationOrigin":[
            -2.3392181396484375,
            1.2699272632598877,
            0.3015955090522766
          ],
          "rotationX":-90.00004348561319,
          "rotationY":-5.151585231004315,
          "rotationZ":90.00011861769406,
          "group":"nonmetal_head",
          "faces":{
            "north":{
              "texture":"#material",
              "uv":[
                8.780567169189453,
                15.691278457641602,
                9.95324420928955,
                17.16112995147705
              ],
              "autoUv":false,
              "rotation":180
            },
            "east":{
              "texture":"#material",
              "uv":[
                10.9375,
                13.0,
                9.0,
                15.0
              ],
              "autoUv":false,
              "rotation":270
            },
            "south":{
              "texture":"#material",
              "uv":[
                15.0,
                17.0,
                16.999996185302734,
                19.0
              ],
              "autoUv":false,
              "rotation":180
            },
            "west":{
              "texture":"#material",
              "uv":[
                9.0,
                13.0,
                10.9375,
                15.0
              ],
              "autoUv":false,
              "rotation":90
            },
            "up":{
              "texture":"#material",
              "uv":[
                14.646056175231934,
                13.098358154296875,
                15.692035675048828,
                14.271036148071289
              ],
              "autoUv":false,
              "rotation":90
            },
            "down":{
              "texture":"#material",
              "uv":[
                18.403108596801758,
                21.165711402893066,
                17.357128143310547,
                19.993035316467285
              ],
              "autoUv":false,
              "rotation":90
            }
          },
          "children":[]
        },
        {
          "name":"nonmetal_head 02",
          "from":[
            -3.279454618692398,
            0.8240317702293396,
            0.06675013899803162
          ],
          "to":[
            -2.7533622682094574,
            1.5542543530464172,
            0.5364408791065216
          ],
          "rotationOrigin":[
            -3.0164084434509277,
            1.1891430616378784,
            0.3015955090522766
          ],
          "rotationX":89.99996835353231,
          "rotationY":8.292495959045691,
          "rotationZ":-89.9998795610731,
          "group":"nonmetal_head",
          "faces":{
            "north":{
              "texture":"#material",
              "uv":[
                15.0,
                19.0,
                16.999996185302734,
                20.0
              ],
              "autoUv":false
            },
            "east":{
              "texture":"#material",
              "uv":[
                9.0,
                13.0,
                6.0,
                15.0
              ],
              "autoUv":false,
              "rotation":90
            },
            "south":{
              "texture":"#material",
              "uv":[
                13.884801864624023,
                12.272357940673828,
                15.056386947631836,
                13.898530960083008
              ],
              "autoUv":false,
              "rotation":180
            },
            "west":{
              "texture":"#material",
              "uv":[
                6.0,
                13.0,
                9.0,
                15.0
              ],
              "autoUv":false,
              "rotation":270
            },
            "up":{
              "texture":"#material",
              "uv":[
                20.794086456298828,
                12.392478942871094,
                21.84006690979004,
                13.564062118530273
              ],
              "autoUv":false,
              "rotation":90
            },
            "down":{
              "texture":"#material",
              "uv":[
                21.714462280273438,
                10.880777359008789,
                20.668481826782227,
                9.709192276000977
              ],
              "autoUv":false,
              "rotation":90
            }
          },
          "children":[]
        },
        {
          "name":"nonmetal_head 03",
          "from":[
            -1.9653380811214447,
            0.9464130997657776,
            0.06675022840499878
          ],
          "to":[
            -1.4410950243473053,
            1.5703284442424774,
            0.5364408195018768
          ],
          "rotationOrigin":[
            -1.703216552734375,
            1.2583707571029663,
            0.3015955090522766
          ],
          "rotationX":89.999995674289,
          "rotationY":12.417253175231917,
          "rotationZ":89.99983174974892,
          "group":"nonmetal_head",
          "faces":{
            "north":{
              "texture":"#material",
              "uv":[
                15.0,
                15.0,
                16.999996185302734,
                17.0
              ],
              "autoUv":false,
              "rotation":180
            },
            "east":{
              "texture":"#material",
              "uv":[
                10.9375,
                13.0,
                12.0,
                15.0
              ],
              "autoUv":false,
              "rotation":90
            },
            "south":{
              "texture":"#material",
              "uv":[
                11.527444839477539,
                8.332735061645508,
                12.69491195678711,
                9.722166061401367
              ],
              "autoUv":false,
              "rotation":180
            },
            "west":{
              "texture":"#material",
              "uv":[
                12.0,
                13.0,
                10.9375,
                15.0
              ],
              "autoUv":false,
              "rotation":270
            },
            "up":{
              "texture":"#material",
              "uv":[
                17.391841888427734,
                5.990440368652344,
                18.437822341918945,
                7.157907485961914
              ],
              "autoUv":false,
              "rotation":90
            },
            "down":{
              "texture":"#material",
              "uv":[
                20.529783248901367,
                7.159000396728516,
                19.483802795410156,
                5.991533279418945
              ],
              "autoUv":false,
              "rotation":90
            }
          },
          "children":[]
        },
        {
          "name":"nonmetal_head 04",
          "from":[
            -0.8814042210578918,
            1.0304343402385712,
            0.06675019860267639
          ],
          "to":[
            -0.3157622218132019,
            1.5565266907215118,
            0.5364408195018768
          ],
          "rotationOrigin":[
            -0.5985832214355469,
            1.2934805154800415,
            0.3015955090522766
          ],
          "rotationX":90.00000933466734,
          "rotationY":1.7365593747764632,
          "rotationZ":-3.426776065173805e-05,
          "group":"nonmetal_head",
          "faces":{
            "north":{
              "texture":"#material",
              "uv":[
                15.0,
                11.0,
                16.999996185302734,
                13.0
              ],
              "autoUv":false,
              "rotation":270
            },
            "east":{
              "texture":"#material",
              "uv":[
                13.8858003616333,
                7.354572296142578,
                14.931780815124512,
                8.526155471801758
              ],
              "autoUv":false,
              "rotation":180
            },
            "south":{
              "texture":"#material",
              "uv":[
                18.5775203704834,
                11.021373748779297,
                19.74910545349121,
                12.28103256225586
              ],
              "autoUv":false,
              "rotation":90
            },
            "west":{
              "texture":"#material",
              "uv":[
                20.79617691040039,
                9.65548324584961,
                21.8421573638916,
                10.827068328857422
              ],
              "autoUv":false,
              "rotation":180
            },
            "up":{
              "texture":"#material",
              "uv":[
                14.0,
                13.0,
                16.0,
                15.0
              ],
              "autoUv":false
            },
            "down":{
              "texture":"#material",
              "uv":[
                14.0,
                15.0,
                16.0,
                13.0
              ],
              "autoUv":false,
              "rotation":180
            }
          },
          "children":[]
        },
        {
          "name":"nonmetal_head 05",
          "from":[
            -3.17546084523201,
            -0.2629311680793762,
            0.06675022840499878
          ],
          "to":[
            -2.6488780677318573,
            0.2890867590904236,
            0.5364407896995544
          ],
          "rotationOrigin":[
            -2.9121694564819336,
            0.013077795505523682,
            0.3015955090522766
          ],
          "rotationX":90.00002299504568,
          "rotationY":-6.937411614037726,
          "rotationZ":-89.99968831577634,
          "group":"nonmetal_head",
          "faces":{
            "north":{
              "texture":"#material",
              "uv":[
                22.28215217590332,
                22.334766387939453,
                23.4548282623291,
                23.564085960388184
              ],
              "autoUv":false,
              "rotation":180
            },
            "east":{
              "texture":"#material",
              "uv":[
                10.0,
                17.162148475646973,
                8.0,
                19.0
              ],
              "autoUv":false,
              "rotation":90
            },
            "south":{
              "texture":"#material",
              "uv":[
                21.788644790649414,
                15.491926193237305,
                22.961320877075195,
                16.72124671936035
              ],
              "autoUv":false,
              "rotation":180
            },
            "west":{
              "texture":"#material",
              "uv":[
                8.0,
                17.162148475646973,
                10.0,
                19.0
              ],
              "autoUv":false,
              "rotation":270
            },
            "up":{
              "texture":"#material",
              "uv":[
                21.788644790649414,
                14.31924819946289,
                22.834625244140625,
                15.491926193237305
              ],
              "autoUv":false,
              "rotation":90
            },
            "down":{
              "texture":"#material",
              "uv":[
                23.880605697631836,
                15.491926193237305,
                22.834625244140625,
                14.31924819946289
              ],
              "autoUv":false,
              "rotation":90
            }
          },
          "children":[]
        },
        {
          "name":"nonmetal_head 06",
          "from":[
            -1.8949260115623474,
            -0.10161277651786804,
            0.06675019860267639
          ],
          "to":[
            -0.6343784928321838,
            0.42497000098228455,
            0.5364407896995544
          ],
          "rotationOrigin":[
            -1.2646522521972656,
            0.16167861223220825,
            0.3015955090522766
          ],
          "rotationX":-90.00002299504568,
          "rotationY":173.16172889496627,
          "rotationZ":0.0002011779453230735,
          "group":"nonmetal_head",
          "faces":{
            "north":{
              "texture":"#material",
              "uv":[
                11.861274719238281,
                21.878657341003418,
                13.033951759338379,
                24.68584108352661
              ],
              "autoUv":false,
              "rotation":90
            },
            "east":{
              "texture":"#material",
              "uv":[
                17.725669860839844,
                16.670324325561523,
                18.771650314331055,
                17.84300136566162
              ],
              "autoUv":false,
              "rotation":180
            },
            "south":{
              "texture":"#material",
              "uv":[
                10.688597679138184,
                21.878657341003418,
                11.861273765563965,
                24.68584108352661
              ],
              "autoUv":false,
              "rotation":90
            },
            "west":{
              "texture":"#material",
              "uv":[
                17.724578857421875,
                18.124290466308594,
                18.770559310913086,
                19.296966552734375
              ],
              "autoUv":false,
              "rotation":180
            },
            "up":{
              "texture":"#material",
              "uv":[
                15.0,
                17.162148475646973,
                11.0,
                19.0
              ],
              "autoUv":false
            },
            "down":{
              "texture":"#material",
              "uv":[
                15.0,
                19.0,
                11.0,
                17.162148475646973
              ],
              "autoUv":false,
              "rotation":180
            }
          },
          "children":[]
        },
        {
          "name":"nonmetal_head 07",
          "from":[
            -1.0689604580402374,
            -0.08819468319416046,
            0.066750168800354
          ],
          "to":[
            -0.5466077029705048,
            0.15169866383075714,
            0.5364408493041992
          ],
          "rotationOrigin":[
            -0.8077840805053711,
            0.03175199031829834,
            0.3015955090522766
          ],
          "rotationX":90.00000933466734,
          "rotationY":38.116034587796236,
          "rotationZ":-90.00005714599153,
          "group":"nonmetal_head",
          "faces":{
            "north":{
              "texture":"#material",
              "uv":[
                26.48174476623535,
                17.028651237487793,
                27.015975952148438,
                18.19190788269043
              ],
              "autoUv":false,
              "rotation":90
            },
            "east":{
              "texture":"#material",
              "uv":[
                14.0,
                17.162148475646973,
                13.0,
                19.0
              ],
              "autoUv":false,
              "rotation":90
            },
            "south":{
              "texture":"#material",
              "uv":[
                26.35706329345703,
                18.940982818603516,
                26.891294479370117,
                20.10424041748047
              ],
              "autoUv":false,
              "rotation":90
            },
            "west":{
              "texture":"#material",
              "uv":[
                13.0,
                17.162148475646973,
                14.0,
                19.0
              ],
              "autoUv":false,
              "rotation":270
            },
            "up":{
              "texture":"#material",
              "uv":[
                23.771595001220703,
                10.925466537475586,
                24.817575454711914,
                12.088722229003906
              ],
              "autoUv":false,
              "rotation":90
            },
            "down":{
              "texture":"#material",
              "uv":[
                22.600011825561523,
                12.036886215209961,
                21.554031372070312,
                10.87363052368164
              ],
              "autoUv":false,
              "rotation":90
            }
          },
          "children":[]
        },
        {
          "name":"nonmetal_head 08",
          "from":[
            0.30565544962882996,
            0.09293821454048157,
            0.06675012409687042
          ],
          "to":[
            0.8851442635059357,
            0.6195209920406342,
            0.5364408940076828
          ],
          "rotationOrigin":[
            0.5953998565673828,
            0.35622960329055786,
            0.3015955090522766
          ],
          "rotationX":89.99995469315398,
          "rotationY":-170.1289473185622,
          "rotationZ":-0.0005006170351829818,
          "group":"nonmetal_head",
          "faces":{
            "north":{
              "texture":"#material",
              "uv":[
                6.510014533996582,
                9.498939514160156,
                7.6826910972595215,
                10.789434432983398
              ],
              "autoUv":false,
              "rotation":90
            },
            "east":{
              "texture":"#material",
              "uv":[
                5.337337493896484,
                8.227327346801758,
                6.383317947387695,
                9.400003433227539
              ],
              "autoUv":false,
              "rotation":180
            },
            "south":{
              "texture":"#material",
              "uv":[
                4.164660453796387,
                9.475767135620117,
                5.337337493896484,
                10.76626205444336
              ],
              "autoUv":false,
              "rotation":90
            },
            "west":{
              "texture":"#material",
              "uv":[
                7.68269157409668,
                8.262895584106445,
                8.728672981262207,
                9.435571670532227
              ],
              "autoUv":false,
              "rotation":180
            },
            "up":{
              "texture":"#material",
              "uv":[
                17.0,
                17.162148475646973,
                19.0,
                19.0
              ],
              "autoUv":false,
              "rotation":180
            },
            "down":{
              "texture":"#material",
              "uv":[
                17.0,
                19.0,
                19.0,
                17.162148475646973
              ],
              "autoUv":false
            }
          },
          "children":[]
        },
        {
          "name":"nonmetal_head 09",
          "from":[
            -2.100586198270321,
            1.016503244638443,
            0.06675009429454803
          ],
          "to":[
            -1.8811280503869057,
            1.538428157567978,
            0.5364409238100052
          ],
          "rotationOrigin":[
            -1.9908571243286133,
            1.2774657011032104,
            0.3015955090522766
          ],
          "rotationX":-89.999995674289,
          "rotationY":15.995386083273788,
          "rotationZ":-2.0523208041512304e-05,
          "group":"nonmetal_head",
          "faces":{
            "north":{
              "texture":"#material",
              "uv":[
                29.872379302978516,
                28.655339002609253,
                30.361103057861328,
                29.8176429271698
              ],
              "autoUv":false,
              "rotation":180
            },
            "east":{
              "texture":"#material",
              "uv":[
                28.699703216552734,
                27.426018714904785,
                29.745683670043945,
                28.58832287788391
              ],
              "autoUv":false,
              "rotation":180
            },
            "south":{
              "texture":"#material",
              "uv":[
                15.0,
                16.0,
                16.999996185302734,
                17.0
              ],
              "autoUv":false,
              "rotation":90
            },
            "west":{
              "texture":"#material",
              "uv":[
                28.826398849487305,
                28.655339002609253,
                29.872379302978516,
                29.8176429271698
              ],
              "autoUv":false,
              "rotation":180
            },
            "up":{
              "texture":"#material",
              "uv":[
                10.9375,
                13.0,
                10.0,
                15.0
              ],
              "autoUv":false,
              "rotation":180
            },
            "down":{
              "texture":"#material",
              "uv":[
                10.9375,
                15.0,
                10.0,
                13.0
              ],
              "autoUv":false
            }
          },
          "children":[]
        },
        {
          "name":"nonmetal_head 10",
          "from":[
            -1.464367389678955,
            1.037464588880539,
            0.06675030291080475
          ],
          "to":[
            -0.8360037803649902,
            1.5640473663806915,
            0.5364407151937485
          ],
          "rotationOrigin":[
            -1.1501855850219727,
            1.3007559776306152,
            0.3015955090522766
          ],
          "rotationX":90.00000933466734,
          "rotationY":-3.5879914323351394,
          "rotationZ":1.5149478114341037e-07,
          "group":"nonmetal_head",
          "faces":{
            "north":{
              "texture":"#material",
              "uv":[
                15.0,
                13.0,
                16.999996185302734,
                15.0
              ],
              "autoUv":false,
              "rotation":270
            },
            "east":{
              "texture":"#material",
              "uv":[
                5.237644195556641,
                8.403535842895508,
                6.283625602722168,
                9.576213836669922
              ],
              "autoUv":false,
              "rotation":180
            },
            "south":{
              "texture":"#material",
              "uv":[
                8.755675315856934,
                9.536018371582031,
                9.928352355957031,
                10.935358047485352
              ],
              "autoUv":false,
              "rotation":90
            },
            "west":{
              "texture":"#material",
              "uv":[
                9.931549072265625,
                8.392374038696289,
                10.977529525756836,
                9.56505012512207
              ],
              "autoUv":false,
              "rotation":180
            },
            "up":{
              "texture":"#material",
              "uv":[
                12.0,
                13.0,
                14.0,
                15.0
              ],
              "autoUv":false
            },
            "down":{
              "texture":"#material",
              "uv":[
                12.0,
                15.0,
                14.0,
                13.0
              ],
              "autoUv":false,
              "rotation":180
            }
          },
          "children":[]
        },
        {
          "name":"nonmetal_head 11",
          "from":[
            0.5057439506053925,
            -0.13180220127105713,
            0.06675027310848236
          ],
          "to":[
            1.032326728105545,
            2.2184466123580933,
            0.5364407449960709
          ],
          "rotationOrigin":[
            0.7690353393554688,
            1.043322205543518,
            0.3015955090522766
          ],
          "rotationX":90.00005031580235,
          "rotationY":-13.015433458778817,
          "rotationZ":90.00010495731571,
          "group":"nonmetal_head",
          "faces":{
            "north":{
              "texture":"#material",
              "uv":[
                15.0,
                5.0,
                16.999996185302734,
                11.0
              ],
              "autoUv":false,
              "rotation":180
            },
            "east":{
              "texture":"#material",
              "uv":[
                15.0,
                13.0,
                22.0,
                15.0
              ],
              "autoUv":false,
              "rotation":90
            },
            "south":{
              "texture":"#material",
              "uv":[
                9.092849731445312,
                21.990163803100586,
                10.265525817871094,
                27.224064826965332
              ],
              "autoUv":false,
              "rotation":180
            },
            "west":{
              "texture":"#material",
              "uv":[
                22.0,
                13.0,
                15.0,
                15.0
              ],
              "autoUv":false,
              "rotation":270
            },
            "up":{
              "texture":"#material",
              "uv":[
                18.011634826660156,
                22.909735679626465,
                19.057615280151367,
                24.082412719726562
              ],
              "autoUv":false,
              "rotation":90
            },
            "down":{
              "texture":"#material",
              "uv":[
                18.842086791992188,
                27.224064826965332,
                17.796106338500977,
                26.051388263702393
              ],
              "autoUv":false,
              "rotation":90
            }
          },
          "children":[]
        },
        {
          "name":"nonmetal_head 12",
          "from":[
            -3.689920336008072,
            -0.05389899015426636,
            -0.08138298988342285
          ],
          "to":[
            -3.1638279855251312,
            0.5781378149986267,
            0.6845740079879761
          ],
          "rotationOrigin":[
            -3.4268741607666016,
            0.2621194124221802,
            0.3015955090522766
          ],
          "rotationX":89.999995674289,
          "rotationY":-14.208357586946455,
          "rotationZ":-90.00002299504568,
          "group":"nonmetal_head",
          "faces":{
            "north":{
              "texture":"#material",
              "uv":[
                18.16834259033203,
                19.988204956054688,
                19.339927673339844,
                21.395724296569824
              ],
              "autoUv":false,
              "rotation":180
            },
            "east":{
              "texture":"#material",
              "uv":[
                6.0,
                17.0,
                4.0,
                19.0
              ],
              "autoUv":false,
              "rotation":90
            },
            "south":{
              "texture":"#material",
              "uv":[
                17.82611656188965,
                21.67589282989502,
                18.99770164489746,
                23.083412170410156
              ],
              "autoUv":false,
              "rotation":180
            },
            "west":{
              "texture":"#material",
              "uv":[
                4.0,
                17.0,
                6.0,
                19.0
              ],
              "autoUv":false,
              "rotation":270
            },
            "up":{
              "texture":"#material",
              "uv":[
                16.161026000976562,
                17.81312370300293,
                17.332611083984375,
                19.51887607574463
              ],
              "autoUv":false
            },
            "down":{
              "texture":"#material",
              "uv":[
                16.0,
                22.0,
                15.0,
                19.0
              ],
              "autoUv":false,
              "rotation":180
            }
          },
          "children":[]
        },
        {
          "name":"nonmetal_head 13",
          "from":[
            -2.701015144586563,
            -0.228311687707901,
            0.06675025820732117
          ],
          "to":[
            -1.858229011297226,
            0.2977805435657501,
            0.5364407598972321
          ],
          "rotationOrigin":[
            -2.2796220779418945,
            0.03473442792892456,
            0.3015955090522766
          ],
          "rotationX":90.00002982523485,
          "rotationY":-172.45826039159,
          "rotationZ":6.510234447632804e-05,
          "group":"nonmetal_head",
          "faces":{
            "north":{
              "texture":"#material",
              "uv":[
                11.116230010986328,
                14.611719131469727,
                12.287814140319824,
                16.488566398620605
              ],
              "autoUv":false,
              "rotation":90
            },
            "east":{
              "texture":"#material",
              "uv":[
                7.595002174377441,
                9.215946197509766,
                8.640982627868652,
                10.387531280517578
              ],
              "autoUv":false,
              "rotation":180
            },
            "south":{
              "texture":"#material",
              "uv":[
                9.940356254577637,
                12.9951171875,
                11.11194133758545,
                14.871963500976562
              ],
              "autoUv":false,
              "rotation":90
            },
            "west":{
              "texture":"#material",
              "uv":[
                9.940356254577637,
                9.251514434814453,
                10.986336708068848,
                10.423099517822266
              ],
              "autoUv":false,
              "rotation":180
            },
            "up":{
              "texture":"#material",
              "uv":[
                10.0,
                17.162148475646973,
                11.0,
                19.0
              ],
              "autoUv":false,
              "rotation":180
            },
            "down":{
              "texture":"#material",
              "uv":[
                10.0,
                19.0,
                11.0,
                17.162148475646973
              ],
              "autoUv":false
            }
          },
          "children":[]
        },
        {
          "name":"nonmetal_head 14",
          "from":[
            -1.2619895040988922,
            -0.302999883890152,
            -0.02485141158103943
          ],
          "to":[
            -0.7358971536159515,
            0.27229583263397217,
            0.6280423402786255
          ],
          "rotationOrigin":[
            -0.9989433288574219,
            -0.015351742506027222,
            0.3015955090522766
          ],
          "rotationX":90.00000933466734,
          "rotationY":-14.736341455072196,
          "rotationZ":-90.00000933466734,
          "group":"nonmetal_head",
          "faces":{
            "north":{
              "texture":"#material",
              "uv":[
                15.84874439239502,
                16.58144187927246,
                17.020328521728516,
                17.862600326538086
              ],
              "autoUv":false,
              "rotation":180
            },
            "east":{
              "texture":"#material",
              "uv":[
                14.0,
                17.162148475646973,
                12.0,
                19.71685218811035
              ],
              "autoUv":false,
              "rotation":90
            },
            "south":{
              "texture":"#material",
              "uv":[
                17.0,
                16.0,
                19.0,
                17.0
              ],
              "autoUv":false,
              "rotation":180
            },
            "west":{
              "texture":"#material",
              "uv":[
                12.0,
                17.162148475646973,
                14.000000953674316,
                19.71685218811035
              ],
              "autoUv":false,
              "rotation":270
            },
            "up":{
              "texture":"#material",
              "uv":[
                17.020328521728516,
                17.744013786315918,
                18.191913604736328,
                19.19797992706299
              ],
              "autoUv":false
            },
            "down":{
              "texture":"#material",
              "uv":[
                18.685420989990234,
                24.586854457855225,
                17.513835906982422,
                23.132888793945312
              ],
              "autoUv":false
            }
          },
          "children":[]
        },
        {
          "name":"nonmetal_head 15",
          "from":[
            -0.7496275305747986,
            -0.04561874270439148,
            0.06675024330615997
          ],
          "to":[
            0.3187040686607361,
            0.4823990762233734,
            0.5364407896995544
          ],
          "rotationOrigin":[
            -0.21546173095703125,
            0.21839016675949097,
            0.3015955090522766
          ],
          "rotationX":90.00000933466734,
          "rotationY":-170.4735440225677,
          "rotationZ":0.0001460022241666734,
          "group":"nonmetal_head",
          "faces":{
            "north":{
              "texture":"#material",
              "uv":[
                14.866626739501953,
                25.278964519500732,
                16.042499542236328,
                27.658092498779297
              ],
              "autoUv":false,
              "rotation":90
            },
            "east":{
              "texture":"#material",
              "uv":[
                19.22140121459961,
                23.340566635131836,
                20.267383575439453,
                24.51643991470337
              ],
              "autoUv":false,
              "rotation":180
            },
            "south":{
              "texture":"#material",
              "uv":[
                14.866626739501953,
                22.899837493896484,
                16.042499542236328,
                25.278964519500732
              ],
              "autoUv":false,
              "rotation":90
            },
            "west":{
              "texture":"#material",
              "uv":[
                18.879175186157227,
                25.252899646759033,
                19.925155639648438,
                26.42877197265625
              ],
              "autoUv":false,
              "rotation":180
            },
            "up":{
              "texture":"#material",
              "uv":[
                14.0,
                17.162148475646973,
                17.0,
                19.0
              ],
              "autoUv":false,
              "rotation":180
            },
            "down":{
              "texture":"#material",
              "uv":[
                14.0,
                19.0,
                17.0,
                17.162148475646973
              ],
              "autoUv":false
            }
          },
          "children":[]
        },
        {
          "name":"nonmetal_head 16",
          "from":[
            0.7998082637786865,
            0.31503018736839294,
            0.06675039231777191
          ],
          "to":[
            1.8089067935943604,
            0.8411225378513336,
            0.5364406257867813
          ],
          "rotationOrigin":[
            1.3043575286865234,
            0.5780763626098633,
            0.3015955090522766
          ],
          "rotationX":89.99996152334315,
          "rotationY":-158.48175357601963,
          "rotationZ":-0.0002441489346869574,
          "group":"nonmetal_head",
          "faces":{
            "north":{
              "texture":"#material",
              "uv":[
                6.41032075881958,
                14.939962387084961,
                7.581905364990234,
                17.18718433380127
              ],
              "autoUv":false,
              "rotation":90
            },
            "east":{
              "texture":"#material",
              "uv":[
                9.931547164916992,
                9.644695281982422,
                10.977527618408203,
                10.816278457641602
              ],
              "autoUv":false,
              "rotation":180
            },
            "south":{
              "texture":"#material",
              "uv":[
                7.581905364990234,
                14.939962387084961,
                8.753490447998047,
                17.18718433380127
              ],
              "autoUv":false,
              "rotation":90
            },
            "west":{
              "texture":"#material",
              "uv":[
                5.237644195556641,
                9.65585708618164,
                6.283624649047852,
                10.827442169189453
              ],
              "autoUv":false,
              "rotation":180
            },
            "up":{
              "texture":"#material",
              "uv":[
                19.0,
                17.162148475646973,
                22.0,
                19.0
              ],
              "autoUv":false,
              "rotation":180
            },
            "down":{
              "texture":"#material",
              "uv":[
                19.0,
                19.0,
                22.0,
                17.162148475646973
              ],
              "autoUv":false
            }
          },
          "children":[]
        },
        {
          "name":"nonmetal_head 17",
          "from":[
            -3.52036452293396,
            0.234119713306427,
            0.03861755132675171
          ],
          "to":[
            0.0290219783782959,
            1.131020724773407,
            0.5645734667778015
          ],
          "rotationOrigin":[
            -1.745671272277832,
            0.682570219039917,
            0.3015955090522766
          ],
          "rotationX":5.415300939853029e-16,
          "rotationY":1.1530738928802426e-17,
          "rotationZ":2.4395717495822464,
          "group":"nonmetal_head",
          "faces":{
            "north":{
              "texture":"#material",
              "uv":[
                16.0,
                15.0,
                6.0,
                19.0
              ],
              "autoUv":false
            },
            "east":{
              "texture":"#material",
              "uv":[
                14.35216236114502,
                13.418664932250977,
                17.647838592529297,
                18.315324783325195
              ],
              "autoUv":false,
              "rotation":270
            },
            "south":{
              "texture":"#material",
              "uv":[
                6.0,
                15.0,
                16.0,
                19.0
              ],
              "autoUv":false
            },
            "west":{
              "texture":"#material",
              "uv":[
                14.35216236114502,
                7.6278076171875,
                17.647838592529297,
                10.923480987548828
              ],
              "autoUv":false,
              "rotation":270
            },
            "up":{
              "texture":"#material",
              "uv":[
                17.647838592529297,
                10.923480987548828,
                20.943513870239258,
                13.418664932250977
              ],
              "autoUv":false,
              "rotation":270
            },
            "down":{
              "texture":"#material",
              "uv":[
                14.35216236114502,
                13.418664932250977,
                11.056486129760742,
                10.923480987548828
              ],
              "autoUv":false,
              "rotation":270
            }
          },
          "children":[]
        },
        {
          "name":"nonmetal_head 18",
          "from":[
            0.02868574857711792,
            0.33254095911979675,
            0.03861755132675171
          ],
          "to":[
            1.1316002011299133,
            1.1474252045154572,
            0.5645734667778015
          ],
          "rotationOrigin":[
            0.5801429748535156,
            0.739983081817627,
            0.3015955090522766
          ],
          "rotationX":5.415300939853029e-16,
          "rotationY":1.1530738928802426e-17,
          "rotationZ":2.4395717495822464,
          "group":"nonmetal_head",
          "faces":{
            "north":{
              "texture":"#material",
              "uv":[
                20.0,
                15.0,
                16.0,
                19.0
              ],
              "autoUv":false
            },
            "east":{
              "texture":"#material",
              "uv":[
                14.222883224487305,
                13.196992874145508,
                17.777116775512695,
                19.848678588867188
              ],
              "autoUv":false,
              "rotation":270
            },
            "south":{
              "texture":"#material",
              "uv":[
                16.0,
                15.0,
                20.0,
                19.0
              ],
              "autoUv":false
            },
            "west":{
              "texture":"#material",
              "uv":[
                14.222883224487305,
                7.6372528076171875,
                17.777116775512695,
                12.360824584960938
              ],
              "autoUv":false,
              "rotation":270
            },
            "up":{
              "texture":"#material",
              "uv":[
                17.777116775512695,
                12.360824584960938,
                21.331348419189453,
                13.196992874145508
              ],
              "autoUv":false,
              "rotation":270
            },
            "down":{
              "texture":"#material",
              "uv":[
                14.222883224487305,
                13.196992874145508,
                10.668651580810547,
                12.360824584960938
              ],
              "autoUv":false,
              "rotation":270
            }
          },
          "children":[]
        },
        {
          "name":"nonmetal_head 19",
          "from":[
            0.3911185562610626,
            0.2592080235481262,
            -0.03960612416267395
          ],
          "to":[
            0.7264847457408905,
            0.83748859167099,
            0.3719116747379303
          ],
          "rotationOrigin":[
            0.5588016510009766,
            0.5483483076095581,
            0.16615277528762817
          ],
          "rotationX":-90.66471651450381,
          "rotationY":11.017401635969572,
          "rotationZ":76.21720668395852,
          "group":"nonmetal_head",
          "faces":{
            "north":{
              "texture":"#material",
              "uv":[
                17.00000762939453,
                14.0,
                18.999998092651367,
                16.0000057220459
              ],
              "autoUv":false,
              "rotation":180
            },
            "east":{
              "texture":"#material",
              "uv":[
                13.999993324279785,
                14.000024795532227,
                15.999992370605469,
                16.00002670288086
              ],
              "autoUv":false,
              "rotation":180
            },
            "south":{
              "texture":"#material",
              "uv":[
                17.00000762939453,
                14.0,
                18.999998092651367,
                16.000019073486328
              ],
              "autoUv":false,
              "rotation":180
            },
            "west":{
              "texture":"#material",
              "uv":[
                14.000006675720215,
                14.000024795532227,
                16.00000762939453,
                16.00002670288086
              ],
              "autoUv":false,
              "rotation":180
            },
            "up":{
              "texture":"#material",
              "uv":[
                15.999979019165039,
                9.00002670288086,
                17.999977111816406,
                11.00002670288086
              ],
              "autoUv":false
            },
            "down":{
              "texture":"#material",
              "uv":[
                18.0000057220459,
                11.00002670288086,
                16.00000762939453,
                9.00002670288086
              ],
              "autoUv":false
            }
          },
          "children":[]
        },
        {
          "name":"nonmetal_head 20",
          "from":[
            -0.9087173491716385,
            0.8649780303239822,
            -0.060444414615631104
          ],
          "to":[
            -0.492085263133049,
            1.287927433848381,
            0.31161707639694214
          ],
          "rotationOrigin":[
            -0.7004013061523438,
            1.0764527320861816,
            0.12558633089065552
          ],
          "rotationX":-98.73233788663694,
          "rotationY":-16.09356834504543,
          "rotationZ":45.26500576184641,
          "group":"nonmetal_head",
          "faces":{
            "north":{
              "texture":"#material",
              "uv":[
                18.999998092651367,
                15.000009536743164,
                20.999996185302734,
                17.000008583068848
              ],
              "autoUv":false,
              "rotation":180
            },
            "east":{
              "texture":"#material",
              "uv":[
                18.999998092651367,
                12.000001907348633,
                20.999996185302734,
                14.0
              ],
              "autoUv":false,
              "rotation":180
            },
            "south":{
              "texture":"#material",
              "uv":[
                18.999998092651367,
                15.000009536743164,
                20.999996185302734,
                17.000008583068848
              ],
              "autoUv":false,
              "rotation":180
            },
            "west":{
              "texture":"#material",
              "uv":[
                18.999998092651367,
                12.000001907348633,
                20.999996185302734,
                14.0
              ],
              "autoUv":false,
              "rotation":180
            },
            "up":{
              "texture":"#material",
              "uv":[
                18.999998092651367,
                12.000001907348633,
                20.999996185302734,
                14.0
              ],
              "autoUv":false,
              "rotation":90
            },
            "down":{
              "texture":"#material",
              "uv":[
                20.999996185302734,
                14.0,
                18.999998092651367,
                12.000001907348633
              ],
              "autoUv":false,
              "rotation":90
            }
          },
          "children":[]
        },
        {
          "name":"nonmetal_head 21",
          "from":[
            -2.791218563914299,
            0.4426156133413315,
            0.24974805116653442
          ],
          "to":[
            -2.3722679167985916,
            0.8679186254739761,
            0.6238802075386047
          ],
          "rotationOrigin":[
            -2.5817432403564453,
            0.6552671194076538,
            0.4368141293525696
          ],
          "rotationX":-78.87706676186909,
          "rotationY":-14.258128321654691,
          "rotationZ":122.25970312431124,
          "group":"nonmetal_head",
          "faces":{
            "north":{
              "texture":"#material",
              "uv":[
                18.999998092651367,
                14.999979019165039,
                20.999996185302734,
                16.999977111816406
              ],
              "autoUv":false,
              "rotation":180
            },
            "east":{
              "texture":"#material",
              "uv":[
                18.999998092651367,
                12.000001907348633,
                20.999996185302734,
                14.0
              ],
              "autoUv":false,
              "rotation":180
            },
            "south":{
              "texture":"#material",
              "uv":[
                18.999998092651367,
                15.000005722045898,
                20.999996185302734,
                17.000004768371582
              ],
              "autoUv":false,
              "rotation":180
            },
            "west":{
              "texture":"#material",
              "uv":[
                18.999998092651367,
                12.000001907348633,
                20.999996185302734,
                14.0
              ],
              "autoUv":false,
              "rotation":180
            },
            "up":{
              "texture":"#material",
              "uv":[
                18.999998092651367,
                12.000001907348633,
                20.999996185302734,
                14.0
              ],
              "autoUv":false,
              "rotation":90
            },
            "down":{
              "texture":"#material",
              "uv":[
                20.999996185302734,
                14.0,
                18.999998092651367,
                12.000001907348633
              ],
              "autoUv":false,
              "rotation":90
            }
          },
          "children":[]
        },
        {
          "name":"nonmetal_head 22",
          "from":[
            -0.07229429483413696,
            0.26456642150878906,
            0.2809024304151535
          ],
          "to":[
            0.2332192063331604,
            0.7913713455200195,
            0.6557884961366653
          ],
          "rotationOrigin":[
            0.08046245574951172,
            0.5279688835144043,
            0.4683454632759094
          ],
          "rotationX":-98.00865885350657,
          "rotationY":8.41197987329131,
          "rotationZ":110.0521401716933,
          "group":"nonmetal_head",
          "faces":{
            "north":{
              "texture":"#material",
              "uv":[
                17.00000762939453,
                14.0,
                18.999998092651367,
                15.99998664855957
              ],
              "autoUv":false,
              "rotation":180
            },
            "east":{
              "texture":"#material",
              "uv":[
                13.999993324279785,
                13.99997329711914,
                15.999992370605469,
                15.999975204467773
              ],
              "autoUv":false,
              "rotation":180
            },
            "south":{
              "texture":"#material",
              "uv":[
                16.99997901916504,
                14.0,
                18.999998092651367,
                15.99998664855957
              ],
              "autoUv":false,
              "rotation":180
            },
            "west":{
              "texture":"#material",
              "uv":[
                14.000006675720215,
                13.99997329711914,
                16.00000762939453,
                15.999975204467773
              ],
              "autoUv":false,
              "rotation":180
            },
            "up":{
              "texture":"#material",
              "uv":[
                16.00000762939453,
                8.99997329711914,
                18.0000057220459,
                10.99997329711914
              ],
              "autoUv":false
            },
            "down":{
              "texture":"#material",
              "uv":[
                18.0000057220459,
                10.99997329711914,
                16.00000762939453,
                8.99997329711914
              ],
              "autoUv":false
            }
          },
          "children":[]
        },
        {
          "name":"nonmetal_head 23",
          "from":[
            0.8855237364768982,
            0.17303739488124847,
            0.11675393581390381
          ],
          "to":[
            1.8946238160133362,
            0.5483174473047256,
            0.4887564182281494
          ],
          "rotationOrigin":[
            1.3900737762451172,
            0.36067742109298706,
            0.3027551770210266
          ],
          "rotationX":42.932052197991005,
          "rotationY":-164.9676192495937,
          "rotationZ":-15.578346685383858,
          "group":"nonmetal_head",
          "faces":{
            "north":{
              "texture":"#material",
              "uv":[
                22.0,
                12.000001907348633,
                25.0,
                13.000001907348633
              ],
              "autoUv":false
            },
            "east":{
              "texture":"#material",
              "uv":[
                22.750804901123047,
                19.062636375427246,
                23.57923698425293,
                19.89836883544922
              ],
              "autoUv":false,
              "rotation":180
            },
            "south":{
              "texture":"#material",
              "uv":[
                19.914278030395508,
                18.827019691467285,
                20.750011444091797,
                21.074240684509277
              ],
              "autoUv":false,
              "rotation":90
            },
            "west":{
              "texture":"#material",
              "uv":[
                20.750011444091797,
                18.8309907913208,
                21.578445434570312,
                19.666723251342773
              ],
              "autoUv":false,
              "rotation":180
            },
            "up":{
              "texture":"#material",
              "uv":[
                19.0,
                17.162148475646973,
                22.0,
                18.617756843566895
              ],
              "autoUv":false,
              "rotation":180
            },
            "down":{
              "texture":"#material",
              "uv":[
                22.0,
                13.000001907348633,
                25.0,
                12.000001907348633
              ],
              "autoUv":false
            }
          },
          "children":[]
        },
        {
          "name":"nonmetal_head 24",
          "from":[
            0.3454866409301758,
            -0.06029890477657318,
            0.11730027198791504
          ],
          "to":[
            0.9249753952026367,
            0.3149472326040268,
            0.48547303676605225
          ],
          "rotationOrigin":[
            0.6352310180664062,
            0.1273241639137268,
            0.30138665437698364
          ],
          "rotationX":44.57274901399269,
          "rotationY":-173.0375287350988,
          "rotationZ":-7.014590190337932,
          "group":"nonmetal_head",
          "faces":{
            "north":{
              "texture":"#material",
              "uv":[
                20.0,
                12.000001907348633,
                22.0,
                13.000001907348633
              ],
              "autoUv":false
            },
            "east":{
              "texture":"#material",
              "uv":[
                16.77547264099121,
                3.186687469482422,
                17.59537696838379,
                4.022342681884766
              ],
              "autoUv":false,
              "rotation":180
            },
            "south":{
              "texture":"#material",
              "uv":[
                23.432456970214844,
                5.038393020629883,
                24.26811408996582,
                6.328887939453125
              ],
              "autoUv":false,
              "rotation":90
            },
            "west":{
              "texture":"#material",
              "uv":[
                17.951345443725586,
                3.215717315673828,
                18.771249771118164,
                4.051374435424805
              ],
              "autoUv":false,
              "rotation":180
            },
            "up":{
              "texture":"#material",
              "uv":[
                17.0,
                17.162148475646973,
                19.0,
                18.60276985168457
              ],
              "autoUv":false,
              "rotation":180
            },
            "down":{
              "texture":"#material",
              "uv":[
                20.0,
                13.000001907348633,
                22.0,
                12.000001907348633
              ],
              "autoUv":false
            }
          },
          "children":[]
        },
        {
          "name":"nonmetal_head 25",
          "from":[
            1.727255955338478,
            0.5901561081409454,
            0.06914997100830078
          ],
          "to":[
            2.0996063798666,
            0.9625060260295868,
            0.5340429544448853
          ],
          "rotationOrigin":[
            1.913431167602539,
            0.7763310670852661,
            0.301596462726593
          ],
          "rotationX":90.0000639761807,
          "rotationY":-13.015442850288926,
          "rotationZ":135.0002189076761,
          "group":"nonmetal_head",
          "faces":{
            "north":{
              "texture":"#material",
              "uv":[
                15.0,
                4.011678695678711,
                16.999996185302734,
                6.0
              ],
              "autoUv":false,
              "rotation":90
            },
            "east":{
              "texture":"#material",
              "uv":[
                15.0,
                13.020427703857422,
                16.109010696411133,
                15.0
              ],
              "autoUv":false,
              "rotation":90
            },
            "south":{
              "texture":"#material",
              "uv":[
                16.999996185302734,
                5.0,
                15.0,
                7.0
              ],
              "autoUv":false,
              "rotation":270
            },
            "west":{
              "texture":"#material",
              "uv":[
                26.979572296142578,
                12.000001907348633,
                25.0,
                13.000001907348633
              ],
              "autoUv":false
            },
            "up":{
              "texture":"#material",
              "uv":[
                22.997329711914062,
                17.822986602783203,
                23.8265380859375,
                18.858283042907715
              ],
              "autoUv":false
            },
            "down":{
              "texture":"#material",
              "uv":[
                26.979572296142578,
                13.000001907348633,
                25.0,
                12.000001907348633
              ],
              "autoUv":false,
              "rotation":90
            }
          },
          "children":[]
        },
        {
          "name":"nonmetal_head 26",
          "from":[
            -0.7844842672348022,
            -0.20448100566864014,
            0.1173003613948822
          ],
          "to":[
            0.35766541957855225,
            0.1707649827003479,
            0.48546913266181946
          ],
          "rotationOrigin":[
            -0.213409423828125,
            -0.016858011484146118,
            0.30138474702835083
          ],
          "rotationX":44.602180299126275,
          "rotationY":-173.27938573360893,
          "rotationZ":-6.76737149332932,
          "group":"nonmetal_head",
          "faces":{
            "north":{
              "texture":"#material",
              "uv":[
                16.0,
                12.000001907348633,
                20.0,
                13.000001907348633
              ],
              "autoUv":false
            },
            "east":{
              "texture":"#material",
              "uv":[
                23.247480392456055,
                10.490365982055664,
                24.06737518310547,
                11.32602310180664
              ],
              "autoUv":false,
              "rotation":180
            },
            "south":{
              "texture":"#material",
              "uv":[
                19.64178466796875,
                19.193717002868652,
                20.477439880371094,
                21.737234115600586
              ],
              "autoUv":false,
              "rotation":90
            },
            "west":{
              "texture":"#material",
              "uv":[
                22.201499938964844,
                10.49348258972168,
                23.021394729614258,
                11.329139709472656
              ],
              "autoUv":false,
              "rotation":180
            },
            "up":{
              "texture":"#material",
              "uv":[
                13.792709350585938,
                17.162148475646973,
                17.0,
                18.60275650024414
              ],
              "autoUv":false,
              "rotation":180
            },
            "down":{
              "texture":"#material",
              "uv":[
                16.0,
                13.000001907348633,
                20.0,
                12.000001907348633
              ],
              "autoUv":false
            }
          },
          "children":[]
        },
        {
          "name":"nonmetal_head 27",
          "from":[
            -2.672675311565399,
            -0.3468363881111145,
            0.11576956510543823
          ],
          "to":[
            -1.2619369626045227,
            0.025615453720092773,
            0.48765796422958374
          ],
          "rotationOrigin":[
            -1.967306137084961,
            -0.16061046719551086,
            0.301713764667511
          ],
          "rotationX":44.75110574378923,
          "rotationY":-174.67501194709598,
          "rotationZ":-5.348351881934981,
          "group":"nonmetal_head",
          "faces":{
            "north":{
              "texture":"#material",
              "uv":[
                11.0,
                12.000001907348633,
                16.0,
                13.000001907348633
              ],
              "autoUv":false
            },
            "east":{
              "texture":"#material",
              "uv":[
                24.73883628845215,
                20.107484817504883,
                25.567014694213867,
                20.93691921234131
              ],
              "autoUv":false,
              "rotation":180
            },
            "south":{
              "texture":"#material",
              "uv":[
                19.13212013244629,
                23.184141159057617,
                19.9615535736084,
                26.325793743133545
              ],
              "autoUv":false,
              "rotation":90
            },
            "west":{
              "texture":"#material",
              "uv":[
                24.402982711791992,
                20.950716018676758,
                25.23116111755371,
                21.780149459838867
              ],
              "autoUv":false,
              "rotation":180
            },
            "up":{
              "texture":"#material",
              "uv":[
                10.0,
                17.162148475646973,
                11.673897743225098,
                18.6173095703125
              ],
              "autoUv":false,
              "rotation":180
            },
            "down":{
              "texture":"#material",
              "uv":[
                11.0,
                13.000001907348633,
                16.0,
                12.000001907348633
              ],
              "autoUv":false
            }
          },
          "children":[]
        },
        {
          "name":"nonmetal_head 28",
          "from":[
            -3.1264718770980835,
            -0.4959592819213867,
            0.11552929878234863
          ],
          "to":[
            -2.754574418067932,
            0.05605882406234741,
            0.4877074956893921
          ],
          "rotationOrigin":[
            -2.940523147583008,
            -0.21995022892951965,
            0.30161839723587036
          ],
          "rotationX":135.21050677184246,
          "rotationY":-4.899405682224159,
          "rotationZ":-85.08239607566321,
          "group":"nonmetal_head",
          "faces":{
            "north":{
              "texture":"#material",
              "uv":[
                22.471195220947266,
                4.994884490966797,
                23.299392700195312,
                6.224205017089844
              ],
              "autoUv":false,
              "rotation":180
            },
            "east":{
              "texture":"#material",
              "uv":[
                10.0,
                17.54370403289795,
                8.0,
                19.0
              ],
              "autoUv":false,
              "rotation":90
            },
            "south":{
              "texture":"#material",
              "uv":[
                11.0,
                12.000001907348633,
                9.0,
                13.000001907348633
              ],
              "autoUv":false,
              "rotation":90
            },
            "west":{
              "texture":"#material",
              "uv":[
                9.0,
                12.000001907348633,
                11.0,
                13.000001907348633
              ],
              "autoUv":false,
              "rotation":270
            },
            "up":{
              "texture":"#material",
              "uv":[
                22.597890853881836,
                7.915197372436523,
                23.426090240478516,
                8.744020462036133
              ],
              "autoUv":false
            },
            "down":{
              "texture":"#material",
              "uv":[
                15.469732284545898,
                5.271524429321289,
                14.641532897949219,
                4.442699432373047
              ],
              "autoUv":false
            }
          },
          "children":[]
        },
        {
          "name":"nonmetal_head 29",
          "from":[
            -3.7061090916395187,
            -0.4245646595954895,
            0.1155935674905777
          ],
          "to":[
            -3.3341054469347,
            0.2058882713317871,
            0.4875974655151367
          ],
          "rotationOrigin":[
            -3.5201072692871094,
            -0.1093381941318512,
            0.3015955090522766
          ],
          "rotationX":135.88989202820528,
          "rotationY":-9.994782298340677,
          "rotationZ":-79.849569586463,
          "group":"nonmetal_head",
          "faces":{
            "north":{
              "texture":"#material",
              "uv":[
                19.81356430053711,
                14.397758483886719,
                20.642000198364258,
                15.801750183105469
              ],
              "autoUv":false,
              "rotation":180
            },
            "east":{
              "texture":"#material",
              "uv":[
                8.0,
                18.107406616210938,
                4.010024070739746,
                19.0
              ],
              "autoUv":false,
              "rotation":90
            },
            "south":{
              "texture":"#material",
              "uv":[
                9.0,
                12.000001907348633,
                7.005011558532715,
                13.000001907348633
              ],
              "autoUv":false,
              "rotation":90
            },
            "west":{
              "texture":"#material",
              "uv":[
                7.005011558532715,
                12.000001907348633,
                9.0,
                13.000001907348633
              ],
              "autoUv":false,
              "rotation":270
            },
            "up":{
              "texture":"#material",
              "uv":[
                9.848796844482422,
                7.776454925537109,
                10.67723274230957,
                8.60489273071289
              ],
              "autoUv":false
            },
            "down":{
              "texture":"#material",
              "uv":[
                16.999996185302734,
                23.0,
                15.0,
                22.0
              ],
              "autoUv":false,
              "rotation":180
            }
          },
          "children":[]
        },
        {
          "name":"nonmetal_head 30",
          "from":[
            -4.586743265390396,
            0.4382871985435486,
            -0.3621562123298645
          ],
          "to":[
            -4.08022603392601,
            1.0703240036964417,
            0.9653472304344177
          ],
          "rotationOrigin":[
            -4.333484649658203,
            0.7543056011199951,
            0.3015955090522766
          ],
          "rotationX":90.00134122155549,
          "rotationY":-89.18073497391347,
          "rotationZ":-89.99863646664416,
          "group":"nonmetal_head",
          "faces":{
            "north":{
              "texture":"#material",
              "uv":[
                18.16834259033203,
                19.988204956054688,
                19.339927673339844,
                21.395724296569824
              ],
              "autoUv":false,
              "rotation":180
            },
            "east":{
              "texture":"#material",
              "uv":[
                5.999999523162842,
                16.87693500518799,
                4.000000953674316,
                20.34319305419922
              ],
              "autoUv":false,
              "rotation":90
            },
            "south":{
              "texture":"#material",
              "uv":[
                18.0,
                21.0,
                18.99770164489746,
                23.0
              ],
              "autoUv":false,
              "rotation":180
            },
            "west":{
              "texture":"#material",
              "uv":[
                4.0,
                16.876934051513672,
                6.000000476837158,
                20.343195915222168
              ],
              "autoUv":false,
              "rotation":270
            },
            "up":{
              "texture":"#material",
              "uv":[
                16.161026000976562,
                17.708165168762207,
                17.332616806030273,
                20.664450645446777
              ],
              "autoUv":false
            },
            "down":{
              "texture":"#material",
              "uv":[
                21.0,
                16.0,
                19.0,
                12.0
              ],
              "autoUv":false,
              "rotation":180
            }
          },
          "children":[]
        },
        {
          "name":"nonmetal_head 31",
          "from":[
            -4.5604937970638275,
            -0.07785940170288086,
            -0.38703662157058716
          ],
          "to":[
            -4.0494867861270905,
            0.5541772544384003,
            0.9902276396751404
          ],
          "rotationOrigin":[
            -4.304990291595459,
            0.2381589412689209,
            0.3015955090522766
          ],
          "rotationX":90.0138199771691,
          "rotationY":-89.8673192496615,
          "rotationZ":-89.98044767288442,
          "group":"nonmetal_head",
          "faces":{
            "north":{
              "texture":"#material",
              "uv":[
                18.16834259033203,
                19.988204956054688,
                19.339927673339844,
                21.395724296569824
              ],
              "autoUv":false,
              "rotation":180
            },
            "east":{
              "texture":"#material",
              "uv":[
                6.0,
                17.0,
                4.000000476837158,
                19.973641395568848
              ],
              "autoUv":false,
              "rotation":90
            },
            "south":{
              "texture":"#material",
              "uv":[
                18.0,
                21.0,
                19.0,
                23.0
              ],
              "autoUv":false,
              "rotation":180
            },
            "west":{
              "texture":"#material",
              "uv":[
                4.0,
                17.0,
                5.999999046325684,
                19.97364330291748
              ],
              "autoUv":false,
              "rotation":270
            },
            "up":{
              "texture":"#material",
              "uv":[
                21.0,
                12.0,
                19.0,
                16.0
              ],
              "autoUv":false
            },
            "down":{
              "texture":"#material",
              "uv":[
                16.0,
                23.46046257019043,
                15.0,
                19.0
              ],
              "autoUv":false,
              "rotation":180
            }
          },
          "children":[]
        },
        {
          "name":"nonmetal_head 32",
          "from":[
            -3.932362675666809,
            0.6147504448890686,
            -0.09460636973381042
          ],
          "to":[
            -3.4017876386642456,
            1.2467865347862244,
            0.6987396776676178
          ],
          "rotationOrigin":[
            -3.6670751571655273,
            0.9307684898376465,
            0.3020666241645813
          ],
          "rotationX":90.00005031580235,
          "rotationY":-68.79383607509767,
          "rotationZ":-89.99994103277564,
          "group":"nonmetal_head",
          "faces":{
            "north":{
              "texture":"#material",
              "uv":[
                18.16834259033203,
                19.988204956054688,
                19.339927673339844,
                21.395724296569824
              ],
              "autoUv":false,
              "rotation":180
            },
            "east":{
              "texture":"#material",
              "uv":[
                4.999999523162842,
                16.000000953674316,
                3.000000476837158,
                18.999998092651367
              ],
              "autoUv":false,
              "rotation":90
            },
            "south":{
              "texture":"#material",
              "uv":[
                17.82611656188965,
                21.67589282989502,
                18.99770164489746,
                23.083412170410156
              ],
              "autoUv":false,
              "rotation":180
            },
            "west":{
              "texture":"#material",
              "uv":[
                3.0,
                16.0,
                5.0,
                19.000000953674316
              ],
              "autoUv":false,
              "rotation":270
            },
            "up":{
              "texture":"#material",
              "uv":[
                16.161026000976562,
                17.708165168762207,
                17.33261489868164,
                19.474909782409668
              ],
              "autoUv":false
            },
            "down":{
              "texture":"#material",
              "uv":[
                17.000001907348633,
                22.0,
                15.0,
                21.0
              ],
              "autoUv":false,
              "rotation":180
            }
          },
          "children":[]
        }
      ]
    }
  ],
  "groups":[]
}