[
  {
    "ingredientPattern": "P,P,P",
    "ingredients": {
      "P": { "type": "item", "code": "game:plank-{wood}", "quantity": 2 }
    },
    "width": 1, "height": 3, "recipeGroup": 1,
    "output": {
      "type": "block",
      "code": "pieshelf-normal-east",
      "attributes": {
        "FSAttributes": {
          "wood": "{wood}"
        }
      }
    }
  },
  {
    "ingredientPattern": "P,P,P",
    "ingredients": {
      "P": { "type": "item", "code": "*:plank-*", "quantity": 2 }
    },
    "width": 1, "height": 3, "recipeGroup": 1,
    "output": { "type": "block", "code": "pieshelf-normal-east" }
  }
]
