{
	"editor": {
		"allAngles": true,
		"entityTextureMode": true
	},
	"textureWidth": 60,
	"textureHeight": 76,
	"textureSizes": {
		"skin": [60,76]
	},
	"textures": {
	},
	"elements": [
		{
			"name": "Neck",
			"from": [ 15.4, 10.0, 6.05 ],
			"to": [ 19.9, 17.0, 9.95 ],
			"unwrapMode": 2,
			"uv": [ 6.0, 12.5 ],
			"rotationOrigin": [ 19.3, 10.0, 8.0 ],
			"rotationZ": 48.0,
			"faces": {
				"north": { "texture": "#skin", "uv": [ 14.0, 17.0, 18.5, 24.0 ], "windMode": [-1,-1,-1,-1], "windData": [0,0,1,0] },
				"east": { "texture": "#skin", "uv": [ 10.5, 17.0, 14.0, 24.0 ], "windMode": [-1,-1,-1,-1], "windData": [1,0,0,1] },
				"south": { "texture": "#skin", "uv": [ 6.0, 17.0, 10.5, 24.0 ] },
				"west": { "texture": "#skin", "uv": [ 18.5, 17.0, 22.0, 24.0 ] },
				"up": { "texture": "#skin", "uv": [ 10.5, 12.5, 14.0, 17.0 ], "rotation": 270 }
			},
			"children": [
				{
					"name": "Neck2",
					"from": [ 0.1, 7.0, 0.3 ],
					"to": [ 4.1, 12.0, 3.6 ],
					"unwrapMode": 4,
					"autoUnwrap": false,
					"uv": [ 6.5, 0.5 ],
					"rotationOrigin": [ 0.1, 7.0, 1.95 ],
					"rotationZ": -30.0,
					"faces": {
						"north": { "texture": "#skin", "uv": [ 13.5, 4.5, 17.5, 9.5 ] },
						"east": { "texture": "#skin", "uv": [ 10.5, 4.5, 13.5, 9.5 ] },
						"south": { "texture": "#skin", "uv": [ 6.5, 4.5, 10.5, 9.5 ] },
						"west": { "texture": "#skin", "uv": [ 17.5, 4.5, 20.5, 9.5 ] },
						"up": { "texture": "#skin", "uv": [ 10.5, 0.5, 13.5, 4.5 ], "rotation": 270 },
						"down": { "texture": "#skin", "uv": [ 10.5, 12.5, 13.5, 16.5 ], "rotation": 90, "windMode": [-1,-1,-1,-1], "windData": [1,1,1,1] }
					},
					"children": [
						{
							"name": "Head",
							"from": [ 1.1, 1.6, -0.1 ],
							"to": [ 4.4, 5.6, 3.4 ],
							"unwrapMode": 4,
							"uv": [ 22.5, 5.0 ],
							"rotationOrigin": [ 3.9, 5.6, 1.65 ],
							"rotationZ": -40.0,
							"faces": {
								"north": { "texture": "#skin", "uv": [ 22.5, 8.0, 25.5, 12.0 ] },
								"east": { "texture": "#skin", "uv": [ 32.0, 8.0, 35.5, 12.0 ] },
								"south": { "texture": "#skin", "uv": [ 29.0, 8.0, 32.0, 12.0 ] },
								"west": { "texture": "#skin", "uv": [ 25.5, 8.0, 29.0, 12.0 ] },
								"up": { "texture": "#skin", "uv": [ 25.5, 5.0, 29.0, 8.0 ], "rotation": 90 },
								"down": { "texture": "#skin", "uv": [ 25.5, 12.0, 29.0, 15.0 ], "rotation": 90 }
							},
							"children": [
								{
									"name": "MouthUp",
									"from": [ -3.3, 0.7, 0.75 ],
									"to": [ 0.3, 1.7, 2.75 ],
									"unwrapMode": 6,
									"unwrapRotation": 1,
									"uv": [ 26.0, 18.0 ],
									"rotationOrigin": [ 0.0, 1.9, 1.8 ],
									"rotationZ": 30.0,
									"faces": {
										"north": { "texture": "#skin", "uv": [ 26.0, 19.0, 27.0, 22.5 ], "rotation": 90 },
										"south": { "texture": "#skin", "uv": [ 29.0, 19.0, 30.0, 22.5 ], "rotation": 270 },
										"west": { "texture": "#skin", "uv": [ 27.0, 18.0, 29.0, 19.0 ] },
										"up": { "texture": "#skin", "uv": [ 30.0, 19.0, 32.0, 22.5 ], "rotation": 270, "windMode": [-1,-1,-1,-1], "windData": [1,1,1,1] },
										"down": { "texture": "#skin", "uv": [ 27.0, 19.0, 29.0, 22.5 ], "rotation": 90 }
									},
									"children": [
										{
											"name": "Nose",
											"from": [ 0.7, 0.4, 0.1 ],
											"to": [ 4.7, 1.6, 1.9 ],
											"unwrapMode": 5,
											"unwrapRotation": 1,
											"uv": [ 33.0, 19.0 ],
											"rotationOrigin": [ 0.7, 0.5, 0.7 ],
											"rotationZ": 14.0,
											"faces": {
												"north": { "texture": "#skin", "uv": [ 33.0, 19.0, 34.0, 23.0 ], "rotation": 270 },
												"south": { "texture": "#skin", "uv": [ 35.5, 19.0, 36.5, 23.0 ], "rotation": 90 },
												"west": { "texture": "#skin", "uv": [ 34.0, 23.0, 35.5, 24.0 ], "windMode": [-1,-1,-1,-1], "windData": [1,1,1,1] },
												"up": { "texture": "#skin", "uv": [ 34.0, 19.0, 35.5, 23.0 ], "rotation": 90 }
											},
											"children": [
												{
													"name": "Snout",
													"from": [ -0.8, 0.2, 0.25 ],
													"to": [ 0.2, 1.2, 1.55 ],
													"unwrapMode": 4,
													"uv": [ 33.0, 25.0 ],
													"rotationOrigin": [ -0.8, 1.2, 0.9 ],
													"rotationZ": -2.0,
													"faces": {
														"north": { "texture": "#skin", "uv": [ 33.0, 26.0, 34.0, 27.0 ], "windMode": [-1,-1,-1,-1], "windData": [1,1,1,1] },
														"east": { "texture": "#skin", "uv": [ 36.0, 26.0, 37.0, 27.0 ], "windMode": [-1,-1,-1,-1], "windData": [1,1,1,1] },
														"south": { "texture": "#skin", "uv": [ 35.0, 26.0, 36.0, 27.0 ], "windMode": [-1,-1,-1,-1], "windData": [1,1,1,1] },
														"west": { "texture": "#skin", "uv": [ 34.0, 26.0, 35.0, 27.0 ], "windMode": [-1,-1,-1,-1], "windData": [1,1,1,1] },
														"up": { "texture": "#skin", "uv": [ 34.0, 25.0, 35.0, 26.0 ], "rotation": 90, "windMode": [-1,-1,-1,-1], "windData": [1,1,1,1] },
														"down": { "texture": "#skin", "uv": [ 34.0, 27.0, 35.0, 28.0 ], "rotation": 90, "windMode": [-1,-1,-1,-1], "windData": [1,1,1,1] }
													}
												}
											]
										},
										{
											"name": "Jaw",
											"from": [ 2.0, -1.2, 0.1 ],
											"to": [ 3.9, 0.5, 1.9 ],
											"unwrapMode": 5,
											"unwrapRotation": 1,
											"autoUnwrap": false,
											"uv": [ 25.5, 23.5 ],
											"rotationOrigin": [ 3.5, 0.0, 1.0 ],
											"rotationZ": -19.0,
											"faces": {
												"north": { "texture": "#skin", "uv": [ 25.5, 23.5, 27.0, 25.0 ], "rotation": 270 },
												"south": { "texture": "#skin", "uv": [ 28.5, 23.5, 30.0, 25.0 ], "rotation": 90 },
												"west": { "texture": "#skin", "uv": [ 27.0, 24.5, 28.5, 25.5 ], "autoUv": false },
												"up": { "texture": "#skin", "uv": [ 27.0, 23.5, 28.5, 25.0 ], "rotation": 90 },
												"down": { "texture": "#skin", "uv": [ 30.0, 23.5, 31.5, 25.0 ], "rotation": 270 }
											},
											"children": [
												{
													"name": "Jaw2",
													"from": [ -1.6, 0.0, 0.05 ],
													"to": [ 0.0, 0.75, 1.75 ],
													"unwrapMode": 5,
													"unwrapRotation": 1,
													"uv": [ 26.5, 27.5 ],
													"rotationOrigin": [ 0.0, 0.7, 0.0 ],
													"rotationZ": 7.0,
													"faces": {
														"north": { "texture": "#skin", "uv": [ 26.5, 27.5, 27.0, 29.0 ], "rotation": 270 },
														"south": { "texture": "#skin", "uv": [ 28.5, 27.5, 29.0, 29.0 ], "rotation": 90 },
														"west": { "texture": "#skin", "uv": [ 27.0, 29.0, 28.5, 29.5 ] },
														"up": { "texture": "#skin", "uv": [ 27.0, 27.5, 28.5, 29.0 ], "rotation": 90 },
														"down": { "texture": "#skin", "uv": [ 29.0, 27.5, 30.5, 29.0 ], "rotation": 270 }
													}
												}
											]
										}
									]
								},
								{
									"name": "L Ear",
									"from": [ 2.5, 2.8, 3.2 ],
									"to": [ 3.0, 3.8, 5.2 ],
									"unwrapMode": 4,
									"unwrapRotation": 1,
									"autoUnwrap": false,
									"uv": [ 31.5, 0.5 ],
									"rotationOrigin": [ 2.7, 3.5, 3.2 ],
									"rotationX": -25.0,
									"rotationZ": 1.0,
									"faces": {
										"north": { "texture": "#skin", "uv": [ 32.0, 3.5, 33.0, 4.0 ], "rotation": 90, "windMode": [-1,-1,-1,-1] },
										"east": { "texture": "#skin", "uv": [ 34.5, 1.0, 35.5, 3.0 ], "rotation": 270 },
										"south": { "texture": "#skin", "uv": [ 32.0, 0.5, 33.0, 1.0 ], "rotation": 90, "windMode": [-1,-1,-1,-1], "windData": [1,1,1,1] },
										"west": { "texture": "#skin", "uv": [ 32.0, 1.0, 33.0, 3.0 ], "rotation": 90 },
										"up": { "texture": "#skin", "uv": [ 31.5, 1.0, 32.0, 3.0 ], "rotation": 180 },
										"down": { "texture": "#skin", "uv": [ 33.5, 1.0, 34.0, 3.0 ], "rotation": 180 }
									},
									"children": [
										{
											"name": "L Ear2",
											"from": [ 0.0, 0.0, 2.0 ],
											"to": [ 0.5, 1.0, 3.4 ],
											"unwrapMode": 4,
											"unwrapRotation": 1,
											"autoUnwrap": false,
											"uv": [ 32.0, 14.0 ],
											"rotationOrigin": [ 0.2, 1.0, 2.0 ],
											"rotationX": 26.0,
											"rotationZ": 1.0,
											"faces": {
												"north": { "texture": "#skin", "uv": [ 32.0, 2.5, 33.0, 3.0 ], "rotation": 90, "windMode": [-1,-1,-1,-1] },
												"east": { "texture": "#skin", "uv": [ 34.5, 1.0, 35.5, 2.0 ], "rotation": 270 },
												"south": { "texture": "#skin", "uv": [ 32.5, 0.5, 33.5, 1.0 ], "rotation": 90, "windMode": [-1,-1,-1,-1], "windData": [1,1,1,1] },
												"west": { "texture": "#skin", "uv": [ 32.0, 1.0, 33.0, 2.0 ], "rotation": 90 },
												"up": { "texture": "#skin", "uv": [ 31.5, 1.0, 32.0, 2.0 ], "rotation": 180 },
												"down": { "texture": "#skin", "uv": [ 33.0, 1.0, 33.5, 2.0 ], "rotation": 180 }
											}
										},
										{
											"name": "L Ear3",
											"from": [ 0.0, 0.0, 0.0 ],
											"to": [ 0.5, 1.0, 1.5 ],
											"unwrapMode": 4,
											"unwrapRotation": 1,
											"autoUnwrap": false,
											"uv": [ 35.0, 3.5 ],
											"rotationOrigin": [ 0.2, 0.0, 0.0 ],
											"rotationX": 25.0,
											"rotationZ": -1.0,
											"faces": {
												"north": { "texture": "#skin", "uv": [ 32.5, 3.5, 33.5, 4.0 ], "rotation": 90, "windMode": [-1,-1,-1,-1] },
												"east": { "texture": "#skin", "uv": [ 34.0, 1.5, 35.0, 3.0 ], "rotation": 270 },
												"south": { "texture": "#skin", "uv": [ 32.5, 1.0, 33.5, 1.5 ], "rotation": 90, "windMode": [-1,-1,-1,-1], "windData": [1,1,1,1] },
												"west": { "texture": "#skin", "uv": [ 32.5, 1.5, 33.5, 3.0 ], "rotation": 90 },
												"up": { "texture": "#skin", "uv": [ 31.5, 1.5, 32.0, 3.0 ], "rotation": 180 },
												"down": { "texture": "#skin", "uv": [ 33.5, 1.5, 34.0, 3.0 ], "rotation": 180 }
											},
											"children": [
												{
													"name": "L Ear4",
													"from": [ 0.0, 0.0, 1.5 ],
													"to": [ 0.5, 1.0, 3.0 ],
													"unwrapMode": 4,
													"unwrapRotation": 1,
													"autoUnwrap": false,
													"uv": [ 35.5, 15.5 ],
													"rotationOrigin": [ 0.2, 0.0, 1.5 ],
													"rotationX": -34.0,
													"rotationZ": -2.0,
													"faces": {
														"north": { "texture": "#skin", "uv": [ 32.5, 2.0, 33.5, 2.5 ], "rotation": 90, "windMode": [-1,-1,-1,-1] },
														"east": { "texture": "#skin", "uv": [ 34.0, 1.0, 35.0, 2.5 ], "rotation": 270 },
														"south": { "texture": "#skin", "uv": [ 32.5, 0.5, 33.5, 1.0 ], "rotation": 90, "windMode": [-1,-1,-1,-1], "windData": [1,1,1,1] },
														"west": { "texture": "#skin", "uv": [ 32.5, 1.0, 33.5, 2.5 ], "rotation": 90 },
														"up": { "texture": "#skin", "uv": [ 32.0, 1.0, 32.5, 2.5 ], "rotation": 180 },
														"down": { "texture": "#skin", "uv": [ 33.5, 1.0, 34.0, 2.5 ], "rotation": 180 }
													}
												}
											]
										}
									]
								},
								{
									"name": "R Eye",
									"from": [ 0.19, 2.2, -0.01 ],
									"to": [ 0.89, 2.5, 0.31 ],
									"unwrapMode": 1,
									"uv": [ 34.0, 31.0 ],
									"rotationOrigin": [ 0.2, 2.2, -0.1 ],
									"rotationZ": 10.0,
									"faces": {
										"north": { "texture": "#skin", "uv": [ 34.5, 31.0, 35.0, 31.5 ], "windMode": [-1,-1,-1,-1], "windData": [1,1,1,1] },
										"east": { "texture": "#skin", "uv": [ 34.0, 31.0, 34.5, 31.5 ], "windMode": [-1,-1,-1,-1], "windData": [1,1,1,1] },
										"west": { "texture": "#skin", "uv": [ 35.0, 31.0, 35.5, 31.5 ], "windMode": [-1,-1,-1,-1], "windData": [1,1,1,1] },
										"down": { "texture": "#skin", "uv": [ 34.5, 31.5, 35.0, 32.0 ], "windMode": [-1,-1,-1,-1], "windData": [1,1,1,1] }
									},
									"children": [
										{
											"name": "R Eye2",
											"from": [ 0.0, 0.3, 0.0 ],
											"to": [ 0.7, 0.7, 0.32 ],
											"unwrapMode": 1,
											"uv": [ 34.0, 30.0 ],
											"rotationOrigin": [ 0.0, 0.3, -0.05 ],
											"faces": {
												"north": { "texture": "#skin", "uv": [ 34.5, 30.5, 35.0, 31.0 ], "windMode": [-1,-1,-1,-1], "windData": [1,1,1,1] },
												"east": { "texture": "#skin", "uv": [ 34.0, 30.5, 34.5, 31.0 ], "windMode": [-1,-1,-1,-1], "windData": [1,1,1,1] },
												"west": { "texture": "#skin", "uv": [ 35.0, 30.5, 35.5, 31.0 ], "windMode": [-1,-1,-1,-1], "windData": [1,1,1,1] },
												"up": { "texture": "#skin", "uv": [ 34.5, 30.0, 35.0, 30.5 ], "rotation": 180, "windMode": [-1,-1,-1,-1], "windData": [1,1,1,1] }
											}
										},
										{
											"name": "R Pupil",
											"from": [ 0.1, 0.2, -0.01 ],
											"to": [ 0.5, 0.5, 0.31 ],
											"unwrapMode": 5,
											"unwrapRotation": 1,
											"uv": [ 36.5, 30.0 ],
											"rotationOrigin": [ 0.1, 0.2, -0.05 ],
											"faces": {
												"north": { "texture": "#skin", "uv": [ 36.5, 30.5, 37.0, 31.0 ], "rotation": 270, "windMode": [-1,-1,-1,-1], "windData": [1,1,1,1] },
												"east": { "texture": "#skin", "uv": [ 37.0, 30.0, 37.5, 30.5 ], "rotation": 180, "windMode": [-1,-1,-1,-1], "windData": [1,1,1,1] },
												"west": { "texture": "#skin", "uv": [ 37.0, 31.0, 37.5, 31.5 ], "windMode": [-1,-1,-1,-1], "windData": [1,1,1,1] },
												"up": { "texture": "#skin", "uv": [ 37.0, 30.5, 37.5, 31.0 ], "rotation": 90, "windMode": [-1,-1,-1,-1], "windData": [1,1,1,1] },
												"down": { "texture": "#skin", "uv": [ 37.5, 30.5, 38.0, 31.0 ], "rotation": 270, "windMode": [-1,-1,-1,-1], "windData": [1,1,1,1] }
											}
										}
									]
								},
								{
									"name": "R Ear",
									"from": [ 2.5, 3.2, 0.3 ],
									"to": [ 3.0, 4.2, 2.3 ],
									"unwrapMode": 4,
									"unwrapRotation": 1,
									"uv": [ 30.0, 4.0 ],
									"rotationOrigin": [ 2.7, 3.5, 0.3 ],
									"rotationX": -155.0,
									"rotationZ": -1.0,
									"faces": {
										"north": { "texture": "#skin", "uv": [ 30.5, 6.5, 31.5, 7.0 ], "rotation": 90 },
										"east": { "texture": "#skin", "uv": [ 32.0, 4.5, 33.0, 6.5 ], "rotation": 270 },
										"south": { "texture": "#skin", "uv": [ 30.5, 4.0, 31.5, 4.5 ], "rotation": 90 },
										"west": { "texture": "#skin", "uv": [ 30.5, 4.5, 31.5, 6.5 ], "rotation": 90 },
										"up": { "texture": "#skin", "uv": [ 30.0, 4.5, 30.5, 6.5 ], "rotation": 180 },
										"down": { "texture": "#skin", "uv": [ 31.5, 4.5, 32.0, 6.5 ], "rotation": 180 }
									},
									"children": [
										{
											"name": "R Ear2",
											"from": [ 0.0, 0.0, 2.0 ],
											"to": [ 0.5, 1.0, 3.4 ],
											"unwrapMode": 4,
											"unwrapRotation": 1,
											"autoUnwrap": false,
											"uv": [ 33.5, 14.0 ],
											"rotationOrigin": [ 0.2, 0.0, 2.0 ],
											"rotationX": -26.0,
											"rotationZ": 1.0,
											"faces": {
												"north": { "texture": "#skin", "uv": [ 30.0, 5.5, 31.0, 6.0 ], "rotation": 90 },
												"east": { "texture": "#skin", "uv": [ 32.0, 4.5, 33.0, 5.5 ], "rotation": 270 },
												"south": { "texture": "#skin", "uv": [ 30.5, 4.0, 31.5, 4.5 ], "rotation": 90 },
												"west": { "texture": "#skin", "uv": [ 30.0, 4.5, 31.0, 5.5 ], "rotation": 90 },
												"up": { "texture": "#skin", "uv": [ 30.0, 4.5, 30.5, 5.5 ], "rotation": 180 },
												"down": { "texture": "#skin", "uv": [ 31.5, 4.5, 32.0, 5.5 ], "rotation": 180 }
											}
										},
										{
											"name": "R Ear3",
											"from": [ 0.0, 0.0, 0.0 ],
											"to": [ 0.5, 1.0, 1.5 ],
											"unwrapMode": 4,
											"unwrapRotation": 1,
											"autoUnwrap": false,
											"uv": [ 34.5, 14.0 ],
											"rotationOrigin": [ 0.2, 1.0, 0.0 ],
											"rotationX": -26.0,
											"rotationZ": 1.0,
											"faces": {
												"north": { "texture": "#skin", "uv": [ 30.0, 7.0, 31.0, 7.5 ], "rotation": 90 },
												"east": { "texture": "#skin", "uv": [ 32.5, 5.0, 33.5, 6.5 ], "rotation": 270 },
												"south": { "texture": "#skin", "uv": [ 30.0, 4.5, 31.0, 5.0 ], "rotation": 90 },
												"west": { "texture": "#skin", "uv": [ 30.0, 5.0, 31.0, 6.5 ], "rotation": 90 },
												"up": { "texture": "#skin", "uv": [ 29.5, 5.0, 30.0, 6.5 ], "rotation": 180 },
												"down": { "texture": "#skin", "uv": [ 31.0, 5.0, 31.5, 6.5 ], "rotation": 180 }
											},
											"children": [
												{
													"name": "R Ear4",
													"from": [ 0.0, 0.0, 1.5 ],
													"to": [ 0.5, 1.0, 3.0 ],
													"unwrapMode": 4,
													"unwrapRotation": 1,
													"autoUnwrap": false,
													"uv": [ 30.5, 14.0 ],
													"rotationOrigin": [ 0.2, 1.0, 1.5 ],
													"rotationX": 34.0,
													"rotationZ": 2.0,
													"faces": {
														"north": { "texture": "#skin", "uv": [ 30.0, 5.5, 31.0, 6.0 ], "rotation": 90 },
														"east": { "texture": "#skin", "uv": [ 32.5, 4.5, 33.5, 6.0 ], "rotation": 270 },
														"south": { "texture": "#skin", "uv": [ 30.0, 4.0, 31.0, 4.5 ], "rotation": 90 },
														"west": { "texture": "#skin", "uv": [ 30.0, 4.5, 31.0, 6.0 ], "rotation": 90 },
														"up": { "texture": "#skin", "uv": [ 29.5, 4.5, 30.0, 6.0 ], "rotation": 180 },
														"down": { "texture": "#skin", "uv": [ 31.0, 4.5, 31.5, 6.0 ], "rotation": 180 }
													}
												}
											]
										}
									]
								},
								{
									"name": "L Eye",
									"from": [ 0.19, 2.2, 3.19 ],
									"to": [ 0.89, 2.5, 3.51 ],
									"unwrapMode": 3,
									"uv": [ 32.0, 31.0 ],
									"rotationOrigin": [ 0.4, 2.2, 3.1 ],
									"rotationZ": 10.0,
									"faces": {
										"east": { "texture": "#skin", "uv": [ 33.0, 31.0, 33.5, 31.5 ], "windMode": [-1,-1,-1,-1], "windData": [1,1,1,1] },
										"south": { "texture": "#skin", "uv": [ 32.5, 31.0, 33.0, 31.5 ] },
										"west": { "texture": "#skin", "uv": [ 32.0, 31.0, 32.5, 31.5 ] },
										"down": { "texture": "#skin", "uv": [ 32.5, 31.5, 33.0, 32.0 ], "rotation": 180, "windMode": [-1,-1,-1,-1], "windData": [1,1,1,1] }
									},
									"children": [
										{
											"name": "L Eye2",
											"from": [ 0.0, 0.3, 0.0 ],
											"to": [ 0.7, 0.7, 0.32 ],
											"unwrapMode": 3,
											"uv": [ 32.0, 30.0 ],
											"rotationOrigin": [ 0.0, 0.3, -0.05 ],
											"faces": {
												"east": { "texture": "#skin", "uv": [ 33.0, 30.5, 33.5, 31.0 ], "windMode": [-1,-1,-1,-1], "windData": [1,1,1,1] },
												"south": { "texture": "#skin", "uv": [ 32.5, 30.5, 33.0, 31.0 ], "windMode": [-1,-1,-1,-1], "windData": [1,1,1,1] },
												"west": { "texture": "#skin", "uv": [ 32.0, 30.5, 32.5, 31.0 ], "windMode": [-1,-1,-1,-1], "windData": [1,1,1,1] },
												"up": { "texture": "#skin", "uv": [ 32.5, 30.0, 33.0, 30.5 ], "windMode": [-1,-1,-1,-1], "windData": [1,1,1,1] }
											}
										},
										{
											"name": "L Pupil",
											"from": [ 0.1, 0.2, 0.01 ],
											"to": [ 0.5, 0.5, 0.33 ],
											"unwrapMode": 3,
											"unwrapRotation": 1,
											"uv": [ 36.5, 30.0 ],
											"rotationOrigin": [ 0.1, 0.2, 0.05 ],
											"faces": {
												"east": { "texture": "#skin", "uv": [ 37.0, 30.0, 37.5, 30.5 ], "rotation": 90, "windMode": [-1,-1,-1,-1], "windData": [1,1,1,1] },
												"south": { "texture": "#skin", "uv": [ 37.0, 30.5, 37.5, 31.0 ], "rotation": 90, "windMode": [-1,-1,-1,-1], "windData": [1,1,1,1] },
												"west": { "texture": "#skin", "uv": [ 37.0, 31.0, 37.5, 31.5 ], "rotation": 90, "windMode": [-1,-1,-1,-1], "windData": [1,1,1,1] },
												"up": { "texture": "#skin", "uv": [ 36.5, 30.5, 37.0, 31.0 ], "rotation": 90, "windMode": [-1,-1,-1,-1], "windData": [1,1,1,1] },
												"down": { "texture": "#skin", "uv": [ 37.5, 30.5, 38.0, 31.0 ], "rotation": 270, "windMode": [-1,-1,-1,-1], "windData": [1,1,1,1] }
											}
										}
									]
								}
							]
						}
					]
				}
			]
		}
	]}