{
  "code": "poutine",
  "maxstacksize": 64,
  "behaviors": [
    {
      "name": "GroundStorable",
      "properties": {
        "layout": "Quadrants",
        "collisionBox": {
          "x1": 0,
          "y1": 0,
          "z1": 0,
          "x2": 1,
          "y2": 0.125,
          "z2": 1
        }
      }
    }
  ],
  "variantgroups": [{ "code": "type", "states": ["perfect"] }],
  "shape": { "base": "item/food/meal/poutine" },
  "texturesByType": {
    "*perfect": {
      "potato": { "base": "item/food/cooked-perfect" }
    }
  },
  "nutritionPropsByType": {
    "*perfect": { "satiety": 450, "health": 0.25, "foodcategory": "Vegetable" }
  },
  "attributesByType": {
    "*perfect": {
      "displaycaseable": true,
      "shelvable": true,
      "handbook": { "groupBy": ["meal-*"] }
    }
  },
  "guiTransform": {
    "translation": { "x": 0, "y": 0, "z": 0 },
    "rotation": { "x": 142, "y": 80, "z": -2 },
    "origin": { "x": 0.47, "y": 0, "z": 0.5 },
    "scale": 2.99
  },
  "tpHandTransform": {
    "translation": { "x": -0.65, "y": -0.14, "z": -0.6 },
    "rotation": { "x": 0, "y": 0, "z": -18 },
    "origin": { "x": 0.5, "y": 0.1, "z": 0.5 },
    "scale": 0.6
  },
  "creativeinventory": {
    "general": ["*"],
    "items": ["*"],
    "expandedfoods": ["*"],
    "brazilpiratefoods": ["*"]
  },
  "transitionablePropsByType": {
    "*": [
      {
        "type": "Perish",
        "freshHours": { "avg": 280 },
        "spoilHours": { "avg": 48 },
        "transitionedStack": { "type": "item", "code": "game:rot" },
        "transitionRatio": 1
      }
    ]
  },
  "materialDensity": 600
}
