{
	"editor": {
		"allAngles": true,
		"entityTextureMode": false
	},
	"textureWidth": 16,
	"textureHeight": 16,
	"textureSizes": {
	},
	"textures": {
		"winterchanterelle": "mycodiversity:block/plant/mushroom/winterchanterelle/winterchanterelle"
	},
	"elements": [
		{
			"name": "origin",
			"from": [ 8.0, 0.0, 8.0 ],
			"to": [ 8.0, 0.0, 8.0 ],
			"rotationOrigin": [ 8.0, 0.0, 8.0 ],
			"faces": {
			},
			"children": [
				{
					"name": "Stem",
					"from": [ 2.1, -0.3, -3.9 ],
					"to": [ 2.9, 0.7, -2.9 ],
					"rotationOrigin": [ 2.6, -0.3, -3.4 ],
					"rotationX": -17.0,
					"rotationY": 11.0,
					"rotationZ": 2.0,
					"faces": {
						"north": { "texture": "#winterchanterelle", "uv": [ 5.0, 13.5, 5.5, 14.5 ] },
						"east": { "texture": "#winterchanterelle", "uv": [ 3.5, 11.5, 4.5, 12.5 ] },
						"south": { "texture": "#winterchanterelle", "uv": [ 3.0, 12.0, 3.5, 13.0 ] },
						"west": { "texture": "#winterchanterelle", "uv": [ 3.5, 13.0, 4.5, 14.0 ] },
						"down": { "texture": "#winterchanterelle", "uv": [ 4.0, 10.5, 4.5, 11.5 ] }
					},
					"children": [
						{
							"name": "Cube1",
							"from": [ -0.2, 0.9, -0.2 ],
							"to": [ 1.0, 2.1, 1.0 ],
							"rotationOrigin": [ 0.5, 0.9, 0.4 ],
							"rotationX": 6.0,
							"rotationZ": 7.0,
							"faces": {
								"north": { "texture": "#winterchanterelle", "uv": [ 12.0, 14.5, 13.0, 15.5 ], "rotation": 180 },
								"east": { "texture": "#winterchanterelle", "uv": [ 14.0, 14.0, 15.0, 15.0 ], "rotation": 180 },
								"south": { "texture": "#winterchanterelle", "uv": [ 10.5, 14.0, 11.5, 15.0 ], "rotation": 180 },
								"west": { "texture": "#winterchanterelle", "uv": [ 10.5, 14.0, 11.5, 15.0 ], "rotation": 180 },
								"down": { "texture": "#winterchanterelle", "uv": [ 10.0, 14.5, 11.0, 15.5 ] }
							},
							"children": [
								{
									"name": "Cube4",
									"from": [ -0.3, 1.1, -0.3 ],
									"to": [ 1.3, 1.9, 1.3 ],
									"rotationOrigin": [ 0.7, 1.4, 0.7 ],
									"rotationX": -6.0,
									"rotationZ": -5.0,
									"faces": {
										"north": { "texture": "#winterchanterelle", "uv": [ 2.0, 11.0, 3.5, 11.5 ] },
										"east": { "texture": "#winterchanterelle", "uv": [ 0.5, 11.0, 2.0, 11.5 ] },
										"south": { "texture": "#winterchanterelle", "uv": [ 1.5, 12.5, 3.0, 13.0 ] },
										"west": { "texture": "#winterchanterelle", "uv": [ 3.0, 10.5, 4.5, 11.0 ] },
										"down": { "texture": "#winterchanterelle", "uv": [ 1.5, 11.5, 3.0, 13.0 ] }
									},
									"children": [
										{
											"name": "cap",
											"from": [ -0.5, 0.6, -0.5 ],
											"to": [ 2.0, 1.4, 2.0 ],
											"rotationOrigin": [ 1.0, 0.8, 1.0 ],
											"rotationX": 5.0,
											"rotationY": 28.0,
											"faces": {
												"north": { "texture": "#winterchanterelle", "uv": [ 3.5, 2.5, 6.0, 3.0 ] },
												"east": { "texture": "#winterchanterelle", "uv": [ 5.5, 3.0, 8.0, 3.5 ] },
												"south": { "texture": "#winterchanterelle", "uv": [ 6.5, 6.0, 9.0, 6.5 ] },
												"west": { "texture": "#winterchanterelle", "uv": [ 5.0, 4.5, 7.5, 5.0 ] },
												"up": { "texture": "#winterchanterelle", "uv": [ 3.5, 3.0, 6.0, 5.5 ] },
												"down": { "texture": "#winterchanterelle", "uv": [ 2.0, 10.0, 4.5, 12.5 ] }
											},
											"children": [
												{
													"name": "CapN",
													"from": [ 0.15, 0.5, -0.7 ],
													"to": [ 2.65, 0.9, 0.1 ],
													"rotationOrigin": [ 1.5, 0.5, 0.0 ],
													"rotationX": 36.0,
													"faces": {
														"north": { "texture": "#winterchanterelle", "uv": [ 7.5, 5.5, 10.0, 6.0 ] },
														"east": { "texture": "#winterchanterelle", "uv": [ 5.5, 4.0, 6.0, 4.5 ] },
														"west": { "texture": "#winterchanterelle", "uv": [ 5.0, 3.0, 5.5, 3.5 ] },
														"up": { "texture": "#winterchanterelle", "uv": [ 9.5, 5.0, 12.0, 5.5 ] },
														"down": { "texture": "#winterchanterelle", "uv": [ 7.0, 3.0, 9.5, 3.5 ] }
													},
													"children": [
														{
															"name": "Cube12",
															"from": [ 0.6, 0.0, -0.6 ],
															"to": [ 1.8, 0.4, 0.0 ],
															"rotationOrigin": [ 2.0, 0.0, 0.0 ],
															"rotationX": 17.0,
															"faces": {
																"north": { "texture": "#winterchanterelle", "uv": [ 2.5, 0.5, 3.5, 1.0 ] },
																"east": { "texture": "#winterchanterelle", "uv": [ 3.5, 2.5, 4.0, 3.0 ] },
																"west": { "texture": "#winterchanterelle", "uv": [ 3.0, 2.0, 3.5, 2.5 ] },
																"up": { "texture": "#winterchanterelle", "uv": [ 2.0, 3.0, 3.0, 3.5 ] },
																"down": { "texture": "#winterchanterelle", "uv": [ 5.0, 3.5, 6.0, 4.0 ] }
															}
														}
													]
												},
												{
													"name": "CapS",
													"from": [ 0.1, 0.4, 2.3 ],
													"to": [ 1.1, 0.8, 3.3 ],
													"rotationOrigin": [ 1.6, 0.9, 2.7 ],
													"rotationX": -22.0,
													"faces": {
														"east": { "texture": "#winterchanterelle", "uv": [ 7.0, 3.0, 8.0, 3.5 ] },
														"south": { "texture": "#winterchanterelle", "uv": [ 4.0, 3.5, 5.0, 4.0 ] },
														"west": { "texture": "#winterchanterelle", "uv": [ 5.5, 2.5, 6.5, 3.0 ] },
														"up": { "texture": "#winterchanterelle", "uv": [ 5.5, 5.0, 6.5, 6.0 ] },
														"down": { "texture": "#winterchanterelle", "uv": [ 4.5, 2.5, 5.5, 3.5 ] }
													}
												},
												{
													"name": "CapW",
													"from": [ -0.8, 0.5, 0.0 ],
													"to": [ 0.0, 0.9, 2.5 ],
													"rotationOrigin": [ 0.0, 0.5, 1.5 ],
													"rotationZ": -36.0,
													"faces": {
														"north": { "texture": "#winterchanterelle", "uv": [ 3.0, 1.0, 3.5, 1.5 ] },
														"south": { "texture": "#winterchanterelle", "uv": [ 4.0, 2.5, 4.5, 3.0 ] },
														"west": { "texture": "#winterchanterelle", "uv": [ 4.0, 2.0, 6.5, 2.5 ] },
														"up": { "texture": "#winterchanterelle", "uv": [ 4.0, 2.5, 4.5, 5.0 ] },
														"down": { "texture": "#winterchanterelle", "uv": [ 6.5, 2.0, 7.0, 4.5 ] }
													}
												},
												{
													"name": "CapE",
													"from": [ 2.6, 0.6, 0.0 ],
													"to": [ 3.4, 1.0, 0.8 ],
													"rotationOrigin": [ 3.0, 0.5, 1.5 ],
													"rotationZ": 36.0,
													"faces": {
														"north": { "texture": "#winterchanterelle", "uv": [ 3.0, 1.0, 3.5, 1.5 ] },
														"east": { "texture": "#winterchanterelle", "uv": [ 1.5, 1.0, 2.0, 1.5 ] },
														"south": { "texture": "#winterchanterelle", "uv": [ 5.5, 3.0, 6.0, 3.5 ] },
														"up": { "texture": "#winterchanterelle", "uv": [ 4.0, 2.5, 4.5, 3.0 ] },
														"down": { "texture": "#winterchanterelle", "uv": [ 4.0, 1.5, 4.5, 2.0 ] }
													}
												},
												{
													"name": "CapE10",
													"from": [ 2.7, 0.8, 0.8 ],
													"to": [ 3.7, 1.2, 2.3 ],
													"rotationOrigin": [ 3.0, 0.5, 2.5 ],
													"rotationZ": 61.0,
													"faces": {
														"north": { "texture": "#winterchanterelle", "uv": [ 3.0, 1.0, 4.0, 1.5 ] },
														"east": { "texture": "#winterchanterelle", "uv": [ 1.5, 1.0, 3.0, 1.5 ] },
														"south": { "texture": "#winterchanterelle", "uv": [ 5.5, 3.0, 6.5, 3.5 ] },
														"up": { "texture": "#winterchanterelle", "uv": [ 4.0, 2.5, 5.0, 4.0 ] },
														"down": { "texture": "#winterchanterelle", "uv": [ 4.0, 1.5, 5.0, 3.0 ] }
													}
												},
												{
													"name": "CapS11",
													"from": [ 1.2, 0.5, 2.3 ],
													"to": [ 2.4, 0.9, 3.1 ],
													"rotationOrigin": [ 2.4, 0.9, 2.7 ],
													"rotationX": -42.0,
													"faces": {
														"east": { "texture": "#winterchanterelle", "uv": [ 7.0, 3.0, 7.5, 3.5 ] },
														"south": { "texture": "#winterchanterelle", "uv": [ 4.0, 3.5, 5.0, 4.0 ] },
														"west": { "texture": "#winterchanterelle", "uv": [ 5.5, 2.5, 6.0, 3.0 ] },
														"up": { "texture": "#winterchanterelle", "uv": [ 5.5, 5.0, 6.5, 5.5 ] },
														"down": { "texture": "#winterchanterelle", "uv": [ 4.5, 2.5, 5.5, 3.0 ] }
													}
												}
											]
										}
									]
								}
							]
						}
					]
				},
				{
					"name": "Stemsmall",
					"from": [ -2.5, -0.2, -0.5 ],
					"to": [ -1.5, 0.8, 0.5 ],
					"rotationOrigin": [ -2.0, -0.2, 0.0 ],
					"rotationY": 78.0,
					"faces": {
						"north": { "texture": "#winterchanterelle", "uv": [ 5.0, 10.0, 6.0, 11.0 ] },
						"east": { "texture": "#winterchanterelle", "uv": [ 3.5, 10.0, 4.5, 11.0 ] },
						"south": { "texture": "#winterchanterelle", "uv": [ 2.0, 11.0, 3.0, 12.0 ] },
						"west": { "texture": "#winterchanterelle", "uv": [ 3.0, 12.0, 4.0, 13.0 ] },
						"down": { "texture": "#winterchanterelle", "uv": [ 5.0, 10.5, 6.0, 11.5 ] }
					},
					"children": [
						{
							"name": "Cube36",
							"from": [ -0.1, 0.8, -0.1 ],
							"to": [ 1.1, 1.8, 1.1 ],
							"rotationOrigin": [ 0.6, 0.8, 0.6 ],
							"rotationX": -14.0,
							"rotationY": 3.0,
							"faces": {
								"north": { "texture": "#winterchanterelle", "uv": [ 4.5, 9.5, 5.5, 10.5 ] },
								"east": { "texture": "#winterchanterelle", "uv": [ 4.0, 12.0, 5.0, 13.0 ] },
								"south": { "texture": "#winterchanterelle", "uv": [ 3.5, 10.0, 4.5, 11.0 ] },
								"west": { "texture": "#winterchanterelle", "uv": [ 4.0, 14.0, 5.0, 15.0 ] },
								"down": { "texture": "#winterchanterelle", "uv": [ 2.5, 10.0, 3.5, 11.0 ] }
							},
							"children": [
								{
									"name": "smallcap",
									"from": [ -0.7, 0.9, -0.7 ],
									"to": [ 1.9, 1.4, 1.9 ],
									"rotationOrigin": [ 0.6, 0.9, 0.6 ],
									"rotationX": 11.0,
									"rotationY": 28.0,
									"faces": {
										"north": { "texture": "#winterchanterelle", "uv": [ 0.0, 0.0, 2.5, 0.5 ] },
										"east": { "texture": "#winterchanterelle", "uv": [ 0.0, 0.0, 2.5, 0.5 ] },
										"south": { "texture": "#winterchanterelle", "uv": [ 0.0, 0.0, 2.5, 0.5 ] },
										"west": { "texture": "#winterchanterelle", "uv": [ 0.0, 0.0, 2.5, 0.5 ] },
										"up": { "texture": "#winterchanterelle", "uv": [ 0.0, 0.0, 2.5, 2.5 ] },
										"down": { "texture": "#winterchanterelle", "uv": [ 2.5, 11.0, 5.0, 13.5 ] }
									}
								}
							]
						}
					]
				},
				{
					"name": "Stemsmall38",
					"from": [ -1.5, -0.2, 3.5 ],
					"to": [ -0.5, 0.8, 4.5 ],
					"rotationOrigin": [ -1.0, -0.2, 4.0 ],
					"rotationX": 6.0,
					"rotationY": 36.0,
					"faces": {
						"north": { "texture": "#winterchanterelle", "uv": [ 5.0, 10.0, 6.0, 11.0 ] },
						"east": { "texture": "#winterchanterelle", "uv": [ 3.5, 10.0, 4.5, 11.0 ] },
						"south": { "texture": "#winterchanterelle", "uv": [ 2.0, 11.0, 3.0, 12.0 ] },
						"west": { "texture": "#winterchanterelle", "uv": [ 3.0, 12.0, 4.0, 13.0 ] },
						"down": { "texture": "#winterchanterelle", "uv": [ 5.0, 10.5, 6.0, 11.5 ] }
					},
					"children": [
						{
							"name": "Cube39",
							"from": [ -0.1, 0.9, -0.1 ],
							"to": [ 1.1, 1.9, 1.1 ],
							"rotationOrigin": [ 0.6, 0.9, 0.6 ],
							"rotationX": -6.0,
							"rotationZ": 7.0,
							"faces": {
								"north": { "texture": "#winterchanterelle", "uv": [ 4.5, 9.5, 5.5, 10.5 ] },
								"east": { "texture": "#winterchanterelle", "uv": [ 4.0, 12.0, 5.0, 13.0 ] },
								"south": { "texture": "#winterchanterelle", "uv": [ 3.5, 10.0, 4.5, 11.0 ] },
								"west": { "texture": "#winterchanterelle", "uv": [ 4.0, 14.0, 5.0, 15.0 ] },
								"down": { "texture": "#winterchanterelle", "uv": [ 2.5, 10.0, 3.5, 11.0 ] }
							},
							"children": [
								{
									"name": "smallcap40",
									"from": [ -0.4, 0.8, -0.4 ],
									"to": [ 1.6, 1.3, 1.6 ],
									"rotationOrigin": [ 0.6, 0.8, 0.6 ],
									"rotationX": -3.0,
									"rotationY": 11.0,
									"rotationZ": -14.0,
									"faces": {
										"north": { "texture": "#winterchanterelle", "uv": [ 0.0, 0.0, 2.0, 0.5 ] },
										"east": { "texture": "#winterchanterelle", "uv": [ 0.0, 0.0, 2.0, 0.5 ] },
										"south": { "texture": "#winterchanterelle", "uv": [ 0.0, 0.0, 2.0, 0.5 ] },
										"west": { "texture": "#winterchanterelle", "uv": [ 0.0, 0.0, 2.0, 0.5 ] },
										"up": { "texture": "#winterchanterelle", "uv": [ 0.0, 0.0, 2.0, 2.0 ] },
										"down": { "texture": "#winterchanterelle", "uv": [ 2.5, 11.0, 4.5, 13.0 ] }
									}
								}
							]
						}
					]
				},
				{
					"name": "Stemsmall41",
					"from": [ -3.5, -0.2, -4.5 ],
					"to": [ -2.5, 0.8, -3.5 ],
					"rotationOrigin": [ -3.0, -0.2, -4.0 ],
					"rotationX": 6.0,
					"faces": {
						"north": { "texture": "#winterchanterelle", "uv": [ 5.0, 10.0, 6.0, 11.0 ] },
						"east": { "texture": "#winterchanterelle", "uv": [ 3.5, 10.0, 4.5, 11.0 ] },
						"south": { "texture": "#winterchanterelle", "uv": [ 2.0, 11.0, 3.0, 12.0 ] },
						"west": { "texture": "#winterchanterelle", "uv": [ 3.0, 12.0, 4.0, 13.0 ] },
						"down": { "texture": "#winterchanterelle", "uv": [ 5.0, 10.5, 6.0, 11.5 ] }
					},
					"children": [
						{
							"name": "Cube42",
							"from": [ -0.1, 0.9, -0.1 ],
							"to": [ 1.1, 1.9, 1.1 ],
							"rotationOrigin": [ 0.6, 0.9, 0.6 ],
							"rotationX": -6.0,
							"rotationZ": 7.0,
							"faces": {
								"north": { "texture": "#winterchanterelle", "uv": [ 4.5, 9.5, 5.5, 10.5 ] },
								"east": { "texture": "#winterchanterelle", "uv": [ 4.0, 12.0, 5.0, 13.0 ] },
								"south": { "texture": "#winterchanterelle", "uv": [ 3.5, 10.0, 4.5, 11.0 ] },
								"west": { "texture": "#winterchanterelle", "uv": [ 4.0, 14.0, 5.0, 15.0 ] },
								"down": { "texture": "#winterchanterelle", "uv": [ 2.5, 10.0, 3.5, 11.0 ] }
							},
							"children": [
								{
									"name": "smallcap43",
									"from": [ -0.4, 0.8, -0.4 ],
									"to": [ 1.6, 1.3, 1.6 ],
									"rotationOrigin": [ 0.6, 0.8, 0.6 ],
									"rotationX": -3.0,
									"rotationY": 11.0,
									"rotationZ": 6.0,
									"faces": {
										"north": { "texture": "#winterchanterelle", "uv": [ 0.0, 0.0, 2.0, 0.5 ] },
										"east": { "texture": "#winterchanterelle", "uv": [ 0.0, 0.0, 2.0, 0.5 ] },
										"south": { "texture": "#winterchanterelle", "uv": [ 0.0, 0.0, 2.0, 0.5 ] },
										"west": { "texture": "#winterchanterelle", "uv": [ 0.0, 0.0, 2.0, 0.5 ] },
										"up": { "texture": "#winterchanterelle", "uv": [ 0.0, 0.0, 2.0, 2.0 ] },
										"down": { "texture": "#winterchanterelle", "uv": [ 2.5, 11.0, 4.5, 13.0 ] }
									}
								}
							]
						}
					]
				},
				{
					"name": "Stem2",
					"from": [ -2.9, -1.3, 2.1 ],
					"to": [ -2.1, -0.3, 3.1 ],
					"rotationOrigin": [ -3.4, -1.3, 2.6 ],
					"rotationX": 17.0,
					"rotationY": -166.0,
					"rotationZ": 2.0,
					"faces": {
						"north": { "texture": "#winterchanterelle", "uv": [ 5.0, 13.5, 5.5, 14.5 ] },
						"east": { "texture": "#winterchanterelle", "uv": [ 3.5, 11.5, 4.5, 12.5 ] },
						"south": { "texture": "#winterchanterelle", "uv": [ 3.0, 12.0, 3.5, 13.0 ] },
						"west": { "texture": "#winterchanterelle", "uv": [ 3.5, 13.0, 4.5, 14.0 ] },
						"down": { "texture": "#winterchanterelle", "uv": [ 4.0, 10.5, 4.5, 11.5 ] }
					},
					"children": [
						{
							"name": "Cube2",
							"from": [ -0.2, 0.9, -0.2 ],
							"to": [ 1.0, 2.1, 1.0 ],
							"rotationOrigin": [ 0.5, 0.9, 0.4 ],
							"rotationX": 6.0,
							"rotationZ": 7.0,
							"faces": {
								"north": { "texture": "#winterchanterelle", "uv": [ 12.0, 14.5, 13.0, 15.5 ], "rotation": 180 },
								"east": { "texture": "#winterchanterelle", "uv": [ 14.0, 14.0, 15.0, 15.0 ], "rotation": 180 },
								"south": { "texture": "#winterchanterelle", "uv": [ 10.5, 14.0, 11.5, 15.0 ], "rotation": 180 },
								"west": { "texture": "#winterchanterelle", "uv": [ 10.5, 14.0, 11.5, 15.0 ], "rotation": 180 },
								"down": { "texture": "#winterchanterelle", "uv": [ 10.0, 14.5, 11.0, 15.5 ] }
							},
							"children": [
								{
									"name": "Cube5",
									"from": [ -0.3, 1.1, -0.3 ],
									"to": [ 1.3, 1.9, 1.3 ],
									"rotationOrigin": [ 0.7, 1.4, 0.7 ],
									"rotationX": -6.0,
									"rotationZ": -5.0,
									"faces": {
										"north": { "texture": "#winterchanterelle", "uv": [ 2.0, 11.0, 3.5, 11.5 ] },
										"east": { "texture": "#winterchanterelle", "uv": [ 0.5, 11.0, 2.0, 11.5 ] },
										"south": { "texture": "#winterchanterelle", "uv": [ 1.5, 12.5, 3.0, 13.0 ] },
										"west": { "texture": "#winterchanterelle", "uv": [ 3.0, 10.5, 4.5, 11.0 ] },
										"down": { "texture": "#winterchanterelle", "uv": [ 1.5, 11.5, 3.0, 13.0 ] }
									},
									"children": [
										{
											"name": "cap2",
											"from": [ -0.5, 0.6, -0.5 ],
											"to": [ 2.0, 1.4, 2.0 ],
											"rotationOrigin": [ 1.0, 0.8, 1.0 ],
											"rotationX": 5.0,
											"rotationY": 28.0,
											"faces": {
												"north": { "texture": "#winterchanterelle", "uv": [ 3.5, 2.5, 6.0, 3.0 ] },
												"east": { "texture": "#winterchanterelle", "uv": [ 5.5, 3.0, 8.0, 3.5 ] },
												"south": { "texture": "#winterchanterelle", "uv": [ 6.5, 6.0, 9.0, 6.5 ] },
												"west": { "texture": "#winterchanterelle", "uv": [ 5.0, 4.5, 7.5, 5.0 ] },
												"up": { "texture": "#winterchanterelle", "uv": [ 3.5, 3.0, 6.0, 5.5 ] },
												"down": { "texture": "#winterchanterelle", "uv": [ 2.0, 10.0, 4.5, 12.5 ] }
											},
											"children": [
												{
													"name": "CapN2",
													"from": [ 0.15, 0.5, -0.7 ],
													"to": [ 2.65, 0.9, 0.1 ],
													"rotationOrigin": [ 1.5, 0.5, 0.0 ],
													"rotationX": 36.0,
													"faces": {
														"north": { "texture": "#winterchanterelle", "uv": [ 7.5, 5.5, 10.0, 6.0 ] },
														"east": { "texture": "#winterchanterelle", "uv": [ 5.5, 4.0, 6.0, 4.5 ] },
														"west": { "texture": "#winterchanterelle", "uv": [ 5.0, 3.0, 5.5, 3.5 ] },
														"up": { "texture": "#winterchanterelle", "uv": [ 9.5, 5.0, 12.0, 5.5 ] },
														"down": { "texture": "#winterchanterelle", "uv": [ 7.0, 3.0, 9.5, 3.5 ] }
													},
													"children": [
														{
															"name": "Cube13",
															"from": [ 0.6, 0.0, -0.6 ],
															"to": [ 1.8, 0.4, 0.0 ],
															"rotationOrigin": [ 2.0, 0.0, 0.0 ],
															"rotationX": 17.0,
															"faces": {
																"north": { "texture": "#winterchanterelle", "uv": [ 2.5, 0.5, 3.5, 1.0 ] },
																"east": { "texture": "#winterchanterelle", "uv": [ 3.5, 2.5, 4.0, 3.0 ] },
																"west": { "texture": "#winterchanterelle", "uv": [ 3.0, 2.0, 3.5, 2.5 ] },
																"up": { "texture": "#winterchanterelle", "uv": [ 2.0, 3.0, 3.0, 3.5 ] },
																"down": { "texture": "#winterchanterelle", "uv": [ 5.0, 3.5, 6.0, 4.0 ] }
															}
														}
													]
												},
												{
													"name": "CapS2",
													"from": [ 0.1, 0.4, 2.3 ],
													"to": [ 1.1, 0.8, 3.3 ],
													"rotationOrigin": [ 1.6, 0.9, 2.7 ],
													"rotationX": -22.0,
													"faces": {
														"east": { "texture": "#winterchanterelle", "uv": [ 7.0, 3.0, 8.0, 3.5 ] },
														"south": { "texture": "#winterchanterelle", "uv": [ 4.0, 3.5, 5.0, 4.0 ] },
														"west": { "texture": "#winterchanterelle", "uv": [ 5.5, 2.5, 6.5, 3.0 ] },
														"up": { "texture": "#winterchanterelle", "uv": [ 5.5, 5.0, 6.5, 6.0 ] },
														"down": { "texture": "#winterchanterelle", "uv": [ 4.5, 2.5, 5.5, 3.5 ] }
													}
												},
												{
													"name": "CapW2",
													"from": [ -0.8, 0.5, 0.0 ],
													"to": [ 0.0, 0.9, 2.5 ],
													"rotationOrigin": [ 0.0, 0.5, 1.5 ],
													"rotationZ": -36.0,
													"faces": {
														"north": { "texture": "#winterchanterelle", "uv": [ 3.0, 1.0, 3.5, 1.5 ] },
														"south": { "texture": "#winterchanterelle", "uv": [ 4.0, 2.5, 4.5, 3.0 ] },
														"west": { "texture": "#winterchanterelle", "uv": [ 4.0, 2.0, 6.5, 2.5 ] },
														"up": { "texture": "#winterchanterelle", "uv": [ 4.0, 2.5, 4.5, 5.0 ] },
														"down": { "texture": "#winterchanterelle", "uv": [ 6.5, 2.0, 7.0, 4.5 ] }
													}
												},
												{
													"name": "CapE2",
													"from": [ 2.6, 0.6, 0.0 ],
													"to": [ 3.4, 1.0, 0.8 ],
													"rotationOrigin": [ 3.0, 0.5, 1.5 ],
													"rotationZ": 36.0,
													"faces": {
														"north": { "texture": "#winterchanterelle", "uv": [ 3.0, 1.0, 3.5, 1.5 ] },
														"east": { "texture": "#winterchanterelle", "uv": [ 1.5, 1.0, 2.0, 1.5 ] },
														"south": { "texture": "#winterchanterelle", "uv": [ 5.5, 3.0, 6.0, 3.5 ] },
														"up": { "texture": "#winterchanterelle", "uv": [ 4.0, 2.5, 4.5, 3.0 ] },
														"down": { "texture": "#winterchanterelle", "uv": [ 4.0, 1.5, 4.5, 2.0 ] }
													}
												},
												{
													"name": "CapE11",
													"from": [ 2.7, 0.8, 0.8 ],
													"to": [ 3.7, 1.2, 2.3 ],
													"rotationOrigin": [ 3.0, 0.5, 2.5 ],
													"rotationZ": 61.0,
													"faces": {
														"north": { "texture": "#winterchanterelle", "uv": [ 3.0, 1.0, 4.0, 1.5 ] },
														"east": { "texture": "#winterchanterelle", "uv": [ 1.5, 1.0, 3.0, 1.5 ] },
														"south": { "texture": "#winterchanterelle", "uv": [ 5.5, 3.0, 6.5, 3.5 ] },
														"up": { "texture": "#winterchanterelle", "uv": [ 4.0, 2.5, 5.0, 4.0 ] },
														"down": { "texture": "#winterchanterelle", "uv": [ 4.0, 1.5, 5.0, 3.0 ] }
													}
												},
												{
													"name": "CapS12",
													"from": [ 1.2, 0.5, 2.3 ],
													"to": [ 2.4, 0.9, 3.1 ],
													"rotationOrigin": [ 2.4, 0.9, 2.7 ],
													"rotationX": -42.0,
													"faces": {
														"east": { "texture": "#winterchanterelle", "uv": [ 7.0, 3.0, 7.5, 3.5 ] },
														"south": { "texture": "#winterchanterelle", "uv": [ 4.0, 3.5, 5.0, 4.0 ] },
														"west": { "texture": "#winterchanterelle", "uv": [ 5.5, 2.5, 6.0, 3.0 ] },
														"up": { "texture": "#winterchanterelle", "uv": [ 5.5, 5.0, 6.5, 5.5 ] },
														"down": { "texture": "#winterchanterelle", "uv": [ 4.5, 2.5, 5.5, 3.0 ] }
													}
												}
											]
										}
									]
								}
							]
						}
					]
				},
				{
					"name": "Stem3",
					"from": [ 3.1, -0.7, 2.1 ],
					"to": [ 3.9, 0.3, 3.1 ],
					"rotationOrigin": [ 2.6, -0.3, 2.6 ],
					"rotationX": 6.0,
					"rotationY": -30.0,
					"rotationZ": 2.0,
					"faces": {
						"north": { "texture": "#winterchanterelle", "uv": [ 5.0, 13.5, 5.5, 14.5 ] },
						"east": { "texture": "#winterchanterelle", "uv": [ 3.5, 11.5, 4.5, 12.5 ] },
						"south": { "texture": "#winterchanterelle", "uv": [ 3.0, 12.0, 3.5, 13.0 ] },
						"west": { "texture": "#winterchanterelle", "uv": [ 3.5, 13.0, 4.5, 14.0 ] },
						"down": { "texture": "#winterchanterelle", "uv": [ 4.0, 10.5, 4.5, 11.5 ] }
					},
					"children": [
						{
							"name": "Cube3",
							"from": [ -0.2, 0.9, -0.2 ],
							"to": [ 1.0, 2.1, 1.0 ],
							"rotationOrigin": [ 0.5, 0.9, 0.4 ],
							"rotationX": 6.0,
							"rotationZ": 7.0,
							"faces": {
								"north": { "texture": "#winterchanterelle", "uv": [ 12.0, 14.5, 13.0, 15.5 ], "rotation": 180 },
								"east": { "texture": "#winterchanterelle", "uv": [ 14.0, 14.0, 15.0, 15.0 ], "rotation": 180 },
								"south": { "texture": "#winterchanterelle", "uv": [ 10.5, 14.0, 11.5, 15.0 ], "rotation": 180 },
								"west": { "texture": "#winterchanterelle", "uv": [ 10.5, 14.0, 11.5, 15.0 ], "rotation": 180 },
								"down": { "texture": "#winterchanterelle", "uv": [ 10.0, 14.5, 11.0, 15.5 ] }
							},
							"children": [
								{
									"name": "Cube6",
									"from": [ -0.3, 1.1, -0.3 ],
									"to": [ 1.3, 1.9, 1.3 ],
									"rotationOrigin": [ 0.7, 1.4, 0.7 ],
									"rotationX": -6.0,
									"rotationZ": -5.0,
									"faces": {
										"north": { "texture": "#winterchanterelle", "uv": [ 2.0, 11.0, 3.5, 11.5 ] },
										"east": { "texture": "#winterchanterelle", "uv": [ 0.5, 11.0, 2.0, 11.5 ] },
										"south": { "texture": "#winterchanterelle", "uv": [ 1.5, 12.5, 3.0, 13.0 ] },
										"west": { "texture": "#winterchanterelle", "uv": [ 3.0, 10.5, 4.5, 11.0 ] },
										"down": { "texture": "#winterchanterelle", "uv": [ 1.5, 11.5, 3.0, 13.0 ] }
									},
									"children": [
										{
											"name": "cap3",
											"from": [ -0.5, 0.6, -0.5 ],
											"to": [ 2.0, 1.4, 2.0 ],
											"rotationOrigin": [ 1.0, 0.8, 1.0 ],
											"rotationX": 5.0,
											"rotationY": 28.0,
											"faces": {
												"north": { "texture": "#winterchanterelle", "uv": [ 3.5, 2.5, 6.0, 3.0 ] },
												"east": { "texture": "#winterchanterelle", "uv": [ 5.5, 3.0, 8.0, 3.5 ] },
												"south": { "texture": "#winterchanterelle", "uv": [ 6.5, 6.0, 9.0, 6.5 ] },
												"west": { "texture": "#winterchanterelle", "uv": [ 5.0, 4.5, 7.5, 5.0 ] },
												"up": { "texture": "#winterchanterelle", "uv": [ 3.5, 3.0, 6.0, 5.5 ] },
												"down": { "texture": "#winterchanterelle", "uv": [ 2.0, 10.0, 4.5, 12.5 ] }
											},
											"children": [
												{
													"name": "CapN3",
													"from": [ 0.15, 0.5, -0.7 ],
													"to": [ 2.65, 0.9, 0.1 ],
													"rotationOrigin": [ 1.5, 0.5, 0.0 ],
													"rotationX": 36.0,
													"faces": {
														"north": { "texture": "#winterchanterelle", "uv": [ 7.5, 5.5, 10.0, 6.0 ] },
														"east": { "texture": "#winterchanterelle", "uv": [ 5.5, 4.0, 6.0, 4.5 ] },
														"west": { "texture": "#winterchanterelle", "uv": [ 5.0, 3.0, 5.5, 3.5 ] },
														"up": { "texture": "#winterchanterelle", "uv": [ 9.5, 5.0, 12.0, 5.5 ] },
														"down": { "texture": "#winterchanterelle", "uv": [ 7.0, 3.0, 9.5, 3.5 ] }
													},
													"children": [
														{
															"name": "Cube14",
															"from": [ 0.6, 0.0, -0.6 ],
															"to": [ 1.8, 0.4, 0.0 ],
															"rotationOrigin": [ 2.0, 0.0, 0.0 ],
															"rotationX": 17.0,
															"faces": {
																"north": { "texture": "#winterchanterelle", "uv": [ 2.5, 0.5, 3.5, 1.0 ] },
																"east": { "texture": "#winterchanterelle", "uv": [ 3.5, 2.5, 4.0, 3.0 ] },
																"west": { "texture": "#winterchanterelle", "uv": [ 3.0, 2.0, 3.5, 2.5 ] },
																"up": { "texture": "#winterchanterelle", "uv": [ 2.0, 3.0, 3.0, 3.5 ] },
																"down": { "texture": "#winterchanterelle", "uv": [ 5.0, 3.5, 6.0, 4.0 ] }
															}
														}
													]
												},
												{
													"name": "CapS3",
													"from": [ 0.1, 0.4, 2.3 ],
													"to": [ 1.1, 0.8, 3.3 ],
													"rotationOrigin": [ 1.6, 0.9, 2.7 ],
													"rotationX": -22.0,
													"faces": {
														"east": { "texture": "#winterchanterelle", "uv": [ 7.0, 3.0, 8.0, 3.5 ] },
														"south": { "texture": "#winterchanterelle", "uv": [ 4.0, 3.5, 5.0, 4.0 ] },
														"west": { "texture": "#winterchanterelle", "uv": [ 5.5, 2.5, 6.5, 3.0 ] },
														"up": { "texture": "#winterchanterelle", "uv": [ 5.5, 5.0, 6.5, 6.0 ] },
														"down": { "texture": "#winterchanterelle", "uv": [ 4.5, 2.5, 5.5, 3.5 ] }
													}
												},
												{
													"name": "CapW3",
													"from": [ -0.8, 0.5, 0.0 ],
													"to": [ 0.0, 0.9, 2.5 ],
													"rotationOrigin": [ 0.0, 0.5, 1.5 ],
													"rotationZ": -36.0,
													"faces": {
														"north": { "texture": "#winterchanterelle", "uv": [ 3.0, 1.0, 3.5, 1.5 ] },
														"south": { "texture": "#winterchanterelle", "uv": [ 4.0, 2.5, 4.5, 3.0 ] },
														"west": { "texture": "#winterchanterelle", "uv": [ 4.0, 2.0, 6.5, 2.5 ] },
														"up": { "texture": "#winterchanterelle", "uv": [ 4.0, 2.5, 4.5, 5.0 ] },
														"down": { "texture": "#winterchanterelle", "uv": [ 6.5, 2.0, 7.0, 4.5 ] }
													}
												},
												{
													"name": "CapE3",
													"from": [ 2.6, 0.6, 0.0 ],
													"to": [ 3.4, 1.0, 0.8 ],
													"rotationOrigin": [ 3.0, 0.5, 1.5 ],
													"rotationZ": 36.0,
													"faces": {
														"north": { "texture": "#winterchanterelle", "uv": [ 3.0, 1.0, 3.5, 1.5 ] },
														"east": { "texture": "#winterchanterelle", "uv": [ 1.5, 1.0, 2.0, 1.5 ] },
														"south": { "texture": "#winterchanterelle", "uv": [ 5.5, 3.0, 6.0, 3.5 ] },
														"up": { "texture": "#winterchanterelle", "uv": [ 4.0, 2.5, 4.5, 3.0 ] },
														"down": { "texture": "#winterchanterelle", "uv": [ 4.0, 1.5, 4.5, 2.0 ] }
													}
												},
												{
													"name": "CapE12",
													"from": [ 2.7, 0.8, 0.8 ],
													"to": [ 3.7, 1.2, 2.3 ],
													"rotationOrigin": [ 3.0, 0.5, 2.5 ],
													"rotationZ": 61.0,
													"faces": {
														"north": { "texture": "#winterchanterelle", "uv": [ 3.0, 1.0, 4.0, 1.5 ] },
														"east": { "texture": "#winterchanterelle", "uv": [ 1.5, 1.0, 3.0, 1.5 ] },
														"south": { "texture": "#winterchanterelle", "uv": [ 5.5, 3.0, 6.5, 3.5 ] },
														"up": { "texture": "#winterchanterelle", "uv": [ 4.0, 2.5, 5.0, 4.0 ] },
														"down": { "texture": "#winterchanterelle", "uv": [ 4.0, 1.5, 5.0, 3.0 ] }
													}
												},
												{
													"name": "CapS13",
													"from": [ 1.2, 0.5, 2.3 ],
													"to": [ 2.4, 0.9, 3.1 ],
													"rotationOrigin": [ 2.4, 0.9, 2.7 ],
													"rotationX": -42.0,
													"faces": {
														"east": { "texture": "#winterchanterelle", "uv": [ 7.0, 3.0, 7.5, 3.5 ] },
														"south": { "texture": "#winterchanterelle", "uv": [ 4.0, 3.5, 5.0, 4.0 ] },
														"west": { "texture": "#winterchanterelle", "uv": [ 5.5, 2.5, 6.0, 3.0 ] },
														"up": { "texture": "#winterchanterelle", "uv": [ 5.5, 5.0, 6.5, 5.5 ] },
														"down": { "texture": "#winterchanterelle", "uv": [ 4.5, 2.5, 5.5, 3.0 ] }
													}
												}
											]
										}
									]
								}
							]
						}
					]
				}
			]
		}
	]}