{
	"editor": {
		"allAngles": true,
		"entityTextureMode": true
	},
	"textureWidth": 72,
	"textureHeight": 96,
	"textureSizes": {
		"fluffdregtex": [72,96]
	},
	"textures": {
		"fluffdregtex": "fluffydreg:entity/fluffdregtex"
	},
	"elements": [
		{
			"name": "Tail1M",
			"stepParentName": "Tail1",
			"from": [ 0.0, 0.0, 0.4 ],
			"to": [ 3.5, 3.0, 3.4 ],
			"autoUnwrap": false,
			"uv": [ 44.5, 10.0 ],
			"rotationOrigin": [ 0.0, 2.0, 2.2 ],
			"faces": {
				"north": { "texture": "#fluffdregtex", "uv": [ 48.0, 33.5, 52.0, 36.5 ], "rotation": 90, "autoUv": false, "snapUv": false },
				"east": { "texture": "#fluffdregtex", "uv": [ 34.5, 45.5, 38.5, 49.5 ], "autoUv": false, "snapUv": false },
				"south": { "texture": "#fluffdregtex", "uv": [ 39.0, 33.5, 43.0, 36.5 ], "rotation": 270, "autoUv": false, "snapUv": false },
				"west": { "texture": "#fluffdregtex", "uv": [ 34.5, 45.5, 38.5, 49.5 ], "autoUv": false, "snapUv": false },
				"up": { "texture": "#fluffdregtex", "uv": [ 43.5, 33.5, 47.5, 36.5 ], "autoUv": false, "snapUv": false },
				"down": { "texture": "#fluffdregtex", "uv": [ 52.5, 33.5, 56.5, 36.5 ], "autoUv": false, "snapUv": false }
			},
			"children": [
				{
					"name": "Tail1b",
					"from": [ 3.5, 0.125, 0.125 ],
					"to": [ 7.0, 2.875, 2.875 ],
					"autoUnwrap": false,
					"uv": [ 42.0, 26.0 ],
					"rotationOrigin": [ 3.5, 2.125, 2.125 ],
					"faces": {
						"north": { "texture": "#fluffdregtex", "uv": [ 48.0, 36.5, 52.0, 39.5 ], "rotation": 90, "autoUv": false, "snapUv": false },
						"east": { "texture": "#fluffdregtex", "uv": [ 34.5, 45.5, 38.5, 49.5 ], "autoUv": false, "snapUv": false },
						"south": { "texture": "#fluffdregtex", "uv": [ 39.0, 36.5, 43.0, 39.5 ], "rotation": 270, "autoUv": false, "snapUv": false },
						"west": { "texture": "#fluffdregtex", "uv": [ 34.5, 45.5, 38.5, 49.5 ], "autoUv": false, "snapUv": false },
						"up": { "texture": "#fluffdregtex", "uv": [ 43.5, 36.5, 47.5, 39.5 ], "autoUv": false, "snapUv": false },
						"down": { "texture": "#fluffdregtex", "uv": [ 52.5, 36.5, 56.5, 39.5 ], "autoUv": false, "snapUv": false }
					},
					"children": [
						{
							"name": "Tail1Fluff4",
							"from": [ -0.13, 0.61, 0.62 ],
							"to": [ 4.12, 2.61, 2.62 ],
							"autoUnwrap": false,
							"uv": [ 57.0, 50.0 ],
							"rotationOrigin": [ -2.125, 0.95, 1.25 ],
							"rotationX": -1.4655,
							"rotationY": -8.5748,
							"rotationZ": 7.4853,
							"faces": {
								"north": { "texture": "#fluffdregtex", "uv": [ 43.5, 61.5, 48.0, 63.5 ], "autoUv": false, "snapUv": false, "enabled": false },
								"east": { "texture": "#fluffdregtex", "uv": [ 46.5, 61.0, 48.5, 63.0 ], "snapUv": false, "enabled": false },
								"south": { "texture": "#fluffdregtex", "uv": [ 0.5, 78.0, 10.5, 82.0 ], "autoUv": false, "snapUv": false },
								"west": { "texture": "#fluffdregtex", "uv": [ 44.5, 61.0, 46.5, 63.0 ], "snapUv": false, "enabled": false },
								"up": { "texture": "#fluffdregtex", "uv": [ 0.5, 74.5, 10.5, 78.5 ], "autoUv": false, "snapUv": false },
								"down": { "texture": "#fluffdregtex", "uv": [ 44.0, 61.0, 48.25, 63.0 ], "snapUv": false, "enabled": false }
							}
						},
						{
							"name": "Tail1Fluff5",
							"from": [ -0.125, 0.6122, 0.2814 ],
							"to": [ 4.125, 2.6122, 2.2814 ],
							"autoUnwrap": false,
							"uv": [ 57.5, 50.5 ],
							"rotationOrigin": [ -2.125, 0.95, 1.65 ],
							"rotationX": 1.4655,
							"rotationY": 8.5748,
							"rotationZ": 7.4853,
							"faces": {
								"north": { "texture": "#fluffdregtex", "uv": [ 0.5, 74.5, 10.5, 78.5 ], "rotation": 180, "autoUv": false, "snapUv": false },
								"east": { "texture": "#fluffdregtex", "uv": [ 44.5, 61.0, 46.5, 63.0 ], "snapUv": false, "enabled": false },
								"south": { "texture": "#fluffdregtex", "uv": [ 41.5, 60.0, 51.5, 64.0 ], "autoUv": false, "snapUv": false, "enabled": false },
								"west": { "texture": "#fluffdregtex", "uv": [ 44.0, 61.0, 46.0, 63.0 ], "snapUv": false, "enabled": false },
								"up": { "texture": "#fluffdregtex", "uv": [ 0.5, 78.0, 10.5, 82.0 ], "autoUv": false, "snapUv": false },
								"down": { "texture": "#fluffdregtex", "uv": [ 43.5, 61.0, 47.75, 63.0 ], "snapUv": false, "enabled": false }
							}
						},
						{
							"name": "Tail1Fluff6",
							"from": [ -0.9, 1.2122, 0.6436 ],
							"to": [ 2.85, 2.7122, 2.1436 ],
							"uv": [ 57.0, 50.0 ],
							"rotationOrigin": [ -2.275, 2.7, 2.25 ],
							"rotationX": -19.8689,
							"rotationY": -10.1141,
							"rotationZ": 14.0913,
							"faces": {
								"north": { "texture": "#fluffdregtex", "uv": [ 43.5, 61.0, 48.0, 63.0 ], "autoUv": false, "snapUv": false, "enabled": false },
								"east": { "texture": "#fluffdregtex", "uv": [ 46.5, 61.0, 48.5, 63.0 ], "snapUv": false, "enabled": false },
								"south": { "texture": "#fluffdregtex", "uv": [ 0.5, 78.0, 10.5, 82.0 ], "autoUv": false, "snapUv": false },
								"west": { "texture": "#fluffdregtex", "uv": [ 44.5, 61.0, 46.5, 63.0 ], "snapUv": false, "enabled": false },
								"up": { "texture": "#fluffdregtex", "uv": [ 0.5, 74.5, 10.5, 78.5 ], "autoUv": false, "snapUv": false },
								"down": { "texture": "#fluffdregtex", "uv": [ 44.0, 61.0, 48.25, 63.0 ], "snapUv": false, "enabled": false }
							}
						},
						{
							"name": "Tail1Fluff7",
							"from": [ -0.9, 1.2122, 0.6564 ],
							"to": [ 2.85, 2.7122, 2.1564 ],
							"autoUnwrap": false,
							"uv": [ 57.0, 50.0 ],
							"rotationOrigin": [ -2.275, 2.7, 0.55 ],
							"rotationX": 19.8689,
							"rotationY": 10.1141,
							"rotationZ": 14.0913,
							"faces": {
								"north": { "texture": "#fluffdregtex", "uv": [ 0.5, 74.5, 10.5, 78.5 ], "rotation": 180, "autoUv": false, "snapUv": false },
								"east": { "texture": "#fluffdregtex", "uv": [ 46.5, 61.0, 48.0, 62.5 ], "snapUv": false, "enabled": false },
								"south": { "texture": "#fluffdregtex", "uv": [ 42.0, 59.5, 52.0, 63.5 ], "autoUv": false, "snapUv": false, "enabled": false },
								"west": { "texture": "#fluffdregtex", "uv": [ 44.5, 61.0, 46.0, 62.5 ], "snapUv": false, "enabled": false },
								"up": { "texture": "#fluffdregtex", "uv": [ 0.5, 78.0, 10.5, 82.0 ], "autoUv": false, "snapUv": false },
								"down": { "texture": "#fluffdregtex", "uv": [ 44.0, 61.0, 47.75, 62.5 ], "snapUv": false, "enabled": false }
							}
						},
						{
							"name": "Tail1Fluff8",
							"from": [ 0.1411, 0.0692, 0.6257 ],
							"to": [ 3.6411, 2.0692, 2.6257 ],
							"uv": [ 57.0, 50.0 ],
							"rotationOrigin": [ -2.275, 0.7, 1.55 ],
							"rotationX": -42.1279,
							"rotationY": -17.5555,
							"rotationZ": 18.4432,
							"faces": {
								"north": { "texture": "#fluffdregtex", "uv": [ 43.5, 61.0, 48.0, 63.0 ], "autoUv": false, "snapUv": false, "enabled": false },
								"east": { "texture": "#fluffdregtex", "uv": [ 46.5, 61.0, 48.5, 63.0 ], "snapUv": false, "enabled": false },
								"south": { "texture": "#fluffdregtex", "uv": [ 0.5, 78.0, 10.5, 82.0 ], "autoUv": false, "snapUv": false },
								"west": { "texture": "#fluffdregtex", "uv": [ 44.5, 61.0, 46.5, 63.0 ], "snapUv": false, "enabled": false },
								"up": { "texture": "#fluffdregtex", "uv": [ 0.5, 74.5, 10.5, 78.5 ], "autoUv": false, "snapUv": false },
								"down": { "texture": "#fluffdregtex", "uv": [ 44.0, 61.0, 48.25, 63.0 ], "snapUv": false, "enabled": false }
							}
						},
						{
							"name": "Tail1Fluff11",
							"from": [ 3.15, 1.1872, 1.3186 ],
							"to": [ 6.15, 2.4372, 2.5686 ],
							"uv": [ 57.0, 50.0 ],
							"rotationOrigin": [ 1.15, 1.525, 1.95 ],
							"rotationX": -1.875,
							"rotationY": -7.1674,
							"rotationZ": 11.0578,
							"faces": {
								"north": { "texture": "#fluffdregtex", "uv": [ 43.5, 61.0, 48.0, 63.0 ], "autoUv": false, "snapUv": false, "enabled": false },
								"east": { "texture": "#fluffdregtex", "uv": [ 46.5, 61.0, 48.5, 63.0 ], "snapUv": false, "enabled": false },
								"south": { "texture": "#fluffdregtex", "uv": [ 0.5, 78.0, 10.5, 82.0 ], "autoUv": false, "snapUv": false },
								"west": { "texture": "#fluffdregtex", "uv": [ 44.5, 61.0, 46.5, 63.0 ], "snapUv": false, "enabled": false },
								"up": { "texture": "#fluffdregtex", "uv": [ 0.5, 74.5, 10.5, 78.5 ], "autoUv": false, "snapUv": false },
								"down": { "texture": "#fluffdregtex", "uv": [ 44.0, 61.0, 48.25, 63.0 ], "snapUv": false, "enabled": false }
							}
						},
						{
							"name": "Tail1Fluff12",
							"from": [ 1.75, 1.6122, 0.3936 ],
							"to": [ 5.25, 2.6122, 1.3936 ],
							"uv": [ 57.0, 50.0 ],
							"rotationOrigin": [ 0.375, 3.1, 2.0 ],
							"rotationX": -34.8382,
							"rotationY": -15.5556,
							"rotationZ": 13.8048,
							"faces": {
								"north": { "texture": "#fluffdregtex", "uv": [ 43.5, 61.0, 48.0, 63.0 ], "autoUv": false, "snapUv": false, "enabled": false },
								"east": { "texture": "#fluffdregtex", "uv": [ 46.5, 61.0, 48.5, 63.0 ], "snapUv": false, "enabled": false },
								"south": { "texture": "#fluffdregtex", "uv": [ 0.5, 78.0, 10.5, 82.0 ], "autoUv": false, "snapUv": false },
								"west": { "texture": "#fluffdregtex", "uv": [ 44.5, 61.0, 46.5, 63.0 ], "snapUv": false, "enabled": false },
								"up": { "texture": "#fluffdregtex", "uv": [ 0.5, 74.5, 10.5, 78.5 ], "autoUv": false, "snapUv": false },
								"down": { "texture": "#fluffdregtex", "uv": [ 44.0, 61.0, 48.25, 63.0 ], "snapUv": false, "enabled": false }
							}
						},
						{
							"name": "Tail1Fluff13",
							"from": [ 1.75, 1.6122, 1.4064 ],
							"to": [ 5.25, 2.6122, 2.4064 ],
							"autoUnwrap": false,
							"uv": [ 57.0, 50.0 ],
							"rotationOrigin": [ 0.375, 3.1, 0.8 ],
							"rotationX": 34.8382,
							"rotationY": 15.5556,
							"rotationZ": 13.8048,
							"faces": {
								"north": { "texture": "#fluffdregtex", "uv": [ 0.5, 74.5, 10.5, 78.5 ], "rotation": 180, "autoUv": false, "snapUv": false },
								"east": { "texture": "#fluffdregtex", "uv": [ 46.5, 61.0, 47.5, 62.0 ], "snapUv": false, "enabled": false },
								"south": { "texture": "#fluffdregtex", "uv": [ 41.5, 60.0, 51.5, 64.0 ], "autoUv": false, "snapUv": false, "enabled": false },
								"west": { "texture": "#fluffdregtex", "uv": [ 44.5, 61.0, 45.5, 62.0 ], "snapUv": false, "enabled": false },
								"up": { "texture": "#fluffdregtex", "uv": [ 0.5, 78.0, 10.5, 82.0 ], "autoUv": false, "snapUv": false },
								"down": { "texture": "#fluffdregtex", "uv": [ 44.0, 61.0, 47.5, 62.0 ], "snapUv": false, "enabled": false }
							}
						},
						{
							"name": "Tail1Fluff14",
							"from": [ 3.15, 1.1872, 0.2314 ],
							"to": [ 6.15, 2.4372, 1.4814 ],
							"uv": [ 57.0, 50.0 ],
							"rotationOrigin": [ 1.15, 1.525, 0.85 ],
							"rotationX": 1.875,
							"rotationY": 7.1674,
							"rotationZ": 11.0578,
							"faces": {
								"north": { "texture": "#fluffdregtex", "uv": [ 43.5, 61.0, 48.0, 63.0 ], "autoUv": false, "snapUv": false, "enabled": false },
								"east": { "texture": "#fluffdregtex", "uv": [ 46.5, 61.0, 48.5, 63.0 ], "snapUv": false, "enabled": false },
								"south": { "texture": "#fluffdregtex", "uv": [ 0.5, 78.0, 10.5, 82.0 ], "autoUv": false, "snapUv": false },
								"west": { "texture": "#fluffdregtex", "uv": [ 44.5, 61.0, 46.5, 63.0 ], "snapUv": false, "enabled": false },
								"up": { "texture": "#fluffdregtex", "uv": [ 0.5, 74.5, 10.5, 78.5 ], "autoUv": false, "snapUv": false },
								"down": { "texture": "#fluffdregtex", "uv": [ 44.0, 61.0, 48.25, 63.0 ], "snapUv": false, "enabled": false }
							}
						},
						{
							"name": "Tail1Fluff15",
							"from": [ 2.4069, 0.5894, 1.1208 ],
							"to": [ 5.4069, 2.0894, 2.6208 ],
							"uv": [ 57.0, 50.0 ],
							"rotationOrigin": [ 0.375, 0.725, 1.55 ],
							"rotationX": -42.5227,
							"rotationY": -16.3771,
							"rotationZ": 17.0905,
							"faces": {
								"north": { "texture": "#fluffdregtex", "uv": [ 43.5, 61.0, 48.0, 63.0 ], "autoUv": false, "snapUv": false, "enabled": false },
								"east": { "texture": "#fluffdregtex", "uv": [ 46.5, 61.0, 48.5, 63.0 ], "snapUv": false, "enabled": false },
								"south": { "texture": "#fluffdregtex", "uv": [ 0.5, 78.0, 10.5, 82.0 ], "autoUv": false, "snapUv": false },
								"west": { "texture": "#fluffdregtex", "uv": [ 44.5, 61.0, 46.5, 63.0 ], "snapUv": false, "enabled": false },
								"up": { "texture": "#fluffdregtex", "uv": [ 0.5, 74.5, 10.5, 78.5 ], "autoUv": false, "snapUv": false },
								"down": { "texture": "#fluffdregtex", "uv": [ 44.0, 61.0, 48.25, 63.0 ], "snapUv": false, "enabled": false }
							}
						}
					]
				},
				{
					"name": "Tail2M",
					"stepParentName": "Tail2",
					"from": [ 0.0, 0.1, 0.45 ],
					"to": [ 2.5, 2.6, 2.95 ],
					"autoUnwrap": false,
					"uv": [ 39.5, 28.0 ],
					"rotationOrigin": [ 6.0, 1.6, 1.95 ],
					"faces": {
						"north": { "texture": "#fluffdregtex", "uv": [ 48.0, 39.5, 52.0, 42.5 ], "rotation": 90, "autoUv": false, "snapUv": false },
						"east": { "texture": "#fluffdregtex", "uv": [ 35.0, 41.5, 38.5, 45.0 ], "autoUv": false, "snapUv": false },
						"south": { "texture": "#fluffdregtex", "uv": [ 39.0, 39.5, 43.0, 42.5 ], "rotation": 270, "autoUv": false, "snapUv": false },
						"west": { "texture": "#fluffdregtex", "uv": [ 35.0, 41.5, 38.5, 45.0 ], "autoUv": false, "snapUv": false },
						"up": { "texture": "#fluffdregtex", "uv": [ 43.5, 39.5, 47.5, 42.5 ], "autoUv": false, "snapUv": false },
						"down": { "texture": "#fluffdregtex", "uv": [ 52.5, 39.5, 56.5, 42.5 ], "autoUv": false, "snapUv": false }
					},
					"children": [
						{
							"name": "Tail2b",
							"from": [ 2.4999, 0.125, 0.125 ],
							"to": [ 4.9999, 2.375, 2.375 ],
							"autoUnwrap": false,
							"uv": [ 48.0, 25.5 ],
							"rotationOrigin": [ 2.4999, 1.625, 1.625 ],
							"faces": {
								"north": { "texture": "#fluffdregtex", "uv": [ 48.0, 42.5, 52.0, 45.5 ], "rotation": 90, "autoUv": false, "snapUv": false },
								"east": { "texture": "#fluffdregtex", "uv": [ 35.0, 41.5, 38.5, 45.0 ], "autoUv": false, "snapUv": false },
								"south": { "texture": "#fluffdregtex", "uv": [ 39.0, 42.5, 43.0, 45.5 ], "rotation": 270, "autoUv": false, "snapUv": false },
								"west": { "texture": "#fluffdregtex", "uv": [ 35.0, 41.5, 38.5, 45.0 ], "autoUv": false, "snapUv": false },
								"up": { "texture": "#fluffdregtex", "uv": [ 43.5, 42.5, 47.5, 45.5 ], "autoUv": false, "snapUv": false },
								"down": { "texture": "#fluffdregtex", "uv": [ 52.5, 42.5, 56.5, 45.5 ], "autoUv": false, "snapUv": false }
							}
						},
						{
							"name": "Tail3M",
							"stepParentName": "Tail3",
							"from": [ 0.0, 0.2, 0.45 ],
							"to": [ 2.5, 2.2, 2.45 ],
							"autoUnwrap": false,
							"uv": [ 43.0, 28.5 ],
							"rotationOrigin": [ 4.0, 1.45, 1.7 ],
							"faces": {
								"north": { "texture": "#fluffdregtex", "uv": [ 48.0, 45.5, 51.0, 48.0 ], "rotation": 90, "autoUv": false, "snapUv": false },
								"east": { "texture": "#fluffdregtex", "uv": [ 35.5, 38.0, 38.5, 41.0 ], "autoUv": false, "snapUv": false },
								"south": { "texture": "#fluffdregtex", "uv": [ 40.0, 45.5, 43.0, 48.0 ], "rotation": 270, "autoUv": false, "snapUv": false },
								"west": { "texture": "#fluffdregtex", "uv": [ 35.5, 38.0, 38.5, 41.0 ], "autoUv": false, "snapUv": false },
								"up": { "texture": "#fluffdregtex", "uv": [ 43.5, 45.5, 46.5, 48.0 ], "autoUv": false, "snapUv": false },
								"down": { "texture": "#fluffdregtex", "uv": [ 52.5, 45.5, 55.5, 48.0 ], "autoUv": false, "snapUv": false }
							},
							"children": [
								{
									"name": "Tail3b",
									"from": [ 2.5, 0.1, 0.125 ],
									"to": [ 5.0, 1.85, 1.875 ],
									"autoUnwrap": false,
									"uv": [ 45.5, 28.5 ],
									"rotationOrigin": [ 2.5, 1.35, 1.375 ],
									"faces": {
										"north": { "texture": "#fluffdregtex", "uv": [ 48.0, 48.0, 51.0, 50.5 ], "rotation": 90, "autoUv": false, "snapUv": false },
										"east": { "texture": "#fluffdregtex", "uv": [ 35.5, 38.0, 38.5, 41.0 ], "autoUv": false, "snapUv": false },
										"south": { "texture": "#fluffdregtex", "uv": [ 40.0, 48.0, 43.0, 50.5 ], "rotation": 270, "autoUv": false, "snapUv": false },
										"west": { "texture": "#fluffdregtex", "uv": [ 35.5, 38.0, 38.5, 41.0 ], "autoUv": false, "snapUv": false },
										"up": { "texture": "#fluffdregtex", "uv": [ 43.5, 48.0, 46.5, 50.5 ], "autoUv": false, "snapUv": false },
										"down": { "texture": "#fluffdregtex", "uv": [ 52.5, 48.0, 55.5, 50.5 ], "autoUv": false, "snapUv": false }
									}
								},
								{
									"name": "Tail4M",
									"stepParentName": "Tail4",
									"from": [ 0.0, 0.2, 0.45 ],
									"to": [ 2.25, 1.7, 1.95 ],
									"autoUnwrap": false,
									"uv": [ 44.0, 55.5 ],
									"rotationOrigin": [ 4.0, 1.45, 1.45 ],
									"faces": {
										"north": { "texture": "#fluffdregtex", "uv": [ 48.0, 50.5, 50.5, 53.0 ], "rotation": 90, "autoUv": false, "snapUv": false },
										"east": { "texture": "#fluffdregtex", "uv": [ 35.5, 38.5, 38.0, 41.0 ], "autoUv": false, "snapUv": false },
										"south": { "texture": "#fluffdregtex", "uv": [ 40.5, 50.5, 43.0, 53.0 ], "rotation": 270, "autoUv": false, "snapUv": false },
										"west": { "texture": "#fluffdregtex", "uv": [ 35.5, 38.5, 38.0, 41.0 ], "autoUv": false, "snapUv": false },
										"up": { "texture": "#fluffdregtex", "uv": [ 43.5, 50.5, 46.0, 53.0 ], "autoUv": false, "snapUv": false },
										"down": { "texture": "#fluffdregtex", "uv": [ 52.5, 50.5, 55.0, 53.0 ], "autoUv": false, "snapUv": false }
									},
									"children": [
										{
											"name": "Tail4b",
											"from": [ 2.125, -0.15, 0.125 ],
											"to": [ 4.375, 1.1, 1.375 ],
											"autoUnwrap": false,
											"uv": [ 44.0, 58.5 ],
											"rotationOrigin": [ 0.0, 1.0, 1.0 ],
											"rotationZ": 7.5,
											"faces": {
												"north": { "texture": "#fluffdregtex", "uv": [ 48.0, 53.0, 50.5, 55.0 ], "rotation": 90, "autoUv": false, "snapUv": false },
												"east": { "texture": "#fluffdregtex", "uv": [ 35.5, 38.5, 38.0, 41.0 ], "autoUv": false, "snapUv": false },
												"south": { "texture": "#fluffdregtex", "uv": [ 40.5, 53.0, 43.0, 55.0 ], "rotation": 270, "autoUv": false, "snapUv": false },
												"west": { "texture": "#fluffdregtex", "uv": [ 35.5, 38.5, 38.0, 41.0 ], "autoUv": false, "snapUv": false },
												"up": { "texture": "#fluffdregtex", "uv": [ 43.5, 53.0, 46.0, 55.0 ], "autoUv": false, "snapUv": false },
												"down": { "texture": "#fluffdregtex", "uv": [ 52.5, 53.0, 55.0, 55.0 ], "autoUv": false, "snapUv": false }
											}
										},
										{
											"name": "Tail4c",
											"from": [ 3.7301, -1.335, 0.175 ],
											"to": [ 5.2301, -0.235, 1.275 ],
											"autoUnwrap": false,
											"uv": [ 44.0, 61.5 ],
											"rotationOrigin": [ 0.0, 1.0, 1.0 ],
											"rotationZ": 24.75,
											"faces": {
												"north": { "texture": "#fluffdregtex", "uv": [ 48.0, 53.0, 50.0, 55.0 ], "rotation": 90, "autoUv": false, "snapUv": false },
												"east": { "texture": "#fluffdregtex", "uv": [ 35.5, 38.5, 37.5, 40.5 ], "autoUv": false, "snapUv": false },
												"south": { "texture": "#fluffdregtex", "uv": [ 41.0, 53.0, 43.0, 55.0 ], "rotation": 270, "autoUv": false, "snapUv": false },
												"west": { "texture": "#fluffdregtex", "uv": [ 35.5, 38.5, 37.5, 40.5 ], "autoUv": false, "snapUv": false },
												"up": { "texture": "#fluffdregtex", "uv": [ 44.5, 50.5, 46.0, 52.0 ], "autoUv": false, "snapUv": false },
												"down": { "texture": "#fluffdregtex", "uv": [ 53.5, 50.5, 55.0, 52.0 ], "autoUv": false, "snapUv": false }
											}
										},
										{
											"name": "Tail4d",
											"from": [ 4.5797, -2.2606, 0.225 ],
											"to": [ 6.0797, -1.2606, 1.225 ],
											"autoUnwrap": false,
											"uv": [ 44.0, 64.0 ],
											"rotationOrigin": [ 0.0, 1.0, 1.0 ],
											"rotationZ": 36.0,
											"faces": {
												"north": { "texture": "#fluffdregtex", "uv": [ 48.0, 53.0, 49.5, 54.5 ], "rotation": 90, "autoUv": false, "snapUv": false },
												"east": { "texture": "#fluffdregtex", "uv": [ 36.5, 36.0, 38.0, 37.5 ], "autoUv": false, "snapUv": false },
												"south": { "texture": "#fluffdregtex", "uv": [ 41.5, 53.0, 43.0, 54.5 ], "rotation": 270, "autoUv": false, "snapUv": false },
												"west": { "texture": "#fluffdregtex", "uv": [ 36.5, 36.0, 38.0, 37.5 ], "autoUv": false, "snapUv": false },
												"up": { "texture": "#fluffdregtex", "uv": [ 44.5, 52.0, 46.0, 53.5 ], "autoUv": false, "snapUv": false },
												"down": { "texture": "#fluffdregtex", "uv": [ 53.5, 52.0, 55.0, 53.5 ], "autoUv": false, "snapUv": false }
											},
											"children": [
												{
													"name": "Tail4d2",
													"from": [ 0.0, -0.1, -0.1 ],
													"to": [ 1.5, 1.1, 1.1 ],
													"autoUnwrap": false,
													"uv": [ 44.0, 64.0 ],
													"rotationOrigin": [ -4.5797, 3.1606, 0.675 ],
													"rotationZ": 0.0,
													"faces": {
														"north": { "texture": "#fluffdregtex", "uv": [ 62.0, 11.0, 65.5, 14.5 ], "autoUv": false },
														"east": { "texture": "#fluffdregtex", "uv": [ 57.0, 19.5, 59.5, 22.0 ], "autoUv": false },
														"south": { "texture": "#fluffdregtex", "uv": [ 61.5, 16.0, 65.0, 19.5 ], "rotation": 180, "autoUv": false },
														"west": { "texture": "#fluffdregtex", "uv": [ 43.0, 59.5, 45.5, 62.0 ], "autoUv": false, "enabled": false },
														"up": { "texture": "#fluffdregtex", "uv": [ 62.0, 18.5, 65.5, 22.0 ], "rotation": 180, "autoUv": false },
														"down": { "texture": "#fluffdregtex", "uv": [ 61.5, 13.0, 65.0, 16.5 ], "autoUv": false }
													}
												}
											]
										},
										{
											"name": "Tail4e",
											"from": [ 5.3881, -2.6048, 0.125 ],
											"to": [ 6.3881, -1.4048, 1.325 ],
											"autoUnwrap": false,
											"uv": [ 44.5, 66.0 ],
											"rotationOrigin": [ 0.0, 1.0, 1.0 ],
											"rotationZ": 38.5,
											"faces": {
												"north": { "texture": "#fluffdregtex", "uv": [ 57.0, 14.0, 59.0, 16.0 ], "autoUv": false, "snapUv": false },
												"east": { "texture": "#fluffdregtex", "uv": [ 57.0, 16.0, 59.0, 18.0 ], "autoUv": false, "snapUv": false },
												"south": { "texture": "#fluffdregtex", "uv": [ 57.0, 17.5, 59.0, 19.5 ], "autoUv": false, "snapUv": false },
												"west": { "texture": "#fluffdregtex", "uv": [ 57.0, 18.5, 59.0, 20.5 ], "autoUv": false, "snapUv": false },
												"up": { "texture": "#fluffdregtex", "uv": [ 57.0, 11.0, 59.0, 13.0 ], "autoUv": false, "snapUv": false },
												"down": { "texture": "#fluffdregtex", "uv": [ 57.0, 13.0, 59.0, 15.0 ], "autoUv": false, "snapUv": false }
											},
											"children": [
												{
													"name": "Tail4eFluffTM",
													"from": [ 0.06, -0.4278, -0.0213 ],
													"to": [ 3.06, 0.8222, 1.2287 ],
													"autoUnwrap": false,
													"uv": [ 57.0, 50.0 ],
													"rotationOrigin": [ -0.6693, 0.8367, 0.675 ],
													"rotationZ": 29.8888,
													"faces": {
														"north": { "texture": "#fluffdregtex", "uv": [ 11.0, 82.5, 21.0, 86.5 ], "rotation": 180, "autoUv": false, "snapUv": false },
														"east": { "texture": "#fluffdregtex", "uv": [ 45.0, 62.0, 46.25, 63.25 ], "snapUv": false, "enabled": false },
														"south": { "texture": "#fluffdregtex", "uv": [ 11.0, 82.5, 21.0, 86.5 ], "rotation": 90, "autoUv": false, "snapUv": false },
														"west": { "texture": "#fluffdregtex", "uv": [ 44.5, 62.0, 45.75, 63.25 ], "snapUv": false, "enabled": false },
														"up": { "texture": "#fluffdregtex", "uv": [ 11.0, 76.5, 21.0, 80.5 ], "autoUv": false, "snapUv": false },
														"down": { "texture": "#fluffdregtex", "uv": [ 43.5, 63.0, 46.5, 64.25 ], "snapUv": false, "enabled": false }
													}
												},
												{
													"name": "Tail4eFluffTL",
													"from": [ 0.3, -0.14, -0.18 ],
													"to": [ 3.8, 0.86, 0.92 ],
													"autoUnwrap": false,
													"uv": [ 57.0, 50.0 ],
													"rotationOrigin": [ -0.6693, 0.8367, 0.675 ],
													"rotationX": 6.7092,
													"rotationY": -18.55,
													"rotationZ": 26.5429,
													"faces": {
														"north": { "texture": "#fluffdregtex", "uv": [ 43.0, 60.5, 47.5, 62.5 ], "autoUv": false, "snapUv": false, "enabled": false },
														"east": { "texture": "#fluffdregtex", "uv": [ 46.5, 61.0, 47.6, 62.0 ], "snapUv": false, "enabled": false },
														"south": { "texture": "#fluffdregtex", "uv": [ 11.0, 78.0, 21.0, 82.0 ], "autoUv": false, "snapUv": false },
														"west": { "texture": "#fluffdregtex", "uv": [ 44.5, 61.0, 45.6, 62.0 ], "snapUv": false, "enabled": false },
														"up": { "texture": "#fluffdregtex", "uv": [ 11.0, 74.5, 21.0, 78.5 ], "autoUv": false, "snapUv": false },
														"down": { "texture": "#fluffdregtex", "uv": [ 44.0, 61.0, 47.5, 62.1 ], "snapUv": false, "enabled": false }
													}
												},
												{
													"name": "Tail4eFluffLM",
													"from": [ 0.1903, -0.2205, 0.2912 ],
													"to": [ 3.1903, 1.0295, 1.5412 ],
													"autoUnwrap": false,
													"uv": [ 57.0, 50.0 ],
													"rotationOrigin": [ -0.6693, 0.8367, 0.675 ],
													"rotationX": 90.0,
													"rotationY": -0.1112,
													"rotationZ": 25.0,
													"faces": {
														"north": { "texture": "#fluffdregtex", "uv": [ 11.0, 82.5, 21.0, 86.5 ], "rotation": 180, "autoUv": false, "snapUv": false },
														"east": { "texture": "#fluffdregtex", "uv": [ 46.5, 61.0, 47.75, 62.25 ], "snapUv": false, "enabled": false },
														"south": { "texture": "#fluffdregtex", "uv": [ 11.0, 82.5, 21.0, 86.5 ], "rotation": 90, "autoUv": false, "snapUv": false },
														"west": { "texture": "#fluffdregtex", "uv": [ 44.5, 61.0, 45.75, 62.25 ], "snapUv": false, "enabled": false },
														"up": { "texture": "#fluffdregtex", "uv": [ 11.0, 76.5, 21.0, 80.5 ], "autoUv": false, "snapUv": false },
														"down": { "texture": "#fluffdregtex", "uv": [ 44.0, 61.0, 47.0, 62.25 ], "snapUv": false, "enabled": false }
													}
												},
												{
													"name": "Tail4eFluffDL",
													"from": [ 0.525, 0.1094, 0.05 ],
													"to": [ 4.025, 1.1094, 1.15 ],
													"autoUnwrap": false,
													"uv": [ 57.0, 50.0 ],
													"rotationOrigin": [ -0.6693, 0.8367, 0.525 ],
													"rotationX": 174.7744,
													"rotationY": 11.2313,
													"rotationZ": 33.65,
													"faces": {
														"north": { "texture": "#fluffdregtex", "uv": [ 11.0, 74.5, 21.0, 78.5 ], "rotation": 180, "autoUv": false, "snapUv": false },
														"east": { "texture": "#fluffdregtex", "uv": [ 46.5, 61.0, 47.6, 62.0 ], "snapUv": false, "enabled": false },
														"south": { "texture": "#fluffdregtex", "uv": [ 40.5, 59.5, 50.5, 63.5 ], "autoUv": false, "snapUv": false, "enabled": false },
														"west": { "texture": "#fluffdregtex", "uv": [ 44.5, 61.0, 45.6, 62.0 ], "snapUv": false, "enabled": false },
														"up": { "texture": "#fluffdregtex", "uv": [ 11.0, 78.0, 21.0, 82.0 ], "autoUv": false, "snapUv": false },
														"down": { "texture": "#fluffdregtex", "uv": [ 44.0, 61.0, 47.5, 62.1 ], "snapUv": false, "enabled": false }
													}
												},
												{
													"name": "Tail4eFluffDM",
													"from": [ 0.6432, 0.4475, 0.1287 ],
													"to": [ 3.6432, 1.6975, 1.3787 ],
													"autoUnwrap": false,
													"uv": [ 57.0, 50.0 ],
													"rotationOrigin": [ 0.8845, 0.6477, 0.675 ],
													"rotationX": 180.0,
													"rotationZ": 40.8612,
													"faces": {
														"north": { "texture": "#fluffdregtex", "uv": [ 11.0, 82.5, 21.0, 86.5 ], "rotation": 180, "autoUv": false, "snapUv": false },
														"east": { "texture": "#fluffdregtex", "uv": [ 46.5, 61.0, 47.75, 62.25 ], "snapUv": false, "enabled": false },
														"south": { "texture": "#fluffdregtex", "uv": [ 11.0, 82.5, 21.0, 86.5 ], "rotation": 90, "autoUv": false, "snapUv": false },
														"west": { "texture": "#fluffdregtex", "uv": [ 44.5, 61.0, 45.75, 62.25 ], "snapUv": false, "enabled": false },
														"up": { "texture": "#fluffdregtex", "uv": [ 11.0, 76.5, 21.0, 80.5 ], "autoUv": false, "snapUv": false },
														"down": { "texture": "#fluffdregtex", "uv": [ 44.0, 61.0, 47.0, 62.25 ], "snapUv": false, "enabled": false }
													}
												},
												{
													"name": "Tail4eFluffDR",
													"from": [ 0.525, 0.1094, 0.024 ],
													"to": [ 4.025, 1.1094, 1.124 ],
													"autoUnwrap": false,
													"uv": [ 57.0, 50.0 ],
													"rotationOrigin": [ -0.6693, 0.8367, 0.675 ],
													"rotationX": -174.7743,
													"rotationY": -11.2312,
													"rotationZ": 33.65,
													"faces": {
														"north": { "texture": "#fluffdregtex", "uv": [ 43.5, 60.5, 48.0, 62.5 ], "autoUv": false, "snapUv": false, "enabled": false },
														"east": { "texture": "#fluffdregtex", "uv": [ 46.5, 61.0, 47.6, 62.0 ], "snapUv": false, "enabled": false },
														"south": { "texture": "#fluffdregtex", "uv": [ 11.0, 78.0, 21.0, 82.0 ], "autoUv": false, "snapUv": false },
														"west": { "texture": "#fluffdregtex", "uv": [ 44.5, 61.0, 45.6, 62.0 ], "snapUv": false, "enabled": false },
														"up": { "texture": "#fluffdregtex", "uv": [ 11.0, 74.5, 21.0, 78.5 ], "autoUv": false, "snapUv": false },
														"down": { "texture": "#fluffdregtex", "uv": [ 44.0, 61.0, 47.5, 62.1 ], "snapUv": false, "enabled": false }
													}
												},
												{
													"name": "Tail4eFluffRM",
													"from": [ 0.1903, -0.2205, -0.3411 ],
													"to": [ 3.1903, 1.0295, 0.9088 ],
													"autoUnwrap": false,
													"uv": [ 57.0, 50.0 ],
													"rotationOrigin": [ -0.6693, 0.8367, 0.525 ],
													"rotationX": -90.0,
													"rotationY": 0.1112,
													"rotationZ": 25.0,
													"faces": {
														"north": { "texture": "#fluffdregtex", "uv": [ 11.0, 82.5, 21.0, 86.5 ], "rotation": 180, "autoUv": false, "snapUv": false },
														"east": { "texture": "#fluffdregtex", "uv": [ 46.5, 61.0, 47.7499, 62.25 ], "snapUv": false, "enabled": false },
														"south": { "texture": "#fluffdregtex", "uv": [ 11.0, 82.5, 21.0, 86.5 ], "rotation": 90, "autoUv": false, "snapUv": false },
														"west": { "texture": "#fluffdregtex", "uv": [ 44.5, 61.0, 45.7499, 62.25 ], "snapUv": false, "enabled": false },
														"up": { "texture": "#fluffdregtex", "uv": [ 11.0, 76.5, 21.0, 80.5 ], "autoUv": false, "snapUv": false },
														"down": { "texture": "#fluffdregtex", "uv": [ 44.0, 61.0, 47.0, 62.2499 ], "snapUv": false, "enabled": false }
													}
												},
												{
													"name": "Tail4eFluffTR",
													"from": [ 0.3, -0.14, 0.28 ],
													"to": [ 3.8, 0.86, 1.38 ],
													"autoUnwrap": false,
													"uv": [ 57.0, 50.0 ],
													"rotationOrigin": [ -0.6693, 0.8367, 0.525 ],
													"rotationX": -6.7092,
													"rotationY": 18.55,
													"rotationZ": 26.5429,
													"faces": {
														"north": { "texture": "#fluffdregtex", "uv": [ 11.0, 74.5, 21.0, 78.5 ], "rotation": 180, "autoUv": false, "snapUv": false },
														"east": { "texture": "#fluffdregtex", "uv": [ 46.5, 61.0, 47.6, 62.0 ], "snapUv": false, "enabled": false },
														"south": { "texture": "#fluffdregtex", "uv": [ 40.5, 59.5, 50.5, 63.5 ], "autoUv": false, "snapUv": false, "enabled": false },
														"west": { "texture": "#fluffdregtex", "uv": [ 44.5, 61.0, 45.6, 62.0 ], "snapUv": false, "enabled": false },
														"up": { "texture": "#fluffdregtex", "uv": [ 11.0, 78.0, 21.0, 82.0 ], "autoUv": false, "snapUv": false },
														"down": { "texture": "#fluffdregtex", "uv": [ 44.0, 61.0, 47.5, 62.1 ], "snapUv": false, "enabled": false }
													}
												}
											]
										},
										{
											"name": "Tail4f",
											"from": [ 5.815, -2.8176, 0.125 ],
											"to": [ 7.815, -1.2176, 1.325 ],
											"autoUnwrap": false,
											"uv": [ 57.5, 57.0 ],
											"rotationOrigin": [ 0.0, 1.0, 1.0 ],
											"rotationZ": 38.5,
											"faces": {
												"north": { "texture": "#fluffdregtex", "uv": [ 58.5, 16.0, 61.5, 18.0 ], "autoUv": false, "snapUv": false },
												"east": { "texture": "#fluffdregtex", "uv": [ 58.5, 17.0, 60.5, 19.0 ], "autoUv": false, "snapUv": false },
												"south": { "texture": "#fluffdregtex", "uv": [ 58.5, 14.0, 61.5, 16.0 ], "autoUv": false, "snapUv": false },
												"west": { "texture": "#fluffdregtex", "uv": [ 58.5, 18.5, 60.5, 20.5 ], "autoUv": false, "snapUv": false },
												"up": { "texture": "#fluffdregtex", "uv": [ 58.5, 11.0, 60.5, 13.0 ], "autoUv": false, "snapUv": false },
												"down": { "texture": "#fluffdregtex", "uv": [ 58.5, 12.5, 60.5, 14.5 ], "autoUv": false, "snapUv": false }
											},
											"children": [
												{
													"name": "Tail4fFluffTM",
													"from": [ 1.5858, 0.1764, 0.565 ],
													"to": [ 5.5858, 1.1764, 1.565 ],
													"autoUnwrap": false,
													"uv": [ 57.0, 50.0 ],
													"rotationOrigin": [ -1.0962, 1.0495, 0.525 ],
													"rotationX": 43.2238,
													"rotationY": 13.9781,
													"rotationZ": 14.4138,
													"faces": {
														"north": { "texture": "#fluffdregtex", "uv": [ 11.0, 74.5, 21.0, 78.5 ], "rotation": 180, "autoUv": false, "snapUv": false },
														"east": { "texture": "#fluffdregtex", "uv": [ 42.5, 63.5, 43.5, 64.5 ], "snapUv": false, "enabled": false },
														"south": { "texture": "#fluffdregtex", "uv": [ 41.5, 59.5, 51.5, 63.5 ], "autoUv": false, "snapUv": false, "enabled": false },
														"west": { "texture": "#fluffdregtex", "uv": [ 44.5, 61.0, 45.5, 62.0 ], "snapUv": false, "enabled": false },
														"up": { "texture": "#fluffdregtex", "uv": [ 11.0, 78.0, 21.0, 82.0 ], "autoUv": false, "snapUv": false },
														"down": { "texture": "#fluffdregtex", "uv": [ 44.0, 61.0, 48.0, 62.0 ], "snapUv": false, "enabled": false }
													}
												},
												{
													"name": "Tail4fFluffTL",
													"from": [ 1.3761, -0.127, -0.2801 ],
													"to": [ 6.3761, 1.073, 0.8199 ],
													"autoUnwrap": false,
													"uv": [ 57.0, 50.0 ],
													"rotationOrigin": [ -1.0962, 1.0495, 0.675 ],
													"rotationX": 1.9117,
													"rotationY": -19.0727,
													"rotationZ": 18.7036,
													"faces": {
														"north": { "texture": "#fluffdregtex", "uv": [ 43.5, 61.0, 48.0, 63.0 ], "autoUv": false, "snapUv": false, "enabled": false },
														"east": { "texture": "#fluffdregtex", "uv": [ 46.5, 61.0, 47.6, 62.2 ], "autoUv": false, "snapUv": false, "enabled": false },
														"south": { "texture": "#fluffdregtex", "uv": [ 11.0, 78.0, 21.0, 82.0 ], "autoUv": false, "snapUv": false },
														"west": { "texture": "#fluffdregtex", "uv": [ 17.0, 91.5, 21.0, 95.5 ], "rotation": 270, "autoUv": false, "snapUv": false },
														"up": { "texture": "#fluffdregtex", "uv": [ 11.0, 74.5, 21.0, 78.5 ], "autoUv": false, "snapUv": false },
														"down": { "texture": "#fluffdregtex", "uv": [ 11.0, 89.5, 21.0, 93.5 ], "autoUv": false, "snapUv": false }
													}
												},
												{
													"name": "Tail4fFluffLM",
													"from": [ 0.986, 0.1662, 0.8808 ],
													"to": [ 4.986, 1.1662, 1.8808 ],
													"autoUnwrap": false,
													"uv": [ 57.0, 50.0 ],
													"rotationOrigin": [ -1.0962, 1.0495, 0.525 ],
													"rotationX": 129.2942,
													"rotationY": 19.3822,
													"rotationZ": 18.882,
													"faces": {
														"north": { "texture": "#fluffdregtex", "uv": [ 11.0, 74.5, 21.0, 78.5 ], "rotation": 180, "autoUv": false, "snapUv": false },
														"east": { "texture": "#fluffdregtex", "uv": [ 46.5, 61.0, 47.5, 62.0 ], "snapUv": false, "enabled": false },
														"south": { "texture": "#fluffdregtex", "uv": [ 41.0, 59.5, 51.0, 63.5 ], "autoUv": false, "snapUv": false, "enabled": false },
														"west": { "texture": "#fluffdregtex", "uv": [ 44.5, 61.0, 45.5, 62.0 ], "snapUv": false, "enabled": false },
														"up": { "texture": "#fluffdregtex", "uv": [ 11.0, 78.0, 21.0, 82.0 ], "autoUv": false, "snapUv": false },
														"down": { "texture": "#fluffdregtex", "uv": [ 44.0, 61.0, 48.0, 62.0 ], "snapUv": false, "enabled": false }
													}
												},
												{
													"name": "Tail4fFluffDL",
													"from": [ 0.8301, -0.2974, 0.2408 ],
													"to": [ 5.8301, 0.9026, 1.3408 ],
													"autoUnwrap": false,
													"uv": [ 57.0, 50.0 ],
													"rotationOrigin": [ -1.0962, 1.0495, 0.525 ],
													"rotationX": 178.6993,
													"rotationY": 15.3656,
													"rotationZ": 33.5095,
													"faces": {
														"north": { "texture": "#fluffdregtex", "uv": [ 11.0, 74.5, 21.0, 78.5 ], "rotation": 180, "autoUv": false, "snapUv": false },
														"east": { "texture": "#fluffdregtex", "uv": [ 48.0, 61.0, 49.1, 62.2 ], "snapUv": false, "enabled": false },
														"south": { "texture": "#fluffdregtex", "uv": [ 41.5, 59.0, 51.5, 63.0 ], "autoUv": false, "snapUv": false, "enabled": false },
														"west": { "texture": "#fluffdregtex", "uv": [ 17.0, 91.5, 21.0, 95.5 ], "rotation": 180, "autoUv": false, "snapUv": false },
														"up": { "texture": "#fluffdregtex", "uv": [ 11.0, 78.0, 21.0, 82.0 ], "autoUv": false, "snapUv": false },
														"down": { "texture": "#fluffdregtex", "uv": [ 43.5, 61.0, 48.5, 62.1 ], "snapUv": false, "enabled": false }
													}
												},
												{
													"name": "Tail4fFluffDR",
													"from": [ 0.8301, -0.2974, -0.1408 ],
													"to": [ 5.8301, 0.9026, 0.9592 ],
													"autoUnwrap": false,
													"uv": [ 57.0, 50.0 ],
													"rotationOrigin": [ -1.0962, 1.0495, 0.675 ],
													"rotationX": -178.6993,
													"rotationY": -15.3656,
													"rotationZ": 33.5095,
													"faces": {
														"north": { "texture": "#fluffdregtex", "uv": [ 45.5, 60.5, 50.0, 62.5 ], "autoUv": false, "snapUv": false, "enabled": false },
														"east": { "texture": "#fluffdregtex", "uv": [ 46.5, 60.5, 47.6, 61.7 ], "snapUv": false, "enabled": false },
														"south": { "texture": "#fluffdregtex", "uv": [ 11.0, 78.0, 21.0, 82.0 ], "autoUv": false, "snapUv": false },
														"west": { "texture": "#fluffdregtex", "uv": [ 17.0, 91.5, 21.0, 95.5 ], "rotation": 270, "autoUv": false, "snapUv": false },
														"up": { "texture": "#fluffdregtex", "uv": [ 11.0, 74.5, 21.0, 78.5 ], "autoUv": false, "snapUv": false },
														"down": { "texture": "#fluffdregtex", "uv": [ 43.5, 59.5, 48.5, 60.6 ], "snapUv": false, "enabled": false }
													}
												},
												{
													"name": "Tail4fFluffRM",
													"from": [ 0.986, 0.1662, -0.6807 ],
													"to": [ 4.986, 1.1662, 0.3192 ],
													"autoUnwrap": false,
													"uv": [ 57.0, 50.0 ],
													"rotationOrigin": [ -1.0962, 1.0495, 0.675 ],
													"rotationX": -129.2942,
													"rotationY": -19.3822,
													"rotationZ": 18.882,
													"faces": {
														"north": { "texture": "#fluffdregtex", "uv": [ 44.0, 60.5, 48.5, 62.5 ], "autoUv": false, "snapUv": false, "enabled": false },
														"east": { "texture": "#fluffdregtex", "uv": [ 46.5, 61.0, 47.4999, 62.0 ], "snapUv": false, "enabled": false },
														"south": { "texture": "#fluffdregtex", "uv": [ 11.0, 78.0, 21.0, 82.0 ], "autoUv": false, "snapUv": false },
														"west": { "texture": "#fluffdregtex", "uv": [ 44.5, 61.0, 45.4999, 62.0 ], "snapUv": false, "enabled": false },
														"up": { "texture": "#fluffdregtex", "uv": [ 11.0, 74.5, 21.0, 78.5 ], "autoUv": false, "snapUv": false },
														"down": { "texture": "#fluffdregtex", "uv": [ 44.0, 61.0, 48.0, 61.9999 ], "snapUv": false, "enabled": false }
													}
												},
												{
													"name": "Tail4fFluffTR",
													"from": [ 1.3761, -0.127, 0.3802 ],
													"to": [ 6.3761, 1.073, 1.4802 ],
													"autoUnwrap": false,
													"uv": [ 57.0, 50.0 ],
													"rotationOrigin": [ -1.0962, 1.0495, 0.525 ],
													"rotationX": -1.9117,
													"rotationY": 19.0727,
													"rotationZ": 18.7036,
													"faces": {
														"north": { "texture": "#fluffdregtex", "uv": [ 11.0, 74.5, 21.0, 78.5 ], "rotation": 180, "autoUv": false, "snapUv": false },
														"east": { "texture": "#fluffdregtex", "uv": [ 46.5, 61.0, 47.5, 62.0 ], "autoUv": false, "snapUv": false, "enabled": false },
														"south": { "texture": "#fluffdregtex", "uv": [ 41.0, 59.5, 51.0, 63.5 ], "autoUv": false, "snapUv": false, "enabled": false },
														"west": { "texture": "#fluffdregtex", "uv": [ 17.0, 91.5, 21.0, 95.5 ], "rotation": 180, "autoUv": false, "snapUv": false },
														"up": { "texture": "#fluffdregtex", "uv": [ 11.0, 78.0, 21.0, 82.0 ], "autoUv": false, "snapUv": false },
														"down": { "texture": "#fluffdregtex", "uv": [ 11.0, 89.5, 21.0, 93.5 ], "rotation": 270, "autoUv": false, "snapUv": false }
													}
												},
												{
													"name": "Tail4fFluffTM2",
													"from": [ 4.0009, -0.0397, -0.0963 ],
													"to": [ 8.0009, 0.9603, 1.4037 ],
													"autoUnwrap": false,
													"uv": [ 57.0, 50.0 ],
													"rotationOrigin": [ -1.0962, 1.0495, 0.675 ],
													"rotationZ": 12.3888,
													"faces": {
														"north": { "texture": "#fluffdregtex", "uv": [ 11.0, 82.5, 21.0, 86.5 ], "rotation": 180, "autoUv": false, "snapUv": false },
														"east": { "texture": "#fluffdregtex", "uv": [ 46.5, 61.0, 48.0, 62.0 ], "snapUv": false, "enabled": false },
														"south": { "texture": "#fluffdregtex", "uv": [ 11.0, 82.5, 21.0, 86.5 ], "rotation": 90, "autoUv": false, "snapUv": false },
														"west": { "texture": "#fluffdregtex", "uv": [ 44.5, 61.0, 46.0, 62.0 ], "snapUv": false, "enabled": false },
														"up": { "texture": "#fluffdregtex", "uv": [ 11.0, 76.5, 21.0, 80.5 ], "autoUv": false, "snapUv": false },
														"down": { "texture": "#fluffdregtex", "uv": [ 44.0, 61.0, 48.0, 62.5 ], "snapUv": false, "enabled": false }
													}
												},
												{
													"name": "Tail4fFluffTL2",
													"from": [ 2.69, -0.0266, -0.0638 ],
													"to": [ 7.69, 1.1734, 1.3362 ],
													"autoUnwrap": false,
													"uv": [ 57.0, 50.0 ],
													"rotationOrigin": [ -1.0962, 1.0495, 0.675 ],
													"rotationX": 1.1061,
													"rotationY": -4.8764,
													"rotationZ": 12.7971,
													"faces": {
														"north": { "texture": "#fluffdregtex", "uv": [ 43.5, 61.0, 48.0, 63.0 ], "autoUv": false, "snapUv": false, "enabled": false },
														"east": { "texture": "#fluffdregtex", "uv": [ 46.5, 61.0, 47.9, 62.2 ], "snapUv": false, "enabled": false },
														"south": { "texture": "#fluffdregtex", "uv": [ 11.0, 78.0, 21.0, 82.0 ], "autoUv": false, "snapUv": false },
														"west": { "texture": "#fluffdregtex", "uv": [ 44.5, 62.0, 45.9, 63.2 ], "snapUv": false, "enabled": false },
														"up": { "texture": "#fluffdregtex", "uv": [ 11.0, 74.5, 21.0, 78.5 ], "autoUv": false, "snapUv": false },
														"down": { "texture": "#fluffdregtex", "uv": [ 44.0, 61.0, 49.0, 62.4 ], "snapUv": false, "enabled": false }
													}
												},
												{
													"name": "Tail4fFluffLM2",
													"from": [ 2.85, 0.15, 0.1533 ],
													"to": [ 7.85, 1.15, 1.6533 ],
													"autoUnwrap": false,
													"uv": [ 57.0, 50.0 ],
													"rotationOrigin": [ -0.7962, 0.9495, 0.675 ],
													"rotationX": 89.4128,
													"rotationY": -0.0443,
													"rotationZ": 12.0126,
													"faces": {
														"north": { "texture": "#fluffdregtex", "uv": [ 11.0, 82.5, 21.0, 86.5 ], "rotation": 180, "autoUv": false, "snapUv": false },
														"east": { "texture": "#fluffdregtex", "uv": [ 46.5, 61.0, 48.0, 62.0 ], "snapUv": false, "enabled": false },
														"south": { "texture": "#fluffdregtex", "uv": [ 11.0, 82.5, 21.0, 86.5 ], "rotation": 90, "autoUv": false, "snapUv": false },
														"west": { "texture": "#fluffdregtex", "uv": [ 44.5, 61.0, 46.0, 62.0 ], "snapUv": false, "enabled": false },
														"up": { "texture": "#fluffdregtex", "uv": [ 11.0, 76.5, 21.0, 80.5 ], "autoUv": false, "snapUv": false },
														"down": { "texture": "#fluffdregtex", "uv": [ 44.0, 61.0, 49.0, 62.5 ], "snapUv": false, "enabled": false }
													}
												},
												{
													"name": "Tail4fFluffDL2",
													"from": [ 2.87, 0.79, -0.2892 ],
													"to": [ 7.87, 1.99, 1.1108 ],
													"autoUnwrap": false,
													"uv": [ 57.0, 50.0 ],
													"rotationOrigin": [ -1.0962, 1.3495, 0.525 ],
													"rotationX": 178.4722,
													"rotationY": 4.7614,
													"rotationZ": 17.8135,
													"faces": {
														"north": { "texture": "#fluffdregtex", "uv": [ 11.0, 74.5, 21.0, 78.5 ], "rotation": 180, "autoUv": false, "snapUv": false },
														"east": { "texture": "#fluffdregtex", "uv": [ 46.5, 61.0, 47.9, 62.2 ], "snapUv": false, "enabled": false },
														"south": { "texture": "#fluffdregtex", "uv": [ 42.0, 60.0, 52.0, 64.0 ], "autoUv": false, "snapUv": false, "enabled": false },
														"west": { "texture": "#fluffdregtex", "uv": [ 44.5, 61.0, 45.9, 62.2 ], "snapUv": false, "enabled": false },
														"up": { "texture": "#fluffdregtex", "uv": [ 11.0, 78.0, 21.0, 82.0 ], "autoUv": false, "snapUv": false },
														"down": { "texture": "#fluffdregtex", "uv": [ 44.0, 61.0, 49.0, 62.4 ], "snapUv": false, "enabled": false }
													}
												},
												{
													"name": "Tail4fFluffDR2",
													"from": [ 2.8572, 0.77, 0.09 ],
													"to": [ 7.8572, 1.97, 1.49 ],
													"autoUnwrap": false,
													"uv": [ 57.0, 50.0 ],
													"rotationOrigin": [ -1.11, 1.3286, 0.675 ],
													"rotationX": -178.4722,
													"rotationY": -4.7614,
													"rotationZ": 17.8135,
													"faces": {
														"north": { "texture": "#fluffdregtex", "uv": [ 43.0, 61.0, 47.5, 63.0 ], "autoUv": false, "snapUv": false, "enabled": false },
														"east": { "texture": "#fluffdregtex", "uv": [ 46.5, 61.0, 48.0, 62.5 ], "autoUv": false, "snapUv": false, "enabled": false },
														"south": { "texture": "#fluffdregtex", "uv": [ 11.0, 78.0, 21.0, 82.0 ], "autoUv": false, "snapUv": false },
														"west": { "texture": "#fluffdregtex", "uv": [ 44.5, 61.0, 46.0, 62.5 ], "autoUv": false, "snapUv": false, "enabled": false },
														"up": { "texture": "#fluffdregtex", "uv": [ 11.0, 74.5, 21.0, 78.5 ], "autoUv": false, "snapUv": false },
														"down": { "texture": "#fluffdregtex", "uv": [ 44.0, 61.0, 49.0, 62.4 ], "snapUv": false, "enabled": false }
													}
												},
												{
													"name": "Tail4fFluffRM2",
													"from": [ 2.5527, 0.2452, -0.4533 ],
													"to": [ 7.5527, 1.2452, 1.0467 ],
													"autoUnwrap": false,
													"uv": [ 57.0, 50.0 ],
													"rotationOrigin": [ -1.0962, 1.0495, 0.525 ],
													"rotationX": -89.4128,
													"rotationY": 0.0443,
													"rotationZ": 12.0126,
													"faces": {
														"north": { "texture": "#fluffdregtex", "uv": [ 11.0, 82.5, 21.0, 86.5 ], "rotation": 180, "autoUv": false, "snapUv": false },
														"east": { "texture": "#fluffdregtex", "uv": [ 46.5, 61.0, 48.0, 62.0 ], "snapUv": false, "enabled": false },
														"south": { "texture": "#fluffdregtex", "uv": [ 11.0, 82.5, 21.0, 86.5 ], "rotation": 90, "autoUv": false, "snapUv": false },
														"west": { "texture": "#fluffdregtex", "uv": [ 44.5, 61.0, 46.0, 62.0 ], "snapUv": false, "enabled": false },
														"up": { "texture": "#fluffdregtex", "uv": [ 11.0, 76.5, 21.0, 80.5 ], "autoUv": false, "snapUv": false },
														"down": { "texture": "#fluffdregtex", "uv": [ 44.0, 61.0, 49.0, 62.5 ], "snapUv": false, "enabled": false }
													}
												},
												{
													"name": "Tail4fFluffTR2",
													"from": [ 2.6944, -0.002, -0.1358 ],
													"to": [ 7.6944, 1.198, 1.2641 ],
													"autoUnwrap": false,
													"uv": [ 57.0, 50.0 ],
													"rotationOrigin": [ -1.0962, 1.0495, 0.525 ],
													"rotationX": -1.1061,
													"rotationY": 4.8764,
													"rotationZ": 12.7971,
													"faces": {
														"north": { "texture": "#fluffdregtex", "uv": [ 11.0, 74.5, 21.0, 78.5 ], "rotation": 180, "autoUv": false, "snapUv": false },
														"east": { "texture": "#fluffdregtex", "uv": [ 46.5, 61.0, 47.8999, 62.2 ], "snapUv": false, "enabled": false },
														"south": { "texture": "#fluffdregtex", "uv": [ 41.5, 60.0, 51.5, 64.0 ], "autoUv": false, "snapUv": false, "enabled": false },
														"west": { "texture": "#fluffdregtex", "uv": [ 44.5, 61.0, 45.8999, 62.2 ], "snapUv": false, "enabled": false },
														"up": { "texture": "#fluffdregtex", "uv": [ 11.0, 78.0, 21.0, 82.0 ], "autoUv": false, "snapUv": false },
														"down": { "texture": "#fluffdregtex", "uv": [ 44.0, 61.0, 49.0, 62.3999 ], "snapUv": false, "enabled": false }
													}
												}
											]
										},
										{
											"name": "Tail4g",
											"from": [ 7.7898, -3.2577, -0.325 ],
											"to": [ 10.8898, -0.7577, 1.775 ],
											"autoUnwrap": false,
											"uv": [ 56.0, 60.0 ],
											"rotationOrigin": [ 0.0, 1.0, 1.0 ],
											"rotationZ": 38.5,
											"faces": {
												"north": { "texture": "#fluffdregtex", "uv": [ 60.0, 14.0, 63.5, 16.5 ], "autoUv": false, "snapUv": false },
												"east": { "texture": "#fluffdregtex", "uv": [ 60.0, 18.0, 62.0, 20.0 ], "autoUv": false, "snapUv": false },
												"south": { "texture": "#fluffdregtex", "uv": [ 60.0, 16.0, 63.5, 18.5 ], "autoUv": false, "snapUv": false },
												"west": { "texture": "#fluffdregtex", "uv": [ 60.0, 19.5, 62.0, 21.5 ], "autoUv": false, "snapUv": false },
												"up": { "texture": "#fluffdregtex", "uv": [ 60.0, 12.5, 63.5, 14.5 ], "autoUv": false, "snapUv": false },
												"down": { "texture": "#fluffdregtex", "uv": [ 60.0, 11.0, 63.5, 13.0 ], "autoUv": false, "snapUv": false }
											},
											"children": [
												{
													"name": "Tail4gFluff4",
													"from": [ 2.603, 0.9409, 0.2071 ],
													"to": [ 7.603, 2.4409, 1.7071 ],
													"autoUnwrap": false,
													"uv": [ 57.0, 50.0 ],
													"rotationOrigin": [ -3.071, 1.4896, 0.975 ],
													"rotationX": -179.782,
													"rotationY": -2.4905,
													"rotationZ": 5.5047,
													"faces": {
														"north": { "texture": "#fluffdregtex", "uv": [ 44.0, 59.5, 48.5, 61.5 ], "autoUv": false, "snapUv": false, "enabled": false },
														"east": { "texture": "#fluffdregtex", "uv": [ 46.5, 61.0, 48.0, 62.5 ], "snapUv": false, "enabled": false },
														"south": { "texture": "#fluffdregtex", "uv": [ 11.0, 78.0, 21.0, 82.0 ], "autoUv": false, "snapUv": false },
														"west": { "texture": "#fluffdregtex", "uv": [ 48.5, 59.5, 50.0, 61.0 ], "snapUv": false, "enabled": false },
														"up": { "texture": "#fluffdregtex", "uv": [ 11.0, 74.5, 21.0, 78.5 ], "autoUv": false, "snapUv": false },
														"down": { "texture": "#fluffdregtex", "uv": [ 44.0, 61.0, 49.0, 62.5 ], "snapUv": false, "enabled": false }
													}
												},
												{
													"name": "Tail4gFluff3",
													"from": [ 2.5656, 0.5308, 0.2412 ],
													"to": [ 7.5656, 2.0308, 1.7412 ],
													"autoUnwrap": false,
													"uv": [ 57.0, 50.0 ],
													"rotationOrigin": [ -3.071, 1.4896, 0.975 ],
													"rotationX": -0.218,
													"rotationY": 2.4905,
													"rotationZ": 4.5048,
													"faces": {
														"north": { "texture": "#fluffdregtex", "uv": [ 11.0, 74.5, 21.0, 78.5 ], "rotation": 180, "autoUv": false, "snapUv": false },
														"east": { "texture": "#fluffdregtex", "uv": [ 46.5, 61.0, 48.0, 62.5 ], "snapUv": false, "enabled": false },
														"south": { "texture": "#fluffdregtex", "uv": [ 42.0, 57.5, 52.0, 61.5 ], "autoUv": false, "snapUv": false, "enabled": false },
														"west": { "texture": "#fluffdregtex", "uv": [ 44.5, 61.0, 46.0, 62.5 ], "snapUv": false, "enabled": false },
														"up": { "texture": "#fluffdregtex", "uv": [ 11.0, 78.0, 21.0, 82.0 ], "autoUv": false, "snapUv": false },
														"down": { "texture": "#fluffdregtex", "uv": [ 44.0, 61.0, 49.0, 62.5 ], "snapUv": false, "enabled": false }
													}
												},
												{
													"name": "Tail4gFluff2",
													"from": [ 2.5656, 0.5308, 0.3588 ],
													"to": [ 7.5656, 2.0308, 1.8588 ],
													"autoUnwrap": false,
													"uv": [ 57.0, 50.0 ],
													"rotationOrigin": [ -3.071, 1.4896, 1.125 ],
													"rotationX": 0.218,
													"rotationY": -2.4905,
													"rotationZ": 4.5048,
													"faces": {
														"north": { "texture": "#fluffdregtex", "uv": [ 44.0, 58.5, 48.5, 60.5 ], "autoUv": false, "snapUv": false, "enabled": false },
														"east": { "texture": "#fluffdregtex", "uv": [ 46.5, 61.0, 48.0, 62.5 ], "snapUv": false, "enabled": false },
														"south": { "texture": "#fluffdregtex", "uv": [ 11.0, 78.0, 21.0, 82.0 ], "autoUv": false, "snapUv": false },
														"west": { "texture": "#fluffdregtex", "uv": [ 44.5, 61.0, 46.0, 62.5 ], "snapUv": false, "enabled": false },
														"up": { "texture": "#fluffdregtex", "uv": [ 11.0, 74.5, 21.0, 78.5 ], "autoUv": false, "snapUv": false },
														"down": { "texture": "#fluffdregtex", "uv": [ 44.0, 61.0, 49.0, 62.5 ], "snapUv": false, "enabled": false }
													}
												},
												{
													"name": "Tail4gFluff1",
													"from": [ 2.603, 0.9409, 0.3929 ],
													"to": [ 7.603, 2.4409, 1.8929 ],
													"autoUnwrap": false,
													"uv": [ 57.0, 50.0 ],
													"rotationOrigin": [ -3.071, 1.4896, 1.125 ],
													"rotationX": 179.782,
													"rotationY": 2.4905,
													"rotationZ": 5.5047,
													"faces": {
														"north": { "texture": "#fluffdregtex", "uv": [ 11.0, 74.5, 21.0, 78.5 ], "rotation": 180, "snapUv": false },
														"east": { "texture": "#fluffdregtex", "uv": [ 46.5, 61.0, 48.0, 62.5 ], "snapUv": false, "enabled": false },
														"south": { "texture": "#fluffdregtex", "uv": [ 42.5, 58.0, 52.5, 62.0 ], "snapUv": false, "enabled": false },
														"west": { "texture": "#fluffdregtex", "uv": [ 44.5, 61.0, 46.0, 62.5 ], "snapUv": false, "enabled": false },
														"up": { "texture": "#fluffdregtex", "uv": [ 11.0, 78.0, 21.0, 82.0 ], "snapUv": false },
														"down": { "texture": "#fluffdregtex", "uv": [ 44.0, 61.0, 49.0, 62.5 ], "snapUv": false, "enabled": false }
													}
												}
											]
										},
										{
											"name": "Tail4h",
											"from": [ 10.8145, -2.8171, -0.05 ],
											"to": [ 12.8145, -1.3171, 1.45 ],
											"autoUnwrap": false,
											"uv": [ 56.5, 66.0 ],
											"rotationOrigin": [ 0.0, 1.0, 1.0 ],
											"rotationZ": 38.5,
											"faces": {
												"north": { "texture": "#fluffdregtex", "uv": [ 60.0, 19.5, 62.0, 21.0 ], "snapUv": false },
												"east": { "texture": "#fluffdregtex", "uv": [ 61.5, 18.5, 63.0, 20.0 ], "snapUv": false },
												"south": { "texture": "#fluffdregtex", "uv": [ 61.5, 20.5, 63.5, 22.0 ], "snapUv": false },
												"west": { "texture": "#fluffdregtex", "uv": [ 62.0, 19.0, 63.5, 20.5 ], "snapUv": false },
												"up": { "texture": "#fluffdregtex", "uv": [ 57.0, 19.5, 59.0, 21.0 ], "snapUv": false },
												"down": { "texture": "#fluffdregtex", "uv": [ 58.5, 19.5, 60.5, 21.0 ], "snapUv": false }
											},
											"children": [
												{
													"name": "Tail4hFluff1",
													"from": [ 0.1274, 0.5189, -0.092 ],
													"to": [ 6.1274, 2.1189, 1.508 ],
													"autoUnwrap": false,
													"uv": [ 57.0, 50.0 ],
													"rotationOrigin": [ -6.0957, 1.049, 0.85 ],
													"rotationX": -180.0,
													"rotationY": -2.5,
													"rotationZ": 0.5,
													"faces": {
														"north": { "texture": "#fluffdregtex", "uv": [ 43.5, 61.0, 48.0, 63.0 ], "autoUv": false, "snapUv": false, "enabled": false },
														"east": { "texture": "#fluffdregtex", "uv": [ 46.5, 61.0, 48.1, 62.6 ], "snapUv": false, "enabled": false },
														"south": { "texture": "#fluffdregtex", "uv": [ 11.0, 78.0, 21.0, 82.0 ], "autoUv": false, "snapUv": false },
														"west": { "texture": "#fluffdregtex", "uv": [ 44.5, 61.0, 46.1, 62.6 ], "snapUv": false, "enabled": false },
														"up": { "texture": "#fluffdregtex", "uv": [ 11.0, 74.5, 21.0, 78.5 ], "autoUv": false, "snapUv": false },
														"down": { "texture": "#fluffdregtex", "uv": [ 44.0, 61.0, 50.0, 62.6 ], "snapUv": false, "enabled": false }
													}
												},
												{
													"name": "Tail4hFluff2",
													"from": [ 0.1209, 0.519, 0.4419 ],
													"to": [ 6.1209, 2.119, 2.0419 ],
													"autoUnwrap": false,
													"uv": [ 57.0, 50.0 ],
													"rotationOrigin": [ -6.0957, 1.049, 0.85 ],
													"rotationX": 180.0,
													"rotationY": 2.5,
													"rotationZ": 0.5,
													"faces": {
														"north": { "texture": "#fluffdregtex", "uv": [ 11.0, 74.5, 21.0, 78.5 ], "rotation": 180, "autoUv": false, "snapUv": false },
														"east": { "texture": "#fluffdregtex", "uv": [ 46.5, 61.0, 48.1, 62.6 ], "snapUv": false, "enabled": false },
														"south": { "texture": "#fluffdregtex", "uv": [ 42.5, 60.5, 52.5, 64.5 ], "autoUv": false, "snapUv": false, "enabled": false },
														"west": { "texture": "#fluffdregtex", "uv": [ 44.5, 61.0, 46.1, 62.6 ], "snapUv": false, "enabled": false },
														"up": { "texture": "#fluffdregtex", "uv": [ 11.0, 78.0, 21.0, 82.0 ], "autoUv": false, "snapUv": false },
														"down": { "texture": "#fluffdregtex", "uv": [ 44.0, 61.0, 50.0, 62.6 ], "snapUv": false, "enabled": false }
													}
												},
												{
													"name": "Tail4hFluff3",
													"from": [ 0.1007, -0.5555, -0.3408 ],
													"to": [ 6.1007, 1.0445, 1.2592 ],
													"autoUnwrap": false,
													"uv": [ 57.0, 50.0 ],
													"rotationOrigin": [ -6.0957, 1.049, 0.85 ],
													"rotationX": 0.218,
													"rotationY": -2.4905,
													"rotationZ": 4.5048,
													"faces": {
														"north": { "texture": "#fluffdregtex", "uv": [ 41.0, 60.5, 51.0, 64.5 ], "rotation": 180, "autoUv": false, "snapUv": false, "enabled": false },
														"east": { "texture": "#fluffdregtex", "uv": [ 46.5, 61.0, 48.1, 62.6 ], "snapUv": false, "enabled": false },
														"south": { "texture": "#fluffdregtex", "uv": [ 11.0, 78.0, 21.0, 82.0 ], "autoUv": false, "snapUv": false },
														"west": { "texture": "#fluffdregtex", "uv": [ 44.5, 61.0, 46.1, 62.6 ], "snapUv": false, "enabled": false },
														"up": { "texture": "#fluffdregtex", "uv": [ 11.0, 74.5, 21.0, 78.5 ], "autoUv": false, "snapUv": false },
														"down": { "texture": "#fluffdregtex", "uv": [ 44.0, 61.0, 50.0, 62.6 ], "snapUv": false, "enabled": false }
													}
												},
												{
													"name": "Tail4hFluff4",
													"from": [ 0.1073, -0.5554, 0.191 ],
													"to": [ 6.1073, 1.0446, 1.7909 ],
													"autoUnwrap": false,
													"uv": [ 57.0, 50.0 ],
													"rotationOrigin": [ -6.0957, 1.049, 0.85 ],
													"rotationX": -0.218,
													"rotationY": 2.4905,
													"rotationZ": 4.5048,
													"faces": {
														"north": { "texture": "#fluffdregtex", "uv": [ 11.0, 74.5, 21.0, 78.5 ], "rotation": 180, "autoUv": false, "snapUv": false },
														"east": { "texture": "#fluffdregtex", "uv": [ 46.5, 61.0, 48.0999, 62.6 ], "snapUv": false, "enabled": false },
														"south": { "texture": "#fluffdregtex", "uv": [ 41.0, 59.0, 51.0, 63.0 ], "autoUv": false, "snapUv": false, "enabled": false },
														"west": { "texture": "#fluffdregtex", "uv": [ 44.5, 61.0, 46.0999, 62.6 ], "snapUv": false, "enabled": false },
														"up": { "texture": "#fluffdregtex", "uv": [ 11.0, 78.0, 21.0, 82.0 ], "autoUv": false, "snapUv": false },
														"down": { "texture": "#fluffdregtex", "uv": [ 44.0, 61.0, 50.0, 62.5999 ], "snapUv": false, "enabled": false }
													}
												}
											]
										}
									]
								}
							]
						},
						{
							"name": "Tail2Fluff1",
							"from": [ 0.271, 0.1857, 0.7936 ],
							"to": [ 4.271, 1.6857, 2.2936 ],
							"autoUnwrap": false,
							"uv": [ 57.0, 50.0 ],
							"rotationOrigin": [ -1.879, 0.5235, 1.425 ],
							"rotationX": -42.8862,
							"rotationY": -15.1902,
							"rotationZ": 15.7541,
							"faces": {
								"north": { "texture": "#fluffdregtex", "uv": [ 43.5, 61.0, 48.0, 63.0 ], "autoUv": false, "snapUv": false, "enabled": false },
								"east": { "texture": "#fluffdregtex", "uv": [ 45.5, 61.5, 47.0, 63.0 ], "snapUv": false, "enabled": false },
								"south": { "texture": "#fluffdregtex", "uv": [ 0.5, 78.0, 10.5, 82.0 ], "autoUv": false, "snapUv": false },
								"west": { "texture": "#fluffdregtex", "uv": [ 44.5, 61.0, 46.0, 62.5 ], "snapUv": false, "enabled": false },
								"up": { "texture": "#fluffdregtex", "uv": [ 0.5, 74.5, 10.5, 78.5 ], "autoUv": false, "snapUv": false },
								"down": { "texture": "#fluffdregtex", "uv": [ 44.0, 61.0, 48.0, 62.5 ], "snapUv": false, "enabled": false }
							}
						},
						{
							"name": "Tail2Fluff2",
							"from": [ 0.396, 0.9236, 0.08 ],
							"to": [ 3.396, 2.4236, 1.58 ],
							"autoUnwrap": false,
							"uv": [ 57.0, 50.0 ],
							"rotationOrigin": [ -1.604, 1.2736, 0.925 ],
							"rotationY": 2.0001,
							"rotationZ": 1.9999,
							"faces": {
								"north": { "texture": "#fluffdregtex", "uv": [ 0.5, 74.5, 10.5, 78.5 ], "rotation": 180, "autoUv": false, "snapUv": false },
								"east": { "texture": "#fluffdregtex", "uv": [ 46.5, 61.0, 48.0, 62.5 ], "snapUv": false, "enabled": false },
								"south": { "texture": "#fluffdregtex", "uv": [ 41.5, 59.5, 51.5, 63.5 ], "autoUv": false, "snapUv": false, "enabled": false },
								"west": { "texture": "#fluffdregtex", "uv": [ 44.5, 61.0, 46.0, 62.5 ], "snapUv": false, "enabled": false },
								"up": { "texture": "#fluffdregtex", "uv": [ 0.5, 78.0, 10.5, 82.0 ], "autoUv": false, "snapUv": false },
								"down": { "texture": "#fluffdregtex", "uv": [ 44.0, 61.0, 47.0, 62.5 ], "snapUv": false, "enabled": false }
							}
						},
						{
							"name": "Tail2Fluff3",
							"from": [ 0.059, 1.6193, 0.5071 ],
							"to": [ 3.559, 2.6193, 1.5071 ],
							"autoUnwrap": false,
							"uv": [ 57.0, 50.0 ],
							"rotationOrigin": [ -1.0541, 3.2735, -0.125 ],
							"rotationX": 16.1511,
							"rotationY": 1.8153,
							"rotationZ": 10.4924,
							"faces": {
								"north": { "texture": "#fluffdregtex", "uv": [ 0.5, 74.5, 10.5, 78.5 ], "rotation": 180, "autoUv": false, "snapUv": false },
								"east": { "texture": "#fluffdregtex", "uv": [ 46.5, 61.0, 47.5, 62.0 ], "snapUv": false, "enabled": false },
								"south": { "texture": "#fluffdregtex", "uv": [ 41.5, 59.5, 51.5, 63.5 ], "autoUv": false, "snapUv": false, "enabled": false },
								"west": { "texture": "#fluffdregtex", "uv": [ 44.5, 61.0, 45.5, 62.0 ], "snapUv": false, "enabled": false },
								"up": { "texture": "#fluffdregtex", "uv": [ 0.5, 78.0, 10.5, 82.0 ], "autoUv": false, "snapUv": false },
								"down": { "texture": "#fluffdregtex", "uv": [ 44.0, 61.0, 47.5, 62.0 ], "snapUv": false, "enabled": false }
							}
						},
						{
							"name": "Tail2Fluff4",
							"from": [ 0.059, 1.6193, 0.9929 ],
							"to": [ 3.559, 2.6193, 1.9929 ],
							"autoUnwrap": false,
							"uv": [ 57.0, 50.0 ],
							"rotationOrigin": [ -1.0541, 3.2735, 2.625 ],
							"rotationX": -16.151,
							"rotationY": -1.8153,
							"rotationZ": 10.4924,
							"faces": {
								"north": { "texture": "#fluffdregtex", "uv": [ 43.5, 61.0, 48.0, 63.0 ], "autoUv": false, "snapUv": false, "enabled": false },
								"east": { "texture": "#fluffdregtex", "uv": [ 46.5, 61.0, 47.5, 62.0 ], "snapUv": false, "enabled": false },
								"south": { "texture": "#fluffdregtex", "uv": [ 0.5, 78.0, 10.5, 82.0 ], "autoUv": false, "snapUv": false },
								"west": { "texture": "#fluffdregtex", "uv": [ 44.5, 61.0, 45.5, 62.0 ], "snapUv": false, "enabled": false },
								"up": { "texture": "#fluffdregtex", "uv": [ 0.5, 74.5, 10.5, 78.5 ], "autoUv": false, "snapUv": false },
								"down": { "texture": "#fluffdregtex", "uv": [ 44.0, 61.0, 47.5, 62.0 ], "snapUv": false, "enabled": false }
							}
						},
						{
							"name": "Tail2Fluff5",
							"from": [ 0.396, 0.9236, 0.92 ],
							"to": [ 3.396, 2.4236, 2.42 ],
							"uv": [ 57.0, 50.0 ],
							"rotationOrigin": [ -1.604, 1.2736, 1.575 ],
							"rotationY": -2.0001,
							"rotationZ": 1.9999,
							"faces": {
								"north": { "texture": "#fluffdregtex", "uv": [ 43.5, 61.0, 48.0, 63.0 ], "snapUv": false, "enabled": false },
								"east": { "texture": "#fluffdregtex", "uv": [ 46.5, 61.0, 48.0, 62.5 ], "snapUv": false, "enabled": false },
								"south": { "texture": "#fluffdregtex", "uv": [ 0.5, 78.0, 10.5, 82.0 ], "snapUv": false },
								"west": { "texture": "#fluffdregtex", "uv": [ 44.5, 61.0, 46.0, 62.5 ], "autoUv": false, "snapUv": false, "enabled": false },
								"up": { "texture": "#fluffdregtex", "uv": [ 0.5, 74.5, 10.5, 78.5 ], "snapUv": false },
								"down": { "texture": "#fluffdregtex", "uv": [ 44.0, 61.0, 47.0, 62.5 ], "snapUv": false, "enabled": false }
							}
						}
					]
				},
				{
					"name": "Tail1Fluff1",
					"from": [ 1.575, 0.5122, 1.0436 ],
					"to": [ 4.575, 2.0122, 2.5436 ],
					"uv": [ 57.0, 50.0 ],
					"rotationOrigin": [ -0.725, 0.85, 1.675 ],
					"rotationX": -40.144,
					"rotationY": -22.3292,
					"rotationZ": 24.2505,
					"faces": {
						"north": { "texture": "#fluffdregtex", "uv": [ 43.5, 61.0, 48.0, 63.0 ], "autoUv": false, "snapUv": false, "enabled": false },
						"east": { "texture": "#fluffdregtex", "uv": [ 46.5, 61.0, 48.5, 63.0 ], "snapUv": false, "enabled": false },
						"south": { "texture": "#fluffdregtex", "uv": [ 0.5, 78.0, 10.5, 82.0 ], "autoUv": false, "snapUv": false },
						"west": { "texture": "#fluffdregtex", "uv": [ 44.5, 61.0, 46.5, 63.0 ], "snapUv": false, "enabled": false },
						"up": { "texture": "#fluffdregtex", "uv": [ 0.5, 74.5, 10.5, 78.5 ], "autoUv": false, "snapUv": false },
						"down": { "texture": "#fluffdregtex", "uv": [ 44.0, 61.0, 48.25, 63.0 ], "snapUv": false, "enabled": false }
					}
				},
				{
					"name": "Tail1Fluff2",
					"from": [ 1.425, 0.7622, 0.6436 ],
					"to": [ 5.425, 2.7622, 2.6436 ],
					"uv": [ 57.0, 50.0 ],
					"rotationOrigin": [ -0.575, 1.1, 1.275 ],
					"rotationY": -10.0,
					"rotationZ": 10.0,
					"faces": {
						"north": { "texture": "#fluffdregtex", "uv": [ 43.5, 61.0, 48.0, 63.0 ], "autoUv": false, "snapUv": false, "enabled": false },
						"east": { "texture": "#fluffdregtex", "uv": [ 46.5, 61.0, 48.5, 63.0 ], "snapUv": false, "enabled": false },
						"south": { "texture": "#fluffdregtex", "uv": [ 0.5, 78.0, 10.5, 82.0 ], "autoUv": false, "snapUv": false },
						"west": { "texture": "#fluffdregtex", "uv": [ 44.5, 61.0, 46.5, 63.0 ], "snapUv": false, "enabled": false },
						"up": { "texture": "#fluffdregtex", "uv": [ 0.5, 74.5, 10.5, 78.5 ], "autoUv": false, "snapUv": false },
						"down": { "texture": "#fluffdregtex", "uv": [ 44.0, 61.0, 48.25, 63.0 ], "snapUv": false, "enabled": false }
					}
				},
				{
					"name": "Tail1Fluff3",
					"from": [ 0.65, 1.3622, 0.7686 ],
					"to": [ 4.15, 2.8622, 2.2686 ],
					"uv": [ 57.0, 50.0 ],
					"rotationOrigin": [ -0.725, 2.85, 2.375 ],
					"rotationX": -19.431,
					"rotationY": -10.9549,
					"rotationZ": 16.486,
					"faces": {
						"north": { "texture": "#fluffdregtex", "uv": [ 43.5, 61.0, 48.0, 63.0 ], "autoUv": false, "snapUv": false, "enabled": false },
						"east": { "texture": "#fluffdregtex", "uv": [ 46.5, 61.0, 48.5, 63.0 ], "snapUv": false, "enabled": false },
						"south": { "texture": "#fluffdregtex", "uv": [ 0.5, 78.0, 10.5, 82.0 ], "autoUv": false, "snapUv": false },
						"west": { "texture": "#fluffdregtex", "uv": [ 44.5, 61.0, 46.5, 63.0 ], "snapUv": false, "enabled": false },
						"up": { "texture": "#fluffdregtex", "uv": [ 0.5, 74.5, 10.5, 78.5 ], "autoUv": false, "snapUv": false },
						"down": { "texture": "#fluffdregtex", "uv": [ 44.0, 61.0, 48.25, 63.0 ], "snapUv": false, "enabled": false }
					}
				},
				{
					"name": "Tail1Fluff9",
					"from": [ 0.65, 1.3622, 0.7814 ],
					"to": [ 4.15, 2.8622, 2.2814 ],
					"autoUnwrap": false,
					"uv": [ 57.0, 50.0 ],
					"rotationOrigin": [ -0.725, 2.85, 0.675 ],
					"rotationX": 19.431,
					"rotationY": 10.9549,
					"rotationZ": 16.486,
					"faces": {
						"north": { "texture": "#fluffdregtex", "uv": [ 0.5, 74.5, 10.5, 78.5 ], "rotation": 180, "autoUv": false, "snapUv": false },
						"east": { "texture": "#fluffdregtex", "uv": [ 46.5, 61.0, 48.0, 62.5 ], "snapUv": false, "enabled": false },
						"south": { "texture": "#fluffdregtex", "uv": [ 41.5, 59.0, 51.5, 63.0 ], "autoUv": false, "snapUv": false, "enabled": false },
						"west": { "texture": "#fluffdregtex", "uv": [ 44.5, 61.0, 46.0, 62.5 ], "snapUv": false, "enabled": false },
						"up": { "texture": "#fluffdregtex", "uv": [ 0.5, 78.0, 10.5, 82.0 ], "autoUv": false, "snapUv": false },
						"down": { "texture": "#fluffdregtex", "uv": [ 44.0, 61.0, 47.5, 62.5 ], "snapUv": false, "enabled": false }
					}
				},
				{
					"name": "Tail1Fluff10",
					"from": [ 1.425, 0.7622, 0.4064 ],
					"to": [ 5.425, 2.7622, 2.4064 ],
					"autoUnwrap": false,
					"uv": [ 57.0, 50.0 ],
					"rotationOrigin": [ -0.575, 1.1, 1.775 ],
					"rotationY": 10.0001,
					"rotationZ": 10.0,
					"faces": {
						"north": { "texture": "#fluffdregtex", "uv": [ 0.5, 74.5, 10.5, 78.5 ], "rotation": 180, "autoUv": false, "snapUv": false },
						"east": { "texture": "#fluffdregtex", "uv": [ 46.5, 61.0, 48.5, 63.0 ], "snapUv": false, "enabled": false },
						"south": { "texture": "#fluffdregtex", "uv": [ 42.0, 59.0, 52.0, 63.0 ], "autoUv": false, "snapUv": false, "enabled": false },
						"west": { "texture": "#fluffdregtex", "uv": [ 44.5, 61.0, 46.5, 63.0 ], "snapUv": false, "enabled": false },
						"up": { "texture": "#fluffdregtex", "uv": [ 0.5, 78.0, 10.5, 82.0 ], "autoUv": false, "snapUv": false },
						"down": { "texture": "#fluffdregtex", "uv": [ 44.0, 61.0, 48.0, 63.0 ], "snapUv": false, "enabled": false }
					}
				}
			]
		}
	]}