{
  "version": 1,
  "patches": {
    "boolean": {
      "temporalsymphony:patches/entity/bellheadmodifier.json": {
        "0/enabled": "bellheadtoggle",
        "1/enabled": "bellheadtoggle"
      },

      "temporalsymphony:patches/shapes/bellhead.json": {
        "0/enabled": "bellheadtoggle"
      },

      "temporalsymphony:patches/shapes/surface.json": {
        "0/enabled": "jawtoggle",
        "1/enabled": "jawtoggle",
        "2/enabled": "jawtoggle",
        "3/enabled": "jawtoggle",
        "4/enabled": "jawtoggle",
        "5/enabled": "jawtoggle",
        "6/enabled": "jawtoggle",
        "7/enabled": "jawtoggle",
        "8/enabled": "jawtoggle",
        "9/enabled": "jawtoggle"
      },

      "temporalsymphony:patches/shapes/deep.json": {
        "0/enabled": "jawtoggle",
        "1/enabled": "jawtoggle",
        "2/enabled": "jawtoggle",
        "3/enabled": "jawtoggle",
        "4/enabled": "jawtoggle",
        "5/enabled": "jawtoggle",
        "6/enabled": "jawtoggle",
        "7/enabled": "jawtoggle",
        "8/enabled": "jawtoggle",
        "9/enabled": "jawtoggle"
      },

      "temporalsymphony:patches/shapes/tainted.json": {
        "0/enabled": "jawtoggle",
        "1/enabled": "jawtoggle",
        "2/enabled": "jawtoggle",
        "3/enabled": "jawtoggle",
        "4/enabled": "jawtoggle",
        "5/enabled": "jawtoggle",
        "6/enabled": "jawtoggle",
        "7/enabled": "jawtoggle",
        "8/enabled": "jawtoggle",
        "9/enabled": "jawtoggle"
      },

      "temporalsymphony:patches/shapes/corrupt.json": {
        "0/enabled": "jawtoggle",
        "1/enabled": "jawtoggle",
        "2/enabled": "jawtoggle",
        "3/enabled": "jawtoggle",
        "4/enabled": "jawtoggle",
        "5/enabled": "jawtoggle",
        "6/enabled": "jawtoggle",
        "7/enabled": "jawtoggle",
        "8/enabled": "jawtoggle",
        "9/enabled": "jawtoggle"
      },

      "temporalsymphony:patches/shapes/nightmare.json": {
        "0/enabled": "jawtoggle",
        "1/enabled": "jawtoggle",
        "2/enabled": "jawtoggle",
        "3/enabled": "jawtoggle",
        "4/enabled": "jawtoggle",
        "5/enabled": "jawtoggle",
        "6/enabled": "jawtoggle",
        "7/enabled": "jawtoggle",
        "8/enabled": "jawtoggle",
        "9/enabled": "jawtoggle"
      },

      "temporalsymphony:patches/shapes/stilt.json": {
        "0/enabled": "jawtoggle",
        "1/enabled": "jawtoggle",
        "2/enabled": "jawtoggle",
        "3/enabled": "jawtoggle",
        "4/enabled": "jawtoggle",
        "5/enabled": "jawtoggle",
        "6/enabled": "jawtoggle",
        "7/enabled": "jawtoggle",
        "8/enabled": "jawtoggle",
        "9/enabled": "jawtoggle"
      },

      "temporalsymphony:patches/shapes/deepsplit.json": {
        "0/enabled": "jawtoggle",
        "1/enabled": "jawtoggle",
        "2/enabled": "jawtoggle",
        "3/enabled": "jawtoggle",
        "4/enabled": "jawtoggle",
        "5/enabled": "jawtoggle",
        "6/enabled": "jawtoggle",
        "7/enabled": "jawtoggle",
        "8/enabled": "jawtoggle",
        "9/enabled": "jawtoggle",
        "10/enabled": "jawtoggle",
        "11/enabled": "jawtoggle"
      }
    }
  },
  "settings": {
    "boolean": {
      "bellheadtoggle": {
        "name": "Bellhead Shivers",
        "weight": 0.011,
        "comment": "Should Bellhead Shivers have Bell behavior?",
        "default": "true"
      },

      "jawtoggle": {
        "name": "Open-Jaw Shivers",
        "weight": 0.012,
        "comment": "Should Shiver jaws be open or closed?",
        "default": "true"
      }
    }
  }
}