[
    {
        "ingredientPattern": "HSI,NMN,_P_",
		"enabled": true,
        "ingredients": {
            "H": { "type": "item", "code": "game:hammer-*", "isTool": true, "toolDurabilityCost": 50 },
            "S": { "type": "item", "code": "game:solderbar-*", "quantity": 2 },
			"I": { "type": "item", "code": "game:solderingiron", "isTool": true, "toolDurabilityCost": 50 },
			"M": { "type": "block", "code": "2xplatemoldcore-fired", "quantity": 1 },
			"P": { "type": "item", "code": "game:metalplate-*", 
				"name": "metal",
                "allowedVariants": ["tinbronze","bismuthbronze","blackbronze"],
				"quantity": 1 },
			"N": { "type": "item", "code": "game:metalnailsandstrips-*", 
                "name": "metal",
                "allowedVariants": ["tinbronze","bismuthbronze","blackbronze"],
                "quantity": 1 }
        },
        "width": 3,
        "height": 3,
		"shapeless": false,
        "output": { "type": "block", "code": "platemold-burned-{metal}-twoplate", "quantity": 1 }
    }
]