{
	"editor": {
		"allAngles": true,
		"entityTextureMode": false
	},
	"textureWidth": 16,
	"textureHeight": 16,
	"textureSizes": {
	},
	"textures": {
		"club": "mycodiversity:block/plant/mushroom/club"
	},
	"elements": [
		{
			"name": "origin",
			"from": [ 8.0, 0.0, 8.0 ],
			"to": [ 8.0, 0.0, 8.0 ],
			"rotationOrigin": [ 8.0, 0.0, 8.0 ],
			"faces": {
				"north": { "texture": "#club", "uv": [ 0.0, 0.0, 0.5, 0.5 ] },
				"east": { "texture": "#club", "uv": [ 0.0, 0.0, 0.5, 0.5 ] },
				"south": { "texture": "#club", "uv": [ 0.0, 0.0, 0.5, 0.5 ] },
				"west": { "texture": "#club", "uv": [ 0.0, 0.0, 0.5, 0.5 ] },
				"up": { "texture": "#club", "uv": [ 0.0, 0.0, 0.5, 0.5 ] },
				"down": { "texture": "#club", "uv": [ 0.0, 0.0, 0.5, 0.5 ] }
			},
			"children": [
				{
					"name": "medium3",
					"from": [ 0.0, -0.4, -1.0 ],
					"to": [ 0.9, 0.6, -0.1 ],
					"rotationOrigin": [ 0.0, -0.4, -1.0 ],
					"rotationX": 6.0,
					"rotationY": -55.0,
					"faces": {
						"north": { "texture": "#club", "uv": [ 5.0, 13.0, 5.5, 14.0 ] },
						"east": { "texture": "#club", "uv": [ 4.5, 12.5, 5.0, 13.5 ] },
						"south": { "texture": "#club", "uv": [ 4.5, 13.5, 5.0, 14.5 ] },
						"west": { "texture": "#club", "uv": [ 5.0, 13.0, 5.5, 14.0 ] },
						"up": { "texture": "#club", "uv": [ 5.5, 12.0, 6.0, 12.5 ] },
						"down": { "texture": "#club", "uv": [ 4.5, 14.5, 5.0, 15.0 ] }
					},
					"children": [
						{
							"name": "Cube189",
							"from": [ 0.0, 1.6, 0.0 ],
							"to": [ 0.5, 3.1, 0.5 ],
							"rotationOrigin": [ 0.0, 1.6, 0.0 ],
							"rotationY": 30.0,
							"rotationZ": 11.0,
							"faces": {
								"north": { "texture": "#club", "uv": [ 4.5, 7.5, 5.0, 9.0 ] },
								"east": { "texture": "#club", "uv": [ 4.5, 7.5, 5.0, 9.0 ] },
								"south": { "texture": "#club", "uv": [ 4.5, 7.5, 5.0, 9.0 ] },
								"west": { "texture": "#club", "uv": [ 4.5, 6.5, 5.0, 8.0 ] },
								"up": { "texture": "#club", "uv": [ 5.5, 2.0, 6.0, 2.5 ] },
								"down": { "texture": "#club", "uv": [ 6.0, 2.0, 6.5, 2.5 ] }
							},
							"children": [
								{
									"name": "Cube190",
									"from": [ 0.0, 1.2, 0.0 ],
									"to": [ 0.5, 2.2, 0.5 ],
									"rotationOrigin": [ 0.0, 1.2, 0.0 ],
									"rotationZ": 30.0,
									"faces": {
										"north": { "texture": "#club", "uv": [ 5.0, 2.0, 5.5, 3.0 ] },
										"east": { "texture": "#club", "uv": [ 5.0, 2.5, 5.5, 3.5 ] },
										"south": { "texture": "#club", "uv": [ 5.0, 2.5, 5.5, 3.5 ] },
										"west": { "texture": "#club", "uv": [ 5.5, 3.0, 6.0, 4.0 ] },
										"up": { "texture": "#club", "uv": [ 4.5, 2.0, 5.0, 2.5 ] },
										"down": { "texture": "#club", "uv": [ 5.0, 1.0, 5.5, 1.5 ] }
									}
								},
								{
									"name": "Cube191",
									"from": [ 0.0, 1.4, 0.0 ],
									"to": [ 0.5, 2.4, 0.5 ],
									"rotationOrigin": [ 0.0, 1.4, 0.0 ],
									"rotationZ": -22.0,
									"faces": {
										"north": { "texture": "#club", "uv": [ 5.0, 3.0, 5.5, 4.0 ] },
										"east": { "texture": "#club", "uv": [ 5.5, 4.0, 6.0, 5.0 ] },
										"south": { "texture": "#club", "uv": [ 4.5, 4.0, 5.0, 5.0 ] },
										"west": { "texture": "#club", "uv": [ 5.5, 5.0, 6.0, 6.0 ] },
										"up": { "texture": "#club", "uv": [ 5.0, 2.0, 5.5, 2.5 ] },
										"down": { "texture": "#club", "uv": [ 5.5, 2.0, 6.0, 2.5 ] }
									}
								}
							]
						},
						{
							"name": "Cube192",
							"from": [ 1.0, 1.2, 0.0 ],
							"to": [ 1.5, 2.7, 0.5 ],
							"rotationOrigin": [ 1.0, 1.2, 0.0 ],
							"rotationX": -25.0,
							"rotationY": -91.0,
							"rotationZ": 11.0,
							"faces": {
								"north": { "texture": "#club", "uv": [ 4.5, 7.5, 5.0, 9.0 ] },
								"east": { "texture": "#club", "uv": [ 4.5, 7.5, 5.0, 9.0 ] },
								"south": { "texture": "#club", "uv": [ 4.5, 7.5, 5.0, 9.0 ] },
								"west": { "texture": "#club", "uv": [ 4.5, 6.5, 5.0, 8.0 ] },
								"up": { "texture": "#club", "uv": [ 5.5, 2.0, 6.0, 2.5 ] },
								"down": { "texture": "#club", "uv": [ 6.0, 2.0, 6.5, 2.5 ] }
							},
							"children": [
								{
									"name": "Cube193",
									"from": [ 0.0, 1.2, 0.0 ],
									"to": [ 0.5, 2.2, 0.5 ],
									"rotationOrigin": [ 0.0, 1.2, 0.0 ],
									"rotationZ": 30.0,
									"faces": {
										"north": { "texture": "#club", "uv": [ 5.0, 2.0, 5.5, 3.0 ] },
										"east": { "texture": "#club", "uv": [ 5.0, 2.5, 5.5, 3.5 ] },
										"south": { "texture": "#club", "uv": [ 5.0, 2.5, 5.5, 3.5 ] },
										"west": { "texture": "#club", "uv": [ 5.5, 3.0, 6.0, 4.0 ] },
										"up": { "texture": "#club", "uv": [ 4.5, 2.5, 5.0, 3.0 ] },
										"down": { "texture": "#club", "uv": [ 5.0, 1.0, 5.5, 1.5 ] }
									}
								},
								{
									"name": "Cube194",
									"from": [ 0.0, 1.4, 0.0 ],
									"to": [ 0.5, 2.4, 0.5 ],
									"rotationOrigin": [ 0.0, 1.4, 0.0 ],
									"rotationZ": -22.0,
									"faces": {
										"north": { "texture": "#club", "uv": [ 5.0, 3.0, 5.5, 4.0 ] },
										"east": { "texture": "#club", "uv": [ 5.0, 4.0, 5.5, 5.0 ] },
										"south": { "texture": "#club", "uv": [ 4.5, 4.0, 5.0, 5.0 ] },
										"west": { "texture": "#club", "uv": [ 5.5, 5.0, 6.0, 6.0 ] },
										"up": { "texture": "#club", "uv": [ 4.5, 2.0, 5.0, 2.5 ] },
										"down": { "texture": "#club", "uv": [ 5.5, 2.0, 6.0, 2.5 ] }
									}
								}
							]
						},
						{
							"name": "Cube195",
							"from": [ 0.2, 1.4, 0.3 ],
							"to": [ 0.7, 2.9, 0.8 ],
							"rotationOrigin": [ 0.2, 1.4, 0.3 ],
							"rotationX": -78.0,
							"rotationY": 39.0,
							"rotationZ": 50.0,
							"faces": {
								"north": { "texture": "#club", "uv": [ 4.5, 7.5, 5.0, 9.0 ] },
								"east": { "texture": "#club", "uv": [ 4.5, 7.5, 5.0, 9.0 ] },
								"south": { "texture": "#club", "uv": [ 4.5, 7.5, 5.0, 9.0 ] },
								"west": { "texture": "#club", "uv": [ 4.5, 6.5, 5.0, 8.0 ] },
								"up": { "texture": "#club", "uv": [ 5.5, 2.0, 6.0, 2.5 ] },
								"down": { "texture": "#club", "uv": [ 6.0, 2.0, 6.5, 2.5 ] }
							},
							"children": [
								{
									"name": "Cube196",
									"from": [ 0.0, 1.2, 0.0 ],
									"to": [ 0.5, 2.2, 0.5 ],
									"rotationOrigin": [ 0.0, 1.2, 0.0 ],
									"rotationZ": 30.0,
									"faces": {
										"north": { "texture": "#club", "uv": [ 5.0, 2.0, 5.5, 3.0 ] },
										"east": { "texture": "#club", "uv": [ 5.0, 2.5, 5.5, 3.5 ] },
										"south": { "texture": "#club", "uv": [ 4.5, 2.5, 5.0, 3.5 ] },
										"west": { "texture": "#club", "uv": [ 5.0, 3.0, 5.5, 4.0 ] },
										"up": { "texture": "#club", "uv": [ 5.0, 2.0, 5.5, 2.5 ] },
										"down": { "texture": "#club", "uv": [ 5.0, 1.0, 5.5, 1.5 ] }
									}
								},
								{
									"name": "Cube197",
									"from": [ 0.0, 1.4, 0.0 ],
									"to": [ 0.5, 2.4, 0.5 ],
									"rotationOrigin": [ 0.0, 1.4, 0.0 ],
									"rotationZ": -22.0,
									"faces": {
										"north": { "texture": "#club", "uv": [ 5.0, 3.0, 5.5, 4.0 ] },
										"east": { "texture": "#club", "uv": [ 5.5, 4.0, 6.0, 5.0 ] },
										"south": { "texture": "#club", "uv": [ 4.5, 4.0, 5.0, 5.0 ] },
										"west": { "texture": "#club", "uv": [ 5.5, 5.0, 6.0, 6.0 ] },
										"up": { "texture": "#club", "uv": [ 4.5, 2.0, 5.0, 2.5 ] },
										"down": { "texture": "#club", "uv": [ 5.5, 2.0, 6.0, 2.5 ] }
									}
								}
							]
						},
						{
							"name": "Cube198",
							"from": [ 0.5, 0.9, 0.1 ],
							"to": [ 1.0, 2.4, 0.6 ],
							"rotationOrigin": [ 0.5, 0.9, 0.1 ],
							"rotationX": 94.0,
							"rotationY": -53.0,
							"rotationZ": 97.0,
							"faces": {
								"north": { "texture": "#club", "uv": [ 4.5, 7.5, 5.0, 9.0 ] },
								"east": { "texture": "#club", "uv": [ 4.5, 7.5, 5.0, 9.0 ] },
								"south": { "texture": "#club", "uv": [ 4.5, 7.5, 5.0, 9.0 ] },
								"west": { "texture": "#club", "uv": [ 4.5, 6.5, 5.0, 8.0 ] },
								"up": { "texture": "#club", "uv": [ 5.5, 2.0, 6.0, 2.5 ] },
								"down": { "texture": "#club", "uv": [ 6.0, 2.0, 6.5, 2.5 ] }
							},
							"children": [
								{
									"name": "Cube199",
									"from": [ 0.0, 1.2, 0.0 ],
									"to": [ 0.5, 2.2, 0.5 ],
									"rotationOrigin": [ 0.0, 1.2, 0.0 ],
									"rotationZ": 30.0,
									"faces": {
										"north": { "texture": "#club", "uv": [ 5.0, 2.0, 5.5, 3.0 ] },
										"east": { "texture": "#club", "uv": [ 5.0, 2.5, 5.5, 3.5 ] },
										"south": { "texture": "#club", "uv": [ 5.0, 2.5, 5.5, 3.5 ] },
										"west": { "texture": "#club", "uv": [ 5.0, 3.0, 5.5, 4.0 ] },
										"up": { "texture": "#club", "uv": [ 5.0, 2.0, 5.5, 2.5 ] },
										"down": { "texture": "#club", "uv": [ 5.0, 1.0, 5.5, 1.5 ] }
									}
								},
								{
									"name": "Cube200",
									"from": [ 0.0, 1.4, 0.0 ],
									"to": [ 0.5, 2.4, 0.5 ],
									"rotationOrigin": [ 0.0, 1.4, 0.0 ],
									"rotationZ": -22.0,
									"faces": {
										"north": { "texture": "#club", "uv": [ 5.0, 2.5, 5.5, 3.5 ] },
										"east": { "texture": "#club", "uv": [ 4.5, 4.0, 5.0, 5.0 ] },
										"south": { "texture": "#club", "uv": [ 5.5, 4.0, 6.0, 5.0 ] },
										"west": { "texture": "#club", "uv": [ 5.5, 5.0, 6.0, 6.0 ] },
										"up": { "texture": "#club", "uv": [ 5.0, 2.0, 5.5, 2.5 ] },
										"down": { "texture": "#club", "uv": [ 5.5, 2.0, 6.0, 2.5 ] }
									}
								}
							]
						},
						{
							"name": "Cube201",
							"from": [ 0.4, 1.3, 0.3 ],
							"to": [ 0.9, 2.8, 0.8 ],
							"rotationOrigin": [ 0.65, 1.3, 0.55 ],
							"rotationZ": -11.0,
							"faces": {
								"north": { "texture": "#club", "uv": [ 4.5, 7.5, 5.0, 9.0 ] },
								"east": { "texture": "#club", "uv": [ 4.5, 7.5, 5.0, 9.0 ] },
								"south": { "texture": "#club", "uv": [ 4.5, 7.5, 5.0, 9.0 ] },
								"west": { "texture": "#club", "uv": [ 4.5, 6.5, 5.0, 8.0 ] },
								"up": { "texture": "#club", "uv": [ 5.5, 2.0, 6.0, 2.5 ] },
								"down": { "texture": "#club", "uv": [ 6.0, 2.0, 6.5, 2.5 ] }
							},
							"children": [
								{
									"name": "Cube202",
									"from": [ 0.0, 1.2, 0.0 ],
									"to": [ 0.5, 2.2, 0.5 ],
									"rotationOrigin": [ 0.0, 1.2, 0.0 ],
									"rotationZ": 30.0,
									"faces": {
										"north": { "texture": "#club", "uv": [ 5.0, 2.0, 5.5, 3.0 ] },
										"east": { "texture": "#club", "uv": [ 5.0, 2.5, 5.5, 3.5 ] },
										"south": { "texture": "#club", "uv": [ 5.0, 2.5, 5.5, 3.5 ] },
										"west": { "texture": "#club", "uv": [ 5.5, 3.0, 6.0, 4.0 ] },
										"up": { "texture": "#club", "uv": [ 4.5, 2.0, 5.0, 2.5 ] },
										"down": { "texture": "#club", "uv": [ 5.0, 1.0, 5.5, 1.5 ] }
									}
								},
								{
									"name": "Cube203",
									"from": [ 0.0, 1.4, 0.0 ],
									"to": [ 0.5, 2.4, 0.5 ],
									"rotationOrigin": [ 0.0, 1.4, 0.0 ],
									"rotationZ": -22.0,
									"faces": {
										"north": { "texture": "#club", "uv": [ 5.5, 3.0, 6.0, 4.0 ] },
										"east": { "texture": "#club", "uv": [ 5.0, 4.0, 5.5, 5.0 ] },
										"south": { "texture": "#club", "uv": [ 4.5, 4.0, 5.0, 5.0 ] },
										"west": { "texture": "#club", "uv": [ 5.5, 5.0, 6.0, 6.0 ] },
										"up": { "texture": "#club", "uv": [ 4.5, 2.0, 5.0, 2.5 ] },
										"down": { "texture": "#club", "uv": [ 5.5, 2.0, 6.0, 2.5 ] }
									}
								}
							]
						},
						{
							"name": "Cube204",
							"from": [ 0.2, 0.9, 0.1 ],
							"to": [ 0.7, 2.4, 0.6 ],
							"rotationOrigin": [ 0.45, 0.9, 0.35 ],
							"rotationX": 44.0,
							"rotationY": -53.0,
							"rotationZ": -8.0,
							"faces": {
								"north": { "texture": "#club", "uv": [ 4.5, 7.5, 5.0, 9.0 ] },
								"east": { "texture": "#club", "uv": [ 4.5, 7.5, 5.0, 9.0 ] },
								"south": { "texture": "#club", "uv": [ 4.5, 7.5, 5.0, 9.0 ] },
								"west": { "texture": "#club", "uv": [ 4.5, 6.5, 5.0, 8.0 ] },
								"up": { "texture": "#club", "uv": [ 5.5, 2.0, 6.0, 2.5 ] },
								"down": { "texture": "#club", "uv": [ 6.0, 2.0, 6.5, 2.5 ] }
							},
							"children": [
								{
									"name": "Cube205",
									"from": [ 0.0, 1.2, 0.0 ],
									"to": [ 0.5, 2.2, 0.5 ],
									"rotationOrigin": [ 0.0, 1.2, 0.0 ],
									"rotationZ": 30.0,
									"faces": {
										"north": { "texture": "#club", "uv": [ 5.0, 2.0, 5.5, 3.0 ] },
										"east": { "texture": "#club", "uv": [ 5.0, 2.5, 5.5, 3.5 ] },
										"south": { "texture": "#club", "uv": [ 5.0, 2.5, 5.5, 3.5 ] },
										"west": { "texture": "#club", "uv": [ 5.5, 3.0, 6.0, 4.0 ] },
										"up": { "texture": "#club", "uv": [ 5.5, 2.0, 6.0, 2.5 ] },
										"down": { "texture": "#club", "uv": [ 5.0, 1.0, 5.5, 1.5 ] }
									}
								},
								{
									"name": "Cube206",
									"from": [ 0.0, 1.4, 0.0 ],
									"to": [ 0.5, 2.4, 0.5 ],
									"rotationOrigin": [ 0.0, 1.4, 0.0 ],
									"rotationZ": -22.0,
									"faces": {
										"north": { "texture": "#club", "uv": [ 5.0, 3.0, 5.5, 4.0 ] },
										"east": { "texture": "#club", "uv": [ 5.0, 4.0, 5.5, 5.0 ] },
										"south": { "texture": "#club", "uv": [ 5.0, 4.0, 5.5, 5.0 ] },
										"west": { "texture": "#club", "uv": [ 5.5, 5.0, 6.0, 6.0 ] },
										"up": { "texture": "#club", "uv": [ 4.5, 1.5, 5.0, 2.0 ] },
										"down": { "texture": "#club", "uv": [ 5.5, 2.0, 6.0, 2.5 ] }
									}
								}
							]
						},
						{
							"name": "Cube207",
							"from": [ 0.0, 1.6, 0.5 ],
							"to": [ 0.5, 3.1, 1.0 ],
							"rotationOrigin": [ 0.25, 1.6, 0.75 ],
							"rotationX": -163.0,
							"rotationZ": 152.0,
							"faces": {
								"north": { "texture": "#club", "uv": [ 4.5, 7.5, 5.0, 9.0 ] },
								"east": { "texture": "#club", "uv": [ 4.5, 7.5, 5.0, 9.0 ] },
								"south": { "texture": "#club", "uv": [ 4.5, 7.5, 5.0, 9.0 ] },
								"west": { "texture": "#club", "uv": [ 4.5, 6.5, 5.0, 8.0 ] },
								"up": { "texture": "#club", "uv": [ 5.5, 2.0, 6.0, 2.5 ] },
								"down": { "texture": "#club", "uv": [ 6.0, 2.0, 6.5, 2.5 ] }
							},
							"children": [
								{
									"name": "Cube208",
									"from": [ 0.0, 1.2, 0.0 ],
									"to": [ 0.5, 2.2, 0.5 ],
									"rotationOrigin": [ 0.0, 1.2, 0.0 ],
									"rotationZ": 30.0,
									"faces": {
										"north": { "texture": "#club", "uv": [ 5.0, 2.0, 5.5, 3.0 ] },
										"east": { "texture": "#club", "uv": [ 5.0, 2.5, 5.5, 3.5 ] },
										"south": { "texture": "#club", "uv": [ 5.0, 2.5, 5.5, 3.5 ] },
										"west": { "texture": "#club", "uv": [ 4.5, 3.0, 5.0, 4.0 ] },
										"up": { "texture": "#club", "uv": [ 4.5, 2.0, 5.0, 2.5 ] },
										"down": { "texture": "#club", "uv": [ 5.0, 1.0, 5.5, 1.5 ] }
									}
								},
								{
									"name": "Cube209",
									"from": [ 0.0, 1.4, 0.0 ],
									"to": [ 0.5, 2.4, 0.5 ],
									"rotationOrigin": [ 0.0, 1.4, 0.0 ],
									"rotationZ": -22.0,
									"faces": {
										"north": { "texture": "#club", "uv": [ 5.0, 3.0, 5.5, 4.0 ] },
										"east": { "texture": "#club", "uv": [ 4.5, 4.0, 5.0, 5.0 ] },
										"south": { "texture": "#club", "uv": [ 4.5, 4.0, 5.0, 5.0 ] },
										"west": { "texture": "#club", "uv": [ 5.0, 5.5, 5.5, 6.5 ] },
										"up": { "texture": "#club", "uv": [ 4.5, 2.5, 5.0, 3.0 ] },
										"down": { "texture": "#club", "uv": [ 5.5, 2.0, 6.0, 2.5 ] }
									}
								}
							]
						},
						{
							"name": "Cube210",
							"from": [ 0.1, 1.3, 0.3 ],
							"to": [ 0.6, 2.8, 0.8 ],
							"rotationOrigin": [ 0.35, 1.3, 0.55 ],
							"rotationX": 14.0,
							"rotationY": -17.0,
							"rotationZ": -47.0,
							"faces": {
								"north": { "texture": "#club", "uv": [ 4.5, 7.5, 5.0, 9.0 ] },
								"east": { "texture": "#club", "uv": [ 4.5, 7.5, 5.0, 9.0 ] },
								"south": { "texture": "#club", "uv": [ 4.5, 7.5, 5.0, 9.0 ] },
								"west": { "texture": "#club", "uv": [ 4.5, 6.5, 5.0, 8.0 ] },
								"up": { "texture": "#club", "uv": [ 5.5, 2.0, 6.0, 2.5 ] },
								"down": { "texture": "#club", "uv": [ 6.0, 2.0, 6.5, 2.5 ] }
							},
							"children": [
								{
									"name": "Cube211",
									"from": [ 0.0, 1.2, 0.0 ],
									"to": [ 0.5, 2.2, 0.5 ],
									"rotationOrigin": [ 0.0, 1.2, 0.0 ],
									"rotationZ": 30.0,
									"faces": {
										"north": { "texture": "#club", "uv": [ 5.0, 2.0, 5.5, 3.0 ] },
										"east": { "texture": "#club", "uv": [ 5.0, 2.5, 5.5, 3.5 ] },
										"south": { "texture": "#club", "uv": [ 5.0, 2.5, 5.5, 3.5 ] },
										"west": { "texture": "#club", "uv": [ 5.5, 3.0, 6.0, 4.0 ] },
										"up": { "texture": "#club", "uv": [ 5.0, 2.0, 5.5, 2.5 ] },
										"down": { "texture": "#club", "uv": [ 5.0, 1.0, 5.5, 1.5 ] }
									}
								},
								{
									"name": "Cube212",
									"from": [ 0.0, 1.4, 0.0 ],
									"to": [ 0.5, 2.4, 0.5 ],
									"rotationOrigin": [ 0.0, 1.4, 0.0 ],
									"rotationZ": -22.0,
									"faces": {
										"north": { "texture": "#club", "uv": [ 5.0, 3.0, 5.5, 4.0 ] },
										"east": { "texture": "#club", "uv": [ 5.5, 4.0, 6.0, 5.0 ] },
										"south": { "texture": "#club", "uv": [ 4.5, 4.0, 5.0, 5.0 ] },
										"west": { "texture": "#club", "uv": [ 5.5, 5.0, 6.0, 6.0 ] },
										"up": { "texture": "#club", "uv": [ 4.0, 2.0, 4.5, 2.5 ] },
										"down": { "texture": "#club", "uv": [ 5.5, 2.0, 6.0, 2.5 ] }
									}
								}
							]
						},
						{
							"name": "Cube213",
							"from": [ 0.2, 1.2, 0.1 ],
							"to": [ 0.7, 2.7, 0.6 ],
							"rotationOrigin": [ 0.45, 1.2, 0.35 ],
							"rotationX": -150.0,
							"rotationY": -47.0,
							"rotationZ": 144.0,
							"faces": {
								"north": { "texture": "#club", "uv": [ 4.5, 7.5, 5.0, 9.0 ] },
								"east": { "texture": "#club", "uv": [ 4.5, 7.5, 5.0, 9.0 ] },
								"south": { "texture": "#club", "uv": [ 4.5, 7.5, 5.0, 9.0 ] },
								"west": { "texture": "#club", "uv": [ 4.5, 6.5, 5.0, 8.0 ] },
								"up": { "texture": "#club", "uv": [ 5.5, 2.0, 6.0, 2.5 ] },
								"down": { "texture": "#club", "uv": [ 6.0, 2.0, 6.5, 2.5 ] }
							},
							"children": [
								{
									"name": "Cube214",
									"from": [ 0.0, 1.2, 0.0 ],
									"to": [ 0.5, 2.2, 0.5 ],
									"rotationOrigin": [ 0.0, 1.2, 0.0 ],
									"rotationZ": 30.0,
									"faces": {
										"north": { "texture": "#club", "uv": [ 5.0, 2.0, 5.5, 3.0 ] },
										"east": { "texture": "#club", "uv": [ 5.0, 2.5, 5.5, 3.5 ] },
										"south": { "texture": "#club", "uv": [ 5.0, 2.5, 5.5, 3.5 ] },
										"west": { "texture": "#club", "uv": [ 5.5, 3.0, 6.0, 4.0 ] },
										"up": { "texture": "#club", "uv": [ 5.5, 2.0, 6.0, 2.5 ] },
										"down": { "texture": "#club", "uv": [ 5.0, 1.0, 5.5, 1.5 ] }
									}
								},
								{
									"name": "Cube215",
									"from": [ 0.0, 1.4, 0.0 ],
									"to": [ 0.5, 2.4, 0.5 ],
									"rotationOrigin": [ 0.0, 1.4, 0.0 ],
									"rotationZ": -22.0,
									"faces": {
										"north": { "texture": "#club", "uv": [ 5.5, 3.0, 6.0, 4.0 ] },
										"east": { "texture": "#club", "uv": [ 5.5, 4.0, 6.0, 5.0 ] },
										"south": { "texture": "#club", "uv": [ 4.5, 4.0, 5.0, 5.0 ] },
										"west": { "texture": "#club", "uv": [ 5.5, 5.0, 6.0, 6.0 ] },
										"up": { "texture": "#club", "uv": [ 5.0, 2.0, 5.5, 2.5 ] },
										"down": { "texture": "#club", "uv": [ 5.5, 2.0, 6.0, 2.5 ] }
									}
								}
							]
						},
						{
							"name": "Cube216",
							"from": [ 0.4, 0.8, 0.3 ],
							"to": [ 0.9, 2.3, 0.8 ],
							"rotationOrigin": [ 0.65, 0.8, 0.55 ],
							"rotationX": 86.0,
							"rotationY": 53.0,
							"rotationZ": -94.0,
							"faces": {
								"north": { "texture": "#club", "uv": [ 4.5, 7.5, 5.0, 9.0 ] },
								"east": { "texture": "#club", "uv": [ 4.5, 7.5, 5.0, 9.0 ] },
								"south": { "texture": "#club", "uv": [ 4.5, 7.5, 5.0, 9.0 ] },
								"west": { "texture": "#club", "uv": [ 4.5, 6.5, 5.0, 8.0 ] },
								"up": { "texture": "#club", "uv": [ 5.5, 2.0, 6.0, 2.5 ] },
								"down": { "texture": "#club", "uv": [ 6.0, 2.0, 6.5, 2.5 ] }
							},
							"children": [
								{
									"name": "Cube217",
									"from": [ 0.0, 1.2, 0.0 ],
									"to": [ 0.5, 2.2, 0.5 ],
									"rotationOrigin": [ 0.0, 1.2, 0.0 ],
									"rotationZ": 30.0,
									"faces": {
										"north": { "texture": "#club", "uv": [ 5.0, 2.0, 5.5, 3.0 ] },
										"east": { "texture": "#club", "uv": [ 4.5, 2.5, 5.0, 3.5 ] },
										"south": { "texture": "#club", "uv": [ 5.0, 2.5, 5.5, 3.5 ] },
										"west": { "texture": "#club", "uv": [ 5.5, 3.0, 6.0, 4.0 ] },
										"up": { "texture": "#club", "uv": [ 5.0, 2.0, 5.5, 2.5 ] },
										"down": { "texture": "#club", "uv": [ 5.0, 1.0, 5.5, 1.5 ] }
									}
								},
								{
									"name": "Cube218",
									"from": [ 0.0, 1.4, 0.0 ],
									"to": [ 0.5, 2.4, 0.5 ],
									"rotationOrigin": [ 0.0, 1.4, 0.0 ],
									"rotationZ": -22.0,
									"faces": {
										"north": { "texture": "#club", "uv": [ 5.5, 3.0, 6.0, 4.0 ] },
										"east": { "texture": "#club", "uv": [ 5.0, 4.0, 5.5, 5.0 ] },
										"south": { "texture": "#club", "uv": [ 4.5, 4.0, 5.0, 5.0 ] },
										"west": { "texture": "#club", "uv": [ 5.5, 5.0, 6.0, 6.0 ] },
										"up": { "texture": "#club", "uv": [ 4.5, 2.0, 5.0, 2.5 ] },
										"down": { "texture": "#club", "uv": [ 5.5, 2.0, 6.0, 2.5 ] }
									}
								}
							]
						},
						{
							"name": "Cube219",
							"from": [ 0.0, 0.7, 0.0 ],
							"to": [ 0.9, 1.7, 0.9 ],
							"rotationOrigin": [ 0.0, 0.7, 0.0 ],
							"rotationZ": -11.0,
							"faces": {
								"north": { "texture": "#club", "uv": [ 4.5, 13.5, 5.0, 14.5 ] },
								"east": { "texture": "#club", "uv": [ 4.5, 13.0, 5.0, 14.0 ] },
								"south": { "texture": "#club", "uv": [ 5.0, 13.0, 5.5, 14.0 ] },
								"west": { "texture": "#club", "uv": [ 5.0, 13.5, 5.5, 14.5 ] },
								"up": { "texture": "#club", "uv": [ 5.0, 13.0, 5.5, 13.5 ] },
								"down": { "texture": "#club", "uv": [ 5.5, 13.5, 6.0, 14.0 ] }
							}
						}
					]
				}
			]
		}
	]}