{
	"code": "butter",
	"handbook": { "exclude": false },
	"maxstacksize": 32,
	"shape": { "base": "game:item/food/dairy/butter" },
	"texture": { "base": "game:block/food/dairy/cheddarjack" },
	"notcreativeinventory": { "general": ["*"], "items": ["*"] },
	"attributes": {
		"displaycaseable": true,
		"shelvable": true,
		"nutritionPropsWhenInMealByType": {
				"*-deer": {"saturation": 360,"foodcategory": "Dairy"},
				"*-moose": {"saturation": 240,"foodcategory": "Dairy"},
				"*-reindeer": {"saturation": 125,"foodcategory": "Dairy"}
			}
	},
	"variantgroups": [
		{ "code": "animal",  "states": ["deer", "moose", "reindeer"] },
		{ "code": "type",  "states": ["unsalted", "salted" ] }
	],
	"materialDensity": 200,
	 "fpHandTransform": {
		 "translation": { "x": 0, "y": -0.1, "z": 0 },
		 "rotation": { "x": 180, "y": 90, "z": 22 }
	},
	"guiTransform": {
		 "translation": { "x": 2, "y": 0, "z": 0 },
		 "rotation": { "x": -28, "y": 23, "z": 180 },
		 "origin": { "x": 0.5, "y": 0.07, "z": 0.5 },
		 "scale": 4
	},
	 "groundTransform": {
		 "translation": { "x": 0, "y": 0, "z": 0 },
		 "rotation": { "x": 0, "y": 0, "z": 1 },
		 "origin": { "x": 0.5, "y": 0, "z": 0.5 },
		 "scale": 4
	},
	"tpHandTransform": {
		 "translation": { "x": 0, "y": 0, "z": 0 },
		 "rotation": { "x": 25, "y": 106, "z": 54 },
		 "origin": { "x": 0.32, "y": -0.25, "z": -0.06 },
		 "scale": 0.7
	},
	"transitionableProps": [{
		"type": "Perish",
		"freshHours": {  "avg": 168 },
		"transitionHours": {  "avg": 48 },
		"transitionedStack": { "type": "item", "code": "game:rot" },
		"transitionRatio": 0.5
	}]
}