{
  "textureWidth":16,
  "textureHeight":16,
  "textures":{
    "material":"game:item/tool/material/string"
  },
  "textureSizes":{
    "material":[
      32,
      32
    ]
  },
  "elements":[
    {
      "name":"origin",
      "from":[
        10.79720687866211,
        0.5,
        8.21067351102829
      ],
      "to":[
        10.79720687866211,
        0.5,
        8.21067351102829
      ],
      "rotationOrigin":[
        8.0,
        0.0,
        8.0
      ],
      "group":"unv_string_stonehead",
      "faces":{
        "north":{
          "texture":"#0",
          "uv":[
            0,
            0,
            4,
            4
          ],
          "autoUv":false
        },
        "east":{
          "texture":"#0",
          "uv":[
            0,
            0,
            4,
            4
          ],
          "autoUv":false
        },
        "south":{
          "texture":"#0",
          "uv":[
            0,
            0,
            4,
            4
          ],
          "autoUv":false
        },
        "west":{
          "texture":"#0",
          "uv":[
            0,
            0,
            4,
            4
          ],
          "autoUv":false
        },
        "up":{
          "texture":"#material",
          "uv":[
            0.0,
            0.0,
            1.0,
            1.0
          ],
          "autoUv":false,
          "rotation":180
        },
        "down":{
          "texture":"#0",
          "uv":[
            0,
            0,
            4,
            4
          ],
          "autoUv":false
        }
      },
      "children":[
        {
          "name":"unv_string_stonehead 01",
          "from":[
            -4.690789610147476,
            -0.4644240140914917,
            -1.1915532946586609
          ],
          "to":[
            -4.153655618429184,
            0.9644240140914917,
            0.6899173855781555
          ],
          "rotationOrigin":[
            -4.42222261428833,
            0.25,
            -0.2508179545402527
          ],
          "rotationY":-11.287324735552952,
          "group":"unv_string_stonehead",
          "faces":{
            "north":{
              "texture":"#material",
              "uv":[
                19.0,
                2.0,
                22.0,
                3.0
              ],
              "autoUv":false,
              "rotation":90
            },
            "east":{
              "texture":"#material",
              "uv":[
                0.9999998807907104,
                1.0,
                5.001025676727295,
                4.0
              ],
              "autoUv":false
            },
            "south":{
              "texture":"#material",
              "uv":[
                4.0,
                2.0,
                7.0,
                3.0
              ],
              "autoUv":false,
              "rotation":90
            },
            "west":{
              "texture":"#material",
              "uv":[
                6.0,
                6.0,
                10.0,
                9.0
              ],
              "autoUv":false
            },
            "up":{
              "texture":"#material",
              "uv":[
                0.9999998807907104,
                1.0,
                2.0,
                5.0
              ],
              "autoUv":false
            },
            "down":{
              "texture":"#material",
              "uv":[
                2.0,
                5.0,
                0.9999998807907104,
                1.0
              ],
              "autoUv":false,
              "rotation":180
            }
          },
          "children":[]
        },
        {
          "name":"unv_string_stonehead 02",
          "from":[
            -4.102529868483543,
            -0.4954249858856201,
            -1.1082438826560974
          ],
          "to":[
            -3.6025339514017105,
            0.9954249858856201,
            0.5938201546669006
          ],
          "rotationOrigin":[
            -3.852531909942627,
            0.25,
            -0.2572118639945984
          ],
          "rotationY":-0.4300000020051476,
          "group":"unv_string_stonehead",
          "faces":{
            "north":{
              "texture":"#material",
              "uv":[
                4.0,
                2.0,
                1.0,
                3.0
              ],
              "autoUv":false,
              "rotation":90
            },
            "east":{
              "texture":"#material",
              "uv":[
                22.0,
                1.0,
                18.001026153564453,
                4.0
              ],
              "autoUv":false
            },
            "south":{
              "texture":"#material",
              "uv":[
                19.0,
                2.0,
                16.0,
                3.0
              ],
              "autoUv":false,
              "rotation":90
            },
            "west":{
              "texture":"#material",
              "uv":[
                17.0,
                6.0,
                13.0,
                9.0
              ],
              "autoUv":false
            },
            "up":{
              "texture":"#material",
              "uv":[
                22.0,
                1.0,
                21.0,
                5.0
              ],
              "autoUv":false
            },
            "down":{
              "texture":"#material",
              "uv":[
                21.0,
                5.0,
                22.0,
                1.0
              ],
              "autoUv":false,
              "rotation":180
            }
          },
          "children":[]
        },
        {
          "name":"unv_string_stonehead 03",
          "from":[
            2.8264760971069336,
            0.004193335771560669,
            -0.6316419839859009
          ],
          "to":[
            4.700666904449463,
            0.5041932314634323,
            1.1828035712242126
          ],
          "rotationOrigin":[
            3.1823692321777344,
            0.25422030687332153,
            0.2619217038154602
          ],
          "rotationX":90.97477295187653,
          "rotationY":0.20587138647578565,
          "rotationZ":-83.63214883938358,
          "group":"unv_string_stonehead",
          "faces":{
            "north":{
              "texture":"#material",
              "uv":[
                9.706119537353516,
                0.9999523162841797,
                13.770363807678223,
                1.9999523162841797
              ],
              "autoUv":false
            },
            "east":{
              "texture":"#material",
              "uv":[
                2.9800431728363037,
                1.9998435974121094,
                6.065256595611572,
                3.000049591064453
              ],
              "autoUv":false,
              "rotation":180
            },
            "south":{
              "texture":"#material",
              "uv":[
                5.704349994659424,
                4.999839782714844,
                9.769733428955078,
                5.999841690063477
              ],
              "autoUv":false,
              "rotation":180
            },
            "west":{
              "texture":"#material",
              "uv":[
                1.980776071548462,
                6.000156402587891,
                5.065944194793701,
                6.999950408935547
              ],
              "autoUv":false
            },
            "up":{
              "texture":"#material",
              "uv":[
                3.228240489959717,
                4.980752944946289,
                7.295410633087158,
                8.06523323059082
              ],
              "autoUv":false
            },
            "down":{
              "texture":"#material",
              "uv":[
                9.773616790771484,
                9.06596565246582,
                5.702735900878906,
                5.980060577392578
              ],
              "autoUv":false,
              "rotation":180
            }
          },
          "children":[]
        },
        {
          "name":"unv_string_stonehead 04",
          "from":[
            2.695771709084511,
            -0.7062264084815979,
            -0.0020803213119506836
          ],
          "to":[
            3.0189117044210434,
            -0.4070357382297516,
            0.9342374801635742
          ],
          "rotationOrigin":[
            2.857341766357422,
            -0.5566310584545135,
            0.46607857942581177
          ],
          "rotationX":59.326510866543,
          "rotationY":-0.10947645314182627,
          "rotationZ":-68.46356910797088,
          "group":"unv_string_stonehead",
          "faces":{
            "north":{
              "texture":"#material",
              "uv":[
                12.0,
                2.0,
                13.0,
                3.0
              ],
              "autoUv":false
            },
            "east":{
              "texture":"#material",
              "uv":[
                1.999999761581421,
                2.0,
                4.0,
                3.0
              ],
              "autoUv":false,
              "rotation":180
            },
            "south":{
              "texture":"#material",
              "uv":[
                18.0,
                2.0,
                18.999998092651367,
                3.000001907348633
              ],
              "autoUv":false,
              "rotation":180
            },
            "west":{
              "texture":"#material",
              "uv":[
                6.0,
                2.0,
                7.999999523162842,
                3.0
              ],
              "autoUv":false
            },
            "up":{
              "texture":"#material",
              "uv":[
                0.9999998807907104,
                0.9999980926513672,
                2.000000238418579,
                3.0
              ],
              "autoUv":false
            },
            "down":{
              "texture":"#material",
              "uv":[
                6.999999523162842,
                11.000001907348633,
                6.000000476837158,
                8.999998092651367
              ],
              "autoUv":false,
              "rotation":180
            }
          },
          "children":[]
        },
        {
          "name":"unv_string_stonehead 05",
          "from":[
            2.335375666618347,
            0.004220336675643921,
            -0.6241633296012878
          ],
          "to":[
            4.072840213775635,
            0.504220262169838,
            1.1401808261871338
          ],
          "rotationOrigin":[
            2.6910409927368164,
            0.25422030687332153,
            0.25800877809524536
          ],
          "rotationX":90.98370683931091,
          "rotationY":0.01625555173735949,
          "rotationZ":-95.8552026610391,
          "group":"unv_string_stonehead",
          "faces":{
            "north":{
              "texture":"#material",
              "uv":[
                10.003497123718262,
                1.0,
                13.770783424377441,
                1.9999961853027344
              ],
              "autoUv":false
            },
            "east":{
              "texture":"#material",
              "uv":[
                2.999999761581421,
                2.000001907348633,
                6.0,
                3.0
              ],
              "autoUv":false,
              "rotation":180
            },
            "south":{
              "texture":"#material",
              "uv":[
                5.999511241912842,
                5.0,
                9.76828384399414,
                5.999996185302734
              ],
              "autoUv":false,
              "rotation":180
            },
            "west":{
              "texture":"#material",
              "uv":[
                2.0,
                5.999998092651367,
                5.000000476837158,
                6.999998092651367
              ],
              "autoUv":false
            },
            "up":{
              "texture":"#material",
              "uv":[
                3.227821111679077,
                5.000001907348633,
                7.0,
                8.000001907348633
              ],
              "autoUv":false
            },
            "down":{
              "texture":"#material",
              "uv":[
                9.772181510925293,
                9.0,
                6.0,
                5.999994277954102
              ],
              "autoUv":false,
              "rotation":180
            }
          },
          "children":[]
        },
        {
          "name":"unv_string_stonehead 06",
          "from":[
            3.268528058481756,
            -0.05225747536546521,
            -0.9011986512741572
          ],
          "to":[
            5.178905455847925,
            0.5578909474232177,
            1.1903306787790129
          ],
          "rotationOrigin":[
            3.64267635345459,
            0.25422030687332153,
            0.1424158215522766
          ],
          "rotationX":89.71940467299571,
          "rotationY":1.0469240321818556,
          "rotationZ":8.273931504881597,
          "group":"unv_string_stonehead",
          "faces":{
            "north":{
              "texture":"#material",
              "uv":[
                13.804719924926758,
                7.994991302490234,
                10.003386497497559,
                8.997108459472656
              ],
              "autoUv":false,
              "rotation":180
            },
            "east":{
              "texture":"#material",
              "uv":[
                6.000000953674316,
                7.003484725952148,
                3.000000238418579,
                8.002994537353516
              ],
              "autoUv":false
            },
            "south":{
              "texture":"#material",
              "uv":[
                9.8053560256958,
                4.003013610839844,
                5.999740123748779,
                5.000877380371094
              ],
              "autoUv":false
            },
            "west":{
              "texture":"#material",
              "uv":[
                5.000001430511475,
                2.9977798461914062,
                2.0,
                3.998260498046875
              ],
              "autoUv":false,
              "rotation":180
            },
            "up":{
              "texture":"#material",
              "uv":[
                7.002191066741943,
                2.0042057037353516,
                3.190675735473633,
                4.996635437011719
              ],
              "autoUv":false,
              "rotation":180
            },
            "down":{
              "texture":"#material",
              "uv":[
                6.002191066741943,
                4.004209518432617,
                9.804943084716797,
                0.9966392517089844
              ],
              "autoUv":false
            }
          },
          "children":[]
        },
        {
          "name":"unv_string_stonehead 07",
          "from":[
            3.2374384055858627,
            -0.052257511900446474,
            -1.6925037164291865
          ],
          "to":[
            5.2042857735570465,
            0.5578909836235617,
            0.3990256136239836
          ],
          "rotationOrigin":[
            3.6680564880371094,
            0.25422030687332153,
            -0.6488892436027527
          ],
          "rotationX":90.09221005827334,
          "rotationY":1.079944688445988,
          "rotationZ":-11.612790933466876,
          "group":"unv_string_stonehead",
          "faces":{
            "north":{
              "texture":"#material",
              "uv":[
                13.917285919189453,
                7.994991302490234,
                10.003386497497559,
                8.997173309326172
              ],
              "autoUv":false,
              "rotation":180
            },
            "east":{
              "texture":"#material",
              "uv":[
                6.000000953674316,
                7.003484725952148,
                3.000000238418579,
                8.002994537353516
              ],
              "autoUv":false
            },
            "south":{
              "texture":"#material",
              "uv":[
                9.91783332824707,
                4.003013610839844,
                5.999740123748779,
                5.000812530517578
              ],
              "autoUv":false
            },
            "west":{
              "texture":"#material",
              "uv":[
                5.000001430511475,
                2.9977798461914062,
                2.0,
                3.998260498046875
              ],
              "autoUv":false,
              "rotation":180
            },
            "up":{
              "texture":"#material",
              "uv":[
                7.002191066741943,
                2.0042057037353516,
                3.078139066696167,
                4.99641227722168
              ],
              "autoUv":false,
              "rotation":180
            },
            "down":{
              "texture":"#material",
              "uv":[
                6.002191066741943,
                4.004209518432617,
                9.91748046875,
                0.9964160919189453
              ],
              "autoUv":false
            }
          },
          "children":[]
        }
      ]
    }
  ],
  "groups":[]
}