{
	"editor": {
		"backDropShape": "entity/bovinae/taurotragusoryx/male",
		"collapsedPaths": "",
		"allAngles": true,
		"entityTextureMode": true
	},
	"textureWidth": 88,
	"textureHeight": 88,
	"textureSizes": {
		"horn": [88,88]
	},
	"textures": {
		"horn": "entity/bovinae/taurotragusoryx-male"
	},
	"elements": [
		{
			"name": "L Antler01",
			"stepParentName": "AntlerBase",
			"from": [ 0.5, -0.8, 0.3 ],
			"to": [ 2.0, 0.4, 1.5 ],
			"unwrapMode": 5,
			"unwrapRotation": 1,
			"uv": [ 81.0, 62.0 ],
			"rotationOrigin": [ 0.5, -0.3, 0.9 ],
			"rotationY": -10.0,
			"rotationZ": 8.0,
			"faces": {
				"north": { "texture": "#horn", "uv": [ 81.0, 63.0, 82.0, 64.5 ], "rotation": 270 },
				"east": { "texture": "#horn", "uv": [ 82.0, 62.0, 83.0, 63.0 ], "rotation": 180 },
				"south": { "texture": "#horn", "uv": [ 83.0, 63.0, 84.0, 64.5 ], "rotation": 90 },
				"up": { "texture": "#horn", "uv": [ 82.0, 63.0, 83.0, 64.5 ], "rotation": 90 },
				"down": { "texture": "#horn", "uv": [ 84.0, 63.0, 85.0, 64.5 ], "rotation": 270, "windMode": [-1,-1,-1,-1], "windData": [1,1,1,1] }
			},
			"children": [
				{
					"name": "L Antler02",
					"from": [ 1.4, 0.2, 0.1 ],
					"to": [ 1.9, 1.0, 0.9 ],
					"unwrapMode": 5,
					"unwrapRotation": 1,
					"uv": [ 77.0, 47.0 ],
					"rotationOrigin": [ 1.4, 0.5, 0.5 ],
					"rotationX": 15.0,
					"rotationY": -10.0,
					"rotationZ": 2.0,
					"faces": {
						"north": { "texture": "#horn", "uv": [ 77.0, 47.5, 77.5, 48.0 ], "rotation": 270 },
						"east": { "texture": "#horn", "uv": [ 77.5, 47.0, 78.0, 47.5 ], "rotation": 180 },
						"south": { "texture": "#horn", "uv": [ 78.0, 47.5, 78.5, 48.0 ], "rotation": 90 },
						"up": { "texture": "#horn", "uv": [ 77.5, 47.5, 78.0, 48.0 ], "rotation": 90 },
						"down": { "texture": "#horn", "uv": [ 78.5, 47.5, 79.0, 48.0 ], "rotation": 270, "windMode": [-1,-1,-1,-1], "windData": [1,1,1,1] }
					}
				}
			]
		},
		{
			"name": "R Antler01",
			"stepParentName": "AntlerBase",
			"from": [ 0.5, -0.8, -1.5 ],
			"to": [ 2.0, 0.4, -0.3 ],
			"unwrapMode": 5,
			"unwrapRotation": 1,
			"uv": [ 76.5, 62.0 ],
			"rotationOrigin": [ 0.5, -0.3, -0.9 ],
			"rotationY": 10.0,
			"rotationZ": 8.0,
			"faces": {
				"north": { "texture": "#horn", "uv": [ 76.5, 63.0, 77.5, 64.5 ], "rotation": 270 },
				"east": { "texture": "#horn", "uv": [ 77.5, 62.0, 78.5, 63.0 ], "rotation": 180 },
				"south": { "texture": "#horn", "uv": [ 78.5, 63.0, 79.5, 64.5 ], "rotation": 90 },
				"up": { "texture": "#horn", "uv": [ 77.5, 63.0, 78.5, 64.5 ], "rotation": 90 },
				"down": { "texture": "#horn", "uv": [ 79.5, 63.0, 80.5, 64.5 ], "rotation": 270, "windMode": [-1,-1,-1,-1], "windData": [1,1,1,1] }
			},
			"children": [
				{
					"name": "R Antler02",
					"from": [ 1.4, 0.2, 0.2 ],
					"to": [ 1.9, 1.0, 1.0 ],
					"unwrapMode": 5,
					"unwrapRotation": 1,
					"uv": [ 79.0, 47.0 ],
					"rotationOrigin": [ 1.4, 0.6, 0.6 ],
					"rotationX": -15.0,
					"rotationY": 10.0,
					"rotationZ": 2.0,
					"faces": {
						"north": { "texture": "#horn", "uv": [ 79.0, 47.5, 79.5, 48.0 ], "rotation": 270 },
						"east": { "texture": "#horn", "uv": [ 79.5, 47.0, 80.0, 47.5 ], "rotation": 180 },
						"south": { "texture": "#horn", "uv": [ 80.0, 47.5, 80.5, 48.0 ], "rotation": 90 },
						"up": { "texture": "#horn", "uv": [ 79.5, 47.5, 80.0, 48.0 ], "rotation": 90 },
						"down": { "texture": "#horn", "uv": [ 80.5, 47.5, 81.0, 48.0 ], "rotation": 270, "windMode": [-1,-1,-1,-1], "windData": [1,1,1,1] }
					}
				}
			]
		}
	],
	"animations": [
	]
}