{
	"editor": {
		"allAngles": false,
		"entityTextureMode": false
	},
	"textureWidth": 16,
	"textureHeight": 16,
	"textureSizes": {
	},
	"textures": {
	},
	"elements": [
		{
			"name": "egg 3",
			"from": [ 9.8, -0.1, 7.0 ],
			"to": [ 11.3, 0.9, 9.0 ],
			"rotationOrigin": [ 10.8, 1.0, 8.0 ],
			"rotationY": 45.0,
			"faces": {
				"north": { "texture": "#duck_egg", "uv": [ 11.5, 13.0, 13.0, 14.0 ] },
				"east": { "texture": "#duck_egg", "uv": [ 13.5, 12.0, 15.5, 13.0 ] },
				"south": { "texture": "#duck_egg", "uv": [ 10.0, 11.0, 11.5, 12.0 ] },
				"west": { "texture": "#duck_egg", "uv": [ 11.0, 13.0, 13.0, 14.0 ] },
				"up": { "texture": "#duck_egg", "uv": [ 11.0, 10.0, 12.5, 12.0 ] },
				"down": { "texture": "#duck_egg", "uv": [ 11.0, 12.5, 12.5, 14.5 ] }
			},
			"attachmentpoints": [
				{
					"code": "Center",
					"posX": "0.0","posY": "0.0","posZ": "0.0",
					"rotationX": "0.0","rotationY": "0.0","rotationZ": "0.0"
				}
			]
		}
	]}