{
	"editor": {
		"collapsedPaths": "",
		"allAngles": true,
		"entityTextureMode": true
	},
	"textureWidth": 16,
	"textureHeight": 16,
	"textureSizes": {
	},
	"textures": {
	},
	"elements": [
		{
			"name": "Body",
			"from": [ 6.0, 0.5, 6.95 ],
			"to": [ 10.0, 2.5, 8.95 ],
			"unwrapMode": 1,
			"unwrapRotation": 1,
			"uv": [ 8.0, 1.5 ],
			"rotationOrigin": [ 9.5, 2.0, 7.9 ],
			"rotationZ": -33.0,
			"faces": {
				"north": { "texture": "#crow-redo-2", "uv": [ 10.0, 3.5, 12.0, 7.5 ], "rotation": 90 },
				"east": { "texture": "#crow-redo-2", "uv": [ 10.0, 7.5, 12.0, 9.5 ], "rotation": 90 },
				"south": { "texture": "#crow-redo-2", "uv": [ 14.0, 3.5, 16.0, 7.5 ], "rotation": 270 },
				"west": { "texture": "#crow-redo-2", "uv": [ 10.0, 1.5, 12.0, 3.5 ], "rotation": 90 },
				"up": { "texture": "#crow-redo-2", "uv": [ 8.0, 3.5, 10.0, 7.5 ], "rotation": 270 },
				"down": { "texture": "#crow-redo-2", "uv": [ 12.0, 3.5, 14.0, 7.5 ], "rotation": 90 }
			},
			"children": [
				{
					"name": "throat",
					"from": [ -0.65, 0.68, 0.37 ],
					"to": [ 0.85, 1.93, 1.62 ],
					"unwrapMode": 2,
					"uv": [ 3.0, 0.0 ],
					"rotationOrigin": [ 0.3, 1.2, 1.25 ],
					"rotationZ": 6.0,
					"faces": {
						"north": { "texture": "#crow-redo-2", "uv": [ 5.5, 1.5, 7.0, 2.5 ] },
						"east": { "texture": "#crow-redo-2", "uv": [ 4.5, 1.5, 5.5, 2.5 ] },
						"south": { "texture": "#crow-redo-2", "uv": [ 3.0, 1.5, 4.5, 2.5 ] },
						"west": { "texture": "#crow-redo-2", "uv": [ 7.0, 1.5, 8.0, 2.5 ] },
						"up": { "texture": "#crow-redo-2", "uv": [ 4.5, 0.0, 5.5, 1.5 ], "rotation": 270 },
						"down": { "texture": "#crow-redo-2", "uv": [ 4.5, 2.5, 5.5, 4.0 ], "rotation": 270 }
					},
					"children": [
						{
							"name": "Cube2",
							"from": [ -0.9, 0.1, 0.01 ],
							"to": [ 0.6, 1.3, 1.23 ],
							"unwrapMode": 1,
							"unwrapRotation": 1,
							"uv": [ 6.0, 12.0 ],
							"rotationOrigin": [ 0.5, 0.1, 0.1 ],
							"rotationZ": 25.0,
							"faces": {
								"north": { "texture": "#crow-redo-2", "uv": [ 7.0, 13.0, 8.0, 14.5 ], "rotation": 90 },
								"east": { "texture": "#crow-redo-2", "uv": [ 7.0, 14.5, 8.0, 15.5 ], "rotation": 90 },
								"south": { "texture": "#crow-redo-2", "uv": [ 9.0, 13.0, 10.0, 14.5 ], "rotation": 270 },
								"west": { "texture": "#crow-redo-2", "uv": [ 7.0, 12.0, 8.0, 13.0 ], "rotation": 90 },
								"up": { "texture": "#crow-redo-2", "uv": [ 6.0, 13.0, 7.0, 14.5 ], "rotation": 270 },
								"down": { "texture": "#crow-redo-2", "uv": [ 8.0, 13.0, 9.0, 14.5 ], "rotation": 90 }
							},
							"children": [
								{
									"name": "Cube3",
									"from": [ -0.2, 0.2, 0.3 ],
									"to": [ 0.55, 0.95, 1.05 ],
									"uv": [ 7.0, 8.0 ],
									"rotationOrigin": [ 0.3, 0.2, 0.3 ],
									"rotationZ": 14.0,
									"faces": {
										"north": { "texture": "#crow-redo-2", "uv": [ 7.0, 8.5, 7.5, 9.0 ] },
										"east": { "texture": "#crow-redo-2", "uv": [ 7.5, 8.5, 8.0, 9.0 ] },
										"south": { "texture": "#crow-redo-2", "uv": [ 8.0, 8.5, 8.5, 9.0 ] },
										"west": { "texture": "#crow-redo-2", "uv": [ 8.5, 8.5, 9.0, 9.0 ] },
										"up": { "texture": "#crow-redo-2", "uv": [ 7.0, 8.0, 7.5, 8.5 ] },
										"down": { "texture": "#crow-redo-2", "uv": [ 7.5, 8.0, 8.0, 8.5 ] }
									},
									"children": [
										{
											"name": "Cube4",
											"from": [ -0.48, 0.34, 0.06 ],
											"to": [ 0.27, 0.69, 0.68 ],
											"uv": [ 7.0, 8.0 ],
											"rotationOrigin": [ 0.0211, 0.343, 0.0 ],
											"rotationZ": 3.0,
											"faces": {
												"north": { "texture": "#crow-redo-2", "uv": [ 7.0, 8.5, 7.5, 9.0 ] },
												"east": { "texture": "#crow-redo-2", "uv": [ 7.5, 8.5, 8.0, 9.0 ] },
												"south": { "texture": "#crow-redo-2", "uv": [ 8.0, 8.5, 8.5, 9.0 ] },
												"west": { "texture": "#crow-redo-2", "uv": [ 8.5, 8.5, 9.0, 9.0 ] },
												"up": { "texture": "#crow-redo-2", "uv": [ 7.0, 8.0, 7.5, 8.5 ] },
												"down": { "texture": "#crow-redo-2", "uv": [ 7.5, 8.0, 8.0, 8.5 ] }
											}
										}
									]
								},
								{
									"name": "Cube7",
									"from": [ 0.3, 1.0, -0.1 ],
									"to": [ 1.55, 1.3, 1.25 ],
									"uv": [ 1.5, 1.5 ],
									"rotationOrigin": [ 0.3, 1.0, -0.1 ],
									"faces": {
										"north": { "texture": "#crow-redo-2", "uv": [ 1.5, 2.5, 2.5, 3.0 ] },
										"east": { "texture": "#crow-redo-2", "uv": [ 2.5, 2.5, 3.5, 3.0 ] },
										"south": { "texture": "#crow-redo-2", "uv": [ 3.5, 2.5, 4.5, 3.0 ] },
										"west": { "texture": "#crow-redo-2", "uv": [ 4.5, 2.5, 5.5, 3.0 ] },
										"up": { "texture": "#crow-redo-2", "uv": [ 1.5, 1.5, 2.5, 2.5 ] },
										"down": { "texture": "#crow-redo-2", "uv": [ 2.5, 1.5, 3.5, 2.5 ] }
									}
								}
							]
						}
					]
				},
				{
					"name": "tail",
					"from": [ 3.0, 1.0, 0.05 ],
					"to": [ 6.0, 2.0, 1.95 ],
					"unwrapMode": 5,
					"unwrapRotation": 1,
					"uv": [ 12.5, 0.0 ],
					"rotationOrigin": [ 4.0, 2.0, 1.05 ],
					"rotationZ": 11.0,
					"faces": {
						"north": { "texture": "#crow-redo-2", "uv": [ 12.5, 0.0, 13.5, 3.0 ], "rotation": 270 },
						"south": { "texture": "#crow-redo-2", "uv": [ 15.0, 0.0, 16.0, 3.0 ], "rotation": 90 },
						"west": { "texture": "#crow-redo-2", "uv": [ 13.5, 3.0, 15.0, 4.0 ] },
						"up": { "texture": "#crow-redo-2", "uv": [ 13.5, 0.0, 15.0, 3.0 ], "rotation": 90 }
					}
				},
				{
					"name": "thighs right",
					"from": [ 2.25, 0.0, 0.2 ],
					"to": [ 3.25, 1.0, 1.0 ],
					"unwrapRotation": 1,
					"uv": [ 7.0, 10.0 ],
					"rotationOrigin": [ 3.5, 0.0, 1.5 ],
					"rotationZ": 33.0,
					"faces": {
						"north": { "texture": "#crow-redo-2", "uv": [ 7.0, 10.5, 8.0, 11.5 ] },
						"east": { "texture": "#crow-redo-2", "uv": [ 8.0, 10.5, 9.0, 11.0 ], "rotation": 270 },
						"south": { "texture": "#crow-redo-2", "uv": [ 9.0, 10.5, 10.0, 11.5 ], "rotation": 180 },
						"west": { "texture": "#crow-redo-2", "uv": [ 10.0, 10.5, 11.0, 11.0 ], "rotation": 90 },
						"up": { "texture": "#crow-redo-2", "uv": [ 7.0, 10.0, 8.0, 10.5 ], "rotation": 180 },
						"down": { "texture": "#crow-redo-2", "uv": [ 8.0, 10.0, 9.0, 10.5 ] }
					},
					"children": [
						{
							"name": "leg right",
							"from": [ 0.0, -1.0, 0.35 ],
							"to": [ 0.25, 0.0, 0.6 ],
							"uv": [ 14.0, 8.0 ],
							"rotationOrigin": [ 0.5, 0.0, 1.1 ],
							"rotationZ": -25.0,
							"faces": {
								"north": { "texture": "#crow-redo-2", "uv": [ 14.0, 8.5, 14.5, 9.5 ] },
								"east": { "texture": "#crow-redo-2", "uv": [ 14.5, 8.5, 15.0, 9.5 ] },
								"south": { "texture": "#crow-redo-2", "uv": [ 15.0, 8.5, 15.5, 9.5 ] },
								"west": { "texture": "#crow-redo-2", "uv": [ 15.5, 8.5, 16.0, 9.5 ] },
								"down": { "texture": "#crow-redo-2", "uv": [ 14.0, 8.0, 14.5, 8.5 ] }
							},
							"children": [
								{
									"name": "Cube5",
									"from": [ -0.3946, -0.2358, -0.2 ],
									"to": [ 0.6054, -0.1358, 0.3 ],
									"uv": [ 7.0, 9.0 ],
									"rotationOrigin": [ -0.3946, -0.2358, -0.2 ],
									"rotationZ": 25.0,
									"faces": {
										"north": { "texture": "#crow-redo-2", "uv": [ 7.0, 9.5, 8.0, 10.0 ] },
										"east": { "texture": "#crow-redo-2", "uv": [ 8.0, 9.5, 8.5, 10.0 ] },
										"south": { "texture": "#crow-redo-2", "uv": [ 8.5, 9.5, 9.5, 10.0 ] },
										"west": { "texture": "#crow-redo-2", "uv": [ 9.5, 9.5, 10.0, 10.0 ] },
										"up": { "texture": "#crow-redo-2", "uv": [ 7.0, 9.0, 8.0, 9.5 ] },
										"down": { "texture": "#crow-redo-2", "uv": [ 8.0, 9.0, 9.0, 9.5 ] }
									}
								}
							]
						}
					]
				},
				{
					"name": "thighs left",
					"from": [ 2.25, 0.0, 1.1 ],
					"to": [ 3.25, 1.0, 1.9 ],
					"uv": [ 7.0, 10.0 ],
					"rotationOrigin": [ 3.5, 0.0, 1.3 ],
					"rotationZ": 33.0,
					"faces": {
						"north": { "texture": "#crow-redo-2", "uv": [ 7.0, 10.5, 8.0, 11.5 ] },
						"east": { "texture": "#crow-redo-2", "uv": [ 8.0, 10.5, 9.0, 11.0 ], "rotation": 270 },
						"south": { "texture": "#crow-redo-2", "uv": [ 9.0, 10.5, 10.0, 11.5 ], "rotation": 180 },
						"west": { "texture": "#crow-redo-2", "uv": [ 10.0, 10.5, 11.0, 11.0 ], "rotation": 90 },
						"up": { "texture": "#crow-redo-2", "uv": [ 7.0, 10.0, 8.0, 10.5 ], "rotation": 180 },
						"down": { "texture": "#crow-redo-2", "uv": [ 8.0, 10.0, 9.0, 10.5 ] }
					},
					"children": [
						{
							"name": "leg left",
							"from": [ 0.0, -1.0, 0.25 ],
							"to": [ 0.25, 0.0, 0.5 ],
							"uv": [ 14.0, 8.0 ],
							"rotationOrigin": [ 0.5, 0.0, 0.0 ],
							"rotationZ": -25.0,
							"faces": {
								"north": { "texture": "#crow-redo-2", "uv": [ 14.0, 8.5, 14.5, 9.5 ] },
								"east": { "texture": "#crow-redo-2", "uv": [ 14.5, 8.5, 15.0, 9.5 ] },
								"south": { "texture": "#crow-redo-2", "uv": [ 15.0, 8.5, 15.5, 9.5 ] },
								"west": { "texture": "#crow-redo-2", "uv": [ 15.5, 8.5, 16.0, 9.5 ] },
								"down": { "texture": "#crow-redo-2", "uv": [ 14.0, 8.0, 14.5, 8.5 ] }
							},
							"children": [
								{
									"name": "Cube6",
									"from": [ -0.3946, -0.2358, -0.1 ],
									"to": [ 0.6054, -0.1358, 0.4 ],
									"uv": [ 7.0, 9.0 ],
									"rotationOrigin": [ -0.3946, -0.2358, -0.1 ],
									"rotationZ": 25.0,
									"faces": {
										"north": { "texture": "#crow-redo-2", "uv": [ 7.0, 9.5, 8.0, 10.0 ] },
										"east": { "texture": "#crow-redo-2", "uv": [ 8.0, 9.5, 8.5, 10.0 ] },
										"south": { "texture": "#crow-redo-2", "uv": [ 8.5, 9.5, 9.5, 10.0 ] },
										"west": { "texture": "#crow-redo-2", "uv": [ 9.5, 9.5, 10.0, 10.0 ] },
										"up": { "texture": "#crow-redo-2", "uv": [ 7.0, 9.0, 8.0, 9.5 ] },
										"down": { "texture": "#crow-redo-2", "uv": [ 8.0, 9.0, 9.0, 9.5 ] }
									}
								}
							]
						}
					]
				},
				{
					"name": "right wing",
					"from": [ 0.5, -0.8, -0.25 ],
					"to": [ 4.5, 1.7, 0.25 ],
					"unwrapMode": 1,
					"unwrapRotation": 1,
					"uv": [ 1.5, 3.0 ],
					"rotationOrigin": [ 0.5, 0.7, 0.25 ],
					"rotationZ": 6.0,
					"faces": {
						"north": { "texture": "#crow-redo-2", "uv": [ 2.0, 3.5, 4.5, 7.5 ], "rotation": 90, "windMode": [-1,-1,-1,-1] },
						"west": { "texture": "#crow-redo-2", "uv": [ 2.0, 3.0, 4.5, 3.5 ], "rotation": 90 },
						"up": { "texture": "#crow-redo-2", "uv": [ 1.5, 3.5, 2.0, 7.5 ], "rotation": 270 }
					}
				},
				{
					"name": "left wing",
					"from": [ 0.5, -0.8, 1.65 ],
					"to": [ 4.5, 1.7, 2.15 ],
					"unwrapMode": 3,
					"unwrapRotation": 1,
					"uv": [ 1.5, 7.5 ],
					"rotationOrigin": [ 0.5, 0.7, 1.65 ],
					"rotationZ": 6.0,
					"faces": {
						"south": { "texture": "#crow-redo-2", "uv": [ 2.0, 7.5, 4.5, 11.5 ], "rotation": 90 },
						"west": { "texture": "#crow-redo-2", "uv": [ 2.0, 11.5, 4.5, 12.0 ], "rotation": 90 },
						"up": { "texture": "#crow-redo-2", "uv": [ 1.5, 7.5, 2.0, 11.5 ], "rotation": 90 }
					}
				}
			],
			"attachmentpoints": [
				{
					"code": "Center",
					"posX": "0.0","posY": "0.0","posZ": "2.0",
					"rotationX": "0.0","rotationY": "0.0","rotationZ": "0.0"
				}
			]
		}
	],
	"animations": [
		{
			"name": "Eat",
			"code": "eat",
			"quantityframes": 40,
			"onActivityStopped": "EaseOut",
			"onAnimationEnd": "Repeat",
			"keyframes": [
				{
					"frame": 0,
					"elements": {
						"Body": { "rotationX": 0.0, "rotationY": 0.0, "rotationZ": 0.0 },
						"throat": { "offsetX": 0.0, "offsetY": 0.0, "offsetZ": 0.0, "rotationX": 0.0, "rotationY": 0.0, "rotationZ": 0.0 },
						"leg left": { "rotationX": 0.0, "rotationY": 0.0, "rotationZ": 0.0 },
						"leg right": { "rotationX": 0.0, "rotationY": 0.0, "rotationZ": 0.0 },
						"Cube2": { "rotationX": 0.0, "rotationY": 0.0, "rotationZ": 0.0 },
						"tail": { "rotationX": 0.0, "rotationY": 0.0, "rotationZ": 0.0 },
						"left wing": { "rotationX": 0.0, "rotationY": 0.0, "rotationZ": 0.0 },
						"right wing": { "rotationX": 0.0, "rotationY": 0.0, "rotationZ": 0.0 }
					}
				},
				{
					"frame": 10,
					"elements": {
						"Body": { "offsetX": 0.0, "offsetY": -0.1, "offsetZ": 0.0, "rotationX": 0.0, "rotationY": 0.0, "rotationZ": 17.0 },
						"leg left": { "offsetX": 0.0, "offsetY": 0.5, "offsetZ": 0.0, "rotationX": 0.0, "rotationY": 0.0, "rotationZ": -17.0 },
						"leg right": { "offsetX": 0.0, "offsetY": 0.5, "offsetZ": 0.0, "rotationX": 0.0, "rotationY": 0.0, "rotationZ": -17.0 },
						"Cube2": { "rotationX": 0.0, "rotationY": 0.0, "rotationZ": 0.0 }
					}
				},
				{
					"frame": 13,
					"elements": {
						"Body": { "rotationX": 0.0, "rotationY": 0.0, "rotationZ": 25.0 },
						"throat": { "offsetX": -0.4, "offsetY": 0.0, "offsetZ": 0.0, "rotationX": 0.0, "rotationY": 0.0, "rotationZ": 25.0 },
						"leg right": { "offsetX": 0.0, "offsetY": 0.5, "offsetZ": 0.0, "rotationX": 0.0, "rotationY": 0.0, "rotationZ": -17.0 },
						"leg left": { "offsetX": 0.0, "offsetY": 0.5, "offsetZ": 0.0, "rotationX": 0.0, "rotationY": 0.0, "rotationZ": -17.0 },
						"Cube2": { "offsetX": 0.3, "offsetY": 0.0, "offsetZ": 0.0, "rotationX": 0.0, "rotationY": 0.0, "rotationZ": 19.0 }
					}
				},
				{
					"frame": 16,
					"elements": {
						"Body": { "offsetX": 0.0, "offsetY": 0.3091, "offsetZ": 0.0, "rotationX": 0.0, "rotationY": 0.0, "rotationZ": 33.0 },
						"leg right": { "offsetX": 0.0, "offsetY": 0.5, "offsetZ": 0.0, "rotationX": 0.0, "rotationY": 0.0, "rotationZ": -22.0 },
						"leg left": { "offsetX": 0.0, "offsetY": 0.5, "offsetZ": 0.0, "rotationX": 0.0, "rotationY": 0.0, "rotationZ": -22.0 },
						"Cube2": { "offsetX": 0.5, "offsetY": 0.0, "offsetZ": 0.0 },
						"tail": { "rotationX": 0.0, "rotationY": 0.0, "rotationZ": 14.0 },
						"right wing": { "rotationX": 0.0, "rotationY": 6.0, "rotationZ": 0.0 },
						"left wing": { "rotationX": 0.0, "rotationY": -6.0, "rotationZ": 0.0 }
					}
				},
				{
					"frame": 19,
					"elements": {
						"Body": { "rotationX": 0.0, "rotationY": 0.0, "rotationZ": 17.0 },
						"leg right": { "offsetX": 0.0, "offsetY": 0.5, "offsetZ": 0.0, "rotationX": 0.0, "rotationY": 0.0, "rotationZ": -17.0 },
						"leg left": { "offsetX": 0.0, "offsetY": 0.5, "offsetZ": 0.0, "rotationX": 0.0, "rotationY": 0.0, "rotationZ": -17.0 },
						"Cube2": { "offsetX": 0.3, "offsetY": 0.0, "offsetZ": 0.0 },
						"throat": { "offsetX": -0.4, "offsetY": 0.0, "offsetZ": 0.0, "rotationX": 0.0, "rotationY": 0.0, "rotationZ": 42.0 }
					}
				},
				{
					"frame": 21,
					"elements": {
						"Body": { "offsetX": 0.0, "offsetY": 0.0, "offsetZ": 0.0, "rotationX": 0.0, "rotationY": 0.0, "rotationZ": 17.0 },
						"leg right": { "offsetX": 0.0, "offsetY": 0.5, "offsetZ": 0.0, "rotationX": 0.0, "rotationY": 0.0, "rotationZ": -17.0 },
						"leg left": { "offsetX": 0.0, "offsetY": 0.5, "offsetZ": 0.0, "rotationX": 0.0, "rotationY": 0.0, "rotationZ": -17.0 },
						"Cube2": { "rotationX": 0.0, "rotationY": 0.0, "rotationZ": -14.0 }
					}
				},
				{
					"frame": 24,
					"elements": {
						"Body": { "rotationX": 0.0, "rotationY": 0.0, "rotationZ": 22.0 },
						"leg right": { "offsetX": 0.0, "offsetY": 0.5, "offsetZ": 0.0, "rotationX": 0.0, "rotationY": 0.0, "rotationZ": -22.0 },
						"leg left": { "offsetX": 0.0, "offsetY": 0.5, "offsetZ": 0.0, "rotationX": 0.0, "rotationY": 0.0, "rotationZ": -22.0 },
						"Cube2": { "rotationX": 0.0, "rotationY": 0.0, "rotationZ": 14.0 },
						"tail": { "rotationX": 0.0, "rotationY": 0.0, "rotationZ": 0.0 },
						"throat": { "rotationX": 0.0, "rotationY": 0.0, "rotationZ": 36.0 }
					}
				},
				{
					"frame": 26,
					"elements": {
						"Body": { "rotationX": 0.0, "rotationY": 0.0, "rotationZ": 25.0 },
						"leg right": { "offsetX": 0.0, "offsetY": 0.5, "offsetZ": 0.0, "rotationX": 0.0, "rotationY": 0.0, "rotationZ": -17.0 },
						"leg left": { "offsetX": 0.0, "offsetY": 0.5, "offsetZ": 0.0, "rotationX": 0.0, "rotationY": 0.0, "rotationZ": -17.0 },
						"Cube2": { "rotationX": 0.0, "rotationY": 0.0, "rotationZ": 12.25 }
					}
				},
				{
					"frame": 29,
					"elements": {
						"Body": { "rotationX": 0.0, "rotationY": 0.0, "rotationZ": 22.0 },
						"throat": { "offsetX": -0.4, "offsetY": 0.0, "offsetZ": 0.0, "rotationX": 0.0, "rotationY": 0.0, "rotationZ": 11.0 },
						"leg right": { "offsetX": 0.0, "offsetY": 0.5, "offsetZ": 0.0, "rotationX": 0.0, "rotationY": 0.0, "rotationZ": -22.0 },
						"leg left": { "offsetX": 0.0, "offsetY": 0.5, "offsetZ": 0.0, "rotationX": 0.0, "rotationY": 0.0, "rotationZ": -22.0 }
					}
				},
				{
					"frame": 37,
					"elements": {
						"Body": { "offsetX": 0.6, "offsetY": 0.0, "offsetZ": 0.0, "rotationX": 0.0, "rotationY": 0.0, "rotationZ": 0.0 },
						"throat": { "offsetX": -0.4, "offsetY": 0.0, "offsetZ": 0.0 },
						"leg right": { "offsetX": 0.0, "offsetY": 0.5, "offsetZ": 0.0, "rotationX": 0.0, "rotationY": 0.0, "rotationZ": 0.0 },
						"leg left": { "offsetX": 0.0, "offsetY": 0.5, "offsetZ": 0.0, "rotationX": 0.0, "rotationY": 0.0, "rotationZ": 0.0 },
						"tail": { "rotationX": 0.0, "rotationY": 0.0, "rotationZ": 14.0 }
					}
				}
			]
		},

		{
			"name": "Walk",
			"code": "walk",
			"quantityframes": 24,
			"onActivityStopped": "EaseOut",
			"onAnimationEnd": "Repeat",
			"keyframes": [
				{
					"frame": 0,
					"elements": {
						"Body": { "offsetX": -0.5, "offsetY": 0.5, "offsetZ": 0.0, "rotationX": -11.0, "rotationY": 0.0, "rotationZ": -4.0 },
						"tail": { "offsetX": 0.3, "offsetY": 0.3, "offsetZ": 0.0, "rotationX": 0.0, "rotationY": 0.0, "rotationZ": 25.0 },
						"thighs right": { "offsetX": 1.5, "offsetY": -0.5, "offsetZ": 0.0, "rotationX": 3.0, "rotationY": 0.0, "rotationZ": 37.0 },
						"leg right": { "offsetX": 0.0, "offsetY": 0.0, "offsetZ": 0.0, "rotationX": 0.0, "rotationY": 0.0, "rotationZ": 8.0 },
						"thighs left": { "offsetX": 0.0, "offsetY": 0.0, "offsetZ": 0.0, "rotationX": 3.0, "rotationY": 0.0, "rotationZ": -24.0 },
						"leg left": { "offsetX": -1.0, "offsetY": 1.0, "offsetZ": 0.0, "rotationX": 0.0, "rotationY": 0.0, "rotationZ": 28.0 },
						"right wing": { "offsetX": 0.0, "offsetY": 0.0, "offsetZ": 0.0, "rotationX": -8.0, "rotationY": 14.0, "rotationZ": 8.0 },
						"left wing": { "offsetX": 0.0, "offsetY": 0.0, "offsetZ": 0.0 }
					}
				},
				{
					"frame": 5,
					"elements": {
						"Body": { "offsetX": 0.0, "offsetY": 0.0, "offsetZ": 0.0, "rotationX": -3.0, "rotationY": 8.0, "rotationZ": -1.0 },
						"tail": { "offsetX": 0.0, "offsetY": 0.0, "offsetZ": 0.0, "rotationX": 0.0, "rotationY": 0.0, "rotationZ": 8.0 },
						"thighs right": { "rotationX": 3.0, "rotationY": 0.0, "rotationZ": 35.0 },
						"leg right": { "offsetX": 0.0, "offsetY": 0.0, "offsetZ": 0.0, "rotationX": 0.0, "rotationY": 0.0, "rotationZ": 11.0 },
						"thighs left": { "rotationX": 3.0, "rotationY": 0.0, "rotationZ": -51.0 },
						"leg left": { "offsetX": -0.5, "offsetY": 0.0, "offsetZ": 0.0, "rotationX": 0.0, "rotationY": 0.0, "rotationZ": 17.0 },
						"right wing": { "offsetX": 0.0, "offsetY": 0.0, "offsetZ": 0.0, "rotationX": 0.0, "rotationY": 0.0, "rotationZ": 0.0 },
						"left wing": { "offsetX": 0.0, "offsetY": 0.0, "offsetZ": 0.0, "rotationX": 0.0, "rotationY": 0.0, "rotationZ": 0.0 }
					}
				},
				{
					"frame": 11,
					"elements": {
						"Body": { "offsetX": -0.5, "offsetY": 0.5, "offsetZ": 0.0, "rotationX": 11.0, "rotationY": 0.0, "rotationZ": -4.0 },
						"tail": { "offsetX": 0.3, "offsetY": 0.3, "offsetZ": 0.0, "rotationX": 0.0, "rotationY": 0.0, "rotationZ": 25.0 },
						"thighs right": { "offsetX": 0.0, "offsetY": 0.0, "offsetZ": 0.0, "rotationX": -3.0, "rotationY": 0.0, "rotationZ": -32.0 },
						"leg right": { "offsetX": -1.0, "offsetY": 1.0, "offsetZ": 0.0, "rotationX": 0.0, "rotationY": 0.0, "rotationZ": 28.0 },
						"thighs left": { "offsetX": 1.5, "offsetY": -0.5, "offsetZ": 0.0, "rotationX": -3.0, "rotationY": 0.0, "rotationZ": 37.0 },
						"leg left": { "offsetX": 0.0, "offsetY": 0.0, "offsetZ": 0.0, "rotationX": 0.0, "rotationY": 0.0, "rotationZ": 8.0 },
						"right wing": { "offsetX": 0.0, "offsetY": 0.0, "offsetZ": 0.0 },
						"left wing": { "offsetX": 0.0, "offsetY": 0.0, "offsetZ": 0.0, "rotationX": -8.0, "rotationY": -14.0, "rotationZ": 8.0 }
					}
				},
				{
					"frame": 17,
					"elements": {
						"Body": { "offsetX": 0.0, "offsetY": 0.0, "offsetZ": 0.0, "rotationX": 3.0, "rotationY": -8.0, "rotationZ": -1.0 },
						"tail": { "offsetX": 0.0, "offsetY": 0.0, "offsetZ": 0.0, "rotationX": 0.0, "rotationY": 0.0, "rotationZ": 8.0 },
						"thighs right": { "rotationX": -3.0, "rotationY": 0.0, "rotationZ": -51.0 },
						"leg right": { "offsetX": 0.0, "offsetY": 0.0, "offsetZ": 0.0, "rotationX": 0.0, "rotationY": 0.0, "rotationZ": 17.0 },
						"thighs left": { "rotationX": -3.0, "rotationY": 0.0, "rotationZ": 35.0 },
						"leg left": { "offsetX": 0.0, "offsetY": 0.0, "offsetZ": 0.0, "rotationX": 0.0, "rotationY": 0.0, "rotationZ": 11.0 },
						"right wing": { "offsetX": 0.0, "offsetY": 0.0, "offsetZ": 0.0, "rotationX": 0.0, "rotationY": 0.0, "rotationZ": 0.0 },
						"left wing": { "offsetX": 0.0, "offsetY": 0.0, "offsetZ": 0.0, "rotationX": 0.0, "rotationY": 0.0, "rotationZ": 0.0 }
					}
				}
			]
		},

		{
			"name": "Fly",
			"code": "fly",
			"quantityframes": 14,
			"onActivityStopped": "PlayTillEnd",
			"onAnimationEnd": "Repeat",
			"keyframes": [
				{
					"frame": 0,
					"elements": {
						"thighs right": { "rotationX": 0.0, "rotationY": 0.0, "rotationZ": -40.0 },
						"thighs left": { "rotationX": 0.0, "rotationY": 0.0, "rotationZ": -40.0 },
						"left wing": { "offsetX": 0.0, "offsetY": 1.0, "offsetZ": 0.0, "rotationX": -83.0, "rotationY": 0.0, "rotationZ": -86.0 },
						"right wing": { "offsetX": 0.0, "offsetY": 1.0, "offsetZ": 0.0, "rotationX": 83.0, "rotationY": 0.0, "rotationZ": -86.0 },
						"Body": { "offsetX": 0.0, "offsetY": 2.2, "offsetZ": 0.0, "rotationX": 0.0, "rotationY": 0.0, "rotationZ": 25.0 },
						"tail": { "offsetX": 0.0, "offsetY": -0.1, "offsetZ": 0.0, "rotationX": 0.0, "rotationY": 0.0, "rotationZ": 8.0 },
						"throat": { "rotationX": 0.0, "rotationY": 0.0, "rotationZ": -11.0 }
					}
				},
				{
					"frame": 4,
					"elements": {
						"left wing": { "offsetX": 0.3, "offsetY": 2.0, "offsetZ": 0.0, "rotationX": -25.0, "rotationY": 0.0, "rotationZ": -94.0 },
						"right wing": { "offsetX": 0.2, "offsetY": 2.0, "offsetZ": 0.0, "rotationX": 25.0, "rotationY": 0.0, "rotationZ": -94.0 },
						"Body": { "offsetX": 0.0, "offsetY": 2.1, "offsetZ": 0.0 },
						"tail": { "offsetX": 0.0, "offsetY": -0.2, "offsetZ": 0.0 }
					}
				},
				{
					"frame": 10,
					"elements": {
						"right wing": { "rotationX": 144.0, "rotationY": 0.0, "rotationZ": -89.0 },
						"left wing": { "rotationX": -144.0, "rotationY": 0.0, "rotationZ": -88.0 },
						"Body": { "offsetX": 0.0, "offsetY": 2.54, "offsetZ": 0.0 },
						"tail": { "rotationX": 0.0, "rotationY": 0.0, "rotationZ": -11.0 },
						"throat": { "rotationX": 0.0, "rotationY": 0.0, "rotationZ": -6.0 }
					}
				}
			]
		},

		{
			"name": "Fly2",
			"code": "fly2",
			"quantityframes": 32,
			"onActivityStopped": "PlayTillEnd",
			"onAnimationEnd": "Repeat",
			"keyframes": [
				{
					"frame": 0,
					"elements": {
						"tail": { "rotationX": -8.0, "rotationY": 0.0, "rotationZ": 8.0 },
						"left wing": { "offsetX": 0.0, "offsetY": 1.0, "offsetZ": 0.0 },
						"right wing": { "offsetX": 0.0, "offsetY": 1.0, "offsetZ": 0.0 },
						"Body": { "offsetX": 0.0, "offsetY": 2.0, "offsetZ": 0.0, "rotationX": 0.0, "rotationY": 2.0, "rotationZ": 22.0 },
						"throat": { "rotationX": 0.0, "rotationY": 0.0, "rotationZ": -17.0 },
						"thighs right": { "rotationX": 0.0, "rotationY": 0.0, "rotationZ": -36.0 },
						"thighs left": { "rotationX": 0.0, "rotationY": 0.0, "rotationZ": -36.0 }
					}
				},
				{
					"frame": 8,
					"elements": {
						"tail": { "rotationX": 8.0, "rotationY": 0.0, "rotationZ": 0.0 },
						"Body": { "rotationX": -6.0, "rotationY": 0.0, "rotationZ": 23.5 }
					}
				},
				{
					"frame": 16,
					"elements": {
						"throat": { "offsetX": 0.0, "offsetY": 0.0, "offsetZ": 0.0 },
						"right wing": { "rotationX": 86.0, "rotationY": 0.0, "rotationZ": -83.0 },
						"left wing": { "rotationX": -86.0, "rotationY": 0.0, "rotationZ": -83.0 },
						"Body": { "rotationX": 0.0, "rotationY": -2.0, "rotationZ": 25.0 }
					}
				},
				{
					"frame": 24,
					"elements": {
						"Body": { "rotationX": 6.0, "rotationY": 0.0, "rotationZ": 23.5 }
					}
				}
			]
		},

		{
			"name": "Death",
			"code": "death",
			"quantityframes": 45,
			"onActivityStopped": "PlayTillEnd",
			"onAnimationEnd": "Hold",
			"keyframes": [
				{
					"frame": 0,
					"elements": {
						"Body": { "offsetX": 0.0, "offsetY": 0.0, "offsetZ": 0.0, "rotationX": 0.0, "rotationY": 0.0, "rotationZ": 0.0 },
						"throat": { "offsetX": 0.0, "offsetY": 0.0, "offsetZ": 0.0, "rotationX": 0.0, "rotationY": 0.0, "rotationZ": 0.0 },
						"tail": { "offsetX": 0.0, "offsetY": 0.0, "offsetZ": 0.0, "rotationX": 0.0, "rotationY": 0.0, "rotationZ": 0.0 },
						"thighs right": { "offsetX": 0.0, "offsetY": 0.0, "offsetZ": 0.0, "rotationX": 0.0, "rotationY": 0.0, "rotationZ": 0.0 },
						"leg right": { "offsetX": 0.0, "offsetY": 0.0, "offsetZ": 0.0, "rotationX": 0.0, "rotationY": 0.0, "rotationZ": 0.0 },
						"thighs left": { "offsetX": 0.0, "offsetY": 0.0, "offsetZ": 0.0, "rotationX": 0.0, "rotationY": 0.0, "rotationZ": 0.0 },
						"leg left": { "offsetX": 0.0, "offsetY": 0.0, "offsetZ": 0.0, "rotationX": 0.0, "rotationY": 0.0, "rotationZ": 0.0 },
						"right wing": { "offsetX": 0.0, "offsetY": 0.0, "offsetZ": 0.0, "rotationX": 0.0, "rotationY": 0.0, "rotationZ": 0.0 },
						"left wing": { "offsetX": 0.0, "offsetY": 0.0, "offsetZ": 0.0, "rotationX": 0.0, "rotationY": 0.0, "rotationZ": 0.0 }
					}
				},
				{
					"frame": 8,
					"elements": {
						"Body": { "offsetX": 1.0, "offsetY": 2.0, "offsetZ": 0.0, "rotationX": -25.0, "rotationY": 0.0, "rotationZ": -47.0 },
						"throat": { "offsetX": 0.0, "offsetY": 0.0, "offsetZ": 0.0, "rotationX": 19.0, "rotationY": 17.0, "rotationZ": 28.0 },
						"tail": { "offsetX": 0.0, "offsetY": 0.0, "offsetZ": 0.0, "rotationX": 0.0, "rotationY": 0.0, "rotationZ": 50.0 },
						"thighs right": { "offsetX": 0.0, "offsetY": 0.0, "offsetZ": 0.0, "rotationX": 22.0, "rotationY": 8.0, "rotationZ": -55.0 },
						"leg right": { "offsetX": 0.0, "offsetY": 0.0, "offsetZ": 0.0, "rotationX": 14.0, "rotationY": -6.0, "rotationZ": 55.0 },
						"thighs left": { "offsetX": 0.0, "offsetY": 0.0, "offsetZ": 0.0, "rotationX": 0.0, "rotationY": 0.0, "rotationZ": -30.0 },
						"leg left": { "offsetX": 0.0, "offsetY": 0.0, "offsetZ": 0.0, "rotationX": -8.0, "rotationY": 0.0, "rotationZ": 53.0 },
						"right wing": { "offsetX": 0.0, "offsetY": 0.0, "offsetZ": 0.0, "rotationX": 22.0, "rotationY": 45.0, "rotationZ": -25.0 },
						"left wing": { "offsetX": 0.0, "offsetY": 0.0, "offsetZ": 0.0, "rotationX": -6.0, "rotationY": -22.5, "rotationZ": -3.0 }
					}
				},
				{
					"frame": 18,
					"elements": {
						"Body": { "offsetX": -1.0, "offsetY": 1.0, "offsetZ": -2.0, "rotationX": -83.0, "rotationY": -25.0, "rotationZ": -89.0 },
						"throat": { "offsetX": 0.0, "offsetY": -1.0, "offsetZ": 0.0, "rotationX": 28.0, "rotationY": -11.0, "rotationZ": 86.0 },
						"tail": { "offsetX": 0.0, "offsetY": 0.0, "offsetZ": 0.0, "rotationX": -28.0, "rotationY": 42.0, "rotationZ": -3.0 },
						"thighs right": { "offsetX": 0.0, "offsetY": 0.0, "offsetZ": 0.0, "rotationX": -30.0, "rotationY": 3.0, "rotationZ": -66.0 },
						"leg right": { "offsetX": 0.0, "offsetY": 0.0, "offsetZ": 0.0, "rotationX": 39.0, "rotationY": -6.0, "rotationZ": 55.0 },
						"thighs left": { "offsetX": 0.0, "offsetY": 0.0, "offsetZ": 0.0, "rotationX": 17.0, "rotationY": 25.0, "rotationZ": 3.0 },
						"leg left": { "offsetX": 0.0, "offsetY": 0.0, "offsetZ": 0.0, "rotationX": -14.0, "rotationY": 8.0, "rotationZ": 39.0 },
						"right wing": { "offsetX": 0.0, "offsetY": 0.0, "offsetZ": 0.0, "rotationX": -14.0, "rotationY": 22.5, "rotationZ": -33.0 },
						"left wing": { "offsetX": 0.0, "offsetY": 0.0, "offsetZ": 0.0, "rotationX": -11.0, "rotationY": 0.0, "rotationZ": -45.0 }
					}
				},
				{
					"frame": 44,
					"elements": {
						"Body": { "offsetX": -1.0, "offsetY": 1.0, "offsetZ": -2.0, "rotationX": -83.0, "rotationY": -25.0, "rotationZ": -89.0 },
						"throat": { "offsetX": 0.0, "offsetY": -1.0, "offsetZ": 0.0, "rotationX": 28.0, "rotationY": -11.0, "rotationZ": 86.0 },
						"tail": { "offsetX": 0.0, "offsetY": 0.0, "offsetZ": 0.0, "rotationX": -28.0, "rotationY": 42.0, "rotationZ": -3.0 },
						"thighs right": { "offsetX": 0.0, "offsetY": 0.0, "offsetZ": 0.0, "rotationX": -30.0, "rotationY": 3.0, "rotationZ": -66.0 },
						"leg right": { "offsetX": 0.0, "offsetY": 0.0, "offsetZ": 0.0, "rotationX": 39.0, "rotationY": -6.0, "rotationZ": 55.0 },
						"thighs left": { "offsetX": 0.0, "offsetY": 0.0, "offsetZ": 0.0, "rotationX": 17.0, "rotationY": 25.0, "rotationZ": 3.0 },
						"leg left": { "offsetX": 0.0, "offsetY": 0.0, "offsetZ": 0.0, "rotationX": -14.0, "rotationY": 8.0, "rotationZ": 39.0 },
						"right wing": { "offsetX": 0.0, "offsetY": 0.0, "offsetZ": 0.0, "rotationX": -14.0, "rotationY": 22.5, "rotationZ": -33.0 },
						"left wing": { "offsetX": 0.0, "offsetY": 0.0, "offsetZ": 0.0, "rotationX": -11.0, "rotationY": 0.0, "rotationZ": -45.0 }
					}
				}
			]
		},

		{
			"name": "Run",
			"code": "run",
			"quantityframes": 25,
			"onActivityStopped": "EaseOut",
			"onAnimationEnd": "Repeat",
			"keyframes": [
				{
					"frame": 0,
					"elements": {
						"Body": { "offsetX": 0.0, "offsetY": 0.0, "offsetZ": 0.0, "rotationX": 0.0, "rotationY": 0.0, "rotationZ": -58.0 },
						"tail": { "offsetX": 0.0, "offsetY": 0.0, "offsetZ": 0.0, "rotationX": 0.0, "rotationY": 0.0, "rotationZ": 17.0 },
						"thighs right": { "offsetX": 1.0, "offsetY": -1.6, "offsetZ": 0.0, "rotationX": 0.0, "rotationY": 0.0, "rotationZ": 66.0 },
						"leg right": { "offsetX": 0.0, "offsetY": 0.0, "offsetZ": 0.0, "rotationX": 0.0, "rotationY": 0.0, "rotationZ": 0.0 },
						"thighs left": { "offsetX": 0.7, "offsetY": 0.0, "offsetZ": 0.0, "rotationX": 0.0, "rotationY": 0.0, "rotationZ": -39.0 },
						"leg left": { "offsetX": 0.0, "offsetY": 0.0, "offsetZ": 0.0, "rotationX": 0.0, "rotationY": 0.0, "rotationZ": 39.0 }
					}
				},
				{
					"frame": 6,
					"elements": {
						"Body": { "offsetX": 1.0, "offsetY": 0.0, "offsetZ": 0.0, "rotationX": 0.0, "rotationY": 0.0, "rotationZ": -19.0 },
						"tail": { "offsetX": 0.0, "offsetY": 0.0, "offsetZ": 0.0, "rotationX": 0.0, "rotationY": 0.0, "rotationZ": 0.0 },
						"thighs right": { "offsetX": 1.0, "offsetY": 0.0, "offsetZ": 0.0, "rotationX": 0.0, "rotationY": 0.0, "rotationZ": 47.0 },
						"leg right": { "offsetX": 0.0, "offsetY": 0.0, "offsetZ": 0.0, "rotationX": 0.0, "rotationY": 0.0, "rotationZ": 17.0 },
						"thighs left": { "offsetX": 0.5, "offsetY": 0.0, "offsetZ": 0.0, "rotationX": 0.0, "rotationY": 0.0, "rotationZ": 8.0 },
						"leg left": { "offsetX": -0.5, "offsetY": 0.5, "offsetZ": 0.0, "rotationX": 0.0, "rotationY": 0.0, "rotationZ": 17.0 },
						"right wing": { "rotationX": 0.0, "rotationY": 11.0, "rotationZ": 42.0 },
						"left wing": { "offsetX": 0.0, "offsetY": 0.0, "offsetZ": 0.0, "rotationX": 0.0, "rotationY": -11.0, "rotationZ": 42.0 }
					}
				},
				{
					"frame": 12,
					"elements": {
						"Body": { "offsetX": -1.0, "offsetY": 0.0, "offsetZ": 0.0, "rotationX": 0.0, "rotationY": 0.0, "rotationZ": -25.0 },
						"tail": { "offsetX": 0.0, "offsetY": 0.0, "offsetZ": 0.0, "rotationX": 0.0, "rotationY": 0.0, "rotationZ": 17.0 },
						"thighs right": { "offsetX": 0.7, "offsetY": 0.0, "offsetZ": 0.0, "rotationX": 0.0, "rotationY": 0.0, "rotationZ": -39.0 },
						"leg right": { "offsetX": 0.0, "offsetY": 0.0, "offsetZ": 0.0, "rotationX": 0.0, "rotationY": 0.0, "rotationZ": 39.0 },
						"thighs left": { "offsetX": 1.0, "offsetY": -1.6, "offsetZ": 0.0, "rotationX": 0.0, "rotationY": 0.0, "rotationZ": 66.0 },
						"leg left": { "offsetX": 0.0, "offsetY": 0.0, "offsetZ": 0.0, "rotationX": 0.0, "rotationY": 0.0, "rotationZ": 0.0 }
					}
				},
				{
					"frame": 18,
					"elements": {
						"Body": { "offsetX": 1.0, "offsetY": 0.0, "offsetZ": 0.0, "rotationX": 0.0, "rotationY": 0.0, "rotationZ": -19.0 },
						"throat": { "offsetX": 0.0, "offsetY": 0.0, "offsetZ": 0.0, "rotationX": 0.0, "rotationY": 0.0, "rotationZ": 58.0 },
						"tail": { "offsetX": 0.0, "offsetY": 0.0, "offsetZ": 0.0, "rotationX": 0.0, "rotationY": 0.0, "rotationZ": 0.0 },
						"thighs right": { "offsetX": 0.5, "offsetY": 0.0, "offsetZ": 0.0, "rotationX": 0.0, "rotationY": 0.0, "rotationZ": 8.0 },
						"leg right": { "offsetX": -0.5, "offsetY": 0.5, "offsetZ": 0.0, "rotationX": 0.0, "rotationY": 0.0, "rotationZ": 17.0 },
						"thighs left": { "offsetX": 1.0, "offsetY": 0.0, "offsetZ": 0.0, "rotationX": 0.0, "rotationY": 0.0, "rotationZ": 47.0 },
						"leg left": { "offsetX": 0.0, "offsetY": 0.0, "offsetZ": 0.0, "rotationX": 0.0, "rotationY": 0.0, "rotationZ": 17.0 },
						"right wing": { "rotationX": 0.0, "rotationY": 11.0, "rotationZ": 42.0 },
						"left wing": { "offsetX": 0.0, "offsetY": 0.0, "offsetZ": 0.0, "rotationX": 0.0, "rotationY": -11.0, "rotationZ": 42.0 }
					}
				}
			]
		},

		{
			"name": "Hurt",
			"code": "hurt",
			"quantityframes": 30,
			"onActivityStopped": "PlayTillEnd",
			"onAnimationEnd": "Stop",
			"keyframes": [
				{
					"frame": 0,
					"elements": {
						"Body": { "offsetX": 0.0, "offsetY": 0.0, "offsetZ": 0.0, "rotationX": 0.0, "rotationY": 0.0, "rotationZ": 0.0 },
						"throat": { "rotationX": 0.0, "rotationY": 0.0, "rotationZ": 0.0 },
						"tail": { "rotationX": 0.0, "rotationY": 0.0, "rotationZ": 0.0 },
						"thighs right": { "offsetX": 0.0, "offsetY": 0.0, "offsetZ": 0.0, "rotationX": 0.0, "rotationY": 0.0, "rotationZ": 0.0 },
						"leg right": { "offsetX": 0.0, "offsetY": 0.0, "offsetZ": 0.0, "rotationX": 0.0, "rotationY": 0.0, "rotationZ": 0.0 },
						"thighs left": { "offsetX": 0.0, "offsetY": 0.0, "offsetZ": 0.0, "rotationX": 0.0, "rotationY": 0.0, "rotationZ": 0.0 },
						"leg left": { "offsetX": 0.0, "offsetY": 0.0, "offsetZ": 0.0, "rotationX": 0.0, "rotationY": 0.0, "rotationZ": 0.0 },
						"right wing": { "rotationX": 0.0, "rotationY": 0.0, "rotationZ": 0.0 },
						"left wing": { "rotationX": 0.0, "rotationY": 0.0, "rotationZ": 0.0 }
					}
				},
				{
					"frame": 6,
					"elements": {
						"Body": { "offsetX": 0.3, "offsetY": -0.3, "offsetZ": 0.0, "rotationX": 0.0, "rotationY": 0.0, "rotationZ": -10.0 },
						"throat": { "offsetX": 0.0, "offsetY": 0.0, "offsetZ": 0.0, "rotationX": 0.0, "rotationY": 0.0, "rotationZ": -15.0 },
						"tail": { "rotationX": 0.0, "rotationY": 0.0, "rotationZ": 15.0 },
						"thighs right": { "offsetX": 0.0, "offsetY": 0.0, "offsetZ": 0.0, "rotationX": 0.0, "rotationY": 0.0, "rotationZ": 2.0 },
						"leg right": { "offsetX": 0.0, "offsetY": 0.0, "offsetZ": 0.0, "rotationX": 0.0, "rotationY": 0.0, "rotationZ": 5.0 },
						"thighs left": { "offsetX": 0.0, "offsetY": 0.0, "offsetZ": 0.0, "rotationX": 0.0, "rotationY": 0.0, "rotationZ": 0.0 },
						"leg left": { "offsetX": 0.0, "offsetY": 0.0, "offsetZ": 0.0, "rotationX": 0.0, "rotationY": 0.0, "rotationZ": 3.0 },
						"right wing": { "rotationX": -22.5, "rotationY": 34.0, "rotationZ": 8.0 },
						"left wing": { "rotationX": 22.5, "rotationY": -34.0, "rotationZ": 8.0 }
					}
				}
			]
		},

		{
			"name": "Idle",
			"code": "idle",
			"quantityframes": 30,
			"onActivityStopped": "EaseOut",
			"onAnimationEnd": "Repeat",
			"keyframes": [
				{
					"frame": 0,
					"elements": {
						"Body": { "offsetX": 0.0, "offsetY": 0.0, "offsetZ": 0.0, "rotationX": 0.0, "rotationY": 0.0, "rotationZ": 0.0 },
						"throat": { "offsetX": 0.0, "offsetY": 0.0, "offsetZ": 0.0, "rotationX": 0.0, "rotationY": 0.0, "rotationZ": 0.0 },
						"tail": { "rotationX": 0.0, "rotationY": 0.0, "rotationZ": 0.0 },
						"thighs right": { "offsetX": 0.0, "offsetY": 0.0, "offsetZ": 0.0, "rotationX": 0.0, "rotationY": 0.0, "rotationZ": 0.0 },
						"leg right": { "offsetX": 0.0, "offsetY": 0.0, "offsetZ": 0.0, "rotationX": 0.0, "rotationY": 0.0, "rotationZ": 0.0 },
						"thighs left": { "offsetX": 0.0, "offsetY": 0.0, "offsetZ": 0.0, "rotationX": 0.0, "rotationY": 0.0, "rotationZ": 0.0 },
						"leg left": { "offsetX": 0.0, "offsetY": 0.0, "offsetZ": 0.0, "rotationX": 0.0, "rotationY": 0.0, "rotationZ": 0.0 }
					}
				},
				{
					"frame": 15,
					"elements": {
						"Body": { "offsetX": 0.0, "offsetY": 0.0, "offsetZ": 0.0, "rotationX": 0.0, "rotationY": 0.0, "rotationZ": -1.0 },
						"throat": { "offsetX": 0.0, "offsetY": 0.0, "offsetZ": 0.0, "rotationX": 0.0, "rotationY": 0.0, "rotationZ": 1.0 },
						"tail": { "rotationX": 0.0, "rotationY": 0.0, "rotationZ": 0.0 },
						"thighs right": { "offsetX": 0.0, "offsetY": 0.0, "offsetZ": 0.0, "rotationX": 0.0, "rotationY": 0.0, "rotationZ": 1.0 },
						"leg right": { "offsetX": 0.0, "offsetY": 0.0, "offsetZ": 0.0, "rotationX": 0.0, "rotationY": 0.0, "rotationZ": 0.0 },
						"thighs left": { "offsetX": 0.0, "offsetY": 0.0, "offsetZ": 0.0, "rotationX": 0.0, "rotationY": 0.0, "rotationZ": 1.0 },
						"leg left": { "offsetX": 0.0, "offsetY": 0.0, "offsetZ": 0.0, "rotationX": 0.0, "rotationY": 0.0, "rotationZ": 0.0 }
					}
				}
			]
		},

		{
			"name": "Sit",
			"code": "sit",
			"quantityframes": 30,
			"onActivityStopped": "EaseOut",
			"onAnimationEnd": "Repeat",
			"keyframes": [
				{
					"frame": 0,
					"elements": {
						"Body": { "offsetX": 0.0, "offsetY": -1.0, "offsetZ": 0.0, "rotationX": 0.0, "rotationY": 0.0, "rotationZ": 3.0 },
						"thighs right": { "offsetX": 1.0, "offsetY": 0.5, "offsetZ": 0.0, "rotationX": 0.0, "rotationY": 0.0, "rotationZ": 3.0 },
						"leg right": { "offsetX": 1.0, "offsetY": 0.0, "offsetZ": 0.0, "rotationX": 0.0, "rotationY": 0.0, "rotationZ": -94.0 },
						"thighs left": { "offsetX": 1.0, "offsetY": 0.5, "offsetZ": 0.0, "rotationX": 0.0, "rotationY": 0.0, "rotationZ": 7.0 },
						"leg left": { "offsetX": 1.0, "offsetY": 0.0, "offsetZ": 0.0, "rotationX": 0.0, "rotationY": 0.0, "rotationZ": -89.0 }
					}
				},
				{
					"frame": 15,
					"elements": {
						"Body": { "offsetX": 0.0, "offsetY": -1.0, "offsetZ": 0.0, "rotationX": 0.0, "rotationY": 0.0, "rotationZ": 2.0 },
						"throat": { "offsetX": 0.35, "offsetY": -0.15, "offsetZ": 0.0, "rotationX": 0.0, "rotationY": 0.0, "rotationZ": -14.0 },
						"thighs right": { "offsetX": 1.1, "offsetY": 0.5, "offsetZ": 0.0, "rotationX": 0.0, "rotationY": 0.0, "rotationZ": 4.0 },
						"leg right": { "offsetX": 1.0, "offsetY": 0.0, "offsetZ": 0.0, "rotationX": 0.0, "rotationY": 0.0, "rotationZ": -94.0 },
						"thighs left": { "offsetX": 1.1, "offsetY": 0.5, "offsetZ": 0.0, "rotationX": 0.0, "rotationY": 0.0, "rotationZ": 8.0 },
						"leg left": { "offsetX": 1.0, "offsetY": 0.0, "offsetZ": 0.0, "rotationX": 0.0, "rotationY": 0.0, "rotationZ": -89.0 }
					}
				}
			]
		},

		{
			"name": "Sleep",
			"code": "sleep",
			"quantityframes": 30,
			"onActivityStopped": "EaseOut",
			"onAnimationEnd": "Repeat",
			"keyframes": [
				{
					"frame": 0,
					"elements": {
						"Body": { "offsetX": 0.0, "offsetY": -1.5, "offsetZ": 0.0, "rotationX": 0.0, "rotationY": 0.0, "rotationZ": 3.0 },
						"thighs right": { "offsetX": 1.0, "offsetY": 0.5, "offsetZ": 0.0, "rotationX": 0.0, "rotationY": 0.0, "rotationZ": 3.0 },
						"leg right": { "offsetX": 1.0, "offsetY": 0.0, "offsetZ": 0.0, "rotationX": 0.0, "rotationY": 0.0, "rotationZ": -94.0 },
						"thighs left": { "offsetX": 1.0, "offsetY": 0.5, "offsetZ": 0.0, "rotationX": 0.0, "rotationY": 0.0, "rotationZ": 6.0 },
						"leg left": { "offsetX": 0.5, "offsetY": 0.0, "offsetZ": 0.0, "rotationX": 0.0, "rotationY": 0.0, "rotationZ": -89.0 },
						"throat": { "offsetX": 0.0, "offsetY": -0.3, "offsetZ": 0.0, "rotationX": 0.0, "rotationY": 0.0, "rotationZ": 28.0 }
					}
				},
				{
					"frame": 15,
					"elements": {
						"Body": { "offsetX": 0.0, "offsetY": -1.5, "offsetZ": 0.0, "rotationX": 0.0, "rotationY": 0.0, "rotationZ": 2.0 },
						"thighs right": { "offsetX": 1.1, "offsetY": 0.5, "offsetZ": 0.0, "rotationX": 0.0, "rotationY": 0.0, "rotationZ": 4.0 },
						"leg right": { "offsetX": 1.0, "offsetY": 0.0, "offsetZ": 0.0, "rotationX": 0.0, "rotationY": 0.0, "rotationZ": -94.0 },
						"thighs left": { "offsetX": 1.1, "offsetY": 0.5, "offsetZ": 0.0, "rotationX": 0.0, "rotationY": 0.0, "rotationZ": 7.0 },
						"leg left": { "offsetX": 0.5, "offsetY": 0.0, "offsetZ": 0.0, "rotationX": 0.0, "rotationY": 0.0, "rotationZ": -89.0 }
					}
				}
			]
		},

		{
			"name": "Hopping",
			"code": "hopping",
			"quantityframes": 22,
			"onActivityStopped": "EaseOut",
			"onAnimationEnd": "Repeat",
			"keyframes": [
				{
					"frame": 0,
					"elements": {
						"Body": { "offsetX": 0.6, "offsetY": 0.2, "offsetZ": 0.0, "rotationX": 0.0, "rotationY": 0.0, "rotationZ": -11.0 },
						"throat": { "offsetX": 0.0, "offsetY": 0.0, "offsetZ": 0.0, "rotationX": 0.0, "rotationY": 0.0, "rotationZ": 8.0 },
						"thighs left": { "offsetX": 1.0, "offsetY": 0.0, "offsetZ": 0.0 },
						"thighs right": { "offsetX": 1.0, "offsetY": 0.0, "offsetZ": 0.0 },
						"tail": { "rotationX": 0.0, "rotationY": 11.0, "rotationZ": 0.0 },
						"left wing": { "rotationX": 0.0, "rotationY": -6.0, "rotationZ": 3.0 },
						"right wing": { "rotationX": 0.0, "rotationY": 6.0, "rotationZ": 3.0 }
					}
				},
				{
					"frame": 3,
					"elements": {
						"throat": { "rotationX": 0.0, "rotationY": 0.0, "rotationZ": -11.0 },
						"tail": { "rotationX": 0.0, "rotationY": -11.0, "rotationZ": 0.0 },
						"Body": { "offsetX": 0.0, "offsetY": 2.22, "offsetZ": -0.2, "rotationX": 0.0, "rotationY": -8.0, "rotationZ": 2.2 }
					}
				},
				{
					"frame": 5,
					"elements": {
						"Body": { "offsetX": -1.4, "offsetY": 1.9, "offsetZ": -0.5 },
						"thighs right": { "offsetX": 0.0, "offsetY": 0.0, "offsetZ": 0.0 },
						"thighs left": { "offsetX": 0.0, "offsetY": 0.0, "offsetZ": 0.0 },
						"right wing": { "rotationX": 0.0, "rotationY": 0.0, "rotationZ": 6.0 },
						"left wing": { "rotationX": 0.0, "rotationY": 0.0, "rotationZ": 6.0 }
					}
				},
				{
					"frame": 9,
					"elements": {
						"Body": { "offsetX": -1.0, "offsetY": -1.0, "offsetZ": -1.0 },
						"tail": { "rotationX": 0.0, "rotationY": 0.0, "rotationZ": 19.0 },
						"throat": { "offsetX": 0.0, "offsetY": -0.1, "offsetZ": 0.0, "rotationX": 0.0, "rotationY": 0.0, "rotationZ": 6.0 }
					}
				},
				{
					"frame": 11,
					"elements": {
						"Body": { "offsetX": 0.6, "offsetY": 0.2, "offsetZ": 0.0, "rotationX": 0.0, "rotationY": 0.0, "rotationZ": -11.0 },
						"throat": { "offsetX": 0.0, "offsetY": 0.0, "offsetZ": 0.0, "rotationX": 0.0, "rotationY": 0.0, "rotationZ": 8.0 },
						"thighs left": { "offsetX": 1.0, "offsetY": 0.0, "offsetZ": 0.0 },
						"thighs right": { "offsetX": 1.0, "offsetY": 0.0, "offsetZ": 0.0 },
						"tail": { "rotationX": 0.0, "rotationY": 11.0, "rotationZ": 0.0 },
						"left wing": { "rotationX": 0.0, "rotationY": -6.0, "rotationZ": 3.0 },
						"right wing": { "rotationX": 0.0, "rotationY": 6.0, "rotationZ": 3.0 }
					}
				},
				{
					"frame": 14,
					"elements": {
						"throat": { "rotationX": 0.0, "rotationY": 0.0, "rotationZ": -11.0 },
						"tail": { "rotationX": 0.0, "rotationY": -11.0, "rotationZ": 0.0 },
						"Body": { "offsetX": 0.0, "offsetY": 2.22, "offsetZ": 0.2, "rotationX": 0.0, "rotationY": 8.0, "rotationZ": -3.6667 }
					}
				},
				{
					"frame": 17,
					"elements": {
						"Body": { "offsetX": -1.4, "offsetY": 1.9, "offsetZ": 1.0 },
						"thighs right": { "offsetX": 0.0, "offsetY": 0.0, "offsetZ": 0.0 },
						"thighs left": { "offsetX": 0.0, "offsetY": 0.0, "offsetZ": 0.0 },
						"right wing": { "rotationX": 0.0, "rotationY": 0.0, "rotationZ": 6.0 },
						"left wing": { "rotationX": 0.0, "rotationY": 0.0, "rotationZ": 6.0 }
					}
				},
				{
					"frame": 21,
					"elements": {
						"Body": { "offsetX": -1.0, "offsetY": -1.0, "offsetZ": 0.5 },
						"tail": { "rotationX": 0.0, "rotationY": 0.0, "rotationZ": 19.0 },
						"throat": { "offsetX": 0.0, "offsetY": -0.1, "offsetZ": 0.0, "rotationX": 0.0, "rotationY": 0.0, "rotationZ": 6.0 }
					}
				}
			]
		},

		{
			"name": "Call",
			"code": "call",
			"quantityframes": 16,
			"onActivityStopped": "PlayTillEnd",
			"onAnimationEnd": "EaseOut",
			"keyframes": [
				{
					"frame": 0,
					"elements": {
						"throat": { "rotationX": 0.0, "rotationY": 0.0, "rotationZ": 0.0 },
						"Cube2": { "rotationX": 0.0, "rotationY": 0.0, "rotationZ": 0.0 },
						"Cube3": { "rotationX": 0.0, "rotationY": 0.0, "rotationZ": 0.0 },
						"Body": { "offsetX": 0.0, "offsetY": 0.0, "offsetZ": 0.0, "rotationX": 0.0, "rotationY": 0.0, "rotationZ": 0.0 },
						"thighs left": { "offsetX": 0.0, "offsetY": 0.0, "offsetZ": 0.0, "rotationX": 0.0, "rotationY": 0.0, "rotationZ": 0.0 },
						"thighs right": { "offsetX": 0.0, "offsetY": 0.0, "offsetZ": 0.0, "rotationX": 0.0, "rotationY": 0.0, "rotationZ": 0.0 }
					}
				},
				{
					"frame": 6,
					"elements": {
						"throat": { "rotationX": 0.0, "rotationY": 0.0, "rotationZ": -11.0 },
						"Cube2": { "rotationX": 0.0, "rotationY": 0.0, "rotationZ": -36.0 },
						"Cube3": { "rotationX": 0.0, "rotationY": 0.0, "rotationZ": -11.0 },
						"right wing": { "rotationX": 0.0, "rotationY": 47.0, "rotationZ": 8.0 },
						"left wing": { "rotationX": 0.0, "rotationY": -47.0, "rotationZ": 5.0 },
						"Body": { "offsetX": 0.0, "offsetY": 0.1, "offsetZ": 0.0, "rotationX": 0.0, "rotationY": 0.0, "rotationZ": 8.0 },
						"thighs right": { "offsetX": 0.0, "offsetY": 0.0, "offsetZ": 0.0, "rotationX": 0.0, "rotationY": 0.0, "rotationZ": -8.0 },
						"thighs left": { "offsetX": 0.0, "offsetY": 0.0, "offsetZ": 0.0, "rotationX": 0.0, "rotationY": 0.0, "rotationZ": -6.0 }
					}
				},
				{
					"frame": 12,
					"elements": {
						"throat": { "rotationX": 0.0, "rotationY": 0.0, "rotationZ": 0.0 },
						"Cube3": { "rotationX": 0.0, "rotationY": 0.0, "rotationZ": 0.0 },
						"left wing": { "rotationX": 0.0, "rotationY": 0.0, "rotationZ": 8.0 },
						"right wing": { "rotationX": 0.0, "rotationY": 0.0, "rotationZ": 8.0 }
					}
				}
			]
		}
	]
}