{
	"editor": {
	},
	"textureWidth": 16,
	"textureHeight": 16,
	"textureSizes": {
	},
	"textures": {
		"stone": "game:block/stone/polishedrock-old/inside/andesite"
	},
	"elements": [
		{
			"name": "Origin",
			"from": [ 0.0, 0.0, 0.0 ],
			"to": [ 0.0, 0.0, 0.0 ],
			"shade": false,
			"rotationOrigin": [ 8.0, 0.0, 8.0 ],
			"faces": {
			},
			"children": [
				{
					"name": "Kasa",
					"from": [ 0.0, -17.6, 0.0 ],
					"to": [ 0.0, -17.6, 0.0 ],
					"shade": false,
					"rotationOrigin": [ 8.0, 18.4, 8.0 ],
					"faces": {
					},
					"children": [
						{
							"name": "Rock3",
							"from": [ 3.2, 2.0, 0.2 ],
							"to": [ 3.2, 2.0, 0.2 ],
							"rotationOrigin": [ 8.0, 16.0, 8.0 ],
							"faces": {
								"south": { "texture": "#null", "uv": [ 0.0, 0.0, 0.5, 0.5 ], "autoUv": false }
							},
							"children": [
								{
									"name": "Cube92",
									"from": [ 5.184, 15.85, 5.184 ],
									"to": [ 10.176, 16.894, 10.176 ],
									"rotationOrigin": [ 7.104, 15.852, 7.104 ],
									"faces": {
										"north": { "texture": "#stone", "uv": [ 0.0, 0.0, 5.0, 1.0 ], "autoUv": false },
										"east": { "texture": "#stone", "uv": [ 8.0, 12.5, 13.0, 13.5 ], "autoUv": false },
										"south": { "texture": "#stone", "uv": [ 1.5, 1.5, 6.5, 2.5 ], "autoUv": false },
										"west": { "texture": "#stone", "uv": [ 9.5, 10.5, 14.5, 11.5 ], "autoUv": false },
										"up": { "texture": "#stone", "uv": [ 8.0, 3.5, 13.0, 8.5 ], "autoUv": false, "windMode": [-1,-1,-1,-1], "windData": [1,1,1,1] },
										"down": { "texture": "#stone", "uv": [ 3.5, 1.0, 8.5, 6.0 ], "autoUv": false, "windMode": [-1,-1,-1,-1] }
									}
								},
								{
									"name": "Cube93",
									"from": [ 5.376, 16.896, 5.376 ],
									"to": [ 9.984, 17.28, 9.984 ],
									"rotationOrigin": [ 7.296, 16.896, 7.296 ],
									"faces": {
										"north": { "texture": "#stone", "uv": [ 0.0, 0.0, 4.5, 0.5 ], "autoUv": false },
										"east": { "texture": "#stone", "uv": [ 0.0, 0.0, 4.5, 0.5 ], "autoUv": false },
										"south": { "texture": "#stone", "uv": [ 0.0, 0.0, 4.5, 0.5 ], "autoUv": false },
										"west": { "texture": "#stone", "uv": [ 0.0, 0.0, 4.5, 0.5 ], "autoUv": false },
										"up": { "texture": "#stone", "uv": [ 0.0, 0.0, 4.5, 4.5 ], "autoUv": false, "windMode": [-1,-1,-1,-1], "windData": [1,1,1,1] }
									}
								},
								{
									"name": "Cube94",
									"from": [ 5.568, 17.28, 5.568 ],
									"to": [ 9.792, 17.472, 9.792 ],
									"rotationOrigin": [ 7.488, 17.28, 7.488 ],
									"faces": {
										"north": { "texture": "#stone", "uv": [ 0.0, 0.0, 4.0, 0.5 ], "autoUv": false },
										"east": { "texture": "#stone", "uv": [ 0.0, 0.0, 4.0, 0.5 ], "autoUv": false },
										"south": { "texture": "#stone", "uv": [ 0.0, 0.0, 4.0, 0.5 ], "autoUv": false },
										"west": { "texture": "#stone", "uv": [ 0.0, 0.0, 4.0, 0.5 ], "autoUv": false },
										"up": { "texture": "#stone", "uv": [ 0.0, 0.0, 4.0, 4.0 ], "autoUv": false, "windMode": [-1,-1,-1,-1], "windData": [1,1,1,1] }
									}
								},
								{
									"name": "Cube95",
									"from": [ 5.76, 17.472, 5.76 ],
									"to": [ 9.6, 17.664, 9.6 ],
									"rotationOrigin": [ 7.68, 17.472, 7.68 ],
									"faces": {
										"north": { "texture": "#stone", "uv": [ 0.0, 0.0, 4.0, 0.5 ], "autoUv": false },
										"east": { "texture": "#stone", "uv": [ 0.0, 0.0, 4.0, 0.5 ], "autoUv": false },
										"south": { "texture": "#stone", "uv": [ 0.0, 0.0, 4.0, 0.5 ], "autoUv": false },
										"west": { "texture": "#stone", "uv": [ 0.0, 0.0, 4.0, 0.5 ], "autoUv": false },
										"up": { "texture": "#stone", "uv": [ 0.0, 0.0, 4.0, 4.0 ], "autoUv": false, "windMode": [-1,-1,-1,-1], "windData": [1,1,1,1] }
									}
								}
							]
						},
						{
							"name": "Rock4",
							"from": [ 3.2, 1.99, 0.2 ],
							"to": [ 3.2, 1.99, 0.2 ],
							"rotationOrigin": [ 8.0, 16.9, 8.0 ],
							"rotationY": 45.0,
							"faces": {
								"south": { "texture": "#null", "uv": [ 0.0, 0.0, 0.5, 0.5 ], "autoUv": false }
							},
							"children": [
								{
									"name": "Cube96",
									"from": [ 5.184, 15.85, 5.184 ],
									"to": [ 10.176, 16.894, 10.176 ],
									"rotationOrigin": [ 7.104, 15.852, 7.104 ],
									"faces": {
										"north": { "texture": "#stone", "uv": [ 0.0, 0.0, 5.0, 1.0 ], "autoUv": false },
										"east": { "texture": "#stone", "uv": [ 8.0, 12.5, 13.0, 13.5 ], "autoUv": false },
										"south": { "texture": "#stone", "uv": [ 1.5, 1.5, 6.5, 2.5 ], "autoUv": false },
										"west": { "texture": "#stone", "uv": [ 9.5, 10.5, 14.5, 11.5 ], "autoUv": false },
										"up": { "texture": "#stone", "uv": [ 8.0, 3.5, 13.0, 8.5 ], "autoUv": false, "windMode": [-1,-1,-1,-1], "windData": [1,1,1,1] },
										"down": { "texture": "#stone", "uv": [ 3.5, 1.0, 8.5, 6.0 ], "autoUv": false, "windMode": [-1,-1,-1,-1] }
									}
								},
								{
									"name": "Cube97",
									"from": [ 5.376, 16.896, 5.376 ],
									"to": [ 9.984, 17.28, 9.984 ],
									"rotationOrigin": [ 7.296, 16.896, 7.296 ],
									"faces": {
										"north": { "texture": "#stone", "uv": [ 0.0, 0.0, 4.5, 0.5 ], "autoUv": false },
										"east": { "texture": "#stone", "uv": [ 0.0, 0.0, 4.5, 0.5 ], "autoUv": false },
										"south": { "texture": "#stone", "uv": [ 0.0, 0.0, 4.5, 0.5 ], "autoUv": false },
										"west": { "texture": "#stone", "uv": [ 0.0, 0.0, 4.5, 0.5 ], "autoUv": false },
										"up": { "texture": "#stone", "uv": [ 0.0, 0.0, 4.5, 4.5 ], "autoUv": false, "windMode": [-1,-1,-1,-1], "windData": [1,1,1,1] }
									}
								},
								{
									"name": "Cube98",
									"from": [ 5.568, 17.28, 5.568 ],
									"to": [ 9.792, 17.472, 9.792 ],
									"rotationOrigin": [ 7.488, 17.28, 7.488 ],
									"faces": {
										"north": { "texture": "#stone", "uv": [ 0.0, 0.0, 4.0, 0.5 ], "autoUv": false },
										"east": { "texture": "#stone", "uv": [ 0.0, 0.0, 4.0, 0.5 ], "autoUv": false },
										"south": { "texture": "#stone", "uv": [ 0.0, 0.0, 4.0, 0.5 ], "autoUv": false },
										"west": { "texture": "#stone", "uv": [ 0.0, 0.0, 4.0, 0.5 ], "autoUv": false },
										"up": { "texture": "#stone", "uv": [ 0.0, 0.0, 4.0, 4.0 ], "autoUv": false, "windMode": [-1,-1,-1,-1], "windData": [1,1,1,1] }
									}
								},
								{
									"name": "Cube99",
									"from": [ 5.76, 17.472, 5.76 ],
									"to": [ 9.6, 17.664, 9.6 ],
									"rotationOrigin": [ 7.68, 17.472, 7.68 ],
									"faces": {
										"north": { "texture": "#stone", "uv": [ 0.0, 0.0, 4.0, 0.5 ], "autoUv": false },
										"east": { "texture": "#stone", "uv": [ 0.0, 0.0, 4.0, 0.5 ], "autoUv": false },
										"south": { "texture": "#stone", "uv": [ 0.0, 0.0, 4.0, 0.5 ], "autoUv": false },
										"west": { "texture": "#stone", "uv": [ 0.0, 0.0, 4.0, 0.5 ], "autoUv": false },
										"up": { "texture": "#stone", "uv": [ 0.0, 0.0, 4.0, 4.0 ], "autoUv": false, "windMode": [-1,-1,-1,-1], "windData": [1,1,1,1] }
									}
								}
							]
						},
						{
							"name": "Rock5",
							"from": [ 3.2, 2.01, 0.2 ],
							"to": [ 3.2, 2.01, 0.2 ],
							"rotationOrigin": [ 8.0, 16.0, 8.0 ],
							"rotationY": 90.0,
							"faces": {
								"south": { "texture": "#null", "uv": [ 0.0, 0.0, 0.5, 0.5 ], "autoUv": false }
							},
							"children": [
								{
									"name": "Cube100",
									"from": [ 5.184, 15.85, 5.184 ],
									"to": [ 10.176, 16.894, 10.176 ],
									"rotationOrigin": [ 7.104, 15.852, 7.104 ],
									"faces": {
										"north": { "texture": "#stone", "uv": [ 0.0, 0.0, 5.0, 1.0 ], "autoUv": false },
										"east": { "texture": "#stone", "uv": [ 8.0, 12.5, 13.0, 13.5 ], "autoUv": false },
										"south": { "texture": "#stone", "uv": [ 1.5, 1.5, 6.5, 2.5 ], "autoUv": false },
										"west": { "texture": "#stone", "uv": [ 9.5, 10.5, 14.5, 11.5 ], "autoUv": false },
										"up": { "texture": "#stone", "uv": [ 8.0, 3.5, 13.0, 8.5 ], "autoUv": false, "windMode": [-1,-1,-1,-1], "windData": [1,1,1,1] },
										"down": { "texture": "#stone", "uv": [ 3.5, 1.0, 8.5, 6.0 ], "autoUv": false, "windMode": [-1,-1,-1,-1] }
									}
								},
								{
									"name": "Cube101",
									"from": [ 5.376, 16.896, 5.376 ],
									"to": [ 9.984, 17.28, 9.984 ],
									"rotationOrigin": [ 7.296, 16.896, 7.296 ],
									"faces": {
										"north": { "texture": "#stone", "uv": [ 0.0, 0.0, 4.5, 0.5 ], "autoUv": false },
										"east": { "texture": "#stone", "uv": [ 0.0, 0.0, 4.5, 0.5 ], "autoUv": false },
										"south": { "texture": "#stone", "uv": [ 0.0, 0.0, 4.5, 0.5 ], "autoUv": false },
										"west": { "texture": "#stone", "uv": [ 0.0, 0.0, 4.5, 0.5 ], "autoUv": false },
										"up": { "texture": "#stone", "uv": [ 0.0, 0.0, 4.5, 4.5 ], "autoUv": false, "windMode": [-1,-1,-1,-1], "windData": [1,1,1,1] }
									}
								},
								{
									"name": "Cube102",
									"from": [ 5.568, 17.28, 5.568 ],
									"to": [ 9.792, 17.472, 9.792 ],
									"rotationOrigin": [ 7.488, 17.28, 7.488 ],
									"faces": {
										"north": { "texture": "#stone", "uv": [ 0.0, 0.0, 4.0, 0.5 ], "autoUv": false },
										"east": { "texture": "#stone", "uv": [ 0.0, 0.0, 4.0, 0.5 ], "autoUv": false },
										"south": { "texture": "#stone", "uv": [ 0.0, 0.0, 4.0, 0.5 ], "autoUv": false },
										"west": { "texture": "#stone", "uv": [ 0.0, 0.0, 4.0, 0.5 ], "autoUv": false },
										"up": { "texture": "#stone", "uv": [ 0.0, 0.0, 4.0, 4.0 ], "autoUv": false, "windMode": [-1,-1,-1,-1], "windData": [1,1,1,1] }
									}
								},
								{
									"name": "Cube103",
									"from": [ 5.76, 17.472, 5.76 ],
									"to": [ 9.6, 17.664, 9.6 ],
									"rotationOrigin": [ 7.68, 17.472, 7.68 ],
									"faces": {
										"north": { "texture": "#stone", "uv": [ 0.0, 0.0, 4.0, 0.5 ], "autoUv": false },
										"east": { "texture": "#stone", "uv": [ 0.0, 0.0, 4.0, 0.5 ], "autoUv": false },
										"south": { "texture": "#stone", "uv": [ 0.0, 0.0, 4.0, 0.5 ], "autoUv": false },
										"west": { "texture": "#stone", "uv": [ 0.0, 0.0, 4.0, 0.5 ], "autoUv": false },
										"up": { "texture": "#stone", "uv": [ 0.0, 0.0, 4.0, 4.0 ], "autoUv": false, "windMode": [-1,-1,-1,-1], "windData": [1,1,1,1] }
									}
								}
							]
						},
						{
							"name": "Rock6",
							"from": [ 3.2, 1.99, 0.2 ],
							"to": [ 3.2, 1.99, 0.2 ],
							"rotationOrigin": [ 8.0, 16.9, 8.0 ],
							"rotationY": 135.0,
							"faces": {
								"south": { "texture": "#null", "uv": [ 0.0, 0.0, 0.5, 0.5 ], "autoUv": false }
							},
							"children": [
								{
									"name": "Cube104",
									"from": [ 5.184, 15.85, 5.184 ],
									"to": [ 10.176, 16.894, 10.176 ],
									"rotationOrigin": [ 7.104, 15.852, 7.104 ],
									"faces": {
										"north": { "texture": "#stone", "uv": [ 0.0, 0.0, 5.0, 1.0 ], "autoUv": false },
										"east": { "texture": "#stone", "uv": [ 8.0, 12.5, 13.0, 13.5 ], "autoUv": false },
										"south": { "texture": "#stone", "uv": [ 1.5, 1.5, 6.5, 2.5 ], "autoUv": false },
										"west": { "texture": "#stone", "uv": [ 9.5, 10.5, 14.5, 11.5 ], "autoUv": false },
										"up": { "texture": "#stone", "uv": [ 8.0, 3.5, 13.0, 8.5 ], "autoUv": false, "windMode": [-1,-1,-1,-1], "windData": [1,1,1,1] },
										"down": { "texture": "#stone", "uv": [ 3.5, 1.0, 8.5, 6.0 ], "autoUv": false, "windMode": [-1,-1,-1,-1] }
									}
								},
								{
									"name": "Cube105",
									"from": [ 5.376, 16.896, 5.376 ],
									"to": [ 9.984, 17.28, 9.984 ],
									"rotationOrigin": [ 7.296, 16.896, 7.296 ],
									"faces": {
										"north": { "texture": "#stone", "uv": [ 0.0, 0.0, 4.5, 0.5 ], "autoUv": false },
										"east": { "texture": "#stone", "uv": [ 0.0, 0.0, 4.5, 0.5 ], "autoUv": false },
										"south": { "texture": "#stone", "uv": [ 0.0, 0.0, 4.5, 0.5 ], "autoUv": false },
										"west": { "texture": "#stone", "uv": [ 0.0, 0.0, 4.5, 0.5 ], "autoUv": false },
										"up": { "texture": "#stone", "uv": [ 0.0, 0.0, 4.5, 4.5 ], "autoUv": false, "windMode": [-1,-1,-1,-1], "windData": [1,1,1,1] }
									}
								},
								{
									"name": "Cube106",
									"from": [ 5.568, 17.28, 5.568 ],
									"to": [ 9.792, 17.472, 9.792 ],
									"rotationOrigin": [ 7.488, 17.28, 7.488 ],
									"faces": {
										"north": { "texture": "#stone", "uv": [ 0.0, 0.0, 4.0, 0.5 ], "autoUv": false },
										"east": { "texture": "#stone", "uv": [ 0.0, 0.0, 4.0, 0.5 ], "autoUv": false },
										"south": { "texture": "#stone", "uv": [ 0.0, 0.0, 4.0, 0.5 ], "autoUv": false },
										"west": { "texture": "#stone", "uv": [ 0.0, 0.0, 4.0, 0.5 ], "autoUv": false },
										"up": { "texture": "#stone", "uv": [ 0.0, 0.0, 4.0, 4.0 ], "autoUv": false, "windMode": [-1,-1,-1,-1], "windData": [1,1,1,1] }
									}
								},
								{
									"name": "Cube107",
									"from": [ 5.76, 17.472, 5.76 ],
									"to": [ 9.6, 17.664, 9.6 ],
									"rotationOrigin": [ 7.68, 17.472, 7.68 ],
									"faces": {
										"north": { "texture": "#stone", "uv": [ 0.0, 0.0, 4.0, 0.5 ], "autoUv": false },
										"east": { "texture": "#stone", "uv": [ 0.0, 0.0, 4.0, 0.5 ], "autoUv": false },
										"south": { "texture": "#stone", "uv": [ 0.0, 0.0, 4.0, 0.5 ], "autoUv": false },
										"west": { "texture": "#stone", "uv": [ 0.0, 0.0, 4.0, 0.5 ], "autoUv": false },
										"up": { "texture": "#stone", "uv": [ 0.0, 0.0, 4.0, 4.0 ], "autoUv": false, "windMode": [-1,-1,-1,-1], "windData": [1,1,1,1] }
									}
								}
							]
						},
						{
							"name": "Rock7",
							"from": [ 3.2, 2.0, 0.2 ],
							"to": [ 3.2, 2.0, 0.2 ],
							"rotationOrigin": [ 8.0, 16.0, 8.0 ],
							"rotationY": 180.0,
							"faces": {
								"south": { "texture": "#null", "uv": [ 0.0, 0.0, 0.5, 0.5 ], "autoUv": false }
							},
							"children": [
								{
									"name": "Cube108",
									"from": [ 5.184, 15.85, 5.184 ],
									"to": [ 10.176, 16.894, 10.176 ],
									"rotationOrigin": [ 7.104, 15.852, 7.104 ],
									"faces": {
										"north": { "texture": "#stone", "uv": [ 0.0, 0.0, 5.0, 1.0 ], "autoUv": false },
										"east": { "texture": "#stone", "uv": [ 8.0, 12.5, 13.0, 13.5 ], "autoUv": false },
										"south": { "texture": "#stone", "uv": [ 1.5, 1.5, 6.5, 2.5 ], "autoUv": false },
										"west": { "texture": "#stone", "uv": [ 9.5, 10.5, 14.5, 11.5 ], "autoUv": false },
										"up": { "texture": "#stone", "uv": [ 8.0, 3.5, 13.0, 8.5 ], "autoUv": false, "windMode": [-1,-1,-1,-1], "windData": [1,1,1,1] },
										"down": { "texture": "#stone", "uv": [ 3.5, 1.0, 8.5, 6.0 ], "autoUv": false, "windMode": [-1,-1,-1,-1] }
									}
								},
								{
									"name": "Cube109",
									"from": [ 5.376, 16.896, 5.376 ],
									"to": [ 9.984, 17.28, 9.984 ],
									"rotationOrigin": [ 7.296, 16.896, 7.296 ],
									"faces": {
										"north": { "texture": "#stone", "uv": [ 0.0, 0.0, 4.5, 0.5 ], "autoUv": false },
										"east": { "texture": "#stone", "uv": [ 0.0, 0.0, 4.5, 0.5 ], "autoUv": false },
										"south": { "texture": "#stone", "uv": [ 0.0, 0.0, 4.5, 0.5 ], "autoUv": false },
										"west": { "texture": "#stone", "uv": [ 0.0, 0.0, 4.5, 0.5 ], "autoUv": false },
										"up": { "texture": "#stone", "uv": [ 0.0, 0.0, 4.5, 4.5 ], "autoUv": false, "windMode": [-1,-1,-1,-1], "windData": [1,1,1,1] }
									}
								},
								{
									"name": "Cube110",
									"from": [ 5.568, 17.28, 5.568 ],
									"to": [ 9.792, 17.472, 9.792 ],
									"rotationOrigin": [ 7.488, 17.28, 7.488 ],
									"faces": {
										"north": { "texture": "#stone", "uv": [ 0.0, 0.0, 4.0, 0.5 ], "autoUv": false },
										"east": { "texture": "#stone", "uv": [ 0.0, 0.0, 4.0, 0.5 ], "autoUv": false },
										"south": { "texture": "#stone", "uv": [ 0.0, 0.0, 4.0, 0.5 ], "autoUv": false },
										"west": { "texture": "#stone", "uv": [ 0.0, 0.0, 4.0, 0.5 ], "autoUv": false },
										"up": { "texture": "#stone", "uv": [ 0.0, 0.0, 4.0, 4.0 ], "autoUv": false, "windMode": [-1,-1,-1,-1], "windData": [1,1,1,1] }
									}
								},
								{
									"name": "Cube111",
									"from": [ 5.76, 17.472, 5.76 ],
									"to": [ 9.6, 17.664, 9.6 ],
									"rotationOrigin": [ 7.68, 17.472, 7.68 ],
									"faces": {
										"north": { "texture": "#stone", "uv": [ 0.0, 0.0, 4.0, 0.5 ], "autoUv": false },
										"east": { "texture": "#stone", "uv": [ 0.0, 0.0, 4.0, 0.5 ], "autoUv": false },
										"south": { "texture": "#stone", "uv": [ 0.0, 0.0, 4.0, 0.5 ], "autoUv": false },
										"west": { "texture": "#stone", "uv": [ 0.0, 0.0, 4.0, 0.5 ], "autoUv": false },
										"up": { "texture": "#stone", "uv": [ 0.0, 0.0, 4.0, 4.0 ], "autoUv": false, "windMode": [-1,-1,-1,-1], "windData": [1,1,1,1] }
									}
								}
							]
						},
						{
							"name": "Rock8",
							"from": [ 3.2, 1.99, 0.2 ],
							"to": [ 3.2, 1.99, 0.2 ],
							"rotationOrigin": [ 8.0, 16.9, 8.0 ],
							"rotationY": -135.0,
							"faces": {
								"south": { "texture": "#null", "uv": [ 0.0, 0.0, 0.5, 0.5 ], "autoUv": false }
							},
							"children": [
								{
									"name": "Cube112",
									"from": [ 5.184, 15.85, 5.184 ],
									"to": [ 10.176, 16.894, 10.176 ],
									"rotationOrigin": [ 7.104, 15.852, 7.104 ],
									"faces": {
										"north": { "texture": "#stone", "uv": [ 0.0, 0.0, 5.0, 1.0 ], "autoUv": false },
										"east": { "texture": "#stone", "uv": [ 8.0, 12.5, 13.0, 13.5 ], "autoUv": false },
										"south": { "texture": "#stone", "uv": [ 1.5, 1.5, 6.5, 2.5 ], "autoUv": false },
										"west": { "texture": "#stone", "uv": [ 9.5, 10.5, 14.5, 11.5 ], "autoUv": false },
										"up": { "texture": "#stone", "uv": [ 8.0, 3.5, 13.0, 8.5 ], "autoUv": false, "windMode": [-1,-1,-1,-1], "windData": [1,1,1,1] },
										"down": { "texture": "#stone", "uv": [ 3.5, 1.0, 8.5, 6.0 ], "autoUv": false, "windMode": [-1,-1,-1,-1] }
									}
								},
								{
									"name": "Cube113",
									"from": [ 5.376, 16.896, 5.376 ],
									"to": [ 9.984, 17.28, 9.984 ],
									"rotationOrigin": [ 7.296, 16.896, 7.296 ],
									"faces": {
										"north": { "texture": "#stone", "uv": [ 0.0, 0.0, 4.5, 0.5 ], "autoUv": false },
										"east": { "texture": "#stone", "uv": [ 0.0, 0.0, 4.5, 0.5 ], "autoUv": false },
										"south": { "texture": "#stone", "uv": [ 0.0, 0.0, 4.5, 0.5 ], "autoUv": false },
										"west": { "texture": "#stone", "uv": [ 0.0, 0.0, 4.5, 0.5 ], "autoUv": false },
										"up": { "texture": "#stone", "uv": [ 0.0, 0.0, 4.5, 4.5 ], "autoUv": false, "windMode": [-1,-1,-1,-1], "windData": [1,1,1,1] }
									}
								},
								{
									"name": "Cube114",
									"from": [ 5.568, 17.28, 5.568 ],
									"to": [ 9.792, 17.472, 9.792 ],
									"rotationOrigin": [ 7.488, 17.28, 7.488 ],
									"faces": {
										"north": { "texture": "#stone", "uv": [ 0.0, 0.0, 4.0, 0.5 ], "autoUv": false },
										"east": { "texture": "#stone", "uv": [ 0.0, 0.0, 4.0, 0.5 ], "autoUv": false },
										"south": { "texture": "#stone", "uv": [ 0.0, 0.0, 4.0, 0.5 ], "autoUv": false },
										"west": { "texture": "#stone", "uv": [ 0.0, 0.0, 4.0, 0.5 ], "autoUv": false },
										"up": { "texture": "#stone", "uv": [ 0.0, 0.0, 4.0, 4.0 ], "autoUv": false, "windMode": [-1,-1,-1,-1], "windData": [1,1,1,1] }
									}
								},
								{
									"name": "Cube115",
									"from": [ 5.76, 17.472, 5.76 ],
									"to": [ 9.6, 17.664, 9.6 ],
									"rotationOrigin": [ 7.68, 17.472, 7.68 ],
									"faces": {
										"north": { "texture": "#stone", "uv": [ 0.0, 0.0, 4.0, 0.5 ], "autoUv": false },
										"east": { "texture": "#stone", "uv": [ 0.0, 0.0, 4.0, 0.5 ], "autoUv": false },
										"south": { "texture": "#stone", "uv": [ 0.0, 0.0, 4.0, 0.5 ], "autoUv": false },
										"west": { "texture": "#stone", "uv": [ 0.0, 0.0, 4.0, 0.5 ], "autoUv": false },
										"up": { "texture": "#stone", "uv": [ 0.0, 0.0, 4.0, 4.0 ], "autoUv": false, "windMode": [-1,-1,-1,-1], "windData": [1,1,1,1] }
									}
								}
							]
						},
						{
							"name": "Rock9",
							"from": [ 3.2, 2.01, 0.2 ],
							"to": [ 3.2, 2.01, 0.2 ],
							"rotationOrigin": [ 8.0, 16.0, 8.0 ],
							"rotationY": -90.0,
							"faces": {
								"south": { "texture": "#null", "uv": [ 0.0, 0.0, 0.5, 0.5 ], "autoUv": false }
							},
							"children": [
								{
									"name": "Cube116",
									"from": [ 5.184, 15.85, 5.184 ],
									"to": [ 10.176, 16.894, 10.176 ],
									"rotationOrigin": [ 7.104, 15.852, 7.104 ],
									"faces": {
										"north": { "texture": "#stone", "uv": [ 0.0, 0.0, 5.0, 1.0 ], "autoUv": false },
										"east": { "texture": "#stone", "uv": [ 8.0, 12.5, 13.0, 13.5 ], "autoUv": false },
										"south": { "texture": "#stone", "uv": [ 1.5, 1.5, 6.5, 2.5 ], "autoUv": false },
										"west": { "texture": "#stone", "uv": [ 9.5, 10.5, 14.5, 11.5 ], "autoUv": false },
										"up": { "texture": "#stone", "uv": [ 8.0, 3.5, 13.0, 8.5 ], "autoUv": false, "windMode": [-1,-1,-1,-1], "windData": [1,1,1,1] },
										"down": { "texture": "#stone", "uv": [ 3.5, 1.0, 8.5, 6.0 ], "autoUv": false, "windMode": [-1,-1,-1,-1] }
									}
								},
								{
									"name": "Cube117",
									"from": [ 5.376, 16.896, 5.376 ],
									"to": [ 9.984, 17.28, 9.984 ],
									"rotationOrigin": [ 7.296, 16.896, 7.296 ],
									"faces": {
										"north": { "texture": "#stone", "uv": [ 0.0, 0.0, 4.5, 0.5 ], "autoUv": false },
										"east": { "texture": "#stone", "uv": [ 0.0, 0.0, 4.5, 0.5 ], "autoUv": false },
										"south": { "texture": "#stone", "uv": [ 0.0, 0.0, 4.5, 0.5 ], "autoUv": false },
										"west": { "texture": "#stone", "uv": [ 0.0, 0.0, 4.5, 0.5 ], "autoUv": false },
										"up": { "texture": "#stone", "uv": [ 0.0, 0.0, 4.5, 4.5 ], "autoUv": false, "windMode": [-1,-1,-1,-1], "windData": [1,1,1,1] }
									}
								},
								{
									"name": "Cube118",
									"from": [ 5.568, 17.28, 5.568 ],
									"to": [ 9.792, 17.472, 9.792 ],
									"rotationOrigin": [ 7.488, 17.28, 7.488 ],
									"faces": {
										"north": { "texture": "#stone", "uv": [ 0.0, 0.0, 4.0, 0.5 ], "autoUv": false },
										"east": { "texture": "#stone", "uv": [ 0.0, 0.0, 4.0, 0.5 ], "autoUv": false },
										"south": { "texture": "#stone", "uv": [ 0.0, 0.0, 4.0, 0.5 ], "autoUv": false },
										"west": { "texture": "#stone", "uv": [ 0.0, 0.0, 4.0, 0.5 ], "autoUv": false },
										"up": { "texture": "#stone", "uv": [ 0.0, 0.0, 4.0, 4.0 ], "autoUv": false, "windMode": [-1,-1,-1,-1], "windData": [1,1,1,1] }
									}
								},
								{
									"name": "Cube119",
									"from": [ 5.76, 17.472, 5.76 ],
									"to": [ 9.6, 17.664, 9.6 ],
									"rotationOrigin": [ 7.68, 17.472, 7.68 ],
									"faces": {
										"north": { "texture": "#stone", "uv": [ 0.0, 0.0, 4.0, 0.5 ], "autoUv": false },
										"east": { "texture": "#stone", "uv": [ 0.0, 0.0, 4.0, 0.5 ], "autoUv": false },
										"south": { "texture": "#stone", "uv": [ 0.0, 0.0, 4.0, 0.5 ], "autoUv": false },
										"west": { "texture": "#stone", "uv": [ 0.0, 0.0, 4.0, 0.5 ], "autoUv": false },
										"up": { "texture": "#stone", "uv": [ 0.0, 0.0, 4.0, 4.0 ], "autoUv": false, "windMode": [-1,-1,-1,-1], "windData": [1,1,1,1] }
									}
								}
							]
						},
						{
							"name": "Rock10",
							"from": [ 3.2, 1.99, 0.2 ],
							"to": [ 3.2, 1.99, 0.2 ],
							"rotationOrigin": [ 8.0, 16.9, 8.0 ],
							"rotationY": -45.0,
							"faces": {
								"south": { "texture": "#null", "uv": [ 0.0, 0.0, 0.5, 0.5 ], "autoUv": false }
							},
							"children": [
								{
									"name": "Cube120",
									"from": [ 5.184, 15.85, 5.184 ],
									"to": [ 10.176, 16.894, 10.176 ],
									"rotationOrigin": [ 7.104, 15.852, 7.104 ],
									"faces": {
										"north": { "texture": "#stone", "uv": [ 0.0, 0.0, 5.0, 1.0 ], "autoUv": false },
										"east": { "texture": "#stone", "uv": [ 8.0, 12.5, 13.0, 13.5 ], "autoUv": false },
										"south": { "texture": "#stone", "uv": [ 1.5, 1.5, 6.5, 2.5 ], "autoUv": false },
										"west": { "texture": "#stone", "uv": [ 9.5, 10.5, 14.5, 11.5 ], "autoUv": false },
										"up": { "texture": "#stone", "uv": [ 8.0, 3.5, 13.0, 8.5 ], "autoUv": false, "windMode": [-1,-1,-1,-1], "windData": [1,1,1,1] },
										"down": { "texture": "#stone", "uv": [ 3.5, 1.0, 8.5, 6.0 ], "autoUv": false, "windMode": [-1,-1,-1,-1] }
									}
								},
								{
									"name": "Cube121",
									"from": [ 5.376, 16.896, 5.376 ],
									"to": [ 9.984, 17.28, 9.984 ],
									"rotationOrigin": [ 7.296, 16.896, 7.296 ],
									"faces": {
										"north": { "texture": "#stone", "uv": [ 0.0, 0.0, 4.5, 0.5 ], "autoUv": false },
										"east": { "texture": "#stone", "uv": [ 0.0, 0.0, 4.5, 0.5 ], "autoUv": false },
										"south": { "texture": "#stone", "uv": [ 0.0, 0.0, 4.5, 0.5 ], "autoUv": false },
										"west": { "texture": "#stone", "uv": [ 0.0, 0.0, 4.5, 0.5 ], "autoUv": false },
										"up": { "texture": "#stone", "uv": [ 0.0, 0.0, 4.5, 4.5 ], "autoUv": false, "windMode": [-1,-1,-1,-1], "windData": [1,1,1,1] }
									}
								},
								{
									"name": "Cube122",
									"from": [ 5.568, 17.28, 5.568 ],
									"to": [ 9.792, 17.472, 9.792 ],
									"rotationOrigin": [ 7.488, 17.28, 7.488 ],
									"faces": {
										"north": { "texture": "#stone", "uv": [ 0.0, 0.0, 4.0, 0.5 ], "autoUv": false },
										"east": { "texture": "#stone", "uv": [ 0.0, 0.0, 4.0, 0.5 ], "autoUv": false },
										"south": { "texture": "#stone", "uv": [ 0.0, 0.0, 4.0, 0.5 ], "autoUv": false },
										"west": { "texture": "#stone", "uv": [ 0.0, 0.0, 4.0, 0.5 ], "autoUv": false },
										"up": { "texture": "#stone", "uv": [ 0.0, 0.0, 4.0, 4.0 ], "autoUv": false, "windMode": [-1,-1,-1,-1], "windData": [1,1,1,1] }
									}
								},
								{
									"name": "Cube123",
									"from": [ 5.76, 17.472, 5.76 ],
									"to": [ 9.6, 17.664, 9.6 ],
									"rotationOrigin": [ 7.68, 17.472, 7.68 ],
									"faces": {
										"north": { "texture": "#stone", "uv": [ 0.0, 0.0, 4.0, 0.5 ], "autoUv": false },
										"east": { "texture": "#stone", "uv": [ 0.0, 0.0, 4.0, 0.5 ], "autoUv": false },
										"south": { "texture": "#stone", "uv": [ 0.0, 0.0, 4.0, 0.5 ], "autoUv": false },
										"west": { "texture": "#stone", "uv": [ 0.0, 0.0, 4.0, 0.5 ], "autoUv": false },
										"up": { "texture": "#stone", "uv": [ 0.0, 0.0, 4.0, 4.0 ], "autoUv": false, "windMode": [-1,-1,-1,-1], "windData": [1,1,1,1] }
									}
								}
							]
						},
						{
							"name": "TopRing",
							"from": [ -0.4, 17.6, -0.4 ],
							"to": [ -0.4, 17.6, -0.4 ],
							"rotationOrigin": [ 8.0, 8.0, 8.0 ],
							"faces": {
							},
							"children": [
								{
									"name": "Face121",
									"from": [ 7.371, 0.013, 0.0 ],
									"to": [ 9.62, 1.313, 3.9 ],
									"renderPass": 0,
									"rotationOrigin": [ 8.424, 0.0, 8.424 ],
									"faces": {
										"north": { "texture": "#stone", "uv": [ 7.5, 1.5, 9.0, 2.5 ], "autoUv": false },
										"up": { "texture": "#stone", "uv": [ 9.0, 8.0, 10.5, 11.0 ], "rotation": 180, "autoUv": false },
										"down": { "texture": "#stone", "uv": [ 10.0, 11.0, 11.5, 14.0 ], "autoUv": false }
									}
								},
								{
									"name": "Face122",
									"from": [ 7.371, 0.0, 0.0 ],
									"to": [ 9.62, 1.326, 3.9 ],
									"renderPass": 0,
									"rotationOrigin": [ 8.424, 0.0, 8.424 ],
									"rotationY": 15.0,
									"faces": {
										"north": { "texture": "#stone", "uv": [ 6.5, 0.0, 8.0, 1.0 ], "autoUv": false },
										"up": { "texture": "#stone", "uv": [ 4.5, 7.0, 6.0, 10.0 ], "rotation": 180, "autoUv": false },
										"down": { "texture": "#stone", "uv": [ 12.0, 0.0, 13.5, 3.0 ], "autoUv": false }
									}
								},
								{
									"name": "Face123",
									"from": [ 7.371, 0.013, 0.0 ],
									"to": [ 9.62, 1.313, 3.9 ],
									"renderPass": 0,
									"rotationOrigin": [ 8.424, 0.0, 8.424 ],
									"rotationY": 30.0,
									"faces": {
										"north": { "texture": "#stone", "uv": [ 1.5, 11.0, 3.0, 12.0 ], "autoUv": false },
										"up": { "texture": "#stone", "uv": [ 0.5, 10.5, 2.0, 13.5 ], "rotation": 180, "autoUv": false },
										"down": { "texture": "#stone", "uv": [ 13.0, 12.5, 14.5, 15.5 ], "autoUv": false }
									}
								},
								{
									"name": "Face124",
									"from": [ 7.371, 0.0, 0.0 ],
									"to": [ 9.62, 1.326, 3.9 ],
									"renderPass": 0,
									"rotationOrigin": [ 8.424, 0.0, 8.424 ],
									"rotationY": 45.0,
									"faces": {
										"north": { "texture": "#stone", "uv": [ 13.5, 11.0, 15.0, 12.0 ], "autoUv": false },
										"up": { "texture": "#stone", "uv": [ 4.5, 10.0, 6.0, 13.0 ], "rotation": 180, "autoUv": false },
										"down": { "texture": "#stone", "uv": [ 11.0, 3.5, 12.5, 6.5 ], "autoUv": false }
									}
								},
								{
									"name": "Face125",
									"from": [ 7.371, 0.013, 0.0 ],
									"to": [ 9.62, 1.313, 3.9 ],
									"renderPass": 0,
									"rotationOrigin": [ 8.424, 0.0, 8.424 ],
									"rotationY": 60.0,
									"faces": {
										"north": { "texture": "#stone", "uv": [ 12.0, 7.0, 13.5, 8.0 ], "autoUv": false },
										"up": { "texture": "#stone", "uv": [ 10.5, 12.0, 12.0, 15.0 ], "rotation": 180, "autoUv": false },
										"down": { "texture": "#stone", "uv": [ 4.5, 0.0, 6.0, 3.0 ], "autoUv": false }
									}
								},
								{
									"name": "Face126",
									"from": [ 7.371, 0.0, 0.0 ],
									"to": [ 9.62, 1.326, 3.9 ],
									"renderPass": 0,
									"rotationOrigin": [ 8.424, 0.0, 8.424 ],
									"rotationY": 75.0,
									"faces": {
										"north": { "texture": "#stone", "uv": [ 4.0, 10.5, 5.5, 11.5 ], "autoUv": false },
										"up": { "texture": "#stone", "uv": [ 11.5, 6.5, 13.0, 9.5 ], "rotation": 180, "autoUv": false },
										"down": { "texture": "#stone", "uv": [ 5.0, 5.0, 6.5, 8.0 ], "autoUv": false }
									}
								},
								{
									"name": "Face127",
									"from": [ 7.371, 0.013, 0.0 ],
									"to": [ 9.62, 1.313, 3.9 ],
									"renderPass": 0,
									"rotationOrigin": [ 8.424, 0.0, 8.424 ],
									"rotationY": 90.0,
									"faces": {
										"north": { "texture": "#stone", "uv": [ 0.0, 3.5, 1.5, 4.5 ], "autoUv": false },
										"up": { "texture": "#stone", "uv": [ 6.5, 6.0, 8.0, 9.0 ], "rotation": 180, "autoUv": false },
										"down": { "texture": "#stone", "uv": [ 7.5, 7.0, 9.0, 10.0 ], "autoUv": false }
									}
								},
								{
									"name": "Face128",
									"from": [ 7.371, 0.0, 0.0 ],
									"to": [ 9.62, 1.326, 3.9 ],
									"renderPass": 0,
									"rotationOrigin": [ 8.424, 0.0, 8.424 ],
									"rotationY": 105.0,
									"faces": {
										"north": { "texture": "#stone", "uv": [ 9.5, 3.5, 11.0, 4.5 ], "autoUv": false },
										"up": { "texture": "#stone", "uv": [ 4.0, 12.0, 5.5, 15.0 ], "rotation": 180, "autoUv": false },
										"down": { "texture": "#stone", "uv": [ 13.5, 5.0, 15.0, 8.0 ], "autoUv": false }
									}
								},
								{
									"name": "Face129",
									"from": [ 7.371, 0.013, 0.0 ],
									"to": [ 9.62, 1.313, 3.9 ],
									"renderPass": 0,
									"rotationOrigin": [ 8.424, 0.0, 8.424 ],
									"rotationY": 120.0,
									"faces": {
										"north": { "texture": "#stone", "uv": [ 3.0, 10.0, 4.5, 11.0 ], "autoUv": false },
										"up": { "texture": "#stone", "uv": [ 8.0, 9.0, 9.5, 12.0 ], "rotation": 180, "autoUv": false },
										"down": { "texture": "#stone", "uv": [ 1.5, 12.5, 3.0, 15.5 ], "autoUv": false }
									}
								},
								{
									"name": "Face130",
									"from": [ 7.371, 0.0, 0.0 ],
									"to": [ 9.62, 1.326, 3.9 ],
									"renderPass": 0,
									"rotationOrigin": [ 8.424, 0.0, 8.424 ],
									"rotationY": 135.0,
									"faces": {
										"north": { "texture": "#stone", "uv": [ 13.0, 11.0, 14.5, 12.0 ], "autoUv": false },
										"up": { "texture": "#stone", "uv": [ 11.5, 4.0, 13.0, 7.0 ], "rotation": 180, "autoUv": false },
										"down": { "texture": "#stone", "uv": [ 11.5, 4.5, 13.0, 7.5 ], "autoUv": false }
									}
								},
								{
									"name": "Face131",
									"from": [ 7.371, 0.013, 0.0 ],
									"to": [ 9.62, 1.313, 3.9 ],
									"renderPass": 0,
									"rotationOrigin": [ 8.424, 0.0, 8.424 ],
									"rotationY": 150.0,
									"faces": {
										"north": { "texture": "#stone", "uv": [ 4.5, 10.0, 6.0, 11.0 ], "autoUv": false },
										"up": { "texture": "#stone", "uv": [ 0.0, 2.0, 1.5, 5.0 ], "rotation": 180, "autoUv": false },
										"down": { "texture": "#stone", "uv": [ 12.5, 5.0, 14.0, 8.0 ], "autoUv": false }
									}
								},
								{
									"name": "Face132",
									"from": [ 7.371, 0.0, 0.0 ],
									"to": [ 9.62, 1.326, 3.9 ],
									"renderPass": 0,
									"rotationOrigin": [ 8.424, 0.0, 8.424 ],
									"rotationY": 165.0,
									"faces": {
										"north": { "texture": "#stone", "uv": [ 2.0, 6.5, 3.5, 7.5 ], "autoUv": false },
										"up": { "texture": "#stone", "uv": [ 10.5, 3.5, 12.0, 6.5 ], "rotation": 180, "autoUv": false },
										"down": { "texture": "#stone", "uv": [ 0.5, 2.0, 2.0, 5.0 ], "autoUv": false }
									}
								},
								{
									"name": "Face133",
									"from": [ 7.371, 0.013, 0.0 ],
									"to": [ 9.62, 1.313, 3.9 ],
									"renderPass": 0,
									"rotationOrigin": [ 8.424, 0.0, 8.424 ],
									"rotationY": 180.0,
									"faces": {
										"north": { "texture": "#stone", "uv": [ 6.0, 11.5, 7.5, 12.5 ], "autoUv": false },
										"up": { "texture": "#stone", "uv": [ 0.5, 12.0, 2.0, 15.0 ], "rotation": 180, "autoUv": false },
										"down": { "texture": "#stone", "uv": [ 9.0, 11.5, 10.5, 14.5 ], "autoUv": false }
									}
								},
								{
									"name": "Face134",
									"from": [ 7.371, 0.0, 0.0 ],
									"to": [ 9.62, 1.326, 3.9 ],
									"renderPass": 0,
									"rotationOrigin": [ 8.424, 0.0, 8.424 ],
									"rotationY": 195.0,
									"faces": {
										"north": { "texture": "#stone", "uv": [ 8.0, 5.0, 9.5, 6.0 ], "autoUv": false },
										"up": { "texture": "#stone", "uv": [ 6.5, 11.0, 8.0, 14.0 ], "rotation": 180, "autoUv": false },
										"down": { "texture": "#stone", "uv": [ 13.0, 12.0, 14.5, 15.0 ], "autoUv": false }
									}
								},
								{
									"name": "Face135",
									"from": [ 7.371, 0.013, 0.0 ],
									"to": [ 9.62, 1.313, 3.9 ],
									"renderPass": 0,
									"rotationOrigin": [ 8.424, 0.0, 8.424 ],
									"rotationY": 210.0,
									"faces": {
										"north": { "texture": "#stone", "uv": [ 4.0, 2.0, 5.5, 3.0 ], "autoUv": false },
										"up": { "texture": "#stone", "uv": [ 10.0, 1.0, 11.5, 4.0 ], "rotation": 180, "autoUv": false },
										"down": { "texture": "#stone", "uv": [ 2.0, 3.0, 3.5, 6.0 ], "autoUv": false }
									}
								},
								{
									"name": "Face136",
									"from": [ 7.371, 0.0, 0.0 ],
									"to": [ 9.62, 1.326, 3.9 ],
									"renderPass": 0,
									"rotationOrigin": [ 8.424, 0.0, 8.424 ],
									"rotationY": 225.0,
									"faces": {
										"north": { "texture": "#stone", "uv": [ 6.0, 11.0, 7.5, 12.0 ], "autoUv": false },
										"up": { "texture": "#stone", "uv": [ 11.5, 0.5, 13.0, 3.5 ], "rotation": 180, "autoUv": false },
										"down": { "texture": "#stone", "uv": [ 4.0, 0.5, 5.5, 3.5 ], "autoUv": false }
									}
								},
								{
									"name": "Face137",
									"from": [ 7.371, 0.013, 0.0 ],
									"to": [ 9.62, 1.313, 3.9 ],
									"renderPass": 0,
									"rotationOrigin": [ 8.424, 0.0, 8.424 ],
									"rotationY": 240.0,
									"faces": {
										"north": { "texture": "#stone", "uv": [ 0.0, 11.5, 1.5, 12.5 ], "autoUv": false },
										"up": { "texture": "#stone", "uv": [ 13.0, 10.5, 14.5, 13.5 ], "rotation": 180, "autoUv": false },
										"down": { "texture": "#stone", "uv": [ 10.0, 0.0, 11.5, 3.0 ], "autoUv": false }
									}
								},
								{
									"name": "Face138",
									"from": [ 7.371, 0.0, 0.0 ],
									"to": [ 9.62, 1.326, 3.9 ],
									"renderPass": 0,
									"rotationOrigin": [ 8.424, 0.0, 8.424 ],
									"rotationY": 255.0,
									"faces": {
										"north": { "texture": "#stone", "uv": [ 14.0, 2.0, 15.5, 3.0 ], "autoUv": false },
										"up": { "texture": "#stone", "uv": [ 8.0, 0.5, 9.5, 3.5 ], "rotation": 180, "autoUv": false },
										"down": { "texture": "#stone", "uv": [ 13.5, 2.0, 15.0, 5.0 ], "autoUv": false }
									}
								},
								{
									"name": "Face139",
									"from": [ 7.371, 0.013, 0.0 ],
									"to": [ 9.62, 1.313, 3.9 ],
									"renderPass": 0,
									"rotationOrigin": [ 8.424, 0.0, 8.424 ],
									"rotationY": 270.0,
									"faces": {
										"north": { "texture": "#stone", "uv": [ 1.5, 5.5, 3.0, 6.5 ], "autoUv": false },
										"up": { "texture": "#stone", "uv": [ 2.5, 12.5, 4.0, 15.5 ], "rotation": 180, "autoUv": false },
										"down": { "texture": "#stone", "uv": [ 7.5, 12.5, 9.0, 15.5 ], "autoUv": false }
									}
								},
								{
									"name": "Face140",
									"from": [ 7.371, 0.0, 0.0 ],
									"to": [ 9.62, 1.326, 3.9 ],
									"renderPass": 0,
									"rotationOrigin": [ 8.424, 0.0, 8.424 ],
									"rotationY": 285.0,
									"faces": {
										"north": { "texture": "#stone", "uv": [ 5.5, 13.5, 7.0, 14.5 ], "autoUv": false },
										"east": { "texture": "#stone", "uv": [ 11.0, 5.0, 14.0, 6.0 ], "autoUv": false },
										"up": { "texture": "#stone", "uv": [ 13.0, 10.5, 14.5, 13.5 ], "rotation": 180, "autoUv": false },
										"down": { "texture": "#stone", "uv": [ 5.5, 11.0, 7.0, 14.0 ], "autoUv": false }
									}
								},
								{
									"name": "Face141",
									"from": [ 7.371, 0.013, 0.0 ],
									"to": [ 9.62, 1.313, 3.9 ],
									"renderPass": 0,
									"rotationOrigin": [ 8.424, 0.0, 8.424 ],
									"rotationY": 300.0,
									"faces": {
										"north": { "texture": "#stone", "uv": [ 4.0, 4.0, 5.63, 5.5 ], "autoUv": false },
										"up": { "texture": "#stone", "uv": [ 8.5, 1.0, 10.0, 4.0 ], "rotation": 180, "autoUv": false },
										"down": { "texture": "#stone", "uv": [ 9.5, 2.5, 11.0, 5.5 ], "autoUv": false }
									}
								},
								{
									"name": "Face142",
									"from": [ 7.371, 0.0, 0.0 ],
									"to": [ 9.62, 1.326, 3.9 ],
									"renderPass": 0,
									"rotationOrigin": [ 8.424, 0.0, 8.424 ],
									"rotationY": 315.0,
									"faces": {
										"north": { "texture": "#stone", "uv": [ 6.0, 9.0, 7.5, 10.0 ], "autoUv": false },
										"up": { "texture": "#stone", "uv": [ 8.0, 12.5, 9.5, 15.5 ], "rotation": 180, "autoUv": false },
										"down": { "texture": "#stone", "uv": [ 8.5, 6.0, 10.0, 9.0 ], "autoUv": false }
									}
								},
								{
									"name": "Face143",
									"from": [ 7.371, 0.013, 0.0 ],
									"to": [ 9.62, 1.313, 3.9 ],
									"renderPass": 0,
									"rotationOrigin": [ 8.424, 0.0, 8.424 ],
									"rotationY": 330.0,
									"faces": {
										"north": { "texture": "#stone", "uv": [ 2.5, 11.5, 4.0, 12.5 ], "autoUv": false },
										"up": { "texture": "#stone", "uv": [ 3.5, 5.0, 5.0, 8.0 ], "rotation": 180, "autoUv": false },
										"down": { "texture": "#stone", "uv": [ 0.5, 2.0, 2.0, 5.0 ], "autoUv": false }
									}
								},
								{
									"name": "Face144",
									"from": [ 7.371, 0.0, 0.0 ],
									"to": [ 9.62, 1.326, 3.9 ],
									"renderPass": 0,
									"rotationOrigin": [ 8.424, 0.0, 8.424 ],
									"rotationY": 345.0,
									"faces": {
										"north": { "texture": "#stone", "uv": [ 10.0, 1.0, 11.5, 2.0 ], "autoUv": false },
										"up": { "texture": "#stone", "uv": [ 14.0, 0.5, 15.5, 3.5 ], "rotation": 180, "autoUv": false },
										"down": { "texture": "#stone", "uv": [ 11.5, 10.5, 13.0, 13.5 ], "autoUv": false }
									}
								},
								{
									"name": "MidPlate1",
									"from": [ 2.6, 0.026, 2.6 ],
									"to": [ 14.3, 0.026, 14.3 ],
									"rotationOrigin": [ 2.6, 0.0, 2.6 ],
									"faces": {
										"down": { "texture": "#stone", "uv": [ 5.0, 4.0, 14.0, 13.0 ], "autoUv": false }
									}
								},
								{
									"name": "MidPlate2",
									"from": [ 2.6, 1.3, 2.6 ],
									"to": [ 14.3, 1.3, 14.3 ],
									"rotationOrigin": [ 2.6, 1.3, 2.6 ],
									"faces": {
										"up": { "texture": "#stone", "uv": [ 3.5, 0.5, 12.5, 9.5 ], "autoUv": false }
									}
								}
							]
						}
					]
				}
			]
		}
	]}