[
  {
    "ingredientPattern": "PNP,GSG,PCP",
    "ingredients": {
      "P": { "type": "item", "code": "game:plank-*", "quantity": 4, "name": "wood" },
      "N": { "type": "item", "code": "game:metalnailsandstrips-*", "quantity": 2, "allowedVariants": [ "copper", "tinbronze", "bismuthbronze", "blackbronze", "iron" ] },
      "G": { "type": "block", "code": "game:glass-*", "name": "glass", "allowedVariants": [ "plain", "quartz" ] },
      "S": { "type": "block", "code": "game:shelf-*", "quantity": 3 },
      "C": { "type": "block", "code": "game:rockpolished-*", "quantity": 2, "name": "rock" }
    },
    "width": 3, "height": 3, "recipeGroup": 1,
    "output": {
      "type": "block",
      "code": "coolingcabinet-normal-east",
      "attributes": {
        "FSAttributes": {
          "wood": "{wood}",
          "glass": "{glass}",
          "rock": "{rock}"
        }
      }
    }
  },
  {
    "ingredientPattern": "PNP,GSG,PCP",
    "ingredients": {
      "P": { "type": "item", "code": "game:plank-*", "quantity": 4, "name": "wood" },
      "N": { "type": "item", "code": "game:metalnailsandstrips-*", "quantity": 2, "allowedVariants": [ "copper", "tinbronze", "bismuthbronze", "blackbronze", "iron" ] },
      "G": { "type": "block", "code": "*:glass-*" },
      "S": { "type": "block", "code": "game:shelf-*", "quantity": 3 },
      "C": { "type": "block", "code": "game:rockpolished-*", "quantity": 2, "name": "rock" }
    },
    "width": 3, "height": 3, "recipeGroup": 1,
    "output": {
      "type": "block",
      "code": "coolingcabinet-normal-east",
      "attributes": {
        "FSAttributes": {
          "wood": "{wood}",
          "rock": "{rock}"
        }
      }
    }
  },
  {
    "ingredientPattern": "PNP,GSG,PCP",
    "ingredients": {
      "P": { "type": "item", "code": "*:plank-*", "quantity": 4 },
      "N": { "type": "item", "code": "game:metalnailsandstrips-*", "quantity": 2, "allowedVariants": [ "copper", "tinbronze", "bismuthbronze", "blackbronze", "iron" ] },
      "G": { "type": "block", "code": "game:glass-*", "name": "glass", "allowedVariants": [ "plain", "quartz" ] },
      "S": { "type": "block", "code": "game:shelf-*", "quantity": 3 },
      "C": { "type": "block", "code": "game:rockpolished-*", "quantity": 2, "name": "rock" }
    },
    "width": 3, "height": 3, "recipeGroup": 1,
    "output": {
      "type": "block",
      "code": "coolingcabinet-normal-east",
      "attributes": {
        "FSAttributes": {
          "glass": "{glass}",
          "rock": "{rock}"
        }
      }
    }
  },
  {
    "ingredientPattern": "PNP,GSG,PCP",
    "ingredients": {
      "P": { "type": "item", "code": "*:plank-*", "quantity": 4 },
      "N": { "type": "item", "code": "game:metalnailsandstrips-*", "quantity": 2, "allowedVariants": [ "copper", "tinbronze", "bismuthbronze", "blackbronze", "iron" ] },
      "G": { "type": "block", "code": "*:glass-*" },
      "S": { "type": "block", "code": "game:shelf-*", "quantity": 3 },
      "C": { "type": "block", "code": "game:rockpolished-*", "quantity": 2, "name": "rock" }
    },
    "width": 3, "height": 3, "recipeGroup": 1,
    "output": {
      "type": "block",
      "code": "coolingcabinet-normal-east",
      "attributes": {
        "FSAttributes": {
          "rock": "{rock}"
        }
      }
    }
  },
  {
    "ingredientPattern": "PNP,GSG,PCP",
    "ingredients": {
      "P": { "type": "item", "code": "*:plank-*", "quantity": 4 },
      "N": { "type": "item", "code": "game:metalnailsandstrips-*", "quantity": 2, "allowedVariants": [ "copper", "tinbronze", "bismuthbronze", "blackbronze", "iron" ] },
      "G": { "type": "block", "code": "*:glass-*" },
      "S": { "type": "block", "code": "game:shelf-*", "quantity": 3 },
      "C": { "type": "block", "code": "*:rockpolished-*", "quantity": 2 }
    },
    "width": 3, "height": 3, "recipeGroup": 1,
    "output": { "type": "block", "code": "coolingcabinet-normal-east" }
  }
]
