[
  {
    "ingredientPattern": "_PP,SGP,PPP",
    "ingredients": {
      "P": { "type": "item", "code": "game:plank-*", "name": "wood" },
      "S": { "type": "item", "code": "game:stick" },
      "G": { "type": "block", "code": "game:glassslab-*-down-free", "name": "glass", "allowedVariants": [ "plain", "quartz" ] }
    },
    "width": 3,
    "height": 3,
    "recipeGroup": 1,
    "output": {
      "type": "block",
      "code": "fooddisplaycase-normal-east",
      "attributes": {
        "FSAttributes": {
          "wood": "{wood}",
          "glass": "{glass}"
        }
      }
    }
  },
  {
    "ingredientPattern": "_PP,SGP,PPP",
    "ingredients": {
      "P": { "type": "item", "code": "*:plank-*" },
      "S": { "type": "item", "code": "game:stick" },
      "G": { "type": "block", "code": "game:glassslab-*-down-free", "name": "glass", "allowedVariants": [ "plain", "quartz" ] }
    },
    "width": 3,
    "height": 3,
    "recipeGroup": 1,
    "output": {
      "type": "block",
      "code": "fooddisplaycase-normal-east",
      "attributes": {
        "FSAttributes": {
          "glass": "{glass}"
        }
      }
    }
  },
  {
    "ingredientPattern": "_PP,SGP,PPP",
    "ingredients": {
      "P": { "type": "item", "code": "*:plank-*" },
      "S": { "type": "item", "code": "game:stick" },
      "G": { "type": "block", "code": "*:glassslab-*-down-free" }
    },
    "width": 3,
    "height": 3,
    "recipeGroup": 1,
    "output": { "type": "block", "code": "fooddisplaycase-normal-east" }
  }
]
