{
	"code": "cervidae-odocoileini",
	"inheritFrom": "entities/animal/mammal/hooved/odocoileini-tamed",
	"tagsByType": {"*-rangifertarandusdomesticus-*":["animal", "huntable", "adult","domesticated", "semitamed", "habitat-land"],"*":["animal", "huntable", "adult", "semitamed", "habitat-land"]},
	"variantgroups": [
		{"code": "age","states": [ "adult"]},
		{"code": "gender","states": [ "female","male"]},
		{"code": "type","states": [ "rangifertarandusdomesticus","rangifertarandus"]},
		{"code": "behavior","states": ["semitamed"]}
	],
	"behaviorConfigs": {
		"selectionboxes": {
			"selectionBoxes": ["HeadAP", "MidAP"]
		},		
		"rideableaccessories": {
			"wearableSlots": [
				{ "code": "head-reindeer", "forCategoryCodes": ["bridle"], "attachmentPointCode": "HeadAP" }, 
				{ "code": "middleback-reindeer", "forCategoryCodes": ["saddle"], "attachmentPointCode": "MidAP" }
			]
		},
		"rideable": {
			"saddleBreakGait": "sprint",
			"saddleBreaksRequired": { "avg": 20, "var": 5 }, 
			"saddleBreakDayInterval": 1,
			"tamedEntityCode": "cervidae-odocoileini-{age}-{gender}-{type}-tamed"
		}
	}
}