{
	"code": "cervidae-odocoileini",
	"class": "EntityAgent",
	"tags": ["animal", "huntable", "habitat-land"],
	"fallDamageMultiplierByType": { "*-antifer*" :1,"*-rangifer*" :1,"*-torontoceros*" :1, "*" :0.5},
	"variantgroups": [
		{"code": "age","states": ["baby" ]},
		{"code": "gender","states": [ "female","male"]},
		{"code": "type","states": ["antiferultra","blastocerusdichotomus","bretzianebrascensis","hippocamelusantisensis","hippocamelusbisulcus","mazamaamericana","mazamabricenii","mazamajucunda","mazamanana","mazamarufa","mazamarufina","mazamatemama","mazamatienhoveni","odocoileushemionus","odocoileuslucasi","odocoileuspandora","odocoileusvirginianus","ozotocerosbezoarticus","passalitesnemorivaga","pudellacarlae","pudellamephistophiles","pudupuda","rangiferarcticus","rangifercaribou","rangiferfennicus","rangifergroenlandicus","rangiferplatyrhynchus","rangifertarandusdomesticus","rangifertarandus","subulochunyi","subulogouazoubira","torontoceroshypnogeos"  ]}
	],
	"hitBoxSizeByType": {
		"*-baby-*-antiferultra": {	"x": 0.55,"y": 0.55},
		"*-baby-*-blastocerusdichotomus": {	"x": 0.55,"y": 0.55},
		"*-baby-*-bretzianebrascensis": {	"x": 0.5,"y": 0.5},
		"*-baby-*-hippocamelusantisensis": {	"x": 0.35,"y": 0.35},
		"*-baby-*-hippocamelusbisulcus": {	"x": 0.4,"y": 0.4},
		"*-baby-*-mazamaamericana": {	"x": 0.4,"y": 0.4},
		"*-baby-*-mazamabricenii": {	"x": 0.25,"y": 0.25},
		"*-baby-*-mazamajucunda": {	"x": 0.25,"y": 0.25},
		"*-baby-*-mazamanana": {	"x": 0.25,"y": 0.25},
		"*-baby-*-mazamarufa": {	"x": 0.4,"y": 0.4},
		"*-baby-*-mazamarufina": {	"x": 0.25,"y": 0.25},
		"*-baby-*-mazamatemama": {	"x": 0.3,"y": 0.3},
		"*-baby-*-mazamatienhoveni": {	"x": 0.25,"y": 0.25},
		"*-baby-*-odocoileushemionus": {	"x": 0.5,"y": 0.5},
		"*-baby-*-odocoileuslucasi": {	"x": 0.6,"y": 0.6},
		"*-baby-*-odocoileuspandora": {	"x": 0.3,"y": 0.3},
		"*-baby-*-odocoileusvirginianus": {	"x": 0.55,"y": 0.55},
		"*-baby-*-ozotocerosbezoarticus": {	"x": 0.3,"y": 0.3},
		"*-baby-*-passalitesnemorivaga": {	"x": 0.25,"y": 0.25},
		"*-baby-*-pudellacarlae": {	"x": 0.2,"y": 0.15},
		"*-baby-*-pudellamephistophiles": {	"x": 0.2,"y": 0.15},
		"*-baby-*-pudupuda": {	"x": 0.25,"y": 0.2},
		"*-baby-*-rangiferarcticus": {	"x": 0.6,"y": 0.7},
		"*-baby-*-rangifercaribou": {	"x": 0.7,"y": 0.8},
		"*-baby-*-rangiferfennicus": {	"x": 0.7,"y": 0.8},
		"*-baby-*-rangifergroenlandicus": {	"x": 0.6,"y": 0.7},
		"*-baby-*-rangiferplatyrhynchus": {	"x": 0.5,"y": 0.6},
		"*-baby-*-rangifertarandusdomesticus": {	"x": 0.6,"y": 0.7},
		"*-baby-*-rangifertarandus": {	"x": 0.6,"y": 0.7},
		"*-baby-*-subulochunyi": {	"x": 0.2,"y": 0.2},
		"*-baby-*-subulogouazoubira": {	"x": 0.3,"y": 0.3},
		"*-baby-*-torontoceroshypnogeos": {	"x": 0.6,"y": 0.6}
	},
	"deadhitBoxSizeByType": {
		"*-baby-*-antiferultra": {	"x": 0.55,"y": 0.25},
		"*-baby-*-blastocerusdichotomus": {	"x": 0.55,"y": 0.25},
		"*-baby-*-bretzianebrascensis": {	"x": 0.5,"y": 0.25},
		"*-baby-*-hippocamelusantisensis": {	"x": 0.35,"y": 0.25},
		"*-baby-*-hippocamelusbisulcus": {	"x": 0.4,"y": 0.2},
		"*-baby-*-mazamaamericana": {	"x": 0.4,"y": 0.2},
		"*-baby-*-mazamabricenii": {	"x": 0.25,"y": 0.15},
		"*-baby-*-mazamajucunda": {	"x": 0.25,"y": 0.15},
		"*-baby-*-mazamanana": {	"x": 0.25,"y": 0.15},
		"*-baby-*-mazamarufa": {	"x": 0.4,"y": 0.2},
		"*-baby-*-mazamarufina": {	"x": 0.25,"y": 0.15},
		"*-baby-*-mazamatemama": {	"x": 0.3,"y": 0.15},
		"*-baby-*-mazamatienhoveni": {	"x": 0.25,"y": 0.15},
		"*-baby-*-odocoileushemionus": {	"x": 0.5,"y": 0.25},
		"*-baby-*-odocoileuslucasi": {	"x": 0.6,"y": 0.3},
		"*-baby-*-odocoileuspandora": {	"x": 0.3,"y": 0.15},
		"*-baby-*-odocoileusvirginianus": {	"x": 0.55,"y": 0.25},
		"*-baby-*-ozotocerosbezoarticus": {	"x": 0.3,"y": 0.15},
		"*-baby-*-passalitesnemorivaga": {	"x": 0.25,"y": 0.15},
		"*-baby-*-pudellacarlae": {	"x": 0.2,"y": 0.15},
		"*-baby-*-pudellamephistophiles": {	"x": 0.2,"y": 0.15},
		"*-baby-*-pudupuda": {	"x": 0.25,"y": 0.2},
		"*-baby-*-rangiferarcticus": {	"x": 0.6,"y": 0.35},
		"*-baby-*-rangifercaribou": {	"x": 0.7,"y": 0.4},
		"*-baby-*-rangiferfennicus": {	"x": 0.7,"y": 0.4},
		"*-baby-*-rangifergroenlandicus": {	"x": 0.6,"y": 0.35},
		"*-baby-*-rangiferplatyrhynchus": {	"x": 0.5,"y": 0.3},
		"*-baby-*-rangifertarandusdomesticus": {	"x": 0.6,"y": 0.35},
		"*-baby-*-rangifertarandus": {	"x": 0.6,"y": 0.35},
		"*-baby-*-subulochunyi": {	"x": 0.2,"y": 0.1},
		"*-baby-*-subulogouazoubira": {	"x": 0.3,"y": 0.15},
		"*-baby-*-torontoceroshypnogeos": {	"x": 0.6,"y": 0.3}
	},
	"eyeHeightByType": {
		"*-baby-*-antiferultra": 0.6,
		"*-baby-*-blastocerusdichotomus": 0.6,
		"*-baby-*-bretzianebrascensis": 0.6,
		"*-baby-*-hippocamelusantisensis": 0.4,
		"*-baby-*-hippocamelusbisulcus": 0.45,
		"*-baby-*-mazamaamericana": 0.45,
		"*-baby-*-mazamabricenii": 0.3,
		"*-baby-*-mazamajucunda": 0.3,
		"*-baby-*-mazamanana": 0.3,
		"*-baby-*-mazamarufa": 0.45,
		"*-baby-*-mazamarufina": 0.3,
		"*-baby-*-mazamatemama": 0.35,
		"*-baby-*-mazamatienhoveni": 0.3,
		"*-baby-*-odocoileushemionus": 0.6,
		"*-baby-*-odocoileuslucasi": 0.8,
		"*-baby-*-odocoileuspandora": 0.4,
		"*-baby-*-odocoileusvirginianus": 0.6,
		"*-baby-*-ozotocerosbezoarticus": 0.35,
		"*-baby-*-passalitesnemorivaga": 0.3,
		"*-baby-*-pudellacarlae": 0.15,
		"*-baby-*-pudellamephistophiles": 0.15,
		"*-baby-*-pudupuda": 0.2,
		"*-baby-*-rangiferarcticus": 0.8,
		"*-baby-*-rangifercaribou": 0.9,
		"*-baby-*-rangiferfennicus": 0.8,
		"*-baby-*-rangifergroenlandicus": 0.8,
		"*-baby-*-rangiferplatyrhynchus": 0.7,
		"*-baby-*-rangifertarandusdomesticus": 0.8,
		"*-baby-*-rangifertarandus": 0.8,
		"*-baby-*-subulochunyi": 0.3,
		"*-baby-*-subulogouazoubira": 0.35,
		"*-baby-*-torontoceroshypnogeos": 0.9
	},
	"weightByType": {
		"*-baby-*-antiferultra": 15,
		"*-baby-*-blastocerusdichotomus": 10,
		"*-baby-*-bretzianebrascensis": 10,
		"*-baby-*-hippocamelusantisensis": 10,
		"*-baby-*-hippocamelusbisulcus": 10,
		"*-baby-*-mazamaamericana": 5,
		"*-baby-*-mazamabricenii": 2,
		"*-baby-*-mazamajucunda": 2,
		"*-baby-*-mazamanana": 2,
		"*-baby-*-mazamarufa": 3,
		"*-baby-*-mazamarufina": 2,
		"*-baby-*-mazamatemama": 2,
		"*-baby-*-mazamatienhoveni": 2,
		"*-baby-*-odocoileushemionus": 10,
		"*-baby-*-odocoileuslucasi": 20,
		"*-baby-*-odocoileuspandora": 4,
		"*-baby-*-odocoileusvirginianus": 10,
		"*-baby-*-ozotocerosbezoarticus": 5,
		"*-baby-*-passalitesnemorivaga": 2,
		"*-baby-*-pudellacarlae": 1,
		"*-baby-*-pudellamephistophiles": 1,
		"*-baby-*-pudupuda": 2,
		"*-baby-*-rangiferarcticus": 10,
		"*-baby-*-rangifercaribou": 10,
		"*-baby-*-rangiferfennicus": 10,
		"*-baby-*-rangifergroenlandicus": 10,
		"*-baby-*-rangiferplatyrhynchus": 10,
		"*-baby-*-rangifertarandusdomesticus": 10,
		"*-baby-*-rangifertarandus": 10,
		"*-baby-*-subulochunyi": 2,
		"*-baby-*-subulogouazoubira": 2,
		"*-baby-*-torontoceroshypnogeos": 10
	},
	"knockbackResistanceByType": {
		"*-baby-*-antiferultra": 0.3,
		"*-baby-*-blastocerusdichotomus": 0.3,
		"*-baby-*-bretzia*": 0.3,
		"*-baby-*-hippocamelus*": 0.25,
		"*-baby-*-mazama*": 0.2,
		"*-baby-*-odocoileushemionus": 0.3,
		"*-baby-*-odocoileuslucasi": 0.4,
		"*-baby-*-odocoileuspandora": 0.1,
		"*-baby-*-odocoileusvirginianus": 0.3,
		"*-baby-*-ozotocerosbezoarticus": 0.1,
		"*-baby-*-passalites*": 0.2,
		"*-baby-*-pudellacarlae": 0.1,
		"*-baby-*-pudellamephistophiles": 0.1,
		"*-baby-*-pudupuda": 0.2,
		"*-baby-*-rangiferarcticus": 0.3,
		"*-baby-*-rangifercaribou": 0.3,
		"*-baby-*-rangiferfennicus": 0.3,
		"*-baby-*-rangifergroenlandicus": 0.3,
		"*-baby-*-rangiferplatyrhynchus": 0.3,
		"*-baby-*-rangifertarandusdomesticus": 0.3,
		"*-baby-*-rangifertarandus": 0.3,
		"*-baby-*-subulo*": 0.1,
		"*-baby-*-torontoceroshypnogeos": 0.3
	},	
	"attributes": {
		"killedByInfoText": "deadcreature-killed",
		"trappableByType": {
			"*-mazama*": {
				"small": { "trapChance": 0.4,	"trapDestroyChance": 0.05 },
				"large": { "trapChance": 0.9,	"trapDestroyChance": 0 }
			},
			"*-odocoileuspandora": {
				"small": { "trapChance": 0.4,	"trapDestroyChance": 0.05 },
				"large": { "trapChance": 0.9,	"trapDestroyChance": 0 }
			},
			"*-ozotoceros*": {
				"small": { "trapChance": 0.4,	"trapDestroyChance": 0.05 },
				"large": { "trapChance": 0.9,	"trapDestroyChance": 0 }
			},
			"*-passalites*": {
				"small": { "trapChance": 0.4,	"trapDestroyChance": 0.05 },
				"large": { "trapChance": 0.9,	"trapDestroyChance": 0 }
			},
			"*-pudella*": {
				"small": { "trapChance": 0.6,	"trapDestroyChance": 0.0 },
				"large": { "trapChance": 0.95,	"trapDestroyChance": 0 }
			},
			"*-pudu*": {
				"small": { "trapChance": 0.6,	"trapDestroyChance": 0.0 },
				"large": { "trapChance": 0.95,	"trapDestroyChance": 0 }
			},
			"*-subulo*": {
				"small": { "trapChance": 0.4,	"trapDestroyChance": 0.05 },
				"large": { "trapChance": 0.9,	"trapDestroyChance": 0 }
			},
			"*": {
				"small": { "trapChance": 0.0,	"trapDestroyChance": 0.2 },
				"large": { "trapChance": 0.4,	"trapDestroyChance": 0 }
			}
		},
		"creatureDietByType": {
			"*-hippocamelus*":{
			"foodCategories": ["Vegetable", "Grain"],
			"weightedFoodTags": [
				{ "weight": 0.7, "code": "grain" },
				{ "weight": 0.1, "code": "grass" },
				{ "weight": 0.5, "code": "nibbleCrop" },
				{ "weight": 1, "code": "tastyvegetable" }
			],
			"skipFoodTags": ["rice", "parsnip"]
		},
			"*-ozotoceros*":{
			"foodCategories": ["Vegetable", "Grain"],
			"weightedFoodTags": [
				{ "weight": 0.7, "code": "grain" },
				{ "weight": 0.1, "code": "grass" },
				{ "weight": 0.5, "code": "nibbleCrop" },
				{ "weight": 1, "code": "tastyvegetable" }
			],
			"skipFoodTags": ["rice", "parsnip"]
		},
			"*-rangifer*":{
			"foodCategories": ["Vegetable", "Grain"],
			"weightedFoodTags": [
				{ "weight": 0.7, "code": "grain" },
				{ "weight": 0.1, "code": "grass" },
				{ "weight": 0.5, "code": "nibbleCrop" },
				{ "weight": 1, "code": "tastyvegetable" }
			],
			"skipFoodTags": ["rice", "parsnip"]
		},
			"*":{
			"foodCategories": ["Vegetable", "Fruit","Grain"],
			"weightedFoodTags": [
				{ "weight": 0.9, "code": "fruitmash" },
				{ "weight": 0.7, "code": "grain" },
				{ "weight": 0.1, "code": "grass" },
				{ "weight": 0.5, "code": "nibbleCrop" },
				{ "weight": 0.2, "code": "peanut" },
				{ "weight": 1, "code": "sweetBerryBush" },
				{ "weight": 1, "code": "tastyvegetable" }
			],
			"skipFoodTags": ["rice", "parsnip"]
		}},
		"handbook": {
			"groupcode": "creaturegroup-odocoileini"
		}
	},
	"drops": [],
	"client": {
		"renderer": "Shape",
		"shapeByType": {
			"*-antiferultra": { "base": "entity/animal/mammal/hooved/odocoileini/odocoileusvirginianus/baby" },
			"*-blastocerusdichotomus": { "base": "entity/animal/mammal/hooved/odocoileini/odocoileusvirginianus/baby" },
			"*-bretzianebrascensis": { "base": "entity/animal/mammal/hooved/odocoileini/odocoileusvirginianus/baby" },
			"*-hippocamelusantisensis": { "base": "entity/animal/mammal/hooved/odocoileini/hippocamelusantisensis/baby" },
			"*-hippocamelusbisulcus": { "base": "entity/animal/mammal/hooved/odocoileini/hippocamelusantisensis/baby" },
			"*-mazamaamericana": { "base": "entity/animal/mammal/hooved/odocoileini/subulogouazoubira/baby" },
			"*-mazamabricenii": { "base": "entity/animal/mammal/hooved/odocoileini/mazamarufina/baby" },
			"*-mazamajucunda": { "base": "entity/animal/mammal/hooved/odocoileini/subulogouazoubira/baby" },
			"*-mazamanana": { "base": "entity/animal/mammal/hooved/odocoileini/subulogouazoubira/baby" },
			"*-mazamarufa": { "base": "entity/animal/mammal/hooved/odocoileini/subulogouazoubira/baby" },
			"*-mazamatemama": { "base": "entity/animal/mammal/hooved/odocoileini/subulogouazoubira/baby" },
			"*-mazamatienhoveni": { "base": "entity/animal/mammal/hooved/odocoileini/subulogouazoubira/baby" },
			"*-odocoileushemionus": { "base": "entity/animal/mammal/hooved/odocoileini/odocoileusvirginianus/baby" },
			"*-odocoileuslucasi": { "base": "entity/animal/mammal/hooved/odocoileini/odocoileusvirginianus/baby" },
			"*-odocoileuspandora": { "base": "entity/animal/mammal/hooved/odocoileini/odocoileusvirginianus/baby" },
			"*-ozotocerosbezoarticus": { "base": "entity/animal/mammal/hooved/odocoileini/subulogouazoubira/baby" },
			"*-passalitesnemorivaga": { "base": "entity/animal/mammal/hooved/odocoileini/subulogouazoubira/baby" },
			"*-pudella*": { "base": "entity/animal/mammal/hooved/odocoileini/pudupuda/baby" },
			"*-rangiferarcticus": { "base": "entity/animal/mammal/hooved/odocoileini/rangifertarandus/baby" },
			"*-rangifercaribou": { "base": "entity/animal/mammal/hooved/odocoileini/rangifertarandus/baby" },
			"*-rangiferfennicus": { "base": "entity/animal/mammal/hooved/odocoileini/rangifertarandus/baby" },
			"*-rangifergroenlandicus": { "base": "entity/animal/mammal/hooved/odocoileini/rangifertarandus/baby" },
			"*-rangifertarandusdomesticus": { "base": "entity/animal/mammal/hooved/odocoileini/rangifertarandus/baby" },
			"*-subulochunyi": { "base": "entity/animal/mammal/hooved/odocoileini/mazamarufina/baby" },
			"*-torontoceroshypnogeos": { "base": "entity/animal/mammal/hooved/odocoileini/odocoileusvirginianus/baby" },
			"*": { "base": "entity/animal/mammal/hooved/odocoileini/{type}/baby" }
		},
		"textureByType": {
			"*-mazamaamericana": { "base": "entity/animal/mammal/hooved/odocoileini/subulogouazoubira-baby" },
			"*-mazamabricenii": { "base": "entity/animal/mammal/hooved/odocoileini/mazamarufina-baby" },
			"*-mazamajucunda": { "base": "entity/animal/mammal/hooved/odocoileini/subulogouazoubira-baby" },
			"*-mazamanana": { "base": "entity/animal/mammal/hooved/odocoileini/subulogouazoubira-baby" },
			"*-mazamarufa": { "base": "entity/animal/mammal/hooved/odocoileini/subulogouazoubira-baby" },
			"*-mazamatemama": { "base": "entity/animal/mammal/hooved/odocoileini/subulogouazoubira-baby" },
			"*-mazamatienhoveni": { "base": "entity/animal/mammal/hooved/odocoileini/subulogouazoubira-baby" },
			"*-odocoileushemionus": { "base": "entity/animal/mammal/hooved/odocoileini/odocoileusvirginianus-baby" },
			"*-odocoileuslucasi": { "base": "entity/animal/mammal/hooved/odocoileini/odocoileusvirginianus-baby" },
			"*-odocoileuspandora": { "base": "entity/animal/mammal/hooved/odocoileini/odocoileusvirginianus-baby" },
			"*-passalitesnemorivaga": { "base": "entity/animal/mammal/hooved/odocoileini/subulogouazoubira-baby" },
			"*-pudella*": { "base": "entity/animal/mammal/hooved/odocoileini/pudupuda-baby" },
			"*-rangifertarandusdomesticus": { "base": "entity/animal/mammal/hooved/odocoileini/rangifertarandus-baby" },
			"*-subulochunyi": { "base": "entity/animal/mammal/hooved/odocoileini/mazamarufina-baby" },
			"*-torontoceroshypnogeos": { "base": "entity/animal/mammal/hooved/odocoileini/odocoileusvirginianus-baby" },
			"*": { "base": "entity/animal/mammal/hooved/odocoileini/{type}-baby" }
		},
		"sizeByType": {
			"*-antiferultra": 0.9,
			"*-blastocerusdichotomus": 0.9,
			"*-bretzianebrascensis": 0.85,
			"*-hippocamelusantisensis": 0.64,
			"*-hippocamelusbisulcus": 0.74,
			"*-mazamaamericana": 0.7,
			"*-mazamabricenii": 0.5,
			"*-mazamajucunda": 0.45,
			"*-mazamanana": 0.45,
			"*-mazamarufa": 0.7,
			"*-mazamarufina": 0.45,
			"*-mazamatemama": 0.7,
			"*-mazamatienhoveni": 0.5,
			"*-odocoileushemionus": 0.85,
			"*-odocoileuspandora": 0.5,
			"*-odocoileusvirginianus": 0.9,
			"*-ozotocerosbezoarticus": 0.75,
			"*-passalitesnemorivaga": 0.5,
			"*-pudellacarlae": 0.34,
			"*-pudellamephistophiles": 0.31,
			"*-pudupuda": 0.37,
			"*-rangiferarcticus": 0.8,
			"*-rangifercaribou": 0.9,
			"*-rangiferfennicus": 0.9,
			"*-rangifergroenlandicus": 0.8,
			"*-rangiferplatyrhynchus": 0.75,
			"*-rangifertarandusdomesticus": 0.8,
			"*-rangifertarandus": 0.8,
			"*-subulochunyi": 0.4,
			"*-subulogouazoubira": 0.7,
			"*": 1.0
		},
		"behaviors": [
			{"code": "repulseagents" },
			{"code": "controlledphysics","stepHeightByType": {"*-mazama*":1.1251,"*-pudella*":1.1251,"*-pudu*":1.1251,"*-subulo*":1.1251,"*":2.1251}},
			{"code": "floatupwhenstuck","onlyWhenDead": true},
			{"code": "interpolateposition" },
			{"code": "harvestable","quantitySlots": 8},
			{"code": "despawn","minPlayerDistance": 8,"belowLightLevel": 1,"minSeconds": 300},
			{"code": "ropetieable","minGeneration": 2}
		],
		"animations": [
			{"code": "attack","animation": "Attack","animationSpeed": 2.2,"weight": 10,"blendMode": "AddAverage"},
			{"code": "charge","animation": "Charge","animationSpeed": 2.2,"weight": 10,"blendMode": "Average"},
			{"code": "die","animation": "Die","animationSpeed": 1.25,"weight": 10,"blendMode": "Average","triggeredBy": { "onControls": [ "dead" ] }},
			{"code": "eat","animation": "Eat","easeInSpeed": 4,"easeOutSpeed": 4,"blendMode": "Average"},
			{"code": "hurt","animation": "Hurt","animationSpeed": 2.2,"weight": 10,"blendMode": "AddAverage"},
			{"code": "idle","animation": "Idle","blendMode": "AddAverage","easeOutSpeed": 4,"triggeredBy": { "defaultAnim": true }},
			{"code": "roar","animation": "Roar","animationSpeed": 2.2,"weight": 10,"blendMode": "AddAverage"},
			{"code": "sit","animation": "Sit","easeInSpeed": 4,"easeOutSpeed": 4,"blendMode": "Average"},
			{"code": "sleep","animation": "Sleep","easeInSpeed": 4,"easeOutSpeed": 4,"blendMode": "Average"},
			{"code": "swim","animation": "Swim","supressDefaultAnimation": true,"blendMode": "Average"},
			{"code": "run","animation": "Run","supressDefaultAnimation": true,"blendMode": "Average"},
			{"code": "stot","animation": "Stot","supressDefaultAnimation": true,"blendMode": "Average"},
			{"code": "gallop","animation": "Gallop","supressDefaultAnimation": true,"blendMode": "Average"},
			{"code": "canter","animation": "Canter","supressDefaultAnimation": true,"blendMode": "Average"},
			{"code": "trot","animation": "Trot","supressDefaultAnimation": true,"blendMode": "Average"},
			{"code": "walk","animation": "Walk","supressDefaultAnimation": true,"blendMode": "Average"}
		]
	},
	"server": {
		"attributes": {
			"pathfinder": {
				"minTurnAnglePerSec": 90,
				"maxTurnAnglePerSec": 450
			}
		},
		"behaviors": [
			{ "code": "repulseagents" },
			{"code": "controlledphysics","stepHeightByType": {"*-mazama*":1.1251,"*-pudella*":1.1251,"*-pudu*":1.1251,"*-subulo*":1.1251,"*":2.1251}},
			{"code": "despawn","minPlayerDistance": 8,"belowLightLevel": 8,"minSeconds": 300},
			{"code": "health",
				"maxhealthByType": {
			"*-baby-*-antiferultra": 5,
			"*-baby-*-blastocerusdichotomus": 4,
			"*-baby-*-bretzianebrascensis": 4,
			"*-baby-*-hippocamelusantisensis": 4,
			"*-baby-*-hippocamelusbisulcus": 4,
			"*-baby-*-mazamaamericana": 3,
			"*-baby-*-mazamabricenii": 3,
			"*-baby-*-mazamajucunda": 3,
			"*-baby-*-mazamanana": 3,
			"*-baby-*-mazamarufa": 3,
			"*-baby-*-mazamarufina": 3,
			"*-baby-*-mazamatemama": 3,
			"*-baby-*-mazamatienhoveni": 3,
			"*-baby-*-odocoileushemionus": 4,
			"*-baby-*-odocoileuslucasi": 5,
			"*-baby-*-odocoileuspandora": 3,
			"*-baby-*-odocoileusvirginianus": 4,
			"*-baby-*-ozotocerosbezoarticus": 3,
			"*-baby-*-pudupuda": 3,
			"*-baby-*-pudellacarlae": 3,
			"*-baby-*-pudellamephistophiles": 3,
			"*-baby-*-passalitesnemorivaga": 3,
			"*-baby-*-rangiferarcticus": 4,
			"*-baby-*-rangifercaribou": 4,
			"*-baby-*-rangiferfennicus": 4,
			"*-baby-*-rangifergroenlandicus": 4,
			"*-baby-*-rangiferplatyrhynchus": 4,
			"*-baby-*-rangifertarandusdomesticus": 4,
			"*-baby-*-rangifertarandus": 4,
			"*-baby-*-subulochunyi": 3,
			"*-baby-*-subulogouazoubira": 3,
			"*-baby-*-torontoceroshypnogeos": 4,
					"*": 8
				}
			},
			{"code": "deaddecay",
				"hoursToDecay": 96,
				"decayedBlockByType": {
				"*-rangifer*": "carcass-small",
				"*-torontoceros*": "carcass-small",
				"*": "carcass-tiny"
				}
			},
			{"code": "floatupwhenstuck","onlyWhenDead": true},
			{"code": "harvestable",
				"quantitySlots": 8,
				"drops": [
					{
						"type": "item",
						"code": "game:redmeat-raw",
						"quantityByType": {
							"*-antiferultra": {"avg": 2.5,"var": 0.5},
							"*-blastocerusdichotomus": {"avg": 2.5,"var": 0.5},
							"*-bretzianebrascensis": {"avg": 2.5,"var": 0.5},
							"*-hippocamelusantisensis": {"avg": 2.5,"var": 0.5},
							"*-hippocamelusbisulcus": {"avg": 2.5,"var": 0.5},
							"*-mazamaamericana": {"avg": 1.2,"var": 0.0},
							"*-mazamabricenii": {"avg": 0.2,"var": 0.0},
							"*-mazamajucunda": {"avg": 0.2,"var": 0.0},
							"*-mazamanana": {"avg": 0.2,"var": 0.0},
							"*-mazamarufa": {"avg": 1.2,"var": 0.0},
							"*-mazamarufina": {"avg": 0.2,"var": 0.0},
							"*-mazamatemama": {"avg": 0.2,"var": 0.0},
							"*-mazamatienhoveni": {"avg": 0.2,"var": 0.0},
							"*-odocoileushemionus": {"avg": 2.5,"var": 0.5},
							"*-odocoileuslucasi": {"avg": 2.5,"var": 0.5},
							"*-odocoileuspandora": {"avg": 0.2,"var": 0.0},
							"*-odocoileusvirginianus": {"avg": 2.5,"var": 0.5},
							"*-ozotocerosbezoarticus": {"avg": 0.2,"var": 0.0},
							"*-passalitesnemorivaga": {"avg": 0.2,"var": 0.0},
							"*-pudellacarlae": {"avg": 0,"var": 0.1},
							"*-pudellamephistophiles": {"avg": 0,"var": 0.1},
							"*-pudupuda": {"avg": 0,"var": 0.1},
							"*-rangiferarcticus": {"avg": 2.5,"var": 0.5},
							"*-rangifercaribou": {"avg": 2.5,"var": 0.5},
							"*-rangiferfennicus": {"avg": 2.5,"var": 0.5},
							"*-rangifergroenlandicus": {"avg": 2.5,"var": 0.5},
							"*-rangiferplatyrhynchus": {"avg": 2.5,"var": 0.5},
							"*-rangifertarandusdomesticus": {"avg": 2.5,"var": 0.5},
							"*-rangifertarandus": {"avg": 2.5,"var": 0.5},
							"*-subulochunyi": {"avg": 0.2,"var": 0.0},
							"*-subulogouazoubira": {"avg": 0.2,"var": 0.0},
							"*-torontoceroshypnogeos": {"avg": 2.5,"var": 0.5},
							"*": {"avg": 6,"var": 2}
						}
					},
					{
						"type": "item",
						"code": "fat",
						"quantityByType": {
							"*": {"avg": 0.0,"var": 0.1}
						}
					},
					{
						"type": "item",
						"code": "capreolinae:pelt-raw-odocoileini-baby-{type}",
						"quantityByType": {
							"*-baby-*": { "offset": 1, "avg": 0, "var": 0 },
							"*": {"avg": 0.0,"var": 0.0}
						}
					}
				]
			},
			{"code": "breathe" },
			{"code": "grow",
				"hoursToGrowByType": {
					"*-antiferultra": 175,
					"*-blastocerusdichotomus": 175,
					"*-bretzianebrascensis": 262,
					"*-hippocamelus*": 88,
					"*-odocoileushemionus": 262,
					"*-odocoileuslucasi": 262,
					"*-odocoileuspandora": 222,
					"*-odocoileusvirginianus": 262,
					"*-ozotocerosbezoarticus": 175,
					"*-pudella*": 88,
					"*-pudupuda": 88,
					"*-rangifer*": 700,
					"*-torontoceroshypnogeos": 262,
					"*": 175
				},
				"orPortionsEatenForGrowingByType": {"*-rangifertarandusdomesticus": 10,"*-rangifertarandus": 9},
				"fedAdultEntityCodesByType": {
					"*-rangifertarandusdomesticus": ["capreolinae:cervidae-odocoileini-adult-{gender}-{type}-semitamed"],
					"*-rangifertarandus": ["capreolinae:cervidae-odocoileini-adult-{gender}-{type}-semitamed"]
				},
				"adultEntityCodesByType": {
					"*-baby-*-rangifertarandusdomesticus": ["capreolinae:cervidae-odocoileini-adult-{gender}-{type}-semitamed"],
					"*-baby-*": ["capreolinae:cervidae-odocoileini-adult-{gender}-{type}"]
				}
			},
			{"code": "emotionstates",
				"states": [
					{"code": "fleeondamage","duration": 60,"chance": 1,"slot": 2,"priority": 5,"accumType": "max","whenHealthRelBelow": 0.4},
					{"code": "fleeondamage","duration": 60,"slot": 2,"chance": 1,"priority": 1,"accumType": "max"},
					{"code": "alarmherdondamage","chance": 1,"slot": 1,"priority": 1,"accumType": "max"},
					{"code": "saturated","duration": 1200,"chance": 1,"slot": 0,"priority": 1,"accumType": "sum"}
				]
			},
			{
				"code": "taskai",
				"aiCreatureType": "LandCreature",
				"aitasks": [
					//-------------------------Movement Speed tests-------------------------//
						//wandering run at any time
					{
						"code": "wander",
						"enabled":  false,
						"priority": 10.8,
						"priorityForCancel": 12.0,
						"animation": "Run",
						"minduration": 8000,
						"movespeedByType": {
							"*-antiferultra": 0.072,
							"*-blastocerusdichotomus": 0.072,
							"*-bretzianebrascensis": 0.068,
							"*-hippocamelusantisensis": 0.034,
							"*-hippocamelusbisulcus": 0.04,
							"*-mazamaamericana": 0.037,
							"*-mazamabricenii": 0.026,
							"*-mazamajucunda": 0.023,
							"*-mazamanana": 0.023,
							"*-mazamarufa": 0.037,
							"*-mazamarufina": 0.023,
							"*-mazamatemama": 0.037,
							"*-mazamatienhoveni": 0.026,
							"*-odocoileushemionus": 0.068,
							"*-odocoileuslucasi": 0.08,
							"*-odocoileuspandora": 0.04,
							"*-odocoileusvirginianus": 0.072,
							"*-ozotocerosbezoarticus": 0.05,
							"*-passalitesnemorivaga": 0.026,
							"*-pudellacarlae": 0.029,
							"*-pudellamephistophiles": 0.0266,
							"*-pudupuda": 0.032,
							"*-rangifercaribou": 0.09,
							"*-rangiferfennicus": 0.09,
							"*-rangiferplatyrhynchus": 0.065,
							"*-rangifer*": 0.08,
							"*-subulochunyi": 0.02,
							"*-subulogouazoubira": 0.037,
							"*-torontoceroshypnogeos": 0.08,
							"*": 0.005
						},
						"animationSpeed": 2.5,
						"stopOnHurt": true,
						"whenSwimming": false,
						"DontExecuteIfRecentlyAttacked": true,
						"tagsAppliedToEntity": ["state-moving"],
						"whenNotInEmotionState": ["aggressiveondamage","fleeondamage"]
					},
						//wandering stot at any time
					{
						"code": "wander",
						"enabledByType":  {"*-rangifer*":false,"*":false},
						"priority": 10.8,
						"priorityForCancel": 12.0,
						"animation": "Stot",
						"minduration": 8000,
						"movespeedByType": {
							"*-rangifer*": 0.025,
							"*-subulogouazoubira": 0.025,
							"*-torontoceroshypnogeos": 0.025,
							"*": 0.005
						},
						"animationSpeedByType": {
							"*": 1.5
						},
						"stopOnHurt": true,
						"whenSwimming": false,
						"DontExecuteIfRecentlyAttacked": true,
						"tagsAppliedToEntity": ["state-moving"],
						"whenNotInEmotionState": ["aggressiveondamage","fleeondamage"]
					},
						//wandering canter at any time
					{
						"code": "wander",
						"enabled":  false,
						"priority": 10.8,
						"priorityForCancel": 12.0,
						"animation": "Canter",
						"minduration": 80000,
						"movespeedByType": {
							"*-antiferultra": 0.0225,
							"*-blastocerusdichotomus": 0.0225,
							"*-bretzianebrascensis": 0.022,
							"*-hippocamelusantisensis": 0.024,
							"*-hippocamelusbisulcus": 0.025,
							"*-mazamaamericana": 0.025,
							"*-mazamabricenii": 0.018,
							"*-mazamajucunda": 0.016,
							"*-mazamanana": 0.016,
							"*-mazamarufa": 0.025,
							"*-mazamarufina": 0.016,
							"*-mazamatemama": 0.025,
							"*-mazamatienhoveni": 0.018,
							"*-odocoileushemionus": 0.022,
							"*-odocoileuslucasi": 0.025,
							"*-odocoileuspandora": 0.0125,
							"*-odocoileusvirginianus": 0.0225,
							"*-ozotocerosbezoarticus": 0.025,
							"*-passalitesnemorivaga": 0.018,
							"*-pudellacarlae": 0.0087,
							"*-pudellamephistophiles": 0.008,
							"*-pudupuda": 0.0096,
							"*-rangifercaribou": 0.033,
							"*-rangiferfennicus": 0.033,
							"*-rangiferplatyrhynchus": 0.024,
							"*-rangifer*": 0.03,
							"*-subulochunyi": 0.014,
							"*-subulogouazoubira": 0.025,
							"*-torontoceroshypnogeos": 0.025,
							"*": 0.005
						},
						"animationSpeedByType": {"*-pudella*":2.4,"*-pudu*":2.4,"*":1.5},
						"stopOnHurt": true,
						"whenSwimming": false,
						"DontExecuteIfRecentlyAttacked": true,
						"tagsAppliedToEntity": ["state-moving"],
						"whenNotInEmotionState": ["aggressiveondamage","fleeondamage"]
					},
						//wandering trot at any time
					{
						"code": "wander",
						"enabled":  false,
						"priority": 10.8,
						"priorityForCancel": 12.0,
						"animation": "Trot",
						"minduration": 8000,
						"movespeedByType": {
							"*-antiferultra": 0.0072,
							"*-blastocerusdichotomus": 0.0072,
							"*-bretzianebrascensis": 0.0068,
							"*-hippocamelusantisensis": 0.0034,
							"*-hippocamelusbisulcus": 0.004,
							"*-mazamaamericana": 0.0037,
							"*-mazamabricenii": 0.0026,
							"*-mazamajucunda": 0.0023,
							"*-mazamanana": 0.0023,
							"*-mazamarufa": 0.0037,
							"*-mazamarufina": 0.0023,
							"*-mazamatemama": 0.0037,
							"*-mazamatienhoveni": 0.0026,
							"*-odocoileushemionus": 0.0068,
							"*-odocoileuslucasi": 0.008,
							"*-odocoileuspandora": 0.004,
							"*-odocoileusvirginianus": 0.0072,
							"*-ozotocerosbezoarticus": 0.004,
							"*-passalitesnemorivaga": 0.0026,
							"*-pudellacarlae": 0.0029,
							"*-pudellamephistophiles": 0.00266,
							"*-pudupuda": 0.0032,
							"*-rangifercaribou": 0.01,
							"*-rangiferfennicus": 0.01,
							"*-rangiferplatyrhynchus": 0.005,
							"*-rangifer*": 0.008,
							"*-subulochunyi": 0.002,
							"*-subulogouazoubira": 0.0037,
							"*-torontoceroshypnogeos": 0.008,
							"*": 0.005
						},
						"animationSpeedByType": {"*-pudella*":1.6,"*-pudu*":1.6,"*":1},
						"stopOnHurt": true,
						"whenSwimming": false,
						"DontExecuteIfRecentlyAttacked": true,
						"tagsAppliedToEntity": ["state-moving"],
						"whenNotInEmotionState": ["aggressiveondamage","fleeondamage"]
					},
						//wandering walk at any time
					{
						"code": "wander",
						"enabled":  false,
						"priority": 10.8,
						"priorityForCancel": 12.0,
						"animation": "Walk",
						"minduration": 18000,
						"movespeedByType": {
							"*-antiferultra": 0.0022,
							"*-blastocerusdichotomus": 0.0022,
							"*-bretzianebrascensis": 0.0021,
							"*-hippocamelusantisensis": 0.0015,
							"*-hippocamelusbisulcus": 0.0016,
							"*-mazamaamericana": 0.0016,
							"*-mazamabricenii": 0.0011,
							"*-mazamajucunda": 0.001,
							"*-mazamanana": 0.001,
							"*-mazamarufa": 0.0016,
							"*-mazamarufina": 0.001,
							"*-mazamatemama": 0.0016,
							"*-mazamatienhoveni": 0.0011,
							"*-odocoileushemionus": 0.0021,
							"*-odocoileuslucasi": 0.0024,
							"*-odocoileuspandora": 0.0012,
							"*-odocoileusvirginianus": 0.0022,
							"*-ozotocerosbezoarticus": 0.0016,
							"*-passalitesnemorivaga": 0.0011,
							"*-pudellacarlae": 0.00145,
							"*-pudellamephistophiles": 0.00133,
							"*-pudupuda": 0.0016,
							"*-rangifercaribou": 0.0032,
							"*-rangiferfennicus": 0.0032,
							"*-rangiferplatyrhynchus": 0.0022,
							"*-rangifer*": 0.0028,
							"*-subulochunyi": 0.0009,
							"*-subulogouazoubira": 0.0016,
							"*-torontoceroshypnogeos": 0.0024,
							"*": 0.005
						},
						"animationSpeedByType": {"*-pudella*":2,"*-pudu*":2,"*":1},
						"stopOnHurt": true,
						"whenSwimming": false,
						"DontExecuteIfRecentlyAttacked": true,
						"tagsAppliedToEntity": ["state-moving"],
						"whenNotInEmotionState": ["aggressiveondamage","fleeondamage"]
					},
					//-------------------------Leave Deadly Conditions-------------------------//
						//fleeing when injured
					{
						"code": "fleeentity-r",
						"priority": 9.4,
						"priorityForCancel": 9.4,
						"animation": "Run",
						"entityCodes": [],
						"skipEntityTags": [["carcass","egg","nest","state-sneaking"]],
						"targetLightLevelsByTypes": {"*-rangifer*":[1, 3, 22, 32],"*":[2, 16, 22, 28]},
						"movespeedByType": {
							"*-antiferultra": 0.072,
							"*-blastocerusdichotomus": 0.072,
							"*-bretzianebrascensis": 0.068,
							"*-hippocamelusantisensis": 0.034,
							"*-hippocamelusbisulcus": 0.04,
							"*-mazamaamericana": 0.037,
							"*-mazamabricenii": 0.026,
							"*-mazamajucunda": 0.023,
							"*-mazamanana": 0.023,
							"*-mazamarufa": 0.037,
							"*-mazamarufina": 0.023,
							"*-mazamatemama": 0.037,
							"*-mazamatienhoveni": 0.026,
							"*-odocoileushemionus": 0.068,
							"*-odocoileuslucasi": 0.08,
							"*-odocoileuspandora": 0.04,
							"*-odocoileusvirginianus": 0.072,
							"*-ozotocerosbezoarticus": 0.05,
							"*-passalitesnemorivaga": 0.026,
							"*-pudellacarlae": 0.029,
							"*-pudellamephistophiles": 0.0266,
							"*-pudupuda": 0.032,
							"*-rangifercaribou": 0.09,
							"*-rangiferfennicus": 0.09,
							"*-rangiferplatyrhynchus": 0.065,
							"*-rangifer*": 0.08,
							"*-subulochunyi": 0.02,
							"*-subulogouazoubira": 0.037,
							"*-torontoceroshypnogeos": 0.08,
							"*": 0.005
						},
						"animationSpeed": 2.5,
						"seekingRange": 20,
						"fleeingDistance" : 50,
						"fleeDurationWhenTargetLost": 20000,
						"whenInEmotionState": ["fleeondamage"],
						"tagsAppliedToEntity": ["state-moving","state-sprinting"],
						"whenSwimming": false
					},
						//fleeing when injured in water
					{
						"code": "fleeentity-r",
						"priority": 9.4,
						"priorityForCancel": 9.4,
						"animation": "Swim",
						"entityCodes": [],
						"targetLightLevelsByTypes": {"*-rangifer*":[1, 3, 22, 32],"*":[2, 16, 22, 28]},
						"movespeedByType": {
							"*-blastocerusdichotomus":0.04,
							"*": 0.02
						},
						"animationSpeed": 2,
						"seekingRange": 120,
						"fleeingDistance" : 180,
						"fleeDurationWhenTargetLost": 60000,
						"whenSwimming": true,
						"whenInEmotionState": ["fleeondamage"],
						"tagsAppliedToEntity": ["state-feet-in-liquid","state-moving","state-swimming"]
					},
						//fleeing when injured slower to finish flee on damage emotion state
					{
						"code": "fleeentity-r",
						"priority": 9.4,
						"priorityForCancel": 9.4,
						"animation": "Run",
						"entityCodes": [],
						"skipEntityTags": [["carcass","egg","nest","state-sneaking"]],
						"targetLightLevelsByTypes": {"*-rangifer*":[1, 3, 22, 32],"*":[2, 16, 22, 28]},
						"movespeedByType": {
							"*-antiferultra": 0.072,
							"*-blastocerusdichotomus": 0.072,
							"*-bretzianebrascensis": 0.068,
							"*-hippocamelusantisensis": 0.034,
							"*-hippocamelusbisulcus": 0.04,
							"*-mazamaamericana": 0.037,
							"*-mazamabricenii": 0.026,
							"*-mazamajucunda": 0.023,
							"*-mazamanana": 0.023,
							"*-mazamarufa": 0.037,
							"*-mazamarufina": 0.023,
							"*-mazamatemama": 0.037,
							"*-mazamatienhoveni": 0.026,
							"*-odocoileushemionus": 0.068,
							"*-odocoileuslucasi": 0.08,
							"*-odocoileuspandora": 0.04,
							"*-odocoileusvirginianus": 0.072,
							"*-ozotocerosbezoarticus": 0.05,
							"*-passalitesnemorivaga": 0.026,
							"*-pudellacarlae": 0.029,
							"*-pudellamephistophiles": 0.0266,
							"*-pudupuda": 0.032,
							"*-rangifercaribou": 0.09,
							"*-rangiferfennicus": 0.09,
							"*-rangiferplatyrhynchus": 0.065,
							"*-rangifer*": 0.08,
							"*-subulochunyi": 0.02,
							"*-subulogouazoubira": 0.037,
							"*-torontoceroshypnogeos": 0.08,
							"*": 0.005
						},
						"animationSpeed": 2.5,
						"seekingRange": 120,
						"fleeingDistance" : 180,
						"fleeDurationWhenTargetLost": 60000,
						"whenInEmotionState": ["fleeondamage"],
						"tagsAppliedToEntity": ["state-moving","state-sprinting"],
						"whenSwimming": false
					},
					//-------------------------Avoid Dangerous Entities-------------------------//
						//fleeing due to dangerous entity immediate
					{
						"code": "fleeentity-r",
						"priority": 5.8,
						"priorityForCancel": 6.0,
						"animationByType": {"*-rangifer*":"Run","*": "Jump"},
						"minTargetWeight": 0.01,
						"maxTargetWeight": 9999,
						"entityCodes": ["placeholder"],
						"entityTags": [["humanoid","predator","has-open-fire"],["defended","ferocious","humanoid","predator","venomous","has-open-fire"]],
						"ReverseTagsCheck": false,
						"skipEntityTagsByType": {"*-rangifertarandusdomesticus":[["carcass","egg","humanoid","nest"]],"*":[["carcass","egg","nest"]]},
						"targetLightLevelsByTypes": {"*-rangifer*":[1, 3, 22, 32],"*":[2, 16, 22, 28]},
						"movespeedByType": {
							"*-antiferultra": 0.072,
							"*-blastocerusdichotomus": 0.072,
							"*-bretzianebrascensis": 0.068,
							"*-hippocamelusantisensis": 0.034,
							"*-hippocamelusbisulcus": 0.04,
							"*-mazamaamericana": 0.037,
							"*-mazamabricenii": 0.026,
							"*-mazamajucunda": 0.023,
							"*-mazamanana": 0.023,
							"*-mazamarufa": 0.037,
							"*-mazamarufina": 0.023,
							"*-mazamatemama": 0.037,
							"*-mazamatienhoveni": 0.026,
							"*-odocoileushemionus": 0.068,
							"*-odocoileuslucasi": 0.08,
							"*-odocoileuspandora": 0.04,
							"*-odocoileusvirginianus": 0.072,
							"*-ozotocerosbezoarticus": 0.05,
							"*-passalitesnemorivaga": 0.026,
							"*-pudellacarlae": 0.029,
							"*-pudellamephistophiles": 0.0266,
							"*-pudupuda": 0.032,
							"*-rangifercaribou": 0.09,
							"*-rangiferfennicus": 0.09,
							"*-rangiferplatyrhynchus": 0.065,
							"*-rangifer*": 0.08,
							"*-subulochunyi": 0.02,
							"*-subulogouazoubira": 0.037,
							"*-torontoceroshypnogeos": 0.08,
							"*": 0.005
						},
						"animationSpeed": 2.5,
						"seekingRange": 12,
						"fleeingDistance" : 50,
						"fleeDurationWhenTargetLost": 20000,
						"tagsAppliedToEntity": ["state-moving","state-sprinting"],
						"whenSwimming": false,
						"whenNotInEmotionState": ["aggressiveondamage"]
					},
						//dart away from projectiles/vehicles
					{
						"code": "fleeentity-r",
						"priority": 5.6,
						"priorityForCancel": 6.0,
						"animationByType": {"*-rangifer*":"Run","*": "Jump"},
						"entityCodes": ["placeholder"],
						"entityTags": [["projectile","vehicle"]],
						"ReverseTagsCheck": false,
						"targetLightLevelsByTypes": {"*-rangifer*":[1, 3, 22, 32],"*":[2, 16, 22, 28]},
						"movespeedByType": {
							"*-antiferultra": 0.072,
							"*-blastocerusdichotomus": 0.072,
							"*-bretzianebrascensis": 0.068,
							"*-hippocamelusantisensis": 0.034,
							"*-hippocamelusbisulcus": 0.04,
							"*-mazamaamericana": 0.037,
							"*-mazamabricenii": 0.026,
							"*-mazamajucunda": 0.023,
							"*-mazamanana": 0.023,
							"*-mazamarufa": 0.037,
							"*-mazamarufina": 0.023,
							"*-mazamatemama": 0.037,
							"*-mazamatienhoveni": 0.026,
							"*-odocoileushemionus": 0.068,
							"*-odocoileuslucasi": 0.08,
							"*-odocoileuspandora": 0.04,
							"*-odocoileusvirginianus": 0.072,
							"*-ozotocerosbezoarticus": 0.05,
							"*-passalitesnemorivaga": 0.026,
							"*-pudellacarlae": 0.029,
							"*-pudellamephistophiles": 0.0266,
							"*-pudupuda": 0.032,
							"*-rangifercaribou": 0.09,
							"*-rangiferfennicus": 0.09,
							"*-rangiferplatyrhynchus": 0.065,
							"*-rangifer*": 0.08,
							"*-subulochunyi": 0.02,
							"*-subulogouazoubira": 0.037,
							"*-torontoceroshypnogeos": 0.08,
							"*": 0.005
						},
						"animationSpeed": 2.5,
						"fleeDurationWhenTargetLost": 20000,
						"fleeDurationMS": 500,
						"seekingRange": 10,
						"fleeingDistance": 50,
						"stopOnHurt": true,
						"whenSwimming": false,
						"tagsAppliedToEntity": ["state-moving","state-sprinting"]
					},
						//avoid larger dangerous entities at close range
					{
						"code": "fleeentity-r",
						"priority": 5.6,
						"priorityForCancel": 6.0,
						"animationByType": {"*-rangifer*":"Run","*": "Jump"},
						"minTargetWeight": 2.0,
						"maxTargetWeight": 9999,
						"entityCodes": ["placeholder"],
						"entityTags": [["ferocious","humanoid"]],
						"ReverseTagsCheck": false,
						"skipEntityTagsByType": {"*-rangifertarandusdomesticus":[["carcass","humanoid","nest","state-sneaking"]],"*":[["carcass","nest","state-sneaking"]]},
						"targetLightLevelsByTypes": {"*-rangifer*":[1, 3, 22, 32],"*":[2, 16, 22, 28]},
						"movespeedByType": {
							"*-antiferultra": 0.072,
							"*-blastocerusdichotomus": 0.072,
							"*-bretzianebrascensis": 0.068,
							"*-hippocamelusantisensis": 0.034,
							"*-hippocamelusbisulcus": 0.04,
							"*-mazamaamericana": 0.037,
							"*-mazamabricenii": 0.026,
							"*-mazamajucunda": 0.023,
							"*-mazamanana": 0.023,
							"*-mazamarufa": 0.037,
							"*-mazamarufina": 0.023,
							"*-mazamatemama": 0.037,
							"*-mazamatienhoveni": 0.026,
							"*-odocoileushemionus": 0.068,
							"*-odocoileuslucasi": 0.08,
							"*-odocoileuspandora": 0.04,
							"*-odocoileusvirginianus": 0.072,
							"*-ozotocerosbezoarticus": 0.05,
							"*-passalitesnemorivaga": 0.026,
							"*-pudellacarlae": 0.029,
							"*-pudellamephistophiles": 0.0266,
							"*-pudupuda": 0.032,
							"*-rangifercaribou": 0.09,
							"*-rangiferfennicus": 0.09,
							"*-rangiferplatyrhynchus": 0.065,
							"*-rangifer*": 0.08,
							"*-subulochunyi": 0.02,
							"*-subulogouazoubira": 0.037,
							"*-torontoceroshypnogeos": 0.08,
							"*": 0.005
						},
						"animationSpeed": 2.5,
						"fleeDurationWhenTargetLost": 20000,
						"seekingRange": 20,
						"fleeingDistance": 50,
						"stopOnHurt": true,
						"whenSwimming": false,
						"tagsAppliedToEntity": ["state-moving","state-sprinting"]
					},
						//avoid dangerous entities at close range
					{
						"code": "fleeentity-r",
						"priority": 5.6,
						"priorityForCancel": 6.0,
						"animationByType": {"*-rangifer*":"Run","*": "Jump"},
						"minTargetWeight": 0,
						"maxTargetWeight": 9999,
						"entityCodes": ["placeholder"],
						"entityTags": [["boss","mechanical","rust-creature","swarm","venomous","has-open-fire"]],
						"ReverseTagsCheck": false,
						"skipEntityTags": [["state-sneaking"]],
						"targetLightLevelsByTypes": {"*-rangifer*":[1, 3, 22, 32],"*":[2, 16, 22, 28]},
						"movespeedByType": {
							"*-antiferultra": 0.072,
							"*-blastocerusdichotomus": 0.072,
							"*-bretzianebrascensis": 0.068,
							"*-hippocamelusantisensis": 0.034,
							"*-hippocamelusbisulcus": 0.04,
							"*-mazamaamericana": 0.037,
							"*-mazamabricenii": 0.026,
							"*-mazamajucunda": 0.023,
							"*-mazamanana": 0.023,
							"*-mazamarufa": 0.037,
							"*-mazamarufina": 0.023,
							"*-mazamatemama": 0.037,
							"*-mazamatienhoveni": 0.026,
							"*-odocoileushemionus": 0.068,
							"*-odocoileuslucasi": 0.08,
							"*-odocoileuspandora": 0.04,
							"*-odocoileusvirginianus": 0.072,
							"*-ozotocerosbezoarticus": 0.05,
							"*-passalitesnemorivaga": 0.026,
							"*-pudellacarlae": 0.029,
							"*-pudellamephistophiles": 0.0266,
							"*-pudupuda": 0.032,
							"*-rangifercaribou": 0.09,
							"*-rangiferfennicus": 0.09,
							"*-rangiferplatyrhynchus": 0.065,
							"*-rangifer*": 0.08,
							"*-subulochunyi": 0.02,
							"*-subulogouazoubira": 0.037,
							"*-torontoceroshypnogeos": 0.08,
							"*": 0.005
						},
						"animationSpeed": 2.5,
						"fleeDurationWhenTargetLost": 20000,
						"seekingRange": 20,
						"fleeingDistance": 50,
						"stopOnHurt": true,
						"whenSwimming": false,
						"tagsAppliedToEntity": ["state-moving","state-sprinting"]
					},
						//avoid large dangerous entities at mid range
					{
						"code": "fleeentity-r",
						"priority": 5.2,
						"priorityForCancel": 5.4,
						"animationByType": {"*-bretzia*":"Stot","*-odocoileus*":"Stot","*-ozotoceros*":"Stot","*-torontoceros*":"Stot","*": "Canter"},
						"minTargetWeight": 5,
						"maxTargetWeight": 9999,
						"entityCodes": ["placeholder"],
						"entityTags": [["boss","ferocious","humanoid","mechanical","predator","rust-creature"]],
						"ReverseTagsCheck": false,
						"skipEntityTagsByType": {"*-rangifertarandusdomesticus":[["humanoid","state-sneaking"]],"*":[["state-sneaking"]]},
						"targetLightLevelsByTypes": {"*-rangifer*":[1, 3, 22, 32],"*":[2, 16, 22, 28]},
						"movespeedByType": {
							"*-antiferultra": 0.0225,
							"*-blastocerusdichotomus": 0.0225,
							"*-bretzianebrascensis": 0.022,
							"*-hippocamelusantisensis": 0.024,
							"*-hippocamelusbisulcus": 0.025,
							"*-mazamaamericana": 0.025,
							"*-mazamabricenii": 0.018,
							"*-mazamajucunda": 0.016,
							"*-mazamanana": 0.016,
							"*-mazamarufa": 0.025,
							"*-mazamarufina": 0.016,
							"*-mazamatemama": 0.025,
							"*-mazamatienhoveni": 0.018,
							"*-odocoileushemionus": 0.022,
							"*-odocoileuslucasi": 0.025,
							"*-odocoileuspandora": 0.0125,
							"*-odocoileusvirginianus": 0.0225,
							"*-ozotocerosbezoarticus": 0.025,
							"*-passalitesnemorivaga": 0.018,
							"*-pudellacarlae": 0.0087,
							"*-pudellamephistophiles": 0.008,
							"*-pudupuda": 0.0096,
							"*-rangifercaribou": 0.033,
							"*-rangiferfennicus": 0.033,
							"*-rangiferplatyrhynchus": 0.024,
							"*-rangifer*": 0.03,
							"*-subulochunyi": 0.014,
							"*-subulogouazoubira": 0.025,
							"*-torontoceroshypnogeos": 0.025,
							"*": 0.005
						},
						"animationSpeedByType": {"*-pudella*":2.4,"*-pudu*":2.4,"*":1.5},
						"fleeDurationWhenTargetLost": 10000,
						"seekingRange": 30,
						"fleeingDistance": 50,
						"stopOnHurt": true,
						"whenSwimming": false,
						"tagsAppliedToEntity": ["state-moving","state-sprinting"]
					},
						//fleeing dangerous entity at mid range
					{
						"code": "fleeentity-r",
						"priority": 5.0,
						"priorityForCancel": 5.2,
						"animationByType": {"*-bretzia*":"Stot","*-odocoileus*":"Stot","*-ozotoceros*":"Stot","*-torontoceros*":"Stot","*": "Canter"},
						"minTargetWeight": 0.25,
						"maxTargetWeight": 9999,
						"entityCodes": ["placeholder"],
						"entityTags": [["humanoid","predator"],["ferocious","has-open-fire"]],
						"ReverseTagsCheck": false,
						"skipEntityTagsByType": {"*-rangifertarandusdomesticus":[["humanoid","state-sneaking"]],"*":[["state-sneaking"]]},
						"targetLightLevelsByTypes": {"*-rangifer*":[1, 3, 22, 32],"*":[2, 16, 22, 28]},
						"movespeedByType": {
							"*-antiferultra": 0.0225,
							"*-blastocerusdichotomus": 0.0225,
							"*-bretzianebrascensis": 0.022,
							"*-hippocamelusantisensis": 0.024,
							"*-hippocamelusbisulcus": 0.025,
							"*-mazamaamericana": 0.025,
							"*-mazamabricenii": 0.018,
							"*-mazamajucunda": 0.016,
							"*-mazamanana": 0.016,
							"*-mazamarufa": 0.025,
							"*-mazamarufina": 0.016,
							"*-mazamatemama": 0.025,
							"*-mazamatienhoveni": 0.018,
							"*-odocoileushemionus": 0.022,
							"*-odocoileuslucasi": 0.025,
							"*-odocoileuspandora": 0.0125,
							"*-odocoileusvirginianus": 0.0225,
							"*-ozotocerosbezoarticus": 0.025,
							"*-passalitesnemorivaga": 0.018,
							"*-pudellacarlae": 0.0087,
							"*-pudellamephistophiles": 0.008,
							"*-pudupuda": 0.0096,
							"*-rangifercaribou": 0.033,
							"*-rangiferfennicus": 0.033,
							"*-rangiferplatyrhynchus": 0.024,
							"*-rangifer*": 0.03,
							"*-subulochunyi": 0.014,
							"*-subulogouazoubira": 0.025,
							"*-torontoceroshypnogeos": 0.025,
							"*": 0.005
						},
						"animationSpeedByType": {"*-pudella*":2.4,"*-pudu*":2.4,"*":1.5},
						"seekingRange": 50,
						"fleeingDistance" : 75,
						"fleeDurationWhenTargetLost": 20000,
						"tagsAppliedToEntity": ["state-moving","state-sprinting"],
						"whenSwimming": false,
						"whenNotInEmotionState": ["aggressiveondamage","fleeondamage"]
					},
						//avoid large dangerous entities at long range
					{
						"code": "fleeentity-r",
						"priority": 5.0,
						"priorityForCancel": 5.2,
						"animation": "Trot",
						"minTargetWeight": 10,
						"maxTargetWeight": 9999,
						"entityCodes": ["placeholder"],
						"entityTags": [["boss","ferocious","humanoid","rust-creature"]],
						"ReverseTagsCheck": false,
						"skipEntityTagsByType": {"*-rangifertarandusdomesticus":[["carcass","humanoid","nest","state-sneaking"]],"*":[["carcass","nest","state-sneaking"]]},
						"targetLightLevelsByTypes": {"*-rangifer*":[1, 3, 22, 32],"*":[2, 16, 22, 28]},
						"movespeedByType": {
							"*-antiferultra": 0.0072,
							"*-blastocerusdichotomus": 0.0072,
							"*-bretzianebrascensis": 0.0068,
							"*-hippocamelusantisensis": 0.0034,
							"*-hippocamelusbisulcus": 0.004,
							"*-mazamaamericana": 0.0037,
							"*-mazamabricenii": 0.0026,
							"*-mazamajucunda": 0.0023,
							"*-mazamanana": 0.0023,
							"*-mazamarufa": 0.0037,
							"*-mazamarufina": 0.0023,
							"*-mazamatemama": 0.0037,
							"*-mazamatienhoveni": 0.0026,
							"*-odocoileushemionus": 0.0068,
							"*-odocoileuslucasi": 0.008,
							"*-odocoileuspandora": 0.004,
							"*-odocoileusvirginianus": 0.0072,
							"*-ozotocerosbezoarticus": 0.004,
							"*-passalitesnemorivaga": 0.0026,
							"*-pudellacarlae": 0.0029,
							"*-pudellamephistophiles": 0.00266,
							"*-pudupuda": 0.0032,
							"*-rangifercaribou": 0.01,
							"*-rangiferfennicus": 0.01,
							"*-rangiferplatyrhynchus": 0.005,
							"*-rangifer*": 0.008,
							"*-subulochunyi": 0.002,
							"*-subulogouazoubira": 0.0037,
							"*-torontoceroshypnogeos": 0.008,
							"*": 0.005
						},
						"animationSpeedByType": {"*-pudella*":1.6,"*-pudu*":1.6,"*":1},
						"stopOnHurt": true,
						"whenSwimming": false,
						"seekingRange": 50,
						"fleeingDistance": 75,
						"tagsAppliedToEntity": ["state-moving"]
					},
					//-------------------------Food Seeking-------------------------//
						//if hungry eat favorite foods from POI
					{
						"code": "seekfoodandeat-r",
						"priority": 4.7,
						"priorityForCancel": 5.0,
						"animation": "Trot",
						"eatAnimation": "Eat",
						"eatAnimationLooseItems": "Eat",
						"targetLightLevelsByTypes": {"*-rangifer*":[1, 3, 22, 32],"*":[2, 16, 22, 28]},
						"movespeedByType": {
							"*-antiferultra": 0.0072,
							"*-blastocerusdichotomus": 0.0072,
							"*-bretzianebrascensis": 0.0068,
							"*-hippocamelusantisensis": 0.0034,
							"*-hippocamelusbisulcus": 0.004,
							"*-mazamaamericana": 0.0037,
							"*-mazamabricenii": 0.0026,
							"*-mazamajucunda": 0.0023,
							"*-mazamanana": 0.0023,
							"*-mazamarufa": 0.0037,
							"*-mazamarufina": 0.0023,
							"*-mazamatemama": 0.0037,
							"*-mazamatienhoveni": 0.0026,
							"*-odocoileushemionus": 0.0068,
							"*-odocoileuslucasi": 0.008,
							"*-odocoileuspandora": 0.004,
							"*-odocoileusvirginianus": 0.0072,
							"*-ozotocerosbezoarticus": 0.004,
							"*-passalitesnemorivaga": 0.0026,
							"*-pudellacarlae": 0.0029,
							"*-pudellamephistophiles": 0.00266,
							"*-pudupuda": 0.0032,
							"*-rangifercaribou": 0.01,
							"*-rangiferfennicus": 0.01,
							"*-rangiferplatyrhynchus": 0.005,
							"*-rangifer*": 0.008,
							"*-subulochunyi": 0.002,
							"*-subulogouazoubira": 0.0037,
							"*-torontoceroshypnogeos": 0.008,
							"*": 0.005
						},
						"animationSpeedByType": {"*-pudella*":1.6,"*-pudu*":1.6,"*":1},
						"mindurationMs": 5000,
						"maxdurationMs": 5000,
						"mincooldownHours": 1,
						"maxcooldownHours": 4,
						"eatTime": 2,
						"eatLooseItems": true,
						"eatSound" : "game:creature/animal-eat1",
						"stopOnHurt": true,
						"whenSwimming": false,
						"DontExecuteIfRecentlyAttacked": true,
						"tagsAppliedToEntity": ["state-moving"],
						"whenNotInEmotionState": ["aggressiveondamage","fleeondamage"]
					},
					//-------------------------Leave Hazardous condtions-------------------------//
						//getting out of water
					{
						"code": "getoutofwater-r",
						"priority": 3.61,
						"priorityForCancel": 5.0,
						"animation": "Swim",
						"movespeedByType": {
							"*-blastocerusdichotomus":0.04,
							"*": 0.02
						},
						"animationSpeed": 2,
						"rangeSearchAttemptsFactor": 2.5,
						"whenSwimming": true,
						"tagsAppliedToEntity": ["state-moving","state-swimming"]
					},		
						//swim wandering to find the shore			
					{
						"code": "wander-r",
						"priority": 3.6,
						"priorityForCancel": 5.0,
						"animation": "Swim",
						"movespeedByType": {
							"*-blastocerusdichotomus":0.04,
							"*": 0.02
						},
						"animationSpeed": 2,
						"stopOnHurt": true,
						"whenSwimming": true,
						"DontExecuteIfRecentlyAttacked": true,
						"tagsAppliedToEntity": ["state-moving","state-swimming"],
						"whenNotInEmotionState": ["aggressiveondamage","fleeondamage"]
					},	
						//stay close to family in the dark				
					{
						"code": "stayclosetoentity-r",
						"priority": 3.51,
						"priorityForCancel": 5.0,
						"animation": "Canter",
						"entityCodes": ["cervidae-odocoileini-adult-female-{type}"],
						"IgnoreDeadEntities": false,
						"targetLightLevelsByTypes": {"*-rangifer*":[1, 3, 22, 32],"*":[2, 16, 22, 28]},
						"movespeedByType": {
							"*-antiferultra": 0.0225,
							"*-blastocerusdichotomus": 0.0225,
							"*-bretzianebrascensis": 0.022,
							"*-hippocamelusantisensis": 0.024,
							"*-hippocamelusbisulcus": 0.025,
							"*-mazamaamericana": 0.025,
							"*-mazamabricenii": 0.018,
							"*-mazamajucunda": 0.016,
							"*-mazamanana": 0.016,
							"*-mazamarufa": 0.025,
							"*-mazamarufina": 0.016,
							"*-mazamatemama": 0.025,
							"*-mazamatienhoveni": 0.018,
							"*-odocoileushemionus": 0.022,
							"*-odocoileuslucasi": 0.025,
							"*-odocoileuspandora": 0.0125,
							"*-odocoileusvirginianus": 0.0225,
							"*-ozotocerosbezoarticus": 0.025,
							"*-passalitesnemorivaga": 0.018,
							"*-pudellacarlae": 0.0087,
							"*-pudellamephistophiles": 0.008,
							"*-pudupuda": 0.0096,
							"*-rangifercaribou": 0.033,
							"*-rangiferfennicus": 0.033,
							"*-rangiferplatyrhynchus": 0.024,
							"*-rangifer*": 0.03,
							"*-subulochunyi": 0.014,
							"*-subulogouazoubira": 0.025,
							"*-torontoceroshypnogeos": 0.025,
							"*": 0.005
						},
						"animationSpeedByType": {"*-pudella*":2.4,"*-pudu*":2.4,"*":1.5},
						"TargetEntitiesWithSameHerdId": true,
						"seekingRange": 240,
						"ExtraMinDistanceToTarget": 1,
						"extraTargetDistance": 1,
						"randomTargetOffset" : 1,
						"maxFollowTimeSec": 240, 
						"EntityLightLevels": [0,18],
						"EntityLightLevelType": "TimeOfDaySunLight",
						"stopOnHurt": true,
						"whenSwimming": false,
						"DontExecuteIfRecentlyAttacked": true,
						"tagsAppliedToEntity": ["state-moving"],
						"whenNotInEmotionState": ["aggressiveondamage","fleeondamage"]
					},	
						//stay close to family during day		
					{
						"code": "stayclosetoentity-r",
						"priority": 3.51,
						"priorityForCancel": 5.0,
						"animation": "Canter",
						"entityCodes": ["cervidae-odocoileini-adult-female-{type}"],
						"IgnoreDeadEntities": false,
						"targetLightLevelsByTypes": {"*-rangifer*":[1, 3, 22, 32],"*":[2, 16, 22, 28]},
						"movespeedByType": {
							"*-antiferultra": 0.0225,
							"*-blastocerusdichotomus": 0.0225,
							"*-bretzianebrascensis": 0.022,
							"*-hippocamelusantisensis": 0.024,
							"*-hippocamelusbisulcus": 0.025,
							"*-mazamaamericana": 0.025,
							"*-mazamabricenii": 0.018,
							"*-mazamajucunda": 0.016,
							"*-mazamanana": 0.016,
							"*-mazamarufa": 0.025,
							"*-mazamarufina": 0.016,
							"*-mazamatemama": 0.025,
							"*-mazamatienhoveni": 0.018,
							"*-odocoileushemionus": 0.022,
							"*-odocoileuslucasi": 0.025,
							"*-odocoileuspandora": 0.0125,
							"*-odocoileusvirginianus": 0.0225,
							"*-ozotocerosbezoarticus": 0.025,
							"*-passalitesnemorivaga": 0.018,
							"*-pudellacarlae": 0.0087,
							"*-pudellamephistophiles": 0.008,
							"*-pudupuda": 0.0096,
							"*-rangifercaribou": 0.033,
							"*-rangiferfennicus": 0.033,
							"*-rangiferplatyrhynchus": 0.024,
							"*-rangifer*": 0.03,
							"*-subulochunyi": 0.014,
							"*-subulogouazoubira": 0.025,
							"*-torontoceroshypnogeos": 0.025,
							"*": 0.005
						},
						"animationSpeedByType": {"*-pudella*":2.4,"*-pudu*":2.4,"*":1.5},
						"seekingRange": 240,
						"TargetEntitiesWithSameHerdId": true,
						"ExtraMinDistanceToTarget": 4,
						"extraTargetDistance": 4,
						"randomTargetOffset" : 2,
						"maxFollowTimeSec": 240, 
						"EntityLightLevels": [18,32],
						"EntityLightLevelType": "TimeOfDaySunLight",
						"stopOnHurt": true,
						"whenSwimming": false,
						"DontExecuteIfRecentlyAttacked": true,
						"tagsAppliedToEntity": ["state-moving"],
						"whenNotInEmotionState": ["aggressiveondamage","fleeondamage","saturated"]
					},		
						//stay close to family any time, allows for other herds
					{
						"code": "stayclosetoentity-r",
						"priority": 3.5,
						"priorityForCancel": 5.0,
						"animation": "Canter",
						"entityCodes": ["cervidae-odocoileini-adult-female-{type}","cervidae-odocoileini-adult-male-{type}","cervidae-odocoileini-baby-male-{type}","cervidae-odocoileini-baby-male-{type}"],
						"IgnoreDeadEntities": false,
						"targetLightLevelsByTypes": {"*-rangifer*":[1, 3, 22, 32],"*":[2, 16, 22, 28]},
						"movespeedByType": {
							"*-antiferultra": 0.0225,
							"*-blastocerusdichotomus": 0.0225,
							"*-bretzianebrascensis": 0.022,
							"*-hippocamelusantisensis": 0.024,
							"*-hippocamelusbisulcus": 0.025,
							"*-mazamaamericana": 0.025,
							"*-mazamabricenii": 0.018,
							"*-mazamajucunda": 0.016,
							"*-mazamanana": 0.016,
							"*-mazamarufa": 0.025,
							"*-mazamarufina": 0.016,
							"*-mazamatemama": 0.025,
							"*-mazamatienhoveni": 0.018,
							"*-odocoileushemionus": 0.022,
							"*-odocoileuslucasi": 0.025,
							"*-odocoileuspandora": 0.0125,
							"*-odocoileusvirginianus": 0.0225,
							"*-ozotocerosbezoarticus": 0.025,
							"*-passalitesnemorivaga": 0.018,
							"*-pudellacarlae": 0.0087,
							"*-pudellamephistophiles": 0.008,
							"*-pudupuda": 0.0096,
							"*-rangifercaribou": 0.033,
							"*-rangiferfennicus": 0.033,
							"*-rangiferplatyrhynchus": 0.024,
							"*-rangifer*": 0.03,
							"*-subulochunyi": 0.014,
							"*-subulogouazoubira": 0.025,
							"*-torontoceroshypnogeos": 0.025,
							"*": 0.005
						},
						"animationSpeedByType": {"*-pudella*":2.4,"*-pudu*":2.4,"*":1.5},
						"seekingRange": 240,
						"ExtraMinDistanceToTarget": 6,
						"extraTargetDistance": 4,
						"randomTargetOffset" : 3,
						"maxFollowTimeSec": 240, 
						"EntityLightLevelType": "TimeOfDaySunLight",
						"stopOnHurt": true,
						"whenSwimming": false,
						"DontExecuteIfRecentlyAttacked": true,
						"tagsAppliedToEntity": ["state-moving"],
						"whenNotInEmotionState": ["aggressiveondamage","fleeondamage","saturated"]
					},		
						//wander out of darkness		
					{
						"code": "wander-r",
						"priority": 3.42,
						"priorityForCancel": 5.0,
						"animation": "Trot",
						"mindurationMs": 12000,
						"movespeedByType": {
							"*-antiferultra": 0.0072,
							"*-blastocerusdichotomus": 0.0072,
							"*-bretzianebrascensis": 0.0068,
							"*-hippocamelusantisensis": 0.0034,
							"*-hippocamelusbisulcus": 0.004,
							"*-mazamaamericana": 0.0037,
							"*-mazamabricenii": 0.0026,
							"*-mazamajucunda": 0.0023,
							"*-mazamanana": 0.0023,
							"*-mazamarufa": 0.0037,
							"*-mazamarufina": 0.0023,
							"*-mazamatemama": 0.0037,
							"*-mazamatienhoveni": 0.0026,
							"*-odocoileushemionus": 0.0068,
							"*-odocoileuslucasi": 0.008,
							"*-odocoileuspandora": 0.004,
							"*-odocoileusvirginianus": 0.0072,
							"*-ozotocerosbezoarticus": 0.004,
							"*-passalitesnemorivaga": 0.0026,
							"*-pudellacarlae": 0.0029,
							"*-pudellamephistophiles": 0.00266,
							"*-pudupuda": 0.0032,
							"*-rangifercaribou": 0.01,
							"*-rangiferfennicus": 0.01,
							"*-rangiferplatyrhynchus": 0.005,
							"*-rangifer*": 0.008,
							"*-subulochunyi": 0.002,
							"*-subulogouazoubira": 0.0037,
							"*-torontoceroshypnogeos": 0.008,
							"*": 0.005
						},
						"animationSpeedByType": {"*-pudella*":1.6,"*-pudu*":1.6,"*":1},
						"EntityLightLevels": [0,8],
						"EntityLightLevelType": "MaxLight",
						"PreferredLightLevel": 32,
						"PreferredLightLevelType": "MaxLight",
						"MaxBlocksChecked" : 27,
						"wanderVerticalRangeMax": 3,
						"stopOnHurt": true,
						"whenSwimming": false,
						"DontExecuteIfRecentlyAttacked": true,
						"tagsAppliedToEntity": ["state-moving"],
						"whenNotInEmotionState": ["aggressiveondamage","fleeondamage"]
					},			
						//wander out of cover below a certain temp to get into direct sunlight, should be full spawn range for open space dwelling deer, quarter for both, min spawn range for forest dwelling deer
					{
						"code": "wander-r",
						"priority": 3.41,
						"priorityForCancel": 5.0,
						"animation": "Trot",
						"mindurationMs": 12000,
						"movespeedByType": {
							"*-antiferultra": 0.0072,
							"*-blastocerusdichotomus": 0.0072,
							"*-bretzianebrascensis": 0.0068,
							"*-hippocamelusantisensis": 0.0034,
							"*-hippocamelusbisulcus": 0.004,
							"*-mazamaamericana": 0.0037,
							"*-mazamabricenii": 0.0026,
							"*-mazamajucunda": 0.0023,
							"*-mazamanana": 0.0023,
							"*-mazamarufa": 0.0037,
							"*-mazamarufina": 0.0023,
							"*-mazamatemama": 0.0037,
							"*-mazamatienhoveni": 0.0026,
							"*-odocoileushemionus": 0.0068,
							"*-odocoileuslucasi": 0.008,
							"*-odocoileuspandora": 0.004,
							"*-odocoileusvirginianus": 0.0072,
							"*-ozotocerosbezoarticus": 0.004,
							"*-passalitesnemorivaga": 0.0026,
							"*-pudellacarlae": 0.0029,
							"*-pudellamephistophiles": 0.00266,
							"*-pudupuda": 0.0032,
							"*-rangifercaribou": 0.01,
							"*-rangiferfennicus": 0.01,
							"*-rangiferplatyrhynchus": 0.005,
							"*-rangifer*": 0.008,
							"*-subulochunyi": 0.002,
							"*-subulogouazoubira": 0.0037,
							"*-torontoceroshypnogeos": 0.008,
							"*": 0.005
						},
						"animationSpeedByType": {"*-pudella*":1.6,"*-pudu*":1.6,"*":1},
						"TemperatureRangeByType": {
							"*antiferultra":[-40,-8],
							"*blastocerusdichotomus":[-40,-3],
							"*bretzianebrascensis":[-40,-12],
							"*hippocamelusantisensis":[-40,-2],
							"*hippocamelusbisulcus":[-40,-14],
							"*mazamaamericana":[-40,8],
							"*mazamabricenii":[-40,10],
							"*mazamajucunda":[-40,-2],
							"*mazamanana":[-40,-2],
							"*mazamarufa":[-40,0],
							"*mazamarufina":[-40,8],
							"*mazamatemama":[-40,2],
							"*mazamatienhoveni":[-40,6],
							"*odocoileushemionus":[-40,-26],
							"*odocoileuslucasi":[-40,-18],
							"*odocoileuspandora":[-40,6],
							"*odocoileusvirginianus":[-40,-20],
							"*ozotocerosbezoarticus":[-40,-6],
							"*passalitesnemorivaga":[-40,6],
							"*pudellacarlae":[-40,6],
							"*pudellamephistophiles":[-40,6],
							"*pudupuda":[-40,-10],
							"*rangiferarcticus":[-40,-8],
							"*rangifercaribou":[-40,-30],
							"*rangiferfennicus":[-40,-18],
							"*rangifergroenlandicus":[-40,-8],
							"*rangiferplatyrhynchus":[-40,-4],
							"*rangifertarandusdomesticus":[-40,0],
							"*rangifertarandus":[-40,0],
							"*subulochunyi":[-40,2],
							"*subulogouazoubira":[-40,-2],
							"*torontoceroshypnogeos":[-40,-16]
						},
						"EntityLightLevels": [0,20],
						"EntityLightLevelType": "MaxTimeOfDayLight",
						"PreferredLightLevel": 32,
						"PreferredLightLevelType": "MaxTimeOfDayLight",
						"MaxBlocksChecked" : 27,
						"stopOnHurt": true,
						"whenSwimming": false,
						"DontExecuteIfRecentlyAttacked": true,
						"tagsAppliedToEntity": ["state-moving"],
						"whenNotInEmotionState": ["aggressiveondamage","fleeondamage"]
					},
					//-------------------------Domestic Behaviors-------------------------//
						//follow lead holder
					{
						"code": "followleadholder",
						"priority": 2.5,
						"priorityForCancel": 3.0,
						"animation": "Trot",
						"movespeedByType": {
							"*-antiferultra": 0.0072,
							"*-blastocerusdichotomus": 0.0072,
							"*-bretzianebrascensis": 0.0068,
							"*-hippocamelusantisensis": 0.0034,
							"*-hippocamelusbisulcus": 0.004,
							"*-mazamaamericana": 0.0037,
							"*-mazamabricenii": 0.0026,
							"*-mazamajucunda": 0.0023,
							"*-mazamanana": 0.0023,
							"*-mazamarufa": 0.0037,
							"*-mazamarufina": 0.0023,
							"*-mazamatemama": 0.0037,
							"*-mazamatienhoveni": 0.0026,
							"*-odocoileushemionus": 0.0068,
							"*-odocoileuslucasi": 0.008,
							"*-odocoileuspandora": 0.004,
							"*-odocoileusvirginianus": 0.0072,
							"*-ozotocerosbezoarticus": 0.004,
							"*-passalitesnemorivaga": 0.0026,
							"*-pudellacarlae": 0.0029,
							"*-pudellamephistophiles": 0.00266,
							"*-pudupuda": 0.0032,
							"*-rangifercaribou": 0.01,
							"*-rangiferfennicus": 0.01,
							"*-rangiferplatyrhynchus": 0.005,
							"*-rangifer*": 0.008,
							"*-subulochunyi": 0.002,
							"*-subulogouazoubira": 0.0037,
							"*-torontoceroshypnogeos": 0.008,
							"*": 0.005
						},
						"animationSpeedByType": {"*-pudella*":1.6,"*-pudu*":1.6,"*":1},
						"minGeneration": 2,
						"stopOnHurt": true,
						"tagsAppliedToEntity": ["state-moving"],
						"whenNotInEmotionState": ["aggressiveondamage","fleeondamage"]
					},
					//-------------------------Conditional Down Time-------------------------//
						//deer sleeping times
					{
						"code": "idle-r",
						"enabledByType": {"*rangifer*": false,"*": true},
						"priority": 1.5,
						"priorityForCancel": 6,
						"animation": "Sleep",
						"mindurationMs": 30000,
						"maxdurationMs": 60000,
						"mincooldownHours": 0.5,
						"maxcooldownhours": 1.5,
						"animationSpeed": 0.3,
						"stopOnHurt": true,
						"whenSwimming": false,
						"whenFeetInLiquid": false,
						"DontExecuteIfRecentlyAttacked": true,
						"tagsAppliedToEntity": ["state-sneaking"],
						"whenNotInEmotionState": ["aggressiveondamage","fleeondamage"]
					},
						//reindeer sleeping times
					{
						"code": "idle-r",
						"enabledByType": {"*rangifer*": true,"*": false},
						"priority": 1.5,
						"priorityForCancel": 6,
						"animation": "Sleep",
						"mindurationMs": 720000,
						"maxdurationMs": 840000,
						"mincooldownHours": 16.25,
						"maxcooldownhours": 17,
						"animationSpeed": 0.3,
						"EntityLightLevels": [6,16],
						"EntityLightLevelType": "TimeOfDaySunLight",
						"stopOnHurt": true,
						"whenSwimming": false,
						"whenFeetInLiquid": false,
						"DontExecuteIfRecentlyAttacked": true,
						"tagsAppliedToEntity": ["state-sneaking"],
						"whenNotInEmotionState": ["aggressiveondamage","fleeondamage"]
					},						
						//sitting when in shade over certain temp
					{
						"code": "idle-r",
						"priority": 1.4,
						"priorityForCancel": 1.5,
						"animation": "Sit",
						"mindurationMs": 60000,
						"maxdurationMs": 480000,
						"minCooldownhours": 0.25,
						"maxCoolDownhours": 1,
						"TemperatureRangeByType": {
							"*antiferultra":[36,60],
							"*blastocerusdichotomus":[36,60],
							"*bretzianebrascensis":[30,60],
							"*hippocamelusantisensis":[36,60],
							"*hippocamelusbisulcus":[28,60],
							"*mazamaamericana":[36,60],
							"*mazamabricenii":[36,60],
							"*mazamajucunda":[36,60],
							"*mazamanana":[36,60],
							"*mazamarufa":[36,60],
							"*mazamarufina":[36,60],
							"*mazamatemama":[36,60],
							"*mazamatienhoveni":[36,60],
							"*odocoileushemionus":[36,60],
							"*odocoileuslucasi":[32,60],
							"*odocoileuspandora":[36,60],
							"*odocoileusvirginianus":[36,60],
							"*ozotocerosbezoarticus":[36,60],
							"*passalitesnemorivaga":[36,60],
							"*pudellacarlae":[32,60],
							"*pudellamephistophiles":[36,60],
							"*pudupuda":[30,60],
							"*rangiferarcticus":[10,60],
							"*rangifercaribou":[22,60],
							"*rangiferfennicus":[22,60],
							"*rangifergroenlandicus":[10,60],
							"*rangiferplatyrhynchus":[14,60],
							"*rangifertarandusdomesticus":[9,60],
							"*rangifertarandus":[9,60],
							"*subulochunyi":[36,60],
							"*subulogouazoubira":[36,60],
							"*torontoceroshypnogeos":[26,60]
						},
						"EntityLightLevels": [8,21],
						"EntityLightLevelType": "OnlyBlockLight",
						"duringDayTimeFramesHours": [[12,16]],
				  	"DayTimeFrameInaccuracy": 0.75,
						"StopIfOutOfDayTimeFrames" : true,
						"stopOnHurt": true,
						"whenSwimming": false,
						"whenFeetInLiquid": false,
						"DontExecuteIfRecentlyAttacked": false,
						"whenNotInEmotionState": ["aggressiveondamage","fleeondamage"]
					},	
						//grazing on certain blocks
					{
						"code": "idle-r",
						"priority": 1.4,
						"priorityForCancel": 2.0,
						"animation": "Eat2",
						"mindurationMs": 5000,
						"maxdurationMs": 5000,
						"minCooldownMs": 5000,
						"maxCooldownMs": 20000,
						//"AllowedBlockBelowCode": ["crop-*","fern-*","flower-*","forestfloor-*","mushroom-*","tallfern-*","tallgrass-*","tallplant-*"],
						"stopOnHurt": true,
						"whenSwimming": false,
						"whenFeetInLiquid": false,
						"DontExecuteIfRecentlyAttacked": false,
						"whenNotInEmotionState": ["aggressiveondamage","fleeondamage"]
					},
						//wander into cover above a certain light level
					{
						"code": "wander-r",
						"priority": 1.3,
						"priorityForCancel": 1.42,
						"animation": "Trot",
						"mindurationMs": 12000,
						"minCooldownhours": 0.125,
						"maxCoolDownhours": 0.25,
						"movespeedByType": {
							"*-antiferultra": 0.0072,
							"*-blastocerusdichotomus": 0.0072,
							"*-bretzianebrascensis": 0.0068,
							"*-hippocamelusantisensis": 0.0034,
							"*-hippocamelusbisulcus": 0.004,
							"*-mazamaamericana": 0.0037,
							"*-mazamabricenii": 0.0026,
							"*-mazamajucunda": 0.0023,
							"*-mazamanana": 0.0023,
							"*-mazamarufa": 0.0037,
							"*-mazamarufina": 0.0023,
							"*-mazamatemama": 0.0037,
							"*-mazamatienhoveni": 0.0026,
							"*-odocoileushemionus": 0.0068,
							"*-odocoileuslucasi": 0.008,
							"*-odocoileuspandora": 0.004,
							"*-odocoileusvirginianus": 0.0072,
							"*-ozotocerosbezoarticus": 0.004,
							"*-passalitesnemorivaga": 0.0026,
							"*-pudellacarlae": 0.0029,
							"*-pudellamephistophiles": 0.00266,
							"*-pudupuda": 0.0032,
							"*-rangifercaribou": 0.01,
							"*-rangiferfennicus": 0.01,
							"*-rangiferplatyrhynchus": 0.005,
							"*-rangifer*": 0.008,
							"*-subulochunyi": 0.002,
							"*-subulogouazoubira": 0.0037,
							"*-torontoceroshypnogeos": 0.008,
							"*": 0.005
						},
						"animationSpeed": 1,
						"TemperatureRangeByType": {
							"*antiferultra":[36,60],
							"*blastocerusdichotomus":[36,60],
							"*bretzianebrascensis":[30,60],
							"*hippocamelusantisensis":[36,60],
							"*hippocamelusbisulcus":[28,60],
							"*mazamaamericana":[36,60],
							"*mazamabricenii":[36,60],
							"*mazamajucunda":[36,60],
							"*mazamanana":[36,60],
							"*mazamarufa":[36,60],
							"*mazamarufina":[36,60],
							"*mazamatemama":[36,60],
							"*mazamatienhoveni":[36,60],
							"*odocoileushemionus":[36,60],
							"*odocoileuslucasi":[32,60],
							"*odocoileuspandora":[36,60],
							"*odocoileusvirginianus":[36,60],
							"*ozotocerosbezoarticus":[36,60],
							"*passalitesnemorivaga":[36,60],
							"*pudellacarlae":[32,60],
							"*pudellamephistophiles":[36,60],
							"*pudupuda":[30,60],
							"*rangiferarcticus":[10,60],
							"*rangifercaribou":[22,60],
							"*rangiferfennicus":[22,60],
							"*rangifergroenlandicus":[10,60],
							"*rangiferplatyrhynchus":[14,60],
							"*rangifertarandusdomesticus":[9,60],
							"*rangifertarandus":[9,60],
							"*subulochunyi":[36,60],
							"*subulogouazoubira":[36,60],
							"*torontoceroshypnogeos":[26,60]
						},
						"EntityLightLevels": [22,32],
						"EntityLightLevelType": "TimeOfDaySunLight",
						"PreferredLightLevel": 20,
						"PreferredLightLevelType": "MaxTimeOfDayLight",
						"MaxBlocksChecked" : 27,
						"stopOnHurt": true,
						"whenSwimming": false,
						"DontExecuteIfRecentlyAttacked": true,
						"tagsAppliedToEntity": ["state-moving"],
						"whenNotInEmotionState": ["aggressiveondamage","fleeondamage"]
					},
						//wander at peak light levels
					{
						"code": "wander-r",
						"priority": 1.3,
						"priorityForCancel": 2.0,
						"animation": "Trot",
						"mindurationMs": 4000,
						"executionChance": 0.5,
						"minCooldownhours": 0.25,
						"maxCoolDownhours": 2.5,
						"movespeedByType": {
							"*-antiferultra": 0.0072,
							"*-blastocerusdichotomus": 0.0072,
							"*-bretzianebrascensis": 0.0068,
							"*-hippocamelusantisensis": 0.0034,
							"*-hippocamelusbisulcus": 0.004,
							"*-mazamaamericana": 0.0037,
							"*-mazamabricenii": 0.0026,
							"*-mazamajucunda": 0.0023,
							"*-mazamanana": 0.0023,
							"*-mazamarufa": 0.0037,
							"*-mazamarufina": 0.0023,
							"*-mazamatemama": 0.0037,
							"*-mazamatienhoveni": 0.0026,
							"*-odocoileushemionus": 0.0068,
							"*-odocoileuslucasi": 0.008,
							"*-odocoileuspandora": 0.004,
							"*-odocoileusvirginianus": 0.0072,
							"*-ozotocerosbezoarticus": 0.004,
							"*-passalitesnemorivaga": 0.0026,
							"*-pudellacarlae": 0.0029,
							"*-pudellamephistophiles": 0.00266,
							"*-pudupuda": 0.0032,
							"*-rangifercaribou": 0.01,
							"*-rangiferfennicus": 0.01,
							"*-rangiferplatyrhynchus": 0.005,
							"*-rangifer*": 0.008,
							"*-subulochunyi": 0.002,
							"*-subulogouazoubira": 0.0037,
							"*-torontoceroshypnogeos": 0.008,
							"*": 0.005
						},
						"animationSpeedByType": {"*-pudella*":1.6,"*-pudu*":1.6,"*":1},
						"EntityLightLevelsByType": {
							"@.*-(blastocerusdichotomus|mazamaamericana|mazamabricenii|mazamajucunda|mazamanana|mazamarufa|mazamarufina|mazamatemama|mazamatienhoveni)":[19,19],
							"@.*-(ozotocerosbezoarticus|pudellacarlae|pudellamephistophiles|pudupuda|rangifercaribou|rangiferfennicus)":[20,20],
							"@.*-(hippocamelusantisensis|hippocamelusbisulcus|rangiferarcticus|rangifergroenlandicus|rangiferplatyrhynchus|rangifertarandusdomesticus|rangifertarandus)":[21,21],
							"@.*-(antiferultra|bretzianebrascensis|passalitesnemorivaga|subulochunyi|subulogouazoubira)":[22,22],
							"@.*-(torontoceroshypnogeos)":[18,19]
						},
						"EntityLightLevelType": "TimeOfDaySunLight",
						"stopOnHurt": true,
						"whenSwimming": false,
						"DontExecuteIfRecentlyAttacked": true,
						"tagsAppliedToEntity": ["state-moving"],
						"whenNotInEmotionState": ["aggressiveondamage","fleeondamage"]
					},
					//-------------------------Down Time-------------------------//
						//wandering canter at any time
					{
						"code": "wander-r",
						"priority": 0.8,
						"priorityForCancel": 2.0,
						"animationByType": {"*-bretzia*":"Stot","*-odocoileus*":"Stot","*-ozotoceros*":"Stot","*-torontoceros*":"Stot","*": "Canter"},
						"mindurationMs": 8000,
						"executionChance": 0.025,
						"movespeedByType": {
							"*-antiferultra": 0.0225,
							"*-blastocerusdichotomus": 0.0225,
							"*-bretzianebrascensis": 0.022,
							"*-hippocamelusantisensis": 0.024,
							"*-hippocamelusbisulcus": 0.025,
							"*-mazamaamericana": 0.025,
							"*-mazamabricenii": 0.018,
							"*-mazamajucunda": 0.016,
							"*-mazamanana": 0.016,
							"*-mazamarufa": 0.025,
							"*-mazamarufina": 0.016,
							"*-mazamatemama": 0.025,
							"*-mazamatienhoveni": 0.018,
							"*-odocoileushemionus": 0.022,
							"*-odocoileuslucasi": 0.025,
							"*-odocoileuspandora": 0.0125,
							"*-odocoileusvirginianus": 0.0225,
							"*-ozotocerosbezoarticus": 0.025,
							"*-passalitesnemorivaga": 0.018,
							"*-pudellacarlae": 0.0087,
							"*-pudellamephistophiles": 0.008,
							"*-pudupuda": 0.0096,
							"*-rangifercaribou": 0.033,
							"*-rangiferfennicus": 0.033,
							"*-rangiferplatyrhynchus": 0.024,
							"*-rangifer*": 0.03,
							"*-subulochunyi": 0.014,
							"*-subulogouazoubira": 0.025,
							"*-torontoceroshypnogeos": 0.025,
							"*": 0.005
						},
						"animationSpeedByType": {"*-pudella*":2.4,"*-pudu*":2.4,"*":1.5},
						"stopOnHurt": true,
						"whenSwimming": false,
						"DontExecuteIfRecentlyAttacked": true,
						"tagsAppliedToEntity": ["state-moving"],
						"whenNotInEmotionState": ["aggressiveondamage","fleeondamage"]
					},
						//wandering trot at any time
					{
						"code": "wander-r",
						"priority": 0.8,
						"priorityForCancel": 2.0,
						"animation": "Trot",
						"mindurationMs": 8000,
						"executionChance": 0.05,
						"movespeedByType": {
							"*-antiferultra": 0.0072,
							"*-blastocerusdichotomus": 0.0072,
							"*-bretzianebrascensis": 0.0068,
							"*-hippocamelusantisensis": 0.0034,
							"*-hippocamelusbisulcus": 0.004,
							"*-mazamaamericana": 0.0037,
							"*-mazamabricenii": 0.0026,
							"*-mazamajucunda": 0.0023,
							"*-mazamanana": 0.0023,
							"*-mazamarufa": 0.0037,
							"*-mazamarufina": 0.0023,
							"*-mazamatemama": 0.0037,
							"*-mazamatienhoveni": 0.0026,
							"*-odocoileushemionus": 0.0068,
							"*-odocoileuslucasi": 0.008,
							"*-odocoileuspandora": 0.004,
							"*-odocoileusvirginianus": 0.0072,
							"*-ozotocerosbezoarticus": 0.004,
							"*-passalitesnemorivaga": 0.0026,
							"*-pudellacarlae": 0.0029,
							"*-pudellamephistophiles": 0.00266,
							"*-pudupuda": 0.0032,
							"*-rangifercaribou": 0.01,
							"*-rangiferfennicus": 0.01,
							"*-rangiferplatyrhynchus": 0.005,
							"*-rangifer*": 0.008,
							"*-subulochunyi": 0.002,
							"*-subulogouazoubira": 0.0037,
							"*-torontoceroshypnogeos": 0.008,
							"*": 0.005
						},
						"animationSpeedByType": {"*-pudella*":1.6,"*-pudu*":1.6,"*":1},
						"stopOnHurt": true,
						"whenSwimming": false,
						"DontExecuteIfRecentlyAttacked": true,
						"tagsAppliedToEntity": ["state-moving"],
						"whenNotInEmotionState": ["aggressiveondamage","fleeondamage"]
					},
						//wandering walk at any time
					{
						"code": "wander-r",
						"priority": 0.8,
						"priorityForCancel": 2.0,
						"animation": "Walk",
						"mindurationMs": 8000,
						"executionChance": 0.1,
						"movespeedByType": {
							"*-antiferultra": 0.0022,
							"*-blastocerusdichotomus": 0.0022,
							"*-bretzianebrascensis": 0.0021,
							"*-hippocamelusantisensis": 0.0015,
							"*-hippocamelusbisulcus": 0.0016,
							"*-mazamaamericana": 0.0016,
							"*-mazamabricenii": 0.0011,
							"*-mazamajucunda": 0.001,
							"*-mazamanana": 0.001,
							"*-mazamarufa": 0.0016,
							"*-mazamarufina": 0.001,
							"*-mazamatemama": 0.0016,
							"*-mazamatienhoveni": 0.0011,
							"*-odocoileushemionus": 0.0021,
							"*-odocoileuslucasi": 0.0024,
							"*-odocoileuspandora": 0.0012,
							"*-odocoileusvirginianus": 0.0022,
							"*-ozotocerosbezoarticus": 0.0016,
							"*-passalitesnemorivaga": 0.0011,
							"*-pudellacarlae": 0.00145,
							"*-pudellamephistophiles": 0.00133,
							"*-pudupuda": 0.0016,
							"*-rangifercaribou": 0.0032,
							"*-rangiferfennicus": 0.0032,
							"*-rangiferplatyrhynchus": 0.0022,
							"*-rangifer*": 0.0028,
							"*-subulochunyi": 0.0009,
							"*-subulogouazoubira": 0.0016,
							"*-torontoceroshypnogeos": 0.0024,
							"*": 0.005
						},
						"animationSpeedByType": {"*-pudella*":2,"*-pudu*":2,"*":1},
						"stopOnHurt": true,
						"whenSwimming": false,
						"DontExecuteIfRecentlyAttacked": true,
						"tagsAppliedToEntity": ["state-moving"],
						"whenNotInEmotionState": ["aggressiveondamage","fleeondamage"]
					},
						//sitting at any time
					{
						"code": "idle-r",
						"priority": 0.7,
						"priorityForCancel": 2.0,
						"animation": "Sit",
						"mindurationMs": 12000,
						"maxdurationMs": 120000,
						"executionChance": 0.25,
						"minCooldownMs": 12000,
						"maxCooldownMs": 120000,
						"stopOnHurt": true,
						"whenSwimming": false,
						"whenFeetInLiquid": false,
						"DontExecuteIfRecentlyAttacked": false,
						"whenNotInEmotionState": ["aggressiveondamage","fleeondamage"]
					},
						//standing at any time
					{
						"code": "idle-r",
						"priority": 0.7,
						"priorityForCancel": 2.0,
						"animation": "Idle",
						"mindurationMs": 2000,
						"maxdurationMs": 12000,
						"minCooldownMs": 12000,
						"maxCooldownMs": 120000,
						"stopOnHurt": true,
						"whenSwimming": false,
						"whenFeetInLiquid": false,
						"DontExecuteIfRecentlyAttacked": false,
						"whenNotInEmotionState": ["aggressiveondamage","fleeondamage"]
					},
						//looking around
					{
						"code": "lookaround-r",
						"priority": 0.5,
						"priorityForCancel": 2.0,
						"stopOnHurt": true,
						"whenNotInEmotionState": ["aggressiveondamage","fleeondamage"],
						"turnAngleFactor": 0.5
					}
				]
			},
			{"code": "ropetieable","minGeneration": 2},
			{"code": "pettable","minGeneration": 1}
		]
	},
	"soundsByType": {
"*-rangifer*":{
		"hurt": "capreolinae:creature/rangifer/grunt1",
		"death": "capreolinae:creature/rangifer/grunt1",
		"idle": "capreolinae:creature/rangifer/call*"
	},
"*":{
		"hurt": "game:creature/sheep/idle",
		"death": "game:creature/sheep/idle",
		"idle": "game:creature/sheep/idle"
	}},
	"idleSoundChance": 0.05
}