[
	{
		"enabled": false,
		"name": "Walkway (Typed, Corner-Inner) (0)",
		"ingredientPattern": "P__,PPP,S_S",
		"ingredients": {
			"P": { "type": "item", "code": "game:plank-aged" },
			"S": { "type": "block", "code": "game:supportbeam-*", "skipVariants": [ "veryaged", "veryagedrotten", "tarnishedmetal-bismuthbronze", "tarnishedmetal-blackbronze", "tarnishedmetal-blistersteel", "tarnishedmetal-brass", "tarnishedmetal-copper", "tarnishedmetal-iron", "tarnishedmetal-lead", "tarnishedmetal-rust", "tarnishedmetal-rusty-iron", "tarnishedmetal-steel" ], "name": "unimportant" }
		},
		"width": 3,
		"height": 3,
		"output": { "type": "block", "code": "walkway-darkaged-corner-inner-north-free", "quantity": 2 }
	},
	{
		"name": "Walkway (Typed, Corner-Outer) (1)",
		"ingredientPattern": "__P,PPP,S_S",
		"ingredients": {
			"P": { "type": "item", "code": "game:plank-aged" },
			"S": { "type": "block", "code": "game:supportbeam-*", "skipVariants": [ "veryaged", "veryagedrotten", "tarnishedmetal-bismuthbronze", "tarnishedmetal-blackbronze", "tarnishedmetal-blistersteel", "tarnishedmetal-brass", "tarnishedmetal-copper", "tarnishedmetal-iron", "tarnishedmetal-lead", "tarnishedmetal-rust", "tarnishedmetal-rusty-iron", "tarnishedmetal-steel" ], "name": "unimportant" }
		},
		"width": 3,
		"height": 3,
		"output": { "type": "block", "code": "walkway-darkaged-corner-outer-north-free", "quantity": 2 }
	},
	{
		"name": "Walkway (Typed, Stairs) (2)",
		"ingredientPattern": "__P,_PS,PS_",
		"ingredients": {
			"P": { "type": "item", "code": "game:plank-aged" },
			"S": { "type": "block", "code": "game:supportbeam-*", "skipVariants": [ "veryaged", "veryagedrotten", "tarnishedmetal-bismuthbronze", "tarnishedmetal-blackbronze", "tarnishedmetal-blistersteel", "tarnishedmetal-brass", "tarnishedmetal-copper", "tarnishedmetal-iron", "tarnishedmetal-lead", "tarnishedmetal-rust", "tarnishedmetal-rusty-iron", "tarnishedmetal-steel" ], "name": "unimportant" }
		},
		"width": 3,
		"height": 3,
		"output": { "type": "block", "code": "walkway-darkaged-stairs-up-north-free", "quantity": 2 }
	},
	{
		"name": "Walkway (Typed, Straight) (3)",
		"ingredientPattern": "PPP,S_S",
		"ingredients": {
			"P": { "type": "item", "code": "game:plank-aged" },
			"S": { "type": "block", "code": "game:supportbeam-*", "skipVariants": [ "veryaged", "veryagedrotten", "tarnishedmetal-bismuthbronze", "tarnishedmetal-blackbronze", "tarnishedmetal-blistersteel", "tarnishedmetal-brass", "tarnishedmetal-copper", "tarnishedmetal-iron", "tarnishedmetal-lead", "tarnishedmetal-rust", "tarnishedmetal-rusty-iron", "tarnishedmetal-steel" ], "name": "unimportant" }
		},
		"width": 3,
		"height": 2,
		"output": { "type": "block", "code": "walkway-darkaged-straight-north-free", "quantity": 2 }
	}
]