{
	"editor": {
		"allAngles": true,
		"entityTextureMode": false
	},
	"textureWidth": 16,
	"textureHeight": 16,
	"textureSizes": {
	},
	"textures": {
		"shrimpmushroom": "mycodiversity:block/plant/mushroom/shrimpmushroom/shrimpmushroom"
	},
	"elements": [
		{
			"name": "origin",
			"from": [ 8.0, 0.0, 8.0 ],
			"to": [ 8.0, 0.0, 8.0 ],
			"rotationOrigin": [ 8.0, 0.0, 8.0 ],
			"faces": {
			},
			"children": [
				{
					"name": "tiny",
					"from": [ 2.1, -0.2, -4.3 ],
					"to": [ 3.1, 0.8, -3.3 ],
					"rotationOrigin": [ 2.6, -0.2, -3.8 ],
					"rotationX": 4.0,
					"rotationY": -39.0,
					"rotationZ": -7.0,
					"faces": {
						"north": { "texture": "#shrimpmushroom", "uv": [ 1.5, 10.0, 2.5, 11.0 ] },
						"east": { "texture": "#shrimpmushroom", "uv": [ 1.5, 7.5, 2.5, 8.5 ] },
						"south": { "texture": "#shrimpmushroom", "uv": [ 0.0, 7.5, 1.0, 8.5 ] },
						"west": { "texture": "#shrimpmushroom", "uv": [ 0.0, 8.5, 1.0, 9.5 ] },
						"down": { "texture": "#shrimpmushroom", "uv": [ 1.0, 9.0, 2.0, 10.0 ] }
					},
					"children": [
						{
							"name": "Cube8",
							"from": [ -0.5, 0.8, -0.5 ],
							"to": [ 1.5, 1.3, 1.5 ],
							"rotationOrigin": [ 0.5, 0.8, 0.5 ],
							"rotationZ": -6.0,
							"faces": {
								"north": { "texture": "#shrimpmushroom", "uv": [ 11.0, 0.0, 13.0, 0.5 ] },
								"east": { "texture": "#shrimpmushroom", "uv": [ 3.5, 0.0, 5.5, 0.5 ] },
								"south": { "texture": "#shrimpmushroom", "uv": [ 7.5, 0.0, 9.5, 0.5 ] },
								"west": { "texture": "#shrimpmushroom", "uv": [ 4.0, 0.0, 6.0, 0.5 ] },
								"up": { "texture": "#shrimpmushroom", "uv": [ 6.0, 2.5, 8.0, 4.5 ] },
								"down": { "texture": "#shrimpmushroom", "uv": [ 4.0, 11.0, 6.0, 13.0 ] }
							}
						}
					]
				},
				{
					"name": "tiny13",
					"from": [ -4.1, -0.3, 2.5 ],
					"to": [ -3.1, 1.2, 3.5 ],
					"rotationOrigin": [ -2.6, -0.3, 3.0 ],
					"rotationX": 5.0,
					"rotationY": 83.0,
					"rotationZ": -8.0,
					"faces": {
						"north": { "texture": "#shrimpmushroom", "uv": [ 1.0, 12.5, 2.0, 14.0 ] },
						"east": { "texture": "#shrimpmushroom", "uv": [ 0.5, 13.0, 1.5, 14.5 ] },
						"south": { "texture": "#shrimpmushroom", "uv": [ 1.0, 12.0, 2.0, 13.5 ] },
						"west": { "texture": "#shrimpmushroom", "uv": [ 1.0, 12.5, 2.0, 14.0 ] },
						"down": { "texture": "#shrimpmushroom", "uv": [ 0.5, 14.0, 1.5, 15.0 ] }
					},
					"children": [
						{
							"name": "Cube14",
							"from": [ -0.5, 1.4, -0.5 ],
							"to": [ 1.5, 1.9, 1.5 ],
							"rotationOrigin": [ 0.5, 1.4, 0.5 ],
							"rotationX": -19.0,
							"rotationZ": -6.0,
							"faces": {
								"north": { "texture": "#shrimpmushroom", "uv": [ 12.0, 0.0, 14.0, 0.5 ] },
								"east": { "texture": "#shrimpmushroom", "uv": [ 6.5, 0.0, 8.5, 0.5 ] },
								"south": { "texture": "#shrimpmushroom", "uv": [ 8.5, 0.0, 10.5, 0.5 ] },
								"west": { "texture": "#shrimpmushroom", "uv": [ 4.0, 0.0, 6.0, 0.5 ] },
								"up": { "texture": "#shrimpmushroom", "uv": [ 12.0, 12.5, 14.0, 14.5 ] },
								"down": { "texture": "#shrimpmushroom", "uv": [ 3.0, 12.0, 5.0, 14.0 ] }
							}
						}
					]
				},
				{
					"name": "tiny20",
					"from": [ 0.0, -0.1, 3.0 ],
					"to": [ 1.0, 0.4, 4.0 ],
					"rotationOrigin": [ 0.5, -0.1, 3.5 ],
					"rotationX": 4.0,
					"rotationY": 37.0,
					"rotationZ": 4.0,
					"faces": {
						"north": { "texture": "#shrimpmushroom", "uv": [ 1.0, 13.0, 2.0, 13.5 ] },
						"east": { "texture": "#shrimpmushroom", "uv": [ 1.0, 11.5, 2.0, 12.0 ] },
						"south": { "texture": "#shrimpmushroom", "uv": [ 1.0, 11.5, 2.0, 12.0 ] },
						"west": { "texture": "#shrimpmushroom", "uv": [ 0.5, 14.5, 1.5, 15.0 ] },
						"down": { "texture": "#shrimpmushroom", "uv": [ 0.5, 12.5, 1.5, 13.5 ] }
					},
					"children": [
						{
							"name": "Cube21",
							"from": [ -0.2, 0.3, -0.2 ],
							"to": [ 1.3, 0.8, 1.3 ],
							"rotationOrigin": [ 0.5, 0.3, 0.5 ],
							"rotationX": -11.0,
							"rotationZ": 4.0,
							"faces": {
								"north": { "texture": "#shrimpmushroom", "uv": [ 9.0, 0.0, 10.5, 0.5 ] },
								"east": { "texture": "#shrimpmushroom", "uv": [ 7.5, 0.0, 9.0, 0.5 ] },
								"south": { "texture": "#shrimpmushroom", "uv": [ 3.5, 0.0, 5.0, 0.5 ] },
								"west": { "texture": "#shrimpmushroom", "uv": [ 5.0, 0.0, 6.5, 0.5 ] },
								"up": { "texture": "#shrimpmushroom", "uv": [ 13.0, 12.0, 14.5, 13.5 ] },
								"down": { "texture": "#shrimpmushroom", "uv": [ 4.0, 12.0, 5.5, 13.5 ] }
							}
						}
					]
				},
				{
					"name": "single voxel25",
					"from": [ 3.9, 0.0, 1.0 ],
					"to": [ 4.9, 0.5, 2.0 ],
					"rotationOrigin": [ 4.4, 0.0, 1.5 ],
					"rotationY": 11.0,
					"faces": {
						"north": { "texture": "#shrimpmushroom", "uv": [ 4.5, 8.0, 5.5, 8.5 ] },
						"east": { "texture": "#shrimpmushroom", "uv": [ 5.0, 9.0, 6.0, 9.5 ] },
						"south": { "texture": "#shrimpmushroom", "uv": [ 5.0, 8.5, 6.0, 9.0 ] },
						"west": { "texture": "#shrimpmushroom", "uv": [ 5.0, 8.0, 6.0, 8.5 ] },
						"up": { "texture": "#shrimpmushroom", "uv": [ 5.5, 8.5, 6.5, 9.5 ] },
						"down": { "texture": "#shrimpmushroom", "uv": [ 1.0, 11.0, 2.0, 12.0 ] }
					}
				},
				{
					"name": "single voxel",
					"from": [ -3.85, 0.5, -1.33 ],
					"to": [ -2.85, 1.0, -0.33 ],
					"rotationOrigin": [ -3.3533, 0.5, -0.8294 ],
					"rotationY": -22.5,
					"rotationZ": -19.0,
					"faces": {
						"north": { "texture": "#shrimpmushroom", "uv": [ 9.0, 4.0, 10.0, 4.5 ] },
						"east": { "texture": "#shrimpmushroom", "uv": [ 12.0, 7.0, 13.0, 7.5 ] },
						"south": { "texture": "#shrimpmushroom", "uv": [ 5.0, 6.0, 6.0, 6.5 ] },
						"west": { "texture": "#shrimpmushroom", "uv": [ 4.0, 3.0, 5.0, 3.5 ] },
						"up": { "texture": "#shrimpmushroom", "uv": [ 3.0, 8.0, 4.0, 9.0 ] },
						"down": { "texture": "#shrimpmushroom", "uv": [ 3.5, 11.5, 4.5, 12.5 ] }
					}
				},
				{
					"name": "large",
					"from": [ 0.6941, -0.1, 0.1381 ],
					"to": [ 2.1941, 1.9, 1.6381 ],
					"rotationOrigin": [ 1.1941, -0.1, 0.8381 ],
					"rotationY": 86.0,
					"rotationZ": -6.0,
					"faces": {
						"north": { "texture": "#shrimpmushroom", "uv": [ 0.5, 13.0, 2.0, 15.0 ] },
						"east": { "texture": "#shrimpmushroom", "uv": [ 0.0, 12.0, 1.5, 14.0 ] },
						"south": { "texture": "#shrimpmushroom", "uv": [ 0.5, 12.5, 2.0, 14.5 ] },
						"west": { "texture": "#shrimpmushroom", "uv": [ 0.5, 13.0, 2.0, 15.0 ] },
						"down": { "texture": "#shrimpmushroom", "uv": [ 0.5, 14.0, 2.0, 15.5 ] }
					},
					"children": [
						{
							"name": "cap large",
							"from": [ -2.0, 3.1, -1.8 ],
							"to": [ 2.5, 4.1, 2.7 ],
							"rotationOrigin": [ 0.3, 3.1, 0.5 ],
							"rotationX": -14.0,
							"rotationY": -11.0,
							"rotationZ": -8.0,
							"faces": {
								"north": { "texture": "#shrimpmushroom", "uv": [ 2.5, 11.5, 7.0, 12.5 ] },
								"east": { "texture": "#shrimpmushroom", "uv": [ 2.5, 9.5, 7.0, 10.5 ] },
								"south": { "texture": "#shrimpmushroom", "uv": [ 3.0, 10.0, 7.5, 11.0 ] },
								"west": { "texture": "#shrimpmushroom", "uv": [ 3.5, 10.5, 8.0, 11.5 ] },
								"up": { "texture": "#shrimpmushroom", "uv": [ 11.0, 10.5, 15.5, 15.0 ] },
								"down": { "texture": "#shrimpmushroom", "uv": [ 3.0, 10.0, 7.5, 14.5 ] }
							},
							"children": [
								{
									"name": "Cube17",
									"from": [ 4.5, 0.5, 0.0 ],
									"to": [ 5.5, 1.0, 4.5 ],
									"rotationOrigin": [ 4.5, 1.0, 2.0 ],
									"rotationZ": -36.0,
									"faces": {
										"north": { "texture": "#shrimpmushroom", "uv": [ 7.5, 9.0, 8.5, 9.5 ] },
										"east": { "texture": "#shrimpmushroom", "uv": [ 6.0, 0.0, 10.5, 0.5 ] },
										"south": { "texture": "#shrimpmushroom", "uv": [ 7.5, 8.5, 8.5, 9.0 ] },
										"up": { "texture": "#shrimpmushroom", "uv": [ 10.0, 10.5, 11.0, 15.0 ] },
										"down": { "texture": "#shrimpmushroom", "uv": [ 3.0, 10.5, 4.0, 15.0 ] }
									}
								},
								{
									"name": "Cube18",
									"from": [ -1.0, 0.5, 0.0 ],
									"to": [ 0.0, 1.0, 4.5 ],
									"rotationOrigin": [ 0.0, 1.0, 2.0 ],
									"rotationZ": 14.0,
									"faces": {
										"north": { "texture": "#shrimpmushroom", "uv": [ 7.5, 9.0, 8.5, 9.5 ] },
										"south": { "texture": "#shrimpmushroom", "uv": [ 4.5, 8.5, 5.5, 9.0 ] },
										"west": { "texture": "#shrimpmushroom", "uv": [ 3.5, 0.0, 8.0, 0.5 ] },
										"up": { "texture": "#shrimpmushroom", "uv": [ 10.0, 10.5, 11.0, 15.0 ] },
										"down": { "texture": "#shrimpmushroom", "uv": [ 2.5, 10.5, 3.5, 15.0 ] }
									}
								},
								{
									"name": "Cube19",
									"from": [ 0.0, 0.5, 4.5 ],
									"to": [ 4.5, 1.0, 5.5 ],
									"rotationOrigin": [ 1.0, 1.0, 4.5 ],
									"rotationX": 36.0,
									"faces": {
										"east": { "texture": "#shrimpmushroom", "uv": [ 6.5, 9.0, 7.5, 9.5 ] },
										"south": { "texture": "#shrimpmushroom", "uv": [ 7.0, 0.0, 11.5, 0.5 ] },
										"west": { "texture": "#shrimpmushroom", "uv": [ 8.0, 9.0, 9.0, 9.5 ] },
										"up": { "texture": "#shrimpmushroom", "uv": [ 11.0, 15.0, 15.5, 16.0 ] },
										"down": { "texture": "#shrimpmushroom", "uv": [ 3.0, 10.5, 7.5, 11.5 ] }
									}
								},
								{
									"name": "Cube20",
									"from": [ 0.0, 0.5, -1.0 ],
									"to": [ 4.5, 1.0, 0.0 ],
									"rotationOrigin": [ 1.0, 1.0, 0.0 ],
									"rotationX": -36.0,
									"faces": {
										"north": { "texture": "#shrimpmushroom", "uv": [ 7.5, 0.0, 12.0, 0.5 ] },
										"east": { "texture": "#shrimpmushroom", "uv": [ 8.0, 8.5, 9.0, 9.0 ] },
										"west": { "texture": "#shrimpmushroom", "uv": [ 6.5, 8.0, 7.5, 8.5 ] },
										"up": { "texture": "#shrimpmushroom", "uv": [ 10.5, 2.0, 15.0, 3.0 ] },
										"down": { "texture": "#shrimpmushroom", "uv": [ 3.5, 10.0, 8.0, 11.0 ] }
									}
								}
							]
						},
						{
							"name": "Cube1",
							"from": [ 0.0, 1.7, 0.0 ],
							"to": [ 1.5, 3.7, 1.5 ],
							"rotationOrigin": [ 0.8, 1.7, 0.8 ],
							"rotationX": -8.0,
							"rotationZ": 14.0,
							"faces": {
								"north": { "texture": "#shrimpmushroom", "uv": [ 0.5, 10.5, 2.0, 12.5 ] },
								"east": { "texture": "#shrimpmushroom", "uv": [ 1.0, 9.0, 2.5, 11.0 ] },
								"south": { "texture": "#shrimpmushroom", "uv": [ 0.0, 11.0, 1.5, 13.0 ] },
								"west": { "texture": "#shrimpmushroom", "uv": [ 0.0, 8.0, 1.5, 10.0 ] }
							}
						}
					]
				},
				{
					"name": "medium small",
					"from": [ -4.77, -0.3, -1.1533 ],
					"to": [ -3.77, 1.2, -0.1533 ],
					"rotationOrigin": [ -4.2706, -0.3, -0.6533 ],
					"rotationX": 6.0,
					"rotationY": 17.0,
					"rotationZ": 6.0,
					"faces": {
						"north": { "texture": "#shrimpmushroom", "uv": [ 1.0, 14.0, 2.0, 15.5 ] },
						"east": { "texture": "#shrimpmushroom", "uv": [ 0.5, 12.5, 1.5, 14.0 ] },
						"south": { "texture": "#shrimpmushroom", "uv": [ 1.5, 13.5, 2.5, 15.0 ] },
						"west": { "texture": "#shrimpmushroom", "uv": [ 1.0, 12.5, 2.0, 14.0 ] },
						"down": { "texture": "#shrimpmushroom", "uv": [ 0.5, 13.0, 1.5, 14.0 ] }
					},
					"children": [
						{
							"name": "cap medium",
							"from": [ -1.1, 2.2, -1.7 ],
							"to": [ 1.9, 3.2, 1.3 ],
							"rotationOrigin": [ 0.4, 2.2, -0.2 ],
							"rotationX": -30.0,
							"rotationY": 33.0,
							"rotationZ": 22.0,
							"faces": {
								"up": { "texture": "#shrimpmushroom", "uv": [ 4.0, 2.5, 7.0, 5.5 ] },
								"down": { "texture": "#shrimpmushroom", "uv": [ 3.0, 11.5, 6.0, 14.5 ] }
							},
							"children": [
								{
									"name": "Cube22",
									"from": [ -1.0, 0.0, 0.0 ],
									"to": [ 0.0, 1.0, 3.0 ],
									"rotationOrigin": [ 0.0, 1.0, 1.5 ],
									"rotationZ": 28.0,
									"faces": {
										"north": { "texture": "#shrimpmushroom", "uv": [ 9.5, 12.0, 10.5, 13.0 ] },
										"south": { "texture": "#shrimpmushroom", "uv": [ 8.0, 8.0, 9.0, 9.0 ] },
										"west": { "texture": "#shrimpmushroom", "uv": [ 4.5, 0.0, 7.5, 1.0 ] },
										"up": { "texture": "#shrimpmushroom", "uv": [ 11.0, 10.0, 12.0, 13.0 ] },
										"down": { "texture": "#shrimpmushroom", "uv": [ 5.0, 9.5, 6.0, 12.5 ] }
									}
								},
								{
									"name": "Cube23",
									"from": [ 3.0, 0.0, 0.0 ],
									"to": [ 4.0, 1.0, 3.0 ],
									"rotationOrigin": [ 3.0, 1.0, 1.5 ],
									"rotationZ": -28.0,
									"faces": {
										"north": { "texture": "#shrimpmushroom", "uv": [ 6.5, 8.5, 7.5, 9.5 ] },
										"east": { "texture": "#shrimpmushroom", "uv": [ 5.0, 0.0, 8.0, 1.0 ] },
										"south": { "texture": "#shrimpmushroom", "uv": [ 7.0, 8.0, 8.0, 9.0 ] },
										"up": { "texture": "#shrimpmushroom", "uv": [ 14.5, 10.5, 15.5, 13.5 ] },
										"down": { "texture": "#shrimpmushroom", "uv": [ 3.5, 12.5, 4.5, 15.5 ] }
									}
								},
								{
									"name": "Cube24",
									"from": [ 0.0, 0.0, 3.0 ],
									"to": [ 3.0, 1.0, 4.0 ],
									"rotationOrigin": [ 1.5, 1.0, 3.0 ],
									"rotationX": 42.0,
									"faces": {
										"east": { "texture": "#shrimpmushroom", "uv": [ 5.5, 8.5, 6.5, 9.5 ] },
										"south": { "texture": "#shrimpmushroom", "uv": [ 4.0, 0.0, 7.0, 1.0 ] },
										"west": { "texture": "#shrimpmushroom", "uv": [ 6.5, 8.5, 7.5, 9.5 ] },
										"up": { "texture": "#shrimpmushroom", "uv": [ 11.5, 7.0, 14.5, 8.0 ] },
										"down": { "texture": "#shrimpmushroom", "uv": [ 4.0, 11.5, 7.0, 12.5 ] }
									}
								},
								{
									"name": "Cube25",
									"from": [ 0.0, 0.0, -1.0 ],
									"to": [ 3.0, 1.0, 0.0 ],
									"rotationOrigin": [ 1.5, 1.0, 0.0 ],
									"rotationX": -14.0,
									"faces": {
										"north": { "texture": "#shrimpmushroom", "uv": [ 8.5, 0.0, 11.5, 1.0 ] },
										"east": { "texture": "#shrimpmushroom", "uv": [ 8.0, 8.0, 9.0, 9.0 ] },
										"west": { "texture": "#shrimpmushroom", "uv": [ 7.5, 8.0, 8.5, 9.0 ] },
										"up": { "texture": "#shrimpmushroom", "uv": [ 11.5, 11.0, 14.5, 12.0 ] },
										"down": { "texture": "#shrimpmushroom", "uv": [ 3.0, 12.5, 6.0, 13.5 ] }
									}
								}
							]
						},
						{
							"name": "Cube27",
							"from": [ 0.0, 1.2, 0.1 ],
							"to": [ 1.0, 2.7, 1.1 ],
							"rotationOrigin": [ 0.5, 1.2, 0.6 ],
							"rotationX": -28.0,
							"rotationZ": -6.0,
							"faces": {
								"north": { "texture": "#shrimpmushroom", "uv": [ 1.0, 12.0, 2.0, 13.5 ] },
								"east": { "texture": "#shrimpmushroom", "uv": [ 0.5, 11.5, 1.5, 13.0 ] },
								"south": { "texture": "#shrimpmushroom", "uv": [ 0.0, 11.5, 1.0, 13.0 ] },
								"west": { "texture": "#shrimpmushroom", "uv": [ 0.0, 11.5, 1.0, 13.0 ] }
							}
						}
					]
				},
				{
					"name": "tiny24",
					"from": [ -2.0, -0.3, -4.0 ],
					"to": [ -1.0, 1.2, -3.0 ],
					"rotationOrigin": [ -1.5, -0.3, -3.5 ],
					"rotationX": 5.0,
					"rotationY": 36.0,
					"rotationZ": -8.0,
					"faces": {
						"north": { "texture": "#shrimpmushroom", "uv": [ 0.5, 11.0, 1.5, 12.5 ] },
						"east": { "texture": "#shrimpmushroom", "uv": [ 0.5, 10.0, 1.5, 11.5 ] },
						"south": { "texture": "#shrimpmushroom", "uv": [ 1.0, 7.5, 2.0, 9.0 ] },
						"west": { "texture": "#shrimpmushroom", "uv": [ 1.0, 11.0, 2.0, 12.5 ] },
						"down": { "texture": "#shrimpmushroom", "uv": [ 1.0, 11.0, 2.0, 12.0 ] }
					},
					"children": [
						{
							"name": "Cube26",
							"from": [ -0.5, 1.4, -0.5 ],
							"to": [ 1.5, 1.9, 1.5 ],
							"rotationOrigin": [ 0.5, 1.4, 0.5 ],
							"rotationX": 6.0,
							"rotationZ": -6.0,
							"faces": {
								"north": { "texture": "#shrimpmushroom", "uv": [ 6.5, 0.0, 8.5, 0.5 ] },
								"east": { "texture": "#shrimpmushroom", "uv": [ 14.0, 0.0, 16.0, 0.5 ] },
								"south": { "texture": "#shrimpmushroom", "uv": [ 9.0, 0.0, 11.0, 0.5 ] },
								"west": { "texture": "#shrimpmushroom", "uv": [ 4.5, 0.0, 6.5, 0.5 ] },
								"up": { "texture": "#shrimpmushroom", "uv": [ 11.5, 3.0, 13.5, 5.0 ] },
								"down": { "texture": "#shrimpmushroom", "uv": [ 3.5, 10.0, 5.5, 12.0 ] }
							}
						}
					]
				}
			]
		}
	]}