{
	"editor": {
		"allAngles": true,
		"entityTextureMode": false
	},
	"textureWidth": 16,
	"textureHeight": 16,
	"textureSizes": {
	},
	"textures": {
		"shrimpmushroom": "mycodiversity:block/plant/mushroom/shrimpmushroom/shrimpmushroom"
	},
	"elements": [
		{
			"name": "origin",
			"from": [ 8.0, 0.0, 8.0 ],
			"to": [ 8.0, 0.0, 8.0 ],
			"rotationOrigin": [ 8.0, 0.0, 8.0 ],
			"faces": {
			},
			"children": [
				{
					"name": "tiny",
					"from": [ -4.2, -0.3, 3.9 ],
					"to": [ -3.2, 0.7, 4.9 ],
					"rotationOrigin": [ -3.7, -0.3, 4.4 ],
					"rotationX": -6.0,
					"rotationY": 100.0,
					"rotationZ": 6.0,
					"faces": {
						"north": { "texture": "#shrimpmushroom", "uv": [ 0.5, 9.5, 1.5, 10.5 ] },
						"east": { "texture": "#shrimpmushroom", "uv": [ 0.5, 10.5, 1.5, 11.5 ] },
						"south": { "texture": "#shrimpmushroom", "uv": [ 1.5, 10.5, 2.5, 11.5 ] },
						"west": { "texture": "#shrimpmushroom", "uv": [ 1.5, 10.5, 2.5, 11.5 ] },
						"down": { "texture": "#shrimpmushroom", "uv": [ 1.0, 12.5, 2.0, 13.5 ] }
					},
					"children": [
						{
							"name": "cap2",
							"from": [ -0.6, 1.6, -0.7 ],
							"to": [ 1.4, 2.1, 1.3 ],
							"rotationOrigin": [ 0.4, 1.6, 0.3 ],
							"rotationX": -42.0,
							"rotationZ": 8.0,
							"faces": {
								"north": { "texture": "#shrimpmushroom", "uv": [ 7.5, 0.0, 9.5, 0.5 ] },
								"east": { "texture": "#shrimpmushroom", "uv": [ 4.0, 0.0, 6.0, 0.5 ] },
								"south": { "texture": "#shrimpmushroom", "uv": [ 4.5, 0.0, 6.5, 0.5 ] },
								"west": { "texture": "#shrimpmushroom", "uv": [ 5.0, 0.0, 7.0, 0.5 ] },
								"up": { "texture": "#shrimpmushroom", "uv": [ 9.0, 2.5, 11.0, 4.5 ] },
								"down": { "texture": "#shrimpmushroom", "uv": [ 3.0, 12.0, 5.0, 14.0 ] }
							}
						},
						{
							"name": "stem 2",
							"from": [ 0.0, 0.8, 0.0 ],
							"to": [ 1.0, 1.8, 1.0 ],
							"rotationOrigin": [ 0.5, 0.8, 0.5 ],
							"rotationX": -19.0,
							"rotationZ": 2.0,
							"faces": {
								"north": { "texture": "#shrimpmushroom", "uv": [ 1.0, 9.0, 2.0, 10.0 ] },
								"east": { "texture": "#shrimpmushroom", "uv": [ 1.0, 10.0, 2.0, 11.0 ] },
								"south": { "texture": "#shrimpmushroom", "uv": [ 1.5, 9.5, 2.5, 10.5 ] },
								"west": { "texture": "#shrimpmushroom", "uv": [ 1.5, 8.5, 2.5, 9.5 ] }
							}
						}
					]
				},
				{
					"name": "tiny14",
					"from": [ 3.5, 0.0, 3.4 ],
					"to": [ 4.5, 1.5, 4.4 ],
					"rotationOrigin": [ 4.0, 0.0, 3.9 ],
					"rotationY": 47.0,
					"faces": {
						"north": { "texture": "#shrimpmushroom", "uv": [ 0.5, 10.0, 1.5, 11.5 ] },
						"east": { "texture": "#shrimpmushroom", "uv": [ 1.5, 10.0, 2.5, 11.5 ] },
						"south": { "texture": "#shrimpmushroom", "uv": [ 0.0, 9.0, 1.0, 10.5 ] },
						"west": { "texture": "#shrimpmushroom", "uv": [ 1.0, 9.5, 2.0, 11.0 ] },
						"down": { "texture": "#shrimpmushroom", "uv": [ 1.5, 12.0, 2.5, 13.0 ] }
					},
					"children": [
						{
							"name": "cap15",
							"from": [ -0.2, 1.5, -0.2 ],
							"to": [ 1.3, 2.0, 1.3 ],
							"rotationOrigin": [ 0.0, 1.0, 0.0 ],
							"faces": {
								"north": { "texture": "#shrimpmushroom", "uv": [ 13.0, 0.0, 14.5, 0.5 ] },
								"east": { "texture": "#shrimpmushroom", "uv": [ 8.5, 0.0, 10.0, 0.5 ] },
								"south": { "texture": "#shrimpmushroom", "uv": [ 3.0, 0.0, 4.5, 0.5 ] },
								"west": { "texture": "#shrimpmushroom", "uv": [ 8.5, 0.0, 10.0, 0.5 ] },
								"up": { "texture": "#shrimpmushroom", "uv": [ 11.0, 1.5, 12.5, 3.0 ] },
								"down": { "texture": "#shrimpmushroom", "uv": [ 3.5, 10.5, 5.0, 12.0 ] }
							}
						}
					]
				},
				{
					"name": "single voxel",
					"from": [ -0.2, 0.0, 0.0 ],
					"to": [ 0.8, 0.5, 1.0 ],
					"rotationOrigin": [ 0.3, 0.0, 0.5 ],
					"faces": {
						"north": { "texture": "#shrimpmushroom", "uv": [ 9.0, 4.0, 10.0, 4.5 ] },
						"east": { "texture": "#shrimpmushroom", "uv": [ 12.0, 7.0, 13.0, 7.5 ] },
						"south": { "texture": "#shrimpmushroom", "uv": [ 13.5, 5.5, 14.5, 6.0 ] },
						"west": { "texture": "#shrimpmushroom", "uv": [ 13.5, 4.0, 14.5, 4.5 ] },
						"up": { "texture": "#shrimpmushroom", "uv": [ 3.0, 8.0, 4.0, 9.0 ] },
						"down": { "texture": "#shrimpmushroom", "uv": [ 5.0, 12.0, 6.0, 13.0 ] }
					}
				},
				{
					"name": "tiny18",
					"from": [ -4.7, 0.0, 0.7 ],
					"to": [ -3.7, 1.0, 1.7 ],
					"rotationOrigin": [ -4.2, 0.0, 1.2 ],
					"rotationX": 5.0,
					"rotationY": -62.0,
					"rotationZ": 3.0,
					"faces": {
						"north": { "texture": "#shrimpmushroom", "uv": [ 1.5, 8.5, 2.5, 9.5 ] },
						"east": { "texture": "#shrimpmushroom", "uv": [ 1.0, 9.0, 2.0, 10.0 ] },
						"south": { "texture": "#shrimpmushroom", "uv": [ 0.5, 10.0, 1.5, 11.0 ] },
						"west": { "texture": "#shrimpmushroom", "uv": [ 0.0, 11.0, 1.0, 12.0 ] },
						"down": { "texture": "#shrimpmushroom", "uv": [ 1.5, 13.0, 2.5, 14.0 ] }
					},
					"children": [
						{
							"name": "cap19",
							"from": [ -0.2, 0.9, -0.2 ],
							"to": [ 1.3, 1.4, 1.3 ],
							"rotationOrigin": [ 0.5, 0.9, 0.5 ],
							"rotationX": 4.0,
							"rotationZ": 5.0,
							"faces": {
								"north": { "texture": "#shrimpmushroom", "uv": [ 12.5, 0.0, 14.0, 0.5 ] },
								"east": { "texture": "#shrimpmushroom", "uv": [ 7.5, 0.0, 9.0, 0.5 ] },
								"south": { "texture": "#shrimpmushroom", "uv": [ 3.0, 0.0, 4.5, 0.5 ] },
								"west": { "texture": "#shrimpmushroom", "uv": [ 4.5, 0.0, 6.0, 0.5 ] },
								"up": { "texture": "#shrimpmushroom", "uv": [ 6.5, 7.5, 8.0, 9.0 ] },
								"down": { "texture": "#shrimpmushroom", "uv": [ 3.5, 12.5, 5.0, 14.0 ] }
							}
						}
					]
				},
				{
					"name": "tiny21",
					"from": [ 3.4, 0.0, -3.0 ],
					"to": [ 4.4, 0.5, -2.0 ],
					"rotationOrigin": [ 3.9, 0.0, -2.5 ],
					"rotationY": -22.0,
					"faces": {
						"north": { "texture": "#shrimpmushroom", "uv": [ 0.5, 10.0, 1.5, 10.5 ] },
						"east": { "texture": "#shrimpmushroom", "uv": [ 1.5, 9.0, 2.5, 9.5 ] },
						"south": { "texture": "#shrimpmushroom", "uv": [ 0.5, 9.5, 1.5, 10.0 ] },
						"west": { "texture": "#shrimpmushroom", "uv": [ 1.0, 11.0, 2.0, 11.5 ] },
						"down": { "texture": "#shrimpmushroom", "uv": [ 1.5, 9.5, 2.5, 10.5 ] }
					},
					"children": [
						{
							"name": "cap21",
							"from": [ -0.2, 0.5, -0.2 ],
							"to": [ 1.3, 1.0, 1.3 ],
							"rotationOrigin": [ 0.5, 0.5, 0.5 ],
							"rotationZ": 5.0,
							"faces": {
								"north": { "texture": "#shrimpmushroom", "uv": [ 9.0, 0.0, 10.5, 0.5 ] },
								"east": { "texture": "#shrimpmushroom", "uv": [ 10.5, 0.0, 12.0, 0.5 ] },
								"south": { "texture": "#shrimpmushroom", "uv": [ 6.5, 0.0, 8.0, 0.5 ] },
								"west": { "texture": "#shrimpmushroom", "uv": [ 7.0, 0.0, 8.5, 0.5 ] },
								"up": { "texture": "#shrimpmushroom", "uv": [ 8.5, 4.0, 10.0, 5.5 ] },
								"down": { "texture": "#shrimpmushroom", "uv": [ 3.5, 11.0, 5.0, 12.5 ] }
							}
						}
					]
				},
				{
					"name": "medium stalk",
					"from": [ -4.55, -0.1, -4.32 ],
					"to": [ -3.55, 1.4, -3.32 ],
					"rotationOrigin": [ -4.0509, -0.1, -3.8237 ],
					"rotationX": 3.0,
					"rotationY": 36.0,
					"rotationZ": -5.0,
					"faces": {
						"north": { "texture": "#shrimpmushroom", "uv": [ 1.0, 12.0, 2.0, 13.5 ] },
						"east": { "texture": "#shrimpmushroom", "uv": [ 1.0, 12.0, 2.0, 13.5 ] },
						"south": { "texture": "#shrimpmushroom", "uv": [ 1.5, 12.0, 2.5, 13.5 ] },
						"west": { "texture": "#shrimpmushroom", "uv": [ 1.5, 12.0, 2.5, 13.5 ] },
						"down": { "texture": "#shrimpmushroom", "uv": [ 1.0, 12.5, 2.0, 13.5 ] }
					},
					"children": [
						{
							"name": "cap17",
							"from": [ -0.7, 2.4, -1.0 ],
							"to": [ 1.3, 2.9, 1.0 ],
							"rotationOrigin": [ 0.3, 2.4, 0.0 ],
							"rotationX": -8.0,
							"faces": {
								"north": { "texture": "#shrimpmushroom", "uv": [ 7.0, 8.5, 9.0, 9.0 ] },
								"east": { "texture": "#shrimpmushroom", "uv": [ 11.0, 0.0, 13.0, 0.5 ] },
								"south": { "texture": "#shrimpmushroom", "uv": [ 6.5, 0.0, 8.5, 0.5 ] },
								"west": { "texture": "#shrimpmushroom", "uv": [ 3.0, 0.0, 5.0, 0.5 ] },
								"up": { "texture": "#shrimpmushroom", "uv": [ 4.0, 7.5, 6.0, 9.5 ] },
								"down": { "texture": "#shrimpmushroom", "uv": [ 4.0, 10.5, 6.0, 12.5 ] }
							}
						},
						{
							"name": "medium stalk 2",
							"from": [ 0.0, 1.2, 0.0 ],
							"to": [ 1.0, 2.7, 1.0 ],
							"rotationOrigin": [ 0.5, 1.2, 0.5 ],
							"rotationX": -19.0,
							"rotationZ": 11.0,
							"faces": {
								"north": { "texture": "#shrimpmushroom", "uv": [ 1.0, 10.0, 2.0, 11.5 ] },
								"east": { "texture": "#shrimpmushroom", "uv": [ 1.0, 10.0, 2.0, 11.5 ] },
								"south": { "texture": "#shrimpmushroom", "uv": [ 1.0, 9.0, 2.0, 10.5 ] },
								"west": { "texture": "#shrimpmushroom", "uv": [ 1.0, 7.0, 2.0, 8.5 ] }
							}
						}
					]
				},
				{
					"name": "single voxel25",
					"from": [ -0.8, -0.2, -1.65 ],
					"to": [ 0.2, 0.3, -0.65 ],
					"rotationOrigin": [ -0.2982, -0.7, -1.1526 ],
					"rotationY": -22.0,
					"faces": {
						"north": { "texture": "#shrimpmushroom", "uv": [ 12.0, 3.0, 13.0, 3.5 ] },
						"east": { "texture": "#shrimpmushroom", "uv": [ 7.0, 2.0, 8.0, 2.5 ] },
						"south": { "texture": "#shrimpmushroom", "uv": [ 10.0, 1.0, 11.0, 1.5 ] },
						"west": { "texture": "#shrimpmushroom", "uv": [ 7.0, 4.0, 8.0, 4.5 ] },
						"up": { "texture": "#shrimpmushroom", "uv": [ 8.0, 5.0, 9.0, 6.0 ] },
						"down": { "texture": "#shrimpmushroom", "uv": [ 4.0, 11.0, 5.0, 12.0 ] }
					}
				},
				{
					"name": "medium small2",
					"from": [ -2.8491, -0.2, -0.7763 ],
					"to": [ -1.8491, 1.3, 0.2237 ],
					"rotationOrigin": [ -2.3491, -0.2, -0.2763 ],
					"rotationX": -8.0,
					"rotationY": -42.0,
					"rotationZ": -6.0,
					"faces": {
						"north": { "texture": "#shrimpmushroom", "uv": [ 1.0, 13.0, 2.0, 14.5 ] },
						"east": { "texture": "#shrimpmushroom", "uv": [ 1.0, 13.0, 2.0, 14.5 ] },
						"south": { "texture": "#shrimpmushroom", "uv": [ 1.0, 10.5, 2.0, 12.0 ] },
						"west": { "texture": "#shrimpmushroom", "uv": [ 0.5, 12.0, 1.5, 13.5 ] },
						"down": { "texture": "#shrimpmushroom", "uv": [ 1.5, 14.0, 2.5, 15.0 ] }
					},
					"children": [
						{
							"name": "cap3",
							"from": [ -0.8, 2.7, -0.4 ],
							"to": [ 1.2, 3.2, 1.6 ],
							"rotationOrigin": [ 0.2, 2.7, 0.6 ],
							"rotationZ": 25.0,
							"faces": {
								"up": { "texture": "#shrimpmushroom", "uv": [ 4.5, 3.0, 6.5, 5.0 ] },
								"down": { "texture": "#shrimpmushroom", "uv": [ 3.5, 10.5, 5.5, 12.5 ] }
							},
							"children": [
								{
									"name": "Cube28",
									"from": [ 0.0, 0.0, 2.0 ],
									"to": [ 2.0, 0.5, 3.0 ],
									"rotationOrigin": [ 1.0, 0.5, 2.0 ],
									"rotationX": 50.0,
									"faces": {
										"east": { "texture": "#shrimpmushroom", "uv": [ 8.0, 2.5, 9.0, 3.0 ] },
										"south": { "texture": "#shrimpmushroom", "uv": [ 7.5, 0.0, 9.5, 0.5 ] },
										"west": { "texture": "#shrimpmushroom", "uv": [ 10.5, 6.5, 11.5, 7.0 ] },
										"up": { "texture": "#shrimpmushroom", "uv": [ 11.5, 7.0, 13.5, 8.0 ] },
										"down": { "texture": "#shrimpmushroom", "uv": [ 2.5, 11.5, 4.5, 12.5 ] }
									}
								},
								{
									"name": "Cube29",
									"from": [ 0.0, 0.0, -1.0 ],
									"to": [ 2.0, 0.5, 0.0 ],
									"rotationOrigin": [ 1.0, 0.5, 0.0 ],
									"rotationX": -19.0,
									"faces": {
										"north": { "texture": "#shrimpmushroom", "uv": [ 7.5, 0.0, 9.5, 0.5 ] },
										"east": { "texture": "#shrimpmushroom", "uv": [ 8.5, 4.5, 9.5, 5.0 ] },
										"west": { "texture": "#shrimpmushroom", "uv": [ 9.0, 3.5, 10.0, 4.0 ] },
										"up": { "texture": "#shrimpmushroom", "uv": [ 3.5, 2.0, 5.5, 3.0 ] },
										"down": { "texture": "#shrimpmushroom", "uv": [ 4.0, 13.0, 6.0, 14.0 ] }
									}
								},
								{
									"name": "Cube30",
									"from": [ 2.0, 0.0, 0.0 ],
									"to": [ 3.0, 0.5, 2.0 ],
									"rotationOrigin": [ 2.0, 0.5, 1.0 ],
									"rotationZ": -28.0,
									"faces": {
										"north": { "texture": "#shrimpmushroom", "uv": [ 10.5, 5.5, 11.5, 6.0 ] },
										"east": { "texture": "#shrimpmushroom", "uv": [ 6.0, 0.0, 8.0, 0.5 ] },
										"south": { "texture": "#shrimpmushroom", "uv": [ 12.5, 4.0, 13.5, 4.5 ] },
										"up": { "texture": "#shrimpmushroom", "uv": [ 8.5, 3.5, 9.5, 5.5 ] },
										"down": { "texture": "#shrimpmushroom", "uv": [ 4.5, 11.0, 5.5, 13.0 ] }
									}
								},
								{
									"name": "Cube31",
									"from": [ -1.0, 0.0, 0.0 ],
									"to": [ 0.0, 0.5, 2.0 ],
									"rotationOrigin": [ 0.0, 0.5, 1.0 ],
									"rotationZ": 25.0,
									"faces": {
										"north": { "texture": "#shrimpmushroom", "uv": [ 9.0, 5.5, 10.0, 6.0 ] },
										"south": { "texture": "#shrimpmushroom", "uv": [ 10.5, 7.5, 11.5, 8.0 ] },
										"west": { "texture": "#shrimpmushroom", "uv": [ 5.5, 0.0, 7.5, 0.5 ] },
										"up": { "texture": "#shrimpmushroom", "uv": [ 2.5, 5.5, 3.5, 7.5 ] },
										"down": { "texture": "#shrimpmushroom", "uv": [ 5.5, 9.5, 6.5, 11.5 ] }
									}
								}
							]
						},
						{
							"name": "stem2",
							"from": [ 0.0, 1.4, 0.0 ],
							"to": [ 1.0, 2.9, 1.0 ],
							"rotationOrigin": [ 0.5, 1.4, 0.5 ],
							"rotationX": 4.0,
							"rotationZ": 7.0,
							"faces": {
								"north": { "texture": "#shrimpmushroom", "uv": [ 0.0, 9.0, 1.0, 10.5 ] },
								"east": { "texture": "#shrimpmushroom", "uv": [ 0.0, 9.5, 1.0, 11.0 ] },
								"south": { "texture": "#shrimpmushroom", "uv": [ 1.5, 9.5, 2.5, 11.0 ] },
								"west": { "texture": "#shrimpmushroom", "uv": [ 0.5, 8.5, 1.5, 10.0 ] }
							}
						}
					]
				},
				{
					"name": "medium small",
					"from": [ -0.2, -0.3, 3.5 ],
					"to": [ 0.8, 1.7, 4.5 ],
					"rotationOrigin": [ 0.3, -0.3, 4.0 ],
					"rotationX": 14.0,
					"rotationY": 16.0,
					"rotationZ": -17.0,
					"faces": {
						"north": { "texture": "#shrimpmushroom", "uv": [ 1.0, 10.0, 2.0, 12.0 ] },
						"east": { "texture": "#shrimpmushroom", "uv": [ 1.0, 11.5, 2.0, 13.5 ] },
						"south": { "texture": "#shrimpmushroom", "uv": [ 1.0, 11.5, 2.0, 13.5 ] },
						"west": { "texture": "#shrimpmushroom", "uv": [ 1.0, 12.5, 2.0, 14.5 ] },
						"down": { "texture": "#shrimpmushroom", "uv": [ 1.5, 13.0, 2.5, 14.0 ] }
					},
					"children": [
						{
							"name": "cap",
							"from": [ -1.8, 2.9, -1.5 ],
							"to": [ 1.2, 3.4, 1.5 ],
							"rotationOrigin": [ -0.3, 2.9, 0.0 ],
							"rotationX": -19.0,
							"rotationZ": 25.0,
							"faces": {
								"up": { "texture": "#shrimpmushroom", "uv": [ 4.0, 2.5, 7.0, 5.5 ] },
								"down": { "texture": "#shrimpmushroom", "uv": [ 3.0, 10.5, 6.0, 13.5 ] }
							},
							"children": [
								{
									"name": "Cube1",
									"from": [ 0.0, 0.0, 3.0 ],
									"to": [ 3.0, 0.5, 4.0 ],
									"rotationOrigin": [ 1.5, 0.5, 3.0 ],
									"rotationX": 28.0,
									"faces": {
										"east": { "texture": "#shrimpmushroom", "uv": [ 7.0, 9.0, 8.0, 9.5 ] },
										"south": { "texture": "#shrimpmushroom", "uv": [ 4.0, 0.0, 7.0, 0.5 ] },
										"west": { "texture": "#shrimpmushroom", "uv": [ 7.5, 3.5, 8.5, 4.0 ] },
										"up": { "texture": "#shrimpmushroom", "uv": [ 11.5, 8.5, 14.5, 9.5 ] },
										"down": { "texture": "#shrimpmushroom", "uv": [ 2.5, 10.0, 5.5, 11.0 ] }
									}
								},
								{
									"name": "Cube24",
									"from": [ 0.0, 0.0, -1.0 ],
									"to": [ 3.0, 0.5, 0.0 ],
									"rotationOrigin": [ 1.5, 0.5, 0.0 ],
									"rotationX": -14.0,
									"faces": {
										"north": { "texture": "#shrimpmushroom", "uv": [ 6.5, 0.0, 9.5, 0.5 ] },
										"east": { "texture": "#shrimpmushroom", "uv": [ 8.0, 3.5, 9.0, 4.0 ] },
										"west": { "texture": "#shrimpmushroom", "uv": [ 8.0, 3.5, 9.0, 4.0 ] },
										"up": { "texture": "#shrimpmushroom", "uv": [ 4.0, 1.5, 7.0, 2.5 ] },
										"down": { "texture": "#shrimpmushroom", "uv": [ 5.0, 9.5, 8.0, 10.5 ] }
									}
								},
								{
									"name": "Cube25",
									"from": [ 3.0, 0.0, 0.0 ],
									"to": [ 4.0, 0.5, 3.0 ],
									"rotationOrigin": [ 3.0, 0.5, 1.5 ],
									"rotationZ": -28.0,
									"faces": {
										"north": { "texture": "#shrimpmushroom", "uv": [ 7.5, 4.5, 8.5, 5.0 ] },
										"east": { "texture": "#shrimpmushroom", "uv": [ 6.0, 0.0, 9.0, 0.5 ] },
										"south": { "texture": "#shrimpmushroom", "uv": [ 7.0, 3.0, 8.0, 3.5 ] },
										"up": { "texture": "#shrimpmushroom", "uv": [ 15.0, 4.5, 16.0, 7.5 ] },
										"down": { "texture": "#shrimpmushroom", "uv": [ 4.0, 9.5, 5.0, 12.5 ] }
									}
								},
								{
									"name": "Cube26",
									"from": [ -1.0, 0.0, 0.0 ],
									"to": [ 0.0, 0.5, 3.0 ],
									"rotationOrigin": [ 0.0, 0.5, 1.5 ],
									"rotationZ": 33.0,
									"faces": {
										"north": { "texture": "#shrimpmushroom", "uv": [ 9.0, 3.5, 10.0, 4.0 ] },
										"south": { "texture": "#shrimpmushroom", "uv": [ 7.5, 3.5, 8.5, 4.0 ] },
										"west": { "texture": "#shrimpmushroom", "uv": [ 4.0, 0.0, 7.0, 0.5 ] },
										"up": { "texture": "#shrimpmushroom", "uv": [ 2.5, 2.0, 3.5, 5.0 ] },
										"down": { "texture": "#shrimpmushroom", "uv": [ 3.0, 11.0, 4.0, 14.0 ] }
									}
								}
							]
						},
						{
							"name": "stem",
							"from": [ 0.1, 1.6, 0.1 ],
							"to": [ 1.1, 3.6, 1.1 ],
							"rotationOrigin": [ 0.6, 1.6, 0.6 ],
							"rotationX": -25.0,
							"rotationZ": 28.0,
							"faces": {
								"north": { "texture": "#shrimpmushroom", "uv": [ 1.5, 9.0, 2.5, 11.0 ] },
								"east": { "texture": "#shrimpmushroom", "uv": [ 0.0, 8.5, 1.0, 10.5 ] },
								"south": { "texture": "#shrimpmushroom", "uv": [ 0.5, 10.0, 1.5, 12.0 ] },
								"west": { "texture": "#shrimpmushroom", "uv": [ 1.0, 8.5, 2.0, 10.5 ] }
							}
						}
					]
				},
				{
					"name": "tiny20",
					"from": [ 2.69, 0.0, 0.76 ],
					"to": [ 3.69, 0.5, 1.76 ],
					"rotationOrigin": [ 3.1856, 0.0, 1.2631 ],
					"rotationY": 16.0,
					"faces": {
						"north": { "texture": "#shrimpmushroom", "uv": [ 1.5, 9.0, 2.5, 9.5 ] },
						"east": { "texture": "#shrimpmushroom", "uv": [ 0.0, 11.0, 1.0, 11.5 ] },
						"south": { "texture": "#shrimpmushroom", "uv": [ 1.0, 8.0, 2.0, 8.5 ] },
						"west": { "texture": "#shrimpmushroom", "uv": [ 1.0, 11.0, 2.0, 11.5 ] },
						"down": { "texture": "#shrimpmushroom", "uv": [ 1.0, 11.5, 2.0, 12.5 ] }
					},
					"children": [
						{
							"name": "cap6",
							"from": [ -0.2, 0.5, -0.2 ],
							"to": [ 1.3, 1.0, 1.3 ],
							"faces": {
								"north": { "texture": "#shrimpmushroom", "uv": [ 8.5, 0.0, 10.0, 0.5 ] },
								"east": { "texture": "#shrimpmushroom", "uv": [ 8.0, 0.0, 9.5, 0.5 ] },
								"south": { "texture": "#shrimpmushroom", "uv": [ 4.0, 0.0, 5.5, 0.5 ] },
								"west": { "texture": "#shrimpmushroom", "uv": [ 9.5, 0.0, 11.0, 0.5 ] },
								"up": { "texture": "#shrimpmushroom", "uv": [ 6.0, 7.5, 7.5, 9.0 ] },
								"down": { "texture": "#shrimpmushroom", "uv": [ 3.5, 10.0, 5.0, 11.5 ] }
							}
						}
					]
				}
			]
		}
	]}