{
	"editor": {
		"backDropShape": "entity/land/rhinocerotidae/ceratotheriumsimum/adult",
		"allAngles": true,
		"entityTextureMode": true
	},
	"textureWidth": 128,
	"textureHeight": 124,
	"textureSizes": {
		"skin": [128,124],
		"leather": [16,16]
	},
	"textures": {
		"skin": "entity/rhinocerotidae/ceratotheriumsimum-adult",
		"leather": "game:block/leather/plain"
	},
	"elements": [
		{
			"name": "Leather",
			"stepParentName": "nose bridge",
			"from": [ 0.09, 0.32, 0.15 ],
			"to": [ 8.09, 2.32, 3.25 ],
			"unwrapMode": 5,
			"autoUnwrap": false,
			"uv": [ 0.0, 0.0 ],
			"rotationOrigin": [ 0.0894, 0.3201, 0.15 ],
			"faces": {
				"north": { "texture": "#leather", "uv": [ 0.0, 0.0, 8.0, 2.0 ], "rotation": 180 },
				"east": { "texture": "#leather", "uv": [ 6.0, 0.0, 8.0, 3.0 ], "rotation": 90 },
				"south": { "texture": "#leather", "uv": [ 0.0, 4.0, 8.0, 6.0 ] },
				"west": { "texture": "#leather", "uv": [ 0.0, 2.0, 2.0, 5.0 ], "rotation": 270 },
				"up": { "texture": "#leather", "uv": [ 0.0, 0.0, 8.0, 3.0 ] },
				"down": { "texture": "#leather", "uv": [ 0.0, 0.0, 8.0, 3.0 ] }
			},
			"children": [
				{
					"name": "Front Horn base",
					"from": [ -0.94, 0.5799, 0.03 ],
					"to": [ 2.46, 2.4299, 3.09 ],
					"unwrapMode": 3,
					"uv": [ 95.0, 114.5 ],
					"rotationOrigin": [ -0.9394, 0.5799, 0.03 ],
					"rotationZ": 2.0,
					"faces": {
						"north": { "texture": "#skin", "uv": [ 104.0, 117.5, 107.0, 119.0 ] },
						"east": { "texture": "#skin", "uv": [ 101.0, 117.5, 104.0, 119.0 ] },
						"south": { "texture": "#skin", "uv": [ 98.0, 117.5, 101.0, 119.0 ] },
						"west": { "texture": "#skin", "uv": [ 95.0, 117.5, 98.0, 119.0 ] },
						"up": { "texture": "#skin", "uv": [ 98.0, 114.5, 101.0, 117.5 ] }
					},
					"children": [
						{
							"name": "Front Horn 2",
							"from": [ 0.12, 1.56, 0.085 ],
							"to": [ 2.87, 2.56, 2.985 ],
							"unwrapMode": 3,
							"uv": [ 95.5, 112.0 ],
							"rotationOrigin": [ 0.68, 1.565, 0.085 ],
							"rotationZ": -2.0,
							"faces": {
								"north": { "texture": "#skin", "uv": [ 103.0, 114.5, 105.5, 115.5 ] },
								"east": { "texture": "#skin", "uv": [ 100.5, 114.5, 103.0, 115.5 ] },
								"south": { "texture": "#skin", "uv": [ 98.0, 114.5, 100.5, 115.5 ] },
								"west": { "texture": "#skin", "uv": [ 95.5, 114.5, 98.0, 115.5 ] },
								"up": { "texture": "#skin", "uv": [ 98.0, 112.0, 100.5, 114.5 ] }
							},
							"children": [
								{
									"name": "Front Horn 3",
									"from": [ 0.22, 0.71, 0.34 ],
									"to": [ 2.12, 1.96, 2.54 ],
									"unwrapMode": 3,
									"uv": [ 96.5, 109.5 ],
									"rotationOrigin": [ 0.92, 0.715, 0.34 ],
									"rotationZ": -12.0,
									"faces": {
										"north": { "texture": "#skin", "uv": [ 102.0, 111.5, 103.5, 112.5 ] },
										"east": { "texture": "#skin", "uv": [ 100.0, 111.5, 102.0, 112.5 ] },
										"south": { "texture": "#skin", "uv": [ 98.5, 111.5, 100.0, 112.5 ] },
										"west": { "texture": "#skin", "uv": [ 96.5, 111.5, 98.5, 112.5 ] },
										"up": { "texture": "#skin", "uv": [ 98.5, 109.5, 100.0, 111.5 ] }
									},
									"children": [
										{
											"name": "Front Horn 4",
											"from": [ 0.17, 1.07, 0.255 ],
											"to": [ 1.67, 2.12, 1.955 ],
											"unwrapMode": 3,
											"uv": [ 97.0, 106.5 ],
											"rotationOrigin": [ 0.17, 1.065, 0.255 ],
											"rotationZ": -6.0,
											"faces": {
												"north": { "texture": "#skin", "uv": [ 101.5, 108.0, 103.0, 109.0 ] },
												"east": { "texture": "#skin", "uv": [ 100.0, 108.0, 101.5, 109.0 ] },
												"south": { "texture": "#skin", "uv": [ 98.5, 108.0, 100.0, 109.0 ] },
												"west": { "texture": "#skin", "uv": [ 97.0, 108.0, 98.5, 109.0 ] },
												"up": { "texture": "#skin", "uv": [ 98.5, 106.5, 100.0, 108.0 ] }
											},
											"children": [
												{
													"name": "Front Horn 5",
													"from": [ 0.17, 0.97, 0.17 ],
													"to": [ 1.37, 2.02, 1.57 ],
													"unwrapMode": 3,
													"uv": [ 97.5, 105.0 ],
													"rotationOrigin": [ 0.17, 0.965, 0.17 ],
													"rotationZ": -8.0,
													"faces": {
														"north": { "texture": "#skin", "uv": [ 100.5, 106.0, 101.5, 107.0 ] },
														"east": { "texture": "#skin", "uv": [ 99.5, 106.0, 100.5, 107.0 ] },
														"south": { "texture": "#skin", "uv": [ 98.5, 106.0, 99.5, 107.0 ] },
														"west": { "texture": "#skin", "uv": [ 97.5, 106.0, 98.5, 107.0 ] },
														"up": { "texture": "#skin", "uv": [ 98.5, 105.0, 99.5, 106.0 ] }
													},
													"children": [
														{
															"name": "Front Horn 6",
															"from": [ 0.17, 0.96, 0.17 ],
															"to": [ 1.02, 1.96, 1.17 ],
															"unwrapMode": 3,
															"uv": [ 97.5, 103.0 ],
															"rotationOrigin": [ 0.17, 0.965, 0.17 ],
															"rotationZ": -8.0,
															"faces": {
																"north": { "texture": "#skin", "uv": [ 100.0, 104.0, 100.5, 105.0 ] },
																"east": { "texture": "#skin", "uv": [ 99.0, 104.0, 100.0, 105.0 ] },
																"south": { "texture": "#skin", "uv": [ 98.5, 104.0, 99.0, 105.0 ] },
																"west": { "texture": "#skin", "uv": [ 97.5, 104.0, 98.5, 105.0 ] },
																"up": { "texture": "#skin", "uv": [ 98.5, 103.0, 99.0, 104.0 ] }
															},
															"children": [
																{
																	"name": "Front Horn 7",
																	"from": [ 0.085, 0.94, 0.17 ],
																	"to": [ 0.685, 1.44, 0.87 ],
																	"unwrapMode": 3,
																	"uv": [ 98.0, 101.5 ],
																	"rotationOrigin": [ 0.085, 0.94, 0.17 ],
																	"rotationZ": -15.0,
																	"faces": {
																		"north": { "texture": "#skin", "uv": [ 99.5, 102.0, 100.0, 102.5 ] },
																		"east": { "texture": "#skin", "uv": [ 99.0, 102.0, 99.5, 102.5 ] },
																		"south": { "texture": "#skin", "uv": [ 98.5, 102.0, 99.0, 102.5 ] },
																		"west": { "texture": "#skin", "uv": [ 98.0, 102.0, 98.5, 102.5 ] },
																		"up": { "texture": "#skin", "uv": [ 98.5, 101.5, 99.0, 102.0 ] }
																	}
																}
															]
														}
													]
												}
											]
										}
									]
								}
							]
						}
					]
				},
				{
					"name": "Rear Horn base",
					"from": [ 3.17, 1.7724, 0.285 ],
					"to": [ 5.17, 3.0724, 2.835 ],
					"unwrapMode": 5,
					"uv": [ 99.5, 97.0 ],
					"rotationOrigin": [ 3.1693, 1.7724, 0.285 ],
					"rotationZ": -15.0,
					"faces": {
						"north": { "texture": "#skin", "uv": [ 100.5, 97.0, 102.5, 98.0 ], "rotation": 180 },
						"east": { "texture": "#skin", "uv": [ 102.5, 98.0, 103.5, 100.5 ], "rotation": 90 },
						"south": { "texture": "#skin", "uv": [ 100.5, 100.5, 102.5, 101.5 ] },
						"west": { "texture": "#skin", "uv": [ 99.5, 98.0, 100.5, 100.5 ], "rotation": 270 },
						"up": { "texture": "#skin", "uv": [ 100.5, 98.0, 102.5, 100.5 ] }
					},
					"children": [
						{
							"name": "Rear Horn 2",
							"from": [ 0.0, 1.19, 0.3 ],
							"to": [ 3.0, 1.94, 2.1 ],
							"unwrapMode": 5,
							"uv": [ 94.5, 98.0 ],
							"rotationOrigin": [ 0.0, 1.19, 0.3 ],
							"rotationZ": -16.0,
							"faces": {
								"north": { "texture": "#skin", "uv": [ 95.0, 98.0, 98.0, 98.5 ], "rotation": 180 },
								"east": { "texture": "#skin", "uv": [ 98.0, 98.5, 98.5, 100.0 ], "rotation": 90 },
								"south": { "texture": "#skin", "uv": [ 95.0, 100.0, 98.0, 100.5 ] },
								"west": { "texture": "#skin", "uv": [ 94.5, 98.5, 95.0, 100.0 ], "rotation": 270 },
								"up": { "texture": "#skin", "uv": [ 95.0, 98.5, 98.0, 100.0 ] }
							}
						},
						{
							"name": "Rear Horn 5",
							"from": [ 0.3847, 1.86, 0.895 ],
							"to": [ 1.8847, 2.86, 1.595 ],
							"unwrapMode": 5,
							"uv": [ 96.0, 96.5 ],
							"rotationOrigin": [ 0.3847, 1.8613, 0.895 ],
							"rotationZ": -63.0,
							"faces": {
								"north": { "texture": "#skin", "uv": [ 97.0, 96.5, 98.5, 97.5 ], "rotation": 180 },
								"east": { "texture": "#skin", "uv": [ 98.5, 97.5, 99.5, 98.0 ], "rotation": 90 },
								"south": { "texture": "#skin", "uv": [ 97.0, 98.0, 98.5, 99.0 ] },
								"west": { "texture": "#skin", "uv": [ 96.0, 97.5, 97.0, 98.0 ], "rotation": 270 },
								"up": { "texture": "#skin", "uv": [ 97.0, 97.5, 98.5, 98.0 ] }
							}
						}
					]
				}
			]
		}
	],
	"animations": [
		{
			"name": "Walk",
			"code": "walk",
			"quantityframes": 60,
			"onActivityStopped": "Rewind",
			"onAnimationEnd": "Repeat",
			"keyframes": [

			]
		}
	]
}