[
  {
    "file": "game:entities/humanoid/player",
    "op": "Add",
    "path": "/client/animations/-",
    "value": {
      "code": "crawl",
      "animation": "Crawl",
      "blendMode": "Add",
      "animationSpeed": 0.5,
      "supressDefaultAnimation": true,
      "weight": 10.0
    },
    "elementWeight": {
      "UpperTorso": 10,
      "LowerTorso": 10,
      "ItemAnchor": 10,
      "Head": 10,
      "UpperArmR": 10,
      "LowerArmR": 10,
      "UpperArmL": 10,
      "LowerArmL": 10,
      "UpperFootR": 10,
      "LowerFootR": 10,
      "UpperFootL": 10,
      "LowerFootL": 10
    },
    "elementBlendMode": {
      "UpperTorso": "Add",
      "LowerTorso": "Add",
      "ItemAnchor": "Add",
      "Head": "Add",
      "UpperArmR": "Add",
      "LowerArmR": "Add",
      "UpperArmL": "Add",
      "LowerArmL": "Add",
      "UpperFootR": "Add",
      "LowerFootR": "Add",
      "UpperFootL": "Add",
      "LowerFootL": "Add"
    }
  },
  {
    "file": "game:shapes/entity/humanoid/seraph-faceless",
    "op": "Add",
    "path": "/animations/-",
    "value": {
      "name": "Crawl",
      "code": "crawl",
      "quantityframes": 30,
      "onActivityStopped": "EaseOut",
      "onAnimationEnd": "Repeat",
      "keyframes": [
				{
					"frame": 0,
					"elements": {
						"LowerTorso": { "offsetX": -10.0, "offsetY": -4.0, "offsetZ": 0.0, "rotationX": 0.0, "rotationY": 0.0, "rotationZ": 80.0 },
						"UpperArmL": { "rotationX": 0.0, "rotationY": 25.0, "rotationZ": -90.0 },
						"UpperArmR": { "rotationX": 0.0, "rotationY": -25.0, "rotationZ": -90.0 },
						"UpperFootL": { "offsetX": 0.0, "offsetY": 0.0, "offsetZ": 2.0, "rotationX": 0.0, "rotationY": 30.0, "rotationZ": -39.0 },
						"UpperFootR": { "offsetX": 0.0, "offsetY": 0.0, "offsetZ": -2.0, "rotationX": 0.0, "rotationY": -30.0, "rotationZ": -39.0 },
						"Head": { "rotationX": 0.0, "rotationY": 0.0, "rotationZ": -42.0 },
						"LowerArmL": { "rotationX": 0.0, "rotationY": -30.0, "rotationZ": -90.0 },
						"LowerArmR": { "rotationX": 0.0, "rotationY": 30.0, "rotationZ": -90.0 },
						"LowerFootR": { "rotationX": -35.0, "rotationY": -22.0, "rotationZ": 64.0 },
						"LowerFootL": { "rotationX": 0.0, "rotationY": 17.0, "rotationZ": 58.0 },
						"UpperTorso": { "rotationX": 0.0, "rotationY": 0.0, "rotationZ": 5.0 },
            "ItemAnchor": { "rotationX": 0.0, "rotationY": 60.0, "rotationZ": 0.0 }
					}
				},
				{
					"frame": 15,
					"elements": {
						"UpperTorso": { "rotationX": 0.0, "rotationY": 0.0, "rotationZ": 0.0 },
						"UpperArmR": { "rotationX": 0.0, "rotationY": -20.0, "rotationZ": -90.0 },
						"UpperArmL": { "rotationX": 0.0, "rotationY": 20.0, "rotationZ": -90.0 },
						"LowerArmR": { "rotationX": 0.0, "rotationY": 30.0, "rotationZ": -80.0 },
						"LowerArmL": { "rotationX": 0.0, "rotationY": -30.0, "rotationZ": -80.0 }
          }
        }
      ]
    }
  }
]
