{
	"editor": {
		"collapsedPaths": ",Root,Root/Scaffold/Rope0,Root/Scaffold/Rope1,Root/Scaffold/Rope2,Root/Scaffold/Rope3",
		"allAngles": false,
		"entityTextureMode": false
	},
	"textureWidth": 16,
	"textureHeight": 16,
	"textureSizes": {
	},
	"textures": {
	},
	"elements": [
		{
			"name": "Scaffold",
			"from": [ 1.0, 1.0, 1.0 ],
			"to": [ 1.0, 1.0, 1.0 ],
			"faces": {
				"north": { "texture": "#support", "uv": [ 0.0, 0.0, 0.5, 0.5 ] },
				"east": { "texture": "#support", "uv": [ 0.0, 0.0, 0.5, 0.5 ] },
				"south": { "texture": "#support", "uv": [ 0.0, 0.0, 0.5, 0.5 ] },
				"west": { "texture": "#support", "uv": [ 0.0, 0.0, 0.5, 0.5 ] },
				"up": { "texture": "#support", "uv": [ 0.0, 0.0, 0.5, 0.5 ] },
				"down": { "texture": "#support", "uv": [ 0.0, 0.0, 0.5, 0.5 ] }
			},
			"children": [
				{
					"name": "Pole0",
					"from": [ 1.0, -1.0, 1.0 ],
					"to": [ 3.0, 15.0, 3.0 ],
					"rotationOrigin": [ 1.0, -1.0, 1.0 ],
					"faces": {
						"north": { "texture": "#support", "uv": [ 0.0, 0.0, 2.0, 16.0 ] },
						"east": { "texture": "#support", "uv": [ 0.0, 0.0, 2.0, 16.0 ] },
						"south": { "texture": "#support", "uv": [ 0.0, 0.0, 2.0, 16.0 ] },
						"west": { "texture": "#support", "uv": [ 0.0, 0.0, 2.0, 16.0 ] },
						"up": { "texture": "#support", "uv": [ 13.0, 6.0, 16.0, 9.0 ], "autoUv": false },
						"down": { "texture": "#support", "uv": [ 13.0, 8.5, 16.0, 11.5 ], "autoUv": false }
					},
					"children": [
						{
							"name": "Pole1",
							"from": [ 10.0, 0.0, 0.0 ],
							"to": [ 12.0, 16.0, 2.0 ],
							"faces": {
								"north": { "texture": "#support", "uv": [ 0.0, 0.0, 2.0, 16.0 ], "rotation": 180 },
								"east": { "texture": "#support", "uv": [ 0.0, 0.0, 2.0, 16.0 ], "rotation": 180 },
								"south": { "texture": "#support", "uv": [ 0.0, 0.0, 2.0, 16.0 ], "rotation": 180, "windMode": [-1,-1,-1,-1], "windData": [0,0,1,1] },
								"west": { "texture": "#support", "uv": [ 0.0, 0.0, 2.0, 16.0 ], "rotation": 180, "windMode": [-1,-1,-1,-1], "windData": [0,0,1,1] },
								"up": { "texture": "#support", "uv": [ 13.0, 8.5, 16.0, 11.5 ], "autoUv": false },
								"down": { "texture": "#support", "uv": [ 13.0, 6.0, 16.0, 9.0 ], "autoUv": false }
							}
						},
						{
							"name": "Pole3",
							"from": [ 0.0, 0.0, 10.0 ],
							"to": [ 2.0, 16.0, 12.0 ],
							"faces": {
								"north": { "texture": "#support", "uv": [ 0.0, 0.0, 2.0, 16.0 ] },
								"east": { "texture": "#support", "uv": [ 0.0, 0.0, 2.0, 16.0 ] },
								"south": { "texture": "#support", "uv": [ 0.0, 0.0, 2.0, 16.0 ] },
								"west": { "texture": "#support", "uv": [ 0.0, 0.0, 2.0, 16.0 ] },
								"up": { "texture": "#support", "uv": [ 13.0, 8.5, 16.0, 11.5 ], "autoUv": false },
								"down": { "texture": "#support", "uv": [ 10.5, 11.0, 13.5, 14.0 ], "autoUv": false }
							}
						},
						{
							"name": "Pole2",
							"from": [ 10.0, 0.0, 10.0 ],
							"to": [ 12.0, 16.0, 12.0 ],
							"rotationOrigin": [ 1.0, 0.0, 1.0 ],
							"faces": {
								"north": { "texture": "#support", "uv": [ 0.0, 0.0, 2.0, 16.0 ] },
								"east": { "texture": "#support", "uv": [ 0.0, 0.0, 2.0, 16.0 ] },
								"south": { "texture": "#support", "uv": [ 0.0, 0.0, 2.0, 16.0 ] },
								"west": { "texture": "#support", "uv": [ 0.0, 0.0, 2.0, 16.0 ] },
								"up": { "texture": "#support", "uv": [ 13.0, 11.0, 16.0, 14.0 ], "autoUv": false },
								"down": { "texture": "#support", "uv": [ 13.0, 6.0, 16.0, 9.0 ], "autoUv": false }
							}
						}
					]
				},
				{
					"name": "Bracket0",
					"from": [ 2.2, 11.3, 1.5 ],
					"to": [ 3.2, 13.3, 2.25 ],
					"rotationOrigin": [ 2.2, 11.3, 1.5 ],
					"rotationZ": -45.0,
					"faces": {
						"north": { "texture": "#bracket", "uv": [ 0.0, 0.0, 1.0, 2.0 ] },
						"east": { "texture": "#bracket", "uv": [ 0.0, 0.0, 0.5, 2.0 ] },
						"south": { "texture": "#bracket", "uv": [ 0.0, 0.0, 1.0, 2.0 ] },
						"west": { "texture": "#bracket", "uv": [ 0.0, 0.0, 0.5, 2.0 ] },
						"up": { "texture": "#bracket", "uv": [ 0.0, 0.0, 1.0, 0.5 ] },
						"down": { "texture": "#bracket", "uv": [ 0.0, 0.0, 1.0, 0.5 ] }
					},
					"children": [
						{
							"name": "Bracket1",
							"from": [ 0.0, 0.0, 10.0 ],
							"to": [ 1.0, 2.0, 10.75 ],
							"rotationOrigin": [ 0.0, 0.0, 10.0 ],
							"faces": {
								"north": { "texture": "#bracket", "uv": [ 0.0, 0.0, 1.0, 2.0 ] },
								"east": { "texture": "#bracket", "uv": [ 0.0, 0.0, 0.5, 2.0 ] },
								"south": { "texture": "#bracket", "uv": [ 0.0, 0.0, 1.0, 2.0 ] },
								"west": { "texture": "#bracket", "uv": [ 0.0, 0.0, 0.5, 2.0 ] },
								"up": { "texture": "#bracket", "uv": [ 0.0, 0.0, 1.0, 0.5 ] },
								"down": { "texture": "#bracket", "uv": [ 0.0, 0.0, 1.0, 0.5 ] }
							}
						},
						{
							"name": "Bracket2",
							"from": [ 6.7, 5.8, 0.0 ],
							"to": [ 7.7, 7.8, 0.75 ],
							"rotationOrigin": [ 6.7, 5.8, 0.0 ],
							"rotationZ": 90.0,
							"faces": {
								"north": { "texture": "#bracket", "uv": [ 0.0, 0.0, 1.0, 2.0 ] },
								"east": { "texture": "#bracket", "uv": [ 0.0, 0.0, 0.5, 2.0 ] },
								"south": { "texture": "#bracket", "uv": [ 0.0, 0.0, 1.0, 2.0 ] },
								"west": { "texture": "#bracket", "uv": [ 0.0, 0.0, 0.5, 2.0 ] },
								"up": { "texture": "#bracket", "uv": [ 0.0, 0.0, 1.0, 0.5 ] },
								"down": { "texture": "#bracket", "uv": [ 0.0, 0.0, 1.0, 0.5 ] }
							}
						},
						{
							"name": "Bracket3",
							"from": [ 6.7, 5.8, 10.0 ],
							"to": [ 7.7, 7.8, 10.75 ],
							"rotationOrigin": [ 6.7, 5.8, 10.0 ],
							"rotationZ": 90.0,
							"faces": {
								"north": { "texture": "#bracket", "uv": [ 0.0, 0.0, 1.0, 2.0 ] },
								"east": { "texture": "#bracket", "uv": [ 0.0, 0.0, 0.5, 2.0 ] },
								"south": { "texture": "#bracket", "uv": [ 0.0, 0.0, 1.0, 2.0 ] },
								"west": { "texture": "#bracket", "uv": [ 0.0, 0.0, 0.5, 2.0 ] },
								"up": { "texture": "#bracket", "uv": [ 0.0, 0.0, 1.0, 0.5 ] },
								"down": { "texture": "#bracket", "uv": [ 0.0, 0.0, 1.0, 0.5 ] }
							}
						}
					]
				},
				{
					"name": "Pole1S",
					"from": [ 9.5, 12.0, 0.0 ],
					"to": [ 11.0, 13.5, 14.0 ],
					"rotationOrigin": [ 9.0, 12.0, 0.0 ],
					"faces": {
						"north": { "texture": "#support", "uv": [ 8.0, 11.0, 11.0, 14.0 ], "autoUv": false },
						"east": { "texture": "#support", "uv": [ 0.0, 2.0, 1.5, 16.0 ], "rotation": 270, "windMode": [-1,-1,-1,-1], "windData": [0,1,1,0] },
						"south": { "texture": "#support", "uv": [ 13.0, 6.0, 16.0, 9.0 ], "autoUv": false },
						"west": { "texture": "#support", "uv": [ 2.0, 2.0, 3.5, 16.0 ], "rotation": 90 },
						"up": { "texture": "#support", "uv": [ 0.0, 2.0, 1.5, 16.0 ], "rotation": 180 },
						"down": { "texture": "#support", "uv": [ 0.0, 2.0, 1.5, 16.0 ], "rotation": 180 }
					},
					"children": [
						{
							"name": "Pole2S",
							"from": [ -6.5, 0.0, 0.0 ],
							"to": [ -5.0, 1.5, 14.0 ],
							"rotationOrigin": [ -6.5, 0.0, 0.0 ],
							"faces": {
								"north": { "texture": "#support", "uv": [ 13.0, 11.0, 16.0, 14.0 ], "autoUv": false },
								"east": { "texture": "#support", "uv": [ 0.0, 0.0, 1.5, 14.0 ], "rotation": 270 },
								"south": { "texture": "#support", "uv": [ 13.0, 11.0, 16.0, 14.0 ], "autoUv": false },
								"west": { "texture": "#support", "uv": [ 0.0, 0.0, 1.5, 14.0 ], "rotation": 90 },
								"up": { "texture": "#support", "uv": [ 0.0, 0.0, 1.5, 14.0 ], "rotation": 180 },
								"down": { "texture": "#support", "uv": [ 0.0, 0.0, 1.5, 14.0 ], "rotation": 180 }
							}
						}
					]
				}
			]
		}
	]}