[
	{
		"id": "sinew-dry",
		"bindingStatTag": "rope",
		"bindingShapePath": "string",
		"bindingTextureOverride": "butchering:item/resource/sinew"
	},
	{
		"id": "glueportion-sinew-cold",
		"bindingStatTag": "glue",
		"isLiquid": true,
		"litersUsed": 0.5,
		"bindingShapePath": "",
		"bindingTextureOverride": ""
	},
	{
		"id": "glueportion-hide-hot",
		"bindingStatTag": "glue",
		"isLiquid": true,
		"litersUsed": 0.5,
		"bindingShapePath": "",
		"bindingTextureOverride": ""
	}
]