{
	"editor": {
		"backDropShape": "lupine",
		"allAngles": true,
		"entityTextureMode": true
	},
	"textureWidth": 16,
	"textureHeight": 16,
	"textureSizes": {
		"malefactor-mask": [16,16]
	},
	"textures": {
		"malefactor-mask": "lupineclothes/face/malefactor-mask"
	},
	"elements": [
		{
			"name": "origin",
			"stepParentName": "Head",
			"from": [ -0.2, 1.5, 2.3 ],
			"to": [ -0.2, 1.5, 2.3 ],
			"uv": [ 999.0, 999.0 ],
			"rotationOrigin": [ -0.2, 1.5, 2.3 ],
			"rotationZ": 3.0,
			"faces": {
				"north": { "texture": "#malefactor-mask", "uv": [ 0.0, 0.0, 0.5, 0.5 ], "enabled": false },
				"east": { "texture": "#malefactor-mask", "uv": [ 999.5, 999.5, 1000.0, 1000.0 ], "enabled": false },
				"south": { "texture": "#malefactor-mask", "uv": [ 0.0, 0.0, 0.5, 0.5 ], "enabled": false },
				"west": { "texture": "#malefactor-mask", "uv": [ 0.0, 0.0, 0.5, 0.5 ], "enabled": false },
				"up": { "texture": "#malefactor-mask", "uv": [ 0.0, 0.0, 0.5, 0.5 ], "enabled": false },
				"down": { "texture": "#malefactor-mask", "uv": [ 999.5, 999.0, 1000.0, 999.5 ], "enabled": false }
			},
			"children": [
				{
					"name": "snoutT",
					"from": [ -2.9, -1.1, -1.25 ],
					"to": [ 0.6, 0.4, 1.25 ],
					"unwrapMode": 4,
					"autoUnwrap": false,
					"uv": [ 0.0, 3.5 ],
					"rotationOrigin": [ -3.9, -1.1, -1.25 ],
					"rotationZ": 10.0,
					"faces": {
						"north": { "texture": "#malefactor-mask", "uv": [ 0.0, 3.5, 1.5, 7.0 ], "rotation": 270 },
						"east": { "texture": "#malefactor-mask", "uv": [ 10.5, 7.5, 13.0, 9.0 ], "enabled": false },
						"south": { "texture": "#malefactor-mask", "uv": [ 4.0, 3.5, 5.5, 7.0 ], "rotation": 90 },
						"west": { "texture": "#malefactor-mask", "uv": [ 1.5, 7.5, 4.0, 9.0 ] },
						"up": { "texture": "#malefactor-mask", "uv": [ 1.5, 3.5, 4.0, 7.0 ], "rotation": 90 },
						"down": { "texture": "#malefactor-mask", "uv": [ 4.0, 9.0, 6.5, 12.5 ], "rotation": 90, "enabled": false }
					}
				},
				{
					"name": "eyes",
					"from": [ 0.0, -1.0, -2.5 ],
					"to": [ 4.0, 2.5, 2.5 ],
					"unwrapMode": 4,
					"autoUnwrap": false,
					"uv": [ 0.0, -4.0 ],
					"rotationOrigin": [ 0.0, -1.0, -2.5 ],
					"faces": {
						"north": { "texture": "#malefactor-mask", "uv": [ 0.0, 0.0, 4.0, 3.5 ] },
						"east": { "texture": "#malefactor-mask", "uv": [ 13.0, 0.0, 18.0, 3.5 ], "enabled": false },
						"south": { "texture": "#malefactor-mask", "uv": [ 9.0, 0.0, 13.0, 3.5 ] },
						"west": { "texture": "#malefactor-mask", "uv": [ 4.0, 0.0, 9.0, 3.5 ] },
						"up": { "texture": "#malefactor-mask", "uv": [ 5.5, 3.5, 10.5, 7.5 ], "rotation": 90, "autoUv": false, "windMode": [-1,-1,-1,-1], "windData": [1,1,1,1] },
						"down": { "texture": "#malefactor-mask", "uv": [ 4.0, 3.5, 9.0, 7.5 ], "rotation": 90, "enabled": false }
					}
				},
				{
					"name": "snoutL",
					"from": [ -3.1, -1.0, 0.25 ],
					"to": [ 0.4, 0.5, 1.25 ],
					"unwrapMode": 4,
					"uv": [ 5.0, 11.0 ],
					"rotationOrigin": [ -3.1, -1.0, 1.25 ],
					"rotationY": -14.0,
					"faces": {
						"north": { "texture": "#malefactor-mask", "uv": [ 5.0, 14.5, 8.5, 16.0 ], "enabled": false },
						"east": { "texture": "#malefactor-mask", "uv": [ 9.5, 14.5, 10.5, 16.0 ], "enabled": false },
						"south": { "texture": "#malefactor-mask", "uv": [ 6.0, 14.5, 9.5, 16.0 ] },
						"west": { "texture": "#malefactor-mask", "uv": [ 5.0, 14.5, 6.0, 16.0 ] },
						"up": { "texture": "#malefactor-mask", "uv": [ 5.0, 11.0, 6.0, 14.5 ], "rotation": 90 },
						"down": { "texture": "#malefactor-mask", "uv": [ 5.0, 16.0, 6.0, 19.5 ], "rotation": 90, "enabled": false }
					}
				},
				{
					"name": "snoutR",
					"from": [ -3.1, -1.0, -1.25 ],
					"to": [ 0.4, 0.5, -0.25 ],
					"unwrapMode": 4,
					"uv": [ 0.5, 11.0 ],
					"rotationOrigin": [ -3.1, -1.0, -1.25 ],
					"rotationY": 14.0,
					"faces": {
						"north": { "texture": "#malefactor-mask", "uv": [ 0.5, 14.5, 4.0, 16.0 ] },
						"east": { "texture": "#malefactor-mask", "uv": [ 5.0, 14.5, 6.0, 16.0 ], "enabled": false },
						"south": { "texture": "#malefactor-mask", "uv": [ 5.0, 14.5, 8.5, 16.0 ], "enabled": false },
						"west": { "texture": "#malefactor-mask", "uv": [ 4.0, 14.5, 5.0, 16.0 ] },
						"up": { "texture": "#malefactor-mask", "uv": [ 4.0, 11.0, 5.0, 14.5 ], "rotation": 90 },
						"down": { "texture": "#malefactor-mask", "uv": [ 4.0, 16.0, 5.0, 19.5 ], "rotation": 90, "enabled": false }
					}
				}
			]
		}
	]}
