[
	{
	"file": "fluffydreg:config/model-replacements-byshape.json",
	"op": "addmerge",
	"path": "/fluffydreg:fluffdreg",
	"dependsOn": [{ "modid": "dressedtokillredux" }],
	"value": {
		"dressedtokillredux:foot": "fluffydreg:entity/humanoid/seraph/clothing/dressedtokillredux/foot",
		"dressedtokill:foot": "fluffydreg:entity/humanoid/seraph/clothing/dressedtokillredux/foot",
		"dressedtokillredux:lowerbody": "fluffydreg:entity/humanoid/seraph/clothing/dressedtokillredux/lowerbody",
		"dressedtokill:lowerbody": "fluffydreg:entity/humanoid/seraph/clothing/dressedtokillredux/lowerbody"
		}
	}
]