[
	{
	"file": "fluffydreg:config/model-replacements-byshape.json",
	"op": "addmerge",
	"path": "/fluffydreg:fluffdreg",
	"dependsOn": [{ "modid": "rustboundmagic" }],
	"value": {
		"rustboundmagic:entities/humanoids/armor/basic/basic-legs-inert": "fluffydreg:entity/humanoid/seraph/armor/rustbound/armor/basic/basic-legs-inert",
		"rustboundmagic:entities/humanoids/armor/basic/basic-legs-tier1": "fluffydreg:entity/humanoid/seraph/armor/rustbound/armor/basic/basic-legs-tier1",
		"rustboundmagic:entities/humanoids/armor/basic/basic-legs-tier2": "fluffydreg:entity/humanoid/seraph/armor/rustbound/armor/basic/basic-legs-tier2",
		"rustboundmagic:entities/humanoids/armor/basic/basic-legs-tier3": "fluffydreg:entity/humanoid/seraph/armor/rustbound/armor/basic/basic-legs-tier3",
		"rustboundmagic:entities/humanoids/armor/wanderer/wanderer-legs-tier1": "fluffydreg:entity/humanoid/seraph/armor/rustbound/armor/wanderer/wanderer-legs-tier1",
		"rustboundmagic:entities/humanoids/armor/wanderer/wanderer-legs-tier2": "fluffydreg:entity/humanoid/seraph/armor/rustbound/armor/wanderer/wanderer-legs-tier2",
		"rustboundmagic:entities/humanoids/armor/wanderer/wanderer-legs-tier3": "fluffydreg:entity/humanoid/seraph/armor/rustbound/armor/wanderer/wanderer-legs-tier3",
		"rustboundmagic:entities/humanoids/armor/rustyjonas/rustyjonas-legs": "fluffydreg:entity/humanoid/seraph/armor/rustbound/armor/rustyjonas/rustyjonas-legs",
		"rustboundmagic:entities/humanoids/armor/necromancer/necromancer-head": "fluffydreg:entity/humanoid/seraph/armor/rustbound/armor/necromancer/necromancer-head",
		"rustboundmagic:entities/humanoids/armor/necromancer/necromancer-legs": "fluffydreg:entity/humanoid/seraph/armor/rustbound/armor/necromancer/necromancer-legs",
		"rustboundmagic:entities/humanoids/armor/temporaljonas/temporaljonas-legs": "fluffydreg:entity/humanoid/seraph/armor/rustbound/armor/temporaljonas/temporaljonas-legs"
		}
	}
]