{
	"editor": {
		"backDropShape": "entity/bovinae/tragelaphusbuxtoni/male",
		"collapsedPaths": "",
		"allAngles": true,
		"entityTextureMode": true
	},
	"textureWidth": 64,
	"textureHeight": 76,
	"textureSizes": {
		"skin": [64,76]
	},
	"textures": {
		"skin": "entity/bovinae/tragelaphusbuxtoni-male"
	},
	"elements": [
		{
			"name": "R Antler01",
			"stepParentName": "AntlerBase",
			"from": [ 0.9, -0.7, -1.6 ],
			"to": [ 2.5, 0.5, -0.4 ],
			"unwrapMode": 5,
			"unwrapRotation": 1,
			"uv": [ 56.5, 38.0 ],
			"rotationOrigin": [ 0.9, -0.3, -0.9 ],
			"rotationY": 10.0,
			"rotationZ": 30.0,
			"faces": {
				"north": { "texture": "#skin", "uv": [ 56.5, 39.0, 57.5, 40.5 ], "rotation": 270 },
				"east": { "texture": "#skin", "uv": [ 57.5, 38.0, 58.5, 39.0 ], "rotation": 180 },
				"south": { "texture": "#skin", "uv": [ 58.5, 39.0, 59.5, 40.5 ], "rotation": 90 },
				"up": { "texture": "#skin", "uv": [ 57.5, 39.0, 58.5, 40.5 ], "rotation": 90 },
				"down": { "texture": "#skin", "uv": [ 59.5, 39.0, 60.5, 40.5 ], "rotation": 270, "windMode": [-1,-1,-1,-1], "windData": [1,1,1,1] }
			},
			"children": [
				{
					"name": "R Antler02",
					"from": [ 1.4, 0.2, 0.2 ],
					"to": [ 3.0, 1.0, 1.0 ],
					"unwrapMode": 5,
					"unwrapRotation": 1,
					"uv": [ 56.5, 36.5 ],
					"rotationOrigin": [ 1.4, 0.6, 0.6 ],
					"rotationX": -21.0,
					"rotationY": 15.0,
					"rotationZ": 4.0,
					"faces": {
						"north": { "texture": "#skin", "uv": [ 56.5, 37.0, 57.0, 38.5 ], "rotation": 270 },
						"east": { "texture": "#skin", "uv": [ 57.0, 36.5, 57.5, 37.0 ], "rotation": 180 },
						"south": { "texture": "#skin", "uv": [ 57.5, 37.0, 58.0, 38.5 ], "rotation": 90 },
						"west": { "texture": "#skin", "uv": [ 57.0, 38.5, 57.5, 39.0 ], "windMode": [-1,-1,-1,-1], "windData": [1,2,2,2] },
						"up": { "texture": "#skin", "uv": [ 57.0, 37.0, 57.5, 38.5 ], "rotation": 90 },
						"down": { "texture": "#skin", "uv": [ 58.0, 37.0, 58.5, 38.5 ], "rotation": 270, "windMode": [-1,-1,-1,-1], "windData": [1,1,1,1] }
					},
					"children": [
						{
							"name": "R Antler3",
							"from": [ 1.4, 0.0, 0.0 ],
							"to": [ 3.0, 0.8, 0.8 ],
							"unwrapMode": 5,
							"unwrapRotation": 1,
							"uv": [ 56.5, 35.0 ],
							"rotationOrigin": [ 1.4, 0.4, 0.4 ],
							"rotationX": -22.0,
							"rotationY": 15.0,
							"rotationZ": 4.0,
							"faces": {
								"north": { "texture": "#skin", "uv": [ 56.5, 35.5, 57.0, 37.0 ], "rotation": 270 },
								"east": { "texture": "#skin", "uv": [ 57.0, 35.0, 57.5, 35.5 ], "rotation": 180 },
								"south": { "texture": "#skin", "uv": [ 57.5, 35.5, 58.0, 37.0 ], "rotation": 90 },
								"west": { "texture": "#skin", "uv": [ 57.0, 37.0, 57.5, 37.5 ], "windMode": [-1,-1,-1,-1], "windData": [2,2,2,2] },
								"up": { "texture": "#skin", "uv": [ 57.0, 35.5, 57.5, 37.0 ], "rotation": 90 },
								"down": { "texture": "#skin", "uv": [ 58.0, 35.5, 58.5, 37.0 ], "rotation": 270, "windMode": [-1,-1,-1,-1], "windData": [1,1,1,1] }
							},
							"children": [
								{
									"name": "R Antler4",
									"from": [ 1.4, 0.05, 0.05 ],
									"to": [ 3.0, 0.75, 0.75 ],
									"unwrapMode": 1,
									"unwrapRotation": 1,
									"uv": [ 56.5, 33.5 ],
									"rotationOrigin": [ 1.4, 0.4, 0.4 ],
									"rotationX": -23.0,
									"rotationY": 15.0,
									"rotationZ": 4.0,
									"faces": {
										"north": { "texture": "#skin", "uv": [ 57.0, 34.0, 57.5, 35.5 ], "rotation": 90 },
										"east": { "texture": "#skin", "uv": [ 57.0, 35.5, 57.5, 36.0 ], "rotation": 90 },
										"south": { "texture": "#skin", "uv": [ 58.0, 34.0, 58.5, 35.5 ], "rotation": 270 },
										"west": { "texture": "#skin", "uv": [ 57.0, 33.5, 57.5, 34.0 ], "rotation": 90, "windMode": [-1,-1,-1,-1], "windData": [2,2,2,2] },
										"up": { "texture": "#skin", "uv": [ 56.5, 34.0, 57.0, 35.5 ], "rotation": 270 },
										"down": { "texture": "#skin", "uv": [ 57.5, 34.0, 58.0, 35.5 ], "rotation": 90, "windMode": [-1,-1,-1,-1], "windData": [1,1,1,1] }
									}
								}
							]
						}
					]
				}
			]
		},
		{
			"name": "L Antler01",
			"stepParentName": "AntlerBase",
			"from": [ 0.9, -0.7, 0.4 ],
			"to": [ 2.5, 0.5, 1.6 ],
			"unwrapMode": 5,
			"unwrapRotation": 1,
			"uv": [ 56.5, 38.0 ],
			"rotationOrigin": [ 0.9, -0.3, 1.0 ],
			"rotationY": -10.0,
			"rotationZ": 30.0,
			"faces": {
				"north": { "texture": "#skin", "uv": [ 56.5, 39.0, 57.5, 40.5 ], "rotation": 270 },
				"east": { "texture": "#skin", "uv": [ 57.5, 38.0, 58.5, 39.0 ], "rotation": 180 },
				"south": { "texture": "#skin", "uv": [ 58.5, 39.0, 59.5, 40.5 ], "rotation": 90 },
				"up": { "texture": "#skin", "uv": [ 57.5, 39.0, 58.5, 40.5 ], "rotation": 90 },
				"down": { "texture": "#skin", "uv": [ 59.5, 39.0, 60.5, 40.5 ], "rotation": 270, "windMode": [-1,-1,-1,-1], "windData": [1,1,1,1] }
			},
			"children": [
				{
					"name": "L Antler 2",
					"from": [ 1.4, 0.2, 0.2 ],
					"to": [ 3.0, 1.0, 1.0 ],
					"unwrapMode": 5,
					"unwrapRotation": 1,
					"uv": [ 56.5, 36.5 ],
					"rotationOrigin": [ 1.4, 0.6, 0.6 ],
					"rotationX": 21.0,
					"rotationY": -15.0,
					"rotationZ": 4.0,
					"faces": {
						"north": { "texture": "#skin", "uv": [ 56.5, 37.0, 57.0, 38.5 ], "rotation": 270 },
						"east": { "texture": "#skin", "uv": [ 57.0, 36.5, 57.5, 37.0 ], "rotation": 180 },
						"south": { "texture": "#skin", "uv": [ 57.5, 37.0, 58.0, 38.5 ], "rotation": 90 },
						"west": { "texture": "#skin", "uv": [ 57.0, 38.5, 57.5, 39.0 ], "windMode": [-1,-1,-1,-1], "windData": [2,1,2,2] },
						"up": { "texture": "#skin", "uv": [ 57.0, 37.0, 57.5, 38.5 ], "rotation": 90 },
						"down": { "texture": "#skin", "uv": [ 58.0, 37.0, 58.5, 38.5 ], "rotation": 270, "windMode": [-1,-1,-1,-1], "windData": [1,1,1,1] }
					},
					"children": [
						{
							"name": "L Antler3",
							"from": [ 1.4, 0.0, 0.0 ],
							"to": [ 3.0, 0.8, 0.8 ],
							"unwrapMode": 3,
							"unwrapRotation": 1,
							"uv": [ 56.5, 35.0 ],
							"rotationOrigin": [ 1.4, 0.4, 0.4 ],
							"rotationX": 22.0,
							"rotationY": -15.0,
							"rotationZ": 4.0,
							"faces": {
								"north": { "texture": "#skin", "uv": [ 58.0, 35.5, 58.5, 37.0 ], "rotation": 270 },
								"east": { "texture": "#skin", "uv": [ 57.0, 35.0, 57.5, 35.5 ], "rotation": 90 },
								"south": { "texture": "#skin", "uv": [ 57.0, 35.5, 57.5, 37.0 ], "rotation": 90 },
								"west": { "texture": "#skin", "uv": [ 57.0, 37.0, 57.5, 37.5 ], "rotation": 90, "windMode": [-1,-1,-1,-1], "windData": [2,2,2,2] },
								"up": { "texture": "#skin", "uv": [ 56.5, 35.5, 57.0, 37.0 ], "rotation": 90 },
								"down": { "texture": "#skin", "uv": [ 57.5, 35.5, 58.0, 37.0 ], "rotation": 270, "windMode": [-1,-1,-1,-1], "windData": [1,1,1,1] }
							},
							"children": [
								{
									"name": "L Antler4",
									"from": [ 1.4, 0.05, 0.05 ],
									"to": [ 3.0, 0.75, 0.75 ],
									"unwrapMode": 3,
									"unwrapRotation": 1,
									"uv": [ 56.5, 33.5 ],
									"rotationOrigin": [ 1.4, 0.4, 0.4 ],
									"rotationX": 23.0,
									"rotationY": -15.0,
									"rotationZ": 4.0,
									"faces": {
										"north": { "texture": "#skin", "uv": [ 58.0, 34.0, 58.5, 35.5 ], "rotation": 270 },
										"east": { "texture": "#skin", "uv": [ 57.0, 33.5, 57.5, 34.0 ], "rotation": 90 },
										"south": { "texture": "#skin", "uv": [ 57.0, 34.0, 57.5, 35.5 ], "rotation": 90 },
										"west": { "texture": "#skin", "uv": [ 57.0, 35.5, 57.5, 36.0 ], "rotation": 90, "windMode": [-1,-1,-1,-1], "windData": [2,2,2,2] },
										"up": { "texture": "#skin", "uv": [ 56.5, 34.0, 57.0, 35.5 ], "rotation": 90 },
										"down": { "texture": "#skin", "uv": [ 57.5, 34.0, 58.0, 35.5 ], "rotation": 270, "windMode": [-1,-1,-1,-1], "windData": [1,1,1,1] }
									}
								}
							]
						}
					]
				}
			]
		}
	]}