[
  {
    "file": "game:entities/humanoid/player",
    "op": "Add",
    "path": "/client/animations/-",
    "value": {
      "code": "hangingbackright",
      "animation": "HangingBackRight",
      "blendMode": "AddAverage",
      "holdEyePosAfterEasein": 0.0,
      "animationSpeed": 0.5
    }
  },
  {
    "file": "game:shapes/entity/humanoid/seraph-faceless",
    "op": "Add",
    "path": "/animations/-",
    "value": {
      "name": "HangingBackRight",
      "code": "hangingbackright",
      "quantityframes": 20,
      "onActivityStopped": "EaseOut",
      "onAnimationEnd": "Repeat",
      "keyframes": [
				{
					"frame": 0,
					"elements": {
						"UpperArmR": { "rotationX": 6.0, "rotationY": 0.0, "rotationZ": -30.0 },
						"LowerArmR": { "rotationX": -8.0, "rotationY": 0.0, "rotationZ": 0.0 },
						"UpperArmL": { "offsetX": 0.0, "offsetY": 0.0, "offsetZ": -2.0, "rotationX": -108.0, "rotationY": 0.0, "rotationZ": 72.0 },
						"LowerArmL": { "rotationX": 8.0, "rotationY": 22.0, "rotationZ": -58.0 },
						"UpperFootL": { "rotationX": 0.0, "rotationY": 20.0, "rotationZ": -110.0 },
						"LowerFootL": { "rotationX": 0.0, "rotationY": 0.0, "rotationZ": 105.0 },
						"UpperFootR": { "rotationX": 0.0, "rotationY": 0.0, "rotationZ": -14.0 },
						"LowerFootR": { "rotationX": 0.0, "rotationY": 0.0, "rotationZ": 25.0 },
						"UpperTorso": { "rotationX": 0.0, "rotationY": -91.0, "rotationZ": 20.0 },
						"LowerTorso": { "offsetX": 1.5, "offsetY": -2.5, "offsetZ": 0.0 },
						"Head": { "rotationX": 0.0, "rotationY": 0.0, "rotationZ": -20.0 }
					}
				},
				{
					"frame": 7,
					"elements": {
						"UpperFootR": { "rotationX": 0.0, "rotationY": 0.0, "rotationZ": -10.0 }
					}
				},
				{
					"frame": 9,
					"elements": {
						"UpperArmR": { "rotationX": 6.0, "rotationY": 0.0, "rotationZ": -35.0 }
					}
				},
				{
					"frame": 10,
					"elements": {
						"UpperTorso": { "rotationX": 0.0, "rotationY": -91.0, "rotationZ": 23.0 }
          }
        }
      ]
    }
  }
]
