[
  {
    "ingredientPattern": "SPS,NP_,SPS",
    "ingredients": {
      "S": { "type": "item", "code": "game:stick", "quantity": 4 },
      "N": { "type": "item", "code": "game:metalnailsandstrips-*" },
      "P": { "type": "item", "code": "game:plank-{wood}", "quantity": 4 }
    },
    "width": 3, "height": 3, "recipeGroup": 1,
    "output": {
      "type": "block",
      "code": "tun-normal",
      "attributes": {
        "FSAttributes": {
          "wood": "{wood}"
        }
      }
    }
  },
  {
    "ingredientPattern": "SPS,NP_,SPS",
    "ingredients": {
      "S": { "type": "item", "code": "game:stick", "quantity": 4 },
      "N": { "type": "item", "code": "game:metalnailsandstrips-*" },
      "P": { "type": "item", "code": "*:plank-*", "quantity": 4 }
    },
    "width": 3, "height": 3, "recipeGroup": 1,
    "output": { "type": "block", "code": "tun-normal" }
  }
]
