{
	"editor": {
		"backDropShape": "entity/bovinae/tragelaphusstrepsiceros/male",
		"collapsedPaths": "",
		"allAngles": true,
		"entityTextureMode": true
	},
	"textureWidth": 80,
	"textureHeight": 88,
	"textureSizes": {
		"skin": [80,88]
	},
	"textures": {
		"skin": "entity/bovinae/tragelaphusstrepsiceros-male"
	},
	"elements": [
		{
			"name": "L Antler01",
			"stepParentName": "AntlerBase",
			"from": [ 0.9, -0.7, 0.7 ],
			"to": [ 2.5, 0.6, 2.0 ],
			"unwrapMode": 5,
			"unwrapRotation": 1,
			"uv": [ 75.0, 46.5 ],
			"rotationOrigin": [ 0.9, -0.3, 1.3 ],
			"rotationY": -10.0,
			"rotationZ": 30.0,
			"faces": {
				"north": { "texture": "#skin", "uv": [ 75.0, 47.5, 76.0, 49.0 ], "rotation": 270 },
				"east": { "texture": "#skin", "uv": [ 76.0, 46.5, 77.0, 47.5 ], "rotation": 180 },
				"south": { "texture": "#skin", "uv": [ 77.0, 47.5, 78.0, 49.0 ], "rotation": 90 },
				"up": { "texture": "#skin", "uv": [ 76.0, 47.5, 77.0, 49.0 ], "rotation": 90 },
				"down": { "texture": "#skin", "uv": [ 78.0, 47.5, 79.0, 49.0 ], "rotation": 270, "windMode": [-1,-1,-1,-1], "windData": [1,1,1,1] }
			},
			"children": [
				{
					"name": "L Antler 2",
					"from": [ 1.4, 0.05, 0.05 ],
					"to": [ 3.0, 1.25, 1.25 ],
					"unwrapMode": 5,
					"unwrapRotation": 1,
					"uv": [ 75.0, 45.0 ],
					"rotationOrigin": [ 1.4, 0.65, 0.65 ],
					"rotationX": 21.0,
					"rotationY": -15.0,
					"rotationZ": 4.0,
					"faces": {
						"north": { "texture": "#skin", "uv": [ 75.0, 46.0, 76.0, 47.5 ], "rotation": 270 },
						"east": { "texture": "#skin", "uv": [ 76.0, 45.0, 77.0, 46.0 ], "rotation": 180 },
						"south": { "texture": "#skin", "uv": [ 77.0, 46.0, 78.0, 47.5 ], "rotation": 90 },
						"west": { "texture": "#skin", "uv": [ 76.0, 47.5, 77.0, 48.5 ], "windMode": [-1,-1,-1,-1], "windData": [2,1,2,2] },
						"up": { "texture": "#skin", "uv": [ 76.0, 46.0, 77.0, 47.5 ], "rotation": 90 },
						"down": { "texture": "#skin", "uv": [ 78.0, 46.0, 79.0, 47.5 ], "rotation": 270, "windMode": [-1,-1,-1,-1], "windData": [1,1,1,1] }
					},
					"children": [
						{
							"name": "L Antler3",
							"from": [ 1.4, 0.0, 0.0 ],
							"to": [ 3.0, 1.2, 1.2 ],
							"unwrapMode": 3,
							"unwrapRotation": 1,
							"uv": [ 75.0, 43.5 ],
							"rotationOrigin": [ 1.4, 0.65, 0.65 ],
							"rotationX": 22.0,
							"rotationY": -15.0,
							"rotationZ": 4.0,
							"faces": {
								"north": { "texture": "#skin", "uv": [ 78.0, 44.5, 79.0, 46.0 ], "rotation": 270 },
								"east": { "texture": "#skin", "uv": [ 76.0, 43.5, 77.0, 44.5 ], "rotation": 90 },
								"south": { "texture": "#skin", "uv": [ 76.0, 44.5, 77.0, 46.0 ], "rotation": 90 },
								"west": { "texture": "#skin", "uv": [ 76.0, 46.0, 77.0, 47.0 ], "rotation": 90, "windMode": [-1,-1,-1,-1], "windData": [2,2,2,2] },
								"up": { "texture": "#skin", "uv": [ 75.0, 44.5, 76.0, 46.0 ], "rotation": 90 },
								"down": { "texture": "#skin", "uv": [ 77.0, 44.5, 78.0, 46.0 ], "rotation": 270, "windMode": [-1,-1,-1,-1], "windData": [1,1,1,1] }
							},
							"children": [
								{
									"name": "L Antler4",
									"from": [ 1.4, 0.05, 0.05 ],
									"to": [ 3.0, 1.15, 1.15 ],
									"unwrapMode": 3,
									"unwrapRotation": 1,
									"uv": [ 75.0, 42.0 ],
									"rotationOrigin": [ 1.4, 0.65, 0.65 ],
									"rotationX": 23.0,
									"rotationY": -15.0,
									"rotationZ": 4.0,
									"faces": {
										"north": { "texture": "#skin", "uv": [ 78.0, 43.0, 79.0, 44.5 ], "rotation": 270 },
										"east": { "texture": "#skin", "uv": [ 76.0, 42.0, 77.0, 43.0 ], "rotation": 90 },
										"south": { "texture": "#skin", "uv": [ 76.0, 43.0, 77.0, 44.5 ], "rotation": 90 },
										"west": { "texture": "#skin", "uv": [ 76.0, 44.5, 77.0, 45.5 ], "rotation": 90, "windMode": [-1,-1,-1,-1], "windData": [2,2,2,2] },
										"up": { "texture": "#skin", "uv": [ 75.0, 43.0, 76.0, 44.5 ], "rotation": 90 },
										"down": { "texture": "#skin", "uv": [ 77.0, 43.0, 78.0, 44.5 ], "rotation": 270, "windMode": [-1,-1,-1,-1], "windData": [1,1,1,1] }
									},
									"children": [
										{
											"name": "L Antler5",
											"from": [ 1.4, 0.0, 0.0 ],
											"to": [ 3.0, 1.1, 1.1 ],
											"unwrapMode": 5,
											"unwrapRotation": 1,
											"uv": [ 75.0, 40.5 ],
											"rotationOrigin": [ 1.4, 0.55, 0.55 ],
											"rotationX": 24.0,
											"rotationY": -15.0,
											"rotationZ": 4.0,
											"faces": {
												"north": { "texture": "#skin", "uv": [ 75.0, 41.5, 76.0, 43.0 ], "rotation": 270 },
												"east": { "texture": "#skin", "uv": [ 76.0, 40.5, 77.0, 41.5 ], "rotation": 180 },
												"south": { "texture": "#skin", "uv": [ 77.0, 41.5, 78.0, 43.0 ], "rotation": 90 },
												"west": { "texture": "#skin", "uv": [ 76.0, 43.0, 77.0, 44.0 ], "windMode": [-1,-1,-1,-1], "windData": [2,2,2,2] },
												"up": { "texture": "#skin", "uv": [ 76.0, 41.5, 77.0, 43.0 ], "rotation": 90 },
												"down": { "texture": "#skin", "uv": [ 78.0, 41.5, 79.0, 43.0 ], "rotation": 270, "windMode": [-1,-1,-1,-1], "windData": [1,1,1,1] }
											},
											"children": [
												{
													"name": "L Antler6",
													"from": [ 1.4, 0.0, 0.0 ],
													"to": [ 3.0, 1.1, 1.1 ],
													"unwrapMode": 5,
													"unwrapRotation": 1,
													"uv": [ 75.0, 39.0 ],
													"rotationOrigin": [ 1.4, 0.55, 0.55 ],
													"rotationX": 26.0,
													"rotationY": -15.0,
													"rotationZ": 4.0,
													"faces": {
														"north": { "texture": "#skin", "uv": [ 75.0, 40.0, 76.0, 41.5 ], "rotation": 270 },
														"east": { "texture": "#skin", "uv": [ 76.0, 39.0, 77.0, 40.0 ], "rotation": 180 },
														"south": { "texture": "#skin", "uv": [ 77.0, 40.0, 78.0, 41.5 ], "rotation": 90 },
														"west": { "texture": "#skin", "uv": [ 76.0, 41.5, 77.0, 42.5 ], "windMode": [-1,-1,-1,-1], "windData": [2,2,2,2] },
														"up": { "texture": "#skin", "uv": [ 76.0, 40.0, 77.0, 41.5 ], "rotation": 90 },
														"down": { "texture": "#skin", "uv": [ 78.0, 40.0, 79.0, 41.5 ], "rotation": 270, "windMode": [-1,-1,-1,-1], "windData": [1,1,1,1] }
													},
													"children": [
														{
															"name": "L Antler7",
															"from": [ 1.4, 0.05, 0.05 ],
															"to": [ 3.0, 1.05, 1.05 ],
															"unwrapMode": 5,
															"unwrapRotation": 1,
															"uv": [ 75.0, 37.5 ],
															"rotationOrigin": [ 1.4, 0.55, 0.55 ],
															"rotationX": 28.0,
															"rotationY": -15.0,
															"rotationZ": 4.0,
															"faces": {
																"north": { "texture": "#skin", "uv": [ 75.0, 38.5, 76.0, 40.0 ], "rotation": 270 },
																"east": { "texture": "#skin", "uv": [ 76.0, 37.5, 77.0, 38.5 ], "rotation": 180 },
																"south": { "texture": "#skin", "uv": [ 77.0, 38.5, 78.0, 40.0 ], "rotation": 90 },
																"west": { "texture": "#skin", "uv": [ 76.0, 40.0, 77.0, 41.0 ], "windMode": [-1,-1,-1,-1], "windData": [2,2,2,2] },
																"up": { "texture": "#skin", "uv": [ 76.0, 38.5, 77.0, 40.0 ], "rotation": 90 },
																"down": { "texture": "#skin", "uv": [ 78.0, 38.5, 79.0, 40.0 ], "rotation": 270, "windMode": [-1,-1,-1,-1], "windData": [2,2,2,2] }
															},
															"children": [
																{
																	"name": "L Antler8",
																	"from": [ 1.4, 0.0, 0.0 ],
																	"to": [ 3.0, 1.0, 1.0 ],
																	"unwrapMode": 5,
																	"unwrapRotation": 1,
																	"uv": [ 75.0, 36.0 ],
																	"rotationOrigin": [ 1.4, 0.5, 0.65 ],
																	"rotationX": 30.0,
																	"rotationY": -15.0,
																	"rotationZ": 4.0,
																	"faces": {
																		"north": { "texture": "#skin", "uv": [ 75.0, 37.0, 76.0, 38.5 ], "rotation": 270 },
																		"east": { "texture": "#skin", "uv": [ 76.0, 36.0, 77.0, 37.0 ], "rotation": 180 },
																		"south": { "texture": "#skin", "uv": [ 77.0, 37.0, 78.0, 38.5 ], "rotation": 90 },
																		"west": { "texture": "#skin", "uv": [ 76.0, 38.5, 77.0, 39.5 ], "windMode": [-1,-1,-1,-1], "windData": [2,2,2,2] },
																		"up": { "texture": "#skin", "uv": [ 76.0, 37.0, 77.0, 38.5 ], "rotation": 90 },
																		"down": { "texture": "#skin", "uv": [ 78.0, 37.0, 79.0, 38.5 ], "rotation": 270, "windMode": [-1,-1,-1,-1], "windData": [1,1,1,1] }
																	},
																	"children": [
																		{
																			"name": "L Antler9",
																			"from": [ 1.4, 0.0, 0.0 ],
																			"to": [ 3.0, 1.0, 1.0 ],
																			"unwrapMode": 5,
																			"unwrapRotation": 1,
																			"uv": [ 75.0, 34.5 ],
																			"rotationOrigin": [ 1.4, 0.5, 0.5 ],
																			"rotationX": 32.0,
																			"rotationY": -15.0,
																			"rotationZ": 4.0,
																			"faces": {
																				"north": { "texture": "#skin", "uv": [ 75.0, 35.5, 76.0, 37.0 ], "rotation": 270 },
																				"east": { "texture": "#skin", "uv": [ 76.0, 34.5, 77.0, 35.5 ], "rotation": 180 },
																				"south": { "texture": "#skin", "uv": [ 77.0, 35.5, 78.0, 37.0 ], "rotation": 90 },
																				"west": { "texture": "#skin", "uv": [ 76.0, 37.0, 77.0, 38.0 ], "windMode": [-1,-1,-1,-1], "windData": [2,2,2,2] },
																				"up": { "texture": "#skin", "uv": [ 76.0, 35.5, 77.0, 37.0 ], "rotation": 90 },
																				"down": { "texture": "#skin", "uv": [ 78.0, 35.5, 79.0, 37.0 ], "rotation": 270, "windMode": [-1,-1,-1,-1], "windData": [1,1,1,1] }
																			},
																			"children": [
																				{
																					"name": "L Antler10",
																					"from": [ 1.4, 0.0, 0.0 ],
																					"to": [ 3.0, 1.0, 1.0 ],
																					"unwrapMode": 5,
																					"unwrapRotation": 1,
																					"uv": [ 75.0, 33.0 ],
																					"rotationOrigin": [ 1.4, 0.5, 0.5 ],
																					"rotationX": 35.0,
																					"rotationY": -15.0,
																					"rotationZ": 4.0,
																					"faces": {
																						"north": { "texture": "#skin", "uv": [ 75.0, 34.0, 76.0, 35.5 ], "rotation": 270 },
																						"east": { "texture": "#skin", "uv": [ 76.0, 33.0, 77.0, 34.0 ], "rotation": 180 },
																						"south": { "texture": "#skin", "uv": [ 77.0, 34.0, 78.0, 35.5 ], "rotation": 90 },
																						"west": { "texture": "#skin", "uv": [ 76.0, 35.5, 77.0, 36.5 ], "windMode": [-1,-1,-1,-1], "windData": [2,2,2,2] },
																						"up": { "texture": "#skin", "uv": [ 76.0, 34.0, 77.0, 35.5 ], "rotation": 90 },
																						"down": { "texture": "#skin", "uv": [ 78.0, 34.0, 79.0, 35.5 ], "rotation": 270, "windMode": [-1,-1,-1,-1], "windData": [1,1,1,1] }
																					},
																					"children": [
																						{
																							"name": "L Antler11",
																							"from": [ 1.4, 0.0, 0.0 ],
																							"to": [ 3.0, 1.0, 1.0 ],
																							"unwrapMode": 1,
																							"unwrapRotation": 1,
																							"uv": [ 75.0, 31.5 ],
																							"rotationOrigin": [ 1.4, 0.5, 0.5 ],
																							"rotationX": 38.0,
																							"rotationY": -15.0,
																							"rotationZ": 4.0,
																							"faces": {
																								"north": { "texture": "#skin", "uv": [ 76.0, 32.5, 77.0, 34.0 ], "rotation": 90 },
																								"east": { "texture": "#skin", "uv": [ 76.0, 34.0, 77.0, 35.0 ], "rotation": 90 },
																								"south": { "texture": "#skin", "uv": [ 78.0, 32.5, 79.0, 34.0 ], "rotation": 270 },
																								"west": { "texture": "#skin", "uv": [ 76.0, 31.5, 77.0, 32.5 ], "rotation": 90, "windMode": [-1,-1,-1,-1], "windData": [2,2,2,2] },
																								"up": { "texture": "#skin", "uv": [ 75.0, 32.5, 76.0, 34.0 ], "rotation": 270 },
																								"down": { "texture": "#skin", "uv": [ 77.0, 32.5, 78.0, 34.0 ], "rotation": 90, "windMode": [-1,-1,-1,-1], "windData": [1,1,1,1] }
																							},
																							"children": [
																								{
																									"name": "L Antler12",
																									"from": [ 1.4, 0.0, 0.0 ],
																									"to": [ 3.0, 1.0, 1.0 ],
																									"unwrapMode": 5,
																									"unwrapRotation": 1,
																									"uv": [ 75.0, 30.0 ],
																									"rotationOrigin": [ 1.4, 0.5, 0.5 ],
																									"rotationX": 41.0,
																									"rotationY": -15.0,
																									"rotationZ": 4.0,
																									"faces": {
																										"north": { "texture": "#skin", "uv": [ 75.0, 31.0, 76.0, 32.5 ], "rotation": 270 },
																										"east": { "texture": "#skin", "uv": [ 76.0, 30.0, 77.0, 31.0 ], "rotation": 180 },
																										"south": { "texture": "#skin", "uv": [ 77.0, 31.0, 78.0, 32.5 ], "rotation": 90 },
																										"west": { "texture": "#skin", "uv": [ 76.0, 32.5, 77.0, 33.5 ], "windMode": [-1,-1,-1,-1], "windData": [2,2,2,2] },
																										"up": { "texture": "#skin", "uv": [ 76.0, 31.0, 77.0, 32.5 ], "rotation": 90 },
																										"down": { "texture": "#skin", "uv": [ 78.0, 31.0, 79.0, 32.5 ], "rotation": 270, "windMode": [-1,-1,-1,-1], "windData": [1,1,1,1] }
																									},
																									"children": [
																										{
																											"name": "L Antler13",
																											"from": [ 1.4, 0.0, 0.0 ],
																											"to": [ 3.0, 1.0, 1.0 ],
																											"unwrapMode": 5,
																											"unwrapRotation": 1,
																											"uv": [ 75.0, 28.5 ],
																											"rotationOrigin": [ 1.4, 0.5, 0.5 ],
																											"rotationX": 44.0,
																											"rotationY": -15.0,
																											"rotationZ": 4.0,
																											"faces": {
																												"north": { "texture": "#skin", "uv": [ 75.0, 29.5, 76.0, 31.0 ], "rotation": 270 },
																												"east": { "texture": "#skin", "uv": [ 76.0, 28.5, 77.0, 29.5 ], "rotation": 180 },
																												"south": { "texture": "#skin", "uv": [ 77.0, 29.5, 78.0, 31.0 ], "rotation": 90 },
																												"west": { "texture": "#skin", "uv": [ 76.0, 31.0, 77.0, 32.0 ], "windMode": [-1,-1,-1,-1], "windData": [2,2,2,2] },
																												"up": { "texture": "#skin", "uv": [ 76.0, 29.5, 77.0, 31.0 ], "rotation": 90 },
																												"down": { "texture": "#skin", "uv": [ 78.0, 29.5, 79.0, 31.0 ], "rotation": 270, "windMode": [-1,-1,-1,-1], "windData": [1,1,1,1] }
																											},
																											"children": [
																												{
																													"name": "L Antler14",
																													"from": [ 1.4, 0.0, 0.0 ],
																													"to": [ 3.0, 1.0, 1.0 ],
																													"unwrapMode": 5,
																													"unwrapRotation": 1,
																													"uv": [ 75.0, 27.0 ],
																													"rotationOrigin": [ 1.4, 0.5, 0.5 ],
																													"rotationX": 47.0,
																													"rotationY": -15.0,
																													"rotationZ": 4.0,
																													"faces": {
																														"north": { "texture": "#skin", "uv": [ 75.0, 28.0, 76.0, 29.5 ], "rotation": 270 },
																														"east": { "texture": "#skin", "uv": [ 76.0, 27.0, 77.0, 28.0 ], "rotation": 180 },
																														"south": { "texture": "#skin", "uv": [ 77.0, 28.0, 78.0, 29.5 ], "rotation": 90 },
																														"west": { "texture": "#skin", "uv": [ 76.0, 29.5, 77.0, 30.5 ], "windMode": [-1,-1,-1,-1], "windData": [2,2,2,2] },
																														"up": { "texture": "#skin", "uv": [ 76.0, 28.0, 77.0, 29.5 ], "rotation": 90 },
																														"down": { "texture": "#skin", "uv": [ 78.0, 28.0, 79.0, 29.5 ], "rotation": 270, "windMode": [-1,-1,-1,-1], "windData": [1,1,1,1] }
																													},
																													"children": [
																														{
																															"name": "L Antler15",
																															"from": [ 1.4, 0.0, 0.0 ],
																															"to": [ 3.0, 1.0, 1.0 ],
																															"unwrapMode": 5,
																															"unwrapRotation": 1,
																															"uv": [ 75.0, 25.5 ],
																															"rotationOrigin": [ 1.4, 0.5, 0.5 ],
																															"rotationX": 51.0,
																															"rotationY": -15.0,
																															"rotationZ": 4.0,
																															"faces": {
																																"north": { "texture": "#skin", "uv": [ 75.0, 26.5, 76.0, 28.0 ], "rotation": 270 },
																																"east": { "texture": "#skin", "uv": [ 76.0, 25.5, 77.0, 26.5 ], "rotation": 180 },
																																"south": { "texture": "#skin", "uv": [ 77.0, 26.5, 78.0, 28.0 ], "rotation": 90 },
																																"west": { "texture": "#skin", "uv": [ 76.0, 28.0, 77.0, 29.0 ], "windMode": [-1,-1,-1,-1], "windData": [2,2,2,2] },
																																"up": { "texture": "#skin", "uv": [ 76.0, 26.5, 77.0, 28.0 ], "rotation": 90 },
																																"down": { "texture": "#skin", "uv": [ 78.0, 26.5, 79.0, 28.0 ], "rotation": 270, "windMode": [-1,-1,-1,-1], "windData": [1,1,1,1] }
																															},
																															"children": [
																																{
																																	"name": "L Antler16",
																																	"from": [ 1.4, 0.1, 0.1 ],
																																	"to": [ 3.0, 0.9, 0.9 ],
																																	"unwrapMode": 5,
																																	"unwrapRotation": 1,
																																	"uv": [ 75.0, 24.5 ],
																																	"rotationOrigin": [ 1.4, 0.5, 0.5 ],
																																	"rotationX": 54.0,
																																	"rotationY": -15.0,
																																	"rotationZ": 4.0,
																																	"faces": {
																																		"north": { "texture": "#skin", "uv": [ 75.0, 25.0, 75.5, 26.5 ], "rotation": 270 },
																																		"east": { "texture": "#skin", "uv": [ 75.5, 24.5, 76.0, 25.0 ], "rotation": 180 },
																																		"south": { "texture": "#skin", "uv": [ 76.0, 25.0, 76.5, 26.5 ], "rotation": 90 },
																																		"west": { "texture": "#skin", "uv": [ 75.5, 26.5, 76.0, 27.0 ], "windMode": [-1,-1,-1,-1], "windData": [2,2,2,2] },
																																		"up": { "texture": "#skin", "uv": [ 75.5, 25.0, 76.0, 26.5 ], "rotation": 90 },
																																		"down": { "texture": "#skin", "uv": [ 76.5, 25.0, 77.0, 26.5 ], "rotation": 270, "windMode": [-1,-1,-1,-1], "windData": [1,1,1,1] }
																																	},
																																	"children": [
																																		{
																																			"name": "L Antler17",
																																			"from": [ 1.4, 0.05, 0.05 ],
																																			"to": [ 3.0, 0.75, 0.75 ],
																																			"unwrapMode": 5,
																																			"unwrapRotation": 1,
																																			"uv": [ 75.0, 23.0 ],
																																			"rotationOrigin": [ 1.4, 0.4, 0.4 ],
																																			"rotationX": 58.0,
																																			"rotationY": -15.0,
																																			"rotationZ": 4.0,
																																			"faces": {
																																				"north": { "texture": "#skin", "uv": [ 75.0, 23.5, 75.5, 25.0 ], "rotation": 270 },
																																				"east": { "texture": "#skin", "uv": [ 75.5, 23.0, 76.0, 23.5 ], "rotation": 180 },
																																				"south": { "texture": "#skin", "uv": [ 76.0, 23.5, 76.5, 25.0 ], "rotation": 90 },
																																				"west": { "texture": "#skin", "uv": [ 75.5, 25.0, 76.0, 25.5 ], "windMode": [-1,-1,-1,-1], "windData": [2,2,2,2] },
																																				"up": { "texture": "#skin", "uv": [ 75.5, 23.5, 76.0, 25.0 ], "rotation": 90 },
																																				"down": { "texture": "#skin", "uv": [ 76.5, 23.5, 77.0, 25.0 ], "rotation": 270, "windMode": [-1,-1,-1,-1], "windData": [1,1,1,1] }
																																			},
																																			"children": [
																																				{
																																					"name": "L Antler18",
																																					"from": [ 1.4, 0.05, 0.05 ],
																																					"to": [ 2.9, 0.65, 0.65 ],
																																					"unwrapMode": 1,
																																					"unwrapRotation": 1,
																																					"uv": [ 75.0, 21.5 ],
																																					"rotationOrigin": [ 1.4, 0.35, 0.35 ],
																																					"rotationX": 62.0,
																																					"rotationY": -15.0,
																																					"rotationZ": 4.0,
																																					"faces": {
																																						"north": { "texture": "#skin", "uv": [ 75.5, 22.0, 76.0, 23.5 ], "rotation": 90 },
																																						"east": { "texture": "#skin", "uv": [ 75.5, 23.5, 76.0, 24.0 ], "rotation": 90, "windMode": [-1,-1,-1,-1], "windData": [2,2,2,2] },
																																						"south": { "texture": "#skin", "uv": [ 76.5, 22.0, 77.0, 23.5 ], "rotation": 270 },
																																						"west": { "texture": "#skin", "uv": [ 75.5, 21.5, 76.0, 22.0 ], "rotation": 90, "windMode": [-1,-1,-1,-1], "windData": [2,2,2,2] },
																																						"up": { "texture": "#skin", "uv": [ 75.0, 22.0, 75.5, 23.5 ], "rotation": 270 },
																																						"down": { "texture": "#skin", "uv": [ 76.0, 22.0, 76.5, 23.5 ], "rotation": 90, "windMode": [-1,-1,-1,-1], "windData": [1,1,1,1] }
																																					}
																																				}
																																			]
																																		}
																																	]
																																}
																															]
																														}
																													]
																												}
																											]
																										}
																									]
																								}
																							]
																						}
																					]
																				}
																			]
																		}
																	]
																}
															]
														}
													]
												}
											]
										}
									]
								}
							]
						}
					]
				}
			]
		},
		{
			"name": "R Antler01",
			"stepParentName": "AntlerBase",
			"from": [ 0.9, -0.7, -1.8 ],
			"to": [ 2.5, 0.6, -0.5 ],
			"unwrapMode": 5,
			"unwrapRotation": 1,
			"uv": [ 75.0, 46.5 ],
			"rotationOrigin": [ 0.9, -0.3, -1.1 ],
			"rotationY": 10.0,
			"rotationZ": 30.0,
			"faces": {
				"north": { "texture": "#skin", "uv": [ 75.0, 47.5, 76.0, 49.0 ], "rotation": 270 },
				"east": { "texture": "#skin", "uv": [ 76.0, 46.5, 77.0, 47.5 ], "rotation": 180 },
				"south": { "texture": "#skin", "uv": [ 77.0, 47.5, 78.0, 49.0 ], "rotation": 90 },
				"up": { "texture": "#skin", "uv": [ 76.0, 47.5, 77.0, 49.0 ], "rotation": 90 },
				"down": { "texture": "#skin", "uv": [ 78.0, 47.5, 79.0, 49.0 ], "rotation": 270, "windMode": [-1,-1,-1,-1], "windData": [1,1,1,1] }
			},
			"children": [
				{
					"name": "R Antler02",
					"from": [ 1.4, 0.05, 0.05 ],
					"to": [ 3.0, 1.25, 1.25 ],
					"unwrapMode": 5,
					"unwrapRotation": 1,
					"uv": [ 75.0, 45.0 ],
					"rotationOrigin": [ 1.4, 0.65, 0.65 ],
					"rotationX": -21.0,
					"rotationY": 15.0,
					"rotationZ": 4.0,
					"faces": {
						"north": { "texture": "#skin", "uv": [ 75.0, 46.0, 76.0, 47.5 ], "rotation": 270 },
						"east": { "texture": "#skin", "uv": [ 76.0, 45.0, 77.0, 46.0 ], "rotation": 180 },
						"south": { "texture": "#skin", "uv": [ 77.0, 46.0, 78.0, 47.5 ], "rotation": 90 },
						"west": { "texture": "#skin", "uv": [ 76.0, 47.5, 77.0, 48.5 ], "windMode": [-1,-1,-1,-1], "windData": [1,2,2,2] },
						"up": { "texture": "#skin", "uv": [ 76.0, 46.0, 77.0, 47.5 ], "rotation": 90 },
						"down": { "texture": "#skin", "uv": [ 78.0, 46.0, 79.0, 47.5 ], "rotation": 270, "windMode": [-1,-1,-1,-1], "windData": [1,1,1,1] }
					},
					"children": [
						{
							"name": "R Antler3",
							"from": [ 1.4, 0.0, 0.0 ],
							"to": [ 3.0, 1.2, 1.2 ],
							"unwrapMode": 5,
							"unwrapRotation": 1,
							"uv": [ 75.0, 43.5 ],
							"rotationOrigin": [ 1.4, 0.65, 0.65 ],
							"rotationX": -22.0,
							"rotationY": 15.0,
							"rotationZ": 4.0,
							"faces": {
								"north": { "texture": "#skin", "uv": [ 75.0, 44.5, 76.0, 46.0 ], "rotation": 270 },
								"east": { "texture": "#skin", "uv": [ 76.0, 43.5, 77.0, 44.5 ], "rotation": 180 },
								"south": { "texture": "#skin", "uv": [ 77.0, 44.5, 78.0, 46.0 ], "rotation": 90 },
								"west": { "texture": "#skin", "uv": [ 76.0, 46.0, 77.0, 47.0 ], "windMode": [-1,-1,-1,-1], "windData": [2,2,2,2] },
								"up": { "texture": "#skin", "uv": [ 76.0, 44.5, 77.0, 46.0 ], "rotation": 90 },
								"down": { "texture": "#skin", "uv": [ 78.0, 44.5, 79.0, 46.0 ], "rotation": 270, "windMode": [-1,-1,-1,-1], "windData": [1,1,1,1] }
							},
							"children": [
								{
									"name": "R Antler4",
									"from": [ 1.4, 0.05, 0.05 ],
									"to": [ 3.0, 1.15, 1.15 ],
									"unwrapMode": 1,
									"unwrapRotation": 1,
									"uv": [ 75.0, 42.0 ],
									"rotationOrigin": [ 1.4, 0.65, 0.65 ],
									"rotationX": -23.0,
									"rotationY": 15.0,
									"rotationZ": 4.0,
									"faces": {
										"north": { "texture": "#skin", "uv": [ 76.0, 43.0, 77.0, 44.5 ], "rotation": 90 },
										"east": { "texture": "#skin", "uv": [ 76.0, 44.5, 77.0, 45.5 ], "rotation": 90 },
										"south": { "texture": "#skin", "uv": [ 78.0, 43.0, 79.0, 44.5 ], "rotation": 270 },
										"west": { "texture": "#skin", "uv": [ 76.0, 42.0, 77.0, 43.0 ], "rotation": 90, "windMode": [-1,-1,-1,-1], "windData": [2,2,2,2] },
										"up": { "texture": "#skin", "uv": [ 75.0, 43.0, 76.0, 44.5 ], "rotation": 270 },
										"down": { "texture": "#skin", "uv": [ 77.0, 43.0, 78.0, 44.5 ], "rotation": 90, "windMode": [-1,-1,-1,-1], "windData": [1,1,1,1] }
									},
									"children": [
										{
											"name": "R Antler5",
											"from": [ 1.4, 0.0, 0.0 ],
											"to": [ 3.0, 1.1, 1.1 ],
											"unwrapMode": 5,
											"unwrapRotation": 1,
											"uv": [ 75.0, 40.5 ],
											"rotationOrigin": [ 1.4, 0.55, 0.55 ],
											"rotationX": -24.0,
											"rotationY": 15.0,
											"rotationZ": 4.0,
											"faces": {
												"north": { "texture": "#skin", "uv": [ 75.0, 41.5, 76.0, 43.0 ], "rotation": 270 },
												"east": { "texture": "#skin", "uv": [ 76.0, 40.5, 77.0, 41.5 ], "rotation": 180 },
												"south": { "texture": "#skin", "uv": [ 77.0, 41.5, 78.0, 43.0 ], "rotation": 90 },
												"west": { "texture": "#skin", "uv": [ 76.0, 43.0, 77.0, 44.0 ], "windMode": [-1,-1,-1,-1], "windData": [2,2,2,2] },
												"up": { "texture": "#skin", "uv": [ 76.0, 41.5, 77.0, 43.0 ], "rotation": 90 },
												"down": { "texture": "#skin", "uv": [ 78.0, 41.5, 79.0, 43.0 ], "rotation": 270, "windMode": [-1,-1,-1,-1], "windData": [1,1,1,1] }
											},
											"children": [
												{
													"name": "R Antler6",
													"from": [ 1.4, 0.0, 0.0 ],
													"to": [ 3.0, 1.1, 1.1 ],
													"unwrapMode": 5,
													"unwrapRotation": 1,
													"uv": [ 75.0, 39.0 ],
													"rotationOrigin": [ 1.4, 0.55, 0.55 ],
													"rotationX": -26.0,
													"rotationY": 15.0,
													"rotationZ": 4.0,
													"faces": {
														"north": { "texture": "#skin", "uv": [ 75.0, 40.0, 76.0, 41.5 ], "rotation": 270 },
														"east": { "texture": "#skin", "uv": [ 76.0, 39.0, 77.0, 40.0 ], "rotation": 180 },
														"south": { "texture": "#skin", "uv": [ 77.0, 40.0, 78.0, 41.5 ], "rotation": 90 },
														"west": { "texture": "#skin", "uv": [ 76.0, 41.5, 77.0, 42.5 ], "windMode": [-1,-1,-1,-1], "windData": [2,2,2,2] },
														"up": { "texture": "#skin", "uv": [ 76.0, 40.0, 77.0, 41.5 ], "rotation": 90 },
														"down": { "texture": "#skin", "uv": [ 78.0, 40.0, 79.0, 41.5 ], "rotation": 270, "windMode": [-1,-1,-1,-1], "windData": [1,1,1,1] }
													},
													"children": [
														{
															"name": "R Antler7",
															"from": [ 1.4, 0.05, 0.05 ],
															"to": [ 3.0, 1.05, 1.05 ],
															"unwrapMode": 5,
															"unwrapRotation": 1,
															"uv": [ 75.0, 37.5 ],
															"rotationOrigin": [ 1.4, 0.55, 0.55 ],
															"rotationX": -28.0,
															"rotationY": 15.0,
															"rotationZ": 4.0,
															"faces": {
																"north": { "texture": "#skin", "uv": [ 75.0, 38.5, 76.0, 40.0 ], "rotation": 270 },
																"east": { "texture": "#skin", "uv": [ 76.0, 37.5, 77.0, 38.5 ], "rotation": 180 },
																"south": { "texture": "#skin", "uv": [ 77.0, 38.5, 78.0, 40.0 ], "rotation": 90 },
																"west": { "texture": "#skin", "uv": [ 76.0, 40.0, 77.0, 41.0 ], "windMode": [-1,-1,-1,-1], "windData": [2,2,2,2] },
																"up": { "texture": "#skin", "uv": [ 76.0, 38.5, 77.0, 40.0 ], "rotation": 90 },
																"down": { "texture": "#skin", "uv": [ 78.0, 38.5, 79.0, 40.0 ], "rotation": 270, "windMode": [-1,-1,-1,-1], "windData": [1,1,1,1] }
															},
															"children": [
																{
																	"name": "R Antler8",
																	"from": [ 1.4, 0.0, 0.0 ],
																	"to": [ 3.0, 1.0, 1.0 ],
																	"unwrapMode": 5,
																	"unwrapRotation": 1,
																	"uv": [ 75.0, 36.0 ],
																	"rotationOrigin": [ 1.4, 0.5, 0.65 ],
																	"rotationX": -30.0,
																	"rotationY": 15.0,
																	"rotationZ": 4.0,
																	"faces": {
																		"north": { "texture": "#skin", "uv": [ 75.0, 37.0, 76.0, 38.5 ], "rotation": 270 },
																		"east": { "texture": "#skin", "uv": [ 76.0, 36.0, 77.0, 37.0 ], "rotation": 180 },
																		"south": { "texture": "#skin", "uv": [ 77.0, 37.0, 78.0, 38.5 ], "rotation": 90 },
																		"west": { "texture": "#skin", "uv": [ 76.0, 38.5, 77.0, 39.5 ], "windMode": [-1,-1,-1,-1], "windData": [2,2,2,2] },
																		"up": { "texture": "#skin", "uv": [ 76.0, 37.0, 77.0, 38.5 ], "rotation": 90 },
																		"down": { "texture": "#skin", "uv": [ 78.0, 37.0, 79.0, 38.5 ], "rotation": 270, "windMode": [-1,-1,-1,-1], "windData": [1,1,1,1] }
																	},
																	"children": [
																		{
																			"name": "R Antler9",
																			"from": [ 1.4, 0.0, 0.0 ],
																			"to": [ 3.0, 1.0, 1.0 ],
																			"unwrapMode": 5,
																			"unwrapRotation": 1,
																			"uv": [ 75.0, 34.5 ],
																			"rotationOrigin": [ 1.4, 0.5, 0.5 ],
																			"rotationX": -32.0,
																			"rotationY": 15.0,
																			"rotationZ": 4.0,
																			"faces": {
																				"north": { "texture": "#skin", "uv": [ 75.0, 35.5, 76.0, 37.0 ], "rotation": 270 },
																				"east": { "texture": "#skin", "uv": [ 76.0, 34.5, 77.0, 35.5 ], "rotation": 180 },
																				"south": { "texture": "#skin", "uv": [ 77.0, 35.5, 78.0, 37.0 ], "rotation": 90 },
																				"west": { "texture": "#skin", "uv": [ 76.0, 37.0, 77.0, 38.0 ], "windMode": [-1,-1,-1,-1], "windData": [2,2,2,2] },
																				"up": { "texture": "#skin", "uv": [ 76.0, 35.5, 77.0, 37.0 ], "rotation": 90 },
																				"down": { "texture": "#skin", "uv": [ 78.0, 35.5, 79.0, 37.0 ], "rotation": 270, "windMode": [-1,-1,-1,-1], "windData": [1,1,1,1] }
																			},
																			"children": [
																				{
																					"name": "R Antler10",
																					"from": [ 1.4, 0.0, 0.0 ],
																					"to": [ 3.0, 1.0, 1.0 ],
																					"unwrapMode": 5,
																					"unwrapRotation": 1,
																					"uv": [ 75.0, 33.0 ],
																					"rotationOrigin": [ 1.4, 0.5, 0.5 ],
																					"rotationX": -35.0,
																					"rotationY": 15.0,
																					"rotationZ": 4.0,
																					"faces": {
																						"north": { "texture": "#skin", "uv": [ 75.0, 34.0, 76.0, 35.5 ], "rotation": 270 },
																						"east": { "texture": "#skin", "uv": [ 76.0, 33.0, 77.0, 34.0 ], "rotation": 180 },
																						"south": { "texture": "#skin", "uv": [ 77.0, 34.0, 78.0, 35.5 ], "rotation": 90 },
																						"west": { "texture": "#skin", "uv": [ 76.0, 35.5, 77.0, 36.5 ], "windMode": [-1,-1,-1,-1], "windData": [2,2,2,2] },
																						"up": { "texture": "#skin", "uv": [ 76.0, 34.0, 77.0, 35.5 ], "rotation": 90 },
																						"down": { "texture": "#skin", "uv": [ 78.0, 34.0, 79.0, 35.5 ], "rotation": 270, "windMode": [-1,-1,-1,-1], "windData": [1,1,1,1] }
																					},
																					"children": [
																						{
																							"name": "R Antler11",
																							"from": [ 1.4, 0.0, 0.0 ],
																							"to": [ 3.0, 1.0, 1.0 ],
																							"unwrapMode": 3,
																							"unwrapRotation": 1,
																							"uv": [ 75.0, 31.5 ],
																							"rotationOrigin": [ 1.4, 0.5, 0.5 ],
																							"rotationX": -38.0,
																							"rotationY": 15.0,
																							"rotationZ": 4.0,
																							"faces": {
																								"north": { "texture": "#skin", "uv": [ 78.0, 32.5, 79.0, 34.0 ], "rotation": 270 },
																								"east": { "texture": "#skin", "uv": [ 76.0, 31.5, 77.0, 32.5 ], "rotation": 90 },
																								"south": { "texture": "#skin", "uv": [ 76.0, 32.5, 77.0, 34.0 ], "rotation": 90 },
																								"west": { "texture": "#skin", "uv": [ 76.0, 34.0, 77.0, 35.0 ], "rotation": 90, "windMode": [-1,-1,-1,-1], "windData": [2,2,2,2] },
																								"up": { "texture": "#skin", "uv": [ 75.0, 32.5, 76.0, 34.0 ], "rotation": 90 },
																								"down": { "texture": "#skin", "uv": [ 77.0, 32.5, 78.0, 34.0 ], "rotation": 270, "windMode": [-1,-1,-1,-1], "windData": [1,1,1,1] }
																							},
																							"children": [
																								{
																									"name": "R Antler12",
																									"from": [ 1.4, 0.0, 0.0 ],
																									"to": [ 3.0, 1.0, 1.0 ],
																									"unwrapMode": 5,
																									"unwrapRotation": 1,
																									"uv": [ 75.0, 30.0 ],
																									"rotationOrigin": [ 1.4, 0.5, 0.5 ],
																									"rotationX": -41.0,
																									"rotationY": 15.0,
																									"rotationZ": 4.0,
																									"faces": {
																										"north": { "texture": "#skin", "uv": [ 75.0, 31.0, 76.0, 32.5 ], "rotation": 270 },
																										"east": { "texture": "#skin", "uv": [ 76.0, 30.0, 77.0, 31.0 ], "rotation": 180 },
																										"south": { "texture": "#skin", "uv": [ 77.0, 31.0, 78.0, 32.5 ], "rotation": 90 },
																										"west": { "texture": "#skin", "uv": [ 76.0, 32.5, 77.0, 33.5 ], "windMode": [-1,-1,-1,-1], "windData": [2,2,2,2] },
																										"up": { "texture": "#skin", "uv": [ 76.0, 31.0, 77.0, 32.5 ], "rotation": 90 },
																										"down": { "texture": "#skin", "uv": [ 78.0, 31.0, 79.0, 32.5 ], "rotation": 270, "windMode": [-1,-1,-1,-1], "windData": [1,1,1,1] }
																									},
																									"children": [
																										{
																											"name": "R Antler13",
																											"from": [ 1.4, 0.0, 0.0 ],
																											"to": [ 3.0, 1.0, 1.0 ],
																											"unwrapMode": 5,
																											"unwrapRotation": 1,
																											"uv": [ 75.0, 28.5 ],
																											"rotationOrigin": [ 1.4, 0.5, 0.5 ],
																											"rotationX": -44.0,
																											"rotationY": 15.0,
																											"rotationZ": 4.0,
																											"faces": {
																												"north": { "texture": "#skin", "uv": [ 75.0, 29.5, 76.0, 31.0 ], "rotation": 270 },
																												"east": { "texture": "#skin", "uv": [ 76.0, 28.5, 77.0, 29.5 ], "rotation": 180 },
																												"south": { "texture": "#skin", "uv": [ 77.0, 29.5, 78.0, 31.0 ], "rotation": 90 },
																												"west": { "texture": "#skin", "uv": [ 76.0, 31.0, 77.0, 32.0 ], "windMode": [-1,-1,-1,-1], "windData": [2,2,2,2] },
																												"up": { "texture": "#skin", "uv": [ 76.0, 29.5, 77.0, 31.0 ], "rotation": 90 },
																												"down": { "texture": "#skin", "uv": [ 78.0, 29.5, 79.0, 31.0 ], "rotation": 270, "windMode": [-1,-1,-1,-1], "windData": [1,1,1,1] }
																											},
																											"children": [
																												{
																													"name": "R Antler14",
																													"from": [ 1.4, 0.0, 0.0 ],
																													"to": [ 3.0, 1.0, 1.0 ],
																													"unwrapMode": 5,
																													"unwrapRotation": 1,
																													"uv": [ 75.0, 27.0 ],
																													"rotationOrigin": [ 1.4, 0.5, 0.5 ],
																													"rotationX": -47.0,
																													"rotationY": 15.0,
																													"rotationZ": 4.0,
																													"faces": {
																														"north": { "texture": "#skin", "uv": [ 75.0, 28.0, 76.0, 29.5 ], "rotation": 270 },
																														"east": { "texture": "#skin", "uv": [ 76.0, 27.0, 77.0, 28.0 ], "rotation": 180 },
																														"south": { "texture": "#skin", "uv": [ 77.0, 28.0, 78.0, 29.5 ], "rotation": 90 },
																														"west": { "texture": "#skin", "uv": [ 76.0, 29.5, 77.0, 30.5 ], "windMode": [-1,-1,-1,-1], "windData": [2,2,2,2] },
																														"up": { "texture": "#skin", "uv": [ 76.0, 28.0, 77.0, 29.5 ], "rotation": 90 },
																														"down": { "texture": "#skin", "uv": [ 78.0, 28.0, 79.0, 29.5 ], "rotation": 270, "windMode": [-1,-1,-1,-1], "windData": [1,1,1,1] }
																													},
																													"children": [
																														{
																															"name": "R Antler15",
																															"from": [ 1.4, 0.0, 0.0 ],
																															"to": [ 3.0, 1.0, 1.0 ],
																															"unwrapMode": 5,
																															"unwrapRotation": 1,
																															"uv": [ 75.0, 25.5 ],
																															"rotationOrigin": [ 1.4, 0.5, 0.5 ],
																															"rotationX": -51.0,
																															"rotationY": 15.0,
																															"rotationZ": 4.0,
																															"faces": {
																																"north": { "texture": "#skin", "uv": [ 75.0, 26.5, 76.0, 28.0 ], "rotation": 270 },
																																"east": { "texture": "#skin", "uv": [ 76.0, 25.5, 77.0, 26.5 ], "rotation": 180 },
																																"south": { "texture": "#skin", "uv": [ 77.0, 26.5, 78.0, 28.0 ], "rotation": 90 },
																																"west": { "texture": "#skin", "uv": [ 76.0, 28.0, 77.0, 29.0 ], "windMode": [-1,-1,-1,-1], "windData": [2,2,2,2] },
																																"up": { "texture": "#skin", "uv": [ 76.0, 26.5, 77.0, 28.0 ], "rotation": 90 },
																																"down": { "texture": "#skin", "uv": [ 78.0, 26.5, 79.0, 28.0 ], "rotation": 270, "windMode": [-1,-1,-1,-1], "windData": [1,1,1,1] }
																															},
																															"children": [
																																{
																																	"name": "R Antler16",
																																	"from": [ 1.4, 0.1, 0.1 ],
																																	"to": [ 3.0, 0.9, 0.9 ],
																																	"unwrapMode": 5,
																																	"unwrapRotation": 1,
																																	"uv": [ 77.0, 24.5 ],
																																	"rotationOrigin": [ 1.4, 0.5, 0.5 ],
																																	"rotationX": -54.0,
																																	"rotationY": 15.0,
																																	"rotationZ": 4.0,
																																	"faces": {
																																		"north": { "texture": "#skin", "uv": [ 77.0, 25.0, 77.5, 26.5 ], "rotation": 270 },
																																		"east": { "texture": "#skin", "uv": [ 77.5, 24.5, 78.0, 25.0 ], "rotation": 180 },
																																		"south": { "texture": "#skin", "uv": [ 78.0, 25.0, 78.5, 26.5 ], "rotation": 90 },
																																		"west": { "texture": "#skin", "uv": [ 77.5, 26.5, 78.0, 27.0 ], "windMode": [-1,-1,-1,-1], "windData": [2,2,2,2] },
																																		"up": { "texture": "#skin", "uv": [ 77.5, 25.0, 78.0, 26.5 ], "rotation": 90 },
																																		"down": { "texture": "#skin", "uv": [ 78.5, 25.0, 79.0, 26.5 ], "rotation": 270, "windMode": [-1,-1,-1,-1], "windData": [1,1,1,1] }
																																	},
																																	"children": [
																																		{
																																			"name": "R Antler17",
																																			"from": [ 1.4, 0.05, 0.05 ],
																																			"to": [ 3.0, 0.75, 0.75 ],
																																			"unwrapMode": 5,
																																			"unwrapRotation": 1,
																																			"uv": [ 77.0, 23.0 ],
																																			"rotationOrigin": [ 1.4, 0.4, 0.4 ],
																																			"rotationX": -58.0,
																																			"rotationY": 15.0,
																																			"rotationZ": 4.0,
																																			"faces": {
																																				"north": { "texture": "#skin", "uv": [ 77.0, 23.5, 77.5, 25.0 ], "rotation": 270 },
																																				"east": { "texture": "#skin", "uv": [ 77.5, 23.0, 78.0, 23.5 ], "rotation": 180 },
																																				"south": { "texture": "#skin", "uv": [ 78.0, 23.5, 78.5, 25.0 ], "rotation": 90 },
																																				"west": { "texture": "#skin", "uv": [ 77.5, 25.0, 78.0, 25.5 ], "windMode": [-1,-1,-1,-1], "windData": [2,2,2,2] },
																																				"up": { "texture": "#skin", "uv": [ 77.5, 23.5, 78.0, 25.0 ], "rotation": 90 },
																																				"down": { "texture": "#skin", "uv": [ 78.5, 23.5, 79.0, 25.0 ], "rotation": 270, "windMode": [-1,-1,-1,-1], "windData": [1,1,1,1] }
																																			},
																																			"children": [
																																				{
																																					"name": "R Antler18",
																																					"from": [ 1.4, 0.05, 0.05 ],
																																					"to": [ 2.9, 0.65, 0.65 ],
																																					"unwrapMode": 3,
																																					"unwrapRotation": 1,
																																					"uv": [ 77.0, 21.5 ],
																																					"rotationOrigin": [ 1.4, 0.35, 0.35 ],
																																					"rotationX": -62.0,
																																					"rotationY": 15.0,
																																					"rotationZ": 4.0,
																																					"faces": {
																																						"north": { "texture": "#skin", "uv": [ 78.5, 22.0, 79.0, 23.5 ], "rotation": 270 },
																																						"east": { "texture": "#skin", "uv": [ 77.5, 21.5, 78.0, 22.0 ], "rotation": 90 },
																																						"south": { "texture": "#skin", "uv": [ 77.5, 22.0, 78.0, 23.5 ], "rotation": 90 },
																																						"west": { "texture": "#skin", "uv": [ 77.5, 23.5, 78.0, 24.0 ], "rotation": 90, "windMode": [-1,-1,-1,-1], "windData": [2,2,2,2] },
																																						"up": { "texture": "#skin", "uv": [ 77.0, 22.0, 77.5, 23.5 ], "rotation": 90 },
																																						"down": { "texture": "#skin", "uv": [ 78.0, 22.0, 78.5, 23.5 ], "rotation": 270, "windMode": [-1,-1,-1,-1], "windData": [1,1,1,1] }
																																					}
																																				}
																																			]
																																		}
																																	]
																																}
																															]
																														}
																													]
																												}
																											]
																										}
																									]
																								}
																							]
																						}
																					]
																				}
																			]
																		}
																	]
																}
															]
														}
													]
												}
											]
										}
									]
								}
							]
						}
					]
				}
			]
		}
	],
	"animations": [
	]
}