[
  {
    // Ingot to itself, used to add ingot recipes to anvil workables with code
    "ingredient": {
      "type": "item",
      "code": "game:ingot-copper",
      "name": "metal",
      "recipeAttributes": {
        "workableRecipe": true
      }
    },
    "pattern": [
      [
        "#######",
        "#######",
        "#######"
      ],
      [
        "#######",
        "#######",
        "#######"
      ]
    ],
    "name": "Ingot",
    "output": {
      "type": "item",
      "code": "game:ingot-copper"
    }
  }
]
