{
	"editor": {
		"backDropShape": "entity/animal/mammal/hooved/odocoileini/mazamaamericana/adult",
		"collapsedPaths": "Root/Body/Left Shoulder,Root/Body/Right Shoulder",
		"allAngles": true,
		"entityTextureMode": true
	},
	"textureWidth": 36,
	"textureHeight": 52,
	"textureSizes": {
		"skin": [36,52]
	},
	"textures": {
		"skin": "entity/animal/mammal/hooved/odocoileini/mazamaamericana-adult"
	},
	"elements": [
		{
			"name": "AntlerMOVER",
			"stepParentName": "Head",
			"from": [ 0.0, 1.0, 0.5 ],
			"to": [ 1.0, 2.0, 1.5 ],
			"uv": [ 0.0, 0.0 ],
			"rotationOrigin": [ 0.0, 1.0, 0.5 ],
			"faces": {
			},
			"children": [
				{
					"name": "AntlerBaseR",
					"from": [ 0.1, 1.5, -0.4 ],
					"to": [ 0.7, 1.8, 0.2 ],
					"unwrapMode": 5,
					"uv": [ 16.5, 4.0 ],
					"rotationOrigin": [ 0.1, 1.5, 0.2 ],
					"rotationX": -5.0,
					"faces": {
						"north": { "texture": "#skin", "uv": [ 17.0, 4.0, 17.5, 4.5 ], "rotation": 180 },
						"east": { "texture": "#skin", "uv": [ 17.5, 4.5, 18.0, 5.0 ], "rotation": 90 },
						"south": { "texture": "#skin", "uv": [ 17.0, 5.0, 17.5, 5.5 ] },
						"west": { "texture": "#skin", "uv": [ 16.5, 4.5, 17.0, 5.0 ], "rotation": 270 },
						"up": { "texture": "#skin", "uv": [ 17.0, 4.5, 17.5, 5.0 ] }
					},
					"children": [
						{
							"name": "AntlerRbase",
							"from": [ 0.1, 0.3, 0.1 ],
							"to": [ 0.5, 0.6, 0.5 ],
							"uv": [ 18.5, 16.5 ],
							"rotationOrigin": [ 0.1, 0.3, 0.1 ],
							"faces": {
								"north": { "texture": "#skin", "uv": [ 18.5, 17.0, 19.0, 17.5 ] },
								"east": { "texture": "#skin", "uv": [ 19.0, 17.0, 19.5, 17.5 ] },
								"south": { "texture": "#skin", "uv": [ 19.5, 17.0, 20.0, 17.5 ] },
								"west": { "texture": "#skin", "uv": [ 20.0, 17.0, 20.5, 17.5 ] },
								"up": { "texture": "#skin", "uv": [ 18.5, 16.5, 19.0, 17.0 ] }
							},
							"children": [
								{
									"name": "AntlerRTip",
									"from": [ 0.05, 0.3, 0.05 ],
									"to": [ 0.35, 1.3, 0.35 ],
									"uv": [ 18.5, 14.0 ],
									"rotationOrigin": [ 0.35, 0.3, 0.05 ],
									"rotationX": 5.0,
									"rotationZ": 5.0,
									"faces": {
										"north": { "texture": "#skin", "uv": [ 18.5, 14.5, 19.0, 15.5 ] },
										"east": { "texture": "#skin", "uv": [ 19.0, 14.5, 19.5, 15.5 ] },
										"south": { "texture": "#skin", "uv": [ 19.5, 14.5, 20.0, 15.5 ] },
										"west": { "texture": "#skin", "uv": [ 20.0, 14.5, 20.5, 15.5 ] },
										"up": { "texture": "#skin", "uv": [ 18.5, 14.0, 19.0, 14.5 ] }
									}
								}
							]
						}
					]
				},
				{
					"name": "AntlerBaseL",
					"from": [ 0.1, 1.5, 0.8 ],
					"to": [ 0.7, 1.8, 1.4 ],
					"unwrapMode": 5,
					"uv": [ 16.5, 4.0 ],
					"rotationOrigin": [ 0.1, 1.5, 0.8 ],
					"rotationX": 5.0,
					"faces": {
						"north": { "texture": "#skin", "uv": [ 17.0, 4.0, 17.5, 4.5 ], "rotation": 180 },
						"east": { "texture": "#skin", "uv": [ 17.5, 4.5, 18.0, 5.0 ], "rotation": 90 },
						"south": { "texture": "#skin", "uv": [ 17.0, 5.0, 17.5, 5.5 ] },
						"west": { "texture": "#skin", "uv": [ 16.5, 4.5, 17.0, 5.0 ], "rotation": 270 },
						"up": { "texture": "#skin", "uv": [ 17.0, 4.5, 17.5, 5.0 ] }
					},
					"children": [
						{
							"name": "AntlerLbase",
							"from": [ 0.1, 0.3, 0.1 ],
							"to": [ 0.5, 0.6, 0.5 ],
							"uv": [ 20.5, 16.5 ],
							"rotationOrigin": [ 0.1, 0.3, 0.1 ],
							"faces": {
								"north": { "texture": "#skin", "uv": [ 20.5, 17.0, 21.0, 17.5 ] },
								"east": { "texture": "#skin", "uv": [ 21.0, 17.0, 21.5, 17.5 ] },
								"south": { "texture": "#skin", "uv": [ 21.5, 17.0, 22.0, 17.5 ] },
								"west": { "texture": "#skin", "uv": [ 22.0, 17.0, 22.5, 17.5 ] },
								"up": { "texture": "#skin", "uv": [ 20.5, 16.5, 21.0, 17.0 ] }
							},
							"children": [
								{
									"name": "AntlerLTip",
									"from": [ 0.05, 0.3, 0.05 ],
									"to": [ 0.35, 1.3, 0.35 ],
									"uv": [ 20.5, 14.0 ],
									"rotationOrigin": [ 0.35, 0.3, 0.05 ],
									"rotationX": -5.0,
									"rotationZ": 5.0,
									"faces": {
										"north": { "texture": "#skin", "uv": [ 20.5, 14.5, 21.0, 15.5 ] },
										"east": { "texture": "#skin", "uv": [ 21.0, 14.5, 21.5, 15.5 ] },
										"south": { "texture": "#skin", "uv": [ 21.5, 14.5, 22.0, 15.5 ] },
										"west": { "texture": "#skin", "uv": [ 22.0, 14.5, 22.5, 15.5 ] },
										"up": { "texture": "#skin", "uv": [ 20.5, 14.0, 21.0, 14.5 ] }
									}
								}
							]
						}
					]
				}
			]
		}
	],
	"animations": [
	]
}