{
	"editor": {
		"backDropShape": "entity/bovinae/tragelaphusimberbis/male",
		"collapsedPaths": "",
		"allAngles": true,
		"entityTextureMode": true
	},
	"textureWidth": 52,
	"textureHeight": 60,
	"textureSizes": {
		"skin": [52,60]
	},
	"textures": {
		"skin": "entity/bovinae/tragelaphusimberbis-male"
	},
	"elements": [
		{
			"name": "L Antler01",
			"stepParentName": "AntlerBase",
			"from": [ 0.8, -0.05, 0.15 ],
			"to": [ 1.3, 0.45, 0.65 ],
			"unwrapMode": 5,
			"unwrapRotation": 1,
			"uv": [ 47.5, 35.5 ],
			"rotationOrigin": [ 0.8, 0.15, 0.45 ],
			"rotationY": -10.0,
			"rotationZ": 30.0,
			"faces": {
				"north": { "texture": "#skin", "uv": [ 47.5, 36.0, 48.0, 36.5 ], "rotation": 270 },
				"east": { "texture": "#skin", "uv": [ 48.0, 35.5, 48.5, 36.0 ], "rotation": 180 },
				"south": { "texture": "#skin", "uv": [ 48.5, 36.0, 49.0, 36.5 ], "rotation": 90 },
				"up": { "texture": "#skin", "uv": [ 48.0, 36.0, 48.5, 36.5 ], "rotation": 90 },
				"down": { "texture": "#skin", "uv": [ 49.0, 36.0, 49.5, 36.5 ], "rotation": 270, "windMode": [-1,-1,-1,-1], "windData": [1,1,1,1] }
			},
			"children": [
				{
					"name": "L Antler 2",
					"from": [ 0.4, 0.05, 0.05 ],
					"to": [ 0.9, 0.45, 0.45 ],
					"unwrapMode": 5,
					"unwrapRotation": 1,
					"uv": [ 47.5, 35.0 ],
					"rotationOrigin": [ 0.4, 0.25, 0.25 ],
					"rotationX": 21.0,
					"rotationY": -5.0,
					"rotationZ": 4.0,
					"faces": {
						"north": { "texture": "#skin", "uv": [ 47.5, 35.5, 48.0, 36.0 ], "rotation": 270 },
						"east": { "texture": "#skin", "uv": [ 48.0, 35.0, 48.5, 35.5 ], "rotation": 180 },
						"south": { "texture": "#skin", "uv": [ 48.5, 35.5, 49.0, 36.0 ], "rotation": 90 },
						"west": { "texture": "#skin", "uv": [ 48.0, 36.0, 48.5, 36.5 ], "windMode": [-1,-1,-1,-1], "windData": [2,1,2,2] },
						"up": { "texture": "#skin", "uv": [ 48.0, 35.5, 48.5, 36.0 ], "rotation": 90 },
						"down": { "texture": "#skin", "uv": [ 49.0, 35.5, 49.5, 36.0 ], "rotation": 270, "windMode": [-1,-1,-1,-1], "windData": [1,1,1,1] }
					}
				}
			]
		},
		{
			"name": "R Antler01",
			"stepParentName": "AntlerBase",
			"from": [ 0.8, -0.05, -0.9 ],
			"to": [ 1.3, 0.45, -0.4 ],
			"unwrapMode": 5,
			"unwrapRotation": 1,
			"uv": [ 49.5, 35.5 ],
			"rotationOrigin": [ 0.8, 0.15, -0.55 ],
			"rotationY": 10.0,
			"rotationZ": 30.0,
			"faces": {
				"north": { "texture": "#skin", "uv": [ 49.5, 36.0, 50.0, 36.5 ], "rotation": 270 },
				"east": { "texture": "#skin", "uv": [ 50.0, 35.5, 50.5, 36.0 ], "rotation": 180 },
				"south": { "texture": "#skin", "uv": [ 50.5, 36.0, 51.0, 36.5 ], "rotation": 90 },
				"up": { "texture": "#skin", "uv": [ 50.0, 36.0, 50.5, 36.5 ], "rotation": 90 },
				"down": { "texture": "#skin", "uv": [ 51.0, 36.0, 51.5, 36.5 ], "rotation": 270, "windMode": [-1,-1,-1,-1], "windData": [1,1,1,1] }
			},
			"children": [
				{
					"name": "R Antler02",
					"from": [ 0.4, 0.05, 0.05 ],
					"to": [ 0.9, 0.45, 0.45 ],
					"unwrapMode": 5,
					"unwrapRotation": 1,
					"uv": [ 49.5, 35.0 ],
					"rotationOrigin": [ 0.4, 0.25, 0.25 ],
					"rotationX": -21.0,
					"rotationY": 5.0,
					"rotationZ": 4.0,
					"faces": {
						"north": { "texture": "#skin", "uv": [ 49.5, 35.5, 50.0, 36.0 ], "rotation": 270 },
						"east": { "texture": "#skin", "uv": [ 50.0, 35.0, 50.5, 35.5 ], "rotation": 180 },
						"south": { "texture": "#skin", "uv": [ 50.5, 35.5, 51.0, 36.0 ], "rotation": 90 },
						"west": { "texture": "#skin", "uv": [ 50.0, 36.0, 50.5, 36.5 ], "windMode": [-1,-1,-1,-1], "windData": [1,2,2,2] },
						"up": { "texture": "#skin", "uv": [ 50.0, 35.5, 50.5, 36.0 ], "rotation": 90 },
						"down": { "texture": "#skin", "uv": [ 51.0, 35.5, 51.5, 36.0 ], "rotation": 270, "windMode": [-1,-1,-1,-1], "windData": [1,1,1,1] }
					}
				}
			]
		}
	],
	"animations": [
	]
}