{
	"editor": {
		"backDropShape": "entity/humanoid/villager-male",
		"collapsedPaths": "Root/origin/L side",
		"allAngles": true,
		"entityTextureMode": false
	},
	"textureWidth": 16,
	"textureHeight": 16,
	"textureSizes": {
	},
	"textures": {
		"cursemask": "cursemask"
	},
	"elements": [
		{
			"name": "origin",
			"stepParentName": "Head",
			"from": [ -0.5, 1.0, 2.3 ],
			"to": [ -0.5, 1.0, 2.3 ],
			"rotationOrigin": [ -0.5, 1.0, 2.3 ],
			"rotationZ": -4.0,
			"faces": {
			},
			"children": [
				{
					"name": "Core",
					"from": [ 0.0, -1.0, -3.5 ],
					"to": [ 7.0, 5.0, 3.5 ],
					"rotationOrigin": [ 0.0, -1.0, -3.0 ],
					"rotationZ": 3.0,
					"faces": {
						"north": { "texture": "#cursemask", "uv": [ 9.0, 1.0, 16.0, 7.0 ] },
						"east": { "texture": "#cursemask", "uv": [ 9.0, 1.5, 16.0, 7.5 ] },
						"south": { "texture": "#cursemask", "uv": [ 9.0, 0.5, 16.0, 6.5 ] },
						"west": { "texture": "#cursemask", "uv": [ 9.0, 0.0, 16.0, 6.0 ] },
						"up": { "texture": "#cursemask", "uv": [ 9.0, 0.5, 16.0, 7.5 ] },
						"down": { "texture": "#cursemask", "uv": [ 9.0, 0.5, 16.0, 7.5 ] }
					},
					"children": [
						{
							"name": "eye",
							"from": [ -1.0, 2.0, 0.0 ],
							"to": [ 0.0, 5.0, 3.0 ],
							"rotationOrigin": [ -1.0, 2.0, 0.0 ],
							"faces": {
								"north": { "texture": "#cursemask", "uv": [ 12.5, 1.0, 13.5, 4.0 ] },
								"east": { "texture": "#cursemask", "uv": [ 12.0, 1.0, 15.0, 4.0 ] },
								"south": { "texture": "#cursemask", "uv": [ 12.0, 2.0, 13.0, 5.0 ] },
								"west": { "texture": "#cursemask", "uv": [ 0.0, 0.0, 9.0, 9.0 ], "autoUv": false },
								"up": { "texture": "#cursemask", "uv": [ 14.0, 0.5, 15.0, 3.5 ] },
								"down": { "texture": "#cursemask", "uv": [ 14.0, 0.5, 15.0, 3.5 ] }
							}
						},
						{
							"name": "mouth",
							"from": [ -1.0, 0.0, 0.0 ],
							"to": [ 0.0, 2.0, 7.0 ],
							"rotationOrigin": [ -1.0, 0.0, 0.0 ],
							"faces": {
								"north": { "texture": "#cursemask", "uv": [ 0.0, 0.0, 1.0, 2.0 ] },
								"east": { "texture": "#cursemask", "uv": [ 3.0, 12.5, 10.0, 14.5 ] },
								"south": { "texture": "#cursemask", "uv": [ 0.0, 0.0, 1.0, 2.0 ] },
								"west": { "texture": "#cursemask", "uv": [ 1.0, 11.5, 15.0, 15.5 ], "autoUv": false },
								"up": { "texture": "#cursemask", "uv": [ 14.0, 0.5, 15.0, 7.5 ] },
								"down": { "texture": "#cursemask", "uv": [ 12.5, 1.5, 13.5, 8.5 ] }
							}
						},
						{
							"name": "eye3",
							"from": [ -4.0, 2.0, 3.0 ],
							"to": [ 1.0, 3.0, 4.0 ],
							"rotationOrigin": [ -4.0, 2.0, 3.0 ],
							"faces": {
								"north": { "texture": "#cursemask", "uv": [ 10.5, 1.5, 15.5, 2.5 ] },
								"east": { "texture": "#cursemask", "uv": [ 12.0, 2.0, 13.0, 3.0 ] },
								"south": { "texture": "#cursemask", "uv": [ 10.5, 2.0, 15.5, 3.0 ] },
								"west": { "texture": "#cursemask", "uv": [ 8.5, 0.5, 15.5, 7.5 ], "autoUv": false },
								"up": { "texture": "#cursemask", "uv": [ 9.5, 0.5, 14.5, 1.5 ] },
								"down": { "texture": "#cursemask", "uv": [ 9.5, 1.0, 14.5, 2.0 ] }
							}
						},
						{
							"name": "eye2",
							"from": [ -1.0, 2.0, 4.0 ],
							"to": [ 0.0, 5.0, 7.0 ],
							"rotationOrigin": [ -1.0, 2.0, 4.0 ],
							"faces": {
								"north": { "texture": "#cursemask", "uv": [ 12.5, 1.0, 13.5, 4.0 ] },
								"east": { "texture": "#cursemask", "uv": [ 12.0, 1.0, 15.0, 4.0 ] },
								"south": { "texture": "#cursemask", "uv": [ 12.0, 2.0, 13.0, 5.0 ] },
								"west": { "texture": "#cursemask", "uv": [ 0.0, 0.0, 9.0, 9.0 ], "autoUv": false },
								"up": { "texture": "#cursemask", "uv": [ 14.0, 0.5, 15.0, 3.5 ] },
								"down": { "texture": "#cursemask", "uv": [ 14.0, 0.5, 15.0, 3.5 ] }
							}
						}
					]
				}
			]
		}
	]}