{
	"editor": {
		"backDropShape": "entity/humanoid/villager-female",
		"allAngles": false,
		"entityTextureMode": false
	},
	"textureWidth": 16,
	"textureHeight": 16,
	"textureSizes": {
	},
	"textures": {
		"black": "game:block/leather/black"
		
	},
	"elements": [
		{
			"name": "hideme",
			"stepParentName": "Head",
			"from": [ 0.0, 0.0, 0.0 ],
			"to": [ 0.0, 0.0, 0.0 ],
			"faces": {
				"north": { "texture": "#black", "uv": [ 0.0, 0.0, 0.5, 0.5 ] },
				"east": { "texture": "#black", "uv": [ 0.0, 0.0, 0.5, 0.5 ] },
				"south": { "texture": "#black", "uv": [ 0.0, 0.0, 0.5, 0.5 ] },
				"west": { "texture": "#black", "uv": [ 0.0, 0.0, 0.5, 0.5 ] },
				"up": { "texture": "#black", "uv": [ 0.0, 0.0, 0.5, 0.5 ] },
				"down": { "texture": "#black", "uv": [ 0.0, 0.0, 0.5, 0.5 ] }
			},
			"children": [
				{
					"name": "patchorigin",
					"from": [ -0.25, 0.4, 4.05 ],
					"to": [ -0.25, 0.4, 4.05 ],
					"rotationOrigin": [ -0.25, 2.52, 3.3584 ],
					"rotationY": 0.0,
					"rotationZ": 0.0,
					"faces": {
					},
					"children": [
						{
							"name": "patchmain",
							"from": [ -0.1, 1.4, -1.6 ],
							"to": [ 0.25, 3.1, 0.1 ],
							"rotationOrigin": [ -0.3664, 1.9402, -0.95 ],
							"rotationX": 22.5,
							"rotationY": 0.0,
							"rotationZ": 0.0,
							"faces": {
								"north": { "texture": "#black", "uv": [ 10.0, 11.5, 11.5, 12.0 ], "rotation": 90 },
								"south": { "texture": "#black", "uv": [ 7.0, 9.5, 8.5, 10.0 ], "rotation": 90 },
								"west": { "texture": "#black", "uv": [ 7.0, 10.0, 8.5, 11.5 ] },
								"up": { "texture": "#black", "uv": [ 9.0, 11.5, 10.5, 12.0 ], "rotation": 90 },
								"down": { "texture": "#black", "uv": [ 10.0, 9.0, 11.5, 9.5 ], "rotation": 90 }
							}
						},
						{
							"name": "bandside",
							"from": [ 0.0, 1.1, 1.0 ],
							"to": [ 6.0, 2.0, 1.3 ],
							"rotationOrigin": [ 0.0, 1.1, 1.0 ],
							"faces": {
								"north": { "texture": "#black", "uv": [ 0.0, 0.0, 6.0, 0.5 ] },
								"east": { "texture": "#black", "uv": [ 0.0, 0.0, 0.5, 0.5 ] },
								"south": { "texture": "#black", "uv": [ 0.0, 0.0, 6.0, 0.5 ] },
								"west": { "texture": "#black", "uv": [ 0.0, 0.0, 0.5, 0.5 ] },
								"up": { "texture": "#black", "uv": [ 0.0, 0.0, 6.0, 0.5 ] },
								"down": { "texture": "#black", "uv": [ 0.0, 0.0, 6.0, 0.5 ] }
							}
						},
						{
							"name": "bandside2",
							"from": [ 0.0, 3.2, -4.2 ],
							"to": [ 6.0, 4.1, -4.0 ],
							"rotationOrigin": [ 0.0, 3.2, -4.2 ],
							"faces": {
								"north": { "texture": "#black", "uv": [ 0.0, 0.0, 6.0, 0.5 ] },
								"east": { "texture": "#black", "uv": [ 0.0, 0.0, 0.5, 0.5 ] },
								"south": { "texture": "#black", "uv": [ 0.0, 0.0, 6.0, 0.5 ] },
								"west": { "texture": "#black", "uv": [ 0.0, 0.0, 0.5, 0.5 ] },
								"up": { "texture": "#black", "uv": [ 0.0, 0.0, 6.0, 0.5 ] },
								"down": { "texture": "#black", "uv": [ 0.0, 0.0, 6.0, 0.5 ] }
							}
						},
						{
							"name": "band",
							"from": [ 0.0, 3.2686, -4.283 ],
							"to": [ 0.25, 4.1686, 1.317 ],
							"rotationOrigin": [ -0.1, 3.0686, -4.483 ],
							"rotationX": 22.5,
							"rotationY": 0.0,
							"rotationZ": 0.0,
							"faces": {
								"north": { "texture": "#black", "uv": [ 0.0, 0.0, 0.5, 0.5 ] },
								"east": { "texture": "#black", "uv": [ 0.0, 0.0, 5.5, 0.5 ] },
								"south": { "texture": "#black", "uv": [ 0.0, 0.0, 0.5, 0.5 ] },
								"west": { "texture": "#black", "uv": [ 0.0, 0.0, 5.5, 0.5 ] },
								"up": { "texture": "#black", "uv": [ 0.0, 0.0, 0.5, 5.5 ] },
								"down": { "texture": "#black", "uv": [ 0.0, 0.0, 0.5, 5.5 ] }
							}
						},
						{
							"name": "band2",
							"from": [ 6.0, 3.2686, -4.283 ],
							"to": [ 6.2, 4.1686, 1.317 ],
							"rotationOrigin": [ 5.9, 3.0686, -4.483 ],
							"rotationX": 22.5,
							"rotationY": 0.0,
							"rotationZ": 0.0,
							"faces": {
								"north": { "texture": "#black", "uv": [ 0.0, 0.0, 0.5, 0.5 ] },
								"east": { "texture": "#black", "uv": [ 0.0, 0.0, 5.5, 0.5 ] },
								"south": { "texture": "#black", "uv": [ 0.0, 0.0, 0.5, 0.5 ] },
								"west": { "texture": "#black", "uv": [ 0.0, 0.0, 5.5, 0.5 ] },
								"up": { "texture": "#black", "uv": [ 0.0, 0.0, 0.5, 5.5 ] },
								"down": { "texture": "#black", "uv": [ 0.0, 0.0, 0.5, 5.5 ] }
							}
						}
					]
				}
			]
		}
	]}