{
	"editor": {
		"backDropShape": "entity/humanoid/villager-male",
		"collapsedPaths": "Root/UpperTorsoOrigin/LeftofNeck,Root/UpperTorsoOrigin/origin/legL,Root/origin,Root/UpperTorsoOrigin/origin/body,Root/UpperTorsoOrigin/origin/legR",
		"allAngles": true,
		"entityTextureMode": false
	},
	"textureWidth": 16,
	"textureHeight": 16,
	"textureSizes": {
	},
	"textures": {
		"bone1": "game:block/creature/bone/bone1"
	},
	"elements": [
		{
			"name": "UpperTorsoOrigin",
			"stepParentName": "UpperTorso",
			"from": [ 0.0, 0.0, 0.0 ],
			"to": [ 5.0, 5.0, 6.2 ],
			"faces": {
			},
			"children": [
				{
					"name": "origin",
					"from": [ -0.5, 1.44, 2.75 ],
					"to": [ -0.5, 1.44, 2.75 ],
					"rotationOrigin": [ 0.79, 1.4391, 3.0 ],
					"faces": {
					},
					"children": [
						{
							"name": "forheadcenter",
							"from": [ 0.0, -1.0, 0.0 ],
							"to": [ 0.5, 2.0, 1.0 ],
							"rotationOrigin": [ 0.0, -1.0, 0.0 ],
							"faces": {
								"north": { "texture": "#bone1", "uv": [ 0.0, 0.0, 0.5, 3.0 ] },
								"east": { "texture": "#bone1", "uv": [ 0.0, 0.0, 1.0, 3.0 ] },
								"south": { "texture": "#bone1", "uv": [ 0.0, 0.0, 0.5, 3.0 ] },
								"west": { "texture": "#bone1", "uv": [ 0.0, 0.0, 1.0, 3.0 ] },
								"up": { "texture": "#bone1", "uv": [ 0.0, 0.0, 0.5, 1.0 ] },
								"down": { "texture": "#bone1", "uv": [ 0.0, 0.0, 0.5, 1.0 ] }
							}
						},
						{
							"name": "sideforhead",
							"from": [ 0.0, 0.0, -1.0 ],
							"to": [ 0.5, 1.5, 0.0 ],
							"rotationOrigin": [ 0.0, 0.0, -1.0 ],
							"faces": {
								"north": { "texture": "#bone1", "uv": [ 0.0, 0.0, 0.5, 1.5 ] },
								"east": { "texture": "#bone1", "uv": [ 0.0, 0.0, 1.0, 1.5 ] },
								"south": { "texture": "#bone1", "uv": [ 0.0, 0.0, 0.5, 1.5 ] },
								"west": { "texture": "#bone1", "uv": [ 0.0, 0.0, 1.0, 1.5 ] },
								"up": { "texture": "#bone1", "uv": [ 0.0, 0.0, 0.5, 1.0 ] },
								"down": { "texture": "#bone1", "uv": [ 0.0, 0.0, 0.5, 1.0 ] }
							}
						},
						{
							"name": "sideforhead2",
							"from": [ 0.0, 0.0, 1.0 ],
							"to": [ 0.5, 1.5, 2.0 ],
							"rotationOrigin": [ 0.0, 0.0, 1.0 ],
							"faces": {
								"north": { "texture": "#bone1", "uv": [ 0.0, 0.0, 0.5, 1.5 ] },
								"east": { "texture": "#bone1", "uv": [ 0.0, 0.0, 1.0, 1.5 ] },
								"south": { "texture": "#bone1", "uv": [ 0.0, 0.0, 0.5, 1.5 ] },
								"west": { "texture": "#bone1", "uv": [ 0.0, 0.0, 1.0, 1.5 ] },
								"up": { "texture": "#bone1", "uv": [ 0.0, 0.0, 0.5, 1.0 ] },
								"down": { "texture": "#bone1", "uv": [ 0.0, 0.0, 0.5, 1.0 ] }
							}
						},
						{
							"name": "sideorbital",
							"from": [ 0.0, -1.0, -1.4 ],
							"to": [ 0.5, 0.5, -0.9 ],
							"rotationOrigin": [ 0.0, -1.0, -1.4 ],
							"faces": {
								"north": { "texture": "#bone1", "uv": [ 0.0, 0.0, 0.5, 1.5 ] },
								"east": { "texture": "#bone1", "uv": [ 0.0, 0.0, 0.5, 1.5 ] },
								"south": { "texture": "#bone1", "uv": [ 0.0, 0.0, 0.5, 1.5 ] },
								"west": { "texture": "#bone1", "uv": [ 0.0, 0.0, 0.5, 1.5 ] },
								"up": { "texture": "#bone1", "uv": [ 0.0, 0.0, 0.5, 0.5 ] },
								"down": { "texture": "#bone1", "uv": [ 0.0, 0.0, 0.5, 0.5 ] }
							}
						},
						{
							"name": "sideorbital2",
							"from": [ 0.0, -1.0, 2.0 ],
							"to": [ 0.5, 0.5, 2.5 ],
							"rotationOrigin": [ 0.0, -1.0, 2.0 ],
							"faces": {
								"north": { "texture": "#bone1", "uv": [ 0.0, 0.0, 0.5, 1.5 ] },
								"east": { "texture": "#bone1", "uv": [ 0.0, 0.0, 0.5, 1.5 ] },
								"south": { "texture": "#bone1", "uv": [ 0.0, 0.0, 0.5, 1.5 ] },
								"west": { "texture": "#bone1", "uv": [ 0.0, 0.0, 0.5, 1.5 ] },
								"up": { "texture": "#bone1", "uv": [ 0.0, 0.0, 0.5, 0.5 ] },
								"down": { "texture": "#bone1", "uv": [ 0.0, 0.0, 0.5, 0.5 ] }
							}
						},
						{
							"name": "jawupperside",
							"from": [ 0.0, -1.8, -1.1 ],
							"to": [ 0.5, -1.0, 0.1 ],
							"rotationOrigin": [ 0.0, -1.8, -1.1 ],
							"faces": {
								"north": { "texture": "#bone1", "uv": [ 0.0, 0.0, 0.5, 0.5 ] },
								"east": { "texture": "#bone1", "uv": [ 0.0, 0.0, 1.0, 0.5 ] },
								"south": { "texture": "#bone1", "uv": [ 0.0, 0.0, 0.5, 0.5 ] },
								"west": { "texture": "#bone1", "uv": [ 0.0, 0.0, 1.0, 0.5 ] },
								"up": { "texture": "#bone1", "uv": [ 0.0, 0.0, 0.5, 1.0 ] },
								"down": { "texture": "#bone1", "uv": [ 0.0, 0.0, 0.5, 1.0 ] }
							}
						},
						{
							"name": "jawupperside2",
							"from": [ 0.0, -1.8, 0.9 ],
							"to": [ 0.5, -1.0, 2.1 ],
							"rotationOrigin": [ 0.0, -1.8, 0.9 ],
							"faces": {
								"north": { "texture": "#bone1", "uv": [ 0.0, 0.0, 0.5, 0.5 ] },
								"east": { "texture": "#bone1", "uv": [ 0.0, 0.0, 1.0, 0.5 ] },
								"south": { "texture": "#bone1", "uv": [ 0.0, 0.0, 0.5, 0.5 ] },
								"west": { "texture": "#bone1", "uv": [ 0.0, 0.0, 1.0, 0.5 ] },
								"up": { "texture": "#bone1", "uv": [ 0.0, 0.0, 0.5, 1.0 ] },
								"down": { "texture": "#bone1", "uv": [ 0.0, 0.0, 0.5, 1.0 ] }
							}
						},
						{
							"name": "palette",
							"from": [ 0.1, -2.2, -0.5 ],
							"to": [ 0.5, -1.8, 1.5 ],
							"rotationOrigin": [ 0.1, -2.2, -0.5 ],
							"faces": {
								"north": { "texture": "#bone1", "uv": [ 0.0, 0.0, 0.5, 0.5 ] },
								"east": { "texture": "#bone1", "uv": [ 0.0, 0.0, 2.0, 0.5 ] },
								"south": { "texture": "#bone1", "uv": [ 0.0, 0.0, 0.5, 0.5 ] },
								"west": { "texture": "#bone1", "uv": [ 0.0, 0.0, 2.0, 0.5 ] },
								"up": { "texture": "#bone1", "uv": [ 0.0, 0.0, 0.5, 2.0 ] },
								"down": { "texture": "#bone1", "uv": [ 0.0, 0.0, 0.5, 2.0 ] }
							}
						},
						{
							"name": "tooth origin",
							"from": [ 0.1, -2.2, 0.5 ],
							"to": [ 0.5, -1.8, 2.5 ],
							"rotationOrigin": [ 0.1, -2.2, 0.5 ],
							"rotationZ": 17.0,
							"faces": {
							},
							"children": [
								{
									"name": "incisor",
									"from": [ 0.0, -1.0, -1.0 ],
									"to": [ 0.4, 0.0, -0.6 ],
									"rotationOrigin": [ 0.0, -1.0, -1.0 ],
									"rotationZ": 0.0,
									"faces": {
										"north": { "texture": "#bone1", "uv": [ 0.0, 0.0, 0.5, 1.0 ] },
										"east": { "texture": "#bone1", "uv": [ 0.0, 0.0, 0.5, 1.0 ] },
										"south": { "texture": "#bone1", "uv": [ 0.0, 0.0, 0.5, 1.0 ] },
										"west": { "texture": "#bone1", "uv": [ 0.0, 0.0, 0.5, 1.0 ] },
										"up": { "texture": "#bone1", "uv": [ 0.0, 0.0, 0.5, 0.5 ] },
										"down": { "texture": "#bone1", "uv": [ 0.0, 0.0, 0.5, 0.5 ] }
									}
								},
								{
									"name": "incisor2",
									"from": [ 0.0, -1.0, 0.6 ],
									"to": [ 0.4, 0.0, 1.0 ],
									"rotationOrigin": [ 0.0, -1.0, 0.6 ],
									"rotationZ": 0.0,
									"faces": {
										"north": { "texture": "#bone1", "uv": [ 0.0, 0.0, 0.5, 1.0 ] },
										"east": { "texture": "#bone1", "uv": [ 0.0, 0.0, 0.5, 1.0 ] },
										"south": { "texture": "#bone1", "uv": [ 0.0, 0.0, 0.5, 1.0 ] },
										"west": { "texture": "#bone1", "uv": [ 0.0, 0.0, 0.5, 1.0 ] },
										"up": { "texture": "#bone1", "uv": [ 0.0, 0.0, 0.5, 0.5 ] },
										"down": { "texture": "#bone1", "uv": [ 0.0, 0.0, 0.5, 0.5 ] }
									}
								}
							]
						}
					]
				}
			]
		}
	]}