{
	"editor": {
		"backDropShape": "lupine",
		"collapsedPaths": "",
		"allAngles": true,
		"entityTextureMode": true
	},
	"textureWidth": 32,
	"textureHeight": 76,
	"textureSizes": {
		"fur-main": [32,76]
	},
	"textures": {
		"fur-main": "fur/variant-0"
	},
	"elements": [
		{
			"name": "headbase",
			"stepParentName": "Head",
			"from": [ 0.0, 0.0, 0.0 ],
			"to": [ 1.0, 1.0, 1.0 ],
			"uv": [ 0.0, 0.0 ],
			"faces": {
				"north": { "texture": "#fur-main", "uv": [ 0.0, 1.0, 1.0, 2.0 ], "enabled": false },
				"east": { "texture": "#fur-main", "uv": [ 1.0, 1.0, 2.0, 2.0 ], "enabled": false },
				"south": { "texture": "#fur-main", "uv": [ 2.0, 1.0, 3.0, 2.0 ], "enabled": false },
				"west": { "texture": "#fur-main", "uv": [ 3.0, 1.0, 4.0, 2.0 ], "enabled": false },
				"up": { "texture": "#fur-main", "uv": [ 0.0, 0.0, 1.0, 1.0 ], "enabled": false },
				"down": { "texture": "#fur-main", "uv": [ 1.0, 0.0, 2.0, 1.0 ], "enabled": false }
			},
			"children": [
				{
					"name": "Cube2",
					"from": [ 0.5, 1.75, 0.0 ],
					"to": [ 3.0, 2.75, 4.0 ],
					"unwrapMode": 5,
					"autoUnwrap": false,
					"uv": [ 26.0, 50.0 ],
					"rotationOrigin": [ 0.5, 2.75, 0.0 ],
					"rotationY": 90.0,
					"rotationZ": -69.0,
					"faces": {
						"north": { "texture": "#fur-main", "uv": [ 31.0, 25.0, 32.0, 27.5 ], "rotation": 90 },
						"east": { "texture": "#fur-main", "uv": [ 28.0, 53.0, 29.0, 57.0 ], "rotation": 90, "enabled": false },
						"south": { "texture": "#fur-main", "uv": [ 26.0, 25.0, 27.0, 27.5 ], "rotation": 270 },
						"west": { "texture": "#fur-main", "uv": [ 26.0, 53.0, 27.0, 57.0 ], "rotation": 270, "enabled": false },
						"up": { "texture": "#fur-main", "uv": [ 27.0, 25.0, 31.0, 27.5 ], "rotation": 270 },
						"down": { "texture": "#fur-main", "uv": [ 28.0, 53.0, 30.5, 57.0 ], "enabled": false }
					}
				},
				{
					"name": "Cube3",
					"from": [ 4.5, 1.75, 4.5 ],
					"to": [ 7.0, 2.75, 8.5 ],
					"unwrapMode": 5,
					"autoUnwrap": false,
					"uv": [ 26.0, 50.0 ],
					"rotationOrigin": [ 4.5, 2.75, 4.5 ],
					"rotationY": -90.0,
					"rotationZ": -69.0,
					"faces": {
						"north": { "texture": "#fur-main", "uv": [ 31.0, 27.5, 32.0, 30.0 ], "rotation": 90 },
						"east": { "texture": "#fur-main", "uv": [ 28.0, 53.0, 29.0, 57.0 ], "rotation": 90, "enabled": false },
						"south": { "texture": "#fur-main", "uv": [ 26.0, 27.5, 27.0, 30.0 ], "rotation": 270 },
						"west": { "texture": "#fur-main", "uv": [ 26.0, 53.0, 27.0, 57.0 ], "rotation": 270, "enabled": false },
						"up": { "texture": "#fur-main", "uv": [ 27.0, 27.5, 31.0, 30.0 ], "rotation": 270 },
						"down": { "texture": "#fur-main", "uv": [ 28.0, 53.0, 30.5, 57.0 ], "enabled": false }
					}
				}
			]
		}
	],
	"animations": [
	]
}
