{
  "game:clothes-waist-miner": { "origin": { "x": 0.5, "y": 0, "z": 0.5 }, "translation": { "x": 0, "y": -0.075, "z": 0 } },
  "game:clothes-waist-king": { "origin": { "x": 0.5, "y": 0, "z": 0.5 }, "translation": { "x": 0, "y": -0.075, "z": 0 } },
  "game:clothes-waist-rottenking": { "origin": { "x": 0.5, "y": 0, "z": 0.5 }, "translation": { "x": 0, "y": -0.075, "z": 0 } },
  "game:clothes-waist-marketeer": { "origin": { "x": 0.5, "y": 0, "z": 0.5 }, "translation": { "x": 0, "y": -0.075, "z": 0 } },
  "game:clothes-waist-fortune-teller-hip-scarf": { "origin": { "x": 0.5, "y": 0, "z": 0.5 }, "translation": { "x": 0, "y": 0.075, "z": 0 } },
  "game:clothes-nadiya-waist-winter1": { "origin": { "x": 0.5, "y": 0, "z": 0.5 }, "translation": { "x": 0, "y": -0.075, "z": 0 } },
  "game:clothes-nadiya-waist-miner*": { "origin": { "x": 0.5, "y": 0, "z": 0.5 }, "translation": { "x": 0, "y": -0.1, "z": 0 } },
  "game:clothes-nadiya-waist-innkeeper*": { "origin": { "x": 0.5, "y": 0, "z": 0.5 }, "translation": { "x": 0, "y": -0.125, "z": 0 } }
}