{
	"editor": {
		"allAngles": true,
		"entityTextureMode": false
	},
	"textureWidth": 16,
	"textureHeight": 16,
	"textureSizes": {
	},
	"textures": {
		"aniseedfunnel": "mycodiversity:block/plant/mushroom/aniseedfunnel/aniseedfunnel"
	},
	"elements": [
		{
			"name": "origin",
			"from": [ 8.0, 0.0, 8.0 ],
			"to": [ 8.0, 0.0, 8.0 ],
			"rotationOrigin": [ 8.0, 0.0, 8.0 ],
			"faces": {
			},
			"children": [
				{
					"name": "stem1",
					"from": [ -0.9, -0.1, 0.1 ],
					"to": [ 0.1, 2.4, 1.1 ],
					"rotationOrigin": [ -0.4, -0.1, 0.6 ],
					"rotationX": 4.0,
					"rotationY": -55.0,
					"rotationZ": 3.0,
					"faces": {
						"north": { "texture": "#aniseedfunnel", "uv": [ 1.0, 10.0, 2.0, 12.5 ] },
						"east": { "texture": "#aniseedfunnel", "uv": [ 1.5, 11.0, 2.5, 13.5 ] },
						"south": { "texture": "#aniseedfunnel", "uv": [ 1.0, 11.0, 2.0, 13.5 ] },
						"west": { "texture": "#aniseedfunnel", "uv": [ 1.0, 11.0, 2.0, 13.5 ] },
						"down": { "texture": "#aniseedfunnel", "uv": [ 0.5, 14.5, 1.5, 15.5 ] }
					},
					"children": [
						{
							"name": "Cap1",
							"from": [ -2.0, 3.6, -2.0 ],
							"to": [ 3.0, 4.8, 3.0 ],
							"rotationOrigin": [ 0.5, 3.6, 0.5 ],
							"rotationX": 4.0,
							"rotationZ": 3.0,
							"faces": {
								"north": { "texture": "#aniseedfunnel", "uv": [ 5.5, 5.5, 10.5, 6.5 ] },
								"east": { "texture": "#aniseedfunnel", "uv": [ 5.5, 5.5, 10.5, 6.5 ] },
								"south": { "texture": "#aniseedfunnel", "uv": [ 4.5, 5.0, 9.5, 6.0 ] },
								"west": { "texture": "#aniseedfunnel", "uv": [ 6.5, 5.5, 11.5, 6.5 ] },
								"up": { "texture": "#aniseedfunnel", "uv": [ 9.5, 0.5, 14.5, 5.5 ] },
								"down": { "texture": "#aniseedfunnel", "uv": [ 8.5, 9.0, 13.5, 14.0 ] }
							}
						},
						{
							"name": "gillsE",
							"from": [ 0.61, 1.6, 0.0 ],
							"to": [ 3.61, 2.6, 1.0 ],
							"rotationOrigin": [ 0.6, 1.6, 0.5 ],
							"rotationZ": 45.0,
							"faces": {
								"north": { "texture": "#aniseedfunnel", "uv": [ 9.0, 13.0, 12.0, 14.0 ] },
								"south": { "texture": "#aniseedfunnel", "uv": [ 9.0, 10.5, 12.0, 11.5 ] },
								"down": { "texture": "#aniseedfunnel", "uv": [ 10.5, 9.5, 13.5, 10.5 ] }
							}
						},
						{
							"name": "gillsW",
							"from": [ -2.6, 2.5, 0.0 ],
							"to": [ 0.4, 3.6, 1.0 ],
							"rotationOrigin": [ -0.6, 2.5, 0.5 ],
							"rotationZ": -45.0,
							"faces": {
								"north": { "texture": "#aniseedfunnel", "uv": [ 11.5, 12.5, 14.5, 13.5 ] },
								"south": { "texture": "#aniseedfunnel", "uv": [ 10.5, 10.5, 13.5, 11.5 ] },
								"down": { "texture": "#aniseedfunnel", "uv": [ 12.0, 12.5, 15.0, 13.5 ] }
							}
						},
						{
							"name": "gillsS",
							"from": [ 0.0, 1.8, 0.8 ],
							"to": [ 1.0, 2.9, 3.8 ],
							"rotationOrigin": [ 0.5, 1.8, 0.8 ],
							"rotationX": -45.0,
							"faces": {
								"east": { "texture": "#aniseedfunnel", "uv": [ 12.0, 11.5, 15.0, 12.5 ] },
								"west": { "texture": "#aniseedfunnel", "uv": [ 11.0, 10.5, 14.0, 11.5 ] },
								"down": { "texture": "#aniseedfunnel", "uv": [ 13.5, 10.0, 14.5, 13.0 ] }
							}
						},
						{
							"name": "gillsN",
							"from": [ 0.0, 1.6, -2.6 ],
							"to": [ 1.0, 2.6, 0.4 ],
							"rotationOrigin": [ 0.5, 1.6, 0.4 ],
							"rotationX": 45.0,
							"faces": {
								"east": { "texture": "#aniseedfunnel", "uv": [ 11.0, 12.0, 14.0, 13.0 ] },
								"west": { "texture": "#aniseedfunnel", "uv": [ 12.0, 11.0, 15.0, 12.0 ] },
								"down": { "texture": "#aniseedfunnel", "uv": [ 11.0, 10.0, 12.0, 13.0 ] }
							}
						},
						{
							"name": "ring1",
							"from": [ -0.1, 1.4, -0.1 ],
							"to": [ 1.1, 3.9, 1.1 ],
							"rotationOrigin": [ 0.5, 1.4, 0.5 ],
							"rotationX": 3.0,
							"faces": {
								"north": { "texture": "#aniseedfunnel", "uv": [ 0.5, 7.5, 1.5, 10.0 ] },
								"east": { "texture": "#aniseedfunnel", "uv": [ 1.0, 8.0, 2.0, 10.5 ] },
								"south": { "texture": "#aniseedfunnel", "uv": [ 1.5, 7.0, 2.5, 9.5 ] },
								"west": { "texture": "#aniseedfunnel", "uv": [ 0.5, 5.0, 1.5, 7.5 ] },
								"down": { "texture": "#aniseedfunnel", "uv": [ 0.0, 0.0, 1.0, 1.0 ] }
							}
						}
					]
				},
				{
					"name": "stem9",
					"from": [ 3.7, 0.0, -1.6 ],
					"to": [ 4.5, 1.0, -0.8 ],
					"rotationOrigin": [ 4.1, 0.0, -1.2 ],
					"rotationY": -42.0,
					"faces": {
						"north": { "texture": "#aniseedfunnel", "uv": [ 1.0, 10.0, 1.5, 11.0 ] },
						"east": { "texture": "#aniseedfunnel", "uv": [ 1.5, 11.0, 2.0, 12.0 ] },
						"south": { "texture": "#aniseedfunnel", "uv": [ 1.0, 11.0, 1.5, 12.0 ] },
						"west": { "texture": "#aniseedfunnel", "uv": [ 1.0, 11.0, 1.5, 12.0 ] },
						"down": { "texture": "#aniseedfunnel", "uv": [ 0.5, 14.5, 1.0, 15.0 ] }
					},
					"children": [
						{
							"name": "Cap10",
							"from": [ -0.6, 2.0, -0.6 ],
							"to": [ 1.4, 2.5, 1.4 ],
							"rotationOrigin": [ 0.4, 2.0, 0.4 ],
							"faces": {
								"north": { "texture": "#aniseedfunnel", "uv": [ 5.5, 5.5, 7.5, 6.0 ] },
								"east": { "texture": "#aniseedfunnel", "uv": [ 5.5, 5.5, 7.5, 6.0 ] },
								"south": { "texture": "#aniseedfunnel", "uv": [ 4.5, 5.0, 6.5, 5.5 ] },
								"west": { "texture": "#aniseedfunnel", "uv": [ 6.5, 5.5, 8.5, 6.0 ] },
								"up": { "texture": "#aniseedfunnel", "uv": [ 5.0, 5.5, 7.0, 7.5 ] },
								"down": { "texture": "#aniseedfunnel", "uv": [ 8.5, 9.0, 10.5, 11.0 ] }
							}
						},
						{
							"name": "ring15",
							"from": [ -0.1, 1.0, -0.1 ],
							"to": [ 0.9, 2.5, 0.9 ],
							"rotationOrigin": [ 0.5, 1.0, 0.5 ],
							"faces": {
								"north": { "texture": "#aniseedfunnel", "uv": [ 0.5, 7.5, 1.5, 9.0 ] },
								"east": { "texture": "#aniseedfunnel", "uv": [ 1.0, 8.0, 2.0, 9.5 ] },
								"south": { "texture": "#aniseedfunnel", "uv": [ 1.5, 7.0, 2.5, 8.5 ] },
								"west": { "texture": "#aniseedfunnel", "uv": [ 0.5, 5.0, 1.5, 6.5 ] },
								"down": { "texture": "#aniseedfunnel", "uv": [ 0.0, 0.0, 1.0, 1.0 ] }
							}
						}
					]
				},
				{
					"name": "stem16",
					"from": [ 2.5, -0.7, 2.1 ],
					"to": [ 3.5, 1.8, 3.1 ],
					"rotationOrigin": [ 3.0, -0.7, 2.6 ],
					"rotationX": 14.0,
					"rotationY": 66.0,
					"rotationZ": -14.0,
					"faces": {
						"north": { "texture": "#aniseedfunnel", "uv": [ 1.0, 10.0, 2.0, 12.5 ] },
						"east": { "texture": "#aniseedfunnel", "uv": [ 1.5, 11.0, 2.5, 13.5 ] },
						"south": { "texture": "#aniseedfunnel", "uv": [ 1.0, 11.0, 2.0, 13.5 ] },
						"west": { "texture": "#aniseedfunnel", "uv": [ 1.0, 11.0, 2.0, 13.5 ] },
						"down": { "texture": "#aniseedfunnel", "uv": [ 0.5, 14.5, 1.5, 15.5 ] }
					},
					"children": [
						{
							"name": "Cap17",
							"from": [ -1.5, 3.7, -1.5 ],
							"to": [ 2.5, 4.7, 2.5 ],
							"rotationOrigin": [ 0.5, 3.7, 0.5 ],
							"rotationX": -10.0,
							"rotationZ": 10.0,
							"faces": {
								"north": { "texture": "#aniseedfunnel", "uv": [ 5.5, 5.5, 9.5, 6.5 ] },
								"east": { "texture": "#aniseedfunnel", "uv": [ 5.5, 5.5, 9.5, 6.5 ] },
								"south": { "texture": "#aniseedfunnel", "uv": [ 4.5, 5.0, 8.5, 6.0 ] },
								"west": { "texture": "#aniseedfunnel", "uv": [ 6.5, 5.5, 10.5, 6.5 ] },
								"up": { "texture": "#aniseedfunnel", "uv": [ 5.5, 1.0, 9.5, 5.0 ] },
								"down": { "texture": "#aniseedfunnel", "uv": [ 8.5, 9.0, 12.5, 13.0 ] }
							}
						},
						{
							"name": "gillsE18",
							"from": [ 0.6, 2.6, 0.0 ],
							"to": [ 2.6, 3.1, 1.0 ],
							"rotationOrigin": [ 0.6, 2.6, 0.5 ],
							"rotationZ": 45.0,
							"faces": {
								"north": { "texture": "#aniseedfunnel", "uv": [ 9.0, 13.0, 11.0, 13.5 ] },
								"south": { "texture": "#aniseedfunnel", "uv": [ 9.0, 10.5, 11.0, 11.0 ] },
								"down": { "texture": "#aniseedfunnel", "uv": [ 10.5, 9.5, 12.5, 10.5 ] }
							}
						},
						{
							"name": "gillsW19",
							"from": [ -1.6, 2.6, 0.0 ],
							"to": [ 0.4, 3.1, 1.0 ],
							"rotationOrigin": [ 0.4, 2.6, 0.5 ],
							"rotationZ": -25.0,
							"faces": {
								"north": { "texture": "#aniseedfunnel", "uv": [ 11.5, 12.5, 13.5, 13.0 ] },
								"south": { "texture": "#aniseedfunnel", "uv": [ 10.5, 10.5, 12.5, 11.0 ] },
								"down": { "texture": "#aniseedfunnel", "uv": [ 12.0, 12.5, 14.0, 13.5 ] }
							}
						},
						{
							"name": "gillsS20",
							"from": [ 0.0, 2.6, 0.6 ],
							"to": [ 1.0, 3.1, 2.6 ],
							"rotationOrigin": [ 0.5, 2.6, 0.6 ],
							"rotationX": -50.0,
							"faces": {
								"east": { "texture": "#aniseedfunnel", "uv": [ 12.0, 10.0, 14.0, 10.5 ] },
								"west": { "texture": "#aniseedfunnel", "uv": [ 11.5, 11.5, 13.5, 12.0 ] },
								"down": { "texture": "#aniseedfunnel", "uv": [ 11.0, 10.5, 12.0, 12.5 ] }
							}
						},
						{
							"name": "gillsN21",
							"from": [ 0.0, 2.6, -1.6 ],
							"to": [ 1.0, 3.1, 0.4 ],
							"rotationOrigin": [ 0.5, 2.6, 0.4 ],
							"rotationX": 45.0,
							"faces": {
								"east": { "texture": "#aniseedfunnel", "uv": [ 11.0, 12.0, 13.0, 12.5 ] },
								"west": { "texture": "#aniseedfunnel", "uv": [ 12.0, 11.0, 14.0, 11.5 ] },
								"down": { "texture": "#aniseedfunnel", "uv": [ 11.0, 10.0, 12.0, 12.0 ] }
							}
						},
						{
							"name": "ring22",
							"from": [ -0.1, 1.5, -0.1 ],
							"to": [ 1.1, 4.0, 1.1 ],
							"rotationOrigin": [ 0.5, 1.5, 0.5 ],
							"faces": {
								"north": { "texture": "#aniseedfunnel", "uv": [ 0.5, 7.5, 1.5, 10.0 ] },
								"east": { "texture": "#aniseedfunnel", "uv": [ 1.0, 8.0, 2.0, 10.5 ] },
								"south": { "texture": "#aniseedfunnel", "uv": [ 1.5, 7.0, 2.5, 9.5 ] },
								"west": { "texture": "#aniseedfunnel", "uv": [ 0.5, 5.0, 1.5, 7.5 ] },
								"down": { "texture": "#aniseedfunnel", "uv": [ 0.0, 0.0, 1.0, 1.0 ] }
							}
						}
					]
				},
				{
					"name": "stem23",
					"from": [ -4.2, -0.3, -5.0 ],
					"to": [ -3.2, 1.2, -4.0 ],
					"rotationOrigin": [ -3.7, -0.3, -4.5 ],
					"rotationX": -7.0,
					"rotationY": 166.0,
					"rotationZ": 9.0,
					"faces": {
						"north": { "texture": "#aniseedfunnel", "uv": [ 1.0, 10.0, 2.0, 11.5 ] },
						"east": { "texture": "#aniseedfunnel", "uv": [ 1.5, 11.0, 2.5, 12.5 ] },
						"south": { "texture": "#aniseedfunnel", "uv": [ 1.0, 11.0, 2.0, 12.5 ] },
						"west": { "texture": "#aniseedfunnel", "uv": [ 1.0, 11.0, 2.0, 12.5 ] },
						"down": { "texture": "#aniseedfunnel", "uv": [ 0.5, 14.5, 1.5, 15.5 ] }
					},
					"children": [
						{
							"name": "Cap24",
							"from": [ -1.5, 2.9, -1.5 ],
							"to": [ 2.5, 3.9, 2.5 ],
							"rotationOrigin": [ 0.5, 2.9, 0.5 ],
							"rotationX": 4.0,
							"rotationZ": 5.0,
							"faces": {
								"north": { "texture": "#aniseedfunnel", "uv": [ 9.5, 7.0, 13.5, 8.0 ] },
								"east": { "texture": "#aniseedfunnel", "uv": [ 8.0, 7.0, 12.0, 8.0 ] },
								"south": { "texture": "#aniseedfunnel", "uv": [ 7.0, 11.0, 11.0, 12.0 ] },
								"west": { "texture": "#aniseedfunnel", "uv": [ 10.5, 6.0, 14.5, 7.0 ] },
								"up": { "texture": "#aniseedfunnel", "uv": [ 4.0, 0.5, 8.0, 4.5 ] },
								"down": { "texture": "#aniseedfunnel", "uv": [ 8.5, 9.0, 12.5, 13.0 ] }
							}
						},
						{
							"name": "gillsE25",
							"from": [ 0.6, 1.6, 0.0 ],
							"to": [ 2.6, 2.1, 1.0 ],
							"rotationOrigin": [ 0.6, 1.6, 0.5 ],
							"rotationZ": 45.0,
							"faces": {
								"north": { "texture": "#aniseedfunnel", "uv": [ 9.0, 13.0, 11.0, 13.5 ] },
								"south": { "texture": "#aniseedfunnel", "uv": [ 9.0, 10.5, 11.0, 11.0 ] },
								"down": { "texture": "#aniseedfunnel", "uv": [ 10.5, 9.5, 12.5, 10.5 ] }
							}
						},
						{
							"name": "gillsW26",
							"from": [ -1.6, 1.6, 0.0 ],
							"to": [ 0.4, 2.1, 1.0 ],
							"rotationOrigin": [ 0.4, 1.6, 0.5 ],
							"rotationZ": -45.0,
							"faces": {
								"north": { "texture": "#aniseedfunnel", "uv": [ 11.5, 12.5, 13.5, 13.0 ] },
								"south": { "texture": "#aniseedfunnel", "uv": [ 10.5, 10.5, 12.5, 11.0 ] },
								"down": { "texture": "#aniseedfunnel", "uv": [ 12.0, 12.5, 14.0, 13.5 ] }
							}
						},
						{
							"name": "gillsS27",
							"from": [ 0.0, 1.6, 0.6 ],
							"to": [ 1.0, 2.1, 2.6 ],
							"rotationOrigin": [ 0.5, 1.6, 0.6 ],
							"rotationX": -45.0,
							"faces": {
								"east": { "texture": "#aniseedfunnel", "uv": [ 12.0, 10.0, 14.0, 10.5 ] },
								"west": { "texture": "#aniseedfunnel", "uv": [ 11.5, 11.5, 13.5, 12.0 ] },
								"down": { "texture": "#aniseedfunnel", "uv": [ 11.0, 10.5, 12.0, 12.5 ] }
							}
						},
						{
							"name": "gillsN28",
							"from": [ 0.0, 1.6, -1.6 ],
							"to": [ 1.0, 2.1, 0.4 ],
							"rotationOrigin": [ 0.5, 1.6, 0.4 ],
							"rotationX": 45.0,
							"faces": {
								"east": { "texture": "#aniseedfunnel", "uv": [ 11.0, 12.0, 13.0, 12.5 ] },
								"west": { "texture": "#aniseedfunnel", "uv": [ 12.0, 11.0, 14.0, 11.5 ] },
								"down": { "texture": "#aniseedfunnel", "uv": [ 11.0, 10.0, 12.0, 12.0 ] }
							}
						},
						{
							"name": "ring29",
							"from": [ -0.1, 1.5, -0.1 ],
							"to": [ 1.1, 3.0, 1.1 ],
							"rotationOrigin": [ 0.5, 1.5, 0.5 ],
							"faces": {
								"north": { "texture": "#aniseedfunnel", "uv": [ 0.5, 7.5, 1.5, 9.0 ] },
								"east": { "texture": "#aniseedfunnel", "uv": [ 1.0, 8.0, 2.0, 9.5 ] },
								"south": { "texture": "#aniseedfunnel", "uv": [ 1.5, 7.0, 2.5, 8.5 ] },
								"west": { "texture": "#aniseedfunnel", "uv": [ 0.5, 5.0, 1.5, 6.5 ] },
								"down": { "texture": "#aniseedfunnel", "uv": [ 0.0, 0.0, 1.0, 1.0 ] }
							}
						}
					]
				},
				{
					"name": "stem26",
					"from": [ -3.5, -0.2, 3.5 ],
					"to": [ -2.7, 0.8, 4.3 ],
					"rotationOrigin": [ -3.1, -0.2, 3.9 ],
					"rotationX": 7.0,
					"rotationZ": 3.0,
					"faces": {
						"north": { "texture": "#aniseedfunnel", "uv": [ 1.0, 10.0, 1.5, 11.0 ] },
						"east": { "texture": "#aniseedfunnel", "uv": [ 1.5, 11.0, 2.0, 12.0 ] },
						"south": { "texture": "#aniseedfunnel", "uv": [ 1.0, 11.0, 1.5, 12.0 ] },
						"west": { "texture": "#aniseedfunnel", "uv": [ 1.0, 11.0, 1.5, 12.0 ] },
						"down": { "texture": "#aniseedfunnel", "uv": [ 0.5, 14.5, 1.0, 15.0 ] }
					},
					"children": [
						{
							"name": "Cap27",
							"from": [ -0.7, 2.1, -0.4 ],
							"to": [ 1.3, 2.6, 1.6 ],
							"rotationOrigin": [ 0.3, 2.1, 0.6 ],
							"rotationX": 9.0,
							"faces": {
								"north": { "texture": "#aniseedfunnel", "uv": [ 5.5, 5.5, 7.5, 6.0 ] },
								"east": { "texture": "#aniseedfunnel", "uv": [ 5.5, 5.5, 7.5, 6.0 ] },
								"south": { "texture": "#aniseedfunnel", "uv": [ 4.5, 5.0, 6.5, 5.5 ] },
								"west": { "texture": "#aniseedfunnel", "uv": [ 6.5, 5.5, 8.5, 6.0 ] },
								"up": { "texture": "#aniseedfunnel", "uv": [ 3.0, 2.0, 5.0, 4.0 ] },
								"down": { "texture": "#aniseedfunnel", "uv": [ 8.5, 9.0, 10.5, 11.0 ] }
							}
						},
						{
							"name": "ring28",
							"from": [ -0.2, 0.9, -0.2 ],
							"to": [ 1.0, 2.4, 1.0 ],
							"rotationOrigin": [ 0.5, 0.9, 0.5 ],
							"rotationX": 7.0,
							"rotationZ": 4.0,
							"faces": {
								"north": { "texture": "#aniseedfunnel", "uv": [ 0.5, 7.5, 1.5, 9.0 ] },
								"east": { "texture": "#aniseedfunnel", "uv": [ 1.0, 8.0, 2.0, 9.5 ] },
								"south": { "texture": "#aniseedfunnel", "uv": [ 1.5, 7.0, 2.5, 8.5 ] },
								"west": { "texture": "#aniseedfunnel", "uv": [ 0.5, 5.0, 1.5, 6.5 ] },
								"down": { "texture": "#aniseedfunnel", "uv": [ 0.0, 0.0, 1.0, 1.0 ] }
							}
						}
					]
				},
				{
					"name": "stem29",
					"from": [ 0.5, -0.2, -3.5 ],
					"to": [ 1.3, 0.8, -2.7 ],
					"rotationOrigin": [ 0.9, -0.2, -3.1 ],
					"rotationX": -19.0,
					"faces": {
						"north": { "texture": "#aniseedfunnel", "uv": [ 1.0, 10.0, 1.5, 11.0 ] },
						"east": { "texture": "#aniseedfunnel", "uv": [ 1.5, 11.0, 2.0, 12.0 ] },
						"south": { "texture": "#aniseedfunnel", "uv": [ 1.0, 11.0, 1.5, 12.0 ] },
						"west": { "texture": "#aniseedfunnel", "uv": [ 1.0, 11.0, 1.5, 12.0 ] },
						"down": { "texture": "#aniseedfunnel", "uv": [ 0.5, 14.5, 1.0, 15.0 ] }
					},
					"children": [
						{
							"name": "Cap30",
							"from": [ -0.4, 2.0, -0.6 ],
							"to": [ 1.6, 2.7, 1.4 ],
							"rotationOrigin": [ 0.6, 2.0, 0.4 ],
							"rotationX": -6.0,
							"rotationZ": 6.0,
							"faces": {
								"north": { "texture": "#aniseedfunnel", "uv": [ 5.5, 5.5, 7.5, 6.0 ] },
								"east": { "texture": "#aniseedfunnel", "uv": [ 5.5, 5.5, 7.5, 6.0 ] },
								"south": { "texture": "#aniseedfunnel", "uv": [ 4.5, 5.0, 6.5, 5.5 ] },
								"west": { "texture": "#aniseedfunnel", "uv": [ 6.5, 5.5, 8.5, 6.0 ] },
								"up": { "texture": "#aniseedfunnel", "uv": [ 6.5, 1.0, 8.5, 3.0 ] },
								"down": { "texture": "#aniseedfunnel", "uv": [ 8.5, 9.0, 10.5, 11.0 ] }
							}
						},
						{
							"name": "ring31",
							"from": [ -0.1, 1.0, -0.1 ],
							"to": [ 0.9, 2.5, 0.9 ],
							"rotationOrigin": [ 0.4, 1.0, 0.4 ],
							"rotationZ": -6.0,
							"faces": {
								"north": { "texture": "#aniseedfunnel", "uv": [ 0.5, 7.5, 1.5, 9.0 ] },
								"east": { "texture": "#aniseedfunnel", "uv": [ 1.0, 8.0, 2.0, 9.5 ] },
								"south": { "texture": "#aniseedfunnel", "uv": [ 1.5, 7.0, 2.5, 8.5 ] },
								"west": { "texture": "#aniseedfunnel", "uv": [ 0.5, 5.0, 1.5, 6.5 ] },
								"down": { "texture": "#aniseedfunnel", "uv": [ 0.0, 0.0, 1.0, 1.0 ] }
							}
						}
					]
				},
				{
					"name": "voxel33",
					"from": [ 2.0, 0.0, -5.0 ],
					"to": [ 3.0, 0.5, -4.0 ],
					"rotationOrigin": [ 2.5, 0.0, -4.5 ],
					"rotationY": -19.0,
					"faces": {
						"north": { "texture": "#aniseedfunnel", "uv": [ 9.0, 10.5, 10.0, 11.0 ] },
						"east": { "texture": "#aniseedfunnel", "uv": [ 8.0, 9.0, 9.0, 9.5 ] },
						"south": { "texture": "#aniseedfunnel", "uv": [ 5.5, 11.0, 6.5, 11.5 ] },
						"west": { "texture": "#aniseedfunnel", "uv": [ 10.5, 10.0, 11.5, 10.5 ] },
						"up": { "texture": "#aniseedfunnel", "uv": [ 7.5, 6.0, 8.5, 7.0 ] },
						"down": { "texture": "#aniseedfunnel", "uv": [ 10.0, 10.0, 11.0, 11.0 ] }
					}
				},
				{
					"name": "voxel34",
					"from": [ 0.0, 0.0, 3.0 ],
					"to": [ 1.0, 0.5, 4.0 ],
					"rotationOrigin": [ 0.5, 0.0, 3.5 ],
					"rotationY": 14.0,
					"faces": {
						"north": { "texture": "#aniseedfunnel", "uv": [ 9.0, 10.5, 10.0, 11.0 ] },
						"east": { "texture": "#aniseedfunnel", "uv": [ 8.0, 9.0, 9.0, 9.5 ] },
						"south": { "texture": "#aniseedfunnel", "uv": [ 5.5, 11.0, 6.5, 11.5 ] },
						"west": { "texture": "#aniseedfunnel", "uv": [ 10.5, 10.0, 11.5, 10.5 ] },
						"up": { "texture": "#aniseedfunnel", "uv": [ 7.5, 6.0, 8.5, 7.0 ] },
						"down": { "texture": "#aniseedfunnel", "uv": [ 10.0, 10.0, 11.0, 11.0 ] }
					}
				},
				{
					"name": "voxel35",
					"from": [ -5.0, 0.0, -2.0 ],
					"to": [ -4.0, 0.5, -1.0 ],
					"rotationOrigin": [ -4.5, 0.0, -1.5 ],
					"rotationY": 28.0,
					"faces": {
						"north": { "texture": "#aniseedfunnel", "uv": [ 9.0, 10.5, 10.0, 11.0 ] },
						"east": { "texture": "#aniseedfunnel", "uv": [ 8.0, 9.0, 9.0, 9.5 ] },
						"south": { "texture": "#aniseedfunnel", "uv": [ 5.5, 11.0, 6.5, 11.5 ] },
						"west": { "texture": "#aniseedfunnel", "uv": [ 10.5, 10.0, 11.5, 10.5 ] },
						"up": { "texture": "#aniseedfunnel", "uv": [ 6.5, 5.5, 7.5, 6.5 ] },
						"down": { "texture": "#aniseedfunnel", "uv": [ 10.0, 10.0, 11.0, 11.0 ] }
					}
				},
				{
					"name": "stem36",
					"from": [ 3.5, -0.2, -4.5 ],
					"to": [ 4.5, 2.3, -3.5 ],
					"rotationOrigin": [ 4.0, -0.2, -4.0 ],
					"rotationX": 11.0,
					"rotationY": 6.0,
					"rotationZ": 3.0,
					"faces": {
						"north": { "texture": "#aniseedfunnel", "uv": [ 1.0, 10.0, 2.0, 12.5 ] },
						"east": { "texture": "#aniseedfunnel", "uv": [ 1.5, 11.0, 2.5, 13.5 ] },
						"south": { "texture": "#aniseedfunnel", "uv": [ 1.0, 11.0, 2.0, 13.5 ] },
						"west": { "texture": "#aniseedfunnel", "uv": [ 1.0, 11.0, 2.0, 13.5 ] },
						"down": { "texture": "#aniseedfunnel", "uv": [ 0.5, 14.5, 1.5, 15.5 ] }
					},
					"children": [
						{
							"name": "Cap37",
							"from": [ -1.0, 3.8, -1.0 ],
							"to": [ 2.0, 4.8, 2.0 ],
							"rotationOrigin": [ 0.5, 3.8, 0.5 ],
							"rotationX": 4.0,
							"rotationZ": 6.0,
							"faces": {
								"north": { "texture": "#aniseedfunnel", "uv": [ 5.5, 5.5, 8.5, 6.5 ] },
								"east": { "texture": "#aniseedfunnel", "uv": [ 5.5, 5.5, 8.5, 6.5 ] },
								"south": { "texture": "#aniseedfunnel", "uv": [ 4.5, 5.0, 7.5, 6.0 ] },
								"west": { "texture": "#aniseedfunnel", "uv": [ 6.5, 5.5, 9.5, 6.5 ] },
								"up": { "texture": "#aniseedfunnel", "uv": [ 5.5, 1.0, 8.5, 4.0 ] },
								"down": { "texture": "#aniseedfunnel", "uv": [ 8.5, 9.0, 11.5, 12.0 ] }
							}
						},
						{
							"name": "gillsE38",
							"from": [ 0.6, 2.6, 0.0 ],
							"to": [ 2.6, 3.1, 1.0 ],
							"rotationOrigin": [ 0.6, 2.6, 0.5 ],
							"rotationZ": 45.0,
							"faces": {
								"north": { "texture": "#aniseedfunnel", "uv": [ 9.0, 13.0, 11.0, 13.5 ] },
								"south": { "texture": "#aniseedfunnel", "uv": [ 9.0, 10.5, 11.0, 11.0 ] },
								"down": { "texture": "#aniseedfunnel", "uv": [ 10.5, 9.5, 12.5, 10.5 ] }
							}
						},
						{
							"name": "gillsW39",
							"from": [ -1.6, 2.5, 0.0 ],
							"to": [ 0.4, 3.0, 1.0 ],
							"rotationOrigin": [ 0.4, 2.5, 0.5 ],
							"rotationZ": -45.0,
							"faces": {
								"north": { "texture": "#aniseedfunnel", "uv": [ 11.5, 12.5, 13.5, 13.0 ] },
								"south": { "texture": "#aniseedfunnel", "uv": [ 10.5, 10.5, 12.5, 11.0 ] },
								"down": { "texture": "#aniseedfunnel", "uv": [ 12.0, 12.5, 14.0, 13.5 ] }
							}
						},
						{
							"name": "gillsS40",
							"from": [ 0.0, 2.6, 0.6 ],
							"to": [ 1.0, 3.1, 2.6 ],
							"rotationOrigin": [ 0.5, 2.6, 0.6 ],
							"rotationX": -45.0,
							"faces": {
								"east": { "texture": "#aniseedfunnel", "uv": [ 12.0, 10.0, 14.0, 10.5 ] },
								"west": { "texture": "#aniseedfunnel", "uv": [ 11.5, 11.5, 13.5, 12.0 ] },
								"down": { "texture": "#aniseedfunnel", "uv": [ 11.0, 10.5, 12.0, 12.5 ] }
							}
						},
						{
							"name": "gillsN41",
							"from": [ 0.0, 2.6, -1.6 ],
							"to": [ 1.0, 3.1, 0.4 ],
							"rotationOrigin": [ 0.5, 2.6, 0.4 ],
							"rotationX": 45.0,
							"faces": {
								"east": { "texture": "#aniseedfunnel", "uv": [ 11.0, 12.0, 13.0, 12.5 ] },
								"west": { "texture": "#aniseedfunnel", "uv": [ 12.0, 11.0, 14.0, 11.5 ] },
								"down": { "texture": "#aniseedfunnel", "uv": [ 11.0, 10.0, 12.0, 12.0 ] }
							}
						},
						{
							"name": "ring42",
							"from": [ -0.1, 2.4, -0.1 ],
							"to": [ 1.1, 3.9, 1.1 ],
							"rotationOrigin": [ 0.5, 2.4, 0.5 ],
							"rotationX": 3.0,
							"faces": {
								"north": { "texture": "#aniseedfunnel", "uv": [ 0.5, 7.5, 1.5, 9.0 ] },
								"east": { "texture": "#aniseedfunnel", "uv": [ 1.0, 8.0, 2.0, 9.5 ] },
								"south": { "texture": "#aniseedfunnel", "uv": [ 1.5, 7.0, 2.5, 8.5 ] },
								"west": { "texture": "#aniseedfunnel", "uv": [ 0.5, 5.0, 1.5, 6.5 ] },
								"down": { "texture": "#aniseedfunnel", "uv": [ 0.0, 0.0, 1.0, 1.0 ] }
							}
						}
					]
				}
			]
		}
	]}