[
  {
    "file": "game:blocktypes/overlay/damagedstone.json",
    "op": "replace",
    "path": "/attributes/handbook/exclude",
    "value": false,
    "side": "Server"
  },
  {
    "op": "add",
    "path": "/creativeinventoryStacks/0/stacks/-",
    "value": {
      "type": "block",
      "code": "crate",
      "attributes": {
        "lidState": "opened",
        "type": "wood-aged"
      }
    },
    "file": "game:blocktypes/wood/woodtyped/crate.json",
    "side": "Server"
  },
  {
    "file": "game:blocktypes/roofing/beam-plane.json",
    "op": "replace",
    "path": "/attributes/handbook/exclude",
    "value": false,
    "side": "Server"
  },
  {
    "file": "game:blocktypes/roofing/beam-ridge.json",
    "op": "replace",
    "path": "/attributes/handbook/exclude",
    "value": false,
    "side": "Server"
  },
  {
    "file": "game:itemtypes/meta/textureflipper.json",
    "op": "replace",
    "path": "/attributes/handbook/exclude",
    "value": false,
    "side": "Server"
  },
  {
    "file": "game:blocktypes/clay/brickruin.json",
    "op": "replace",
    "path": "/attributes/handbook/exclude",
    "value": false,
    "side": "Server"
  },
  {
    "file": "game:blocktypes/cloth/ropebeam.json",
    "op": "replace",
    "path": "/attributes/handbook/exclude",
    "value": false,
    "side": "Server"
  },
  {
    "file": "game:blocktypes/metal/ironfence.json",
    "op": "replace",
    "path": "/attributes/handbook/exclude",
    "value": false,
    "side": "Server",
    "dependsOn": [
      {
        "modid": "vintageengineering",
        "invert": true
      }
    ]
  },
  {
    "file": "game:blocktypes/cloth/rug.json",
    "op": "replace",
    "path": "/attributes/handbook/exclude",
    "value": false,
    "side": "Server"
  },
  {
    "file": "game:blocktypes/cloth/mediumcarpet.json",
    "op": "replace",
    "path": "/attributes/handbook/exclude",
    "value": false,
    "side": "Server"
  },
  {
    "file": "game:blocktypes/overlay/plaster.json",
    "op": "replace",
    "path": "/attributes/handbook/exclude",
    "value": false,
    "side": "Server"
  },
  {
    "enabled": true,
    "file": "game:blocktypes/metal/suppportbeam",
    "op": "replace",
    "path": "/attributes/handbook/exclude",
    "value": false
  },
  {
    "enabled": true,
    "file": "game:blocktypes/metal/suppportbeam",
    "op": "replace",
    "path": "/entityBehaviors/0/properties/dropWhenBroken",
    "value": true
  },
  {
    "enabled": true,
    "file": "game:blocktypes/cloth/wallpaper",
    "op": "replace",
    "path": "/attributes/handbook/exclude",
    "value": false
  },
  {
    "enabled": true,
    "file": "game:blocktypes/paperlantern",
    "op": "replace",
    "path": "/attributes/handbook/exclude",
    "value": false
  },
  {
    "enabled": true,
    "file": "game:blocktypes/wood/woodtyped/figurehead",
    "op": "remove",
    "path": "/attributes/handbook/excludeByType"
  },
  {
    "enabled": true,
    "file": "game:blocktypes/cloth/leather",
    "op": "replace",
    "path": "/attributes/handbook/exclude",
    "value": false
  }
]