[
   {
      "file":"game:entities/animal/mammal/wolf-adult.json",
      "op":"addeach",
      "path":"/server/behaviors/10/aitasks/2/entityCodes/-",
      "condition":{
         "when":"CrittersNotASnackEnabled",
         "isValue":"false"
      },
      "value":[
         "pekin-*",
         "mallard-*",
         "call-*",
         "yak-*",
         "hedgehog-*",
		 "fieldmus",
		 "squirrel-*",
		 "*-crow-*",
      ],
      "side":"server"
   },
   {
      "file":"game:entities/animal/mammal/wolf-adult.json",
      "op":"addeach",
      "path":"/server/behaviors/10/aitasks/5/entityCodes/-",
      "condition":{
         "when":"CrittersNotASnackEnabled",
         "isValue":"false"
      },	  	  
      "value":[
         "pekin-*",
         "mallard-*",
         "call-*",
         "yak-*",
         "hedgehog-*",
		 "fieldmus",
		 "squirrel-*",
		 "*-crow-*",
      ],
      "side":"server"
   },
   {
      "file":"game:entities/animal/mammal/fox-adult.json",
      "op":"addeach",
      "path":"/server/behaviors/11/aitasks/4/entityCodes/-",
      "condition":{
         "when":"CrittersNotASnackEnabled",
         "isValue":"false"
      },	  
      "value":[
         "pekin-*",
         "mallard-*",
         "call-*",
         "fieldmus",
         "hedgehog-*",
         "*-swan-baby-young",
		 "*-crow-*",
		 "fieldmus",
		 "squirrel-*",
      ],
      "side":"server"
   },
   {
      "file":"game:entities/animal/mammal/fox-adult.json",
      "op":"addeach",
      "path":"/server/behaviors/11/aitasks/5/entityCodes/-",
      "condition":{
         "when":"CrittersNotASnackEnabled",
         "isValue":"false"
      },	  
      "value":[
         "pekin-*",
         "mallard-*",
         "call-*",
         "fieldmus",
         "hedgehog-*",
         "*-swan-baby-young",
		 "*-crow-*",
		 "squirrel-*",
      ],
      "side":"server"
   },
   {
      "file":"game:entities/animal/mammal/bear-adult.json",
      "op":"addeach",
      "path":"/server/behaviors/9/aitasks/2/entityCodesByType/*/-",
      "condition":{
         "when":"CrittersNotASnackEnabled",
         "isValue":"false"
      },	  
      "value":[
         "pekin-*",
         "mallard-*",
         "call-*",
         "yak-*",
         "mute-swan-*",
		 "*-crow-*",
		 "fieldmus",
		 "squirrel-*",
		 "*-crow-*",
      ],
      "side":"server"
   },
   {
      "file":"game:entities/animal/mammal/bear-adult.json",
      "op":"addeach",
      "path":"/server/behaviors/9/aitasks/3/entityCodes/-",
      "condition":{
         "when":"CrittersNotASnackEnabled",
         "isValue":"false"
      },	  
      "value":[
         "pekin-*",
         "mallard-*",
         "call-*",
         "yak-*",
         "mute-swan-*",
		 "*-crow-*",
		 "fieldmus",
		 "squirrel-*",
		 "*-crow-*",
      ],
      "side":"server"
   }
]