{
	"editor": {
		"allAngles": false,
		"entityTextureMode": false
	},
	"textureWidth": 16,
	"textureHeight": 16,
	"textureSizes": {
	},
	"textures": {
		"milkportion": "game:block/liquid/milkportion",
		"purple5-b": "game:block/plant/flower/petal/lupine/purple5-b",
		"arctic-female": "game:entity/animal/mammal/fox/arctic-female",
		"black": "game:item/armor/cloth/black",
		"orange": "game:item/armor/cloth/orange",
		"white": "game:item/armor/cloth/white"
	},
	"elements": [
		{
			"name": "TabbyCat",
			"from": [ 4.5, 2.0, 2.0 ],
			"to": [ 11.5, 9.0, 15.0 ],
			"renderPass": 1,
			"rotationOrigin": [ 0.5, 0.0, 0.0 ],
			"faces": {
				"north": { "texture": "#orange", "uv": [ 0.0, 0.0, 4.0, 7.0 ], "rotation": 90, "autoUv": false },
				"east": { "texture": "#orange", "uv": [ 2.0, 4.0, 14.0, 16.0 ], "autoUv": false },
				"south": { "texture": "#orange", "uv": [ 0.5, 7.5, 7.5, 14.5 ] },
				"west": { "texture": "#orange", "uv": [ 2.0, 4.0, 14.0, 16.0 ], "autoUv": false },
				"up": { "texture": "#orange", "uv": [ 2.0, 4.0, 14.0, 16.0 ], "rotation": 90, "autoUv": false },
				"down": { "texture": "#orange", "uv": [ 0.0, 0.0, 7.0, 13.0 ] }
			},
			"children": [
				{
					"name": "Feet",
					"from": [ 0.0, -2.0, 10.0 ],
					"to": [ 1.0, -1.0, 10.0 ],
					"renderPass": 3,
					"rotationOrigin": [ 0.0, -2.0, -2.0 ],
					"faces": {
					},
					"children": [
						{
							"name": "LeftFront",
							"from": [ 0.3, 0.0, -0.5 ],
							"to": [ 2.3, 0.7, 1.5 ],
							"renderPass": 1,
							"rotationOrigin": [ 0.3, 0.0, -0.5 ],
							"faces": {
								"north": { "texture": "#arctic-female", "uv": [ 6.0, 2.0, 8.0, 2.5 ], "autoUv": false },
								"east": { "texture": "#arctic-female", "uv": [ 8.25, 7.75, 10.25, 8.25 ] },
								"south": { "texture": "#arctic-female", "uv": [ 10.5, 2.5, 12.5, 3.0 ] },
								"west": { "texture": "#arctic-female", "uv": [ 10.75, 1.75, 12.75, 2.25 ] },
								"up": { "texture": "#arctic-female", "uv": [ 0.0, 0.0, 2.0, 2.0 ] },
								"down": { "texture": "#arctic-female", "uv": [ 10.5, 1.0, 12.5, 3.0 ] }
							},
							"children": [
								{
									"name": "LeftFront2",
									"from": [ 0.0, 0.7, 0.0 ],
									"to": [ 2.0, 2.0, 2.0 ],
									"renderPass": 1,
									"rotationOrigin": [ 0.0, 0.7, 0.0 ],
									"faces": {
										"north": { "texture": "#orange", "uv": [ 12.0, 15.0, 14.0, 16.0 ] },
										"east": { "texture": "#orange", "uv": [ 2.0, 4.0, 4.0, 5.0 ] },
										"south": { "texture": "#orange", "uv": [ 3.0, 9.5, 5.0, 10.5 ] },
										"west": { "texture": "#orange", "uv": [ 2.0, 4.0, 4.0, 5.0 ] }
									}
								}
							]
						},
						{
							"name": "LeftRear",
							"from": [ 0.3, 0.0, -10.0 ],
							"to": [ 2.3, 0.7, -8.0 ],
							"renderPass": 1,
							"rotationOrigin": [ 0.3, 0.0, -10.0 ],
							"faces": {
								"north": { "texture": "#arctic-female", "uv": [ 12.5, 1.0, 14.5, 1.5 ] },
								"east": { "texture": "#arctic-female", "uv": [ 10.75, 1.75, 12.75, 2.25 ] },
								"south": { "texture": "#arctic-female", "uv": [ 10.5, 2.25, 12.5, 2.75 ] },
								"west": { "texture": "#arctic-female", "uv": [ 9.0, 2.25, 11.0, 2.75 ] },
								"up": { "texture": "#arctic-female", "uv": [ 10.0, 1.25, 12.0, 3.25 ] },
								"down": { "texture": "#arctic-female", "uv": [ 10.5, 1.25, 12.5, 3.25 ] }
							},
							"children": [
								{
									"name": "LeftRear2",
									"from": [ 0.0, 0.7, 0.0 ],
									"to": [ 2.0, 2.0, 2.0 ],
									"renderPass": 1,
									"rotationOrigin": [ 0.0, 0.7, 0.0 ],
									"faces": {
										"north": { "texture": "#orange", "uv": [ 0.0, 0.0, 2.0, 1.0 ] },
										"east": { "texture": "#orange", "uv": [ 0.0, 0.0, 2.0, 1.0 ] },
										"south": { "texture": "#orange", "uv": [ 0.0, 0.0, 2.0, 1.0 ] },
										"west": { "texture": "#orange", "uv": [ 0.0, 0.0, 2.0, 1.0 ] }
									}
								}
							]
						},
						{
							"name": "RightFront",
							"from": [ 4.7, 0.0, -0.5 ],
							"to": [ 6.7, 0.7, 1.5 ],
							"renderPass": 1,
							"rotationOrigin": [ 4.7, 0.0, -0.5 ],
							"faces": {
								"north": { "texture": "#arctic-female", "uv": [ 12.0, 1.75, 14.0, 2.25 ] },
								"east": { "texture": "#arctic-female", "uv": [ 12.0, 1.25, 14.0, 1.75 ] },
								"south": { "texture": "#arctic-female", "uv": [ 10.5, 2.0, 12.5, 2.5 ] },
								"west": { "texture": "#arctic-female", "uv": [ 11.0, 1.0, 13.0, 1.5 ] },
								"up": { "texture": "#arctic-female", "uv": [ 11.5, 0.5, 13.5, 2.5 ] },
								"down": { "texture": "#arctic-female", "uv": [ 10.5, 1.25, 12.5, 3.25 ] }
							},
							"children": [
								{
									"name": "RightFront1",
									"from": [ 0.0, 0.7, 0.0 ],
									"to": [ 2.0, 2.0, 2.0 ],
									"renderPass": 1,
									"rotationOrigin": [ 0.0, 0.7, 0.0 ],
									"faces": {
										"north": { "texture": "#orange", "uv": [ 0.0, 0.0, 2.0, 1.0 ] },
										"east": { "texture": "#orange", "uv": [ 0.0, 0.0, 2.0, 1.0 ] },
										"south": { "texture": "#orange", "uv": [ 0.0, 0.0, 2.0, 1.0 ] },
										"west": { "texture": "#orange", "uv": [ 0.0, 0.0, 2.0, 1.0 ] }
									}
								}
							]
						},
						{
							"name": "RightRear",
							"from": [ 4.7, 0.0, -10.0 ],
							"to": [ 6.7, 0.7, -8.0 ],
							"renderPass": 1,
							"rotationOrigin": [ 4.7, 0.0, -10.0 ],
							"faces": {
								"north": { "texture": "#arctic-female", "uv": [ 11.5, 6.5, 13.5, 7.0 ] },
								"east": { "texture": "#arctic-female", "uv": [ 10.0, 7.25, 12.0, 7.75 ] },
								"south": { "texture": "#arctic-female", "uv": [ 12.0, 1.75, 14.0, 2.25 ] },
								"west": { "texture": "#arctic-female", "uv": [ 12.5, 2.0, 14.5, 2.5 ] },
								"up": { "texture": "#arctic-female", "uv": [ 8.0, 3.75, 10.0, 5.75 ] },
								"down": { "texture": "#arctic-female", "uv": [ 10.25, 1.0, 12.25, 3.0 ] }
							},
							"children": [
								{
									"name": "RightRear1",
									"from": [ 0.0, 0.7, 0.0 ],
									"to": [ 2.0, 2.0, 2.0 ],
									"renderPass": 1,
									"rotationOrigin": [ 0.0, 0.7, 0.0 ],
									"faces": {
										"north": { "texture": "#orange", "uv": [ 0.0, 0.0, 2.0, 1.0 ] },
										"east": { "texture": "#orange", "uv": [ 0.0, 0.0, 2.0, 1.0 ] },
										"south": { "texture": "#orange", "uv": [ 0.0, 0.0, 2.0, 1.0 ] },
										"west": { "texture": "#orange", "uv": [ 0.0, 0.0, 2.0, 1.0 ] }
									}
								}
							]
						}
					]
				},
				{
					"name": "Tummy",
					"from": [ 0.0, -0.5, 2.0 ],
					"to": [ 7.0, 0.0, 9.0 ],
					"renderPass": 1,
					"rotationOrigin": [ 0.0, -0.5, 2.0 ],
					"faces": {
						"north": { "texture": "#milkportion", "uv": [ 0.0, 0.0, 6.6667, 0.6667 ] },
						"east": { "texture": "#milkportion", "uv": [ 0.0, 0.0, 6.6667, 0.6667 ] },
						"south": { "texture": "#milkportion", "uv": [ 0.0, 0.0, 6.6667, 0.6667 ] },
						"west": { "texture": "#milkportion", "uv": [ 0.0, 0.0, 6.6667, 0.6667 ] },
						"up": { "texture": "#milkportion", "uv": [ 0.0, 0.0, 6.6667, 6.6667 ] },
						"down": { "texture": "#milkportion", "uv": [ 0.0, 0.0, 6.6667, 6.6667 ] }
					},
					"children": [
						{
							"name": "TummyFront",
							"from": [ 2.0, 0.3, 7.02 ],
							"to": [ 5.0, 1.5, 9.02 ],
							"renderPass": 1,
							"rotationOrigin": [ 2.0, 0.0, 7.0 ],
							"faces": {
								"north": { "texture": "#milkportion", "uv": [ 0.0, 0.0, 2.6667, 0.6667 ] },
								"east": { "texture": "#milkportion", "uv": [ 0.0, 0.0, 2.0, 0.6667 ] },
								"south": { "texture": "#milkportion", "uv": [ 0.0, 0.0, 2.6667, 0.6667 ] },
								"west": { "texture": "#milkportion", "uv": [ 0.0, 0.0, 2.0, 0.6667 ] },
								"up": { "texture": "#milkportion", "uv": [ 0.0, 0.0, 2.6667, 2.0 ] },
								"down": { "texture": "#milkportion", "uv": [ 0.0, 0.0, 2.6667, 2.0 ] }
							}
						},
						{
							"name": "TummyBack",
							"from": [ 2.0, 0.0, -2.0 ],
							"to": [ 5.0, 0.5, 0.0 ],
							"renderPass": 1,
							"rotationOrigin": [ 2.0, 0.0, -2.0 ],
							"faces": {
								"north": { "texture": "#milkportion", "uv": [ 0.0, 0.0, 2.6667, 0.6667 ] },
								"east": { "texture": "#milkportion", "uv": [ 0.0, 0.0, 2.0, 0.6667 ] },
								"south": { "texture": "#milkportion", "uv": [ 0.0, 0.0, 2.6667, 0.6667 ] },
								"west": { "texture": "#milkportion", "uv": [ 0.0, 0.0, 2.0, 0.6667 ] },
								"up": { "texture": "#milkportion", "uv": [ 0.0, 0.0, 2.6667, 2.0 ] },
								"down": { "texture": "#milkportion", "uv": [ 0.0, 0.0, 2.6667, 2.0 ] }
							}
						}
					]
				},
				{
					"name": "Tail",
					"from": [ 2.5, 3.0, -2.0 ],
					"to": [ 4.5, 5.0, 0.0 ],
					"renderPass": 1,
					"rotationOrigin": [ 2.5, 3.0, 0.0 ],
					"rotationZ": 22.5,
					"faces": {
						"north": { "texture": "#orange", "uv": [ 0.5, 8.0, 3.5, 10.0 ], "autoUv": false },
						"east": { "texture": "#orange", "uv": [ 1.5, 8.5, 3.5, 11.5 ], "autoUv": false },
						"south": { "texture": "#orange", "uv": [ 8.0, 10.5, 10.0, 12.5 ] },
						"west": { "texture": "#orange", "uv": [ 3.5, 8.5, 5.5, 11.5 ], "autoUv": false },
						"up": { "texture": "#orange", "uv": [ 3.0, 8.0, 5.0, 10.0 ] },
						"down": { "texture": "#orange", "uv": [ 8.5, 10.0, 10.5, 12.0 ] }
					},
					"children": [
						{
							"name": "Tail1",
							"from": [ 0.0, 2.0, 0.0 ],
							"to": [ 2.0, 6.0, 1.5 ],
							"renderPass": 1,
							"rotationOrigin": [ 0.0, 2.0, 0.0 ],
							"faces": {
								"north": { "texture": "#orange", "uv": [ 3.0, 8.0, 5.0, 11.0 ], "autoUv": false },
								"east": { "texture": "#orange", "uv": [ 1.5, 8.0, 4.0, 11.0 ], "autoUv": false },
								"south": { "texture": "#orange", "uv": [ 1.5, 8.0, 4.5, 11.0 ], "autoUv": false },
								"west": { "texture": "#orange", "uv": [ 1.5, 8.0, 4.0, 11.0 ], "autoUv": false },
								"up": { "texture": "#orange", "uv": [ 5.5, 8.5, 7.5, 10.0 ] }
							}
						},
						{
							"name": "Tail2",
							"from": [ 0.0, 4.5, 1.5 ],
							"to": [ 2.0, 6.0, 6.5 ],
							"renderPass": 1,
							"rotationOrigin": [ 0.0, 4.5, 1.5 ],
							"rotationY": 7.0,
							"faces": {
								"east": { "texture": "#orange", "uv": [ 8.0, 8.0, 13.0, 10.5 ], "rotation": 180, "autoUv": false },
								"south": { "texture": "#orange", "uv": [ 5.0, 10.5, 7.0, 12.0 ] },
								"west": { "texture": "#orange", "uv": [ 8.0, 8.5, 13.0, 11.0 ], "autoUv": false },
								"up": { "texture": "#orange", "uv": [ 9.0, 8.5, 13.0, 10.5 ], "rotation": 90, "autoUv": false },
								"down": { "texture": "#orange", "uv": [ 9.0, 8.0, 13.0, 11.0 ], "autoUv": false }
							}
						},
						{
							"name": "Tail3",
							"from": [ 0.4, 4.5, 5.5 ],
							"to": [ 2.5, 6.1, 6.5 ],
							"renderPass": 1,
							"rotationOrigin": [ 0.4, 4.5, 5.5 ],
							"rotationY": 7.0,
							"faces": {
								"east": { "texture": "#arctic-female", "uv": [ 8.0, 8.0, 13.0, 10.5 ], "rotation": 180, "autoUv": false },
								"south": { "texture": "#arctic-female", "uv": [ 5.0, 10.5, 7.0, 12.0 ] },
								"west": { "texture": "#arctic-female", "uv": [ 8.0, 8.5, 13.0, 11.0 ], "autoUv": false },
								"up": { "texture": "#arctic-female", "uv": [ 9.0, 8.5, 13.0, 10.5 ], "rotation": 90, "autoUv": false },
								"down": { "texture": "#arctic-female", "uv": [ 9.0, 8.0, 13.0, 11.0 ], "autoUv": false }
							}
						}
					]
				},
				{
					"name": "Mouth",
					"from": [ 1.5, 1.5, 13.0 ],
					"to": [ 3.0, 3.5, 14.0 ],
					"renderPass": 1,
					"rotationOrigin": [ 1.5, 1.5, 13.0 ],
					"faces": {
						"north": { "texture": "#milkportion", "uv": [ 0.0, 0.0, 1.3333, 2.0 ] },
						"east": { "texture": "#milkportion", "uv": [ 0.0, 0.0, 0.6667, 2.0 ] },
						"south": { "texture": "#milkportion", "uv": [ 1.3333, 7.3333, 2.6667, 9.3333 ] },
						"west": { "texture": "#milkportion", "uv": [ 0.0, 0.0, 0.6667, 2.0 ] },
						"up": { "texture": "#milkportion", "uv": [ 0.0, 0.0, 1.3333, 0.6667 ] },
						"down": { "texture": "#milkportion", "uv": [ 0.0, 0.0, 1.3333, 0.6667 ] }
					},
					"children": [
						{
							"name": "Mouth2",
							"from": [ 2.5, 0.0, 0.0 ],
							"to": [ 4.0, 2.0, 1.0 ],
							"renderPass": 1,
							"rotationOrigin": [ 2.5, 0.0, 0.0 ],
							"faces": {
								"north": { "texture": "#milkportion", "uv": [ 0.0, 0.0, 1.3333, 2.0 ] },
								"east": { "texture": "#milkportion", "uv": [ 0.0, 0.0, 0.6667, 2.0 ] },
								"south": { "texture": "#milkportion", "uv": [ 1.3333, 6.6667, 2.6667, 8.6667 ] },
								"west": { "texture": "#milkportion", "uv": [ 0.0, 0.0, 0.6667, 2.0 ] },
								"up": { "texture": "#milkportion", "uv": [ 0.0, 0.0, 1.3333, 0.6667 ] },
								"down": { "texture": "#milkportion", "uv": [ 0.0, 0.0, 1.3333, 0.6667 ] }
							}
						},
						{
							"name": "Mouth3",
							"from": [ 1.5, 0.6, 0.0 ],
							"to": [ 2.5, 1.4, 1.0 ],
							"renderPass": 1,
							"rotationOrigin": [ 1.5, 0.6, 0.0 ],
							"faces": {
								"north": { "texture": "#milkportion", "uv": [ 0.0, 0.0, 0.6667, 0.6667 ] },
								"east": { "texture": "#milkportion", "uv": [ 0.0, 0.0, 0.6667, 0.6667 ] },
								"south": { "texture": "#milkportion", "uv": [ 8.0, 4.6667, 8.6667, 5.3333 ] },
								"west": { "texture": "#milkportion", "uv": [ 0.0, 0.0, 0.6667, 0.6667 ] },
								"up": { "texture": "#milkportion", "uv": [ 0.0, 0.0, 0.6667, 0.6667 ] },
								"down": { "texture": "#milkportion", "uv": [ 0.0, 0.0, 0.6667, 0.6667 ] }
							}
						},
						{
							"name": "Nose",
							"from": [ 1.5, 1.4, 0.0 ],
							"to": [ 2.5, 2.0, 1.1 ],
							"renderPass": 1,
							"rotationOrigin": [ 1.5, 1.4, 0.0 ],
							"faces": {
								"north": { "texture": "#purple5-b", "uv": [ 7.5, 9.0, 8.5, 9.3333 ] },
								"east": { "texture": "#purple5-b", "uv": [ 8.0, 8.6667, 9.0, 9.0 ] },
								"south": { "texture": "#purple5-b", "uv": [ 7.5, 8.6667, 8.5, 9.0 ] },
								"west": { "texture": "#purple5-b", "uv": [ 8.0, 8.6667, 9.0, 9.0 ] },
								"up": { "texture": "#purple5-b", "uv": [ 7.5, 9.3333, 8.5, 10.3333 ] },
								"down": { "texture": "#purple5-b", "uv": [ 7.5, 9.0, 8.5, 10.0 ] }
							}
						},
						{
							"name": "WhiskersW",
							"from": [ 2.0, 0.0, 1.0 ],
							"to": [ 2.0, 0.0, 1.0 ],
							"shade": false,
							"rotationOrigin": [ 2.0, 0.0, 1.0 ],
							"faces": {
							},
							"children": [
								{
									"name": "Whiskers1",
									"from": [ -3.0, 1.2, -0.8 ],
									"to": [ -2.0, 1.7, -0.3 ],
									"renderPass": 1,
									"rotationOrigin": [ -3.0, 1.2, -0.8 ],
									"faces": {
										"north": { "texture": "#milkportion", "uv": [ 0.0, 0.0, 0.6667, 0.6667 ] },
										"east": { "texture": "#milkportion", "uv": [ 0.0, 0.0, 0.6667, 0.6667 ] },
										"south": { "texture": "#milkportion", "uv": [ 0.0, 0.0, 0.6667, 0.6667 ] },
										"west": { "texture": "#milkportion", "uv": [ 0.0, 0.0, 0.6667, 0.6667 ] },
										"up": { "texture": "#milkportion", "uv": [ 0.0, 0.0, 0.6667, 0.6667 ] },
										"down": { "texture": "#milkportion", "uv": [ 0.0, 0.0, 1.0, 0.5 ] }
									}
								},
								{
									"name": "Whiskers2",
									"from": [ -3.0, 0.4, -0.8 ],
									"to": [ -2.0, 0.9, -0.3 ],
									"renderPass": 1,
									"rotationOrigin": [ -3.0, 0.4, -0.8 ],
									"faces": {
										"north": { "texture": "#milkportion", "uv": [ 0.0, 0.0, 0.6667, 0.6667 ] },
										"east": { "texture": "#milkportion", "uv": [ 0.0, 0.0, 0.6667, 0.6667 ] },
										"south": { "texture": "#milkportion", "uv": [ 0.0, 0.0, 0.6667, 0.6667 ] },
										"west": { "texture": "#milkportion", "uv": [ 0.0, 0.0, 0.6667, 0.6667 ] },
										"up": { "texture": "#milkportion", "uv": [ 0.0, 0.0, 0.6667, 0.6667 ] },
										"down": { "texture": "#milkportion", "uv": [ 0.0, 0.0, 1.0, 0.5 ] }
									}
								}
							]
						},
						{
							"name": "WhiskersE",
							"from": [ -2.0, 0.0, 1.0 ],
							"to": [ -2.0, 0.0, 1.0 ],
							"shade": false,
							"rotationOrigin": [ -2.0, 0.0, 1.0 ],
							"faces": {
							},
							"children": [
								{
									"name": "Whiskers3",
									"from": [ 6.0, 0.4, -0.8 ],
									"to": [ 7.0, 0.9, -0.3 ],
									"renderPass": 1,
									"rotationOrigin": [ 6.0, 0.4, -0.8 ],
									"faces": {
										"north": { "texture": "#milkportion", "uv": [ 0.0, 0.0, 0.6667, 0.6667 ] },
										"east": { "texture": "#milkportion", "uv": [ 0.0, 0.0, 0.6667, 0.6667 ] },
										"south": { "texture": "#milkportion", "uv": [ 0.0, 0.0, 0.6667, 0.6667 ] },
										"west": { "texture": "#milkportion", "uv": [ 0.0, 0.0, 0.6667, 0.6667 ] },
										"up": { "texture": "#milkportion", "uv": [ 0.0, 0.0, 0.6667, 0.6667 ] },
										"down": { "texture": "#milkportion", "uv": [ 0.0, 0.0, 1.0, 0.5 ] }
									}
								},
								{
									"name": "Whiskers4",
									"from": [ 6.0, 1.2, -0.8 ],
									"to": [ 7.0, 1.7, -0.3 ],
									"renderPass": 1,
									"rotationOrigin": [ 6.0, 1.2, -0.8 ],
									"faces": {
										"north": { "texture": "#milkportion", "uv": [ 0.0, 0.0, 0.6667, 0.6667 ] },
										"east": { "texture": "#milkportion", "uv": [ 0.0, 0.0, 0.6667, 0.6667 ] },
										"south": { "texture": "#milkportion", "uv": [ 0.0, 0.0, 0.6667, 0.6667 ] },
										"west": { "texture": "#milkportion", "uv": [ 0.0, 0.0, 0.6667, 0.6667 ] },
										"up": { "texture": "#milkportion", "uv": [ 0.0, 0.0, 0.6667, 0.6667 ] },
										"down": { "texture": "#milkportion", "uv": [ 0.0, 0.0, 1.0, 0.5 ] }
									}
								}
							]
						}
					]
				},
				{
					"name": "LeftEar",
					"from": [ 0.5, 7.2, 10.5 ],
					"to": [ 2.5, 8.7, 11.3 ],
					"renderPass": 1,
					"rotationOrigin": [ 0.5, 7.2, 10.5 ],
					"rotationX": 22.5,
					"rotationY": -11.0,
					"faces": {
						"north": { "texture": "#orange", "uv": [ 12.0, 14.5, 14.0, 16.0 ] },
						"east": { "texture": "#orange", "uv": [ 2.0, 4.0, 2.5, 5.5 ] },
						"south": { "texture": "#arctic-female", "uv": [ 5.75, 0.0, 7.35, 1.3 ], "autoUv": false },
						"west": { "texture": "#orange", "uv": [ 2.0, 4.0, 2.5, 5.5 ] },
						"up": { "texture": "#orange", "uv": [ 2.0, 4.0, 4.0, 4.5 ] },
						"down": { "texture": "#orange", "uv": [ 2.0, 4.0, 4.0, 4.5 ] }
					},
					"children": [
						{
							"name": "LeftEar1",
							"from": [ 0.0, 0.0, 0.8 ],
							"to": [ 0.5, 1.0, 1.0 ],
							"renderPass": 1,
							"rotationOrigin": [ 0.0, 0.0, 0.8 ],
							"faces": {
								"north": { "texture": "#orange", "uv": [ 2.0, 4.0, 2.5, 5.0 ] },
								"east": { "texture": "#orange", "uv": [ 2.0, 4.0, 2.5, 5.0 ] },
								"south": { "texture": "#orange", "uv": [ 2.0, 4.0, 2.5, 5.0 ] },
								"west": { "texture": "#orange", "uv": [ 2.0, 4.0, 2.5, 5.0 ] },
								"up": { "texture": "#orange", "uv": [ 2.0, 4.0, 2.5, 4.5 ] },
								"down": { "texture": "#orange", "uv": [ 2.0, 4.0, 2.5, 4.5 ] }
							}
						},
						{
							"name": "LeftEar2",
							"from": [ 1.5, 0.0, 0.8 ],
							"to": [ 2.0, 1.0, 1.0 ],
							"renderPass": 1,
							"rotationOrigin": [ 1.5, 0.0, 0.8 ],
							"faces": {
								"north": { "texture": "#orange", "uv": [ 2.0, 4.0, 2.5, 5.0 ] },
								"east": { "texture": "#orange", "uv": [ 2.0, 4.0, 2.5, 5.0 ] },
								"south": { "texture": "#orange", "uv": [ 2.0, 4.0, 2.5, 5.0 ] },
								"west": { "texture": "#orange", "uv": [ 2.0, 4.0, 2.5, 5.0 ] },
								"up": { "texture": "#orange", "uv": [ 2.0, 4.0, 2.5, 4.5 ] },
								"down": { "texture": "#orange", "uv": [ 2.0, 4.0, 2.5, 4.5 ] }
							}
						},
						{
							"name": "LeftEar3",
							"from": [ 0.0, 1.0, 0.8 ],
							"to": [ 2.0, 1.5, 1.0 ],
							"renderPass": 1,
							"rotationOrigin": [ 0.0, 1.0, 0.8 ],
							"faces": {
								"north": { "texture": "#orange", "uv": [ 2.0, 4.0, 4.0, 4.5 ] },
								"east": { "texture": "#orange", "uv": [ 2.0, 4.0, 2.5, 4.5 ] },
								"south": { "texture": "#orange", "uv": [ 2.0, 4.0, 4.0, 4.5 ] },
								"west": { "texture": "#orange", "uv": [ 2.0, 4.0, 2.5, 4.5 ] },
								"up": { "texture": "#orange", "uv": [ 2.0, 4.0, 4.0, 4.5 ] },
								"down": { "texture": "#orange", "uv": [ 2.0, 4.0, 4.0, 4.5 ] }
							}
						}
					]
				},
				{
					"name": "RightEar",
					"from": [ 4.5, 7.0, 11.5 ],
					"to": [ 6.5, 8.5, 12.3 ],
					"renderPass": 1,
					"rotationOrigin": [ 4.5, 7.0, 11.5 ],
					"rotationX": 22.5,
					"rotationY": 11.0,
					"faces": {
						"north": { "texture": "#orange", "uv": [ 2.0, 4.0, 4.0, 5.5 ] },
						"east": { "texture": "#orange", "uv": [ 2.0, 4.0, 2.5, 5.5 ] },
						"south": { "texture": "#arctic-female", "uv": [ 6.0, 0.0, 7.4, 1.3 ], "autoUv": false },
						"west": { "texture": "#orange", "uv": [ 2.0, 4.0, 2.5, 5.5 ] },
						"up": { "texture": "#orange", "uv": [ 2.0, 4.0, 4.0, 4.5 ] },
						"down": { "texture": "#orange", "uv": [ 2.0, 4.0, 4.0, 4.5 ] }
					},
					"children": [
						{
							"name": "RightEar1",
							"from": [ 0.0, 0.0, 0.8 ],
							"to": [ 0.5, 1.0, 1.0 ],
							"renderPass": 1,
							"rotationOrigin": [ 0.0, 0.0, 0.8 ],
							"faces": {
								"north": { "texture": "#orange", "uv": [ 2.0, 4.0, 2.5, 5.0 ] },
								"east": { "texture": "#orange", "uv": [ 2.0, 4.0, 2.5, 5.0 ] },
								"south": { "texture": "#orange", "uv": [ 2.0, 4.0, 2.5, 5.0 ] },
								"west": { "texture": "#orange", "uv": [ 2.0, 4.0, 2.5, 5.0 ] },
								"up": { "texture": "#orange", "uv": [ 2.0, 4.0, 2.5, 4.5 ] },
								"down": { "texture": "#orange", "uv": [ 2.0, 4.0, 2.5, 4.5 ] }
							}
						},
						{
							"name": "RightEar3",
							"from": [ 0.0, 1.0, 0.8 ],
							"to": [ 2.0, 1.5, 1.0 ],
							"renderPass": 1,
							"rotationOrigin": [ 0.0, 1.0, 0.8 ],
							"faces": {
								"north": { "texture": "#orange", "uv": [ 2.0, 4.0, 4.0, 4.5 ] },
								"east": { "texture": "#orange", "uv": [ 2.0, 4.0, 2.5, 4.5 ] },
								"south": { "texture": "#orange", "uv": [ 2.0, 4.0, 4.0, 4.5 ] },
								"west": { "texture": "#orange", "uv": [ 2.0, 4.0, 2.5, 4.5 ] },
								"up": { "texture": "#orange", "uv": [ 2.0, 4.0, 4.0, 4.5 ] },
								"down": { "texture": "#orange", "uv": [ 2.0, 4.0, 4.0, 4.5 ] }
							}
						},
						{
							"name": "RightEar2",
							"from": [ 1.5, 0.0, 0.8 ],
							"to": [ 2.0, 1.0, 1.0 ],
							"renderPass": 1,
							"rotationOrigin": [ 1.5, 0.0, 0.8 ],
							"faces": {
								"north": { "texture": "#orange", "uv": [ 2.0, 4.0, 2.5, 5.0 ] },
								"east": { "texture": "#orange", "uv": [ 2.0, 4.0, 2.5, 5.0 ] },
								"south": { "texture": "#orange", "uv": [ 2.0, 4.0, 2.5, 5.0 ] },
								"west": { "texture": "#orange", "uv": [ 2.0, 4.0, 2.5, 5.0 ] },
								"up": { "texture": "#orange", "uv": [ 2.0, 4.0, 2.5, 4.5 ] },
								"down": { "texture": "#orange", "uv": [ 2.0, 4.0, 2.5, 4.5 ] }
							}
						}
					]
				},
				{
					"name": "LeftEye",
					"from": [ 1.3, 4.0, 13.0 ],
					"to": [ 3.0, 5.7, 13.1 ],
					"renderPass": 1,
					"rotationOrigin": [ 1.3, 4.0, 13.0 ],
					"faces": {
						"south": { "texture": "#white", "uv": [ 0.0, 0.0, 1.5, 1.5 ], "windMode": [-1,-1,-1,-1] }
					},
					"children": [
						{
							"name": "LeftEyeBlack",
							"from": [ 0.1, 0.3, 0.12 ],
							"to": [ 1.7, 1.8, 0.12 ],
							"renderPass": 2,
							"rotationOrigin": [ 0.1, 0.3, 0.2 ],
							"faces": {
								"south": { "texture": "#black", "uv": [ 0.0, 0.0, 1.5, 1.5 ] }
							}
						},
						{
							"name": "WhiteDotL",
							"from": [ 1.0, 0.9, 0.13 ],
							"to": [ 1.5, 1.4, 0.13 ],
							"shade": false,
							"rotationOrigin": [ -0.2, -0.3, -0.1 ],
							"faces": {
								"south": { "texture": "#milkportion", "uv": [ 0.0, 0.0, 0.6667, 0.6667 ] }
							}
						},
						{
							"name": "Brow1",
							"from": [ 0.0, 2.0, 0.0 ],
							"to": [ 1.4, 2.4, 0.1 ],
							"rotationOrigin": [ 0.0, 2.0, 0.0 ],
							"rotationZ": -4.0,
							"faces": {
								"north": { "texture": "#milkportion", "uv": [ 0.0, 0.0, 1.3333, 0.6667 ] },
								"east": { "texture": "#milkportion", "uv": [ 0.0, 0.0, 0.6667, 0.6667 ] },
								"south": { "texture": "#milkportion", "uv": [ 0.0, 0.0, 1.3333, 0.6667 ] },
								"west": { "texture": "#milkportion", "uv": [ 0.0, 0.0, 0.6667, 0.6667 ] },
								"up": { "texture": "#milkportion", "uv": [ 0.0, 0.0, 1.3333, 0.6667 ] },
								"down": { "texture": "#milkportion", "uv": [ 0.0, 0.0, 1.3333, 0.6667 ] }
							}
						}
					]
				},
				{
					"name": "RightEye",
					"from": [ 4.3, 4.0, 13.0 ],
					"to": [ 6.0, 5.7, 13.1 ],
					"renderPass": 1,
					"rotationOrigin": [ 4.3, 4.0, 13.0 ],
					"faces": {
						"south": { "texture": "#white", "uv": [ 0.0, 0.0, 1.5, 1.5 ] }
					},
					"children": [
						{
							"name": "RightEyeBlack",
							"from": [ 0.0, 0.3, 0.12 ],
							"to": [ 1.5, 1.8, 0.12 ],
							"renderPass": 2,
							"rotationOrigin": [ 0.0, 0.3, 0.1 ],
							"faces": {
								"south": { "texture": "#black", "uv": [ 0.0, 0.0, 1.5, 1.5 ], "windMode": [-1,-1,-1,-1] }
							}
						},
						{
							"name": "WhiteDotR",
							"from": [ 0.2, 0.9, 0.13 ],
							"to": [ 0.7, 1.4, 0.13 ],
							"shade": false,
							"rotationOrigin": [ 0.2, -0.3, 0.0 ],
							"faces": {
								"south": { "texture": "#milkportion", "uv": [ 0.0, 0.0, 0.6667, 0.6667 ] }
							}
						},
						{
							"name": "Brow2",
							"from": [ 0.0, 2.0, 0.0 ],
							"to": [ 1.4, 2.4, 0.1 ],
							"rotationOrigin": [ 0.0, 2.0, 0.0 ],
							"faces": {
								"north": { "texture": "#milkportion", "uv": [ 0.0, 0.0, 1.3333, 0.6667 ] },
								"east": { "texture": "#milkportion", "uv": [ 0.0, 0.0, 0.6667, 0.6667 ] },
								"south": { "texture": "#milkportion", "uv": [ 0.0, 0.0, 1.3333, 0.6667 ] },
								"west": { "texture": "#milkportion", "uv": [ 0.0, 0.0, 0.6667, 0.6667 ] },
								"up": { "texture": "#milkportion", "uv": [ 0.0, 0.0, 1.3333, 0.6667 ] },
								"down": { "texture": "#milkportion", "uv": [ 0.0, 0.0, 1.3333, 0.6667 ] }
							}
						}
					]
				}
			]
		}
	]}