[{
	"ingredientPattern": "KB",
	"ingredients": {
		"K": { "type": "item", "code": "game:knife-generic-*", "isTool": true, "toolDurabilityCost": 1 },
		"B": { "type": "block", "code": "game:seaweed-*" },
	},
	"width": 2,
	"height": 1,
	"shapeless": false,
	"output": { "type": "item", "code": "pemmican:algae-grind-green", "quantity": 1 }
},
{
	"ingredientPattern": "KB",
	"ingredients": {
		"K": { "type": "item", "code": "game:knife-generic-*", "isTool": true, "toolDurabilityCost": 1 },
		"B": { "type": "block", "code": "game:aquatic-seagrass-yellow-section" },
	},
	"width": 2,
	"height": 1,
	"shapeless": false,
	"output": { "type": "item", "code": "pemmican:algae-grind-green", "quantity": 1 }
},
{
	"ingredientPattern": "KB",
	"ingredients": {
		"K": { "type": "item", "code": "game:knife-generic-*", "isTool": true, "toolDurabilityCost": 1 },
		"B": { "type": "block", "code": "game:aquatic-seagrass-green-section" },
	},
	"width": 2,
	"height": 1,
	"shapeless": false,
	"output": { "type": "item", "code": "pemmican:algae-grind-green", "quantity": 1 }
},
{
	"ingredientPattern": "KB",
	"ingredients": {
		"K": { "type": "item", "code": "game:knife-generic-*", "isTool": true, "toolDurabilityCost": 1 },
		"B": { "type": "block", "code": "game:aquatic-seagrass-orange-section" },
	},
	"width": 2,
	"height": 1,
	"shapeless": false,
	"output": { "type": "item", "code": "pemmican:algae-grind-brown", "quantity": 1 }
},
{
	"ingredientPattern": "KB",
	"ingredients": {
		"K": { "type": "item", "code": "game:knife-generic-*", "isTool": true, "toolDurabilityCost": 1 },
		"B": { "type": "block", "code": "game:aquatic-seagrass-red-section" },
	},
	"width": 2,
	"height": 1,
	"shapeless": false,
	"output": { "type": "item", "code": "pemmican:algae-grind-red", "quantity": 1 }
},
{
	"ingredientPattern": "K,B",
	"ingredients": {
		"K": { "type": "item", "code": "pemmican:algae-grind-brown" },
		"B": { "type": "item", "code": "game:rot" },
	},
	"width": 2,
	"height": 1,
	"shapeless": true,
	"output": { "type": "item", "code": "pemmican:algaefertilizer-raw", "quantity": 1 }
},
{
	"ingredientPattern": "K,B",
	"ingredients": {
		"K": { "type": "item", "code": "pemmican:algae-grind-brown" },
		"B": { "type": "item", "code": "pemmican:algae-grind-green" },
	},
	"width": 2,
	"height": 1,
	"shapeless": true,
	"output": { "type": "item", "code": "pemmican:algaefertilizer-raw", "quantity": 1 }
},
{
	"ingredientPattern": "K,B",
	"ingredients": {
		"K": { "type": "item", "code": "pemmican:algae-grind-brown" },
		"B": { "type": "item", "code": "pemmican:algae-grind-red" },
	},
	"width": 2,
	"height": 1,
	"shapeless": true,
	"output": { "type": "item", "code": "pemmican:algaefertilizer-raw", "quantity": 1 }
},
{
	"ingredientPattern": "KK",
	"ingredients": {
		"K": { "type": "item", "code": "pemmican:algae-fiber" },
	},
	"width": 2,
	"height": 1,
	"shapeless": true,
	"output": { "type": "item", "code": "game:flaxtwine", "quantity": 1 }
},
{
      "ingredientPattern": "S",
	  "enabled": false,
      "ingredients": {
        "S": { "type": "item", "code": "pemmican:algae-grind-green" }
      },
      "name": "seaweed",
      "width": 1,
      "height": 1,
      "shapeless": false,
      "output": { "type": "item", "code": "expandedfoods:driedseaweed-sheet" }
    },
]