[
{
	"ingredientPattern": "MMM,MGM,MMM",
	"ingredients": {
		"M": { "type": "block", "code": "game:mushroom-almondmushroom-normal" },
		"G": { "type": "item", "code": "game:grain-*", "allowedVariants": ["spelt", "rye"]},
	},
	"width": 3,
	"height": 3,
	"shapeless": true,
	"output": { "type": "item", "code": "pemmican:yeast-ale", "quantity": 1 }
},
{
	"ingredientPattern": "MMM,MGM,MMM",
	"ingredients": {
		"M": { "type": "block", "code": "game:mushroom-paddystraw-normal" },
		"G": { "type": "item", "code": "game:grain-*", "allowedVariants": ["spelt", "rye"]},
	},
	"width": 3,
	"height": 3,
	"shapeless": true,
	"output": { "type": "item", "code": "pemmican:yeast-ale", "quantity": 1 }
},
{
	"ingredientPattern": "MMM,MGM,MMM",
	"ingredients": {
		"M": { "type": "block", "code": "game:mushroom-fieldmushroom-normal" },
		"G": { "type": "item", "code": "game:grain-*", "allowedVariants": ["spelt", "rye"]},
	},
	"width": 3,
	"height": 3,
	"shapeless": true,
	"output": { "type": "item", "code": "pemmican:yeast-ale", "quantity": 1 }
},

{
	"ingredientPattern": "MMM,MGM,MMM",
	"ingredients": {
		"M": { "type": "block", "code": "game:mushroom-beardedtooth-normal-north" },
		"G": { "type": "item", "code": "game:grain-*", "allowedVariants": ["spelt", "rye"]},
	},
	"width": 3,
	"height": 3,
	"shapeless": true,
	"output": { "type": "item", "code": "pemmican:yeast-forest", "quantity": 1 }
},
{
	"ingredientPattern": "MMM,MGM,MMM",
	"ingredients": {
		"M": { "type": "block", "code": "game:mushroom-shiitake-normal-north" },
		"G": { "type": "item", "code": "game:grain-*", "allowedVariants": ["spelt", "rye"]},
	},
	"width": 3,
	"height": 3,
	"shapeless": true,
	"output": { "type": "item", "code": "pemmican:yeast-forest", "quantity": 1 }
},
{
	"ingredientPattern": "MMM,MGM,MMM",
	"ingredients": {
		"M": { "type": "block", "code": "game:mushroom-whiteoyster-normal-north" },
		"G": { "type": "item", "code": "game:grain-*", "allowedVariants": ["spelt", "rye"]},
	},
	"width": 3,
	"height": 3,
	"shapeless": true,
	"output": { "type": "item", "code": "pemmican:yeast-forest", "quantity": 1 }
},
]