[
{
	"ingredientPattern": "R,P,C",
	"ingredients": {
		"R": { "type": "item", "code": "game:rope" },
		"P": { "type": "item", "code": "pemmican:chips-potato", "quantity": 5 },
		"C": { "type": "block", "code": "game:rushmat" }
	},
	"width": 1,
	"height": 3,
	"shapeless": true,
	"output": { "type": "item", "code": "pemmican:chips-pack", "quantity": 1 }
},
{
	"ingredientPattern": "K,P",
	"ingredients": {
		"K": { "type": "item", "code": "game:knife-generic-*", "isTool": true, "toolDurabilityCost": 1 },
		"P": { "type": "item", "code": "pemmican:chips-pack", "quantity": 1 },
	},
	"width": 1,
	"height": 2,
	"shapeless": true,
	"output": { "type": "item", "code": "pemmican:chips-potato", "quantity": 5 }
}
]