[
{
	"ingredientPattern": "NW,G_",
	"ingredients": {
		"N": { "type": "item", "code": "game:knife-generic-*", "isTool": true, "toolDurabilityCost": 1 },
		"W": { "type": "block", "code": "game:woodbucket" },
		"G": { "type": "block", "code": "game:mushroom-*-normal",  "name": "variant", "allowedVariants": ["livermushroom", "shiitake", "fieldmushroom", "almondmushroom", "blacktrumpet", "chanterelle", "commonmorel", "greencrackedrussula", "indigomilkcap", "kingbolete", "lobster", "orangeoatbolete", "paddystraw", "puffball", "redwinecap", "saffronmilkcap", "violetwebcap", "beardedtooth", "whiteoyster", "pinkoyster", "witchcap", "dryadsaddle", "tinderhoof", "chickenofthewoods", "reishi", "deerear", 
		"aniseedfunnel", "aspenbolete", "birchbolete", "blewit","bluechanterelle", "candycap", "coccora", "flattoppedclubcoral", "friedchickenmushroom", "hawkwing", "hedgehogmushroom", "honeymushroom", "matsutake", "parasol", "purplefairyclub", "queenbolete","redramaria", "shaggymane", "shrimpmushroom", "slipperyjack", "stinkhorn", "winterchanterelle", "beefsteakfungus"]  }
	},
	"width": 2,
	"height": 2,
	"shapeless": true,
	"attributes": {
		"liquidContainerProps": {
			"requiresContent": { "type": "item", "code": "waterportion" },
			"requiresLitres": 0.5
		}
	},
	"output": { "type": "item", "code": "pemmican:mushroomclean-raw", "quantity": 1 }
},
{
	"ingredientPattern": "NW,G_",
	"ingredients": {
		"N": { "type": "item", "code": "game:knife-generic-*", "isTool": true, "toolDurabilityCost": 1 },
		"W": { "type": "block", "code": "game:bowl-*-fired" },
		"G": { "type": "block", "code": "game:mushroom-*-normal",  "name": "variant", "allowedVariants": ["livermushroom", "shiitake", "fieldmushroom", "almondmushroom", "blacktrumpet", "chanterelle", "commonmorrel", "greencrackedrussula", "indigomilkcap", "kingbolete", "lobster", "orangeoatbolete", "paddystraw", "puffball", "redwinecap", "saffronmilkcap", "violetwebcap", "beardedtooth", "whiteoyster", "pinkoyster", "witchcap", "dryadsaddle", "tinderhoof", "chickenofthewoods", "reishi", "deerear",
				"aniseedfunnel", "aspenbolete", "birchbolete", "blewit","bluechanterelle", "candycap", "coccora", "flattoppedclubcoral", "friedchickenmushroom", "hawkwing", "hedgehogmushroom", "honeymushroom", "matsutake", "parasol", "purplefairyclub", "queenbolete","redramaria", "shaggymane", "shrimpmushroom", "slipperyjack", "stinkhorn", "winterchanterelle", "beefsteakfungus"]  }
	},
	"width": 2,
	"height": 2,
	"shapeless": true,
	"attributes": {
		"liquidContainerProps": {
			"requiresContent": { "type": "item", "code": "waterportion" },
			"requiresLitres": 0.5
		}
	},
	"output": { "type": "item", "code": "pemmican:mushroomclean-raw", "quantity": 1 }
},{
	"ingredientPattern": "NW,G_",
	"ingredients": {
		"N": { "type": "item", "code": "game:knife-generic-*", "isTool": true, "toolDurabilityCost": 1 },
		"W": { "type": "block", "code": "game:jug-*-fired" },
		"G": { "type": "block", "code": "game:mushroom-*-normal",  "name": "variant", "allowedVariants": ["livermushroom", "shiitake", "fieldmushroom", "almondmushroom", "blacktrumpet", "chanterelle", "commonmorrel", "greencrackedrussula", "indigomilkcap", "kingbolete", "lobster", "orangeoatbolete", "paddystraw", "puffball", "redwinecap", "saffronmilkcap", "violetwebcap", "beardedtooth", "whiteoyster", "pinkoyster", "witchcap", "dryadsaddle", "tinderhoof", "chickenofthewoods", "reishi", "deerear",
				"aniseedfunnel", "aspenbolete", "birchbolete", "blewit","bluechanterelle", "candycap", "coccora", "flattoppedclubcoral", "friedchickenmushroom", "hawkwing", "hedgehogmushroom", "honeymushroom", "matsutake", "parasol", "purplefairyclub", "queenbolete","redramaria", "shaggymane", "shrimpmushroom", "slipperyjack", "stinkhorn", "winterchanterelle", "beefsteakfungus"]  }
	},
	"width": 2,
	"height": 2,
	"shapeless": true,
	"attributes": {
		"liquidContainerProps": {
			"requiresContent": { "type": "item", "code": "waterportion" },
			"requiresLitres": 0.5
		}
	},
	"output": { "type": "item", "code": "pemmican:mushroomclean-raw", "quantity": 1 }
},
{
	"ingredientPattern": "NW,G_",
	"ingredients": {
		"N": { "type": "item", "code": "game:knife-generic-*", "isTool": true, "toolDurabilityCost": 1 },
		"W": { "type": "block", "code": "game:woodbucket" },
		"G": { "type": "block", "code": "game:mushroom-*-normal-north",  "name": "variant", "allowedVariants": ["beardedtooth", "dryadsaddle", "pinkoyster", "tinderhoof", "chickenofthewoods", "reishi", "deerear", "whiteoyster", "shiitake", "livermushroom",
		"beefsteakfungus"]  }
	},
	"width": 2,
	"height": 2,
	"shapeless": true,
	"attributes": {
		"liquidContainerProps": {
			"requiresContent": { "type": "item", "code": "waterportion" },
			"requiresLitres": 0.5
		}
	},
	"output": { "type": "item", "code": "pemmican:mushroomclean-raw", "quantity": 1 }
},
{
	"ingredientPattern": "NW,G_",
	"ingredients": {
		"N": { "type": "item", "code": "game:knife-generic-*", "isTool": true, "toolDurabilityCost": 1 },
		"W": { "type": "block", "code": "game:bowl-*-fired" },
		"G": { "type": "block", "code": "game:mushroom-*-normal-north",  "name": "variant", "allowedVariants": ["beardedtooth", "dryadsaddle", "pinkoyster", "tinderhoof", "chickenofthewoods", "reishi", "deerear", "whiteoyster", "shiitake", "livermushroom",
		"beefsteakfungus"]  }
		},
	"width": 2,
	"height": 2,
	"shapeless": true,
	"attributes": {
		"liquidContainerProps": {
			"requiresContent": { "type": "item", "code": "waterportion" },
			"requiresLitres": 0.5
		}
	},
	"output": { "type": "item", "code": "pemmican:mushroomclean-raw", "quantity": 1 }
},{
	"ingredientPattern": "NW,G_",
	"ingredients": {
		"N": { "type": "item", "code": "game:knife-generic-*", "isTool": true, "toolDurabilityCost": 1 },
		"W": { "type": "block", "code": "game:jug-*-fired" },
		"G": { "type": "block", "code": "game:mushroom-*-normal-north",  "name": "variant", "allowedVariants": ["beardedtooth", "dryadsaddle", "pinkoyster", "tinderhoof", "chickenofthewoods", "reishi", "deerear", "whiteoyster", "shiitake", "livermushroom",
		"beefsteakfungus"]  }
		},
	"width": 2,
	"height": 2,
	"shapeless": true,
	"attributes": {
		"liquidContainerProps": {
			"requiresContent": { "type": "item", "code": "waterportion" },
			"requiresLitres": 0.5
		}
	},
	"output": { "type": "item", "code": "pemmican:mushroomclean-raw", "quantity": 1 }
},
]
