[{
	"ingredientPattern": "NSP,MOM,MMM",
	"ingredients": {
		"S": { "type": "item", "code": "game:fat" },
		"N": { "type": "item", "code": "game:knife-generic-*", "isTool": true, "toolDurabilityCost": 1},
		"M": { "type": "item", "code": "pemmican:mushroompate-dry" },
		"P": { "type": "item", "code": "game:paper-parchment" },
		"O": { "type": "item", "code": "game:vegetable-*", "name": "variant", "allowedVariants": ["onion", "carrot", "parsnip"] },
	},
	"width": 3,
	"height": 3,
	"shapeless": false,
	"output": { "type": "item", "code": "pemmican:mushroompatebar", "quantity": 1 }
},
{
	"ingredientPattern": "NSP,MOM,MMM",
	"ingredients": {
		"S": { "type": "item", "code": "game:fat" },
		"N": { "type": "item", "code": "game:knife-generic-*", "isTool": true, "toolDurabilityCost": 1},
		"M": { "type": "item", "code": "pemmican:mushroomclean-pickled" },
		"P": { "type": "item", "code": "game:paper-parchment" },
		"O": { "type": "item", "code": "game:vegetable-*", "name": "variant", "allowedVariants": ["onion", "carrot", "parsnip"] },
	},
	"width": 3,
	"height": 3,
	"shapeless": false,
	"output": { "type": "item", "code": "pemmican:mushroompatebar", "quantity": 1 }
},
{
	"ingredientPattern": "NSP,MOM,MMM",
	"ingredients": {
		"S": { "type": "item", "code": "game:fat" },
		"N": { "type": "item", "code": "game:knife-generic-*", "isTool": true, "toolDurabilityCost": 1},
		"M": { "type": "item", "code": "pemmican:mushroompate-dry" },
		"P": { "type": "item", "code": "game:paper-parchment" },
		"O": { "type": "item", "code": "pemmican:choppedvegetable-potato" },
	},
	"width": 3,
	"height": 3,
	"shapeless": false,
	"output": { "type": "item", "code": "pemmican:mushroompatebar", "quantity": 1 }
},
{
	"ingredientPattern": "NSP,MOM,MMM",
	"ingredients": {
		"S": { "type": "item", "code": "game:fat" },
		"N": { "type": "item", "code": "game:knife-generic-*", "isTool": true, "toolDurabilityCost": 1},
		"M": { "type": "item", "code": "pemmican:mushroomclean-pickled" },
		"P": { "type": "item", "code": "game:paper-parchment" },
		"O": { "type": "item", "code": "pemmican:choppedvegetable-potato" },
	},
	"width": 3,
	"height": 3,
	"shapeless": false,
	"output": { "type": "item", "code": "pemmican:mushroompatebar", "quantity": 1 }
},
]