[
{
	"ingredientPattern": "_S_,BBB,MFM",
	"ingredients": {
		"S": { "type": "item", "code": "game:stone-*", "quantity": 2 },
		"B": { "type": "item", "code": "game:fruit-*" },
		"M": { "type": "item", "code": "game:bushmeat-raw", "quantity": 2 },
		"F": { "type": "item", "code": "game:fat" }
	},
	"width": 3,
	"height": 3,
	"shapeless": false,
	"output": { "type": "item", "code": "pemmican:pemmican-raw", "quantity": 1 }
},
{
	"ingredientPattern": "_S_,BBB,MFM",
	"ingredients": {
		"S": { "type": "item", "code": "game:hammer-*", "isTool": true, "toolDurabilityCost": 5 },
		"B": { "type": "item", "code": "game:fruit-*" },
		"M": { "type": "item", "code": "game:bushmeat-raw", "quantity": 2  },
		"F": { "type": "item", "code": "game:fat" }
	},
	"width": 3,
	"height": 3,
	"shapeless": false,
	"output": { "type": "item", "code": "pemmican:pemmican-raw", "quantity": 1 }
},
{
	"ingredientPattern": "_S_,BBB,MFM",
	"ingredients": {
		"S": { "type": "item", "code": "game:club-generic-wood", "isTool": true, "toolDurabilityCost": 5 },
		"B": { "type": "item", "code": "game:fruit-*" },
		"M": { "type": "item", "code": "game:bushmeat-raw", "quantity": 2 },
		"F": { "type": "item", "code": "game:fat" }
	},
	"width": 3,
	"height": 3,
	"shapeless": false,
	"output": { "type": "item", "code": "pemmican:pemmican-raw", "quantity": 1 }
},
{
	"ingredientPattern": "_S_,BBB,MFM",
	"ingredients": {
		"S": { "type": "item", "code": "game:club-generic-wood", "isTool": true, "toolDurabilityCost": 5 },
		"B": { "type": "item", "code": "game:fruit-*" },
		"M": { "type": "item", "code": "game:redmeat-raw", "quantity": 2  },
		"F": { "type": "item", "code": "game:fat" }
	},
	"width": 3,
	"height": 3,
	"shapeless": false,
	"output": { "type": "item", "code": "pemmican:pemmican-raw", "quantity": 1 }
},
{
	"ingredientPattern": "_S_,BBB,MFM",
	"ingredients": {
		"S": { "type": "item", "code": "game:stone-*", "quantity": 2 },
		"B": { "type": "item", "code": "game:fruit-*" },
		"M": { "type": "item", "code": "game:redmeat-raw", "quantity": 2  },
		"F": { "type": "item", "code": "game:fat" }
	},
	"width": 3,
	"height": 3,
	"shapeless": false,
	"output": { "type": "item", "code": "pemmican:pemmican-raw", "quantity": 1 }
},
{
	"ingredientPattern": "_S_,BBB,MFM",
	"ingredients": {
		"S": { "type": "item", "code": "game:hammer-*", "isTool": true, "toolDurabilityCost": 5 },
		"B": { "type": "item", "code": "game:fruit-*" },
		"M": { "type": "item", "code": "game:redmeat-raw", "quantity": 2  },
		"F": { "type": "item", "code": "game:fat" }
	},
	"width": 3,
	"height": 3,
	"shapeless": false,
	"output": { "type": "item", "code": "pemmican:pemmican-raw", "quantity": 1 }
},
{
	"ingredientPattern": "S_,P_",
	"ingredients": {
		"S": { "type": "item", "code": "game:salt", "quantity": 2 },
		"P": { "type": "item", "code": "pemmican:pemmican-bar" },
	},
	"width": 2,
	"height": 2,
	"shapeless": true,
	"output": { "type": "item", "code": "pemmican:pemmican-salt", "quantity": 1 }
},
{
	"ingredientPattern": "R,P,C",
	"ingredients": {
		"R": { "type": "item", "code": "game:rope" },
		"P": { "type": "item", "code": "pemmican:pemmican-salt", "quantity": 6 },
		"C": { "type": "block", "code": "game:rushmat" }
	},
	"width": 1,
	"height": 3,
	"shapeless": true,
	"output": { "type": "item", "code": "pemmican:pemmican-pack", "quantity": 1 }
},
{
	"ingredientPattern": "K,P",
	"ingredients": {
		"K": { "type": "item", "code": "game:knife-generic-*", "isTool": true, "toolDurabilityCost": 1 },
		"P": { "type": "item", "code": "pemmican:pemmican-pack", "quantity": 1 },
	},
	"width": 1,
	"height": 2,
	"shapeless": true,
	"output": { "type": "item", "code": "pemmican:pemmican-salt", "quantity": 6 }
},
{
	"ingredientPattern": "K,P",
	"ingredients": {
		"P": { "type": "item", "code": "game:redmeat-cured", "quantity": 1 },
		"K": {  "type": "block", "code": "game:bowl-*-fired" },
	},
	"attributes": {
        "liquidContainerProps": {
            "requiresContent": { "type": "item", "code": "honeyportion" },
            "requiresLitres": 0.25
			}
		},
	"width": 1,
	"height": 2,
	"shapeless": true,
	"output": { "type": "item", "code": "pemmican:redmeat-vintageraw", "quantity": 1 }
},
{
	"ingredientPattern": "K,P",
	"ingredients": {
		"P": { "type": "item", "code": "game:redmeat-cured", "quantity": 1 },
		"K": {  "type": "block", "code": "game:jug-*-fired" },
	},
	"attributes": {
        "liquidContainerProps": {
            "requiresContent": { "type": "item", "code": "honeyportion" },
            "requiresLitres": 0.25
			}
		},
	"width": 1,
	"height": 2,
	"shapeless": true,
	"output": { "type": "item", "code": "pemmican:redmeat-vintageraw", "quantity": 1 }
},
{
	"ingredientPattern": "K,P",
	"ingredients": {
		"P": { "type": "item", "code": "game:redmeat-cured", "quantity": 1 },
		"K": {  "type": "block", "code": "game:woodbucket" },
	},
	"attributes": {
        "liquidContainerProps": {
            "requiresContent": { "type": "item", "code": "honeyportion" },
            "requiresLitres": 0.25
			}
		},
	"width": 1,
	"height": 2,
	"shapeless": true,
	"output": { "type": "item", "code": "pemmican:redmeat-vintageraw", "quantity": 1 }
},
]