[
{
	"ingredientPattern": "K,V",
	"ingredients": {
		"K": { "type": "item", "code": "game:knife-*", "isTool": true, "toolDurabilityCost": 1 },
		"V": { "type": "item", "code": "pemmican:vegetable-potato-raw" },
	},
	"width": 1,
	"height": 2,
	"shapeless": false,
	"output": { "type": "item", "code": "pemmican:choppedvegetable-potato", "quantity": 1 }
},
{
	"ingredientPattern": "K,V",
	"ingredients": {
		"K": { "type": "item", "code": "game:knife-*", "isTool": true, "toolDurabilityCost": 1 },
		"V": { "type": "item", "code": "pemmican:pickledvegetable-pickledpotato" },
	},
	"width": 1,
	"height": 2,
	"shapeless": false,
	"output": { "type": "item", "code": "pemmican:choppedvegetable-pickledpotato", "quantity": 1 }
}
]