{
  "textureWidth":16,
  "textureHeight":16,
  "textures":{
    "material":"game:block/metal/ingot/iron"
  },
  "textureSizes":{
    "material":[
      32,
      32
    ]
  },
  "elements":[
    {
      "name":"origin",
      "from":[
        10.0,
        0.5,
        7.699999988079071
      ],
      "to":[
        10.0,
        0.5,
        7.699999988079071
      ],
      "rotationOrigin":[
        8.0,
        0.0,
        8.0
      ],
      "group":"advanced",
      "faces":{
        "north":{
          "texture":"#0",
          "uv":[
            0,
            0,
            4,
            4
          ],
          "autoUv":false
        },
        "east":{
          "texture":"#0",
          "uv":[
            0,
            0,
            4,
            4
          ],
          "autoUv":false
        },
        "south":{
          "texture":"#0",
          "uv":[
            0,
            0,
            4,
            4
          ],
          "autoUv":false
        },
        "west":{
          "texture":"#0",
          "uv":[
            0,
            0,
            4,
            4
          ],
          "autoUv":false
        },
        "up":{
          "texture":"#material",
          "uv":[
            0.0,
            0.0,
            1.0,
            1.0
          ],
          "autoUv":false,
          "rotation":180
        },
        "down":{
          "texture":"#0",
          "uv":[
            0,
            0,
            4,
            4
          ],
          "autoUv":false
        }
      },
      "children":[
        {
          "name":"advanced_head 01",
          "from":[
            4.145475685596466,
            -0.6490592360496521,
            -0.5858015418052673
          ],
          "to":[
            5.983918845653534,
            1.149058997631073,
            1.0858030915260315
          ],
          "rotationOrigin":[
            5.064697265625,
            0.24999988079071045,
            0.2500007748603821
          ],
          "rotationZ":-9.334666828389418e-06,
          "group":"advanced",
          "faces":{
            "north":{
              "texture":"#material",
              "uv":[
                28.462175369262695,
                5.585533142089844,
                30.605945587158203,
                10.771720886230469
              ],
              "autoUv":false
            },
            "east":{
              "texture":"#material",
              "uv":[
                8.999999046325684,
                9.0,
                13.0,
                13.000001907348633
              ],
              "autoUv":false
            },
            "south":{
              "texture":"#material",
              "uv":[
                26.366979598999023,
                -0.032314300537109375,
                28.51074981689453,
                5.153865814208984
              ],
              "autoUv":false
            },
            "west":{
              "texture":"#material",
              "uv":[
                12.738293647766113,
                9.11522102355957,
                9.303511619567871,
                12.809961318969727
              ],
              "autoUv":false
            },
            "up":{
              "texture":"#material",
              "uv":[
                12.999999046325684,
                7.998970031738281,
                10.0,
                12.001031875610352
              ],
              "autoUv":false,
              "rotation":90
            },
            "down":{
              "texture":"#material",
              "uv":[
                12.999999046325684,
                12.001031875610352,
                10.0,
                7.998970031738281
              ],
              "autoUv":false,
              "rotation":90
            }
          },
          "children":[]
        },
        {
          "name":"advanced_head 02",
          "from":[
            4.310819447040558,
            -0.03884360194206238,
            -4.612018644809723
          ],
          "to":[
            5.693960428237915,
            0.5387298762798309,
            -3.5390551686286926
          ],
          "rotationOrigin":[
            5.002389907836914,
            0.24994313716888428,
            -4.075536906719208
          ],
          "rotationX":89.99997518372149,
          "rotationY":-4.7626775888807517e-07,
          "rotationZ":-104.00001883117173,
          "group":"advanced",
          "faces":{
            "north":{
              "texture":"#material",
              "uv":[
                20.494239807128906,
                9.240669250488281,
                18.538677215576172,
                10.6964111328125
              ],
              "autoUv":false
            },
            "east":{
              "texture":"#material",
              "uv":[
                15.58631420135498,
                6.659189224243164,
                14.861104011535645,
                8.046525955200195
              ],
              "autoUv":false,
              "rotation":90
            },
            "south":{
              "texture":"#material",
              "uv":[
                18.31140899658203,
                9.784912109375,
                20.72149658203125,
                10.152175903320312
              ],
              "autoUv":false
            },
            "west":{
              "texture":"#material",
              "uv":[
                15.586318016052246,
                11.307384490966797,
                14.861108779907227,
                12.694723129272461
              ],
              "autoUv":false,
              "rotation":270
            },
            "up":{
              "texture":"#material",
              "uv":[
                17.000001907348633,
                9.999515533447266,
                19.0,
                12.0
              ],
              "autoUv":false
            },
            "down":{
              "texture":"#material",
              "uv":[
                17.000001907348633,
                12.0,
                19.0,
                9.999515533447266
              ],
              "autoUv":false,
              "rotation":180
            }
          },
          "children":[]
        },
        {
          "name":"advanced_head 03",
          "from":[
            4.4931628704071045,
            -0.03884348273277283,
            -3.213889420032501
          ],
          "to":[
            6.025702714920044,
            0.5387299358844757,
            -2.1420106291770935
          ],
          "rotationOrigin":[
            5.259432792663574,
            0.24994325637817383,
            -2.677950084209442
          ],
          "rotationX":89.99996152334315,
          "rotationY":-1.0495557684460123e-06,
          "rotationZ":-97.2000259274796,
          "group":"advanced",
          "faces":{
            "north":{
              "texture":"#material",
              "uv":[
                18.420936584472656,
                8.928260803222656,
                16.06569480895996,
                10.172672271728516
              ],
              "autoUv":false
            },
            "east":{
              "texture":"#material",
              "uv":[
                31.657695770263672,
                24.078327178955078,
                30.937664031982422,
                25.178241729736328
              ],
              "autoUv":false,
              "rotation":270
            },
            "south":{
              "texture":"#material",
              "uv":[
                15.94794750213623,
                9.240673065185547,
                18.538673400878906,
                9.860260009765625
              ],
              "autoUv":false
            },
            "west":{
              "texture":"#material",
              "uv":[
                21.459001541137695,
                10.455856323242188,
                22.102937698364258,
                12.864919662475586
              ],
              "autoUv":false,
              "rotation":270
            },
            "up":{
              "texture":"#material",
              "uv":[
                15.0,
                10.000396728515625,
                17.000001907348633,
                12.0
              ],
              "autoUv":false
            },
            "down":{
              "texture":"#material",
              "uv":[
                19.173664093017578,
                16.96442222595215,
                20.87614631652832,
                15.727283477783203
              ],
              "autoUv":false,
              "rotation":180
            }
          },
          "children":[]
        },
        {
          "name":"advanced_head 04",
          "from":[
            4.708305239677429,
            -0.03921949863433838,
            -2.022155225276947
          ],
          "to":[
            5.819467663764954,
            0.539354681968689,
            -0.6921691298484802
          ],
          "rotationOrigin":[
            5.263886451721191,
            0.2500675916671753,
            -1.3571621775627136
          ],
          "rotationZ":90.00000933466734,
          "group":"advanced",
          "faces":{
            "north":{
              "texture":"#material",
              "uv":[
                10.762700080871582,
                13.662818908691406,
                12.28727912902832,
                15.596780776977539
              ],
              "autoUv":false
            },
            "east":{
              "texture":"#material",
              "uv":[
                17.0,
                9.0,
                14.0,
                10.0
              ],
              "autoUv":false,
              "rotation":180
            },
            "south":{
              "texture":"#material",
              "uv":[
                12.360048294067383,
                13.944143295288086,
                10.689936637878418,
                15.315450668334961
              ],
              "autoUv":false
            },
            "west":{
              "texture":"#material",
              "uv":[
                14.0,
                9.0,
                17.0,
                10.0
              ],
              "autoUv":false,
              "rotation":180
            },
            "up":{
              "texture":"#material",
              "uv":[
                17.711824417114258,
                13.192863464355469,
                19.296993255615234,
                17.963144302368164
              ],
              "autoUv":false
            },
            "down":{
              "texture":"#material",
              "uv":[
                16.0,
                12.001073837280273,
                13.0,
                9.998647689819336
              ],
              "autoUv":false,
              "rotation":90
            }
          },
          "children":[]
        },
        {
          "name":"advanced_head 05",
          "from":[
            4.111763417720795,
            0.05271551012992859,
            -3.278921902179718
          ],
          "to":[
            5.804389595985413,
            0.4475589096546173,
            -2.207996904850006
          ],
          "rotationOrigin":[
            4.958076477050781,
            0.25013720989227295,
            -2.743459403514862
          ],
          "rotationX":89.99996152334315,
          "rotationY":8.190220406910502e-07,
          "rotationZ":-84.20000393678927,
          "group":"advanced",
          "faces":{
            "north":{
              "texture":"#material",
              "uv":[
                18.75177764892578,
                9.860260009765625,
                15.947953224182129,
                10.220970153808594
              ],
              "autoUv":false
            },
            "east":{
              "texture":"#material",
              "uv":[
                9.471888542175293,
                3.7527313232421875,
                8.922178268432617,
                4.737194061279297
              ],
              "autoUv":false,
              "rotation":180
            },
            "south":{
              "texture":"#material",
              "uv":[
                16.012847900390625,
                9.582050323486328,
                18.686870574951172,
                10.499176025390625
              ],
              "autoUv":false
            },
            "west":{
              "texture":"#material",
              "uv":[
                21.017566680908203,
                10.45649528503418,
                21.459001541137695,
                12.863410949707031
              ],
              "autoUv":false,
              "rotation":270
            },
            "up":{
              "texture":"#material",
              "uv":[
                9.471888542175293,
                4.737194061279297,
                8.922178268432617,
                8.185771942138672
              ],
              "autoUv":false,
              "rotation":90
            },
            "down":{
              "texture":"#material",
              "uv":[
                15.0,
                12.0,
                17.000001907348633,
                10.0008544921875
              ],
              "autoUv":false,
              "rotation":180
            }
          },
          "children":[]
        },
        {
          "name":"advanced_head 06",
          "from":[
            4.146097779273987,
            0.8035509437322617,
            0.9426888078451157
          ],
          "to":[
            5.983296751976013,
            1.089779183268547,
            1.2289168983697891
          ],
          "rotationOrigin":[
            5.064697265625,
            0.9466650485992432,
            1.0858028531074524
          ],
          "rotationX":44.999994422049916,
          "rotationY":-6.600607471329482e-06,
          "rotationZ":-6.600609506884478e-06,
          "group":"advanced",
          "faces":{
            "north":{
              "texture":"#material",
              "uv":[
                25.6606502532959,
                23.337904930114746,
                26.26361083984375,
                29.8566997051239
              ],
              "autoUv":false,
              "rotation":270
            },
            "east":{
              "texture":"#material",
              "uv":[
                8.999999046325684,
                9.0,
                10.000001907348633,
                10.0
              ],
              "autoUv":false
            },
            "south":{
              "texture":"#material",
              "uv":[
                24.303991317749023,
                23.337904930114746,
                24.906951904296875,
                29.85669994354248
              ],
              "autoUv":false,
              "rotation":90
            },
            "west":{
              "texture":"#material",
              "uv":[
                9.303511619567871,
                9.11522102355957,
                9.303511619567871,
                9.946971893310547
              ],
              "autoUv":false,
              "rotation":270
            },
            "up":{
              "texture":"#material",
              "uv":[
                10.0,
                8.000255584716797,
                9.0,
                11.99974250793457
              ],
              "autoUv":false,
              "rotation":90
            },
            "down":{
              "texture":"#material",
              "uv":[
                25.6606502532959,
                29.85670042037964,
                24.906949996948242,
                23.337904930114746
              ],
              "autoUv":false,
              "rotation":90
            }
          },
          "children":[]
        },
        {
          "name":"advanced_head 07",
          "from":[
            4.146097779273987,
            0.8035510629415512,
            -0.7289158552885056
          ],
          "to":[
            5.983296751976013,
            1.0897792726755142,
            -0.4426877200603485
          ],
          "rotationOrigin":[
            5.064697265625,
            0.9466651678085327,
            -0.5858017802238464
          ],
          "rotationX":44.999994422049916,
          "rotationY":-6.600607471329482e-06,
          "rotationZ":-6.600609506884478e-06,
          "group":"advanced",
          "faces":{
            "north":{
              "texture":"#material",
              "uv":[
                14.0,
                8.000255584716797,
                12.999999046325684,
                11.99974250793457
              ],
              "autoUv":false,
              "rotation":270
            },
            "east":{
              "texture":"#material",
              "uv":[
                12.0,
                9.0,
                13.0,
                10.000001907348633
              ],
              "autoUv":false
            },
            "south":{
              "texture":"#material",
              "uv":[
                16.63995361328125,
                10.961952209472656,
                19.783594131469727,
                12.125043869018555
              ],
              "autoUv":false
            },
            "west":{
              "texture":"#material",
              "uv":[
                12.738293647766113,
                9.11522102355957,
                12.738293647766113,
                9.946971893310547
              ],
              "autoUv":false,
              "rotation":270
            },
            "up":{
              "texture":"#material",
              "uv":[
                16.639951705932617,
                9.508087158203125,
                19.783594131469727,
                10.961950302124023
              ],
              "autoUv":false
            },
            "down":{
              "texture":"#material",
              "uv":[
                19.783594131469727,
                13.578908920288086,
                16.63995361328125,
                12.125043869018555
              ],
              "autoUv":false
            }
          },
          "children":[]
        },
        {
          "name":"advanced_head 08",
          "from":[
            4.146097838878632,
            -0.5897793807089329,
            0.9426888078451157
          ],
          "to":[
            5.983296692371368,
            -0.30355117097496986,
            1.2289169430732727
          ],
          "rotationOrigin":[
            5.064697265625,
            -0.4466652609407902,
            1.0858028531074524
          ],
          "rotationX":44.999994422049916,
          "rotationY":-6.600607471329482e-06,
          "rotationZ":-6.600609506884478e-06,
          "group":"advanced",
          "faces":{
            "north":{
              "texture":"#material",
              "uv":[
                16.96268081665039,
                24.599619388580322,
                20.106321334838867,
                25.762712001800537
              ],
              "autoUv":false,
              "rotation":180
            },
            "east":{
              "texture":"#material",
              "uv":[
                8.999999046325684,
                12.000001907348633,
                10.0,
                13.000001907348633
              ],
              "autoUv":false
            },
            "south":{
              "texture":"#material",
              "uv":[
                9.0,
                8.000255584716797,
                10.0,
                11.99974250793457
              ],
              "autoUv":false,
              "rotation":90
            },
            "west":{
              "texture":"#material",
              "uv":[
                9.303511619567871,
                11.978212356567383,
                9.303511619567871,
                12.809961318969727
              ],
              "autoUv":false,
              "rotation":270
            },
            "up":{
              "texture":"#material",
              "uv":[
                16.96268081665039,
                25.76271152496338,
                20.1063232421875,
                27.21657705307007
              ],
              "autoUv":false
            },
            "down":{
              "texture":"#material",
              "uv":[
                20.106319427490234,
                24.59962034225464,
                16.96268081665039,
                23.145753860473633
              ],
              "autoUv":false
            }
          },
          "children":[]
        },
        {
          "name":"advanced_head 09",
          "from":[
            4.146097838878632,
            -0.589779432862997,
            -0.7289158403873444
          ],
          "to":[
            5.983298599720001,
            -0.30355122312903404,
            -0.4426877200603485
          ],
          "rotationOrigin":[
            5.064698219299316,
            -0.44666532799601555,
            -0.5858017802238464
          ],
          "rotationX":44.999994422049916,
          "rotationY":-6.600607471329482e-06,
          "rotationZ":-6.600609506884478e-06,
          "group":"advanced",
          "faces":{
            "north":{
              "texture":"#material",
              "uv":[
                24.30398941040039,
                7.680734634399414,
                24.906951904296875,
                14.19953727722168
              ],
              "autoUv":false,
              "rotation":270
            },
            "east":{
              "texture":"#material",
              "uv":[
                12.0,
                12.000001907348633,
                13.0,
                13.000001907348633
              ],
              "autoUv":false
            },
            "south":{
              "texture":"#material",
              "uv":[
                25.6606502532959,
                7.680736541748047,
                26.263608932495117,
                14.19953727722168
              ],
              "autoUv":false,
              "rotation":90
            },
            "west":{
              "texture":"#material",
              "uv":[
                12.738293647766113,
                11.978212356567383,
                12.738293647766113,
                12.809961318969727
              ],
              "autoUv":false,
              "rotation":270
            },
            "up":{
              "texture":"#material",
              "uv":[
                24.906949996948242,
                7.680732727050781,
                25.660648345947266,
                14.19953727722168
              ],
              "autoUv":false,
              "rotation":90
            },
            "down":{
              "texture":"#material",
              "uv":[
                14.0,
                11.99974250793457,
                12.999999046325684,
                8.000255584716797
              ],
              "autoUv":false,
              "rotation":90
            }
          },
          "children":[]
        },
        {
          "name":"advanced_head 10",
          "from":[
            4.145475268363953,
            -0.44666528701782227,
            0.879298985004425
          ],
          "to":[
            5.983919262886047,
            0.9466652870178223,
            1.2881963849067688
          ],
          "rotationOrigin":[
            5.064697265625,
            0.25,
            1.083747684955597
          ],
          "rotationZ":-9.334666828389418e-06,
          "group":"advanced",
          "faces":{
            "north":{
              "texture":"#material",
              "uv":[
                2.182267665863037,
                19.413302421569824,
                4.446294784545898,
                23.49090576171875
              ],
              "autoUv":false,
              "rotation":180
            },
            "east":{
              "texture":"#material",
              "uv":[
                8.0,
                9.0,
                10.0,
                13.000001907348633
              ],
              "autoUv":false
            },
            "south":{
              "texture":"#material",
              "uv":[
                8.999999046325684,
                7.999998092651367,
                13.000001907348633,
                11.0
              ],
              "autoUv":false
            },
            "west":{
              "texture":"#material",
              "uv":[
                9.72783374786377,
                9.531097412109375,
                8.887639045715332,
                12.394086837768555
              ],
              "autoUv":false
            },
            "up":{
              "texture":"#material",
              "uv":[
                2.182267665863037,
                23.079692840576172,
                4.446294784545898,
                24.575496673583984
              ],
              "autoUv":false
            },
            "down":{
              "texture":"#material",
              "uv":[
                4.446295261383057,
                19.483232498168945,
                2.1822681427001953,
                17.9874267578125
              ],
              "autoUv":false
            }
          },
          "children":[]
        },
        {
          "name":"advanced_head 11",
          "from":[
            4.145475268363953,
            -0.4466651678085327,
            -0.788195788860321
          ],
          "to":[
            5.983919262886047,
            0.9466654062271118,
            -0.3792983889579773
          ],
          "rotationOrigin":[
            5.064697265625,
            0.25000011920928955,
            -0.5837470889091492
          ],
          "rotationZ":-9.334666828389418e-06,
          "group":"advanced",
          "faces":{
            "north":{
              "texture":"#material",
              "uv":[
                17.0,
                8.000001907348633,
                13.000000953674316,
                11.000001907348633
              ],
              "autoUv":false
            },
            "east":{
              "texture":"#material",
              "uv":[
                12.0,
                9.0,
                14.0,
                13.000001907348633
              ],
              "autoUv":false
            },
            "south":{
              "texture":"#material",
              "uv":[
                8.810832023620605,
                19.07201862335205,
                11.074861526489258,
                23.149620056152344
              ],
              "autoUv":false
            },
            "west":{
              "texture":"#material",
              "uv":[
                13.15417194366455,
                9.531097412109375,
                12.31397533416748,
                12.394086837768555
              ],
              "autoUv":false
            },
            "up":{
              "texture":"#material",
              "uv":[
                8.810832023620605,
                17.987428665161133,
                11.074861526489258,
                19.483232498168945
              ],
              "autoUv":false
            },
            "down":{
              "texture":"#material",
              "uv":[
                11.074860572814941,
                24.57549810409546,
                8.810831069946289,
                23.07969379425049
              ],
              "autoUv":false
            }
          },
          "children":[]
        },
        {
          "name":"advanced_head 12",
          "from":[
            3.900637924671173,
            -0.038844406604766846,
            -5.890386760234833
          ],
          "to":[
            5.283779799938202,
            0.5387295186519623,
            -4.8170777559280396
          ],
          "rotationOrigin":[
            4.5922088623046875,
            0.24994254112243652,
            -5.3537322878837585
          ],
          "rotationX":89.99996152334315,
          "rotationY":-1.0624326893515728e-06,
          "rotationZ":-111.5000036719526,
          "group":"advanced",
          "faces":{
            "north":{
              "texture":"#material",
              "uv":[
                22.46982192993164,
                9.786418914794922,
                20.721004486083984,
                11.484964370727539
              ],
              "autoUv":false
            },
            "east":{
              "texture":"#material",
              "uv":[
                13.887744903564453,
                13.827430725097656,
                13.266725540161133,
                15.446073532104492
              ],
              "autoUv":false,
              "rotation":90
            },
            "south":{
              "texture":"#material",
              "uv":[
                20.37670135498047,
                10.610921859741211,
                22.81411361694336,
                10.660465240478516
              ],
              "autoUv":false
            },
            "west":{
              "texture":"#material",
              "uv":[
                15.58631706237793,
                13.23202896118164,
                14.861106872558594,
                14.619365692138672
              ],
              "autoUv":false,
              "rotation":270
            },
            "up":{
              "texture":"#material",
              "uv":[
                19.0,
                9.999238967895508,
                21.0,
                12.0
              ],
              "autoUv":false
            },
            "down":{
              "texture":"#material",
              "uv":[
                19.0,
                12.0,
                21.0,
                9.999237060546875
              ],
              "autoUv":false,
              "rotation":180
            }
          },
          "children":[]
        },
        {
          "name":"advanced_head 13",
          "from":[
            4.50566041469574,
            -0.2710782289505005,
            1.1311479806900024
          ],
          "to":[
            5.624096512794495,
            0.7710777521133423,
            2.2815980911254883
          ],
          "rotationOrigin":[
            5.064878463745117,
            0.2499997615814209,
            1.7063730359077454
          ],
          "rotationZ":90.00000933466734,
          "group":"advanced",
          "faces":{
            "north":{
              "texture":"#material",
              "uv":[
                10.762700080871582,
                13.400882720947266,
                12.275745391845703,
                15.596780776977539
              ],
              "autoUv":false
            },
            "east":{
              "texture":"#material",
              "uv":[
                11.0,
                9.0,
                9.0,
                11.0
              ],
              "autoUv":false,
              "rotation":180
            },
            "south":{
              "texture":"#material",
              "uv":[
                12.360048294067383,
                13.682207107543945,
                10.6784029006958,
                15.315450668334961
              ],
              "autoUv":false
            },
            "west":{
              "texture":"#material",
              "uv":[
                9.0,
                9.0,
                11.0,
                11.0
              ],
              "autoUv":false,
              "rotation":180
            },
            "up":{
              "texture":"#material",
              "uv":[
                10.0,
                10.0,
                8.0,
                12.0
              ],
              "autoUv":false,
              "rotation":90
            },
            "down":{
              "texture":"#material",
              "uv":[
                10.0,
                12.0,
                8.0,
                10.0
              ],
              "autoUv":false,
              "rotation":90
            }
          },
          "children":[]
        },
        {
          "name":"advanced_head 14",
          "from":[
            4.669451504945755,
            -0.2703544497489929,
            1.8861711919307709
          ],
          "to":[
            5.460305422544479,
            0.7703537344932556,
            2.677024632692337
          ],
          "rotationOrigin":[
            5.064878463745117,
            0.24999964237213135,
            2.281597912311554
          ],
          "rotationX":45.00002515790118,
          "rotationY":-1.899648642731392e-05,
          "rotationZ":90.00002299504568,
          "group":"advanced",
          "faces":{
            "north":{
              "texture":"#material",
              "uv":[
                10.762700080871582,
                13.483282089233398,
                11.807894706726074,
                15.596780776977539
              ],
              "autoUv":false
            },
            "east":{
              "texture":"#material",
              "uv":[
                9.0,
                9.0,
                7.0,
                11.0
              ],
              "autoUv":false,
              "rotation":180
            },
            "south":{
              "texture":"#material",
              "uv":[
                7.0,
                9.0,
                9.0,
                11.0
              ],
              "autoUv":false,
              "rotation":180
            },
            "west":{
              "texture":"#material",
              "uv":[
                25.35944938659668,
                2.0811080932617188,
                24.297645568847656,
                4.6030426025390625
              ],
              "autoUv":false,
              "rotation":90
            },
            "up":{
              "texture":"#material",
              "uv":[
                9.000000953674316,
                10.0,
                7.000000953674316,
                12.0
              ],
              "autoUv":false,
              "rotation":90
            },
            "down":{
              "texture":"#material",
              "uv":[
                8.999999046325684,
                12.0,
                6.999998092651367,
                10.0
              ],
              "autoUv":false,
              "rotation":90
            }
          },
          "children":[]
        },
        {
          "name":"advanced_head 15",
          "from":[
            3.308506965637207,
            -0.03884509205818176,
            -7.0782724022865295
          ],
          "to":[
            4.691649317741394,
            0.5387294888496399,
            -6.005908846855164
          ],
          "rotationOrigin":[
            4.000078201293945,
            0.24994218349456787,
            -6.542090594768524
          ],
          "rotationX":89.9999478629648,
          "rotationY":-1.817941953719666e-07,
          "rotationZ":-121.47184080355026,
          "group":"advanced",
          "faces":{
            "north":{
              "texture":"#material",
              "uv":[
                24.242385864257812,
                10.610919952392578,
                22.814117431640625,
                12.58663558959961
              ],
              "autoUv":false
            },
            "east":{
              "texture":"#material",
              "uv":[
                13.88774585723877,
                13.82742691040039,
                13.2667236328125,
                15.44607162475586
              ],
              "autoUv":false,
              "rotation":90
            },
            "south":{
              "texture":"#material",
              "uv":[
                22.32366180419922,
                11.41214370727539,
                24.732826232910156,
                11.785415649414062
              ],
              "autoUv":false,
              "rotation":270
            },
            "west":{
              "texture":"#material",
              "uv":[
                15.58631706237793,
                13.23202896118164,
                14.86110782623291,
                14.619365692138672
              ],
              "autoUv":false,
              "rotation":270
            },
            "up":{
              "texture":"#material",
              "uv":[
                21.0,
                10.000005722045898,
                23.0,
                12.0
              ],
              "autoUv":false
            },
            "down":{
              "texture":"#material",
              "uv":[
                21.0,
                12.0,
                23.0,
                10.000005722045898
              ],
              "autoUv":false,
              "rotation":180
            }
          },
          "children":[]
        },
        {
          "name":"advanced_head 16",
          "from":[
            4.42200767993927,
            -0.039354026317596436,
            -1.990511417388916
          ],
          "to":[
            5.5308064222335815,
            0.539219081401825,
            -0.6370400190353394
          ],
          "rotationOrigin":[
            4.976407051086426,
            0.24993252754211426,
            -1.3137757182121277
          ],
          "rotationX":-5.871959390690408e-06,
          "rotationY":-17.59597432092187,
          "rotationZ":89.9999478629648,
          "group":"advanced",
          "faces":{
            "north":{
              "texture":"#material",
              "uv":[
                10.762700080871582,
                13.662818908691406,
                12.28727912902832,
                15.596780776977539
              ],
              "autoUv":false
            },
            "east":{
              "texture":"#material",
              "uv":[
                17.0,
                10.0,
                14.0,
                11.0
              ],
              "autoUv":false,
              "rotation":180
            },
            "south":{
              "texture":"#material",
              "uv":[
                12.360048294067383,
                13.944143295288086,
                10.689936637878418,
                15.315450668334961
              ],
              "autoUv":false
            },
            "west":{
              "texture":"#material",
              "uv":[
                14.0,
                10.0,
                17.0,
                11.0
              ],
              "autoUv":false,
              "rotation":180
            },
            "up":{
              "texture":"#material",
              "uv":[
                16.0,
                10.001350402832031,
                13.0,
                11.998924255371094
              ],
              "autoUv":false,
              "rotation":90
            },
            "down":{
              "texture":"#material",
              "uv":[
                17.628175735473633,
                17.80682373046875,
                19.213336944580078,
                12.952285766601562
              ],
              "autoUv":false,
              "rotation":180
            }
          },
          "children":[]
        },
        {
          "name":"advanced_head 17",
          "from":[
            3.4348179548978806,
            0.04573902487754822,
            -7.66776442527771
          ],
          "to":[
            3.8432257920503616,
            0.45414526760578156,
            -6.5960928201675415
          ],
          "rotationOrigin":[
            3.639021873474121,
            0.24994218349456787,
            -7.131928622722626
          ],
          "rotationX":89.99994103277564,
          "rotationY":1.4391994666959942e-06,
          "rotationZ":-76.4718361362166,
          "group":"advanced",
          "faces":{
            "north":{
              "texture":"#material",
              "uv":[
                24.888219833374023,
                11.940807342529297,
                24.087003707885742,
                12.431251525878906
              ],
              "autoUv":false
            },
            "east":{
              "texture":"#material",
              "uv":[
                23.999998092651367,
                10.096181869506836,
                23.999998092651367,
                12.0
              ],
              "autoUv":false,
              "rotation":90
            },
            "south":{
              "texture":"#material",
              "uv":[
                24.24237823486328,
                11.785419464111328,
                24.732824325561523,
                12.586637496948242
              ],
              "autoUv":false
            },
            "west":{
              "texture":"#material",
              "uv":[
                15.373907089233398,
                13.23202896118164,
                14.861106872558594,
                14.619365692138672
              ],
              "autoUv":false,
              "rotation":270
            },
            "up":{
              "texture":"#material",
              "uv":[
                25.00196075439453,
                15.561922073364258,
                25.42729949951172,
                17.129741668701172
              ],
              "autoUv":false
            },
            "down":{
              "texture":"#material",
              "uv":[
                23.0,
                12.0,
                23.999998092651367,
                10.0
              ],
              "autoUv":false,
              "rotation":180
            }
          },
          "children":[]
        },
        {
          "name":"advanced_head 18",
          "from":[
            3.5549410581588745,
            -0.640557587146759,
            -0.341375470161438
          ],
          "to":[
            4.736942410469055,
            1.14055734872818,
            0.8410661220550537
          ],
          "rotationOrigin":[
            4.145941734313965,
            0.24999988079071045,
            0.24984532594680786
          ],
          "rotationX":6.1815578884276465e-12,
          "rotationY":45.00000125223908,
          "rotationZ":-9.334684741273383e-06,
          "group":"advanced",
          "faces":{
            "north":{
              "texture":"#material",
              "uv":[
                28.0,
                8.0,
                30.000001907348633,
                11.0
              ],
              "autoUv":false
            },
            "east":{
              "texture":"#material",
              "uv":[
                9.806524276733398,
                9.132694244384766,
                12.236186981201172,
                12.79249382019043
              ],
              "autoUv":false
            },
            "south":{
              "texture":"#material",
              "uv":[
                26.749710083007812,
                -0.007793426513671875,
                28.128019332885742,
                5.12934684753418
              ],
              "autoUv":false
            },
            "west":{
              "texture":"#material",
              "uv":[
                12.0,
                9.0,
                10.0,
                12.0
              ],
              "autoUv":false
            },
            "up":{
              "texture":"#material",
              "uv":[
                12.999999046325684,
                9.0,
                11.0,
                11.0
              ],
              "autoUv":false,
              "rotation":90
            },
            "down":{
              "texture":"#material",
              "uv":[
                12.999999046325684,
                11.0,
                11.0,
                9.0
              ],
              "autoUv":false,
              "rotation":90
            }
          },
          "children":[]
        },
        {
          "name":"advanced_head 19",
          "from":[
            4.31081759929657,
            -0.5457965731620789,
            -4.567631781101227
          ],
          "to":[
            5.6939584612846375,
            0.03177666664123535,
            -3.4946683049201965
          ],
          "rotationOrigin":[
            5.002388000488281,
            -0.25700995326042175,
            -4.031150043010712
          ],
          "rotationX":80.0000113331217,
          "rotationY":1.6549430146934273e-05,
          "rotationZ":-104.00013494438761,
          "group":"advanced",
          "faces":{
            "north":{
              "texture":"#material",
              "uv":[
                20.494239807128906,
                9.240669250488281,
                18.538677215576172,
                10.6964111328125
              ],
              "autoUv":false
            },
            "east":{
              "texture":"#material",
              "uv":[
                15.58631420135498,
                6.659189224243164,
                14.861104011535645,
                8.046525955200195
              ],
              "autoUv":false,
              "rotation":90
            },
            "south":{
              "texture":"#material",
              "uv":[
                18.0,
                9.000001907348633,
                20.0,
                11.000003814697266
              ],
              "autoUv":false
            },
            "west":{
              "texture":"#material",
              "uv":[
                15.586318016052246,
                11.307384490966797,
                14.861108779907227,
                12.694723129272461
              ],
              "autoUv":false,
              "rotation":270
            },
            "up":{
              "texture":"#material",
              "uv":[
                17.000001907348633,
                10.999513626098633,
                19.0,
                12.0
              ],
              "autoUv":false
            },
            "down":{
              "texture":"#material",
              "uv":[
                17.000001907348633,
                12.0,
                19.0,
                10.999513626098633
              ],
              "autoUv":false,
              "rotation":180
            }
          },
          "children":[]
        },
        {
          "name":"advanced_head 20",
          "from":[
            4.493162095546722,
            -0.30310818552970886,
            -3.1907355189323425
          ],
          "to":[
            6.025701582431793,
            0.27446499466896057,
            -2.1188570857048035
          ],
          "rotationOrigin":[
            5.259431838989258,
            -0.014321565628051758,
            -2.654796302318573
          ],
          "rotationX":79.99998401236503,
          "rotationY":4.971606953684217e-06,
          "rotationZ":-97.20010788974963,
          "group":"advanced",
          "faces":{
            "north":{
              "texture":"#material",
              "uv":[
                18.420936584472656,
                8.928260803222656,
                16.06569480895996,
                10.172672271728516
              ],
              "autoUv":false
            },
            "east":{
              "texture":"#material",
              "uv":[
                31.657695770263672,
                24.078327178955078,
                30.937664031982422,
                25.178241729736328
              ],
              "autoUv":false,
              "rotation":270
            },
            "south":{
              "texture":"#material",
              "uv":[
                16.0,
                9.000001907348633,
                18.0,
                11.000003814697266
              ],
              "autoUv":false
            },
            "west":{
              "texture":"#material",
              "uv":[
                21.459001541137695,
                10.455856323242188,
                22.102937698364258,
                12.864919662475586
              ],
              "autoUv":false,
              "rotation":270
            },
            "up":{
              "texture":"#material",
              "uv":[
                15.0,
                11.000394821166992,
                17.000001907348633,
                12.0
              ],
              "autoUv":false
            },
            "down":{
              "texture":"#material",
              "uv":[
                19.173664093017578,
                16.96442222595215,
                20.87614631652832,
                15.727283477783203
              ],
              "autoUv":false,
              "rotation":180
            }
          },
          "children":[]
        },
        {
          "name":"advanced_head 21",
          "from":[
            4.111762642860413,
            -0.22292762994766235,
            -3.2548068165779114
          ],
          "to":[
            5.804388463497162,
            0.17191576957702637,
            -2.1838818192481995
          ],
          "rotationOrigin":[
            4.958075523376465,
            -0.025505930185317993,
            -2.7193443179130554
          ],
          "rotationX":79.99998401236503,
          "rotationY":4.9909296630405446e-06,
          "rotationZ":-84.20005174811345,
          "group":"advanced",
          "faces":{
            "north":{
              "texture":"#material",
              "uv":[
                18.75177764892578,
                9.860260009765625,
                15.947953224182129,
                10.220970153808594
              ],
              "autoUv":false
            },
            "east":{
              "texture":"#material",
              "uv":[
                9.471888542175293,
                3.7527313232421875,
                8.922178268432617,
                4.737194061279297
              ],
              "autoUv":false,
              "rotation":180
            },
            "south":{
              "texture":"#material",
              "uv":[
                16.0,
                9.000001907348633,
                18.0,
                11.000003814697266
              ],
              "autoUv":false
            },
            "west":{
              "texture":"#material",
              "uv":[
                21.017566680908203,
                10.45649528503418,
                21.459001541137695,
                12.863410949707031
              ],
              "autoUv":false,
              "rotation":270
            },
            "up":{
              "texture":"#material",
              "uv":[
                9.471888542175293,
                4.737194061279297,
                8.922178268432617,
                8.185771942138672
              ],
              "autoUv":false,
              "rotation":90
            },
            "down":{
              "texture":"#material",
              "uv":[
                15.0,
                12.0,
                17.000001907348633,
                11.000852584838867
              ],
              "autoUv":false,
              "rotation":180
            }
          },
          "children":[]
        },
        {
          "name":"advanced_head 22",
          "from":[
            3.9006370306015015,
            -0.7677536867558956,
            -5.826581418514252
          ],
          "to":[
            5.283778786659241,
            -0.19017988070845604,
            -4.753272891044617
          ],
          "rotationOrigin":[
            4.592207908630371,
            -0.478966798633337,
            -5.289927184581757
          ],
          "rotationX":79.99997035198669,
          "rotationY":-8.770945927313323e-06,
          "rotationZ":-111.500140275736,
          "group":"advanced",
          "faces":{
            "north":{
              "texture":"#material",
              "uv":[
                22.46982192993164,
                9.786418914794922,
                20.721004486083984,
                11.484964370727539
              ],
              "autoUv":false
            },
            "east":{
              "texture":"#material",
              "uv":[
                13.887744903564453,
                13.827430725097656,
                13.266725540161133,
                15.446073532104492
              ],
              "autoUv":false,
              "rotation":90
            },
            "south":{
              "texture":"#material",
              "uv":[
                20.0,
                9.000001907348633,
                22.0,
                11.000003814697266
              ],
              "autoUv":false
            },
            "west":{
              "texture":"#material",
              "uv":[
                15.58631706237793,
                13.23202896118164,
                14.861106872558594,
                14.619365692138672
              ],
              "autoUv":false,
              "rotation":270
            },
            "up":{
              "texture":"#material",
              "uv":[
                19.0,
                10.999237060546875,
                21.0,
                12.0
              ],
              "autoUv":false
            },
            "down":{
              "texture":"#material",
              "uv":[
                19.0,
                12.0,
                21.0,
                10.999235153198242
              ],
              "autoUv":false,
              "rotation":180
            }
          },
          "children":[]
        },
        {
          "name":"advanced_head 23",
          "from":[
            3.308504104614258,
            -0.9741106033325195,
            -6.99641352891922
          ],
          "to":[
            4.691646456718445,
            -0.3965362012386322,
            -5.924050450325012
          ],
          "rotationOrigin":[
            4.000075340270996,
            -0.6853234171867371,
            -6.460231959819794
          ],
          "rotationX":80.00003182368921,
          "rotationY":3.237027165143536e-05,
          "rotationZ":-121.47208669036038,
          "group":"advanced",
          "faces":{
            "north":{
              "texture":"#material",
              "uv":[
                24.242385864257812,
                10.610919952392578,
                22.814117431640625,
                12.58663558959961
              ],
              "autoUv":false
            },
            "east":{
              "texture":"#material",
              "uv":[
                13.88774585723877,
                13.82742691040039,
                13.2667236328125,
                15.44607162475586
              ],
              "autoUv":false,
              "rotation":90
            },
            "south":{
              "texture":"#material",
              "uv":[
                22.0,
                9.000001907348633,
                24.0,
                11.000003814697266
              ],
              "autoUv":false
            },
            "west":{
              "texture":"#material",
              "uv":[
                15.58631706237793,
                13.23202896118164,
                14.86110782623291,
                14.619365692138672
              ],
              "autoUv":false,
              "rotation":270
            },
            "up":{
              "texture":"#material",
              "uv":[
                21.0,
                11.000003814697266,
                23.0,
                12.0
              ],
              "autoUv":false
            },
            "down":{
              "texture":"#material",
              "uv":[
                21.0,
                12.0,
                23.0,
                11.000003814697266
              ],
              "autoUv":false,
              "rotation":180
            }
          },
          "children":[]
        },
        {
          "name":"advanced_head 24",
          "from":[
            3.4348170161247253,
            -0.9919507652521133,
            -7.576943933963776
          ],
          "to":[
            3.843224823474884,
            -0.5835445523262024,
            -6.505272567272186
          ],
          "rotationOrigin":[
            3.6390209197998047,
            -0.7877476215362549,
            -7.041108310222626
          ],
          "rotationX":80.0000113331217,
          "rotationY":-8.402811735152017e-07,
          "rotationZ":-76.47200689094585,
          "group":"advanced",
          "faces":{
            "north":{
              "texture":"#material",
              "uv":[
                24.888219833374023,
                11.940807342529297,
                24.087003707885742,
                12.431251525878906
              ],
              "autoUv":false
            },
            "east":{
              "texture":"#material",
              "uv":[
                23.999998092651367,
                10.096181869506836,
                23.999998092651367,
                12.0
              ],
              "autoUv":false,
              "rotation":90
            },
            "south":{
              "texture":"#material",
              "uv":[
                24.0,
                9.000001907348633,
                24.0,
                11.000003814697266
              ],
              "autoUv":false,
              "rotation":90
            },
            "west":{
              "texture":"#material",
              "uv":[
                15.373907089233398,
                13.23202896118164,
                14.861106872558594,
                14.619365692138672
              ],
              "autoUv":false,
              "rotation":270
            },
            "up":{
              "texture":"#material",
              "uv":[
                25.00196075439453,
                15.561922073364258,
                25.42729949951172,
                17.129741668701172
              ],
              "autoUv":false
            },
            "down":{
              "texture":"#material",
              "uv":[
                23.0,
                12.0,
                23.999998092651367,
                10.0
              ],
              "autoUv":false,
              "rotation":180
            }
          },
          "children":[]
        },
        {
          "name":"advanced_head 25",
          "from":[
            4.310819685459137,
            0.46845656633377075,
            -4.5676369071006775
          ],
          "to":[
            5.693960189819336,
            1.0460297465324402,
            -3.4946736693382263
          ],
          "rotationOrigin":[
            5.002389907836914,
            0.7572431564331055,
            -4.031155288219452
          ],
          "rotationX":100.00000733621296,
          "rotationY":1.1894737122154573e-05,
          "rotationZ":-103.99994369909085,
          "group":"advanced",
          "faces":{
            "north":{
              "texture":"#material",
              "uv":[
                20.0,
                9.000001907348633,
                18.0,
                11.000003814697266
              ],
              "autoUv":false
            },
            "east":{
              "texture":"#material",
              "uv":[
                15.58631420135498,
                6.659189224243164,
                14.861104011535645,
                8.046525955200195
              ],
              "autoUv":false,
              "rotation":90
            },
            "south":{
              "texture":"#material",
              "uv":[
                18.31140899658203,
                9.784912109375,
                20.72149658203125,
                10.152175903320312
              ],
              "autoUv":false
            },
            "west":{
              "texture":"#material",
              "uv":[
                15.586318016052246,
                11.307384490966797,
                14.861108779907227,
                12.694723129272461
              ],
              "autoUv":false,
              "rotation":270
            },
            "up":{
              "texture":"#material",
              "uv":[
                17.000001907348633,
                10.999513626098633,
                19.0,
                12.0
              ],
              "autoUv":false
            },
            "down":{
              "texture":"#material",
              "uv":[
                17.000001907348633,
                12.0,
                19.0,
                10.999513626098633
              ],
              "autoUv":false,
              "rotation":180
            }
          },
          "children":[]
        },
        {
          "name":"advanced_head 26",
          "from":[
            4.4931628704071045,
            0.22576802968978882,
            -3.190739870071411
          ],
          "to":[
            6.025702595710754,
            0.8033413887023926,
            -2.1188613176345825
          ],
          "rotationOrigin":[
            5.259432792663574,
            0.5145547389984131,
            -2.654800593852997
          ],
          "rotationX":99.9999526946996,
          "rotationY":-3.991425749283537e-06,
          "rotationZ":-97.2000054369121,
          "group":"advanced",
          "faces":{
            "north":{
              "texture":"#material",
              "uv":[
                18.0,
                9.000001907348633,
                16.0,
                11.000003814697266
              ],
              "autoUv":false
            },
            "east":{
              "texture":"#material",
              "uv":[
                31.657695770263672,
                24.078327178955078,
                30.937664031982422,
                25.178241729736328
              ],
              "autoUv":false,
              "rotation":270
            },
            "south":{
              "texture":"#material",
              "uv":[
                15.94794750213623,
                9.240673065185547,
                18.538673400878906,
                9.860260009765625
              ],
              "autoUv":false
            },
            "west":{
              "texture":"#material",
              "uv":[
                21.459001541137695,
                10.455856323242188,
                22.102937698364258,
                12.864919662475586
              ],
              "autoUv":false,
              "rotation":270
            },
            "up":{
              "texture":"#material",
              "uv":[
                15.0,
                11.000394821166992,
                17.000001907348633,
                12.0
              ],
              "autoUv":false
            },
            "down":{
              "texture":"#material",
              "uv":[
                19.173664093017578,
                16.96442222595215,
                20.87614631652832,
                15.727283477783203
              ],
              "autoUv":false,
              "rotation":180
            }
          },
          "children":[]
        },
        {
          "name":"advanced_head 27",
          "from":[
            4.1117637157440186,
            0.32869958877563477,
            -3.254742741584778
          ],
          "to":[
            5.804389297962189,
            0.7235429286956787,
            -2.1838181018829346
          ],
          "rotationOrigin":[
            4.958076477050781,
            0.5261212587356567,
            -2.719280421733856
          ],
          "rotationX":99.9999526946996,
          "rotationY":1.792349979241838e-05,
          "rotationZ":-84.19990831414088,
          "group":"advanced",
          "faces":{
            "north":{
              "texture":"#material",
              "uv":[
                18.0,
                9.000001907348633,
                16.0,
                11.000003814697266
              ],
              "autoUv":false
            },
            "east":{
              "texture":"#material",
              "uv":[
                9.471888542175293,
                3.7527313232421875,
                8.922178268432617,
                4.737194061279297
              ],
              "autoUv":false,
              "rotation":180
            },
            "south":{
              "texture":"#material",
              "uv":[
                16.012847900390625,
                9.582050323486328,
                18.686870574951172,
                10.499176025390625
              ],
              "autoUv":false
            },
            "west":{
              "texture":"#material",
              "uv":[
                21.017566680908203,
                10.45649528503418,
                21.459001541137695,
                12.863410949707031
              ],
              "autoUv":false,
              "rotation":270
            },
            "up":{
              "texture":"#material",
              "uv":[
                9.471888542175293,
                4.737194061279297,
                8.922178268432617,
                8.185771942138672
              ],
              "autoUv":false,
              "rotation":90
            },
            "down":{
              "texture":"#material",
              "uv":[
                15.0,
                12.0,
                17.000001907348633,
                11.000852584838867
              ],
              "autoUv":false,
              "rotation":180
            }
          },
          "children":[]
        },
        {
          "name":"advanced_head 28",
          "from":[
            3.900637924671173,
            0.6904119253158569,
            -5.826585948467255
          ],
          "to":[
            5.283779799938202,
            1.2679857313632965,
            -4.753276884555817
          ],
          "rotationOrigin":[
            4.5922088623046875,
            0.9791988134384155,
            -5.28993147611618
          ],
          "rotationX":99.99998684564545,
          "rotationY":4.457155439956613e-06,
          "rotationZ":-111.49987389835837,
          "group":"advanced",
          "faces":{
            "north":{
              "texture":"#material",
              "uv":[
                22.0,
                9.000001907348633,
                20.0,
                11.000003814697266
              ],
              "autoUv":false
            },
            "east":{
              "texture":"#material",
              "uv":[
                13.887744903564453,
                13.827430725097656,
                13.266725540161133,
                15.446073532104492
              ],
              "autoUv":false,
              "rotation":90
            },
            "south":{
              "texture":"#material",
              "uv":[
                20.37670135498047,
                10.610921859741211,
                22.81411361694336,
                10.660465240478516
              ],
              "autoUv":false
            },
            "west":{
              "texture":"#material",
              "uv":[
                15.58631706237793,
                13.23202896118164,
                14.861106872558594,
                14.619365692138672
              ],
              "autoUv":false,
              "rotation":270
            },
            "up":{
              "texture":"#material",
              "uv":[
                19.0,
                10.999237060546875,
                21.0,
                12.0
              ],
              "autoUv":false
            },
            "down":{
              "texture":"#material",
              "uv":[
                19.0,
                12.0,
                21.0,
                10.999235153198242
              ],
              "autoUv":false,
              "rotation":180
            }
          },
          "children":[]
        },
        {
          "name":"advanced_head 29",
          "from":[
            3.3085070848464966,
            0.8967675566673279,
            -6.996417939662933
          ],
          "to":[
            4.6916491985321045,
            1.4743419587612152,
            -5.9240546226501465
          ],
          "rotationOrigin":[
            4.000078201293945,
            1.1855547428131104,
            -6.4602362513542175
          ],
          "rotationX":99.99998001545629,
          "rotationY":-1.0393575564931678e-05,
          "rotationZ":-121.47173152052355,
          "group":"advanced",
          "faces":{
            "north":{
              "texture":"#material",
              "uv":[
                24.0,
                9.000001907348633,
                22.0,
                11.000003814697266
              ],
              "autoUv":false
            },
            "east":{
              "texture":"#material",
              "uv":[
                13.88774585723877,
                13.82742691040039,
                13.2667236328125,
                15.44607162475586
              ],
              "autoUv":false,
              "rotation":90
            },
            "south":{
              "texture":"#material",
              "uv":[
                22.32366180419922,
                11.41214370727539,
                24.732826232910156,
                11.785415649414062
              ],
              "autoUv":false,
              "rotation":270
            },
            "west":{
              "texture":"#material",
              "uv":[
                15.58631706237793,
                13.23202896118164,
                14.86110782623291,
                14.619365692138672
              ],
              "autoUv":false,
              "rotation":270
            },
            "up":{
              "texture":"#material",
              "uv":[
                21.0,
                11.000003814697266,
                23.0,
                12.0
              ],
              "autoUv":false
            },
            "down":{
              "texture":"#material",
              "uv":[
                21.0,
                12.0,
                23.0,
                11.000003814697266
              ],
              "autoUv":false,
              "rotation":180
            }
          },
          "children":[]
        },
        {
          "name":"advanced_head 30",
          "from":[
            3.4348180294036865,
            1.0837757736444473,
            -7.576948463916779
          ],
          "to":[
            3.8432257175445557,
            1.4921819269657135,
            -6.505277693271637
          ],
          "rotationOrigin":[
            3.639021873474121,
            1.2879788875579834,
            -7.041113078594208
          ],
          "rotationX":99.99998001545629,
          "rotationY":5.094627755430732e-06,
          "rotationZ":-76.47165172110901,
          "group":"advanced",
          "faces":{
            "north":{
              "texture":"#material",
              "uv":[
                24.0,
                9.000001907348633,
                24.0,
                11.000003814697266
              ],
              "autoUv":false,
              "rotation":90
            },
            "east":{
              "texture":"#material",
              "uv":[
                23.999998092651367,
                10.096181869506836,
                23.999998092651367,
                12.0
              ],
              "autoUv":false,
              "rotation":90
            },
            "south":{
              "texture":"#material",
              "uv":[
                24.24237823486328,
                11.785419464111328,
                24.732824325561523,
                12.586637496948242
              ],
              "autoUv":false
            },
            "west":{
              "texture":"#material",
              "uv":[
                15.373907089233398,
                13.23202896118164,
                14.861106872558594,
                14.619365692138672
              ],
              "autoUv":false,
              "rotation":270
            },
            "up":{
              "texture":"#material",
              "uv":[
                25.00196075439453,
                15.561922073364258,
                25.42729949951172,
                17.129741668701172
              ],
              "autoUv":false
            },
            "down":{
              "texture":"#material",
              "uv":[
                23.0,
                12.0,
                23.999998092651367,
                10.0
              ],
              "autoUv":false,
              "rotation":180
            }
          },
          "children":[]
        },
        {
          "name":"advanced_head 31",
          "from":[
            4.9833677262067795,
            -0.5800968408584595,
            -2.390309229493141
          ],
          "to":[
            5.341877177357674,
            1.0800966024398804,
            -2.03166626393795
          ],
          "rotationOrigin":[
            5.162622451782227,
            0.24999988079071045,
            -2.2109877467155457
          ],
          "group":"advanced",
          "faces":{
            "north":{
              "texture":"#material",
              "uv":[
                19.0,
                11.999998092651367,
                20.0,
                15.0
              ],
              "autoUv":false
            },
            "east":{
              "texture":"#material",
              "uv":[
                16.0,
                12.000001907348633,
                17.0,
                15.0
              ],
              "autoUv":false
            },
            "south":{
              "texture":"#material",
              "uv":[
                18.0,
                9.0,
                19.0,
                12.0
              ],
              "autoUv":false
            },
            "west":{
              "texture":"#material",
              "uv":[
                17.0,
                11.999998092651367,
                16.0,
                15.0
              ],
              "autoUv":false
            },
            "up":{
              "texture":"#material",
              "uv":[
                18.0,
                12.0,
                17.0,
                13.0
              ],
              "autoUv":false,
              "rotation":90
            },
            "down":{
              "texture":"#material",
              "uv":[
                18.0,
                13.0,
                17.0,
                12.0
              ],
              "autoUv":false,
              "rotation":90
            }
          },
          "children":[]
        }
      ]
    }
  ],
  "groups":[]
}