{
  "version": 10,
  "file": "SmithingPlus.json",
  "patches": {},
  "settings": [
    {
      "type": "separator",
      "title": "smithingplus:settingtitle-smithwithbits",
      "weight": 2
    },
    {
      "code": "SmithWithBits",
      "ingui": "smithingplus:setting-smithwithbits",
      "type": "boolean",
      "weight": 1.999,
      "comment": "smithingplus:setting-smithwithbits-desc",
      "default": true
    },
    {
      "code": "RecoverBitsOnSplit",
      "ingui": "smithingplus:setting-recoverbitsonsplit",
      "type": "boolean",
      "weight": 1.99,
      "comment": "Recover metal bits on split",
      "default": true
    },
    {
      "code": "HelveHammerBitsRecovery",
      "ingui": "smithingplus:setting-helvehammerbitsrecovery",
      "type": "boolean",
      "weight": 1.98,
      "comment": "smithingplus:setting-helvehammerbitsrecovery-desc",
      "default": true
    },
    {
      "code": "VoxelsPerBit",
      "ingui": "smithingplus:setting-voxelsperbit",
      "type": "float",
      "weight": 1.9,
      "comment": "smithingplus:setting-voxelsperbit-desc",
      "default": 2.1,
      "range": {
        "min": 2,
        "max": 3
      }
    },
    {
      "code": "BitsTopUp",
      "ingui": "smithingplus:setting-bitstopup",
      "type": "boolean",
      "weight": 1.7,
      "comment": "smithingplus:setting-bitstopup-desc",
      "default": true
    },
    {
      "type": "separator",
      "title": "smithingplus:settingtitle-toolrecovery",
      "weight": 1.5
    },
    {
      "code": "EnableToolRecovery",
      "ingui": "smithingplus:setting-enabletoolrecovery",
      "type": "boolean",
      "weight": 1.49,
      "comment": "smithingplus:setting-enabletoolrecovery-desc",
      "default": true
    },
    {
      "code": "DurabilityPenaltyPerRepair",
      "ingui": "smithingplus:setting-durabilitypenaltyperrepair",
      "type": "float",
      "weight": 1.45,
      "comment": "smithingplus:setting-durabilitypenaltyperrepair-desc",
      "default": 0.05,
      "range": {
        "min": 0,
        "max": 1
      }
    },
    {
      "code": "ToolRepairForgettableAttributes",
      "ingui": "smithingplus:setting-toolrepairforgettableattributes",
      "type": "string",
      "weight": 1.4,
      "comment": "smithingplus:setting-toolrepairforgettableattributes-desc",
      "default": "quality,maxRepair"
    },
    {
      "code": "RepairableToolDurabilityMultiplier",
      "ingui": "smithingplus:setting-repairabletooldurabilitymultiplier",
      "type": "float",
      "weight": 1.35,
      "comment": "smithingplus:setting-repairabletooldurabilitymultiplier-desc",
      "default": 1,
      "range": {
        "min": 0,
        "max": 1
      }
    },
    {
      "code": "BrokenToolVoxelPercent",
      "ingui": "smithingplus:setting-brokentoolvoxelpercent",
      "type": "float",
      "weight": 1.3,
      "comment": "smithingplus:setting-brokentoolvoxelpercent-desc",
      "default": 0.8,
      "range": {
        "min": 0,
        "max": 1
      }
    },
    {
      "code": "RepairableToolSelector",
      "ingui": "smithingplus:setting-repairabletoolselector",
      "type": "string",
      "weight": 1.25,
      "comment": "smithingplus:setting-repairabletoolselector-desc",
      "default": "@.*(pickaxe|shovel|saw|axe|hoe|knife|hammer|chisel|shears|sword|spear|bow|shield|sickle|scythe|tongs|wrench|solderingiron|cleaver|prospectingpick|crossbow|pistol|rifle|shotgun|blade|halberd|poleaxe|quarterstaff|pike).*"
    },
    {
      "code": "ToolHeadSelector",
      "ingui": "smithingplus:setting-toolheadselector",
      "type": "string",
      "weight": 1.2,
      "comment": "smithingplus:setting-toolheadselector-desc",
      "default": "@(.*)(head|blade|boss|barrel|stirrup|part)(.*)"
    },
    {
      "code": "IngotSelector",
      "ingui": "smithingplus:setting-ingotselector",
      "type": "string",
      "weight": 1.15,
      "comment": "smithingplus:setting-ingotselector-desc",
      "default": "@(.*):ingot-(.*)"
    },
    {
      "code": "WorkItemSelector",
      "ingui": "smithingplus:setting-workitemselector",
      "type": "string",
      "weight": 1.1,
      "comment": "smithingplus:setting-workitemselector-desc",
      "default": "@(.*):workitem-(.*)"
    },
    {
      "code": "DontRepairBrokenToolHeads",
      "ingui": "smithingplus:setting-dontrepairbrokentoolheads",
      "type": "boolean",
      "weight": 1.05,
      "comment": "smithingplus:setting-dontrepairbrokentoolheads-desc",
      "default": false
    },
    {
      "code": "CanRepairForlornHopeEstoc",
      "ingui": "smithingplus:setting-canrepairforlornhopeestoc",
      "type": "boolean",
      "weight": 1.04,
      "comment": "smithingplus:setting-canrepairforlornhopeestoc-desc",
      "default": true
    },
    {
      "code": "ShowRepairedCount",
      "ingui": "smithingplus:setting-showrepairedcount",
      "type": "boolean",
      "weight": 1.03,
      "comment": "smithingplus:setting-showrepairedcount-desc",
      "default": true
    },
    {
      "code": "ShowBrokenCount",
      "ingui": "smithingplus:setting-showbrokencount",
      "type": "boolean",
      "weight": 1.02,
      "comment": "smithingplus:setting-showbrokencount-desc",
      "default": true
    },
    {
      "code": "ShowRepairSmithName",
      "ingui": "smithingplus:setting-showrepairsmithname",
      "type": "boolean",
      "weight": 1.01,
      "comment": "smithingplus:setting-showrepairsmithname-desc",
      "default": false
    },
    {
      "code": "HelveHammerSmithingQualityModifier",
      "ingui": "smithingplus:setting-helvehammersmithingqualitymodifier",
      "type": "float",
      "weight": 1.005,
      "comment": "smithingplus:setting-helvehammersmithingqualitymodifier-desc",
      "default": 1,
      "range": {
        "min": 0.1,
        "max": 2
      }
    },
    {
      "type": "separator",
      "title": "smithingplus:settingtitle-recycleablearrows",
      "weight": 1
    },
    {
      "code": "ArrowsDropBits",
      "ingui": "smithingplus:setting-arrowsdropbits",
      "type": "boolean",
      "weight": 0.99,
      "comment": "smithingplus:setting-arrowsdropbits-desc",
      "default": true
    },
    {
      "code": "ArrowSelector",
      "ingui": "smithingplus:setting-arrowselector",
      "type": "string",
      "weight": 0.9,
      "comment": "smithingplus:setting-arrowselector-desc",
      "default": "@(.*)arrow-(.*)"
    },
    {
      "type": "separator",
      "title": "smithingplus:settingtitle-metalcastingtweaks",
      "weight": 0.8
    },
    {
      "code": "MetalCastingTweaks",
      "ingui": "smithingplus:setting-metalcastingtweaks",
      "type": "boolean",
      "weight": 0.79,
      "comment": "smithingplus:setting-metalcastingtweaks-desc",
      "default": true
    },
    {
      "code": "CastToolDurabilityPenalty",
      "ingui": "smithingplus:setting-casttooldurabilitypenalty",
      "type": "float",
      "weight": 0.78,
      "comment": "smithingplus:setting-casttooldurabilitypenalty-desc",
      "default": 0.1,
      "range": {
        "min": 0,
        "max": 1
      }
    },
    {
      "code": "DynamicMoldUnits",
      "ingui": "smithingplus:setting-dynamicmoldunits",
      "type": "boolean",
      "weight": 0.79,
      "comment": "smithingplus:setting-dynamicmoldunits-desc",
      "default": false
    },
    {
      "type": "separator",
      "title": "smithingplus:settingtitle-hammertweaks",
      "weight": 0.52
    },
    {
      "code": "HammerTweaks",
      "ingui": "smithingplus:setting-hammertweaks",
      "type": "boolean",
      "weight": 0.51,
      "comment": "smithingplus:setting-hammertweaks-desc",
      "default": true
    },
    {
      "code": "RotationRequiresTongs",
      "ingui": "smithingplus:setting-rotationrequirestongs",
      "type": "boolean",
      "weight": 0.505,
      "comment": "smithingplus:setting-rotationrequirestongs-desc",
      "default": false
    },
    {
      "type": "separator",
      "title": "smithingplus:settingtitle-clienttweaks",
      "weight": 0.5
    },
    {
      "code": "AnvilShowRecipeVoxels",
      "ingui": "smithingplus:setting-anvilshowrecipevoxels",
      "type": "boolean",
      "weight": 0.49,
      "comment": "smithingplus:setting-anvilshowrecipevoxels-desc",
      "default": true
    },
    {
      "code": "AnvilRecipeSelectionColumns",
      "ingui": "smithingplus:setting-anvilrecipeselectioncolumns",
      "type": "int",
      "weight": 0.48,
      "comment": "smithingplus:setting-anvilrecipeselectioncolumns-desc",
      "default": 8
    },
    {
      "code": "RememberHammerToolMode",
      "ingui": "smithingplus:setting-rememberhammertooldmode",
      "type": "boolean",
      "weight": 0.45,
      "comment": "smithingplus:setting-rememberhammertooldmode-desc",
      "default": true
    },
    {
      "code": "ShowWorkableTemperature",
      "ingui": "smithingplus:setting-showworkabletemperature",
      "type": "boolean",
      "weight": 0.4,
      "comment": "smithingplus:setting-showworkabletemperature-desc",
      "default": true
    },
    {
      "code": "HandbookExtraInfo",
      "ingui": "smithingplus:setting-handbookextrainfo",
      "type": "boolean",
      "weight": 0.35,
      "comment": "smithingplus:setting-handbookextrainfo-desc",
      "default": true
    }
  ]
}
