{
	"editor": {
		"backDropShape": "entity/bovinae/bubalusmindorensis/adult",
		"allAngles": true,
		"entityTextureMode": true
	},
	"textureWidth": 52,
	"textureHeight": 60,
	"textureSizes": {
		"skin": [52,60]
	},
	"textures": {
		"skin": "entity/bovinae/bubalusmindorensis-male"
	},
	"elements": [
		{
			"name": "LHorn1",
			"stepParentName": "AntlerBase",
			"from": [ -0.3, 0.3, 0.6 ],
			"to": [ 1.3, 1.3, 1.9 ],
			"unwrapMode": 2,
			"uv": [ 22.5, 12.0 ],
			"rotationOrigin": [ 0.2, 0.3, 1.0 ],
			"rotationX": 83.0,
			"rotationY": 3.0,
			"rotationZ": -50.0,
			"faces": {
				"north": { "texture": "#skin", "uv": [ 25.0, 13.5, 26.5, 14.5 ] },
				"east": { "texture": "#skin", "uv": [ 24.0, 13.5, 25.0, 14.5 ] },
				"south": { "texture": "#skin", "uv": [ 22.5, 13.5, 24.0, 14.5 ] },
				"west": { "texture": "#skin", "uv": [ 26.5, 13.5, 27.5, 14.5 ] },
				"up": { "texture": "#skin", "uv": [ 24.0, 12.0, 25.0, 13.5 ], "rotation": 270 }
			},
			"children": [
				{
					"name": "LHorn2",
					"from": [ 0.0, 0.9, 0.0 ],
					"to": [ 1.5, 0.9, 1.2 ],
					"unwrapMode": 2,
					"uv": [ 22.5, 10.5 ],
					"rotationOrigin": [ 0.6, 0.9, 0.6 ],
					"rotationX": -5.0,
					"rotationY": 4.0,
					"rotationZ": -3.0,
					"faces": {
					},
					"children": [
						{
							"name": "LHorn3",
							"from": [ 0.0, -0.1, 0.1 ],
							"to": [ 1.5, 0.4, 1.1 ],
							"unwrapMode": 2,
							"uv": [ 22.5, 9.5 ],
							"rotationOrigin": [ 0.5, -0.1, 0.6 ],
							"rotationZ": -12.0,
							"faces": {
								"north": { "texture": "#skin", "uv": [ 25.0, 11.0, 26.5, 11.5 ] },
								"east": { "texture": "#skin", "uv": [ 24.0, 11.0, 25.0, 11.5 ] },
								"south": { "texture": "#skin", "uv": [ 22.5, 11.0, 24.0, 11.5 ] },
								"west": { "texture": "#skin", "uv": [ 26.5, 11.0, 27.5, 11.5 ] },
								"up": { "texture": "#skin", "uv": [ 24.0, 9.5, 25.0, 11.0 ], "rotation": 270 }
							},
							"children": [
								{
									"name": "LHorn4",
									"from": [ 0.0, 0.4, 0.0 ],
									"to": [ 1.5, 0.4, 1.0 ],
									"unwrapMode": 1,
									"uv": [ 22.5, 9.0 ],
									"rotationOrigin": [ 0.4, 0.4, 0.4 ],
									"rotationY": 1.0,
									"rotationZ": -1.0,
									"faces": {
									},
									"children": [
										{
											"name": "LHorn5",
											"from": [ 0.0, 0.0, 0.0 ],
											"to": [ 1.4, 0.5, 0.8 ],
											"unwrapMode": 3,
											"uv": [ 22.5, 8.0 ],
											"rotationOrigin": [ 0.5, 0.0, 0.5 ],
											"rotationX": -5.0,
											"rotationY": -4.0,
											"rotationZ": -2.0,
											"faces": {
												"north": { "texture": "#skin", "uv": [ 24.5, 8.5, 25.5, 9.0 ] },
												"east": { "texture": "#skin", "uv": [ 24.0, 8.5, 24.5, 9.0 ] },
												"south": { "texture": "#skin", "uv": [ 23.0, 8.5, 24.0, 9.0 ] },
												"west": { "texture": "#skin", "uv": [ 22.5, 8.5, 23.0, 9.0 ] },
												"up": { "texture": "#skin", "uv": [ 23.0, 8.0, 24.0, 8.5 ] }
											},
											"children": [
												{
													"name": "LHorn6",
													"from": [ 0.1, 0.4, 0.1 ],
													"to": [ 1.3, 0.4, 0.7 ],
													"unwrapMode": 3,
													"uv": [ 22.5, 7.0 ],
													"rotationOrigin": [ 0.4, 0.4, 0.4 ],
													"rotationX": -4.0,
													"rotationY": -4.0,
													"rotationZ": -6.0,
													"faces": {
													},
													"children": [
														{
															"name": "LHorn7",
															"from": [ 0.0, 0.0, 0.05 ],
															"to": [ 1.0, 0.5, 0.55 ],
															"unwrapMode": 3,
															"uv": [ 22.5, 6.0 ],
															"rotationOrigin": [ 0.2, 0.0, 0.3 ],
															"rotationX": -2.0,
															"rotationY": -4.0,
															"rotationZ": -2.0,
															"faces": {
																"north": { "texture": "#skin", "uv": [ 24.5, 6.5, 25.5, 7.0 ] },
																"east": { "texture": "#skin", "uv": [ 24.0, 6.5, 24.5, 7.0 ] },
																"south": { "texture": "#skin", "uv": [ 23.0, 6.5, 24.0, 7.0 ] },
																"west": { "texture": "#skin", "uv": [ 22.5, 6.5, 23.0, 7.0 ] },
																"up": { "texture": "#skin", "uv": [ 23.0, 6.0, 24.0, 6.5 ] }
															},
															"children": [
																{
																	"name": "LHorn8",
																	"from": [ 0.1, 0.4, 0.1 ],
																	"to": [ 0.7, 0.9, 0.4 ],
																	"unwrapMode": 3,
																	"uv": [ 22.5, 5.5 ],
																	"rotationOrigin": [ 0.2, 0.4, 0.2 ],
																	"rotationX": -2.0,
																	"rotationY": -4.0,
																	"rotationZ": -1.0,
																	"faces": {
																		"north": { "texture": "#skin", "uv": [ 24.0, 6.0, 24.5, 6.5 ] },
																		"east": { "texture": "#skin", "uv": [ 23.5, 6.0, 24.0, 6.5 ] },
																		"south": { "texture": "#skin", "uv": [ 23.0, 6.0, 23.5, 6.5 ] },
																		"west": { "texture": "#skin", "uv": [ 22.5, 6.0, 23.0, 6.5 ] },
																		"up": { "texture": "#skin", "uv": [ 23.0, 5.5, 23.5, 6.0 ] }
																	}
																}
															]
														}
													]
												}
											]
										}
									]
								}
							]
						}
					]
				}
			]
		},
		{
			"name": "RHorn1",
			"stepParentName": "AntlerBase",
			"from": [ -0.3, 0.2, -1.8 ],
			"to": [ 1.3, 1.2, -0.5 ],
			"unwrapMode": 2,
			"uv": [ 24.0, 12.0 ],
			"rotationOrigin": [ 0.2, 0.2, -1.0 ],
			"rotationX": -83.0,
			"rotationY": -3.0,
			"rotationZ": -50.0,
			"faces": {
				"north": { "texture": "#skin", "uv": [ 26.5, 13.5, 28.0, 14.5 ] },
				"east": { "texture": "#skin", "uv": [ 25.5, 13.5, 26.5, 14.5 ] },
				"south": { "texture": "#skin", "uv": [ 24.0, 13.5, 25.5, 14.5 ] },
				"west": { "texture": "#skin", "uv": [ 28.0, 13.5, 29.0, 14.5 ] },
				"up": { "texture": "#skin", "uv": [ 25.5, 12.0, 26.5, 13.5 ], "rotation": 270 }
			},
			"children": [
				{
					"name": "RHorn2",
					"from": [ 0.0, 0.8, 0.1 ],
					"to": [ 1.5, 0.8, 1.3 ],
					"unwrapMode": 2,
					"uv": [ 24.0, 10.5 ],
					"rotationOrigin": [ 0.6, 0.8, 0.9 ],
					"rotationX": 5.0,
					"rotationY": -4.0,
					"rotationZ": -3.0,
					"faces": {
					},
					"children": [
						{
							"name": "RHorn3",
							"from": [ 0.0, -0.1, 0.1 ],
							"to": [ 1.5, 0.4, 1.1 ],
							"unwrapMode": 2,
							"uv": [ 24.0, 9.5 ],
							"rotationOrigin": [ 0.5, -0.1, 0.6 ],
							"rotationZ": -12.0,
							"faces": {
								"north": { "texture": "#skin", "uv": [ 26.5, 11.0, 28.0, 11.5 ] },
								"east": { "texture": "#skin", "uv": [ 25.5, 11.0, 26.5, 11.5 ] },
								"south": { "texture": "#skin", "uv": [ 24.0, 11.0, 25.5, 11.5 ] },
								"west": { "texture": "#skin", "uv": [ 28.0, 11.0, 29.0, 11.5 ] },
								"up": { "texture": "#skin", "uv": [ 25.5, 9.5, 26.5, 11.0 ], "rotation": 270 }
							},
							"children": [
								{
									"name": "RHorn4",
									"from": [ 0.0, 0.4, 0.0 ],
									"to": [ 1.5, 0.4, 1.0 ],
									"unwrapMode": 3,
									"uv": [ 24.0, 9.0 ],
									"rotationOrigin": [ 0.4, 0.4, 0.4 ],
									"rotationY": -1.0,
									"rotationZ": -1.0,
									"faces": {
									},
									"children": [
										{
											"name": "RHorn5",
											"from": [ 0.0, 0.0, 0.0 ],
											"to": [ 1.4, 0.5, 0.8 ],
											"unwrapMode": 1,
											"uv": [ 26.0, 8.0 ],
											"rotationOrigin": [ 0.5, 0.0, 0.5 ],
											"rotationX": 5.0,
											"rotationY": 4.0,
											"rotationZ": -2.0,
											"faces": {
												"north": { "texture": "#skin", "uv": [ 26.5, 8.5, 27.5, 9.0 ] },
												"east": { "texture": "#skin", "uv": [ 26.0, 8.5, 26.5, 9.0 ] },
												"south": { "texture": "#skin", "uv": [ 28.0, 8.5, 29.0, 9.0 ] },
												"west": { "texture": "#skin", "uv": [ 27.5, 8.5, 28.0, 9.0 ] },
												"up": { "texture": "#skin", "uv": [ 26.5, 8.0, 27.5, 8.5 ], "rotation": 180 }
											},
											"children": [
												{
													"name": "RHorn6",
													"from": [ 0.1, 0.4, 0.1 ],
													"to": [ 1.3, 0.4, 0.7 ],
													"unwrapMode": 1,
													"uv": [ 26.0, 7.0 ],
													"rotationOrigin": [ 0.4, 0.4, 0.4 ],
													"rotationX": 4.0,
													"rotationY": 4.0,
													"rotationZ": -6.0,
													"faces": {
													},
													"children": [
														{
															"name": "RHorn7",
															"from": [ 0.0, 0.0, 0.05 ],
															"to": [ 1.0, 0.5, 0.55 ],
															"unwrapMode": 1,
															"uv": [ 26.0, 6.0 ],
															"rotationOrigin": [ 0.2, 0.0, 0.3 ],
															"rotationX": 2.0,
															"rotationY": 4.0,
															"rotationZ": -2.0,
															"faces": {
																"north": { "texture": "#skin", "uv": [ 26.5, 6.5, 27.5, 7.0 ] },
																"east": { "texture": "#skin", "uv": [ 26.0, 6.5, 26.5, 7.0 ] },
																"south": { "texture": "#skin", "uv": [ 28.0, 6.5, 29.0, 7.0 ] },
																"west": { "texture": "#skin", "uv": [ 27.5, 6.5, 28.0, 7.0 ] },
																"up": { "texture": "#skin", "uv": [ 26.5, 6.0, 27.5, 6.5 ], "rotation": 180 }
															},
															"children": [
																{
																	"name": "RHorn8",
																	"from": [ 0.1, 0.4, 0.1 ],
																	"to": [ 0.7, 0.9, 0.4 ],
																	"unwrapMode": 1,
																	"uv": [ 27.0, 5.5 ],
																	"rotationOrigin": [ 0.2, 0.4, 0.2 ],
																	"rotationX": 2.0,
																	"rotationY": 4.0,
																	"rotationZ": -1.0,
																	"faces": {
																		"north": { "texture": "#skin", "uv": [ 27.5, 6.0, 28.0, 6.5 ] },
																		"east": { "texture": "#skin", "uv": [ 27.0, 6.0, 27.5, 6.5 ] },
																		"south": { "texture": "#skin", "uv": [ 28.5, 6.0, 29.0, 6.5 ] },
																		"west": { "texture": "#skin", "uv": [ 28.0, 6.0, 28.5, 6.5 ] },
																		"up": { "texture": "#skin", "uv": [ 27.5, 5.5, 28.0, 6.0 ], "rotation": 180 }
																	}
																}
															]
														}
													]
												}
											]
										}
									]
								}
							]
						}
					]
				}
			]
		}
	],
	"animations": [
	]
}