{
	"version": 3,
	"patches": {
		"boolean": {
			"bradycrudebuilding:blocktypes/clay/fired/bucket.json": { "enabled": "BUCKET_CLAY" },
			"bradycrudebuilding:blocktypes/clay/raw/bucket.json": { "enabled": "BUCKET_CLAY" },
			"bradycrudebuilding:recipes/clayforming/bucket.json": { "enabled": "BUCKET_CLAY" },
			"bradycrudebuilding:compatibility/bricklayers/blocktypes/clay/bucketcoloured.json": { "enabled": "BUCKET_CLAY" },
			"bradycrudebuilding:compatibility/bricklayers/recipes/clayforming/bucket.json": { "enabled": "BUCKET_CLAY" },
			"bradycrudebuilding:recipes/grid/wood/door/crude-advanced.json": { "3/enabled": "BUCKET_CLAY" },
			"bradycrudebuilding:recipes/grid/bucketcrafting.json": {
				"0/enabled": "BUCKET_CLAY",
				"1/enabled": "BUCKET_CLAY"
			},
			"bradycrudebuilding:compatibility/floralzoneseastasiaticregion/recipes/grid/oillamp-cleaning.json": {
				"0/enabled": "BUCKET_CLAY",
				"1/enabled": "BRAZIER_CLAY",
				"2/enabled": "BRAZIER_CLAY",
			},
			"bradycrudebuilding:recipes/barrel/clay/dissolve.json": {
				"0/enabled": "BUCKET_CLAY",
				"1/enabled": "BRAZIER_CLAY"
			},
			"bradycrudebuilding:blocktypes/clay/fired/bowl-large.json": { "enabled": "BRAZIER_CLAY" },
			"bradycrudebuilding:blocktypes/clay/raw/bowl-large.json": { "enabled": "BRAZIER_CLAY" },
			"bradycrudebuilding:recipes/clayforming/bowl-large.json": { "enabled": "BRAZIER_CLAY" },
			"bradycrudebuilding:blocktypes/clay/fired/oilbrazier.json": { "enabled": "BRAZIER_CLAY" },
			"bradycrudebuilding:recipes/grid/oilbrazier.json": { "0/enabled": "BRAZIER_CLAY" },
			"bradycrudebuilding:compatibility/somedisassemblyrequired/recipes/grid/ceramic.json": {
				"0/enabled": "BRAZIER_CLAY",
				"1/enabled": "BRAZIER_CLAY",
				"2/enabled": "BRAZIER_CLAY",
				"3/enabled": "BUCKET_CLAY" 
			},
			"bradycrudebuilding:patches/config/resolvebowl.json": { "0/enabled": "(BUCKET_CLAY) ? false : true" },
			"bradycrudebuilding:patches/config/disabledwalkwaysnow.json": {
				"0/enabled": "WALKWAY_SNOW",
				"1/enabled": "WALKWAY_SNOW"
			},
			"bradycrudebuilding:compatibility/clayworks/patches/bricklayers.json": {
				"1/enabled": "(COMPAT_CLAY) ? true : false", 
				"2/enabled": "(COMPAT_CLAY) ? true : false"
			},
			"bradycrudebuilding:compatibility/bricklayers/patches/clayworks.json": {
				"1/enabled": "(COMPAT_CLAY) ? false : true", 
				"2/enabled": "(COMPAT_CLAY) ? false : true"
			},
			"bradycrudebuilding:blocktypes/wood/shelter.json": { "enabled": "PERSIIS_SHELTER" },
			"bradycrudebuilding:recipes/grid/wood/shelter.json": { "0/enabled": "PERSIIS_SHELTER" },
		}
	},
	"settings": {
		"boolean": {
			"BUCKET_CLAY": {
				"name": "bucket-clay",
				"ingui": "setting-bucket-clay",
				"weight": 0.1,
				"comment": "hint-bucket-clay",
				"default": true
			},
			"BRAZIER_CLAY": {
				"name": "brazier-clay",
				"ingui": "setting-brazier-clay",
				"weight": 0.2,
				"comment": "hint-brazier-clay",
				"default": true
			},
			"PERSIIS_SHELTER": {
				"name": "persiis-shelter",
				"ingui": "setting-persiis-shelter",
				"weight": 0.3,
				"comment": "hint-persiis-shelter",
				"default": false
			},
			"WALKWAY_SNOW": {
				"name": "walkway-snow",
				"ingui": "setting-walkway-snow",
				"weight": 5.0,
				"comment": "hint-walkway-snow",
				"default": false
			},
			"COMPAT_CLAY": {
				"name": "compat-clay",
				"ingui": "setting-compat-clay",
				"weight": 99,
				"comment": "hint-compat-clay",
				"default": true
			},
		}
	},
	"//formatting": [
		{
			"type": "separator",
			"weight": 1.0
		}
	]
}