{
  "textureWidth":16,
  "textureHeight":16,
  "textures":{
    "material":"game:item/tool/material/string"
  },
  "textureSizes":{
    "material":[
      32,
      32
    ]
  },
  "elements":[
    {
      "name":"origin",
      "from":[
        11.0,
        0.5,
        7.699999988079071
      ],
      "to":[
        11.0,
        0.5,
        7.699999988079071
      ],
      "rotationOrigin":[
        8.0,
        0.0,
        8.0
      ],
      "group":"unv_string_metalhead",
      "faces":{
        "north":{
          "texture":"#0",
          "uv":[
            0,
            0,
            4,
            4
          ],
          "autoUv":false
        },
        "east":{
          "texture":"#0",
          "uv":[
            0,
            0,
            4,
            4
          ],
          "autoUv":false
        },
        "south":{
          "texture":"#0",
          "uv":[
            0,
            0,
            4,
            4
          ],
          "autoUv":false
        },
        "west":{
          "texture":"#0",
          "uv":[
            0,
            0,
            4,
            4
          ],
          "autoUv":false
        },
        "up":{
          "texture":"#material",
          "uv":[
            0.0,
            0.0,
            1.0,
            1.0
          ],
          "autoUv":false,
          "rotation":180
        },
        "down":{
          "texture":"#0",
          "uv":[
            0,
            0,
            4,
            4
          ],
          "autoUv":false
        }
      },
      "children":[
        {
          "name":"unv_string_metalhead1",
          "from":[
            -3.498352140188217,
            -0.41043901443481445,
            -0.048495709896087646
          ],
          "to":[
            -2.981163889169693,
            1.414687156677246,
            0.6747122406959534
          ],
          "rotationOrigin":[
            -3.239758014678955,
            0.5021240711212158,
            0.31310826539993286
          ],
          "rotationX":7.197264470723698e-16,
          "rotationY":2.037485359865763e-17,
          "rotationZ":3.2430924924588833,
          "group":"unv_string_metalhead",
          "faces":{
            "north":{
              "texture":"#material",
              "uv":[
                0.0,
                1.0,
                4.0,
                2.0
              ],
              "autoUv":false,
              "rotation":90
            },
            "east":{
              "texture":"#material",
              "uv":[
                0.37025588750839233,
                0.0,
                1.604278564453125,
                4.0
              ],
              "autoUv":false
            },
            "south":{
              "texture":"#material",
              "uv":[
                4.0,
                1.0,
                8.0,
                2.0
              ],
              "autoUv":false,
              "rotation":90
            },
            "west":{
              "texture":"#material",
              "uv":[
                1.395721435546875,
                8.0,
                2.629744052886963,
                12.0
              ],
              "autoUv":false
            },
            "up":{
              "texture":"#material",
              "uv":[
                11.395721435546875,
                3.0,
                12.629743576049805,
                4.0
              ],
              "autoUv":false,
              "rotation":90
            },
            "down":{
              "texture":"#material",
              "uv":[
                15.629743576049805,
                4.0,
                14.395721435546875,
                3.0
              ],
              "autoUv":false,
              "rotation":270
            }
          },
          "children":[]
        },
        {
          "name":"unv_string_metalhead2",
          "from":[
            -2.9839819073677063,
            -0.4842773675918579,
            -0.06634992361068726
          ],
          "to":[
            -2.465671718120575,
            1.4574334621429443,
            0.692566454410553
          ],
          "rotationOrigin":[
            -2.7248268127441406,
            0.4865780472755432,
            0.31310826539993286
          ],
          "rotationX":-1.80164567289822e-15,
          "rotationY":1.2821502859243701e-16,
          "rotationZ":-8.141257641575038,
          "group":"unv_string_metalhead",
          "faces":{
            "north":{
              "texture":"#material",
              "uv":[
                0.0,
                1.0,
                4.0,
                2.0
              ],
              "autoUv":false,
              "rotation":90
            },
            "east":{
              "texture":"#material",
              "uv":[
                0.37025588750839233,
                0.0,
                1.604278564453125,
                4.0
              ],
              "autoUv":false
            },
            "south":{
              "texture":"#material",
              "uv":[
                4.0,
                1.0,
                8.0,
                2.0
              ],
              "autoUv":false,
              "rotation":90
            },
            "west":{
              "texture":"#material",
              "uv":[
                1.395721435546875,
                8.0,
                2.629744052886963,
                12.0
              ],
              "autoUv":false
            },
            "up":{
              "texture":"#material",
              "uv":[
                11.395721435546875,
                3.0,
                12.629743576049805,
                4.0
              ],
              "autoUv":false,
              "rotation":90
            },
            "down":{
              "texture":"#material",
              "uv":[
                15.629743576049805,
                4.0,
                14.395721435546875,
                3.0
              ],
              "autoUv":false,
              "rotation":270
            }
          },
          "children":[]
        }
      ]
    }
  ],
  "groups":[]
}