﻿[
    // Tyrannosauridae
    {
        "side": "server",
        "file": "tyrannosauridae:entities/land/tyrannosauridae",
        "op": "add",
        "path": "/server/behaviors/-",
        "value": {
            "code": "EntityBleedingBehavior"
        }
    },
    {
        "side": "server",
        "file":  "tyrannosauridae:entities/land/tyrannosauridae",
        "op": "add",
        "path": "/client/behaviors/-",
        "value": {
            "code": "EntityBleedingBehaviorParticles"
        }
    }
]