{
	"editor": {
		"allAngles": true,
		"entityTextureMode": true
	},
	"textureWidth": 64,
	"textureHeight": 64,
	"textureSizes": {
	},
	"textures": {
		"greenwichhead": "fagreenwich:armor/entity/greenwich_steel",
		"plume": "fagreenwich:block/plume/plumered"
	},
	"elements": [
		{
			"name": "ArmorHelmet",
			"stepParentName": "Head",
			"from": [ -2.3, -0.5, -0.6 ],
			"to": [ 6.4, 5.5, 5.7 ],
			"autoUnwrap": false,
			"uv": [ 27.0, 14.0 ],
			"rotationOrigin": [ -2.3, -0.5, -0.6 ],
			"faces": {
				"north": { "texture": "#greenwichhead", "uv": [ 26.5, 20.5, 35.0, 26.5 ], "windMode": [-1,-1,-1,-1], "windData": [1,1,1,1] },
				"east": { "texture": "#greenwichhead", "uv": [ 45.5, 20.5, 51.5, 26.5 ], "windMode": [-1,-1,-1,-1], "windData": [0,0,0,0] },
				"south": { "texture": "#greenwichhead", "uv": [ 38.5, 20.5, 47.0, 26.5 ], "windMode": [-1,-1,-1,-1], "windData": [1,1,1,1] },
				"west": { "texture": "#greenwichhead", "uv": [ 33.0, 20.5, 39.0, 26.5 ], "windMode": [-1,-1,-1,-1], "windData": [1,1,1,1] },
				"up": { "texture": "#greenwichhead", "uv": [ 33.0, 14.0, 39.0, 22.5 ], "rotation": 90, "windMode": [-1,-1,-1,-1], "windData": [1,1,1,1] },
				"down": { "texture": "#greenwichhead", "uv": [ 33.0, 26.5, 39.0, 35.0 ], "rotation": 90, "windMode": [-1,-1,-1,-1], "windData": [1,1,1,1] }
			},
			"children": [
				{
					"name": "ArmorHelmetTop",
					"from": [ 0.5, 6.0, 0.5 ],
					"to": [ 6.1, 6.5, 5.8 ],
					"unwrapMode": 4,
					"autoUnwrap": false,
					"uv": [ 23.5, 7.5 ],
					"rotationOrigin": [ 0.5, 6.0, 0.5 ],
					"faces": {
						"north": { "texture": "#greenwichhead", "uv": [ 39.5, 20.5, 45.0, 21.0 ], "windMode": [-1,-1,-1,-1], "windData": [1,1,1,1] },
						"east": { "texture": "#greenwichhead", "uv": [ 33.5, 14.0, 38.5, 14.5 ], "windMode": [-1,-1,-1,-1], "windData": [1,1,1,1] },
						"south": { "texture": "#greenwichhead", "uv": [ 39.5, 20.5, 45.0, 21.0 ], "windMode": [-1,-1,-1,-1], "windData": [1,1,1,1] },
						"west": { "texture": "#greenwichhead", "uv": [ 33.5, 19.5, 38.5, 20.0 ], "windMode": [-1,-1,-1,-1], "windData": [1,1,1,1] },
						"up": { "texture": "#greenwichhead", "uv": [ 33.5, 15.0, 38.5, 20.5 ], "rotation": 90, "windMode": [-1,-1,-1,-1], "windData": [1,1,1,1] }
					}
				},
				{
					"name": "ArmorNeck",
					"from": [ 3.4, -1.2, 1.3 ],
					"to": [ 7.0, 0.6, 4.9 ],
					"uv": [ 44.0, 18.0 ],
					"rotationOrigin": [ 3.4, 0.8, 1.3 ],
					"faces": {
						"north": { "texture": "#greenwichhead", "uv": [ 44.0, 18.0, 47.5, 19.5 ], "windMode": [-1,-1,-1,-1], "windData": [1,1,1,1] },
						"east": { "texture": "#greenwichhead", "uv": [ 47.5, 18.0, 51.0, 19.5 ], "windMode": [-1,-1,-1,-1], "windData": [1,1,1,1] },
						"south": { "texture": "#greenwichhead", "uv": [ 51.0, 18.0, 54.5, 19.5 ], "windMode": [-1,-1,-1,-1], "windData": [1,1,1,1] },
						"west": { "texture": "#greenwichhead", "uv": [ 54.5, 18.0, 58.0, 19.5 ], "windMode": [-1,-1,-1,-1], "windData": [0,0,0,0] }
					}
				},
				{
					"name": "ArmorNose",
					"from": [ -2.7, 2.8, 3.2 ],
					"to": [ 1.3, 6.8, 6.2 ],
					"autoUnwrap": false,
					"uv": [ 40.0, 34.0 ],
					"rotationOrigin": [ -2.7, 2.8, 3.1 ],
					"rotationX": 90.0,
					"rotationY": 23.5,
					"rotationZ": -45.0,
					"faces": {
						"north": { "texture": "#greenwichhead", "uv": [ 41.5, 27.5, 45.5, 31.5 ] },
						"south": { "texture": "#greenwichhead", "uv": [ 34.0, 27.5, 38.0, 31.5 ] },
						"west": { "texture": "#greenwichhead", "uv": [ 43.0, 30.0, 47.0, 33.0 ], "rotation": 270 },
						"down": { "texture": "#greenwichhead", "uv": [ 39.0, 30.0, 43.0, 33.0 ] }
					},
					"children": [
						{
							"name": "ArmorNose2",
							"from": [ 1.2182, 0.44, -1.56 ],
							"to": [ 4.6182, 3.84, 1.14 ],
							"autoUnwrap": false,
							"uv": [ 28.0, 32.5 ],
							"rotationOrigin": [ 2.5182, 2.1353, -0.0561 ],
							"rotationX": 36.6911,
							"rotationY": -30.8583,
							"rotationZ": 100.4582,
							"faces": {
								"north": { "texture": "#greenwichhead", "uv": [ 41.5, 28.0, 44.5, 31.0 ] },
								"west": { "texture": "#greenwichhead", "uv": [ 40.0, 26.5, 43.0, 29.0 ], "rotation": 270 },
								"up": { "texture": "#greenwichhead", "uv": [ 43.0, 26.5, 46.0, 29.0 ] }
							}
						},
						{
							"name": "ArmorNose3",
							"from": [ 0.63, -0.15, -0.71 ],
							"to": [ 4.03, 3.25, 0.49 ],
							"autoUnwrap": false,
							"uv": [ 49.0, 29.5 ],
							"rotationOrigin": [ 1.9344, 1.5515, 0.7886 ],
							"rotationX": 9.09,
							"rotationY": -9.09,
							"rotationZ": 90.78,
							"faces": {
								"north": { "texture": "#greenwichhead", "uv": [ 43.0, 27.0, 46.0, 30.0 ] },
								"west": { "texture": "#greenwichhead", "uv": [ 39.5, 28.5, 43.0, 30.0 ], "rotation": 270, "autoUv": false },
								"up": { "texture": "#greenwichhead", "uv": [ 43.0, 28.5, 46.5, 30.0 ], "autoUv": false }
							}
						}
					]
				},
				{
					"name": "Fin",
					"from": [ -0.65, 5.31, 2.85 ],
					"to": [ 2.85, 6.31, 3.35 ],
					"autoUnwrap": false,
					"uv": [ 52.0, 37.5 ],
					"rotationOrigin": [ -0.6601, 5.31, 2.9 ],
					"rotationZ": 16.0,
					"faces": {
						"north": { "texture": "#greenwichhead", "uv": [ 50.0, 27.5, 53.5, 28.5 ] },
						"south": { "texture": "#greenwichhead", "uv": [ 50.0, 29.0, 53.5, 30.0 ] },
						"west": { "texture": "#greenwichhead", "uv": [ 55.0, 27.5, 55.5, 28.5 ] },
						"up": { "texture": "#greenwichhead", "uv": [ 50.0, 27.5, 53.5, 28.0 ] }
					},
					"children": [
						{
							"name": "Fin2",
							"from": [ 5.2, -0.55, 0.0 ],
							"to": [ 7.2, 0.85, 0.5 ],
							"autoUnwrap": false,
							"uv": [ 57.5, 33.5 ],
							"rotationOrigin": [ 5.1899, -0.5, 0.0 ],
							"rotationZ": -26.0,
							"faces": {
								"north": { "texture": "#greenwichhead", "uv": [ 53.0, 29.0, 55.0, 30.0 ] },
								"east": { "texture": "#greenwichhead", "uv": [ 51.0, 29.0, 51.5, 30.0 ] },
								"south": { "texture": "#greenwichhead", "uv": [ 54.5, 29.0, 56.5, 30.0 ] },
								"west": { "texture": "#greenwichhead", "uv": [ 51.0, 29.0, 51.5, 30.0 ] },
								"up": { "texture": "#greenwichhead", "uv": [ 52.0, 27.5, 54.0, 28.0 ] }
							}
						},
						{
							"name": "Fin3",
							"from": [ 3.2, -0.1, -0.01 ],
							"to": [ 5.7, 1.08, 0.51 ],
							"autoUnwrap": false,
							"uv": [ 50.5, 35.0 ],
							"rotationOrigin": [ 3.1899, -0.1, 0.0 ],
							"rotationZ": -7.9,
							"faces": {
								"north": { "texture": "#greenwichhead", "uv": [ 53.5, 27.5, 56.0, 28.5 ] },
								"east": { "texture": "#greenwichhead", "uv": [ 50.5, 29.0, 51.0, 30.0 ] },
								"south": { "texture": "#greenwichhead", "uv": [ 53.5, 27.5, 56.0, 28.5 ] },
								"west": { "texture": "#greenwichhead", "uv": [ 51.0, 29.0, 51.5, 30.0 ] },
								"up": { "texture": "#greenwichhead", "uv": [ 51.0, 27.5, 53.5, 28.0 ] }
							}
						},
						{
							"name": "Fin4",
							"from": [ 6.55, -1.1, -0.05 ],
							"to": [ 7.55, 0.3, 0.55 ],
							"uv": [ 53.0, 29.0 ],
							"rotationOrigin": [ 6.59, -0.9, 0.0 ],
							"rotationZ": -51.8,
							"faces": {
								"north": { "texture": "#greenwichhead", "uv": [ 53.0, 29.5, 54.0, 30.5 ] },
								"east": { "texture": "#greenwichhead", "uv": [ 54.0, 29.5, 54.5, 30.5 ] },
								"south": { "texture": "#greenwichhead", "uv": [ 54.5, 29.5, 55.5, 30.5 ] },
								"west": { "texture": "#greenwichhead", "uv": [ 55.5, 29.5, 56.0, 30.5 ] },
								"up": { "texture": "#greenwichhead", "uv": [ 53.0, 29.0, 54.0, 29.5 ] },
								"down": { "texture": "#greenwichhead", "uv": [ 54.0, 29.0, 55.0, 29.5 ] }
							}
						},
						{
							"name": "Fin5",
							"from": [ 5.4, -6.6, -0.01 ],
							"to": [ 6.7, -3.92, 0.51 ],
							"autoUnwrap": false,
							"uv": [ 57.0, 23.0 ],
							"rotationOrigin": [ 10.39, -6.6, 0.0 ],
							"rotationZ": -24.0,
							"faces": {
								"north": { "texture": "#greenwichhead", "uv": [ 52.0, 28.0, 54.5, 29.0 ], "rotation": 270 },
								"east": { "texture": "#greenwichhead", "uv": [ 56.0, 27.5, 58.5, 28.0 ], "rotation": 270 },
								"south": { "texture": "#greenwichhead", "uv": [ 55.0, 28.0, 57.5, 29.0 ], "rotation": 90 }
							}
						},
						{
							"name": "Fin6",
							"from": [ 3.77, -9.34, 0.0 ],
							"to": [ 4.77, -6.76, 0.5 ],
							"autoUnwrap": false,
							"uv": [ 56.0, 23.0 ],
							"rotationOrigin": [ 8.69, -9.4, 0.0 ],
							"rotationZ": -36.9,
							"faces": {
								"north": { "texture": "#greenwichhead", "uv": [ 56.0, 28.0, 58.5, 29.0 ], "rotation": 270 },
								"east": { "texture": "#greenwichhead", "uv": [ 55.0, 27.5, 57.5, 28.0 ], "rotation": 270 },
								"south": { "texture": "#greenwichhead", "uv": [ 56.0, 28.0, 58.5, 29.0 ], "rotation": 90 }
							}
						},
						{
							"name": "Fin7",
							"from": [ 6.95, -1.6, 0.0 ],
							"to": [ 7.95, -0.2, 0.5 ],
							"uv": [ 53.0, 29.0 ],
							"rotationOrigin": [ 7.09, -1.3, 0.0 ],
							"rotationZ": -75.8,
							"faces": {
								"north": { "texture": "#greenwichhead", "uv": [ 53.0, 29.5, 54.0, 30.5 ] },
								"east": { "texture": "#greenwichhead", "uv": [ 54.0, 29.5, 54.5, 30.5 ] },
								"south": { "texture": "#greenwichhead", "uv": [ 54.5, 29.5, 55.5, 30.5 ] },
								"west": { "texture": "#greenwichhead", "uv": [ 55.5, 29.5, 56.0, 30.5 ] },
								"up": { "texture": "#greenwichhead", "uv": [ 53.0, 29.0, 54.0, 29.5 ] },
								"down": { "texture": "#greenwichhead", "uv": [ 54.0, 29.0, 55.0, 29.5 ] }
							}
						},
						{
							"name": "Fin8",
							"from": [ 7.05, -2.1, -0.05 ],
							"to": [ 8.05, -0.7, 0.55 ],
							"uv": [ 53.0, 29.0 ],
							"rotationOrigin": [ 7.29, -1.8, 0.0 ],
							"rotationZ": -106.5,
							"faces": {
								"north": { "texture": "#greenwichhead", "uv": [ 53.0, 29.5, 54.0, 30.5 ] },
								"east": { "texture": "#greenwichhead", "uv": [ 54.0, 29.5, 54.5, 30.5 ] },
								"south": { "texture": "#greenwichhead", "uv": [ 54.5, 29.5, 55.5, 30.5 ] },
								"west": { "texture": "#greenwichhead", "uv": [ 55.5, 29.5, 56.0, 30.5 ] },
								"up": { "texture": "#greenwichhead", "uv": [ 53.0, 29.0, 54.0, 29.5 ] },
								"down": { "texture": "#greenwichhead", "uv": [ 54.0, 29.0, 55.0, 29.5 ] }
							}
						}
					]
				},
				{
					"name": "HingeL",
					"from": [ 2.0, 3.5, 6.3 ],
					"to": [ 3.0, 5.5, 6.8 ],
					"uv": [ 12.0, 21.0 ],
					"rotationOrigin": [ 2.0, 3.5, 6.0 ],
					"faces": {
						"north": { "texture": "#plume", "uv": [ 12.0, 21.5, 13.0, 23.5 ] },
						"east": { "texture": "#plume", "uv": [ 13.0, 21.5, 13.5, 23.5 ] },
						"south": { "texture": "#plume", "uv": [ 13.5, 21.5, 14.5, 23.5 ] },
						"west": { "texture": "#plume", "uv": [ 14.5, 21.5, 15.0, 23.5 ] },
						"up": { "texture": "#plume", "uv": [ 12.0, 21.0, 13.0, 21.5 ] },
						"down": { "texture": "#plume", "uv": [ 13.0, 21.0, 14.0, 21.5 ] }
					},
					"children": [
						{
							"name": "Hinge3",
							"from": [ -1.5, 0.0, 0.0 ],
							"to": [ -0.5, 0.5, 0.5 ],
							"uv": [ 12.5, 22.0 ],
							"rotationOrigin": [ -1.0, 1.0, -0.3 ],
							"rotationZ": 90.0,
							"faces": {
								"north": { "texture": "#plume", "uv": [ 12.5, 22.5, 13.5, 23.0 ] },
								"east": { "texture": "#plume", "uv": [ 13.5, 22.5, 14.0, 23.0 ] },
								"south": { "texture": "#plume", "uv": [ 14.0, 22.5, 15.0, 23.0 ] },
								"west": { "texture": "#plume", "uv": [ 15.0, 22.5, 15.5, 23.0 ] },
								"up": { "texture": "#plume", "uv": [ 12.5, 22.0, 13.5, 22.5 ] },
								"down": { "texture": "#plume", "uv": [ 13.5, 22.0, 14.5, 22.5 ] }
							}
						},
						{
							"name": "WingL",
							"from": [ 0.8, 0.9, 0.0 ],
							"to": [ 1.8, 1.6, 0.7 ],
							"uv": [ 13.0, 21.0 ],
							"rotationOrigin": [ 0.8, 0.9, 0.0 ],
							"faces": {
								"north": { "texture": "#plume", "uv": [ 13.0, 21.5, 14.0, 22.0 ] },
								"east": { "texture": "#plume", "uv": [ 14.0, 21.5, 14.5, 22.0 ] },
								"south": { "texture": "#plume", "uv": [ 14.5, 21.5, 15.5, 22.0 ] },
								"west": { "texture": "#plume", "uv": [ 15.5, 21.5, 16.0, 22.0 ] },
								"up": { "texture": "#plume", "uv": [ 13.0, 21.0, 14.0, 21.5 ] },
								"down": { "texture": "#plume", "uv": [ 14.0, 21.0, 15.0, 21.5 ] }
							},
							"children": [
								{
									"name": "Winga",
									"from": [ 0.2, 0.2, 0.0 ],
									"to": [ 2.2, 0.9, 0.6 ],
									"uv": [ 4.5, 17.0 ],
									"rotationOrigin": [ 0.1, 0.2, 0.0 ],
									"rotationY": -5.0,
									"rotationZ": 17.0,
									"faces": {
										"north": { "texture": "#plume", "uv": [ 4.5, 17.5, 6.5, 18.0 ] },
										"east": { "texture": "#plume", "uv": [ 6.5, 17.5, 7.0, 18.0 ] },
										"south": { "texture": "#plume", "uv": [ 7.0, 17.5, 9.0, 18.0 ] },
										"west": { "texture": "#plume", "uv": [ 9.0, 17.5, 9.5, 18.0 ] },
										"up": { "texture": "#plume", "uv": [ 4.5, 17.0, 6.5, 17.5 ] },
										"down": { "texture": "#plume", "uv": [ 6.5, 17.0, 8.5, 17.5 ] }
									},
									"children": [
										{
											"name": "Wingb",
											"from": [ 1.655, -0.5, 0.1 ],
											"to": [ 4.955, 0.6, 0.5 ],
											"uv": [ 5.5, 13.5 ],
											"rotationOrigin": [ 1.555, -0.5014, 0.1 ],
											"rotationY": -9.0,
											"rotationZ": 30.0,
											"faces": {
												"north": { "texture": "#plume", "uv": [ 5.5, 14.0, 8.5, 15.0 ] },
												"east": { "texture": "#plume", "uv": [ 8.5, 14.0, 9.0, 15.0 ] },
												"south": { "texture": "#plume", "uv": [ 9.0, 14.0, 12.0, 15.0 ] },
												"west": { "texture": "#plume", "uv": [ 12.0, 14.0, 12.5, 15.0 ] },
												"up": { "texture": "#plume", "uv": [ 5.5, 13.5, 8.5, 14.0 ] },
												"down": { "texture": "#plume", "uv": [ 8.5, 13.5, 11.5, 14.0 ] }
											},
											"children": [
												{
													"name": "Wingc",
													"from": [ 3.2, 0.3, 0.01 ],
													"to": [ 4.0, 0.8, 0.39 ],
													"uv": [ 5.5, 17.5 ],
													"rotationOrigin": [ 3.1, 0.3, 0.0 ],
													"faces": {
														"north": { "texture": "#plume", "uv": [ 5.5, 18.0, 6.0, 18.5 ] },
														"east": { "texture": "#plume", "uv": [ 6.0, 18.0, 6.5, 18.5 ] },
														"south": { "texture": "#plume", "uv": [ 6.5, 18.0, 7.0, 18.5 ] },
														"west": { "texture": "#plume", "uv": [ 7.0, 18.0, 7.5, 18.5 ] },
														"up": { "texture": "#plume", "uv": [ 5.5, 17.5, 6.0, 18.0 ] },
														"down": { "texture": "#plume", "uv": [ 6.0, 17.5, 6.5, 18.0 ] }
													}
												}
											]
										},
										{
											"name": "Wingb2",
											"from": [ 1.75, 0.0, 0.15 ],
											"to": [ 5.85, 1.1, 0.45 ],
											"uv": [ 3.0, 11.5 ],
											"rotationOrigin": [ 1.655, -0.0014, 0.1 ],
											"rotationY": -9.0,
											"rotationZ": 44.0,
											"faces": {
												"north": { "texture": "#plume", "uv": [ 3.0, 12.0, 7.0, 13.0 ] },
												"east": { "texture": "#plume", "uv": [ 7.0, 12.0, 7.5, 13.0 ] },
												"south": { "texture": "#plume", "uv": [ 7.5, 12.0, 11.5, 13.0 ] },
												"west": { "texture": "#plume", "uv": [ 11.5, 12.0, 12.0, 13.0 ] },
												"up": { "texture": "#plume", "uv": [ 3.0, 11.5, 7.0, 12.0 ] },
												"down": { "texture": "#plume", "uv": [ 7.0, 11.5, 11.0, 12.0 ] }
											},
											"children": [
												{
													"name": "Wingc2",
													"from": [ 4.01, 0.28, 0.01 ],
													"to": [ 4.61, 0.78, 0.29 ],
													"uv": [ 6.5, 15.0 ],
													"rotationOrigin": [ 4.0106, 0.2787, -0.05 ],
													"faces": {
														"north": { "texture": "#plume", "uv": [ 6.5, 15.5, 7.0, 16.0 ] },
														"east": { "texture": "#plume", "uv": [ 7.0, 15.5, 7.5, 16.0 ] },
														"south": { "texture": "#plume", "uv": [ 7.5, 15.5, 8.0, 16.0 ] },
														"west": { "texture": "#plume", "uv": [ 8.0, 15.5, 8.5, 16.0 ] },
														"up": { "texture": "#plume", "uv": [ 6.5, 15.0, 7.0, 15.5 ] },
														"down": { "texture": "#plume", "uv": [ 7.0, 15.0, 7.5, 15.5 ] }
													}
												}
											]
										},
										{
											"name": "Wingb3",
											"from": [ 1.55, 0.3, 0.1 ],
											"to": [ 6.45, 1.4, 0.5 ],
											"uv": [ 3.5, 13.0 ],
											"rotationOrigin": [ 1.455, 0.2986, 0.1 ],
											"rotationY": -9.0,
											"rotationZ": 57.0,
											"faces": {
												"north": { "texture": "#plume", "uv": [ 3.5, 13.5, 8.0, 14.5 ] },
												"east": { "texture": "#plume", "uv": [ 8.0, 13.5, 8.5, 14.5 ] },
												"south": { "texture": "#plume", "uv": [ 8.5, 13.5, 13.0, 14.5 ] },
												"west": { "texture": "#plume", "uv": [ 13.0, 13.5, 13.5, 14.5 ] },
												"up": { "texture": "#plume", "uv": [ 3.5, 13.0, 8.0, 13.5 ] },
												"down": { "texture": "#plume", "uv": [ 8.0, 13.0, 12.5, 13.5 ] }
											},
											"children": [
												{
													"name": "Wingc3",
													"from": [ 4.77, 0.29, 0.01 ],
													"to": [ 5.57, 0.89, 0.39 ],
													"uv": [ 7.5, 18.5 ],
													"rotationOrigin": [ 4.7653, 0.289, 0.0 ],
													"faces": {
														"north": { "texture": "#plume", "uv": [ 7.5, 19.0, 8.0, 19.5 ] },
														"east": { "texture": "#plume", "uv": [ 8.0, 19.0, 8.5, 19.5 ] },
														"south": { "texture": "#plume", "uv": [ 8.5, 19.0, 9.0, 19.5 ] },
														"west": { "texture": "#plume", "uv": [ 9.0, 19.0, 9.5, 19.5 ] },
														"up": { "texture": "#plume", "uv": [ 7.5, 18.5, 8.0, 19.0 ] },
														"down": { "texture": "#plume", "uv": [ 8.0, 18.5, 8.5, 19.0 ] }
													}
												}
											]
										},
										{
											"name": "Wingb4",
											"from": [ 1.65, 0.2, 0.15 ],
											"to": [ 7.05, 1.3, 0.45 ],
											"uv": [ 3.0, 15.5 ],
											"rotationOrigin": [ 1.555, 0.1986, 0.1 ],
											"rotationY": -9.0,
											"rotationZ": 73.9,
											"faces": {
												"north": { "texture": "#plume", "uv": [ 3.0, 16.0, 8.0, 17.0 ] },
												"east": { "texture": "#plume", "uv": [ 8.0, 16.0, 8.5, 17.0 ] },
												"south": { "texture": "#plume", "uv": [ 8.5, 16.0, 13.5, 17.0 ] },
												"west": { "texture": "#plume", "uv": [ 13.5, 16.0, 14.0, 17.0 ] },
												"up": { "texture": "#plume", "uv": [ 3.0, 15.5, 8.0, 16.0 ] },
												"down": { "texture": "#plume", "uv": [ 8.0, 15.5, 13.0, 16.0 ] }
											},
											"children": [
												{
													"name": "Wingc4",
													"from": [ 5.26, 0.19, 0.01 ],
													"to": [ 6.16, 0.79, 0.29 ],
													"uv": [ 8.5, 12.0 ],
													"rotationOrigin": [ 5.1612, 0.1936, -0.05 ],
													"faces": {
														"north": { "texture": "#plume", "uv": [ 8.5, 12.5, 9.0, 13.0 ] },
														"east": { "texture": "#plume", "uv": [ 9.0, 12.5, 9.5, 13.0 ] },
														"south": { "texture": "#plume", "uv": [ 9.5, 12.5, 10.0, 13.0 ] },
														"west": { "texture": "#plume", "uv": [ 10.0, 12.5, 10.5, 13.0 ] },
														"up": { "texture": "#plume", "uv": [ 8.5, 12.0, 9.0, 12.5 ] },
														"down": { "texture": "#plume", "uv": [ 9.0, 12.0, 9.5, 12.5 ] }
													}
												}
											]
										},
										{
											"name": "Wingb5",
											"from": [ 1.05, 0.5, 0.15 ],
											"to": [ 5.35, 1.4, 0.45 ],
											"uv": [ 4.5, 18.0 ],
											"rotationOrigin": [ 1.05, 0.5, 0.1 ],
											"rotationY": -9.0,
											"rotationZ": 82.0,
											"faces": {
												"north": { "texture": "#plume", "uv": [ 4.5, 18.5, 8.5, 19.0 ] },
												"east": { "texture": "#plume", "uv": [ 8.5, 18.5, 9.0, 19.0 ] },
												"south": { "texture": "#plume", "uv": [ 9.0, 18.5, 13.0, 19.0 ] },
												"west": { "texture": "#plume", "uv": [ 13.0, 18.5, 13.5, 19.0 ] },
												"up": { "texture": "#plume", "uv": [ 4.5, 18.0, 8.5, 18.5 ] },
												"down": { "texture": "#plume", "uv": [ 8.5, 18.0, 12.5, 18.5 ] }
											},
											"children": [
												{
													"name": "Wingc6",
													"from": [ 4.03, 0.22, 0.01 ],
													"to": [ 4.93, 0.72, 0.29 ],
													"uv": [ 5.5, 17.0 ],
													"rotationOrigin": [ 4.0337, 0.2154, -0.05 ],
													"faces": {
														"north": { "texture": "#plume", "uv": [ 5.5, 17.5, 6.0, 18.0 ] },
														"east": { "texture": "#plume", "uv": [ 6.0, 17.5, 6.5, 18.0 ] },
														"south": { "texture": "#plume", "uv": [ 6.5, 17.5, 7.0, 18.0 ] },
														"west": { "texture": "#plume", "uv": [ 7.0, 17.5, 7.5, 18.0 ] },
														"up": { "texture": "#plume", "uv": [ 5.5, 17.0, 6.0, 17.5 ] },
														"down": { "texture": "#plume", "uv": [ 6.0, 17.0, 6.5, 17.5 ] }
													}
												}
											]
										}
									]
								},
								{
									"name": "Wing3",
									"from": [ 0.0, 0.0, 0.1 ],
									"to": [ 1.2, 0.7, 0.5 ],
									"uv": [ 5.0, 17.0 ],
									"rotationOrigin": [ 0.0, 0.0, 0.1 ],
									"rotationY": -9.0,
									"rotationZ": -79.0,
									"faces": {
										"north": { "texture": "#plume", "uv": [ 5.0, 17.5, 6.0, 18.0 ] },
										"east": { "texture": "#plume", "uv": [ 6.0, 17.5, 6.5, 18.0 ] },
										"south": { "texture": "#plume", "uv": [ 6.5, 17.5, 7.5, 18.0 ] },
										"west": { "texture": "#plume", "uv": [ 7.5, 17.5, 8.0, 18.0 ] },
										"up": { "texture": "#plume", "uv": [ 5.0, 17.0, 6.0, 17.5 ] },
										"down": { "texture": "#plume", "uv": [ 6.0, 17.0, 7.0, 17.5 ] }
									}
								},
								{
									"name": "Wing4a",
									"from": [ 0.0, 0.0, 0.05 ],
									"to": [ 1.3, 0.7, 0.55 ],
									"uv": [ 10.0, 12.5 ],
									"rotationOrigin": [ 0.0, 0.0, 0.1 ],
									"rotationY": -9.0,
									"rotationZ": -48.0,
									"faces": {
										"north": { "texture": "#plume", "uv": [ 10.0, 13.0, 11.0, 13.5 ] },
										"east": { "texture": "#plume", "uv": [ 11.0, 13.0, 11.5, 13.5 ] },
										"south": { "texture": "#plume", "uv": [ 11.5, 13.0, 12.5, 13.5 ] },
										"west": { "texture": "#plume", "uv": [ 12.5, 13.0, 13.0, 13.5 ] },
										"up": { "texture": "#plume", "uv": [ 10.0, 12.5, 11.0, 13.0 ] },
										"down": { "texture": "#plume", "uv": [ 11.0, 12.5, 12.0, 13.0 ] }
									},
									"children": [
										{
											"name": "Wing4b",
											"from": [ 1.3, -0.1, 0.1 ],
											"to": [ 3.4, 0.8, 0.4 ],
											"uv": [ 6.0, 17.5 ],
											"rotationOrigin": [ 1.3, -0.1, 0.15 ],
											"rotationY": -9.0,
											"rotationZ": 30.0,
											"faces": {
												"north": { "texture": "#plume", "uv": [ 6.0, 18.0, 8.0, 18.5 ] },
												"east": { "texture": "#plume", "uv": [ 8.0, 18.0, 8.5, 18.5 ] },
												"south": { "texture": "#plume", "uv": [ 8.5, 18.0, 10.5, 18.5 ] },
												"west": { "texture": "#plume", "uv": [ 10.5, 18.0, 11.0, 18.5 ] },
												"up": { "texture": "#plume", "uv": [ 6.0, 17.5, 8.0, 18.0 ] },
												"down": { "texture": "#plume", "uv": [ 8.0, 17.5, 10.0, 18.0 ] }
											},
											"children": [
												{
													"name": "Wing4c",
													"from": [ 1.9, 0.2, 0.01 ],
													"to": [ 2.7, 0.8, 0.29 ],
													"uv": [ 5.0, 17.0 ],
													"rotationOrigin": [ 1.9, 0.2, 0.05 ],
													"faces": {
														"north": { "texture": "#plume", "uv": [ 5.0, 17.5, 5.5, 18.0 ] },
														"east": { "texture": "#plume", "uv": [ 5.5, 17.5, 6.0, 18.0 ] },
														"south": { "texture": "#plume", "uv": [ 6.0, 17.5, 6.5, 18.0 ] },
														"west": { "texture": "#plume", "uv": [ 6.5, 17.5, 7.0, 18.0 ] },
														"up": { "texture": "#plume", "uv": [ 5.0, 17.0, 5.5, 17.5 ] },
														"down": { "texture": "#plume", "uv": [ 5.5, 17.0, 6.0, 17.5 ] }
													}
												}
											]
										}
									]
								},
								{
									"name": "Wing5",
									"from": [ 0.3, 0.0, 0.1 ],
									"to": [ 1.7, 0.7, 0.5 ],
									"uv": [ 9.0, 11.5 ],
									"rotationOrigin": [ 0.2, 0.0, 0.1 ],
									"rotationY": -9.0,
									"rotationZ": -22.0,
									"faces": {
										"north": { "texture": "#plume", "uv": [ 9.0, 12.0, 10.0, 12.5 ] },
										"east": { "texture": "#plume", "uv": [ 10.0, 12.0, 10.5, 12.5 ] },
										"south": { "texture": "#plume", "uv": [ 10.5, 12.0, 11.5, 12.5 ] },
										"west": { "texture": "#plume", "uv": [ 11.5, 12.0, 12.0, 12.5 ] },
										"up": { "texture": "#plume", "uv": [ 9.0, 11.5, 10.0, 12.0 ] },
										"down": { "texture": "#plume", "uv": [ 10.0, 11.5, 11.0, 12.0 ] }
									},
									"children": [
										{
											"name": "Wing5b",
											"from": [ 1.3, -0.3, 0.05 ],
											"to": [ 3.5, 0.6, 0.35 ],
											"uv": [ 5.0, 16.5 ],
											"rotationOrigin": [ 1.3, -0.3, 0.0 ],
											"rotationY": -9.0,
											"rotationZ": 30.0,
											"faces": {
												"north": { "texture": "#plume", "uv": [ 5.0, 17.0, 7.0, 17.5 ] },
												"east": { "texture": "#plume", "uv": [ 7.0, 17.0, 7.5, 17.5 ] },
												"south": { "texture": "#plume", "uv": [ 7.5, 17.0, 9.5, 17.5 ] },
												"west": { "texture": "#plume", "uv": [ 9.5, 17.0, 10.0, 17.5 ] },
												"up": { "texture": "#plume", "uv": [ 5.0, 16.5, 7.0, 17.0 ] },
												"down": { "texture": "#plume", "uv": [ 7.0, 16.5, 9.0, 17.0 ] }
											},
											"children": [
												{
													"name": "Wing5c",
													"from": [ 2.1, 0.2, 0.01 ],
													"to": [ 2.7, 0.7, 0.29 ],
													"uv": [ 3.0, 18.5 ],
													"rotationOrigin": [ 2.1, 0.2, -0.05 ],
													"faces": {
														"north": { "texture": "#plume", "uv": [ 3.0, 19.0, 3.5, 19.5 ] },
														"east": { "texture": "#plume", "uv": [ 3.5, 19.0, 4.0, 19.5 ] },
														"south": { "texture": "#plume", "uv": [ 4.0, 19.0, 4.5, 19.5 ] },
														"west": { "texture": "#plume", "uv": [ 4.5, 19.0, 5.0, 19.5 ] },
														"up": { "texture": "#plume", "uv": [ 3.0, 18.5, 3.5, 19.0 ] },
														"down": { "texture": "#plume", "uv": [ 3.5, 18.5, 4.0, 19.0 ] }
													}
												}
											]
										}
									]
								},
								{
									"name": "Wing6a",
									"from": [ 0.6, 0.1, 0.05 ],
									"to": [ 2.0, 0.8, 0.55 ],
									"uv": [ 3.0, 13.5 ],
									"rotationOrigin": [ 0.6, 0.1, 0.1 ],
									"rotationY": -9.0,
									"faces": {
										"north": { "texture": "#plume", "uv": [ 3.0, 14.0, 4.0, 14.5 ] },
										"east": { "texture": "#plume", "uv": [ 4.0, 14.0, 4.5, 14.5 ] },
										"south": { "texture": "#plume", "uv": [ 4.5, 14.0, 5.5, 14.5 ] },
										"west": { "texture": "#plume", "uv": [ 5.5, 14.0, 6.0, 14.5 ] },
										"up": { "texture": "#plume", "uv": [ 3.0, 13.5, 4.0, 14.0 ] },
										"down": { "texture": "#plume", "uv": [ 4.0, 13.5, 5.0, 14.0 ] }
									},
									"children": [
										{
											"name": "Wing6b",
											"from": [ 1.3, -0.3, 0.1 ],
											"to": [ 3.5, 0.6, 0.4 ],
											"uv": [ 6.5, 13.0 ],
											"rotationOrigin": [ 1.3, -0.3, 0.15 ],
											"rotationY": -9.0,
											"rotationZ": 30.0,
											"faces": {
												"north": { "texture": "#plume", "uv": [ 6.5, 13.5, 8.5, 14.0 ] },
												"east": { "texture": "#plume", "uv": [ 8.5, 13.5, 9.0, 14.0 ] },
												"south": { "texture": "#plume", "uv": [ 9.0, 13.5, 11.0, 14.0 ] },
												"west": { "texture": "#plume", "uv": [ 11.0, 13.5, 11.5, 14.0 ] },
												"up": { "texture": "#plume", "uv": [ 6.5, 13.0, 8.5, 13.5 ] },
												"down": { "texture": "#plume", "uv": [ 8.5, 13.0, 10.5, 13.5 ] }
											},
											"children": [
												{
													"name": "Wing6c",
													"from": [ 2.1, 0.2, 0.0 ],
													"to": [ 2.8, 0.7, 0.3 ],
													"uv": [ 1.5, 16.5 ],
													"rotationOrigin": [ 2.1, 0.2, 0.05 ],
													"faces": {
														"north": { "texture": "#plume", "uv": [ 1.5, 17.0, 2.0, 17.5 ] },
														"east": { "texture": "#plume", "uv": [ 2.0, 17.0, 2.5, 17.5 ] },
														"south": { "texture": "#plume", "uv": [ 2.5, 17.0, 3.0, 17.5 ] },
														"west": { "texture": "#plume", "uv": [ 3.0, 17.0, 3.5, 17.5 ] },
														"up": { "texture": "#plume", "uv": [ 1.5, 16.5, 2.0, 17.0 ] },
														"down": { "texture": "#plume", "uv": [ 2.0, 16.5, 2.5, 17.0 ] }
													}
												}
											]
										}
									]
								}
							]
						}
					]
				},
				{
					"name": "HingeR",
					"from": [ 2.0, 3.5, -0.5 ],
					"to": [ 3.0, 5.5, 0.0 ],
					"uv": [ 11.0, 20.5 ],
					"rotationOrigin": [ 2.0, 3.5, -0.8 ],
					"faces": {
						"north": { "texture": "#plume", "uv": [ 11.0, 21.0, 12.0, 23.0 ] },
						"east": { "texture": "#plume", "uv": [ 12.0, 21.0, 12.5, 23.0 ] },
						"south": { "texture": "#plume", "uv": [ 12.5, 21.0, 13.5, 23.0 ] },
						"west": { "texture": "#plume", "uv": [ 13.5, 21.0, 14.0, 23.0 ] },
						"up": { "texture": "#plume", "uv": [ 11.0, 20.5, 12.0, 21.0 ] },
						"down": { "texture": "#plume", "uv": [ 12.0, 20.5, 13.0, 21.0 ] }
					},
					"children": [
						{
							"name": "Hinge6",
							"from": [ -1.5, 0.0, 0.0 ],
							"to": [ -0.5, 0.5, 0.5 ],
							"uv": [ 12.0, 21.0 ],
							"rotationOrigin": [ -1.0, 1.0, -0.3 ],
							"rotationZ": 90.0,
							"faces": {
								"north": { "texture": "#plume", "uv": [ 12.0, 21.5, 13.0, 22.0 ] },
								"east": { "texture": "#plume", "uv": [ 13.0, 21.5, 13.5, 22.0 ] },
								"south": { "texture": "#plume", "uv": [ 13.5, 21.5, 14.5, 22.0 ] },
								"west": { "texture": "#plume", "uv": [ 14.5, 21.5, 15.0, 22.0 ] },
								"up": { "texture": "#plume", "uv": [ 12.0, 21.0, 13.0, 21.5 ] },
								"down": { "texture": "#plume", "uv": [ 13.0, 21.0, 14.0, 21.5 ] }
							}
						},
						{
							"name": "WingR",
							"from": [ 0.8, 0.9, -0.2 ],
							"to": [ 1.8, 1.6, 0.5 ],
							"uv": [ 12.5, 22.0 ],
							"rotationOrigin": [ 0.8, 0.9, -0.2 ],
							"faces": {
								"north": { "texture": "#plume", "uv": [ 12.5, 22.5, 13.5, 23.0 ] },
								"east": { "texture": "#plume", "uv": [ 13.5, 22.5, 14.0, 23.0 ] },
								"south": { "texture": "#plume", "uv": [ 14.0, 22.5, 15.0, 23.0 ] },
								"west": { "texture": "#plume", "uv": [ 15.0, 22.5, 15.5, 23.0 ] },
								"up": { "texture": "#plume", "uv": [ 12.5, 22.0, 13.5, 22.5 ] },
								"down": { "texture": "#plume", "uv": [ 13.5, 22.0, 14.5, 22.5 ] }
							},
							"children": [
								{
									"name": "Winga2",
									"from": [ 0.2, 0.2, 0.1 ],
									"to": [ 2.2, 0.9, 0.7 ],
									"uv": [ 4.0, 14.0 ],
									"rotationOrigin": [ 0.1, 0.2, 0.1 ],
									"rotationY": 5.0,
									"rotationZ": 17.0,
									"faces": {
										"north": { "texture": "#plume", "uv": [ 4.0, 14.5, 6.0, 15.0 ] },
										"east": { "texture": "#plume", "uv": [ 6.0, 14.5, 6.5, 15.0 ] },
										"south": { "texture": "#plume", "uv": [ 6.5, 14.5, 8.5, 15.0 ] },
										"west": { "texture": "#plume", "uv": [ 8.5, 14.5, 9.0, 15.0 ] },
										"up": { "texture": "#plume", "uv": [ 4.0, 14.0, 6.0, 14.5 ] },
										"down": { "texture": "#plume", "uv": [ 6.0, 14.0, 8.0, 14.5 ] }
									},
									"children": [
										{
											"name": "Wingb6",
											"from": [ 1.655, -0.5, 0.1 ],
											"to": [ 4.955, 0.6, 0.5 ],
											"uv": [ 7.0, 13.5 ],
											"rotationOrigin": [ 1.555, -0.5014, 0.1 ],
											"rotationY": 9.0,
											"rotationZ": 30.0,
											"faces": {
												"north": { "texture": "#plume", "uv": [ 7.0, 14.0, 10.0, 15.0 ] },
												"east": { "texture": "#plume", "uv": [ 10.0, 14.0, 10.5, 15.0 ] },
												"south": { "texture": "#plume", "uv": [ 10.5, 14.0, 13.5, 15.0 ] },
												"west": { "texture": "#plume", "uv": [ 13.5, 14.0, 14.0, 15.0 ] },
												"up": { "texture": "#plume", "uv": [ 7.0, 13.5, 10.0, 14.0 ] },
												"down": { "texture": "#plume", "uv": [ 10.0, 13.5, 13.0, 14.0 ] }
											},
											"children": [
												{
													"name": "Wingc5",
													"from": [ 3.2, 0.3, 0.01 ],
													"to": [ 4.0, 0.8, 0.39 ],
													"uv": [ 2.0, 14.0 ],
													"rotationOrigin": [ 3.1, 0.3, 0.0 ],
													"faces": {
														"north": { "texture": "#plume", "uv": [ 2.0, 14.5, 2.5, 15.0 ] },
														"east": { "texture": "#plume", "uv": [ 2.5, 14.5, 3.0, 15.0 ] },
														"south": { "texture": "#plume", "uv": [ 3.0, 14.5, 3.5, 15.0 ] },
														"west": { "texture": "#plume", "uv": [ 3.5, 14.5, 4.0, 15.0 ] },
														"up": { "texture": "#plume", "uv": [ 2.0, 14.0, 2.5, 14.5 ] },
														"down": { "texture": "#plume", "uv": [ 2.5, 14.0, 3.0, 14.5 ] }
													}
												}
											]
										},
										{
											"name": "Wingb7",
											"from": [ 1.75, 0.0, 0.15 ],
											"to": [ 5.85, 1.1, 0.45 ],
											"uv": [ 5.0, 17.0 ],
											"rotationOrigin": [ 1.655, -0.0014, 0.1 ],
											"rotationY": 9.0,
											"rotationZ": 44.0,
											"faces": {
												"north": { "texture": "#plume", "uv": [ 5.0, 17.5, 9.0, 18.5 ] },
												"east": { "texture": "#plume", "uv": [ 9.0, 17.5, 9.5, 18.5 ] },
												"south": { "texture": "#plume", "uv": [ 9.5, 17.5, 13.5, 18.5 ] },
												"west": { "texture": "#plume", "uv": [ 13.5, 17.5, 14.0, 18.5 ] },
												"up": { "texture": "#plume", "uv": [ 5.0, 17.0, 9.0, 17.5 ] },
												"down": { "texture": "#plume", "uv": [ 9.0, 17.0, 13.0, 17.5 ] }
											},
											"children": [
												{
													"name": "Wingc7",
													"from": [ 4.01, 0.28, 0.01 ],
													"to": [ 4.61, 0.78, 0.29 ],
													"uv": [ 4.0, 18.5 ],
													"rotationOrigin": [ 4.0106, 0.2787, -0.05 ],
													"faces": {
														"north": { "texture": "#plume", "uv": [ 4.0, 19.0, 4.5, 19.5 ] },
														"east": { "texture": "#plume", "uv": [ 4.5, 19.0, 5.0, 19.5 ] },
														"south": { "texture": "#plume", "uv": [ 5.0, 19.0, 5.5, 19.5 ] },
														"west": { "texture": "#plume", "uv": [ 5.5, 19.0, 6.0, 19.5 ] },
														"up": { "texture": "#plume", "uv": [ 4.0, 18.5, 4.5, 19.0 ] },
														"down": { "texture": "#plume", "uv": [ 4.5, 18.5, 5.0, 19.0 ] }
													}
												}
											]
										},
										{
											"name": "Wingb8",
											"from": [ 1.55, 0.3, 0.1 ],
											"to": [ 6.45, 1.4, 0.5 ],
											"uv": [ 3.5, 12.0 ],
											"rotationOrigin": [ 1.455, 0.2986, 0.1 ],
											"rotationY": 9.0,
											"rotationZ": 57.0,
											"faces": {
												"north": { "texture": "#plume", "uv": [ 3.5, 12.5, 8.0, 13.5 ] },
												"east": { "texture": "#plume", "uv": [ 8.0, 12.5, 8.5, 13.5 ] },
												"south": { "texture": "#plume", "uv": [ 8.5, 12.5, 13.0, 13.5 ] },
												"west": { "texture": "#plume", "uv": [ 13.0, 12.5, 13.5, 13.5 ] },
												"up": { "texture": "#plume", "uv": [ 3.5, 12.0, 8.0, 12.5 ] },
												"down": { "texture": "#plume", "uv": [ 8.0, 12.0, 12.5, 12.5 ] }
											},
											"children": [
												{
													"name": "Wingc8",
													"from": [ 4.77, 0.29, 0.01 ],
													"to": [ 5.57, 0.89, 0.39 ],
													"uv": [ 10.0, 18.5 ],
													"rotationOrigin": [ 4.7653, 0.289, 0.0 ],
													"faces": {
														"north": { "texture": "#plume", "uv": [ 10.0, 19.0, 10.5, 19.5 ] },
														"east": { "texture": "#plume", "uv": [ 10.5, 19.0, 11.0, 19.5 ] },
														"south": { "texture": "#plume", "uv": [ 11.0, 19.0, 11.5, 19.5 ] },
														"west": { "texture": "#plume", "uv": [ 11.5, 19.0, 12.0, 19.5 ] },
														"up": { "texture": "#plume", "uv": [ 10.0, 18.5, 10.5, 19.0 ] },
														"down": { "texture": "#plume", "uv": [ 10.5, 18.5, 11.0, 19.0 ] }
													}
												}
											]
										},
										{
											"name": "Wingb9",
											"from": [ 1.65, 0.2, 0.15 ],
											"to": [ 7.05, 1.3, 0.45 ],
											"uv": [ 3.0, 17.0 ],
											"rotationOrigin": [ 1.555, 0.1986, 0.1 ],
											"rotationY": 9.0,
											"rotationZ": 73.9,
											"faces": {
												"north": { "texture": "#plume", "uv": [ 3.0, 17.5, 8.0, 18.5 ] },
												"east": { "texture": "#plume", "uv": [ 8.0, 17.5, 8.5, 18.5 ] },
												"south": { "texture": "#plume", "uv": [ 8.5, 17.5, 13.5, 18.5 ] },
												"west": { "texture": "#plume", "uv": [ 13.5, 17.5, 14.0, 18.5 ] },
												"up": { "texture": "#plume", "uv": [ 3.0, 17.0, 8.0, 17.5 ] },
												"down": { "texture": "#plume", "uv": [ 8.0, 17.0, 13.0, 17.5 ] }
											},
											"children": [
												{
													"name": "Wingc9",
													"from": [ 5.26, 0.19, 0.01 ],
													"to": [ 6.16, 0.79, 0.29 ],
													"uv": [ 12.0, 16.5 ],
													"rotationOrigin": [ 5.1612, 0.1936, -0.05 ],
													"faces": {
														"north": { "texture": "#plume", "uv": [ 12.0, 17.0, 12.5, 17.5 ] },
														"east": { "texture": "#plume", "uv": [ 12.5, 17.0, 13.0, 17.5 ] },
														"south": { "texture": "#plume", "uv": [ 13.0, 17.0, 13.5, 17.5 ] },
														"west": { "texture": "#plume", "uv": [ 13.5, 17.0, 14.0, 17.5 ] },
														"up": { "texture": "#plume", "uv": [ 12.0, 16.5, 12.5, 17.0 ] },
														"down": { "texture": "#plume", "uv": [ 12.5, 16.5, 13.0, 17.0 ] }
													}
												}
											]
										},
										{
											"name": "Wingb10",
											"from": [ 1.05, 0.5, 0.15 ],
											"to": [ 5.35, 1.4, 0.45 ],
											"uv": [ 3.0, 14.0 ],
											"rotationOrigin": [ 1.05, 0.5, 0.1 ],
											"rotationY": 9.0,
											"rotationZ": 82.0,
											"faces": {
												"north": { "texture": "#plume", "uv": [ 3.0, 14.5, 7.0, 15.0 ] },
												"east": { "texture": "#plume", "uv": [ 7.0, 14.5, 7.5, 15.0 ] },
												"south": { "texture": "#plume", "uv": [ 7.5, 14.5, 11.5, 15.0 ] },
												"west": { "texture": "#plume", "uv": [ 11.5, 14.5, 12.0, 15.0 ] },
												"up": { "texture": "#plume", "uv": [ 3.0, 14.0, 7.0, 14.5 ] },
												"down": { "texture": "#plume", "uv": [ 7.0, 14.0, 11.0, 14.5 ] }
											},
											"children": [
												{
													"name": "Wingc10",
													"from": [ 4.03, 0.22, 0.01 ],
													"to": [ 4.93, 0.72, 0.29 ],
													"uv": [ 12.5, 13.5 ],
													"rotationOrigin": [ 4.0337, 0.2154, -0.05 ],
													"faces": {
														"north": { "texture": "#plume", "uv": [ 12.5, 14.0, 13.0, 14.5 ] },
														"east": { "texture": "#plume", "uv": [ 13.0, 14.0, 13.5, 14.5 ] },
														"south": { "texture": "#plume", "uv": [ 13.5, 14.0, 14.0, 14.5 ] },
														"west": { "texture": "#plume", "uv": [ 14.0, 14.0, 14.5, 14.5 ] },
														"up": { "texture": "#plume", "uv": [ 12.5, 13.5, 13.0, 14.0 ] },
														"down": { "texture": "#plume", "uv": [ 13.0, 13.5, 13.5, 14.0 ] }
													}
												}
											]
										}
									]
								},
								{
									"name": "Wing4",
									"from": [ 0.0, 0.0, 0.2 ],
									"to": [ 1.2, 0.7, 0.6 ],
									"uv": [ 5.0, 16.5 ],
									"rotationOrigin": [ 0.0, 0.0, 0.2 ],
									"rotationY": 9.0,
									"rotationZ": -79.0,
									"faces": {
										"north": { "texture": "#plume", "uv": [ 5.0, 17.0, 6.0, 17.5 ] },
										"east": { "texture": "#plume", "uv": [ 6.0, 17.0, 6.5, 17.5 ] },
										"south": { "texture": "#plume", "uv": [ 6.5, 17.0, 7.5, 17.5 ] },
										"west": { "texture": "#plume", "uv": [ 7.5, 17.0, 8.0, 17.5 ] },
										"up": { "texture": "#plume", "uv": [ 5.0, 16.5, 6.0, 17.0 ] },
										"down": { "texture": "#plume", "uv": [ 6.0, 16.5, 7.0, 17.0 ] }
									}
								},
								{
									"name": "Wing4a2",
									"from": [ 0.0, 0.0, 0.15 ],
									"to": [ 1.3, 0.7, 0.65 ],
									"uv": [ 2.5, 12.0 ],
									"rotationOrigin": [ 0.0, 0.0, 0.2 ],
									"rotationY": 9.0,
									"rotationZ": -48.0,
									"faces": {
										"north": { "texture": "#plume", "uv": [ 2.5, 12.5, 3.5, 13.0 ] },
										"east": { "texture": "#plume", "uv": [ 3.5, 12.5, 4.0, 13.0 ] },
										"south": { "texture": "#plume", "uv": [ 4.0, 12.5, 5.0, 13.0 ] },
										"west": { "texture": "#plume", "uv": [ 5.0, 12.5, 5.5, 13.0 ] },
										"up": { "texture": "#plume", "uv": [ 2.5, 12.0, 3.5, 12.5 ] },
										"down": { "texture": "#plume", "uv": [ 3.5, 12.0, 4.5, 12.5 ] }
									},
									"children": [
										{
											"name": "Wing4b2",
											"from": [ 1.3, -0.1, 0.1 ],
											"to": [ 3.4, 0.8, 0.4 ],
											"uv": [ 3.5, 17.5 ],
											"rotationOrigin": [ 1.3, -0.1, 0.15 ],
											"rotationY": 9.0,
											"rotationZ": 30.0,
											"faces": {
												"north": { "texture": "#plume", "uv": [ 3.5, 18.0, 5.5, 18.5 ] },
												"east": { "texture": "#plume", "uv": [ 5.5, 18.0, 6.0, 18.5 ] },
												"south": { "texture": "#plume", "uv": [ 6.0, 18.0, 8.0, 18.5 ] },
												"west": { "texture": "#plume", "uv": [ 8.0, 18.0, 8.5, 18.5 ] },
												"up": { "texture": "#plume", "uv": [ 3.5, 17.5, 5.5, 18.0 ] },
												"down": { "texture": "#plume", "uv": [ 5.5, 17.5, 7.5, 18.0 ] }
											},
											"children": [
												{
													"name": "Wing4c2",
													"from": [ 1.9, 0.2, 0.01 ],
													"to": [ 2.7, 0.8, 0.29 ],
													"uv": [ 12.0, 12.0 ],
													"rotationOrigin": [ 1.9, 0.2, 0.05 ],
													"faces": {
														"north": { "texture": "#plume", "uv": [ 12.0, 12.5, 12.5, 13.0 ] },
														"east": { "texture": "#plume", "uv": [ 12.5, 12.5, 13.0, 13.0 ] },
														"south": { "texture": "#plume", "uv": [ 13.0, 12.5, 13.5, 13.0 ] },
														"west": { "texture": "#plume", "uv": [ 13.5, 12.5, 14.0, 13.0 ] },
														"up": { "texture": "#plume", "uv": [ 12.0, 12.0, 12.5, 12.5 ] },
														"down": { "texture": "#plume", "uv": [ 12.5, 12.0, 13.0, 12.5 ] }
													}
												}
											]
										}
									]
								},
								{
									"name": "Wing6",
									"from": [ 0.3, 0.0, 0.2 ],
									"to": [ 1.7, 0.7, 0.6 ],
									"uv": [ 3.0, 12.0 ],
									"rotationOrigin": [ 0.2, 0.0, 0.2 ],
									"rotationY": 9.0,
									"rotationZ": -22.0,
									"faces": {
										"north": { "texture": "#plume", "uv": [ 3.0, 12.5, 4.0, 13.0 ] },
										"east": { "texture": "#plume", "uv": [ 4.0, 12.5, 4.5, 13.0 ] },
										"south": { "texture": "#plume", "uv": [ 4.5, 12.5, 5.5, 13.0 ] },
										"west": { "texture": "#plume", "uv": [ 5.5, 12.5, 6.0, 13.0 ] },
										"up": { "texture": "#plume", "uv": [ 3.0, 12.0, 4.0, 12.5 ] },
										"down": { "texture": "#plume", "uv": [ 4.0, 12.0, 5.0, 12.5 ] }
									},
									"children": [
										{
											"name": "Wing5b2",
											"from": [ 1.3, -0.3, 0.05 ],
											"to": [ 3.5, 0.6, 0.35 ],
											"uv": [ 5.0, 18.5 ],
											"rotationOrigin": [ 1.3, -0.3, 0.0 ],
											"rotationY": 9.0,
											"rotationZ": 30.0,
											"faces": {
												"north": { "texture": "#plume", "uv": [ 5.0, 19.0, 7.0, 19.5 ] },
												"east": { "texture": "#plume", "uv": [ 7.0, 19.0, 7.5, 19.5 ] },
												"south": { "texture": "#plume", "uv": [ 7.5, 19.0, 9.5, 19.5 ] },
												"west": { "texture": "#plume", "uv": [ 9.5, 19.0, 10.0, 19.5 ] },
												"up": { "texture": "#plume", "uv": [ 5.0, 18.5, 7.0, 19.0 ] },
												"down": { "texture": "#plume", "uv": [ 7.0, 18.5, 9.0, 19.0 ] }
											},
											"children": [
												{
													"name": "Wing5c2",
													"from": [ 2.1, 0.2, 0.01 ],
													"to": [ 2.7, 0.7, 0.29 ],
													"uv": [ 13.0, 12.0 ],
													"rotationOrigin": [ 2.1, 0.2, -0.05 ],
													"faces": {
														"north": { "texture": "#plume", "uv": [ 13.0, 12.5, 13.5, 13.0 ] },
														"east": { "texture": "#plume", "uv": [ 13.5, 12.5, 14.0, 13.0 ] },
														"south": { "texture": "#plume", "uv": [ 14.0, 12.5, 14.5, 13.0 ] },
														"west": { "texture": "#plume", "uv": [ 14.5, 12.5, 15.0, 13.0 ] },
														"up": { "texture": "#plume", "uv": [ 13.0, 12.0, 13.5, 12.5 ] },
														"down": { "texture": "#plume", "uv": [ 13.5, 12.0, 14.0, 12.5 ] }
													}
												}
											]
										}
									]
								},
								{
									"name": "Wing6a2",
									"from": [ 0.6, 0.1, 0.15 ],
									"to": [ 2.0, 0.8, 0.65 ],
									"uv": [ 11.5, 19.0 ],
									"rotationOrigin": [ 0.6, 0.1, 0.2 ],
									"rotationY": 9.0,
									"faces": {
										"north": { "texture": "#plume", "uv": [ 11.5, 19.5, 12.5, 20.0 ] },
										"east": { "texture": "#plume", "uv": [ 12.5, 19.5, 13.0, 20.0 ] },
										"south": { "texture": "#plume", "uv": [ 13.0, 19.5, 14.0, 20.0 ] },
										"west": { "texture": "#plume", "uv": [ 14.0, 19.5, 14.5, 20.0 ] },
										"up": { "texture": "#plume", "uv": [ 11.5, 19.0, 12.5, 19.5 ] },
										"down": { "texture": "#plume", "uv": [ 12.5, 19.0, 13.5, 19.5 ] }
									},
									"children": [
										{
											"name": "Wing6b2",
											"from": [ 1.3, -0.3, 0.1 ],
											"to": [ 3.5, 0.6, 0.4 ],
											"uv": [ 10.0, 13.0 ],
											"rotationOrigin": [ 1.3, -0.3, 0.15 ],
											"rotationY": 9.0,
											"rotationZ": 30.0,
											"faces": {
												"north": { "texture": "#plume", "uv": [ 10.0, 13.5, 12.0, 14.0 ] },
												"east": { "texture": "#plume", "uv": [ 12.0, 13.5, 12.5, 14.0 ] },
												"south": { "texture": "#plume", "uv": [ 12.5, 13.5, 14.5, 14.0 ] },
												"west": { "texture": "#plume", "uv": [ 14.5, 13.5, 15.0, 14.0 ] },
												"up": { "texture": "#plume", "uv": [ 10.0, 13.0, 12.0, 13.5 ] },
												"down": { "texture": "#plume", "uv": [ 12.0, 13.0, 14.0, 13.5 ] }
											},
											"children": [
												{
													"name": "Wing6c2",
													"from": [ 2.1, 0.2, 0.0 ],
													"to": [ 2.8, 0.7, 0.3 ],
													"uv": [ 8.5, 17.5 ],
													"rotationOrigin": [ 2.1, 0.2, 0.05 ],
													"faces": {
														"north": { "texture": "#plume", "uv": [ 8.5, 18.0, 9.0, 18.5 ] },
														"east": { "texture": "#plume", "uv": [ 9.0, 18.0, 9.5, 18.5 ] },
														"south": { "texture": "#plume", "uv": [ 9.5, 18.0, 10.0, 18.5 ] },
														"west": { "texture": "#plume", "uv": [ 10.0, 18.0, 10.5, 18.5 ] },
														"up": { "texture": "#plume", "uv": [ 8.5, 17.5, 9.0, 18.0 ] },
														"down": { "texture": "#plume", "uv": [ 9.0, 17.5, 9.5, 18.0 ] }
													}
												}
											]
										}
									]
								}
							]
						}
					]
				},
				{
					"name": "ArmorNose4",
					"from": [ -1.7, -0.5, 3.2 ],
					"to": [ 2.3, 3.5, 6.2 ],
					"autoUnwrap": false,
					"uv": [ 40.0, 34.0 ],
					"rotationOrigin": [ -1.7, -0.5, 3.1 ],
					"rotationX": 90.0,
					"rotationY": 50.0,
					"rotationZ": -45.0,
					"faces": {
						"north": { "texture": "#greenwichhead", "uv": [ 41.5, 27.5, 45.5, 31.5 ] },
						"south": { "texture": "#greenwichhead", "uv": [ 34.0, 27.5, 38.0, 31.5 ] },
						"west": { "texture": "#greenwichhead", "uv": [ 43.0, 30.0, 47.0, 33.0 ], "rotation": 270 },
						"down": { "texture": "#greenwichhead", "uv": [ 39.0, 30.0, 43.0, 33.0 ] }
					}
				}
			]
		}
	],
	"animations": [
	]
}