{
	"editor": {
		"allAngles": true,
		"entityTextureMode": true
	},
	"textureWidth": 64,
	"textureHeight": 64,
	"textureSizes": {
	},
	"textures": {
		"greenwichhead": "armor/entity/greenwich_steel",
		"plume": "block/plume/plumered" 
	},
	"elements": [
		{
			"name": "ArmorHelmet",
			"stepParentName": "Head",
			"from": [ -2.3, -0.9, -0.6 ],
			"to": [ 6.3, 5.6, 5.7 ],
			"autoUnwrap": false,
			"uv": [ 27.0, 14.0 ],
			"rotationOrigin": [ -2.3, -0.9, -0.6 ],
			"faces": {
				"north": { "texture": "#greenwichhead", "uv": [ 26.5, 20.5, 35.0, 27.0 ], "windMode": [-1,-1,-1,-1], "windData": [1,1,1,1] },
				"east": { "texture": "#greenwichhead", "uv": [ 45.5, 20.5, 51.5, 27.0 ], "windMode": [-1,-1,-1,-1], "windData": [0,0,0,0] },
				"south": { "texture": "#greenwichhead", "uv": [ 38.5, 20.5, 47.0, 27.0 ], "windMode": [-1,-1,-1,-1], "windData": [1,1,1,1] },
				"west": { "texture": "#greenwichhead", "uv": [ 33.0, 20.5, 39.0, 27.0 ], "windMode": [-1,-1,-1,-1], "windData": [1,1,1,1] },
				"up": { "texture": "#greenwichhead", "uv": [ 33.0, 14.0, 39.0, 22.5 ], "rotation": 90, "windMode": [-1,-1,-1,-1], "windData": [1,1,1,1] },
				"down": { "texture": "#greenwichhead", "uv": [ 33.0, 26.5, 39.0, 35.0 ], "rotation": 90, "windMode": [-1,-1,-1,-1], "windData": [1,1,1,1] }
			},
			"children": [
				{
					"name": "ArmorHelmetTop",
					"from": [ 0.5, 6.0, 0.5 ],
					"to": [ 6.1, 6.5, 5.8 ],
					"unwrapMode": 4,
					"autoUnwrap": false,
					"uv": [ 23.5, 7.5 ],
					"rotationOrigin": [ 0.5, 6.0, 0.5 ],
					"faces": {
						"north": { "texture": "#greenwichhead", "uv": [ 39.5, 20.5, 45.0, 21.0 ], "windMode": [-1,-1,-1,-1], "windData": [1,1,1,1] },
						"east": { "texture": "#greenwichhead", "uv": [ 33.5, 14.0, 38.5, 14.5 ], "windMode": [-1,-1,-1,-1], "windData": [1,1,1,1] },
						"south": { "texture": "#greenwichhead", "uv": [ 39.5, 20.5, 45.0, 21.0 ], "windMode": [-1,-1,-1,-1], "windData": [1,1,1,1] },
						"west": { "texture": "#greenwichhead", "uv": [ 33.5, 19.5, 38.5, 20.0 ], "windMode": [-1,-1,-1,-1], "windData": [1,1,1,1] },
						"up": { "texture": "#greenwichhead", "uv": [ 33.5, 15.0, 38.5, 20.5 ], "rotation": 90, "windMode": [-1,-1,-1,-1], "windData": [1,1,1,1] },
						"down": { "texture": "#null", "uv": [ 5.5, 0.0, 11.0, 5.0 ], "enabled": false }
					}
				},
				{
					"name": "ArmorNeck",
					"from": [ 3.4, -1.2, 1.3 ],
					"to": [ 7.0, 0.6, 4.9 ],
					"uv": [ 44.0, 18.0 ],
					"rotationOrigin": [ 3.4, 0.8, 1.3 ],
					"faces": {
						"north": { "texture": "#greenwichhead", "uv": [ 44.0, 18.0, 47.5, 19.5 ], "windMode": [-1,-1,-1,-1], "windData": [1,1,1,1] },
						"east": { "texture": "#greenwichhead", "uv": [ 47.5, 18.0, 51.0, 19.5 ], "windMode": [-1,-1,-1,-1], "windData": [1,1,1,1] },
						"south": { "texture": "#greenwichhead", "uv": [ 51.0, 18.0, 54.5, 19.5 ], "windMode": [-1,-1,-1,-1], "windData": [1,1,1,1] },
						"west": { "texture": "#greenwichhead", "uv": [ 54.5, 18.0, 58.0, 19.5 ], "windMode": [-1,-1,-1,-1], "windData": [0,0,0,0] },
						"up": { "texture": "#null", "uv": [ 44.0, 18.0, 47.5, 21.5 ], "enabled": false },
						"down": { "texture": "#null", "uv": [ 47.5, 18.0, 51.0, 21.5 ], "enabled": false }
					}
				},
				{
					"name": "ArmorNose",
					"from": [ -3.0, 2.8, 3.2 ],
					"to": [ 1.0, 6.8, 7.2 ],
					"autoUnwrap": false,
					"uv": [ 40.0, 34.0 ],
					"rotationOrigin": [ -3.0, 2.8, 3.1 ],
					"rotationX": 90.0,
					"rotationY": 23.5,
					"rotationZ": -45.0,
					"faces": {
						"north": { "texture": "#greenwichhead", "uv": [ 42.5, 27.5, 46.5, 31.5 ] },
						"east": { "texture": "#null", "uv": [ 4.0, 3.0, 8.0, 7.0 ], "enabled": false },
						"south": { "texture": "#greenwichhead", "uv": [ 34.0, 27.5, 38.0, 31.5 ] },
						"west": { "texture": "#greenwichhead", "uv": [ 43.0, 30.0, 47.0, 34.0 ], "rotation": 270 },
						"up": { "texture": "#null", "uv": [ 0.0, 0.0, 4.0, 4.0 ], "enabled": false },
						"down": { "texture": "#greenwichhead", "uv": [ 39.0, 30.0, 43.0, 34.0 ] }
					},
					"children": [
						{
							"name": "ArmorNose2",
							"from": [ 1.2182, 0.44, -1.56 ],
							"to": [ 4.6182, 3.84, 1.14 ],
							"autoUnwrap": false,
							"uv": [ 28.0, 32.5 ],
							"rotationOrigin": [ 2.5182, 2.1353, -0.0561 ],
							"rotationX": 36.6911,
							"rotationY": -30.8583,
							"rotationZ": 100.4582,
							"faces": {
								"north": { "texture": "#greenwichhead", "uv": [ 41.5, 28.0, 44.5, 31.0 ] },
								"east": { "texture": "#null", "uv": [ 3.0, 2.5, 5.5, 5.5 ], "enabled": false },
								"south": { "texture": "#null", "uv": [ 5.5, 2.5, 8.5, 5.5 ], "enabled": false },
								"west": { "texture": "#greenwichhead", "uv": [ 40.0, 26.5, 43.0, 29.0 ], "rotation": 270 },
								"up": { "texture": "#greenwichhead", "uv": [ 43.0, 26.5, 46.0, 29.0 ] },
								"down": { "texture": "#null", "uv": [ 3.0, 0.0, 6.0, 2.5 ], "enabled": false }
							}
						},
						{
							"name": "ArmorNose3",
							"from": [ 0.63, -0.15, -0.71 ],
							"to": [ 4.03, 3.25, 0.49 ],
							"autoUnwrap": false,
							"uv": [ 49.0, 29.5 ],
							"rotationOrigin": [ 1.9344, 1.5515, 0.7886 ],
							"rotationX": 9.09,
							"rotationY": -9.09,
							"rotationZ": 90.78,
							"faces": {
								"north": { "texture": "#greenwichhead", "uv": [ 43.0, 30.0, 46.0, 33.0 ] },
								"east": { "texture": "#null", "uv": [ 3.0, 1.0, 4.0, 4.0 ], "enabled": false },
								"south": { "texture": "#null", "uv": [ 4.0, 1.0, 7.0, 4.0 ], "enabled": false },
								"west": { "texture": "#greenwichhead", "uv": [ 39.5, 28.5, 43.0, 30.0 ], "rotation": 270, "autoUv": false },
								"up": { "texture": "#greenwichhead", "uv": [ 43.0, 28.5, 46.5, 30.0 ], "autoUv": false },
								"down": { "texture": "#null", "uv": [ 3.0, 0.0, 6.0, 1.0 ], "enabled": false }
							}
						}
					]
				},
				{
					"name": "Fin",
					"from": [ -0.65, 5.31, 2.85 ],
					"to": [ 2.85, 6.31, 3.35 ],
					"autoUnwrap": false,
					"uv": [ 52.0, 37.5 ],
					"rotationOrigin": [ -0.6601, 5.31, 2.9 ],
					"rotationZ": 16.0,
					"faces": {
						"north": { "texture": "#greenwichhead", "uv": [ 50.0, 27.5, 53.5, 28.5 ] },
						"east": { "texture": "#null", "uv": [ 3.5, 0.5, 4.0, 1.5 ], "enabled": false },
						"south": { "texture": "#greenwichhead", "uv": [ 50.0, 29.0, 53.5, 30.0 ] },
						"west": { "texture": "#greenwichhead", "uv": [ 55.0, 27.5, 55.5, 28.5 ] },
						"up": { "texture": "#greenwichhead", "uv": [ 50.0, 27.5, 53.5, 28.0 ] },
						"down": { "texture": "#null", "uv": [ 3.5, 0.0, 7.0, 0.5 ], "enabled": false }
					},
					"children": [
						{
							"name": "Fin2",
							"from": [ 5.2, -0.55, 0.0 ],
							"to": [ 7.2, 0.85, 0.5 ],
							"autoUnwrap": false,
							"uv": [ 57.5, 33.5 ],
							"rotationOrigin": [ 5.1899, -0.5, 0.0 ],
							"rotationZ": -26.0,
							"faces": {
								"north": { "texture": "#greenwichhead", "uv": [ 53.0, 29.0, 55.0, 30.0 ] },
								"east": { "texture": "#greenwichhead", "uv": [ 51.0, 29.0, 51.5, 30.0 ] },
								"south": { "texture": "#greenwichhead", "uv": [ 54.5, 29.0, 56.5, 30.0 ] },
								"west": { "texture": "#greenwichhead", "uv": [ 51.0, 29.0, 51.5, 30.0 ] },
								"up": { "texture": "#greenwichhead", "uv": [ 52.0, 27.5, 54.0, 28.0 ] },
								"down": { "texture": "#null", "uv": [ 2.0, 0.0, 4.0, 0.5 ], "enabled": false }
							}
						},
						{
							"name": "Fin3",
							"from": [ 3.2, -0.1, -0.01 ],
							"to": [ 5.7, 1.08, 0.51 ],
							"autoUnwrap": false,
							"uv": [ 50.5, 35.0 ],
							"rotationOrigin": [ 3.1899, -0.1, 0.0 ],
							"rotationZ": -7.9,
							"faces": {
								"north": { "texture": "#greenwichhead", "uv": [ 53.5, 27.5, 56.0, 28.5 ] },
								"east": { "texture": "#greenwichhead", "uv": [ 50.5, 29.0, 51.0, 30.0 ] },
								"south": { "texture": "#greenwichhead", "uv": [ 53.5, 27.5, 56.0, 28.5 ] },
								"west": { "texture": "#greenwichhead", "uv": [ 51.0, 29.0, 51.5, 30.0 ] },
								"up": { "texture": "#greenwichhead", "uv": [ 51.0, 27.5, 53.5, 28.0 ] },
								"down": { "texture": "#null", "uv": [ 2.5, 0.0, 5.0, 0.5 ], "enabled": false }
							}
						},
						{
							"name": "Fin4",
							"from": [ 6.55, -1.1, -0.05 ],
							"to": [ 7.55, 0.3, 0.55 ],
							"uv": [ 53.0, 29.0 ],
							"rotationOrigin": [ 6.59, -0.9, 0.0 ],
							"rotationZ": -51.8,
							"faces": {
								"north": { "texture": "#greenwichhead", "uv": [ 53.0, 29.5, 54.0, 30.5 ] },
								"east": { "texture": "#greenwichhead", "uv": [ 54.0, 29.5, 54.5, 30.5 ] },
								"south": { "texture": "#greenwichhead", "uv": [ 54.5, 29.5, 55.5, 30.5 ] },
								"west": { "texture": "#greenwichhead", "uv": [ 55.5, 29.5, 56.0, 30.5 ] },
								"up": { "texture": "#greenwichhead", "uv": [ 53.0, 29.0, 54.0, 29.5 ] },
								"down": { "texture": "#greenwichhead", "uv": [ 54.0, 29.0, 55.0, 29.5 ] }
							}
						},
						{
							"name": "Fin5",
							"from": [ 5.4, -6.6, -0.01 ],
							"to": [ 6.7, -3.92, 0.51 ],
							"autoUnwrap": false,
							"uv": [ 57.0, 23.0 ],
							"rotationOrigin": [ 10.39, -6.6, 0.0 ],
							"rotationZ": -24.0,
							"faces": {
								"north": { "texture": "#greenwichhead", "uv": [ 52.0, 28.0, 54.5, 29.0 ], "rotation": 270 },
								"east": { "texture": "#greenwichhead", "uv": [ 56.0, 27.5, 58.5, 28.0 ], "rotation": 270 },
								"south": { "texture": "#greenwichhead", "uv": [ 55.0, 28.0, 57.5, 29.0 ], "rotation": 90 },
								"west": { "texture": "#null", "uv": [ 2.5, 0.5, 3.0, 3.0 ], "enabled": false },
								"up": { "texture": "#null", "uv": [ 0.0, 0.0, 1.0, 0.5 ], "enabled": false },
								"down": { "texture": "#null", "uv": [ 1.0, 0.0, 2.0, 0.5 ], "enabled": false }
							}
						},
						{
							"name": "Fin6",
							"from": [ 3.77, -9.34, 0.0 ],
							"to": [ 4.77, -6.76, 0.5 ],
							"autoUnwrap": false,
							"uv": [ 56.0, 23.0 ],
							"rotationOrigin": [ 8.69, -9.4, 0.0 ],
							"rotationZ": -36.9,
							"faces": {
								"north": { "texture": "#greenwichhead", "uv": [ 56.0, 28.0, 58.5, 29.0 ], "rotation": 270 },
								"east": { "texture": "#greenwichhead", "uv": [ 55.0, 27.5, 57.5, 28.0 ], "rotation": 270 },
								"south": { "texture": "#greenwichhead", "uv": [ 56.0, 28.0, 58.5, 29.0 ], "rotation": 90 },
								"west": { "texture": "#null", "uv": [ 2.5, 0.5, 3.0, 3.0 ], "enabled": false },
								"up": { "texture": "#null", "uv": [ 0.0, 0.0, 1.0, 0.5 ], "enabled": false },
								"down": { "texture": "#null", "uv": [ 1.0, 0.0, 2.0, 0.5 ], "enabled": false }
							}
						},
						{
							"name": "Fin7",
							"from": [ 6.95, -1.6, 0.0 ],
							"to": [ 7.95, -0.2, 0.5 ],
							"uv": [ 53.0, 29.0 ],
							"rotationOrigin": [ 7.09, -1.3, 0.0 ],
							"rotationZ": -75.8,
							"faces": {
								"north": { "texture": "#greenwichhead", "uv": [ 53.0, 29.5, 54.0, 30.5 ] },
								"east": { "texture": "#greenwichhead", "uv": [ 54.0, 29.5, 54.5, 30.5 ] },
								"south": { "texture": "#greenwichhead", "uv": [ 54.5, 29.5, 55.5, 30.5 ] },
								"west": { "texture": "#greenwichhead", "uv": [ 55.5, 29.5, 56.0, 30.5 ] },
								"up": { "texture": "#greenwichhead", "uv": [ 53.0, 29.0, 54.0, 29.5 ] },
								"down": { "texture": "#greenwichhead", "uv": [ 54.0, 29.0, 55.0, 29.5 ] }
							}
						},
						{
							"name": "Fin8",
							"from": [ 7.05, -2.1, -0.05 ],
							"to": [ 8.05, -0.7, 0.55 ],
							"uv": [ 53.0, 29.0 ],
							"rotationOrigin": [ 7.29, -1.8, 0.0 ],
							"rotationZ": -106.5,
							"faces": {
								"north": { "texture": "#greenwichhead", "uv": [ 53.0, 29.5, 54.0, 30.5 ] },
								"east": { "texture": "#greenwichhead", "uv": [ 54.0, 29.5, 54.5, 30.5 ] },
								"south": { "texture": "#greenwichhead", "uv": [ 54.5, 29.5, 55.5, 30.5 ] },
								"west": { "texture": "#greenwichhead", "uv": [ 55.5, 29.5, 56.0, 30.5 ] },
								"up": { "texture": "#greenwichhead", "uv": [ 53.0, 29.0, 54.0, 29.5 ] },
								"down": { "texture": "#greenwichhead", "uv": [ 54.0, 29.0, 55.0, 29.5 ] }
							}
						}
					]
				},
				{
					"name": "Hinge1",
					"from": [ 2.0, 3.5, 6.3 ],
					"to": [ 3.0, 5.5, 6.8 ],
					"uv": [ 51.5, 24.0 ],
					"rotationOrigin": [ 2.0, 3.5, 6.0 ],
					"faces": {
						"north": { "texture": "#greenwichhead", "uv": [ 51.5, 24.5, 52.5, 26.5 ] },
						"east": { "texture": "#greenwichhead", "uv": [ 52.5, 24.5, 53.0, 26.5 ] },
						"south": { "texture": "#greenwichhead", "uv": [ 53.0, 24.5, 54.0, 26.5 ] },
						"west": { "texture": "#greenwichhead", "uv": [ 54.0, 24.5, 54.5, 26.5 ] },
						"up": { "texture": "#greenwichhead", "uv": [ 51.5, 24.0, 52.5, 24.5 ] },
						"down": { "texture": "#greenwichhead", "uv": [ 52.5, 24.0, 53.5, 24.5 ] }
					},
					"children": [
						{
							"name": "Hinge2",
							"from": [ 0.0, 0.0, 0.0 ],
							"to": [ 1.0, 0.5, 0.5 ],
							"uv": [ 51.5, 23.5 ],
							"rotationOrigin": [ 0.5, 1.0, -0.3 ],
							"rotationZ": 90.0,
							"faces": {
								"north": { "texture": "#greenwichhead", "uv": [ 51.5, 24.0, 52.5, 24.5 ] },
								"east": { "texture": "#greenwichhead", "uv": [ 52.5, 24.0, 53.0, 24.5 ] },
								"south": { "texture": "#greenwichhead", "uv": [ 53.0, 24.0, 54.0, 24.5 ] },
								"west": { "texture": "#greenwichhead", "uv": [ 54.0, 24.0, 54.5, 24.5 ] },
								"up": { "texture": "#greenwichhead", "uv": [ 51.5, 23.5, 52.5, 24.0 ] },
								"down": { "texture": "#greenwichhead", "uv": [ 52.5, 23.5, 53.5, 24.0 ] }
							}
						},
						{
							"name": "Hinge3",
							"from": [ -1.5, 0.0, 0.0 ],
							"to": [ -0.5, 0.5, 0.5 ],
							"uv": [ 52.0, 24.5 ],
							"rotationOrigin": [ -1.0, 1.0, -0.3 ],
							"rotationZ": 90.0,
							"faces": {
								"north": { "texture": "#greenwichhead", "uv": [ 52.0, 25.0, 53.0, 25.5 ] },
								"east": { "texture": "#greenwichhead", "uv": [ 53.0, 25.0, 53.5, 25.5 ] },
								"south": { "texture": "#greenwichhead", "uv": [ 53.5, 25.0, 54.5, 25.5 ] },
								"west": { "texture": "#greenwichhead", "uv": [ 54.5, 25.0, 55.0, 25.5 ] },
								"up": { "texture": "#greenwichhead", "uv": [ 52.0, 24.5, 53.0, 25.0 ] },
								"down": { "texture": "#greenwichhead", "uv": [ 53.0, 24.5, 54.0, 25.0 ] }
							}
						}
					]
				},
				{
					"name": "Hinge4",
					"from": [ 2.0, 3.5, -0.5 ],
					"to": [ 3.0, 5.5, 0.0 ],
					"uv": [ 51.5, 23.0 ],
					"rotationOrigin": [ 2.0, 3.5, -0.8 ],
					"faces": {
						"north": { "texture": "#greenwichhead", "uv": [ 51.5, 23.5, 52.5, 25.5 ] },
						"east": { "texture": "#greenwichhead", "uv": [ 52.5, 23.5, 53.0, 25.5 ] },
						"south": { "texture": "#greenwichhead", "uv": [ 53.0, 23.5, 54.0, 25.5 ] },
						"west": { "texture": "#greenwichhead", "uv": [ 54.0, 23.5, 54.5, 25.5 ] },
						"up": { "texture": "#greenwichhead", "uv": [ 51.5, 23.0, 52.5, 23.5 ] },
						"down": { "texture": "#greenwichhead", "uv": [ 52.5, 23.0, 53.5, 23.5 ] }
					},
					"children": [
						{
							"name": "Hinge5",
							"from": [ 0.0, 0.0, 0.0 ],
							"to": [ 1.0, 0.5, 0.5 ],
							"uv": [ 51.5, 23.5 ],
							"rotationOrigin": [ 0.5, 1.0, -0.3 ],
							"rotationZ": 90.0,
							"faces": {
								"north": { "texture": "#greenwichhead", "uv": [ 51.5, 24.0, 52.5, 24.5 ] },
								"east": { "texture": "#greenwichhead", "uv": [ 52.5, 24.0, 53.0, 24.5 ] },
								"south": { "texture": "#greenwichhead", "uv": [ 53.0, 24.0, 54.0, 24.5 ] },
								"west": { "texture": "#greenwichhead", "uv": [ 54.0, 24.0, 54.5, 24.5 ] },
								"up": { "texture": "#greenwichhead", "uv": [ 51.5, 23.5, 52.5, 24.0 ] },
								"down": { "texture": "#greenwichhead", "uv": [ 52.5, 23.5, 53.5, 24.0 ] }
							}
						},
						{
							"name": "Hinge6",
							"from": [ -1.5, 0.0, 0.0 ],
							"to": [ -0.5, 0.5, 0.5 ],
							"uv": [ 51.5, 23.5 ],
							"rotationOrigin": [ -1.0, 1.0, -0.3 ],
							"rotationZ": 90.0,
							"faces": {
								"north": { "texture": "#greenwichhead", "uv": [ 51.5, 24.0, 52.5, 24.5 ] },
								"east": { "texture": "#greenwichhead", "uv": [ 52.5, 24.0, 53.0, 24.5 ] },
								"south": { "texture": "#greenwichhead", "uv": [ 53.0, 24.0, 54.0, 24.5 ] },
								"west": { "texture": "#greenwichhead", "uv": [ 54.0, 24.0, 54.5, 24.5 ] },
								"up": { "texture": "#greenwichhead", "uv": [ 51.5, 23.5, 52.5, 24.0 ] },
								"down": { "texture": "#greenwichhead", "uv": [ 52.5, 23.5, 53.5, 24.0 ] }
							}
						}
					]
				},
				{
					"name": "PlumeBase",
					"from": [ 2.5, 6.4, 2.8 ],
					"to": [ 3.5, 7.4, 3.4 ],
					"autoUnwrap": false,
					"uv": [ 19.0, 7.0 ],
					"rotationOrigin": [ 2.5035, 6.3999, 2.8 ],
					"faces": {
						"north": { "texture": "#plume", "uv": [ 0.0, 8.0, 1.0, 9.0 ] },
						"east": { "texture": "#plume", "uv": [ 0.5, 9.0, 1.0, 10.0 ] },
						"south": { "texture": "#plume", "uv": [ 0.0, 9.0, 1.0, 10.0 ] },
						"west": { "texture": "#plume", "uv": [ 0.0, 8.5, 0.5, 9.5 ] },
						"up": { "texture": "#plume", "uv": [ 0.5, 9.5, 1.5, 10.0 ] },
						"down": { "texture": "#plume", "uv": [ 0.0, 9.0, 1.0, 9.5 ] }
					},
					"children": [
						{
							"name": "PlumeSubBase1",
							"from": [ 0.0, 1.0, -0.1 ],
							"to": [ 2.0, 1.5, 0.7 ],
							"autoUnwrap": false,
							"uv": [ 19.0, 7.5 ],
							"rotationOrigin": [ 0.0, 1.0, -0.1 ],
							"faces": {
								"north": { "texture": "#plume", "uv": [ 0.5, 9.5, 2.5, 10.0 ] },
								"east": { "texture": "#plume", "uv": [ 1.0, 9.0, 1.5, 9.5 ] },
								"south": { "texture": "#plume", "uv": [ 0.5, 9.0, 2.5, 9.5 ] },
								"west": { "texture": "#plume", "uv": [ 1.0, 9.0, 1.5, 9.5 ] },
								"up": { "texture": "#plume", "uv": [ 0.5, 8.5, 2.5, 9.0 ] },
								"down": { "texture": "#plume", "uv": [ 0.5, 9.0, 2.5, 9.5 ] }
							}
						},
						{
							"name": "PlumeSubBase2",
							"from": [ -1.4, 0.9, -0.09 ],
							"to": [ 0.1, 1.4, 0.59 ],
							"unwrapMode": 5,
							"unwrapRotation": 1,
							"uv": [ 0.0, 7.5 ],
							"rotationOrigin": [ -1.4, 0.9, -0.1 ],
							"rotationZ": 5.0,
							"faces": {
								"north": { "texture": "#plume", "uv": [ 0.0, 8.0, 0.5, 9.5 ], "rotation": 270 },
								"east": { "texture": "#plume", "uv": [ 0.5, 7.5, 1.0, 8.0 ], "rotation": 180 },
								"south": { "texture": "#plume", "uv": [ 1.0, 8.0, 1.5, 9.5 ], "rotation": 90 },
								"west": { "texture": "#plume", "uv": [ 0.5, 9.5, 1.0, 10.0 ] },
								"up": { "texture": "#plume", "uv": [ 0.5, 8.0, 1.0, 9.5 ], "rotation": 90 },
								"down": { "texture": "#plume", "uv": [ 1.5, 8.0, 2.0, 9.5 ], "rotation": 270 }
							}
						},
						{
							"name": "PlumeSubBase3",
							"from": [ 1.9, 1.0, -0.09 ],
							"to": [ 3.0, 1.5, 0.59 ],
							"unwrapMode": 6,
							"unwrapRotation": 1,
							"uv": [ 0.0, 8.0 ],
							"rotationOrigin": [ 1.9, 1.0, -0.1 ],
							"rotationZ": -8.0,
							"faces": {
								"north": { "texture": "#plume", "uv": [ 0.0, 8.5, 0.5, 9.5 ], "rotation": 90 },
								"east": { "texture": "#plume", "uv": [ 0.5, 9.5, 1.0, 10.0 ], "rotation": 180 },
								"south": { "texture": "#plume", "uv": [ 1.0, 8.5, 1.5, 9.5 ], "rotation": 270 },
								"west": { "texture": "#plume", "uv": [ 0.5, 8.0, 1.0, 8.5 ] },
								"up": { "texture": "#plume", "uv": [ 1.5, 8.5, 2.0, 9.5 ], "rotation": 270 },
								"down": { "texture": "#plume", "uv": [ 0.5, 8.5, 1.0, 9.5 ], "rotation": 90 }
							}
						},
						{
							"name": "Plume2",
							"from": [ 0.0, -0.2, 0.2 ],
							"to": [ 0.0, -0.2, 0.2 ],
							"uv": [ 0.0, 0.0 ],
							"rotationOrigin": [ -0.4, 1.3, 0.3 ],
							"faces": {
								"north": { "texture": "#plume", "uv": [ 0.0, 0.5, 0.5, 1.0 ] },
								"east": { "texture": "#plume", "uv": [ 0.5, 0.5, 1.0, 1.0 ] },
								"south": { "texture": "#plume", "uv": [ 1.0, 0.5, 1.5, 1.0 ] },
								"west": { "texture": "#plume", "uv": [ 1.5, 0.5, 2.0, 1.0 ] },
								"up": { "texture": "#plume", "uv": [ 0.0, 0.0, 0.5, 0.5 ] },
								"down": { "texture": "#plume", "uv": [ 0.5, 0.0, 1.0, 0.5 ] }
							},
							"children": [
								{
									"name": "Plume2b",
									"from": [ -2.43, 0.92, -0.69 ],
									"to": [ 0.07, 3.92, 0.61 ],
									"autoUnwrap": false,
									"uv": [ 8.4, 0.8 ],
									"rotationOrigin": [ -2.4337, 0.9193, -0.7 ],
									"rotationX": -8.9663,
									"rotationY": 0.7812,
									"rotationZ": 15.0613,
									"faces": {
										"north": { "texture": "#plume", "uv": [ 9.0, 2.0, 11.5, 5.0 ] },
										"east": { "texture": "#plume", "uv": [ 11.0, 2.0, 12.0, 5.0 ] },
										"south": { "texture": "#plume", "uv": [ 12.0, 2.0, 14.5, 5.0 ] },
										"west": { "texture": "#plume", "uv": [ 15.0, 2.0, 16.0, 5.0 ] },
										"up": { "texture": "#plume", "uv": [ 8.5, 1.0, 11.0, 2.0 ] },
										"down": { "texture": "#plume", "uv": [ 11.0, 1.0, 13.5, 2.0 ] }
									}
								},
								{
									"name": "Plume2a",
									"from": [ -2.4123, 1.1181, -0.39 ],
									"to": [ 0.0877, 4.1181, 0.91 ],
									"autoUnwrap": false,
									"uv": [ 0.5, 3.0 ],
									"rotationOrigin": [ -2.4123, 1.1181, -0.4 ],
									"rotationX": 8.9663,
									"rotationY": -0.7812,
									"rotationZ": 15.0613,
									"faces": {
										"north": { "texture": "#plume", "uv": [ 0.5, 4.0, 3.0, 7.0 ] },
										"east": { "texture": "#plume", "uv": [ 3.0, 4.0, 4.0, 7.0 ] },
										"south": { "texture": "#plume", "uv": [ 4.5, 4.0, 7.0, 7.0 ], "windMode": [-1,-1,-1,-1], "windData": [1,2,2,2] },
										"west": { "texture": "#plume", "uv": [ 6.0, 4.0, 7.0, 7.0 ] },
										"up": { "texture": "#plume", "uv": [ 0.5, 3.0, 3.0, 4.0 ] },
										"down": { "texture": "#plume", "uv": [ 3.0, 3.0, 5.5, 4.0 ] }
									}
								}
							]
						},
						{
							"name": "Plume3",
							"from": [ 1.7, -0.2, 0.2 ],
							"to": [ 1.7, -0.2, 0.2 ],
							"uv": [ 0.0, 0.0 ],
							"rotationOrigin": [ 1.3, 1.3, 0.3 ],
							"rotationZ": -15.0,
							"faces": {
								"north": { "texture": "#plume", "uv": [ 0.0, 0.5, 0.5, 1.0 ] },
								"east": { "texture": "#plume", "uv": [ 0.5, 0.5, 1.0, 1.0 ] },
								"south": { "texture": "#plume", "uv": [ 1.0, 0.5, 1.5, 1.0 ] },
								"west": { "texture": "#plume", "uv": [ 1.5, 0.5, 2.0, 1.0 ] },
								"up": { "texture": "#plume", "uv": [ 0.0, 0.0, 0.5, 0.5 ] },
								"down": { "texture": "#plume", "uv": [ 0.5, 0.0, 1.0, 0.5 ] }
							},
							"children": [
								{
									"name": "Plume2b2",
									"from": [ -2.43, 0.92, -0.69 ],
									"to": [ 0.07, 3.72, 0.61 ],
									"autoUnwrap": false,
									"uv": [ 8.0, 1.0 ],
									"rotationOrigin": [ -2.4337, 0.9193, -0.7 ],
									"rotationX": -8.9663,
									"rotationY": 0.7812,
									"rotationZ": 15.0613,
									"faces": {
										"north": { "texture": "#plume", "uv": [ 7.0, 1.0, 9.5, 3.5 ] },
										"east": { "texture": "#plume", "uv": [ 10.5, 1.0, 11.5, 3.5 ] },
										"south": { "texture": "#plume", "uv": [ 11.5, 1.0, 14.0, 3.5 ] },
										"west": { "texture": "#plume", "uv": [ 14.0, 1.0, 15.0, 3.5 ] },
										"up": { "texture": "#plume", "uv": [ 8.5, 0.0, 11.0, 1.0 ] },
										"down": { "texture": "#plume", "uv": [ 11.0, 0.0, 13.5, 1.0 ] }
									}
								},
								{
									"name": "Plume2a2",
									"from": [ -2.4123, 1.1181, -0.39 ],
									"to": [ 0.0877, 3.9181, 0.91 ],
									"autoUnwrap": false,
									"uv": [ 8.0, 1.0 ],
									"rotationOrigin": [ -2.4123, 1.1181, -0.4 ],
									"rotationX": 8.9663,
									"rotationY": -0.7812,
									"rotationZ": 15.0613,
									"faces": {
										"north": { "texture": "#plume", "uv": [ 8.0, 1.0, 10.5, 3.5 ] },
										"east": { "texture": "#plume", "uv": [ 10.5, 1.0, 11.5, 3.5 ] },
										"south": { "texture": "#plume", "uv": [ 12.5, 1.0, 15.0, 3.5 ] },
										"west": { "texture": "#plume", "uv": [ 14.0, 1.0, 15.0, 3.5 ] },
										"up": { "texture": "#plume", "uv": [ 8.5, 0.0, 11.0, 1.0 ] },
										"down": { "texture": "#plume", "uv": [ 11.0, 0.0, 13.5, 1.0 ] }
									}
								}
							]
						},
						{
							"name": "Plume4",
							"from": [ 3.4, -0.5, 0.2 ],
							"to": [ 3.4, -0.5, 0.2 ],
							"uv": [ 0.0, 0.0 ],
							"rotationOrigin": [ 3.0, 1.0, 0.3 ],
							"rotationZ": -30.0,
							"faces": {
								"north": { "texture": "#plume", "uv": [ 0.0, 0.5, 0.5, 1.0 ] },
								"east": { "texture": "#plume", "uv": [ 0.5, 0.5, 1.0, 1.0 ] },
								"south": { "texture": "#plume", "uv": [ 1.0, 0.5, 1.5, 1.0 ] },
								"west": { "texture": "#plume", "uv": [ 1.5, 0.5, 2.0, 1.0 ] },
								"up": { "texture": "#plume", "uv": [ 0.0, 0.0, 0.5, 0.5 ] },
								"down": { "texture": "#plume", "uv": [ 0.5, 0.0, 1.0, 0.5 ] }
							},
							"children": [
								{
									"name": "Plume2b3",
									"from": [ -2.43, 0.92, -0.69 ],
									"to": [ 0.07, 3.32, 0.51 ],
									"autoUnwrap": false,
									"uv": [ 8.0, 1.0 ],
									"rotationOrigin": [ -2.4337, 0.9193, -0.6 ],
									"rotationX": -8.9663,
									"rotationY": 0.7812,
									"rotationZ": 15.0613,
									"faces": {
										"north": { "texture": "#plume", "uv": [ 8.0, 1.0, 10.5, 3.0 ] },
										"east": { "texture": "#plume", "uv": [ 10.5, 1.0, 11.5, 3.0 ] },
										"south": { "texture": "#plume", "uv": [ 11.5, 1.0, 14.0, 3.0 ] },
										"west": { "texture": "#plume", "uv": [ 14.0, 1.0, 15.0, 3.0 ] },
										"up": { "texture": "#plume", "uv": [ 8.5, 0.0, 11.0, 1.0 ] },
										"down": { "texture": "#plume", "uv": [ 11.0, 0.0, 13.5, 1.0 ] }
									}
								},
								{
									"name": "Plume2a3",
									"from": [ -2.4123, 1.1181, -0.39 ],
									"to": [ 0.0877, 3.5181, 0.81 ],
									"autoUnwrap": false,
									"uv": [ 8.0, 1.0 ],
									"rotationOrigin": [ -2.4123, 1.1181, -0.4 ],
									"rotationX": 8.9663,
									"rotationY": -0.7812,
									"rotationZ": 15.0613,
									"faces": {
										"north": { "texture": "#plume", "uv": [ 8.0, 1.0, 10.5, 3.0 ] },
										"east": { "texture": "#plume", "uv": [ 10.5, 1.0, 11.5, 3.0 ] },
										"south": { "texture": "#plume", "uv": [ 12.5, 1.0, 15.0, 3.0 ] },
										"west": { "texture": "#plume", "uv": [ 14.0, 1.0, 15.0, 3.0 ] },
										"up": { "texture": "#plume", "uv": [ 8.5, 0.0, 11.0, 1.0 ] },
										"down": { "texture": "#plume", "uv": [ 11.0, 0.0, 13.5, 1.0 ] }
									}
								}
							]
						},
						{
							"name": "Plume5",
							"from": [ 5.0, -1.5, 0.2 ],
							"to": [ 5.0, -1.5, 0.2 ],
							"uv": [ 0.0, 0.0 ],
							"rotationOrigin": [ 4.6, 0.0, 0.3 ],
							"rotationZ": -42.0,
							"faces": {
								"north": { "texture": "#plume", "uv": [ 0.0, 0.5, 0.5, 1.0 ] },
								"east": { "texture": "#plume", "uv": [ 0.5, 0.5, 1.0, 1.0 ] },
								"south": { "texture": "#plume", "uv": [ 1.0, 0.5, 1.5, 1.0 ] },
								"west": { "texture": "#plume", "uv": [ 1.5, 0.5, 2.0, 1.0 ] },
								"up": { "texture": "#plume", "uv": [ 0.0, 0.0, 0.5, 0.5 ] },
								"down": { "texture": "#plume", "uv": [ 0.5, 0.0, 1.0, 0.5 ] }
							},
							"children": [
								{
									"name": "Plume2b4",
									"from": [ -2.43, 0.92, -0.69 ],
									"to": [ 0.07, 3.32, 0.51 ],
									"autoUnwrap": false,
									"uv": [ 8.0, 1.0 ],
									"rotationOrigin": [ -2.4337, 0.9193, -0.6 ],
									"rotationX": -8.9663,
									"rotationY": 0.7812,
									"rotationZ": 15.0613,
									"faces": {
										"north": { "texture": "#plume", "uv": [ 8.0, 1.0, 10.5, 3.0 ] },
										"east": { "texture": "#plume", "uv": [ 10.5, 1.0, 11.5, 3.0 ] },
										"south": { "texture": "#plume", "uv": [ 11.5, 1.0, 14.0, 3.0 ] },
										"west": { "texture": "#plume", "uv": [ 14.0, 1.0, 15.0, 3.0 ] },
										"up": { "texture": "#plume", "uv": [ 8.5, 0.0, 11.0, 1.0 ] },
										"down": { "texture": "#plume", "uv": [ 11.0, 0.0, 13.5, 1.0 ] }
									}
								},
								{
									"name": "Plume2a4",
									"from": [ -2.4123, 1.1181, -0.39 ],
									"to": [ 0.0877, 3.5181, 0.81 ],
									"autoUnwrap": false,
									"uv": [ 8.0, 1.0 ],
									"rotationOrigin": [ -2.4123, 1.1181, -0.4 ],
									"rotationX": 8.9663,
									"rotationY": -0.7812,
									"rotationZ": 15.0613,
									"faces": {
										"north": { "texture": "#plume", "uv": [ 8.0, 1.0, 10.5, 3.0 ] },
										"east": { "texture": "#plume", "uv": [ 10.5, 1.0, 11.5, 3.0 ] },
										"south": { "texture": "#plume", "uv": [ 12.5, 1.0, 15.0, 3.0 ] },
										"west": { "texture": "#plume", "uv": [ 14.0, 1.0, 15.0, 3.0 ] },
										"up": { "texture": "#plume", "uv": [ 8.5, 0.0, 11.0, 1.0 ] },
										"down": { "texture": "#plume", "uv": [ 11.0, 0.0, 13.5, 1.0 ] }
									}
								}
							]
						},
						{
							"name": "Plume6",
							"from": [ 6.0, -2.6, 0.2 ],
							"to": [ 6.0, -2.6, 0.2 ],
							"uv": [ 0.0, 0.0 ],
							"rotationOrigin": [ 5.6, -1.1, 0.3 ],
							"rotationZ": -64.0,
							"faces": {
								"north": { "texture": "#plume", "uv": [ 0.0, 0.5, 0.5, 1.0 ] },
								"east": { "texture": "#plume", "uv": [ 0.5, 0.5, 1.0, 1.0 ] },
								"south": { "texture": "#plume", "uv": [ 1.0, 0.5, 1.5, 1.0 ] },
								"west": { "texture": "#plume", "uv": [ 1.5, 0.5, 2.0, 1.0 ] },
								"up": { "texture": "#plume", "uv": [ 0.0, 0.0, 0.5, 0.5 ] },
								"down": { "texture": "#plume", "uv": [ 0.5, 0.0, 1.0, 0.5 ] }
							},
							"children": [
								{
									"name": "Plume2b5",
									"from": [ -2.43, 0.92, -0.49 ],
									"to": [ 0.07, 3.12, 0.51 ],
									"autoUnwrap": false,
									"uv": [ 8.0, 1.0 ],
									"rotationOrigin": [ -2.4337, 0.9193, -0.4 ],
									"rotationX": -8.9663,
									"rotationY": 0.7812,
									"rotationZ": 15.0613,
									"faces": {
										"north": { "texture": "#plume", "uv": [ 8.0, 1.0, 10.5, 3.0 ] },
										"east": { "texture": "#plume", "uv": [ 10.5, 1.0, 11.5, 3.0 ] },
										"south": { "texture": "#plume", "uv": [ 11.5, 1.0, 14.0, 3.0 ] },
										"west": { "texture": "#plume", "uv": [ 14.0, 1.0, 15.0, 3.0 ] },
										"up": { "texture": "#plume", "uv": [ 8.5, 0.0, 11.0, 1.0 ] },
										"down": { "texture": "#plume", "uv": [ 11.0, 0.0, 13.5, 1.0 ] }
									}
								},
								{
									"name": "Plume2a5",
									"from": [ -2.4123, 1.1181, -0.39 ],
									"to": [ 0.0877, 3.3181, 0.61 ],
									"autoUnwrap": false,
									"uv": [ 8.0, 1.0 ],
									"rotationOrigin": [ -2.4123, 1.1181, -0.4 ],
									"rotationX": 8.9663,
									"rotationY": -0.7812,
									"rotationZ": 15.0613,
									"faces": {
										"north": { "texture": "#plume", "uv": [ 8.0, 1.0, 10.5, 3.0 ] },
										"east": { "texture": "#plume", "uv": [ 10.5, 1.0, 11.5, 3.0 ] },
										"south": { "texture": "#plume", "uv": [ 12.5, 1.0, 15.0, 3.0 ] },
										"west": { "texture": "#plume", "uv": [ 14.0, 1.0, 15.0, 3.0 ] },
										"up": { "texture": "#plume", "uv": [ 8.5, 0.0, 11.0, 1.0 ] },
										"down": { "texture": "#plume", "uv": [ 11.0, 0.0, 13.5, 1.0 ] }
									}
								}
							]
						},
						{
							"name": "Plume7",
							"from": [ 6.9, -4.4, 0.2 ],
							"to": [ 6.9, -4.4, 0.2 ],
							"uv": [ 0.0, 0.0 ],
							"rotationOrigin": [ 6.5, -2.9, 0.3 ],
							"rotationZ": -77.0,
							"faces": {
								"north": { "texture": "#plume", "uv": [ 0.0, 0.5, 0.5, 1.0 ] },
								"east": { "texture": "#plume", "uv": [ 0.5, 0.5, 1.0, 1.0 ] },
								"south": { "texture": "#plume", "uv": [ 1.0, 0.5, 1.5, 1.0 ] },
								"west": { "texture": "#plume", "uv": [ 1.5, 0.5, 2.0, 1.0 ] },
								"up": { "texture": "#plume", "uv": [ 0.0, 0.0, 0.5, 0.5 ] },
								"down": { "texture": "#plume", "uv": [ 0.5, 0.0, 1.0, 0.5 ] }
							},
							"children": [
								{
									"name": "Plume2b6",
									"from": [ -2.43, 0.92, -0.49 ],
									"to": [ -0.43, 3.02, 0.51 ],
									"autoUnwrap": false,
									"uv": [ 8.0, 1.0 ],
									"rotationOrigin": [ -2.4337, 0.9193, -0.4 ],
									"rotationX": -8.9663,
									"rotationY": 0.7812,
									"rotationZ": 15.0613,
									"faces": {
										"north": { "texture": "#plume", "uv": [ 8.0, 1.0, 10.0, 3.0 ] },
										"east": { "texture": "#plume", "uv": [ 10.5, 1.0, 11.5, 3.0 ] },
										"south": { "texture": "#plume", "uv": [ 11.5, 1.0, 13.5, 3.0 ] },
										"west": { "texture": "#plume", "uv": [ 14.0, 1.0, 15.0, 3.0 ] },
										"up": { "texture": "#plume", "uv": [ 8.5, 0.0, 10.5, 1.0 ] },
										"down": { "texture": "#plume", "uv": [ 11.0, 0.0, 13.0, 1.0 ] }
									}
								},
								{
									"name": "Plume2a6",
									"from": [ -2.41, 1.1181, -0.39 ],
									"to": [ -0.41, 3.2181, 0.61 ],
									"autoUnwrap": false,
									"uv": [ 8.0, 1.0 ],
									"rotationOrigin": [ -2.4123, 1.1181, -0.4 ],
									"rotationX": 8.9663,
									"rotationY": -0.7812,
									"rotationZ": 15.0613,
									"faces": {
										"north": { "texture": "#plume", "uv": [ 8.0, 1.0, 10.0, 3.0 ] },
										"east": { "texture": "#plume", "uv": [ 10.5, 1.0, 11.5, 3.0 ] },
										"south": { "texture": "#plume", "uv": [ 12.5, 1.0, 14.5, 3.0 ] },
										"west": { "texture": "#plume", "uv": [ 14.0, 1.0, 15.0, 3.0 ] },
										"up": { "texture": "#plume", "uv": [ 8.5, 0.0, 10.5, 1.0 ] },
										"down": { "texture": "#plume", "uv": [ 11.0, 0.0, 13.0, 1.0 ] }
									}
								}
							]
						},
						{
							"name": "Plume8",
							"from": [ 7.2, -5.7, 0.2 ],
							"to": [ 7.2, -5.7, 0.2 ],
							"uv": [ 0.0, 0.0 ],
							"rotationOrigin": [ 6.8, -4.2, 0.3 ],
							"rotationZ": -94.0,
							"faces": {
								"north": { "texture": "#plume", "uv": [ 0.0, 0.5, 0.5, 1.0 ] },
								"east": { "texture": "#plume", "uv": [ 0.5, 0.5, 1.0, 1.0 ] },
								"south": { "texture": "#plume", "uv": [ 1.0, 0.5, 1.5, 1.0 ] },
								"west": { "texture": "#plume", "uv": [ 1.5, 0.5, 2.0, 1.0 ] },
								"up": { "texture": "#plume", "uv": [ 0.0, 0.0, 0.5, 0.5 ] },
								"down": { "texture": "#plume", "uv": [ 0.5, 0.0, 1.0, 0.5 ] }
							},
							"children": [
								{
									"name": "Plume2b7",
									"from": [ -2.43, 0.92, -0.49 ],
									"to": [ -0.73, 2.52, 0.51 ],
									"autoUnwrap": false,
									"uv": [ 8.0, 1.0 ],
									"rotationOrigin": [ -2.4337, 0.9193, -0.4 ],
									"rotationX": -8.9663,
									"rotationY": 0.7812,
									"rotationZ": 15.0613,
									"faces": {
										"north": { "texture": "#plume", "uv": [ 8.0, 1.0, 9.5, 2.5 ] },
										"east": { "texture": "#plume", "uv": [ 10.5, 1.0, 11.5, 2.5 ] },
										"south": { "texture": "#plume", "uv": [ 11.5, 1.0, 13.0, 2.5 ] },
										"west": { "texture": "#plume", "uv": [ 14.0, 1.0, 15.0, 2.5 ] },
										"up": { "texture": "#plume", "uv": [ 8.5, 0.0, 10.0, 1.0 ] },
										"down": { "texture": "#plume", "uv": [ 11.0, 0.0, 12.5, 1.0 ] }
									}
								},
								{
									"name": "Plume2a7",
									"from": [ -2.41, 1.1181, -0.39 ],
									"to": [ -0.71, 2.7181, 0.61 ],
									"autoUnwrap": false,
									"uv": [ 8.0, 1.0 ],
									"rotationOrigin": [ -2.4123, 1.1181, -0.4 ],
									"rotationX": 8.9663,
									"rotationY": -0.7812,
									"rotationZ": 15.0613,
									"faces": {
										"north": { "texture": "#plume", "uv": [ 8.0, 1.0, 9.5, 2.5 ] },
										"east": { "texture": "#plume", "uv": [ 10.5, 1.0, 11.5, 2.5 ] },
										"south": { "texture": "#plume", "uv": [ 12.5, 1.0, 14.0, 2.5 ] },
										"west": { "texture": "#plume", "uv": [ 14.0, 1.0, 15.0, 2.5 ] },
										"up": { "texture": "#plume", "uv": [ 8.5, 0.0, 10.0, 1.0 ] },
										"down": { "texture": "#plume", "uv": [ 11.0, 0.0, 12.5, 1.0 ] }
									}
								}
							]
						},
						{
							"name": "Plume9",
							"from": [ 6.6, -3.9, 0.2 ],
							"to": [ 6.6, -3.9, 0.2 ],
							"uv": [ 0.0, 0.0 ],
							"rotationOrigin": [ 6.2, -2.4, 0.3 ],
							"rotationZ": -215.0,
							"faces": {
								"north": { "texture": "#plume", "uv": [ 0.0, 0.5, 0.5, 1.0 ] },
								"east": { "texture": "#plume", "uv": [ 0.5, 0.5, 1.0, 1.0 ] },
								"south": { "texture": "#plume", "uv": [ 1.0, 0.5, 1.5, 1.0 ] },
								"west": { "texture": "#plume", "uv": [ 1.5, 0.5, 2.0, 1.0 ] },
								"up": { "texture": "#plume", "uv": [ 0.0, 0.0, 0.5, 0.5 ] },
								"down": { "texture": "#plume", "uv": [ 0.5, 0.0, 1.0, 0.5 ] }
							},
							"children": [
								{
									"name": "Plume2b8",
									"from": [ -2.43, 0.92, -0.49 ],
									"to": [ -1.23, 2.12, 0.51 ],
									"autoUnwrap": false,
									"uv": [ 8.0, 1.0 ],
									"rotationOrigin": [ -2.4337, 0.9193, -0.4 ],
									"rotationX": -8.9663,
									"rotationY": 0.7812,
									"rotationZ": 15.0613,
									"faces": {
										"north": { "texture": "#plume", "uv": [ 8.0, 7.0, 9.0, 8.0 ] },
										"east": { "texture": "#plume", "uv": [ 10.5, 1.0, 11.5, 2.0 ] },
										"south": { "texture": "#plume", "uv": [ 11.5, 1.0, 12.5, 2.0 ] },
										"west": { "texture": "#plume", "uv": [ 14.0, 7.0, 12.0, 8.0 ], "autoUv": false },
										"up": { "texture": "#plume", "uv": [ 8.5, 0.0, 9.5, 1.0 ] },
										"down": { "texture": "#plume", "uv": [ 11.0, 0.0, 12.0, 1.0 ] }
									}
								},
								{
									"name": "Plume2a8",
									"from": [ -2.41, 1.1181, -0.39 ],
									"to": [ -1.21, 2.3181, 0.61 ],
									"autoUnwrap": false,
									"uv": [ 8.0, 1.0 ],
									"rotationOrigin": [ -2.4123, 1.1181, -0.4 ],
									"rotationX": 8.9663,
									"rotationY": -0.7812,
									"rotationZ": 15.0613,
									"faces": {
										"north": { "texture": "#plume", "uv": [ 8.0, 1.0, 9.0, 2.0 ] },
										"east": { "texture": "#plume", "uv": [ 10.5, 1.0, 11.5, 2.0 ] },
										"south": { "texture": "#plume", "uv": [ 11.5, 1.0, 12.5, 2.0 ] },
										"west": { "texture": "#plume", "uv": [ 13.8, 7.9, 16.1, 7.1 ], "autoUv": false },
										"up": { "texture": "#plume", "uv": [ 8.5, 0.0, 9.5, 1.0 ] },
										"down": { "texture": "#plume", "uv": [ 11.0, 0.0, 12.0, 1.0 ] }
									}
								}
							]
						}
					]
				}
			]
		}
	]}