[
	{
		"enabled": true,
		"code": "Dissolve bucket",
		"ingredients": [
			{ "type": "item", "code": "game:waterportion", "litres": 5, "consumeLitres": 5 },
			{ "type": "block", "code": "claybucket-*-raw", "name": "colour",  "quantity": 1 }
		],
		"output":
			{ "type": "item", "code": "game:clay-{colour}", "quantity": 6 }, "requiresSeal": true, "sealHours": 24
	},
	{
		"enabled": true,
		"code": "Dissolve brazier",
		"ingredients": [
			{ "type": "item", "code": "game:waterportion", "litres": 10, "consumeLitres": 10 },
			{ "type": "block", "code": "bowl-large-*-raw", "name": "colour", "quantity": 1 }
		],
		"output":
			{ "type": "item", "code": "game:clay-{colour}", "quantity": 22 }, "requiresSeal": true, "sealHours": 24
	}
]