{
  "code": "caramel",
  "maxstacksize": 32,
  "variantgroups": [
		{ "code": "type", "states": ["raw", "dry", "cooked"] }
	],
	"attributesByType": {
		"*-raw": {
			"foodTags": ["fruit"],
			"displaycaseable": true,
			"shelvable": true,
			"onshelfTransform": {
				"rotation": { "x": 0, "y": 90, "z": 0 },
				"origin": { "x": 0.5, "y": 0, "z": 0.45 },
				"scale": 0.49
			},
			"hydration": -50,			
			"onDisplayTransform": {
				"rotation": { "x": 0, "y": 45, "z": 0 },
				"origin": { "x": 0.5, "y": 0, "z": 0.5 },
				"scale": 0.69
			},
		},
		"*-dry": {
			"displaycaseable": true,
			"shelvable": true,
			"foodTags": ["fruit"],
			"bakingProperties": {
				"temp": 150,
				"levelFrom": 0.25,
				"levelTo": 0.75,
				"startScaleY": 1.0,
				"endScaleY": 0.65,
				"resultCode": "pemmican:caramel-cooked"
			},
			"onshelfTransform": {
				"rotation": { "x": 0, "y": 90, "z": 0 },
				"origin": { "x": 0.5, "y": 0, "z": 0.45 },
				"scale": 0.49
			},
			"onDisplayTransform": {
				"rotation": { "x": 0, "y": 45, "z": 0 },
				"origin": { "x": 0.5, "y": 0, "z": 0.5 },
				"scale": 0.69
			},
			"hydration": -10,
		},
		"*-cooked": {
			"displaycaseable": true,
			"shelvable": true,
			"foodTags": ["fruit"],
			"bakingProperties": {
				"temp": 150,
				"levelFrom": 0.25,
				"levelTo": 0.75,
				"startScaleY": 1.0,
				"endScaleY": 0.65,
				"initialCode": "pemmican:caramel-dry"
			},
			"onshelfTransform": {
				"rotation": { "x": 0, "y": 90, "z": 0 },
				"origin": { "x": 0.5, "y": 0, "z": 0.45 },
				"scale": 0.49
			},
			"onDisplayTransform": {
				"rotation": { "x": 0, "y": 45, "z": 0 },
				"origin": { "x": 0.5, "y": 0, "z": 0.5 },
				"scale": 0.69
			},
			"hydration": -50,
		},
	},
    "nutritionPropsWhenInMealByType": {
	  "*-raw": { "saturation": 550, "foodcategory": "Fruit" },
      "*-dry": { "saturation": 690, "foodcategory": "Fruit" },
      "*-cooked": { "saturation": 750, "foodcategory": "Fruit" }
    },
  "shapeByType": {
    "*-raw": { "base": "pemmican:item/fruit/caramel-raw" },
    "*-dry": { "base": "pemmican:item/fruit/caramel-dry" },
    "*-cooked": { "base": "pemmican:item/fruit/caramel-cooked" }
  },
  "creativeinventory": {
    "general": ["*"],
    "items": ["*"],
    "Long-term food": ["*"]
  },
  "nutritionPropsByType": {
    "*-raw": { "saturation": 550, "health": 0, "foodcategory": "Fruit" },
    "*-dry": { "saturation": 690, "health": 1, "foodcategory": "Fruit" },
    "*-cooked": { "saturation": 750, "health": 2, "foodcategory": "Fruit" }
  },
  "transitionablePropsByType": {
    "*-raw": [
      {
        "type": "Dry",
        "freshHours": { "avg": 0 },
        "transitionHours": { "avg": 150 },
        "transitionedStack": { "type": "item", "code": "pemmican:caramel-dry" },
        "transitionRatio": 1
      }
    ],
    "*-dry": [
      {
        "type": "Perish",
        "freshHours": { "avg": 3600 },
        "transitionHours": { "avg": 600 },
        "transitionedStack": { "type": "item", "code": "game:rot" },
        "transitionRatio": 1
      }
    ],
  },
  "materialDensity": 1200,
  	"groundTransform": {
		"translation": { "x": 0, "y": 0.07, "z": 0 },
		"rotation": { "x": 1, "y": 0, "z": 0 },
		"origin": { "x": 0.5, "y": 0.1, "z": 0.6 },
		"scale": 3.1099
	},
	"guiTransform": {
		"translation": { "x": -10, "y": -3, "z": 0 },
		"rotation": { "x": -21, "y": 35, "z": -180 },
		"origin": { "x": 0.4, "y": 0, "z": 0.1 },
		"scale": 2.58
	},
	"tpHandTransformbytype": {
	"*-raw": {
		"translation": { "x": -1, "y": -0.4, "z": -0.64 },
		"rotation": { "x": 7, "y": 3, "z": -51 },
		"origin": { "x": 0.5, "y": 0.1, "z": 0.5 },
		"scale": 0.76
	},
	"*-dry":{
		"translation": { "x": -1, "y": -0.4, "z": -0.64 },
		"rotation": { "x": 7, "y": 3, "z": -51 },
		"origin": { "x": 0.5, "y": 0.1, "z": 0.5 },
		"scale": 0.76
	},
	"*-cooked":{
		"translation": { "x": -1.7, "y": -0.1, "z": -1.3 },
		"rotation": { "x": -2, "y": 1, "z": -86 },
		"origin": { "x": 0.5, "y": -0.01, "z": 0.5 },
		"scale": 0.31
			}
		}
}