{
  "code": "chips",
  "maxstacksize": 8,
  "variantgroups": [
    {
      "code": "type",
      "states": ["pack"]
    }
  ],
  "behaviors": [
	{ 
    "name": "GroundStorable",
    "properties": {
      "layout": "Stacking",
      "placeRemoveSound": "game:block/planks",
      "stackingModel": "pemmican:item/meat/pack-stack",
      "modelItemsToStackSizeRatio": 23,
      "upSolid": true,
      "stackingCapacity": 48,
      "transferQuantity": 1,
      "bulkTransferQuantity": 3,
      "collisionBox": { "x1": 0, "y1": 0, "z1": 0, "x2": 1, "y2": 0.14285, "z2": 1 },
      "cbScaleYByLayer": 0.14285
    }
	}
  ],
  "attributes": {
    "foodTags": ["vegetable"],
    "onshelfTransform": {
	  "translation": { "x": 0.25, "y": 0, "z": 0.25 },
      "rotation": { "x": 0.25, "y": 0, "z": 0.25 },
      "origin": { "x": 0, "y": 0.5, "z": 0 }
    },
    "handbook": {
      "extraSections": [
        {
          "title": "handbook-item-sources",
          "text": "Properly prepared chips is carefully wrapped in cattail cloth. This package is ready for long trips and very long storage."
        }
      ]
    },
    "displaycaseable": false,
    "shelvable": true
  },
  "shape": { "base": "pemmican:item/meat/pack" },
  "textures": {
	"reedrope": { "base": "game:block/cloth/reedrope" },
	"sisal-rug": { "base": "game:block/cloth/sisal-rug" },
	"label": { "base": "pemmican:item/seeds/chips-label" }
  },
  "creativeinventory": {
    "general": ["*"],
    "items": ["*"],
    "Long-term food": ["*"]
  },
  "transitionablePropsByType": {
  "*-pack": [
      {
        "type": "Perish",
        "freshHours": { "avg": 25350 },
        "transitionHours": { "avg": 4380 },
        "transitionedStack": { "type": "item", "code": "game:rot" },
        "transitionRatio": 6
      }
    ],
  },
  "materialDensity": 600,
  "groundTransform": {
    "translation": { "x": 0, "y": 0.08, "z": 0 },
    "rotation": { "x": 0, "y": 0, "z": 0 },
    "origin": { "x": 0, "y": 0, "z": 0 },
    "scale": 4.62
	},
  "guiTransform": {
	 "translation": { "x": 3, "y": -5, "z": 0 },
    "rotation": { "x": -25, "y": 43, "z": -180 },
    "origin": { "x": 0, "y": 0, "z": 0 },
    "scale": 3.23
	},
  "tpHandTransform": {
    "translation": { "x": -0.3, "y": -0.19, "z": 0 },
    "rotation": { "x": -180, "y": -73, "z": -95 },
    "origin": { "x": 0, "y": 0, "z": 0 },
    "scale": 0.75
  }
}
