{
	"code": "chips",
	"variantgroups": [
		{
			"code": "type",
			"states": [ "potato" ]
		}
	],
	"shape": {
		"base": "pemmican:item/bread/slicedpotato"
	},
	"texturesByType": {
		"*-potato": {
			"bread": { "base": "pemmican:item/food/grain/cornbread-perfect" }
		}
	},
	"maxstacksize": 64,
	"attributesByType": {
		"*-potato": {
			"nutritionPropsWhenInMeal": {
				"satiety": 350,
				"foodcategory": "Vegetable"
			},
			"inContainerTexture": { "base": "pemmican:fill-pickledpotato" },
			"handbook": { "groupBy": [ "choppedvegetable-*" ] },
			"displaycaseable": true,
			"shelvable": true,
			"hydration": -50,
		}
	},
	"creativeinventory": {
		"general": [ "*" ],
		"items": [ "*" ], 
		"Long-term food": ["*"]
	},
	"nutritionPropsByType": {
		"*-potato": {
			"satiety": 600,
			"health": 2,
			"foodcategory": "Vegetable"
		}
	},
	"transitionablePropsByType": {
		"*-potato": [
			{
				"type": "Perish",
				"freshHours": { "avg": 2520 },
				"transitionHours": { "avg": 48 },
				"transitionedStack": {
					"type": "item",
					"code": "game:rot"
				},
				"transitionRatio": 1
			}
		],
	},
	"materialDensity": 200,
	"guiTransform": {
		"translation": { "x": 0, "y": 0, "z": 0 },
		"rotation": { "x": -34, "y": 114, "z": 176 },
		"origin": { "x": 0.55, "y": 0.09, "z": 0.45 },
		"scale": 4.27
	},
	"groundTransform": {
		"translation": { "x": 0, "y": 0, "z": 0 },
		"rotation": { "x": 0, "y": 0, "z": 1 },
		"origin": { "x": 0.5, "y": 0, "z": 0.5 },
		"scale": 4.5
	},
	"tpHandTransform": {
		"translation": { "x": -0.6, "y": -0.16, "z": -0.4 },
		"rotation": { "x": 88, "y": -85, "z": 2 },
		"origin": { "x": 0.5, "y": 0.13, "z": 0.5 },
		"scale": 0.89
	},
	"heldRightReadyAnimationByType": {
		"*-corn": "holdbothhands"
	},
	"heldTpIdleAnimationByType": {
		"*-corn": "holdbothhands"
    }
}