{
	"code": "cookedchoppedvegetable",
	"maxstacksize": 64,
	"variantgroups": [
		{
			"code": "type",
			"states": [ "potato", "corn", "pickledpotato" ]
		},
		{
			"code": "state",
			"states": [ "partbaked", "perfect", "charred" ]
		}
	],
	"shapebytype": {
		"*-potato-*": {"base": "pemmican:item/bread/slicedpotato"},
		"*-pickledpotato-*": {"base": "pemmican:item/bread/slicedpotato"},
		"*-corn-*": {"base": "pemmican:item/food/vegetable/chopped/corn"},
	},
	"texturesByType": {
		"*": {
			"bread": { "base": "pemmican:item/food/{state}/chopped{type}" }
		}
	},
	"attributesByType": {
		"*-pickledpotato-perfect": {
			"handbook": { "groupBy": [ "cookedchoppedvegetable-*" ] },
			"displaycaseable": true,
			"shelvable": true,
			"hydration": 30,
			"nutritionPropsWhenInMeal": {
				"satiety": 350,
				"foodcategory": "Vegetable"
			},
			"bakingProperties": {
				"temp": 100,
				"levelFrom": 0.5,
				"levelTo": 0.75,
				"startScaleY": 1.0,
				"endScaleY": 1.0,
				"resultCode": "pemmican:cookedchoppedvegetable-{type}-charred",
				"initialCode": "pemmican:cookedchoppedvegetable-{type}-partbaked"
			}
		},
		"*-pickledpotato-charred": {
			"handbook": { "groupBy": [ "cookedchoppedvegetable-*" ] },
			"displaycaseable": true,
			"shelvable": true,
			"hydration": -50,
			"nutritionPropsWhenInMeal": {
				"satiety": 200,
				"foodcategory": "Vegetable"
			},
			"bakingProperties": {
				"temp": 100,
				"levelFrom": 0.75,
				"levelTo": 1,
				"startScaleY": 1.0,
				"endScaleY": 1.0,
				"initialCode": "pemmican:cookedchoppedvegetable-{type}-perfect"
			}
		},
		"*-pickledpotato-partbaked": {
			"handbook": { "groupBy": [ "cookedchoppedvegetable-*" ] },
			"displaycaseable": true,
			"shelvable": true,
			"hydration": 30,
			"nutritionPropsWhenInMeal": {
				"satiety": 300,
				"foodcategory": "Vegetable"
			},
			"bakingProperties": {
				"temp": 100,
				"levelFrom": 0.25,
				"levelTo": 0.5,
				"startScaleY": 1.0,
				"endScaleY": 1.0,
				"resultCode": "pemmican:cookedchoppedvegetable-{type}-perfect",
				"initialCode": "pemmican:choppedvegetable-{type}"
			}
		},
		"*-corn-perfect": {
			"handbook": { "groupBy": [ "cookedchoppedvegetable-*" ] },
			"displaycaseable": true,
			"shelvable": true,
			"hydration": 30,
			"nutritionPropsWhenInMeal": {
				"satiety": 450,
				"foodcategory": "Grain"
			},
			"bakingProperties": {
				"temp": 100,
				"levelFrom": 0.5,
				"levelTo": 0.75,
				"startScaleY": 1.0,
				"endScaleY": 1.0,
				"resultCode": "pemmican:cookedchoppedvegetable-{type}-charred",
				"initialCode": "pemmican:cookedchoppedvegetable-{type}-partbaked"
			}
		},
		"*-corn-charred": {
			"handbook": { "groupBy": [ "cookedchoppedvegetable-*" ] },
			"displaycaseable": true,
			"shelvable": true,
			"hydration": -50,
			"nutritionPropsWhenInMeal": {
				"satiety": 300,
				"foodcategory": "Grain"
			},
			"bakingProperties": {
				"temp": 100,
				"levelFrom": 0.75,
				"levelTo": 1,
				"startScaleY": 1.0,
				"endScaleY": 1.0,
				"initialCode": "pemmican:cookedchoppedvegetable-{type}-perfect"
			}
		},
		"*-corn-partbaked": {
			"handbook": { "groupBy": [ "cookedchoppedvegetable-*" ] },
			"displaycaseable": true,
			"shelvable": true,
			"hydration": 30,
			"nutritionPropsWhenInMeal": {
				"satiety": 400,
				"foodcategory": "Grain"
			},
			"bakingProperties": {
				"temp": 100,
				"levelFrom": 0.25,
				"levelTo": 0.5,
				"startScaleY": 1.0,
				"endScaleY": 1.0,
				"resultCode": "pemmican:cookedchoppedvegetable-{type}-perfect",
				"initialCode": "pemmican:choppedvegetable-{type}"
			}
		},
		"*-potato-partbaked": {
			"handbook": { "groupBy": [ "cookedchoppedvegetable-*" ] },
			"displaycaseable": true,
			"shelvable": true,
			"hydration": 30,
			"nutritionPropsWhenInMeal": {
				"satiety": 280,
				"foodcategory": "Vegetable"
			},
			"bakingProperties": {
				"temp": 100,
				"levelFrom": 0.25,
				"levelTo": 0.5,
				"startScaleY": 1.0,
				"endScaleY": 1.0,
				"resultCode": "pemmican:cookedchoppedvegetable-{type}-perfect",
				"initialCode": "pemmican:choppedvegetable-{type}"
			}
		},
		"*-potato-perfect": {
			"handbook": { "groupBy": [ "cookedchoppedvegetable-*" ] },
			"displaycaseable": true,
			"shelvable": true,
			"hydration": 50,
			"nutritionPropsWhenInMeal": {
				"satiety": 280,
				"foodcategory": "Vegetable"
			},
			"bakingProperties": {
				"temp": 100,
				"levelFrom": 0.5,
				"levelTo": 0.75,
				"startScaleY": 1.0,
				"endScaleY": 1.0,
				"resultCode": "pemmican:cookedchoppedvegetable-{type}-charred",
				"initialCode": "pemmican:cookedchoppedvegetable-{type}-partbaked"
			}
		},
		"*-potato-charred": {
			"handbook": { "groupBy": [ "cookedchoppedvegetable-*" ] },
			"displaycaseable": true,
			"shelvable": true,
			"hydration": -50,
			"nutritionPropsWhenInMeal": {
				"satiety": 180,
				"foodcategory": "Vegetable"
			},
			"bakingProperties": {
				"temp": 100,
				"levelFrom": 0.75,
				"levelTo": 1,
				"startScaleY": 1.0,
				"endScaleY": 1.0,
				"initialCode": "pemmican:cookedchoppedvegetable-{type}-perfect"
			}
		}
	},
	"combustiblePropsByType": {
		"*-partbaked": {
			"meltingPoint": 150,
			"meltingDuration": 20,
			"smeltedRatio": 1,
			"smeltingType": "cook",
			"smeltedStack": {
				"type": "item",
				"code": "pemmican:cookedchoppedvegetable-{type}-charred"
			},
			"requiresContainer": false
		},
		"*-perfect": {
			"meltingPoint": 150,
			"meltingDuration": 20,
			"smeltedRatio": 1,
			"smeltingType": "cook",
			"smeltedStack": {
				"type": "item",
				"code": "pemmican:cookedchoppedvegetable-{type}-charred"
			},
			"requiresContainer": false
		}
	},
	"creativeinventory": {
		"general": [ "*" ],
		"items": [ "*" ], 
		"Long-term food": ["*"]
	},
	"nutritionPropsByType": {
		"*-pickledpotato-partbaked": {
			"satiety": 300,
			"foodcategory": "Vegetable"
		},
		"*-pickledpotato-perfect": {
			"satiety": 350,
			"foodcategory": "Vegetable"
		},
		"*-pickledpotato-charred": {
			"satiety": 200,
			"foodcategory": "Vegetable"
		},
		"*-corn-partbaked": {
			"satiety": 400,
			"foodcategory": "Grain"
		},
		"*-corn-perfect": {
			"satiety": 450,
			"foodcategory": "Grain"
		},
		"*-corn-charred": {
			"satiety": 300,
			"foodcategory": "Grain"
		},
		"*-potato-partbaked": {
			"satiety": 250,
			"foodcategory": "Vegetable"
		},
		"*-potato-perfect": {
			"satiety": 280,
			"foodcategory": "Vegetable"
		},
		"*-potato-charred": {
			"satiety": 180,
			"foodcategory": "Vegetable"
		}
	},
	"transitionablePropsByType": {
		"*-pickledpotato-partbaked": [
			{
				"type": "Perish",
				"freshHours": { "avg": 900 },
				"transitionHours": { "avg": 48 },
				"transitionedStack": {
					"type": "item",
					"code": "game:rot"
				},
				"transitionRatio": 0.5
			}
		],
		"*-pickledpotato-perfect": [
			{
				"type": "Perish",
				"freshHours": { "avg": 450 },
				"transitionHours": { "avg": 48 },
				"transitionedStack": {
					"type": "item",
					"code": "game:rot"
				},
				"transitionRatio": 0.5
			}
		],
		"*-pickledpotato-charred": [
			{
				"type": "Perish",
				"freshHours": { "avg": 1350 },
				"transitionHours": { "avg": 80 },
				"transitionedStack": {
					"type": "item",
					"code": "game:rot"
				},
				"transitionRatio": 0.5
			}
		],
		"*-partbaked": [
			{
				"type": "Perish",
				"freshHours": { "avg": 252 },
				"transitionHours": { "avg": 48 },
				"transitionedStack": {
					"type": "item",
					"code": "game:rot"
				},
				"transitionRatio": 0.5
			}
		],
		"*-perfect": [
			{
				"type": "Perish",
				"freshHours": { "avg": 240 },
				"transitionHours": { "avg": 48 },
				"transitionedStack": {
					"type": "item",
					"code": "game:rot"
				},
				"transitionRatio": 0.5
			}
		],
		"*-charred": [
			{
				"type": "Perish",
				"freshHours": { "avg": 900 },
				"transitionHours": { "avg": 80 },
				"transitionedStack": {
					"type": "item",
					"code": "game:rot"
				},
				"transitionRatio": 0.5
			}
		]
	},
	"materialDensity": 600,
	"guiTransformByType": {
		"*-potato-*": {
			"translation": {
				"x": 0,
				"y": -3,
				"z": 0
			},
			"rotation": {
				"x": -37,
				"y": 131,
				"z": -158
			},
			"origin": {
				"x": 0.5,
				"y": 0.1,
				"z": 0.5
			},
			"scale": 4.62
		},
		"*-corn-*": {
			"translation": {
				"x": 3,
				"y": 1,
				"z": -25
			},
			"rotation": {
				"x": 155,
				"y": 12,
				"z": 0
			},
			"origin": {
				"x": 0.45,
				"y": -0.1,
				"z": 0.8
			},
			"scale": 3.5
		},
		"*-pickledpotato-*": {
			"translation": {
				"x": 0,
				"y": -3,
				"z": 0
			},
			"rotation": {
				"x": -37,
				"y": 131,
				"z": -158
			},
			"origin": {
				"x": 0.5,
				"y": 0.1,
				"z": 0.5
			},
			"scale": 4.62
		}
	},
	"fpHandTransformByType": {
		"*": {
			"translation": {
				"x": 0,
				"y": 0,
				"z": 0
			},
			"rotation": {
				"x": 45,
				"y": 47,
				"z": -30
			},
			"origin": {
				"x": 0.5,
				"y": 0.3,
				"z": 0.5
			},
			"scale": 1.9
		}
	},
	"tpHandTransformByType": {
		"*": {
			"translation": {
				"x": -0.6,
				"y": -0.18,
				"z": -0.6
			},
			"rotation": {
				"x": 0,
				"y": 0,
				"z": -42
			},
			"origin": {
				"x": 0.5,
				"y": 0.1,
				"z": 0.5
			},
			"scale": 0.8
		}
	},
	"groundTransformByType": {
		"*": {
			"origin": {
				"x": 0.47,
				"y": 0,
				"z": 0.5
			},
			"scale": 4.3
		}
	}
}