{
	"code": "cookedvegetable",
	"maxstacksize": 64,
	"variantgroups": [
		{
			"code": "type",
			"states": [ "potato", "corn", "pickledpotato" ]
		},
		{
			"code": "state",
			"states": [ "partbaked", "perfect", "charred" ]
		}
	],
	"shapeByType": {
		"*-pickled*": { "base": "pemmican:item/food/pickledvegetable/{type}" },
		"*": { "base": "pemmican:item/crop/vegetable/{type}" }
	},
	"texturesByType": {
		"*-partbaked": {
			"e5": { "base": "game:block/transparent" },
			"e1": { "base": "game:block/transparent" },
			"s1": { "base": "game:block/transparent" },
			"s5": { "base": "game:block/transparent" },
			"e3": { "base": "game:block/transparent" },
			"skin": { "base": "pemmican:item/food/partbaked/{type}" }
		},
		"*-perfect": {
			"e5": { "base": "game:block/transparent" },
			"e1": { "base": "game:block/transparent" },
			"s1": { "base": "game:block/transparent" },
			"s5": { "base": "game:block/transparent" },
			"e3": { "base": "game:block/transparent" },
			"skin": { "base": "pemmican:item/food/perfect/{type}" }
		},
		"*-charred": {
			"e5": { "base": "game:block/transparent" },
			"e1": { "base": "game:block/transparent" },
			"s1": { "base": "game:block/transparent" },
			"s5": { "base": "game:block/transparent" },
			"e3": { "base": "game:block/transparent" },
			"skin": { "base": "pemmican:item/food/charred/{type}" }
		}
	},
	"attributesByType": {
		"cookedvegetable-pickledpotato-partbaked": {
			"handbook": { "groupBy": [ "cookedvegetable-*" ] },
			"displaycaseable": true,
			"shelvable": true,
			"hydration": 30,
			"bakingProperties": {
				"temp": 100,
				"levelFrom": 0.25,
				"levelTo": 0.5,
				"startScaleY": 0.95,
				"endScaleY": 1.0,
				"resultCode": "pemmican:cookedvegetable-pickledpotato-perfect",
				"initialCode": "pemmican:pickledvegetable-pickledpotato"
			},
			"nutritionPropsWhenInMeal": {
				"satiety": 210,
				"foodcategory": "Vegetable"
			},
			"onDisplayTransform": {
				"scale": 1
			}
		},
		"cookedvegetable-potato-partbaked": {
			"handbook": { "groupBy": [ "cookedvegetable-*" ] },
			"displaycaseable": true,
			"hydration": 50,
			"shelvable": true,
			"bakingProperties": {
				"temp": 100,
				"levelFrom": 0.25,
				"levelTo": 0.5,
				"startScaleY": 0.95,
				"endScaleY": 1.0,
				"resultCode": "pemmican:cookedvegetable-potato-perfect",
				"initialCode": "pemmican:vegetable-potato-raw"
			},
			"nutritionPropsWhenInMeal": {
				"satiety": 210,
				"foodcategory": "Vegetable"
			},
			"onDisplayTransform": {
				"scale": 1
			}
		},
		"cookedvegetable-potato-perfect": {
			"handbook": { "groupBy": [ "cookedvegetable-*" ] },
			"displaycaseable": true,
			"shelvable": true,
			"hydration": 40,
			"bakingProperties": {
				"temp": 100,
				"levelFrom": 0.5,
				"levelTo": 0.75,
				"startScaleY": 0.95,
				"endScaleY": 1.0,
				"resultCode": "pemmican:cookedvegetable-{type}-charred",
				"initialCode": "pemmican:cookedvegetable-{type}-partbaked"
			},
			"nutritionPropsWhenInMeal": {
				"satiety": 250,
				"foodcategory": "Vegetable"
			},
			"onDisplayTransform": {
				"scale": 1
			}
		},
		"cookedvegetable-potato-charred": {
			"handbook": { "groupBy": [ "cookedvegetable-*" ] },
			"displaycaseable": true,
			"shelvable": true,
			"hydration": -50,
			"nutritionPropsWhenInMeal": {
				"satiety": 180,
				"foodcategory": "Vegetable"
			},
			"bakingProperties": {
				"temp": 100,
				"levelFrom": 0.5,
				"levelTo": 0.75,
				"startScaleY": 0.95,
				"endScaleY": 1.0,
				"initialCode": "pemmican:cookedvegetable-potato-perfect"
			},
			"onDisplayTransform": {
				"scale": 1
			}
		},
		"cookedvegetable-corn-partbaked": {
			"handbook": { "groupBy": [ "cookedvegetable-*" ] },
			"displaycaseable": true,
			"shelvable": true,
			"hydration": 50,
			"bakingProperties": {
				"temp": 100,
				"levelFrom": 0.25,
				"levelTo": 0.5,
				"startScaleY": 0.95,
				"endScaleY": 1.0,
				"resultCode": "pemmican:cookedvegetable-corn-perfect",
				"initialCode": "pemmican:vegetable-corn-raw"
			},
			"nutritionPropsWhenInMeal": {
				"satiety": 350,
				"foodcategory": "Vegetable"
			},
			"onDisplayTransform": {
				"scale": 1
			}
		},
		"cookedvegetable-corn-perfect": {
			"handbook": { "groupBy": [ "cookedvegetable-*" ] },
			"displaycaseable": true,
			"shelvable": true,
			"hydration": 20,
			"bakingProperties": {
				"temp": 100,
				"levelFrom": 0.5,
				"levelTo": 0.75,
				"startScaleY": 0.95,
				"endScaleY": 1.0,
				"resultCode": "pemmican:cookedvegetable-corn-charred",
				"initialCode": "pemmican:cookedvegetable-corn-partbaked"
			},
			"nutritionPropsWhenInMeal": {
				"satiety": 400,
				"foodcategory": "Vegetable"
			},
			"onDisplayTransform": {
				"scale": 1
			}
		},
		"cookedvegetable-corn-charred": {
			"handbook": { "groupBy": [ "cookedvegetable-*" ] },
			"displaycaseable": true,
			"shelvable": true,
			"hydration": -50,
			"bakingProperties": {
				"temp": 100,
				"levelFrom": 0.5,
				"levelTo": 0.75,
				"startScaleY": 0.95,
				"endScaleY": 1.0,
				"initialCode": "pemmican:cookedvegetable-corn-perfect"
			},
			"nutritionPropsWhenInMeal": {
				"satiety": 300,
				"foodcategory": "Vegetable"
			},
			"onDisplayTransform": {
				"scale": 1
			}
		},
		"cookedvegetable-pickledpotato-perfect": {
			"handbook": { "groupBy": [ "cookedvegetable-{type}" ] },
			"displaycaseable": true,
			"shelvable": true,
			"hydration": 20,
			"bakingProperties": {
				"temp": 100,
				"levelFrom": 0.5,
				"levelTo": 0.75,
				"startScaleY": 0.95,
				"endScaleY": 1.0,
				"resultCode": "pemmican:cookedvegetable-{type}-charred",
				"initialCode": "pemmican:cookedvegetable-{type}-partbaked"
			},
			"nutritionPropsWhenInMeal": {
				"satiety": 250,
				"foodcategory": "Vegetable"
			},
			"onDisplayTransform": {
				"scale": 1
			}
		},
		"cookedvegetable-pickledpotato-charred": {
			"handbook": { "groupBy": [ "cookedvegetable-*" ] },
			"displaycaseable": true,
			"shelvable": true,
			"hydration": -50,
			"nutritionPropsWhenInMeal": {
				"satiety": 180,
				"foodcategory": "Vegetable"
			},
			"bakingProperties": {
				"temp": 100,
				"levelFrom": 0.5,
				"levelTo": 0.75,
				"startScaleY": 0.95,
				"endScaleY": 1.0,
				"initialCode": "pemmican:cookedvegetable-pickledpotato-perfect"
			},
			"onDisplayTransform": {
				"scale": 1
			}
		}
	},
	"combustiblePropsByType": {
		"cookedvegetable-*-partbaked": {
			"meltingPoint": 150,
			"meltingDuration": 20,
			"smeltedRatio": 1,
			"smeltingType": "cook",
			"smeltedStack": {
				"type": "item",
				"code": "pemmican:cookedvegetable-{type}-charred"
			},
			"requiresContainer": false
		},
		"cookedvegetable-*-perfect": {
			"meltingPoint": 150,
			"meltingDuration": 20,
			"smeltedRatio": 1,
			"smeltingType": "cook",
			"smeltedStack": {
				"type": "item",
				"code": "pemmican:cookedvegetable-{type}-charred"
			},
			"requiresContainer": false
		}
	},
	"transitionablePropsByType": {
		"cookedvegetable-pickledpotato-partbaked": [
			{
				"type": "Perish",
				"freshHours": { "avg": 900 },
				"transitionHours": { "avg": 48 },
				"transitionedStack": {
					"type": "item",
					"code": "game:rot"
				},
				"transitionRatio": 0.5
			}
		],
		"cookedvegetable-pickledpotato-perfect": [
			{
				"type": "Perish",
				"freshHours": { "avg": 450 },
				"transitionHours": { "avg": 48 },
				"transitionedStack": {
					"type": "item",
					"code": "game:rot"
				},
				"transitionRatio": 0.5
			}
		],
		"cookedvegetable-pickledpotato-charred": [
			{
				"type": "Perish",
				"freshHours": { "avg": 1350 },
				"transitionHours": { "avg": 80 },
				"transitionedStack": {
					"type": "item",
					"code": "game:rot"
				},
				"transitionRatio": 0.5
			}
		],
		"*-partbaked": [
			{
				"type": "Perish",
				"freshHours": { "avg": 252 },
				"transitionHours": { "avg": 48 },
				"transitionedStack": {
					"type": "item",
					"code": "game:rot"
				},
				"transitionRatio": 0.5
			}
		],
		"*-perfect": [
			{
				"type": "Perish",
				"freshHours": { "avg": 126 },
				"transitionHours": { "avg": 48 },
				"transitionedStack": {
					"type": "item",
					"code": "game:rot"
				},
				"transitionRatio": 0.5
			}
		],
		"*-charred": [
			{
				"type": "Perish",
				"freshHours": { "avg": 378 },
				"transitionHours": { "avg": 80 },
				"transitionedStack": {
					"type": "item",
					"code": "game:rot"
				},
				"transitionRatio": 0.5
			}
		]
	},
	"materialDensity": 600,
	"creativeinventory": {
		"general": [ "*" ],
		"items": [ "*" ], 
		"Long-term food": ["*"]
	},
	"nutritionPropsByType": {
		"*-pickledpotato-partbaked": {
			"satiety": 210,
			"foodcategory": "Vegetable"
		},
		"*-pickledpotato-perfect": {
			"satiety": 250,
			"foodcategory": "Vegetable"
		},
		"*-pickledpotato-charred": {
			"satiety": 180,
			"foodcategory": "Vegetable"
		},
		"*-corn-partbaked": {
			"satiety": 350,
			"foodcategory": "Vegetable"
		},
		"*-corn-perfect": {
			"satiety": 400,
			"foodcategory": "Vegetable"
		},
		"*-corn-charred": {
			"satiety": 300,
			"foodcategory": "Vegetable"
		},
		"*-potato-partbaked": {
			"satiety": 210,
			"foodcategory": "Vegetable"
		},
		"*-potato-perfect": {
			"satiety": 250,
			"foodcategory": "Vegetable"
		},
		"*-potato-charred": {
			"satiety": 180,
			"foodcategory": "Vegetable"
		}
	},
	"guiTransformByType": {
		"@*-(corn-partbaked|corn-perfect|corn-charred)": {
			"rotation": {
				"x": -37,
				"y": 143,
				"z": 131
			},
			"origin": {
				"x": 0.45,
				"y": 0,
				"z": 0.53
			},
			"scale": 4.13
		},
		"@*-(potato-partbaked|potato-perfect|potato-charred|pickledpotato-partbaked|pickledpotato-perfect|pickledpotato-charred)": {
			"rotation": {
				"x": -37,
				"y": 135,
				"z": -155
			},
			"origin": {
				"x": 0.5,
				"y": 0.1,
				"z": 0.5
			},
			"scale": 5.35
		},
	},
	"tpHandTransformByType": {
		"*-corn-*": {
			"translation": {
				"x": -0.78,
				"y": -0.1,
				"z": -0.58
			},
			"rotation": {
				"x": 68,
				"y": 15,
				"z": 180
			},
			"origin": {
				"x": 0.5,
				"y": 0.1,
				"z": 0.5
			},
			"scale": 0.81
		},
		"*": {
			"translation": {
				"x": -0.72,
				"y": -0.1,
				"z": -0.52
			},
			"rotation": {
				"x": 71,
				"y": 1,
				"z": -48
			},
			"origin": {
				"x": 0.5,
				"y": 0.1,
				"z": 0.5
			},
			"scale": 0.8
	},
	"groundTransformByType": {
		"*": {
			"origin": {
				"x": 0.47,
				"y": 0,
				"z": 0.5
			},
			"scale": 4.3
		}
	}
}