{
  "code": "longmilk",
  "maxstacksize": 64,
  "variantgroups": [{
    "code": "type",
    "states": ["dry"]
  }],
  "attributesByType": {
    "*-dry": {
		"foodTags": ["Dairy"],
		"dissolveInWater": true,
		"displaycaseable": true,
		"shelvable": true,
		"onshelfTransform": {
			"rotation": { "x": 0, "y": 90, "z": 0 },
			"origin": { "x": 0.5, "y": 0, "z": 0.5 },
			"scale": 0.45
		},
		"hydration": -50,
		"nutritionPropsWhenInMeal": {
			"saturation": 100,
			"foodcategory": "Dairy"
		}
	}
  },
  "shapeByType": {
    "*-dry": { "base": "pemmican:item/milk/milk-dry" },
  },
  "creativeinventory": {
    "general": ["*"],
    "items": ["*"],
    "Long-term food": ["*"]
  },
  "nutritionPropsByType": {
    "*-dry":{
		"saturation": 50,
		"foodcategory": "Dairy"}
	},
  "transitionablePropsByType":{
	"*-dry": [{
		"type": "Perish",
		"freshHours": { "avg": 9000 },
		"transitionHours": { "avg": 200 },
		"transitionedStack": {"type": "item","code": "game:rot"},
		"transitionRatio": 1,
	}]
  },
  "guiTransform": {
      "translation": { "x": 0, "y": 0, "z": -25 },
      "rotation": { "x": 171, "y": 57, "z": -20 },
      "origin": { "x": 0.46, "y": 0.08, "z": 0.48 },
      "scale": 2.75
    },
  "fpHandTransform": {
    "translation": { "x": 0.1, "y": 0.16, "z": 0 },
    "rotation": { "x": 37, "y": 77, "z": 2 },
    "origin": { "x": 0.5, "y": 0.1, "z": 0.5 },
    "scale": 1.95
  },
  "tpHandTransform": {
    "translation": { "x": -0.04, "y": -0.6, "z": -0.8 },
    "rotation": { "x": 119, "y": -7, "z": -72 },
    "origin": { "x": -0.1, "y": 0.32, "z": 0.82 },
    "scale": 0.48
  },
  "groundTransform": {
    "translation": { "x": 0, "y": 0, "z": 0 },
    "rotation": { "x": 0, "y": 0, "z": 0 },
    "origin": { "x": 0.5, "y": 0, "z": 0.5 },
    "scale": 3
  },
  "heldRightReadyAnimationByType": {
    "*": "holdbothhands",
  },
  "heldTpIdleAnimationByType": {
    "*": "holdbothhands"
  }
}
