{
  "code": "mushroompatebar",
  "maxstacksize": 16,
  "attributes": {
    "foodTags": ["vegetable"],
    "displaycaseable": true,
    "shelvable": true,
	"onshelfTransform": {
		"rotation": { "x": 0, "y": 90, "z": 0 },
		"origin": { "x": 0.5, "y": 0, "z": 0.5 },
		"scale": 0.96
	},
	"hydration": 100,
	"nutritionPropsWhenInMeal": { "saturation": 690, "foodcategory": "Vegetable" },
  },
  "behaviors": [{ 
		"name": "GroundStorable",
		"properties": {
			"layout": "Stacking",
			"placeRemoveSound": "game:sounds/block/dirt*",
			"stackingModelByType": {
				"*": "game:block/metal/ingotpile",
			},
			"stackingTextures": {
				"metal": "game:item/lore/map-blank",
			},
			"modelItemsToStackSizeRatio": 1,
			"stackingCapacity": 64,
			"transferQuantity": 1,
			"bulkTransferQuantity": 4,
			"collisionBox": { "x1": 0, "y1": 0, "z1": 0, "x2": 1, "y2": 0.125, "z2": 1 },
			"cbScaleYByLayer": 0.125
		}
	}],
  "shape": { "base": "pemmican:item/mushroom/mushroompate-bar" },
  "creativeinventory": {
    "general": ["*"],
    "items": ["*"],
    "Long-term food": ["*"]
  },
  "nutritionProps": {
    "saturation": 650,
    "foodcategory": "Vegetable"
  },
  "transitionableProps": [
    {
      "type": "Perish",
      "freshHours": { "avg": 3600 },
      "transitionHours": { "avg": 600 },
      "transitionedStack": {
        "type": "item",
        "code": "game:rot"
      },
      "transitionRatio": 7
    }
  ],
  "materialDensity": 600,
  "groundTransform": {
    "translation": { "x": 0, "y": 0, "z": 0 },
    "rotation": { "x": 180, "y": 0, "z": 0 },
    "origin": { "x": 0.5, "y": 0.1, "z": 0.6 },
    "scale": 3.11
  },
  "guiTransform": {
    "rotation": { "x": -11, "y": 33, "z": -13 },
    "origin": { "x": 0.8, "y": 0.2, "z": 0 },
    "scale": 3.37
  },
  "fpHandTransform": {
    "translation": { "x": 0, "y": 0.1, "z": 0 },
    "rotation": { "x": 65, "y": 21, "z": -6 },
    "origin": { "x": 0.5, "y": 0.1, "z": 0.5 },
    "scale": 2.15
  },
  "tpHandTransform": {
    "translation": { "x": -0.77, "y": -0.15, "z": -0.64 },
    "rotation": { "x": 0, "y": -71, "z": 18 },
    "origin": { "x": 0.5, "y": 0.1, "z": 0.5 },
    "scale": 0.75
  }
}
