{
  "code": "mushroompate",
  "maxstacksize": 64,
  "variantgroups": [{
      "code": "type",
      "states": ["raw", "dry"]
    }
  ],
  "attributesbyType": {
	    "foodTags": ["vegetable"],
	"*-raw": {
			"displaycaseable": true,
			"shelvable": true,
			"bakingProperties": {
				"temp": 150,
				"levelFrom": 0.25,
				"levelTo": 0.5,
				"startScaleY": 1.25,
				"endScaleY": 1.10,
				"resultCode": "pemmican:mushroompate-dry",
				},
				"hydration": 40,
		},
		"*-dry": {
			"displaycaseable": true,
			"shelvable": true,
			"bakingProperties": {
				"temp": 150,
				"levelFrom": 0.25,
				"levelTo": 0.5,
				"startScaleY": 1.25,
				"endScaleY": 1.10,
				"initialCode": "pemmican:mushroompate-raw",
				},
				"hydration": -20,
		},
		"nutritionPropsWhenInMealByType": {
	  "*-raw": { "saturation": 80, "foodcategory": "Vegetable" },
      "*-dry": { "saturation": 70, "foodcategory": "Vegetable" }
    },
  },
  "shapeByType": {
    "*-raw": { "base": "pemmican:item/mushroom/mushroompate-raw" },
    "*-dry": { "base": "pemmican:item/mushroom/mushroompate-dry" },
  },
  "creativeinventory": { "general": ["*"], "items": ["*"], "Long-term food": ["*"] },
  "nutritionPropsByType": {
    "*-raw": { "saturation": 80, "health": 0, "foodcategory": "Vegetable" },
    "*-dry": { "saturation": 70, "health": 0, "foodcategory": "Vegetable" },
  },
  "transitionablePropsByType": {
		"*-raw": [{
			"type": "Perish",
			"freshHours": { "avg": 430 },
			"transitionHours": { "avg": 24 },
			"transitionedStack": { "type": "item", "code": "game:rot" },
			"transitionRatio": 1
		}],
		"*-dry": [{
			"type": "Perish",
			"freshHours": { "avg": 1300 },
			"transitionHours": { "avg": 72 },
			"transitionedStack": { "type": "item", "code": "game:rot" },
			"transitionRatio": 1
		}]
	},
  "materialDensity": 600,
  "guiTransform": {
      "translation": { "x": 0, "y": 0, "z": -25 },
      "rotation": { "x": 171, "y": 57, "z": -20 },
      "origin": { "x": 0.46, "y": 0.08, "z": 0.48 },
      "scale": 2.75
    },
  "fpHandTransform": {
    "translation": { "x": 0.1, "y": 0.16, "z": 0 },
    "rotation": { "x": 37, "y": 77, "z": 2 },
    "origin": { "x": 0.5, "y": 0.1, "z": 0.5 },
    "scale": 1.95
  },
  "tpHandTransform": {
    "translation": { "x": -0.04, "y": -0.6, "z": -0.8 },
    "rotation": { "x": 119, "y": -7, "z": -72 },
    "origin": { "x": -0.1, "y": 0.32, "z": 0.82 },
    "scale": 0.48
  },
  "groundTransform": {
    "translation": { "x": 0, "y": 0, "z": 0 },
    "rotation": { "x": 0, "y": 0, "z": 0 },
    "origin": { "x": 0.5, "y": 0, "z": 0.5 },
    "scale": 3
  },
  "heldRightReadyAnimationByType": {
    "*": "holdbothhands",
  },
  "heldTpIdleAnimationByType": {
    "*": "holdbothhands"
  }
}
