{
  "code": "pemmican",
  "maxstacksize": 16,
  "variantgroups": [
    {
      "code": "type",
      "states": ["bar"]
    }
  ],
  "attributes": {
    "foodTags": ["meat"],
	"hydration": -200,
    "onshelfTransform": {
      "rotation": { "x": 0, "y": 90, "z": 0 },
      "origin": { "x": 0.51, "y": 0.5, "z": 0.5 }
    },
    "nutritionPropsWhenInMeal": { "saturation": 780, "foodcategory": "Protein" },
    "displaycaseable": true,
    "shelvable": true
  },
  "behaviors": [
	{ 
    "name": "GroundStorable",
    "properties": {
      "layout": "Stacking",
      "placeRemoveSound": "game:block/planks",
      "stackingModel": "game:block/metal/ingotpile",
      "stackingTextures": { "metal": "game:item/food/pemmican-dried" },
      "modelItemsToStackSizeRatio": 1,
      "upSolid": true,
      "stackingCapacity": 64,
      "transferQuantity": 1,
      "bulkTransferQuantity": 4,
      "collisionBox": { "x1": 0, "y1": 0, "z1": 0, "x2": 1, "y2": 0.125, "z2": 1 },
      "cbScaleYByLayer": 0.125
    }
	}
  ],
  "shape": { "base": "pemmican:item/meat/pemmican" },
  "creativeinventory": {
    "general": ["*"],
    "items": ["*"],
    "Long-term food": ["*"]
  },
  "nutritionProps": { "saturation": 780, "health": 0, "foodcategory": "Protein" },
  "combustibleProps": {
      "meltingPoint": 110,
      "meltingDuration": 20,
      "smeltedRatio": 1,
      "smeltingType": "cook",
      "smeltedStack": { "type": "item", "code": "pemmican:pemmican-cooked" },
      "requiresContainer": false
    },
  "transitionableProps": [
      {
        "type": "Perish",
        "freshHours": { "avg": 3600 },
        "transitionHours": { "avg": 600 },
        "transitionedStack": { "type": "item", "code": "game:rot" },
        "transitionRatio": 1
      }],
  "materialDensity": 600,
  "groundTransform": {
    "translation": { "x": 0, "y": 0, "z": 0 },
    "rotation": { "x": 180, "y": 0, "z": 0 },
    "origin": { "x": 0.5, "y": 0.1, "z": 0.6 },
    "scale": 3.11
  },
  "guiTransform": {
    "rotation": { "x": -11, "y": 33, "z": -13 },
    "origin": { "x": 0.8, "y": 0.2, "z": 0 },
    "scale": 3.37
  },
  "fpHandTransform": {
    "translation": { "x": 0, "y": 0.1, "z": 0 },
    "rotation": { "x": 65, "y": 21, "z": -6 },
    "origin": { "x": 0.5, "y": 0.1, "z": 0.5 },
    "scale": 2.15
  },
  "tpHandTransform": {
    "translation": { "x": -0.77, "y": -0.15, "z": -0.64 },
    "rotation": { "x": 0, "y": -71, "z": 18 },
    "origin": { "x": 0.5, "y": 0.1, "z": 0.5 },
    "scale": 0.75
  }
}
