{
	"code": "sugar",
	"maxstacksize": 64,
	"attributes": {
		"dissolveInWater": true,
		"inContainerTexture": { "base": "pemmican:block/barrel/sugar" },
		"dissolveInWater": true,
		"displaycaseable": true,
		"hydration": -100,
		"shelvable": true,
		"nutritionPropsWhenInMeal": {
			"saturation": 450,
			"foodcategory": "Vegetable"
		},
		"onshelfTransform": {
			"rotation": { "x": 0, "y": 90, "z": 0 },
			"origin": { "x": 0.5, "y": 0, "z": 0.45 },
			"scale": 0.65
			},
		"bakingProperties": {
				"temp": 150,
				"levelFrom": 0.25,
				"levelTo": 0.75,
				"startScaleY": 1.0,
				"endScaleY": 0.65,
				"resultCode": "pemmican:caramel-cooked"
		},
	},
	"nutritionProps": {
		"satiety": 450,
		"health": 1,
		"foodcategory": "Fruit"
	},
	"transitionableProps": [
    {
      "type": "Perish",
      "freshHours": { "avg": 2160 },
      "transitionHours": { "avg": 200 },
      "transitionedStack": { "type": "item", "code": "game:rot" },
      "transitionRatio": 1
    }
  ],
	"shape": { "base": "pemmican:item/food/flour" },
	"texture": { "base": "pemmican:block/barrel/sugar" },
	"creativeinventory": {
		"general": [ "*" ],
		"items": [ "*" ], 
		"Long-term food": ["*"]
	},
	"materialDensity": 600,
	"guiTransform": {
		"translation": { "x": 0, "y": 0, "z": -25 },
		"rotation": { "x": 171, "y": 57, "z": -20 },
		"origin": { "x": 0.46, "y": 0.08, "z": 0.48 },
		"scale": 2.75
	},
	"fpHandTransform": {
		"translation": { "x": 0.1, "y": 0.16, "z": 0 },
		"rotation": { "x": 37, "y": 77, "z": 2 },
		"origin": { "x": 0.5, "y": 0.1, "z": 0.5 },
		"scale": 1.95
	},
	"tpHandTransform": {
		"translation": { "x": -0.04, "y": -0.6, "z": -0.8 },
		"rotation": { "x": 119, "y": -7, "z": -72 },
		"origin": { "x": -0.1, "y": 0.32, "z": 0.82 },
		"scale": 0.48
	},
	"groundTransform": {
		"translation": { "x": 0, "y": 0, "z": 0 },
		"rotation": { "x": 0, "y": 0, "z": 0 },
		"origin": { "x": 0.5, "y": 0, "z": 0.5 },
		"scale": 3
	},
	"heldRightReadyAnimationByType": {
		"*": "holdbothhands"
	},
	"heldTpIdleAnimationByType": {
		"*": "holdbothhands"
    }
}