[
  {
    "file": "game:entities/lore/bowtorn",
    "op": "add",
    "path": "/server/behaviors/8/aitasks/1/exhausts",
    "value": false
  },
  {
    "file": "game:entities/lore/bowtorn",
    "op": "add",
    "path": "/server/behaviors/8/aitasks/2/exhausts",
    "value": false
  },
  {
    "file": "game:entities/lore/drifter",
    "op": "add",
    "path": "/server/behaviors/8/aitasks/0/exhausts",
    "value": false
  },
  {
    "file": "game:entities/lore/drifter",
    "op": "add",
    "path": "/server/behaviors/8/aitasks/1/exhausts",
    "value": false
  }
]